phc_code,record_date,total_beds,occupied_beds,available_beds
PHC-DST-A1-01,2024-01-01,6,6,0
PHC-DST-A1-01,2024-01-02,6,6,0
PHC-DST-A1-01,2024-01-03,6,6,0
PHC-DST-A1-01,2024-01-04,6,6,0
PHC-DST-A1-01,2024-01-05,6,4,2
PHC-DST-A1-01,2024-01-06,6,6,0
PHC-DST-A1-01,2024-01-07,6,6,0
PHC-DST-A1-01,2024-01-08,6,6,0
PHC-DST-A1-01,2024-01-09,6,6,0
PHC-DST-A1-01,2024-01-10,6,6,0
PHC-DST-A1-01,2024-01-11,6,6,0
PHC-DST-A1-01,2024-01-12,6,6,0
PHC-DST-A1-01,2024-01-13,6,5,1
PHC-DST-A1-01,2024-01-14,6,6,0
PHC-DST-A1-01,2024-01-15,6,4,2
PHC-DST-A1-01,2024-01-16,6,5,1
PHC-DST-A1-01,2024-01-17,6,1,5
PHC-DST-A1-01,2024-01-18,6,4,2
PHC-DST-A1-01,2024-01-19,6,6,0
PHC-DST-A1-01,2024-01-20,6,4,2
PHC-DST-A1-01,2024-01-21,6,4,2
PHC-DST-A1-01,2024-01-22,6,4,2
PHC-DST-A1-01,2024-01-23,6,5,1
PHC-DST-A1-01,2024-01-24,6,4,2
PHC-DST-A1-01,2024-01-25,6,4,2
PHC-DST-A1-01,2024-01-26,6,4,2
PHC-DST-A1-01,2024-01-27,6,6,0
PHC-DST-A1-01,2024-01-28,6,6,0
PHC-DST-A1-01,2024-01-29,6,6,0
PHC-DST-A1-01,2024-01-30,6,6,0
PHC-DST-A1-01,2024-01-31,6,6,0
PHC-DST-A1-01,2024-02-01,6,6,0
PHC-DST-A1-01,2024-02-02,6,3,3
PHC-DST-A1-01,2024-02-03,6,3,3
PHC-DST-A1-01,2024-02-04,6,5,1
PHC-DST-A1-01,2024-02-05,6,6,0
PHC-DST-A1-01,2024-02-06,6,6,0
PHC-DST-A1-01,2024-02-07,6,6,0
PHC-DST-A1-01,2024-02-08,6,6,0
PHC-DST-A1-01,2024-02-09,6,2,4
PHC-DST-A1-01,2024-02-10,6,4,2
PHC-DST-A1-01,2024-02-11,6,5,1
PHC-DST-A1-01,2024-02-12,6,5,1
PHC-DST-A1-01,2024-02-13,6,6,0
PHC-DST-A1-01,2024-02-14,6,6,0
PHC-DST-A1-01,2024-02-15,6,6,0
PHC-DST-A1-01,2024-02-16,6,6,0
PHC-DST-A1-01,2024-02-17,6,2,4
PHC-DST-A1-01,2024-02-18,6,6,0
PHC-DST-A1-01,2024-02-19,6,6,0
PHC-DST-A1-01,2024-02-20,6,6,0
PHC-DST-A1-01,2024-02-21,6,6,0
PHC-DST-A1-01,2024-02-22,6,5,1
PHC-DST-A1-01,2024-02-23,6,6,0
PHC-DST-A1-01,2024-02-24,6,3,3
PHC-DST-A1-01,2024-02-25,6,6,0
PHC-DST-A1-01,2024-02-26,6,4,2
PHC-DST-A1-01,2024-02-27,6,5,1
PHC-DST-A1-01,2024-02-28,6,4,2
PHC-DST-A1-01,2024-02-29,6,6,0
PHC-DST-A1-01,2024-03-01,6,6,0
PHC-DST-A1-01,2024-03-02,6,5,1
PHC-DST-A1-01,2024-03-03,6,5,1
PHC-DST-A1-01,2024-03-04,6,6,0
PHC-DST-A1-01,2024-03-05,6,6,0
PHC-DST-A1-01,2024-03-06,6,5,1
PHC-DST-A1-01,2024-03-07,6,6,0
PHC-DST-A1-01,2024-03-08,6,5,1
PHC-DST-A1-01,2024-03-09,6,2,4
PHC-DST-A1-01,2024-03-10,6,5,1
PHC-DST-A1-01,2024-03-11,6,6,0
PHC-DST-A1-01,2024-03-12,6,6,0
PHC-DST-A1-01,2024-03-13,6,4,2
PHC-DST-A1-01,2024-03-14,6,2,4
PHC-DST-A1-01,2024-03-15,6,4,2
PHC-DST-A1-01,2024-03-16,6,4,2
PHC-DST-A1-01,2024-03-17,6,6,0
PHC-DST-A1-01,2024-03-18,6,6,0
PHC-DST-A1-01,2024-03-19,6,5,1
PHC-DST-A1-01,2024-03-20,6,6,0
PHC-DST-A1-01,2024-03-21,6,6,0
PHC-DST-A1-01,2024-03-22,6,6,0
PHC-DST-A1-01,2024-03-23,6,5,1
PHC-DST-A1-01,2024-03-24,6,6,0
PHC-DST-A1-01,2024-03-25,6,6,0
PHC-DST-A1-01,2024-03-26,6,6,0
PHC-DST-A1-01,2024-03-27,6,6,0
PHC-DST-A1-01,2024-03-28,6,6,0
PHC-DST-A1-01,2024-03-29,6,6,0
PHC-DST-A1-01,2024-03-30,6,5,1
PHC-DST-A1-01,2024-03-31,6,3,3
PHC-DST-A1-01,2024-04-01,6,4,2
PHC-DST-A1-01,2024-04-02,6,6,0
PHC-DST-A1-01,2024-04-03,6,4,2
PHC-DST-A1-01,2024-04-04,6,5,1
PHC-DST-A1-01,2024-04-05,6,6,0
PHC-DST-A1-01,2024-04-06,6,6,0
PHC-DST-A1-01,2024-04-07,6,4,2
PHC-DST-A1-01,2024-04-08,6,6,0
PHC-DST-A1-01,2024-04-09,6,6,0
PHC-DST-A1-01,2024-04-10,6,6,0
PHC-DST-A1-01,2024-04-11,6,5,1
PHC-DST-A1-01,2024-04-12,6,5,1
PHC-DST-A1-01,2024-04-13,6,6,0
PHC-DST-A1-01,2024-04-14,6,4,2
PHC-DST-A1-01,2024-04-15,6,4,2
PHC-DST-A1-01,2024-04-16,6,5,1
PHC-DST-A1-01,2024-04-17,6,6,0
PHC-DST-A1-01,2024-04-18,6,4,2
PHC-DST-A1-01,2024-04-19,6,4,2
PHC-DST-A1-01,2024-04-20,6,6,0
PHC-DST-A1-01,2024-04-21,6,4,2
PHC-DST-A1-01,2024-04-22,6,4,2
PHC-DST-A1-01,2024-04-23,6,5,1
PHC-DST-A1-01,2024-04-24,6,6,0
PHC-DST-A1-01,2024-04-25,6,5,1
PHC-DST-A1-01,2024-04-26,6,6,0
PHC-DST-A1-01,2024-04-27,6,5,1
PHC-DST-A1-01,2024-04-28,6,5,1
PHC-DST-A1-01,2024-04-29,6,6,0
PHC-DST-A1-01,2024-04-30,6,4,2
PHC-DST-A1-01,2024-05-01,6,6,0
PHC-DST-A1-01,2024-05-02,6,6,0
PHC-DST-A1-01,2024-05-03,6,6,0
PHC-DST-A1-01,2024-05-04,6,3,3
PHC-DST-A1-01,2024-05-05,6,6,0
PHC-DST-A1-01,2024-05-06,6,6,0
PHC-DST-A1-01,2024-05-07,6,5,1
PHC-DST-A1-01,2024-05-08,6,5,1
PHC-DST-A1-01,2024-05-09,6,6,0
PHC-DST-A1-01,2024-05-10,6,6,0
PHC-DST-A1-01,2024-05-11,6,5,1
PHC-DST-A1-01,2024-05-12,6,6,0
PHC-DST-A1-01,2024-05-13,6,6,0
PHC-DST-A1-01,2024-05-14,6,3,3
PHC-DST-A1-01,2024-05-15,6,4,2
PHC-DST-A1-01,2024-05-16,6,5,1
PHC-DST-A1-01,2024-05-17,6,4,2
PHC-DST-A1-01,2024-05-18,6,3,3
PHC-DST-A1-01,2024-05-19,6,5,1
PHC-DST-A1-01,2024-05-20,6,6,0
PHC-DST-A1-01,2024-05-21,6,6,0
PHC-DST-A1-01,2024-05-22,6,6,0
PHC-DST-A1-01,2024-05-23,6,6,0
PHC-DST-A1-01,2024-05-24,6,6,0
PHC-DST-A1-01,2024-05-25,6,6,0
PHC-DST-A1-01,2024-05-26,6,6,0
PHC-DST-A1-01,2024-05-27,6,4,2
PHC-DST-A1-01,2024-05-28,6,4,2
PHC-DST-A1-01,2024-05-29,6,6,0
PHC-DST-A1-01,2024-05-30,6,4,2
PHC-DST-A1-01,2024-05-31,6,3,3
PHC-DST-A1-01,2024-06-01,6,6,0
PHC-DST-A1-01,2024-06-02,6,6,0
PHC-DST-A1-01,2024-06-03,6,6,0
PHC-DST-A1-01,2024-06-04,6,5,1
PHC-DST-A1-01,2024-06-05,6,3,3
PHC-DST-A1-01,2024-06-06,6,6,0
PHC-DST-A1-01,2024-06-07,6,6,0
PHC-DST-A1-01,2024-06-08,6,6,0
PHC-DST-A1-01,2024-06-09,6,3,3
PHC-DST-A1-01,2024-06-10,6,4,2
PHC-DST-A1-01,2024-06-11,6,5,1
PHC-DST-A1-01,2024-06-12,6,6,0
PHC-DST-A1-01,2024-06-13,6,6,0
PHC-DST-A1-01,2024-06-14,6,6,0
PHC-DST-A1-01,2024-06-15,6,6,0
PHC-DST-A1-01,2024-06-16,6,4,2
PHC-DST-A1-01,2024-06-17,6,6,0
PHC-DST-A1-01,2024-06-18,6,4,2
PHC-DST-A1-01,2024-06-19,6,4,2
PHC-DST-A1-01,2024-06-20,6,3,3
PHC-DST-A1-01,2024-06-21,6,5,1
PHC-DST-A1-01,2024-06-22,6,6,0
PHC-DST-A1-01,2024-06-23,6,6,0
PHC-DST-A1-01,2024-06-24,6,6,0
PHC-DST-A1-01,2024-06-25,6,6,0
PHC-DST-A1-01,2024-06-26,6,6,0
PHC-DST-A1-01,2024-06-27,6,6,0
PHC-DST-A1-01,2024-06-28,6,6,0
PHC-DST-A1-01,2024-06-29,6,4,2
PHC-DST-A1-01,2024-06-30,6,6,0
PHC-DST-A1-01,2024-07-01,6,5,1
PHC-DST-A1-01,2024-07-02,6,5,1
PHC-DST-A1-01,2024-07-03,6,6,0
PHC-DST-A1-01,2024-07-04,6,6,0
PHC-DST-A1-01,2024-07-05,6,6,0
PHC-DST-A1-01,2024-07-06,6,6,0
PHC-DST-A1-01,2024-07-07,6,3,3
PHC-DST-A1-01,2024-07-08,6,6,0
PHC-DST-A1-01,2024-07-09,6,6,0
PHC-DST-A1-01,2024-07-10,6,6,0
PHC-DST-A1-01,2024-07-11,6,6,0
PHC-DST-A1-01,2024-07-12,6,6,0
PHC-DST-A1-01,2024-07-13,6,5,1
PHC-DST-A1-01,2024-07-14,6,6,0
PHC-DST-A1-01,2024-07-15,6,6,0
PHC-DST-A1-01,2024-07-16,6,6,0
PHC-DST-A1-01,2024-07-17,6,6,0
PHC-DST-A1-01,2024-07-18,6,6,0
PHC-DST-A1-01,2024-07-19,6,6,0
PHC-DST-A1-01,2024-07-20,6,6,0
PHC-DST-A1-01,2024-07-21,6,5,1
PHC-DST-A1-01,2024-07-22,6,6,0
PHC-DST-A1-01,2024-07-23,6,6,0
PHC-DST-A1-01,2024-07-24,6,6,0
PHC-DST-A1-01,2024-07-25,6,4,2
PHC-DST-A1-01,2024-07-26,6,4,2
PHC-DST-A1-01,2024-07-27,6,5,1
PHC-DST-A1-01,2024-07-28,6,6,0
PHC-DST-A1-01,2024-07-29,6,6,0
PHC-DST-A1-01,2024-07-30,6,6,0
PHC-DST-A1-01,2024-07-31,6,6,0
PHC-DST-A1-01,2024-08-01,6,6,0
PHC-DST-A1-01,2024-08-02,6,6,0
PHC-DST-A1-01,2024-08-03,6,6,0
PHC-DST-A1-01,2024-08-04,6,4,2
PHC-DST-A1-01,2024-08-05,6,6,0
PHC-DST-A1-01,2024-08-06,6,6,0
PHC-DST-A1-01,2024-08-07,6,5,1
PHC-DST-A1-01,2024-08-08,6,6,0
PHC-DST-A1-01,2024-08-09,6,3,3
PHC-DST-A1-01,2024-08-10,6,4,2
PHC-DST-A1-01,2024-08-11,6,6,0
PHC-DST-A1-01,2024-08-12,6,6,0
PHC-DST-A1-01,2024-08-13,6,6,0
PHC-DST-A1-01,2024-08-14,6,5,1
PHC-DST-A1-01,2024-08-15,6,6,0
PHC-DST-A1-01,2024-08-16,6,6,0
PHC-DST-A1-01,2024-08-17,6,6,0
PHC-DST-A1-01,2024-08-18,6,3,3
PHC-DST-A1-01,2024-08-19,6,6,0
PHC-DST-A1-01,2024-08-20,6,6,0
PHC-DST-A1-01,2024-08-21,6,6,0
PHC-DST-A1-01,2024-08-22,6,6,0
PHC-DST-A1-01,2024-08-23,6,6,0
PHC-DST-A1-01,2024-08-24,6,6,0
PHC-DST-A1-01,2024-08-25,6,6,0
PHC-DST-A1-01,2024-08-26,6,4,2
PHC-DST-A1-01,2024-08-27,6,3,3
PHC-DST-A1-01,2024-08-28,6,6,0
PHC-DST-A1-01,2024-08-29,6,6,0
PHC-DST-A1-01,2024-08-30,6,5,1
PHC-DST-A1-01,2024-08-31,6,6,0
PHC-DST-A1-01,2024-09-01,6,4,2
PHC-DST-A1-01,2024-09-02,6,6,0
PHC-DST-A1-01,2024-09-03,6,6,0
PHC-DST-A1-01,2024-09-04,6,6,0
PHC-DST-A1-01,2024-09-05,6,6,0
PHC-DST-A1-01,2024-09-06,6,6,0
PHC-DST-A1-01,2024-09-07,6,6,0
PHC-DST-A1-01,2024-09-08,6,5,1
PHC-DST-A1-01,2024-09-09,6,5,1
PHC-DST-A1-01,2024-09-10,6,2,4
PHC-DST-A1-01,2024-09-11,6,3,3
PHC-DST-A1-01,2024-09-12,6,6,0
PHC-DST-A1-01,2024-09-13,6,5,1
PHC-DST-A1-01,2024-09-14,6,5,1
PHC-DST-A1-01,2024-09-15,6,6,0
PHC-DST-A1-01,2024-09-16,6,6,0
PHC-DST-A1-01,2024-09-17,6,6,0
PHC-DST-A1-01,2024-09-18,6,4,2
PHC-DST-A1-01,2024-09-19,6,6,0
PHC-DST-A1-01,2024-09-20,6,6,0
PHC-DST-A1-01,2024-09-21,6,6,0
PHC-DST-A1-01,2024-09-22,6,3,3
PHC-DST-A1-01,2024-09-23,6,6,0
PHC-DST-A1-01,2024-09-24,6,6,0
PHC-DST-A1-01,2024-09-25,6,6,0
PHC-DST-A1-01,2024-09-26,6,4,2
PHC-DST-A1-01,2024-09-27,6,3,3
PHC-DST-A1-01,2024-09-28,6,6,0
PHC-DST-A1-01,2024-09-29,6,6,0
PHC-DST-A1-01,2024-09-30,6,6,0
PHC-DST-A1-01,2024-10-01,6,5,1
PHC-DST-A1-01,2024-10-02,6,6,0
PHC-DST-A1-01,2024-10-03,6,6,0
PHC-DST-A1-01,2024-10-04,6,6,0
PHC-DST-A1-01,2024-10-05,6,3,3
PHC-DST-A1-01,2024-10-06,6,4,2
PHC-DST-A1-01,2024-10-07,6,4,2
PHC-DST-A1-01,2024-10-08,6,2,4
PHC-DST-A1-01,2024-10-09,6,5,1
PHC-DST-A1-01,2024-10-10,6,6,0
PHC-DST-A1-01,2024-10-11,6,5,1
PHC-DST-A1-01,2024-10-12,6,6,0
PHC-DST-A1-01,2024-10-13,6,6,0
PHC-DST-A1-01,2024-10-14,6,5,1
PHC-DST-A1-01,2024-10-15,6,4,2
PHC-DST-A1-01,2024-10-16,6,5,1
PHC-DST-A1-01,2024-10-17,6,6,0
PHC-DST-A1-01,2024-10-18,6,6,0
PHC-DST-A1-01,2024-10-19,6,3,3
PHC-DST-A1-01,2024-10-20,6,4,2
PHC-DST-A1-01,2024-10-21,6,6,0
PHC-DST-A1-01,2024-10-22,6,6,0
PHC-DST-A1-01,2024-10-23,6,6,0
PHC-DST-A1-01,2024-10-24,6,6,0
PHC-DST-A1-01,2024-10-25,6,6,0
PHC-DST-A1-01,2024-10-26,6,6,0
PHC-DST-A1-01,2024-10-27,6,5,1
PHC-DST-A1-01,2024-10-28,6,6,0
PHC-DST-A1-01,2024-10-29,6,6,0
PHC-DST-A1-01,2024-10-30,6,5,1
PHC-DST-A1-01,2024-10-31,6,6,0
PHC-DST-A1-01,2024-11-01,6,3,3
PHC-DST-A1-01,2024-11-02,6,6,0
PHC-DST-A1-01,2024-11-03,6,6,0
PHC-DST-A1-01,2024-11-04,6,6,0
PHC-DST-A1-01,2024-11-05,6,6,0
PHC-DST-A1-01,2024-11-06,6,4,2
PHC-DST-A1-01,2024-11-07,6,5,1
PHC-DST-A1-01,2024-11-08,6,6,0
PHC-DST-A1-01,2024-11-09,6,6,0
PHC-DST-A1-01,2024-11-10,6,6,0
PHC-DST-A1-01,2024-11-11,6,6,0
PHC-DST-A1-01,2024-11-12,6,4,2
PHC-DST-A1-01,2024-11-13,6,6,0
PHC-DST-A1-01,2024-11-14,6,6,0
PHC-DST-A1-01,2024-11-15,6,6,0
PHC-DST-A1-01,2024-11-16,6,6,0
PHC-DST-A1-01,2024-11-17,6,5,1
PHC-DST-A1-01,2024-11-18,6,5,1
PHC-DST-A1-01,2024-11-19,6,6,0
PHC-DST-A1-01,2024-11-20,6,6,0
PHC-DST-A1-01,2024-11-21,6,6,0
PHC-DST-A1-01,2024-11-22,6,4,2
PHC-DST-A1-01,2024-11-23,6,4,2
PHC-DST-A1-01,2024-11-24,6,6,0
PHC-DST-A1-01,2024-11-25,6,5,1
PHC-DST-A1-01,2024-11-26,6,6,0
PHC-DST-A1-01,2024-11-27,6,2,4
PHC-DST-A1-01,2024-11-28,6,4,2
PHC-DST-A1-01,2024-11-29,6,5,1
PHC-DST-A1-01,2024-11-30,6,5,1
PHC-DST-A1-01,2024-12-01,6,6,0
PHC-DST-A1-01,2024-12-02,6,6,0
PHC-DST-A1-01,2024-12-03,6,6,0
PHC-DST-A1-01,2024-12-04,6,5,1
PHC-DST-A1-01,2024-12-05,6,5,1
PHC-DST-A1-01,2024-12-06,6,6,0
PHC-DST-A1-01,2024-12-07,6,6,0
PHC-DST-A1-01,2024-12-08,6,4,2
PHC-DST-A1-01,2024-12-09,6,6,0
PHC-DST-A1-01,2024-12-10,6,6,0
PHC-DST-A1-01,2024-12-11,6,6,0
PHC-DST-A1-01,2024-12-12,6,2,4
PHC-DST-A1-01,2024-12-13,6,6,0
PHC-DST-A1-01,2024-12-14,6,4,2
PHC-DST-A1-01,2024-12-15,6,6,0
PHC-DST-A1-01,2024-12-16,6,4,2
PHC-DST-A1-01,2024-12-17,6,6,0
PHC-DST-A1-01,2024-12-18,6,6,0
PHC-DST-A1-01,2024-12-19,6,2,4
PHC-DST-A1-01,2024-12-20,6,6,0
PHC-DST-A1-01,2024-12-21,6,4,2
PHC-DST-A1-01,2024-12-22,6,6,0
PHC-DST-A1-01,2024-12-23,6,5,1
PHC-DST-A1-01,2024-12-24,6,6,0
PHC-DST-A1-01,2024-12-25,6,5,1
PHC-DST-A1-01,2024-12-26,6,6,0
PHC-DST-A1-01,2024-12-27,6,6,0
PHC-DST-A1-01,2024-12-28,6,6,0
PHC-DST-A1-01,2024-12-29,6,6,0
PHC-DST-A1-01,2024-12-30,6,6,0
PHC-DST-A1-01,2024-12-31,6,6,0
PHC-DST-A1-01,2025-01-01,6,3,3
PHC-DST-A1-01,2025-01-02,6,6,0
PHC-DST-A1-01,2025-01-03,6,5,1
PHC-DST-A1-01,2025-01-04,6,4,2
PHC-DST-A1-01,2025-01-05,6,6,0
PHC-DST-A1-01,2025-01-06,6,4,2
PHC-DST-A1-01,2025-01-07,6,5,1
PHC-DST-A1-01,2025-01-08,6,3,3
PHC-DST-A1-01,2025-01-09,6,6,0
PHC-DST-A1-01,2025-01-10,6,4,2
PHC-DST-A1-01,2025-01-11,6,3,3
PHC-DST-A1-01,2025-01-12,6,6,0
PHC-DST-A1-01,2025-01-13,6,4,2
PHC-DST-A1-01,2025-01-14,6,6,0
PHC-DST-A1-01,2025-01-15,6,6,0
PHC-DST-A1-01,2025-01-16,6,6,0
PHC-DST-A1-01,2025-01-17,6,5,1
PHC-DST-A1-01,2025-01-18,6,6,0
PHC-DST-A1-01,2025-01-19,6,6,0
PHC-DST-A1-01,2025-01-20,6,5,1
PHC-DST-A1-01,2025-01-21,6,5,1
PHC-DST-A1-01,2025-01-22,6,2,4
PHC-DST-A1-01,2025-01-23,6,4,2
PHC-DST-A1-01,2025-01-24,6,6,0
PHC-DST-A1-01,2025-01-25,6,6,0
PHC-DST-A1-01,2025-01-26,6,6,0
PHC-DST-A1-01,2025-01-27,6,6,0
PHC-DST-A1-01,2025-01-28,6,3,3
PHC-DST-A1-01,2025-01-29,6,5,1
PHC-DST-A1-01,2025-01-30,6,6,0
PHC-DST-A1-01,2025-01-31,6,6,0
PHC-DST-A1-01,2025-02-01,6,4,2
PHC-DST-A1-01,2025-02-02,6,3,3
PHC-DST-A1-01,2025-02-03,6,5,1
PHC-DST-A1-01,2025-02-04,6,6,0
PHC-DST-A1-01,2025-02-05,6,6,0
PHC-DST-A1-01,2025-02-06,6,4,2
PHC-DST-A1-01,2025-02-07,6,5,1
PHC-DST-A1-01,2025-02-08,6,3,3
PHC-DST-A1-01,2025-02-09,6,2,4
PHC-DST-A1-01,2025-02-10,6,3,3
PHC-DST-A1-01,2025-02-11,6,3,3
PHC-DST-A1-01,2025-02-12,6,4,2
PHC-DST-A1-01,2025-02-13,6,6,0
PHC-DST-A1-01,2025-02-14,6,4,2
PHC-DST-A1-01,2025-02-15,6,6,0
PHC-DST-A1-01,2025-02-16,6,6,0
PHC-DST-A1-01,2025-02-17,6,5,1
PHC-DST-A1-01,2025-02-18,6,5,1
PHC-DST-A1-01,2025-02-19,6,6,0
PHC-DST-A1-01,2025-02-20,6,4,2
PHC-DST-A1-01,2025-02-21,6,6,0
PHC-DST-A1-01,2025-02-22,6,6,0
PHC-DST-A1-01,2025-02-23,6,5,1
PHC-DST-A1-01,2025-02-24,6,4,2
PHC-DST-A1-01,2025-02-25,6,4,2
PHC-DST-A1-01,2025-02-26,6,5,1
PHC-DST-A1-01,2025-02-27,6,5,1
PHC-DST-A1-01,2025-02-28,6,4,2
PHC-DST-A1-01,2025-03-01,6,6,0
PHC-DST-A1-01,2025-03-02,6,5,1
PHC-DST-A1-01,2025-03-03,6,6,0
PHC-DST-A1-01,2025-03-04,6,6,0
PHC-DST-A1-01,2025-03-05,6,6,0
PHC-DST-A1-01,2025-03-06,6,6,0
PHC-DST-A1-01,2025-03-07,6,6,0
PHC-DST-A1-01,2025-03-08,6,3,3
PHC-DST-A1-01,2025-03-09,6,3,3
PHC-DST-A1-01,2025-03-10,6,5,1
PHC-DST-A1-01,2025-03-11,6,5,1
PHC-DST-A1-01,2025-03-12,6,4,2
PHC-DST-A1-01,2025-03-13,6,5,1
PHC-DST-A1-01,2025-03-14,6,6,0
PHC-DST-A1-01,2025-03-15,6,6,0
PHC-DST-A1-01,2025-03-16,6,5,1
PHC-DST-A1-01,2025-03-17,6,5,1
PHC-DST-A1-01,2025-03-18,6,2,4
PHC-DST-A1-01,2025-03-19,6,5,1
PHC-DST-A1-01,2025-03-20,6,6,0
PHC-DST-A1-01,2025-03-21,6,4,2
PHC-DST-A1-01,2025-03-22,6,5,1
PHC-DST-A1-01,2025-03-23,6,5,1
PHC-DST-A1-01,2025-03-24,6,6,0
PHC-DST-A1-01,2025-03-25,6,6,0
PHC-DST-A1-01,2025-03-26,6,6,0
PHC-DST-A1-01,2025-03-27,6,5,1
PHC-DST-A1-01,2025-03-28,6,6,0
PHC-DST-A1-01,2025-03-29,6,5,1
PHC-DST-A1-01,2025-03-30,6,6,0
PHC-DST-A1-01,2025-03-31,6,5,1
PHC-DST-A1-01,2025-04-01,6,4,2
PHC-DST-A1-01,2025-04-02,6,3,3
PHC-DST-A1-01,2025-04-03,6,6,0
PHC-DST-A1-01,2025-04-04,6,6,0
PHC-DST-A1-01,2025-04-05,6,6,0
PHC-DST-A1-01,2025-04-06,6,6,0
PHC-DST-A1-01,2025-04-07,6,5,1
PHC-DST-A1-01,2025-04-08,6,6,0
PHC-DST-A1-01,2025-04-09,6,6,0
PHC-DST-A1-01,2025-04-10,6,5,1
PHC-DST-A1-01,2025-04-11,6,6,0
PHC-DST-A1-01,2025-04-12,6,6,0
PHC-DST-A1-01,2025-04-13,6,5,1
PHC-DST-A1-01,2025-04-14,6,5,1
PHC-DST-A1-01,2025-04-15,6,6,0
PHC-DST-A1-01,2025-04-16,6,5,1
PHC-DST-A1-01,2025-04-17,6,3,3
PHC-DST-A1-01,2025-04-18,6,4,2
PHC-DST-A1-01,2025-04-19,6,5,1
PHC-DST-A1-01,2025-04-20,6,6,0
PHC-DST-A1-01,2025-04-21,6,4,2
PHC-DST-A1-01,2025-04-22,6,6,0
PHC-DST-A1-01,2025-04-23,6,6,0
PHC-DST-A1-01,2025-04-24,6,3,3
PHC-DST-A1-01,2025-04-25,6,6,0
PHC-DST-A1-01,2025-04-26,6,4,2
PHC-DST-A1-01,2025-04-27,6,4,2
PHC-DST-A1-01,2025-04-28,6,5,1
PHC-DST-A1-01,2025-04-29,6,6,0
PHC-DST-A1-01,2025-04-30,6,6,0
PHC-DST-A1-01,2025-05-01,6,2,4
PHC-DST-A1-01,2025-05-02,6,1,5
PHC-DST-A1-01,2025-05-03,6,5,1
PHC-DST-A1-01,2025-05-04,6,2,4
PHC-DST-A1-01,2025-05-05,6,6,0
PHC-DST-A1-01,2025-05-06,6,6,0
PHC-DST-A1-01,2025-05-07,6,4,2
PHC-DST-A1-01,2025-05-08,6,5,1
PHC-DST-A1-01,2025-05-09,6,4,2
PHC-DST-A1-01,2025-05-10,6,5,1
PHC-DST-A1-01,2025-05-11,6,6,0
PHC-DST-A1-01,2025-05-12,6,4,2
PHC-DST-A1-01,2025-05-13,6,2,4
PHC-DST-A1-01,2025-05-14,6,6,0
PHC-DST-A1-01,2025-05-15,6,5,1
PHC-DST-A1-01,2025-05-16,6,6,0
PHC-DST-A1-01,2025-05-17,6,6,0
PHC-DST-A1-01,2025-05-18,6,6,0
PHC-DST-A1-01,2025-05-19,6,4,2
PHC-DST-A1-01,2025-05-20,6,6,0
PHC-DST-A1-01,2025-05-21,6,5,1
PHC-DST-A1-01,2025-05-22,6,4,2
PHC-DST-A1-01,2025-05-23,6,6,0
PHC-DST-A1-01,2025-05-24,6,6,0
PHC-DST-A1-01,2025-05-25,6,6,0
PHC-DST-A1-01,2025-05-26,6,2,4
PHC-DST-A1-01,2025-05-27,6,5,1
PHC-DST-A1-01,2025-05-28,6,6,0
PHC-DST-A1-01,2025-05-29,6,4,2
PHC-DST-A1-01,2025-05-30,6,6,0
PHC-DST-A1-01,2025-05-31,6,6,0
PHC-DST-A1-01,2025-06-01,6,6,0
PHC-DST-A1-01,2025-06-02,6,6,0
PHC-DST-A1-01,2025-06-03,6,6,0
PHC-DST-A1-01,2025-06-04,6,6,0
PHC-DST-A1-01,2025-06-05,6,4,2
PHC-DST-A1-01,2025-06-06,6,6,0
PHC-DST-A1-01,2025-06-07,6,5,1
PHC-DST-A1-01,2025-06-08,6,6,0
PHC-DST-A1-01,2025-06-09,6,3,3
PHC-DST-A1-01,2025-06-10,6,6,0
PHC-DST-A1-01,2025-06-11,6,5,1
PHC-DST-A1-01,2025-06-12,6,6,0
PHC-DST-A1-01,2025-06-13,6,6,0
PHC-DST-A1-01,2025-06-14,6,6,0
PHC-DST-A1-01,2025-06-15,6,6,0
PHC-DST-A1-01,2025-06-16,6,6,0
PHC-DST-A1-01,2025-06-17,6,4,2
PHC-DST-A1-01,2025-06-18,6,1,5
PHC-DST-A1-01,2025-06-19,6,6,0
PHC-DST-A1-01,2025-06-20,6,6,0
PHC-DST-A1-01,2025-06-21,6,6,0
PHC-DST-A1-01,2025-06-22,6,5,1
PHC-DST-A1-01,2025-06-23,6,4,2
PHC-DST-A1-01,2025-06-24,6,6,0
PHC-DST-A1-01,2025-06-25,6,6,0
PHC-DST-A1-01,2025-06-26,6,2,4
PHC-DST-A1-01,2025-06-27,6,4,2
PHC-DST-A1-01,2025-06-28,6,5,1
PHC-DST-A1-01,2025-06-29,6,6,0
PHC-DST-A1-01,2025-06-30,6,6,0
PHC-DST-A1-02,2024-01-01,8,3,5
PHC-DST-A1-02,2024-01-02,8,5,3
PHC-DST-A1-02,2024-01-03,8,3,5
PHC-DST-A1-02,2024-01-04,8,3,5
PHC-DST-A1-02,2024-01-05,8,5,3
PHC-DST-A1-02,2024-01-06,8,7,1
PHC-DST-A1-02,2024-01-07,8,6,2
PHC-DST-A1-02,2024-01-08,8,6,2
PHC-DST-A1-02,2024-01-09,8,7,1
PHC-DST-A1-02,2024-01-10,8,8,0
PHC-DST-A1-02,2024-01-11,8,7,1
PHC-DST-A1-02,2024-01-12,8,8,0
PHC-DST-A1-02,2024-01-13,8,8,0
PHC-DST-A1-02,2024-01-14,8,5,3
PHC-DST-A1-02,2024-01-15,8,4,4
PHC-DST-A1-02,2024-01-16,8,4,4
PHC-DST-A1-02,2024-01-17,8,4,4
PHC-DST-A1-02,2024-01-18,8,4,4
PHC-DST-A1-02,2024-01-19,8,8,0
PHC-DST-A1-02,2024-01-20,8,6,2
PHC-DST-A1-02,2024-01-21,8,8,0
PHC-DST-A1-02,2024-01-22,8,3,5
PHC-DST-A1-02,2024-01-23,8,7,1
PHC-DST-A1-02,2024-01-24,8,3,5
PHC-DST-A1-02,2024-01-25,8,4,4
PHC-DST-A1-02,2024-01-26,8,8,0
PHC-DST-A1-02,2024-01-27,8,4,4
PHC-DST-A1-02,2024-01-28,8,7,1
PHC-DST-A1-02,2024-01-29,8,8,0
PHC-DST-A1-02,2024-01-30,8,4,4
PHC-DST-A1-02,2024-01-31,8,5,3
PHC-DST-A1-02,2024-02-01,8,7,1
PHC-DST-A1-02,2024-02-02,8,5,3
PHC-DST-A1-02,2024-02-03,8,5,3
PHC-DST-A1-02,2024-02-04,8,4,4
PHC-DST-A1-02,2024-02-05,8,5,3
PHC-DST-A1-02,2024-02-06,8,6,2
PHC-DST-A1-02,2024-02-07,8,6,2
PHC-DST-A1-02,2024-02-08,8,8,0
PHC-DST-A1-02,2024-02-09,8,8,0
PHC-DST-A1-02,2024-02-10,8,6,2
PHC-DST-A1-02,2024-02-11,8,8,0
PHC-DST-A1-02,2024-02-12,8,5,3
PHC-DST-A1-02,2024-02-13,8,5,3
PHC-DST-A1-02,2024-02-14,8,4,4
PHC-DST-A1-02,2024-02-15,8,3,5
PHC-DST-A1-02,2024-02-16,8,8,0
PHC-DST-A1-02,2024-02-17,8,2,6
PHC-DST-A1-02,2024-02-18,8,5,3
PHC-DST-A1-02,2024-02-19,8,5,3
PHC-DST-A1-02,2024-02-20,8,5,3
PHC-DST-A1-02,2024-02-21,8,6,2
PHC-DST-A1-02,2024-02-22,8,3,5
PHC-DST-A1-02,2024-02-23,8,8,0
PHC-DST-A1-02,2024-02-24,8,5,3
PHC-DST-A1-02,2024-02-25,8,8,0
PHC-DST-A1-02,2024-02-26,8,8,0
PHC-DST-A1-02,2024-02-27,8,5,3
PHC-DST-A1-02,2024-02-28,8,5,3
PHC-DST-A1-02,2024-02-29,8,5,3
PHC-DST-A1-02,2024-03-01,8,2,6
PHC-DST-A1-02,2024-03-02,8,6,2
PHC-DST-A1-02,2024-03-03,8,4,4
PHC-DST-A1-02,2024-03-04,8,4,4
PHC-DST-A1-02,2024-03-05,8,4,4
PHC-DST-A1-02,2024-03-06,8,6,2
PHC-DST-A1-02,2024-03-07,8,8,0
PHC-DST-A1-02,2024-03-08,8,4,4
PHC-DST-A1-02,2024-03-09,8,4,4
PHC-DST-A1-02,2024-03-10,8,6,2
PHC-DST-A1-02,2024-03-11,8,4,4
PHC-DST-A1-02,2024-03-12,8,6,2
PHC-DST-A1-02,2024-03-13,8,7,1
PHC-DST-A1-02,2024-03-14,8,8,0
PHC-DST-A1-02,2024-03-15,8,4,4
PHC-DST-A1-02,2024-03-16,8,4,4
PHC-DST-A1-02,2024-03-17,8,8,0
PHC-DST-A1-02,2024-03-18,8,8,0
PHC-DST-A1-02,2024-03-19,8,4,4
PHC-DST-A1-02,2024-03-20,8,8,0
PHC-DST-A1-02,2024-03-21,8,5,3
PHC-DST-A1-02,2024-03-22,8,7,1
PHC-DST-A1-02,2024-03-23,8,4,4
PHC-DST-A1-02,2024-03-24,8,8,0
PHC-DST-A1-02,2024-03-25,8,4,4
PHC-DST-A1-02,2024-03-26,8,8,0
PHC-DST-A1-02,2024-03-27,8,5,3
PHC-DST-A1-02,2024-03-28,8,6,2
PHC-DST-A1-02,2024-03-29,8,6,2
PHC-DST-A1-02,2024-03-30,8,5,3
PHC-DST-A1-02,2024-03-31,8,5,3
PHC-DST-A1-02,2024-04-01,8,4,4
PHC-DST-A1-02,2024-04-02,8,5,3
PHC-DST-A1-02,2024-04-03,8,6,2
PHC-DST-A1-02,2024-04-04,8,4,4
PHC-DST-A1-02,2024-04-05,8,6,2
PHC-DST-A1-02,2024-04-06,8,6,2
PHC-DST-A1-02,2024-04-07,8,4,4
PHC-DST-A1-02,2024-04-08,8,8,0
PHC-DST-A1-02,2024-04-09,8,3,5
PHC-DST-A1-02,2024-04-10,8,6,2
PHC-DST-A1-02,2024-04-11,8,7,1
PHC-DST-A1-02,2024-04-12,8,3,5
PHC-DST-A1-02,2024-04-13,8,4,4
PHC-DST-A1-02,2024-04-14,8,8,0
PHC-DST-A1-02,2024-04-15,8,6,2
PHC-DST-A1-02,2024-04-16,8,5,3
PHC-DST-A1-02,2024-04-17,8,5,3
PHC-DST-A1-02,2024-04-18,8,6,2
PHC-DST-A1-02,2024-04-19,8,2,6
PHC-DST-A1-02,2024-04-20,8,8,0
PHC-DST-A1-02,2024-04-21,8,4,4
PHC-DST-A1-02,2024-04-22,8,6,2
PHC-DST-A1-02,2024-04-23,8,4,4
PHC-DST-A1-02,2024-04-24,8,8,0
PHC-DST-A1-02,2024-04-25,8,7,1
PHC-DST-A1-02,2024-04-26,8,4,4
PHC-DST-A1-02,2024-04-27,8,3,5
PHC-DST-A1-02,2024-04-28,8,4,4
PHC-DST-A1-02,2024-04-29,8,4,4
PHC-DST-A1-02,2024-04-30,8,5,3
PHC-DST-A1-02,2024-05-01,8,2,6
PHC-DST-A1-02,2024-05-02,8,8,0
PHC-DST-A1-02,2024-05-03,8,4,4
PHC-DST-A1-02,2024-05-04,8,4,4
PHC-DST-A1-02,2024-05-05,8,3,5
PHC-DST-A1-02,2024-05-06,8,4,4
PHC-DST-A1-02,2024-05-07,8,5,3
PHC-DST-A1-02,2024-05-08,8,4,4
PHC-DST-A1-02,2024-05-09,8,6,2
PHC-DST-A1-02,2024-05-10,8,8,0
PHC-DST-A1-02,2024-05-11,8,6,2
PHC-DST-A1-02,2024-05-12,8,5,3
PHC-DST-A1-02,2024-05-13,8,4,4
PHC-DST-A1-02,2024-05-14,8,5,3
PHC-DST-A1-02,2024-05-15,8,4,4
PHC-DST-A1-02,2024-05-16,8,6,2
PHC-DST-A1-02,2024-05-17,8,5,3
PHC-DST-A1-02,2024-05-18,8,4,4
PHC-DST-A1-02,2024-05-19,8,5,3
PHC-DST-A1-02,2024-05-20,8,5,3
PHC-DST-A1-02,2024-05-21,8,6,2
PHC-DST-A1-02,2024-05-22,8,5,3
PHC-DST-A1-02,2024-05-23,8,5,3
PHC-DST-A1-02,2024-05-24,8,6,2
PHC-DST-A1-02,2024-05-25,8,7,1
PHC-DST-A1-02,2024-05-26,8,4,4
PHC-DST-A1-02,2024-05-27,8,6,2
PHC-DST-A1-02,2024-05-28,8,8,0
PHC-DST-A1-02,2024-05-29,8,3,5
PHC-DST-A1-02,2024-05-30,8,4,4
PHC-DST-A1-02,2024-05-31,8,3,5
PHC-DST-A1-02,2024-06-01,8,6,2
PHC-DST-A1-02,2024-06-02,8,3,5
PHC-DST-A1-02,2024-06-03,8,7,1
PHC-DST-A1-02,2024-06-04,8,5,3
PHC-DST-A1-02,2024-06-05,8,8,0
PHC-DST-A1-02,2024-06-06,8,6,2
PHC-DST-A1-02,2024-06-07,8,2,6
PHC-DST-A1-02,2024-06-08,8,3,5
PHC-DST-A1-02,2024-06-09,8,4,4
PHC-DST-A1-02,2024-06-10,8,2,6
PHC-DST-A1-02,2024-06-11,8,5,3
PHC-DST-A1-02,2024-06-12,8,7,1
PHC-DST-A1-02,2024-06-13,8,8,0
PHC-DST-A1-02,2024-06-14,8,3,5
PHC-DST-A1-02,2024-06-15,8,6,2
PHC-DST-A1-02,2024-06-16,8,4,4
PHC-DST-A1-02,2024-06-17,8,5,3
PHC-DST-A1-02,2024-06-18,8,7,1
PHC-DST-A1-02,2024-06-19,8,8,0
PHC-DST-A1-02,2024-06-20,8,8,0
PHC-DST-A1-02,2024-06-21,8,5,3
PHC-DST-A1-02,2024-06-22,8,4,4
PHC-DST-A1-02,2024-06-23,8,4,4
PHC-DST-A1-02,2024-06-24,8,6,2
PHC-DST-A1-02,2024-06-25,8,6,2
PHC-DST-A1-02,2024-06-26,8,6,2
PHC-DST-A1-02,2024-06-27,8,8,0
PHC-DST-A1-02,2024-06-28,8,6,2
PHC-DST-A1-02,2024-06-29,8,5,3
PHC-DST-A1-02,2024-06-30,8,3,5
PHC-DST-A1-02,2024-07-01,8,4,4
PHC-DST-A1-02,2024-07-02,8,5,3
PHC-DST-A1-02,2024-07-03,8,8,0
PHC-DST-A1-02,2024-07-04,8,8,0
PHC-DST-A1-02,2024-07-05,8,6,2
PHC-DST-A1-02,2024-07-06,8,8,0
PHC-DST-A1-02,2024-07-07,8,8,0
PHC-DST-A1-02,2024-07-08,8,7,1
PHC-DST-A1-02,2024-07-09,8,8,0
PHC-DST-A1-02,2024-07-10,8,6,2
PHC-DST-A1-02,2024-07-11,8,7,1
PHC-DST-A1-02,2024-07-12,8,7,1
PHC-DST-A1-02,2024-07-13,8,5,3
PHC-DST-A1-02,2024-07-14,8,8,0
PHC-DST-A1-02,2024-07-15,8,3,5
PHC-DST-A1-02,2024-07-16,8,8,0
PHC-DST-A1-02,2024-07-17,8,8,0
PHC-DST-A1-02,2024-07-18,8,6,2
PHC-DST-A1-02,2024-07-19,8,7,1
PHC-DST-A1-02,2024-07-20,8,4,4
PHC-DST-A1-02,2024-07-21,8,5,3
PHC-DST-A1-02,2024-07-22,8,4,4
PHC-DST-A1-02,2024-07-23,8,5,3
PHC-DST-A1-02,2024-07-24,8,6,2
PHC-DST-A1-02,2024-07-25,8,8,0
PHC-DST-A1-02,2024-07-26,8,6,2
PHC-DST-A1-02,2024-07-27,8,3,5
PHC-DST-A1-02,2024-07-28,8,7,1
PHC-DST-A1-02,2024-07-29,8,8,0
PHC-DST-A1-02,2024-07-30,8,8,0
PHC-DST-A1-02,2024-07-31,8,6,2
PHC-DST-A1-02,2024-08-01,8,7,1
PHC-DST-A1-02,2024-08-02,8,6,2
PHC-DST-A1-02,2024-08-03,8,8,0
PHC-DST-A1-02,2024-08-04,8,4,4
PHC-DST-A1-02,2024-08-05,8,8,0
PHC-DST-A1-02,2024-08-06,8,8,0
PHC-DST-A1-02,2024-08-07,8,6,2
PHC-DST-A1-02,2024-08-08,8,4,4
PHC-DST-A1-02,2024-08-09,8,6,2
PHC-DST-A1-02,2024-08-10,8,6,2
PHC-DST-A1-02,2024-08-11,8,4,4
PHC-DST-A1-02,2024-08-12,8,8,0
PHC-DST-A1-02,2024-08-13,8,8,0
PHC-DST-A1-02,2024-08-14,8,6,2
PHC-DST-A1-02,2024-08-15,8,8,0
PHC-DST-A1-02,2024-08-16,8,4,4
PHC-DST-A1-02,2024-08-17,8,6,2
PHC-DST-A1-02,2024-08-18,8,6,2
PHC-DST-A1-02,2024-08-19,8,4,4
PHC-DST-A1-02,2024-08-20,8,6,2
PHC-DST-A1-02,2024-08-21,8,6,2
PHC-DST-A1-02,2024-08-22,8,6,2
PHC-DST-A1-02,2024-08-23,8,7,1
PHC-DST-A1-02,2024-08-24,8,8,0
PHC-DST-A1-02,2024-08-25,8,8,0
PHC-DST-A1-02,2024-08-26,8,3,5
PHC-DST-A1-02,2024-08-27,8,6,2
PHC-DST-A1-02,2024-08-28,8,4,4
PHC-DST-A1-02,2024-08-29,8,6,2
PHC-DST-A1-02,2024-08-30,8,4,4
PHC-DST-A1-02,2024-08-31,8,7,1
PHC-DST-A1-02,2024-09-01,8,8,0
PHC-DST-A1-02,2024-09-02,8,8,0
PHC-DST-A1-02,2024-09-03,8,6,2
PHC-DST-A1-02,2024-09-04,8,5,3
PHC-DST-A1-02,2024-09-05,8,8,0
PHC-DST-A1-02,2024-09-06,8,7,1
PHC-DST-A1-02,2024-09-07,8,6,2
PHC-DST-A1-02,2024-09-08,8,8,0
PHC-DST-A1-02,2024-09-09,8,6,2
PHC-DST-A1-02,2024-09-10,8,6,2
PHC-DST-A1-02,2024-09-11,8,6,2
PHC-DST-A1-02,2024-09-12,8,4,4
PHC-DST-A1-02,2024-09-13,8,8,0
PHC-DST-A1-02,2024-09-14,8,4,4
PHC-DST-A1-02,2024-09-15,8,6,2
PHC-DST-A1-02,2024-09-16,8,4,4
PHC-DST-A1-02,2024-09-17,8,8,0
PHC-DST-A1-02,2024-09-18,8,6,2
PHC-DST-A1-02,2024-09-19,8,2,6
PHC-DST-A1-02,2024-09-20,8,5,3
PHC-DST-A1-02,2024-09-21,8,7,1
PHC-DST-A1-02,2024-09-22,8,7,1
PHC-DST-A1-02,2024-09-23,8,8,0
PHC-DST-A1-02,2024-09-24,8,5,3
PHC-DST-A1-02,2024-09-25,8,5,3
PHC-DST-A1-02,2024-09-26,8,4,4
PHC-DST-A1-02,2024-09-27,8,8,0
PHC-DST-A1-02,2024-09-28,8,6,2
PHC-DST-A1-02,2024-09-29,8,8,0
PHC-DST-A1-02,2024-09-30,8,5,3
PHC-DST-A1-02,2024-10-01,8,6,2
PHC-DST-A1-02,2024-10-02,8,2,6
PHC-DST-A1-02,2024-10-03,8,8,0
PHC-DST-A1-02,2024-10-04,8,7,1
PHC-DST-A1-02,2024-10-05,8,7,1
PHC-DST-A1-02,2024-10-06,8,6,2
PHC-DST-A1-02,2024-10-07,8,6,2
PHC-DST-A1-02,2024-10-08,8,7,1
PHC-DST-A1-02,2024-10-09,8,5,3
PHC-DST-A1-02,2024-10-10,8,7,1
PHC-DST-A1-02,2024-10-11,8,8,0
PHC-DST-A1-02,2024-10-12,8,7,1
PHC-DST-A1-02,2024-10-13,8,8,0
PHC-DST-A1-02,2024-10-14,8,4,4
PHC-DST-A1-02,2024-10-15,8,7,1
PHC-DST-A1-02,2024-10-16,8,5,3
PHC-DST-A1-02,2024-10-17,8,8,0
PHC-DST-A1-02,2024-10-18,8,6,2
PHC-DST-A1-02,2024-10-19,8,7,1
PHC-DST-A1-02,2024-10-20,8,1,7
PHC-DST-A1-02,2024-10-21,8,8,0
PHC-DST-A1-02,2024-10-22,8,6,2
PHC-DST-A1-02,2024-10-23,8,7,1
PHC-DST-A1-02,2024-10-24,8,5,3
PHC-DST-A1-02,2024-10-25,8,6,2
PHC-DST-A1-02,2024-10-26,8,6,2
PHC-DST-A1-02,2024-10-27,8,4,4
PHC-DST-A1-02,2024-10-28,8,7,1
PHC-DST-A1-02,2024-10-29,8,2,6
PHC-DST-A1-02,2024-10-30,8,7,1
PHC-DST-A1-02,2024-10-31,8,4,4
PHC-DST-A1-02,2024-11-01,8,4,4
PHC-DST-A1-02,2024-11-02,8,3,5
PHC-DST-A1-02,2024-11-03,8,2,6
PHC-DST-A1-02,2024-11-04,8,8,0
PHC-DST-A1-02,2024-11-05,8,3,5
PHC-DST-A1-02,2024-11-06,8,4,4
PHC-DST-A1-02,2024-11-07,8,3,5
PHC-DST-A1-02,2024-11-08,8,3,5
PHC-DST-A1-02,2024-11-09,8,5,3
PHC-DST-A1-02,2024-11-10,8,3,5
PHC-DST-A1-02,2024-11-11,8,6,2
PHC-DST-A1-02,2024-11-12,8,8,0
PHC-DST-A1-02,2024-11-13,8,4,4
PHC-DST-A1-02,2024-11-14,8,5,3
PHC-DST-A1-02,2024-11-15,8,3,5
PHC-DST-A1-02,2024-11-16,8,5,3
PHC-DST-A1-02,2024-11-17,8,2,6
PHC-DST-A1-02,2024-11-18,8,3,5
PHC-DST-A1-02,2024-11-19,8,8,0
PHC-DST-A1-02,2024-11-20,8,6,2
PHC-DST-A1-02,2024-11-21,8,6,2
PHC-DST-A1-02,2024-11-22,8,5,3
PHC-DST-A1-02,2024-11-23,8,8,0
PHC-DST-A1-02,2024-11-24,8,5,3
PHC-DST-A1-02,2024-11-25,8,6,2
PHC-DST-A1-02,2024-11-26,8,3,5
PHC-DST-A1-02,2024-11-27,8,7,1
PHC-DST-A1-02,2024-11-28,8,7,1
PHC-DST-A1-02,2024-11-29,8,5,3
PHC-DST-A1-02,2024-11-30,8,3,5
PHC-DST-A1-02,2024-12-01,8,4,4
PHC-DST-A1-02,2024-12-02,8,4,4
PHC-DST-A1-02,2024-12-03,8,6,2
PHC-DST-A1-02,2024-12-04,8,4,4
PHC-DST-A1-02,2024-12-05,8,3,5
PHC-DST-A1-02,2024-12-06,8,5,3
PHC-DST-A1-02,2024-12-07,8,8,0
PHC-DST-A1-02,2024-12-08,8,8,0
PHC-DST-A1-02,2024-12-09,8,4,4
PHC-DST-A1-02,2024-12-10,8,8,0
PHC-DST-A1-02,2024-12-11,8,3,5
PHC-DST-A1-02,2024-12-12,8,4,4
PHC-DST-A1-02,2024-12-13,8,8,0
PHC-DST-A1-02,2024-12-14,8,5,3
PHC-DST-A1-02,2024-12-15,8,5,3
PHC-DST-A1-02,2024-12-16,8,8,0
PHC-DST-A1-02,2024-12-17,8,6,2
PHC-DST-A1-02,2024-12-18,8,8,0
PHC-DST-A1-02,2024-12-19,8,3,5
PHC-DST-A1-02,2024-12-20,8,4,4
PHC-DST-A1-02,2024-12-21,8,7,1
PHC-DST-A1-02,2024-12-22,8,4,4
PHC-DST-A1-02,2024-12-23,8,8,0
PHC-DST-A1-02,2024-12-24,8,6,2
PHC-DST-A1-02,2024-12-25,8,6,2
PHC-DST-A1-02,2024-12-26,8,4,4
PHC-DST-A1-02,2024-12-27,8,7,1
PHC-DST-A1-02,2024-12-28,8,6,2
PHC-DST-A1-02,2024-12-29,8,4,4
PHC-DST-A1-02,2024-12-30,8,5,3
PHC-DST-A1-02,2024-12-31,8,8,0
PHC-DST-A1-02,2025-01-01,8,6,2
PHC-DST-A1-02,2025-01-02,8,6,2
PHC-DST-A1-02,2025-01-03,8,7,1
PHC-DST-A1-02,2025-01-04,8,4,4
PHC-DST-A1-02,2025-01-05,8,8,0
PHC-DST-A1-02,2025-01-06,8,7,1
PHC-DST-A1-02,2025-01-07,8,5,3
PHC-DST-A1-02,2025-01-08,8,3,5
PHC-DST-A1-02,2025-01-09,8,6,2
PHC-DST-A1-02,2025-01-10,8,5,3
PHC-DST-A1-02,2025-01-11,8,7,1
PHC-DST-A1-02,2025-01-12,8,6,2
PHC-DST-A1-02,2025-01-13,8,7,1
PHC-DST-A1-02,2025-01-14,8,8,0
PHC-DST-A1-02,2025-01-15,8,7,1
PHC-DST-A1-02,2025-01-16,8,8,0
PHC-DST-A1-02,2025-01-17,8,6,2
PHC-DST-A1-02,2025-01-18,8,5,3
PHC-DST-A1-02,2025-01-19,8,8,0
PHC-DST-A1-02,2025-01-20,8,2,6
PHC-DST-A1-02,2025-01-21,8,2,6
PHC-DST-A1-02,2025-01-22,8,7,1
PHC-DST-A1-02,2025-01-23,8,7,1
PHC-DST-A1-02,2025-01-24,8,4,4
PHC-DST-A1-02,2025-01-25,8,3,5
PHC-DST-A1-02,2025-01-26,8,6,2
PHC-DST-A1-02,2025-01-27,8,3,5
PHC-DST-A1-02,2025-01-28,8,3,5
PHC-DST-A1-02,2025-01-29,8,5,3
PHC-DST-A1-02,2025-01-30,8,5,3
PHC-DST-A1-02,2025-01-31,8,8,0
PHC-DST-A1-02,2025-02-01,8,3,5
PHC-DST-A1-02,2025-02-02,8,6,2
PHC-DST-A1-02,2025-02-03,8,8,0
PHC-DST-A1-02,2025-02-04,8,7,1
PHC-DST-A1-02,2025-02-05,8,5,3
PHC-DST-A1-02,2025-02-06,8,4,4
PHC-DST-A1-02,2025-02-07,8,5,3
PHC-DST-A1-02,2025-02-08,8,8,0
PHC-DST-A1-02,2025-02-09,8,4,4
PHC-DST-A1-02,2025-02-10,8,3,5
PHC-DST-A1-02,2025-02-11,8,6,2
PHC-DST-A1-02,2025-02-12,8,7,1
PHC-DST-A1-02,2025-02-13,8,8,0
PHC-DST-A1-02,2025-02-14,8,6,2
PHC-DST-A1-02,2025-02-15,8,5,3
PHC-DST-A1-02,2025-02-16,8,6,2
PHC-DST-A1-02,2025-02-17,8,5,3
PHC-DST-A1-02,2025-02-18,8,8,0
PHC-DST-A1-02,2025-02-19,8,3,5
PHC-DST-A1-02,2025-02-20,8,4,4
PHC-DST-A1-02,2025-02-21,8,8,0
PHC-DST-A1-02,2025-02-22,8,7,1
PHC-DST-A1-02,2025-02-23,8,5,3
PHC-DST-A1-02,2025-02-24,8,6,2
PHC-DST-A1-02,2025-02-25,8,8,0
PHC-DST-A1-02,2025-02-26,8,6,2
PHC-DST-A1-02,2025-02-27,8,7,1
PHC-DST-A1-02,2025-02-28,8,6,2
PHC-DST-A1-02,2025-03-01,8,6,2
PHC-DST-A1-02,2025-03-02,8,5,3
PHC-DST-A1-02,2025-03-03,8,7,1
PHC-DST-A1-02,2025-03-04,8,2,6
PHC-DST-A1-02,2025-03-05,8,7,1
PHC-DST-A1-02,2025-03-06,8,8,0
PHC-DST-A1-02,2025-03-07,8,4,4
PHC-DST-A1-02,2025-03-08,8,7,1
PHC-DST-A1-02,2025-03-09,8,6,2
PHC-DST-A1-02,2025-03-10,8,5,3
PHC-DST-A1-02,2025-03-11,8,4,4
PHC-DST-A1-02,2025-03-12,8,5,3
PHC-DST-A1-02,2025-03-13,8,4,4
PHC-DST-A1-02,2025-03-14,8,4,4
PHC-DST-A1-02,2025-03-15,8,5,3
PHC-DST-A1-02,2025-03-16,8,6,2
PHC-DST-A1-02,2025-03-17,8,6,2
PHC-DST-A1-02,2025-03-18,8,5,3
PHC-DST-A1-02,2025-03-19,8,8,0
PHC-DST-A1-02,2025-03-20,8,3,5
PHC-DST-A1-02,2025-03-21,8,7,1
PHC-DST-A1-02,2025-03-22,8,8,0
PHC-DST-A1-02,2025-03-23,8,3,5
PHC-DST-A1-02,2025-03-24,8,3,5
PHC-DST-A1-02,2025-03-25,8,6,2
PHC-DST-A1-02,2025-03-26,8,6,2
PHC-DST-A1-02,2025-03-27,8,8,0
PHC-DST-A1-02,2025-03-28,8,8,0
PHC-DST-A1-02,2025-03-29,8,5,3
PHC-DST-A1-02,2025-03-30,8,8,0
PHC-DST-A1-02,2025-03-31,8,8,0
PHC-DST-A1-02,2025-04-01,8,5,3
PHC-DST-A1-02,2025-04-02,8,5,3
PHC-DST-A1-02,2025-04-03,8,7,1
PHC-DST-A1-02,2025-04-04,8,8,0
PHC-DST-A1-02,2025-04-05,8,6,2
PHC-DST-A1-02,2025-04-06,8,7,1
PHC-DST-A1-02,2025-04-07,8,5,3
PHC-DST-A1-02,2025-04-08,8,8,0
PHC-DST-A1-02,2025-04-09,8,6,2
PHC-DST-A1-02,2025-04-10,8,3,5
PHC-DST-A1-02,2025-04-11,8,5,3
PHC-DST-A1-02,2025-04-12,8,2,6
PHC-DST-A1-02,2025-04-13,8,5,3
PHC-DST-A1-02,2025-04-14,8,6,2
PHC-DST-A1-02,2025-04-15,8,5,3
PHC-DST-A1-02,2025-04-16,8,7,1
PHC-DST-A1-02,2025-04-17,8,8,0
PHC-DST-A1-02,2025-04-18,8,2,6
PHC-DST-A1-02,2025-04-19,8,8,0
PHC-DST-A1-02,2025-04-20,8,3,5
PHC-DST-A1-02,2025-04-21,8,3,5
PHC-DST-A1-02,2025-04-22,8,5,3
PHC-DST-A1-02,2025-04-23,8,6,2
PHC-DST-A1-02,2025-04-24,8,4,4
PHC-DST-A1-02,2025-04-25,8,5,3
PHC-DST-A1-02,2025-04-26,8,7,1
PHC-DST-A1-02,2025-04-27,8,4,4
PHC-DST-A1-02,2025-04-28,8,3,5
PHC-DST-A1-02,2025-04-29,8,6,2
PHC-DST-A1-02,2025-04-30,8,3,5
PHC-DST-A1-02,2025-05-01,8,7,1
PHC-DST-A1-02,2025-05-02,8,5,3
PHC-DST-A1-02,2025-05-03,8,6,2
PHC-DST-A1-02,2025-05-04,8,6,2
PHC-DST-A1-02,2025-05-05,8,7,1
PHC-DST-A1-02,2025-05-06,8,6,2
PHC-DST-A1-02,2025-05-07,8,8,0
PHC-DST-A1-02,2025-05-08,8,5,3
PHC-DST-A1-02,2025-05-09,8,8,0
PHC-DST-A1-02,2025-05-10,8,7,1
PHC-DST-A1-02,2025-05-11,8,6,2
PHC-DST-A1-02,2025-05-12,8,6,2
PHC-DST-A1-02,2025-05-13,8,3,5
PHC-DST-A1-02,2025-05-14,8,5,3
PHC-DST-A1-02,2025-05-15,8,4,4
PHC-DST-A1-02,2025-05-16,8,8,0
PHC-DST-A1-02,2025-05-17,8,6,2
PHC-DST-A1-02,2025-05-18,8,6,2
PHC-DST-A1-02,2025-05-19,8,4,4
PHC-DST-A1-02,2025-05-20,8,4,4
PHC-DST-A1-02,2025-05-21,8,4,4
PHC-DST-A1-02,2025-05-22,8,4,4
PHC-DST-A1-02,2025-05-23,8,6,2
PHC-DST-A1-02,2025-05-24,8,3,5
PHC-DST-A1-02,2025-05-25,8,7,1
PHC-DST-A1-02,2025-05-26,8,3,5
PHC-DST-A1-02,2025-05-27,8,5,3
PHC-DST-A1-02,2025-05-28,8,7,1
PHC-DST-A1-02,2025-05-29,8,5,3
PHC-DST-A1-02,2025-05-30,8,6,2
PHC-DST-A1-02,2025-05-31,8,8,0
PHC-DST-A1-02,2025-06-01,8,5,3
PHC-DST-A1-02,2025-06-02,8,6,2
PHC-DST-A1-02,2025-06-03,8,7,1
PHC-DST-A1-02,2025-06-04,8,8,0
PHC-DST-A1-02,2025-06-05,8,5,3
PHC-DST-A1-02,2025-06-06,8,7,1
PHC-DST-A1-02,2025-06-07,8,5,3
PHC-DST-A1-02,2025-06-08,8,8,0
PHC-DST-A1-02,2025-06-09,8,5,3
PHC-DST-A1-02,2025-06-10,8,7,1
PHC-DST-A1-02,2025-06-11,8,8,0
PHC-DST-A1-02,2025-06-12,8,8,0
PHC-DST-A1-02,2025-06-13,8,7,1
PHC-DST-A1-02,2025-06-14,8,5,3
PHC-DST-A1-02,2025-06-15,8,7,1
PHC-DST-A1-02,2025-06-16,8,8,0
PHC-DST-A1-02,2025-06-17,8,4,4
PHC-DST-A1-02,2025-06-18,8,5,3
PHC-DST-A1-02,2025-06-19,8,3,5
PHC-DST-A1-02,2025-06-20,8,6,2
PHC-DST-A1-02,2025-06-21,8,6,2
PHC-DST-A1-02,2025-06-22,8,7,1
PHC-DST-A1-02,2025-06-23,8,3,5
PHC-DST-A1-02,2025-06-24,8,3,5
PHC-DST-A1-02,2025-06-25,8,5,3
PHC-DST-A1-02,2025-06-26,8,3,5
PHC-DST-A1-02,2025-06-27,8,8,0
PHC-DST-A1-02,2025-06-28,8,7,1
PHC-DST-A1-02,2025-06-29,8,4,4
PHC-DST-A1-02,2025-06-30,8,5,3
PHC-DST-A1-03,2024-01-01,4,4,0
PHC-DST-A1-03,2024-01-02,4,4,0
PHC-DST-A1-03,2024-01-03,4,3,1
PHC-DST-A1-03,2024-01-04,4,4,0
PHC-DST-A1-03,2024-01-05,4,4,0
PHC-DST-A1-03,2024-01-06,4,4,0
PHC-DST-A1-03,2024-01-07,4,4,0
PHC-DST-A1-03,2024-01-08,4,4,0
PHC-DST-A1-03,2024-01-09,4,4,0
PHC-DST-A1-03,2024-01-10,4,4,0
PHC-DST-A1-03,2024-01-11,4,4,0
PHC-DST-A1-03,2024-01-12,4,3,1
PHC-DST-A1-03,2024-01-13,4,4,0
PHC-DST-A1-03,2024-01-14,4,2,2
PHC-DST-A1-03,2024-01-15,4,2,2
PHC-DST-A1-03,2024-01-16,4,4,0
PHC-DST-A1-03,2024-01-17,4,4,0
PHC-DST-A1-03,2024-01-18,4,2,2
PHC-DST-A1-03,2024-01-19,4,3,1
PHC-DST-A1-03,2024-01-20,4,4,0
PHC-DST-A1-03,2024-01-21,4,3,1
PHC-DST-A1-03,2024-01-22,4,4,0
PHC-DST-A1-03,2024-01-23,4,3,1
PHC-DST-A1-03,2024-01-24,4,4,0
PHC-DST-A1-03,2024-01-25,4,4,0
PHC-DST-A1-03,2024-01-26,4,4,0
PHC-DST-A1-03,2024-01-27,4,4,0
PHC-DST-A1-03,2024-01-28,4,4,0
PHC-DST-A1-03,2024-01-29,4,4,0
PHC-DST-A1-03,2024-01-30,4,4,0
PHC-DST-A1-03,2024-01-31,4,4,0
PHC-DST-A1-03,2024-02-01,4,3,1
PHC-DST-A1-03,2024-02-02,4,4,0
PHC-DST-A1-03,2024-02-03,4,4,0
PHC-DST-A1-03,2024-02-04,4,4,0
PHC-DST-A1-03,2024-02-05,4,2,2
PHC-DST-A1-03,2024-02-06,4,3,1
PHC-DST-A1-03,2024-02-07,4,4,0
PHC-DST-A1-03,2024-02-08,4,3,1
PHC-DST-A1-03,2024-02-09,4,4,0
PHC-DST-A1-03,2024-02-10,4,4,0
PHC-DST-A1-03,2024-02-11,4,4,0
PHC-DST-A1-03,2024-02-12,4,4,0
PHC-DST-A1-03,2024-02-13,4,4,0
PHC-DST-A1-03,2024-02-14,4,2,2
PHC-DST-A1-03,2024-02-15,4,4,0
PHC-DST-A1-03,2024-02-16,4,3,1
PHC-DST-A1-03,2024-02-17,4,2,2
PHC-DST-A1-03,2024-02-18,4,4,0
PHC-DST-A1-03,2024-02-19,4,4,0
PHC-DST-A1-03,2024-02-20,4,4,0
PHC-DST-A1-03,2024-02-21,4,4,0
PHC-DST-A1-03,2024-02-22,4,3,1
PHC-DST-A1-03,2024-02-23,4,3,1
PHC-DST-A1-03,2024-02-24,4,3,1
PHC-DST-A1-03,2024-02-25,4,4,0
PHC-DST-A1-03,2024-02-26,4,4,0
PHC-DST-A1-03,2024-02-27,4,4,0
PHC-DST-A1-03,2024-02-28,4,4,0
PHC-DST-A1-03,2024-02-29,4,4,0
PHC-DST-A1-03,2024-03-01,4,4,0
PHC-DST-A1-03,2024-03-02,4,3,1
PHC-DST-A1-03,2024-03-03,4,4,0
PHC-DST-A1-03,2024-03-04,4,4,0
PHC-DST-A1-03,2024-03-05,4,4,0
PHC-DST-A1-03,2024-03-06,4,4,0
PHC-DST-A1-03,2024-03-07,4,4,0
PHC-DST-A1-03,2024-03-08,4,4,0
PHC-DST-A1-03,2024-03-09,4,4,0
PHC-DST-A1-03,2024-03-10,4,4,0
PHC-DST-A1-03,2024-03-11,4,4,0
PHC-DST-A1-03,2024-03-12,4,4,0
PHC-DST-A1-03,2024-03-13,4,3,1
PHC-DST-A1-03,2024-03-14,4,3,1
PHC-DST-A1-03,2024-03-15,4,4,0
PHC-DST-A1-03,2024-03-16,4,4,0
PHC-DST-A1-03,2024-03-17,4,2,2
PHC-DST-A1-03,2024-03-18,4,4,0
PHC-DST-A1-03,2024-03-19,4,4,0
PHC-DST-A1-03,2024-03-20,4,4,0
PHC-DST-A1-03,2024-03-21,4,4,0
PHC-DST-A1-03,2024-03-22,4,4,0
PHC-DST-A1-03,2024-03-23,4,4,0
PHC-DST-A1-03,2024-03-24,4,4,0
PHC-DST-A1-03,2024-03-25,4,4,0
PHC-DST-A1-03,2024-03-26,4,4,0
PHC-DST-A1-03,2024-03-27,4,4,0
PHC-DST-A1-03,2024-03-28,4,4,0
PHC-DST-A1-03,2024-03-29,4,2,2
PHC-DST-A1-03,2024-03-30,4,4,0
PHC-DST-A1-03,2024-03-31,4,4,0
PHC-DST-A1-03,2024-04-01,4,4,0
PHC-DST-A1-03,2024-04-02,4,3,1
PHC-DST-A1-03,2024-04-03,4,3,1
PHC-DST-A1-03,2024-04-04,4,4,0
PHC-DST-A1-03,2024-04-05,4,4,0
PHC-DST-A1-03,2024-04-06,4,4,0
PHC-DST-A1-03,2024-04-07,4,3,1
PHC-DST-A1-03,2024-04-08,4,4,0
PHC-DST-A1-03,2024-04-09,4,3,1
PHC-DST-A1-03,2024-04-10,4,2,2
PHC-DST-A1-03,2024-04-11,4,4,0
PHC-DST-A1-03,2024-04-12,4,4,0
PHC-DST-A1-03,2024-04-13,4,4,0
PHC-DST-A1-03,2024-04-14,4,4,0
PHC-DST-A1-03,2024-04-15,4,4,0
PHC-DST-A1-03,2024-04-16,4,3,1
PHC-DST-A1-03,2024-04-17,4,4,0
PHC-DST-A1-03,2024-04-18,4,4,0
PHC-DST-A1-03,2024-04-19,4,4,0
PHC-DST-A1-03,2024-04-20,4,4,0
PHC-DST-A1-03,2024-04-21,4,4,0
PHC-DST-A1-03,2024-04-22,4,4,0
PHC-DST-A1-03,2024-04-23,4,3,1
PHC-DST-A1-03,2024-04-24,4,4,0
PHC-DST-A1-03,2024-04-25,4,4,0
PHC-DST-A1-03,2024-04-26,4,4,0
PHC-DST-A1-03,2024-04-27,4,4,0
PHC-DST-A1-03,2024-04-28,4,4,0
PHC-DST-A1-03,2024-04-29,4,4,0
PHC-DST-A1-03,2024-04-30,4,4,0
PHC-DST-A1-03,2024-05-01,4,4,0
PHC-DST-A1-03,2024-05-02,4,3,1
PHC-DST-A1-03,2024-05-03,4,4,0
PHC-DST-A1-03,2024-05-04,4,4,0
PHC-DST-A1-03,2024-05-05,4,3,1
PHC-DST-A1-03,2024-05-06,4,4,0
PHC-DST-A1-03,2024-05-07,4,4,0
PHC-DST-A1-03,2024-05-08,4,4,0
PHC-DST-A1-03,2024-05-09,4,2,2
PHC-DST-A1-03,2024-05-10,4,4,0
PHC-DST-A1-03,2024-05-11,4,4,0
PHC-DST-A1-03,2024-05-12,4,4,0
PHC-DST-A1-03,2024-05-13,4,2,2
PHC-DST-A1-03,2024-05-14,4,4,0
PHC-DST-A1-03,2024-05-15,4,3,1
PHC-DST-A1-03,2024-05-16,4,3,1
PHC-DST-A1-03,2024-05-17,4,2,2
PHC-DST-A1-03,2024-05-18,4,3,1
PHC-DST-A1-03,2024-05-19,4,4,0
PHC-DST-A1-03,2024-05-20,4,4,0
PHC-DST-A1-03,2024-05-21,4,4,0
PHC-DST-A1-03,2024-05-22,4,4,0
PHC-DST-A1-03,2024-05-23,4,4,0
PHC-DST-A1-03,2024-05-24,4,3,1
PHC-DST-A1-03,2024-05-25,4,4,0
PHC-DST-A1-03,2024-05-26,4,4,0
PHC-DST-A1-03,2024-05-27,4,4,0
PHC-DST-A1-03,2024-05-28,4,4,0
PHC-DST-A1-03,2024-05-29,4,4,0
PHC-DST-A1-03,2024-05-30,4,4,0
PHC-DST-A1-03,2024-05-31,4,4,0
PHC-DST-A1-03,2024-06-01,4,4,0
PHC-DST-A1-03,2024-06-02,4,4,0
PHC-DST-A1-03,2024-06-03,4,4,0
PHC-DST-A1-03,2024-06-04,4,4,0
PHC-DST-A1-03,2024-06-05,4,4,0
PHC-DST-A1-03,2024-06-06,4,3,1
PHC-DST-A1-03,2024-06-07,4,4,0
PHC-DST-A1-03,2024-06-08,4,4,0
PHC-DST-A1-03,2024-06-09,4,4,0
PHC-DST-A1-03,2024-06-10,4,3,1
PHC-DST-A1-03,2024-06-11,4,4,0
PHC-DST-A1-03,2024-06-12,4,4,0
PHC-DST-A1-03,2024-06-13,4,3,1
PHC-DST-A1-03,2024-06-14,4,4,0
PHC-DST-A1-03,2024-06-15,4,4,0
PHC-DST-A1-03,2024-06-16,4,4,0
PHC-DST-A1-03,2024-06-17,4,4,0
PHC-DST-A1-03,2024-06-18,4,4,0
PHC-DST-A1-03,2024-06-19,4,3,1
PHC-DST-A1-03,2024-06-20,4,3,1
PHC-DST-A1-03,2024-06-21,4,4,0
PHC-DST-A1-03,2024-06-22,4,4,0
PHC-DST-A1-03,2024-06-23,4,4,0
PHC-DST-A1-03,2024-06-24,4,4,0
PHC-DST-A1-03,2024-06-25,4,2,2
PHC-DST-A1-03,2024-06-26,4,4,0
PHC-DST-A1-03,2024-06-27,4,3,1
PHC-DST-A1-03,2024-06-28,4,4,0
PHC-DST-A1-03,2024-06-29,4,2,2
PHC-DST-A1-03,2024-06-30,4,4,0
PHC-DST-A1-03,2024-07-01,4,4,0
PHC-DST-A1-03,2024-07-02,4,4,0
PHC-DST-A1-03,2024-07-03,4,4,0
PHC-DST-A1-03,2024-07-04,4,4,0
PHC-DST-A1-03,2024-07-05,4,4,0
PHC-DST-A1-03,2024-07-06,4,4,0
PHC-DST-A1-03,2024-07-07,4,3,1
PHC-DST-A1-03,2024-07-08,4,4,0
PHC-DST-A1-03,2024-07-09,4,4,0
PHC-DST-A1-03,2024-07-10,4,4,0
PHC-DST-A1-03,2024-07-11,4,4,0
PHC-DST-A1-03,2024-07-12,4,4,0
PHC-DST-A1-03,2024-07-13,4,4,0
PHC-DST-A1-03,2024-07-14,4,4,0
PHC-DST-A1-03,2024-07-15,4,4,0
PHC-DST-A1-03,2024-07-16,4,4,0
PHC-DST-A1-03,2024-07-17,4,4,0
PHC-DST-A1-03,2024-07-18,4,4,0
PHC-DST-A1-03,2024-07-19,4,4,0
PHC-DST-A1-03,2024-07-20,4,2,2
PHC-DST-A1-03,2024-07-21,4,4,0
PHC-DST-A1-03,2024-07-22,4,3,1
PHC-DST-A1-03,2024-07-23,4,4,0
PHC-DST-A1-03,2024-07-24,4,4,0
PHC-DST-A1-03,2024-07-25,4,4,0
PHC-DST-A1-03,2024-07-26,4,4,0
PHC-DST-A1-03,2024-07-27,4,4,0
PHC-DST-A1-03,2024-07-28,4,4,0
PHC-DST-A1-03,2024-07-29,4,4,0
PHC-DST-A1-03,2024-07-30,4,4,0
PHC-DST-A1-03,2024-07-31,4,4,0
PHC-DST-A1-03,2024-08-01,4,4,0
PHC-DST-A1-03,2024-08-02,4,4,0
PHC-DST-A1-03,2024-08-03,4,4,0
PHC-DST-A1-03,2024-08-04,4,4,0
PHC-DST-A1-03,2024-08-05,4,4,0
PHC-DST-A1-03,2024-08-06,4,4,0
PHC-DST-A1-03,2024-08-07,4,4,0
PHC-DST-A1-03,2024-08-08,4,4,0
PHC-DST-A1-03,2024-08-09,4,4,0
PHC-DST-A1-03,2024-08-10,4,4,0
PHC-DST-A1-03,2024-08-11,4,4,0
PHC-DST-A1-03,2024-08-12,4,4,0
PHC-DST-A1-03,2024-08-13,4,4,0
PHC-DST-A1-03,2024-08-14,4,2,2
PHC-DST-A1-03,2024-08-15,4,3,1
PHC-DST-A1-03,2024-08-16,4,4,0
PHC-DST-A1-03,2024-08-17,4,4,0
PHC-DST-A1-03,2024-08-18,4,2,2
PHC-DST-A1-03,2024-08-19,4,4,0
PHC-DST-A1-03,2024-08-20,4,4,0
PHC-DST-A1-03,2024-08-21,4,4,0
PHC-DST-A1-03,2024-08-22,4,4,0
PHC-DST-A1-03,2024-08-23,4,4,0
PHC-DST-A1-03,2024-08-24,4,4,0
PHC-DST-A1-03,2024-08-25,4,4,0
PHC-DST-A1-03,2024-08-26,4,3,1
PHC-DST-A1-03,2024-08-27,4,3,1
PHC-DST-A1-03,2024-08-28,4,4,0
PHC-DST-A1-03,2024-08-29,4,4,0
PHC-DST-A1-03,2024-08-30,4,4,0
PHC-DST-A1-03,2024-08-31,4,3,1
PHC-DST-A1-03,2024-09-01,4,4,0
PHC-DST-A1-03,2024-09-02,4,4,0
PHC-DST-A1-03,2024-09-03,4,4,0
PHC-DST-A1-03,2024-09-04,4,4,0
PHC-DST-A1-03,2024-09-05,4,4,0
PHC-DST-A1-03,2024-09-06,4,4,0
PHC-DST-A1-03,2024-09-07,4,4,0
PHC-DST-A1-03,2024-09-08,4,4,0
PHC-DST-A1-03,2024-09-09,4,4,0
PHC-DST-A1-03,2024-09-10,4,4,0
PHC-DST-A1-03,2024-09-11,4,3,1
PHC-DST-A1-03,2024-09-12,4,3,1
PHC-DST-A1-03,2024-09-13,4,4,0
PHC-DST-A1-03,2024-09-14,4,3,1
PHC-DST-A1-03,2024-09-15,4,3,1
PHC-DST-A1-03,2024-09-16,4,4,0
PHC-DST-A1-03,2024-09-17,4,4,0
PHC-DST-A1-03,2024-09-18,4,3,1
PHC-DST-A1-03,2024-09-19,4,4,0
PHC-DST-A1-03,2024-09-20,4,4,0
PHC-DST-A1-03,2024-09-21,4,3,1
PHC-DST-A1-03,2024-09-22,4,4,0
PHC-DST-A1-03,2024-09-23,4,4,0
PHC-DST-A1-03,2024-09-24,4,4,0
PHC-DST-A1-03,2024-09-25,4,4,0
PHC-DST-A1-03,2024-09-26,4,4,0
PHC-DST-A1-03,2024-09-27,4,1,3
PHC-DST-A1-03,2024-09-28,4,4,0
PHC-DST-A1-03,2024-09-29,4,4,0
PHC-DST-A1-03,2024-09-30,4,4,0
PHC-DST-A1-03,2024-10-01,4,4,0
PHC-DST-A1-03,2024-10-02,4,4,0
PHC-DST-A1-03,2024-10-03,4,3,1
PHC-DST-A1-03,2024-10-04,4,4,0
PHC-DST-A1-03,2024-10-05,4,4,0
PHC-DST-A1-03,2024-10-06,4,4,0
PHC-DST-A1-03,2024-10-07,4,4,0
PHC-DST-A1-03,2024-10-08,4,1,3
PHC-DST-A1-03,2024-10-09,4,4,0
PHC-DST-A1-03,2024-10-10,4,4,0
PHC-DST-A1-03,2024-10-11,4,4,0
PHC-DST-A1-03,2024-10-12,4,4,0
PHC-DST-A1-03,2024-10-13,4,4,0
PHC-DST-A1-03,2024-10-14,4,4,0
PHC-DST-A1-03,2024-10-15,4,4,0
PHC-DST-A1-03,2024-10-16,4,4,0
PHC-DST-A1-03,2024-10-17,4,3,1
PHC-DST-A1-03,2024-10-18,4,4,0
PHC-DST-A1-03,2024-10-19,4,4,0
PHC-DST-A1-03,2024-10-20,4,4,0
PHC-DST-A1-03,2024-10-21,4,4,0
PHC-DST-A1-03,2024-10-22,4,3,1
PHC-DST-A1-03,2024-10-23,4,4,0
PHC-DST-A1-03,2024-10-24,4,4,0
PHC-DST-A1-03,2024-10-25,4,4,0
PHC-DST-A1-03,2024-10-26,4,4,0
PHC-DST-A1-03,2024-10-27,4,3,1
PHC-DST-A1-03,2024-10-28,4,4,0
PHC-DST-A1-03,2024-10-29,4,2,2
PHC-DST-A1-03,2024-10-30,4,4,0
PHC-DST-A1-03,2024-10-31,4,4,0
PHC-DST-A1-03,2024-11-01,4,2,2
PHC-DST-A1-03,2024-11-02,4,4,0
PHC-DST-A1-03,2024-11-03,4,4,0
PHC-DST-A1-03,2024-11-04,4,3,1
PHC-DST-A1-03,2024-11-05,4,4,0
PHC-DST-A1-03,2024-11-06,4,4,0
PHC-DST-A1-03,2024-11-07,4,4,0
PHC-DST-A1-03,2024-11-08,4,4,0
PHC-DST-A1-03,2024-11-09,4,4,0
PHC-DST-A1-03,2024-11-10,4,4,0
PHC-DST-A1-03,2024-11-11,4,4,0
PHC-DST-A1-03,2024-11-12,4,3,1
PHC-DST-A1-03,2024-11-13,4,4,0
PHC-DST-A1-03,2024-11-14,4,4,0
PHC-DST-A1-03,2024-11-15,4,3,1
PHC-DST-A1-03,2024-11-16,4,4,0
PHC-DST-A1-03,2024-11-17,4,4,0
PHC-DST-A1-03,2024-11-18,4,4,0
PHC-DST-A1-03,2024-11-19,4,4,0
PHC-DST-A1-03,2024-11-20,4,4,0
PHC-DST-A1-03,2024-11-21,4,4,0
PHC-DST-A1-03,2024-11-22,4,4,0
PHC-DST-A1-03,2024-11-23,4,4,0
PHC-DST-A1-03,2024-11-24,4,4,0
PHC-DST-A1-03,2024-11-25,4,3,1
PHC-DST-A1-03,2024-11-26,4,4,0
PHC-DST-A1-03,2024-11-27,4,4,0
PHC-DST-A1-03,2024-11-28,4,4,0
PHC-DST-A1-03,2024-11-29,4,2,2
PHC-DST-A1-03,2024-11-30,4,4,0
PHC-DST-A1-03,2024-12-01,4,4,0
PHC-DST-A1-03,2024-12-02,4,4,0
PHC-DST-A1-03,2024-12-03,4,4,0
PHC-DST-A1-03,2024-12-04,4,4,0
PHC-DST-A1-03,2024-12-05,4,3,1
PHC-DST-A1-03,2024-12-06,4,4,0
PHC-DST-A1-03,2024-12-07,4,4,0
PHC-DST-A1-03,2024-12-08,4,4,0
PHC-DST-A1-03,2024-12-09,4,4,0
PHC-DST-A1-03,2024-12-10,4,4,0
PHC-DST-A1-03,2024-12-11,4,4,0
PHC-DST-A1-03,2024-12-12,4,4,0
PHC-DST-A1-03,2024-12-13,4,4,0
PHC-DST-A1-03,2024-12-14,4,4,0
PHC-DST-A1-03,2024-12-15,4,2,2
PHC-DST-A1-03,2024-12-16,4,4,0
PHC-DST-A1-03,2024-12-17,4,4,0
PHC-DST-A1-03,2024-12-18,4,4,0
PHC-DST-A1-03,2024-12-19,4,4,0
PHC-DST-A1-03,2024-12-20,4,4,0
PHC-DST-A1-03,2024-12-21,4,2,2
PHC-DST-A1-03,2024-12-22,4,4,0
PHC-DST-A1-03,2024-12-23,4,4,0
PHC-DST-A1-03,2024-12-24,4,2,2
PHC-DST-A1-03,2024-12-25,4,4,0
PHC-DST-A1-03,2024-12-26,4,4,0
PHC-DST-A1-03,2024-12-27,4,4,0
PHC-DST-A1-03,2024-12-28,4,4,0
PHC-DST-A1-03,2024-12-29,4,4,0
PHC-DST-A1-03,2024-12-30,4,4,0
PHC-DST-A1-03,2024-12-31,4,4,0
PHC-DST-A1-03,2025-01-01,4,4,0
PHC-DST-A1-03,2025-01-02,4,4,0
PHC-DST-A1-03,2025-01-03,4,4,0
PHC-DST-A1-03,2025-01-04,4,4,0
PHC-DST-A1-03,2025-01-05,4,4,0
PHC-DST-A1-03,2025-01-06,4,4,0
PHC-DST-A1-03,2025-01-07,4,4,0
PHC-DST-A1-03,2025-01-08,4,4,0
PHC-DST-A1-03,2025-01-09,4,4,0
PHC-DST-A1-03,2025-01-10,4,4,0
PHC-DST-A1-03,2025-01-11,4,4,0
PHC-DST-A1-03,2025-01-12,4,4,0
PHC-DST-A1-03,2025-01-13,4,3,1
PHC-DST-A1-03,2025-01-14,4,4,0
PHC-DST-A1-03,2025-01-15,4,4,0
PHC-DST-A1-03,2025-01-16,4,4,0
PHC-DST-A1-03,2025-01-17,4,2,2
PHC-DST-A1-03,2025-01-18,4,4,0
PHC-DST-A1-03,2025-01-19,4,4,0
PHC-DST-A1-03,2025-01-20,4,4,0
PHC-DST-A1-03,2025-01-21,4,4,0
PHC-DST-A1-03,2025-01-22,4,4,0
PHC-DST-A1-03,2025-01-23,4,3,1
PHC-DST-A1-03,2025-01-24,4,4,0
PHC-DST-A1-03,2025-01-25,4,4,0
PHC-DST-A1-03,2025-01-26,4,4,0
PHC-DST-A1-03,2025-01-27,4,4,0
PHC-DST-A1-03,2025-01-28,4,2,2
PHC-DST-A1-03,2025-01-29,4,4,0
PHC-DST-A1-03,2025-01-30,4,3,1
PHC-DST-A1-03,2025-01-31,4,4,0
PHC-DST-A1-03,2025-02-01,4,4,0
PHC-DST-A1-03,2025-02-02,4,4,0
PHC-DST-A1-03,2025-02-03,4,4,0
PHC-DST-A1-03,2025-02-04,4,4,0
PHC-DST-A1-03,2025-02-05,4,4,0
PHC-DST-A1-03,2025-02-06,4,4,0
PHC-DST-A1-03,2025-02-07,4,4,0
PHC-DST-A1-03,2025-02-08,4,4,0
PHC-DST-A1-03,2025-02-09,4,4,0
PHC-DST-A1-03,2025-02-10,4,2,2
PHC-DST-A1-03,2025-02-11,4,4,0
PHC-DST-A1-03,2025-02-12,4,4,0
PHC-DST-A1-03,2025-02-13,4,3,1
PHC-DST-A1-03,2025-02-14,4,4,0
PHC-DST-A1-03,2025-02-15,4,3,1
PHC-DST-A1-03,2025-02-16,4,4,0
PHC-DST-A1-03,2025-02-17,4,4,0
PHC-DST-A1-03,2025-02-18,4,4,0
PHC-DST-A1-03,2025-02-19,4,4,0
PHC-DST-A1-03,2025-02-20,4,4,0
PHC-DST-A1-03,2025-02-21,4,3,1
PHC-DST-A1-03,2025-02-22,4,3,1
PHC-DST-A1-03,2025-02-23,4,4,0
PHC-DST-A1-03,2025-02-24,4,4,0
PHC-DST-A1-03,2025-02-25,4,4,0
PHC-DST-A1-03,2025-02-26,4,4,0
PHC-DST-A1-03,2025-02-27,4,4,0
PHC-DST-A1-03,2025-02-28,4,4,0
PHC-DST-A1-03,2025-03-01,4,4,0
PHC-DST-A1-03,2025-03-02,4,4,0
PHC-DST-A1-03,2025-03-03,4,4,0
PHC-DST-A1-03,2025-03-04,4,3,1
PHC-DST-A1-03,2025-03-05,4,3,1
PHC-DST-A1-03,2025-03-06,4,4,0
PHC-DST-A1-03,2025-03-07,4,4,0
PHC-DST-A1-03,2025-03-08,4,4,0
PHC-DST-A1-03,2025-03-09,4,2,2
PHC-DST-A1-03,2025-03-10,4,4,0
PHC-DST-A1-03,2025-03-11,4,3,1
PHC-DST-A1-03,2025-03-12,4,3,1
PHC-DST-A1-03,2025-03-13,4,4,0
PHC-DST-A1-03,2025-03-14,4,4,0
PHC-DST-A1-03,2025-03-15,4,4,0
PHC-DST-A1-03,2025-03-16,4,4,0
PHC-DST-A1-03,2025-03-17,4,4,0
PHC-DST-A1-03,2025-03-18,4,2,2
PHC-DST-A1-03,2025-03-19,4,4,0
PHC-DST-A1-03,2025-03-20,4,4,0
PHC-DST-A1-03,2025-03-21,4,3,1
PHC-DST-A1-03,2025-03-22,4,2,2
PHC-DST-A1-03,2025-03-23,4,4,0
PHC-DST-A1-03,2025-03-24,4,4,0
PHC-DST-A1-03,2025-03-25,4,4,0
PHC-DST-A1-03,2025-03-26,4,4,0
PHC-DST-A1-03,2025-03-27,4,3,1
PHC-DST-A1-03,2025-03-28,4,3,1
PHC-DST-A1-03,2025-03-29,4,4,0
PHC-DST-A1-03,2025-03-30,4,4,0
PHC-DST-A1-03,2025-03-31,4,4,0
PHC-DST-A1-03,2025-04-01,4,4,0
PHC-DST-A1-03,2025-04-02,4,4,0
PHC-DST-A1-03,2025-04-03,4,4,0
PHC-DST-A1-03,2025-04-04,4,4,0
PHC-DST-A1-03,2025-04-05,4,4,0
PHC-DST-A1-03,2025-04-06,4,4,0
PHC-DST-A1-03,2025-04-07,4,4,0
PHC-DST-A1-03,2025-04-08,4,4,0
PHC-DST-A1-03,2025-04-09,4,3,1
PHC-DST-A1-03,2025-04-10,4,3,1
PHC-DST-A1-03,2025-04-11,4,4,0
PHC-DST-A1-03,2025-04-12,4,4,0
PHC-DST-A1-03,2025-04-13,4,4,0
PHC-DST-A1-03,2025-04-14,4,4,0
PHC-DST-A1-03,2025-04-15,4,4,0
PHC-DST-A1-03,2025-04-16,4,4,0
PHC-DST-A1-03,2025-04-17,4,4,0
PHC-DST-A1-03,2025-04-18,4,4,0
PHC-DST-A1-03,2025-04-19,4,3,1
PHC-DST-A1-03,2025-04-20,4,4,0
PHC-DST-A1-03,2025-04-21,4,4,0
PHC-DST-A1-03,2025-04-22,4,4,0
PHC-DST-A1-03,2025-04-23,4,4,0
PHC-DST-A1-03,2025-04-24,4,2,2
PHC-DST-A1-03,2025-04-25,4,2,2
PHC-DST-A1-03,2025-04-26,4,4,0
PHC-DST-A1-03,2025-04-27,4,0,4
PHC-DST-A1-03,2025-04-28,4,4,0
PHC-DST-A1-03,2025-04-29,4,4,0
PHC-DST-A1-03,2025-04-30,4,3,1
PHC-DST-A1-03,2025-05-01,4,4,0
PHC-DST-A1-03,2025-05-02,4,4,0
PHC-DST-A1-03,2025-05-03,4,4,0
PHC-DST-A1-03,2025-05-04,4,2,2
PHC-DST-A1-03,2025-05-05,4,4,0
PHC-DST-A1-03,2025-05-06,4,4,0
PHC-DST-A1-03,2025-05-07,4,4,0
PHC-DST-A1-03,2025-05-08,4,4,0
PHC-DST-A1-03,2025-05-09,4,2,2
PHC-DST-A1-03,2025-05-10,4,4,0
PHC-DST-A1-03,2025-05-11,4,2,2
PHC-DST-A1-03,2025-05-12,4,2,2
PHC-DST-A1-03,2025-05-13,4,3,1
PHC-DST-A1-03,2025-05-14,4,4,0
PHC-DST-A1-03,2025-05-15,4,4,0
PHC-DST-A1-03,2025-05-16,4,3,1
PHC-DST-A1-03,2025-05-17,4,2,2
PHC-DST-A1-03,2025-05-18,4,4,0
PHC-DST-A1-03,2025-05-19,4,4,0
PHC-DST-A1-03,2025-05-20,4,4,0
PHC-DST-A1-03,2025-05-21,4,4,0
PHC-DST-A1-03,2025-05-22,4,3,1
PHC-DST-A1-03,2025-05-23,4,2,2
PHC-DST-A1-03,2025-05-24,4,4,0
PHC-DST-A1-03,2025-05-25,4,4,0
PHC-DST-A1-03,2025-05-26,4,4,0
PHC-DST-A1-03,2025-05-27,4,4,0
PHC-DST-A1-03,2025-05-28,4,4,0
PHC-DST-A1-03,2025-05-29,4,4,0
PHC-DST-A1-03,2025-05-30,4,2,2
PHC-DST-A1-03,2025-05-31,4,4,0
PHC-DST-A1-03,2025-06-01,4,4,0
PHC-DST-A1-03,2025-06-02,4,4,0
PHC-DST-A1-03,2025-06-03,4,4,0
PHC-DST-A1-03,2025-06-04,4,4,0
PHC-DST-A1-03,2025-06-05,4,4,0
PHC-DST-A1-03,2025-06-06,4,4,0
PHC-DST-A1-03,2025-06-07,4,3,1
PHC-DST-A1-03,2025-06-08,4,4,0
PHC-DST-A1-03,2025-06-09,4,4,0
PHC-DST-A1-03,2025-06-10,4,4,0
PHC-DST-A1-03,2025-06-11,4,4,0
PHC-DST-A1-03,2025-06-12,4,4,0
PHC-DST-A1-03,2025-06-13,4,4,0
PHC-DST-A1-03,2025-06-14,4,3,1
PHC-DST-A1-03,2025-06-15,4,4,0
PHC-DST-A1-03,2025-06-16,4,4,0
PHC-DST-A1-03,2025-06-17,4,4,0
PHC-DST-A1-03,2025-06-18,4,4,0
PHC-DST-A1-03,2025-06-19,4,4,0
PHC-DST-A1-03,2025-06-20,4,3,1
PHC-DST-A1-03,2025-06-21,4,2,2
PHC-DST-A1-03,2025-06-22,4,4,0
PHC-DST-A1-03,2025-06-23,4,4,0
PHC-DST-A1-03,2025-06-24,4,4,0
PHC-DST-A1-03,2025-06-25,4,4,0
PHC-DST-A1-03,2025-06-26,4,4,0
PHC-DST-A1-03,2025-06-27,4,4,0
PHC-DST-A1-03,2025-06-28,4,4,0
PHC-DST-A1-03,2025-06-29,4,4,0
PHC-DST-A1-03,2025-06-30,4,4,0
PHC-DST-A1-04,2024-01-01,6,5,1
PHC-DST-A1-04,2024-01-02,6,6,0
PHC-DST-A1-04,2024-01-03,6,3,3
PHC-DST-A1-04,2024-01-04,6,4,2
PHC-DST-A1-04,2024-01-05,6,5,1
PHC-DST-A1-04,2024-01-06,6,6,0
PHC-DST-A1-04,2024-01-07,6,6,0
PHC-DST-A1-04,2024-01-08,6,6,0
PHC-DST-A1-04,2024-01-09,6,6,0
PHC-DST-A1-04,2024-01-10,6,6,0
PHC-DST-A1-04,2024-01-11,6,6,0
PHC-DST-A1-04,2024-01-12,6,6,0
PHC-DST-A1-04,2024-01-13,6,3,3
PHC-DST-A1-04,2024-01-14,6,6,0
PHC-DST-A1-04,2024-01-15,6,6,0
PHC-DST-A1-04,2024-01-16,6,4,2
PHC-DST-A1-04,2024-01-17,6,6,0
PHC-DST-A1-04,2024-01-18,6,5,1
PHC-DST-A1-04,2024-01-19,6,5,1
PHC-DST-A1-04,2024-01-20,6,3,3
PHC-DST-A1-04,2024-01-21,6,6,0
PHC-DST-A1-04,2024-01-22,6,6,0
PHC-DST-A1-04,2024-01-23,6,4,2
PHC-DST-A1-04,2024-01-24,6,6,0
PHC-DST-A1-04,2024-01-25,6,3,3
PHC-DST-A1-04,2024-01-26,6,5,1
PHC-DST-A1-04,2024-01-27,6,3,3
PHC-DST-A1-04,2024-01-28,6,6,0
PHC-DST-A1-04,2024-01-29,6,4,2
PHC-DST-A1-04,2024-01-30,6,3,3
PHC-DST-A1-04,2024-01-31,6,5,1
PHC-DST-A1-04,2024-02-01,6,5,1
PHC-DST-A1-04,2024-02-02,6,3,3
PHC-DST-A1-04,2024-02-03,6,6,0
PHC-DST-A1-04,2024-02-04,6,4,2
PHC-DST-A1-04,2024-02-05,6,4,2
PHC-DST-A1-04,2024-02-06,6,3,3
PHC-DST-A1-04,2024-02-07,6,6,0
PHC-DST-A1-04,2024-02-08,6,6,0
PHC-DST-A1-04,2024-02-09,6,6,0
PHC-DST-A1-04,2024-02-10,6,6,0
PHC-DST-A1-04,2024-02-11,6,2,4
PHC-DST-A1-04,2024-02-12,6,6,0
PHC-DST-A1-04,2024-02-13,6,6,0
PHC-DST-A1-04,2024-02-14,6,2,4
PHC-DST-A1-04,2024-02-15,6,4,2
PHC-DST-A1-04,2024-02-16,6,6,0
PHC-DST-A1-04,2024-02-17,6,2,4
PHC-DST-A1-04,2024-02-18,6,3,3
PHC-DST-A1-04,2024-02-19,6,2,4
PHC-DST-A1-04,2024-02-20,6,6,0
PHC-DST-A1-04,2024-02-21,6,2,4
PHC-DST-A1-04,2024-02-22,6,6,0
PHC-DST-A1-04,2024-02-23,6,6,0
PHC-DST-A1-04,2024-02-24,6,6,0
PHC-DST-A1-04,2024-02-25,6,3,3
PHC-DST-A1-04,2024-02-26,6,6,0
PHC-DST-A1-04,2024-02-27,6,4,2
PHC-DST-A1-04,2024-02-28,6,6,0
PHC-DST-A1-04,2024-02-29,6,6,0
PHC-DST-A1-04,2024-03-01,6,6,0
PHC-DST-A1-04,2024-03-02,6,3,3
PHC-DST-A1-04,2024-03-03,6,6,0
PHC-DST-A1-04,2024-03-04,6,6,0
PHC-DST-A1-04,2024-03-05,6,2,4
PHC-DST-A1-04,2024-03-06,6,6,0
PHC-DST-A1-04,2024-03-07,6,3,3
PHC-DST-A1-04,2024-03-08,6,6,0
PHC-DST-A1-04,2024-03-09,6,4,2
PHC-DST-A1-04,2024-03-10,6,5,1
PHC-DST-A1-04,2024-03-11,6,4,2
PHC-DST-A1-04,2024-03-12,6,5,1
PHC-DST-A1-04,2024-03-13,6,6,0
PHC-DST-A1-04,2024-03-14,6,2,4
PHC-DST-A1-04,2024-03-15,6,6,0
PHC-DST-A1-04,2024-03-16,6,3,3
PHC-DST-A1-04,2024-03-17,6,6,0
PHC-DST-A1-04,2024-03-18,6,6,0
PHC-DST-A1-04,2024-03-19,6,6,0
PHC-DST-A1-04,2024-03-20,6,6,0
PHC-DST-A1-04,2024-03-21,6,3,3
PHC-DST-A1-04,2024-03-22,6,4,2
PHC-DST-A1-04,2024-03-23,6,6,0
PHC-DST-A1-04,2024-03-24,6,6,0
PHC-DST-A1-04,2024-03-25,6,4,2
PHC-DST-A1-04,2024-03-26,6,5,1
PHC-DST-A1-04,2024-03-27,6,5,1
PHC-DST-A1-04,2024-03-28,6,5,1
PHC-DST-A1-04,2024-03-29,6,6,0
PHC-DST-A1-04,2024-03-30,6,4,2
PHC-DST-A1-04,2024-03-31,6,6,0
PHC-DST-A1-04,2024-04-01,6,5,1
PHC-DST-A1-04,2024-04-02,6,6,0
PHC-DST-A1-04,2024-04-03,6,4,2
PHC-DST-A1-04,2024-04-04,6,6,0
PHC-DST-A1-04,2024-04-05,6,5,1
PHC-DST-A1-04,2024-04-06,6,6,0
PHC-DST-A1-04,2024-04-07,6,5,1
PHC-DST-A1-04,2024-04-08,6,4,2
PHC-DST-A1-04,2024-04-09,6,5,1
PHC-DST-A1-04,2024-04-10,6,3,3
PHC-DST-A1-04,2024-04-11,6,6,0
PHC-DST-A1-04,2024-04-12,6,6,0
PHC-DST-A1-04,2024-04-13,6,4,2
PHC-DST-A1-04,2024-04-14,6,3,3
PHC-DST-A1-04,2024-04-15,6,4,2
PHC-DST-A1-04,2024-04-16,6,6,0
PHC-DST-A1-04,2024-04-17,6,5,1
PHC-DST-A1-04,2024-04-18,6,5,1
PHC-DST-A1-04,2024-04-19,6,6,0
PHC-DST-A1-04,2024-04-20,6,3,3
PHC-DST-A1-04,2024-04-21,6,5,1
PHC-DST-A1-04,2024-04-22,6,4,2
PHC-DST-A1-04,2024-04-23,6,4,2
PHC-DST-A1-04,2024-04-24,6,6,0
PHC-DST-A1-04,2024-04-25,6,2,4
PHC-DST-A1-04,2024-04-26,6,6,0
PHC-DST-A1-04,2024-04-27,6,2,4
PHC-DST-A1-04,2024-04-28,6,5,1
PHC-DST-A1-04,2024-04-29,6,3,3
PHC-DST-A1-04,2024-04-30,6,5,1
PHC-DST-A1-04,2024-05-01,6,6,0
PHC-DST-A1-04,2024-05-02,6,6,0
PHC-DST-A1-04,2024-05-03,6,5,1
PHC-DST-A1-04,2024-05-04,6,4,2
PHC-DST-A1-04,2024-05-05,6,4,2
PHC-DST-A1-04,2024-05-06,6,2,4
PHC-DST-A1-04,2024-05-07,6,4,2
PHC-DST-A1-04,2024-05-08,6,5,1
PHC-DST-A1-04,2024-05-09,6,6,0
PHC-DST-A1-04,2024-05-10,6,6,0
PHC-DST-A1-04,2024-05-11,6,6,0
PHC-DST-A1-04,2024-05-12,6,5,1
PHC-DST-A1-04,2024-05-13,6,4,2
PHC-DST-A1-04,2024-05-14,6,2,4
PHC-DST-A1-04,2024-05-15,6,5,1
PHC-DST-A1-04,2024-05-16,6,4,2
PHC-DST-A1-04,2024-05-17,6,6,0
PHC-DST-A1-04,2024-05-18,6,6,0
PHC-DST-A1-04,2024-05-19,6,6,0
PHC-DST-A1-04,2024-05-20,6,4,2
PHC-DST-A1-04,2024-05-21,6,3,3
PHC-DST-A1-04,2024-05-22,6,3,3
PHC-DST-A1-04,2024-05-23,6,5,1
PHC-DST-A1-04,2024-05-24,6,6,0
PHC-DST-A1-04,2024-05-25,6,5,1
PHC-DST-A1-04,2024-05-26,6,4,2
PHC-DST-A1-04,2024-05-27,6,3,3
PHC-DST-A1-04,2024-05-28,6,6,0
PHC-DST-A1-04,2024-05-29,6,6,0
PHC-DST-A1-04,2024-05-30,6,5,1
PHC-DST-A1-04,2024-05-31,6,4,2
PHC-DST-A1-04,2024-06-01,6,4,2
PHC-DST-A1-04,2024-06-02,6,6,0
PHC-DST-A1-04,2024-06-03,6,6,0
PHC-DST-A1-04,2024-06-04,6,6,0
PHC-DST-A1-04,2024-06-05,6,6,0
PHC-DST-A1-04,2024-06-06,6,6,0
PHC-DST-A1-04,2024-06-07,6,6,0
PHC-DST-A1-04,2024-06-08,6,3,3
PHC-DST-A1-04,2024-06-09,6,6,0
PHC-DST-A1-04,2024-06-10,6,5,1
PHC-DST-A1-04,2024-06-11,6,3,3
PHC-DST-A1-04,2024-06-12,6,4,2
PHC-DST-A1-04,2024-06-13,6,2,4
PHC-DST-A1-04,2024-06-14,6,4,2
PHC-DST-A1-04,2024-06-15,6,3,3
PHC-DST-A1-04,2024-06-16,6,4,2
PHC-DST-A1-04,2024-06-17,6,4,2
PHC-DST-A1-04,2024-06-18,6,4,2
PHC-DST-A1-04,2024-06-19,6,6,0
PHC-DST-A1-04,2024-06-20,6,6,0
PHC-DST-A1-04,2024-06-21,6,6,0
PHC-DST-A1-04,2024-06-22,6,6,0
PHC-DST-A1-04,2024-06-23,6,2,4
PHC-DST-A1-04,2024-06-24,6,6,0
PHC-DST-A1-04,2024-06-25,6,3,3
PHC-DST-A1-04,2024-06-26,6,6,0
PHC-DST-A1-04,2024-06-27,6,5,1
PHC-DST-A1-04,2024-06-28,6,6,0
PHC-DST-A1-04,2024-06-29,6,5,1
PHC-DST-A1-04,2024-06-30,6,6,0
PHC-DST-A1-04,2024-07-01,6,5,1
PHC-DST-A1-04,2024-07-02,6,2,4
PHC-DST-A1-04,2024-07-03,6,5,1
PHC-DST-A1-04,2024-07-04,6,6,0
PHC-DST-A1-04,2024-07-05,6,6,0
PHC-DST-A1-04,2024-07-06,6,6,0
PHC-DST-A1-04,2024-07-07,6,6,0
PHC-DST-A1-04,2024-07-08,6,6,0
PHC-DST-A1-04,2024-07-09,6,6,0
PHC-DST-A1-04,2024-07-10,6,6,0
PHC-DST-A1-04,2024-07-11,6,6,0
PHC-DST-A1-04,2024-07-12,6,6,0
PHC-DST-A1-04,2024-07-13,6,6,0
PHC-DST-A1-04,2024-07-14,6,5,1
PHC-DST-A1-04,2024-07-15,6,6,0
PHC-DST-A1-04,2024-07-16,6,5,1
PHC-DST-A1-04,2024-07-17,6,6,0
PHC-DST-A1-04,2024-07-18,6,5,1
PHC-DST-A1-04,2024-07-19,6,6,0
PHC-DST-A1-04,2024-07-20,6,6,0
PHC-DST-A1-04,2024-07-21,6,5,1
PHC-DST-A1-04,2024-07-22,6,6,0
PHC-DST-A1-04,2024-07-23,6,6,0
PHC-DST-A1-04,2024-07-24,6,6,0
PHC-DST-A1-04,2024-07-25,6,6,0
PHC-DST-A1-04,2024-07-26,6,6,0
PHC-DST-A1-04,2024-07-27,6,2,4
PHC-DST-A1-04,2024-07-28,6,6,0
PHC-DST-A1-04,2024-07-29,6,4,2
PHC-DST-A1-04,2024-07-30,6,6,0
PHC-DST-A1-04,2024-07-31,6,6,0
PHC-DST-A1-04,2024-08-01,6,6,0
PHC-DST-A1-04,2024-08-02,6,6,0
PHC-DST-A1-04,2024-08-03,6,6,0
PHC-DST-A1-04,2024-08-04,6,3,3
PHC-DST-A1-04,2024-08-05,6,6,0
PHC-DST-A1-04,2024-08-06,6,6,0
PHC-DST-A1-04,2024-08-07,6,6,0
PHC-DST-A1-04,2024-08-08,6,5,1
PHC-DST-A1-04,2024-08-09,6,4,2
PHC-DST-A1-04,2024-08-10,6,4,2
PHC-DST-A1-04,2024-08-11,6,6,0
PHC-DST-A1-04,2024-08-12,6,6,0
PHC-DST-A1-04,2024-08-13,6,6,0
PHC-DST-A1-04,2024-08-14,6,4,2
PHC-DST-A1-04,2024-08-15,6,6,0
PHC-DST-A1-04,2024-08-16,6,2,4
PHC-DST-A1-04,2024-08-17,6,2,4
PHC-DST-A1-04,2024-08-18,6,4,2
PHC-DST-A1-04,2024-08-19,6,6,0
PHC-DST-A1-04,2024-08-20,6,6,0
PHC-DST-A1-04,2024-08-21,6,6,0
PHC-DST-A1-04,2024-08-22,6,6,0
PHC-DST-A1-04,2024-08-23,6,3,3
PHC-DST-A1-04,2024-08-24,6,3,3
PHC-DST-A1-04,2024-08-25,6,6,0
PHC-DST-A1-04,2024-08-26,6,6,0
PHC-DST-A1-04,2024-08-27,6,5,1
PHC-DST-A1-04,2024-08-28,6,6,0
PHC-DST-A1-04,2024-08-29,6,6,0
PHC-DST-A1-04,2024-08-30,6,4,2
PHC-DST-A1-04,2024-08-31,6,6,0
PHC-DST-A1-04,2024-09-01,6,6,0
PHC-DST-A1-04,2024-09-02,6,3,3
PHC-DST-A1-04,2024-09-03,6,6,0
PHC-DST-A1-04,2024-09-04,6,3,3
PHC-DST-A1-04,2024-09-05,6,4,2
PHC-DST-A1-04,2024-09-06,6,4,2
PHC-DST-A1-04,2024-09-07,6,6,0
PHC-DST-A1-04,2024-09-08,6,6,0
PHC-DST-A1-04,2024-09-09,6,6,0
PHC-DST-A1-04,2024-09-10,6,5,1
PHC-DST-A1-04,2024-09-11,6,6,0
PHC-DST-A1-04,2024-09-12,6,5,1
PHC-DST-A1-04,2024-09-13,6,6,0
PHC-DST-A1-04,2024-09-14,6,3,3
PHC-DST-A1-04,2024-09-15,6,6,0
PHC-DST-A1-04,2024-09-16,6,6,0
PHC-DST-A1-04,2024-09-17,6,6,0
PHC-DST-A1-04,2024-09-18,6,6,0
PHC-DST-A1-04,2024-09-19,6,5,1
PHC-DST-A1-04,2024-09-20,6,5,1
PHC-DST-A1-04,2024-09-21,6,6,0
PHC-DST-A1-04,2024-09-22,6,6,0
PHC-DST-A1-04,2024-09-23,6,6,0
PHC-DST-A1-04,2024-09-24,6,6,0
PHC-DST-A1-04,2024-09-25,6,4,2
PHC-DST-A1-04,2024-09-26,6,5,1
PHC-DST-A1-04,2024-09-27,6,6,0
PHC-DST-A1-04,2024-09-28,6,6,0
PHC-DST-A1-04,2024-09-29,6,6,0
PHC-DST-A1-04,2024-09-30,6,3,3
PHC-DST-A1-04,2024-10-01,6,2,4
PHC-DST-A1-04,2024-10-02,6,2,4
PHC-DST-A1-04,2024-10-03,6,6,0
PHC-DST-A1-04,2024-10-04,6,5,1
PHC-DST-A1-04,2024-10-05,6,6,0
PHC-DST-A1-04,2024-10-06,6,6,0
PHC-DST-A1-04,2024-10-07,6,6,0
PHC-DST-A1-04,2024-10-08,6,4,2
PHC-DST-A1-04,2024-10-09,6,6,0
PHC-DST-A1-04,2024-10-10,6,5,1
PHC-DST-A1-04,2024-10-11,6,5,1
PHC-DST-A1-04,2024-10-12,6,6,0
PHC-DST-A1-04,2024-10-13,6,2,4
PHC-DST-A1-04,2024-10-14,6,3,3
PHC-DST-A1-04,2024-10-15,6,4,2
PHC-DST-A1-04,2024-10-16,6,5,1
PHC-DST-A1-04,2024-10-17,6,6,0
PHC-DST-A1-04,2024-10-18,6,6,0
PHC-DST-A1-04,2024-10-19,6,4,2
PHC-DST-A1-04,2024-10-20,6,6,0
PHC-DST-A1-04,2024-10-21,6,4,2
PHC-DST-A1-04,2024-10-22,6,6,0
PHC-DST-A1-04,2024-10-23,6,5,1
PHC-DST-A1-04,2024-10-24,6,6,0
PHC-DST-A1-04,2024-10-25,6,5,1
PHC-DST-A1-04,2024-10-26,6,3,3
PHC-DST-A1-04,2024-10-27,6,4,2
PHC-DST-A1-04,2024-10-28,6,5,1
PHC-DST-A1-04,2024-10-29,6,4,2
PHC-DST-A1-04,2024-10-30,6,5,1
PHC-DST-A1-04,2024-10-31,6,4,2
PHC-DST-A1-04,2024-11-01,6,4,2
PHC-DST-A1-04,2024-11-02,6,6,0
PHC-DST-A1-04,2024-11-03,6,4,2
PHC-DST-A1-04,2024-11-04,6,4,2
PHC-DST-A1-04,2024-11-05,6,4,2
PHC-DST-A1-04,2024-11-06,6,6,0
PHC-DST-A1-04,2024-11-07,6,6,0
PHC-DST-A1-04,2024-11-08,6,4,2
PHC-DST-A1-04,2024-11-09,6,6,0
PHC-DST-A1-04,2024-11-10,6,6,0
PHC-DST-A1-04,2024-11-11,6,4,2
PHC-DST-A1-04,2024-11-12,6,4,2
PHC-DST-A1-04,2024-11-13,6,4,2
PHC-DST-A1-04,2024-11-14,6,3,3
PHC-DST-A1-04,2024-11-15,6,2,4
PHC-DST-A1-04,2024-11-16,6,6,0
PHC-DST-A1-04,2024-11-17,6,6,0
PHC-DST-A1-04,2024-11-18,6,5,1
PHC-DST-A1-04,2024-11-19,6,6,0
PHC-DST-A1-04,2024-11-20,6,6,0
PHC-DST-A1-04,2024-11-21,6,5,1
PHC-DST-A1-04,2024-11-22,6,5,1
PHC-DST-A1-04,2024-11-23,6,3,3
PHC-DST-A1-04,2024-11-24,6,6,0
PHC-DST-A1-04,2024-11-25,6,3,3
PHC-DST-A1-04,2024-11-26,6,5,1
PHC-DST-A1-04,2024-11-27,6,5,1
PHC-DST-A1-04,2024-11-28,6,6,0
PHC-DST-A1-04,2024-11-29,6,5,1
PHC-DST-A1-04,2024-11-30,6,5,1
PHC-DST-A1-04,2024-12-01,6,2,4
PHC-DST-A1-04,2024-12-02,6,3,3
PHC-DST-A1-04,2024-12-03,6,4,2
PHC-DST-A1-04,2024-12-04,6,6,0
PHC-DST-A1-04,2024-12-05,6,3,3
PHC-DST-A1-04,2024-12-06,6,6,0
PHC-DST-A1-04,2024-12-07,6,2,4
PHC-DST-A1-04,2024-12-08,6,4,2
PHC-DST-A1-04,2024-12-09,6,6,0
PHC-DST-A1-04,2024-12-10,6,5,1
PHC-DST-A1-04,2024-12-11,6,3,3
PHC-DST-A1-04,2024-12-12,6,6,0
PHC-DST-A1-04,2024-12-13,6,6,0
PHC-DST-A1-04,2024-12-14,6,6,0
PHC-DST-A1-04,2024-12-15,6,6,0
PHC-DST-A1-04,2024-12-16,6,6,0
PHC-DST-A1-04,2024-12-17,6,5,1
PHC-DST-A1-04,2024-12-18,6,3,3
PHC-DST-A1-04,2024-12-19,6,5,1
PHC-DST-A1-04,2024-12-20,6,3,3
PHC-DST-A1-04,2024-12-21,6,5,1
PHC-DST-A1-04,2024-12-22,6,6,0
PHC-DST-A1-04,2024-12-23,6,4,2
PHC-DST-A1-04,2024-12-24,6,3,3
PHC-DST-A1-04,2024-12-25,6,3,3
PHC-DST-A1-04,2024-12-26,6,4,2
PHC-DST-A1-04,2024-12-27,6,5,1
PHC-DST-A1-04,2024-12-28,6,2,4
PHC-DST-A1-04,2024-12-29,6,6,0
PHC-DST-A1-04,2024-12-30,6,6,0
PHC-DST-A1-04,2024-12-31,6,6,0
PHC-DST-A1-04,2025-01-01,6,2,4
PHC-DST-A1-04,2025-01-02,6,1,5
PHC-DST-A1-04,2025-01-03,6,3,3
PHC-DST-A1-04,2025-01-04,6,3,3
PHC-DST-A1-04,2025-01-05,6,6,0
PHC-DST-A1-04,2025-01-06,6,5,1
PHC-DST-A1-04,2025-01-07,6,2,4
PHC-DST-A1-04,2025-01-08,6,4,2
PHC-DST-A1-04,2025-01-09,6,3,3
PHC-DST-A1-04,2025-01-10,6,5,1
PHC-DST-A1-04,2025-01-11,6,4,2
PHC-DST-A1-04,2025-01-12,6,3,3
PHC-DST-A1-04,2025-01-13,6,5,1
PHC-DST-A1-04,2025-01-14,6,5,1
PHC-DST-A1-04,2025-01-15,6,5,1
PHC-DST-A1-04,2025-01-16,6,6,0
PHC-DST-A1-04,2025-01-17,6,6,0
PHC-DST-A1-04,2025-01-18,6,6,0
PHC-DST-A1-04,2025-01-19,6,3,3
PHC-DST-A1-04,2025-01-20,6,6,0
PHC-DST-A1-04,2025-01-21,6,4,2
PHC-DST-A1-04,2025-01-22,6,4,2
PHC-DST-A1-04,2025-01-23,6,3,3
PHC-DST-A1-04,2025-01-24,6,6,0
PHC-DST-A1-04,2025-01-25,6,5,1
PHC-DST-A1-04,2025-01-26,6,3,3
PHC-DST-A1-04,2025-01-27,6,5,1
PHC-DST-A1-04,2025-01-28,6,6,0
PHC-DST-A1-04,2025-01-29,6,6,0
PHC-DST-A1-04,2025-01-30,6,5,1
PHC-DST-A1-04,2025-01-31,6,6,0
PHC-DST-A1-04,2025-02-01,6,3,3
PHC-DST-A1-04,2025-02-02,6,1,5
PHC-DST-A1-04,2025-02-03,6,6,0
PHC-DST-A1-04,2025-02-04,6,6,0
PHC-DST-A1-04,2025-02-05,6,6,0
PHC-DST-A1-04,2025-02-06,6,4,2
PHC-DST-A1-04,2025-02-07,6,6,0
PHC-DST-A1-04,2025-02-08,6,6,0
PHC-DST-A1-04,2025-02-09,6,6,0
PHC-DST-A1-04,2025-02-10,6,5,1
PHC-DST-A1-04,2025-02-11,6,4,2
PHC-DST-A1-04,2025-02-12,6,3,3
PHC-DST-A1-04,2025-02-13,6,6,0
PHC-DST-A1-04,2025-02-14,6,5,1
PHC-DST-A1-04,2025-02-15,6,6,0
PHC-DST-A1-04,2025-02-16,6,2,4
PHC-DST-A1-04,2025-02-17,6,6,0
PHC-DST-A1-04,2025-02-18,6,4,2
PHC-DST-A1-04,2025-02-19,6,6,0
PHC-DST-A1-04,2025-02-20,6,2,4
PHC-DST-A1-04,2025-02-21,6,1,5
PHC-DST-A1-04,2025-02-22,6,4,2
PHC-DST-A1-04,2025-02-23,6,4,2
PHC-DST-A1-04,2025-02-24,6,5,1
PHC-DST-A1-04,2025-02-25,6,5,1
PHC-DST-A1-04,2025-02-26,6,4,2
PHC-DST-A1-04,2025-02-27,6,5,1
PHC-DST-A1-04,2025-02-28,6,4,2
PHC-DST-A1-04,2025-03-01,6,4,2
PHC-DST-A1-04,2025-03-02,6,3,3
PHC-DST-A1-04,2025-03-03,6,3,3
PHC-DST-A1-04,2025-03-04,6,4,2
PHC-DST-A1-04,2025-03-05,6,3,3
PHC-DST-A1-04,2025-03-06,6,4,2
PHC-DST-A1-04,2025-03-07,6,4,2
PHC-DST-A1-04,2025-03-08,6,4,2
PHC-DST-A1-04,2025-03-09,6,4,2
PHC-DST-A1-04,2025-03-10,6,5,1
PHC-DST-A1-04,2025-03-11,6,5,1
PHC-DST-A1-04,2025-03-12,6,3,3
PHC-DST-A1-04,2025-03-13,6,6,0
PHC-DST-A1-04,2025-03-14,6,6,0
PHC-DST-A1-04,2025-03-15,6,4,2
PHC-DST-A1-04,2025-03-16,6,6,0
PHC-DST-A1-04,2025-03-17,6,3,3
PHC-DST-A1-04,2025-03-18,6,6,0
PHC-DST-A1-04,2025-03-19,6,3,3
PHC-DST-A1-04,2025-03-20,6,6,0
PHC-DST-A1-04,2025-03-21,6,4,2
PHC-DST-A1-04,2025-03-22,6,5,1
PHC-DST-A1-04,2025-03-23,6,6,0
PHC-DST-A1-04,2025-03-24,6,4,2
PHC-DST-A1-04,2025-03-25,6,3,3
PHC-DST-A1-04,2025-03-26,6,6,0
PHC-DST-A1-04,2025-03-27,6,4,2
PHC-DST-A1-04,2025-03-28,6,6,0
PHC-DST-A1-04,2025-03-29,6,6,0
PHC-DST-A1-04,2025-03-30,6,4,2
PHC-DST-A1-04,2025-03-31,6,6,0
PHC-DST-A1-04,2025-04-01,6,6,0
PHC-DST-A1-04,2025-04-02,6,6,0
PHC-DST-A1-04,2025-04-03,6,6,0
PHC-DST-A1-04,2025-04-04,6,6,0
PHC-DST-A1-04,2025-04-05,6,5,1
PHC-DST-A1-04,2025-04-06,6,6,0
PHC-DST-A1-04,2025-04-07,6,6,0
PHC-DST-A1-04,2025-04-08,6,6,0
PHC-DST-A1-04,2025-04-09,6,6,0
PHC-DST-A1-04,2025-04-10,6,2,4
PHC-DST-A1-04,2025-04-11,6,6,0
PHC-DST-A1-04,2025-04-12,6,2,4
PHC-DST-A1-04,2025-04-13,6,6,0
PHC-DST-A1-04,2025-04-14,6,2,4
PHC-DST-A1-04,2025-04-15,6,6,0
PHC-DST-A1-04,2025-04-16,6,6,0
PHC-DST-A1-04,2025-04-17,6,6,0
PHC-DST-A1-04,2025-04-18,6,3,3
PHC-DST-A1-04,2025-04-19,6,4,2
PHC-DST-A1-04,2025-04-20,6,5,1
PHC-DST-A1-04,2025-04-21,6,2,4
PHC-DST-A1-04,2025-04-22,6,3,3
PHC-DST-A1-04,2025-04-23,6,5,1
PHC-DST-A1-04,2025-04-24,6,5,1
PHC-DST-A1-04,2025-04-25,6,5,1
PHC-DST-A1-04,2025-04-26,6,6,0
PHC-DST-A1-04,2025-04-27,6,5,1
PHC-DST-A1-04,2025-04-28,6,2,4
PHC-DST-A1-04,2025-04-29,6,5,1
PHC-DST-A1-04,2025-04-30,6,2,4
PHC-DST-A1-04,2025-05-01,6,6,0
PHC-DST-A1-04,2025-05-02,6,4,2
PHC-DST-A1-04,2025-05-03,6,3,3
PHC-DST-A1-04,2025-05-04,6,2,4
PHC-DST-A1-04,2025-05-05,6,6,0
PHC-DST-A1-04,2025-05-06,6,5,1
PHC-DST-A1-04,2025-05-07,6,6,0
PHC-DST-A1-04,2025-05-08,6,3,3
PHC-DST-A1-04,2025-05-09,6,6,0
PHC-DST-A1-04,2025-05-10,6,4,2
PHC-DST-A1-04,2025-05-11,6,5,1
PHC-DST-A1-04,2025-05-12,6,2,4
PHC-DST-A1-04,2025-05-13,6,4,2
PHC-DST-A1-04,2025-05-14,6,6,0
PHC-DST-A1-04,2025-05-15,6,3,3
PHC-DST-A1-04,2025-05-16,6,6,0
PHC-DST-A1-04,2025-05-17,6,5,1
PHC-DST-A1-04,2025-05-18,6,4,2
PHC-DST-A1-04,2025-05-19,6,6,0
PHC-DST-A1-04,2025-05-20,6,6,0
PHC-DST-A1-04,2025-05-21,6,4,2
PHC-DST-A1-04,2025-05-22,6,4,2
PHC-DST-A1-04,2025-05-23,6,4,2
PHC-DST-A1-04,2025-05-24,6,6,0
PHC-DST-A1-04,2025-05-25,6,5,1
PHC-DST-A1-04,2025-05-26,6,3,3
PHC-DST-A1-04,2025-05-27,6,6,0
PHC-DST-A1-04,2025-05-28,6,5,1
PHC-DST-A1-04,2025-05-29,6,5,1
PHC-DST-A1-04,2025-05-30,6,6,0
PHC-DST-A1-04,2025-05-31,6,6,0
PHC-DST-A1-04,2025-06-01,6,4,2
PHC-DST-A1-04,2025-06-02,6,6,0
PHC-DST-A1-04,2025-06-03,6,6,0
PHC-DST-A1-04,2025-06-04,6,6,0
PHC-DST-A1-04,2025-06-05,6,3,3
PHC-DST-A1-04,2025-06-06,6,4,2
PHC-DST-A1-04,2025-06-07,6,6,0
PHC-DST-A1-04,2025-06-08,6,6,0
PHC-DST-A1-04,2025-06-09,6,6,0
PHC-DST-A1-04,2025-06-10,6,6,0
PHC-DST-A1-04,2025-06-11,6,6,0
PHC-DST-A1-04,2025-06-12,6,5,1
PHC-DST-A1-04,2025-06-13,6,6,0
PHC-DST-A1-04,2025-06-14,6,4,2
PHC-DST-A1-04,2025-06-15,6,5,1
PHC-DST-A1-04,2025-06-16,6,6,0
PHC-DST-A1-04,2025-06-17,6,4,2
PHC-DST-A1-04,2025-06-18,6,6,0
PHC-DST-A1-04,2025-06-19,6,2,4
PHC-DST-A1-04,2025-06-20,6,3,3
PHC-DST-A1-04,2025-06-21,6,6,0
PHC-DST-A1-04,2025-06-22,6,3,3
PHC-DST-A1-04,2025-06-23,6,5,1
PHC-DST-A1-04,2025-06-24,6,5,1
PHC-DST-A1-04,2025-06-25,6,3,3
PHC-DST-A1-04,2025-06-26,6,6,0
PHC-DST-A1-04,2025-06-27,6,5,1
PHC-DST-A1-04,2025-06-28,6,2,4
PHC-DST-A1-04,2025-06-29,6,6,0
PHC-DST-A1-04,2025-06-30,6,3,3
PHC-DST-A1-05,2024-01-01,6,6,0
PHC-DST-A1-05,2024-01-02,6,4,2
PHC-DST-A1-05,2024-01-03,6,6,0
PHC-DST-A1-05,2024-01-04,6,5,1
PHC-DST-A1-05,2024-01-05,6,3,3
PHC-DST-A1-05,2024-01-06,6,3,3
PHC-DST-A1-05,2024-01-07,6,4,2
PHC-DST-A1-05,2024-01-08,6,2,4
PHC-DST-A1-05,2024-01-09,6,5,1
PHC-DST-A1-05,2024-01-10,6,6,0
PHC-DST-A1-05,2024-01-11,6,4,2
PHC-DST-A1-05,2024-01-12,6,4,2
PHC-DST-A1-05,2024-01-13,6,6,0
PHC-DST-A1-05,2024-01-14,6,5,1
PHC-DST-A1-05,2024-01-15,6,2,4
PHC-DST-A1-05,2024-01-16,6,1,5
PHC-DST-A1-05,2024-01-17,6,3,3
PHC-DST-A1-05,2024-01-18,6,5,1
PHC-DST-A1-05,2024-01-19,6,2,4
PHC-DST-A1-05,2024-01-20,6,3,3
PHC-DST-A1-05,2024-01-21,6,6,0
PHC-DST-A1-05,2024-01-22,6,5,1
PHC-DST-A1-05,2024-01-23,6,2,4
PHC-DST-A1-05,2024-01-24,6,4,2
PHC-DST-A1-05,2024-01-25,6,6,0
PHC-DST-A1-05,2024-01-26,6,2,4
PHC-DST-A1-05,2024-01-27,6,4,2
PHC-DST-A1-05,2024-01-28,6,3,3
PHC-DST-A1-05,2024-01-29,6,2,4
PHC-DST-A1-05,2024-01-30,6,3,3
PHC-DST-A1-05,2024-01-31,6,3,3
PHC-DST-A1-05,2024-02-01,6,6,0
PHC-DST-A1-05,2024-02-02,6,6,0
PHC-DST-A1-05,2024-02-03,6,6,0
PHC-DST-A1-05,2024-02-04,6,4,2
PHC-DST-A1-05,2024-02-05,6,4,2
PHC-DST-A1-05,2024-02-06,6,5,1
PHC-DST-A1-05,2024-02-07,6,4,2
PHC-DST-A1-05,2024-02-08,6,4,2
PHC-DST-A1-05,2024-02-09,6,6,0
PHC-DST-A1-05,2024-02-10,6,3,3
PHC-DST-A1-05,2024-02-11,6,6,0
PHC-DST-A1-05,2024-02-12,6,2,4
PHC-DST-A1-05,2024-02-13,6,4,2
PHC-DST-A1-05,2024-02-14,6,6,0
PHC-DST-A1-05,2024-02-15,6,6,0
PHC-DST-A1-05,2024-02-16,6,3,3
PHC-DST-A1-05,2024-02-17,6,2,4
PHC-DST-A1-05,2024-02-18,6,2,4
PHC-DST-A1-05,2024-02-19,6,6,0
PHC-DST-A1-05,2024-02-20,6,4,2
PHC-DST-A1-05,2024-02-21,6,1,5
PHC-DST-A1-05,2024-02-22,6,6,0
PHC-DST-A1-05,2024-02-23,6,3,3
PHC-DST-A1-05,2024-02-24,6,4,2
PHC-DST-A1-05,2024-02-25,6,2,4
PHC-DST-A1-05,2024-02-26,6,5,1
PHC-DST-A1-05,2024-02-27,6,3,3
PHC-DST-A1-05,2024-02-28,6,1,5
PHC-DST-A1-05,2024-02-29,6,4,2
PHC-DST-A1-05,2024-03-01,6,3,3
PHC-DST-A1-05,2024-03-02,6,3,3
PHC-DST-A1-05,2024-03-03,6,6,0
PHC-DST-A1-05,2024-03-04,6,6,0
PHC-DST-A1-05,2024-03-05,6,3,3
PHC-DST-A1-05,2024-03-06,6,4,2
PHC-DST-A1-05,2024-03-07,6,2,4
PHC-DST-A1-05,2024-03-08,6,6,0
PHC-DST-A1-05,2024-03-09,6,4,2
PHC-DST-A1-05,2024-03-10,6,4,2
PHC-DST-A1-05,2024-03-11,6,5,1
PHC-DST-A1-05,2024-03-12,6,4,2
PHC-DST-A1-05,2024-03-13,6,6,0
PHC-DST-A1-05,2024-03-14,6,2,4
PHC-DST-A1-05,2024-03-15,6,6,0
PHC-DST-A1-05,2024-03-16,6,2,4
PHC-DST-A1-05,2024-03-17,6,1,5
PHC-DST-A1-05,2024-03-18,6,5,1
PHC-DST-A1-05,2024-03-19,6,3,3
PHC-DST-A1-05,2024-03-20,6,4,2
PHC-DST-A1-05,2024-03-21,6,6,0
PHC-DST-A1-05,2024-03-22,6,5,1
PHC-DST-A1-05,2024-03-23,6,6,0
PHC-DST-A1-05,2024-03-24,6,6,0
PHC-DST-A1-05,2024-03-25,6,4,2
PHC-DST-A1-05,2024-03-26,6,2,4
PHC-DST-A1-05,2024-03-27,6,6,0
PHC-DST-A1-05,2024-03-28,6,1,5
PHC-DST-A1-05,2024-03-29,6,3,3
PHC-DST-A1-05,2024-03-30,6,3,3
PHC-DST-A1-05,2024-03-31,6,4,2
PHC-DST-A1-05,2024-04-01,6,5,1
PHC-DST-A1-05,2024-04-02,6,2,4
PHC-DST-A1-05,2024-04-03,6,6,0
PHC-DST-A1-05,2024-04-04,6,2,4
PHC-DST-A1-05,2024-04-05,6,4,2
PHC-DST-A1-05,2024-04-06,6,2,4
PHC-DST-A1-05,2024-04-07,6,4,2
PHC-DST-A1-05,2024-04-08,6,5,1
PHC-DST-A1-05,2024-04-09,6,5,1
PHC-DST-A1-05,2024-04-10,6,4,2
PHC-DST-A1-05,2024-04-11,6,2,4
PHC-DST-A1-05,2024-04-12,6,5,1
PHC-DST-A1-05,2024-04-13,6,5,1
PHC-DST-A1-05,2024-04-14,6,2,4
PHC-DST-A1-05,2024-04-15,6,4,2
PHC-DST-A1-05,2024-04-16,6,3,3
PHC-DST-A1-05,2024-04-17,6,2,4
PHC-DST-A1-05,2024-04-18,6,4,2
PHC-DST-A1-05,2024-04-19,6,2,4
PHC-DST-A1-05,2024-04-20,6,5,1
PHC-DST-A1-05,2024-04-21,6,3,3
PHC-DST-A1-05,2024-04-22,6,5,1
PHC-DST-A1-05,2024-04-23,6,6,0
PHC-DST-A1-05,2024-04-24,6,3,3
PHC-DST-A1-05,2024-04-25,6,2,4
PHC-DST-A1-05,2024-04-26,6,3,3
PHC-DST-A1-05,2024-04-27,6,1,5
PHC-DST-A1-05,2024-04-28,6,4,2
PHC-DST-A1-05,2024-04-29,6,6,0
PHC-DST-A1-05,2024-04-30,6,5,1
PHC-DST-A1-05,2024-05-01,6,2,4
PHC-DST-A1-05,2024-05-02,6,2,4
PHC-DST-A1-05,2024-05-03,6,3,3
PHC-DST-A1-05,2024-05-04,6,3,3
PHC-DST-A1-05,2024-05-05,6,6,0
PHC-DST-A1-05,2024-05-06,6,6,0
PHC-DST-A1-05,2024-05-07,6,6,0
PHC-DST-A1-05,2024-05-08,6,1,5
PHC-DST-A1-05,2024-05-09,6,5,1
PHC-DST-A1-05,2024-05-10,6,3,3
PHC-DST-A1-05,2024-05-11,6,6,0
PHC-DST-A1-05,2024-05-12,6,1,5
PHC-DST-A1-05,2024-05-13,6,3,3
PHC-DST-A1-05,2024-05-14,6,4,2
PHC-DST-A1-05,2024-05-15,6,4,2
PHC-DST-A1-05,2024-05-16,6,4,2
PHC-DST-A1-05,2024-05-17,6,4,2
PHC-DST-A1-05,2024-05-18,6,4,2
PHC-DST-A1-05,2024-05-19,6,4,2
PHC-DST-A1-05,2024-05-20,6,2,4
PHC-DST-A1-05,2024-05-21,6,6,0
PHC-DST-A1-05,2024-05-22,6,4,2
PHC-DST-A1-05,2024-05-23,6,5,1
PHC-DST-A1-05,2024-05-24,6,3,3
PHC-DST-A1-05,2024-05-25,6,2,4
PHC-DST-A1-05,2024-05-26,6,1,5
PHC-DST-A1-05,2024-05-27,6,4,2
PHC-DST-A1-05,2024-05-28,6,4,2
PHC-DST-A1-05,2024-05-29,6,6,0
PHC-DST-A1-05,2024-05-30,6,3,3
PHC-DST-A1-05,2024-05-31,6,2,4
PHC-DST-A1-05,2024-06-01,6,2,4
PHC-DST-A1-05,2024-06-02,6,4,2
PHC-DST-A1-05,2024-06-03,6,2,4
PHC-DST-A1-05,2024-06-04,6,6,0
PHC-DST-A1-05,2024-06-05,6,3,3
PHC-DST-A1-05,2024-06-06,6,1,5
PHC-DST-A1-05,2024-06-07,6,2,4
PHC-DST-A1-05,2024-06-08,6,5,1
PHC-DST-A1-05,2024-06-09,6,3,3
PHC-DST-A1-05,2024-06-10,6,5,1
PHC-DST-A1-05,2024-06-11,6,4,2
PHC-DST-A1-05,2024-06-12,6,4,2
PHC-DST-A1-05,2024-06-13,6,6,0
PHC-DST-A1-05,2024-06-14,6,2,4
PHC-DST-A1-05,2024-06-15,6,6,0
PHC-DST-A1-05,2024-06-16,6,4,2
PHC-DST-A1-05,2024-06-17,6,3,3
PHC-DST-A1-05,2024-06-18,6,3,3
PHC-DST-A1-05,2024-06-19,6,4,2
PHC-DST-A1-05,2024-06-20,6,6,0
PHC-DST-A1-05,2024-06-21,6,4,2
PHC-DST-A1-05,2024-06-22,6,4,2
PHC-DST-A1-05,2024-06-23,6,5,1
PHC-DST-A1-05,2024-06-24,6,1,5
PHC-DST-A1-05,2024-06-25,6,6,0
PHC-DST-A1-05,2024-06-26,6,4,2
PHC-DST-A1-05,2024-06-27,6,3,3
PHC-DST-A1-05,2024-06-28,6,3,3
PHC-DST-A1-05,2024-06-29,6,3,3
PHC-DST-A1-05,2024-06-30,6,3,3
PHC-DST-A1-05,2024-07-01,6,6,0
PHC-DST-A1-05,2024-07-02,6,3,3
PHC-DST-A1-05,2024-07-03,6,6,0
PHC-DST-A1-05,2024-07-04,6,3,3
PHC-DST-A1-05,2024-07-05,6,6,0
PHC-DST-A1-05,2024-07-06,6,5,1
PHC-DST-A1-05,2024-07-07,6,6,0
PHC-DST-A1-05,2024-07-08,6,5,1
PHC-DST-A1-05,2024-07-09,6,5,1
PHC-DST-A1-05,2024-07-10,6,5,1
PHC-DST-A1-05,2024-07-11,6,3,3
PHC-DST-A1-05,2024-07-12,6,5,1
PHC-DST-A1-05,2024-07-13,6,4,2
PHC-DST-A1-05,2024-07-14,6,6,0
PHC-DST-A1-05,2024-07-15,6,6,0
PHC-DST-A1-05,2024-07-16,6,6,0
PHC-DST-A1-05,2024-07-17,6,5,1
PHC-DST-A1-05,2024-07-18,6,6,0
PHC-DST-A1-05,2024-07-19,6,5,1
PHC-DST-A1-05,2024-07-20,6,5,1
PHC-DST-A1-05,2024-07-21,6,5,1
PHC-DST-A1-05,2024-07-22,6,4,2
PHC-DST-A1-05,2024-07-23,6,4,2
PHC-DST-A1-05,2024-07-24,6,4,2
PHC-DST-A1-05,2024-07-25,6,6,0
PHC-DST-A1-05,2024-07-26,6,4,2
PHC-DST-A1-05,2024-07-27,6,4,2
PHC-DST-A1-05,2024-07-28,6,6,0
PHC-DST-A1-05,2024-07-29,6,6,0
PHC-DST-A1-05,2024-07-30,6,3,3
PHC-DST-A1-05,2024-07-31,6,6,0
PHC-DST-A1-05,2024-08-01,6,3,3
PHC-DST-A1-05,2024-08-02,6,6,0
PHC-DST-A1-05,2024-08-03,6,3,3
PHC-DST-A1-05,2024-08-04,6,6,0
PHC-DST-A1-05,2024-08-05,6,5,1
PHC-DST-A1-05,2024-08-06,6,3,3
PHC-DST-A1-05,2024-08-07,6,5,1
PHC-DST-A1-05,2024-08-08,6,4,2
PHC-DST-A1-05,2024-08-09,6,2,4
PHC-DST-A1-05,2024-08-10,6,3,3
PHC-DST-A1-05,2024-08-11,6,6,0
PHC-DST-A1-05,2024-08-12,6,6,0
PHC-DST-A1-05,2024-08-13,6,6,0
PHC-DST-A1-05,2024-08-14,6,6,0
PHC-DST-A1-05,2024-08-15,6,2,4
PHC-DST-A1-05,2024-08-16,6,2,4
PHC-DST-A1-05,2024-08-17,6,6,0
PHC-DST-A1-05,2024-08-18,6,4,2
PHC-DST-A1-05,2024-08-19,6,2,4
PHC-DST-A1-05,2024-08-20,6,6,0
PHC-DST-A1-05,2024-08-21,6,6,0
PHC-DST-A1-05,2024-08-22,6,5,1
PHC-DST-A1-05,2024-08-23,6,6,0
PHC-DST-A1-05,2024-08-24,6,5,1
PHC-DST-A1-05,2024-08-25,6,4,2
PHC-DST-A1-05,2024-08-26,6,1,5
PHC-DST-A1-05,2024-08-27,6,5,1
PHC-DST-A1-05,2024-08-28,6,6,0
PHC-DST-A1-05,2024-08-29,6,6,0
PHC-DST-A1-05,2024-08-30,6,6,0
PHC-DST-A1-05,2024-08-31,6,5,1
PHC-DST-A1-05,2024-09-01,6,5,1
PHC-DST-A1-05,2024-09-02,6,5,1
PHC-DST-A1-05,2024-09-03,6,6,0
PHC-DST-A1-05,2024-09-04,6,4,2
PHC-DST-A1-05,2024-09-05,6,4,2
PHC-DST-A1-05,2024-09-06,6,2,4
PHC-DST-A1-05,2024-09-07,6,5,1
PHC-DST-A1-05,2024-09-08,6,5,1
PHC-DST-A1-05,2024-09-09,6,6,0
PHC-DST-A1-05,2024-09-10,6,3,3
PHC-DST-A1-05,2024-09-11,6,2,4
PHC-DST-A1-05,2024-09-12,6,5,1
PHC-DST-A1-05,2024-09-13,6,5,1
PHC-DST-A1-05,2024-09-14,6,2,4
PHC-DST-A1-05,2024-09-15,6,6,0
PHC-DST-A1-05,2024-09-16,6,6,0
PHC-DST-A1-05,2024-09-17,6,6,0
PHC-DST-A1-05,2024-09-18,6,5,1
PHC-DST-A1-05,2024-09-19,6,2,4
PHC-DST-A1-05,2024-09-20,6,6,0
PHC-DST-A1-05,2024-09-21,6,2,4
PHC-DST-A1-05,2024-09-22,6,3,3
PHC-DST-A1-05,2024-09-23,6,3,3
PHC-DST-A1-05,2024-09-24,6,6,0
PHC-DST-A1-05,2024-09-25,6,6,0
PHC-DST-A1-05,2024-09-26,6,5,1
PHC-DST-A1-05,2024-09-27,6,6,0
PHC-DST-A1-05,2024-09-28,6,6,0
PHC-DST-A1-05,2024-09-29,6,4,2
PHC-DST-A1-05,2024-09-30,6,5,1
PHC-DST-A1-05,2024-10-01,6,3,3
PHC-DST-A1-05,2024-10-02,6,4,2
PHC-DST-A1-05,2024-10-03,6,5,1
PHC-DST-A1-05,2024-10-04,6,4,2
PHC-DST-A1-05,2024-10-05,6,3,3
PHC-DST-A1-05,2024-10-06,6,3,3
PHC-DST-A1-05,2024-10-07,6,6,0
PHC-DST-A1-05,2024-10-08,6,3,3
PHC-DST-A1-05,2024-10-09,6,5,1
PHC-DST-A1-05,2024-10-10,6,5,1
PHC-DST-A1-05,2024-10-11,6,2,4
PHC-DST-A1-05,2024-10-12,6,5,1
PHC-DST-A1-05,2024-10-13,6,4,2
PHC-DST-A1-05,2024-10-14,6,2,4
PHC-DST-A1-05,2024-10-15,6,2,4
PHC-DST-A1-05,2024-10-16,6,4,2
PHC-DST-A1-05,2024-10-17,6,2,4
PHC-DST-A1-05,2024-10-18,6,3,3
PHC-DST-A1-05,2024-10-19,6,4,2
PHC-DST-A1-05,2024-10-20,6,2,4
PHC-DST-A1-05,2024-10-21,6,4,2
PHC-DST-A1-05,2024-10-22,6,3,3
PHC-DST-A1-05,2024-10-23,6,5,1
PHC-DST-A1-05,2024-10-24,6,4,2
PHC-DST-A1-05,2024-10-25,6,4,2
PHC-DST-A1-05,2024-10-26,6,6,0
PHC-DST-A1-05,2024-10-27,6,3,3
PHC-DST-A1-05,2024-10-28,6,4,2
PHC-DST-A1-05,2024-10-29,6,6,0
PHC-DST-A1-05,2024-10-30,6,1,5
PHC-DST-A1-05,2024-10-31,6,5,1
PHC-DST-A1-05,2024-11-01,6,1,5
PHC-DST-A1-05,2024-11-02,6,2,4
PHC-DST-A1-05,2024-11-03,6,5,1
PHC-DST-A1-05,2024-11-04,6,3,3
PHC-DST-A1-05,2024-11-05,6,6,0
PHC-DST-A1-05,2024-11-06,6,4,2
PHC-DST-A1-05,2024-11-07,6,6,0
PHC-DST-A1-05,2024-11-08,6,4,2
PHC-DST-A1-05,2024-11-09,6,5,1
PHC-DST-A1-05,2024-11-10,6,3,3
PHC-DST-A1-05,2024-11-11,6,6,0
PHC-DST-A1-05,2024-11-12,6,2,4
PHC-DST-A1-05,2024-11-13,6,2,4
PHC-DST-A1-05,2024-11-14,6,5,1
PHC-DST-A1-05,2024-11-15,6,6,0
PHC-DST-A1-05,2024-11-16,6,2,4
PHC-DST-A1-05,2024-11-17,6,3,3
PHC-DST-A1-05,2024-11-18,6,3,3
PHC-DST-A1-05,2024-11-19,6,2,4
PHC-DST-A1-05,2024-11-20,6,4,2
PHC-DST-A1-05,2024-11-21,6,5,1
PHC-DST-A1-05,2024-11-22,6,6,0
PHC-DST-A1-05,2024-11-23,6,4,2
PHC-DST-A1-05,2024-11-24,6,2,4
PHC-DST-A1-05,2024-11-25,6,3,3
PHC-DST-A1-05,2024-11-26,6,6,0
PHC-DST-A1-05,2024-11-27,6,4,2
PHC-DST-A1-05,2024-11-28,6,2,4
PHC-DST-A1-05,2024-11-29,6,2,4
PHC-DST-A1-05,2024-11-30,6,2,4
PHC-DST-A1-05,2024-12-01,6,6,0
PHC-DST-A1-05,2024-12-02,6,3,3
PHC-DST-A1-05,2024-12-03,6,2,4
PHC-DST-A1-05,2024-12-04,6,3,3
PHC-DST-A1-05,2024-12-05,6,2,4
PHC-DST-A1-05,2024-12-06,6,4,2
PHC-DST-A1-05,2024-12-07,6,2,4
PHC-DST-A1-05,2024-12-08,6,3,3
PHC-DST-A1-05,2024-12-09,6,4,2
PHC-DST-A1-05,2024-12-10,6,3,3
PHC-DST-A1-05,2024-12-11,6,3,3
PHC-DST-A1-05,2024-12-12,6,3,3
PHC-DST-A1-05,2024-12-13,6,4,2
PHC-DST-A1-05,2024-12-14,6,3,3
PHC-DST-A1-05,2024-12-15,6,6,0
PHC-DST-A1-05,2024-12-16,6,5,1
PHC-DST-A1-05,2024-12-17,6,1,5
PHC-DST-A1-05,2024-12-18,6,3,3
PHC-DST-A1-05,2024-12-19,6,4,2
PHC-DST-A1-05,2024-12-20,6,1,5
PHC-DST-A1-05,2024-12-21,6,6,0
PHC-DST-A1-05,2024-12-22,6,3,3
PHC-DST-A1-05,2024-12-23,6,5,1
PHC-DST-A1-05,2024-12-24,6,3,3
PHC-DST-A1-05,2024-12-25,6,2,4
PHC-DST-A1-05,2024-12-26,6,5,1
PHC-DST-A1-05,2024-12-27,6,2,4
PHC-DST-A1-05,2024-12-28,6,4,2
PHC-DST-A1-05,2024-12-29,6,6,0
PHC-DST-A1-05,2024-12-30,6,2,4
PHC-DST-A1-05,2024-12-31,6,6,0
PHC-DST-A1-05,2025-01-01,6,2,4
PHC-DST-A1-05,2025-01-02,6,5,1
PHC-DST-A1-05,2025-01-03,6,3,3
PHC-DST-A1-05,2025-01-04,6,3,3
PHC-DST-A1-05,2025-01-05,6,1,5
PHC-DST-A1-05,2025-01-06,6,4,2
PHC-DST-A1-05,2025-01-07,6,6,0
PHC-DST-A1-05,2025-01-08,6,5,1
PHC-DST-A1-05,2025-01-09,6,2,4
PHC-DST-A1-05,2025-01-10,6,6,0
PHC-DST-A1-05,2025-01-11,6,2,4
PHC-DST-A1-05,2025-01-12,6,2,4
PHC-DST-A1-05,2025-01-13,6,6,0
PHC-DST-A1-05,2025-01-14,6,6,0
PHC-DST-A1-05,2025-01-15,6,5,1
PHC-DST-A1-05,2025-01-16,6,2,4
PHC-DST-A1-05,2025-01-17,6,5,1
PHC-DST-A1-05,2025-01-18,6,4,2
PHC-DST-A1-05,2025-01-19,6,2,4
PHC-DST-A1-05,2025-01-20,6,4,2
PHC-DST-A1-05,2025-01-21,6,5,1
PHC-DST-A1-05,2025-01-22,6,3,3
PHC-DST-A1-05,2025-01-23,6,6,0
PHC-DST-A1-05,2025-01-24,6,3,3
PHC-DST-A1-05,2025-01-25,6,6,0
PHC-DST-A1-05,2025-01-26,6,5,1
PHC-DST-A1-05,2025-01-27,6,3,3
PHC-DST-A1-05,2025-01-28,6,6,0
PHC-DST-A1-05,2025-01-29,6,6,0
PHC-DST-A1-05,2025-01-30,6,2,4
PHC-DST-A1-05,2025-01-31,6,4,2
PHC-DST-A1-05,2025-02-01,6,1,5
PHC-DST-A1-05,2025-02-02,6,6,0
PHC-DST-A1-05,2025-02-03,6,4,2
PHC-DST-A1-05,2025-02-04,6,5,1
PHC-DST-A1-05,2025-02-05,6,6,0
PHC-DST-A1-05,2025-02-06,6,4,2
PHC-DST-A1-05,2025-02-07,6,2,4
PHC-DST-A1-05,2025-02-08,6,5,1
PHC-DST-A1-05,2025-02-09,6,6,0
PHC-DST-A1-05,2025-02-10,6,5,1
PHC-DST-A1-05,2025-02-11,6,6,0
PHC-DST-A1-05,2025-02-12,6,4,2
PHC-DST-A1-05,2025-02-13,6,4,2
PHC-DST-A1-05,2025-02-14,6,4,2
PHC-DST-A1-05,2025-02-15,6,6,0
PHC-DST-A1-05,2025-02-16,6,3,3
PHC-DST-A1-05,2025-02-17,6,3,3
PHC-DST-A1-05,2025-02-18,6,4,2
PHC-DST-A1-05,2025-02-19,6,4,2
PHC-DST-A1-05,2025-02-20,6,5,1
PHC-DST-A1-05,2025-02-21,6,3,3
PHC-DST-A1-05,2025-02-22,6,3,3
PHC-DST-A1-05,2025-02-23,6,6,0
PHC-DST-A1-05,2025-02-24,6,6,0
PHC-DST-A1-05,2025-02-25,6,5,1
PHC-DST-A1-05,2025-02-26,6,2,4
PHC-DST-A1-05,2025-02-27,6,3,3
PHC-DST-A1-05,2025-02-28,6,6,0
PHC-DST-A1-05,2025-03-01,6,1,5
PHC-DST-A1-05,2025-03-02,6,3,3
PHC-DST-A1-05,2025-03-03,6,5,1
PHC-DST-A1-05,2025-03-04,6,4,2
PHC-DST-A1-05,2025-03-05,6,6,0
PHC-DST-A1-05,2025-03-06,6,3,3
PHC-DST-A1-05,2025-03-07,6,4,2
PHC-DST-A1-05,2025-03-08,6,3,3
PHC-DST-A1-05,2025-03-09,6,5,1
PHC-DST-A1-05,2025-03-10,6,5,1
PHC-DST-A1-05,2025-03-11,6,6,0
PHC-DST-A1-05,2025-03-12,6,6,0
PHC-DST-A1-05,2025-03-13,6,5,1
PHC-DST-A1-05,2025-03-14,6,4,2
PHC-DST-A1-05,2025-03-15,6,6,0
PHC-DST-A1-05,2025-03-16,6,3,3
PHC-DST-A1-05,2025-03-17,6,6,0
PHC-DST-A1-05,2025-03-18,6,2,4
PHC-DST-A1-05,2025-03-19,6,5,1
PHC-DST-A1-05,2025-03-20,6,4,2
PHC-DST-A1-05,2025-03-21,6,4,2
PHC-DST-A1-05,2025-03-22,6,3,3
PHC-DST-A1-05,2025-03-23,6,6,0
PHC-DST-A1-05,2025-03-24,6,4,2
PHC-DST-A1-05,2025-03-25,6,6,0
PHC-DST-A1-05,2025-03-26,6,6,0
PHC-DST-A1-05,2025-03-27,6,1,5
PHC-DST-A1-05,2025-03-28,6,5,1
PHC-DST-A1-05,2025-03-29,6,5,1
PHC-DST-A1-05,2025-03-30,6,4,2
PHC-DST-A1-05,2025-03-31,6,3,3
PHC-DST-A1-05,2025-04-01,6,2,4
PHC-DST-A1-05,2025-04-02,6,3,3
PHC-DST-A1-05,2025-04-03,6,4,2
PHC-DST-A1-05,2025-04-04,6,3,3
PHC-DST-A1-05,2025-04-05,6,3,3
PHC-DST-A1-05,2025-04-06,6,6,0
PHC-DST-A1-05,2025-04-07,6,4,2
PHC-DST-A1-05,2025-04-08,6,5,1
PHC-DST-A1-05,2025-04-09,6,2,4
PHC-DST-A1-05,2025-04-10,6,6,0
PHC-DST-A1-05,2025-04-11,6,6,0
PHC-DST-A1-05,2025-04-12,6,4,2
PHC-DST-A1-05,2025-04-13,6,1,5
PHC-DST-A1-05,2025-04-14,6,3,3
PHC-DST-A1-05,2025-04-15,6,6,0
PHC-DST-A1-05,2025-04-16,6,4,2
PHC-DST-A1-05,2025-04-17,6,3,3
PHC-DST-A1-05,2025-04-18,6,6,0
PHC-DST-A1-05,2025-04-19,6,6,0
PHC-DST-A1-05,2025-04-20,6,4,2
PHC-DST-A1-05,2025-04-21,6,4,2
PHC-DST-A1-05,2025-04-22,6,3,3
PHC-DST-A1-05,2025-04-23,6,6,0
PHC-DST-A1-05,2025-04-24,6,5,1
PHC-DST-A1-05,2025-04-25,6,4,2
PHC-DST-A1-05,2025-04-26,6,2,4
PHC-DST-A1-05,2025-04-27,6,2,4
PHC-DST-A1-05,2025-04-28,6,2,4
PHC-DST-A1-05,2025-04-29,6,5,1
PHC-DST-A1-05,2025-04-30,6,5,1
PHC-DST-A1-05,2025-05-01,6,5,1
PHC-DST-A1-05,2025-05-02,6,4,2
PHC-DST-A1-05,2025-05-03,6,2,4
PHC-DST-A1-05,2025-05-04,6,4,2
PHC-DST-A1-05,2025-05-05,6,3,3
PHC-DST-A1-05,2025-05-06,6,4,2
PHC-DST-A1-05,2025-05-07,6,5,1
PHC-DST-A1-05,2025-05-08,6,2,4
PHC-DST-A1-05,2025-05-09,6,3,3
PHC-DST-A1-05,2025-05-10,6,4,2
PHC-DST-A1-05,2025-05-11,6,3,3
PHC-DST-A1-05,2025-05-12,6,0,6
PHC-DST-A1-05,2025-05-13,6,5,1
PHC-DST-A1-05,2025-05-14,6,4,2
PHC-DST-A1-05,2025-05-15,6,2,4
PHC-DST-A1-05,2025-05-16,6,2,4
PHC-DST-A1-05,2025-05-17,6,4,2
PHC-DST-A1-05,2025-05-18,6,3,3
PHC-DST-A1-05,2025-05-19,6,2,4
PHC-DST-A1-05,2025-05-20,6,3,3
PHC-DST-A1-05,2025-05-21,6,5,1
PHC-DST-A1-05,2025-05-22,6,2,4
PHC-DST-A1-05,2025-05-23,6,6,0
PHC-DST-A1-05,2025-05-24,6,6,0
PHC-DST-A1-05,2025-05-25,6,4,2
PHC-DST-A1-05,2025-05-26,6,3,3
PHC-DST-A1-05,2025-05-27,6,4,2
PHC-DST-A1-05,2025-05-28,6,6,0
PHC-DST-A1-05,2025-05-29,6,3,3
PHC-DST-A1-05,2025-05-30,6,6,0
PHC-DST-A1-05,2025-05-31,6,3,3
PHC-DST-A1-05,2025-06-01,6,2,4
PHC-DST-A1-05,2025-06-02,6,1,5
PHC-DST-A1-05,2025-06-03,6,4,2
PHC-DST-A1-05,2025-06-04,6,6,0
PHC-DST-A1-05,2025-06-05,6,4,2
PHC-DST-A1-05,2025-06-06,6,4,2
PHC-DST-A1-05,2025-06-07,6,6,0
PHC-DST-A1-05,2025-06-08,6,6,0
PHC-DST-A1-05,2025-06-09,6,2,4
PHC-DST-A1-05,2025-06-10,6,5,1
PHC-DST-A1-05,2025-06-11,6,5,1
PHC-DST-A1-05,2025-06-12,6,2,4
PHC-DST-A1-05,2025-06-13,6,6,0
PHC-DST-A1-05,2025-06-14,6,2,4
PHC-DST-A1-05,2025-06-15,6,4,2
PHC-DST-A1-05,2025-06-16,6,2,4
PHC-DST-A1-05,2025-06-17,6,5,1
PHC-DST-A1-05,2025-06-18,6,4,2
PHC-DST-A1-05,2025-06-19,6,3,3
PHC-DST-A1-05,2025-06-20,6,4,2
PHC-DST-A1-05,2025-06-21,6,3,3
PHC-DST-A1-05,2025-06-22,6,3,3
PHC-DST-A1-05,2025-06-23,6,2,4
PHC-DST-A1-05,2025-06-24,6,4,2
PHC-DST-A1-05,2025-06-25,6,1,5
PHC-DST-A1-05,2025-06-26,6,2,4
PHC-DST-A1-05,2025-06-27,6,5,1
PHC-DST-A1-05,2025-06-28,6,5,1
PHC-DST-A1-05,2025-06-29,6,4,2
PHC-DST-A1-05,2025-06-30,6,3,3
PHC-DST-A1-06,2024-01-01,4,4,0
PHC-DST-A1-06,2024-01-02,4,4,0
PHC-DST-A1-06,2024-01-03,4,4,0
PHC-DST-A1-06,2024-01-04,4,4,0
PHC-DST-A1-06,2024-01-05,4,3,1
PHC-DST-A1-06,2024-01-06,4,1,3
PHC-DST-A1-06,2024-01-07,4,4,0
PHC-DST-A1-06,2024-01-08,4,4,0
PHC-DST-A1-06,2024-01-09,4,4,0
PHC-DST-A1-06,2024-01-10,4,4,0
PHC-DST-A1-06,2024-01-11,4,3,1
PHC-DST-A1-06,2024-01-12,4,2,2
PHC-DST-A1-06,2024-01-13,4,4,0
PHC-DST-A1-06,2024-01-14,4,4,0
PHC-DST-A1-06,2024-01-15,4,1,3
PHC-DST-A1-06,2024-01-16,4,3,1
PHC-DST-A1-06,2024-01-17,4,4,0
PHC-DST-A1-06,2024-01-18,4,4,0
PHC-DST-A1-06,2024-01-19,4,4,0
PHC-DST-A1-06,2024-01-20,4,4,0
PHC-DST-A1-06,2024-01-21,4,4,0
PHC-DST-A1-06,2024-01-22,4,2,2
PHC-DST-A1-06,2024-01-23,4,4,0
PHC-DST-A1-06,2024-01-24,4,4,0
PHC-DST-A1-06,2024-01-25,4,4,0
PHC-DST-A1-06,2024-01-26,4,3,1
PHC-DST-A1-06,2024-01-27,4,4,0
PHC-DST-A1-06,2024-01-28,4,4,0
PHC-DST-A1-06,2024-01-29,4,2,2
PHC-DST-A1-06,2024-01-30,4,3,1
PHC-DST-A1-06,2024-01-31,4,1,3
PHC-DST-A1-06,2024-02-01,4,4,0
PHC-DST-A1-06,2024-02-02,4,4,0
PHC-DST-A1-06,2024-02-03,4,3,1
PHC-DST-A1-06,2024-02-04,4,3,1
PHC-DST-A1-06,2024-02-05,4,4,0
PHC-DST-A1-06,2024-02-06,4,1,3
PHC-DST-A1-06,2024-02-07,4,4,0
PHC-DST-A1-06,2024-02-08,4,4,0
PHC-DST-A1-06,2024-02-09,4,2,2
PHC-DST-A1-06,2024-02-10,4,4,0
PHC-DST-A1-06,2024-02-11,4,4,0
PHC-DST-A1-06,2024-02-12,4,4,0
PHC-DST-A1-06,2024-02-13,4,4,0
PHC-DST-A1-06,2024-02-14,4,4,0
PHC-DST-A1-06,2024-02-15,4,4,0
PHC-DST-A1-06,2024-02-16,4,4,0
PHC-DST-A1-06,2024-02-17,4,4,0
PHC-DST-A1-06,2024-02-18,4,3,1
PHC-DST-A1-06,2024-02-19,4,4,0
PHC-DST-A1-06,2024-02-20,4,4,0
PHC-DST-A1-06,2024-02-21,4,4,0
PHC-DST-A1-06,2024-02-22,4,4,0
PHC-DST-A1-06,2024-02-23,4,4,0
PHC-DST-A1-06,2024-02-24,4,3,1
PHC-DST-A1-06,2024-02-25,4,4,0
PHC-DST-A1-06,2024-02-26,4,2,2
PHC-DST-A1-06,2024-02-27,4,3,1
PHC-DST-A1-06,2024-02-28,4,4,0
PHC-DST-A1-06,2024-02-29,4,2,2
PHC-DST-A1-06,2024-03-01,4,2,2
PHC-DST-A1-06,2024-03-02,4,4,0
PHC-DST-A1-06,2024-03-03,4,4,0
PHC-DST-A1-06,2024-03-04,4,4,0
PHC-DST-A1-06,2024-03-05,4,4,0
PHC-DST-A1-06,2024-03-06,4,4,0
PHC-DST-A1-06,2024-03-07,4,3,1
PHC-DST-A1-06,2024-03-08,4,4,0
PHC-DST-A1-06,2024-03-09,4,4,0
PHC-DST-A1-06,2024-03-10,4,4,0
PHC-DST-A1-06,2024-03-11,4,2,2
PHC-DST-A1-06,2024-03-12,4,4,0
PHC-DST-A1-06,2024-03-13,4,4,0
PHC-DST-A1-06,2024-03-14,4,4,0
PHC-DST-A1-06,2024-03-15,4,4,0
PHC-DST-A1-06,2024-03-16,4,4,0
PHC-DST-A1-06,2024-03-17,4,4,0
PHC-DST-A1-06,2024-03-18,4,3,1
PHC-DST-A1-06,2024-03-19,4,4,0
PHC-DST-A1-06,2024-03-20,4,4,0
PHC-DST-A1-06,2024-03-21,4,4,0
PHC-DST-A1-06,2024-03-22,4,2,2
PHC-DST-A1-06,2024-03-23,4,4,0
PHC-DST-A1-06,2024-03-24,4,2,2
PHC-DST-A1-06,2024-03-25,4,4,0
PHC-DST-A1-06,2024-03-26,4,3,1
PHC-DST-A1-06,2024-03-27,4,2,2
PHC-DST-A1-06,2024-03-28,4,3,1
PHC-DST-A1-06,2024-03-29,4,1,3
PHC-DST-A1-06,2024-03-30,4,3,1
PHC-DST-A1-06,2024-03-31,4,3,1
PHC-DST-A1-06,2024-04-01,4,4,0
PHC-DST-A1-06,2024-04-02,4,2,2
PHC-DST-A1-06,2024-04-03,4,4,0
PHC-DST-A1-06,2024-04-04,4,4,0
PHC-DST-A1-06,2024-04-05,4,4,0
PHC-DST-A1-06,2024-04-06,4,4,0
PHC-DST-A1-06,2024-04-07,4,2,2
PHC-DST-A1-06,2024-04-08,4,4,0
PHC-DST-A1-06,2024-04-09,4,2,2
PHC-DST-A1-06,2024-04-10,4,4,0
PHC-DST-A1-06,2024-04-11,4,2,2
PHC-DST-A1-06,2024-04-12,4,3,1
PHC-DST-A1-06,2024-04-13,4,4,0
PHC-DST-A1-06,2024-04-14,4,4,0
PHC-DST-A1-06,2024-04-15,4,4,0
PHC-DST-A1-06,2024-04-16,4,4,0
PHC-DST-A1-06,2024-04-17,4,4,0
PHC-DST-A1-06,2024-04-18,4,4,0
PHC-DST-A1-06,2024-04-19,4,4,0
PHC-DST-A1-06,2024-04-20,4,4,0
PHC-DST-A1-06,2024-04-21,4,3,1
PHC-DST-A1-06,2024-04-22,4,4,0
PHC-DST-A1-06,2024-04-23,4,4,0
PHC-DST-A1-06,2024-04-24,4,4,0
PHC-DST-A1-06,2024-04-25,4,4,0
PHC-DST-A1-06,2024-04-26,4,4,0
PHC-DST-A1-06,2024-04-27,4,3,1
PHC-DST-A1-06,2024-04-28,4,4,0
PHC-DST-A1-06,2024-04-29,4,4,0
PHC-DST-A1-06,2024-04-30,4,4,0
PHC-DST-A1-06,2024-05-01,4,2,2
PHC-DST-A1-06,2024-05-02,4,4,0
PHC-DST-A1-06,2024-05-03,4,4,0
PHC-DST-A1-06,2024-05-04,4,2,2
PHC-DST-A1-06,2024-05-05,4,4,0
PHC-DST-A1-06,2024-05-06,4,4,0
PHC-DST-A1-06,2024-05-07,4,4,0
PHC-DST-A1-06,2024-05-08,4,4,0
PHC-DST-A1-06,2024-05-09,4,4,0
PHC-DST-A1-06,2024-05-10,4,2,2
PHC-DST-A1-06,2024-05-11,4,4,0
PHC-DST-A1-06,2024-05-12,4,4,0
PHC-DST-A1-06,2024-05-13,4,4,0
PHC-DST-A1-06,2024-05-14,4,4,0
PHC-DST-A1-06,2024-05-15,4,4,0
PHC-DST-A1-06,2024-05-16,4,4,0
PHC-DST-A1-06,2024-05-17,4,4,0
PHC-DST-A1-06,2024-05-18,4,3,1
PHC-DST-A1-06,2024-05-19,4,3,1
PHC-DST-A1-06,2024-05-20,4,4,0
PHC-DST-A1-06,2024-05-21,4,3,1
PHC-DST-A1-06,2024-05-22,4,3,1
PHC-DST-A1-06,2024-05-23,4,4,0
PHC-DST-A1-06,2024-05-24,4,4,0
PHC-DST-A1-06,2024-05-25,4,3,1
PHC-DST-A1-06,2024-05-26,4,4,0
PHC-DST-A1-06,2024-05-27,4,4,0
PHC-DST-A1-06,2024-05-28,4,4,0
PHC-DST-A1-06,2024-05-29,4,4,0
PHC-DST-A1-06,2024-05-30,4,2,2
PHC-DST-A1-06,2024-05-31,4,4,0
PHC-DST-A1-06,2024-06-01,4,2,2
PHC-DST-A1-06,2024-06-02,4,4,0
PHC-DST-A1-06,2024-06-03,4,4,0
PHC-DST-A1-06,2024-06-04,4,4,0
PHC-DST-A1-06,2024-06-05,4,4,0
PHC-DST-A1-06,2024-06-06,4,3,1
PHC-DST-A1-06,2024-06-07,4,3,1
PHC-DST-A1-06,2024-06-08,4,4,0
PHC-DST-A1-06,2024-06-09,4,2,2
PHC-DST-A1-06,2024-06-10,4,4,0
PHC-DST-A1-06,2024-06-11,4,4,0
PHC-DST-A1-06,2024-06-12,4,3,1
PHC-DST-A1-06,2024-06-13,4,4,0
PHC-DST-A1-06,2024-06-14,4,4,0
PHC-DST-A1-06,2024-06-15,4,4,0
PHC-DST-A1-06,2024-06-16,4,4,0
PHC-DST-A1-06,2024-06-17,4,4,0
PHC-DST-A1-06,2024-06-18,4,4,0
PHC-DST-A1-06,2024-06-19,4,4,0
PHC-DST-A1-06,2024-06-20,4,2,2
PHC-DST-A1-06,2024-06-21,4,4,0
PHC-DST-A1-06,2024-06-22,4,4,0
PHC-DST-A1-06,2024-06-23,4,4,0
PHC-DST-A1-06,2024-06-24,4,4,0
PHC-DST-A1-06,2024-06-25,4,4,0
PHC-DST-A1-06,2024-06-26,4,1,3
PHC-DST-A1-06,2024-06-27,4,4,0
PHC-DST-A1-06,2024-06-28,4,3,1
PHC-DST-A1-06,2024-06-29,4,4,0
PHC-DST-A1-06,2024-06-30,4,4,0
PHC-DST-A1-06,2024-07-01,4,4,0
PHC-DST-A1-06,2024-07-02,4,4,0
PHC-DST-A1-06,2024-07-03,4,4,0
PHC-DST-A1-06,2024-07-04,4,4,0
PHC-DST-A1-06,2024-07-05,4,3,1
PHC-DST-A1-06,2024-07-06,4,4,0
PHC-DST-A1-06,2024-07-07,4,4,0
PHC-DST-A1-06,2024-07-08,4,4,0
PHC-DST-A1-06,2024-07-09,4,4,0
PHC-DST-A1-06,2024-07-10,4,4,0
PHC-DST-A1-06,2024-07-11,4,4,0
PHC-DST-A1-06,2024-07-12,4,2,2
PHC-DST-A1-06,2024-07-13,4,4,0
PHC-DST-A1-06,2024-07-14,4,4,0
PHC-DST-A1-06,2024-07-15,4,4,0
PHC-DST-A1-06,2024-07-16,4,4,0
PHC-DST-A1-06,2024-07-17,4,3,1
PHC-DST-A1-06,2024-07-18,4,4,0
PHC-DST-A1-06,2024-07-19,4,1,3
PHC-DST-A1-06,2024-07-20,4,4,0
PHC-DST-A1-06,2024-07-21,4,4,0
PHC-DST-A1-06,2024-07-22,4,2,2
PHC-DST-A1-06,2024-07-23,4,4,0
PHC-DST-A1-06,2024-07-24,4,4,0
PHC-DST-A1-06,2024-07-25,4,3,1
PHC-DST-A1-06,2024-07-26,4,4,0
PHC-DST-A1-06,2024-07-27,4,3,1
PHC-DST-A1-06,2024-07-28,4,4,0
PHC-DST-A1-06,2024-07-29,4,4,0
PHC-DST-A1-06,2024-07-30,4,4,0
PHC-DST-A1-06,2024-07-31,4,4,0
PHC-DST-A1-06,2024-08-01,4,4,0
PHC-DST-A1-06,2024-08-02,4,4,0
PHC-DST-A1-06,2024-08-03,4,4,0
PHC-DST-A1-06,2024-08-04,4,3,1
PHC-DST-A1-06,2024-08-05,4,4,0
PHC-DST-A1-06,2024-08-06,4,4,0
PHC-DST-A1-06,2024-08-07,4,3,1
PHC-DST-A1-06,2024-08-08,4,4,0
PHC-DST-A1-06,2024-08-09,4,4,0
PHC-DST-A1-06,2024-08-10,4,3,1
PHC-DST-A1-06,2024-08-11,4,2,2
PHC-DST-A1-06,2024-08-12,4,4,0
PHC-DST-A1-06,2024-08-13,4,4,0
PHC-DST-A1-06,2024-08-14,4,3,1
PHC-DST-A1-06,2024-08-15,4,4,0
PHC-DST-A1-06,2024-08-16,4,4,0
PHC-DST-A1-06,2024-08-17,4,3,1
PHC-DST-A1-06,2024-08-18,4,4,0
PHC-DST-A1-06,2024-08-19,4,4,0
PHC-DST-A1-06,2024-08-20,4,4,0
PHC-DST-A1-06,2024-08-21,4,4,0
PHC-DST-A1-06,2024-08-22,4,4,0
PHC-DST-A1-06,2024-08-23,4,4,0
PHC-DST-A1-06,2024-08-24,4,4,0
PHC-DST-A1-06,2024-08-25,4,4,0
PHC-DST-A1-06,2024-08-26,4,4,0
PHC-DST-A1-06,2024-08-27,4,4,0
PHC-DST-A1-06,2024-08-28,4,1,3
PHC-DST-A1-06,2024-08-29,4,4,0
PHC-DST-A1-06,2024-08-30,4,3,1
PHC-DST-A1-06,2024-08-31,4,4,0
PHC-DST-A1-06,2024-09-01,4,4,0
PHC-DST-A1-06,2024-09-02,4,4,0
PHC-DST-A1-06,2024-09-03,4,4,0
PHC-DST-A1-06,2024-09-04,4,4,0
PHC-DST-A1-06,2024-09-05,4,2,2
PHC-DST-A1-06,2024-09-06,4,2,2
PHC-DST-A1-06,2024-09-07,4,4,0
PHC-DST-A1-06,2024-09-08,4,4,0
PHC-DST-A1-06,2024-09-09,4,2,2
PHC-DST-A1-06,2024-09-10,4,4,0
PHC-DST-A1-06,2024-09-11,4,4,0
PHC-DST-A1-06,2024-09-12,4,2,2
PHC-DST-A1-06,2024-09-13,4,2,2
PHC-DST-A1-06,2024-09-14,4,3,1
PHC-DST-A1-06,2024-09-15,4,3,1
PHC-DST-A1-06,2024-09-16,4,4,0
PHC-DST-A1-06,2024-09-17,4,4,0
PHC-DST-A1-06,2024-09-18,4,4,0
PHC-DST-A1-06,2024-09-19,4,4,0
PHC-DST-A1-06,2024-09-20,4,4,0
PHC-DST-A1-06,2024-09-21,4,3,1
PHC-DST-A1-06,2024-09-22,4,4,0
PHC-DST-A1-06,2024-09-23,4,3,1
PHC-DST-A1-06,2024-09-24,4,3,1
PHC-DST-A1-06,2024-09-25,4,2,2
PHC-DST-A1-06,2024-09-26,4,4,0
PHC-DST-A1-06,2024-09-27,4,4,0
PHC-DST-A1-06,2024-09-28,4,4,0
PHC-DST-A1-06,2024-09-29,4,4,0
PHC-DST-A1-06,2024-09-30,4,3,1
PHC-DST-A1-06,2024-10-01,4,4,0
PHC-DST-A1-06,2024-10-02,4,4,0
PHC-DST-A1-06,2024-10-03,4,4,0
PHC-DST-A1-06,2024-10-04,4,2,2
PHC-DST-A1-06,2024-10-05,4,4,0
PHC-DST-A1-06,2024-10-06,4,3,1
PHC-DST-A1-06,2024-10-07,4,3,1
PHC-DST-A1-06,2024-10-08,4,0,4
PHC-DST-A1-06,2024-10-09,4,4,0
PHC-DST-A1-06,2024-10-10,4,3,1
PHC-DST-A1-06,2024-10-11,4,4,0
PHC-DST-A1-06,2024-10-12,4,3,1
PHC-DST-A1-06,2024-10-13,4,4,0
PHC-DST-A1-06,2024-10-14,4,4,0
PHC-DST-A1-06,2024-10-15,4,4,0
PHC-DST-A1-06,2024-10-16,4,2,2
PHC-DST-A1-06,2024-10-17,4,3,1
PHC-DST-A1-06,2024-10-18,4,3,1
PHC-DST-A1-06,2024-10-19,4,3,1
PHC-DST-A1-06,2024-10-20,4,4,0
PHC-DST-A1-06,2024-10-21,4,4,0
PHC-DST-A1-06,2024-10-22,4,4,0
PHC-DST-A1-06,2024-10-23,4,1,3
PHC-DST-A1-06,2024-10-24,4,1,3
PHC-DST-A1-06,2024-10-25,4,4,0
PHC-DST-A1-06,2024-10-26,4,4,0
PHC-DST-A1-06,2024-10-27,4,4,0
PHC-DST-A1-06,2024-10-28,4,4,0
PHC-DST-A1-06,2024-10-29,4,4,0
PHC-DST-A1-06,2024-10-30,4,3,1
PHC-DST-A1-06,2024-10-31,4,4,0
PHC-DST-A1-06,2024-11-01,4,4,0
PHC-DST-A1-06,2024-11-02,4,4,0
PHC-DST-A1-06,2024-11-03,4,4,0
PHC-DST-A1-06,2024-11-04,4,4,0
PHC-DST-A1-06,2024-11-05,4,4,0
PHC-DST-A1-06,2024-11-06,4,3,1
PHC-DST-A1-06,2024-11-07,4,3,1
PHC-DST-A1-06,2024-11-08,4,3,1
PHC-DST-A1-06,2024-11-09,4,4,0
PHC-DST-A1-06,2024-11-10,4,4,0
PHC-DST-A1-06,2024-11-11,4,3,1
PHC-DST-A1-06,2024-11-12,4,3,1
PHC-DST-A1-06,2024-11-13,4,2,2
PHC-DST-A1-06,2024-11-14,4,4,0
PHC-DST-A1-06,2024-11-15,4,3,1
PHC-DST-A1-06,2024-11-16,4,4,0
PHC-DST-A1-06,2024-11-17,4,4,0
PHC-DST-A1-06,2024-11-18,4,4,0
PHC-DST-A1-06,2024-11-19,4,4,0
PHC-DST-A1-06,2024-11-20,4,4,0
PHC-DST-A1-06,2024-11-21,4,4,0
PHC-DST-A1-06,2024-11-22,4,3,1
PHC-DST-A1-06,2024-11-23,4,2,2
PHC-DST-A1-06,2024-11-24,4,4,0
PHC-DST-A1-06,2024-11-25,4,4,0
PHC-DST-A1-06,2024-11-26,4,1,3
PHC-DST-A1-06,2024-11-27,4,4,0
PHC-DST-A1-06,2024-11-28,4,4,0
PHC-DST-A1-06,2024-11-29,4,2,2
PHC-DST-A1-06,2024-11-30,4,1,3
PHC-DST-A1-06,2024-12-01,4,3,1
PHC-DST-A1-06,2024-12-02,4,4,0
PHC-DST-A1-06,2024-12-03,4,4,0
PHC-DST-A1-06,2024-12-04,4,4,0
PHC-DST-A1-06,2024-12-05,4,4,0
PHC-DST-A1-06,2024-12-06,4,4,0
PHC-DST-A1-06,2024-12-07,4,3,1
PHC-DST-A1-06,2024-12-08,4,4,0
PHC-DST-A1-06,2024-12-09,4,4,0
PHC-DST-A1-06,2024-12-10,4,4,0
PHC-DST-A1-06,2024-12-11,4,4,0
PHC-DST-A1-06,2024-12-12,4,2,2
PHC-DST-A1-06,2024-12-13,4,4,0
PHC-DST-A1-06,2024-12-14,4,4,0
PHC-DST-A1-06,2024-12-15,4,4,0
PHC-DST-A1-06,2024-12-16,4,3,1
PHC-DST-A1-06,2024-12-17,4,4,0
PHC-DST-A1-06,2024-12-18,4,1,3
PHC-DST-A1-06,2024-12-19,4,3,1
PHC-DST-A1-06,2024-12-20,4,4,0
PHC-DST-A1-06,2024-12-21,4,3,1
PHC-DST-A1-06,2024-12-22,4,4,0
PHC-DST-A1-06,2024-12-23,4,4,0
PHC-DST-A1-06,2024-12-24,4,4,0
PHC-DST-A1-06,2024-12-25,4,4,0
PHC-DST-A1-06,2024-12-26,4,4,0
PHC-DST-A1-06,2024-12-27,4,4,0
PHC-DST-A1-06,2024-12-28,4,4,0
PHC-DST-A1-06,2024-12-29,4,2,2
PHC-DST-A1-06,2024-12-30,4,2,2
PHC-DST-A1-06,2024-12-31,4,3,1
PHC-DST-A1-06,2025-01-01,4,3,1
PHC-DST-A1-06,2025-01-02,4,4,0
PHC-DST-A1-06,2025-01-03,4,4,0
PHC-DST-A1-06,2025-01-04,4,3,1
PHC-DST-A1-06,2025-01-05,4,2,2
PHC-DST-A1-06,2025-01-06,4,3,1
PHC-DST-A1-06,2025-01-07,4,4,0
PHC-DST-A1-06,2025-01-08,4,4,0
PHC-DST-A1-06,2025-01-09,4,3,1
PHC-DST-A1-06,2025-01-10,4,4,0
PHC-DST-A1-06,2025-01-11,4,4,0
PHC-DST-A1-06,2025-01-12,4,4,0
PHC-DST-A1-06,2025-01-13,4,3,1
PHC-DST-A1-06,2025-01-14,4,4,0
PHC-DST-A1-06,2025-01-15,4,3,1
PHC-DST-A1-06,2025-01-16,4,0,4
PHC-DST-A1-06,2025-01-17,4,3,1
PHC-DST-A1-06,2025-01-18,4,4,0
PHC-DST-A1-06,2025-01-19,4,4,0
PHC-DST-A1-06,2025-01-20,4,4,0
PHC-DST-A1-06,2025-01-21,4,4,0
PHC-DST-A1-06,2025-01-22,4,4,0
PHC-DST-A1-06,2025-01-23,4,4,0
PHC-DST-A1-06,2025-01-24,4,3,1
PHC-DST-A1-06,2025-01-25,4,4,0
PHC-DST-A1-06,2025-01-26,4,4,0
PHC-DST-A1-06,2025-01-27,4,3,1
PHC-DST-A1-06,2025-01-28,4,4,0
PHC-DST-A1-06,2025-01-29,4,4,0
PHC-DST-A1-06,2025-01-30,4,4,0
PHC-DST-A1-06,2025-01-31,4,2,2
PHC-DST-A1-06,2025-02-01,4,3,1
PHC-DST-A1-06,2025-02-02,4,4,0
PHC-DST-A1-06,2025-02-03,4,3,1
PHC-DST-A1-06,2025-02-04,4,3,1
PHC-DST-A1-06,2025-02-05,4,4,0
PHC-DST-A1-06,2025-02-06,4,2,2
PHC-DST-A1-06,2025-02-07,4,2,2
PHC-DST-A1-06,2025-02-08,4,4,0
PHC-DST-A1-06,2025-02-09,4,4,0
PHC-DST-A1-06,2025-02-10,4,4,0
PHC-DST-A1-06,2025-02-11,4,4,0
PHC-DST-A1-06,2025-02-12,4,4,0
PHC-DST-A1-06,2025-02-13,4,4,0
PHC-DST-A1-06,2025-02-14,4,4,0
PHC-DST-A1-06,2025-02-15,4,2,2
PHC-DST-A1-06,2025-02-16,4,3,1
PHC-DST-A1-06,2025-02-17,4,4,0
PHC-DST-A1-06,2025-02-18,4,4,0
PHC-DST-A1-06,2025-02-19,4,4,0
PHC-DST-A1-06,2025-02-20,4,2,2
PHC-DST-A1-06,2025-02-21,4,3,1
PHC-DST-A1-06,2025-02-22,4,2,2
PHC-DST-A1-06,2025-02-23,4,4,0
PHC-DST-A1-06,2025-02-24,4,4,0
PHC-DST-A1-06,2025-02-25,4,3,1
PHC-DST-A1-06,2025-02-26,4,4,0
PHC-DST-A1-06,2025-02-27,4,3,1
PHC-DST-A1-06,2025-02-28,4,4,0
PHC-DST-A1-06,2025-03-01,4,4,0
PHC-DST-A1-06,2025-03-02,4,4,0
PHC-DST-A1-06,2025-03-03,4,0,4
PHC-DST-A1-06,2025-03-04,4,4,0
PHC-DST-A1-06,2025-03-05,4,4,0
PHC-DST-A1-06,2025-03-06,4,3,1
PHC-DST-A1-06,2025-03-07,4,3,1
PHC-DST-A1-06,2025-03-08,4,3,1
PHC-DST-A1-06,2025-03-09,4,4,0
PHC-DST-A1-06,2025-03-10,4,3,1
PHC-DST-A1-06,2025-03-11,4,4,0
PHC-DST-A1-06,2025-03-12,4,1,3
PHC-DST-A1-06,2025-03-13,4,1,3
PHC-DST-A1-06,2025-03-14,4,4,0
PHC-DST-A1-06,2025-03-15,4,4,0
PHC-DST-A1-06,2025-03-16,4,1,3
PHC-DST-A1-06,2025-03-17,4,3,1
PHC-DST-A1-06,2025-03-18,4,4,0
PHC-DST-A1-06,2025-03-19,4,2,2
PHC-DST-A1-06,2025-03-20,4,4,0
PHC-DST-A1-06,2025-03-21,4,2,2
PHC-DST-A1-06,2025-03-22,4,4,0
PHC-DST-A1-06,2025-03-23,4,4,0
PHC-DST-A1-06,2025-03-24,4,2,2
PHC-DST-A1-06,2025-03-25,4,3,1
PHC-DST-A1-06,2025-03-26,4,3,1
PHC-DST-A1-06,2025-03-27,4,4,0
PHC-DST-A1-06,2025-03-28,4,4,0
PHC-DST-A1-06,2025-03-29,4,4,0
PHC-DST-A1-06,2025-03-30,4,4,0
PHC-DST-A1-06,2025-03-31,4,2,2
PHC-DST-A1-06,2025-04-01,4,3,1
PHC-DST-A1-06,2025-04-02,4,2,2
PHC-DST-A1-06,2025-04-03,4,4,0
PHC-DST-A1-06,2025-04-04,4,2,2
PHC-DST-A1-06,2025-04-05,4,4,0
PHC-DST-A1-06,2025-04-06,4,4,0
PHC-DST-A1-06,2025-04-07,4,2,2
PHC-DST-A1-06,2025-04-08,4,4,0
PHC-DST-A1-06,2025-04-09,4,3,1
PHC-DST-A1-06,2025-04-10,4,4,0
PHC-DST-A1-06,2025-04-11,4,3,1
PHC-DST-A1-06,2025-04-12,4,2,2
PHC-DST-A1-06,2025-04-13,4,2,2
PHC-DST-A1-06,2025-04-14,4,4,0
PHC-DST-A1-06,2025-04-15,4,4,0
PHC-DST-A1-06,2025-04-16,4,2,2
PHC-DST-A1-06,2025-04-17,4,4,0
PHC-DST-A1-06,2025-04-18,4,3,1
PHC-DST-A1-06,2025-04-19,4,4,0
PHC-DST-A1-06,2025-04-20,4,4,0
PHC-DST-A1-06,2025-04-21,4,4,0
PHC-DST-A1-06,2025-04-22,4,3,1
PHC-DST-A1-06,2025-04-23,4,4,0
PHC-DST-A1-06,2025-04-24,4,4,0
PHC-DST-A1-06,2025-04-25,4,4,0
PHC-DST-A1-06,2025-04-26,4,3,1
PHC-DST-A1-06,2025-04-27,4,4,0
PHC-DST-A1-06,2025-04-28,4,4,0
PHC-DST-A1-06,2025-04-29,4,3,1
PHC-DST-A1-06,2025-04-30,4,4,0
PHC-DST-A1-06,2025-05-01,4,4,0
PHC-DST-A1-06,2025-05-02,4,4,0
PHC-DST-A1-06,2025-05-03,4,4,0
PHC-DST-A1-06,2025-05-04,4,4,0
PHC-DST-A1-06,2025-05-05,4,4,0
PHC-DST-A1-06,2025-05-06,4,4,0
PHC-DST-A1-06,2025-05-07,4,3,1
PHC-DST-A1-06,2025-05-08,4,4,0
PHC-DST-A1-06,2025-05-09,4,2,2
PHC-DST-A1-06,2025-05-10,4,2,2
PHC-DST-A1-06,2025-05-11,4,3,1
PHC-DST-A1-06,2025-05-12,4,2,2
PHC-DST-A1-06,2025-05-13,4,4,0
PHC-DST-A1-06,2025-05-14,4,3,1
PHC-DST-A1-06,2025-05-15,4,4,0
PHC-DST-A1-06,2025-05-16,4,4,0
PHC-DST-A1-06,2025-05-17,4,4,0
PHC-DST-A1-06,2025-05-18,4,2,2
PHC-DST-A1-06,2025-05-19,4,1,3
PHC-DST-A1-06,2025-05-20,4,4,0
PHC-DST-A1-06,2025-05-21,4,2,2
PHC-DST-A1-06,2025-05-22,4,4,0
PHC-DST-A1-06,2025-05-23,4,3,1
PHC-DST-A1-06,2025-05-24,4,4,0
PHC-DST-A1-06,2025-05-25,4,2,2
PHC-DST-A1-06,2025-05-26,4,4,0
PHC-DST-A1-06,2025-05-27,4,3,1
PHC-DST-A1-06,2025-05-28,4,4,0
PHC-DST-A1-06,2025-05-29,4,4,0
PHC-DST-A1-06,2025-05-30,4,3,1
PHC-DST-A1-06,2025-05-31,4,2,2
PHC-DST-A1-06,2025-06-01,4,4,0
PHC-DST-A1-06,2025-06-02,4,2,2
PHC-DST-A1-06,2025-06-03,4,2,2
PHC-DST-A1-06,2025-06-04,4,2,2
PHC-DST-A1-06,2025-06-05,4,4,0
PHC-DST-A1-06,2025-06-06,4,3,1
PHC-DST-A1-06,2025-06-07,4,4,0
PHC-DST-A1-06,2025-06-08,4,4,0
PHC-DST-A1-06,2025-06-09,4,4,0
PHC-DST-A1-06,2025-06-10,4,4,0
PHC-DST-A1-06,2025-06-11,4,4,0
PHC-DST-A1-06,2025-06-12,4,2,2
PHC-DST-A1-06,2025-06-13,4,4,0
PHC-DST-A1-06,2025-06-14,4,4,0
PHC-DST-A1-06,2025-06-15,4,1,3
PHC-DST-A1-06,2025-06-16,4,4,0
PHC-DST-A1-06,2025-06-17,4,2,2
PHC-DST-A1-06,2025-06-18,4,4,0
PHC-DST-A1-06,2025-06-19,4,4,0
PHC-DST-A1-06,2025-06-20,4,4,0
PHC-DST-A1-06,2025-06-21,4,3,1
PHC-DST-A1-06,2025-06-22,4,4,0
PHC-DST-A1-06,2025-06-23,4,4,0
PHC-DST-A1-06,2025-06-24,4,4,0
PHC-DST-A1-06,2025-06-25,4,4,0
PHC-DST-A1-06,2025-06-26,4,4,0
PHC-DST-A1-06,2025-06-27,4,4,0
PHC-DST-A1-06,2025-06-28,4,4,0
PHC-DST-A1-06,2025-06-29,4,4,0
PHC-DST-A1-06,2025-06-30,4,4,0
PHC-DST-A2-01,2024-01-01,6,3,3
PHC-DST-A2-01,2024-01-02,6,6,0
PHC-DST-A2-01,2024-01-03,6,5,1
PHC-DST-A2-01,2024-01-04,6,2,4
PHC-DST-A2-01,2024-01-05,6,6,0
PHC-DST-A2-01,2024-01-06,6,6,0
PHC-DST-A2-01,2024-01-07,6,6,0
PHC-DST-A2-01,2024-01-08,6,5,1
PHC-DST-A2-01,2024-01-09,6,6,0
PHC-DST-A2-01,2024-01-10,6,6,0
PHC-DST-A2-01,2024-01-11,6,2,4
PHC-DST-A2-01,2024-01-12,6,6,0
PHC-DST-A2-01,2024-01-13,6,6,0
PHC-DST-A2-01,2024-01-14,6,6,0
PHC-DST-A2-01,2024-01-15,6,6,0
PHC-DST-A2-01,2024-01-16,6,6,0
PHC-DST-A2-01,2024-01-17,6,5,1
PHC-DST-A2-01,2024-01-18,6,2,4
PHC-DST-A2-01,2024-01-19,6,6,0
PHC-DST-A2-01,2024-01-20,6,6,0
PHC-DST-A2-01,2024-01-21,6,5,1
PHC-DST-A2-01,2024-01-22,6,5,1
PHC-DST-A2-01,2024-01-23,6,5,1
PHC-DST-A2-01,2024-01-24,6,4,2
PHC-DST-A2-01,2024-01-25,6,5,1
PHC-DST-A2-01,2024-01-26,6,5,1
PHC-DST-A2-01,2024-01-27,6,1,5
PHC-DST-A2-01,2024-01-28,6,6,0
PHC-DST-A2-01,2024-01-29,6,6,0
PHC-DST-A2-01,2024-01-30,6,2,4
PHC-DST-A2-01,2024-01-31,6,5,1
PHC-DST-A2-01,2024-02-01,6,6,0
PHC-DST-A2-01,2024-02-02,6,5,1
PHC-DST-A2-01,2024-02-03,6,3,3
PHC-DST-A2-01,2024-02-04,6,2,4
PHC-DST-A2-01,2024-02-05,6,3,3
PHC-DST-A2-01,2024-02-06,6,2,4
PHC-DST-A2-01,2024-02-07,6,3,3
PHC-DST-A2-01,2024-02-08,6,3,3
PHC-DST-A2-01,2024-02-09,6,6,0
PHC-DST-A2-01,2024-02-10,6,5,1
PHC-DST-A2-01,2024-02-11,6,4,2
PHC-DST-A2-01,2024-02-12,6,3,3
PHC-DST-A2-01,2024-02-13,6,6,0
PHC-DST-A2-01,2024-02-14,6,6,0
PHC-DST-A2-01,2024-02-15,6,4,2
PHC-DST-A2-01,2024-02-16,6,6,0
PHC-DST-A2-01,2024-02-17,6,6,0
PHC-DST-A2-01,2024-02-18,6,5,1
PHC-DST-A2-01,2024-02-19,6,5,1
PHC-DST-A2-01,2024-02-20,6,3,3
PHC-DST-A2-01,2024-02-21,6,4,2
PHC-DST-A2-01,2024-02-22,6,6,0
PHC-DST-A2-01,2024-02-23,6,6,0
PHC-DST-A2-01,2024-02-24,6,4,2
PHC-DST-A2-01,2024-02-25,6,5,1
PHC-DST-A2-01,2024-02-26,6,3,3
PHC-DST-A2-01,2024-02-27,6,6,0
PHC-DST-A2-01,2024-02-28,6,6,0
PHC-DST-A2-01,2024-02-29,6,5,1
PHC-DST-A2-01,2024-03-01,6,6,0
PHC-DST-A2-01,2024-03-02,6,6,0
PHC-DST-A2-01,2024-03-03,6,6,0
PHC-DST-A2-01,2024-03-04,6,6,0
PHC-DST-A2-01,2024-03-05,6,3,3
PHC-DST-A2-01,2024-03-06,6,3,3
PHC-DST-A2-01,2024-03-07,6,6,0
PHC-DST-A2-01,2024-03-08,6,3,3
PHC-DST-A2-01,2024-03-09,6,6,0
PHC-DST-A2-01,2024-03-10,6,6,0
PHC-DST-A2-01,2024-03-11,6,6,0
PHC-DST-A2-01,2024-03-12,6,6,0
PHC-DST-A2-01,2024-03-13,6,6,0
PHC-DST-A2-01,2024-03-14,6,3,3
PHC-DST-A2-01,2024-03-15,6,6,0
PHC-DST-A2-01,2024-03-16,6,5,1
PHC-DST-A2-01,2024-03-17,6,3,3
PHC-DST-A2-01,2024-03-18,6,6,0
PHC-DST-A2-01,2024-03-19,6,6,0
PHC-DST-A2-01,2024-03-20,6,6,0
PHC-DST-A2-01,2024-03-21,6,6,0
PHC-DST-A2-01,2024-03-22,6,3,3
PHC-DST-A2-01,2024-03-23,6,4,2
PHC-DST-A2-01,2024-03-24,6,5,1
PHC-DST-A2-01,2024-03-25,6,5,1
PHC-DST-A2-01,2024-03-26,6,6,0
PHC-DST-A2-01,2024-03-27,6,5,1
PHC-DST-A2-01,2024-03-28,6,5,1
PHC-DST-A2-01,2024-03-29,6,6,0
PHC-DST-A2-01,2024-03-30,6,6,0
PHC-DST-A2-01,2024-03-31,6,4,2
PHC-DST-A2-01,2024-04-01,6,6,0
PHC-DST-A2-01,2024-04-02,6,3,3
PHC-DST-A2-01,2024-04-03,6,6,0
PHC-DST-A2-01,2024-04-04,6,6,0
PHC-DST-A2-01,2024-04-05,6,5,1
PHC-DST-A2-01,2024-04-06,6,6,0
PHC-DST-A2-01,2024-04-07,6,4,2
PHC-DST-A2-01,2024-04-08,6,6,0
PHC-DST-A2-01,2024-04-09,6,6,0
PHC-DST-A2-01,2024-04-10,6,4,2
PHC-DST-A2-01,2024-04-11,6,4,2
PHC-DST-A2-01,2024-04-12,6,5,1
PHC-DST-A2-01,2024-04-13,6,6,0
PHC-DST-A2-01,2024-04-14,6,5,1
PHC-DST-A2-01,2024-04-15,6,6,0
PHC-DST-A2-01,2024-04-16,6,6,0
PHC-DST-A2-01,2024-04-17,6,6,0
PHC-DST-A2-01,2024-04-18,6,4,2
PHC-DST-A2-01,2024-04-19,6,4,2
PHC-DST-A2-01,2024-04-20,6,6,0
PHC-DST-A2-01,2024-04-21,6,6,0
PHC-DST-A2-01,2024-04-22,6,5,1
PHC-DST-A2-01,2024-04-23,6,6,0
PHC-DST-A2-01,2024-04-24,6,3,3
PHC-DST-A2-01,2024-04-25,6,6,0
PHC-DST-A2-01,2024-04-26,6,2,4
PHC-DST-A2-01,2024-04-27,6,4,2
PHC-DST-A2-01,2024-04-28,6,6,0
PHC-DST-A2-01,2024-04-29,6,6,0
PHC-DST-A2-01,2024-04-30,6,6,0
PHC-DST-A2-01,2024-05-01,6,6,0
PHC-DST-A2-01,2024-05-02,6,6,0
PHC-DST-A2-01,2024-05-03,6,2,4
PHC-DST-A2-01,2024-05-04,6,6,0
PHC-DST-A2-01,2024-05-05,6,3,3
PHC-DST-A2-01,2024-05-06,6,4,2
PHC-DST-A2-01,2024-05-07,6,4,2
PHC-DST-A2-01,2024-05-08,6,3,3
PHC-DST-A2-01,2024-05-09,6,4,2
PHC-DST-A2-01,2024-05-10,6,5,1
PHC-DST-A2-01,2024-05-11,6,3,3
PHC-DST-A2-01,2024-05-12,6,5,1
PHC-DST-A2-01,2024-05-13,6,6,0
PHC-DST-A2-01,2024-05-14,6,6,0
PHC-DST-A2-01,2024-05-15,6,5,1
PHC-DST-A2-01,2024-05-16,6,6,0
PHC-DST-A2-01,2024-05-17,6,4,2
PHC-DST-A2-01,2024-05-18,6,4,2
PHC-DST-A2-01,2024-05-19,6,4,2
PHC-DST-A2-01,2024-05-20,6,5,1
PHC-DST-A2-01,2024-05-21,6,3,3
PHC-DST-A2-01,2024-05-22,6,6,0
PHC-DST-A2-01,2024-05-23,6,6,0
PHC-DST-A2-01,2024-05-24,6,3,3
PHC-DST-A2-01,2024-05-25,6,4,2
PHC-DST-A2-01,2024-05-26,6,6,0
PHC-DST-A2-01,2024-05-27,6,6,0
PHC-DST-A2-01,2024-05-28,6,2,4
PHC-DST-A2-01,2024-05-29,6,6,0
PHC-DST-A2-01,2024-05-30,6,5,1
PHC-DST-A2-01,2024-05-31,6,6,0
PHC-DST-A2-01,2024-06-01,6,4,2
PHC-DST-A2-01,2024-06-02,6,3,3
PHC-DST-A2-01,2024-06-03,6,3,3
PHC-DST-A2-01,2024-06-04,6,3,3
PHC-DST-A2-01,2024-06-05,6,6,0
PHC-DST-A2-01,2024-06-06,6,3,3
PHC-DST-A2-01,2024-06-07,6,3,3
PHC-DST-A2-01,2024-06-08,6,5,1
PHC-DST-A2-01,2024-06-09,6,5,1
PHC-DST-A2-01,2024-06-10,6,5,1
PHC-DST-A2-01,2024-06-11,6,5,1
PHC-DST-A2-01,2024-06-12,6,5,1
PHC-DST-A2-01,2024-06-13,6,6,0
PHC-DST-A2-01,2024-06-14,6,4,2
PHC-DST-A2-01,2024-06-15,6,5,1
PHC-DST-A2-01,2024-06-16,6,4,2
PHC-DST-A2-01,2024-06-17,6,3,3
PHC-DST-A2-01,2024-06-18,6,5,1
PHC-DST-A2-01,2024-06-19,6,5,1
PHC-DST-A2-01,2024-06-20,6,6,0
PHC-DST-A2-01,2024-06-21,6,4,2
PHC-DST-A2-01,2024-06-22,6,3,3
PHC-DST-A2-01,2024-06-23,6,2,4
PHC-DST-A2-01,2024-06-24,6,6,0
PHC-DST-A2-01,2024-06-25,6,3,3
PHC-DST-A2-01,2024-06-26,6,2,4
PHC-DST-A2-01,2024-06-27,6,4,2
PHC-DST-A2-01,2024-06-28,6,6,0
PHC-DST-A2-01,2024-06-29,6,4,2
PHC-DST-A2-01,2024-06-30,6,4,2
PHC-DST-A2-01,2024-07-01,6,5,1
PHC-DST-A2-01,2024-07-02,6,4,2
PHC-DST-A2-01,2024-07-03,6,3,3
PHC-DST-A2-01,2024-07-04,6,6,0
PHC-DST-A2-01,2024-07-05,6,2,4
PHC-DST-A2-01,2024-07-06,6,3,3
PHC-DST-A2-01,2024-07-07,6,6,0
PHC-DST-A2-01,2024-07-08,6,6,0
PHC-DST-A2-01,2024-07-09,6,2,4
PHC-DST-A2-01,2024-07-10,6,5,1
PHC-DST-A2-01,2024-07-11,6,6,0
PHC-DST-A2-01,2024-07-12,6,6,0
PHC-DST-A2-01,2024-07-13,6,4,2
PHC-DST-A2-01,2024-07-14,6,6,0
PHC-DST-A2-01,2024-07-15,6,3,3
PHC-DST-A2-01,2024-07-16,6,5,1
PHC-DST-A2-01,2024-07-17,6,5,1
PHC-DST-A2-01,2024-07-18,6,4,2
PHC-DST-A2-01,2024-07-19,6,4,2
PHC-DST-A2-01,2024-07-20,6,6,0
PHC-DST-A2-01,2024-07-21,6,4,2
PHC-DST-A2-01,2024-07-22,6,5,1
PHC-DST-A2-01,2024-07-23,6,3,3
PHC-DST-A2-01,2024-07-24,6,6,0
PHC-DST-A2-01,2024-07-25,6,3,3
PHC-DST-A2-01,2024-07-26,6,3,3
PHC-DST-A2-01,2024-07-27,6,6,0
PHC-DST-A2-01,2024-07-28,6,3,3
PHC-DST-A2-01,2024-07-29,6,6,0
PHC-DST-A2-01,2024-07-30,6,6,0
PHC-DST-A2-01,2024-07-31,6,6,0
PHC-DST-A2-01,2024-08-01,6,4,2
PHC-DST-A2-01,2024-08-02,6,6,0
PHC-DST-A2-01,2024-08-03,6,6,0
PHC-DST-A2-01,2024-08-04,6,5,1
PHC-DST-A2-01,2024-08-05,6,6,0
PHC-DST-A2-01,2024-08-06,6,6,0
PHC-DST-A2-01,2024-08-07,6,5,1
PHC-DST-A2-01,2024-08-08,6,5,1
PHC-DST-A2-01,2024-08-09,6,6,0
PHC-DST-A2-01,2024-08-10,6,6,0
PHC-DST-A2-01,2024-08-11,6,5,1
PHC-DST-A2-01,2024-08-12,6,5,1
PHC-DST-A2-01,2024-08-13,6,3,3
PHC-DST-A2-01,2024-08-14,6,6,0
PHC-DST-A2-01,2024-08-15,6,3,3
PHC-DST-A2-01,2024-08-16,6,6,0
PHC-DST-A2-01,2024-08-17,6,6,0
PHC-DST-A2-01,2024-08-18,6,5,1
PHC-DST-A2-01,2024-08-19,6,6,0
PHC-DST-A2-01,2024-08-20,6,6,0
PHC-DST-A2-01,2024-08-21,6,3,3
PHC-DST-A2-01,2024-08-22,6,4,2
PHC-DST-A2-01,2024-08-23,6,5,1
PHC-DST-A2-01,2024-08-24,6,4,2
PHC-DST-A2-01,2024-08-25,6,6,0
PHC-DST-A2-01,2024-08-26,6,6,0
PHC-DST-A2-01,2024-08-27,6,4,2
PHC-DST-A2-01,2024-08-28,6,2,4
PHC-DST-A2-01,2024-08-29,6,6,0
PHC-DST-A2-01,2024-08-30,6,5,1
PHC-DST-A2-01,2024-08-31,6,4,2
PHC-DST-A2-01,2024-09-01,6,6,0
PHC-DST-A2-01,2024-09-02,6,3,3
PHC-DST-A2-01,2024-09-03,6,6,0
PHC-DST-A2-01,2024-09-04,6,6,0
PHC-DST-A2-01,2024-09-05,6,2,4
PHC-DST-A2-01,2024-09-06,6,5,1
PHC-DST-A2-01,2024-09-07,6,5,1
PHC-DST-A2-01,2024-09-08,6,5,1
PHC-DST-A2-01,2024-09-09,6,3,3
PHC-DST-A2-01,2024-09-10,6,5,1
PHC-DST-A2-01,2024-09-11,6,4,2
PHC-DST-A2-01,2024-09-12,6,5,1
PHC-DST-A2-01,2024-09-13,6,6,0
PHC-DST-A2-01,2024-09-14,6,5,1
PHC-DST-A2-01,2024-09-15,6,5,1
PHC-DST-A2-01,2024-09-16,6,6,0
PHC-DST-A2-01,2024-09-17,6,4,2
PHC-DST-A2-01,2024-09-18,6,6,0
PHC-DST-A2-01,2024-09-19,6,6,0
PHC-DST-A2-01,2024-09-20,6,4,2
PHC-DST-A2-01,2024-09-21,6,4,2
PHC-DST-A2-01,2024-09-22,6,5,1
PHC-DST-A2-01,2024-09-23,6,5,1
PHC-DST-A2-01,2024-09-24,6,5,1
PHC-DST-A2-01,2024-09-25,6,4,2
PHC-DST-A2-01,2024-09-26,6,5,1
PHC-DST-A2-01,2024-09-27,6,5,1
PHC-DST-A2-01,2024-09-28,6,6,0
PHC-DST-A2-01,2024-09-29,6,6,0
PHC-DST-A2-01,2024-09-30,6,6,0
PHC-DST-A2-01,2024-10-01,6,6,0
PHC-DST-A2-01,2024-10-02,6,6,0
PHC-DST-A2-01,2024-10-03,6,4,2
PHC-DST-A2-01,2024-10-04,6,3,3
PHC-DST-A2-01,2024-10-05,6,4,2
PHC-DST-A2-01,2024-10-06,6,5,1
PHC-DST-A2-01,2024-10-07,6,2,4
PHC-DST-A2-01,2024-10-08,6,6,0
PHC-DST-A2-01,2024-10-09,6,2,4
PHC-DST-A2-01,2024-10-10,6,4,2
PHC-DST-A2-01,2024-10-11,6,6,0
PHC-DST-A2-01,2024-10-12,6,6,0
PHC-DST-A2-01,2024-10-13,6,5,1
PHC-DST-A2-01,2024-10-14,6,6,0
PHC-DST-A2-01,2024-10-15,6,5,1
PHC-DST-A2-01,2024-10-16,6,6,0
PHC-DST-A2-01,2024-10-17,6,6,0
PHC-DST-A2-01,2024-10-18,6,3,3
PHC-DST-A2-01,2024-10-19,6,6,0
PHC-DST-A2-01,2024-10-20,6,5,1
PHC-DST-A2-01,2024-10-21,6,2,4
PHC-DST-A2-01,2024-10-22,6,4,2
PHC-DST-A2-01,2024-10-23,6,6,0
PHC-DST-A2-01,2024-10-24,6,3,3
PHC-DST-A2-01,2024-10-25,6,4,2
PHC-DST-A2-01,2024-10-26,6,6,0
PHC-DST-A2-01,2024-10-27,6,3,3
PHC-DST-A2-01,2024-10-28,6,4,2
PHC-DST-A2-01,2024-10-29,6,2,4
PHC-DST-A2-01,2024-10-30,6,3,3
PHC-DST-A2-01,2024-10-31,6,4,2
PHC-DST-A2-01,2024-11-01,6,4,2
PHC-DST-A2-01,2024-11-02,6,5,1
PHC-DST-A2-01,2024-11-03,6,5,1
PHC-DST-A2-01,2024-11-04,6,6,0
PHC-DST-A2-01,2024-11-05,6,6,0
PHC-DST-A2-01,2024-11-06,6,4,2
PHC-DST-A2-01,2024-11-07,6,6,0
PHC-DST-A2-01,2024-11-08,6,6,0
PHC-DST-A2-01,2024-11-09,6,5,1
PHC-DST-A2-01,2024-11-10,6,5,1
PHC-DST-A2-01,2024-11-11,6,4,2
PHC-DST-A2-01,2024-11-12,6,6,0
PHC-DST-A2-01,2024-11-13,6,6,0
PHC-DST-A2-01,2024-11-14,6,6,0
PHC-DST-A2-01,2024-11-15,6,3,3
PHC-DST-A2-01,2024-11-16,6,5,1
PHC-DST-A2-01,2024-11-17,6,2,4
PHC-DST-A2-01,2024-11-18,6,2,4
PHC-DST-A2-01,2024-11-19,6,6,0
PHC-DST-A2-01,2024-11-20,6,4,2
PHC-DST-A2-01,2024-11-21,6,5,1
PHC-DST-A2-01,2024-11-22,6,4,2
PHC-DST-A2-01,2024-11-23,6,5,1
PHC-DST-A2-01,2024-11-24,6,3,3
PHC-DST-A2-01,2024-11-25,6,5,1
PHC-DST-A2-01,2024-11-26,6,6,0
PHC-DST-A2-01,2024-11-27,6,3,3
PHC-DST-A2-01,2024-11-28,6,5,1
PHC-DST-A2-01,2024-11-29,6,6,0
PHC-DST-A2-01,2024-11-30,6,6,0
PHC-DST-A2-01,2024-12-01,6,6,0
PHC-DST-A2-01,2024-12-02,6,6,0
PHC-DST-A2-01,2024-12-03,6,6,0
PHC-DST-A2-01,2024-12-04,6,2,4
PHC-DST-A2-01,2024-12-05,6,4,2
PHC-DST-A2-01,2024-12-06,6,6,0
PHC-DST-A2-01,2024-12-07,6,6,0
PHC-DST-A2-01,2024-12-08,6,5,1
PHC-DST-A2-01,2024-12-09,6,3,3
PHC-DST-A2-01,2024-12-10,6,6,0
PHC-DST-A2-01,2024-12-11,6,4,2
PHC-DST-A2-01,2024-12-12,6,4,2
PHC-DST-A2-01,2024-12-13,6,5,1
PHC-DST-A2-01,2024-12-14,6,6,0
PHC-DST-A2-01,2024-12-15,6,4,2
PHC-DST-A2-01,2024-12-16,6,6,0
PHC-DST-A2-01,2024-12-17,6,4,2
PHC-DST-A2-01,2024-12-18,6,6,0
PHC-DST-A2-01,2024-12-19,6,5,1
PHC-DST-A2-01,2024-12-20,6,6,0
PHC-DST-A2-01,2024-12-21,6,6,0
PHC-DST-A2-01,2024-12-22,6,6,0
PHC-DST-A2-01,2024-12-23,6,5,1
PHC-DST-A2-01,2024-12-24,6,6,0
PHC-DST-A2-01,2024-12-25,6,6,0
PHC-DST-A2-01,2024-12-26,6,6,0
PHC-DST-A2-01,2024-12-27,6,5,1
PHC-DST-A2-01,2024-12-28,6,4,2
PHC-DST-A2-01,2024-12-29,6,6,0
PHC-DST-A2-01,2024-12-30,6,6,0
PHC-DST-A2-01,2024-12-31,6,2,4
PHC-DST-A2-01,2025-01-01,6,3,3
PHC-DST-A2-01,2025-01-02,6,3,3
PHC-DST-A2-01,2025-01-03,6,5,1
PHC-DST-A2-01,2025-01-04,6,5,1
PHC-DST-A2-01,2025-01-05,6,5,1
PHC-DST-A2-01,2025-01-06,6,3,3
PHC-DST-A2-01,2025-01-07,6,4,2
PHC-DST-A2-01,2025-01-08,6,4,2
PHC-DST-A2-01,2025-01-09,6,3,3
PHC-DST-A2-01,2025-01-10,6,3,3
PHC-DST-A2-01,2025-01-11,6,6,0
PHC-DST-A2-01,2025-01-12,6,6,0
PHC-DST-A2-01,2025-01-13,6,6,0
PHC-DST-A2-01,2025-01-14,6,6,0
PHC-DST-A2-01,2025-01-15,6,6,0
PHC-DST-A2-01,2025-01-16,6,6,0
PHC-DST-A2-01,2025-01-17,6,6,0
PHC-DST-A2-01,2025-01-18,6,6,0
PHC-DST-A2-01,2025-01-19,6,4,2
PHC-DST-A2-01,2025-01-20,6,6,0
PHC-DST-A2-01,2025-01-21,6,4,2
PHC-DST-A2-01,2025-01-22,6,6,0
PHC-DST-A2-01,2025-01-23,6,6,0
PHC-DST-A2-01,2025-01-24,6,4,2
PHC-DST-A2-01,2025-01-25,6,6,0
PHC-DST-A2-01,2025-01-26,6,3,3
PHC-DST-A2-01,2025-01-27,6,5,1
PHC-DST-A2-01,2025-01-28,6,4,2
PHC-DST-A2-01,2025-01-29,6,3,3
PHC-DST-A2-01,2025-01-30,6,6,0
PHC-DST-A2-01,2025-01-31,6,3,3
PHC-DST-A2-01,2025-02-01,6,6,0
PHC-DST-A2-01,2025-02-02,6,2,4
PHC-DST-A2-01,2025-02-03,6,6,0
PHC-DST-A2-01,2025-02-04,6,4,2
PHC-DST-A2-01,2025-02-05,6,4,2
PHC-DST-A2-01,2025-02-06,6,6,0
PHC-DST-A2-01,2025-02-07,6,5,1
PHC-DST-A2-01,2025-02-08,6,3,3
PHC-DST-A2-01,2025-02-09,6,5,1
PHC-DST-A2-01,2025-02-10,6,6,0
PHC-DST-A2-01,2025-02-11,6,5,1
PHC-DST-A2-01,2025-02-12,6,6,0
PHC-DST-A2-01,2025-02-13,6,6,0
PHC-DST-A2-01,2025-02-14,6,5,1
PHC-DST-A2-01,2025-02-15,6,3,3
PHC-DST-A2-01,2025-02-16,6,2,4
PHC-DST-A2-01,2025-02-17,6,2,4
PHC-DST-A2-01,2025-02-18,6,5,1
PHC-DST-A2-01,2025-02-19,6,3,3
PHC-DST-A2-01,2025-02-20,6,2,4
PHC-DST-A2-01,2025-02-21,6,5,1
PHC-DST-A2-01,2025-02-22,6,6,0
PHC-DST-A2-01,2025-02-23,6,6,0
PHC-DST-A2-01,2025-02-24,6,4,2
PHC-DST-A2-01,2025-02-25,6,4,2
PHC-DST-A2-01,2025-02-26,6,5,1
PHC-DST-A2-01,2025-02-27,6,4,2
PHC-DST-A2-01,2025-02-28,6,4,2
PHC-DST-A2-01,2025-03-01,6,6,0
PHC-DST-A2-01,2025-03-02,6,5,1
PHC-DST-A2-01,2025-03-03,6,4,2
PHC-DST-A2-01,2025-03-04,6,6,0
PHC-DST-A2-01,2025-03-05,6,6,0
PHC-DST-A2-01,2025-03-06,6,5,1
PHC-DST-A2-01,2025-03-07,6,6,0
PHC-DST-A2-01,2025-03-08,6,4,2
PHC-DST-A2-01,2025-03-09,6,4,2
PHC-DST-A2-01,2025-03-10,6,5,1
PHC-DST-A2-01,2025-03-11,6,3,3
PHC-DST-A2-01,2025-03-12,6,6,0
PHC-DST-A2-01,2025-03-13,6,6,0
PHC-DST-A2-01,2025-03-14,6,6,0
PHC-DST-A2-01,2025-03-15,6,5,1
PHC-DST-A2-01,2025-03-16,6,3,3
PHC-DST-A2-01,2025-03-17,6,3,3
PHC-DST-A2-01,2025-03-18,6,6,0
PHC-DST-A2-01,2025-03-19,6,6,0
PHC-DST-A2-01,2025-03-20,6,6,0
PHC-DST-A2-01,2025-03-21,6,4,2
PHC-DST-A2-01,2025-03-22,6,4,2
PHC-DST-A2-01,2025-03-23,6,3,3
PHC-DST-A2-01,2025-03-24,6,6,0
PHC-DST-A2-01,2025-03-25,6,6,0
PHC-DST-A2-01,2025-03-26,6,3,3
PHC-DST-A2-01,2025-03-27,6,4,2
PHC-DST-A2-01,2025-03-28,6,4,2
PHC-DST-A2-01,2025-03-29,6,6,0
PHC-DST-A2-01,2025-03-30,6,2,4
PHC-DST-A2-01,2025-03-31,6,2,4
PHC-DST-A2-01,2025-04-01,6,6,0
PHC-DST-A2-01,2025-04-02,6,2,4
PHC-DST-A2-01,2025-04-03,6,5,1
PHC-DST-A2-01,2025-04-04,6,3,3
PHC-DST-A2-01,2025-04-05,6,6,0
PHC-DST-A2-01,2025-04-06,6,3,3
PHC-DST-A2-01,2025-04-07,6,6,0
PHC-DST-A2-01,2025-04-08,6,3,3
PHC-DST-A2-01,2025-04-09,6,6,0
PHC-DST-A2-01,2025-04-10,6,3,3
PHC-DST-A2-01,2025-04-11,6,6,0
PHC-DST-A2-01,2025-04-12,6,6,0
PHC-DST-A2-01,2025-04-13,6,3,3
PHC-DST-A2-01,2025-04-14,6,6,0
PHC-DST-A2-01,2025-04-15,6,6,0
PHC-DST-A2-01,2025-04-16,6,3,3
PHC-DST-A2-01,2025-04-17,6,5,1
PHC-DST-A2-01,2025-04-18,6,4,2
PHC-DST-A2-01,2025-04-19,6,6,0
PHC-DST-A2-01,2025-04-20,6,6,0
PHC-DST-A2-01,2025-04-21,6,6,0
PHC-DST-A2-01,2025-04-22,6,3,3
PHC-DST-A2-01,2025-04-23,6,6,0
PHC-DST-A2-01,2025-04-24,6,4,2
PHC-DST-A2-01,2025-04-25,6,6,0
PHC-DST-A2-01,2025-04-26,6,6,0
PHC-DST-A2-01,2025-04-27,6,4,2
PHC-DST-A2-01,2025-04-28,6,4,2
PHC-DST-A2-01,2025-04-29,6,6,0
PHC-DST-A2-01,2025-04-30,6,5,1
PHC-DST-A2-01,2025-05-01,6,6,0
PHC-DST-A2-01,2025-05-02,6,3,3
PHC-DST-A2-01,2025-05-03,6,6,0
PHC-DST-A2-01,2025-05-04,6,6,0
PHC-DST-A2-01,2025-05-05,6,4,2
PHC-DST-A2-01,2025-05-06,6,4,2
PHC-DST-A2-01,2025-05-07,6,4,2
PHC-DST-A2-01,2025-05-08,6,6,0
PHC-DST-A2-01,2025-05-09,6,3,3
PHC-DST-A2-01,2025-05-10,6,6,0
PHC-DST-A2-01,2025-05-11,6,6,0
PHC-DST-A2-01,2025-05-12,6,6,0
PHC-DST-A2-01,2025-05-13,6,4,2
PHC-DST-A2-01,2025-05-14,6,6,0
PHC-DST-A2-01,2025-05-15,6,6,0
PHC-DST-A2-01,2025-05-16,6,4,2
PHC-DST-A2-01,2025-05-17,6,5,1
PHC-DST-A2-01,2025-05-18,6,5,1
PHC-DST-A2-01,2025-05-19,6,4,2
PHC-DST-A2-01,2025-05-20,6,5,1
PHC-DST-A2-01,2025-05-21,6,4,2
PHC-DST-A2-01,2025-05-22,6,4,2
PHC-DST-A2-01,2025-05-23,6,6,0
PHC-DST-A2-01,2025-05-24,6,4,2
PHC-DST-A2-01,2025-05-25,6,6,0
PHC-DST-A2-01,2025-05-26,6,6,0
PHC-DST-A2-01,2025-05-27,6,6,0
PHC-DST-A2-01,2025-05-28,6,6,0
PHC-DST-A2-01,2025-05-29,6,4,2
PHC-DST-A2-01,2025-05-30,6,6,0
PHC-DST-A2-01,2025-05-31,6,6,0
PHC-DST-A2-01,2025-06-01,6,5,1
PHC-DST-A2-01,2025-06-02,6,4,2
PHC-DST-A2-01,2025-06-03,6,5,1
PHC-DST-A2-01,2025-06-04,6,4,2
PHC-DST-A2-01,2025-06-05,6,6,0
PHC-DST-A2-01,2025-06-06,6,4,2
PHC-DST-A2-01,2025-06-07,6,3,3
PHC-DST-A2-01,2025-06-08,6,4,2
PHC-DST-A2-01,2025-06-09,6,5,1
PHC-DST-A2-01,2025-06-10,6,6,0
PHC-DST-A2-01,2025-06-11,6,2,4
PHC-DST-A2-01,2025-06-12,6,6,0
PHC-DST-A2-01,2025-06-13,6,4,2
PHC-DST-A2-01,2025-06-14,6,2,4
PHC-DST-A2-01,2025-06-15,6,4,2
PHC-DST-A2-01,2025-06-16,6,5,1
PHC-DST-A2-01,2025-06-17,6,6,0
PHC-DST-A2-01,2025-06-18,6,4,2
PHC-DST-A2-01,2025-06-19,6,6,0
PHC-DST-A2-01,2025-06-20,6,6,0
PHC-DST-A2-01,2025-06-21,6,4,2
PHC-DST-A2-01,2025-06-22,6,6,0
PHC-DST-A2-01,2025-06-23,6,3,3
PHC-DST-A2-01,2025-06-24,6,6,0
PHC-DST-A2-01,2025-06-25,6,6,0
PHC-DST-A2-01,2025-06-26,6,6,0
PHC-DST-A2-01,2025-06-27,6,4,2
PHC-DST-A2-01,2025-06-28,6,6,0
PHC-DST-A2-01,2025-06-29,6,4,2
PHC-DST-A2-01,2025-06-30,6,6,0
PHC-DST-A2-02,2024-01-01,6,5,1
PHC-DST-A2-02,2024-01-02,6,6,0
PHC-DST-A2-02,2024-01-03,6,6,0
PHC-DST-A2-02,2024-01-04,6,3,3
PHC-DST-A2-02,2024-01-05,6,5,1
PHC-DST-A2-02,2024-01-06,6,4,2
PHC-DST-A2-02,2024-01-07,6,3,3
PHC-DST-A2-02,2024-01-08,6,6,0
PHC-DST-A2-02,2024-01-09,6,6,0
PHC-DST-A2-02,2024-01-10,6,3,3
PHC-DST-A2-02,2024-01-11,6,3,3
PHC-DST-A2-02,2024-01-12,6,4,2
PHC-DST-A2-02,2024-01-13,6,3,3
PHC-DST-A2-02,2024-01-14,6,3,3
PHC-DST-A2-02,2024-01-15,6,3,3
PHC-DST-A2-02,2024-01-16,6,2,4
PHC-DST-A2-02,2024-01-17,6,6,0
PHC-DST-A2-02,2024-01-18,6,6,0
PHC-DST-A2-02,2024-01-19,6,6,0
PHC-DST-A2-02,2024-01-20,6,5,1
PHC-DST-A2-02,2024-01-21,6,4,2
PHC-DST-A2-02,2024-01-22,6,5,1
PHC-DST-A2-02,2024-01-23,6,6,0
PHC-DST-A2-02,2024-01-24,6,5,1
PHC-DST-A2-02,2024-01-25,6,5,1
PHC-DST-A2-02,2024-01-26,6,4,2
PHC-DST-A2-02,2024-01-27,6,6,0
PHC-DST-A2-02,2024-01-28,6,6,0
PHC-DST-A2-02,2024-01-29,6,6,0
PHC-DST-A2-02,2024-01-30,6,6,0
PHC-DST-A2-02,2024-01-31,6,5,1
PHC-DST-A2-02,2024-02-01,6,5,1
PHC-DST-A2-02,2024-02-02,6,5,1
PHC-DST-A2-02,2024-02-03,6,4,2
PHC-DST-A2-02,2024-02-04,6,3,3
PHC-DST-A2-02,2024-02-05,6,2,4
PHC-DST-A2-02,2024-02-06,6,4,2
PHC-DST-A2-02,2024-02-07,6,6,0
PHC-DST-A2-02,2024-02-08,6,6,0
PHC-DST-A2-02,2024-02-09,6,4,2
PHC-DST-A2-02,2024-02-10,6,6,0
PHC-DST-A2-02,2024-02-11,6,5,1
PHC-DST-A2-02,2024-02-12,6,3,3
PHC-DST-A2-02,2024-02-13,6,6,0
PHC-DST-A2-02,2024-02-14,6,1,5
PHC-DST-A2-02,2024-02-15,6,3,3
PHC-DST-A2-02,2024-02-16,6,3,3
PHC-DST-A2-02,2024-02-17,6,3,3
PHC-DST-A2-02,2024-02-18,6,4,2
PHC-DST-A2-02,2024-02-19,6,6,0
PHC-DST-A2-02,2024-02-20,6,4,2
PHC-DST-A2-02,2024-02-21,6,5,1
PHC-DST-A2-02,2024-02-22,6,6,0
PHC-DST-A2-02,2024-02-23,6,6,0
PHC-DST-A2-02,2024-02-24,6,4,2
PHC-DST-A2-02,2024-02-25,6,4,2
PHC-DST-A2-02,2024-02-26,6,3,3
PHC-DST-A2-02,2024-02-27,6,6,0
PHC-DST-A2-02,2024-02-28,6,6,0
PHC-DST-A2-02,2024-02-29,6,6,0
PHC-DST-A2-02,2024-03-01,6,4,2
PHC-DST-A2-02,2024-03-02,6,3,3
PHC-DST-A2-02,2024-03-03,6,1,5
PHC-DST-A2-02,2024-03-04,6,5,1
PHC-DST-A2-02,2024-03-05,6,4,2
PHC-DST-A2-02,2024-03-06,6,3,3
PHC-DST-A2-02,2024-03-07,6,6,0
PHC-DST-A2-02,2024-03-08,6,5,1
PHC-DST-A2-02,2024-03-09,6,5,1
PHC-DST-A2-02,2024-03-10,6,1,5
PHC-DST-A2-02,2024-03-11,6,3,3
PHC-DST-A2-02,2024-03-12,6,6,0
PHC-DST-A2-02,2024-03-13,6,4,2
PHC-DST-A2-02,2024-03-14,6,6,0
PHC-DST-A2-02,2024-03-15,6,4,2
PHC-DST-A2-02,2024-03-16,6,5,1
PHC-DST-A2-02,2024-03-17,6,5,1
PHC-DST-A2-02,2024-03-18,6,6,0
PHC-DST-A2-02,2024-03-19,6,6,0
PHC-DST-A2-02,2024-03-20,6,2,4
PHC-DST-A2-02,2024-03-21,6,4,2
PHC-DST-A2-02,2024-03-22,6,1,5
PHC-DST-A2-02,2024-03-23,6,6,0
PHC-DST-A2-02,2024-03-24,6,4,2
PHC-DST-A2-02,2024-03-25,6,6,0
PHC-DST-A2-02,2024-03-26,6,3,3
PHC-DST-A2-02,2024-03-27,6,4,2
PHC-DST-A2-02,2024-03-28,6,5,1
PHC-DST-A2-02,2024-03-29,6,6,0
PHC-DST-A2-02,2024-03-30,6,4,2
PHC-DST-A2-02,2024-03-31,6,5,1
PHC-DST-A2-02,2024-04-01,6,6,0
PHC-DST-A2-02,2024-04-02,6,4,2
PHC-DST-A2-02,2024-04-03,6,6,0
PHC-DST-A2-02,2024-04-04,6,3,3
PHC-DST-A2-02,2024-04-05,6,3,3
PHC-DST-A2-02,2024-04-06,6,6,0
PHC-DST-A2-02,2024-04-07,6,6,0
PHC-DST-A2-02,2024-04-08,6,3,3
PHC-DST-A2-02,2024-04-09,6,3,3
PHC-DST-A2-02,2024-04-10,6,2,4
PHC-DST-A2-02,2024-04-11,6,3,3
PHC-DST-A2-02,2024-04-12,6,4,2
PHC-DST-A2-02,2024-04-13,6,4,2
PHC-DST-A2-02,2024-04-14,6,5,1
PHC-DST-A2-02,2024-04-15,6,5,1
PHC-DST-A2-02,2024-04-16,6,5,1
PHC-DST-A2-02,2024-04-17,6,6,0
PHC-DST-A2-02,2024-04-18,6,6,0
PHC-DST-A2-02,2024-04-19,6,6,0
PHC-DST-A2-02,2024-04-20,6,4,2
PHC-DST-A2-02,2024-04-21,6,6,0
PHC-DST-A2-02,2024-04-22,6,5,1
PHC-DST-A2-02,2024-04-23,6,6,0
PHC-DST-A2-02,2024-04-24,6,3,3
PHC-DST-A2-02,2024-04-25,6,6,0
PHC-DST-A2-02,2024-04-26,6,4,2
PHC-DST-A2-02,2024-04-27,6,6,0
PHC-DST-A2-02,2024-04-28,6,6,0
PHC-DST-A2-02,2024-04-29,6,3,3
PHC-DST-A2-02,2024-04-30,6,3,3
PHC-DST-A2-02,2024-05-01,6,5,1
PHC-DST-A2-02,2024-05-02,6,6,0
PHC-DST-A2-02,2024-05-03,6,2,4
PHC-DST-A2-02,2024-05-04,6,6,0
PHC-DST-A2-02,2024-05-05,6,6,0
PHC-DST-A2-02,2024-05-06,6,4,2
PHC-DST-A2-02,2024-05-07,6,3,3
PHC-DST-A2-02,2024-05-08,6,4,2
PHC-DST-A2-02,2024-05-09,6,4,2
PHC-DST-A2-02,2024-05-10,6,6,0
PHC-DST-A2-02,2024-05-11,6,6,0
PHC-DST-A2-02,2024-05-12,6,3,3
PHC-DST-A2-02,2024-05-13,6,4,2
PHC-DST-A2-02,2024-05-14,6,2,4
PHC-DST-A2-02,2024-05-15,6,4,2
PHC-DST-A2-02,2024-05-16,6,6,0
PHC-DST-A2-02,2024-05-17,6,3,3
PHC-DST-A2-02,2024-05-18,6,6,0
PHC-DST-A2-02,2024-05-19,6,5,1
PHC-DST-A2-02,2024-05-20,6,3,3
PHC-DST-A2-02,2024-05-21,6,3,3
PHC-DST-A2-02,2024-05-22,6,5,1
PHC-DST-A2-02,2024-05-23,6,5,1
PHC-DST-A2-02,2024-05-24,6,3,3
PHC-DST-A2-02,2024-05-25,6,4,2
PHC-DST-A2-02,2024-05-26,6,6,0
PHC-DST-A2-02,2024-05-27,6,4,2
PHC-DST-A2-02,2024-05-28,6,6,0
PHC-DST-A2-02,2024-05-29,6,5,1
PHC-DST-A2-02,2024-05-30,6,4,2
PHC-DST-A2-02,2024-05-31,6,6,0
PHC-DST-A2-02,2024-06-01,6,3,3
PHC-DST-A2-02,2024-06-02,6,6,0
PHC-DST-A2-02,2024-06-03,6,2,4
PHC-DST-A2-02,2024-06-04,6,2,4
PHC-DST-A2-02,2024-06-05,6,5,1
PHC-DST-A2-02,2024-06-06,6,5,1
PHC-DST-A2-02,2024-06-07,6,3,3
PHC-DST-A2-02,2024-06-08,6,3,3
PHC-DST-A2-02,2024-06-09,6,6,0
PHC-DST-A2-02,2024-06-10,6,3,3
PHC-DST-A2-02,2024-06-11,6,2,4
PHC-DST-A2-02,2024-06-12,6,4,2
PHC-DST-A2-02,2024-06-13,6,4,2
PHC-DST-A2-02,2024-06-14,6,4,2
PHC-DST-A2-02,2024-06-15,6,6,0
PHC-DST-A2-02,2024-06-16,6,5,1
PHC-DST-A2-02,2024-06-17,6,3,3
PHC-DST-A2-02,2024-06-18,6,4,2
PHC-DST-A2-02,2024-06-19,6,5,1
PHC-DST-A2-02,2024-06-20,6,6,0
PHC-DST-A2-02,2024-06-21,6,3,3
PHC-DST-A2-02,2024-06-22,6,4,2
PHC-DST-A2-02,2024-06-23,6,3,3
PHC-DST-A2-02,2024-06-24,6,3,3
PHC-DST-A2-02,2024-06-25,6,6,0
PHC-DST-A2-02,2024-06-26,6,2,4
PHC-DST-A2-02,2024-06-27,6,2,4
PHC-DST-A2-02,2024-06-28,6,4,2
PHC-DST-A2-02,2024-06-29,6,5,1
PHC-DST-A2-02,2024-06-30,6,5,1
PHC-DST-A2-02,2024-07-01,6,6,0
PHC-DST-A2-02,2024-07-02,6,3,3
PHC-DST-A2-02,2024-07-03,6,5,1
PHC-DST-A2-02,2024-07-04,6,6,0
PHC-DST-A2-02,2024-07-05,6,4,2
PHC-DST-A2-02,2024-07-06,6,6,0
PHC-DST-A2-02,2024-07-07,6,6,0
PHC-DST-A2-02,2024-07-08,6,4,2
PHC-DST-A2-02,2024-07-09,6,4,2
PHC-DST-A2-02,2024-07-10,6,6,0
PHC-DST-A2-02,2024-07-11,6,5,1
PHC-DST-A2-02,2024-07-12,6,6,0
PHC-DST-A2-02,2024-07-13,6,5,1
PHC-DST-A2-02,2024-07-14,6,6,0
PHC-DST-A2-02,2024-07-15,6,4,2
PHC-DST-A2-02,2024-07-16,6,4,2
PHC-DST-A2-02,2024-07-17,6,6,0
PHC-DST-A2-02,2024-07-18,6,4,2
PHC-DST-A2-02,2024-07-19,6,6,0
PHC-DST-A2-02,2024-07-20,6,6,0
PHC-DST-A2-02,2024-07-21,6,6,0
PHC-DST-A2-02,2024-07-22,6,4,2
PHC-DST-A2-02,2024-07-23,6,3,3
PHC-DST-A2-02,2024-07-24,6,5,1
PHC-DST-A2-02,2024-07-25,6,5,1
PHC-DST-A2-02,2024-07-26,6,6,0
PHC-DST-A2-02,2024-07-27,6,4,2
PHC-DST-A2-02,2024-07-28,6,6,0
PHC-DST-A2-02,2024-07-29,6,3,3
PHC-DST-A2-02,2024-07-30,6,2,4
PHC-DST-A2-02,2024-07-31,6,3,3
PHC-DST-A2-02,2024-08-01,6,6,0
PHC-DST-A2-02,2024-08-02,6,6,0
PHC-DST-A2-02,2024-08-03,6,6,0
PHC-DST-A2-02,2024-08-04,6,6,0
PHC-DST-A2-02,2024-08-05,6,3,3
PHC-DST-A2-02,2024-08-06,6,6,0
PHC-DST-A2-02,2024-08-07,6,4,2
PHC-DST-A2-02,2024-08-08,6,6,0
PHC-DST-A2-02,2024-08-09,6,6,0
PHC-DST-A2-02,2024-08-10,6,5,1
PHC-DST-A2-02,2024-08-11,6,3,3
PHC-DST-A2-02,2024-08-12,6,6,0
PHC-DST-A2-02,2024-08-13,6,5,1
PHC-DST-A2-02,2024-08-14,6,6,0
PHC-DST-A2-02,2024-08-15,6,5,1
PHC-DST-A2-02,2024-08-16,6,6,0
PHC-DST-A2-02,2024-08-17,6,6,0
PHC-DST-A2-02,2024-08-18,6,5,1
PHC-DST-A2-02,2024-08-19,6,6,0
PHC-DST-A2-02,2024-08-20,6,6,0
PHC-DST-A2-02,2024-08-21,6,6,0
PHC-DST-A2-02,2024-08-22,6,4,2
PHC-DST-A2-02,2024-08-23,6,5,1
PHC-DST-A2-02,2024-08-24,6,6,0
PHC-DST-A2-02,2024-08-25,6,6,0
PHC-DST-A2-02,2024-08-26,6,4,2
PHC-DST-A2-02,2024-08-27,6,4,2
PHC-DST-A2-02,2024-08-28,6,4,2
PHC-DST-A2-02,2024-08-29,6,4,2
PHC-DST-A2-02,2024-08-30,6,6,0
PHC-DST-A2-02,2024-08-31,6,6,0
PHC-DST-A2-02,2024-09-01,6,6,0
PHC-DST-A2-02,2024-09-02,6,6,0
PHC-DST-A2-02,2024-09-03,6,5,1
PHC-DST-A2-02,2024-09-04,6,4,2
PHC-DST-A2-02,2024-09-05,6,4,2
PHC-DST-A2-02,2024-09-06,6,6,0
PHC-DST-A2-02,2024-09-07,6,2,4
PHC-DST-A2-02,2024-09-08,6,6,0
PHC-DST-A2-02,2024-09-09,6,6,0
PHC-DST-A2-02,2024-09-10,6,3,3
PHC-DST-A2-02,2024-09-11,6,6,0
PHC-DST-A2-02,2024-09-12,6,3,3
PHC-DST-A2-02,2024-09-13,6,6,0
PHC-DST-A2-02,2024-09-14,6,6,0
PHC-DST-A2-02,2024-09-15,6,6,0
PHC-DST-A2-02,2024-09-16,6,6,0
PHC-DST-A2-02,2024-09-17,6,5,1
PHC-DST-A2-02,2024-09-18,6,5,1
PHC-DST-A2-02,2024-09-19,6,5,1
PHC-DST-A2-02,2024-09-20,6,3,3
PHC-DST-A2-02,2024-09-21,6,4,2
PHC-DST-A2-02,2024-09-22,6,6,0
PHC-DST-A2-02,2024-09-23,6,5,1
PHC-DST-A2-02,2024-09-24,6,3,3
PHC-DST-A2-02,2024-09-25,6,6,0
PHC-DST-A2-02,2024-09-26,6,6,0
PHC-DST-A2-02,2024-09-27,6,6,0
PHC-DST-A2-02,2024-09-28,6,6,0
PHC-DST-A2-02,2024-09-29,6,6,0
PHC-DST-A2-02,2024-09-30,6,6,0
PHC-DST-A2-02,2024-10-01,6,4,2
PHC-DST-A2-02,2024-10-02,6,6,0
PHC-DST-A2-02,2024-10-03,6,1,5
PHC-DST-A2-02,2024-10-04,6,2,4
PHC-DST-A2-02,2024-10-05,6,4,2
PHC-DST-A2-02,2024-10-06,6,2,4
PHC-DST-A2-02,2024-10-07,6,6,0
PHC-DST-A2-02,2024-10-08,6,6,0
PHC-DST-A2-02,2024-10-09,6,5,1
PHC-DST-A2-02,2024-10-10,6,2,4
PHC-DST-A2-02,2024-10-11,6,6,0
PHC-DST-A2-02,2024-10-12,6,3,3
PHC-DST-A2-02,2024-10-13,6,5,1
PHC-DST-A2-02,2024-10-14,6,1,5
PHC-DST-A2-02,2024-10-15,6,4,2
PHC-DST-A2-02,2024-10-16,6,4,2
PHC-DST-A2-02,2024-10-17,6,6,0
PHC-DST-A2-02,2024-10-18,6,6,0
PHC-DST-A2-02,2024-10-19,6,3,3
PHC-DST-A2-02,2024-10-20,6,6,0
PHC-DST-A2-02,2024-10-21,6,6,0
PHC-DST-A2-02,2024-10-22,6,4,2
PHC-DST-A2-02,2024-10-23,6,3,3
PHC-DST-A2-02,2024-10-24,6,6,0
PHC-DST-A2-02,2024-10-25,6,3,3
PHC-DST-A2-02,2024-10-26,6,5,1
PHC-DST-A2-02,2024-10-27,6,6,0
PHC-DST-A2-02,2024-10-28,6,5,1
PHC-DST-A2-02,2024-10-29,6,5,1
PHC-DST-A2-02,2024-10-30,6,4,2
PHC-DST-A2-02,2024-10-31,6,3,3
PHC-DST-A2-02,2024-11-01,6,4,2
PHC-DST-A2-02,2024-11-02,6,5,1
PHC-DST-A2-02,2024-11-03,6,6,0
PHC-DST-A2-02,2024-11-04,6,3,3
PHC-DST-A2-02,2024-11-05,6,2,4
PHC-DST-A2-02,2024-11-06,6,4,2
PHC-DST-A2-02,2024-11-07,6,3,3
PHC-DST-A2-02,2024-11-08,6,6,0
PHC-DST-A2-02,2024-11-09,6,4,2
PHC-DST-A2-02,2024-11-10,6,4,2
PHC-DST-A2-02,2024-11-11,6,3,3
PHC-DST-A2-02,2024-11-12,6,4,2
PHC-DST-A2-02,2024-11-13,6,6,0
PHC-DST-A2-02,2024-11-14,6,6,0
PHC-DST-A2-02,2024-11-15,6,6,0
PHC-DST-A2-02,2024-11-16,6,4,2
PHC-DST-A2-02,2024-11-17,6,6,0
PHC-DST-A2-02,2024-11-18,6,3,3
PHC-DST-A2-02,2024-11-19,6,4,2
PHC-DST-A2-02,2024-11-20,6,4,2
PHC-DST-A2-02,2024-11-21,6,6,0
PHC-DST-A2-02,2024-11-22,6,2,4
PHC-DST-A2-02,2024-11-23,6,6,0
PHC-DST-A2-02,2024-11-24,6,6,0
PHC-DST-A2-02,2024-11-25,6,4,2
PHC-DST-A2-02,2024-11-26,6,3,3
PHC-DST-A2-02,2024-11-27,6,4,2
PHC-DST-A2-02,2024-11-28,6,3,3
PHC-DST-A2-02,2024-11-29,6,4,2
PHC-DST-A2-02,2024-11-30,6,3,3
PHC-DST-A2-02,2024-12-01,6,4,2
PHC-DST-A2-02,2024-12-02,6,6,0
PHC-DST-A2-02,2024-12-03,6,5,1
PHC-DST-A2-02,2024-12-04,6,5,1
PHC-DST-A2-02,2024-12-05,6,2,4
PHC-DST-A2-02,2024-12-06,6,6,0
PHC-DST-A2-02,2024-12-07,6,5,1
PHC-DST-A2-02,2024-12-08,6,5,1
PHC-DST-A2-02,2024-12-09,6,6,0
PHC-DST-A2-02,2024-12-10,6,3,3
PHC-DST-A2-02,2024-12-11,6,6,0
PHC-DST-A2-02,2024-12-12,6,4,2
PHC-DST-A2-02,2024-12-13,6,5,1
PHC-DST-A2-02,2024-12-14,6,6,0
PHC-DST-A2-02,2024-12-15,6,3,3
PHC-DST-A2-02,2024-12-16,6,3,3
PHC-DST-A2-02,2024-12-17,6,5,1
PHC-DST-A2-02,2024-12-18,6,5,1
PHC-DST-A2-02,2024-12-19,6,6,0
PHC-DST-A2-02,2024-12-20,6,4,2
PHC-DST-A2-02,2024-12-21,6,4,2
PHC-DST-A2-02,2024-12-22,6,2,4
PHC-DST-A2-02,2024-12-23,6,3,3
PHC-DST-A2-02,2024-12-24,6,6,0
PHC-DST-A2-02,2024-12-25,6,2,4
PHC-DST-A2-02,2024-12-26,6,4,2
PHC-DST-A2-02,2024-12-27,6,6,0
PHC-DST-A2-02,2024-12-28,6,3,3
PHC-DST-A2-02,2024-12-29,6,5,1
PHC-DST-A2-02,2024-12-30,6,6,0
PHC-DST-A2-02,2024-12-31,6,6,0
PHC-DST-A2-02,2025-01-01,6,4,2
PHC-DST-A2-02,2025-01-02,6,5,1
PHC-DST-A2-02,2025-01-03,6,5,1
PHC-DST-A2-02,2025-01-04,6,6,0
PHC-DST-A2-02,2025-01-05,6,5,1
PHC-DST-A2-02,2025-01-06,6,2,4
PHC-DST-A2-02,2025-01-07,6,6,0
PHC-DST-A2-02,2025-01-08,6,6,0
PHC-DST-A2-02,2025-01-09,6,5,1
PHC-DST-A2-02,2025-01-10,6,3,3
PHC-DST-A2-02,2025-01-11,6,3,3
PHC-DST-A2-02,2025-01-12,6,2,4
PHC-DST-A2-02,2025-01-13,6,5,1
PHC-DST-A2-02,2025-01-14,6,3,3
PHC-DST-A2-02,2025-01-15,6,4,2
PHC-DST-A2-02,2025-01-16,6,6,0
PHC-DST-A2-02,2025-01-17,6,1,5
PHC-DST-A2-02,2025-01-18,6,4,2
PHC-DST-A2-02,2025-01-19,6,5,1
PHC-DST-A2-02,2025-01-20,6,5,1
PHC-DST-A2-02,2025-01-21,6,4,2
PHC-DST-A2-02,2025-01-22,6,5,1
PHC-DST-A2-02,2025-01-23,6,6,0
PHC-DST-A2-02,2025-01-24,6,6,0
PHC-DST-A2-02,2025-01-25,6,3,3
PHC-DST-A2-02,2025-01-26,6,6,0
PHC-DST-A2-02,2025-01-27,6,3,3
PHC-DST-A2-02,2025-01-28,6,4,2
PHC-DST-A2-02,2025-01-29,6,6,0
PHC-DST-A2-02,2025-01-30,6,5,1
PHC-DST-A2-02,2025-01-31,6,5,1
PHC-DST-A2-02,2025-02-01,6,5,1
PHC-DST-A2-02,2025-02-02,6,4,2
PHC-DST-A2-02,2025-02-03,6,5,1
PHC-DST-A2-02,2025-02-04,6,6,0
PHC-DST-A2-02,2025-02-05,6,4,2
PHC-DST-A2-02,2025-02-06,6,5,1
PHC-DST-A2-02,2025-02-07,6,3,3
PHC-DST-A2-02,2025-02-08,6,4,2
PHC-DST-A2-02,2025-02-09,6,5,1
PHC-DST-A2-02,2025-02-10,6,5,1
PHC-DST-A2-02,2025-02-11,6,5,1
PHC-DST-A2-02,2025-02-12,6,4,2
PHC-DST-A2-02,2025-02-13,6,1,5
PHC-DST-A2-02,2025-02-14,6,6,0
PHC-DST-A2-02,2025-02-15,6,5,1
PHC-DST-A2-02,2025-02-16,6,5,1
PHC-DST-A2-02,2025-02-17,6,6,0
PHC-DST-A2-02,2025-02-18,6,4,2
PHC-DST-A2-02,2025-02-19,6,4,2
PHC-DST-A2-02,2025-02-20,6,2,4
PHC-DST-A2-02,2025-02-21,6,2,4
PHC-DST-A2-02,2025-02-22,6,6,0
PHC-DST-A2-02,2025-02-23,6,4,2
PHC-DST-A2-02,2025-02-24,6,6,0
PHC-DST-A2-02,2025-02-25,6,6,0
PHC-DST-A2-02,2025-02-26,6,6,0
PHC-DST-A2-02,2025-02-27,6,3,3
PHC-DST-A2-02,2025-02-28,6,4,2
PHC-DST-A2-02,2025-03-01,6,3,3
PHC-DST-A2-02,2025-03-02,6,2,4
PHC-DST-A2-02,2025-03-03,6,5,1
PHC-DST-A2-02,2025-03-04,6,5,1
PHC-DST-A2-02,2025-03-05,6,6,0
PHC-DST-A2-02,2025-03-06,6,6,0
PHC-DST-A2-02,2025-03-07,6,6,0
PHC-DST-A2-02,2025-03-08,6,3,3
PHC-DST-A2-02,2025-03-09,6,6,0
PHC-DST-A2-02,2025-03-10,6,5,1
PHC-DST-A2-02,2025-03-11,6,4,2
PHC-DST-A2-02,2025-03-12,6,3,3
PHC-DST-A2-02,2025-03-13,6,5,1
PHC-DST-A2-02,2025-03-14,6,3,3
PHC-DST-A2-02,2025-03-15,6,6,0
PHC-DST-A2-02,2025-03-16,6,6,0
PHC-DST-A2-02,2025-03-17,6,3,3
PHC-DST-A2-02,2025-03-18,6,5,1
PHC-DST-A2-02,2025-03-19,6,6,0
PHC-DST-A2-02,2025-03-20,6,4,2
PHC-DST-A2-02,2025-03-21,6,6,0
PHC-DST-A2-02,2025-03-22,6,3,3
PHC-DST-A2-02,2025-03-23,6,4,2
PHC-DST-A2-02,2025-03-24,6,4,2
PHC-DST-A2-02,2025-03-25,6,6,0
PHC-DST-A2-02,2025-03-26,6,6,0
PHC-DST-A2-02,2025-03-27,6,4,2
PHC-DST-A2-02,2025-03-28,6,6,0
PHC-DST-A2-02,2025-03-29,6,3,3
PHC-DST-A2-02,2025-03-30,6,5,1
PHC-DST-A2-02,2025-03-31,6,4,2
PHC-DST-A2-02,2025-04-01,6,6,0
PHC-DST-A2-02,2025-04-02,6,3,3
PHC-DST-A2-02,2025-04-03,6,4,2
PHC-DST-A2-02,2025-04-04,6,4,2
PHC-DST-A2-02,2025-04-05,6,3,3
PHC-DST-A2-02,2025-04-06,6,6,0
PHC-DST-A2-02,2025-04-07,6,6,0
PHC-DST-A2-02,2025-04-08,6,3,3
PHC-DST-A2-02,2025-04-09,6,5,1
PHC-DST-A2-02,2025-04-10,6,5,1
PHC-DST-A2-02,2025-04-11,6,2,4
PHC-DST-A2-02,2025-04-12,6,3,3
PHC-DST-A2-02,2025-04-13,6,6,0
PHC-DST-A2-02,2025-04-14,6,2,4
PHC-DST-A2-02,2025-04-15,6,6,0
PHC-DST-A2-02,2025-04-16,6,5,1
PHC-DST-A2-02,2025-04-17,6,4,2
PHC-DST-A2-02,2025-04-18,6,6,0
PHC-DST-A2-02,2025-04-19,6,5,1
PHC-DST-A2-02,2025-04-20,6,4,2
PHC-DST-A2-02,2025-04-21,6,3,3
PHC-DST-A2-02,2025-04-22,6,6,0
PHC-DST-A2-02,2025-04-23,6,3,3
PHC-DST-A2-02,2025-04-24,6,6,0
PHC-DST-A2-02,2025-04-25,6,3,3
PHC-DST-A2-02,2025-04-26,6,3,3
PHC-DST-A2-02,2025-04-27,6,3,3
PHC-DST-A2-02,2025-04-28,6,6,0
PHC-DST-A2-02,2025-04-29,6,3,3
PHC-DST-A2-02,2025-04-30,6,6,0
PHC-DST-A2-02,2025-05-01,6,2,4
PHC-DST-A2-02,2025-05-02,6,2,4
PHC-DST-A2-02,2025-05-03,6,6,0
PHC-DST-A2-02,2025-05-04,6,2,4
PHC-DST-A2-02,2025-05-05,6,3,3
PHC-DST-A2-02,2025-05-06,6,3,3
PHC-DST-A2-02,2025-05-07,6,2,4
PHC-DST-A2-02,2025-05-08,6,5,1
PHC-DST-A2-02,2025-05-09,6,6,0
PHC-DST-A2-02,2025-05-10,6,6,0
PHC-DST-A2-02,2025-05-11,6,6,0
PHC-DST-A2-02,2025-05-12,6,4,2
PHC-DST-A2-02,2025-05-13,6,5,1
PHC-DST-A2-02,2025-05-14,6,4,2
PHC-DST-A2-02,2025-05-15,6,3,3
PHC-DST-A2-02,2025-05-16,6,3,3
PHC-DST-A2-02,2025-05-17,6,3,3
PHC-DST-A2-02,2025-05-18,6,3,3
PHC-DST-A2-02,2025-05-19,6,3,3
PHC-DST-A2-02,2025-05-20,6,2,4
PHC-DST-A2-02,2025-05-21,6,4,2
PHC-DST-A2-02,2025-05-22,6,5,1
PHC-DST-A2-02,2025-05-23,6,4,2
PHC-DST-A2-02,2025-05-24,6,2,4
PHC-DST-A2-02,2025-05-25,6,6,0
PHC-DST-A2-02,2025-05-26,6,3,3
PHC-DST-A2-02,2025-05-27,6,4,2
PHC-DST-A2-02,2025-05-28,6,6,0
PHC-DST-A2-02,2025-05-29,6,6,0
PHC-DST-A2-02,2025-05-30,6,6,0
PHC-DST-A2-02,2025-05-31,6,4,2
PHC-DST-A2-02,2025-06-01,6,4,2
PHC-DST-A2-02,2025-06-02,6,5,1
PHC-DST-A2-02,2025-06-03,6,3,3
PHC-DST-A2-02,2025-06-04,6,6,0
PHC-DST-A2-02,2025-06-05,6,6,0
PHC-DST-A2-02,2025-06-06,6,6,0
PHC-DST-A2-02,2025-06-07,6,3,3
PHC-DST-A2-02,2025-06-08,6,4,2
PHC-DST-A2-02,2025-06-09,6,4,2
PHC-DST-A2-02,2025-06-10,6,2,4
PHC-DST-A2-02,2025-06-11,6,5,1
PHC-DST-A2-02,2025-06-12,6,3,3
PHC-DST-A2-02,2025-06-13,6,4,2
PHC-DST-A2-02,2025-06-14,6,6,0
PHC-DST-A2-02,2025-06-15,6,4,2
PHC-DST-A2-02,2025-06-16,6,6,0
PHC-DST-A2-02,2025-06-17,6,4,2
PHC-DST-A2-02,2025-06-18,6,6,0
PHC-DST-A2-02,2025-06-19,6,6,0
PHC-DST-A2-02,2025-06-20,6,3,3
PHC-DST-A2-02,2025-06-21,6,5,1
PHC-DST-A2-02,2025-06-22,6,6,0
PHC-DST-A2-02,2025-06-23,6,3,3
PHC-DST-A2-02,2025-06-24,6,6,0
PHC-DST-A2-02,2025-06-25,6,5,1
PHC-DST-A2-02,2025-06-26,6,3,3
PHC-DST-A2-02,2025-06-27,6,5,1
PHC-DST-A2-02,2025-06-28,6,6,0
PHC-DST-A2-02,2025-06-29,6,4,2
PHC-DST-A2-02,2025-06-30,6,3,3
PHC-DST-A2-03,2024-01-01,6,5,1
PHC-DST-A2-03,2024-01-02,6,2,4
PHC-DST-A2-03,2024-01-03,6,3,3
PHC-DST-A2-03,2024-01-04,6,4,2
PHC-DST-A2-03,2024-01-05,6,5,1
PHC-DST-A2-03,2024-01-06,6,6,0
PHC-DST-A2-03,2024-01-07,6,5,1
PHC-DST-A2-03,2024-01-08,6,6,0
PHC-DST-A2-03,2024-01-09,6,4,2
PHC-DST-A2-03,2024-01-10,6,6,0
PHC-DST-A2-03,2024-01-11,6,4,2
PHC-DST-A2-03,2024-01-12,6,5,1
PHC-DST-A2-03,2024-01-13,6,3,3
PHC-DST-A2-03,2024-01-14,6,2,4
PHC-DST-A2-03,2024-01-15,6,5,1
PHC-DST-A2-03,2024-01-16,6,3,3
PHC-DST-A2-03,2024-01-17,6,3,3
PHC-DST-A2-03,2024-01-18,6,5,1
PHC-DST-A2-03,2024-01-19,6,2,4
PHC-DST-A2-03,2024-01-20,6,3,3
PHC-DST-A2-03,2024-01-21,6,4,2
PHC-DST-A2-03,2024-01-22,6,4,2
PHC-DST-A2-03,2024-01-23,6,2,4
PHC-DST-A2-03,2024-01-24,6,3,3
PHC-DST-A2-03,2024-01-25,6,4,2
PHC-DST-A2-03,2024-01-26,6,5,1
PHC-DST-A2-03,2024-01-27,6,4,2
PHC-DST-A2-03,2024-01-28,6,6,0
PHC-DST-A2-03,2024-01-29,6,3,3
PHC-DST-A2-03,2024-01-30,6,3,3
PHC-DST-A2-03,2024-01-31,6,3,3
PHC-DST-A2-03,2024-02-01,6,6,0
PHC-DST-A2-03,2024-02-02,6,5,1
PHC-DST-A2-03,2024-02-03,6,5,1
PHC-DST-A2-03,2024-02-04,6,5,1
PHC-DST-A2-03,2024-02-05,6,6,0
PHC-DST-A2-03,2024-02-06,6,2,4
PHC-DST-A2-03,2024-02-07,6,2,4
PHC-DST-A2-03,2024-02-08,6,6,0
PHC-DST-A2-03,2024-02-09,6,5,1
PHC-DST-A2-03,2024-02-10,6,3,3
PHC-DST-A2-03,2024-02-11,6,6,0
PHC-DST-A2-03,2024-02-12,6,6,0
PHC-DST-A2-03,2024-02-13,6,6,0
PHC-DST-A2-03,2024-02-14,6,4,2
PHC-DST-A2-03,2024-02-15,6,6,0
PHC-DST-A2-03,2024-02-16,6,6,0
PHC-DST-A2-03,2024-02-17,6,6,0
PHC-DST-A2-03,2024-02-18,6,3,3
PHC-DST-A2-03,2024-02-19,6,6,0
PHC-DST-A2-03,2024-02-20,6,2,4
PHC-DST-A2-03,2024-02-21,6,6,0
PHC-DST-A2-03,2024-02-22,6,4,2
PHC-DST-A2-03,2024-02-23,6,6,0
PHC-DST-A2-03,2024-02-24,6,5,1
PHC-DST-A2-03,2024-02-25,6,2,4
PHC-DST-A2-03,2024-02-26,6,6,0
PHC-DST-A2-03,2024-02-27,6,6,0
PHC-DST-A2-03,2024-02-28,6,2,4
PHC-DST-A2-03,2024-02-29,6,3,3
PHC-DST-A2-03,2024-03-01,6,6,0
PHC-DST-A2-03,2024-03-02,6,3,3
PHC-DST-A2-03,2024-03-03,6,5,1
PHC-DST-A2-03,2024-03-04,6,4,2
PHC-DST-A2-03,2024-03-05,6,2,4
PHC-DST-A2-03,2024-03-06,6,6,0
PHC-DST-A2-03,2024-03-07,6,6,0
PHC-DST-A2-03,2024-03-08,6,4,2
PHC-DST-A2-03,2024-03-09,6,6,0
PHC-DST-A2-03,2024-03-10,6,3,3
PHC-DST-A2-03,2024-03-11,6,4,2
PHC-DST-A2-03,2024-03-12,6,6,0
PHC-DST-A2-03,2024-03-13,6,4,2
PHC-DST-A2-03,2024-03-14,6,4,2
PHC-DST-A2-03,2024-03-15,6,4,2
PHC-DST-A2-03,2024-03-16,6,2,4
PHC-DST-A2-03,2024-03-17,6,5,1
PHC-DST-A2-03,2024-03-18,6,2,4
PHC-DST-A2-03,2024-03-19,6,5,1
PHC-DST-A2-03,2024-03-20,6,6,0
PHC-DST-A2-03,2024-03-21,6,6,0
PHC-DST-A2-03,2024-03-22,6,5,1
PHC-DST-A2-03,2024-03-23,6,6,0
PHC-DST-A2-03,2024-03-24,6,6,0
PHC-DST-A2-03,2024-03-25,6,6,0
PHC-DST-A2-03,2024-03-26,6,6,0
PHC-DST-A2-03,2024-03-27,6,6,0
PHC-DST-A2-03,2024-03-28,6,3,3
PHC-DST-A2-03,2024-03-29,6,6,0
PHC-DST-A2-03,2024-03-30,6,4,2
PHC-DST-A2-03,2024-03-31,6,4,2
PHC-DST-A2-03,2024-04-01,6,6,0
PHC-DST-A2-03,2024-04-02,6,6,0
PHC-DST-A2-03,2024-04-03,6,2,4
PHC-DST-A2-03,2024-04-04,6,6,0
PHC-DST-A2-03,2024-04-05,6,5,1
PHC-DST-A2-03,2024-04-06,6,3,3
PHC-DST-A2-03,2024-04-07,6,3,3
PHC-DST-A2-03,2024-04-08,6,4,2
PHC-DST-A2-03,2024-04-09,6,4,2
PHC-DST-A2-03,2024-04-10,6,6,0
PHC-DST-A2-03,2024-04-11,6,2,4
PHC-DST-A2-03,2024-04-12,6,3,3
PHC-DST-A2-03,2024-04-13,6,5,1
PHC-DST-A2-03,2024-04-14,6,2,4
PHC-DST-A2-03,2024-04-15,6,4,2
PHC-DST-A2-03,2024-04-16,6,6,0
PHC-DST-A2-03,2024-04-17,6,4,2
PHC-DST-A2-03,2024-04-18,6,3,3
PHC-DST-A2-03,2024-04-19,6,5,1
PHC-DST-A2-03,2024-04-20,6,6,0
PHC-DST-A2-03,2024-04-21,6,6,0
PHC-DST-A2-03,2024-04-22,6,4,2
PHC-DST-A2-03,2024-04-23,6,3,3
PHC-DST-A2-03,2024-04-24,6,4,2
PHC-DST-A2-03,2024-04-25,6,6,0
PHC-DST-A2-03,2024-04-26,6,5,1
PHC-DST-A2-03,2024-04-27,6,5,1
PHC-DST-A2-03,2024-04-28,6,5,1
PHC-DST-A2-03,2024-04-29,6,6,0
PHC-DST-A2-03,2024-04-30,6,5,1
PHC-DST-A2-03,2024-05-01,6,1,5
PHC-DST-A2-03,2024-05-02,6,5,1
PHC-DST-A2-03,2024-05-03,6,3,3
PHC-DST-A2-03,2024-05-04,6,6,0
PHC-DST-A2-03,2024-05-05,6,6,0
PHC-DST-A2-03,2024-05-06,6,6,0
PHC-DST-A2-03,2024-05-07,6,6,0
PHC-DST-A2-03,2024-05-08,6,5,1
PHC-DST-A2-03,2024-05-09,6,6,0
PHC-DST-A2-03,2024-05-10,6,3,3
PHC-DST-A2-03,2024-05-11,6,6,0
PHC-DST-A2-03,2024-05-12,6,6,0
PHC-DST-A2-03,2024-05-13,6,5,1
PHC-DST-A2-03,2024-05-14,6,4,2
PHC-DST-A2-03,2024-05-15,6,6,0
PHC-DST-A2-03,2024-05-16,6,5,1
PHC-DST-A2-03,2024-05-17,6,6,0
PHC-DST-A2-03,2024-05-18,6,4,2
PHC-DST-A2-03,2024-05-19,6,2,4
PHC-DST-A2-03,2024-05-20,6,6,0
PHC-DST-A2-03,2024-05-21,6,6,0
PHC-DST-A2-03,2024-05-22,6,1,5
PHC-DST-A2-03,2024-05-23,6,3,3
PHC-DST-A2-03,2024-05-24,6,4,2
PHC-DST-A2-03,2024-05-25,6,4,2
PHC-DST-A2-03,2024-05-26,6,6,0
PHC-DST-A2-03,2024-05-27,6,3,3
PHC-DST-A2-03,2024-05-28,6,4,2
PHC-DST-A2-03,2024-05-29,6,6,0
PHC-DST-A2-03,2024-05-30,6,6,0
PHC-DST-A2-03,2024-05-31,6,3,3
PHC-DST-A2-03,2024-06-01,6,5,1
PHC-DST-A2-03,2024-06-02,6,6,0
PHC-DST-A2-03,2024-06-03,6,5,1
PHC-DST-A2-03,2024-06-04,6,4,2
PHC-DST-A2-03,2024-06-05,6,3,3
PHC-DST-A2-03,2024-06-06,6,5,1
PHC-DST-A2-03,2024-06-07,6,6,0
PHC-DST-A2-03,2024-06-08,6,6,0
PHC-DST-A2-03,2024-06-09,6,2,4
PHC-DST-A2-03,2024-06-10,6,4,2
PHC-DST-A2-03,2024-06-11,6,4,2
PHC-DST-A2-03,2024-06-12,6,6,0
PHC-DST-A2-03,2024-06-13,6,3,3
PHC-DST-A2-03,2024-06-14,6,6,0
PHC-DST-A2-03,2024-06-15,6,5,1
PHC-DST-A2-03,2024-06-16,6,3,3
PHC-DST-A2-03,2024-06-17,6,3,3
PHC-DST-A2-03,2024-06-18,6,2,4
PHC-DST-A2-03,2024-06-19,6,5,1
PHC-DST-A2-03,2024-06-20,6,6,0
PHC-DST-A2-03,2024-06-21,6,5,1
PHC-DST-A2-03,2024-06-22,6,5,1
PHC-DST-A2-03,2024-06-23,6,4,2
PHC-DST-A2-03,2024-06-24,6,3,3
PHC-DST-A2-03,2024-06-25,6,5,1
PHC-DST-A2-03,2024-06-26,6,6,0
PHC-DST-A2-03,2024-06-27,6,5,1
PHC-DST-A2-03,2024-06-28,6,3,3
PHC-DST-A2-03,2024-06-29,6,4,2
PHC-DST-A2-03,2024-06-30,6,6,0
PHC-DST-A2-03,2024-07-01,6,6,0
PHC-DST-A2-03,2024-07-02,6,3,3
PHC-DST-A2-03,2024-07-03,6,6,0
PHC-DST-A2-03,2024-07-04,6,6,0
PHC-DST-A2-03,2024-07-05,6,2,4
PHC-DST-A2-03,2024-07-06,6,6,0
PHC-DST-A2-03,2024-07-07,6,6,0
PHC-DST-A2-03,2024-07-08,6,6,0
PHC-DST-A2-03,2024-07-09,6,5,1
PHC-DST-A2-03,2024-07-10,6,3,3
PHC-DST-A2-03,2024-07-11,6,6,0
PHC-DST-A2-03,2024-07-12,6,6,0
PHC-DST-A2-03,2024-07-13,6,6,0
PHC-DST-A2-03,2024-07-14,6,5,1
PHC-DST-A2-03,2024-07-15,6,5,1
PHC-DST-A2-03,2024-07-16,6,6,0
PHC-DST-A2-03,2024-07-17,6,4,2
PHC-DST-A2-03,2024-07-18,6,6,0
PHC-DST-A2-03,2024-07-19,6,6,0
PHC-DST-A2-03,2024-07-20,6,5,1
PHC-DST-A2-03,2024-07-21,6,6,0
PHC-DST-A2-03,2024-07-22,6,4,2
PHC-DST-A2-03,2024-07-23,6,3,3
PHC-DST-A2-03,2024-07-24,6,6,0
PHC-DST-A2-03,2024-07-25,6,5,1
PHC-DST-A2-03,2024-07-26,6,0,6
PHC-DST-A2-03,2024-07-27,6,5,1
PHC-DST-A2-03,2024-07-28,6,4,2
PHC-DST-A2-03,2024-07-29,6,4,2
PHC-DST-A2-03,2024-07-30,6,5,1
PHC-DST-A2-03,2024-07-31,6,4,2
PHC-DST-A2-03,2024-08-01,6,2,4
PHC-DST-A2-03,2024-08-02,6,3,3
PHC-DST-A2-03,2024-08-03,6,6,0
PHC-DST-A2-03,2024-08-04,6,6,0
PHC-DST-A2-03,2024-08-05,6,6,0
PHC-DST-A2-03,2024-08-06,6,6,0
PHC-DST-A2-03,2024-08-07,6,6,0
PHC-DST-A2-03,2024-08-08,6,6,0
PHC-DST-A2-03,2024-08-09,6,3,3
PHC-DST-A2-03,2024-08-10,6,5,1
PHC-DST-A2-03,2024-08-11,6,6,0
PHC-DST-A2-03,2024-08-12,6,5,1
PHC-DST-A2-03,2024-08-13,6,6,0
PHC-DST-A2-03,2024-08-14,6,6,0
PHC-DST-A2-03,2024-08-15,6,1,5
PHC-DST-A2-03,2024-08-16,6,6,0
PHC-DST-A2-03,2024-08-17,6,6,0
PHC-DST-A2-03,2024-08-18,6,6,0
PHC-DST-A2-03,2024-08-19,6,6,0
PHC-DST-A2-03,2024-08-20,6,6,0
PHC-DST-A2-03,2024-08-21,6,5,1
PHC-DST-A2-03,2024-08-22,6,6,0
PHC-DST-A2-03,2024-08-23,6,2,4
PHC-DST-A2-03,2024-08-24,6,4,2
PHC-DST-A2-03,2024-08-25,6,6,0
PHC-DST-A2-03,2024-08-26,6,4,2
PHC-DST-A2-03,2024-08-27,6,6,0
PHC-DST-A2-03,2024-08-28,6,6,0
PHC-DST-A2-03,2024-08-29,6,5,1
PHC-DST-A2-03,2024-08-30,6,6,0
PHC-DST-A2-03,2024-08-31,6,6,0
PHC-DST-A2-03,2024-09-01,6,6,0
PHC-DST-A2-03,2024-09-02,6,6,0
PHC-DST-A2-03,2024-09-03,6,2,4
PHC-DST-A2-03,2024-09-04,6,2,4
PHC-DST-A2-03,2024-09-05,6,3,3
PHC-DST-A2-03,2024-09-06,6,6,0
PHC-DST-A2-03,2024-09-07,6,3,3
PHC-DST-A2-03,2024-09-08,6,6,0
PHC-DST-A2-03,2024-09-09,6,6,0
PHC-DST-A2-03,2024-09-10,6,6,0
PHC-DST-A2-03,2024-09-11,6,4,2
PHC-DST-A2-03,2024-09-12,6,6,0
PHC-DST-A2-03,2024-09-13,6,6,0
PHC-DST-A2-03,2024-09-14,6,5,1
PHC-DST-A2-03,2024-09-15,6,3,3
PHC-DST-A2-03,2024-09-16,6,6,0
PHC-DST-A2-03,2024-09-17,6,5,1
PHC-DST-A2-03,2024-09-18,6,6,0
PHC-DST-A2-03,2024-09-19,6,5,1
PHC-DST-A2-03,2024-09-20,6,3,3
PHC-DST-A2-03,2024-09-21,6,6,0
PHC-DST-A2-03,2024-09-22,6,6,0
PHC-DST-A2-03,2024-09-23,6,6,0
PHC-DST-A2-03,2024-09-24,6,4,2
PHC-DST-A2-03,2024-09-25,6,6,0
PHC-DST-A2-03,2024-09-26,6,6,0
PHC-DST-A2-03,2024-09-27,6,6,0
PHC-DST-A2-03,2024-09-28,6,6,0
PHC-DST-A2-03,2024-09-29,6,6,0
PHC-DST-A2-03,2024-09-30,6,3,3
PHC-DST-A2-03,2024-10-01,6,6,0
PHC-DST-A2-03,2024-10-02,6,6,0
PHC-DST-A2-03,2024-10-03,6,6,0
PHC-DST-A2-03,2024-10-04,6,6,0
PHC-DST-A2-03,2024-10-05,6,6,0
PHC-DST-A2-03,2024-10-06,6,3,3
PHC-DST-A2-03,2024-10-07,6,4,2
PHC-DST-A2-03,2024-10-08,6,5,1
PHC-DST-A2-03,2024-10-09,6,4,2
PHC-DST-A2-03,2024-10-10,6,3,3
PHC-DST-A2-03,2024-10-11,6,5,1
PHC-DST-A2-03,2024-10-12,6,6,0
PHC-DST-A2-03,2024-10-13,6,5,1
PHC-DST-A2-03,2024-10-14,6,5,1
PHC-DST-A2-03,2024-10-15,6,2,4
PHC-DST-A2-03,2024-10-16,6,4,2
PHC-DST-A2-03,2024-10-17,6,3,3
PHC-DST-A2-03,2024-10-18,6,3,3
PHC-DST-A2-03,2024-10-19,6,5,1
PHC-DST-A2-03,2024-10-20,6,5,1
PHC-DST-A2-03,2024-10-21,6,3,3
PHC-DST-A2-03,2024-10-22,6,2,4
PHC-DST-A2-03,2024-10-23,6,2,4
PHC-DST-A2-03,2024-10-24,6,2,4
PHC-DST-A2-03,2024-10-25,6,6,0
PHC-DST-A2-03,2024-10-26,6,5,1
PHC-DST-A2-03,2024-10-27,6,5,1
PHC-DST-A2-03,2024-10-28,6,6,0
PHC-DST-A2-03,2024-10-29,6,4,2
PHC-DST-A2-03,2024-10-30,6,5,1
PHC-DST-A2-03,2024-10-31,6,5,1
PHC-DST-A2-03,2024-11-01,6,3,3
PHC-DST-A2-03,2024-11-02,6,6,0
PHC-DST-A2-03,2024-11-03,6,6,0
PHC-DST-A2-03,2024-11-04,6,6,0
PHC-DST-A2-03,2024-11-05,6,3,3
PHC-DST-A2-03,2024-11-06,6,2,4
PHC-DST-A2-03,2024-11-07,6,6,0
PHC-DST-A2-03,2024-11-08,6,4,2
PHC-DST-A2-03,2024-11-09,6,3,3
PHC-DST-A2-03,2024-11-10,6,2,4
PHC-DST-A2-03,2024-11-11,6,4,2
PHC-DST-A2-03,2024-11-12,6,2,4
PHC-DST-A2-03,2024-11-13,6,3,3
PHC-DST-A2-03,2024-11-14,6,6,0
PHC-DST-A2-03,2024-11-15,6,4,2
PHC-DST-A2-03,2024-11-16,6,5,1
PHC-DST-A2-03,2024-11-17,6,6,0
PHC-DST-A2-03,2024-11-18,6,2,4
PHC-DST-A2-03,2024-11-19,6,2,4
PHC-DST-A2-03,2024-11-20,6,5,1
PHC-DST-A2-03,2024-11-21,6,2,4
PHC-DST-A2-03,2024-11-22,6,6,0
PHC-DST-A2-03,2024-11-23,6,3,3
PHC-DST-A2-03,2024-11-24,6,4,2
PHC-DST-A2-03,2024-11-25,6,3,3
PHC-DST-A2-03,2024-11-26,6,5,1
PHC-DST-A2-03,2024-11-27,6,5,1
PHC-DST-A2-03,2024-11-28,6,4,2
PHC-DST-A2-03,2024-11-29,6,6,0
PHC-DST-A2-03,2024-11-30,6,2,4
PHC-DST-A2-03,2024-12-01,6,4,2
PHC-DST-A2-03,2024-12-02,6,6,0
PHC-DST-A2-03,2024-12-03,6,5,1
PHC-DST-A2-03,2024-12-04,6,5,1
PHC-DST-A2-03,2024-12-05,6,2,4
PHC-DST-A2-03,2024-12-06,6,3,3
PHC-DST-A2-03,2024-12-07,6,6,0
PHC-DST-A2-03,2024-12-08,6,2,4
PHC-DST-A2-03,2024-12-09,6,5,1
PHC-DST-A2-03,2024-12-10,6,5,1
PHC-DST-A2-03,2024-12-11,6,6,0
PHC-DST-A2-03,2024-12-12,6,4,2
PHC-DST-A2-03,2024-12-13,6,3,3
PHC-DST-A2-03,2024-12-14,6,5,1
PHC-DST-A2-03,2024-12-15,6,2,4
PHC-DST-A2-03,2024-12-16,6,3,3
PHC-DST-A2-03,2024-12-17,6,2,4
PHC-DST-A2-03,2024-12-18,6,5,1
PHC-DST-A2-03,2024-12-19,6,6,0
PHC-DST-A2-03,2024-12-20,6,6,0
PHC-DST-A2-03,2024-12-21,6,6,0
PHC-DST-A2-03,2024-12-22,6,4,2
PHC-DST-A2-03,2024-12-23,6,5,1
PHC-DST-A2-03,2024-12-24,6,6,0
PHC-DST-A2-03,2024-12-25,6,6,0
PHC-DST-A2-03,2024-12-26,6,5,1
PHC-DST-A2-03,2024-12-27,6,6,0
PHC-DST-A2-03,2024-12-28,6,5,1
PHC-DST-A2-03,2024-12-29,6,5,1
PHC-DST-A2-03,2024-12-30,6,6,0
PHC-DST-A2-03,2024-12-31,6,6,0
PHC-DST-A2-03,2025-01-01,6,6,0
PHC-DST-A2-03,2025-01-02,6,3,3
PHC-DST-A2-03,2025-01-03,6,6,0
PHC-DST-A2-03,2025-01-04,6,2,4
PHC-DST-A2-03,2025-01-05,6,6,0
PHC-DST-A2-03,2025-01-06,6,6,0
PHC-DST-A2-03,2025-01-07,6,4,2
PHC-DST-A2-03,2025-01-08,6,5,1
PHC-DST-A2-03,2025-01-09,6,6,0
PHC-DST-A2-03,2025-01-10,6,4,2
PHC-DST-A2-03,2025-01-11,6,5,1
PHC-DST-A2-03,2025-01-12,6,5,1
PHC-DST-A2-03,2025-01-13,6,2,4
PHC-DST-A2-03,2025-01-14,6,4,2
PHC-DST-A2-03,2025-01-15,6,3,3
PHC-DST-A2-03,2025-01-16,6,4,2
PHC-DST-A2-03,2025-01-17,6,5,1
PHC-DST-A2-03,2025-01-18,6,5,1
PHC-DST-A2-03,2025-01-19,6,6,0
PHC-DST-A2-03,2025-01-20,6,4,2
PHC-DST-A2-03,2025-01-21,6,5,1
PHC-DST-A2-03,2025-01-22,6,6,0
PHC-DST-A2-03,2025-01-23,6,4,2
PHC-DST-A2-03,2025-01-24,6,4,2
PHC-DST-A2-03,2025-01-25,6,6,0
PHC-DST-A2-03,2025-01-26,6,5,1
PHC-DST-A2-03,2025-01-27,6,6,0
PHC-DST-A2-03,2025-01-28,6,6,0
PHC-DST-A2-03,2025-01-29,6,4,2
PHC-DST-A2-03,2025-01-30,6,6,0
PHC-DST-A2-03,2025-01-31,6,6,0
PHC-DST-A2-03,2025-02-01,6,4,2
PHC-DST-A2-03,2025-02-02,6,6,0
PHC-DST-A2-03,2025-02-03,6,4,2
PHC-DST-A2-03,2025-02-04,6,2,4
PHC-DST-A2-03,2025-02-05,6,4,2
PHC-DST-A2-03,2025-02-06,6,3,3
PHC-DST-A2-03,2025-02-07,6,5,1
PHC-DST-A2-03,2025-02-08,6,4,2
PHC-DST-A2-03,2025-02-09,6,6,0
PHC-DST-A2-03,2025-02-10,6,3,3
PHC-DST-A2-03,2025-02-11,6,5,1
PHC-DST-A2-03,2025-02-12,6,5,1
PHC-DST-A2-03,2025-02-13,6,4,2
PHC-DST-A2-03,2025-02-14,6,6,0
PHC-DST-A2-03,2025-02-15,6,4,2
PHC-DST-A2-03,2025-02-16,6,2,4
PHC-DST-A2-03,2025-02-17,6,5,1
PHC-DST-A2-03,2025-02-18,6,3,3
PHC-DST-A2-03,2025-02-19,6,4,2
PHC-DST-A2-03,2025-02-20,6,4,2
PHC-DST-A2-03,2025-02-21,6,6,0
PHC-DST-A2-03,2025-02-22,6,2,4
PHC-DST-A2-03,2025-02-23,6,5,1
PHC-DST-A2-03,2025-02-24,6,6,0
PHC-DST-A2-03,2025-02-25,6,6,0
PHC-DST-A2-03,2025-02-26,6,5,1
PHC-DST-A2-03,2025-02-27,6,5,1
PHC-DST-A2-03,2025-02-28,6,3,3
PHC-DST-A2-03,2025-03-01,6,6,0
PHC-DST-A2-03,2025-03-02,6,3,3
PHC-DST-A2-03,2025-03-03,6,3,3
PHC-DST-A2-03,2025-03-04,6,6,0
PHC-DST-A2-03,2025-03-05,6,3,3
PHC-DST-A2-03,2025-03-06,6,4,2
PHC-DST-A2-03,2025-03-07,6,6,0
PHC-DST-A2-03,2025-03-08,6,5,1
PHC-DST-A2-03,2025-03-09,6,4,2
PHC-DST-A2-03,2025-03-10,6,5,1
PHC-DST-A2-03,2025-03-11,6,3,3
PHC-DST-A2-03,2025-03-12,6,5,1
PHC-DST-A2-03,2025-03-13,6,3,3
PHC-DST-A2-03,2025-03-14,6,2,4
PHC-DST-A2-03,2025-03-15,6,4,2
PHC-DST-A2-03,2025-03-16,6,3,3
PHC-DST-A2-03,2025-03-17,6,4,2
PHC-DST-A2-03,2025-03-18,6,4,2
PHC-DST-A2-03,2025-03-19,6,3,3
PHC-DST-A2-03,2025-03-20,6,6,0
PHC-DST-A2-03,2025-03-21,6,4,2
PHC-DST-A2-03,2025-03-22,6,4,2
PHC-DST-A2-03,2025-03-23,6,5,1
PHC-DST-A2-03,2025-03-24,6,5,1
PHC-DST-A2-03,2025-03-25,6,6,0
PHC-DST-A2-03,2025-03-26,6,3,3
PHC-DST-A2-03,2025-03-27,6,3,3
PHC-DST-A2-03,2025-03-28,6,3,3
PHC-DST-A2-03,2025-03-29,6,5,1
PHC-DST-A2-03,2025-03-30,6,2,4
PHC-DST-A2-03,2025-03-31,6,5,1
PHC-DST-A2-03,2025-04-01,6,6,0
PHC-DST-A2-03,2025-04-02,6,4,2
PHC-DST-A2-03,2025-04-03,6,5,1
PHC-DST-A2-03,2025-04-04,6,5,1
PHC-DST-A2-03,2025-04-05,6,3,3
PHC-DST-A2-03,2025-04-06,6,4,2
PHC-DST-A2-03,2025-04-07,6,4,2
PHC-DST-A2-03,2025-04-08,6,6,0
PHC-DST-A2-03,2025-04-09,6,3,3
PHC-DST-A2-03,2025-04-10,6,4,2
PHC-DST-A2-03,2025-04-11,6,2,4
PHC-DST-A2-03,2025-04-12,6,4,2
PHC-DST-A2-03,2025-04-13,6,2,4
PHC-DST-A2-03,2025-04-14,6,5,1
PHC-DST-A2-03,2025-04-15,6,5,1
PHC-DST-A2-03,2025-04-16,6,6,0
PHC-DST-A2-03,2025-04-17,6,3,3
PHC-DST-A2-03,2025-04-18,6,4,2
PHC-DST-A2-03,2025-04-19,6,3,3
PHC-DST-A2-03,2025-04-20,6,3,3
PHC-DST-A2-03,2025-04-21,6,5,1
PHC-DST-A2-03,2025-04-22,6,6,0
PHC-DST-A2-03,2025-04-23,6,5,1
PHC-DST-A2-03,2025-04-24,6,3,3
PHC-DST-A2-03,2025-04-25,6,3,3
PHC-DST-A2-03,2025-04-26,6,3,3
PHC-DST-A2-03,2025-04-27,6,6,0
PHC-DST-A2-03,2025-04-28,6,5,1
PHC-DST-A2-03,2025-04-29,6,5,1
PHC-DST-A2-03,2025-04-30,6,4,2
PHC-DST-A2-03,2025-05-01,6,6,0
PHC-DST-A2-03,2025-05-02,6,3,3
PHC-DST-A2-03,2025-05-03,6,2,4
PHC-DST-A2-03,2025-05-04,6,6,0
PHC-DST-A2-03,2025-05-05,6,5,1
PHC-DST-A2-03,2025-05-06,6,6,0
PHC-DST-A2-03,2025-05-07,6,4,2
PHC-DST-A2-03,2025-05-08,6,2,4
PHC-DST-A2-03,2025-05-09,6,6,0
PHC-DST-A2-03,2025-05-10,6,3,3
PHC-DST-A2-03,2025-05-11,6,6,0
PHC-DST-A2-03,2025-05-12,6,6,0
PHC-DST-A2-03,2025-05-13,6,5,1
PHC-DST-A2-03,2025-05-14,6,6,0
PHC-DST-A2-03,2025-05-15,6,6,0
PHC-DST-A2-03,2025-05-16,6,3,3
PHC-DST-A2-03,2025-05-17,6,4,2
PHC-DST-A2-03,2025-05-18,6,6,0
PHC-DST-A2-03,2025-05-19,6,2,4
PHC-DST-A2-03,2025-05-20,6,4,2
PHC-DST-A2-03,2025-05-21,6,6,0
PHC-DST-A2-03,2025-05-22,6,6,0
PHC-DST-A2-03,2025-05-23,6,6,0
PHC-DST-A2-03,2025-05-24,6,5,1
PHC-DST-A2-03,2025-05-25,6,3,3
PHC-DST-A2-03,2025-05-26,6,3,3
PHC-DST-A2-03,2025-05-27,6,4,2
PHC-DST-A2-03,2025-05-28,6,6,0
PHC-DST-A2-03,2025-05-29,6,6,0
PHC-DST-A2-03,2025-05-30,6,4,2
PHC-DST-A2-03,2025-05-31,6,1,5
PHC-DST-A2-03,2025-06-01,6,4,2
PHC-DST-A2-03,2025-06-02,6,3,3
PHC-DST-A2-03,2025-06-03,6,3,3
PHC-DST-A2-03,2025-06-04,6,3,3
PHC-DST-A2-03,2025-06-05,6,4,2
PHC-DST-A2-03,2025-06-06,6,5,1
PHC-DST-A2-03,2025-06-07,6,4,2
PHC-DST-A2-03,2025-06-08,6,4,2
PHC-DST-A2-03,2025-06-09,6,3,3
PHC-DST-A2-03,2025-06-10,6,2,4
PHC-DST-A2-03,2025-06-11,6,3,3
PHC-DST-A2-03,2025-06-12,6,6,0
PHC-DST-A2-03,2025-06-13,6,6,0
PHC-DST-A2-03,2025-06-14,6,6,0
PHC-DST-A2-03,2025-06-15,6,6,0
PHC-DST-A2-03,2025-06-16,6,6,0
PHC-DST-A2-03,2025-06-17,6,4,2
PHC-DST-A2-03,2025-06-18,6,4,2
PHC-DST-A2-03,2025-06-19,6,5,1
PHC-DST-A2-03,2025-06-20,6,5,1
PHC-DST-A2-03,2025-06-21,6,2,4
PHC-DST-A2-03,2025-06-22,6,4,2
PHC-DST-A2-03,2025-06-23,6,4,2
PHC-DST-A2-03,2025-06-24,6,4,2
PHC-DST-A2-03,2025-06-25,6,6,0
PHC-DST-A2-03,2025-06-26,6,4,2
PHC-DST-A2-03,2025-06-27,6,5,1
PHC-DST-A2-03,2025-06-28,6,4,2
PHC-DST-A2-03,2025-06-29,6,6,0
PHC-DST-A2-03,2025-06-30,6,6,0
PHC-DST-A2-04,2024-01-01,6,2,4
PHC-DST-A2-04,2024-01-02,6,6,0
PHC-DST-A2-04,2024-01-03,6,5,1
PHC-DST-A2-04,2024-01-04,6,1,5
PHC-DST-A2-04,2024-01-05,6,3,3
PHC-DST-A2-04,2024-01-06,6,5,1
PHC-DST-A2-04,2024-01-07,6,6,0
PHC-DST-A2-04,2024-01-08,6,5,1
PHC-DST-A2-04,2024-01-09,6,5,1
PHC-DST-A2-04,2024-01-10,6,1,5
PHC-DST-A2-04,2024-01-11,6,3,3
PHC-DST-A2-04,2024-01-12,6,3,3
PHC-DST-A2-04,2024-01-13,6,4,2
PHC-DST-A2-04,2024-01-14,6,3,3
PHC-DST-A2-04,2024-01-15,6,4,2
PHC-DST-A2-04,2024-01-16,6,4,2
PHC-DST-A2-04,2024-01-17,6,3,3
PHC-DST-A2-04,2024-01-18,6,6,0
PHC-DST-A2-04,2024-01-19,6,4,2
PHC-DST-A2-04,2024-01-20,6,4,2
PHC-DST-A2-04,2024-01-21,6,2,4
PHC-DST-A2-04,2024-01-22,6,4,2
PHC-DST-A2-04,2024-01-23,6,4,2
PHC-DST-A2-04,2024-01-24,6,2,4
PHC-DST-A2-04,2024-01-25,6,1,5
PHC-DST-A2-04,2024-01-26,6,2,4
PHC-DST-A2-04,2024-01-27,6,2,4
PHC-DST-A2-04,2024-01-28,6,5,1
PHC-DST-A2-04,2024-01-29,6,3,3
PHC-DST-A2-04,2024-01-30,6,6,0
PHC-DST-A2-04,2024-01-31,6,3,3
PHC-DST-A2-04,2024-02-01,6,2,4
PHC-DST-A2-04,2024-02-02,6,2,4
PHC-DST-A2-04,2024-02-03,6,6,0
PHC-DST-A2-04,2024-02-04,6,5,1
PHC-DST-A2-04,2024-02-05,6,6,0
PHC-DST-A2-04,2024-02-06,6,5,1
PHC-DST-A2-04,2024-02-07,6,4,2
PHC-DST-A2-04,2024-02-08,6,1,5
PHC-DST-A2-04,2024-02-09,6,5,1
PHC-DST-A2-04,2024-02-10,6,6,0
PHC-DST-A2-04,2024-02-11,6,4,2
PHC-DST-A2-04,2024-02-12,6,4,2
PHC-DST-A2-04,2024-02-13,6,4,2
PHC-DST-A2-04,2024-02-14,6,2,4
PHC-DST-A2-04,2024-02-15,6,2,4
PHC-DST-A2-04,2024-02-16,6,3,3
PHC-DST-A2-04,2024-02-17,6,6,0
PHC-DST-A2-04,2024-02-18,6,4,2
PHC-DST-A2-04,2024-02-19,6,1,5
PHC-DST-A2-04,2024-02-20,6,6,0
PHC-DST-A2-04,2024-02-21,6,3,3
PHC-DST-A2-04,2024-02-22,6,4,2
PHC-DST-A2-04,2024-02-23,6,5,1
PHC-DST-A2-04,2024-02-24,6,4,2
PHC-DST-A2-04,2024-02-25,6,1,5
PHC-DST-A2-04,2024-02-26,6,4,2
PHC-DST-A2-04,2024-02-27,6,3,3
PHC-DST-A2-04,2024-02-28,6,3,3
PHC-DST-A2-04,2024-02-29,6,2,4
PHC-DST-A2-04,2024-03-01,6,6,0
PHC-DST-A2-04,2024-03-02,6,6,0
PHC-DST-A2-04,2024-03-03,6,3,3
PHC-DST-A2-04,2024-03-04,6,3,3
PHC-DST-A2-04,2024-03-05,6,3,3
PHC-DST-A2-04,2024-03-06,6,3,3
PHC-DST-A2-04,2024-03-07,6,3,3
PHC-DST-A2-04,2024-03-08,6,4,2
PHC-DST-A2-04,2024-03-09,6,2,4
PHC-DST-A2-04,2024-03-10,6,3,3
PHC-DST-A2-04,2024-03-11,6,3,3
PHC-DST-A2-04,2024-03-12,6,0,6
PHC-DST-A2-04,2024-03-13,6,4,2
PHC-DST-A2-04,2024-03-14,6,3,3
PHC-DST-A2-04,2024-03-15,6,6,0
PHC-DST-A2-04,2024-03-16,6,6,0
PHC-DST-A2-04,2024-03-17,6,3,3
PHC-DST-A2-04,2024-03-18,6,3,3
PHC-DST-A2-04,2024-03-19,6,3,3
PHC-DST-A2-04,2024-03-20,6,6,0
PHC-DST-A2-04,2024-03-21,6,4,2
PHC-DST-A2-04,2024-03-22,6,4,2
PHC-DST-A2-04,2024-03-23,6,6,0
PHC-DST-A2-04,2024-03-24,6,6,0
PHC-DST-A2-04,2024-03-25,6,2,4
PHC-DST-A2-04,2024-03-26,6,3,3
PHC-DST-A2-04,2024-03-27,6,3,3
PHC-DST-A2-04,2024-03-28,6,2,4
PHC-DST-A2-04,2024-03-29,6,2,4
PHC-DST-A2-04,2024-03-30,6,6,0
PHC-DST-A2-04,2024-03-31,6,6,0
PHC-DST-A2-04,2024-04-01,6,2,4
PHC-DST-A2-04,2024-04-02,6,3,3
PHC-DST-A2-04,2024-04-03,6,2,4
PHC-DST-A2-04,2024-04-04,6,4,2
PHC-DST-A2-04,2024-04-05,6,3,3
PHC-DST-A2-04,2024-04-06,6,4,2
PHC-DST-A2-04,2024-04-07,6,6,0
PHC-DST-A2-04,2024-04-08,6,4,2
PHC-DST-A2-04,2024-04-09,6,3,3
PHC-DST-A2-04,2024-04-10,6,3,3
PHC-DST-A2-04,2024-04-11,6,6,0
PHC-DST-A2-04,2024-04-12,6,3,3
PHC-DST-A2-04,2024-04-13,6,4,2
PHC-DST-A2-04,2024-04-14,6,2,4
PHC-DST-A2-04,2024-04-15,6,2,4
PHC-DST-A2-04,2024-04-16,6,2,4
PHC-DST-A2-04,2024-04-17,6,1,5
PHC-DST-A2-04,2024-04-18,6,6,0
PHC-DST-A2-04,2024-04-19,6,3,3
PHC-DST-A2-04,2024-04-20,6,3,3
PHC-DST-A2-04,2024-04-21,6,2,4
PHC-DST-A2-04,2024-04-22,6,6,0
PHC-DST-A2-04,2024-04-23,6,2,4
PHC-DST-A2-04,2024-04-24,6,0,6
PHC-DST-A2-04,2024-04-25,6,2,4
PHC-DST-A2-04,2024-04-26,6,5,1
PHC-DST-A2-04,2024-04-27,6,4,2
PHC-DST-A2-04,2024-04-28,6,3,3
PHC-DST-A2-04,2024-04-29,6,6,0
PHC-DST-A2-04,2024-04-30,6,3,3
PHC-DST-A2-04,2024-05-01,6,3,3
PHC-DST-A2-04,2024-05-02,6,4,2
PHC-DST-A2-04,2024-05-03,6,4,2
PHC-DST-A2-04,2024-05-04,6,1,5
PHC-DST-A2-04,2024-05-05,6,3,3
PHC-DST-A2-04,2024-05-06,6,3,3
PHC-DST-A2-04,2024-05-07,6,3,3
PHC-DST-A2-04,2024-05-08,6,3,3
PHC-DST-A2-04,2024-05-09,6,4,2
PHC-DST-A2-04,2024-05-10,6,2,4
PHC-DST-A2-04,2024-05-11,6,3,3
PHC-DST-A2-04,2024-05-12,6,5,1
PHC-DST-A2-04,2024-05-13,6,6,0
PHC-DST-A2-04,2024-05-14,6,3,3
PHC-DST-A2-04,2024-05-15,6,6,0
PHC-DST-A2-04,2024-05-16,6,3,3
PHC-DST-A2-04,2024-05-17,6,2,4
PHC-DST-A2-04,2024-05-18,6,6,0
PHC-DST-A2-04,2024-05-19,6,3,3
PHC-DST-A2-04,2024-05-20,6,4,2
PHC-DST-A2-04,2024-05-21,6,5,1
PHC-DST-A2-04,2024-05-22,6,5,1
PHC-DST-A2-04,2024-05-23,6,2,4
PHC-DST-A2-04,2024-05-24,6,4,2
PHC-DST-A2-04,2024-05-25,6,5,1
PHC-DST-A2-04,2024-05-26,6,6,0
PHC-DST-A2-04,2024-05-27,6,3,3
PHC-DST-A2-04,2024-05-28,6,2,4
PHC-DST-A2-04,2024-05-29,6,1,5
PHC-DST-A2-04,2024-05-30,6,6,0
PHC-DST-A2-04,2024-05-31,6,4,2
PHC-DST-A2-04,2024-06-01,6,5,1
PHC-DST-A2-04,2024-06-02,6,5,1
PHC-DST-A2-04,2024-06-03,6,2,4
PHC-DST-A2-04,2024-06-04,6,2,4
PHC-DST-A2-04,2024-06-05,6,1,5
PHC-DST-A2-04,2024-06-06,6,4,2
PHC-DST-A2-04,2024-06-07,6,4,2
PHC-DST-A2-04,2024-06-08,6,1,5
PHC-DST-A2-04,2024-06-09,6,5,1
PHC-DST-A2-04,2024-06-10,6,3,3
PHC-DST-A2-04,2024-06-11,6,5,1
PHC-DST-A2-04,2024-06-12,6,3,3
PHC-DST-A2-04,2024-06-13,6,6,0
PHC-DST-A2-04,2024-06-14,6,2,4
PHC-DST-A2-04,2024-06-15,6,4,2
PHC-DST-A2-04,2024-06-16,6,5,1
PHC-DST-A2-04,2024-06-17,6,1,5
PHC-DST-A2-04,2024-06-18,6,4,2
PHC-DST-A2-04,2024-06-19,6,6,0
PHC-DST-A2-04,2024-06-20,6,4,2
PHC-DST-A2-04,2024-06-21,6,3,3
PHC-DST-A2-04,2024-06-22,6,3,3
PHC-DST-A2-04,2024-06-23,6,3,3
PHC-DST-A2-04,2024-06-24,6,6,0
PHC-DST-A2-04,2024-06-25,6,6,0
PHC-DST-A2-04,2024-06-26,6,3,3
PHC-DST-A2-04,2024-06-27,6,5,1
PHC-DST-A2-04,2024-06-28,6,6,0
PHC-DST-A2-04,2024-06-29,6,4,2
PHC-DST-A2-04,2024-06-30,6,3,3
PHC-DST-A2-04,2024-07-01,6,3,3
PHC-DST-A2-04,2024-07-02,6,4,2
PHC-DST-A2-04,2024-07-03,6,3,3
PHC-DST-A2-04,2024-07-04,6,3,3
PHC-DST-A2-04,2024-07-05,6,6,0
PHC-DST-A2-04,2024-07-06,6,3,3
PHC-DST-A2-04,2024-07-07,6,5,1
PHC-DST-A2-04,2024-07-08,6,4,2
PHC-DST-A2-04,2024-07-09,6,1,5
PHC-DST-A2-04,2024-07-10,6,2,4
PHC-DST-A2-04,2024-07-11,6,6,0
PHC-DST-A2-04,2024-07-12,6,5,1
PHC-DST-A2-04,2024-07-13,6,6,0
PHC-DST-A2-04,2024-07-14,6,4,2
PHC-DST-A2-04,2024-07-15,6,5,1
PHC-DST-A2-04,2024-07-16,6,6,0
PHC-DST-A2-04,2024-07-17,6,5,1
PHC-DST-A2-04,2024-07-18,6,4,2
PHC-DST-A2-04,2024-07-19,6,4,2
PHC-DST-A2-04,2024-07-20,6,6,0
PHC-DST-A2-04,2024-07-21,6,6,0
PHC-DST-A2-04,2024-07-22,6,6,0
PHC-DST-A2-04,2024-07-23,6,3,3
PHC-DST-A2-04,2024-07-24,6,3,3
PHC-DST-A2-04,2024-07-25,6,5,1
PHC-DST-A2-04,2024-07-26,6,0,6
PHC-DST-A2-04,2024-07-27,6,5,1
PHC-DST-A2-04,2024-07-28,6,1,5
PHC-DST-A2-04,2024-07-29,6,4,2
PHC-DST-A2-04,2024-07-30,6,6,0
PHC-DST-A2-04,2024-07-31,6,4,2
PHC-DST-A2-04,2024-08-01,6,4,2
PHC-DST-A2-04,2024-08-02,6,6,0
PHC-DST-A2-04,2024-08-03,6,5,1
PHC-DST-A2-04,2024-08-04,6,3,3
PHC-DST-A2-04,2024-08-05,6,5,1
PHC-DST-A2-04,2024-08-06,6,4,2
PHC-DST-A2-04,2024-08-07,6,2,4
PHC-DST-A2-04,2024-08-08,6,3,3
PHC-DST-A2-04,2024-08-09,6,3,3
PHC-DST-A2-04,2024-08-10,6,3,3
PHC-DST-A2-04,2024-08-11,6,4,2
PHC-DST-A2-04,2024-08-12,6,6,0
PHC-DST-A2-04,2024-08-13,6,4,2
PHC-DST-A2-04,2024-08-14,6,1,5
PHC-DST-A2-04,2024-08-15,6,6,0
PHC-DST-A2-04,2024-08-16,6,6,0
PHC-DST-A2-04,2024-08-17,6,6,0
PHC-DST-A2-04,2024-08-18,6,6,0
PHC-DST-A2-04,2024-08-19,6,5,1
PHC-DST-A2-04,2024-08-20,6,6,0
PHC-DST-A2-04,2024-08-21,6,5,1
PHC-DST-A2-04,2024-08-22,6,3,3
PHC-DST-A2-04,2024-08-23,6,4,2
PHC-DST-A2-04,2024-08-24,6,6,0
PHC-DST-A2-04,2024-08-25,6,3,3
PHC-DST-A2-04,2024-08-26,6,2,4
PHC-DST-A2-04,2024-08-27,6,6,0
PHC-DST-A2-04,2024-08-28,6,2,4
PHC-DST-A2-04,2024-08-29,6,3,3
PHC-DST-A2-04,2024-08-30,6,3,3
PHC-DST-A2-04,2024-08-31,6,4,2
PHC-DST-A2-04,2024-09-01,6,4,2
PHC-DST-A2-04,2024-09-02,6,2,4
PHC-DST-A2-04,2024-09-03,6,2,4
PHC-DST-A2-04,2024-09-04,6,5,1
PHC-DST-A2-04,2024-09-05,6,6,0
PHC-DST-A2-04,2024-09-06,6,3,3
PHC-DST-A2-04,2024-09-07,6,2,4
PHC-DST-A2-04,2024-09-08,6,2,4
PHC-DST-A2-04,2024-09-09,6,5,1
PHC-DST-A2-04,2024-09-10,6,5,1
PHC-DST-A2-04,2024-09-11,6,6,0
PHC-DST-A2-04,2024-09-12,6,4,2
PHC-DST-A2-04,2024-09-13,6,6,0
PHC-DST-A2-04,2024-09-14,6,4,2
PHC-DST-A2-04,2024-09-15,6,2,4
PHC-DST-A2-04,2024-09-16,6,6,0
PHC-DST-A2-04,2024-09-17,6,2,4
PHC-DST-A2-04,2024-09-18,6,2,4
PHC-DST-A2-04,2024-09-19,6,0,6
PHC-DST-A2-04,2024-09-20,6,2,4
PHC-DST-A2-04,2024-09-21,6,3,3
PHC-DST-A2-04,2024-09-22,6,1,5
PHC-DST-A2-04,2024-09-23,6,4,2
PHC-DST-A2-04,2024-09-24,6,4,2
PHC-DST-A2-04,2024-09-25,6,2,4
PHC-DST-A2-04,2024-09-26,6,1,5
PHC-DST-A2-04,2024-09-27,6,6,0
PHC-DST-A2-04,2024-09-28,6,5,1
PHC-DST-A2-04,2024-09-29,6,3,3
PHC-DST-A2-04,2024-09-30,6,6,0
PHC-DST-A2-04,2024-10-01,6,5,1
PHC-DST-A2-04,2024-10-02,6,3,3
PHC-DST-A2-04,2024-10-03,6,3,3
PHC-DST-A2-04,2024-10-04,6,5,1
PHC-DST-A2-04,2024-10-05,6,1,5
PHC-DST-A2-04,2024-10-06,6,3,3
PHC-DST-A2-04,2024-10-07,6,1,5
PHC-DST-A2-04,2024-10-08,6,3,3
PHC-DST-A2-04,2024-10-09,6,5,1
PHC-DST-A2-04,2024-10-10,6,5,1
PHC-DST-A2-04,2024-10-11,6,4,2
PHC-DST-A2-04,2024-10-12,6,3,3
PHC-DST-A2-04,2024-10-13,6,4,2
PHC-DST-A2-04,2024-10-14,6,4,2
PHC-DST-A2-04,2024-10-15,6,6,0
PHC-DST-A2-04,2024-10-16,6,5,1
PHC-DST-A2-04,2024-10-17,6,4,2
PHC-DST-A2-04,2024-10-18,6,1,5
PHC-DST-A2-04,2024-10-19,6,5,1
PHC-DST-A2-04,2024-10-20,6,1,5
PHC-DST-A2-04,2024-10-21,6,4,2
PHC-DST-A2-04,2024-10-22,6,6,0
PHC-DST-A2-04,2024-10-23,6,4,2
PHC-DST-A2-04,2024-10-24,6,3,3
PHC-DST-A2-04,2024-10-25,6,6,0
PHC-DST-A2-04,2024-10-26,6,4,2
PHC-DST-A2-04,2024-10-27,6,5,1
PHC-DST-A2-04,2024-10-28,6,6,0
PHC-DST-A2-04,2024-10-29,6,4,2
PHC-DST-A2-04,2024-10-30,6,2,4
PHC-DST-A2-04,2024-10-31,6,6,0
PHC-DST-A2-04,2024-11-01,6,4,2
PHC-DST-A2-04,2024-11-02,6,3,3
PHC-DST-A2-04,2024-11-03,6,3,3
PHC-DST-A2-04,2024-11-04,6,1,5
PHC-DST-A2-04,2024-11-05,6,4,2
PHC-DST-A2-04,2024-11-06,6,2,4
PHC-DST-A2-04,2024-11-07,6,2,4
PHC-DST-A2-04,2024-11-08,6,2,4
PHC-DST-A2-04,2024-11-09,6,3,3
PHC-DST-A2-04,2024-11-10,6,6,0
PHC-DST-A2-04,2024-11-11,6,4,2
PHC-DST-A2-04,2024-11-12,6,6,0
PHC-DST-A2-04,2024-11-13,6,4,2
PHC-DST-A2-04,2024-11-14,6,4,2
PHC-DST-A2-04,2024-11-15,6,6,0
PHC-DST-A2-04,2024-11-16,6,1,5
PHC-DST-A2-04,2024-11-17,6,4,2
PHC-DST-A2-04,2024-11-18,6,2,4
PHC-DST-A2-04,2024-11-19,6,3,3
PHC-DST-A2-04,2024-11-20,6,6,0
PHC-DST-A2-04,2024-11-21,6,1,5
PHC-DST-A2-04,2024-11-22,6,3,3
PHC-DST-A2-04,2024-11-23,6,2,4
PHC-DST-A2-04,2024-11-24,6,2,4
PHC-DST-A2-04,2024-11-25,6,6,0
PHC-DST-A2-04,2024-11-26,6,3,3
PHC-DST-A2-04,2024-11-27,6,3,3
PHC-DST-A2-04,2024-11-28,6,5,1
PHC-DST-A2-04,2024-11-29,6,2,4
PHC-DST-A2-04,2024-11-30,6,2,4
PHC-DST-A2-04,2024-12-01,6,3,3
PHC-DST-A2-04,2024-12-02,6,2,4
PHC-DST-A2-04,2024-12-03,6,3,3
PHC-DST-A2-04,2024-12-04,6,3,3
PHC-DST-A2-04,2024-12-05,6,4,2
PHC-DST-A2-04,2024-12-06,6,3,3
PHC-DST-A2-04,2024-12-07,6,4,2
PHC-DST-A2-04,2024-12-08,6,5,1
PHC-DST-A2-04,2024-12-09,6,4,2
PHC-DST-A2-04,2024-12-10,6,2,4
PHC-DST-A2-04,2024-12-11,6,3,3
PHC-DST-A2-04,2024-12-12,6,4,2
PHC-DST-A2-04,2024-12-13,6,4,2
PHC-DST-A2-04,2024-12-14,6,5,1
PHC-DST-A2-04,2024-12-15,6,3,3
PHC-DST-A2-04,2024-12-16,6,2,4
PHC-DST-A2-04,2024-12-17,6,4,2
PHC-DST-A2-04,2024-12-18,6,3,3
PHC-DST-A2-04,2024-12-19,6,3,3
PHC-DST-A2-04,2024-12-20,6,6,0
PHC-DST-A2-04,2024-12-21,6,2,4
PHC-DST-A2-04,2024-12-22,6,3,3
PHC-DST-A2-04,2024-12-23,6,2,4
PHC-DST-A2-04,2024-12-24,6,1,5
PHC-DST-A2-04,2024-12-25,6,4,2
PHC-DST-A2-04,2024-12-26,6,6,0
PHC-DST-A2-04,2024-12-27,6,2,4
PHC-DST-A2-04,2024-12-28,6,2,4
PHC-DST-A2-04,2024-12-29,6,1,5
PHC-DST-A2-04,2024-12-30,6,2,4
PHC-DST-A2-04,2024-12-31,6,3,3
PHC-DST-A2-04,2025-01-01,6,4,2
PHC-DST-A2-04,2025-01-02,6,5,1
PHC-DST-A2-04,2025-01-03,6,6,0
PHC-DST-A2-04,2025-01-04,6,3,3
PHC-DST-A2-04,2025-01-05,6,2,4
PHC-DST-A2-04,2025-01-06,6,2,4
PHC-DST-A2-04,2025-01-07,6,3,3
PHC-DST-A2-04,2025-01-08,6,3,3
PHC-DST-A2-04,2025-01-09,6,4,2
PHC-DST-A2-04,2025-01-10,6,3,3
PHC-DST-A2-04,2025-01-11,6,6,0
PHC-DST-A2-04,2025-01-12,6,3,3
PHC-DST-A2-04,2025-01-13,6,4,2
PHC-DST-A2-04,2025-01-14,6,6,0
PHC-DST-A2-04,2025-01-15,6,4,2
PHC-DST-A2-04,2025-01-16,6,6,0
PHC-DST-A2-04,2025-01-17,6,6,0
PHC-DST-A2-04,2025-01-18,6,1,5
PHC-DST-A2-04,2025-01-19,6,4,2
PHC-DST-A2-04,2025-01-20,6,3,3
PHC-DST-A2-04,2025-01-21,6,3,3
PHC-DST-A2-04,2025-01-22,6,3,3
PHC-DST-A2-04,2025-01-23,6,3,3
PHC-DST-A2-04,2025-01-24,6,3,3
PHC-DST-A2-04,2025-01-25,6,1,5
PHC-DST-A2-04,2025-01-26,6,1,5
PHC-DST-A2-04,2025-01-27,6,4,2
PHC-DST-A2-04,2025-01-28,6,4,2
PHC-DST-A2-04,2025-01-29,6,6,0
PHC-DST-A2-04,2025-01-30,6,6,0
PHC-DST-A2-04,2025-01-31,6,5,1
PHC-DST-A2-04,2025-02-01,6,5,1
PHC-DST-A2-04,2025-02-02,6,3,3
PHC-DST-A2-04,2025-02-03,6,3,3
PHC-DST-A2-04,2025-02-04,6,0,6
PHC-DST-A2-04,2025-02-05,6,2,4
PHC-DST-A2-04,2025-02-06,6,4,2
PHC-DST-A2-04,2025-02-07,6,4,2
PHC-DST-A2-04,2025-02-08,6,4,2
PHC-DST-A2-04,2025-02-09,6,2,4
PHC-DST-A2-04,2025-02-10,6,5,1
PHC-DST-A2-04,2025-02-11,6,5,1
PHC-DST-A2-04,2025-02-12,6,4,2
PHC-DST-A2-04,2025-02-13,6,2,4
PHC-DST-A2-04,2025-02-14,6,5,1
PHC-DST-A2-04,2025-02-15,6,2,4
PHC-DST-A2-04,2025-02-16,6,4,2
PHC-DST-A2-04,2025-02-17,6,3,3
PHC-DST-A2-04,2025-02-18,6,4,2
PHC-DST-A2-04,2025-02-19,6,6,0
PHC-DST-A2-04,2025-02-20,6,3,3
PHC-DST-A2-04,2025-02-21,6,2,4
PHC-DST-A2-04,2025-02-22,6,2,4
PHC-DST-A2-04,2025-02-23,6,2,4
PHC-DST-A2-04,2025-02-24,6,5,1
PHC-DST-A2-04,2025-02-25,6,2,4
PHC-DST-A2-04,2025-02-26,6,1,5
PHC-DST-A2-04,2025-02-27,6,6,0
PHC-DST-A2-04,2025-02-28,6,3,3
PHC-DST-A2-04,2025-03-01,6,5,1
PHC-DST-A2-04,2025-03-02,6,6,0
PHC-DST-A2-04,2025-03-03,6,2,4
PHC-DST-A2-04,2025-03-04,6,2,4
PHC-DST-A2-04,2025-03-05,6,6,0
PHC-DST-A2-04,2025-03-06,6,4,2
PHC-DST-A2-04,2025-03-07,6,4,2
PHC-DST-A2-04,2025-03-08,6,3,3
PHC-DST-A2-04,2025-03-09,6,2,4
PHC-DST-A2-04,2025-03-10,6,2,4
PHC-DST-A2-04,2025-03-11,6,3,3
PHC-DST-A2-04,2025-03-12,6,4,2
PHC-DST-A2-04,2025-03-13,6,3,3
PHC-DST-A2-04,2025-03-14,6,2,4
PHC-DST-A2-04,2025-03-15,6,1,5
PHC-DST-A2-04,2025-03-16,6,6,0
PHC-DST-A2-04,2025-03-17,6,2,4
PHC-DST-A2-04,2025-03-18,6,6,0
PHC-DST-A2-04,2025-03-19,6,6,0
PHC-DST-A2-04,2025-03-20,6,4,2
PHC-DST-A2-04,2025-03-21,6,4,2
PHC-DST-A2-04,2025-03-22,6,1,5
PHC-DST-A2-04,2025-03-23,6,4,2
PHC-DST-A2-04,2025-03-24,6,4,2
PHC-DST-A2-04,2025-03-25,6,5,1
PHC-DST-A2-04,2025-03-26,6,1,5
PHC-DST-A2-04,2025-03-27,6,3,3
PHC-DST-A2-04,2025-03-28,6,4,2
PHC-DST-A2-04,2025-03-29,6,5,1
PHC-DST-A2-04,2025-03-30,6,3,3
PHC-DST-A2-04,2025-03-31,6,5,1
PHC-DST-A2-04,2025-04-01,6,5,1
PHC-DST-A2-04,2025-04-02,6,5,1
PHC-DST-A2-04,2025-04-03,6,4,2
PHC-DST-A2-04,2025-04-04,6,2,4
PHC-DST-A2-04,2025-04-05,6,4,2
PHC-DST-A2-04,2025-04-06,6,2,4
PHC-DST-A2-04,2025-04-07,6,3,3
PHC-DST-A2-04,2025-04-08,6,2,4
PHC-DST-A2-04,2025-04-09,6,3,3
PHC-DST-A2-04,2025-04-10,6,2,4
PHC-DST-A2-04,2025-04-11,6,3,3
PHC-DST-A2-04,2025-04-12,6,3,3
PHC-DST-A2-04,2025-04-13,6,2,4
PHC-DST-A2-04,2025-04-14,6,0,6
PHC-DST-A2-04,2025-04-15,6,1,5
PHC-DST-A2-04,2025-04-16,6,4,2
PHC-DST-A2-04,2025-04-17,6,2,4
PHC-DST-A2-04,2025-04-18,6,2,4
PHC-DST-A2-04,2025-04-19,6,5,1
PHC-DST-A2-04,2025-04-20,6,3,3
PHC-DST-A2-04,2025-04-21,6,5,1
PHC-DST-A2-04,2025-04-22,6,6,0
PHC-DST-A2-04,2025-04-23,6,6,0
PHC-DST-A2-04,2025-04-24,6,3,3
PHC-DST-A2-04,2025-04-25,6,4,2
PHC-DST-A2-04,2025-04-26,6,3,3
PHC-DST-A2-04,2025-04-27,6,6,0
PHC-DST-A2-04,2025-04-28,6,6,0
PHC-DST-A2-04,2025-04-29,6,6,0
PHC-DST-A2-04,2025-04-30,6,5,1
PHC-DST-A2-04,2025-05-01,6,4,2
PHC-DST-A2-04,2025-05-02,6,5,1
PHC-DST-A2-04,2025-05-03,6,4,2
PHC-DST-A2-04,2025-05-04,6,4,2
PHC-DST-A2-04,2025-05-05,6,5,1
PHC-DST-A2-04,2025-05-06,6,2,4
PHC-DST-A2-04,2025-05-07,6,4,2
PHC-DST-A2-04,2025-05-08,6,6,0
PHC-DST-A2-04,2025-05-09,6,4,2
PHC-DST-A2-04,2025-05-10,6,1,5
PHC-DST-A2-04,2025-05-11,6,6,0
PHC-DST-A2-04,2025-05-12,6,5,1
PHC-DST-A2-04,2025-05-13,6,6,0
PHC-DST-A2-04,2025-05-14,6,4,2
PHC-DST-A2-04,2025-05-15,6,4,2
PHC-DST-A2-04,2025-05-16,6,3,3
PHC-DST-A2-04,2025-05-17,6,3,3
PHC-DST-A2-04,2025-05-18,6,2,4
PHC-DST-A2-04,2025-05-19,6,4,2
PHC-DST-A2-04,2025-05-20,6,6,0
PHC-DST-A2-04,2025-05-21,6,6,0
PHC-DST-A2-04,2025-05-22,6,2,4
PHC-DST-A2-04,2025-05-23,6,3,3
PHC-DST-A2-04,2025-05-24,6,4,2
PHC-DST-A2-04,2025-05-25,6,5,1
PHC-DST-A2-04,2025-05-26,6,6,0
PHC-DST-A2-04,2025-05-27,6,4,2
PHC-DST-A2-04,2025-05-28,6,6,0
PHC-DST-A2-04,2025-05-29,6,4,2
PHC-DST-A2-04,2025-05-30,6,1,5
PHC-DST-A2-04,2025-05-31,6,2,4
PHC-DST-A2-04,2025-06-01,6,4,2
PHC-DST-A2-04,2025-06-02,6,3,3
PHC-DST-A2-04,2025-06-03,6,2,4
PHC-DST-A2-04,2025-06-04,6,5,1
PHC-DST-A2-04,2025-06-05,6,4,2
PHC-DST-A2-04,2025-06-06,6,2,4
PHC-DST-A2-04,2025-06-07,6,2,4
PHC-DST-A2-04,2025-06-08,6,3,3
PHC-DST-A2-04,2025-06-09,6,2,4
PHC-DST-A2-04,2025-06-10,6,3,3
PHC-DST-A2-04,2025-06-11,6,4,2
PHC-DST-A2-04,2025-06-12,6,3,3
PHC-DST-A2-04,2025-06-13,6,2,4
PHC-DST-A2-04,2025-06-14,6,3,3
PHC-DST-A2-04,2025-06-15,6,5,1
PHC-DST-A2-04,2025-06-16,6,2,4
PHC-DST-A2-04,2025-06-17,6,5,1
PHC-DST-A2-04,2025-06-18,6,5,1
PHC-DST-A2-04,2025-06-19,6,3,3
PHC-DST-A2-04,2025-06-20,6,5,1
PHC-DST-A2-04,2025-06-21,6,2,4
PHC-DST-A2-04,2025-06-22,6,5,1
PHC-DST-A2-04,2025-06-23,6,3,3
PHC-DST-A2-04,2025-06-24,6,5,1
PHC-DST-A2-04,2025-06-25,6,3,3
PHC-DST-A2-04,2025-06-26,6,6,0
PHC-DST-A2-04,2025-06-27,6,5,1
PHC-DST-A2-04,2025-06-28,6,6,0
PHC-DST-A2-04,2025-06-29,6,3,3
PHC-DST-A2-04,2025-06-30,6,6,0
PHC-DST-A2-05,2024-01-01,4,4,0
PHC-DST-A2-05,2024-01-02,4,3,1
PHC-DST-A2-05,2024-01-03,4,2,2
PHC-DST-A2-05,2024-01-04,4,4,0
PHC-DST-A2-05,2024-01-05,4,4,0
PHC-DST-A2-05,2024-01-06,4,1,3
PHC-DST-A2-05,2024-01-07,4,4,0
PHC-DST-A2-05,2024-01-08,4,4,0
PHC-DST-A2-05,2024-01-09,4,4,0
PHC-DST-A2-05,2024-01-10,4,4,0
PHC-DST-A2-05,2024-01-11,4,3,1
PHC-DST-A2-05,2024-01-12,4,4,0
PHC-DST-A2-05,2024-01-13,4,3,1
PHC-DST-A2-05,2024-01-14,4,2,2
PHC-DST-A2-05,2024-01-15,4,3,1
PHC-DST-A2-05,2024-01-16,4,4,0
PHC-DST-A2-05,2024-01-17,4,3,1
PHC-DST-A2-05,2024-01-18,4,3,1
PHC-DST-A2-05,2024-01-19,4,4,0
PHC-DST-A2-05,2024-01-20,4,3,1
PHC-DST-A2-05,2024-01-21,4,3,1
PHC-DST-A2-05,2024-01-22,4,3,1
PHC-DST-A2-05,2024-01-23,4,2,2
PHC-DST-A2-05,2024-01-24,4,4,0
PHC-DST-A2-05,2024-01-25,4,4,0
PHC-DST-A2-05,2024-01-26,4,4,0
PHC-DST-A2-05,2024-01-27,4,4,0
PHC-DST-A2-05,2024-01-28,4,4,0
PHC-DST-A2-05,2024-01-29,4,4,0
PHC-DST-A2-05,2024-01-30,4,4,0
PHC-DST-A2-05,2024-01-31,4,4,0
PHC-DST-A2-05,2024-02-01,4,2,2
PHC-DST-A2-05,2024-02-02,4,4,0
PHC-DST-A2-05,2024-02-03,4,4,0
PHC-DST-A2-05,2024-02-04,4,4,0
PHC-DST-A2-05,2024-02-05,4,4,0
PHC-DST-A2-05,2024-02-06,4,4,0
PHC-DST-A2-05,2024-02-07,4,4,0
PHC-DST-A2-05,2024-02-08,4,4,0
PHC-DST-A2-05,2024-02-09,4,2,2
PHC-DST-A2-05,2024-02-10,4,3,1
PHC-DST-A2-05,2024-02-11,4,2,2
PHC-DST-A2-05,2024-02-12,4,4,0
PHC-DST-A2-05,2024-02-13,4,2,2
PHC-DST-A2-05,2024-02-14,4,3,1
PHC-DST-A2-05,2024-02-15,4,4,0
PHC-DST-A2-05,2024-02-16,4,3,1
PHC-DST-A2-05,2024-02-17,4,3,1
PHC-DST-A2-05,2024-02-18,4,4,0
PHC-DST-A2-05,2024-02-19,4,1,3
PHC-DST-A2-05,2024-02-20,4,4,0
PHC-DST-A2-05,2024-02-21,4,4,0
PHC-DST-A2-05,2024-02-22,4,2,2
PHC-DST-A2-05,2024-02-23,4,3,1
PHC-DST-A2-05,2024-02-24,4,4,0
PHC-DST-A2-05,2024-02-25,4,3,1
PHC-DST-A2-05,2024-02-26,4,3,1
PHC-DST-A2-05,2024-02-27,4,4,0
PHC-DST-A2-05,2024-02-28,4,4,0
PHC-DST-A2-05,2024-02-29,4,4,0
PHC-DST-A2-05,2024-03-01,4,4,0
PHC-DST-A2-05,2024-03-02,4,4,0
PHC-DST-A2-05,2024-03-03,4,2,2
PHC-DST-A2-05,2024-03-04,4,4,0
PHC-DST-A2-05,2024-03-05,4,3,1
PHC-DST-A2-05,2024-03-06,4,4,0
PHC-DST-A2-05,2024-03-07,4,2,2
PHC-DST-A2-05,2024-03-08,4,3,1
PHC-DST-A2-05,2024-03-09,4,4,0
PHC-DST-A2-05,2024-03-10,4,4,0
PHC-DST-A2-05,2024-03-11,4,4,0
PHC-DST-A2-05,2024-03-12,4,2,2
PHC-DST-A2-05,2024-03-13,4,4,0
PHC-DST-A2-05,2024-03-14,4,2,2
PHC-DST-A2-05,2024-03-15,4,4,0
PHC-DST-A2-05,2024-03-16,4,4,0
PHC-DST-A2-05,2024-03-17,4,4,0
PHC-DST-A2-05,2024-03-18,4,4,0
PHC-DST-A2-05,2024-03-19,4,4,0
PHC-DST-A2-05,2024-03-20,4,4,0
PHC-DST-A2-05,2024-03-21,4,3,1
PHC-DST-A2-05,2024-03-22,4,1,3
PHC-DST-A2-05,2024-03-23,4,3,1
PHC-DST-A2-05,2024-03-24,4,3,1
PHC-DST-A2-05,2024-03-25,4,4,0
PHC-DST-A2-05,2024-03-26,4,1,3
PHC-DST-A2-05,2024-03-27,4,2,2
PHC-DST-A2-05,2024-03-28,4,3,1
PHC-DST-A2-05,2024-03-29,4,3,1
PHC-DST-A2-05,2024-03-30,4,3,1
PHC-DST-A2-05,2024-03-31,4,3,1
PHC-DST-A2-05,2024-04-01,4,4,0
PHC-DST-A2-05,2024-04-02,4,3,1
PHC-DST-A2-05,2024-04-03,4,4,0
PHC-DST-A2-05,2024-04-04,4,3,1
PHC-DST-A2-05,2024-04-05,4,4,0
PHC-DST-A2-05,2024-04-06,4,3,1
PHC-DST-A2-05,2024-04-07,4,3,1
PHC-DST-A2-05,2024-04-08,4,4,0
PHC-DST-A2-05,2024-04-09,4,4,0
PHC-DST-A2-05,2024-04-10,4,4,0
PHC-DST-A2-05,2024-04-11,4,4,0
PHC-DST-A2-05,2024-04-12,4,3,1
PHC-DST-A2-05,2024-04-13,4,4,0
PHC-DST-A2-05,2024-04-14,4,4,0
PHC-DST-A2-05,2024-04-15,4,4,0
PHC-DST-A2-05,2024-04-16,4,3,1
PHC-DST-A2-05,2024-04-17,4,4,0
PHC-DST-A2-05,2024-04-18,4,3,1
PHC-DST-A2-05,2024-04-19,4,3,1
PHC-DST-A2-05,2024-04-20,4,4,0
PHC-DST-A2-05,2024-04-21,4,4,0
PHC-DST-A2-05,2024-04-22,4,4,0
PHC-DST-A2-05,2024-04-23,4,2,2
PHC-DST-A2-05,2024-04-24,4,4,0
PHC-DST-A2-05,2024-04-25,4,4,0
PHC-DST-A2-05,2024-04-26,4,3,1
PHC-DST-A2-05,2024-04-27,4,1,3
PHC-DST-A2-05,2024-04-28,4,4,0
PHC-DST-A2-05,2024-04-29,4,4,0
PHC-DST-A2-05,2024-04-30,4,4,0
PHC-DST-A2-05,2024-05-01,4,3,1
PHC-DST-A2-05,2024-05-02,4,4,0
PHC-DST-A2-05,2024-05-03,4,3,1
PHC-DST-A2-05,2024-05-04,4,4,0
PHC-DST-A2-05,2024-05-05,4,4,0
PHC-DST-A2-05,2024-05-06,4,4,0
PHC-DST-A2-05,2024-05-07,4,4,0
PHC-DST-A2-05,2024-05-08,4,4,0
PHC-DST-A2-05,2024-05-09,4,4,0
PHC-DST-A2-05,2024-05-10,4,4,0
PHC-DST-A2-05,2024-05-11,4,4,0
PHC-DST-A2-05,2024-05-12,4,4,0
PHC-DST-A2-05,2024-05-13,4,4,0
PHC-DST-A2-05,2024-05-14,4,4,0
PHC-DST-A2-05,2024-05-15,4,4,0
PHC-DST-A2-05,2024-05-16,4,3,1
PHC-DST-A2-05,2024-05-17,4,4,0
PHC-DST-A2-05,2024-05-18,4,2,2
PHC-DST-A2-05,2024-05-19,4,3,1
PHC-DST-A2-05,2024-05-20,4,4,0
PHC-DST-A2-05,2024-05-21,4,3,1
PHC-DST-A2-05,2024-05-22,4,4,0
PHC-DST-A2-05,2024-05-23,4,3,1
PHC-DST-A2-05,2024-05-24,4,4,0
PHC-DST-A2-05,2024-05-25,4,3,1
PHC-DST-A2-05,2024-05-26,4,2,2
PHC-DST-A2-05,2024-05-27,4,4,0
PHC-DST-A2-05,2024-05-28,4,4,0
PHC-DST-A2-05,2024-05-29,4,1,3
PHC-DST-A2-05,2024-05-30,4,3,1
PHC-DST-A2-05,2024-05-31,4,2,2
PHC-DST-A2-05,2024-06-01,4,4,0
PHC-DST-A2-05,2024-06-02,4,1,3
PHC-DST-A2-05,2024-06-03,4,4,0
PHC-DST-A2-05,2024-06-04,4,4,0
PHC-DST-A2-05,2024-06-05,4,2,2
PHC-DST-A2-05,2024-06-06,4,4,0
PHC-DST-A2-05,2024-06-07,4,4,0
PHC-DST-A2-05,2024-06-08,4,4,0
PHC-DST-A2-05,2024-06-09,4,2,2
PHC-DST-A2-05,2024-06-10,4,4,0
PHC-DST-A2-05,2024-06-11,4,2,2
PHC-DST-A2-05,2024-06-12,4,4,0
PHC-DST-A2-05,2024-06-13,4,4,0
PHC-DST-A2-05,2024-06-14,4,4,0
PHC-DST-A2-05,2024-06-15,4,4,0
PHC-DST-A2-05,2024-06-16,4,4,0
PHC-DST-A2-05,2024-06-17,4,4,0
PHC-DST-A2-05,2024-06-18,4,4,0
PHC-DST-A2-05,2024-06-19,4,4,0
PHC-DST-A2-05,2024-06-20,4,4,0
PHC-DST-A2-05,2024-06-21,4,4,0
PHC-DST-A2-05,2024-06-22,4,3,1
PHC-DST-A2-05,2024-06-23,4,4,0
PHC-DST-A2-05,2024-06-24,4,4,0
PHC-DST-A2-05,2024-06-25,4,3,1
PHC-DST-A2-05,2024-06-26,4,3,1
PHC-DST-A2-05,2024-06-27,4,4,0
PHC-DST-A2-05,2024-06-28,4,4,0
PHC-DST-A2-05,2024-06-29,4,2,2
PHC-DST-A2-05,2024-06-30,4,4,0
PHC-DST-A2-05,2024-07-01,4,4,0
PHC-DST-A2-05,2024-07-02,4,4,0
PHC-DST-A2-05,2024-07-03,4,3,1
PHC-DST-A2-05,2024-07-04,4,4,0
PHC-DST-A2-05,2024-07-05,4,4,0
PHC-DST-A2-05,2024-07-06,4,2,2
PHC-DST-A2-05,2024-07-07,4,4,0
PHC-DST-A2-05,2024-07-08,4,3,1
PHC-DST-A2-05,2024-07-09,4,4,0
PHC-DST-A2-05,2024-07-10,4,4,0
PHC-DST-A2-05,2024-07-11,4,2,2
PHC-DST-A2-05,2024-07-12,4,2,2
PHC-DST-A2-05,2024-07-13,4,3,1
PHC-DST-A2-05,2024-07-14,4,4,0
PHC-DST-A2-05,2024-07-15,4,3,1
PHC-DST-A2-05,2024-07-16,4,4,0
PHC-DST-A2-05,2024-07-17,4,4,0
PHC-DST-A2-05,2024-07-18,4,2,2
PHC-DST-A2-05,2024-07-19,4,4,0
PHC-DST-A2-05,2024-07-20,4,4,0
PHC-DST-A2-05,2024-07-21,4,4,0
PHC-DST-A2-05,2024-07-22,4,3,1
PHC-DST-A2-05,2024-07-23,4,4,0
PHC-DST-A2-05,2024-07-24,4,4,0
PHC-DST-A2-05,2024-07-25,4,4,0
PHC-DST-A2-05,2024-07-26,4,3,1
PHC-DST-A2-05,2024-07-27,4,2,2
PHC-DST-A2-05,2024-07-28,4,4,0
PHC-DST-A2-05,2024-07-29,4,4,0
PHC-DST-A2-05,2024-07-30,4,3,1
PHC-DST-A2-05,2024-07-31,4,4,0
PHC-DST-A2-05,2024-08-01,4,4,0
PHC-DST-A2-05,2024-08-02,4,3,1
PHC-DST-A2-05,2024-08-03,4,4,0
PHC-DST-A2-05,2024-08-04,4,4,0
PHC-DST-A2-05,2024-08-05,4,2,2
PHC-DST-A2-05,2024-08-06,4,4,0
PHC-DST-A2-05,2024-08-07,4,4,0
PHC-DST-A2-05,2024-08-08,4,4,0
PHC-DST-A2-05,2024-08-09,4,4,0
PHC-DST-A2-05,2024-08-10,4,4,0
PHC-DST-A2-05,2024-08-11,4,1,3
PHC-DST-A2-05,2024-08-12,4,4,0
PHC-DST-A2-05,2024-08-13,4,4,0
PHC-DST-A2-05,2024-08-14,4,4,0
PHC-DST-A2-05,2024-08-15,4,3,1
PHC-DST-A2-05,2024-08-16,4,4,0
PHC-DST-A2-05,2024-08-17,4,4,0
PHC-DST-A2-05,2024-08-18,4,4,0
PHC-DST-A2-05,2024-08-19,4,4,0
PHC-DST-A2-05,2024-08-20,4,4,0
PHC-DST-A2-05,2024-08-21,4,4,0
PHC-DST-A2-05,2024-08-22,4,4,0
PHC-DST-A2-05,2024-08-23,4,4,0
PHC-DST-A2-05,2024-08-24,4,4,0
PHC-DST-A2-05,2024-08-25,4,4,0
PHC-DST-A2-05,2024-08-26,4,4,0
PHC-DST-A2-05,2024-08-27,4,2,2
PHC-DST-A2-05,2024-08-28,4,4,0
PHC-DST-A2-05,2024-08-29,4,1,3
PHC-DST-A2-05,2024-08-30,4,4,0
PHC-DST-A2-05,2024-08-31,4,4,0
PHC-DST-A2-05,2024-09-01,4,4,0
PHC-DST-A2-05,2024-09-02,4,4,0
PHC-DST-A2-05,2024-09-03,4,4,0
PHC-DST-A2-05,2024-09-04,4,4,0
PHC-DST-A2-05,2024-09-05,4,4,0
PHC-DST-A2-05,2024-09-06,4,4,0
PHC-DST-A2-05,2024-09-07,4,3,1
PHC-DST-A2-05,2024-09-08,4,4,0
PHC-DST-A2-05,2024-09-09,4,4,0
PHC-DST-A2-05,2024-09-10,4,4,0
PHC-DST-A2-05,2024-09-11,4,4,0
PHC-DST-A2-05,2024-09-12,4,4,0
PHC-DST-A2-05,2024-09-13,4,4,0
PHC-DST-A2-05,2024-09-14,4,4,0
PHC-DST-A2-05,2024-09-15,4,4,0
PHC-DST-A2-05,2024-09-16,4,4,0
PHC-DST-A2-05,2024-09-17,4,3,1
PHC-DST-A2-05,2024-09-18,4,4,0
PHC-DST-A2-05,2024-09-19,4,2,2
PHC-DST-A2-05,2024-09-20,4,3,1
PHC-DST-A2-05,2024-09-21,4,2,2
PHC-DST-A2-05,2024-09-22,4,4,0
PHC-DST-A2-05,2024-09-23,4,4,0
PHC-DST-A2-05,2024-09-24,4,2,2
PHC-DST-A2-05,2024-09-25,4,4,0
PHC-DST-A2-05,2024-09-26,4,4,0
PHC-DST-A2-05,2024-09-27,4,4,0
PHC-DST-A2-05,2024-09-28,4,4,0
PHC-DST-A2-05,2024-09-29,4,4,0
PHC-DST-A2-05,2024-09-30,4,3,1
PHC-DST-A2-05,2024-10-01,4,4,0
PHC-DST-A2-05,2024-10-02,4,4,0
PHC-DST-A2-05,2024-10-03,4,3,1
PHC-DST-A2-05,2024-10-04,4,2,2
PHC-DST-A2-05,2024-10-05,4,4,0
PHC-DST-A2-05,2024-10-06,4,4,0
PHC-DST-A2-05,2024-10-07,4,4,0
PHC-DST-A2-05,2024-10-08,4,4,0
PHC-DST-A2-05,2024-10-09,4,4,0
PHC-DST-A2-05,2024-10-10,4,4,0
PHC-DST-A2-05,2024-10-11,4,4,0
PHC-DST-A2-05,2024-10-12,4,4,0
PHC-DST-A2-05,2024-10-13,4,4,0
PHC-DST-A2-05,2024-10-14,4,4,0
PHC-DST-A2-05,2024-10-15,4,4,0
PHC-DST-A2-05,2024-10-16,4,4,0
PHC-DST-A2-05,2024-10-17,4,3,1
PHC-DST-A2-05,2024-10-18,4,2,2
PHC-DST-A2-05,2024-10-19,4,2,2
PHC-DST-A2-05,2024-10-20,4,2,2
PHC-DST-A2-05,2024-10-21,4,4,0
PHC-DST-A2-05,2024-10-22,4,3,1
PHC-DST-A2-05,2024-10-23,4,4,0
PHC-DST-A2-05,2024-10-24,4,4,0
PHC-DST-A2-05,2024-10-25,4,4,0
PHC-DST-A2-05,2024-10-26,4,2,2
PHC-DST-A2-05,2024-10-27,4,2,2
PHC-DST-A2-05,2024-10-28,4,3,1
PHC-DST-A2-05,2024-10-29,4,4,0
PHC-DST-A2-05,2024-10-30,4,4,0
PHC-DST-A2-05,2024-10-31,4,3,1
PHC-DST-A2-05,2024-11-01,4,4,0
PHC-DST-A2-05,2024-11-02,4,2,2
PHC-DST-A2-05,2024-11-03,4,4,0
PHC-DST-A2-05,2024-11-04,4,1,3
PHC-DST-A2-05,2024-11-05,4,4,0
PHC-DST-A2-05,2024-11-06,4,2,2
PHC-DST-A2-05,2024-11-07,4,4,0
PHC-DST-A2-05,2024-11-08,4,4,0
PHC-DST-A2-05,2024-11-09,4,2,2
PHC-DST-A2-05,2024-11-10,4,3,1
PHC-DST-A2-05,2024-11-11,4,4,0
PHC-DST-A2-05,2024-11-12,4,4,0
PHC-DST-A2-05,2024-11-13,4,4,0
PHC-DST-A2-05,2024-11-14,4,3,1
PHC-DST-A2-05,2024-11-15,4,4,0
PHC-DST-A2-05,2024-11-16,4,4,0
PHC-DST-A2-05,2024-11-17,4,2,2
PHC-DST-A2-05,2024-11-18,4,2,2
PHC-DST-A2-05,2024-11-19,4,1,3
PHC-DST-A2-05,2024-11-20,4,4,0
PHC-DST-A2-05,2024-11-21,4,4,0
PHC-DST-A2-05,2024-11-22,4,4,0
PHC-DST-A2-05,2024-11-23,4,4,0
PHC-DST-A2-05,2024-11-24,4,4,0
PHC-DST-A2-05,2024-11-25,4,3,1
PHC-DST-A2-05,2024-11-26,4,4,0
PHC-DST-A2-05,2024-11-27,4,3,1
PHC-DST-A2-05,2024-11-28,4,4,0
PHC-DST-A2-05,2024-11-29,4,4,0
PHC-DST-A2-05,2024-11-30,4,4,0
PHC-DST-A2-05,2024-12-01,4,2,2
PHC-DST-A2-05,2024-12-02,4,2,2
PHC-DST-A2-05,2024-12-03,4,4,0
PHC-DST-A2-05,2024-12-04,4,1,3
PHC-DST-A2-05,2024-12-05,4,4,0
PHC-DST-A2-05,2024-12-06,4,3,1
PHC-DST-A2-05,2024-12-07,4,3,1
PHC-DST-A2-05,2024-12-08,4,4,0
PHC-DST-A2-05,2024-12-09,4,4,0
PHC-DST-A2-05,2024-12-10,4,4,0
PHC-DST-A2-05,2024-12-11,4,1,3
PHC-DST-A2-05,2024-12-12,4,4,0
PHC-DST-A2-05,2024-12-13,4,4,0
PHC-DST-A2-05,2024-12-14,4,4,0
PHC-DST-A2-05,2024-12-15,4,4,0
PHC-DST-A2-05,2024-12-16,4,2,2
PHC-DST-A2-05,2024-12-17,4,3,1
PHC-DST-A2-05,2024-12-18,4,4,0
PHC-DST-A2-05,2024-12-19,4,4,0
PHC-DST-A2-05,2024-12-20,4,4,0
PHC-DST-A2-05,2024-12-21,4,4,0
PHC-DST-A2-05,2024-12-22,4,4,0
PHC-DST-A2-05,2024-12-23,4,3,1
PHC-DST-A2-05,2024-12-24,4,4,0
PHC-DST-A2-05,2024-12-25,4,2,2
PHC-DST-A2-05,2024-12-26,4,3,1
PHC-DST-A2-05,2024-12-27,4,4,0
PHC-DST-A2-05,2024-12-28,4,2,2
PHC-DST-A2-05,2024-12-29,4,4,0
PHC-DST-A2-05,2024-12-30,4,3,1
PHC-DST-A2-05,2024-12-31,4,2,2
PHC-DST-A2-05,2025-01-01,4,4,0
PHC-DST-A2-05,2025-01-02,4,4,0
PHC-DST-A2-05,2025-01-03,4,4,0
PHC-DST-A2-05,2025-01-04,4,3,1
PHC-DST-A2-05,2025-01-05,4,3,1
PHC-DST-A2-05,2025-01-06,4,4,0
PHC-DST-A2-05,2025-01-07,4,4,0
PHC-DST-A2-05,2025-01-08,4,3,1
PHC-DST-A2-05,2025-01-09,4,4,0
PHC-DST-A2-05,2025-01-10,4,2,2
PHC-DST-A2-05,2025-01-11,4,4,0
PHC-DST-A2-05,2025-01-12,4,4,0
PHC-DST-A2-05,2025-01-13,4,4,0
PHC-DST-A2-05,2025-01-14,4,4,0
PHC-DST-A2-05,2025-01-15,4,4,0
PHC-DST-A2-05,2025-01-16,4,4,0
PHC-DST-A2-05,2025-01-17,4,4,0
PHC-DST-A2-05,2025-01-18,4,4,0
PHC-DST-A2-05,2025-01-19,4,4,0
PHC-DST-A2-05,2025-01-20,4,4,0
PHC-DST-A2-05,2025-01-21,4,4,0
PHC-DST-A2-05,2025-01-22,4,4,0
PHC-DST-A2-05,2025-01-23,4,3,1
PHC-DST-A2-05,2025-01-24,4,3,1
PHC-DST-A2-05,2025-01-25,4,4,0
PHC-DST-A2-05,2025-01-26,4,4,0
PHC-DST-A2-05,2025-01-27,4,4,0
PHC-DST-A2-05,2025-01-28,4,4,0
PHC-DST-A2-05,2025-01-29,4,0,4
PHC-DST-A2-05,2025-01-30,4,4,0
PHC-DST-A2-05,2025-01-31,4,4,0
PHC-DST-A2-05,2025-02-01,4,2,2
PHC-DST-A2-05,2025-02-02,4,4,0
PHC-DST-A2-05,2025-02-03,4,3,1
PHC-DST-A2-05,2025-02-04,4,4,0
PHC-DST-A2-05,2025-02-05,4,4,0
PHC-DST-A2-05,2025-02-06,4,4,0
PHC-DST-A2-05,2025-02-07,4,4,0
PHC-DST-A2-05,2025-02-08,4,4,0
PHC-DST-A2-05,2025-02-09,4,2,2
PHC-DST-A2-05,2025-02-10,4,4,0
PHC-DST-A2-05,2025-02-11,4,4,0
PHC-DST-A2-05,2025-02-12,4,0,4
PHC-DST-A2-05,2025-02-13,4,4,0
PHC-DST-A2-05,2025-02-14,4,4,0
PHC-DST-A2-05,2025-02-15,4,4,0
PHC-DST-A2-05,2025-02-16,4,4,0
PHC-DST-A2-05,2025-02-17,4,4,0
PHC-DST-A2-05,2025-02-18,4,2,2
PHC-DST-A2-05,2025-02-19,4,4,0
PHC-DST-A2-05,2025-02-20,4,4,0
PHC-DST-A2-05,2025-02-21,4,4,0
PHC-DST-A2-05,2025-02-22,4,4,0
PHC-DST-A2-05,2025-02-23,4,4,0
PHC-DST-A2-05,2025-02-24,4,4,0
PHC-DST-A2-05,2025-02-25,4,4,0
PHC-DST-A2-05,2025-02-26,4,3,1
PHC-DST-A2-05,2025-02-27,4,3,1
PHC-DST-A2-05,2025-02-28,4,4,0
PHC-DST-A2-05,2025-03-01,4,3,1
PHC-DST-A2-05,2025-03-02,4,4,0
PHC-DST-A2-05,2025-03-03,4,2,2
PHC-DST-A2-05,2025-03-04,4,4,0
PHC-DST-A2-05,2025-03-05,4,1,3
PHC-DST-A2-05,2025-03-06,4,4,0
PHC-DST-A2-05,2025-03-07,4,4,0
PHC-DST-A2-05,2025-03-08,4,4,0
PHC-DST-A2-05,2025-03-09,4,4,0
PHC-DST-A2-05,2025-03-10,4,4,0
PHC-DST-A2-05,2025-03-11,4,3,1
PHC-DST-A2-05,2025-03-12,4,4,0
PHC-DST-A2-05,2025-03-13,4,4,0
PHC-DST-A2-05,2025-03-14,4,4,0
PHC-DST-A2-05,2025-03-15,4,2,2
PHC-DST-A2-05,2025-03-16,4,4,0
PHC-DST-A2-05,2025-03-17,4,4,0
PHC-DST-A2-05,2025-03-18,4,4,0
PHC-DST-A2-05,2025-03-19,4,4,0
PHC-DST-A2-05,2025-03-20,4,3,1
PHC-DST-A2-05,2025-03-21,4,4,0
PHC-DST-A2-05,2025-03-22,4,2,2
PHC-DST-A2-05,2025-03-23,4,3,1
PHC-DST-A2-05,2025-03-24,4,4,0
PHC-DST-A2-05,2025-03-25,4,4,0
PHC-DST-A2-05,2025-03-26,4,3,1
PHC-DST-A2-05,2025-03-27,4,2,2
PHC-DST-A2-05,2025-03-28,4,4,0
PHC-DST-A2-05,2025-03-29,4,2,2
PHC-DST-A2-05,2025-03-30,4,4,0
PHC-DST-A2-05,2025-03-31,4,2,2
PHC-DST-A2-05,2025-04-01,4,3,1
PHC-DST-A2-05,2025-04-02,4,4,0
PHC-DST-A2-05,2025-04-03,4,4,0
PHC-DST-A2-05,2025-04-04,4,4,0
PHC-DST-A2-05,2025-04-05,4,4,0
PHC-DST-A2-05,2025-04-06,4,4,0
PHC-DST-A2-05,2025-04-07,4,4,0
PHC-DST-A2-05,2025-04-08,4,4,0
PHC-DST-A2-05,2025-04-09,4,4,0
PHC-DST-A2-05,2025-04-10,4,4,0
PHC-DST-A2-05,2025-04-11,4,3,1
PHC-DST-A2-05,2025-04-12,4,4,0
PHC-DST-A2-05,2025-04-13,4,4,0
PHC-DST-A2-05,2025-04-14,4,2,2
PHC-DST-A2-05,2025-04-15,4,4,0
PHC-DST-A2-05,2025-04-16,4,4,0
PHC-DST-A2-05,2025-04-17,4,2,2
PHC-DST-A2-05,2025-04-18,4,3,1
PHC-DST-A2-05,2025-04-19,4,4,0
PHC-DST-A2-05,2025-04-20,4,4,0
PHC-DST-A2-05,2025-04-21,4,3,1
PHC-DST-A2-05,2025-04-22,4,4,0
PHC-DST-A2-05,2025-04-23,4,3,1
PHC-DST-A2-05,2025-04-24,4,4,0
PHC-DST-A2-05,2025-04-25,4,2,2
PHC-DST-A2-05,2025-04-26,4,4,0
PHC-DST-A2-05,2025-04-27,4,4,0
PHC-DST-A2-05,2025-04-28,4,2,2
PHC-DST-A2-05,2025-04-29,4,3,1
PHC-DST-A2-05,2025-04-30,4,4,0
PHC-DST-A2-05,2025-05-01,4,2,2
PHC-DST-A2-05,2025-05-02,4,4,0
PHC-DST-A2-05,2025-05-03,4,4,0
PHC-DST-A2-05,2025-05-04,4,4,0
PHC-DST-A2-05,2025-05-05,4,3,1
PHC-DST-A2-05,2025-05-06,4,2,2
PHC-DST-A2-05,2025-05-07,4,4,0
PHC-DST-A2-05,2025-05-08,4,3,1
PHC-DST-A2-05,2025-05-09,4,4,0
PHC-DST-A2-05,2025-05-10,4,2,2
PHC-DST-A2-05,2025-05-11,4,4,0
PHC-DST-A2-05,2025-05-12,4,1,3
PHC-DST-A2-05,2025-05-13,4,2,2
PHC-DST-A2-05,2025-05-14,4,3,1
PHC-DST-A2-05,2025-05-15,4,4,0
PHC-DST-A2-05,2025-05-16,4,4,0
PHC-DST-A2-05,2025-05-17,4,4,0
PHC-DST-A2-05,2025-05-18,4,3,1
PHC-DST-A2-05,2025-05-19,4,1,3
PHC-DST-A2-05,2025-05-20,4,3,1
PHC-DST-A2-05,2025-05-21,4,0,4
PHC-DST-A2-05,2025-05-22,4,4,0
PHC-DST-A2-05,2025-05-23,4,4,0
PHC-DST-A2-05,2025-05-24,4,2,2
PHC-DST-A2-05,2025-05-25,4,3,1
PHC-DST-A2-05,2025-05-26,4,4,0
PHC-DST-A2-05,2025-05-27,4,4,0
PHC-DST-A2-05,2025-05-28,4,4,0
PHC-DST-A2-05,2025-05-29,4,4,0
PHC-DST-A2-05,2025-05-30,4,3,1
PHC-DST-A2-05,2025-05-31,4,4,0
PHC-DST-A2-05,2025-06-01,4,4,0
PHC-DST-A2-05,2025-06-02,4,4,0
PHC-DST-A2-05,2025-06-03,4,4,0
PHC-DST-A2-05,2025-06-04,4,2,2
PHC-DST-A2-05,2025-06-05,4,4,0
PHC-DST-A2-05,2025-06-06,4,3,1
PHC-DST-A2-05,2025-06-07,4,4,0
PHC-DST-A2-05,2025-06-08,4,4,0
PHC-DST-A2-05,2025-06-09,4,4,0
PHC-DST-A2-05,2025-06-10,4,4,0
PHC-DST-A2-05,2025-06-11,4,4,0
PHC-DST-A2-05,2025-06-12,4,4,0
PHC-DST-A2-05,2025-06-13,4,2,2
PHC-DST-A2-05,2025-06-14,4,4,0
PHC-DST-A2-05,2025-06-15,4,3,1
PHC-DST-A2-05,2025-06-16,4,4,0
PHC-DST-A2-05,2025-06-17,4,4,0
PHC-DST-A2-05,2025-06-18,4,4,0
PHC-DST-A2-05,2025-06-19,4,1,3
PHC-DST-A2-05,2025-06-20,4,2,2
PHC-DST-A2-05,2025-06-21,4,4,0
PHC-DST-A2-05,2025-06-22,4,2,2
PHC-DST-A2-05,2025-06-23,4,2,2
PHC-DST-A2-05,2025-06-24,4,4,0
PHC-DST-A2-05,2025-06-25,4,3,1
PHC-DST-A2-05,2025-06-26,4,1,3
PHC-DST-A2-05,2025-06-27,4,4,0
PHC-DST-A2-05,2025-06-28,4,3,1
PHC-DST-A2-05,2025-06-29,4,4,0
PHC-DST-A2-05,2025-06-30,4,4,0
PHC-DST-A2-06,2024-01-01,6,2,4
PHC-DST-A2-06,2024-01-02,6,2,4
PHC-DST-A2-06,2024-01-03,6,6,0
PHC-DST-A2-06,2024-01-04,6,2,4
PHC-DST-A2-06,2024-01-05,6,2,4
PHC-DST-A2-06,2024-01-06,6,5,1
PHC-DST-A2-06,2024-01-07,6,6,0
PHC-DST-A2-06,2024-01-08,6,6,0
PHC-DST-A2-06,2024-01-09,6,1,5
PHC-DST-A2-06,2024-01-10,6,4,2
PHC-DST-A2-06,2024-01-11,6,1,5
PHC-DST-A2-06,2024-01-12,6,1,5
PHC-DST-A2-06,2024-01-13,6,5,1
PHC-DST-A2-06,2024-01-14,6,4,2
PHC-DST-A2-06,2024-01-15,6,3,3
PHC-DST-A2-06,2024-01-16,6,5,1
PHC-DST-A2-06,2024-01-17,6,4,2
PHC-DST-A2-06,2024-01-18,6,0,6
PHC-DST-A2-06,2024-01-19,6,5,1
PHC-DST-A2-06,2024-01-20,6,2,4
PHC-DST-A2-06,2024-01-21,6,2,4
PHC-DST-A2-06,2024-01-22,6,3,3
PHC-DST-A2-06,2024-01-23,6,2,4
PHC-DST-A2-06,2024-01-24,6,2,4
PHC-DST-A2-06,2024-01-25,6,2,4
PHC-DST-A2-06,2024-01-26,6,3,3
PHC-DST-A2-06,2024-01-27,6,4,2
PHC-DST-A2-06,2024-01-28,6,2,4
PHC-DST-A2-06,2024-01-29,6,3,3
PHC-DST-A2-06,2024-01-30,6,6,0
PHC-DST-A2-06,2024-01-31,6,3,3
PHC-DST-A2-06,2024-02-01,6,4,2
PHC-DST-A2-06,2024-02-02,6,5,1
PHC-DST-A2-06,2024-02-03,6,2,4
PHC-DST-A2-06,2024-02-04,6,4,2
PHC-DST-A2-06,2024-02-05,6,0,6
PHC-DST-A2-06,2024-02-06,6,2,4
PHC-DST-A2-06,2024-02-07,6,6,0
PHC-DST-A2-06,2024-02-08,6,5,1
PHC-DST-A2-06,2024-02-09,6,2,4
PHC-DST-A2-06,2024-02-10,6,6,0
PHC-DST-A2-06,2024-02-11,6,2,4
PHC-DST-A2-06,2024-02-12,6,3,3
PHC-DST-A2-06,2024-02-13,6,3,3
PHC-DST-A2-06,2024-02-14,6,5,1
PHC-DST-A2-06,2024-02-15,6,5,1
PHC-DST-A2-06,2024-02-16,6,4,2
PHC-DST-A2-06,2024-02-17,6,3,3
PHC-DST-A2-06,2024-02-18,6,2,4
PHC-DST-A2-06,2024-02-19,6,2,4
PHC-DST-A2-06,2024-02-20,6,3,3
PHC-DST-A2-06,2024-02-21,6,4,2
PHC-DST-A2-06,2024-02-22,6,3,3
PHC-DST-A2-06,2024-02-23,6,4,2
PHC-DST-A2-06,2024-02-24,6,1,5
PHC-DST-A2-06,2024-02-25,6,2,4
PHC-DST-A2-06,2024-02-26,6,3,3
PHC-DST-A2-06,2024-02-27,6,4,2
PHC-DST-A2-06,2024-02-28,6,4,2
PHC-DST-A2-06,2024-02-29,6,3,3
PHC-DST-A2-06,2024-03-01,6,3,3
PHC-DST-A2-06,2024-03-02,6,2,4
PHC-DST-A2-06,2024-03-03,6,4,2
PHC-DST-A2-06,2024-03-04,6,3,3
PHC-DST-A2-06,2024-03-05,6,3,3
PHC-DST-A2-06,2024-03-06,6,6,0
PHC-DST-A2-06,2024-03-07,6,2,4
PHC-DST-A2-06,2024-03-08,6,3,3
PHC-DST-A2-06,2024-03-09,6,2,4
PHC-DST-A2-06,2024-03-10,6,3,3
PHC-DST-A2-06,2024-03-11,6,4,2
PHC-DST-A2-06,2024-03-12,6,4,2
PHC-DST-A2-06,2024-03-13,6,2,4
PHC-DST-A2-06,2024-03-14,6,5,1
PHC-DST-A2-06,2024-03-15,6,2,4
PHC-DST-A2-06,2024-03-16,6,3,3
PHC-DST-A2-06,2024-03-17,6,4,2
PHC-DST-A2-06,2024-03-18,6,3,3
PHC-DST-A2-06,2024-03-19,6,5,1
PHC-DST-A2-06,2024-03-20,6,4,2
PHC-DST-A2-06,2024-03-21,6,3,3
PHC-DST-A2-06,2024-03-22,6,1,5
PHC-DST-A2-06,2024-03-23,6,2,4
PHC-DST-A2-06,2024-03-24,6,4,2
PHC-DST-A2-06,2024-03-25,6,3,3
PHC-DST-A2-06,2024-03-26,6,3,3
PHC-DST-A2-06,2024-03-27,6,2,4
PHC-DST-A2-06,2024-03-28,6,3,3
PHC-DST-A2-06,2024-03-29,6,1,5
PHC-DST-A2-06,2024-03-30,6,3,3
PHC-DST-A2-06,2024-03-31,6,6,0
PHC-DST-A2-06,2024-04-01,6,2,4
PHC-DST-A2-06,2024-04-02,6,6,0
PHC-DST-A2-06,2024-04-03,6,3,3
PHC-DST-A2-06,2024-04-04,6,4,2
PHC-DST-A2-06,2024-04-05,6,2,4
PHC-DST-A2-06,2024-04-06,6,3,3
PHC-DST-A2-06,2024-04-07,6,6,0
PHC-DST-A2-06,2024-04-08,6,3,3
PHC-DST-A2-06,2024-04-09,6,3,3
PHC-DST-A2-06,2024-04-10,6,4,2
PHC-DST-A2-06,2024-04-11,6,4,2
PHC-DST-A2-06,2024-04-12,6,4,2
PHC-DST-A2-06,2024-04-13,6,5,1
PHC-DST-A2-06,2024-04-14,6,3,3
PHC-DST-A2-06,2024-04-15,6,2,4
PHC-DST-A2-06,2024-04-16,6,5,1
PHC-DST-A2-06,2024-04-17,6,5,1
PHC-DST-A2-06,2024-04-18,6,2,4
PHC-DST-A2-06,2024-04-19,6,2,4
PHC-DST-A2-06,2024-04-20,6,6,0
PHC-DST-A2-06,2024-04-21,6,3,3
PHC-DST-A2-06,2024-04-22,6,3,3
PHC-DST-A2-06,2024-04-23,6,5,1
PHC-DST-A2-06,2024-04-24,6,4,2
PHC-DST-A2-06,2024-04-25,6,0,6
PHC-DST-A2-06,2024-04-26,6,5,1
PHC-DST-A2-06,2024-04-27,6,3,3
PHC-DST-A2-06,2024-04-28,6,2,4
PHC-DST-A2-06,2024-04-29,6,2,4
PHC-DST-A2-06,2024-04-30,6,4,2
PHC-DST-A2-06,2024-05-01,6,6,0
PHC-DST-A2-06,2024-05-02,6,3,3
PHC-DST-A2-06,2024-05-03,6,2,4
PHC-DST-A2-06,2024-05-04,6,6,0
PHC-DST-A2-06,2024-05-05,6,3,3
PHC-DST-A2-06,2024-05-06,6,2,4
PHC-DST-A2-06,2024-05-07,6,3,3
PHC-DST-A2-06,2024-05-08,6,2,4
PHC-DST-A2-06,2024-05-09,6,6,0
PHC-DST-A2-06,2024-05-10,6,2,4
PHC-DST-A2-06,2024-05-11,6,2,4
PHC-DST-A2-06,2024-05-12,6,3,3
PHC-DST-A2-06,2024-05-13,6,1,5
PHC-DST-A2-06,2024-05-14,6,6,0
PHC-DST-A2-06,2024-05-15,6,2,4
PHC-DST-A2-06,2024-05-16,6,2,4
PHC-DST-A2-06,2024-05-17,6,3,3
PHC-DST-A2-06,2024-05-18,6,2,4
PHC-DST-A2-06,2024-05-19,6,5,1
PHC-DST-A2-06,2024-05-20,6,4,2
PHC-DST-A2-06,2024-05-21,6,6,0
PHC-DST-A2-06,2024-05-22,6,4,2
PHC-DST-A2-06,2024-05-23,6,3,3
PHC-DST-A2-06,2024-05-24,6,3,3
PHC-DST-A2-06,2024-05-25,6,2,4
PHC-DST-A2-06,2024-05-26,6,4,2
PHC-DST-A2-06,2024-05-27,6,2,4
PHC-DST-A2-06,2024-05-28,6,5,1
PHC-DST-A2-06,2024-05-29,6,2,4
PHC-DST-A2-06,2024-05-30,6,4,2
PHC-DST-A2-06,2024-05-31,6,5,1
PHC-DST-A2-06,2024-06-01,6,4,2
PHC-DST-A2-06,2024-06-02,6,4,2
PHC-DST-A2-06,2024-06-03,6,4,2
PHC-DST-A2-06,2024-06-04,6,5,1
PHC-DST-A2-06,2024-06-05,6,5,1
PHC-DST-A2-06,2024-06-06,6,6,0
PHC-DST-A2-06,2024-06-07,6,1,5
PHC-DST-A2-06,2024-06-08,6,5,1
PHC-DST-A2-06,2024-06-09,6,2,4
PHC-DST-A2-06,2024-06-10,6,4,2
PHC-DST-A2-06,2024-06-11,6,4,2
PHC-DST-A2-06,2024-06-12,6,3,3
PHC-DST-A2-06,2024-06-13,6,1,5
PHC-DST-A2-06,2024-06-14,6,2,4
PHC-DST-A2-06,2024-06-15,6,2,4
PHC-DST-A2-06,2024-06-16,6,2,4
PHC-DST-A2-06,2024-06-17,6,4,2
PHC-DST-A2-06,2024-06-18,6,2,4
PHC-DST-A2-06,2024-06-19,6,1,5
PHC-DST-A2-06,2024-06-20,6,3,3
PHC-DST-A2-06,2024-06-21,6,2,4
PHC-DST-A2-06,2024-06-22,6,6,0
PHC-DST-A2-06,2024-06-23,6,3,3
PHC-DST-A2-06,2024-06-24,6,5,1
PHC-DST-A2-06,2024-06-25,6,3,3
PHC-DST-A2-06,2024-06-26,6,2,4
PHC-DST-A2-06,2024-06-27,6,4,2
PHC-DST-A2-06,2024-06-28,6,5,1
PHC-DST-A2-06,2024-06-29,6,4,2
PHC-DST-A2-06,2024-06-30,6,4,2
PHC-DST-A2-06,2024-07-01,6,3,3
PHC-DST-A2-06,2024-07-02,6,3,3
PHC-DST-A2-06,2024-07-03,6,3,3
PHC-DST-A2-06,2024-07-04,6,4,2
PHC-DST-A2-06,2024-07-05,6,4,2
PHC-DST-A2-06,2024-07-06,6,2,4
PHC-DST-A2-06,2024-07-07,6,2,4
PHC-DST-A2-06,2024-07-08,6,5,1
PHC-DST-A2-06,2024-07-09,6,1,5
PHC-DST-A2-06,2024-07-10,6,1,5
PHC-DST-A2-06,2024-07-11,6,2,4
PHC-DST-A2-06,2024-07-12,6,1,5
PHC-DST-A2-06,2024-07-13,6,6,0
PHC-DST-A2-06,2024-07-14,6,5,1
PHC-DST-A2-06,2024-07-15,6,4,2
PHC-DST-A2-06,2024-07-16,6,3,3
PHC-DST-A2-06,2024-07-17,6,3,3
PHC-DST-A2-06,2024-07-18,6,1,5
PHC-DST-A2-06,2024-07-19,6,2,4
PHC-DST-A2-06,2024-07-20,6,5,1
PHC-DST-A2-06,2024-07-21,6,4,2
PHC-DST-A2-06,2024-07-22,6,2,4
PHC-DST-A2-06,2024-07-23,6,4,2
PHC-DST-A2-06,2024-07-24,6,3,3
PHC-DST-A2-06,2024-07-25,6,2,4
PHC-DST-A2-06,2024-07-26,6,2,4
PHC-DST-A2-06,2024-07-27,6,4,2
PHC-DST-A2-06,2024-07-28,6,5,1
PHC-DST-A2-06,2024-07-29,6,2,4
PHC-DST-A2-06,2024-07-30,6,5,1
PHC-DST-A2-06,2024-07-31,6,1,5
PHC-DST-A2-06,2024-08-01,6,2,4
PHC-DST-A2-06,2024-08-02,6,4,2
PHC-DST-A2-06,2024-08-03,6,6,0
PHC-DST-A2-06,2024-08-04,6,6,0
PHC-DST-A2-06,2024-08-05,6,6,0
PHC-DST-A2-06,2024-08-06,6,5,1
PHC-DST-A2-06,2024-08-07,6,4,2
PHC-DST-A2-06,2024-08-08,6,2,4
PHC-DST-A2-06,2024-08-09,6,5,1
PHC-DST-A2-06,2024-08-10,6,5,1
PHC-DST-A2-06,2024-08-11,6,3,3
PHC-DST-A2-06,2024-08-12,6,4,2
PHC-DST-A2-06,2024-08-13,6,5,1
PHC-DST-A2-06,2024-08-14,6,3,3
PHC-DST-A2-06,2024-08-15,6,1,5
PHC-DST-A2-06,2024-08-16,6,6,0
PHC-DST-A2-06,2024-08-17,6,4,2
PHC-DST-A2-06,2024-08-18,6,3,3
PHC-DST-A2-06,2024-08-19,6,3,3
PHC-DST-A2-06,2024-08-20,6,6,0
PHC-DST-A2-06,2024-08-21,6,4,2
PHC-DST-A2-06,2024-08-22,6,3,3
PHC-DST-A2-06,2024-08-23,6,5,1
PHC-DST-A2-06,2024-08-24,6,3,3
PHC-DST-A2-06,2024-08-25,6,2,4
PHC-DST-A2-06,2024-08-26,6,3,3
PHC-DST-A2-06,2024-08-27,6,6,0
PHC-DST-A2-06,2024-08-28,6,3,3
PHC-DST-A2-06,2024-08-29,6,2,4
PHC-DST-A2-06,2024-08-30,6,5,1
PHC-DST-A2-06,2024-08-31,6,3,3
PHC-DST-A2-06,2024-09-01,6,6,0
PHC-DST-A2-06,2024-09-02,6,5,1
PHC-DST-A2-06,2024-09-03,6,4,2
PHC-DST-A2-06,2024-09-04,6,4,2
PHC-DST-A2-06,2024-09-05,6,4,2
PHC-DST-A2-06,2024-09-06,6,5,1
PHC-DST-A2-06,2024-09-07,6,2,4
PHC-DST-A2-06,2024-09-08,6,4,2
PHC-DST-A2-06,2024-09-09,6,2,4
PHC-DST-A2-06,2024-09-10,6,4,2
PHC-DST-A2-06,2024-09-11,6,5,1
PHC-DST-A2-06,2024-09-12,6,3,3
PHC-DST-A2-06,2024-09-13,6,5,1
PHC-DST-A2-06,2024-09-14,6,4,2
PHC-DST-A2-06,2024-09-15,6,6,0
PHC-DST-A2-06,2024-09-16,6,6,0
PHC-DST-A2-06,2024-09-17,6,1,5
PHC-DST-A2-06,2024-09-18,6,3,3
PHC-DST-A2-06,2024-09-19,6,2,4
PHC-DST-A2-06,2024-09-20,6,1,5
PHC-DST-A2-06,2024-09-21,6,4,2
PHC-DST-A2-06,2024-09-22,6,5,1
PHC-DST-A2-06,2024-09-23,6,6,0
PHC-DST-A2-06,2024-09-24,6,1,5
PHC-DST-A2-06,2024-09-25,6,3,3
PHC-DST-A2-06,2024-09-26,6,3,3
PHC-DST-A2-06,2024-09-27,6,4,2
PHC-DST-A2-06,2024-09-28,6,6,0
PHC-DST-A2-06,2024-09-29,6,6,0
PHC-DST-A2-06,2024-09-30,6,6,0
PHC-DST-A2-06,2024-10-01,6,3,3
PHC-DST-A2-06,2024-10-02,6,2,4
PHC-DST-A2-06,2024-10-03,6,2,4
PHC-DST-A2-06,2024-10-04,6,4,2
PHC-DST-A2-06,2024-10-05,6,2,4
PHC-DST-A2-06,2024-10-06,6,2,4
PHC-DST-A2-06,2024-10-07,6,5,1
PHC-DST-A2-06,2024-10-08,6,1,5
PHC-DST-A2-06,2024-10-09,6,2,4
PHC-DST-A2-06,2024-10-10,6,2,4
PHC-DST-A2-06,2024-10-11,6,3,3
PHC-DST-A2-06,2024-10-12,6,6,0
PHC-DST-A2-06,2024-10-13,6,3,3
PHC-DST-A2-06,2024-10-14,6,3,3
PHC-DST-A2-06,2024-10-15,6,3,3
PHC-DST-A2-06,2024-10-16,6,2,4
PHC-DST-A2-06,2024-10-17,6,1,5
PHC-DST-A2-06,2024-10-18,6,2,4
PHC-DST-A2-06,2024-10-19,6,5,1
PHC-DST-A2-06,2024-10-20,6,2,4
PHC-DST-A2-06,2024-10-21,6,3,3
PHC-DST-A2-06,2024-10-22,6,3,3
PHC-DST-A2-06,2024-10-23,6,5,1
PHC-DST-A2-06,2024-10-24,6,4,2
PHC-DST-A2-06,2024-10-25,6,1,5
PHC-DST-A2-06,2024-10-26,6,3,3
PHC-DST-A2-06,2024-10-27,6,3,3
PHC-DST-A2-06,2024-10-28,6,3,3
PHC-DST-A2-06,2024-10-29,6,2,4
PHC-DST-A2-06,2024-10-30,6,2,4
PHC-DST-A2-06,2024-10-31,6,4,2
PHC-DST-A2-06,2024-11-01,6,4,2
PHC-DST-A2-06,2024-11-02,6,2,4
PHC-DST-A2-06,2024-11-03,6,5,1
PHC-DST-A2-06,2024-11-04,6,6,0
PHC-DST-A2-06,2024-11-05,6,6,0
PHC-DST-A2-06,2024-11-06,6,1,5
PHC-DST-A2-06,2024-11-07,6,3,3
PHC-DST-A2-06,2024-11-08,6,4,2
PHC-DST-A2-06,2024-11-09,6,2,4
PHC-DST-A2-06,2024-11-10,6,3,3
PHC-DST-A2-06,2024-11-11,6,4,2
PHC-DST-A2-06,2024-11-12,6,6,0
PHC-DST-A2-06,2024-11-13,6,3,3
PHC-DST-A2-06,2024-11-14,6,3,3
PHC-DST-A2-06,2024-11-15,6,1,5
PHC-DST-A2-06,2024-11-16,6,4,2
PHC-DST-A2-06,2024-11-17,6,5,1
PHC-DST-A2-06,2024-11-18,6,4,2
PHC-DST-A2-06,2024-11-19,6,2,4
PHC-DST-A2-06,2024-11-20,6,6,0
PHC-DST-A2-06,2024-11-21,6,2,4
PHC-DST-A2-06,2024-11-22,6,6,0
PHC-DST-A2-06,2024-11-23,6,3,3
PHC-DST-A2-06,2024-11-24,6,1,5
PHC-DST-A2-06,2024-11-25,6,3,3
PHC-DST-A2-06,2024-11-26,6,2,4
PHC-DST-A2-06,2024-11-27,6,3,3
PHC-DST-A2-06,2024-11-28,6,2,4
PHC-DST-A2-06,2024-11-29,6,5,1
PHC-DST-A2-06,2024-11-30,6,5,1
PHC-DST-A2-06,2024-12-01,6,0,6
PHC-DST-A2-06,2024-12-02,6,3,3
PHC-DST-A2-06,2024-12-03,6,3,3
PHC-DST-A2-06,2024-12-04,6,3,3
PHC-DST-A2-06,2024-12-05,6,3,3
PHC-DST-A2-06,2024-12-06,6,2,4
PHC-DST-A2-06,2024-12-07,6,3,3
PHC-DST-A2-06,2024-12-08,6,2,4
PHC-DST-A2-06,2024-12-09,6,4,2
PHC-DST-A2-06,2024-12-10,6,2,4
PHC-DST-A2-06,2024-12-11,6,1,5
PHC-DST-A2-06,2024-12-12,6,3,3
PHC-DST-A2-06,2024-12-13,6,2,4
PHC-DST-A2-06,2024-12-14,6,2,4
PHC-DST-A2-06,2024-12-15,6,6,0
PHC-DST-A2-06,2024-12-16,6,1,5
PHC-DST-A2-06,2024-12-17,6,2,4
PHC-DST-A2-06,2024-12-18,6,6,0
PHC-DST-A2-06,2024-12-19,6,1,5
PHC-DST-A2-06,2024-12-20,6,2,4
PHC-DST-A2-06,2024-12-21,6,5,1
PHC-DST-A2-06,2024-12-22,6,2,4
PHC-DST-A2-06,2024-12-23,6,3,3
PHC-DST-A2-06,2024-12-24,6,2,4
PHC-DST-A2-06,2024-12-25,6,2,4
PHC-DST-A2-06,2024-12-26,6,3,3
PHC-DST-A2-06,2024-12-27,6,2,4
PHC-DST-A2-06,2024-12-28,6,3,3
PHC-DST-A2-06,2024-12-29,6,4,2
PHC-DST-A2-06,2024-12-30,6,4,2
PHC-DST-A2-06,2024-12-31,6,3,3
PHC-DST-A2-06,2025-01-01,6,2,4
PHC-DST-A2-06,2025-01-02,6,4,2
PHC-DST-A2-06,2025-01-03,6,3,3
PHC-DST-A2-06,2025-01-04,6,4,2
PHC-DST-A2-06,2025-01-05,6,4,2
PHC-DST-A2-06,2025-01-06,6,5,1
PHC-DST-A2-06,2025-01-07,6,3,3
PHC-DST-A2-06,2025-01-08,6,3,3
PHC-DST-A2-06,2025-01-09,6,6,0
PHC-DST-A2-06,2025-01-10,6,0,6
PHC-DST-A2-06,2025-01-11,6,5,1
PHC-DST-A2-06,2025-01-12,6,2,4
PHC-DST-A2-06,2025-01-13,6,4,2
PHC-DST-A2-06,2025-01-14,6,2,4
PHC-DST-A2-06,2025-01-15,6,1,5
PHC-DST-A2-06,2025-01-16,6,2,4
PHC-DST-A2-06,2025-01-17,6,2,4
PHC-DST-A2-06,2025-01-18,6,5,1
PHC-DST-A2-06,2025-01-19,6,6,0
PHC-DST-A2-06,2025-01-20,6,2,4
PHC-DST-A2-06,2025-01-21,6,6,0
PHC-DST-A2-06,2025-01-22,6,5,1
PHC-DST-A2-06,2025-01-23,6,5,1
PHC-DST-A2-06,2025-01-24,6,1,5
PHC-DST-A2-06,2025-01-25,6,3,3
PHC-DST-A2-06,2025-01-26,6,6,0
PHC-DST-A2-06,2025-01-27,6,2,4
PHC-DST-A2-06,2025-01-28,6,3,3
PHC-DST-A2-06,2025-01-29,6,6,0
PHC-DST-A2-06,2025-01-30,6,3,3
PHC-DST-A2-06,2025-01-31,6,2,4
PHC-DST-A2-06,2025-02-01,6,1,5
PHC-DST-A2-06,2025-02-02,6,3,3
PHC-DST-A2-06,2025-02-03,6,4,2
PHC-DST-A2-06,2025-02-04,6,2,4
PHC-DST-A2-06,2025-02-05,6,4,2
PHC-DST-A2-06,2025-02-06,6,5,1
PHC-DST-A2-06,2025-02-07,6,2,4
PHC-DST-A2-06,2025-02-08,6,3,3
PHC-DST-A2-06,2025-02-09,6,3,3
PHC-DST-A2-06,2025-02-10,6,3,3
PHC-DST-A2-06,2025-02-11,6,5,1
PHC-DST-A2-06,2025-02-12,6,1,5
PHC-DST-A2-06,2025-02-13,6,3,3
PHC-DST-A2-06,2025-02-14,6,2,4
PHC-DST-A2-06,2025-02-15,6,3,3
PHC-DST-A2-06,2025-02-16,6,4,2
PHC-DST-A2-06,2025-02-17,6,2,4
PHC-DST-A2-06,2025-02-18,6,4,2
PHC-DST-A2-06,2025-02-19,6,3,3
PHC-DST-A2-06,2025-02-20,6,3,3
PHC-DST-A2-06,2025-02-21,6,2,4
PHC-DST-A2-06,2025-02-22,6,3,3
PHC-DST-A2-06,2025-02-23,6,3,3
PHC-DST-A2-06,2025-02-24,6,3,3
PHC-DST-A2-06,2025-02-25,6,2,4
PHC-DST-A2-06,2025-02-26,6,4,2
PHC-DST-A2-06,2025-02-27,6,3,3
PHC-DST-A2-06,2025-02-28,6,4,2
PHC-DST-A2-06,2025-03-01,6,2,4
PHC-DST-A2-06,2025-03-02,6,5,1
PHC-DST-A2-06,2025-03-03,6,4,2
PHC-DST-A2-06,2025-03-04,6,5,1
PHC-DST-A2-06,2025-03-05,6,1,5
PHC-DST-A2-06,2025-03-06,6,5,1
PHC-DST-A2-06,2025-03-07,6,3,3
PHC-DST-A2-06,2025-03-08,6,1,5
PHC-DST-A2-06,2025-03-09,6,2,4
PHC-DST-A2-06,2025-03-10,6,3,3
PHC-DST-A2-06,2025-03-11,6,3,3
PHC-DST-A2-06,2025-03-12,6,2,4
PHC-DST-A2-06,2025-03-13,6,5,1
PHC-DST-A2-06,2025-03-14,6,4,2
PHC-DST-A2-06,2025-03-15,6,2,4
PHC-DST-A2-06,2025-03-16,6,1,5
PHC-DST-A2-06,2025-03-17,6,4,2
PHC-DST-A2-06,2025-03-18,6,4,2
PHC-DST-A2-06,2025-03-19,6,4,2
PHC-DST-A2-06,2025-03-20,6,6,0
PHC-DST-A2-06,2025-03-21,6,3,3
PHC-DST-A2-06,2025-03-22,6,3,3
PHC-DST-A2-06,2025-03-23,6,2,4
PHC-DST-A2-06,2025-03-24,6,1,5
PHC-DST-A2-06,2025-03-25,6,4,2
PHC-DST-A2-06,2025-03-26,6,2,4
PHC-DST-A2-06,2025-03-27,6,5,1
PHC-DST-A2-06,2025-03-28,6,5,1
PHC-DST-A2-06,2025-03-29,6,2,4
PHC-DST-A2-06,2025-03-30,6,3,3
PHC-DST-A2-06,2025-03-31,6,3,3
PHC-DST-A2-06,2025-04-01,6,3,3
PHC-DST-A2-06,2025-04-02,6,4,2
PHC-DST-A2-06,2025-04-03,6,6,0
PHC-DST-A2-06,2025-04-04,6,1,5
PHC-DST-A2-06,2025-04-05,6,2,4
PHC-DST-A2-06,2025-04-06,6,2,4
PHC-DST-A2-06,2025-04-07,6,6,0
PHC-DST-A2-06,2025-04-08,6,4,2
PHC-DST-A2-06,2025-04-09,6,2,4
PHC-DST-A2-06,2025-04-10,6,2,4
PHC-DST-A2-06,2025-04-11,6,3,3
PHC-DST-A2-06,2025-04-12,6,2,4
PHC-DST-A2-06,2025-04-13,6,4,2
PHC-DST-A2-06,2025-04-14,6,1,5
PHC-DST-A2-06,2025-04-15,6,6,0
PHC-DST-A2-06,2025-04-16,6,2,4
PHC-DST-A2-06,2025-04-17,6,3,3
PHC-DST-A2-06,2025-04-18,6,3,3
PHC-DST-A2-06,2025-04-19,6,2,4
PHC-DST-A2-06,2025-04-20,6,4,2
PHC-DST-A2-06,2025-04-21,6,6,0
PHC-DST-A2-06,2025-04-22,6,3,3
PHC-DST-A2-06,2025-04-23,6,3,3
PHC-DST-A2-06,2025-04-24,6,2,4
PHC-DST-A2-06,2025-04-25,6,2,4
PHC-DST-A2-06,2025-04-26,6,2,4
PHC-DST-A2-06,2025-04-27,6,3,3
PHC-DST-A2-06,2025-04-28,6,4,2
PHC-DST-A2-06,2025-04-29,6,4,2
PHC-DST-A2-06,2025-04-30,6,3,3
PHC-DST-A2-06,2025-05-01,6,2,4
PHC-DST-A2-06,2025-05-02,6,3,3
PHC-DST-A2-06,2025-05-03,6,2,4
PHC-DST-A2-06,2025-05-04,6,4,2
PHC-DST-A2-06,2025-05-05,6,5,1
PHC-DST-A2-06,2025-05-06,6,2,4
PHC-DST-A2-06,2025-05-07,6,4,2
PHC-DST-A2-06,2025-05-08,6,6,0
PHC-DST-A2-06,2025-05-09,6,2,4
PHC-DST-A2-06,2025-05-10,6,1,5
PHC-DST-A2-06,2025-05-11,6,4,2
PHC-DST-A2-06,2025-05-12,6,6,0
PHC-DST-A2-06,2025-05-13,6,2,4
PHC-DST-A2-06,2025-05-14,6,3,3
PHC-DST-A2-06,2025-05-15,6,1,5
PHC-DST-A2-06,2025-05-16,6,2,4
PHC-DST-A2-06,2025-05-17,6,2,4
PHC-DST-A2-06,2025-05-18,6,2,4
PHC-DST-A2-06,2025-05-19,6,3,3
PHC-DST-A2-06,2025-05-20,6,5,1
PHC-DST-A2-06,2025-05-21,6,1,5
PHC-DST-A2-06,2025-05-22,6,5,1
PHC-DST-A2-06,2025-05-23,6,2,4
PHC-DST-A2-06,2025-05-24,6,3,3
PHC-DST-A2-06,2025-05-25,6,4,2
PHC-DST-A2-06,2025-05-26,6,4,2
PHC-DST-A2-06,2025-05-27,6,3,3
PHC-DST-A2-06,2025-05-28,6,3,3
PHC-DST-A2-06,2025-05-29,6,3,3
PHC-DST-A2-06,2025-05-30,6,4,2
PHC-DST-A2-06,2025-05-31,6,4,2
PHC-DST-A2-06,2025-06-01,6,6,0
PHC-DST-A2-06,2025-06-02,6,1,5
PHC-DST-A2-06,2025-06-03,6,0,6
PHC-DST-A2-06,2025-06-04,6,1,5
PHC-DST-A2-06,2025-06-05,6,2,4
PHC-DST-A2-06,2025-06-06,6,6,0
PHC-DST-A2-06,2025-06-07,6,4,2
PHC-DST-A2-06,2025-06-08,6,5,1
PHC-DST-A2-06,2025-06-09,6,3,3
PHC-DST-A2-06,2025-06-10,6,4,2
PHC-DST-A2-06,2025-06-11,6,4,2
PHC-DST-A2-06,2025-06-12,6,4,2
PHC-DST-A2-06,2025-06-13,6,3,3
PHC-DST-A2-06,2025-06-14,6,2,4
PHC-DST-A2-06,2025-06-15,6,1,5
PHC-DST-A2-06,2025-06-16,6,3,3
PHC-DST-A2-06,2025-06-17,6,2,4
PHC-DST-A2-06,2025-06-18,6,5,1
PHC-DST-A2-06,2025-06-19,6,5,1
PHC-DST-A2-06,2025-06-20,6,3,3
PHC-DST-A2-06,2025-06-21,6,3,3
PHC-DST-A2-06,2025-06-22,6,3,3
PHC-DST-A2-06,2025-06-23,6,4,2
PHC-DST-A2-06,2025-06-24,6,4,2
PHC-DST-A2-06,2025-06-25,6,5,1
PHC-DST-A2-06,2025-06-26,6,3,3
PHC-DST-A2-06,2025-06-27,6,6,0
PHC-DST-A2-06,2025-06-28,6,5,1
PHC-DST-A2-06,2025-06-29,6,6,0
PHC-DST-A2-06,2025-06-30,6,5,1
PHC-DST-B1-01,2024-07-01,6,3,3
PHC-DST-B1-01,2024-07-02,6,6,0
PHC-DST-B1-01,2024-07-03,6,6,0
PHC-DST-B1-01,2024-07-04,6,6,0
PHC-DST-B1-01,2024-07-05,6,6,0
PHC-DST-B1-01,2024-07-06,6,3,3
PHC-DST-B1-01,2024-07-07,6,4,2
PHC-DST-B1-01,2024-07-08,6,6,0
PHC-DST-B1-01,2024-07-09,6,6,0
PHC-DST-B1-01,2024-07-10,6,6,0
PHC-DST-B1-01,2024-07-11,6,6,0
PHC-DST-B1-01,2024-07-12,6,5,1
PHC-DST-B1-01,2024-07-13,6,5,1
PHC-DST-B1-01,2024-07-14,6,4,2
PHC-DST-B1-01,2024-07-15,6,5,1
PHC-DST-B1-01,2024-07-16,6,6,0
PHC-DST-B1-01,2024-07-17,6,6,0
PHC-DST-B1-01,2024-07-18,6,6,0
PHC-DST-B1-01,2024-07-19,6,6,0
PHC-DST-B1-01,2024-07-20,6,4,2
PHC-DST-B1-01,2024-07-21,6,5,1
PHC-DST-B1-01,2024-07-22,6,5,1
PHC-DST-B1-01,2024-07-23,6,6,0
PHC-DST-B1-01,2024-07-24,6,5,1
PHC-DST-B1-01,2024-07-25,6,4,2
PHC-DST-B1-01,2024-07-26,6,6,0
PHC-DST-B1-01,2024-07-27,6,5,1
PHC-DST-B1-01,2024-07-28,6,6,0
PHC-DST-B1-01,2024-07-29,6,6,0
PHC-DST-B1-01,2024-07-30,6,6,0
PHC-DST-B1-01,2024-07-31,6,6,0
PHC-DST-B1-01,2024-08-01,6,4,2
PHC-DST-B1-01,2024-08-02,6,6,0
PHC-DST-B1-01,2024-08-03,6,5,1
PHC-DST-B1-01,2024-08-04,6,6,0
PHC-DST-B1-01,2024-08-05,6,5,1
PHC-DST-B1-01,2024-08-06,6,6,0
PHC-DST-B1-01,2024-08-07,6,6,0
PHC-DST-B1-01,2024-08-08,6,6,0
PHC-DST-B1-01,2024-08-09,6,6,0
PHC-DST-B1-01,2024-08-10,6,5,1
PHC-DST-B1-01,2024-08-11,6,6,0
PHC-DST-B1-01,2024-08-12,6,6,0
PHC-DST-B1-01,2024-08-13,6,6,0
PHC-DST-B1-01,2024-08-14,6,3,3
PHC-DST-B1-01,2024-08-15,6,6,0
PHC-DST-B1-01,2024-08-16,6,6,0
PHC-DST-B1-01,2024-08-17,6,6,0
PHC-DST-B1-01,2024-08-18,6,2,4
PHC-DST-B1-01,2024-08-19,6,6,0
PHC-DST-B1-01,2024-08-20,6,5,1
PHC-DST-B1-01,2024-08-21,6,5,1
PHC-DST-B1-01,2024-08-22,6,2,4
PHC-DST-B1-01,2024-08-23,6,6,0
PHC-DST-B1-01,2024-08-24,6,6,0
PHC-DST-B1-01,2024-08-25,6,3,3
PHC-DST-B1-01,2024-08-26,6,6,0
PHC-DST-B1-01,2024-08-27,6,4,2
PHC-DST-B1-01,2024-08-28,6,6,0
PHC-DST-B1-01,2024-08-29,6,6,0
PHC-DST-B1-01,2024-08-30,6,6,0
PHC-DST-B1-01,2024-08-31,6,6,0
PHC-DST-B1-01,2024-09-01,6,5,1
PHC-DST-B1-01,2024-09-02,6,6,0
PHC-DST-B1-01,2024-09-03,6,5,1
PHC-DST-B1-01,2024-09-04,6,6,0
PHC-DST-B1-01,2024-09-05,6,4,2
PHC-DST-B1-01,2024-09-06,6,6,0
PHC-DST-B1-01,2024-09-07,6,5,1
PHC-DST-B1-01,2024-09-08,6,5,1
PHC-DST-B1-01,2024-09-09,6,4,2
PHC-DST-B1-01,2024-09-10,6,4,2
PHC-DST-B1-01,2024-09-11,6,6,0
PHC-DST-B1-01,2024-09-12,6,3,3
PHC-DST-B1-01,2024-09-13,6,3,3
PHC-DST-B1-01,2024-09-14,6,4,2
PHC-DST-B1-01,2024-09-15,6,5,1
PHC-DST-B1-01,2024-09-16,6,4,2
PHC-DST-B1-01,2024-09-17,6,6,0
PHC-DST-B1-01,2024-09-18,6,4,2
PHC-DST-B1-01,2024-09-19,6,3,3
PHC-DST-B1-01,2024-09-20,6,6,0
PHC-DST-B1-01,2024-09-21,6,6,0
PHC-DST-B1-01,2024-09-22,6,6,0
PHC-DST-B1-01,2024-09-23,6,6,0
PHC-DST-B1-01,2024-09-24,6,6,0
PHC-DST-B1-01,2024-09-25,6,4,2
PHC-DST-B1-01,2024-09-26,6,3,3
PHC-DST-B1-01,2024-09-27,6,3,3
PHC-DST-B1-01,2024-09-28,6,4,2
PHC-DST-B1-01,2024-09-29,6,5,1
PHC-DST-B1-01,2024-09-30,6,4,2
PHC-DST-B1-01,2024-10-01,6,6,0
PHC-DST-B1-01,2024-10-02,6,5,1
PHC-DST-B1-01,2024-10-03,6,6,0
PHC-DST-B1-01,2024-10-04,6,6,0
PHC-DST-B1-01,2024-10-05,6,4,2
PHC-DST-B1-01,2024-10-06,6,4,2
PHC-DST-B1-01,2024-10-07,6,6,0
PHC-DST-B1-01,2024-10-08,6,6,0
PHC-DST-B1-01,2024-10-09,6,4,2
PHC-DST-B1-01,2024-10-10,6,2,4
PHC-DST-B1-01,2024-10-11,6,4,2
PHC-DST-B1-01,2024-10-12,6,5,1
PHC-DST-B1-01,2024-10-13,6,5,1
PHC-DST-B1-01,2024-10-14,6,5,1
PHC-DST-B1-01,2024-10-15,6,3,3
PHC-DST-B1-01,2024-10-16,6,3,3
PHC-DST-B1-01,2024-10-17,6,6,0
PHC-DST-B1-01,2024-10-18,6,5,1
PHC-DST-B1-01,2024-10-19,6,6,0
PHC-DST-B1-01,2024-10-20,6,5,1
PHC-DST-B1-01,2024-10-21,6,6,0
PHC-DST-B1-01,2024-10-22,6,5,1
PHC-DST-B1-01,2024-10-23,6,4,2
PHC-DST-B1-01,2024-10-24,6,5,1
PHC-DST-B1-01,2024-10-25,6,6,0
PHC-DST-B1-01,2024-10-26,6,6,0
PHC-DST-B1-01,2024-10-27,6,6,0
PHC-DST-B1-01,2024-10-28,6,5,1
PHC-DST-B1-01,2024-10-29,6,6,0
PHC-DST-B1-01,2024-10-30,6,3,3
PHC-DST-B1-01,2024-10-31,6,3,3
PHC-DST-B1-01,2024-11-01,6,6,0
PHC-DST-B1-01,2024-11-02,6,6,0
PHC-DST-B1-01,2024-11-03,6,6,0
PHC-DST-B1-01,2024-11-04,6,4,2
PHC-DST-B1-01,2024-11-05,6,4,2
PHC-DST-B1-01,2024-11-06,6,6,0
PHC-DST-B1-01,2024-11-07,6,4,2
PHC-DST-B1-01,2024-11-08,6,4,2
PHC-DST-B1-01,2024-11-09,6,5,1
PHC-DST-B1-01,2024-11-10,6,2,4
PHC-DST-B1-01,2024-11-11,6,4,2
PHC-DST-B1-01,2024-11-12,6,2,4
PHC-DST-B1-01,2024-11-13,6,6,0
PHC-DST-B1-01,2024-11-14,6,6,0
PHC-DST-B1-01,2024-11-15,6,6,0
PHC-DST-B1-01,2024-11-16,6,5,1
PHC-DST-B1-01,2024-11-17,6,6,0
PHC-DST-B1-01,2024-11-18,6,4,2
PHC-DST-B1-01,2024-11-19,6,6,0
PHC-DST-B1-01,2024-11-20,6,5,1
PHC-DST-B1-01,2024-11-21,6,6,0
PHC-DST-B1-01,2024-11-22,6,5,1
PHC-DST-B1-01,2024-11-23,6,6,0
PHC-DST-B1-01,2024-11-24,6,4,2
PHC-DST-B1-01,2024-11-25,6,6,0
PHC-DST-B1-01,2024-11-26,6,6,0
PHC-DST-B1-01,2024-11-27,6,6,0
PHC-DST-B1-01,2024-11-28,6,6,0
PHC-DST-B1-01,2024-11-29,6,6,0
PHC-DST-B1-01,2024-11-30,6,5,1
PHC-DST-B1-01,2024-12-01,6,6,0
PHC-DST-B1-01,2024-12-02,6,5,1
PHC-DST-B1-01,2024-12-03,6,6,0
PHC-DST-B1-01,2024-12-04,6,6,0
PHC-DST-B1-01,2024-12-05,6,4,2
PHC-DST-B1-01,2024-12-06,6,6,0
PHC-DST-B1-01,2024-12-07,6,6,0
PHC-DST-B1-01,2024-12-08,6,6,0
PHC-DST-B1-01,2024-12-09,6,4,2
PHC-DST-B1-01,2024-12-10,6,6,0
PHC-DST-B1-01,2024-12-11,6,5,1
PHC-DST-B1-01,2024-12-12,6,4,2
PHC-DST-B1-01,2024-12-13,6,6,0
PHC-DST-B1-01,2024-12-14,6,2,4
PHC-DST-B1-01,2024-12-15,6,3,3
PHC-DST-B1-01,2024-12-16,6,3,3
PHC-DST-B1-01,2024-12-17,6,6,0
PHC-DST-B1-01,2024-12-18,6,4,2
PHC-DST-B1-01,2024-12-19,6,6,0
PHC-DST-B1-01,2024-12-20,6,5,1
PHC-DST-B1-01,2024-12-21,6,4,2
PHC-DST-B1-01,2024-12-22,6,6,0
PHC-DST-B1-01,2024-12-23,6,4,2
PHC-DST-B1-01,2024-12-24,6,4,2
PHC-DST-B1-01,2024-12-25,6,5,1
PHC-DST-B1-01,2024-12-26,6,6,0
PHC-DST-B1-01,2024-12-27,6,6,0
PHC-DST-B1-01,2024-12-28,6,4,2
PHC-DST-B1-01,2024-12-29,6,4,2
PHC-DST-B1-01,2024-12-30,6,6,0
PHC-DST-B1-01,2024-12-31,6,5,1
PHC-DST-B1-01,2025-01-01,6,3,3
PHC-DST-B1-01,2025-01-02,6,5,1
PHC-DST-B1-01,2025-01-03,6,2,4
PHC-DST-B1-01,2025-01-04,6,4,2
PHC-DST-B1-01,2025-01-05,6,6,0
PHC-DST-B1-01,2025-01-06,6,6,0
PHC-DST-B1-01,2025-01-07,6,3,3
PHC-DST-B1-01,2025-01-08,6,6,0
PHC-DST-B1-01,2025-01-09,6,5,1
PHC-DST-B1-01,2025-01-10,6,4,2
PHC-DST-B1-01,2025-01-11,6,6,0
PHC-DST-B1-01,2025-01-12,6,4,2
PHC-DST-B1-01,2025-01-13,6,4,2
PHC-DST-B1-01,2025-01-14,6,4,2
PHC-DST-B1-01,2025-01-15,6,3,3
PHC-DST-B1-01,2025-01-16,6,6,0
PHC-DST-B1-01,2025-01-17,6,1,5
PHC-DST-B1-01,2025-01-18,6,6,0
PHC-DST-B1-01,2025-01-19,6,4,2
PHC-DST-B1-01,2025-01-20,6,6,0
PHC-DST-B1-01,2025-01-21,6,4,2
PHC-DST-B1-01,2025-01-22,6,4,2
PHC-DST-B1-01,2025-01-23,6,5,1
PHC-DST-B1-01,2025-01-24,6,6,0
PHC-DST-B1-01,2025-01-25,6,6,0
PHC-DST-B1-01,2025-01-26,6,5,1
PHC-DST-B1-01,2025-01-27,6,5,1
PHC-DST-B1-01,2025-01-28,6,6,0
PHC-DST-B1-01,2025-01-29,6,5,1
PHC-DST-B1-01,2025-01-30,6,3,3
PHC-DST-B1-01,2025-01-31,6,3,3
PHC-DST-B1-01,2025-02-01,6,6,0
PHC-DST-B1-01,2025-02-02,6,3,3
PHC-DST-B1-01,2025-02-03,6,4,2
PHC-DST-B1-01,2025-02-04,6,6,0
PHC-DST-B1-01,2025-02-05,6,6,0
PHC-DST-B1-01,2025-02-06,6,6,0
PHC-DST-B1-01,2025-02-07,6,2,4
PHC-DST-B1-01,2025-02-08,6,6,0
PHC-DST-B1-01,2025-02-09,6,6,0
PHC-DST-B1-01,2025-02-10,6,6,0
PHC-DST-B1-01,2025-02-11,6,5,1
PHC-DST-B1-01,2025-02-12,6,4,2
PHC-DST-B1-01,2025-02-13,6,6,0
PHC-DST-B1-01,2025-02-14,6,5,1
PHC-DST-B1-01,2025-02-15,6,4,2
PHC-DST-B1-01,2025-02-16,6,6,0
PHC-DST-B1-01,2025-02-17,6,6,0
PHC-DST-B1-01,2025-02-18,6,5,1
PHC-DST-B1-01,2025-02-19,6,6,0
PHC-DST-B1-01,2025-02-20,6,3,3
PHC-DST-B1-01,2025-02-21,6,5,1
PHC-DST-B1-01,2025-02-22,6,4,2
PHC-DST-B1-01,2025-02-23,6,4,2
PHC-DST-B1-01,2025-02-24,6,5,1
PHC-DST-B1-01,2025-02-25,6,4,2
PHC-DST-B1-01,2025-02-26,6,6,0
PHC-DST-B1-01,2025-02-27,6,6,0
PHC-DST-B1-01,2025-02-28,6,5,1
PHC-DST-B1-01,2025-03-01,6,3,3
PHC-DST-B1-01,2025-03-02,6,2,4
PHC-DST-B1-01,2025-03-03,6,5,1
PHC-DST-B1-01,2025-03-04,6,5,1
PHC-DST-B1-01,2025-03-05,6,6,0
PHC-DST-B1-01,2025-03-06,6,3,3
PHC-DST-B1-01,2025-03-07,6,5,1
PHC-DST-B1-01,2025-03-08,6,4,2
PHC-DST-B1-01,2025-03-09,6,6,0
PHC-DST-B1-01,2025-03-10,6,6,0
PHC-DST-B1-01,2025-03-11,6,4,2
PHC-DST-B1-01,2025-03-12,6,3,3
PHC-DST-B1-01,2025-03-13,6,6,0
PHC-DST-B1-01,2025-03-14,6,6,0
PHC-DST-B1-01,2025-03-15,6,5,1
PHC-DST-B1-01,2025-03-16,6,6,0
PHC-DST-B1-01,2025-03-17,6,6,0
PHC-DST-B1-01,2025-03-18,6,6,0
PHC-DST-B1-01,2025-03-19,6,5,1
PHC-DST-B1-01,2025-03-20,6,5,1
PHC-DST-B1-01,2025-03-21,6,6,0
PHC-DST-B1-01,2025-03-22,6,6,0
PHC-DST-B1-01,2025-03-23,6,6,0
PHC-DST-B1-01,2025-03-24,6,3,3
PHC-DST-B1-01,2025-03-25,6,5,1
PHC-DST-B1-01,2025-03-26,6,6,0
PHC-DST-B1-01,2025-03-27,6,6,0
PHC-DST-B1-01,2025-03-28,6,6,0
PHC-DST-B1-01,2025-03-29,6,5,1
PHC-DST-B1-01,2025-03-30,6,4,2
PHC-DST-B1-01,2025-03-31,6,6,0
PHC-DST-B1-01,2025-04-01,6,4,2
PHC-DST-B1-01,2025-04-02,6,5,1
PHC-DST-B1-01,2025-04-03,6,4,2
PHC-DST-B1-01,2025-04-04,6,4,2
PHC-DST-B1-01,2025-04-05,6,5,1
PHC-DST-B1-01,2025-04-06,6,6,0
PHC-DST-B1-01,2025-04-07,6,6,0
PHC-DST-B1-01,2025-04-08,6,6,0
PHC-DST-B1-01,2025-04-09,6,5,1
PHC-DST-B1-01,2025-04-10,6,4,2
PHC-DST-B1-01,2025-04-11,6,6,0
PHC-DST-B1-01,2025-04-12,6,4,2
PHC-DST-B1-01,2025-04-13,6,6,0
PHC-DST-B1-01,2025-04-14,6,6,0
PHC-DST-B1-01,2025-04-15,6,6,0
PHC-DST-B1-01,2025-04-16,6,6,0
PHC-DST-B1-01,2025-04-17,6,6,0
PHC-DST-B1-01,2025-04-18,6,6,0
PHC-DST-B1-01,2025-04-19,6,6,0
PHC-DST-B1-01,2025-04-20,6,4,2
PHC-DST-B1-01,2025-04-21,6,3,3
PHC-DST-B1-01,2025-04-22,6,6,0
PHC-DST-B1-01,2025-04-23,6,3,3
PHC-DST-B1-01,2025-04-24,6,3,3
PHC-DST-B1-01,2025-04-25,6,4,2
PHC-DST-B1-01,2025-04-26,6,4,2
PHC-DST-B1-01,2025-04-27,6,6,0
PHC-DST-B1-01,2025-04-28,6,4,2
PHC-DST-B1-01,2025-04-29,6,5,1
PHC-DST-B1-01,2025-04-30,6,4,2
PHC-DST-B1-01,2025-05-01,6,5,1
PHC-DST-B1-01,2025-05-02,6,6,0
PHC-DST-B1-01,2025-05-03,6,2,4
PHC-DST-B1-01,2025-05-04,6,5,1
PHC-DST-B1-01,2025-05-05,6,2,4
PHC-DST-B1-01,2025-05-06,6,3,3
PHC-DST-B1-01,2025-05-07,6,6,0
PHC-DST-B1-01,2025-05-08,6,6,0
PHC-DST-B1-01,2025-05-09,6,2,4
PHC-DST-B1-01,2025-05-10,6,6,0
PHC-DST-B1-01,2025-05-11,6,4,2
PHC-DST-B1-01,2025-05-12,6,6,0
PHC-DST-B1-01,2025-05-13,6,6,0
PHC-DST-B1-01,2025-05-14,6,3,3
PHC-DST-B1-01,2025-05-15,6,4,2
PHC-DST-B1-01,2025-05-16,6,6,0
PHC-DST-B1-01,2025-05-17,6,6,0
PHC-DST-B1-01,2025-05-18,6,6,0
PHC-DST-B1-01,2025-05-19,6,4,2
PHC-DST-B1-01,2025-05-20,6,6,0
PHC-DST-B1-01,2025-05-21,6,6,0
PHC-DST-B1-01,2025-05-22,6,4,2
PHC-DST-B1-01,2025-05-23,6,6,0
PHC-DST-B1-01,2025-05-24,6,3,3
PHC-DST-B1-01,2025-05-25,6,6,0
PHC-DST-B1-01,2025-05-26,6,6,0
PHC-DST-B1-01,2025-05-27,6,6,0
PHC-DST-B1-01,2025-05-28,6,6,0
PHC-DST-B1-01,2025-05-29,6,6,0
PHC-DST-B1-01,2025-05-30,6,5,1
PHC-DST-B1-01,2025-05-31,6,4,2
PHC-DST-B1-01,2025-06-01,6,5,1
PHC-DST-B1-01,2025-06-02,6,6,0
PHC-DST-B1-01,2025-06-03,6,4,2
PHC-DST-B1-01,2025-06-04,6,1,5
PHC-DST-B1-01,2025-06-05,6,6,0
PHC-DST-B1-01,2025-06-06,6,3,3
PHC-DST-B1-01,2025-06-07,6,5,1
PHC-DST-B1-01,2025-06-08,6,6,0
PHC-DST-B1-01,2025-06-09,6,5,1
PHC-DST-B1-01,2025-06-10,6,3,3
PHC-DST-B1-01,2025-06-11,6,4,2
PHC-DST-B1-01,2025-06-12,6,6,0
PHC-DST-B1-01,2025-06-13,6,5,1
PHC-DST-B1-01,2025-06-14,6,5,1
PHC-DST-B1-01,2025-06-15,6,5,1
PHC-DST-B1-01,2025-06-16,6,4,2
PHC-DST-B1-01,2025-06-17,6,3,3
PHC-DST-B1-01,2025-06-18,6,6,0
PHC-DST-B1-01,2025-06-19,6,6,0
PHC-DST-B1-01,2025-06-20,6,6,0
PHC-DST-B1-01,2025-06-21,6,5,1
PHC-DST-B1-01,2025-06-22,6,6,0
PHC-DST-B1-01,2025-06-23,6,6,0
PHC-DST-B1-01,2025-06-24,6,4,2
PHC-DST-B1-01,2025-06-25,6,5,1
PHC-DST-B1-01,2025-06-26,6,4,2
PHC-DST-B1-01,2025-06-27,6,6,0
PHC-DST-B1-01,2025-06-28,6,6,0
PHC-DST-B1-01,2025-06-29,6,6,0
PHC-DST-B1-01,2025-06-30,6,6,0
PHC-DST-B1-02,2024-07-01,6,4,2
PHC-DST-B1-02,2024-07-02,6,5,1
PHC-DST-B1-02,2024-07-03,6,5,1
PHC-DST-B1-02,2024-07-04,6,1,5
PHC-DST-B1-02,2024-07-05,6,2,4
PHC-DST-B1-02,2024-07-06,6,1,5
PHC-DST-B1-02,2024-07-07,6,3,3
PHC-DST-B1-02,2024-07-08,6,2,4
PHC-DST-B1-02,2024-07-09,6,3,3
PHC-DST-B1-02,2024-07-10,6,1,5
PHC-DST-B1-02,2024-07-11,6,3,3
PHC-DST-B1-02,2024-07-12,6,4,2
PHC-DST-B1-02,2024-07-13,6,4,2
PHC-DST-B1-02,2024-07-14,6,4,2
PHC-DST-B1-02,2024-07-15,6,2,4
PHC-DST-B1-02,2024-07-16,6,2,4
PHC-DST-B1-02,2024-07-17,6,5,1
PHC-DST-B1-02,2024-07-18,6,4,2
PHC-DST-B1-02,2024-07-19,6,5,1
PHC-DST-B1-02,2024-07-20,6,3,3
PHC-DST-B1-02,2024-07-21,6,4,2
PHC-DST-B1-02,2024-07-22,6,6,0
PHC-DST-B1-02,2024-07-23,6,2,4
PHC-DST-B1-02,2024-07-24,6,3,3
PHC-DST-B1-02,2024-07-25,6,1,5
PHC-DST-B1-02,2024-07-26,6,2,4
PHC-DST-B1-02,2024-07-27,6,1,5
PHC-DST-B1-02,2024-07-28,6,5,1
PHC-DST-B1-02,2024-07-29,6,3,3
PHC-DST-B1-02,2024-07-30,6,6,0
PHC-DST-B1-02,2024-07-31,6,4,2
PHC-DST-B1-02,2024-08-01,6,6,0
PHC-DST-B1-02,2024-08-02,6,2,4
PHC-DST-B1-02,2024-08-03,6,2,4
PHC-DST-B1-02,2024-08-04,6,6,0
PHC-DST-B1-02,2024-08-05,6,4,2
PHC-DST-B1-02,2024-08-06,6,5,1
PHC-DST-B1-02,2024-08-07,6,4,2
PHC-DST-B1-02,2024-08-08,6,5,1
PHC-DST-B1-02,2024-08-09,6,4,2
PHC-DST-B1-02,2024-08-10,6,2,4
PHC-DST-B1-02,2024-08-11,6,2,4
PHC-DST-B1-02,2024-08-12,6,2,4
PHC-DST-B1-02,2024-08-13,6,2,4
PHC-DST-B1-02,2024-08-14,6,4,2
PHC-DST-B1-02,2024-08-15,6,5,1
PHC-DST-B1-02,2024-08-16,6,4,2
PHC-DST-B1-02,2024-08-17,6,2,4
PHC-DST-B1-02,2024-08-18,6,3,3
PHC-DST-B1-02,2024-08-19,6,3,3
PHC-DST-B1-02,2024-08-20,6,5,1
PHC-DST-B1-02,2024-08-21,6,6,0
PHC-DST-B1-02,2024-08-22,6,2,4
PHC-DST-B1-02,2024-08-23,6,6,0
PHC-DST-B1-02,2024-08-24,6,4,2
PHC-DST-B1-02,2024-08-25,6,4,2
PHC-DST-B1-02,2024-08-26,6,2,4
PHC-DST-B1-02,2024-08-27,6,5,1
PHC-DST-B1-02,2024-08-28,6,4,2
PHC-DST-B1-02,2024-08-29,6,4,2
PHC-DST-B1-02,2024-08-30,6,4,2
PHC-DST-B1-02,2024-08-31,6,3,3
PHC-DST-B1-02,2024-09-01,6,5,1
PHC-DST-B1-02,2024-09-02,6,5,1
PHC-DST-B1-02,2024-09-03,6,0,6
PHC-DST-B1-02,2024-09-04,6,2,4
PHC-DST-B1-02,2024-09-05,6,5,1
PHC-DST-B1-02,2024-09-06,6,4,2
PHC-DST-B1-02,2024-09-07,6,5,1
PHC-DST-B1-02,2024-09-08,6,3,3
PHC-DST-B1-02,2024-09-09,6,0,6
PHC-DST-B1-02,2024-09-10,6,3,3
PHC-DST-B1-02,2024-09-11,6,2,4
PHC-DST-B1-02,2024-09-12,6,1,5
PHC-DST-B1-02,2024-09-13,6,1,5
PHC-DST-B1-02,2024-09-14,6,5,1
PHC-DST-B1-02,2024-09-15,6,4,2
PHC-DST-B1-02,2024-09-16,6,4,2
PHC-DST-B1-02,2024-09-17,6,6,0
PHC-DST-B1-02,2024-09-18,6,1,5
PHC-DST-B1-02,2024-09-19,6,3,3
PHC-DST-B1-02,2024-09-20,6,3,3
PHC-DST-B1-02,2024-09-21,6,2,4
PHC-DST-B1-02,2024-09-22,6,4,2
PHC-DST-B1-02,2024-09-23,6,4,2
PHC-DST-B1-02,2024-09-24,6,3,3
PHC-DST-B1-02,2024-09-25,6,5,1
PHC-DST-B1-02,2024-09-26,6,1,5
PHC-DST-B1-02,2024-09-27,6,3,3
PHC-DST-B1-02,2024-09-28,6,4,2
PHC-DST-B1-02,2024-09-29,6,3,3
PHC-DST-B1-02,2024-09-30,6,2,4
PHC-DST-B1-02,2024-10-01,6,3,3
PHC-DST-B1-02,2024-10-02,6,0,6
PHC-DST-B1-02,2024-10-03,6,6,0
PHC-DST-B1-02,2024-10-04,6,4,2
PHC-DST-B1-02,2024-10-05,6,0,6
PHC-DST-B1-02,2024-10-06,6,0,6
PHC-DST-B1-02,2024-10-07,6,0,6
PHC-DST-B1-02,2024-10-08,6,2,4
PHC-DST-B1-02,2024-10-09,6,3,3
PHC-DST-B1-02,2024-10-10,6,2,4
PHC-DST-B1-02,2024-10-11,6,2,4
PHC-DST-B1-02,2024-10-12,6,3,3
PHC-DST-B1-02,2024-10-13,6,3,3
PHC-DST-B1-02,2024-10-14,6,5,1
PHC-DST-B1-02,2024-10-15,6,4,2
PHC-DST-B1-02,2024-10-16,6,5,1
PHC-DST-B1-02,2024-10-17,6,1,5
PHC-DST-B1-02,2024-10-18,6,3,3
PHC-DST-B1-02,2024-10-19,6,5,1
PHC-DST-B1-02,2024-10-20,6,3,3
PHC-DST-B1-02,2024-10-21,6,3,3
PHC-DST-B1-02,2024-10-22,6,4,2
PHC-DST-B1-02,2024-10-23,6,3,3
PHC-DST-B1-02,2024-10-24,6,2,4
PHC-DST-B1-02,2024-10-25,6,4,2
PHC-DST-B1-02,2024-10-26,6,2,4
PHC-DST-B1-02,2024-10-27,6,3,3
PHC-DST-B1-02,2024-10-28,6,3,3
PHC-DST-B1-02,2024-10-29,6,3,3
PHC-DST-B1-02,2024-10-30,6,3,3
PHC-DST-B1-02,2024-10-31,6,4,2
PHC-DST-B1-02,2024-11-01,6,0,6
PHC-DST-B1-02,2024-11-02,6,5,1
PHC-DST-B1-02,2024-11-03,6,6,0
PHC-DST-B1-02,2024-11-04,6,2,4
PHC-DST-B1-02,2024-11-05,6,2,4
PHC-DST-B1-02,2024-11-06,6,2,4
PHC-DST-B1-02,2024-11-07,6,4,2
PHC-DST-B1-02,2024-11-08,6,3,3
PHC-DST-B1-02,2024-11-09,6,3,3
PHC-DST-B1-02,2024-11-10,6,4,2
PHC-DST-B1-02,2024-11-11,6,3,3
PHC-DST-B1-02,2024-11-12,6,3,3
PHC-DST-B1-02,2024-11-13,6,1,5
PHC-DST-B1-02,2024-11-14,6,6,0
PHC-DST-B1-02,2024-11-15,6,1,5
PHC-DST-B1-02,2024-11-16,6,4,2
PHC-DST-B1-02,2024-11-17,6,5,1
PHC-DST-B1-02,2024-11-18,6,3,3
PHC-DST-B1-02,2024-11-19,6,3,3
PHC-DST-B1-02,2024-11-20,6,2,4
PHC-DST-B1-02,2024-11-21,6,2,4
PHC-DST-B1-02,2024-11-22,6,2,4
PHC-DST-B1-02,2024-11-23,6,2,4
PHC-DST-B1-02,2024-11-24,6,2,4
PHC-DST-B1-02,2024-11-25,6,4,2
PHC-DST-B1-02,2024-11-26,6,5,1
PHC-DST-B1-02,2024-11-27,6,3,3
PHC-DST-B1-02,2024-11-28,6,2,4
PHC-DST-B1-02,2024-11-29,6,2,4
PHC-DST-B1-02,2024-11-30,6,2,4
PHC-DST-B1-02,2024-12-01,6,3,3
PHC-DST-B1-02,2024-12-02,6,5,1
PHC-DST-B1-02,2024-12-03,6,3,3
PHC-DST-B1-02,2024-12-04,6,3,3
PHC-DST-B1-02,2024-12-05,6,4,2
PHC-DST-B1-02,2024-12-06,6,3,3
PHC-DST-B1-02,2024-12-07,6,4,2
PHC-DST-B1-02,2024-12-08,6,3,3
PHC-DST-B1-02,2024-12-09,6,1,5
PHC-DST-B1-02,2024-12-10,6,3,3
PHC-DST-B1-02,2024-12-11,6,2,4
PHC-DST-B1-02,2024-12-12,6,1,5
PHC-DST-B1-02,2024-12-13,6,1,5
PHC-DST-B1-02,2024-12-14,6,3,3
PHC-DST-B1-02,2024-12-15,6,4,2
PHC-DST-B1-02,2024-12-16,6,2,4
PHC-DST-B1-02,2024-12-17,6,3,3
PHC-DST-B1-02,2024-12-18,6,2,4
PHC-DST-B1-02,2024-12-19,6,2,4
PHC-DST-B1-02,2024-12-20,6,3,3
PHC-DST-B1-02,2024-12-21,6,2,4
PHC-DST-B1-02,2024-12-22,6,0,6
PHC-DST-B1-02,2024-12-23,6,3,3
PHC-DST-B1-02,2024-12-24,6,2,4
PHC-DST-B1-02,2024-12-25,6,2,4
PHC-DST-B1-02,2024-12-26,6,2,4
PHC-DST-B1-02,2024-12-27,6,4,2
PHC-DST-B1-02,2024-12-28,6,2,4
PHC-DST-B1-02,2024-12-29,6,2,4
PHC-DST-B1-02,2024-12-30,6,1,5
PHC-DST-B1-02,2024-12-31,6,0,6
PHC-DST-B1-02,2025-01-01,6,3,3
PHC-DST-B1-02,2025-01-02,6,1,5
PHC-DST-B1-02,2025-01-03,6,3,3
PHC-DST-B1-02,2025-01-04,6,2,4
PHC-DST-B1-02,2025-01-05,6,3,3
PHC-DST-B1-02,2025-01-06,6,6,0
PHC-DST-B1-02,2025-01-07,6,1,5
PHC-DST-B1-02,2025-01-08,6,2,4
PHC-DST-B1-02,2025-01-09,6,2,4
PHC-DST-B1-02,2025-01-10,6,6,0
PHC-DST-B1-02,2025-01-11,6,2,4
PHC-DST-B1-02,2025-01-12,6,5,1
PHC-DST-B1-02,2025-01-13,6,4,2
PHC-DST-B1-02,2025-01-14,6,3,3
PHC-DST-B1-02,2025-01-15,6,1,5
PHC-DST-B1-02,2025-01-16,6,4,2
PHC-DST-B1-02,2025-01-17,6,3,3
PHC-DST-B1-02,2025-01-18,6,1,5
PHC-DST-B1-02,2025-01-19,6,1,5
PHC-DST-B1-02,2025-01-20,6,3,3
PHC-DST-B1-02,2025-01-21,6,6,0
PHC-DST-B1-02,2025-01-22,6,4,2
PHC-DST-B1-02,2025-01-23,6,1,5
PHC-DST-B1-02,2025-01-24,6,6,0
PHC-DST-B1-02,2025-01-25,6,2,4
PHC-DST-B1-02,2025-01-26,6,3,3
PHC-DST-B1-02,2025-01-27,6,2,4
PHC-DST-B1-02,2025-01-28,6,1,5
PHC-DST-B1-02,2025-01-29,6,4,2
PHC-DST-B1-02,2025-01-30,6,1,5
PHC-DST-B1-02,2025-01-31,6,4,2
PHC-DST-B1-02,2025-02-01,6,2,4
PHC-DST-B1-02,2025-02-02,6,4,2
PHC-DST-B1-02,2025-02-03,6,4,2
PHC-DST-B1-02,2025-02-04,6,2,4
PHC-DST-B1-02,2025-02-05,6,2,4
PHC-DST-B1-02,2025-02-06,6,1,5
PHC-DST-B1-02,2025-02-07,6,3,3
PHC-DST-B1-02,2025-02-08,6,4,2
PHC-DST-B1-02,2025-02-09,6,2,4
PHC-DST-B1-02,2025-02-10,6,1,5
PHC-DST-B1-02,2025-02-11,6,1,5
PHC-DST-B1-02,2025-02-12,6,1,5
PHC-DST-B1-02,2025-02-13,6,2,4
PHC-DST-B1-02,2025-02-14,6,2,4
PHC-DST-B1-02,2025-02-15,6,0,6
PHC-DST-B1-02,2025-02-16,6,2,4
PHC-DST-B1-02,2025-02-17,6,5,1
PHC-DST-B1-02,2025-02-18,6,5,1
PHC-DST-B1-02,2025-02-19,6,6,0
PHC-DST-B1-02,2025-02-20,6,6,0
PHC-DST-B1-02,2025-02-21,6,3,3
PHC-DST-B1-02,2025-02-22,6,3,3
PHC-DST-B1-02,2025-02-23,6,3,3
PHC-DST-B1-02,2025-02-24,6,6,0
PHC-DST-B1-02,2025-02-25,6,2,4
PHC-DST-B1-02,2025-02-26,6,5,1
PHC-DST-B1-02,2025-02-27,6,3,3
PHC-DST-B1-02,2025-02-28,6,3,3
PHC-DST-B1-02,2025-03-01,6,3,3
PHC-DST-B1-02,2025-03-02,6,4,2
PHC-DST-B1-02,2025-03-03,6,2,4
PHC-DST-B1-02,2025-03-04,6,2,4
PHC-DST-B1-02,2025-03-05,6,1,5
PHC-DST-B1-02,2025-03-06,6,0,6
PHC-DST-B1-02,2025-03-07,6,5,1
PHC-DST-B1-02,2025-03-08,6,5,1
PHC-DST-B1-02,2025-03-09,6,2,4
PHC-DST-B1-02,2025-03-10,6,1,5
PHC-DST-B1-02,2025-03-11,6,4,2
PHC-DST-B1-02,2025-03-12,6,1,5
PHC-DST-B1-02,2025-03-13,6,2,4
PHC-DST-B1-02,2025-03-14,6,2,4
PHC-DST-B1-02,2025-03-15,6,3,3
PHC-DST-B1-02,2025-03-16,6,2,4
PHC-DST-B1-02,2025-03-17,6,1,5
PHC-DST-B1-02,2025-03-18,6,4,2
PHC-DST-B1-02,2025-03-19,6,5,1
PHC-DST-B1-02,2025-03-20,6,2,4
PHC-DST-B1-02,2025-03-21,6,0,6
PHC-DST-B1-02,2025-03-22,6,6,0
PHC-DST-B1-02,2025-03-23,6,4,2
PHC-DST-B1-02,2025-03-24,6,4,2
PHC-DST-B1-02,2025-03-25,6,4,2
PHC-DST-B1-02,2025-03-26,6,2,4
PHC-DST-B1-02,2025-03-27,6,1,5
PHC-DST-B1-02,2025-03-28,6,3,3
PHC-DST-B1-02,2025-03-29,6,3,3
PHC-DST-B1-02,2025-03-30,6,2,4
PHC-DST-B1-02,2025-03-31,6,3,3
PHC-DST-B1-02,2025-04-01,6,3,3
PHC-DST-B1-02,2025-04-02,6,3,3
PHC-DST-B1-02,2025-04-03,6,2,4
PHC-DST-B1-02,2025-04-04,6,5,1
PHC-DST-B1-02,2025-04-05,6,1,5
PHC-DST-B1-02,2025-04-06,6,3,3
PHC-DST-B1-02,2025-04-07,6,4,2
PHC-DST-B1-02,2025-04-08,6,2,4
PHC-DST-B1-02,2025-04-09,6,1,5
PHC-DST-B1-02,2025-04-10,6,4,2
PHC-DST-B1-02,2025-04-11,6,5,1
PHC-DST-B1-02,2025-04-12,6,4,2
PHC-DST-B1-02,2025-04-13,6,6,0
PHC-DST-B1-02,2025-04-14,6,6,0
PHC-DST-B1-02,2025-04-15,6,4,2
PHC-DST-B1-02,2025-04-16,6,4,2
PHC-DST-B1-02,2025-04-17,6,2,4
PHC-DST-B1-02,2025-04-18,6,6,0
PHC-DST-B1-02,2025-04-19,6,3,3
PHC-DST-B1-02,2025-04-20,6,2,4
PHC-DST-B1-02,2025-04-21,6,3,3
PHC-DST-B1-02,2025-04-22,6,1,5
PHC-DST-B1-02,2025-04-23,6,2,4
PHC-DST-B1-02,2025-04-24,6,3,3
PHC-DST-B1-02,2025-04-25,6,2,4
PHC-DST-B1-02,2025-04-26,6,2,4
PHC-DST-B1-02,2025-04-27,6,3,3
PHC-DST-B1-02,2025-04-28,6,4,2
PHC-DST-B1-02,2025-04-29,6,2,4
PHC-DST-B1-02,2025-04-30,6,6,0
PHC-DST-B1-02,2025-05-01,6,4,2
PHC-DST-B1-02,2025-05-02,6,5,1
PHC-DST-B1-02,2025-05-03,6,3,3
PHC-DST-B1-02,2025-05-04,6,3,3
PHC-DST-B1-02,2025-05-05,6,2,4
PHC-DST-B1-02,2025-05-06,6,0,6
PHC-DST-B1-02,2025-05-07,6,4,2
PHC-DST-B1-02,2025-05-08,6,5,1
PHC-DST-B1-02,2025-05-09,6,4,2
PHC-DST-B1-02,2025-05-10,6,3,3
PHC-DST-B1-02,2025-05-11,6,3,3
PHC-DST-B1-02,2025-05-12,6,5,1
PHC-DST-B1-02,2025-05-13,6,4,2
PHC-DST-B1-02,2025-05-14,6,5,1
PHC-DST-B1-02,2025-05-15,6,2,4
PHC-DST-B1-02,2025-05-16,6,4,2
PHC-DST-B1-02,2025-05-17,6,2,4
PHC-DST-B1-02,2025-05-18,6,2,4
PHC-DST-B1-02,2025-05-19,6,3,3
PHC-DST-B1-02,2025-05-20,6,2,4
PHC-DST-B1-02,2025-05-21,6,4,2
PHC-DST-B1-02,2025-05-22,6,2,4
PHC-DST-B1-02,2025-05-23,6,2,4
PHC-DST-B1-02,2025-05-24,6,4,2
PHC-DST-B1-02,2025-05-25,6,1,5
PHC-DST-B1-02,2025-05-26,6,1,5
PHC-DST-B1-02,2025-05-27,6,6,0
PHC-DST-B1-02,2025-05-28,6,1,5
PHC-DST-B1-02,2025-05-29,6,6,0
PHC-DST-B1-02,2025-05-30,6,1,5
PHC-DST-B1-02,2025-05-31,6,1,5
PHC-DST-B1-02,2025-06-01,6,2,4
PHC-DST-B1-02,2025-06-02,6,2,4
PHC-DST-B1-02,2025-06-03,6,4,2
PHC-DST-B1-02,2025-06-04,6,4,2
PHC-DST-B1-02,2025-06-05,6,3,3
PHC-DST-B1-02,2025-06-06,6,3,3
PHC-DST-B1-02,2025-06-07,6,5,1
PHC-DST-B1-02,2025-06-08,6,3,3
PHC-DST-B1-02,2025-06-09,6,1,5
PHC-DST-B1-02,2025-06-10,6,1,5
PHC-DST-B1-02,2025-06-11,6,2,4
PHC-DST-B1-02,2025-06-12,6,1,5
PHC-DST-B1-02,2025-06-13,6,2,4
PHC-DST-B1-02,2025-06-14,6,3,3
PHC-DST-B1-02,2025-06-15,6,4,2
PHC-DST-B1-02,2025-06-16,6,3,3
PHC-DST-B1-02,2025-06-17,6,1,5
PHC-DST-B1-02,2025-06-18,6,1,5
PHC-DST-B1-02,2025-06-19,6,2,4
PHC-DST-B1-02,2025-06-20,6,2,4
PHC-DST-B1-02,2025-06-21,6,4,2
PHC-DST-B1-02,2025-06-22,6,1,5
PHC-DST-B1-02,2025-06-23,6,4,2
PHC-DST-B1-02,2025-06-24,6,3,3
PHC-DST-B1-02,2025-06-25,6,2,4
PHC-DST-B1-02,2025-06-26,6,2,4
PHC-DST-B1-02,2025-06-27,6,3,3
PHC-DST-B1-02,2025-06-28,6,2,4
PHC-DST-B1-02,2025-06-29,6,6,0
PHC-DST-B1-02,2025-06-30,6,2,4
PHC-DST-B1-03,2024-07-01,8,5,3
PHC-DST-B1-03,2024-07-02,8,8,0
PHC-DST-B1-03,2024-07-03,8,8,0
PHC-DST-B1-03,2024-07-04,8,8,0
PHC-DST-B1-03,2024-07-05,8,6,2
PHC-DST-B1-03,2024-07-06,8,7,1
PHC-DST-B1-03,2024-07-07,8,4,4
PHC-DST-B1-03,2024-07-08,8,8,0
PHC-DST-B1-03,2024-07-09,8,4,4
PHC-DST-B1-03,2024-07-10,8,7,1
PHC-DST-B1-03,2024-07-11,8,7,1
PHC-DST-B1-03,2024-07-12,8,8,0
PHC-DST-B1-03,2024-07-13,8,4,4
PHC-DST-B1-03,2024-07-14,8,8,0
PHC-DST-B1-03,2024-07-15,8,5,3
PHC-DST-B1-03,2024-07-16,8,3,5
PHC-DST-B1-03,2024-07-17,8,3,5
PHC-DST-B1-03,2024-07-18,8,8,0
PHC-DST-B1-03,2024-07-19,8,6,2
PHC-DST-B1-03,2024-07-20,8,2,6
PHC-DST-B1-03,2024-07-21,8,8,0
PHC-DST-B1-03,2024-07-22,8,7,1
PHC-DST-B1-03,2024-07-23,8,8,0
PHC-DST-B1-03,2024-07-24,8,8,0
PHC-DST-B1-03,2024-07-25,8,5,3
PHC-DST-B1-03,2024-07-26,8,4,4
PHC-DST-B1-03,2024-07-27,8,4,4
PHC-DST-B1-03,2024-07-28,8,8,0
PHC-DST-B1-03,2024-07-29,8,5,3
PHC-DST-B1-03,2024-07-30,8,6,2
PHC-DST-B1-03,2024-07-31,8,8,0
PHC-DST-B1-03,2024-08-01,8,5,3
PHC-DST-B1-03,2024-08-02,8,2,6
PHC-DST-B1-03,2024-08-03,8,7,1
PHC-DST-B1-03,2024-08-04,8,3,5
PHC-DST-B1-03,2024-08-05,8,7,1
PHC-DST-B1-03,2024-08-06,8,5,3
PHC-DST-B1-03,2024-08-07,8,8,0
PHC-DST-B1-03,2024-08-08,8,3,5
PHC-DST-B1-03,2024-08-09,8,8,0
PHC-DST-B1-03,2024-08-10,8,8,0
PHC-DST-B1-03,2024-08-11,8,4,4
PHC-DST-B1-03,2024-08-12,8,8,0
PHC-DST-B1-03,2024-08-13,8,6,2
PHC-DST-B1-03,2024-08-14,8,8,0
PHC-DST-B1-03,2024-08-15,8,8,0
PHC-DST-B1-03,2024-08-16,8,8,0
PHC-DST-B1-03,2024-08-17,8,7,1
PHC-DST-B1-03,2024-08-18,8,7,1
PHC-DST-B1-03,2024-08-19,8,8,0
PHC-DST-B1-03,2024-08-20,8,7,1
PHC-DST-B1-03,2024-08-21,8,5,3
PHC-DST-B1-03,2024-08-22,8,5,3
PHC-DST-B1-03,2024-08-23,8,6,2
PHC-DST-B1-03,2024-08-24,8,8,0
PHC-DST-B1-03,2024-08-25,8,2,6
PHC-DST-B1-03,2024-08-26,8,5,3
PHC-DST-B1-03,2024-08-27,8,7,1
PHC-DST-B1-03,2024-08-28,8,6,2
PHC-DST-B1-03,2024-08-29,8,7,1
PHC-DST-B1-03,2024-08-30,8,8,0
PHC-DST-B1-03,2024-08-31,8,5,3
PHC-DST-B1-03,2024-09-01,8,8,0
PHC-DST-B1-03,2024-09-02,8,8,0
PHC-DST-B1-03,2024-09-03,8,2,6
PHC-DST-B1-03,2024-09-04,8,8,0
PHC-DST-B1-03,2024-09-05,8,7,1
PHC-DST-B1-03,2024-09-06,8,6,2
PHC-DST-B1-03,2024-09-07,8,3,5
PHC-DST-B1-03,2024-09-08,8,6,2
PHC-DST-B1-03,2024-09-09,8,5,3
PHC-DST-B1-03,2024-09-10,8,3,5
PHC-DST-B1-03,2024-09-11,8,8,0
PHC-DST-B1-03,2024-09-12,8,3,5
PHC-DST-B1-03,2024-09-13,8,5,3
PHC-DST-B1-03,2024-09-14,8,8,0
PHC-DST-B1-03,2024-09-15,8,4,4
PHC-DST-B1-03,2024-09-16,8,8,0
PHC-DST-B1-03,2024-09-17,8,8,0
PHC-DST-B1-03,2024-09-18,8,5,3
PHC-DST-B1-03,2024-09-19,8,5,3
PHC-DST-B1-03,2024-09-20,8,8,0
PHC-DST-B1-03,2024-09-21,8,5,3
PHC-DST-B1-03,2024-09-22,8,8,0
PHC-DST-B1-03,2024-09-23,8,5,3
PHC-DST-B1-03,2024-09-24,8,4,4
PHC-DST-B1-03,2024-09-25,8,8,0
PHC-DST-B1-03,2024-09-26,8,4,4
PHC-DST-B1-03,2024-09-27,8,5,3
PHC-DST-B1-03,2024-09-28,8,7,1
PHC-DST-B1-03,2024-09-29,8,5,3
PHC-DST-B1-03,2024-09-30,8,8,0
PHC-DST-B1-03,2024-10-01,8,4,4
PHC-DST-B1-03,2024-10-02,8,5,3
PHC-DST-B1-03,2024-10-03,8,6,2
PHC-DST-B1-03,2024-10-04,8,4,4
PHC-DST-B1-03,2024-10-05,8,8,0
PHC-DST-B1-03,2024-10-06,8,3,5
PHC-DST-B1-03,2024-10-07,8,7,1
PHC-DST-B1-03,2024-10-08,8,6,2
PHC-DST-B1-03,2024-10-09,8,4,4
PHC-DST-B1-03,2024-10-10,8,4,4
PHC-DST-B1-03,2024-10-11,8,5,3
PHC-DST-B1-03,2024-10-12,8,7,1
PHC-DST-B1-03,2024-10-13,8,6,2
PHC-DST-B1-03,2024-10-14,8,6,2
PHC-DST-B1-03,2024-10-15,8,3,5
PHC-DST-B1-03,2024-10-16,8,7,1
PHC-DST-B1-03,2024-10-17,8,4,4
PHC-DST-B1-03,2024-10-18,8,5,3
PHC-DST-B1-03,2024-10-19,8,4,4
PHC-DST-B1-03,2024-10-20,8,6,2
PHC-DST-B1-03,2024-10-21,8,6,2
PHC-DST-B1-03,2024-10-22,8,6,2
PHC-DST-B1-03,2024-10-23,8,5,3
PHC-DST-B1-03,2024-10-24,8,5,3
PHC-DST-B1-03,2024-10-25,8,6,2
PHC-DST-B1-03,2024-10-26,8,4,4
PHC-DST-B1-03,2024-10-27,8,6,2
PHC-DST-B1-03,2024-10-28,8,7,1
PHC-DST-B1-03,2024-10-29,8,5,3
PHC-DST-B1-03,2024-10-30,8,8,0
PHC-DST-B1-03,2024-10-31,8,8,0
PHC-DST-B1-03,2024-11-01,8,3,5
PHC-DST-B1-03,2024-11-02,8,8,0
PHC-DST-B1-03,2024-11-03,8,6,2
PHC-DST-B1-03,2024-11-04,8,8,0
PHC-DST-B1-03,2024-11-05,8,5,3
PHC-DST-B1-03,2024-11-06,8,6,2
PHC-DST-B1-03,2024-11-07,8,8,0
PHC-DST-B1-03,2024-11-08,8,6,2
PHC-DST-B1-03,2024-11-09,8,8,0
PHC-DST-B1-03,2024-11-10,8,6,2
PHC-DST-B1-03,2024-11-11,8,5,3
PHC-DST-B1-03,2024-11-12,8,5,3
PHC-DST-B1-03,2024-11-13,8,3,5
PHC-DST-B1-03,2024-11-14,8,7,1
PHC-DST-B1-03,2024-11-15,8,6,2
PHC-DST-B1-03,2024-11-16,8,7,1
PHC-DST-B1-03,2024-11-17,8,7,1
PHC-DST-B1-03,2024-11-18,8,3,5
PHC-DST-B1-03,2024-11-19,8,2,6
PHC-DST-B1-03,2024-11-20,8,4,4
PHC-DST-B1-03,2024-11-21,8,3,5
PHC-DST-B1-03,2024-11-22,8,6,2
PHC-DST-B1-03,2024-11-23,8,4,4
PHC-DST-B1-03,2024-11-24,8,5,3
PHC-DST-B1-03,2024-11-25,8,3,5
PHC-DST-B1-03,2024-11-26,8,8,0
PHC-DST-B1-03,2024-11-27,8,4,4
PHC-DST-B1-03,2024-11-28,8,5,3
PHC-DST-B1-03,2024-11-29,8,6,2
PHC-DST-B1-03,2024-11-30,8,4,4
PHC-DST-B1-03,2024-12-01,8,3,5
PHC-DST-B1-03,2024-12-02,8,2,6
PHC-DST-B1-03,2024-12-03,8,8,0
PHC-DST-B1-03,2024-12-04,8,7,1
PHC-DST-B1-03,2024-12-05,8,4,4
PHC-DST-B1-03,2024-12-06,8,8,0
PHC-DST-B1-03,2024-12-07,8,8,0
PHC-DST-B1-03,2024-12-08,8,5,3
PHC-DST-B1-03,2024-12-09,8,6,2
PHC-DST-B1-03,2024-12-10,8,7,1
PHC-DST-B1-03,2024-12-11,8,8,0
PHC-DST-B1-03,2024-12-12,8,8,0
PHC-DST-B1-03,2024-12-13,8,4,4
PHC-DST-B1-03,2024-12-14,8,5,3
PHC-DST-B1-03,2024-12-15,8,6,2
PHC-DST-B1-03,2024-12-16,8,7,1
PHC-DST-B1-03,2024-12-17,8,2,6
PHC-DST-B1-03,2024-12-18,8,3,5
PHC-DST-B1-03,2024-12-19,8,4,4
PHC-DST-B1-03,2024-12-20,8,2,6
PHC-DST-B1-03,2024-12-21,8,5,3
PHC-DST-B1-03,2024-12-22,8,3,5
PHC-DST-B1-03,2024-12-23,8,4,4
PHC-DST-B1-03,2024-12-24,8,8,0
PHC-DST-B1-03,2024-12-25,8,6,2
PHC-DST-B1-03,2024-12-26,8,7,1
PHC-DST-B1-03,2024-12-27,8,5,3
PHC-DST-B1-03,2024-12-28,8,8,0
PHC-DST-B1-03,2024-12-29,8,3,5
PHC-DST-B1-03,2024-12-30,8,7,1
PHC-DST-B1-03,2024-12-31,8,2,6
PHC-DST-B1-03,2025-01-01,8,6,2
PHC-DST-B1-03,2025-01-02,8,5,3
PHC-DST-B1-03,2025-01-03,8,6,2
PHC-DST-B1-03,2025-01-04,8,7,1
PHC-DST-B1-03,2025-01-05,8,3,5
PHC-DST-B1-03,2025-01-06,8,6,2
PHC-DST-B1-03,2025-01-07,8,7,1
PHC-DST-B1-03,2025-01-08,8,4,4
PHC-DST-B1-03,2025-01-09,8,4,4
PHC-DST-B1-03,2025-01-10,8,6,2
PHC-DST-B1-03,2025-01-11,8,6,2
PHC-DST-B1-03,2025-01-12,8,5,3
PHC-DST-B1-03,2025-01-13,8,7,1
PHC-DST-B1-03,2025-01-14,8,5,3
PHC-DST-B1-03,2025-01-15,8,3,5
PHC-DST-B1-03,2025-01-16,8,5,3
PHC-DST-B1-03,2025-01-17,8,7,1
PHC-DST-B1-03,2025-01-18,8,7,1
PHC-DST-B1-03,2025-01-19,8,5,3
PHC-DST-B1-03,2025-01-20,8,3,5
PHC-DST-B1-03,2025-01-21,8,5,3
PHC-DST-B1-03,2025-01-22,8,5,3
PHC-DST-B1-03,2025-01-23,8,5,3
PHC-DST-B1-03,2025-01-24,8,3,5
PHC-DST-B1-03,2025-01-25,8,7,1
PHC-DST-B1-03,2025-01-26,8,5,3
PHC-DST-B1-03,2025-01-27,8,5,3
PHC-DST-B1-03,2025-01-28,8,6,2
PHC-DST-B1-03,2025-01-29,8,7,1
PHC-DST-B1-03,2025-01-30,8,8,0
PHC-DST-B1-03,2025-01-31,8,4,4
PHC-DST-B1-03,2025-02-01,8,5,3
PHC-DST-B1-03,2025-02-02,8,6,2
PHC-DST-B1-03,2025-02-03,8,5,3
PHC-DST-B1-03,2025-02-04,8,2,6
PHC-DST-B1-03,2025-02-05,8,5,3
PHC-DST-B1-03,2025-02-06,8,5,3
PHC-DST-B1-03,2025-02-07,8,5,3
PHC-DST-B1-03,2025-02-08,8,3,5
PHC-DST-B1-03,2025-02-09,8,5,3
PHC-DST-B1-03,2025-02-10,8,8,0
PHC-DST-B1-03,2025-02-11,8,8,0
PHC-DST-B1-03,2025-02-12,8,5,3
PHC-DST-B1-03,2025-02-13,8,6,2
PHC-DST-B1-03,2025-02-14,8,5,3
PHC-DST-B1-03,2025-02-15,8,6,2
PHC-DST-B1-03,2025-02-16,8,7,1
PHC-DST-B1-03,2025-02-17,8,8,0
PHC-DST-B1-03,2025-02-18,8,4,4
PHC-DST-B1-03,2025-02-19,8,7,1
PHC-DST-B1-03,2025-02-20,8,8,0
PHC-DST-B1-03,2025-02-21,8,6,2
PHC-DST-B1-03,2025-02-22,8,3,5
PHC-DST-B1-03,2025-02-23,8,8,0
PHC-DST-B1-03,2025-02-24,8,5,3
PHC-DST-B1-03,2025-02-25,8,3,5
PHC-DST-B1-03,2025-02-26,8,5,3
PHC-DST-B1-03,2025-02-27,8,6,2
PHC-DST-B1-03,2025-02-28,8,7,1
PHC-DST-B1-03,2025-03-01,8,6,2
PHC-DST-B1-03,2025-03-02,8,7,1
PHC-DST-B1-03,2025-03-03,8,6,2
PHC-DST-B1-03,2025-03-04,8,3,5
PHC-DST-B1-03,2025-03-05,8,5,3
PHC-DST-B1-03,2025-03-06,8,2,6
PHC-DST-B1-03,2025-03-07,8,5,3
PHC-DST-B1-03,2025-03-08,8,8,0
PHC-DST-B1-03,2025-03-09,8,5,3
PHC-DST-B1-03,2025-03-10,8,5,3
PHC-DST-B1-03,2025-03-11,8,3,5
PHC-DST-B1-03,2025-03-12,8,6,2
PHC-DST-B1-03,2025-03-13,8,8,0
PHC-DST-B1-03,2025-03-14,8,8,0
PHC-DST-B1-03,2025-03-15,8,5,3
PHC-DST-B1-03,2025-03-16,8,5,3
PHC-DST-B1-03,2025-03-17,8,8,0
PHC-DST-B1-03,2025-03-18,8,8,0
PHC-DST-B1-03,2025-03-19,8,8,0
PHC-DST-B1-03,2025-03-20,8,2,6
PHC-DST-B1-03,2025-03-21,8,8,0
PHC-DST-B1-03,2025-03-22,8,6,2
PHC-DST-B1-03,2025-03-23,8,5,3
PHC-DST-B1-03,2025-03-24,8,2,6
PHC-DST-B1-03,2025-03-25,8,6,2
PHC-DST-B1-03,2025-03-26,8,8,0
PHC-DST-B1-03,2025-03-27,8,4,4
PHC-DST-B1-03,2025-03-28,8,3,5
PHC-DST-B1-03,2025-03-29,8,7,1
PHC-DST-B1-03,2025-03-30,8,6,2
PHC-DST-B1-03,2025-03-31,8,6,2
PHC-DST-B1-03,2025-04-01,8,5,3
PHC-DST-B1-03,2025-04-02,8,5,3
PHC-DST-B1-03,2025-04-03,8,5,3
PHC-DST-B1-03,2025-04-04,8,8,0
PHC-DST-B1-03,2025-04-05,8,6,2
PHC-DST-B1-03,2025-04-06,8,8,0
PHC-DST-B1-03,2025-04-07,8,8,0
PHC-DST-B1-03,2025-04-08,8,7,1
PHC-DST-B1-03,2025-04-09,8,6,2
PHC-DST-B1-03,2025-04-10,8,8,0
PHC-DST-B1-03,2025-04-11,8,7,1
PHC-DST-B1-03,2025-04-12,8,3,5
PHC-DST-B1-03,2025-04-13,8,6,2
PHC-DST-B1-03,2025-04-14,8,6,2
PHC-DST-B1-03,2025-04-15,8,4,4
PHC-DST-B1-03,2025-04-16,8,6,2
PHC-DST-B1-03,2025-04-17,8,4,4
PHC-DST-B1-03,2025-04-18,8,5,3
PHC-DST-B1-03,2025-04-19,8,5,3
PHC-DST-B1-03,2025-04-20,8,5,3
PHC-DST-B1-03,2025-04-21,8,7,1
PHC-DST-B1-03,2025-04-22,8,5,3
PHC-DST-B1-03,2025-04-23,8,7,1
PHC-DST-B1-03,2025-04-24,8,7,1
PHC-DST-B1-03,2025-04-25,8,6,2
PHC-DST-B1-03,2025-04-26,8,6,2
PHC-DST-B1-03,2025-04-27,8,8,0
PHC-DST-B1-03,2025-04-28,8,7,1
PHC-DST-B1-03,2025-04-29,8,7,1
PHC-DST-B1-03,2025-04-30,8,8,0
PHC-DST-B1-03,2025-05-01,8,2,6
PHC-DST-B1-03,2025-05-02,8,3,5
PHC-DST-B1-03,2025-05-03,8,8,0
PHC-DST-B1-03,2025-05-04,8,4,4
PHC-DST-B1-03,2025-05-05,8,4,4
PHC-DST-B1-03,2025-05-06,8,3,5
PHC-DST-B1-03,2025-05-07,8,3,5
PHC-DST-B1-03,2025-05-08,8,4,4
PHC-DST-B1-03,2025-05-09,8,7,1
PHC-DST-B1-03,2025-05-10,8,8,0
PHC-DST-B1-03,2025-05-11,8,3,5
PHC-DST-B1-03,2025-05-12,8,5,3
PHC-DST-B1-03,2025-05-13,8,3,5
PHC-DST-B1-03,2025-05-14,8,6,2
PHC-DST-B1-03,2025-05-15,8,7,1
PHC-DST-B1-03,2025-05-16,8,6,2
PHC-DST-B1-03,2025-05-17,8,5,3
PHC-DST-B1-03,2025-05-18,8,8,0
PHC-DST-B1-03,2025-05-19,8,2,6
PHC-DST-B1-03,2025-05-20,8,5,3
PHC-DST-B1-03,2025-05-21,8,7,1
PHC-DST-B1-03,2025-05-22,8,4,4
PHC-DST-B1-03,2025-05-23,8,5,3
PHC-DST-B1-03,2025-05-24,8,3,5
PHC-DST-B1-03,2025-05-25,8,8,0
PHC-DST-B1-03,2025-05-26,8,2,6
PHC-DST-B1-03,2025-05-27,8,7,1
PHC-DST-B1-03,2025-05-28,8,5,3
PHC-DST-B1-03,2025-05-29,8,4,4
PHC-DST-B1-03,2025-05-30,8,8,0
PHC-DST-B1-03,2025-05-31,8,4,4
PHC-DST-B1-03,2025-06-01,8,7,1
PHC-DST-B1-03,2025-06-02,8,2,6
PHC-DST-B1-03,2025-06-03,8,3,5
PHC-DST-B1-03,2025-06-04,8,5,3
PHC-DST-B1-03,2025-06-05,8,6,2
PHC-DST-B1-03,2025-06-06,8,5,3
PHC-DST-B1-03,2025-06-07,8,7,1
PHC-DST-B1-03,2025-06-08,8,5,3
PHC-DST-B1-03,2025-06-09,8,7,1
PHC-DST-B1-03,2025-06-10,8,4,4
PHC-DST-B1-03,2025-06-11,8,8,0
PHC-DST-B1-03,2025-06-12,8,4,4
PHC-DST-B1-03,2025-06-13,8,7,1
PHC-DST-B1-03,2025-06-14,8,4,4
PHC-DST-B1-03,2025-06-15,8,8,0
PHC-DST-B1-03,2025-06-16,8,7,1
PHC-DST-B1-03,2025-06-17,8,6,2
PHC-DST-B1-03,2025-06-18,8,6,2
PHC-DST-B1-03,2025-06-19,8,8,0
PHC-DST-B1-03,2025-06-20,8,5,3
PHC-DST-B1-03,2025-06-21,8,4,4
PHC-DST-B1-03,2025-06-22,8,7,1
PHC-DST-B1-03,2025-06-23,8,3,5
PHC-DST-B1-03,2025-06-24,8,5,3
PHC-DST-B1-03,2025-06-25,8,7,1
PHC-DST-B1-03,2025-06-26,8,5,3
PHC-DST-B1-03,2025-06-27,8,5,3
PHC-DST-B1-03,2025-06-28,8,4,4
PHC-DST-B1-03,2025-06-29,8,7,1
PHC-DST-B1-03,2025-06-30,8,5,3
PHC-DST-B1-04,2024-07-01,6,6,0
PHC-DST-B1-04,2024-07-02,6,4,2
PHC-DST-B1-04,2024-07-03,6,6,0
PHC-DST-B1-04,2024-07-04,6,6,0
PHC-DST-B1-04,2024-07-05,6,6,0
PHC-DST-B1-04,2024-07-06,6,6,0
PHC-DST-B1-04,2024-07-07,6,6,0
PHC-DST-B1-04,2024-07-08,6,5,1
PHC-DST-B1-04,2024-07-09,6,5,1
PHC-DST-B1-04,2024-07-10,6,3,3
PHC-DST-B1-04,2024-07-11,6,2,4
PHC-DST-B1-04,2024-07-12,6,6,0
PHC-DST-B1-04,2024-07-13,6,6,0
PHC-DST-B1-04,2024-07-14,6,6,0
PHC-DST-B1-04,2024-07-15,6,5,1
PHC-DST-B1-04,2024-07-16,6,5,1
PHC-DST-B1-04,2024-07-17,6,6,0
PHC-DST-B1-04,2024-07-18,6,6,0
PHC-DST-B1-04,2024-07-19,6,6,0
PHC-DST-B1-04,2024-07-20,6,4,2
PHC-DST-B1-04,2024-07-21,6,6,0
PHC-DST-B1-04,2024-07-22,6,6,0
PHC-DST-B1-04,2024-07-23,6,4,2
PHC-DST-B1-04,2024-07-24,6,6,0
PHC-DST-B1-04,2024-07-25,6,6,0
PHC-DST-B1-04,2024-07-26,6,6,0
PHC-DST-B1-04,2024-07-27,6,6,0
PHC-DST-B1-04,2024-07-28,6,6,0
PHC-DST-B1-04,2024-07-29,6,6,0
PHC-DST-B1-04,2024-07-30,6,6,0
PHC-DST-B1-04,2024-07-31,6,6,0
PHC-DST-B1-04,2024-08-01,6,6,0
PHC-DST-B1-04,2024-08-02,6,3,3
PHC-DST-B1-04,2024-08-03,6,6,0
PHC-DST-B1-04,2024-08-04,6,6,0
PHC-DST-B1-04,2024-08-05,6,3,3
PHC-DST-B1-04,2024-08-06,6,6,0
PHC-DST-B1-04,2024-08-07,6,6,0
PHC-DST-B1-04,2024-08-08,6,6,0
PHC-DST-B1-04,2024-08-09,6,6,0
PHC-DST-B1-04,2024-08-10,6,5,1
PHC-DST-B1-04,2024-08-11,6,5,1
PHC-DST-B1-04,2024-08-12,6,6,0
PHC-DST-B1-04,2024-08-13,6,5,1
PHC-DST-B1-04,2024-08-14,6,6,0
PHC-DST-B1-04,2024-08-15,6,5,1
PHC-DST-B1-04,2024-08-16,6,6,0
PHC-DST-B1-04,2024-08-17,6,4,2
PHC-DST-B1-04,2024-08-18,6,6,0
PHC-DST-B1-04,2024-08-19,6,5,1
PHC-DST-B1-04,2024-08-20,6,3,3
PHC-DST-B1-04,2024-08-21,6,5,1
PHC-DST-B1-04,2024-08-22,6,6,0
PHC-DST-B1-04,2024-08-23,6,5,1
PHC-DST-B1-04,2024-08-24,6,6,0
PHC-DST-B1-04,2024-08-25,6,5,1
PHC-DST-B1-04,2024-08-26,6,6,0
PHC-DST-B1-04,2024-08-27,6,4,2
PHC-DST-B1-04,2024-08-28,6,6,0
PHC-DST-B1-04,2024-08-29,6,6,0
PHC-DST-B1-04,2024-08-30,6,6,0
PHC-DST-B1-04,2024-08-31,6,6,0
PHC-DST-B1-04,2024-09-01,6,6,0
PHC-DST-B1-04,2024-09-02,6,6,0
PHC-DST-B1-04,2024-09-03,6,6,0
PHC-DST-B1-04,2024-09-04,6,6,0
PHC-DST-B1-04,2024-09-05,6,6,0
PHC-DST-B1-04,2024-09-06,6,4,2
PHC-DST-B1-04,2024-09-07,6,3,3
PHC-DST-B1-04,2024-09-08,6,5,1
PHC-DST-B1-04,2024-09-09,6,5,1
PHC-DST-B1-04,2024-09-10,6,6,0
PHC-DST-B1-04,2024-09-11,6,2,4
PHC-DST-B1-04,2024-09-12,6,4,2
PHC-DST-B1-04,2024-09-13,6,3,3
PHC-DST-B1-04,2024-09-14,6,6,0
PHC-DST-B1-04,2024-09-15,6,2,4
PHC-DST-B1-04,2024-09-16,6,3,3
PHC-DST-B1-04,2024-09-17,6,6,0
PHC-DST-B1-04,2024-09-18,6,6,0
PHC-DST-B1-04,2024-09-19,6,4,2
PHC-DST-B1-04,2024-09-20,6,6,0
PHC-DST-B1-04,2024-09-21,6,6,0
PHC-DST-B1-04,2024-09-22,6,6,0
PHC-DST-B1-04,2024-09-23,6,6,0
PHC-DST-B1-04,2024-09-24,6,5,1
PHC-DST-B1-04,2024-09-25,6,6,0
PHC-DST-B1-04,2024-09-26,6,5,1
PHC-DST-B1-04,2024-09-27,6,6,0
PHC-DST-B1-04,2024-09-28,6,4,2
PHC-DST-B1-04,2024-09-29,6,6,0
PHC-DST-B1-04,2024-09-30,6,6,0
PHC-DST-B1-04,2024-10-01,6,4,2
PHC-DST-B1-04,2024-10-02,6,4,2
PHC-DST-B1-04,2024-10-03,6,6,0
PHC-DST-B1-04,2024-10-04,6,6,0
PHC-DST-B1-04,2024-10-05,6,5,1
PHC-DST-B1-04,2024-10-06,6,6,0
PHC-DST-B1-04,2024-10-07,6,6,0
PHC-DST-B1-04,2024-10-08,6,5,1
PHC-DST-B1-04,2024-10-09,6,4,2
PHC-DST-B1-04,2024-10-10,6,4,2
PHC-DST-B1-04,2024-10-11,6,4,2
PHC-DST-B1-04,2024-10-12,6,6,0
PHC-DST-B1-04,2024-10-13,6,6,0
PHC-DST-B1-04,2024-10-14,6,3,3
PHC-DST-B1-04,2024-10-15,6,6,0
PHC-DST-B1-04,2024-10-16,6,5,1
PHC-DST-B1-04,2024-10-17,6,6,0
PHC-DST-B1-04,2024-10-18,6,2,4
PHC-DST-B1-04,2024-10-19,6,4,2
PHC-DST-B1-04,2024-10-20,6,6,0
PHC-DST-B1-04,2024-10-21,6,5,1
PHC-DST-B1-04,2024-10-22,6,3,3
PHC-DST-B1-04,2024-10-23,6,5,1
PHC-DST-B1-04,2024-10-24,6,5,1
PHC-DST-B1-04,2024-10-25,6,4,2
PHC-DST-B1-04,2024-10-26,6,6,0
PHC-DST-B1-04,2024-10-27,6,5,1
PHC-DST-B1-04,2024-10-28,6,5,1
PHC-DST-B1-04,2024-10-29,6,6,0
PHC-DST-B1-04,2024-10-30,6,3,3
PHC-DST-B1-04,2024-10-31,6,3,3
PHC-DST-B1-04,2024-11-01,6,4,2
PHC-DST-B1-04,2024-11-02,6,4,2
PHC-DST-B1-04,2024-11-03,6,6,0
PHC-DST-B1-04,2024-11-04,6,3,3
PHC-DST-B1-04,2024-11-05,6,2,4
PHC-DST-B1-04,2024-11-06,6,2,4
PHC-DST-B1-04,2024-11-07,6,4,2
PHC-DST-B1-04,2024-11-08,6,6,0
PHC-DST-B1-04,2024-11-09,6,6,0
PHC-DST-B1-04,2024-11-10,6,6,0
PHC-DST-B1-04,2024-11-11,6,5,1
PHC-DST-B1-04,2024-11-12,6,5,1
PHC-DST-B1-04,2024-11-13,6,3,3
PHC-DST-B1-04,2024-11-14,6,6,0
PHC-DST-B1-04,2024-11-15,6,6,0
PHC-DST-B1-04,2024-11-16,6,4,2
PHC-DST-B1-04,2024-11-17,6,4,2
PHC-DST-B1-04,2024-11-18,6,3,3
PHC-DST-B1-04,2024-11-19,6,2,4
PHC-DST-B1-04,2024-11-20,6,5,1
PHC-DST-B1-04,2024-11-21,6,6,0
PHC-DST-B1-04,2024-11-22,6,5,1
PHC-DST-B1-04,2024-11-23,6,3,3
PHC-DST-B1-04,2024-11-24,6,6,0
PHC-DST-B1-04,2024-11-25,6,5,1
PHC-DST-B1-04,2024-11-26,6,6,0
PHC-DST-B1-04,2024-11-27,6,6,0
PHC-DST-B1-04,2024-11-28,6,5,1
PHC-DST-B1-04,2024-11-29,6,4,2
PHC-DST-B1-04,2024-11-30,6,4,2
PHC-DST-B1-04,2024-12-01,6,3,3
PHC-DST-B1-04,2024-12-02,6,6,0
PHC-DST-B1-04,2024-12-03,6,6,0
PHC-DST-B1-04,2024-12-04,6,6,0
PHC-DST-B1-04,2024-12-05,6,6,0
PHC-DST-B1-04,2024-12-06,6,6,0
PHC-DST-B1-04,2024-12-07,6,4,2
PHC-DST-B1-04,2024-12-08,6,5,1
PHC-DST-B1-04,2024-12-09,6,5,1
PHC-DST-B1-04,2024-12-10,6,6,0
PHC-DST-B1-04,2024-12-11,6,6,0
PHC-DST-B1-04,2024-12-12,6,6,0
PHC-DST-B1-04,2024-12-13,6,3,3
PHC-DST-B1-04,2024-12-14,6,3,3
PHC-DST-B1-04,2024-12-15,6,3,3
PHC-DST-B1-04,2024-12-16,6,5,1
PHC-DST-B1-04,2024-12-17,6,5,1
PHC-DST-B1-04,2024-12-18,6,6,0
PHC-DST-B1-04,2024-12-19,6,6,0
PHC-DST-B1-04,2024-12-20,6,6,0
PHC-DST-B1-04,2024-12-21,6,4,2
PHC-DST-B1-04,2024-12-22,6,4,2
PHC-DST-B1-04,2024-12-23,6,4,2
PHC-DST-B1-04,2024-12-24,6,4,2
PHC-DST-B1-04,2024-12-25,6,3,3
PHC-DST-B1-04,2024-12-26,6,6,0
PHC-DST-B1-04,2024-12-27,6,4,2
PHC-DST-B1-04,2024-12-28,6,2,4
PHC-DST-B1-04,2024-12-29,6,5,1
PHC-DST-B1-04,2024-12-30,6,6,0
PHC-DST-B1-04,2024-12-31,6,6,0
PHC-DST-B1-04,2025-01-01,6,6,0
PHC-DST-B1-04,2025-01-02,6,5,1
PHC-DST-B1-04,2025-01-03,6,5,1
PHC-DST-B1-04,2025-01-04,6,3,3
PHC-DST-B1-04,2025-01-05,6,2,4
PHC-DST-B1-04,2025-01-06,6,4,2
PHC-DST-B1-04,2025-01-07,6,6,0
PHC-DST-B1-04,2025-01-08,6,4,2
PHC-DST-B1-04,2025-01-09,6,4,2
PHC-DST-B1-04,2025-01-10,6,6,0
PHC-DST-B1-04,2025-01-11,6,4,2
PHC-DST-B1-04,2025-01-12,6,6,0
PHC-DST-B1-04,2025-01-13,6,5,1
PHC-DST-B1-04,2025-01-14,6,6,0
PHC-DST-B1-04,2025-01-15,6,4,2
PHC-DST-B1-04,2025-01-16,6,6,0
PHC-DST-B1-04,2025-01-17,6,4,2
PHC-DST-B1-04,2025-01-18,6,6,0
PHC-DST-B1-04,2025-01-19,6,6,0
PHC-DST-B1-04,2025-01-20,6,6,0
PHC-DST-B1-04,2025-01-21,6,2,4
PHC-DST-B1-04,2025-01-22,6,4,2
PHC-DST-B1-04,2025-01-23,6,5,1
PHC-DST-B1-04,2025-01-24,6,5,1
PHC-DST-B1-04,2025-01-25,6,5,1
PHC-DST-B1-04,2025-01-26,6,6,0
PHC-DST-B1-04,2025-01-27,6,3,3
PHC-DST-B1-04,2025-01-28,6,5,1
PHC-DST-B1-04,2025-01-29,6,5,1
PHC-DST-B1-04,2025-01-30,6,5,1
PHC-DST-B1-04,2025-01-31,6,4,2
PHC-DST-B1-04,2025-02-01,6,6,0
PHC-DST-B1-04,2025-02-02,6,6,0
PHC-DST-B1-04,2025-02-03,6,3,3
PHC-DST-B1-04,2025-02-04,6,6,0
PHC-DST-B1-04,2025-02-05,6,6,0
PHC-DST-B1-04,2025-02-06,6,6,0
PHC-DST-B1-04,2025-02-07,6,5,1
PHC-DST-B1-04,2025-02-08,6,6,0
PHC-DST-B1-04,2025-02-09,6,6,0
PHC-DST-B1-04,2025-02-10,6,6,0
PHC-DST-B1-04,2025-02-11,6,3,3
PHC-DST-B1-04,2025-02-12,6,3,3
PHC-DST-B1-04,2025-02-13,6,4,2
PHC-DST-B1-04,2025-02-14,6,6,0
PHC-DST-B1-04,2025-02-15,6,3,3
PHC-DST-B1-04,2025-02-16,6,4,2
PHC-DST-B1-04,2025-02-17,6,6,0
PHC-DST-B1-04,2025-02-18,6,4,2
PHC-DST-B1-04,2025-02-19,6,4,2
PHC-DST-B1-04,2025-02-20,6,5,1
PHC-DST-B1-04,2025-02-21,6,6,0
PHC-DST-B1-04,2025-02-22,6,4,2
PHC-DST-B1-04,2025-02-23,6,3,3
PHC-DST-B1-04,2025-02-24,6,3,3
PHC-DST-B1-04,2025-02-25,6,5,1
PHC-DST-B1-04,2025-02-26,6,5,1
PHC-DST-B1-04,2025-02-27,6,5,1
PHC-DST-B1-04,2025-02-28,6,6,0
PHC-DST-B1-04,2025-03-01,6,5,1
PHC-DST-B1-04,2025-03-02,6,4,2
PHC-DST-B1-04,2025-03-03,6,5,1
PHC-DST-B1-04,2025-03-04,6,5,1
PHC-DST-B1-04,2025-03-05,6,6,0
PHC-DST-B1-04,2025-03-06,6,3,3
PHC-DST-B1-04,2025-03-07,6,6,0
PHC-DST-B1-04,2025-03-08,6,6,0
PHC-DST-B1-04,2025-03-09,6,6,0
PHC-DST-B1-04,2025-03-10,6,4,2
PHC-DST-B1-04,2025-03-11,6,6,0
PHC-DST-B1-04,2025-03-12,6,4,2
PHC-DST-B1-04,2025-03-13,6,6,0
PHC-DST-B1-04,2025-03-14,6,3,3
PHC-DST-B1-04,2025-03-15,6,6,0
PHC-DST-B1-04,2025-03-16,6,4,2
PHC-DST-B1-04,2025-03-17,6,6,0
PHC-DST-B1-04,2025-03-18,6,4,2
PHC-DST-B1-04,2025-03-19,6,3,3
PHC-DST-B1-04,2025-03-20,6,4,2
PHC-DST-B1-04,2025-03-21,6,3,3
PHC-DST-B1-04,2025-03-22,6,5,1
PHC-DST-B1-04,2025-03-23,6,4,2
PHC-DST-B1-04,2025-03-24,6,5,1
PHC-DST-B1-04,2025-03-25,6,5,1
PHC-DST-B1-04,2025-03-26,6,6,0
PHC-DST-B1-04,2025-03-27,6,6,0
PHC-DST-B1-04,2025-03-28,6,5,1
PHC-DST-B1-04,2025-03-29,6,6,0
PHC-DST-B1-04,2025-03-30,6,5,1
PHC-DST-B1-04,2025-03-31,6,5,1
PHC-DST-B1-04,2025-04-01,6,4,2
PHC-DST-B1-04,2025-04-02,6,4,2
PHC-DST-B1-04,2025-04-03,6,3,3
PHC-DST-B1-04,2025-04-04,6,5,1
PHC-DST-B1-04,2025-04-05,6,6,0
PHC-DST-B1-04,2025-04-06,6,6,0
PHC-DST-B1-04,2025-04-07,6,3,3
PHC-DST-B1-04,2025-04-08,6,4,2
PHC-DST-B1-04,2025-04-09,6,6,0
PHC-DST-B1-04,2025-04-10,6,6,0
PHC-DST-B1-04,2025-04-11,6,6,0
PHC-DST-B1-04,2025-04-12,6,1,5
PHC-DST-B1-04,2025-04-13,6,3,3
PHC-DST-B1-04,2025-04-14,6,3,3
PHC-DST-B1-04,2025-04-15,6,5,1
PHC-DST-B1-04,2025-04-16,6,5,1
PHC-DST-B1-04,2025-04-17,6,6,0
PHC-DST-B1-04,2025-04-18,6,4,2
PHC-DST-B1-04,2025-04-19,6,6,0
PHC-DST-B1-04,2025-04-20,6,4,2
PHC-DST-B1-04,2025-04-21,6,3,3
PHC-DST-B1-04,2025-04-22,6,3,3
PHC-DST-B1-04,2025-04-23,6,6,0
PHC-DST-B1-04,2025-04-24,6,2,4
PHC-DST-B1-04,2025-04-25,6,2,4
PHC-DST-B1-04,2025-04-26,6,6,0
PHC-DST-B1-04,2025-04-27,6,4,2
PHC-DST-B1-04,2025-04-28,6,6,0
PHC-DST-B1-04,2025-04-29,6,6,0
PHC-DST-B1-04,2025-04-30,6,6,0
PHC-DST-B1-04,2025-05-01,6,6,0
PHC-DST-B1-04,2025-05-02,6,5,1
PHC-DST-B1-04,2025-05-03,6,5,1
PHC-DST-B1-04,2025-05-04,6,6,0
PHC-DST-B1-04,2025-05-05,6,6,0
PHC-DST-B1-04,2025-05-06,6,6,0
PHC-DST-B1-04,2025-05-07,6,5,1
PHC-DST-B1-04,2025-05-08,6,3,3
PHC-DST-B1-04,2025-05-09,6,4,2
PHC-DST-B1-04,2025-05-10,6,6,0
PHC-DST-B1-04,2025-05-11,6,6,0
PHC-DST-B1-04,2025-05-12,6,4,2
PHC-DST-B1-04,2025-05-13,6,6,0
PHC-DST-B1-04,2025-05-14,6,6,0
PHC-DST-B1-04,2025-05-15,6,3,3
PHC-DST-B1-04,2025-05-16,6,6,0
PHC-DST-B1-04,2025-05-17,6,6,0
PHC-DST-B1-04,2025-05-18,6,4,2
PHC-DST-B1-04,2025-05-19,6,6,0
PHC-DST-B1-04,2025-05-20,6,6,0
PHC-DST-B1-04,2025-05-21,6,4,2
PHC-DST-B1-04,2025-05-22,6,3,3
PHC-DST-B1-04,2025-05-23,6,3,3
PHC-DST-B1-04,2025-05-24,6,6,0
PHC-DST-B1-04,2025-05-25,6,4,2
PHC-DST-B1-04,2025-05-26,6,1,5
PHC-DST-B1-04,2025-05-27,6,4,2
PHC-DST-B1-04,2025-05-28,6,6,0
PHC-DST-B1-04,2025-05-29,6,6,0
PHC-DST-B1-04,2025-05-30,6,6,0
PHC-DST-B1-04,2025-05-31,6,3,3
PHC-DST-B1-04,2025-06-01,6,6,0
PHC-DST-B1-04,2025-06-02,6,5,1
PHC-DST-B1-04,2025-06-03,6,4,2
PHC-DST-B1-04,2025-06-04,6,2,4
PHC-DST-B1-04,2025-06-05,6,6,0
PHC-DST-B1-04,2025-06-06,6,5,1
PHC-DST-B1-04,2025-06-07,6,6,0
PHC-DST-B1-04,2025-06-08,6,4,2
PHC-DST-B1-04,2025-06-09,6,6,0
PHC-DST-B1-04,2025-06-10,6,6,0
PHC-DST-B1-04,2025-06-11,6,4,2
PHC-DST-B1-04,2025-06-12,6,6,0
PHC-DST-B1-04,2025-06-13,6,6,0
PHC-DST-B1-04,2025-06-14,6,6,0
PHC-DST-B1-04,2025-06-15,6,5,1
PHC-DST-B1-04,2025-06-16,6,2,4
PHC-DST-B1-04,2025-06-17,6,6,0
PHC-DST-B1-04,2025-06-18,6,6,0
PHC-DST-B1-04,2025-06-19,6,6,0
PHC-DST-B1-04,2025-06-20,6,6,0
PHC-DST-B1-04,2025-06-21,6,5,1
PHC-DST-B1-04,2025-06-22,6,6,0
PHC-DST-B1-04,2025-06-23,6,6,0
PHC-DST-B1-04,2025-06-24,6,3,3
PHC-DST-B1-04,2025-06-25,6,6,0
PHC-DST-B1-04,2025-06-26,6,5,1
PHC-DST-B1-04,2025-06-27,6,4,2
PHC-DST-B1-04,2025-06-28,6,5,1
PHC-DST-B1-04,2025-06-29,6,6,0
PHC-DST-B1-04,2025-06-30,6,6,0
PHC-DST-B1-05,2024-07-01,4,4,0
PHC-DST-B1-05,2024-07-02,4,4,0
PHC-DST-B1-05,2024-07-03,4,3,1
PHC-DST-B1-05,2024-07-04,4,4,0
PHC-DST-B1-05,2024-07-05,4,4,0
PHC-DST-B1-05,2024-07-06,4,4,0
PHC-DST-B1-05,2024-07-07,4,4,0
PHC-DST-B1-05,2024-07-08,4,3,1
PHC-DST-B1-05,2024-07-09,4,4,0
PHC-DST-B1-05,2024-07-10,4,4,0
PHC-DST-B1-05,2024-07-11,4,4,0
PHC-DST-B1-05,2024-07-12,4,4,0
PHC-DST-B1-05,2024-07-13,4,4,0
PHC-DST-B1-05,2024-07-14,4,3,1
PHC-DST-B1-05,2024-07-15,4,3,1
PHC-DST-B1-05,2024-07-16,4,3,1
PHC-DST-B1-05,2024-07-17,4,4,0
PHC-DST-B1-05,2024-07-18,4,4,0
PHC-DST-B1-05,2024-07-19,4,4,0
PHC-DST-B1-05,2024-07-20,4,2,2
PHC-DST-B1-05,2024-07-21,4,4,0
PHC-DST-B1-05,2024-07-22,4,4,0
PHC-DST-B1-05,2024-07-23,4,4,0
PHC-DST-B1-05,2024-07-24,4,4,0
PHC-DST-B1-05,2024-07-25,4,4,0
PHC-DST-B1-05,2024-07-26,4,4,0
PHC-DST-B1-05,2024-07-27,4,4,0
PHC-DST-B1-05,2024-07-28,4,4,0
PHC-DST-B1-05,2024-07-29,4,4,0
PHC-DST-B1-05,2024-07-30,4,4,0
PHC-DST-B1-05,2024-07-31,4,4,0
PHC-DST-B1-05,2024-08-01,4,4,0
PHC-DST-B1-05,2024-08-02,4,4,0
PHC-DST-B1-05,2024-08-03,4,2,2
PHC-DST-B1-05,2024-08-04,4,3,1
PHC-DST-B1-05,2024-08-05,4,3,1
PHC-DST-B1-05,2024-08-06,4,4,0
PHC-DST-B1-05,2024-08-07,4,4,0
PHC-DST-B1-05,2024-08-08,4,2,2
PHC-DST-B1-05,2024-08-09,4,4,0
PHC-DST-B1-05,2024-08-10,4,4,0
PHC-DST-B1-05,2024-08-11,4,4,0
PHC-DST-B1-05,2024-08-12,4,4,0
PHC-DST-B1-05,2024-08-13,4,4,0
PHC-DST-B1-05,2024-08-14,4,3,1
PHC-DST-B1-05,2024-08-15,4,4,0
PHC-DST-B1-05,2024-08-16,4,4,0
PHC-DST-B1-05,2024-08-17,4,4,0
PHC-DST-B1-05,2024-08-18,4,3,1
PHC-DST-B1-05,2024-08-19,4,4,0
PHC-DST-B1-05,2024-08-20,4,4,0
PHC-DST-B1-05,2024-08-21,4,3,1
PHC-DST-B1-05,2024-08-22,4,4,0
PHC-DST-B1-05,2024-08-23,4,4,0
PHC-DST-B1-05,2024-08-24,4,4,0
PHC-DST-B1-05,2024-08-25,4,4,0
PHC-DST-B1-05,2024-08-26,4,3,1
PHC-DST-B1-05,2024-08-27,4,3,1
PHC-DST-B1-05,2024-08-28,4,4,0
PHC-DST-B1-05,2024-08-29,4,4,0
PHC-DST-B1-05,2024-08-30,4,4,0
PHC-DST-B1-05,2024-08-31,4,4,0
PHC-DST-B1-05,2024-09-01,4,4,0
PHC-DST-B1-05,2024-09-02,4,2,2
PHC-DST-B1-05,2024-09-03,4,4,0
PHC-DST-B1-05,2024-09-04,4,4,0
PHC-DST-B1-05,2024-09-05,4,4,0
PHC-DST-B1-05,2024-09-06,4,4,0
PHC-DST-B1-05,2024-09-07,4,3,1
PHC-DST-B1-05,2024-09-08,4,4,0
PHC-DST-B1-05,2024-09-09,4,4,0
PHC-DST-B1-05,2024-09-10,4,4,0
PHC-DST-B1-05,2024-09-11,4,4,0
PHC-DST-B1-05,2024-09-12,4,3,1
PHC-DST-B1-05,2024-09-13,4,4,0
PHC-DST-B1-05,2024-09-14,4,4,0
PHC-DST-B1-05,2024-09-15,4,4,0
PHC-DST-B1-05,2024-09-16,4,4,0
PHC-DST-B1-05,2024-09-17,4,4,0
PHC-DST-B1-05,2024-09-18,4,4,0
PHC-DST-B1-05,2024-09-19,4,4,0
PHC-DST-B1-05,2024-09-20,4,4,0
PHC-DST-B1-05,2024-09-21,4,4,0
PHC-DST-B1-05,2024-09-22,4,4,0
PHC-DST-B1-05,2024-09-23,4,4,0
PHC-DST-B1-05,2024-09-24,4,4,0
PHC-DST-B1-05,2024-09-25,4,4,0
PHC-DST-B1-05,2024-09-26,4,4,0
PHC-DST-B1-05,2024-09-27,4,3,1
PHC-DST-B1-05,2024-09-28,4,3,1
PHC-DST-B1-05,2024-09-29,4,4,0
PHC-DST-B1-05,2024-09-30,4,4,0
PHC-DST-B1-05,2024-10-01,4,4,0
PHC-DST-B1-05,2024-10-02,4,4,0
PHC-DST-B1-05,2024-10-03,4,2,2
PHC-DST-B1-05,2024-10-04,4,3,1
PHC-DST-B1-05,2024-10-05,4,2,2
PHC-DST-B1-05,2024-10-06,4,4,0
PHC-DST-B1-05,2024-10-07,4,4,0
PHC-DST-B1-05,2024-10-08,4,4,0
PHC-DST-B1-05,2024-10-09,4,3,1
PHC-DST-B1-05,2024-10-10,4,4,0
PHC-DST-B1-05,2024-10-11,4,4,0
PHC-DST-B1-05,2024-10-12,4,4,0
PHC-DST-B1-05,2024-10-13,4,4,0
PHC-DST-B1-05,2024-10-14,4,4,0
PHC-DST-B1-05,2024-10-15,4,4,0
PHC-DST-B1-05,2024-10-16,4,4,0
PHC-DST-B1-05,2024-10-17,4,4,0
PHC-DST-B1-05,2024-10-18,4,4,0
PHC-DST-B1-05,2024-10-19,4,4,0
PHC-DST-B1-05,2024-10-20,4,4,0
PHC-DST-B1-05,2024-10-21,4,3,1
PHC-DST-B1-05,2024-10-22,4,4,0
PHC-DST-B1-05,2024-10-23,4,4,0
PHC-DST-B1-05,2024-10-24,4,2,2
PHC-DST-B1-05,2024-10-25,4,3,1
PHC-DST-B1-05,2024-10-26,4,3,1
PHC-DST-B1-05,2024-10-27,4,4,0
PHC-DST-B1-05,2024-10-28,4,4,0
PHC-DST-B1-05,2024-10-29,4,4,0
PHC-DST-B1-05,2024-10-30,4,2,2
PHC-DST-B1-05,2024-10-31,4,4,0
PHC-DST-B1-05,2024-11-01,4,4,0
PHC-DST-B1-05,2024-11-02,4,4,0
PHC-DST-B1-05,2024-11-03,4,4,0
PHC-DST-B1-05,2024-11-04,4,3,1
PHC-DST-B1-05,2024-11-05,4,4,0
PHC-DST-B1-05,2024-11-06,4,4,0
PHC-DST-B1-05,2024-11-07,4,4,0
PHC-DST-B1-05,2024-11-08,4,4,0
PHC-DST-B1-05,2024-11-09,4,4,0
PHC-DST-B1-05,2024-11-10,4,4,0
PHC-DST-B1-05,2024-11-11,4,2,2
PHC-DST-B1-05,2024-11-12,4,4,0
PHC-DST-B1-05,2024-11-13,4,3,1
PHC-DST-B1-05,2024-11-14,4,3,1
PHC-DST-B1-05,2024-11-15,4,4,0
PHC-DST-B1-05,2024-11-16,4,3,1
PHC-DST-B1-05,2024-11-17,4,2,2
PHC-DST-B1-05,2024-11-18,4,4,0
PHC-DST-B1-05,2024-11-19,4,3,1
PHC-DST-B1-05,2024-11-20,4,4,0
PHC-DST-B1-05,2024-11-21,4,4,0
PHC-DST-B1-05,2024-11-22,4,1,3
PHC-DST-B1-05,2024-11-23,4,4,0
PHC-DST-B1-05,2024-11-24,4,4,0
PHC-DST-B1-05,2024-11-25,4,4,0
PHC-DST-B1-05,2024-11-26,4,4,0
PHC-DST-B1-05,2024-11-27,4,3,1
PHC-DST-B1-05,2024-11-28,4,2,2
PHC-DST-B1-05,2024-11-29,4,4,0
PHC-DST-B1-05,2024-11-30,4,3,1
PHC-DST-B1-05,2024-12-01,4,4,0
PHC-DST-B1-05,2024-12-02,4,4,0
PHC-DST-B1-05,2024-12-03,4,4,0
PHC-DST-B1-05,2024-12-04,4,4,0
PHC-DST-B1-05,2024-12-05,4,4,0
PHC-DST-B1-05,2024-12-06,4,4,0
PHC-DST-B1-05,2024-12-07,4,3,1
PHC-DST-B1-05,2024-12-08,4,2,2
PHC-DST-B1-05,2024-12-09,4,2,2
PHC-DST-B1-05,2024-12-10,4,4,0
PHC-DST-B1-05,2024-12-11,4,2,2
PHC-DST-B1-05,2024-12-12,4,3,1
PHC-DST-B1-05,2024-12-13,4,4,0
PHC-DST-B1-05,2024-12-14,4,3,1
PHC-DST-B1-05,2024-12-15,4,4,0
PHC-DST-B1-05,2024-12-16,4,3,1
PHC-DST-B1-05,2024-12-17,4,4,0
PHC-DST-B1-05,2024-12-18,4,1,3
PHC-DST-B1-05,2024-12-19,4,3,1
PHC-DST-B1-05,2024-12-20,4,4,0
PHC-DST-B1-05,2024-12-21,4,4,0
PHC-DST-B1-05,2024-12-22,4,4,0
PHC-DST-B1-05,2024-12-23,4,4,0
PHC-DST-B1-05,2024-12-24,4,4,0
PHC-DST-B1-05,2024-12-25,4,4,0
PHC-DST-B1-05,2024-12-26,4,4,0
PHC-DST-B1-05,2024-12-27,4,4,0
PHC-DST-B1-05,2024-12-28,4,4,0
PHC-DST-B1-05,2024-12-29,4,4,0
PHC-DST-B1-05,2024-12-30,4,3,1
PHC-DST-B1-05,2024-12-31,4,4,0
PHC-DST-B1-05,2025-01-01,4,4,0
PHC-DST-B1-05,2025-01-02,4,4,0
PHC-DST-B1-05,2025-01-03,4,1,3
PHC-DST-B1-05,2025-01-04,4,3,1
PHC-DST-B1-05,2025-01-05,4,4,0
PHC-DST-B1-05,2025-01-06,4,2,2
PHC-DST-B1-05,2025-01-07,4,3,1
PHC-DST-B1-05,2025-01-08,4,4,0
PHC-DST-B1-05,2025-01-09,4,4,0
PHC-DST-B1-05,2025-01-10,4,4,0
PHC-DST-B1-05,2025-01-11,4,4,0
PHC-DST-B1-05,2025-01-12,4,4,0
PHC-DST-B1-05,2025-01-13,4,4,0
PHC-DST-B1-05,2025-01-14,4,3,1
PHC-DST-B1-05,2025-01-15,4,4,0
PHC-DST-B1-05,2025-01-16,4,3,1
PHC-DST-B1-05,2025-01-17,4,4,0
PHC-DST-B1-05,2025-01-18,4,4,0
PHC-DST-B1-05,2025-01-19,4,2,2
PHC-DST-B1-05,2025-01-20,4,4,0
PHC-DST-B1-05,2025-01-21,4,4,0
PHC-DST-B1-05,2025-01-22,4,4,0
PHC-DST-B1-05,2025-01-23,4,4,0
PHC-DST-B1-05,2025-01-24,4,3,1
PHC-DST-B1-05,2025-01-25,4,3,1
PHC-DST-B1-05,2025-01-26,4,4,0
PHC-DST-B1-05,2025-01-27,4,4,0
PHC-DST-B1-05,2025-01-28,4,4,0
PHC-DST-B1-05,2025-01-29,4,4,0
PHC-DST-B1-05,2025-01-30,4,4,0
PHC-DST-B1-05,2025-01-31,4,4,0
PHC-DST-B1-05,2025-02-01,4,3,1
PHC-DST-B1-05,2025-02-02,4,4,0
PHC-DST-B1-05,2025-02-03,4,3,1
PHC-DST-B1-05,2025-02-04,4,4,0
PHC-DST-B1-05,2025-02-05,4,4,0
PHC-DST-B1-05,2025-02-06,4,2,2
PHC-DST-B1-05,2025-02-07,4,3,1
PHC-DST-B1-05,2025-02-08,4,4,0
PHC-DST-B1-05,2025-02-09,4,4,0
PHC-DST-B1-05,2025-02-10,4,3,1
PHC-DST-B1-05,2025-02-11,4,4,0
PHC-DST-B1-05,2025-02-12,4,4,0
PHC-DST-B1-05,2025-02-13,4,3,1
PHC-DST-B1-05,2025-02-14,4,4,0
PHC-DST-B1-05,2025-02-15,4,4,0
PHC-DST-B1-05,2025-02-16,4,4,0
PHC-DST-B1-05,2025-02-17,4,4,0
PHC-DST-B1-05,2025-02-18,4,4,0
PHC-DST-B1-05,2025-02-19,4,4,0
PHC-DST-B1-05,2025-02-20,4,4,0
PHC-DST-B1-05,2025-02-21,4,4,0
PHC-DST-B1-05,2025-02-22,4,4,0
PHC-DST-B1-05,2025-02-23,4,4,0
PHC-DST-B1-05,2025-02-24,4,4,0
PHC-DST-B1-05,2025-02-25,4,4,0
PHC-DST-B1-05,2025-02-26,4,4,0
PHC-DST-B1-05,2025-02-27,4,3,1
PHC-DST-B1-05,2025-02-28,4,3,1
PHC-DST-B1-05,2025-03-01,4,4,0
PHC-DST-B1-05,2025-03-02,4,3,1
PHC-DST-B1-05,2025-03-03,4,2,2
PHC-DST-B1-05,2025-03-04,4,4,0
PHC-DST-B1-05,2025-03-05,4,4,0
PHC-DST-B1-05,2025-03-06,4,4,0
PHC-DST-B1-05,2025-03-07,4,4,0
PHC-DST-B1-05,2025-03-08,4,4,0
PHC-DST-B1-05,2025-03-09,4,4,0
PHC-DST-B1-05,2025-03-10,4,4,0
PHC-DST-B1-05,2025-03-11,4,2,2
PHC-DST-B1-05,2025-03-12,4,4,0
PHC-DST-B1-05,2025-03-13,4,2,2
PHC-DST-B1-05,2025-03-14,4,3,1
PHC-DST-B1-05,2025-03-15,4,4,0
PHC-DST-B1-05,2025-03-16,4,3,1
PHC-DST-B1-05,2025-03-17,4,4,0
PHC-DST-B1-05,2025-03-18,4,4,0
PHC-DST-B1-05,2025-03-19,4,4,0
PHC-DST-B1-05,2025-03-20,4,4,0
PHC-DST-B1-05,2025-03-21,4,3,1
PHC-DST-B1-05,2025-03-22,4,4,0
PHC-DST-B1-05,2025-03-23,4,4,0
PHC-DST-B1-05,2025-03-24,4,4,0
PHC-DST-B1-05,2025-03-25,4,4,0
PHC-DST-B1-05,2025-03-26,4,4,0
PHC-DST-B1-05,2025-03-27,4,3,1
PHC-DST-B1-05,2025-03-28,4,3,1
PHC-DST-B1-05,2025-03-29,4,3,1
PHC-DST-B1-05,2025-03-30,4,4,0
PHC-DST-B1-05,2025-03-31,4,4,0
PHC-DST-B1-05,2025-04-01,4,4,0
PHC-DST-B1-05,2025-04-02,4,4,0
PHC-DST-B1-05,2025-04-03,4,3,1
PHC-DST-B1-05,2025-04-04,4,4,0
PHC-DST-B1-05,2025-04-05,4,4,0
PHC-DST-B1-05,2025-04-06,4,4,0
PHC-DST-B1-05,2025-04-07,4,2,2
PHC-DST-B1-05,2025-04-08,4,3,1
PHC-DST-B1-05,2025-04-09,4,4,0
PHC-DST-B1-05,2025-04-10,4,4,0
PHC-DST-B1-05,2025-04-11,4,4,0
PHC-DST-B1-05,2025-04-12,4,4,0
PHC-DST-B1-05,2025-04-13,4,3,1
PHC-DST-B1-05,2025-04-14,4,4,0
PHC-DST-B1-05,2025-04-15,4,4,0
PHC-DST-B1-05,2025-04-16,4,4,0
PHC-DST-B1-05,2025-04-17,4,4,0
PHC-DST-B1-05,2025-04-18,4,4,0
PHC-DST-B1-05,2025-04-19,4,2,2
PHC-DST-B1-05,2025-04-20,4,2,2
PHC-DST-B1-05,2025-04-21,4,3,1
PHC-DST-B1-05,2025-04-22,4,4,0
PHC-DST-B1-05,2025-04-23,4,3,1
PHC-DST-B1-05,2025-04-24,4,4,0
PHC-DST-B1-05,2025-04-25,4,4,0
PHC-DST-B1-05,2025-04-26,4,4,0
PHC-DST-B1-05,2025-04-27,4,4,0
PHC-DST-B1-05,2025-04-28,4,4,0
PHC-DST-B1-05,2025-04-29,4,4,0
PHC-DST-B1-05,2025-04-30,4,4,0
PHC-DST-B1-05,2025-05-01,4,3,1
PHC-DST-B1-05,2025-05-02,4,4,0
PHC-DST-B1-05,2025-05-03,4,4,0
PHC-DST-B1-05,2025-05-04,4,4,0
PHC-DST-B1-05,2025-05-05,4,4,0
PHC-DST-B1-05,2025-05-06,4,4,0
PHC-DST-B1-05,2025-05-07,4,4,0
PHC-DST-B1-05,2025-05-08,4,2,2
PHC-DST-B1-05,2025-05-09,4,4,0
PHC-DST-B1-05,2025-05-10,4,4,0
PHC-DST-B1-05,2025-05-11,4,2,2
PHC-DST-B1-05,2025-05-12,4,2,2
PHC-DST-B1-05,2025-05-13,4,4,0
PHC-DST-B1-05,2025-05-14,4,4,0
PHC-DST-B1-05,2025-05-15,4,3,1
PHC-DST-B1-05,2025-05-16,4,4,0
PHC-DST-B1-05,2025-05-17,4,4,0
PHC-DST-B1-05,2025-05-18,4,4,0
PHC-DST-B1-05,2025-05-19,4,4,0
PHC-DST-B1-05,2025-05-20,4,4,0
PHC-DST-B1-05,2025-05-21,4,1,3
PHC-DST-B1-05,2025-05-22,4,4,0
PHC-DST-B1-05,2025-05-23,4,4,0
PHC-DST-B1-05,2025-05-24,4,4,0
PHC-DST-B1-05,2025-05-25,4,1,3
PHC-DST-B1-05,2025-05-26,4,4,0
PHC-DST-B1-05,2025-05-27,4,4,0
PHC-DST-B1-05,2025-05-28,4,4,0
PHC-DST-B1-05,2025-05-29,4,4,0
PHC-DST-B1-05,2025-05-30,4,4,0
PHC-DST-B1-05,2025-05-31,4,2,2
PHC-DST-B1-05,2025-06-01,4,4,0
PHC-DST-B1-05,2025-06-02,4,0,4
PHC-DST-B1-05,2025-06-03,4,4,0
PHC-DST-B1-05,2025-06-04,4,3,1
PHC-DST-B1-05,2025-06-05,4,4,0
PHC-DST-B1-05,2025-06-06,4,4,0
PHC-DST-B1-05,2025-06-07,4,4,0
PHC-DST-B1-05,2025-06-08,4,4,0
PHC-DST-B1-05,2025-06-09,4,4,0
PHC-DST-B1-05,2025-06-10,4,4,0
PHC-DST-B1-05,2025-06-11,4,4,0
PHC-DST-B1-05,2025-06-12,4,4,0
PHC-DST-B1-05,2025-06-13,4,4,0
PHC-DST-B1-05,2025-06-14,4,4,0
PHC-DST-B1-05,2025-06-15,4,4,0
PHC-DST-B1-05,2025-06-16,4,4,0
PHC-DST-B1-05,2025-06-17,4,4,0
PHC-DST-B1-05,2025-06-18,4,4,0
PHC-DST-B1-05,2025-06-19,4,4,0
PHC-DST-B1-05,2025-06-20,4,4,0
PHC-DST-B1-05,2025-06-21,4,4,0
PHC-DST-B1-05,2025-06-22,4,4,0
PHC-DST-B1-05,2025-06-23,4,4,0
PHC-DST-B1-05,2025-06-24,4,4,0
PHC-DST-B1-05,2025-06-25,4,4,0
PHC-DST-B1-05,2025-06-26,4,4,0
PHC-DST-B1-05,2025-06-27,4,3,1
PHC-DST-B1-05,2025-06-28,4,2,2
PHC-DST-B1-05,2025-06-29,4,4,0
PHC-DST-B1-05,2025-06-30,4,4,0
PHC-DST-B1-06,2024-07-01,6,6,0
PHC-DST-B1-06,2024-07-02,6,6,0
PHC-DST-B1-06,2024-07-03,6,3,3
PHC-DST-B1-06,2024-07-04,6,4,2
PHC-DST-B1-06,2024-07-05,6,4,2
PHC-DST-B1-06,2024-07-06,6,5,1
PHC-DST-B1-06,2024-07-07,6,2,4
PHC-DST-B1-06,2024-07-08,6,4,2
PHC-DST-B1-06,2024-07-09,6,6,0
PHC-DST-B1-06,2024-07-10,6,4,2
PHC-DST-B1-06,2024-07-11,6,1,5
PHC-DST-B1-06,2024-07-12,6,3,3
PHC-DST-B1-06,2024-07-13,6,6,0
PHC-DST-B1-06,2024-07-14,6,4,2
PHC-DST-B1-06,2024-07-15,6,4,2
PHC-DST-B1-06,2024-07-16,6,6,0
PHC-DST-B1-06,2024-07-17,6,6,0
PHC-DST-B1-06,2024-07-18,6,4,2
PHC-DST-B1-06,2024-07-19,6,5,1
PHC-DST-B1-06,2024-07-20,6,4,2
PHC-DST-B1-06,2024-07-21,6,6,0
PHC-DST-B1-06,2024-07-22,6,5,1
PHC-DST-B1-06,2024-07-23,6,4,2
PHC-DST-B1-06,2024-07-24,6,5,1
PHC-DST-B1-06,2024-07-25,6,6,0
PHC-DST-B1-06,2024-07-26,6,5,1
PHC-DST-B1-06,2024-07-27,6,2,4
PHC-DST-B1-06,2024-07-28,6,4,2
PHC-DST-B1-06,2024-07-29,6,6,0
PHC-DST-B1-06,2024-07-30,6,5,1
PHC-DST-B1-06,2024-07-31,6,5,1
PHC-DST-B1-06,2024-08-01,6,2,4
PHC-DST-B1-06,2024-08-02,6,2,4
PHC-DST-B1-06,2024-08-03,6,6,0
PHC-DST-B1-06,2024-08-04,6,6,0
PHC-DST-B1-06,2024-08-05,6,6,0
PHC-DST-B1-06,2024-08-06,6,5,1
PHC-DST-B1-06,2024-08-07,6,5,1
PHC-DST-B1-06,2024-08-08,6,4,2
PHC-DST-B1-06,2024-08-09,6,4,2
PHC-DST-B1-06,2024-08-10,6,6,0
PHC-DST-B1-06,2024-08-11,6,5,1
PHC-DST-B1-06,2024-08-12,6,6,0
PHC-DST-B1-06,2024-08-13,6,5,1
PHC-DST-B1-06,2024-08-14,6,6,0
PHC-DST-B1-06,2024-08-15,6,6,0
PHC-DST-B1-06,2024-08-16,6,6,0
PHC-DST-B1-06,2024-08-17,6,2,4
PHC-DST-B1-06,2024-08-18,6,3,3
PHC-DST-B1-06,2024-08-19,6,5,1
PHC-DST-B1-06,2024-08-20,6,6,0
PHC-DST-B1-06,2024-08-21,6,4,2
PHC-DST-B1-06,2024-08-22,6,3,3
PHC-DST-B1-06,2024-08-23,6,5,1
PHC-DST-B1-06,2024-08-24,6,6,0
PHC-DST-B1-06,2024-08-25,6,6,0
PHC-DST-B1-06,2024-08-26,6,3,3
PHC-DST-B1-06,2024-08-27,6,3,3
PHC-DST-B1-06,2024-08-28,6,5,1
PHC-DST-B1-06,2024-08-29,6,6,0
PHC-DST-B1-06,2024-08-30,6,6,0
PHC-DST-B1-06,2024-08-31,6,3,3
PHC-DST-B1-06,2024-09-01,6,6,0
PHC-DST-B1-06,2024-09-02,6,3,3
PHC-DST-B1-06,2024-09-03,6,3,3
PHC-DST-B1-06,2024-09-04,6,6,0
PHC-DST-B1-06,2024-09-05,6,6,0
PHC-DST-B1-06,2024-09-06,6,2,4
PHC-DST-B1-06,2024-09-07,6,4,2
PHC-DST-B1-06,2024-09-08,6,3,3
PHC-DST-B1-06,2024-09-09,6,6,0
PHC-DST-B1-06,2024-09-10,6,5,1
PHC-DST-B1-06,2024-09-11,6,3,3
PHC-DST-B1-06,2024-09-12,6,3,3
PHC-DST-B1-06,2024-09-13,6,6,0
PHC-DST-B1-06,2024-09-14,6,3,3
PHC-DST-B1-06,2024-09-15,6,3,3
PHC-DST-B1-06,2024-09-16,6,3,3
PHC-DST-B1-06,2024-09-17,6,5,1
PHC-DST-B1-06,2024-09-18,6,6,0
PHC-DST-B1-06,2024-09-19,6,2,4
PHC-DST-B1-06,2024-09-20,6,5,1
PHC-DST-B1-06,2024-09-21,6,6,0
PHC-DST-B1-06,2024-09-22,6,6,0
PHC-DST-B1-06,2024-09-23,6,5,1
PHC-DST-B1-06,2024-09-24,6,6,0
PHC-DST-B1-06,2024-09-25,6,5,1
PHC-DST-B1-06,2024-09-26,6,4,2
PHC-DST-B1-06,2024-09-27,6,5,1
PHC-DST-B1-06,2024-09-28,6,3,3
PHC-DST-B1-06,2024-09-29,6,5,1
PHC-DST-B1-06,2024-09-30,6,3,3
PHC-DST-B1-06,2024-10-01,6,6,0
PHC-DST-B1-06,2024-10-02,6,5,1
PHC-DST-B1-06,2024-10-03,6,6,0
PHC-DST-B1-06,2024-10-04,6,2,4
PHC-DST-B1-06,2024-10-05,6,3,3
PHC-DST-B1-06,2024-10-06,6,6,0
PHC-DST-B1-06,2024-10-07,6,3,3
PHC-DST-B1-06,2024-10-08,6,3,3
PHC-DST-B1-06,2024-10-09,6,6,0
PHC-DST-B1-06,2024-10-10,6,5,1
PHC-DST-B1-06,2024-10-11,6,1,5
PHC-DST-B1-06,2024-10-12,6,3,3
PHC-DST-B1-06,2024-10-13,6,5,1
PHC-DST-B1-06,2024-10-14,6,6,0
PHC-DST-B1-06,2024-10-15,6,5,1
PHC-DST-B1-06,2024-10-16,6,5,1
PHC-DST-B1-06,2024-10-17,6,4,2
PHC-DST-B1-06,2024-10-18,6,3,3
PHC-DST-B1-06,2024-10-19,6,3,3
PHC-DST-B1-06,2024-10-20,6,5,1
PHC-DST-B1-06,2024-10-21,6,2,4
PHC-DST-B1-06,2024-10-22,6,4,2
PHC-DST-B1-06,2024-10-23,6,3,3
PHC-DST-B1-06,2024-10-24,6,6,0
PHC-DST-B1-06,2024-10-25,6,5,1
PHC-DST-B1-06,2024-10-26,6,6,0
PHC-DST-B1-06,2024-10-27,6,2,4
PHC-DST-B1-06,2024-10-28,6,6,0
PHC-DST-B1-06,2024-10-29,6,4,2
PHC-DST-B1-06,2024-10-30,6,6,0
PHC-DST-B1-06,2024-10-31,6,3,3
PHC-DST-B1-06,2024-11-01,6,5,1
PHC-DST-B1-06,2024-11-02,6,3,3
PHC-DST-B1-06,2024-11-03,6,6,0
PHC-DST-B1-06,2024-11-04,6,4,2
PHC-DST-B1-06,2024-11-05,6,5,1
PHC-DST-B1-06,2024-11-06,6,1,5
PHC-DST-B1-06,2024-11-07,6,4,2
PHC-DST-B1-06,2024-11-08,6,4,2
PHC-DST-B1-06,2024-11-09,6,3,3
PHC-DST-B1-06,2024-11-10,6,6,0
PHC-DST-B1-06,2024-11-11,6,6,0
PHC-DST-B1-06,2024-11-12,6,5,1
PHC-DST-B1-06,2024-11-13,6,3,3
PHC-DST-B1-06,2024-11-14,6,2,4
PHC-DST-B1-06,2024-11-15,6,6,0
PHC-DST-B1-06,2024-11-16,6,3,3
PHC-DST-B1-06,2024-11-17,6,6,0
PHC-DST-B1-06,2024-11-18,6,2,4
PHC-DST-B1-06,2024-11-19,6,5,1
PHC-DST-B1-06,2024-11-20,6,3,3
PHC-DST-B1-06,2024-11-21,6,2,4
PHC-DST-B1-06,2024-11-22,6,5,1
PHC-DST-B1-06,2024-11-23,6,3,3
PHC-DST-B1-06,2024-11-24,6,6,0
PHC-DST-B1-06,2024-11-25,6,2,4
PHC-DST-B1-06,2024-11-26,6,2,4
PHC-DST-B1-06,2024-11-27,6,6,0
PHC-DST-B1-06,2024-11-28,6,3,3
PHC-DST-B1-06,2024-11-29,6,6,0
PHC-DST-B1-06,2024-11-30,6,3,3
PHC-DST-B1-06,2024-12-01,6,5,1
PHC-DST-B1-06,2024-12-02,6,6,0
PHC-DST-B1-06,2024-12-03,6,3,3
PHC-DST-B1-06,2024-12-04,6,4,2
PHC-DST-B1-06,2024-12-05,6,4,2
PHC-DST-B1-06,2024-12-06,6,3,3
PHC-DST-B1-06,2024-12-07,6,4,2
PHC-DST-B1-06,2024-12-08,6,6,0
PHC-DST-B1-06,2024-12-09,6,6,0
PHC-DST-B1-06,2024-12-10,6,6,0
PHC-DST-B1-06,2024-12-11,6,6,0
PHC-DST-B1-06,2024-12-12,6,5,1
PHC-DST-B1-06,2024-12-13,6,3,3
PHC-DST-B1-06,2024-12-14,6,6,0
PHC-DST-B1-06,2024-12-15,6,6,0
PHC-DST-B1-06,2024-12-16,6,2,4
PHC-DST-B1-06,2024-12-17,6,4,2
PHC-DST-B1-06,2024-12-18,6,4,2
PHC-DST-B1-06,2024-12-19,6,3,3
PHC-DST-B1-06,2024-12-20,6,1,5
PHC-DST-B1-06,2024-12-21,6,4,2
PHC-DST-B1-06,2024-12-22,6,2,4
PHC-DST-B1-06,2024-12-23,6,5,1
PHC-DST-B1-06,2024-12-24,6,4,2
PHC-DST-B1-06,2024-12-25,6,5,1
PHC-DST-B1-06,2024-12-26,6,4,2
PHC-DST-B1-06,2024-12-27,6,4,2
PHC-DST-B1-06,2024-12-28,6,6,0
PHC-DST-B1-06,2024-12-29,6,5,1
PHC-DST-B1-06,2024-12-30,6,3,3
PHC-DST-B1-06,2024-12-31,6,4,2
PHC-DST-B1-06,2025-01-01,6,6,0
PHC-DST-B1-06,2025-01-02,6,4,2
PHC-DST-B1-06,2025-01-03,6,4,2
PHC-DST-B1-06,2025-01-04,6,5,1
PHC-DST-B1-06,2025-01-05,6,4,2
PHC-DST-B1-06,2025-01-06,6,3,3
PHC-DST-B1-06,2025-01-07,6,6,0
PHC-DST-B1-06,2025-01-08,6,6,0
PHC-DST-B1-06,2025-01-09,6,6,0
PHC-DST-B1-06,2025-01-10,6,5,1
PHC-DST-B1-06,2025-01-11,6,1,5
PHC-DST-B1-06,2025-01-12,6,3,3
PHC-DST-B1-06,2025-01-13,6,3,3
PHC-DST-B1-06,2025-01-14,6,6,0
PHC-DST-B1-06,2025-01-15,6,3,3
PHC-DST-B1-06,2025-01-16,6,0,6
PHC-DST-B1-06,2025-01-17,6,6,0
PHC-DST-B1-06,2025-01-18,6,4,2
PHC-DST-B1-06,2025-01-19,6,2,4
PHC-DST-B1-06,2025-01-20,6,4,2
PHC-DST-B1-06,2025-01-21,6,4,2
PHC-DST-B1-06,2025-01-22,6,5,1
PHC-DST-B1-06,2025-01-23,6,6,0
PHC-DST-B1-06,2025-01-24,6,5,1
PHC-DST-B1-06,2025-01-25,6,1,5
PHC-DST-B1-06,2025-01-26,6,5,1
PHC-DST-B1-06,2025-01-27,6,3,3
PHC-DST-B1-06,2025-01-28,6,2,4
PHC-DST-B1-06,2025-01-29,6,5,1
PHC-DST-B1-06,2025-01-30,6,6,0
PHC-DST-B1-06,2025-01-31,6,6,0
PHC-DST-B1-06,2025-02-01,6,2,4
PHC-DST-B1-06,2025-02-02,6,6,0
PHC-DST-B1-06,2025-02-03,6,6,0
PHC-DST-B1-06,2025-02-04,6,5,1
PHC-DST-B1-06,2025-02-05,6,5,1
PHC-DST-B1-06,2025-02-06,6,2,4
PHC-DST-B1-06,2025-02-07,6,3,3
PHC-DST-B1-06,2025-02-08,6,6,0
PHC-DST-B1-06,2025-02-09,6,4,2
PHC-DST-B1-06,2025-02-10,6,6,0
PHC-DST-B1-06,2025-02-11,6,5,1
PHC-DST-B1-06,2025-02-12,6,6,0
PHC-DST-B1-06,2025-02-13,6,3,3
PHC-DST-B1-06,2025-02-14,6,2,4
PHC-DST-B1-06,2025-02-15,6,4,2
PHC-DST-B1-06,2025-02-16,6,6,0
PHC-DST-B1-06,2025-02-17,6,4,2
PHC-DST-B1-06,2025-02-18,6,3,3
PHC-DST-B1-06,2025-02-19,6,3,3
PHC-DST-B1-06,2025-02-20,6,5,1
PHC-DST-B1-06,2025-02-21,6,6,0
PHC-DST-B1-06,2025-02-22,6,1,5
PHC-DST-B1-06,2025-02-23,6,6,0
PHC-DST-B1-06,2025-02-24,6,4,2
PHC-DST-B1-06,2025-02-25,6,6,0
PHC-DST-B1-06,2025-02-26,6,3,3
PHC-DST-B1-06,2025-02-27,6,6,0
PHC-DST-B1-06,2025-02-28,6,5,1
PHC-DST-B1-06,2025-03-01,6,4,2
PHC-DST-B1-06,2025-03-02,6,5,1
PHC-DST-B1-06,2025-03-03,6,5,1
PHC-DST-B1-06,2025-03-04,6,4,2
PHC-DST-B1-06,2025-03-05,6,6,0
PHC-DST-B1-06,2025-03-06,6,4,2
PHC-DST-B1-06,2025-03-07,6,3,3
PHC-DST-B1-06,2025-03-08,6,4,2
PHC-DST-B1-06,2025-03-09,6,5,1
PHC-DST-B1-06,2025-03-10,6,4,2
PHC-DST-B1-06,2025-03-11,6,4,2
PHC-DST-B1-06,2025-03-12,6,2,4
PHC-DST-B1-06,2025-03-13,6,2,4
PHC-DST-B1-06,2025-03-14,6,1,5
PHC-DST-B1-06,2025-03-15,6,6,0
PHC-DST-B1-06,2025-03-16,6,4,2
PHC-DST-B1-06,2025-03-17,6,2,4
PHC-DST-B1-06,2025-03-18,6,3,3
PHC-DST-B1-06,2025-03-19,6,6,0
PHC-DST-B1-06,2025-03-20,6,6,0
PHC-DST-B1-06,2025-03-21,6,5,1
PHC-DST-B1-06,2025-03-22,6,6,0
PHC-DST-B1-06,2025-03-23,6,4,2
PHC-DST-B1-06,2025-03-24,6,3,3
PHC-DST-B1-06,2025-03-25,6,6,0
PHC-DST-B1-06,2025-03-26,6,3,3
PHC-DST-B1-06,2025-03-27,6,3,3
PHC-DST-B1-06,2025-03-28,6,4,2
PHC-DST-B1-06,2025-03-29,6,3,3
PHC-DST-B1-06,2025-03-30,6,5,1
PHC-DST-B1-06,2025-03-31,6,6,0
PHC-DST-B1-06,2025-04-01,6,4,2
PHC-DST-B1-06,2025-04-02,6,6,0
PHC-DST-B1-06,2025-04-03,6,5,1
PHC-DST-B1-06,2025-04-04,6,2,4
PHC-DST-B1-06,2025-04-05,6,6,0
PHC-DST-B1-06,2025-04-06,6,6,0
PHC-DST-B1-06,2025-04-07,6,6,0
PHC-DST-B1-06,2025-04-08,6,5,1
PHC-DST-B1-06,2025-04-09,6,6,0
PHC-DST-B1-06,2025-04-10,6,6,0
PHC-DST-B1-06,2025-04-11,6,3,3
PHC-DST-B1-06,2025-04-12,6,4,2
PHC-DST-B1-06,2025-04-13,6,3,3
PHC-DST-B1-06,2025-04-14,6,3,3
PHC-DST-B1-06,2025-04-15,6,6,0
PHC-DST-B1-06,2025-04-16,6,5,1
PHC-DST-B1-06,2025-04-17,6,5,1
PHC-DST-B1-06,2025-04-18,6,4,2
PHC-DST-B1-06,2025-04-19,6,6,0
PHC-DST-B1-06,2025-04-20,6,3,3
PHC-DST-B1-06,2025-04-21,6,2,4
PHC-DST-B1-06,2025-04-22,6,3,3
PHC-DST-B1-06,2025-04-23,6,2,4
PHC-DST-B1-06,2025-04-24,6,3,3
PHC-DST-B1-06,2025-04-25,6,3,3
PHC-DST-B1-06,2025-04-26,6,4,2
PHC-DST-B1-06,2025-04-27,6,2,4
PHC-DST-B1-06,2025-04-28,6,4,2
PHC-DST-B1-06,2025-04-29,6,6,0
PHC-DST-B1-06,2025-04-30,6,4,2
PHC-DST-B1-06,2025-05-01,6,3,3
PHC-DST-B1-06,2025-05-02,6,6,0
PHC-DST-B1-06,2025-05-03,6,5,1
PHC-DST-B1-06,2025-05-04,6,2,4
PHC-DST-B1-06,2025-05-05,6,3,3
PHC-DST-B1-06,2025-05-06,6,3,3
PHC-DST-B1-06,2025-05-07,6,3,3
PHC-DST-B1-06,2025-05-08,6,4,2
PHC-DST-B1-06,2025-05-09,6,4,2
PHC-DST-B1-06,2025-05-10,6,3,3
PHC-DST-B1-06,2025-05-11,6,5,1
PHC-DST-B1-06,2025-05-12,6,6,0
PHC-DST-B1-06,2025-05-13,6,6,0
PHC-DST-B1-06,2025-05-14,6,3,3
PHC-DST-B1-06,2025-05-15,6,5,1
PHC-DST-B1-06,2025-05-16,6,6,0
PHC-DST-B1-06,2025-05-17,6,3,3
PHC-DST-B1-06,2025-05-18,6,2,4
PHC-DST-B1-06,2025-05-19,6,3,3
PHC-DST-B1-06,2025-05-20,6,3,3
PHC-DST-B1-06,2025-05-21,6,5,1
PHC-DST-B1-06,2025-05-22,6,2,4
PHC-DST-B1-06,2025-05-23,6,3,3
PHC-DST-B1-06,2025-05-24,6,4,2
PHC-DST-B1-06,2025-05-25,6,4,2
PHC-DST-B1-06,2025-05-26,6,3,3
PHC-DST-B1-06,2025-05-27,6,6,0
PHC-DST-B1-06,2025-05-28,6,6,0
PHC-DST-B1-06,2025-05-29,6,2,4
PHC-DST-B1-06,2025-05-30,6,1,5
PHC-DST-B1-06,2025-05-31,6,4,2
PHC-DST-B1-06,2025-06-01,6,5,1
PHC-DST-B1-06,2025-06-02,6,4,2
PHC-DST-B1-06,2025-06-03,6,2,4
PHC-DST-B1-06,2025-06-04,6,4,2
PHC-DST-B1-06,2025-06-05,6,3,3
PHC-DST-B1-06,2025-06-06,6,6,0
PHC-DST-B1-06,2025-06-07,6,4,2
PHC-DST-B1-06,2025-06-08,6,3,3
PHC-DST-B1-06,2025-06-09,6,2,4
PHC-DST-B1-06,2025-06-10,6,2,4
PHC-DST-B1-06,2025-06-11,6,4,2
PHC-DST-B1-06,2025-06-12,6,6,0
PHC-DST-B1-06,2025-06-13,6,3,3
PHC-DST-B1-06,2025-06-14,6,2,4
PHC-DST-B1-06,2025-06-15,6,5,1
PHC-DST-B1-06,2025-06-16,6,2,4
PHC-DST-B1-06,2025-06-17,6,6,0
PHC-DST-B1-06,2025-06-18,6,3,3
PHC-DST-B1-06,2025-06-19,6,5,1
PHC-DST-B1-06,2025-06-20,6,4,2
PHC-DST-B1-06,2025-06-21,6,6,0
PHC-DST-B1-06,2025-06-22,6,6,0
PHC-DST-B1-06,2025-06-23,6,3,3
PHC-DST-B1-06,2025-06-24,6,5,1
PHC-DST-B1-06,2025-06-25,6,2,4
PHC-DST-B1-06,2025-06-26,6,3,3
PHC-DST-B1-06,2025-06-27,6,4,2
PHC-DST-B1-06,2025-06-28,6,6,0
PHC-DST-B1-06,2025-06-29,6,3,3
PHC-DST-B1-06,2025-06-30,6,5,1
PHC-DST-B2-01,2024-07-01,6,6,0
PHC-DST-B2-01,2024-07-02,6,1,5
PHC-DST-B2-01,2024-07-03,6,5,1
PHC-DST-B2-01,2024-07-04,6,2,4
PHC-DST-B2-01,2024-07-05,6,2,4
PHC-DST-B2-01,2024-07-06,6,6,0
PHC-DST-B2-01,2024-07-07,6,3,3
PHC-DST-B2-01,2024-07-08,6,6,0
PHC-DST-B2-01,2024-07-09,6,6,0
PHC-DST-B2-01,2024-07-10,6,3,3
PHC-DST-B2-01,2024-07-11,6,2,4
PHC-DST-B2-01,2024-07-12,6,3,3
PHC-DST-B2-01,2024-07-13,6,4,2
PHC-DST-B2-01,2024-07-14,6,4,2
PHC-DST-B2-01,2024-07-15,6,5,1
PHC-DST-B2-01,2024-07-16,6,6,0
PHC-DST-B2-01,2024-07-17,6,6,0
PHC-DST-B2-01,2024-07-18,6,1,5
PHC-DST-B2-01,2024-07-19,6,1,5
PHC-DST-B2-01,2024-07-20,6,3,3
PHC-DST-B2-01,2024-07-21,6,4,2
PHC-DST-B2-01,2024-07-22,6,3,3
PHC-DST-B2-01,2024-07-23,6,2,4
PHC-DST-B2-01,2024-07-24,6,3,3
PHC-DST-B2-01,2024-07-25,6,1,5
PHC-DST-B2-01,2024-07-26,6,5,1
PHC-DST-B2-01,2024-07-27,6,6,0
PHC-DST-B2-01,2024-07-28,6,3,3
PHC-DST-B2-01,2024-07-29,6,4,2
PHC-DST-B2-01,2024-07-30,6,4,2
PHC-DST-B2-01,2024-07-31,6,4,2
PHC-DST-B2-01,2024-08-01,6,6,0
PHC-DST-B2-01,2024-08-02,6,6,0
PHC-DST-B2-01,2024-08-03,6,3,3
PHC-DST-B2-01,2024-08-04,6,5,1
PHC-DST-B2-01,2024-08-05,6,5,1
PHC-DST-B2-01,2024-08-06,6,4,2
PHC-DST-B2-01,2024-08-07,6,4,2
PHC-DST-B2-01,2024-08-08,6,6,0
PHC-DST-B2-01,2024-08-09,6,4,2
PHC-DST-B2-01,2024-08-10,6,6,0
PHC-DST-B2-01,2024-08-11,6,5,1
PHC-DST-B2-01,2024-08-12,6,5,1
PHC-DST-B2-01,2024-08-13,6,6,0
PHC-DST-B2-01,2024-08-14,6,6,0
PHC-DST-B2-01,2024-08-15,6,2,4
PHC-DST-B2-01,2024-08-16,6,5,1
PHC-DST-B2-01,2024-08-17,6,4,2
PHC-DST-B2-01,2024-08-18,6,4,2
PHC-DST-B2-01,2024-08-19,6,6,0
PHC-DST-B2-01,2024-08-20,6,2,4
PHC-DST-B2-01,2024-08-21,6,6,0
PHC-DST-B2-01,2024-08-22,6,6,0
PHC-DST-B2-01,2024-08-23,6,5,1
PHC-DST-B2-01,2024-08-24,6,5,1
PHC-DST-B2-01,2024-08-25,6,1,5
PHC-DST-B2-01,2024-08-26,6,2,4
PHC-DST-B2-01,2024-08-27,6,6,0
PHC-DST-B2-01,2024-08-28,6,2,4
PHC-DST-B2-01,2024-08-29,6,6,0
PHC-DST-B2-01,2024-08-30,6,2,4
PHC-DST-B2-01,2024-08-31,6,2,4
PHC-DST-B2-01,2024-09-01,6,3,3
PHC-DST-B2-01,2024-09-02,6,3,3
PHC-DST-B2-01,2024-09-03,6,4,2
PHC-DST-B2-01,2024-09-04,6,3,3
PHC-DST-B2-01,2024-09-05,6,6,0
PHC-DST-B2-01,2024-09-06,6,6,0
PHC-DST-B2-01,2024-09-07,6,0,6
PHC-DST-B2-01,2024-09-08,6,6,0
PHC-DST-B2-01,2024-09-09,6,5,1
PHC-DST-B2-01,2024-09-10,6,3,3
PHC-DST-B2-01,2024-09-11,6,6,0
PHC-DST-B2-01,2024-09-12,6,6,0
PHC-DST-B2-01,2024-09-13,6,6,0
PHC-DST-B2-01,2024-09-14,6,4,2
PHC-DST-B2-01,2024-09-15,6,6,0
PHC-DST-B2-01,2024-09-16,6,2,4
PHC-DST-B2-01,2024-09-17,6,3,3
PHC-DST-B2-01,2024-09-18,6,5,1
PHC-DST-B2-01,2024-09-19,6,3,3
PHC-DST-B2-01,2024-09-20,6,4,2
PHC-DST-B2-01,2024-09-21,6,6,0
PHC-DST-B2-01,2024-09-22,6,0,6
PHC-DST-B2-01,2024-09-23,6,3,3
PHC-DST-B2-01,2024-09-24,6,5,1
PHC-DST-B2-01,2024-09-25,6,4,2
PHC-DST-B2-01,2024-09-26,6,5,1
PHC-DST-B2-01,2024-09-27,6,3,3
PHC-DST-B2-01,2024-09-28,6,4,2
PHC-DST-B2-01,2024-09-29,6,6,0
PHC-DST-B2-01,2024-09-30,6,5,1
PHC-DST-B2-01,2024-10-01,6,5,1
PHC-DST-B2-01,2024-10-02,6,3,3
PHC-DST-B2-01,2024-10-03,6,5,1
PHC-DST-B2-01,2024-10-04,6,6,0
PHC-DST-B2-01,2024-10-05,6,3,3
PHC-DST-B2-01,2024-10-06,6,3,3
PHC-DST-B2-01,2024-10-07,6,4,2
PHC-DST-B2-01,2024-10-08,6,3,3
PHC-DST-B2-01,2024-10-09,6,6,0
PHC-DST-B2-01,2024-10-10,6,3,3
PHC-DST-B2-01,2024-10-11,6,2,4
PHC-DST-B2-01,2024-10-12,6,6,0
PHC-DST-B2-01,2024-10-13,6,6,0
PHC-DST-B2-01,2024-10-14,6,4,2
PHC-DST-B2-01,2024-10-15,6,2,4
PHC-DST-B2-01,2024-10-16,6,6,0
PHC-DST-B2-01,2024-10-17,6,5,1
PHC-DST-B2-01,2024-10-18,6,6,0
PHC-DST-B2-01,2024-10-19,6,5,1
PHC-DST-B2-01,2024-10-20,6,2,4
PHC-DST-B2-01,2024-10-21,6,3,3
PHC-DST-B2-01,2024-10-22,6,2,4
PHC-DST-B2-01,2024-10-23,6,3,3
PHC-DST-B2-01,2024-10-24,6,3,3
PHC-DST-B2-01,2024-10-25,6,2,4
PHC-DST-B2-01,2024-10-26,6,6,0
PHC-DST-B2-01,2024-10-27,6,4,2
PHC-DST-B2-01,2024-10-28,6,6,0
PHC-DST-B2-01,2024-10-29,6,2,4
PHC-DST-B2-01,2024-10-30,6,3,3
PHC-DST-B2-01,2024-10-31,6,5,1
PHC-DST-B2-01,2024-11-01,6,2,4
PHC-DST-B2-01,2024-11-02,6,2,4
PHC-DST-B2-01,2024-11-03,6,5,1
PHC-DST-B2-01,2024-11-04,6,4,2
PHC-DST-B2-01,2024-11-05,6,6,0
PHC-DST-B2-01,2024-11-06,6,6,0
PHC-DST-B2-01,2024-11-07,6,5,1
PHC-DST-B2-01,2024-11-08,6,4,2
PHC-DST-B2-01,2024-11-09,6,3,3
PHC-DST-B2-01,2024-11-10,6,6,0
PHC-DST-B2-01,2024-11-11,6,3,3
PHC-DST-B2-01,2024-11-12,6,4,2
PHC-DST-B2-01,2024-11-13,6,5,1
PHC-DST-B2-01,2024-11-14,6,2,4
PHC-DST-B2-01,2024-11-15,6,2,4
PHC-DST-B2-01,2024-11-16,6,3,3
PHC-DST-B2-01,2024-11-17,6,2,4
PHC-DST-B2-01,2024-11-18,6,4,2
PHC-DST-B2-01,2024-11-19,6,6,0
PHC-DST-B2-01,2024-11-20,6,6,0
PHC-DST-B2-01,2024-11-21,6,2,4
PHC-DST-B2-01,2024-11-22,6,2,4
PHC-DST-B2-01,2024-11-23,6,3,3
PHC-DST-B2-01,2024-11-24,6,4,2
PHC-DST-B2-01,2024-11-25,6,4,2
PHC-DST-B2-01,2024-11-26,6,3,3
PHC-DST-B2-01,2024-11-27,6,6,0
PHC-DST-B2-01,2024-11-28,6,2,4
PHC-DST-B2-01,2024-11-29,6,2,4
PHC-DST-B2-01,2024-11-30,6,3,3
PHC-DST-B2-01,2024-12-01,6,2,4
PHC-DST-B2-01,2024-12-02,6,5,1
PHC-DST-B2-01,2024-12-03,6,3,3
PHC-DST-B2-01,2024-12-04,6,3,3
PHC-DST-B2-01,2024-12-05,6,1,5
PHC-DST-B2-01,2024-12-06,6,6,0
PHC-DST-B2-01,2024-12-07,6,4,2
PHC-DST-B2-01,2024-12-08,6,3,3
PHC-DST-B2-01,2024-12-09,6,5,1
PHC-DST-B2-01,2024-12-10,6,5,1
PHC-DST-B2-01,2024-12-11,6,2,4
PHC-DST-B2-01,2024-12-12,6,3,3
PHC-DST-B2-01,2024-12-13,6,2,4
PHC-DST-B2-01,2024-12-14,6,3,3
PHC-DST-B2-01,2024-12-15,6,3,3
PHC-DST-B2-01,2024-12-16,6,4,2
PHC-DST-B2-01,2024-12-17,6,3,3
PHC-DST-B2-01,2024-12-18,6,4,2
PHC-DST-B2-01,2024-12-19,6,2,4
PHC-DST-B2-01,2024-12-20,6,6,0
PHC-DST-B2-01,2024-12-21,6,6,0
PHC-DST-B2-01,2024-12-22,6,4,2
PHC-DST-B2-01,2024-12-23,6,5,1
PHC-DST-B2-01,2024-12-24,6,1,5
PHC-DST-B2-01,2024-12-25,6,4,2
PHC-DST-B2-01,2024-12-26,6,6,0
PHC-DST-B2-01,2024-12-27,6,6,0
PHC-DST-B2-01,2024-12-28,6,6,0
PHC-DST-B2-01,2024-12-29,6,5,1
PHC-DST-B2-01,2024-12-30,6,5,1
PHC-DST-B2-01,2024-12-31,6,6,0
PHC-DST-B2-01,2025-01-01,6,6,0
PHC-DST-B2-01,2025-01-02,6,2,4
PHC-DST-B2-01,2025-01-03,6,5,1
PHC-DST-B2-01,2025-01-04,6,3,3
PHC-DST-B2-01,2025-01-05,6,3,3
PHC-DST-B2-01,2025-01-06,6,6,0
PHC-DST-B2-01,2025-01-07,6,6,0
PHC-DST-B2-01,2025-01-08,6,2,4
PHC-DST-B2-01,2025-01-09,6,3,3
PHC-DST-B2-01,2025-01-10,6,3,3
PHC-DST-B2-01,2025-01-11,6,3,3
PHC-DST-B2-01,2025-01-12,6,5,1
PHC-DST-B2-01,2025-01-13,6,3,3
PHC-DST-B2-01,2025-01-14,6,3,3
PHC-DST-B2-01,2025-01-15,6,6,0
PHC-DST-B2-01,2025-01-16,6,1,5
PHC-DST-B2-01,2025-01-17,6,5,1
PHC-DST-B2-01,2025-01-18,6,1,5
PHC-DST-B2-01,2025-01-19,6,1,5
PHC-DST-B2-01,2025-01-20,6,4,2
PHC-DST-B2-01,2025-01-21,6,3,3
PHC-DST-B2-01,2025-01-22,6,2,4
PHC-DST-B2-01,2025-01-23,6,5,1
PHC-DST-B2-01,2025-01-24,6,4,2
PHC-DST-B2-01,2025-01-25,6,5,1
PHC-DST-B2-01,2025-01-26,6,1,5
PHC-DST-B2-01,2025-01-27,6,4,2
PHC-DST-B2-01,2025-01-28,6,4,2
PHC-DST-B2-01,2025-01-29,6,5,1
PHC-DST-B2-01,2025-01-30,6,4,2
PHC-DST-B2-01,2025-01-31,6,4,2
PHC-DST-B2-01,2025-02-01,6,1,5
PHC-DST-B2-01,2025-02-02,6,4,2
PHC-DST-B2-01,2025-02-03,6,5,1
PHC-DST-B2-01,2025-02-04,6,5,1
PHC-DST-B2-01,2025-02-05,6,6,0
PHC-DST-B2-01,2025-02-06,6,2,4
PHC-DST-B2-01,2025-02-07,6,3,3
PHC-DST-B2-01,2025-02-08,6,3,3
PHC-DST-B2-01,2025-02-09,6,4,2
PHC-DST-B2-01,2025-02-10,6,3,3
PHC-DST-B2-01,2025-02-11,6,4,2
PHC-DST-B2-01,2025-02-12,6,2,4
PHC-DST-B2-01,2025-02-13,6,3,3
PHC-DST-B2-01,2025-02-14,6,4,2
PHC-DST-B2-01,2025-02-15,6,4,2
PHC-DST-B2-01,2025-02-16,6,2,4
PHC-DST-B2-01,2025-02-17,6,5,1
PHC-DST-B2-01,2025-02-18,6,3,3
PHC-DST-B2-01,2025-02-19,6,4,2
PHC-DST-B2-01,2025-02-20,6,4,2
PHC-DST-B2-01,2025-02-21,6,5,1
PHC-DST-B2-01,2025-02-22,6,2,4
PHC-DST-B2-01,2025-02-23,6,4,2
PHC-DST-B2-01,2025-02-24,6,2,4
PHC-DST-B2-01,2025-02-25,6,3,3
PHC-DST-B2-01,2025-02-26,6,5,1
PHC-DST-B2-01,2025-02-27,6,6,0
PHC-DST-B2-01,2025-02-28,6,6,0
PHC-DST-B2-01,2025-03-01,6,6,0
PHC-DST-B2-01,2025-03-02,6,5,1
PHC-DST-B2-01,2025-03-03,6,2,4
PHC-DST-B2-01,2025-03-04,6,3,3
PHC-DST-B2-01,2025-03-05,6,3,3
PHC-DST-B2-01,2025-03-06,6,6,0
PHC-DST-B2-01,2025-03-07,6,6,0
PHC-DST-B2-01,2025-03-08,6,5,1
PHC-DST-B2-01,2025-03-09,6,6,0
PHC-DST-B2-01,2025-03-10,6,3,3
PHC-DST-B2-01,2025-03-11,6,1,5
PHC-DST-B2-01,2025-03-12,6,3,3
PHC-DST-B2-01,2025-03-13,6,4,2
PHC-DST-B2-01,2025-03-14,6,3,3
PHC-DST-B2-01,2025-03-15,6,5,1
PHC-DST-B2-01,2025-03-16,6,5,1
PHC-DST-B2-01,2025-03-17,6,3,3
PHC-DST-B2-01,2025-03-18,6,2,4
PHC-DST-B2-01,2025-03-19,6,2,4
PHC-DST-B2-01,2025-03-20,6,3,3
PHC-DST-B2-01,2025-03-21,6,5,1
PHC-DST-B2-01,2025-03-22,6,3,3
PHC-DST-B2-01,2025-03-23,6,6,0
PHC-DST-B2-01,2025-03-24,6,5,1
PHC-DST-B2-01,2025-03-25,6,4,2
PHC-DST-B2-01,2025-03-26,6,3,3
PHC-DST-B2-01,2025-03-27,6,2,4
PHC-DST-B2-01,2025-03-28,6,4,2
PHC-DST-B2-01,2025-03-29,6,5,1
PHC-DST-B2-01,2025-03-30,6,3,3
PHC-DST-B2-01,2025-03-31,6,6,0
PHC-DST-B2-01,2025-04-01,6,4,2
PHC-DST-B2-01,2025-04-02,6,5,1
PHC-DST-B2-01,2025-04-03,6,2,4
PHC-DST-B2-01,2025-04-04,6,2,4
PHC-DST-B2-01,2025-04-05,6,3,3
PHC-DST-B2-01,2025-04-06,6,3,3
PHC-DST-B2-01,2025-04-07,6,3,3
PHC-DST-B2-01,2025-04-08,6,2,4
PHC-DST-B2-01,2025-04-09,6,5,1
PHC-DST-B2-01,2025-04-10,6,4,2
PHC-DST-B2-01,2025-04-11,6,4,2
PHC-DST-B2-01,2025-04-12,6,2,4
PHC-DST-B2-01,2025-04-13,6,2,4
PHC-DST-B2-01,2025-04-14,6,5,1
PHC-DST-B2-01,2025-04-15,6,3,3
PHC-DST-B2-01,2025-04-16,6,4,2
PHC-DST-B2-01,2025-04-17,6,4,2
PHC-DST-B2-01,2025-04-18,6,4,2
PHC-DST-B2-01,2025-04-19,6,3,3
PHC-DST-B2-01,2025-04-20,6,3,3
PHC-DST-B2-01,2025-04-21,6,4,2
PHC-DST-B2-01,2025-04-22,6,5,1
PHC-DST-B2-01,2025-04-23,6,4,2
PHC-DST-B2-01,2025-04-24,6,2,4
PHC-DST-B2-01,2025-04-25,6,2,4
PHC-DST-B2-01,2025-04-26,6,3,3
PHC-DST-B2-01,2025-04-27,6,3,3
PHC-DST-B2-01,2025-04-28,6,2,4
PHC-DST-B2-01,2025-04-29,6,3,3
PHC-DST-B2-01,2025-04-30,6,5,1
PHC-DST-B2-01,2025-05-01,6,2,4
PHC-DST-B2-01,2025-05-02,6,5,1
PHC-DST-B2-01,2025-05-03,6,2,4
PHC-DST-B2-01,2025-05-04,6,3,3
PHC-DST-B2-01,2025-05-05,6,5,1
PHC-DST-B2-01,2025-05-06,6,5,1
PHC-DST-B2-01,2025-05-07,6,5,1
PHC-DST-B2-01,2025-05-08,6,3,3
PHC-DST-B2-01,2025-05-09,6,5,1
PHC-DST-B2-01,2025-05-10,6,4,2
PHC-DST-B2-01,2025-05-11,6,3,3
PHC-DST-B2-01,2025-05-12,6,2,4
PHC-DST-B2-01,2025-05-13,6,3,3
PHC-DST-B2-01,2025-05-14,6,6,0
PHC-DST-B2-01,2025-05-15,6,6,0
PHC-DST-B2-01,2025-05-16,6,3,3
PHC-DST-B2-01,2025-05-17,6,1,5
PHC-DST-B2-01,2025-05-18,6,5,1
PHC-DST-B2-01,2025-05-19,6,3,3
PHC-DST-B2-01,2025-05-20,6,3,3
PHC-DST-B2-01,2025-05-21,6,5,1
PHC-DST-B2-01,2025-05-22,6,5,1
PHC-DST-B2-01,2025-05-23,6,6,0
PHC-DST-B2-01,2025-05-24,6,2,4
PHC-DST-B2-01,2025-05-25,6,4,2
PHC-DST-B2-01,2025-05-26,6,4,2
PHC-DST-B2-01,2025-05-27,6,2,4
PHC-DST-B2-01,2025-05-28,6,6,0
PHC-DST-B2-01,2025-05-29,6,3,3
PHC-DST-B2-01,2025-05-30,6,4,2
PHC-DST-B2-01,2025-05-31,6,3,3
PHC-DST-B2-01,2025-06-01,6,3,3
PHC-DST-B2-01,2025-06-02,6,6,0
PHC-DST-B2-01,2025-06-03,6,1,5
PHC-DST-B2-01,2025-06-04,6,4,2
PHC-DST-B2-01,2025-06-05,6,6,0
PHC-DST-B2-01,2025-06-06,6,4,2
PHC-DST-B2-01,2025-06-07,6,2,4
PHC-DST-B2-01,2025-06-08,6,2,4
PHC-DST-B2-01,2025-06-09,6,2,4
PHC-DST-B2-01,2025-06-10,6,4,2
PHC-DST-B2-01,2025-06-11,6,1,5
PHC-DST-B2-01,2025-06-12,6,4,2
PHC-DST-B2-01,2025-06-13,6,3,3
PHC-DST-B2-01,2025-06-14,6,2,4
PHC-DST-B2-01,2025-06-15,6,5,1
PHC-DST-B2-01,2025-06-16,6,3,3
PHC-DST-B2-01,2025-06-17,6,2,4
PHC-DST-B2-01,2025-06-18,6,6,0
PHC-DST-B2-01,2025-06-19,6,2,4
PHC-DST-B2-01,2025-06-20,6,4,2
PHC-DST-B2-01,2025-06-21,6,2,4
PHC-DST-B2-01,2025-06-22,6,1,5
PHC-DST-B2-01,2025-06-23,6,4,2
PHC-DST-B2-01,2025-06-24,6,3,3
PHC-DST-B2-01,2025-06-25,6,3,3
PHC-DST-B2-01,2025-06-26,6,2,4
PHC-DST-B2-01,2025-06-27,6,6,0
PHC-DST-B2-01,2025-06-28,6,5,1
PHC-DST-B2-01,2025-06-29,6,6,0
PHC-DST-B2-01,2025-06-30,6,4,2
PHC-DST-B2-02,2024-07-01,6,6,0
PHC-DST-B2-02,2024-07-02,6,6,0
PHC-DST-B2-02,2024-07-03,6,6,0
PHC-DST-B2-02,2024-07-04,6,5,1
PHC-DST-B2-02,2024-07-05,6,6,0
PHC-DST-B2-02,2024-07-06,6,6,0
PHC-DST-B2-02,2024-07-07,6,6,0
PHC-DST-B2-02,2024-07-08,6,6,0
PHC-DST-B2-02,2024-07-09,6,6,0
PHC-DST-B2-02,2024-07-10,6,6,0
PHC-DST-B2-02,2024-07-11,6,6,0
PHC-DST-B2-02,2024-07-12,6,6,0
PHC-DST-B2-02,2024-07-13,6,6,0
PHC-DST-B2-02,2024-07-14,6,6,0
PHC-DST-B2-02,2024-07-15,6,6,0
PHC-DST-B2-02,2024-07-16,6,6,0
PHC-DST-B2-02,2024-07-17,6,6,0
PHC-DST-B2-02,2024-07-18,6,6,0
PHC-DST-B2-02,2024-07-19,6,6,0
PHC-DST-B2-02,2024-07-20,6,6,0
PHC-DST-B2-02,2024-07-21,6,6,0
PHC-DST-B2-02,2024-07-22,6,6,0
PHC-DST-B2-02,2024-07-23,6,4,2
PHC-DST-B2-02,2024-07-24,6,6,0
PHC-DST-B2-02,2024-07-25,6,4,2
PHC-DST-B2-02,2024-07-26,6,6,0
PHC-DST-B2-02,2024-07-27,6,6,0
PHC-DST-B2-02,2024-07-28,6,6,0
PHC-DST-B2-02,2024-07-29,6,6,0
PHC-DST-B2-02,2024-07-30,6,6,0
PHC-DST-B2-02,2024-07-31,6,6,0
PHC-DST-B2-02,2024-08-01,6,6,0
PHC-DST-B2-02,2024-08-02,6,6,0
PHC-DST-B2-02,2024-08-03,6,6,0
PHC-DST-B2-02,2024-08-04,6,2,4
PHC-DST-B2-02,2024-08-05,6,6,0
PHC-DST-B2-02,2024-08-06,6,6,0
PHC-DST-B2-02,2024-08-07,6,6,0
PHC-DST-B2-02,2024-08-08,6,6,0
PHC-DST-B2-02,2024-08-09,6,6,0
PHC-DST-B2-02,2024-08-10,6,6,0
PHC-DST-B2-02,2024-08-11,6,6,0
PHC-DST-B2-02,2024-08-12,6,5,1
PHC-DST-B2-02,2024-08-13,6,6,0
PHC-DST-B2-02,2024-08-14,6,6,0
PHC-DST-B2-02,2024-08-15,6,6,0
PHC-DST-B2-02,2024-08-16,6,6,0
PHC-DST-B2-02,2024-08-17,6,6,0
PHC-DST-B2-02,2024-08-18,6,3,3
PHC-DST-B2-02,2024-08-19,6,6,0
PHC-DST-B2-02,2024-08-20,6,4,2
PHC-DST-B2-02,2024-08-21,6,6,0
PHC-DST-B2-02,2024-08-22,6,6,0
PHC-DST-B2-02,2024-08-23,6,6,0
PHC-DST-B2-02,2024-08-24,6,6,0
PHC-DST-B2-02,2024-08-25,6,6,0
PHC-DST-B2-02,2024-08-26,6,6,0
PHC-DST-B2-02,2024-08-27,6,6,0
PHC-DST-B2-02,2024-08-28,6,6,0
PHC-DST-B2-02,2024-08-29,6,6,0
PHC-DST-B2-02,2024-08-30,6,6,0
PHC-DST-B2-02,2024-08-31,6,6,0
PHC-DST-B2-02,2024-09-01,6,4,2
PHC-DST-B2-02,2024-09-02,6,6,0
PHC-DST-B2-02,2024-09-03,6,6,0
PHC-DST-B2-02,2024-09-04,6,6,0
PHC-DST-B2-02,2024-09-05,6,6,0
PHC-DST-B2-02,2024-09-06,6,3,3
PHC-DST-B2-02,2024-09-07,6,3,3
PHC-DST-B2-02,2024-09-08,6,6,0
PHC-DST-B2-02,2024-09-09,6,6,0
PHC-DST-B2-02,2024-09-10,6,6,0
PHC-DST-B2-02,2024-09-11,6,6,0
PHC-DST-B2-02,2024-09-12,6,6,0
PHC-DST-B2-02,2024-09-13,6,6,0
PHC-DST-B2-02,2024-09-14,6,6,0
PHC-DST-B2-02,2024-09-15,6,6,0
PHC-DST-B2-02,2024-09-16,6,4,2
PHC-DST-B2-02,2024-09-17,6,6,0
PHC-DST-B2-02,2024-09-18,6,6,0
PHC-DST-B2-02,2024-09-19,6,6,0
PHC-DST-B2-02,2024-09-20,6,6,0
PHC-DST-B2-02,2024-09-21,6,6,0
PHC-DST-B2-02,2024-09-22,6,6,0
PHC-DST-B2-02,2024-09-23,6,5,1
PHC-DST-B2-02,2024-09-24,6,6,0
PHC-DST-B2-02,2024-09-25,6,6,0
PHC-DST-B2-02,2024-09-26,6,6,0
PHC-DST-B2-02,2024-09-27,6,6,0
PHC-DST-B2-02,2024-09-28,6,6,0
PHC-DST-B2-02,2024-09-29,6,6,0
PHC-DST-B2-02,2024-09-30,6,6,0
PHC-DST-B2-02,2024-10-01,6,6,0
PHC-DST-B2-02,2024-10-02,6,3,3
PHC-DST-B2-02,2024-10-03,6,5,1
PHC-DST-B2-02,2024-10-04,6,6,0
PHC-DST-B2-02,2024-10-05,6,5,1
PHC-DST-B2-02,2024-10-06,6,3,3
PHC-DST-B2-02,2024-10-07,6,6,0
PHC-DST-B2-02,2024-10-08,6,6,0
PHC-DST-B2-02,2024-10-09,6,5,1
PHC-DST-B2-02,2024-10-10,6,3,3
PHC-DST-B2-02,2024-10-11,6,4,2
PHC-DST-B2-02,2024-10-12,6,6,0
PHC-DST-B2-02,2024-10-13,6,6,0
PHC-DST-B2-02,2024-10-14,6,6,0
PHC-DST-B2-02,2024-10-15,6,6,0
PHC-DST-B2-02,2024-10-16,6,5,1
PHC-DST-B2-02,2024-10-17,6,6,0
PHC-DST-B2-02,2024-10-18,6,6,0
PHC-DST-B2-02,2024-10-19,6,6,0
PHC-DST-B2-02,2024-10-20,6,6,0
PHC-DST-B2-02,2024-10-21,6,5,1
PHC-DST-B2-02,2024-10-22,6,6,0
PHC-DST-B2-02,2024-10-23,6,5,1
PHC-DST-B2-02,2024-10-24,6,6,0
PHC-DST-B2-02,2024-10-25,6,5,1
PHC-DST-B2-02,2024-10-26,6,6,0
PHC-DST-B2-02,2024-10-27,6,6,0
PHC-DST-B2-02,2024-10-28,6,6,0
PHC-DST-B2-02,2024-10-29,6,6,0
PHC-DST-B2-02,2024-10-30,6,6,0
PHC-DST-B2-02,2024-10-31,6,6,0
PHC-DST-B2-02,2024-11-01,6,6,0
PHC-DST-B2-02,2024-11-02,6,6,0
PHC-DST-B2-02,2024-11-03,6,5,1
PHC-DST-B2-02,2024-11-04,6,6,0
PHC-DST-B2-02,2024-11-05,6,6,0
PHC-DST-B2-02,2024-11-06,6,6,0
PHC-DST-B2-02,2024-11-07,6,6,0
PHC-DST-B2-02,2024-11-08,6,6,0
PHC-DST-B2-02,2024-11-09,6,6,0
PHC-DST-B2-02,2024-11-10,6,6,0
PHC-DST-B2-02,2024-11-11,6,6,0
PHC-DST-B2-02,2024-11-12,6,4,2
PHC-DST-B2-02,2024-11-13,6,6,0
PHC-DST-B2-02,2024-11-14,6,6,0
PHC-DST-B2-02,2024-11-15,6,6,0
PHC-DST-B2-02,2024-11-16,6,6,0
PHC-DST-B2-02,2024-11-17,6,6,0
PHC-DST-B2-02,2024-11-18,6,6,0
PHC-DST-B2-02,2024-11-19,6,6,0
PHC-DST-B2-02,2024-11-20,6,6,0
PHC-DST-B2-02,2024-11-21,6,6,0
PHC-DST-B2-02,2024-11-22,6,6,0
PHC-DST-B2-02,2024-11-23,6,6,0
PHC-DST-B2-02,2024-11-24,6,6,0
PHC-DST-B2-02,2024-11-25,6,3,3
PHC-DST-B2-02,2024-11-26,6,6,0
PHC-DST-B2-02,2024-11-27,6,6,0
PHC-DST-B2-02,2024-11-28,6,6,0
PHC-DST-B2-02,2024-11-29,6,6,0
PHC-DST-B2-02,2024-11-30,6,4,2
PHC-DST-B2-02,2024-12-01,6,6,0
PHC-DST-B2-02,2024-12-02,6,6,0
PHC-DST-B2-02,2024-12-03,6,4,2
PHC-DST-B2-02,2024-12-04,6,6,0
PHC-DST-B2-02,2024-12-05,6,5,1
PHC-DST-B2-02,2024-12-06,6,4,2
PHC-DST-B2-02,2024-12-07,6,6,0
PHC-DST-B2-02,2024-12-08,6,6,0
PHC-DST-B2-02,2024-12-09,6,6,0
PHC-DST-B2-02,2024-12-10,6,6,0
PHC-DST-B2-02,2024-12-11,6,6,0
PHC-DST-B2-02,2024-12-12,6,6,0
PHC-DST-B2-02,2024-12-13,6,3,3
PHC-DST-B2-02,2024-12-14,6,6,0
PHC-DST-B2-02,2024-12-15,6,6,0
PHC-DST-B2-02,2024-12-16,6,6,0
PHC-DST-B2-02,2024-12-17,6,6,0
PHC-DST-B2-02,2024-12-18,6,4,2
PHC-DST-B2-02,2024-12-19,6,6,0
PHC-DST-B2-02,2024-12-20,6,6,0
PHC-DST-B2-02,2024-12-21,6,6,0
PHC-DST-B2-02,2024-12-22,6,5,1
PHC-DST-B2-02,2024-12-23,6,6,0
PHC-DST-B2-02,2024-12-24,6,6,0
PHC-DST-B2-02,2024-12-25,6,6,0
PHC-DST-B2-02,2024-12-26,6,6,0
PHC-DST-B2-02,2024-12-27,6,6,0
PHC-DST-B2-02,2024-12-28,6,3,3
PHC-DST-B2-02,2024-12-29,6,6,0
PHC-DST-B2-02,2024-12-30,6,6,0
PHC-DST-B2-02,2024-12-31,6,5,1
PHC-DST-B2-02,2025-01-01,6,6,0
PHC-DST-B2-02,2025-01-02,6,6,0
PHC-DST-B2-02,2025-01-03,6,6,0
PHC-DST-B2-02,2025-01-04,6,6,0
PHC-DST-B2-02,2025-01-05,6,6,0
PHC-DST-B2-02,2025-01-06,6,6,0
PHC-DST-B2-02,2025-01-07,6,6,0
PHC-DST-B2-02,2025-01-08,6,4,2
PHC-DST-B2-02,2025-01-09,6,6,0
PHC-DST-B2-02,2025-01-10,6,4,2
PHC-DST-B2-02,2025-01-11,6,6,0
PHC-DST-B2-02,2025-01-12,6,6,0
PHC-DST-B2-02,2025-01-13,6,6,0
PHC-DST-B2-02,2025-01-14,6,6,0
PHC-DST-B2-02,2025-01-15,6,5,1
PHC-DST-B2-02,2025-01-16,6,6,0
PHC-DST-B2-02,2025-01-17,6,4,2
PHC-DST-B2-02,2025-01-18,6,6,0
PHC-DST-B2-02,2025-01-19,6,5,1
PHC-DST-B2-02,2025-01-20,6,6,0
PHC-DST-B2-02,2025-01-21,6,6,0
PHC-DST-B2-02,2025-01-22,6,6,0
PHC-DST-B2-02,2025-01-23,6,6,0
PHC-DST-B2-02,2025-01-24,6,6,0
PHC-DST-B2-02,2025-01-25,6,6,0
PHC-DST-B2-02,2025-01-26,6,6,0
PHC-DST-B2-02,2025-01-27,6,6,0
PHC-DST-B2-02,2025-01-28,6,6,0
PHC-DST-B2-02,2025-01-29,6,6,0
PHC-DST-B2-02,2025-01-30,6,6,0
PHC-DST-B2-02,2025-01-31,6,6,0
PHC-DST-B2-02,2025-02-01,6,6,0
PHC-DST-B2-02,2025-02-02,6,6,0
PHC-DST-B2-02,2025-02-03,6,6,0
PHC-DST-B2-02,2025-02-04,6,5,1
PHC-DST-B2-02,2025-02-05,6,6,0
PHC-DST-B2-02,2025-02-06,6,6,0
PHC-DST-B2-02,2025-02-07,6,4,2
PHC-DST-B2-02,2025-02-08,6,6,0
PHC-DST-B2-02,2025-02-09,6,6,0
PHC-DST-B2-02,2025-02-10,6,6,0
PHC-DST-B2-02,2025-02-11,6,6,0
PHC-DST-B2-02,2025-02-12,6,6,0
PHC-DST-B2-02,2025-02-13,6,5,1
PHC-DST-B2-02,2025-02-14,6,6,0
PHC-DST-B2-02,2025-02-15,6,6,0
PHC-DST-B2-02,2025-02-16,6,3,3
PHC-DST-B2-02,2025-02-17,6,4,2
PHC-DST-B2-02,2025-02-18,6,6,0
PHC-DST-B2-02,2025-02-19,6,5,1
PHC-DST-B2-02,2025-02-20,6,6,0
PHC-DST-B2-02,2025-02-21,6,6,0
PHC-DST-B2-02,2025-02-22,6,6,0
PHC-DST-B2-02,2025-02-23,6,6,0
PHC-DST-B2-02,2025-02-24,6,6,0
PHC-DST-B2-02,2025-02-25,6,6,0
PHC-DST-B2-02,2025-02-26,6,5,1
PHC-DST-B2-02,2025-02-27,6,6,0
PHC-DST-B2-02,2025-02-28,6,4,2
PHC-DST-B2-02,2025-03-01,6,6,0
PHC-DST-B2-02,2025-03-02,6,6,0
PHC-DST-B2-02,2025-03-03,6,3,3
PHC-DST-B2-02,2025-03-04,6,6,0
PHC-DST-B2-02,2025-03-05,6,6,0
PHC-DST-B2-02,2025-03-06,6,5,1
PHC-DST-B2-02,2025-03-07,6,6,0
PHC-DST-B2-02,2025-03-08,6,4,2
PHC-DST-B2-02,2025-03-09,6,6,0
PHC-DST-B2-02,2025-03-10,6,6,0
PHC-DST-B2-02,2025-03-11,6,6,0
PHC-DST-B2-02,2025-03-12,6,4,2
PHC-DST-B2-02,2025-03-13,6,6,0
PHC-DST-B2-02,2025-03-14,6,2,4
PHC-DST-B2-02,2025-03-15,6,6,0
PHC-DST-B2-02,2025-03-16,6,6,0
PHC-DST-B2-02,2025-03-17,6,6,0
PHC-DST-B2-02,2025-03-18,6,6,0
PHC-DST-B2-02,2025-03-19,6,6,0
PHC-DST-B2-02,2025-03-20,6,6,0
PHC-DST-B2-02,2025-03-21,6,5,1
PHC-DST-B2-02,2025-03-22,6,6,0
PHC-DST-B2-02,2025-03-23,6,6,0
PHC-DST-B2-02,2025-03-24,6,6,0
PHC-DST-B2-02,2025-03-25,6,5,1
PHC-DST-B2-02,2025-03-26,6,5,1
PHC-DST-B2-02,2025-03-27,6,6,0
PHC-DST-B2-02,2025-03-28,6,6,0
PHC-DST-B2-02,2025-03-29,6,4,2
PHC-DST-B2-02,2025-03-30,6,6,0
PHC-DST-B2-02,2025-03-31,6,5,1
PHC-DST-B2-02,2025-04-01,6,6,0
PHC-DST-B2-02,2025-04-02,6,6,0
PHC-DST-B2-02,2025-04-03,6,6,0
PHC-DST-B2-02,2025-04-04,6,6,0
PHC-DST-B2-02,2025-04-05,6,6,0
PHC-DST-B2-02,2025-04-06,6,6,0
PHC-DST-B2-02,2025-04-07,6,6,0
PHC-DST-B2-02,2025-04-08,6,6,0
PHC-DST-B2-02,2025-04-09,6,6,0
PHC-DST-B2-02,2025-04-10,6,6,0
PHC-DST-B2-02,2025-04-11,6,6,0
PHC-DST-B2-02,2025-04-12,6,6,0
PHC-DST-B2-02,2025-04-13,6,5,1
PHC-DST-B2-02,2025-04-14,6,6,0
PHC-DST-B2-02,2025-04-15,6,6,0
PHC-DST-B2-02,2025-04-16,6,6,0
PHC-DST-B2-02,2025-04-17,6,6,0
PHC-DST-B2-02,2025-04-18,6,6,0
PHC-DST-B2-02,2025-04-19,6,6,0
PHC-DST-B2-02,2025-04-20,6,5,1
PHC-DST-B2-02,2025-04-21,6,5,1
PHC-DST-B2-02,2025-04-22,6,6,0
PHC-DST-B2-02,2025-04-23,6,6,0
PHC-DST-B2-02,2025-04-24,6,6,0
PHC-DST-B2-02,2025-04-25,6,6,0
PHC-DST-B2-02,2025-04-26,6,6,0
PHC-DST-B2-02,2025-04-27,6,5,1
PHC-DST-B2-02,2025-04-28,6,4,2
PHC-DST-B2-02,2025-04-29,6,3,3
PHC-DST-B2-02,2025-04-30,6,6,0
PHC-DST-B2-02,2025-05-01,6,6,0
PHC-DST-B2-02,2025-05-02,6,6,0
PHC-DST-B2-02,2025-05-03,6,6,0
PHC-DST-B2-02,2025-05-04,6,6,0
PHC-DST-B2-02,2025-05-05,6,6,0
PHC-DST-B2-02,2025-05-06,6,6,0
PHC-DST-B2-02,2025-05-07,6,6,0
PHC-DST-B2-02,2025-05-08,6,6,0
PHC-DST-B2-02,2025-05-09,6,6,0
PHC-DST-B2-02,2025-05-10,6,6,0
PHC-DST-B2-02,2025-05-11,6,6,0
PHC-DST-B2-02,2025-05-12,6,6,0
PHC-DST-B2-02,2025-05-13,6,6,0
PHC-DST-B2-02,2025-05-14,6,3,3
PHC-DST-B2-02,2025-05-15,6,4,2
PHC-DST-B2-02,2025-05-16,6,6,0
PHC-DST-B2-02,2025-05-17,6,6,0
PHC-DST-B2-02,2025-05-18,6,6,0
PHC-DST-B2-02,2025-05-19,6,5,1
PHC-DST-B2-02,2025-05-20,6,6,0
PHC-DST-B2-02,2025-05-21,6,6,0
PHC-DST-B2-02,2025-05-22,6,6,0
PHC-DST-B2-02,2025-05-23,6,3,3
PHC-DST-B2-02,2025-05-24,6,6,0
PHC-DST-B2-02,2025-05-25,6,6,0
PHC-DST-B2-02,2025-05-26,6,6,0
PHC-DST-B2-02,2025-05-27,6,6,0
PHC-DST-B2-02,2025-05-28,6,4,2
PHC-DST-B2-02,2025-05-29,6,3,3
PHC-DST-B2-02,2025-05-30,6,6,0
PHC-DST-B2-02,2025-05-31,6,6,0
PHC-DST-B2-02,2025-06-01,6,3,3
PHC-DST-B2-02,2025-06-02,6,6,0
PHC-DST-B2-02,2025-06-03,6,6,0
PHC-DST-B2-02,2025-06-04,6,6,0
PHC-DST-B2-02,2025-06-05,6,6,0
PHC-DST-B2-02,2025-06-06,6,5,1
PHC-DST-B2-02,2025-06-07,6,6,0
PHC-DST-B2-02,2025-06-08,6,6,0
PHC-DST-B2-02,2025-06-09,6,5,1
PHC-DST-B2-02,2025-06-10,6,6,0
PHC-DST-B2-02,2025-06-11,6,5,1
PHC-DST-B2-02,2025-06-12,6,6,0
PHC-DST-B2-02,2025-06-13,6,6,0
PHC-DST-B2-02,2025-06-14,6,5,1
PHC-DST-B2-02,2025-06-15,6,6,0
PHC-DST-B2-02,2025-06-16,6,6,0
PHC-DST-B2-02,2025-06-17,6,6,0
PHC-DST-B2-02,2025-06-18,6,4,2
PHC-DST-B2-02,2025-06-19,6,6,0
PHC-DST-B2-02,2025-06-20,6,6,0
PHC-DST-B2-02,2025-06-21,6,6,0
PHC-DST-B2-02,2025-06-22,6,4,2
PHC-DST-B2-02,2025-06-23,6,6,0
PHC-DST-B2-02,2025-06-24,6,6,0
PHC-DST-B2-02,2025-06-25,6,6,0
PHC-DST-B2-02,2025-06-26,6,6,0
PHC-DST-B2-02,2025-06-27,6,5,1
PHC-DST-B2-02,2025-06-28,6,6,0
PHC-DST-B2-02,2025-06-29,6,6,0
PHC-DST-B2-02,2025-06-30,6,6,0
PHC-DST-B2-03,2024-07-01,6,3,3
PHC-DST-B2-03,2024-07-02,6,5,1
PHC-DST-B2-03,2024-07-03,6,5,1
PHC-DST-B2-03,2024-07-04,6,6,0
PHC-DST-B2-03,2024-07-05,6,6,0
PHC-DST-B2-03,2024-07-06,6,5,1
PHC-DST-B2-03,2024-07-07,6,6,0
PHC-DST-B2-03,2024-07-08,6,6,0
PHC-DST-B2-03,2024-07-09,6,6,0
PHC-DST-B2-03,2024-07-10,6,6,0
PHC-DST-B2-03,2024-07-11,6,3,3
PHC-DST-B2-03,2024-07-12,6,6,0
PHC-DST-B2-03,2024-07-13,6,6,0
PHC-DST-B2-03,2024-07-14,6,4,2
PHC-DST-B2-03,2024-07-15,6,6,0
PHC-DST-B2-03,2024-07-16,6,2,4
PHC-DST-B2-03,2024-07-17,6,4,2
PHC-DST-B2-03,2024-07-18,6,4,2
PHC-DST-B2-03,2024-07-19,6,5,1
PHC-DST-B2-03,2024-07-20,6,6,0
PHC-DST-B2-03,2024-07-21,6,6,0
PHC-DST-B2-03,2024-07-22,6,6,0
PHC-DST-B2-03,2024-07-23,6,6,0
PHC-DST-B2-03,2024-07-24,6,6,0
PHC-DST-B2-03,2024-07-25,6,5,1
PHC-DST-B2-03,2024-07-26,6,6,0
PHC-DST-B2-03,2024-07-27,6,6,0
PHC-DST-B2-03,2024-07-28,6,6,0
PHC-DST-B2-03,2024-07-29,6,4,2
PHC-DST-B2-03,2024-07-30,6,6,0
PHC-DST-B2-03,2024-07-31,6,6,0
PHC-DST-B2-03,2024-08-01,6,6,0
PHC-DST-B2-03,2024-08-02,6,2,4
PHC-DST-B2-03,2024-08-03,6,4,2
PHC-DST-B2-03,2024-08-04,6,6,0
PHC-DST-B2-03,2024-08-05,6,6,0
PHC-DST-B2-03,2024-08-06,6,6,0
PHC-DST-B2-03,2024-08-07,6,2,4
PHC-DST-B2-03,2024-08-08,6,3,3
PHC-DST-B2-03,2024-08-09,6,6,0
PHC-DST-B2-03,2024-08-10,6,6,0
PHC-DST-B2-03,2024-08-11,6,3,3
PHC-DST-B2-03,2024-08-12,6,3,3
PHC-DST-B2-03,2024-08-13,6,4,2
PHC-DST-B2-03,2024-08-14,6,6,0
PHC-DST-B2-03,2024-08-15,6,3,3
PHC-DST-B2-03,2024-08-16,6,6,0
PHC-DST-B2-03,2024-08-17,6,6,0
PHC-DST-B2-03,2024-08-18,6,5,1
PHC-DST-B2-03,2024-08-19,6,5,1
PHC-DST-B2-03,2024-08-20,6,5,1
PHC-DST-B2-03,2024-08-21,6,6,0
PHC-DST-B2-03,2024-08-22,6,5,1
PHC-DST-B2-03,2024-08-23,6,5,1
PHC-DST-B2-03,2024-08-24,6,3,3
PHC-DST-B2-03,2024-08-25,6,2,4
PHC-DST-B2-03,2024-08-26,6,5,1
PHC-DST-B2-03,2024-08-27,6,6,0
PHC-DST-B2-03,2024-08-28,6,5,1
PHC-DST-B2-03,2024-08-29,6,6,0
PHC-DST-B2-03,2024-08-30,6,5,1
PHC-DST-B2-03,2024-08-31,6,3,3
PHC-DST-B2-03,2024-09-01,6,6,0
PHC-DST-B2-03,2024-09-02,6,6,0
PHC-DST-B2-03,2024-09-03,6,6,0
PHC-DST-B2-03,2024-09-04,6,5,1
PHC-DST-B2-03,2024-09-05,6,6,0
PHC-DST-B2-03,2024-09-06,6,5,1
PHC-DST-B2-03,2024-09-07,6,5,1
PHC-DST-B2-03,2024-09-08,6,6,0
PHC-DST-B2-03,2024-09-09,6,6,0
PHC-DST-B2-03,2024-09-10,6,6,0
PHC-DST-B2-03,2024-09-11,6,6,0
PHC-DST-B2-03,2024-09-12,6,4,2
PHC-DST-B2-03,2024-09-13,6,6,0
PHC-DST-B2-03,2024-09-14,6,6,0
PHC-DST-B2-03,2024-09-15,6,6,0
PHC-DST-B2-03,2024-09-16,6,4,2
PHC-DST-B2-03,2024-09-17,6,5,1
PHC-DST-B2-03,2024-09-18,6,6,0
PHC-DST-B2-03,2024-09-19,6,6,0
PHC-DST-B2-03,2024-09-20,6,5,1
PHC-DST-B2-03,2024-09-21,6,6,0
PHC-DST-B2-03,2024-09-22,6,4,2
PHC-DST-B2-03,2024-09-23,6,4,2
PHC-DST-B2-03,2024-09-24,6,6,0
PHC-DST-B2-03,2024-09-25,6,6,0
PHC-DST-B2-03,2024-09-26,6,3,3
PHC-DST-B2-03,2024-09-27,6,4,2
PHC-DST-B2-03,2024-09-28,6,5,1
PHC-DST-B2-03,2024-09-29,6,3,3
PHC-DST-B2-03,2024-09-30,6,5,1
PHC-DST-B2-03,2024-10-01,6,6,0
PHC-DST-B2-03,2024-10-02,6,4,2
PHC-DST-B2-03,2024-10-03,6,6,0
PHC-DST-B2-03,2024-10-04,6,6,0
PHC-DST-B2-03,2024-10-05,6,5,1
PHC-DST-B2-03,2024-10-06,6,5,1
PHC-DST-B2-03,2024-10-07,6,6,0
PHC-DST-B2-03,2024-10-08,6,6,0
PHC-DST-B2-03,2024-10-09,6,6,0
PHC-DST-B2-03,2024-10-10,6,3,3
PHC-DST-B2-03,2024-10-11,6,5,1
PHC-DST-B2-03,2024-10-12,6,4,2
PHC-DST-B2-03,2024-10-13,6,6,0
PHC-DST-B2-03,2024-10-14,6,5,1
PHC-DST-B2-03,2024-10-15,6,3,3
PHC-DST-B2-03,2024-10-16,6,4,2
PHC-DST-B2-03,2024-10-17,6,6,0
PHC-DST-B2-03,2024-10-18,6,6,0
PHC-DST-B2-03,2024-10-19,6,3,3
PHC-DST-B2-03,2024-10-20,6,6,0
PHC-DST-B2-03,2024-10-21,6,4,2
PHC-DST-B2-03,2024-10-22,6,4,2
PHC-DST-B2-03,2024-10-23,6,6,0
PHC-DST-B2-03,2024-10-24,6,5,1
PHC-DST-B2-03,2024-10-25,6,6,0
PHC-DST-B2-03,2024-10-26,6,4,2
PHC-DST-B2-03,2024-10-27,6,6,0
PHC-DST-B2-03,2024-10-28,6,4,2
PHC-DST-B2-03,2024-10-29,6,5,1
PHC-DST-B2-03,2024-10-30,6,4,2
PHC-DST-B2-03,2024-10-31,6,5,1
PHC-DST-B2-03,2024-11-01,6,3,3
PHC-DST-B2-03,2024-11-02,6,6,0
PHC-DST-B2-03,2024-11-03,6,4,2
PHC-DST-B2-03,2024-11-04,6,6,0
PHC-DST-B2-03,2024-11-05,6,6,0
PHC-DST-B2-03,2024-11-06,6,5,1
PHC-DST-B2-03,2024-11-07,6,6,0
PHC-DST-B2-03,2024-11-08,6,3,3
PHC-DST-B2-03,2024-11-09,6,6,0
PHC-DST-B2-03,2024-11-10,6,6,0
PHC-DST-B2-03,2024-11-11,6,6,0
PHC-DST-B2-03,2024-11-12,6,4,2
PHC-DST-B2-03,2024-11-13,6,5,1
PHC-DST-B2-03,2024-11-14,6,5,1
PHC-DST-B2-03,2024-11-15,6,6,0
PHC-DST-B2-03,2024-11-16,6,4,2
PHC-DST-B2-03,2024-11-17,6,2,4
PHC-DST-B2-03,2024-11-18,6,5,1
PHC-DST-B2-03,2024-11-19,6,2,4
PHC-DST-B2-03,2024-11-20,6,4,2
PHC-DST-B2-03,2024-11-21,6,5,1
PHC-DST-B2-03,2024-11-22,6,4,2
PHC-DST-B2-03,2024-11-23,6,3,3
PHC-DST-B2-03,2024-11-24,6,5,1
PHC-DST-B2-03,2024-11-25,6,4,2
PHC-DST-B2-03,2024-11-26,6,6,0
PHC-DST-B2-03,2024-11-27,6,4,2
PHC-DST-B2-03,2024-11-28,6,5,1
PHC-DST-B2-03,2024-11-29,6,3,3
PHC-DST-B2-03,2024-11-30,6,3,3
PHC-DST-B2-03,2024-12-01,6,5,1
PHC-DST-B2-03,2024-12-02,6,4,2
PHC-DST-B2-03,2024-12-03,6,6,0
PHC-DST-B2-03,2024-12-04,6,4,2
PHC-DST-B2-03,2024-12-05,6,6,0
PHC-DST-B2-03,2024-12-06,6,2,4
PHC-DST-B2-03,2024-12-07,6,6,0
PHC-DST-B2-03,2024-12-08,6,6,0
PHC-DST-B2-03,2024-12-09,6,5,1
PHC-DST-B2-03,2024-12-10,6,5,1
PHC-DST-B2-03,2024-12-11,6,2,4
PHC-DST-B2-03,2024-12-12,6,6,0
PHC-DST-B2-03,2024-12-13,6,6,0
PHC-DST-B2-03,2024-12-14,6,5,1
PHC-DST-B2-03,2024-12-15,6,3,3
PHC-DST-B2-03,2024-12-16,6,6,0
PHC-DST-B2-03,2024-12-17,6,4,2
PHC-DST-B2-03,2024-12-18,6,5,1
PHC-DST-B2-03,2024-12-19,6,4,2
PHC-DST-B2-03,2024-12-20,6,3,3
PHC-DST-B2-03,2024-12-21,6,4,2
PHC-DST-B2-03,2024-12-22,6,6,0
PHC-DST-B2-03,2024-12-23,6,5,1
PHC-DST-B2-03,2024-12-24,6,4,2
PHC-DST-B2-03,2024-12-25,6,4,2
PHC-DST-B2-03,2024-12-26,6,6,0
PHC-DST-B2-03,2024-12-27,6,5,1
PHC-DST-B2-03,2024-12-28,6,6,0
PHC-DST-B2-03,2024-12-29,6,5,1
PHC-DST-B2-03,2024-12-30,6,3,3
PHC-DST-B2-03,2024-12-31,6,6,0
PHC-DST-B2-03,2025-01-01,6,6,0
PHC-DST-B2-03,2025-01-02,6,4,2
PHC-DST-B2-03,2025-01-03,6,6,0
PHC-DST-B2-03,2025-01-04,6,6,0
PHC-DST-B2-03,2025-01-05,6,6,0
PHC-DST-B2-03,2025-01-06,6,4,2
PHC-DST-B2-03,2025-01-07,6,6,0
PHC-DST-B2-03,2025-01-08,6,3,3
PHC-DST-B2-03,2025-01-09,6,6,0
PHC-DST-B2-03,2025-01-10,6,6,0
PHC-DST-B2-03,2025-01-11,6,3,3
PHC-DST-B2-03,2025-01-12,6,6,0
PHC-DST-B2-03,2025-01-13,6,5,1
PHC-DST-B2-03,2025-01-14,6,5,1
PHC-DST-B2-03,2025-01-15,6,5,1
PHC-DST-B2-03,2025-01-16,6,5,1
PHC-DST-B2-03,2025-01-17,6,6,0
PHC-DST-B2-03,2025-01-18,6,3,3
PHC-DST-B2-03,2025-01-19,6,5,1
PHC-DST-B2-03,2025-01-20,6,6,0
PHC-DST-B2-03,2025-01-21,6,5,1
PHC-DST-B2-03,2025-01-22,6,5,1
PHC-DST-B2-03,2025-01-23,6,5,1
PHC-DST-B2-03,2025-01-24,6,5,1
PHC-DST-B2-03,2025-01-25,6,6,0
PHC-DST-B2-03,2025-01-26,6,4,2
PHC-DST-B2-03,2025-01-27,6,6,0
PHC-DST-B2-03,2025-01-28,6,3,3
PHC-DST-B2-03,2025-01-29,6,6,0
PHC-DST-B2-03,2025-01-30,6,5,1
PHC-DST-B2-03,2025-01-31,6,5,1
PHC-DST-B2-03,2025-02-01,6,5,1
PHC-DST-B2-03,2025-02-02,6,6,0
PHC-DST-B2-03,2025-02-03,6,4,2
PHC-DST-B2-03,2025-02-04,6,4,2
PHC-DST-B2-03,2025-02-05,6,5,1
PHC-DST-B2-03,2025-02-06,6,4,2
PHC-DST-B2-03,2025-02-07,6,4,2
PHC-DST-B2-03,2025-02-08,6,5,1
PHC-DST-B2-03,2025-02-09,6,2,4
PHC-DST-B2-03,2025-02-10,6,3,3
PHC-DST-B2-03,2025-02-11,6,3,3
PHC-DST-B2-03,2025-02-12,6,6,0
PHC-DST-B2-03,2025-02-13,6,3,3
PHC-DST-B2-03,2025-02-14,6,6,0
PHC-DST-B2-03,2025-02-15,6,6,0
PHC-DST-B2-03,2025-02-16,6,6,0
PHC-DST-B2-03,2025-02-17,6,3,3
PHC-DST-B2-03,2025-02-18,6,6,0
PHC-DST-B2-03,2025-02-19,6,5,1
PHC-DST-B2-03,2025-02-20,6,3,3
PHC-DST-B2-03,2025-02-21,6,4,2
PHC-DST-B2-03,2025-02-22,6,6,0
PHC-DST-B2-03,2025-02-23,6,6,0
PHC-DST-B2-03,2025-02-24,6,4,2
PHC-DST-B2-03,2025-02-25,6,6,0
PHC-DST-B2-03,2025-02-26,6,3,3
PHC-DST-B2-03,2025-02-27,6,6,0
PHC-DST-B2-03,2025-02-28,6,3,3
PHC-DST-B2-03,2025-03-01,6,6,0
PHC-DST-B2-03,2025-03-02,6,4,2
PHC-DST-B2-03,2025-03-03,6,5,1
PHC-DST-B2-03,2025-03-04,6,6,0
PHC-DST-B2-03,2025-03-05,6,5,1
PHC-DST-B2-03,2025-03-06,6,6,0
PHC-DST-B2-03,2025-03-07,6,6,0
PHC-DST-B2-03,2025-03-08,6,2,4
PHC-DST-B2-03,2025-03-09,6,4,2
PHC-DST-B2-03,2025-03-10,6,6,0
PHC-DST-B2-03,2025-03-11,6,3,3
PHC-DST-B2-03,2025-03-12,6,2,4
PHC-DST-B2-03,2025-03-13,6,6,0
PHC-DST-B2-03,2025-03-14,6,5,1
PHC-DST-B2-03,2025-03-15,6,4,2
PHC-DST-B2-03,2025-03-16,6,4,2
PHC-DST-B2-03,2025-03-17,6,6,0
PHC-DST-B2-03,2025-03-18,6,2,4
PHC-DST-B2-03,2025-03-19,6,3,3
PHC-DST-B2-03,2025-03-20,6,2,4
PHC-DST-B2-03,2025-03-21,6,6,0
PHC-DST-B2-03,2025-03-22,6,5,1
PHC-DST-B2-03,2025-03-23,6,6,0
PHC-DST-B2-03,2025-03-24,6,6,0
PHC-DST-B2-03,2025-03-25,6,6,0
PHC-DST-B2-03,2025-03-26,6,3,3
PHC-DST-B2-03,2025-03-27,6,4,2
PHC-DST-B2-03,2025-03-28,6,6,0
PHC-DST-B2-03,2025-03-29,6,4,2
PHC-DST-B2-03,2025-03-30,6,6,0
PHC-DST-B2-03,2025-03-31,6,6,0
PHC-DST-B2-03,2025-04-01,6,4,2
PHC-DST-B2-03,2025-04-02,6,6,0
PHC-DST-B2-03,2025-04-03,6,6,0
PHC-DST-B2-03,2025-04-04,6,4,2
PHC-DST-B2-03,2025-04-05,6,2,4
PHC-DST-B2-03,2025-04-06,6,3,3
PHC-DST-B2-03,2025-04-07,6,4,2
PHC-DST-B2-03,2025-04-08,6,5,1
PHC-DST-B2-03,2025-04-09,6,6,0
PHC-DST-B2-03,2025-04-10,6,4,2
PHC-DST-B2-03,2025-04-11,6,6,0
PHC-DST-B2-03,2025-04-12,6,5,1
PHC-DST-B2-03,2025-04-13,6,5,1
PHC-DST-B2-03,2025-04-14,6,5,1
PHC-DST-B2-03,2025-04-15,6,4,2
PHC-DST-B2-03,2025-04-16,6,3,3
PHC-DST-B2-03,2025-04-17,6,6,0
PHC-DST-B2-03,2025-04-18,6,3,3
PHC-DST-B2-03,2025-04-19,6,6,0
PHC-DST-B2-03,2025-04-20,6,3,3
PHC-DST-B2-03,2025-04-21,6,4,2
PHC-DST-B2-03,2025-04-22,6,6,0
PHC-DST-B2-03,2025-04-23,6,6,0
PHC-DST-B2-03,2025-04-24,6,6,0
PHC-DST-B2-03,2025-04-25,6,6,0
PHC-DST-B2-03,2025-04-26,6,3,3
PHC-DST-B2-03,2025-04-27,6,6,0
PHC-DST-B2-03,2025-04-28,6,2,4
PHC-DST-B2-03,2025-04-29,6,6,0
PHC-DST-B2-03,2025-04-30,6,2,4
PHC-DST-B2-03,2025-05-01,6,5,1
PHC-DST-B2-03,2025-05-02,6,3,3
PHC-DST-B2-03,2025-05-03,6,4,2
PHC-DST-B2-03,2025-05-04,6,5,1
PHC-DST-B2-03,2025-05-05,6,4,2
PHC-DST-B2-03,2025-05-06,6,4,2
PHC-DST-B2-03,2025-05-07,6,3,3
PHC-DST-B2-03,2025-05-08,6,6,0
PHC-DST-B2-03,2025-05-09,6,6,0
PHC-DST-B2-03,2025-05-10,6,3,3
PHC-DST-B2-03,2025-05-11,6,5,1
PHC-DST-B2-03,2025-05-12,6,6,0
PHC-DST-B2-03,2025-05-13,6,3,3
PHC-DST-B2-03,2025-05-14,6,6,0
PHC-DST-B2-03,2025-05-15,6,6,0
PHC-DST-B2-03,2025-05-16,6,6,0
PHC-DST-B2-03,2025-05-17,6,5,1
PHC-DST-B2-03,2025-05-18,6,3,3
PHC-DST-B2-03,2025-05-19,6,5,1
PHC-DST-B2-03,2025-05-20,6,4,2
PHC-DST-B2-03,2025-05-21,6,1,5
PHC-DST-B2-03,2025-05-22,6,6,0
PHC-DST-B2-03,2025-05-23,6,3,3
PHC-DST-B2-03,2025-05-24,6,6,0
PHC-DST-B2-03,2025-05-25,6,5,1
PHC-DST-B2-03,2025-05-26,6,6,0
PHC-DST-B2-03,2025-05-27,6,2,4
PHC-DST-B2-03,2025-05-28,6,5,1
PHC-DST-B2-03,2025-05-29,6,6,0
PHC-DST-B2-03,2025-05-30,6,6,0
PHC-DST-B2-03,2025-05-31,6,3,3
PHC-DST-B2-03,2025-06-01,6,6,0
PHC-DST-B2-03,2025-06-02,6,6,0
PHC-DST-B2-03,2025-06-03,6,6,0
PHC-DST-B2-03,2025-06-04,6,5,1
PHC-DST-B2-03,2025-06-05,6,6,0
PHC-DST-B2-03,2025-06-06,6,4,2
PHC-DST-B2-03,2025-06-07,6,3,3
PHC-DST-B2-03,2025-06-08,6,6,0
PHC-DST-B2-03,2025-06-09,6,6,0
PHC-DST-B2-03,2025-06-10,6,5,1
PHC-DST-B2-03,2025-06-11,6,4,2
PHC-DST-B2-03,2025-06-12,6,6,0
PHC-DST-B2-03,2025-06-13,6,4,2
PHC-DST-B2-03,2025-06-14,6,4,2
PHC-DST-B2-03,2025-06-15,6,4,2
PHC-DST-B2-03,2025-06-16,6,5,1
PHC-DST-B2-03,2025-06-17,6,3,3
PHC-DST-B2-03,2025-06-18,6,2,4
PHC-DST-B2-03,2025-06-19,6,3,3
PHC-DST-B2-03,2025-06-20,6,6,0
PHC-DST-B2-03,2025-06-21,6,6,0
PHC-DST-B2-03,2025-06-22,6,5,1
PHC-DST-B2-03,2025-06-23,6,5,1
PHC-DST-B2-03,2025-06-24,6,2,4
PHC-DST-B2-03,2025-06-25,6,2,4
PHC-DST-B2-03,2025-06-26,6,6,0
PHC-DST-B2-03,2025-06-27,6,2,4
PHC-DST-B2-03,2025-06-28,6,6,0
PHC-DST-B2-03,2025-06-29,6,5,1
PHC-DST-B2-03,2025-06-30,6,3,3
PHC-DST-B2-04,2024-07-01,8,6,2
PHC-DST-B2-04,2024-07-02,8,5,3
PHC-DST-B2-04,2024-07-03,8,4,4
PHC-DST-B2-04,2024-07-04,8,3,5
PHC-DST-B2-04,2024-07-05,8,5,3
PHC-DST-B2-04,2024-07-06,8,8,0
PHC-DST-B2-04,2024-07-07,8,7,1
PHC-DST-B2-04,2024-07-08,8,6,2
PHC-DST-B2-04,2024-07-09,8,4,4
PHC-DST-B2-04,2024-07-10,8,3,5
PHC-DST-B2-04,2024-07-11,8,6,2
PHC-DST-B2-04,2024-07-12,8,5,3
PHC-DST-B2-04,2024-07-13,8,5,3
PHC-DST-B2-04,2024-07-14,8,4,4
PHC-DST-B2-04,2024-07-15,8,7,1
PHC-DST-B2-04,2024-07-16,8,8,0
PHC-DST-B2-04,2024-07-17,8,6,2
PHC-DST-B2-04,2024-07-18,8,6,2
PHC-DST-B2-04,2024-07-19,8,8,0
PHC-DST-B2-04,2024-07-20,8,4,4
PHC-DST-B2-04,2024-07-21,8,8,0
PHC-DST-B2-04,2024-07-22,8,6,2
PHC-DST-B2-04,2024-07-23,8,4,4
PHC-DST-B2-04,2024-07-24,8,5,3
PHC-DST-B2-04,2024-07-25,8,5,3
PHC-DST-B2-04,2024-07-26,8,4,4
PHC-DST-B2-04,2024-07-27,8,8,0
PHC-DST-B2-04,2024-07-28,8,4,4
PHC-DST-B2-04,2024-07-29,8,5,3
PHC-DST-B2-04,2024-07-30,8,3,5
PHC-DST-B2-04,2024-07-31,8,6,2
PHC-DST-B2-04,2024-08-01,8,7,1
PHC-DST-B2-04,2024-08-02,8,5,3
PHC-DST-B2-04,2024-08-03,8,7,1
PHC-DST-B2-04,2024-08-04,8,4,4
PHC-DST-B2-04,2024-08-05,8,4,4
PHC-DST-B2-04,2024-08-06,8,8,0
PHC-DST-B2-04,2024-08-07,8,6,2
PHC-DST-B2-04,2024-08-08,8,6,2
PHC-DST-B2-04,2024-08-09,8,7,1
PHC-DST-B2-04,2024-08-10,8,8,0
PHC-DST-B2-04,2024-08-11,8,8,0
PHC-DST-B2-04,2024-08-12,8,3,5
PHC-DST-B2-04,2024-08-13,8,7,1
PHC-DST-B2-04,2024-08-14,8,8,0
PHC-DST-B2-04,2024-08-15,8,5,3
PHC-DST-B2-04,2024-08-16,8,8,0
PHC-DST-B2-04,2024-08-17,8,6,2
PHC-DST-B2-04,2024-08-18,8,4,4
PHC-DST-B2-04,2024-08-19,8,6,2
PHC-DST-B2-04,2024-08-20,8,4,4
PHC-DST-B2-04,2024-08-21,8,5,3
PHC-DST-B2-04,2024-08-22,8,6,2
PHC-DST-B2-04,2024-08-23,8,5,3
PHC-DST-B2-04,2024-08-24,8,5,3
PHC-DST-B2-04,2024-08-25,8,5,3
PHC-DST-B2-04,2024-08-26,8,6,2
PHC-DST-B2-04,2024-08-27,8,6,2
PHC-DST-B2-04,2024-08-28,8,8,0
PHC-DST-B2-04,2024-08-29,8,8,0
PHC-DST-B2-04,2024-08-30,8,5,3
PHC-DST-B2-04,2024-08-31,8,5,3
PHC-DST-B2-04,2024-09-01,8,5,3
PHC-DST-B2-04,2024-09-02,8,6,2
PHC-DST-B2-04,2024-09-03,8,7,1
PHC-DST-B2-04,2024-09-04,8,8,0
PHC-DST-B2-04,2024-09-05,8,5,3
PHC-DST-B2-04,2024-09-06,8,8,0
PHC-DST-B2-04,2024-09-07,8,4,4
PHC-DST-B2-04,2024-09-08,8,8,0
PHC-DST-B2-04,2024-09-09,8,7,1
PHC-DST-B2-04,2024-09-10,8,8,0
PHC-DST-B2-04,2024-09-11,8,5,3
PHC-DST-B2-04,2024-09-12,8,8,0
PHC-DST-B2-04,2024-09-13,8,8,0
PHC-DST-B2-04,2024-09-14,8,8,0
PHC-DST-B2-04,2024-09-15,8,8,0
PHC-DST-B2-04,2024-09-16,8,6,2
PHC-DST-B2-04,2024-09-17,8,8,0
PHC-DST-B2-04,2024-09-18,8,7,1
PHC-DST-B2-04,2024-09-19,8,7,1
PHC-DST-B2-04,2024-09-20,8,5,3
PHC-DST-B2-04,2024-09-21,8,5,3
PHC-DST-B2-04,2024-09-22,8,8,0
PHC-DST-B2-04,2024-09-23,8,5,3
PHC-DST-B2-04,2024-09-24,8,6,2
PHC-DST-B2-04,2024-09-25,8,8,0
PHC-DST-B2-04,2024-09-26,8,8,0
PHC-DST-B2-04,2024-09-27,8,8,0
PHC-DST-B2-04,2024-09-28,8,6,2
PHC-DST-B2-04,2024-09-29,8,6,2
PHC-DST-B2-04,2024-09-30,8,8,0
PHC-DST-B2-04,2024-10-01,8,8,0
PHC-DST-B2-04,2024-10-02,8,6,2
PHC-DST-B2-04,2024-10-03,8,6,2
PHC-DST-B2-04,2024-10-04,8,1,7
PHC-DST-B2-04,2024-10-05,8,4,4
PHC-DST-B2-04,2024-10-06,8,6,2
PHC-DST-B2-04,2024-10-07,8,8,0
PHC-DST-B2-04,2024-10-08,8,5,3
PHC-DST-B2-04,2024-10-09,8,5,3
PHC-DST-B2-04,2024-10-10,8,7,1
PHC-DST-B2-04,2024-10-11,8,5,3
PHC-DST-B2-04,2024-10-12,8,4,4
PHC-DST-B2-04,2024-10-13,8,8,0
PHC-DST-B2-04,2024-10-14,8,3,5
PHC-DST-B2-04,2024-10-15,8,8,0
PHC-DST-B2-04,2024-10-16,8,3,5
PHC-DST-B2-04,2024-10-17,8,5,3
PHC-DST-B2-04,2024-10-18,8,7,1
PHC-DST-B2-04,2024-10-19,8,3,5
PHC-DST-B2-04,2024-10-20,8,6,2
PHC-DST-B2-04,2024-10-21,8,2,6
PHC-DST-B2-04,2024-10-22,8,6,2
PHC-DST-B2-04,2024-10-23,8,5,3
PHC-DST-B2-04,2024-10-24,8,5,3
PHC-DST-B2-04,2024-10-25,8,5,3
PHC-DST-B2-04,2024-10-26,8,6,2
PHC-DST-B2-04,2024-10-27,8,3,5
PHC-DST-B2-04,2024-10-28,8,4,4
PHC-DST-B2-04,2024-10-29,8,3,5
PHC-DST-B2-04,2024-10-30,8,8,0
PHC-DST-B2-04,2024-10-31,8,7,1
PHC-DST-B2-04,2024-11-01,8,5,3
PHC-DST-B2-04,2024-11-02,8,4,4
PHC-DST-B2-04,2024-11-03,8,5,3
PHC-DST-B2-04,2024-11-04,8,5,3
PHC-DST-B2-04,2024-11-05,8,2,6
PHC-DST-B2-04,2024-11-06,8,5,3
PHC-DST-B2-04,2024-11-07,8,6,2
PHC-DST-B2-04,2024-11-08,8,5,3
PHC-DST-B2-04,2024-11-09,8,8,0
PHC-DST-B2-04,2024-11-10,8,6,2
PHC-DST-B2-04,2024-11-11,8,6,2
PHC-DST-B2-04,2024-11-12,8,3,5
PHC-DST-B2-04,2024-11-13,8,6,2
PHC-DST-B2-04,2024-11-14,8,8,0
PHC-DST-B2-04,2024-11-15,8,3,5
PHC-DST-B2-04,2024-11-16,8,4,4
PHC-DST-B2-04,2024-11-17,8,5,3
PHC-DST-B2-04,2024-11-18,8,8,0
PHC-DST-B2-04,2024-11-19,8,4,4
PHC-DST-B2-04,2024-11-20,8,5,3
PHC-DST-B2-04,2024-11-21,8,3,5
PHC-DST-B2-04,2024-11-22,8,4,4
PHC-DST-B2-04,2024-11-23,8,4,4
PHC-DST-B2-04,2024-11-24,8,8,0
PHC-DST-B2-04,2024-11-25,8,3,5
PHC-DST-B2-04,2024-11-26,8,5,3
PHC-DST-B2-04,2024-11-27,8,5,3
PHC-DST-B2-04,2024-11-28,8,8,0
PHC-DST-B2-04,2024-11-29,8,3,5
PHC-DST-B2-04,2024-11-30,8,7,1
PHC-DST-B2-04,2024-12-01,8,8,0
PHC-DST-B2-04,2024-12-02,8,2,6
PHC-DST-B2-04,2024-12-03,8,5,3
PHC-DST-B2-04,2024-12-04,8,5,3
PHC-DST-B2-04,2024-12-05,8,5,3
PHC-DST-B2-04,2024-12-06,8,4,4
PHC-DST-B2-04,2024-12-07,8,4,4
PHC-DST-B2-04,2024-12-08,8,8,0
PHC-DST-B2-04,2024-12-09,8,5,3
PHC-DST-B2-04,2024-12-10,8,4,4
PHC-DST-B2-04,2024-12-11,8,3,5
PHC-DST-B2-04,2024-12-12,8,8,0
PHC-DST-B2-04,2024-12-13,8,4,4
PHC-DST-B2-04,2024-12-14,8,4,4
PHC-DST-B2-04,2024-12-15,8,5,3
PHC-DST-B2-04,2024-12-16,8,2,6
PHC-DST-B2-04,2024-12-17,8,3,5
PHC-DST-B2-04,2024-12-18,8,6,2
PHC-DST-B2-04,2024-12-19,8,7,1
PHC-DST-B2-04,2024-12-20,8,8,0
PHC-DST-B2-04,2024-12-21,8,8,0
PHC-DST-B2-04,2024-12-22,8,6,2
PHC-DST-B2-04,2024-12-23,8,5,3
PHC-DST-B2-04,2024-12-24,8,3,5
PHC-DST-B2-04,2024-12-25,8,2,6
PHC-DST-B2-04,2024-12-26,8,3,5
PHC-DST-B2-04,2024-12-27,8,2,6
PHC-DST-B2-04,2024-12-28,8,4,4
PHC-DST-B2-04,2024-12-29,8,5,3
PHC-DST-B2-04,2024-12-30,8,5,3
PHC-DST-B2-04,2024-12-31,8,5,3
PHC-DST-B2-04,2025-01-01,8,6,2
PHC-DST-B2-04,2025-01-02,8,3,5
PHC-DST-B2-04,2025-01-03,8,4,4
PHC-DST-B2-04,2025-01-04,8,4,4
PHC-DST-B2-04,2025-01-05,8,5,3
PHC-DST-B2-04,2025-01-06,8,4,4
PHC-DST-B2-04,2025-01-07,8,8,0
PHC-DST-B2-04,2025-01-08,8,3,5
PHC-DST-B2-04,2025-01-09,8,8,0
PHC-DST-B2-04,2025-01-10,8,6,2
PHC-DST-B2-04,2025-01-11,8,5,3
PHC-DST-B2-04,2025-01-12,8,3,5
PHC-DST-B2-04,2025-01-13,8,5,3
PHC-DST-B2-04,2025-01-14,8,6,2
PHC-DST-B2-04,2025-01-15,8,6,2
PHC-DST-B2-04,2025-01-16,8,3,5
PHC-DST-B2-04,2025-01-17,8,6,2
PHC-DST-B2-04,2025-01-18,8,6,2
PHC-DST-B2-04,2025-01-19,8,4,4
PHC-DST-B2-04,2025-01-20,8,5,3
PHC-DST-B2-04,2025-01-21,8,5,3
PHC-DST-B2-04,2025-01-22,8,5,3
PHC-DST-B2-04,2025-01-23,8,3,5
PHC-DST-B2-04,2025-01-24,8,7,1
PHC-DST-B2-04,2025-01-25,8,8,0
PHC-DST-B2-04,2025-01-26,8,4,4
PHC-DST-B2-04,2025-01-27,8,4,4
PHC-DST-B2-04,2025-01-28,8,7,1
PHC-DST-B2-04,2025-01-29,8,5,3
PHC-DST-B2-04,2025-01-30,8,5,3
PHC-DST-B2-04,2025-01-31,8,5,3
PHC-DST-B2-04,2025-02-01,8,3,5
PHC-DST-B2-04,2025-02-02,8,3,5
PHC-DST-B2-04,2025-02-03,8,3,5
PHC-DST-B2-04,2025-02-04,8,4,4
PHC-DST-B2-04,2025-02-05,8,5,3
PHC-DST-B2-04,2025-02-06,8,8,0
PHC-DST-B2-04,2025-02-07,8,5,3
PHC-DST-B2-04,2025-02-08,8,1,7
PHC-DST-B2-04,2025-02-09,8,8,0
PHC-DST-B2-04,2025-02-10,8,7,1
PHC-DST-B2-04,2025-02-11,8,6,2
PHC-DST-B2-04,2025-02-12,8,4,4
PHC-DST-B2-04,2025-02-13,8,4,4
PHC-DST-B2-04,2025-02-14,8,5,3
PHC-DST-B2-04,2025-02-15,8,6,2
PHC-DST-B2-04,2025-02-16,8,5,3
PHC-DST-B2-04,2025-02-17,8,6,2
PHC-DST-B2-04,2025-02-18,8,3,5
PHC-DST-B2-04,2025-02-19,8,2,6
PHC-DST-B2-04,2025-02-20,8,4,4
PHC-DST-B2-04,2025-02-21,8,8,0
PHC-DST-B2-04,2025-02-22,8,6,2
PHC-DST-B2-04,2025-02-23,8,8,0
PHC-DST-B2-04,2025-02-24,8,2,6
PHC-DST-B2-04,2025-02-25,8,6,2
PHC-DST-B2-04,2025-02-26,8,8,0
PHC-DST-B2-04,2025-02-27,8,8,0
PHC-DST-B2-04,2025-02-28,8,3,5
PHC-DST-B2-04,2025-03-01,8,5,3
PHC-DST-B2-04,2025-03-02,8,8,0
PHC-DST-B2-04,2025-03-03,8,7,1
PHC-DST-B2-04,2025-03-04,8,5,3
PHC-DST-B2-04,2025-03-05,8,6,2
PHC-DST-B2-04,2025-03-06,8,3,5
PHC-DST-B2-04,2025-03-07,8,4,4
PHC-DST-B2-04,2025-03-08,8,4,4
PHC-DST-B2-04,2025-03-09,8,3,5
PHC-DST-B2-04,2025-03-10,8,6,2
PHC-DST-B2-04,2025-03-11,8,7,1
PHC-DST-B2-04,2025-03-12,8,4,4
PHC-DST-B2-04,2025-03-13,8,4,4
PHC-DST-B2-04,2025-03-14,8,7,1
PHC-DST-B2-04,2025-03-15,8,6,2
PHC-DST-B2-04,2025-03-16,8,4,4
PHC-DST-B2-04,2025-03-17,8,7,1
PHC-DST-B2-04,2025-03-18,8,8,0
PHC-DST-B2-04,2025-03-19,8,5,3
PHC-DST-B2-04,2025-03-20,8,6,2
PHC-DST-B2-04,2025-03-21,8,2,6
PHC-DST-B2-04,2025-03-22,8,8,0
PHC-DST-B2-04,2025-03-23,8,5,3
PHC-DST-B2-04,2025-03-24,8,4,4
PHC-DST-B2-04,2025-03-25,8,3,5
PHC-DST-B2-04,2025-03-26,8,4,4
PHC-DST-B2-04,2025-03-27,8,6,2
PHC-DST-B2-04,2025-03-28,8,4,4
PHC-DST-B2-04,2025-03-29,8,3,5
PHC-DST-B2-04,2025-03-30,8,6,2
PHC-DST-B2-04,2025-03-31,8,8,0
PHC-DST-B2-04,2025-04-01,8,3,5
PHC-DST-B2-04,2025-04-02,8,7,1
PHC-DST-B2-04,2025-04-03,8,6,2
PHC-DST-B2-04,2025-04-04,8,8,0
PHC-DST-B2-04,2025-04-05,8,4,4
PHC-DST-B2-04,2025-04-06,8,3,5
PHC-DST-B2-04,2025-04-07,8,4,4
PHC-DST-B2-04,2025-04-08,8,8,0
PHC-DST-B2-04,2025-04-09,8,8,0
PHC-DST-B2-04,2025-04-10,8,8,0
PHC-DST-B2-04,2025-04-11,8,7,1
PHC-DST-B2-04,2025-04-12,8,4,4
PHC-DST-B2-04,2025-04-13,8,3,5
PHC-DST-B2-04,2025-04-14,8,5,3
PHC-DST-B2-04,2025-04-15,8,4,4
PHC-DST-B2-04,2025-04-16,8,3,5
PHC-DST-B2-04,2025-04-17,8,5,3
PHC-DST-B2-04,2025-04-18,8,7,1
PHC-DST-B2-04,2025-04-19,8,5,3
PHC-DST-B2-04,2025-04-20,8,5,3
PHC-DST-B2-04,2025-04-21,8,7,1
PHC-DST-B2-04,2025-04-22,8,7,1
PHC-DST-B2-04,2025-04-23,8,3,5
PHC-DST-B2-04,2025-04-24,8,7,1
PHC-DST-B2-04,2025-04-25,8,7,1
PHC-DST-B2-04,2025-04-26,8,4,4
PHC-DST-B2-04,2025-04-27,8,3,5
PHC-DST-B2-04,2025-04-28,8,2,6
PHC-DST-B2-04,2025-04-29,8,2,6
PHC-DST-B2-04,2025-04-30,8,5,3
PHC-DST-B2-04,2025-05-01,8,5,3
PHC-DST-B2-04,2025-05-02,8,8,0
PHC-DST-B2-04,2025-05-03,8,1,7
PHC-DST-B2-04,2025-05-04,8,3,5
PHC-DST-B2-04,2025-05-05,8,5,3
PHC-DST-B2-04,2025-05-06,8,3,5
PHC-DST-B2-04,2025-05-07,8,3,5
PHC-DST-B2-04,2025-05-08,8,7,1
PHC-DST-B2-04,2025-05-09,8,5,3
PHC-DST-B2-04,2025-05-10,8,5,3
PHC-DST-B2-04,2025-05-11,8,8,0
PHC-DST-B2-04,2025-05-12,8,5,3
PHC-DST-B2-04,2025-05-13,8,3,5
PHC-DST-B2-04,2025-05-14,8,3,5
PHC-DST-B2-04,2025-05-15,8,4,4
PHC-DST-B2-04,2025-05-16,8,8,0
PHC-DST-B2-04,2025-05-17,8,4,4
PHC-DST-B2-04,2025-05-18,8,4,4
PHC-DST-B2-04,2025-05-19,8,8,0
PHC-DST-B2-04,2025-05-20,8,6,2
PHC-DST-B2-04,2025-05-21,8,6,2
PHC-DST-B2-04,2025-05-22,8,7,1
PHC-DST-B2-04,2025-05-23,8,1,7
PHC-DST-B2-04,2025-05-24,8,6,2
PHC-DST-B2-04,2025-05-25,8,3,5
PHC-DST-B2-04,2025-05-26,8,3,5
PHC-DST-B2-04,2025-05-27,8,4,4
PHC-DST-B2-04,2025-05-28,8,3,5
PHC-DST-B2-04,2025-05-29,8,6,2
PHC-DST-B2-04,2025-05-30,8,5,3
PHC-DST-B2-04,2025-05-31,8,3,5
PHC-DST-B2-04,2025-06-01,8,3,5
PHC-DST-B2-04,2025-06-02,8,5,3
PHC-DST-B2-04,2025-06-03,8,7,1
PHC-DST-B2-04,2025-06-04,8,2,6
PHC-DST-B2-04,2025-06-05,8,3,5
PHC-DST-B2-04,2025-06-06,8,8,0
PHC-DST-B2-04,2025-06-07,8,7,1
PHC-DST-B2-04,2025-06-08,8,5,3
PHC-DST-B2-04,2025-06-09,8,5,3
PHC-DST-B2-04,2025-06-10,8,6,2
PHC-DST-B2-04,2025-06-11,8,7,1
PHC-DST-B2-04,2025-06-12,8,5,3
PHC-DST-B2-04,2025-06-13,8,4,4
PHC-DST-B2-04,2025-06-14,8,6,2
PHC-DST-B2-04,2025-06-15,8,5,3
PHC-DST-B2-04,2025-06-16,8,4,4
PHC-DST-B2-04,2025-06-17,8,5,3
PHC-DST-B2-04,2025-06-18,8,5,3
PHC-DST-B2-04,2025-06-19,8,8,0
PHC-DST-B2-04,2025-06-20,8,3,5
PHC-DST-B2-04,2025-06-21,8,8,0
PHC-DST-B2-04,2025-06-22,8,6,2
PHC-DST-B2-04,2025-06-23,8,7,1
PHC-DST-B2-04,2025-06-24,8,4,4
PHC-DST-B2-04,2025-06-25,8,4,4
PHC-DST-B2-04,2025-06-26,8,5,3
PHC-DST-B2-04,2025-06-27,8,6,2
PHC-DST-B2-04,2025-06-28,8,6,2
PHC-DST-B2-04,2025-06-29,8,5,3
PHC-DST-B2-04,2025-06-30,8,4,4
PHC-DST-B2-05,2024-07-01,6,2,4
PHC-DST-B2-05,2024-07-02,6,5,1
PHC-DST-B2-05,2024-07-03,6,4,2
PHC-DST-B2-05,2024-07-04,6,5,1
PHC-DST-B2-05,2024-07-05,6,3,3
PHC-DST-B2-05,2024-07-06,6,2,4
PHC-DST-B2-05,2024-07-07,6,4,2
PHC-DST-B2-05,2024-07-08,6,5,1
PHC-DST-B2-05,2024-07-09,6,5,1
PHC-DST-B2-05,2024-07-10,6,4,2
PHC-DST-B2-05,2024-07-11,6,2,4
PHC-DST-B2-05,2024-07-12,6,3,3
PHC-DST-B2-05,2024-07-13,6,3,3
PHC-DST-B2-05,2024-07-14,6,4,2
PHC-DST-B2-05,2024-07-15,6,3,3
PHC-DST-B2-05,2024-07-16,6,3,3
PHC-DST-B2-05,2024-07-17,6,5,1
PHC-DST-B2-05,2024-07-18,6,3,3
PHC-DST-B2-05,2024-07-19,6,3,3
PHC-DST-B2-05,2024-07-20,6,3,3
PHC-DST-B2-05,2024-07-21,6,2,4
PHC-DST-B2-05,2024-07-22,6,1,5
PHC-DST-B2-05,2024-07-23,6,1,5
PHC-DST-B2-05,2024-07-24,6,2,4
PHC-DST-B2-05,2024-07-25,6,1,5
PHC-DST-B2-05,2024-07-26,6,4,2
PHC-DST-B2-05,2024-07-27,6,3,3
PHC-DST-B2-05,2024-07-28,6,2,4
PHC-DST-B2-05,2024-07-29,6,4,2
PHC-DST-B2-05,2024-07-30,6,5,1
PHC-DST-B2-05,2024-07-31,6,2,4
PHC-DST-B2-05,2024-08-01,6,6,0
PHC-DST-B2-05,2024-08-02,6,3,3
PHC-DST-B2-05,2024-08-03,6,4,2
PHC-DST-B2-05,2024-08-04,6,4,2
PHC-DST-B2-05,2024-08-05,6,4,2
PHC-DST-B2-05,2024-08-06,6,2,4
PHC-DST-B2-05,2024-08-07,6,6,0
PHC-DST-B2-05,2024-08-08,6,6,0
PHC-DST-B2-05,2024-08-09,6,2,4
PHC-DST-B2-05,2024-08-10,6,3,3
PHC-DST-B2-05,2024-08-11,6,6,0
PHC-DST-B2-05,2024-08-12,6,2,4
PHC-DST-B2-05,2024-08-13,6,6,0
PHC-DST-B2-05,2024-08-14,6,4,2
PHC-DST-B2-05,2024-08-15,6,2,4
PHC-DST-B2-05,2024-08-16,6,2,4
PHC-DST-B2-05,2024-08-17,6,2,4
PHC-DST-B2-05,2024-08-18,6,3,3
PHC-DST-B2-05,2024-08-19,6,6,0
PHC-DST-B2-05,2024-08-20,6,2,4
PHC-DST-B2-05,2024-08-21,6,6,0
PHC-DST-B2-05,2024-08-22,6,5,1
PHC-DST-B2-05,2024-08-23,6,6,0
PHC-DST-B2-05,2024-08-24,6,3,3
PHC-DST-B2-05,2024-08-25,6,2,4
PHC-DST-B2-05,2024-08-26,6,3,3
PHC-DST-B2-05,2024-08-27,6,4,2
PHC-DST-B2-05,2024-08-28,6,6,0
PHC-DST-B2-05,2024-08-29,6,1,5
PHC-DST-B2-05,2024-08-30,6,1,5
PHC-DST-B2-05,2024-08-31,6,5,1
PHC-DST-B2-05,2024-09-01,6,0,6
PHC-DST-B2-05,2024-09-02,6,6,0
PHC-DST-B2-05,2024-09-03,6,4,2
PHC-DST-B2-05,2024-09-04,6,6,0
PHC-DST-B2-05,2024-09-05,6,2,4
PHC-DST-B2-05,2024-09-06,6,5,1
PHC-DST-B2-05,2024-09-07,6,5,1
PHC-DST-B2-05,2024-09-08,6,3,3
PHC-DST-B2-05,2024-09-09,6,6,0
PHC-DST-B2-05,2024-09-10,6,6,0
PHC-DST-B2-05,2024-09-11,6,4,2
PHC-DST-B2-05,2024-09-12,6,2,4
PHC-DST-B2-05,2024-09-13,6,4,2
PHC-DST-B2-05,2024-09-14,6,3,3
PHC-DST-B2-05,2024-09-15,6,5,1
PHC-DST-B2-05,2024-09-16,6,3,3
PHC-DST-B2-05,2024-09-17,6,4,2
PHC-DST-B2-05,2024-09-18,6,2,4
PHC-DST-B2-05,2024-09-19,6,5,1
PHC-DST-B2-05,2024-09-20,6,6,0
PHC-DST-B2-05,2024-09-21,6,5,1
PHC-DST-B2-05,2024-09-22,6,5,1
PHC-DST-B2-05,2024-09-23,6,5,1
PHC-DST-B2-05,2024-09-24,6,5,1
PHC-DST-B2-05,2024-09-25,6,6,0
PHC-DST-B2-05,2024-09-26,6,6,0
PHC-DST-B2-05,2024-09-27,6,3,3
PHC-DST-B2-05,2024-09-28,6,2,4
PHC-DST-B2-05,2024-09-29,6,5,1
PHC-DST-B2-05,2024-09-30,6,6,0
PHC-DST-B2-05,2024-10-01,6,4,2
PHC-DST-B2-05,2024-10-02,6,4,2
PHC-DST-B2-05,2024-10-03,6,0,6
PHC-DST-B2-05,2024-10-04,6,5,1
PHC-DST-B2-05,2024-10-05,6,4,2
PHC-DST-B2-05,2024-10-06,6,3,3
PHC-DST-B2-05,2024-10-07,6,6,0
PHC-DST-B2-05,2024-10-08,6,3,3
PHC-DST-B2-05,2024-10-09,6,4,2
PHC-DST-B2-05,2024-10-10,6,4,2
PHC-DST-B2-05,2024-10-11,6,3,3
PHC-DST-B2-05,2024-10-12,6,4,2
PHC-DST-B2-05,2024-10-13,6,3,3
PHC-DST-B2-05,2024-10-14,6,2,4
PHC-DST-B2-05,2024-10-15,6,5,1
PHC-DST-B2-05,2024-10-16,6,1,5
PHC-DST-B2-05,2024-10-17,6,6,0
PHC-DST-B2-05,2024-10-18,6,2,4
PHC-DST-B2-05,2024-10-19,6,1,5
PHC-DST-B2-05,2024-10-20,6,4,2
PHC-DST-B2-05,2024-10-21,6,2,4
PHC-DST-B2-05,2024-10-22,6,1,5
PHC-DST-B2-05,2024-10-23,6,2,4
PHC-DST-B2-05,2024-10-24,6,4,2
PHC-DST-B2-05,2024-10-25,6,3,3
PHC-DST-B2-05,2024-10-26,6,6,0
PHC-DST-B2-05,2024-10-27,6,4,2
PHC-DST-B2-05,2024-10-28,6,1,5
PHC-DST-B2-05,2024-10-29,6,3,3
PHC-DST-B2-05,2024-10-30,6,3,3
PHC-DST-B2-05,2024-10-31,6,5,1
PHC-DST-B2-05,2024-11-01,6,5,1
PHC-DST-B2-05,2024-11-02,6,5,1
PHC-DST-B2-05,2024-11-03,6,3,3
PHC-DST-B2-05,2024-11-04,6,1,5
PHC-DST-B2-05,2024-11-05,6,5,1
PHC-DST-B2-05,2024-11-06,6,4,2
PHC-DST-B2-05,2024-11-07,6,4,2
PHC-DST-B2-05,2024-11-08,6,3,3
PHC-DST-B2-05,2024-11-09,6,3,3
PHC-DST-B2-05,2024-11-10,6,2,4
PHC-DST-B2-05,2024-11-11,6,5,1
PHC-DST-B2-05,2024-11-12,6,5,1
PHC-DST-B2-05,2024-11-13,6,6,0
PHC-DST-B2-05,2024-11-14,6,3,3
PHC-DST-B2-05,2024-11-15,6,6,0
PHC-DST-B2-05,2024-11-16,6,3,3
PHC-DST-B2-05,2024-11-17,6,2,4
PHC-DST-B2-05,2024-11-18,6,5,1
PHC-DST-B2-05,2024-11-19,6,4,2
PHC-DST-B2-05,2024-11-20,6,4,2
PHC-DST-B2-05,2024-11-21,6,3,3
PHC-DST-B2-05,2024-11-22,6,1,5
PHC-DST-B2-05,2024-11-23,6,3,3
PHC-DST-B2-05,2024-11-24,6,4,2
PHC-DST-B2-05,2024-11-25,6,2,4
PHC-DST-B2-05,2024-11-26,6,3,3
PHC-DST-B2-05,2024-11-27,6,1,5
PHC-DST-B2-05,2024-11-28,6,6,0
PHC-DST-B2-05,2024-11-29,6,5,1
PHC-DST-B2-05,2024-11-30,6,4,2
PHC-DST-B2-05,2024-12-01,6,5,1
PHC-DST-B2-05,2024-12-02,6,3,3
PHC-DST-B2-05,2024-12-03,6,6,0
PHC-DST-B2-05,2024-12-04,6,4,2
PHC-DST-B2-05,2024-12-05,6,2,4
PHC-DST-B2-05,2024-12-06,6,3,3
PHC-DST-B2-05,2024-12-07,6,3,3
PHC-DST-B2-05,2024-12-08,6,3,3
PHC-DST-B2-05,2024-12-09,6,1,5
PHC-DST-B2-05,2024-12-10,6,5,1
PHC-DST-B2-05,2024-12-11,6,6,0
PHC-DST-B2-05,2024-12-12,6,4,2
PHC-DST-B2-05,2024-12-13,6,3,3
PHC-DST-B2-05,2024-12-14,6,5,1
PHC-DST-B2-05,2024-12-15,6,2,4
PHC-DST-B2-05,2024-12-16,6,2,4
PHC-DST-B2-05,2024-12-17,6,2,4
PHC-DST-B2-05,2024-12-18,6,3,3
PHC-DST-B2-05,2024-12-19,6,3,3
PHC-DST-B2-05,2024-12-20,6,6,0
PHC-DST-B2-05,2024-12-21,6,4,2
PHC-DST-B2-05,2024-12-22,6,6,0
PHC-DST-B2-05,2024-12-23,6,2,4
PHC-DST-B2-05,2024-12-24,6,3,3
PHC-DST-B2-05,2024-12-25,6,6,0
PHC-DST-B2-05,2024-12-26,6,4,2
PHC-DST-B2-05,2024-12-27,6,2,4
PHC-DST-B2-05,2024-12-28,6,3,3
PHC-DST-B2-05,2024-12-29,6,5,1
PHC-DST-B2-05,2024-12-30,6,3,3
PHC-DST-B2-05,2024-12-31,6,3,3
PHC-DST-B2-05,2025-01-01,6,3,3
PHC-DST-B2-05,2025-01-02,6,3,3
PHC-DST-B2-05,2025-01-03,6,2,4
PHC-DST-B2-05,2025-01-04,6,5,1
PHC-DST-B2-05,2025-01-05,6,2,4
PHC-DST-B2-05,2025-01-06,6,4,2
PHC-DST-B2-05,2025-01-07,6,6,0
PHC-DST-B2-05,2025-01-08,6,4,2
PHC-DST-B2-05,2025-01-09,6,1,5
PHC-DST-B2-05,2025-01-10,6,6,0
PHC-DST-B2-05,2025-01-11,6,0,6
PHC-DST-B2-05,2025-01-12,6,4,2
PHC-DST-B2-05,2025-01-13,6,2,4
PHC-DST-B2-05,2025-01-14,6,3,3
PHC-DST-B2-05,2025-01-15,6,5,1
PHC-DST-B2-05,2025-01-16,6,1,5
PHC-DST-B2-05,2025-01-17,6,5,1
PHC-DST-B2-05,2025-01-18,6,2,4
PHC-DST-B2-05,2025-01-19,6,4,2
PHC-DST-B2-05,2025-01-20,6,2,4
PHC-DST-B2-05,2025-01-21,6,6,0
PHC-DST-B2-05,2025-01-22,6,3,3
PHC-DST-B2-05,2025-01-23,6,4,2
PHC-DST-B2-05,2025-01-24,6,2,4
PHC-DST-B2-05,2025-01-25,6,4,2
PHC-DST-B2-05,2025-01-26,6,2,4
PHC-DST-B2-05,2025-01-27,6,4,2
PHC-DST-B2-05,2025-01-28,6,2,4
PHC-DST-B2-05,2025-01-29,6,4,2
PHC-DST-B2-05,2025-01-30,6,3,3
PHC-DST-B2-05,2025-01-31,6,4,2
PHC-DST-B2-05,2025-02-01,6,2,4
PHC-DST-B2-05,2025-02-02,6,4,2
PHC-DST-B2-05,2025-02-03,6,2,4
PHC-DST-B2-05,2025-02-04,6,4,2
PHC-DST-B2-05,2025-02-05,6,3,3
PHC-DST-B2-05,2025-02-06,6,6,0
PHC-DST-B2-05,2025-02-07,6,4,2
PHC-DST-B2-05,2025-02-08,6,2,4
PHC-DST-B2-05,2025-02-09,6,2,4
PHC-DST-B2-05,2025-02-10,6,6,0
PHC-DST-B2-05,2025-02-11,6,5,1
PHC-DST-B2-05,2025-02-12,6,2,4
PHC-DST-B2-05,2025-02-13,6,3,3
PHC-DST-B2-05,2025-02-14,6,3,3
PHC-DST-B2-05,2025-02-15,6,1,5
PHC-DST-B2-05,2025-02-16,6,4,2
PHC-DST-B2-05,2025-02-17,6,4,2
PHC-DST-B2-05,2025-02-18,6,4,2
PHC-DST-B2-05,2025-02-19,6,2,4
PHC-DST-B2-05,2025-02-20,6,2,4
PHC-DST-B2-05,2025-02-21,6,5,1
PHC-DST-B2-05,2025-02-22,6,2,4
PHC-DST-B2-05,2025-02-23,6,5,1
PHC-DST-B2-05,2025-02-24,6,2,4
PHC-DST-B2-05,2025-02-25,6,3,3
PHC-DST-B2-05,2025-02-26,6,3,3
PHC-DST-B2-05,2025-02-27,6,4,2
PHC-DST-B2-05,2025-02-28,6,3,3
PHC-DST-B2-05,2025-03-01,6,3,3
PHC-DST-B2-05,2025-03-02,6,3,3
PHC-DST-B2-05,2025-03-03,6,2,4
PHC-DST-B2-05,2025-03-04,6,4,2
PHC-DST-B2-05,2025-03-05,6,4,2
PHC-DST-B2-05,2025-03-06,6,3,3
PHC-DST-B2-05,2025-03-07,6,5,1
PHC-DST-B2-05,2025-03-08,6,3,3
PHC-DST-B2-05,2025-03-09,6,4,2
PHC-DST-B2-05,2025-03-10,6,2,4
PHC-DST-B2-05,2025-03-11,6,0,6
PHC-DST-B2-05,2025-03-12,6,2,4
PHC-DST-B2-05,2025-03-13,6,0,6
PHC-DST-B2-05,2025-03-14,6,2,4
PHC-DST-B2-05,2025-03-15,6,2,4
PHC-DST-B2-05,2025-03-16,6,3,3
PHC-DST-B2-05,2025-03-17,6,3,3
PHC-DST-B2-05,2025-03-18,6,4,2
PHC-DST-B2-05,2025-03-19,6,3,3
PHC-DST-B2-05,2025-03-20,6,1,5
PHC-DST-B2-05,2025-03-21,6,4,2
PHC-DST-B2-05,2025-03-22,6,2,4
PHC-DST-B2-05,2025-03-23,6,4,2
PHC-DST-B2-05,2025-03-24,6,6,0
PHC-DST-B2-05,2025-03-25,6,1,5
PHC-DST-B2-05,2025-03-26,6,6,0
PHC-DST-B2-05,2025-03-27,6,3,3
PHC-DST-B2-05,2025-03-28,6,2,4
PHC-DST-B2-05,2025-03-29,6,6,0
PHC-DST-B2-05,2025-03-30,6,3,3
PHC-DST-B2-05,2025-03-31,6,3,3
PHC-DST-B2-05,2025-04-01,6,2,4
PHC-DST-B2-05,2025-04-02,6,2,4
PHC-DST-B2-05,2025-04-03,6,2,4
PHC-DST-B2-05,2025-04-04,6,2,4
PHC-DST-B2-05,2025-04-05,6,2,4
PHC-DST-B2-05,2025-04-06,6,4,2
PHC-DST-B2-05,2025-04-07,6,3,3
PHC-DST-B2-05,2025-04-08,6,3,3
PHC-DST-B2-05,2025-04-09,6,3,3
PHC-DST-B2-05,2025-04-10,6,3,3
PHC-DST-B2-05,2025-04-11,6,2,4
PHC-DST-B2-05,2025-04-12,6,3,3
PHC-DST-B2-05,2025-04-13,6,4,2
PHC-DST-B2-05,2025-04-14,6,2,4
PHC-DST-B2-05,2025-04-15,6,5,1
PHC-DST-B2-05,2025-04-16,6,4,2
PHC-DST-B2-05,2025-04-17,6,4,2
PHC-DST-B2-05,2025-04-18,6,4,2
PHC-DST-B2-05,2025-04-19,6,3,3
PHC-DST-B2-05,2025-04-20,6,3,3
PHC-DST-B2-05,2025-04-21,6,5,1
PHC-DST-B2-05,2025-04-22,6,3,3
PHC-DST-B2-05,2025-04-23,6,5,1
PHC-DST-B2-05,2025-04-24,6,6,0
PHC-DST-B2-05,2025-04-25,6,4,2
PHC-DST-B2-05,2025-04-26,6,2,4
PHC-DST-B2-05,2025-04-27,6,3,3
PHC-DST-B2-05,2025-04-28,6,5,1
PHC-DST-B2-05,2025-04-29,6,2,4
PHC-DST-B2-05,2025-04-30,6,2,4
PHC-DST-B2-05,2025-05-01,6,3,3
PHC-DST-B2-05,2025-05-02,6,2,4
PHC-DST-B2-05,2025-05-03,6,3,3
PHC-DST-B2-05,2025-05-04,6,2,4
PHC-DST-B2-05,2025-05-05,6,3,3
PHC-DST-B2-05,2025-05-06,6,2,4
PHC-DST-B2-05,2025-05-07,6,2,4
PHC-DST-B2-05,2025-05-08,6,0,6
PHC-DST-B2-05,2025-05-09,6,2,4
PHC-DST-B2-05,2025-05-10,6,2,4
PHC-DST-B2-05,2025-05-11,6,6,0
PHC-DST-B2-05,2025-05-12,6,6,0
PHC-DST-B2-05,2025-05-13,6,2,4
PHC-DST-B2-05,2025-05-14,6,2,4
PHC-DST-B2-05,2025-05-15,6,5,1
PHC-DST-B2-05,2025-05-16,6,3,3
PHC-DST-B2-05,2025-05-17,6,4,2
PHC-DST-B2-05,2025-05-18,6,6,0
PHC-DST-B2-05,2025-05-19,6,3,3
PHC-DST-B2-05,2025-05-20,6,2,4
PHC-DST-B2-05,2025-05-21,6,3,3
PHC-DST-B2-05,2025-05-22,6,3,3
PHC-DST-B2-05,2025-05-23,6,2,4
PHC-DST-B2-05,2025-05-24,6,2,4
PHC-DST-B2-05,2025-05-25,6,3,3
PHC-DST-B2-05,2025-05-26,6,3,3
PHC-DST-B2-05,2025-05-27,6,2,4
PHC-DST-B2-05,2025-05-28,6,2,4
PHC-DST-B2-05,2025-05-29,6,2,4
PHC-DST-B2-05,2025-05-30,6,2,4
PHC-DST-B2-05,2025-05-31,6,5,1
PHC-DST-B2-05,2025-06-01,6,3,3
PHC-DST-B2-05,2025-06-02,6,2,4
PHC-DST-B2-05,2025-06-03,6,6,0
PHC-DST-B2-05,2025-06-04,6,3,3
PHC-DST-B2-05,2025-06-05,6,6,0
PHC-DST-B2-05,2025-06-06,6,6,0
PHC-DST-B2-05,2025-06-07,6,3,3
PHC-DST-B2-05,2025-06-08,6,4,2
PHC-DST-B2-05,2025-06-09,6,6,0
PHC-DST-B2-05,2025-06-10,6,2,4
PHC-DST-B2-05,2025-06-11,6,3,3
PHC-DST-B2-05,2025-06-12,6,6,0
PHC-DST-B2-05,2025-06-13,6,1,5
PHC-DST-B2-05,2025-06-14,6,6,0
PHC-DST-B2-05,2025-06-15,6,3,3
PHC-DST-B2-05,2025-06-16,6,4,2
PHC-DST-B2-05,2025-06-17,6,2,4
PHC-DST-B2-05,2025-06-18,6,3,3
PHC-DST-B2-05,2025-06-19,6,6,0
PHC-DST-B2-05,2025-06-20,6,6,0
PHC-DST-B2-05,2025-06-21,6,5,1
PHC-DST-B2-05,2025-06-22,6,2,4
PHC-DST-B2-05,2025-06-23,6,6,0
PHC-DST-B2-05,2025-06-24,6,2,4
PHC-DST-B2-05,2025-06-25,6,4,2
PHC-DST-B2-05,2025-06-26,6,1,5
PHC-DST-B2-05,2025-06-27,6,4,2
PHC-DST-B2-05,2025-06-28,6,4,2
PHC-DST-B2-05,2025-06-29,6,1,5
PHC-DST-B2-05,2025-06-30,6,2,4
PHC-DST-B2-06,2024-07-01,6,5,1
PHC-DST-B2-06,2024-07-02,6,4,2
PHC-DST-B2-06,2024-07-03,6,6,0
PHC-DST-B2-06,2024-07-04,6,4,2
PHC-DST-B2-06,2024-07-05,6,5,1
PHC-DST-B2-06,2024-07-06,6,5,1
PHC-DST-B2-06,2024-07-07,6,6,0
PHC-DST-B2-06,2024-07-08,6,6,0
PHC-DST-B2-06,2024-07-09,6,6,0
PHC-DST-B2-06,2024-07-10,6,4,2
PHC-DST-B2-06,2024-07-11,6,3,3
PHC-DST-B2-06,2024-07-12,6,4,2
PHC-DST-B2-06,2024-07-13,6,3,3
PHC-DST-B2-06,2024-07-14,6,6,0
PHC-DST-B2-06,2024-07-15,6,6,0
PHC-DST-B2-06,2024-07-16,6,5,1
PHC-DST-B2-06,2024-07-17,6,4,2
PHC-DST-B2-06,2024-07-18,6,4,2
PHC-DST-B2-06,2024-07-19,6,5,1
PHC-DST-B2-06,2024-07-20,6,5,1
PHC-DST-B2-06,2024-07-21,6,3,3
PHC-DST-B2-06,2024-07-22,6,4,2
PHC-DST-B2-06,2024-07-23,6,6,0
PHC-DST-B2-06,2024-07-24,6,6,0
PHC-DST-B2-06,2024-07-25,6,6,0
PHC-DST-B2-06,2024-07-26,6,5,1
PHC-DST-B2-06,2024-07-27,6,4,2
PHC-DST-B2-06,2024-07-28,6,4,2
PHC-DST-B2-06,2024-07-29,6,3,3
PHC-DST-B2-06,2024-07-30,6,1,5
PHC-DST-B2-06,2024-07-31,6,3,3
PHC-DST-B2-06,2024-08-01,6,6,0
PHC-DST-B2-06,2024-08-02,6,6,0
PHC-DST-B2-06,2024-08-03,6,3,3
PHC-DST-B2-06,2024-08-04,6,3,3
PHC-DST-B2-06,2024-08-05,6,3,3
PHC-DST-B2-06,2024-08-06,6,5,1
PHC-DST-B2-06,2024-08-07,6,3,3
PHC-DST-B2-06,2024-08-08,6,6,0
PHC-DST-B2-06,2024-08-09,6,3,3
PHC-DST-B2-06,2024-08-10,6,3,3
PHC-DST-B2-06,2024-08-11,6,6,0
PHC-DST-B2-06,2024-08-12,6,3,3
PHC-DST-B2-06,2024-08-13,6,5,1
PHC-DST-B2-06,2024-08-14,6,3,3
PHC-DST-B2-06,2024-08-15,6,6,0
PHC-DST-B2-06,2024-08-16,6,6,0
PHC-DST-B2-06,2024-08-17,6,5,1
PHC-DST-B2-06,2024-08-18,6,3,3
PHC-DST-B2-06,2024-08-19,6,6,0
PHC-DST-B2-06,2024-08-20,6,3,3
PHC-DST-B2-06,2024-08-21,6,5,1
PHC-DST-B2-06,2024-08-22,6,3,3
PHC-DST-B2-06,2024-08-23,6,5,1
PHC-DST-B2-06,2024-08-24,6,2,4
PHC-DST-B2-06,2024-08-25,6,2,4
PHC-DST-B2-06,2024-08-26,6,1,5
PHC-DST-B2-06,2024-08-27,6,5,1
PHC-DST-B2-06,2024-08-28,6,6,0
PHC-DST-B2-06,2024-08-29,6,6,0
PHC-DST-B2-06,2024-08-30,6,5,1
PHC-DST-B2-06,2024-08-31,6,4,2
PHC-DST-B2-06,2024-09-01,6,5,1
PHC-DST-B2-06,2024-09-02,6,5,1
PHC-DST-B2-06,2024-09-03,6,3,3
PHC-DST-B2-06,2024-09-04,6,6,0
PHC-DST-B2-06,2024-09-05,6,4,2
PHC-DST-B2-06,2024-09-06,6,5,1
PHC-DST-B2-06,2024-09-07,6,2,4
PHC-DST-B2-06,2024-09-08,6,6,0
PHC-DST-B2-06,2024-09-09,6,6,0
PHC-DST-B2-06,2024-09-10,6,4,2
PHC-DST-B2-06,2024-09-11,6,6,0
PHC-DST-B2-06,2024-09-12,6,6,0
PHC-DST-B2-06,2024-09-13,6,5,1
PHC-DST-B2-06,2024-09-14,6,2,4
PHC-DST-B2-06,2024-09-15,6,6,0
PHC-DST-B2-06,2024-09-16,6,6,0
PHC-DST-B2-06,2024-09-17,6,5,1
PHC-DST-B2-06,2024-09-18,6,6,0
PHC-DST-B2-06,2024-09-19,6,5,1
PHC-DST-B2-06,2024-09-20,6,4,2
PHC-DST-B2-06,2024-09-21,6,3,3
PHC-DST-B2-06,2024-09-22,6,3,3
PHC-DST-B2-06,2024-09-23,6,5,1
PHC-DST-B2-06,2024-09-24,6,5,1
PHC-DST-B2-06,2024-09-25,6,5,1
PHC-DST-B2-06,2024-09-26,6,4,2
PHC-DST-B2-06,2024-09-27,6,6,0
PHC-DST-B2-06,2024-09-28,6,6,0
PHC-DST-B2-06,2024-09-29,6,5,1
PHC-DST-B2-06,2024-09-30,6,4,2
PHC-DST-B2-06,2024-10-01,6,5,1
PHC-DST-B2-06,2024-10-02,6,6,0
PHC-DST-B2-06,2024-10-03,6,2,4
PHC-DST-B2-06,2024-10-04,6,2,4
PHC-DST-B2-06,2024-10-05,6,5,1
PHC-DST-B2-06,2024-10-06,6,5,1
PHC-DST-B2-06,2024-10-07,6,3,3
PHC-DST-B2-06,2024-10-08,6,4,2
PHC-DST-B2-06,2024-10-09,6,4,2
PHC-DST-B2-06,2024-10-10,6,2,4
PHC-DST-B2-06,2024-10-11,6,6,0
PHC-DST-B2-06,2024-10-12,6,3,3
PHC-DST-B2-06,2024-10-13,6,3,3
PHC-DST-B2-06,2024-10-14,6,5,1
PHC-DST-B2-06,2024-10-15,6,3,3
PHC-DST-B2-06,2024-10-16,6,6,0
PHC-DST-B2-06,2024-10-17,6,2,4
PHC-DST-B2-06,2024-10-18,6,3,3
PHC-DST-B2-06,2024-10-19,6,4,2
PHC-DST-B2-06,2024-10-20,6,5,1
PHC-DST-B2-06,2024-10-21,6,6,0
PHC-DST-B2-06,2024-10-22,6,2,4
PHC-DST-B2-06,2024-10-23,6,2,4
PHC-DST-B2-06,2024-10-24,6,4,2
PHC-DST-B2-06,2024-10-25,6,6,0
PHC-DST-B2-06,2024-10-26,6,3,3
PHC-DST-B2-06,2024-10-27,6,6,0
PHC-DST-B2-06,2024-10-28,6,5,1
PHC-DST-B2-06,2024-10-29,6,6,0
PHC-DST-B2-06,2024-10-30,6,4,2
PHC-DST-B2-06,2024-10-31,6,4,2
PHC-DST-B2-06,2024-11-01,6,2,4
PHC-DST-B2-06,2024-11-02,6,6,0
PHC-DST-B2-06,2024-11-03,6,6,0
PHC-DST-B2-06,2024-11-04,6,3,3
PHC-DST-B2-06,2024-11-05,6,3,3
PHC-DST-B2-06,2024-11-06,6,3,3
PHC-DST-B2-06,2024-11-07,6,2,4
PHC-DST-B2-06,2024-11-08,6,3,3
PHC-DST-B2-06,2024-11-09,6,6,0
PHC-DST-B2-06,2024-11-10,6,3,3
PHC-DST-B2-06,2024-11-11,6,5,1
PHC-DST-B2-06,2024-11-12,6,3,3
PHC-DST-B2-06,2024-11-13,6,4,2
PHC-DST-B2-06,2024-11-14,6,2,4
PHC-DST-B2-06,2024-11-15,6,2,4
PHC-DST-B2-06,2024-11-16,6,4,2
PHC-DST-B2-06,2024-11-17,6,3,3
PHC-DST-B2-06,2024-11-18,6,4,2
PHC-DST-B2-06,2024-11-19,6,3,3
PHC-DST-B2-06,2024-11-20,6,5,1
PHC-DST-B2-06,2024-11-21,6,4,2
PHC-DST-B2-06,2024-11-22,6,2,4
PHC-DST-B2-06,2024-11-23,6,5,1
PHC-DST-B2-06,2024-11-24,6,3,3
PHC-DST-B2-06,2024-11-25,6,2,4
PHC-DST-B2-06,2024-11-26,6,6,0
PHC-DST-B2-06,2024-11-27,6,4,2
PHC-DST-B2-06,2024-11-28,6,6,0
PHC-DST-B2-06,2024-11-29,6,2,4
PHC-DST-B2-06,2024-11-30,6,3,3
PHC-DST-B2-06,2024-12-01,6,6,0
PHC-DST-B2-06,2024-12-02,6,6,0
PHC-DST-B2-06,2024-12-03,6,5,1
PHC-DST-B2-06,2024-12-04,6,2,4
PHC-DST-B2-06,2024-12-05,6,3,3
PHC-DST-B2-06,2024-12-06,6,4,2
PHC-DST-B2-06,2024-12-07,6,3,3
PHC-DST-B2-06,2024-12-08,6,5,1
PHC-DST-B2-06,2024-12-09,6,2,4
PHC-DST-B2-06,2024-12-10,6,4,2
PHC-DST-B2-06,2024-12-11,6,2,4
PHC-DST-B2-06,2024-12-12,6,6,0
PHC-DST-B2-06,2024-12-13,6,5,1
PHC-DST-B2-06,2024-12-14,6,2,4
PHC-DST-B2-06,2024-12-15,6,5,1
PHC-DST-B2-06,2024-12-16,6,5,1
PHC-DST-B2-06,2024-12-17,6,6,0
PHC-DST-B2-06,2024-12-18,6,5,1
PHC-DST-B2-06,2024-12-19,6,3,3
PHC-DST-B2-06,2024-12-20,6,5,1
PHC-DST-B2-06,2024-12-21,6,3,3
PHC-DST-B2-06,2024-12-22,6,5,1
PHC-DST-B2-06,2024-12-23,6,2,4
PHC-DST-B2-06,2024-12-24,6,4,2
PHC-DST-B2-06,2024-12-25,6,4,2
PHC-DST-B2-06,2024-12-26,6,3,3
PHC-DST-B2-06,2024-12-27,6,6,0
PHC-DST-B2-06,2024-12-28,6,2,4
PHC-DST-B2-06,2024-12-29,6,3,3
PHC-DST-B2-06,2024-12-30,6,4,2
PHC-DST-B2-06,2024-12-31,6,4,2
PHC-DST-B2-06,2025-01-01,6,4,2
PHC-DST-B2-06,2025-01-02,6,3,3
PHC-DST-B2-06,2025-01-03,6,3,3
PHC-DST-B2-06,2025-01-04,6,5,1
PHC-DST-B2-06,2025-01-05,6,2,4
PHC-DST-B2-06,2025-01-06,6,3,3
PHC-DST-B2-06,2025-01-07,6,3,3
PHC-DST-B2-06,2025-01-08,6,5,1
PHC-DST-B2-06,2025-01-09,6,5,1
PHC-DST-B2-06,2025-01-10,6,4,2
PHC-DST-B2-06,2025-01-11,6,6,0
PHC-DST-B2-06,2025-01-12,6,5,1
PHC-DST-B2-06,2025-01-13,6,3,3
PHC-DST-B2-06,2025-01-14,6,3,3
PHC-DST-B2-06,2025-01-15,6,2,4
PHC-DST-B2-06,2025-01-16,6,4,2
PHC-DST-B2-06,2025-01-17,6,3,3
PHC-DST-B2-06,2025-01-18,6,2,4
PHC-DST-B2-06,2025-01-19,6,4,2
PHC-DST-B2-06,2025-01-20,6,4,2
PHC-DST-B2-06,2025-01-21,6,6,0
PHC-DST-B2-06,2025-01-22,6,3,3
PHC-DST-B2-06,2025-01-23,6,4,2
PHC-DST-B2-06,2025-01-24,6,3,3
PHC-DST-B2-06,2025-01-25,6,6,0
PHC-DST-B2-06,2025-01-26,6,6,0
PHC-DST-B2-06,2025-01-27,6,1,5
PHC-DST-B2-06,2025-01-28,6,4,2
PHC-DST-B2-06,2025-01-29,6,2,4
PHC-DST-B2-06,2025-01-30,6,5,1
PHC-DST-B2-06,2025-01-31,6,4,2
PHC-DST-B2-06,2025-02-01,6,5,1
PHC-DST-B2-06,2025-02-02,6,4,2
PHC-DST-B2-06,2025-02-03,6,4,2
PHC-DST-B2-06,2025-02-04,6,6,0
PHC-DST-B2-06,2025-02-05,6,4,2
PHC-DST-B2-06,2025-02-06,6,3,3
PHC-DST-B2-06,2025-02-07,6,4,2
PHC-DST-B2-06,2025-02-08,6,4,2
PHC-DST-B2-06,2025-02-09,6,6,0
PHC-DST-B2-06,2025-02-10,6,5,1
PHC-DST-B2-06,2025-02-11,6,6,0
PHC-DST-B2-06,2025-02-12,6,6,0
PHC-DST-B2-06,2025-02-13,6,1,5
PHC-DST-B2-06,2025-02-14,6,4,2
PHC-DST-B2-06,2025-02-15,6,6,0
PHC-DST-B2-06,2025-02-16,6,2,4
PHC-DST-B2-06,2025-02-17,6,6,0
PHC-DST-B2-06,2025-02-18,6,6,0
PHC-DST-B2-06,2025-02-19,6,4,2
PHC-DST-B2-06,2025-02-20,6,4,2
PHC-DST-B2-06,2025-02-21,6,1,5
PHC-DST-B2-06,2025-02-22,6,3,3
PHC-DST-B2-06,2025-02-23,6,4,2
PHC-DST-B2-06,2025-02-24,6,3,3
PHC-DST-B2-06,2025-02-25,6,4,2
PHC-DST-B2-06,2025-02-26,6,2,4
PHC-DST-B2-06,2025-02-27,6,4,2
PHC-DST-B2-06,2025-02-28,6,3,3
PHC-DST-B2-06,2025-03-01,6,3,3
PHC-DST-B2-06,2025-03-02,6,6,0
PHC-DST-B2-06,2025-03-03,6,5,1
PHC-DST-B2-06,2025-03-04,6,1,5
PHC-DST-B2-06,2025-03-05,6,3,3
PHC-DST-B2-06,2025-03-06,6,6,0
PHC-DST-B2-06,2025-03-07,6,2,4
PHC-DST-B2-06,2025-03-08,6,3,3
PHC-DST-B2-06,2025-03-09,6,3,3
PHC-DST-B2-06,2025-03-10,6,5,1
PHC-DST-B2-06,2025-03-11,6,3,3
PHC-DST-B2-06,2025-03-12,6,3,3
PHC-DST-B2-06,2025-03-13,6,3,3
PHC-DST-B2-06,2025-03-14,6,6,0
PHC-DST-B2-06,2025-03-15,6,5,1
PHC-DST-B2-06,2025-03-16,6,5,1
PHC-DST-B2-06,2025-03-17,6,3,3
PHC-DST-B2-06,2025-03-18,6,6,0
PHC-DST-B2-06,2025-03-19,6,3,3
PHC-DST-B2-06,2025-03-20,6,3,3
PHC-DST-B2-06,2025-03-21,6,5,1
PHC-DST-B2-06,2025-03-22,6,1,5
PHC-DST-B2-06,2025-03-23,6,5,1
PHC-DST-B2-06,2025-03-24,6,3,3
PHC-DST-B2-06,2025-03-25,6,4,2
PHC-DST-B2-06,2025-03-26,6,5,1
PHC-DST-B2-06,2025-03-27,6,3,3
PHC-DST-B2-06,2025-03-28,6,6,0
PHC-DST-B2-06,2025-03-29,6,6,0
PHC-DST-B2-06,2025-03-30,6,5,1
PHC-DST-B2-06,2025-03-31,6,3,3
PHC-DST-B2-06,2025-04-01,6,5,1
PHC-DST-B2-06,2025-04-02,6,2,4
PHC-DST-B2-06,2025-04-03,6,5,1
PHC-DST-B2-06,2025-04-04,6,4,2
PHC-DST-B2-06,2025-04-05,6,6,0
PHC-DST-B2-06,2025-04-06,6,4,2
PHC-DST-B2-06,2025-04-07,6,6,0
PHC-DST-B2-06,2025-04-08,6,4,2
PHC-DST-B2-06,2025-04-09,6,4,2
PHC-DST-B2-06,2025-04-10,6,2,4
PHC-DST-B2-06,2025-04-11,6,3,3
PHC-DST-B2-06,2025-04-12,6,3,3
PHC-DST-B2-06,2025-04-13,6,2,4
PHC-DST-B2-06,2025-04-14,6,3,3
PHC-DST-B2-06,2025-04-15,6,4,2
PHC-DST-B2-06,2025-04-16,6,3,3
PHC-DST-B2-06,2025-04-17,6,5,1
PHC-DST-B2-06,2025-04-18,6,6,0
PHC-DST-B2-06,2025-04-19,6,5,1
PHC-DST-B2-06,2025-04-20,6,6,0
PHC-DST-B2-06,2025-04-21,6,3,3
PHC-DST-B2-06,2025-04-22,6,5,1
PHC-DST-B2-06,2025-04-23,6,3,3
PHC-DST-B2-06,2025-04-24,6,3,3
PHC-DST-B2-06,2025-04-25,6,3,3
PHC-DST-B2-06,2025-04-26,6,2,4
PHC-DST-B2-06,2025-04-27,6,4,2
PHC-DST-B2-06,2025-04-28,6,5,1
PHC-DST-B2-06,2025-04-29,6,2,4
PHC-DST-B2-06,2025-04-30,6,6,0
PHC-DST-B2-06,2025-05-01,6,5,1
PHC-DST-B2-06,2025-05-02,6,4,2
PHC-DST-B2-06,2025-05-03,6,4,2
PHC-DST-B2-06,2025-05-04,6,6,0
PHC-DST-B2-06,2025-05-05,6,3,3
PHC-DST-B2-06,2025-05-06,6,3,3
PHC-DST-B2-06,2025-05-07,6,3,3
PHC-DST-B2-06,2025-05-08,6,6,0
PHC-DST-B2-06,2025-05-09,6,6,0
PHC-DST-B2-06,2025-05-10,6,6,0
PHC-DST-B2-06,2025-05-11,6,2,4
PHC-DST-B2-06,2025-05-12,6,3,3
PHC-DST-B2-06,2025-05-13,6,3,3
PHC-DST-B2-06,2025-05-14,6,5,1
PHC-DST-B2-06,2025-05-15,6,6,0
PHC-DST-B2-06,2025-05-16,6,6,0
PHC-DST-B2-06,2025-05-17,6,4,2
PHC-DST-B2-06,2025-05-18,6,3,3
PHC-DST-B2-06,2025-05-19,6,3,3
PHC-DST-B2-06,2025-05-20,6,6,0
PHC-DST-B2-06,2025-05-21,6,3,3
PHC-DST-B2-06,2025-05-22,6,5,1
PHC-DST-B2-06,2025-05-23,6,2,4
PHC-DST-B2-06,2025-05-24,6,5,1
PHC-DST-B2-06,2025-05-25,6,6,0
PHC-DST-B2-06,2025-05-26,6,4,2
PHC-DST-B2-06,2025-05-27,6,4,2
PHC-DST-B2-06,2025-05-28,6,6,0
PHC-DST-B2-06,2025-05-29,6,2,4
PHC-DST-B2-06,2025-05-30,6,4,2
PHC-DST-B2-06,2025-05-31,6,6,0
PHC-DST-B2-06,2025-06-01,6,1,5
PHC-DST-B2-06,2025-06-02,6,3,3
PHC-DST-B2-06,2025-06-03,6,1,5
PHC-DST-B2-06,2025-06-04,6,6,0
PHC-DST-B2-06,2025-06-05,6,2,4
PHC-DST-B2-06,2025-06-06,6,3,3
PHC-DST-B2-06,2025-06-07,6,1,5
PHC-DST-B2-06,2025-06-08,6,1,5
PHC-DST-B2-06,2025-06-09,6,3,3
PHC-DST-B2-06,2025-06-10,6,4,2
PHC-DST-B2-06,2025-06-11,6,4,2
PHC-DST-B2-06,2025-06-12,6,5,1
PHC-DST-B2-06,2025-06-13,6,4,2
PHC-DST-B2-06,2025-06-14,6,4,2
PHC-DST-B2-06,2025-06-15,6,3,3
PHC-DST-B2-06,2025-06-16,6,6,0
PHC-DST-B2-06,2025-06-17,6,5,1
PHC-DST-B2-06,2025-06-18,6,6,0
PHC-DST-B2-06,2025-06-19,6,2,4
PHC-DST-B2-06,2025-06-20,6,5,1
PHC-DST-B2-06,2025-06-21,6,4,2
PHC-DST-B2-06,2025-06-22,6,4,2
PHC-DST-B2-06,2025-06-23,6,3,3
PHC-DST-B2-06,2025-06-24,6,6,0
PHC-DST-B2-06,2025-06-25,6,6,0
PHC-DST-B2-06,2025-06-26,6,6,0
PHC-DST-B2-06,2025-06-27,6,5,1
PHC-DST-B2-06,2025-06-28,6,3,3
PHC-DST-B2-06,2025-06-29,6,5,1
PHC-DST-B2-06,2025-06-30,6,4,2
PHC-DST-C1-01,2024-01-01,4,4,0
PHC-DST-C1-01,2024-01-02,4,4,0
PHC-DST-C1-01,2024-01-03,4,3,1
PHC-DST-C1-01,2024-01-04,4,4,0
PHC-DST-C1-01,2024-01-05,4,1,3
PHC-DST-C1-01,2024-01-06,4,4,0
PHC-DST-C1-01,2024-01-07,4,3,1
PHC-DST-C1-01,2024-01-08,4,4,0
PHC-DST-C1-01,2024-01-09,4,2,2
PHC-DST-C1-01,2024-01-10,4,3,1
PHC-DST-C1-01,2024-01-11,4,1,3
PHC-DST-C1-01,2024-01-12,4,4,0
PHC-DST-C1-01,2024-01-13,4,2,2
PHC-DST-C1-01,2024-01-14,4,3,1
PHC-DST-C1-01,2024-01-15,4,4,0
PHC-DST-C1-01,2024-01-16,4,0,4
PHC-DST-C1-01,2024-01-17,4,1,3
PHC-DST-C1-01,2024-01-18,4,2,2
PHC-DST-C1-01,2024-01-19,4,4,0
PHC-DST-C1-01,2024-01-20,4,4,0
PHC-DST-C1-01,2024-01-21,4,3,1
PHC-DST-C1-01,2024-01-22,4,4,0
PHC-DST-C1-01,2024-01-23,4,2,2
PHC-DST-C1-01,2024-01-24,4,4,0
PHC-DST-C1-01,2024-01-25,4,4,0
PHC-DST-C1-01,2024-01-26,4,2,2
PHC-DST-C1-01,2024-01-27,4,4,0
PHC-DST-C1-01,2024-01-28,4,4,0
PHC-DST-C1-01,2024-01-29,4,4,0
PHC-DST-C1-01,2024-01-30,4,2,2
PHC-DST-C1-01,2024-01-31,4,3,1
PHC-DST-C1-01,2024-02-01,4,4,0
PHC-DST-C1-01,2024-02-02,4,3,1
PHC-DST-C1-01,2024-02-03,4,4,0
PHC-DST-C1-01,2024-02-04,4,2,2
PHC-DST-C1-01,2024-02-05,4,3,1
PHC-DST-C1-01,2024-02-06,4,4,0
PHC-DST-C1-01,2024-02-07,4,2,2
PHC-DST-C1-01,2024-02-08,4,3,1
PHC-DST-C1-01,2024-02-09,4,4,0
PHC-DST-C1-01,2024-02-10,4,2,2
PHC-DST-C1-01,2024-02-11,4,4,0
PHC-DST-C1-01,2024-02-12,4,4,0
PHC-DST-C1-01,2024-02-13,4,4,0
PHC-DST-C1-01,2024-02-14,4,4,0
PHC-DST-C1-01,2024-02-15,4,4,0
PHC-DST-C1-01,2024-02-16,4,4,0
PHC-DST-C1-01,2024-02-17,4,4,0
PHC-DST-C1-01,2024-02-18,4,4,0
PHC-DST-C1-01,2024-02-19,4,4,0
PHC-DST-C1-01,2024-02-20,4,4,0
PHC-DST-C1-01,2024-02-21,4,3,1
PHC-DST-C1-01,2024-02-22,4,3,1
PHC-DST-C1-01,2024-02-23,4,2,2
PHC-DST-C1-01,2024-02-24,4,4,0
PHC-DST-C1-01,2024-02-25,4,4,0
PHC-DST-C1-01,2024-02-26,4,1,3
PHC-DST-C1-01,2024-02-27,4,4,0
PHC-DST-C1-01,2024-02-28,4,4,0
PHC-DST-C1-01,2024-02-29,4,4,0
PHC-DST-C1-01,2024-03-01,4,3,1
PHC-DST-C1-01,2024-03-02,4,4,0
PHC-DST-C1-01,2024-03-03,4,3,1
PHC-DST-C1-01,2024-03-04,4,4,0
PHC-DST-C1-01,2024-03-05,4,3,1
PHC-DST-C1-01,2024-03-06,4,4,0
PHC-DST-C1-01,2024-03-07,4,2,2
PHC-DST-C1-01,2024-03-08,4,4,0
PHC-DST-C1-01,2024-03-09,4,4,0
PHC-DST-C1-01,2024-03-10,4,2,2
PHC-DST-C1-01,2024-03-11,4,3,1
PHC-DST-C1-01,2024-03-12,4,4,0
PHC-DST-C1-01,2024-03-13,4,4,0
PHC-DST-C1-01,2024-03-14,4,4,0
PHC-DST-C1-01,2024-03-15,4,4,0
PHC-DST-C1-01,2024-03-16,4,3,1
PHC-DST-C1-01,2024-03-17,4,3,1
PHC-DST-C1-01,2024-03-18,4,4,0
PHC-DST-C1-01,2024-03-19,4,4,0
PHC-DST-C1-01,2024-03-20,4,1,3
PHC-DST-C1-01,2024-03-21,4,3,1
PHC-DST-C1-01,2024-03-22,4,4,0
PHC-DST-C1-01,2024-03-23,4,4,0
PHC-DST-C1-01,2024-03-24,4,4,0
PHC-DST-C1-01,2024-03-25,4,3,1
PHC-DST-C1-01,2024-03-26,4,2,2
PHC-DST-C1-01,2024-03-27,4,4,0
PHC-DST-C1-01,2024-03-28,4,4,0
PHC-DST-C1-01,2024-03-29,4,4,0
PHC-DST-C1-01,2024-03-30,4,4,0
PHC-DST-C1-01,2024-03-31,4,4,0
PHC-DST-C1-01,2024-04-01,4,3,1
PHC-DST-C1-01,2024-04-02,4,4,0
PHC-DST-C1-01,2024-04-03,4,2,2
PHC-DST-C1-01,2024-04-04,4,4,0
PHC-DST-C1-01,2024-04-05,4,4,0
PHC-DST-C1-01,2024-04-06,4,3,1
PHC-DST-C1-01,2024-04-07,4,4,0
PHC-DST-C1-01,2024-04-08,4,4,0
PHC-DST-C1-01,2024-04-09,4,2,2
PHC-DST-C1-01,2024-04-10,4,2,2
PHC-DST-C1-01,2024-04-11,4,3,1
PHC-DST-C1-01,2024-04-12,4,3,1
PHC-DST-C1-01,2024-04-13,4,4,0
PHC-DST-C1-01,2024-04-14,4,0,4
PHC-DST-C1-01,2024-04-15,4,4,0
PHC-DST-C1-01,2024-04-16,4,3,1
PHC-DST-C1-01,2024-04-17,4,4,0
PHC-DST-C1-01,2024-04-18,4,3,1
PHC-DST-C1-01,2024-04-19,4,3,1
PHC-DST-C1-01,2024-04-20,4,4,0
PHC-DST-C1-01,2024-04-21,4,3,1
PHC-DST-C1-01,2024-04-22,4,3,1
PHC-DST-C1-01,2024-04-23,4,4,0
PHC-DST-C1-01,2024-04-24,4,1,3
PHC-DST-C1-01,2024-04-25,4,3,1
PHC-DST-C1-01,2024-04-26,4,3,1
PHC-DST-C1-01,2024-04-27,4,4,0
PHC-DST-C1-01,2024-04-28,4,2,2
PHC-DST-C1-01,2024-04-29,4,4,0
PHC-DST-C1-01,2024-04-30,4,3,1
PHC-DST-C1-01,2024-05-01,4,4,0
PHC-DST-C1-01,2024-05-02,4,3,1
PHC-DST-C1-01,2024-05-03,4,4,0
PHC-DST-C1-01,2024-05-04,4,4,0
PHC-DST-C1-01,2024-05-05,4,4,0
PHC-DST-C1-01,2024-05-06,4,4,0
PHC-DST-C1-01,2024-05-07,4,4,0
PHC-DST-C1-01,2024-05-08,4,2,2
PHC-DST-C1-01,2024-05-09,4,3,1
PHC-DST-C1-01,2024-05-10,4,4,0
PHC-DST-C1-01,2024-05-11,4,4,0
PHC-DST-C1-01,2024-05-12,4,4,0
PHC-DST-C1-01,2024-05-13,4,2,2
PHC-DST-C1-01,2024-05-14,4,4,0
PHC-DST-C1-01,2024-05-15,4,3,1
PHC-DST-C1-01,2024-05-16,4,4,0
PHC-DST-C1-01,2024-05-17,4,4,0
PHC-DST-C1-01,2024-05-18,4,2,2
PHC-DST-C1-01,2024-05-19,4,3,1
PHC-DST-C1-01,2024-05-20,4,4,0
PHC-DST-C1-01,2024-05-21,4,2,2
PHC-DST-C1-01,2024-05-22,4,1,3
PHC-DST-C1-01,2024-05-23,4,4,0
PHC-DST-C1-01,2024-05-24,4,2,2
PHC-DST-C1-01,2024-05-25,4,4,0
PHC-DST-C1-01,2024-05-26,4,4,0
PHC-DST-C1-01,2024-05-27,4,2,2
PHC-DST-C1-01,2024-05-28,4,4,0
PHC-DST-C1-01,2024-05-29,4,4,0
PHC-DST-C1-01,2024-05-30,4,4,0
PHC-DST-C1-01,2024-05-31,4,4,0
PHC-DST-C1-01,2024-06-01,4,4,0
PHC-DST-C1-01,2024-06-02,4,4,0
PHC-DST-C1-01,2024-06-03,4,2,2
PHC-DST-C1-01,2024-06-04,4,4,0
PHC-DST-C1-01,2024-06-05,4,4,0
PHC-DST-C1-01,2024-06-06,4,4,0
PHC-DST-C1-01,2024-06-07,4,4,0
PHC-DST-C1-01,2024-06-08,4,4,0
PHC-DST-C1-01,2024-06-09,4,2,2
PHC-DST-C1-01,2024-06-10,4,4,0
PHC-DST-C1-01,2024-06-11,4,4,0
PHC-DST-C1-01,2024-06-12,4,3,1
PHC-DST-C1-01,2024-06-13,4,4,0
PHC-DST-C1-01,2024-06-14,4,2,2
PHC-DST-C1-01,2024-06-15,4,2,2
PHC-DST-C1-01,2024-06-16,4,3,1
PHC-DST-C1-01,2024-06-17,4,4,0
PHC-DST-C1-01,2024-06-18,4,4,0
PHC-DST-C1-01,2024-06-19,4,4,0
PHC-DST-C1-01,2024-06-20,4,2,2
PHC-DST-C1-01,2024-06-21,4,2,2
PHC-DST-C1-01,2024-06-22,4,3,1
PHC-DST-C1-01,2024-06-23,4,3,1
PHC-DST-C1-01,2024-06-24,4,4,0
PHC-DST-C1-01,2024-06-25,4,4,0
PHC-DST-C1-01,2024-06-26,4,4,0
PHC-DST-C1-01,2024-06-27,4,3,1
PHC-DST-C1-01,2024-06-28,4,4,0
PHC-DST-C1-01,2024-06-29,4,4,0
PHC-DST-C1-01,2024-06-30,4,3,1
PHC-DST-C1-01,2024-07-01,4,4,0
PHC-DST-C1-01,2024-07-02,4,4,0
PHC-DST-C1-01,2024-07-03,4,4,0
PHC-DST-C1-01,2024-07-04,4,4,0
PHC-DST-C1-01,2024-07-05,4,4,0
PHC-DST-C1-01,2024-07-06,4,4,0
PHC-DST-C1-01,2024-07-07,4,4,0
PHC-DST-C1-01,2024-07-08,4,4,0
PHC-DST-C1-01,2024-07-09,4,4,0
PHC-DST-C1-01,2024-07-10,4,4,0
PHC-DST-C1-01,2024-07-11,4,4,0
PHC-DST-C1-01,2024-07-12,4,4,0
PHC-DST-C1-01,2024-07-13,4,4,0
PHC-DST-C1-01,2024-07-14,4,2,2
PHC-DST-C1-01,2024-07-15,4,3,1
PHC-DST-C1-01,2024-07-16,4,4,0
PHC-DST-C1-01,2024-07-17,4,3,1
PHC-DST-C1-01,2024-07-18,4,4,0
PHC-DST-C1-01,2024-07-19,4,1,3
PHC-DST-C1-01,2024-07-20,4,2,2
PHC-DST-C1-01,2024-07-21,4,3,1
PHC-DST-C1-01,2024-07-22,4,4,0
PHC-DST-C1-01,2024-07-23,4,4,0
PHC-DST-C1-01,2024-07-24,4,2,2
PHC-DST-C1-01,2024-07-25,4,3,1
PHC-DST-C1-01,2024-07-26,4,4,0
PHC-DST-C1-01,2024-07-27,4,2,2
PHC-DST-C1-01,2024-07-28,4,2,2
PHC-DST-C1-01,2024-07-29,4,3,1
PHC-DST-C1-01,2024-07-30,4,3,1
PHC-DST-C1-01,2024-07-31,4,4,0
PHC-DST-C1-01,2024-08-01,4,3,1
PHC-DST-C1-01,2024-08-02,4,3,1
PHC-DST-C1-01,2024-08-03,4,4,0
PHC-DST-C1-01,2024-08-04,4,4,0
PHC-DST-C1-01,2024-08-05,4,3,1
PHC-DST-C1-01,2024-08-06,4,3,1
PHC-DST-C1-01,2024-08-07,4,4,0
PHC-DST-C1-01,2024-08-08,4,4,0
PHC-DST-C1-01,2024-08-09,4,4,0
PHC-DST-C1-01,2024-08-10,4,2,2
PHC-DST-C1-01,2024-08-11,4,4,0
PHC-DST-C1-01,2024-08-12,4,2,2
PHC-DST-C1-01,2024-08-13,4,1,3
PHC-DST-C1-01,2024-08-14,4,3,1
PHC-DST-C1-01,2024-08-15,4,4,0
PHC-DST-C1-01,2024-08-16,4,4,0
PHC-DST-C1-01,2024-08-17,4,4,0
PHC-DST-C1-01,2024-08-18,4,4,0
PHC-DST-C1-01,2024-08-19,4,3,1
PHC-DST-C1-01,2024-08-20,4,4,0
PHC-DST-C1-01,2024-08-21,4,4,0
PHC-DST-C1-01,2024-08-22,4,4,0
PHC-DST-C1-01,2024-08-23,4,2,2
PHC-DST-C1-01,2024-08-24,4,4,0
PHC-DST-C1-01,2024-08-25,4,4,0
PHC-DST-C1-01,2024-08-26,4,4,0
PHC-DST-C1-01,2024-08-27,4,4,0
PHC-DST-C1-01,2024-08-28,4,2,2
PHC-DST-C1-01,2024-08-29,4,4,0
PHC-DST-C1-01,2024-08-30,4,0,4
PHC-DST-C1-01,2024-08-31,4,2,2
PHC-DST-C1-01,2024-09-01,4,4,0
PHC-DST-C1-01,2024-09-02,4,4,0
PHC-DST-C1-01,2024-09-03,4,4,0
PHC-DST-C1-01,2024-09-04,4,1,3
PHC-DST-C1-01,2024-09-05,4,4,0
PHC-DST-C1-01,2024-09-06,4,4,0
PHC-DST-C1-01,2024-09-07,4,4,0
PHC-DST-C1-01,2024-09-08,4,4,0
PHC-DST-C1-01,2024-09-09,4,4,0
PHC-DST-C1-01,2024-09-10,4,4,0
PHC-DST-C1-01,2024-09-11,4,4,0
PHC-DST-C1-01,2024-09-12,4,4,0
PHC-DST-C1-01,2024-09-13,4,3,1
PHC-DST-C1-01,2024-09-14,4,3,1
PHC-DST-C1-01,2024-09-15,4,4,0
PHC-DST-C1-01,2024-09-16,4,2,2
PHC-DST-C1-01,2024-09-17,4,4,0
PHC-DST-C1-01,2024-09-18,4,4,0
PHC-DST-C1-01,2024-09-19,4,4,0
PHC-DST-C1-01,2024-09-20,4,4,0
PHC-DST-C1-01,2024-09-21,4,4,0
PHC-DST-C1-01,2024-09-22,4,4,0
PHC-DST-C1-01,2024-09-23,4,4,0
PHC-DST-C1-01,2024-09-24,4,4,0
PHC-DST-C1-01,2024-09-25,4,3,1
PHC-DST-C1-01,2024-09-26,4,4,0
PHC-DST-C1-01,2024-09-27,4,3,1
PHC-DST-C1-01,2024-09-28,4,3,1
PHC-DST-C1-01,2024-09-29,4,4,0
PHC-DST-C1-01,2024-09-30,4,3,1
PHC-DST-C1-01,2024-10-01,4,3,1
PHC-DST-C1-01,2024-10-02,4,4,0
PHC-DST-C1-01,2024-10-03,4,4,0
PHC-DST-C1-01,2024-10-04,4,4,0
PHC-DST-C1-01,2024-10-05,4,2,2
PHC-DST-C1-01,2024-10-06,4,4,0
PHC-DST-C1-01,2024-10-07,4,4,0
PHC-DST-C1-01,2024-10-08,4,4,0
PHC-DST-C1-01,2024-10-09,4,4,0
PHC-DST-C1-01,2024-10-10,4,4,0
PHC-DST-C1-01,2024-10-11,4,4,0
PHC-DST-C1-01,2024-10-12,4,4,0
PHC-DST-C1-01,2024-10-13,4,3,1
PHC-DST-C1-01,2024-10-14,4,4,0
PHC-DST-C1-01,2024-10-15,4,4,0
PHC-DST-C1-01,2024-10-16,4,3,1
PHC-DST-C1-01,2024-10-17,4,4,0
PHC-DST-C1-01,2024-10-18,4,4,0
PHC-DST-C1-01,2024-10-19,4,4,0
PHC-DST-C1-01,2024-10-20,4,3,1
PHC-DST-C1-01,2024-10-21,4,4,0
PHC-DST-C1-01,2024-10-22,4,4,0
PHC-DST-C1-01,2024-10-23,4,4,0
PHC-DST-C1-01,2024-10-24,4,3,1
PHC-DST-C1-01,2024-10-25,4,2,2
PHC-DST-C1-01,2024-10-26,4,2,2
PHC-DST-C1-01,2024-10-27,4,2,2
PHC-DST-C1-01,2024-10-28,4,2,2
PHC-DST-C1-01,2024-10-29,4,2,2
PHC-DST-C1-01,2024-10-30,4,4,0
PHC-DST-C1-01,2024-10-31,4,4,0
PHC-DST-C1-01,2024-11-01,4,2,2
PHC-DST-C1-01,2024-11-02,4,4,0
PHC-DST-C1-01,2024-11-03,4,4,0
PHC-DST-C1-01,2024-11-04,4,3,1
PHC-DST-C1-01,2024-11-05,4,4,0
PHC-DST-C1-01,2024-11-06,4,4,0
PHC-DST-C1-01,2024-11-07,4,4,0
PHC-DST-C1-01,2024-11-08,4,2,2
PHC-DST-C1-01,2024-11-09,4,4,0
PHC-DST-C1-01,2024-11-10,4,4,0
PHC-DST-C1-01,2024-11-11,4,3,1
PHC-DST-C1-01,2024-11-12,4,4,0
PHC-DST-C1-01,2024-11-13,4,3,1
PHC-DST-C1-01,2024-11-14,4,4,0
PHC-DST-C1-01,2024-11-15,4,3,1
PHC-DST-C1-01,2024-11-16,4,4,0
PHC-DST-C1-01,2024-11-17,4,4,0
PHC-DST-C1-01,2024-11-18,4,3,1
PHC-DST-C1-01,2024-11-19,4,2,2
PHC-DST-C1-01,2024-11-20,4,2,2
PHC-DST-C1-01,2024-11-21,4,4,0
PHC-DST-C1-01,2024-11-22,4,4,0
PHC-DST-C1-01,2024-11-23,4,4,0
PHC-DST-C1-01,2024-11-24,4,3,1
PHC-DST-C1-01,2024-11-25,4,2,2
PHC-DST-C1-01,2024-11-26,4,3,1
PHC-DST-C1-01,2024-11-27,4,4,0
PHC-DST-C1-01,2024-11-28,4,4,0
PHC-DST-C1-01,2024-11-29,4,4,0
PHC-DST-C1-01,2024-11-30,4,4,0
PHC-DST-C1-01,2024-12-01,4,4,0
PHC-DST-C1-01,2024-12-02,4,4,0
PHC-DST-C1-01,2024-12-03,4,2,2
PHC-DST-C1-01,2024-12-04,4,2,2
PHC-DST-C1-01,2024-12-05,4,4,0
PHC-DST-C1-01,2024-12-06,4,4,0
PHC-DST-C1-01,2024-12-07,4,3,1
PHC-DST-C1-01,2024-12-08,4,4,0
PHC-DST-C1-01,2024-12-09,4,4,0
PHC-DST-C1-01,2024-12-10,4,4,0
PHC-DST-C1-01,2024-12-11,4,4,0
PHC-DST-C1-01,2024-12-12,4,1,3
PHC-DST-C1-01,2024-12-13,4,4,0
PHC-DST-C1-01,2024-12-14,4,3,1
PHC-DST-C1-01,2024-12-15,4,4,0
PHC-DST-C1-01,2024-12-16,4,3,1
PHC-DST-C1-01,2024-12-17,4,4,0
PHC-DST-C1-01,2024-12-18,4,4,0
PHC-DST-C1-01,2024-12-19,4,3,1
PHC-DST-C1-01,2024-12-20,4,4,0
PHC-DST-C1-01,2024-12-21,4,2,2
PHC-DST-C1-01,2024-12-22,4,2,2
PHC-DST-C1-01,2024-12-23,4,4,0
PHC-DST-C1-01,2024-12-24,4,4,0
PHC-DST-C1-01,2024-12-25,4,2,2
PHC-DST-C1-01,2024-12-26,4,4,0
PHC-DST-C1-01,2024-12-27,4,2,2
PHC-DST-C1-01,2024-12-28,4,2,2
PHC-DST-C1-01,2024-12-29,4,2,2
PHC-DST-C1-01,2024-12-30,4,3,1
PHC-DST-C1-01,2024-12-31,4,2,2
PHC-DST-C1-01,2025-01-01,4,2,2
PHC-DST-C1-01,2025-01-02,4,3,1
PHC-DST-C1-01,2025-01-03,4,4,0
PHC-DST-C1-01,2025-01-04,4,4,0
PHC-DST-C1-01,2025-01-05,4,4,0
PHC-DST-C1-01,2025-01-06,4,3,1
PHC-DST-C1-01,2025-01-07,4,3,1
PHC-DST-C1-01,2025-01-08,4,4,0
PHC-DST-C1-01,2025-01-09,4,4,0
PHC-DST-C1-01,2025-01-10,4,4,0
PHC-DST-C1-01,2025-01-11,4,2,2
PHC-DST-C1-01,2025-01-12,4,4,0
PHC-DST-C1-01,2025-01-13,4,4,0
PHC-DST-C1-01,2025-01-14,4,4,0
PHC-DST-C1-01,2025-01-15,4,4,0
PHC-DST-C1-01,2025-01-16,4,2,2
PHC-DST-C1-01,2025-01-17,4,2,2
PHC-DST-C1-01,2025-01-18,4,2,2
PHC-DST-C1-01,2025-01-19,4,3,1
PHC-DST-C1-01,2025-01-20,4,4,0
PHC-DST-C1-01,2025-01-21,4,4,0
PHC-DST-C1-01,2025-01-22,4,4,0
PHC-DST-C1-01,2025-01-23,4,2,2
PHC-DST-C1-01,2025-01-24,4,4,0
PHC-DST-C1-01,2025-01-25,4,4,0
PHC-DST-C1-01,2025-01-26,4,4,0
PHC-DST-C1-01,2025-01-27,4,2,2
PHC-DST-C1-01,2025-01-28,4,3,1
PHC-DST-C1-01,2025-01-29,4,2,2
PHC-DST-C1-01,2025-01-30,4,3,1
PHC-DST-C1-01,2025-01-31,4,4,0
PHC-DST-C1-01,2025-02-01,4,3,1
PHC-DST-C1-01,2025-02-02,4,4,0
PHC-DST-C1-01,2025-02-03,4,4,0
PHC-DST-C1-01,2025-02-04,4,4,0
PHC-DST-C1-01,2025-02-05,4,4,0
PHC-DST-C1-01,2025-02-06,4,3,1
PHC-DST-C1-01,2025-02-07,4,4,0
PHC-DST-C1-01,2025-02-08,4,2,2
PHC-DST-C1-01,2025-02-09,4,4,0
PHC-DST-C1-01,2025-02-10,4,4,0
PHC-DST-C1-01,2025-02-11,4,4,0
PHC-DST-C1-01,2025-02-12,4,4,0
PHC-DST-C1-01,2025-02-13,4,4,0
PHC-DST-C1-01,2025-02-14,4,4,0
PHC-DST-C1-01,2025-02-15,4,3,1
PHC-DST-C1-01,2025-02-16,4,4,0
PHC-DST-C1-01,2025-02-17,4,4,0
PHC-DST-C1-01,2025-02-18,4,3,1
PHC-DST-C1-01,2025-02-19,4,4,0
PHC-DST-C1-01,2025-02-20,4,3,1
PHC-DST-C1-01,2025-02-21,4,4,0
PHC-DST-C1-01,2025-02-22,4,2,2
PHC-DST-C1-01,2025-02-23,4,3,1
PHC-DST-C1-01,2025-02-24,4,4,0
PHC-DST-C1-01,2025-02-25,4,3,1
PHC-DST-C1-01,2025-02-26,4,4,0
PHC-DST-C1-01,2025-02-27,4,3,1
PHC-DST-C1-01,2025-02-28,4,3,1
PHC-DST-C1-01,2025-03-01,4,4,0
PHC-DST-C1-01,2025-03-02,4,2,2
PHC-DST-C1-01,2025-03-03,4,2,2
PHC-DST-C1-01,2025-03-04,4,4,0
PHC-DST-C1-01,2025-03-05,4,4,0
PHC-DST-C1-01,2025-03-06,4,4,0
PHC-DST-C1-01,2025-03-07,4,4,0
PHC-DST-C1-01,2025-03-08,4,4,0
PHC-DST-C1-01,2025-03-09,4,3,1
PHC-DST-C1-01,2025-03-10,4,4,0
PHC-DST-C1-01,2025-03-11,4,4,0
PHC-DST-C1-01,2025-03-12,4,4,0
PHC-DST-C1-01,2025-03-13,4,3,1
PHC-DST-C1-01,2025-03-14,4,4,0
PHC-DST-C1-01,2025-03-15,4,4,0
PHC-DST-C1-01,2025-03-16,4,3,1
PHC-DST-C1-01,2025-03-17,4,4,0
PHC-DST-C1-01,2025-03-18,4,4,0
PHC-DST-C1-01,2025-03-19,4,4,0
PHC-DST-C1-01,2025-03-20,4,2,2
PHC-DST-C1-01,2025-03-21,4,2,2
PHC-DST-C1-01,2025-03-22,4,1,3
PHC-DST-C1-01,2025-03-23,4,3,1
PHC-DST-C1-01,2025-03-24,4,3,1
PHC-DST-C1-01,2025-03-25,4,4,0
PHC-DST-C1-01,2025-03-26,4,3,1
PHC-DST-C1-01,2025-03-27,4,3,1
PHC-DST-C1-01,2025-03-28,4,3,1
PHC-DST-C1-01,2025-03-29,4,2,2
PHC-DST-C1-01,2025-03-30,4,2,2
PHC-DST-C1-01,2025-03-31,4,4,0
PHC-DST-C1-01,2025-04-01,4,3,1
PHC-DST-C1-01,2025-04-02,4,3,1
PHC-DST-C1-01,2025-04-03,4,4,0
PHC-DST-C1-01,2025-04-04,4,4,0
PHC-DST-C1-01,2025-04-05,4,4,0
PHC-DST-C1-01,2025-04-06,4,3,1
PHC-DST-C1-01,2025-04-07,4,4,0
PHC-DST-C1-01,2025-04-08,4,2,2
PHC-DST-C1-01,2025-04-09,4,2,2
PHC-DST-C1-01,2025-04-10,4,2,2
PHC-DST-C1-01,2025-04-11,4,1,3
PHC-DST-C1-01,2025-04-12,4,3,1
PHC-DST-C1-01,2025-04-13,4,1,3
PHC-DST-C1-01,2025-04-14,4,4,0
PHC-DST-C1-01,2025-04-15,4,3,1
PHC-DST-C1-01,2025-04-16,4,4,0
PHC-DST-C1-01,2025-04-17,4,3,1
PHC-DST-C1-01,2025-04-18,4,4,0
PHC-DST-C1-01,2025-04-19,4,3,1
PHC-DST-C1-01,2025-04-20,4,4,0
PHC-DST-C1-01,2025-04-21,4,3,1
PHC-DST-C1-01,2025-04-22,4,3,1
PHC-DST-C1-01,2025-04-23,4,3,1
PHC-DST-C1-01,2025-04-24,4,4,0
PHC-DST-C1-01,2025-04-25,4,1,3
PHC-DST-C1-01,2025-04-26,4,3,1
PHC-DST-C1-01,2025-04-27,4,4,0
PHC-DST-C1-01,2025-04-28,4,4,0
PHC-DST-C1-01,2025-04-29,4,0,4
PHC-DST-C1-01,2025-04-30,4,4,0
PHC-DST-C1-01,2025-05-01,4,2,2
PHC-DST-C1-01,2025-05-02,4,2,2
PHC-DST-C1-01,2025-05-03,4,4,0
PHC-DST-C1-01,2025-05-04,4,3,1
PHC-DST-C1-01,2025-05-05,4,4,0
PHC-DST-C1-01,2025-05-06,4,4,0
PHC-DST-C1-01,2025-05-07,4,3,1
PHC-DST-C1-01,2025-05-08,4,3,1
PHC-DST-C1-01,2025-05-09,4,4,0
PHC-DST-C1-01,2025-05-10,4,2,2
PHC-DST-C1-01,2025-05-11,4,4,0
PHC-DST-C1-01,2025-05-12,4,4,0
PHC-DST-C1-01,2025-05-13,4,3,1
PHC-DST-C1-01,2025-05-14,4,3,1
PHC-DST-C1-01,2025-05-15,4,2,2
PHC-DST-C1-01,2025-05-16,4,4,0
PHC-DST-C1-01,2025-05-17,4,3,1
PHC-DST-C1-01,2025-05-18,4,3,1
PHC-DST-C1-01,2025-05-19,4,1,3
PHC-DST-C1-01,2025-05-20,4,4,0
PHC-DST-C1-01,2025-05-21,4,4,0
PHC-DST-C1-01,2025-05-22,4,4,0
PHC-DST-C1-01,2025-05-23,4,4,0
PHC-DST-C1-01,2025-05-24,4,4,0
PHC-DST-C1-01,2025-05-25,4,2,2
PHC-DST-C1-01,2025-05-26,4,4,0
PHC-DST-C1-01,2025-05-27,4,4,0
PHC-DST-C1-01,2025-05-28,4,4,0
PHC-DST-C1-01,2025-05-29,4,4,0
PHC-DST-C1-01,2025-05-30,4,4,0
PHC-DST-C1-01,2025-05-31,4,4,0
PHC-DST-C1-01,2025-06-01,4,4,0
PHC-DST-C1-01,2025-06-02,4,4,0
PHC-DST-C1-01,2025-06-03,4,3,1
PHC-DST-C1-01,2025-06-04,4,1,3
PHC-DST-C1-01,2025-06-05,4,4,0
PHC-DST-C1-01,2025-06-06,4,4,0
PHC-DST-C1-01,2025-06-07,4,3,1
PHC-DST-C1-01,2025-06-08,4,4,0
PHC-DST-C1-01,2025-06-09,4,4,0
PHC-DST-C1-01,2025-06-10,4,4,0
PHC-DST-C1-01,2025-06-11,4,4,0
PHC-DST-C1-01,2025-06-12,4,4,0
PHC-DST-C1-01,2025-06-13,4,4,0
PHC-DST-C1-01,2025-06-14,4,4,0
PHC-DST-C1-01,2025-06-15,4,4,0
PHC-DST-C1-01,2025-06-16,4,2,2
PHC-DST-C1-01,2025-06-17,4,3,1
PHC-DST-C1-01,2025-06-18,4,3,1
PHC-DST-C1-01,2025-06-19,4,2,2
PHC-DST-C1-01,2025-06-20,4,3,1
PHC-DST-C1-01,2025-06-21,4,2,2
PHC-DST-C1-01,2025-06-22,4,4,0
PHC-DST-C1-01,2025-06-23,4,4,0
PHC-DST-C1-01,2025-06-24,4,4,0
PHC-DST-C1-01,2025-06-25,4,2,2
PHC-DST-C1-01,2025-06-26,4,3,1
PHC-DST-C1-01,2025-06-27,4,1,3
PHC-DST-C1-01,2025-06-28,4,4,0
PHC-DST-C1-01,2025-06-29,4,4,0
PHC-DST-C1-01,2025-06-30,4,4,0
PHC-DST-C1-02,2024-01-01,6,5,1
PHC-DST-C1-02,2024-01-02,6,6,0
PHC-DST-C1-02,2024-01-03,6,5,1
PHC-DST-C1-02,2024-01-04,6,3,3
PHC-DST-C1-02,2024-01-05,6,6,0
PHC-DST-C1-02,2024-01-06,6,4,2
PHC-DST-C1-02,2024-01-07,6,6,0
PHC-DST-C1-02,2024-01-08,6,6,0
PHC-DST-C1-02,2024-01-09,6,4,2
PHC-DST-C1-02,2024-01-10,6,3,3
PHC-DST-C1-02,2024-01-11,6,5,1
PHC-DST-C1-02,2024-01-12,6,4,2
PHC-DST-C1-02,2024-01-13,6,4,2
PHC-DST-C1-02,2024-01-14,6,5,1
PHC-DST-C1-02,2024-01-15,6,6,0
PHC-DST-C1-02,2024-01-16,6,4,2
PHC-DST-C1-02,2024-01-17,6,2,4
PHC-DST-C1-02,2024-01-18,6,4,2
PHC-DST-C1-02,2024-01-19,6,3,3
PHC-DST-C1-02,2024-01-20,6,3,3
PHC-DST-C1-02,2024-01-21,6,3,3
PHC-DST-C1-02,2024-01-22,6,3,3
PHC-DST-C1-02,2024-01-23,6,4,2
PHC-DST-C1-02,2024-01-24,6,2,4
PHC-DST-C1-02,2024-01-25,6,5,1
PHC-DST-C1-02,2024-01-26,6,6,0
PHC-DST-C1-02,2024-01-27,6,3,3
PHC-DST-C1-02,2024-01-28,6,4,2
PHC-DST-C1-02,2024-01-29,6,6,0
PHC-DST-C1-02,2024-01-30,6,1,5
PHC-DST-C1-02,2024-01-31,6,6,0
PHC-DST-C1-02,2024-02-01,6,2,4
PHC-DST-C1-02,2024-02-02,6,3,3
PHC-DST-C1-02,2024-02-03,6,6,0
PHC-DST-C1-02,2024-02-04,6,3,3
PHC-DST-C1-02,2024-02-05,6,3,3
PHC-DST-C1-02,2024-02-06,6,5,1
PHC-DST-C1-02,2024-02-07,6,6,0
PHC-DST-C1-02,2024-02-08,6,4,2
PHC-DST-C1-02,2024-02-09,6,5,1
PHC-DST-C1-02,2024-02-10,6,4,2
PHC-DST-C1-02,2024-02-11,6,3,3
PHC-DST-C1-02,2024-02-12,6,4,2
PHC-DST-C1-02,2024-02-13,6,6,0
PHC-DST-C1-02,2024-02-14,6,6,0
PHC-DST-C1-02,2024-02-15,6,5,1
PHC-DST-C1-02,2024-02-16,6,6,0
PHC-DST-C1-02,2024-02-17,6,5,1
PHC-DST-C1-02,2024-02-18,6,5,1
PHC-DST-C1-02,2024-02-19,6,6,0
PHC-DST-C1-02,2024-02-20,6,2,4
PHC-DST-C1-02,2024-02-21,6,2,4
PHC-DST-C1-02,2024-02-22,6,6,0
PHC-DST-C1-02,2024-02-23,6,3,3
PHC-DST-C1-02,2024-02-24,6,3,3
PHC-DST-C1-02,2024-02-25,6,5,1
PHC-DST-C1-02,2024-02-26,6,6,0
PHC-DST-C1-02,2024-02-27,6,4,2
PHC-DST-C1-02,2024-02-28,6,6,0
PHC-DST-C1-02,2024-02-29,6,4,2
PHC-DST-C1-02,2024-03-01,6,5,1
PHC-DST-C1-02,2024-03-02,6,3,3
PHC-DST-C1-02,2024-03-03,6,1,5
PHC-DST-C1-02,2024-03-04,6,2,4
PHC-DST-C1-02,2024-03-05,6,3,3
PHC-DST-C1-02,2024-03-06,6,4,2
PHC-DST-C1-02,2024-03-07,6,2,4
PHC-DST-C1-02,2024-03-08,6,6,0
PHC-DST-C1-02,2024-03-09,6,6,0
PHC-DST-C1-02,2024-03-10,6,6,0
PHC-DST-C1-02,2024-03-11,6,4,2
PHC-DST-C1-02,2024-03-12,6,2,4
PHC-DST-C1-02,2024-03-13,6,6,0
PHC-DST-C1-02,2024-03-14,6,6,0
PHC-DST-C1-02,2024-03-15,6,6,0
PHC-DST-C1-02,2024-03-16,6,6,0
PHC-DST-C1-02,2024-03-17,6,6,0
PHC-DST-C1-02,2024-03-18,6,6,0
PHC-DST-C1-02,2024-03-19,6,6,0
PHC-DST-C1-02,2024-03-20,6,6,0
PHC-DST-C1-02,2024-03-21,6,4,2
PHC-DST-C1-02,2024-03-22,6,3,3
PHC-DST-C1-02,2024-03-23,6,6,0
PHC-DST-C1-02,2024-03-24,6,6,0
PHC-DST-C1-02,2024-03-25,6,4,2
PHC-DST-C1-02,2024-03-26,6,5,1
PHC-DST-C1-02,2024-03-27,6,5,1
PHC-DST-C1-02,2024-03-28,6,3,3
PHC-DST-C1-02,2024-03-29,6,4,2
PHC-DST-C1-02,2024-03-30,6,2,4
PHC-DST-C1-02,2024-03-31,6,2,4
PHC-DST-C1-02,2024-04-01,6,5,1
PHC-DST-C1-02,2024-04-02,6,3,3
PHC-DST-C1-02,2024-04-03,6,6,0
PHC-DST-C1-02,2024-04-04,6,6,0
PHC-DST-C1-02,2024-04-05,6,4,2
PHC-DST-C1-02,2024-04-06,6,4,2
PHC-DST-C1-02,2024-04-07,6,5,1
PHC-DST-C1-02,2024-04-08,6,5,1
PHC-DST-C1-02,2024-04-09,6,4,2
PHC-DST-C1-02,2024-04-10,6,6,0
PHC-DST-C1-02,2024-04-11,6,5,1
PHC-DST-C1-02,2024-04-12,6,6,0
PHC-DST-C1-02,2024-04-13,6,1,5
PHC-DST-C1-02,2024-04-14,6,6,0
PHC-DST-C1-02,2024-04-15,6,3,3
PHC-DST-C1-02,2024-04-16,6,3,3
PHC-DST-C1-02,2024-04-17,6,3,3
PHC-DST-C1-02,2024-04-18,6,6,0
PHC-DST-C1-02,2024-04-19,6,6,0
PHC-DST-C1-02,2024-04-20,6,3,3
PHC-DST-C1-02,2024-04-21,6,2,4
PHC-DST-C1-02,2024-04-22,6,2,4
PHC-DST-C1-02,2024-04-23,6,6,0
PHC-DST-C1-02,2024-04-24,6,4,2
PHC-DST-C1-02,2024-04-25,6,4,2
PHC-DST-C1-02,2024-04-26,6,5,1
PHC-DST-C1-02,2024-04-27,6,3,3
PHC-DST-C1-02,2024-04-28,6,6,0
PHC-DST-C1-02,2024-04-29,6,3,3
PHC-DST-C1-02,2024-04-30,6,5,1
PHC-DST-C1-02,2024-05-01,6,3,3
PHC-DST-C1-02,2024-05-02,6,2,4
PHC-DST-C1-02,2024-05-03,6,4,2
PHC-DST-C1-02,2024-05-04,6,4,2
PHC-DST-C1-02,2024-05-05,6,6,0
PHC-DST-C1-02,2024-05-06,6,2,4
PHC-DST-C1-02,2024-05-07,6,5,1
PHC-DST-C1-02,2024-05-08,6,4,2
PHC-DST-C1-02,2024-05-09,6,4,2
PHC-DST-C1-02,2024-05-10,6,6,0
PHC-DST-C1-02,2024-05-11,6,4,2
PHC-DST-C1-02,2024-05-12,6,6,0
PHC-DST-C1-02,2024-05-13,6,6,0
PHC-DST-C1-02,2024-05-14,6,6,0
PHC-DST-C1-02,2024-05-15,6,5,1
PHC-DST-C1-02,2024-05-16,6,2,4
PHC-DST-C1-02,2024-05-17,6,6,0
PHC-DST-C1-02,2024-05-18,6,6,0
PHC-DST-C1-02,2024-05-19,6,6,0
PHC-DST-C1-02,2024-05-20,6,3,3
PHC-DST-C1-02,2024-05-21,6,4,2
PHC-DST-C1-02,2024-05-22,6,4,2
PHC-DST-C1-02,2024-05-23,6,5,1
PHC-DST-C1-02,2024-05-24,6,5,1
PHC-DST-C1-02,2024-05-25,6,3,3
PHC-DST-C1-02,2024-05-26,6,6,0
PHC-DST-C1-02,2024-05-27,6,3,3
PHC-DST-C1-02,2024-05-28,6,6,0
PHC-DST-C1-02,2024-05-29,6,4,2
PHC-DST-C1-02,2024-05-30,6,6,0
PHC-DST-C1-02,2024-05-31,6,6,0
PHC-DST-C1-02,2024-06-01,6,3,3
PHC-DST-C1-02,2024-06-02,6,6,0
PHC-DST-C1-02,2024-06-03,6,6,0
PHC-DST-C1-02,2024-06-04,6,5,1
PHC-DST-C1-02,2024-06-05,6,6,0
PHC-DST-C1-02,2024-06-06,6,6,0
PHC-DST-C1-02,2024-06-07,6,4,2
PHC-DST-C1-02,2024-06-08,6,6,0
PHC-DST-C1-02,2024-06-09,6,6,0
PHC-DST-C1-02,2024-06-10,6,6,0
PHC-DST-C1-02,2024-06-11,6,3,3
PHC-DST-C1-02,2024-06-12,6,6,0
PHC-DST-C1-02,2024-06-13,6,4,2
PHC-DST-C1-02,2024-06-14,6,5,1
PHC-DST-C1-02,2024-06-15,6,4,2
PHC-DST-C1-02,2024-06-16,6,3,3
PHC-DST-C1-02,2024-06-17,6,5,1
PHC-DST-C1-02,2024-06-18,6,4,2
PHC-DST-C1-02,2024-06-19,6,3,3
PHC-DST-C1-02,2024-06-20,6,6,0
PHC-DST-C1-02,2024-06-21,6,4,2
PHC-DST-C1-02,2024-06-22,6,5,1
PHC-DST-C1-02,2024-06-23,6,2,4
PHC-DST-C1-02,2024-06-24,6,5,1
PHC-DST-C1-02,2024-06-25,6,1,5
PHC-DST-C1-02,2024-06-26,6,6,0
PHC-DST-C1-02,2024-06-27,6,6,0
PHC-DST-C1-02,2024-06-28,6,6,0
PHC-DST-C1-02,2024-06-29,6,6,0
PHC-DST-C1-02,2024-06-30,6,3,3
PHC-DST-C1-02,2024-07-01,6,6,0
PHC-DST-C1-02,2024-07-02,6,4,2
PHC-DST-C1-02,2024-07-03,6,6,0
PHC-DST-C1-02,2024-07-04,6,6,0
PHC-DST-C1-02,2024-07-05,6,5,1
PHC-DST-C1-02,2024-07-06,6,3,3
PHC-DST-C1-02,2024-07-07,6,3,3
PHC-DST-C1-02,2024-07-08,6,6,0
PHC-DST-C1-02,2024-07-09,6,1,5
PHC-DST-C1-02,2024-07-10,6,2,4
PHC-DST-C1-02,2024-07-11,6,3,3
PHC-DST-C1-02,2024-07-12,6,2,4
PHC-DST-C1-02,2024-07-13,6,4,2
PHC-DST-C1-02,2024-07-14,6,6,0
PHC-DST-C1-02,2024-07-15,6,4,2
PHC-DST-C1-02,2024-07-16,6,5,1
PHC-DST-C1-02,2024-07-17,6,3,3
PHC-DST-C1-02,2024-07-18,6,3,3
PHC-DST-C1-02,2024-07-19,6,4,2
PHC-DST-C1-02,2024-07-20,6,5,1
PHC-DST-C1-02,2024-07-21,6,3,3
PHC-DST-C1-02,2024-07-22,6,4,2
PHC-DST-C1-02,2024-07-23,6,5,1
PHC-DST-C1-02,2024-07-24,6,6,0
PHC-DST-C1-02,2024-07-25,6,5,1
PHC-DST-C1-02,2024-07-26,6,3,3
PHC-DST-C1-02,2024-07-27,6,1,5
PHC-DST-C1-02,2024-07-28,6,3,3
PHC-DST-C1-02,2024-07-29,6,5,1
PHC-DST-C1-02,2024-07-30,6,4,2
PHC-DST-C1-02,2024-07-31,6,3,3
PHC-DST-C1-02,2024-08-01,6,5,1
PHC-DST-C1-02,2024-08-02,6,5,1
PHC-DST-C1-02,2024-08-03,6,2,4
PHC-DST-C1-02,2024-08-04,6,5,1
PHC-DST-C1-02,2024-08-05,6,3,3
PHC-DST-C1-02,2024-08-06,6,4,2
PHC-DST-C1-02,2024-08-07,6,6,0
PHC-DST-C1-02,2024-08-08,6,5,1
PHC-DST-C1-02,2024-08-09,6,5,1
PHC-DST-C1-02,2024-08-10,6,5,1
PHC-DST-C1-02,2024-08-11,6,5,1
PHC-DST-C1-02,2024-08-12,6,4,2
PHC-DST-C1-02,2024-08-13,6,6,0
PHC-DST-C1-02,2024-08-14,6,6,0
PHC-DST-C1-02,2024-08-15,6,5,1
PHC-DST-C1-02,2024-08-16,6,3,3
PHC-DST-C1-02,2024-08-17,6,6,0
PHC-DST-C1-02,2024-08-18,6,5,1
PHC-DST-C1-02,2024-08-19,6,6,0
PHC-DST-C1-02,2024-08-20,6,3,3
PHC-DST-C1-02,2024-08-21,6,4,2
PHC-DST-C1-02,2024-08-22,6,2,4
PHC-DST-C1-02,2024-08-23,6,6,0
PHC-DST-C1-02,2024-08-24,6,5,1
PHC-DST-C1-02,2024-08-25,6,3,3
PHC-DST-C1-02,2024-08-26,6,4,2
PHC-DST-C1-02,2024-08-27,6,6,0
PHC-DST-C1-02,2024-08-28,6,4,2
PHC-DST-C1-02,2024-08-29,6,6,0
PHC-DST-C1-02,2024-08-30,6,4,2
PHC-DST-C1-02,2024-08-31,6,2,4
PHC-DST-C1-02,2024-09-01,6,4,2
PHC-DST-C1-02,2024-09-02,6,6,0
PHC-DST-C1-02,2024-09-03,6,4,2
PHC-DST-C1-02,2024-09-04,6,2,4
PHC-DST-C1-02,2024-09-05,6,5,1
PHC-DST-C1-02,2024-09-06,6,6,0
PHC-DST-C1-02,2024-09-07,6,4,2
PHC-DST-C1-02,2024-09-08,6,3,3
PHC-DST-C1-02,2024-09-09,6,6,0
PHC-DST-C1-02,2024-09-10,6,6,0
PHC-DST-C1-02,2024-09-11,6,6,0
PHC-DST-C1-02,2024-09-12,6,5,1
PHC-DST-C1-02,2024-09-13,6,6,0
PHC-DST-C1-02,2024-09-14,6,5,1
PHC-DST-C1-02,2024-09-15,6,2,4
PHC-DST-C1-02,2024-09-16,6,4,2
PHC-DST-C1-02,2024-09-17,6,6,0
PHC-DST-C1-02,2024-09-18,6,4,2
PHC-DST-C1-02,2024-09-19,6,6,0
PHC-DST-C1-02,2024-09-20,6,6,0
PHC-DST-C1-02,2024-09-21,6,5,1
PHC-DST-C1-02,2024-09-22,6,4,2
PHC-DST-C1-02,2024-09-23,6,6,0
PHC-DST-C1-02,2024-09-24,6,4,2
PHC-DST-C1-02,2024-09-25,6,6,0
PHC-DST-C1-02,2024-09-26,6,6,0
PHC-DST-C1-02,2024-09-27,6,4,2
PHC-DST-C1-02,2024-09-28,6,3,3
PHC-DST-C1-02,2024-09-29,6,1,5
PHC-DST-C1-02,2024-09-30,6,4,2
PHC-DST-C1-02,2024-10-01,6,5,1
PHC-DST-C1-02,2024-10-02,6,6,0
PHC-DST-C1-02,2024-10-03,6,6,0
PHC-DST-C1-02,2024-10-04,6,6,0
PHC-DST-C1-02,2024-10-05,6,3,3
PHC-DST-C1-02,2024-10-06,6,6,0
PHC-DST-C1-02,2024-10-07,6,3,3
PHC-DST-C1-02,2024-10-08,6,6,0
PHC-DST-C1-02,2024-10-09,6,2,4
PHC-DST-C1-02,2024-10-10,6,3,3
PHC-DST-C1-02,2024-10-11,6,6,0
PHC-DST-C1-02,2024-10-12,6,2,4
PHC-DST-C1-02,2024-10-13,6,3,3
PHC-DST-C1-02,2024-10-14,6,6,0
PHC-DST-C1-02,2024-10-15,6,4,2
PHC-DST-C1-02,2024-10-16,6,4,2
PHC-DST-C1-02,2024-10-17,6,5,1
PHC-DST-C1-02,2024-10-18,6,3,3
PHC-DST-C1-02,2024-10-19,6,5,1
PHC-DST-C1-02,2024-10-20,6,6,0
PHC-DST-C1-02,2024-10-21,6,4,2
PHC-DST-C1-02,2024-10-22,6,3,3
PHC-DST-C1-02,2024-10-23,6,4,2
PHC-DST-C1-02,2024-10-24,6,3,3
PHC-DST-C1-02,2024-10-25,6,3,3
PHC-DST-C1-02,2024-10-26,6,6,0
PHC-DST-C1-02,2024-10-27,6,5,1
PHC-DST-C1-02,2024-10-28,6,4,2
PHC-DST-C1-02,2024-10-29,6,6,0
PHC-DST-C1-02,2024-10-30,6,3,3
PHC-DST-C1-02,2024-10-31,6,5,1
PHC-DST-C1-02,2024-11-01,6,4,2
PHC-DST-C1-02,2024-11-02,6,4,2
PHC-DST-C1-02,2024-11-03,6,5,1
PHC-DST-C1-02,2024-11-04,6,5,1
PHC-DST-C1-02,2024-11-05,6,6,0
PHC-DST-C1-02,2024-11-06,6,4,2
PHC-DST-C1-02,2024-11-07,6,5,1
PHC-DST-C1-02,2024-11-08,6,6,0
PHC-DST-C1-02,2024-11-09,6,6,0
PHC-DST-C1-02,2024-11-10,6,4,2
PHC-DST-C1-02,2024-11-11,6,5,1
PHC-DST-C1-02,2024-11-12,6,6,0
PHC-DST-C1-02,2024-11-13,6,6,0
PHC-DST-C1-02,2024-11-14,6,3,3
PHC-DST-C1-02,2024-11-15,6,4,2
PHC-DST-C1-02,2024-11-16,6,3,3
PHC-DST-C1-02,2024-11-17,6,4,2
PHC-DST-C1-02,2024-11-18,6,6,0
PHC-DST-C1-02,2024-11-19,6,6,0
PHC-DST-C1-02,2024-11-20,6,6,0
PHC-DST-C1-02,2024-11-21,6,4,2
PHC-DST-C1-02,2024-11-22,6,2,4
PHC-DST-C1-02,2024-11-23,6,6,0
PHC-DST-C1-02,2024-11-24,6,2,4
PHC-DST-C1-02,2024-11-25,6,6,0
PHC-DST-C1-02,2024-11-26,6,5,1
PHC-DST-C1-02,2024-11-27,6,4,2
PHC-DST-C1-02,2024-11-28,6,5,1
PHC-DST-C1-02,2024-11-29,6,4,2
PHC-DST-C1-02,2024-11-30,6,5,1
PHC-DST-C1-02,2024-12-01,6,3,3
PHC-DST-C1-02,2024-12-02,6,4,2
PHC-DST-C1-02,2024-12-03,6,6,0
PHC-DST-C1-02,2024-12-04,6,6,0
PHC-DST-C1-02,2024-12-05,6,6,0
PHC-DST-C1-02,2024-12-06,6,3,3
PHC-DST-C1-02,2024-12-07,6,5,1
PHC-DST-C1-02,2024-12-08,6,5,1
PHC-DST-C1-02,2024-12-09,6,3,3
PHC-DST-C1-02,2024-12-10,6,3,3
PHC-DST-C1-02,2024-12-11,6,6,0
PHC-DST-C1-02,2024-12-12,6,6,0
PHC-DST-C1-02,2024-12-13,6,4,2
PHC-DST-C1-02,2024-12-14,6,6,0
PHC-DST-C1-02,2024-12-15,6,4,2
PHC-DST-C1-02,2024-12-16,6,6,0
PHC-DST-C1-02,2024-12-17,6,3,3
PHC-DST-C1-02,2024-12-18,6,6,0
PHC-DST-C1-02,2024-12-19,6,5,1
PHC-DST-C1-02,2024-12-20,6,6,0
PHC-DST-C1-02,2024-12-21,6,2,4
PHC-DST-C1-02,2024-12-22,6,2,4
PHC-DST-C1-02,2024-12-23,6,4,2
PHC-DST-C1-02,2024-12-24,6,2,4
PHC-DST-C1-02,2024-12-25,6,3,3
PHC-DST-C1-02,2024-12-26,6,3,3
PHC-DST-C1-02,2024-12-27,6,6,0
PHC-DST-C1-02,2024-12-28,6,6,0
PHC-DST-C1-02,2024-12-29,6,3,3
PHC-DST-C1-02,2024-12-30,6,4,2
PHC-DST-C1-02,2024-12-31,6,6,0
PHC-DST-C1-02,2025-01-01,6,2,4
PHC-DST-C1-02,2025-01-02,6,3,3
PHC-DST-C1-02,2025-01-03,6,4,2
PHC-DST-C1-02,2025-01-04,6,4,2
PHC-DST-C1-02,2025-01-05,6,2,4
PHC-DST-C1-02,2025-01-06,6,5,1
PHC-DST-C1-02,2025-01-07,6,6,0
PHC-DST-C1-02,2025-01-08,6,5,1
PHC-DST-C1-02,2025-01-09,6,4,2
PHC-DST-C1-02,2025-01-10,6,5,1
PHC-DST-C1-02,2025-01-11,6,6,0
PHC-DST-C1-02,2025-01-12,6,6,0
PHC-DST-C1-02,2025-01-13,6,6,0
PHC-DST-C1-02,2025-01-14,6,4,2
PHC-DST-C1-02,2025-01-15,6,1,5
PHC-DST-C1-02,2025-01-16,6,3,3
PHC-DST-C1-02,2025-01-17,6,6,0
PHC-DST-C1-02,2025-01-18,6,3,3
PHC-DST-C1-02,2025-01-19,6,6,0
PHC-DST-C1-02,2025-01-20,6,4,2
PHC-DST-C1-02,2025-01-21,6,3,3
PHC-DST-C1-02,2025-01-22,6,4,2
PHC-DST-C1-02,2025-01-23,6,6,0
PHC-DST-C1-02,2025-01-24,6,5,1
PHC-DST-C1-02,2025-01-25,6,3,3
PHC-DST-C1-02,2025-01-26,6,4,2
PHC-DST-C1-02,2025-01-27,6,4,2
PHC-DST-C1-02,2025-01-28,6,4,2
PHC-DST-C1-02,2025-01-29,6,2,4
PHC-DST-C1-02,2025-01-30,6,2,4
PHC-DST-C1-02,2025-01-31,6,4,2
PHC-DST-C1-02,2025-02-01,6,3,3
PHC-DST-C1-02,2025-02-02,6,6,0
PHC-DST-C1-02,2025-02-03,6,5,1
PHC-DST-C1-02,2025-02-04,6,5,1
PHC-DST-C1-02,2025-02-05,6,3,3
PHC-DST-C1-02,2025-02-06,6,5,1
PHC-DST-C1-02,2025-02-07,6,6,0
PHC-DST-C1-02,2025-02-08,6,6,0
PHC-DST-C1-02,2025-02-09,6,6,0
PHC-DST-C1-02,2025-02-10,6,6,0
PHC-DST-C1-02,2025-02-11,6,5,1
PHC-DST-C1-02,2025-02-12,6,6,0
PHC-DST-C1-02,2025-02-13,6,4,2
PHC-DST-C1-02,2025-02-14,6,4,2
PHC-DST-C1-02,2025-02-15,6,2,4
PHC-DST-C1-02,2025-02-16,6,4,2
PHC-DST-C1-02,2025-02-17,6,4,2
PHC-DST-C1-02,2025-02-18,6,3,3
PHC-DST-C1-02,2025-02-19,6,4,2
PHC-DST-C1-02,2025-02-20,6,4,2
PHC-DST-C1-02,2025-02-21,6,6,0
PHC-DST-C1-02,2025-02-22,6,2,4
PHC-DST-C1-02,2025-02-23,6,3,3
PHC-DST-C1-02,2025-02-24,6,2,4
PHC-DST-C1-02,2025-02-25,6,6,0
PHC-DST-C1-02,2025-02-26,6,5,1
PHC-DST-C1-02,2025-02-27,6,3,3
PHC-DST-C1-02,2025-02-28,6,6,0
PHC-DST-C1-02,2025-03-01,6,3,3
PHC-DST-C1-02,2025-03-02,6,5,1
PHC-DST-C1-02,2025-03-03,6,6,0
PHC-DST-C1-02,2025-03-04,6,5,1
PHC-DST-C1-02,2025-03-05,6,6,0
PHC-DST-C1-02,2025-03-06,6,6,0
PHC-DST-C1-02,2025-03-07,6,6,0
PHC-DST-C1-02,2025-03-08,6,5,1
PHC-DST-C1-02,2025-03-09,6,4,2
PHC-DST-C1-02,2025-03-10,6,6,0
PHC-DST-C1-02,2025-03-11,6,4,2
PHC-DST-C1-02,2025-03-12,6,2,4
PHC-DST-C1-02,2025-03-13,6,6,0
PHC-DST-C1-02,2025-03-14,6,4,2
PHC-DST-C1-02,2025-03-15,6,4,2
PHC-DST-C1-02,2025-03-16,6,2,4
PHC-DST-C1-02,2025-03-17,6,2,4
PHC-DST-C1-02,2025-03-18,6,5,1
PHC-DST-C1-02,2025-03-19,6,6,0
PHC-DST-C1-02,2025-03-20,6,5,1
PHC-DST-C1-02,2025-03-21,6,6,0
PHC-DST-C1-02,2025-03-22,6,5,1
PHC-DST-C1-02,2025-03-23,6,2,4
PHC-DST-C1-02,2025-03-24,6,6,0
PHC-DST-C1-02,2025-03-25,6,5,1
PHC-DST-C1-02,2025-03-26,6,3,3
PHC-DST-C1-02,2025-03-27,6,3,3
PHC-DST-C1-02,2025-03-28,6,6,0
PHC-DST-C1-02,2025-03-29,6,3,3
PHC-DST-C1-02,2025-03-30,6,3,3
PHC-DST-C1-02,2025-03-31,6,5,1
PHC-DST-C1-02,2025-04-01,6,6,0
PHC-DST-C1-02,2025-04-02,6,3,3
PHC-DST-C1-02,2025-04-03,6,4,2
PHC-DST-C1-02,2025-04-04,6,6,0
PHC-DST-C1-02,2025-04-05,6,4,2
PHC-DST-C1-02,2025-04-06,6,6,0
PHC-DST-C1-02,2025-04-07,6,3,3
PHC-DST-C1-02,2025-04-08,6,6,0
PHC-DST-C1-02,2025-04-09,6,5,1
PHC-DST-C1-02,2025-04-10,6,3,3
PHC-DST-C1-02,2025-04-11,6,4,2
PHC-DST-C1-02,2025-04-12,6,6,0
PHC-DST-C1-02,2025-04-13,6,4,2
PHC-DST-C1-02,2025-04-14,6,4,2
PHC-DST-C1-02,2025-04-15,6,5,1
PHC-DST-C1-02,2025-04-16,6,3,3
PHC-DST-C1-02,2025-04-17,6,4,2
PHC-DST-C1-02,2025-04-18,6,4,2
PHC-DST-C1-02,2025-04-19,6,5,1
PHC-DST-C1-02,2025-04-20,6,4,2
PHC-DST-C1-02,2025-04-21,6,6,0
PHC-DST-C1-02,2025-04-22,6,6,0
PHC-DST-C1-02,2025-04-23,6,6,0
PHC-DST-C1-02,2025-04-24,6,4,2
PHC-DST-C1-02,2025-04-25,6,6,0
PHC-DST-C1-02,2025-04-26,6,6,0
PHC-DST-C1-02,2025-04-27,6,4,2
PHC-DST-C1-02,2025-04-28,6,5,1
PHC-DST-C1-02,2025-04-29,6,4,2
PHC-DST-C1-02,2025-04-30,6,5,1
PHC-DST-C1-02,2025-05-01,6,6,0
PHC-DST-C1-02,2025-05-02,6,4,2
PHC-DST-C1-02,2025-05-03,6,6,0
PHC-DST-C1-02,2025-05-04,6,3,3
PHC-DST-C1-02,2025-05-05,6,4,2
PHC-DST-C1-02,2025-05-06,6,1,5
PHC-DST-C1-02,2025-05-07,6,2,4
PHC-DST-C1-02,2025-05-08,6,4,2
PHC-DST-C1-02,2025-05-09,6,4,2
PHC-DST-C1-02,2025-05-10,6,3,3
PHC-DST-C1-02,2025-05-11,6,5,1
PHC-DST-C1-02,2025-05-12,6,2,4
PHC-DST-C1-02,2025-05-13,6,6,0
PHC-DST-C1-02,2025-05-14,6,4,2
PHC-DST-C1-02,2025-05-15,6,5,1
PHC-DST-C1-02,2025-05-16,6,3,3
PHC-DST-C1-02,2025-05-17,6,5,1
PHC-DST-C1-02,2025-05-18,6,6,0
PHC-DST-C1-02,2025-05-19,6,5,1
PHC-DST-C1-02,2025-05-20,6,6,0
PHC-DST-C1-02,2025-05-21,6,3,3
PHC-DST-C1-02,2025-05-22,6,3,3
PHC-DST-C1-02,2025-05-23,6,3,3
PHC-DST-C1-02,2025-05-24,6,5,1
PHC-DST-C1-02,2025-05-25,6,6,0
PHC-DST-C1-02,2025-05-26,6,5,1
PHC-DST-C1-02,2025-05-27,6,6,0
PHC-DST-C1-02,2025-05-28,6,4,2
PHC-DST-C1-02,2025-05-29,6,6,0
PHC-DST-C1-02,2025-05-30,6,3,3
PHC-DST-C1-02,2025-05-31,6,6,0
PHC-DST-C1-02,2025-06-01,6,6,0
PHC-DST-C1-02,2025-06-02,6,2,4
PHC-DST-C1-02,2025-06-03,6,6,0
PHC-DST-C1-02,2025-06-04,6,4,2
PHC-DST-C1-02,2025-06-05,6,4,2
PHC-DST-C1-02,2025-06-06,6,6,0
PHC-DST-C1-02,2025-06-07,6,6,0
PHC-DST-C1-02,2025-06-08,6,5,1
PHC-DST-C1-02,2025-06-09,6,4,2
PHC-DST-C1-02,2025-06-10,6,5,1
PHC-DST-C1-02,2025-06-11,6,5,1
PHC-DST-C1-02,2025-06-12,6,4,2
PHC-DST-C1-02,2025-06-13,6,6,0
PHC-DST-C1-02,2025-06-14,6,4,2
PHC-DST-C1-02,2025-06-15,6,4,2
PHC-DST-C1-02,2025-06-16,6,6,0
PHC-DST-C1-02,2025-06-17,6,6,0
PHC-DST-C1-02,2025-06-18,6,5,1
PHC-DST-C1-02,2025-06-19,6,2,4
PHC-DST-C1-02,2025-06-20,6,4,2
PHC-DST-C1-02,2025-06-21,6,3,3
PHC-DST-C1-02,2025-06-22,6,6,0
PHC-DST-C1-02,2025-06-23,6,3,3
PHC-DST-C1-02,2025-06-24,6,4,2
PHC-DST-C1-02,2025-06-25,6,6,0
PHC-DST-C1-02,2025-06-26,6,3,3
PHC-DST-C1-02,2025-06-27,6,6,0
PHC-DST-C1-02,2025-06-28,6,3,3
PHC-DST-C1-02,2025-06-29,6,6,0
PHC-DST-C1-02,2025-06-30,6,3,3
PHC-DST-C1-03,2024-01-01,6,2,4
PHC-DST-C1-03,2024-01-02,6,6,0
PHC-DST-C1-03,2024-01-03,6,6,0
PHC-DST-C1-03,2024-01-04,6,6,0
PHC-DST-C1-03,2024-01-05,6,6,0
PHC-DST-C1-03,2024-01-06,6,2,4
PHC-DST-C1-03,2024-01-07,6,6,0
PHC-DST-C1-03,2024-01-08,6,4,2
PHC-DST-C1-03,2024-01-09,6,1,5
PHC-DST-C1-03,2024-01-10,6,3,3
PHC-DST-C1-03,2024-01-11,6,6,0
PHC-DST-C1-03,2024-01-12,6,6,0
PHC-DST-C1-03,2024-01-13,6,6,0
PHC-DST-C1-03,2024-01-14,6,3,3
PHC-DST-C1-03,2024-01-15,6,3,3
PHC-DST-C1-03,2024-01-16,6,5,1
PHC-DST-C1-03,2024-01-17,6,6,0
PHC-DST-C1-03,2024-01-18,6,6,0
PHC-DST-C1-03,2024-01-19,6,6,0
PHC-DST-C1-03,2024-01-20,6,3,3
PHC-DST-C1-03,2024-01-21,6,5,1
PHC-DST-C1-03,2024-01-22,6,5,1
PHC-DST-C1-03,2024-01-23,6,5,1
PHC-DST-C1-03,2024-01-24,6,6,0
PHC-DST-C1-03,2024-01-25,6,3,3
PHC-DST-C1-03,2024-01-26,6,4,2
PHC-DST-C1-03,2024-01-27,6,4,2
PHC-DST-C1-03,2024-01-28,6,4,2
PHC-DST-C1-03,2024-01-29,6,6,0
PHC-DST-C1-03,2024-01-30,6,3,3
PHC-DST-C1-03,2024-01-31,6,4,2
PHC-DST-C1-03,2024-02-01,6,3,3
PHC-DST-C1-03,2024-02-02,6,6,0
PHC-DST-C1-03,2024-02-03,6,5,1
PHC-DST-C1-03,2024-02-04,6,6,0
PHC-DST-C1-03,2024-02-05,6,5,1
PHC-DST-C1-03,2024-02-06,6,6,0
PHC-DST-C1-03,2024-02-07,6,6,0
PHC-DST-C1-03,2024-02-08,6,6,0
PHC-DST-C1-03,2024-02-09,6,4,2
PHC-DST-C1-03,2024-02-10,6,3,3
PHC-DST-C1-03,2024-02-11,6,5,1
PHC-DST-C1-03,2024-02-12,6,6,0
PHC-DST-C1-03,2024-02-13,6,6,0
PHC-DST-C1-03,2024-02-14,6,3,3
PHC-DST-C1-03,2024-02-15,6,6,0
PHC-DST-C1-03,2024-02-16,6,6,0
PHC-DST-C1-03,2024-02-17,6,6,0
PHC-DST-C1-03,2024-02-18,6,3,3
PHC-DST-C1-03,2024-02-19,6,4,2
PHC-DST-C1-03,2024-02-20,6,4,2
PHC-DST-C1-03,2024-02-21,6,3,3
PHC-DST-C1-03,2024-02-22,6,3,3
PHC-DST-C1-03,2024-02-23,6,6,0
PHC-DST-C1-03,2024-02-24,6,3,3
PHC-DST-C1-03,2024-02-25,6,3,3
PHC-DST-C1-03,2024-02-26,6,5,1
PHC-DST-C1-03,2024-02-27,6,6,0
PHC-DST-C1-03,2024-02-28,6,6,0
PHC-DST-C1-03,2024-02-29,6,6,0
PHC-DST-C1-03,2024-03-01,6,2,4
PHC-DST-C1-03,2024-03-02,6,6,0
PHC-DST-C1-03,2024-03-03,6,5,1
PHC-DST-C1-03,2024-03-04,6,6,0
PHC-DST-C1-03,2024-03-05,6,4,2
PHC-DST-C1-03,2024-03-06,6,3,3
PHC-DST-C1-03,2024-03-07,6,3,3
PHC-DST-C1-03,2024-03-08,6,6,0
PHC-DST-C1-03,2024-03-09,6,5,1
PHC-DST-C1-03,2024-03-10,6,3,3
PHC-DST-C1-03,2024-03-11,6,3,3
PHC-DST-C1-03,2024-03-12,6,5,1
PHC-DST-C1-03,2024-03-13,6,3,3
PHC-DST-C1-03,2024-03-14,6,4,2
PHC-DST-C1-03,2024-03-15,6,4,2
PHC-DST-C1-03,2024-03-16,6,6,0
PHC-DST-C1-03,2024-03-17,6,6,0
PHC-DST-C1-03,2024-03-18,6,4,2
PHC-DST-C1-03,2024-03-19,6,6,0
PHC-DST-C1-03,2024-03-20,6,4,2
PHC-DST-C1-03,2024-03-21,6,2,4
PHC-DST-C1-03,2024-03-22,6,3,3
PHC-DST-C1-03,2024-03-23,6,3,3
PHC-DST-C1-03,2024-03-24,6,6,0
PHC-DST-C1-03,2024-03-25,6,4,2
PHC-DST-C1-03,2024-03-26,6,5,1
PHC-DST-C1-03,2024-03-27,6,3,3
PHC-DST-C1-03,2024-03-28,6,2,4
PHC-DST-C1-03,2024-03-29,6,4,2
PHC-DST-C1-03,2024-03-30,6,6,0
PHC-DST-C1-03,2024-03-31,6,3,3
PHC-DST-C1-03,2024-04-01,6,4,2
PHC-DST-C1-03,2024-04-02,6,4,2
PHC-DST-C1-03,2024-04-03,6,4,2
PHC-DST-C1-03,2024-04-04,6,5,1
PHC-DST-C1-03,2024-04-05,6,4,2
PHC-DST-C1-03,2024-04-06,6,3,3
PHC-DST-C1-03,2024-04-07,6,6,0
PHC-DST-C1-03,2024-04-08,6,4,2
PHC-DST-C1-03,2024-04-09,6,5,1
PHC-DST-C1-03,2024-04-10,6,6,0
PHC-DST-C1-03,2024-04-11,6,6,0
PHC-DST-C1-03,2024-04-12,6,3,3
PHC-DST-C1-03,2024-04-13,6,3,3
PHC-DST-C1-03,2024-04-14,6,5,1
PHC-DST-C1-03,2024-04-15,6,3,3
PHC-DST-C1-03,2024-04-16,6,5,1
PHC-DST-C1-03,2024-04-17,6,4,2
PHC-DST-C1-03,2024-04-18,6,6,0
PHC-DST-C1-03,2024-04-19,6,4,2
PHC-DST-C1-03,2024-04-20,6,2,4
PHC-DST-C1-03,2024-04-21,6,2,4
PHC-DST-C1-03,2024-04-22,6,3,3
PHC-DST-C1-03,2024-04-23,6,6,0
PHC-DST-C1-03,2024-04-24,6,6,0
PHC-DST-C1-03,2024-04-25,6,5,1
PHC-DST-C1-03,2024-04-26,6,5,1
PHC-DST-C1-03,2024-04-27,6,6,0
PHC-DST-C1-03,2024-04-28,6,6,0
PHC-DST-C1-03,2024-04-29,6,5,1
PHC-DST-C1-03,2024-04-30,6,3,3
PHC-DST-C1-03,2024-05-01,6,6,0
PHC-DST-C1-03,2024-05-02,6,6,0
PHC-DST-C1-03,2024-05-03,6,2,4
PHC-DST-C1-03,2024-05-04,6,4,2
PHC-DST-C1-03,2024-05-05,6,2,4
PHC-DST-C1-03,2024-05-06,6,5,1
PHC-DST-C1-03,2024-05-07,6,6,0
PHC-DST-C1-03,2024-05-08,6,2,4
PHC-DST-C1-03,2024-05-09,6,6,0
PHC-DST-C1-03,2024-05-10,6,5,1
PHC-DST-C1-03,2024-05-11,6,5,1
PHC-DST-C1-03,2024-05-12,6,6,0
PHC-DST-C1-03,2024-05-13,6,6,0
PHC-DST-C1-03,2024-05-14,6,4,2
PHC-DST-C1-03,2024-05-15,6,6,0
PHC-DST-C1-03,2024-05-16,6,5,1
PHC-DST-C1-03,2024-05-17,6,4,2
PHC-DST-C1-03,2024-05-18,6,2,4
PHC-DST-C1-03,2024-05-19,6,4,2
PHC-DST-C1-03,2024-05-20,6,6,0
PHC-DST-C1-03,2024-05-21,6,6,0
PHC-DST-C1-03,2024-05-22,6,3,3
PHC-DST-C1-03,2024-05-23,6,3,3
PHC-DST-C1-03,2024-05-24,6,5,1
PHC-DST-C1-03,2024-05-25,6,3,3
PHC-DST-C1-03,2024-05-26,6,6,0
PHC-DST-C1-03,2024-05-27,6,5,1
PHC-DST-C1-03,2024-05-28,6,6,0
PHC-DST-C1-03,2024-05-29,6,2,4
PHC-DST-C1-03,2024-05-30,6,4,2
PHC-DST-C1-03,2024-05-31,6,5,1
PHC-DST-C1-03,2024-06-01,6,4,2
PHC-DST-C1-03,2024-06-02,6,4,2
PHC-DST-C1-03,2024-06-03,6,6,0
PHC-DST-C1-03,2024-06-04,6,2,4
PHC-DST-C1-03,2024-06-05,6,3,3
PHC-DST-C1-03,2024-06-06,6,5,1
PHC-DST-C1-03,2024-06-07,6,6,0
PHC-DST-C1-03,2024-06-08,6,5,1
PHC-DST-C1-03,2024-06-09,6,2,4
PHC-DST-C1-03,2024-06-10,6,6,0
PHC-DST-C1-03,2024-06-11,6,6,0
PHC-DST-C1-03,2024-06-12,6,5,1
PHC-DST-C1-03,2024-06-13,6,6,0
PHC-DST-C1-03,2024-06-14,6,4,2
PHC-DST-C1-03,2024-06-15,6,4,2
PHC-DST-C1-03,2024-06-16,6,5,1
PHC-DST-C1-03,2024-06-17,6,3,3
PHC-DST-C1-03,2024-06-18,6,2,4
PHC-DST-C1-03,2024-06-19,6,6,0
PHC-DST-C1-03,2024-06-20,6,5,1
PHC-DST-C1-03,2024-06-21,6,5,1
PHC-DST-C1-03,2024-06-22,6,6,0
PHC-DST-C1-03,2024-06-23,6,6,0
PHC-DST-C1-03,2024-06-24,6,6,0
PHC-DST-C1-03,2024-06-25,6,6,0
PHC-DST-C1-03,2024-06-26,6,6,0
PHC-DST-C1-03,2024-06-27,6,6,0
PHC-DST-C1-03,2024-06-28,6,5,1
PHC-DST-C1-03,2024-06-29,6,6,0
PHC-DST-C1-03,2024-06-30,6,4,2
PHC-DST-C1-03,2024-07-01,6,6,0
PHC-DST-C1-03,2024-07-02,6,3,3
PHC-DST-C1-03,2024-07-03,6,3,3
PHC-DST-C1-03,2024-07-04,6,6,0
PHC-DST-C1-03,2024-07-05,6,4,2
PHC-DST-C1-03,2024-07-06,6,1,5
PHC-DST-C1-03,2024-07-07,6,4,2
PHC-DST-C1-03,2024-07-08,6,3,3
PHC-DST-C1-03,2024-07-09,6,4,2
PHC-DST-C1-03,2024-07-10,6,6,0
PHC-DST-C1-03,2024-07-11,6,3,3
PHC-DST-C1-03,2024-07-12,6,6,0
PHC-DST-C1-03,2024-07-13,6,3,3
PHC-DST-C1-03,2024-07-14,6,5,1
PHC-DST-C1-03,2024-07-15,6,6,0
PHC-DST-C1-03,2024-07-16,6,3,3
PHC-DST-C1-03,2024-07-17,6,6,0
PHC-DST-C1-03,2024-07-18,6,2,4
PHC-DST-C1-03,2024-07-19,6,4,2
PHC-DST-C1-03,2024-07-20,6,2,4
PHC-DST-C1-03,2024-07-21,6,5,1
PHC-DST-C1-03,2024-07-22,6,3,3
PHC-DST-C1-03,2024-07-23,6,5,1
PHC-DST-C1-03,2024-07-24,6,4,2
PHC-DST-C1-03,2024-07-25,6,6,0
PHC-DST-C1-03,2024-07-26,6,4,2
PHC-DST-C1-03,2024-07-27,6,5,1
PHC-DST-C1-03,2024-07-28,6,6,0
PHC-DST-C1-03,2024-07-29,6,4,2
PHC-DST-C1-03,2024-07-30,6,3,3
PHC-DST-C1-03,2024-07-31,6,4,2
PHC-DST-C1-03,2024-08-01,6,3,3
PHC-DST-C1-03,2024-08-02,6,6,0
PHC-DST-C1-03,2024-08-03,6,4,2
PHC-DST-C1-03,2024-08-04,6,6,0
PHC-DST-C1-03,2024-08-05,6,5,1
PHC-DST-C1-03,2024-08-06,6,4,2
PHC-DST-C1-03,2024-08-07,6,5,1
PHC-DST-C1-03,2024-08-08,6,6,0
PHC-DST-C1-03,2024-08-09,6,3,3
PHC-DST-C1-03,2024-08-10,6,4,2
PHC-DST-C1-03,2024-08-11,6,6,0
PHC-DST-C1-03,2024-08-12,6,6,0
PHC-DST-C1-03,2024-08-13,6,6,0
PHC-DST-C1-03,2024-08-14,6,2,4
PHC-DST-C1-03,2024-08-15,6,6,0
PHC-DST-C1-03,2024-08-16,6,5,1
PHC-DST-C1-03,2024-08-17,6,6,0
PHC-DST-C1-03,2024-08-18,6,3,3
PHC-DST-C1-03,2024-08-19,6,4,2
PHC-DST-C1-03,2024-08-20,6,3,3
PHC-DST-C1-03,2024-08-21,6,3,3
PHC-DST-C1-03,2024-08-22,6,4,2
PHC-DST-C1-03,2024-08-23,6,5,1
PHC-DST-C1-03,2024-08-24,6,6,0
PHC-DST-C1-03,2024-08-25,6,6,0
PHC-DST-C1-03,2024-08-26,6,5,1
PHC-DST-C1-03,2024-08-27,6,6,0
PHC-DST-C1-03,2024-08-28,6,3,3
PHC-DST-C1-03,2024-08-29,6,3,3
PHC-DST-C1-03,2024-08-30,6,4,2
PHC-DST-C1-03,2024-08-31,6,4,2
PHC-DST-C1-03,2024-09-01,6,5,1
PHC-DST-C1-03,2024-09-02,6,4,2
PHC-DST-C1-03,2024-09-03,6,5,1
PHC-DST-C1-03,2024-09-04,6,3,3
PHC-DST-C1-03,2024-09-05,6,2,4
PHC-DST-C1-03,2024-09-06,6,6,0
PHC-DST-C1-03,2024-09-07,6,2,4
PHC-DST-C1-03,2024-09-08,6,3,3
PHC-DST-C1-03,2024-09-09,6,6,0
PHC-DST-C1-03,2024-09-10,6,6,0
PHC-DST-C1-03,2024-09-11,6,5,1
PHC-DST-C1-03,2024-09-12,6,4,2
PHC-DST-C1-03,2024-09-13,6,3,3
PHC-DST-C1-03,2024-09-14,6,5,1
PHC-DST-C1-03,2024-09-15,6,3,3
PHC-DST-C1-03,2024-09-16,6,5,1
PHC-DST-C1-03,2024-09-17,6,3,3
PHC-DST-C1-03,2024-09-18,6,6,0
PHC-DST-C1-03,2024-09-19,6,6,0
PHC-DST-C1-03,2024-09-20,6,4,2
PHC-DST-C1-03,2024-09-21,6,5,1
PHC-DST-C1-03,2024-09-22,6,6,0
PHC-DST-C1-03,2024-09-23,6,6,0
PHC-DST-C1-03,2024-09-24,6,3,3
PHC-DST-C1-03,2024-09-25,6,4,2
PHC-DST-C1-03,2024-09-26,6,2,4
PHC-DST-C1-03,2024-09-27,6,2,4
PHC-DST-C1-03,2024-09-28,6,6,0
PHC-DST-C1-03,2024-09-29,6,6,0
PHC-DST-C1-03,2024-09-30,6,6,0
PHC-DST-C1-03,2024-10-01,6,4,2
PHC-DST-C1-03,2024-10-02,6,6,0
PHC-DST-C1-03,2024-10-03,6,5,1
PHC-DST-C1-03,2024-10-04,6,3,3
PHC-DST-C1-03,2024-10-05,6,5,1
PHC-DST-C1-03,2024-10-06,6,3,3
PHC-DST-C1-03,2024-10-07,6,6,0
PHC-DST-C1-03,2024-10-08,6,3,3
PHC-DST-C1-03,2024-10-09,6,6,0
PHC-DST-C1-03,2024-10-10,6,6,0
PHC-DST-C1-03,2024-10-11,6,6,0
PHC-DST-C1-03,2024-10-12,6,6,0
PHC-DST-C1-03,2024-10-13,6,3,3
PHC-DST-C1-03,2024-10-14,6,6,0
PHC-DST-C1-03,2024-10-15,6,5,1
PHC-DST-C1-03,2024-10-16,6,6,0
PHC-DST-C1-03,2024-10-17,6,4,2
PHC-DST-C1-03,2024-10-18,6,3,3
PHC-DST-C1-03,2024-10-19,6,3,3
PHC-DST-C1-03,2024-10-20,6,6,0
PHC-DST-C1-03,2024-10-21,6,6,0
PHC-DST-C1-03,2024-10-22,6,6,0
PHC-DST-C1-03,2024-10-23,6,6,0
PHC-DST-C1-03,2024-10-24,6,6,0
PHC-DST-C1-03,2024-10-25,6,5,1
PHC-DST-C1-03,2024-10-26,6,6,0
PHC-DST-C1-03,2024-10-27,6,5,1
PHC-DST-C1-03,2024-10-28,6,2,4
PHC-DST-C1-03,2024-10-29,6,5,1
PHC-DST-C1-03,2024-10-30,6,4,2
PHC-DST-C1-03,2024-10-31,6,6,0
PHC-DST-C1-03,2024-11-01,6,1,5
PHC-DST-C1-03,2024-11-02,6,3,3
PHC-DST-C1-03,2024-11-03,6,6,0
PHC-DST-C1-03,2024-11-04,6,5,1
PHC-DST-C1-03,2024-11-05,6,5,1
PHC-DST-C1-03,2024-11-06,6,6,0
PHC-DST-C1-03,2024-11-07,6,6,0
PHC-DST-C1-03,2024-11-08,6,4,2
PHC-DST-C1-03,2024-11-09,6,2,4
PHC-DST-C1-03,2024-11-10,6,4,2
PHC-DST-C1-03,2024-11-11,6,4,2
PHC-DST-C1-03,2024-11-12,6,6,0
PHC-DST-C1-03,2024-11-13,6,3,3
PHC-DST-C1-03,2024-11-14,6,5,1
PHC-DST-C1-03,2024-11-15,6,6,0
PHC-DST-C1-03,2024-11-16,6,4,2
PHC-DST-C1-03,2024-11-17,6,6,0
PHC-DST-C1-03,2024-11-18,6,4,2
PHC-DST-C1-03,2024-11-19,6,6,0
PHC-DST-C1-03,2024-11-20,6,6,0
PHC-DST-C1-03,2024-11-21,6,3,3
PHC-DST-C1-03,2024-11-22,6,4,2
PHC-DST-C1-03,2024-11-23,6,4,2
PHC-DST-C1-03,2024-11-24,6,6,0
PHC-DST-C1-03,2024-11-25,6,4,2
PHC-DST-C1-03,2024-11-26,6,4,2
PHC-DST-C1-03,2024-11-27,6,6,0
PHC-DST-C1-03,2024-11-28,6,6,0
PHC-DST-C1-03,2024-11-29,6,2,4
PHC-DST-C1-03,2024-11-30,6,6,0
PHC-DST-C1-03,2024-12-01,6,3,3
PHC-DST-C1-03,2024-12-02,6,6,0
PHC-DST-C1-03,2024-12-03,6,6,0
PHC-DST-C1-03,2024-12-04,6,4,2
PHC-DST-C1-03,2024-12-05,6,4,2
PHC-DST-C1-03,2024-12-06,6,3,3
PHC-DST-C1-03,2024-12-07,6,5,1
PHC-DST-C1-03,2024-12-08,6,4,2
PHC-DST-C1-03,2024-12-09,6,6,0
PHC-DST-C1-03,2024-12-10,6,6,0
PHC-DST-C1-03,2024-12-11,6,6,0
PHC-DST-C1-03,2024-12-12,6,4,2
PHC-DST-C1-03,2024-12-13,6,6,0
PHC-DST-C1-03,2024-12-14,6,6,0
PHC-DST-C1-03,2024-12-15,6,6,0
PHC-DST-C1-03,2024-12-16,6,3,3
PHC-DST-C1-03,2024-12-17,6,2,4
PHC-DST-C1-03,2024-12-18,6,5,1
PHC-DST-C1-03,2024-12-19,6,4,2
PHC-DST-C1-03,2024-12-20,6,1,5
PHC-DST-C1-03,2024-12-21,6,1,5
PHC-DST-C1-03,2024-12-22,6,4,2
PHC-DST-C1-03,2024-12-23,6,3,3
PHC-DST-C1-03,2024-12-24,6,6,0
PHC-DST-C1-03,2024-12-25,6,4,2
PHC-DST-C1-03,2024-12-26,6,6,0
PHC-DST-C1-03,2024-12-27,6,4,2
PHC-DST-C1-03,2024-12-28,6,2,4
PHC-DST-C1-03,2024-12-29,6,6,0
PHC-DST-C1-03,2024-12-30,6,5,1
PHC-DST-C1-03,2024-12-31,6,6,0
PHC-DST-C1-03,2025-01-01,6,4,2
PHC-DST-C1-03,2025-01-02,6,2,4
PHC-DST-C1-03,2025-01-03,6,6,0
PHC-DST-C1-03,2025-01-04,6,4,2
PHC-DST-C1-03,2025-01-05,6,6,0
PHC-DST-C1-03,2025-01-06,6,1,5
PHC-DST-C1-03,2025-01-07,6,6,0
PHC-DST-C1-03,2025-01-08,6,4,2
PHC-DST-C1-03,2025-01-09,6,4,2
PHC-DST-C1-03,2025-01-10,6,4,2
PHC-DST-C1-03,2025-01-11,6,5,1
PHC-DST-C1-03,2025-01-12,6,6,0
PHC-DST-C1-03,2025-01-13,6,6,0
PHC-DST-C1-03,2025-01-14,6,2,4
PHC-DST-C1-03,2025-01-15,6,3,3
PHC-DST-C1-03,2025-01-16,6,2,4
PHC-DST-C1-03,2025-01-17,6,6,0
PHC-DST-C1-03,2025-01-18,6,3,3
PHC-DST-C1-03,2025-01-19,6,3,3
PHC-DST-C1-03,2025-01-20,6,6,0
PHC-DST-C1-03,2025-01-21,6,6,0
PHC-DST-C1-03,2025-01-22,6,6,0
PHC-DST-C1-03,2025-01-23,6,5,1
PHC-DST-C1-03,2025-01-24,6,6,0
PHC-DST-C1-03,2025-01-25,6,6,0
PHC-DST-C1-03,2025-01-26,6,4,2
PHC-DST-C1-03,2025-01-27,6,5,1
PHC-DST-C1-03,2025-01-28,6,6,0
PHC-DST-C1-03,2025-01-29,6,2,4
PHC-DST-C1-03,2025-01-30,6,2,4
PHC-DST-C1-03,2025-01-31,6,4,2
PHC-DST-C1-03,2025-02-01,6,3,3
PHC-DST-C1-03,2025-02-02,6,2,4
PHC-DST-C1-03,2025-02-03,6,3,3
PHC-DST-C1-03,2025-02-04,6,6,0
PHC-DST-C1-03,2025-02-05,6,6,0
PHC-DST-C1-03,2025-02-06,6,6,0
PHC-DST-C1-03,2025-02-07,6,4,2
PHC-DST-C1-03,2025-02-08,6,6,0
PHC-DST-C1-03,2025-02-09,6,6,0
PHC-DST-C1-03,2025-02-10,6,5,1
PHC-DST-C1-03,2025-02-11,6,3,3
PHC-DST-C1-03,2025-02-12,6,4,2
PHC-DST-C1-03,2025-02-13,6,5,1
PHC-DST-C1-03,2025-02-14,6,5,1
PHC-DST-C1-03,2025-02-15,6,4,2
PHC-DST-C1-03,2025-02-16,6,6,0
PHC-DST-C1-03,2025-02-17,6,6,0
PHC-DST-C1-03,2025-02-18,6,2,4
PHC-DST-C1-03,2025-02-19,6,5,1
PHC-DST-C1-03,2025-02-20,6,4,2
PHC-DST-C1-03,2025-02-21,6,6,0
PHC-DST-C1-03,2025-02-22,6,6,0
PHC-DST-C1-03,2025-02-23,6,4,2
PHC-DST-C1-03,2025-02-24,6,2,4
PHC-DST-C1-03,2025-02-25,6,2,4
PHC-DST-C1-03,2025-02-26,6,6,0
PHC-DST-C1-03,2025-02-27,6,6,0
PHC-DST-C1-03,2025-02-28,6,3,3
PHC-DST-C1-03,2025-03-01,6,4,2
PHC-DST-C1-03,2025-03-02,6,3,3
PHC-DST-C1-03,2025-03-03,6,4,2
PHC-DST-C1-03,2025-03-04,6,4,2
PHC-DST-C1-03,2025-03-05,6,5,1
PHC-DST-C1-03,2025-03-06,6,1,5
PHC-DST-C1-03,2025-03-07,6,4,2
PHC-DST-C1-03,2025-03-08,6,6,0
PHC-DST-C1-03,2025-03-09,6,4,2
PHC-DST-C1-03,2025-03-10,6,6,0
PHC-DST-C1-03,2025-03-11,6,5,1
PHC-DST-C1-03,2025-03-12,6,4,2
PHC-DST-C1-03,2025-03-13,6,5,1
PHC-DST-C1-03,2025-03-14,6,6,0
PHC-DST-C1-03,2025-03-15,6,4,2
PHC-DST-C1-03,2025-03-16,6,5,1
PHC-DST-C1-03,2025-03-17,6,3,3
PHC-DST-C1-03,2025-03-18,6,6,0
PHC-DST-C1-03,2025-03-19,6,5,1
PHC-DST-C1-03,2025-03-20,6,6,0
PHC-DST-C1-03,2025-03-21,6,6,0
PHC-DST-C1-03,2025-03-22,6,6,0
PHC-DST-C1-03,2025-03-23,6,6,0
PHC-DST-C1-03,2025-03-24,6,5,1
PHC-DST-C1-03,2025-03-25,6,2,4
PHC-DST-C1-03,2025-03-26,6,5,1
PHC-DST-C1-03,2025-03-27,6,3,3
PHC-DST-C1-03,2025-03-28,6,6,0
PHC-DST-C1-03,2025-03-29,6,4,2
PHC-DST-C1-03,2025-03-30,6,6,0
PHC-DST-C1-03,2025-03-31,6,4,2
PHC-DST-C1-03,2025-04-01,6,5,1
PHC-DST-C1-03,2025-04-02,6,6,0
PHC-DST-C1-03,2025-04-03,6,6,0
PHC-DST-C1-03,2025-04-04,6,5,1
PHC-DST-C1-03,2025-04-05,6,3,3
PHC-DST-C1-03,2025-04-06,6,3,3
PHC-DST-C1-03,2025-04-07,6,4,2
PHC-DST-C1-03,2025-04-08,6,6,0
PHC-DST-C1-03,2025-04-09,6,3,3
PHC-DST-C1-03,2025-04-10,6,4,2
PHC-DST-C1-03,2025-04-11,6,5,1
PHC-DST-C1-03,2025-04-12,6,4,2
PHC-DST-C1-03,2025-04-13,6,4,2
PHC-DST-C1-03,2025-04-14,6,2,4
PHC-DST-C1-03,2025-04-15,6,1,5
PHC-DST-C1-03,2025-04-16,6,5,1
PHC-DST-C1-03,2025-04-17,6,5,1
PHC-DST-C1-03,2025-04-18,6,3,3
PHC-DST-C1-03,2025-04-19,6,6,0
PHC-DST-C1-03,2025-04-20,6,3,3
PHC-DST-C1-03,2025-04-21,6,6,0
PHC-DST-C1-03,2025-04-22,6,5,1
PHC-DST-C1-03,2025-04-23,6,5,1
PHC-DST-C1-03,2025-04-24,6,6,0
PHC-DST-C1-03,2025-04-25,6,4,2
PHC-DST-C1-03,2025-04-26,6,1,5
PHC-DST-C1-03,2025-04-27,6,5,1
PHC-DST-C1-03,2025-04-28,6,6,0
PHC-DST-C1-03,2025-04-29,6,5,1
PHC-DST-C1-03,2025-04-30,6,5,1
PHC-DST-C1-03,2025-05-01,6,6,0
PHC-DST-C1-03,2025-05-02,6,4,2
PHC-DST-C1-03,2025-05-03,6,5,1
PHC-DST-C1-03,2025-05-04,6,3,3
PHC-DST-C1-03,2025-05-05,6,3,3
PHC-DST-C1-03,2025-05-06,6,6,0
PHC-DST-C1-03,2025-05-07,6,5,1
PHC-DST-C1-03,2025-05-08,6,4,2
PHC-DST-C1-03,2025-05-09,6,3,3
PHC-DST-C1-03,2025-05-10,6,4,2
PHC-DST-C1-03,2025-05-11,6,4,2
PHC-DST-C1-03,2025-05-12,6,4,2
PHC-DST-C1-03,2025-05-13,6,5,1
PHC-DST-C1-03,2025-05-14,6,5,1
PHC-DST-C1-03,2025-05-15,6,6,0
PHC-DST-C1-03,2025-05-16,6,2,4
PHC-DST-C1-03,2025-05-17,6,6,0
PHC-DST-C1-03,2025-05-18,6,6,0
PHC-DST-C1-03,2025-05-19,6,3,3
PHC-DST-C1-03,2025-05-20,6,6,0
PHC-DST-C1-03,2025-05-21,6,4,2
PHC-DST-C1-03,2025-05-22,6,6,0
PHC-DST-C1-03,2025-05-23,6,5,1
PHC-DST-C1-03,2025-05-24,6,3,3
PHC-DST-C1-03,2025-05-25,6,4,2
PHC-DST-C1-03,2025-05-26,6,4,2
PHC-DST-C1-03,2025-05-27,6,5,1
PHC-DST-C1-03,2025-05-28,6,4,2
PHC-DST-C1-03,2025-05-29,6,5,1
PHC-DST-C1-03,2025-05-30,6,4,2
PHC-DST-C1-03,2025-05-31,6,5,1
PHC-DST-C1-03,2025-06-01,6,4,2
PHC-DST-C1-03,2025-06-02,6,4,2
PHC-DST-C1-03,2025-06-03,6,5,1
PHC-DST-C1-03,2025-06-04,6,3,3
PHC-DST-C1-03,2025-06-05,6,4,2
PHC-DST-C1-03,2025-06-06,6,3,3
PHC-DST-C1-03,2025-06-07,6,2,4
PHC-DST-C1-03,2025-06-08,6,4,2
PHC-DST-C1-03,2025-06-09,6,4,2
PHC-DST-C1-03,2025-06-10,6,6,0
PHC-DST-C1-03,2025-06-11,6,6,0
PHC-DST-C1-03,2025-06-12,6,4,2
PHC-DST-C1-03,2025-06-13,6,5,1
PHC-DST-C1-03,2025-06-14,6,6,0
PHC-DST-C1-03,2025-06-15,6,2,4
PHC-DST-C1-03,2025-06-16,6,3,3
PHC-DST-C1-03,2025-06-17,6,2,4
PHC-DST-C1-03,2025-06-18,6,3,3
PHC-DST-C1-03,2025-06-19,6,5,1
PHC-DST-C1-03,2025-06-20,6,4,2
PHC-DST-C1-03,2025-06-21,6,6,0
PHC-DST-C1-03,2025-06-22,6,6,0
PHC-DST-C1-03,2025-06-23,6,4,2
PHC-DST-C1-03,2025-06-24,6,4,2
PHC-DST-C1-03,2025-06-25,6,4,2
PHC-DST-C1-03,2025-06-26,6,6,0
PHC-DST-C1-03,2025-06-27,6,1,5
PHC-DST-C1-03,2025-06-28,6,2,4
PHC-DST-C1-03,2025-06-29,6,3,3
PHC-DST-C1-03,2025-06-30,6,6,0
PHC-DST-C1-04,2024-01-01,6,3,3
PHC-DST-C1-04,2024-01-02,6,4,2
PHC-DST-C1-04,2024-01-03,6,6,0
PHC-DST-C1-04,2024-01-04,6,6,0
PHC-DST-C1-04,2024-01-05,6,4,2
PHC-DST-C1-04,2024-01-06,6,3,3
PHC-DST-C1-04,2024-01-07,6,3,3
PHC-DST-C1-04,2024-01-08,6,3,3
PHC-DST-C1-04,2024-01-09,6,5,1
PHC-DST-C1-04,2024-01-10,6,5,1
PHC-DST-C1-04,2024-01-11,6,5,1
PHC-DST-C1-04,2024-01-12,6,5,1
PHC-DST-C1-04,2024-01-13,6,5,1
PHC-DST-C1-04,2024-01-14,6,6,0
PHC-DST-C1-04,2024-01-15,6,3,3
PHC-DST-C1-04,2024-01-16,6,3,3
PHC-DST-C1-04,2024-01-17,6,6,0
PHC-DST-C1-04,2024-01-18,6,6,0
PHC-DST-C1-04,2024-01-19,6,6,0
PHC-DST-C1-04,2024-01-20,6,5,1
PHC-DST-C1-04,2024-01-21,6,5,1
PHC-DST-C1-04,2024-01-22,6,5,1
PHC-DST-C1-04,2024-01-23,6,5,1
PHC-DST-C1-04,2024-01-24,6,6,0
PHC-DST-C1-04,2024-01-25,6,6,0
PHC-DST-C1-04,2024-01-26,6,3,3
PHC-DST-C1-04,2024-01-27,6,5,1
PHC-DST-C1-04,2024-01-28,6,3,3
PHC-DST-C1-04,2024-01-29,6,3,3
PHC-DST-C1-04,2024-01-30,6,6,0
PHC-DST-C1-04,2024-01-31,6,6,0
PHC-DST-C1-04,2024-02-01,6,6,0
PHC-DST-C1-04,2024-02-02,6,6,0
PHC-DST-C1-04,2024-02-03,6,5,1
PHC-DST-C1-04,2024-02-04,6,6,0
PHC-DST-C1-04,2024-02-05,6,3,3
PHC-DST-C1-04,2024-02-06,6,6,0
PHC-DST-C1-04,2024-02-07,6,6,0
PHC-DST-C1-04,2024-02-08,6,3,3
PHC-DST-C1-04,2024-02-09,6,6,0
PHC-DST-C1-04,2024-02-10,6,5,1
PHC-DST-C1-04,2024-02-11,6,5,1
PHC-DST-C1-04,2024-02-12,6,5,1
PHC-DST-C1-04,2024-02-13,6,4,2
PHC-DST-C1-04,2024-02-14,6,4,2
PHC-DST-C1-04,2024-02-15,6,5,1
PHC-DST-C1-04,2024-02-16,6,6,0
PHC-DST-C1-04,2024-02-17,6,4,2
PHC-DST-C1-04,2024-02-18,6,5,1
PHC-DST-C1-04,2024-02-19,6,6,0
PHC-DST-C1-04,2024-02-20,6,4,2
PHC-DST-C1-04,2024-02-21,6,4,2
PHC-DST-C1-04,2024-02-22,6,4,2
PHC-DST-C1-04,2024-02-23,6,6,0
PHC-DST-C1-04,2024-02-24,6,6,0
PHC-DST-C1-04,2024-02-25,6,4,2
PHC-DST-C1-04,2024-02-26,6,6,0
PHC-DST-C1-04,2024-02-27,6,4,2
PHC-DST-C1-04,2024-02-28,6,5,1
PHC-DST-C1-04,2024-02-29,6,6,0
PHC-DST-C1-04,2024-03-01,6,3,3
PHC-DST-C1-04,2024-03-02,6,5,1
PHC-DST-C1-04,2024-03-03,6,3,3
PHC-DST-C1-04,2024-03-04,6,3,3
PHC-DST-C1-04,2024-03-05,6,3,3
PHC-DST-C1-04,2024-03-06,6,3,3
PHC-DST-C1-04,2024-03-07,6,6,0
PHC-DST-C1-04,2024-03-08,6,4,2
PHC-DST-C1-04,2024-03-09,6,6,0
PHC-DST-C1-04,2024-03-10,6,4,2
PHC-DST-C1-04,2024-03-11,6,3,3
PHC-DST-C1-04,2024-03-12,6,5,1
PHC-DST-C1-04,2024-03-13,6,4,2
PHC-DST-C1-04,2024-03-14,6,6,0
PHC-DST-C1-04,2024-03-15,6,5,1
PHC-DST-C1-04,2024-03-16,6,4,2
PHC-DST-C1-04,2024-03-17,6,2,4
PHC-DST-C1-04,2024-03-18,6,6,0
PHC-DST-C1-04,2024-03-19,6,3,3
PHC-DST-C1-04,2024-03-20,6,5,1
PHC-DST-C1-04,2024-03-21,6,6,0
PHC-DST-C1-04,2024-03-22,6,6,0
PHC-DST-C1-04,2024-03-23,6,3,3
PHC-DST-C1-04,2024-03-24,6,5,1
PHC-DST-C1-04,2024-03-25,6,6,0
PHC-DST-C1-04,2024-03-26,6,6,0
PHC-DST-C1-04,2024-03-27,6,4,2
PHC-DST-C1-04,2024-03-28,6,5,1
PHC-DST-C1-04,2024-03-29,6,6,0
PHC-DST-C1-04,2024-03-30,6,3,3
PHC-DST-C1-04,2024-03-31,6,5,1
PHC-DST-C1-04,2024-04-01,6,6,0
PHC-DST-C1-04,2024-04-02,6,5,1
PHC-DST-C1-04,2024-04-03,6,6,0
PHC-DST-C1-04,2024-04-04,6,6,0
PHC-DST-C1-04,2024-04-05,6,6,0
PHC-DST-C1-04,2024-04-06,6,6,0
PHC-DST-C1-04,2024-04-07,6,6,0
PHC-DST-C1-04,2024-04-08,6,6,0
PHC-DST-C1-04,2024-04-09,6,6,0
PHC-DST-C1-04,2024-04-10,6,3,3
PHC-DST-C1-04,2024-04-11,6,3,3
PHC-DST-C1-04,2024-04-12,6,6,0
PHC-DST-C1-04,2024-04-13,6,6,0
PHC-DST-C1-04,2024-04-14,6,3,3
PHC-DST-C1-04,2024-04-15,6,6,0
PHC-DST-C1-04,2024-04-16,6,6,0
PHC-DST-C1-04,2024-04-17,6,6,0
PHC-DST-C1-04,2024-04-18,6,2,4
PHC-DST-C1-04,2024-04-19,6,6,0
PHC-DST-C1-04,2024-04-20,6,6,0
PHC-DST-C1-04,2024-04-21,6,6,0
PHC-DST-C1-04,2024-04-22,6,4,2
PHC-DST-C1-04,2024-04-23,6,2,4
PHC-DST-C1-04,2024-04-24,6,6,0
PHC-DST-C1-04,2024-04-25,6,5,1
PHC-DST-C1-04,2024-04-26,6,5,1
PHC-DST-C1-04,2024-04-27,6,5,1
PHC-DST-C1-04,2024-04-28,6,2,4
PHC-DST-C1-04,2024-04-29,6,4,2
PHC-DST-C1-04,2024-04-30,6,3,3
PHC-DST-C1-04,2024-05-01,6,5,1
PHC-DST-C1-04,2024-05-02,6,3,3
PHC-DST-C1-04,2024-05-03,6,6,0
PHC-DST-C1-04,2024-05-04,6,6,0
PHC-DST-C1-04,2024-05-05,6,6,0
PHC-DST-C1-04,2024-05-06,6,4,2
PHC-DST-C1-04,2024-05-07,6,6,0
PHC-DST-C1-04,2024-05-08,6,5,1
PHC-DST-C1-04,2024-05-09,6,6,0
PHC-DST-C1-04,2024-05-10,6,6,0
PHC-DST-C1-04,2024-05-11,6,6,0
PHC-DST-C1-04,2024-05-12,6,6,0
PHC-DST-C1-04,2024-05-13,6,4,2
PHC-DST-C1-04,2024-05-14,6,4,2
PHC-DST-C1-04,2024-05-15,6,6,0
PHC-DST-C1-04,2024-05-16,6,6,0
PHC-DST-C1-04,2024-05-17,6,6,0
PHC-DST-C1-04,2024-05-18,6,3,3
PHC-DST-C1-04,2024-05-19,6,4,2
PHC-DST-C1-04,2024-05-20,6,6,0
PHC-DST-C1-04,2024-05-21,6,6,0
PHC-DST-C1-04,2024-05-22,6,6,0
PHC-DST-C1-04,2024-05-23,6,6,0
PHC-DST-C1-04,2024-05-24,6,6,0
PHC-DST-C1-04,2024-05-25,6,5,1
PHC-DST-C1-04,2024-05-26,6,6,0
PHC-DST-C1-04,2024-05-27,6,2,4
PHC-DST-C1-04,2024-05-28,6,6,0
PHC-DST-C1-04,2024-05-29,6,6,0
PHC-DST-C1-04,2024-05-30,6,6,0
PHC-DST-C1-04,2024-05-31,6,6,0
PHC-DST-C1-04,2024-06-01,6,6,0
PHC-DST-C1-04,2024-06-02,6,5,1
PHC-DST-C1-04,2024-06-03,6,6,0
PHC-DST-C1-04,2024-06-04,6,6,0
PHC-DST-C1-04,2024-06-05,6,6,0
PHC-DST-C1-04,2024-06-06,6,3,3
PHC-DST-C1-04,2024-06-07,6,5,1
PHC-DST-C1-04,2024-06-08,6,4,2
PHC-DST-C1-04,2024-06-09,6,6,0
PHC-DST-C1-04,2024-06-10,6,2,4
PHC-DST-C1-04,2024-06-11,6,6,0
PHC-DST-C1-04,2024-06-12,6,5,1
PHC-DST-C1-04,2024-06-13,6,6,0
PHC-DST-C1-04,2024-06-14,6,5,1
PHC-DST-C1-04,2024-06-15,6,4,2
PHC-DST-C1-04,2024-06-16,6,4,2
PHC-DST-C1-04,2024-06-17,6,5,1
PHC-DST-C1-04,2024-06-18,6,5,1
PHC-DST-C1-04,2024-06-19,6,6,0
PHC-DST-C1-04,2024-06-20,6,5,1
PHC-DST-C1-04,2024-06-21,6,3,3
PHC-DST-C1-04,2024-06-22,6,4,2
PHC-DST-C1-04,2024-06-23,6,6,0
PHC-DST-C1-04,2024-06-24,6,4,2
PHC-DST-C1-04,2024-06-25,6,3,3
PHC-DST-C1-04,2024-06-26,6,4,2
PHC-DST-C1-04,2024-06-27,6,6,0
PHC-DST-C1-04,2024-06-28,6,4,2
PHC-DST-C1-04,2024-06-29,6,4,2
PHC-DST-C1-04,2024-06-30,6,1,5
PHC-DST-C1-04,2024-07-01,6,3,3
PHC-DST-C1-04,2024-07-02,6,5,1
PHC-DST-C1-04,2024-07-03,6,3,3
PHC-DST-C1-04,2024-07-04,6,6,0
PHC-DST-C1-04,2024-07-05,6,5,1
PHC-DST-C1-04,2024-07-06,6,4,2
PHC-DST-C1-04,2024-07-07,6,4,2
PHC-DST-C1-04,2024-07-08,6,4,2
PHC-DST-C1-04,2024-07-09,6,6,0
PHC-DST-C1-04,2024-07-10,6,6,0
PHC-DST-C1-04,2024-07-11,6,2,4
PHC-DST-C1-04,2024-07-12,6,6,0
PHC-DST-C1-04,2024-07-13,6,6,0
PHC-DST-C1-04,2024-07-14,6,6,0
PHC-DST-C1-04,2024-07-15,6,6,0
PHC-DST-C1-04,2024-07-16,6,5,1
PHC-DST-C1-04,2024-07-17,6,4,2
PHC-DST-C1-04,2024-07-18,6,6,0
PHC-DST-C1-04,2024-07-19,6,4,2
PHC-DST-C1-04,2024-07-20,6,6,0
PHC-DST-C1-04,2024-07-21,6,6,0
PHC-DST-C1-04,2024-07-22,6,6,0
PHC-DST-C1-04,2024-07-23,6,6,0
PHC-DST-C1-04,2024-07-24,6,5,1
PHC-DST-C1-04,2024-07-25,6,5,1
PHC-DST-C1-04,2024-07-26,6,6,0
PHC-DST-C1-04,2024-07-27,6,6,0
PHC-DST-C1-04,2024-07-28,6,6,0
PHC-DST-C1-04,2024-07-29,6,6,0
PHC-DST-C1-04,2024-07-30,6,6,0
PHC-DST-C1-04,2024-07-31,6,4,2
PHC-DST-C1-04,2024-08-01,6,3,3
PHC-DST-C1-04,2024-08-02,6,6,0
PHC-DST-C1-04,2024-08-03,6,4,2
PHC-DST-C1-04,2024-08-04,6,3,3
PHC-DST-C1-04,2024-08-05,6,6,0
PHC-DST-C1-04,2024-08-06,6,6,0
PHC-DST-C1-04,2024-08-07,6,3,3
PHC-DST-C1-04,2024-08-08,6,4,2
PHC-DST-C1-04,2024-08-09,6,3,3
PHC-DST-C1-04,2024-08-10,6,4,2
PHC-DST-C1-04,2024-08-11,6,5,1
PHC-DST-C1-04,2024-08-12,6,4,2
PHC-DST-C1-04,2024-08-13,6,3,3
PHC-DST-C1-04,2024-08-14,6,6,0
PHC-DST-C1-04,2024-08-15,6,6,0
PHC-DST-C1-04,2024-08-16,6,6,0
PHC-DST-C1-04,2024-08-17,6,6,0
PHC-DST-C1-04,2024-08-18,6,3,3
PHC-DST-C1-04,2024-08-19,6,6,0
PHC-DST-C1-04,2024-08-20,6,6,0
PHC-DST-C1-04,2024-08-21,6,5,1
PHC-DST-C1-04,2024-08-22,6,6,0
PHC-DST-C1-04,2024-08-23,6,4,2
PHC-DST-C1-04,2024-08-24,6,2,4
PHC-DST-C1-04,2024-08-25,6,6,0
PHC-DST-C1-04,2024-08-26,6,5,1
PHC-DST-C1-04,2024-08-27,6,1,5
PHC-DST-C1-04,2024-08-28,6,1,5
PHC-DST-C1-04,2024-08-29,6,6,0
PHC-DST-C1-04,2024-08-30,6,6,0
PHC-DST-C1-04,2024-08-31,6,5,1
PHC-DST-C1-04,2024-09-01,6,6,0
PHC-DST-C1-04,2024-09-02,6,3,3
PHC-DST-C1-04,2024-09-03,6,6,0
PHC-DST-C1-04,2024-09-04,6,5,1
PHC-DST-C1-04,2024-09-05,6,4,2
PHC-DST-C1-04,2024-09-06,6,6,0
PHC-DST-C1-04,2024-09-07,6,2,4
PHC-DST-C1-04,2024-09-08,6,5,1
PHC-DST-C1-04,2024-09-09,6,6,0
PHC-DST-C1-04,2024-09-10,6,6,0
PHC-DST-C1-04,2024-09-11,6,6,0
PHC-DST-C1-04,2024-09-12,6,6,0
PHC-DST-C1-04,2024-09-13,6,3,3
PHC-DST-C1-04,2024-09-14,6,5,1
PHC-DST-C1-04,2024-09-15,6,6,0
PHC-DST-C1-04,2024-09-16,6,4,2
PHC-DST-C1-04,2024-09-17,6,6,0
PHC-DST-C1-04,2024-09-18,6,3,3
PHC-DST-C1-04,2024-09-19,6,2,4
PHC-DST-C1-04,2024-09-20,6,6,0
PHC-DST-C1-04,2024-09-21,6,4,2
PHC-DST-C1-04,2024-09-22,6,6,0
PHC-DST-C1-04,2024-09-23,6,6,0
PHC-DST-C1-04,2024-09-24,6,6,0
PHC-DST-C1-04,2024-09-25,6,5,1
PHC-DST-C1-04,2024-09-26,6,3,3
PHC-DST-C1-04,2024-09-27,6,5,1
PHC-DST-C1-04,2024-09-28,6,6,0
PHC-DST-C1-04,2024-09-29,6,5,1
PHC-DST-C1-04,2024-09-30,6,1,5
PHC-DST-C1-04,2024-10-01,6,4,2
PHC-DST-C1-04,2024-10-02,6,2,4
PHC-DST-C1-04,2024-10-03,6,4,2
PHC-DST-C1-04,2024-10-04,6,2,4
PHC-DST-C1-04,2024-10-05,6,6,0
PHC-DST-C1-04,2024-10-06,6,5,1
PHC-DST-C1-04,2024-10-07,6,6,0
PHC-DST-C1-04,2024-10-08,6,6,0
PHC-DST-C1-04,2024-10-09,6,6,0
PHC-DST-C1-04,2024-10-10,6,4,2
PHC-DST-C1-04,2024-10-11,6,2,4
PHC-DST-C1-04,2024-10-12,6,3,3
PHC-DST-C1-04,2024-10-13,6,6,0
PHC-DST-C1-04,2024-10-14,6,2,4
PHC-DST-C1-04,2024-10-15,6,6,0
PHC-DST-C1-04,2024-10-16,6,5,1
PHC-DST-C1-04,2024-10-17,6,6,0
PHC-DST-C1-04,2024-10-18,6,5,1
PHC-DST-C1-04,2024-10-19,6,5,1
PHC-DST-C1-04,2024-10-20,6,5,1
PHC-DST-C1-04,2024-10-21,6,6,0
PHC-DST-C1-04,2024-10-22,6,6,0
PHC-DST-C1-04,2024-10-23,6,4,2
PHC-DST-C1-04,2024-10-24,6,5,1
PHC-DST-C1-04,2024-10-25,6,6,0
PHC-DST-C1-04,2024-10-26,6,6,0
PHC-DST-C1-04,2024-10-27,6,3,3
PHC-DST-C1-04,2024-10-28,6,6,0
PHC-DST-C1-04,2024-10-29,6,6,0
PHC-DST-C1-04,2024-10-30,6,6,0
PHC-DST-C1-04,2024-10-31,6,6,0
PHC-DST-C1-04,2024-11-01,6,4,2
PHC-DST-C1-04,2024-11-02,6,6,0
PHC-DST-C1-04,2024-11-03,6,5,1
PHC-DST-C1-04,2024-11-04,6,6,0
PHC-DST-C1-04,2024-11-05,6,5,1
PHC-DST-C1-04,2024-11-06,6,3,3
PHC-DST-C1-04,2024-11-07,6,6,0
PHC-DST-C1-04,2024-11-08,6,5,1
PHC-DST-C1-04,2024-11-09,6,5,1
PHC-DST-C1-04,2024-11-10,6,6,0
PHC-DST-C1-04,2024-11-11,6,2,4
PHC-DST-C1-04,2024-11-12,6,2,4
PHC-DST-C1-04,2024-11-13,6,3,3
PHC-DST-C1-04,2024-11-14,6,6,0
PHC-DST-C1-04,2024-11-15,6,6,0
PHC-DST-C1-04,2024-11-16,6,3,3
PHC-DST-C1-04,2024-11-17,6,6,0
PHC-DST-C1-04,2024-11-18,6,5,1
PHC-DST-C1-04,2024-11-19,6,4,2
PHC-DST-C1-04,2024-11-20,6,6,0
PHC-DST-C1-04,2024-11-21,6,6,0
PHC-DST-C1-04,2024-11-22,6,4,2
PHC-DST-C1-04,2024-11-23,6,4,2
PHC-DST-C1-04,2024-11-24,6,2,4
PHC-DST-C1-04,2024-11-25,6,4,2
PHC-DST-C1-04,2024-11-26,6,4,2
PHC-DST-C1-04,2024-11-27,6,6,0
PHC-DST-C1-04,2024-11-28,6,6,0
PHC-DST-C1-04,2024-11-29,6,5,1
PHC-DST-C1-04,2024-11-30,6,3,3
PHC-DST-C1-04,2024-12-01,6,6,0
PHC-DST-C1-04,2024-12-02,6,6,0
PHC-DST-C1-04,2024-12-03,6,6,0
PHC-DST-C1-04,2024-12-04,6,6,0
PHC-DST-C1-04,2024-12-05,6,6,0
PHC-DST-C1-04,2024-12-06,6,4,2
PHC-DST-C1-04,2024-12-07,6,6,0
PHC-DST-C1-04,2024-12-08,6,4,2
PHC-DST-C1-04,2024-12-09,6,4,2
PHC-DST-C1-04,2024-12-10,6,6,0
PHC-DST-C1-04,2024-12-11,6,6,0
PHC-DST-C1-04,2024-12-12,6,4,2
PHC-DST-C1-04,2024-12-13,6,5,1
PHC-DST-C1-04,2024-12-14,6,5,1
PHC-DST-C1-04,2024-12-15,6,6,0
PHC-DST-C1-04,2024-12-16,6,6,0
PHC-DST-C1-04,2024-12-17,6,5,1
PHC-DST-C1-04,2024-12-18,6,6,0
PHC-DST-C1-04,2024-12-19,6,4,2
PHC-DST-C1-04,2024-12-20,6,3,3
PHC-DST-C1-04,2024-12-21,6,6,0
PHC-DST-C1-04,2024-12-22,6,4,2
PHC-DST-C1-04,2024-12-23,6,5,1
PHC-DST-C1-04,2024-12-24,6,5,1
PHC-DST-C1-04,2024-12-25,6,3,3
PHC-DST-C1-04,2024-12-26,6,6,0
PHC-DST-C1-04,2024-12-27,6,6,0
PHC-DST-C1-04,2024-12-28,6,4,2
PHC-DST-C1-04,2024-12-29,6,6,0
PHC-DST-C1-04,2024-12-30,6,2,4
PHC-DST-C1-04,2024-12-31,6,6,0
PHC-DST-C1-04,2025-01-01,6,6,0
PHC-DST-C1-04,2025-01-02,6,5,1
PHC-DST-C1-04,2025-01-03,6,6,0
PHC-DST-C1-04,2025-01-04,6,6,0
PHC-DST-C1-04,2025-01-05,6,6,0
PHC-DST-C1-04,2025-01-06,6,6,0
PHC-DST-C1-04,2025-01-07,6,5,1
PHC-DST-C1-04,2025-01-08,6,6,0
PHC-DST-C1-04,2025-01-09,6,6,0
PHC-DST-C1-04,2025-01-10,6,6,0
PHC-DST-C1-04,2025-01-11,6,6,0
PHC-DST-C1-04,2025-01-12,6,4,2
PHC-DST-C1-04,2025-01-13,6,2,4
PHC-DST-C1-04,2025-01-14,6,6,0
PHC-DST-C1-04,2025-01-15,6,6,0
PHC-DST-C1-04,2025-01-16,6,6,0
PHC-DST-C1-04,2025-01-17,6,2,4
PHC-DST-C1-04,2025-01-18,6,6,0
PHC-DST-C1-04,2025-01-19,6,6,0
PHC-DST-C1-04,2025-01-20,6,4,2
PHC-DST-C1-04,2025-01-21,6,5,1
PHC-DST-C1-04,2025-01-22,6,5,1
PHC-DST-C1-04,2025-01-23,6,3,3
PHC-DST-C1-04,2025-01-24,6,5,1
PHC-DST-C1-04,2025-01-25,6,6,0
PHC-DST-C1-04,2025-01-26,6,3,3
PHC-DST-C1-04,2025-01-27,6,3,3
PHC-DST-C1-04,2025-01-28,6,3,3
PHC-DST-C1-04,2025-01-29,6,6,0
PHC-DST-C1-04,2025-01-30,6,5,1
PHC-DST-C1-04,2025-01-31,6,5,1
PHC-DST-C1-04,2025-02-01,6,3,3
PHC-DST-C1-04,2025-02-02,6,6,0
PHC-DST-C1-04,2025-02-03,6,2,4
PHC-DST-C1-04,2025-02-04,6,2,4
PHC-DST-C1-04,2025-02-05,6,6,0
PHC-DST-C1-04,2025-02-06,6,5,1
PHC-DST-C1-04,2025-02-07,6,6,0
PHC-DST-C1-04,2025-02-08,6,6,0
PHC-DST-C1-04,2025-02-09,6,6,0
PHC-DST-C1-04,2025-02-10,6,6,0
PHC-DST-C1-04,2025-02-11,6,6,0
PHC-DST-C1-04,2025-02-12,6,3,3
PHC-DST-C1-04,2025-02-13,6,6,0
PHC-DST-C1-04,2025-02-14,6,3,3
PHC-DST-C1-04,2025-02-15,6,5,1
PHC-DST-C1-04,2025-02-16,6,6,0
PHC-DST-C1-04,2025-02-17,6,4,2
PHC-DST-C1-04,2025-02-18,6,5,1
PHC-DST-C1-04,2025-02-19,6,3,3
PHC-DST-C1-04,2025-02-20,6,6,0
PHC-DST-C1-04,2025-02-21,6,4,2
PHC-DST-C1-04,2025-02-22,6,4,2
PHC-DST-C1-04,2025-02-23,6,4,2
PHC-DST-C1-04,2025-02-24,6,3,3
PHC-DST-C1-04,2025-02-25,6,4,2
PHC-DST-C1-04,2025-02-26,6,4,2
PHC-DST-C1-04,2025-02-27,6,5,1
PHC-DST-C1-04,2025-02-28,6,6,0
PHC-DST-C1-04,2025-03-01,6,2,4
PHC-DST-C1-04,2025-03-02,6,6,0
PHC-DST-C1-04,2025-03-03,6,6,0
PHC-DST-C1-04,2025-03-04,6,6,0
PHC-DST-C1-04,2025-03-05,6,5,1
PHC-DST-C1-04,2025-03-06,6,3,3
PHC-DST-C1-04,2025-03-07,6,6,0
PHC-DST-C1-04,2025-03-08,6,6,0
PHC-DST-C1-04,2025-03-09,6,6,0
PHC-DST-C1-04,2025-03-10,6,4,2
PHC-DST-C1-04,2025-03-11,6,6,0
PHC-DST-C1-04,2025-03-12,6,6,0
PHC-DST-C1-04,2025-03-13,6,3,3
PHC-DST-C1-04,2025-03-14,6,5,1
PHC-DST-C1-04,2025-03-15,6,4,2
PHC-DST-C1-04,2025-03-16,6,6,0
PHC-DST-C1-04,2025-03-17,6,6,0
PHC-DST-C1-04,2025-03-18,6,4,2
PHC-DST-C1-04,2025-03-19,6,5,1
PHC-DST-C1-04,2025-03-20,6,5,1
PHC-DST-C1-04,2025-03-21,6,6,0
PHC-DST-C1-04,2025-03-22,6,5,1
PHC-DST-C1-04,2025-03-23,6,3,3
PHC-DST-C1-04,2025-03-24,6,6,0
PHC-DST-C1-04,2025-03-25,6,4,2
PHC-DST-C1-04,2025-03-26,6,6,0
PHC-DST-C1-04,2025-03-27,6,6,0
PHC-DST-C1-04,2025-03-28,6,6,0
PHC-DST-C1-04,2025-03-29,6,6,0
PHC-DST-C1-04,2025-03-30,6,4,2
PHC-DST-C1-04,2025-03-31,6,4,2
PHC-DST-C1-04,2025-04-01,6,5,1
PHC-DST-C1-04,2025-04-02,6,6,0
PHC-DST-C1-04,2025-04-03,6,3,3
PHC-DST-C1-04,2025-04-04,6,6,0
PHC-DST-C1-04,2025-04-05,6,5,1
PHC-DST-C1-04,2025-04-06,6,6,0
PHC-DST-C1-04,2025-04-07,6,6,0
PHC-DST-C1-04,2025-04-08,6,4,2
PHC-DST-C1-04,2025-04-09,6,3,3
PHC-DST-C1-04,2025-04-10,6,5,1
PHC-DST-C1-04,2025-04-11,6,6,0
PHC-DST-C1-04,2025-04-12,6,6,0
PHC-DST-C1-04,2025-04-13,6,2,4
PHC-DST-C1-04,2025-04-14,6,2,4
PHC-DST-C1-04,2025-04-15,6,5,1
PHC-DST-C1-04,2025-04-16,6,6,0
PHC-DST-C1-04,2025-04-17,6,3,3
PHC-DST-C1-04,2025-04-18,6,6,0
PHC-DST-C1-04,2025-04-19,6,5,1
PHC-DST-C1-04,2025-04-20,6,6,0
PHC-DST-C1-04,2025-04-21,6,4,2
PHC-DST-C1-04,2025-04-22,6,3,3
PHC-DST-C1-04,2025-04-23,6,6,0
PHC-DST-C1-04,2025-04-24,6,6,0
PHC-DST-C1-04,2025-04-25,6,4,2
PHC-DST-C1-04,2025-04-26,6,4,2
PHC-DST-C1-04,2025-04-27,6,3,3
PHC-DST-C1-04,2025-04-28,6,6,0
PHC-DST-C1-04,2025-04-29,6,2,4
PHC-DST-C1-04,2025-04-30,6,3,3
PHC-DST-C1-04,2025-05-01,6,4,2
PHC-DST-C1-04,2025-05-02,6,1,5
PHC-DST-C1-04,2025-05-03,6,6,0
PHC-DST-C1-04,2025-05-04,6,6,0
PHC-DST-C1-04,2025-05-05,6,2,4
PHC-DST-C1-04,2025-05-06,6,6,0
PHC-DST-C1-04,2025-05-07,6,6,0
PHC-DST-C1-04,2025-05-08,6,5,1
PHC-DST-C1-04,2025-05-09,6,6,0
PHC-DST-C1-04,2025-05-10,6,6,0
PHC-DST-C1-04,2025-05-11,6,3,3
PHC-DST-C1-04,2025-05-12,6,6,0
PHC-DST-C1-04,2025-05-13,6,5,1
PHC-DST-C1-04,2025-05-14,6,6,0
PHC-DST-C1-04,2025-05-15,6,4,2
PHC-DST-C1-04,2025-05-16,6,3,3
PHC-DST-C1-04,2025-05-17,6,6,0
PHC-DST-C1-04,2025-05-18,6,3,3
PHC-DST-C1-04,2025-05-19,6,6,0
PHC-DST-C1-04,2025-05-20,6,5,1
PHC-DST-C1-04,2025-05-21,6,2,4
PHC-DST-C1-04,2025-05-22,6,2,4
PHC-DST-C1-04,2025-05-23,6,4,2
PHC-DST-C1-04,2025-05-24,6,4,2
PHC-DST-C1-04,2025-05-25,6,6,0
PHC-DST-C1-04,2025-05-26,6,6,0
PHC-DST-C1-04,2025-05-27,6,5,1
PHC-DST-C1-04,2025-05-28,6,5,1
PHC-DST-C1-04,2025-05-29,6,4,2
PHC-DST-C1-04,2025-05-30,6,3,3
PHC-DST-C1-04,2025-05-31,6,5,1
PHC-DST-C1-04,2025-06-01,6,6,0
PHC-DST-C1-04,2025-06-02,6,4,2
PHC-DST-C1-04,2025-06-03,6,6,0
PHC-DST-C1-04,2025-06-04,6,5,1
PHC-DST-C1-04,2025-06-05,6,4,2
PHC-DST-C1-04,2025-06-06,6,6,0
PHC-DST-C1-04,2025-06-07,6,2,4
PHC-DST-C1-04,2025-06-08,6,4,2
PHC-DST-C1-04,2025-06-09,6,3,3
PHC-DST-C1-04,2025-06-10,6,6,0
PHC-DST-C1-04,2025-06-11,6,6,0
PHC-DST-C1-04,2025-06-12,6,4,2
PHC-DST-C1-04,2025-06-13,6,5,1
PHC-DST-C1-04,2025-06-14,6,5,1
PHC-DST-C1-04,2025-06-15,6,4,2
PHC-DST-C1-04,2025-06-16,6,5,1
PHC-DST-C1-04,2025-06-17,6,6,0
PHC-DST-C1-04,2025-06-18,6,6,0
PHC-DST-C1-04,2025-06-19,6,4,2
PHC-DST-C1-04,2025-06-20,6,4,2
PHC-DST-C1-04,2025-06-21,6,6,0
PHC-DST-C1-04,2025-06-22,6,5,1
PHC-DST-C1-04,2025-06-23,6,6,0
PHC-DST-C1-04,2025-06-24,6,6,0
PHC-DST-C1-04,2025-06-25,6,4,2
PHC-DST-C1-04,2025-06-26,6,6,0
PHC-DST-C1-04,2025-06-27,6,5,1
PHC-DST-C1-04,2025-06-28,6,6,0
PHC-DST-C1-04,2025-06-29,6,6,0
PHC-DST-C1-04,2025-06-30,6,6,0
PHC-DST-C1-05,2024-01-01,6,4,2
PHC-DST-C1-05,2024-01-02,6,3,3
PHC-DST-C1-05,2024-01-03,6,3,3
PHC-DST-C1-05,2024-01-04,6,5,1
PHC-DST-C1-05,2024-01-05,6,1,5
PHC-DST-C1-05,2024-01-06,6,4,2
PHC-DST-C1-05,2024-01-07,6,2,4
PHC-DST-C1-05,2024-01-08,6,6,0
PHC-DST-C1-05,2024-01-09,6,2,4
PHC-DST-C1-05,2024-01-10,6,5,1
PHC-DST-C1-05,2024-01-11,6,6,0
PHC-DST-C1-05,2024-01-12,6,4,2
PHC-DST-C1-05,2024-01-13,6,5,1
PHC-DST-C1-05,2024-01-14,6,2,4
PHC-DST-C1-05,2024-01-15,6,3,3
PHC-DST-C1-05,2024-01-16,6,3,3
PHC-DST-C1-05,2024-01-17,6,4,2
PHC-DST-C1-05,2024-01-18,6,5,1
PHC-DST-C1-05,2024-01-19,6,5,1
PHC-DST-C1-05,2024-01-20,6,6,0
PHC-DST-C1-05,2024-01-21,6,4,2
PHC-DST-C1-05,2024-01-22,6,6,0
PHC-DST-C1-05,2024-01-23,6,3,3
PHC-DST-C1-05,2024-01-24,6,2,4
PHC-DST-C1-05,2024-01-25,6,4,2
PHC-DST-C1-05,2024-01-26,6,4,2
PHC-DST-C1-05,2024-01-27,6,4,2
PHC-DST-C1-05,2024-01-28,6,6,0
PHC-DST-C1-05,2024-01-29,6,6,0
PHC-DST-C1-05,2024-01-30,6,6,0
PHC-DST-C1-05,2024-01-31,6,3,3
PHC-DST-C1-05,2024-02-01,6,2,4
PHC-DST-C1-05,2024-02-02,6,5,1
PHC-DST-C1-05,2024-02-03,6,6,0
PHC-DST-C1-05,2024-02-04,6,4,2
PHC-DST-C1-05,2024-02-05,6,6,0
PHC-DST-C1-05,2024-02-06,6,4,2
PHC-DST-C1-05,2024-02-07,6,6,0
PHC-DST-C1-05,2024-02-08,6,2,4
PHC-DST-C1-05,2024-02-09,6,6,0
PHC-DST-C1-05,2024-02-10,6,6,0
PHC-DST-C1-05,2024-02-11,6,3,3
PHC-DST-C1-05,2024-02-12,6,3,3
PHC-DST-C1-05,2024-02-13,6,3,3
PHC-DST-C1-05,2024-02-14,6,4,2
PHC-DST-C1-05,2024-02-15,6,6,0
PHC-DST-C1-05,2024-02-16,6,4,2
PHC-DST-C1-05,2024-02-17,6,6,0
PHC-DST-C1-05,2024-02-18,6,2,4
PHC-DST-C1-05,2024-02-19,6,3,3
PHC-DST-C1-05,2024-02-20,6,5,1
PHC-DST-C1-05,2024-02-21,6,3,3
PHC-DST-C1-05,2024-02-22,6,2,4
PHC-DST-C1-05,2024-02-23,6,6,0
PHC-DST-C1-05,2024-02-24,6,4,2
PHC-DST-C1-05,2024-02-25,6,6,0
PHC-DST-C1-05,2024-02-26,6,5,1
PHC-DST-C1-05,2024-02-27,6,2,4
PHC-DST-C1-05,2024-02-28,6,6,0
PHC-DST-C1-05,2024-02-29,6,2,4
PHC-DST-C1-05,2024-03-01,6,4,2
PHC-DST-C1-05,2024-03-02,6,6,0
PHC-DST-C1-05,2024-03-03,6,5,1
PHC-DST-C1-05,2024-03-04,6,6,0
PHC-DST-C1-05,2024-03-05,6,2,4
PHC-DST-C1-05,2024-03-06,6,3,3
PHC-DST-C1-05,2024-03-07,6,2,4
PHC-DST-C1-05,2024-03-08,6,2,4
PHC-DST-C1-05,2024-03-09,6,3,3
PHC-DST-C1-05,2024-03-10,6,5,1
PHC-DST-C1-05,2024-03-11,6,3,3
PHC-DST-C1-05,2024-03-12,6,3,3
PHC-DST-C1-05,2024-03-13,6,6,0
PHC-DST-C1-05,2024-03-14,6,4,2
PHC-DST-C1-05,2024-03-15,6,5,1
PHC-DST-C1-05,2024-03-16,6,3,3
PHC-DST-C1-05,2024-03-17,6,3,3
PHC-DST-C1-05,2024-03-18,6,5,1
PHC-DST-C1-05,2024-03-19,6,5,1
PHC-DST-C1-05,2024-03-20,6,2,4
PHC-DST-C1-05,2024-03-21,6,4,2
PHC-DST-C1-05,2024-03-22,6,4,2
PHC-DST-C1-05,2024-03-23,6,1,5
PHC-DST-C1-05,2024-03-24,6,6,0
PHC-DST-C1-05,2024-03-25,6,4,2
PHC-DST-C1-05,2024-03-26,6,3,3
PHC-DST-C1-05,2024-03-27,6,3,3
PHC-DST-C1-05,2024-03-28,6,1,5
PHC-DST-C1-05,2024-03-29,6,3,3
PHC-DST-C1-05,2024-03-30,6,6,0
PHC-DST-C1-05,2024-03-31,6,2,4
PHC-DST-C1-05,2024-04-01,6,3,3
PHC-DST-C1-05,2024-04-02,6,2,4
PHC-DST-C1-05,2024-04-03,6,3,3
PHC-DST-C1-05,2024-04-04,6,3,3
PHC-DST-C1-05,2024-04-05,6,4,2
PHC-DST-C1-05,2024-04-06,6,6,0
PHC-DST-C1-05,2024-04-07,6,6,0
PHC-DST-C1-05,2024-04-08,6,6,0
PHC-DST-C1-05,2024-04-09,6,6,0
PHC-DST-C1-05,2024-04-10,6,3,3
PHC-DST-C1-05,2024-04-11,6,4,2
PHC-DST-C1-05,2024-04-12,6,3,3
PHC-DST-C1-05,2024-04-13,6,6,0
PHC-DST-C1-05,2024-04-14,6,6,0
PHC-DST-C1-05,2024-04-15,6,2,4
PHC-DST-C1-05,2024-04-16,6,2,4
PHC-DST-C1-05,2024-04-17,6,4,2
PHC-DST-C1-05,2024-04-18,6,6,0
PHC-DST-C1-05,2024-04-19,6,5,1
PHC-DST-C1-05,2024-04-20,6,2,4
PHC-DST-C1-05,2024-04-21,6,6,0
PHC-DST-C1-05,2024-04-22,6,5,1
PHC-DST-C1-05,2024-04-23,6,5,1
PHC-DST-C1-05,2024-04-24,6,5,1
PHC-DST-C1-05,2024-04-25,6,1,5
PHC-DST-C1-05,2024-04-26,6,3,3
PHC-DST-C1-05,2024-04-27,6,6,0
PHC-DST-C1-05,2024-04-28,6,3,3
PHC-DST-C1-05,2024-04-29,6,3,3
PHC-DST-C1-05,2024-04-30,6,4,2
PHC-DST-C1-05,2024-05-01,6,3,3
PHC-DST-C1-05,2024-05-02,6,3,3
PHC-DST-C1-05,2024-05-03,6,3,3
PHC-DST-C1-05,2024-05-04,6,5,1
PHC-DST-C1-05,2024-05-05,6,4,2
PHC-DST-C1-05,2024-05-06,6,6,0
PHC-DST-C1-05,2024-05-07,6,4,2
PHC-DST-C1-05,2024-05-08,6,4,2
PHC-DST-C1-05,2024-05-09,6,3,3
PHC-DST-C1-05,2024-05-10,6,3,3
PHC-DST-C1-05,2024-05-11,6,3,3
PHC-DST-C1-05,2024-05-12,6,5,1
PHC-DST-C1-05,2024-05-13,6,4,2
PHC-DST-C1-05,2024-05-14,6,6,0
PHC-DST-C1-05,2024-05-15,6,2,4
PHC-DST-C1-05,2024-05-16,6,4,2
PHC-DST-C1-05,2024-05-17,6,5,1
PHC-DST-C1-05,2024-05-18,6,3,3
PHC-DST-C1-05,2024-05-19,6,4,2
PHC-DST-C1-05,2024-05-20,6,6,0
PHC-DST-C1-05,2024-05-21,6,6,0
PHC-DST-C1-05,2024-05-22,6,2,4
PHC-DST-C1-05,2024-05-23,6,3,3
PHC-DST-C1-05,2024-05-24,6,4,2
PHC-DST-C1-05,2024-05-25,6,5,1
PHC-DST-C1-05,2024-05-26,6,4,2
PHC-DST-C1-05,2024-05-27,6,5,1
PHC-DST-C1-05,2024-05-28,6,3,3
PHC-DST-C1-05,2024-05-29,6,5,1
PHC-DST-C1-05,2024-05-30,6,2,4
PHC-DST-C1-05,2024-05-31,6,4,2
PHC-DST-C1-05,2024-06-01,6,3,3
PHC-DST-C1-05,2024-06-02,6,5,1
PHC-DST-C1-05,2024-06-03,6,2,4
PHC-DST-C1-05,2024-06-04,6,2,4
PHC-DST-C1-05,2024-06-05,6,1,5
PHC-DST-C1-05,2024-06-06,6,5,1
PHC-DST-C1-05,2024-06-07,6,2,4
PHC-DST-C1-05,2024-06-08,6,2,4
PHC-DST-C1-05,2024-06-09,6,3,3
PHC-DST-C1-05,2024-06-10,6,5,1
PHC-DST-C1-05,2024-06-11,6,2,4
PHC-DST-C1-05,2024-06-12,6,3,3
PHC-DST-C1-05,2024-06-13,6,6,0
PHC-DST-C1-05,2024-06-14,6,4,2
PHC-DST-C1-05,2024-06-15,6,4,2
PHC-DST-C1-05,2024-06-16,6,6,0
PHC-DST-C1-05,2024-06-17,6,6,0
PHC-DST-C1-05,2024-06-18,6,5,1
PHC-DST-C1-05,2024-06-19,6,5,1
PHC-DST-C1-05,2024-06-20,6,3,3
PHC-DST-C1-05,2024-06-21,6,6,0
PHC-DST-C1-05,2024-06-22,6,4,2
PHC-DST-C1-05,2024-06-23,6,4,2
PHC-DST-C1-05,2024-06-24,6,4,2
PHC-DST-C1-05,2024-06-25,6,3,3
PHC-DST-C1-05,2024-06-26,6,2,4
PHC-DST-C1-05,2024-06-27,6,2,4
PHC-DST-C1-05,2024-06-28,6,6,0
PHC-DST-C1-05,2024-06-29,6,5,1
PHC-DST-C1-05,2024-06-30,6,5,1
PHC-DST-C1-05,2024-07-01,6,5,1
PHC-DST-C1-05,2024-07-02,6,6,0
PHC-DST-C1-05,2024-07-03,6,5,1
PHC-DST-C1-05,2024-07-04,6,4,2
PHC-DST-C1-05,2024-07-05,6,3,3
PHC-DST-C1-05,2024-07-06,6,3,3
PHC-DST-C1-05,2024-07-07,6,2,4
PHC-DST-C1-05,2024-07-08,6,3,3
PHC-DST-C1-05,2024-07-09,6,6,0
PHC-DST-C1-05,2024-07-10,6,4,2
PHC-DST-C1-05,2024-07-11,6,6,0
PHC-DST-C1-05,2024-07-12,6,4,2
PHC-DST-C1-05,2024-07-13,6,5,1
PHC-DST-C1-05,2024-07-14,6,2,4
PHC-DST-C1-05,2024-07-15,6,4,2
PHC-DST-C1-05,2024-07-16,6,4,2
PHC-DST-C1-05,2024-07-17,6,6,0
PHC-DST-C1-05,2024-07-18,6,4,2
PHC-DST-C1-05,2024-07-19,6,6,0
PHC-DST-C1-05,2024-07-20,6,2,4
PHC-DST-C1-05,2024-07-21,6,3,3
PHC-DST-C1-05,2024-07-22,6,3,3
PHC-DST-C1-05,2024-07-23,6,2,4
PHC-DST-C1-05,2024-07-24,6,5,1
PHC-DST-C1-05,2024-07-25,6,6,0
PHC-DST-C1-05,2024-07-26,6,6,0
PHC-DST-C1-05,2024-07-27,6,5,1
PHC-DST-C1-05,2024-07-28,6,5,1
PHC-DST-C1-05,2024-07-29,6,5,1
PHC-DST-C1-05,2024-07-30,6,5,1
PHC-DST-C1-05,2024-07-31,6,6,0
PHC-DST-C1-05,2024-08-01,6,6,0
PHC-DST-C1-05,2024-08-02,6,3,3
PHC-DST-C1-05,2024-08-03,6,4,2
PHC-DST-C1-05,2024-08-04,6,5,1
PHC-DST-C1-05,2024-08-05,6,6,0
PHC-DST-C1-05,2024-08-06,6,2,4
PHC-DST-C1-05,2024-08-07,6,3,3
PHC-DST-C1-05,2024-08-08,6,5,1
PHC-DST-C1-05,2024-08-09,6,5,1
PHC-DST-C1-05,2024-08-10,6,6,0
PHC-DST-C1-05,2024-08-11,6,3,3
PHC-DST-C1-05,2024-08-12,6,4,2
PHC-DST-C1-05,2024-08-13,6,2,4
PHC-DST-C1-05,2024-08-14,6,2,4
PHC-DST-C1-05,2024-08-15,6,6,0
PHC-DST-C1-05,2024-08-16,6,5,1
PHC-DST-C1-05,2024-08-17,6,5,1
PHC-DST-C1-05,2024-08-18,6,6,0
PHC-DST-C1-05,2024-08-19,6,3,3
PHC-DST-C1-05,2024-08-20,6,3,3
PHC-DST-C1-05,2024-08-21,6,2,4
PHC-DST-C1-05,2024-08-22,6,5,1
PHC-DST-C1-05,2024-08-23,6,4,2
PHC-DST-C1-05,2024-08-24,6,6,0
PHC-DST-C1-05,2024-08-25,6,4,2
PHC-DST-C1-05,2024-08-26,6,3,3
PHC-DST-C1-05,2024-08-27,6,6,0
PHC-DST-C1-05,2024-08-28,6,6,0
PHC-DST-C1-05,2024-08-29,6,4,2
PHC-DST-C1-05,2024-08-30,6,2,4
PHC-DST-C1-05,2024-08-31,6,6,0
PHC-DST-C1-05,2024-09-01,6,2,4
PHC-DST-C1-05,2024-09-02,6,6,0
PHC-DST-C1-05,2024-09-03,6,4,2
PHC-DST-C1-05,2024-09-04,6,4,2
PHC-DST-C1-05,2024-09-05,6,4,2
PHC-DST-C1-05,2024-09-06,6,3,3
PHC-DST-C1-05,2024-09-07,6,5,1
PHC-DST-C1-05,2024-09-08,6,5,1
PHC-DST-C1-05,2024-09-09,6,4,2
PHC-DST-C1-05,2024-09-10,6,4,2
PHC-DST-C1-05,2024-09-11,6,5,1
PHC-DST-C1-05,2024-09-12,6,4,2
PHC-DST-C1-05,2024-09-13,6,2,4
PHC-DST-C1-05,2024-09-14,6,3,3
PHC-DST-C1-05,2024-09-15,6,6,0
PHC-DST-C1-05,2024-09-16,6,4,2
PHC-DST-C1-05,2024-09-17,6,2,4
PHC-DST-C1-05,2024-09-18,6,3,3
PHC-DST-C1-05,2024-09-19,6,4,2
PHC-DST-C1-05,2024-09-20,6,4,2
PHC-DST-C1-05,2024-09-21,6,5,1
PHC-DST-C1-05,2024-09-22,6,4,2
PHC-DST-C1-05,2024-09-23,6,6,0
PHC-DST-C1-05,2024-09-24,6,4,2
PHC-DST-C1-05,2024-09-25,6,3,3
PHC-DST-C1-05,2024-09-26,6,3,3
PHC-DST-C1-05,2024-09-27,6,6,0
PHC-DST-C1-05,2024-09-28,6,4,2
PHC-DST-C1-05,2024-09-29,6,5,1
PHC-DST-C1-05,2024-09-30,6,5,1
PHC-DST-C1-05,2024-10-01,6,4,2
PHC-DST-C1-05,2024-10-02,6,2,4
PHC-DST-C1-05,2024-10-03,6,5,1
PHC-DST-C1-05,2024-10-04,6,2,4
PHC-DST-C1-05,2024-10-05,6,2,4
PHC-DST-C1-05,2024-10-06,6,3,3
PHC-DST-C1-05,2024-10-07,6,3,3
PHC-DST-C1-05,2024-10-08,6,1,5
PHC-DST-C1-05,2024-10-09,6,4,2
PHC-DST-C1-05,2024-10-10,6,4,2
PHC-DST-C1-05,2024-10-11,6,4,2
PHC-DST-C1-05,2024-10-12,6,3,3
PHC-DST-C1-05,2024-10-13,6,5,1
PHC-DST-C1-05,2024-10-14,6,5,1
PHC-DST-C1-05,2024-10-15,6,6,0
PHC-DST-C1-05,2024-10-16,6,2,4
PHC-DST-C1-05,2024-10-17,6,4,2
PHC-DST-C1-05,2024-10-18,6,6,0
PHC-DST-C1-05,2024-10-19,6,4,2
PHC-DST-C1-05,2024-10-20,6,6,0
PHC-DST-C1-05,2024-10-21,6,2,4
PHC-DST-C1-05,2024-10-22,6,4,2
PHC-DST-C1-05,2024-10-23,6,6,0
PHC-DST-C1-05,2024-10-24,6,1,5
PHC-DST-C1-05,2024-10-25,6,2,4
PHC-DST-C1-05,2024-10-26,6,2,4
PHC-DST-C1-05,2024-10-27,6,4,2
PHC-DST-C1-05,2024-10-28,6,6,0
PHC-DST-C1-05,2024-10-29,6,5,1
PHC-DST-C1-05,2024-10-30,6,3,3
PHC-DST-C1-05,2024-10-31,6,4,2
PHC-DST-C1-05,2024-11-01,6,6,0
PHC-DST-C1-05,2024-11-02,6,5,1
PHC-DST-C1-05,2024-11-03,6,6,0
PHC-DST-C1-05,2024-11-04,6,3,3
PHC-DST-C1-05,2024-11-05,6,5,1
PHC-DST-C1-05,2024-11-06,6,6,0
PHC-DST-C1-05,2024-11-07,6,5,1
PHC-DST-C1-05,2024-11-08,6,3,3
PHC-DST-C1-05,2024-11-09,6,6,0
PHC-DST-C1-05,2024-11-10,6,6,0
PHC-DST-C1-05,2024-11-11,6,5,1
PHC-DST-C1-05,2024-11-12,6,5,1
PHC-DST-C1-05,2024-11-13,6,4,2
PHC-DST-C1-05,2024-11-14,6,2,4
PHC-DST-C1-05,2024-11-15,6,3,3
PHC-DST-C1-05,2024-11-16,6,6,0
PHC-DST-C1-05,2024-11-17,6,2,4
PHC-DST-C1-05,2024-11-18,6,4,2
PHC-DST-C1-05,2024-11-19,6,4,2
PHC-DST-C1-05,2024-11-20,6,4,2
PHC-DST-C1-05,2024-11-21,6,6,0
PHC-DST-C1-05,2024-11-22,6,3,3
PHC-DST-C1-05,2024-11-23,6,6,0
PHC-DST-C1-05,2024-11-24,6,4,2
PHC-DST-C1-05,2024-11-25,6,6,0
PHC-DST-C1-05,2024-11-26,6,4,2
PHC-DST-C1-05,2024-11-27,6,4,2
PHC-DST-C1-05,2024-11-28,6,6,0
PHC-DST-C1-05,2024-11-29,6,6,0
PHC-DST-C1-05,2024-11-30,6,3,3
PHC-DST-C1-05,2024-12-01,6,4,2
PHC-DST-C1-05,2024-12-02,6,6,0
PHC-DST-C1-05,2024-12-03,6,5,1
PHC-DST-C1-05,2024-12-04,6,5,1
PHC-DST-C1-05,2024-12-05,6,1,5
PHC-DST-C1-05,2024-12-06,6,6,0
PHC-DST-C1-05,2024-12-07,6,4,2
PHC-DST-C1-05,2024-12-08,6,3,3
PHC-DST-C1-05,2024-12-09,6,3,3
PHC-DST-C1-05,2024-12-10,6,6,0
PHC-DST-C1-05,2024-12-11,6,3,3
PHC-DST-C1-05,2024-12-12,6,6,0
PHC-DST-C1-05,2024-12-13,6,2,4
PHC-DST-C1-05,2024-12-14,6,4,2
PHC-DST-C1-05,2024-12-15,6,5,1
PHC-DST-C1-05,2024-12-16,6,3,3
PHC-DST-C1-05,2024-12-17,6,4,2
PHC-DST-C1-05,2024-12-18,6,3,3
PHC-DST-C1-05,2024-12-19,6,5,1
PHC-DST-C1-05,2024-12-20,6,3,3
PHC-DST-C1-05,2024-12-21,6,6,0
PHC-DST-C1-05,2024-12-22,6,6,0
PHC-DST-C1-05,2024-12-23,6,3,3
PHC-DST-C1-05,2024-12-24,6,3,3
PHC-DST-C1-05,2024-12-25,6,4,2
PHC-DST-C1-05,2024-12-26,6,4,2
PHC-DST-C1-05,2024-12-27,6,3,3
PHC-DST-C1-05,2024-12-28,6,4,2
PHC-DST-C1-05,2024-12-29,6,6,0
PHC-DST-C1-05,2024-12-30,6,4,2
PHC-DST-C1-05,2024-12-31,6,2,4
PHC-DST-C1-05,2025-01-01,6,3,3
PHC-DST-C1-05,2025-01-02,6,2,4
PHC-DST-C1-05,2025-01-03,6,5,1
PHC-DST-C1-05,2025-01-04,6,5,1
PHC-DST-C1-05,2025-01-05,6,6,0
PHC-DST-C1-05,2025-01-06,6,6,0
PHC-DST-C1-05,2025-01-07,6,6,0
PHC-DST-C1-05,2025-01-08,6,3,3
PHC-DST-C1-05,2025-01-09,6,6,0
PHC-DST-C1-05,2025-01-10,6,3,3
PHC-DST-C1-05,2025-01-11,6,4,2
PHC-DST-C1-05,2025-01-12,6,5,1
PHC-DST-C1-05,2025-01-13,6,4,2
PHC-DST-C1-05,2025-01-14,6,5,1
PHC-DST-C1-05,2025-01-15,6,6,0
PHC-DST-C1-05,2025-01-16,6,3,3
PHC-DST-C1-05,2025-01-17,6,6,0
PHC-DST-C1-05,2025-01-18,6,3,3
PHC-DST-C1-05,2025-01-19,6,5,1
PHC-DST-C1-05,2025-01-20,6,6,0
PHC-DST-C1-05,2025-01-21,6,3,3
PHC-DST-C1-05,2025-01-22,6,4,2
PHC-DST-C1-05,2025-01-23,6,5,1
PHC-DST-C1-05,2025-01-24,6,6,0
PHC-DST-C1-05,2025-01-25,6,1,5
PHC-DST-C1-05,2025-01-26,6,3,3
PHC-DST-C1-05,2025-01-27,6,6,0
PHC-DST-C1-05,2025-01-28,6,6,0
PHC-DST-C1-05,2025-01-29,6,3,3
PHC-DST-C1-05,2025-01-30,6,4,2
PHC-DST-C1-05,2025-01-31,6,5,1
PHC-DST-C1-05,2025-02-01,6,5,1
PHC-DST-C1-05,2025-02-02,6,2,4
PHC-DST-C1-05,2025-02-03,6,6,0
PHC-DST-C1-05,2025-02-04,6,4,2
PHC-DST-C1-05,2025-02-05,6,2,4
PHC-DST-C1-05,2025-02-06,6,6,0
PHC-DST-C1-05,2025-02-07,6,3,3
PHC-DST-C1-05,2025-02-08,6,3,3
PHC-DST-C1-05,2025-02-09,6,4,2
PHC-DST-C1-05,2025-02-10,6,1,5
PHC-DST-C1-05,2025-02-11,6,5,1
PHC-DST-C1-05,2025-02-12,6,5,1
PHC-DST-C1-05,2025-02-13,6,6,0
PHC-DST-C1-05,2025-02-14,6,6,0
PHC-DST-C1-05,2025-02-15,6,4,2
PHC-DST-C1-05,2025-02-16,6,3,3
PHC-DST-C1-05,2025-02-17,6,2,4
PHC-DST-C1-05,2025-02-18,6,2,4
PHC-DST-C1-05,2025-02-19,6,3,3
PHC-DST-C1-05,2025-02-20,6,5,1
PHC-DST-C1-05,2025-02-21,6,3,3
PHC-DST-C1-05,2025-02-22,6,5,1
PHC-DST-C1-05,2025-02-23,6,2,4
PHC-DST-C1-05,2025-02-24,6,6,0
PHC-DST-C1-05,2025-02-25,6,6,0
PHC-DST-C1-05,2025-02-26,6,6,0
PHC-DST-C1-05,2025-02-27,6,2,4
PHC-DST-C1-05,2025-02-28,6,3,3
PHC-DST-C1-05,2025-03-01,6,6,0
PHC-DST-C1-05,2025-03-02,6,6,0
PHC-DST-C1-05,2025-03-03,6,6,0
PHC-DST-C1-05,2025-03-04,6,2,4
PHC-DST-C1-05,2025-03-05,6,6,0
PHC-DST-C1-05,2025-03-06,6,6,0
PHC-DST-C1-05,2025-03-07,6,6,0
PHC-DST-C1-05,2025-03-08,6,1,5
PHC-DST-C1-05,2025-03-09,6,6,0
PHC-DST-C1-05,2025-03-10,6,3,3
PHC-DST-C1-05,2025-03-11,6,3,3
PHC-DST-C1-05,2025-03-12,6,5,1
PHC-DST-C1-05,2025-03-13,6,5,1
PHC-DST-C1-05,2025-03-14,6,6,0
PHC-DST-C1-05,2025-03-15,6,5,1
PHC-DST-C1-05,2025-03-16,6,1,5
PHC-DST-C1-05,2025-03-17,6,6,0
PHC-DST-C1-05,2025-03-18,6,6,0
PHC-DST-C1-05,2025-03-19,6,4,2
PHC-DST-C1-05,2025-03-20,6,2,4
PHC-DST-C1-05,2025-03-21,6,6,0
PHC-DST-C1-05,2025-03-22,6,4,2
PHC-DST-C1-05,2025-03-23,6,4,2
PHC-DST-C1-05,2025-03-24,6,3,3
PHC-DST-C1-05,2025-03-25,6,3,3
PHC-DST-C1-05,2025-03-26,6,5,1
PHC-DST-C1-05,2025-03-27,6,3,3
PHC-DST-C1-05,2025-03-28,6,2,4
PHC-DST-C1-05,2025-03-29,6,6,0
PHC-DST-C1-05,2025-03-30,6,1,5
PHC-DST-C1-05,2025-03-31,6,4,2
PHC-DST-C1-05,2025-04-01,6,1,5
PHC-DST-C1-05,2025-04-02,6,2,4
PHC-DST-C1-05,2025-04-03,6,3,3
PHC-DST-C1-05,2025-04-04,6,4,2
PHC-DST-C1-05,2025-04-05,6,2,4
PHC-DST-C1-05,2025-04-06,6,6,0
PHC-DST-C1-05,2025-04-07,6,6,0
PHC-DST-C1-05,2025-04-08,6,5,1
PHC-DST-C1-05,2025-04-09,6,2,4
PHC-DST-C1-05,2025-04-10,6,3,3
PHC-DST-C1-05,2025-04-11,6,6,0
PHC-DST-C1-05,2025-04-12,6,3,3
PHC-DST-C1-05,2025-04-13,6,6,0
PHC-DST-C1-05,2025-04-14,6,6,0
PHC-DST-C1-05,2025-04-15,6,1,5
PHC-DST-C1-05,2025-04-16,6,4,2
PHC-DST-C1-05,2025-04-17,6,2,4
PHC-DST-C1-05,2025-04-18,6,3,3
PHC-DST-C1-05,2025-04-19,6,6,0
PHC-DST-C1-05,2025-04-20,6,6,0
PHC-DST-C1-05,2025-04-21,6,2,4
PHC-DST-C1-05,2025-04-22,6,5,1
PHC-DST-C1-05,2025-04-23,6,3,3
PHC-DST-C1-05,2025-04-24,6,4,2
PHC-DST-C1-05,2025-04-25,6,2,4
PHC-DST-C1-05,2025-04-26,6,2,4
PHC-DST-C1-05,2025-04-27,6,4,2
PHC-DST-C1-05,2025-04-28,6,6,0
PHC-DST-C1-05,2025-04-29,6,4,2
PHC-DST-C1-05,2025-04-30,6,4,2
PHC-DST-C1-05,2025-05-01,6,5,1
PHC-DST-C1-05,2025-05-02,6,6,0
PHC-DST-C1-05,2025-05-03,6,6,0
PHC-DST-C1-05,2025-05-04,6,4,2
PHC-DST-C1-05,2025-05-05,6,5,1
PHC-DST-C1-05,2025-05-06,6,5,1
PHC-DST-C1-05,2025-05-07,6,5,1
PHC-DST-C1-05,2025-05-08,6,4,2
PHC-DST-C1-05,2025-05-09,6,4,2
PHC-DST-C1-05,2025-05-10,6,5,1
PHC-DST-C1-05,2025-05-11,6,3,3
PHC-DST-C1-05,2025-05-12,6,5,1
PHC-DST-C1-05,2025-05-13,6,2,4
PHC-DST-C1-05,2025-05-14,6,4,2
PHC-DST-C1-05,2025-05-15,6,4,2
PHC-DST-C1-05,2025-05-16,6,5,1
PHC-DST-C1-05,2025-05-17,6,4,2
PHC-DST-C1-05,2025-05-18,6,2,4
PHC-DST-C1-05,2025-05-19,6,6,0
PHC-DST-C1-05,2025-05-20,6,6,0
PHC-DST-C1-05,2025-05-21,6,4,2
PHC-DST-C1-05,2025-05-22,6,4,2
PHC-DST-C1-05,2025-05-23,6,2,4
PHC-DST-C1-05,2025-05-24,6,4,2
PHC-DST-C1-05,2025-05-25,6,4,2
PHC-DST-C1-05,2025-05-26,6,3,3
PHC-DST-C1-05,2025-05-27,6,6,0
PHC-DST-C1-05,2025-05-28,6,3,3
PHC-DST-C1-05,2025-05-29,6,6,0
PHC-DST-C1-05,2025-05-30,6,4,2
PHC-DST-C1-05,2025-05-31,6,3,3
PHC-DST-C1-05,2025-06-01,6,6,0
PHC-DST-C1-05,2025-06-02,6,6,0
PHC-DST-C1-05,2025-06-03,6,4,2
PHC-DST-C1-05,2025-06-04,6,5,1
PHC-DST-C1-05,2025-06-05,6,6,0
PHC-DST-C1-05,2025-06-06,6,2,4
PHC-DST-C1-05,2025-06-07,6,4,2
PHC-DST-C1-05,2025-06-08,6,2,4
PHC-DST-C1-05,2025-06-09,6,4,2
PHC-DST-C1-05,2025-06-10,6,3,3
PHC-DST-C1-05,2025-06-11,6,2,4
PHC-DST-C1-05,2025-06-12,6,3,3
PHC-DST-C1-05,2025-06-13,6,6,0
PHC-DST-C1-05,2025-06-14,6,6,0
PHC-DST-C1-05,2025-06-15,6,2,4
PHC-DST-C1-05,2025-06-16,6,6,0
PHC-DST-C1-05,2025-06-17,6,4,2
PHC-DST-C1-05,2025-06-18,6,6,0
PHC-DST-C1-05,2025-06-19,6,3,3
PHC-DST-C1-05,2025-06-20,6,1,5
PHC-DST-C1-05,2025-06-21,6,5,1
PHC-DST-C1-05,2025-06-22,6,6,0
PHC-DST-C1-05,2025-06-23,6,1,5
PHC-DST-C1-05,2025-06-24,6,6,0
PHC-DST-C1-05,2025-06-25,6,3,3
PHC-DST-C1-05,2025-06-26,6,3,3
PHC-DST-C1-05,2025-06-27,6,6,0
PHC-DST-C1-05,2025-06-28,6,4,2
PHC-DST-C1-05,2025-06-29,6,6,0
PHC-DST-C1-05,2025-06-30,6,2,4
PHC-DST-C1-06,2024-01-01,4,3,1
PHC-DST-C1-06,2024-01-02,4,2,2
PHC-DST-C1-06,2024-01-03,4,3,1
PHC-DST-C1-06,2024-01-04,4,2,2
PHC-DST-C1-06,2024-01-05,4,4,0
PHC-DST-C1-06,2024-01-06,4,3,1
PHC-DST-C1-06,2024-01-07,4,4,0
PHC-DST-C1-06,2024-01-08,4,4,0
PHC-DST-C1-06,2024-01-09,4,4,0
PHC-DST-C1-06,2024-01-10,4,4,0
PHC-DST-C1-06,2024-01-11,4,2,2
PHC-DST-C1-06,2024-01-12,4,2,2
PHC-DST-C1-06,2024-01-13,4,2,2
PHC-DST-C1-06,2024-01-14,4,2,2
PHC-DST-C1-06,2024-01-15,4,4,0
PHC-DST-C1-06,2024-01-16,4,3,1
PHC-DST-C1-06,2024-01-17,4,4,0
PHC-DST-C1-06,2024-01-18,4,1,3
PHC-DST-C1-06,2024-01-19,4,4,0
PHC-DST-C1-06,2024-01-20,4,4,0
PHC-DST-C1-06,2024-01-21,4,4,0
PHC-DST-C1-06,2024-01-22,4,3,1
PHC-DST-C1-06,2024-01-23,4,2,2
PHC-DST-C1-06,2024-01-24,4,4,0
PHC-DST-C1-06,2024-01-25,4,3,1
PHC-DST-C1-06,2024-01-26,4,3,1
PHC-DST-C1-06,2024-01-27,4,4,0
PHC-DST-C1-06,2024-01-28,4,3,1
PHC-DST-C1-06,2024-01-29,4,1,3
PHC-DST-C1-06,2024-01-30,4,2,2
PHC-DST-C1-06,2024-01-31,4,3,1
PHC-DST-C1-06,2024-02-01,4,4,0
PHC-DST-C1-06,2024-02-02,4,4,0
PHC-DST-C1-06,2024-02-03,4,2,2
PHC-DST-C1-06,2024-02-04,4,3,1
PHC-DST-C1-06,2024-02-05,4,4,0
PHC-DST-C1-06,2024-02-06,4,4,0
PHC-DST-C1-06,2024-02-07,4,2,2
PHC-DST-C1-06,2024-02-08,4,4,0
PHC-DST-C1-06,2024-02-09,4,4,0
PHC-DST-C1-06,2024-02-10,4,4,0
PHC-DST-C1-06,2024-02-11,4,3,1
PHC-DST-C1-06,2024-02-12,4,1,3
PHC-DST-C1-06,2024-02-13,4,4,0
PHC-DST-C1-06,2024-02-14,4,2,2
PHC-DST-C1-06,2024-02-15,4,4,0
PHC-DST-C1-06,2024-02-16,4,4,0
PHC-DST-C1-06,2024-02-17,4,3,1
PHC-DST-C1-06,2024-02-18,4,4,0
PHC-DST-C1-06,2024-02-19,4,3,1
PHC-DST-C1-06,2024-02-20,4,4,0
PHC-DST-C1-06,2024-02-21,4,4,0
PHC-DST-C1-06,2024-02-22,4,0,4
PHC-DST-C1-06,2024-02-23,4,4,0
PHC-DST-C1-06,2024-02-24,4,4,0
PHC-DST-C1-06,2024-02-25,4,1,3
PHC-DST-C1-06,2024-02-26,4,4,0
PHC-DST-C1-06,2024-02-27,4,2,2
PHC-DST-C1-06,2024-02-28,4,4,0
PHC-DST-C1-06,2024-02-29,4,4,0
PHC-DST-C1-06,2024-03-01,4,4,0
PHC-DST-C1-06,2024-03-02,4,2,2
PHC-DST-C1-06,2024-03-03,4,4,0
PHC-DST-C1-06,2024-03-04,4,4,0
PHC-DST-C1-06,2024-03-05,4,2,2
PHC-DST-C1-06,2024-03-06,4,2,2
PHC-DST-C1-06,2024-03-07,4,1,3
PHC-DST-C1-06,2024-03-08,4,1,3
PHC-DST-C1-06,2024-03-09,4,3,1
PHC-DST-C1-06,2024-03-10,4,2,2
PHC-DST-C1-06,2024-03-11,4,4,0
PHC-DST-C1-06,2024-03-12,4,2,2
PHC-DST-C1-06,2024-03-13,4,4,0
PHC-DST-C1-06,2024-03-14,4,4,0
PHC-DST-C1-06,2024-03-15,4,3,1
PHC-DST-C1-06,2024-03-16,4,2,2
PHC-DST-C1-06,2024-03-17,4,3,1
PHC-DST-C1-06,2024-03-18,4,4,0
PHC-DST-C1-06,2024-03-19,4,4,0
PHC-DST-C1-06,2024-03-20,4,2,2
PHC-DST-C1-06,2024-03-21,4,3,1
PHC-DST-C1-06,2024-03-22,4,4,0
PHC-DST-C1-06,2024-03-23,4,3,1
PHC-DST-C1-06,2024-03-24,4,4,0
PHC-DST-C1-06,2024-03-25,4,4,0
PHC-DST-C1-06,2024-03-26,4,3,1
PHC-DST-C1-06,2024-03-27,4,3,1
PHC-DST-C1-06,2024-03-28,4,1,3
PHC-DST-C1-06,2024-03-29,4,4,0
PHC-DST-C1-06,2024-03-30,4,4,0
PHC-DST-C1-06,2024-03-31,4,4,0
PHC-DST-C1-06,2024-04-01,4,3,1
PHC-DST-C1-06,2024-04-02,4,3,1
PHC-DST-C1-06,2024-04-03,4,4,0
PHC-DST-C1-06,2024-04-04,4,2,2
PHC-DST-C1-06,2024-04-05,4,3,1
PHC-DST-C1-06,2024-04-06,4,4,0
PHC-DST-C1-06,2024-04-07,4,4,0
PHC-DST-C1-06,2024-04-08,4,4,0
PHC-DST-C1-06,2024-04-09,4,0,4
PHC-DST-C1-06,2024-04-10,4,3,1
PHC-DST-C1-06,2024-04-11,4,3,1
PHC-DST-C1-06,2024-04-12,4,4,0
PHC-DST-C1-06,2024-04-13,4,2,2
PHC-DST-C1-06,2024-04-14,4,4,0
PHC-DST-C1-06,2024-04-15,4,3,1
PHC-DST-C1-06,2024-04-16,4,4,0
PHC-DST-C1-06,2024-04-17,4,4,0
PHC-DST-C1-06,2024-04-18,4,4,0
PHC-DST-C1-06,2024-04-19,4,2,2
PHC-DST-C1-06,2024-04-20,4,3,1
PHC-DST-C1-06,2024-04-21,4,3,1
PHC-DST-C1-06,2024-04-22,4,4,0
PHC-DST-C1-06,2024-04-23,4,4,0
PHC-DST-C1-06,2024-04-24,4,4,0
PHC-DST-C1-06,2024-04-25,4,4,0
PHC-DST-C1-06,2024-04-26,4,2,2
PHC-DST-C1-06,2024-04-27,4,4,0
PHC-DST-C1-06,2024-04-28,4,4,0
PHC-DST-C1-06,2024-04-29,4,2,2
PHC-DST-C1-06,2024-04-30,4,4,0
PHC-DST-C1-06,2024-05-01,4,4,0
PHC-DST-C1-06,2024-05-02,4,4,0
PHC-DST-C1-06,2024-05-03,4,2,2
PHC-DST-C1-06,2024-05-04,4,1,3
PHC-DST-C1-06,2024-05-05,4,3,1
PHC-DST-C1-06,2024-05-06,4,4,0
PHC-DST-C1-06,2024-05-07,4,2,2
PHC-DST-C1-06,2024-05-08,4,4,0
PHC-DST-C1-06,2024-05-09,4,3,1
PHC-DST-C1-06,2024-05-10,4,4,0
PHC-DST-C1-06,2024-05-11,4,4,0
PHC-DST-C1-06,2024-05-12,4,3,1
PHC-DST-C1-06,2024-05-13,4,3,1
PHC-DST-C1-06,2024-05-14,4,3,1
PHC-DST-C1-06,2024-05-15,4,3,1
PHC-DST-C1-06,2024-05-16,4,2,2
PHC-DST-C1-06,2024-05-17,4,0,4
PHC-DST-C1-06,2024-05-18,4,2,2
PHC-DST-C1-06,2024-05-19,4,2,2
PHC-DST-C1-06,2024-05-20,4,4,0
PHC-DST-C1-06,2024-05-21,4,4,0
PHC-DST-C1-06,2024-05-22,4,1,3
PHC-DST-C1-06,2024-05-23,4,4,0
PHC-DST-C1-06,2024-05-24,4,2,2
PHC-DST-C1-06,2024-05-25,4,4,0
PHC-DST-C1-06,2024-05-26,4,4,0
PHC-DST-C1-06,2024-05-27,4,1,3
PHC-DST-C1-06,2024-05-28,4,0,4
PHC-DST-C1-06,2024-05-29,4,2,2
PHC-DST-C1-06,2024-05-30,4,3,1
PHC-DST-C1-06,2024-05-31,4,4,0
PHC-DST-C1-06,2024-06-01,4,3,1
PHC-DST-C1-06,2024-06-02,4,3,1
PHC-DST-C1-06,2024-06-03,4,3,1
PHC-DST-C1-06,2024-06-04,4,2,2
PHC-DST-C1-06,2024-06-05,4,3,1
PHC-DST-C1-06,2024-06-06,4,4,0
PHC-DST-C1-06,2024-06-07,4,3,1
PHC-DST-C1-06,2024-06-08,4,1,3
PHC-DST-C1-06,2024-06-09,4,4,0
PHC-DST-C1-06,2024-06-10,4,4,0
PHC-DST-C1-06,2024-06-11,4,1,3
PHC-DST-C1-06,2024-06-12,4,3,1
PHC-DST-C1-06,2024-06-13,4,2,2
PHC-DST-C1-06,2024-06-14,4,4,0
PHC-DST-C1-06,2024-06-15,4,4,0
PHC-DST-C1-06,2024-06-16,4,4,0
PHC-DST-C1-06,2024-06-17,4,2,2
PHC-DST-C1-06,2024-06-18,4,4,0
PHC-DST-C1-06,2024-06-19,4,3,1
PHC-DST-C1-06,2024-06-20,4,2,2
PHC-DST-C1-06,2024-06-21,4,4,0
PHC-DST-C1-06,2024-06-22,4,4,0
PHC-DST-C1-06,2024-06-23,4,4,0
PHC-DST-C1-06,2024-06-24,4,2,2
PHC-DST-C1-06,2024-06-25,4,3,1
PHC-DST-C1-06,2024-06-26,4,1,3
PHC-DST-C1-06,2024-06-27,4,4,0
PHC-DST-C1-06,2024-06-28,4,4,0
PHC-DST-C1-06,2024-06-29,4,3,1
PHC-DST-C1-06,2024-06-30,4,4,0
PHC-DST-C1-06,2024-07-01,4,4,0
PHC-DST-C1-06,2024-07-02,4,4,0
PHC-DST-C1-06,2024-07-03,4,3,1
PHC-DST-C1-06,2024-07-04,4,4,0
PHC-DST-C1-06,2024-07-05,4,4,0
PHC-DST-C1-06,2024-07-06,4,3,1
PHC-DST-C1-06,2024-07-07,4,2,2
PHC-DST-C1-06,2024-07-08,4,4,0
PHC-DST-C1-06,2024-07-09,4,2,2
PHC-DST-C1-06,2024-07-10,4,2,2
PHC-DST-C1-06,2024-07-11,4,2,2
PHC-DST-C1-06,2024-07-12,4,4,0
PHC-DST-C1-06,2024-07-13,4,4,0
PHC-DST-C1-06,2024-07-14,4,2,2
PHC-DST-C1-06,2024-07-15,4,3,1
PHC-DST-C1-06,2024-07-16,4,3,1
PHC-DST-C1-06,2024-07-17,4,1,3
PHC-DST-C1-06,2024-07-18,4,4,0
PHC-DST-C1-06,2024-07-19,4,1,3
PHC-DST-C1-06,2024-07-20,4,3,1
PHC-DST-C1-06,2024-07-21,4,2,2
PHC-DST-C1-06,2024-07-22,4,1,3
PHC-DST-C1-06,2024-07-23,4,3,1
PHC-DST-C1-06,2024-07-24,4,4,0
PHC-DST-C1-06,2024-07-25,4,4,0
PHC-DST-C1-06,2024-07-26,4,3,1
PHC-DST-C1-06,2024-07-27,4,3,1
PHC-DST-C1-06,2024-07-28,4,2,2
PHC-DST-C1-06,2024-07-29,4,4,0
PHC-DST-C1-06,2024-07-30,4,4,0
PHC-DST-C1-06,2024-07-31,4,3,1
PHC-DST-C1-06,2024-08-01,4,3,1
PHC-DST-C1-06,2024-08-02,4,1,3
PHC-DST-C1-06,2024-08-03,4,4,0
PHC-DST-C1-06,2024-08-04,4,2,2
PHC-DST-C1-06,2024-08-05,4,3,1
PHC-DST-C1-06,2024-08-06,4,3,1
PHC-DST-C1-06,2024-08-07,4,3,1
PHC-DST-C1-06,2024-08-08,4,3,1
PHC-DST-C1-06,2024-08-09,4,2,2
PHC-DST-C1-06,2024-08-10,4,2,2
PHC-DST-C1-06,2024-08-11,4,4,0
PHC-DST-C1-06,2024-08-12,4,0,4
PHC-DST-C1-06,2024-08-13,4,4,0
PHC-DST-C1-06,2024-08-14,4,2,2
PHC-DST-C1-06,2024-08-15,4,2,2
PHC-DST-C1-06,2024-08-16,4,4,0
PHC-DST-C1-06,2024-08-17,4,4,0
PHC-DST-C1-06,2024-08-18,4,4,0
PHC-DST-C1-06,2024-08-19,4,4,0
PHC-DST-C1-06,2024-08-20,4,4,0
PHC-DST-C1-06,2024-08-21,4,1,3
PHC-DST-C1-06,2024-08-22,4,4,0
PHC-DST-C1-06,2024-08-23,4,2,2
PHC-DST-C1-06,2024-08-24,4,4,0
PHC-DST-C1-06,2024-08-25,4,3,1
PHC-DST-C1-06,2024-08-26,4,3,1
PHC-DST-C1-06,2024-08-27,4,3,1
PHC-DST-C1-06,2024-08-28,4,1,3
PHC-DST-C1-06,2024-08-29,4,4,0
PHC-DST-C1-06,2024-08-30,4,3,1
PHC-DST-C1-06,2024-08-31,4,4,0
PHC-DST-C1-06,2024-09-01,4,4,0
PHC-DST-C1-06,2024-09-02,4,3,1
PHC-DST-C1-06,2024-09-03,4,4,0
PHC-DST-C1-06,2024-09-04,4,0,4
PHC-DST-C1-06,2024-09-05,4,2,2
PHC-DST-C1-06,2024-09-06,4,1,3
PHC-DST-C1-06,2024-09-07,4,4,0
PHC-DST-C1-06,2024-09-08,4,4,0
PHC-DST-C1-06,2024-09-09,4,4,0
PHC-DST-C1-06,2024-09-10,4,3,1
PHC-DST-C1-06,2024-09-11,4,3,1
PHC-DST-C1-06,2024-09-12,4,3,1
PHC-DST-C1-06,2024-09-13,4,2,2
PHC-DST-C1-06,2024-09-14,4,2,2
PHC-DST-C1-06,2024-09-15,4,2,2
PHC-DST-C1-06,2024-09-16,4,4,0
PHC-DST-C1-06,2024-09-17,4,2,2
PHC-DST-C1-06,2024-09-18,4,1,3
PHC-DST-C1-06,2024-09-19,4,3,1
PHC-DST-C1-06,2024-09-20,4,4,0
PHC-DST-C1-06,2024-09-21,4,4,0
PHC-DST-C1-06,2024-09-22,4,4,0
PHC-DST-C1-06,2024-09-23,4,4,0
PHC-DST-C1-06,2024-09-24,4,4,0
PHC-DST-C1-06,2024-09-25,4,4,0
PHC-DST-C1-06,2024-09-26,4,2,2
PHC-DST-C1-06,2024-09-27,4,4,0
PHC-DST-C1-06,2024-09-28,4,4,0
PHC-DST-C1-06,2024-09-29,4,4,0
PHC-DST-C1-06,2024-09-30,4,4,0
PHC-DST-C1-06,2024-10-01,4,3,1
PHC-DST-C1-06,2024-10-02,4,4,0
PHC-DST-C1-06,2024-10-03,4,2,2
PHC-DST-C1-06,2024-10-04,4,4,0
PHC-DST-C1-06,2024-10-05,4,4,0
PHC-DST-C1-06,2024-10-06,4,4,0
PHC-DST-C1-06,2024-10-07,4,4,0
PHC-DST-C1-06,2024-10-08,4,4,0
PHC-DST-C1-06,2024-10-09,4,4,0
PHC-DST-C1-06,2024-10-10,4,2,2
PHC-DST-C1-06,2024-10-11,4,3,1
PHC-DST-C1-06,2024-10-12,4,3,1
PHC-DST-C1-06,2024-10-13,4,4,0
PHC-DST-C1-06,2024-10-14,4,4,0
PHC-DST-C1-06,2024-10-15,4,4,0
PHC-DST-C1-06,2024-10-16,4,1,3
PHC-DST-C1-06,2024-10-17,4,4,0
PHC-DST-C1-06,2024-10-18,4,4,0
PHC-DST-C1-06,2024-10-19,4,2,2
PHC-DST-C1-06,2024-10-20,4,4,0
PHC-DST-C1-06,2024-10-21,4,2,2
PHC-DST-C1-06,2024-10-22,4,3,1
PHC-DST-C1-06,2024-10-23,4,4,0
PHC-DST-C1-06,2024-10-24,4,3,1
PHC-DST-C1-06,2024-10-25,4,2,2
PHC-DST-C1-06,2024-10-26,4,4,0
PHC-DST-C1-06,2024-10-27,4,3,1
PHC-DST-C1-06,2024-10-28,4,3,1
PHC-DST-C1-06,2024-10-29,4,4,0
PHC-DST-C1-06,2024-10-30,4,4,0
PHC-DST-C1-06,2024-10-31,4,3,1
PHC-DST-C1-06,2024-11-01,4,4,0
PHC-DST-C1-06,2024-11-02,4,3,1
PHC-DST-C1-06,2024-11-03,4,3,1
PHC-DST-C1-06,2024-11-04,4,4,0
PHC-DST-C1-06,2024-11-05,4,3,1
PHC-DST-C1-06,2024-11-06,4,4,0
PHC-DST-C1-06,2024-11-07,4,2,2
PHC-DST-C1-06,2024-11-08,4,2,2
PHC-DST-C1-06,2024-11-09,4,4,0
PHC-DST-C1-06,2024-11-10,4,4,0
PHC-DST-C1-06,2024-11-11,4,4,0
PHC-DST-C1-06,2024-11-12,4,1,3
PHC-DST-C1-06,2024-11-13,4,4,0
PHC-DST-C1-06,2024-11-14,4,2,2
PHC-DST-C1-06,2024-11-15,4,4,0
PHC-DST-C1-06,2024-11-16,4,4,0
PHC-DST-C1-06,2024-11-17,4,3,1
PHC-DST-C1-06,2024-11-18,4,4,0
PHC-DST-C1-06,2024-11-19,4,2,2
PHC-DST-C1-06,2024-11-20,4,2,2
PHC-DST-C1-06,2024-11-21,4,2,2
PHC-DST-C1-06,2024-11-22,4,1,3
PHC-DST-C1-06,2024-11-23,4,4,0
PHC-DST-C1-06,2024-11-24,4,3,1
PHC-DST-C1-06,2024-11-25,4,2,2
PHC-DST-C1-06,2024-11-26,4,4,0
PHC-DST-C1-06,2024-11-27,4,3,1
PHC-DST-C1-06,2024-11-28,4,3,1
PHC-DST-C1-06,2024-11-29,4,4,0
PHC-DST-C1-06,2024-11-30,4,3,1
PHC-DST-C1-06,2024-12-01,4,2,2
PHC-DST-C1-06,2024-12-02,4,4,0
PHC-DST-C1-06,2024-12-03,4,2,2
PHC-DST-C1-06,2024-12-04,4,2,2
PHC-DST-C1-06,2024-12-05,4,4,0
PHC-DST-C1-06,2024-12-06,4,2,2
PHC-DST-C1-06,2024-12-07,4,3,1
PHC-DST-C1-06,2024-12-08,4,3,1
PHC-DST-C1-06,2024-12-09,4,3,1
PHC-DST-C1-06,2024-12-10,4,1,3
PHC-DST-C1-06,2024-12-11,4,4,0
PHC-DST-C1-06,2024-12-12,4,3,1
PHC-DST-C1-06,2024-12-13,4,4,0
PHC-DST-C1-06,2024-12-14,4,1,3
PHC-DST-C1-06,2024-12-15,4,3,1
PHC-DST-C1-06,2024-12-16,4,2,2
PHC-DST-C1-06,2024-12-17,4,3,1
PHC-DST-C1-06,2024-12-18,4,2,2
PHC-DST-C1-06,2024-12-19,4,4,0
PHC-DST-C1-06,2024-12-20,4,1,3
PHC-DST-C1-06,2024-12-21,4,3,1
PHC-DST-C1-06,2024-12-22,4,1,3
PHC-DST-C1-06,2024-12-23,4,2,2
PHC-DST-C1-06,2024-12-24,4,4,0
PHC-DST-C1-06,2024-12-25,4,3,1
PHC-DST-C1-06,2024-12-26,4,4,0
PHC-DST-C1-06,2024-12-27,4,3,1
PHC-DST-C1-06,2024-12-28,4,4,0
PHC-DST-C1-06,2024-12-29,4,2,2
PHC-DST-C1-06,2024-12-30,4,3,1
PHC-DST-C1-06,2024-12-31,4,2,2
PHC-DST-C1-06,2025-01-01,4,4,0
PHC-DST-C1-06,2025-01-02,4,3,1
PHC-DST-C1-06,2025-01-03,4,3,1
PHC-DST-C1-06,2025-01-04,4,3,1
PHC-DST-C1-06,2025-01-05,4,4,0
PHC-DST-C1-06,2025-01-06,4,2,2
PHC-DST-C1-06,2025-01-07,4,4,0
PHC-DST-C1-06,2025-01-08,4,4,0
PHC-DST-C1-06,2025-01-09,4,4,0
PHC-DST-C1-06,2025-01-10,4,4,0
PHC-DST-C1-06,2025-01-11,4,2,2
PHC-DST-C1-06,2025-01-12,4,3,1
PHC-DST-C1-06,2025-01-13,4,4,0
PHC-DST-C1-06,2025-01-14,4,3,1
PHC-DST-C1-06,2025-01-15,4,2,2
PHC-DST-C1-06,2025-01-16,4,4,0
PHC-DST-C1-06,2025-01-17,4,2,2
PHC-DST-C1-06,2025-01-18,4,2,2
PHC-DST-C1-06,2025-01-19,4,1,3
PHC-DST-C1-06,2025-01-20,4,4,0
PHC-DST-C1-06,2025-01-21,4,3,1
PHC-DST-C1-06,2025-01-22,4,4,0
PHC-DST-C1-06,2025-01-23,4,3,1
PHC-DST-C1-06,2025-01-24,4,2,2
PHC-DST-C1-06,2025-01-25,4,4,0
PHC-DST-C1-06,2025-01-26,4,4,0
PHC-DST-C1-06,2025-01-27,4,2,2
PHC-DST-C1-06,2025-01-28,4,4,0
PHC-DST-C1-06,2025-01-29,4,2,2
PHC-DST-C1-06,2025-01-30,4,2,2
PHC-DST-C1-06,2025-01-31,4,3,1
PHC-DST-C1-06,2025-02-01,4,3,1
PHC-DST-C1-06,2025-02-02,4,1,3
PHC-DST-C1-06,2025-02-03,4,2,2
PHC-DST-C1-06,2025-02-04,4,4,0
PHC-DST-C1-06,2025-02-05,4,4,0
PHC-DST-C1-06,2025-02-06,4,4,0
PHC-DST-C1-06,2025-02-07,4,2,2
PHC-DST-C1-06,2025-02-08,4,2,2
PHC-DST-C1-06,2025-02-09,4,4,0
PHC-DST-C1-06,2025-02-10,4,3,1
PHC-DST-C1-06,2025-02-11,4,3,1
PHC-DST-C1-06,2025-02-12,4,3,1
PHC-DST-C1-06,2025-02-13,4,4,0
PHC-DST-C1-06,2025-02-14,4,4,0
PHC-DST-C1-06,2025-02-15,4,4,0
PHC-DST-C1-06,2025-02-16,4,3,1
PHC-DST-C1-06,2025-02-17,4,4,0
PHC-DST-C1-06,2025-02-18,4,4,0
PHC-DST-C1-06,2025-02-19,4,3,1
PHC-DST-C1-06,2025-02-20,4,2,2
PHC-DST-C1-06,2025-02-21,4,4,0
PHC-DST-C1-06,2025-02-22,4,4,0
PHC-DST-C1-06,2025-02-23,4,3,1
PHC-DST-C1-06,2025-02-24,4,3,1
PHC-DST-C1-06,2025-02-25,4,1,3
PHC-DST-C1-06,2025-02-26,4,4,0
PHC-DST-C1-06,2025-02-27,4,3,1
PHC-DST-C1-06,2025-02-28,4,4,0
PHC-DST-C1-06,2025-03-01,4,4,0
PHC-DST-C1-06,2025-03-02,4,4,0
PHC-DST-C1-06,2025-03-03,4,4,0
PHC-DST-C1-06,2025-03-04,4,4,0
PHC-DST-C1-06,2025-03-05,4,4,0
PHC-DST-C1-06,2025-03-06,4,2,2
PHC-DST-C1-06,2025-03-07,4,4,0
PHC-DST-C1-06,2025-03-08,4,4,0
PHC-DST-C1-06,2025-03-09,4,2,2
PHC-DST-C1-06,2025-03-10,4,1,3
PHC-DST-C1-06,2025-03-11,4,2,2
PHC-DST-C1-06,2025-03-12,4,3,1
PHC-DST-C1-06,2025-03-13,4,4,0
PHC-DST-C1-06,2025-03-14,4,3,1
PHC-DST-C1-06,2025-03-15,4,4,0
PHC-DST-C1-06,2025-03-16,4,4,0
PHC-DST-C1-06,2025-03-17,4,1,3
PHC-DST-C1-06,2025-03-18,4,2,2
PHC-DST-C1-06,2025-03-19,4,2,2
PHC-DST-C1-06,2025-03-20,4,4,0
PHC-DST-C1-06,2025-03-21,4,3,1
PHC-DST-C1-06,2025-03-22,4,2,2
PHC-DST-C1-06,2025-03-23,4,4,0
PHC-DST-C1-06,2025-03-24,4,3,1
PHC-DST-C1-06,2025-03-25,4,3,1
PHC-DST-C1-06,2025-03-26,4,3,1
PHC-DST-C1-06,2025-03-27,4,4,0
PHC-DST-C1-06,2025-03-28,4,3,1
PHC-DST-C1-06,2025-03-29,4,4,0
PHC-DST-C1-06,2025-03-30,4,2,2
PHC-DST-C1-06,2025-03-31,4,1,3
PHC-DST-C1-06,2025-04-01,4,1,3
PHC-DST-C1-06,2025-04-02,4,4,0
PHC-DST-C1-06,2025-04-03,4,1,3
PHC-DST-C1-06,2025-04-04,4,4,0
PHC-DST-C1-06,2025-04-05,4,2,2
PHC-DST-C1-06,2025-04-06,4,4,0
PHC-DST-C1-06,2025-04-07,4,4,0
PHC-DST-C1-06,2025-04-08,4,3,1
PHC-DST-C1-06,2025-04-09,4,4,0
PHC-DST-C1-06,2025-04-10,4,3,1
PHC-DST-C1-06,2025-04-11,4,1,3
PHC-DST-C1-06,2025-04-12,4,4,0
PHC-DST-C1-06,2025-04-13,4,2,2
PHC-DST-C1-06,2025-04-14,4,3,1
PHC-DST-C1-06,2025-04-15,4,2,2
PHC-DST-C1-06,2025-04-16,4,2,2
PHC-DST-C1-06,2025-04-17,4,4,0
PHC-DST-C1-06,2025-04-18,4,4,0
PHC-DST-C1-06,2025-04-19,4,4,0
PHC-DST-C1-06,2025-04-20,4,4,0
PHC-DST-C1-06,2025-04-21,4,2,2
PHC-DST-C1-06,2025-04-22,4,4,0
PHC-DST-C1-06,2025-04-23,4,3,1
PHC-DST-C1-06,2025-04-24,4,3,1
PHC-DST-C1-06,2025-04-25,4,3,1
PHC-DST-C1-06,2025-04-26,4,2,2
PHC-DST-C1-06,2025-04-27,4,4,0
PHC-DST-C1-06,2025-04-28,4,3,1
PHC-DST-C1-06,2025-04-29,4,2,2
PHC-DST-C1-06,2025-04-30,4,3,1
PHC-DST-C1-06,2025-05-01,4,4,0
PHC-DST-C1-06,2025-05-02,4,4,0
PHC-DST-C1-06,2025-05-03,4,4,0
PHC-DST-C1-06,2025-05-04,4,1,3
PHC-DST-C1-06,2025-05-05,4,2,2
PHC-DST-C1-06,2025-05-06,4,2,2
PHC-DST-C1-06,2025-05-07,4,2,2
PHC-DST-C1-06,2025-05-08,4,3,1
PHC-DST-C1-06,2025-05-09,4,3,1
PHC-DST-C1-06,2025-05-10,4,4,0
PHC-DST-C1-06,2025-05-11,4,3,1
PHC-DST-C1-06,2025-05-12,4,4,0
PHC-DST-C1-06,2025-05-13,4,4,0
PHC-DST-C1-06,2025-05-14,4,3,1
PHC-DST-C1-06,2025-05-15,4,1,3
PHC-DST-C1-06,2025-05-16,4,1,3
PHC-DST-C1-06,2025-05-17,4,3,1
PHC-DST-C1-06,2025-05-18,4,4,0
PHC-DST-C1-06,2025-05-19,4,4,0
PHC-DST-C1-06,2025-05-20,4,4,0
PHC-DST-C1-06,2025-05-21,4,3,1
PHC-DST-C1-06,2025-05-22,4,4,0
PHC-DST-C1-06,2025-05-23,4,4,0
PHC-DST-C1-06,2025-05-24,4,3,1
PHC-DST-C1-06,2025-05-25,4,3,1
PHC-DST-C1-06,2025-05-26,4,4,0
PHC-DST-C1-06,2025-05-27,4,2,2
PHC-DST-C1-06,2025-05-28,4,3,1
PHC-DST-C1-06,2025-05-29,4,4,0
PHC-DST-C1-06,2025-05-30,4,2,2
PHC-DST-C1-06,2025-05-31,4,4,0
PHC-DST-C1-06,2025-06-01,4,2,2
PHC-DST-C1-06,2025-06-02,4,3,1
PHC-DST-C1-06,2025-06-03,4,2,2
PHC-DST-C1-06,2025-06-04,4,4,0
PHC-DST-C1-06,2025-06-05,4,4,0
PHC-DST-C1-06,2025-06-06,4,0,4
PHC-DST-C1-06,2025-06-07,4,0,4
PHC-DST-C1-06,2025-06-08,4,3,1
PHC-DST-C1-06,2025-06-09,4,4,0
PHC-DST-C1-06,2025-06-10,4,3,1
PHC-DST-C1-06,2025-06-11,4,2,2
PHC-DST-C1-06,2025-06-12,4,3,1
PHC-DST-C1-06,2025-06-13,4,4,0
PHC-DST-C1-06,2025-06-14,4,4,0
PHC-DST-C1-06,2025-06-15,4,4,0
PHC-DST-C1-06,2025-06-16,4,2,2
PHC-DST-C1-06,2025-06-17,4,4,0
PHC-DST-C1-06,2025-06-18,4,4,0
PHC-DST-C1-06,2025-06-19,4,4,0
PHC-DST-C1-06,2025-06-20,4,3,1
PHC-DST-C1-06,2025-06-21,4,1,3
PHC-DST-C1-06,2025-06-22,4,4,0
PHC-DST-C1-06,2025-06-23,4,4,0
PHC-DST-C1-06,2025-06-24,4,3,1
PHC-DST-C1-06,2025-06-25,4,3,1
PHC-DST-C1-06,2025-06-26,4,2,2
PHC-DST-C1-06,2025-06-27,4,4,0
PHC-DST-C1-06,2025-06-28,4,3,1
PHC-DST-C1-06,2025-06-29,4,4,0
PHC-DST-C1-06,2025-06-30,4,3,1
PHC-DST-C2-01,2024-01-01,4,4,0
PHC-DST-C2-01,2024-01-02,4,4,0
PHC-DST-C2-01,2024-01-03,4,3,1
PHC-DST-C2-01,2024-01-04,4,4,0
PHC-DST-C2-01,2024-01-05,4,4,0
PHC-DST-C2-01,2024-01-06,4,2,2
PHC-DST-C2-01,2024-01-07,4,4,0
PHC-DST-C2-01,2024-01-08,4,4,0
PHC-DST-C2-01,2024-01-09,4,4,0
PHC-DST-C2-01,2024-01-10,4,4,0
PHC-DST-C2-01,2024-01-11,4,3,1
PHC-DST-C2-01,2024-01-12,4,3,1
PHC-DST-C2-01,2024-01-13,4,2,2
PHC-DST-C2-01,2024-01-14,4,3,1
PHC-DST-C2-01,2024-01-15,4,4,0
PHC-DST-C2-01,2024-01-16,4,4,0
PHC-DST-C2-01,2024-01-17,4,4,0
PHC-DST-C2-01,2024-01-18,4,3,1
PHC-DST-C2-01,2024-01-19,4,4,0
PHC-DST-C2-01,2024-01-20,4,4,0
PHC-DST-C2-01,2024-01-21,4,2,2
PHC-DST-C2-01,2024-01-22,4,4,0
PHC-DST-C2-01,2024-01-23,4,3,1
PHC-DST-C2-01,2024-01-24,4,4,0
PHC-DST-C2-01,2024-01-25,4,4,0
PHC-DST-C2-01,2024-01-26,4,4,0
PHC-DST-C2-01,2024-01-27,4,3,1
PHC-DST-C2-01,2024-01-28,4,4,0
PHC-DST-C2-01,2024-01-29,4,4,0
PHC-DST-C2-01,2024-01-30,4,4,0
PHC-DST-C2-01,2024-01-31,4,4,0
PHC-DST-C2-01,2024-02-01,4,3,1
PHC-DST-C2-01,2024-02-02,4,3,1
PHC-DST-C2-01,2024-02-03,4,4,0
PHC-DST-C2-01,2024-02-04,4,3,1
PHC-DST-C2-01,2024-02-05,4,3,1
PHC-DST-C2-01,2024-02-06,4,3,1
PHC-DST-C2-01,2024-02-07,4,4,0
PHC-DST-C2-01,2024-02-08,4,2,2
PHC-DST-C2-01,2024-02-09,4,4,0
PHC-DST-C2-01,2024-02-10,4,4,0
PHC-DST-C2-01,2024-02-11,4,4,0
PHC-DST-C2-01,2024-02-12,4,4,0
PHC-DST-C2-01,2024-02-13,4,4,0
PHC-DST-C2-01,2024-02-14,4,4,0
PHC-DST-C2-01,2024-02-15,4,4,0
PHC-DST-C2-01,2024-02-16,4,4,0
PHC-DST-C2-01,2024-02-17,4,4,0
PHC-DST-C2-01,2024-02-18,4,4,0
PHC-DST-C2-01,2024-02-19,4,2,2
PHC-DST-C2-01,2024-02-20,4,4,0
PHC-DST-C2-01,2024-02-21,4,4,0
PHC-DST-C2-01,2024-02-22,4,4,0
PHC-DST-C2-01,2024-02-23,4,4,0
PHC-DST-C2-01,2024-02-24,4,3,1
PHC-DST-C2-01,2024-02-25,4,4,0
PHC-DST-C2-01,2024-02-26,4,2,2
PHC-DST-C2-01,2024-02-27,4,3,1
PHC-DST-C2-01,2024-02-28,4,3,1
PHC-DST-C2-01,2024-02-29,4,3,1
PHC-DST-C2-01,2024-03-01,4,4,0
PHC-DST-C2-01,2024-03-02,4,3,1
PHC-DST-C2-01,2024-03-03,4,4,0
PHC-DST-C2-01,2024-03-04,4,4,0
PHC-DST-C2-01,2024-03-05,4,4,0
PHC-DST-C2-01,2024-03-06,4,4,0
PHC-DST-C2-01,2024-03-07,4,4,0
PHC-DST-C2-01,2024-03-08,4,3,1
PHC-DST-C2-01,2024-03-09,4,4,0
PHC-DST-C2-01,2024-03-10,4,4,0
PHC-DST-C2-01,2024-03-11,4,2,2
PHC-DST-C2-01,2024-03-12,4,4,0
PHC-DST-C2-01,2024-03-13,4,4,0
PHC-DST-C2-01,2024-03-14,4,2,2
PHC-DST-C2-01,2024-03-15,4,4,0
PHC-DST-C2-01,2024-03-16,4,2,2
PHC-DST-C2-01,2024-03-17,4,4,0
PHC-DST-C2-01,2024-03-18,4,3,1
PHC-DST-C2-01,2024-03-19,4,4,0
PHC-DST-C2-01,2024-03-20,4,4,0
PHC-DST-C2-01,2024-03-21,4,3,1
PHC-DST-C2-01,2024-03-22,4,4,0
PHC-DST-C2-01,2024-03-23,4,3,1
PHC-DST-C2-01,2024-03-24,4,4,0
PHC-DST-C2-01,2024-03-25,4,4,0
PHC-DST-C2-01,2024-03-26,4,1,3
PHC-DST-C2-01,2024-03-27,4,4,0
PHC-DST-C2-01,2024-03-28,4,4,0
PHC-DST-C2-01,2024-03-29,4,4,0
PHC-DST-C2-01,2024-03-30,4,4,0
PHC-DST-C2-01,2024-03-31,4,4,0
PHC-DST-C2-01,2024-04-01,4,4,0
PHC-DST-C2-01,2024-04-02,4,4,0
PHC-DST-C2-01,2024-04-03,4,4,0
PHC-DST-C2-01,2024-04-04,4,4,0
PHC-DST-C2-01,2024-04-05,4,4,0
PHC-DST-C2-01,2024-04-06,4,4,0
PHC-DST-C2-01,2024-04-07,4,4,0
PHC-DST-C2-01,2024-04-08,4,4,0
PHC-DST-C2-01,2024-04-09,4,4,0
PHC-DST-C2-01,2024-04-10,4,4,0
PHC-DST-C2-01,2024-04-11,4,4,0
PHC-DST-C2-01,2024-04-12,4,4,0
PHC-DST-C2-01,2024-04-13,4,4,0
PHC-DST-C2-01,2024-04-14,4,2,2
PHC-DST-C2-01,2024-04-15,4,4,0
PHC-DST-C2-01,2024-04-16,4,4,0
PHC-DST-C2-01,2024-04-17,4,4,0
PHC-DST-C2-01,2024-04-18,4,2,2
PHC-DST-C2-01,2024-04-19,4,4,0
PHC-DST-C2-01,2024-04-20,4,4,0
PHC-DST-C2-01,2024-04-21,4,4,0
PHC-DST-C2-01,2024-04-22,4,4,0
PHC-DST-C2-01,2024-04-23,4,4,0
PHC-DST-C2-01,2024-04-24,4,4,0
PHC-DST-C2-01,2024-04-25,4,4,0
PHC-DST-C2-01,2024-04-26,4,4,0
PHC-DST-C2-01,2024-04-27,4,4,0
PHC-DST-C2-01,2024-04-28,4,3,1
PHC-DST-C2-01,2024-04-29,4,4,0
PHC-DST-C2-01,2024-04-30,4,4,0
PHC-DST-C2-01,2024-05-01,4,4,0
PHC-DST-C2-01,2024-05-02,4,4,0
PHC-DST-C2-01,2024-05-03,4,3,1
PHC-DST-C2-01,2024-05-04,4,4,0
PHC-DST-C2-01,2024-05-05,4,1,3
PHC-DST-C2-01,2024-05-06,4,3,1
PHC-DST-C2-01,2024-05-07,4,4,0
PHC-DST-C2-01,2024-05-08,4,4,0
PHC-DST-C2-01,2024-05-09,4,4,0
PHC-DST-C2-01,2024-05-10,4,3,1
PHC-DST-C2-01,2024-05-11,4,2,2
PHC-DST-C2-01,2024-05-12,4,4,0
PHC-DST-C2-01,2024-05-13,4,4,0
PHC-DST-C2-01,2024-05-14,4,4,0
PHC-DST-C2-01,2024-05-15,4,4,0
PHC-DST-C2-01,2024-05-16,4,3,1
PHC-DST-C2-01,2024-05-17,4,3,1
PHC-DST-C2-01,2024-05-18,4,2,2
PHC-DST-C2-01,2024-05-19,4,4,0
PHC-DST-C2-01,2024-05-20,4,4,0
PHC-DST-C2-01,2024-05-21,4,4,0
PHC-DST-C2-01,2024-05-22,4,4,0
PHC-DST-C2-01,2024-05-23,4,2,2
PHC-DST-C2-01,2024-05-24,4,4,0
PHC-DST-C2-01,2024-05-25,4,4,0
PHC-DST-C2-01,2024-05-26,4,2,2
PHC-DST-C2-01,2024-05-27,4,4,0
PHC-DST-C2-01,2024-05-28,4,4,0
PHC-DST-C2-01,2024-05-29,4,3,1
PHC-DST-C2-01,2024-05-30,4,2,2
PHC-DST-C2-01,2024-05-31,4,4,0
PHC-DST-C2-01,2024-06-01,4,4,0
PHC-DST-C2-01,2024-06-02,4,3,1
PHC-DST-C2-01,2024-06-03,4,4,0
PHC-DST-C2-01,2024-06-04,4,4,0
PHC-DST-C2-01,2024-06-05,4,3,1
PHC-DST-C2-01,2024-06-06,4,4,0
PHC-DST-C2-01,2024-06-07,4,4,0
PHC-DST-C2-01,2024-06-08,4,2,2
PHC-DST-C2-01,2024-06-09,4,4,0
PHC-DST-C2-01,2024-06-10,4,4,0
PHC-DST-C2-01,2024-06-11,4,3,1
PHC-DST-C2-01,2024-06-12,4,4,0
PHC-DST-C2-01,2024-06-13,4,4,0
PHC-DST-C2-01,2024-06-14,4,4,0
PHC-DST-C2-01,2024-06-15,4,3,1
PHC-DST-C2-01,2024-06-16,4,4,0
PHC-DST-C2-01,2024-06-17,4,4,0
PHC-DST-C2-01,2024-06-18,4,4,0
PHC-DST-C2-01,2024-06-19,4,4,0
PHC-DST-C2-01,2024-06-20,4,4,0
PHC-DST-C2-01,2024-06-21,4,4,0
PHC-DST-C2-01,2024-06-22,4,4,0
PHC-DST-C2-01,2024-06-23,4,4,0
PHC-DST-C2-01,2024-06-24,4,4,0
PHC-DST-C2-01,2024-06-25,4,4,0
PHC-DST-C2-01,2024-06-26,4,4,0
PHC-DST-C2-01,2024-06-27,4,4,0
PHC-DST-C2-01,2024-06-28,4,4,0
PHC-DST-C2-01,2024-06-29,4,4,0
PHC-DST-C2-01,2024-06-30,4,4,0
PHC-DST-C2-01,2024-07-01,4,4,0
PHC-DST-C2-01,2024-07-02,4,2,2
PHC-DST-C2-01,2024-07-03,4,4,0
PHC-DST-C2-01,2024-07-04,4,4,0
PHC-DST-C2-01,2024-07-05,4,4,0
PHC-DST-C2-01,2024-07-06,4,4,0
PHC-DST-C2-01,2024-07-07,4,3,1
PHC-DST-C2-01,2024-07-08,4,3,1
PHC-DST-C2-01,2024-07-09,4,3,1
PHC-DST-C2-01,2024-07-10,4,4,0
PHC-DST-C2-01,2024-07-11,4,4,0
PHC-DST-C2-01,2024-07-12,4,4,0
PHC-DST-C2-01,2024-07-13,4,4,0
PHC-DST-C2-01,2024-07-14,4,4,0
PHC-DST-C2-01,2024-07-15,4,4,0
PHC-DST-C2-01,2024-07-16,4,4,0
PHC-DST-C2-01,2024-07-17,4,3,1
PHC-DST-C2-01,2024-07-18,4,3,1
PHC-DST-C2-01,2024-07-19,4,4,0
PHC-DST-C2-01,2024-07-20,4,2,2
PHC-DST-C2-01,2024-07-21,4,4,0
PHC-DST-C2-01,2024-07-22,4,4,0
PHC-DST-C2-01,2024-07-23,4,4,0
PHC-DST-C2-01,2024-07-24,4,4,0
PHC-DST-C2-01,2024-07-25,4,1,3
PHC-DST-C2-01,2024-07-26,4,4,0
PHC-DST-C2-01,2024-07-27,4,3,1
PHC-DST-C2-01,2024-07-28,4,4,0
PHC-DST-C2-01,2024-07-29,4,4,0
PHC-DST-C2-01,2024-07-30,4,4,0
PHC-DST-C2-01,2024-07-31,4,3,1
PHC-DST-C2-01,2024-08-01,4,4,0
PHC-DST-C2-01,2024-08-02,4,2,2
PHC-DST-C2-01,2024-08-03,4,4,0
PHC-DST-C2-01,2024-08-04,4,4,0
PHC-DST-C2-01,2024-08-05,4,4,0
PHC-DST-C2-01,2024-08-06,4,4,0
PHC-DST-C2-01,2024-08-07,4,4,0
PHC-DST-C2-01,2024-08-08,4,4,0
PHC-DST-C2-01,2024-08-09,4,3,1
PHC-DST-C2-01,2024-08-10,4,4,0
PHC-DST-C2-01,2024-08-11,4,3,1
PHC-DST-C2-01,2024-08-12,4,4,0
PHC-DST-C2-01,2024-08-13,4,4,0
PHC-DST-C2-01,2024-08-14,4,3,1
PHC-DST-C2-01,2024-08-15,4,4,0
PHC-DST-C2-01,2024-08-16,4,4,0
PHC-DST-C2-01,2024-08-17,4,3,1
PHC-DST-C2-01,2024-08-18,4,4,0
PHC-DST-C2-01,2024-08-19,4,3,1
PHC-DST-C2-01,2024-08-20,4,4,0
PHC-DST-C2-01,2024-08-21,4,4,0
PHC-DST-C2-01,2024-08-22,4,3,1
PHC-DST-C2-01,2024-08-23,4,3,1
PHC-DST-C2-01,2024-08-24,4,4,0
PHC-DST-C2-01,2024-08-25,4,4,0
PHC-DST-C2-01,2024-08-26,4,4,0
PHC-DST-C2-01,2024-08-27,4,4,0
PHC-DST-C2-01,2024-08-28,4,4,0
PHC-DST-C2-01,2024-08-29,4,4,0
PHC-DST-C2-01,2024-08-30,4,4,0
PHC-DST-C2-01,2024-08-31,4,4,0
PHC-DST-C2-01,2024-09-01,4,4,0
PHC-DST-C2-01,2024-09-02,4,4,0
PHC-DST-C2-01,2024-09-03,4,4,0
PHC-DST-C2-01,2024-09-04,4,3,1
PHC-DST-C2-01,2024-09-05,4,4,0
PHC-DST-C2-01,2024-09-06,4,4,0
PHC-DST-C2-01,2024-09-07,4,4,0
PHC-DST-C2-01,2024-09-08,4,4,0
PHC-DST-C2-01,2024-09-09,4,4,0
PHC-DST-C2-01,2024-09-10,4,4,0
PHC-DST-C2-01,2024-09-11,4,4,0
PHC-DST-C2-01,2024-09-12,4,4,0
PHC-DST-C2-01,2024-09-13,4,4,0
PHC-DST-C2-01,2024-09-14,4,4,0
PHC-DST-C2-01,2024-09-15,4,4,0
PHC-DST-C2-01,2024-09-16,4,4,0
PHC-DST-C2-01,2024-09-17,4,4,0
PHC-DST-C2-01,2024-09-18,4,4,0
PHC-DST-C2-01,2024-09-19,4,4,0
PHC-DST-C2-01,2024-09-20,4,4,0
PHC-DST-C2-01,2024-09-21,4,4,0
PHC-DST-C2-01,2024-09-22,4,3,1
PHC-DST-C2-01,2024-09-23,4,3,1
PHC-DST-C2-01,2024-09-24,4,4,0
PHC-DST-C2-01,2024-09-25,4,4,0
PHC-DST-C2-01,2024-09-26,4,4,0
PHC-DST-C2-01,2024-09-27,4,4,0
PHC-DST-C2-01,2024-09-28,4,4,0
PHC-DST-C2-01,2024-09-29,4,4,0
PHC-DST-C2-01,2024-09-30,4,4,0
PHC-DST-C2-01,2024-10-01,4,4,0
PHC-DST-C2-01,2024-10-02,4,4,0
PHC-DST-C2-01,2024-10-03,4,4,0
PHC-DST-C2-01,2024-10-04,4,3,1
PHC-DST-C2-01,2024-10-05,4,2,2
PHC-DST-C2-01,2024-10-06,4,3,1
PHC-DST-C2-01,2024-10-07,4,4,0
PHC-DST-C2-01,2024-10-08,4,4,0
PHC-DST-C2-01,2024-10-09,4,3,1
PHC-DST-C2-01,2024-10-10,4,4,0
PHC-DST-C2-01,2024-10-11,4,4,0
PHC-DST-C2-01,2024-10-12,4,4,0
PHC-DST-C2-01,2024-10-13,4,1,3
PHC-DST-C2-01,2024-10-14,4,4,0
PHC-DST-C2-01,2024-10-15,4,4,0
PHC-DST-C2-01,2024-10-16,4,2,2
PHC-DST-C2-01,2024-10-17,4,4,0
PHC-DST-C2-01,2024-10-18,4,4,0
PHC-DST-C2-01,2024-10-19,4,4,0
PHC-DST-C2-01,2024-10-20,4,4,0
PHC-DST-C2-01,2024-10-21,4,4,0
PHC-DST-C2-01,2024-10-22,4,4,0
PHC-DST-C2-01,2024-10-23,4,3,1
PHC-DST-C2-01,2024-10-24,4,4,0
PHC-DST-C2-01,2024-10-25,4,4,0
PHC-DST-C2-01,2024-10-26,4,3,1
PHC-DST-C2-01,2024-10-27,4,4,0
PHC-DST-C2-01,2024-10-28,4,2,2
PHC-DST-C2-01,2024-10-29,4,4,0
PHC-DST-C2-01,2024-10-30,4,3,1
PHC-DST-C2-01,2024-10-31,4,4,0
PHC-DST-C2-01,2024-11-01,4,3,1
PHC-DST-C2-01,2024-11-02,4,4,0
PHC-DST-C2-01,2024-11-03,4,3,1
PHC-DST-C2-01,2024-11-04,4,4,0
PHC-DST-C2-01,2024-11-05,4,3,1
PHC-DST-C2-01,2024-11-06,4,4,0
PHC-DST-C2-01,2024-11-07,4,3,1
PHC-DST-C2-01,2024-11-08,4,4,0
PHC-DST-C2-01,2024-11-09,4,4,0
PHC-DST-C2-01,2024-11-10,4,3,1
PHC-DST-C2-01,2024-11-11,4,4,0
PHC-DST-C2-01,2024-11-12,4,4,0
PHC-DST-C2-01,2024-11-13,4,4,0
PHC-DST-C2-01,2024-11-14,4,3,1
PHC-DST-C2-01,2024-11-15,4,4,0
PHC-DST-C2-01,2024-11-16,4,4,0
PHC-DST-C2-01,2024-11-17,4,4,0
PHC-DST-C2-01,2024-11-18,4,4,0
PHC-DST-C2-01,2024-11-19,4,4,0
PHC-DST-C2-01,2024-11-20,4,4,0
PHC-DST-C2-01,2024-11-21,4,4,0
PHC-DST-C2-01,2024-11-22,4,4,0
PHC-DST-C2-01,2024-11-23,4,3,1
PHC-DST-C2-01,2024-11-24,4,4,0
PHC-DST-C2-01,2024-11-25,4,4,0
PHC-DST-C2-01,2024-11-26,4,4,0
PHC-DST-C2-01,2024-11-27,4,4,0
PHC-DST-C2-01,2024-11-28,4,2,2
PHC-DST-C2-01,2024-11-29,4,3,1
PHC-DST-C2-01,2024-11-30,4,4,0
PHC-DST-C2-01,2024-12-01,4,4,0
PHC-DST-C2-01,2024-12-02,4,4,0
PHC-DST-C2-01,2024-12-03,4,4,0
PHC-DST-C2-01,2024-12-04,4,4,0
PHC-DST-C2-01,2024-12-05,4,4,0
PHC-DST-C2-01,2024-12-06,4,4,0
PHC-DST-C2-01,2024-12-07,4,3,1
PHC-DST-C2-01,2024-12-08,4,4,0
PHC-DST-C2-01,2024-12-09,4,4,0
PHC-DST-C2-01,2024-12-10,4,2,2
PHC-DST-C2-01,2024-12-11,4,3,1
PHC-DST-C2-01,2024-12-12,4,4,0
PHC-DST-C2-01,2024-12-13,4,4,0
PHC-DST-C2-01,2024-12-14,4,4,0
PHC-DST-C2-01,2024-12-15,4,4,0
PHC-DST-C2-01,2024-12-16,4,4,0
PHC-DST-C2-01,2024-12-17,4,4,0
PHC-DST-C2-01,2024-12-18,4,4,0
PHC-DST-C2-01,2024-12-19,4,4,0
PHC-DST-C2-01,2024-12-20,4,4,0
PHC-DST-C2-01,2024-12-21,4,4,0
PHC-DST-C2-01,2024-12-22,4,4,0
PHC-DST-C2-01,2024-12-23,4,4,0
PHC-DST-C2-01,2024-12-24,4,3,1
PHC-DST-C2-01,2024-12-25,4,4,0
PHC-DST-C2-01,2024-12-26,4,4,0
PHC-DST-C2-01,2024-12-27,4,4,0
PHC-DST-C2-01,2024-12-28,4,4,0
PHC-DST-C2-01,2024-12-29,4,4,0
PHC-DST-C2-01,2024-12-30,4,4,0
PHC-DST-C2-01,2024-12-31,4,2,2
PHC-DST-C2-01,2025-01-01,4,4,0
PHC-DST-C2-01,2025-01-02,4,4,0
PHC-DST-C2-01,2025-01-03,4,4,0
PHC-DST-C2-01,2025-01-04,4,2,2
PHC-DST-C2-01,2025-01-05,4,4,0
PHC-DST-C2-01,2025-01-06,4,4,0
PHC-DST-C2-01,2025-01-07,4,3,1
PHC-DST-C2-01,2025-01-08,4,4,0
PHC-DST-C2-01,2025-01-09,4,4,0
PHC-DST-C2-01,2025-01-10,4,4,0
PHC-DST-C2-01,2025-01-11,4,2,2
PHC-DST-C2-01,2025-01-12,4,4,0
PHC-DST-C2-01,2025-01-13,4,3,1
PHC-DST-C2-01,2025-01-14,4,4,0
PHC-DST-C2-01,2025-01-15,4,4,0
PHC-DST-C2-01,2025-01-16,4,4,0
PHC-DST-C2-01,2025-01-17,4,4,0
PHC-DST-C2-01,2025-01-18,4,4,0
PHC-DST-C2-01,2025-01-19,4,4,0
PHC-DST-C2-01,2025-01-20,4,4,0
PHC-DST-C2-01,2025-01-21,4,4,0
PHC-DST-C2-01,2025-01-22,4,4,0
PHC-DST-C2-01,2025-01-23,4,4,0
PHC-DST-C2-01,2025-01-24,4,4,0
PHC-DST-C2-01,2025-01-25,4,4,0
PHC-DST-C2-01,2025-01-26,4,4,0
PHC-DST-C2-01,2025-01-27,4,4,0
PHC-DST-C2-01,2025-01-28,4,4,0
PHC-DST-C2-01,2025-01-29,4,4,0
PHC-DST-C2-01,2025-01-30,4,3,1
PHC-DST-C2-01,2025-01-31,4,2,2
PHC-DST-C2-01,2025-02-01,4,4,0
PHC-DST-C2-01,2025-02-02,4,4,0
PHC-DST-C2-01,2025-02-03,4,2,2
PHC-DST-C2-01,2025-02-04,4,4,0
PHC-DST-C2-01,2025-02-05,4,4,0
PHC-DST-C2-01,2025-02-06,4,4,0
PHC-DST-C2-01,2025-02-07,4,3,1
PHC-DST-C2-01,2025-02-08,4,4,0
PHC-DST-C2-01,2025-02-09,4,4,0
PHC-DST-C2-01,2025-02-10,4,4,0
PHC-DST-C2-01,2025-02-11,4,3,1
PHC-DST-C2-01,2025-02-12,4,3,1
PHC-DST-C2-01,2025-02-13,4,1,3
PHC-DST-C2-01,2025-02-14,4,4,0
PHC-DST-C2-01,2025-02-15,4,4,0
PHC-DST-C2-01,2025-02-16,4,4,0
PHC-DST-C2-01,2025-02-17,4,3,1
PHC-DST-C2-01,2025-02-18,4,4,0
PHC-DST-C2-01,2025-02-19,4,4,0
PHC-DST-C2-01,2025-02-20,4,3,1
PHC-DST-C2-01,2025-02-21,4,4,0
PHC-DST-C2-01,2025-02-22,4,4,0
PHC-DST-C2-01,2025-02-23,4,4,0
PHC-DST-C2-01,2025-02-24,4,2,2
PHC-DST-C2-01,2025-02-25,4,4,0
PHC-DST-C2-01,2025-02-26,4,4,0
PHC-DST-C2-01,2025-02-27,4,4,0
PHC-DST-C2-01,2025-02-28,4,4,0
PHC-DST-C2-01,2025-03-01,4,2,2
PHC-DST-C2-01,2025-03-02,4,4,0
PHC-DST-C2-01,2025-03-03,4,4,0
PHC-DST-C2-01,2025-03-04,4,4,0
PHC-DST-C2-01,2025-03-05,4,4,0
PHC-DST-C2-01,2025-03-06,4,2,2
PHC-DST-C2-01,2025-03-07,4,2,2
PHC-DST-C2-01,2025-03-08,4,3,1
PHC-DST-C2-01,2025-03-09,4,3,1
PHC-DST-C2-01,2025-03-10,4,4,0
PHC-DST-C2-01,2025-03-11,4,4,0
PHC-DST-C2-01,2025-03-12,4,4,0
PHC-DST-C2-01,2025-03-13,4,4,0
PHC-DST-C2-01,2025-03-14,4,4,0
PHC-DST-C2-01,2025-03-15,4,4,0
PHC-DST-C2-01,2025-03-16,4,3,1
PHC-DST-C2-01,2025-03-17,4,4,0
PHC-DST-C2-01,2025-03-18,4,4,0
PHC-DST-C2-01,2025-03-19,4,2,2
PHC-DST-C2-01,2025-03-20,4,3,1
PHC-DST-C2-01,2025-03-21,4,4,0
PHC-DST-C2-01,2025-03-22,4,4,0
PHC-DST-C2-01,2025-03-23,4,4,0
PHC-DST-C2-01,2025-03-24,4,4,0
PHC-DST-C2-01,2025-03-25,4,4,0
PHC-DST-C2-01,2025-03-26,4,4,0
PHC-DST-C2-01,2025-03-27,4,3,1
PHC-DST-C2-01,2025-03-28,4,4,0
PHC-DST-C2-01,2025-03-29,4,3,1
PHC-DST-C2-01,2025-03-30,4,4,0
PHC-DST-C2-01,2025-03-31,4,3,1
PHC-DST-C2-01,2025-04-01,4,4,0
PHC-DST-C2-01,2025-04-02,4,2,2
PHC-DST-C2-01,2025-04-03,4,4,0
PHC-DST-C2-01,2025-04-04,4,4,0
PHC-DST-C2-01,2025-04-05,4,2,2
PHC-DST-C2-01,2025-04-06,4,3,1
PHC-DST-C2-01,2025-04-07,4,3,1
PHC-DST-C2-01,2025-04-08,4,4,0
PHC-DST-C2-01,2025-04-09,4,4,0
PHC-DST-C2-01,2025-04-10,4,4,0
PHC-DST-C2-01,2025-04-11,4,4,0
PHC-DST-C2-01,2025-04-12,4,4,0
PHC-DST-C2-01,2025-04-13,4,4,0
PHC-DST-C2-01,2025-04-14,4,3,1
PHC-DST-C2-01,2025-04-15,4,4,0
PHC-DST-C2-01,2025-04-16,4,4,0
PHC-DST-C2-01,2025-04-17,4,4,0
PHC-DST-C2-01,2025-04-18,4,4,0
PHC-DST-C2-01,2025-04-19,4,4,0
PHC-DST-C2-01,2025-04-20,4,4,0
PHC-DST-C2-01,2025-04-21,4,4,0
PHC-DST-C2-01,2025-04-22,4,4,0
PHC-DST-C2-01,2025-04-23,4,4,0
PHC-DST-C2-01,2025-04-24,4,4,0
PHC-DST-C2-01,2025-04-25,4,4,0
PHC-DST-C2-01,2025-04-26,4,4,0
PHC-DST-C2-01,2025-04-27,4,4,0
PHC-DST-C2-01,2025-04-28,4,3,1
PHC-DST-C2-01,2025-04-29,4,3,1
PHC-DST-C2-01,2025-04-30,4,4,0
PHC-DST-C2-01,2025-05-01,4,4,0
PHC-DST-C2-01,2025-05-02,4,4,0
PHC-DST-C2-01,2025-05-03,4,4,0
PHC-DST-C2-01,2025-05-04,4,4,0
PHC-DST-C2-01,2025-05-05,4,2,2
PHC-DST-C2-01,2025-05-06,4,4,0
PHC-DST-C2-01,2025-05-07,4,4,0
PHC-DST-C2-01,2025-05-08,4,4,0
PHC-DST-C2-01,2025-05-09,4,4,0
PHC-DST-C2-01,2025-05-10,4,3,1
PHC-DST-C2-01,2025-05-11,4,4,0
PHC-DST-C2-01,2025-05-12,4,4,0
PHC-DST-C2-01,2025-05-13,4,4,0
PHC-DST-C2-01,2025-05-14,4,4,0
PHC-DST-C2-01,2025-05-15,4,4,0
PHC-DST-C2-01,2025-05-16,4,4,0
PHC-DST-C2-01,2025-05-17,4,4,0
PHC-DST-C2-01,2025-05-18,4,3,1
PHC-DST-C2-01,2025-05-19,4,4,0
PHC-DST-C2-01,2025-05-20,4,4,0
PHC-DST-C2-01,2025-05-21,4,3,1
PHC-DST-C2-01,2025-05-22,4,4,0
PHC-DST-C2-01,2025-05-23,4,2,2
PHC-DST-C2-01,2025-05-24,4,4,0
PHC-DST-C2-01,2025-05-25,4,1,3
PHC-DST-C2-01,2025-05-26,4,4,0
PHC-DST-C2-01,2025-05-27,4,4,0
PHC-DST-C2-01,2025-05-28,4,3,1
PHC-DST-C2-01,2025-05-29,4,4,0
PHC-DST-C2-01,2025-05-30,4,4,0
PHC-DST-C2-01,2025-05-31,4,4,0
PHC-DST-C2-01,2025-06-01,4,4,0
PHC-DST-C2-01,2025-06-02,4,4,0
PHC-DST-C2-01,2025-06-03,4,3,1
PHC-DST-C2-01,2025-06-04,4,4,0
PHC-DST-C2-01,2025-06-05,4,3,1
PHC-DST-C2-01,2025-06-06,4,4,0
PHC-DST-C2-01,2025-06-07,4,3,1
PHC-DST-C2-01,2025-06-08,4,3,1
PHC-DST-C2-01,2025-06-09,4,4,0
PHC-DST-C2-01,2025-06-10,4,3,1
PHC-DST-C2-01,2025-06-11,4,4,0
PHC-DST-C2-01,2025-06-12,4,4,0
PHC-DST-C2-01,2025-06-13,4,3,1
PHC-DST-C2-01,2025-06-14,4,4,0
PHC-DST-C2-01,2025-06-15,4,3,1
PHC-DST-C2-01,2025-06-16,4,4,0
PHC-DST-C2-01,2025-06-17,4,3,1
PHC-DST-C2-01,2025-06-18,4,4,0
PHC-DST-C2-01,2025-06-19,4,4,0
PHC-DST-C2-01,2025-06-20,4,4,0
PHC-DST-C2-01,2025-06-21,4,4,0
PHC-DST-C2-01,2025-06-22,4,3,1
PHC-DST-C2-01,2025-06-23,4,4,0
PHC-DST-C2-01,2025-06-24,4,4,0
PHC-DST-C2-01,2025-06-25,4,3,1
PHC-DST-C2-01,2025-06-26,4,4,0
PHC-DST-C2-01,2025-06-27,4,4,0
PHC-DST-C2-01,2025-06-28,4,4,0
PHC-DST-C2-01,2025-06-29,4,4,0
PHC-DST-C2-01,2025-06-30,4,4,0
PHC-DST-C2-02,2024-01-01,10,8,2
PHC-DST-C2-02,2024-01-02,10,8,2
PHC-DST-C2-02,2024-01-03,10,7,3
PHC-DST-C2-02,2024-01-04,10,5,5
PHC-DST-C2-02,2024-01-05,10,5,5
PHC-DST-C2-02,2024-01-06,10,6,4
PHC-DST-C2-02,2024-01-07,10,2,8
PHC-DST-C2-02,2024-01-08,10,8,2
PHC-DST-C2-02,2024-01-09,10,3,7
PHC-DST-C2-02,2024-01-10,10,3,7
PHC-DST-C2-02,2024-01-11,10,4,6
PHC-DST-C2-02,2024-01-12,10,6,4
PHC-DST-C2-02,2024-01-13,10,4,6
PHC-DST-C2-02,2024-01-14,10,3,7
PHC-DST-C2-02,2024-01-15,10,3,7
PHC-DST-C2-02,2024-01-16,10,5,5
PHC-DST-C2-02,2024-01-17,10,4,6
PHC-DST-C2-02,2024-01-18,10,7,3
PHC-DST-C2-02,2024-01-19,10,2,8
PHC-DST-C2-02,2024-01-20,10,6,4
PHC-DST-C2-02,2024-01-21,10,7,3
PHC-DST-C2-02,2024-01-22,10,10,0
PHC-DST-C2-02,2024-01-23,10,6,4
PHC-DST-C2-02,2024-01-24,10,5,5
PHC-DST-C2-02,2024-01-25,10,7,3
PHC-DST-C2-02,2024-01-26,10,5,5
PHC-DST-C2-02,2024-01-27,10,7,3
PHC-DST-C2-02,2024-01-28,10,7,3
PHC-DST-C2-02,2024-01-29,10,6,4
PHC-DST-C2-02,2024-01-30,10,2,8
PHC-DST-C2-02,2024-01-31,10,5,5
PHC-DST-C2-02,2024-02-01,10,3,7
PHC-DST-C2-02,2024-02-02,10,5,5
PHC-DST-C2-02,2024-02-03,10,5,5
PHC-DST-C2-02,2024-02-04,10,4,6
PHC-DST-C2-02,2024-02-05,10,10,0
PHC-DST-C2-02,2024-02-06,10,8,2
PHC-DST-C2-02,2024-02-07,10,5,5
PHC-DST-C2-02,2024-02-08,10,4,6
PHC-DST-C2-02,2024-02-09,10,4,6
PHC-DST-C2-02,2024-02-10,10,6,4
PHC-DST-C2-02,2024-02-11,10,4,6
PHC-DST-C2-02,2024-02-12,10,6,4
PHC-DST-C2-02,2024-02-13,10,5,5
PHC-DST-C2-02,2024-02-14,10,4,6
PHC-DST-C2-02,2024-02-15,10,5,5
PHC-DST-C2-02,2024-02-16,10,5,5
PHC-DST-C2-02,2024-02-17,10,4,6
PHC-DST-C2-02,2024-02-18,10,7,3
PHC-DST-C2-02,2024-02-19,10,5,5
PHC-DST-C2-02,2024-02-20,10,3,7
PHC-DST-C2-02,2024-02-21,10,5,5
PHC-DST-C2-02,2024-02-22,10,4,6
PHC-DST-C2-02,2024-02-23,10,2,8
PHC-DST-C2-02,2024-02-24,10,6,4
PHC-DST-C2-02,2024-02-25,10,7,3
PHC-DST-C2-02,2024-02-26,10,5,5
PHC-DST-C2-02,2024-02-27,10,4,6
PHC-DST-C2-02,2024-02-28,10,4,6
PHC-DST-C2-02,2024-02-29,10,4,6
PHC-DST-C2-02,2024-03-01,10,2,8
PHC-DST-C2-02,2024-03-02,10,6,4
PHC-DST-C2-02,2024-03-03,10,7,3
PHC-DST-C2-02,2024-03-04,10,5,5
PHC-DST-C2-02,2024-03-05,10,5,5
PHC-DST-C2-02,2024-03-06,10,5,5
PHC-DST-C2-02,2024-03-07,10,8,2
PHC-DST-C2-02,2024-03-08,10,4,6
PHC-DST-C2-02,2024-03-09,10,7,3
PHC-DST-C2-02,2024-03-10,10,4,6
PHC-DST-C2-02,2024-03-11,10,4,6
PHC-DST-C2-02,2024-03-12,10,3,7
PHC-DST-C2-02,2024-03-13,10,3,7
PHC-DST-C2-02,2024-03-14,10,4,6
PHC-DST-C2-02,2024-03-15,10,6,4
PHC-DST-C2-02,2024-03-16,10,8,2
PHC-DST-C2-02,2024-03-17,10,4,6
PHC-DST-C2-02,2024-03-18,10,3,7
PHC-DST-C2-02,2024-03-19,10,4,6
PHC-DST-C2-02,2024-03-20,10,4,6
PHC-DST-C2-02,2024-03-21,10,5,5
PHC-DST-C2-02,2024-03-22,10,4,6
PHC-DST-C2-02,2024-03-23,10,6,4
PHC-DST-C2-02,2024-03-24,10,5,5
PHC-DST-C2-02,2024-03-25,10,6,4
PHC-DST-C2-02,2024-03-26,10,2,8
PHC-DST-C2-02,2024-03-27,10,10,0
PHC-DST-C2-02,2024-03-28,10,4,6
PHC-DST-C2-02,2024-03-29,10,5,5
PHC-DST-C2-02,2024-03-30,10,7,3
PHC-DST-C2-02,2024-03-31,10,2,8
PHC-DST-C2-02,2024-04-01,10,4,6
PHC-DST-C2-02,2024-04-02,10,3,7
PHC-DST-C2-02,2024-04-03,10,7,3
PHC-DST-C2-02,2024-04-04,10,1,9
PHC-DST-C2-02,2024-04-05,10,4,6
PHC-DST-C2-02,2024-04-06,10,5,5
PHC-DST-C2-02,2024-04-07,10,5,5
PHC-DST-C2-02,2024-04-08,10,1,9
PHC-DST-C2-02,2024-04-09,10,4,6
PHC-DST-C2-02,2024-04-10,10,5,5
PHC-DST-C2-02,2024-04-11,10,4,6
PHC-DST-C2-02,2024-04-12,10,5,5
PHC-DST-C2-02,2024-04-13,10,6,4
PHC-DST-C2-02,2024-04-14,10,5,5
PHC-DST-C2-02,2024-04-15,10,5,5
PHC-DST-C2-02,2024-04-16,10,6,4
PHC-DST-C2-02,2024-04-17,10,3,7
PHC-DST-C2-02,2024-04-18,10,5,5
PHC-DST-C2-02,2024-04-19,10,4,6
PHC-DST-C2-02,2024-04-20,10,5,5
PHC-DST-C2-02,2024-04-21,10,7,3
PHC-DST-C2-02,2024-04-22,10,4,6
PHC-DST-C2-02,2024-04-23,10,6,4
PHC-DST-C2-02,2024-04-24,10,8,2
PHC-DST-C2-02,2024-04-25,10,6,4
PHC-DST-C2-02,2024-04-26,10,4,6
PHC-DST-C2-02,2024-04-27,10,4,6
PHC-DST-C2-02,2024-04-28,10,8,2
PHC-DST-C2-02,2024-04-29,10,5,5
PHC-DST-C2-02,2024-04-30,10,3,7
PHC-DST-C2-02,2024-05-01,10,4,6
PHC-DST-C2-02,2024-05-02,10,4,6
PHC-DST-C2-02,2024-05-03,10,6,4
PHC-DST-C2-02,2024-05-04,10,4,6
PHC-DST-C2-02,2024-05-05,10,8,2
PHC-DST-C2-02,2024-05-06,10,7,3
PHC-DST-C2-02,2024-05-07,10,7,3
PHC-DST-C2-02,2024-05-08,10,6,4
PHC-DST-C2-02,2024-05-09,10,5,5
PHC-DST-C2-02,2024-05-10,10,8,2
PHC-DST-C2-02,2024-05-11,10,7,3
PHC-DST-C2-02,2024-05-12,10,5,5
PHC-DST-C2-02,2024-05-13,10,5,5
PHC-DST-C2-02,2024-05-14,10,3,7
PHC-DST-C2-02,2024-05-15,10,8,2
PHC-DST-C2-02,2024-05-16,10,9,1
PHC-DST-C2-02,2024-05-17,10,2,8
PHC-DST-C2-02,2024-05-18,10,6,4
PHC-DST-C2-02,2024-05-19,10,8,2
PHC-DST-C2-02,2024-05-20,10,7,3
PHC-DST-C2-02,2024-05-21,10,3,7
PHC-DST-C2-02,2024-05-22,10,6,4
PHC-DST-C2-02,2024-05-23,10,7,3
PHC-DST-C2-02,2024-05-24,10,4,6
PHC-DST-C2-02,2024-05-25,10,4,6
PHC-DST-C2-02,2024-05-26,10,4,6
PHC-DST-C2-02,2024-05-27,10,6,4
PHC-DST-C2-02,2024-05-28,10,4,6
PHC-DST-C2-02,2024-05-29,10,7,3
PHC-DST-C2-02,2024-05-30,10,4,6
PHC-DST-C2-02,2024-05-31,10,5,5
PHC-DST-C2-02,2024-06-01,10,3,7
PHC-DST-C2-02,2024-06-02,10,5,5
PHC-DST-C2-02,2024-06-03,10,3,7
PHC-DST-C2-02,2024-06-04,10,7,3
PHC-DST-C2-02,2024-06-05,10,4,6
PHC-DST-C2-02,2024-06-06,10,7,3
PHC-DST-C2-02,2024-06-07,10,4,6
PHC-DST-C2-02,2024-06-08,10,4,6
PHC-DST-C2-02,2024-06-09,10,2,8
PHC-DST-C2-02,2024-06-10,10,4,6
PHC-DST-C2-02,2024-06-11,10,4,6
PHC-DST-C2-02,2024-06-12,10,7,3
PHC-DST-C2-02,2024-06-13,10,6,4
PHC-DST-C2-02,2024-06-14,10,4,6
PHC-DST-C2-02,2024-06-15,10,3,7
PHC-DST-C2-02,2024-06-16,10,7,3
PHC-DST-C2-02,2024-06-17,10,6,4
PHC-DST-C2-02,2024-06-18,10,10,0
PHC-DST-C2-02,2024-06-19,10,4,6
PHC-DST-C2-02,2024-06-20,10,6,4
PHC-DST-C2-02,2024-06-21,10,4,6
PHC-DST-C2-02,2024-06-22,10,9,1
PHC-DST-C2-02,2024-06-23,10,7,3
PHC-DST-C2-02,2024-06-24,10,5,5
PHC-DST-C2-02,2024-06-25,10,9,1
PHC-DST-C2-02,2024-06-26,10,6,4
PHC-DST-C2-02,2024-06-27,10,7,3
PHC-DST-C2-02,2024-06-28,10,2,8
PHC-DST-C2-02,2024-06-29,10,3,7
PHC-DST-C2-02,2024-06-30,10,6,4
PHC-DST-C2-02,2024-07-01,10,6,4
PHC-DST-C2-02,2024-07-02,10,4,6
PHC-DST-C2-02,2024-07-03,10,3,7
PHC-DST-C2-02,2024-07-04,10,5,5
PHC-DST-C2-02,2024-07-05,10,3,7
PHC-DST-C2-02,2024-07-06,10,6,4
PHC-DST-C2-02,2024-07-07,10,2,8
PHC-DST-C2-02,2024-07-08,10,4,6
PHC-DST-C2-02,2024-07-09,10,4,6
PHC-DST-C2-02,2024-07-10,10,4,6
PHC-DST-C2-02,2024-07-11,10,1,9
PHC-DST-C2-02,2024-07-12,10,5,5
PHC-DST-C2-02,2024-07-13,10,1,9
PHC-DST-C2-02,2024-07-14,10,7,3
PHC-DST-C2-02,2024-07-15,10,4,6
PHC-DST-C2-02,2024-07-16,10,6,4
PHC-DST-C2-02,2024-07-17,10,3,7
PHC-DST-C2-02,2024-07-18,10,6,4
PHC-DST-C2-02,2024-07-19,10,1,9
PHC-DST-C2-02,2024-07-20,10,6,4
PHC-DST-C2-02,2024-07-21,10,4,6
PHC-DST-C2-02,2024-07-22,10,7,3
PHC-DST-C2-02,2024-07-23,10,5,5
PHC-DST-C2-02,2024-07-24,10,10,0
PHC-DST-C2-02,2024-07-25,10,4,6
PHC-DST-C2-02,2024-07-26,10,3,7
PHC-DST-C2-02,2024-07-27,10,3,7
PHC-DST-C2-02,2024-07-28,10,5,5
PHC-DST-C2-02,2024-07-29,10,5,5
PHC-DST-C2-02,2024-07-30,10,4,6
PHC-DST-C2-02,2024-07-31,10,7,3
PHC-DST-C2-02,2024-08-01,10,6,4
PHC-DST-C2-02,2024-08-02,10,4,6
PHC-DST-C2-02,2024-08-03,10,6,4
PHC-DST-C2-02,2024-08-04,10,6,4
PHC-DST-C2-02,2024-08-05,10,7,3
PHC-DST-C2-02,2024-08-06,10,4,6
PHC-DST-C2-02,2024-08-07,10,4,6
PHC-DST-C2-02,2024-08-08,10,9,1
PHC-DST-C2-02,2024-08-09,10,10,0
PHC-DST-C2-02,2024-08-10,10,4,6
PHC-DST-C2-02,2024-08-11,10,4,6
PHC-DST-C2-02,2024-08-12,10,10,0
PHC-DST-C2-02,2024-08-13,10,6,4
PHC-DST-C2-02,2024-08-14,10,9,1
PHC-DST-C2-02,2024-08-15,10,4,6
PHC-DST-C2-02,2024-08-16,10,7,3
PHC-DST-C2-02,2024-08-17,10,10,0
PHC-DST-C2-02,2024-08-18,10,4,6
PHC-DST-C2-02,2024-08-19,10,4,6
PHC-DST-C2-02,2024-08-20,10,6,4
PHC-DST-C2-02,2024-08-21,10,2,8
PHC-DST-C2-02,2024-08-22,10,3,7
PHC-DST-C2-02,2024-08-23,10,4,6
PHC-DST-C2-02,2024-08-24,10,7,3
PHC-DST-C2-02,2024-08-25,10,4,6
PHC-DST-C2-02,2024-08-26,10,7,3
PHC-DST-C2-02,2024-08-27,10,6,4
PHC-DST-C2-02,2024-08-28,10,6,4
PHC-DST-C2-02,2024-08-29,10,9,1
PHC-DST-C2-02,2024-08-30,10,5,5
PHC-DST-C2-02,2024-08-31,10,4,6
PHC-DST-C2-02,2024-09-01,10,9,1
PHC-DST-C2-02,2024-09-02,10,7,3
PHC-DST-C2-02,2024-09-03,10,2,8
PHC-DST-C2-02,2024-09-04,10,6,4
PHC-DST-C2-02,2024-09-05,10,8,2
PHC-DST-C2-02,2024-09-06,10,3,7
PHC-DST-C2-02,2024-09-07,10,6,4
PHC-DST-C2-02,2024-09-08,10,6,4
PHC-DST-C2-02,2024-09-09,10,4,6
PHC-DST-C2-02,2024-09-10,10,5,5
PHC-DST-C2-02,2024-09-11,10,5,5
PHC-DST-C2-02,2024-09-12,10,7,3
PHC-DST-C2-02,2024-09-13,10,7,3
PHC-DST-C2-02,2024-09-14,10,6,4
PHC-DST-C2-02,2024-09-15,10,5,5
PHC-DST-C2-02,2024-09-16,10,10,0
PHC-DST-C2-02,2024-09-17,10,3,7
PHC-DST-C2-02,2024-09-18,10,7,3
PHC-DST-C2-02,2024-09-19,10,4,6
PHC-DST-C2-02,2024-09-20,10,4,6
PHC-DST-C2-02,2024-09-21,10,5,5
PHC-DST-C2-02,2024-09-22,10,4,6
PHC-DST-C2-02,2024-09-23,10,3,7
PHC-DST-C2-02,2024-09-24,10,6,4
PHC-DST-C2-02,2024-09-25,10,6,4
PHC-DST-C2-02,2024-09-26,10,2,8
PHC-DST-C2-02,2024-09-27,10,4,6
PHC-DST-C2-02,2024-09-28,10,3,7
PHC-DST-C2-02,2024-09-29,10,2,8
PHC-DST-C2-02,2024-09-30,10,3,7
PHC-DST-C2-02,2024-10-01,10,3,7
PHC-DST-C2-02,2024-10-02,10,5,5
PHC-DST-C2-02,2024-10-03,10,7,3
PHC-DST-C2-02,2024-10-04,10,7,3
PHC-DST-C2-02,2024-10-05,10,6,4
PHC-DST-C2-02,2024-10-06,10,10,0
PHC-DST-C2-02,2024-10-07,10,6,4
PHC-DST-C2-02,2024-10-08,10,5,5
PHC-DST-C2-02,2024-10-09,10,4,6
PHC-DST-C2-02,2024-10-10,10,7,3
PHC-DST-C2-02,2024-10-11,10,6,4
PHC-DST-C2-02,2024-10-12,10,6,4
PHC-DST-C2-02,2024-10-13,10,5,5
PHC-DST-C2-02,2024-10-14,10,5,5
PHC-DST-C2-02,2024-10-15,10,1,9
PHC-DST-C2-02,2024-10-16,10,5,5
PHC-DST-C2-02,2024-10-17,10,6,4
PHC-DST-C2-02,2024-10-18,10,5,5
PHC-DST-C2-02,2024-10-19,10,5,5
PHC-DST-C2-02,2024-10-20,10,7,3
PHC-DST-C2-02,2024-10-21,10,2,8
PHC-DST-C2-02,2024-10-22,10,4,6
PHC-DST-C2-02,2024-10-23,10,4,6
PHC-DST-C2-02,2024-10-24,10,5,5
PHC-DST-C2-02,2024-10-25,10,5,5
PHC-DST-C2-02,2024-10-26,10,4,6
PHC-DST-C2-02,2024-10-27,10,7,3
PHC-DST-C2-02,2024-10-28,10,7,3
PHC-DST-C2-02,2024-10-29,10,4,6
PHC-DST-C2-02,2024-10-30,10,8,2
PHC-DST-C2-02,2024-10-31,10,6,4
PHC-DST-C2-02,2024-11-01,10,3,7
PHC-DST-C2-02,2024-11-02,10,4,6
PHC-DST-C2-02,2024-11-03,10,5,5
PHC-DST-C2-02,2024-11-04,10,4,6
PHC-DST-C2-02,2024-11-05,10,8,2
PHC-DST-C2-02,2024-11-06,10,7,3
PHC-DST-C2-02,2024-11-07,10,5,5
PHC-DST-C2-02,2024-11-08,10,4,6
PHC-DST-C2-02,2024-11-09,10,6,4
PHC-DST-C2-02,2024-11-10,10,2,8
PHC-DST-C2-02,2024-11-11,10,8,2
PHC-DST-C2-02,2024-11-12,10,6,4
PHC-DST-C2-02,2024-11-13,10,5,5
PHC-DST-C2-02,2024-11-14,10,9,1
PHC-DST-C2-02,2024-11-15,10,5,5
PHC-DST-C2-02,2024-11-16,10,6,4
PHC-DST-C2-02,2024-11-17,10,5,5
PHC-DST-C2-02,2024-11-18,10,6,4
PHC-DST-C2-02,2024-11-19,10,10,0
PHC-DST-C2-02,2024-11-20,10,3,7
PHC-DST-C2-02,2024-11-21,10,3,7
PHC-DST-C2-02,2024-11-22,10,9,1
PHC-DST-C2-02,2024-11-23,10,3,7
PHC-DST-C2-02,2024-11-24,10,4,6
PHC-DST-C2-02,2024-11-25,10,6,4
PHC-DST-C2-02,2024-11-26,10,6,4
PHC-DST-C2-02,2024-11-27,10,8,2
PHC-DST-C2-02,2024-11-28,10,7,3
PHC-DST-C2-02,2024-11-29,10,6,4
PHC-DST-C2-02,2024-11-30,10,1,9
PHC-DST-C2-02,2024-12-01,10,7,3
PHC-DST-C2-02,2024-12-02,10,3,7
PHC-DST-C2-02,2024-12-03,10,7,3
PHC-DST-C2-02,2024-12-04,10,5,5
PHC-DST-C2-02,2024-12-05,10,5,5
PHC-DST-C2-02,2024-12-06,10,7,3
PHC-DST-C2-02,2024-12-07,10,4,6
PHC-DST-C2-02,2024-12-08,10,3,7
PHC-DST-C2-02,2024-12-09,10,3,7
PHC-DST-C2-02,2024-12-10,10,8,2
PHC-DST-C2-02,2024-12-11,10,7,3
PHC-DST-C2-02,2024-12-12,10,9,1
PHC-DST-C2-02,2024-12-13,10,7,3
PHC-DST-C2-02,2024-12-14,10,5,5
PHC-DST-C2-02,2024-12-15,10,5,5
PHC-DST-C2-02,2024-12-16,10,4,6
PHC-DST-C2-02,2024-12-17,10,5,5
PHC-DST-C2-02,2024-12-18,10,4,6
PHC-DST-C2-02,2024-12-19,10,7,3
PHC-DST-C2-02,2024-12-20,10,4,6
PHC-DST-C2-02,2024-12-21,10,4,6
PHC-DST-C2-02,2024-12-22,10,2,8
PHC-DST-C2-02,2024-12-23,10,8,2
PHC-DST-C2-02,2024-12-24,10,5,5
PHC-DST-C2-02,2024-12-25,10,5,5
PHC-DST-C2-02,2024-12-26,10,10,0
PHC-DST-C2-02,2024-12-27,10,7,3
PHC-DST-C2-02,2024-12-28,10,6,4
PHC-DST-C2-02,2024-12-29,10,5,5
PHC-DST-C2-02,2024-12-30,10,3,7
PHC-DST-C2-02,2024-12-31,10,8,2
PHC-DST-C2-02,2025-01-01,10,7,3
PHC-DST-C2-02,2025-01-02,10,3,7
PHC-DST-C2-02,2025-01-03,10,4,6
PHC-DST-C2-02,2025-01-04,10,6,4
PHC-DST-C2-02,2025-01-05,10,5,5
PHC-DST-C2-02,2025-01-06,10,4,6
PHC-DST-C2-02,2025-01-07,10,6,4
PHC-DST-C2-02,2025-01-08,10,9,1
PHC-DST-C2-02,2025-01-09,10,8,2
PHC-DST-C2-02,2025-01-10,10,5,5
PHC-DST-C2-02,2025-01-11,10,5,5
PHC-DST-C2-02,2025-01-12,10,6,4
PHC-DST-C2-02,2025-01-13,10,10,0
PHC-DST-C2-02,2025-01-14,10,6,4
PHC-DST-C2-02,2025-01-15,10,8,2
PHC-DST-C2-02,2025-01-16,10,2,8
PHC-DST-C2-02,2025-01-17,10,5,5
PHC-DST-C2-02,2025-01-18,10,6,4
PHC-DST-C2-02,2025-01-19,10,6,4
PHC-DST-C2-02,2025-01-20,10,5,5
PHC-DST-C2-02,2025-01-21,10,4,6
PHC-DST-C2-02,2025-01-22,10,6,4
PHC-DST-C2-02,2025-01-23,10,6,4
PHC-DST-C2-02,2025-01-24,10,2,8
PHC-DST-C2-02,2025-01-25,10,3,7
PHC-DST-C2-02,2025-01-26,10,4,6
PHC-DST-C2-02,2025-01-27,10,4,6
PHC-DST-C2-02,2025-01-28,10,7,3
PHC-DST-C2-02,2025-01-29,10,4,6
PHC-DST-C2-02,2025-01-30,10,6,4
PHC-DST-C2-02,2025-01-31,10,3,7
PHC-DST-C2-02,2025-02-01,10,2,8
PHC-DST-C2-02,2025-02-02,10,6,4
PHC-DST-C2-02,2025-02-03,10,9,1
PHC-DST-C2-02,2025-02-04,10,6,4
PHC-DST-C2-02,2025-02-05,10,3,7
PHC-DST-C2-02,2025-02-06,10,8,2
PHC-DST-C2-02,2025-02-07,10,4,6
PHC-DST-C2-02,2025-02-08,10,6,4
PHC-DST-C2-02,2025-02-09,10,4,6
PHC-DST-C2-02,2025-02-10,10,7,3
PHC-DST-C2-02,2025-02-11,10,5,5
PHC-DST-C2-02,2025-02-12,10,4,6
PHC-DST-C2-02,2025-02-13,10,3,7
PHC-DST-C2-02,2025-02-14,10,4,6
PHC-DST-C2-02,2025-02-15,10,6,4
PHC-DST-C2-02,2025-02-16,10,5,5
PHC-DST-C2-02,2025-02-17,10,7,3
PHC-DST-C2-02,2025-02-18,10,7,3
PHC-DST-C2-02,2025-02-19,10,3,7
PHC-DST-C2-02,2025-02-20,10,2,8
PHC-DST-C2-02,2025-02-21,10,4,6
PHC-DST-C2-02,2025-02-22,10,6,4
PHC-DST-C2-02,2025-02-23,10,5,5
PHC-DST-C2-02,2025-02-24,10,4,6
PHC-DST-C2-02,2025-02-25,10,7,3
PHC-DST-C2-02,2025-02-26,10,3,7
PHC-DST-C2-02,2025-02-27,10,2,8
PHC-DST-C2-02,2025-02-28,10,6,4
PHC-DST-C2-02,2025-03-01,10,1,9
PHC-DST-C2-02,2025-03-02,10,5,5
PHC-DST-C2-02,2025-03-03,10,3,7
PHC-DST-C2-02,2025-03-04,10,7,3
PHC-DST-C2-02,2025-03-05,10,5,5
PHC-DST-C2-02,2025-03-06,10,3,7
PHC-DST-C2-02,2025-03-07,10,9,1
PHC-DST-C2-02,2025-03-08,10,7,3
PHC-DST-C2-02,2025-03-09,10,4,6
PHC-DST-C2-02,2025-03-10,10,3,7
PHC-DST-C2-02,2025-03-11,10,5,5
PHC-DST-C2-02,2025-03-12,10,2,8
PHC-DST-C2-02,2025-03-13,10,7,3
PHC-DST-C2-02,2025-03-14,10,5,5
PHC-DST-C2-02,2025-03-15,10,6,4
PHC-DST-C2-02,2025-03-16,10,6,4
PHC-DST-C2-02,2025-03-17,10,7,3
PHC-DST-C2-02,2025-03-18,10,2,8
PHC-DST-C2-02,2025-03-19,10,5,5
PHC-DST-C2-02,2025-03-20,10,8,2
PHC-DST-C2-02,2025-03-21,10,7,3
PHC-DST-C2-02,2025-03-22,10,6,4
PHC-DST-C2-02,2025-03-23,10,6,4
PHC-DST-C2-02,2025-03-24,10,4,6
PHC-DST-C2-02,2025-03-25,10,3,7
PHC-DST-C2-02,2025-03-26,10,5,5
PHC-DST-C2-02,2025-03-27,10,8,2
PHC-DST-C2-02,2025-03-28,10,7,3
PHC-DST-C2-02,2025-03-29,10,8,2
PHC-DST-C2-02,2025-03-30,10,4,6
PHC-DST-C2-02,2025-03-31,10,3,7
PHC-DST-C2-02,2025-04-01,10,8,2
PHC-DST-C2-02,2025-04-02,10,4,6
PHC-DST-C2-02,2025-04-03,10,2,8
PHC-DST-C2-02,2025-04-04,10,7,3
PHC-DST-C2-02,2025-04-05,10,6,4
PHC-DST-C2-02,2025-04-06,10,3,7
PHC-DST-C2-02,2025-04-07,10,4,6
PHC-DST-C2-02,2025-04-08,10,4,6
PHC-DST-C2-02,2025-04-09,10,3,7
PHC-DST-C2-02,2025-04-10,10,7,3
PHC-DST-C2-02,2025-04-11,10,4,6
PHC-DST-C2-02,2025-04-12,10,7,3
PHC-DST-C2-02,2025-04-13,10,8,2
PHC-DST-C2-02,2025-04-14,10,7,3
PHC-DST-C2-02,2025-04-15,10,5,5
PHC-DST-C2-02,2025-04-16,10,5,5
PHC-DST-C2-02,2025-04-17,10,4,6
PHC-DST-C2-02,2025-04-18,10,4,6
PHC-DST-C2-02,2025-04-19,10,4,6
PHC-DST-C2-02,2025-04-20,10,4,6
PHC-DST-C2-02,2025-04-21,10,4,6
PHC-DST-C2-02,2025-04-22,10,4,6
PHC-DST-C2-02,2025-04-23,10,6,4
PHC-DST-C2-02,2025-04-24,10,7,3
PHC-DST-C2-02,2025-04-25,10,6,4
PHC-DST-C2-02,2025-04-26,10,4,6
PHC-DST-C2-02,2025-04-27,10,3,7
PHC-DST-C2-02,2025-04-28,10,6,4
PHC-DST-C2-02,2025-04-29,10,4,6
PHC-DST-C2-02,2025-04-30,10,2,8
PHC-DST-C2-02,2025-05-01,10,4,6
PHC-DST-C2-02,2025-05-02,10,7,3
PHC-DST-C2-02,2025-05-03,10,4,6
PHC-DST-C2-02,2025-05-04,10,9,1
PHC-DST-C2-02,2025-05-05,10,4,6
PHC-DST-C2-02,2025-05-06,10,4,6
PHC-DST-C2-02,2025-05-07,10,4,6
PHC-DST-C2-02,2025-05-08,10,2,8
PHC-DST-C2-02,2025-05-09,10,6,4
PHC-DST-C2-02,2025-05-10,10,7,3
PHC-DST-C2-02,2025-05-11,10,6,4
PHC-DST-C2-02,2025-05-12,10,4,6
PHC-DST-C2-02,2025-05-13,10,9,1
PHC-DST-C2-02,2025-05-14,10,5,5
PHC-DST-C2-02,2025-05-15,10,8,2
PHC-DST-C2-02,2025-05-16,10,10,0
PHC-DST-C2-02,2025-05-17,10,4,6
PHC-DST-C2-02,2025-05-18,10,4,6
PHC-DST-C2-02,2025-05-19,10,8,2
PHC-DST-C2-02,2025-05-20,10,5,5
PHC-DST-C2-02,2025-05-21,10,4,6
PHC-DST-C2-02,2025-05-22,10,4,6
PHC-DST-C2-02,2025-05-23,10,5,5
PHC-DST-C2-02,2025-05-24,10,7,3
PHC-DST-C2-02,2025-05-25,10,5,5
PHC-DST-C2-02,2025-05-26,10,6,4
PHC-DST-C2-02,2025-05-27,10,5,5
PHC-DST-C2-02,2025-05-28,10,4,6
PHC-DST-C2-02,2025-05-29,10,3,7
PHC-DST-C2-02,2025-05-30,10,10,0
PHC-DST-C2-02,2025-05-31,10,8,2
PHC-DST-C2-02,2025-06-01,10,9,1
PHC-DST-C2-02,2025-06-02,10,6,4
PHC-DST-C2-02,2025-06-03,10,7,3
PHC-DST-C2-02,2025-06-04,10,7,3
PHC-DST-C2-02,2025-06-05,10,6,4
PHC-DST-C2-02,2025-06-06,10,4,6
PHC-DST-C2-02,2025-06-07,10,6,4
PHC-DST-C2-02,2025-06-08,10,2,8
PHC-DST-C2-02,2025-06-09,10,6,4
PHC-DST-C2-02,2025-06-10,10,4,6
PHC-DST-C2-02,2025-06-11,10,6,4
PHC-DST-C2-02,2025-06-12,10,3,7
PHC-DST-C2-02,2025-06-13,10,3,7
PHC-DST-C2-02,2025-06-14,10,4,6
PHC-DST-C2-02,2025-06-15,10,9,1
PHC-DST-C2-02,2025-06-16,10,5,5
PHC-DST-C2-02,2025-06-17,10,5,5
PHC-DST-C2-02,2025-06-18,10,4,6
PHC-DST-C2-02,2025-06-19,10,4,6
PHC-DST-C2-02,2025-06-20,10,7,3
PHC-DST-C2-02,2025-06-21,10,6,4
PHC-DST-C2-02,2025-06-22,10,5,5
PHC-DST-C2-02,2025-06-23,10,7,3
PHC-DST-C2-02,2025-06-24,10,5,5
PHC-DST-C2-02,2025-06-25,10,5,5
PHC-DST-C2-02,2025-06-26,10,3,7
PHC-DST-C2-02,2025-06-27,10,5,5
PHC-DST-C2-02,2025-06-28,10,5,5
PHC-DST-C2-02,2025-06-29,10,10,0
PHC-DST-C2-02,2025-06-30,10,3,7
PHC-DST-C2-03,2024-01-01,6,4,2
PHC-DST-C2-03,2024-01-02,6,3,3
PHC-DST-C2-03,2024-01-03,6,3,3
PHC-DST-C2-03,2024-01-04,6,5,1
PHC-DST-C2-03,2024-01-05,6,5,1
PHC-DST-C2-03,2024-01-06,6,5,1
PHC-DST-C2-03,2024-01-07,6,2,4
PHC-DST-C2-03,2024-01-08,6,3,3
PHC-DST-C2-03,2024-01-09,6,3,3
PHC-DST-C2-03,2024-01-10,6,3,3
PHC-DST-C2-03,2024-01-11,6,6,0
PHC-DST-C2-03,2024-01-12,6,3,3
PHC-DST-C2-03,2024-01-13,6,4,2
PHC-DST-C2-03,2024-01-14,6,6,0
PHC-DST-C2-03,2024-01-15,6,2,4
PHC-DST-C2-03,2024-01-16,6,3,3
PHC-DST-C2-03,2024-01-17,6,6,0
PHC-DST-C2-03,2024-01-18,6,6,0
PHC-DST-C2-03,2024-01-19,6,4,2
PHC-DST-C2-03,2024-01-20,6,4,2
PHC-DST-C2-03,2024-01-21,6,3,3
PHC-DST-C2-03,2024-01-22,6,6,0
PHC-DST-C2-03,2024-01-23,6,5,1
PHC-DST-C2-03,2024-01-24,6,1,5
PHC-DST-C2-03,2024-01-25,6,3,3
PHC-DST-C2-03,2024-01-26,6,4,2
PHC-DST-C2-03,2024-01-27,6,3,3
PHC-DST-C2-03,2024-01-28,6,2,4
PHC-DST-C2-03,2024-01-29,6,4,2
PHC-DST-C2-03,2024-01-30,6,5,1
PHC-DST-C2-03,2024-01-31,6,6,0
PHC-DST-C2-03,2024-02-01,6,3,3
PHC-DST-C2-03,2024-02-02,6,4,2
PHC-DST-C2-03,2024-02-03,6,4,2
PHC-DST-C2-03,2024-02-04,6,2,4
PHC-DST-C2-03,2024-02-05,6,5,1
PHC-DST-C2-03,2024-02-06,6,3,3
PHC-DST-C2-03,2024-02-07,6,2,4
PHC-DST-C2-03,2024-02-08,6,2,4
PHC-DST-C2-03,2024-02-09,6,3,3
PHC-DST-C2-03,2024-02-10,6,4,2
PHC-DST-C2-03,2024-02-11,6,4,2
PHC-DST-C2-03,2024-02-12,6,4,2
PHC-DST-C2-03,2024-02-13,6,3,3
PHC-DST-C2-03,2024-02-14,6,3,3
PHC-DST-C2-03,2024-02-15,6,3,3
PHC-DST-C2-03,2024-02-16,6,2,4
PHC-DST-C2-03,2024-02-17,6,2,4
PHC-DST-C2-03,2024-02-18,6,6,0
PHC-DST-C2-03,2024-02-19,6,1,5
PHC-DST-C2-03,2024-02-20,6,6,0
PHC-DST-C2-03,2024-02-21,6,6,0
PHC-DST-C2-03,2024-02-22,6,3,3
PHC-DST-C2-03,2024-02-23,6,6,0
PHC-DST-C2-03,2024-02-24,6,2,4
PHC-DST-C2-03,2024-02-25,6,1,5
PHC-DST-C2-03,2024-02-26,6,3,3
PHC-DST-C2-03,2024-02-27,6,2,4
PHC-DST-C2-03,2024-02-28,6,3,3
PHC-DST-C2-03,2024-02-29,6,2,4
PHC-DST-C2-03,2024-03-01,6,4,2
PHC-DST-C2-03,2024-03-02,6,4,2
PHC-DST-C2-03,2024-03-03,6,6,0
PHC-DST-C2-03,2024-03-04,6,4,2
PHC-DST-C2-03,2024-03-05,6,2,4
PHC-DST-C2-03,2024-03-06,6,6,0
PHC-DST-C2-03,2024-03-07,6,3,3
PHC-DST-C2-03,2024-03-08,6,3,3
PHC-DST-C2-03,2024-03-09,6,2,4
PHC-DST-C2-03,2024-03-10,6,6,0
PHC-DST-C2-03,2024-03-11,6,2,4
PHC-DST-C2-03,2024-03-12,6,5,1
PHC-DST-C2-03,2024-03-13,6,5,1
PHC-DST-C2-03,2024-03-14,6,3,3
PHC-DST-C2-03,2024-03-15,6,4,2
PHC-DST-C2-03,2024-03-16,6,1,5
PHC-DST-C2-03,2024-03-17,6,4,2
PHC-DST-C2-03,2024-03-18,6,6,0
PHC-DST-C2-03,2024-03-19,6,4,2
PHC-DST-C2-03,2024-03-20,6,6,0
PHC-DST-C2-03,2024-03-21,6,4,2
PHC-DST-C2-03,2024-03-22,6,5,1
PHC-DST-C2-03,2024-03-23,6,5,1
PHC-DST-C2-03,2024-03-24,6,4,2
PHC-DST-C2-03,2024-03-25,6,1,5
PHC-DST-C2-03,2024-03-26,6,2,4
PHC-DST-C2-03,2024-03-27,6,2,4
PHC-DST-C2-03,2024-03-28,6,4,2
PHC-DST-C2-03,2024-03-29,6,2,4
PHC-DST-C2-03,2024-03-30,6,6,0
PHC-DST-C2-03,2024-03-31,6,1,5
PHC-DST-C2-03,2024-04-01,6,2,4
PHC-DST-C2-03,2024-04-02,6,4,2
PHC-DST-C2-03,2024-04-03,6,2,4
PHC-DST-C2-03,2024-04-04,6,2,4
PHC-DST-C2-03,2024-04-05,6,4,2
PHC-DST-C2-03,2024-04-06,6,3,3
PHC-DST-C2-03,2024-04-07,6,3,3
PHC-DST-C2-03,2024-04-08,6,5,1
PHC-DST-C2-03,2024-04-09,6,6,0
PHC-DST-C2-03,2024-04-10,6,4,2
PHC-DST-C2-03,2024-04-11,6,4,2
PHC-DST-C2-03,2024-04-12,6,4,2
PHC-DST-C2-03,2024-04-13,6,6,0
PHC-DST-C2-03,2024-04-14,6,4,2
PHC-DST-C2-03,2024-04-15,6,2,4
PHC-DST-C2-03,2024-04-16,6,6,0
PHC-DST-C2-03,2024-04-17,6,6,0
PHC-DST-C2-03,2024-04-18,6,3,3
PHC-DST-C2-03,2024-04-19,6,1,5
PHC-DST-C2-03,2024-04-20,6,4,2
PHC-DST-C2-03,2024-04-21,6,1,5
PHC-DST-C2-03,2024-04-22,6,4,2
PHC-DST-C2-03,2024-04-23,6,5,1
PHC-DST-C2-03,2024-04-24,6,6,0
PHC-DST-C2-03,2024-04-25,6,5,1
PHC-DST-C2-03,2024-04-26,6,6,0
PHC-DST-C2-03,2024-04-27,6,3,3
PHC-DST-C2-03,2024-04-28,6,3,3
PHC-DST-C2-03,2024-04-29,6,6,0
PHC-DST-C2-03,2024-04-30,6,1,5
PHC-DST-C2-03,2024-05-01,6,2,4
PHC-DST-C2-03,2024-05-02,6,2,4
PHC-DST-C2-03,2024-05-03,6,6,0
PHC-DST-C2-03,2024-05-04,6,5,1
PHC-DST-C2-03,2024-05-05,6,6,0
PHC-DST-C2-03,2024-05-06,6,6,0
PHC-DST-C2-03,2024-05-07,6,2,4
PHC-DST-C2-03,2024-05-08,6,3,3
PHC-DST-C2-03,2024-05-09,6,1,5
PHC-DST-C2-03,2024-05-10,6,4,2
PHC-DST-C2-03,2024-05-11,6,3,3
PHC-DST-C2-03,2024-05-12,6,2,4
PHC-DST-C2-03,2024-05-13,6,4,2
PHC-DST-C2-03,2024-05-14,6,5,1
PHC-DST-C2-03,2024-05-15,6,6,0
PHC-DST-C2-03,2024-05-16,6,6,0
PHC-DST-C2-03,2024-05-17,6,3,3
PHC-DST-C2-03,2024-05-18,6,3,3
PHC-DST-C2-03,2024-05-19,6,3,3
PHC-DST-C2-03,2024-05-20,6,6,0
PHC-DST-C2-03,2024-05-21,6,3,3
PHC-DST-C2-03,2024-05-22,6,2,4
PHC-DST-C2-03,2024-05-23,6,6,0
PHC-DST-C2-03,2024-05-24,6,4,2
PHC-DST-C2-03,2024-05-25,6,4,2
PHC-DST-C2-03,2024-05-26,6,4,2
PHC-DST-C2-03,2024-05-27,6,2,4
PHC-DST-C2-03,2024-05-28,6,4,2
PHC-DST-C2-03,2024-05-29,6,3,3
PHC-DST-C2-03,2024-05-30,6,5,1
PHC-DST-C2-03,2024-05-31,6,3,3
PHC-DST-C2-03,2024-06-01,6,2,4
PHC-DST-C2-03,2024-06-02,6,6,0
PHC-DST-C2-03,2024-06-03,6,3,3
PHC-DST-C2-03,2024-06-04,6,2,4
PHC-DST-C2-03,2024-06-05,6,2,4
PHC-DST-C2-03,2024-06-06,6,3,3
PHC-DST-C2-03,2024-06-07,6,3,3
PHC-DST-C2-03,2024-06-08,6,3,3
PHC-DST-C2-03,2024-06-09,6,2,4
PHC-DST-C2-03,2024-06-10,6,3,3
PHC-DST-C2-03,2024-06-11,6,4,2
PHC-DST-C2-03,2024-06-12,6,2,4
PHC-DST-C2-03,2024-06-13,6,3,3
PHC-DST-C2-03,2024-06-14,6,4,2
PHC-DST-C2-03,2024-06-15,6,5,1
PHC-DST-C2-03,2024-06-16,6,3,3
PHC-DST-C2-03,2024-06-17,6,6,0
PHC-DST-C2-03,2024-06-18,6,4,2
PHC-DST-C2-03,2024-06-19,6,4,2
PHC-DST-C2-03,2024-06-20,6,6,0
PHC-DST-C2-03,2024-06-21,6,1,5
PHC-DST-C2-03,2024-06-22,6,5,1
PHC-DST-C2-03,2024-06-23,6,5,1
PHC-DST-C2-03,2024-06-24,6,4,2
PHC-DST-C2-03,2024-06-25,6,4,2
PHC-DST-C2-03,2024-06-26,6,3,3
PHC-DST-C2-03,2024-06-27,6,4,2
PHC-DST-C2-03,2024-06-28,6,2,4
PHC-DST-C2-03,2024-06-29,6,3,3
PHC-DST-C2-03,2024-06-30,6,1,5
PHC-DST-C2-03,2024-07-01,6,3,3
PHC-DST-C2-03,2024-07-02,6,5,1
PHC-DST-C2-03,2024-07-03,6,6,0
PHC-DST-C2-03,2024-07-04,6,3,3
PHC-DST-C2-03,2024-07-05,6,2,4
PHC-DST-C2-03,2024-07-06,6,5,1
PHC-DST-C2-03,2024-07-07,6,5,1
PHC-DST-C2-03,2024-07-08,6,5,1
PHC-DST-C2-03,2024-07-09,6,5,1
PHC-DST-C2-03,2024-07-10,6,4,2
PHC-DST-C2-03,2024-07-11,6,2,4
PHC-DST-C2-03,2024-07-12,6,6,0
PHC-DST-C2-03,2024-07-13,6,6,0
PHC-DST-C2-03,2024-07-14,6,3,3
PHC-DST-C2-03,2024-07-15,6,5,1
PHC-DST-C2-03,2024-07-16,6,5,1
PHC-DST-C2-03,2024-07-17,6,2,4
PHC-DST-C2-03,2024-07-18,6,2,4
PHC-DST-C2-03,2024-07-19,6,4,2
PHC-DST-C2-03,2024-07-20,6,4,2
PHC-DST-C2-03,2024-07-21,6,4,2
PHC-DST-C2-03,2024-07-22,6,6,0
PHC-DST-C2-03,2024-07-23,6,6,0
PHC-DST-C2-03,2024-07-24,6,4,2
PHC-DST-C2-03,2024-07-25,6,2,4
PHC-DST-C2-03,2024-07-26,6,3,3
PHC-DST-C2-03,2024-07-27,6,1,5
PHC-DST-C2-03,2024-07-28,6,6,0
PHC-DST-C2-03,2024-07-29,6,5,1
PHC-DST-C2-03,2024-07-30,6,2,4
PHC-DST-C2-03,2024-07-31,6,4,2
PHC-DST-C2-03,2024-08-01,6,3,3
PHC-DST-C2-03,2024-08-02,6,3,3
PHC-DST-C2-03,2024-08-03,6,3,3
PHC-DST-C2-03,2024-08-04,6,3,3
PHC-DST-C2-03,2024-08-05,6,2,4
PHC-DST-C2-03,2024-08-06,6,5,1
PHC-DST-C2-03,2024-08-07,6,3,3
PHC-DST-C2-03,2024-08-08,6,4,2
PHC-DST-C2-03,2024-08-09,6,3,3
PHC-DST-C2-03,2024-08-10,6,4,2
PHC-DST-C2-03,2024-08-11,6,5,1
PHC-DST-C2-03,2024-08-12,6,3,3
PHC-DST-C2-03,2024-08-13,6,5,1
PHC-DST-C2-03,2024-08-14,6,4,2
PHC-DST-C2-03,2024-08-15,6,6,0
PHC-DST-C2-03,2024-08-16,6,4,2
PHC-DST-C2-03,2024-08-17,6,6,0
PHC-DST-C2-03,2024-08-18,6,2,4
PHC-DST-C2-03,2024-08-19,6,2,4
PHC-DST-C2-03,2024-08-20,6,2,4
PHC-DST-C2-03,2024-08-21,6,6,0
PHC-DST-C2-03,2024-08-22,6,2,4
PHC-DST-C2-03,2024-08-23,6,6,0
PHC-DST-C2-03,2024-08-24,6,4,2
PHC-DST-C2-03,2024-08-25,6,2,4
PHC-DST-C2-03,2024-08-26,6,3,3
PHC-DST-C2-03,2024-08-27,6,6,0
PHC-DST-C2-03,2024-08-28,6,1,5
PHC-DST-C2-03,2024-08-29,6,3,3
PHC-DST-C2-03,2024-08-30,6,3,3
PHC-DST-C2-03,2024-08-31,6,4,2
PHC-DST-C2-03,2024-09-01,6,5,1
PHC-DST-C2-03,2024-09-02,6,3,3
PHC-DST-C2-03,2024-09-03,6,5,1
PHC-DST-C2-03,2024-09-04,6,3,3
PHC-DST-C2-03,2024-09-05,6,1,5
PHC-DST-C2-03,2024-09-06,6,3,3
PHC-DST-C2-03,2024-09-07,6,3,3
PHC-DST-C2-03,2024-09-08,6,5,1
PHC-DST-C2-03,2024-09-09,6,4,2
PHC-DST-C2-03,2024-09-10,6,4,2
PHC-DST-C2-03,2024-09-11,6,4,2
PHC-DST-C2-03,2024-09-12,6,2,4
PHC-DST-C2-03,2024-09-13,6,1,5
PHC-DST-C2-03,2024-09-14,6,3,3
PHC-DST-C2-03,2024-09-15,6,4,2
PHC-DST-C2-03,2024-09-16,6,4,2
PHC-DST-C2-03,2024-09-17,6,4,2
PHC-DST-C2-03,2024-09-18,6,3,3
PHC-DST-C2-03,2024-09-19,6,3,3
PHC-DST-C2-03,2024-09-20,6,4,2
PHC-DST-C2-03,2024-09-21,6,2,4
PHC-DST-C2-03,2024-09-22,6,0,6
PHC-DST-C2-03,2024-09-23,6,5,1
PHC-DST-C2-03,2024-09-24,6,5,1
PHC-DST-C2-03,2024-09-25,6,2,4
PHC-DST-C2-03,2024-09-26,6,5,1
PHC-DST-C2-03,2024-09-27,6,2,4
PHC-DST-C2-03,2024-09-28,6,4,2
PHC-DST-C2-03,2024-09-29,6,3,3
PHC-DST-C2-03,2024-09-30,6,5,1
PHC-DST-C2-03,2024-10-01,6,6,0
PHC-DST-C2-03,2024-10-02,6,3,3
PHC-DST-C2-03,2024-10-03,6,4,2
PHC-DST-C2-03,2024-10-04,6,6,0
PHC-DST-C2-03,2024-10-05,6,6,0
PHC-DST-C2-03,2024-10-06,6,3,3
PHC-DST-C2-03,2024-10-07,6,2,4
PHC-DST-C2-03,2024-10-08,6,3,3
PHC-DST-C2-03,2024-10-09,6,4,2
PHC-DST-C2-03,2024-10-10,6,5,1
PHC-DST-C2-03,2024-10-11,6,3,3
PHC-DST-C2-03,2024-10-12,6,1,5
PHC-DST-C2-03,2024-10-13,6,6,0
PHC-DST-C2-03,2024-10-14,6,3,3
PHC-DST-C2-03,2024-10-15,6,6,0
PHC-DST-C2-03,2024-10-16,6,2,4
PHC-DST-C2-03,2024-10-17,6,5,1
PHC-DST-C2-03,2024-10-18,6,5,1
PHC-DST-C2-03,2024-10-19,6,4,2
PHC-DST-C2-03,2024-10-20,6,2,4
PHC-DST-C2-03,2024-10-21,6,6,0
PHC-DST-C2-03,2024-10-22,6,2,4
PHC-DST-C2-03,2024-10-23,6,3,3
PHC-DST-C2-03,2024-10-24,6,4,2
PHC-DST-C2-03,2024-10-25,6,4,2
PHC-DST-C2-03,2024-10-26,6,3,3
PHC-DST-C2-03,2024-10-27,6,3,3
PHC-DST-C2-03,2024-10-28,6,4,2
PHC-DST-C2-03,2024-10-29,6,3,3
PHC-DST-C2-03,2024-10-30,6,5,1
PHC-DST-C2-03,2024-10-31,6,6,0
PHC-DST-C2-03,2024-11-01,6,6,0
PHC-DST-C2-03,2024-11-02,6,3,3
PHC-DST-C2-03,2024-11-03,6,6,0
PHC-DST-C2-03,2024-11-04,6,5,1
PHC-DST-C2-03,2024-11-05,6,3,3
PHC-DST-C2-03,2024-11-06,6,3,3
PHC-DST-C2-03,2024-11-07,6,3,3
PHC-DST-C2-03,2024-11-08,6,3,3
PHC-DST-C2-03,2024-11-09,6,4,2
PHC-DST-C2-03,2024-11-10,6,5,1
PHC-DST-C2-03,2024-11-11,6,5,1
PHC-DST-C2-03,2024-11-12,6,5,1
PHC-DST-C2-03,2024-11-13,6,6,0
PHC-DST-C2-03,2024-11-14,6,4,2
PHC-DST-C2-03,2024-11-15,6,3,3
PHC-DST-C2-03,2024-11-16,6,4,2
PHC-DST-C2-03,2024-11-17,6,6,0
PHC-DST-C2-03,2024-11-18,6,3,3
PHC-DST-C2-03,2024-11-19,6,2,4
PHC-DST-C2-03,2024-11-20,6,3,3
PHC-DST-C2-03,2024-11-21,6,6,0
PHC-DST-C2-03,2024-11-22,6,4,2
PHC-DST-C2-03,2024-11-23,6,4,2
PHC-DST-C2-03,2024-11-24,6,4,2
PHC-DST-C2-03,2024-11-25,6,6,0
PHC-DST-C2-03,2024-11-26,6,3,3
PHC-DST-C2-03,2024-11-27,6,5,1
PHC-DST-C2-03,2024-11-28,6,5,1
PHC-DST-C2-03,2024-11-29,6,1,5
PHC-DST-C2-03,2024-11-30,6,2,4
PHC-DST-C2-03,2024-12-01,6,3,3
PHC-DST-C2-03,2024-12-02,6,4,2
PHC-DST-C2-03,2024-12-03,6,5,1
PHC-DST-C2-03,2024-12-04,6,2,4
PHC-DST-C2-03,2024-12-05,6,4,2
PHC-DST-C2-03,2024-12-06,6,3,3
PHC-DST-C2-03,2024-12-07,6,5,1
PHC-DST-C2-03,2024-12-08,6,6,0
PHC-DST-C2-03,2024-12-09,6,6,0
PHC-DST-C2-03,2024-12-10,6,4,2
PHC-DST-C2-03,2024-12-11,6,6,0
PHC-DST-C2-03,2024-12-12,6,3,3
PHC-DST-C2-03,2024-12-13,6,1,5
PHC-DST-C2-03,2024-12-14,6,1,5
PHC-DST-C2-03,2024-12-15,6,3,3
PHC-DST-C2-03,2024-12-16,6,4,2
PHC-DST-C2-03,2024-12-17,6,5,1
PHC-DST-C2-03,2024-12-18,6,6,0
PHC-DST-C2-03,2024-12-19,6,6,0
PHC-DST-C2-03,2024-12-20,6,6,0
PHC-DST-C2-03,2024-12-21,6,4,2
PHC-DST-C2-03,2024-12-22,6,3,3
PHC-DST-C2-03,2024-12-23,6,4,2
PHC-DST-C2-03,2024-12-24,6,5,1
PHC-DST-C2-03,2024-12-25,6,6,0
PHC-DST-C2-03,2024-12-26,6,3,3
PHC-DST-C2-03,2024-12-27,6,6,0
PHC-DST-C2-03,2024-12-28,6,3,3
PHC-DST-C2-03,2024-12-29,6,3,3
PHC-DST-C2-03,2024-12-30,6,5,1
PHC-DST-C2-03,2024-12-31,6,3,3
PHC-DST-C2-03,2025-01-01,6,3,3
PHC-DST-C2-03,2025-01-02,6,3,3
PHC-DST-C2-03,2025-01-03,6,3,3
PHC-DST-C2-03,2025-01-04,6,4,2
PHC-DST-C2-03,2025-01-05,6,2,4
PHC-DST-C2-03,2025-01-06,6,5,1
PHC-DST-C2-03,2025-01-07,6,5,1
PHC-DST-C2-03,2025-01-08,6,2,4
PHC-DST-C2-03,2025-01-09,6,3,3
PHC-DST-C2-03,2025-01-10,6,6,0
PHC-DST-C2-03,2025-01-11,6,6,0
PHC-DST-C2-03,2025-01-12,6,4,2
PHC-DST-C2-03,2025-01-13,6,2,4
PHC-DST-C2-03,2025-01-14,6,4,2
PHC-DST-C2-03,2025-01-15,6,6,0
PHC-DST-C2-03,2025-01-16,6,1,5
PHC-DST-C2-03,2025-01-17,6,3,3
PHC-DST-C2-03,2025-01-18,6,3,3
PHC-DST-C2-03,2025-01-19,6,2,4
PHC-DST-C2-03,2025-01-20,6,4,2
PHC-DST-C2-03,2025-01-21,6,3,3
PHC-DST-C2-03,2025-01-22,6,5,1
PHC-DST-C2-03,2025-01-23,6,4,2
PHC-DST-C2-03,2025-01-24,6,3,3
PHC-DST-C2-03,2025-01-25,6,6,0
PHC-DST-C2-03,2025-01-26,6,2,4
PHC-DST-C2-03,2025-01-27,6,3,3
PHC-DST-C2-03,2025-01-28,6,5,1
PHC-DST-C2-03,2025-01-29,6,5,1
PHC-DST-C2-03,2025-01-30,6,4,2
PHC-DST-C2-03,2025-01-31,6,3,3
PHC-DST-C2-03,2025-02-01,6,6,0
PHC-DST-C2-03,2025-02-02,6,2,4
PHC-DST-C2-03,2025-02-03,6,3,3
PHC-DST-C2-03,2025-02-04,6,2,4
PHC-DST-C2-03,2025-02-05,6,4,2
PHC-DST-C2-03,2025-02-06,6,6,0
PHC-DST-C2-03,2025-02-07,6,5,1
PHC-DST-C2-03,2025-02-08,6,5,1
PHC-DST-C2-03,2025-02-09,6,0,6
PHC-DST-C2-03,2025-02-10,6,3,3
PHC-DST-C2-03,2025-02-11,6,3,3
PHC-DST-C2-03,2025-02-12,6,4,2
PHC-DST-C2-03,2025-02-13,6,2,4
PHC-DST-C2-03,2025-02-14,6,5,1
PHC-DST-C2-03,2025-02-15,6,2,4
PHC-DST-C2-03,2025-02-16,6,3,3
PHC-DST-C2-03,2025-02-17,6,6,0
PHC-DST-C2-03,2025-02-18,6,4,2
PHC-DST-C2-03,2025-02-19,6,4,2
PHC-DST-C2-03,2025-02-20,6,4,2
PHC-DST-C2-03,2025-02-21,6,6,0
PHC-DST-C2-03,2025-02-22,6,4,2
PHC-DST-C2-03,2025-02-23,6,4,2
PHC-DST-C2-03,2025-02-24,6,3,3
PHC-DST-C2-03,2025-02-25,6,6,0
PHC-DST-C2-03,2025-02-26,6,2,4
PHC-DST-C2-03,2025-02-27,6,5,1
PHC-DST-C2-03,2025-02-28,6,4,2
PHC-DST-C2-03,2025-03-01,6,2,4
PHC-DST-C2-03,2025-03-02,6,3,3
PHC-DST-C2-03,2025-03-03,6,4,2
PHC-DST-C2-03,2025-03-04,6,4,2
PHC-DST-C2-03,2025-03-05,6,3,3
PHC-DST-C2-03,2025-03-06,6,4,2
PHC-DST-C2-03,2025-03-07,6,4,2
PHC-DST-C2-03,2025-03-08,6,5,1
PHC-DST-C2-03,2025-03-09,6,4,2
PHC-DST-C2-03,2025-03-10,6,1,5
PHC-DST-C2-03,2025-03-11,6,2,4
PHC-DST-C2-03,2025-03-12,6,3,3
PHC-DST-C2-03,2025-03-13,6,5,1
PHC-DST-C2-03,2025-03-14,6,3,3
PHC-DST-C2-03,2025-03-15,6,1,5
PHC-DST-C2-03,2025-03-16,6,6,0
PHC-DST-C2-03,2025-03-17,6,6,0
PHC-DST-C2-03,2025-03-18,6,5,1
PHC-DST-C2-03,2025-03-19,6,2,4
PHC-DST-C2-03,2025-03-20,6,5,1
PHC-DST-C2-03,2025-03-21,6,6,0
PHC-DST-C2-03,2025-03-22,6,3,3
PHC-DST-C2-03,2025-03-23,6,2,4
PHC-DST-C2-03,2025-03-24,6,2,4
PHC-DST-C2-03,2025-03-25,6,3,3
PHC-DST-C2-03,2025-03-26,6,4,2
PHC-DST-C2-03,2025-03-27,6,3,3
PHC-DST-C2-03,2025-03-28,6,3,3
PHC-DST-C2-03,2025-03-29,6,6,0
PHC-DST-C2-03,2025-03-30,6,4,2
PHC-DST-C2-03,2025-03-31,6,3,3
PHC-DST-C2-03,2025-04-01,6,5,1
PHC-DST-C2-03,2025-04-02,6,2,4
PHC-DST-C2-03,2025-04-03,6,4,2
PHC-DST-C2-03,2025-04-04,6,2,4
PHC-DST-C2-03,2025-04-05,6,3,3
PHC-DST-C2-03,2025-04-06,6,4,2
PHC-DST-C2-03,2025-04-07,6,6,0
PHC-DST-C2-03,2025-04-08,6,4,2
PHC-DST-C2-03,2025-04-09,6,5,1
PHC-DST-C2-03,2025-04-10,6,6,0
PHC-DST-C2-03,2025-04-11,6,5,1
PHC-DST-C2-03,2025-04-12,6,2,4
PHC-DST-C2-03,2025-04-13,6,6,0
PHC-DST-C2-03,2025-04-14,6,5,1
PHC-DST-C2-03,2025-04-15,6,5,1
PHC-DST-C2-03,2025-04-16,6,1,5
PHC-DST-C2-03,2025-04-17,6,2,4
PHC-DST-C2-03,2025-04-18,6,2,4
PHC-DST-C2-03,2025-04-19,6,5,1
PHC-DST-C2-03,2025-04-20,6,2,4
PHC-DST-C2-03,2025-04-21,6,1,5
PHC-DST-C2-03,2025-04-22,6,2,4
PHC-DST-C2-03,2025-04-23,6,6,0
PHC-DST-C2-03,2025-04-24,6,1,5
PHC-DST-C2-03,2025-04-25,6,4,2
PHC-DST-C2-03,2025-04-26,6,4,2
PHC-DST-C2-03,2025-04-27,6,3,3
PHC-DST-C2-03,2025-04-28,6,3,3
PHC-DST-C2-03,2025-04-29,6,4,2
PHC-DST-C2-03,2025-04-30,6,6,0
PHC-DST-C2-03,2025-05-01,6,4,2
PHC-DST-C2-03,2025-05-02,6,3,3
PHC-DST-C2-03,2025-05-03,6,6,0
PHC-DST-C2-03,2025-05-04,6,5,1
PHC-DST-C2-03,2025-05-05,6,4,2
PHC-DST-C2-03,2025-05-06,6,4,2
PHC-DST-C2-03,2025-05-07,6,3,3
PHC-DST-C2-03,2025-05-08,6,4,2
PHC-DST-C2-03,2025-05-09,6,5,1
PHC-DST-C2-03,2025-05-10,6,6,0
PHC-DST-C2-03,2025-05-11,6,2,4
PHC-DST-C2-03,2025-05-12,6,2,4
PHC-DST-C2-03,2025-05-13,6,4,2
PHC-DST-C2-03,2025-05-14,6,3,3
PHC-DST-C2-03,2025-05-15,6,4,2
PHC-DST-C2-03,2025-05-16,6,6,0
PHC-DST-C2-03,2025-05-17,6,5,1
PHC-DST-C2-03,2025-05-18,6,4,2
PHC-DST-C2-03,2025-05-19,6,6,0
PHC-DST-C2-03,2025-05-20,6,3,3
PHC-DST-C2-03,2025-05-21,6,4,2
PHC-DST-C2-03,2025-05-22,6,2,4
PHC-DST-C2-03,2025-05-23,6,3,3
PHC-DST-C2-03,2025-05-24,6,2,4
PHC-DST-C2-03,2025-05-25,6,2,4
PHC-DST-C2-03,2025-05-26,6,3,3
PHC-DST-C2-03,2025-05-27,6,4,2
PHC-DST-C2-03,2025-05-28,6,4,2
PHC-DST-C2-03,2025-05-29,6,2,4
PHC-DST-C2-03,2025-05-30,6,6,0
PHC-DST-C2-03,2025-05-31,6,4,2
PHC-DST-C2-03,2025-06-01,6,3,3
PHC-DST-C2-03,2025-06-02,6,3,3
PHC-DST-C2-03,2025-06-03,6,5,1
PHC-DST-C2-03,2025-06-04,6,3,3
PHC-DST-C2-03,2025-06-05,6,6,0
PHC-DST-C2-03,2025-06-06,6,4,2
PHC-DST-C2-03,2025-06-07,6,3,3
PHC-DST-C2-03,2025-06-08,6,3,3
PHC-DST-C2-03,2025-06-09,6,4,2
PHC-DST-C2-03,2025-06-10,6,4,2
PHC-DST-C2-03,2025-06-11,6,6,0
PHC-DST-C2-03,2025-06-12,6,4,2
PHC-DST-C2-03,2025-06-13,6,5,1
PHC-DST-C2-03,2025-06-14,6,3,3
PHC-DST-C2-03,2025-06-15,6,5,1
PHC-DST-C2-03,2025-06-16,6,5,1
PHC-DST-C2-03,2025-06-17,6,6,0
PHC-DST-C2-03,2025-06-18,6,3,3
PHC-DST-C2-03,2025-06-19,6,2,4
PHC-DST-C2-03,2025-06-20,6,2,4
PHC-DST-C2-03,2025-06-21,6,1,5
PHC-DST-C2-03,2025-06-22,6,2,4
PHC-DST-C2-03,2025-06-23,6,0,6
PHC-DST-C2-03,2025-06-24,6,3,3
PHC-DST-C2-03,2025-06-25,6,6,0
PHC-DST-C2-03,2025-06-26,6,4,2
PHC-DST-C2-03,2025-06-27,6,1,5
PHC-DST-C2-03,2025-06-28,6,2,4
PHC-DST-C2-03,2025-06-29,6,6,0
PHC-DST-C2-03,2025-06-30,6,3,3
PHC-DST-C2-04,2024-01-01,10,3,7
PHC-DST-C2-04,2024-01-02,10,5,5
PHC-DST-C2-04,2024-01-03,10,4,6
PHC-DST-C2-04,2024-01-04,10,4,6
PHC-DST-C2-04,2024-01-05,10,5,5
PHC-DST-C2-04,2024-01-06,10,2,8
PHC-DST-C2-04,2024-01-07,10,5,5
PHC-DST-C2-04,2024-01-08,10,5,5
PHC-DST-C2-04,2024-01-09,10,3,7
PHC-DST-C2-04,2024-01-10,10,4,6
PHC-DST-C2-04,2024-01-11,10,4,6
PHC-DST-C2-04,2024-01-12,10,4,6
PHC-DST-C2-04,2024-01-13,10,5,5
PHC-DST-C2-04,2024-01-14,10,4,6
PHC-DST-C2-04,2024-01-15,10,2,8
PHC-DST-C2-04,2024-01-16,10,4,6
PHC-DST-C2-04,2024-01-17,10,8,2
PHC-DST-C2-04,2024-01-18,10,5,5
PHC-DST-C2-04,2024-01-19,10,3,7
PHC-DST-C2-04,2024-01-20,10,3,7
PHC-DST-C2-04,2024-01-21,10,2,8
PHC-DST-C2-04,2024-01-22,10,2,8
PHC-DST-C2-04,2024-01-23,10,5,5
PHC-DST-C2-04,2024-01-24,10,5,5
PHC-DST-C2-04,2024-01-25,10,7,3
PHC-DST-C2-04,2024-01-26,10,4,6
PHC-DST-C2-04,2024-01-27,10,4,6
PHC-DST-C2-04,2024-01-28,10,6,4
PHC-DST-C2-04,2024-01-29,10,4,6
PHC-DST-C2-04,2024-01-30,10,5,5
PHC-DST-C2-04,2024-01-31,10,4,6
PHC-DST-C2-04,2024-02-01,10,3,7
PHC-DST-C2-04,2024-02-02,10,3,7
PHC-DST-C2-04,2024-02-03,10,3,7
PHC-DST-C2-04,2024-02-04,10,6,4
PHC-DST-C2-04,2024-02-05,10,3,7
PHC-DST-C2-04,2024-02-06,10,8,2
PHC-DST-C2-04,2024-02-07,10,4,6
PHC-DST-C2-04,2024-02-08,10,4,6
PHC-DST-C2-04,2024-02-09,10,5,5
PHC-DST-C2-04,2024-02-10,10,2,8
PHC-DST-C2-04,2024-02-11,10,5,5
PHC-DST-C2-04,2024-02-12,10,3,7
PHC-DST-C2-04,2024-02-13,10,7,3
PHC-DST-C2-04,2024-02-14,10,6,4
PHC-DST-C2-04,2024-02-15,10,4,6
PHC-DST-C2-04,2024-02-16,10,3,7
PHC-DST-C2-04,2024-02-17,10,5,5
PHC-DST-C2-04,2024-02-18,10,4,6
PHC-DST-C2-04,2024-02-19,10,6,4
PHC-DST-C2-04,2024-02-20,10,5,5
PHC-DST-C2-04,2024-02-21,10,5,5
PHC-DST-C2-04,2024-02-22,10,3,7
PHC-DST-C2-04,2024-02-23,10,3,7
PHC-DST-C2-04,2024-02-24,10,3,7
PHC-DST-C2-04,2024-02-25,10,2,8
PHC-DST-C2-04,2024-02-26,10,3,7
PHC-DST-C2-04,2024-02-27,10,3,7
PHC-DST-C2-04,2024-02-28,10,3,7
PHC-DST-C2-04,2024-02-29,10,1,9
PHC-DST-C2-04,2024-03-01,10,1,9
PHC-DST-C2-04,2024-03-02,10,3,7
PHC-DST-C2-04,2024-03-03,10,3,7
PHC-DST-C2-04,2024-03-04,10,4,6
PHC-DST-C2-04,2024-03-05,10,2,8
PHC-DST-C2-04,2024-03-06,10,3,7
PHC-DST-C2-04,2024-03-07,10,4,6
PHC-DST-C2-04,2024-03-08,10,7,3
PHC-DST-C2-04,2024-03-09,10,6,4
PHC-DST-C2-04,2024-03-10,10,5,5
PHC-DST-C2-04,2024-03-11,10,4,6
PHC-DST-C2-04,2024-03-12,10,3,7
PHC-DST-C2-04,2024-03-13,10,6,4
PHC-DST-C2-04,2024-03-14,10,0,10
PHC-DST-C2-04,2024-03-15,10,3,7
PHC-DST-C2-04,2024-03-16,10,4,6
PHC-DST-C2-04,2024-03-17,10,10,0
PHC-DST-C2-04,2024-03-18,10,3,7
PHC-DST-C2-04,2024-03-19,10,3,7
PHC-DST-C2-04,2024-03-20,10,2,8
PHC-DST-C2-04,2024-03-21,10,2,8
PHC-DST-C2-04,2024-03-22,10,4,6
PHC-DST-C2-04,2024-03-23,10,2,8
PHC-DST-C2-04,2024-03-24,10,5,5
PHC-DST-C2-04,2024-03-25,10,2,8
PHC-DST-C2-04,2024-03-26,10,4,6
PHC-DST-C2-04,2024-03-27,10,4,6
PHC-DST-C2-04,2024-03-28,10,2,8
PHC-DST-C2-04,2024-03-29,10,6,4
PHC-DST-C2-04,2024-03-30,10,3,7
PHC-DST-C2-04,2024-03-31,10,3,7
PHC-DST-C2-04,2024-04-01,10,5,5
PHC-DST-C2-04,2024-04-02,10,3,7
PHC-DST-C2-04,2024-04-03,10,4,6
PHC-DST-C2-04,2024-04-04,10,2,8
PHC-DST-C2-04,2024-04-05,10,5,5
PHC-DST-C2-04,2024-04-06,10,5,5
PHC-DST-C2-04,2024-04-07,10,6,4
PHC-DST-C2-04,2024-04-08,10,6,4
PHC-DST-C2-04,2024-04-09,10,4,6
PHC-DST-C2-04,2024-04-10,10,5,5
PHC-DST-C2-04,2024-04-11,10,4,6
PHC-DST-C2-04,2024-04-12,10,4,6
PHC-DST-C2-04,2024-04-13,10,4,6
PHC-DST-C2-04,2024-04-14,10,6,4
PHC-DST-C2-04,2024-04-15,10,4,6
PHC-DST-C2-04,2024-04-16,10,2,8
PHC-DST-C2-04,2024-04-17,10,7,3
PHC-DST-C2-04,2024-04-18,10,2,8
PHC-DST-C2-04,2024-04-19,10,5,5
PHC-DST-C2-04,2024-04-20,10,5,5
PHC-DST-C2-04,2024-04-21,10,5,5
PHC-DST-C2-04,2024-04-22,10,2,8
PHC-DST-C2-04,2024-04-23,10,3,7
PHC-DST-C2-04,2024-04-24,10,5,5
PHC-DST-C2-04,2024-04-25,10,6,4
PHC-DST-C2-04,2024-04-26,10,5,5
PHC-DST-C2-04,2024-04-27,10,4,6
PHC-DST-C2-04,2024-04-28,10,4,6
PHC-DST-C2-04,2024-04-29,10,2,8
PHC-DST-C2-04,2024-04-30,10,6,4
PHC-DST-C2-04,2024-05-01,10,5,5
PHC-DST-C2-04,2024-05-02,10,6,4
PHC-DST-C2-04,2024-05-03,10,5,5
PHC-DST-C2-04,2024-05-04,10,6,4
PHC-DST-C2-04,2024-05-05,10,5,5
PHC-DST-C2-04,2024-05-06,10,2,8
PHC-DST-C2-04,2024-05-07,10,5,5
PHC-DST-C2-04,2024-05-08,10,6,4
PHC-DST-C2-04,2024-05-09,10,3,7
PHC-DST-C2-04,2024-05-10,10,7,3
PHC-DST-C2-04,2024-05-11,10,5,5
PHC-DST-C2-04,2024-05-12,10,4,6
PHC-DST-C2-04,2024-05-13,10,7,3
PHC-DST-C2-04,2024-05-14,10,7,3
PHC-DST-C2-04,2024-05-15,10,5,5
PHC-DST-C2-04,2024-05-16,10,2,8
PHC-DST-C2-04,2024-05-17,10,3,7
PHC-DST-C2-04,2024-05-18,10,5,5
PHC-DST-C2-04,2024-05-19,10,3,7
PHC-DST-C2-04,2024-05-20,10,2,8
PHC-DST-C2-04,2024-05-21,10,10,0
PHC-DST-C2-04,2024-05-22,10,5,5
PHC-DST-C2-04,2024-05-23,10,3,7
PHC-DST-C2-04,2024-05-24,10,5,5
PHC-DST-C2-04,2024-05-25,10,6,4
PHC-DST-C2-04,2024-05-26,10,3,7
PHC-DST-C2-04,2024-05-27,10,4,6
PHC-DST-C2-04,2024-05-28,10,3,7
PHC-DST-C2-04,2024-05-29,10,4,6
PHC-DST-C2-04,2024-05-30,10,6,4
PHC-DST-C2-04,2024-05-31,10,0,10
PHC-DST-C2-04,2024-06-01,10,3,7
PHC-DST-C2-04,2024-06-02,10,4,6
PHC-DST-C2-04,2024-06-03,10,5,5
PHC-DST-C2-04,2024-06-04,10,8,2
PHC-DST-C2-04,2024-06-05,10,4,6
PHC-DST-C2-04,2024-06-06,10,5,5
PHC-DST-C2-04,2024-06-07,10,3,7
PHC-DST-C2-04,2024-06-08,10,6,4
PHC-DST-C2-04,2024-06-09,10,2,8
PHC-DST-C2-04,2024-06-10,10,3,7
PHC-DST-C2-04,2024-06-11,10,3,7
PHC-DST-C2-04,2024-06-12,10,4,6
PHC-DST-C2-04,2024-06-13,10,4,6
PHC-DST-C2-04,2024-06-14,10,3,7
PHC-DST-C2-04,2024-06-15,10,4,6
PHC-DST-C2-04,2024-06-16,10,6,4
PHC-DST-C2-04,2024-06-17,10,7,3
PHC-DST-C2-04,2024-06-18,10,5,5
PHC-DST-C2-04,2024-06-19,10,7,3
PHC-DST-C2-04,2024-06-20,10,6,4
PHC-DST-C2-04,2024-06-21,10,5,5
PHC-DST-C2-04,2024-06-22,10,7,3
PHC-DST-C2-04,2024-06-23,10,3,7
PHC-DST-C2-04,2024-06-24,10,2,8
PHC-DST-C2-04,2024-06-25,10,3,7
PHC-DST-C2-04,2024-06-26,10,5,5
PHC-DST-C2-04,2024-06-27,10,4,6
PHC-DST-C2-04,2024-06-28,10,5,5
PHC-DST-C2-04,2024-06-29,10,4,6
PHC-DST-C2-04,2024-06-30,10,2,8
PHC-DST-C2-04,2024-07-01,10,3,7
PHC-DST-C2-04,2024-07-02,10,3,7
PHC-DST-C2-04,2024-07-03,10,3,7
PHC-DST-C2-04,2024-07-04,10,2,8
PHC-DST-C2-04,2024-07-05,10,3,7
PHC-DST-C2-04,2024-07-06,10,3,7
PHC-DST-C2-04,2024-07-07,10,2,8
PHC-DST-C2-04,2024-07-08,10,7,3
PHC-DST-C2-04,2024-07-09,10,5,5
PHC-DST-C2-04,2024-07-10,10,5,5
PHC-DST-C2-04,2024-07-11,10,4,6
PHC-DST-C2-04,2024-07-12,10,5,5
PHC-DST-C2-04,2024-07-13,10,2,8
PHC-DST-C2-04,2024-07-14,10,5,5
PHC-DST-C2-04,2024-07-15,10,3,7
PHC-DST-C2-04,2024-07-16,10,5,5
PHC-DST-C2-04,2024-07-17,10,3,7
PHC-DST-C2-04,2024-07-18,10,3,7
PHC-DST-C2-04,2024-07-19,10,2,8
PHC-DST-C2-04,2024-07-20,10,3,7
PHC-DST-C2-04,2024-07-21,10,2,8
PHC-DST-C2-04,2024-07-22,10,2,8
PHC-DST-C2-04,2024-07-23,10,4,6
PHC-DST-C2-04,2024-07-24,10,3,7
PHC-DST-C2-04,2024-07-25,10,5,5
PHC-DST-C2-04,2024-07-26,10,5,5
PHC-DST-C2-04,2024-07-27,10,3,7
PHC-DST-C2-04,2024-07-28,10,3,7
PHC-DST-C2-04,2024-07-29,10,7,3
PHC-DST-C2-04,2024-07-30,10,4,6
PHC-DST-C2-04,2024-07-31,10,3,7
PHC-DST-C2-04,2024-08-01,10,3,7
PHC-DST-C2-04,2024-08-02,10,4,6
PHC-DST-C2-04,2024-08-03,10,6,4
PHC-DST-C2-04,2024-08-04,10,6,4
PHC-DST-C2-04,2024-08-05,10,4,6
PHC-DST-C2-04,2024-08-06,10,5,5
PHC-DST-C2-04,2024-08-07,10,6,4
PHC-DST-C2-04,2024-08-08,10,2,8
PHC-DST-C2-04,2024-08-09,10,4,6
PHC-DST-C2-04,2024-08-10,10,5,5
PHC-DST-C2-04,2024-08-11,10,4,6
PHC-DST-C2-04,2024-08-12,10,5,5
PHC-DST-C2-04,2024-08-13,10,4,6
PHC-DST-C2-04,2024-08-14,10,4,6
PHC-DST-C2-04,2024-08-15,10,5,5
PHC-DST-C2-04,2024-08-16,10,7,3
PHC-DST-C2-04,2024-08-17,10,8,2
PHC-DST-C2-04,2024-08-18,10,4,6
PHC-DST-C2-04,2024-08-19,10,6,4
PHC-DST-C2-04,2024-08-20,10,4,6
PHC-DST-C2-04,2024-08-21,10,6,4
PHC-DST-C2-04,2024-08-22,10,3,7
PHC-DST-C2-04,2024-08-23,10,4,6
PHC-DST-C2-04,2024-08-24,10,4,6
PHC-DST-C2-04,2024-08-25,10,6,4
PHC-DST-C2-04,2024-08-26,10,3,7
PHC-DST-C2-04,2024-08-27,10,4,6
PHC-DST-C2-04,2024-08-28,10,4,6
PHC-DST-C2-04,2024-08-29,10,7,3
PHC-DST-C2-04,2024-08-30,10,4,6
PHC-DST-C2-04,2024-08-31,10,4,6
PHC-DST-C2-04,2024-09-01,10,5,5
PHC-DST-C2-04,2024-09-02,10,7,3
PHC-DST-C2-04,2024-09-03,10,8,2
PHC-DST-C2-04,2024-09-04,10,3,7
PHC-DST-C2-04,2024-09-05,10,4,6
PHC-DST-C2-04,2024-09-06,10,8,2
PHC-DST-C2-04,2024-09-07,10,8,2
PHC-DST-C2-04,2024-09-08,10,6,4
PHC-DST-C2-04,2024-09-09,10,3,7
PHC-DST-C2-04,2024-09-10,10,7,3
PHC-DST-C2-04,2024-09-11,10,7,3
PHC-DST-C2-04,2024-09-12,10,4,6
PHC-DST-C2-04,2024-09-13,10,3,7
PHC-DST-C2-04,2024-09-14,10,3,7
PHC-DST-C2-04,2024-09-15,10,5,5
PHC-DST-C2-04,2024-09-16,10,7,3
PHC-DST-C2-04,2024-09-17,10,7,3
PHC-DST-C2-04,2024-09-18,10,4,6
PHC-DST-C2-04,2024-09-19,10,2,8
PHC-DST-C2-04,2024-09-20,10,5,5
PHC-DST-C2-04,2024-09-21,10,3,7
PHC-DST-C2-04,2024-09-22,10,5,5
PHC-DST-C2-04,2024-09-23,10,2,8
PHC-DST-C2-04,2024-09-24,10,6,4
PHC-DST-C2-04,2024-09-25,10,5,5
PHC-DST-C2-04,2024-09-26,10,3,7
PHC-DST-C2-04,2024-09-27,10,4,6
PHC-DST-C2-04,2024-09-28,10,2,8
PHC-DST-C2-04,2024-09-29,10,8,2
PHC-DST-C2-04,2024-09-30,10,2,8
PHC-DST-C2-04,2024-10-01,10,6,4
PHC-DST-C2-04,2024-10-02,10,4,6
PHC-DST-C2-04,2024-10-03,10,4,6
PHC-DST-C2-04,2024-10-04,10,3,7
PHC-DST-C2-04,2024-10-05,10,3,7
PHC-DST-C2-04,2024-10-06,10,5,5
PHC-DST-C2-04,2024-10-07,10,4,6
PHC-DST-C2-04,2024-10-08,10,3,7
PHC-DST-C2-04,2024-10-09,10,3,7
PHC-DST-C2-04,2024-10-10,10,1,9
PHC-DST-C2-04,2024-10-11,10,3,7
PHC-DST-C2-04,2024-10-12,10,5,5
PHC-DST-C2-04,2024-10-13,10,4,6
PHC-DST-C2-04,2024-10-14,10,2,8
PHC-DST-C2-04,2024-10-15,10,2,8
PHC-DST-C2-04,2024-10-16,10,4,6
PHC-DST-C2-04,2024-10-17,10,1,9
PHC-DST-C2-04,2024-10-18,10,2,8
PHC-DST-C2-04,2024-10-19,10,3,7
PHC-DST-C2-04,2024-10-20,10,3,7
PHC-DST-C2-04,2024-10-21,10,5,5
PHC-DST-C2-04,2024-10-22,10,9,1
PHC-DST-C2-04,2024-10-23,10,7,3
PHC-DST-C2-04,2024-10-24,10,2,8
PHC-DST-C2-04,2024-10-25,10,6,4
PHC-DST-C2-04,2024-10-26,10,5,5
PHC-DST-C2-04,2024-10-27,10,7,3
PHC-DST-C2-04,2024-10-28,10,1,9
PHC-DST-C2-04,2024-10-29,10,6,4
PHC-DST-C2-04,2024-10-30,10,2,8
PHC-DST-C2-04,2024-10-31,10,3,7
PHC-DST-C2-04,2024-11-01,10,2,8
PHC-DST-C2-04,2024-11-02,10,3,7
PHC-DST-C2-04,2024-11-03,10,2,8
PHC-DST-C2-04,2024-11-04,10,3,7
PHC-DST-C2-04,2024-11-05,10,2,8
PHC-DST-C2-04,2024-11-06,10,1,9
PHC-DST-C2-04,2024-11-07,10,8,2
PHC-DST-C2-04,2024-11-08,10,5,5
PHC-DST-C2-04,2024-11-09,10,8,2
PHC-DST-C2-04,2024-11-10,10,2,8
PHC-DST-C2-04,2024-11-11,10,4,6
PHC-DST-C2-04,2024-11-12,10,9,1
PHC-DST-C2-04,2024-11-13,10,7,3
PHC-DST-C2-04,2024-11-14,10,4,6
PHC-DST-C2-04,2024-11-15,10,3,7
PHC-DST-C2-04,2024-11-16,10,5,5
PHC-DST-C2-04,2024-11-17,10,3,7
PHC-DST-C2-04,2024-11-18,10,9,1
PHC-DST-C2-04,2024-11-19,10,5,5
PHC-DST-C2-04,2024-11-20,10,5,5
PHC-DST-C2-04,2024-11-21,10,3,7
PHC-DST-C2-04,2024-11-22,10,8,2
PHC-DST-C2-04,2024-11-23,10,4,6
PHC-DST-C2-04,2024-11-24,10,3,7
PHC-DST-C2-04,2024-11-25,10,3,7
PHC-DST-C2-04,2024-11-26,10,5,5
PHC-DST-C2-04,2024-11-27,10,6,4
PHC-DST-C2-04,2024-11-28,10,3,7
PHC-DST-C2-04,2024-11-29,10,5,5
PHC-DST-C2-04,2024-11-30,10,2,8
PHC-DST-C2-04,2024-12-01,10,1,9
PHC-DST-C2-04,2024-12-02,10,4,6
PHC-DST-C2-04,2024-12-03,10,3,7
PHC-DST-C2-04,2024-12-04,10,2,8
PHC-DST-C2-04,2024-12-05,10,1,9
PHC-DST-C2-04,2024-12-06,10,5,5
PHC-DST-C2-04,2024-12-07,10,4,6
PHC-DST-C2-04,2024-12-08,10,4,6
PHC-DST-C2-04,2024-12-09,10,5,5
PHC-DST-C2-04,2024-12-10,10,3,7
PHC-DST-C2-04,2024-12-11,10,7,3
PHC-DST-C2-04,2024-12-12,10,4,6
PHC-DST-C2-04,2024-12-13,10,5,5
PHC-DST-C2-04,2024-12-14,10,4,6
PHC-DST-C2-04,2024-12-15,10,4,6
PHC-DST-C2-04,2024-12-16,10,2,8
PHC-DST-C2-04,2024-12-17,10,2,8
PHC-DST-C2-04,2024-12-18,10,4,6
PHC-DST-C2-04,2024-12-19,10,7,3
PHC-DST-C2-04,2024-12-20,10,6,4
PHC-DST-C2-04,2024-12-21,10,5,5
PHC-DST-C2-04,2024-12-22,10,3,7
PHC-DST-C2-04,2024-12-23,10,6,4
PHC-DST-C2-04,2024-12-24,10,3,7
PHC-DST-C2-04,2024-12-25,10,6,4
PHC-DST-C2-04,2024-12-26,10,5,5
PHC-DST-C2-04,2024-12-27,10,5,5
PHC-DST-C2-04,2024-12-28,10,3,7
PHC-DST-C2-04,2024-12-29,10,6,4
PHC-DST-C2-04,2024-12-30,10,5,5
PHC-DST-C2-04,2024-12-31,10,4,6
PHC-DST-C2-04,2025-01-01,10,2,8
PHC-DST-C2-04,2025-01-02,10,6,4
PHC-DST-C2-04,2025-01-03,10,4,6
PHC-DST-C2-04,2025-01-04,10,6,4
PHC-DST-C2-04,2025-01-05,10,4,6
PHC-DST-C2-04,2025-01-06,10,4,6
PHC-DST-C2-04,2025-01-07,10,6,4
PHC-DST-C2-04,2025-01-08,10,6,4
PHC-DST-C2-04,2025-01-09,10,5,5
PHC-DST-C2-04,2025-01-10,10,4,6
PHC-DST-C2-04,2025-01-11,10,1,9
PHC-DST-C2-04,2025-01-12,10,4,6
PHC-DST-C2-04,2025-01-13,10,9,1
PHC-DST-C2-04,2025-01-14,10,3,7
PHC-DST-C2-04,2025-01-15,10,3,7
PHC-DST-C2-04,2025-01-16,10,2,8
PHC-DST-C2-04,2025-01-17,10,2,8
PHC-DST-C2-04,2025-01-18,10,2,8
PHC-DST-C2-04,2025-01-19,10,5,5
PHC-DST-C2-04,2025-01-20,10,4,6
PHC-DST-C2-04,2025-01-21,10,3,7
PHC-DST-C2-04,2025-01-22,10,3,7
PHC-DST-C2-04,2025-01-23,10,6,4
PHC-DST-C2-04,2025-01-24,10,7,3
PHC-DST-C2-04,2025-01-25,10,4,6
PHC-DST-C2-04,2025-01-26,10,4,6
PHC-DST-C2-04,2025-01-27,10,5,5
PHC-DST-C2-04,2025-01-28,10,5,5
PHC-DST-C2-04,2025-01-29,10,7,3
PHC-DST-C2-04,2025-01-30,10,6,4
PHC-DST-C2-04,2025-01-31,10,4,6
PHC-DST-C2-04,2025-02-01,10,10,0
PHC-DST-C2-04,2025-02-02,10,1,9
PHC-DST-C2-04,2025-02-03,10,3,7
PHC-DST-C2-04,2025-02-04,10,8,2
PHC-DST-C2-04,2025-02-05,10,2,8
PHC-DST-C2-04,2025-02-06,10,2,8
PHC-DST-C2-04,2025-02-07,10,5,5
PHC-DST-C2-04,2025-02-08,10,4,6
PHC-DST-C2-04,2025-02-09,10,4,6
PHC-DST-C2-04,2025-02-10,10,4,6
PHC-DST-C2-04,2025-02-11,10,7,3
PHC-DST-C2-04,2025-02-12,10,1,9
PHC-DST-C2-04,2025-02-13,10,3,7
PHC-DST-C2-04,2025-02-14,10,4,6
PHC-DST-C2-04,2025-02-15,10,3,7
PHC-DST-C2-04,2025-02-16,10,2,8
PHC-DST-C2-04,2025-02-17,10,8,2
PHC-DST-C2-04,2025-02-18,10,6,4
PHC-DST-C2-04,2025-02-19,10,4,6
PHC-DST-C2-04,2025-02-20,10,3,7
PHC-DST-C2-04,2025-02-21,10,7,3
PHC-DST-C2-04,2025-02-22,10,2,8
PHC-DST-C2-04,2025-02-23,10,4,6
PHC-DST-C2-04,2025-02-24,10,3,7
PHC-DST-C2-04,2025-02-25,10,4,6
PHC-DST-C2-04,2025-02-26,10,3,7
PHC-DST-C2-04,2025-02-27,10,4,6
PHC-DST-C2-04,2025-02-28,10,4,6
PHC-DST-C2-04,2025-03-01,10,7,3
PHC-DST-C2-04,2025-03-02,10,5,5
PHC-DST-C2-04,2025-03-03,10,4,6
PHC-DST-C2-04,2025-03-04,10,3,7
PHC-DST-C2-04,2025-03-05,10,2,8
PHC-DST-C2-04,2025-03-06,10,6,4
PHC-DST-C2-04,2025-03-07,10,4,6
PHC-DST-C2-04,2025-03-08,10,3,7
PHC-DST-C2-04,2025-03-09,10,7,3
PHC-DST-C2-04,2025-03-10,10,4,6
PHC-DST-C2-04,2025-03-11,10,5,5
PHC-DST-C2-04,2025-03-12,10,2,8
PHC-DST-C2-04,2025-03-13,10,5,5
PHC-DST-C2-04,2025-03-14,10,4,6
PHC-DST-C2-04,2025-03-15,10,5,5
PHC-DST-C2-04,2025-03-16,10,4,6
PHC-DST-C2-04,2025-03-17,10,4,6
PHC-DST-C2-04,2025-03-18,10,5,5
PHC-DST-C2-04,2025-03-19,10,4,6
PHC-DST-C2-04,2025-03-20,10,4,6
PHC-DST-C2-04,2025-03-21,10,2,8
PHC-DST-C2-04,2025-03-22,10,3,7
PHC-DST-C2-04,2025-03-23,10,5,5
PHC-DST-C2-04,2025-03-24,10,1,9
PHC-DST-C2-04,2025-03-25,10,6,4
PHC-DST-C2-04,2025-03-26,10,3,7
PHC-DST-C2-04,2025-03-27,10,7,3
PHC-DST-C2-04,2025-03-28,10,5,5
PHC-DST-C2-04,2025-03-29,10,7,3
PHC-DST-C2-04,2025-03-30,10,3,7
PHC-DST-C2-04,2025-03-31,10,2,8
PHC-DST-C2-04,2025-04-01,10,9,1
PHC-DST-C2-04,2025-04-02,10,2,8
PHC-DST-C2-04,2025-04-03,10,3,7
PHC-DST-C2-04,2025-04-04,10,5,5
PHC-DST-C2-04,2025-04-05,10,8,2
PHC-DST-C2-04,2025-04-06,10,5,5
PHC-DST-C2-04,2025-04-07,10,4,6
PHC-DST-C2-04,2025-04-08,10,5,5
PHC-DST-C2-04,2025-04-09,10,4,6
PHC-DST-C2-04,2025-04-10,10,6,4
PHC-DST-C2-04,2025-04-11,10,0,10
PHC-DST-C2-04,2025-04-12,10,5,5
PHC-DST-C2-04,2025-04-13,10,5,5
PHC-DST-C2-04,2025-04-14,10,2,8
PHC-DST-C2-04,2025-04-15,10,7,3
PHC-DST-C2-04,2025-04-16,10,4,6
PHC-DST-C2-04,2025-04-17,10,5,5
PHC-DST-C2-04,2025-04-18,10,3,7
PHC-DST-C2-04,2025-04-19,10,3,7
PHC-DST-C2-04,2025-04-20,10,5,5
PHC-DST-C2-04,2025-04-21,10,6,4
PHC-DST-C2-04,2025-04-22,10,2,8
PHC-DST-C2-04,2025-04-23,10,5,5
PHC-DST-C2-04,2025-04-24,10,4,6
PHC-DST-C2-04,2025-04-25,10,4,6
PHC-DST-C2-04,2025-04-26,10,6,4
PHC-DST-C2-04,2025-04-27,10,5,5
PHC-DST-C2-04,2025-04-28,10,4,6
PHC-DST-C2-04,2025-04-29,10,7,3
PHC-DST-C2-04,2025-04-30,10,2,8
PHC-DST-C2-04,2025-05-01,10,8,2
PHC-DST-C2-04,2025-05-02,10,5,5
PHC-DST-C2-04,2025-05-03,10,5,5
PHC-DST-C2-04,2025-05-04,10,5,5
PHC-DST-C2-04,2025-05-05,10,2,8
PHC-DST-C2-04,2025-05-06,10,7,3
PHC-DST-C2-04,2025-05-07,10,2,8
PHC-DST-C2-04,2025-05-08,10,3,7
PHC-DST-C2-04,2025-05-09,10,5,5
PHC-DST-C2-04,2025-05-10,10,4,6
PHC-DST-C2-04,2025-05-11,10,4,6
PHC-DST-C2-04,2025-05-12,10,3,7
PHC-DST-C2-04,2025-05-13,10,4,6
PHC-DST-C2-04,2025-05-14,10,5,5
PHC-DST-C2-04,2025-05-15,10,3,7
PHC-DST-C2-04,2025-05-16,10,3,7
PHC-DST-C2-04,2025-05-17,10,6,4
PHC-DST-C2-04,2025-05-18,10,5,5
PHC-DST-C2-04,2025-05-19,10,5,5
PHC-DST-C2-04,2025-05-20,10,4,6
PHC-DST-C2-04,2025-05-21,10,5,5
PHC-DST-C2-04,2025-05-22,10,2,8
PHC-DST-C2-04,2025-05-23,10,3,7
PHC-DST-C2-04,2025-05-24,10,3,7
PHC-DST-C2-04,2025-05-25,10,5,5
PHC-DST-C2-04,2025-05-26,10,3,7
PHC-DST-C2-04,2025-05-27,10,2,8
PHC-DST-C2-04,2025-05-28,10,3,7
PHC-DST-C2-04,2025-05-29,10,4,6
PHC-DST-C2-04,2025-05-30,10,3,7
PHC-DST-C2-04,2025-05-31,10,3,7
PHC-DST-C2-04,2025-06-01,10,2,8
PHC-DST-C2-04,2025-06-02,10,4,6
PHC-DST-C2-04,2025-06-03,10,2,8
PHC-DST-C2-04,2025-06-04,10,3,7
PHC-DST-C2-04,2025-06-05,10,5,5
PHC-DST-C2-04,2025-06-06,10,4,6
PHC-DST-C2-04,2025-06-07,10,7,3
PHC-DST-C2-04,2025-06-08,10,3,7
PHC-DST-C2-04,2025-06-09,10,5,5
PHC-DST-C2-04,2025-06-10,10,3,7
PHC-DST-C2-04,2025-06-11,10,4,6
PHC-DST-C2-04,2025-06-12,10,6,4
PHC-DST-C2-04,2025-06-13,10,6,4
PHC-DST-C2-04,2025-06-14,10,9,1
PHC-DST-C2-04,2025-06-15,10,7,3
PHC-DST-C2-04,2025-06-16,10,10,0
PHC-DST-C2-04,2025-06-17,10,3,7
PHC-DST-C2-04,2025-06-18,10,5,5
PHC-DST-C2-04,2025-06-19,10,4,6
PHC-DST-C2-04,2025-06-20,10,3,7
PHC-DST-C2-04,2025-06-21,10,6,4
PHC-DST-C2-04,2025-06-22,10,7,3
PHC-DST-C2-04,2025-06-23,10,3,7
PHC-DST-C2-04,2025-06-24,10,3,7
PHC-DST-C2-04,2025-06-25,10,5,5
PHC-DST-C2-04,2025-06-26,10,7,3
PHC-DST-C2-04,2025-06-27,10,3,7
PHC-DST-C2-04,2025-06-28,10,5,5
PHC-DST-C2-04,2025-06-29,10,4,6
PHC-DST-C2-04,2025-06-30,10,4,6
PHC-DST-C2-05,2024-01-01,6,2,4
PHC-DST-C2-05,2024-01-02,6,3,3
PHC-DST-C2-05,2024-01-03,6,1,5
PHC-DST-C2-05,2024-01-04,6,2,4
PHC-DST-C2-05,2024-01-05,6,3,3
PHC-DST-C2-05,2024-01-06,6,0,6
PHC-DST-C2-05,2024-01-07,6,6,0
PHC-DST-C2-05,2024-01-08,6,3,3
PHC-DST-C2-05,2024-01-09,6,2,4
PHC-DST-C2-05,2024-01-10,6,2,4
PHC-DST-C2-05,2024-01-11,6,1,5
PHC-DST-C2-05,2024-01-12,6,1,5
PHC-DST-C2-05,2024-01-13,6,3,3
PHC-DST-C2-05,2024-01-14,6,4,2
PHC-DST-C2-05,2024-01-15,6,0,6
PHC-DST-C2-05,2024-01-16,6,6,0
PHC-DST-C2-05,2024-01-17,6,3,3
PHC-DST-C2-05,2024-01-18,6,1,5
PHC-DST-C2-05,2024-01-19,6,1,5
PHC-DST-C2-05,2024-01-20,6,2,4
PHC-DST-C2-05,2024-01-21,6,1,5
PHC-DST-C2-05,2024-01-22,6,1,5
PHC-DST-C2-05,2024-01-23,6,3,3
PHC-DST-C2-05,2024-01-24,6,3,3
PHC-DST-C2-05,2024-01-25,6,2,4
PHC-DST-C2-05,2024-01-26,6,3,3
PHC-DST-C2-05,2024-01-27,6,2,4
PHC-DST-C2-05,2024-01-28,6,5,1
PHC-DST-C2-05,2024-01-29,6,4,2
PHC-DST-C2-05,2024-01-30,6,2,4
PHC-DST-C2-05,2024-01-31,6,1,5
PHC-DST-C2-05,2024-02-01,6,1,5
PHC-DST-C2-05,2024-02-02,6,1,5
PHC-DST-C2-05,2024-02-03,6,2,4
PHC-DST-C2-05,2024-02-04,6,4,2
PHC-DST-C2-05,2024-02-05,6,3,3
PHC-DST-C2-05,2024-02-06,6,2,4
PHC-DST-C2-05,2024-02-07,6,4,2
PHC-DST-C2-05,2024-02-08,6,2,4
PHC-DST-C2-05,2024-02-09,6,2,4
PHC-DST-C2-05,2024-02-10,6,1,5
PHC-DST-C2-05,2024-02-11,6,5,1
PHC-DST-C2-05,2024-02-12,6,3,3
PHC-DST-C2-05,2024-02-13,6,2,4
PHC-DST-C2-05,2024-02-14,6,2,4
PHC-DST-C2-05,2024-02-15,6,3,3
PHC-DST-C2-05,2024-02-16,6,5,1
PHC-DST-C2-05,2024-02-17,6,1,5
PHC-DST-C2-05,2024-02-18,6,3,3
PHC-DST-C2-05,2024-02-19,6,2,4
PHC-DST-C2-05,2024-02-20,6,6,0
PHC-DST-C2-05,2024-02-21,6,3,3
PHC-DST-C2-05,2024-02-22,6,3,3
PHC-DST-C2-05,2024-02-23,6,0,6
PHC-DST-C2-05,2024-02-24,6,2,4
PHC-DST-C2-05,2024-02-25,6,3,3
PHC-DST-C2-05,2024-02-26,6,1,5
PHC-DST-C2-05,2024-02-27,6,1,5
PHC-DST-C2-05,2024-02-28,6,3,3
PHC-DST-C2-05,2024-02-29,6,6,0
PHC-DST-C2-05,2024-03-01,6,2,4
PHC-DST-C2-05,2024-03-02,6,6,0
PHC-DST-C2-05,2024-03-03,6,0,6
PHC-DST-C2-05,2024-03-04,6,6,0
PHC-DST-C2-05,2024-03-05,6,3,3
PHC-DST-C2-05,2024-03-06,6,3,3
PHC-DST-C2-05,2024-03-07,6,2,4
PHC-DST-C2-05,2024-03-08,6,0,6
PHC-DST-C2-05,2024-03-09,6,3,3
PHC-DST-C2-05,2024-03-10,6,3,3
PHC-DST-C2-05,2024-03-11,6,1,5
PHC-DST-C2-05,2024-03-12,6,3,3
PHC-DST-C2-05,2024-03-13,6,1,5
PHC-DST-C2-05,2024-03-14,6,4,2
PHC-DST-C2-05,2024-03-15,6,1,5
PHC-DST-C2-05,2024-03-16,6,2,4
PHC-DST-C2-05,2024-03-17,6,4,2
PHC-DST-C2-05,2024-03-18,6,2,4
PHC-DST-C2-05,2024-03-19,6,3,3
PHC-DST-C2-05,2024-03-20,6,2,4
PHC-DST-C2-05,2024-03-21,6,3,3
PHC-DST-C2-05,2024-03-22,6,3,3
PHC-DST-C2-05,2024-03-23,6,5,1
PHC-DST-C2-05,2024-03-24,6,4,2
PHC-DST-C2-05,2024-03-25,6,1,5
PHC-DST-C2-05,2024-03-26,6,2,4
PHC-DST-C2-05,2024-03-27,6,3,3
PHC-DST-C2-05,2024-03-28,6,4,2
PHC-DST-C2-05,2024-03-29,6,3,3
PHC-DST-C2-05,2024-03-30,6,3,3
PHC-DST-C2-05,2024-03-31,6,4,2
PHC-DST-C2-05,2024-04-01,6,2,4
PHC-DST-C2-05,2024-04-02,6,5,1
PHC-DST-C2-05,2024-04-03,6,2,4
PHC-DST-C2-05,2024-04-04,6,1,5
PHC-DST-C2-05,2024-04-05,6,1,5
PHC-DST-C2-05,2024-04-06,6,2,4
PHC-DST-C2-05,2024-04-07,6,2,4
PHC-DST-C2-05,2024-04-08,6,5,1
PHC-DST-C2-05,2024-04-09,6,3,3
PHC-DST-C2-05,2024-04-10,6,6,0
PHC-DST-C2-05,2024-04-11,6,2,4
PHC-DST-C2-05,2024-04-12,6,4,2
PHC-DST-C2-05,2024-04-13,6,1,5
PHC-DST-C2-05,2024-04-14,6,3,3
PHC-DST-C2-05,2024-04-15,6,2,4
PHC-DST-C2-05,2024-04-16,6,2,4
PHC-DST-C2-05,2024-04-17,6,3,3
PHC-DST-C2-05,2024-04-18,6,4,2
PHC-DST-C2-05,2024-04-19,6,1,5
PHC-DST-C2-05,2024-04-20,6,2,4
PHC-DST-C2-05,2024-04-21,6,2,4
PHC-DST-C2-05,2024-04-22,6,4,2
PHC-DST-C2-05,2024-04-23,6,1,5
PHC-DST-C2-05,2024-04-24,6,4,2
PHC-DST-C2-05,2024-04-25,6,5,1
PHC-DST-C2-05,2024-04-26,6,2,4
PHC-DST-C2-05,2024-04-27,6,5,1
PHC-DST-C2-05,2024-04-28,6,1,5
PHC-DST-C2-05,2024-04-29,6,2,4
PHC-DST-C2-05,2024-04-30,6,2,4
PHC-DST-C2-05,2024-05-01,6,4,2
PHC-DST-C2-05,2024-05-02,6,3,3
PHC-DST-C2-05,2024-05-03,6,4,2
PHC-DST-C2-05,2024-05-04,6,2,4
PHC-DST-C2-05,2024-05-05,6,3,3
PHC-DST-C2-05,2024-05-06,6,3,3
PHC-DST-C2-05,2024-05-07,6,2,4
PHC-DST-C2-05,2024-05-08,6,4,2
PHC-DST-C2-05,2024-05-09,6,4,2
PHC-DST-C2-05,2024-05-10,6,2,4
PHC-DST-C2-05,2024-05-11,6,3,3
PHC-DST-C2-05,2024-05-12,6,4,2
PHC-DST-C2-05,2024-05-13,6,1,5
PHC-DST-C2-05,2024-05-14,6,2,4
PHC-DST-C2-05,2024-05-15,6,1,5
PHC-DST-C2-05,2024-05-16,6,2,4
PHC-DST-C2-05,2024-05-17,6,3,3
PHC-DST-C2-05,2024-05-18,6,6,0
PHC-DST-C2-05,2024-05-19,6,1,5
PHC-DST-C2-05,2024-05-20,6,2,4
PHC-DST-C2-05,2024-05-21,6,4,2
PHC-DST-C2-05,2024-05-22,6,3,3
PHC-DST-C2-05,2024-05-23,6,4,2
PHC-DST-C2-05,2024-05-24,6,3,3
PHC-DST-C2-05,2024-05-25,6,3,3
PHC-DST-C2-05,2024-05-26,6,2,4
PHC-DST-C2-05,2024-05-27,6,4,2
PHC-DST-C2-05,2024-05-28,6,3,3
PHC-DST-C2-05,2024-05-29,6,1,5
PHC-DST-C2-05,2024-05-30,6,1,5
PHC-DST-C2-05,2024-05-31,6,1,5
PHC-DST-C2-05,2024-06-01,6,2,4
PHC-DST-C2-05,2024-06-02,6,1,5
PHC-DST-C2-05,2024-06-03,6,1,5
PHC-DST-C2-05,2024-06-04,6,2,4
PHC-DST-C2-05,2024-06-05,6,0,6
PHC-DST-C2-05,2024-06-06,6,3,3
PHC-DST-C2-05,2024-06-07,6,5,1
PHC-DST-C2-05,2024-06-08,6,1,5
PHC-DST-C2-05,2024-06-09,6,3,3
PHC-DST-C2-05,2024-06-10,6,4,2
PHC-DST-C2-05,2024-06-11,6,1,5
PHC-DST-C2-05,2024-06-12,6,6,0
PHC-DST-C2-05,2024-06-13,6,3,3
PHC-DST-C2-05,2024-06-14,6,2,4
PHC-DST-C2-05,2024-06-15,6,2,4
PHC-DST-C2-05,2024-06-16,6,0,6
PHC-DST-C2-05,2024-06-17,6,5,1
PHC-DST-C2-05,2024-06-18,6,2,4
PHC-DST-C2-05,2024-06-19,6,3,3
PHC-DST-C2-05,2024-06-20,6,3,3
PHC-DST-C2-05,2024-06-21,6,3,3
PHC-DST-C2-05,2024-06-22,6,2,4
PHC-DST-C2-05,2024-06-23,6,3,3
PHC-DST-C2-05,2024-06-24,6,2,4
PHC-DST-C2-05,2024-06-25,6,3,3
PHC-DST-C2-05,2024-06-26,6,4,2
PHC-DST-C2-05,2024-06-27,6,2,4
PHC-DST-C2-05,2024-06-28,6,2,4
PHC-DST-C2-05,2024-06-29,6,2,4
PHC-DST-C2-05,2024-06-30,6,0,6
PHC-DST-C2-05,2024-07-01,6,1,5
PHC-DST-C2-05,2024-07-02,6,1,5
PHC-DST-C2-05,2024-07-03,6,3,3
PHC-DST-C2-05,2024-07-04,6,2,4
PHC-DST-C2-05,2024-07-05,6,2,4
PHC-DST-C2-05,2024-07-06,6,0,6
PHC-DST-C2-05,2024-07-07,6,6,0
PHC-DST-C2-05,2024-07-08,6,0,6
PHC-DST-C2-05,2024-07-09,6,3,3
PHC-DST-C2-05,2024-07-10,6,4,2
PHC-DST-C2-05,2024-07-11,6,0,6
PHC-DST-C2-05,2024-07-12,6,6,0
PHC-DST-C2-05,2024-07-13,6,1,5
PHC-DST-C2-05,2024-07-14,6,2,4
PHC-DST-C2-05,2024-07-15,6,2,4
PHC-DST-C2-05,2024-07-16,6,2,4
PHC-DST-C2-05,2024-07-17,6,2,4
PHC-DST-C2-05,2024-07-18,6,4,2
PHC-DST-C2-05,2024-07-19,6,0,6
PHC-DST-C2-05,2024-07-20,6,2,4
PHC-DST-C2-05,2024-07-21,6,3,3
PHC-DST-C2-05,2024-07-22,6,6,0
PHC-DST-C2-05,2024-07-23,6,3,3
PHC-DST-C2-05,2024-07-24,6,1,5
PHC-DST-C2-05,2024-07-25,6,5,1
PHC-DST-C2-05,2024-07-26,6,2,4
PHC-DST-C2-05,2024-07-27,6,4,2
PHC-DST-C2-05,2024-07-28,6,0,6
PHC-DST-C2-05,2024-07-29,6,2,4
PHC-DST-C2-05,2024-07-30,6,3,3
PHC-DST-C2-05,2024-07-31,6,0,6
PHC-DST-C2-05,2024-08-01,6,1,5
PHC-DST-C2-05,2024-08-02,6,0,6
PHC-DST-C2-05,2024-08-03,6,2,4
PHC-DST-C2-05,2024-08-04,6,0,6
PHC-DST-C2-05,2024-08-05,6,2,4
PHC-DST-C2-05,2024-08-06,6,4,2
PHC-DST-C2-05,2024-08-07,6,0,6
PHC-DST-C2-05,2024-08-08,6,6,0
PHC-DST-C2-05,2024-08-09,6,2,4
PHC-DST-C2-05,2024-08-10,6,3,3
PHC-DST-C2-05,2024-08-11,6,3,3
PHC-DST-C2-05,2024-08-12,6,2,4
PHC-DST-C2-05,2024-08-13,6,6,0
PHC-DST-C2-05,2024-08-14,6,1,5
PHC-DST-C2-05,2024-08-15,6,6,0
PHC-DST-C2-05,2024-08-16,6,4,2
PHC-DST-C2-05,2024-08-17,6,3,3
PHC-DST-C2-05,2024-08-18,6,2,4
PHC-DST-C2-05,2024-08-19,6,5,1
PHC-DST-C2-05,2024-08-20,6,3,3
PHC-DST-C2-05,2024-08-21,6,3,3
PHC-DST-C2-05,2024-08-22,6,5,1
PHC-DST-C2-05,2024-08-23,6,6,0
PHC-DST-C2-05,2024-08-24,6,6,0
PHC-DST-C2-05,2024-08-25,6,2,4
PHC-DST-C2-05,2024-08-26,6,6,0
PHC-DST-C2-05,2024-08-27,6,4,2
PHC-DST-C2-05,2024-08-28,6,4,2
PHC-DST-C2-05,2024-08-29,6,2,4
PHC-DST-C2-05,2024-08-30,6,5,1
PHC-DST-C2-05,2024-08-31,6,0,6
PHC-DST-C2-05,2024-09-01,6,1,5
PHC-DST-C2-05,2024-09-02,6,2,4
PHC-DST-C2-05,2024-09-03,6,4,2
PHC-DST-C2-05,2024-09-04,6,4,2
PHC-DST-C2-05,2024-09-05,6,3,3
PHC-DST-C2-05,2024-09-06,6,6,0
PHC-DST-C2-05,2024-09-07,6,2,4
PHC-DST-C2-05,2024-09-08,6,2,4
PHC-DST-C2-05,2024-09-09,6,3,3
PHC-DST-C2-05,2024-09-10,6,3,3
PHC-DST-C2-05,2024-09-11,6,4,2
PHC-DST-C2-05,2024-09-12,6,6,0
PHC-DST-C2-05,2024-09-13,6,2,4
PHC-DST-C2-05,2024-09-14,6,4,2
PHC-DST-C2-05,2024-09-15,6,0,6
PHC-DST-C2-05,2024-09-16,6,3,3
PHC-DST-C2-05,2024-09-17,6,3,3
PHC-DST-C2-05,2024-09-18,6,3,3
PHC-DST-C2-05,2024-09-19,6,2,4
PHC-DST-C2-05,2024-09-20,6,4,2
PHC-DST-C2-05,2024-09-21,6,0,6
PHC-DST-C2-05,2024-09-22,6,3,3
PHC-DST-C2-05,2024-09-23,6,1,5
PHC-DST-C2-05,2024-09-24,6,6,0
PHC-DST-C2-05,2024-09-25,6,2,4
PHC-DST-C2-05,2024-09-26,6,2,4
PHC-DST-C2-05,2024-09-27,6,2,4
PHC-DST-C2-05,2024-09-28,6,6,0
PHC-DST-C2-05,2024-09-29,6,1,5
PHC-DST-C2-05,2024-09-30,6,3,3
PHC-DST-C2-05,2024-10-01,6,1,5
PHC-DST-C2-05,2024-10-02,6,4,2
PHC-DST-C2-05,2024-10-03,6,1,5
PHC-DST-C2-05,2024-10-04,6,5,1
PHC-DST-C2-05,2024-10-05,6,1,5
PHC-DST-C2-05,2024-10-06,6,0,6
PHC-DST-C2-05,2024-10-07,6,3,3
PHC-DST-C2-05,2024-10-08,6,1,5
PHC-DST-C2-05,2024-10-09,6,4,2
PHC-DST-C2-05,2024-10-10,6,2,4
PHC-DST-C2-05,2024-10-11,6,1,5
PHC-DST-C2-05,2024-10-12,6,1,5
PHC-DST-C2-05,2024-10-13,6,4,2
PHC-DST-C2-05,2024-10-14,6,4,2
PHC-DST-C2-05,2024-10-15,6,3,3
PHC-DST-C2-05,2024-10-16,6,6,0
PHC-DST-C2-05,2024-10-17,6,2,4
PHC-DST-C2-05,2024-10-18,6,2,4
PHC-DST-C2-05,2024-10-19,6,0,6
PHC-DST-C2-05,2024-10-20,6,3,3
PHC-DST-C2-05,2024-10-21,6,1,5
PHC-DST-C2-05,2024-10-22,6,3,3
PHC-DST-C2-05,2024-10-23,6,0,6
PHC-DST-C2-05,2024-10-24,6,1,5
PHC-DST-C2-05,2024-10-25,6,5,1
PHC-DST-C2-05,2024-10-26,6,4,2
PHC-DST-C2-05,2024-10-27,6,2,4
PHC-DST-C2-05,2024-10-28,6,2,4
PHC-DST-C2-05,2024-10-29,6,5,1
PHC-DST-C2-05,2024-10-30,6,6,0
PHC-DST-C2-05,2024-10-31,6,3,3
PHC-DST-C2-05,2024-11-01,6,4,2
PHC-DST-C2-05,2024-11-02,6,6,0
PHC-DST-C2-05,2024-11-03,6,2,4
PHC-DST-C2-05,2024-11-04,6,2,4
PHC-DST-C2-05,2024-11-05,6,1,5
PHC-DST-C2-05,2024-11-06,6,6,0
PHC-DST-C2-05,2024-11-07,6,0,6
PHC-DST-C2-05,2024-11-08,6,1,5
PHC-DST-C2-05,2024-11-09,6,5,1
PHC-DST-C2-05,2024-11-10,6,2,4
PHC-DST-C2-05,2024-11-11,6,2,4
PHC-DST-C2-05,2024-11-12,6,1,5
PHC-DST-C2-05,2024-11-13,6,3,3
PHC-DST-C2-05,2024-11-14,6,5,1
PHC-DST-C2-05,2024-11-15,6,3,3
PHC-DST-C2-05,2024-11-16,6,0,6
PHC-DST-C2-05,2024-11-17,6,5,1
PHC-DST-C2-05,2024-11-18,6,0,6
PHC-DST-C2-05,2024-11-19,6,1,5
PHC-DST-C2-05,2024-11-20,6,2,4
PHC-DST-C2-05,2024-11-21,6,2,4
PHC-DST-C2-05,2024-11-22,6,3,3
PHC-DST-C2-05,2024-11-23,6,3,3
PHC-DST-C2-05,2024-11-24,6,6,0
PHC-DST-C2-05,2024-11-25,6,3,3
PHC-DST-C2-05,2024-11-26,6,5,1
PHC-DST-C2-05,2024-11-27,6,2,4
PHC-DST-C2-05,2024-11-28,6,2,4
PHC-DST-C2-05,2024-11-29,6,3,3
PHC-DST-C2-05,2024-11-30,6,4,2
PHC-DST-C2-05,2024-12-01,6,1,5
PHC-DST-C2-05,2024-12-02,6,4,2
PHC-DST-C2-05,2024-12-03,6,3,3
PHC-DST-C2-05,2024-12-04,6,3,3
PHC-DST-C2-05,2024-12-05,6,6,0
PHC-DST-C2-05,2024-12-06,6,2,4
PHC-DST-C2-05,2024-12-07,6,3,3
PHC-DST-C2-05,2024-12-08,6,3,3
PHC-DST-C2-05,2024-12-09,6,2,4
PHC-DST-C2-05,2024-12-10,6,4,2
PHC-DST-C2-05,2024-12-11,6,2,4
PHC-DST-C2-05,2024-12-12,6,3,3
PHC-DST-C2-05,2024-12-13,6,3,3
PHC-DST-C2-05,2024-12-14,6,4,2
PHC-DST-C2-05,2024-12-15,6,2,4
PHC-DST-C2-05,2024-12-16,6,1,5
PHC-DST-C2-05,2024-12-17,6,2,4
PHC-DST-C2-05,2024-12-18,6,3,3
PHC-DST-C2-05,2024-12-19,6,2,4
PHC-DST-C2-05,2024-12-20,6,1,5
PHC-DST-C2-05,2024-12-21,6,0,6
PHC-DST-C2-05,2024-12-22,6,2,4
PHC-DST-C2-05,2024-12-23,6,2,4
PHC-DST-C2-05,2024-12-24,6,2,4
PHC-DST-C2-05,2024-12-25,6,6,0
PHC-DST-C2-05,2024-12-26,6,2,4
PHC-DST-C2-05,2024-12-27,6,4,2
PHC-DST-C2-05,2024-12-28,6,1,5
PHC-DST-C2-05,2024-12-29,6,4,2
PHC-DST-C2-05,2024-12-30,6,2,4
PHC-DST-C2-05,2024-12-31,6,3,3
PHC-DST-C2-05,2025-01-01,6,6,0
PHC-DST-C2-05,2025-01-02,6,1,5
PHC-DST-C2-05,2025-01-03,6,3,3
PHC-DST-C2-05,2025-01-04,6,5,1
PHC-DST-C2-05,2025-01-05,6,5,1
PHC-DST-C2-05,2025-01-06,6,5,1
PHC-DST-C2-05,2025-01-07,6,3,3
PHC-DST-C2-05,2025-01-08,6,1,5
PHC-DST-C2-05,2025-01-09,6,2,4
PHC-DST-C2-05,2025-01-10,6,5,1
PHC-DST-C2-05,2025-01-11,6,3,3
PHC-DST-C2-05,2025-01-12,6,4,2
PHC-DST-C2-05,2025-01-13,6,5,1
PHC-DST-C2-05,2025-01-14,6,1,5
PHC-DST-C2-05,2025-01-15,6,0,6
PHC-DST-C2-05,2025-01-16,6,3,3
PHC-DST-C2-05,2025-01-17,6,2,4
PHC-DST-C2-05,2025-01-18,6,4,2
PHC-DST-C2-05,2025-01-19,6,3,3
PHC-DST-C2-05,2025-01-20,6,3,3
PHC-DST-C2-05,2025-01-21,6,2,4
PHC-DST-C2-05,2025-01-22,6,4,2
PHC-DST-C2-05,2025-01-23,6,5,1
PHC-DST-C2-05,2025-01-24,6,3,3
PHC-DST-C2-05,2025-01-25,6,2,4
PHC-DST-C2-05,2025-01-26,6,1,5
PHC-DST-C2-05,2025-01-27,6,1,5
PHC-DST-C2-05,2025-01-28,6,4,2
PHC-DST-C2-05,2025-01-29,6,2,4
PHC-DST-C2-05,2025-01-30,6,3,3
PHC-DST-C2-05,2025-01-31,6,1,5
PHC-DST-C2-05,2025-02-01,6,2,4
PHC-DST-C2-05,2025-02-02,6,1,5
PHC-DST-C2-05,2025-02-03,6,3,3
PHC-DST-C2-05,2025-02-04,6,3,3
PHC-DST-C2-05,2025-02-05,6,2,4
PHC-DST-C2-05,2025-02-06,6,2,4
PHC-DST-C2-05,2025-02-07,6,2,4
PHC-DST-C2-05,2025-02-08,6,2,4
PHC-DST-C2-05,2025-02-09,6,1,5
PHC-DST-C2-05,2025-02-10,6,2,4
PHC-DST-C2-05,2025-02-11,6,0,6
PHC-DST-C2-05,2025-02-12,6,1,5
PHC-DST-C2-05,2025-02-13,6,5,1
PHC-DST-C2-05,2025-02-14,6,5,1
PHC-DST-C2-05,2025-02-15,6,0,6
PHC-DST-C2-05,2025-02-16,6,2,4
PHC-DST-C2-05,2025-02-17,6,3,3
PHC-DST-C2-05,2025-02-18,6,3,3
PHC-DST-C2-05,2025-02-19,6,6,0
PHC-DST-C2-05,2025-02-20,6,2,4
PHC-DST-C2-05,2025-02-21,6,1,5
PHC-DST-C2-05,2025-02-22,6,6,0
PHC-DST-C2-05,2025-02-23,6,3,3
PHC-DST-C2-05,2025-02-24,6,4,2
PHC-DST-C2-05,2025-02-25,6,3,3
PHC-DST-C2-05,2025-02-26,6,1,5
PHC-DST-C2-05,2025-02-27,6,4,2
PHC-DST-C2-05,2025-02-28,6,5,1
PHC-DST-C2-05,2025-03-01,6,4,2
PHC-DST-C2-05,2025-03-02,6,3,3
PHC-DST-C2-05,2025-03-03,6,5,1
PHC-DST-C2-05,2025-03-04,6,3,3
PHC-DST-C2-05,2025-03-05,6,4,2
PHC-DST-C2-05,2025-03-06,6,2,4
PHC-DST-C2-05,2025-03-07,6,1,5
PHC-DST-C2-05,2025-03-08,6,1,5
PHC-DST-C2-05,2025-03-09,6,4,2
PHC-DST-C2-05,2025-03-10,6,2,4
PHC-DST-C2-05,2025-03-11,6,1,5
PHC-DST-C2-05,2025-03-12,6,3,3
PHC-DST-C2-05,2025-03-13,6,6,0
PHC-DST-C2-05,2025-03-14,6,4,2
PHC-DST-C2-05,2025-03-15,6,5,1
PHC-DST-C2-05,2025-03-16,6,3,3
PHC-DST-C2-05,2025-03-17,6,3,3
PHC-DST-C2-05,2025-03-18,6,0,6
PHC-DST-C2-05,2025-03-19,6,3,3
PHC-DST-C2-05,2025-03-20,6,3,3
PHC-DST-C2-05,2025-03-21,6,3,3
PHC-DST-C2-05,2025-03-22,6,2,4
PHC-DST-C2-05,2025-03-23,6,2,4
PHC-DST-C2-05,2025-03-24,6,4,2
PHC-DST-C2-05,2025-03-25,6,4,2
PHC-DST-C2-05,2025-03-26,6,1,5
PHC-DST-C2-05,2025-03-27,6,3,3
PHC-DST-C2-05,2025-03-28,6,2,4
PHC-DST-C2-05,2025-03-29,6,3,3
PHC-DST-C2-05,2025-03-30,6,5,1
PHC-DST-C2-05,2025-03-31,6,2,4
PHC-DST-C2-05,2025-04-01,6,2,4
PHC-DST-C2-05,2025-04-02,6,2,4
PHC-DST-C2-05,2025-04-03,6,4,2
PHC-DST-C2-05,2025-04-04,6,1,5
PHC-DST-C2-05,2025-04-05,6,0,6
PHC-DST-C2-05,2025-04-06,6,3,3
PHC-DST-C2-05,2025-04-07,6,1,5
PHC-DST-C2-05,2025-04-08,6,2,4
PHC-DST-C2-05,2025-04-09,6,6,0
PHC-DST-C2-05,2025-04-10,6,2,4
PHC-DST-C2-05,2025-04-11,6,1,5
PHC-DST-C2-05,2025-04-12,6,0,6
PHC-DST-C2-05,2025-04-13,6,1,5
PHC-DST-C2-05,2025-04-14,6,6,0
PHC-DST-C2-05,2025-04-15,6,0,6
PHC-DST-C2-05,2025-04-16,6,3,3
PHC-DST-C2-05,2025-04-17,6,1,5
PHC-DST-C2-05,2025-04-18,6,2,4
PHC-DST-C2-05,2025-04-19,6,0,6
PHC-DST-C2-05,2025-04-20,6,5,1
PHC-DST-C2-05,2025-04-21,6,5,1
PHC-DST-C2-05,2025-04-22,6,1,5
PHC-DST-C2-05,2025-04-23,6,2,4
PHC-DST-C2-05,2025-04-24,6,2,4
PHC-DST-C2-05,2025-04-25,6,4,2
PHC-DST-C2-05,2025-04-26,6,1,5
PHC-DST-C2-05,2025-04-27,6,2,4
PHC-DST-C2-05,2025-04-28,6,1,5
PHC-DST-C2-05,2025-04-29,6,3,3
PHC-DST-C2-05,2025-04-30,6,2,4
PHC-DST-C2-05,2025-05-01,6,2,4
PHC-DST-C2-05,2025-05-02,6,2,4
PHC-DST-C2-05,2025-05-03,6,6,0
PHC-DST-C2-05,2025-05-04,6,2,4
PHC-DST-C2-05,2025-05-05,6,1,5
PHC-DST-C2-05,2025-05-06,6,0,6
PHC-DST-C2-05,2025-05-07,6,4,2
PHC-DST-C2-05,2025-05-08,6,5,1
PHC-DST-C2-05,2025-05-09,6,2,4
PHC-DST-C2-05,2025-05-10,6,3,3
PHC-DST-C2-05,2025-05-11,6,2,4
PHC-DST-C2-05,2025-05-12,6,4,2
PHC-DST-C2-05,2025-05-13,6,6,0
PHC-DST-C2-05,2025-05-14,6,0,6
PHC-DST-C2-05,2025-05-15,6,3,3
PHC-DST-C2-05,2025-05-16,6,2,4
PHC-DST-C2-05,2025-05-17,6,1,5
PHC-DST-C2-05,2025-05-18,6,2,4
PHC-DST-C2-05,2025-05-19,6,1,5
PHC-DST-C2-05,2025-05-20,6,3,3
PHC-DST-C2-05,2025-05-21,6,2,4
PHC-DST-C2-05,2025-05-22,6,2,4
PHC-DST-C2-05,2025-05-23,6,2,4
PHC-DST-C2-05,2025-05-24,6,1,5
PHC-DST-C2-05,2025-05-25,6,2,4
PHC-DST-C2-05,2025-05-26,6,1,5
PHC-DST-C2-05,2025-05-27,6,2,4
PHC-DST-C2-05,2025-05-28,6,3,3
PHC-DST-C2-05,2025-05-29,6,2,4
PHC-DST-C2-05,2025-05-30,6,6,0
PHC-DST-C2-05,2025-05-31,6,2,4
PHC-DST-C2-05,2025-06-01,6,1,5
PHC-DST-C2-05,2025-06-02,6,3,3
PHC-DST-C2-05,2025-06-03,6,0,6
PHC-DST-C2-05,2025-06-04,6,2,4
PHC-DST-C2-05,2025-06-05,6,0,6
PHC-DST-C2-05,2025-06-06,6,5,1
PHC-DST-C2-05,2025-06-07,6,2,4
PHC-DST-C2-05,2025-06-08,6,3,3
PHC-DST-C2-05,2025-06-09,6,2,4
PHC-DST-C2-05,2025-06-10,6,3,3
PHC-DST-C2-05,2025-06-11,6,1,5
PHC-DST-C2-05,2025-06-12,6,6,0
PHC-DST-C2-05,2025-06-13,6,2,4
PHC-DST-C2-05,2025-06-14,6,4,2
PHC-DST-C2-05,2025-06-15,6,5,1
PHC-DST-C2-05,2025-06-16,6,6,0
PHC-DST-C2-05,2025-06-17,6,1,5
PHC-DST-C2-05,2025-06-18,6,1,5
PHC-DST-C2-05,2025-06-19,6,2,4
PHC-DST-C2-05,2025-06-20,6,3,3
PHC-DST-C2-05,2025-06-21,6,2,4
PHC-DST-C2-05,2025-06-22,6,3,3
PHC-DST-C2-05,2025-06-23,6,4,2
PHC-DST-C2-05,2025-06-24,6,4,2
PHC-DST-C2-05,2025-06-25,6,1,5
PHC-DST-C2-05,2025-06-26,6,2,4
PHC-DST-C2-05,2025-06-27,6,1,5
PHC-DST-C2-05,2025-06-28,6,6,0
PHC-DST-C2-05,2025-06-29,6,3,3
PHC-DST-C2-05,2025-06-30,6,0,6
PHC-DST-C2-06,2024-01-01,6,5,1
PHC-DST-C2-06,2024-01-02,6,6,0
PHC-DST-C2-06,2024-01-03,6,6,0
PHC-DST-C2-06,2024-01-04,6,4,2
PHC-DST-C2-06,2024-01-05,6,4,2
PHC-DST-C2-06,2024-01-06,6,5,1
PHC-DST-C2-06,2024-01-07,6,6,0
PHC-DST-C2-06,2024-01-08,6,2,4
PHC-DST-C2-06,2024-01-09,6,4,2
PHC-DST-C2-06,2024-01-10,6,4,2
PHC-DST-C2-06,2024-01-11,6,4,2
PHC-DST-C2-06,2024-01-12,6,6,0
PHC-DST-C2-06,2024-01-13,6,6,0
PHC-DST-C2-06,2024-01-14,6,5,1
PHC-DST-C2-06,2024-01-15,6,6,0
PHC-DST-C2-06,2024-01-16,6,6,0
PHC-DST-C2-06,2024-01-17,6,6,0
PHC-DST-C2-06,2024-01-18,6,2,4
PHC-DST-C2-06,2024-01-19,6,4,2
PHC-DST-C2-06,2024-01-20,6,4,2
PHC-DST-C2-06,2024-01-21,6,5,1
PHC-DST-C2-06,2024-01-22,6,6,0
PHC-DST-C2-06,2024-01-23,6,2,4
PHC-DST-C2-06,2024-01-24,6,5,1
PHC-DST-C2-06,2024-01-25,6,6,0
PHC-DST-C2-06,2024-01-26,6,5,1
PHC-DST-C2-06,2024-01-27,6,5,1
PHC-DST-C2-06,2024-01-28,6,6,0
PHC-DST-C2-06,2024-01-29,6,6,0
PHC-DST-C2-06,2024-01-30,6,4,2
PHC-DST-C2-06,2024-01-31,6,6,0
PHC-DST-C2-06,2024-02-01,6,6,0
PHC-DST-C2-06,2024-02-02,6,4,2
PHC-DST-C2-06,2024-02-03,6,2,4
PHC-DST-C2-06,2024-02-04,6,6,0
PHC-DST-C2-06,2024-02-05,6,5,1
PHC-DST-C2-06,2024-02-06,6,6,0
PHC-DST-C2-06,2024-02-07,6,6,0
PHC-DST-C2-06,2024-02-08,6,6,0
PHC-DST-C2-06,2024-02-09,6,6,0
PHC-DST-C2-06,2024-02-10,6,6,0
PHC-DST-C2-06,2024-02-11,6,3,3
PHC-DST-C2-06,2024-02-12,6,3,3
PHC-DST-C2-06,2024-02-13,6,6,0
PHC-DST-C2-06,2024-02-14,6,6,0
PHC-DST-C2-06,2024-02-15,6,4,2
PHC-DST-C2-06,2024-02-16,6,6,0
PHC-DST-C2-06,2024-02-17,6,4,2
PHC-DST-C2-06,2024-02-18,6,5,1
PHC-DST-C2-06,2024-02-19,6,6,0
PHC-DST-C2-06,2024-02-20,6,5,1
PHC-DST-C2-06,2024-02-21,6,6,0
PHC-DST-C2-06,2024-02-22,6,6,0
PHC-DST-C2-06,2024-02-23,6,6,0
PHC-DST-C2-06,2024-02-24,6,4,2
PHC-DST-C2-06,2024-02-25,6,4,2
PHC-DST-C2-06,2024-02-26,6,6,0
PHC-DST-C2-06,2024-02-27,6,5,1
PHC-DST-C2-06,2024-02-28,6,5,1
PHC-DST-C2-06,2024-02-29,6,5,1
PHC-DST-C2-06,2024-03-01,6,6,0
PHC-DST-C2-06,2024-03-02,6,6,0
PHC-DST-C2-06,2024-03-03,6,6,0
PHC-DST-C2-06,2024-03-04,6,6,0
PHC-DST-C2-06,2024-03-05,6,5,1
PHC-DST-C2-06,2024-03-06,6,5,1
PHC-DST-C2-06,2024-03-07,6,4,2
PHC-DST-C2-06,2024-03-08,6,3,3
PHC-DST-C2-06,2024-03-09,6,4,2
PHC-DST-C2-06,2024-03-10,6,2,4
PHC-DST-C2-06,2024-03-11,6,2,4
PHC-DST-C2-06,2024-03-12,6,6,0
PHC-DST-C2-06,2024-03-13,6,4,2
PHC-DST-C2-06,2024-03-14,6,2,4
PHC-DST-C2-06,2024-03-15,6,5,1
PHC-DST-C2-06,2024-03-16,6,6,0
PHC-DST-C2-06,2024-03-17,6,6,0
PHC-DST-C2-06,2024-03-18,6,5,1
PHC-DST-C2-06,2024-03-19,6,6,0
PHC-DST-C2-06,2024-03-20,6,3,3
PHC-DST-C2-06,2024-03-21,6,5,1
PHC-DST-C2-06,2024-03-22,6,6,0
PHC-DST-C2-06,2024-03-23,6,6,0
PHC-DST-C2-06,2024-03-24,6,3,3
PHC-DST-C2-06,2024-03-25,6,3,3
PHC-DST-C2-06,2024-03-26,6,5,1
PHC-DST-C2-06,2024-03-27,6,6,0
PHC-DST-C2-06,2024-03-28,6,6,0
PHC-DST-C2-06,2024-03-29,6,6,0
PHC-DST-C2-06,2024-03-30,6,6,0
PHC-DST-C2-06,2024-03-31,6,4,2
PHC-DST-C2-06,2024-04-01,6,5,1
PHC-DST-C2-06,2024-04-02,6,6,0
PHC-DST-C2-06,2024-04-03,6,2,4
PHC-DST-C2-06,2024-04-04,6,6,0
PHC-DST-C2-06,2024-04-05,6,4,2
PHC-DST-C2-06,2024-04-06,6,6,0
PHC-DST-C2-06,2024-04-07,6,3,3
PHC-DST-C2-06,2024-04-08,6,6,0
PHC-DST-C2-06,2024-04-09,6,5,1
PHC-DST-C2-06,2024-04-10,6,4,2
PHC-DST-C2-06,2024-04-11,6,5,1
PHC-DST-C2-06,2024-04-12,6,6,0
PHC-DST-C2-06,2024-04-13,6,4,2
PHC-DST-C2-06,2024-04-14,6,6,0
PHC-DST-C2-06,2024-04-15,6,5,1
PHC-DST-C2-06,2024-04-16,6,5,1
PHC-DST-C2-06,2024-04-17,6,5,1
PHC-DST-C2-06,2024-04-18,6,2,4
PHC-DST-C2-06,2024-04-19,6,6,0
PHC-DST-C2-06,2024-04-20,6,4,2
PHC-DST-C2-06,2024-04-21,6,3,3
PHC-DST-C2-06,2024-04-22,6,6,0
PHC-DST-C2-06,2024-04-23,6,6,0
PHC-DST-C2-06,2024-04-24,6,5,1
PHC-DST-C2-06,2024-04-25,6,6,0
PHC-DST-C2-06,2024-04-26,6,4,2
PHC-DST-C2-06,2024-04-27,6,4,2
PHC-DST-C2-06,2024-04-28,6,6,0
PHC-DST-C2-06,2024-04-29,6,6,0
PHC-DST-C2-06,2024-04-30,6,5,1
PHC-DST-C2-06,2024-05-01,6,1,5
PHC-DST-C2-06,2024-05-02,6,3,3
PHC-DST-C2-06,2024-05-03,6,6,0
PHC-DST-C2-06,2024-05-04,6,6,0
PHC-DST-C2-06,2024-05-05,6,6,0
PHC-DST-C2-06,2024-05-06,6,5,1
PHC-DST-C2-06,2024-05-07,6,5,1
PHC-DST-C2-06,2024-05-08,6,2,4
PHC-DST-C2-06,2024-05-09,6,5,1
PHC-DST-C2-06,2024-05-10,6,5,1
PHC-DST-C2-06,2024-05-11,6,3,3
PHC-DST-C2-06,2024-05-12,6,5,1
PHC-DST-C2-06,2024-05-13,6,6,0
PHC-DST-C2-06,2024-05-14,6,6,0
PHC-DST-C2-06,2024-05-15,6,6,0
PHC-DST-C2-06,2024-05-16,6,6,0
PHC-DST-C2-06,2024-05-17,6,6,0
PHC-DST-C2-06,2024-05-18,6,4,2
PHC-DST-C2-06,2024-05-19,6,6,0
PHC-DST-C2-06,2024-05-20,6,6,0
PHC-DST-C2-06,2024-05-21,6,3,3
PHC-DST-C2-06,2024-05-22,6,6,0
PHC-DST-C2-06,2024-05-23,6,6,0
PHC-DST-C2-06,2024-05-24,6,6,0
PHC-DST-C2-06,2024-05-25,6,6,0
PHC-DST-C2-06,2024-05-26,6,6,0
PHC-DST-C2-06,2024-05-27,6,3,3
PHC-DST-C2-06,2024-05-28,6,3,3
PHC-DST-C2-06,2024-05-29,6,6,0
PHC-DST-C2-06,2024-05-30,6,6,0
PHC-DST-C2-06,2024-05-31,6,5,1
PHC-DST-C2-06,2024-06-01,6,5,1
PHC-DST-C2-06,2024-06-02,6,4,2
PHC-DST-C2-06,2024-06-03,6,4,2
PHC-DST-C2-06,2024-06-04,6,6,0
PHC-DST-C2-06,2024-06-05,6,6,0
PHC-DST-C2-06,2024-06-06,6,6,0
PHC-DST-C2-06,2024-06-07,6,6,0
PHC-DST-C2-06,2024-06-08,6,6,0
PHC-DST-C2-06,2024-06-09,6,4,2
PHC-DST-C2-06,2024-06-10,6,5,1
PHC-DST-C2-06,2024-06-11,6,4,2
PHC-DST-C2-06,2024-06-12,6,6,0
PHC-DST-C2-06,2024-06-13,6,6,0
PHC-DST-C2-06,2024-06-14,6,6,0
PHC-DST-C2-06,2024-06-15,6,4,2
PHC-DST-C2-06,2024-06-16,6,3,3
PHC-DST-C2-06,2024-06-17,6,5,1
PHC-DST-C2-06,2024-06-18,6,4,2
PHC-DST-C2-06,2024-06-19,6,5,1
PHC-DST-C2-06,2024-06-20,6,4,2
PHC-DST-C2-06,2024-06-21,6,5,1
PHC-DST-C2-06,2024-06-22,6,6,0
PHC-DST-C2-06,2024-06-23,6,3,3
PHC-DST-C2-06,2024-06-24,6,3,3
PHC-DST-C2-06,2024-06-25,6,4,2
PHC-DST-C2-06,2024-06-26,6,5,1
PHC-DST-C2-06,2024-06-27,6,5,1
PHC-DST-C2-06,2024-06-28,6,5,1
PHC-DST-C2-06,2024-06-29,6,6,0
PHC-DST-C2-06,2024-06-30,6,2,4
PHC-DST-C2-06,2024-07-01,6,6,0
PHC-DST-C2-06,2024-07-02,6,3,3
PHC-DST-C2-06,2024-07-03,6,4,2
PHC-DST-C2-06,2024-07-04,6,6,0
PHC-DST-C2-06,2024-07-05,6,6,0
PHC-DST-C2-06,2024-07-06,6,6,0
PHC-DST-C2-06,2024-07-07,6,4,2
PHC-DST-C2-06,2024-07-08,6,6,0
PHC-DST-C2-06,2024-07-09,6,4,2
PHC-DST-C2-06,2024-07-10,6,6,0
PHC-DST-C2-06,2024-07-11,6,6,0
PHC-DST-C2-06,2024-07-12,6,6,0
PHC-DST-C2-06,2024-07-13,6,6,0
PHC-DST-C2-06,2024-07-14,6,5,1
PHC-DST-C2-06,2024-07-15,6,6,0
PHC-DST-C2-06,2024-07-16,6,4,2
PHC-DST-C2-06,2024-07-17,6,3,3
PHC-DST-C2-06,2024-07-18,6,5,1
PHC-DST-C2-06,2024-07-19,6,5,1
PHC-DST-C2-06,2024-07-20,6,6,0
PHC-DST-C2-06,2024-07-21,6,6,0
PHC-DST-C2-06,2024-07-22,6,5,1
PHC-DST-C2-06,2024-07-23,6,6,0
PHC-DST-C2-06,2024-07-24,6,5,1
PHC-DST-C2-06,2024-07-25,6,5,1
PHC-DST-C2-06,2024-07-26,6,4,2
PHC-DST-C2-06,2024-07-27,6,3,3
PHC-DST-C2-06,2024-07-28,6,5,1
PHC-DST-C2-06,2024-07-29,6,4,2
PHC-DST-C2-06,2024-07-30,6,6,0
PHC-DST-C2-06,2024-07-31,6,3,3
PHC-DST-C2-06,2024-08-01,6,3,3
PHC-DST-C2-06,2024-08-02,6,5,1
PHC-DST-C2-06,2024-08-03,6,4,2
PHC-DST-C2-06,2024-08-04,6,6,0
PHC-DST-C2-06,2024-08-05,6,6,0
PHC-DST-C2-06,2024-08-06,6,6,0
PHC-DST-C2-06,2024-08-07,6,6,0
PHC-DST-C2-06,2024-08-08,6,5,1
PHC-DST-C2-06,2024-08-09,6,4,2
PHC-DST-C2-06,2024-08-10,6,3,3
PHC-DST-C2-06,2024-08-11,6,3,3
PHC-DST-C2-06,2024-08-12,6,6,0
PHC-DST-C2-06,2024-08-13,6,5,1
PHC-DST-C2-06,2024-08-14,6,6,0
PHC-DST-C2-06,2024-08-15,6,1,5
PHC-DST-C2-06,2024-08-16,6,6,0
PHC-DST-C2-06,2024-08-17,6,6,0
PHC-DST-C2-06,2024-08-18,6,5,1
PHC-DST-C2-06,2024-08-19,6,3,3
PHC-DST-C2-06,2024-08-20,6,2,4
PHC-DST-C2-06,2024-08-21,6,6,0
PHC-DST-C2-06,2024-08-22,6,6,0
PHC-DST-C2-06,2024-08-23,6,5,1
PHC-DST-C2-06,2024-08-24,6,5,1
PHC-DST-C2-06,2024-08-25,6,6,0
PHC-DST-C2-06,2024-08-26,6,5,1
PHC-DST-C2-06,2024-08-27,6,5,1
PHC-DST-C2-06,2024-08-28,6,6,0
PHC-DST-C2-06,2024-08-29,6,6,0
PHC-DST-C2-06,2024-08-30,6,6,0
PHC-DST-C2-06,2024-08-31,6,5,1
PHC-DST-C2-06,2024-09-01,6,5,1
PHC-DST-C2-06,2024-09-02,6,6,0
PHC-DST-C2-06,2024-09-03,6,5,1
PHC-DST-C2-06,2024-09-04,6,6,0
PHC-DST-C2-06,2024-09-05,6,4,2
PHC-DST-C2-06,2024-09-06,6,6,0
PHC-DST-C2-06,2024-09-07,6,6,0
PHC-DST-C2-06,2024-09-08,6,5,1
PHC-DST-C2-06,2024-09-09,6,6,0
PHC-DST-C2-06,2024-09-10,6,6,0
PHC-DST-C2-06,2024-09-11,6,6,0
PHC-DST-C2-06,2024-09-12,6,4,2
PHC-DST-C2-06,2024-09-13,6,4,2
PHC-DST-C2-06,2024-09-14,6,6,0
PHC-DST-C2-06,2024-09-15,6,6,0
PHC-DST-C2-06,2024-09-16,6,6,0
PHC-DST-C2-06,2024-09-17,6,5,1
PHC-DST-C2-06,2024-09-18,6,6,0
PHC-DST-C2-06,2024-09-19,6,6,0
PHC-DST-C2-06,2024-09-20,6,5,1
PHC-DST-C2-06,2024-09-21,6,6,0
PHC-DST-C2-06,2024-09-22,6,5,1
PHC-DST-C2-06,2024-09-23,6,4,2
PHC-DST-C2-06,2024-09-24,6,6,0
PHC-DST-C2-06,2024-09-25,6,3,3
PHC-DST-C2-06,2024-09-26,6,5,1
PHC-DST-C2-06,2024-09-27,6,5,1
PHC-DST-C2-06,2024-09-28,6,4,2
PHC-DST-C2-06,2024-09-29,6,6,0
PHC-DST-C2-06,2024-09-30,6,4,2
PHC-DST-C2-06,2024-10-01,6,3,3
PHC-DST-C2-06,2024-10-02,6,6,0
PHC-DST-C2-06,2024-10-03,6,5,1
PHC-DST-C2-06,2024-10-04,6,6,0
PHC-DST-C2-06,2024-10-05,6,5,1
PHC-DST-C2-06,2024-10-06,6,6,0
PHC-DST-C2-06,2024-10-07,6,4,2
PHC-DST-C2-06,2024-10-08,6,6,0
PHC-DST-C2-06,2024-10-09,6,5,1
PHC-DST-C2-06,2024-10-10,6,4,2
PHC-DST-C2-06,2024-10-11,6,6,0
PHC-DST-C2-06,2024-10-12,6,6,0
PHC-DST-C2-06,2024-10-13,6,3,3
PHC-DST-C2-06,2024-10-14,6,4,2
PHC-DST-C2-06,2024-10-15,6,3,3
PHC-DST-C2-06,2024-10-16,6,4,2
PHC-DST-C2-06,2024-10-17,6,4,2
PHC-DST-C2-06,2024-10-18,6,6,0
PHC-DST-C2-06,2024-10-19,6,6,0
PHC-DST-C2-06,2024-10-20,6,6,0
PHC-DST-C2-06,2024-10-21,6,4,2
PHC-DST-C2-06,2024-10-22,6,4,2
PHC-DST-C2-06,2024-10-23,6,6,0
PHC-DST-C2-06,2024-10-24,6,6,0
PHC-DST-C2-06,2024-10-25,6,6,0
PHC-DST-C2-06,2024-10-26,6,6,0
PHC-DST-C2-06,2024-10-27,6,5,1
PHC-DST-C2-06,2024-10-28,6,6,0
PHC-DST-C2-06,2024-10-29,6,6,0
PHC-DST-C2-06,2024-10-30,6,6,0
PHC-DST-C2-06,2024-10-31,6,5,1
PHC-DST-C2-06,2024-11-01,6,3,3
PHC-DST-C2-06,2024-11-02,6,6,0
PHC-DST-C2-06,2024-11-03,6,3,3
PHC-DST-C2-06,2024-11-04,6,6,0
PHC-DST-C2-06,2024-11-05,6,6,0
PHC-DST-C2-06,2024-11-06,6,6,0
PHC-DST-C2-06,2024-11-07,6,6,0
PHC-DST-C2-06,2024-11-08,6,4,2
PHC-DST-C2-06,2024-11-09,6,2,4
PHC-DST-C2-06,2024-11-10,6,4,2
PHC-DST-C2-06,2024-11-11,6,5,1
PHC-DST-C2-06,2024-11-12,6,2,4
PHC-DST-C2-06,2024-11-13,6,3,3
PHC-DST-C2-06,2024-11-14,6,4,2
PHC-DST-C2-06,2024-11-15,6,6,0
PHC-DST-C2-06,2024-11-16,6,6,0
PHC-DST-C2-06,2024-11-17,6,5,1
PHC-DST-C2-06,2024-11-18,6,6,0
PHC-DST-C2-06,2024-11-19,6,6,0
PHC-DST-C2-06,2024-11-20,6,5,1
PHC-DST-C2-06,2024-11-21,6,4,2
PHC-DST-C2-06,2024-11-22,6,3,3
PHC-DST-C2-06,2024-11-23,6,6,0
PHC-DST-C2-06,2024-11-24,6,4,2
PHC-DST-C2-06,2024-11-25,6,4,2
PHC-DST-C2-06,2024-11-26,6,5,1
PHC-DST-C2-06,2024-11-27,6,4,2
PHC-DST-C2-06,2024-11-28,6,6,0
PHC-DST-C2-06,2024-11-29,6,5,1
PHC-DST-C2-06,2024-11-30,6,6,0
PHC-DST-C2-06,2024-12-01,6,6,0
PHC-DST-C2-06,2024-12-02,6,6,0
PHC-DST-C2-06,2024-12-03,6,5,1
PHC-DST-C2-06,2024-12-04,6,6,0
PHC-DST-C2-06,2024-12-05,6,3,3
PHC-DST-C2-06,2024-12-06,6,2,4
PHC-DST-C2-06,2024-12-07,6,4,2
PHC-DST-C2-06,2024-12-08,6,4,2
PHC-DST-C2-06,2024-12-09,6,5,1
PHC-DST-C2-06,2024-12-10,6,4,2
PHC-DST-C2-06,2024-12-11,6,3,3
PHC-DST-C2-06,2024-12-12,6,4,2
PHC-DST-C2-06,2024-12-13,6,3,3
PHC-DST-C2-06,2024-12-14,6,4,2
PHC-DST-C2-06,2024-12-15,6,6,0
PHC-DST-C2-06,2024-12-16,6,6,0
PHC-DST-C2-06,2024-12-17,6,6,0
PHC-DST-C2-06,2024-12-18,6,5,1
PHC-DST-C2-06,2024-12-19,6,6,0
PHC-DST-C2-06,2024-12-20,6,6,0
PHC-DST-C2-06,2024-12-21,6,6,0
PHC-DST-C2-06,2024-12-22,6,4,2
PHC-DST-C2-06,2024-12-23,6,6,0
PHC-DST-C2-06,2024-12-24,6,5,1
PHC-DST-C2-06,2024-12-25,6,5,1
PHC-DST-C2-06,2024-12-26,6,6,0
PHC-DST-C2-06,2024-12-27,6,6,0
PHC-DST-C2-06,2024-12-28,6,4,2
PHC-DST-C2-06,2024-12-29,6,6,0
PHC-DST-C2-06,2024-12-30,6,6,0
PHC-DST-C2-06,2024-12-31,6,4,2
PHC-DST-C2-06,2025-01-01,6,4,2
PHC-DST-C2-06,2025-01-02,6,5,1
PHC-DST-C2-06,2025-01-03,6,5,1
PHC-DST-C2-06,2025-01-04,6,4,2
PHC-DST-C2-06,2025-01-05,6,4,2
PHC-DST-C2-06,2025-01-06,6,3,3
PHC-DST-C2-06,2025-01-07,6,6,0
PHC-DST-C2-06,2025-01-08,6,6,0
PHC-DST-C2-06,2025-01-09,6,6,0
PHC-DST-C2-06,2025-01-10,6,3,3
PHC-DST-C2-06,2025-01-11,6,3,3
PHC-DST-C2-06,2025-01-12,6,6,0
PHC-DST-C2-06,2025-01-13,6,5,1
PHC-DST-C2-06,2025-01-14,6,6,0
PHC-DST-C2-06,2025-01-15,6,4,2
PHC-DST-C2-06,2025-01-16,6,6,0
PHC-DST-C2-06,2025-01-17,6,5,1
PHC-DST-C2-06,2025-01-18,6,4,2
PHC-DST-C2-06,2025-01-19,6,6,0
PHC-DST-C2-06,2025-01-20,6,6,0
PHC-DST-C2-06,2025-01-21,6,6,0
PHC-DST-C2-06,2025-01-22,6,6,0
PHC-DST-C2-06,2025-01-23,6,5,1
PHC-DST-C2-06,2025-01-24,6,3,3
PHC-DST-C2-06,2025-01-25,6,5,1
PHC-DST-C2-06,2025-01-26,6,5,1
PHC-DST-C2-06,2025-01-27,6,2,4
PHC-DST-C2-06,2025-01-28,6,6,0
PHC-DST-C2-06,2025-01-29,6,6,0
PHC-DST-C2-06,2025-01-30,6,2,4
PHC-DST-C2-06,2025-01-31,6,6,0
PHC-DST-C2-06,2025-02-01,6,6,0
PHC-DST-C2-06,2025-02-02,6,3,3
PHC-DST-C2-06,2025-02-03,6,6,0
PHC-DST-C2-06,2025-02-04,6,3,3
PHC-DST-C2-06,2025-02-05,6,6,0
PHC-DST-C2-06,2025-02-06,6,6,0
PHC-DST-C2-06,2025-02-07,6,3,3
PHC-DST-C2-06,2025-02-08,6,6,0
PHC-DST-C2-06,2025-02-09,6,5,1
PHC-DST-C2-06,2025-02-10,6,4,2
PHC-DST-C2-06,2025-02-11,6,6,0
PHC-DST-C2-06,2025-02-12,6,2,4
PHC-DST-C2-06,2025-02-13,6,6,0
PHC-DST-C2-06,2025-02-14,6,6,0
PHC-DST-C2-06,2025-02-15,6,6,0
PHC-DST-C2-06,2025-02-16,6,5,1
PHC-DST-C2-06,2025-02-17,6,6,0
PHC-DST-C2-06,2025-02-18,6,6,0
PHC-DST-C2-06,2025-02-19,6,2,4
PHC-DST-C2-06,2025-02-20,6,4,2
PHC-DST-C2-06,2025-02-21,6,3,3
PHC-DST-C2-06,2025-02-22,6,6,0
PHC-DST-C2-06,2025-02-23,6,3,3
PHC-DST-C2-06,2025-02-24,6,2,4
PHC-DST-C2-06,2025-02-25,6,3,3
PHC-DST-C2-06,2025-02-26,6,5,1
PHC-DST-C2-06,2025-02-27,6,5,1
PHC-DST-C2-06,2025-02-28,6,6,0
PHC-DST-C2-06,2025-03-01,6,6,0
PHC-DST-C2-06,2025-03-02,6,4,2
PHC-DST-C2-06,2025-03-03,6,5,1
PHC-DST-C2-06,2025-03-04,6,4,2
PHC-DST-C2-06,2025-03-05,6,6,0
PHC-DST-C2-06,2025-03-06,6,5,1
PHC-DST-C2-06,2025-03-07,6,4,2
PHC-DST-C2-06,2025-03-08,6,6,0
PHC-DST-C2-06,2025-03-09,6,6,0
PHC-DST-C2-06,2025-03-10,6,6,0
PHC-DST-C2-06,2025-03-11,6,3,3
PHC-DST-C2-06,2025-03-12,6,3,3
PHC-DST-C2-06,2025-03-13,6,3,3
PHC-DST-C2-06,2025-03-14,6,6,0
PHC-DST-C2-06,2025-03-15,6,4,2
PHC-DST-C2-06,2025-03-16,6,6,0
PHC-DST-C2-06,2025-03-17,6,4,2
PHC-DST-C2-06,2025-03-18,6,3,3
PHC-DST-C2-06,2025-03-19,6,4,2
PHC-DST-C2-06,2025-03-20,6,6,0
PHC-DST-C2-06,2025-03-21,6,6,0
PHC-DST-C2-06,2025-03-22,6,5,1
PHC-DST-C2-06,2025-03-23,6,4,2
PHC-DST-C2-06,2025-03-24,6,5,1
PHC-DST-C2-06,2025-03-25,6,3,3
PHC-DST-C2-06,2025-03-26,6,2,4
PHC-DST-C2-06,2025-03-27,6,3,3
PHC-DST-C2-06,2025-03-28,6,4,2
PHC-DST-C2-06,2025-03-29,6,3,3
PHC-DST-C2-06,2025-03-30,6,4,2
PHC-DST-C2-06,2025-03-31,6,4,2
PHC-DST-C2-06,2025-04-01,6,6,0
PHC-DST-C2-06,2025-04-02,6,5,1
PHC-DST-C2-06,2025-04-03,6,6,0
PHC-DST-C2-06,2025-04-04,6,6,0
PHC-DST-C2-06,2025-04-05,6,6,0
PHC-DST-C2-06,2025-04-06,6,4,2
PHC-DST-C2-06,2025-04-07,6,4,2
PHC-DST-C2-06,2025-04-08,6,6,0
PHC-DST-C2-06,2025-04-09,6,6,0
PHC-DST-C2-06,2025-04-10,6,5,1
PHC-DST-C2-06,2025-04-11,6,5,1
PHC-DST-C2-06,2025-04-12,6,4,2
PHC-DST-C2-06,2025-04-13,6,5,1
PHC-DST-C2-06,2025-04-14,6,5,1
PHC-DST-C2-06,2025-04-15,6,5,1
PHC-DST-C2-06,2025-04-16,6,4,2
PHC-DST-C2-06,2025-04-17,6,3,3
PHC-DST-C2-06,2025-04-18,6,6,0
PHC-DST-C2-06,2025-04-19,6,3,3
PHC-DST-C2-06,2025-04-20,6,6,0
PHC-DST-C2-06,2025-04-21,6,5,1
PHC-DST-C2-06,2025-04-22,6,6,0
PHC-DST-C2-06,2025-04-23,6,3,3
PHC-DST-C2-06,2025-04-24,6,2,4
PHC-DST-C2-06,2025-04-25,6,2,4
PHC-DST-C2-06,2025-04-26,6,6,0
PHC-DST-C2-06,2025-04-27,6,3,3
PHC-DST-C2-06,2025-04-28,6,3,3
PHC-DST-C2-06,2025-04-29,6,6,0
PHC-DST-C2-06,2025-04-30,6,3,3
PHC-DST-C2-06,2025-05-01,6,3,3
PHC-DST-C2-06,2025-05-02,6,5,1
PHC-DST-C2-06,2025-05-03,6,2,4
PHC-DST-C2-06,2025-05-04,6,6,0
PHC-DST-C2-06,2025-05-05,6,3,3
PHC-DST-C2-06,2025-05-06,6,6,0
PHC-DST-C2-06,2025-05-07,6,5,1
PHC-DST-C2-06,2025-05-08,6,5,1
PHC-DST-C2-06,2025-05-09,6,3,3
PHC-DST-C2-06,2025-05-10,6,6,0
PHC-DST-C2-06,2025-05-11,6,4,2
PHC-DST-C2-06,2025-05-12,6,6,0
PHC-DST-C2-06,2025-05-13,6,4,2
PHC-DST-C2-06,2025-05-14,6,5,1
PHC-DST-C2-06,2025-05-15,6,5,1
PHC-DST-C2-06,2025-05-16,6,4,2
PHC-DST-C2-06,2025-05-17,6,6,0
PHC-DST-C2-06,2025-05-18,6,4,2
PHC-DST-C2-06,2025-05-19,6,3,3
PHC-DST-C2-06,2025-05-20,6,4,2
PHC-DST-C2-06,2025-05-21,6,3,3
PHC-DST-C2-06,2025-05-22,6,3,3
PHC-DST-C2-06,2025-05-23,6,6,0
PHC-DST-C2-06,2025-05-24,6,6,0
PHC-DST-C2-06,2025-05-25,6,4,2
PHC-DST-C2-06,2025-05-26,6,4,2
PHC-DST-C2-06,2025-05-27,6,6,0
PHC-DST-C2-06,2025-05-28,6,4,2
PHC-DST-C2-06,2025-05-29,6,6,0
PHC-DST-C2-06,2025-05-30,6,6,0
PHC-DST-C2-06,2025-05-31,6,6,0
PHC-DST-C2-06,2025-06-01,6,4,2
PHC-DST-C2-06,2025-06-02,6,5,1
PHC-DST-C2-06,2025-06-03,6,5,1
PHC-DST-C2-06,2025-06-04,6,6,0
PHC-DST-C2-06,2025-06-05,6,6,0
PHC-DST-C2-06,2025-06-06,6,2,4
PHC-DST-C2-06,2025-06-07,6,3,3
PHC-DST-C2-06,2025-06-08,6,6,0
PHC-DST-C2-06,2025-06-09,6,4,2
PHC-DST-C2-06,2025-06-10,6,5,1
PHC-DST-C2-06,2025-06-11,6,6,0
PHC-DST-C2-06,2025-06-12,6,3,3
PHC-DST-C2-06,2025-06-13,6,5,1
PHC-DST-C2-06,2025-06-14,6,6,0
PHC-DST-C2-06,2025-06-15,6,6,0
PHC-DST-C2-06,2025-06-16,6,5,1
PHC-DST-C2-06,2025-06-17,6,5,1
PHC-DST-C2-06,2025-06-18,6,3,3
PHC-DST-C2-06,2025-06-19,6,6,0
PHC-DST-C2-06,2025-06-20,6,6,0
PHC-DST-C2-06,2025-06-21,6,5,1
PHC-DST-C2-06,2025-06-22,6,6,0
PHC-DST-C2-06,2025-06-23,6,6,0
PHC-DST-C2-06,2025-06-24,6,6,0
PHC-DST-C2-06,2025-06-25,6,5,1
PHC-DST-C2-06,2025-06-26,6,6,0
PHC-DST-C2-06,2025-06-27,6,4,2
PHC-DST-C2-06,2025-06-28,6,6,0
PHC-DST-C2-06,2025-06-29,6,6,0
PHC-DST-C2-06,2025-06-30,6,6,0
