phc_code,record_date,opd_cases,emergency_cases,diarrhoeal_cases,fever_cases,deliveries
PHC-DST-A1-01,2024-01-01,147.0,7.0,8,15,4
PHC-DST-A1-01,2024-01-02,134.0,4.0,7,14,3
PHC-DST-A1-01,2024-01-03,122.0,8.0,8,10,9
PHC-DST-A1-01,2024-01-04,121.0,7.0,7,15,2
PHC-DST-A1-01,2024-01-05,122.0,8.0,7,13,1
PHC-DST-A1-01,2024-01-06,107.0,5.0,8,12,2
PHC-DST-A1-01,2024-01-07,46.0,5.0,5,16,4
PHC-DST-A1-01,2024-01-08,147.0,6.0,7,13,3
PHC-DST-A1-01,2024-01-09,136.0,2.0,8,11,7
PHC-DST-A1-01,2024-01-10,131.0,5.0,7,15,2
PHC-DST-A1-01,2024-01-11,116.0,7.0,6,14,4
PHC-DST-A1-01,2024-01-12,122.0,5.0,6,14,6
PHC-DST-A1-01,2024-01-13,102.0,5.0,9,12,2
PHC-DST-A1-01,2024-01-14,50.0,2.0,6,10,4
PHC-DST-A1-01,2024-01-15,146.0,3.0,6,16,3
PHC-DST-A1-01,2024-01-16,126.0,3.0,9,11,3
PHC-DST-A1-01,2024-01-17,115.0,1.0,7,11,0
PHC-DST-A1-01,2024-01-18,113.0,1.0,5,11,3
PHC-DST-A1-01,2024-01-19,128.0,8.0,7,17,3
PHC-DST-A1-01,2024-01-20,107.0,2.0,9,13,2
PHC-DST-A1-01,2024-01-21,42.0,5.0,7,10,1
PHC-DST-A1-01,2024-01-22,147.0,4.0,6,14,1
PHC-DST-A1-01,2024-01-23,133.0,3.0,6,14,3
PHC-DST-A1-01,2024-01-24,122.0,3.0,7,12,2
PHC-DST-A1-01,2024-01-25,118.0,2.0,8,13,2
PHC-DST-A1-01,2024-01-26,125.0,6.0,6,17,2
PHC-DST-A1-01,2024-01-27,108.0,3.0,6,12,9
PHC-DST-A1-01,2024-01-28,55.0,7.0,5,14,2
PHC-DST-A1-01,2024-01-29,141.0,7.0,5,12,2
PHC-DST-A1-01,2024-01-30,134.0,9.0,7,9,2
PHC-DST-A1-01,2024-01-31,123.0,2.0,6,9,4
PHC-DST-A1-01,2024-02-01,119.0,6.0,7,15,5
PHC-DST-A1-01,2024-02-02,121.0,4.0,6,16,0
PHC-DST-A1-01,2024-02-03,107.0,6.0,6,14,0
PHC-DST-A1-01,2024-02-04,47.0,5.0,7,15,2
PHC-DST-A1-01,2024-02-05,145.0,5.0,5,13,3
PHC-DST-A1-01,2024-02-06,128.0,6.0,6,13,3
PHC-DST-A1-01,2024-02-07,124.0,5.0,7,15,3
PHC-DST-A1-01,2024-02-08,118.0,8.0,8,12,2
PHC-DST-A1-01,2024-02-09,123.0,3.0,8,15,0
PHC-DST-A1-01,2024-02-10,102.0,1.0,7,10,4
PHC-DST-A1-01,2024-02-11,58.0,,6,18,2
PHC-DST-A1-01,2024-02-12,145.0,3.0,8,14,3
PHC-DST-A1-01,2024-02-13,130.0,5.0,5,14,5
PHC-DST-A1-01,2024-02-14,128.0,5.0,6,19,4
PHC-DST-A1-01,2024-02-15,116.0,4.0,7,17,4
PHC-DST-A1-01,2024-02-16,123.0,3.0,7,11,5
PHC-DST-A1-01,2024-02-17,108.0,2.0,6,14,1
PHC-DST-A1-01,2024-02-18,50.0,4.0,6,12,5
PHC-DST-A1-01,2024-02-19,146.0,4.0,6,14,4
PHC-DST-A1-01,2024-02-20,126.0,3.0,7,10,5
PHC-DST-A1-01,2024-02-21,125.0,7.0,8,15,4
PHC-DST-A1-01,2024-02-22,122.0,4.0,6,16,2
PHC-DST-A1-01,2024-02-23,124.0,4.0,6,15,5
PHC-DST-A1-01,2024-02-24,109.0,2.0,6,13,1
PHC-DST-A1-01,2024-02-25,47.0,5.0,9,10,3
PHC-DST-A1-01,2024-02-26,141.0,2.0,9,11,2
PHC-DST-A1-01,2024-02-27,130.0,6.0,5,13,2
PHC-DST-A1-01,2024-02-28,124.0,5.0,7,15,1
PHC-DST-A1-01,2024-02-29,126.0,2.0,5,16,6
PHC-DST-A1-01,2024-03-01,126.0,5.0,5,16,2
PHC-DST-A1-01,2024-03-02,105.0,2.0,5,14,4
PHC-DST-A1-01,2024-03-03,51.0,4.0,7,14,2
PHC-DST-A1-01,2024-03-04,147.0,5.0,6,16,3
PHC-DST-A1-01,2024-03-05,136.0,9.0,6,11,5
PHC-DST-A1-01,2024-03-06,123.0,4.0,7,13,2
PHC-DST-A1-01,2024-03-07,118.0,4.0,7,15,5
PHC-DST-A1-01,2024-03-08,120.0,6.0,6,14,3
PHC-DST-A1-01,2024-03-09,111.0,2.0,8,18,0
PHC-DST-A1-01,2024-03-10,57.0,6.0,8,15,3
PHC-DST-A1-01,2024-03-11,148.0,6.0,7,13,4
PHC-DST-A1-01,2024-03-12,133.0,4.0,8,16,6
PHC-DST-A1-01,2024-03-13,126.0,3.0,7,13,2
PHC-DST-A1-01,2024-03-14,124.0,2.0,8,16,0
PHC-DST-A1-01,2024-03-15,132.0,1.0,6,15,3
PHC-DST-A1-01,2024-03-16,116.0,3.0,8,14,3
PHC-DST-A1-01,2024-03-17,50.0,8.0,6,18,6
PHC-DST-A1-01,2024-03-18,141.0,6.0,7,14,4
PHC-DST-A1-01,2024-03-19,132.0,9.0,5,11,1
PHC-DST-A1-01,2024-03-20,124.0,9.0,8,17,10
PHC-DST-A1-01,2024-03-21,111.0,2.0,6,12,4
PHC-DST-A1-01,2024-03-22,123.0,6.0,6,12,3
PHC-DST-A1-01,2024-03-23,106.0,7.0,9,12,2
PHC-DST-A1-01,2024-03-24,53.0,5.0,8,14,4
PHC-DST-A1-01,2024-03-25,153.0,4.0,7,16,6
PHC-DST-A1-01,2024-03-26,132.0,6.0,7,13,5
PHC-DST-A1-01,2024-03-27,116.0,5.0,7,10,4
PHC-DST-A1-01,2024-03-28,114.0,5.0,8,14,2
PHC-DST-A1-01,2024-03-29,124.0,4.0,5,13,4
PHC-DST-A1-01,2024-03-30,114.0,6.0,7,18,2
PHC-DST-A1-01,2024-03-31,55.0,1.0,5,15,2
PHC-DST-A1-01,2024-04-01,146.0,1.0,8,13,3
PHC-DST-A1-01,2024-04-02,133.0,8.0,7,11,4
PHC-DST-A1-01,2024-04-03,123.0,2.0,6,14,3
PHC-DST-A1-01,2024-04-04,120.0,2.0,9,14,4
PHC-DST-A1-01,2024-04-05,116.0,6.0,4,14,2
PHC-DST-A1-01,2024-04-06,109.0,9.0,7,14,2
PHC-DST-A1-01,2024-04-07,51.0,6.0,6,12,2
PHC-DST-A1-01,2024-04-08,144.0,5.0,5,16,3
PHC-DST-A1-01,2024-04-09,138.0,6.0,10,14,3
PHC-DST-A1-01,2024-04-10,122.0,4.0,6,15,4
PHC-DST-A1-01,2024-04-11,116.0,6.0,7,15,3
PHC-DST-A1-01,2024-04-12,125.0,5.0,7,14,3
PHC-DST-A1-01,2024-04-13,105.0,6.0,7,12,5
PHC-DST-A1-01,2024-04-14,49.0,6.0,8,15,1
PHC-DST-A1-01,2024-04-15,142.0,1.0,5,13,3
PHC-DST-A1-01,2024-04-16,132.0,6.0,7,13,2
PHC-DST-A1-01,2024-04-17,128.0,7.0,8,17,2
PHC-DST-A1-01,2024-04-18,115.0,4.0,6,12,1
PHC-DST-A1-01,2024-04-19,122.0,2.0,8,14,3
PHC-DST-A1-01,2024-04-20,106.0,5.0,4,13,8
PHC-DST-A1-01,2024-04-21,51.0,4.0,7,16,1
PHC-DST-A1-01,2024-04-22,145.0,5.0,6,16,1
PHC-DST-A1-01,2024-04-23,135.0,8.0,8,12,1
PHC-DST-A1-01,2024-04-24,123.0,2.0,6,13,5
PHC-DST-A1-01,2024-04-25,117.0,6.0,9,17,1
PHC-DST-A1-01,2024-04-26,122.0,2.0,6,15,4
PHC-DST-A1-01,2024-04-27,108.0,4.0,9,16,3
PHC-DST-A1-01,2024-04-28,52.0,2.0,8,15,4
PHC-DST-A1-01,2024-04-29,141.0,5.0,6,13,5
PHC-DST-A1-01,2024-04-30,136.0,5.0,8,13,1
PHC-DST-A1-01,2024-05-01,117.0,7.0,8,10,10
PHC-DST-A1-01,2024-05-02,114.0,5.0,5,12,5
PHC-DST-A1-01,2024-05-03,124.0,5.0,5,14,6
PHC-DST-A1-01,2024-05-04,111.0,2.0,5,18,2
PHC-DST-A1-01,2024-05-05,50.0,6.0,8,9,4
PHC-DST-A1-01,2024-05-06,145.0,6.0,8,11,2
PHC-DST-A1-01,2024-05-07,122.0,5.0,9,9,3
PHC-DST-A1-01,2024-05-08,128.0,,6,15,1
PHC-DST-A1-01,2024-05-09,121.0,6.0,9,17,4
PHC-DST-A1-01,2024-05-10,129.0,2.0,4,14,5
PHC-DST-A1-01,2024-05-11,105.0,7.0,5,15,0
PHC-DST-A1-01,2024-05-12,53.0,5.0,5,16,5
PHC-DST-A1-01,2024-05-13,142.0,4.0,7,14,4
PHC-DST-A1-01,2024-05-14,132.0,2.0,6,14,1
PHC-DST-A1-01,2024-05-15,126.0,4.0,8,14,1
PHC-DST-A1-01,2024-05-16,120.0,7.0,5,13,1
PHC-DST-A1-01,2024-05-17,126.0,2.0,8,13,3
PHC-DST-A1-01,2024-05-18,104.0,3.0,4,9,1
PHC-DST-A1-01,2024-05-19,47.0,4.0,7,12,3
PHC-DST-A1-01,2024-05-20,146.0,2.0,7,13,4
PHC-DST-A1-01,2024-05-21,129.0,8.0,6,10,6
PHC-DST-A1-01,2024-05-22,122.0,11.0,5,13,5
PHC-DST-A1-01,2024-05-23,120.0,10.0,5,13,2
PHC-DST-A1-01,2024-05-24,123.0,8.0,6,15,4
PHC-DST-A1-01,2024-05-25,105.0,5.0,7,15,2
PHC-DST-A1-01,2024-05-26,41.0,5.0,4,10,4
PHC-DST-A1-01,2024-05-27,142.0,8.0,3,13,1
PHC-DST-A1-01,2024-05-28,135.0,3.0,9,11,2
PHC-DST-A1-01,2024-05-29,124.0,2.0,6,12,6
PHC-DST-A1-01,2024-05-30,113.0,4.0,6,7,2
PHC-DST-A1-01,2024-05-31,124.0,5.0,8,16,0
PHC-DST-A1-01,2024-06-01,115.0,4.0,10,15,2
PHC-DST-A1-01,2024-06-02,54.0,5.0,9,17,4
PHC-DST-A1-01,2024-06-03,140.0,2.0,7,13,5
PHC-DST-A1-01,2024-06-04,126.0,4.0,5,13,2
PHC-DST-A1-01,2024-06-05,123.0,5.0,5,12,0
PHC-DST-A1-01,2024-06-06,121.0,4.0,8,14,5
PHC-DST-A1-01,2024-06-07,126.0,5.0,6,11,5
PHC-DST-A1-01,2024-06-08,106.0,6.0,10,15,3
PHC-DST-A1-01,2024-06-09,46.0,3.0,4,12,1
PHC-DST-A1-01,2024-06-10,148.0,5.0,6,12,2
PHC-DST-A1-01,2024-06-11,134.0,11.0,5,12,1
PHC-DST-A1-01,2024-06-12,123.0,8.0,8,15,2
PHC-DST-A1-01,2024-06-13,117.0,4.0,9,11,3
PHC-DST-A1-01,2024-06-14,120.0,6.0,9,13,4
PHC-DST-A1-01,2024-06-15,104.0,7.0,9,10,3
PHC-DST-A1-01,2024-06-16,44.0,6.0,5,10,2
PHC-DST-A1-01,2024-06-17,142.0,4.0,6,12,6
PHC-DST-A1-01,2024-06-18,137.0,,5,16,1
PHC-DST-A1-01,2024-06-19,131.0,2.0,7,16,2
PHC-DST-A1-01,2024-06-20,117.0,3.0,4,16,1
PHC-DST-A1-01,2024-06-21,123.0,4.0,5,12,3
PHC-DST-A1-01,2024-06-22,105.0,6.0,7,12,4
PHC-DST-A1-01,2024-06-23,45.0,2.0,7,11,5
PHC-DST-A1-01,2024-06-24,147.0,6.0,6,14,3
PHC-DST-A1-01,2024-06-25,137.0,4.0,4,18,3
PHC-DST-A1-01,2024-06-26,120.0,4.0,6,13,2
PHC-DST-A1-01,2024-06-27,121.0,2.0,8,14,4
PHC-DST-A1-01,2024-06-28,118.0,4.0,8,11,4
PHC-DST-A1-01,2024-06-29,109.0,6.0,7,14,2
PHC-DST-A1-01,2024-06-30,50.0,2.0,7,14,5
PHC-DST-A1-01,2024-07-01,145.0,4.0,8,13,2
PHC-DST-A1-01,2024-07-02,128.0,5.0,5,14,3
PHC-DST-A1-01,2024-07-03,132.0,2.0,15,12,2
PHC-DST-A1-01,2024-07-04,124.0,7.0,17,16,0
PHC-DST-A1-01,2024-07-05,135.0,4.0,23,16,5
PHC-DST-A1-01,2024-07-06,118.0,6.0,18,16,6
PHC-DST-A1-01,2024-07-07,59.0,3.0,14,15,0
PHC-DST-A1-01,2024-07-08,154.0,6.0,22,13,3
PHC-DST-A1-01,2024-07-09,156.0,3.0,18,38,3
PHC-DST-A1-01,2024-07-10,122.0,,6,13,1
PHC-DST-A1-01,2024-07-11,136.0,,6,36,5
PHC-DST-A1-01,2024-07-12,138.0,,19,28,5
PHC-DST-A1-01,2024-07-13,112.0,3.0,19,11,1
PHC-DST-A1-01,2024-07-14,80.0,4.0,18,41,2
PHC-DST-A1-01,2024-07-15,150.0,2.0,18,16,3
PHC-DST-A1-01,2024-07-16,141.0,5.0,23,18,4
PHC-DST-A1-01,2024-07-17,135.0,2.0,17,14,2
PHC-DST-A1-01,2024-07-18,126.0,4.0,7,22,4
PHC-DST-A1-01,2024-07-19,139.0,5.0,5,36,4
PHC-DST-A1-01,2024-07-20,119.0,5.0,5,30,4
PHC-DST-A1-01,2024-07-21,53.0,4.0,6,13,2
PHC-DST-A1-01,2024-07-22,160.0,5.0,6,36,5
PHC-DST-A1-01,2024-07-23,130.0,2.0,5,14,4
PHC-DST-A1-01,2024-07-24,130.0,7.0,18,12,1
PHC-DST-A1-01,2024-07-25,132.0,3.0,23,17,0
PHC-DST-A1-01,2024-07-26,127.0,7.0,6,15,0
PHC-DST-A1-01,2024-07-27,105.0,6.0,7,10,3
PHC-DST-A1-01,2024-07-28,52.0,7.0,6,14,1
PHC-DST-A1-01,2024-07-29,159.0,5.0,24,14,2
PHC-DST-A1-01,2024-07-30,150.0,1.0,17,26,4
PHC-DST-A1-01,2024-07-31,139.0,8.0,21,13,1
PHC-DST-A1-01,2024-08-01,121.0,4.0,19,12,4
PHC-DST-A1-01,2024-08-02,129.0,8.0,17,14,3
PHC-DST-A1-01,2024-08-03,120.0,3.0,22,14,2
PHC-DST-A1-01,2024-08-04,57.0,5.0,7,25,2
PHC-DST-A1-01,2024-08-05,172.0,6.0,26,34,2
PHC-DST-A1-01,2024-08-06,154.0,3.0,19,28,1
PHC-DST-A1-01,2024-08-07,134.0,3.0,7,26,3
PHC-DST-A1-01,2024-08-08,130.0,4.0,8,25,4
PHC-DST-A1-01,2024-08-09,124.0,3.0,7,15,1
PHC-DST-A1-01,2024-08-10,111.0,4.0,7,12,2
PHC-DST-A1-01,2024-08-11,67.0,2.0,6,33,6
PHC-DST-A1-01,2024-08-12,151.0,4.0,15,13,5
PHC-DST-A1-01,2024-08-13,143.0,4.0,24,15,4
PHC-DST-A1-01,2024-08-14,146.0,4.0,7,38,2
PHC-DST-A1-01,2024-08-15,114.0,5.0,7,13,4
PHC-DST-A1-01,2024-08-16,120.0,4.0,9,12,5
PHC-DST-A1-01,2024-08-17,101.0,5.0,7,9,4
PHC-DST-A1-01,2024-08-18,71.0,4.0,8,38,1
PHC-DST-A1-01,2024-08-19,146.0,2.0,7,15,4
PHC-DST-A1-01,2024-08-20,143.0,3.0,25,12,2
PHC-DST-A1-01,2024-08-21,122.0,5.0,15,15,4
PHC-DST-A1-01,2024-08-22,129.0,4.0,18,15,2
PHC-DST-A1-01,2024-08-23,121.0,5.0,6,12,3
PHC-DST-A1-01,2024-08-24,112.0,4.0,16,13,4
PHC-DST-A1-01,2024-08-25,54.0,4.0,20,11,2
PHC-DST-A1-01,2024-08-26,153.0,5.0,7,22,1
PHC-DST-A1-01,2024-08-27,145.0,6.0,4,30,0
PHC-DST-A1-01,2024-08-28,123.0,1.0,8,14,6
PHC-DST-A1-01,2024-08-29,116.0,1.0,7,12,4
PHC-DST-A1-01,2024-08-30,137.0,2.0,8,31,2
PHC-DST-A1-01,2024-08-31,107.0,4.0,8,13,2
PHC-DST-A1-01,2024-09-01,55.0,1.0,14,11,2
PHC-DST-A1-01,2024-09-02,158.0,5.0,20,12,8
PHC-DST-A1-01,2024-09-03,148.0,6.0,25,18,4
PHC-DST-A1-01,2024-09-04,122.0,7.0,8,16,2
PHC-DST-A1-01,2024-09-05,110.0,7.0,5,10,3
PHC-DST-A1-01,2024-09-06,123.0,4.0,7,16,4
PHC-DST-A1-01,2024-09-07,132.0,1.0,22,31,4
PHC-DST-A1-01,2024-09-08,63.0,3.0,15,24,1
PHC-DST-A1-01,2024-09-09,146.0,5.0,7,15,1
PHC-DST-A1-01,2024-09-10,131.0,3.0,7,15,0
PHC-DST-A1-01,2024-09-11,117.0,1.0,7,14,2
PHC-DST-A1-01,2024-09-12,120.0,7.0,7,14,5
PHC-DST-A1-01,2024-09-13,131.0,3.0,7,27,4
PHC-DST-A1-01,2024-09-14,,6.0,7,14,2
PHC-DST-A1-01,2024-09-15,56.0,7.0,8,15,2
PHC-DST-A1-01,2024-09-16,154.0,6.0,23,16,4
PHC-DST-A1-01,2024-09-17,143.0,5.0,16,17,4
PHC-DST-A1-01,2024-09-18,137.0,3.0,23,15,0
PHC-DST-A1-01,2024-09-19,122.0,4.0,9,14,5
PHC-DST-A1-01,2024-09-20,123.0,4.0,8,11,3
PHC-DST-A1-01,2024-09-21,107.0,5.0,8,12,3
PHC-DST-A1-01,2024-09-22,70.0,6.0,7,33,0
PHC-DST-A1-01,2024-09-23,153.0,5.0,6,27,4
PHC-DST-A1-01,2024-09-24,,2.0,7,14,4
PHC-DST-A1-01,2024-09-25,122.0,7.0,9,13,1
PHC-DST-A1-01,2024-09-26,119.0,4.0,6,16,1
PHC-DST-A1-01,2024-09-27,117.0,4.0,7,8,0
PHC-DST-A1-01,2024-09-28,116.0,5.0,22,10,6
PHC-DST-A1-01,2024-09-29,55.0,5.0,19,16,3
PHC-DST-A1-01,2024-09-30,140.0,3.0,5,14,4
PHC-DST-A1-01,2024-10-01,131.0,2.0,5,15,2
PHC-DST-A1-01,2024-10-02,126.0,3.0,6,12,4
PHC-DST-A1-01,2024-10-03,121.0,,7,16,7
PHC-DST-A1-01,2024-10-04,135.0,4.0,7,26,5
PHC-DST-A1-01,2024-10-05,106.0,2.0,6,13,1
PHC-DST-A1-01,2024-10-06,51.0,3.0,8,9,2
PHC-DST-A1-01,2024-10-07,139.0,6.0,7,11,2
PHC-DST-A1-01,2024-10-08,132.0,1.0,5,15,1
PHC-DST-A1-01,2024-10-09,122.0,2.0,8,13,3
PHC-DST-A1-01,2024-10-10,115.0,2.0,8,11,7
PHC-DST-A1-01,2024-10-11,118.0,7.0,6,12,2
PHC-DST-A1-01,2024-10-12,106.0,5.0,6,12,6
PHC-DST-A1-01,2024-10-13,50.0,7.0,7,16,3
PHC-DST-A1-01,2024-10-14,144.0,7.0,6,15,1
PHC-DST-A1-01,2024-10-15,133.0,3.0,7,12,2
PHC-DST-A1-01,2024-10-16,121.0,5.0,8,16,2
PHC-DST-A1-01,2024-10-17,110.0,4.0,9,11,4
PHC-DST-A1-01,2024-10-18,123.0,4.0,7,12,6
PHC-DST-A1-01,2024-10-19,106.0,6.0,7,12,1
PHC-DST-A1-01,2024-10-20,49.0,2.0,6,12,3
PHC-DST-A1-01,2024-10-21,147.0,5.0,7,15,4
PHC-DST-A1-01,2024-10-22,135.0,6.0,5,13,3
PHC-DST-A1-01,2024-10-23,117.0,5.0,5,15,3
PHC-DST-A1-01,2024-10-24,121.0,5.0,6,18,2
PHC-DST-A1-01,2024-10-25,130.0,6.0,6,16,3
PHC-DST-A1-01,2024-10-26,107.0,4.0,6,14,2
PHC-DST-A1-01,2024-10-27,51.0,3.0,6,14,3
PHC-DST-A1-01,2024-10-28,142.0,6.0,9,13,2
PHC-DST-A1-01,2024-10-29,130.0,6.0,6,11,5
PHC-DST-A1-01,2024-10-30,129.0,2.0,10,11,1
PHC-DST-A1-01,2024-10-31,123.0,4.0,8,14,7
PHC-DST-A1-01,2024-11-01,121.0,1.0,5,12,3
PHC-DST-A1-01,2024-11-02,105.0,9.0,5,13,4
PHC-DST-A1-01,2024-11-03,44.0,3.0,8,12,4
PHC-DST-A1-01,2024-11-04,142.0,4.0,6,14,2
PHC-DST-A1-01,2024-11-05,138.0,3.0,7,15,5
PHC-DST-A1-01,2024-11-06,126.0,4.0,6,18,1
PHC-DST-A1-01,2024-11-07,115.0,4.0,6,16,2
PHC-DST-A1-01,2024-11-08,115.0,6.0,5,10,4
PHC-DST-A1-01,2024-11-09,107.0,4.0,7,11,3
PHC-DST-A1-01,2024-11-10,54.0,4.0,8,12,4
PHC-DST-A1-01,2024-11-11,145.0,4.0,9,14,4
PHC-DST-A1-01,2024-11-12,133.0,2.0,7,15,2
PHC-DST-A1-01,2024-11-13,126.0,6.0,7,17,3
PHC-DST-A1-01,2024-11-14,123.0,2.0,8,15,5
PHC-DST-A1-01,2024-11-15,123.0,7.0,4,13,6
PHC-DST-A1-01,2024-11-16,107.0,4.0,6,10,3
PHC-DST-A1-01,2024-11-17,50.0,4.0,7,15,3
PHC-DST-A1-01,2024-11-18,146.0,6.0,9,15,3
PHC-DST-A1-01,2024-11-19,131.0,4.0,8,10,5
PHC-DST-A1-01,2024-11-20,123.0,2.0,10,13,3
PHC-DST-A1-01,2024-11-21,117.0,6.0,7,13,2
PHC-DST-A1-01,2024-11-22,124.0,3.0,7,17,2
PHC-DST-A1-01,2024-11-23,106.0,3.0,5,14,3
PHC-DST-A1-01,2024-11-24,44.0,6.0,7,14,4
PHC-DST-A1-01,2024-11-25,139.0,,7,14,2
PHC-DST-A1-01,2024-11-26,137.0,6.0,3,15,6
PHC-DST-A1-01,2024-11-27,123.0,2.0,7,13,0
PHC-DST-A1-01,2024-11-28,118.0,2.0,4,16,2
PHC-DST-A1-01,2024-11-29,122.0,4.0,8,15,2
PHC-DST-A1-01,2024-11-30,107.0,7.0,6,14,2
PHC-DST-A1-01,2024-12-01,48.0,6.0,7,13,6
PHC-DST-A1-01,2024-12-02,154.0,4.0,8,15,8
PHC-DST-A1-01,2024-12-03,132.0,3.0,5,12,4
PHC-DST-A1-01,2024-12-04,120.0,3.0,7,12,3
PHC-DST-A1-01,2024-12-05,123.0,7.0,8,16,1
PHC-DST-A1-01,2024-12-06,121.0,7.0,7,13,4
PHC-DST-A1-01,2024-12-07,,8.0,8,14,2
PHC-DST-A1-01,2024-12-08,53.0,0.0,8,15,4
PHC-DST-A1-01,2024-12-09,144.0,4.0,7,16,3
PHC-DST-A1-01,2024-12-10,137.0,4.0,5,14,3
PHC-DST-A1-01,2024-12-11,122.0,5.0,6,12,3
PHC-DST-A1-01,2024-12-12,116.0,5.0,3,14,0
PHC-DST-A1-01,2024-12-13,121.0,3.0,7,11,4
PHC-DST-A1-01,2024-12-14,105.0,5.0,6,10,1
PHC-DST-A1-01,2024-12-15,54.0,10.0,5,15,2
PHC-DST-A1-01,2024-12-16,145.0,5.0,7,16,2
PHC-DST-A1-01,2024-12-17,132.0,5.0,6,12,4
PHC-DST-A1-01,2024-12-18,127.0,9.0,5,14,1
PHC-DST-A1-01,2024-12-19,118.0,1.0,7,19,1
PHC-DST-A1-01,2024-12-20,121.0,5.0,7,16,2
PHC-DST-A1-01,2024-12-21,105.0,4.0,7,14,1
PHC-DST-A1-01,2024-12-22,53.0,7.0,7,16,4
PHC-DST-A1-01,2024-12-23,144.0,6.0,10,11,2
PHC-DST-A1-01,2024-12-24,135.0,3.0,6,15,5
PHC-DST-A1-01,2024-12-25,116.0,4.0,6,13,3
PHC-DST-A1-01,2024-12-26,123.0,5.0,7,16,5
PHC-DST-A1-01,2024-12-27,119.0,4.0,7,11,6
PHC-DST-A1-01,2024-12-28,105.0,2.0,6,11,8
PHC-DST-A1-01,2024-12-29,57.0,8.0,8,14,4
PHC-DST-A1-01,2024-12-30,138.0,4.0,5,11,6
PHC-DST-A1-01,2024-12-31,131.0,5.0,7,11,3
PHC-DST-A1-01,2025-01-01,122.0,4.0,7,11,1
PHC-DST-A1-01,2025-01-02,118.0,5.0,7,11,3
PHC-DST-A1-01,2025-01-03,123.0,5.0,7,12,2
PHC-DST-A1-01,2025-01-04,112.0,3.0,7,14,2
PHC-DST-A1-01,2025-01-05,57.0,5.0,7,18,5
PHC-DST-A1-01,2025-01-06,145.0,3.0,9,13,3
PHC-DST-A1-01,2025-01-07,133.0,5.0,7,13,3
PHC-DST-A1-01,2025-01-08,123.0,5.0,5,14,1
PHC-DST-A1-01,2025-01-09,112.0,3.0,9,12,5
PHC-DST-A1-01,2025-01-10,122.0,5.0,9,11,1
PHC-DST-A1-01,2025-01-11,109.0,4.0,8,12,1
PHC-DST-A1-01,2025-01-12,50.0,4.0,6,13,4
PHC-DST-A1-01,2025-01-13,142.0,2.0,7,14,2
PHC-DST-A1-01,2025-01-14,128.0,4.0,6,14,3
PHC-DST-A1-01,2025-01-15,123.0,1.0,6,15,6
PHC-DST-A1-01,2025-01-16,119.0,,7,15,4
PHC-DST-A1-01,2025-01-17,122.0,3.0,4,13,3
PHC-DST-A1-01,2025-01-18,107.0,5.0,7,16,3
PHC-DST-A1-01,2025-01-19,45.0,5.0,4,12,5
PHC-DST-A1-01,2025-01-20,143.0,6.0,4,15,2
PHC-DST-A1-01,2025-01-21,132.0,3.0,5,13,2
PHC-DST-A1-01,2025-01-22,127.0,3.0,7,13,0
PHC-DST-A1-01,2025-01-23,118.0,3.0,7,14,2
PHC-DST-A1-01,2025-01-24,125.0,4.0,7,13,5
PHC-DST-A1-01,2025-01-25,112.0,3.0,8,19,5
PHC-DST-A1-01,2025-01-26,56.0,6.0,6,13,6
PHC-DST-A1-01,2025-01-27,143.0,6.0,6,13,2
PHC-DST-A1-01,2025-01-28,132.0,4.0,6,13,0
PHC-DST-A1-01,2025-01-29,120.0,3.0,8,15,2
PHC-DST-A1-01,2025-01-30,117.0,2.0,6,14,8
PHC-DST-A1-01,2025-01-31,123.0,3.0,8,15,4
PHC-DST-A1-01,2025-02-01,107.0,2.0,8,18,2
PHC-DST-A1-01,2025-02-02,54.0,3.0,7,16,1
PHC-DST-A1-01,2025-02-03,142.0,4.0,7,19,2
PHC-DST-A1-01,2025-02-04,138.0,6.0,6,15,3
PHC-DST-A1-01,2025-02-05,122.0,8.0,7,11,3
PHC-DST-A1-01,2025-02-06,116.0,1.0,9,13,3
PHC-DST-A1-01,2025-02-07,124.0,4.0,6,15,2
PHC-DST-A1-01,2025-02-08,108.0,3.0,4,14,2
PHC-DST-A1-01,2025-02-09,49.0,2.0,6,11,0
PHC-DST-A1-01,2025-02-10,142.0,0.0,6,11,2
PHC-DST-A1-01,2025-02-11,128.0,3.0,5,14,2
PHC-DST-A1-01,2025-02-12,127.0,4.0,6,15,1
PHC-DST-A1-01,2025-02-13,118.0,7.0,8,12,4
PHC-DST-A1-01,2025-02-14,127.0,0.0,8,14,4
PHC-DST-A1-01,2025-02-15,108.0,7.0,8,11,5
PHC-DST-A1-01,2025-02-16,49.0,4.0,6,9,6
PHC-DST-A1-01,2025-02-17,141.0,5.0,7,14,3
PHC-DST-A1-01,2025-02-18,134.0,5.0,7,15,3
PHC-DST-A1-01,2025-02-19,119.0,7.0,6,15,2
PHC-DST-A1-01,2025-02-20,122.0,3.0,9,15,2
PHC-DST-A1-01,2025-02-21,124.0,6.0,6,13,3
PHC-DST-A1-01,2025-02-22,108.0,9.0,7,11,5
PHC-DST-A1-01,2025-02-23,51.0,4.0,6,13,2
PHC-DST-A1-01,2025-02-24,147.0,1.0,8,13,3
PHC-DST-A1-01,2025-02-25,134.0,4.0,5,13,1
PHC-DST-A1-01,2025-02-26,124.0,6.0,4,16,2
PHC-DST-A1-01,2025-02-27,119.0,4.0,6,18,3
PHC-DST-A1-01,2025-02-28,119.0,3.0,3,14,2
PHC-DST-A1-01,2025-03-01,109.0,7.0,6,13,3
PHC-DST-A1-01,2025-03-02,55.0,3.0,7,16,4
PHC-DST-A1-01,2025-03-03,148.0,3.0,9,13,8
PHC-DST-A1-01,2025-03-04,135.0,2.0,8,11,4
PHC-DST-A1-01,2025-03-05,127.0,9.0,7,17,5
PHC-DST-A1-01,2025-03-06,116.0,5.0,8,15,3
PHC-DST-A1-01,2025-03-07,126.0,6.0,7,11,4
PHC-DST-A1-01,2025-03-08,103.0,3.0,7,12,1
PHC-DST-A1-01,2025-03-09,54.0,4.0,7,17,1
PHC-DST-A1-01,2025-03-10,150.0,6.0,8,17,2
PHC-DST-A1-01,2025-03-11,137.0,2.0,5,14,2
PHC-DST-A1-01,2025-03-12,122.0,5.0,6,13,2
PHC-DST-A1-01,2025-03-13,124.0,2.0,8,17,3
PHC-DST-A1-01,2025-03-14,119.0,2.0,6,14,4
PHC-DST-A1-01,2025-03-15,100.0,3.0,5,10,5
PHC-DST-A1-01,2025-03-16,44.0,3.0,8,12,3
PHC-DST-A1-01,2025-03-17,142.0,2.0,8,14,3
PHC-DST-A1-01,2025-03-18,130.0,3.0,4,11,0
PHC-DST-A1-01,2025-03-19,118.0,3.0,7,13,2
PHC-DST-A1-01,2025-03-20,122.0,5.0,7,13,6
PHC-DST-A1-01,2025-03-21,119.0,4.0,7,14,1
PHC-DST-A1-01,2025-03-22,108.0,4.0,4,17,1
PHC-DST-A1-01,2025-03-23,52.0,3.0,8,13,2
PHC-DST-A1-01,2025-03-24,144.0,8.0,5,17,2
PHC-DST-A1-01,2025-03-25,132.0,7.0,6,16,4
PHC-DST-A1-01,2025-03-26,122.0,6.0,7,15,7
PHC-DST-A1-01,2025-03-27,118.0,5.0,7,14,1
PHC-DST-A1-01,2025-03-28,121.0,2.0,6,15,5
PHC-DST-A1-01,2025-03-29,111.0,1.0,8,14,3
PHC-DST-A1-01,2025-03-30,52.0,4.0,7,15,3
PHC-DST-A1-01,2025-03-31,140.0,2.0,7,11,4
PHC-DST-A1-01,2025-04-01,133.0,2.0,7,12,1
PHC-DST-A1-01,2025-04-02,124.0,0.0,5,14,2
PHC-DST-A1-01,2025-04-03,124.0,7.0,7,16,4
PHC-DST-A1-01,2025-04-04,118.0,4.0,6,12,4
PHC-DST-A1-01,2025-04-05,104.0,7.0,5,11,4
PHC-DST-A1-01,2025-04-06,50.0,9.0,6,14,2
PHC-DST-A1-01,2025-04-07,145.0,3.0,7,11,3
PHC-DST-A1-01,2025-04-08,129.0,6.0,7,14,4
PHC-DST-A1-01,2025-04-09,125.0,3.0,8,16,4
PHC-DST-A1-01,2025-04-10,118.0,3.0,7,16,4
PHC-DST-A1-01,2025-04-11,126.0,,7,14,3
PHC-DST-A1-01,2025-04-12,107.0,3.0,5,18,5
PHC-DST-A1-01,2025-04-13,46.0,8.0,7,10,2
PHC-DST-A1-01,2025-04-14,138.0,2.0,5,17,2
PHC-DST-A1-01,2025-04-15,133.0,7.0,7,11,2
PHC-DST-A1-01,2025-04-16,121.0,6.0,4,12,2
PHC-DST-A1-01,2025-04-17,120.0,3.0,8,13,2
PHC-DST-A1-01,2025-04-18,121.0,3.0,7,12,3
PHC-DST-A1-01,2025-04-19,105.0,7.0,6,15,2
PHC-DST-A1-01,2025-04-20,47.0,4.0,7,12,4
PHC-DST-A1-01,2025-04-21,139.0,3.0,6,14,2
PHC-DST-A1-01,2025-04-22,136.0,5.0,5,12,4
PHC-DST-A1-01,2025-04-23,,5.0,8,12,4
PHC-DST-A1-01,2025-04-24,118.0,6.0,7,13,0
PHC-DST-A1-01,2025-04-25,118.0,4.0,6,11,4
PHC-DST-A1-01,2025-04-26,110.0,3.0,7,17,2
PHC-DST-A1-01,2025-04-27,49.0,1.0,5,11,3
PHC-DST-A1-01,2025-04-28,145.0,4.0,7,15,1
PHC-DST-A1-01,2025-04-29,134.0,2.0,9,12,5
PHC-DST-A1-01,2025-04-30,128.0,4.0,6,15,7
PHC-DST-A1-01,2025-05-01,119.0,2.0,6,14,0
PHC-DST-A1-01,2025-05-02,122.0,1.0,7,13,0
PHC-DST-A1-01,2025-05-03,112.0,3.0,5,18,3
PHC-DST-A1-01,2025-05-04,44.0,2.0,6,9,1
PHC-DST-A1-01,2025-05-05,142.0,4.0,6,15,6
PHC-DST-A1-01,2025-05-06,,4.0,6,15,4
PHC-DST-A1-01,2025-05-07,135.0,2.0,9,19,2
PHC-DST-A1-01,2025-05-08,,3.0,9,12,3
PHC-DST-A1-01,2025-05-09,123.0,6.0,7,14,1
PHC-DST-A1-01,2025-05-10,107.0,3.0,7,13,4
PHC-DST-A1-01,2025-05-11,51.0,0.0,5,13,6
PHC-DST-A1-01,2025-05-12,144.0,4.0,5,12,1
PHC-DST-A1-01,2025-05-13,134.0,1.0,4,16,1
PHC-DST-A1-01,2025-05-14,120.0,9.0,5,11,1
PHC-DST-A1-01,2025-05-15,123.0,7.0,8,13,1
PHC-DST-A1-01,2025-05-16,124.0,4.0,7,14,3
PHC-DST-A1-01,2025-05-17,100.0,7.0,5,14,5
PHC-DST-A1-01,2025-05-18,54.0,2.0,7,12,8
PHC-DST-A1-01,2025-05-19,140.0,6.0,7,13,1
PHC-DST-A1-01,2025-05-20,137.0,4.0,7,14,4
PHC-DST-A1-01,2025-05-21,118.0,5.0,4,10,3
PHC-DST-A1-01,2025-05-22,123.0,6.0,8,15,0
PHC-DST-A1-01,2025-05-23,124.0,5.0,6,10,6
PHC-DST-A1-01,2025-05-24,110.0,3.0,7,11,4
PHC-DST-A1-01,2025-05-25,53.0,8.0,9,14,3
PHC-DST-A1-01,2025-05-26,145.0,3.0,8,13,0
PHC-DST-A1-01,2025-05-27,138.0,3.0,5,16,4
PHC-DST-A1-01,2025-05-28,126.0,3.0,9,15,4
PHC-DST-A1-01,2025-05-29,118.0,5.0,6,14,1
PHC-DST-A1-01,2025-05-30,118.0,7.0,6,14,3
PHC-DST-A1-01,2025-05-31,102.0,,6,12,2
PHC-DST-A1-01,2025-06-01,45.0,6.0,5,12,2
PHC-DST-A1-01,2025-06-02,144.0,9.0,6,13,3
PHC-DST-A1-01,2025-06-03,134.0,2.0,5,15,3
PHC-DST-A1-01,2025-06-04,122.0,8.0,7,13,2
PHC-DST-A1-01,2025-06-05,119.0,1.0,8,13,3
PHC-DST-A1-01,2025-06-06,117.0,5.0,7,15,4
PHC-DST-A1-01,2025-06-07,104.0,3.0,7,10,3
PHC-DST-A1-01,2025-06-08,58.0,6.0,6,14,4
PHC-DST-A1-01,2025-06-09,148.0,2.0,9,14,2
PHC-DST-A1-01,2025-06-10,131.0,8.0,5,11,3
PHC-DST-A1-01,2025-06-11,124.0,,8,16,1
PHC-DST-A1-01,2025-06-12,121.0,4.0,7,10,2
PHC-DST-A1-01,2025-06-13,122.0,6.0,7,9,3
PHC-DST-A1-01,2025-06-14,108.0,7.0,9,16,3
PHC-DST-A1-01,2025-06-15,54.0,6.0,8,12,4
PHC-DST-A1-01,2025-06-16,148.0,4.0,9,15,4
PHC-DST-A1-01,2025-06-17,131.0,3.0,5,13,2
PHC-DST-A1-01,2025-06-18,124.0,1.0,4,16,0
PHC-DST-A1-01,2025-06-19,111.0,6.0,7,12,4
PHC-DST-A1-01,2025-06-20,123.0,4.0,8,12,2
PHC-DST-A1-01,2025-06-21,101.0,8.0,6,10,5
PHC-DST-A1-01,2025-06-22,44.0,3.0,6,10,3
PHC-DST-A1-01,2025-06-23,148.0,0.0,7,13,3
PHC-DST-A1-01,2025-06-24,131.0,4.0,7,14,3
PHC-DST-A1-01,2025-06-25,114.0,4.0,6,12,7
PHC-DST-A1-01,2025-06-26,116.0,2.0,7,13,0
PHC-DST-A1-01,2025-06-27,126.0,3.0,7,13,2
PHC-DST-A1-01,2025-06-28,110.0,4.0,7,14,2
PHC-DST-A1-01,2025-06-29,50.0,6.0,7,13,3
PHC-DST-A1-01,2025-06-30,145.0,2.0,7,14,5
PHC-DST-A1-02,2024-01-01,146.0,2.0,6,17,1
PHC-DST-A1-02,2024-01-02,133.0,4.0,6,14,1
PHC-DST-A1-02,2024-01-03,120.0,2.0,9,14,1
PHC-DST-A1-02,2024-01-04,116.0,3.0,7,10,2
PHC-DST-A1-02,2024-01-05,129.0,2.0,7,17,3
PHC-DST-A1-02,2024-01-06,106.0,8.0,4,14,5
PHC-DST-A1-02,2024-01-07,54.0,3.0,7,13,4
PHC-DST-A1-02,2024-01-08,143.0,4.0,6,15,3
PHC-DST-A1-02,2024-01-09,131.0,2.0,8,12,4
PHC-DST-A1-02,2024-01-10,119.0,5.0,8,12,6
PHC-DST-A1-02,2024-01-11,118.0,4.0,6,12,4
PHC-DST-A1-02,2024-01-12,118.0,7.0,9,17,6
PHC-DST-A1-02,2024-01-13,101.0,5.0,6,11,8
PHC-DST-A1-02,2024-01-14,56.0,2.0,7,14,2
PHC-DST-A1-02,2024-01-15,139.0,2.0,6,15,1
PHC-DST-A1-02,2024-01-16,127.0,6.0,6,12,1
PHC-DST-A1-02,2024-01-17,116.0,7.0,6,11,1
PHC-DST-A1-02,2024-01-18,113.0,3.0,7,10,2
PHC-DST-A1-02,2024-01-19,113.0,7.0,7,10,4
PHC-DST-A1-02,2024-01-20,102.0,4.0,8,14,3
PHC-DST-A1-02,2024-01-21,49.0,4.0,5,16,5
PHC-DST-A1-02,2024-01-22,140.0,3.0,6,13,1
PHC-DST-A1-02,2024-01-23,130.0,2.0,5,13,5
PHC-DST-A1-02,2024-01-24,123.0,2.0,5,14,2
PHC-DST-A1-02,2024-01-25,110.0,4.0,8,11,2
PHC-DST-A1-02,2024-01-26,122.0,4.0,8,17,5
PHC-DST-A1-02,2024-01-27,105.0,5.0,7,14,2
PHC-DST-A1-02,2024-01-28,48.0,4.0,6,11,3
PHC-DST-A1-02,2024-01-29,140.0,7.0,6,10,3
PHC-DST-A1-02,2024-01-30,133.0,8.0,8,15,0
PHC-DST-A1-02,2024-01-31,122.0,5.0,4,14,2
PHC-DST-A1-02,2024-02-01,117.0,8.0,5,13,4
PHC-DST-A1-02,2024-02-02,120.0,5.0,7,15,2
PHC-DST-A1-02,2024-02-03,115.0,4.0,6,14,2
PHC-DST-A1-02,2024-02-04,51.0,7.0,6,13,1
PHC-DST-A1-02,2024-02-05,140.0,1.0,6,12,4
PHC-DST-A1-02,2024-02-06,135.0,4.0,5,15,2
PHC-DST-A1-02,2024-02-07,119.0,9.0,8,12,1
PHC-DST-A1-02,2024-02-08,108.0,3.0,5,10,5
PHC-DST-A1-02,2024-02-09,119.0,3.0,5,9,6
PHC-DST-A1-02,2024-02-10,103.0,5.0,7,16,3
PHC-DST-A1-02,2024-02-11,54.0,8.0,4,14,5
PHC-DST-A1-02,2024-02-12,147.0,6.0,7,15,2
PHC-DST-A1-02,2024-02-13,129.0,4.0,7,16,1
PHC-DST-A1-02,2024-02-14,121.0,4.0,7,17,1
PHC-DST-A1-02,2024-02-15,116.0,1.0,6,11,2
PHC-DST-A1-02,2024-02-16,117.0,6.0,8,12,7
PHC-DST-A1-02,2024-02-17,102.0,1.0,7,13,1
PHC-DST-A1-02,2024-02-18,50.0,3.0,8,10,4
PHC-DST-A1-02,2024-02-19,144.0,3.0,5,14,2
PHC-DST-A1-02,2024-02-20,130.0,3.0,4,16,2
PHC-DST-A1-02,2024-02-21,121.0,1.0,7,13,5
PHC-DST-A1-02,2024-02-22,115.0,3.0,6,15,1
PHC-DST-A1-02,2024-02-23,115.0,8.0,8,10,4
PHC-DST-A1-02,2024-02-24,107.0,5.0,10,14,2
PHC-DST-A1-02,2024-02-25,47.0,5.0,7,12,4
PHC-DST-A1-02,2024-02-26,141.0,5.0,7,12,5
PHC-DST-A1-02,2024-02-27,135.0,6.0,7,13,1
PHC-DST-A1-02,2024-02-28,120.0,5.0,6,13,2
PHC-DST-A1-02,2024-02-29,119.0,2.0,8,15,4
PHC-DST-A1-02,2024-03-01,120.0,3.0,8,12,0
PHC-DST-A1-02,2024-03-02,107.0,5.0,6,16,2
PHC-DST-A1-02,2024-03-03,48.0,2.0,4,17,2
PHC-DST-A1-02,2024-03-04,143.0,4.0,9,12,1
PHC-DST-A1-02,2024-03-05,132.0,1.0,6,15,3
PHC-DST-A1-02,2024-03-06,124.0,4.0,7,15,4
PHC-DST-A1-02,2024-03-07,112.0,4.0,5,11,4
PHC-DST-A1-02,2024-03-08,114.0,2.0,8,10,2
PHC-DST-A1-02,2024-03-09,103.0,0.0,6,12,3
PHC-DST-A1-02,2024-03-10,52.0,4.0,5,13,2
PHC-DST-A1-02,2024-03-11,135.0,2.0,6,12,2
PHC-DST-A1-02,2024-03-12,130.0,7.0,6,11,3
PHC-DST-A1-02,2024-03-13,119.0,3.0,8,15,4
PHC-DST-A1-02,2024-03-14,116.0,6.0,9,15,6
PHC-DST-A1-02,2024-03-15,123.0,4.0,6,17,2
PHC-DST-A1-02,2024-03-16,103.0,5.0,7,13,1
PHC-DST-A1-02,2024-03-17,50.0,6.0,8,13,4
PHC-DST-A1-02,2024-03-18,142.0,4.0,7,13,5
PHC-DST-A1-02,2024-03-19,130.0,8.0,6,11,1
PHC-DST-A1-02,2024-03-20,121.0,4.0,6,13,5
PHC-DST-A1-02,2024-03-21,113.0,3.0,7,15,3
PHC-DST-A1-02,2024-03-22,120.0,4.0,7,10,5
PHC-DST-A1-02,2024-03-23,109.0,5.0,8,9,1
PHC-DST-A1-02,2024-03-24,48.0,3.0,5,15,7
PHC-DST-A1-02,2024-03-25,140.0,6.0,8,15,2
PHC-DST-A1-02,2024-03-26,132.0,6.0,8,15,5
PHC-DST-A1-02,2024-03-27,115.0,3.0,5,13,2
PHC-DST-A1-02,2024-03-28,112.0,3.0,7,13,5
PHC-DST-A1-02,2024-03-29,122.0,7.0,7,14,3
PHC-DST-A1-02,2024-03-30,105.0,5.0,6,12,2
PHC-DST-A1-02,2024-03-31,43.0,6.0,7,10,2
PHC-DST-A1-02,2024-04-01,139.0,2.0,5,13,1
PHC-DST-A1-02,2024-04-02,133.0,4.0,7,15,3
PHC-DST-A1-02,2024-04-03,118.0,3.0,7,11,4
PHC-DST-A1-02,2024-04-04,111.0,3.0,7,12,2
PHC-DST-A1-02,2024-04-05,116.0,2.0,6,15,3
PHC-DST-A1-02,2024-04-06,106.0,5.0,6,16,4
PHC-DST-A1-02,2024-04-07,50.0,6.0,7,13,1
PHC-DST-A1-02,2024-04-08,138.0,3.0,5,9,8
PHC-DST-A1-02,2024-04-09,134.0,5.0,7,16,0
PHC-DST-A1-02,2024-04-10,121.0,5.0,6,14,3
PHC-DST-A1-02,2024-04-11,112.0,3.0,8,13,4
PHC-DST-A1-02,2024-04-12,116.0,2.0,4,11,1
PHC-DST-A1-02,2024-04-13,105.0,2.0,7,15,2
PHC-DST-A1-02,2024-04-14,51.0,6.0,8,13,4
PHC-DST-A1-02,2024-04-15,144.0,7.0,8,17,1
PHC-DST-A1-02,2024-04-16,,6.0,6,11,2
PHC-DST-A1-02,2024-04-17,120.0,3.0,5,13,2
PHC-DST-A1-02,2024-04-18,110.0,5.0,4,12,3
PHC-DST-A1-02,2024-04-19,120.0,3.0,9,12,0
PHC-DST-A1-02,2024-04-20,106.0,5.0,6,12,5
PHC-DST-A1-02,2024-04-21,47.0,3.0,5,15,2
PHC-DST-A1-02,2024-04-22,141.0,6.0,6,13,4
PHC-DST-A1-02,2024-04-23,127.0,3.0,7,11,2
PHC-DST-A1-02,2024-04-24,117.0,4.0,7,13,7
PHC-DST-A1-02,2024-04-25,112.0,6.0,5,16,3
PHC-DST-A1-02,2024-04-26,120.0,7.0,8,12,0
PHC-DST-A1-02,2024-04-27,105.0,2.0,7,13,1
PHC-DST-A1-02,2024-04-28,50.0,2.0,8,13,1
PHC-DST-A1-02,2024-04-29,137.0,4.0,6,18,1
PHC-DST-A1-02,2024-04-30,128.0,4.0,7,16,2
PHC-DST-A1-02,2024-05-01,117.0,2.0,7,12,0
PHC-DST-A1-02,2024-05-02,110.0,,8,12,4
PHC-DST-A1-02,2024-05-03,118.0,2.0,6,17,2
PHC-DST-A1-02,2024-05-04,109.0,3.0,8,13,2
PHC-DST-A1-02,2024-05-05,49.0,3.0,6,9,2
PHC-DST-A1-02,2024-05-06,137.0,5.0,6,11,2
PHC-DST-A1-02,2024-05-07,132.0,6.0,6,16,3
PHC-DST-A1-02,2024-05-08,123.0,2.0,6,12,2
PHC-DST-A1-02,2024-05-09,110.0,7.0,6,12,3
PHC-DST-A1-02,2024-05-10,122.0,4.0,8,10,5
PHC-DST-A1-02,2024-05-11,108.0,4.0,6,13,2
PHC-DST-A1-02,2024-05-12,52.0,9.0,4,10,1
PHC-DST-A1-02,2024-05-13,145.0,5.0,6,13,1
PHC-DST-A1-02,2024-05-14,133.0,5.0,7,15,3
PHC-DST-A1-02,2024-05-15,120.0,6.0,3,12,3
PHC-DST-A1-02,2024-05-16,116.0,3.0,7,14,3
PHC-DST-A1-02,2024-05-17,121.0,3.0,7,13,4
PHC-DST-A1-02,2024-05-18,104.0,4.0,7,13,1
PHC-DST-A1-02,2024-05-19,50.0,2.0,8,15,3
PHC-DST-A1-02,2024-05-20,144.0,4.0,8,12,2
PHC-DST-A1-02,2024-05-21,126.0,1.0,7,12,4
PHC-DST-A1-02,2024-05-22,114.0,3.0,6,13,4
PHC-DST-A1-02,2024-05-23,118.0,5.0,6,16,2
PHC-DST-A1-02,2024-05-24,121.0,5.0,7,13,3
PHC-DST-A1-02,2024-05-25,105.0,3.0,7,12,5
PHC-DST-A1-02,2024-05-26,50.0,1.0,5,14,3
PHC-DST-A1-02,2024-05-27,138.0,7.0,5,12,3
PHC-DST-A1-02,2024-05-28,123.0,4.0,6,14,5
PHC-DST-A1-02,2024-05-29,122.0,3.0,5,16,1
PHC-DST-A1-02,2024-05-30,119.0,2.0,9,13,2
PHC-DST-A1-02,2024-05-31,121.0,3.0,7,14,1
PHC-DST-A1-02,2024-06-01,101.0,7.0,7,13,2
PHC-DST-A1-02,2024-06-02,47.0,3.0,8,12,1
PHC-DST-A1-02,2024-06-03,140.0,6.0,7,14,3
PHC-DST-A1-02,2024-06-04,124.0,6.0,7,11,2
PHC-DST-A1-02,2024-06-05,119.0,5.0,5,14,4
PHC-DST-A1-02,2024-06-06,110.0,5.0,5,11,4
PHC-DST-A1-02,2024-06-07,124.0,1.0,7,14,1
PHC-DST-A1-02,2024-06-08,107.0,2.0,7,14,1
PHC-DST-A1-02,2024-06-09,54.0,6.0,8,14,1
PHC-DST-A1-02,2024-06-10,138.0,2.0,7,14,0
PHC-DST-A1-02,2024-06-11,128.0,4.0,6,14,3
PHC-DST-A1-02,2024-06-12,120.0,7.0,6,14,3
PHC-DST-A1-02,2024-06-13,109.0,4.0,7,11,5
PHC-DST-A1-02,2024-06-14,113.0,3.0,9,8,1
PHC-DST-A1-02,2024-06-15,108.0,5.0,7,13,3
PHC-DST-A1-02,2024-06-16,49.0,6.0,6,14,1
PHC-DST-A1-02,2024-06-17,138.0,4.0,6,12,3
PHC-DST-A1-02,2024-06-18,131.0,7.0,8,13,3
PHC-DST-A1-02,2024-06-19,124.0,7.0,7,14,6
PHC-DST-A1-02,2024-06-20,120.0,6.0,7,16,4
PHC-DST-A1-02,2024-06-21,118.0,6.0,7,13,1
PHC-DST-A1-02,2024-06-22,106.0,1.0,4,15,3
PHC-DST-A1-02,2024-06-23,46.0,4.0,7,15,2
PHC-DST-A1-02,2024-06-24,143.0,6.0,6,14,3
PHC-DST-A1-02,2024-06-25,134.0,2.0,9,16,5
PHC-DST-A1-02,2024-06-26,124.0,,5,15,5
PHC-DST-A1-02,2024-06-27,118.0,4.0,7,12,6
PHC-DST-A1-02,2024-06-28,127.0,2.0,6,11,4
PHC-DST-A1-02,2024-06-29,106.0,5.0,7,12,2
PHC-DST-A1-02,2024-06-30,50.0,3.0,6,14,1
PHC-DST-A1-02,2024-07-01,138.0,4.0,8,11,1
PHC-DST-A1-02,2024-07-02,126.0,2.0,7,15,4
PHC-DST-A1-02,2024-07-03,122.0,6.0,20,12,6
PHC-DST-A1-02,2024-07-04,126.0,4.0,23,16,2
PHC-DST-A1-02,2024-07-05,122.0,6.0,20,10,2
PHC-DST-A1-02,2024-07-06,112.0,4.0,20,12,5
PHC-DST-A1-02,2024-07-07,64.0,3.0,24,15,2
PHC-DST-A1-02,2024-07-08,148.0,8.0,13,15,3
PHC-DST-A1-02,2024-07-09,155.0,1.0,21,29,6
PHC-DST-A1-02,2024-07-10,120.0,8.0,7,14,3
PHC-DST-A1-02,2024-07-11,130.0,6.0,9,29,3
PHC-DST-A1-02,2024-07-12,146.0,4.0,19,30,3
PHC-DST-A1-02,2024-07-13,108.0,5.0,16,15,2
PHC-DST-A1-02,2024-07-14,71.0,2.0,24,27,5
PHC-DST-A1-02,2024-07-15,145.0,1.0,15,14,2
PHC-DST-A1-02,2024-07-16,136.0,8.0,18,12,4
PHC-DST-A1-02,2024-07-17,126.0,2.0,16,13,7
PHC-DST-A1-02,2024-07-18,130.0,2.0,7,29,5
PHC-DST-A1-02,2024-07-19,134.0,2.0,5,33,5
PHC-DST-A1-02,2024-07-20,111.0,5.0,4,25,2
PHC-DST-A1-02,2024-07-21,49.0,2.0,7,14,4
PHC-DST-A1-02,2024-07-22,153.0,2.0,7,31,1
PHC-DST-A1-02,2024-07-23,124.0,6.0,5,12,2
PHC-DST-A1-02,2024-07-24,125.0,5.0,15,14,2
PHC-DST-A1-02,2024-07-25,121.0,3.0,17,12,5
PHC-DST-A1-02,2024-07-26,119.0,5.0,7,13,3
PHC-DST-A1-02,2024-07-27,100.0,5.0,7,12,0
PHC-DST-A1-02,2024-07-28,46.0,,8,13,3
PHC-DST-A1-02,2024-07-29,150.0,3.0,21,13,5
PHC-DST-A1-02,2024-07-30,158.0,6.0,20,34,2
PHC-DST-A1-02,2024-07-31,126.0,2.0,22,12,3
PHC-DST-A1-02,2024-08-01,120.0,1.0,18,13,5
PHC-DST-A1-02,2024-08-02,128.0,2.0,23,10,1
PHC-DST-A1-02,2024-08-03,120.0,4.0,23,13,5
PHC-DST-A1-02,2024-08-04,70.0,4.0,6,36,1
PHC-DST-A1-02,2024-08-05,173.0,6.0,21,38,2
PHC-DST-A1-02,2024-08-06,144.0,4.0,19,23,5
PHC-DST-A1-02,2024-08-07,131.0,5.0,8,27,3
PHC-DST-A1-02,2024-08-08,136.0,3.0,5,39,2
PHC-DST-A1-02,2024-08-09,117.0,3.0,7,17,5
PHC-DST-A1-02,2024-08-10,100.0,5.0,5,13,4
PHC-DST-A1-02,2024-08-11,60.0,3.0,6,27,2
PHC-DST-A1-02,2024-08-12,147.0,4.0,20,12,3
PHC-DST-A1-02,2024-08-13,142.0,4.0,15,14,5
PHC-DST-A1-02,2024-08-14,134.0,7.0,7,32,2
PHC-DST-A1-02,2024-08-15,117.0,5.0,5,17,9
PHC-DST-A1-02,2024-08-16,118.0,6.0,6,14,1
PHC-DST-A1-02,2024-08-17,104.0,4.0,5,13,2
PHC-DST-A1-02,2024-08-18,73.0,8.0,8,36,3
PHC-DST-A1-02,2024-08-19,137.0,4.0,6,12,2
PHC-DST-A1-02,2024-08-20,131.0,5.0,14,12,3
PHC-DST-A1-02,2024-08-21,129.0,4.0,17,13,2
PHC-DST-A1-02,2024-08-22,117.0,3.0,17,12,2
PHC-DST-A1-02,2024-08-23,113.0,7.0,6,10,2
PHC-DST-A1-02,2024-08-24,116.0,4.0,22,12,4
PHC-DST-A1-02,2024-08-25,53.0,4.0,18,12,4
PHC-DST-A1-02,2024-08-26,148.0,3.0,8,25,1
PHC-DST-A1-02,2024-08-27,149.0,7.0,8,35,3
PHC-DST-A1-02,2024-08-28,122.0,4.0,7,13,1
PHC-DST-A1-02,2024-08-29,111.0,3.0,6,12,4
PHC-DST-A1-02,2024-08-30,128.0,3.0,5,27,2
PHC-DST-A1-02,2024-08-31,107.0,6.0,6,11,3
PHC-DST-A1-02,2024-09-01,51.0,9.0,16,14,3
PHC-DST-A1-02,2024-09-02,146.0,5.0,20,9,6
PHC-DST-A1-02,2024-09-03,136.0,6.0,18,13,0
PHC-DST-A1-02,2024-09-04,114.0,6.0,5,15,1
PHC-DST-A1-02,2024-09-05,116.0,8.0,7,14,4
PHC-DST-A1-02,2024-09-06,121.0,7.0,8,15,4
PHC-DST-A1-02,2024-09-07,135.0,4.0,18,38,0
PHC-DST-A1-02,2024-09-08,64.0,4.0,24,22,7
PHC-DST-A1-02,2024-09-09,135.0,4.0,8,12,2
PHC-DST-A1-02,2024-09-10,129.0,2.0,6,14,3
PHC-DST-A1-02,2024-09-11,121.0,6.0,5,12,2
PHC-DST-A1-02,2024-09-12,118.0,4.0,7,13,1
PHC-DST-A1-02,2024-09-13,135.0,5.0,6,33,9
PHC-DST-A1-02,2024-09-14,102.0,6.0,8,10,1
PHC-DST-A1-02,2024-09-15,48.0,,6,16,3
PHC-DST-A1-02,2024-09-16,146.0,2.0,20,9,0
PHC-DST-A1-02,2024-09-17,138.0,4.0,20,13,5
PHC-DST-A1-02,2024-09-18,124.0,4.0,16,13,3
PHC-DST-A1-02,2024-09-19,119.0,0.0,6,14,1
PHC-DST-A1-02,2024-09-20,123.0,3.0,6,18,3
PHC-DST-A1-02,2024-09-21,106.0,3.0,6,16,4
PHC-DST-A1-02,2024-09-22,65.0,4.0,8,34,4
PHC-DST-A1-02,2024-09-23,142.0,5.0,5,24,7
PHC-DST-A1-02,2024-09-24,128.0,4.0,5,13,1
PHC-DST-A1-02,2024-09-25,126.0,5.0,8,14,3
PHC-DST-A1-02,2024-09-26,119.0,2.0,7,16,3
PHC-DST-A1-02,2024-09-27,123.0,5.0,7,12,6
PHC-DST-A1-02,2024-09-28,118.0,5.0,21,18,1
PHC-DST-A1-02,2024-09-29,59.0,2.0,21,15,3
PHC-DST-A1-02,2024-09-30,144.0,4.0,6,17,1
PHC-DST-A1-02,2024-10-01,132.0,3.0,6,16,3
PHC-DST-A1-02,2024-10-02,118.0,0.0,7,14,1
PHC-DST-A1-02,2024-10-03,126.0,7.0,6,20,7
PHC-DST-A1-02,2024-10-04,138.0,2.0,6,35,4
PHC-DST-A1-02,2024-10-05,106.0,6.0,7,12,3
PHC-DST-A1-02,2024-10-06,48.0,4.0,7,14,2
PHC-DST-A1-02,2024-10-07,144.0,4.0,6,15,4
PHC-DST-A1-02,2024-10-08,127.0,11.0,6,11,1
PHC-DST-A1-02,2024-10-09,116.0,2.0,5,14,3
PHC-DST-A1-02,2024-10-10,114.0,3.0,6,13,4
PHC-DST-A1-02,2024-10-11,120.0,4.0,6,10,7
PHC-DST-A1-02,2024-10-12,107.0,8.0,6,13,2
PHC-DST-A1-02,2024-10-13,49.0,7.0,7,13,4
PHC-DST-A1-02,2024-10-14,139.0,4.0,7,12,2
PHC-DST-A1-02,2024-10-15,126.0,4.0,5,12,3
PHC-DST-A1-02,2024-10-16,117.0,4.0,7,12,1
PHC-DST-A1-02,2024-10-17,111.0,12.0,6,13,4
PHC-DST-A1-02,2024-10-18,119.0,5.0,7,10,3
PHC-DST-A1-02,2024-10-19,111.0,4.0,7,16,4
PHC-DST-A1-02,2024-10-20,46.0,1.0,6,18,0
PHC-DST-A1-02,2024-10-21,133.0,6.0,5,13,6
PHC-DST-A1-02,2024-10-22,125.0,6.0,6,12,2
PHC-DST-A1-02,2024-10-23,117.0,7.0,5,11,3
PHC-DST-A1-02,2024-10-24,114.0,3.0,7,12,3
PHC-DST-A1-02,2024-10-25,122.0,8.0,7,15,2
PHC-DST-A1-02,2024-10-26,106.0,6.0,8,14,2
PHC-DST-A1-02,2024-10-27,48.0,2.0,6,10,2
PHC-DST-A1-02,2024-10-28,145.0,4.0,9,12,5
PHC-DST-A1-02,2024-10-29,126.0,3.0,5,16,0
PHC-DST-A1-02,2024-10-30,120.0,7.0,6,14,5
PHC-DST-A1-02,2024-10-31,113.0,4.0,4,12,2
PHC-DST-A1-02,2024-11-01,121.0,1.0,8,11,3
PHC-DST-A1-02,2024-11-02,101.0,4.0,7,14,0
PHC-DST-A1-02,2024-11-03,53.0,1.0,6,13,1
PHC-DST-A1-02,2024-11-04,136.0,7.0,6,12,3
PHC-DST-A1-02,2024-11-05,126.0,1.0,9,13,2
PHC-DST-A1-02,2024-11-06,120.0,2.0,6,14,3
PHC-DST-A1-02,2024-11-07,111.0,3.0,7,11,1
PHC-DST-A1-02,2024-11-08,119.0,3.0,8,15,1
PHC-DST-A1-02,2024-11-09,108.0,2.0,7,12,2
PHC-DST-A1-02,2024-11-10,49.0,2.0,7,13,1
PHC-DST-A1-02,2024-11-11,140.0,7.0,7,14,3
PHC-DST-A1-02,2024-11-12,128.0,8.0,6,13,5
PHC-DST-A1-02,2024-11-13,118.0,4.0,4,15,2
PHC-DST-A1-02,2024-11-14,118.0,3.0,8,13,4
PHC-DST-A1-02,2024-11-15,116.0,3.0,6,13,1
PHC-DST-A1-02,2024-11-16,105.0,5.0,5,14,3
PHC-DST-A1-02,2024-11-17,56.0,2.0,6,16,0
PHC-DST-A1-02,2024-11-18,138.0,4.0,5,13,1
PHC-DST-A1-02,2024-11-19,131.0,6.0,4,13,6
PHC-DST-A1-02,2024-11-20,117.0,4.0,7,14,3
PHC-DST-A1-02,2024-11-21,115.0,6.0,3,17,3
PHC-DST-A1-02,2024-11-22,116.0,5.0,6,11,2
PHC-DST-A1-02,2024-11-23,107.0,5.0,6,15,6
PHC-DST-A1-02,2024-11-24,44.0,4.0,4,12,3
PHC-DST-A1-02,2024-11-25,141.0,,8,15,2
PHC-DST-A1-02,2024-11-26,126.0,2.0,6,10,1
PHC-DST-A1-02,2024-11-27,119.0,4.0,8,12,3
PHC-DST-A1-02,2024-11-28,112.0,6.0,6,11,3
PHC-DST-A1-02,2024-11-29,113.0,3.0,5,11,2
PHC-DST-A1-02,2024-11-30,106.0,3.0,7,14,2
PHC-DST-A1-02,2024-12-01,50.0,3.0,9,13,3
PHC-DST-A1-02,2024-12-02,143.0,3.0,5,15,2
PHC-DST-A1-02,2024-12-03,125.0,5.0,6,14,3
PHC-DST-A1-02,2024-12-04,124.0,6.0,6,13,1
PHC-DST-A1-02,2024-12-05,116.0,3.0,4,12,1
PHC-DST-A1-02,2024-12-06,118.0,5.0,7,11,3
PHC-DST-A1-02,2024-12-07,104.0,4.0,5,11,6
PHC-DST-A1-02,2024-12-08,49.0,4.0,9,15,4
PHC-DST-A1-02,2024-12-09,136.0,,7,15,3
PHC-DST-A1-02,2024-12-10,127.0,4.0,5,19,7
PHC-DST-A1-02,2024-12-11,128.0,6.0,8,16,1
PHC-DST-A1-02,2024-12-12,112.0,6.0,5,12,2
PHC-DST-A1-02,2024-12-13,124.0,6.0,5,15,4
PHC-DST-A1-02,2024-12-14,104.0,3.0,6,13,2
PHC-DST-A1-02,2024-12-15,51.0,5.0,6,14,2
PHC-DST-A1-02,2024-12-16,143.0,6.0,5,16,5
PHC-DST-A1-02,2024-12-17,131.0,4.0,7,10,2
PHC-DST-A1-02,2024-12-18,116.0,6.0,8,12,5
PHC-DST-A1-02,2024-12-19,112.0,5.0,6,15,1
PHC-DST-A1-02,2024-12-20,116.0,3.0,5,11,2
PHC-DST-A1-02,2024-12-21,100.0,1.0,8,10,7
PHC-DST-A1-02,2024-12-22,48.0,3.0,8,11,2
PHC-DST-A1-02,2024-12-23,138.0,4.0,7,12,5
PHC-DST-A1-02,2024-12-24,131.0,4.0,7,12,2
PHC-DST-A1-02,2024-12-25,114.0,4.0,5,12,3
PHC-DST-A1-02,2024-12-26,116.0,6.0,6,14,1
PHC-DST-A1-02,2024-12-27,121.0,4.0,9,12,3
PHC-DST-A1-02,2024-12-28,101.0,6.0,7,14,2
PHC-DST-A1-02,2024-12-29,48.0,5.0,4,12,2
PHC-DST-A1-02,2024-12-30,140.0,4.0,6,13,1
PHC-DST-A1-02,2024-12-31,133.0,6.0,7,14,7
PHC-DST-A1-02,2025-01-01,121.0,2.0,7,14,3
PHC-DST-A1-02,2025-01-02,117.0,4.0,6,14,4
PHC-DST-A1-02,2025-01-03,118.0,2.0,6,14,4
PHC-DST-A1-02,2025-01-04,105.0,6.0,6,11,1
PHC-DST-A1-02,2025-01-05,55.0,3.0,7,16,5
PHC-DST-A1-02,2025-01-06,144.0,6.0,7,12,3
PHC-DST-A1-02,2025-01-07,131.0,4.0,8,9,2
PHC-DST-A1-02,2025-01-08,115.0,2.0,7,15,1
PHC-DST-A1-02,2025-01-09,119.0,5.0,7,11,4
PHC-DST-A1-02,2025-01-10,117.0,1.0,4,13,5
PHC-DST-A1-02,2025-01-11,104.0,5.0,7,15,4
PHC-DST-A1-02,2025-01-12,48.0,6.0,7,12,2
PHC-DST-A1-02,2025-01-13,142.0,2.0,5,13,5
PHC-DST-A1-02,2025-01-14,,6.0,6,11,7
PHC-DST-A1-02,2025-01-15,121.0,5.0,5,15,3
PHC-DST-A1-02,2025-01-16,103.0,4.0,4,12,6
PHC-DST-A1-02,2025-01-17,119.0,2.0,7,12,5
PHC-DST-A1-02,2025-01-18,115.0,4.0,8,16,1
PHC-DST-A1-02,2025-01-19,51.0,5.0,7,14,5
PHC-DST-A1-02,2025-01-20,135.0,2.0,5,11,0
PHC-DST-A1-02,2025-01-21,132.0,3.0,7,15,1
PHC-DST-A1-02,2025-01-22,123.0,7.0,8,14,2
PHC-DST-A1-02,2025-01-23,115.0,7.0,4,14,4
PHC-DST-A1-02,2025-01-24,117.0,2.0,4,11,3
PHC-DST-A1-02,2025-01-25,105.0,2.0,7,16,1
PHC-DST-A1-02,2025-01-26,,8.0,8,16,1
PHC-DST-A1-02,2025-01-27,144.0,5.0,6,15,0
PHC-DST-A1-02,2025-01-28,130.0,5.0,4,14,0
PHC-DST-A1-02,2025-01-29,121.0,7.0,9,12,1
PHC-DST-A1-02,2025-01-30,115.0,5.0,5,14,2
PHC-DST-A1-02,2025-01-31,114.0,6.0,6,13,7
PHC-DST-A1-02,2025-02-01,106.0,1.0,7,15,3
PHC-DST-A1-02,2025-02-02,50.0,7.0,4,14,2
PHC-DST-A1-02,2025-02-03,147.0,5.0,7,13,5
PHC-DST-A1-02,2025-02-04,,3.0,6,15,4
PHC-DST-A1-02,2025-02-05,124.0,4.0,5,12,2
PHC-DST-A1-02,2025-02-06,122.0,3.0,5,16,3
PHC-DST-A1-02,2025-02-07,122.0,6.0,9,12,2
PHC-DST-A1-02,2025-02-08,105.0,5.0,7,10,4
PHC-DST-A1-02,2025-02-09,54.0,3.0,8,15,2
PHC-DST-A1-02,2025-02-10,144.0,2.0,7,13,2
PHC-DST-A1-02,2025-02-11,131.0,4.0,9,11,5
PHC-DST-A1-02,2025-02-12,123.0,3.0,5,18,4
PHC-DST-A1-02,2025-02-13,120.0,4.0,6,16,7
PHC-DST-A1-02,2025-02-14,123.0,7.0,8,15,2
PHC-DST-A1-02,2025-02-15,105.0,5.0,4,13,2
PHC-DST-A1-02,2025-02-16,48.0,8.0,6,13,1
PHC-DST-A1-02,2025-02-17,139.0,5.0,6,12,2
PHC-DST-A1-02,2025-02-18,130.0,3.0,6,13,5
PHC-DST-A1-02,2025-02-19,123.0,3.0,6,14,1
PHC-DST-A1-02,2025-02-20,119.0,4.0,5,14,2
PHC-DST-A1-02,2025-02-21,112.0,4.0,4,11,6
PHC-DST-A1-02,2025-02-22,102.0,7.0,6,14,3
PHC-DST-A1-02,2025-02-23,53.0,5.0,6,15,2
PHC-DST-A1-02,2025-02-24,130.0,8.0,8,11,3
PHC-DST-A1-02,2025-02-25,131.0,11.0,6,15,3
PHC-DST-A1-02,2025-02-26,122.0,7.0,6,15,3
PHC-DST-A1-02,2025-02-27,119.0,5.0,7,14,3
PHC-DST-A1-02,2025-02-28,117.0,9.0,5,14,1
PHC-DST-A1-02,2025-03-01,107.0,5.0,7,14,4
PHC-DST-A1-02,2025-03-02,45.0,4.0,6,12,3
PHC-DST-A1-02,2025-03-03,134.0,8.0,5,13,3
PHC-DST-A1-02,2025-03-04,129.0,1.0,7,13,1
PHC-DST-A1-02,2025-03-05,117.0,7.0,6,12,3
PHC-DST-A1-02,2025-03-06,113.0,2.0,7,11,6
PHC-DST-A1-02,2025-03-07,119.0,5.0,5,11,2
PHC-DST-A1-02,2025-03-08,108.0,3.0,4,14,5
PHC-DST-A1-02,2025-03-09,54.0,5.0,7,16,4
PHC-DST-A1-02,2025-03-10,149.0,5.0,7,15,3
PHC-DST-A1-02,2025-03-11,131.0,2.0,6,11,2
PHC-DST-A1-02,2025-03-12,113.0,,6,14,3
PHC-DST-A1-02,2025-03-13,115.0,5.0,6,14,2
PHC-DST-A1-02,2025-03-14,121.0,5.0,7,14,1
PHC-DST-A1-02,2025-03-15,106.0,3.0,8,13,3
PHC-DST-A1-02,2025-03-16,47.0,5.0,5,16,2
PHC-DST-A1-02,2025-03-17,138.0,2.0,9,15,4
PHC-DST-A1-02,2025-03-18,132.0,2.0,6,13,3
PHC-DST-A1-02,2025-03-19,117.0,7.0,5,13,8
PHC-DST-A1-02,2025-03-20,110.0,5.0,8,12,0
PHC-DST-A1-02,2025-03-21,,5.0,7,15,4
PHC-DST-A1-02,2025-03-22,106.0,8.0,7,15,3
PHC-DST-A1-02,2025-03-23,49.0,3.0,7,15,1
PHC-DST-A1-02,2025-03-24,141.0,1.0,6,16,2
PHC-DST-A1-02,2025-03-25,132.0,4.0,5,12,4
PHC-DST-A1-02,2025-03-26,116.0,8.0,7,12,2
PHC-DST-A1-02,2025-03-27,113.0,6.0,7,10,4
PHC-DST-A1-02,2025-03-28,123.0,8.0,6,13,4
PHC-DST-A1-02,2025-03-29,108.0,3.0,6,15,3
PHC-DST-A1-02,2025-03-30,50.0,8.0,7,13,7
PHC-DST-A1-02,2025-03-31,142.0,8.0,4,16,4
PHC-DST-A1-02,2025-04-01,130.0,3.0,6,15,4
PHC-DST-A1-02,2025-04-02,118.0,3.0,9,12,3
PHC-DST-A1-02,2025-04-03,119.0,3.0,7,15,4
PHC-DST-A1-02,2025-04-04,122.0,6.0,7,16,6
PHC-DST-A1-02,2025-04-05,106.0,3.0,6,14,5
PHC-DST-A1-02,2025-04-06,57.0,5.0,7,15,3
PHC-DST-A1-02,2025-04-07,140.0,,8,11,1
PHC-DST-A1-02,2025-04-08,130.0,4.0,7,13,5
PHC-DST-A1-02,2025-04-09,119.0,1.0,5,14,5
PHC-DST-A1-02,2025-04-10,113.0,5.0,5,13,1
PHC-DST-A1-02,2025-04-11,125.0,6.0,6,16,3
PHC-DST-A1-02,2025-04-12,106.0,1.0,7,12,1
PHC-DST-A1-02,2025-04-13,56.0,5.0,5,18,3
PHC-DST-A1-02,2025-04-14,139.0,8.0,5,15,3
PHC-DST-A1-02,2025-04-15,131.0,9.0,8,14,0
PHC-DST-A1-02,2025-04-16,120.0,5.0,7,15,3
PHC-DST-A1-02,2025-04-17,114.0,3.0,8,15,5
PHC-DST-A1-02,2025-04-18,119.0,3.0,4,15,0
PHC-DST-A1-02,2025-04-19,104.0,4.0,6,16,5
PHC-DST-A1-02,2025-04-20,49.0,3.0,6,12,1
PHC-DST-A1-02,2025-04-21,139.0,6.0,7,12,0
PHC-DST-A1-02,2025-04-22,128.0,6.0,6,13,3
PHC-DST-A1-02,2025-04-23,121.0,5.0,3,11,5
PHC-DST-A1-02,2025-04-24,112.0,3.0,5,11,2
PHC-DST-A1-02,2025-04-25,121.0,4.0,7,13,2
PHC-DST-A1-02,2025-04-26,104.0,6.0,6,11,4
PHC-DST-A1-02,2025-04-27,47.0,1.0,5,14,4
PHC-DST-A1-02,2025-04-28,139.0,2.0,7,12,1
PHC-DST-A1-02,2025-04-29,129.0,4.0,7,12,3
PHC-DST-A1-02,2025-04-30,122.0,1.0,8,12,2
PHC-DST-A1-02,2025-05-01,116.0,5.0,5,17,4
PHC-DST-A1-02,2025-05-02,119.0,6.0,5,16,3
PHC-DST-A1-02,2025-05-03,103.0,4.0,5,17,2
PHC-DST-A1-02,2025-05-04,51.0,8.0,9,12,2
PHC-DST-A1-02,2025-05-05,142.0,7.0,8,11,3
PHC-DST-A1-02,2025-05-06,123.0,3.0,5,9,5
PHC-DST-A1-02,2025-05-07,114.0,4.0,6,10,4
PHC-DST-A1-02,2025-05-08,120.0,4.0,7,12,2
PHC-DST-A1-02,2025-05-09,119.0,3.0,6,11,7
PHC-DST-A1-02,2025-05-10,105.0,10.0,8,14,1
PHC-DST-A1-02,2025-05-11,45.0,7.0,5,9,3
PHC-DST-A1-02,2025-05-12,145.0,2.0,5,13,3
PHC-DST-A1-02,2025-05-13,130.0,2.0,5,13,1
PHC-DST-A1-02,2025-05-14,123.0,4.0,8,17,2
PHC-DST-A1-02,2025-05-15,108.0,5.0,6,13,1
PHC-DST-A1-02,2025-05-16,113.0,3.0,7,14,6
PHC-DST-A1-02,2025-05-17,110.0,3.0,8,11,4
PHC-DST-A1-02,2025-05-18,51.0,5.0,6,13,2
PHC-DST-A1-02,2025-05-19,144.0,4.0,7,15,2
PHC-DST-A1-02,2025-05-20,128.0,3.0,5,12,2
PHC-DST-A1-02,2025-05-21,116.0,7.0,7,13,0
PHC-DST-A1-02,2025-05-22,108.0,3.0,7,12,2
PHC-DST-A1-02,2025-05-23,115.0,6.0,5,14,3
PHC-DST-A1-02,2025-05-24,102.0,4.0,6,9,0
PHC-DST-A1-02,2025-05-25,46.0,6.0,7,12,3
PHC-DST-A1-02,2025-05-26,141.0,2.0,5,14,1
PHC-DST-A1-02,2025-05-27,129.0,3.0,7,11,4
PHC-DST-A1-02,2025-05-28,122.0,5.0,7,12,4
PHC-DST-A1-02,2025-05-29,,9.0,6,15,1
PHC-DST-A1-02,2025-05-30,117.0,7.0,7,11,1
PHC-DST-A1-02,2025-05-31,108.0,7.0,7,15,3
PHC-DST-A1-02,2025-06-01,49.0,5.0,9,14,1
PHC-DST-A1-02,2025-06-02,142.0,7.0,8,16,3
PHC-DST-A1-02,2025-06-03,130.0,3.0,5,15,4
PHC-DST-A1-02,2025-06-04,120.0,3.0,8,15,7
PHC-DST-A1-02,2025-06-05,117.0,5.0,6,14,2
PHC-DST-A1-02,2025-06-06,118.0,5.0,7,15,4
PHC-DST-A1-02,2025-06-07,99.0,5.0,6,12,2
PHC-DST-A1-02,2025-06-08,52.0,4.0,6,17,5
PHC-DST-A1-02,2025-06-09,145.0,5.0,4,15,2
PHC-DST-A1-02,2025-06-10,134.0,6.0,4,13,5
PHC-DST-A1-02,2025-06-11,119.0,8.0,5,12,3
PHC-DST-A1-02,2025-06-12,119.0,3.0,5,11,6
PHC-DST-A1-02,2025-06-13,118.0,3.0,6,13,4
PHC-DST-A1-02,2025-06-14,106.0,1.0,8,12,5
PHC-DST-A1-02,2025-06-15,52.0,5.0,8,11,5
PHC-DST-A1-02,2025-06-16,140.0,5.0,7,16,5
PHC-DST-A1-02,2025-06-17,130.0,,6,12,3
PHC-DST-A1-02,2025-06-18,121.0,6.0,7,14,1
PHC-DST-A1-02,2025-06-19,106.0,5.0,5,10,0
PHC-DST-A1-02,2025-06-20,118.0,4.0,6,11,4
PHC-DST-A1-02,2025-06-21,104.0,8.0,6,13,2
PHC-DST-A1-02,2025-06-22,46.0,9.0,7,12,2
PHC-DST-A1-02,2025-06-23,137.0,3.0,7,11,1
PHC-DST-A1-02,2025-06-24,132.0,2.0,7,11,2
PHC-DST-A1-02,2025-06-25,113.0,5.0,3,10,4
PHC-DST-A1-02,2025-06-26,113.0,5.0,8,13,0
PHC-DST-A1-02,2025-06-27,119.0,4.0,6,14,4
PHC-DST-A1-02,2025-06-28,104.0,6.0,5,16,3
PHC-DST-A1-02,2025-06-29,52.0,5.0,3,17,3
PHC-DST-A1-02,2025-06-30,139.0,5.0,6,13,2
PHC-DST-A1-03,2024-01-01,118.0,5.0,5,12,4
PHC-DST-A1-03,2024-01-02,120.0,5.0,6,14,2
PHC-DST-A1-03,2024-01-03,110.0,3.0,4,13,1
PHC-DST-A1-03,2024-01-04,102.0,2.0,3,15,5
PHC-DST-A1-03,2024-01-05,110.0,2.0,4,13,2
PHC-DST-A1-03,2024-01-06,94.0,4.0,6,12,2
PHC-DST-A1-03,2024-01-07,40.0,4.0,5,8,4
PHC-DST-A1-03,2024-01-08,121.0,3.0,6,14,2
PHC-DST-A1-03,2024-01-09,115.0,2.0,6,12,3
PHC-DST-A1-03,2024-01-10,108.0,3.0,8,9,5
PHC-DST-A1-03,2024-01-11,98.0,4.0,5,12,2
PHC-DST-A1-03,2024-01-12,111.0,1.0,7,11,2
PHC-DST-A1-03,2024-01-13,98.0,4.0,8,16,4
PHC-DST-A1-03,2024-01-14,44.0,3.0,5,9,0
PHC-DST-A1-03,2024-01-15,121.0,2.0,5,12,0
PHC-DST-A1-03,2024-01-16,117.0,2.0,6,13,2
PHC-DST-A1-03,2024-01-17,104.0,4.0,5,10,3
PHC-DST-A1-03,2024-01-18,98.0,4.0,7,12,0
PHC-DST-A1-03,2024-01-19,,3.0,4,11,1
PHC-DST-A1-03,2024-01-20,93.0,4.0,7,12,6
PHC-DST-A1-03,2024-01-21,41.0,7.0,5,9,0
PHC-DST-A1-03,2024-01-22,124.0,5.0,6,12,2
PHC-DST-A1-03,2024-01-23,112.0,2.0,4,12,1
PHC-DST-A1-03,2024-01-24,109.0,3.0,7,13,4
PHC-DST-A1-03,2024-01-25,100.0,4.0,4,13,4
PHC-DST-A1-03,2024-01-26,,4.0,6,11,1
PHC-DST-A1-03,2024-01-27,96.0,2.0,7,11,2
PHC-DST-A1-03,2024-01-28,48.0,6.0,6,13,3
PHC-DST-A1-03,2024-01-29,128.0,1.0,7,13,5
PHC-DST-A1-03,2024-01-30,110.0,3.0,7,12,4
PHC-DST-A1-03,2024-01-31,111.0,,7,13,4
PHC-DST-A1-03,2024-02-01,107.0,4.0,6,13,0
PHC-DST-A1-03,2024-02-02,110.0,9.0,7,12,5
PHC-DST-A1-03,2024-02-03,91.0,6.0,6,13,5
PHC-DST-A1-03,2024-02-04,45.0,4.0,5,10,4
PHC-DST-A1-03,2024-02-05,123.0,3.0,3,13,1
PHC-DST-A1-03,2024-02-06,109.0,4.0,4,12,1
PHC-DST-A1-03,2024-02-07,106.0,4.0,6,11,5
PHC-DST-A1-03,2024-02-08,100.0,,5,12,2
PHC-DST-A1-03,2024-02-09,106.0,6.0,9,6,0
PHC-DST-A1-03,2024-02-10,87.0,5.0,6,9,3
PHC-DST-A1-03,2024-02-11,47.0,5.0,6,13,4
PHC-DST-A1-03,2024-02-12,121.0,4.0,6,9,3
PHC-DST-A1-03,2024-02-13,120.0,4.0,6,13,5
PHC-DST-A1-03,2024-02-14,101.0,3.0,5,12,0
PHC-DST-A1-03,2024-02-15,103.0,6.0,5,12,2
PHC-DST-A1-03,2024-02-16,108.0,5.0,3,12,1
PHC-DST-A1-03,2024-02-17,96.0,3.0,5,13,0
PHC-DST-A1-03,2024-02-18,46.0,5.0,4,12,2
PHC-DST-A1-03,2024-02-19,120.0,6.0,4,11,3
PHC-DST-A1-03,2024-02-20,118.0,5.0,6,11,2
PHC-DST-A1-03,2024-02-21,105.0,7.0,5,12,3
PHC-DST-A1-03,2024-02-22,,2.0,5,12,1
PHC-DST-A1-03,2024-02-23,105.0,3.0,6,11,2
PHC-DST-A1-03,2024-02-24,101.0,1.0,9,14,3
PHC-DST-A1-03,2024-02-25,44.0,7.0,6,13,1
PHC-DST-A1-03,2024-02-26,127.0,4.0,7,14,4
PHC-DST-A1-03,2024-02-27,114.0,7.0,6,11,0
PHC-DST-A1-03,2024-02-28,107.0,7.0,4,13,3
PHC-DST-A1-03,2024-02-29,102.0,3.0,5,14,3
PHC-DST-A1-03,2024-03-01,103.0,6.0,5,10,1
PHC-DST-A1-03,2024-03-02,84.0,2.0,6,8,1
PHC-DST-A1-03,2024-03-03,49.0,6.0,6,11,4
PHC-DST-A1-03,2024-03-04,129.0,3.0,7,15,4
PHC-DST-A1-03,2024-03-05,112.0,2.0,5,11,4
PHC-DST-A1-03,2024-03-06,106.0,0.0,6,12,3
PHC-DST-A1-03,2024-03-07,99.0,4.0,3,14,2
PHC-DST-A1-03,2024-03-08,106.0,2.0,6,13,2
PHC-DST-A1-03,2024-03-09,89.0,5.0,6,12,5
PHC-DST-A1-03,2024-03-10,44.0,4.0,5,12,4
PHC-DST-A1-03,2024-03-11,118.0,2.0,6,9,6
PHC-DST-A1-03,2024-03-12,110.0,2.0,6,8,4
PHC-DST-A1-03,2024-03-13,102.0,4.0,4,12,1
PHC-DST-A1-03,2024-03-14,105.0,6.0,7,10,0
PHC-DST-A1-03,2024-03-15,101.0,4.0,5,10,2
PHC-DST-A1-03,2024-03-16,94.0,2.0,5,13,2
PHC-DST-A1-03,2024-03-17,51.0,2.0,7,13,0
PHC-DST-A1-03,2024-03-18,117.0,7.0,3,12,2
PHC-DST-A1-03,2024-03-19,124.0,2.0,5,16,5
PHC-DST-A1-03,2024-03-20,102.0,4.0,6,8,2
PHC-DST-A1-03,2024-03-21,100.0,6.0,7,11,4
PHC-DST-A1-03,2024-03-22,105.0,5.0,7,10,3
PHC-DST-A1-03,2024-03-23,92.0,4.0,6,12,2
PHC-DST-A1-03,2024-03-24,50.0,4.0,5,15,4
PHC-DST-A1-03,2024-03-25,122.0,4.0,5,9,3
PHC-DST-A1-03,2024-03-26,110.0,5.0,7,9,3
PHC-DST-A1-03,2024-03-27,102.0,4.0,6,11,3
PHC-DST-A1-03,2024-03-28,108.0,3.0,7,11,2
PHC-DST-A1-03,2024-03-29,108.0,0.0,5,14,1
PHC-DST-A1-03,2024-03-30,95.0,4.0,7,13,7
PHC-DST-A1-03,2024-03-31,43.0,4.0,7,10,2
PHC-DST-A1-03,2024-04-01,122.0,7.0,5,12,1
PHC-DST-A1-03,2024-04-02,116.0,2.0,7,12,2
PHC-DST-A1-03,2024-04-03,108.0,4.0,6,13,0
PHC-DST-A1-03,2024-04-04,102.0,3.0,6,10,2
PHC-DST-A1-03,2024-04-05,107.0,4.0,7,12,6
PHC-DST-A1-03,2024-04-06,91.0,4.0,5,13,4
PHC-DST-A1-03,2024-04-07,45.0,4.0,3,14,1
PHC-DST-A1-03,2024-04-08,116.0,4.0,5,9,1
PHC-DST-A1-03,2024-04-09,111.0,2.0,3,11,2
PHC-DST-A1-03,2024-04-10,106.0,1.0,6,13,1
PHC-DST-A1-03,2024-04-11,,5.0,6,13,2
PHC-DST-A1-03,2024-04-12,111.0,2.0,5,13,2
PHC-DST-A1-03,2024-04-13,89.0,0.0,5,8,4
PHC-DST-A1-03,2024-04-14,44.0,6.0,8,9,4
PHC-DST-A1-03,2024-04-15,122.0,3.0,6,10,5
PHC-DST-A1-03,2024-04-16,118.0,5.0,5,11,0
PHC-DST-A1-03,2024-04-17,107.0,0.0,7,10,6
PHC-DST-A1-03,2024-04-18,99.0,2.0,5,6,2
PHC-DST-A1-03,2024-04-19,104.0,1.0,4,14,2
PHC-DST-A1-03,2024-04-20,90.0,3.0,5,12,3
PHC-DST-A1-03,2024-04-21,43.0,4.0,4,9,2
PHC-DST-A1-03,2024-04-22,122.0,4.0,5,11,1
PHC-DST-A1-03,2024-04-23,113.0,1.0,4,11,2
PHC-DST-A1-03,2024-04-24,105.0,4.0,7,11,5
PHC-DST-A1-03,2024-04-25,102.0,10.0,7,12,5
PHC-DST-A1-03,2024-04-26,,2.0,7,14,5
PHC-DST-A1-03,2024-04-27,93.0,2.0,6,16,3
PHC-DST-A1-03,2024-04-28,42.0,2.0,5,10,2
PHC-DST-A1-03,2024-04-29,119.0,4.0,5,6,3
PHC-DST-A1-03,2024-04-30,116.0,4.0,3,13,1
PHC-DST-A1-03,2024-05-01,105.0,4.0,5,13,2
PHC-DST-A1-03,2024-05-02,102.0,1.0,4,13,3
PHC-DST-A1-03,2024-05-03,112.0,6.0,7,16,1
PHC-DST-A1-03,2024-05-04,95.0,6.0,7,13,3
PHC-DST-A1-03,2024-05-05,43.0,,5,11,1
PHC-DST-A1-03,2024-05-06,129.0,,6,13,4
PHC-DST-A1-03,2024-05-07,109.0,4.0,4,12,5
PHC-DST-A1-03,2024-05-08,103.0,4.0,6,12,4
PHC-DST-A1-03,2024-05-09,101.0,1.0,7,10,1
PHC-DST-A1-03,2024-05-10,110.0,8.0,6,11,5
PHC-DST-A1-03,2024-05-11,95.0,3.0,7,14,3
PHC-DST-A1-03,2024-05-12,44.0,5.0,5,12,6
PHC-DST-A1-03,2024-05-13,119.0,2.0,3,9,2
PHC-DST-A1-03,2024-05-14,118.0,6.0,6,15,3
PHC-DST-A1-03,2024-05-15,108.0,4.0,4,10,0
PHC-DST-A1-03,2024-05-16,99.0,6.0,7,13,0
PHC-DST-A1-03,2024-05-17,107.0,2.0,7,10,0
PHC-DST-A1-03,2024-05-18,91.0,1.0,5,9,2
PHC-DST-A1-03,2024-05-19,40.0,7.0,6,13,1
PHC-DST-A1-03,2024-05-20,122.0,6.0,4,11,4
PHC-DST-A1-03,2024-05-21,116.0,2.0,5,13,2
PHC-DST-A1-03,2024-05-22,111.0,4.0,5,10,1
PHC-DST-A1-03,2024-05-23,105.0,4.0,6,13,2
PHC-DST-A1-03,2024-05-24,107.0,2.0,6,11,1
PHC-DST-A1-03,2024-05-25,86.0,5.0,3,8,2
PHC-DST-A1-03,2024-05-26,46.0,3.0,6,10,5
PHC-DST-A1-03,2024-05-27,123.0,6.0,5,9,1
PHC-DST-A1-03,2024-05-28,120.0,8.0,5,14,2
PHC-DST-A1-03,2024-05-29,106.0,7.0,7,12,0
PHC-DST-A1-03,2024-05-30,105.0,4.0,4,17,3
PHC-DST-A1-03,2024-05-31,102.0,7.0,5,13,2
PHC-DST-A1-03,2024-06-01,95.0,3.0,7,10,2
PHC-DST-A1-03,2024-06-02,46.0,3.0,6,11,2
PHC-DST-A1-03,2024-06-03,126.0,4.0,7,11,2
PHC-DST-A1-03,2024-06-04,114.0,4.0,7,10,4
PHC-DST-A1-03,2024-06-05,105.0,1.0,8,10,3
PHC-DST-A1-03,2024-06-06,96.0,5.0,5,9,0
PHC-DST-A1-03,2024-06-07,105.0,5.0,5,11,3
PHC-DST-A1-03,2024-06-08,94.0,2.0,6,13,3
PHC-DST-A1-03,2024-06-09,42.0,4.0,5,11,2
PHC-DST-A1-03,2024-06-10,128.0,3.0,4,13,1
PHC-DST-A1-03,2024-06-11,115.0,2.0,5,8,2
PHC-DST-A1-03,2024-06-12,105.0,5.0,4,12,3
PHC-DST-A1-03,2024-06-13,104.0,5.0,5,14,0
PHC-DST-A1-03,2024-06-14,107.0,4.0,6,13,5
PHC-DST-A1-03,2024-06-15,90.0,8.0,6,10,3
PHC-DST-A1-03,2024-06-16,46.0,7.0,5,13,2
PHC-DST-A1-03,2024-06-17,124.0,2.0,7,12,5
PHC-DST-A1-03,2024-06-18,108.0,2.0,6,9,7
PHC-DST-A1-03,2024-06-19,104.0,1.0,4,9,2
PHC-DST-A1-03,2024-06-20,102.0,2.0,5,10,1
PHC-DST-A1-03,2024-06-21,102.0,1.0,6,12,3
PHC-DST-A1-03,2024-06-22,94.0,4.0,6,10,3
PHC-DST-A1-03,2024-06-23,43.0,5.0,4,13,3
PHC-DST-A1-03,2024-06-24,126.0,5.0,5,13,1
PHC-DST-A1-03,2024-06-25,115.0,3.0,7,12,0
PHC-DST-A1-03,2024-06-26,101.0,3.0,7,9,2
PHC-DST-A1-03,2024-06-27,101.0,2.0,6,12,1
PHC-DST-A1-03,2024-06-28,109.0,5.0,7,12,4
PHC-DST-A1-03,2024-06-29,88.0,0.0,7,9,1
PHC-DST-A1-03,2024-06-30,45.0,4.0,5,11,2
PHC-DST-A1-03,2024-07-01,126.0,,6,10,2
PHC-DST-A1-03,2024-07-02,112.0,3.0,5,11,3
PHC-DST-A1-03,2024-07-03,109.0,7.0,16,9,2
PHC-DST-A1-03,2024-07-04,110.0,5.0,14,11,1
PHC-DST-A1-03,2024-07-05,118.0,5.0,21,11,2
PHC-DST-A1-03,2024-07-06,101.0,2.0,18,12,3
PHC-DST-A1-03,2024-07-07,47.0,1.0,16,12,1
PHC-DST-A1-03,2024-07-08,129.0,5.0,22,8,5
PHC-DST-A1-03,2024-07-09,136.0,3.0,13,32,2
PHC-DST-A1-03,2024-07-10,109.0,7.0,7,12,1
PHC-DST-A1-03,2024-07-11,116.0,4.0,6,27,2
PHC-DST-A1-03,2024-07-12,120.0,2.0,16,25,1
PHC-DST-A1-03,2024-07-13,98.0,5.0,21,13,1
PHC-DST-A1-03,2024-07-14,58.0,10.0,20,21,1
PHC-DST-A1-03,2024-07-15,128.0,4.0,14,11,2
PHC-DST-A1-03,2024-07-16,124.0,4.0,19,11,0
PHC-DST-A1-03,2024-07-17,111.0,6.0,16,10,2
PHC-DST-A1-03,2024-07-18,106.0,4.0,6,17,2
PHC-DST-A1-03,2024-07-19,128.0,,6,34,2
PHC-DST-A1-03,2024-07-20,111.0,2.0,6,32,0
PHC-DST-A1-03,2024-07-21,42.0,4.0,4,11,2
PHC-DST-A1-03,2024-07-22,136.0,6.0,4,24,1
PHC-DST-A1-03,2024-07-23,122.0,4.0,6,14,1
PHC-DST-A1-03,2024-07-24,111.0,3.0,15,13,3
PHC-DST-A1-03,2024-07-25,104.0,6.0,13,13,2
PHC-DST-A1-03,2024-07-26,99.0,6.0,5,13,5
PHC-DST-A1-03,2024-07-27,,2.0,5,13,3
PHC-DST-A1-03,2024-07-28,41.0,6.0,3,7,5
PHC-DST-A1-03,2024-07-29,130.0,3.0,15,13,2
PHC-DST-A1-03,2024-07-30,130.0,3.0,15,26,1
PHC-DST-A1-03,2024-07-31,115.0,3.0,16,9,2
PHC-DST-A1-03,2024-08-01,108.0,0.0,20,10,3
PHC-DST-A1-03,2024-08-02,114.0,3.0,15,15,2
PHC-DST-A1-03,2024-08-03,100.0,5.0,15,10,3
PHC-DST-A1-03,2024-08-04,57.0,6.0,5,28,2
PHC-DST-A1-03,2024-08-05,138.0,2.0,17,23,4
PHC-DST-A1-03,2024-08-06,139.0,2.0,17,29,3
PHC-DST-A1-03,2024-08-07,114.0,6.0,6,19,1
PHC-DST-A1-03,2024-08-08,116.0,7.0,4,28,4
PHC-DST-A1-03,2024-08-09,100.0,6.0,6,10,3
PHC-DST-A1-03,2024-08-10,91.0,7.0,7,7,3
PHC-DST-A1-03,2024-08-11,59.0,2.0,7,33,3
PHC-DST-A1-03,2024-08-12,131.0,5.0,21,10,4
PHC-DST-A1-03,2024-08-13,119.0,5.0,18,10,4
PHC-DST-A1-03,2024-08-14,115.0,4.0,6,26,0
PHC-DST-A1-03,2024-08-15,102.0,,6,12,0
PHC-DST-A1-03,2024-08-16,102.0,4.0,4,13,2
PHC-DST-A1-03,2024-08-17,88.0,0.0,4,10,4
PHC-DST-A1-03,2024-08-18,57.0,2.0,6,26,0
PHC-DST-A1-03,2024-08-19,125.0,0.0,6,12,3
PHC-DST-A1-03,2024-08-20,122.0,4.0,20,9,2
PHC-DST-A1-03,2024-08-21,111.0,1.0,20,12,2
PHC-DST-A1-03,2024-08-22,103.0,,15,14,1
PHC-DST-A1-03,2024-08-23,105.0,3.0,6,11,3
PHC-DST-A1-03,2024-08-24,98.0,6.0,16,11,4
PHC-DST-A1-03,2024-08-25,55.0,5.0,16,13,2
PHC-DST-A1-03,2024-08-26,131.0,2.0,6,19,1
PHC-DST-A1-03,2024-08-27,124.0,3.0,2,28,2
PHC-DST-A1-03,2024-08-28,105.0,2.0,5,10,3
PHC-DST-A1-03,2024-08-29,99.0,5.0,5,13,2
PHC-DST-A1-03,2024-08-30,116.0,,5,27,3
PHC-DST-A1-03,2024-08-31,98.0,2.0,7,14,1
PHC-DST-A1-03,2024-09-01,45.0,2.0,19,8,3
PHC-DST-A1-03,2024-09-02,133.0,7.0,20,12,2
PHC-DST-A1-03,2024-09-03,115.0,1.0,16,9,6
PHC-DST-A1-03,2024-09-04,108.0,4.0,7,12,0
PHC-DST-A1-03,2024-09-05,111.0,10.0,7,16,1
PHC-DST-A1-03,2024-09-06,106.0,7.0,5,12,1
PHC-DST-A1-03,2024-09-07,112.0,3.0,15,31,1
PHC-DST-A1-03,2024-09-08,67.0,4.0,23,33,2
PHC-DST-A1-03,2024-09-09,126.0,3.0,7,11,3
PHC-DST-A1-03,2024-09-10,118.0,2.0,7,9,3
PHC-DST-A1-03,2024-09-11,,4.0,6,16,0
PHC-DST-A1-03,2024-09-12,109.0,1.0,7,13,3
PHC-DST-A1-03,2024-09-13,119.0,4.0,6,26,2
PHC-DST-A1-03,2024-09-14,90.0,1.0,5,12,2
PHC-DST-A1-03,2024-09-15,50.0,4.0,5,14,0
PHC-DST-A1-03,2024-09-16,132.0,4.0,17,15,2
PHC-DST-A1-03,2024-09-17,123.0,5.0,15,12,4
PHC-DST-A1-03,2024-09-18,108.0,3.0,15,11,1
PHC-DST-A1-03,2024-09-19,103.0,5.0,6,11,2
PHC-DST-A1-03,2024-09-20,102.0,4.0,6,14,2
PHC-DST-A1-03,2024-09-21,94.0,2.0,7,12,1
PHC-DST-A1-03,2024-09-22,63.0,6.0,7,31,1
PHC-DST-A1-03,2024-09-23,139.0,4.0,7,27,4
PHC-DST-A1-03,2024-09-24,117.0,4.0,8,11,1
PHC-DST-A1-03,2024-09-25,106.0,4.0,4,12,8
PHC-DST-A1-03,2024-09-26,105.0,6.0,6,15,1
PHC-DST-A1-03,2024-09-27,103.0,0.0,6,14,0
PHC-DST-A1-03,2024-09-28,102.0,4.0,21,11,3
PHC-DST-A1-03,2024-09-29,53.0,4.0,18,11,2
PHC-DST-A1-03,2024-09-30,122.0,6.0,5,13,4
PHC-DST-A1-03,2024-10-01,122.0,4.0,6,14,4
PHC-DST-A1-03,2024-10-02,108.0,4.0,4,15,2
PHC-DST-A1-03,2024-10-03,103.0,3.0,4,11,2
PHC-DST-A1-03,2024-10-04,114.0,6.0,4,20,3
PHC-DST-A1-03,2024-10-05,87.0,4.0,4,14,7
PHC-DST-A1-03,2024-10-06,46.0,,5,11,1
PHC-DST-A1-03,2024-10-07,124.0,3.0,5,16,5
PHC-DST-A1-03,2024-10-08,113.0,1.0,5,12,0
PHC-DST-A1-03,2024-10-09,103.0,3.0,8,7,3
PHC-DST-A1-03,2024-10-10,104.0,5.0,7,13,3
PHC-DST-A1-03,2024-10-11,108.0,2.0,6,14,2
PHC-DST-A1-03,2024-10-12,89.0,4.0,6,13,2
PHC-DST-A1-03,2024-10-13,49.0,7.0,5,14,2
PHC-DST-A1-03,2024-10-14,124.0,4.0,4,11,3
PHC-DST-A1-03,2024-10-15,111.0,6.0,7,10,4
PHC-DST-A1-03,2024-10-16,99.0,4.0,5,9,4
PHC-DST-A1-03,2024-10-17,102.0,0.0,6,11,2
PHC-DST-A1-03,2024-10-18,110.0,2.0,8,15,3
PHC-DST-A1-03,2024-10-19,87.0,6.0,7,10,5
PHC-DST-A1-03,2024-10-20,46.0,4.0,6,13,2
PHC-DST-A1-03,2024-10-21,125.0,5.0,7,14,3
PHC-DST-A1-03,2024-10-22,116.0,2.0,4,14,2
PHC-DST-A1-03,2024-10-23,104.0,3.0,5,10,2
PHC-DST-A1-03,2024-10-24,100.0,2.0,5,9,2
PHC-DST-A1-03,2024-10-25,102.0,5.0,5,9,1
PHC-DST-A1-03,2024-10-26,90.0,5.0,6,10,3
PHC-DST-A1-03,2024-10-27,46.0,4.0,4,13,1
PHC-DST-A1-03,2024-10-28,130.0,6.0,6,16,4
PHC-DST-A1-03,2024-10-29,116.0,1.0,8,11,1
PHC-DST-A1-03,2024-10-30,108.0,4.0,7,12,1
PHC-DST-A1-03,2024-10-31,102.0,,6,10,5
PHC-DST-A1-03,2024-11-01,107.0,3.0,6,11,0
PHC-DST-A1-03,2024-11-02,93.0,5.0,4,11,1
PHC-DST-A1-03,2024-11-03,45.0,6.0,6,13,1
PHC-DST-A1-03,2024-11-04,129.0,3.0,7,14,2
PHC-DST-A1-03,2024-11-05,117.0,7.0,4,14,2
PHC-DST-A1-03,2024-11-06,106.0,3.0,8,11,2
PHC-DST-A1-03,2024-11-07,105.0,5.0,5,16,2
PHC-DST-A1-03,2024-11-08,109.0,4.0,6,16,2
PHC-DST-A1-03,2024-11-09,95.0,4.0,5,13,3
PHC-DST-A1-03,2024-11-10,45.0,3.0,7,11,4
PHC-DST-A1-03,2024-11-11,126.0,5.0,6,10,3
PHC-DST-A1-03,2024-11-12,116.0,3.0,9,11,2
PHC-DST-A1-03,2024-11-13,101.0,4.0,4,11,3
PHC-DST-A1-03,2024-11-14,101.0,4.0,5,12,1
PHC-DST-A1-03,2024-11-15,107.0,3.0,6,13,1
PHC-DST-A1-03,2024-11-16,95.0,6.0,4,13,1
PHC-DST-A1-03,2024-11-17,45.0,2.0,7,11,3
PHC-DST-A1-03,2024-11-18,126.0,3.0,8,14,2
PHC-DST-A1-03,2024-11-19,116.0,6.0,4,8,1
PHC-DST-A1-03,2024-11-20,102.0,2.0,3,9,6
PHC-DST-A1-03,2024-11-21,106.0,3.0,8,13,3
PHC-DST-A1-03,2024-11-22,106.0,2.0,5,12,4
PHC-DST-A1-03,2024-11-23,95.0,5.0,6,11,4
PHC-DST-A1-03,2024-11-24,39.0,3.0,6,10,2
PHC-DST-A1-03,2024-11-25,117.0,2.0,7,12,1
PHC-DST-A1-03,2024-11-26,121.0,4.0,7,13,1
PHC-DST-A1-03,2024-11-27,110.0,2.0,6,12,3
PHC-DST-A1-03,2024-11-28,98.0,3.0,6,9,5
PHC-DST-A1-03,2024-11-29,109.0,1.0,6,11,1
PHC-DST-A1-03,2024-11-30,93.0,4.0,5,12,2
PHC-DST-A1-03,2024-12-01,49.0,5.0,6,12,2
PHC-DST-A1-03,2024-12-02,127.0,7.0,6,9,1
PHC-DST-A1-03,2024-12-03,118.0,10.0,5,11,2
PHC-DST-A1-03,2024-12-04,108.0,3.0,6,16,3
PHC-DST-A1-03,2024-12-05,102.0,3.0,5,11,1
PHC-DST-A1-03,2024-12-06,109.0,5.0,5,13,2
PHC-DST-A1-03,2024-12-07,90.0,9.0,7,10,0
PHC-DST-A1-03,2024-12-08,47.0,5.0,6,11,4
PHC-DST-A1-03,2024-12-09,127.0,2.0,6,10,2
PHC-DST-A1-03,2024-12-10,116.0,4.0,4,11,1
PHC-DST-A1-03,2024-12-11,106.0,3.0,4,14,3
PHC-DST-A1-03,2024-12-12,101.0,2.0,6,12,2
PHC-DST-A1-03,2024-12-13,106.0,4.0,6,13,3
PHC-DST-A1-03,2024-12-14,85.0,2.0,6,9,7
PHC-DST-A1-03,2024-12-15,45.0,6.0,5,12,0
PHC-DST-A1-03,2024-12-16,127.0,3.0,6,11,4
PHC-DST-A1-03,2024-12-17,117.0,5.0,6,11,4
PHC-DST-A1-03,2024-12-18,106.0,2.0,7,12,2
PHC-DST-A1-03,2024-12-19,103.0,5.0,5,14,8
PHC-DST-A1-03,2024-12-20,104.0,1.0,5,7,3
PHC-DST-A1-03,2024-12-21,97.0,2.0,7,14,1
PHC-DST-A1-03,2024-12-22,44.0,2.0,6,12,3
PHC-DST-A1-03,2024-12-23,127.0,2.0,7,13,3
PHC-DST-A1-03,2024-12-24,116.0,1.0,5,14,1
PHC-DST-A1-03,2024-12-25,,3.0,6,15,4
PHC-DST-A1-03,2024-12-26,99.0,4.0,6,8,2
PHC-DST-A1-03,2024-12-27,105.0,4.0,5,10,1
PHC-DST-A1-03,2024-12-28,92.0,3.0,5,14,5
PHC-DST-A1-03,2024-12-29,50.0,1.0,7,15,3
PHC-DST-A1-03,2024-12-30,127.0,3.0,7,12,3
PHC-DST-A1-03,2024-12-31,117.0,1.0,6,11,7
PHC-DST-A1-03,2025-01-01,107.0,2.0,7,13,2
PHC-DST-A1-03,2025-01-02,108.0,4.0,5,12,3
PHC-DST-A1-03,2025-01-03,108.0,5.0,6,12,3
PHC-DST-A1-03,2025-01-04,86.0,6.0,5,7,6
PHC-DST-A1-03,2025-01-05,47.0,4.0,4,12,5
PHC-DST-A1-03,2025-01-06,123.0,2.0,6,14,3
PHC-DST-A1-03,2025-01-07,113.0,5.0,7,9,3
PHC-DST-A1-03,2025-01-08,107.0,9.0,6,11,3
PHC-DST-A1-03,2025-01-09,100.0,2.0,7,10,2
PHC-DST-A1-03,2025-01-10,107.0,2.0,7,12,2
PHC-DST-A1-03,2025-01-11,93.0,3.0,7,11,2
PHC-DST-A1-03,2025-01-12,52.0,11.0,6,14,5
PHC-DST-A1-03,2025-01-13,123.0,1.0,5,12,3
PHC-DST-A1-03,2025-01-14,118.0,3.0,6,11,5
PHC-DST-A1-03,2025-01-15,112.0,3.0,8,15,3
PHC-DST-A1-03,2025-01-16,104.0,2.0,6,10,3
PHC-DST-A1-03,2025-01-17,100.0,3.0,6,10,0
PHC-DST-A1-03,2025-01-18,91.0,7.0,5,11,3
PHC-DST-A1-03,2025-01-19,41.0,4.0,5,12,3
PHC-DST-A1-03,2025-01-20,124.0,6.0,7,8,6
PHC-DST-A1-03,2025-01-21,113.0,6.0,5,13,1
PHC-DST-A1-03,2025-01-22,102.0,2.0,6,9,3
PHC-DST-A1-03,2025-01-23,95.0,5.0,6,10,0
PHC-DST-A1-03,2025-01-24,108.0,3.0,7,14,3
PHC-DST-A1-03,2025-01-25,98.0,1.0,6,13,3
PHC-DST-A1-03,2025-01-26,49.0,4.0,7,13,4
PHC-DST-A1-03,2025-01-27,122.0,8.0,4,10,8
PHC-DST-A1-03,2025-01-28,111.0,1.0,5,12,2
PHC-DST-A1-03,2025-01-29,99.0,5.0,4,10,4
PHC-DST-A1-03,2025-01-30,103.0,3.0,7,13,1
PHC-DST-A1-03,2025-01-31,105.0,7.0,5,10,2
PHC-DST-A1-03,2025-02-01,93.0,3.0,4,12,4
PHC-DST-A1-03,2025-02-02,43.0,5.0,6,12,5
PHC-DST-A1-03,2025-02-03,125.0,0.0,5,13,3
PHC-DST-A1-03,2025-02-04,119.0,3.0,6,16,3
PHC-DST-A1-03,2025-02-05,110.0,2.0,4,13,3
PHC-DST-A1-03,2025-02-06,104.0,4.0,4,11,2
PHC-DST-A1-03,2025-02-07,111.0,3.0,7,11,2
PHC-DST-A1-03,2025-02-08,93.0,5.0,5,13,2
PHC-DST-A1-03,2025-02-09,49.0,3.0,6,14,2
PHC-DST-A1-03,2025-02-10,128.0,3.0,5,15,0
PHC-DST-A1-03,2025-02-11,117.0,6.0,4,14,4
PHC-DST-A1-03,2025-02-12,104.0,6.0,5,9,7
PHC-DST-A1-03,2025-02-13,99.0,3.0,5,13,1
PHC-DST-A1-03,2025-02-14,105.0,3.0,6,9,4
PHC-DST-A1-03,2025-02-15,95.0,2.0,6,12,2
PHC-DST-A1-03,2025-02-16,43.0,2.0,6,11,2
PHC-DST-A1-03,2025-02-17,122.0,4.0,6,11,2
PHC-DST-A1-03,2025-02-18,112.0,5.0,6,13,4
PHC-DST-A1-03,2025-02-19,105.0,2.0,7,11,2
PHC-DST-A1-03,2025-02-20,95.0,3.0,5,11,4
PHC-DST-A1-03,2025-02-21,105.0,3.0,5,11,1
PHC-DST-A1-03,2025-02-22,90.0,1.0,5,15,2
PHC-DST-A1-03,2025-02-23,45.0,7.0,8,9,5
PHC-DST-A1-03,2025-02-24,123.0,6.0,4,12,2
PHC-DST-A1-03,2025-02-25,110.0,5.0,6,12,2
PHC-DST-A1-03,2025-02-26,106.0,4.0,6,8,3
PHC-DST-A1-03,2025-02-27,98.0,5.0,7,9,6
PHC-DST-A1-03,2025-02-28,103.0,7.0,3,12,4
PHC-DST-A1-03,2025-03-01,88.0,3.0,7,6,3
PHC-DST-A1-03,2025-03-02,42.0,3.0,6,9,2
PHC-DST-A1-03,2025-03-03,128.0,6.0,6,14,1
PHC-DST-A1-03,2025-03-04,114.0,2.0,6,9,1
PHC-DST-A1-03,2025-03-05,107.0,2.0,4,11,1
PHC-DST-A1-03,2025-03-06,103.0,7.0,7,15,6
PHC-DST-A1-03,2025-03-07,106.0,4.0,5,13,1
PHC-DST-A1-03,2025-03-08,88.0,9.0,5,14,5
PHC-DST-A1-03,2025-03-09,47.0,,7,14,1
PHC-DST-A1-03,2025-03-10,120.0,6.0,4,12,4
PHC-DST-A1-03,2025-03-11,116.0,5.0,5,15,0
PHC-DST-A1-03,2025-03-12,106.0,2.0,5,14,1
PHC-DST-A1-03,2025-03-13,103.0,4.0,6,11,3
PHC-DST-A1-03,2025-03-14,103.0,3.0,7,12,4
PHC-DST-A1-03,2025-03-15,94.0,4.0,5,13,6
PHC-DST-A1-03,2025-03-16,42.0,4.0,5,14,2
PHC-DST-A1-03,2025-03-17,119.0,3.0,6,11,3
PHC-DST-A1-03,2025-03-18,114.0,2.0,3,11,1
PHC-DST-A1-03,2025-03-19,112.0,6.0,6,11,2
PHC-DST-A1-03,2025-03-20,112.0,4.0,5,12,7
PHC-DST-A1-03,2025-03-21,113.0,2.0,8,10,1
PHC-DST-A1-03,2025-03-22,92.0,1.0,5,10,2
PHC-DST-A1-03,2025-03-23,45.0,3.0,7,11,2
PHC-DST-A1-03,2025-03-24,122.0,4.0,4,12,2
PHC-DST-A1-03,2025-03-25,118.0,2.0,6,14,1
PHC-DST-A1-03,2025-03-26,104.0,5.0,5,9,4
PHC-DST-A1-03,2025-03-27,100.0,5.0,6,12,0
PHC-DST-A1-03,2025-03-28,105.0,,5,14,2
PHC-DST-A1-03,2025-03-29,95.0,5.0,5,15,1
PHC-DST-A1-03,2025-03-30,37.0,4.0,5,7,3
PHC-DST-A1-03,2025-03-31,124.0,1.0,6,12,5
PHC-DST-A1-03,2025-04-01,120.0,4.0,4,11,2
PHC-DST-A1-03,2025-04-02,110.0,9.0,6,13,0
PHC-DST-A1-03,2025-04-03,102.0,1.0,7,13,3
PHC-DST-A1-03,2025-04-04,104.0,4.0,5,12,1
PHC-DST-A1-03,2025-04-05,93.0,4.0,3,11,3
PHC-DST-A1-03,2025-04-06,46.0,5.0,5,12,5
PHC-DST-A1-03,2025-04-07,125.0,,7,12,2
PHC-DST-A1-03,2025-04-08,110.0,1.0,4,8,4
PHC-DST-A1-03,2025-04-09,103.0,4.0,7,13,0
PHC-DST-A1-03,2025-04-10,101.0,3.0,5,12,1
PHC-DST-A1-03,2025-04-11,104.0,4.0,6,12,5
PHC-DST-A1-03,2025-04-12,95.0,4.0,6,11,3
PHC-DST-A1-03,2025-04-13,43.0,4.0,4,11,0
PHC-DST-A1-03,2025-04-14,124.0,2.0,6,14,2
PHC-DST-A1-03,2025-04-15,115.0,4.0,7,14,4
PHC-DST-A1-03,2025-04-16,103.0,4.0,6,9,3
PHC-DST-A1-03,2025-04-17,101.0,5.0,5,14,3
PHC-DST-A1-03,2025-04-18,105.0,4.0,7,11,3
PHC-DST-A1-03,2025-04-19,91.0,4.0,7,9,0
PHC-DST-A1-03,2025-04-20,45.0,1.0,4,12,6
PHC-DST-A1-03,2025-04-21,123.0,5.0,5,11,2
PHC-DST-A1-03,2025-04-22,111.0,4.0,5,9,4
PHC-DST-A1-03,2025-04-23,101.0,6.0,5,11,1
PHC-DST-A1-03,2025-04-24,101.0,3.0,5,13,0
PHC-DST-A1-03,2025-04-25,108.0,2.0,6,10,0
PHC-DST-A1-03,2025-04-26,92.0,5.0,6,12,3
PHC-DST-A1-03,2025-04-27,50.0,0.0,2,16,0
PHC-DST-A1-03,2025-04-28,131.0,4.0,6,17,2
PHC-DST-A1-03,2025-04-29,116.0,3.0,3,10,4
PHC-DST-A1-03,2025-04-30,110.0,3.0,6,14,1
PHC-DST-A1-03,2025-05-01,99.0,2.0,5,9,2
PHC-DST-A1-03,2025-05-02,106.0,7.0,5,10,3
PHC-DST-A1-03,2025-05-03,95.0,2.0,9,13,5
PHC-DST-A1-03,2025-05-04,37.0,2.0,6,10,0
PHC-DST-A1-03,2025-05-05,122.0,9.0,4,8,0
PHC-DST-A1-03,2025-05-06,110.0,0.0,4,9,5
PHC-DST-A1-03,2025-05-07,105.0,6.0,8,12,1
PHC-DST-A1-03,2025-05-08,102.0,6.0,6,11,1
PHC-DST-A1-03,2025-05-09,107.0,3.0,6,12,1
PHC-DST-A1-03,2025-05-10,94.0,5.0,7,11,2
PHC-DST-A1-03,2025-05-11,46.0,1.0,6,13,1
PHC-DST-A1-03,2025-05-12,123.0,2.0,5,15,0
PHC-DST-A1-03,2025-05-13,115.0,4.0,6,11,0
PHC-DST-A1-03,2025-05-14,102.0,3.0,6,7,4
PHC-DST-A1-03,2025-05-15,101.0,2.0,5,8,3
PHC-DST-A1-03,2025-05-16,107.0,3.0,5,11,2
PHC-DST-A1-03,2025-05-17,89.0,3.0,4,14,0
PHC-DST-A1-03,2025-05-18,41.0,5.0,6,10,5
PHC-DST-A1-03,2025-05-19,122.0,2.0,6,11,2
PHC-DST-A1-03,2025-05-20,112.0,3.0,7,9,2
PHC-DST-A1-03,2025-05-21,105.0,5.0,6,13,5
PHC-DST-A1-03,2025-05-22,105.0,2.0,7,11,1
PHC-DST-A1-03,2025-05-23,103.0,1.0,7,12,1
PHC-DST-A1-03,2025-05-24,90.0,3.0,4,8,2
PHC-DST-A1-03,2025-05-25,44.0,6.0,5,14,5
PHC-DST-A1-03,2025-05-26,127.0,7.0,6,13,2
PHC-DST-A1-03,2025-05-27,109.0,2.0,6,9,2
PHC-DST-A1-03,2025-05-28,104.0,2.0,5,13,3
PHC-DST-A1-03,2025-05-29,95.0,5.0,6,9,2
PHC-DST-A1-03,2025-05-30,104.0,1.0,5,11,1
PHC-DST-A1-03,2025-05-31,89.0,3.0,7,9,3
PHC-DST-A1-03,2025-06-01,45.0,4.0,7,13,3
PHC-DST-A1-03,2025-06-02,119.0,10.0,4,11,1
PHC-DST-A1-03,2025-06-03,112.0,5.0,4,12,4
PHC-DST-A1-03,2025-06-04,102.0,5.0,6,10,2
PHC-DST-A1-03,2025-06-05,100.0,5.0,6,7,2
PHC-DST-A1-03,2025-06-06,104.0,7.0,5,9,1
PHC-DST-A1-03,2025-06-07,85.0,,7,9,3
PHC-DST-A1-03,2025-06-08,46.0,2.0,7,13,5
PHC-DST-A1-03,2025-06-09,119.0,3.0,4,11,5
PHC-DST-A1-03,2025-06-10,121.0,2.0,6,11,2
PHC-DST-A1-03,2025-06-11,100.0,2.0,4,12,4
PHC-DST-A1-03,2025-06-12,103.0,1.0,7,10,5
PHC-DST-A1-03,2025-06-13,102.0,2.0,7,10,2
PHC-DST-A1-03,2025-06-14,94.0,6.0,6,13,0
PHC-DST-A1-03,2025-06-15,43.0,6.0,7,11,4
PHC-DST-A1-03,2025-06-16,127.0,6.0,9,13,3
PHC-DST-A1-03,2025-06-17,119.0,6.0,7,12,4
PHC-DST-A1-03,2025-06-18,109.0,5.0,5,13,3
PHC-DST-A1-03,2025-06-19,96.0,3.0,4,9,4
PHC-DST-A1-03,2025-06-20,104.0,3.0,5,11,1
PHC-DST-A1-03,2025-06-21,96.0,2.0,2,14,1
PHC-DST-A1-03,2025-06-22,40.0,3.0,6,7,3
PHC-DST-A1-03,2025-06-23,123.0,4.0,6,10,4
PHC-DST-A1-03,2025-06-24,113.0,9.0,5,10,3
PHC-DST-A1-03,2025-06-25,106.0,3.0,6,12,5
PHC-DST-A1-03,2025-06-26,101.0,2.0,4,14,2
PHC-DST-A1-03,2025-06-27,103.0,,7,12,4
PHC-DST-A1-03,2025-06-28,97.0,4.0,6,13,3
PHC-DST-A1-03,2025-06-29,39.0,3.0,4,13,2
PHC-DST-A1-03,2025-06-30,135.0,3.0,5,16,6
PHC-DST-A1-04,2024-01-01,133.0,7.0,8,12,2
PHC-DST-A1-04,2024-01-02,124.0,8.0,6,13,4
PHC-DST-A1-04,2024-01-03,117.0,2.0,7,12,1
PHC-DST-A1-04,2024-01-04,107.0,2.0,3,14,3
PHC-DST-A1-04,2024-01-05,114.0,0.0,7,11,3
PHC-DST-A1-04,2024-01-06,94.0,6.0,5,13,2
PHC-DST-A1-04,2024-01-07,42.0,6.0,6,12,4
PHC-DST-A1-04,2024-01-08,133.0,,8,13,5
PHC-DST-A1-04,2024-01-09,117.0,4.0,5,9,3
PHC-DST-A1-04,2024-01-10,112.0,8.0,6,11,3
PHC-DST-A1-04,2024-01-11,110.0,8.0,5,11,5
PHC-DST-A1-04,2024-01-12,112.0,4.0,4,14,4
PHC-DST-A1-04,2024-01-13,103.0,3.0,9,10,1
PHC-DST-A1-04,2024-01-14,47.0,4.0,4,15,9
PHC-DST-A1-04,2024-01-15,134.0,4.0,6,13,5
PHC-DST-A1-04,2024-01-16,121.0,5.0,5,11,1
PHC-DST-A1-04,2024-01-17,111.0,8.0,6,10,2
PHC-DST-A1-04,2024-01-18,102.0,0.0,7,11,3
PHC-DST-A1-04,2024-01-19,117.0,9.0,6,11,1
PHC-DST-A1-04,2024-01-20,95.0,2.0,6,13,1
PHC-DST-A1-04,2024-01-21,51.0,6.0,7,13,5
PHC-DST-A1-04,2024-01-22,128.0,4.0,5,10,5
PHC-DST-A1-04,2024-01-23,125.0,4.0,6,14,2
PHC-DST-A1-04,2024-01-24,117.0,8.0,7,13,4
PHC-DST-A1-04,2024-01-25,104.0,4.0,6,10,0
PHC-DST-A1-04,2024-01-26,111.0,4.0,7,15,2
PHC-DST-A1-04,2024-01-27,97.0,1.0,7,11,2
PHC-DST-A1-04,2024-01-28,41.0,5.0,6,10,4
PHC-DST-A1-04,2024-01-29,137.0,3.0,6,16,2
PHC-DST-A1-04,2024-01-30,128.0,1.0,6,17,2
PHC-DST-A1-04,2024-01-31,114.0,5.0,7,14,2
PHC-DST-A1-04,2024-02-01,115.0,0.0,6,15,4
PHC-DST-A1-04,2024-02-02,113.0,6.0,9,11,0
PHC-DST-A1-04,2024-02-03,101.0,10.0,6,16,0
PHC-DST-A1-04,2024-02-04,46.0,2.0,6,12,2
PHC-DST-A1-04,2024-02-05,135.0,6.0,8,14,2
PHC-DST-A1-04,2024-02-06,122.0,3.0,5,12,1
PHC-DST-A1-04,2024-02-07,109.0,5.0,5,12,2
PHC-DST-A1-04,2024-02-08,113.0,4.0,5,14,3
PHC-DST-A1-04,2024-02-09,112.0,2.0,4,11,3
PHC-DST-A1-04,2024-02-10,101.0,4.0,8,12,4
PHC-DST-A1-04,2024-02-11,47.0,1.0,4,16,1
PHC-DST-A1-04,2024-02-12,132.0,8.0,5,12,1
PHC-DST-A1-04,2024-02-13,120.0,5.0,4,13,2
PHC-DST-A1-04,2024-02-14,118.0,0.0,7,16,1
PHC-DST-A1-04,2024-02-15,108.0,2.0,8,14,3
PHC-DST-A1-04,2024-02-16,110.0,6.0,5,14,3
PHC-DST-A1-04,2024-02-17,105.0,3.0,5,16,0
PHC-DST-A1-04,2024-02-18,50.0,1.0,6,15,2
PHC-DST-A1-04,2024-02-19,134.0,1.0,6,13,1
PHC-DST-A1-04,2024-02-20,121.0,6.0,4,13,4
PHC-DST-A1-04,2024-02-21,108.0,3.0,5,10,0
PHC-DST-A1-04,2024-02-22,106.0,0.0,5,11,4
PHC-DST-A1-04,2024-02-23,115.0,3.0,7,8,4
PHC-DST-A1-04,2024-02-24,99.0,,5,13,3
PHC-DST-A1-04,2024-02-25,43.0,,5,11,1
PHC-DST-A1-04,2024-02-26,128.0,6.0,6,8,5
PHC-DST-A1-04,2024-02-27,120.0,0.0,6,10,3
PHC-DST-A1-04,2024-02-28,109.0,6.0,4,12,5
PHC-DST-A1-04,2024-02-29,109.0,5.0,7,13,4
PHC-DST-A1-04,2024-03-01,114.0,6.0,7,12,5
PHC-DST-A1-04,2024-03-02,,1.0,5,14,3
PHC-DST-A1-04,2024-03-03,47.0,6.0,7,13,7
PHC-DST-A1-04,2024-03-04,130.0,3.0,4,11,3
PHC-DST-A1-04,2024-03-05,123.0,1.0,4,15,2
PHC-DST-A1-04,2024-03-06,115.0,3.0,7,13,7
PHC-DST-A1-04,2024-03-07,110.0,1.0,5,16,2
PHC-DST-A1-04,2024-03-08,113.0,3.0,6,14,4
PHC-DST-A1-04,2024-03-09,93.0,4.0,6,9,1
PHC-DST-A1-04,2024-03-10,48.0,4.0,6,12,2
PHC-DST-A1-04,2024-03-11,133.0,1.0,7,13,4
PHC-DST-A1-04,2024-03-12,120.0,4.0,6,12,2
PHC-DST-A1-04,2024-03-13,113.0,5.0,6,12,4
PHC-DST-A1-04,2024-03-14,113.0,3.0,6,15,0
PHC-DST-A1-04,2024-03-15,108.0,5.0,7,12,2
PHC-DST-A1-04,2024-03-16,100.0,2.0,6,13,2
PHC-DST-A1-04,2024-03-17,46.0,4.0,4,13,3
PHC-DST-A1-04,2024-03-18,132.0,8.0,5,13,5
PHC-DST-A1-04,2024-03-19,123.0,9.0,8,14,5
PHC-DST-A1-04,2024-03-20,113.0,3.0,5,11,3
PHC-DST-A1-04,2024-03-21,110.0,1.0,7,15,2
PHC-DST-A1-04,2024-03-22,111.0,5.0,6,14,1
PHC-DST-A1-04,2024-03-23,104.0,7.0,6,12,6
PHC-DST-A1-04,2024-03-24,47.0,2.0,8,12,6
PHC-DST-A1-04,2024-03-25,132.0,2.0,7,15,2
PHC-DST-A1-04,2024-03-26,125.0,1.0,6,11,4
PHC-DST-A1-04,2024-03-27,115.0,2.0,6,16,3
PHC-DST-A1-04,2024-03-28,111.0,7.0,4,9,2
PHC-DST-A1-04,2024-03-29,114.0,5.0,5,13,2
PHC-DST-A1-04,2024-03-30,98.0,4.0,5,13,2
PHC-DST-A1-04,2024-03-31,44.0,6.0,9,9,5
PHC-DST-A1-04,2024-04-01,135.0,3.0,6,17,4
PHC-DST-A1-04,2024-04-02,113.0,7.0,7,11,2
PHC-DST-A1-04,2024-04-03,117.0,3.0,6,14,3
PHC-DST-A1-04,2024-04-04,106.0,6.0,6,10,5
PHC-DST-A1-04,2024-04-05,108.0,7.0,5,7,2
PHC-DST-A1-04,2024-04-06,92.0,4.0,6,12,4
PHC-DST-A1-04,2024-04-07,51.0,4.0,6,13,1
PHC-DST-A1-04,2024-04-08,130.0,2.0,7,13,2
PHC-DST-A1-04,2024-04-09,127.0,5.0,8,12,2
PHC-DST-A1-04,2024-04-10,103.0,2.0,6,8,1
PHC-DST-A1-04,2024-04-11,108.0,7.0,6,12,9
PHC-DST-A1-04,2024-04-12,114.0,7.0,7,12,3
PHC-DST-A1-04,2024-04-13,103.0,2.0,5,14,1
PHC-DST-A1-04,2024-04-14,50.0,6.0,8,15,1
PHC-DST-A1-04,2024-04-15,132.0,3.0,6,13,2
PHC-DST-A1-04,2024-04-16,122.0,7.0,5,15,5
PHC-DST-A1-04,2024-04-17,111.0,3.0,6,13,3
PHC-DST-A1-04,2024-04-18,109.0,3.0,7,13,3
PHC-DST-A1-04,2024-04-19,111.0,6.0,5,13,5
PHC-DST-A1-04,2024-04-20,92.0,1.0,6,8,2
PHC-DST-A1-04,2024-04-21,46.0,2.0,5,14,3
PHC-DST-A1-04,2024-04-22,135.0,4.0,6,12,2
PHC-DST-A1-04,2024-04-23,128.0,5.0,7,11,2
PHC-DST-A1-04,2024-04-24,117.0,3.0,7,14,6
PHC-DST-A1-04,2024-04-25,114.0,1.0,8,16,1
PHC-DST-A1-04,2024-04-26,116.0,7.0,5,13,2
PHC-DST-A1-04,2024-04-27,97.0,,6,12,0
PHC-DST-A1-04,2024-04-28,45.0,0.0,6,11,3
PHC-DST-A1-04,2024-04-29,129.0,,6,9,1
PHC-DST-A1-04,2024-04-30,122.0,1.0,5,14,3
PHC-DST-A1-04,2024-05-01,113.0,4.0,7,14,7
PHC-DST-A1-04,2024-05-02,108.0,7.0,6,12,1
PHC-DST-A1-04,2024-05-03,108.0,3.0,3,10,5
PHC-DST-A1-04,2024-05-04,100.0,4.0,7,11,1
PHC-DST-A1-04,2024-05-05,45.0,3.0,5,13,3
PHC-DST-A1-04,2024-05-06,133.0,0.0,7,12,1
PHC-DST-A1-04,2024-05-07,120.0,3.0,4,11,3
PHC-DST-A1-04,2024-05-08,120.0,4.0,6,18,3
PHC-DST-A1-04,2024-05-09,106.0,6.0,4,11,2
PHC-DST-A1-04,2024-05-10,115.0,8.0,7,8,3
PHC-DST-A1-04,2024-05-11,102.0,8.0,7,11,4
PHC-DST-A1-04,2024-05-12,48.0,3.0,4,15,3
PHC-DST-A1-04,2024-05-13,128.0,3.0,6,10,2
PHC-DST-A1-04,2024-05-14,127.0,1.0,6,15,1
PHC-DST-A1-04,2024-05-15,113.0,4.0,5,12,3
PHC-DST-A1-04,2024-05-16,113.0,5.0,6,13,1
PHC-DST-A1-04,2024-05-17,111.0,4.0,4,11,4
PHC-DST-A1-04,2024-05-18,98.0,5.0,7,12,3
PHC-DST-A1-04,2024-05-19,48.0,6.0,7,11,3
PHC-DST-A1-04,2024-05-20,137.0,7.0,7,13,0
PHC-DST-A1-04,2024-05-21,121.0,3.0,6,13,1
PHC-DST-A1-04,2024-05-22,122.0,5.0,6,15,1
PHC-DST-A1-04,2024-05-23,103.0,4.0,4,9,1
PHC-DST-A1-04,2024-05-24,113.0,6.0,4,14,2
PHC-DST-A1-04,2024-05-25,105.0,3.0,5,15,2
PHC-DST-A1-04,2024-05-26,48.0,5.0,6,15,1
PHC-DST-A1-04,2024-05-27,130.0,4.0,4,12,1
PHC-DST-A1-04,2024-05-28,118.0,3.0,5,10,4
PHC-DST-A1-04,2024-05-29,116.0,7.0,4,14,2
PHC-DST-A1-04,2024-05-30,110.0,7.0,5,11,2
PHC-DST-A1-04,2024-05-31,115.0,4.0,6,13,1
PHC-DST-A1-04,2024-06-01,104.0,1.0,6,15,3
PHC-DST-A1-04,2024-06-02,46.0,3.0,7,12,6
PHC-DST-A1-04,2024-06-03,133.0,3.0,7,12,4
PHC-DST-A1-04,2024-06-04,115.0,4.0,6,8,4
PHC-DST-A1-04,2024-06-05,118.0,2.0,8,14,4
PHC-DST-A1-04,2024-06-06,113.0,5.0,9,13,2
PHC-DST-A1-04,2024-06-07,113.0,3.0,7,12,7
PHC-DST-A1-04,2024-06-08,100.0,4.0,4,12,1
PHC-DST-A1-04,2024-06-09,48.0,5.0,9,10,4
PHC-DST-A1-04,2024-06-10,125.0,4.0,3,11,2
PHC-DST-A1-04,2024-06-11,123.0,0.0,7,13,2
PHC-DST-A1-04,2024-06-12,113.0,5.0,6,12,2
PHC-DST-A1-04,2024-06-13,110.0,3.0,7,12,0
PHC-DST-A1-04,2024-06-14,106.0,4.0,3,13,2
PHC-DST-A1-04,2024-06-15,102.0,1.0,6,13,3
PHC-DST-A1-04,2024-06-16,47.0,3.0,6,14,2
PHC-DST-A1-04,2024-06-17,138.0,2.0,7,13,2
PHC-DST-A1-04,2024-06-18,128.0,7.0,6,16,1
PHC-DST-A1-04,2024-06-19,112.0,6.0,6,10,2
PHC-DST-A1-04,2024-06-20,109.0,4.0,8,12,3
PHC-DST-A1-04,2024-06-21,110.0,6.0,5,11,5
PHC-DST-A1-04,2024-06-22,103.0,6.0,8,13,5
PHC-DST-A1-04,2024-06-23,42.0,1.0,8,12,1
PHC-DST-A1-04,2024-06-24,136.0,4.0,7,14,8
PHC-DST-A1-04,2024-06-25,122.0,4.0,7,14,0
PHC-DST-A1-04,2024-06-26,112.0,6.0,5,9,5
PHC-DST-A1-04,2024-06-27,107.0,2.0,7,12,3
PHC-DST-A1-04,2024-06-28,108.0,3.0,7,11,4
PHC-DST-A1-04,2024-06-29,97.0,4.0,7,10,2
PHC-DST-A1-04,2024-06-30,45.0,3.0,4,14,5
PHC-DST-A1-04,2024-07-01,133.0,7.0,8,13,1
PHC-DST-A1-04,2024-07-02,120.0,1.0,5,14,1
PHC-DST-A1-04,2024-07-03,118.0,1.0,19,13,3
PHC-DST-A1-04,2024-07-04,115.0,6.0,17,15,6
PHC-DST-A1-04,2024-07-05,129.0,6.0,22,15,2
PHC-DST-A1-04,2024-07-06,103.0,2.0,19,14,3
PHC-DST-A1-04,2024-07-07,54.0,5.0,18,15,3
PHC-DST-A1-04,2024-07-08,136.0,7.0,19,13,1
PHC-DST-A1-04,2024-07-09,149.0,2.0,17,34,2
PHC-DST-A1-04,2024-07-10,113.0,3.0,5,12,6
PHC-DST-A1-04,2024-07-11,120.0,1.0,5,27,5
PHC-DST-A1-04,2024-07-12,135.0,5.0,21,28,3
PHC-DST-A1-04,2024-07-13,104.0,3.0,15,15,2
PHC-DST-A1-04,2024-07-14,71.0,3.0,24,26,1
PHC-DST-A1-04,2024-07-15,145.0,3.0,22,13,1
PHC-DST-A1-04,2024-07-16,130.0,6.0,19,13,1
PHC-DST-A1-04,2024-07-17,119.0,2.0,22,9,4
PHC-DST-A1-04,2024-07-18,123.0,4.0,3,33,2
PHC-DST-A1-04,2024-07-19,122.0,0.0,6,25,5
PHC-DST-A1-04,2024-07-20,112.0,6.0,8,25,5
PHC-DST-A1-04,2024-07-21,43.0,3.0,5,11,3
PHC-DST-A1-04,2024-07-22,137.0,6.0,4,24,3
PHC-DST-A1-04,2024-07-23,121.0,6.0,4,13,3
PHC-DST-A1-04,2024-07-24,118.0,2.0,20,15,4
PHC-DST-A1-04,2024-07-25,118.0,4.0,22,14,4
PHC-DST-A1-04,2024-07-26,112.0,3.0,4,12,7
PHC-DST-A1-04,2024-07-27,95.0,3.0,8,11,0
PHC-DST-A1-04,2024-07-28,44.0,5.0,7,10,2
PHC-DST-A1-04,2024-07-29,141.0,3.0,17,15,0
PHC-DST-A1-04,2024-07-30,131.0,8.0,20,18,3
PHC-DST-A1-04,2024-07-31,117.0,5.0,14,15,5
PHC-DST-A1-04,2024-08-01,115.0,4.0,16,12,4
PHC-DST-A1-04,2024-08-02,117.0,3.0,22,11,3
PHC-DST-A1-04,2024-08-03,103.0,7.0,21,11,5
PHC-DST-A1-04,2024-08-04,59.0,4.0,4,31,0
PHC-DST-A1-04,2024-08-05,155.0,7.0,14,36,1
PHC-DST-A1-04,2024-08-06,132.0,6.0,16,21,2
PHC-DST-A1-04,2024-08-07,122.0,7.0,8,24,2
PHC-DST-A1-04,2024-08-08,121.0,1.0,6,27,3
PHC-DST-A1-04,2024-08-09,118.0,3.0,5,15,2
PHC-DST-A1-04,2024-08-10,96.0,3.0,7,12,3
PHC-DST-A1-04,2024-08-11,57.0,4.0,6,29,4
PHC-DST-A1-04,2024-08-12,135.0,5.0,15,11,5
PHC-DST-A1-04,2024-08-13,129.0,1.0,17,14,6
PHC-DST-A1-04,2024-08-14,124.0,2.0,5,23,3
PHC-DST-A1-04,2024-08-15,112.0,4.0,7,16,5
PHC-DST-A1-04,2024-08-16,113.0,2.0,6,15,0
PHC-DST-A1-04,2024-08-17,91.0,2.0,5,10,0
PHC-DST-A1-04,2024-08-18,66.0,8.0,6,34,1
PHC-DST-A1-04,2024-08-19,136.0,6.0,6,11,4
PHC-DST-A1-04,2024-08-20,129.0,5.0,23,11,2
PHC-DST-A1-04,2024-08-21,115.0,4.0,16,12,2
PHC-DST-A1-04,2024-08-22,118.0,5.0,17,13,3
PHC-DST-A1-04,2024-08-23,111.0,3.0,6,9,1
PHC-DST-A1-04,2024-08-24,110.0,2.0,14,14,0
PHC-DST-A1-04,2024-08-25,50.0,4.0,15,12,1
PHC-DST-A1-04,2024-08-26,144.0,5.0,7,25,2
PHC-DST-A1-04,2024-08-27,134.0,4.0,4,28,2
PHC-DST-A1-04,2024-08-28,111.0,4.0,6,13,3
PHC-DST-A1-04,2024-08-29,106.0,2.0,5,13,6
PHC-DST-A1-04,2024-08-30,129.0,1.0,7,30,3
PHC-DST-A1-04,2024-08-31,98.0,7.0,6,15,2
PHC-DST-A1-04,2024-09-01,52.0,4.0,22,10,5
PHC-DST-A1-04,2024-09-02,142.0,1.0,14,13,1
PHC-DST-A1-04,2024-09-03,,4.0,15,16,3
PHC-DST-A1-04,2024-09-04,111.0,1.0,7,10,2
PHC-DST-A1-04,2024-09-05,115.0,3.0,9,14,2
PHC-DST-A1-04,2024-09-06,111.0,4.0,5,9,1
PHC-DST-A1-04,2024-09-07,113.0,7.0,19,21,2
PHC-DST-A1-04,2024-09-08,68.0,7.0,22,31,2
PHC-DST-A1-04,2024-09-09,128.0,7.0,5,14,5
PHC-DST-A1-04,2024-09-10,129.0,5.0,7,14,2
PHC-DST-A1-04,2024-09-11,114.0,4.0,7,15,5
PHC-DST-A1-04,2024-09-12,109.0,5.0,5,13,2
PHC-DST-A1-04,2024-09-13,134.0,8.0,6,35,4
PHC-DST-A1-04,2024-09-14,95.0,3.0,9,12,1
PHC-DST-A1-04,2024-09-15,48.0,2.0,7,10,4
PHC-DST-A1-04,2024-09-16,142.0,1.0,19,13,2
PHC-DST-A1-04,2024-09-17,,5.0,18,13,4
PHC-DST-A1-04,2024-09-18,122.0,5.0,22,12,3
PHC-DST-A1-04,2024-09-19,104.0,7.0,7,10,1
PHC-DST-A1-04,2024-09-20,112.0,2.0,7,8,3
PHC-DST-A1-04,2024-09-21,95.0,10.0,4,11,4
PHC-DST-A1-04,2024-09-22,58.0,3.0,6,27,6
PHC-DST-A1-04,2024-09-23,143.0,7.0,6,31,3
PHC-DST-A1-04,2024-09-24,125.0,4.0,7,13,5
PHC-DST-A1-04,2024-09-25,120.0,5.0,7,13,2
PHC-DST-A1-04,2024-09-26,104.0,6.0,6,13,2
PHC-DST-A1-04,2024-09-27,111.0,5.0,5,12,4
PHC-DST-A1-04,2024-09-28,99.0,3.0,17,11,3
PHC-DST-A1-04,2024-09-29,58.0,3.0,21,12,6
PHC-DST-A1-04,2024-09-30,,3.0,7,13,1
PHC-DST-A1-04,2024-10-01,123.0,0.0,6,14,1
PHC-DST-A1-04,2024-10-02,115.0,1.0,5,14,1
PHC-DST-A1-04,2024-10-03,108.0,9.0,6,13,2
PHC-DST-A1-04,2024-10-04,125.0,2.0,8,27,3
PHC-DST-A1-04,2024-10-05,97.0,4.0,6,11,3
PHC-DST-A1-04,2024-10-06,48.0,,7,12,4
PHC-DST-A1-04,2024-10-07,129.0,5.0,7,11,3
PHC-DST-A1-04,2024-10-08,120.0,3.0,4,13,2
PHC-DST-A1-04,2024-10-09,113.0,2.0,5,12,3
PHC-DST-A1-04,2024-10-10,110.0,8.0,6,14,2
PHC-DST-A1-04,2024-10-11,112.0,4.0,6,13,1
PHC-DST-A1-04,2024-10-12,98.0,2.0,8,10,5
PHC-DST-A1-04,2024-10-13,48.0,3.0,6,15,1
PHC-DST-A1-04,2024-10-14,129.0,2.0,7,11,1
PHC-DST-A1-04,2024-10-15,127.0,2.0,6,14,3
PHC-DST-A1-04,2024-10-16,110.0,8.0,7,7,1
PHC-DST-A1-04,2024-10-17,107.0,9.0,5,11,3
PHC-DST-A1-04,2024-10-18,116.0,8.0,6,17,2
PHC-DST-A1-04,2024-10-19,103.0,3.0,7,15,2
PHC-DST-A1-04,2024-10-20,48.0,5.0,6,13,6
PHC-DST-A1-04,2024-10-21,121.0,6.0,6,7,1
PHC-DST-A1-04,2024-10-22,123.0,2.0,7,13,3
PHC-DST-A1-04,2024-10-23,115.0,5.0,6,12,2
PHC-DST-A1-04,2024-10-24,112.0,,7,16,2
PHC-DST-A1-04,2024-10-25,116.0,7.0,8,16,2
PHC-DST-A1-04,2024-10-26,106.0,5.0,7,16,0
PHC-DST-A1-04,2024-10-27,43.0,2.0,6,11,2
PHC-DST-A1-04,2024-10-28,126.0,6.0,5,11,3
PHC-DST-A1-04,2024-10-29,122.0,8.0,6,13,0
PHC-DST-A1-04,2024-10-30,113.0,2.0,5,12,3
PHC-DST-A1-04,2024-10-31,109.0,2.0,8,14,2
PHC-DST-A1-04,2024-11-01,119.0,5.0,4,12,2
PHC-DST-A1-04,2024-11-02,104.0,5.0,6,16,6
PHC-DST-A1-04,2024-11-03,50.0,5.0,7,14,1
PHC-DST-A1-04,2024-11-04,131.0,1.0,5,13,3
PHC-DST-A1-04,2024-11-05,118.0,2.0,7,8,2
PHC-DST-A1-04,2024-11-06,111.0,6.0,5,15,3
PHC-DST-A1-04,2024-11-07,114.0,7.0,7,15,1
PHC-DST-A1-04,2024-11-08,,6.0,7,12,2
PHC-DST-A1-04,2024-11-09,96.0,4.0,7,10,5
PHC-DST-A1-04,2024-11-10,46.0,3.0,6,10,4
PHC-DST-A1-04,2024-11-11,,2.0,7,11,2
PHC-DST-A1-04,2024-11-12,124.0,3.0,6,14,2
PHC-DST-A1-04,2024-11-13,119.0,1.0,10,12,3
PHC-DST-A1-04,2024-11-14,110.0,6.0,5,13,1
PHC-DST-A1-04,2024-11-15,111.0,3.0,9,9,0
PHC-DST-A1-04,2024-11-16,99.0,4.0,6,16,4
PHC-DST-A1-04,2024-11-17,47.0,5.0,5,14,4
PHC-DST-A1-04,2024-11-18,132.0,6.0,5,13,3
PHC-DST-A1-04,2024-11-19,122.0,4.0,8,15,5
PHC-DST-A1-04,2024-11-20,115.0,7.0,5,16,5
PHC-DST-A1-04,2024-11-21,114.0,5.0,7,14,2
PHC-DST-A1-04,2024-11-22,114.0,3.0,7,13,3
PHC-DST-A1-04,2024-11-23,99.0,2.0,5,12,1
PHC-DST-A1-04,2024-11-24,,2.0,5,13,4
PHC-DST-A1-04,2024-11-25,137.0,5.0,7,15,0
PHC-DST-A1-04,2024-11-26,120.0,2.0,4,9,4
PHC-DST-A1-04,2024-11-27,113.0,4.0,6,9,2
PHC-DST-A1-04,2024-11-28,106.0,5.0,6,13,4
PHC-DST-A1-04,2024-11-29,117.0,3.0,7,14,3
PHC-DST-A1-04,2024-11-30,99.0,5.0,6,10,2
PHC-DST-A1-04,2024-12-01,42.0,1.0,6,10,1
PHC-DST-A1-04,2024-12-02,126.0,7.0,5,8,0
PHC-DST-A1-04,2024-12-03,122.0,5.0,4,12,1
PHC-DST-A1-04,2024-12-04,115.0,6.0,7,14,4
PHC-DST-A1-04,2024-12-05,108.0,4.0,7,11,0
PHC-DST-A1-04,2024-12-06,118.0,6.0,6,11,3
PHC-DST-A1-04,2024-12-07,100.0,3.0,5,15,0
PHC-DST-A1-04,2024-12-08,49.0,2.0,5,14,2
PHC-DST-A1-04,2024-12-09,125.0,5.0,6,8,2
PHC-DST-A1-04,2024-12-10,126.0,3.0,5,11,4
PHC-DST-A1-04,2024-12-11,114.0,2.0,6,15,1
PHC-DST-A1-04,2024-12-12,110.0,4.0,5,12,5
PHC-DST-A1-04,2024-12-13,115.0,7.0,5,13,6
PHC-DST-A1-04,2024-12-14,91.0,6.0,5,8,3
PHC-DST-A1-04,2024-12-15,48.0,9.0,7,13,1
PHC-DST-A1-04,2024-12-16,134.0,4.0,8,10,3
PHC-DST-A1-04,2024-12-17,124.0,3.0,7,13,3
PHC-DST-A1-04,2024-12-18,108.0,5.0,6,14,1
PHC-DST-A1-04,2024-12-19,107.0,3.0,6,15,2
PHC-DST-A1-04,2024-12-20,113.0,8.0,6,11,0
PHC-DST-A1-04,2024-12-21,94.0,6.0,7,11,3
PHC-DST-A1-04,2024-12-22,51.0,5.0,7,9,4
PHC-DST-A1-04,2024-12-23,137.0,3.0,6,15,2
PHC-DST-A1-04,2024-12-24,129.0,3.0,7,12,1
PHC-DST-A1-04,2024-12-25,113.0,3.0,6,12,1
PHC-DST-A1-04,2024-12-26,106.0,2.0,6,13,2
PHC-DST-A1-04,2024-12-27,116.0,6.0,6,14,2
PHC-DST-A1-04,2024-12-28,103.0,2.0,5,15,0
PHC-DST-A1-04,2024-12-29,47.0,3.0,7,9,5
PHC-DST-A1-04,2024-12-30,136.0,5.0,7,11,3
PHC-DST-A1-04,2024-12-31,126.0,5.0,6,13,2
PHC-DST-A1-04,2025-01-01,,2.0,5,10,0
PHC-DST-A1-04,2025-01-02,103.0,1.0,7,8,0
PHC-DST-A1-04,2025-01-03,119.0,3.0,6,14,1
PHC-DST-A1-04,2025-01-04,94.0,8.0,3,12,0
PHC-DST-A1-04,2025-01-05,50.0,2.0,7,12,4
PHC-DST-A1-04,2025-01-06,132.0,4.0,3,9,2
PHC-DST-A1-04,2025-01-07,125.0,3.0,3,14,1
PHC-DST-A1-04,2025-01-08,113.0,2.0,6,10,1
PHC-DST-A1-04,2025-01-09,106.0,1.0,5,9,2
PHC-DST-A1-04,2025-01-10,113.0,5.0,6,13,2
PHC-DST-A1-04,2025-01-11,100.0,4.0,6,15,2
PHC-DST-A1-04,2025-01-12,40.0,4.0,6,12,1
PHC-DST-A1-04,2025-01-13,131.0,6.0,7,13,2
PHC-DST-A1-04,2025-01-14,122.0,3.0,7,13,2
PHC-DST-A1-04,2025-01-15,111.0,5.0,9,13,2
PHC-DST-A1-04,2025-01-16,107.0,7.0,5,10,3
PHC-DST-A1-04,2025-01-17,111.0,1.0,6,14,6
PHC-DST-A1-04,2025-01-18,98.0,8.0,5,10,4
PHC-DST-A1-04,2025-01-19,51.0,2.0,7,16,1
PHC-DST-A1-04,2025-01-20,136.0,7.0,5,12,6
PHC-DST-A1-04,2025-01-21,127.0,7.0,7,13,0
PHC-DST-A1-04,2025-01-22,118.0,5.0,6,14,1
PHC-DST-A1-04,2025-01-23,111.0,4.0,5,12,0
PHC-DST-A1-04,2025-01-24,115.0,,9,15,4
PHC-DST-A1-04,2025-01-25,98.0,5.0,6,11,2
PHC-DST-A1-04,2025-01-26,45.0,2.0,2,12,2
PHC-DST-A1-04,2025-01-27,129.0,4.0,7,10,2
PHC-DST-A1-04,2025-01-28,126.0,2.0,5,13,5
PHC-DST-A1-04,2025-01-29,108.0,4.0,4,10,4
PHC-DST-A1-04,2025-01-30,109.0,2.0,6,11,2
PHC-DST-A1-04,2025-01-31,109.0,2.0,5,13,3
PHC-DST-A1-04,2025-02-01,99.0,4.0,6,12,0
PHC-DST-A1-04,2025-02-02,47.0,0.0,6,11,0
PHC-DST-A1-04,2025-02-03,137.0,2.0,7,11,5
PHC-DST-A1-04,2025-02-04,124.0,5.0,5,12,4
PHC-DST-A1-04,2025-02-05,112.0,9.0,5,12,5
PHC-DST-A1-04,2025-02-06,101.0,2.0,6,11,2
PHC-DST-A1-04,2025-02-07,116.0,2.0,6,11,4
PHC-DST-A1-04,2025-02-08,96.0,10.0,5,14,2
PHC-DST-A1-04,2025-02-09,50.0,4.0,7,16,4
PHC-DST-A1-04,2025-02-10,132.0,2.0,5,9,3
PHC-DST-A1-04,2025-02-11,117.0,3.0,5,11,2
PHC-DST-A1-04,2025-02-12,114.0,1.0,6,16,2
PHC-DST-A1-04,2025-02-13,109.0,7.0,6,13,2
PHC-DST-A1-04,2025-02-14,119.0,6.0,7,12,2
PHC-DST-A1-04,2025-02-15,95.0,9.0,7,10,2
PHC-DST-A1-04,2025-02-16,49.0,2.0,6,10,0
PHC-DST-A1-04,2025-02-17,126.0,6.0,5,11,5
PHC-DST-A1-04,2025-02-18,122.0,3.0,6,12,3
PHC-DST-A1-04,2025-02-19,114.0,8.0,7,12,4
PHC-DST-A1-04,2025-02-20,104.0,0.0,5,14,2
PHC-DST-A1-04,2025-02-21,112.0,1.0,4,14,0
PHC-DST-A1-04,2025-02-22,97.0,3.0,5,12,2
PHC-DST-A1-04,2025-02-23,45.0,6.0,7,11,1
PHC-DST-A1-04,2025-02-24,129.0,6.0,5,10,2
PHC-DST-A1-04,2025-02-25,124.0,4.0,7,11,2
PHC-DST-A1-04,2025-02-26,110.0,0.0,5,10,4
PHC-DST-A1-04,2025-02-27,113.0,6.0,6,12,1
PHC-DST-A1-04,2025-02-28,119.0,4.0,7,14,0
PHC-DST-A1-04,2025-03-01,103.0,4.0,6,16,1
PHC-DST-A1-04,2025-03-02,39.0,1.0,6,7,2
PHC-DST-A1-04,2025-03-03,134.0,2.0,6,12,1
PHC-DST-A1-04,2025-03-04,120.0,8.0,5,11,0
PHC-DST-A1-04,2025-03-05,112.0,5.0,7,9,0
PHC-DST-A1-04,2025-03-06,105.0,4.0,5,14,1
PHC-DST-A1-04,2025-03-07,113.0,4.0,6,10,1
PHC-DST-A1-04,2025-03-08,101.0,2.0,7,14,3
PHC-DST-A1-04,2025-03-09,54.0,3.0,6,17,2
PHC-DST-A1-04,2025-03-10,128.0,3.0,6,13,3
PHC-DST-A1-04,2025-03-11,118.0,5.0,6,13,3
PHC-DST-A1-04,2025-03-12,114.0,6.0,8,12,0
PHC-DST-A1-04,2025-03-13,106.0,7.0,7,11,5
PHC-DST-A1-04,2025-03-14,108.0,4.0,6,11,4
PHC-DST-A1-04,2025-03-15,98.0,2.0,7,14,2
PHC-DST-A1-04,2025-03-16,44.0,6.0,4,15,3
PHC-DST-A1-04,2025-03-17,136.0,3.0,5,12,2
PHC-DST-A1-04,2025-03-18,124.0,8.0,6,10,1
PHC-DST-A1-04,2025-03-19,114.0,3.0,7,15,1
PHC-DST-A1-04,2025-03-20,112.0,4.0,4,15,7
PHC-DST-A1-04,2025-03-21,119.0,2.0,8,12,2
PHC-DST-A1-04,2025-03-22,104.0,6.0,5,14,2
PHC-DST-A1-04,2025-03-23,46.0,2.0,7,12,5
PHC-DST-A1-04,2025-03-24,130.0,2.0,5,12,2
PHC-DST-A1-04,2025-03-25,126.0,3.0,5,15,2
PHC-DST-A1-04,2025-03-26,116.0,7.0,5,15,5
PHC-DST-A1-04,2025-03-27,113.0,6.0,7,14,1
PHC-DST-A1-04,2025-03-28,110.0,3.0,6,9,7
PHC-DST-A1-04,2025-03-29,96.0,5.0,7,11,3
PHC-DST-A1-04,2025-03-30,43.0,4.0,5,12,1
PHC-DST-A1-04,2025-03-31,130.0,3.0,7,11,5
PHC-DST-A1-04,2025-04-01,123.0,3.0,6,11,5
PHC-DST-A1-04,2025-04-02,112.0,6.0,5,15,4
PHC-DST-A1-04,2025-04-03,103.0,6.0,6,8,5
PHC-DST-A1-04,2025-04-04,112.0,7.0,6,13,3
PHC-DST-A1-04,2025-04-05,100.0,3.0,5,13,3
PHC-DST-A1-04,2025-04-06,44.0,3.0,7,11,4
PHC-DST-A1-04,2025-04-07,129.0,8.0,6,12,4
PHC-DST-A1-04,2025-04-08,119.0,3.0,6,9,5
PHC-DST-A1-04,2025-04-09,110.0,4.0,4,15,4
PHC-DST-A1-04,2025-04-10,109.0,1.0,9,12,1
PHC-DST-A1-04,2025-04-11,111.0,5.0,4,12,4
PHC-DST-A1-04,2025-04-12,99.0,3.0,6,13,0
PHC-DST-A1-04,2025-04-13,54.0,11.0,5,13,1
PHC-DST-A1-04,2025-04-14,129.0,3.0,7,10,1
PHC-DST-A1-04,2025-04-15,120.0,7.0,6,12,2
PHC-DST-A1-04,2025-04-16,112.0,4.0,8,10,2
PHC-DST-A1-04,2025-04-17,103.0,4.0,5,12,7
PHC-DST-A1-04,2025-04-18,113.0,3.0,6,12,1
PHC-DST-A1-04,2025-04-19,93.0,6.0,5,13,2
PHC-DST-A1-04,2025-04-20,46.0,3.0,7,16,4
PHC-DST-A1-04,2025-04-21,140.0,4.0,6,15,0
PHC-DST-A1-04,2025-04-22,117.0,6.0,4,13,0
PHC-DST-A1-04,2025-04-23,110.0,8.0,6,12,2
PHC-DST-A1-04,2025-04-24,110.0,2.0,6,9,2
PHC-DST-A1-04,2025-04-25,113.0,2.0,6,12,3
PHC-DST-A1-04,2025-04-26,102.0,7.0,6,14,2
PHC-DST-A1-04,2025-04-27,48.0,3.0,5,12,3
PHC-DST-A1-04,2025-04-28,130.0,3.0,6,14,0
PHC-DST-A1-04,2025-04-29,120.0,5.0,4,13,3
PHC-DST-A1-04,2025-04-30,,3.0,4,15,0
PHC-DST-A1-04,2025-05-01,112.0,5.0,7,12,3
PHC-DST-A1-04,2025-05-02,113.0,5.0,8,11,1
PHC-DST-A1-04,2025-05-03,95.0,2.0,5,12,1
PHC-DST-A1-04,2025-05-04,43.0,1.0,3,10,2
PHC-DST-A1-04,2025-05-05,134.0,3.0,8,15,4
PHC-DST-A1-04,2025-05-06,121.0,2.0,5,9,2
PHC-DST-A1-04,2025-05-07,115.0,5.0,7,10,3
PHC-DST-A1-04,2025-05-08,106.0,3.0,5,13,1
PHC-DST-A1-04,2025-05-09,115.0,1.0,6,15,5
PHC-DST-A1-04,2025-05-10,100.0,1.0,6,14,3
PHC-DST-A1-04,2025-05-11,,4.0,5,8,3
PHC-DST-A1-04,2025-05-12,136.0,1.0,5,11,1
PHC-DST-A1-04,2025-05-13,116.0,5.0,5,11,2
PHC-DST-A1-04,2025-05-14,112.0,2.0,4,9,5
PHC-DST-A1-04,2025-05-15,109.0,2.0,6,13,1
PHC-DST-A1-04,2025-05-16,108.0,4.0,5,10,3
PHC-DST-A1-04,2025-05-17,95.0,1.0,6,10,4
PHC-DST-A1-04,2025-05-18,44.0,5.0,5,11,0
PHC-DST-A1-04,2025-05-19,134.0,7.0,6,11,2
PHC-DST-A1-04,2025-05-20,124.0,4.0,8,13,5
PHC-DST-A1-04,2025-05-21,113.0,6.0,4,12,1
PHC-DST-A1-04,2025-05-22,105.0,3.0,6,13,2
PHC-DST-A1-04,2025-05-23,116.0,5.0,4,13,1
PHC-DST-A1-04,2025-05-24,101.0,6.0,7,13,4
PHC-DST-A1-04,2025-05-25,46.0,7.0,7,13,1
PHC-DST-A1-04,2025-05-26,131.0,0.0,7,14,3
PHC-DST-A1-04,2025-05-27,122.0,6.0,5,12,5
PHC-DST-A1-04,2025-05-28,119.0,5.0,5,18,2
PHC-DST-A1-04,2025-05-29,106.0,3.0,7,10,3
PHC-DST-A1-04,2025-05-30,116.0,4.0,6,14,4
PHC-DST-A1-04,2025-05-31,100.0,4.0,6,12,4
PHC-DST-A1-04,2025-06-01,50.0,4.0,7,14,2
PHC-DST-A1-04,2025-06-02,131.0,7.0,6,10,2
PHC-DST-A1-04,2025-06-03,125.0,10.0,8,12,2
PHC-DST-A1-04,2025-06-04,110.0,4.0,5,12,2
PHC-DST-A1-04,2025-06-05,106.0,5.0,5,9,0
PHC-DST-A1-04,2025-06-06,120.0,3.0,6,15,3
PHC-DST-A1-04,2025-06-07,97.0,4.0,5,12,4
PHC-DST-A1-04,2025-06-08,43.0,3.0,5,15,4
PHC-DST-A1-04,2025-06-09,136.0,4.0,6,15,4
PHC-DST-A1-04,2025-06-10,123.0,3.0,5,13,7
PHC-DST-A1-04,2025-06-11,113.0,5.0,4,13,3
PHC-DST-A1-04,2025-06-12,112.0,3.0,6,14,3
PHC-DST-A1-04,2025-06-13,117.0,1.0,6,8,7
PHC-DST-A1-04,2025-06-14,99.0,5.0,5,14,2
PHC-DST-A1-04,2025-06-15,48.0,4.0,8,15,2
PHC-DST-A1-04,2025-06-16,134.0,7.0,5,13,3
PHC-DST-A1-04,2025-06-17,124.0,2.0,6,12,2
PHC-DST-A1-04,2025-06-18,112.0,5.0,5,10,4
PHC-DST-A1-04,2025-06-19,104.0,4.0,7,11,0
PHC-DST-A1-04,2025-06-20,114.0,2.0,6,15,1
PHC-DST-A1-04,2025-06-21,101.0,6.0,4,17,3
PHC-DST-A1-04,2025-06-22,47.0,4.0,5,14,1
PHC-DST-A1-04,2025-06-23,128.0,1.0,5,12,4
PHC-DST-A1-04,2025-06-24,123.0,7.0,5,11,1
PHC-DST-A1-04,2025-06-25,112.0,1.0,6,11,2
PHC-DST-A1-04,2025-06-26,111.0,3.0,5,15,5
PHC-DST-A1-04,2025-06-27,114.0,2.0,4,14,3
PHC-DST-A1-04,2025-06-28,95.0,5.0,3,10,0
PHC-DST-A1-04,2025-06-29,46.0,7.0,7,13,3
PHC-DST-A1-04,2025-06-30,133.0,3.0,5,11,1
PHC-DST-A1-05,2024-01-01,100.0,1.0,4,12,5
PHC-DST-A1-05,2024-01-02,92.0,1.0,4,10,3
PHC-DST-A1-05,2024-01-03,93.0,5.0,5,11,4
PHC-DST-A1-05,2024-01-04,83.0,4.0,5,10,2
PHC-DST-A1-05,2024-01-05,89.0,0.0,3,9,3
PHC-DST-A1-05,2024-01-06,73.0,3.0,4,6,1
PHC-DST-A1-05,2024-01-07,34.0,1.0,5,10,3
PHC-DST-A1-05,2024-01-08,96.0,3.0,5,9,0
PHC-DST-A1-05,2024-01-09,95.0,4.0,5,12,2
PHC-DST-A1-05,2024-01-10,87.0,2.0,5,7,6
PHC-DST-A1-05,2024-01-11,78.0,1.0,6,9,3
PHC-DST-A1-05,2024-01-12,84.0,2.0,5,9,2
PHC-DST-A1-05,2024-01-13,82.0,4.0,6,9,3
PHC-DST-A1-05,2024-01-14,35.0,3.0,5,10,3
PHC-DST-A1-05,2024-01-15,100.0,2.0,6,7,0
PHC-DST-A1-05,2024-01-16,95.0,1.0,4,11,0
PHC-DST-A1-05,2024-01-17,97.0,3.0,7,12,2
PHC-DST-A1-05,2024-01-18,85.0,2.0,6,9,4
PHC-DST-A1-05,2024-01-19,80.0,1.0,4,4,1
PHC-DST-A1-05,2024-01-20,70.0,0.0,2,12,3
PHC-DST-A1-05,2024-01-21,35.0,4.0,4,10,3
PHC-DST-A1-05,2024-01-22,101.0,2.0,3,5,4
PHC-DST-A1-05,2024-01-23,93.0,1.0,6,9,1
PHC-DST-A1-05,2024-01-24,87.0,5.0,6,8,0
PHC-DST-A1-05,2024-01-25,88.0,2.0,5,14,4
PHC-DST-A1-05,2024-01-26,92.0,0.0,7,11,1
PHC-DST-A1-05,2024-01-27,77.0,2.0,5,9,2
PHC-DST-A1-05,2024-01-28,37.0,2.0,4,12,2
PHC-DST-A1-05,2024-01-29,107.0,2.0,4,10,0
PHC-DST-A1-05,2024-01-30,97.0,2.0,3,12,2
PHC-DST-A1-05,2024-01-31,86.0,1.0,5,11,2
PHC-DST-A1-05,2024-02-01,84.0,,6,6,3
PHC-DST-A1-05,2024-02-02,85.0,4.0,5,7,2
PHC-DST-A1-05,2024-02-03,78.0,4.0,7,8,5
PHC-DST-A1-05,2024-02-04,36.0,3.0,4,10,2
PHC-DST-A1-05,2024-02-05,101.0,6.0,4,8,1
PHC-DST-A1-05,2024-02-06,92.0,3.0,5,11,3
PHC-DST-A1-05,2024-02-07,90.0,4.0,8,10,2
PHC-DST-A1-05,2024-02-08,81.0,0.0,6,9,3
PHC-DST-A1-05,2024-02-09,84.0,4.0,5,10,2
PHC-DST-A1-05,2024-02-10,73.0,3.0,5,8,1
PHC-DST-A1-05,2024-02-11,32.0,3.0,6,7,3
PHC-DST-A1-05,2024-02-12,105.0,1.0,5,11,1
PHC-DST-A1-05,2024-02-13,88.0,5.0,4,7,1
PHC-DST-A1-05,2024-02-14,84.0,3.0,4,8,3
PHC-DST-A1-05,2024-02-15,86.0,3.0,6,10,5
PHC-DST-A1-05,2024-02-16,90.0,2.0,4,14,2
PHC-DST-A1-05,2024-02-17,77.0,2.0,5,11,0
PHC-DST-A1-05,2024-02-18,34.0,3.0,2,12,1
PHC-DST-A1-05,2024-02-19,103.0,4.0,5,10,2
PHC-DST-A1-05,2024-02-20,93.0,4.0,5,7,2
PHC-DST-A1-05,2024-02-21,83.0,1.0,5,9,0
PHC-DST-A1-05,2024-02-22,86.0,2.0,6,8,5
PHC-DST-A1-05,2024-02-23,95.0,2.0,6,9,2
PHC-DST-A1-05,2024-02-24,73.0,2.0,3,10,3
PHC-DST-A1-05,2024-02-25,37.0,2.0,4,10,0
PHC-DST-A1-05,2024-02-26,97.0,5.0,4,8,3
PHC-DST-A1-05,2024-02-27,96.0,2.0,5,13,1
PHC-DST-A1-05,2024-02-28,85.0,1.0,6,6,0
PHC-DST-A1-05,2024-02-29,85.0,4.0,6,9,1
PHC-DST-A1-05,2024-03-01,86.0,4.0,4,12,1
PHC-DST-A1-05,2024-03-02,79.0,3.0,3,11,2
PHC-DST-A1-05,2024-03-03,45.0,3.0,5,9,4
PHC-DST-A1-05,2024-03-04,101.0,8.0,5,9,3
PHC-DST-A1-05,2024-03-05,98.0,1.0,6,8,3
PHC-DST-A1-05,2024-03-06,87.0,4.0,4,9,1
PHC-DST-A1-05,2024-03-07,84.0,1.0,3,12,2
PHC-DST-A1-05,2024-03-08,88.0,3.0,5,10,4
PHC-DST-A1-05,2024-03-09,74.0,2.0,5,11,2
PHC-DST-A1-05,2024-03-10,36.0,3.0,4,9,3
PHC-DST-A1-05,2024-03-11,103.0,3.0,6,8,3
PHC-DST-A1-05,2024-03-12,91.0,2.0,4,9,3
PHC-DST-A1-05,2024-03-13,83.0,10.0,4,9,1
PHC-DST-A1-05,2024-03-14,82.0,2.0,5,8,0
PHC-DST-A1-05,2024-03-15,89.0,4.0,4,10,2
PHC-DST-A1-05,2024-03-16,72.0,2.0,3,10,1
PHC-DST-A1-05,2024-03-17,34.0,2.0,3,7,0
PHC-DST-A1-05,2024-03-18,107.0,4.0,4,11,2
PHC-DST-A1-05,2024-03-19,95.0,3.0,7,7,1
PHC-DST-A1-05,2024-03-20,87.0,2.0,7,9,2
PHC-DST-A1-05,2024-03-21,89.0,4.0,5,11,4
PHC-DST-A1-05,2024-03-22,81.0,4.0,4,7,1
PHC-DST-A1-05,2024-03-23,74.0,2.0,5,13,4
PHC-DST-A1-05,2024-03-24,36.0,7.0,7,8,1
PHC-DST-A1-05,2024-03-25,104.0,2.0,5,10,2
PHC-DST-A1-05,2024-03-26,89.0,2.0,2,9,1
PHC-DST-A1-05,2024-03-27,89.0,3.0,6,10,4
PHC-DST-A1-05,2024-03-28,84.0,2.0,2,11,0
PHC-DST-A1-05,2024-03-29,85.0,2.0,3,10,2
PHC-DST-A1-05,2024-03-30,69.0,2.0,3,6,2
PHC-DST-A1-05,2024-03-31,36.0,7.0,7,9,0
PHC-DST-A1-05,2024-04-01,99.0,6.0,3,9,3
PHC-DST-A1-05,2024-04-02,92.0,3.0,4,11,0
PHC-DST-A1-05,2024-04-03,90.0,8.0,5,11,3
PHC-DST-A1-05,2024-04-04,91.0,1.0,7,12,1
PHC-DST-A1-05,2024-04-05,83.0,5.0,4,8,2
PHC-DST-A1-05,2024-04-06,76.0,1.0,6,11,2
PHC-DST-A1-05,2024-04-07,36.0,3.0,4,8,2
PHC-DST-A1-05,2024-04-08,99.0,3.0,5,6,3
PHC-DST-A1-05,2024-04-09,92.0,8.0,5,11,1
PHC-DST-A1-05,2024-04-10,93.0,7.0,5,13,1
PHC-DST-A1-05,2024-04-11,84.0,3.0,6,11,1
PHC-DST-A1-05,2024-04-12,89.0,2.0,5,12,3
PHC-DST-A1-05,2024-04-13,74.0,6.0,5,8,3
PHC-DST-A1-05,2024-04-14,38.0,3.0,3,11,1
PHC-DST-A1-05,2024-04-15,100.0,2.0,4,10,3
PHC-DST-A1-05,2024-04-16,96.0,1.0,6,10,2
PHC-DST-A1-05,2024-04-17,93.0,0.0,4,12,1
PHC-DST-A1-05,2024-04-18,86.0,8.0,5,11,1
PHC-DST-A1-05,2024-04-19,85.0,,6,10,1
PHC-DST-A1-05,2024-04-20,77.0,7.0,4,11,1
PHC-DST-A1-05,2024-04-21,38.0,0.0,6,9,2
PHC-DST-A1-05,2024-04-22,104.0,4.0,4,10,2
PHC-DST-A1-05,2024-04-23,99.0,4.0,5,12,4
PHC-DST-A1-05,2024-04-24,82.0,2.0,4,7,1
PHC-DST-A1-05,2024-04-25,86.0,1.0,5,8,1
PHC-DST-A1-05,2024-04-26,90.0,3.0,5,10,2
PHC-DST-A1-05,2024-04-27,73.0,1.0,4,8,0
PHC-DST-A1-05,2024-04-28,31.0,3.0,4,9,2
PHC-DST-A1-05,2024-04-29,105.0,6.0,6,10,2
PHC-DST-A1-05,2024-04-30,94.0,3.0,6,8,3
PHC-DST-A1-05,2024-05-01,89.0,3.0,5,10,0
PHC-DST-A1-05,2024-05-02,87.0,1.0,4,8,1
PHC-DST-A1-05,2024-05-03,86.0,3.0,6,9,1
PHC-DST-A1-05,2024-05-04,77.0,2.0,5,10,1
PHC-DST-A1-05,2024-05-05,37.0,5.0,6,6,3
PHC-DST-A1-05,2024-05-06,103.0,1.0,5,8,6
PHC-DST-A1-05,2024-05-07,88.0,7.0,2,9,3
PHC-DST-A1-05,2024-05-08,84.0,1.0,2,9,1
PHC-DST-A1-05,2024-05-09,81.0,3.0,5,10,4
PHC-DST-A1-05,2024-05-10,89.0,2.0,4,11,1
PHC-DST-A1-05,2024-05-11,79.0,5.0,5,8,5
PHC-DST-A1-05,2024-05-12,32.0,0.0,4,9,0
PHC-DST-A1-05,2024-05-13,99.0,5.0,5,7,0
PHC-DST-A1-05,2024-05-14,99.0,2.0,5,9,2
PHC-DST-A1-05,2024-05-15,89.0,2.0,4,11,2
PHC-DST-A1-05,2024-05-16,84.0,5.0,6,11,1
PHC-DST-A1-05,2024-05-17,91.0,5.0,5,11,1
PHC-DST-A1-05,2024-05-18,80.0,4.0,4,10,1
PHC-DST-A1-05,2024-05-19,33.0,3.0,6,9,2
PHC-DST-A1-05,2024-05-20,99.0,3.0,8,7,1
PHC-DST-A1-05,2024-05-21,94.0,2.0,5,12,4
PHC-DST-A1-05,2024-05-22,87.0,4.0,6,10,1
PHC-DST-A1-05,2024-05-23,80.0,7.0,6,9,2
PHC-DST-A1-05,2024-05-24,86.0,4.0,5,13,0
PHC-DST-A1-05,2024-05-25,77.0,3.0,3,9,1
PHC-DST-A1-05,2024-05-26,39.0,1.0,6,7,0
PHC-DST-A1-05,2024-05-27,106.0,2.0,4,11,2
PHC-DST-A1-05,2024-05-28,96.0,0.0,6,9,3
PHC-DST-A1-05,2024-05-29,86.0,3.0,4,9,3
PHC-DST-A1-05,2024-05-30,82.0,0.0,5,11,3
PHC-DST-A1-05,2024-05-31,84.0,6.0,3,11,0
PHC-DST-A1-05,2024-06-01,74.0,3.0,3,7,1
PHC-DST-A1-05,2024-06-02,35.0,3.0,4,11,2
PHC-DST-A1-05,2024-06-03,104.0,1.0,4,10,1
PHC-DST-A1-05,2024-06-04,90.0,2.0,4,7,4
PHC-DST-A1-05,2024-06-05,,2.0,5,11,1
PHC-DST-A1-05,2024-06-06,87.0,1.0,4,7,0
PHC-DST-A1-05,2024-06-07,77.0,5.0,2,8,0
PHC-DST-A1-05,2024-06-08,84.0,3.0,3,12,3
PHC-DST-A1-05,2024-06-09,40.0,4.0,3,12,2
PHC-DST-A1-05,2024-06-10,99.0,5.0,2,11,3
PHC-DST-A1-05,2024-06-11,94.0,1.0,8,10,4
PHC-DST-A1-05,2024-06-12,86.0,4.0,4,9,1
PHC-DST-A1-05,2024-06-13,80.0,2.0,4,8,4
PHC-DST-A1-05,2024-06-14,87.0,2.0,4,9,0
PHC-DST-A1-05,2024-06-15,75.0,1.0,4,9,7
PHC-DST-A1-05,2024-06-16,36.0,5.0,5,11,2
PHC-DST-A1-05,2024-06-17,108.0,1.0,4,13,2
PHC-DST-A1-05,2024-06-18,96.0,1.0,4,7,2
PHC-DST-A1-05,2024-06-19,86.0,3.0,3,13,3
PHC-DST-A1-05,2024-06-20,76.0,5.0,3,10,5
PHC-DST-A1-05,2024-06-21,85.0,3.0,4,10,2
PHC-DST-A1-05,2024-06-22,83.0,2.0,4,12,3
PHC-DST-A1-05,2024-06-23,38.0,6.0,6,12,2
PHC-DST-A1-05,2024-06-24,107.0,1.0,5,13,0
PHC-DST-A1-05,2024-06-25,100.0,2.0,7,9,3
PHC-DST-A1-05,2024-06-26,79.0,3.0,3,9,3
PHC-DST-A1-05,2024-06-27,79.0,3.0,4,8,1
PHC-DST-A1-05,2024-06-28,87.0,2.0,5,10,1
PHC-DST-A1-05,2024-06-29,74.0,2.0,5,7,1
PHC-DST-A1-05,2024-06-30,43.0,2.0,4,12,1
PHC-DST-A1-05,2024-07-01,102.0,7.0,6,6,2
PHC-DST-A1-05,2024-07-02,98.0,2.0,6,11,2
PHC-DST-A1-05,2024-07-03,94.0,5.0,15,8,2
PHC-DST-A1-05,2024-07-04,96.0,3.0,14,12,1
PHC-DST-A1-05,2024-07-05,101.0,5.0,15,13,2
PHC-DST-A1-05,2024-07-06,84.0,3.0,17,8,1
PHC-DST-A1-05,2024-07-07,39.0,3.0,14,8,3
PHC-DST-A1-05,2024-07-08,104.0,2.0,11,10,2
PHC-DST-A1-05,2024-07-09,105.0,3.0,17,18,1
PHC-DST-A1-05,2024-07-10,93.0,3.0,7,12,2
PHC-DST-A1-05,2024-07-11,83.0,6.0,1,18,1
PHC-DST-A1-05,2024-07-12,101.0,0.0,17,19,2
PHC-DST-A1-05,2024-07-13,85.0,3.0,17,12,1
PHC-DST-A1-05,2024-07-14,49.0,4.0,11,23,4
PHC-DST-A1-05,2024-07-15,112.0,6.0,11,10,3
PHC-DST-A1-05,2024-07-16,102.0,2.0,13,8,4
PHC-DST-A1-05,2024-07-17,94.0,3.0,13,9,3
PHC-DST-A1-05,2024-07-18,96.0,4.0,5,25,4
PHC-DST-A1-05,2024-07-19,95.0,4.0,4,25,2
PHC-DST-A1-05,2024-07-20,87.0,5.0,5,19,3
PHC-DST-A1-05,2024-07-21,36.0,5.0,6,13,1
PHC-DST-A1-05,2024-07-22,113.0,4.0,5,21,1
PHC-DST-A1-05,2024-07-23,94.0,3.0,4,9,2
PHC-DST-A1-05,2024-07-24,94.0,1.0,14,10,2
PHC-DST-A1-05,2024-07-25,95.0,7.0,17,13,2
PHC-DST-A1-05,2024-07-26,90.0,2.0,5,9,2
PHC-DST-A1-05,2024-07-27,81.0,2.0,4,11,2
PHC-DST-A1-05,2024-07-28,34.0,2.0,4,9,5
PHC-DST-A1-05,2024-07-29,108.0,3.0,17,8,2
PHC-DST-A1-05,2024-07-30,113.0,0.0,15,26,1
PHC-DST-A1-05,2024-07-31,94.0,1.0,13,8,4
PHC-DST-A1-05,2024-08-01,93.0,0.0,16,9,2
PHC-DST-A1-05,2024-08-02,94.0,,18,10,2
PHC-DST-A1-05,2024-08-03,84.0,0.0,16,11,1
PHC-DST-A1-05,2024-08-04,57.0,4.0,7,22,4
PHC-DST-A1-05,2024-08-05,120.0,4.0,18,21,0
PHC-DST-A1-05,2024-08-06,115.0,3.0,15,26,0
PHC-DST-A1-05,2024-08-07,90.0,4.0,5,13,3
PHC-DST-A1-05,2024-08-08,101.0,4.0,5,27,1
PHC-DST-A1-05,2024-08-09,90.0,2.0,4,10,0
PHC-DST-A1-05,2024-08-10,77.0,1.0,4,7,2
PHC-DST-A1-05,2024-08-11,42.0,2.0,7,22,6
PHC-DST-A1-05,2024-08-12,109.0,3.0,16,10,2
PHC-DST-A1-05,2024-08-13,101.0,4.0,16,11,5
PHC-DST-A1-05,2024-08-14,92.0,3.0,6,19,5
PHC-DST-A1-05,2024-08-15,83.0,3.0,3,13,1
PHC-DST-A1-05,2024-08-16,85.0,1.0,5,10,1
PHC-DST-A1-05,2024-08-17,77.0,5.0,4,11,2
PHC-DST-A1-05,2024-08-18,46.0,1.0,4,21,2
PHC-DST-A1-05,2024-08-19,99.0,2.0,4,10,0
PHC-DST-A1-05,2024-08-20,182.0,4.0,78,10,3
PHC-DST-A1-05,2024-08-21,87.0,5.0,12,10,3
PHC-DST-A1-05,2024-08-22,86.0,3.0,13,6,2
PHC-DST-A1-05,2024-08-23,87.0,2.0,4,8,6
PHC-DST-A1-05,2024-08-24,76.0,3.0,13,11,1
PHC-DST-A1-05,2024-08-25,44.0,1.0,16,12,1
PHC-DST-A1-05,2024-08-26,115.0,1.0,6,22,0
PHC-DST-A1-05,2024-08-27,101.0,6.0,4,22,2
PHC-DST-A1-05,2024-08-28,89.0,4.0,6,8,3
PHC-DST-A1-05,2024-08-29,86.0,5.0,4,11,3
PHC-DST-A1-05,2024-08-30,94.0,4.0,6,22,2
PHC-DST-A1-05,2024-08-31,76.0,4.0,5,7,2
PHC-DST-A1-05,2024-09-01,35.0,1.0,14,8,2
PHC-DST-A1-05,2024-09-02,109.0,3.0,11,7,1
PHC-DST-A1-05,2024-09-03,100.0,4.0,16,8,5
PHC-DST-A1-05,2024-09-04,77.0,4.0,6,8,1
PHC-DST-A1-05,2024-09-05,89.0,3.0,5,12,2
PHC-DST-A1-05,2024-09-06,89.0,1.0,4,10,1
PHC-DST-A1-05,2024-09-07,94.0,2.0,15,26,3
PHC-DST-A1-05,2024-09-08,50.0,4.0,16,20,2
PHC-DST-A1-05,2024-09-09,98.0,7.0,4,12,2
PHC-DST-A1-05,2024-09-10,95.0,3.0,4,14,1
PHC-DST-A1-05,2024-09-11,86.0,2.0,3,12,1
PHC-DST-A1-05,2024-09-12,84.0,5.0,5,10,1
PHC-DST-A1-05,2024-09-13,99.0,4.0,5,25,3
PHC-DST-A1-05,2024-09-14,73.0,3.0,5,9,0
PHC-DST-A1-05,2024-09-15,40.0,3.0,5,11,5
PHC-DST-A1-05,2024-09-16,102.0,4.0,18,9,0
PHC-DST-A1-05,2024-09-17,99.0,3.0,13,7,2
PHC-DST-A1-05,2024-09-18,97.0,2.0,16,10,2
PHC-DST-A1-05,2024-09-19,90.0,3.0,5,9,0
PHC-DST-A1-05,2024-09-20,84.0,4.0,6,7,5
PHC-DST-A1-05,2024-09-21,74.0,2.0,4,10,0
PHC-DST-A1-05,2024-09-22,49.0,3.0,7,25,1
PHC-DST-A1-05,2024-09-23,116.0,3.0,5,28,1
PHC-DST-A1-05,2024-09-24,92.0,3.0,4,9,7
PHC-DST-A1-05,2024-09-25,86.0,2.0,5,5,3
PHC-DST-A1-05,2024-09-26,82.0,1.0,6,7,4
PHC-DST-A1-05,2024-09-27,88.0,5.0,6,13,3
PHC-DST-A1-05,2024-09-28,87.0,5.0,20,13,2
PHC-DST-A1-05,2024-09-29,46.0,3.0,15,10,2
PHC-DST-A1-05,2024-09-30,107.0,4.0,7,9,2
PHC-DST-A1-05,2024-10-01,96.0,3.0,5,11,2
PHC-DST-A1-05,2024-10-02,91.0,3.0,6,12,2
PHC-DST-A1-05,2024-10-03,82.0,10.0,5,10,0
PHC-DST-A1-05,2024-10-04,97.0,5.0,4,23,2
PHC-DST-A1-05,2024-10-05,82.0,4.0,6,16,1
PHC-DST-A1-05,2024-10-06,39.0,,5,9,0
PHC-DST-A1-05,2024-10-07,105.0,4.0,7,9,3
PHC-DST-A1-05,2024-10-08,96.0,1.0,5,9,2
PHC-DST-A1-05,2024-10-09,85.0,2.0,4,10,2
PHC-DST-A1-05,2024-10-10,83.0,6.0,4,6,1
PHC-DST-A1-05,2024-10-11,85.0,3.0,5,9,0
PHC-DST-A1-05,2024-10-12,74.0,5.0,5,10,2
PHC-DST-A1-05,2024-10-13,32.0,2.0,7,12,2
PHC-DST-A1-05,2024-10-14,100.0,2.0,5,8,0
PHC-DST-A1-05,2024-10-15,99.0,1.0,6,11,2
PHC-DST-A1-05,2024-10-16,85.0,1.0,4,11,3
PHC-DST-A1-05,2024-10-17,86.0,3.0,5,8,1
PHC-DST-A1-05,2024-10-18,86.0,2.0,4,11,2
PHC-DST-A1-05,2024-10-19,79.0,4.0,4,13,2
PHC-DST-A1-05,2024-10-20,34.0,3.0,2,6,1
PHC-DST-A1-05,2024-10-21,98.0,1.0,2,11,3
PHC-DST-A1-05,2024-10-22,90.0,3.0,5,6,1
PHC-DST-A1-05,2024-10-23,88.0,6.0,8,8,3
PHC-DST-A1-05,2024-10-24,,5.0,4,8,1
PHC-DST-A1-05,2024-10-25,86.0,3.0,3,9,4
PHC-DST-A1-05,2024-10-26,76.0,4.0,4,8,3
PHC-DST-A1-05,2024-10-27,36.0,2.0,6,11,1
PHC-DST-A1-05,2024-10-28,101.0,5.0,2,9,1
PHC-DST-A1-05,2024-10-29,94.0,3.0,7,14,6
PHC-DST-A1-05,2024-10-30,90.0,1.0,6,11,0
PHC-DST-A1-05,2024-10-31,89.0,4.0,5,12,2
PHC-DST-A1-05,2024-11-01,82.0,1.0,3,8,1
PHC-DST-A1-05,2024-11-02,71.0,4.0,2,10,0
PHC-DST-A1-05,2024-11-03,42.0,2.0,6,10,3
PHC-DST-A1-05,2024-11-04,97.0,3.0,4,8,1
PHC-DST-A1-05,2024-11-05,95.0,3.0,4,12,4
PHC-DST-A1-05,2024-11-06,89.0,5.0,4,7,1
PHC-DST-A1-05,2024-11-07,79.0,4.0,4,10,3
PHC-DST-A1-05,2024-11-08,86.0,0.0,3,8,4
PHC-DST-A1-05,2024-11-09,75.0,4.0,4,12,2
PHC-DST-A1-05,2024-11-10,38.0,2.0,5,12,1
PHC-DST-A1-05,2024-11-11,104.0,5.0,5,9,2
PHC-DST-A1-05,2024-11-12,99.0,,5,8,0
PHC-DST-A1-05,2024-11-13,81.0,3.0,3,11,1
PHC-DST-A1-05,2024-11-14,79.0,2.0,4,6,3
PHC-DST-A1-05,2024-11-15,87.0,2.0,5,12,4
PHC-DST-A1-05,2024-11-16,79.0,2.0,5,11,0
PHC-DST-A1-05,2024-11-17,43.0,1.0,3,10,3
PHC-DST-A1-05,2024-11-18,101.0,5.0,5,13,0
PHC-DST-A1-05,2024-11-19,99.0,1.0,5,12,1
PHC-DST-A1-05,2024-11-20,88.0,7.0,5,9,0
PHC-DST-A1-05,2024-11-21,82.0,5.0,6,11,2
PHC-DST-A1-05,2024-11-22,,6.0,5,7,3
PHC-DST-A1-05,2024-11-23,80.0,3.0,3,7,3
PHC-DST-A1-05,2024-11-24,31.0,3.0,4,7,0
PHC-DST-A1-05,2024-11-25,101.0,4.0,5,10,0
PHC-DST-A1-05,2024-11-26,97.0,,3,9,4
PHC-DST-A1-05,2024-11-27,91.0,4.0,2,13,3
PHC-DST-A1-05,2024-11-28,85.0,2.0,7,10,0
PHC-DST-A1-05,2024-11-29,90.0,3.0,7,11,1
PHC-DST-A1-05,2024-11-30,84.0,3.0,4,12,0
PHC-DST-A1-05,2024-12-01,39.0,3.0,7,4,5
PHC-DST-A1-05,2024-12-02,94.0,1.0,2,8,3
PHC-DST-A1-05,2024-12-03,99.0,2.0,5,10,0
PHC-DST-A1-05,2024-12-04,88.0,2.0,3,11,3
PHC-DST-A1-05,2024-12-05,85.0,3.0,4,10,0
PHC-DST-A1-05,2024-12-06,86.0,3.0,5,10,2
PHC-DST-A1-05,2024-12-07,72.0,1.0,5,8,1
PHC-DST-A1-05,2024-12-08,40.0,4.0,6,9,0
PHC-DST-A1-05,2024-12-09,106.0,5.0,7,8,1
PHC-DST-A1-05,2024-12-10,97.0,3.0,4,15,2
PHC-DST-A1-05,2024-12-11,83.0,3.0,4,11,1
PHC-DST-A1-05,2024-12-12,86.0,2.0,5,10,1
PHC-DST-A1-05,2024-12-13,89.0,8.0,5,9,1
PHC-DST-A1-05,2024-12-14,74.0,5.0,3,7,1
PHC-DST-A1-05,2024-12-15,41.0,5.0,6,9,5
PHC-DST-A1-05,2024-12-16,107.0,4.0,8,10,1
PHC-DST-A1-05,2024-12-17,95.0,1.0,7,10,0
PHC-DST-A1-05,2024-12-18,85.0,1.0,4,10,2
PHC-DST-A1-05,2024-12-19,79.0,5.0,5,7,1
PHC-DST-A1-05,2024-12-20,88.0,3.0,3,10,0
PHC-DST-A1-05,2024-12-21,74.0,3.0,5,8,7
PHC-DST-A1-05,2024-12-22,35.0,3.0,5,11,1
PHC-DST-A1-05,2024-12-23,101.0,4.0,6,12,3
PHC-DST-A1-05,2024-12-24,92.0,2.0,2,12,2
PHC-DST-A1-05,2024-12-25,87.0,3.0,4,12,1
PHC-DST-A1-05,2024-12-26,82.0,1.0,6,7,5
PHC-DST-A1-05,2024-12-27,81.0,3.0,2,7,1
PHC-DST-A1-05,2024-12-28,77.0,1.0,7,8,3
PHC-DST-A1-05,2024-12-29,38.0,4.0,4,11,3
PHC-DST-A1-05,2024-12-30,100.0,1.0,4,7,2
PHC-DST-A1-05,2024-12-31,90.0,4.0,4,6,4
PHC-DST-A1-05,2025-01-01,83.0,1.0,5,8,1
PHC-DST-A1-05,2025-01-02,77.0,3.0,4,6,4
PHC-DST-A1-05,2025-01-03,87.0,1.0,5,10,2
PHC-DST-A1-05,2025-01-04,68.0,2.0,4,10,1
PHC-DST-A1-05,2025-01-05,33.0,2.0,3,7,0
PHC-DST-A1-05,2025-01-06,100.0,3.0,5,10,3
PHC-DST-A1-05,2025-01-07,93.0,4.0,6,11,4
PHC-DST-A1-05,2025-01-08,88.0,2.0,4,14,2
PHC-DST-A1-05,2025-01-09,80.0,2.0,3,12,1
PHC-DST-A1-05,2025-01-10,90.0,5.0,6,9,3
PHC-DST-A1-05,2025-01-11,77.0,2.0,6,9,1
PHC-DST-A1-05,2025-01-12,40.0,2.0,7,9,1
PHC-DST-A1-05,2025-01-13,102.0,4.0,6,10,3
PHC-DST-A1-05,2025-01-14,98.0,4.0,3,10,4
PHC-DST-A1-05,2025-01-15,92.0,3.0,4,11,2
PHC-DST-A1-05,2025-01-16,85.0,3.0,3,11,1
PHC-DST-A1-05,2025-01-17,95.0,5.0,5,8,1
PHC-DST-A1-05,2025-01-18,72.0,3.0,5,9,2
PHC-DST-A1-05,2025-01-19,,3.0,3,7,1
PHC-DST-A1-05,2025-01-20,105.0,5.0,3,12,3
PHC-DST-A1-05,2025-01-21,98.0,4.0,3,11,3
PHC-DST-A1-05,2025-01-22,88.0,1.0,5,12,2
PHC-DST-A1-05,2025-01-23,85.0,3.0,5,13,4
PHC-DST-A1-05,2025-01-24,85.0,0.0,4,12,2
PHC-DST-A1-05,2025-01-25,83.0,2.0,6,12,4
PHC-DST-A1-05,2025-01-26,34.0,5.0,6,9,1
PHC-DST-A1-05,2025-01-27,106.0,3.0,6,11,1
PHC-DST-A1-05,2025-01-28,96.0,3.0,6,10,4
PHC-DST-A1-05,2025-01-29,88.0,6.0,5,11,3
PHC-DST-A1-05,2025-01-30,91.0,3.0,6,13,0
PHC-DST-A1-05,2025-01-31,82.0,4.0,4,8,1
PHC-DST-A1-05,2025-02-01,80.0,1.0,6,11,0
PHC-DST-A1-05,2025-02-02,37.0,4.0,5,11,2
PHC-DST-A1-05,2025-02-03,99.0,2.0,4,5,2
PHC-DST-A1-05,2025-02-04,94.0,6.0,6,10,2
PHC-DST-A1-05,2025-02-05,92.0,3.0,3,12,7
PHC-DST-A1-05,2025-02-06,81.0,1.0,4,8,3
PHC-DST-A1-05,2025-02-07,90.0,3.0,5,11,0
PHC-DST-A1-05,2025-02-08,78.0,5.0,6,10,1
PHC-DST-A1-05,2025-02-09,40.0,6.0,6,9,7
PHC-DST-A1-05,2025-02-10,105.0,2.0,4,12,2
PHC-DST-A1-05,2025-02-11,90.0,4.0,3,9,5
PHC-DST-A1-05,2025-02-12,97.0,2.0,5,10,2
PHC-DST-A1-05,2025-02-13,89.0,3.0,6,11,2
PHC-DST-A1-05,2025-02-14,87.0,2.0,4,12,2
PHC-DST-A1-05,2025-02-15,78.0,3.0,4,6,3
PHC-DST-A1-05,2025-02-16,36.0,3.0,7,9,2
PHC-DST-A1-05,2025-02-17,101.0,0.0,4,9,2
PHC-DST-A1-05,2025-02-18,93.0,3.0,4,10,2
PHC-DST-A1-05,2025-02-19,84.0,3.0,4,8,2
PHC-DST-A1-05,2025-02-20,81.0,6.0,5,7,3
PHC-DST-A1-05,2025-02-21,85.0,5.0,4,8,1
PHC-DST-A1-05,2025-02-22,72.0,4.0,4,9,0
PHC-DST-A1-05,2025-02-23,34.0,5.0,3,7,4
PHC-DST-A1-05,2025-02-24,107.0,4.0,4,11,2
PHC-DST-A1-05,2025-02-25,89.0,4.0,6,8,2
PHC-DST-A1-05,2025-02-26,90.0,3.0,5,10,0
PHC-DST-A1-05,2025-02-27,81.0,2.0,5,10,1
PHC-DST-A1-05,2025-02-28,85.0,5.0,3,8,3
PHC-DST-A1-05,2025-03-01,77.0,1.0,6,7,0
PHC-DST-A1-05,2025-03-02,36.0,3.0,6,6,2
PHC-DST-A1-05,2025-03-03,99.0,2.0,4,8,4
PHC-DST-A1-05,2025-03-04,94.0,3.0,5,8,2
PHC-DST-A1-05,2025-03-05,86.0,3.0,5,9,5
PHC-DST-A1-05,2025-03-06,86.0,6.0,7,9,1
PHC-DST-A1-05,2025-03-07,88.0,6.0,4,11,1
PHC-DST-A1-05,2025-03-08,70.0,1.0,4,6,2
PHC-DST-A1-05,2025-03-09,32.0,4.0,5,9,2
PHC-DST-A1-05,2025-03-10,102.0,2.0,6,11,2
PHC-DST-A1-05,2025-03-11,98.0,4.0,6,9,4
PHC-DST-A1-05,2025-03-12,92.0,4.0,5,10,4
PHC-DST-A1-05,2025-03-13,86.0,1.0,6,12,3
PHC-DST-A1-05,2025-03-14,90.0,5.0,6,11,1
PHC-DST-A1-05,2025-03-15,72.0,0.0,4,6,5
PHC-DST-A1-05,2025-03-16,40.0,2.0,6,12,1
PHC-DST-A1-05,2025-03-17,99.0,5.0,5,10,3
PHC-DST-A1-05,2025-03-18,95.0,3.0,7,9,0
PHC-DST-A1-05,2025-03-19,89.0,4.0,4,7,2
PHC-DST-A1-05,2025-03-20,87.0,5.0,5,11,1
PHC-DST-A1-05,2025-03-21,85.0,3.0,5,8,3
PHC-DST-A1-05,2025-03-22,72.0,5.0,5,10,0
PHC-DST-A1-05,2025-03-23,37.0,6.0,6,9,5
PHC-DST-A1-05,2025-03-24,98.0,0.0,5,10,3
PHC-DST-A1-05,2025-03-25,92.0,5.0,5,7,3
PHC-DST-A1-05,2025-03-26,93.0,3.0,5,14,4
PHC-DST-A1-05,2025-03-27,80.0,1.0,3,9,1
PHC-DST-A1-05,2025-03-28,88.0,4.0,6,10,2
PHC-DST-A1-05,2025-03-29,80.0,4.0,4,8,2
PHC-DST-A1-05,2025-03-30,41.0,4.0,7,12,2
PHC-DST-A1-05,2025-03-31,103.0,7.0,4,10,0
PHC-DST-A1-05,2025-04-01,96.0,2.0,4,10,0
PHC-DST-A1-05,2025-04-02,88.0,6.0,4,7,0
PHC-DST-A1-05,2025-04-03,79.0,2.0,4,7,2
PHC-DST-A1-05,2025-04-04,86.0,3.0,4,10,1
PHC-DST-A1-05,2025-04-05,83.0,3.0,5,11,2
PHC-DST-A1-05,2025-04-06,35.0,1.0,4,9,5
PHC-DST-A1-05,2025-04-07,106.0,4.0,4,12,1
PHC-DST-A1-05,2025-04-08,95.0,3.0,5,8,2
PHC-DST-A1-05,2025-04-09,89.0,3.0,7,10,0
PHC-DST-A1-05,2025-04-10,83.0,4.0,4,8,4
PHC-DST-A1-05,2025-04-11,89.0,7.0,4,12,3
PHC-DST-A1-05,2025-04-12,75.0,2.0,4,7,2
PHC-DST-A1-05,2025-04-13,36.0,,4,10,0
PHC-DST-A1-05,2025-04-14,99.0,3.0,4,8,1
PHC-DST-A1-05,2025-04-15,97.0,3.0,5,11,4
PHC-DST-A1-05,2025-04-16,85.0,1.0,4,11,4
PHC-DST-A1-05,2025-04-17,85.0,2.0,4,10,1
PHC-DST-A1-05,2025-04-18,86.0,5.0,4,10,3
PHC-DST-A1-05,2025-04-19,79.0,4.0,5,9,3
PHC-DST-A1-05,2025-04-20,33.0,3.0,4,10,2
PHC-DST-A1-05,2025-04-21,101.0,,5,12,2
PHC-DST-A1-05,2025-04-22,96.0,7.0,4,8,0
PHC-DST-A1-05,2025-04-23,87.0,5.0,5,9,3
PHC-DST-A1-05,2025-04-24,84.0,1.0,5,12,4
PHC-DST-A1-05,2025-04-25,83.0,3.0,4,8,2
PHC-DST-A1-05,2025-04-26,78.0,1.0,6,9,1
PHC-DST-A1-05,2025-04-27,37.0,3.0,5,7,0
PHC-DST-A1-05,2025-04-28,104.0,1.0,4,11,1
PHC-DST-A1-05,2025-04-29,91.0,5.0,5,7,1
PHC-DST-A1-05,2025-04-30,93.0,2.0,7,11,2
PHC-DST-A1-05,2025-05-01,84.0,4.0,5,9,3
PHC-DST-A1-05,2025-05-02,,4.0,4,10,1
PHC-DST-A1-05,2025-05-03,75.0,2.0,5,8,0
PHC-DST-A1-05,2025-05-04,40.0,2.0,5,12,2
PHC-DST-A1-05,2025-05-05,106.0,3.0,6,9,1
PHC-DST-A1-05,2025-05-06,94.0,4.0,4,9,1
PHC-DST-A1-05,2025-05-07,85.0,4.0,5,7,1
PHC-DST-A1-05,2025-05-08,81.0,1.0,5,10,1
PHC-DST-A1-05,2025-05-09,81.0,4.0,4,9,1
PHC-DST-A1-05,2025-05-10,74.0,5.0,6,8,1
PHC-DST-A1-05,2025-05-11,36.0,2.0,6,10,1
PHC-DST-A1-05,2025-05-12,92.0,1.0,2,9,0
PHC-DST-A1-05,2025-05-13,90.0,7.0,4,10,2
PHC-DST-A1-05,2025-05-14,84.0,2.0,5,7,2
PHC-DST-A1-05,2025-05-15,87.0,0.0,4,14,1
PHC-DST-A1-05,2025-05-16,93.0,3.0,4,12,0
PHC-DST-A1-05,2025-05-17,80.0,4.0,5,10,1
PHC-DST-A1-05,2025-05-18,34.0,2.0,5,11,1
PHC-DST-A1-05,2025-05-19,98.0,3.0,3,11,1
PHC-DST-A1-05,2025-05-20,101.0,4.0,5,14,0
PHC-DST-A1-05,2025-05-21,91.0,2.0,3,13,3
PHC-DST-A1-05,2025-05-22,86.0,1.0,5,13,1
PHC-DST-A1-05,2025-05-23,94.0,8.0,5,11,3
PHC-DST-A1-05,2025-05-24,77.0,4.0,6,9,5
PHC-DST-A1-05,2025-05-25,34.0,5.0,4,10,2
PHC-DST-A1-05,2025-05-26,107.0,3.0,6,10,2
PHC-DST-A1-05,2025-05-27,95.0,1.0,4,11,3
PHC-DST-A1-05,2025-05-28,83.0,4.0,5,11,6
PHC-DST-A1-05,2025-05-29,85.0,4.0,5,10,0
PHC-DST-A1-05,2025-05-30,92.0,3.0,5,11,6
PHC-DST-A1-05,2025-05-31,80.0,1.0,5,11,2
PHC-DST-A1-05,2025-06-01,31.0,0.0,4,9,2
PHC-DST-A1-05,2025-06-02,104.0,0.0,6,9,0
PHC-DST-A1-05,2025-06-03,87.0,5.0,3,9,1
PHC-DST-A1-05,2025-06-04,87.0,3.0,5,7,5
PHC-DST-A1-05,2025-06-05,84.0,3.0,5,8,2
PHC-DST-A1-05,2025-06-06,81.0,,5,9,2
PHC-DST-A1-05,2025-06-07,75.0,5.0,5,8,5
PHC-DST-A1-05,2025-06-08,41.0,3.0,6,12,7
PHC-DST-A1-05,2025-06-09,104.0,1.0,2,10,2
PHC-DST-A1-05,2025-06-10,91.0,4.0,4,12,2
PHC-DST-A1-05,2025-06-11,85.0,4.0,6,7,2
PHC-DST-A1-05,2025-06-12,81.0,1.0,6,8,1
PHC-DST-A1-05,2025-06-13,90.0,4.0,5,11,2
PHC-DST-A1-05,2025-06-14,80.0,2.0,3,14,1
PHC-DST-A1-05,2025-06-15,38.0,2.0,3,7,3
PHC-DST-A1-05,2025-06-16,107.0,1.0,5,13,1
PHC-DST-A1-05,2025-06-17,93.0,4.0,5,9,2
PHC-DST-A1-05,2025-06-18,84.0,3.0,6,9,3
PHC-DST-A1-05,2025-06-19,84.0,3.0,4,10,1
PHC-DST-A1-05,2025-06-20,88.0,1.0,6,8,3
PHC-DST-A1-05,2025-06-21,79.0,3.0,5,10,2
PHC-DST-A1-05,2025-06-22,34.0,6.0,5,11,1
PHC-DST-A1-05,2025-06-23,105.0,3.0,5,13,0
PHC-DST-A1-05,2025-06-24,95.0,1.0,5,10,3
PHC-DST-A1-05,2025-06-25,89.0,1.0,3,10,1
PHC-DST-A1-05,2025-06-26,79.0,3.0,3,9,1
PHC-DST-A1-05,2025-06-27,87.0,0.0,4,11,4
PHC-DST-A1-05,2025-06-28,78.0,4.0,6,10,2
PHC-DST-A1-05,2025-06-29,37.0,3.0,4,8,2
PHC-DST-A1-05,2025-06-30,103.0,6.0,4,9,0
PHC-DST-A1-06,2024-01-01,105.0,6.0,6,12,2
PHC-DST-A1-06,2024-01-02,105.0,2.0,4,13,2
PHC-DST-A1-06,2024-01-03,92.0,4.0,4,12,2
PHC-DST-A1-06,2024-01-04,92.0,6.0,6,14,2
PHC-DST-A1-06,2024-01-05,86.0,2.0,4,10,2
PHC-DST-A1-06,2024-01-06,,1.0,5,8,0
PHC-DST-A1-06,2024-01-07,37.0,2.0,4,8,3
PHC-DST-A1-06,2024-01-08,105.0,2.0,6,10,3
PHC-DST-A1-06,2024-01-09,92.0,3.0,6,9,4
PHC-DST-A1-06,2024-01-10,88.0,4.0,5,10,1
PHC-DST-A1-06,2024-01-11,84.0,5.0,8,8,0
PHC-DST-A1-06,2024-01-12,90.0,0.0,6,10,1
PHC-DST-A1-06,2024-01-13,78.0,4.0,3,9,2
PHC-DST-A1-06,2024-01-14,40.0,2.0,5,11,3
PHC-DST-A1-06,2024-01-15,99.0,1.0,4,8,0
PHC-DST-A1-06,2024-01-16,99.0,2.0,6,12,1
PHC-DST-A1-06,2024-01-17,89.0,5.0,3,9,2
PHC-DST-A1-06,2024-01-18,83.0,2.0,5,10,4
PHC-DST-A1-06,2024-01-19,90.0,3.0,5,10,4
PHC-DST-A1-06,2024-01-20,77.0,5.0,5,8,2
PHC-DST-A1-06,2024-01-21,34.0,5.0,4,11,2
PHC-DST-A1-06,2024-01-22,105.0,2.0,5,13,0
PHC-DST-A1-06,2024-01-23,90.0,5.0,4,8,0
PHC-DST-A1-06,2024-01-24,91.0,4.0,6,11,2
PHC-DST-A1-06,2024-01-25,82.0,3.0,5,7,3
PHC-DST-A1-06,2024-01-26,89.0,3.0,5,9,1
PHC-DST-A1-06,2024-01-27,78.0,3.0,7,10,4
PHC-DST-A1-06,2024-01-28,37.0,1.0,6,10,3
PHC-DST-A1-06,2024-01-29,105.0,1.0,4,8,1
PHC-DST-A1-06,2024-01-30,102.0,4.0,5,13,0
PHC-DST-A1-06,2024-01-31,85.0,1.0,5,7,0
PHC-DST-A1-06,2024-02-01,82.0,6.0,5,10,2
PHC-DST-A1-06,2024-02-02,88.0,3.0,5,8,6
PHC-DST-A1-06,2024-02-03,79.0,4.0,4,9,1
PHC-DST-A1-06,2024-02-04,42.0,3.0,5,11,1
PHC-DST-A1-06,2024-02-05,95.0,3.0,4,10,2
PHC-DST-A1-06,2024-02-06,103.0,1.0,4,11,0
PHC-DST-A1-06,2024-02-07,87.0,4.0,5,9,3
PHC-DST-A1-06,2024-02-08,88.0,5.0,4,13,2
PHC-DST-A1-06,2024-02-09,90.0,3.0,5,9,0
PHC-DST-A1-06,2024-02-10,82.0,3.0,5,7,3
PHC-DST-A1-06,2024-02-11,38.0,4.0,4,10,3
PHC-DST-A1-06,2024-02-12,104.0,,5,9,2
PHC-DST-A1-06,2024-02-13,93.0,3.0,5,11,3
PHC-DST-A1-06,2024-02-14,87.0,1.0,5,7,3
PHC-DST-A1-06,2024-02-15,85.0,4.0,5,9,1
PHC-DST-A1-06,2024-02-16,91.0,2.0,7,9,4
PHC-DST-A1-06,2024-02-17,78.0,4.0,5,9,2
PHC-DST-A1-06,2024-02-18,44.0,3.0,6,11,2
PHC-DST-A1-06,2024-02-19,108.0,5.0,4,12,3
PHC-DST-A1-06,2024-02-20,97.0,5.0,4,9,2
PHC-DST-A1-06,2024-02-21,89.0,4.0,6,11,4
PHC-DST-A1-06,2024-02-22,85.0,2.0,4,8,2
PHC-DST-A1-06,2024-02-23,83.0,7.0,4,9,1
PHC-DST-A1-06,2024-02-24,75.0,1.0,6,8,2
PHC-DST-A1-06,2024-02-25,36.0,2.0,5,9,4
PHC-DST-A1-06,2024-02-26,108.0,0.0,7,10,2
PHC-DST-A1-06,2024-02-27,92.0,3.0,4,7,2
PHC-DST-A1-06,2024-02-28,87.0,3.0,3,9,4
PHC-DST-A1-06,2024-02-29,92.0,2.0,5,16,0
PHC-DST-A1-06,2024-03-01,89.0,1.0,5,11,1
PHC-DST-A1-06,2024-03-02,73.0,2.0,6,11,2
PHC-DST-A1-06,2024-03-03,39.0,4.0,6,13,1
PHC-DST-A1-06,2024-03-04,105.0,4.0,4,13,1
PHC-DST-A1-06,2024-03-05,95.0,4.0,5,9,4
PHC-DST-A1-06,2024-03-06,90.0,5.0,4,9,1
PHC-DST-A1-06,2024-03-07,85.0,0.0,4,13,2
PHC-DST-A1-06,2024-03-08,89.0,5.0,5,10,2
PHC-DST-A1-06,2024-03-09,67.0,4.0,2,6,3
PHC-DST-A1-06,2024-03-10,34.0,3.0,5,10,3
PHC-DST-A1-06,2024-03-11,107.0,1.0,4,12,1
PHC-DST-A1-06,2024-03-12,107.0,2.0,5,13,4
PHC-DST-A1-06,2024-03-13,90.0,3.0,4,9,4
PHC-DST-A1-06,2024-03-14,89.0,2.0,6,13,3
PHC-DST-A1-06,2024-03-15,85.0,7.0,5,9,4
PHC-DST-A1-06,2024-03-16,76.0,8.0,3,10,3
PHC-DST-A1-06,2024-03-17,32.0,4.0,7,9,1
PHC-DST-A1-06,2024-03-18,105.0,4.0,6,9,0
PHC-DST-A1-06,2024-03-19,95.0,5.0,6,10,2
PHC-DST-A1-06,2024-03-20,86.0,2.0,4,13,5
PHC-DST-A1-06,2024-03-21,81.0,6.0,5,11,5
PHC-DST-A1-06,2024-03-22,88.0,3.0,5,8,0
PHC-DST-A1-06,2024-03-23,76.0,2.0,4,12,5
PHC-DST-A1-06,2024-03-24,32.0,3.0,3,9,1
PHC-DST-A1-06,2024-03-25,105.0,2.0,5,7,3
PHC-DST-A1-06,2024-03-26,95.0,2.0,4,11,2
PHC-DST-A1-06,2024-03-27,81.0,2.0,4,6,1
PHC-DST-A1-06,2024-03-28,84.0,1.0,5,9,2
PHC-DST-A1-06,2024-03-29,94.0,0.0,6,10,0
PHC-DST-A1-06,2024-03-30,76.0,7.0,4,9,0
PHC-DST-A1-06,2024-03-31,40.0,3.0,4,11,1
PHC-DST-A1-06,2024-04-01,102.0,4.0,5,12,4
PHC-DST-A1-06,2024-04-02,96.0,3.0,7,10,0
PHC-DST-A1-06,2024-04-03,89.0,4.0,5,10,4
PHC-DST-A1-06,2024-04-04,80.0,2.0,7,10,3
PHC-DST-A1-06,2024-04-05,97.0,5.0,5,12,4
PHC-DST-A1-06,2024-04-06,77.0,3.0,3,11,3
PHC-DST-A1-06,2024-04-07,31.0,3.0,3,8,1
PHC-DST-A1-06,2024-04-08,102.0,2.0,5,9,4
PHC-DST-A1-06,2024-04-09,93.0,1.0,5,11,1
PHC-DST-A1-06,2024-04-10,92.0,4.0,5,10,3
PHC-DST-A1-06,2024-04-11,88.0,1.0,5,8,1
PHC-DST-A1-06,2024-04-12,83.0,4.0,4,10,0
PHC-DST-A1-06,2024-04-13,73.0,4.0,5,12,1
PHC-DST-A1-06,2024-04-14,39.0,3.0,6,10,2
PHC-DST-A1-06,2024-04-15,101.0,2.0,6,10,2
PHC-DST-A1-06,2024-04-16,93.0,3.0,5,8,5
PHC-DST-A1-06,2024-04-17,90.0,4.0,5,13,4
PHC-DST-A1-06,2024-04-18,83.0,5.0,3,6,3
PHC-DST-A1-06,2024-04-19,90.0,5.0,5,9,2
PHC-DST-A1-06,2024-04-20,75.0,8.0,5,8,2
PHC-DST-A1-06,2024-04-21,39.0,0.0,3,13,3
PHC-DST-A1-06,2024-04-22,97.0,3.0,6,5,2
PHC-DST-A1-06,2024-04-23,93.0,2.0,3,9,4
PHC-DST-A1-06,2024-04-24,86.0,3.0,7,9,2
PHC-DST-A1-06,2024-04-25,90.0,4.0,5,10,5
PHC-DST-A1-06,2024-04-26,92.0,2.0,6,10,2
PHC-DST-A1-06,2024-04-27,79.0,2.0,5,12,1
PHC-DST-A1-06,2024-04-28,33.0,5.0,5,8,3
PHC-DST-A1-06,2024-04-29,102.0,7.0,4,9,1
PHC-DST-A1-06,2024-04-30,103.0,1.0,7,12,4
PHC-DST-A1-06,2024-05-01,88.0,2.0,6,11,0
PHC-DST-A1-06,2024-05-02,89.0,5.0,6,11,4
PHC-DST-A1-06,2024-05-03,93.0,3.0,7,12,3
PHC-DST-A1-06,2024-05-04,77.0,1.0,3,10,2
PHC-DST-A1-06,2024-05-05,35.0,2.0,4,10,4
PHC-DST-A1-06,2024-05-06,105.0,2.0,5,9,3
PHC-DST-A1-06,2024-05-07,99.0,4.0,4,11,1
PHC-DST-A1-06,2024-05-08,94.0,2.0,6,13,2
PHC-DST-A1-06,2024-05-09,92.0,7.0,5,12,3
PHC-DST-A1-06,2024-05-10,88.0,3.0,4,11,0
PHC-DST-A1-06,2024-05-11,76.0,6.0,5,7,4
PHC-DST-A1-06,2024-05-12,39.0,1.0,5,11,3
PHC-DST-A1-06,2024-05-13,103.0,3.0,5,12,3
PHC-DST-A1-06,2024-05-14,101.0,2.0,6,11,3
PHC-DST-A1-06,2024-05-15,87.0,7.0,5,10,1
PHC-DST-A1-06,2024-05-16,89.0,3.0,6,9,3
PHC-DST-A1-06,2024-05-17,86.0,3.0,5,8,2
PHC-DST-A1-06,2024-05-18,78.0,1.0,3,12,3
PHC-DST-A1-06,2024-05-19,36.0,3.0,4,7,1
PHC-DST-A1-06,2024-05-20,108.0,6.0,5,5,4
PHC-DST-A1-06,2024-05-21,98.0,1.0,5,12,2
PHC-DST-A1-06,2024-05-22,87.0,3.0,7,7,1
PHC-DST-A1-06,2024-05-23,89.0,3.0,6,10,4
PHC-DST-A1-06,2024-05-24,92.0,2.0,5,9,4
PHC-DST-A1-06,2024-05-25,81.0,1.0,7,10,2
PHC-DST-A1-06,2024-05-26,36.0,2.0,5,11,2
PHC-DST-A1-06,2024-05-27,104.0,,5,10,1
PHC-DST-A1-06,2024-05-28,98.0,2.0,4,9,2
PHC-DST-A1-06,2024-05-29,94.0,3.0,4,10,4
PHC-DST-A1-06,2024-05-30,84.0,,5,10,1
PHC-DST-A1-06,2024-05-31,90.0,2.0,5,10,5
PHC-DST-A1-06,2024-06-01,74.0,3.0,3,7,1
PHC-DST-A1-06,2024-06-02,34.0,6.0,4,10,3
PHC-DST-A1-06,2024-06-03,103.0,5.0,5,11,1
PHC-DST-A1-06,2024-06-04,96.0,7.0,3,10,4
PHC-DST-A1-06,2024-06-05,89.0,1.0,4,9,5
PHC-DST-A1-06,2024-06-06,84.0,2.0,5,11,1
PHC-DST-A1-06,2024-06-07,88.0,5.0,6,10,1
PHC-DST-A1-06,2024-06-08,78.0,1.0,4,11,4
PHC-DST-A1-06,2024-06-09,37.0,2.0,5,13,0
PHC-DST-A1-06,2024-06-10,102.0,1.0,4,10,3
PHC-DST-A1-06,2024-06-11,95.0,4.0,7,11,1
PHC-DST-A1-06,2024-06-12,90.0,2.0,3,12,2
PHC-DST-A1-06,2024-06-13,87.0,1.0,4,9,4
PHC-DST-A1-06,2024-06-14,88.0,5.0,5,10,0
PHC-DST-A1-06,2024-06-15,83.0,4.0,4,11,1
PHC-DST-A1-06,2024-06-16,41.0,4.0,5,11,3
PHC-DST-A1-06,2024-06-17,107.0,3.0,2,12,3
PHC-DST-A1-06,2024-06-18,101.0,4.0,6,11,1
PHC-DST-A1-06,2024-06-19,87.0,2.0,3,9,4
PHC-DST-A1-06,2024-06-20,87.0,2.0,4,11,0
PHC-DST-A1-06,2024-06-21,87.0,5.0,3,8,3
PHC-DST-A1-06,2024-06-22,80.0,3.0,5,9,2
PHC-DST-A1-06,2024-06-23,36.0,5.0,5,10,1
PHC-DST-A1-06,2024-06-24,106.0,3.0,4,12,2
PHC-DST-A1-06,2024-06-25,101.0,7.0,4,12,1
PHC-DST-A1-06,2024-06-26,93.0,2.0,3,13,0
PHC-DST-A1-06,2024-06-27,87.0,5.0,8,9,5
PHC-DST-A1-06,2024-06-28,90.0,3.0,5,11,2
PHC-DST-A1-06,2024-06-29,77.0,0.0,4,9,5
PHC-DST-A1-06,2024-06-30,35.0,1.0,6,10,3
PHC-DST-A1-06,2024-07-01,102.0,2.0,6,6,3
PHC-DST-A1-06,2024-07-02,93.0,5.0,5,9,1
PHC-DST-A1-06,2024-07-03,94.0,2.0,18,8,2
PHC-DST-A1-06,2024-07-04,92.0,2.0,12,13,3
PHC-DST-A1-06,2024-07-05,90.0,3.0,12,8,0
PHC-DST-A1-06,2024-07-06,90.0,3.0,18,10,1
PHC-DST-A1-06,2024-07-07,39.0,6.0,11,9,2
PHC-DST-A1-06,2024-07-08,109.0,7.0,13,7,6
PHC-DST-A1-06,2024-07-09,114.0,2.0,14,26,2
PHC-DST-A1-06,2024-07-10,90.0,8.0,6,12,5
PHC-DST-A1-06,2024-07-11,93.0,6.0,4,20,1
PHC-DST-A1-06,2024-07-12,110.0,1.0,16,24,0
PHC-DST-A1-06,2024-07-13,85.0,2.0,17,10,2
PHC-DST-A1-06,2024-07-14,53.0,4.0,10,20,2
PHC-DST-A1-06,2024-07-15,112.0,2.0,17,10,4
PHC-DST-A1-06,2024-07-16,106.0,3.0,16,12,1
PHC-DST-A1-06,2024-07-17,99.0,2.0,16,9,0
PHC-DST-A1-06,2024-07-18,89.0,8.0,5,17,4
PHC-DST-A1-06,2024-07-19,98.0,2.0,3,24,0
PHC-DST-A1-06,2024-07-20,91.0,3.0,4,20,2
PHC-DST-A1-06,2024-07-21,38.0,3.0,4,10,3
PHC-DST-A1-06,2024-07-22,116.0,3.0,3,26,1
PHC-DST-A1-06,2024-07-23,92.0,1.0,5,7,3
PHC-DST-A1-06,2024-07-24,85.0,0.0,11,4,1
PHC-DST-A1-06,2024-07-25,95.0,3.0,15,12,1
PHC-DST-A1-06,2024-07-26,88.0,2.0,5,12,2
PHC-DST-A1-06,2024-07-27,71.0,0.0,4,10,2
PHC-DST-A1-06,2024-07-28,38.0,0.0,4,10,4
PHC-DST-A1-06,2024-07-29,109.0,3.0,16,10,3
PHC-DST-A1-06,2024-07-30,105.0,2.0,13,19,2
PHC-DST-A1-06,2024-07-31,96.0,6.0,16,11,3
PHC-DST-A1-06,2024-08-01,96.0,6.0,14,12,2
PHC-DST-A1-06,2024-08-02,98.0,6.0,16,15,4
PHC-DST-A1-06,2024-08-03,82.0,1.0,12,10,1
PHC-DST-A1-06,2024-08-04,42.0,6.0,4,18,0
PHC-DST-A1-06,2024-08-05,115.0,2.0,13,16,2
PHC-DST-A1-06,2024-08-06,115.0,4.0,14,25,3
PHC-DST-A1-06,2024-08-07,96.0,3.0,6,15,1
PHC-DST-A1-06,2024-08-08,97.0,6.0,4,27,1
PHC-DST-A1-06,2024-08-09,92.0,5.0,6,10,2
PHC-DST-A1-06,2024-08-10,77.0,1.0,6,9,2
PHC-DST-A1-06,2024-08-11,51.0,2.0,6,23,0
PHC-DST-A1-06,2024-08-12,113.0,2.0,16,7,2
PHC-DST-A1-06,2024-08-13,105.0,2.0,18,11,3
PHC-DST-A1-06,2024-08-14,103.0,4.0,3,28,1
PHC-DST-A1-06,2024-08-15,80.0,2.0,4,10,4
PHC-DST-A1-06,2024-08-16,88.0,3.0,4,9,1
PHC-DST-A1-06,2024-08-17,82.0,3.0,3,12,3
PHC-DST-A1-06,2024-08-18,51.0,3.0,5,26,2
PHC-DST-A1-06,2024-08-19,97.0,4.0,3,9,2
PHC-DST-A1-06,2024-08-20,105.0,5.0,15,10,1
PHC-DST-A1-06,2024-08-21,93.0,3.0,14,8,4
PHC-DST-A1-06,2024-08-22,92.0,1.0,14,9,5
PHC-DST-A1-06,2024-08-23,89.0,4.0,4,10,4
PHC-DST-A1-06,2024-08-24,80.0,4.0,15,9,3
PHC-DST-A1-06,2024-08-25,40.0,6.0,12,11,4
PHC-DST-A1-06,2024-08-26,113.0,3.0,4,27,1
PHC-DST-A1-06,2024-08-27,110.0,5.0,8,27,2
PHC-DST-A1-06,2024-08-28,88.0,0.0,4,10,0
PHC-DST-A1-06,2024-08-29,89.0,5.0,6,12,4
PHC-DST-A1-06,2024-08-30,103.0,3.0,5,26,2
PHC-DST-A1-06,2024-08-31,79.0,3.0,5,10,1
PHC-DST-A1-06,2024-09-01,40.0,2.0,18,9,3
PHC-DST-A1-06,2024-09-02,109.0,3.0,14,9,2
PHC-DST-A1-06,2024-09-03,107.0,4.0,13,13,4
PHC-DST-A1-06,2024-09-04,92.0,3.0,5,11,2
PHC-DST-A1-06,2024-09-05,,1.0,4,12,1
PHC-DST-A1-06,2024-09-06,91.0,1.0,4,8,1
PHC-DST-A1-06,2024-09-07,90.0,5.0,11,24,2
PHC-DST-A1-06,2024-09-08,55.0,5.0,14,25,4
PHC-DST-A1-06,2024-09-09,107.0,1.0,5,8,1
PHC-DST-A1-06,2024-09-10,95.0,4.0,7,10,3
PHC-DST-A1-06,2024-09-11,87.0,7.0,6,13,1
PHC-DST-A1-06,2024-09-12,88.0,1.0,3,10,2
PHC-DST-A1-06,2024-09-13,96.0,2.0,5,22,0
PHC-DST-A1-06,2024-09-14,78.0,2.0,3,7,2
PHC-DST-A1-06,2024-09-15,37.0,6.0,6,12,1
PHC-DST-A1-06,2024-09-16,111.0,5.0,17,12,3
PHC-DST-A1-06,2024-09-17,107.0,2.0,15,11,5
PHC-DST-A1-06,2024-09-18,102.0,7.0,17,10,2
PHC-DST-A1-06,2024-09-19,89.0,4.0,5,11,3
PHC-DST-A1-06,2024-09-20,94.0,4.0,5,7,2
PHC-DST-A1-06,2024-09-21,79.0,3.0,5,10,2
PHC-DST-A1-06,2024-09-22,46.0,3.0,5,23,1
PHC-DST-A1-06,2024-09-23,114.0,5.0,4,22,0
PHC-DST-A1-06,2024-09-24,91.0,,4,9,1
PHC-DST-A1-06,2024-09-25,90.0,3.0,5,12,0
PHC-DST-A1-06,2024-09-26,,5.0,5,10,3
PHC-DST-A1-06,2024-09-27,94.0,3.0,5,13,2
PHC-DST-A1-06,2024-09-28,91.0,3.0,13,11,3
PHC-DST-A1-06,2024-09-29,45.0,2.0,12,9,3
PHC-DST-A1-06,2024-09-30,107.0,4.0,5,11,1
PHC-DST-A1-06,2024-10-01,94.0,6.0,4,8,2
PHC-DST-A1-06,2024-10-02,82.0,3.0,4,6,4
PHC-DST-A1-06,2024-10-03,84.0,5.0,6,11,3
PHC-DST-A1-06,2024-10-04,105.0,4.0,3,26,0
PHC-DST-A1-06,2024-10-05,77.0,3.0,4,8,2
PHC-DST-A1-06,2024-10-06,35.0,1.0,4,8,2
PHC-DST-A1-06,2024-10-07,102.0,1.0,4,7,2
PHC-DST-A1-06,2024-10-08,97.0,0.0,2,9,0
PHC-DST-A1-06,2024-10-09,92.0,3.0,6,9,2
PHC-DST-A1-06,2024-10-10,81.0,4.0,3,8,1
PHC-DST-A1-06,2024-10-11,,5.0,6,11,3
PHC-DST-A1-06,2024-10-12,84.0,6.0,5,12,1
PHC-DST-A1-06,2024-10-13,37.0,3.0,4,6,5
PHC-DST-A1-06,2024-10-14,101.0,5.0,5,10,2
PHC-DST-A1-06,2024-10-15,96.0,5.0,4,10,1
PHC-DST-A1-06,2024-10-16,,1.0,4,9,1
PHC-DST-A1-06,2024-10-17,83.0,6.0,5,9,0
PHC-DST-A1-06,2024-10-18,91.0,3.0,2,11,2
PHC-DST-A1-06,2024-10-19,82.0,3.0,5,7,1
PHC-DST-A1-06,2024-10-20,40.0,4.0,7,10,1
PHC-DST-A1-06,2024-10-21,108.0,1.0,6,13,4
PHC-DST-A1-06,2024-10-22,92.0,2.0,5,8,2
PHC-DST-A1-06,2024-10-23,87.0,3.0,2,9,0
PHC-DST-A1-06,2024-10-24,89.0,1.0,6,9,0
PHC-DST-A1-06,2024-10-25,91.0,3.0,2,9,4
PHC-DST-A1-06,2024-10-26,71.0,6.0,4,8,5
PHC-DST-A1-06,2024-10-27,34.0,2.0,4,8,4
PHC-DST-A1-06,2024-10-28,109.0,5.0,5,11,1
PHC-DST-A1-06,2024-10-29,95.0,4.0,5,9,2
PHC-DST-A1-06,2024-10-30,88.0,1.0,5,9,2
PHC-DST-A1-06,2024-10-31,89.0,,6,10,2
PHC-DST-A1-06,2024-11-01,87.0,1.0,4,8,4
PHC-DST-A1-06,2024-11-02,75.0,2.0,4,8,3
PHC-DST-A1-06,2024-11-03,32.0,5.0,5,12,1
PHC-DST-A1-06,2024-11-04,101.0,7.0,4,11,1
PHC-DST-A1-06,2024-11-05,98.0,4.0,4,8,2
PHC-DST-A1-06,2024-11-06,88.0,3.0,6,7,1
PHC-DST-A1-06,2024-11-07,90.0,3.0,4,13,1
PHC-DST-A1-06,2024-11-08,90.0,5.0,7,8,1
PHC-DST-A1-06,2024-11-09,75.0,3.0,6,12,5
PHC-DST-A1-06,2024-11-10,39.0,3.0,4,11,3
PHC-DST-A1-06,2024-11-11,107.0,3.0,3,11,2
PHC-DST-A1-06,2024-11-12,93.0,1.0,4,8,2
PHC-DST-A1-06,2024-11-13,90.0,2.0,6,8,0
PHC-DST-A1-06,2024-11-14,80.0,6.0,4,10,2
PHC-DST-A1-06,2024-11-15,89.0,1.0,3,9,3
PHC-DST-A1-06,2024-11-16,71.0,1.0,4,9,5
PHC-DST-A1-06,2024-11-17,38.0,3.0,5,11,2
PHC-DST-A1-06,2024-11-18,111.0,8.0,6,11,2
PHC-DST-A1-06,2024-11-19,98.0,6.0,5,8,4
PHC-DST-A1-06,2024-11-20,91.0,4.0,5,10,2
PHC-DST-A1-06,2024-11-21,79.0,4.0,4,10,2
PHC-DST-A1-06,2024-11-22,84.0,8.0,3,11,1
PHC-DST-A1-06,2024-11-23,83.0,1.0,6,10,1
PHC-DST-A1-06,2024-11-24,36.0,4.0,4,8,1
PHC-DST-A1-06,2024-11-25,100.0,3.0,3,7,4
PHC-DST-A1-06,2024-11-26,94.0,0.0,4,9,0
PHC-DST-A1-06,2024-11-27,92.0,4.0,5,9,2
PHC-DST-A1-06,2024-11-28,86.0,4.0,8,12,2
PHC-DST-A1-06,2024-11-29,89.0,2.0,3,12,1
PHC-DST-A1-06,2024-11-30,71.0,1.0,5,9,0
PHC-DST-A1-06,2024-12-01,35.0,2.0,7,7,1
PHC-DST-A1-06,2024-12-02,109.0,3.0,6,10,2
PHC-DST-A1-06,2024-12-03,96.0,3.0,8,11,4
PHC-DST-A1-06,2024-12-04,89.0,1.0,6,9,3
PHC-DST-A1-06,2024-12-05,89.0,5.0,5,11,1
PHC-DST-A1-06,2024-12-06,92.0,3.0,4,12,4
PHC-DST-A1-06,2024-12-07,73.0,1.0,3,10,3
PHC-DST-A1-06,2024-12-08,36.0,1.0,4,10,3
PHC-DST-A1-06,2024-12-09,101.0,2.0,4,9,8
PHC-DST-A1-06,2024-12-10,93.0,2.0,5,11,4
PHC-DST-A1-06,2024-12-11,91.0,5.0,4,10,1
PHC-DST-A1-06,2024-12-12,75.0,3.0,6,7,0
PHC-DST-A1-06,2024-12-13,,7.0,6,7,3
PHC-DST-A1-06,2024-12-14,81.0,4.0,6,12,3
PHC-DST-A1-06,2024-12-15,39.0,4.0,5,9,2
PHC-DST-A1-06,2024-12-16,101.0,1.0,4,10,2
PHC-DST-A1-06,2024-12-17,101.0,8.0,7,9,2
PHC-DST-A1-06,2024-12-18,91.0,0.0,5,12,0
PHC-DST-A1-06,2024-12-19,88.0,,6,10,1
PHC-DST-A1-06,2024-12-20,95.0,3.0,5,8,1
PHC-DST-A1-06,2024-12-21,75.0,,2,10,2
PHC-DST-A1-06,2024-12-22,33.0,5.0,2,10,5
PHC-DST-A1-06,2024-12-23,108.0,3.0,6,11,2
PHC-DST-A1-06,2024-12-24,96.0,3.0,5,9,3
PHC-DST-A1-06,2024-12-25,81.0,2.0,4,5,2
PHC-DST-A1-06,2024-12-26,83.0,2.0,3,11,3
PHC-DST-A1-06,2024-12-27,89.0,1.0,5,8,3
PHC-DST-A1-06,2024-12-28,80.0,3.0,4,15,3
PHC-DST-A1-06,2024-12-29,31.0,3.0,2,7,1
PHC-DST-A1-06,2024-12-30,106.0,2.0,5,9,0
PHC-DST-A1-06,2024-12-31,97.0,4.0,6,12,0
PHC-DST-A1-06,2025-01-01,88.0,1.0,5,9,2
PHC-DST-A1-06,2025-01-02,86.0,2.0,6,8,3
PHC-DST-A1-06,2025-01-03,88.0,4.0,5,8,4
PHC-DST-A1-06,2025-01-04,80.0,3.0,4,11,1
PHC-DST-A1-06,2025-01-05,34.0,3.0,4,8,0
PHC-DST-A1-06,2025-01-06,107.0,3.0,5,10,1
PHC-DST-A1-06,2025-01-07,94.0,4.0,5,8,1
PHC-DST-A1-06,2025-01-08,92.0,6.0,5,13,2
PHC-DST-A1-06,2025-01-09,90.0,3.0,4,12,1
PHC-DST-A1-06,2025-01-10,87.0,3.0,5,7,6
PHC-DST-A1-06,2025-01-11,79.0,2.0,7,9,1
PHC-DST-A1-06,2025-01-12,39.0,1.0,5,11,3
PHC-DST-A1-06,2025-01-13,107.0,2.0,4,13,1
PHC-DST-A1-06,2025-01-14,100.0,4.0,4,12,4
PHC-DST-A1-06,2025-01-15,94.0,6.0,4,10,0
PHC-DST-A1-06,2025-01-16,81.0,1.0,3,9,0
PHC-DST-A1-06,2025-01-17,87.0,3.0,3,9,2
PHC-DST-A1-06,2025-01-18,79.0,2.0,6,12,5
PHC-DST-A1-06,2025-01-19,37.0,,5,13,1
PHC-DST-A1-06,2025-01-20,111.0,2.0,5,9,4
PHC-DST-A1-06,2025-01-21,96.0,4.0,5,12,3
PHC-DST-A1-06,2025-01-22,88.0,5.0,5,6,2
PHC-DST-A1-06,2025-01-23,84.0,4.0,6,10,1
PHC-DST-A1-06,2025-01-24,93.0,6.0,5,10,0
PHC-DST-A1-06,2025-01-25,88.0,6.0,6,10,2
PHC-DST-A1-06,2025-01-26,39.0,3.0,6,6,2
PHC-DST-A1-06,2025-01-27,102.0,5.0,3,10,1
PHC-DST-A1-06,2025-01-28,95.0,3.0,3,13,3
PHC-DST-A1-06,2025-01-29,93.0,3.0,6,9,3
PHC-DST-A1-06,2025-01-30,81.0,9.0,2,7,2
PHC-DST-A1-06,2025-01-31,88.0,3.0,6,10,0
PHC-DST-A1-06,2025-02-01,83.0,5.0,4,11,1
PHC-DST-A1-06,2025-02-02,36.0,1.0,6,10,3
PHC-DST-A1-06,2025-02-03,102.0,1.0,5,10,2
PHC-DST-A1-06,2025-02-04,96.0,2.0,5,11,2
PHC-DST-A1-06,2025-02-05,91.0,5.0,4,12,3
PHC-DST-A1-06,2025-02-06,83.0,2.0,5,10,0
PHC-DST-A1-06,2025-02-07,89.0,4.0,3,14,0
PHC-DST-A1-06,2025-02-08,74.0,2.0,5,11,5
PHC-DST-A1-06,2025-02-09,29.0,3.0,5,6,2
PHC-DST-A1-06,2025-02-10,103.0,1.0,5,10,4
PHC-DST-A1-06,2025-02-11,99.0,3.0,6,11,2
PHC-DST-A1-06,2025-02-12,93.0,2.0,5,10,2
PHC-DST-A1-06,2025-02-13,81.0,2.0,5,7,2
PHC-DST-A1-06,2025-02-14,89.0,2.0,4,10,4
PHC-DST-A1-06,2025-02-15,75.0,3.0,7,7,1
PHC-DST-A1-06,2025-02-16,37.0,2.0,6,9,1
PHC-DST-A1-06,2025-02-17,103.0,3.0,6,8,2
PHC-DST-A1-06,2025-02-18,105.0,3.0,6,12,1
PHC-DST-A1-06,2025-02-19,90.0,4.0,5,9,3
PHC-DST-A1-06,2025-02-20,84.0,2.0,5,10,0
PHC-DST-A1-06,2025-02-21,93.0,4.0,6,11,0
PHC-DST-A1-06,2025-02-22,75.0,3.0,5,10,1
PHC-DST-A1-06,2025-02-23,40.0,4.0,4,10,1
PHC-DST-A1-06,2025-02-24,103.0,2.0,4,8,2
PHC-DST-A1-06,2025-02-25,92.0,3.0,4,9,1
PHC-DST-A1-06,2025-02-26,90.0,4.0,5,9,1
PHC-DST-A1-06,2025-02-27,79.0,0.0,6,8,2
PHC-DST-A1-06,2025-02-28,87.0,5.0,4,10,5
PHC-DST-A1-06,2025-03-01,75.0,5.0,4,10,4
PHC-DST-A1-06,2025-03-02,30.0,4.0,3,8,4
PHC-DST-A1-06,2025-03-03,100.0,1.0,3,9,0
PHC-DST-A1-06,2025-03-04,88.0,3.0,5,6,2
PHC-DST-A1-06,2025-03-05,90.0,1.0,5,10,5
PHC-DST-A1-06,2025-03-06,87.0,4.0,4,11,0
PHC-DST-A1-06,2025-03-07,88.0,2.0,4,10,1
PHC-DST-A1-06,2025-03-08,78.0,2.0,5,10,1
PHC-DST-A1-06,2025-03-09,36.0,5.0,4,11,3
PHC-DST-A1-06,2025-03-10,103.0,1.0,3,10,3
PHC-DST-A1-06,2025-03-11,91.0,2.0,5,10,4
PHC-DST-A1-06,2025-03-12,94.0,1.0,5,14,0
PHC-DST-A1-06,2025-03-13,83.0,1.0,5,10,0
PHC-DST-A1-06,2025-03-14,89.0,2.0,5,10,2
PHC-DST-A1-06,2025-03-15,84.0,2.0,4,12,1
PHC-DST-A1-06,2025-03-16,38.0,0.0,8,8,0
PHC-DST-A1-06,2025-03-17,99.0,5.0,3,9,1
PHC-DST-A1-06,2025-03-18,98.0,2.0,5,10,1
PHC-DST-A1-06,2025-03-19,90.0,2.0,4,9,1
PHC-DST-A1-06,2025-03-20,89.0,2.0,6,8,4
PHC-DST-A1-06,2025-03-21,84.0,1.0,3,10,2
PHC-DST-A1-06,2025-03-22,78.0,2.0,6,8,4
PHC-DST-A1-06,2025-03-23,38.0,1.0,5,9,4
PHC-DST-A1-06,2025-03-24,98.0,0.0,6,6,1
PHC-DST-A1-06,2025-03-25,92.0,6.0,3,8,1
PHC-DST-A1-06,2025-03-26,92.0,3.0,3,9,2
PHC-DST-A1-06,2025-03-27,79.0,3.0,4,7,4
PHC-DST-A1-06,2025-03-28,87.0,1.0,5,10,6
PHC-DST-A1-06,2025-03-29,78.0,5.0,6,11,2
PHC-DST-A1-06,2025-03-30,39.0,2.0,4,8,7
PHC-DST-A1-06,2025-03-31,105.0,3.0,4,10,1
PHC-DST-A1-06,2025-04-01,97.0,4.0,6,7,0
PHC-DST-A1-06,2025-04-02,81.0,2.0,3,6,1
PHC-DST-A1-06,2025-04-03,86.0,5.0,4,9,1
PHC-DST-A1-06,2025-04-04,89.0,3.0,7,9,0
PHC-DST-A1-06,2025-04-05,78.0,6.0,7,10,2
PHC-DST-A1-06,2025-04-06,40.0,4.0,4,13,5
PHC-DST-A1-06,2025-04-07,99.0,1.0,2,7,2
PHC-DST-A1-06,2025-04-08,101.0,4.0,6,11,1
PHC-DST-A1-06,2025-04-09,86.0,3.0,3,9,2
PHC-DST-A1-06,2025-04-10,85.0,2.0,4,9,2
PHC-DST-A1-06,2025-04-11,87.0,3.0,2,9,2
PHC-DST-A1-06,2025-04-12,79.0,3.0,7,13,0
PHC-DST-A1-06,2025-04-13,35.0,1.0,7,7,1
PHC-DST-A1-06,2025-04-14,103.0,5.0,4,7,3
PHC-DST-A1-06,2025-04-15,101.0,5.0,5,12,3
PHC-DST-A1-06,2025-04-16,88.0,3.0,4,12,0
PHC-DST-A1-06,2025-04-17,89.0,2.0,5,11,4
PHC-DST-A1-06,2025-04-18,93.0,3.0,5,11,1
PHC-DST-A1-06,2025-04-19,76.0,4.0,6,11,4
PHC-DST-A1-06,2025-04-20,44.0,3.0,7,13,4
PHC-DST-A1-06,2025-04-21,104.0,6.0,4,9,2
PHC-DST-A1-06,2025-04-22,92.0,2.0,6,7,1
PHC-DST-A1-06,2025-04-23,88.0,1.0,5,11,4
PHC-DST-A1-06,2025-04-24,87.0,5.0,4,11,5
PHC-DST-A1-06,2025-04-25,85.0,7.0,4,8,2
PHC-DST-A1-06,2025-04-26,76.0,2.0,6,10,1
PHC-DST-A1-06,2025-04-27,38.0,2.0,5,11,2
PHC-DST-A1-06,2025-04-28,100.0,4.0,4,10,1
PHC-DST-A1-06,2025-04-29,96.0,2.0,5,10,1
PHC-DST-A1-06,2025-04-30,87.0,4.0,6,9,3
PHC-DST-A1-06,2025-05-01,84.0,3.0,4,12,3
PHC-DST-A1-06,2025-05-02,90.0,2.0,5,8,5
PHC-DST-A1-06,2025-05-03,75.0,,7,7,0
PHC-DST-A1-06,2025-05-04,34.0,4.0,6,7,2
PHC-DST-A1-06,2025-05-05,103.0,3.0,6,7,2
PHC-DST-A1-06,2025-05-06,94.0,5.0,4,11,3
PHC-DST-A1-06,2025-05-07,88.0,3.0,3,8,2
PHC-DST-A1-06,2025-05-08,84.0,3.0,5,7,4
PHC-DST-A1-06,2025-05-09,91.0,2.0,5,11,0
PHC-DST-A1-06,2025-05-10,71.0,2.0,5,7,0
PHC-DST-A1-06,2025-05-11,36.0,5.0,4,10,0
PHC-DST-A1-06,2025-05-12,102.0,0.0,3,10,2
PHC-DST-A1-06,2025-05-13,98.0,5.0,4,9,2
PHC-DST-A1-06,2025-05-14,88.0,3.0,4,8,1
PHC-DST-A1-06,2025-05-15,85.0,6.0,5,12,2
PHC-DST-A1-06,2025-05-16,89.0,2.0,5,7,2
PHC-DST-A1-06,2025-05-17,82.0,3.0,6,12,2
PHC-DST-A1-06,2025-05-18,34.0,4.0,3,11,0
PHC-DST-A1-06,2025-05-19,101.0,0.0,5,9,0
PHC-DST-A1-06,2025-05-20,98.0,4.0,5,8,2
PHC-DST-A1-06,2025-05-21,86.0,1.0,5,9,1
PHC-DST-A1-06,2025-05-22,86.0,4.0,4,12,2
PHC-DST-A1-06,2025-05-23,97.0,3.0,4,12,1
PHC-DST-A1-06,2025-05-24,78.0,4.0,6,13,1
PHC-DST-A1-06,2025-05-25,36.0,0.0,4,10,1
PHC-DST-A1-06,2025-05-26,99.0,2.0,4,10,3
PHC-DST-A1-06,2025-05-27,94.0,2.0,5,8,1
PHC-DST-A1-06,2025-05-28,87.0,1.0,7,7,3
PHC-DST-A1-06,2025-05-29,,4.0,6,10,2
PHC-DST-A1-06,2025-05-30,92.0,4.0,4,11,1
PHC-DST-A1-06,2025-05-31,78.0,1.0,4,11,1
PHC-DST-A1-06,2025-06-01,39.0,4.0,3,14,3
PHC-DST-A1-06,2025-06-02,103.0,0.0,6,11,1
PHC-DST-A1-06,2025-06-03,98.0,2.0,5,13,1
PHC-DST-A1-06,2025-06-04,88.0,2.0,3,6,1
PHC-DST-A1-06,2025-06-05,83.0,,4,10,3
PHC-DST-A1-06,2025-06-06,90.0,5.0,4,9,0
PHC-DST-A1-06,2025-06-07,73.0,5.0,5,6,2
PHC-DST-A1-06,2025-06-08,36.0,4.0,4,10,4
PHC-DST-A1-06,2025-06-09,101.0,6.0,6,9,0
PHC-DST-A1-06,2025-06-10,91.0,4.0,4,8,7
PHC-DST-A1-06,2025-06-11,94.0,3.0,5,12,6
PHC-DST-A1-06,2025-06-12,80.0,3.0,4,8,0
PHC-DST-A1-06,2025-06-13,93.0,9.0,6,11,2
PHC-DST-A1-06,2025-06-14,84.0,4.0,4,12,1
PHC-DST-A1-06,2025-06-15,29.0,1.0,5,10,0
PHC-DST-A1-06,2025-06-16,113.0,3.0,8,13,5
PHC-DST-A1-06,2025-06-17,99.0,2.0,2,12,1
PHC-DST-A1-06,2025-06-18,93.0,2.0,5,9,7
PHC-DST-A1-06,2025-06-19,84.0,4.0,6,9,2
PHC-DST-A1-06,2025-06-20,88.0,4.0,5,9,2
PHC-DST-A1-06,2025-06-21,71.0,6.0,3,6,1
PHC-DST-A1-06,2025-06-22,33.0,5.0,4,10,2
PHC-DST-A1-06,2025-06-23,105.0,7.0,4,10,3
PHC-DST-A1-06,2025-06-24,98.0,3.0,5,11,2
PHC-DST-A1-06,2025-06-25,86.0,3.0,7,6,2
PHC-DST-A1-06,2025-06-26,85.0,5.0,6,10,4
PHC-DST-A1-06,2025-06-27,93.0,5.0,6,6,1
PHC-DST-A1-06,2025-06-28,80.0,5.0,5,8,2
PHC-DST-A1-06,2025-06-29,39.0,4.0,5,12,2
PHC-DST-A1-06,2025-06-30,100.0,5.0,6,5,3
PHC-DST-A2-01,2024-01-01,134.0,3.0,7,9,2
PHC-DST-A2-01,2024-01-02,119.0,6.0,7,10,5
PHC-DST-A2-01,2024-01-03,114.0,9.0,6,16,0
PHC-DST-A2-01,2024-01-04,104.0,1.0,8,11,1
PHC-DST-A2-01,2024-01-05,107.0,5.0,5,13,2
PHC-DST-A2-01,2024-01-06,100.0,4.0,8,14,4
PHC-DST-A2-01,2024-01-07,44.0,5.0,6,11,4
PHC-DST-A2-01,2024-01-08,133.0,5.0,4,14,2
PHC-DST-A2-01,2024-01-09,116.0,3.0,4,11,7
PHC-DST-A2-01,2024-01-10,108.0,5.0,5,11,7
PHC-DST-A2-01,2024-01-11,104.0,3.0,6,12,0
PHC-DST-A2-01,2024-01-12,112.0,5.0,5,11,4
PHC-DST-A2-01,2024-01-13,98.0,5.0,6,11,3
PHC-DST-A2-01,2024-01-14,48.0,4.0,6,14,4
PHC-DST-A2-01,2024-01-15,128.0,7.0,6,11,4
PHC-DST-A2-01,2024-01-16,125.0,5.0,6,10,6
PHC-DST-A2-01,2024-01-17,113.0,3.0,7,15,4
PHC-DST-A2-01,2024-01-18,102.0,3.0,7,13,0
PHC-DST-A2-01,2024-01-19,107.0,6.0,5,12,3
PHC-DST-A2-01,2024-01-20,97.0,6.0,7,13,2
PHC-DST-A2-01,2024-01-21,46.0,4.0,4,12,2
PHC-DST-A2-01,2024-01-22,131.0,2.0,5,13,3
PHC-DST-A2-01,2024-01-23,124.0,4.0,5,15,2
PHC-DST-A2-01,2024-01-24,106.0,1.0,5,13,4
PHC-DST-A2-01,2024-01-25,99.0,7.0,6,8,2
PHC-DST-A2-01,2024-01-26,111.0,3.0,6,11,2
PHC-DST-A2-01,2024-01-27,96.0,1.0,6,15,0
PHC-DST-A2-01,2024-01-28,47.0,3.0,8,11,4
PHC-DST-A2-01,2024-01-29,126.0,2.0,4,10,4
PHC-DST-A2-01,2024-01-30,118.0,5.0,6,13,0
PHC-DST-A2-01,2024-01-31,113.0,4.0,6,12,1
PHC-DST-A2-01,2024-02-01,103.0,7.0,7,13,5
PHC-DST-A2-01,2024-02-02,114.0,3.0,5,13,4
PHC-DST-A2-01,2024-02-03,97.0,1.0,7,13,2
PHC-DST-A2-01,2024-02-04,53.0,1.0,7,12,1
PHC-DST-A2-01,2024-02-05,127.0,1.0,6,15,3
PHC-DST-A2-01,2024-02-06,122.0,2.0,7,11,0
PHC-DST-A2-01,2024-02-07,116.0,1.0,6,14,2
PHC-DST-A2-01,2024-02-08,104.0,3.0,5,11,1
PHC-DST-A2-01,2024-02-09,110.0,7.0,8,11,4
PHC-DST-A2-01,2024-02-10,107.0,6.0,9,15,2
PHC-DST-A2-01,2024-02-11,47.0,4.0,7,10,1
PHC-DST-A2-01,2024-02-12,127.0,3.0,6,15,1
PHC-DST-A2-01,2024-02-13,125.0,9.0,8,13,2
PHC-DST-A2-01,2024-02-14,107.0,3.0,6,14,6
PHC-DST-A2-01,2024-02-15,100.0,3.0,7,12,2
PHC-DST-A2-01,2024-02-16,104.0,4.0,5,10,4
PHC-DST-A2-01,2024-02-17,96.0,7.0,6,11,1
PHC-DST-A2-01,2024-02-18,53.0,3.0,8,12,2
PHC-DST-A2-01,2024-02-19,130.0,8.0,3,11,2
PHC-DST-A2-01,2024-02-20,119.0,,7,10,1
PHC-DST-A2-01,2024-02-21,110.0,3.0,9,13,2
PHC-DST-A2-01,2024-02-22,103.0,7.0,4,13,3
PHC-DST-A2-01,2024-02-23,112.0,4.0,9,12,2
PHC-DST-A2-01,2024-02-24,97.0,5.0,7,13,1
PHC-DST-A2-01,2024-02-25,46.0,3.0,7,15,3
PHC-DST-A2-01,2024-02-26,136.0,3.0,8,14,2
PHC-DST-A2-01,2024-02-27,117.0,6.0,7,11,5
PHC-DST-A2-01,2024-02-28,,4.0,7,14,4
PHC-DST-A2-01,2024-02-29,107.0,1.0,7,14,5
PHC-DST-A2-01,2024-03-01,116.0,3.0,6,13,5
PHC-DST-A2-01,2024-03-02,98.0,5.0,8,15,3
PHC-DST-A2-01,2024-03-03,45.0,3.0,7,10,4
PHC-DST-A2-01,2024-03-04,126.0,3.0,5,12,5
PHC-DST-A2-01,2024-03-05,124.0,2.0,5,15,1
PHC-DST-A2-01,2024-03-06,118.0,1.0,5,15,2
PHC-DST-A2-01,2024-03-07,110.0,4.0,6,15,3
PHC-DST-A2-01,2024-03-08,110.0,3.0,6,11,1
PHC-DST-A2-01,2024-03-09,97.0,5.0,5,10,3
PHC-DST-A2-01,2024-03-10,49.0,6.0,6,16,3
PHC-DST-A2-01,2024-03-11,126.0,6.0,5,11,5
PHC-DST-A2-01,2024-03-12,115.0,9.0,5,13,4
PHC-DST-A2-01,2024-03-13,114.0,8.0,5,13,4
PHC-DST-A2-01,2024-03-14,108.0,3.0,6,13,2
PHC-DST-A2-01,2024-03-15,116.0,3.0,6,13,4
PHC-DST-A2-01,2024-03-16,99.0,3.0,5,11,2
PHC-DST-A2-01,2024-03-17,50.0,1.0,9,14,2
PHC-DST-A2-01,2024-03-18,125.0,,4,9,3
PHC-DST-A2-01,2024-03-19,123.0,3.0,5,15,5
PHC-DST-A2-01,2024-03-20,109.0,6.0,6,9,5
PHC-DST-A2-01,2024-03-21,105.0,8.0,5,10,3
PHC-DST-A2-01,2024-03-22,110.0,2.0,7,11,1
PHC-DST-A2-01,2024-03-23,101.0,4.0,6,14,1
PHC-DST-A2-01,2024-03-24,51.0,4.0,6,12,2
PHC-DST-A2-01,2024-03-25,136.0,3.0,6,11,4
PHC-DST-A2-01,2024-03-26,123.0,5.0,6,15,4
PHC-DST-A2-01,2024-03-27,115.0,5.0,6,14,2
PHC-DST-A2-01,2024-03-28,105.0,5.0,5,11,2
PHC-DST-A2-01,2024-03-29,110.0,4.0,7,11,3
PHC-DST-A2-01,2024-03-30,99.0,5.0,7,15,4
PHC-DST-A2-01,2024-03-31,44.0,2.0,6,10,2
PHC-DST-A2-01,2024-04-01,128.0,4.0,7,8,2
PHC-DST-A2-01,2024-04-02,115.0,6.0,5,12,1
PHC-DST-A2-01,2024-04-03,106.0,,7,13,7
PHC-DST-A2-01,2024-04-04,,3.0,6,10,3
PHC-DST-A2-01,2024-04-05,103.0,4.0,6,8,2
PHC-DST-A2-01,2024-04-06,93.0,5.0,6,12,4
PHC-DST-A2-01,2024-04-07,38.0,3.0,5,13,3
PHC-DST-A2-01,2024-04-08,128.0,4.0,9,12,5
PHC-DST-A2-01,2024-04-09,129.0,4.0,7,12,3
PHC-DST-A2-01,2024-04-10,108.0,5.0,5,11,1
PHC-DST-A2-01,2024-04-11,104.0,4.0,5,14,2
PHC-DST-A2-01,2024-04-12,111.0,5.0,6,14,2
PHC-DST-A2-01,2024-04-13,95.0,9.0,3,13,4
PHC-DST-A2-01,2024-04-14,45.0,6.0,4,12,2
PHC-DST-A2-01,2024-04-15,128.0,6.0,7,14,3
PHC-DST-A2-01,2024-04-16,119.0,5.0,5,10,5
PHC-DST-A2-01,2024-04-17,111.0,5.0,4,12,4
PHC-DST-A2-01,2024-04-18,105.0,7.0,6,12,0
PHC-DST-A2-01,2024-04-19,112.0,4.0,8,12,2
PHC-DST-A2-01,2024-04-20,,6.0,6,14,3
PHC-DST-A2-01,2024-04-21,46.0,8.0,5,12,3
PHC-DST-A2-01,2024-04-22,127.0,3.0,5,11,2
PHC-DST-A2-01,2024-04-23,119.0,4.0,5,14,4
PHC-DST-A2-01,2024-04-24,108.0,5.0,5,13,0
PHC-DST-A2-01,2024-04-25,102.0,4.0,6,10,5
PHC-DST-A2-01,2024-04-26,106.0,3.0,4,10,0
PHC-DST-A2-01,2024-04-27,102.0,6.0,6,14,1
PHC-DST-A2-01,2024-04-28,42.0,6.0,6,13,8
PHC-DST-A2-01,2024-04-29,130.0,5.0,7,15,4
PHC-DST-A2-01,2024-04-30,118.0,6.0,5,13,4
PHC-DST-A2-01,2024-05-01,102.0,2.0,6,6,5
PHC-DST-A2-01,2024-05-02,110.0,4.0,6,15,5
PHC-DST-A2-01,2024-05-03,109.0,0.0,8,11,1
PHC-DST-A2-01,2024-05-04,95.0,6.0,7,8,3
PHC-DST-A2-01,2024-05-05,48.0,3.0,6,11,1
PHC-DST-A2-01,2024-05-06,127.0,1.0,6,13,3
PHC-DST-A2-01,2024-05-07,120.0,3.0,6,14,2
PHC-DST-A2-01,2024-05-08,116.0,4.0,7,15,0
PHC-DST-A2-01,2024-05-09,100.0,2.0,5,9,1
PHC-DST-A2-01,2024-05-10,114.0,3.0,8,13,2
PHC-DST-A2-01,2024-05-11,92.0,4.0,6,9,0
PHC-DST-A2-01,2024-05-12,44.0,1.0,7,14,4
PHC-DST-A2-01,2024-05-13,123.0,5.0,6,9,4
PHC-DST-A2-01,2024-05-14,123.0,6.0,9,13,4
PHC-DST-A2-01,2024-05-15,106.0,5.0,6,8,3
PHC-DST-A2-01,2024-05-16,101.0,5.0,6,10,3
PHC-DST-A2-01,2024-05-17,105.0,4.0,7,11,2
PHC-DST-A2-01,2024-05-18,96.0,1.0,8,11,3
PHC-DST-A2-01,2024-05-19,52.0,4.0,8,15,1
PHC-DST-A2-01,2024-05-20,129.0,7.0,7,10,1
PHC-DST-A2-01,2024-05-21,122.0,2.0,7,13,2
PHC-DST-A2-01,2024-05-22,109.0,,4,15,2
PHC-DST-A2-01,2024-05-23,109.0,3.0,9,13,4
PHC-DST-A2-01,2024-05-24,113.0,1.0,5,14,2
PHC-DST-A2-01,2024-05-25,98.0,3.0,6,14,2
PHC-DST-A2-01,2024-05-26,47.0,9.0,5,10,3
PHC-DST-A2-01,2024-05-27,137.0,4.0,8,14,4
PHC-DST-A2-01,2024-05-28,120.0,3.0,7,14,0
PHC-DST-A2-01,2024-05-29,115.0,7.0,6,16,2
PHC-DST-A2-01,2024-05-30,108.0,4.0,5,12,1
PHC-DST-A2-01,2024-05-31,,8.0,7,14,3
PHC-DST-A2-01,2024-06-01,89.0,4.0,7,11,2
PHC-DST-A2-01,2024-06-02,54.0,5.0,8,16,0
PHC-DST-A2-01,2024-06-03,120.0,1.0,6,10,2
PHC-DST-A2-01,2024-06-04,120.0,2.0,8,10,1
PHC-DST-A2-01,2024-06-05,111.0,9.0,7,10,2
PHC-DST-A2-01,2024-06-06,103.0,4.0,6,14,1
PHC-DST-A2-01,2024-06-07,106.0,6.0,5,9,0
PHC-DST-A2-01,2024-06-08,99.0,4.0,6,15,2
PHC-DST-A2-01,2024-06-09,47.0,5.0,6,11,1
PHC-DST-A2-01,2024-06-10,132.0,7.0,6,12,1
PHC-DST-A2-01,2024-06-11,117.0,5.0,8,12,3
PHC-DST-A2-01,2024-06-12,109.0,1.0,8,13,4
PHC-DST-A2-01,2024-06-13,109.0,8.0,5,16,4
PHC-DST-A2-01,2024-06-14,110.0,7.0,7,12,0
PHC-DST-A2-01,2024-06-15,98.0,5.0,6,12,2
PHC-DST-A2-01,2024-06-16,44.0,6.0,6,11,1
PHC-DST-A2-01,2024-06-17,128.0,3.0,6,13,1
PHC-DST-A2-01,2024-06-18,120.0,5.0,6,15,2
PHC-DST-A2-01,2024-06-19,,5.0,7,12,2
PHC-DST-A2-01,2024-06-20,108.0,4.0,6,14,3
PHC-DST-A2-01,2024-06-21,104.0,4.0,6,10,2
PHC-DST-A2-01,2024-06-22,101.0,3.0,5,14,1
PHC-DST-A2-01,2024-06-23,51.0,2.0,9,15,0
PHC-DST-A2-01,2024-06-24,130.0,6.0,6,11,4
PHC-DST-A2-01,2024-06-25,122.0,4.0,6,16,0
PHC-DST-A2-01,2024-06-26,119.0,3.0,6,14,0
PHC-DST-A2-01,2024-06-27,100.0,8.0,4,8,1
PHC-DST-A2-01,2024-06-28,109.0,3.0,6,11,3
PHC-DST-A2-01,2024-06-29,96.0,2.0,6,16,3
PHC-DST-A2-01,2024-06-30,52.0,5.0,7,14,1
PHC-DST-A2-01,2024-07-01,126.0,4.0,4,13,3
PHC-DST-A2-01,2024-07-02,125.0,3.0,8,13,2
PHC-DST-A2-01,2024-07-03,114.0,4.0,5,14,0
PHC-DST-A2-01,2024-07-04,106.0,5.0,7,11,4
PHC-DST-A2-01,2024-07-05,113.0,2.0,3,13,1
PHC-DST-A2-01,2024-07-06,96.0,3.0,6,15,1
PHC-DST-A2-01,2024-07-07,54.0,2.0,19,14,5
PHC-DST-A2-01,2024-07-08,139.0,3.0,16,16,3
PHC-DST-A2-01,2024-07-09,119.0,1.0,6,11,1
PHC-DST-A2-01,2024-07-10,114.0,3.0,4,14,3
PHC-DST-A2-01,2024-07-11,110.0,7.0,7,13,4
PHC-DST-A2-01,2024-07-12,114.0,3.0,5,13,4
PHC-DST-A2-01,2024-07-13,125.0,3.0,22,33,1
PHC-DST-A2-01,2024-07-14,65.0,6.0,19,29,4
PHC-DST-A2-01,2024-07-15,122.0,2.0,7,10,1
PHC-DST-A2-01,2024-07-16,123.0,3.0,19,14,1
PHC-DST-A2-01,2024-07-17,121.0,3.0,19,14,1
PHC-DST-A2-01,2024-07-18,102.0,5.0,6,12,2
PHC-DST-A2-01,2024-07-19,122.0,2.0,7,27,2
PHC-DST-A2-01,2024-07-20,102.0,3.0,16,11,4
PHC-DST-A2-01,2024-07-21,48.0,3.0,15,11,1
PHC-DST-A2-01,2024-07-22,144.0,3.0,5,27,3
PHC-DST-A2-01,2024-07-23,129.0,1.0,18,15,0
PHC-DST-A2-01,2024-07-24,120.0,1.0,23,10,3
PHC-DST-A2-01,2024-07-25,105.0,4.0,5,12,0
PHC-DST-A2-01,2024-07-26,120.0,5.0,5,24,0
PHC-DST-A2-01,2024-07-27,95.0,4.0,7,11,3
PHC-DST-A2-01,2024-07-28,45.0,3.0,5,9,1
PHC-DST-A2-01,2024-07-29,141.0,9.0,5,34,4
PHC-DST-A2-01,2024-07-30,124.0,10.0,7,15,6
PHC-DST-A2-01,2024-07-31,110.0,4.0,9,12,2
PHC-DST-A2-01,2024-08-01,110.0,7.0,7,14,0
PHC-DST-A2-01,2024-08-02,111.0,7.0,14,8,4
PHC-DST-A2-01,2024-08-03,104.0,3.0,19,14,7
PHC-DST-A2-01,2024-08-04,52.0,6.0,17,10,0
PHC-DST-A2-01,2024-08-05,127.0,11.0,8,12,3
PHC-DST-A2-01,2024-08-06,127.0,3.0,20,12,4
PHC-DST-A2-01,2024-08-07,115.0,1.0,20,14,3
PHC-DST-A2-01,2024-08-08,122.0,2.0,8,29,3
PHC-DST-A2-01,2024-08-09,129.0,5.0,5,33,3
PHC-DST-A2-01,2024-08-10,100.0,1.0,8,13,5
PHC-DST-A2-01,2024-08-11,57.0,3.0,5,30,2
PHC-DST-A2-01,2024-08-12,148.0,4.0,3,34,3
PHC-DST-A2-01,2024-08-13,121.0,3.0,7,15,1
PHC-DST-A2-01,2024-08-14,113.0,3.0,6,15,6
PHC-DST-A2-01,2024-08-15,104.0,4.0,5,13,0
PHC-DST-A2-01,2024-08-16,119.0,4.0,17,13,4
PHC-DST-A2-01,2024-08-17,100.0,2.0,13,13,4
PHC-DST-A2-01,2024-08-18,54.0,0.0,13,15,3
PHC-DST-A2-01,2024-08-19,150.0,10.0,20,24,2
PHC-DST-A2-01,2024-08-20,120.0,5.0,14,14,5
PHC-DST-A2-01,2024-08-21,109.0,3.0,8,13,2
PHC-DST-A2-01,2024-08-22,116.0,1.0,6,31,4
PHC-DST-A2-01,2024-08-23,118.0,5.0,7,21,2
PHC-DST-A2-01,2024-08-24,101.0,2.0,17,13,1
PHC-DST-A2-01,2024-08-25,66.0,8.0,17,31,3
PHC-DST-A2-01,2024-08-26,120.0,2.0,5,10,3
PHC-DST-A2-01,2024-08-27,131.0,1.0,6,22,3
PHC-DST-A2-01,2024-08-28,113.0,2.0,6,12,0
PHC-DST-A2-01,2024-08-29,105.0,7.0,6,11,3
PHC-DST-A2-01,2024-08-30,132.0,3.0,18,33,1
PHC-DST-A2-01,2024-08-31,98.0,2.0,15,12,1
PHC-DST-A2-01,2024-09-01,,2.0,15,15,2
PHC-DST-A2-01,2024-09-02,137.0,2.0,15,14,0
PHC-DST-A2-01,2024-09-03,125.0,6.0,6,15,3
PHC-DST-A2-01,2024-09-04,113.0,5.0,6,14,7
PHC-DST-A2-01,2024-09-05,121.0,3.0,8,28,0
PHC-DST-A2-01,2024-09-06,112.0,3.0,6,11,4
PHC-DST-A2-01,2024-09-07,107.0,3.0,5,29,3
PHC-DST-A2-01,2024-09-08,44.0,5.0,4,14,2
PHC-DST-A2-01,2024-09-09,132.0,2.0,14,10,1
PHC-DST-A2-01,2024-09-10,128.0,3.0,20,11,2
PHC-DST-A2-01,2024-09-11,115.0,1.0,16,11,3
PHC-DST-A2-01,2024-09-12,117.0,1.0,18,16,1
PHC-DST-A2-01,2024-09-13,113.0,1.0,16,10,5
PHC-DST-A2-01,2024-09-14,112.0,3.0,15,21,2
PHC-DST-A2-01,2024-09-15,63.0,4.0,18,25,0
PHC-DST-A2-01,2024-09-16,158.0,6.0,21,36,5
PHC-DST-A2-01,2024-09-17,119.0,3.0,5,9,2
PHC-DST-A2-01,2024-09-18,121.0,4.0,7,27,6
PHC-DST-A2-01,2024-09-19,126.0,,7,34,4
PHC-DST-A2-01,2024-09-20,,2.0,4,29,2
PHC-DST-A2-01,2024-09-21,115.0,2.0,6,36,2
PHC-DST-A2-01,2024-09-22,40.0,6.0,4,11,1
PHC-DST-A2-01,2024-09-23,148.0,2.0,6,31,3
PHC-DST-A2-01,2024-09-24,115.0,4.0,5,13,2
PHC-DST-A2-01,2024-09-25,107.0,7.0,7,11,1
PHC-DST-A2-01,2024-09-26,110.0,1.0,6,13,4
PHC-DST-A2-01,2024-09-27,116.0,2.0,21,12,2
PHC-DST-A2-01,2024-09-28,112.0,6.0,21,13,4
PHC-DST-A2-01,2024-09-29,49.0,7.0,20,9,1
PHC-DST-A2-01,2024-09-30,159.0,2.0,21,36,4
PHC-DST-A2-01,2024-10-01,118.0,7.0,5,12,2
PHC-DST-A2-01,2024-10-02,111.0,3.0,6,15,5
PHC-DST-A2-01,2024-10-03,113.0,4.0,6,23,0
PHC-DST-A2-01,2024-10-04,112.0,1.0,5,14,2
PHC-DST-A2-01,2024-10-05,103.0,5.0,5,22,0
PHC-DST-A2-01,2024-10-06,46.0,3.0,5,14,3
PHC-DST-A2-01,2024-10-07,128.0,1.0,8,13,1
PHC-DST-A2-01,2024-10-08,119.0,4.0,6,14,2
PHC-DST-A2-01,2024-10-09,112.0,2.0,7,14,1
PHC-DST-A2-01,2024-10-10,103.0,8.0,6,12,1
PHC-DST-A2-01,2024-10-11,111.0,5.0,7,15,4
PHC-DST-A2-01,2024-10-12,97.0,6.0,8,14,3
PHC-DST-A2-01,2024-10-13,47.0,3.0,6,15,3
PHC-DST-A2-01,2024-10-14,128.0,6.0,5,14,4
PHC-DST-A2-01,2024-10-15,114.0,6.0,5,11,3
PHC-DST-A2-01,2024-10-16,109.0,8.0,6,14,4
PHC-DST-A2-01,2024-10-17,105.0,8.0,6,13,3
PHC-DST-A2-01,2024-10-18,108.0,4.0,6,11,0
PHC-DST-A2-01,2024-10-19,99.0,4.0,6,16,4
PHC-DST-A2-01,2024-10-20,52.0,2.0,7,14,2
PHC-DST-A2-01,2024-10-21,131.0,3.0,6,11,0
PHC-DST-A2-01,2024-10-22,119.0,1.0,6,13,3
PHC-DST-A2-01,2024-10-23,110.0,3.0,5,12,5
PHC-DST-A2-01,2024-10-24,104.0,4.0,6,11,0
PHC-DST-A2-01,2024-10-25,113.0,5.0,7,11,1
PHC-DST-A2-01,2024-10-26,99.0,6.0,6,14,3
PHC-DST-A2-01,2024-10-27,45.0,1.0,8,9,2
PHC-DST-A2-01,2024-10-28,128.0,3.0,4,13,3
PHC-DST-A2-01,2024-10-29,122.0,3.0,7,14,0
PHC-DST-A2-01,2024-10-30,116.0,3.0,8,15,1
PHC-DST-A2-01,2024-10-31,105.0,1.0,5,14,3
PHC-DST-A2-01,2024-11-01,113.0,,7,12,2
PHC-DST-A2-01,2024-11-02,100.0,2.0,5,14,3
PHC-DST-A2-01,2024-11-03,49.0,2.0,7,13,2
PHC-DST-A2-01,2024-11-04,132.0,6.0,5,14,4
PHC-DST-A2-01,2024-11-05,119.0,8.0,9,13,3
PHC-DST-A2-01,2024-11-06,106.0,3.0,4,11,2
PHC-DST-A2-01,2024-11-07,104.0,1.0,6,13,7
PHC-DST-A2-01,2024-11-08,109.0,2.0,6,12,5
PHC-DST-A2-01,2024-11-09,98.0,8.0,7,11,2
PHC-DST-A2-01,2024-11-10,42.0,2.0,7,9,3
PHC-DST-A2-01,2024-11-11,124.0,4.0,4,14,1
PHC-DST-A2-01,2024-11-12,113.0,4.0,6,10,4
PHC-DST-A2-01,2024-11-13,106.0,9.0,5,12,4
PHC-DST-A2-01,2024-11-14,104.0,4.0,8,11,3
PHC-DST-A2-01,2024-11-15,112.0,3.0,6,13,1
PHC-DST-A2-01,2024-11-16,,3.0,5,13,3
PHC-DST-A2-01,2024-11-17,45.0,3.0,6,11,0
PHC-DST-A2-01,2024-11-18,129.0,3.0,7,10,0
PHC-DST-A2-01,2024-11-19,119.0,4.0,7,11,2
PHC-DST-A2-01,2024-11-20,110.0,4.0,5,12,1
PHC-DST-A2-01,2024-11-21,105.0,5.0,5,12,2
PHC-DST-A2-01,2024-11-22,109.0,3.0,7,12,2
PHC-DST-A2-01,2024-11-23,99.0,6.0,6,14,2
PHC-DST-A2-01,2024-11-24,43.0,6.0,8,14,1
PHC-DST-A2-01,2024-11-25,135.0,6.0,9,14,3
PHC-DST-A2-01,2024-11-26,126.0,5.0,5,16,3
PHC-DST-A2-01,2024-11-27,105.0,4.0,6,11,0
PHC-DST-A2-01,2024-11-28,108.0,4.0,6,12,2
PHC-DST-A2-01,2024-11-29,110.0,7.0,4,11,3
PHC-DST-A2-01,2024-11-30,100.0,5.0,5,15,5
PHC-DST-A2-01,2024-12-01,49.0,9.0,5,14,3
PHC-DST-A2-01,2024-12-02,123.0,6.0,8,9,2
PHC-DST-A2-01,2024-12-03,127.0,7.0,8,16,2
PHC-DST-A2-01,2024-12-04,119.0,3.0,8,13,1
PHC-DST-A2-01,2024-12-05,106.0,7.0,5,10,0
PHC-DST-A2-01,2024-12-06,111.0,2.0,5,10,4
PHC-DST-A2-01,2024-12-07,92.0,4.0,6,13,2
PHC-DST-A2-01,2024-12-08,50.0,2.0,6,12,4
PHC-DST-A2-01,2024-12-09,136.0,6.0,8,11,0
PHC-DST-A2-01,2024-12-10,123.0,4.0,7,12,2
PHC-DST-A2-01,2024-12-11,111.0,2.0,7,13,2
PHC-DST-A2-01,2024-12-12,107.0,2.0,7,10,3
PHC-DST-A2-01,2024-12-13,113.0,2.0,6,14,4
PHC-DST-A2-01,2024-12-14,97.0,2.0,6,13,3
PHC-DST-A2-01,2024-12-15,44.0,5.0,6,11,1
PHC-DST-A2-01,2024-12-16,124.0,8.0,5,13,3
PHC-DST-A2-01,2024-12-17,123.0,1.0,8,13,4
PHC-DST-A2-01,2024-12-18,113.0,3.0,7,10,3
PHC-DST-A2-01,2024-12-19,111.0,4.0,5,14,2
PHC-DST-A2-01,2024-12-20,104.0,4.0,6,12,2
PHC-DST-A2-01,2024-12-21,97.0,9.0,6,10,2
PHC-DST-A2-01,2024-12-22,45.0,5.0,5,11,6
PHC-DST-A2-01,2024-12-23,128.0,5.0,6,8,2
PHC-DST-A2-01,2024-12-24,118.0,6.0,5,12,5
PHC-DST-A2-01,2024-12-25,111.0,8.0,5,11,3
PHC-DST-A2-01,2024-12-26,99.0,5.0,5,13,4
PHC-DST-A2-01,2024-12-27,114.0,4.0,6,10,1
PHC-DST-A2-01,2024-12-28,95.0,2.0,5,14,2
PHC-DST-A2-01,2024-12-29,49.0,5.0,5,12,7
PHC-DST-A2-01,2024-12-30,127.0,7.0,5,15,6
PHC-DST-A2-01,2024-12-31,120.0,,8,13,2
PHC-DST-A2-01,2025-01-01,109.0,3.0,4,13,1
PHC-DST-A2-01,2025-01-02,110.0,3.0,5,15,1
PHC-DST-A2-01,2025-01-03,107.0,1.0,7,12,4
PHC-DST-A2-01,2025-01-04,,6.0,6,15,2
PHC-DST-A2-01,2025-01-05,46.0,3.0,5,9,3
PHC-DST-A2-01,2025-01-06,126.0,1.0,5,12,2
PHC-DST-A2-01,2025-01-07,122.0,5.0,5,10,1
PHC-DST-A2-01,2025-01-08,110.0,5.0,7,14,2
PHC-DST-A2-01,2025-01-09,108.0,3.0,6,14,1
PHC-DST-A2-01,2025-01-10,113.0,5.0,4,10,0
PHC-DST-A2-01,2025-01-11,98.0,3.0,5,12,4
PHC-DST-A2-01,2025-01-12,41.0,3.0,6,13,4
PHC-DST-A2-01,2025-01-13,133.0,4.0,6,12,2
PHC-DST-A2-01,2025-01-14,115.0,3.0,9,10,3
PHC-DST-A2-01,2025-01-15,116.0,14.0,8,13,3
PHC-DST-A2-01,2025-01-16,104.0,8.0,5,9,2
PHC-DST-A2-01,2025-01-17,107.0,8.0,6,9,5
PHC-DST-A2-01,2025-01-18,89.0,,7,11,2
PHC-DST-A2-01,2025-01-19,46.0,4.0,5,15,2
PHC-DST-A2-01,2025-01-20,128.0,4.0,7,12,5
PHC-DST-A2-01,2025-01-21,121.0,4.0,5,14,1
PHC-DST-A2-01,2025-01-22,109.0,7.0,6,10,6
PHC-DST-A2-01,2025-01-23,104.0,4.0,6,11,5
PHC-DST-A2-01,2025-01-24,112.0,2.0,5,14,2
PHC-DST-A2-01,2025-01-25,103.0,3.0,7,13,4
PHC-DST-A2-01,2025-01-26,45.0,4.0,3,13,2
PHC-DST-A2-01,2025-01-27,122.0,4.0,5,13,3
PHC-DST-A2-01,2025-01-28,119.0,3.0,4,10,3
PHC-DST-A2-01,2025-01-29,106.0,3.0,6,8,1
PHC-DST-A2-01,2025-01-30,,5.0,8,11,4
PHC-DST-A2-01,2025-01-31,110.0,1.0,5,9,2
PHC-DST-A2-01,2025-02-01,99.0,7.0,4,10,4
PHC-DST-A2-01,2025-02-02,47.0,1.0,6,11,1
PHC-DST-A2-01,2025-02-03,123.0,4.0,5,10,5
PHC-DST-A2-01,2025-02-04,120.0,4.0,6,13,1
PHC-DST-A2-01,2025-02-05,104.0,2.0,6,10,3
PHC-DST-A2-01,2025-02-06,107.0,2.0,5,11,7
PHC-DST-A2-01,2025-02-07,114.0,6.0,4,14,2
PHC-DST-A2-01,2025-02-08,97.0,2.0,6,14,1
PHC-DST-A2-01,2025-02-09,45.0,7.0,7,9,1
PHC-DST-A2-01,2025-02-10,129.0,,7,13,5
PHC-DST-A2-01,2025-02-11,120.0,4.0,7,10,2
PHC-DST-A2-01,2025-02-12,,4.0,8,13,4
PHC-DST-A2-01,2025-02-13,106.0,8.0,7,9,3
PHC-DST-A2-01,2025-02-14,107.0,3.0,4,11,4
PHC-DST-A2-01,2025-02-15,99.0,1.0,7,11,2
PHC-DST-A2-01,2025-02-16,51.0,2.0,6,13,0
PHC-DST-A2-01,2025-02-17,132.0,3.0,8,12,0
PHC-DST-A2-01,2025-02-18,119.0,2.0,7,13,3
PHC-DST-A2-01,2025-02-19,112.0,4.0,7,15,0
PHC-DST-A2-01,2025-02-20,101.0,2.0,6,10,1
PHC-DST-A2-01,2025-02-21,116.0,4.0,7,14,2
PHC-DST-A2-01,2025-02-22,96.0,3.0,5,9,4
PHC-DST-A2-01,2025-02-23,47.0,6.0,4,9,3
PHC-DST-A2-01,2025-02-24,133.0,2.0,7,15,2
PHC-DST-A2-01,2025-02-25,123.0,4.0,5,13,2
PHC-DST-A2-01,2025-02-26,111.0,1.0,10,13,3
PHC-DST-A2-01,2025-02-27,106.0,2.0,7,11,2
PHC-DST-A2-01,2025-02-28,115.0,3.0,7,15,2
PHC-DST-A2-01,2025-03-01,99.0,2.0,5,13,4
PHC-DST-A2-01,2025-03-02,39.0,1.0,4,11,3
PHC-DST-A2-01,2025-03-03,132.0,,6,18,2
PHC-DST-A2-01,2025-03-04,118.0,5.0,5,12,4
PHC-DST-A2-01,2025-03-05,111.0,8.0,5,12,3
PHC-DST-A2-01,2025-03-06,103.0,3.0,7,12,2
PHC-DST-A2-01,2025-03-07,112.0,1.0,5,15,6
PHC-DST-A2-01,2025-03-08,95.0,3.0,7,10,1
PHC-DST-A2-01,2025-03-09,44.0,3.0,6,12,3
PHC-DST-A2-01,2025-03-10,118.0,3.0,4,13,4
PHC-DST-A2-01,2025-03-11,118.0,5.0,5,9,1
PHC-DST-A2-01,2025-03-12,114.0,7.0,7,13,3
PHC-DST-A2-01,2025-03-13,105.0,5.0,6,12,3
PHC-DST-A2-01,2025-03-14,112.0,3.0,4,13,5
PHC-DST-A2-01,2025-03-15,93.0,4.0,6,10,2
PHC-DST-A2-01,2025-03-16,42.0,5.0,3,12,2
PHC-DST-A2-01,2025-03-17,124.0,1.0,4,11,3
PHC-DST-A2-01,2025-03-18,117.0,2.0,4,13,4
PHC-DST-A2-01,2025-03-19,116.0,4.0,5,13,4
PHC-DST-A2-01,2025-03-20,99.0,6.0,6,12,6
PHC-DST-A2-01,2025-03-21,110.0,4.0,8,13,2
PHC-DST-A2-01,2025-03-22,98.0,3.0,4,14,2
PHC-DST-A2-01,2025-03-23,46.0,5.0,6,11,0
PHC-DST-A2-01,2025-03-24,130.0,3.0,6,13,4
PHC-DST-A2-01,2025-03-25,122.0,5.0,3,13,3
PHC-DST-A2-01,2025-03-26,109.0,2.0,7,10,1
PHC-DST-A2-01,2025-03-27,100.0,2.0,5,10,1
PHC-DST-A2-01,2025-03-28,116.0,5.0,8,11,1
PHC-DST-A2-01,2025-03-29,101.0,6.0,4,14,6
PHC-DST-A2-01,2025-03-30,43.0,2.0,4,12,0
PHC-DST-A2-01,2025-03-31,136.0,2.0,7,15,0
PHC-DST-A2-01,2025-04-01,119.0,,6,12,3
PHC-DST-A2-01,2025-04-02,116.0,2.0,7,14,0
PHC-DST-A2-01,2025-04-03,103.0,4.0,5,11,3
PHC-DST-A2-01,2025-04-04,111.0,1.0,8,11,2
PHC-DST-A2-01,2025-04-05,93.0,7.0,6,12,2
PHC-DST-A2-01,2025-04-06,48.0,5.0,3,15,1
PHC-DST-A2-01,2025-04-07,131.0,3.0,7,12,9
PHC-DST-A2-01,2025-04-08,125.0,3.0,7,12,1
PHC-DST-A2-01,2025-04-09,111.0,5.0,6,11,3
PHC-DST-A2-01,2025-04-10,101.0,2.0,4,14,1
PHC-DST-A2-01,2025-04-11,113.0,3.0,7,13,5
PHC-DST-A2-01,2025-04-12,97.0,5.0,6,15,4
PHC-DST-A2-01,2025-04-13,47.0,3.0,3,13,2
PHC-DST-A2-01,2025-04-14,131.0,2.0,9,12,6
PHC-DST-A2-01,2025-04-15,128.0,2.0,7,15,4
PHC-DST-A2-01,2025-04-16,115.0,1.0,7,16,2
PHC-DST-A2-01,2025-04-17,107.0,2.0,5,15,4
PHC-DST-A2-01,2025-04-18,109.0,3.0,8,12,1
PHC-DST-A2-01,2025-04-19,102.0,2.0,7,15,4
PHC-DST-A2-01,2025-04-20,43.0,7.0,5,10,3
PHC-DST-A2-01,2025-04-21,127.0,1.0,6,13,5
PHC-DST-A2-01,2025-04-22,118.0,4.0,7,11,1
PHC-DST-A2-01,2025-04-23,114.0,4.0,6,12,9
PHC-DST-A2-01,2025-04-24,101.0,3.0,6,8,2
PHC-DST-A2-01,2025-04-25,115.0,6.0,7,14,3
PHC-DST-A2-01,2025-04-26,95.0,3.0,6,11,3
PHC-DST-A2-01,2025-04-27,45.0,3.0,7,11,2
PHC-DST-A2-01,2025-04-28,126.0,6.0,6,11,1
PHC-DST-A2-01,2025-04-29,123.0,6.0,6,14,4
PHC-DST-A2-01,2025-04-30,107.0,5.0,5,11,2
PHC-DST-A2-01,2025-05-01,105.0,10.0,5,12,2
PHC-DST-A2-01,2025-05-02,115.0,1.0,8,14,3
PHC-DST-A2-01,2025-05-03,100.0,8.0,7,10,3
PHC-DST-A2-01,2025-05-04,52.0,3.0,8,11,5
PHC-DST-A2-01,2025-05-05,128.0,4.0,8,17,2
PHC-DST-A2-01,2025-05-06,120.0,4.0,6,12,1
PHC-DST-A2-01,2025-05-07,109.0,5.0,8,9,2
PHC-DST-A2-01,2025-05-08,99.0,3.0,6,10,7
PHC-DST-A2-01,2025-05-09,113.0,1.0,7,14,2
PHC-DST-A2-01,2025-05-10,93.0,3.0,7,10,4
PHC-DST-A2-01,2025-05-11,46.0,8.0,6,13,3
PHC-DST-A2-01,2025-05-12,130.0,4.0,6,14,6
PHC-DST-A2-01,2025-05-13,121.0,5.0,8,13,2
PHC-DST-A2-01,2025-05-14,,,6,9,3
PHC-DST-A2-01,2025-05-15,115.0,7.0,6,14,2
PHC-DST-A2-01,2025-05-16,106.0,4.0,5,12,1
PHC-DST-A2-01,2025-05-17,97.0,7.0,6,9,0
PHC-DST-A2-01,2025-05-18,39.0,6.0,5,12,2
PHC-DST-A2-01,2025-05-19,135.0,4.0,6,12,1
PHC-DST-A2-01,2025-05-20,122.0,7.0,5,14,1
PHC-DST-A2-01,2025-05-21,113.0,3.0,7,14,2
PHC-DST-A2-01,2025-05-22,104.0,4.0,7,11,1
PHC-DST-A2-01,2025-05-23,117.0,2.0,5,14,4
PHC-DST-A2-01,2025-05-24,99.0,7.0,6,14,1
PHC-DST-A2-01,2025-05-25,54.0,6.0,9,12,3
PHC-DST-A2-01,2025-05-26,130.0,3.0,5,9,4
PHC-DST-A2-01,2025-05-27,119.0,4.0,5,13,4
PHC-DST-A2-01,2025-05-28,109.0,2.0,5,15,4
PHC-DST-A2-01,2025-05-29,110.0,6.0,4,14,1
PHC-DST-A2-01,2025-05-30,118.0,,9,13,4
PHC-DST-A2-01,2025-05-31,95.0,4.0,4,12,5
PHC-DST-A2-01,2025-06-01,46.0,3.0,8,11,4
PHC-DST-A2-01,2025-06-02,132.0,4.0,7,15,2
PHC-DST-A2-01,2025-06-03,124.0,2.0,7,13,2
PHC-DST-A2-01,2025-06-04,112.0,5.0,6,12,1
PHC-DST-A2-01,2025-06-05,105.0,2.0,7,11,6
PHC-DST-A2-01,2025-06-06,110.0,0.0,5,8,3
PHC-DST-A2-01,2025-06-07,,5.0,4,12,1
PHC-DST-A2-01,2025-06-08,45.0,6.0,6,16,1
PHC-DST-A2-01,2025-06-09,128.0,7.0,6,12,1
PHC-DST-A2-01,2025-06-10,120.0,9.0,6,14,2
PHC-DST-A2-01,2025-06-11,114.0,3.0,5,13,0
PHC-DST-A2-01,2025-06-12,102.0,3.0,5,11,6
PHC-DST-A2-01,2025-06-13,108.0,3.0,6,9,3
PHC-DST-A2-01,2025-06-14,98.0,3.0,5,12,0
PHC-DST-A2-01,2025-06-15,43.0,6.0,4,14,1
PHC-DST-A2-01,2025-06-16,133.0,4.0,5,17,2
PHC-DST-A2-01,2025-06-17,118.0,6.0,5,11,4
PHC-DST-A2-01,2025-06-18,111.0,1.0,6,11,3
PHC-DST-A2-01,2025-06-19,109.0,3.0,6,11,4
PHC-DST-A2-01,2025-06-20,112.0,5.0,4,15,4
PHC-DST-A2-01,2025-06-21,98.0,5.0,5,13,1
PHC-DST-A2-01,2025-06-22,46.0,5.0,5,12,4
PHC-DST-A2-01,2025-06-23,129.0,4.0,6,14,1
PHC-DST-A2-01,2025-06-24,121.0,5.0,6,16,4
PHC-DST-A2-01,2025-06-25,105.0,4.0,5,7,3
PHC-DST-A2-01,2025-06-26,103.0,4.0,7,13,4
PHC-DST-A2-01,2025-06-27,107.0,6.0,6,12,2
PHC-DST-A2-01,2025-06-28,94.0,6.0,4,10,3
PHC-DST-A2-01,2025-06-29,47.0,3.0,7,12,2
PHC-DST-A2-01,2025-06-30,121.0,4.0,5,8,3
PHC-DST-A2-02,2024-01-01,124.0,10.0,9,14,1
PHC-DST-A2-02,2024-01-02,111.0,6.0,7,14,3
PHC-DST-A2-02,2024-01-03,102.0,6.0,6,12,5
PHC-DST-A2-02,2024-01-04,95.0,3.0,4,10,1
PHC-DST-A2-02,2024-01-05,102.0,5.0,6,11,2
PHC-DST-A2-02,2024-01-06,93.0,6.0,4,13,2
PHC-DST-A2-02,2024-01-07,41.0,4.0,3,13,1
PHC-DST-A2-02,2024-01-08,121.0,4.0,7,12,6
PHC-DST-A2-02,2024-01-09,113.0,7.0,6,11,3
PHC-DST-A2-02,2024-01-10,100.0,5.0,5,12,0
PHC-DST-A2-02,2024-01-11,93.0,2.0,4,11,1
PHC-DST-A2-02,2024-01-12,99.0,,5,9,2
PHC-DST-A2-02,2024-01-13,88.0,3.0,7,13,1
PHC-DST-A2-02,2024-01-14,46.0,3.0,7,12,1
PHC-DST-A2-02,2024-01-15,123.0,5.0,4,14,0
PHC-DST-A2-02,2024-01-16,108.0,1.0,5,13,1
PHC-DST-A2-02,2024-01-17,104.0,7.0,6,12,5
PHC-DST-A2-02,2024-01-18,99.0,3.0,4,10,3
PHC-DST-A2-02,2024-01-19,101.0,5.0,6,13,3
PHC-DST-A2-02,2024-01-20,91.0,3.0,5,13,2
PHC-DST-A2-02,2024-01-21,40.0,4.0,6,11,1
PHC-DST-A2-02,2024-01-22,120.0,2.0,6,14,2
PHC-DST-A2-02,2024-01-23,110.0,5.0,7,12,4
PHC-DST-A2-02,2024-01-24,105.0,5.0,6,11,1
PHC-DST-A2-02,2024-01-25,99.0,3.0,7,10,3
PHC-DST-A2-02,2024-01-26,97.0,2.0,6,8,1
PHC-DST-A2-02,2024-01-27,87.0,2.0,6,11,4
PHC-DST-A2-02,2024-01-28,39.0,3.0,5,11,5
PHC-DST-A2-02,2024-01-29,113.0,4.0,4,13,3
PHC-DST-A2-02,2024-01-30,111.0,3.0,5,12,5
PHC-DST-A2-02,2024-01-31,105.0,4.0,6,12,2
PHC-DST-A2-02,2024-02-01,93.0,5.0,6,12,2
PHC-DST-A2-02,2024-02-02,102.0,3.0,5,14,3
PHC-DST-A2-02,2024-02-03,88.0,,5,12,2
PHC-DST-A2-02,2024-02-04,41.0,3.0,7,8,1
PHC-DST-A2-02,2024-02-05,116.0,3.0,6,11,0
PHC-DST-A2-02,2024-02-06,107.0,7.0,3,10,0
PHC-DST-A2-02,2024-02-07,101.0,3.0,5,11,5
PHC-DST-A2-02,2024-02-08,97.0,4.0,5,14,4
PHC-DST-A2-02,2024-02-09,94.0,3.0,6,10,2
PHC-DST-A2-02,2024-02-10,91.0,5.0,7,7,4
PHC-DST-A2-02,2024-02-11,38.0,3.0,5,9,3
PHC-DST-A2-02,2024-02-12,123.0,2.0,6,11,1
PHC-DST-A2-02,2024-02-13,115.0,1.0,6,12,5
PHC-DST-A2-02,2024-02-14,102.0,1.0,5,11,0
PHC-DST-A2-02,2024-02-15,99.0,2.0,4,10,1
PHC-DST-A2-02,2024-02-16,97.0,3.0,5,10,1
PHC-DST-A2-02,2024-02-17,86.0,4.0,3,9,1
PHC-DST-A2-02,2024-02-18,36.0,3.0,5,13,2
PHC-DST-A2-02,2024-02-19,119.0,5.0,6,10,3
PHC-DST-A2-02,2024-02-20,106.0,3.0,3,9,3
PHC-DST-A2-02,2024-02-21,101.0,5.0,6,13,2
PHC-DST-A2-02,2024-02-22,103.0,2.0,4,11,5
PHC-DST-A2-02,2024-02-23,100.0,4.0,4,12,4
PHC-DST-A2-02,2024-02-24,90.0,6.0,5,12,1
PHC-DST-A2-02,2024-02-25,38.0,3.0,8,8,3
PHC-DST-A2-02,2024-02-26,118.0,2.0,4,10,2
PHC-DST-A2-02,2024-02-27,105.0,1.0,5,12,4
PHC-DST-A2-02,2024-02-28,100.0,4.0,2,12,5
PHC-DST-A2-02,2024-02-29,96.0,4.0,4,12,5
PHC-DST-A2-02,2024-03-01,100.0,,5,12,2
PHC-DST-A2-02,2024-03-02,87.0,,5,9,1
PHC-DST-A2-02,2024-03-03,43.0,1.0,7,11,0
PHC-DST-A2-02,2024-03-04,115.0,2.0,4,10,3
PHC-DST-A2-02,2024-03-05,108.0,3.0,5,13,2
PHC-DST-A2-02,2024-03-06,102.0,2.0,8,14,1
PHC-DST-A2-02,2024-03-07,97.0,5.0,8,13,4
PHC-DST-A2-02,2024-03-08,106.0,9.0,7,9,1
PHC-DST-A2-02,2024-03-09,83.0,3.0,5,10,4
PHC-DST-A2-02,2024-03-10,41.0,0.0,6,13,0
PHC-DST-A2-02,2024-03-11,117.0,4.0,6,12,1
PHC-DST-A2-02,2024-03-12,109.0,4.0,6,12,4
PHC-DST-A2-02,2024-03-13,102.0,6.0,6,13,1
PHC-DST-A2-02,2024-03-14,97.0,4.0,6,12,4
PHC-DST-A2-02,2024-03-15,103.0,2.0,6,11,2
PHC-DST-A2-02,2024-03-16,84.0,5.0,7,11,2
PHC-DST-A2-02,2024-03-17,46.0,8.0,6,12,0
PHC-DST-A2-02,2024-03-18,123.0,6.0,7,14,4
PHC-DST-A2-02,2024-03-19,108.0,5.0,6,8,3
PHC-DST-A2-02,2024-03-20,103.0,1.0,5,12,1
PHC-DST-A2-02,2024-03-21,95.0,3.0,6,12,2
PHC-DST-A2-02,2024-03-22,105.0,1.0,7,12,0
PHC-DST-A2-02,2024-03-23,86.0,7.0,7,9,4
PHC-DST-A2-02,2024-03-24,44.0,1.0,7,10,3
PHC-DST-A2-02,2024-03-25,126.0,6.0,7,14,5
PHC-DST-A2-02,2024-03-26,113.0,2.0,5,14,1
PHC-DST-A2-02,2024-03-27,104.0,2.0,5,11,2
PHC-DST-A2-02,2024-03-28,96.0,6.0,5,12,2
PHC-DST-A2-02,2024-03-29,103.0,4.0,7,11,4
PHC-DST-A2-02,2024-03-30,86.0,2.0,4,11,3
PHC-DST-A2-02,2024-03-31,46.0,0.0,8,11,4
PHC-DST-A2-02,2024-04-01,117.0,4.0,6,12,5
PHC-DST-A2-02,2024-04-02,107.0,1.0,4,8,2
PHC-DST-A2-02,2024-04-03,98.0,1.0,4,9,7
PHC-DST-A2-02,2024-04-04,96.0,4.0,6,12,0
PHC-DST-A2-02,2024-04-05,110.0,1.0,6,15,2
PHC-DST-A2-02,2024-04-06,84.0,5.0,6,7,2
PHC-DST-A2-02,2024-04-07,49.0,2.0,5,15,4
PHC-DST-A2-02,2024-04-08,115.0,3.0,4,9,2
PHC-DST-A2-02,2024-04-09,109.0,1.0,6,11,2
PHC-DST-A2-02,2024-04-10,106.0,0.0,8,13,1
PHC-DST-A2-02,2024-04-11,100.0,6.0,7,13,0
PHC-DST-A2-02,2024-04-12,103.0,1.0,4,11,4
PHC-DST-A2-02,2024-04-13,93.0,2.0,3,15,3
PHC-DST-A2-02,2024-04-14,40.0,1.0,6,11,4
PHC-DST-A2-02,2024-04-15,118.0,1.0,5,11,5
PHC-DST-A2-02,2024-04-16,115.0,8.0,2,14,1
PHC-DST-A2-02,2024-04-17,103.0,6.0,7,11,5
PHC-DST-A2-02,2024-04-18,100.0,7.0,5,9,1
PHC-DST-A2-02,2024-04-19,103.0,4.0,5,10,5
PHC-DST-A2-02,2024-04-20,84.0,7.0,4,11,1
PHC-DST-A2-02,2024-04-21,43.0,4.0,4,9,4
PHC-DST-A2-02,2024-04-22,116.0,3.0,5,9,3
PHC-DST-A2-02,2024-04-23,,4.0,7,9,5
PHC-DST-A2-02,2024-04-24,96.0,2.0,3,13,2
PHC-DST-A2-02,2024-04-25,,2.0,6,10,4
PHC-DST-A2-02,2024-04-26,102.0,6.0,6,12,2
PHC-DST-A2-02,2024-04-27,92.0,9.0,8,11,3
PHC-DST-A2-02,2024-04-28,43.0,2.0,5,9,6
PHC-DST-A2-02,2024-04-29,118.0,7.0,4,10,0
PHC-DST-A2-02,2024-04-30,108.0,1.0,5,12,2
PHC-DST-A2-02,2024-05-01,98.0,3.0,4,12,3
PHC-DST-A2-02,2024-05-02,98.0,3.0,6,9,4
PHC-DST-A2-02,2024-05-03,99.0,3.0,7,12,0
PHC-DST-A2-02,2024-05-04,87.0,7.0,7,11,4
PHC-DST-A2-02,2024-05-05,38.0,2.0,6,11,4
PHC-DST-A2-02,2024-05-06,119.0,6.0,4,10,2
PHC-DST-A2-02,2024-05-07,114.0,4.0,6,11,0
PHC-DST-A2-02,2024-05-08,100.0,3.0,6,11,2
PHC-DST-A2-02,2024-05-09,94.0,3.0,5,12,2
PHC-DST-A2-02,2024-05-10,101.0,3.0,5,11,5
PHC-DST-A2-02,2024-05-11,90.0,4.0,7,10,4
PHC-DST-A2-02,2024-05-12,44.0,2.0,5,11,2
PHC-DST-A2-02,2024-05-13,118.0,2.0,6,12,3
PHC-DST-A2-02,2024-05-14,108.0,2.0,8,11,0
PHC-DST-A2-02,2024-05-15,99.0,4.0,4,11,2
PHC-DST-A2-02,2024-05-16,95.0,4.0,7,10,4
PHC-DST-A2-02,2024-05-17,102.0,5.0,5,10,0
PHC-DST-A2-02,2024-05-18,87.0,2.0,5,13,4
PHC-DST-A2-02,2024-05-19,38.0,5.0,8,10,2
PHC-DST-A2-02,2024-05-20,121.0,2.0,5,13,2
PHC-DST-A2-02,2024-05-21,112.0,4.0,8,11,1
PHC-DST-A2-02,2024-05-22,100.0,4.0,5,9,2
PHC-DST-A2-02,2024-05-23,90.0,5.0,5,8,2
PHC-DST-A2-02,2024-05-24,107.0,5.0,3,12,1
PHC-DST-A2-02,2024-05-25,,4.0,5,12,1
PHC-DST-A2-02,2024-05-26,38.0,7.0,6,8,4
PHC-DST-A2-02,2024-05-27,125.0,2.0,6,11,1
PHC-DST-A2-02,2024-05-28,109.0,4.0,6,13,2
PHC-DST-A2-02,2024-05-29,96.0,1.0,5,9,4
PHC-DST-A2-02,2024-05-30,95.0,5.0,4,8,1
PHC-DST-A2-02,2024-05-31,104.0,3.0,8,11,4
PHC-DST-A2-02,2024-06-01,86.0,1.0,3,15,3
PHC-DST-A2-02,2024-06-02,37.0,2.0,4,9,3
PHC-DST-A2-02,2024-06-03,121.0,3.0,4,14,0
PHC-DST-A2-02,2024-06-04,109.0,2.0,6,13,0
PHC-DST-A2-02,2024-06-05,105.0,4.0,6,13,3
PHC-DST-A2-02,2024-06-06,93.0,4.0,6,10,2
PHC-DST-A2-02,2024-06-07,102.0,3.0,7,15,1
PHC-DST-A2-02,2024-06-08,93.0,1.0,6,15,2
PHC-DST-A2-02,2024-06-09,44.0,3.0,8,10,3
PHC-DST-A2-02,2024-06-10,122.0,3.0,5,12,1
PHC-DST-A2-02,2024-06-11,110.0,0.0,4,12,1
PHC-DST-A2-02,2024-06-12,104.0,3.0,7,10,2
PHC-DST-A2-02,2024-06-13,96.0,3.0,6,12,1
PHC-DST-A2-02,2024-06-14,110.0,2.0,8,15,3
PHC-DST-A2-02,2024-06-15,83.0,3.0,5,10,5
PHC-DST-A2-02,2024-06-16,42.0,2.0,5,10,4
PHC-DST-A2-02,2024-06-17,121.0,2.0,5,10,2
PHC-DST-A2-02,2024-06-18,109.0,6.0,7,11,1
PHC-DST-A2-02,2024-06-19,98.0,0.0,5,13,5
PHC-DST-A2-02,2024-06-20,105.0,3.0,7,12,4
PHC-DST-A2-02,2024-06-21,106.0,1.0,4,13,2
PHC-DST-A2-02,2024-06-22,89.0,5.0,7,11,1
PHC-DST-A2-02,2024-06-23,40.0,6.0,6,11,0
PHC-DST-A2-02,2024-06-24,120.0,6.0,4,10,0
PHC-DST-A2-02,2024-06-25,113.0,,5,11,2
PHC-DST-A2-02,2024-06-26,101.0,0.0,5,11,1
PHC-DST-A2-02,2024-06-27,96.0,1.0,7,13,1
PHC-DST-A2-02,2024-06-28,103.0,6.0,7,11,2
PHC-DST-A2-02,2024-06-29,93.0,4.0,7,10,3
PHC-DST-A2-02,2024-06-30,41.0,7.0,7,10,1
PHC-DST-A2-02,2024-07-01,122.0,4.0,5,14,4
PHC-DST-A2-02,2024-07-02,107.0,5.0,3,10,1
PHC-DST-A2-02,2024-07-03,104.0,6.0,4,14,2
PHC-DST-A2-02,2024-07-04,101.0,4.0,4,11,2
PHC-DST-A2-02,2024-07-05,103.0,2.0,8,13,2
PHC-DST-A2-02,2024-07-06,88.0,4.0,6,12,3
PHC-DST-A2-02,2024-07-07,45.0,6.0,15,8,5
PHC-DST-A2-02,2024-07-08,122.0,5.0,15,11,0
PHC-DST-A2-02,2024-07-09,109.0,3.0,5,10,2
PHC-DST-A2-02,2024-07-10,103.0,7.0,7,12,5
PHC-DST-A2-02,2024-07-11,102.0,5.0,5,14,2
PHC-DST-A2-02,2024-07-12,98.0,,5,11,5
PHC-DST-A2-02,2024-07-13,112.0,3.0,20,29,1
PHC-DST-A2-02,2024-07-14,67.0,4.0,13,32,3
PHC-DST-A2-02,2024-07-15,119.0,2.0,4,12,2
PHC-DST-A2-02,2024-07-16,117.0,2.0,15,14,1
PHC-DST-A2-02,2024-07-17,111.0,2.0,17,14,4
PHC-DST-A2-02,2024-07-18,98.0,5.0,7,11,2
PHC-DST-A2-02,2024-07-19,115.0,2.0,5,27,5
PHC-DST-A2-02,2024-07-20,96.0,,14,14,3
PHC-DST-A2-02,2024-07-21,47.0,5.0,16,9,4
PHC-DST-A2-02,2024-07-22,133.0,2.0,7,31,3
PHC-DST-A2-02,2024-07-23,116.0,3.0,13,11,0
PHC-DST-A2-02,2024-07-24,106.0,6.0,18,12,1
PHC-DST-A2-02,2024-07-25,103.0,2.0,7,11,3
PHC-DST-A2-02,2024-07-26,111.0,3.0,4,25,7
PHC-DST-A2-02,2024-07-27,92.0,2.0,6,12,2
PHC-DST-A2-02,2024-07-28,,3.0,6,13,6
PHC-DST-A2-02,2024-07-29,131.0,5.0,8,20,1
PHC-DST-A2-02,2024-07-30,111.0,2.0,4,12,0
PHC-DST-A2-02,2024-07-31,97.0,1.0,7,9,2
PHC-DST-A2-02,2024-08-01,99.0,5.0,4,10,5
PHC-DST-A2-02,2024-08-02,107.0,3.0,15,13,3
PHC-DST-A2-02,2024-08-03,101.0,6.0,14,13,11
PHC-DST-A2-02,2024-08-04,50.0,4.0,18,11,6
PHC-DST-A2-02,2024-08-05,111.0,2.0,5,7,1
PHC-DST-A2-02,2024-08-06,118.0,0.0,19,10,3
PHC-DST-A2-02,2024-08-07,103.0,4.0,15,10,1
PHC-DST-A2-02,2024-08-08,115.0,3.0,6,28,3
PHC-DST-A2-02,2024-08-09,115.0,5.0,4,33,3
PHC-DST-A2-02,2024-08-10,90.0,3.0,6,13,2
PHC-DST-A2-02,2024-08-11,53.0,3.0,5,21,1
PHC-DST-A2-02,2024-08-12,137.0,8.0,5,24,3
PHC-DST-A2-02,2024-08-13,111.0,4.0,6,13,2
PHC-DST-A2-02,2024-08-14,102.0,5.0,4,11,3
PHC-DST-A2-02,2024-08-15,95.0,4.0,4,11,3
PHC-DST-A2-02,2024-08-16,105.0,2.0,14,11,6
PHC-DST-A2-02,2024-08-17,88.0,2.0,11,11,4
PHC-DST-A2-02,2024-08-18,51.0,3.0,15,12,3
PHC-DST-A2-02,2024-08-19,135.0,1.0,14,25,5
PHC-DST-A2-02,2024-08-20,118.0,6.0,19,9,3
PHC-DST-A2-02,2024-08-21,104.0,1.0,5,11,6
PHC-DST-A2-02,2024-08-22,108.0,5.0,6,23,1
PHC-DST-A2-02,2024-08-23,120.0,5.0,7,29,1
PHC-DST-A2-02,2024-08-24,94.0,2.0,18,13,3
PHC-DST-A2-02,2024-08-25,56.0,3.0,19,19,5
PHC-DST-A2-02,2024-08-26,,3.0,6,11,3
PHC-DST-A2-02,2024-08-27,124.0,6.0,5,32,1
PHC-DST-A2-02,2024-08-28,103.0,5.0,6,11,2
PHC-DST-A2-02,2024-08-29,100.0,6.0,5,13,1
PHC-DST-A2-02,2024-08-30,119.0,2.0,21,24,1
PHC-DST-A2-02,2024-08-31,99.0,4.0,20,11,3
PHC-DST-A2-02,2024-09-01,52.0,4.0,15,13,2
PHC-DST-A2-02,2024-09-02,119.0,5.0,16,10,4
PHC-DST-A2-02,2024-09-03,112.0,4.0,5,11,3
PHC-DST-A2-02,2024-09-04,101.0,3.0,6,10,3
PHC-DST-A2-02,2024-09-05,108.0,6.0,4,31,2
PHC-DST-A2-02,2024-09-06,102.0,4.0,6,12,3
PHC-DST-A2-02,2024-09-07,96.0,3.0,6,28,0
PHC-DST-A2-02,2024-09-08,37.0,5.0,3,9,6
PHC-DST-A2-02,2024-09-09,124.0,4.0,20,13,1
PHC-DST-A2-02,2024-09-10,113.0,3.0,14,8,0
PHC-DST-A2-02,2024-09-11,106.0,8.0,18,10,3
PHC-DST-A2-02,2024-09-12,104.0,,15,10,0
PHC-DST-A2-02,2024-09-13,104.0,3.0,15,9,3
PHC-DST-A2-02,2024-09-14,107.0,2.0,20,20,2
PHC-DST-A2-02,2024-09-15,67.0,6.0,16,31,5
PHC-DST-A2-02,2024-09-16,129.0,6.0,15,18,5
PHC-DST-A2-02,2024-09-17,112.0,3.0,5,9,3
PHC-DST-A2-02,2024-09-18,109.0,5.0,5,21,2
PHC-DST-A2-02,2024-09-19,108.0,5.0,6,28,1
PHC-DST-A2-02,2024-09-20,114.0,3.0,5,23,1
PHC-DST-A2-02,2024-09-21,98.0,6.0,6,25,1
PHC-DST-A2-02,2024-09-22,46.0,9.0,9,14,2
PHC-DST-A2-02,2024-09-23,130.0,4.0,6,30,2
PHC-DST-A2-02,2024-09-24,111.0,2.0,6,13,1
PHC-DST-A2-02,2024-09-25,109.0,5.0,6,12,3
PHC-DST-A2-02,2024-09-26,92.0,5.0,5,8,5
PHC-DST-A2-02,2024-09-27,107.0,6.0,18,7,3
PHC-DST-A2-02,2024-09-28,96.0,4.0,20,9,3
PHC-DST-A2-02,2024-09-29,49.0,3.0,15,16,5
PHC-DST-A2-02,2024-09-30,145.0,7.0,18,25,2
PHC-DST-A2-02,2024-10-01,116.0,2.0,7,12,3
PHC-DST-A2-02,2024-10-02,103.0,3.0,6,13,4
PHC-DST-A2-02,2024-10-03,107.0,1.0,6,25,0
PHC-DST-A2-02,2024-10-04,103.0,1.0,8,12,1
PHC-DST-A2-02,2024-10-05,100.0,2.0,6,25,2
PHC-DST-A2-02,2024-10-06,37.0,1.0,8,8,1
PHC-DST-A2-02,2024-10-07,116.0,3.0,6,9,3
PHC-DST-A2-02,2024-10-08,113.0,5.0,3,10,5
PHC-DST-A2-02,2024-10-09,,5.0,4,15,2
PHC-DST-A2-02,2024-10-10,102.0,1.0,6,11,1
PHC-DST-A2-02,2024-10-11,103.0,3.0,5,8,3
PHC-DST-A2-02,2024-10-12,88.0,2.0,5,9,2
PHC-DST-A2-02,2024-10-13,42.0,4.0,6,10,2
PHC-DST-A2-02,2024-10-14,121.0,0.0,5,12,0
PHC-DST-A2-02,2024-10-15,109.0,4.0,5,12,1
PHC-DST-A2-02,2024-10-16,106.0,3.0,5,12,3
PHC-DST-A2-02,2024-10-17,94.0,4.0,5,10,3
PHC-DST-A2-02,2024-10-18,97.0,6.0,6,11,5
PHC-DST-A2-02,2024-10-19,88.0,2.0,5,14,1
PHC-DST-A2-02,2024-10-20,42.0,5.0,5,11,4
PHC-DST-A2-02,2024-10-21,119.0,3.0,5,9,4
PHC-DST-A2-02,2024-10-22,114.0,6.0,6,11,1
PHC-DST-A2-02,2024-10-23,106.0,1.0,8,11,2
PHC-DST-A2-02,2024-10-24,91.0,4.0,6,9,3
PHC-DST-A2-02,2024-10-25,107.0,3.0,4,10,1
PHC-DST-A2-02,2024-10-26,89.0,2.0,4,9,2
PHC-DST-A2-02,2024-10-27,,6.0,4,5,3
PHC-DST-A2-02,2024-10-28,109.0,5.0,5,13,2
PHC-DST-A2-02,2024-10-29,109.0,2.0,6,9,3
PHC-DST-A2-02,2024-10-30,101.0,4.0,5,12,1
PHC-DST-A2-02,2024-10-31,96.0,3.0,6,10,1
PHC-DST-A2-02,2024-11-01,108.0,2.0,5,14,3
PHC-DST-A2-02,2024-11-02,92.0,4.0,7,10,2
PHC-DST-A2-02,2024-11-03,43.0,6.0,7,9,4
PHC-DST-A2-02,2024-11-04,119.0,1.0,5,13,2
PHC-DST-A2-02,2024-11-05,106.0,2.0,6,8,0
PHC-DST-A2-02,2024-11-06,104.0,5.0,5,13,1
PHC-DST-A2-02,2024-11-07,100.0,3.0,5,14,2
PHC-DST-A2-02,2024-11-08,104.0,5.0,7,12,2
PHC-DST-A2-02,2024-11-09,87.0,3.0,7,12,3
PHC-DST-A2-02,2024-11-10,46.0,3.0,7,13,2
PHC-DST-A2-02,2024-11-11,120.0,2.0,6,10,1
PHC-DST-A2-02,2024-11-12,118.0,4.0,5,10,1
PHC-DST-A2-02,2024-11-13,100.0,4.0,7,9,2
PHC-DST-A2-02,2024-11-14,97.0,6.0,3,12,4
PHC-DST-A2-02,2024-11-15,106.0,2.0,7,15,4
PHC-DST-A2-02,2024-11-16,83.0,2.0,4,8,2
PHC-DST-A2-02,2024-11-17,38.0,3.0,4,9,3
PHC-DST-A2-02,2024-11-18,122.0,5.0,7,11,1
PHC-DST-A2-02,2024-11-19,112.0,1.0,4,13,3
PHC-DST-A2-02,2024-11-20,99.0,2.0,5,8,2
PHC-DST-A2-02,2024-11-21,93.0,6.0,6,10,4
PHC-DST-A2-02,2024-11-22,100.0,3.0,6,7,0
PHC-DST-A2-02,2024-11-23,87.0,2.0,4,8,5
PHC-DST-A2-02,2024-11-24,46.0,8.0,5,10,3
PHC-DST-A2-02,2024-11-25,117.0,6.0,6,8,1
PHC-DST-A2-02,2024-11-26,116.0,4.0,5,13,1
PHC-DST-A2-02,2024-11-27,100.0,3.0,7,11,2
PHC-DST-A2-02,2024-11-28,95.0,4.0,5,10,1
PHC-DST-A2-02,2024-11-29,98.0,2.0,6,11,2
PHC-DST-A2-02,2024-11-30,92.0,1.0,7,13,2
PHC-DST-A2-02,2024-12-01,45.0,1.0,5,11,3
PHC-DST-A2-02,2024-12-02,117.0,3.0,7,9,3
PHC-DST-A2-02,2024-12-03,107.0,6.0,5,10,1
PHC-DST-A2-02,2024-12-04,100.0,3.0,8,11,2
PHC-DST-A2-02,2024-12-05,101.0,1.0,8,14,1
PHC-DST-A2-02,2024-12-06,99.0,5.0,5,12,4
PHC-DST-A2-02,2024-12-07,85.0,2.0,5,10,2
PHC-DST-A2-02,2024-12-08,39.0,3.0,6,10,3
PHC-DST-A2-02,2024-12-09,118.0,4.0,4,12,4
PHC-DST-A2-02,2024-12-10,112.0,2.0,5,12,1
PHC-DST-A2-02,2024-12-11,97.0,4.0,4,11,2
PHC-DST-A2-02,2024-12-12,95.0,3.0,4,10,2
PHC-DST-A2-02,2024-12-13,103.0,6.0,6,11,2
PHC-DST-A2-02,2024-12-14,99.0,6.0,8,12,4
PHC-DST-A2-02,2024-12-15,46.0,1.0,6,13,3
PHC-DST-A2-02,2024-12-16,118.0,5.0,3,12,1
PHC-DST-A2-02,2024-12-17,111.0,2.0,4,13,4
PHC-DST-A2-02,2024-12-18,99.0,5.0,5,10,3
PHC-DST-A2-02,2024-12-19,95.0,5.0,6,12,2
PHC-DST-A2-02,2024-12-20,99.0,2.0,5,11,3
PHC-DST-A2-02,2024-12-21,88.0,1.0,6,10,3
PHC-DST-A2-02,2024-12-22,42.0,3.0,6,15,0
PHC-DST-A2-02,2024-12-23,120.0,3.0,5,11,2
PHC-DST-A2-02,2024-12-24,110.0,5.0,5,10,6
PHC-DST-A2-02,2024-12-25,98.0,1.0,6,11,1
PHC-DST-A2-02,2024-12-26,99.0,1.0,4,15,3
PHC-DST-A2-02,2024-12-27,99.0,6.0,6,11,6
PHC-DST-A2-02,2024-12-28,85.0,4.0,6,11,0
PHC-DST-A2-02,2024-12-29,45.0,5.0,6,12,1
PHC-DST-A2-02,2024-12-30,117.0,7.0,5,12,5
PHC-DST-A2-02,2024-12-31,114.0,3.0,7,10,3
PHC-DST-A2-02,2025-01-01,103.0,4.0,4,10,2
PHC-DST-A2-02,2025-01-02,100.0,4.0,6,9,3
PHC-DST-A2-02,2025-01-03,102.0,3.0,6,11,2
PHC-DST-A2-02,2025-01-04,96.0,5.0,5,10,3
PHC-DST-A2-02,2025-01-05,44.0,6.0,7,8,1
PHC-DST-A2-02,2025-01-06,122.0,1.0,5,12,2
PHC-DST-A2-02,2025-01-07,116.0,7.0,5,12,4
PHC-DST-A2-02,2025-01-08,100.0,5.0,5,11,2
PHC-DST-A2-02,2025-01-09,99.0,6.0,7,12,3
PHC-DST-A2-02,2025-01-10,97.0,1.0,7,11,2
PHC-DST-A2-02,2025-01-11,87.0,1.0,5,11,2
PHC-DST-A2-02,2025-01-12,41.0,1.0,4,9,1
PHC-DST-A2-02,2025-01-13,117.0,4.0,6,10,2
PHC-DST-A2-02,2025-01-14,115.0,3.0,7,9,1
PHC-DST-A2-02,2025-01-15,101.0,2.0,7,11,3
PHC-DST-A2-02,2025-01-16,102.0,4.0,8,12,5
PHC-DST-A2-02,2025-01-17,100.0,1.0,4,10,0
PHC-DST-A2-02,2025-01-18,87.0,3.0,5,10,1
PHC-DST-A2-02,2025-01-19,40.0,4.0,5,11,2
PHC-DST-A2-02,2025-01-20,118.0,3.0,4,12,3
PHC-DST-A2-02,2025-01-21,110.0,3.0,7,16,2
PHC-DST-A2-02,2025-01-22,103.0,4.0,6,12,2
PHC-DST-A2-02,2025-01-23,93.0,5.0,4,11,4
PHC-DST-A2-02,2025-01-24,101.0,6.0,6,14,3
PHC-DST-A2-02,2025-01-25,83.0,1.0,6,6,3
PHC-DST-A2-02,2025-01-26,44.0,2.0,7,16,5
PHC-DST-A2-02,2025-01-27,113.0,2.0,5,12,1
PHC-DST-A2-02,2025-01-28,111.0,,4,14,3
PHC-DST-A2-02,2025-01-29,103.0,9.0,4,11,2
PHC-DST-A2-02,2025-01-30,104.0,4.0,7,10,2
PHC-DST-A2-02,2025-01-31,100.0,6.0,6,10,1
PHC-DST-A2-02,2025-02-01,94.0,3.0,5,11,3
PHC-DST-A2-02,2025-02-02,44.0,2.0,7,9,1
PHC-DST-A2-02,2025-02-03,119.0,5.0,5,15,2
PHC-DST-A2-02,2025-02-04,112.0,10.0,4,14,4
PHC-DST-A2-02,2025-02-05,104.0,4.0,5,8,1
PHC-DST-A2-02,2025-02-06,90.0,2.0,5,10,2
PHC-DST-A2-02,2025-02-07,99.0,3.0,5,12,1
PHC-DST-A2-02,2025-02-08,85.0,2.0,6,11,2
PHC-DST-A2-02,2025-02-09,43.0,4.0,7,13,2
PHC-DST-A2-02,2025-02-10,118.0,5.0,7,11,1
PHC-DST-A2-02,2025-02-11,111.0,5.0,5,8,1
PHC-DST-A2-02,2025-02-12,94.0,2.0,7,7,2
PHC-DST-A2-02,2025-02-13,95.0,1.0,3,12,1
PHC-DST-A2-02,2025-02-14,105.0,4.0,4,14,2
PHC-DST-A2-02,2025-02-15,89.0,6.0,5,11,1
PHC-DST-A2-02,2025-02-16,42.0,4.0,6,12,1
PHC-DST-A2-02,2025-02-17,118.0,10.0,6,12,6
PHC-DST-A2-02,2025-02-18,109.0,6.0,8,9,1
PHC-DST-A2-02,2025-02-19,104.0,2.0,7,12,2
PHC-DST-A2-02,2025-02-20,95.0,1.0,4,10,1
PHC-DST-A2-02,2025-02-21,97.0,3.0,6,5,0
PHC-DST-A2-02,2025-02-22,91.0,5.0,4,12,4
PHC-DST-A2-02,2025-02-23,45.0,5.0,7,10,0
PHC-DST-A2-02,2025-02-24,118.0,4.0,5,14,5
PHC-DST-A2-02,2025-02-25,109.0,4.0,5,10,4
PHC-DST-A2-02,2025-02-26,102.0,5.0,7,9,4
PHC-DST-A2-02,2025-02-27,102.0,4.0,7,13,1
PHC-DST-A2-02,2025-02-28,100.0,1.0,7,11,3
PHC-DST-A2-02,2025-03-01,94.0,2.0,5,13,1
PHC-DST-A2-02,2025-03-02,42.0,3.0,7,11,0
PHC-DST-A2-02,2025-03-03,124.0,3.0,4,14,2
PHC-DST-A2-02,2025-03-04,103.0,4.0,5,8,1
PHC-DST-A2-02,2025-03-05,99.0,4.0,5,12,2
PHC-DST-A2-02,2025-03-06,93.0,5.0,7,11,3
PHC-DST-A2-02,2025-03-07,101.0,5.0,5,13,4
PHC-DST-A2-02,2025-03-08,88.0,2.0,5,13,1
PHC-DST-A2-02,2025-03-09,42.0,4.0,7,9,5
PHC-DST-A2-02,2025-03-10,120.0,4.0,5,12,1
PHC-DST-A2-02,2025-03-11,107.0,3.0,6,12,3
PHC-DST-A2-02,2025-03-12,100.0,3.0,7,11,1
PHC-DST-A2-02,2025-03-13,94.0,7.0,5,12,2
PHC-DST-A2-02,2025-03-14,99.0,1.0,5,13,2
PHC-DST-A2-02,2025-03-15,86.0,9.0,3,8,4
PHC-DST-A2-02,2025-03-16,39.0,5.0,5,9,5
PHC-DST-A2-02,2025-03-17,116.0,4.0,6,11,0
PHC-DST-A2-02,2025-03-18,110.0,3.0,6,10,2
PHC-DST-A2-02,2025-03-19,99.0,4.0,7,11,3
PHC-DST-A2-02,2025-03-20,101.0,4.0,3,12,2
PHC-DST-A2-02,2025-03-21,100.0,5.0,5,13,3
PHC-DST-A2-02,2025-03-22,85.0,2.0,5,10,1
PHC-DST-A2-02,2025-03-23,41.0,6.0,6,11,1
PHC-DST-A2-02,2025-03-24,114.0,3.0,7,9,1
PHC-DST-A2-02,2025-03-25,107.0,5.0,5,14,3
PHC-DST-A2-02,2025-03-26,105.0,4.0,7,10,3
PHC-DST-A2-02,2025-03-27,98.0,,5,12,1
PHC-DST-A2-02,2025-03-28,92.0,5.0,7,11,6
PHC-DST-A2-02,2025-03-29,91.0,2.0,7,10,1
PHC-DST-A2-02,2025-03-30,39.0,1.0,7,8,4
PHC-DST-A2-02,2025-03-31,114.0,4.0,4,11,1
PHC-DST-A2-02,2025-04-01,112.0,4.0,7,12,5
PHC-DST-A2-02,2025-04-02,110.0,6.0,7,16,1
PHC-DST-A2-02,2025-04-03,97.0,5.0,5,9,1
PHC-DST-A2-02,2025-04-04,105.0,1.0,5,7,3
PHC-DST-A2-02,2025-04-05,91.0,2.0,6,13,1
PHC-DST-A2-02,2025-04-06,41.0,4.0,5,12,5
PHC-DST-A2-02,2025-04-07,117.0,8.0,5,10,2
PHC-DST-A2-02,2025-04-08,112.0,1.0,6,12,2
PHC-DST-A2-02,2025-04-09,104.0,3.0,6,13,3
PHC-DST-A2-02,2025-04-10,98.0,3.0,5,11,3
PHC-DST-A2-02,2025-04-11,102.0,1.0,7,13,1
PHC-DST-A2-02,2025-04-12,91.0,4.0,6,11,1
PHC-DST-A2-02,2025-04-13,47.0,2.0,5,12,5
PHC-DST-A2-02,2025-04-14,117.0,1.0,4,9,1
PHC-DST-A2-02,2025-04-15,109.0,8.0,4,12,4
PHC-DST-A2-02,2025-04-16,105.0,2.0,5,13,2
PHC-DST-A2-02,2025-04-17,97.0,4.0,3,9,1
PHC-DST-A2-02,2025-04-18,100.0,4.0,4,10,4
PHC-DST-A2-02,2025-04-19,87.0,5.0,8,11,2
PHC-DST-A2-02,2025-04-20,38.0,5.0,3,10,2
PHC-DST-A2-02,2025-04-21,119.0,3.0,7,8,2
PHC-DST-A2-02,2025-04-22,110.0,4.0,6,10,3
PHC-DST-A2-02,2025-04-23,104.0,1.0,6,10,2
PHC-DST-A2-02,2025-04-24,101.0,5.0,6,9,5
PHC-DST-A2-02,2025-04-25,105.0,5.0,6,9,1
PHC-DST-A2-02,2025-04-26,86.0,,7,13,2
PHC-DST-A2-02,2025-04-27,38.0,3.0,3,12,2
PHC-DST-A2-02,2025-04-28,122.0,10.0,5,13,3
PHC-DST-A2-02,2025-04-29,109.0,2.0,4,12,1
PHC-DST-A2-02,2025-04-30,96.0,,5,6,3
PHC-DST-A2-02,2025-05-01,98.0,1.0,6,10,2
PHC-DST-A2-02,2025-05-02,105.0,1.0,4,12,1
PHC-DST-A2-02,2025-05-03,89.0,3.0,7,13,6
PHC-DST-A2-02,2025-05-04,34.0,5.0,5,9,0
PHC-DST-A2-02,2025-05-05,112.0,6.0,6,12,0
PHC-DST-A2-02,2025-05-06,112.0,3.0,6,10,2
PHC-DST-A2-02,2025-05-07,103.0,3.0,7,9,0
PHC-DST-A2-02,2025-05-08,98.0,7.0,5,10,2
PHC-DST-A2-02,2025-05-09,105.0,10.0,5,11,1
PHC-DST-A2-02,2025-05-10,85.0,3.0,7,13,6
PHC-DST-A2-02,2025-05-11,38.0,5.0,4,9,4
PHC-DST-A2-02,2025-05-12,117.0,2.0,5,9,2
PHC-DST-A2-02,2025-05-13,109.0,5.0,5,10,2
PHC-DST-A2-02,2025-05-14,104.0,3.0,5,12,3
PHC-DST-A2-02,2025-05-15,95.0,4.0,4,13,0
PHC-DST-A2-02,2025-05-16,103.0,5.0,5,12,0
PHC-DST-A2-02,2025-05-17,85.0,3.0,5,8,2
PHC-DST-A2-02,2025-05-18,46.0,2.0,4,12,2
PHC-DST-A2-02,2025-05-19,118.0,1.0,6,11,3
PHC-DST-A2-02,2025-05-20,113.0,6.0,6,10,0
PHC-DST-A2-02,2025-05-21,100.0,3.0,8,11,2
PHC-DST-A2-02,2025-05-22,95.0,6.0,6,8,2
PHC-DST-A2-02,2025-05-23,100.0,3.0,7,12,2
PHC-DST-A2-02,2025-05-24,87.0,3.0,3,10,1
PHC-DST-A2-02,2025-05-25,45.0,4.0,7,8,3
PHC-DST-A2-02,2025-05-26,116.0,3.0,6,11,1
PHC-DST-A2-02,2025-05-27,109.0,5.0,6,10,1
PHC-DST-A2-02,2025-05-28,103.0,3.0,5,11,5
PHC-DST-A2-02,2025-05-29,101.0,3.0,5,13,4
PHC-DST-A2-02,2025-05-30,100.0,7.0,6,10,2
PHC-DST-A2-02,2025-05-31,91.0,3.0,6,11,2
PHC-DST-A2-02,2025-06-01,44.0,7.0,3,10,1
PHC-DST-A2-02,2025-06-02,118.0,5.0,5,11,2
PHC-DST-A2-02,2025-06-03,115.0,2.0,5,14,2
PHC-DST-A2-02,2025-06-04,102.0,9.0,5,14,4
PHC-DST-A2-02,2025-06-05,101.0,8.0,8,13,4
PHC-DST-A2-02,2025-06-06,101.0,2.0,5,11,4
PHC-DST-A2-02,2025-06-07,87.0,5.0,7,9,0
PHC-DST-A2-02,2025-06-08,43.0,2.0,5,12,1
PHC-DST-A2-02,2025-06-09,119.0,5.0,6,12,2
PHC-DST-A2-02,2025-06-10,111.0,0.0,6,10,1
PHC-DST-A2-02,2025-06-11,104.0,2.0,5,11,3
PHC-DST-A2-02,2025-06-12,98.0,1.0,5,11,3
PHC-DST-A2-02,2025-06-13,107.0,5.0,6,10,1
PHC-DST-A2-02,2025-06-14,88.0,2.0,3,11,6
PHC-DST-A2-02,2025-06-15,43.0,2.0,3,14,3
PHC-DST-A2-02,2025-06-16,117.0,4.0,4,11,5
PHC-DST-A2-02,2025-06-17,,3.0,5,11,2
PHC-DST-A2-02,2025-06-18,103.0,2.0,5,11,5
PHC-DST-A2-02,2025-06-19,100.0,5.0,5,11,4
PHC-DST-A2-02,2025-06-20,100.0,5.0,5,12,1
PHC-DST-A2-02,2025-06-21,89.0,2.0,6,12,2
PHC-DST-A2-02,2025-06-22,43.0,5.0,4,13,2
PHC-DST-A2-02,2025-06-23,117.0,1.0,5,13,3
PHC-DST-A2-02,2025-06-24,107.0,4.0,4,13,3
PHC-DST-A2-02,2025-06-25,102.0,5.0,4,11,2
PHC-DST-A2-02,2025-06-26,96.0,5.0,5,12,1
PHC-DST-A2-02,2025-06-27,102.0,3.0,5,12,3
PHC-DST-A2-02,2025-06-28,93.0,3.0,4,13,4
PHC-DST-A2-02,2025-06-29,44.0,3.0,6,13,3
PHC-DST-A2-02,2025-06-30,121.0,2.0,6,13,1
PHC-DST-A2-03,2024-01-01,119.0,3.0,6,12,4
PHC-DST-A2-03,2024-01-02,113.0,2.0,7,10,1
PHC-DST-A2-03,2024-01-03,108.0,5.0,7,11,0
PHC-DST-A2-03,2024-01-04,90.0,6.0,6,11,1
PHC-DST-A2-03,2024-01-05,101.0,1.0,6,11,3
PHC-DST-A2-03,2024-01-06,96.0,4.0,3,13,5
PHC-DST-A2-03,2024-01-07,45.0,5.0,5,9,2
PHC-DST-A2-03,2024-01-08,121.0,4.0,6,12,5
PHC-DST-A2-03,2024-01-09,112.0,3.0,5,12,2
PHC-DST-A2-03,2024-01-10,110.0,7.0,7,15,4
PHC-DST-A2-03,2024-01-11,95.0,3.0,5,12,2
PHC-DST-A2-03,2024-01-12,103.0,,5,12,3
PHC-DST-A2-03,2024-01-13,88.0,6.0,6,11,0
PHC-DST-A2-03,2024-01-14,41.0,3.0,6,12,1
PHC-DST-A2-03,2024-01-15,116.0,5.0,5,10,1
PHC-DST-A2-03,2024-01-16,113.0,3.0,5,10,2
PHC-DST-A2-03,2024-01-17,99.0,4.0,5,10,0
PHC-DST-A2-03,2024-01-18,99.0,4.0,5,8,2
PHC-DST-A2-03,2024-01-19,101.0,3.0,4,12,0
PHC-DST-A2-03,2024-01-20,84.0,5.0,3,11,1
PHC-DST-A2-03,2024-01-21,44.0,3.0,5,13,2
PHC-DST-A2-03,2024-01-22,120.0,5.0,5,12,2
PHC-DST-A2-03,2024-01-23,110.0,6.0,5,13,0
PHC-DST-A2-03,2024-01-24,99.0,3.0,4,12,1
PHC-DST-A2-03,2024-01-25,94.0,4.0,3,14,2
PHC-DST-A2-03,2024-01-26,104.0,1.0,5,11,3
PHC-DST-A2-03,2024-01-27,83.0,2.0,5,11,2
PHC-DST-A2-03,2024-01-28,39.0,3.0,8,13,3
PHC-DST-A2-03,2024-01-29,117.0,4.0,6,13,1
PHC-DST-A2-03,2024-01-30,106.0,4.0,5,10,0
PHC-DST-A2-03,2024-01-31,105.0,1.0,6,11,2
PHC-DST-A2-03,2024-02-01,96.0,5.0,5,12,2
PHC-DST-A2-03,2024-02-02,97.0,5.0,4,10,3
PHC-DST-A2-03,2024-02-03,94.0,4.0,4,12,1
PHC-DST-A2-03,2024-02-04,41.0,6.0,5,12,1
PHC-DST-A2-03,2024-02-05,114.0,7.0,5,7,2
PHC-DST-A2-03,2024-02-06,99.0,0.0,6,9,1
PHC-DST-A2-03,2024-02-07,,2.0,4,8,1
PHC-DST-A2-03,2024-02-08,99.0,4.0,5,11,4
PHC-DST-A2-03,2024-02-09,100.0,2.0,4,12,2
PHC-DST-A2-03,2024-02-10,90.0,0.0,5,13,2
PHC-DST-A2-03,2024-02-11,37.0,5.0,5,9,2
PHC-DST-A2-03,2024-02-12,121.0,3.0,7,13,5
PHC-DST-A2-03,2024-02-13,107.0,5.0,4,12,5
PHC-DST-A2-03,2024-02-14,103.0,2.0,5,13,2
PHC-DST-A2-03,2024-02-15,95.0,6.0,6,9,4
PHC-DST-A2-03,2024-02-16,101.0,5.0,4,12,4
PHC-DST-A2-03,2024-02-17,91.0,1.0,6,14,9
PHC-DST-A2-03,2024-02-18,41.0,5.0,6,11,1
PHC-DST-A2-03,2024-02-19,120.0,,5,12,2
PHC-DST-A2-03,2024-02-20,108.0,1.0,4,12,1
PHC-DST-A2-03,2024-02-21,95.0,3.0,6,8,4
PHC-DST-A2-03,2024-02-22,99.0,5.0,4,10,2
PHC-DST-A2-03,2024-02-23,93.0,2.0,4,8,3
PHC-DST-A2-03,2024-02-24,88.0,4.0,4,11,1
PHC-DST-A2-03,2024-02-25,35.0,0.0,6,9,1
PHC-DST-A2-03,2024-02-26,117.0,2.0,6,11,5
PHC-DST-A2-03,2024-02-27,108.0,7.0,5,10,2
PHC-DST-A2-03,2024-02-28,100.0,1.0,6,9,1
PHC-DST-A2-03,2024-02-29,88.0,2.0,4,10,1
PHC-DST-A2-03,2024-03-01,103.0,3.0,7,15,5
PHC-DST-A2-03,2024-03-02,86.0,1.0,4,9,2
PHC-DST-A2-03,2024-03-03,42.0,2.0,6,13,3
PHC-DST-A2-03,2024-03-04,117.0,5.0,6,10,2
PHC-DST-A2-03,2024-03-05,111.0,0.0,7,10,1
PHC-DST-A2-03,2024-03-06,102.0,3.0,7,12,9
PHC-DST-A2-03,2024-03-07,102.0,5.0,6,10,2
PHC-DST-A2-03,2024-03-08,100.0,4.0,6,10,1
PHC-DST-A2-03,2024-03-09,89.0,4.0,6,11,4
PHC-DST-A2-03,2024-03-10,,4.0,6,11,0
PHC-DST-A2-03,2024-03-11,119.0,2.0,6,8,2
PHC-DST-A2-03,2024-03-12,109.0,2.0,5,12,5
PHC-DST-A2-03,2024-03-13,102.0,3.0,6,11,2
PHC-DST-A2-03,2024-03-14,101.0,2.0,5,14,2
PHC-DST-A2-03,2024-03-15,103.0,1.0,7,15,3
PHC-DST-A2-03,2024-03-16,89.0,3.0,5,8,0
PHC-DST-A2-03,2024-03-17,41.0,4.0,5,11,2
PHC-DST-A2-03,2024-03-18,118.0,2.0,5,9,0
PHC-DST-A2-03,2024-03-19,109.0,4.0,4,12,3
PHC-DST-A2-03,2024-03-20,106.0,3.0,7,12,5
PHC-DST-A2-03,2024-03-21,98.0,7.0,6,12,4
PHC-DST-A2-03,2024-03-22,91.0,4.0,2,12,2
PHC-DST-A2-03,2024-03-23,87.0,4.0,6,9,2
PHC-DST-A2-03,2024-03-24,48.0,2.0,6,13,3
PHC-DST-A2-03,2024-03-25,115.0,5.0,5,13,4
PHC-DST-A2-03,2024-03-26,117.0,10.0,7,14,6
PHC-DST-A2-03,2024-03-27,96.0,9.0,5,13,4
PHC-DST-A2-03,2024-03-28,96.0,2.0,5,10,1
PHC-DST-A2-03,2024-03-29,98.0,2.0,5,9,5
PHC-DST-A2-03,2024-03-30,93.0,6.0,7,12,2
PHC-DST-A2-03,2024-03-31,48.0,1.0,4,15,3
PHC-DST-A2-03,2024-04-01,121.0,7.0,5,13,3
PHC-DST-A2-03,2024-04-02,112.0,3.0,5,12,3
PHC-DST-A2-03,2024-04-03,104.0,1.0,5,10,1
PHC-DST-A2-03,2024-04-04,95.0,4.0,6,16,4
PHC-DST-A2-03,2024-04-05,100.0,3.0,6,12,2
PHC-DST-A2-03,2024-04-06,89.0,2.0,5,9,2
PHC-DST-A2-03,2024-04-07,47.0,3.0,4,14,1
PHC-DST-A2-03,2024-04-08,121.0,3.0,7,13,2
PHC-DST-A2-03,2024-04-09,108.0,5.0,6,7,1
PHC-DST-A2-03,2024-04-10,104.0,6.0,5,9,3
PHC-DST-A2-03,2024-04-11,94.0,3.0,5,9,0
PHC-DST-A2-03,2024-04-12,103.0,4.0,4,13,0
PHC-DST-A2-03,2024-04-13,95.0,5.0,6,15,2
PHC-DST-A2-03,2024-04-14,47.0,2.0,8,11,0
PHC-DST-A2-03,2024-04-15,123.0,6.0,6,12,1
PHC-DST-A2-03,2024-04-16,112.0,5.0,6,8,4
PHC-DST-A2-03,2024-04-17,101.0,2.0,8,10,2
PHC-DST-A2-03,2024-04-18,97.0,3.0,6,10,1
PHC-DST-A2-03,2024-04-19,101.0,4.0,6,11,1
PHC-DST-A2-03,2024-04-20,89.0,5.0,6,10,2
PHC-DST-A2-03,2024-04-21,39.0,5.0,4,8,2
PHC-DST-A2-03,2024-04-22,113.0,6.0,6,8,1
PHC-DST-A2-03,2024-04-23,105.0,1.0,6,14,2
PHC-DST-A2-03,2024-04-24,105.0,4.0,6,11,1
PHC-DST-A2-03,2024-04-25,96.0,2.0,4,12,4
PHC-DST-A2-03,2024-04-26,100.0,1.0,5,12,4
PHC-DST-A2-03,2024-04-27,85.0,2.0,6,8,3
PHC-DST-A2-03,2024-04-28,39.0,3.0,5,10,3
PHC-DST-A2-03,2024-04-29,113.0,4.0,5,9,4
PHC-DST-A2-03,2024-04-30,109.0,5.0,6,12,1
PHC-DST-A2-03,2024-05-01,105.0,1.0,3,12,1
PHC-DST-A2-03,2024-05-02,93.0,2.0,7,9,2
PHC-DST-A2-03,2024-05-03,103.0,2.0,6,11,1
PHC-DST-A2-03,2024-05-04,89.0,4.0,5,16,4
PHC-DST-A2-03,2024-05-05,36.0,3.0,4,11,4
PHC-DST-A2-03,2024-05-06,123.0,5.0,3,9,6
PHC-DST-A2-03,2024-05-07,104.0,2.0,7,9,5
PHC-DST-A2-03,2024-05-08,103.0,3.0,5,13,4
PHC-DST-A2-03,2024-05-09,99.0,3.0,6,10,4
PHC-DST-A2-03,2024-05-10,100.0,2.0,5,9,1
PHC-DST-A2-03,2024-05-11,88.0,1.0,4,15,7
PHC-DST-A2-03,2024-05-12,40.0,2.0,4,9,5
PHC-DST-A2-03,2024-05-13,115.0,4.0,5,8,2
PHC-DST-A2-03,2024-05-14,109.0,2.0,5,9,3
PHC-DST-A2-03,2024-05-15,95.0,4.0,6,11,3
PHC-DST-A2-03,2024-05-16,101.0,4.0,7,14,2
PHC-DST-A2-03,2024-05-17,104.0,5.0,5,11,4
PHC-DST-A2-03,2024-05-18,88.0,7.0,5,11,0
PHC-DST-A2-03,2024-05-19,46.0,1.0,6,13,1
PHC-DST-A2-03,2024-05-20,118.0,2.0,5,9,4
PHC-DST-A2-03,2024-05-21,115.0,7.0,5,14,4
PHC-DST-A2-03,2024-05-22,95.0,1.0,3,12,1
PHC-DST-A2-03,2024-05-23,93.0,1.0,5,10,3
PHC-DST-A2-03,2024-05-24,103.0,4.0,3,12,2
PHC-DST-A2-03,2024-05-25,89.0,3.0,6,14,2
PHC-DST-A2-03,2024-05-26,45.0,6.0,7,12,2
PHC-DST-A2-03,2024-05-27,116.0,2.0,5,12,1
PHC-DST-A2-03,2024-05-28,112.0,2.0,6,13,2
PHC-DST-A2-03,2024-05-29,97.0,6.0,6,8,4
PHC-DST-A2-03,2024-05-30,96.0,7.0,5,14,3
PHC-DST-A2-03,2024-05-31,101.0,4.0,6,11,0
PHC-DST-A2-03,2024-06-01,94.0,3.0,6,10,4
PHC-DST-A2-03,2024-06-02,44.0,6.0,6,13,5
PHC-DST-A2-03,2024-06-03,117.0,4.0,7,9,2
PHC-DST-A2-03,2024-06-04,108.0,4.0,7,9,1
PHC-DST-A2-03,2024-06-05,103.0,3.0,5,13,1
PHC-DST-A2-03,2024-06-06,94.0,4.0,5,7,2
PHC-DST-A2-03,2024-06-07,98.0,3.0,6,10,3
PHC-DST-A2-03,2024-06-08,82.0,5.0,5,5,3
PHC-DST-A2-03,2024-06-09,38.0,3.0,4,9,0
PHC-DST-A2-03,2024-06-10,123.0,4.0,6,12,2
PHC-DST-A2-03,2024-06-11,109.0,1.0,6,7,3
PHC-DST-A2-03,2024-06-12,107.0,3.0,5,16,5
PHC-DST-A2-03,2024-06-13,101.0,3.0,6,11,2
PHC-DST-A2-03,2024-06-14,99.0,9.0,7,9,3
PHC-DST-A2-03,2024-06-15,83.0,2.0,6,11,3
PHC-DST-A2-03,2024-06-16,38.0,4.0,5,10,0
PHC-DST-A2-03,2024-06-17,117.0,1.0,5,8,2
PHC-DST-A2-03,2024-06-18,111.0,3.0,6,11,0
PHC-DST-A2-03,2024-06-19,102.0,5.0,6,10,3
PHC-DST-A2-03,2024-06-20,98.0,3.0,6,11,5
PHC-DST-A2-03,2024-06-21,100.0,3.0,7,12,2
PHC-DST-A2-03,2024-06-22,89.0,4.0,4,8,1
PHC-DST-A2-03,2024-06-23,41.0,3.0,6,13,2
PHC-DST-A2-03,2024-06-24,119.0,3.0,6,11,1
PHC-DST-A2-03,2024-06-25,108.0,5.0,5,13,3
PHC-DST-A2-03,2024-06-26,103.0,4.0,5,11,5
PHC-DST-A2-03,2024-06-27,98.0,4.0,5,11,2
PHC-DST-A2-03,2024-06-28,100.0,1.0,6,10,2
PHC-DST-A2-03,2024-06-29,88.0,5.0,5,9,1
PHC-DST-A2-03,2024-06-30,42.0,7.0,6,13,3
PHC-DST-A2-03,2024-07-01,119.0,1.0,7,15,4
PHC-DST-A2-03,2024-07-02,114.0,4.0,6,15,1
PHC-DST-A2-03,2024-07-03,106.0,7.0,7,13,2
PHC-DST-A2-03,2024-07-04,99.0,7.0,6,12,4
PHC-DST-A2-03,2024-07-05,107.0,3.0,7,12,0
PHC-DST-A2-03,2024-07-06,90.0,6.0,5,8,4
PHC-DST-A2-03,2024-07-07,47.0,3.0,21,10,3
PHC-DST-A2-03,2024-07-08,121.0,2.0,13,9,5
PHC-DST-A2-03,2024-07-09,110.0,3.0,6,12,3
PHC-DST-A2-03,2024-07-10,106.0,5.0,6,12,0
PHC-DST-A2-03,2024-07-11,99.0,5.0,7,11,5
PHC-DST-A2-03,2024-07-12,100.0,3.0,5,13,4
PHC-DST-A2-03,2024-07-13,104.0,4.0,19,19,1
PHC-DST-A2-03,2024-07-14,65.0,3.0,16,28,2
PHC-DST-A2-03,2024-07-15,116.0,5.0,5,10,2
PHC-DST-A2-03,2024-07-16,114.0,4.0,16,12,2
PHC-DST-A2-03,2024-07-17,105.0,5.0,16,10,1
PHC-DST-A2-03,2024-07-18,102.0,8.0,6,14,2
PHC-DST-A2-03,2024-07-19,106.0,0.0,5,24,4
PHC-DST-A2-03,2024-07-20,95.0,3.0,13,11,2
PHC-DST-A2-03,2024-07-21,45.0,7.0,16,11,4
PHC-DST-A2-03,2024-07-22,130.0,5.0,5,27,1
PHC-DST-A2-03,2024-07-23,109.0,2.0,11,12,1
PHC-DST-A2-03,2024-07-24,115.0,4.0,18,14,3
PHC-DST-A2-03,2024-07-25,,3.0,8,10,4
PHC-DST-A2-03,2024-07-26,114.0,1.0,3,31,0
PHC-DST-A2-03,2024-07-27,89.0,4.0,5,11,3
PHC-DST-A2-03,2024-07-28,38.0,4.0,7,10,1
PHC-DST-A2-03,2024-07-29,132.0,3.0,5,29,2
PHC-DST-A2-03,2024-07-30,111.0,5.0,4,12,2
PHC-DST-A2-03,2024-07-31,,3.0,5,9,2
PHC-DST-A2-03,2024-08-01,95.0,1.0,5,13,1
PHC-DST-A2-03,2024-08-02,115.0,1.0,18,14,1
PHC-DST-A2-03,2024-08-03,99.0,3.0,20,13,1
PHC-DST-A2-03,2024-08-04,,5.0,14,12,5
PHC-DST-A2-03,2024-08-05,116.0,3.0,4,9,3
PHC-DST-A2-03,2024-08-06,108.0,3.0,18,9,4
PHC-DST-A2-03,2024-08-07,105.0,4.0,18,10,0
PHC-DST-A2-03,2024-08-08,99.0,3.0,4,18,4
PHC-DST-A2-03,2024-08-09,115.0,4.0,7,25,0
PHC-DST-A2-03,2024-08-10,89.0,4.0,7,11,2
PHC-DST-A2-03,2024-08-11,50.0,10.0,3,27,3
PHC-DST-A2-03,2024-08-12,138.0,4.0,6,28,3
PHC-DST-A2-03,2024-08-13,113.0,4.0,6,11,3
PHC-DST-A2-03,2024-08-14,108.0,4.0,6,12,5
PHC-DST-A2-03,2024-08-15,94.0,2.0,2,8,0
PHC-DST-A2-03,2024-08-16,105.0,5.0,20,9,5
PHC-DST-A2-03,2024-08-17,96.0,2.0,20,10,2
PHC-DST-A2-03,2024-08-18,47.0,2.0,15,10,6
PHC-DST-A2-03,2024-08-19,129.0,9.0,17,21,3
PHC-DST-A2-03,2024-08-20,116.0,6.0,16,12,4
PHC-DST-A2-03,2024-08-21,103.0,2.0,4,12,3
PHC-DST-A2-03,2024-08-22,113.0,4.0,6,32,4
PHC-DST-A2-03,2024-08-23,111.0,2.0,6,22,0
PHC-DST-A2-03,2024-08-24,91.0,2.0,14,10,1
PHC-DST-A2-03,2024-08-25,53.0,6.0,13,20,2
PHC-DST-A2-03,2024-08-26,122.0,3.0,6,15,2
PHC-DST-A2-03,2024-08-27,121.0,4.0,6,20,6
PHC-DST-A2-03,2024-08-28,108.0,3.0,6,15,6
PHC-DST-A2-03,2024-08-29,96.0,8.0,6,13,1
PHC-DST-A2-03,2024-08-30,113.0,4.0,17,21,3
PHC-DST-A2-03,2024-08-31,96.0,4.0,16,13,2
PHC-DST-A2-03,2024-09-01,46.0,2.0,19,10,2
PHC-DST-A2-03,2024-09-02,132.0,3.0,19,12,4
PHC-DST-A2-03,2024-09-03,105.0,2.0,3,10,1
PHC-DST-A2-03,2024-09-04,97.0,3.0,6,10,0
PHC-DST-A2-03,2024-09-05,100.0,2.0,5,17,2
PHC-DST-A2-03,2024-09-06,,4.0,7,8,2
PHC-DST-A2-03,2024-09-07,99.0,2.0,5,25,1
PHC-DST-A2-03,2024-09-08,37.0,3.0,5,9,6
PHC-DST-A2-03,2024-09-09,122.0,3.0,18,8,2
PHC-DST-A2-03,2024-09-10,118.0,2.0,19,11,6
PHC-DST-A2-03,2024-09-11,108.0,2.0,18,15,1
PHC-DST-A2-03,2024-09-12,104.0,2.0,18,11,3
PHC-DST-A2-03,2024-09-13,109.0,2.0,20,14,2
PHC-DST-A2-03,2024-09-14,112.0,4.0,17,28,1
PHC-DST-A2-03,2024-09-15,57.0,0.0,18,22,0
PHC-DST-A2-03,2024-09-16,134.0,2.0,14,24,2
PHC-DST-A2-03,2024-09-17,111.0,4.0,6,11,2
PHC-DST-A2-03,2024-09-18,115.0,3.0,4,29,3
PHC-DST-A2-03,2024-09-19,110.0,4.0,7,29,2
PHC-DST-A2-03,2024-09-20,115.0,4.0,3,27,1
PHC-DST-A2-03,2024-09-21,99.0,4.0,7,21,5
PHC-DST-A2-03,2024-09-22,40.0,2.0,5,8,4
PHC-DST-A2-03,2024-09-23,128.0,9.0,5,22,2
PHC-DST-A2-03,2024-09-24,110.0,2.0,6,13,2
PHC-DST-A2-03,2024-09-25,105.0,7.0,5,12,2
PHC-DST-A2-03,2024-09-26,96.0,2.0,6,9,4
PHC-DST-A2-03,2024-09-27,104.0,3.0,18,10,6
PHC-DST-A2-03,2024-09-28,93.0,,22,7,2
PHC-DST-A2-03,2024-09-29,47.0,5.0,16,10,2
PHC-DST-A2-03,2024-09-30,132.0,0.0,14,23,1
PHC-DST-A2-03,2024-10-01,107.0,3.0,4,11,4
PHC-DST-A2-03,2024-10-02,103.0,2.0,5,14,3
PHC-DST-A2-03,2024-10-03,109.0,3.0,5,24,3
PHC-DST-A2-03,2024-10-04,108.0,3.0,4,13,4
PHC-DST-A2-03,2024-10-05,100.0,5.0,5,30,4
PHC-DST-A2-03,2024-10-06,45.0,3.0,3,11,2
PHC-DST-A2-03,2024-10-07,124.0,3.0,5,12,2
PHC-DST-A2-03,2024-10-08,112.0,6.0,6,12,2
PHC-DST-A2-03,2024-10-09,99.0,3.0,7,11,2
PHC-DST-A2-03,2024-10-10,101.0,3.0,7,14,1
PHC-DST-A2-03,2024-10-11,99.0,2.0,4,9,3
PHC-DST-A2-03,2024-10-12,89.0,2.0,4,13,4
PHC-DST-A2-03,2024-10-13,42.0,3.0,6,11,3
PHC-DST-A2-03,2024-10-14,115.0,1.0,7,9,5
PHC-DST-A2-03,2024-10-15,109.0,3.0,3,13,1
PHC-DST-A2-03,2024-10-16,102.0,1.0,5,11,3
PHC-DST-A2-03,2024-10-17,94.0,6.0,3,10,1
PHC-DST-A2-03,2024-10-18,103.0,1.0,5,12,2
PHC-DST-A2-03,2024-10-19,,5.0,6,14,3
PHC-DST-A2-03,2024-10-20,44.0,3.0,6,9,2
PHC-DST-A2-03,2024-10-21,114.0,4.0,6,11,0
PHC-DST-A2-03,2024-10-22,112.0,3.0,5,11,0
PHC-DST-A2-03,2024-10-23,106.0,3.0,7,9,0
PHC-DST-A2-03,2024-10-24,97.0,2.0,5,10,0
PHC-DST-A2-03,2024-10-25,101.0,6.0,4,14,3
PHC-DST-A2-03,2024-10-26,88.0,6.0,4,8,2
PHC-DST-A2-03,2024-10-27,41.0,6.0,4,13,1
PHC-DST-A2-03,2024-10-28,117.0,2.0,7,12,4
PHC-DST-A2-03,2024-10-29,106.0,3.0,7,13,3
PHC-DST-A2-03,2024-10-30,103.0,2.0,5,8,3
PHC-DST-A2-03,2024-10-31,94.0,4.0,5,15,3
PHC-DST-A2-03,2024-11-01,102.0,3.0,5,11,1
PHC-DST-A2-03,2024-11-02,90.0,3.0,5,11,4
PHC-DST-A2-03,2024-11-03,43.0,1.0,6,13,4
PHC-DST-A2-03,2024-11-04,122.0,3.0,5,12,6
PHC-DST-A2-03,2024-11-05,118.0,2.0,6,15,1
PHC-DST-A2-03,2024-11-06,99.0,1.0,7,12,1
PHC-DST-A2-03,2024-11-07,90.0,,6,9,3
PHC-DST-A2-03,2024-11-08,104.0,6.0,5,12,2
PHC-DST-A2-03,2024-11-09,92.0,3.0,6,12,1
PHC-DST-A2-03,2024-11-10,43.0,1.0,6,9,1
PHC-DST-A2-03,2024-11-11,119.0,4.0,5,13,1
PHC-DST-A2-03,2024-11-12,107.0,2.0,5,12,0
PHC-DST-A2-03,2024-11-13,99.0,2.0,4,10,1
PHC-DST-A2-03,2024-11-14,98.0,8.0,3,12,4
PHC-DST-A2-03,2024-11-15,101.0,4.0,5,11,1
PHC-DST-A2-03,2024-11-16,88.0,8.0,2,13,2
PHC-DST-A2-03,2024-11-17,46.0,5.0,4,15,3
PHC-DST-A2-03,2024-11-18,118.0,1.0,4,11,1
PHC-DST-A2-03,2024-11-19,114.0,1.0,6,12,1
PHC-DST-A2-03,2024-11-20,102.0,1.0,5,12,3
PHC-DST-A2-03,2024-11-21,95.0,3.0,4,10,0
PHC-DST-A2-03,2024-11-22,103.0,6.0,6,11,4
PHC-DST-A2-03,2024-11-23,88.0,4.0,6,10,0
PHC-DST-A2-03,2024-11-24,37.0,3.0,6,13,2
PHC-DST-A2-03,2024-11-25,112.0,1.0,5,8,2
PHC-DST-A2-03,2024-11-26,106.0,5.0,4,9,2
PHC-DST-A2-03,2024-11-27,105.0,0.0,6,13,4
PHC-DST-A2-03,2024-11-28,94.0,2.0,6,13,2
PHC-DST-A2-03,2024-11-29,105.0,4.0,6,12,6
PHC-DST-A2-03,2024-11-30,90.0,3.0,6,11,0
PHC-DST-A2-03,2024-12-01,49.0,1.0,7,15,3
PHC-DST-A2-03,2024-12-02,117.0,5.0,6,13,3
PHC-DST-A2-03,2024-12-03,106.0,6.0,5,9,2
PHC-DST-A2-03,2024-12-04,104.0,4.0,7,10,3
PHC-DST-A2-03,2024-12-05,100.0,1.0,6,6,1
PHC-DST-A2-03,2024-12-06,104.0,5.0,3,11,2
PHC-DST-A2-03,2024-12-07,87.0,5.0,3,11,3
PHC-DST-A2-03,2024-12-08,45.0,3.0,8,10,0
PHC-DST-A2-03,2024-12-09,115.0,,5,13,5
PHC-DST-A2-03,2024-12-10,112.0,5.0,8,10,3
PHC-DST-A2-03,2024-12-11,103.0,4.0,8,10,7
PHC-DST-A2-03,2024-12-12,96.0,2.0,7,14,2
PHC-DST-A2-03,2024-12-13,100.0,4.0,3,13,2
PHC-DST-A2-03,2024-12-14,,8.0,3,10,2
PHC-DST-A2-03,2024-12-15,41.0,4.0,4,13,0
PHC-DST-A2-03,2024-12-16,129.0,0.0,6,13,2
PHC-DST-A2-03,2024-12-17,117.0,0.0,6,12,2
PHC-DST-A2-03,2024-12-18,106.0,4.0,6,15,2
PHC-DST-A2-03,2024-12-19,91.0,4.0,4,10,2
PHC-DST-A2-03,2024-12-20,99.0,3.0,4,12,3
PHC-DST-A2-03,2024-12-21,89.0,2.0,6,8,5
PHC-DST-A2-03,2024-12-22,44.0,3.0,5,12,3
PHC-DST-A2-03,2024-12-23,117.0,6.0,4,10,2
PHC-DST-A2-03,2024-12-24,112.0,4.0,6,12,3
PHC-DST-A2-03,2024-12-25,105.0,6.0,4,12,3
PHC-DST-A2-03,2024-12-26,102.0,2.0,5,12,3
PHC-DST-A2-03,2024-12-27,102.0,9.0,5,11,4
PHC-DST-A2-03,2024-12-28,92.0,3.0,5,13,2
PHC-DST-A2-03,2024-12-29,44.0,6.0,6,10,2
PHC-DST-A2-03,2024-12-30,118.0,4.0,5,11,5
PHC-DST-A2-03,2024-12-31,108.0,8.0,5,12,2
PHC-DST-A2-03,2025-01-01,99.0,3.0,4,9,3
PHC-DST-A2-03,2025-01-02,99.0,2.0,5,14,1
PHC-DST-A2-03,2025-01-03,98.0,7.0,6,10,3
PHC-DST-A2-03,2025-01-04,89.0,1.0,5,12,1
PHC-DST-A2-03,2025-01-05,48.0,4.0,5,14,3
PHC-DST-A2-03,2025-01-06,122.0,4.0,5,14,3
PHC-DST-A2-03,2025-01-07,101.0,1.0,6,8,3
PHC-DST-A2-03,2025-01-08,98.0,3.0,5,11,3
PHC-DST-A2-03,2025-01-09,103.0,2.0,5,15,4
PHC-DST-A2-03,2025-01-10,105.0,0.0,7,9,3
PHC-DST-A2-03,2025-01-11,86.0,6.0,5,14,2
PHC-DST-A2-03,2025-01-12,38.0,4.0,6,13,2
PHC-DST-A2-03,2025-01-13,122.0,1.0,5,12,1
PHC-DST-A2-03,2025-01-14,108.0,3.0,5,10,3
PHC-DST-A2-03,2025-01-15,106.0,2.0,6,13,1
PHC-DST-A2-03,2025-01-16,100.0,6.0,6,12,1
PHC-DST-A2-03,2025-01-17,103.0,6.0,6,9,3
PHC-DST-A2-03,2025-01-18,83.0,4.0,7,9,2
PHC-DST-A2-03,2025-01-19,41.0,5.0,4,10,5
PHC-DST-A2-03,2025-01-20,120.0,2.0,5,10,2
PHC-DST-A2-03,2025-01-21,112.0,3.0,6,13,3
PHC-DST-A2-03,2025-01-22,100.0,6.0,6,11,2
PHC-DST-A2-03,2025-01-23,98.0,4.0,5,10,1
PHC-DST-A2-03,2025-01-24,103.0,4.0,4,6,1
PHC-DST-A2-03,2025-01-25,92.0,4.0,6,11,4
PHC-DST-A2-03,2025-01-26,38.0,5.0,7,9,2
PHC-DST-A2-03,2025-01-27,121.0,4.0,6,15,4
PHC-DST-A2-03,2025-01-28,112.0,3.0,5,13,3
PHC-DST-A2-03,2025-01-29,102.0,6.0,4,11,1
PHC-DST-A2-03,2025-01-30,93.0,4.0,4,9,3
PHC-DST-A2-03,2025-01-31,102.0,3.0,6,11,3
PHC-DST-A2-03,2025-02-01,86.0,2.0,5,12,2
PHC-DST-A2-03,2025-02-02,47.0,5.0,6,15,3
PHC-DST-A2-03,2025-02-03,117.0,4.0,4,13,1
PHC-DST-A2-03,2025-02-04,112.0,2.0,5,14,0
PHC-DST-A2-03,2025-02-05,103.0,3.0,6,12,2
PHC-DST-A2-03,2025-02-06,94.0,1.0,5,10,2
PHC-DST-A2-03,2025-02-07,99.0,5.0,5,9,3
PHC-DST-A2-03,2025-02-08,90.0,1.0,4,12,3
PHC-DST-A2-03,2025-02-09,47.0,7.0,6,12,2
PHC-DST-A2-03,2025-02-10,123.0,3.0,7,9,1
PHC-DST-A2-03,2025-02-11,109.0,8.0,6,10,1
PHC-DST-A2-03,2025-02-12,101.0,5.0,8,14,2
PHC-DST-A2-03,2025-02-13,97.0,1.0,7,13,3
PHC-DST-A2-03,2025-02-14,101.0,2.0,6,10,4
PHC-DST-A2-03,2025-02-15,90.0,4.0,7,13,2
PHC-DST-A2-03,2025-02-16,42.0,1.0,4,9,1
PHC-DST-A2-03,2025-02-17,117.0,6.0,7,11,2
PHC-DST-A2-03,2025-02-18,109.0,3.0,5,13,1
PHC-DST-A2-03,2025-02-19,102.0,2.0,5,13,2
PHC-DST-A2-03,2025-02-20,101.0,4.0,5,13,2
PHC-DST-A2-03,2025-02-21,96.0,6.0,5,10,6
PHC-DST-A2-03,2025-02-22,82.0,2.0,6,8,1
PHC-DST-A2-03,2025-02-23,47.0,6.0,6,9,1
PHC-DST-A2-03,2025-02-24,113.0,3.0,6,10,4
PHC-DST-A2-03,2025-02-25,116.0,5.0,6,14,2
PHC-DST-A2-03,2025-02-26,97.0,3.0,6,11,3
PHC-DST-A2-03,2025-02-27,98.0,4.0,7,8,2
PHC-DST-A2-03,2025-02-28,102.0,2.0,5,11,1
PHC-DST-A2-03,2025-03-01,92.0,10.0,7,15,1
PHC-DST-A2-03,2025-03-02,51.0,2.0,7,13,2
PHC-DST-A2-03,2025-03-03,121.0,4.0,8,12,0
PHC-DST-A2-03,2025-03-04,112.0,6.0,7,12,4
PHC-DST-A2-03,2025-03-05,101.0,,5,13,2
PHC-DST-A2-03,2025-03-06,104.0,6.0,7,11,2
PHC-DST-A2-03,2025-03-07,99.0,3.0,6,9,6
PHC-DST-A2-03,2025-03-08,85.0,3.0,5,8,4
PHC-DST-A2-03,2025-03-09,39.0,3.0,6,11,2
PHC-DST-A2-03,2025-03-10,121.0,4.0,6,11,2
PHC-DST-A2-03,2025-03-11,109.0,4.0,5,11,1
PHC-DST-A2-03,2025-03-12,100.0,3.0,7,11,3
PHC-DST-A2-03,2025-03-13,91.0,2.0,5,10,1
PHC-DST-A2-03,2025-03-14,102.0,1.0,5,11,1
PHC-DST-A2-03,2025-03-15,86.0,6.0,4,12,0
PHC-DST-A2-03,2025-03-16,44.0,1.0,9,10,2
PHC-DST-A2-03,2025-03-17,116.0,2.0,4,11,2
PHC-DST-A2-03,2025-03-18,118.0,2.0,6,11,3
PHC-DST-A2-03,2025-03-19,105.0,5.0,7,15,0
PHC-DST-A2-03,2025-03-20,102.0,5.0,5,18,4
PHC-DST-A2-03,2025-03-21,101.0,1.0,4,13,3
PHC-DST-A2-03,2025-03-22,88.0,1.0,4,10,3
PHC-DST-A2-03,2025-03-23,35.0,6.0,5,11,2
PHC-DST-A2-03,2025-03-24,114.0,4.0,6,10,2
PHC-DST-A2-03,2025-03-25,107.0,5.0,4,11,4
PHC-DST-A2-03,2025-03-26,103.0,6.0,6,13,0
PHC-DST-A2-03,2025-03-27,100.0,1.0,5,13,2
PHC-DST-A2-03,2025-03-28,100.0,3.0,4,12,1
PHC-DST-A2-03,2025-03-29,90.0,4.0,4,9,2
PHC-DST-A2-03,2025-03-30,47.0,4.0,6,14,0
PHC-DST-A2-03,2025-03-31,120.0,2.0,4,13,4
PHC-DST-A2-03,2025-04-01,113.0,7.0,5,13,3
PHC-DST-A2-03,2025-04-02,102.0,3.0,5,10,1
PHC-DST-A2-03,2025-04-03,95.0,3.0,6,14,2
PHC-DST-A2-03,2025-04-04,99.0,3.0,7,11,3
PHC-DST-A2-03,2025-04-05,86.0,1.0,6,11,2
PHC-DST-A2-03,2025-04-06,37.0,5.0,4,7,1
PHC-DST-A2-03,2025-04-07,121.0,3.0,7,13,2
PHC-DST-A2-03,2025-04-08,110.0,3.0,5,14,4
PHC-DST-A2-03,2025-04-09,104.0,3.0,6,11,1
PHC-DST-A2-03,2025-04-10,98.0,6.0,5,14,0
PHC-DST-A2-03,2025-04-11,101.0,3.0,3,13,1
PHC-DST-A2-03,2025-04-12,90.0,4.0,5,8,1
PHC-DST-A2-03,2025-04-13,46.0,3.0,7,13,0
PHC-DST-A2-03,2025-04-14,116.0,5.0,5,13,3
PHC-DST-A2-03,2025-04-15,110.0,6.0,6,12,3
PHC-DST-A2-03,2025-04-16,102.0,2.0,5,11,3
PHC-DST-A2-03,2025-04-17,100.0,4.0,7,14,1
PHC-DST-A2-03,2025-04-18,103.0,5.0,5,11,1
PHC-DST-A2-03,2025-04-19,81.0,4.0,6,6,0
PHC-DST-A2-03,2025-04-20,40.0,6.0,5,9,1
PHC-DST-A2-03,2025-04-21,116.0,5.0,7,10,2
PHC-DST-A2-03,2025-04-22,109.0,4.0,4,13,5
PHC-DST-A2-03,2025-04-23,102.0,2.0,7,10,3
PHC-DST-A2-03,2025-04-24,94.0,2.0,5,10,1
PHC-DST-A2-03,2025-04-25,96.0,3.0,5,9,1
PHC-DST-A2-03,2025-04-26,90.0,3.0,6,12,1
PHC-DST-A2-03,2025-04-27,46.0,7.0,7,11,2
PHC-DST-A2-03,2025-04-28,114.0,4.0,5,9,2
PHC-DST-A2-03,2025-04-29,108.0,,5,8,2
PHC-DST-A2-03,2025-04-30,99.0,4.0,6,10,1
PHC-DST-A2-03,2025-05-01,98.0,,6,11,3
PHC-DST-A2-03,2025-05-02,97.0,5.0,5,6,1
PHC-DST-A2-03,2025-05-03,87.0,2.0,5,12,0
PHC-DST-A2-03,2025-05-04,47.0,4.0,8,15,3
PHC-DST-A2-03,2025-05-05,115.0,3.0,8,8,3
PHC-DST-A2-03,2025-05-06,107.0,7.0,4,11,4
PHC-DST-A2-03,2025-05-07,100.0,1.0,5,10,3
PHC-DST-A2-03,2025-05-08,97.0,1.0,5,13,1
PHC-DST-A2-03,2025-05-09,107.0,4.0,7,10,4
PHC-DST-A2-03,2025-05-10,90.0,2.0,5,14,1
PHC-DST-A2-03,2025-05-11,,1.0,6,11,6
PHC-DST-A2-03,2025-05-12,115.0,3.0,4,11,7
PHC-DST-A2-03,2025-05-13,118.0,5.0,5,12,3
PHC-DST-A2-03,2025-05-14,102.0,2.0,7,11,5
PHC-DST-A2-03,2025-05-15,101.0,4.0,6,11,4
PHC-DST-A2-03,2025-05-16,102.0,2.0,6,9,1
PHC-DST-A2-03,2025-05-17,93.0,3.0,6,13,2
PHC-DST-A2-03,2025-05-18,40.0,9.0,5,9,3
PHC-DST-A2-03,2025-05-19,123.0,6.0,6,11,0
PHC-DST-A2-03,2025-05-20,115.0,1.0,5,15,3
PHC-DST-A2-03,2025-05-21,101.0,4.0,6,8,2
PHC-DST-A2-03,2025-05-22,100.0,5.0,5,11,2
PHC-DST-A2-03,2025-05-23,106.0,9.0,6,16,2
PHC-DST-A2-03,2025-05-24,98.0,2.0,7,15,3
PHC-DST-A2-03,2025-05-25,41.0,1.0,5,12,3
PHC-DST-A2-03,2025-05-26,114.0,3.0,4,10,1
PHC-DST-A2-03,2025-05-27,114.0,4.0,4,13,2
PHC-DST-A2-03,2025-05-28,99.0,4.0,6,13,4
PHC-DST-A2-03,2025-05-29,103.0,1.0,6,10,4
PHC-DST-A2-03,2025-05-30,98.0,3.0,5,11,1
PHC-DST-A2-03,2025-05-31,92.0,1.0,6,12,0
PHC-DST-A2-03,2025-06-01,42.0,4.0,4,10,1
PHC-DST-A2-03,2025-06-02,117.0,0.0,5,15,2
PHC-DST-A2-03,2025-06-03,110.0,3.0,5,10,1
PHC-DST-A2-03,2025-06-04,102.0,2.0,6,10,2
PHC-DST-A2-03,2025-06-05,98.0,2.0,6,10,2
PHC-DST-A2-03,2025-06-06,100.0,0.0,6,10,4
PHC-DST-A2-03,2025-06-07,89.0,6.0,5,12,1
PHC-DST-A2-03,2025-06-08,40.0,2.0,5,9,2
PHC-DST-A2-03,2025-06-09,120.0,3.0,6,10,1
PHC-DST-A2-03,2025-06-10,111.0,2.0,6,11,0
PHC-DST-A2-03,2025-06-11,103.0,6.0,6,11,0
PHC-DST-A2-03,2025-06-12,97.0,5.0,6,11,5
PHC-DST-A2-03,2025-06-13,99.0,7.0,3,8,4
PHC-DST-A2-03,2025-06-14,87.0,3.0,6,11,4
PHC-DST-A2-03,2025-06-15,40.0,4.0,7,9,4
PHC-DST-A2-03,2025-06-16,115.0,4.0,6,12,4
PHC-DST-A2-03,2025-06-17,114.0,4.0,7,13,2
PHC-DST-A2-03,2025-06-18,103.0,2.0,5,11,3
PHC-DST-A2-03,2025-06-19,100.0,4.0,5,12,2
PHC-DST-A2-03,2025-06-20,106.0,2.0,6,12,3
PHC-DST-A2-03,2025-06-21,88.0,2.0,7,9,0
PHC-DST-A2-03,2025-06-22,43.0,2.0,5,9,2
PHC-DST-A2-03,2025-06-23,124.0,2.0,6,12,2
PHC-DST-A2-03,2025-06-24,114.0,7.0,9,11,0
PHC-DST-A2-03,2025-06-25,102.0,2.0,6,11,5
PHC-DST-A2-03,2025-06-26,97.0,3.0,6,7,2
PHC-DST-A2-03,2025-06-27,102.0,7.0,7,10,1
PHC-DST-A2-03,2025-06-28,89.0,3.0,8,12,3
PHC-DST-A2-03,2025-06-29,39.0,6.0,4,12,3
PHC-DST-A2-03,2025-06-30,116.0,4.0,5,10,3
PHC-DST-A2-04,2024-01-01,85.0,2.0,4,8,0
PHC-DST-A2-04,2024-01-02,83.0,4.0,4,6,3
PHC-DST-A2-04,2024-01-03,78.0,4.0,5,7,2
PHC-DST-A2-04,2024-01-04,72.0,2.0,3,7,0
PHC-DST-A2-04,2024-01-05,75.0,2.0,4,9,1
PHC-DST-A2-04,2024-01-06,71.0,2.0,4,9,3
PHC-DST-A2-04,2024-01-07,35.0,5.0,5,8,3
PHC-DST-A2-04,2024-01-08,90.0,4.0,3,10,3
PHC-DST-A2-04,2024-01-09,85.0,3.0,4,12,4
PHC-DST-A2-04,2024-01-10,80.0,1.0,3,7,1
PHC-DST-A2-04,2024-01-11,73.0,3.0,4,7,2
PHC-DST-A2-04,2024-01-12,75.0,2.0,5,7,2
PHC-DST-A2-04,2024-01-13,68.0,0.0,5,10,3
PHC-DST-A2-04,2024-01-14,34.0,,4,9,2
PHC-DST-A2-04,2024-01-15,90.0,6.0,5,9,2
PHC-DST-A2-04,2024-01-16,84.0,2.0,5,8,2
PHC-DST-A2-04,2024-01-17,79.0,2.0,3,9,2
PHC-DST-A2-04,2024-01-18,76.0,5.0,5,9,2
PHC-DST-A2-04,2024-01-19,77.0,1.0,5,10,2
PHC-DST-A2-04,2024-01-20,69.0,3.0,4,9,2
PHC-DST-A2-04,2024-01-21,30.0,2.0,3,6,2
PHC-DST-A2-04,2024-01-22,89.0,2.0,5,6,2
PHC-DST-A2-04,2024-01-23,80.0,5.0,5,8,2
PHC-DST-A2-04,2024-01-24,81.0,2.0,6,9,0
PHC-DST-A2-04,2024-01-25,76.0,0.0,3,10,1
PHC-DST-A2-04,2024-01-26,78.0,1.0,5,8,1
PHC-DST-A2-04,2024-01-27,72.0,0.0,5,11,1
PHC-DST-A2-04,2024-01-28,33.0,4.0,5,8,2
PHC-DST-A2-04,2024-01-29,96.0,3.0,4,7,1
PHC-DST-A2-04,2024-01-30,86.0,5.0,6,7,2
PHC-DST-A2-04,2024-01-31,80.0,2.0,2,9,2
PHC-DST-A2-04,2024-02-01,66.0,1.0,4,9,1
PHC-DST-A2-04,2024-02-02,80.0,1.0,5,10,1
PHC-DST-A2-04,2024-02-03,64.0,3.0,4,4,4
PHC-DST-A2-04,2024-02-04,36.0,3.0,5,12,3
PHC-DST-A2-04,2024-02-05,91.0,2.0,4,8,3
PHC-DST-A2-04,2024-02-06,84.0,4.0,3,8,3
PHC-DST-A2-04,2024-02-07,75.0,4.0,5,7,1
PHC-DST-A2-04,2024-02-08,72.0,1.0,3,7,1
PHC-DST-A2-04,2024-02-09,80.0,2.0,5,10,3
PHC-DST-A2-04,2024-02-10,69.0,2.0,4,6,4
PHC-DST-A2-04,2024-02-11,26.0,2.0,4,7,2
PHC-DST-A2-04,2024-02-12,96.0,5.0,4,6,1
PHC-DST-A2-04,2024-02-13,87.0,5.0,4,13,2
PHC-DST-A2-04,2024-02-14,77.0,3.0,3,8,1
PHC-DST-A2-04,2024-02-15,72.0,2.0,6,6,0
PHC-DST-A2-04,2024-02-16,71.0,,5,8,2
PHC-DST-A2-04,2024-02-17,71.0,2.0,4,10,3
PHC-DST-A2-04,2024-02-18,35.0,2.0,3,10,3
PHC-DST-A2-04,2024-02-19,92.0,0.0,3,8,1
PHC-DST-A2-04,2024-02-20,83.0,3.0,3,8,4
PHC-DST-A2-04,2024-02-21,76.0,3.0,5,7,1
PHC-DST-A2-04,2024-02-22,74.0,0.0,4,6,3
PHC-DST-A2-04,2024-02-23,77.0,3.0,6,2,4
PHC-DST-A2-04,2024-02-24,72.0,3.0,3,7,3
PHC-DST-A2-04,2024-02-25,37.0,1.0,3,11,1
PHC-DST-A2-04,2024-02-26,92.0,1.0,3,8,4
PHC-DST-A2-04,2024-02-27,86.0,2.0,5,8,1
PHC-DST-A2-04,2024-02-28,76.0,4.0,3,9,1
PHC-DST-A2-04,2024-02-29,74.0,1.0,6,8,1
PHC-DST-A2-04,2024-03-01,76.0,6.0,4,9,4
PHC-DST-A2-04,2024-03-02,68.0,2.0,6,10,4
PHC-DST-A2-04,2024-03-03,37.0,3.0,5,11,1
PHC-DST-A2-04,2024-03-04,91.0,1.0,7,7,2
PHC-DST-A2-04,2024-03-05,83.0,4.0,5,9,1
PHC-DST-A2-04,2024-03-06,81.0,3.0,4,9,1
PHC-DST-A2-04,2024-03-07,76.0,4.0,5,9,0
PHC-DST-A2-04,2024-03-08,77.0,0.0,5,8,2
PHC-DST-A2-04,2024-03-09,57.0,2.0,4,6,0
PHC-DST-A2-04,2024-03-10,32.0,3.0,3,11,2
PHC-DST-A2-04,2024-03-11,89.0,2.0,3,12,2
PHC-DST-A2-04,2024-03-12,79.0,1.0,3,8,0
PHC-DST-A2-04,2024-03-13,79.0,3.0,3,9,3
PHC-DST-A2-04,2024-03-14,74.0,4.0,6,8,0
PHC-DST-A2-04,2024-03-15,80.0,4.0,4,8,2
PHC-DST-A2-04,2024-03-16,62.0,2.0,4,7,5
PHC-DST-A2-04,2024-03-17,37.0,3.0,5,8,1
PHC-DST-A2-04,2024-03-18,94.0,1.0,5,7,2
PHC-DST-A2-04,2024-03-19,86.0,3.0,5,8,1
PHC-DST-A2-04,2024-03-20,80.0,2.0,6,10,3
PHC-DST-A2-04,2024-03-21,,2.0,5,8,1
PHC-DST-A2-04,2024-03-22,76.0,4.0,2,8,2
PHC-DST-A2-04,2024-03-23,62.0,4.0,4,9,3
PHC-DST-A2-04,2024-03-24,31.0,6.0,4,9,3
PHC-DST-A2-04,2024-03-25,91.0,2.0,4,10,0
PHC-DST-A2-04,2024-03-26,79.0,2.0,3,8,2
PHC-DST-A2-04,2024-03-27,79.0,2.0,5,7,1
PHC-DST-A2-04,2024-03-28,77.0,1.0,4,12,1
PHC-DST-A2-04,2024-03-29,76.0,1.0,4,9,1
PHC-DST-A2-04,2024-03-30,62.0,2.0,3,6,4
PHC-DST-A2-04,2024-03-31,34.0,4.0,3,8,3
PHC-DST-A2-04,2024-04-01,89.0,4.0,4,6,0
PHC-DST-A2-04,2024-04-02,85.0,0.0,5,8,2
PHC-DST-A2-04,2024-04-03,80.0,3.0,6,9,0
PHC-DST-A2-04,2024-04-04,74.0,3.0,6,6,2
PHC-DST-A2-04,2024-04-05,79.0,4.0,3,9,1
PHC-DST-A2-04,2024-04-06,72.0,7.0,3,9,1
PHC-DST-A2-04,2024-04-07,31.0,4.0,4,9,2
PHC-DST-A2-04,2024-04-08,95.0,2.0,2,9,3
PHC-DST-A2-04,2024-04-09,84.0,2.0,4,7,2
PHC-DST-A2-04,2024-04-10,74.0,5.0,6,6,0
PHC-DST-A2-04,2024-04-11,75.0,6.0,5,11,6
PHC-DST-A2-04,2024-04-12,80.0,5.0,3,9,1
PHC-DST-A2-04,2024-04-13,70.0,2.0,5,9,2
PHC-DST-A2-04,2024-04-14,26.0,0.0,2,7,2
PHC-DST-A2-04,2024-04-15,91.0,2.0,5,7,0
PHC-DST-A2-04,2024-04-16,82.0,2.0,5,8,0
PHC-DST-A2-04,2024-04-17,74.0,3.0,3,8,0
PHC-DST-A2-04,2024-04-18,71.0,4.0,5,7,3
PHC-DST-A2-04,2024-04-19,85.0,3.0,6,10,1
PHC-DST-A2-04,2024-04-20,67.0,2.0,4,8,1
PHC-DST-A2-04,2024-04-21,32.0,2.0,6,10,0
PHC-DST-A2-04,2024-04-22,88.0,5.0,5,6,2
PHC-DST-A2-04,2024-04-23,82.0,3.0,6,9,0
PHC-DST-A2-04,2024-04-24,78.0,0.0,3,10,0
PHC-DST-A2-04,2024-04-25,75.0,3.0,3,9,1
PHC-DST-A2-04,2024-04-26,80.0,3.0,3,7,5
PHC-DST-A2-04,2024-04-27,65.0,2.0,3,9,3
PHC-DST-A2-04,2024-04-28,33.0,4.0,4,9,0
PHC-DST-A2-04,2024-04-29,94.0,4.0,5,6,3
PHC-DST-A2-04,2024-04-30,90.0,2.0,5,10,1
PHC-DST-A2-04,2024-05-01,73.0,6.0,5,8,0
PHC-DST-A2-04,2024-05-02,71.0,4.0,4,8,1
PHC-DST-A2-04,2024-05-03,73.0,2.0,4,7,2
PHC-DST-A2-04,2024-05-04,65.0,0.0,3,6,1
PHC-DST-A2-04,2024-05-05,30.0,2.0,2,6,2
PHC-DST-A2-04,2024-05-06,91.0,4.0,3,10,2
PHC-DST-A2-04,2024-05-07,91.0,2.0,6,7,1
PHC-DST-A2-04,2024-05-08,79.0,3.0,5,9,1
PHC-DST-A2-04,2024-05-09,75.0,1.0,4,8,3
PHC-DST-A2-04,2024-05-10,79.0,3.0,3,10,1
PHC-DST-A2-04,2024-05-11,68.0,2.0,4,8,2
PHC-DST-A2-04,2024-05-12,27.0,3.0,3,10,3
PHC-DST-A2-04,2024-05-13,88.0,4.0,4,9,2
PHC-DST-A2-04,2024-05-14,82.0,1.0,4,8,2
PHC-DST-A2-04,2024-05-15,78.0,3.0,4,9,5
PHC-DST-A2-04,2024-05-16,72.0,3.0,6,5,1
PHC-DST-A2-04,2024-05-17,83.0,1.0,3,12,2
PHC-DST-A2-04,2024-05-18,64.0,4.0,4,8,3
PHC-DST-A2-04,2024-05-19,31.0,5.0,4,9,0
PHC-DST-A2-04,2024-05-20,97.0,0.0,4,8,3
PHC-DST-A2-04,2024-05-21,80.0,5.0,4,8,2
PHC-DST-A2-04,2024-05-22,76.0,5.0,5,7,2
PHC-DST-A2-04,2024-05-23,72.0,1.0,5,9,1
PHC-DST-A2-04,2024-05-24,77.0,1.0,5,10,3
PHC-DST-A2-04,2024-05-25,63.0,0.0,4,9,4
PHC-DST-A2-04,2024-05-26,27.0,2.0,4,9,4
PHC-DST-A2-04,2024-05-27,91.0,4.0,4,8,1
PHC-DST-A2-04,2024-05-28,82.0,2.0,3,8,1
PHC-DST-A2-04,2024-05-29,77.0,2.0,3,6,0
PHC-DST-A2-04,2024-05-30,71.0,5.0,6,4,3
PHC-DST-A2-04,2024-05-31,77.0,5.0,3,9,2
PHC-DST-A2-04,2024-06-01,71.0,4.0,5,11,2
PHC-DST-A2-04,2024-06-02,32.0,3.0,6,8,2
PHC-DST-A2-04,2024-06-03,94.0,3.0,4,9,1
PHC-DST-A2-04,2024-06-04,84.0,2.0,4,9,0
PHC-DST-A2-04,2024-06-05,77.0,1.0,6,7,0
PHC-DST-A2-04,2024-06-06,70.0,2.0,3,9,3
PHC-DST-A2-04,2024-06-07,78.0,2.0,5,7,2
PHC-DST-A2-04,2024-06-08,67.0,,3,9,0
PHC-DST-A2-04,2024-06-09,34.0,3.0,5,8,4
PHC-DST-A2-04,2024-06-10,92.0,0.0,3,8,3
PHC-DST-A2-04,2024-06-11,86.0,3.0,4,11,2
PHC-DST-A2-04,2024-06-12,78.0,4.0,4,9,1
PHC-DST-A2-04,2024-06-13,76.0,8.0,3,11,3
PHC-DST-A2-04,2024-06-14,74.0,4.0,5,7,0
PHC-DST-A2-04,2024-06-15,67.0,4.0,6,8,2
PHC-DST-A2-04,2024-06-16,32.0,3.0,4,9,3
PHC-DST-A2-04,2024-06-17,89.0,0.0,2,9,1
PHC-DST-A2-04,2024-06-18,85.0,3.0,4,11,2
PHC-DST-A2-04,2024-06-19,77.0,8.0,4,9,3
PHC-DST-A2-04,2024-06-20,72.0,4.0,6,9,1
PHC-DST-A2-04,2024-06-21,71.0,2.0,3,9,2
PHC-DST-A2-04,2024-06-22,66.0,4.0,3,7,1
PHC-DST-A2-04,2024-06-23,27.0,3.0,4,7,1
PHC-DST-A2-04,2024-06-24,93.0,5.0,4,9,3
PHC-DST-A2-04,2024-06-25,88.0,10.0,7,9,2
PHC-DST-A2-04,2024-06-26,80.0,3.0,3,10,2
PHC-DST-A2-04,2024-06-27,74.0,2.0,5,6,2
PHC-DST-A2-04,2024-06-28,78.0,6.0,5,7,2
PHC-DST-A2-04,2024-06-29,64.0,4.0,6,8,0
PHC-DST-A2-04,2024-06-30,30.0,4.0,3,6,2
PHC-DST-A2-04,2024-07-01,84.0,2.0,1,6,3
PHC-DST-A2-04,2024-07-02,87.0,1.0,5,9,4
PHC-DST-A2-04,2024-07-03,77.0,5.0,4,7,0
PHC-DST-A2-04,2024-07-04,78.0,4.0,3,9,1
PHC-DST-A2-04,2024-07-05,80.0,5.0,4,10,5
PHC-DST-A2-04,2024-07-06,68.0,1.0,3,5,3
PHC-DST-A2-04,2024-07-07,38.0,6.0,10,9,0
PHC-DST-A2-04,2024-07-08,102.0,2.0,15,7,1
PHC-DST-A2-04,2024-07-09,83.0,2.0,3,8,0
PHC-DST-A2-04,2024-07-10,76.0,3.0,5,6,0
PHC-DST-A2-04,2024-07-11,74.0,6.0,6,6,3
PHC-DST-A2-04,2024-07-12,74.0,4.0,4,10,2
PHC-DST-A2-04,2024-07-13,82.0,2.0,15,21,3
PHC-DST-A2-04,2024-07-14,42.0,3.0,9,20,2
PHC-DST-A2-04,2024-07-15,88.0,2.0,4,5,4
PHC-DST-A2-04,2024-07-16,90.0,5.0,17,8,4
PHC-DST-A2-04,2024-07-17,,5.0,16,8,1
PHC-DST-A2-04,2024-07-18,73.0,1.0,4,8,3
PHC-DST-A2-04,2024-07-19,90.0,2.0,5,20,1
PHC-DST-A2-04,2024-07-20,75.0,7.0,11,9,3
PHC-DST-A2-04,2024-07-21,31.0,4.0,12,8,2
PHC-DST-A2-04,2024-07-22,98.0,2.0,4,22,4
PHC-DST-A2-04,2024-07-23,86.0,1.0,10,7,1
PHC-DST-A2-04,2024-07-24,85.0,0.0,13,11,1
PHC-DST-A2-04,2024-07-25,72.0,4.0,5,6,3
PHC-DST-A2-04,2024-07-26,89.0,1.0,3,20,0
PHC-DST-A2-04,2024-07-27,65.0,4.0,3,9,4
PHC-DST-A2-04,2024-07-28,35.0,1.0,5,7,0
PHC-DST-A2-04,2024-07-29,97.0,3.0,3,23,3
PHC-DST-A2-04,2024-07-30,82.0,3.0,5,8,3
PHC-DST-A2-04,2024-07-31,80.0,3.0,6,12,2
PHC-DST-A2-04,2024-08-01,70.0,3.0,4,6,2
PHC-DST-A2-04,2024-08-02,81.0,4.0,11,8,3
PHC-DST-A2-04,2024-08-03,75.0,1.0,15,11,3
PHC-DST-A2-04,2024-08-04,36.0,0.0,11,12,1
PHC-DST-A2-04,2024-08-05,92.0,0.0,3,7,4
PHC-DST-A2-04,2024-08-06,86.0,2.0,12,6,1
PHC-DST-A2-04,2024-08-07,79.0,2.0,9,7,0
PHC-DST-A2-04,2024-08-08,88.0,1.0,5,23,2
PHC-DST-A2-04,2024-08-09,88.0,1.0,3,19,3
PHC-DST-A2-04,2024-08-10,74.0,4.0,2,11,1
PHC-DST-A2-04,2024-08-11,45.0,2.0,5,17,3
PHC-DST-A2-04,2024-08-12,100.0,3.0,3,17,4
PHC-DST-A2-04,2024-08-13,86.0,0.0,5,8,3
PHC-DST-A2-04,2024-08-14,79.0,3.0,3,10,0
PHC-DST-A2-04,2024-08-15,74.0,3.0,4,8,4
PHC-DST-A2-04,2024-08-16,88.0,2.0,15,9,4
PHC-DST-A2-04,2024-08-17,70.0,2.0,12,8,4
PHC-DST-A2-04,2024-08-18,42.0,1.0,16,10,4
PHC-DST-A2-04,2024-08-19,109.0,0.0,14,20,4
PHC-DST-A2-04,2024-08-20,93.0,5.0,17,7,3
PHC-DST-A2-04,2024-08-21,76.0,2.0,4,8,3
PHC-DST-A2-04,2024-08-22,84.0,1.0,5,21,3
PHC-DST-A2-04,2024-08-23,83.0,4.0,4,15,1
PHC-DST-A2-04,2024-08-24,80.0,4.0,15,11,3
PHC-DST-A2-04,2024-08-25,51.0,3.0,13,22,0
PHC-DST-A2-04,2024-08-26,91.0,3.0,7,8,0
PHC-DST-A2-04,2024-08-27,98.0,4.0,4,21,4
PHC-DST-A2-04,2024-08-28,74.0,5.0,3,6,0
PHC-DST-A2-04,2024-08-29,76.0,1.0,5,7,3
PHC-DST-A2-04,2024-08-30,98.0,1.0,15,19,1
PHC-DST-A2-04,2024-08-31,71.0,1.0,14,6,2
PHC-DST-A2-04,2024-09-01,39.0,2.0,11,8,1
PHC-DST-A2-04,2024-09-02,,1.0,11,7,0
PHC-DST-A2-04,2024-09-03,87.0,2.0,5,7,0
PHC-DST-A2-04,2024-09-04,84.0,4.0,5,7,2
PHC-DST-A2-04,2024-09-05,77.0,7.0,5,17,2
PHC-DST-A2-04,2024-09-06,83.0,2.0,3,10,2
PHC-DST-A2-04,2024-09-07,63.0,3.0,3,16,1
PHC-DST-A2-04,2024-09-08,27.0,6.0,0,7,0
PHC-DST-A2-04,2024-09-09,94.0,3.0,12,9,2
PHC-DST-A2-04,2024-09-10,93.0,2.0,9,10,3
PHC-DST-A2-04,2024-09-11,86.0,,18,11,1
PHC-DST-A2-04,2024-09-12,85.0,1.0,10,10,3
PHC-DST-A2-04,2024-09-13,79.0,3.0,12,7,3
PHC-DST-A2-04,2024-09-14,89.0,3.0,15,23,2
PHC-DST-A2-04,2024-09-15,46.0,1.0,11,24,0
PHC-DST-A2-04,2024-09-16,108.0,5.0,13,22,3
PHC-DST-A2-04,2024-09-17,80.0,2.0,5,6,0
PHC-DST-A2-04,2024-09-18,88.0,2.0,5,16,0
PHC-DST-A2-04,2024-09-19,83.0,0.0,3,21,0
PHC-DST-A2-04,2024-09-20,81.0,3.0,4,17,0
PHC-DST-A2-04,2024-09-21,81.0,3.0,4,20,1
PHC-DST-A2-04,2024-09-22,32.0,2.0,3,6,0
PHC-DST-A2-04,2024-09-23,99.0,3.0,4,23,2
PHC-DST-A2-04,2024-09-24,88.0,5.0,4,7,1
PHC-DST-A2-04,2024-09-25,80.0,4.0,3,10,0
PHC-DST-A2-04,2024-09-26,75.0,1.0,2,10,1
PHC-DST-A2-04,2024-09-27,83.0,5.0,12,10,4
PHC-DST-A2-04,2024-09-28,74.0,0.0,11,10,3
PHC-DST-A2-04,2024-09-29,41.0,2.0,10,11,0
PHC-DST-A2-04,2024-09-30,106.0,2.0,13,20,2
PHC-DST-A2-04,2024-10-01,89.0,3.0,5,9,2
PHC-DST-A2-04,2024-10-02,82.0,1.0,4,10,2
PHC-DST-A2-04,2024-10-03,82.0,6.0,3,16,1
PHC-DST-A2-04,2024-10-04,79.0,4.0,3,7,2
PHC-DST-A2-04,2024-10-05,77.0,1.0,6,16,0
PHC-DST-A2-04,2024-10-06,36.0,3.0,4,11,1
PHC-DST-A2-04,2024-10-07,96.0,0.0,3,8,1
PHC-DST-A2-04,2024-10-08,86.0,4.0,4,10,0
PHC-DST-A2-04,2024-10-09,80.0,6.0,5,9,2
PHC-DST-A2-04,2024-10-10,76.0,3.0,5,10,3
PHC-DST-A2-04,2024-10-11,77.0,1.0,4,8,3
PHC-DST-A2-04,2024-10-12,71.0,1.0,5,7,2
PHC-DST-A2-04,2024-10-13,32.0,1.0,5,7,2
PHC-DST-A2-04,2024-10-14,92.0,0.0,4,8,3
PHC-DST-A2-04,2024-10-15,82.0,3.0,4,6,5
PHC-DST-A2-04,2024-10-16,79.0,2.0,3,8,3
PHC-DST-A2-04,2024-10-17,72.0,3.0,5,7,2
PHC-DST-A2-04,2024-10-18,80.0,1.0,3,10,1
PHC-DST-A2-04,2024-10-19,72.0,3.0,4,13,4
PHC-DST-A2-04,2024-10-20,36.0,1.0,4,9,0
PHC-DST-A2-04,2024-10-21,94.0,4.0,4,12,1
PHC-DST-A2-04,2024-10-22,82.0,6.0,4,8,4
PHC-DST-A2-04,2024-10-23,,0.0,2,10,4
PHC-DST-A2-04,2024-10-24,70.0,2.0,2,8,2
PHC-DST-A2-04,2024-10-25,79.0,3.0,5,8,8
PHC-DST-A2-04,2024-10-26,69.0,2.0,6,10,2
PHC-DST-A2-04,2024-10-27,37.0,9.0,6,9,0
PHC-DST-A2-04,2024-10-28,93.0,2.0,5,7,4
PHC-DST-A2-04,2024-10-29,82.0,2.0,5,10,2
PHC-DST-A2-04,2024-10-30,76.0,4.0,3,7,1
PHC-DST-A2-04,2024-10-31,74.0,4.0,4,6,3
PHC-DST-A2-04,2024-11-01,74.0,4.0,2,7,2
PHC-DST-A2-04,2024-11-02,65.0,3.0,5,9,1
PHC-DST-A2-04,2024-11-03,29.0,3.0,4,8,1
PHC-DST-A2-04,2024-11-04,89.0,2.0,3,7,0
PHC-DST-A2-04,2024-11-05,89.0,1.0,5,11,3
PHC-DST-A2-04,2024-11-06,78.0,3.0,4,12,0
PHC-DST-A2-04,2024-11-07,82.0,5.0,4,10,0
PHC-DST-A2-04,2024-11-08,85.0,2.0,4,9,0
PHC-DST-A2-04,2024-11-09,70.0,3.0,4,7,1
PHC-DST-A2-04,2024-11-10,34.0,3.0,4,6,6
PHC-DST-A2-04,2024-11-11,94.0,3.0,4,12,2
PHC-DST-A2-04,2024-11-12,89.0,4.0,4,10,3
PHC-DST-A2-04,2024-11-13,76.0,3.0,3,7,4
PHC-DST-A2-04,2024-11-14,69.0,1.0,5,9,3
PHC-DST-A2-04,2024-11-15,82.0,5.0,4,11,4
PHC-DST-A2-04,2024-11-16,65.0,0.0,3,6,1
PHC-DST-A2-04,2024-11-17,30.0,,5,11,2
PHC-DST-A2-04,2024-11-18,94.0,1.0,3,9,2
PHC-DST-A2-04,2024-11-19,81.0,2.0,5,8,1
PHC-DST-A2-04,2024-11-20,77.0,4.0,5,7,5
PHC-DST-A2-04,2024-11-21,73.0,0.0,3,6,1
PHC-DST-A2-04,2024-11-22,75.0,2.0,4,7,1
PHC-DST-A2-04,2024-11-23,66.0,4.0,2,10,0
PHC-DST-A2-04,2024-11-24,30.0,2.0,2,7,1
PHC-DST-A2-04,2024-11-25,92.0,4.0,4,12,4
PHC-DST-A2-04,2024-11-26,87.0,3.0,2,10,2
PHC-DST-A2-04,2024-11-27,79.0,1.0,6,7,2
PHC-DST-A2-04,2024-11-28,76.0,2.0,4,6,3
PHC-DST-A2-04,2024-11-29,80.0,1.0,5,6,1
PHC-DST-A2-04,2024-11-30,76.0,1.0,2,12,2
PHC-DST-A2-04,2024-12-01,30.0,2.0,5,8,1
PHC-DST-A2-04,2024-12-02,,2.0,5,8,0
PHC-DST-A2-04,2024-12-03,87.0,0.0,6,9,2
PHC-DST-A2-04,2024-12-04,72.0,3.0,1,9,2
PHC-DST-A2-04,2024-12-05,75.0,1.0,5,6,3
PHC-DST-A2-04,2024-12-06,74.0,1.0,3,8,3
PHC-DST-A2-04,2024-12-07,66.0,2.0,4,8,2
PHC-DST-A2-04,2024-12-08,32.0,2.0,6,10,2
PHC-DST-A2-04,2024-12-09,94.0,6.0,3,11,3
PHC-DST-A2-04,2024-12-10,80.0,3.0,3,10,1
PHC-DST-A2-04,2024-12-11,73.0,3.0,3,7,2
PHC-DST-A2-04,2024-12-12,73.0,6.0,3,8,2
PHC-DST-A2-04,2024-12-13,77.0,2.0,3,7,3
PHC-DST-A2-04,2024-12-14,65.0,4.0,2,9,3
PHC-DST-A2-04,2024-12-15,34.0,3.0,4,10,1
PHC-DST-A2-04,2024-12-16,99.0,1.0,5,12,1
PHC-DST-A2-04,2024-12-17,84.0,4.0,3,9,3
PHC-DST-A2-04,2024-12-18,77.0,3.0,4,10,1
PHC-DST-A2-04,2024-12-19,73.0,1.0,5,10,3
PHC-DST-A2-04,2024-12-20,76.0,4.0,7,8,4
PHC-DST-A2-04,2024-12-21,67.0,4.0,3,8,0
PHC-DST-A2-04,2024-12-22,27.0,6.0,5,4,0
PHC-DST-A2-04,2024-12-23,86.0,4.0,3,7,1
PHC-DST-A2-04,2024-12-24,85.0,1.0,4,10,0
PHC-DST-A2-04,2024-12-25,78.0,6.0,4,10,0
PHC-DST-A2-04,2024-12-26,75.0,2.0,4,10,4
PHC-DST-A2-04,2024-12-27,80.0,,3,7,1
PHC-DST-A2-04,2024-12-28,65.0,4.0,3,10,0
PHC-DST-A2-04,2024-12-29,36.0,2.0,3,11,0
PHC-DST-A2-04,2024-12-30,94.0,0.0,3,9,2
PHC-DST-A2-04,2024-12-31,87.0,4.0,3,8,1
PHC-DST-A2-04,2025-01-01,73.0,2.0,4,8,2
PHC-DST-A2-04,2025-01-02,73.0,2.0,4,8,2
PHC-DST-A2-04,2025-01-03,71.0,,4,5,4
PHC-DST-A2-04,2025-01-04,73.0,2.0,4,9,1
PHC-DST-A2-04,2025-01-05,35.0,3.0,6,8,0
PHC-DST-A2-04,2025-01-06,88.0,3.0,3,7,1
PHC-DST-A2-04,2025-01-07,80.0,3.0,4,9,1
PHC-DST-A2-04,2025-01-08,78.0,4.0,3,9,1
PHC-DST-A2-04,2025-01-09,76.0,4.0,3,9,2
PHC-DST-A2-04,2025-01-10,73.0,3.0,3,8,2
PHC-DST-A2-04,2025-01-11,72.0,4.0,7,8,3
PHC-DST-A2-04,2025-01-12,36.0,5.0,5,10,0
PHC-DST-A2-04,2025-01-13,94.0,4.0,3,7,2
PHC-DST-A2-04,2025-01-14,82.0,2.0,4,9,3
PHC-DST-A2-04,2025-01-15,81.0,2.0,3,12,3
PHC-DST-A2-04,2025-01-16,71.0,8.0,4,9,1
PHC-DST-A2-04,2025-01-17,78.0,4.0,5,9,2
PHC-DST-A2-04,2025-01-18,70.0,1.0,5,8,0
PHC-DST-A2-04,2025-01-19,36.0,2.0,4,9,2
PHC-DST-A2-04,2025-01-20,87.0,3.0,4,6,1
PHC-DST-A2-04,2025-01-21,86.0,1.0,3,7,3
PHC-DST-A2-04,2025-01-22,75.0,2.0,5,7,1
PHC-DST-A2-04,2025-01-23,77.0,5.0,6,10,0
PHC-DST-A2-04,2025-01-24,79.0,1.0,4,10,2
PHC-DST-A2-04,2025-01-25,69.0,2.0,2,11,0
PHC-DST-A2-04,2025-01-26,32.0,0.0,3,6,1
PHC-DST-A2-04,2025-01-27,90.0,4.0,3,8,2
PHC-DST-A2-04,2025-01-28,89.0,3.0,4,12,3
PHC-DST-A2-04,2025-01-29,79.0,,4,11,3
PHC-DST-A2-04,2025-01-30,75.0,1.0,5,10,6
PHC-DST-A2-04,2025-01-31,71.0,4.0,2,7,2
PHC-DST-A2-04,2025-02-01,,7.0,5,9,2
PHC-DST-A2-04,2025-02-02,28.0,1.0,2,7,3
PHC-DST-A2-04,2025-02-03,92.0,2.0,4,11,1
PHC-DST-A2-04,2025-02-04,79.0,1.0,3,9,0
PHC-DST-A2-04,2025-02-05,77.0,6.0,5,6,0
PHC-DST-A2-04,2025-02-06,75.0,6.0,3,7,1
PHC-DST-A2-04,2025-02-07,81.0,3.0,3,9,3
PHC-DST-A2-04,2025-02-08,68.0,2.0,4,8,2
PHC-DST-A2-04,2025-02-09,36.0,2.0,3,9,1
PHC-DST-A2-04,2025-02-10,89.0,2.0,6,5,3
PHC-DST-A2-04,2025-02-11,84.0,1.0,5,10,4
PHC-DST-A2-04,2025-02-12,74.0,5.0,4,8,1
PHC-DST-A2-04,2025-02-13,80.0,0.0,3,11,2
PHC-DST-A2-04,2025-02-14,77.0,2.0,5,11,2
PHC-DST-A2-04,2025-02-15,69.0,4.0,2,9,0
PHC-DST-A2-04,2025-02-16,33.0,3.0,5,11,2
PHC-DST-A2-04,2025-02-17,97.0,2.0,6,8,2
PHC-DST-A2-04,2025-02-18,83.0,3.0,3,8,4
PHC-DST-A2-04,2025-02-19,76.0,5.0,6,7,4
PHC-DST-A2-04,2025-02-20,81.0,1.0,6,10,2
PHC-DST-A2-04,2025-02-21,81.0,3.0,4,13,0
PHC-DST-A2-04,2025-02-22,,4.0,4,10,0
PHC-DST-A2-04,2025-02-23,35.0,2.0,3,10,1
PHC-DST-A2-04,2025-02-24,92.0,3.0,5,7,4
PHC-DST-A2-04,2025-02-25,84.0,1.0,6,7,1
PHC-DST-A2-04,2025-02-26,80.0,1.0,3,7,1
PHC-DST-A2-04,2025-02-27,71.0,4.0,4,8,5
PHC-DST-A2-04,2025-02-28,74.0,4.0,4,8,0
PHC-DST-A2-04,2025-03-01,66.0,0.0,6,8,4
PHC-DST-A2-04,2025-03-02,27.0,3.0,4,6,4
PHC-DST-A2-04,2025-03-03,97.0,1.0,4,9,1
PHC-DST-A2-04,2025-03-04,84.0,2.0,3,9,1
PHC-DST-A2-04,2025-03-05,76.0,3.0,2,10,5
PHC-DST-A2-04,2025-03-06,76.0,4.0,3,11,3
PHC-DST-A2-04,2025-03-07,83.0,3.0,2,10,3
PHC-DST-A2-04,2025-03-08,67.0,3.0,4,10,1
PHC-DST-A2-04,2025-03-09,39.0,3.0,3,10,1
PHC-DST-A2-04,2025-03-10,93.0,3.0,8,7,0
PHC-DST-A2-04,2025-03-11,84.0,3.0,4,6,1
PHC-DST-A2-04,2025-03-12,77.0,5.0,4,9,2
PHC-DST-A2-04,2025-03-13,75.0,2.0,4,6,1
PHC-DST-A2-04,2025-03-14,76.0,2.0,3,5,1
PHC-DST-A2-04,2025-03-15,,3.0,3,9,0
PHC-DST-A2-04,2025-03-16,29.0,2.0,6,9,6
PHC-DST-A2-04,2025-03-17,95.0,2.0,3,11,1
PHC-DST-A2-04,2025-03-18,85.0,2.0,4,9,5
PHC-DST-A2-04,2025-03-19,79.0,,5,9,2
PHC-DST-A2-04,2025-03-20,72.0,3.0,2,9,3
PHC-DST-A2-04,2025-03-21,76.0,2.0,4,7,2
PHC-DST-A2-04,2025-03-22,65.0,2.0,3,8,0
PHC-DST-A2-04,2025-03-23,34.0,5.0,7,8,2
PHC-DST-A2-04,2025-03-24,95.0,8.0,4,7,0
PHC-DST-A2-04,2025-03-25,85.0,2.0,4,7,3
PHC-DST-A2-04,2025-03-26,73.0,2.0,3,7,0
PHC-DST-A2-04,2025-03-27,72.0,3.0,3,8,2
PHC-DST-A2-04,2025-03-28,72.0,5.0,2,10,2
PHC-DST-A2-04,2025-03-29,73.0,0.0,6,12,3
PHC-DST-A2-04,2025-03-30,32.0,0.0,4,9,2
PHC-DST-A2-04,2025-03-31,95.0,6.0,5,9,2
PHC-DST-A2-04,2025-04-01,87.0,2.0,4,8,3
PHC-DST-A2-04,2025-04-02,76.0,2.0,4,7,3
PHC-DST-A2-04,2025-04-03,75.0,2.0,4,8,2
PHC-DST-A2-04,2025-04-04,74.0,2.0,4,8,0
PHC-DST-A2-04,2025-04-05,62.0,5.0,2,10,2
PHC-DST-A2-04,2025-04-06,32.0,1.0,3,5,2
PHC-DST-A2-04,2025-04-07,88.0,2.0,3,6,2
PHC-DST-A2-04,2025-04-08,84.0,2.0,4,7,0
PHC-DST-A2-04,2025-04-09,80.0,3.0,6,8,1
PHC-DST-A2-04,2025-04-10,72.0,6.0,3,9,0
PHC-DST-A2-04,2025-04-11,85.0,1.0,4,13,3
PHC-DST-A2-04,2025-04-12,64.0,3.0,3,10,2
PHC-DST-A2-04,2025-04-13,26.0,1.0,4,7,1
PHC-DST-A2-04,2025-04-14,90.0,0.0,3,8,0
PHC-DST-A2-04,2025-04-15,81.0,3.0,2,8,0
PHC-DST-A2-04,2025-04-16,80.0,2.0,5,8,2
PHC-DST-A2-04,2025-04-17,70.0,1.0,4,9,1
PHC-DST-A2-04,2025-04-18,79.0,3.0,3,10,1
PHC-DST-A2-04,2025-04-19,68.0,4.0,4,8,2
PHC-DST-A2-04,2025-04-20,35.0,4.0,3,8,1
PHC-DST-A2-04,2025-04-21,88.0,4.0,5,6,1
PHC-DST-A2-04,2025-04-22,88.0,5.0,4,8,4
PHC-DST-A2-04,2025-04-23,79.0,2.0,6,7,3
PHC-DST-A2-04,2025-04-24,70.0,4.0,5,8,0
PHC-DST-A2-04,2025-04-25,76.0,0.0,4,8,3
PHC-DST-A2-04,2025-04-26,70.0,1.0,6,10,2
PHC-DST-A2-04,2025-04-27,35.0,4.0,7,9,2
PHC-DST-A2-04,2025-04-28,94.0,4.0,5,9,2
PHC-DST-A2-04,2025-04-29,82.0,2.0,4,9,5
PHC-DST-A2-04,2025-04-30,75.0,4.0,4,9,2
PHC-DST-A2-04,2025-05-01,74.0,4.0,4,12,1
PHC-DST-A2-04,2025-05-02,79.0,4.0,6,8,2
PHC-DST-A2-04,2025-05-03,70.0,5.0,4,8,2
PHC-DST-A2-04,2025-05-04,32.0,3.0,7,8,2
PHC-DST-A2-04,2025-05-05,93.0,4.0,5,10,3
PHC-DST-A2-04,2025-05-06,84.0,1.0,4,7,1
PHC-DST-A2-04,2025-05-07,77.0,3.0,3,8,3
PHC-DST-A2-04,2025-05-08,74.0,2.0,5,11,3
PHC-DST-A2-04,2025-05-09,81.0,3.0,5,7,1
PHC-DST-A2-04,2025-05-10,67.0,1.0,5,10,0
PHC-DST-A2-04,2025-05-11,,5.0,4,10,2
PHC-DST-A2-04,2025-05-12,87.0,1.0,4,7,3
PHC-DST-A2-04,2025-05-13,88.0,,4,9,3
PHC-DST-A2-04,2025-05-14,75.0,2.0,4,8,2
PHC-DST-A2-04,2025-05-15,77.0,3.0,4,9,2
PHC-DST-A2-04,2025-05-16,78.0,2.0,4,8,1
PHC-DST-A2-04,2025-05-17,65.0,5.0,7,5,0
PHC-DST-A2-04,2025-05-18,33.0,3.0,2,8,1
PHC-DST-A2-04,2025-05-19,95.0,3.0,5,11,2
PHC-DST-A2-04,2025-05-20,86.0,1.0,6,9,6
PHC-DST-A2-04,2025-05-21,80.0,7.0,5,9,5
PHC-DST-A2-04,2025-05-22,70.0,3.0,6,7,0
PHC-DST-A2-04,2025-05-23,78.0,6.0,4,12,1
PHC-DST-A2-04,2025-05-24,63.0,4.0,5,3,2
PHC-DST-A2-04,2025-05-25,31.0,5.0,6,12,2
PHC-DST-A2-04,2025-05-26,86.0,4.0,4,8,3
PHC-DST-A2-04,2025-05-27,88.0,4.0,5,9,1
PHC-DST-A2-04,2025-05-28,78.0,2.0,4,7,3
PHC-DST-A2-04,2025-05-29,69.0,4.0,4,7,1
PHC-DST-A2-04,2025-05-30,76.0,1.0,5,12,0
PHC-DST-A2-04,2025-05-31,70.0,3.0,5,10,0
PHC-DST-A2-04,2025-06-01,27.0,2.0,6,6,2
PHC-DST-A2-04,2025-06-02,91.0,3.0,4,12,1
PHC-DST-A2-04,2025-06-03,85.0,3.0,3,10,1
PHC-DST-A2-04,2025-06-04,75.0,2.0,2,8,3
PHC-DST-A2-04,2025-06-05,71.0,3.0,6,8,3
PHC-DST-A2-04,2025-06-06,80.0,3.0,1,9,2
PHC-DST-A2-04,2025-06-07,72.0,3.0,5,7,0
PHC-DST-A2-04,2025-06-08,27.0,1.0,3,10,3
PHC-DST-A2-04,2025-06-09,93.0,1.0,4,11,1
PHC-DST-A2-04,2025-06-10,88.0,2.0,6,6,2
PHC-DST-A2-04,2025-06-11,76.0,3.0,4,8,2
PHC-DST-A2-04,2025-06-12,70.0,1.0,4,6,3
PHC-DST-A2-04,2025-06-13,82.0,2.0,4,10,1
PHC-DST-A2-04,2025-06-14,72.0,3.0,4,10,1
PHC-DST-A2-04,2025-06-15,34.0,2.0,6,11,3
PHC-DST-A2-04,2025-06-16,89.0,4.0,1,8,0
PHC-DST-A2-04,2025-06-17,79.0,0.0,5,7,4
PHC-DST-A2-04,2025-06-18,78.0,4.0,4,10,2
PHC-DST-A2-04,2025-06-19,72.0,1.0,4,6,2
PHC-DST-A2-04,2025-06-20,83.0,3.0,7,7,4
PHC-DST-A2-04,2025-06-21,67.0,3.0,5,4,0
PHC-DST-A2-04,2025-06-22,39.0,4.0,3,10,4
PHC-DST-A2-04,2025-06-23,91.0,2.0,5,6,1
PHC-DST-A2-04,2025-06-24,86.0,4.0,3,7,3
PHC-DST-A2-04,2025-06-25,77.0,3.0,4,7,1
PHC-DST-A2-04,2025-06-26,66.0,1.0,4,6,5
PHC-DST-A2-04,2025-06-27,80.0,3.0,5,9,3
PHC-DST-A2-04,2025-06-28,64.0,5.0,5,9,2
PHC-DST-A2-04,2025-06-29,30.0,0.0,5,7,3
PHC-DST-A2-04,2025-06-30,92.0,3.0,5,8,3
PHC-DST-A2-05,2024-01-01,102.0,3.0,4,11,3
PHC-DST-A2-05,2024-01-02,,2.0,4,9,1
PHC-DST-A2-05,2024-01-03,87.0,1.0,4,7,1
PHC-DST-A2-05,2024-01-04,83.0,3.0,5,8,2
PHC-DST-A2-05,2024-01-05,94.0,7.0,5,11,2
PHC-DST-A2-05,2024-01-06,80.0,2.0,3,13,0
PHC-DST-A2-05,2024-01-07,36.0,2.0,6,9,1
PHC-DST-A2-05,2024-01-08,99.0,4.0,6,9,3
PHC-DST-A2-05,2024-01-09,94.0,7.0,5,8,1
PHC-DST-A2-05,2024-01-10,88.0,1.0,4,7,4
PHC-DST-A2-05,2024-01-11,80.0,0.0,4,11,2
PHC-DST-A2-05,2024-01-12,90.0,1.0,5,8,4
PHC-DST-A2-05,2024-01-13,78.0,4.0,7,6,1
PHC-DST-A2-05,2024-01-14,32.0,1.0,3,12,2
PHC-DST-A2-05,2024-01-15,109.0,1.0,7,13,2
PHC-DST-A2-05,2024-01-16,95.0,7.0,5,10,2
PHC-DST-A2-05,2024-01-17,94.0,3.0,5,12,2
PHC-DST-A2-05,2024-01-18,85.0,1.0,4,6,2
PHC-DST-A2-05,2024-01-19,84.0,6.0,6,9,4
PHC-DST-A2-05,2024-01-20,77.0,7.0,7,9,0
PHC-DST-A2-05,2024-01-21,34.0,3.0,5,9,1
PHC-DST-A2-05,2024-01-22,112.0,4.0,4,10,1
PHC-DST-A2-05,2024-01-23,90.0,1.0,6,8,1
PHC-DST-A2-05,2024-01-24,89.0,3.0,5,9,3
PHC-DST-A2-05,2024-01-25,85.0,5.0,3,12,3
PHC-DST-A2-05,2024-01-26,89.0,5.0,4,11,2
PHC-DST-A2-05,2024-01-27,84.0,1.0,5,12,3
PHC-DST-A2-05,2024-01-28,32.0,1.0,6,10,4
PHC-DST-A2-05,2024-01-29,105.0,6.0,7,12,1
PHC-DST-A2-05,2024-01-30,96.0,4.0,4,12,2
PHC-DST-A2-05,2024-01-31,89.0,4.0,3,10,6
PHC-DST-A2-05,2024-02-01,84.0,3.0,6,10,0
PHC-DST-A2-05,2024-02-02,86.0,4.0,4,7,2
PHC-DST-A2-05,2024-02-03,76.0,3.0,5,10,2
PHC-DST-A2-05,2024-02-04,44.0,2.0,6,11,2
PHC-DST-A2-05,2024-02-05,104.0,3.0,5,9,5
PHC-DST-A2-05,2024-02-06,94.0,7.0,4,11,2
PHC-DST-A2-05,2024-02-07,,4.0,4,8,1
PHC-DST-A2-05,2024-02-08,88.0,3.0,6,12,2
PHC-DST-A2-05,2024-02-09,91.0,2.0,4,10,0
PHC-DST-A2-05,2024-02-10,73.0,5.0,5,9,1
PHC-DST-A2-05,2024-02-11,35.0,1.0,4,7,1
PHC-DST-A2-05,2024-02-12,109.0,4.0,4,13,1
PHC-DST-A2-05,2024-02-13,97.0,1.0,6,8,1
PHC-DST-A2-05,2024-02-14,87.0,5.0,4,9,1
PHC-DST-A2-05,2024-02-15,85.0,8.0,6,8,4
PHC-DST-A2-05,2024-02-16,87.0,2.0,4,9,2
PHC-DST-A2-05,2024-02-17,77.0,5.0,3,10,1
PHC-DST-A2-05,2024-02-18,38.0,2.0,7,11,4
PHC-DST-A2-05,2024-02-19,97.0,3.0,3,6,0
PHC-DST-A2-05,2024-02-20,93.0,0.0,4,7,4
PHC-DST-A2-05,2024-02-21,94.0,0.0,4,11,3
PHC-DST-A2-05,2024-02-22,95.0,2.0,4,13,1
PHC-DST-A2-05,2024-02-23,87.0,4.0,4,8,0
PHC-DST-A2-05,2024-02-24,71.0,6.0,5,9,2
PHC-DST-A2-05,2024-02-25,38.0,5.0,4,7,1
PHC-DST-A2-05,2024-02-26,110.0,4.0,6,10,0
PHC-DST-A2-05,2024-02-27,98.0,1.0,5,11,4
PHC-DST-A2-05,2024-02-28,88.0,2.0,6,9,2
PHC-DST-A2-05,2024-02-29,80.0,3.0,4,9,2
PHC-DST-A2-05,2024-03-01,80.0,3.0,3,6,4
PHC-DST-A2-05,2024-03-02,80.0,5.0,5,12,4
PHC-DST-A2-05,2024-03-03,34.0,0.0,4,9,1
PHC-DST-A2-05,2024-03-04,104.0,5.0,6,8,2
PHC-DST-A2-05,2024-03-05,98.0,3.0,5,10,1
PHC-DST-A2-05,2024-03-06,85.0,5.0,5,10,1
PHC-DST-A2-05,2024-03-07,83.0,3.0,6,9,0
PHC-DST-A2-05,2024-03-08,86.0,0.0,5,8,2
PHC-DST-A2-05,2024-03-09,81.0,4.0,6,12,1
PHC-DST-A2-05,2024-03-10,34.0,5.0,4,10,3
PHC-DST-A2-05,2024-03-11,98.0,3.0,4,8,3
PHC-DST-A2-05,2024-03-12,94.0,2.0,5,10,0
PHC-DST-A2-05,2024-03-13,95.0,2.0,5,10,4
PHC-DST-A2-05,2024-03-14,90.0,1.0,5,11,1
PHC-DST-A2-05,2024-03-15,91.0,2.0,6,11,2
PHC-DST-A2-05,2024-03-16,78.0,1.0,6,9,4
PHC-DST-A2-05,2024-03-17,37.0,1.0,5,8,5
PHC-DST-A2-05,2024-03-18,95.0,2.0,3,5,3
PHC-DST-A2-05,2024-03-19,95.0,2.0,2,10,3
PHC-DST-A2-05,2024-03-20,89.0,5.0,4,9,2
PHC-DST-A2-05,2024-03-21,86.0,5.0,6,11,0
PHC-DST-A2-05,2024-03-22,86.0,0.0,3,11,1
PHC-DST-A2-05,2024-03-23,79.0,2.0,6,13,1
PHC-DST-A2-05,2024-03-24,34.0,3.0,5,8,2
PHC-DST-A2-05,2024-03-25,101.0,5.0,5,12,1
PHC-DST-A2-05,2024-03-26,97.0,1.0,7,10,0
PHC-DST-A2-05,2024-03-27,,1.0,5,11,1
PHC-DST-A2-05,2024-03-28,81.0,1.0,4,11,2
PHC-DST-A2-05,2024-03-29,90.0,2.0,7,10,1
PHC-DST-A2-05,2024-03-30,79.0,3.0,4,9,1
PHC-DST-A2-05,2024-03-31,32.0,2.0,5,9,2
PHC-DST-A2-05,2024-04-01,101.0,3.0,4,9,4
PHC-DST-A2-05,2024-04-02,99.0,3.0,5,12,1
PHC-DST-A2-05,2024-04-03,86.0,4.0,5,9,2
PHC-DST-A2-05,2024-04-04,87.0,1.0,3,11,3
PHC-DST-A2-05,2024-04-05,94.0,3.0,5,11,2
PHC-DST-A2-05,2024-04-06,82.0,2.0,6,9,1
PHC-DST-A2-05,2024-04-07,34.0,7.0,4,8,0
PHC-DST-A2-05,2024-04-08,101.0,4.0,4,13,1
PHC-DST-A2-05,2024-04-09,91.0,5.0,5,6,3
PHC-DST-A2-05,2024-04-10,86.0,5.0,4,10,2
PHC-DST-A2-05,2024-04-11,79.0,6.0,6,8,2
PHC-DST-A2-05,2024-04-12,88.0,4.0,5,7,0
PHC-DST-A2-05,2024-04-13,74.0,5.0,4,10,2
PHC-DST-A2-05,2024-04-14,32.0,3.0,4,8,3
PHC-DST-A2-05,2024-04-15,101.0,1.0,4,11,3
PHC-DST-A2-05,2024-04-16,99.0,2.0,7,7,1
PHC-DST-A2-05,2024-04-17,92.0,4.0,8,8,1
PHC-DST-A2-05,2024-04-18,83.0,2.0,5,10,2
PHC-DST-A2-05,2024-04-19,91.0,2.0,6,11,1
PHC-DST-A2-05,2024-04-20,80.0,3.0,7,13,3
PHC-DST-A2-05,2024-04-21,38.0,3.0,5,8,3
PHC-DST-A2-05,2024-04-22,105.0,4.0,6,10,3
PHC-DST-A2-05,2024-04-23,88.0,2.0,5,8,0
PHC-DST-A2-05,2024-04-24,84.0,2.0,5,8,1
PHC-DST-A2-05,2024-04-25,83.0,4.0,5,9,2
PHC-DST-A2-05,2024-04-26,89.0,2.0,5,9,1
PHC-DST-A2-05,2024-04-27,75.0,0.0,2,8,1
PHC-DST-A2-05,2024-04-28,30.0,7.0,4,10,3
PHC-DST-A2-05,2024-04-29,103.0,4.0,5,12,3
PHC-DST-A2-05,2024-04-30,100.0,4.0,6,9,3
PHC-DST-A2-05,2024-05-01,86.0,2.0,4,10,1
PHC-DST-A2-05,2024-05-02,85.0,5.0,5,9,3
PHC-DST-A2-05,2024-05-03,94.0,1.0,3,12,3
PHC-DST-A2-05,2024-05-04,80.0,1.0,7,10,3
PHC-DST-A2-05,2024-05-05,41.0,7.0,6,12,4
PHC-DST-A2-05,2024-05-06,106.0,2.0,4,13,2
PHC-DST-A2-05,2024-05-07,98.0,6.0,7,8,1
PHC-DST-A2-05,2024-05-08,93.0,3.0,4,13,3
PHC-DST-A2-05,2024-05-09,83.0,2.0,4,9,3
PHC-DST-A2-05,2024-05-10,89.0,5.0,5,12,4
PHC-DST-A2-05,2024-05-11,77.0,4.0,6,8,1
PHC-DST-A2-05,2024-05-12,32.0,4.0,6,7,2
PHC-DST-A2-05,2024-05-13,102.0,3.0,4,6,2
PHC-DST-A2-05,2024-05-14,95.0,5.0,6,9,3
PHC-DST-A2-05,2024-05-15,90.0,5.0,6,9,1
PHC-DST-A2-05,2024-05-16,79.0,4.0,3,7,1
PHC-DST-A2-05,2024-05-17,84.0,2.0,8,9,5
PHC-DST-A2-05,2024-05-18,76.0,2.0,5,8,0
PHC-DST-A2-05,2024-05-19,32.0,1.0,5,7,2
PHC-DST-A2-05,2024-05-20,99.0,7.0,4,7,2
PHC-DST-A2-05,2024-05-21,95.0,0.0,6,6,2
PHC-DST-A2-05,2024-05-22,88.0,5.0,4,10,4
PHC-DST-A2-05,2024-05-23,85.0,1.0,5,10,2
PHC-DST-A2-05,2024-05-24,86.0,6.0,5,9,0
PHC-DST-A2-05,2024-05-25,77.0,4.0,3,9,1
PHC-DST-A2-05,2024-05-26,37.0,1.0,6,7,1
PHC-DST-A2-05,2024-05-27,103.0,4.0,4,9,2
PHC-DST-A2-05,2024-05-28,98.0,0.0,5,10,4
PHC-DST-A2-05,2024-05-29,85.0,2.0,3,9,0
PHC-DST-A2-05,2024-05-30,82.0,1.0,3,9,3
PHC-DST-A2-05,2024-05-31,87.0,2.0,6,8,1
PHC-DST-A2-05,2024-06-01,79.0,2.0,7,12,4
PHC-DST-A2-05,2024-06-02,37.0,1.0,4,12,0
PHC-DST-A2-05,2024-06-03,98.0,3.0,3,9,5
PHC-DST-A2-05,2024-06-04,97.0,1.0,4,8,4
PHC-DST-A2-05,2024-06-05,82.0,2.0,3,4,1
PHC-DST-A2-05,2024-06-06,85.0,1.0,6,9,3
PHC-DST-A2-05,2024-06-07,93.0,4.0,5,11,0
PHC-DST-A2-05,2024-06-08,80.0,3.0,5,10,2
PHC-DST-A2-05,2024-06-09,40.0,1.0,4,10,1
PHC-DST-A2-05,2024-06-10,103.0,4.0,6,14,3
PHC-DST-A2-05,2024-06-11,96.0,3.0,6,12,0
PHC-DST-A2-05,2024-06-12,83.0,4.0,4,6,1
PHC-DST-A2-05,2024-06-13,82.0,5.0,4,9,1
PHC-DST-A2-05,2024-06-14,89.0,5.0,5,8,2
PHC-DST-A2-05,2024-06-15,75.0,5.0,6,7,2
PHC-DST-A2-05,2024-06-16,39.0,7.0,5,14,4
PHC-DST-A2-05,2024-06-17,111.0,1.0,5,9,4
PHC-DST-A2-05,2024-06-18,90.0,1.0,6,6,4
PHC-DST-A2-05,2024-06-19,89.0,9.0,5,9,2
PHC-DST-A2-05,2024-06-20,86.0,3.0,5,10,2
PHC-DST-A2-05,2024-06-21,87.0,6.0,4,7,6
PHC-DST-A2-05,2024-06-22,74.0,3.0,7,10,2
PHC-DST-A2-05,2024-06-23,44.0,4.0,7,11,8
PHC-DST-A2-05,2024-06-24,102.0,1.0,4,10,3
PHC-DST-A2-05,2024-06-25,92.0,4.0,3,10,1
PHC-DST-A2-05,2024-06-26,88.0,3.0,5,9,1
PHC-DST-A2-05,2024-06-27,85.0,7.0,5,13,6
PHC-DST-A2-05,2024-06-28,93.0,4.0,6,9,7
PHC-DST-A2-05,2024-06-29,74.0,1.0,6,8,1
PHC-DST-A2-05,2024-06-30,37.0,1.0,5,7,7
PHC-DST-A2-05,2024-07-01,105.0,2.0,5,8,4
PHC-DST-A2-05,2024-07-02,94.0,1.0,5,8,5
PHC-DST-A2-05,2024-07-03,89.0,2.0,5,10,1
PHC-DST-A2-05,2024-07-04,88.0,5.0,4,11,4
PHC-DST-A2-05,2024-07-05,90.0,2.0,5,11,4
PHC-DST-A2-05,2024-07-06,76.0,2.0,3,10,1
PHC-DST-A2-05,2024-07-07,43.0,3.0,18,8,4
PHC-DST-A2-05,2024-07-08,112.0,1.0,15,12,1
PHC-DST-A2-05,2024-07-09,93.0,7.0,6,10,5
PHC-DST-A2-05,2024-07-10,87.0,5.0,4,9,3
PHC-DST-A2-05,2024-07-11,84.0,1.0,5,7,1
PHC-DST-A2-05,2024-07-12,91.0,2.0,7,12,0
PHC-DST-A2-05,2024-07-13,85.0,0.0,15,16,1
PHC-DST-A2-05,2024-07-14,47.0,1.0,11,24,2
PHC-DST-A2-05,2024-07-15,100.0,4.0,5,10,1
PHC-DST-A2-05,2024-07-16,103.0,4.0,18,9,2
PHC-DST-A2-05,2024-07-17,85.0,4.0,15,9,3
PHC-DST-A2-05,2024-07-18,88.0,1.0,6,11,1
PHC-DST-A2-05,2024-07-19,99.0,3.0,5,23,2
PHC-DST-A2-05,2024-07-20,87.0,3.0,15,10,3
PHC-DST-A2-05,2024-07-21,47.0,1.0,16,9,2
PHC-DST-A2-05,2024-07-22,115.0,0.0,4,23,2
PHC-DST-A2-05,2024-07-23,98.0,5.0,12,8,2
PHC-DST-A2-05,2024-07-24,91.0,5.0,12,9,2
PHC-DST-A2-05,2024-07-25,85.0,4.0,5,10,2
PHC-DST-A2-05,2024-07-26,100.0,4.0,7,25,1
PHC-DST-A2-05,2024-07-27,74.0,3.0,6,11,1
PHC-DST-A2-05,2024-07-28,40.0,7.0,7,10,5
PHC-DST-A2-05,2024-07-29,,2.0,6,23,5
PHC-DST-A2-05,2024-07-30,93.0,3.0,4,9,1
PHC-DST-A2-05,2024-07-31,94.0,6.0,5,11,6
PHC-DST-A2-05,2024-08-01,86.0,3.0,5,10,3
PHC-DST-A2-05,2024-08-02,96.0,2.0,16,10,1
PHC-DST-A2-05,2024-08-03,82.0,3.0,14,10,2
PHC-DST-A2-05,2024-08-04,41.0,8.0,15,9,3
PHC-DST-A2-05,2024-08-05,107.0,,3,11,3
PHC-DST-A2-05,2024-08-06,100.0,2.0,12,11,3
PHC-DST-A2-05,2024-08-07,93.0,4.0,15,10,4
PHC-DST-A2-05,2024-08-08,93.0,5.0,6,22,3
PHC-DST-A2-05,2024-08-09,96.0,2.0,5,20,3
PHC-DST-A2-05,2024-08-10,83.0,3.0,6,12,3
PHC-DST-A2-05,2024-08-11,54.0,2.0,3,25,0
PHC-DST-A2-05,2024-08-12,118.0,4.0,5,23,4
PHC-DST-A2-05,2024-08-13,97.0,4.0,5,11,1
PHC-DST-A2-05,2024-08-14,93.0,2.0,7,12,2
PHC-DST-A2-05,2024-08-15,84.0,3.0,4,9,1
PHC-DST-A2-05,2024-08-16,96.0,3.0,13,10,4
PHC-DST-A2-05,2024-08-17,88.0,2.0,17,9,3
PHC-DST-A2-05,2024-08-18,45.0,5.0,17,13,3
PHC-DST-A2-05,2024-08-19,125.0,5.0,20,21,2
PHC-DST-A2-05,2024-08-20,108.0,3.0,17,11,3
PHC-DST-A2-05,2024-08-21,87.0,5.0,4,11,0
PHC-DST-A2-05,2024-08-22,94.0,3.0,3,22,3
PHC-DST-A2-05,2024-08-23,97.0,9.0,6,19,1
PHC-DST-A2-05,2024-08-24,83.0,5.0,18,10,4
PHC-DST-A2-05,2024-08-25,52.0,4.0,13,22,2
PHC-DST-A2-05,2024-08-26,98.0,,6,5,5
PHC-DST-A2-05,2024-08-27,102.0,4.0,2,23,0
PHC-DST-A2-05,2024-08-28,94.0,5.0,7,12,3
PHC-DST-A2-05,2024-08-29,87.0,1.0,7,11,0
PHC-DST-A2-05,2024-08-30,108.0,3.0,12,26,3
PHC-DST-A2-05,2024-08-31,86.0,2.0,18,8,4
PHC-DST-A2-05,2024-09-01,50.0,3.0,17,12,1
PHC-DST-A2-05,2024-09-02,110.0,1.0,17,9,2
PHC-DST-A2-05,2024-09-03,96.0,3.0,6,10,2
PHC-DST-A2-05,2024-09-04,94.0,2.0,6,9,5
PHC-DST-A2-05,2024-09-05,89.0,4.0,5,19,1
PHC-DST-A2-05,2024-09-06,91.0,6.0,5,12,1
PHC-DST-A2-05,2024-09-07,87.0,1.0,5,24,2
PHC-DST-A2-05,2024-09-08,37.0,3.0,3,6,3
PHC-DST-A2-05,2024-09-09,107.0,4.0,16,8,0
PHC-DST-A2-05,2024-09-10,97.0,2.0,10,11,4
PHC-DST-A2-05,2024-09-11,93.0,4.0,12,11,3
PHC-DST-A2-05,2024-09-12,96.0,2.0,18,10,5
PHC-DST-A2-05,2024-09-13,98.0,5.0,11,10,3
PHC-DST-A2-05,2024-09-14,87.0,1.0,16,14,2
PHC-DST-A2-05,2024-09-15,50.0,7.0,11,24,2
PHC-DST-A2-05,2024-09-16,116.0,3.0,14,26,3
PHC-DST-A2-05,2024-09-17,90.0,4.0,3,10,1
PHC-DST-A2-05,2024-09-18,96.0,3.0,4,18,5
PHC-DST-A2-05,2024-09-19,102.0,3.0,3,29,1
PHC-DST-A2-05,2024-09-20,106.0,5.0,7,27,1
PHC-DST-A2-05,2024-09-21,81.0,2.0,3,16,1
PHC-DST-A2-05,2024-09-22,32.0,3.0,4,9,3
PHC-DST-A2-05,2024-09-23,115.0,4.0,5,21,2
PHC-DST-A2-05,2024-09-24,98.0,2.0,5,11,0
PHC-DST-A2-05,2024-09-25,87.0,1.0,3,12,4
PHC-DST-A2-05,2024-09-26,92.0,2.0,8,10,3
PHC-DST-A2-05,2024-09-27,92.0,4.0,13,9,2
PHC-DST-A2-05,2024-09-28,83.0,4.0,14,10,0
PHC-DST-A2-05,2024-09-29,41.0,5.0,15,9,2
PHC-DST-A2-05,2024-09-30,121.0,3.0,11,27,0
PHC-DST-A2-05,2024-10-01,94.0,4.0,4,11,3
PHC-DST-A2-05,2024-10-02,86.0,3.0,5,9,3
PHC-DST-A2-05,2024-10-03,90.0,3.0,4,17,1
PHC-DST-A2-05,2024-10-04,82.0,2.0,4,9,0
PHC-DST-A2-05,2024-10-05,82.0,0.0,7,22,3
PHC-DST-A2-05,2024-10-06,40.0,3.0,6,8,4
PHC-DST-A2-05,2024-10-07,102.0,10.0,5,7,2
PHC-DST-A2-05,2024-10-08,93.0,6.0,5,11,1
PHC-DST-A2-05,2024-10-09,,4.0,5,10,3
PHC-DST-A2-05,2024-10-10,82.0,6.0,3,11,3
PHC-DST-A2-05,2024-10-11,85.0,3.0,5,8,2
PHC-DST-A2-05,2024-10-12,,2.0,5,10,3
PHC-DST-A2-05,2024-10-13,34.0,5.0,4,12,2
PHC-DST-A2-05,2024-10-14,102.0,4.0,6,6,3
PHC-DST-A2-05,2024-10-15,95.0,5.0,5,10,2
PHC-DST-A2-05,2024-10-16,89.0,1.0,4,11,4
PHC-DST-A2-05,2024-10-17,90.0,2.0,6,13,1
PHC-DST-A2-05,2024-10-18,92.0,1.0,4,12,1
PHC-DST-A2-05,2024-10-19,76.0,4.0,2,8,0
PHC-DST-A2-05,2024-10-20,29.0,2.0,5,4,0
PHC-DST-A2-05,2024-10-21,97.0,2.0,4,6,3
PHC-DST-A2-05,2024-10-22,93.0,1.0,6,8,2
PHC-DST-A2-05,2024-10-23,91.0,4.0,7,8,3
PHC-DST-A2-05,2024-10-24,84.0,4.0,4,13,3
PHC-DST-A2-05,2024-10-25,82.0,3.0,4,8,4
PHC-DST-A2-05,2024-10-26,84.0,1.0,6,11,1
PHC-DST-A2-05,2024-10-27,37.0,3.0,6,9,0
PHC-DST-A2-05,2024-10-28,105.0,1.0,3,11,3
PHC-DST-A2-05,2024-10-29,99.0,3.0,5,11,3
PHC-DST-A2-05,2024-10-30,88.0,9.0,6,10,2
PHC-DST-A2-05,2024-10-31,82.0,6.0,4,10,0
PHC-DST-A2-05,2024-11-01,93.0,1.0,5,9,4
PHC-DST-A2-05,2024-11-02,81.0,1.0,4,11,1
PHC-DST-A2-05,2024-11-03,34.0,3.0,5,9,2
PHC-DST-A2-05,2024-11-04,104.0,1.0,3,11,1
PHC-DST-A2-05,2024-11-05,101.0,4.0,6,9,2
PHC-DST-A2-05,2024-11-06,86.0,2.0,3,12,1
PHC-DST-A2-05,2024-11-07,78.0,5.0,7,8,1
PHC-DST-A2-05,2024-11-08,89.0,2.0,4,9,2
PHC-DST-A2-05,2024-11-09,72.0,1.0,5,8,1
PHC-DST-A2-05,2024-11-10,38.0,0.0,6,10,2
PHC-DST-A2-05,2024-11-11,102.0,4.0,5,9,1
PHC-DST-A2-05,2024-11-12,97.0,1.0,5,11,4
PHC-DST-A2-05,2024-11-13,87.0,7.0,5,7,2
PHC-DST-A2-05,2024-11-14,82.0,5.0,4,9,1
PHC-DST-A2-05,2024-11-15,93.0,3.0,4,10,4
PHC-DST-A2-05,2024-11-16,76.0,6.0,5,10,2
PHC-DST-A2-05,2024-11-17,36.0,3.0,5,9,0
PHC-DST-A2-05,2024-11-18,100.0,5.0,5,10,0
PHC-DST-A2-05,2024-11-19,101.0,1.0,6,8,0
PHC-DST-A2-05,2024-11-20,86.0,3.0,5,13,3
PHC-DST-A2-05,2024-11-21,90.0,4.0,6,9,1
PHC-DST-A2-05,2024-11-22,92.0,5.0,5,12,3
PHC-DST-A2-05,2024-11-23,76.0,5.0,6,8,1
PHC-DST-A2-05,2024-11-24,32.0,5.0,7,7,1
PHC-DST-A2-05,2024-11-25,107.0,3.0,5,10,2
PHC-DST-A2-05,2024-11-26,93.0,1.0,5,11,3
PHC-DST-A2-05,2024-11-27,95.0,2.0,4,12,1
PHC-DST-A2-05,2024-11-28,81.0,4.0,5,10,5
PHC-DST-A2-05,2024-11-29,89.0,1.0,4,10,5
PHC-DST-A2-05,2024-11-30,74.0,3.0,3,11,3
PHC-DST-A2-05,2024-12-01,32.0,1.0,5,8,1
PHC-DST-A2-05,2024-12-02,97.0,3.0,3,8,1
PHC-DST-A2-05,2024-12-03,91.0,4.0,2,10,2
PHC-DST-A2-05,2024-12-04,88.0,0.0,4,12,0
PHC-DST-A2-05,2024-12-05,85.0,4.0,4,9,1
PHC-DST-A2-05,2024-12-06,87.0,5.0,4,10,0
PHC-DST-A2-05,2024-12-07,76.0,1.0,4,9,2
PHC-DST-A2-05,2024-12-08,36.0,,4,10,4
PHC-DST-A2-05,2024-12-09,105.0,4.0,5,11,2
PHC-DST-A2-05,2024-12-10,98.0,4.0,6,10,3
PHC-DST-A2-05,2024-12-11,86.0,3.0,2,9,0
PHC-DST-A2-05,2024-12-12,84.0,8.0,6,9,2
PHC-DST-A2-05,2024-12-13,93.0,3.0,5,9,4
PHC-DST-A2-05,2024-12-14,69.0,5.0,4,4,7
PHC-DST-A2-05,2024-12-15,40.0,4.0,5,8,2
PHC-DST-A2-05,2024-12-16,105.0,2.0,5,7,1
PHC-DST-A2-05,2024-12-17,95.0,3.0,3,10,3
PHC-DST-A2-05,2024-12-18,89.0,4.0,5,11,3
PHC-DST-A2-05,2024-12-19,80.0,4.0,4,8,1
PHC-DST-A2-05,2024-12-20,87.0,3.0,4,12,2
PHC-DST-A2-05,2024-12-21,77.0,3.0,4,13,2
PHC-DST-A2-05,2024-12-22,34.0,4.0,6,9,2
PHC-DST-A2-05,2024-12-23,102.0,2.0,5,12,2
PHC-DST-A2-05,2024-12-24,99.0,4.0,3,9,7
PHC-DST-A2-05,2024-12-25,85.0,0.0,7,6,1
PHC-DST-A2-05,2024-12-26,88.0,3.0,4,12,1
PHC-DST-A2-05,2024-12-27,87.0,4.0,5,10,1
PHC-DST-A2-05,2024-12-28,75.0,3.0,3,13,1
PHC-DST-A2-05,2024-12-29,35.0,4.0,6,10,1
PHC-DST-A2-05,2024-12-30,101.0,5.0,4,11,0
PHC-DST-A2-05,2024-12-31,95.0,3.0,6,8,0
PHC-DST-A2-05,2025-01-01,93.0,2.0,5,10,4
PHC-DST-A2-05,2025-01-02,83.0,2.0,4,12,2
PHC-DST-A2-05,2025-01-03,84.0,4.0,4,10,4
PHC-DST-A2-05,2025-01-04,74.0,6.0,5,10,0
PHC-DST-A2-05,2025-01-05,35.0,3.0,7,11,1
PHC-DST-A2-05,2025-01-06,97.0,5.0,4,8,1
PHC-DST-A2-05,2025-01-07,91.0,4.0,4,7,3
PHC-DST-A2-05,2025-01-08,86.0,2.0,7,8,2
PHC-DST-A2-05,2025-01-09,79.0,4.0,4,8,3
PHC-DST-A2-05,2025-01-10,88.0,1.0,4,8,1
PHC-DST-A2-05,2025-01-11,77.0,8.0,6,13,1
PHC-DST-A2-05,2025-01-12,40.0,3.0,7,13,4
PHC-DST-A2-05,2025-01-13,104.0,3.0,4,9,5
PHC-DST-A2-05,2025-01-14,90.0,5.0,3,10,5
PHC-DST-A2-05,2025-01-15,90.0,2.0,7,14,4
PHC-DST-A2-05,2025-01-16,82.0,3.0,6,9,2
PHC-DST-A2-05,2025-01-17,88.0,5.0,3,7,2
PHC-DST-A2-05,2025-01-18,82.0,3.0,3,9,3
PHC-DST-A2-05,2025-01-19,,2.0,4,7,4
PHC-DST-A2-05,2025-01-20,102.0,4.0,4,11,2
PHC-DST-A2-05,2025-01-21,97.0,7.0,3,12,3
PHC-DST-A2-05,2025-01-22,86.0,5.0,3,9,2
PHC-DST-A2-05,2025-01-23,83.0,3.0,4,12,2
PHC-DST-A2-05,2025-01-24,89.0,5.0,5,10,0
PHC-DST-A2-05,2025-01-25,82.0,3.0,6,15,3
PHC-DST-A2-05,2025-01-26,34.0,7.0,7,10,2
PHC-DST-A2-05,2025-01-27,101.0,7.0,7,9,1
PHC-DST-A2-05,2025-01-28,94.0,2.0,5,7,3
PHC-DST-A2-05,2025-01-29,90.0,0.0,3,9,0
PHC-DST-A2-05,2025-01-30,82.0,7.0,6,8,3
PHC-DST-A2-05,2025-01-31,90.0,4.0,3,11,3
PHC-DST-A2-05,2025-02-01,72.0,0.0,4,7,1
PHC-DST-A2-05,2025-02-02,36.0,4.0,6,8,1
PHC-DST-A2-05,2025-02-03,106.0,2.0,5,11,1
PHC-DST-A2-05,2025-02-04,96.0,2.0,6,9,2
PHC-DST-A2-05,2025-02-05,88.0,4.0,3,8,2
PHC-DST-A2-05,2025-02-06,84.0,4.0,4,9,6
PHC-DST-A2-05,2025-02-07,95.0,4.0,3,12,3
PHC-DST-A2-05,2025-02-08,73.0,3.0,6,10,6
PHC-DST-A2-05,2025-02-09,37.0,4.0,3,10,1
PHC-DST-A2-05,2025-02-10,102.0,0.0,5,11,2
PHC-DST-A2-05,2025-02-11,94.0,,3,9,2
PHC-DST-A2-05,2025-02-12,88.0,1.0,3,10,0
PHC-DST-A2-05,2025-02-13,85.0,7.0,5,7,1
PHC-DST-A2-05,2025-02-14,88.0,4.0,3,11,2
PHC-DST-A2-05,2025-02-15,82.0,6.0,7,13,4
PHC-DST-A2-05,2025-02-16,34.0,3.0,4,10,3
PHC-DST-A2-05,2025-02-17,106.0,3.0,6,10,5
PHC-DST-A2-05,2025-02-18,93.0,2.0,3,8,1
PHC-DST-A2-05,2025-02-19,87.0,4.0,4,11,2
PHC-DST-A2-05,2025-02-20,82.0,4.0,5,7,3
PHC-DST-A2-05,2025-02-21,87.0,3.0,4,11,3
PHC-DST-A2-05,2025-02-22,78.0,5.0,4,9,2
PHC-DST-A2-05,2025-02-23,41.0,7.0,7,7,2
PHC-DST-A2-05,2025-02-24,107.0,,4,13,1
PHC-DST-A2-05,2025-02-25,96.0,5.0,5,9,1
PHC-DST-A2-05,2025-02-26,90.0,4.0,4,10,0
PHC-DST-A2-05,2025-02-27,88.0,1.0,5,10,2
PHC-DST-A2-05,2025-02-28,87.0,5.0,3,10,3
PHC-DST-A2-05,2025-03-01,78.0,3.0,4,11,2
PHC-DST-A2-05,2025-03-02,32.0,5.0,3,8,8
PHC-DST-A2-05,2025-03-03,94.0,2.0,3,9,1
PHC-DST-A2-05,2025-03-04,94.0,3.0,5,10,4
PHC-DST-A2-05,2025-03-05,85.0,2.0,3,9,0
PHC-DST-A2-05,2025-03-06,86.0,3.0,5,9,2
PHC-DST-A2-05,2025-03-07,93.0,4.0,6,11,4
PHC-DST-A2-05,2025-03-08,76.0,4.0,5,9,4
PHC-DST-A2-05,2025-03-09,35.0,5.0,6,8,2
PHC-DST-A2-05,2025-03-10,110.0,4.0,8,9,3
PHC-DST-A2-05,2025-03-11,94.0,2.0,4,11,1
PHC-DST-A2-05,2025-03-12,84.0,4.0,5,8,3
PHC-DST-A2-05,2025-03-13,83.0,3.0,5,9,5
PHC-DST-A2-05,2025-03-14,91.0,3.0,6,9,4
PHC-DST-A2-05,2025-03-15,70.0,2.0,4,10,1
PHC-DST-A2-05,2025-03-16,38.0,5.0,6,9,6
PHC-DST-A2-05,2025-03-17,101.0,4.0,5,8,3
PHC-DST-A2-05,2025-03-18,96.0,4.0,5,11,4
PHC-DST-A2-05,2025-03-19,85.0,3.0,4,8,4
PHC-DST-A2-05,2025-03-20,85.0,1.0,6,10,2
PHC-DST-A2-05,2025-03-21,88.0,3.0,4,12,2
PHC-DST-A2-05,2025-03-22,73.0,3.0,8,10,0
PHC-DST-A2-05,2025-03-23,38.0,5.0,3,13,1
PHC-DST-A2-05,2025-03-24,101.0,4.0,5,11,2
PHC-DST-A2-05,2025-03-25,96.0,6.0,6,10,2
PHC-DST-A2-05,2025-03-26,90.0,3.0,4,9,1
PHC-DST-A2-05,2025-03-27,87.0,2.0,2,11,1
PHC-DST-A2-05,2025-03-28,89.0,1.0,5,8,4
PHC-DST-A2-05,2025-03-29,73.0,1.0,3,8,2
PHC-DST-A2-05,2025-03-30,41.0,5.0,4,9,4
PHC-DST-A2-05,2025-03-31,103.0,2.0,6,12,0
PHC-DST-A2-05,2025-04-01,96.0,0.0,4,11,2
PHC-DST-A2-05,2025-04-02,86.0,3.0,4,9,4
PHC-DST-A2-05,2025-04-03,78.0,2.0,5,10,2
PHC-DST-A2-05,2025-04-04,87.0,6.0,5,8,1
PHC-DST-A2-05,2025-04-05,70.0,4.0,2,13,4
PHC-DST-A2-05,2025-04-06,40.0,3.0,5,9,2
PHC-DST-A2-05,2025-04-07,105.0,5.0,5,14,5
PHC-DST-A2-05,2025-04-08,94.0,3.0,4,9,3
PHC-DST-A2-05,2025-04-09,86.0,5.0,4,10,2
PHC-DST-A2-05,2025-04-10,85.0,5.0,3,9,1
PHC-DST-A2-05,2025-04-11,88.0,3.0,6,10,1
PHC-DST-A2-05,2025-04-12,72.0,3.0,4,10,3
PHC-DST-A2-05,2025-04-13,38.0,3.0,7,12,2
PHC-DST-A2-05,2025-04-14,106.0,2.0,4,10,0
PHC-DST-A2-05,2025-04-15,94.0,2.0,7,7,2
PHC-DST-A2-05,2025-04-16,92.0,4.0,6,10,1
PHC-DST-A2-05,2025-04-17,79.0,1.0,2,6,2
PHC-DST-A2-05,2025-04-18,85.0,6.0,3,7,2
PHC-DST-A2-05,2025-04-19,83.0,1.0,6,9,3
PHC-DST-A2-05,2025-04-20,35.0,3.0,4,10,3
PHC-DST-A2-05,2025-04-21,100.0,5.0,5,7,0
PHC-DST-A2-05,2025-04-22,100.0,1.0,7,11,4
PHC-DST-A2-05,2025-04-23,91.0,5.0,4,11,0
PHC-DST-A2-05,2025-04-24,83.0,6.0,4,7,2
PHC-DST-A2-05,2025-04-25,85.0,0.0,5,11,1
PHC-DST-A2-05,2025-04-26,73.0,3.0,5,8,2
PHC-DST-A2-05,2025-04-27,35.0,,6,10,2
PHC-DST-A2-05,2025-04-28,104.0,4.0,6,8,0
PHC-DST-A2-05,2025-04-29,89.0,1.0,4,6,2
PHC-DST-A2-05,2025-04-30,91.0,4.0,6,12,2
PHC-DST-A2-05,2025-05-01,74.0,1.0,3,7,2
PHC-DST-A2-05,2025-05-02,92.0,4.0,5,13,3
PHC-DST-A2-05,2025-05-03,81.0,4.0,7,14,2
PHC-DST-A2-05,2025-05-04,40.0,5.0,5,15,3
PHC-DST-A2-05,2025-05-05,106.0,3.0,5,10,1
PHC-DST-A2-05,2025-05-06,95.0,1.0,4,11,1
PHC-DST-A2-05,2025-05-07,87.0,4.0,6,13,3
PHC-DST-A2-05,2025-05-08,83.0,3.0,5,9,1
PHC-DST-A2-05,2025-05-09,87.0,6.0,4,12,5
PHC-DST-A2-05,2025-05-10,73.0,3.0,4,9,1
PHC-DST-A2-05,2025-05-11,41.0,3.0,4,10,3
PHC-DST-A2-05,2025-05-12,112.0,1.0,3,11,1
PHC-DST-A2-05,2025-05-13,97.0,3.0,4,10,0
PHC-DST-A2-05,2025-05-14,91.0,0.0,3,11,3
PHC-DST-A2-05,2025-05-15,85.0,4.0,6,10,3
PHC-DST-A2-05,2025-05-16,89.0,2.0,6,11,6
PHC-DST-A2-05,2025-05-17,81.0,1.0,6,12,6
PHC-DST-A2-05,2025-05-18,29.0,1.0,4,10,2
PHC-DST-A2-05,2025-05-19,99.0,0.0,4,8,0
PHC-DST-A2-05,2025-05-20,102.0,3.0,4,10,1
PHC-DST-A2-05,2025-05-21,92.0,1.0,3,10,0
PHC-DST-A2-05,2025-05-22,84.0,5.0,4,6,3
PHC-DST-A2-05,2025-05-23,91.0,2.0,5,11,6
PHC-DST-A2-05,2025-05-24,75.0,1.0,4,10,1
PHC-DST-A2-05,2025-05-25,37.0,2.0,4,8,2
PHC-DST-A2-05,2025-05-26,101.0,2.0,4,9,5
PHC-DST-A2-05,2025-05-27,96.0,3.0,4,10,4
PHC-DST-A2-05,2025-05-28,88.0,5.0,5,8,1
PHC-DST-A2-05,2025-05-29,86.0,3.0,4,9,1
PHC-DST-A2-05,2025-05-30,87.0,6.0,5,11,0
PHC-DST-A2-05,2025-05-31,78.0,4.0,4,9,2
PHC-DST-A2-05,2025-06-01,37.0,7.0,6,8,2
PHC-DST-A2-05,2025-06-02,101.0,5.0,4,10,2
PHC-DST-A2-05,2025-06-03,94.0,5.0,4,9,3
PHC-DST-A2-05,2025-06-04,88.0,3.0,4,9,0
PHC-DST-A2-05,2025-06-05,85.0,4.0,6,9,2
PHC-DST-A2-05,2025-06-06,87.0,2.0,5,9,1
PHC-DST-A2-05,2025-06-07,72.0,1.0,4,8,3
PHC-DST-A2-05,2025-06-08,42.0,4.0,6,9,3
PHC-DST-A2-05,2025-06-09,107.0,1.0,5,12,4
PHC-DST-A2-05,2025-06-10,94.0,5.0,3,9,3
PHC-DST-A2-05,2025-06-11,89.0,2.0,5,10,3
PHC-DST-A2-05,2025-06-12,87.0,4.0,5,11,2
PHC-DST-A2-05,2025-06-13,94.0,2.0,6,9,1
PHC-DST-A2-05,2025-06-14,82.0,4.0,4,9,2
PHC-DST-A2-05,2025-06-15,38.0,0.0,5,13,2
PHC-DST-A2-05,2025-06-16,99.0,5.0,6,6,2
PHC-DST-A2-05,2025-06-17,93.0,4.0,3,8,3
PHC-DST-A2-05,2025-06-18,86.0,3.0,5,11,4
PHC-DST-A2-05,2025-06-19,83.0,1.0,4,8,0
PHC-DST-A2-05,2025-06-20,88.0,3.0,5,7,0
PHC-DST-A2-05,2025-06-21,77.0,4.0,6,11,2
PHC-DST-A2-05,2025-06-22,37.0,3.0,5,10,1
PHC-DST-A2-05,2025-06-23,106.0,3.0,6,12,1
PHC-DST-A2-05,2025-06-24,102.0,4.0,6,9,3
PHC-DST-A2-05,2025-06-25,85.0,1.0,3,12,3
PHC-DST-A2-05,2025-06-26,83.0,2.0,3,7,0
PHC-DST-A2-05,2025-06-27,92.0,3.0,3,10,5
PHC-DST-A2-05,2025-06-28,76.0,1.0,4,10,2
PHC-DST-A2-05,2025-06-29,38.0,2.0,6,10,3
PHC-DST-A2-05,2025-06-30,109.0,2.0,5,13,2
PHC-DST-A2-06,2024-01-01,87.0,1.0,4,10,1
PHC-DST-A2-06,2024-01-02,80.0,2.0,3,9,1
PHC-DST-A2-06,2024-01-03,72.0,4.0,4,9,4
PHC-DST-A2-06,2024-01-04,68.0,2.0,3,8,1
PHC-DST-A2-06,2024-01-05,70.0,1.0,6,3,1
PHC-DST-A2-06,2024-01-06,64.0,7.0,6,8,2
PHC-DST-A2-06,2024-01-07,32.0,3.0,5,10,4
PHC-DST-A2-06,2024-01-08,81.0,6.0,4,7,3
PHC-DST-A2-06,2024-01-09,71.0,0.0,4,6,0
PHC-DST-A2-06,2024-01-10,77.0,3.0,2,9,3
PHC-DST-A2-06,2024-01-11,68.0,2.0,2,7,0
PHC-DST-A2-06,2024-01-12,69.0,3.0,3,6,0
PHC-DST-A2-06,2024-01-13,66.0,2.0,3,9,4
PHC-DST-A2-06,2024-01-14,28.0,0.0,4,10,3
PHC-DST-A2-06,2024-01-15,78.0,3.0,3,9,2
PHC-DST-A2-06,2024-01-16,80.0,3.0,4,9,4
PHC-DST-A2-06,2024-01-17,71.0,4.0,5,6,1
PHC-DST-A2-06,2024-01-18,69.0,1.0,3,10,0
PHC-DST-A2-06,2024-01-19,77.0,2.0,4,12,3
PHC-DST-A2-06,2024-01-20,65.0,4.0,3,11,0
PHC-DST-A2-06,2024-01-21,32.0,3.0,3,7,2
PHC-DST-A2-06,2024-01-22,87.0,2.0,4,11,1
PHC-DST-A2-06,2024-01-23,73.0,2.0,1,6,1
PHC-DST-A2-06,2024-01-24,75.0,5.0,3,11,1
PHC-DST-A2-06,2024-01-25,68.0,2.0,1,9,1
PHC-DST-A2-06,2024-01-26,74.0,2.0,4,7,1
PHC-DST-A2-06,2024-01-27,61.0,3.0,3,7,3
PHC-DST-A2-06,2024-01-28,31.0,2.0,3,8,2
PHC-DST-A2-06,2024-01-29,86.0,3.0,3,10,3
PHC-DST-A2-06,2024-01-30,79.0,4.0,4,7,4
PHC-DST-A2-06,2024-01-31,76.0,2.0,6,7,1
PHC-DST-A2-06,2024-02-01,67.0,4.0,3,7,2
PHC-DST-A2-06,2024-02-02,72.0,2.0,3,10,5
PHC-DST-A2-06,2024-02-03,63.0,1.0,2,10,2
PHC-DST-A2-06,2024-02-04,36.0,5.0,2,12,2
PHC-DST-A2-06,2024-02-05,88.0,0.0,3,8,0
PHC-DST-A2-06,2024-02-06,81.0,2.0,3,8,1
PHC-DST-A2-06,2024-02-07,74.0,5.0,3,9,6
PHC-DST-A2-06,2024-02-08,68.0,3.0,4,6,2
PHC-DST-A2-06,2024-02-09,77.0,2.0,3,9,1
PHC-DST-A2-06,2024-02-10,66.0,4.0,5,8,3
PHC-DST-A2-06,2024-02-11,24.0,1.0,7,7,1
PHC-DST-A2-06,2024-02-12,92.0,1.0,5,10,2
PHC-DST-A2-06,2024-02-13,79.0,2.0,4,8,1
PHC-DST-A2-06,2024-02-14,75.0,4.0,3,9,3
PHC-DST-A2-06,2024-02-15,73.0,3.0,5,9,2
PHC-DST-A2-06,2024-02-16,76.0,3.0,4,8,2
PHC-DST-A2-06,2024-02-17,61.0,2.0,3,7,2
PHC-DST-A2-06,2024-02-18,28.0,1.0,3,7,2
PHC-DST-A2-06,2024-02-19,83.0,0.0,3,10,2
PHC-DST-A2-06,2024-02-20,75.0,4.0,3,7,1
PHC-DST-A2-06,2024-02-21,74.0,5.0,6,7,1
PHC-DST-A2-06,2024-02-22,70.0,4.0,4,8,1
PHC-DST-A2-06,2024-02-23,73.0,2.0,5,8,1
PHC-DST-A2-06,2024-02-24,60.0,3.0,3,11,0
PHC-DST-A2-06,2024-02-25,28.0,2.0,5,6,1
PHC-DST-A2-06,2024-02-26,87.0,4.0,2,8,1
PHC-DST-A2-06,2024-02-27,73.0,2.0,3,6,3
PHC-DST-A2-06,2024-02-28,71.0,4.0,6,6,1
PHC-DST-A2-06,2024-02-29,65.0,1.0,2,6,4
PHC-DST-A2-06,2024-03-01,67.0,1.0,4,6,2
PHC-DST-A2-06,2024-03-02,56.0,2.0,3,9,1
PHC-DST-A2-06,2024-03-03,28.0,3.0,5,7,2
PHC-DST-A2-06,2024-03-04,85.0,0.0,3,10,3
PHC-DST-A2-06,2024-03-05,82.0,1.0,5,10,2
PHC-DST-A2-06,2024-03-06,78.0,3.0,6,8,4
PHC-DST-A2-06,2024-03-07,,1.0,2,11,2
PHC-DST-A2-06,2024-03-08,68.0,2.0,3,7,2
PHC-DST-A2-06,2024-03-09,60.0,3.0,3,12,1
PHC-DST-A2-06,2024-03-10,23.0,2.0,4,7,1
PHC-DST-A2-06,2024-03-11,87.0,4.0,3,7,2
PHC-DST-A2-06,2024-03-12,79.0,1.0,4,8,3
PHC-DST-A2-06,2024-03-13,79.0,2.0,3,9,2
PHC-DST-A2-06,2024-03-14,70.0,1.0,5,10,5
PHC-DST-A2-06,2024-03-15,68.0,3.0,6,4,0
PHC-DST-A2-06,2024-03-16,62.0,3.0,3,6,2
PHC-DST-A2-06,2024-03-17,29.0,2.0,4,10,3
PHC-DST-A2-06,2024-03-18,89.0,2.0,4,10,1
PHC-DST-A2-06,2024-03-19,83.0,3.0,5,13,2
PHC-DST-A2-06,2024-03-20,75.0,2.0,5,7,2
PHC-DST-A2-06,2024-03-21,67.0,4.0,5,5,0
PHC-DST-A2-06,2024-03-22,67.0,3.0,2,7,0
PHC-DST-A2-06,2024-03-23,61.0,,5,7,1
PHC-DST-A2-06,2024-03-24,33.0,0.0,4,9,4
PHC-DST-A2-06,2024-03-25,86.0,4.0,5,9,0
PHC-DST-A2-06,2024-03-26,74.0,3.0,4,8,1
PHC-DST-A2-06,2024-03-27,66.0,2.0,3,8,1
PHC-DST-A2-06,2024-03-28,70.0,,4,6,1
PHC-DST-A2-06,2024-03-29,73.0,0.0,7,10,0
PHC-DST-A2-06,2024-03-30,61.0,,4,8,1
PHC-DST-A2-06,2024-03-31,32.0,5.0,4,10,2
PHC-DST-A2-06,2024-04-01,82.0,3.0,4,7,0
PHC-DST-A2-06,2024-04-02,77.0,2.0,4,8,4
PHC-DST-A2-06,2024-04-03,70.0,2.0,4,6,1
PHC-DST-A2-06,2024-04-04,66.0,6.0,3,8,3
PHC-DST-A2-06,2024-04-05,71.0,1.0,2,7,2
PHC-DST-A2-06,2024-04-06,63.0,2.0,5,5,2
PHC-DST-A2-06,2024-04-07,33.0,,3,7,5
PHC-DST-A2-06,2024-04-08,80.0,2.0,6,5,1
PHC-DST-A2-06,2024-04-09,78.0,2.0,4,8,1
PHC-DST-A2-06,2024-04-10,74.0,1.0,5,7,3
PHC-DST-A2-06,2024-04-11,69.0,2.0,5,7,2
PHC-DST-A2-06,2024-04-12,70.0,2.0,4,8,3
PHC-DST-A2-06,2024-04-13,59.0,7.0,5,6,0
PHC-DST-A2-06,2024-04-14,30.0,3.0,4,8,1
PHC-DST-A2-06,2024-04-15,82.0,1.0,5,8,1
PHC-DST-A2-06,2024-04-16,74.0,6.0,5,6,1
PHC-DST-A2-06,2024-04-17,71.0,5.0,4,7,2
PHC-DST-A2-06,2024-04-18,61.0,3.0,3,8,1
PHC-DST-A2-06,2024-04-19,78.0,2.0,3,8,1
PHC-DST-A2-06,2024-04-20,63.0,4.0,4,10,2
PHC-DST-A2-06,2024-04-21,29.0,4.0,6,6,0
PHC-DST-A2-06,2024-04-22,82.0,3.0,3,9,2
PHC-DST-A2-06,2024-04-23,81.0,5.0,7,9,2
PHC-DST-A2-06,2024-04-24,78.0,4.0,4,9,1
PHC-DST-A2-06,2024-04-25,73.0,,2,9,0
PHC-DST-A2-06,2024-04-26,74.0,3.0,5,6,3
PHC-DST-A2-06,2024-04-27,66.0,3.0,4,9,1
PHC-DST-A2-06,2024-04-28,27.0,0.0,4,8,1
PHC-DST-A2-06,2024-04-29,80.0,1.0,5,6,1
PHC-DST-A2-06,2024-04-30,75.0,3.0,3,5,3
PHC-DST-A2-06,2024-05-01,72.0,2.0,5,6,4
PHC-DST-A2-06,2024-05-02,71.0,2.0,3,9,2
PHC-DST-A2-06,2024-05-03,76.0,3.0,5,7,0
PHC-DST-A2-06,2024-05-04,62.0,2.0,4,7,5
PHC-DST-A2-06,2024-05-05,28.0,1.0,1,7,3
PHC-DST-A2-06,2024-05-06,83.0,2.0,2,7,2
PHC-DST-A2-06,2024-05-07,84.0,3.0,4,7,1
PHC-DST-A2-06,2024-05-08,78.0,2.0,6,8,0
PHC-DST-A2-06,2024-05-09,73.0,2.0,5,10,3
PHC-DST-A2-06,2024-05-10,66.0,5.0,3,4,0
PHC-DST-A2-06,2024-05-11,63.0,5.0,3,11,0
PHC-DST-A2-06,2024-05-12,37.0,1.0,4,4,2
PHC-DST-A2-06,2024-05-13,87.0,2.0,3,9,0
PHC-DST-A2-06,2024-05-14,77.0,,5,6,5
PHC-DST-A2-06,2024-05-15,70.0,1.0,4,6,1
PHC-DST-A2-06,2024-05-16,66.0,0.0,4,7,1
PHC-DST-A2-06,2024-05-17,76.0,4.0,5,9,1
PHC-DST-A2-06,2024-05-18,65.0,1.0,6,10,1
PHC-DST-A2-06,2024-05-19,31.0,2.0,4,10,2
PHC-DST-A2-06,2024-05-20,87.0,1.0,5,12,3
PHC-DST-A2-06,2024-05-21,76.0,5.0,4,10,3
PHC-DST-A2-06,2024-05-22,73.0,5.0,4,9,1
PHC-DST-A2-06,2024-05-23,67.0,3.0,3,8,2
PHC-DST-A2-06,2024-05-24,70.0,5.0,2,8,2
PHC-DST-A2-06,2024-05-25,61.0,4.0,3,8,0
PHC-DST-A2-06,2024-05-26,28.0,5.0,4,6,1
PHC-DST-A2-06,2024-05-27,85.0,3.0,4,8,0
PHC-DST-A2-06,2024-05-28,78.0,0.0,6,7,4
PHC-DST-A2-06,2024-05-29,76.0,5.0,3,10,0
PHC-DST-A2-06,2024-05-30,69.0,3.0,5,9,1
PHC-DST-A2-06,2024-05-31,75.0,4.0,4,9,2
PHC-DST-A2-06,2024-06-01,60.0,3.0,2,10,3
PHC-DST-A2-06,2024-06-02,31.0,0.0,4,7,3
PHC-DST-A2-06,2024-06-03,85.0,0.0,4,9,3
PHC-DST-A2-06,2024-06-04,85.0,4.0,4,12,3
PHC-DST-A2-06,2024-06-05,70.0,4.0,4,9,2
PHC-DST-A2-06,2024-06-06,75.0,2.0,5,9,3
PHC-DST-A2-06,2024-06-07,66.0,0.0,5,6,0
PHC-DST-A2-06,2024-06-08,61.0,2.0,4,8,2
PHC-DST-A2-06,2024-06-09,28.0,2.0,5,9,0
PHC-DST-A2-06,2024-06-10,79.0,1.0,2,5,3
PHC-DST-A2-06,2024-06-11,79.0,2.0,4,11,2
PHC-DST-A2-06,2024-06-12,77.0,3.0,5,10,1
PHC-DST-A2-06,2024-06-13,71.0,1.0,4,6,0
PHC-DST-A2-06,2024-06-14,73.0,1.0,3,9,2
PHC-DST-A2-06,2024-06-15,66.0,2.0,5,12,0
PHC-DST-A2-06,2024-06-16,30.0,3.0,3,8,1
PHC-DST-A2-06,2024-06-17,85.0,5.0,3,11,2
PHC-DST-A2-06,2024-06-18,71.0,1.0,4,6,1
PHC-DST-A2-06,2024-06-19,68.0,,4,3,0
PHC-DST-A2-06,2024-06-20,68.0,4.0,6,6,0
PHC-DST-A2-06,2024-06-21,80.0,1.0,4,9,1
PHC-DST-A2-06,2024-06-22,66.0,5.0,4,9,2
PHC-DST-A2-06,2024-06-23,32.0,2.0,2,8,2
PHC-DST-A2-06,2024-06-24,86.0,3.0,6,9,3
PHC-DST-A2-06,2024-06-25,81.0,5.0,4,8,0
PHC-DST-A2-06,2024-06-26,70.0,0.0,2,8,2
PHC-DST-A2-06,2024-06-27,72.0,7.0,3,9,1
PHC-DST-A2-06,2024-06-28,72.0,4.0,4,7,2
PHC-DST-A2-06,2024-06-29,65.0,3.0,6,7,2
PHC-DST-A2-06,2024-06-30,28.0,2.0,4,8,1
PHC-DST-A2-06,2024-07-01,86.0,0.0,4,6,2
PHC-DST-A2-06,2024-07-02,78.0,3.0,5,7,1
PHC-DST-A2-06,2024-07-03,76.0,3.0,3,7,2
PHC-DST-A2-06,2024-07-04,68.0,1.0,6,8,3
PHC-DST-A2-06,2024-07-05,69.0,4.0,6,7,1
PHC-DST-A2-06,2024-07-06,66.0,2.0,2,10,1
PHC-DST-A2-06,2024-07-07,35.0,1.0,13,7,0
PHC-DST-A2-06,2024-07-08,86.0,4.0,10,7,0
PHC-DST-A2-06,2024-07-09,75.0,0.0,4,8,0
PHC-DST-A2-06,2024-07-10,73.0,1.0,4,10,0
PHC-DST-A2-06,2024-07-11,75.0,0.0,7,6,2
PHC-DST-A2-06,2024-07-12,73.0,3.0,3,8,0
PHC-DST-A2-06,2024-07-13,75.0,5.0,14,15,2
PHC-DST-A2-06,2024-07-14,38.0,3.0,10,20,2
PHC-DST-A2-06,2024-07-15,90.0,,5,10,2
PHC-DST-A2-06,2024-07-16,80.0,3.0,8,8,1
PHC-DST-A2-06,2024-07-17,82.0,1.0,13,9,2
PHC-DST-A2-06,2024-07-18,73.0,0.0,3,7,1
PHC-DST-A2-06,2024-07-19,81.0,0.0,3,21,2
PHC-DST-A2-06,2024-07-20,71.0,5.0,11,7,2
PHC-DST-A2-06,2024-07-21,38.0,4.0,13,9,1
PHC-DST-A2-06,2024-07-22,98.0,3.0,3,22,1
PHC-DST-A2-06,2024-07-23,88.0,2.0,13,8,1
PHC-DST-A2-06,2024-07-24,80.0,3.0,13,10,0
PHC-DST-A2-06,2024-07-25,65.0,1.0,4,8,1
PHC-DST-A2-06,2024-07-26,75.0,4.0,2,20,0
PHC-DST-A2-06,2024-07-27,60.0,2.0,4,6,1
PHC-DST-A2-06,2024-07-28,32.0,4.0,6,8,2
PHC-DST-A2-06,2024-07-29,94.0,3.0,3,24,2
PHC-DST-A2-06,2024-07-30,76.0,4.0,5,9,2
PHC-DST-A2-06,2024-07-31,68.0,1.0,5,9,0
PHC-DST-A2-06,2024-08-01,67.0,2.0,4,8,0
PHC-DST-A2-06,2024-08-02,78.0,3.0,12,10,1
PHC-DST-A2-06,2024-08-03,68.0,2.0,11,9,5
PHC-DST-A2-06,2024-08-04,35.0,4.0,8,10,2
PHC-DST-A2-06,2024-08-05,89.0,2.0,4,10,6
PHC-DST-A2-06,2024-08-06,82.0,2.0,9,4,3
PHC-DST-A2-06,2024-08-07,81.0,3.0,14,10,2
PHC-DST-A2-06,2024-08-08,73.0,6.0,3,19,0
PHC-DST-A2-06,2024-08-09,75.0,8.0,3,15,1
PHC-DST-A2-06,2024-08-10,66.0,4.0,3,9,3
PHC-DST-A2-06,2024-08-11,37.0,3.0,5,21,1
PHC-DST-A2-06,2024-08-12,94.0,5.0,4,19,2
PHC-DST-A2-06,2024-08-13,82.0,4.0,5,6,3
PHC-DST-A2-06,2024-08-14,75.0,3.0,6,8,1
PHC-DST-A2-06,2024-08-15,67.0,0.0,3,9,1
PHC-DST-A2-06,2024-08-16,81.0,2.0,14,8,4
PHC-DST-A2-06,2024-08-17,67.0,2.0,14,8,1
PHC-DST-A2-06,2024-08-18,33.0,5.0,11,7,0
PHC-DST-A2-06,2024-08-19,105.0,1.0,13,21,1
PHC-DST-A2-06,2024-08-20,83.0,3.0,14,5,3
PHC-DST-A2-06,2024-08-21,72.0,2.0,4,9,2
PHC-DST-A2-06,2024-08-22,77.0,3.0,5,14,1
PHC-DST-A2-06,2024-08-23,,4.0,5,16,2
PHC-DST-A2-06,2024-08-24,74.0,1.0,14,6,1
PHC-DST-A2-06,2024-08-25,37.0,1.0,9,15,1
PHC-DST-A2-06,2024-08-26,83.0,2.0,6,6,1
PHC-DST-A2-06,2024-08-27,87.0,3.0,6,18,3
PHC-DST-A2-06,2024-08-28,73.0,1.0,4,8,2
PHC-DST-A2-06,2024-08-29,73.0,1.0,3,9,2
PHC-DST-A2-06,2024-08-30,79.0,4.0,12,18,2
PHC-DST-A2-06,2024-08-31,64.0,3.0,10,8,0
PHC-DST-A2-06,2024-09-01,33.0,3.0,10,7,2
PHC-DST-A2-06,2024-09-02,89.0,2.0,13,7,3
PHC-DST-A2-06,2024-09-03,80.0,0.0,6,6,3
PHC-DST-A2-06,2024-09-04,75.0,0.0,5,10,3
PHC-DST-A2-06,2024-09-05,73.0,0.0,3,17,4
PHC-DST-A2-06,2024-09-06,76.0,4.0,3,8,2
PHC-DST-A2-06,2024-09-07,71.0,5.0,5,19,0
PHC-DST-A2-06,2024-09-08,23.0,2.0,5,6,2
PHC-DST-A2-06,2024-09-09,88.0,1.0,12,9,1
PHC-DST-A2-06,2024-09-10,79.0,2.0,9,6,3
PHC-DST-A2-06,2024-09-11,81.0,4.0,9,8,3
PHC-DST-A2-06,2024-09-12,73.0,3.0,14,3,1
PHC-DST-A2-06,2024-09-13,75.0,4.0,10,8,2
PHC-DST-A2-06,2024-09-14,76.0,3.0,12,19,1
PHC-DST-A2-06,2024-09-15,41.0,1.0,12,14,5
PHC-DST-A2-06,2024-09-16,97.0,2.0,9,16,3
PHC-DST-A2-06,2024-09-17,84.0,1.0,4,10,0
PHC-DST-A2-06,2024-09-18,78.0,4.0,5,17,0
PHC-DST-A2-06,2024-09-19,73.0,2.0,3,19,1
PHC-DST-A2-06,2024-09-20,77.0,2.0,3,21,0
PHC-DST-A2-06,2024-09-21,70.0,3.0,2,18,4
PHC-DST-A2-06,2024-09-22,33.0,4.0,4,10,2
PHC-DST-A2-06,2024-09-23,91.0,5.0,4,15,3
PHC-DST-A2-06,2024-09-24,80.0,1.0,5,9,0
PHC-DST-A2-06,2024-09-25,66.0,3.0,3,6,2
PHC-DST-A2-06,2024-09-26,70.0,5.0,3,9,1
PHC-DST-A2-06,2024-09-27,78.0,5.0,8,8,2
PHC-DST-A2-06,2024-09-28,75.0,5.0,14,10,2
PHC-DST-A2-06,2024-09-29,39.0,3.0,15,7,5
PHC-DST-A2-06,2024-09-30,97.0,3.0,12,19,7
PHC-DST-A2-06,2024-10-01,78.0,3.0,5,7,1
PHC-DST-A2-06,2024-10-02,67.0,0.0,6,4,1
PHC-DST-A2-06,2024-10-03,76.0,2.0,5,19,0
PHC-DST-A2-06,2024-10-04,74.0,5.0,2,8,2
PHC-DST-A2-06,2024-10-05,64.0,2.0,2,14,1
PHC-DST-A2-06,2024-10-06,34.0,5.0,3,5,0
PHC-DST-A2-06,2024-10-07,85.0,1.0,4,9,3
PHC-DST-A2-06,2024-10-08,82.0,1.0,3,7,1
PHC-DST-A2-06,2024-10-09,73.0,3.0,4,9,0
PHC-DST-A2-06,2024-10-10,68.0,2.0,5,5,0
PHC-DST-A2-06,2024-10-11,64.0,2.0,3,5,2
PHC-DST-A2-06,2024-10-12,67.0,6.0,5,11,2
PHC-DST-A2-06,2024-10-13,34.0,0.0,5,6,2
PHC-DST-A2-06,2024-10-14,84.0,1.0,4,7,2
PHC-DST-A2-06,2024-10-15,81.0,2.0,3,12,2
PHC-DST-A2-06,2024-10-16,70.0,0.0,3,7,2
PHC-DST-A2-06,2024-10-17,68.0,2.0,3,6,0
PHC-DST-A2-06,2024-10-18,73.0,3.0,2,10,1
PHC-DST-A2-06,2024-10-19,68.0,4.0,4,10,2
PHC-DST-A2-06,2024-10-20,25.0,3.0,5,8,0
PHC-DST-A2-06,2024-10-21,84.0,2.0,4,7,1
PHC-DST-A2-06,2024-10-22,81.0,1.0,5,9,2
PHC-DST-A2-06,2024-10-23,73.0,4.0,3,7,2
PHC-DST-A2-06,2024-10-24,73.0,2.0,4,7,2
PHC-DST-A2-06,2024-10-25,82.0,1.0,6,10,0
PHC-DST-A2-06,2024-10-26,59.0,6.0,6,7,0
PHC-DST-A2-06,2024-10-27,29.0,1.0,6,6,3
PHC-DST-A2-06,2024-10-28,84.0,2.0,5,7,1
PHC-DST-A2-06,2024-10-29,78.0,1.0,3,10,2
PHC-DST-A2-06,2024-10-30,,3.0,5,12,0
PHC-DST-A2-06,2024-10-31,76.0,1.0,5,7,3
PHC-DST-A2-06,2024-11-01,79.0,3.0,4,11,1
PHC-DST-A2-06,2024-11-02,60.0,2.0,5,7,0
PHC-DST-A2-06,2024-11-03,29.0,5.0,4,8,1
PHC-DST-A2-06,2024-11-04,85.0,7.0,3,6,2
PHC-DST-A2-06,2024-11-05,73.0,3.0,5,5,5
PHC-DST-A2-06,2024-11-06,62.0,0.0,3,8,1
PHC-DST-A2-06,2024-11-07,64.0,3.0,5,7,1
PHC-DST-A2-06,2024-11-08,70.0,3.0,3,7,3
PHC-DST-A2-06,2024-11-09,68.0,1.0,4,9,1
PHC-DST-A2-06,2024-11-10,28.0,2.0,4,7,1
PHC-DST-A2-06,2024-11-11,80.0,2.0,4,5,2
PHC-DST-A2-06,2024-11-12,81.0,3.0,5,8,4
PHC-DST-A2-06,2024-11-13,77.0,3.0,3,10,3
PHC-DST-A2-06,2024-11-14,65.0,,4,5,1
PHC-DST-A2-06,2024-11-15,78.0,1.0,6,12,0
PHC-DST-A2-06,2024-11-16,62.0,6.0,3,6,2
PHC-DST-A2-06,2024-11-17,31.0,4.0,5,9,1
PHC-DST-A2-06,2024-11-18,86.0,1.0,4,13,3
PHC-DST-A2-06,2024-11-19,75.0,1.0,5,7,1
PHC-DST-A2-06,2024-11-20,68.0,1.0,5,9,5
PHC-DST-A2-06,2024-11-21,70.0,2.0,1,8,1
PHC-DST-A2-06,2024-11-22,72.0,1.0,6,6,4
PHC-DST-A2-06,2024-11-23,63.0,4.0,4,8,0
PHC-DST-A2-06,2024-11-24,28.0,2.0,3,8,0
PHC-DST-A2-06,2024-11-25,84.0,2.0,2,10,3
PHC-DST-A2-06,2024-11-26,78.0,1.0,4,9,1
PHC-DST-A2-06,2024-11-27,71.0,2.0,5,5,1
PHC-DST-A2-06,2024-11-28,70.0,4.0,3,12,0
PHC-DST-A2-06,2024-11-29,71.0,4.0,4,8,3
PHC-DST-A2-06,2024-11-30,66.0,2.0,4,10,3
PHC-DST-A2-06,2024-12-01,33.0,1.0,3,7,0
PHC-DST-A2-06,2024-12-02,87.0,2.0,4,8,1
PHC-DST-A2-06,2024-12-03,77.0,2.0,3,7,2
PHC-DST-A2-06,2024-12-04,72.0,5.0,4,8,0
PHC-DST-A2-06,2024-12-05,63.0,1.0,4,6,2
PHC-DST-A2-06,2024-12-06,76.0,3.0,4,8,0
PHC-DST-A2-06,2024-12-07,67.0,4.0,7,9,1
PHC-DST-A2-06,2024-12-08,26.0,1.0,3,8,2
PHC-DST-A2-06,2024-12-09,91.0,4.0,4,9,1
PHC-DST-A2-06,2024-12-10,76.0,,4,9,0
PHC-DST-A2-06,2024-12-11,71.0,3.0,3,6,0
PHC-DST-A2-06,2024-12-12,71.0,5.0,3,10,1
PHC-DST-A2-06,2024-12-13,69.0,1.0,4,8,1
PHC-DST-A2-06,2024-12-14,65.0,3.0,4,8,0
PHC-DST-A2-06,2024-12-15,25.0,3.0,4,6,4
PHC-DST-A2-06,2024-12-16,76.0,3.0,2,8,0
PHC-DST-A2-06,2024-12-17,82.0,2.0,2,9,1
PHC-DST-A2-06,2024-12-18,69.0,2.0,3,7,4
PHC-DST-A2-06,2024-12-19,69.0,3.0,2,8,0
PHC-DST-A2-06,2024-12-20,68.0,1.0,3,6,2
PHC-DST-A2-06,2024-12-21,63.0,6.0,2,8,3
PHC-DST-A2-06,2024-12-22,34.0,3.0,3,7,2
PHC-DST-A2-06,2024-12-23,79.0,3.0,3,8,2
PHC-DST-A2-06,2024-12-24,78.0,3.0,1,9,1
PHC-DST-A2-06,2024-12-25,72.0,1.0,4,6,1
PHC-DST-A2-06,2024-12-26,66.0,3.0,5,6,1
PHC-DST-A2-06,2024-12-27,72.0,1.0,6,7,1
PHC-DST-A2-06,2024-12-28,66.0,2.0,4,10,1
PHC-DST-A2-06,2024-12-29,23.0,0.0,6,6,3
PHC-DST-A2-06,2024-12-30,83.0,3.0,3,9,3
PHC-DST-A2-06,2024-12-31,80.0,2.0,5,9,2
PHC-DST-A2-06,2025-01-01,69.0,3.0,3,7,1
PHC-DST-A2-06,2025-01-02,65.0,2.0,4,6,2
PHC-DST-A2-06,2025-01-03,72.0,2.0,4,7,2
PHC-DST-A2-06,2025-01-04,66.0,0.0,4,9,3
PHC-DST-A2-06,2025-01-05,25.0,4.0,3,7,3
PHC-DST-A2-06,2025-01-06,81.0,2.0,4,8,3
PHC-DST-A2-06,2025-01-07,73.0,2.0,4,4,2
PHC-DST-A2-06,2025-01-08,73.0,2.0,4,10,2
PHC-DST-A2-06,2025-01-09,65.0,2.0,4,8,5
PHC-DST-A2-06,2025-01-10,74.0,1.0,3,10,0
PHC-DST-A2-06,2025-01-11,61.0,5.0,4,5,2
PHC-DST-A2-06,2025-01-12,31.0,1.0,4,9,1
PHC-DST-A2-06,2025-01-13,84.0,4.0,2,8,3
PHC-DST-A2-06,2025-01-14,80.0,2.0,3,9,1
PHC-DST-A2-06,2025-01-15,,0.0,4,6,0
PHC-DST-A2-06,2025-01-16,63.0,3.0,3,6,1
PHC-DST-A2-06,2025-01-17,72.0,2.0,2,8,1
PHC-DST-A2-06,2025-01-18,64.0,2.0,3,8,3
PHC-DST-A2-06,2025-01-19,35.0,2.0,5,8,4
PHC-DST-A2-06,2025-01-20,86.0,4.0,3,9,0
PHC-DST-A2-06,2025-01-21,78.0,2.0,5,4,3
PHC-DST-A2-06,2025-01-22,71.0,2.0,3,6,3
PHC-DST-A2-06,2025-01-23,75.0,4.0,4,12,2
PHC-DST-A2-06,2025-01-24,76.0,1.0,3,10,1
PHC-DST-A2-06,2025-01-25,71.0,3.0,6,8,1
PHC-DST-A2-06,2025-01-26,27.0,2.0,4,10,3
PHC-DST-A2-06,2025-01-27,78.0,1.0,4,9,1
PHC-DST-A2-06,2025-01-28,80.0,4.0,4,8,0
PHC-DST-A2-06,2025-01-29,76.0,8.0,7,10,2
PHC-DST-A2-06,2025-01-30,65.0,4.0,5,5,0
PHC-DST-A2-06,2025-01-31,75.0,0.0,3,5,2
PHC-DST-A2-06,2025-02-01,63.0,1.0,3,8,1
PHC-DST-A2-06,2025-02-02,26.0,2.0,5,6,1
PHC-DST-A2-06,2025-02-03,85.0,5.0,5,7,2
PHC-DST-A2-06,2025-02-04,84.0,3.0,5,12,0
PHC-DST-A2-06,2025-02-05,69.0,3.0,5,8,2
PHC-DST-A2-06,2025-02-06,75.0,3.0,4,10,3
PHC-DST-A2-06,2025-02-07,66.0,2.0,3,5,1
PHC-DST-A2-06,2025-02-08,65.0,5.0,4,7,1
PHC-DST-A2-06,2025-02-09,34.0,0.0,4,7,2
PHC-DST-A2-06,2025-02-10,83.0,1.0,3,8,3
PHC-DST-A2-06,2025-02-11,80.0,5.0,1,9,3
PHC-DST-A2-06,2025-02-12,70.0,1.0,4,7,0
PHC-DST-A2-06,2025-02-13,65.0,1.0,4,8,2
PHC-DST-A2-06,2025-02-14,67.0,1.0,3,8,2
PHC-DST-A2-06,2025-02-15,61.0,1.0,4,8,2
PHC-DST-A2-06,2025-02-16,26.0,5.0,3,8,2
PHC-DST-A2-06,2025-02-17,82.0,0.0,5,5,1
PHC-DST-A2-06,2025-02-18,81.0,2.0,5,10,1
PHC-DST-A2-06,2025-02-19,73.0,3.0,4,7,1
PHC-DST-A2-06,2025-02-20,69.0,1.0,4,10,2
PHC-DST-A2-06,2025-02-21,75.0,1.0,5,4,1
PHC-DST-A2-06,2025-02-22,65.0,2.0,4,10,2
PHC-DST-A2-06,2025-02-23,32.0,2.0,5,8,1
PHC-DST-A2-06,2025-02-24,81.0,3.0,4,4,1
PHC-DST-A2-06,2025-02-25,74.0,3.0,2,5,1
PHC-DST-A2-06,2025-02-26,72.0,4.0,4,7,1
PHC-DST-A2-06,2025-02-27,64.0,3.0,3,7,3
PHC-DST-A2-06,2025-02-28,74.0,3.0,4,9,2
PHC-DST-A2-06,2025-03-01,61.0,0.0,3,10,2
PHC-DST-A2-06,2025-03-02,28.0,5.0,5,9,2
PHC-DST-A2-06,2025-03-03,85.0,4.0,3,10,2
PHC-DST-A2-06,2025-03-04,81.0,4.0,4,8,3
PHC-DST-A2-06,2025-03-05,71.0,1.0,2,9,1
PHC-DST-A2-06,2025-03-06,71.0,5.0,6,9,1
PHC-DST-A2-06,2025-03-07,71.0,0.0,4,8,3
PHC-DST-A2-06,2025-03-08,63.0,0.0,3,7,1
PHC-DST-A2-06,2025-03-09,29.0,3.0,4,9,0
PHC-DST-A2-06,2025-03-10,84.0,,4,7,3
PHC-DST-A2-06,2025-03-11,75.0,2.0,5,10,1
PHC-DST-A2-06,2025-03-12,78.0,3.0,5,8,0
PHC-DST-A2-06,2025-03-13,62.0,5.0,4,6,1
PHC-DST-A2-06,2025-03-14,68.0,2.0,4,5,2
PHC-DST-A2-06,2025-03-15,63.0,1.0,2,8,2
PHC-DST-A2-06,2025-03-16,34.0,3.0,3,10,0
PHC-DST-A2-06,2025-03-17,84.0,1.0,3,9,4
PHC-DST-A2-06,2025-03-18,85.0,6.0,3,10,2
PHC-DST-A2-06,2025-03-19,66.0,2.0,4,4,3
PHC-DST-A2-06,2025-03-20,71.0,3.0,4,8,5
PHC-DST-A2-06,2025-03-21,76.0,3.0,1,9,2
PHC-DST-A2-06,2025-03-22,59.0,1.0,4,8,2
PHC-DST-A2-06,2025-03-23,28.0,4.0,4,9,0
PHC-DST-A2-06,2025-03-24,81.0,0.0,3,8,1
PHC-DST-A2-06,2025-03-25,81.0,1.0,6,11,4
PHC-DST-A2-06,2025-03-26,69.0,0.0,4,5,1
PHC-DST-A2-06,2025-03-27,70.0,3.0,5,7,3
PHC-DST-A2-06,2025-03-28,71.0,2.0,1,10,4
PHC-DST-A2-06,2025-03-29,67.0,2.0,3,9,1
PHC-DST-A2-06,2025-03-30,29.0,1.0,4,8,2
PHC-DST-A2-06,2025-03-31,83.0,3.0,4,7,1
PHC-DST-A2-06,2025-04-01,76.0,1.0,4,5,2
PHC-DST-A2-06,2025-04-02,72.0,2.0,2,10,2
PHC-DST-A2-06,2025-04-03,63.0,4.0,4,5,4
PHC-DST-A2-06,2025-04-04,70.0,1.0,6,6,0
PHC-DST-A2-06,2025-04-05,60.0,1.0,4,9,1
PHC-DST-A2-06,2025-04-06,25.0,0.0,2,6,2
PHC-DST-A2-06,2025-04-07,88.0,4.0,5,9,4
PHC-DST-A2-06,2025-04-08,80.0,3.0,5,8,3
PHC-DST-A2-06,2025-04-09,75.0,2.0,1,9,1
PHC-DST-A2-06,2025-04-10,68.0,5.0,3,10,0
PHC-DST-A2-06,2025-04-11,66.0,4.0,5,6,1
PHC-DST-A2-06,2025-04-12,64.0,3.0,2,7,1
PHC-DST-A2-06,2025-04-13,29.0,4.0,5,8,2
PHC-DST-A2-06,2025-04-14,87.0,0.0,2,9,1
PHC-DST-A2-06,2025-04-15,78.0,5.0,4,7,5
PHC-DST-A2-06,2025-04-16,76.0,3.0,5,9,0
PHC-DST-A2-06,2025-04-17,69.0,5.0,5,7,1
PHC-DST-A2-06,2025-04-18,78.0,3.0,4,10,1
PHC-DST-A2-06,2025-04-19,62.0,1.0,4,6,1
PHC-DST-A2-06,2025-04-20,30.0,4.0,5,8,0
PHC-DST-A2-06,2025-04-21,87.0,2.0,4,12,6
PHC-DST-A2-06,2025-04-22,75.0,2.0,5,6,1
PHC-DST-A2-06,2025-04-23,,2.0,5,9,1
PHC-DST-A2-06,2025-04-24,67.0,1.0,4,8,1
PHC-DST-A2-06,2025-04-25,67.0,0.0,4,8,1
PHC-DST-A2-06,2025-04-26,58.0,3.0,3,4,1
PHC-DST-A2-06,2025-04-27,25.0,2.0,6,6,2
PHC-DST-A2-06,2025-04-28,84.0,2.0,3,7,4
PHC-DST-A2-06,2025-04-29,78.0,5.0,4,7,2
PHC-DST-A2-06,2025-04-30,73.0,2.0,6,9,1
PHC-DST-A2-06,2025-05-01,69.0,3.0,4,6,0
PHC-DST-A2-06,2025-05-02,64.0,4.0,3,5,2
PHC-DST-A2-06,2025-05-03,66.0,2.0,4,9,0
PHC-DST-A2-06,2025-05-04,29.0,4.0,5,6,2
PHC-DST-A2-06,2025-05-05,82.0,2.0,4,6,2
PHC-DST-A2-06,2025-05-06,79.0,3.0,5,7,0
PHC-DST-A2-06,2025-05-07,68.0,1.0,1,7,3
PHC-DST-A2-06,2025-05-08,67.0,3.0,6,8,4
PHC-DST-A2-06,2025-05-09,,1.0,5,9,1
PHC-DST-A2-06,2025-05-10,62.0,3.0,3,7,0
PHC-DST-A2-06,2025-05-11,26.0,2.0,4,7,2
PHC-DST-A2-06,2025-05-12,91.0,5.0,6,8,3
PHC-DST-A2-06,2025-05-13,76.0,3.0,3,8,1
PHC-DST-A2-06,2025-05-14,65.0,2.0,2,7,2
PHC-DST-A2-06,2025-05-15,68.0,2.0,3,7,0
PHC-DST-A2-06,2025-05-16,71.0,1.0,4,11,1
PHC-DST-A2-06,2025-05-17,68.0,3.0,4,10,0
PHC-DST-A2-06,2025-05-18,30.0,1.0,2,7,2
PHC-DST-A2-06,2025-05-19,82.0,1.0,4,8,3
PHC-DST-A2-06,2025-05-20,78.0,4.0,3,11,2
PHC-DST-A2-06,2025-05-21,75.0,1.0,5,8,0
PHC-DST-A2-06,2025-05-22,75.0,1.0,4,10,3
PHC-DST-A2-06,2025-05-23,78.0,2.0,3,9,2
PHC-DST-A2-06,2025-05-24,,3.0,5,7,1
PHC-DST-A2-06,2025-05-25,31.0,3.0,4,8,2
PHC-DST-A2-06,2025-05-26,85.0,2.0,2,9,3
PHC-DST-A2-06,2025-05-27,79.0,3.0,5,8,1
PHC-DST-A2-06,2025-05-28,66.0,4.0,4,7,0
PHC-DST-A2-06,2025-05-29,73.0,5.0,3,10,1
PHC-DST-A2-06,2025-05-30,78.0,2.0,5,8,3
PHC-DST-A2-06,2025-05-31,62.0,2.0,4,8,2
PHC-DST-A2-06,2025-06-01,30.0,3.0,5,11,6
PHC-DST-A2-06,2025-06-02,89.0,1.0,5,4,0
PHC-DST-A2-06,2025-06-03,78.0,1.0,3,9,0
PHC-DST-A2-06,2025-06-04,74.0,0.0,3,10,1
PHC-DST-A2-06,2025-06-05,66.0,2.0,3,7,1
PHC-DST-A2-06,2025-06-06,72.0,2.0,5,7,3
PHC-DST-A2-06,2025-06-07,60.0,0.0,5,7,4
PHC-DST-A2-06,2025-06-08,29.0,2.0,5,7,3
PHC-DST-A2-06,2025-06-09,80.0,4.0,5,5,0
PHC-DST-A2-06,2025-06-10,70.0,4.0,2,7,2
PHC-DST-A2-06,2025-06-11,67.0,7.0,3,8,1
PHC-DST-A2-06,2025-06-12,73.0,4.0,5,11,1
PHC-DST-A2-06,2025-06-13,77.0,4.0,4,10,0
PHC-DST-A2-06,2025-06-14,61.0,2.0,4,9,1
PHC-DST-A2-06,2025-06-15,29.0,1.0,2,8,1
PHC-DST-A2-06,2025-06-16,82.0,2.0,3,7,2
PHC-DST-A2-06,2025-06-17,79.0,3.0,3,8,1
PHC-DST-A2-06,2025-06-18,71.0,2.0,5,7,3
PHC-DST-A2-06,2025-06-19,66.0,5.0,4,6,2
PHC-DST-A2-06,2025-06-20,67.0,1.0,3,4,3
PHC-DST-A2-06,2025-06-21,66.0,5.0,5,7,0
PHC-DST-A2-06,2025-06-22,34.0,2.0,5,9,1
PHC-DST-A2-06,2025-06-23,85.0,2.0,4,8,2
PHC-DST-A2-06,2025-06-24,82.0,6.0,5,8,1
PHC-DST-A2-06,2025-06-25,73.0,1.0,3,9,4
PHC-DST-A2-06,2025-06-26,70.0,3.0,4,9,1
PHC-DST-A2-06,2025-06-27,71.0,6.0,5,7,3
PHC-DST-A2-06,2025-06-28,69.0,4.0,5,7,2
PHC-DST-A2-06,2025-06-29,26.0,4.0,4,6,4
PHC-DST-A2-06,2025-06-30,81.0,2.0,2,8,4
PHC-DST-B1-01,2024-07-01,143.0,1.0,16,14,1
PHC-DST-B1-01,2024-07-02,140.0,2.0,21,13,6
PHC-DST-B1-01,2024-07-03,124.0,3.0,24,10,3
PHC-DST-B1-01,2024-07-04,112.0,6.0,15,12,2
PHC-DST-B1-01,2024-07-05,124.0,1.0,20,13,4
PHC-DST-B1-01,2024-07-06,104.0,2.0,9,11,1
PHC-DST-B1-01,2024-07-07,47.0,2.0,7,13,3
PHC-DST-B1-01,2024-07-08,143.0,0.0,20,12,3
PHC-DST-B1-01,2024-07-09,141.0,1.0,21,22,4
PHC-DST-B1-01,2024-07-10,121.0,7.0,6,22,4
PHC-DST-B1-01,2024-07-11,125.0,4.0,6,31,2
PHC-DST-B1-01,2024-07-12,127.0,3.0,16,13,3
PHC-DST-B1-01,2024-07-13,105.0,2.0,20,12,1
PHC-DST-B1-01,2024-07-14,62.0,3.0,8,32,2
PHC-DST-B1-01,2024-07-15,134.0,6.0,6,15,2
PHC-DST-B1-01,2024-07-16,127.0,1.0,8,15,4
PHC-DST-B1-01,2024-07-17,122.0,2.0,23,9,4
PHC-DST-B1-01,2024-07-18,131.0,6.0,15,31,3
PHC-DST-B1-01,2024-07-19,123.0,6.0,21,13,2
PHC-DST-B1-01,2024-07-20,107.0,6.0,8,13,1
PHC-DST-B1-01,2024-07-21,55.0,2.0,16,14,2
PHC-DST-B1-01,2024-07-22,142.0,3.0,14,15,2
PHC-DST-B1-01,2024-07-23,139.0,5.0,15,23,6
PHC-DST-B1-01,2024-07-24,133.0,2.0,18,25,2
PHC-DST-B1-01,2024-07-25,116.0,1.0,17,12,1
PHC-DST-B1-01,2024-07-26,115.0,5.0,22,11,5
PHC-DST-B1-01,2024-07-27,120.0,5.0,6,37,2
PHC-DST-B1-01,2024-07-28,65.0,7.0,20,31,3
PHC-DST-B1-01,2024-07-29,155.0,8.0,24,24,1
PHC-DST-B1-01,2024-07-30,148.0,5.0,14,32,3
PHC-DST-B1-01,2024-07-31,133.0,8.0,16,29,1
PHC-DST-B1-01,2024-08-01,120.0,6.0,15,14,1
PHC-DST-B1-01,2024-08-02,116.0,3.0,7,14,4
PHC-DST-B1-01,2024-08-03,115.0,5.0,5,28,3
PHC-DST-B1-01,2024-08-04,44.0,5.0,4,13,6
PHC-DST-B1-01,2024-08-05,147.0,3.0,6,27,3
PHC-DST-B1-01,2024-08-06,152.0,3.0,14,36,4
PHC-DST-B1-01,2024-08-07,135.0,5.0,21,27,4
PHC-DST-B1-01,2024-08-08,111.0,4.0,7,13,3
PHC-DST-B1-01,2024-08-09,120.0,4.0,15,11,4
PHC-DST-B1-01,2024-08-10,111.0,3.0,16,13,3
PHC-DST-B1-01,2024-08-11,61.0,10.0,6,34,2
PHC-DST-B1-01,2024-08-12,144.0,5.0,17,22,1
PHC-DST-B1-01,2024-08-13,135.0,7.0,23,14,1
PHC-DST-B1-01,2024-08-14,116.0,1.0,7,15,2
PHC-DST-B1-01,2024-08-15,138.0,3.0,21,35,2
PHC-DST-B1-01,2024-08-16,132.0,3.0,20,17,2
PHC-DST-B1-01,2024-08-17,99.0,5.0,6,13,2
PHC-DST-B1-01,2024-08-18,65.0,3.0,9,27,0
PHC-DST-B1-01,2024-08-19,155.0,1.0,19,30,5
PHC-DST-B1-01,2024-08-20,135.0,2.0,22,14,2
PHC-DST-B1-01,2024-08-21,141.0,3.0,23,34,1
PHC-DST-B1-01,2024-08-22,112.0,1.0,5,11,2
PHC-DST-B1-01,2024-08-23,120.0,4.0,14,15,2
PHC-DST-B1-01,2024-08-24,100.0,2.0,21,11,2
PHC-DST-B1-01,2024-08-25,63.0,3.0,9,30,1
PHC-DST-B1-01,2024-08-26,141.0,8.0,6,22,2
PHC-DST-B1-01,2024-08-27,119.0,4.0,7,8,2
PHC-DST-B1-01,2024-08-28,130.0,0.0,23,14,6
PHC-DST-B1-01,2024-08-29,135.0,5.0,16,35,2
PHC-DST-B1-01,2024-08-30,127.0,7.0,22,15,2
PHC-DST-B1-01,2024-08-31,106.0,2.0,14,13,4
PHC-DST-B1-01,2024-09-01,58.0,5.0,17,9,1
PHC-DST-B1-01,2024-09-02,135.0,5.0,7,10,3
PHC-DST-B1-01,2024-09-03,140.0,3.0,6,32,3
PHC-DST-B1-01,2024-09-04,124.0,2.0,15,16,4
PHC-DST-B1-01,2024-09-05,132.0,2.0,16,25,1
PHC-DST-B1-01,2024-09-06,120.0,5.0,5,28,3
PHC-DST-B1-01,2024-09-07,94.0,2.0,5,12,2
PHC-DST-B1-01,2024-09-08,49.0,7.0,5,14,2
PHC-DST-B1-01,2024-09-09,140.0,5.0,6,14,1
PHC-DST-B1-01,2024-09-10,140.0,0.0,5,33,3
PHC-DST-B1-01,2024-09-11,114.0,5.0,4,10,3
PHC-DST-B1-01,2024-09-12,107.0,3.0,6,12,1
PHC-DST-B1-01,2024-09-13,112.0,2.0,6,10,1
PHC-DST-B1-01,2024-09-14,98.0,3.0,6,11,2
PHC-DST-B1-01,2024-09-15,44.0,6.0,8,13,2
PHC-DST-B1-01,2024-09-16,134.0,3.0,6,14,1
PHC-DST-B1-01,2024-09-17,137.0,6.0,23,13,1
PHC-DST-B1-01,2024-09-18,129.0,3.0,15,30,1
PHC-DST-B1-01,2024-09-19,112.0,2.0,5,12,1
PHC-DST-B1-01,2024-09-20,126.0,4.0,20,13,3
PHC-DST-B1-01,2024-09-21,102.0,5.0,18,10,3
PHC-DST-B1-01,2024-09-22,59.0,1.0,21,12,4
PHC-DST-B1-01,2024-09-23,155.0,5.0,17,33,1
PHC-DST-B1-01,2024-09-24,120.0,4.0,6,10,3
PHC-DST-B1-01,2024-09-25,118.0,3.0,6,12,1
PHC-DST-B1-01,2024-09-26,115.0,5.0,6,22,0
PHC-DST-B1-01,2024-09-27,129.0,,9,31,1
PHC-DST-B1-01,2024-09-28,113.0,5.0,4,30,1
PHC-DST-B1-01,2024-09-29,52.0,3.0,4,11,4
PHC-DST-B1-01,2024-09-30,127.0,6.0,6,14,1
PHC-DST-B1-01,2024-10-01,122.0,4.0,7,11,3
PHC-DST-B1-01,2024-10-02,109.0,3.0,5,9,4
PHC-DST-B1-01,2024-10-03,115.0,5.0,5,14,5
PHC-DST-B1-01,2024-10-04,110.0,6.0,6,8,4
PHC-DST-B1-01,2024-10-05,94.0,3.0,7,13,3
PHC-DST-B1-01,2024-10-06,46.0,2.0,5,11,3
PHC-DST-B1-01,2024-10-07,132.0,4.0,5,10,3
PHC-DST-B1-01,2024-10-08,127.0,4.0,5,12,3
PHC-DST-B1-01,2024-10-09,117.0,2.0,7,16,2
PHC-DST-B1-01,2024-10-10,114.0,1.0,7,13,1
PHC-DST-B1-01,2024-10-11,111.0,1.0,5,11,3
PHC-DST-B1-01,2024-10-12,104.0,2.0,5,14,4
PHC-DST-B1-01,2024-10-13,48.0,2.0,7,13,3
PHC-DST-B1-01,2024-10-14,133.0,8.0,7,12,1
PHC-DST-B1-01,2024-10-15,122.0,5.0,5,12,1
PHC-DST-B1-01,2024-10-16,124.0,5.0,8,14,0
PHC-DST-B1-01,2024-10-17,106.0,4.0,6,11,4
PHC-DST-B1-01,2024-10-18,118.0,5.0,6,15,3
PHC-DST-B1-01,2024-10-19,93.0,4.0,5,10,4
PHC-DST-B1-01,2024-10-20,46.0,7.0,8,11,2
PHC-DST-B1-01,2024-10-21,140.0,3.0,6,13,4
PHC-DST-B1-01,2024-10-22,127.0,3.0,8,12,3
PHC-DST-B1-01,2024-10-23,117.0,3.0,7,11,2
PHC-DST-B1-01,2024-10-24,107.0,4.0,6,11,2
PHC-DST-B1-01,2024-10-25,115.0,4.0,7,10,3
PHC-DST-B1-01,2024-10-26,97.0,3.0,5,14,5
PHC-DST-B1-01,2024-10-27,46.0,5.0,5,10,4
PHC-DST-B1-01,2024-10-28,134.0,6.0,5,10,1
PHC-DST-B1-01,2024-10-29,125.0,3.0,7,12,6
PHC-DST-B1-01,2024-10-30,109.0,3.0,4,14,1
PHC-DST-B1-01,2024-10-31,108.0,4.0,4,12,0
PHC-DST-B1-01,2024-11-01,122.0,4.0,8,16,3
PHC-DST-B1-01,2024-11-02,103.0,6.0,6,15,8
PHC-DST-B1-01,2024-11-03,38.0,7.0,7,7,7
PHC-DST-B1-01,2024-11-04,129.0,3.0,5,10,1
PHC-DST-B1-01,2024-11-05,125.0,6.0,4,14,2
PHC-DST-B1-01,2024-11-06,110.0,4.0,4,11,8
PHC-DST-B1-01,2024-11-07,105.0,2.0,5,10,2
PHC-DST-B1-01,2024-11-08,114.0,4.0,9,11,1
PHC-DST-B1-01,2024-11-09,103.0,4.0,7,12,2
PHC-DST-B1-01,2024-11-10,48.0,1.0,5,12,1
PHC-DST-B1-01,2024-11-11,131.0,2.0,7,10,2
PHC-DST-B1-01,2024-11-12,123.0,1.0,7,11,1
PHC-DST-B1-01,2024-11-13,110.0,5.0,6,10,3
PHC-DST-B1-01,2024-11-14,110.0,4.0,6,16,5
PHC-DST-B1-01,2024-11-15,115.0,6.0,5,10,3
PHC-DST-B1-01,2024-11-16,103.0,6.0,9,15,2
PHC-DST-B1-01,2024-11-17,47.0,4.0,9,13,4
PHC-DST-B1-01,2024-11-18,132.0,8.0,6,16,1
PHC-DST-B1-01,2024-11-19,123.0,2.0,5,16,5
PHC-DST-B1-01,2024-11-20,115.0,4.0,7,10,2
PHC-DST-B1-01,2024-11-21,114.0,4.0,8,13,3
PHC-DST-B1-01,2024-11-22,114.0,8.0,6,11,0
PHC-DST-B1-01,2024-11-23,105.0,7.0,8,15,2
PHC-DST-B1-01,2024-11-24,41.0,5.0,5,7,2
PHC-DST-B1-01,2024-11-25,128.0,6.0,5,10,5
PHC-DST-B1-01,2024-11-26,125.0,3.0,9,14,5
PHC-DST-B1-01,2024-11-27,113.0,3.0,8,11,4
PHC-DST-B1-01,2024-11-28,109.0,2.0,5,12,5
PHC-DST-B1-01,2024-11-29,106.0,4.0,6,11,7
PHC-DST-B1-01,2024-11-30,101.0,6.0,5,15,3
PHC-DST-B1-01,2024-12-01,43.0,6.0,7,12,4
PHC-DST-B1-01,2024-12-02,136.0,3.0,7,11,3
PHC-DST-B1-01,2024-12-03,126.0,7.0,7,15,3
PHC-DST-B1-01,2024-12-04,,1.0,7,12,5
PHC-DST-B1-01,2024-12-05,109.0,4.0,7,12,1
PHC-DST-B1-01,2024-12-06,114.0,5.0,8,11,5
PHC-DST-B1-01,2024-12-07,100.0,4.0,5,15,3
PHC-DST-B1-01,2024-12-08,48.0,4.0,4,13,2
PHC-DST-B1-01,2024-12-09,138.0,3.0,5,12,3
PHC-DST-B1-01,2024-12-10,132.0,6.0,5,15,6
PHC-DST-B1-01,2024-12-11,114.0,3.0,7,8,4
PHC-DST-B1-01,2024-12-12,111.0,4.0,5,16,1
PHC-DST-B1-01,2024-12-13,117.0,7.0,4,9,3
PHC-DST-B1-01,2024-12-14,96.0,3.0,6,9,0
PHC-DST-B1-01,2024-12-15,53.0,3.0,8,13,1
PHC-DST-B1-01,2024-12-16,130.0,4.0,5,10,1
PHC-DST-B1-01,2024-12-17,123.0,3.0,4,13,6
PHC-DST-B1-01,2024-12-18,120.0,5.0,5,17,1
PHC-DST-B1-01,2024-12-19,110.0,2.0,7,14,4
PHC-DST-B1-01,2024-12-20,116.0,3.0,7,13,4
PHC-DST-B1-01,2024-12-21,100.0,2.0,5,12,2
PHC-DST-B1-01,2024-12-22,48.0,5.0,4,15,4
PHC-DST-B1-01,2024-12-23,136.0,3.0,7,15,2
PHC-DST-B1-01,2024-12-24,120.0,5.0,5,15,2
PHC-DST-B1-01,2024-12-25,115.0,0.0,7,14,3
PHC-DST-B1-01,2024-12-26,115.0,5.0,6,14,4
PHC-DST-B1-01,2024-12-27,117.0,5.0,6,15,3
PHC-DST-B1-01,2024-12-28,102.0,6.0,6,12,1
PHC-DST-B1-01,2024-12-29,52.0,1.0,5,14,4
PHC-DST-B1-01,2024-12-30,132.0,6.0,8,12,5
PHC-DST-B1-01,2024-12-31,127.0,5.0,4,13,3
PHC-DST-B1-01,2025-01-01,122.0,6.0,6,16,1
PHC-DST-B1-01,2025-01-02,108.0,4.0,5,12,2
PHC-DST-B1-01,2025-01-03,118.0,1.0,6,15,1
PHC-DST-B1-01,2025-01-04,102.0,2.0,7,13,3
PHC-DST-B1-01,2025-01-05,55.0,4.0,7,11,3
PHC-DST-B1-01,2025-01-06,133.0,2.0,6,11,4
PHC-DST-B1-01,2025-01-07,128.0,3.0,8,12,1
PHC-DST-B1-01,2025-01-08,114.0,8.0,8,10,2
PHC-DST-B1-01,2025-01-09,112.0,2.0,5,12,4
PHC-DST-B1-01,2025-01-10,115.0,3.0,5,11,2
PHC-DST-B1-01,2025-01-11,100.0,4.0,5,11,4
PHC-DST-B1-01,2025-01-12,45.0,3.0,5,13,2
PHC-DST-B1-01,2025-01-13,128.0,2.0,8,9,1
PHC-DST-B1-01,2025-01-14,122.0,5.0,4,12,1
PHC-DST-B1-01,2025-01-15,122.0,3.0,6,10,1
PHC-DST-B1-01,2025-01-16,113.0,7.0,8,12,2
PHC-DST-B1-01,2025-01-17,115.0,1.0,7,8,0
PHC-DST-B1-01,2025-01-18,100.0,6.0,6,13,4
PHC-DST-B1-01,2025-01-19,54.0,1.0,5,15,3
PHC-DST-B1-01,2025-01-20,134.0,6.0,6,12,5
PHC-DST-B1-01,2025-01-21,124.0,5.0,8,11,1
PHC-DST-B1-01,2025-01-22,112.0,5.0,6,15,1
PHC-DST-B1-01,2025-01-23,105.0,2.0,3,9,4
PHC-DST-B1-01,2025-01-24,109.0,5.0,5,8,3
PHC-DST-B1-01,2025-01-25,102.0,8.0,7,14,3
PHC-DST-B1-01,2025-01-26,41.0,8.0,6,10,1
PHC-DST-B1-01,2025-01-27,136.0,3.0,6,14,3
PHC-DST-B1-01,2025-01-28,130.0,6.0,8,14,6
PHC-DST-B1-01,2025-01-29,113.0,5.0,7,10,2
PHC-DST-B1-01,2025-01-30,113.0,2.0,7,12,1
PHC-DST-B1-01,2025-01-31,116.0,6.0,6,13,0
PHC-DST-B1-01,2025-02-01,101.0,3.0,5,12,4
PHC-DST-B1-01,2025-02-02,50.0,3.0,6,12,2
PHC-DST-B1-01,2025-02-03,137.0,4.0,7,15,1
PHC-DST-B1-01,2025-02-04,126.0,3.0,5,12,5
PHC-DST-B1-01,2025-02-05,115.0,6.0,5,12,4
PHC-DST-B1-01,2025-02-06,113.0,8.0,6,11,3
PHC-DST-B1-01,2025-02-07,115.0,2.0,7,12,1
PHC-DST-B1-01,2025-02-08,105.0,4.0,7,11,4
PHC-DST-B1-01,2025-02-09,48.0,6.0,5,13,7
PHC-DST-B1-01,2025-02-10,127.0,7.0,5,8,2
PHC-DST-B1-01,2025-02-11,126.0,2.0,8,12,3
PHC-DST-B1-01,2025-02-12,121.0,1.0,5,12,3
PHC-DST-B1-01,2025-02-13,113.0,5.0,5,15,8
PHC-DST-B1-01,2025-02-14,123.0,5.0,6,12,2
PHC-DST-B1-01,2025-02-15,101.0,3.0,7,9,3
PHC-DST-B1-01,2025-02-16,40.0,4.0,5,10,3
PHC-DST-B1-01,2025-02-17,133.0,8.0,5,15,4
PHC-DST-B1-01,2025-02-18,128.0,7.0,6,12,1
PHC-DST-B1-01,2025-02-19,115.0,10.0,7,14,3
PHC-DST-B1-01,2025-02-20,109.0,5.0,4,15,0
PHC-DST-B1-01,2025-02-21,118.0,8.0,7,14,2
PHC-DST-B1-01,2025-02-22,100.0,3.0,7,13,2
PHC-DST-B1-01,2025-02-23,50.0,3.0,7,12,2
PHC-DST-B1-01,2025-02-24,137.0,6.0,7,14,3
PHC-DST-B1-01,2025-02-25,124.0,6.0,4,11,1
PHC-DST-B1-01,2025-02-26,123.0,2.0,8,18,5
PHC-DST-B1-01,2025-02-27,107.0,4.0,7,11,3
PHC-DST-B1-01,2025-02-28,125.0,8.0,8,16,2
PHC-DST-B1-01,2025-03-01,102.0,2.0,5,11,1
PHC-DST-B1-01,2025-03-02,41.0,1.0,7,13,1
PHC-DST-B1-01,2025-03-03,129.0,3.0,7,8,2
PHC-DST-B1-01,2025-03-04,129.0,4.0,7,15,2
PHC-DST-B1-01,2025-03-05,114.0,6.0,5,14,4
PHC-DST-B1-01,2025-03-06,106.0,2.0,5,14,1
PHC-DST-B1-01,2025-03-07,117.0,3.0,7,12,2
PHC-DST-B1-01,2025-03-08,100.0,6.0,8,13,1
PHC-DST-B1-01,2025-03-09,47.0,8.0,7,14,1
PHC-DST-B1-01,2025-03-10,132.0,9.0,4,16,3
PHC-DST-B1-01,2025-03-11,129.0,3.0,5,13,2
PHC-DST-B1-01,2025-03-12,114.0,1.0,7,11,2
PHC-DST-B1-01,2025-03-13,109.0,7.0,4,12,3
PHC-DST-B1-01,2025-03-14,116.0,10.0,6,13,2
PHC-DST-B1-01,2025-03-15,100.0,2.0,5,12,3
PHC-DST-B1-01,2025-03-16,47.0,4.0,5,16,2
PHC-DST-B1-01,2025-03-17,132.0,1.0,7,10,5
PHC-DST-B1-01,2025-03-18,123.0,4.0,5,14,3
PHC-DST-B1-01,2025-03-19,,2.0,6,10,3
PHC-DST-B1-01,2025-03-20,110.0,4.0,8,12,3
PHC-DST-B1-01,2025-03-21,117.0,4.0,7,13,3
PHC-DST-B1-01,2025-03-22,100.0,6.0,7,13,4
PHC-DST-B1-01,2025-03-23,38.0,9.0,5,10,2
PHC-DST-B1-01,2025-03-24,133.0,3.0,6,14,1
PHC-DST-B1-01,2025-03-25,123.0,4.0,5,14,2
PHC-DST-B1-01,2025-03-26,113.0,5.0,6,13,4
PHC-DST-B1-01,2025-03-27,114.0,3.0,7,12,4
PHC-DST-B1-01,2025-03-28,114.0,1.0,4,10,6
PHC-DST-B1-01,2025-03-29,101.0,2.0,7,13,2
PHC-DST-B1-01,2025-03-30,49.0,5.0,6,14,1
PHC-DST-B1-01,2025-03-31,140.0,1.0,5,19,7
PHC-DST-B1-01,2025-04-01,126.0,4.0,8,15,2
PHC-DST-B1-01,2025-04-02,113.0,1.0,7,13,3
PHC-DST-B1-01,2025-04-03,108.0,2.0,7,11,2
PHC-DST-B1-01,2025-04-04,116.0,2.0,6,9,2
PHC-DST-B1-01,2025-04-05,102.0,4.0,7,12,2
PHC-DST-B1-01,2025-04-06,47.0,5.0,5,11,4
PHC-DST-B1-01,2025-04-07,141.0,5.0,6,16,5
PHC-DST-B1-01,2025-04-08,136.0,3.0,8,14,4
PHC-DST-B1-01,2025-04-09,119.0,6.0,8,15,2
PHC-DST-B1-01,2025-04-10,108.0,7.0,6,15,1
PHC-DST-B1-01,2025-04-11,115.0,2.0,6,16,5
PHC-DST-B1-01,2025-04-12,101.0,5.0,8,13,2
PHC-DST-B1-01,2025-04-13,49.0,7.0,7,16,3
PHC-DST-B1-01,2025-04-14,136.0,1.0,8,14,5
PHC-DST-B1-01,2025-04-15,130.0,2.0,7,13,5
PHC-DST-B1-01,2025-04-16,112.0,5.0,6,13,3
PHC-DST-B1-01,2025-04-17,110.0,6.0,7,11,5
PHC-DST-B1-01,2025-04-18,108.0,5.0,8,12,7
PHC-DST-B1-01,2025-04-19,97.0,6.0,8,12,4
PHC-DST-B1-01,2025-04-20,45.0,2.0,5,15,2
PHC-DST-B1-01,2025-04-21,133.0,1.0,6,10,2
PHC-DST-B1-01,2025-04-22,117.0,7.0,7,10,5
PHC-DST-B1-01,2025-04-23,111.0,2.0,4,15,1
PHC-DST-B1-01,2025-04-24,111.0,5.0,7,13,0
PHC-DST-B1-01,2025-04-25,120.0,4.0,6,15,1
PHC-DST-B1-01,2025-04-26,98.0,6.0,5,11,1
PHC-DST-B1-01,2025-04-27,46.0,6.0,7,12,2
PHC-DST-B1-01,2025-04-28,139.0,5.0,8,11,1
PHC-DST-B1-01,2025-04-29,127.0,1.0,7,12,4
PHC-DST-B1-01,2025-04-30,119.0,2.0,8,16,2
PHC-DST-B1-01,2025-05-01,117.0,3.0,8,15,2
PHC-DST-B1-01,2025-05-02,113.0,4.0,4,10,5
PHC-DST-B1-01,2025-05-03,99.0,3.0,6,15,1
PHC-DST-B1-01,2025-05-04,45.0,5.0,4,13,2
PHC-DST-B1-01,2025-05-05,138.0,1.0,7,15,1
PHC-DST-B1-01,2025-05-06,128.0,1.0,8,14,2
PHC-DST-B1-01,2025-05-07,116.0,3.0,7,14,5
PHC-DST-B1-01,2025-05-08,113.0,5.0,5,14,4
PHC-DST-B1-01,2025-05-09,114.0,1.0,6,13,1
PHC-DST-B1-01,2025-05-10,102.0,3.0,7,13,5
PHC-DST-B1-01,2025-05-11,45.0,3.0,4,13,2
PHC-DST-B1-01,2025-05-12,129.0,8.0,7,11,6
PHC-DST-B1-01,2025-05-13,123.0,4.0,7,11,4
PHC-DST-B1-01,2025-05-14,112.0,5.0,7,14,0
PHC-DST-B1-01,2025-05-15,110.0,4.0,7,13,1
PHC-DST-B1-01,2025-05-16,118.0,5.0,7,12,2
PHC-DST-B1-01,2025-05-17,101.0,4.0,4,16,5
PHC-DST-B1-01,2025-05-18,47.0,1.0,4,14,5
PHC-DST-B1-01,2025-05-19,133.0,2.0,6,11,2
PHC-DST-B1-01,2025-05-20,122.0,3.0,6,16,3
PHC-DST-B1-01,2025-05-21,115.0,5.0,6,15,4
PHC-DST-B1-01,2025-05-22,110.0,7.0,8,9,1
PHC-DST-B1-01,2025-05-23,114.0,6.0,7,7,7
PHC-DST-B1-01,2025-05-24,100.0,3.0,6,14,1
PHC-DST-B1-01,2025-05-25,45.0,5.0,6,12,5
PHC-DST-B1-01,2025-05-26,138.0,,8,13,5
PHC-DST-B1-01,2025-05-27,131.0,5.0,4,12,3
PHC-DST-B1-01,2025-05-28,115.0,6.0,7,15,5
PHC-DST-B1-01,2025-05-29,113.0,3.0,6,12,5
PHC-DST-B1-01,2025-05-30,115.0,5.0,3,14,3
PHC-DST-B1-01,2025-05-31,102.0,4.0,6,15,1
PHC-DST-B1-01,2025-06-01,48.0,5.0,5,11,1
PHC-DST-B1-01,2025-06-02,134.0,5.0,6,11,2
PHC-DST-B1-01,2025-06-03,123.0,2.0,4,11,2
PHC-DST-B1-01,2025-06-04,119.0,1.0,4,14,0
PHC-DST-B1-01,2025-06-05,113.0,2.0,7,11,3
PHC-DST-B1-01,2025-06-06,116.0,3.0,8,10,1
PHC-DST-B1-01,2025-06-07,100.0,4.0,7,13,2
PHC-DST-B1-01,2025-06-08,41.0,5.0,4,14,4
PHC-DST-B1-01,2025-06-09,,3.0,7,14,3
PHC-DST-B1-01,2025-06-10,127.0,2.0,9,14,2
PHC-DST-B1-01,2025-06-11,115.0,3.0,5,16,3
PHC-DST-B1-01,2025-06-12,107.0,2.0,7,13,6
PHC-DST-B1-01,2025-06-13,115.0,2.0,8,13,3
PHC-DST-B1-01,2025-06-14,105.0,5.0,6,14,2
PHC-DST-B1-01,2025-06-15,48.0,0.0,6,10,4
PHC-DST-B1-01,2025-06-16,134.0,,5,13,1
PHC-DST-B1-01,2025-06-17,124.0,5.0,6,15,1
PHC-DST-B1-01,2025-06-18,116.0,4.0,6,12,4
PHC-DST-B1-01,2025-06-19,111.0,6.0,7,13,6
PHC-DST-B1-01,2025-06-20,117.0,4.0,7,11,3
PHC-DST-B1-01,2025-06-21,98.0,2.0,5,12,3
PHC-DST-B1-01,2025-06-22,45.0,4.0,6,11,2
PHC-DST-B1-01,2025-06-23,128.0,1.0,5,9,5
PHC-DST-B1-01,2025-06-24,121.0,5.0,5,12,2
PHC-DST-B1-01,2025-06-25,114.0,4.0,3,15,2
PHC-DST-B1-01,2025-06-26,108.0,5.0,7,14,1
PHC-DST-B1-01,2025-06-27,122.0,7.0,6,13,6
PHC-DST-B1-01,2025-06-28,104.0,3.0,5,16,3
PHC-DST-B1-01,2025-06-29,52.0,4.0,7,15,4
PHC-DST-B1-01,2025-06-30,137.0,6.0,6,13,8
PHC-DST-B1-02,2024-07-01,83.0,6.0,13,7,1
PHC-DST-B1-02,2024-07-02,82.0,2.0,14,7,1
PHC-DST-B1-02,2024-07-03,69.0,2.0,9,10,2
PHC-DST-B1-02,2024-07-04,68.0,1.0,8,9,0
PHC-DST-B1-02,2024-07-05,67.0,0.0,10,8,0
PHC-DST-B1-02,2024-07-06,55.0,2.0,2,5,0
PHC-DST-B1-02,2024-07-07,29.0,1.0,4,9,2
PHC-DST-B1-02,2024-07-08,72.0,0.0,12,7,1
PHC-DST-B1-02,2024-07-09,80.0,3.0,10,13,0
PHC-DST-B1-02,2024-07-10,74.0,1.0,3,17,1
PHC-DST-B1-02,2024-07-11,64.0,2.0,3,16,2
PHC-DST-B1-02,2024-07-12,69.0,3.0,7,11,1
PHC-DST-B1-02,2024-07-13,58.0,1.0,9,7,3
PHC-DST-B1-02,2024-07-14,27.0,2.0,1,13,3
PHC-DST-B1-02,2024-07-15,77.0,4.0,5,10,0
PHC-DST-B1-02,2024-07-16,70.0,3.0,3,6,1
PHC-DST-B1-02,2024-07-17,71.0,2.0,7,9,4
PHC-DST-B1-02,2024-07-18,78.0,2.0,9,20,3
PHC-DST-B1-02,2024-07-19,71.0,3.0,11,5,2
PHC-DST-B1-02,2024-07-20,52.0,3.0,4,8,1
PHC-DST-B1-02,2024-07-21,30.0,3.0,11,5,1
PHC-DST-B1-02,2024-07-22,74.0,1.0,10,6,4
PHC-DST-B1-02,2024-07-23,90.0,,9,23,0
PHC-DST-B1-02,2024-07-24,77.0,4.0,11,16,0
PHC-DST-B1-02,2024-07-25,67.0,1.0,7,6,0
PHC-DST-B1-02,2024-07-26,68.0,2.0,8,9,0
PHC-DST-B1-02,2024-07-27,59.0,3.0,3,15,0
PHC-DST-B1-02,2024-07-28,35.0,3.0,12,14,3
PHC-DST-B1-02,2024-07-29,87.0,4.0,8,19,1
PHC-DST-B1-02,2024-07-30,87.0,5.0,13,21,3
PHC-DST-B1-02,2024-07-31,77.0,1.0,9,19,3
PHC-DST-B1-02,2024-08-01,69.0,2.0,14,8,2
PHC-DST-B1-02,2024-08-02,66.0,3.0,3,9,1
PHC-DST-B1-02,2024-08-03,63.0,2.0,3,16,1
PHC-DST-B1-02,2024-08-04,32.0,2.0,4,6,5
PHC-DST-B1-02,2024-08-05,81.0,2.0,4,14,2
PHC-DST-B1-02,2024-08-06,91.0,2.0,11,18,2
PHC-DST-B1-02,2024-08-07,74.0,2.0,8,17,2
PHC-DST-B1-02,2024-08-08,56.0,5.0,4,5,2
PHC-DST-B1-02,2024-08-09,65.0,2.0,6,9,3
PHC-DST-B1-02,2024-08-10,60.0,1.0,8,7,1
PHC-DST-B1-02,2024-08-11,33.0,1.0,3,18,2
PHC-DST-B1-02,2024-08-12,95.0,1.0,13,18,0
PHC-DST-B1-02,2024-08-13,73.0,0.0,10,12,0
PHC-DST-B1-02,2024-08-14,58.0,4.0,4,7,2
PHC-DST-B1-02,2024-08-15,69.0,3.0,11,18,1
PHC-DST-B1-02,2024-08-16,70.0,4.0,12,8,0
PHC-DST-B1-02,2024-08-17,59.0,2.0,2,7,1
PHC-DST-B1-02,2024-08-18,24.0,2.0,1,13,2
PHC-DST-B1-02,2024-08-19,91.0,2.0,11,21,0
PHC-DST-B1-02,2024-08-20,64.0,2.0,10,6,2
PHC-DST-B1-02,2024-08-21,80.0,3.0,11,16,4
PHC-DST-B1-02,2024-08-22,63.0,1.0,6,7,1
PHC-DST-B1-02,2024-08-23,71.0,4.0,9,7,3
PHC-DST-B1-02,2024-08-24,57.0,0.0,8,5,3
PHC-DST-B1-02,2024-08-25,32.0,3.0,4,18,3
PHC-DST-B1-02,2024-08-26,81.0,2.0,5,14,0
PHC-DST-B1-02,2024-08-27,73.0,0.0,4,7,4
PHC-DST-B1-02,2024-08-28,69.0,4.0,7,7,2
PHC-DST-B1-02,2024-08-29,78.0,1.0,11,17,2
PHC-DST-B1-02,2024-08-30,69.0,2.0,12,7,1
PHC-DST-B1-02,2024-08-31,58.0,1.0,9,7,3
PHC-DST-B1-02,2024-09-01,35.0,2.0,9,10,4
PHC-DST-B1-02,2024-09-02,83.0,1.0,5,10,3
PHC-DST-B1-02,2024-09-03,78.0,1.0,3,16,0
PHC-DST-B1-02,2024-09-04,63.0,2.0,9,7,0
PHC-DST-B1-02,2024-09-05,80.0,,12,20,2
PHC-DST-B1-02,2024-09-06,75.0,7.0,4,19,0
PHC-DST-B1-02,2024-09-07,53.0,3.0,4,7,4
PHC-DST-B1-02,2024-09-08,20.0,3.0,2,5,2
PHC-DST-B1-02,2024-09-09,78.0,1.0,3,6,0
PHC-DST-B1-02,2024-09-10,83.0,2.0,4,17,1
PHC-DST-B1-02,2024-09-11,74.0,2.0,5,8,0
PHC-DST-B1-02,2024-09-12,60.0,1.0,4,7,0
PHC-DST-B1-02,2024-09-13,72.0,1.0,1,9,1
PHC-DST-B1-02,2024-09-14,53.0,2.0,3,7,3
PHC-DST-B1-02,2024-09-15,25.0,0.0,5,8,3
PHC-DST-B1-02,2024-09-16,78.0,2.0,3,8,3
PHC-DST-B1-02,2024-09-17,73.0,4.0,13,7,2
PHC-DST-B1-02,2024-09-18,75.0,1.0,9,13,0
PHC-DST-B1-02,2024-09-19,67.0,5.0,3,6,1
PHC-DST-B1-02,2024-09-20,71.0,3.0,8,7,2
PHC-DST-B1-02,2024-09-21,,0.0,10,6,0
PHC-DST-B1-02,2024-09-22,29.0,2.0,9,6,2
PHC-DST-B1-02,2024-09-23,80.0,5.0,8,13,1
PHC-DST-B1-02,2024-09-24,68.0,0.0,5,4,2
PHC-DST-B1-02,2024-09-25,63.0,0.0,4,7,4
PHC-DST-B1-02,2024-09-26,70.0,1.0,2,11,1
PHC-DST-B1-02,2024-09-27,,3.0,5,19,1
PHC-DST-B1-02,2024-09-28,62.0,1.0,3,12,4
PHC-DST-B1-02,2024-09-29,29.0,3.0,3,8,2
PHC-DST-B1-02,2024-09-30,76.0,2.0,2,8,1
PHC-DST-B1-02,2024-10-01,71.0,4.0,4,8,1
PHC-DST-B1-02,2024-10-02,59.0,1.0,3,7,0
PHC-DST-B1-02,2024-10-03,60.0,6.0,4,8,4
PHC-DST-B1-02,2024-10-04,62.0,5.0,4,6,1
PHC-DST-B1-02,2024-10-05,51.0,0.0,2,5,0
PHC-DST-B1-02,2024-10-06,28.0,0.0,3,7,0
PHC-DST-B1-02,2024-10-07,77.0,1.0,2,7,0
PHC-DST-B1-02,2024-10-08,76.0,2.0,5,6,1
PHC-DST-B1-02,2024-10-09,65.0,5.0,3,10,1
PHC-DST-B1-02,2024-10-10,59.0,2.0,3,7,1
PHC-DST-B1-02,2024-10-11,72.0,1.0,4,10,2
PHC-DST-B1-02,2024-10-12,87.0,3.0,1,36,2
PHC-DST-B1-02,2024-10-13,28.0,3.0,4,8,1
PHC-DST-B1-02,2024-10-14,79.0,1.0,5,8,4
PHC-DST-B1-02,2024-10-15,65.0,1.0,4,6,2
PHC-DST-B1-02,2024-10-16,63.0,4.0,2,8,2
PHC-DST-B1-02,2024-10-17,59.0,2.0,3,4,0
PHC-DST-B1-02,2024-10-18,,3.0,4,7,1
PHC-DST-B1-02,2024-10-19,59.0,4.0,3,10,3
PHC-DST-B1-02,2024-10-20,25.0,3.0,4,5,1
PHC-DST-B1-02,2024-10-21,72.0,3.0,5,7,1
PHC-DST-B1-02,2024-10-22,72.0,4.0,3,8,3
PHC-DST-B1-02,2024-10-23,68.0,2.0,4,8,1
PHC-DST-B1-02,2024-10-24,64.0,3.0,2,7,1
PHC-DST-B1-02,2024-10-25,61.0,3.0,4,6,2
PHC-DST-B1-02,2024-10-26,55.0,4.0,1,7,1
PHC-DST-B1-02,2024-10-27,27.0,2.0,3,7,2
PHC-DST-B1-02,2024-10-28,83.0,2.0,5,9,1
PHC-DST-B1-02,2024-10-29,65.0,4.0,1,8,2
PHC-DST-B1-02,2024-10-30,62.0,2.0,4,8,1
PHC-DST-B1-02,2024-10-31,59.0,6.0,3,8,2
PHC-DST-B1-02,2024-11-01,63.0,1.0,2,7,0
PHC-DST-B1-02,2024-11-02,58.0,3.0,5,7,2
PHC-DST-B1-02,2024-11-03,26.0,4.0,5,9,3
PHC-DST-B1-02,2024-11-04,80.0,1.0,4,6,2
PHC-DST-B1-02,2024-11-05,73.0,3.0,4,9,1
PHC-DST-B1-02,2024-11-06,62.0,1.0,2,4,2
PHC-DST-B1-02,2024-11-07,57.0,4.0,4,10,1
PHC-DST-B1-02,2024-11-08,63.0,2.0,4,8,1
PHC-DST-B1-02,2024-11-09,60.0,2.0,3,7,2
PHC-DST-B1-02,2024-11-10,24.0,3.0,3,6,3
PHC-DST-B1-02,2024-11-11,74.0,2.0,4,9,1
PHC-DST-B1-02,2024-11-12,72.0,1.0,3,9,3
PHC-DST-B1-02,2024-11-13,62.0,1.0,4,6,0
PHC-DST-B1-02,2024-11-14,67.0,4.0,4,7,4
PHC-DST-B1-02,2024-11-15,68.0,0.0,4,8,0
PHC-DST-B1-02,2024-11-16,56.0,4.0,4,6,2
PHC-DST-B1-02,2024-11-17,26.0,4.0,5,8,3
PHC-DST-B1-02,2024-11-18,71.0,3.0,4,5,2
PHC-DST-B1-02,2024-11-19,67.0,6.0,4,5,0
PHC-DST-B1-02,2024-11-20,61.0,0.0,2,6,2
PHC-DST-B1-02,2024-11-21,68.0,2.0,3,10,1
PHC-DST-B1-02,2024-11-22,64.0,3.0,4,8,0
PHC-DST-B1-02,2024-11-23,60.0,0.0,3,5,2
PHC-DST-B1-02,2024-11-24,33.0,2.0,3,8,1
PHC-DST-B1-02,2024-11-25,78.0,2.0,5,10,2
PHC-DST-B1-02,2024-11-26,71.0,1.0,5,7,4
PHC-DST-B1-02,2024-11-27,68.0,2.0,4,7,1
PHC-DST-B1-02,2024-11-28,65.0,3.0,5,8,0
PHC-DST-B1-02,2024-11-29,64.0,2.0,5,10,1
PHC-DST-B1-02,2024-11-30,61.0,6.0,3,9,0
PHC-DST-B1-02,2024-12-01,,1.0,4,7,2
PHC-DST-B1-02,2024-12-02,71.0,2.0,3,7,3
PHC-DST-B1-02,2024-12-03,71.0,3.0,3,5,2
PHC-DST-B1-02,2024-12-04,63.0,,4,8,2
PHC-DST-B1-02,2024-12-05,61.0,4.0,4,8,1
PHC-DST-B1-02,2024-12-06,69.0,6.0,5,6,1
PHC-DST-B1-02,2024-12-07,55.0,1.0,4,4,3
PHC-DST-B1-02,2024-12-08,25.0,5.0,3,7,1
PHC-DST-B1-02,2024-12-09,74.0,1.0,4,8,0
PHC-DST-B1-02,2024-12-10,72.0,2.0,5,7,1
PHC-DST-B1-02,2024-12-11,64.0,2.0,2,7,1
PHC-DST-B1-02,2024-12-12,68.0,0.0,4,10,0
PHC-DST-B1-02,2024-12-13,63.0,1.0,3,8,1
PHC-DST-B1-02,2024-12-14,60.0,2.0,5,12,1
PHC-DST-B1-02,2024-12-15,23.0,1.0,2,6,4
PHC-DST-B1-02,2024-12-16,78.0,2.0,4,7,1
PHC-DST-B1-02,2024-12-17,75.0,3.0,4,9,1
PHC-DST-B1-02,2024-12-18,64.0,3.0,3,6,1
PHC-DST-B1-02,2024-12-19,65.0,1.0,3,9,2
PHC-DST-B1-02,2024-12-20,73.0,2.0,4,11,1
PHC-DST-B1-02,2024-12-21,59.0,2.0,4,7,0
PHC-DST-B1-02,2024-12-22,24.0,0.0,3,7,0
PHC-DST-B1-02,2024-12-23,77.0,1.0,4,6,2
PHC-DST-B1-02,2024-12-24,68.0,3.0,3,9,2
PHC-DST-B1-02,2024-12-25,69.0,1.0,4,7,1
PHC-DST-B1-02,2024-12-26,62.0,1.0,4,8,1
PHC-DST-B1-02,2024-12-27,64.0,2.0,3,6,3
PHC-DST-B1-02,2024-12-28,63.0,0.0,4,9,1
PHC-DST-B1-02,2024-12-29,30.0,3.0,3,8,1
PHC-DST-B1-02,2024-12-30,69.0,2.0,2,4,0
PHC-DST-B1-02,2024-12-31,68.0,1.0,2,8,0
PHC-DST-B1-02,2025-01-01,,,3,5,2
PHC-DST-B1-02,2025-01-02,60.0,1.0,1,9,1
PHC-DST-B1-02,2025-01-03,66.0,6.0,5,6,0
PHC-DST-B1-02,2025-01-04,57.0,4.0,3,6,0
PHC-DST-B1-02,2025-01-05,28.0,2.0,3,6,2
PHC-DST-B1-02,2025-01-06,72.0,3.0,3,6,5
PHC-DST-B1-02,2025-01-07,77.0,0.0,3,6,1
PHC-DST-B1-02,2025-01-08,56.0,3.0,3,4,1
PHC-DST-B1-02,2025-01-09,63.0,1.0,4,7,1
PHC-DST-B1-02,2025-01-10,69.0,1.0,4,5,4
PHC-DST-B1-02,2025-01-11,56.0,2.0,2,4,1
PHC-DST-B1-02,2025-01-12,25.0,4.0,2,7,3
PHC-DST-B1-02,2025-01-13,77.0,2.0,3,9,3
PHC-DST-B1-02,2025-01-14,73.0,3.0,4,8,1
PHC-DST-B1-02,2025-01-15,64.0,3.0,3,8,0
PHC-DST-B1-02,2025-01-16,62.0,2.0,4,7,3
PHC-DST-B1-02,2025-01-17,65.0,2.0,4,7,2
PHC-DST-B1-02,2025-01-18,56.0,3.0,3,7,0
PHC-DST-B1-02,2025-01-19,25.0,1.0,4,4,0
PHC-DST-B1-02,2025-01-20,76.0,4.0,2,8,2
PHC-DST-B1-02,2025-01-21,70.0,5.0,4,8,2
PHC-DST-B1-02,2025-01-22,59.0,0.0,3,5,4
PHC-DST-B1-02,2025-01-23,60.0,1.0,3,6,1
PHC-DST-B1-02,2025-01-24,67.0,2.0,4,10,5
PHC-DST-B1-02,2025-01-25,63.0,2.0,2,9,1
PHC-DST-B1-02,2025-01-26,27.0,4.0,3,7,1
PHC-DST-B1-02,2025-01-27,75.0,2.0,3,7,1
PHC-DST-B1-02,2025-01-28,71.0,0.0,6,8,0
PHC-DST-B1-02,2025-01-29,69.0,3.0,4,10,2
PHC-DST-B1-02,2025-01-30,66.0,1.0,3,7,1
PHC-DST-B1-02,2025-01-31,64.0,4.0,5,7,0
PHC-DST-B1-02,2025-02-01,55.0,0.0,4,8,1
PHC-DST-B1-02,2025-02-02,31.0,3.0,4,10,2
PHC-DST-B1-02,2025-02-03,77.0,0.0,5,7,3
PHC-DST-B1-02,2025-02-04,67.0,0.0,3,6,2
PHC-DST-B1-02,2025-02-05,63.0,,3,8,1
PHC-DST-B1-02,2025-02-06,59.0,3.0,3,6,0
PHC-DST-B1-02,2025-02-07,61.0,3.0,4,4,1
PHC-DST-B1-02,2025-02-08,58.0,3.0,4,8,2
PHC-DST-B1-02,2025-02-09,27.0,2.0,2,7,1
PHC-DST-B1-02,2025-02-10,80.0,0.0,3,9,1
PHC-DST-B1-02,2025-02-11,65.0,1.0,2,8,1
PHC-DST-B1-02,2025-02-12,65.0,1.0,2,5,1
PHC-DST-B1-02,2025-02-13,65.0,2.0,3,8,1
PHC-DST-B1-02,2025-02-14,71.0,3.0,2,8,1
PHC-DST-B1-02,2025-02-15,46.0,0.0,3,6,0
PHC-DST-B1-02,2025-02-16,29.0,1.0,6,7,1
PHC-DST-B1-02,2025-02-17,76.0,2.0,5,6,2
PHC-DST-B1-02,2025-02-18,73.0,4.0,4,7,1
PHC-DST-B1-02,2025-02-19,71.0,2.0,4,10,3
PHC-DST-B1-02,2025-02-20,59.0,2.0,3,5,4
PHC-DST-B1-02,2025-02-21,70.0,1.0,5,8,2
PHC-DST-B1-02,2025-02-22,57.0,2.0,2,10,3
PHC-DST-B1-02,2025-02-23,29.0,2.0,5,7,1
PHC-DST-B1-02,2025-02-24,75.0,5.0,5,3,2
PHC-DST-B1-02,2025-02-25,66.0,3.0,2,6,1
PHC-DST-B1-02,2025-02-26,69.0,2.0,6,6,3
PHC-DST-B1-02,2025-02-27,61.0,2.0,3,6,2
PHC-DST-B1-02,2025-02-28,66.0,2.0,2,7,2
PHC-DST-B1-02,2025-03-01,58.0,4.0,4,9,0
PHC-DST-B1-02,2025-03-02,31.0,0.0,5,9,3
PHC-DST-B1-02,2025-03-03,71.0,4.0,2,7,0
PHC-DST-B1-02,2025-03-04,71.0,2.0,2,7,1
PHC-DST-B1-02,2025-03-05,63.0,1.0,2,6,1
PHC-DST-B1-02,2025-03-06,63.0,1.0,1,6,0
PHC-DST-B1-02,2025-03-07,66.0,5.0,3,4,2
PHC-DST-B1-02,2025-03-08,58.0,3.0,3,7,4
PHC-DST-B1-02,2025-03-09,30.0,2.0,3,8,1
PHC-DST-B1-02,2025-03-10,78.0,0.0,5,9,0
PHC-DST-B1-02,2025-03-11,68.0,8.0,4,8,1
PHC-DST-B1-02,2025-03-12,66.0,3.0,3,8,0
PHC-DST-B1-02,2025-03-13,65.0,3.0,1,7,1
PHC-DST-B1-02,2025-03-14,68.0,4.0,2,7,0
PHC-DST-B1-02,2025-03-15,59.0,1.0,4,8,2
PHC-DST-B1-02,2025-03-16,28.0,1.0,4,5,1
PHC-DST-B1-02,2025-03-17,74.0,2.0,3,4,0
PHC-DST-B1-02,2025-03-18,72.0,5.0,3,7,2
PHC-DST-B1-02,2025-03-19,65.0,5.0,3,6,2
PHC-DST-B1-02,2025-03-20,61.0,1.0,3,7,2
PHC-DST-B1-02,2025-03-21,62.0,1.0,2,6,0
PHC-DST-B1-02,2025-03-22,53.0,4.0,4,6,3
PHC-DST-B1-02,2025-03-23,24.0,2.0,3,7,2
PHC-DST-B1-02,2025-03-24,71.0,3.0,1,6,2
PHC-DST-B1-02,2025-03-25,74.0,3.0,5,8,2
PHC-DST-B1-02,2025-03-26,57.0,1.0,3,5,2
PHC-DST-B1-02,2025-03-27,63.0,1.0,3,6,1
PHC-DST-B1-02,2025-03-28,66.0,1.0,2,8,3
PHC-DST-B1-02,2025-03-29,56.0,5.0,2,8,2
PHC-DST-B1-02,2025-03-30,27.0,3.0,3,6,1
PHC-DST-B1-02,2025-03-31,76.0,2.0,4,9,1
PHC-DST-B1-02,2025-04-01,66.0,2.0,3,7,3
PHC-DST-B1-02,2025-04-02,61.0,3.0,3,7,2
PHC-DST-B1-02,2025-04-03,63.0,1.0,3,6,2
PHC-DST-B1-02,2025-04-04,65.0,3.0,4,7,3
PHC-DST-B1-02,2025-04-05,61.0,1.0,3,10,1
PHC-DST-B1-02,2025-04-06,27.0,1.0,5,8,2
PHC-DST-B1-02,2025-04-07,79.0,4.0,3,10,2
PHC-DST-B1-02,2025-04-08,69.0,2.0,2,7,1
PHC-DST-B1-02,2025-04-09,55.0,2.0,2,3,0
PHC-DST-B1-02,2025-04-10,63.0,0.0,5,7,3
PHC-DST-B1-02,2025-04-11,60.0,5.0,4,5,1
PHC-DST-B1-02,2025-04-12,61.0,2.0,6,7,2
PHC-DST-B1-02,2025-04-13,24.0,5.0,4,5,3
PHC-DST-B1-02,2025-04-14,73.0,3.0,4,9,3
PHC-DST-B1-02,2025-04-15,74.0,2.0,5,9,2
PHC-DST-B1-02,2025-04-16,69.0,2.0,5,5,2
PHC-DST-B1-02,2025-04-17,58.0,0.0,1,6,2
PHC-DST-B1-02,2025-04-18,62.0,3.0,4,6,3
PHC-DST-B1-02,2025-04-19,58.0,2.0,2,7,2
PHC-DST-B1-02,2025-04-20,24.0,2.0,4,8,0
PHC-DST-B1-02,2025-04-21,77.0,3.0,5,7,1
PHC-DST-B1-02,2025-04-22,69.0,3.0,2,5,0
PHC-DST-B1-02,2025-04-23,61.0,0.0,5,7,1
PHC-DST-B1-02,2025-04-24,68.0,1.0,5,8,2
PHC-DST-B1-02,2025-04-25,64.0,3.0,3,11,1
PHC-DST-B1-02,2025-04-26,56.0,4.0,2,9,1
PHC-DST-B1-02,2025-04-27,24.0,4.0,4,6,1
PHC-DST-B1-02,2025-04-28,79.0,3.0,4,6,2
PHC-DST-B1-02,2025-04-29,75.0,1.0,3,9,2
PHC-DST-B1-02,2025-04-30,65.0,3.0,4,6,3
PHC-DST-B1-02,2025-05-01,67.0,4.0,3,12,1
PHC-DST-B1-02,2025-05-02,70.0,1.0,3,10,5
PHC-DST-B1-02,2025-05-03,54.0,2.0,5,9,1
PHC-DST-B1-02,2025-05-04,24.0,2.0,2,8,2
PHC-DST-B1-02,2025-05-05,72.0,4.0,3,9,0
PHC-DST-B1-02,2025-05-06,69.0,1.0,3,7,0
PHC-DST-B1-02,2025-05-07,63.0,4.0,5,6,1
PHC-DST-B1-02,2025-05-08,60.0,6.0,4,9,1
PHC-DST-B1-02,2025-05-09,61.0,3.0,3,6,3
PHC-DST-B1-02,2025-05-10,54.0,2.0,2,5,2
PHC-DST-B1-02,2025-05-11,28.0,2.0,2,7,2
PHC-DST-B1-02,2025-05-12,75.0,2.0,4,7,3
PHC-DST-B1-02,2025-05-13,76.0,5.0,5,8,2
PHC-DST-B1-02,2025-05-14,63.0,5.0,5,5,3
PHC-DST-B1-02,2025-05-15,61.0,2.0,2,7,1
PHC-DST-B1-02,2025-05-16,65.0,4.0,3,5,1
PHC-DST-B1-02,2025-05-17,61.0,3.0,3,8,1
PHC-DST-B1-02,2025-05-18,25.0,2.0,5,4,0
PHC-DST-B1-02,2025-05-19,77.0,3.0,4,8,1
PHC-DST-B1-02,2025-05-20,72.0,2.0,2,8,1
PHC-DST-B1-02,2025-05-21,66.0,4.0,4,6,1
PHC-DST-B1-02,2025-05-22,59.0,1.0,0,8,2
PHC-DST-B1-02,2025-05-23,64.0,2.0,4,6,0
PHC-DST-B1-02,2025-05-24,59.0,5.0,3,8,2
PHC-DST-B1-02,2025-05-25,28.0,1.0,4,5,0
PHC-DST-B1-02,2025-05-26,75.0,3.0,3,7,0
PHC-DST-B1-02,2025-05-27,68.0,3.0,3,7,5
PHC-DST-B1-02,2025-05-28,62.0,0.0,3,5,1
PHC-DST-B1-02,2025-05-29,62.0,3.0,5,6,4
PHC-DST-B1-02,2025-05-30,69.0,2.0,3,10,0
PHC-DST-B1-02,2025-05-31,54.0,1.0,3,8,1
PHC-DST-B1-02,2025-06-01,30.0,0.0,2,7,2
PHC-DST-B1-02,2025-06-02,75.0,2.0,5,7,0
PHC-DST-B1-02,2025-06-03,75.0,4.0,3,11,2
PHC-DST-B1-02,2025-06-04,69.0,5.0,4,10,2
PHC-DST-B1-02,2025-06-05,57.0,0.0,2,6,3
PHC-DST-B1-02,2025-06-06,66.0,0.0,4,7,2
PHC-DST-B1-02,2025-06-07,58.0,2.0,3,5,3
PHC-DST-B1-02,2025-06-08,28.0,5.0,4,6,0
PHC-DST-B1-02,2025-06-09,74.0,3.0,3,7,0
PHC-DST-B1-02,2025-06-10,71.0,1.0,5,6,0
PHC-DST-B1-02,2025-06-11,62.0,2.0,3,5,1
PHC-DST-B1-02,2025-06-12,54.0,1.0,2,4,1
PHC-DST-B1-02,2025-06-13,63.0,3.0,3,9,1
PHC-DST-B1-02,2025-06-14,54.0,3.0,5,9,1
PHC-DST-B1-02,2025-06-15,30.0,3.0,3,8,3
PHC-DST-B1-02,2025-06-16,78.0,1.0,2,10,3
PHC-DST-B1-02,2025-06-17,70.0,3.0,2,6,0
PHC-DST-B1-02,2025-06-18,60.0,2.0,2,5,0
PHC-DST-B1-02,2025-06-19,66.0,0.0,3,6,2
PHC-DST-B1-02,2025-06-20,63.0,2.0,4,8,0
PHC-DST-B1-02,2025-06-21,51.0,3.0,2,9,3
PHC-DST-B1-02,2025-06-22,21.0,1.0,3,8,1
PHC-DST-B1-02,2025-06-23,78.0,3.0,2,7,3
PHC-DST-B1-02,2025-06-24,69.0,2.0,4,9,1
PHC-DST-B1-02,2025-06-25,69.0,1.0,4,10,1
PHC-DST-B1-02,2025-06-26,62.0,2.0,6,8,0
PHC-DST-B1-02,2025-06-27,62.0,2.0,1,9,2
PHC-DST-B1-02,2025-06-28,52.0,1.0,3,7,2
PHC-DST-B1-02,2025-06-29,30.0,3.0,5,6,3
PHC-DST-B1-02,2025-06-30,76.0,0.0,4,8,1
PHC-DST-B1-03,2024-07-01,153.0,5.0,23,15,0
PHC-DST-B1-03,2024-07-02,136.0,8.0,21,17,3
PHC-DST-B1-03,2024-07-03,130.0,5.0,19,12,5
PHC-DST-B1-03,2024-07-04,127.0,6.0,24,11,5
PHC-DST-B1-03,2024-07-05,125.0,7.0,20,13,1
PHC-DST-B1-03,2024-07-06,106.0,6.0,5,14,3
PHC-DST-B1-03,2024-07-07,50.0,4.0,8,13,1
PHC-DST-B1-03,2024-07-08,151.0,6.0,24,16,6
PHC-DST-B1-03,2024-07-09,149.0,6.0,16,32,1
PHC-DST-B1-03,2024-07-10,135.0,6.0,6,31,6
PHC-DST-B1-03,2024-07-11,134.0,7.0,5,37,2
PHC-DST-B1-03,2024-07-12,130.0,2.0,23,13,4
PHC-DST-B1-03,2024-07-13,113.0,6.0,15,14,0
PHC-DST-B1-03,2024-07-14,55.0,2.0,5,25,6
PHC-DST-B1-03,2024-07-15,139.0,6.0,6,10,2
PHC-DST-B1-03,2024-07-16,128.0,2.0,9,13,1
PHC-DST-B1-03,2024-07-17,119.0,3.0,16,12,0
PHC-DST-B1-03,2024-07-18,137.0,5.0,19,34,5
PHC-DST-B1-03,2024-07-19,132.0,2.0,19,16,3
PHC-DST-B1-03,2024-07-20,103.0,3.0,6,9,1
PHC-DST-B1-03,2024-07-21,55.0,4.0,19,15,6
PHC-DST-B1-03,2024-07-22,141.0,3.0,14,11,3
PHC-DST-B1-03,2024-07-23,157.0,7.0,17,36,2
PHC-DST-B1-03,2024-07-24,140.0,5.0,20,26,5
PHC-DST-B1-03,2024-07-25,116.0,3.0,17,13,2
PHC-DST-B1-03,2024-07-26,122.0,3.0,16,13,1
PHC-DST-B1-03,2024-07-27,111.0,,8,28,1
PHC-DST-B1-03,2024-07-28,71.0,2.0,20,30,6
PHC-DST-B1-03,2024-07-29,158.0,4.0,14,30,2
PHC-DST-B1-03,2024-07-30,146.0,5.0,16,28,3
PHC-DST-B1-03,2024-07-31,143.0,4.0,19,37,4
PHC-DST-B1-03,2024-08-01,123.0,4.0,15,15,1
PHC-DST-B1-03,2024-08-02,123.0,3.0,8,12,1
PHC-DST-B1-03,2024-08-03,125.0,4.0,7,34,3
PHC-DST-B1-03,2024-08-04,47.0,5.0,8,12,1
PHC-DST-B1-03,2024-08-05,152.0,2.0,6,31,5
PHC-DST-B1-03,2024-08-06,148.0,1.0,23,26,2
PHC-DST-B1-03,2024-08-07,141.0,6.0,25,26,3
PHC-DST-B1-03,2024-08-08,118.0,3.0,6,13,1
PHC-DST-B1-03,2024-08-09,127.0,2.0,17,10,4
PHC-DST-B1-03,2024-08-10,113.0,2.0,15,14,4
PHC-DST-B1-03,2024-08-11,65.0,2.0,6,32,2
PHC-DST-B1-03,2024-08-12,156.0,6.0,21,27,4
PHC-DST-B1-03,2024-08-13,138.0,5.0,18,13,1
PHC-DST-B1-03,2024-08-14,113.0,5.0,6,8,4
PHC-DST-B1-03,2024-08-15,130.0,8.0,18,25,7
PHC-DST-B1-03,2024-08-16,129.0,4.0,25,11,2
PHC-DST-B1-03,2024-08-17,106.0,2.0,8,15,7
PHC-DST-B1-03,2024-08-18,,9.0,7,25,1
PHC-DST-B1-03,2024-08-19,161.0,6.0,15,29,3
PHC-DST-B1-03,2024-08-20,142.0,4.0,23,12,2
PHC-DST-B1-03,2024-08-21,142.0,5.0,14,36,1
PHC-DST-B1-03,2024-08-22,122.0,7.0,9,15,2
PHC-DST-B1-03,2024-08-23,128.0,5.0,18,14,1
PHC-DST-B1-03,2024-08-24,110.0,3.0,18,10,6
PHC-DST-B1-03,2024-08-25,53.0,0.0,8,22,1
PHC-DST-B1-03,2024-08-26,155.0,8.0,6,29,1
PHC-DST-B1-03,2024-08-27,132.0,8.0,8,12,3
PHC-DST-B1-03,2024-08-28,130.0,5.0,21,12,1
PHC-DST-B1-03,2024-08-29,134.0,4.0,22,23,2
PHC-DST-B1-03,2024-08-30,125.0,3.0,19,14,4
PHC-DST-B1-03,2024-08-31,104.0,2.0,16,11,2
PHC-DST-B1-03,2024-09-01,55.0,4.0,18,12,3
PHC-DST-B1-03,2024-09-02,139.0,6.0,8,10,5
PHC-DST-B1-03,2024-09-03,155.0,1.0,8,39,1
PHC-DST-B1-03,2024-09-04,123.0,7.0,16,14,4
PHC-DST-B1-03,2024-09-05,128.0,3.0,21,25,2
PHC-DST-B1-03,2024-09-06,133.0,3.0,8,30,4
PHC-DST-B1-03,2024-09-07,106.0,1.0,8,15,3
PHC-DST-B1-03,2024-09-08,46.0,2.0,5,12,5
PHC-DST-B1-03,2024-09-09,146.0,3.0,9,13,4
PHC-DST-B1-03,2024-09-10,,,6,31,0
PHC-DST-B1-03,2024-09-11,113.0,7.0,6,13,3
PHC-DST-B1-03,2024-09-12,118.0,2.0,7,13,2
PHC-DST-B1-03,2024-09-13,115.0,5.0,7,11,2
PHC-DST-B1-03,2024-09-14,100.0,5.0,6,14,5
PHC-DST-B1-03,2024-09-15,51.0,3.0,8,12,2
PHC-DST-B1-03,2024-09-16,141.0,5.0,6,11,7
PHC-DST-B1-03,2024-09-17,142.0,6.0,20,18,2
PHC-DST-B1-03,2024-09-18,135.0,0.0,14,28,2
PHC-DST-B1-03,2024-09-19,118.0,4.0,7,10,3
PHC-DST-B1-03,2024-09-20,133.0,4.0,22,17,3
PHC-DST-B1-03,2024-09-21,110.0,4.0,14,15,2
PHC-DST-B1-03,2024-09-22,55.0,7.0,20,11,5
PHC-DST-B1-03,2024-09-23,148.0,1.0,15,21,4
PHC-DST-B1-03,2024-09-24,127.0,7.0,6,10,1
PHC-DST-B1-03,2024-09-25,126.0,4.0,9,14,5
PHC-DST-B1-03,2024-09-26,,5.0,8,27,1
PHC-DST-B1-03,2024-09-27,123.0,5.0,5,25,2
PHC-DST-B1-03,2024-09-28,118.0,7.0,7,31,2
PHC-DST-B1-03,2024-09-29,46.0,1.0,6,12,4
PHC-DST-B1-03,2024-09-30,144.0,7.0,9,12,5
PHC-DST-B1-03,2024-10-01,129.0,4.0,6,13,2
PHC-DST-B1-03,2024-10-02,118.0,5.0,5,13,1
PHC-DST-B1-03,2024-10-03,116.0,6.0,7,15,2
PHC-DST-B1-03,2024-10-04,123.0,5.0,6,14,2
PHC-DST-B1-03,2024-10-05,103.0,4.0,6,12,4
PHC-DST-B1-03,2024-10-06,51.0,6.0,6,12,1
PHC-DST-B1-03,2024-10-07,136.0,2.0,4,13,5
PHC-DST-B1-03,2024-10-08,132.0,4.0,7,13,4
PHC-DST-B1-03,2024-10-09,119.0,6.0,6,12,1
PHC-DST-B1-03,2024-10-10,114.0,3.0,6,14,3
PHC-DST-B1-03,2024-10-11,125.0,3.0,6,15,2
PHC-DST-B1-03,2024-10-12,105.0,2.0,6,12,5
PHC-DST-B1-03,2024-10-13,53.0,4.0,7,11,4
PHC-DST-B1-03,2024-10-14,140.0,5.0,6,9,3
PHC-DST-B1-03,2024-10-15,126.0,3.0,6,12,2
PHC-DST-B1-03,2024-10-16,120.0,4.0,8,15,4
PHC-DST-B1-03,2024-10-17,116.0,6.0,4,15,1
PHC-DST-B1-03,2024-10-18,114.0,3.0,8,9,2
PHC-DST-B1-03,2024-10-19,107.0,4.0,4,12,1
PHC-DST-B1-03,2024-10-20,52.0,2.0,6,16,5
PHC-DST-B1-03,2024-10-21,139.0,5.0,7,13,3
PHC-DST-B1-03,2024-10-22,130.0,4.0,6,11,3
PHC-DST-B1-03,2024-10-23,119.0,4.0,8,16,2
PHC-DST-B1-03,2024-10-24,116.0,6.0,7,12,1
PHC-DST-B1-03,2024-10-25,119.0,5.0,7,14,3
PHC-DST-B1-03,2024-10-26,110.0,5.0,8,12,1
PHC-DST-B1-03,2024-10-27,48.0,4.0,6,11,2
PHC-DST-B1-03,2024-10-28,144.0,5.0,8,14,4
PHC-DST-B1-03,2024-10-29,134.0,2.0,6,15,2
PHC-DST-B1-03,2024-10-30,123.0,4.0,6,15,5
PHC-DST-B1-03,2024-10-31,119.0,4.0,7,14,4
PHC-DST-B1-03,2024-11-01,118.0,2.0,5,10,1
PHC-DST-B1-03,2024-11-02,103.0,4.0,5,11,4
PHC-DST-B1-03,2024-11-03,50.0,,8,13,1
PHC-DST-B1-03,2024-11-04,137.0,6.0,6,11,6
PHC-DST-B1-03,2024-11-05,132.0,5.0,4,15,3
PHC-DST-B1-03,2024-11-06,119.0,7.0,8,13,1
PHC-DST-B1-03,2024-11-07,111.0,4.0,7,11,5
PHC-DST-B1-03,2024-11-08,126.0,2.0,5,12,4
PHC-DST-B1-03,2024-11-09,99.0,9.0,5,13,5
PHC-DST-B1-03,2024-11-10,50.0,6.0,8,14,3
PHC-DST-B1-03,2024-11-11,135.0,3.0,8,12,4
PHC-DST-B1-03,2024-11-12,128.0,2.0,7,13,3
PHC-DST-B1-03,2024-11-13,128.0,3.0,8,16,1
PHC-DST-B1-03,2024-11-14,113.0,2.0,8,15,4
PHC-DST-B1-03,2024-11-15,119.0,6.0,6,8,3
PHC-DST-B1-03,2024-11-16,100.0,5.0,6,12,3
PHC-DST-B1-03,2024-11-17,48.0,11.0,8,14,4
PHC-DST-B1-03,2024-11-18,148.0,1.0,7,14,2
PHC-DST-B1-03,2024-11-19,125.0,1.0,6,9,2
PHC-DST-B1-03,2024-11-20,117.0,5.0,5,14,1
PHC-DST-B1-03,2024-11-21,113.0,4.0,7,13,0
PHC-DST-B1-03,2024-11-22,116.0,4.0,6,11,2
PHC-DST-B1-03,2024-11-23,103.0,4.0,6,12,1
PHC-DST-B1-03,2024-11-24,50.0,7.0,8,11,1
PHC-DST-B1-03,2024-11-25,138.0,1.0,6,16,2
PHC-DST-B1-03,2024-11-26,130.0,7.0,7,13,8
PHC-DST-B1-03,2024-11-27,125.0,4.0,7,16,1
PHC-DST-B1-03,2024-11-28,110.0,7.0,6,9,2
PHC-DST-B1-03,2024-11-29,120.0,3.0,8,14,5
PHC-DST-B1-03,2024-11-30,99.0,4.0,6,13,1
PHC-DST-B1-03,2024-12-01,46.0,3.0,3,11,2
PHC-DST-B1-03,2024-12-02,143.0,2.0,4,14,0
PHC-DST-B1-03,2024-12-03,130.0,9.0,9,11,3
PHC-DST-B1-03,2024-12-04,118.0,4.0,5,13,6
PHC-DST-B1-03,2024-12-05,120.0,4.0,4,17,1
PHC-DST-B1-03,2024-12-06,110.0,5.0,7,9,7
PHC-DST-B1-03,2024-12-07,104.0,3.0,7,11,6
PHC-DST-B1-03,2024-12-08,48.0,5.0,7,13,3
PHC-DST-B1-03,2024-12-09,147.0,7.0,6,18,2
PHC-DST-B1-03,2024-12-10,131.0,6.0,9,14,4
PHC-DST-B1-03,2024-12-11,120.0,4.0,8,12,5
PHC-DST-B1-03,2024-12-12,108.0,7.0,5,15,7
PHC-DST-B1-03,2024-12-13,122.0,3.0,4,16,2
PHC-DST-B1-03,2024-12-14,100.0,6.0,6,12,3
PHC-DST-B1-03,2024-12-15,55.0,5.0,7,16,2
PHC-DST-B1-03,2024-12-16,141.0,7.0,6,13,5
PHC-DST-B1-03,2024-12-17,129.0,3.0,7,15,0
PHC-DST-B1-03,2024-12-18,122.0,5.0,6,16,1
PHC-DST-B1-03,2024-12-19,118.0,3.0,7,13,2
PHC-DST-B1-03,2024-12-20,116.0,3.0,8,12,0
PHC-DST-B1-03,2024-12-21,105.0,3.0,7,12,3
PHC-DST-B1-03,2024-12-22,49.0,3.0,7,11,1
PHC-DST-B1-03,2024-12-23,137.0,3.0,7,14,2
PHC-DST-B1-03,2024-12-24,127.0,2.0,8,13,5
PHC-DST-B1-03,2024-12-25,121.0,3.0,7,13,3
PHC-DST-B1-03,2024-12-26,110.0,4.0,7,10,3
PHC-DST-B1-03,2024-12-27,120.0,4.0,6,13,3
PHC-DST-B1-03,2024-12-28,100.0,7.0,5,12,3
PHC-DST-B1-03,2024-12-29,50.0,2.0,5,14,1
PHC-DST-B1-03,2024-12-30,139.0,4.0,6,14,4
PHC-DST-B1-03,2024-12-31,131.0,1.0,8,11,1
PHC-DST-B1-03,2025-01-01,117.0,10.0,6,14,1
PHC-DST-B1-03,2025-01-02,112.0,5.0,8,12,2
PHC-DST-B1-03,2025-01-03,120.0,5.0,9,11,4
PHC-DST-B1-03,2025-01-04,109.0,4.0,8,16,3
PHC-DST-B1-03,2025-01-05,52.0,3.0,7,16,2
PHC-DST-B1-03,2025-01-06,138.0,5.0,7,12,2
PHC-DST-B1-03,2025-01-07,125.0,10.0,4,12,3
PHC-DST-B1-03,2025-01-08,116.0,6.0,6,10,2
PHC-DST-B1-03,2025-01-09,119.0,6.0,6,14,1
PHC-DST-B1-03,2025-01-10,124.0,4.0,7,15,2
PHC-DST-B1-03,2025-01-11,101.0,5.0,7,15,3
PHC-DST-B1-03,2025-01-12,51.0,4.0,5,14,2
PHC-DST-B1-03,2025-01-13,142.0,7.0,7,14,3
PHC-DST-B1-03,2025-01-14,132.0,3.0,7,15,3
PHC-DST-B1-03,2025-01-15,115.0,4.0,7,13,1
PHC-DST-B1-03,2025-01-16,115.0,5.0,7,15,3
PHC-DST-B1-03,2025-01-17,121.0,5.0,6,15,6
PHC-DST-B1-03,2025-01-18,107.0,4.0,8,11,5
PHC-DST-B1-03,2025-01-19,50.0,1.0,6,11,5
PHC-DST-B1-03,2025-01-20,141.0,4.0,6,13,1
PHC-DST-B1-03,2025-01-21,137.0,7.0,9,15,1
PHC-DST-B1-03,2025-01-22,,4.0,6,17,2
PHC-DST-B1-03,2025-01-23,117.0,5.0,4,14,2
PHC-DST-B1-03,2025-01-24,119.0,5.0,7,13,1
PHC-DST-B1-03,2025-01-25,100.0,8.0,10,13,3
PHC-DST-B1-03,2025-01-26,51.0,7.0,8,17,1
PHC-DST-B1-03,2025-01-27,144.0,2.0,7,16,2
PHC-DST-B1-03,2025-01-28,129.0,3.0,5,15,3
PHC-DST-B1-03,2025-01-29,116.0,4.0,7,11,3
PHC-DST-B1-03,2025-01-30,112.0,1.0,6,13,6
PHC-DST-B1-03,2025-01-31,120.0,4.0,6,12,1
PHC-DST-B1-03,2025-02-01,110.0,3.0,9,14,2
PHC-DST-B1-03,2025-02-02,45.0,4.0,6,13,2
PHC-DST-B1-03,2025-02-03,144.0,4.0,7,11,2
PHC-DST-B1-03,2025-02-04,123.0,3.0,5,13,0
PHC-DST-B1-03,2025-02-05,116.0,4.0,5,12,2
PHC-DST-B1-03,2025-02-06,111.0,2.0,5,15,3
PHC-DST-B1-03,2025-02-07,116.0,6.0,6,12,1
PHC-DST-B1-03,2025-02-08,104.0,2.0,7,12,1
PHC-DST-B1-03,2025-02-09,49.0,4.0,8,12,2
PHC-DST-B1-03,2025-02-10,141.0,4.0,4,16,4
PHC-DST-B1-03,2025-02-11,127.0,7.0,4,15,5
PHC-DST-B1-03,2025-02-12,120.0,5.0,6,15,1
PHC-DST-B1-03,2025-02-13,117.0,5.0,8,12,3
PHC-DST-B1-03,2025-02-14,125.0,2.0,8,16,4
PHC-DST-B1-03,2025-02-15,106.0,3.0,7,14,6
PHC-DST-B1-03,2025-02-16,50.0,7.0,5,12,3
PHC-DST-B1-03,2025-02-17,137.0,7.0,4,13,3
PHC-DST-B1-03,2025-02-18,129.0,4.0,7,14,2
PHC-DST-B1-03,2025-02-19,118.0,4.0,8,18,4
PHC-DST-B1-03,2025-02-20,119.0,7.0,7,15,3
PHC-DST-B1-03,2025-02-21,115.0,5.0,4,11,2
PHC-DST-B1-03,2025-02-22,103.0,2.0,5,11,1
PHC-DST-B1-03,2025-02-23,47.0,7.0,7,13,9
PHC-DST-B1-03,2025-02-24,142.0,4.0,7,17,1
PHC-DST-B1-03,2025-02-25,131.0,3.0,9,15,1
PHC-DST-B1-03,2025-02-26,123.0,3.0,8,15,4
PHC-DST-B1-03,2025-02-27,110.0,8.0,6,14,1
PHC-DST-B1-03,2025-02-28,121.0,4.0,6,16,4
PHC-DST-B1-03,2025-03-01,99.0,5.0,6,12,2
PHC-DST-B1-03,2025-03-02,47.0,2.0,5,11,4
PHC-DST-B1-03,2025-03-03,139.0,7.0,8,13,2
PHC-DST-B1-03,2025-03-04,128.0,2.0,6,14,1
PHC-DST-B1-03,2025-03-05,124.0,5.0,6,12,1
PHC-DST-B1-03,2025-03-06,108.0,3.0,6,9,0
PHC-DST-B1-03,2025-03-07,117.0,7.0,5,15,1
PHC-DST-B1-03,2025-03-08,101.0,2.0,6,14,6
PHC-DST-B1-03,2025-03-09,46.0,5.0,7,11,2
PHC-DST-B1-03,2025-03-10,141.0,2.0,5,13,3
PHC-DST-B1-03,2025-03-11,125.0,2.0,5,12,2
PHC-DST-B1-03,2025-03-12,121.0,5.0,6,12,2
PHC-DST-B1-03,2025-03-13,118.0,7.0,6,13,7
PHC-DST-B1-03,2025-03-14,124.0,7.0,5,13,3
PHC-DST-B1-03,2025-03-15,108.0,7.0,5,16,1
PHC-DST-B1-03,2025-03-16,44.0,7.0,4,12,1
PHC-DST-B1-03,2025-03-17,140.0,,5,15,7
PHC-DST-B1-03,2025-03-18,134.0,6.0,5,18,6
PHC-DST-B1-03,2025-03-19,122.0,3.0,4,16,5
PHC-DST-B1-03,2025-03-20,112.0,0.0,5,12,1
PHC-DST-B1-03,2025-03-21,125.0,5.0,6,15,5
PHC-DST-B1-03,2025-03-22,107.0,9.0,8,16,2
PHC-DST-B1-03,2025-03-23,54.0,1.0,5,16,4
PHC-DST-B1-03,2025-03-24,137.0,1.0,7,13,2
PHC-DST-B1-03,2025-03-25,131.0,2.0,6,16,4
PHC-DST-B1-03,2025-03-26,120.0,9.0,6,13,5
PHC-DST-B1-03,2025-03-27,122.0,3.0,6,15,2
PHC-DST-B1-03,2025-03-28,114.0,3.0,6,9,1
PHC-DST-B1-03,2025-03-29,106.0,6.0,5,12,4
PHC-DST-B1-03,2025-03-30,56.0,5.0,6,17,2
PHC-DST-B1-03,2025-03-31,143.0,7.0,6,15,3
PHC-DST-B1-03,2025-04-01,126.0,6.0,5,13,2
PHC-DST-B1-03,2025-04-02,,5.0,7,13,2
PHC-DST-B1-03,2025-04-03,113.0,6.0,6,12,3
PHC-DST-B1-03,2025-04-04,119.0,3.0,7,11,6
PHC-DST-B1-03,2025-04-05,105.0,4.0,6,12,4
PHC-DST-B1-03,2025-04-06,,7.0,6,14,5
PHC-DST-B1-03,2025-04-07,140.0,2.0,6,14,6
PHC-DST-B1-03,2025-04-08,133.0,3.0,7,15,5
PHC-DST-B1-03,2025-04-09,120.0,6.0,7,13,2
PHC-DST-B1-03,2025-04-10,115.0,7.0,6,12,5
PHC-DST-B1-03,2025-04-11,114.0,7.0,5,13,2
PHC-DST-B1-03,2025-04-12,103.0,3.0,7,10,1
PHC-DST-B1-03,2025-04-13,52.0,4.0,8,14,3
PHC-DST-B1-03,2025-04-14,139.0,7.0,5,15,1
PHC-DST-B1-03,2025-04-15,129.0,3.0,3,12,3
PHC-DST-B1-03,2025-04-16,124.0,4.0,5,17,2
PHC-DST-B1-03,2025-04-17,117.0,5.0,7,15,1
PHC-DST-B1-03,2025-04-18,117.0,2.0,6,15,4
PHC-DST-B1-03,2025-04-19,116.0,6.0,7,18,2
PHC-DST-B1-03,2025-04-20,46.0,2.0,9,14,3
PHC-DST-B1-03,2025-04-21,140.0,5.0,6,14,4
PHC-DST-B1-03,2025-04-22,129.0,5.0,5,13,2
PHC-DST-B1-03,2025-04-23,124.0,5.0,7,12,3
PHC-DST-B1-03,2025-04-24,114.0,2.0,9,12,5
PHC-DST-B1-03,2025-04-25,129.0,1.0,5,17,5
PHC-DST-B1-03,2025-04-26,100.0,3.0,8,15,3
PHC-DST-B1-03,2025-04-27,48.0,7.0,6,11,5
PHC-DST-B1-03,2025-04-28,143.0,5.0,5,14,4
PHC-DST-B1-03,2025-04-29,128.0,5.0,5,13,3
PHC-DST-B1-03,2025-04-30,126.0,4.0,8,18,7
PHC-DST-B1-03,2025-05-01,106.0,2.0,3,10,2
PHC-DST-B1-03,2025-05-02,123.0,2.0,9,15,1
PHC-DST-B1-03,2025-05-03,100.0,5.0,7,10,5
PHC-DST-B1-03,2025-05-04,56.0,3.0,6,14,2
PHC-DST-B1-03,2025-05-05,145.0,4.0,6,14,2
PHC-DST-B1-03,2025-05-06,125.0,2.0,5,12,1
PHC-DST-B1-03,2025-05-07,116.0,0.0,6,14,2
PHC-DST-B1-03,2025-05-08,114.0,2.0,8,12,2
PHC-DST-B1-03,2025-05-09,120.0,8.0,4,15,2
PHC-DST-B1-03,2025-05-10,99.0,7.0,6,14,3
PHC-DST-B1-03,2025-05-11,54.0,6.0,6,15,0
PHC-DST-B1-03,2025-05-12,140.0,5.0,8,11,3
PHC-DST-B1-03,2025-05-13,126.0,5.0,5,14,1
PHC-DST-B1-03,2025-05-14,115.0,4.0,4,14,4
PHC-DST-B1-03,2025-05-15,118.0,4.0,6,17,3
PHC-DST-B1-03,2025-05-16,115.0,2.0,8,13,4
PHC-DST-B1-03,2025-05-17,107.0,4.0,7,12,3
PHC-DST-B1-03,2025-05-18,53.0,3.0,6,15,9
PHC-DST-B1-03,2025-05-19,141.0,3.0,6,14,0
PHC-DST-B1-03,2025-05-20,131.0,2.0,6,11,3
PHC-DST-B1-03,2025-05-21,121.0,5.0,5,14,4
PHC-DST-B1-03,2025-05-22,112.0,3.0,5,12,2
PHC-DST-B1-03,2025-05-23,115.0,8.0,8,12,1
PHC-DST-B1-03,2025-05-24,105.0,3.0,8,15,1
PHC-DST-B1-03,2025-05-25,50.0,7.0,8,13,5
PHC-DST-B1-03,2025-05-26,142.0,1.0,7,13,1
PHC-DST-B1-03,2025-05-27,125.0,7.0,5,14,4
PHC-DST-B1-03,2025-05-28,119.0,3.0,6,13,3
PHC-DST-B1-03,2025-05-29,114.0,3.0,7,12,3
PHC-DST-B1-03,2025-05-30,115.0,4.0,7,11,7
PHC-DST-B1-03,2025-05-31,106.0,5.0,7,16,2
PHC-DST-B1-03,2025-06-01,48.0,2.0,7,14,5
PHC-DST-B1-03,2025-06-02,141.0,2.0,9,11,0
PHC-DST-B1-03,2025-06-03,129.0,3.0,4,10,2
PHC-DST-B1-03,2025-06-04,116.0,6.0,6,10,3
PHC-DST-B1-03,2025-06-05,116.0,,8,17,4
PHC-DST-B1-03,2025-06-06,123.0,5.0,5,16,2
PHC-DST-B1-03,2025-06-07,104.0,2.0,8,17,6
PHC-DST-B1-03,2025-06-08,53.0,2.0,6,12,3
PHC-DST-B1-03,2025-06-09,134.0,5.0,7,8,5
PHC-DST-B1-03,2025-06-10,129.0,3.0,9,8,2
PHC-DST-B1-03,2025-06-11,116.0,4.0,4,12,4
PHC-DST-B1-03,2025-06-12,116.0,4.0,6,16,2
PHC-DST-B1-03,2025-06-13,118.0,4.0,6,9,4
PHC-DST-B1-03,2025-06-14,106.0,7.0,6,14,0
PHC-DST-B1-03,2025-06-15,43.0,6.0,4,12,5
PHC-DST-B1-03,2025-06-16,138.0,4.0,5,14,5
PHC-DST-B1-03,2025-06-17,133.0,5.0,8,13,2
PHC-DST-B1-03,2025-06-18,116.0,3.0,5,11,4
PHC-DST-B1-03,2025-06-19,114.0,3.0,7,13,6
PHC-DST-B1-03,2025-06-20,122.0,4.0,8,10,3
PHC-DST-B1-03,2025-06-21,100.0,6.0,6,10,1
PHC-DST-B1-03,2025-06-22,47.0,5.0,6,13,4
PHC-DST-B1-03,2025-06-23,143.0,6.0,2,13,1
PHC-DST-B1-03,2025-06-24,128.0,4.0,5,14,3
PHC-DST-B1-03,2025-06-25,112.0,5.0,7,10,5
PHC-DST-B1-03,2025-06-26,115.0,4.0,7,12,2
PHC-DST-B1-03,2025-06-27,123.0,5.0,5,12,2
PHC-DST-B1-03,2025-06-28,106.0,2.0,6,12,2
PHC-DST-B1-03,2025-06-29,50.0,4.0,5,12,4
PHC-DST-B1-03,2025-06-30,140.0,3.0,5,14,4
PHC-DST-B1-04,2024-07-01,144.0,7.0,20,16,4
PHC-DST-B1-04,2024-07-02,130.0,2.0,19,12,1
PHC-DST-B1-04,2024-07-03,121.0,5.0,21,11,3
PHC-DST-B1-04,2024-07-04,115.0,6.0,18,16,4
PHC-DST-B1-04,2024-07-05,117.0,8.0,18,11,1
PHC-DST-B1-04,2024-07-06,94.0,5.0,5,14,5
PHC-DST-B1-04,2024-07-07,48.0,5.0,7,11,3
PHC-DST-B1-04,2024-07-08,134.0,1.0,20,9,2
PHC-DST-B1-04,2024-07-09,130.0,5.0,18,20,0
PHC-DST-B1-04,2024-07-10,116.0,3.0,4,21,1
PHC-DST-B1-04,2024-07-11,120.0,1.0,7,24,1
PHC-DST-B1-04,2024-07-12,119.0,4.0,24,11,5
PHC-DST-B1-04,2024-07-13,100.0,4.0,17,10,3
PHC-DST-B1-04,2024-07-14,62.0,2.0,8,31,4
PHC-DST-B1-04,2024-07-15,126.0,4.0,4,11,2
PHC-DST-B1-04,2024-07-16,123.0,3.0,8,12,3
PHC-DST-B1-04,2024-07-17,123.0,4.0,20,15,5
PHC-DST-B1-04,2024-07-18,121.0,2.0,17,24,2
PHC-DST-B1-04,2024-07-19,116.0,6.0,14,11,3
PHC-DST-B1-04,2024-07-20,96.0,7.0,5,13,1
PHC-DST-B1-04,2024-07-21,48.0,7.0,17,9,2
PHC-DST-B1-04,2024-07-22,139.0,7.0,24,13,3
PHC-DST-B1-04,2024-07-23,144.0,2.0,14,34,1
PHC-DST-B1-04,2024-07-24,123.0,7.0,13,19,2
PHC-DST-B1-04,2024-07-25,109.0,4.0,19,10,2
PHC-DST-B1-04,2024-07-26,117.0,6.0,22,12,2
PHC-DST-B1-04,2024-07-27,111.0,7.0,5,29,4
PHC-DST-B1-04,2024-07-28,66.0,5.0,20,28,3
PHC-DST-B1-04,2024-07-29,156.0,4.0,21,28,1
PHC-DST-B1-04,2024-07-30,132.0,4.0,21,21,2
PHC-DST-B1-04,2024-07-31,124.0,4.0,23,25,3
PHC-DST-B1-04,2024-08-01,112.0,4.0,15,12,4
PHC-DST-B1-04,2024-08-02,110.0,2.0,6,12,2
PHC-DST-B1-04,2024-08-03,108.0,4.0,6,22,6
PHC-DST-B1-04,2024-08-04,43.0,3.0,6,10,3
PHC-DST-B1-04,2024-08-05,,3.0,5,30,1
PHC-DST-B1-04,2024-08-06,150.0,3.0,20,34,4
PHC-DST-B1-04,2024-08-07,130.0,4.0,18,24,5
PHC-DST-B1-04,2024-08-08,110.0,8.0,5,15,4
PHC-DST-B1-04,2024-08-09,115.0,5.0,15,13,4
PHC-DST-B1-04,2024-08-10,107.0,1.0,20,13,2
PHC-DST-B1-04,2024-08-11,54.0,1.0,5,22,4
PHC-DST-B1-04,2024-08-12,149.0,4.0,20,28,4
PHC-DST-B1-04,2024-08-13,129.0,4.0,17,15,1
PHC-DST-B1-04,2024-08-14,118.0,4.0,7,14,2
PHC-DST-B1-04,2024-08-15,122.0,3.0,19,24,2
PHC-DST-B1-04,2024-08-16,116.0,2.0,18,10,2
PHC-DST-B1-04,2024-08-17,94.0,4.0,6,11,1
PHC-DST-B1-04,2024-08-18,62.0,4.0,7,32,4
PHC-DST-B1-04,2024-08-19,135.0,5.0,15,21,2
PHC-DST-B1-04,2024-08-20,128.0,3.0,19,12,0
PHC-DST-B1-04,2024-08-21,133.0,0.0,22,31,2
PHC-DST-B1-04,2024-08-22,103.0,4.0,5,11,6
PHC-DST-B1-04,2024-08-23,116.0,3.0,14,12,2
PHC-DST-B1-04,2024-08-24,101.0,7.0,21,11,5
PHC-DST-B1-04,2024-08-25,60.0,6.0,5,29,1
PHC-DST-B1-04,2024-08-26,140.0,9.0,6,22,3
PHC-DST-B1-04,2024-08-27,123.0,4.0,7,12,1
PHC-DST-B1-04,2024-08-28,115.0,4.0,18,9,4
PHC-DST-B1-04,2024-08-29,122.0,2.0,15,32,5
PHC-DST-B1-04,2024-08-30,118.0,3.0,16,13,2
PHC-DST-B1-04,2024-08-31,103.0,4.0,18,10,2
PHC-DST-B1-04,2024-09-01,55.0,4.0,18,14,2
PHC-DST-B1-04,2024-09-02,127.0,5.0,7,11,2
PHC-DST-B1-04,2024-09-03,130.0,7.0,8,28,5
PHC-DST-B1-04,2024-09-04,128.0,4.0,24,13,1
PHC-DST-B1-04,2024-09-05,125.0,3.0,22,24,5
PHC-DST-B1-04,2024-09-06,126.0,2.0,5,29,2
PHC-DST-B1-04,2024-09-07,95.0,6.0,8,12,0
PHC-DST-B1-04,2024-09-08,41.0,2.0,6,10,3
PHC-DST-B1-04,2024-09-09,131.0,3.0,8,15,2
PHC-DST-B1-04,2024-09-10,131.0,6.0,5,26,3
PHC-DST-B1-04,2024-09-11,113.0,0.0,5,12,1
PHC-DST-B1-04,2024-09-12,102.0,3.0,7,9,2
PHC-DST-B1-04,2024-09-13,107.0,3.0,5,13,1
PHC-DST-B1-04,2024-09-14,97.0,2.0,7,15,5
PHC-DST-B1-04,2024-09-15,46.0,1.0,7,16,1
PHC-DST-B1-04,2024-09-16,134.0,5.0,7,11,0
PHC-DST-B1-04,2024-09-17,130.0,4.0,20,12,3
PHC-DST-B1-04,2024-09-18,,5.0,20,37,2
PHC-DST-B1-04,2024-09-19,108.0,4.0,8,12,1
PHC-DST-B1-04,2024-09-20,122.0,6.0,19,14,8
PHC-DST-B1-04,2024-09-21,99.0,6.0,15,10,2
PHC-DST-B1-04,2024-09-22,56.0,4.0,20,12,1
PHC-DST-B1-04,2024-09-23,159.0,6.0,18,36,5
PHC-DST-B1-04,2024-09-24,124.0,2.0,7,12,4
PHC-DST-B1-04,2024-09-25,111.0,6.0,8,10,5
PHC-DST-B1-04,2024-09-26,126.0,4.0,5,31,1
PHC-DST-B1-04,2024-09-27,126.0,5.0,6,32,4
PHC-DST-B1-04,2024-09-28,114.0,4.0,5,34,2
PHC-DST-B1-04,2024-09-29,50.0,10.0,7,16,4
PHC-DST-B1-04,2024-09-30,136.0,6.0,7,13,5
PHC-DST-B1-04,2024-10-01,117.0,0.0,7,10,4
PHC-DST-B1-04,2024-10-02,105.0,3.0,4,11,2
PHC-DST-B1-04,2024-10-03,108.0,5.0,6,11,4
PHC-DST-B1-04,2024-10-04,108.0,3.0,5,12,5
PHC-DST-B1-04,2024-10-05,95.0,5.0,6,12,2
PHC-DST-B1-04,2024-10-06,45.0,4.0,7,11,4
PHC-DST-B1-04,2024-10-07,128.0,5.0,5,12,3
PHC-DST-B1-04,2024-10-08,118.0,5.0,7,11,3
PHC-DST-B1-04,2024-10-09,107.0,4.0,7,13,1
PHC-DST-B1-04,2024-10-10,109.0,3.0,5,11,2
PHC-DST-B1-04,2024-10-11,111.0,4.0,6,12,1
PHC-DST-B1-04,2024-10-12,95.0,6.0,7,11,4
PHC-DST-B1-04,2024-10-13,47.0,5.0,4,18,4
PHC-DST-B1-04,2024-10-14,126.0,2.0,8,9,2
PHC-DST-B1-04,2024-10-15,117.0,6.0,7,11,2
PHC-DST-B1-04,2024-10-16,104.0,3.0,4,10,4
PHC-DST-B1-04,2024-10-17,109.0,5.0,8,12,4
PHC-DST-B1-04,2024-10-18,106.0,2.0,4,13,0
PHC-DST-B1-04,2024-10-19,103.0,6.0,4,15,1
PHC-DST-B1-04,2024-10-20,47.0,8.0,7,15,5
PHC-DST-B1-04,2024-10-21,129.0,8.0,8,9,1
PHC-DST-B1-04,2024-10-22,126.0,4.0,6,14,1
PHC-DST-B1-04,2024-10-23,109.0,3.0,4,12,3
PHC-DST-B1-04,2024-10-24,109.0,0.0,6,10,4
PHC-DST-B1-04,2024-10-25,108.0,,8,13,2
PHC-DST-B1-04,2024-10-26,98.0,4.0,4,12,4
PHC-DST-B1-04,2024-10-27,46.0,9.0,6,12,0
PHC-DST-B1-04,2024-10-28,128.0,6.0,6,10,2
PHC-DST-B1-04,2024-10-29,,7.0,6,14,4
PHC-DST-B1-04,2024-10-30,109.0,2.0,5,10,1
PHC-DST-B1-04,2024-10-31,101.0,4.0,6,10,0
PHC-DST-B1-04,2024-11-01,117.0,6.0,7,16,1
PHC-DST-B1-04,2024-11-02,97.0,6.0,4,9,1
PHC-DST-B1-04,2024-11-03,,4.0,8,11,4
PHC-DST-B1-04,2024-11-04,127.0,2.0,5,15,1
PHC-DST-B1-04,2024-11-05,120.0,1.0,6,12,1
PHC-DST-B1-04,2024-11-06,114.0,3.0,8,11,1
PHC-DST-B1-04,2024-11-07,110.0,2.0,6,16,2
PHC-DST-B1-04,2024-11-08,112.0,5.0,6,12,3
PHC-DST-B1-04,2024-11-09,101.0,5.0,7,13,3
PHC-DST-B1-04,2024-11-10,45.0,2.0,7,12,6
PHC-DST-B1-04,2024-11-11,125.0,4.0,5,10,2
PHC-DST-B1-04,2024-11-12,122.0,5.0,7,12,2
PHC-DST-B1-04,2024-11-13,114.0,4.0,8,14,1
PHC-DST-B1-04,2024-11-14,102.0,3.0,8,12,5
PHC-DST-B1-04,2024-11-15,114.0,4.0,7,14,4
PHC-DST-B1-04,2024-11-16,96.0,6.0,5,11,2
PHC-DST-B1-04,2024-11-17,53.0,3.0,7,17,3
PHC-DST-B1-04,2024-11-18,134.0,0.0,6,14,2
PHC-DST-B1-04,2024-11-19,119.0,1.0,6,12,1
PHC-DST-B1-04,2024-11-20,113.0,3.0,7,11,4
PHC-DST-B1-04,2024-11-21,108.0,7.0,6,13,4
PHC-DST-B1-04,2024-11-22,111.0,7.0,5,12,2
PHC-DST-B1-04,2024-11-23,97.0,3.0,6,14,1
PHC-DST-B1-04,2024-11-24,45.0,4.0,3,14,6
PHC-DST-B1-04,2024-11-25,135.0,4.0,6,12,3
PHC-DST-B1-04,2024-11-26,122.0,9.0,5,11,3
PHC-DST-B1-04,2024-11-27,110.0,5.0,5,15,5
PHC-DST-B1-04,2024-11-28,101.0,5.0,5,14,3
PHC-DST-B1-04,2024-11-29,111.0,3.0,7,11,3
PHC-DST-B1-04,2024-11-30,96.0,3.0,8,11,3
PHC-DST-B1-04,2024-12-01,46.0,1.0,6,14,2
PHC-DST-B1-04,2024-12-02,124.0,6.0,5,11,2
PHC-DST-B1-04,2024-12-03,121.0,5.0,6,12,3
PHC-DST-B1-04,2024-12-04,108.0,7.0,5,12,5
PHC-DST-B1-04,2024-12-05,113.0,6.0,6,15,3
PHC-DST-B1-04,2024-12-06,106.0,4.0,5,9,5
PHC-DST-B1-04,2024-12-07,96.0,4.0,6,11,2
PHC-DST-B1-04,2024-12-08,50.0,3.0,6,13,2
PHC-DST-B1-04,2024-12-09,127.0,4.0,3,12,3
PHC-DST-B1-04,2024-12-10,120.0,5.0,7,11,3
PHC-DST-B1-04,2024-12-11,113.0,4.0,7,16,2
PHC-DST-B1-04,2024-12-12,103.0,6.0,5,11,3
PHC-DST-B1-04,2024-12-13,114.0,2.0,7,8,1
PHC-DST-B1-04,2024-12-14,98.0,3.0,8,13,2
PHC-DST-B1-04,2024-12-15,43.0,2.0,6,9,1
PHC-DST-B1-04,2024-12-16,126.0,2.0,6,13,3
PHC-DST-B1-04,2024-12-17,123.0,3.0,7,10,3
PHC-DST-B1-04,2024-12-18,112.0,4.0,5,12,4
PHC-DST-B1-04,2024-12-19,107.0,6.0,5,14,4
PHC-DST-B1-04,2024-12-20,110.0,5.0,7,10,6
PHC-DST-B1-04,2024-12-21,101.0,3.0,5,14,2
PHC-DST-B1-04,2024-12-22,46.0,4.0,5,13,1
PHC-DST-B1-04,2024-12-23,134.0,3.0,7,11,2
PHC-DST-B1-04,2024-12-24,124.0,2.0,8,15,2
PHC-DST-B1-04,2024-12-25,110.0,8.0,7,13,0
PHC-DST-B1-04,2024-12-26,112.0,0.0,7,15,4
PHC-DST-B1-04,2024-12-27,118.0,6.0,7,14,1
PHC-DST-B1-04,2024-12-28,94.0,5.0,3,10,0
PHC-DST-B1-04,2024-12-29,45.0,2.0,6,12,3
PHC-DST-B1-04,2024-12-30,128.0,5.0,6,12,3
PHC-DST-B1-04,2024-12-31,123.0,3.0,6,12,5
PHC-DST-B1-04,2025-01-01,113.0,5.0,6,11,3
PHC-DST-B1-04,2025-01-02,103.0,2.0,4,11,3
PHC-DST-B1-04,2025-01-03,111.0,4.0,6,11,2
PHC-DST-B1-04,2025-01-04,98.0,5.0,5,14,1
PHC-DST-B1-04,2025-01-05,43.0,2.0,5,12,0
PHC-DST-B1-04,2025-01-06,125.0,3.0,6,13,2
PHC-DST-B1-04,2025-01-07,124.0,6.0,7,14,5
PHC-DST-B1-04,2025-01-08,110.0,2.0,8,11,1
PHC-DST-B1-04,2025-01-09,104.0,4.0,8,15,1
PHC-DST-B1-04,2025-01-10,106.0,4.0,7,11,3
PHC-DST-B1-04,2025-01-11,100.0,2.0,5,11,2
PHC-DST-B1-04,2025-01-12,49.0,8.0,8,9,5
PHC-DST-B1-04,2025-01-13,130.0,5.0,5,11,2
PHC-DST-B1-04,2025-01-14,124.0,7.0,7,14,3
PHC-DST-B1-04,2025-01-15,116.0,4.0,5,14,1
PHC-DST-B1-04,2025-01-16,103.0,4.0,7,14,3
PHC-DST-B1-04,2025-01-17,105.0,7.0,5,10,0
PHC-DST-B1-04,2025-01-18,100.0,6.0,6,15,5
PHC-DST-B1-04,2025-01-19,44.0,2.0,7,12,3
PHC-DST-B1-04,2025-01-20,129.0,3.0,5,10,3
PHC-DST-B1-04,2025-01-21,126.0,1.0,7,17,1
PHC-DST-B1-04,2025-01-22,110.0,3.0,7,10,2
PHC-DST-B1-04,2025-01-23,107.0,1.0,7,12,4
PHC-DST-B1-04,2025-01-24,108.0,2.0,6,11,3
PHC-DST-B1-04,2025-01-25,102.0,3.0,8,10,2
PHC-DST-B1-04,2025-01-26,48.0,9.0,7,13,3
PHC-DST-B1-04,2025-01-27,126.0,3.0,4,10,1
PHC-DST-B1-04,2025-01-28,117.0,4.0,6,13,3
PHC-DST-B1-04,2025-01-29,113.0,3.0,5,11,3
PHC-DST-B1-04,2025-01-30,103.0,5.0,3,12,3
PHC-DST-B1-04,2025-01-31,115.0,4.0,6,15,2
PHC-DST-B1-04,2025-02-01,97.0,2.0,5,14,5
PHC-DST-B1-04,2025-02-02,40.0,4.0,7,9,2
PHC-DST-B1-04,2025-02-03,122.0,1.0,4,8,2
PHC-DST-B1-04,2025-02-04,124.0,7.0,7,13,2
PHC-DST-B1-04,2025-02-05,113.0,5.0,6,12,6
PHC-DST-B1-04,2025-02-06,104.0,2.0,8,12,4
PHC-DST-B1-04,2025-02-07,112.0,6.0,4,14,3
PHC-DST-B1-04,2025-02-08,98.0,7.0,6,12,1
PHC-DST-B1-04,2025-02-09,46.0,3.0,6,10,6
PHC-DST-B1-04,2025-02-10,136.0,7.0,6,12,2
PHC-DST-B1-04,2025-02-11,116.0,2.0,5,8,2
PHC-DST-B1-04,2025-02-12,,3.0,5,9,1
PHC-DST-B1-04,2025-02-13,101.0,5.0,5,12,2
PHC-DST-B1-04,2025-02-14,113.0,4.0,6,12,2
PHC-DST-B1-04,2025-02-15,101.0,3.0,7,15,1
PHC-DST-B1-04,2025-02-16,42.0,2.0,7,9,2
PHC-DST-B1-04,2025-02-17,129.0,6.0,4,14,3
PHC-DST-B1-04,2025-02-18,118.0,4.0,5,13,1
PHC-DST-B1-04,2025-02-19,113.0,5.0,4,13,0
PHC-DST-B1-04,2025-02-20,104.0,6.0,7,9,2
PHC-DST-B1-04,2025-02-21,112.0,6.0,5,12,2
PHC-DST-B1-04,2025-02-22,94.0,3.0,5,11,2
PHC-DST-B1-04,2025-02-23,45.0,4.0,7,12,0
PHC-DST-B1-04,2025-02-24,131.0,2.0,6,13,1
PHC-DST-B1-04,2025-02-25,115.0,7.0,7,6,2
PHC-DST-B1-04,2025-02-26,115.0,3.0,7,13,4
PHC-DST-B1-04,2025-02-27,113.0,3.0,7,15,3
PHC-DST-B1-04,2025-02-28,109.0,7.0,5,14,4
PHC-DST-B1-04,2025-03-01,98.0,1.0,5,13,5
PHC-DST-B1-04,2025-03-02,49.0,5.0,7,12,1
PHC-DST-B1-04,2025-03-03,124.0,5.0,7,13,3
PHC-DST-B1-04,2025-03-04,118.0,,5,11,2
PHC-DST-B1-04,2025-03-05,109.0,1.0,5,10,6
PHC-DST-B1-04,2025-03-06,108.0,1.0,6,11,2
PHC-DST-B1-04,2025-03-07,116.0,2.0,7,16,3
PHC-DST-B1-04,2025-03-08,97.0,8.0,5,15,1
PHC-DST-B1-04,2025-03-09,43.0,,7,9,3
PHC-DST-B1-04,2025-03-10,126.0,4.0,7,9,1
PHC-DST-B1-04,2025-03-11,124.0,5.0,6,12,3
PHC-DST-B1-04,2025-03-12,114.0,2.0,5,12,2
PHC-DST-B1-04,2025-03-13,100.0,2.0,4,10,4
PHC-DST-B1-04,2025-03-14,115.0,5.0,7,11,0
PHC-DST-B1-04,2025-03-15,99.0,4.0,8,10,3
PHC-DST-B1-04,2025-03-16,40.0,2.0,5,10,3
PHC-DST-B1-04,2025-03-17,128.0,0.0,6,15,7
PHC-DST-B1-04,2025-03-18,119.0,4.0,7,15,1
PHC-DST-B1-04,2025-03-19,111.0,3.0,6,14,1
PHC-DST-B1-04,2025-03-20,104.0,2.0,6,8,1
PHC-DST-B1-04,2025-03-21,114.0,3.0,7,15,1
PHC-DST-B1-04,2025-03-22,94.0,4.0,5,10,3
PHC-DST-B1-04,2025-03-23,42.0,2.0,3,8,3
PHC-DST-B1-04,2025-03-24,137.0,5.0,7,17,3
PHC-DST-B1-04,2025-03-25,120.0,2.0,5,12,3
PHC-DST-B1-04,2025-03-26,112.0,7.0,8,13,5
PHC-DST-B1-04,2025-03-27,108.0,3.0,7,14,5
PHC-DST-B1-04,2025-03-28,101.0,6.0,6,11,1
PHC-DST-B1-04,2025-03-29,97.0,3.0,5,15,5
PHC-DST-B1-04,2025-03-30,45.0,0.0,7,13,5
PHC-DST-B1-04,2025-03-31,130.0,2.0,8,13,4
PHC-DST-B1-04,2025-04-01,117.0,3.0,5,10,2
PHC-DST-B1-04,2025-04-02,109.0,5.0,8,12,2
PHC-DST-B1-04,2025-04-03,109.0,0.0,5,13,2
PHC-DST-B1-04,2025-04-04,109.0,3.0,6,10,3
PHC-DST-B1-04,2025-04-05,98.0,5.0,4,15,3
PHC-DST-B1-04,2025-04-06,50.0,4.0,6,11,5
PHC-DST-B1-04,2025-04-07,128.0,4.0,3,12,1
PHC-DST-B1-04,2025-04-08,118.0,3.0,6,15,3
PHC-DST-B1-04,2025-04-09,113.0,4.0,5,15,3
PHC-DST-B1-04,2025-04-10,112.0,2.0,8,16,5
PHC-DST-B1-04,2025-04-11,109.0,6.0,7,11,3
PHC-DST-B1-04,2025-04-12,95.0,2.0,3,9,0
PHC-DST-B1-04,2025-04-13,44.0,5.0,6,9,1
PHC-DST-B1-04,2025-04-14,132.0,2.0,6,13,1
PHC-DST-B1-04,2025-04-15,115.0,6.0,5,13,2
PHC-DST-B1-04,2025-04-16,108.0,3.0,6,11,2
PHC-DST-B1-04,2025-04-17,108.0,3.0,5,12,5
PHC-DST-B1-04,2025-04-18,112.0,6.0,7,11,2
PHC-DST-B1-04,2025-04-19,96.0,3.0,6,13,3
PHC-DST-B1-04,2025-04-20,45.0,6.0,6,13,2
PHC-DST-B1-04,2025-04-21,129.0,6.0,7,15,0
PHC-DST-B1-04,2025-04-22,119.0,3.0,6,14,1
PHC-DST-B1-04,2025-04-23,108.0,5.0,6,10,5
PHC-DST-B1-04,2025-04-24,103.0,2.0,4,10,0
PHC-DST-B1-04,2025-04-25,112.0,0.0,4,12,2
PHC-DST-B1-04,2025-04-26,96.0,5.0,6,13,5
PHC-DST-B1-04,2025-04-27,41.0,2.0,4,12,2
PHC-DST-B1-04,2025-04-28,132.0,7.0,4,11,4
PHC-DST-B1-04,2025-04-29,121.0,7.0,6,12,3
PHC-DST-B1-04,2025-04-30,114.0,6.0,8,11,4
PHC-DST-B1-04,2025-05-01,100.0,8.0,6,9,3
PHC-DST-B1-04,2025-05-02,114.0,3.0,6,14,3
PHC-DST-B1-04,2025-05-03,95.0,4.0,7,13,2
PHC-DST-B1-04,2025-05-04,43.0,9.0,6,10,4
PHC-DST-B1-04,2025-05-05,128.0,5.0,5,13,4
PHC-DST-B1-04,2025-05-06,124.0,2.0,7,12,4
PHC-DST-B1-04,2025-05-07,115.0,3.0,7,15,3
PHC-DST-B1-04,2025-05-08,107.0,6.0,6,11,0
PHC-DST-B1-04,2025-05-09,111.0,3.0,4,10,1
PHC-DST-B1-04,2025-05-10,102.0,4.0,7,12,3
PHC-DST-B1-04,2025-05-11,39.0,4.0,6,14,3
PHC-DST-B1-04,2025-05-12,126.0,1.0,5,11,2
PHC-DST-B1-04,2025-05-13,115.0,5.0,5,11,4
PHC-DST-B1-04,2025-05-14,114.0,6.0,8,13,4
PHC-DST-B1-04,2025-05-15,109.0,4.0,7,15,1
PHC-DST-B1-04,2025-05-16,113.0,4.0,7,11,4
PHC-DST-B1-04,2025-05-17,93.0,9.0,4,12,6
PHC-DST-B1-04,2025-05-18,44.0,3.0,4,12,3
PHC-DST-B1-04,2025-05-19,129.0,4.0,6,13,2
PHC-DST-B1-04,2025-05-20,122.0,6.0,5,13,4
PHC-DST-B1-04,2025-05-21,113.0,4.0,7,11,2
PHC-DST-B1-04,2025-05-22,107.0,5.0,6,11,0
PHC-DST-B1-04,2025-05-23,108.0,2.0,7,10,1
PHC-DST-B1-04,2025-05-24,96.0,4.0,5,12,4
PHC-DST-B1-04,2025-05-25,41.0,2.0,7,12,2
PHC-DST-B1-04,2025-05-26,129.0,1.0,6,9,0
PHC-DST-B1-04,2025-05-27,125.0,,4,13,2
PHC-DST-B1-04,2025-05-28,117.0,4.0,7,12,5
PHC-DST-B1-04,2025-05-29,106.0,3.0,4,15,7
PHC-DST-B1-04,2025-05-30,113.0,3.0,6,13,5
PHC-DST-B1-04,2025-05-31,101.0,2.0,7,14,1
PHC-DST-B1-04,2025-06-01,42.0,6.0,7,11,3
PHC-DST-B1-04,2025-06-02,131.0,6.0,6,9,2
PHC-DST-B1-04,2025-06-03,,5.0,8,11,1
PHC-DST-B1-04,2025-06-04,117.0,1.0,4,16,2
PHC-DST-B1-04,2025-06-05,102.0,5.0,6,13,5
PHC-DST-B1-04,2025-06-06,111.0,5.0,6,11,2
PHC-DST-B1-04,2025-06-07,101.0,6.0,6,14,5
PHC-DST-B1-04,2025-06-08,48.0,4.0,8,11,1
PHC-DST-B1-04,2025-06-09,129.0,3.0,5,13,4
PHC-DST-B1-04,2025-06-10,118.0,6.0,6,9,3
PHC-DST-B1-04,2025-06-11,112.0,3.0,6,14,3
PHC-DST-B1-04,2025-06-12,108.0,4.0,6,13,4
PHC-DST-B1-04,2025-06-13,115.0,4.0,5,10,2
PHC-DST-B1-04,2025-06-14,102.0,6.0,6,11,3
PHC-DST-B1-04,2025-06-15,46.0,4.0,7,13,3
PHC-DST-B1-04,2025-06-16,131.0,3.0,5,15,0
PHC-DST-B1-04,2025-06-17,122.0,5.0,7,14,3
PHC-DST-B1-04,2025-06-18,109.0,4.0,6,11,4
PHC-DST-B1-04,2025-06-19,103.0,7.0,6,10,3
PHC-DST-B1-04,2025-06-20,111.0,5.0,7,11,4
PHC-DST-B1-04,2025-06-21,96.0,4.0,4,11,2
PHC-DST-B1-04,2025-06-22,,3.0,8,10,6
PHC-DST-B1-04,2025-06-23,128.0,2.0,7,11,5
PHC-DST-B1-04,2025-06-24,128.0,3.0,7,17,1
PHC-DST-B1-04,2025-06-25,110.0,7.0,6,9,2
PHC-DST-B1-04,2025-06-26,101.0,1.0,4,12,4
PHC-DST-B1-04,2025-06-27,111.0,6.0,6,13,1
PHC-DST-B1-04,2025-06-28,,3.0,8,10,4
PHC-DST-B1-04,2025-06-29,46.0,6.0,6,11,4
PHC-DST-B1-04,2025-06-30,134.0,4.0,5,12,3
PHC-DST-B1-05,2024-07-01,120.0,4.0,17,10,4
PHC-DST-B1-05,2024-07-02,115.0,2.0,17,11,2
PHC-DST-B1-05,2024-07-03,108.0,2.0,15,12,0
PHC-DST-B1-05,2024-07-04,104.0,3.0,13,14,2
PHC-DST-B1-05,2024-07-05,108.0,2.0,13,10,4
PHC-DST-B1-05,2024-07-06,83.0,3.0,5,10,5
PHC-DST-B1-05,2024-07-07,40.0,,7,9,2
PHC-DST-B1-05,2024-07-08,121.0,2.0,14,12,0
PHC-DST-B1-05,2024-07-09,129.0,3.0,15,30,3
PHC-DST-B1-05,2024-07-10,114.0,4.0,5,29,1
PHC-DST-B1-05,2024-07-11,103.0,2.0,8,19,4
PHC-DST-B1-05,2024-07-12,111.0,3.0,17,11,2
PHC-DST-B1-05,2024-07-13,91.0,7.0,15,7,1
PHC-DST-B1-05,2024-07-14,46.0,5.0,6,19,0
PHC-DST-B1-05,2024-07-15,118.0,2.0,5,10,1
PHC-DST-B1-05,2024-07-16,107.0,1.0,5,11,2
PHC-DST-B1-05,2024-07-17,105.0,3.0,13,9,1
PHC-DST-B1-05,2024-07-18,112.0,6.0,16,24,4
PHC-DST-B1-05,2024-07-19,108.0,7.0,20,14,0
PHC-DST-B1-05,2024-07-20,85.0,6.0,3,13,0
PHC-DST-B1-05,2024-07-21,47.0,5.0,17,12,2
PHC-DST-B1-05,2024-07-22,117.0,1.0,13,8,2
PHC-DST-B1-05,2024-07-23,131.0,7.0,13,28,5
PHC-DST-B1-05,2024-07-24,108.0,4.0,16,27,2
PHC-DST-B1-05,2024-07-25,97.0,1.0,14,13,2
PHC-DST-B1-05,2024-07-26,108.0,3.0,18,14,6
PHC-DST-B1-05,2024-07-27,97.0,3.0,5,28,4
PHC-DST-B1-05,2024-07-28,65.0,6.0,21,28,2
PHC-DST-B1-05,2024-07-29,,5.0,16,23,0
PHC-DST-B1-05,2024-07-30,131.0,1.0,16,32,5
PHC-DST-B1-05,2024-07-31,120.0,4.0,20,25,4
PHC-DST-B1-05,2024-08-01,105.0,2.0,16,15,4
PHC-DST-B1-05,2024-08-02,99.0,3.0,5,10,2
PHC-DST-B1-05,2024-08-03,99.0,1.0,6,27,1
PHC-DST-B1-05,2024-08-04,43.0,4.0,5,11,0
PHC-DST-B1-05,2024-08-05,125.0,3.0,6,23,2
PHC-DST-B1-05,2024-08-06,136.0,,18,27,2
PHC-DST-B1-05,2024-08-07,125.0,5.0,17,27,2
PHC-DST-B1-05,2024-08-08,96.0,0.0,5,11,1
PHC-DST-B1-05,2024-08-09,100.0,6.0,11,10,2
PHC-DST-B1-05,2024-08-10,96.0,2.0,18,10,3
PHC-DST-B1-05,2024-08-11,45.0,1.0,2,24,4
PHC-DST-B1-05,2024-08-12,142.0,3.0,13,31,2
PHC-DST-B1-05,2024-08-13,110.0,3.0,15,11,2
PHC-DST-B1-05,2024-08-14,99.0,3.0,4,11,1
PHC-DST-B1-05,2024-08-15,114.0,3.0,18,26,2
PHC-DST-B1-05,2024-08-16,103.0,3.0,17,9,2
PHC-DST-B1-05,2024-08-17,89.0,2.0,4,8,2
PHC-DST-B1-05,2024-08-18,49.0,5.0,6,19,0
PHC-DST-B1-05,2024-08-19,130.0,7.0,14,19,2
PHC-DST-B1-05,2024-08-20,116.0,2.0,13,8,4
PHC-DST-B1-05,2024-08-21,103.0,5.0,12,20,0
PHC-DST-B1-05,2024-08-22,90.0,5.0,4,10,2
PHC-DST-B1-05,2024-08-23,104.0,4.0,20,9,0
PHC-DST-B1-05,2024-08-24,97.0,,16,10,2
PHC-DST-B1-05,2024-08-25,53.0,4.0,4,26,3
PHC-DST-B1-05,2024-08-26,127.0,2.0,7,28,1
PHC-DST-B1-05,2024-08-27,106.0,4.0,7,11,1
PHC-DST-B1-05,2024-08-28,102.0,4.0,15,8,5
PHC-DST-B1-05,2024-08-29,115.0,1.0,18,27,3
PHC-DST-B1-05,2024-08-30,107.0,2.0,14,12,4
PHC-DST-B1-05,2024-08-31,100.0,5.0,19,12,7
PHC-DST-B1-05,2024-09-01,40.0,4.0,14,9,1
PHC-DST-B1-05,2024-09-02,118.0,4.0,3,9,0
PHC-DST-B1-05,2024-09-03,125.0,7.0,7,28,1
PHC-DST-B1-05,2024-09-04,108.0,3.0,15,14,1
PHC-DST-B1-05,2024-09-05,114.0,3.0,12,27,2
PHC-DST-B1-05,2024-09-06,111.0,8.0,3,29,1
PHC-DST-B1-05,2024-09-07,88.0,2.0,7,10,1
PHC-DST-B1-05,2024-09-08,48.0,3.0,6,12,6
PHC-DST-B1-05,2024-09-09,117.0,4.0,5,11,2
PHC-DST-B1-05,2024-09-10,112.0,5.0,7,20,3
PHC-DST-B1-05,2024-09-11,94.0,1.0,7,7,4
PHC-DST-B1-05,2024-09-12,92.0,5.0,5,11,0
PHC-DST-B1-05,2024-09-13,96.0,4.0,6,13,3
PHC-DST-B1-05,2024-09-14,86.0,,4,12,4
PHC-DST-B1-05,2024-09-15,36.0,4.0,4,11,0
PHC-DST-B1-05,2024-09-16,110.0,3.0,5,8,4
PHC-DST-B1-05,2024-09-17,110.0,4.0,16,9,3
PHC-DST-B1-05,2024-09-18,111.0,5.0,12,24,3
PHC-DST-B1-05,2024-09-19,97.0,3.0,6,13,4
PHC-DST-B1-05,2024-09-20,108.0,2.0,15,7,3
PHC-DST-B1-05,2024-09-21,88.0,7.0,13,10,4
PHC-DST-B1-05,2024-09-22,45.0,3.0,13,12,2
PHC-DST-B1-05,2024-09-23,125.0,8.0,15,17,3
PHC-DST-B1-05,2024-09-24,114.0,5.0,5,12,3
PHC-DST-B1-05,2024-09-25,102.0,3.0,6,14,4
PHC-DST-B1-05,2024-09-26,107.0,3.0,5,21,3
PHC-DST-B1-05,2024-09-27,110.0,1.0,5,29,2
PHC-DST-B1-05,2024-09-28,101.0,2.0,6,30,1
PHC-DST-B1-05,2024-09-29,36.0,5.0,7,10,1
PHC-DST-B1-05,2024-09-30,116.0,4.0,4,13,2
PHC-DST-B1-05,2024-10-01,104.0,5.0,6,12,3
PHC-DST-B1-05,2024-10-02,99.0,2.0,5,9,5
PHC-DST-B1-05,2024-10-03,96.0,1.0,6,12,1
PHC-DST-B1-05,2024-10-04,100.0,2.0,7,12,1
PHC-DST-B1-05,2024-10-05,81.0,4.0,6,8,0
PHC-DST-B1-05,2024-10-06,34.0,4.0,6,7,1
PHC-DST-B1-05,2024-10-07,107.0,6.0,4,8,2
PHC-DST-B1-05,2024-10-08,109.0,4.0,6,10,2
PHC-DST-B1-05,2024-10-09,97.0,3.0,6,10,1
PHC-DST-B1-05,2024-10-10,90.0,5.0,5,9,1
PHC-DST-B1-05,2024-10-11,98.0,7.0,5,11,2
PHC-DST-B1-05,2024-10-12,86.0,2.0,4,12,5
PHC-DST-B1-05,2024-10-13,46.0,2.0,6,12,4
PHC-DST-B1-05,2024-10-14,118.0,2.0,4,13,4
PHC-DST-B1-05,2024-10-15,111.0,2.0,5,12,2
PHC-DST-B1-05,2024-10-16,,6.0,5,11,3
PHC-DST-B1-05,2024-10-17,95.0,4.0,5,12,5
PHC-DST-B1-05,2024-10-18,102.0,3.0,5,13,2
PHC-DST-B1-05,2024-10-19,87.0,3.0,5,11,4
PHC-DST-B1-05,2024-10-20,43.0,5.0,5,12,2
PHC-DST-B1-05,2024-10-21,114.0,5.0,4,11,1
PHC-DST-B1-05,2024-10-22,106.0,4.0,5,9,3
PHC-DST-B1-05,2024-10-23,92.0,7.0,5,10,6
PHC-DST-B1-05,2024-10-24,96.0,3.0,7,13,0
PHC-DST-B1-05,2024-10-25,101.0,6.0,6,11,0
PHC-DST-B1-05,2024-10-26,80.0,3.0,5,9,2
PHC-DST-B1-05,2024-10-27,40.0,4.0,5,11,1
PHC-DST-B1-05,2024-10-28,106.0,2.0,5,10,3
PHC-DST-B1-05,2024-10-29,107.0,6.0,6,9,1
PHC-DST-B1-05,2024-10-30,99.0,1.0,7,13,1
PHC-DST-B1-05,2024-10-31,94.0,2.0,4,11,2
PHC-DST-B1-05,2024-11-01,101.0,3.0,7,11,3
PHC-DST-B1-05,2024-11-02,87.0,0.0,4,11,3
PHC-DST-B1-05,2024-11-03,37.0,2.0,6,11,6
PHC-DST-B1-05,2024-11-04,116.0,5.0,5,11,1
PHC-DST-B1-05,2024-11-05,106.0,3.0,5,13,4
PHC-DST-B1-05,2024-11-06,96.0,2.0,4,13,4
PHC-DST-B1-05,2024-11-07,99.0,2.0,5,12,2
PHC-DST-B1-05,2024-11-08,100.0,4.0,5,9,4
PHC-DST-B1-05,2024-11-09,87.0,4.0,6,12,3
PHC-DST-B1-05,2024-11-10,42.0,5.0,5,8,3
PHC-DST-B1-05,2024-11-11,117.0,3.0,5,11,1
PHC-DST-B1-05,2024-11-12,111.0,2.0,5,12,2
PHC-DST-B1-05,2024-11-13,95.0,3.0,5,11,1
PHC-DST-B1-05,2024-11-14,99.0,2.0,7,13,1
PHC-DST-B1-05,2024-11-15,105.0,2.0,6,14,2
PHC-DST-B1-05,2024-11-16,88.0,4.0,6,12,1
PHC-DST-B1-05,2024-11-17,40.0,3.0,3,12,1
PHC-DST-B1-05,2024-11-18,109.0,5.0,6,9,3
PHC-DST-B1-05,2024-11-19,108.0,4.0,4,12,0
PHC-DST-B1-05,2024-11-20,97.0,2.0,5,10,2
PHC-DST-B1-05,2024-11-21,97.0,5.0,5,10,3
PHC-DST-B1-05,2024-11-22,99.0,3.0,3,9,0
PHC-DST-B1-05,2024-11-23,86.0,4.0,8,12,1
PHC-DST-B1-05,2024-11-24,37.0,5.0,4,9,1
PHC-DST-B1-05,2024-11-25,110.0,4.0,5,6,1
PHC-DST-B1-05,2024-11-26,106.0,4.0,5,9,3
PHC-DST-B1-05,2024-11-27,101.0,2.0,4,13,1
PHC-DST-B1-05,2024-11-28,91.0,2.0,7,12,0
PHC-DST-B1-05,2024-11-29,99.0,4.0,6,11,3
PHC-DST-B1-05,2024-11-30,89.0,3.0,7,10,1
PHC-DST-B1-05,2024-12-01,38.0,3.0,5,10,3
PHC-DST-B1-05,2024-12-02,121.0,2.0,4,14,4
PHC-DST-B1-05,2024-12-03,112.0,4.0,6,10,2
PHC-DST-B1-05,2024-12-04,99.0,1.0,6,9,4
PHC-DST-B1-05,2024-12-05,93.0,8.0,5,10,1
PHC-DST-B1-05,2024-12-06,101.0,2.0,5,14,4
PHC-DST-B1-05,2024-12-07,80.0,4.0,3,8,1
PHC-DST-B1-05,2024-12-08,45.0,3.0,7,9,0
PHC-DST-B1-05,2024-12-09,120.0,1.0,5,10,1
PHC-DST-B1-05,2024-12-10,107.0,2.0,5,9,2
PHC-DST-B1-05,2024-12-11,95.0,3.0,7,12,0
PHC-DST-B1-05,2024-12-12,92.0,6.0,4,11,0
PHC-DST-B1-05,2024-12-13,97.0,2.0,4,7,3
PHC-DST-B1-05,2024-12-14,87.0,3.0,7,12,1
PHC-DST-B1-05,2024-12-15,38.0,8.0,5,9,2
PHC-DST-B1-05,2024-12-16,112.0,2.0,5,10,2
PHC-DST-B1-05,2024-12-17,109.0,4.0,5,11,1
PHC-DST-B1-05,2024-12-18,99.0,1.0,1,11,1
PHC-DST-B1-05,2024-12-19,97.0,3.0,7,11,1
PHC-DST-B1-05,2024-12-20,93.0,4.0,5,11,2
PHC-DST-B1-05,2024-12-21,87.0,8.0,6,9,3
PHC-DST-B1-05,2024-12-22,38.0,4.0,7,10,5
PHC-DST-B1-05,2024-12-23,119.0,4.0,7,13,3
PHC-DST-B1-05,2024-12-24,112.0,4.0,5,13,4
PHC-DST-B1-05,2024-12-25,,1.0,4,8,5
PHC-DST-B1-05,2024-12-26,97.0,4.0,5,11,3
PHC-DST-B1-05,2024-12-27,98.0,2.0,5,11,4
PHC-DST-B1-05,2024-12-28,87.0,3.0,5,12,3
PHC-DST-B1-05,2024-12-29,38.0,3.0,5,11,3
PHC-DST-B1-05,2024-12-30,119.0,2.0,3,11,2
PHC-DST-B1-05,2024-12-31,104.0,3.0,5,10,2
PHC-DST-B1-05,2025-01-01,97.0,4.0,6,11,2
PHC-DST-B1-05,2025-01-02,103.0,5.0,5,15,3
PHC-DST-B1-05,2025-01-03,97.0,0.0,4,10,0
PHC-DST-B1-05,2025-01-04,91.0,3.0,6,13,1
PHC-DST-B1-05,2025-01-05,43.0,4.0,5,11,2
PHC-DST-B1-05,2025-01-06,117.0,1.0,7,11,1
PHC-DST-B1-05,2025-01-07,110.0,1.0,7,15,2
PHC-DST-B1-05,2025-01-08,98.0,2.0,4,11,3
PHC-DST-B1-05,2025-01-09,98.0,2.0,6,10,4
PHC-DST-B1-05,2025-01-10,100.0,4.0,5,8,1
PHC-DST-B1-05,2025-01-11,93.0,2.0,6,12,3
PHC-DST-B1-05,2025-01-12,44.0,2.0,4,13,2
PHC-DST-B1-05,2025-01-13,115.0,4.0,5,11,3
PHC-DST-B1-05,2025-01-14,106.0,5.0,4,9,0
PHC-DST-B1-05,2025-01-15,99.0,3.0,6,7,3
PHC-DST-B1-05,2025-01-16,96.0,2.0,4,13,1
PHC-DST-B1-05,2025-01-17,96.0,5.0,4,11,2
PHC-DST-B1-05,2025-01-18,80.0,1.0,8,8,4
PHC-DST-B1-05,2025-01-19,38.0,3.0,6,10,0
PHC-DST-B1-05,2025-01-20,115.0,8.0,5,10,3
PHC-DST-B1-05,2025-01-21,110.0,2.0,7,10,3
PHC-DST-B1-05,2025-01-22,104.0,4.0,6,11,2
PHC-DST-B1-05,2025-01-23,87.0,3.0,4,6,3
PHC-DST-B1-05,2025-01-24,105.0,5.0,5,12,0
PHC-DST-B1-05,2025-01-25,93.0,6.0,5,13,0
PHC-DST-B1-05,2025-01-26,37.0,6.0,3,8,4
PHC-DST-B1-05,2025-01-27,118.0,,6,12,3
PHC-DST-B1-05,2025-01-28,109.0,3.0,4,13,6
PHC-DST-B1-05,2025-01-29,100.0,4.0,5,13,6
PHC-DST-B1-05,2025-01-30,94.0,3.0,7,9,4
PHC-DST-B1-05,2025-01-31,96.0,2.0,5,11,3
PHC-DST-B1-05,2025-02-01,89.0,3.0,5,10,1
PHC-DST-B1-05,2025-02-02,40.0,5.0,4,11,1
PHC-DST-B1-05,2025-02-03,114.0,3.0,5,11,1
PHC-DST-B1-05,2025-02-04,106.0,1.0,4,13,3
PHC-DST-B1-05,2025-02-05,101.0,4.0,7,13,2
PHC-DST-B1-05,2025-02-06,91.0,1.0,7,12,1
PHC-DST-B1-05,2025-02-07,95.0,2.0,7,10,1
PHC-DST-B1-05,2025-02-08,87.0,3.0,4,11,4
PHC-DST-B1-05,2025-02-09,41.0,3.0,6,10,5
PHC-DST-B1-05,2025-02-10,115.0,2.0,5,10,1
PHC-DST-B1-05,2025-02-11,106.0,3.0,4,12,5
PHC-DST-B1-05,2025-02-12,99.0,3.0,4,10,3
PHC-DST-B1-05,2025-02-13,90.0,1.0,2,10,3
PHC-DST-B1-05,2025-02-14,102.0,3.0,6,15,2
PHC-DST-B1-05,2025-02-15,83.0,4.0,4,9,3
PHC-DST-B1-05,2025-02-16,40.0,5.0,6,8,4
PHC-DST-B1-05,2025-02-17,116.0,2.0,5,11,4
PHC-DST-B1-05,2025-02-18,107.0,4.0,5,11,2
PHC-DST-B1-05,2025-02-19,96.0,6.0,5,9,4
PHC-DST-B1-05,2025-02-20,96.0,6.0,5,11,3
PHC-DST-B1-05,2025-02-21,99.0,3.0,4,10,3
PHC-DST-B1-05,2025-02-22,86.0,6.0,5,12,3
PHC-DST-B1-05,2025-02-23,37.0,1.0,4,12,4
PHC-DST-B1-05,2025-02-24,119.0,6.0,7,11,4
PHC-DST-B1-05,2025-02-25,101.0,,5,9,3
PHC-DST-B1-05,2025-02-26,101.0,2.0,5,12,3
PHC-DST-B1-05,2025-02-27,90.0,6.0,5,8,1
PHC-DST-B1-05,2025-02-28,98.0,,6,10,0
PHC-DST-B1-05,2025-03-01,86.0,4.0,6,10,2
PHC-DST-B1-05,2025-03-02,29.0,3.0,4,7,2
PHC-DST-B1-05,2025-03-03,110.0,2.0,5,11,0
PHC-DST-B1-05,2025-03-04,110.0,4.0,4,12,1
PHC-DST-B1-05,2025-03-05,99.0,6.0,6,11,2
PHC-DST-B1-05,2025-03-06,93.0,4.0,4,10,4
PHC-DST-B1-05,2025-03-07,95.0,4.0,5,9,5
PHC-DST-B1-05,2025-03-08,93.0,5.0,7,14,3
PHC-DST-B1-05,2025-03-09,40.0,5.0,5,10,1
PHC-DST-B1-05,2025-03-10,113.0,7.0,6,8,1
PHC-DST-B1-05,2025-03-11,114.0,3.0,7,14,0
PHC-DST-B1-05,2025-03-12,101.0,2.0,7,12,2
PHC-DST-B1-05,2025-03-13,96.0,1.0,6,11,1
PHC-DST-B1-05,2025-03-14,96.0,2.0,6,10,2
PHC-DST-B1-05,2025-03-15,91.0,5.0,6,14,2
PHC-DST-B1-05,2025-03-16,38.0,2.0,6,11,2
PHC-DST-B1-05,2025-03-17,112.0,4.0,6,10,3
PHC-DST-B1-05,2025-03-18,109.0,8.0,5,13,2
PHC-DST-B1-05,2025-03-19,99.0,2.0,4,11,4
PHC-DST-B1-05,2025-03-20,97.0,7.0,5,11,2
PHC-DST-B1-05,2025-03-21,98.0,3.0,4,14,1
PHC-DST-B1-05,2025-03-22,87.0,4.0,8,10,1
PHC-DST-B1-05,2025-03-23,43.0,1.0,5,9,3
PHC-DST-B1-05,2025-03-24,117.0,2.0,5,7,3
PHC-DST-B1-05,2025-03-25,107.0,6.0,5,9,2
PHC-DST-B1-05,2025-03-26,97.0,4.0,6,12,2
PHC-DST-B1-05,2025-03-27,90.0,2.0,3,10,3
PHC-DST-B1-05,2025-03-28,99.0,1.0,7,11,2
PHC-DST-B1-05,2025-03-29,86.0,2.0,5,9,1
PHC-DST-B1-05,2025-03-30,50.0,2.0,6,17,3
PHC-DST-B1-05,2025-03-31,119.0,4.0,5,10,3
PHC-DST-B1-05,2025-04-01,103.0,4.0,4,13,3
PHC-DST-B1-05,2025-04-02,99.0,3.0,4,13,4
PHC-DST-B1-05,2025-04-03,93.0,3.0,5,10,1
PHC-DST-B1-05,2025-04-04,,5.0,6,8,2
PHC-DST-B1-05,2025-04-05,81.0,,5,9,2
PHC-DST-B1-05,2025-04-06,30.0,11.0,5,8,2
PHC-DST-B1-05,2025-04-07,118.0,3.0,4,11,1
PHC-DST-B1-05,2025-04-08,110.0,1.0,5,11,2
PHC-DST-B1-05,2025-04-09,104.0,1.0,5,12,3
PHC-DST-B1-05,2025-04-10,96.0,7.0,4,10,2
PHC-DST-B1-05,2025-04-11,99.0,3.0,2,11,3
PHC-DST-B1-05,2025-04-12,82.0,4.0,6,9,1
PHC-DST-B1-05,2025-04-13,43.0,3.0,7,14,1
PHC-DST-B1-05,2025-04-14,110.0,2.0,3,9,5
PHC-DST-B1-05,2025-04-15,106.0,4.0,6,10,2
PHC-DST-B1-05,2025-04-16,102.0,7.0,5,12,0
PHC-DST-B1-05,2025-04-17,94.0,0.0,7,10,4
PHC-DST-B1-05,2025-04-18,102.0,5.0,3,10,6
PHC-DST-B1-05,2025-04-19,86.0,3.0,5,13,0
PHC-DST-B1-05,2025-04-20,40.0,3.0,4,10,0
PHC-DST-B1-05,2025-04-21,115.0,3.0,5,9,1
PHC-DST-B1-05,2025-04-22,107.0,4.0,7,10,2
PHC-DST-B1-05,2025-04-23,99.0,6.0,5,13,0
PHC-DST-B1-05,2025-04-24,91.0,4.0,5,13,2
PHC-DST-B1-05,2025-04-25,96.0,8.0,5,10,2
PHC-DST-B1-05,2025-04-26,82.0,2.0,7,7,3
PHC-DST-B1-05,2025-04-27,40.0,3.0,6,10,2
PHC-DST-B1-05,2025-04-28,114.0,4.0,5,9,3
PHC-DST-B1-05,2025-04-29,102.0,2.0,6,11,3
PHC-DST-B1-05,2025-04-30,98.0,4.0,5,10,1
PHC-DST-B1-05,2025-05-01,95.0,3.0,6,10,1
PHC-DST-B1-05,2025-05-02,103.0,2.0,7,11,3
PHC-DST-B1-05,2025-05-03,87.0,2.0,6,11,4
PHC-DST-B1-05,2025-05-04,45.0,5.0,5,11,2
PHC-DST-B1-05,2025-05-05,115.0,5.0,7,12,1
PHC-DST-B1-05,2025-05-06,109.0,2.0,5,12,2
PHC-DST-B1-05,2025-05-07,97.0,2.0,5,13,4
PHC-DST-B1-05,2025-05-08,96.0,,3,11,2
PHC-DST-B1-05,2025-05-09,94.0,4.0,5,11,3
PHC-DST-B1-05,2025-05-10,86.0,4.0,6,10,3
PHC-DST-B1-05,2025-05-11,42.0,5.0,5,13,0
PHC-DST-B1-05,2025-05-12,114.0,3.0,4,13,0
PHC-DST-B1-05,2025-05-13,108.0,8.0,3,12,3
PHC-DST-B1-05,2025-05-14,104.0,3.0,7,13,4
PHC-DST-B1-05,2025-05-15,93.0,3.0,6,10,1
PHC-DST-B1-05,2025-05-16,101.0,5.0,5,10,2
PHC-DST-B1-05,2025-05-17,87.0,8.0,5,13,2
PHC-DST-B1-05,2025-05-18,41.0,4.0,7,7,4
PHC-DST-B1-05,2025-05-19,107.0,5.0,3,10,3
PHC-DST-B1-05,2025-05-20,107.0,5.0,5,10,2
PHC-DST-B1-05,2025-05-21,98.0,1.0,5,10,0
PHC-DST-B1-05,2025-05-22,92.0,4.0,6,10,3
PHC-DST-B1-05,2025-05-23,99.0,6.0,2,13,4
PHC-DST-B1-05,2025-05-24,85.0,3.0,6,10,3
PHC-DST-B1-05,2025-05-25,39.0,1.0,6,12,0
PHC-DST-B1-05,2025-05-26,120.0,1.0,5,12,3
PHC-DST-B1-05,2025-05-27,,5.0,4,10,2
PHC-DST-B1-05,2025-05-28,99.0,2.0,6,10,2
PHC-DST-B1-05,2025-05-29,94.0,7.0,4,12,5
PHC-DST-B1-05,2025-05-30,100.0,5.0,6,8,3
PHC-DST-B1-05,2025-05-31,86.0,6.0,7,10,0
PHC-DST-B1-05,2025-06-01,40.0,6.0,7,11,4
PHC-DST-B1-05,2025-06-02,116.0,1.0,3,7,0
PHC-DST-B1-05,2025-06-03,106.0,5.0,5,13,1
PHC-DST-B1-05,2025-06-04,102.0,3.0,7,13,1
PHC-DST-B1-05,2025-06-05,95.0,3.0,5,7,4
PHC-DST-B1-05,2025-06-06,102.0,6.0,5,10,2
PHC-DST-B1-05,2025-06-07,90.0,6.0,4,13,3
PHC-DST-B1-05,2025-06-08,43.0,5.0,5,12,1
PHC-DST-B1-05,2025-06-09,122.0,6.0,5,15,0
PHC-DST-B1-05,2025-06-10,109.0,5.0,4,11,4
PHC-DST-B1-05,2025-06-11,105.0,3.0,4,11,2
PHC-DST-B1-05,2025-06-12,90.0,,6,10,2
PHC-DST-B1-05,2025-06-13,97.0,3.0,4,11,3
PHC-DST-B1-05,2025-06-14,83.0,4.0,6,13,3
PHC-DST-B1-05,2025-06-15,42.0,8.0,5,11,5
PHC-DST-B1-05,2025-06-16,121.0,5.0,5,10,2
PHC-DST-B1-05,2025-06-17,108.0,3.0,5,9,3
PHC-DST-B1-05,2025-06-18,98.0,2.0,7,11,5
PHC-DST-B1-05,2025-06-19,96.0,4.0,5,12,2
PHC-DST-B1-05,2025-06-20,94.0,7.0,4,12,2
PHC-DST-B1-05,2025-06-21,91.0,0.0,5,12,3
PHC-DST-B1-05,2025-06-22,44.0,4.0,5,12,1
PHC-DST-B1-05,2025-06-23,114.0,2.0,4,10,2
PHC-DST-B1-05,2025-06-24,112.0,3.0,5,11,2
PHC-DST-B1-05,2025-06-25,96.0,5.0,7,11,2
PHC-DST-B1-05,2025-06-26,92.0,4.0,5,9,1
PHC-DST-B1-05,2025-06-27,101.0,5.0,4,12,0
PHC-DST-B1-05,2025-06-28,88.0,1.0,7,10,1
PHC-DST-B1-05,2025-06-29,38.0,6.0,5,9,0
PHC-DST-B1-05,2025-06-30,111.0,2.0,6,14,2
PHC-DST-B1-06,2024-07-01,106.0,2.0,15,7,3
PHC-DST-B1-06,2024-07-02,99.0,5.0,12,10,3
PHC-DST-B1-06,2024-07-03,101.0,2.0,12,9,0
PHC-DST-B1-06,2024-07-04,96.0,1.0,15,11,2
PHC-DST-B1-06,2024-07-05,94.0,2.0,17,7,0
PHC-DST-B1-06,2024-07-06,83.0,3.0,5,12,3
PHC-DST-B1-06,2024-07-07,38.0,3.0,4,10,0
PHC-DST-B1-06,2024-07-08,115.0,1.0,13,11,3
PHC-DST-B1-06,2024-07-09,118.0,3.0,12,28,6
PHC-DST-B1-06,2024-07-10,,3.0,5,21,2
PHC-DST-B1-06,2024-07-11,98.0,1.0,3,22,1
PHC-DST-B1-06,2024-07-12,94.0,2.0,11,14,0
PHC-DST-B1-06,2024-07-13,88.0,5.0,18,11,2
PHC-DST-B1-06,2024-07-14,50.0,2.0,3,29,3
PHC-DST-B1-06,2024-07-15,103.0,1.0,2,9,4
PHC-DST-B1-06,2024-07-16,94.0,1.0,6,12,4
PHC-DST-B1-06,2024-07-17,96.0,5.0,13,12,3
PHC-DST-B1-06,2024-07-18,108.0,3.0,16,24,1
PHC-DST-B1-06,2024-07-19,97.0,3.0,13,9,2
PHC-DST-B1-06,2024-07-20,79.0,,7,8,3
PHC-DST-B1-06,2024-07-21,39.0,5.0,14,10,1
PHC-DST-B1-06,2024-07-22,106.0,4.0,12,9,1
PHC-DST-B1-06,2024-07-23,121.0,6.0,14,28,0
PHC-DST-B1-06,2024-07-24,102.0,3.0,12,23,1
PHC-DST-B1-06,2024-07-25,96.0,9.0,19,9,3
PHC-DST-B1-06,2024-07-26,94.0,3.0,11,10,3
PHC-DST-B1-06,2024-07-27,95.0,2.0,6,28,0
PHC-DST-B1-06,2024-07-28,49.0,3.0,11,20,1
PHC-DST-B1-06,2024-07-29,125.0,7.0,15,24,4
PHC-DST-B1-06,2024-07-30,119.0,0.0,18,26,1
PHC-DST-B1-06,2024-07-31,105.0,0.0,15,23,2
PHC-DST-B1-06,2024-08-01,87.0,1.0,11,10,0
PHC-DST-B1-06,2024-08-02,91.0,3.0,4,8,0
PHC-DST-B1-06,2024-08-03,86.0,5.0,6,20,4
PHC-DST-B1-06,2024-08-04,37.0,3.0,3,11,4
PHC-DST-B1-06,2024-08-05,115.0,2.0,4,23,4
PHC-DST-B1-06,2024-08-06,115.0,5.0,11,25,0
PHC-DST-B1-06,2024-08-07,102.0,2.0,14,21,2
PHC-DST-B1-06,2024-08-08,87.0,5.0,3,10,2
PHC-DST-B1-06,2024-08-09,92.0,3.0,11,9,1
PHC-DST-B1-06,2024-08-10,86.0,4.0,12,11,1
PHC-DST-B1-06,2024-08-11,52.0,3.0,5,24,4
PHC-DST-B1-06,2024-08-12,118.0,4.0,11,21,2
PHC-DST-B1-06,2024-08-13,105.0,3.0,16,10,2
PHC-DST-B1-06,2024-08-14,89.0,4.0,4,11,5
PHC-DST-B1-06,2024-08-15,103.0,2.0,15,19,4
PHC-DST-B1-06,2024-08-16,95.0,1.0,15,7,4
PHC-DST-B1-06,2024-08-17,81.0,3.0,6,11,0
PHC-DST-B1-06,2024-08-18,45.0,4.0,6,21,0
PHC-DST-B1-06,2024-08-19,117.0,1.0,10,23,2
PHC-DST-B1-06,2024-08-20,106.0,3.0,11,12,3
PHC-DST-B1-06,2024-08-21,111.0,3.0,13,26,1
PHC-DST-B1-06,2024-08-22,83.0,0.0,6,12,2
PHC-DST-B1-06,2024-08-23,94.0,1.0,18,8,3
PHC-DST-B1-06,2024-08-24,91.0,6.0,11,11,2
PHC-DST-B1-06,2024-08-25,43.0,5.0,6,19,3
PHC-DST-B1-06,2024-08-26,118.0,3.0,5,24,1
PHC-DST-B1-06,2024-08-27,96.0,5.0,3,10,2
PHC-DST-B1-06,2024-08-28,91.0,3.0,15,7,2
PHC-DST-B1-06,2024-08-29,109.0,7.0,15,25,3
PHC-DST-B1-06,2024-08-30,95.0,3.0,15,9,4
PHC-DST-B1-06,2024-08-31,81.0,4.0,15,9,0
PHC-DST-B1-06,2024-09-01,44.0,2.0,17,11,2
PHC-DST-B1-06,2024-09-02,105.0,5.0,6,9,0
PHC-DST-B1-06,2024-09-03,110.0,3.0,4,24,2
PHC-DST-B1-06,2024-09-04,99.0,6.0,17,10,1
PHC-DST-B1-06,2024-09-05,101.0,4.0,14,26,2
PHC-DST-B1-06,2024-09-06,92.0,3.0,3,17,1
PHC-DST-B1-06,2024-09-07,75.0,3.0,5,10,2
PHC-DST-B1-06,2024-09-08,38.0,2.0,6,9,1
PHC-DST-B1-06,2024-09-09,109.0,3.0,4,14,6
PHC-DST-B1-06,2024-09-10,103.0,5.0,5,24,2
PHC-DST-B1-06,2024-09-11,87.0,4.0,8,9,1
PHC-DST-B1-06,2024-09-12,83.0,3.0,3,9,2
PHC-DST-B1-06,2024-09-13,95.0,4.0,4,12,3
PHC-DST-B1-06,2024-09-14,88.0,1.0,7,12,2
PHC-DST-B1-06,2024-09-15,43.0,3.0,7,11,1
PHC-DST-B1-06,2024-09-16,109.0,4.0,5,12,1
PHC-DST-B1-06,2024-09-17,100.0,6.0,14,9,1
PHC-DST-B1-06,2024-09-18,102.0,2.0,17,15,4
PHC-DST-B1-06,2024-09-19,87.0,1.0,5,10,1
PHC-DST-B1-06,2024-09-20,97.0,4.0,16,9,1
PHC-DST-B1-06,2024-09-21,85.0,5.0,19,11,3
PHC-DST-B1-06,2024-09-22,46.0,,13,8,3
PHC-DST-B1-06,2024-09-23,118.0,3.0,15,19,2
PHC-DST-B1-06,2024-09-24,96.0,4.0,4,10,3
PHC-DST-B1-06,2024-09-25,86.0,4.0,7,6,1
PHC-DST-B1-06,2024-09-26,98.0,0.0,5,24,3
PHC-DST-B1-06,2024-09-27,95.0,5.0,4,15,3
PHC-DST-B1-06,2024-09-28,93.0,3.0,6,26,2
PHC-DST-B1-06,2024-09-29,31.0,6.0,4,7,2
PHC-DST-B1-06,2024-09-30,106.0,3.0,5,10,1
PHC-DST-B1-06,2024-10-01,97.0,4.0,5,11,2
PHC-DST-B1-06,2024-10-02,,3.0,5,8,3
PHC-DST-B1-06,2024-10-03,83.0,4.0,5,9,2
PHC-DST-B1-06,2024-10-04,99.0,1.0,3,13,2
PHC-DST-B1-06,2024-10-05,80.0,3.0,6,12,2
PHC-DST-B1-06,2024-10-06,36.0,3.0,6,9,3
PHC-DST-B1-06,2024-10-07,108.0,3.0,5,14,1
PHC-DST-B1-06,2024-10-08,98.0,2.0,6,10,1
PHC-DST-B1-06,2024-10-09,93.0,3.0,4,11,4
PHC-DST-B1-06,2024-10-10,92.0,2.0,5,13,3
PHC-DST-B1-06,2024-10-11,91.0,1.0,6,10,0
PHC-DST-B1-06,2024-10-12,80.0,2.0,5,9,1
PHC-DST-B1-06,2024-10-13,40.0,6.0,6,11,3
PHC-DST-B1-06,2024-10-14,105.0,3.0,5,10,4
PHC-DST-B1-06,2024-10-15,101.0,4.0,5,10,2
PHC-DST-B1-06,2024-10-16,89.0,3.0,8,7,4
PHC-DST-B1-06,2024-10-17,84.0,3.0,5,9,2
PHC-DST-B1-06,2024-10-18,90.0,6.0,4,9,0
PHC-DST-B1-06,2024-10-19,82.0,2.0,7,10,1
PHC-DST-B1-06,2024-10-20,37.0,5.0,4,12,2
PHC-DST-B1-06,2024-10-21,,3.0,3,9,2
PHC-DST-B1-06,2024-10-22,103.0,6.0,5,12,0
PHC-DST-B1-06,2024-10-23,88.0,1.0,4,11,2
PHC-DST-B1-06,2024-10-24,82.0,5.0,5,8,3
PHC-DST-B1-06,2024-10-25,89.0,3.0,4,9,3
PHC-DST-B1-06,2024-10-26,75.0,4.0,4,4,2
PHC-DST-B1-06,2024-10-27,41.0,1.0,7,10,1
PHC-DST-B1-06,2024-10-28,104.0,4.0,5,9,3
PHC-DST-B1-06,2024-10-29,100.0,4.0,4,7,1
PHC-DST-B1-06,2024-10-30,82.0,2.0,4,8,3
PHC-DST-B1-06,2024-10-31,86.0,1.0,7,11,3
PHC-DST-B1-06,2024-11-01,95.0,3.0,4,12,3
PHC-DST-B1-06,2024-11-02,76.0,8.0,4,10,0
PHC-DST-B1-06,2024-11-03,37.0,3.0,3,12,5
PHC-DST-B1-06,2024-11-04,97.0,2.0,4,11,2
PHC-DST-B1-06,2024-11-05,97.0,5.0,6,11,1
PHC-DST-B1-06,2024-11-06,95.0,1.0,4,13,0
PHC-DST-B1-06,2024-11-07,90.0,2.0,5,9,2
PHC-DST-B1-06,2024-11-08,86.0,4.0,5,6,1
PHC-DST-B1-06,2024-11-09,81.0,3.0,5,11,1
PHC-DST-B1-06,2024-11-10,38.0,4.0,5,8,2
PHC-DST-B1-06,2024-11-11,110.0,5.0,6,8,3
PHC-DST-B1-06,2024-11-12,96.0,2.0,4,13,4
PHC-DST-B1-06,2024-11-13,85.0,1.0,4,14,2
PHC-DST-B1-06,2024-11-14,82.0,1.0,6,9,1
PHC-DST-B1-06,2024-11-15,93.0,2.0,5,9,4
PHC-DST-B1-06,2024-11-16,74.0,4.0,5,7,0
PHC-DST-B1-06,2024-11-17,35.0,2.0,3,10,7
PHC-DST-B1-06,2024-11-18,108.0,,5,14,0
PHC-DST-B1-06,2024-11-19,101.0,4.0,4,13,2
PHC-DST-B1-06,2024-11-20,95.0,2.0,5,12,1
PHC-DST-B1-06,2024-11-21,92.0,2.0,4,10,0
PHC-DST-B1-06,2024-11-22,92.0,6.0,6,10,2
PHC-DST-B1-06,2024-11-23,82.0,4.0,6,9,1
PHC-DST-B1-06,2024-11-24,35.0,4.0,5,6,3
PHC-DST-B1-06,2024-11-25,108.0,1.0,3,12,2
PHC-DST-B1-06,2024-11-26,93.0,2.0,4,10,0
PHC-DST-B1-06,2024-11-27,89.0,3.0,4,9,7
PHC-DST-B1-06,2024-11-28,84.0,3.0,6,7,1
PHC-DST-B1-06,2024-11-29,87.0,3.0,4,9,4
PHC-DST-B1-06,2024-11-30,75.0,3.0,4,9,1
PHC-DST-B1-06,2024-12-01,37.0,4.0,5,11,2
PHC-DST-B1-06,2024-12-02,105.0,4.0,4,10,3
PHC-DST-B1-06,2024-12-03,99.0,2.0,6,10,1
PHC-DST-B1-06,2024-12-04,96.0,3.0,6,10,2
PHC-DST-B1-06,2024-12-05,79.0,5.0,2,8,2
PHC-DST-B1-06,2024-12-06,87.0,0.0,4,9,2
PHC-DST-B1-06,2024-12-07,81.0,5.0,6,11,2
PHC-DST-B1-06,2024-12-08,41.0,8.0,4,12,3
PHC-DST-B1-06,2024-12-09,105.0,2.0,4,9,5
PHC-DST-B1-06,2024-12-10,96.0,6.0,4,11,2
PHC-DST-B1-06,2024-12-11,89.0,3.0,4,10,5
PHC-DST-B1-06,2024-12-12,85.0,2.0,6,11,3
PHC-DST-B1-06,2024-12-13,92.0,3.0,5,8,1
PHC-DST-B1-06,2024-12-14,76.0,5.0,3,7,3
PHC-DST-B1-06,2024-12-15,37.0,2.0,5,12,3
PHC-DST-B1-06,2024-12-16,99.0,0.0,6,7,1
PHC-DST-B1-06,2024-12-17,97.0,3.0,3,10,4
PHC-DST-B1-06,2024-12-18,85.0,3.0,5,8,2
PHC-DST-B1-06,2024-12-19,89.0,2.0,6,9,1
PHC-DST-B1-06,2024-12-20,88.0,1.0,3,8,1
PHC-DST-B1-06,2024-12-21,76.0,3.0,5,11,2
PHC-DST-B1-06,2024-12-22,40.0,3.0,3,13,1
PHC-DST-B1-06,2024-12-23,100.0,4.0,7,10,3
PHC-DST-B1-06,2024-12-24,98.0,4.0,5,8,1
PHC-DST-B1-06,2024-12-25,87.0,3.0,5,6,4
PHC-DST-B1-06,2024-12-26,89.0,1.0,5,13,4
PHC-DST-B1-06,2024-12-27,91.0,4.0,6,11,2
PHC-DST-B1-06,2024-12-28,79.0,,5,12,3
PHC-DST-B1-06,2024-12-29,33.0,4.0,6,8,2
PHC-DST-B1-06,2024-12-30,103.0,1.0,3,12,4
PHC-DST-B1-06,2024-12-31,95.0,3.0,8,9,2
PHC-DST-B1-06,2025-01-01,91.0,3.0,7,10,3
PHC-DST-B1-06,2025-01-02,89.0,4.0,4,14,1
PHC-DST-B1-06,2025-01-03,87.0,6.0,3,9,2
PHC-DST-B1-06,2025-01-04,83.0,4.0,6,12,2
PHC-DST-B1-06,2025-01-05,39.0,3.0,6,12,2
PHC-DST-B1-06,2025-01-06,102.0,5.0,3,8,2
PHC-DST-B1-06,2025-01-07,97.0,2.0,5,12,5
PHC-DST-B1-06,2025-01-08,86.0,4.0,3,11,5
PHC-DST-B1-06,2025-01-09,86.0,2.0,4,7,4
PHC-DST-B1-06,2025-01-10,87.0,7.0,5,10,1
PHC-DST-B1-06,2025-01-11,82.0,1.0,4,11,0
PHC-DST-B1-06,2025-01-12,32.0,2.0,5,7,1
PHC-DST-B1-06,2025-01-13,101.0,2.0,5,7,1
PHC-DST-B1-06,2025-01-14,96.0,8.0,5,9,2
PHC-DST-B1-06,2025-01-15,88.0,2.0,5,11,1
PHC-DST-B1-06,2025-01-16,91.0,1.0,3,13,0
PHC-DST-B1-06,2025-01-17,89.0,6.0,5,8,3
PHC-DST-B1-06,2025-01-18,74.0,1.0,5,7,2
PHC-DST-B1-06,2025-01-19,40.0,2.0,5,10,1
PHC-DST-B1-06,2025-01-20,109.0,0.0,6,14,3
PHC-DST-B1-06,2025-01-21,99.0,1.0,6,10,3
PHC-DST-B1-06,2025-01-22,92.0,4.0,5,13,1
PHC-DST-B1-06,2025-01-23,89.0,2.0,6,9,5
PHC-DST-B1-06,2025-01-24,87.0,7.0,4,12,0
PHC-DST-B1-06,2025-01-25,79.0,1.0,4,8,0
PHC-DST-B1-06,2025-01-26,35.0,3.0,5,7,3
PHC-DST-B1-06,2025-01-27,106.0,2.0,4,10,1
PHC-DST-B1-06,2025-01-28,,0.0,5,10,1
PHC-DST-B1-06,2025-01-29,90.0,3.0,4,10,2
PHC-DST-B1-06,2025-01-30,84.0,3.0,4,10,4
PHC-DST-B1-06,2025-01-31,94.0,10.0,5,9,5
PHC-DST-B1-06,2025-02-01,78.0,5.0,6,12,0
PHC-DST-B1-06,2025-02-02,37.0,4.0,5,10,3
PHC-DST-B1-06,2025-02-03,109.0,6.0,6,11,3
PHC-DST-B1-06,2025-02-04,,2.0,6,9,4
PHC-DST-B1-06,2025-02-05,85.0,7.0,4,10,1
PHC-DST-B1-06,2025-02-06,92.0,3.0,4,12,0
PHC-DST-B1-06,2025-02-07,92.0,2.0,6,14,2
PHC-DST-B1-06,2025-02-08,80.0,4.0,7,11,2
PHC-DST-B1-06,2025-02-09,37.0,0.0,6,7,3
PHC-DST-B1-06,2025-02-10,104.0,4.0,4,7,4
PHC-DST-B1-06,2025-02-11,,3.0,6,9,2
PHC-DST-B1-06,2025-02-12,89.0,3.0,6,13,4
PHC-DST-B1-06,2025-02-13,82.0,1.0,6,11,2
PHC-DST-B1-06,2025-02-14,90.0,1.0,4,8,1
PHC-DST-B1-06,2025-02-15,77.0,3.0,6,8,1
PHC-DST-B1-06,2025-02-16,38.0,3.0,4,10,4
PHC-DST-B1-06,2025-02-17,103.0,3.0,4,11,2
PHC-DST-B1-06,2025-02-18,93.0,4.0,5,7,0
PHC-DST-B1-06,2025-02-19,90.0,5.0,4,9,0
PHC-DST-B1-06,2025-02-20,85.0,5.0,6,6,2
PHC-DST-B1-06,2025-02-21,92.0,5.0,5,9,3
PHC-DST-B1-06,2025-02-22,74.0,0.0,2,8,1
PHC-DST-B1-06,2025-02-23,43.0,3.0,3,11,8
PHC-DST-B1-06,2025-02-24,108.0,6.0,6,6,1
PHC-DST-B1-06,2025-02-25,98.0,2.0,4,10,4
PHC-DST-B1-06,2025-02-26,92.0,1.0,5,12,3
PHC-DST-B1-06,2025-02-27,81.0,5.0,5,10,3
PHC-DST-B1-06,2025-02-28,,2.0,5,9,3
PHC-DST-B1-06,2025-03-01,79.0,5.0,5,12,1
PHC-DST-B1-06,2025-03-02,36.0,5.0,5,13,2
PHC-DST-B1-06,2025-03-03,103.0,3.0,5,9,3
PHC-DST-B1-06,2025-03-04,94.0,2.0,6,9,2
PHC-DST-B1-06,2025-03-05,92.0,5.0,6,11,4
PHC-DST-B1-06,2025-03-06,84.0,,2,8,3
PHC-DST-B1-06,2025-03-07,95.0,4.0,6,13,1
PHC-DST-B1-06,2025-03-08,78.0,2.0,6,11,2
PHC-DST-B1-06,2025-03-09,38.0,4.0,6,12,3
PHC-DST-B1-06,2025-03-10,107.0,4.0,5,9,1
PHC-DST-B1-06,2025-03-11,99.0,5.0,6,8,1
PHC-DST-B1-06,2025-03-12,88.0,2.0,3,11,1
PHC-DST-B1-06,2025-03-13,83.0,1.0,6,8,1
PHC-DST-B1-06,2025-03-14,93.0,1.0,5,14,0
PHC-DST-B1-06,2025-03-15,75.0,3.0,5,9,5
PHC-DST-B1-06,2025-03-16,35.0,2.0,6,7,2
PHC-DST-B1-06,2025-03-17,104.0,2.0,6,10,0
PHC-DST-B1-06,2025-03-18,96.0,3.0,6,10,1
PHC-DST-B1-06,2025-03-19,86.0,4.0,4,7,2
PHC-DST-B1-06,2025-03-20,90.0,6.0,5,10,5
PHC-DST-B1-06,2025-03-21,88.0,2.0,5,9,2
PHC-DST-B1-06,2025-03-22,84.0,4.0,5,10,4
PHC-DST-B1-06,2025-03-23,42.0,6.0,5,11,1
PHC-DST-B1-06,2025-03-24,103.0,2.0,5,9,2
PHC-DST-B1-06,2025-03-25,101.0,6.0,5,12,4
PHC-DST-B1-06,2025-03-26,89.0,2.0,5,8,1
PHC-DST-B1-06,2025-03-27,87.0,2.0,7,9,1
PHC-DST-B1-06,2025-03-28,91.0,2.0,4,10,2
PHC-DST-B1-06,2025-03-29,82.0,1.0,5,7,2
PHC-DST-B1-06,2025-03-30,31.0,3.0,4,8,3
PHC-DST-B1-06,2025-03-31,101.0,3.0,3,7,7
PHC-DST-B1-06,2025-04-01,102.0,3.0,5,14,3
PHC-DST-B1-06,2025-04-02,83.0,,5,7,4
PHC-DST-B1-06,2025-04-03,88.0,5.0,6,13,3
PHC-DST-B1-06,2025-04-04,98.0,3.0,6,11,0
PHC-DST-B1-06,2025-04-05,94.0,1.0,5,12,5
PHC-DST-B1-06,2025-04-06,35.0,6.0,6,9,5
PHC-DST-B1-06,2025-04-07,111.0,2.0,5,12,8
PHC-DST-B1-06,2025-04-08,94.0,5.0,7,12,1
PHC-DST-B1-06,2025-04-09,91.0,2.0,4,16,4
PHC-DST-B1-06,2025-04-10,85.0,4.0,6,12,2
PHC-DST-B1-06,2025-04-11,97.0,4.0,5,14,0
PHC-DST-B1-06,2025-04-12,79.0,8.0,7,11,0
PHC-DST-B1-06,2025-04-13,42.0,4.0,4,9,0
PHC-DST-B1-06,2025-04-14,108.0,4.0,6,9,0
PHC-DST-B1-06,2025-04-15,94.0,1.0,4,9,7
PHC-DST-B1-06,2025-04-16,94.0,4.0,6,11,2
PHC-DST-B1-06,2025-04-17,87.0,4.0,3,12,4
PHC-DST-B1-06,2025-04-18,87.0,3.0,5,10,2
PHC-DST-B1-06,2025-04-19,87.0,8.0,4,11,3
PHC-DST-B1-06,2025-04-20,36.0,4.0,4,9,0
PHC-DST-B1-06,2025-04-21,109.0,1.0,5,12,1
PHC-DST-B1-06,2025-04-22,97.0,1.0,7,7,2
PHC-DST-B1-06,2025-04-23,91.0,0.0,5,11,1
PHC-DST-B1-06,2025-04-24,91.0,3.0,5,12,1
PHC-DST-B1-06,2025-04-25,88.0,0.0,5,10,2
PHC-DST-B1-06,2025-04-26,84.0,3.0,5,12,2
PHC-DST-B1-06,2025-04-27,41.0,2.0,5,12,0
PHC-DST-B1-06,2025-04-28,104.0,0.0,5,11,2
PHC-DST-B1-06,2025-04-29,96.0,4.0,6,10,3
PHC-DST-B1-06,2025-04-30,88.0,4.0,4,9,1
PHC-DST-B1-06,2025-05-01,85.0,4.0,3,9,1
PHC-DST-B1-06,2025-05-02,94.0,4.0,6,10,3
PHC-DST-B1-06,2025-05-03,78.0,8.0,3,9,2
PHC-DST-B1-06,2025-05-04,39.0,1.0,6,11,1
PHC-DST-B1-06,2025-05-05,106.0,3.0,4,11,2
PHC-DST-B1-06,2025-05-06,99.0,6.0,4,10,1
PHC-DST-B1-06,2025-05-07,92.0,4.0,5,11,0
PHC-DST-B1-06,2025-05-08,87.0,1.0,5,11,4
PHC-DST-B1-06,2025-05-09,97.0,5.0,6,9,1
PHC-DST-B1-06,2025-05-10,79.0,2.0,4,7,2
PHC-DST-B1-06,2025-05-11,34.0,1.0,4,12,4
PHC-DST-B1-06,2025-05-12,106.0,2.0,5,9,4
PHC-DST-B1-06,2025-05-13,91.0,4.0,4,9,2
PHC-DST-B1-06,2025-05-14,82.0,2.0,6,6,2
PHC-DST-B1-06,2025-05-15,88.0,1.0,3,11,5
PHC-DST-B1-06,2025-05-16,80.0,2.0,5,7,3
PHC-DST-B1-06,2025-05-17,83.0,6.0,7,7,0
PHC-DST-B1-06,2025-05-18,36.0,3.0,5,8,1
PHC-DST-B1-06,2025-05-19,105.0,1.0,4,11,2
PHC-DST-B1-06,2025-05-20,93.0,2.0,5,10,1
PHC-DST-B1-06,2025-05-21,94.0,4.0,5,9,2
PHC-DST-B1-06,2025-05-22,86.0,0.0,6,11,1
PHC-DST-B1-06,2025-05-23,94.0,3.0,4,9,1
PHC-DST-B1-06,2025-05-24,77.0,1.0,5,7,3
PHC-DST-B1-06,2025-05-25,39.0,3.0,4,11,2
PHC-DST-B1-06,2025-05-26,102.0,5.0,5,7,0
PHC-DST-B1-06,2025-05-27,98.0,2.0,5,6,4
PHC-DST-B1-06,2025-05-28,91.0,5.0,4,14,2
PHC-DST-B1-06,2025-05-29,85.0,3.0,7,10,0
PHC-DST-B1-06,2025-05-30,90.0,1.0,5,8,0
PHC-DST-B1-06,2025-05-31,90.0,0.0,7,12,3
PHC-DST-B1-06,2025-06-01,42.0,5.0,4,14,1
PHC-DST-B1-06,2025-06-02,107.0,4.0,4,12,2
PHC-DST-B1-06,2025-06-03,99.0,5.0,2,8,0
PHC-DST-B1-06,2025-06-04,91.0,0.0,4,9,3
PHC-DST-B1-06,2025-06-05,86.0,4.0,5,12,0
PHC-DST-B1-06,2025-06-06,93.0,2.0,6,9,4
PHC-DST-B1-06,2025-06-07,79.0,3.0,4,14,3
PHC-DST-B1-06,2025-06-08,40.0,5.0,6,12,1
PHC-DST-B1-06,2025-06-09,110.0,0.0,4,13,1
PHC-DST-B1-06,2025-06-10,100.0,2.0,3,13,1
PHC-DST-B1-06,2025-06-11,85.0,0.0,6,9,3
PHC-DST-B1-06,2025-06-12,77.0,4.0,3,6,3
PHC-DST-B1-06,2025-06-13,90.0,2.0,4,7,1
PHC-DST-B1-06,2025-06-14,86.0,3.0,6,13,0
PHC-DST-B1-06,2025-06-15,27.0,4.0,3,8,3
PHC-DST-B1-06,2025-06-16,105.0,1.0,5,9,1
PHC-DST-B1-06,2025-06-17,91.0,4.0,6,7,5
PHC-DST-B1-06,2025-06-18,92.0,3.0,6,11,2
PHC-DST-B1-06,2025-06-19,82.0,2.0,4,10,3
PHC-DST-B1-06,2025-06-20,86.0,3.0,4,7,3
PHC-DST-B1-06,2025-06-21,77.0,4.0,5,11,4
PHC-DST-B1-06,2025-06-22,36.0,5.0,5,9,6
PHC-DST-B1-06,2025-06-23,106.0,2.0,4,10,1
PHC-DST-B1-06,2025-06-24,105.0,2.0,5,11,3
PHC-DST-B1-06,2025-06-25,94.0,1.0,7,10,1
PHC-DST-B1-06,2025-06-26,83.0,1.0,7,12,2
PHC-DST-B1-06,2025-06-27,88.0,3.0,4,7,3
PHC-DST-B1-06,2025-06-28,80.0,3.0,5,13,4
PHC-DST-B1-06,2025-06-29,38.0,0.0,3,5,3
PHC-DST-B1-06,2025-06-30,105.0,5.0,5,8,2
PHC-DST-B2-01,2024-07-01,98.0,2.0,5,11,4
PHC-DST-B2-01,2024-07-02,89.0,1.0,6,9,0
PHC-DST-B2-01,2024-07-03,84.0,5.0,6,9,2
PHC-DST-B2-01,2024-07-04,76.0,2.0,5,7,0
PHC-DST-B2-01,2024-07-05,85.0,2.0,9,9,0
PHC-DST-B2-01,2024-07-06,78.0,2.0,16,10,3
PHC-DST-B2-01,2024-07-07,33.0,3.0,13,11,0
PHC-DST-B2-01,2024-07-08,106.0,2.0,14,10,3
PHC-DST-B2-01,2024-07-09,100.0,1.0,15,10,6
PHC-DST-B2-01,2024-07-10,82.0,3.0,5,12,1
PHC-DST-B2-01,2024-07-11,94.0,6.0,2,26,0
PHC-DST-B2-01,2024-07-12,87.0,1.0,4,13,2
PHC-DST-B2-01,2024-07-13,75.0,3.0,16,9,1
PHC-DST-B2-01,2024-07-14,54.0,3.0,17,19,0
PHC-DST-B2-01,2024-07-15,112.0,2.0,15,19,3
PHC-DST-B2-01,2024-07-16,93.0,4.0,12,7,2
PHC-DST-B2-01,2024-07-17,84.0,3.0,4,9,5
PHC-DST-B2-01,2024-07-18,75.0,0.0,4,7,0
PHC-DST-B2-01,2024-07-19,88.0,1.0,4,21,0
PHC-DST-B2-01,2024-07-20,74.0,4.0,3,8,2
PHC-DST-B2-01,2024-07-21,,6.0,5,23,1
PHC-DST-B2-01,2024-07-22,98.0,4.0,2,8,1
PHC-DST-B2-01,2024-07-23,89.0,1.0,2,11,2
PHC-DST-B2-01,2024-07-24,84.0,3.0,6,8,1
PHC-DST-B2-01,2024-07-25,78.0,0.0,4,11,0
PHC-DST-B2-01,2024-07-26,81.0,,4,9,3
PHC-DST-B2-01,2024-07-27,88.0,5.0,4,20,3
PHC-DST-B2-01,2024-07-28,39.0,2.0,4,10,1
PHC-DST-B2-01,2024-07-29,96.0,6.0,4,10,1
PHC-DST-B2-01,2024-07-30,90.0,2.0,5,10,2
PHC-DST-B2-01,2024-07-31,93.0,2.0,15,13,1
PHC-DST-B2-01,2024-08-01,86.0,4.0,17,6,4
PHC-DST-B2-01,2024-08-02,83.0,6.0,10,8,3
PHC-DST-B2-01,2024-08-03,71.0,2.0,4,9,1
PHC-DST-B2-01,2024-08-04,35.0,2.0,6,10,3
PHC-DST-B2-01,2024-08-05,94.0,2.0,3,5,4
PHC-DST-B2-01,2024-08-06,104.0,3.0,4,25,2
PHC-DST-B2-01,2024-08-07,89.0,3.0,4,16,2
PHC-DST-B2-01,2024-08-08,81.0,8.0,5,9,1
PHC-DST-B2-01,2024-08-09,101.0,3.0,4,26,2
PHC-DST-B2-01,2024-08-10,76.0,6.0,12,7,2
PHC-DST-B2-01,2024-08-11,40.0,4.0,15,8,1
PHC-DST-B2-01,2024-08-12,96.0,4.0,4,9,1
PHC-DST-B2-01,2024-08-13,98.0,5.0,16,12,3
PHC-DST-B2-01,2024-08-14,93.0,12.0,11,23,4
PHC-DST-B2-01,2024-08-15,83.0,3.0,4,9,0
PHC-DST-B2-01,2024-08-16,95.0,3.0,4,23,3
PHC-DST-B2-01,2024-08-17,75.0,4.0,4,11,1
PHC-DST-B2-01,2024-08-18,42.0,5.0,5,10,1
PHC-DST-B2-01,2024-08-19,105.0,3.0,4,19,4
PHC-DST-B2-01,2024-08-20,82.0,2.0,3,13,1
PHC-DST-B2-01,2024-08-21,86.0,3.0,15,8,3
PHC-DST-B2-01,2024-08-22,89.0,2.0,14,9,3
PHC-DST-B2-01,2024-08-23,86.0,1.0,11,8,3
PHC-DST-B2-01,2024-08-24,73.0,5.0,3,9,2
PHC-DST-B2-01,2024-08-25,35.0,0.0,5,9,0
PHC-DST-B2-01,2024-08-26,106.0,3.0,4,23,0
PHC-DST-B2-01,2024-08-27,111.0,2.0,14,24,4
PHC-DST-B2-01,2024-08-28,101.0,1.0,13,24,0
PHC-DST-B2-01,2024-08-29,75.0,7.0,4,5,2
PHC-DST-B2-01,2024-08-30,87.0,6.0,3,10,0
PHC-DST-B2-01,2024-08-31,72.0,3.0,6,6,0
PHC-DST-B2-01,2024-09-01,29.0,5.0,3,8,1
PHC-DST-B2-01,2024-09-02,104.0,4.0,3,18,1
PHC-DST-B2-01,2024-09-03,95.0,3.0,3,10,3
PHC-DST-B2-01,2024-09-04,82.0,3.0,4,10,1
PHC-DST-B2-01,2024-09-05,82.0,1.0,6,11,4
PHC-DST-B2-01,2024-09-06,82.0,1.0,4,9,4
PHC-DST-B2-01,2024-09-07,68.0,0.0,3,8,0
PHC-DST-B2-01,2024-09-08,41.0,2.0,16,8,2
PHC-DST-B2-01,2024-09-09,105.0,2.0,13,11,2
PHC-DST-B2-01,2024-09-10,,1.0,16,10,1
PHC-DST-B2-01,2024-09-11,81.0,4.0,14,8,3
PHC-DST-B2-01,2024-09-12,88.0,5.0,10,12,6
PHC-DST-B2-01,2024-09-13,87.0,4.0,17,7,2
PHC-DST-B2-01,2024-09-14,92.0,2.0,3,26,3
PHC-DST-B2-01,2024-09-15,47.0,0.0,4,24,6
PHC-DST-B2-01,2024-09-16,105.0,0.0,5,17,1
PHC-DST-B2-01,2024-09-17,94.0,3.0,12,9,0
PHC-DST-B2-01,2024-09-18,103.0,2.0,17,22,0
PHC-DST-B2-01,2024-09-19,86.0,3.0,10,11,0
PHC-DST-B2-01,2024-09-20,90.0,1.0,14,9,2
PHC-DST-B2-01,2024-09-21,72.0,6.0,4,10,5
PHC-DST-B2-01,2024-09-22,33.0,1.0,1,10,0
PHC-DST-B2-01,2024-09-23,105.0,4.0,4,16,0
PHC-DST-B2-01,2024-09-24,101.0,2.0,11,13,2
PHC-DST-B2-01,2024-09-25,98.0,1.0,18,26,2
PHC-DST-B2-01,2024-09-26,82.0,3.0,11,10,2
PHC-DST-B2-01,2024-09-27,88.0,1.0,13,8,1
PHC-DST-B2-01,2024-09-28,71.0,2.0,11,8,1
PHC-DST-B2-01,2024-09-29,40.0,4.0,17,10,1
PHC-DST-B2-01,2024-09-30,113.0,5.0,16,18,1
PHC-DST-B2-01,2024-10-01,105.0,3.0,15,22,1
PHC-DST-B2-01,2024-10-02,92.0,2.0,4,22,1
PHC-DST-B2-01,2024-10-03,88.0,6.0,3,20,3
PHC-DST-B2-01,2024-10-04,85.0,4.0,6,10,4
PHC-DST-B2-01,2024-10-05,88.0,0.0,5,25,2
PHC-DST-B2-01,2024-10-06,45.0,1.0,5,29,2
PHC-DST-B2-01,2024-10-07,99.0,1.0,4,10,2
PHC-DST-B2-01,2024-10-08,87.0,5.0,3,7,1
PHC-DST-B2-01,2024-10-09,81.0,3.0,4,9,4
PHC-DST-B2-01,2024-10-10,84.0,6.0,4,10,1
PHC-DST-B2-01,2024-10-11,81.0,2.0,3,7,1
PHC-DST-B2-01,2024-10-12,72.0,4.0,4,7,3
PHC-DST-B2-01,2024-10-13,31.0,4.0,4,6,5
PHC-DST-B2-01,2024-10-14,98.0,1.0,6,10,3
PHC-DST-B2-01,2024-10-15,91.0,2.0,3,8,1
PHC-DST-B2-01,2024-10-16,87.0,6.0,4,11,5
PHC-DST-B2-01,2024-10-17,83.0,5.0,5,11,2
PHC-DST-B2-01,2024-10-18,85.0,4.0,5,9,5
PHC-DST-B2-01,2024-10-19,82.0,5.0,7,7,2
PHC-DST-B2-01,2024-10-20,35.0,2.0,5,9,0
PHC-DST-B2-01,2024-10-21,98.0,1.0,7,7,2
PHC-DST-B2-01,2024-10-22,95.0,2.0,4,9,1
PHC-DST-B2-01,2024-10-23,85.0,2.0,3,11,2
PHC-DST-B2-01,2024-10-24,80.0,1.0,6,6,2
PHC-DST-B2-01,2024-10-25,84.0,3.0,6,9,0
PHC-DST-B2-01,2024-10-26,76.0,3.0,4,10,3
PHC-DST-B2-01,2024-10-27,29.0,2.0,5,9,2
PHC-DST-B2-01,2024-10-28,103.0,4.0,7,9,4
PHC-DST-B2-01,2024-10-29,91.0,3.0,4,10,0
PHC-DST-B2-01,2024-10-30,84.0,2.0,4,13,1
PHC-DST-B2-01,2024-10-31,80.0,2.0,4,8,2
PHC-DST-B2-01,2024-11-01,87.0,3.0,4,8,0
PHC-DST-B2-01,2024-11-02,77.0,3.0,4,8,0
PHC-DST-B2-01,2024-11-03,31.0,4.0,3,10,4
PHC-DST-B2-01,2024-11-04,101.0,2.0,7,9,2
PHC-DST-B2-01,2024-11-05,88.0,4.0,5,8,4
PHC-DST-B2-01,2024-11-06,86.0,4.0,5,11,3
PHC-DST-B2-01,2024-11-07,86.0,4.0,3,14,2
PHC-DST-B2-01,2024-11-08,82.0,2.0,5,11,2
PHC-DST-B2-01,2024-11-09,74.0,2.0,4,8,1
PHC-DST-B2-01,2024-11-10,35.0,2.0,4,8,3
PHC-DST-B2-01,2024-11-11,101.0,3.0,3,12,2
PHC-DST-B2-01,2024-11-12,92.0,3.0,5,11,2
PHC-DST-B2-01,2024-11-13,93.0,6.0,6,10,1
PHC-DST-B2-01,2024-11-14,78.0,0.0,4,7,1
PHC-DST-B2-01,2024-11-15,77.0,1.0,5,8,1
PHC-DST-B2-01,2024-11-16,73.0,3.0,5,12,1
PHC-DST-B2-01,2024-11-17,34.0,1.0,7,10,1
PHC-DST-B2-01,2024-11-18,,6.0,5,12,1
PHC-DST-B2-01,2024-11-19,93.0,5.0,5,13,2
PHC-DST-B2-01,2024-11-20,85.0,5.0,4,10,4
PHC-DST-B2-01,2024-11-21,82.0,1.0,3,8,2
PHC-DST-B2-01,2024-11-22,80.0,1.0,4,10,1
PHC-DST-B2-01,2024-11-23,72.0,3.0,5,9,1
PHC-DST-B2-01,2024-11-24,28.0,2.0,4,8,3
PHC-DST-B2-01,2024-11-25,98.0,5.0,5,10,1
PHC-DST-B2-01,2024-11-26,90.0,1.0,5,11,3
PHC-DST-B2-01,2024-11-27,86.0,3.0,5,9,7
PHC-DST-B2-01,2024-11-28,83.0,2.0,5,9,0
PHC-DST-B2-01,2024-11-29,76.0,1.0,5,9,1
PHC-DST-B2-01,2024-11-30,71.0,2.0,4,9,2
PHC-DST-B2-01,2024-12-01,39.0,0.0,7,9,1
PHC-DST-B2-01,2024-12-02,96.0,2.0,5,6,3
PHC-DST-B2-01,2024-12-03,86.0,4.0,4,9,1
PHC-DST-B2-01,2024-12-04,81.0,4.0,3,9,1
PHC-DST-B2-01,2024-12-05,80.0,0.0,3,11,1
PHC-DST-B2-01,2024-12-06,85.0,4.0,5,10,3
PHC-DST-B2-01,2024-12-07,74.0,2.0,4,9,2
PHC-DST-B2-01,2024-12-08,41.0,2.0,4,10,1
PHC-DST-B2-01,2024-12-09,92.0,2.0,4,9,2
PHC-DST-B2-01,2024-12-10,89.0,2.0,4,7,3
PHC-DST-B2-01,2024-12-11,85.0,1.0,4,9,1
PHC-DST-B2-01,2024-12-12,79.0,3.0,4,12,1
PHC-DST-B2-01,2024-12-13,83.0,2.0,4,10,0
PHC-DST-B2-01,2024-12-14,72.0,4.0,2,8,1
PHC-DST-B2-01,2024-12-15,34.0,2.0,6,7,2
PHC-DST-B2-01,2024-12-16,93.0,0.0,6,8,3
PHC-DST-B2-01,2024-12-17,87.0,2.0,4,9,2
PHC-DST-B2-01,2024-12-18,84.0,4.0,6,6,2
PHC-DST-B2-01,2024-12-19,83.0,1.0,4,7,1
PHC-DST-B2-01,2024-12-20,78.0,3.0,2,9,5
PHC-DST-B2-01,2024-12-21,78.0,9.0,5,10,7
PHC-DST-B2-01,2024-12-22,41.0,1.0,6,13,4
PHC-DST-B2-01,2024-12-23,99.0,4.0,5,12,1
PHC-DST-B2-01,2024-12-24,87.0,0.0,6,5,0
PHC-DST-B2-01,2024-12-25,85.0,1.0,6,8,3
PHC-DST-B2-01,2024-12-26,85.0,3.0,5,12,6
PHC-DST-B2-01,2024-12-27,86.0,9.0,5,8,2
PHC-DST-B2-01,2024-12-28,73.0,4.0,4,10,2
PHC-DST-B2-01,2024-12-29,29.0,1.0,3,7,5
PHC-DST-B2-01,2024-12-30,98.0,2.0,5,10,3
PHC-DST-B2-01,2024-12-31,84.0,3.0,4,7,6
PHC-DST-B2-01,2025-01-01,84.0,4.0,4,9,2
PHC-DST-B2-01,2025-01-02,80.0,0.0,4,8,1
PHC-DST-B2-01,2025-01-03,80.0,4.0,6,6,1
PHC-DST-B2-01,2025-01-04,,3.0,3,10,2
PHC-DST-B2-01,2025-01-05,37.0,5.0,6,10,0
PHC-DST-B2-01,2025-01-06,101.0,4.0,6,10,5
PHC-DST-B2-01,2025-01-07,94.0,5.0,6,10,3
PHC-DST-B2-01,2025-01-08,86.0,1.0,6,10,1
PHC-DST-B2-01,2025-01-09,87.0,1.0,4,13,2
PHC-DST-B2-01,2025-01-10,81.0,4.0,4,7,0
PHC-DST-B2-01,2025-01-11,73.0,0.0,7,7,2
PHC-DST-B2-01,2025-01-12,36.0,3.0,8,11,3
PHC-DST-B2-01,2025-01-13,98.0,6.0,5,10,1
PHC-DST-B2-01,2025-01-14,90.0,2.0,5,9,1
PHC-DST-B2-01,2025-01-15,83.0,4.0,4,10,4
PHC-DST-B2-01,2025-01-16,83.0,1.0,7,8,0
PHC-DST-B2-01,2025-01-17,87.0,2.0,5,10,2
PHC-DST-B2-01,2025-01-18,75.0,1.0,6,10,0
PHC-DST-B2-01,2025-01-19,39.0,1.0,4,10,0
PHC-DST-B2-01,2025-01-20,96.0,2.0,5,7,1
PHC-DST-B2-01,2025-01-21,89.0,0.0,4,11,2
PHC-DST-B2-01,2025-01-22,89.0,1.0,3,11,2
PHC-DST-B2-01,2025-01-23,84.0,5.0,7,9,2
PHC-DST-B2-01,2025-01-24,80.0,1.0,3,8,3
PHC-DST-B2-01,2025-01-25,76.0,5.0,5,8,3
PHC-DST-B2-01,2025-01-26,27.0,1.0,3,6,1
PHC-DST-B2-01,2025-01-27,98.0,2.0,5,8,2
PHC-DST-B2-01,2025-01-28,86.0,2.0,5,6,2
PHC-DST-B2-01,2025-01-29,84.0,5.0,4,9,2
PHC-DST-B2-01,2025-01-30,76.0,2.0,4,8,2
PHC-DST-B2-01,2025-01-31,86.0,4.0,4,9,1
PHC-DST-B2-01,2025-02-01,76.0,0.0,6,7,0
PHC-DST-B2-01,2025-02-02,32.0,4.0,5,6,1
PHC-DST-B2-01,2025-02-03,96.0,0.0,5,11,4
PHC-DST-B2-01,2025-02-04,92.0,1.0,5,9,4
PHC-DST-B2-01,2025-02-05,85.0,3.0,5,10,3
PHC-DST-B2-01,2025-02-06,76.0,3.0,4,4,0
PHC-DST-B2-01,2025-02-07,87.0,5.0,5,10,1
PHC-DST-B2-01,2025-02-08,73.0,2.0,4,7,1
PHC-DST-B2-01,2025-02-09,35.0,4.0,7,9,1
PHC-DST-B2-01,2025-02-10,100.0,1.0,7,11,2
PHC-DST-B2-01,2025-02-11,93.0,2.0,7,9,2
PHC-DST-B2-01,2025-02-12,89.0,4.0,3,13,0
PHC-DST-B2-01,2025-02-13,73.0,3.0,4,7,1
PHC-DST-B2-01,2025-02-14,86.0,5.0,6,7,1
PHC-DST-B2-01,2025-02-15,80.0,3.0,3,8,3
PHC-DST-B2-01,2025-02-16,34.0,0.0,5,9,1
PHC-DST-B2-01,2025-02-17,101.0,6.0,4,8,2
PHC-DST-B2-01,2025-02-18,87.0,3.0,6,8,1
PHC-DST-B2-01,2025-02-19,,2.0,5,9,2
PHC-DST-B2-01,2025-02-20,79.0,4.0,5,8,1
PHC-DST-B2-01,2025-02-21,84.0,3.0,5,10,4
PHC-DST-B2-01,2025-02-22,74.0,2.0,4,8,0
PHC-DST-B2-01,2025-02-23,36.0,2.0,3,9,4
PHC-DST-B2-01,2025-02-24,,0.0,5,13,1
PHC-DST-B2-01,2025-02-25,89.0,4.0,5,10,0
PHC-DST-B2-01,2025-02-26,86.0,2.0,4,12,3
PHC-DST-B2-01,2025-02-27,78.0,6.0,3,10,3
PHC-DST-B2-01,2025-02-28,85.0,4.0,5,7,2
PHC-DST-B2-01,2025-03-01,72.0,4.0,5,10,2
PHC-DST-B2-01,2025-03-02,33.0,3.0,5,8,3
PHC-DST-B2-01,2025-03-03,97.0,3.0,4,9,0
PHC-DST-B2-01,2025-03-04,89.0,4.0,5,7,0
PHC-DST-B2-01,2025-03-05,82.0,4.0,4,7,1
PHC-DST-B2-01,2025-03-06,82.0,4.0,5,10,3
PHC-DST-B2-01,2025-03-07,79.0,5.0,5,4,2
PHC-DST-B2-01,2025-03-08,72.0,4.0,5,10,2
PHC-DST-B2-01,2025-03-09,39.0,3.0,4,9,5
PHC-DST-B2-01,2025-03-10,98.0,2.0,5,9,1
PHC-DST-B2-01,2025-03-11,89.0,1.0,2,7,1
PHC-DST-B2-01,2025-03-12,83.0,0.0,4,8,3
PHC-DST-B2-01,2025-03-13,80.0,2.0,3,8,2
PHC-DST-B2-01,2025-03-14,84.0,5.0,4,10,0
PHC-DST-B2-01,2025-03-15,67.0,4.0,4,9,2
PHC-DST-B2-01,2025-03-16,39.0,2.0,4,9,3
PHC-DST-B2-01,2025-03-17,105.0,2.0,8,9,1
PHC-DST-B2-01,2025-03-18,96.0,1.0,6,7,1
PHC-DST-B2-01,2025-03-19,85.0,3.0,4,10,0
PHC-DST-B2-01,2025-03-20,78.0,3.0,4,9,1
PHC-DST-B2-01,2025-03-21,83.0,3.0,5,12,3
PHC-DST-B2-01,2025-03-22,,2.0,4,12,2
PHC-DST-B2-01,2025-03-23,30.0,3.0,4,11,3
PHC-DST-B2-01,2025-03-24,97.0,1.0,6,10,3
PHC-DST-B2-01,2025-03-25,85.0,7.0,3,8,1
PHC-DST-B2-01,2025-03-26,82.0,2.0,4,6,1
PHC-DST-B2-01,2025-03-27,78.0,3.0,5,9,0
PHC-DST-B2-01,2025-03-28,85.0,3.0,2,12,3
PHC-DST-B2-01,2025-03-29,78.0,5.0,6,8,1
PHC-DST-B2-01,2025-03-30,37.0,4.0,5,9,0
PHC-DST-B2-01,2025-03-31,94.0,4.0,4,10,3
PHC-DST-B2-01,2025-04-01,92.0,3.0,5,8,2
PHC-DST-B2-01,2025-04-02,92.0,4.0,4,11,2
PHC-DST-B2-01,2025-04-03,84.0,3.0,4,9,0
PHC-DST-B2-01,2025-04-04,81.0,1.0,4,8,1
PHC-DST-B2-01,2025-04-05,75.0,3.0,7,8,1
PHC-DST-B2-01,2025-04-06,36.0,3.0,5,11,1
PHC-DST-B2-01,2025-04-07,103.0,3.0,5,11,2
PHC-DST-B2-01,2025-04-08,90.0,1.0,5,7,1
PHC-DST-B2-01,2025-04-09,86.0,4.0,6,9,2
PHC-DST-B2-01,2025-04-10,84.0,2.0,6,11,3
PHC-DST-B2-01,2025-04-11,86.0,2.0,5,9,2
PHC-DST-B2-01,2025-04-12,76.0,2.0,5,8,0
PHC-DST-B2-01,2025-04-13,40.0,3.0,3,10,1
PHC-DST-B2-01,2025-04-14,101.0,2.0,4,8,2
PHC-DST-B2-01,2025-04-15,91.0,0.0,3,7,3
PHC-DST-B2-01,2025-04-16,79.0,3.0,6,7,3
PHC-DST-B2-01,2025-04-17,84.0,6.0,6,11,2
PHC-DST-B2-01,2025-04-18,80.0,1.0,5,7,3
PHC-DST-B2-01,2025-04-19,73.0,4.0,5,13,1
PHC-DST-B2-01,2025-04-20,38.0,4.0,6,11,0
PHC-DST-B2-01,2025-04-21,95.0,5.0,5,9,1
PHC-DST-B2-01,2025-04-22,89.0,5.0,5,12,3
PHC-DST-B2-01,2025-04-23,84.0,2.0,4,10,2
PHC-DST-B2-01,2025-04-24,78.0,1.0,4,9,1
PHC-DST-B2-01,2025-04-25,88.0,3.0,3,10,2
PHC-DST-B2-01,2025-04-26,72.0,3.0,6,11,1
PHC-DST-B2-01,2025-04-27,37.0,4.0,5,9,1
PHC-DST-B2-01,2025-04-28,98.0,1.0,3,7,2
PHC-DST-B2-01,2025-04-29,99.0,2.0,4,13,2
PHC-DST-B2-01,2025-04-30,84.0,5.0,4,7,2
PHC-DST-B2-01,2025-05-01,82.0,3.0,3,7,1
PHC-DST-B2-01,2025-05-02,89.0,1.0,6,8,3
PHC-DST-B2-01,2025-05-03,71.0,0.0,3,12,2
PHC-DST-B2-01,2025-05-04,36.0,3.0,4,11,1
PHC-DST-B2-01,2025-05-05,103.0,7.0,4,11,2
PHC-DST-B2-01,2025-05-06,100.0,2.0,5,9,4
PHC-DST-B2-01,2025-05-07,83.0,4.0,7,9,1
PHC-DST-B2-01,2025-05-08,83.0,6.0,3,12,1
PHC-DST-B2-01,2025-05-09,90.0,2.0,5,11,4
PHC-DST-B2-01,2025-05-10,71.0,2.0,5,8,2
PHC-DST-B2-01,2025-05-11,38.0,4.0,4,10,0
PHC-DST-B2-01,2025-05-12,99.0,3.0,4,10,0
PHC-DST-B2-01,2025-05-13,90.0,3.0,5,9,1
PHC-DST-B2-01,2025-05-14,84.0,5.0,4,8,4
PHC-DST-B2-01,2025-05-15,85.0,6.0,6,12,2
PHC-DST-B2-01,2025-05-16,83.0,3.0,3,6,2
PHC-DST-B2-01,2025-05-17,71.0,1.0,4,10,0
PHC-DST-B2-01,2025-05-18,40.0,6.0,4,12,1
PHC-DST-B2-01,2025-05-19,100.0,,5,10,2
PHC-DST-B2-01,2025-05-20,95.0,1.0,4,9,2
PHC-DST-B2-01,2025-05-21,85.0,3.0,4,9,2
PHC-DST-B2-01,2025-05-22,74.0,5.0,3,5,3
PHC-DST-B2-01,2025-05-23,87.0,3.0,7,9,4
PHC-DST-B2-01,2025-05-24,74.0,1.0,5,9,1
PHC-DST-B2-01,2025-05-25,37.0,2.0,5,8,2
PHC-DST-B2-01,2025-05-26,103.0,2.0,5,8,2
PHC-DST-B2-01,2025-05-27,91.0,5.0,3,8,0
PHC-DST-B2-01,2025-05-28,87.0,4.0,5,11,3
PHC-DST-B2-01,2025-05-29,81.0,2.0,6,11,2
PHC-DST-B2-01,2025-05-30,85.0,2.0,5,10,2
PHC-DST-B2-01,2025-05-31,78.0,5.0,6,7,0
PHC-DST-B2-01,2025-06-01,36.0,3.0,6,12,1
PHC-DST-B2-01,2025-06-02,101.0,3.0,5,11,6
PHC-DST-B2-01,2025-06-03,93.0,1.0,5,9,0
PHC-DST-B2-01,2025-06-04,87.0,3.0,6,12,2
PHC-DST-B2-01,2025-06-05,81.0,4.0,4,9,2
PHC-DST-B2-01,2025-06-06,77.0,5.0,4,8,2
PHC-DST-B2-01,2025-06-07,73.0,2.0,6,11,0
PHC-DST-B2-01,2025-06-08,38.0,2.0,6,12,1
PHC-DST-B2-01,2025-06-09,101.0,1.0,6,10,1
PHC-DST-B2-01,2025-06-10,92.0,3.0,4,9,1
PHC-DST-B2-01,2025-06-11,85.0,1.0,5,9,0
PHC-DST-B2-01,2025-06-12,79.0,3.0,7,7,2
PHC-DST-B2-01,2025-06-13,86.0,5.0,6,9,0
PHC-DST-B2-01,2025-06-14,75.0,3.0,4,9,0
PHC-DST-B2-01,2025-06-15,36.0,5.0,4,8,3
PHC-DST-B2-01,2025-06-16,103.0,3.0,5,9,1
PHC-DST-B2-01,2025-06-17,97.0,1.0,5,12,1
PHC-DST-B2-01,2025-06-18,85.0,4.0,6,8,2
PHC-DST-B2-01,2025-06-19,88.0,1.0,4,11,1
PHC-DST-B2-01,2025-06-20,83.0,3.0,3,13,3
PHC-DST-B2-01,2025-06-21,,0.0,4,6,1
PHC-DST-B2-01,2025-06-22,33.0,1.0,6,5,0
PHC-DST-B2-01,2025-06-23,101.0,3.0,5,12,2
PHC-DST-B2-01,2025-06-24,93.0,1.0,6,7,2
PHC-DST-B2-01,2025-06-25,84.0,0.0,4,12,2
PHC-DST-B2-01,2025-06-26,84.0,5.0,3,10,1
PHC-DST-B2-01,2025-06-27,84.0,1.0,5,9,4
PHC-DST-B2-01,2025-06-28,77.0,8.0,5,10,1
PHC-DST-B2-01,2025-06-29,37.0,2.0,5,10,5
PHC-DST-B2-01,2025-06-30,94.0,2.0,5,5,2
PHC-DST-B2-02,2024-07-01,178.0,8.0,7,17,12
PHC-DST-B2-02,2024-07-02,172.0,4.0,10,16,5
PHC-DST-B2-02,2024-07-03,152.0,7.0,10,13,2
PHC-DST-B2-02,2024-07-04,144.0,7.0,7,16,2
PHC-DST-B2-02,2024-07-05,165.0,,31,18,3
PHC-DST-B2-02,2024-07-06,145.0,11.0,26,16,5
PHC-DST-B2-02,2024-07-07,73.0,8.0,25,15,2
PHC-DST-B2-02,2024-07-08,187.0,9.0,30,15,2
PHC-DST-B2-02,2024-07-09,179.0,5.0,23,18,2
PHC-DST-B2-02,2024-07-10,156.0,7.0,8,20,6
PHC-DST-B2-02,2024-07-11,168.0,7.0,10,33,2
PHC-DST-B2-02,2024-07-12,175.0,7.0,6,40,3
PHC-DST-B2-02,2024-07-13,151.0,13.0,26,20,3
PHC-DST-B2-02,2024-07-14,90.0,3.0,29,32,3
PHC-DST-B2-02,2024-07-15,202.0,4.0,30,29,6
PHC-DST-B2-02,2024-07-16,169.0,4.0,18,15,4
PHC-DST-B2-02,2024-07-17,154.0,6.0,9,18,2
PHC-DST-B2-02,2024-07-18,150.0,5.0,10,17,4
PHC-DST-B2-02,2024-07-19,174.0,1.0,8,43,5
PHC-DST-B2-02,2024-07-20,129.0,7.0,10,15,2
PHC-DST-B2-02,2024-07-21,89.0,10.0,8,47,6
PHC-DST-B2-02,2024-07-22,190.0,5.0,12,18,5
PHC-DST-B2-02,2024-07-23,174.0,7.0,9,20,0
PHC-DST-B2-02,2024-07-24,157.0,4.0,9,18,5
PHC-DST-B2-02,2024-07-25,151.0,0.0,8,18,3
PHC-DST-B2-02,2024-07-26,157.0,3.0,7,18,4
PHC-DST-B2-02,2024-07-27,150.0,3.0,10,34,3
PHC-DST-B2-02,2024-07-28,61.0,3.0,8,12,6
PHC-DST-B2-02,2024-07-29,183.0,6.0,10,16,4
PHC-DST-B2-02,2024-07-30,166.0,8.0,7,19,3
PHC-DST-B2-02,2024-07-31,163.0,3.0,23,17,5
PHC-DST-B2-02,2024-08-01,157.0,9.0,25,17,2
PHC-DST-B2-02,2024-08-02,160.0,6.0,21,16,4
PHC-DST-B2-02,2024-08-03,142.0,4.0,6,19,5
PHC-DST-B2-02,2024-08-04,63.0,1.0,8,17,1
PHC-DST-B2-02,2024-08-05,182.0,7.0,8,17,6
PHC-DST-B2-02,2024-08-06,194.0,6.0,7,49,3
PHC-DST-B2-02,2024-08-07,181.0,5.0,7,46,3
PHC-DST-B2-02,2024-08-08,150.0,8.0,9,17,3
PHC-DST-B2-02,2024-08-09,180.0,9.0,8,47,2
PHC-DST-B2-02,2024-08-10,143.0,8.0,23,16,2
PHC-DST-B2-02,2024-08-11,76.0,3.0,24,22,3
PHC-DST-B2-02,2024-08-12,180.0,5.0,11,17,2
PHC-DST-B2-02,2024-08-13,184.0,9.0,22,21,2
PHC-DST-B2-02,2024-08-14,172.0,6.0,23,32,2
PHC-DST-B2-02,2024-08-15,147.0,6.0,7,13,3
PHC-DST-B2-02,2024-08-16,173.0,4.0,10,41,5
PHC-DST-B2-02,2024-08-17,133.0,5.0,8,17,6
PHC-DST-B2-02,2024-08-18,72.0,2.0,9,18,1
PHC-DST-B2-02,2024-08-19,204.0,2.0,9,44,5
PHC-DST-B2-02,2024-08-20,169.0,5.0,9,17,1
PHC-DST-B2-02,2024-08-21,170.0,6.0,28,19,4
PHC-DST-B2-02,2024-08-22,157.0,5.0,27,17,5
PHC-DST-B2-02,2024-08-23,162.0,1.0,28,20,5
PHC-DST-B2-02,2024-08-24,135.0,6.0,9,14,3
PHC-DST-B2-02,2024-08-25,65.0,6.0,7,14,4
PHC-DST-B2-02,2024-08-26,204.0,4.0,8,45,6
PHC-DST-B2-02,2024-08-27,192.0,2.0,24,39,4
PHC-DST-B2-02,2024-08-28,178.0,5.0,26,35,3
PHC-DST-B2-02,2024-08-29,143.0,9.0,8,15,6
PHC-DST-B2-02,2024-08-30,156.0,4.0,8,21,5
PHC-DST-B2-02,2024-08-31,138.0,11.0,8,18,6
PHC-DST-B2-02,2024-09-01,60.0,3.0,8,13,3
PHC-DST-B2-02,2024-09-02,210.0,1.0,10,44,3
PHC-DST-B2-02,2024-09-03,164.0,11.0,5,20,4
PHC-DST-B2-02,2024-09-04,152.0,8.0,8,14,2
PHC-DST-B2-02,2024-09-05,146.0,3.0,9,15,4
PHC-DST-B2-02,2024-09-06,157.0,6.0,6,18,0
PHC-DST-B2-02,2024-09-07,134.0,2.0,9,18,2
PHC-DST-B2-02,2024-09-08,79.0,9.0,24,18,7
PHC-DST-B2-02,2024-09-09,195.0,2.0,25,20,0
PHC-DST-B2-02,2024-09-10,175.0,9.0,22,16,4
PHC-DST-B2-02,2024-09-11,163.0,7.0,20,23,2
PHC-DST-B2-02,2024-09-12,157.0,2.0,18,19,2
PHC-DST-B2-02,2024-09-13,161.0,8.0,21,18,2
PHC-DST-B2-02,2024-09-14,148.0,5.0,8,37,5
PHC-DST-B2-02,2024-09-15,74.0,5.0,9,35,2
PHC-DST-B2-02,2024-09-16,198.0,3.0,8,41,2
PHC-DST-B2-02,2024-09-17,182.0,3.0,30,18,7
PHC-DST-B2-02,2024-09-18,180.0,8.0,25,36,6
PHC-DST-B2-02,2024-09-19,156.0,11.0,20,19,3
PHC-DST-B2-02,2024-09-20,165.0,7.0,30,15,6
PHC-DST-B2-02,2024-09-21,137.0,3.0,8,19,10
PHC-DST-B2-02,2024-09-22,63.0,5.0,8,18,3
PHC-DST-B2-02,2024-09-23,193.0,5.0,7,33,2
PHC-DST-B2-02,2024-09-24,175.0,5.0,23,16,3
PHC-DST-B2-02,2024-09-25,,6.0,24,42,3
PHC-DST-B2-02,2024-09-26,154.0,9.0,20,20,2
PHC-DST-B2-02,2024-09-27,167.0,8.0,25,18,1
PHC-DST-B2-02,2024-09-28,149.0,4.0,31,17,6
PHC-DST-B2-02,2024-09-29,79.0,7.0,32,18,5
PHC-DST-B2-02,2024-09-30,213.0,,22,46,6
PHC-DST-B2-02,2024-10-01,185.0,4.0,20,38,6
PHC-DST-B2-02,2024-10-02,182.0,1.0,11,43,1
PHC-DST-B2-02,2024-10-03,173.0,3.0,8,45,3
PHC-DST-B2-02,2024-10-04,147.0,7.0,5,18,3
PHC-DST-B2-02,2024-10-05,152.0,9.0,8,36,1
PHC-DST-B2-02,2024-10-06,,5.0,9,34,1
PHC-DST-B2-02,2024-10-07,186.0,2.0,11,22,2
PHC-DST-B2-02,2024-10-08,174.0,7.0,9,21,4
PHC-DST-B2-02,2024-10-09,155.0,6.0,8,15,2
PHC-DST-B2-02,2024-10-10,151.0,3.0,6,19,2
PHC-DST-B2-02,2024-10-11,157.0,3.0,9,19,2
PHC-DST-B2-02,2024-10-12,131.0,5.0,7,15,4
PHC-DST-B2-02,2024-10-13,66.0,4.0,10,16,3
PHC-DST-B2-02,2024-10-14,179.0,5.0,9,16,4
PHC-DST-B2-02,2024-10-15,166.0,6.0,9,14,6
PHC-DST-B2-02,2024-10-16,150.0,6.0,7,18,2
PHC-DST-B2-02,2024-10-17,143.0,7.0,7,16,2
PHC-DST-B2-02,2024-10-18,157.0,7.0,8,18,7
PHC-DST-B2-02,2024-10-19,139.0,2.0,10,18,8
PHC-DST-B2-02,2024-10-20,62.0,8.0,10,18,5
PHC-DST-B2-02,2024-10-21,180.0,5.0,9,20,3
PHC-DST-B2-02,2024-10-22,171.0,5.0,8,18,3
PHC-DST-B2-02,2024-10-23,155.0,10.0,7,15,1
PHC-DST-B2-02,2024-10-24,147.0,4.0,6,21,4
PHC-DST-B2-02,2024-10-25,159.0,5.0,8,19,2
PHC-DST-B2-02,2024-10-26,141.0,11.0,10,18,3
PHC-DST-B2-02,2024-10-27,57.0,9.0,6,16,5
PHC-DST-B2-02,2024-10-28,187.0,5.0,7,22,3
PHC-DST-B2-02,2024-10-29,168.0,7.0,6,15,3
PHC-DST-B2-02,2024-10-30,149.0,6.0,6,15,3
PHC-DST-B2-02,2024-10-31,149.0,6.0,8,17,6
PHC-DST-B2-02,2024-11-01,156.0,7.0,8,17,2
PHC-DST-B2-02,2024-11-02,143.0,10.0,9,22,4
PHC-DST-B2-02,2024-11-03,65.0,8.0,7,16,1
PHC-DST-B2-02,2024-11-04,185.0,4.0,10,19,3
PHC-DST-B2-02,2024-11-05,170.0,5.0,8,15,7
PHC-DST-B2-02,2024-11-06,156.0,3.0,10,14,4
PHC-DST-B2-02,2024-11-07,157.0,7.0,10,18,3
PHC-DST-B2-02,2024-11-08,155.0,6.0,8,18,4
PHC-DST-B2-02,2024-11-09,137.0,7.0,9,18,5
PHC-DST-B2-02,2024-11-10,64.0,6.0,8,19,3
PHC-DST-B2-02,2024-11-11,188.0,8.0,8,15,7
PHC-DST-B2-02,2024-11-12,,5.0,9,19,2
PHC-DST-B2-02,2024-11-13,156.0,9.0,9,21,5
PHC-DST-B2-02,2024-11-14,145.0,9.0,9,16,2
PHC-DST-B2-02,2024-11-15,156.0,3.0,10,16,10
PHC-DST-B2-02,2024-11-16,126.0,7.0,9,12,6
PHC-DST-B2-02,2024-11-17,61.0,9.0,8,13,4
PHC-DST-B2-02,2024-11-18,180.0,7.0,9,14,3
PHC-DST-B2-02,2024-11-19,172.0,11.0,11,17,7
PHC-DST-B2-02,2024-11-20,154.0,5.0,8,15,3
PHC-DST-B2-02,2024-11-21,151.0,8.0,9,16,6
PHC-DST-B2-02,2024-11-22,160.0,13.0,8,18,4
PHC-DST-B2-02,2024-11-23,137.0,7.0,8,14,4
PHC-DST-B2-02,2024-11-24,66.0,6.0,9,17,8
PHC-DST-B2-02,2024-11-25,185.0,4.0,9,20,0
PHC-DST-B2-02,2024-11-26,169.0,8.0,7,16,5
PHC-DST-B2-02,2024-11-27,152.0,6.0,11,14,4
PHC-DST-B2-02,2024-11-28,150.0,4.0,9,14,3
PHC-DST-B2-02,2024-11-29,153.0,4.0,9,16,3
PHC-DST-B2-02,2024-11-30,136.0,3.0,9,17,2
PHC-DST-B2-02,2024-12-01,56.0,5.0,6,16,4
PHC-DST-B2-02,2024-12-02,182.0,6.0,9,18,3
PHC-DST-B2-02,2024-12-03,172.0,3.0,8,18,2
PHC-DST-B2-02,2024-12-04,155.0,4.0,8,14,4
PHC-DST-B2-02,2024-12-05,150.0,4.0,10,13,1
PHC-DST-B2-02,2024-12-06,151.0,,11,13,1
PHC-DST-B2-02,2024-12-07,131.0,7.0,8,17,4
PHC-DST-B2-02,2024-12-08,69.0,6.0,7,15,5
PHC-DST-B2-02,2024-12-09,178.0,7.0,8,16,3
PHC-DST-B2-02,2024-12-10,168.0,7.0,9,19,5
PHC-DST-B2-02,2024-12-11,158.0,7.0,7,18,7
PHC-DST-B2-02,2024-12-12,149.0,10.0,7,14,8
PHC-DST-B2-02,2024-12-13,150.0,6.0,7,15,0
PHC-DST-B2-02,2024-12-14,137.0,5.0,7,14,6
PHC-DST-B2-02,2024-12-15,68.0,5.0,9,18,3
PHC-DST-B2-02,2024-12-16,182.0,5.0,7,16,3
PHC-DST-B2-02,2024-12-17,170.0,3.0,7,19,6
PHC-DST-B2-02,2024-12-18,156.0,5.0,9,18,1
PHC-DST-B2-02,2024-12-19,149.0,7.0,11,15,5
PHC-DST-B2-02,2024-12-20,153.0,5.0,8,19,4
PHC-DST-B2-02,2024-12-21,137.0,2.0,8,14,6
PHC-DST-B2-02,2024-12-22,68.0,5.0,8,13,3
PHC-DST-B2-02,2024-12-23,180.0,6.0,9,16,6
PHC-DST-B2-02,2024-12-24,170.0,3.0,9,16,5
PHC-DST-B2-02,2024-12-25,155.0,8.0,8,18,5
PHC-DST-B2-02,2024-12-26,152.0,5.0,8,22,4
PHC-DST-B2-02,2024-12-27,154.0,1.0,9,16,5
PHC-DST-B2-02,2024-12-28,142.0,5.0,7,22,1
PHC-DST-B2-02,2024-12-29,61.0,6.0,8,14,4
PHC-DST-B2-02,2024-12-30,179.0,8.0,9,18,2
PHC-DST-B2-02,2024-12-31,167.0,4.0,8,17,2
PHC-DST-B2-02,2025-01-01,151.0,10.0,9,15,2
PHC-DST-B2-02,2025-01-02,144.0,6.0,10,16,2
PHC-DST-B2-02,2025-01-03,163.0,8.0,9,18,4
PHC-DST-B2-02,2025-01-04,135.0,4.0,6,17,4
PHC-DST-B2-02,2025-01-05,60.0,4.0,6,15,4
PHC-DST-B2-02,2025-01-06,182.0,9.0,8,13,5
PHC-DST-B2-02,2025-01-07,173.0,3.0,10,19,3
PHC-DST-B2-02,2025-01-08,159.0,4.0,9,20,1
PHC-DST-B2-02,2025-01-09,153.0,8.0,9,14,2
PHC-DST-B2-02,2025-01-10,152.0,3.0,8,15,2
PHC-DST-B2-02,2025-01-11,143.0,1.0,8,14,4
PHC-DST-B2-02,2025-01-12,67.0,3.0,9,19,5
PHC-DST-B2-02,2025-01-13,187.0,4.0,7,18,5
PHC-DST-B2-02,2025-01-14,166.0,6.0,6,13,4
PHC-DST-B2-02,2025-01-15,154.0,3.0,7,17,3
PHC-DST-B2-02,2025-01-16,147.0,3.0,6,14,7
PHC-DST-B2-02,2025-01-17,152.0,3.0,9,19,2
PHC-DST-B2-02,2025-01-18,138.0,6.0,10,18,2
PHC-DST-B2-02,2025-01-19,63.0,2.0,9,18,4
PHC-DST-B2-02,2025-01-20,176.0,4.0,7,16,5
PHC-DST-B2-02,2025-01-21,165.0,6.0,8,16,4
PHC-DST-B2-02,2025-01-22,156.0,5.0,9,14,7
PHC-DST-B2-02,2025-01-23,147.0,,8,17,6
PHC-DST-B2-02,2025-01-24,159.0,2.0,8,21,3
PHC-DST-B2-02,2025-01-25,135.0,4.0,8,18,3
PHC-DST-B2-02,2025-01-26,62.0,5.0,8,13,4
PHC-DST-B2-02,2025-01-27,180.0,6.0,8,15,2
PHC-DST-B2-02,2025-01-28,160.0,6.0,8,13,5
PHC-DST-B2-02,2025-01-29,158.0,4.0,9,17,5
PHC-DST-B2-02,2025-01-30,151.0,4.0,6,16,3
PHC-DST-B2-02,2025-01-31,162.0,2.0,9,22,5
PHC-DST-B2-02,2025-02-01,139.0,4.0,12,20,8
PHC-DST-B2-02,2025-02-02,60.0,5.0,9,16,2
PHC-DST-B2-02,2025-02-03,184.0,4.0,6,22,2
PHC-DST-B2-02,2025-02-04,166.0,,9,16,2
PHC-DST-B2-02,2025-02-05,155.0,10.0,8,15,4
PHC-DST-B2-02,2025-02-06,154.0,6.0,8,15,4
PHC-DST-B2-02,2025-02-07,148.0,6.0,8,16,1
PHC-DST-B2-02,2025-02-08,142.0,6.0,9,22,7
PHC-DST-B2-02,2025-02-09,67.0,5.0,10,17,3
PHC-DST-B2-02,2025-02-10,186.0,6.0,7,18,4
PHC-DST-B2-02,2025-02-11,176.0,8.0,10,17,1
PHC-DST-B2-02,2025-02-12,149.0,6.0,8,14,6
PHC-DST-B2-02,2025-02-13,150.0,2.0,9,19,2
PHC-DST-B2-02,2025-02-14,152.0,5.0,11,16,4
PHC-DST-B2-02,2025-02-15,129.0,8.0,8,12,2
PHC-DST-B2-02,2025-02-16,66.0,3.0,9,19,2
PHC-DST-B2-02,2025-02-17,179.0,,8,17,2
PHC-DST-B2-02,2025-02-18,167.0,12.0,8,18,0
PHC-DST-B2-02,2025-02-19,151.0,7.0,10,16,1
PHC-DST-B2-02,2025-02-20,150.0,6.0,8,18,4
PHC-DST-B2-02,2025-02-21,156.0,7.0,8,18,4
PHC-DST-B2-02,2025-02-22,129.0,10.0,8,17,7
PHC-DST-B2-02,2025-02-23,69.0,5.0,11,19,4
PHC-DST-B2-02,2025-02-24,176.0,5.0,7,18,5
PHC-DST-B2-02,2025-02-25,163.0,7.0,7,19,7
PHC-DST-B2-02,2025-02-26,156.0,2.0,9,19,3
PHC-DST-B2-02,2025-02-27,149.0,9.0,8,18,7
PHC-DST-B2-02,2025-02-28,159.0,8.0,9,18,0
PHC-DST-B2-02,2025-03-01,131.0,2.0,10,17,3
PHC-DST-B2-02,2025-03-02,59.0,4.0,10,13,3
PHC-DST-B2-02,2025-03-03,186.0,1.0,8,16,2
PHC-DST-B2-02,2025-03-04,175.0,7.0,10,14,5
PHC-DST-B2-02,2025-03-05,152.0,3.0,8,17,8
PHC-DST-B2-02,2025-03-06,147.0,5.0,7,14,2
PHC-DST-B2-02,2025-03-07,156.0,7.0,10,17,3
PHC-DST-B2-02,2025-03-08,137.0,2.0,10,15,2
PHC-DST-B2-02,2025-03-09,63.0,8.0,9,17,3
PHC-DST-B2-02,2025-03-10,183.0,5.0,9,16,3
PHC-DST-B2-02,2025-03-11,170.0,5.0,7,19,4
PHC-DST-B2-02,2025-03-12,156.0,3.0,11,16,1
PHC-DST-B2-02,2025-03-13,150.0,8.0,10,17,7
PHC-DST-B2-02,2025-03-14,,2.0,9,15,0
PHC-DST-B2-02,2025-03-15,139.0,4.0,10,15,3
PHC-DST-B2-02,2025-03-16,70.0,8.0,9,21,3
PHC-DST-B2-02,2025-03-17,181.0,5.0,7,20,5
PHC-DST-B2-02,2025-03-18,166.0,10.0,8,16,6
PHC-DST-B2-02,2025-03-19,157.0,8.0,6,18,3
PHC-DST-B2-02,2025-03-20,153.0,2.0,11,16,4
PHC-DST-B2-02,2025-03-21,153.0,5.0,7,17,2
PHC-DST-B2-02,2025-03-22,138.0,8.0,10,22,3
PHC-DST-B2-02,2025-03-23,66.0,8.0,10,18,1
PHC-DST-B2-02,2025-03-24,180.0,8.0,7,17,4
PHC-DST-B2-02,2025-03-25,168.0,2.0,8,18,4
PHC-DST-B2-02,2025-03-26,149.0,6.0,7,17,2
PHC-DST-B2-02,2025-03-27,151.0,12.0,7,17,4
PHC-DST-B2-02,2025-03-28,159.0,6.0,8,16,6
PHC-DST-B2-02,2025-03-29,134.0,5.0,10,15,1
PHC-DST-B2-02,2025-03-30,61.0,8.0,9,14,5
PHC-DST-B2-02,2025-03-31,183.0,6.0,8,19,1
PHC-DST-B2-02,2025-04-01,165.0,5.0,7,15,5
PHC-DST-B2-02,2025-04-02,158.0,10.0,8,17,3
PHC-DST-B2-02,2025-04-03,144.0,10.0,8,15,3
PHC-DST-B2-02,2025-04-04,154.0,10.0,9,17,3
PHC-DST-B2-02,2025-04-05,136.0,9.0,8,16,6
PHC-DST-B2-02,2025-04-06,62.0,5.0,8,17,6
PHC-DST-B2-02,2025-04-07,180.0,6.0,7,14,5
PHC-DST-B2-02,2025-04-08,166.0,3.0,10,15,2
PHC-DST-B2-02,2025-04-09,156.0,10.0,10,21,6
PHC-DST-B2-02,2025-04-10,156.0,8.0,10,17,4
PHC-DST-B2-02,2025-04-11,157.0,4.0,8,18,3
PHC-DST-B2-02,2025-04-12,139.0,7.0,11,16,2
PHC-DST-B2-02,2025-04-13,66.0,3.0,11,17,2
PHC-DST-B2-02,2025-04-14,184.0,5.0,9,19,3
PHC-DST-B2-02,2025-04-15,166.0,4.0,10,18,3
PHC-DST-B2-02,2025-04-16,159.0,5.0,11,15,3
PHC-DST-B2-02,2025-04-17,149.0,7.0,10,17,3
PHC-DST-B2-02,2025-04-18,155.0,11.0,9,16,0
PHC-DST-B2-02,2025-04-19,137.0,8.0,5,15,3
PHC-DST-B2-02,2025-04-20,65.0,4.0,9,16,2
PHC-DST-B2-02,2025-04-21,177.0,5.0,9,15,2
PHC-DST-B2-02,2025-04-22,169.0,5.0,7,18,2
PHC-DST-B2-02,2025-04-23,159.0,8.0,8,19,7
PHC-DST-B2-02,2025-04-24,149.0,3.0,8,18,9
PHC-DST-B2-02,2025-04-25,156.0,2.0,9,16,7
PHC-DST-B2-02,2025-04-26,130.0,9.0,8,16,3
PHC-DST-B2-02,2025-04-27,66.0,2.0,9,17,3
PHC-DST-B2-02,2025-04-28,182.0,2.0,7,17,3
PHC-DST-B2-02,2025-04-29,172.0,2.0,9,18,1
PHC-DST-B2-02,2025-04-30,154.0,7.0,5,20,7
PHC-DST-B2-02,2025-05-01,146.0,9.0,6,17,4
PHC-DST-B2-02,2025-05-02,159.0,9.0,9,19,6
PHC-DST-B2-02,2025-05-03,129.0,,9,16,5
PHC-DST-B2-02,2025-05-04,,7.0,6,19,4
PHC-DST-B2-02,2025-05-05,179.0,6.0,8,19,3
PHC-DST-B2-02,2025-05-06,159.0,4.0,9,15,6
PHC-DST-B2-02,2025-05-07,150.0,4.0,9,14,4
PHC-DST-B2-02,2025-05-08,147.0,9.0,7,19,4
PHC-DST-B2-02,2025-05-09,156.0,5.0,9,20,4
PHC-DST-B2-02,2025-05-10,,7.0,8,13,2
PHC-DST-B2-02,2025-05-11,62.0,7.0,9,16,5
PHC-DST-B2-02,2025-05-12,182.0,5.0,9,18,5
PHC-DST-B2-02,2025-05-13,175.0,6.0,9,21,5
PHC-DST-B2-02,2025-05-14,154.0,5.0,7,15,1
PHC-DST-B2-02,2025-05-15,153.0,4.0,10,22,1
PHC-DST-B2-02,2025-05-16,156.0,7.0,12,20,7
PHC-DST-B2-02,2025-05-17,134.0,5.0,8,18,5
PHC-DST-B2-02,2025-05-18,67.0,6.0,11,20,5
PHC-DST-B2-02,2025-05-19,178.0,6.0,9,15,3
PHC-DST-B2-02,2025-05-20,168.0,9.0,7,22,2
PHC-DST-B2-02,2025-05-21,,6.0,10,21,2
PHC-DST-B2-02,2025-05-22,149.0,8.0,11,17,5
PHC-DST-B2-02,2025-05-23,152.0,1.0,9,16,2
PHC-DST-B2-02,2025-05-24,131.0,5.0,7,16,6
PHC-DST-B2-02,2025-05-25,71.0,4.0,7,18,3
PHC-DST-B2-02,2025-05-26,189.0,12.0,9,18,6
PHC-DST-B2-02,2025-05-27,165.0,2.0,6,15,5
PHC-DST-B2-02,2025-05-28,153.0,3.0,9,13,2
PHC-DST-B2-02,2025-05-29,151.0,5.0,6,18,0
PHC-DST-B2-02,2025-05-30,152.0,6.0,8,17,6
PHC-DST-B2-02,2025-05-31,134.0,6.0,9,15,5
PHC-DST-B2-02,2025-06-01,66.0,2.0,9,16,1
PHC-DST-B2-02,2025-06-02,186.0,6.0,9,14,6
PHC-DST-B2-02,2025-06-03,169.0,5.0,11,17,2
PHC-DST-B2-02,2025-06-04,156.0,10.0,8,16,4
PHC-DST-B2-02,2025-06-05,158.0,6.0,7,19,3
PHC-DST-B2-02,2025-06-06,163.0,7.0,7,21,1
PHC-DST-B2-02,2025-06-07,132.0,5.0,7,15,3
PHC-DST-B2-02,2025-06-08,63.0,2.0,7,13,4
PHC-DST-B2-02,2025-06-09,181.0,6.0,9,15,2
PHC-DST-B2-02,2025-06-10,168.0,3.0,5,18,5
PHC-DST-B2-02,2025-06-11,155.0,1.0,9,17,4
PHC-DST-B2-02,2025-06-12,145.0,6.0,6,14,6
PHC-DST-B2-02,2025-06-13,163.0,2.0,6,21,5
PHC-DST-B2-02,2025-06-14,134.0,4.0,8,19,3
PHC-DST-B2-02,2025-06-15,64.0,6.0,6,16,4
PHC-DST-B2-02,2025-06-16,173.0,9.0,8,14,4
PHC-DST-B2-02,2025-06-17,167.0,6.0,6,14,3
PHC-DST-B2-02,2025-06-18,158.0,4.0,10,16,0
PHC-DST-B2-02,2025-06-19,141.0,12.0,10,11,2
PHC-DST-B2-02,2025-06-20,146.0,5.0,11,15,5
PHC-DST-B2-02,2025-06-21,135.0,9.0,6,19,2
PHC-DST-B2-02,2025-06-22,60.0,6.0,7,13,1
PHC-DST-B2-02,2025-06-23,177.0,,7,16,6
PHC-DST-B2-02,2025-06-24,169.0,7.0,9,16,2
PHC-DST-B2-02,2025-06-25,159.0,2.0,12,15,6
PHC-DST-B2-02,2025-06-26,153.0,5.0,7,21,5
PHC-DST-B2-02,2025-06-27,157.0,6.0,9,19,3
PHC-DST-B2-02,2025-06-28,140.0,11.0,9,20,2
PHC-DST-B2-02,2025-06-29,71.0,4.0,9,18,4
PHC-DST-B2-02,2025-06-30,182.0,8.0,10,17,2
PHC-DST-B2-03,2024-07-01,122.0,4.0,3,14,1
PHC-DST-B2-03,2024-07-02,111.0,3.0,5,11,3
PHC-DST-B2-03,2024-07-03,102.0,3.0,4,15,3
PHC-DST-B2-03,2024-07-04,100.0,2.0,5,10,5
PHC-DST-B2-03,2024-07-05,118.0,7.0,20,14,2
PHC-DST-B2-03,2024-07-06,91.0,1.0,14,10,3
PHC-DST-B2-03,2024-07-07,47.0,7.0,19,12,1
PHC-DST-B2-03,2024-07-08,140.0,3.0,21,14,5
PHC-DST-B2-03,2024-07-09,132.0,11.0,20,14,2
PHC-DST-B2-03,2024-07-10,108.0,2.0,7,10,5
PHC-DST-B2-03,2024-07-11,114.0,5.0,5,27,0
PHC-DST-B2-03,2024-07-12,108.0,6.0,4,20,4
PHC-DST-B2-03,2024-07-13,95.0,1.0,13,12,5
PHC-DST-B2-03,2024-07-14,56.0,1.0,16,22,2
PHC-DST-B2-03,2024-07-15,144.0,4.0,19,30,4
PHC-DST-B2-03,2024-07-16,121.0,0.0,15,9,0
PHC-DST-B2-03,2024-07-17,102.0,3.0,4,11,2
PHC-DST-B2-03,2024-07-18,94.0,1.0,5,13,3
PHC-DST-B2-03,2024-07-19,108.0,4.0,6,25,2
PHC-DST-B2-03,2024-07-20,94.0,2.0,6,15,4
PHC-DST-B2-03,2024-07-21,63.0,6.0,7,32,4
PHC-DST-B2-03,2024-07-22,121.0,4.0,5,15,5
PHC-DST-B2-03,2024-07-23,116.0,4.0,7,14,3
PHC-DST-B2-03,2024-07-24,107.0,5.0,5,14,3
PHC-DST-B2-03,2024-07-25,99.0,2.0,6,10,3
PHC-DST-B2-03,2024-07-26,103.0,4.0,6,9,4
PHC-DST-B2-03,2024-07-27,,6.0,5,24,4
PHC-DST-B2-03,2024-07-28,40.0,6.0,5,11,6
PHC-DST-B2-03,2024-07-29,120.0,2.0,6,11,2
PHC-DST-B2-03,2024-07-30,112.0,3.0,6,10,5
PHC-DST-B2-03,2024-07-31,111.0,0.0,15,11,4
PHC-DST-B2-03,2024-08-01,102.0,4.0,12,12,3
PHC-DST-B2-03,2024-08-02,114.0,1.0,14,13,0
PHC-DST-B2-03,2024-08-03,91.0,1.0,6,13,4
PHC-DST-B2-03,2024-08-04,44.0,2.0,6,10,3
PHC-DST-B2-03,2024-08-05,120.0,7.0,6,16,3
PHC-DST-B2-03,2024-08-06,122.0,6.0,5,26,2
PHC-DST-B2-03,2024-08-07,109.0,3.0,6,20,1
PHC-DST-B2-03,2024-08-08,102.0,6.0,6,12,0
PHC-DST-B2-03,2024-08-09,113.0,3.0,6,25,3
PHC-DST-B2-03,2024-08-10,,4.0,15,13,5
PHC-DST-B2-03,2024-08-11,54.0,1.0,16,13,1
PHC-DST-B2-03,2024-08-12,123.0,2.0,6,13,1
PHC-DST-B2-03,2024-08-13,122.0,1.0,13,13,2
PHC-DST-B2-03,2024-08-14,120.0,5.0,22,25,4
PHC-DST-B2-03,2024-08-15,105.0,2.0,5,12,1
PHC-DST-B2-03,2024-08-16,113.0,5.0,5,27,4
PHC-DST-B2-03,2024-08-17,90.0,4.0,6,12,3
PHC-DST-B2-03,2024-08-18,43.0,4.0,6,10,2
PHC-DST-B2-03,2024-08-19,127.0,3.0,7,19,3
PHC-DST-B2-03,2024-08-20,125.0,2.0,8,13,3
PHC-DST-B2-03,2024-08-21,118.0,3.0,20,10,3
PHC-DST-B2-03,2024-08-22,101.0,3.0,11,13,2
PHC-DST-B2-03,2024-08-23,112.0,2.0,16,13,2
PHC-DST-B2-03,2024-08-24,88.0,6.0,7,10,0
PHC-DST-B2-03,2024-08-25,45.0,3.0,6,11,0
PHC-DST-B2-03,2024-08-26,137.0,8.0,5,26,2
PHC-DST-B2-03,2024-08-27,135.0,8.0,15,29,6
PHC-DST-B2-03,2024-08-28,126.0,5.0,17,31,0
PHC-DST-B2-03,2024-08-29,99.0,5.0,5,14,6
PHC-DST-B2-03,2024-08-30,97.0,2.0,5,10,3
PHC-DST-B2-03,2024-08-31,88.0,4.0,4,9,0
PHC-DST-B2-03,2024-09-01,46.0,5.0,7,13,4
PHC-DST-B2-03,2024-09-02,133.0,5.0,2,31,4
PHC-DST-B2-03,2024-09-03,111.0,5.0,6,12,4
PHC-DST-B2-03,2024-09-04,100.0,1.0,5,11,4
PHC-DST-B2-03,2024-09-05,101.0,9.0,5,12,8
PHC-DST-B2-03,2024-09-06,106.0,2.0,9,11,2
PHC-DST-B2-03,2024-09-07,94.0,4.0,7,12,2
PHC-DST-B2-03,2024-09-08,52.0,11.0,16,12,2
PHC-DST-B2-03,2024-09-09,132.0,4.0,15,14,1
PHC-DST-B2-03,2024-09-10,117.0,10.0,20,10,3
PHC-DST-B2-03,2024-09-11,110.0,4.0,18,11,4
PHC-DST-B2-03,2024-09-12,101.0,6.0,13,10,1
PHC-DST-B2-03,2024-09-13,109.0,5.0,12,10,3
PHC-DST-B2-03,2024-09-14,114.0,3.0,7,30,4
PHC-DST-B2-03,2024-09-15,54.0,4.0,6,30,2
PHC-DST-B2-03,2024-09-16,139.0,3.0,8,34,2
PHC-DST-B2-03,2024-09-17,117.0,5.0,13,11,1
PHC-DST-B2-03,2024-09-18,122.0,5.0,18,27,3
PHC-DST-B2-03,2024-09-19,105.0,2.0,16,8,3
PHC-DST-B2-03,2024-09-20,111.0,0.0,14,12,3
PHC-DST-B2-03,2024-09-21,90.0,6.0,5,13,4
PHC-DST-B2-03,2024-09-22,48.0,1.0,6,11,4
PHC-DST-B2-03,2024-09-23,138.0,3.0,5,27,3
PHC-DST-B2-03,2024-09-24,120.0,6.0,19,9,4
PHC-DST-B2-03,2024-09-25,120.0,6.0,18,21,3
PHC-DST-B2-03,2024-09-26,115.0,0.0,21,14,0
PHC-DST-B2-03,2024-09-27,102.0,1.0,13,11,2
PHC-DST-B2-03,2024-09-28,99.0,3.0,17,10,1
PHC-DST-B2-03,2024-09-29,45.0,2.0,14,8,0
PHC-DST-B2-03,2024-09-30,138.0,3.0,15,22,2
PHC-DST-B2-03,2024-10-01,132.0,6.0,19,31,1
PHC-DST-B2-03,2024-10-02,116.0,4.0,5,22,2
PHC-DST-B2-03,2024-10-03,120.0,6.0,6,33,4
PHC-DST-B2-03,2024-10-04,100.0,5.0,5,13,7
PHC-DST-B2-03,2024-10-05,100.0,5.0,5,31,3
PHC-DST-B2-03,2024-10-06,51.0,2.0,7,22,3
PHC-DST-B2-03,2024-10-07,121.0,4.0,5,12,3
PHC-DST-B2-03,2024-10-08,116.0,7.0,5,10,4
PHC-DST-B2-03,2024-10-09,106.0,4.0,5,14,4
PHC-DST-B2-03,2024-10-10,98.0,3.0,4,12,1
PHC-DST-B2-03,2024-10-11,102.0,7.0,5,11,1
PHC-DST-B2-03,2024-10-12,90.0,4.0,7,11,1
PHC-DST-B2-03,2024-10-13,46.0,4.0,6,11,3
PHC-DST-B2-03,2024-10-14,116.0,4.0,6,11,2
PHC-DST-B2-03,2024-10-15,111.0,2.0,4,13,1
PHC-DST-B2-03,2024-10-16,97.0,2.0,6,9,2
PHC-DST-B2-03,2024-10-17,103.0,5.0,5,10,4
PHC-DST-B2-03,2024-10-18,103.0,8.0,5,11,3
PHC-DST-B2-03,2024-10-19,89.0,4.0,6,9,0
PHC-DST-B2-03,2024-10-20,42.0,7.0,5,13,3
PHC-DST-B2-03,2024-10-21,121.0,5.0,6,9,1
PHC-DST-B2-03,2024-10-22,,7.0,7,10,1
PHC-DST-B2-03,2024-10-23,107.0,6.0,6,11,3
PHC-DST-B2-03,2024-10-24,98.0,3.0,5,13,4
PHC-DST-B2-03,2024-10-25,98.0,3.0,5,10,5
PHC-DST-B2-03,2024-10-26,97.0,6.0,6,15,2
PHC-DST-B2-03,2024-10-27,49.0,4.0,5,13,3
PHC-DST-B2-03,2024-10-28,121.0,3.0,4,9,3
PHC-DST-B2-03,2024-10-29,116.0,4.0,6,12,2
PHC-DST-B2-03,2024-10-30,101.0,2.0,6,10,1
PHC-DST-B2-03,2024-10-31,101.0,1.0,6,10,4
PHC-DST-B2-03,2024-11-01,106.0,1.0,4,13,2
PHC-DST-B2-03,2024-11-02,87.0,4.0,6,12,3
PHC-DST-B2-03,2024-11-03,46.0,4.0,8,12,0
PHC-DST-B2-03,2024-11-04,121.0,4.0,4,11,3
PHC-DST-B2-03,2024-11-05,115.0,5.0,6,15,4
PHC-DST-B2-03,2024-11-06,101.0,4.0,7,13,3
PHC-DST-B2-03,2024-11-07,103.0,6.0,8,14,3
PHC-DST-B2-03,2024-11-08,108.0,2.0,6,14,2
PHC-DST-B2-03,2024-11-09,94.0,3.0,8,9,4
PHC-DST-B2-03,2024-11-10,43.0,2.0,8,10,7
PHC-DST-B2-03,2024-11-11,123.0,4.0,7,11,4
PHC-DST-B2-03,2024-11-12,116.0,3.0,6,12,2
PHC-DST-B2-03,2024-11-13,99.0,4.0,5,10,2
PHC-DST-B2-03,2024-11-14,97.0,7.0,4,9,1
PHC-DST-B2-03,2024-11-15,109.0,2.0,6,12,4
PHC-DST-B2-03,2024-11-16,94.0,3.0,5,14,3
PHC-DST-B2-03,2024-11-17,46.0,0.0,8,12,1
PHC-DST-B2-03,2024-11-18,127.0,3.0,7,13,2
PHC-DST-B2-03,2024-11-19,112.0,2.0,4,16,0
PHC-DST-B2-03,2024-11-20,105.0,4.0,6,11,2
PHC-DST-B2-03,2024-11-21,104.0,6.0,7,15,2
PHC-DST-B2-03,2024-11-22,106.0,3.0,6,12,3
PHC-DST-B2-03,2024-11-23,91.0,4.0,3,10,1
PHC-DST-B2-03,2024-11-24,46.0,4.0,6,13,2
PHC-DST-B2-03,2024-11-25,123.0,1.0,6,10,4
PHC-DST-B2-03,2024-11-26,115.0,4.0,4,10,5
PHC-DST-B2-03,2024-11-27,102.0,4.0,4,11,1
PHC-DST-B2-03,2024-11-28,106.0,1.0,5,13,4
PHC-DST-B2-03,2024-11-29,105.0,4.0,6,12,0
PHC-DST-B2-03,2024-11-30,85.0,2.0,2,10,3
PHC-DST-B2-03,2024-12-01,42.0,2.0,7,10,3
PHC-DST-B2-03,2024-12-02,115.0,3.0,6,9,2
PHC-DST-B2-03,2024-12-03,110.0,2.0,3,8,7
PHC-DST-B2-03,2024-12-04,103.0,5.0,5,9,1
PHC-DST-B2-03,2024-12-05,95.0,4.0,4,6,3
PHC-DST-B2-03,2024-12-06,105.0,0.0,6,9,1
PHC-DST-B2-03,2024-12-07,92.0,4.0,7,12,3
PHC-DST-B2-03,2024-12-08,45.0,5.0,5,11,4
PHC-DST-B2-03,2024-12-09,127.0,1.0,7,14,4
PHC-DST-B2-03,2024-12-10,116.0,5.0,7,13,1
PHC-DST-B2-03,2024-12-11,100.0,1.0,7,10,1
PHC-DST-B2-03,2024-12-12,91.0,6.0,6,8,3
PHC-DST-B2-03,2024-12-13,105.0,4.0,6,12,4
PHC-DST-B2-03,2024-12-14,98.0,3.0,7,13,4
PHC-DST-B2-03,2024-12-15,42.0,4.0,5,12,0
PHC-DST-B2-03,2024-12-16,127.0,5.0,6,14,3
PHC-DST-B2-03,2024-12-17,109.0,2.0,8,5,2
PHC-DST-B2-03,2024-12-18,109.0,3.0,8,10,3
PHC-DST-B2-03,2024-12-19,98.0,,5,10,1
PHC-DST-B2-03,2024-12-20,103.0,2.0,4,11,1
PHC-DST-B2-03,2024-12-21,87.0,4.0,4,9,2
PHC-DST-B2-03,2024-12-22,39.0,8.0,5,12,2
PHC-DST-B2-03,2024-12-23,123.0,7.0,4,13,2
PHC-DST-B2-03,2024-12-24,112.0,4.0,6,10,1
PHC-DST-B2-03,2024-12-25,108.0,3.0,6,13,2
PHC-DST-B2-03,2024-12-26,103.0,6.0,7,14,4
PHC-DST-B2-03,2024-12-27,103.0,4.0,7,12,2
PHC-DST-B2-03,2024-12-28,101.0,4.0,6,15,2
PHC-DST-B2-03,2024-12-29,39.0,4.0,7,11,2
PHC-DST-B2-03,2024-12-30,121.0,4.0,6,12,1
PHC-DST-B2-03,2024-12-31,110.0,7.0,6,12,2
PHC-DST-B2-03,2025-01-01,104.0,4.0,7,12,2
PHC-DST-B2-03,2025-01-02,100.0,3.0,5,9,3
PHC-DST-B2-03,2025-01-03,105.0,5.0,4,13,5
PHC-DST-B2-03,2025-01-04,89.0,1.0,6,11,4
PHC-DST-B2-03,2025-01-05,43.0,8.0,4,11,2
PHC-DST-B2-03,2025-01-06,122.0,3.0,6,11,2
PHC-DST-B2-03,2025-01-07,105.0,2.0,5,9,4
PHC-DST-B2-03,2025-01-08,104.0,3.0,5,10,2
PHC-DST-B2-03,2025-01-09,100.0,8.0,6,10,4
PHC-DST-B2-03,2025-01-10,98.0,4.0,8,8,6
PHC-DST-B2-03,2025-01-11,88.0,2.0,5,11,2
PHC-DST-B2-03,2025-01-12,45.0,6.0,8,13,4
PHC-DST-B2-03,2025-01-13,123.0,5.0,8,13,3
PHC-DST-B2-03,2025-01-14,111.0,5.0,7,11,2
PHC-DST-B2-03,2025-01-15,107.0,2.0,5,11,3
PHC-DST-B2-03,2025-01-16,101.0,8.0,6,11,2
PHC-DST-B2-03,2025-01-17,101.0,3.0,7,7,5
PHC-DST-B2-03,2025-01-18,91.0,3.0,5,11,2
PHC-DST-B2-03,2025-01-19,43.0,2.0,6,10,4
PHC-DST-B2-03,2025-01-20,,1.0,4,12,7
PHC-DST-B2-03,2025-01-21,117.0,1.0,6,8,3
PHC-DST-B2-03,2025-01-22,104.0,6.0,5,8,2
PHC-DST-B2-03,2025-01-23,108.0,1.0,7,13,3
PHC-DST-B2-03,2025-01-24,103.0,6.0,5,10,2
PHC-DST-B2-03,2025-01-25,96.0,4.0,6,14,3
PHC-DST-B2-03,2025-01-26,38.0,4.0,6,5,2
PHC-DST-B2-03,2025-01-27,122.0,4.0,4,14,5
PHC-DST-B2-03,2025-01-28,117.0,3.0,8,15,1
PHC-DST-B2-03,2025-01-29,109.0,7.0,6,13,3
PHC-DST-B2-03,2025-01-30,98.0,5.0,5,10,1
PHC-DST-B2-03,2025-01-31,104.0,6.0,6,10,1
PHC-DST-B2-03,2025-02-01,97.0,3.0,7,13,3
PHC-DST-B2-03,2025-02-02,41.0,5.0,6,11,2
PHC-DST-B2-03,2025-02-03,117.0,6.0,8,10,1
PHC-DST-B2-03,2025-02-04,110.0,3.0,5,10,3
PHC-DST-B2-03,2025-02-05,103.0,3.0,5,12,3
PHC-DST-B2-03,2025-02-06,103.0,5.0,7,14,1
PHC-DST-B2-03,2025-02-07,105.0,1.0,5,10,3
PHC-DST-B2-03,2025-02-08,93.0,4.0,4,14,3
PHC-DST-B2-03,2025-02-09,41.0,1.0,7,12,1
PHC-DST-B2-03,2025-02-10,115.0,2.0,4,8,1
PHC-DST-B2-03,2025-02-11,113.0,3.0,6,11,2
PHC-DST-B2-03,2025-02-12,101.0,8.0,6,8,3
PHC-DST-B2-03,2025-02-13,105.0,3.0,5,16,2
PHC-DST-B2-03,2025-02-14,107.0,3.0,5,8,5
PHC-DST-B2-03,2025-02-15,94.0,8.0,7,12,2
PHC-DST-B2-03,2025-02-16,44.0,,5,11,3
PHC-DST-B2-03,2025-02-17,118.0,3.0,6,12,1
PHC-DST-B2-03,2025-02-18,113.0,5.0,4,13,4
PHC-DST-B2-03,2025-02-19,103.0,5.0,6,10,2
PHC-DST-B2-03,2025-02-20,99.0,2.0,6,13,2
PHC-DST-B2-03,2025-02-21,108.0,2.0,5,13,3
PHC-DST-B2-03,2025-02-22,94.0,3.0,5,10,4
PHC-DST-B2-03,2025-02-23,43.0,0.0,5,12,6
PHC-DST-B2-03,2025-02-24,117.0,3.0,6,11,2
PHC-DST-B2-03,2025-02-25,113.0,5.0,4,12,3
PHC-DST-B2-03,2025-02-26,104.0,,5,11,1
PHC-DST-B2-03,2025-02-27,101.0,7.0,8,11,5
PHC-DST-B2-03,2025-02-28,104.0,2.0,3,8,3
PHC-DST-B2-03,2025-03-01,92.0,8.0,4,12,4
PHC-DST-B2-03,2025-03-02,37.0,4.0,4,10,1
PHC-DST-B2-03,2025-03-03,128.0,4.0,5,10,2
PHC-DST-B2-03,2025-03-04,110.0,2.0,5,12,5
PHC-DST-B2-03,2025-03-05,107.0,5.0,7,8,2
PHC-DST-B2-03,2025-03-06,100.0,6.0,6,10,4
PHC-DST-B2-03,2025-03-07,104.0,2.0,5,14,4
PHC-DST-B2-03,2025-03-08,90.0,1.0,5,13,1
PHC-DST-B2-03,2025-03-09,38.0,3.0,5,12,3
PHC-DST-B2-03,2025-03-10,126.0,5.0,6,16,4
PHC-DST-B2-03,2025-03-11,114.0,2.0,7,13,1
PHC-DST-B2-03,2025-03-12,105.0,2.0,4,14,0
PHC-DST-B2-03,2025-03-13,103.0,5.0,5,12,3
PHC-DST-B2-03,2025-03-14,111.0,3.0,6,12,4
PHC-DST-B2-03,2025-03-15,89.0,4.0,7,7,1
PHC-DST-B2-03,2025-03-16,39.0,4.0,5,11,1
PHC-DST-B2-03,2025-03-17,115.0,5.0,5,12,3
PHC-DST-B2-03,2025-03-18,113.0,1.0,4,9,1
PHC-DST-B2-03,2025-03-19,105.0,3.0,6,13,1
PHC-DST-B2-03,2025-03-20,105.0,2.0,7,15,0
PHC-DST-B2-03,2025-03-21,100.0,5.0,5,11,3
PHC-DST-B2-03,2025-03-22,85.0,3.0,6,9,2
PHC-DST-B2-03,2025-03-23,50.0,3.0,4,12,6
PHC-DST-B2-03,2025-03-24,129.0,2.0,7,12,4
PHC-DST-B2-03,2025-03-25,114.0,3.0,5,12,5
PHC-DST-B2-03,2025-03-26,,3.0,7,13,1
PHC-DST-B2-03,2025-03-27,102.0,8.0,6,12,0
PHC-DST-B2-03,2025-03-28,103.0,6.0,4,8,6
PHC-DST-B2-03,2025-03-29,95.0,6.0,5,14,0
PHC-DST-B2-03,2025-03-30,44.0,2.0,6,10,7
PHC-DST-B2-03,2025-03-31,122.0,4.0,8,14,3
PHC-DST-B2-03,2025-04-01,110.0,6.0,6,9,2
PHC-DST-B2-03,2025-04-02,108.0,7.0,6,10,6
PHC-DST-B2-03,2025-04-03,96.0,8.0,5,11,4
PHC-DST-B2-03,2025-04-04,106.0,3.0,7,16,3
PHC-DST-B2-03,2025-04-05,93.0,,5,11,0
PHC-DST-B2-03,2025-04-06,48.0,2.0,2,14,2
PHC-DST-B2-03,2025-04-07,128.0,1.0,5,13,3
PHC-DST-B2-03,2025-04-08,116.0,1.0,5,12,4
PHC-DST-B2-03,2025-04-09,107.0,5.0,5,8,4
PHC-DST-B2-03,2025-04-10,106.0,4.0,6,12,1
PHC-DST-B2-03,2025-04-11,101.0,4.0,7,10,3
PHC-DST-B2-03,2025-04-12,94.0,1.0,5,12,3
PHC-DST-B2-03,2025-04-13,43.0,3.0,3,9,4
PHC-DST-B2-03,2025-04-14,118.0,2.0,4,9,3
PHC-DST-B2-03,2025-04-15,115.0,6.0,5,14,2
PHC-DST-B2-03,2025-04-16,107.0,3.0,6,10,1
PHC-DST-B2-03,2025-04-17,100.0,1.0,5,11,5
PHC-DST-B2-03,2025-04-18,,2.0,4,13,2
PHC-DST-B2-03,2025-04-19,92.0,2.0,6,12,3
PHC-DST-B2-03,2025-04-20,49.0,,6,12,2
PHC-DST-B2-03,2025-04-21,126.0,2.0,6,12,2
PHC-DST-B2-03,2025-04-22,113.0,4.0,6,12,5
PHC-DST-B2-03,2025-04-23,98.0,6.0,6,10,3
PHC-DST-B2-03,2025-04-24,98.0,3.0,5,13,9
PHC-DST-B2-03,2025-04-25,104.0,,5,11,2
PHC-DST-B2-03,2025-04-26,91.0,1.0,5,10,3
PHC-DST-B2-03,2025-04-27,41.0,3.0,6,9,4
PHC-DST-B2-03,2025-04-28,121.0,3.0,7,13,0
PHC-DST-B2-03,2025-04-29,115.0,4.0,8,12,2
PHC-DST-B2-03,2025-04-30,108.0,1.0,5,10,1
PHC-DST-B2-03,2025-05-01,103.0,3.0,6,13,3
PHC-DST-B2-03,2025-05-02,104.0,2.0,8,13,2
PHC-DST-B2-03,2025-05-03,93.0,4.0,6,10,1
PHC-DST-B2-03,2025-05-04,45.0,5.0,6,11,3
PHC-DST-B2-03,2025-05-05,124.0,2.0,7,12,2
PHC-DST-B2-03,2025-05-06,110.0,1.0,7,9,3
PHC-DST-B2-03,2025-05-07,107.0,8.0,5,13,0
PHC-DST-B2-03,2025-05-08,95.0,2.0,8,12,3
PHC-DST-B2-03,2025-05-09,100.0,2.0,4,9,5
PHC-DST-B2-03,2025-05-10,94.0,2.0,5,14,1
PHC-DST-B2-03,2025-05-11,48.0,5.0,7,10,2
PHC-DST-B2-03,2025-05-12,128.0,4.0,6,15,4
PHC-DST-B2-03,2025-05-13,113.0,6.0,7,10,1
PHC-DST-B2-03,2025-05-14,103.0,10.0,5,10,2
PHC-DST-B2-03,2025-05-15,100.0,6.0,4,11,3
PHC-DST-B2-03,2025-05-16,107.0,5.0,5,11,3
PHC-DST-B2-03,2025-05-17,89.0,4.0,6,7,2
PHC-DST-B2-03,2025-05-18,40.0,1.0,4,11,2
PHC-DST-B2-03,2025-05-19,119.0,4.0,7,8,3
PHC-DST-B2-03,2025-05-20,110.0,6.0,5,10,2
PHC-DST-B2-03,2025-05-21,101.0,2.0,3,12,0
PHC-DST-B2-03,2025-05-22,103.0,11.0,5,13,2
PHC-DST-B2-03,2025-05-23,104.0,4.0,5,16,1
PHC-DST-B2-03,2025-05-24,94.0,9.0,7,11,2
PHC-DST-B2-03,2025-05-25,41.0,3.0,6,9,3
PHC-DST-B2-03,2025-05-26,119.0,3.0,4,11,3
PHC-DST-B2-03,2025-05-27,111.0,4.0,5,8,0
PHC-DST-B2-03,2025-05-28,105.0,5.0,4,11,3
PHC-DST-B2-03,2025-05-29,102.0,4.0,4,14,4
PHC-DST-B2-03,2025-05-30,104.0,4.0,8,11,4
PHC-DST-B2-03,2025-05-31,89.0,3.0,7,11,1
PHC-DST-B2-03,2025-06-01,41.0,8.0,6,10,3
PHC-DST-B2-03,2025-06-02,124.0,2.0,2,13,4
PHC-DST-B2-03,2025-06-03,113.0,9.0,6,13,6
PHC-DST-B2-03,2025-06-04,105.0,5.0,5,10,2
PHC-DST-B2-03,2025-06-05,99.0,7.0,7,13,2
PHC-DST-B2-03,2025-06-06,105.0,3.0,4,10,2
PHC-DST-B2-03,2025-06-07,92.0,4.0,3,15,1
PHC-DST-B2-03,2025-06-08,48.0,4.0,7,10,3
PHC-DST-B2-03,2025-06-09,118.0,7.0,6,9,2
PHC-DST-B2-03,2025-06-10,117.0,6.0,6,13,2
PHC-DST-B2-03,2025-06-11,104.0,4.0,6,10,0
PHC-DST-B2-03,2025-06-12,103.0,4.0,6,13,3
PHC-DST-B2-03,2025-06-13,102.0,6.0,7,11,0
PHC-DST-B2-03,2025-06-14,92.0,3.0,5,14,2
PHC-DST-B2-03,2025-06-15,51.0,2.0,6,15,2
PHC-DST-B2-03,2025-06-16,123.0,3.0,6,13,2
PHC-DST-B2-03,2025-06-17,120.0,1.0,6,15,2
PHC-DST-B2-03,2025-06-18,110.0,3.0,7,14,0
PHC-DST-B2-03,2025-06-19,108.0,2.0,6,13,2
PHC-DST-B2-03,2025-06-20,107.0,2.0,5,13,3
PHC-DST-B2-03,2025-06-21,86.0,4.0,5,8,3
PHC-DST-B2-03,2025-06-22,38.0,4.0,5,8,3
PHC-DST-B2-03,2025-06-23,118.0,5.0,5,9,2
PHC-DST-B2-03,2025-06-24,118.0,1.0,7,12,1
PHC-DST-B2-03,2025-06-25,109.0,3.0,4,15,0
PHC-DST-B2-03,2025-06-26,100.0,8.0,6,9,6
PHC-DST-B2-03,2025-06-27,105.0,3.0,6,10,1
PHC-DST-B2-03,2025-06-28,91.0,4.0,4,10,4
PHC-DST-B2-03,2025-06-29,40.0,5.0,5,10,2
PHC-DST-B2-03,2025-06-30,116.0,4.0,4,9,0
PHC-DST-B2-04,2024-07-01,124.0,7.0,4,11,3
PHC-DST-B2-04,2024-07-02,126.0,1.0,7,15,3
PHC-DST-B2-04,2024-07-03,111.0,5.0,7,11,2
PHC-DST-B2-04,2024-07-04,106.0,3.0,4,13,1
PHC-DST-B2-04,2024-07-05,115.0,3.0,14,11,1
PHC-DST-B2-04,2024-07-06,107.0,11.0,17,14,7
PHC-DST-B2-04,2024-07-07,51.0,2.0,20,14,4
PHC-DST-B2-04,2024-07-08,134.0,2.0,20,12,3
PHC-DST-B2-04,2024-07-09,,4.0,17,13,0
PHC-DST-B2-04,2024-07-10,116.0,5.0,6,9,0
PHC-DST-B2-04,2024-07-11,128.0,5.0,6,34,3
PHC-DST-B2-04,2024-07-12,125.0,1.0,7,29,5
PHC-DST-B2-04,2024-07-13,103.0,2.0,18,14,1
PHC-DST-B2-04,2024-07-14,68.0,4.0,22,30,0
PHC-DST-B2-04,2024-07-15,155.0,3.0,16,32,3
PHC-DST-B2-04,2024-07-16,139.0,2.0,17,14,4
PHC-DST-B2-04,2024-07-17,109.0,4.0,8,12,3
PHC-DST-B2-04,2024-07-18,108.0,6.0,5,11,3
PHC-DST-B2-04,2024-07-19,124.0,4.0,5,28,5
PHC-DST-B2-04,2024-07-20,95.0,2.0,7,14,2
PHC-DST-B2-04,2024-07-21,55.0,7.0,3,30,7
PHC-DST-B2-04,2024-07-22,130.0,5.0,9,12,3
PHC-DST-B2-04,2024-07-23,117.0,2.0,5,7,2
PHC-DST-B2-04,2024-07-24,113.0,5.0,8,14,1
PHC-DST-B2-04,2024-07-25,106.0,4.0,7,13,2
PHC-DST-B2-04,2024-07-26,108.0,3.0,7,10,2
PHC-DST-B2-04,2024-07-27,112.0,2.0,4,32,6
PHC-DST-B2-04,2024-07-28,40.0,4.0,8,7,2
PHC-DST-B2-04,2024-07-29,131.0,5.0,5,13,2
PHC-DST-B2-04,2024-07-30,116.0,1.0,6,8,2
PHC-DST-B2-04,2024-07-31,124.0,4.0,24,14,0
PHC-DST-B2-04,2024-08-01,119.0,3.0,15,14,3
PHC-DST-B2-04,2024-08-02,116.0,5.0,15,10,0
PHC-DST-B2-04,2024-08-03,103.0,5.0,5,16,4
PHC-DST-B2-04,2024-08-04,46.0,2.0,4,13,2
PHC-DST-B2-04,2024-08-05,129.0,0.0,6,12,3
PHC-DST-B2-04,2024-08-06,144.0,7.0,8,35,3
PHC-DST-B2-04,2024-08-07,124.0,4.0,6,30,3
PHC-DST-B2-04,2024-08-08,107.0,4.0,7,14,2
PHC-DST-B2-04,2024-08-09,126.0,3.0,7,30,6
PHC-DST-B2-04,2024-08-10,114.0,3.0,23,15,4
PHC-DST-B2-04,2024-08-11,55.0,7.0,14,14,3
PHC-DST-B2-04,2024-08-12,131.0,6.0,6,10,0
PHC-DST-B2-04,2024-08-13,119.0,4.0,15,10,2
PHC-DST-B2-04,2024-08-14,131.0,3.0,19,32,5
PHC-DST-B2-04,2024-08-15,111.0,4.0,6,14,2
PHC-DST-B2-04,2024-08-16,127.0,5.0,8,29,5
PHC-DST-B2-04,2024-08-17,99.0,5.0,5,12,2
PHC-DST-B2-04,2024-08-18,38.0,3.0,2,11,3
PHC-DST-B2-04,2024-08-19,148.0,1.0,6,33,5
PHC-DST-B2-04,2024-08-20,114.0,3.0,6,12,3
PHC-DST-B2-04,2024-08-21,115.0,2.0,14,14,2
PHC-DST-B2-04,2024-08-22,115.0,4.0,18,10,0
PHC-DST-B2-04,2024-08-23,112.0,5.0,17,10,0
PHC-DST-B2-04,2024-08-24,102.0,4.0,5,12,3
PHC-DST-B2-04,2024-08-25,42.0,1.0,5,10,4
PHC-DST-B2-04,2024-08-26,145.0,0.0,6,29,6
PHC-DST-B2-04,2024-08-27,138.0,7.0,22,24,1
PHC-DST-B2-04,2024-08-28,129.0,9.0,17,25,4
PHC-DST-B2-04,2024-08-29,106.0,7.0,7,10,3
PHC-DST-B2-04,2024-08-30,119.0,3.0,6,13,3
PHC-DST-B2-04,2024-08-31,96.0,7.0,5,12,1
PHC-DST-B2-04,2024-09-01,49.0,5.0,7,12,2
PHC-DST-B2-04,2024-09-02,145.0,2.0,6,29,3
PHC-DST-B2-04,2024-09-03,120.0,4.0,5,12,3
PHC-DST-B2-04,2024-09-04,115.0,2.0,4,10,8
PHC-DST-B2-04,2024-09-05,102.0,3.0,5,12,3
PHC-DST-B2-04,2024-09-06,109.0,2.0,8,11,7
PHC-DST-B2-04,2024-09-07,99.0,2.0,6,9,2
PHC-DST-B2-04,2024-09-08,57.0,2.0,20,10,4
PHC-DST-B2-04,2024-09-09,142.0,3.0,18,10,3
PHC-DST-B2-04,2024-09-10,124.0,6.0,14,9,4
PHC-DST-B2-04,2024-09-11,119.0,5.0,17,14,0
PHC-DST-B2-04,2024-09-12,119.0,7.0,16,15,5
PHC-DST-B2-04,2024-09-13,112.0,4.0,16,9,5
PHC-DST-B2-04,2024-09-14,99.0,5.0,7,21,5
PHC-DST-B2-04,2024-09-15,60.0,6.0,5,30,6
PHC-DST-B2-04,2024-09-16,138.0,1.0,5,23,5
PHC-DST-B2-04,2024-09-17,129.0,3.0,21,12,4
PHC-DST-B2-04,2024-09-18,137.0,7.0,17,33,1
PHC-DST-B2-04,2024-09-19,112.0,8.0,15,11,3
PHC-DST-B2-04,2024-09-20,122.0,3.0,16,11,1
PHC-DST-B2-04,2024-09-21,103.0,4.0,7,15,3
PHC-DST-B2-04,2024-09-22,48.0,8.0,6,15,5
PHC-DST-B2-04,2024-09-23,145.0,3.0,6,34,4
PHC-DST-B2-04,2024-09-24,129.0,5.0,15,13,2
PHC-DST-B2-04,2024-09-25,133.0,5.0,17,26,3
PHC-DST-B2-04,2024-09-26,115.0,6.0,21,15,4
PHC-DST-B2-04,2024-09-27,125.0,5.0,16,13,4
PHC-DST-B2-04,2024-09-28,108.0,1.0,21,11,3
PHC-DST-B2-04,2024-09-29,49.0,7.0,15,14,2
PHC-DST-B2-04,2024-09-30,157.0,4.0,18,29,2
PHC-DST-B2-04,2024-10-01,134.0,4.0,19,26,3
PHC-DST-B2-04,2024-10-02,121.0,4.0,7,26,2
PHC-DST-B2-04,2024-10-03,123.0,6.0,6,24,2
PHC-DST-B2-04,2024-10-04,110.0,1.0,7,11,0
PHC-DST-B2-04,2024-10-05,109.0,6.0,5,26,1
PHC-DST-B2-04,2024-10-06,45.0,6.0,6,22,2
PHC-DST-B2-04,2024-10-07,137.0,6.0,7,15,4
PHC-DST-B2-04,2024-10-08,125.0,5.0,6,11,3
PHC-DST-B2-04,2024-10-09,114.0,6.0,8,9,2
PHC-DST-B2-04,2024-10-10,104.0,1.0,6,9,5
PHC-DST-B2-04,2024-10-11,111.0,5.0,5,12,2
PHC-DST-B2-04,2024-10-12,102.0,7.0,7,13,1
PHC-DST-B2-04,2024-10-13,47.0,5.0,7,13,4
PHC-DST-B2-04,2024-10-14,136.0,2.0,8,14,1
PHC-DST-B2-04,2024-10-15,125.0,7.0,5,16,3
PHC-DST-B2-04,2024-10-16,110.0,3.0,7,9,1
PHC-DST-B2-04,2024-10-17,108.0,6.0,5,9,2
PHC-DST-B2-04,2024-10-18,108.0,4.0,7,14,3
PHC-DST-B2-04,2024-10-19,99.0,2.0,4,12,1
PHC-DST-B2-04,2024-10-20,50.0,7.0,6,12,3
PHC-DST-B2-04,2024-10-21,128.0,3.0,8,13,0
PHC-DST-B2-04,2024-10-22,117.0,4.0,5,12,3
PHC-DST-B2-04,2024-10-23,107.0,9.0,5,12,0
PHC-DST-B2-04,2024-10-24,107.0,1.0,8,8,4
PHC-DST-B2-04,2024-10-25,115.0,5.0,7,18,2
PHC-DST-B2-04,2024-10-26,97.0,4.0,6,11,4
PHC-DST-B2-04,2024-10-27,54.0,3.0,8,13,1
PHC-DST-B2-04,2024-10-28,135.0,3.0,5,14,2
PHC-DST-B2-04,2024-10-29,123.0,4.0,5,13,1
PHC-DST-B2-04,2024-10-30,107.0,12.0,4,13,3
PHC-DST-B2-04,2024-10-31,107.0,6.0,7,14,3
PHC-DST-B2-04,2024-11-01,106.0,2.0,5,12,2
PHC-DST-B2-04,2024-11-02,98.0,4.0,7,12,1
PHC-DST-B2-04,2024-11-03,50.0,6.0,7,15,2
PHC-DST-B2-04,2024-11-04,137.0,7.0,5,12,2
PHC-DST-B2-04,2024-11-05,118.0,2.0,6,12,0
PHC-DST-B2-04,2024-11-06,110.0,3.0,6,11,4
PHC-DST-B2-04,2024-11-07,107.0,4.0,4,13,4
PHC-DST-B2-04,2024-11-08,109.0,2.0,6,15,3
PHC-DST-B2-04,2024-11-09,100.0,9.0,4,15,3
PHC-DST-B2-04,2024-11-10,42.0,2.0,7,9,4
PHC-DST-B2-04,2024-11-11,129.0,7.0,4,9,2
PHC-DST-B2-04,2024-11-12,116.0,5.0,5,12,0
PHC-DST-B2-04,2024-11-13,109.0,4.0,7,12,4
PHC-DST-B2-04,2024-11-14,105.0,3.0,8,10,6
PHC-DST-B2-04,2024-11-15,111.0,3.0,6,13,2
PHC-DST-B2-04,2024-11-16,97.0,7.0,5,11,0
PHC-DST-B2-04,2024-11-17,43.0,5.0,6,10,2
PHC-DST-B2-04,2024-11-18,135.0,7.0,7,17,4
PHC-DST-B2-04,2024-11-19,125.0,1.0,6,13,4
PHC-DST-B2-04,2024-11-20,114.0,5.0,6,11,3
PHC-DST-B2-04,2024-11-21,110.0,3.0,7,11,1
PHC-DST-B2-04,2024-11-22,120.0,1.0,6,14,4
PHC-DST-B2-04,2024-11-23,103.0,5.0,7,15,2
PHC-DST-B2-04,2024-11-24,42.0,5.0,5,13,4
PHC-DST-B2-04,2024-11-25,,1.0,6,15,2
PHC-DST-B2-04,2024-11-26,118.0,5.0,5,11,3
PHC-DST-B2-04,2024-11-27,112.0,8.0,4,14,2
PHC-DST-B2-04,2024-11-28,107.0,2.0,5,12,6
PHC-DST-B2-04,2024-11-29,114.0,2.0,7,12,1
PHC-DST-B2-04,2024-11-30,98.0,5.0,6,14,4
PHC-DST-B2-04,2024-12-01,42.0,5.0,5,13,4
PHC-DST-B2-04,2024-12-02,137.0,2.0,4,15,0
PHC-DST-B2-04,2024-12-03,125.0,3.0,7,11,2
PHC-DST-B2-04,2024-12-04,105.0,3.0,7,9,3
PHC-DST-B2-04,2024-12-05,108.0,2.0,7,15,3
PHC-DST-B2-04,2024-12-06,117.0,3.0,6,9,2
PHC-DST-B2-04,2024-12-07,103.0,2.0,8,12,2
PHC-DST-B2-04,2024-12-08,53.0,5.0,6,15,5
PHC-DST-B2-04,2024-12-09,129.0,3.0,4,8,4
PHC-DST-B2-04,2024-12-10,121.0,5.0,4,11,2
PHC-DST-B2-04,2024-12-11,115.0,4.0,5,15,0
PHC-DST-B2-04,2024-12-12,101.0,3.0,6,14,7
PHC-DST-B2-04,2024-12-13,110.0,3.0,5,9,2
PHC-DST-B2-04,2024-12-14,99.0,5.0,7,13,1
PHC-DST-B2-04,2024-12-15,39.0,5.0,7,6,3
PHC-DST-B2-04,2024-12-16,133.0,2.0,7,15,0
PHC-DST-B2-04,2024-12-17,122.0,3.0,5,11,1
PHC-DST-B2-04,2024-12-18,110.0,3.0,8,15,3
PHC-DST-B2-04,2024-12-19,104.0,7.0,7,13,4
PHC-DST-B2-04,2024-12-20,113.0,4.0,4,10,6
PHC-DST-B2-04,2024-12-21,102.0,2.0,8,12,7
PHC-DST-B2-04,2024-12-22,45.0,4.0,6,12,4
PHC-DST-B2-04,2024-12-23,133.0,3.0,8,18,4
PHC-DST-B2-04,2024-12-24,119.0,3.0,5,12,1
PHC-DST-B2-04,2024-12-25,108.0,0.0,5,11,1
PHC-DST-B2-04,2024-12-26,106.0,3.0,6,13,1
PHC-DST-B2-04,2024-12-27,106.0,2.0,3,11,1
PHC-DST-B2-04,2024-12-28,102.0,4.0,5,13,1
PHC-DST-B2-04,2024-12-29,48.0,1.0,7,12,3
PHC-DST-B2-04,2024-12-30,129.0,6.0,8,10,2
PHC-DST-B2-04,2024-12-31,127.0,5.0,7,15,2
PHC-DST-B2-04,2025-01-01,115.0,6.0,7,14,3
PHC-DST-B2-04,2025-01-02,112.0,2.0,8,13,1
PHC-DST-B2-04,2025-01-03,111.0,3.0,7,13,2
PHC-DST-B2-04,2025-01-04,96.0,4.0,6,13,1
PHC-DST-B2-04,2025-01-05,45.0,3.0,6,10,3
PHC-DST-B2-04,2025-01-06,134.0,3.0,5,12,3
PHC-DST-B2-04,2025-01-07,125.0,6.0,7,14,4
PHC-DST-B2-04,2025-01-08,112.0,5.0,6,12,0
PHC-DST-B2-04,2025-01-09,,7.0,5,9,5
PHC-DST-B2-04,2025-01-10,113.0,6.0,4,11,3
PHC-DST-B2-04,2025-01-11,98.0,3.0,6,11,3
PHC-DST-B2-04,2025-01-12,44.0,4.0,8,11,1
PHC-DST-B2-04,2025-01-13,124.0,5.0,6,9,2
PHC-DST-B2-04,2025-01-14,118.0,3.0,5,11,4
PHC-DST-B2-04,2025-01-15,109.0,4.0,6,15,4
PHC-DST-B2-04,2025-01-16,108.0,3.0,5,12,1
PHC-DST-B2-04,2025-01-17,115.0,6.0,7,13,4
PHC-DST-B2-04,2025-01-18,91.0,2.0,6,11,4
PHC-DST-B2-04,2025-01-19,50.0,1.0,7,13,3
PHC-DST-B2-04,2025-01-20,128.0,8.0,6,12,2
PHC-DST-B2-04,2025-01-21,121.0,3.0,6,13,3
PHC-DST-B2-04,2025-01-22,110.0,5.0,5,14,2
PHC-DST-B2-04,2025-01-23,108.0,3.0,5,12,1
PHC-DST-B2-04,2025-01-24,108.0,6.0,5,8,3
PHC-DST-B2-04,2025-01-25,103.0,5.0,6,14,6
PHC-DST-B2-04,2025-01-26,42.0,3.0,5,10,3
PHC-DST-B2-04,2025-01-27,131.0,5.0,6,12,1
PHC-DST-B2-04,2025-01-28,119.0,3.0,6,11,4
PHC-DST-B2-04,2025-01-29,114.0,4.0,7,13,2
PHC-DST-B2-04,2025-01-30,104.0,3.0,7,10,4
PHC-DST-B2-04,2025-01-31,114.0,4.0,6,17,3
PHC-DST-B2-04,2025-02-01,93.0,3.0,6,11,2
PHC-DST-B2-04,2025-02-02,50.0,4.0,6,13,1
PHC-DST-B2-04,2025-02-03,131.0,3.0,4,13,1
PHC-DST-B2-04,2025-02-04,119.0,6.0,6,9,1
PHC-DST-B2-04,2025-02-05,112.0,4.0,6,16,2
PHC-DST-B2-04,2025-02-06,108.0,11.0,5,12,4
PHC-DST-B2-04,2025-02-07,109.0,3.0,5,12,3
PHC-DST-B2-04,2025-02-08,90.0,2.0,3,7,0
PHC-DST-B2-04,2025-02-09,48.0,8.0,7,8,5
PHC-DST-B2-04,2025-02-10,,6.0,6,10,3
PHC-DST-B2-04,2025-02-11,117.0,6.0,6,9,2
PHC-DST-B2-04,2025-02-12,108.0,3.0,8,9,2
PHC-DST-B2-04,2025-02-13,105.0,4.0,6,15,2
PHC-DST-B2-04,2025-02-14,113.0,6.0,5,12,3
PHC-DST-B2-04,2025-02-15,94.0,3.0,5,15,5
PHC-DST-B2-04,2025-02-16,50.0,2.0,6,14,2
PHC-DST-B2-04,2025-02-17,128.0,6.0,6,11,3
PHC-DST-B2-04,2025-02-18,119.0,6.0,4,14,0
PHC-DST-B2-04,2025-02-19,112.0,0.0,6,12,1
PHC-DST-B2-04,2025-02-20,108.0,2.0,3,13,3
PHC-DST-B2-04,2025-02-21,117.0,5.0,8,15,6
PHC-DST-B2-04,2025-02-22,96.0,2.0,7,14,4
PHC-DST-B2-04,2025-02-23,52.0,4.0,8,14,4
PHC-DST-B2-04,2025-02-24,132.0,2.0,4,15,1
PHC-DST-B2-04,2025-02-25,127.0,4.0,7,17,4
PHC-DST-B2-04,2025-02-26,114.0,9.0,8,16,5
PHC-DST-B2-04,2025-02-27,110.0,5.0,6,13,4
PHC-DST-B2-04,2025-02-28,114.0,8.0,6,16,0
PHC-DST-B2-04,2025-03-01,104.0,8.0,6,14,2
PHC-DST-B2-04,2025-03-02,43.0,9.0,8,7,6
PHC-DST-B2-04,2025-03-03,126.0,6.0,5,16,5
PHC-DST-B2-04,2025-03-04,126.0,7.0,7,13,1
PHC-DST-B2-04,2025-03-05,111.0,4.0,6,13,3
PHC-DST-B2-04,2025-03-06,105.0,2.0,7,12,2
PHC-DST-B2-04,2025-03-07,116.0,2.0,8,14,2
PHC-DST-B2-04,2025-03-08,95.0,2.0,6,9,2
PHC-DST-B2-04,2025-03-09,43.0,2.0,7,9,1
PHC-DST-B2-04,2025-03-10,128.0,6.0,6,13,4
PHC-DST-B2-04,2025-03-11,116.0,3.0,4,10,6
PHC-DST-B2-04,2025-03-12,110.0,3.0,6,13,2
PHC-DST-B2-04,2025-03-13,,3.0,6,11,2
PHC-DST-B2-04,2025-03-14,110.0,2.0,5,15,6
PHC-DST-B2-04,2025-03-15,97.0,10.0,7,10,1
PHC-DST-B2-04,2025-03-16,52.0,3.0,8,14,2
PHC-DST-B2-04,2025-03-17,126.0,7.0,8,10,2
PHC-DST-B2-04,2025-03-18,118.0,6.0,8,12,5
PHC-DST-B2-04,2025-03-19,113.0,5.0,7,10,3
PHC-DST-B2-04,2025-03-20,102.0,3.0,6,11,3
PHC-DST-B2-04,2025-03-21,113.0,2.0,6,14,1
PHC-DST-B2-04,2025-03-22,95.0,10.0,5,11,6
PHC-DST-B2-04,2025-03-23,38.0,4.0,7,11,2
PHC-DST-B2-04,2025-03-24,133.0,3.0,6,13,2
PHC-DST-B2-04,2025-03-25,120.0,5.0,6,13,0
PHC-DST-B2-04,2025-03-26,108.0,3.0,7,10,2
PHC-DST-B2-04,2025-03-27,106.0,4.0,6,13,2
PHC-DST-B2-04,2025-03-28,107.0,1.0,2,11,3
PHC-DST-B2-04,2025-03-29,103.0,1.0,7,14,2
PHC-DST-B2-04,2025-03-30,48.0,4.0,7,12,3
PHC-DST-B2-04,2025-03-31,142.0,3.0,8,16,5
PHC-DST-B2-04,2025-04-01,118.0,1.0,6,11,3
PHC-DST-B2-04,2025-04-02,114.0,6.0,5,13,3
PHC-DST-B2-04,2025-04-03,110.0,6.0,6,12,2
PHC-DST-B2-04,2025-04-04,115.0,7.0,5,14,4
PHC-DST-B2-04,2025-04-05,97.0,6.0,4,15,1
PHC-DST-B2-04,2025-04-06,43.0,4.0,7,11,0
PHC-DST-B2-04,2025-04-07,137.0,2.0,7,14,2
PHC-DST-B2-04,2025-04-08,119.0,4.0,4,15,5
PHC-DST-B2-04,2025-04-09,108.0,9.0,5,12,3
PHC-DST-B2-04,2025-04-10,99.0,10.0,4,14,2
PHC-DST-B2-04,2025-04-11,111.0,3.0,8,13,5
PHC-DST-B2-04,2025-04-12,101.0,4.0,5,16,1
PHC-DST-B2-04,2025-04-13,47.0,3.0,6,13,1
PHC-DST-B2-04,2025-04-14,129.0,6.0,7,13,2
PHC-DST-B2-04,2025-04-15,121.0,3.0,6,15,3
PHC-DST-B2-04,2025-04-16,117.0,2.0,8,12,1
PHC-DST-B2-04,2025-04-17,108.0,4.0,4,11,2
PHC-DST-B2-04,2025-04-18,109.0,7.0,5,9,3
PHC-DST-B2-04,2025-04-19,99.0,3.0,6,12,3
PHC-DST-B2-04,2025-04-20,46.0,,8,13,3
PHC-DST-B2-04,2025-04-21,129.0,7.0,7,13,4
PHC-DST-B2-04,2025-04-22,123.0,7.0,7,12,3
PHC-DST-B2-04,2025-04-23,108.0,6.0,7,13,0
PHC-DST-B2-04,2025-04-24,107.0,4.0,8,9,3
PHC-DST-B2-04,2025-04-25,109.0,3.0,6,14,6
PHC-DST-B2-04,2025-04-26,97.0,3.0,6,12,2
PHC-DST-B2-04,2025-04-27,46.0,2.0,8,13,1
PHC-DST-B2-04,2025-04-28,132.0,2.0,5,16,0
PHC-DST-B2-04,2025-04-29,121.0,3.0,5,15,0
PHC-DST-B2-04,2025-04-30,108.0,4.0,6,9,1
PHC-DST-B2-04,2025-05-01,106.0,3.0,4,12,3
PHC-DST-B2-04,2025-05-02,113.0,5.0,7,13,7
PHC-DST-B2-04,2025-05-03,100.0,0.0,4,15,0
PHC-DST-B2-04,2025-05-04,41.0,0.0,5,11,2
PHC-DST-B2-04,2025-05-05,136.0,2.0,8,14,2
PHC-DST-B2-04,2025-05-06,118.0,2.0,4,12,1
PHC-DST-B2-04,2025-05-07,116.0,5.0,8,14,0
PHC-DST-B2-04,2025-05-08,102.0,4.0,6,11,3
PHC-DST-B2-04,2025-05-09,115.0,3.0,5,13,4
PHC-DST-B2-04,2025-05-10,101.0,4.0,7,12,2
PHC-DST-B2-04,2025-05-11,46.0,4.0,6,12,5
PHC-DST-B2-04,2025-05-12,131.0,3.0,5,10,4
PHC-DST-B2-04,2025-05-13,125.0,6.0,7,12,0
PHC-DST-B2-04,2025-05-14,108.0,2.0,6,15,1
PHC-DST-B2-04,2025-05-15,111.0,1.0,7,14,2
PHC-DST-B2-04,2025-05-16,114.0,3.0,6,9,9
PHC-DST-B2-04,2025-05-17,97.0,3.0,7,14,1
PHC-DST-B2-04,2025-05-18,53.0,2.0,8,11,2
PHC-DST-B2-04,2025-05-19,133.0,2.0,6,14,6
PHC-DST-B2-04,2025-05-20,120.0,3.0,4,13,4
PHC-DST-B2-04,2025-05-21,115.0,6.0,5,14,3
PHC-DST-B2-04,2025-05-22,102.0,7.0,5,10,2
PHC-DST-B2-04,2025-05-23,110.0,1.0,8,12,0
PHC-DST-B2-04,2025-05-24,100.0,5.0,7,15,3
PHC-DST-B2-04,2025-05-25,47.0,6.0,8,13,0
PHC-DST-B2-04,2025-05-26,134.0,5.0,6,16,0
PHC-DST-B2-04,2025-05-27,123.0,5.0,6,11,1
PHC-DST-B2-04,2025-05-28,113.0,2.0,7,12,1
PHC-DST-B2-04,2025-05-29,103.0,5.0,5,12,3
PHC-DST-B2-04,2025-05-30,111.0,1.0,5,10,4
PHC-DST-B2-04,2025-05-31,93.0,3.0,6,13,2
PHC-DST-B2-04,2025-06-01,40.0,2.0,6,8,1
PHC-DST-B2-04,2025-06-02,128.0,6.0,4,11,3
PHC-DST-B2-04,2025-06-03,122.0,6.0,5,14,4
PHC-DST-B2-04,2025-06-04,108.0,3.0,5,12,0
PHC-DST-B2-04,2025-06-05,106.0,6.0,6,12,1
PHC-DST-B2-04,2025-06-06,118.0,5.0,7,11,4
PHC-DST-B2-04,2025-06-07,97.0,4.0,5,11,5
PHC-DST-B2-04,2025-06-08,41.0,4.0,3,13,3
PHC-DST-B2-04,2025-06-09,135.0,6.0,5,15,2
PHC-DST-B2-04,2025-06-10,122.0,7.0,7,12,3
PHC-DST-B2-04,2025-06-11,108.0,9.0,6,13,3
PHC-DST-B2-04,2025-06-12,109.0,2.0,4,14,2
PHC-DST-B2-04,2025-06-13,109.0,5.0,5,12,1
PHC-DST-B2-04,2025-06-14,99.0,2.0,7,11,4
PHC-DST-B2-04,2025-06-15,46.0,9.0,3,13,1
PHC-DST-B2-04,2025-06-16,,6.0,5,11,1
PHC-DST-B2-04,2025-06-17,126.0,5.0,5,16,1
PHC-DST-B2-04,2025-06-18,113.0,5.0,7,10,1
PHC-DST-B2-04,2025-06-19,109.0,,7,10,5
PHC-DST-B2-04,2025-06-20,114.0,3.0,4,11,1
PHC-DST-B2-04,2025-06-21,98.0,5.0,5,15,6
PHC-DST-B2-04,2025-06-22,49.0,,5,12,4
PHC-DST-B2-04,2025-06-23,129.0,4.0,5,10,3
PHC-DST-B2-04,2025-06-24,118.0,3.0,5,12,3
PHC-DST-B2-04,2025-06-25,116.0,3.0,7,12,2
PHC-DST-B2-04,2025-06-26,108.0,5.0,6,13,2
PHC-DST-B2-04,2025-06-27,112.0,4.0,6,13,3
PHC-DST-B2-04,2025-06-28,94.0,2.0,8,12,4
PHC-DST-B2-04,2025-06-29,44.0,4.0,6,12,2
PHC-DST-B2-04,2025-06-30,124.0,3.0,5,11,2
PHC-DST-B2-05,2024-07-01,82.0,3.0,3,4,2
PHC-DST-B2-05,2024-07-02,85.0,3.0,4,9,2
PHC-DST-B2-05,2024-07-03,72.0,5.0,5,12,1
PHC-DST-B2-05,2024-07-04,66.0,3.0,4,4,3
PHC-DST-B2-05,2024-07-05,82.0,2.0,14,8,0
PHC-DST-B2-05,2024-07-06,67.0,3.0,9,9,0
PHC-DST-B2-05,2024-07-07,36.0,2.0,15,9,1
PHC-DST-B2-05,2024-07-08,93.0,2.0,14,8,2
PHC-DST-B2-05,2024-07-09,88.0,4.0,15,5,1
PHC-DST-B2-05,2024-07-10,73.0,2.0,3,8,3
PHC-DST-B2-05,2024-07-11,82.0,3.0,2,22,1
PHC-DST-B2-05,2024-07-12,80.0,2.0,5,18,1
PHC-DST-B2-05,2024-07-13,67.0,2.0,15,8,0
PHC-DST-B2-05,2024-07-14,37.0,1.0,14,16,2
PHC-DST-B2-05,2024-07-15,96.0,1.0,10,21,1
PHC-DST-B2-05,2024-07-16,83.0,4.0,13,10,0
PHC-DST-B2-05,2024-07-17,67.0,5.0,4,10,2
PHC-DST-B2-05,2024-07-18,63.0,3.0,1,6,2
PHC-DST-B2-05,2024-07-19,80.0,3.0,2,20,2
PHC-DST-B2-05,2024-07-20,63.0,2.0,4,7,1
PHC-DST-B2-05,2024-07-21,36.0,2.0,3,17,1
PHC-DST-B2-05,2024-07-22,81.0,1.0,4,8,0
PHC-DST-B2-05,2024-07-23,78.0,1.0,4,5,0
PHC-DST-B2-05,2024-07-24,75.0,2.0,3,10,2
PHC-DST-B2-05,2024-07-25,71.0,1.0,4,7,0
PHC-DST-B2-05,2024-07-26,70.0,3.0,4,8,2
PHC-DST-B2-05,2024-07-27,74.0,0.0,5,23,2
PHC-DST-B2-05,2024-07-28,33.0,3.0,6,10,0
PHC-DST-B2-05,2024-07-29,80.0,1.0,4,7,2
PHC-DST-B2-05,2024-07-30,79.0,2.0,5,8,4
PHC-DST-B2-05,2024-07-31,73.0,,10,9,0
PHC-DST-B2-05,2024-08-01,69.0,3.0,11,5,4
PHC-DST-B2-05,2024-08-02,72.0,3.0,13,6,0
PHC-DST-B2-05,2024-08-03,61.0,2.0,4,8,2
PHC-DST-B2-05,2024-08-04,24.0,2.0,3,7,3
PHC-DST-B2-05,2024-08-05,81.0,6.0,4,8,1
PHC-DST-B2-05,2024-08-06,87.0,3.0,4,13,0
PHC-DST-B2-05,2024-08-07,77.0,5.0,4,16,2
PHC-DST-B2-05,2024-08-08,70.0,3.0,4,7,4
PHC-DST-B2-05,2024-08-09,83.0,4.0,2,20,0
PHC-DST-B2-05,2024-08-10,69.0,0.0,12,10,1
PHC-DST-B2-05,2024-08-11,30.0,4.0,8,7,4
PHC-DST-B2-05,2024-08-12,,0.0,4,10,1
PHC-DST-B2-05,2024-08-13,82.0,3.0,11,5,5
PHC-DST-B2-05,2024-08-14,77.0,4.0,10,14,1
PHC-DST-B2-05,2024-08-15,68.0,2.0,2,9,1
PHC-DST-B2-05,2024-08-16,73.0,2.0,3,18,1
PHC-DST-B2-05,2024-08-17,66.0,1.0,3,7,2
PHC-DST-B2-05,2024-08-18,30.0,4.0,5,11,1
PHC-DST-B2-05,2024-08-19,93.0,5.0,5,18,3
PHC-DST-B2-05,2024-08-20,78.0,1.0,6,8,1
PHC-DST-B2-05,2024-08-21,81.0,4.0,13,10,1
PHC-DST-B2-05,2024-08-22,79.0,3.0,13,9,3
PHC-DST-B2-05,2024-08-23,77.0,4.0,10,10,6
PHC-DST-B2-05,2024-08-24,62.0,1.0,3,7,3
PHC-DST-B2-05,2024-08-25,30.0,1.0,4,8,1
PHC-DST-B2-05,2024-08-26,90.0,1.0,5,15,2
PHC-DST-B2-05,2024-08-27,98.0,3.0,16,21,1
PHC-DST-B2-05,2024-08-28,89.0,6.0,13,17,1
PHC-DST-B2-05,2024-08-29,73.0,1.0,3,8,1
PHC-DST-B2-05,2024-08-30,71.0,1.0,4,9,0
PHC-DST-B2-05,2024-08-31,63.0,5.0,4,11,2
PHC-DST-B2-05,2024-09-01,27.0,1.0,3,10,0
PHC-DST-B2-05,2024-09-02,90.0,1.0,5,17,4
PHC-DST-B2-05,2024-09-03,76.0,3.0,3,9,4
PHC-DST-B2-05,2024-09-04,69.0,4.0,4,8,3
PHC-DST-B2-05,2024-09-05,68.0,1.0,4,9,1
PHC-DST-B2-05,2024-09-06,68.0,5.0,5,8,2
PHC-DST-B2-05,2024-09-07,71.0,4.0,5,11,2
PHC-DST-B2-05,2024-09-08,31.0,2.0,11,9,1
PHC-DST-B2-05,2024-09-09,87.0,2.0,14,12,6
PHC-DST-B2-05,2024-09-10,83.0,4.0,13,7,3
PHC-DST-B2-05,2024-09-11,72.0,2.0,9,7,2
PHC-DST-B2-05,2024-09-12,76.0,3.0,8,7,0
PHC-DST-B2-05,2024-09-13,78.0,3.0,11,8,2
PHC-DST-B2-05,2024-09-14,71.0,3.0,3,16,2
PHC-DST-B2-05,2024-09-15,38.0,7.0,3,20,3
PHC-DST-B2-05,2024-09-16,89.0,1.0,5,18,2
PHC-DST-B2-05,2024-09-17,82.0,5.0,11,8,1
PHC-DST-B2-05,2024-09-18,77.0,1.0,8,16,1
PHC-DST-B2-05,2024-09-19,72.0,3.0,11,9,2
PHC-DST-B2-05,2024-09-20,76.0,4.0,11,6,2
PHC-DST-B2-05,2024-09-21,62.0,3.0,4,10,2
PHC-DST-B2-05,2024-09-22,33.0,3.0,4,7,3
PHC-DST-B2-05,2024-09-23,93.0,7.0,3,22,3
PHC-DST-B2-05,2024-09-24,77.0,4.0,9,7,2
PHC-DST-B2-05,2024-09-25,87.0,,12,19,2
PHC-DST-B2-05,2024-09-26,72.0,2.0,13,8,3
PHC-DST-B2-05,2024-09-27,77.0,1.0,14,7,1
PHC-DST-B2-05,2024-09-28,60.0,1.0,9,3,1
PHC-DST-B2-05,2024-09-29,37.0,1.0,10,7,3
PHC-DST-B2-05,2024-09-30,100.0,4.0,9,19,2
PHC-DST-B2-05,2024-10-01,92.0,4.0,11,20,1
PHC-DST-B2-05,2024-10-02,84.0,3.0,2,19,3
PHC-DST-B2-05,2024-10-03,77.0,0.0,3,17,0
PHC-DST-B2-05,2024-10-04,72.0,1.0,4,10,4
PHC-DST-B2-05,2024-10-05,72.0,4.0,3,22,2
PHC-DST-B2-05,2024-10-06,43.0,3.0,4,22,2
PHC-DST-B2-05,2024-10-07,85.0,2.0,4,8,3
PHC-DST-B2-05,2024-10-08,75.0,1.0,3,9,3
PHC-DST-B2-05,2024-10-09,74.0,2.0,5,9,2
PHC-DST-B2-05,2024-10-10,67.0,4.0,3,8,2
PHC-DST-B2-05,2024-10-11,77.0,4.0,5,8,1
PHC-DST-B2-05,2024-10-12,62.0,3.0,1,6,3
PHC-DST-B2-05,2024-10-13,30.0,2.0,5,5,1
PHC-DST-B2-05,2024-10-14,79.0,1.0,4,7,1
PHC-DST-B2-05,2024-10-15,76.0,2.0,2,8,4
PHC-DST-B2-05,2024-10-16,68.0,3.0,3,8,0
PHC-DST-B2-05,2024-10-17,69.0,4.0,5,9,3
PHC-DST-B2-05,2024-10-18,70.0,,3,6,2
PHC-DST-B2-05,2024-10-19,60.0,1.0,3,8,1
PHC-DST-B2-05,2024-10-20,32.0,1.0,4,10,3
PHC-DST-B2-05,2024-10-21,82.0,2.0,3,9,1
PHC-DST-B2-05,2024-10-22,73.0,3.0,3,6,0
PHC-DST-B2-05,2024-10-23,77.0,2.0,3,9,1
PHC-DST-B2-05,2024-10-24,72.0,2.0,4,10,2
PHC-DST-B2-05,2024-10-25,71.0,5.0,5,5,1
PHC-DST-B2-05,2024-10-26,65.0,3.0,5,9,4
PHC-DST-B2-05,2024-10-27,30.0,3.0,4,9,2
PHC-DST-B2-05,2024-10-28,79.0,1.0,3,5,1
PHC-DST-B2-05,2024-10-29,78.0,3.0,4,9,1
PHC-DST-B2-05,2024-10-30,73.0,1.0,5,6,2
PHC-DST-B2-05,2024-10-31,74.0,2.0,6,10,3
PHC-DST-B2-05,2024-11-01,66.0,3.0,3,7,4
PHC-DST-B2-05,2024-11-02,61.0,5.0,4,7,1
PHC-DST-B2-05,2024-11-03,26.0,1.0,3,11,4
PHC-DST-B2-05,2024-11-04,86.0,,3,7,0
PHC-DST-B2-05,2024-11-05,77.0,6.0,4,6,1
PHC-DST-B2-05,2024-11-06,72.0,3.0,5,5,2
PHC-DST-B2-05,2024-11-07,62.0,2.0,2,8,3
PHC-DST-B2-05,2024-11-08,69.0,3.0,4,8,1
PHC-DST-B2-05,2024-11-09,60.0,2.0,3,8,2
PHC-DST-B2-05,2024-11-10,28.0,2.0,3,8,1
PHC-DST-B2-05,2024-11-11,83.0,5.0,3,5,3
PHC-DST-B2-05,2024-11-12,75.0,4.0,6,7,2
PHC-DST-B2-05,2024-11-13,70.0,5.0,5,7,3
PHC-DST-B2-05,2024-11-14,65.0,5.0,0,7,2
PHC-DST-B2-05,2024-11-15,70.0,4.0,5,6,4
PHC-DST-B2-05,2024-11-16,69.0,2.0,3,9,2
PHC-DST-B2-05,2024-11-17,33.0,3.0,3,6,1
PHC-DST-B2-05,2024-11-18,79.0,3.0,4,8,3
PHC-DST-B2-05,2024-11-19,78.0,1.0,5,10,3
PHC-DST-B2-05,2024-11-20,70.0,2.0,3,6,3
PHC-DST-B2-05,2024-11-21,70.0,0.0,5,9,2
PHC-DST-B2-05,2024-11-22,72.0,1.0,4,9,0
PHC-DST-B2-05,2024-11-23,60.0,5.0,4,11,1
PHC-DST-B2-05,2024-11-24,27.0,5.0,4,7,1
PHC-DST-B2-05,2024-11-25,86.0,3.0,3,9,1
PHC-DST-B2-05,2024-11-26,74.0,3.0,3,7,2
PHC-DST-B2-05,2024-11-27,73.0,0.0,4,7,0
PHC-DST-B2-05,2024-11-28,66.0,2.0,6,6,6
PHC-DST-B2-05,2024-11-29,68.0,1.0,4,9,4
PHC-DST-B2-05,2024-11-30,63.0,2.0,6,9,2
PHC-DST-B2-05,2024-12-01,32.0,4.0,4,7,1
PHC-DST-B2-05,2024-12-02,87.0,3.0,3,9,2
PHC-DST-B2-05,2024-12-03,79.0,4.0,4,11,3
PHC-DST-B2-05,2024-12-04,64.0,4.0,3,9,2
PHC-DST-B2-05,2024-12-05,68.0,0.0,4,8,1
PHC-DST-B2-05,2024-12-06,73.0,2.0,5,7,1
PHC-DST-B2-05,2024-12-07,63.0,3.0,5,7,2
PHC-DST-B2-05,2024-12-08,29.0,3.0,5,6,1
PHC-DST-B2-05,2024-12-09,87.0,1.0,1,7,1
PHC-DST-B2-05,2024-12-10,80.0,3.0,4,9,2
PHC-DST-B2-05,2024-12-11,76.0,3.0,4,9,4
PHC-DST-B2-05,2024-12-12,65.0,4.0,4,11,2
PHC-DST-B2-05,2024-12-13,72.0,3.0,4,7,2
PHC-DST-B2-05,2024-12-14,60.0,4.0,3,7,2
PHC-DST-B2-05,2024-12-15,30.0,3.0,2,8,1
PHC-DST-B2-05,2024-12-16,84.0,3.0,4,8,0
PHC-DST-B2-05,2024-12-17,73.0,3.0,2,8,1
PHC-DST-B2-05,2024-12-18,76.0,1.0,5,10,2
PHC-DST-B2-05,2024-12-19,71.0,2.0,3,10,2
PHC-DST-B2-05,2024-12-20,73.0,4.0,3,8,3
PHC-DST-B2-05,2024-12-21,63.0,2.0,4,10,1
PHC-DST-B2-05,2024-12-22,33.0,4.0,5,9,4
PHC-DST-B2-05,2024-12-23,81.0,2.0,5,10,1
PHC-DST-B2-05,2024-12-24,78.0,2.0,3,7,2
PHC-DST-B2-05,2024-12-25,71.0,3.0,4,8,4
PHC-DST-B2-05,2024-12-26,63.0,5.0,4,8,1
PHC-DST-B2-05,2024-12-27,76.0,0.0,4,9,1
PHC-DST-B2-05,2024-12-28,63.0,2.0,3,8,2
PHC-DST-B2-05,2024-12-29,24.0,6.0,3,7,2
PHC-DST-B2-05,2024-12-30,86.0,1.0,3,8,3
PHC-DST-B2-05,2024-12-31,82.0,1.0,4,8,2
PHC-DST-B2-05,2025-01-01,72.0,1.0,4,9,2
PHC-DST-B2-05,2025-01-02,70.0,1.0,4,7,2
PHC-DST-B2-05,2025-01-03,73.0,2.0,3,9,2
PHC-DST-B2-05,2025-01-04,68.0,6.0,4,10,2
PHC-DST-B2-05,2025-01-05,30.0,3.0,3,8,1
PHC-DST-B2-05,2025-01-06,83.0,6.0,4,9,1
PHC-DST-B2-05,2025-01-07,78.0,5.0,4,10,2
PHC-DST-B2-05,2025-01-08,73.0,0.0,4,9,3
PHC-DST-B2-05,2025-01-09,67.0,2.0,3,8,0
PHC-DST-B2-05,2025-01-10,70.0,4.0,4,9,2
PHC-DST-B2-05,2025-01-11,61.0,0.0,3,6,0
PHC-DST-B2-05,2025-01-12,27.0,5.0,4,7,1
PHC-DST-B2-05,2025-01-13,80.0,2.0,3,8,1
PHC-DST-B2-05,2025-01-14,82.0,3.0,4,10,1
PHC-DST-B2-05,2025-01-15,73.0,2.0,4,8,2
PHC-DST-B2-05,2025-01-16,66.0,1.0,3,9,1
PHC-DST-B2-05,2025-01-17,73.0,1.0,4,8,4
PHC-DST-B2-05,2025-01-18,69.0,0.0,4,8,1
PHC-DST-B2-05,2025-01-19,39.0,3.0,3,10,3
PHC-DST-B2-05,2025-01-20,80.0,2.0,6,5,0
PHC-DST-B2-05,2025-01-21,75.0,4.0,5,5,3
PHC-DST-B2-05,2025-01-22,68.0,2.0,5,8,1
PHC-DST-B2-05,2025-01-23,64.0,3.0,3,10,3
PHC-DST-B2-05,2025-01-24,70.0,2.0,5,8,0
PHC-DST-B2-05,2025-01-25,60.0,2.0,5,5,2
PHC-DST-B2-05,2025-01-26,29.0,1.0,4,5,1
PHC-DST-B2-05,2025-01-27,91.0,3.0,2,12,3
PHC-DST-B2-05,2025-01-28,76.0,,4,7,1
PHC-DST-B2-05,2025-01-29,,2.0,5,5,2
PHC-DST-B2-05,2025-01-30,75.0,1.0,4,7,2
PHC-DST-B2-05,2025-01-31,74.0,5.0,6,7,1
PHC-DST-B2-05,2025-02-01,69.0,3.0,5,8,0
PHC-DST-B2-05,2025-02-02,29.0,2.0,3,8,3
PHC-DST-B2-05,2025-02-03,77.0,2.0,3,6,1
PHC-DST-B2-05,2025-02-04,76.0,2.0,3,10,3
PHC-DST-B2-05,2025-02-05,66.0,2.0,4,10,1
PHC-DST-B2-05,2025-02-06,75.0,,4,4,3
PHC-DST-B2-05,2025-02-07,70.0,3.0,3,6,3
PHC-DST-B2-05,2025-02-08,65.0,2.0,3,8,1
PHC-DST-B2-05,2025-02-09,32.0,1.0,3,9,2
PHC-DST-B2-05,2025-02-10,86.0,4.0,4,4,3
PHC-DST-B2-05,2025-02-11,76.0,3.0,3,9,4
PHC-DST-B2-05,2025-02-12,72.0,4.0,2,10,0
PHC-DST-B2-05,2025-02-13,71.0,1.0,4,7,2
PHC-DST-B2-05,2025-02-14,77.0,4.0,4,7,0
PHC-DST-B2-05,2025-02-15,65.0,1.0,3,9,1
PHC-DST-B2-05,2025-02-16,25.0,1.0,3,6,4
PHC-DST-B2-05,2025-02-17,82.0,3.0,3,7,3
PHC-DST-B2-05,2025-02-18,73.0,4.0,4,7,2
PHC-DST-B2-05,2025-02-19,77.0,1.0,4,9,1
PHC-DST-B2-05,2025-02-20,71.0,2.0,4,9,0
PHC-DST-B2-05,2025-02-21,68.0,5.0,4,6,2
PHC-DST-B2-05,2025-02-22,70.0,3.0,5,8,0
PHC-DST-B2-05,2025-02-23,34.0,2.0,4,7,2
PHC-DST-B2-05,2025-02-24,82.0,0.0,2,8,2
PHC-DST-B2-05,2025-02-25,78.0,2.0,4,7,1
PHC-DST-B2-05,2025-02-26,72.0,3.0,5,9,1
PHC-DST-B2-05,2025-02-27,62.0,2.0,4,5,3
PHC-DST-B2-05,2025-02-28,67.0,2.0,5,4,1
PHC-DST-B2-05,2025-03-01,61.0,3.0,5,8,1
PHC-DST-B2-05,2025-03-02,28.0,2.0,4,8,1
PHC-DST-B2-05,2025-03-03,82.0,3.0,3,8,1
PHC-DST-B2-05,2025-03-04,84.0,3.0,5,9,2
PHC-DST-B2-05,2025-03-05,70.0,3.0,4,9,3
PHC-DST-B2-05,2025-03-06,73.0,3.0,4,10,1
PHC-DST-B2-05,2025-03-07,80.0,3.0,6,9,2
PHC-DST-B2-05,2025-03-08,59.0,5.0,2,7,1
PHC-DST-B2-05,2025-03-09,32.0,3.0,6,8,2
PHC-DST-B2-05,2025-03-10,77.0,1.0,3,6,2
PHC-DST-B2-05,2025-03-11,73.0,1.0,2,6,0
PHC-DST-B2-05,2025-03-12,69.0,4.0,3,8,0
PHC-DST-B2-05,2025-03-13,64.0,1.0,2,7,0
PHC-DST-B2-05,2025-03-14,70.0,1.0,6,9,1
PHC-DST-B2-05,2025-03-15,69.0,2.0,4,10,0
PHC-DST-B2-05,2025-03-16,31.0,3.0,4,8,1
PHC-DST-B2-05,2025-03-17,82.0,5.0,4,9,0
PHC-DST-B2-05,2025-03-18,74.0,2.0,4,9,2
PHC-DST-B2-05,2025-03-19,75.0,2.0,5,9,1
PHC-DST-B2-05,2025-03-20,67.0,0.0,3,7,1
PHC-DST-B2-05,2025-03-21,71.0,3.0,4,11,2
PHC-DST-B2-05,2025-03-22,64.0,3.0,5,9,0
PHC-DST-B2-05,2025-03-23,23.0,3.0,4,9,2
PHC-DST-B2-05,2025-03-24,84.0,6.0,4,10,4
PHC-DST-B2-05,2025-03-25,73.0,3.0,3,9,0
PHC-DST-B2-05,2025-03-26,65.0,4.0,3,8,6
PHC-DST-B2-05,2025-03-27,68.0,2.0,3,10,2
PHC-DST-B2-05,2025-03-28,76.0,3.0,4,8,0
PHC-DST-B2-05,2025-03-29,64.0,4.0,4,6,4
PHC-DST-B2-05,2025-03-30,38.0,2.0,2,13,2
PHC-DST-B2-05,2025-03-31,84.0,3.0,3,7,2
PHC-DST-B2-05,2025-04-01,73.0,3.0,4,8,0
PHC-DST-B2-05,2025-04-02,75.0,1.0,6,8,1
PHC-DST-B2-05,2025-04-03,71.0,1.0,3,9,2
PHC-DST-B2-05,2025-04-04,75.0,3.0,5,11,0
PHC-DST-B2-05,2025-04-05,64.0,2.0,4,6,0
PHC-DST-B2-05,2025-04-06,36.0,3.0,4,11,2
PHC-DST-B2-05,2025-04-07,85.0,1.0,4,7,2
PHC-DST-B2-05,2025-04-08,75.0,1.0,5,5,2
PHC-DST-B2-05,2025-04-09,71.0,0.0,4,9,2
PHC-DST-B2-05,2025-04-10,71.0,1.0,4,8,2
PHC-DST-B2-05,2025-04-11,72.0,3.0,3,5,1
PHC-DST-B2-05,2025-04-12,63.0,5.0,7,10,0
PHC-DST-B2-05,2025-04-13,34.0,5.0,4,9,1
PHC-DST-B2-05,2025-04-14,88.0,1.0,3,7,2
PHC-DST-B2-05,2025-04-15,76.0,2.0,4,8,2
PHC-DST-B2-05,2025-04-16,75.0,2.0,6,10,2
PHC-DST-B2-05,2025-04-17,70.0,4.0,4,9,1
PHC-DST-B2-05,2025-04-18,73.0,4.0,6,10,1
PHC-DST-B2-05,2025-04-19,62.0,1.0,4,6,2
PHC-DST-B2-05,2025-04-20,33.0,5.0,3,8,1
PHC-DST-B2-05,2025-04-21,84.0,3.0,4,7,4
PHC-DST-B2-05,2025-04-22,81.0,0.0,5,5,2
PHC-DST-B2-05,2025-04-23,75.0,2.0,6,12,3
PHC-DST-B2-05,2025-04-24,61.0,10.0,2,4,1
PHC-DST-B2-05,2025-04-25,76.0,5.0,4,10,1
PHC-DST-B2-05,2025-04-26,60.0,3.0,4,7,1
PHC-DST-B2-05,2025-04-27,30.0,1.0,4,9,2
PHC-DST-B2-05,2025-04-28,80.0,2.0,4,5,3
PHC-DST-B2-05,2025-04-29,,2.0,4,10,0
PHC-DST-B2-05,2025-04-30,73.0,1.0,4,10,1
PHC-DST-B2-05,2025-05-01,69.0,6.0,5,8,0
PHC-DST-B2-05,2025-05-02,69.0,0.0,5,5,1
PHC-DST-B2-05,2025-05-03,61.0,,4,7,1
PHC-DST-B2-05,2025-05-04,26.0,1.0,2,8,2
PHC-DST-B2-05,2025-05-05,79.0,4.0,5,7,1
PHC-DST-B2-05,2025-05-06,75.0,2.0,3,6,1
PHC-DST-B2-05,2025-05-07,72.0,3.0,3,5,1
PHC-DST-B2-05,2025-05-08,66.0,0.0,3,10,0
PHC-DST-B2-05,2025-05-09,75.0,1.0,5,10,1
PHC-DST-B2-05,2025-05-10,,0.0,4,9,1
PHC-DST-B2-05,2025-05-11,36.0,8.0,5,7,3
PHC-DST-B2-05,2025-05-12,,4.0,4,10,3
PHC-DST-B2-05,2025-05-13,76.0,2.0,5,7,0
PHC-DST-B2-05,2025-05-14,73.0,3.0,5,12,0
PHC-DST-B2-05,2025-05-15,63.0,1.0,4,7,4
PHC-DST-B2-05,2025-05-16,68.0,4.0,5,7,1
PHC-DST-B2-05,2025-05-17,59.0,7.0,6,8,0
PHC-DST-B2-05,2025-05-18,27.0,0.0,3,6,5
PHC-DST-B2-05,2025-05-19,77.0,5.0,2,6,1
PHC-DST-B2-05,2025-05-20,69.0,2.0,2,6,1
PHC-DST-B2-05,2025-05-21,74.0,1.0,6,9,2
PHC-DST-B2-05,2025-05-22,68.0,2.0,4,5,2
PHC-DST-B2-05,2025-05-23,79.0,0.0,6,12,1
PHC-DST-B2-05,2025-05-24,60.0,2.0,6,8,0
PHC-DST-B2-05,2025-05-25,28.0,3.0,4,8,1
PHC-DST-B2-05,2025-05-26,79.0,4.0,5,6,0
PHC-DST-B2-05,2025-05-27,75.0,2.0,2,8,1
PHC-DST-B2-05,2025-05-28,73.0,2.0,4,9,0
PHC-DST-B2-05,2025-05-29,70.0,5.0,3,7,0
PHC-DST-B2-05,2025-05-30,70.0,1.0,4,11,1
PHC-DST-B2-05,2025-05-31,64.0,4.0,4,8,3
PHC-DST-B2-05,2025-06-01,33.0,3.0,3,6,3
PHC-DST-B2-05,2025-06-02,86.0,2.0,4,9,0
PHC-DST-B2-05,2025-06-03,81.0,3.0,5,10,4
PHC-DST-B2-05,2025-06-04,72.0,2.0,3,7,2
PHC-DST-B2-05,2025-06-05,67.0,5.0,4,7,3
PHC-DST-B2-05,2025-06-06,77.0,2.0,3,10,4
PHC-DST-B2-05,2025-06-07,66.0,2.0,5,10,1
PHC-DST-B2-05,2025-06-08,33.0,2.0,4,8,2
PHC-DST-B2-05,2025-06-09,87.0,2.0,4,11,4
PHC-DST-B2-05,2025-06-10,71.0,2.0,2,7,1
PHC-DST-B2-05,2025-06-11,71.0,2.0,3,9,2
PHC-DST-B2-05,2025-06-12,66.0,4.0,4,9,2
PHC-DST-B2-05,2025-06-13,71.0,2.0,3,6,0
PHC-DST-B2-05,2025-06-14,66.0,5.0,4,9,3
PHC-DST-B2-05,2025-06-15,33.0,2.0,5,10,1
PHC-DST-B2-05,2025-06-16,88.0,3.0,4,9,2
PHC-DST-B2-05,2025-06-17,77.0,0.0,4,8,1
PHC-DST-B2-05,2025-06-18,68.0,3.0,3,7,2
PHC-DST-B2-05,2025-06-19,66.0,2.0,4,7,6
PHC-DST-B2-05,2025-06-20,75.0,5.0,4,9,3
PHC-DST-B2-05,2025-06-21,63.0,4.0,4,8,2
PHC-DST-B2-05,2025-06-22,24.0,3.0,4,7,0
PHC-DST-B2-05,2025-06-23,84.0,1.0,5,7,4
PHC-DST-B2-05,2025-06-24,83.0,5.0,3,10,0
PHC-DST-B2-05,2025-06-25,80.0,2.0,6,10,2
PHC-DST-B2-05,2025-06-26,73.0,3.0,3,10,0
PHC-DST-B2-05,2025-06-27,75.0,1.0,6,8,2
PHC-DST-B2-05,2025-06-28,55.0,3.0,3,4,3
PHC-DST-B2-05,2025-06-29,28.0,2.0,3,7,0
PHC-DST-B2-05,2025-06-30,85.0,4.0,2,8,1
PHC-DST-B2-06,2024-07-01,100.0,2.0,4,10,3
PHC-DST-B2-06,2024-07-02,87.0,2.0,5,8,2
PHC-DST-B2-06,2024-07-03,85.0,6.0,5,9,3
PHC-DST-B2-06,2024-07-04,76.0,3.0,5,7,2
PHC-DST-B2-06,2024-07-05,90.0,1.0,13,8,3
PHC-DST-B2-06,2024-07-06,82.0,2.0,13,10,3
PHC-DST-B2-06,2024-07-07,40.0,3.0,8,9,4
PHC-DST-B2-06,2024-07-08,102.0,1.0,17,9,2
PHC-DST-B2-06,2024-07-09,100.0,2.0,16,10,8
PHC-DST-B2-06,2024-07-10,84.0,2.0,4,8,2
PHC-DST-B2-06,2024-07-11,89.0,4.0,5,16,1
PHC-DST-B2-06,2024-07-12,94.0,1.0,4,19,3
PHC-DST-B2-06,2024-07-13,84.0,0.0,12,11,1
PHC-DST-B2-06,2024-07-14,58.0,10.0,11,26,0
PHC-DST-B2-06,2024-07-15,112.0,5.0,14,21,3
PHC-DST-B2-06,2024-07-16,97.0,2.0,16,8,3
PHC-DST-B2-06,2024-07-17,86.0,4.0,3,10,2
PHC-DST-B2-06,2024-07-18,80.0,6.0,6,10,1
PHC-DST-B2-06,2024-07-19,93.0,2.0,5,19,4
PHC-DST-B2-06,2024-07-20,66.0,3.0,6,6,2
PHC-DST-B2-06,2024-07-21,52.0,1.0,4,26,2
PHC-DST-B2-06,2024-07-22,106.0,1.0,3,11,4
PHC-DST-B2-06,2024-07-23,92.0,2.0,4,12,4
PHC-DST-B2-06,2024-07-24,81.0,4.0,5,5,4
PHC-DST-B2-06,2024-07-25,83.0,2.0,4,12,6
PHC-DST-B2-06,2024-07-26,87.0,2.0,4,10,3
PHC-DST-B2-06,2024-07-27,89.0,4.0,6,21,1
PHC-DST-B2-06,2024-07-28,36.0,2.0,6,7,3
PHC-DST-B2-06,2024-07-29,103.0,0.0,5,10,2
PHC-DST-B2-06,2024-07-30,83.0,0.0,4,7,0
PHC-DST-B2-06,2024-07-31,89.0,2.0,16,6,0
PHC-DST-B2-06,2024-08-01,91.0,4.0,13,12,2
PHC-DST-B2-06,2024-08-02,84.0,5.0,11,11,4
PHC-DST-B2-06,2024-08-03,71.0,4.0,4,9,1
PHC-DST-B2-06,2024-08-04,28.0,4.0,3,8,1
PHC-DST-B2-06,2024-08-05,99.0,2.0,6,10,2
PHC-DST-B2-06,2024-08-06,101.0,4.0,4,21,1
PHC-DST-B2-06,2024-08-07,90.0,3.0,3,15,3
PHC-DST-B2-06,2024-08-08,73.0,5.0,6,5,4
PHC-DST-B2-06,2024-08-09,93.0,2.0,4,17,2
PHC-DST-B2-06,2024-08-10,75.0,3.0,17,8,0
PHC-DST-B2-06,2024-08-11,41.0,7.0,17,9,2
PHC-DST-B2-06,2024-08-12,95.0,4.0,6,7,0
PHC-DST-B2-06,2024-08-13,91.0,3.0,10,10,3
PHC-DST-B2-06,2024-08-14,101.0,2.0,13,18,0
PHC-DST-B2-06,2024-08-15,83.0,2.0,5,10,5
PHC-DST-B2-06,2024-08-16,92.0,2.0,4,20,3
PHC-DST-B2-06,2024-08-17,78.0,2.0,7,8,3
PHC-DST-B2-06,2024-08-18,30.0,1.0,4,10,2
PHC-DST-B2-06,2024-08-19,110.0,4.0,4,21,3
PHC-DST-B2-06,2024-08-20,95.0,4.0,3,9,2
PHC-DST-B2-06,2024-08-21,91.0,1.0,17,10,3
PHC-DST-B2-06,2024-08-22,84.0,2.0,16,8,0
PHC-DST-B2-06,2024-08-23,90.0,3.0,14,10,3
PHC-DST-B2-06,2024-08-24,80.0,0.0,4,12,1
PHC-DST-B2-06,2024-08-25,30.0,2.0,3,10,1
PHC-DST-B2-06,2024-08-26,103.0,0.0,5,19,0
PHC-DST-B2-06,2024-08-27,106.0,2.0,16,22,3
PHC-DST-B2-06,2024-08-28,101.0,2.0,16,25,3
PHC-DST-B2-06,2024-08-29,81.0,4.0,6,7,3
PHC-DST-B2-06,2024-08-30,89.0,3.0,4,12,2
PHC-DST-B2-06,2024-08-31,67.0,5.0,5,7,1
PHC-DST-B2-06,2024-09-01,,2.0,4,7,4
PHC-DST-B2-06,2024-09-02,107.0,3.0,4,19,2
PHC-DST-B2-06,2024-09-03,92.0,6.0,3,11,1
PHC-DST-B2-06,2024-09-04,85.0,4.0,5,9,3
PHC-DST-B2-06,2024-09-05,77.0,2.0,5,8,3
PHC-DST-B2-06,2024-09-06,87.0,3.0,5,11,4
PHC-DST-B2-06,2024-09-07,75.0,1.0,6,9,1
PHC-DST-B2-06,2024-09-08,37.0,2.0,14,9,2
PHC-DST-B2-06,2024-09-09,105.0,5.0,12,10,2
PHC-DST-B2-06,2024-09-10,96.0,5.0,14,9,0
PHC-DST-B2-06,2024-09-11,89.0,5.0,11,11,2
PHC-DST-B2-06,2024-09-12,87.0,3.0,12,9,2
PHC-DST-B2-06,2024-09-13,93.0,3.0,17,10,1
PHC-DST-B2-06,2024-09-14,90.0,3.0,3,25,1
PHC-DST-B2-06,2024-09-15,44.0,4.0,5,22,2
PHC-DST-B2-06,2024-09-16,112.0,3.0,5,22,5
PHC-DST-B2-06,2024-09-17,101.0,5.0,14,9,2
PHC-DST-B2-06,2024-09-18,110.0,2.0,17,28,3
PHC-DST-B2-06,2024-09-19,88.0,2.0,16,8,3
PHC-DST-B2-06,2024-09-20,88.0,4.0,14,6,0
PHC-DST-B2-06,2024-09-21,76.0,3.0,5,9,2
PHC-DST-B2-06,2024-09-22,36.0,1.0,4,7,2
PHC-DST-B2-06,2024-09-23,108.0,2.0,4,19,3
PHC-DST-B2-06,2024-09-24,95.0,0.0,12,8,2
PHC-DST-B2-06,2024-09-25,103.0,1.0,17,25,1
PHC-DST-B2-06,2024-09-26,89.0,3.0,15,11,1
PHC-DST-B2-06,2024-09-27,90.0,5.0,14,12,2
PHC-DST-B2-06,2024-09-28,85.0,4.0,16,12,3
PHC-DST-B2-06,2024-09-29,37.0,2.0,10,8,2
PHC-DST-B2-06,2024-09-30,108.0,1.0,11,17,2
PHC-DST-B2-06,2024-10-01,102.0,4.0,14,16,1
PHC-DST-B2-06,2024-10-02,99.0,2.0,4,27,3
PHC-DST-B2-06,2024-10-03,94.0,2.0,6,18,1
PHC-DST-B2-06,2024-10-04,78.0,3.0,3,6,1
PHC-DST-B2-06,2024-10-05,79.0,2.0,3,20,4
PHC-DST-B2-06,2024-10-06,43.0,3.0,5,17,3
PHC-DST-B2-06,2024-10-07,98.0,6.0,3,8,1
PHC-DST-B2-06,2024-10-08,93.0,5.0,5,9,1
PHC-DST-B2-06,2024-10-09,84.0,4.0,4,10,1
PHC-DST-B2-06,2024-10-10,74.0,2.0,5,6,1
PHC-DST-B2-06,2024-10-11,84.0,5.0,4,10,3
PHC-DST-B2-06,2024-10-12,77.0,3.0,4,12,1
PHC-DST-B2-06,2024-10-13,38.0,2.0,3,9,2
PHC-DST-B2-06,2024-10-14,101.0,2.0,5,9,2
PHC-DST-B2-06,2024-10-15,95.0,2.0,5,12,1
PHC-DST-B2-06,2024-10-16,78.0,5.0,5,7,3
PHC-DST-B2-06,2024-10-17,79.0,0.0,4,12,1
PHC-DST-B2-06,2024-10-18,83.0,3.0,5,7,2
PHC-DST-B2-06,2024-10-19,70.0,0.0,4,10,3
PHC-DST-B2-06,2024-10-20,31.0,3.0,4,10,3
PHC-DST-B2-06,2024-10-21,98.0,4.0,4,12,3
PHC-DST-B2-06,2024-10-22,88.0,2.0,4,12,0
PHC-DST-B2-06,2024-10-23,82.0,3.0,7,6,1
PHC-DST-B2-06,2024-10-24,80.0,4.0,4,10,1
PHC-DST-B2-06,2024-10-25,80.0,3.0,5,8,3
PHC-DST-B2-06,2024-10-26,77.0,4.0,4,10,0
PHC-DST-B2-06,2024-10-27,30.0,3.0,5,9,3
PHC-DST-B2-06,2024-10-28,108.0,4.0,6,10,2
PHC-DST-B2-06,2024-10-29,91.0,7.0,3,10,2
PHC-DST-B2-06,2024-10-30,83.0,0.0,6,9,3
PHC-DST-B2-06,2024-10-31,88.0,5.0,7,13,1
PHC-DST-B2-06,2024-11-01,86.0,3.0,6,6,0
PHC-DST-B2-06,2024-11-02,78.0,2.0,4,13,5
PHC-DST-B2-06,2024-11-03,29.0,4.0,5,7,3
PHC-DST-B2-06,2024-11-04,104.0,3.0,4,10,1
PHC-DST-B2-06,2024-11-05,95.0,3.0,5,11,1
PHC-DST-B2-06,2024-11-06,84.0,3.0,5,7,1
PHC-DST-B2-06,2024-11-07,81.0,4.0,2,11,0
PHC-DST-B2-06,2024-11-08,86.0,2.0,4,9,1
PHC-DST-B2-06,2024-11-09,76.0,5.0,6,8,4
PHC-DST-B2-06,2024-11-10,33.0,3.0,2,10,2
PHC-DST-B2-06,2024-11-11,99.0,3.0,6,9,3
PHC-DST-B2-06,2024-11-12,90.0,1.0,5,11,3
PHC-DST-B2-06,2024-11-13,84.0,1.0,5,10,3
PHC-DST-B2-06,2024-11-14,79.0,2.0,6,7,0
PHC-DST-B2-06,2024-11-15,84.0,3.0,4,11,0
PHC-DST-B2-06,2024-11-16,72.0,2.0,3,9,3
PHC-DST-B2-06,2024-11-17,36.0,2.0,4,9,1
PHC-DST-B2-06,2024-11-18,98.0,1.0,4,6,3
PHC-DST-B2-06,2024-11-19,93.0,3.0,5,11,2
PHC-DST-B2-06,2024-11-20,85.0,1.0,4,9,4
PHC-DST-B2-06,2024-11-21,85.0,5.0,6,10,2
PHC-DST-B2-06,2024-11-22,,0.0,5,8,1
PHC-DST-B2-06,2024-11-23,73.0,2.0,3,8,4
PHC-DST-B2-06,2024-11-24,32.0,2.0,4,9,1
PHC-DST-B2-06,2024-11-25,92.0,,4,7,0
PHC-DST-B2-06,2024-11-26,89.0,6.0,7,10,5
PHC-DST-B2-06,2024-11-27,84.0,,5,10,2
PHC-DST-B2-06,2024-11-28,80.0,1.0,4,7,5
PHC-DST-B2-06,2024-11-29,81.0,1.0,7,10,1
PHC-DST-B2-06,2024-11-30,76.0,1.0,5,7,2
PHC-DST-B2-06,2024-12-01,35.0,3.0,5,9,3
PHC-DST-B2-06,2024-12-02,99.0,2.0,4,11,4
PHC-DST-B2-06,2024-12-03,89.0,2.0,4,8,2
PHC-DST-B2-06,2024-12-04,86.0,2.0,6,9,0
PHC-DST-B2-06,2024-12-05,80.0,1.0,5,9,2
PHC-DST-B2-06,2024-12-06,86.0,2.0,7,9,1
PHC-DST-B2-06,2024-12-07,72.0,4.0,4,10,1
PHC-DST-B2-06,2024-12-08,32.0,6.0,3,9,2
PHC-DST-B2-06,2024-12-09,99.0,3.0,8,10,0
PHC-DST-B2-06,2024-12-10,86.0,4.0,3,6,3
PHC-DST-B2-06,2024-12-11,92.0,0.0,5,8,1
PHC-DST-B2-06,2024-12-12,83.0,3.0,4,9,4
PHC-DST-B2-06,2024-12-13,82.0,2.0,5,11,3
PHC-DST-B2-06,2024-12-14,69.0,1.0,6,8,1
PHC-DST-B2-06,2024-12-15,29.0,6.0,3,9,2
PHC-DST-B2-06,2024-12-16,100.0,2.0,7,11,3
PHC-DST-B2-06,2024-12-17,86.0,8.0,5,8,3
PHC-DST-B2-06,2024-12-18,89.0,3.0,5,11,3
PHC-DST-B2-06,2024-12-19,78.0,4.0,5,11,0
PHC-DST-B2-06,2024-12-20,83.0,4.0,4,8,1
PHC-DST-B2-06,2024-12-21,70.0,4.0,4,10,0
PHC-DST-B2-06,2024-12-22,37.0,2.0,3,10,3
PHC-DST-B2-06,2024-12-23,95.0,1.0,4,9,1
PHC-DST-B2-06,2024-12-24,84.0,4.0,3,11,2
PHC-DST-B2-06,2024-12-25,86.0,,3,12,3
PHC-DST-B2-06,2024-12-26,83.0,2.0,6,12,1
PHC-DST-B2-06,2024-12-27,79.0,1.0,4,9,4
PHC-DST-B2-06,2024-12-28,75.0,1.0,5,10,1
PHC-DST-B2-06,2024-12-29,38.0,5.0,3,7,1
PHC-DST-B2-06,2024-12-30,97.0,2.0,6,10,2
PHC-DST-B2-06,2024-12-31,92.0,5.0,5,9,1
PHC-DST-B2-06,2025-01-01,81.0,3.0,5,10,3
PHC-DST-B2-06,2025-01-02,83.0,5.0,3,10,1
PHC-DST-B2-06,2025-01-03,88.0,5.0,7,12,0
PHC-DST-B2-06,2025-01-04,80.0,2.0,6,9,2
PHC-DST-B2-06,2025-01-05,32.0,3.0,4,7,1
PHC-DST-B2-06,2025-01-06,100.0,2.0,8,11,1
PHC-DST-B2-06,2025-01-07,93.0,1.0,5,7,2
PHC-DST-B2-06,2025-01-08,88.0,0.0,4,12,3
PHC-DST-B2-06,2025-01-09,83.0,4.0,5,10,3
PHC-DST-B2-06,2025-01-10,87.0,2.0,5,10,2
PHC-DST-B2-06,2025-01-11,76.0,4.0,6,10,5
PHC-DST-B2-06,2025-01-12,37.0,4.0,7,10,2
PHC-DST-B2-06,2025-01-13,96.0,1.0,4,8,2
PHC-DST-B2-06,2025-01-14,91.0,2.0,4,9,1
PHC-DST-B2-06,2025-01-15,86.0,3.0,4,10,0
PHC-DST-B2-06,2025-01-16,83.0,0.0,5,8,3
PHC-DST-B2-06,2025-01-17,86.0,2.0,5,12,1
PHC-DST-B2-06,2025-01-18,79.0,1.0,2,12,2
PHC-DST-B2-06,2025-01-19,37.0,0.0,5,11,2
PHC-DST-B2-06,2025-01-20,97.0,4.0,6,9,1
PHC-DST-B2-06,2025-01-21,95.0,4.0,5,11,4
PHC-DST-B2-06,2025-01-22,80.0,1.0,5,6,2
PHC-DST-B2-06,2025-01-23,79.0,3.0,3,12,2
PHC-DST-B2-06,2025-01-24,83.0,8.0,4,10,0
PHC-DST-B2-06,2025-01-25,70.0,6.0,4,7,4
PHC-DST-B2-06,2025-01-26,32.0,7.0,5,8,3
PHC-DST-B2-06,2025-01-27,101.0,1.0,5,10,0
PHC-DST-B2-06,2025-01-28,91.0,4.0,3,12,2
PHC-DST-B2-06,2025-01-29,86.0,3.0,5,11,0
PHC-DST-B2-06,2025-01-30,81.0,6.0,5,7,3
PHC-DST-B2-06,2025-01-31,84.0,1.0,4,9,3
PHC-DST-B2-06,2025-02-01,69.0,2.0,4,8,3
PHC-DST-B2-06,2025-02-02,36.0,4.0,6,12,1
PHC-DST-B2-06,2025-02-03,105.0,2.0,2,13,4
PHC-DST-B2-06,2025-02-04,92.0,5.0,4,12,6
PHC-DST-B2-06,2025-02-05,82.0,5.0,6,6,0
PHC-DST-B2-06,2025-02-06,80.0,2.0,4,8,1
PHC-DST-B2-06,2025-02-07,84.0,6.0,7,9,1
PHC-DST-B2-06,2025-02-08,77.0,1.0,5,10,3
PHC-DST-B2-06,2025-02-09,31.0,3.0,4,9,3
PHC-DST-B2-06,2025-02-10,101.0,1.0,4,11,5
PHC-DST-B2-06,2025-02-11,95.0,4.0,6,9,3
PHC-DST-B2-06,2025-02-12,91.0,6.0,4,12,3
PHC-DST-B2-06,2025-02-13,82.0,0.0,4,10,0
PHC-DST-B2-06,2025-02-14,88.0,3.0,7,9,2
PHC-DST-B2-06,2025-02-15,70.0,4.0,5,8,2
PHC-DST-B2-06,2025-02-16,33.0,4.0,3,9,0
PHC-DST-B2-06,2025-02-17,104.0,1.0,5,10,6
PHC-DST-B2-06,2025-02-18,89.0,8.0,6,5,2
PHC-DST-B2-06,2025-02-19,86.0,5.0,6,9,1
PHC-DST-B2-06,2025-02-20,87.0,7.0,5,12,1
PHC-DST-B2-06,2025-02-21,89.0,0.0,5,12,0
PHC-DST-B2-06,2025-02-22,70.0,0.0,4,8,2
PHC-DST-B2-06,2025-02-23,34.0,4.0,5,10,1
PHC-DST-B2-06,2025-02-24,93.0,6.0,3,9,1
PHC-DST-B2-06,2025-02-25,92.0,3.0,4,12,3
PHC-DST-B2-06,2025-02-26,84.0,0.0,4,7,1
PHC-DST-B2-06,2025-02-27,77.0,3.0,3,11,3
PHC-DST-B2-06,2025-02-28,82.0,2.0,3,10,3
PHC-DST-B2-06,2025-03-01,77.0,2.0,5,10,2
PHC-DST-B2-06,2025-03-02,37.0,6.0,5,10,4
PHC-DST-B2-06,2025-03-03,89.0,2.0,4,6,2
PHC-DST-B2-06,2025-03-04,90.0,0.0,4,9,0
PHC-DST-B2-06,2025-03-05,88.0,2.0,5,10,1
PHC-DST-B2-06,2025-03-06,79.0,5.0,5,10,4
PHC-DST-B2-06,2025-03-07,86.0,1.0,4,10,1
PHC-DST-B2-06,2025-03-08,73.0,1.0,5,10,2
PHC-DST-B2-06,2025-03-09,33.0,3.0,4,5,1
PHC-DST-B2-06,2025-03-10,99.0,3.0,4,8,4
PHC-DST-B2-06,2025-03-11,90.0,0.0,5,7,2
PHC-DST-B2-06,2025-03-12,83.0,3.0,4,9,1
PHC-DST-B2-06,2025-03-13,82.0,1.0,6,9,3
PHC-DST-B2-06,2025-03-14,82.0,3.0,7,8,3
PHC-DST-B2-06,2025-03-15,68.0,4.0,4,8,2
PHC-DST-B2-06,2025-03-16,35.0,4.0,4,10,2
PHC-DST-B2-06,2025-03-17,94.0,0.0,4,7,2
PHC-DST-B2-06,2025-03-18,96.0,2.0,6,11,3
PHC-DST-B2-06,2025-03-19,82.0,2.0,5,9,2
PHC-DST-B2-06,2025-03-20,78.0,1.0,4,7,2
PHC-DST-B2-06,2025-03-21,85.0,5.0,7,8,1
PHC-DST-B2-06,2025-03-22,78.0,1.0,4,8,0
PHC-DST-B2-06,2025-03-23,33.0,8.0,4,10,1
PHC-DST-B2-06,2025-03-24,101.0,1.0,8,7,2
PHC-DST-B2-06,2025-03-25,90.0,3.0,6,6,3
PHC-DST-B2-06,2025-03-26,84.0,5.0,5,10,2
PHC-DST-B2-06,2025-03-27,82.0,3.0,4,10,1
PHC-DST-B2-06,2025-03-28,88.0,3.0,3,10,5
PHC-DST-B2-06,2025-03-29,79.0,4.0,7,10,4
PHC-DST-B2-06,2025-03-30,43.0,2.0,5,12,2
PHC-DST-B2-06,2025-03-31,100.0,2.0,4,10,1
PHC-DST-B2-06,2025-04-01,87.0,2.0,4,7,2
PHC-DST-B2-06,2025-04-02,80.0,0.0,4,10,1
PHC-DST-B2-06,2025-04-03,77.0,2.0,4,7,3
PHC-DST-B2-06,2025-04-04,82.0,4.0,5,9,1
PHC-DST-B2-06,2025-04-05,72.0,4.0,5,8,3
PHC-DST-B2-06,2025-04-06,33.0,2.0,4,8,2
PHC-DST-B2-06,2025-04-07,100.0,2.0,5,8,4
PHC-DST-B2-06,2025-04-08,94.0,3.0,4,8,2
PHC-DST-B2-06,2025-04-09,82.0,4.0,4,8,1
PHC-DST-B2-06,2025-04-10,79.0,2.0,6,8,0
PHC-DST-B2-06,2025-04-11,87.0,2.0,5,10,1
PHC-DST-B2-06,2025-04-12,74.0,1.0,4,9,2
PHC-DST-B2-06,2025-04-13,41.0,1.0,4,10,1
PHC-DST-B2-06,2025-04-14,106.0,0.0,4,9,2
PHC-DST-B2-06,2025-04-15,97.0,4.0,4,9,2
PHC-DST-B2-06,2025-04-16,80.0,2.0,2,7,2
PHC-DST-B2-06,2025-04-17,83.0,3.0,4,11,3
PHC-DST-B2-06,2025-04-18,83.0,3.0,3,11,6
PHC-DST-B2-06,2025-04-19,79.0,1.0,4,10,3
PHC-DST-B2-06,2025-04-20,43.0,2.0,5,12,5
PHC-DST-B2-06,2025-04-21,107.0,3.0,6,9,2
PHC-DST-B2-06,2025-04-22,90.0,2.0,5,7,3
PHC-DST-B2-06,2025-04-23,79.0,1.0,7,5,2
PHC-DST-B2-06,2025-04-24,81.0,3.0,4,11,1
PHC-DST-B2-06,2025-04-25,87.0,1.0,5,11,2
PHC-DST-B2-06,2025-04-26,72.0,1.0,4,10,1
PHC-DST-B2-06,2025-04-27,34.0,7.0,4,13,0
PHC-DST-B2-06,2025-04-28,94.0,4.0,3,10,2
PHC-DST-B2-06,2025-04-29,91.0,3.0,5,10,1
PHC-DST-B2-06,2025-04-30,87.0,4.0,4,11,2
PHC-DST-B2-06,2025-05-01,76.0,3.0,6,5,3
PHC-DST-B2-06,2025-05-02,87.0,3.0,5,11,2
PHC-DST-B2-06,2025-05-03,74.0,2.0,3,12,3
PHC-DST-B2-06,2025-05-04,39.0,5.0,4,12,5
PHC-DST-B2-06,2025-05-05,105.0,6.0,6,11,1
PHC-DST-B2-06,2025-05-06,89.0,3.0,6,8,2
PHC-DST-B2-06,2025-05-07,84.0,2.0,5,9,1
PHC-DST-B2-06,2025-05-08,78.0,6.0,6,9,2
PHC-DST-B2-06,2025-05-09,87.0,5.0,4,10,4
PHC-DST-B2-06,2025-05-10,76.0,2.0,5,10,5
PHC-DST-B2-06,2025-05-11,36.0,3.0,4,7,0
PHC-DST-B2-06,2025-05-12,90.0,5.0,3,5,1
PHC-DST-B2-06,2025-05-13,97.0,2.0,6,9,2
PHC-DST-B2-06,2025-05-14,88.0,4.0,5,10,1
PHC-DST-B2-06,2025-05-15,80.0,4.0,4,12,4
PHC-DST-B2-06,2025-05-16,77.0,2.0,6,5,4
PHC-DST-B2-06,2025-05-17,73.0,0.0,6,6,3
PHC-DST-B2-06,2025-05-18,34.0,3.0,4,10,1
PHC-DST-B2-06,2025-05-19,99.0,3.0,5,8,1
PHC-DST-B2-06,2025-05-20,89.0,1.0,4,8,5
PHC-DST-B2-06,2025-05-21,78.0,2.0,5,6,1
PHC-DST-B2-06,2025-05-22,80.0,5.0,7,9,2
PHC-DST-B2-06,2025-05-23,91.0,3.0,4,10,1
PHC-DST-B2-06,2025-05-24,74.0,1.0,6,9,3
PHC-DST-B2-06,2025-05-25,31.0,6.0,5,8,3
PHC-DST-B2-06,2025-05-26,101.0,3.0,6,8,2
PHC-DST-B2-06,2025-05-27,88.0,2.0,4,9,2
PHC-DST-B2-06,2025-05-28,85.0,5.0,5,11,3
PHC-DST-B2-06,2025-05-29,82.0,3.0,6,7,0
PHC-DST-B2-06,2025-05-30,86.0,2.0,5,11,2
PHC-DST-B2-06,2025-05-31,77.0,9.0,5,10,2
PHC-DST-B2-06,2025-06-01,30.0,1.0,3,6,1
PHC-DST-B2-06,2025-06-02,95.0,1.0,4,11,2
PHC-DST-B2-06,2025-06-03,87.0,1.0,5,7,0
PHC-DST-B2-06,2025-06-04,86.0,2.0,4,9,3
PHC-DST-B2-06,2025-06-05,76.0,2.0,3,7,1
PHC-DST-B2-06,2025-06-06,87.0,2.0,5,11,1
PHC-DST-B2-06,2025-06-07,74.0,1.0,7,8,0
PHC-DST-B2-06,2025-06-08,36.0,1.0,5,10,0
PHC-DST-B2-06,2025-06-09,106.0,4.0,3,8,1
PHC-DST-B2-06,2025-06-10,89.0,4.0,2,6,1
PHC-DST-B2-06,2025-06-11,86.0,2.0,4,9,2
PHC-DST-B2-06,2025-06-12,81.0,4.0,5,10,3
PHC-DST-B2-06,2025-06-13,81.0,3.0,2,9,3
PHC-DST-B2-06,2025-06-14,77.0,3.0,5,8,2
PHC-DST-B2-06,2025-06-15,33.0,4.0,3,10,1
PHC-DST-B2-06,2025-06-16,100.0,3.0,5,9,4
PHC-DST-B2-06,2025-06-17,85.0,3.0,4,7,3
PHC-DST-B2-06,2025-06-18,86.0,6.0,5,9,4
PHC-DST-B2-06,2025-06-19,80.0,1.0,3,7,2
PHC-DST-B2-06,2025-06-20,85.0,4.0,6,9,3
PHC-DST-B2-06,2025-06-21,70.0,4.0,5,7,1
PHC-DST-B2-06,2025-06-22,37.0,5.0,3,7,2
PHC-DST-B2-06,2025-06-23,101.0,1.0,4,7,2
PHC-DST-B2-06,2025-06-24,89.0,4.0,6,6,3
PHC-DST-B2-06,2025-06-25,88.0,4.0,5,11,2
PHC-DST-B2-06,2025-06-26,79.0,4.0,5,10,2
PHC-DST-B2-06,2025-06-27,83.0,4.0,6,10,3
PHC-DST-B2-06,2025-06-28,72.0,4.0,4,8,0
PHC-DST-B2-06,2025-06-29,35.0,2.0,5,10,2
PHC-DST-B2-06,2025-06-30,95.0,1.0,5,8,3
PHC-DST-C1-01,2024-01-01,95.0,3.0,4,6,2
PHC-DST-C1-01,2024-01-02,91.0,7.0,6,7,3
PHC-DST-C1-01,2024-01-03,84.0,5.0,5,9,0
PHC-DST-C1-01,2024-01-04,84.0,6.0,7,7,2
PHC-DST-C1-01,2024-01-05,83.0,1.0,4,9,0
PHC-DST-C1-01,2024-01-06,70.0,2.0,4,8,2
PHC-DST-C1-01,2024-01-07,28.0,1.0,4,6,2
PHC-DST-C1-01,2024-01-08,97.0,2.0,5,9,4
PHC-DST-C1-01,2024-01-09,96.0,1.0,5,10,1
PHC-DST-C1-01,2024-01-10,92.0,1.0,5,12,2
PHC-DST-C1-01,2024-01-11,78.0,,4,7,0
PHC-DST-C1-01,2024-01-12,89.0,4.0,6,12,2
PHC-DST-C1-01,2024-01-13,75.0,2.0,7,7,0
PHC-DST-C1-01,2024-01-14,38.0,2.0,5,14,2
PHC-DST-C1-01,2024-01-15,102.0,6.0,5,9,1
PHC-DST-C1-01,2024-01-16,94.0,1.0,3,11,0
PHC-DST-C1-01,2024-01-17,85.0,1.0,3,11,1
PHC-DST-C1-01,2024-01-18,88.0,3.0,7,11,0
PHC-DST-C1-01,2024-01-19,86.0,7.0,6,11,1
PHC-DST-C1-01,2024-01-20,75.0,7.0,5,10,3
PHC-DST-C1-01,2024-01-21,45.0,3.0,5,10,1
PHC-DST-C1-01,2024-01-22,95.0,4.0,4,10,2
PHC-DST-C1-01,2024-01-23,91.0,3.0,4,8,0
PHC-DST-C1-01,2024-01-24,85.0,2.0,3,9,3
PHC-DST-C1-01,2024-01-25,79.0,4.0,5,7,5
PHC-DST-C1-01,2024-01-26,83.0,3.0,2,10,1
PHC-DST-C1-01,2024-01-27,72.0,7.0,5,8,3
PHC-DST-C1-01,2024-01-28,32.0,2.0,4,8,2
PHC-DST-C1-01,2024-01-29,104.0,2.0,6,14,2
PHC-DST-C1-01,2024-01-30,90.0,2.0,5,10,0
PHC-DST-C1-01,2024-01-31,85.0,4.0,3,7,1
PHC-DST-C1-01,2024-02-01,89.0,,6,8,2
PHC-DST-C1-01,2024-02-02,93.0,6.0,5,14,1
PHC-DST-C1-01,2024-02-03,74.0,6.0,4,13,2
PHC-DST-C1-01,2024-02-04,37.0,1.0,5,9,1
PHC-DST-C1-01,2024-02-05,102.0,1.0,6,9,2
PHC-DST-C1-01,2024-02-06,97.0,1.0,5,10,4
PHC-DST-C1-01,2024-02-07,88.0,2.0,3,11,1
PHC-DST-C1-01,2024-02-08,80.0,2.0,4,9,1
PHC-DST-C1-01,2024-02-09,87.0,5.0,4,9,3
PHC-DST-C1-01,2024-02-10,69.0,0.0,4,6,1
PHC-DST-C1-01,2024-02-11,39.0,4.0,5,10,0
PHC-DST-C1-01,2024-02-12,98.0,4.0,4,12,1
PHC-DST-C1-01,2024-02-13,88.0,6.0,5,8,2
PHC-DST-C1-01,2024-02-14,84.0,5.0,6,8,1
PHC-DST-C1-01,2024-02-15,84.0,4.0,6,11,3
PHC-DST-C1-01,2024-02-16,84.0,0.0,4,10,2
PHC-DST-C1-01,2024-02-17,71.0,2.0,5,8,4
PHC-DST-C1-01,2024-02-18,34.0,4.0,4,12,1
PHC-DST-C1-01,2024-02-19,95.0,1.0,4,9,3
PHC-DST-C1-01,2024-02-20,91.0,2.0,5,8,2
PHC-DST-C1-01,2024-02-21,86.0,2.0,4,8,1
PHC-DST-C1-01,2024-02-22,90.0,4.0,5,13,0
PHC-DST-C1-01,2024-02-23,82.0,3.0,1,7,1
PHC-DST-C1-01,2024-02-24,71.0,7.0,4,11,2
PHC-DST-C1-01,2024-02-25,30.0,1.0,5,9,2
PHC-DST-C1-01,2024-02-26,105.0,1.0,5,10,0
PHC-DST-C1-01,2024-02-27,91.0,2.0,5,8,2
PHC-DST-C1-01,2024-02-28,91.0,2.0,6,13,3
PHC-DST-C1-01,2024-02-29,79.0,2.0,3,11,2
PHC-DST-C1-01,2024-03-01,83.0,1.0,7,6,2
PHC-DST-C1-01,2024-03-02,75.0,4.0,5,9,1
PHC-DST-C1-01,2024-03-03,34.0,3.0,6,10,1
PHC-DST-C1-01,2024-03-04,101.0,5.0,5,10,2
PHC-DST-C1-01,2024-03-05,91.0,6.0,5,10,0
PHC-DST-C1-01,2024-03-06,82.0,4.0,5,7,1
PHC-DST-C1-01,2024-03-07,80.0,2.0,5,9,0
PHC-DST-C1-01,2024-03-08,85.0,4.0,4,9,1
PHC-DST-C1-01,2024-03-09,73.0,2.0,4,9,2
PHC-DST-C1-01,2024-03-10,33.0,3.0,5,8,0
PHC-DST-C1-01,2024-03-11,105.0,2.0,6,14,2
PHC-DST-C1-01,2024-03-12,96.0,2.0,8,9,4
PHC-DST-C1-01,2024-03-13,82.0,1.0,7,10,3
PHC-DST-C1-01,2024-03-14,81.0,3.0,6,9,4
PHC-DST-C1-01,2024-03-15,83.0,4.0,7,10,1
PHC-DST-C1-01,2024-03-16,75.0,4.0,5,13,0
PHC-DST-C1-01,2024-03-17,33.0,1.0,7,9,2
PHC-DST-C1-01,2024-03-18,104.0,5.0,5,11,1
PHC-DST-C1-01,2024-03-19,92.0,1.0,5,9,4
PHC-DST-C1-01,2024-03-20,89.0,1.0,6,8,0
PHC-DST-C1-01,2024-03-21,86.0,3.0,5,11,1
PHC-DST-C1-01,2024-03-22,85.0,4.0,7,9,1
PHC-DST-C1-01,2024-03-23,79.0,2.0,7,9,3
PHC-DST-C1-01,2024-03-24,32.0,6.0,5,9,2
PHC-DST-C1-01,2024-03-25,100.0,5.0,4,7,0
PHC-DST-C1-01,2024-03-26,96.0,2.0,5,7,0
PHC-DST-C1-01,2024-03-27,83.0,3.0,6,9,2
PHC-DST-C1-01,2024-03-28,80.0,7.0,6,10,0
PHC-DST-C1-01,2024-03-29,93.0,8.0,5,10,1
PHC-DST-C1-01,2024-03-30,83.0,3.0,4,12,6
PHC-DST-C1-01,2024-03-31,36.0,4.0,3,7,4
PHC-DST-C1-01,2024-04-01,99.0,2.0,5,9,2
PHC-DST-C1-01,2024-04-02,96.0,5.0,5,11,3
PHC-DST-C1-01,2024-04-03,89.0,2.0,4,11,1
PHC-DST-C1-01,2024-04-04,80.0,2.0,5,8,4
PHC-DST-C1-01,2024-04-05,92.0,4.0,5,10,1
PHC-DST-C1-01,2024-04-06,71.0,3.0,4,8,1
PHC-DST-C1-01,2024-04-07,36.0,1.0,6,7,4
PHC-DST-C1-01,2024-04-08,100.0,5.0,4,9,1
PHC-DST-C1-01,2024-04-09,98.0,1.0,5,10,1
PHC-DST-C1-01,2024-04-10,90.0,3.0,5,11,0
PHC-DST-C1-01,2024-04-11,79.0,2.0,4,8,1
PHC-DST-C1-01,2024-04-12,87.0,5.0,4,6,0
PHC-DST-C1-01,2024-04-13,79.0,5.0,5,9,3
PHC-DST-C1-01,2024-04-14,37.0,0.0,3,14,0
PHC-DST-C1-01,2024-04-15,100.0,2.0,4,10,3
PHC-DST-C1-01,2024-04-16,91.0,2.0,3,7,2
PHC-DST-C1-01,2024-04-17,84.0,5.0,4,9,1
PHC-DST-C1-01,2024-04-18,85.0,1.0,5,9,2
PHC-DST-C1-01,2024-04-19,84.0,2.0,6,8,1
PHC-DST-C1-01,2024-04-20,68.0,4.0,3,7,2
PHC-DST-C1-01,2024-04-21,36.0,3.0,5,9,1
PHC-DST-C1-01,2024-04-22,95.0,1.0,6,7,2
PHC-DST-C1-01,2024-04-23,94.0,5.0,4,10,7
PHC-DST-C1-01,2024-04-24,87.0,1.0,4,7,0
PHC-DST-C1-01,2024-04-25,74.0,4.0,4,6,1
PHC-DST-C1-01,2024-04-26,89.0,1.0,5,11,2
PHC-DST-C1-01,2024-04-27,71.0,0.0,5,9,4
PHC-DST-C1-01,2024-04-28,35.0,0.0,4,9,1
PHC-DST-C1-01,2024-04-29,101.0,0.0,4,8,3
PHC-DST-C1-01,2024-04-30,90.0,2.0,5,7,1
PHC-DST-C1-01,2024-05-01,84.0,2.0,6,9,4
PHC-DST-C1-01,2024-05-02,86.0,3.0,6,12,1
PHC-DST-C1-01,2024-05-03,87.0,1.0,4,9,4
PHC-DST-C1-01,2024-05-04,78.0,5.0,6,11,2
PHC-DST-C1-01,2024-05-05,37.0,5.0,4,12,2
PHC-DST-C1-01,2024-05-06,98.0,4.0,6,9,3
PHC-DST-C1-01,2024-05-07,96.0,,7,9,2
PHC-DST-C1-01,2024-05-08,82.0,3.0,4,8,0
PHC-DST-C1-01,2024-05-09,,2.0,4,6,1
PHC-DST-C1-01,2024-05-10,82.0,2.0,3,9,5
PHC-DST-C1-01,2024-05-11,76.0,3.0,4,9,2
PHC-DST-C1-01,2024-05-12,34.0,3.0,3,9,4
PHC-DST-C1-01,2024-05-13,97.0,1.0,3,6,2
PHC-DST-C1-01,2024-05-14,89.0,3.0,4,6,2
PHC-DST-C1-01,2024-05-15,81.0,4.0,5,8,1
PHC-DST-C1-01,2024-05-16,82.0,4.0,5,8,4
PHC-DST-C1-01,2024-05-17,83.0,1.0,6,8,2
PHC-DST-C1-01,2024-05-18,76.0,3.0,3,10,1
PHC-DST-C1-01,2024-05-19,33.0,3.0,5,8,1
PHC-DST-C1-01,2024-05-20,99.0,7.0,4,10,4
PHC-DST-C1-01,2024-05-21,88.0,3.0,2,9,1
PHC-DST-C1-01,2024-05-22,89.0,1.0,5,13,0
PHC-DST-C1-01,2024-05-23,84.0,,6,7,3
PHC-DST-C1-01,2024-05-24,84.0,1.0,5,11,1
PHC-DST-C1-01,2024-05-25,73.0,6.0,5,11,2
PHC-DST-C1-01,2024-05-26,30.0,2.0,4,8,5
PHC-DST-C1-01,2024-05-27,107.0,0.0,4,10,1
PHC-DST-C1-01,2024-05-28,101.0,3.0,3,12,3
PHC-DST-C1-01,2024-05-29,93.0,1.0,7,12,4
PHC-DST-C1-01,2024-05-30,79.0,,4,6,3
PHC-DST-C1-01,2024-05-31,87.0,5.0,5,11,2
PHC-DST-C1-01,2024-06-01,77.0,6.0,6,8,1
PHC-DST-C1-01,2024-06-02,40.0,2.0,4,7,2
PHC-DST-C1-01,2024-06-03,101.0,2.0,4,8,0
PHC-DST-C1-01,2024-06-04,92.0,4.0,4,7,2
PHC-DST-C1-01,2024-06-05,85.0,4.0,5,11,2
PHC-DST-C1-01,2024-06-06,82.0,6.0,4,12,3
PHC-DST-C1-01,2024-06-07,87.0,3.0,5,9,3
PHC-DST-C1-01,2024-06-08,69.0,4.0,5,8,1
PHC-DST-C1-01,2024-06-09,35.0,1.0,4,9,1
PHC-DST-C1-01,2024-06-10,99.0,3.0,3,7,4
PHC-DST-C1-01,2024-06-11,99.0,4.0,7,12,2
PHC-DST-C1-01,2024-06-12,87.0,1.0,5,12,2
PHC-DST-C1-01,2024-06-13,84.0,4.0,8,10,1
PHC-DST-C1-01,2024-06-14,91.0,,5,11,0
PHC-DST-C1-01,2024-06-15,78.0,1.0,5,8,1
PHC-DST-C1-01,2024-06-16,37.0,1.0,5,8,2
PHC-DST-C1-01,2024-06-17,102.0,3.0,5,12,1
PHC-DST-C1-01,2024-06-18,89.0,2.0,3,10,5
PHC-DST-C1-01,2024-06-19,85.0,4.0,3,11,3
PHC-DST-C1-01,2024-06-20,82.0,2.0,2,12,1
PHC-DST-C1-01,2024-06-21,84.0,0.0,6,8,1
PHC-DST-C1-01,2024-06-22,74.0,3.0,5,11,2
PHC-DST-C1-01,2024-06-23,33.0,1.0,5,8,2
PHC-DST-C1-01,2024-06-24,97.0,4.0,4,8,1
PHC-DST-C1-01,2024-06-25,98.0,5.0,6,11,3
PHC-DST-C1-01,2024-06-26,88.0,4.0,6,10,2
PHC-DST-C1-01,2024-06-27,80.0,2.0,4,9,1
PHC-DST-C1-01,2024-06-28,83.0,4.0,4,8,1
PHC-DST-C1-01,2024-06-29,69.0,2.0,4,8,3
PHC-DST-C1-01,2024-06-30,40.0,,4,10,2
PHC-DST-C1-01,2024-07-01,103.0,8.0,6,10,0
PHC-DST-C1-01,2024-07-02,89.0,6.0,4,9,4
PHC-DST-C1-01,2024-07-03,90.0,2.0,4,9,1
PHC-DST-C1-01,2024-07-04,78.0,5.0,4,8,1
PHC-DST-C1-01,2024-07-05,85.0,2.0,4,10,3
PHC-DST-C1-01,2024-07-06,74.0,3.0,2,8,6
PHC-DST-C1-01,2024-07-07,36.0,2.0,6,9,3
PHC-DST-C1-01,2024-07-08,97.0,3.0,5,9,2
PHC-DST-C1-01,2024-07-09,92.0,3.0,5,9,7
PHC-DST-C1-01,2024-07-10,90.0,0.0,4,9,3
PHC-DST-C1-01,2024-07-11,84.0,2.0,4,13,2
PHC-DST-C1-01,2024-07-12,85.0,4.0,5,9,1
PHC-DST-C1-01,2024-07-13,79.0,2.0,4,11,2
PHC-DST-C1-01,2024-07-14,34.0,1.0,4,6,1
PHC-DST-C1-01,2024-07-15,98.0,4.0,8,9,0
PHC-DST-C1-01,2024-07-16,,2.0,7,10,3
PHC-DST-C1-01,2024-07-17,86.0,3.0,5,10,1
PHC-DST-C1-01,2024-07-18,82.0,4.0,6,8,3
PHC-DST-C1-01,2024-07-19,84.0,2.0,3,10,0
PHC-DST-C1-01,2024-07-20,74.0,2.0,5,6,0
PHC-DST-C1-01,2024-07-21,43.0,2.0,4,9,1
PHC-DST-C1-01,2024-07-22,105.0,2.0,5,14,4
PHC-DST-C1-01,2024-07-23,94.0,2.0,4,11,1
PHC-DST-C1-01,2024-07-24,88.0,2.0,6,10,0
PHC-DST-C1-01,2024-07-25,80.0,3.0,4,6,1
PHC-DST-C1-01,2024-07-26,83.0,4.0,4,9,4
PHC-DST-C1-01,2024-07-27,77.0,2.0,6,11,0
PHC-DST-C1-01,2024-07-28,35.0,2.0,5,10,1
PHC-DST-C1-01,2024-07-29,100.0,2.0,4,10,1
PHC-DST-C1-01,2024-07-30,88.0,2.0,3,5,2
PHC-DST-C1-01,2024-07-31,85.0,2.0,4,13,3
PHC-DST-C1-01,2024-08-01,80.0,1.0,4,9,2
PHC-DST-C1-01,2024-08-02,85.0,5.0,6,10,0
PHC-DST-C1-01,2024-08-03,72.0,3.0,5,7,4
PHC-DST-C1-01,2024-08-04,33.0,5.0,5,10,2
PHC-DST-C1-01,2024-08-05,101.0,2.0,5,11,1
PHC-DST-C1-01,2024-08-06,93.0,,4,11,1
PHC-DST-C1-01,2024-08-07,84.0,2.0,5,8,2
PHC-DST-C1-01,2024-08-08,81.0,2.0,3,7,7
PHC-DST-C1-01,2024-08-09,82.0,1.0,3,9,4
PHC-DST-C1-01,2024-08-10,78.0,1.0,4,12,1
PHC-DST-C1-01,2024-08-11,35.0,5.0,5,8,2
PHC-DST-C1-01,2024-08-12,97.0,3.0,3,9,1
PHC-DST-C1-01,2024-08-13,85.0,1.0,4,6,0
PHC-DST-C1-01,2024-08-14,83.0,2.0,4,10,1
PHC-DST-C1-01,2024-08-15,87.0,4.0,5,11,4
PHC-DST-C1-01,2024-08-16,88.0,6.0,16,8,1
PHC-DST-C1-01,2024-08-17,82.0,0.0,12,9,4
PHC-DST-C1-01,2024-08-18,38.0,4.0,2,10,4
PHC-DST-C1-01,2024-08-19,103.0,2.0,5,11,1
PHC-DST-C1-01,2024-08-20,90.0,3.0,4,8,3
PHC-DST-C1-01,2024-08-21,88.0,2.0,6,11,2
PHC-DST-C1-01,2024-08-22,84.0,5.0,4,18,3
PHC-DST-C1-01,2024-08-23,83.0,3.0,6,7,0
PHC-DST-C1-01,2024-08-24,75.0,2.0,4,9,6
PHC-DST-C1-01,2024-08-25,33.0,1.0,3,8,6
PHC-DST-C1-01,2024-08-26,100.0,2.0,5,7,3
PHC-DST-C1-01,2024-08-27,99.0,2.0,6,9,2
PHC-DST-C1-01,2024-08-28,87.0,0.0,6,10,2
PHC-DST-C1-01,2024-08-29,79.0,6.0,5,6,3
PHC-DST-C1-01,2024-08-30,85.0,1.0,3,10,0
PHC-DST-C1-01,2024-08-31,74.0,1.0,6,8,1
PHC-DST-C1-01,2024-09-01,30.0,4.0,5,11,1
PHC-DST-C1-01,2024-09-02,99.0,1.0,4,10,3
PHC-DST-C1-01,2024-09-03,91.0,1.0,6,8,9
PHC-DST-C1-01,2024-09-04,85.0,1.0,4,11,0
PHC-DST-C1-01,2024-09-05,86.0,5.0,5,11,3
PHC-DST-C1-01,2024-09-06,89.0,2.0,5,12,2
PHC-DST-C1-01,2024-09-07,76.0,4.0,5,9,2
PHC-DST-C1-01,2024-09-08,39.0,2.0,5,11,4
PHC-DST-C1-01,2024-09-09,99.0,4.0,3,12,3
PHC-DST-C1-01,2024-09-10,98.0,2.0,18,6,6
PHC-DST-C1-01,2024-09-11,91.0,2.0,15,10,1
PHC-DST-C1-01,2024-09-12,78.0,6.0,4,8,3
PHC-DST-C1-01,2024-09-13,86.0,2.0,4,10,1
PHC-DST-C1-01,2024-09-14,71.0,3.0,6,5,1
PHC-DST-C1-01,2024-09-15,30.0,7.0,5,8,2
PHC-DST-C1-01,2024-09-16,117.0,1.0,6,25,1
PHC-DST-C1-01,2024-09-17,87.0,4.0,5,7,2
PHC-DST-C1-01,2024-09-18,86.0,7.0,4,11,2
PHC-DST-C1-01,2024-09-19,81.0,2.0,4,7,3
PHC-DST-C1-01,2024-09-20,80.0,5.0,7,7,7
PHC-DST-C1-01,2024-09-21,72.0,3.0,6,8,5
PHC-DST-C1-01,2024-09-22,35.0,8.0,5,10,3
PHC-DST-C1-01,2024-09-23,102.0,4.0,6,12,2
PHC-DST-C1-01,2024-09-24,86.0,1.0,4,8,2
PHC-DST-C1-01,2024-09-25,88.0,2.0,5,8,1
PHC-DST-C1-01,2024-09-26,73.0,4.0,3,4,4
PHC-DST-C1-01,2024-09-27,,6.0,4,11,0
PHC-DST-C1-01,2024-09-28,72.0,6.0,3,8,2
PHC-DST-C1-01,2024-09-29,38.0,2.0,4,12,2
PHC-DST-C1-01,2024-09-30,108.0,3.0,5,11,1
PHC-DST-C1-01,2024-10-01,93.0,5.0,5,8,0
PHC-DST-C1-01,2024-10-02,86.0,5.0,4,10,4
PHC-DST-C1-01,2024-10-03,86.0,2.0,4,12,2
PHC-DST-C1-01,2024-10-04,83.0,2.0,4,8,3
PHC-DST-C1-01,2024-10-05,76.0,2.0,6,12,0
PHC-DST-C1-01,2024-10-06,,2.0,5,12,3
PHC-DST-C1-01,2024-10-07,,4.0,4,9,2
PHC-DST-C1-01,2024-10-08,94.0,4.0,5,11,1
PHC-DST-C1-01,2024-10-09,81.0,3.0,5,8,3
PHC-DST-C1-01,2024-10-10,82.0,3.0,5,7,3
PHC-DST-C1-01,2024-10-11,86.0,3.0,5,9,3
PHC-DST-C1-01,2024-10-12,74.0,1.0,4,12,3
PHC-DST-C1-01,2024-10-13,36.0,3.0,4,11,1
PHC-DST-C1-01,2024-10-14,96.0,4.0,2,10,2
PHC-DST-C1-01,2024-10-15,96.0,2.0,6,10,3
PHC-DST-C1-01,2024-10-16,84.0,3.0,5,9,1
PHC-DST-C1-01,2024-10-17,86.0,2.0,6,11,4
PHC-DST-C1-01,2024-10-18,89.0,5.0,4,10,1
PHC-DST-C1-01,2024-10-19,72.0,7.0,6,7,6
PHC-DST-C1-01,2024-10-20,31.0,4.0,4,6,0
PHC-DST-C1-01,2024-10-21,99.0,2.0,3,9,3
PHC-DST-C1-01,2024-10-22,102.0,2.0,6,8,3
PHC-DST-C1-01,2024-10-23,80.0,2.0,4,8,5
PHC-DST-C1-01,2024-10-24,79.0,4.0,3,6,1
PHC-DST-C1-01,2024-10-25,84.0,3.0,6,8,0
PHC-DST-C1-01,2024-10-26,77.0,3.0,6,7,0
PHC-DST-C1-01,2024-10-27,39.0,1.0,4,10,1
PHC-DST-C1-01,2024-10-28,102.0,1.0,6,9,1
PHC-DST-C1-01,2024-10-29,90.0,3.0,6,9,0
PHC-DST-C1-01,2024-10-30,84.0,5.0,2,11,2
PHC-DST-C1-01,2024-10-31,83.0,3.0,4,9,5
PHC-DST-C1-01,2024-11-01,87.0,3.0,4,10,0
PHC-DST-C1-01,2024-11-02,78.0,3.0,7,8,2
PHC-DST-C1-01,2024-11-03,37.0,5.0,4,8,4
PHC-DST-C1-01,2024-11-04,96.0,2.0,4,10,1
PHC-DST-C1-01,2024-11-05,96.0,2.0,6,9,4
PHC-DST-C1-01,2024-11-06,83.0,3.0,4,8,2
PHC-DST-C1-01,2024-11-07,83.0,3.0,4,12,1
PHC-DST-C1-01,2024-11-08,79.0,3.0,3,6,1
PHC-DST-C1-01,2024-11-09,72.0,4.0,6,6,2
PHC-DST-C1-01,2024-11-10,36.0,0.0,5,5,3
PHC-DST-C1-01,2024-11-11,98.0,1.0,3,9,3
PHC-DST-C1-01,2024-11-12,90.0,2.0,6,7,2
PHC-DST-C1-01,2024-11-13,86.0,2.0,4,12,2
PHC-DST-C1-01,2024-11-14,80.0,5.0,4,9,2
PHC-DST-C1-01,2024-11-15,83.0,0.0,6,9,2
PHC-DST-C1-01,2024-11-16,74.0,4.0,5,7,2
PHC-DST-C1-01,2024-11-17,33.0,6.0,3,8,5
PHC-DST-C1-01,2024-11-18,98.0,5.0,3,11,1
PHC-DST-C1-01,2024-11-19,95.0,0.0,4,9,1
PHC-DST-C1-01,2024-11-20,82.0,2.0,3,5,1
PHC-DST-C1-01,2024-11-21,84.0,3.0,5,10,2
PHC-DST-C1-01,2024-11-22,87.0,2.0,6,7,4
PHC-DST-C1-01,2024-11-23,75.0,4.0,4,10,1
PHC-DST-C1-01,2024-11-24,35.0,3.0,3,7,3
PHC-DST-C1-01,2024-11-25,95.0,1.0,5,9,1
PHC-DST-C1-01,2024-11-26,95.0,2.0,4,10,1
PHC-DST-C1-01,2024-11-27,87.0,3.0,5,9,2
PHC-DST-C1-01,2024-11-28,84.0,3.0,7,9,2
PHC-DST-C1-01,2024-11-29,83.0,4.0,5,10,3
PHC-DST-C1-01,2024-11-30,75.0,2.0,5,9,2
PHC-DST-C1-01,2024-12-01,36.0,5.0,6,9,2
PHC-DST-C1-01,2024-12-02,,2.0,5,7,4
PHC-DST-C1-01,2024-12-03,87.0,3.0,3,10,1
PHC-DST-C1-01,2024-12-04,87.0,0.0,5,11,1
PHC-DST-C1-01,2024-12-05,81.0,4.0,4,9,2
PHC-DST-C1-01,2024-12-06,89.0,2.0,5,11,2
PHC-DST-C1-01,2024-12-07,68.0,4.0,3,8,1
PHC-DST-C1-01,2024-12-08,32.0,1.0,6,8,4
PHC-DST-C1-01,2024-12-09,100.0,0.0,4,10,4
PHC-DST-C1-01,2024-12-10,98.0,7.0,6,11,0
PHC-DST-C1-01,2024-12-11,85.0,4.0,6,11,2
PHC-DST-C1-01,2024-12-12,84.0,1.0,5,12,0
PHC-DST-C1-01,2024-12-13,,4.0,4,9,3
PHC-DST-C1-01,2024-12-14,72.0,5.0,5,9,0
PHC-DST-C1-01,2024-12-15,40.0,3.0,5,8,2
PHC-DST-C1-01,2024-12-16,99.0,2.0,2,10,2
PHC-DST-C1-01,2024-12-17,84.0,3.0,4,5,2
PHC-DST-C1-01,2024-12-18,87.0,3.0,5,12,2
PHC-DST-C1-01,2024-12-19,83.0,6.0,5,12,0
PHC-DST-C1-01,2024-12-20,86.0,3.0,5,8,3
PHC-DST-C1-01,2024-12-21,71.0,3.0,4,11,0
PHC-DST-C1-01,2024-12-22,36.0,2.0,3,13,1
PHC-DST-C1-01,2024-12-23,101.0,1.0,4,13,3
PHC-DST-C1-01,2024-12-24,92.0,4.0,7,13,2
PHC-DST-C1-01,2024-12-25,88.0,1.0,5,9,2
PHC-DST-C1-01,2024-12-26,79.0,4.0,5,6,4
PHC-DST-C1-01,2024-12-27,81.0,1.0,4,9,1
PHC-DST-C1-01,2024-12-28,70.0,0.0,5,9,1
PHC-DST-C1-01,2024-12-29,32.0,1.0,5,8,1
PHC-DST-C1-01,2024-12-30,89.0,3.0,4,7,1
PHC-DST-C1-01,2024-12-31,94.0,3.0,5,8,0
PHC-DST-C1-01,2025-01-01,83.0,1.0,6,9,1
PHC-DST-C1-01,2025-01-02,79.0,4.0,3,9,1
PHC-DST-C1-01,2025-01-03,86.0,3.0,4,8,6
PHC-DST-C1-01,2025-01-04,70.0,4.0,4,8,1
PHC-DST-C1-01,2025-01-05,30.0,7.0,4,7,1
PHC-DST-C1-01,2025-01-06,102.0,2.0,6,10,1
PHC-DST-C1-01,2025-01-07,90.0,2.0,4,12,1
PHC-DST-C1-01,2025-01-08,86.0,4.0,4,11,1
PHC-DST-C1-01,2025-01-09,86.0,5.0,3,12,2
PHC-DST-C1-01,2025-01-10,81.0,4.0,6,9,4
PHC-DST-C1-01,2025-01-11,76.0,1.0,5,10,1
PHC-DST-C1-01,2025-01-12,34.0,2.0,6,10,7
PHC-DST-C1-01,2025-01-13,103.0,4.0,6,8,1
PHC-DST-C1-01,2025-01-14,90.0,3.0,5,9,2
PHC-DST-C1-01,2025-01-15,86.0,3.0,6,9,2
PHC-DST-C1-01,2025-01-16,87.0,3.0,6,12,0
PHC-DST-C1-01,2025-01-17,82.0,5.0,3,7,1
PHC-DST-C1-01,2025-01-18,72.0,2.0,3,8,1
PHC-DST-C1-01,2025-01-19,35.0,3.0,4,10,2
PHC-DST-C1-01,2025-01-20,96.0,3.0,6,5,3
PHC-DST-C1-01,2025-01-21,95.0,5.0,5,8,2
PHC-DST-C1-01,2025-01-22,80.0,5.0,5,6,3
PHC-DST-C1-01,2025-01-23,79.0,2.0,5,6,0
PHC-DST-C1-01,2025-01-24,89.0,1.0,7,10,5
PHC-DST-C1-01,2025-01-25,75.0,4.0,4,7,3
PHC-DST-C1-01,2025-01-26,34.0,5.0,4,10,1
PHC-DST-C1-01,2025-01-27,100.0,1.0,3,9,2
PHC-DST-C1-01,2025-01-28,89.0,1.0,4,10,2
PHC-DST-C1-01,2025-01-29,82.0,2.0,4,8,0
PHC-DST-C1-01,2025-01-30,83.0,3.0,5,8,1
PHC-DST-C1-01,2025-01-31,89.0,4.0,5,10,2
PHC-DST-C1-01,2025-02-01,77.0,6.0,5,10,0
PHC-DST-C1-01,2025-02-02,38.0,2.0,6,10,3
PHC-DST-C1-01,2025-02-03,105.0,6.0,4,10,1
PHC-DST-C1-01,2025-02-04,92.0,5.0,3,9,3
PHC-DST-C1-01,2025-02-05,80.0,7.0,3,9,2
PHC-DST-C1-01,2025-02-06,84.0,6.0,4,9,0
PHC-DST-C1-01,2025-02-07,86.0,1.0,3,10,4
PHC-DST-C1-01,2025-02-08,73.0,2.0,2,12,1
PHC-DST-C1-01,2025-02-09,43.0,4.0,5,11,1
PHC-DST-C1-01,2025-02-10,99.0,3.0,4,10,6
PHC-DST-C1-01,2025-02-11,97.0,1.0,4,10,3
PHC-DST-C1-01,2025-02-12,83.0,2.0,7,11,3
PHC-DST-C1-01,2025-02-13,87.0,2.0,3,8,5
PHC-DST-C1-01,2025-02-14,87.0,4.0,4,12,3
PHC-DST-C1-01,2025-02-15,77.0,2.0,5,11,1
PHC-DST-C1-01,2025-02-16,36.0,2.0,3,9,6
PHC-DST-C1-01,2025-02-17,101.0,5.0,5,11,2
PHC-DST-C1-01,2025-02-18,93.0,0.0,4,10,2
PHC-DST-C1-01,2025-02-19,84.0,7.0,3,8,4
PHC-DST-C1-01,2025-02-20,81.0,3.0,4,10,1
PHC-DST-C1-01,2025-02-21,89.0,1.0,5,7,5
PHC-DST-C1-01,2025-02-22,75.0,1.0,3,13,2
PHC-DST-C1-01,2025-02-23,30.0,5.0,4,5,0
PHC-DST-C1-01,2025-02-24,104.0,5.0,6,9,2
PHC-DST-C1-01,2025-02-25,90.0,3.0,4,10,1
PHC-DST-C1-01,2025-02-26,86.0,1.0,4,7,4
PHC-DST-C1-01,2025-02-27,77.0,4.0,5,9,0
PHC-DST-C1-01,2025-02-28,85.0,1.0,4,6,2
PHC-DST-C1-01,2025-03-01,82.0,5.0,6,12,4
PHC-DST-C1-01,2025-03-02,40.0,3.0,6,9,0
PHC-DST-C1-01,2025-03-03,104.0,1.0,5,11,1
PHC-DST-C1-01,2025-03-04,98.0,7.0,7,9,2
PHC-DST-C1-01,2025-03-05,91.0,3.0,5,10,3
PHC-DST-C1-01,2025-03-06,77.0,7.0,3,9,5
PHC-DST-C1-01,2025-03-07,85.0,2.0,6,10,5
PHC-DST-C1-01,2025-03-08,81.0,4.0,3,10,3
PHC-DST-C1-01,2025-03-09,30.0,4.0,5,8,0
PHC-DST-C1-01,2025-03-10,101.0,3.0,5,14,2
PHC-DST-C1-01,2025-03-11,94.0,1.0,3,10,5
PHC-DST-C1-01,2025-03-12,85.0,5.0,4,8,3
PHC-DST-C1-01,2025-03-13,77.0,5.0,5,9,0
PHC-DST-C1-01,2025-03-14,82.0,4.0,4,5,0
PHC-DST-C1-01,2025-03-15,75.0,4.0,5,11,6
PHC-DST-C1-01,2025-03-16,39.0,3.0,4,12,1
PHC-DST-C1-01,2025-03-17,97.0,3.0,5,8,3
PHC-DST-C1-01,2025-03-18,89.0,4.0,4,10,1
PHC-DST-C1-01,2025-03-19,82.0,8.0,5,10,3
PHC-DST-C1-01,2025-03-20,85.0,1.0,3,10,2
PHC-DST-C1-01,2025-03-21,90.0,1.0,5,11,1
PHC-DST-C1-01,2025-03-22,75.0,1.0,2,9,1
PHC-DST-C1-01,2025-03-23,30.0,4.0,6,7,1
PHC-DST-C1-01,2025-03-24,100.0,0.0,7,11,2
PHC-DST-C1-01,2025-03-25,94.0,1.0,6,12,3
PHC-DST-C1-01,2025-03-26,89.0,1.0,5,8,2
PHC-DST-C1-01,2025-03-27,88.0,4.0,7,12,0
PHC-DST-C1-01,2025-03-28,90.0,5.0,6,10,0
PHC-DST-C1-01,2025-03-29,70.0,2.0,6,8,0
PHC-DST-C1-01,2025-03-30,37.0,1.0,5,9,2
PHC-DST-C1-01,2025-03-31,100.0,3.0,7,9,2
PHC-DST-C1-01,2025-04-01,91.0,2.0,4,9,1
PHC-DST-C1-01,2025-04-02,95.0,2.0,7,14,1
PHC-DST-C1-01,2025-04-03,82.0,,5,9,2
PHC-DST-C1-01,2025-04-04,85.0,3.0,4,10,5
PHC-DST-C1-01,2025-04-05,74.0,,4,10,3
PHC-DST-C1-01,2025-04-06,27.0,6.0,3,7,1
PHC-DST-C1-01,2025-04-07,100.0,4.0,3,10,3
PHC-DST-C1-01,2025-04-08,87.0,6.0,5,9,0
PHC-DST-C1-01,2025-04-09,86.0,0.0,3,10,2
PHC-DST-C1-01,2025-04-10,89.0,1.0,7,13,1
PHC-DST-C1-01,2025-04-11,86.0,1.0,3,10,1
PHC-DST-C1-01,2025-04-12,76.0,2.0,6,11,1
PHC-DST-C1-01,2025-04-13,35.0,3.0,3,8,0
PHC-DST-C1-01,2025-04-14,99.0,5.0,6,11,4
PHC-DST-C1-01,2025-04-15,92.0,3.0,6,9,1
PHC-DST-C1-01,2025-04-16,94.0,5.0,5,7,3
PHC-DST-C1-01,2025-04-17,82.0,4.0,4,9,0
PHC-DST-C1-01,2025-04-18,88.0,3.0,5,10,3
PHC-DST-C1-01,2025-04-19,80.0,2.0,5,11,2
PHC-DST-C1-01,2025-04-20,36.0,5.0,4,12,4
PHC-DST-C1-01,2025-04-21,106.0,6.0,5,9,1
PHC-DST-C1-01,2025-04-22,96.0,2.0,5,7,2
PHC-DST-C1-01,2025-04-23,89.0,0.0,4,10,2
PHC-DST-C1-01,2025-04-24,79.0,4.0,4,11,6
PHC-DST-C1-01,2025-04-25,87.0,3.0,3,11,0
PHC-DST-C1-01,2025-04-26,76.0,2.0,6,8,2
PHC-DST-C1-01,2025-04-27,37.0,2.0,5,10,2
PHC-DST-C1-01,2025-04-28,101.0,6.0,3,11,2
PHC-DST-C1-01,2025-04-29,98.0,1.0,3,11,0
PHC-DST-C1-01,2025-04-30,88.0,3.0,4,11,2
PHC-DST-C1-01,2025-05-01,84.0,6.0,4,13,0
PHC-DST-C1-01,2025-05-02,84.0,3.0,2,7,1
PHC-DST-C1-01,2025-05-03,73.0,3.0,5,9,4
PHC-DST-C1-01,2025-05-04,36.0,1.0,6,10,2
PHC-DST-C1-01,2025-05-05,99.0,3.0,5,9,2
PHC-DST-C1-01,2025-05-06,92.0,7.0,4,8,1
PHC-DST-C1-01,2025-05-07,84.0,5.0,4,7,1
PHC-DST-C1-01,2025-05-08,80.0,3.0,3,7,2
PHC-DST-C1-01,2025-05-09,87.0,2.0,5,10,5
PHC-DST-C1-01,2025-05-10,70.0,3.0,4,11,0
PHC-DST-C1-01,2025-05-11,33.0,4.0,5,9,1
PHC-DST-C1-01,2025-05-12,96.0,5.0,5,9,1
PHC-DST-C1-01,2025-05-13,88.0,2.0,4,8,1
PHC-DST-C1-01,2025-05-14,89.0,3.0,5,8,2
PHC-DST-C1-01,2025-05-15,85.0,3.0,5,12,0
PHC-DST-C1-01,2025-05-16,90.0,3.0,4,11,4
PHC-DST-C1-01,2025-05-17,79.0,2.0,5,11,1
PHC-DST-C1-01,2025-05-18,38.0,3.0,5,12,1
PHC-DST-C1-01,2025-05-19,100.0,1.0,2,9,1
PHC-DST-C1-01,2025-05-20,93.0,4.0,4,8,1
PHC-DST-C1-01,2025-05-21,86.0,5.0,7,9,4
PHC-DST-C1-01,2025-05-22,86.0,6.0,4,11,2
PHC-DST-C1-01,2025-05-23,80.0,2.0,5,6,2
PHC-DST-C1-01,2025-05-24,,4.0,4,10,4
PHC-DST-C1-01,2025-05-25,34.0,0.0,4,10,1
PHC-DST-C1-01,2025-05-26,100.0,3.0,6,8,2
PHC-DST-C1-01,2025-05-27,96.0,2.0,8,10,3
PHC-DST-C1-01,2025-05-28,89.0,4.0,5,9,1
PHC-DST-C1-01,2025-05-29,80.0,,4,10,0
PHC-DST-C1-01,2025-05-30,82.0,6.0,6,9,3
PHC-DST-C1-01,2025-05-31,75.0,3.0,4,7,4
PHC-DST-C1-01,2025-06-01,39.0,4.0,6,12,2
PHC-DST-C1-01,2025-06-02,104.0,2.0,6,11,3
PHC-DST-C1-01,2025-06-03,87.0,0.0,3,9,3
PHC-DST-C1-01,2025-06-04,90.0,1.0,4,11,0
PHC-DST-C1-01,2025-06-05,82.0,3.0,4,10,3
PHC-DST-C1-01,2025-06-06,87.0,3.0,4,13,2
PHC-DST-C1-01,2025-06-07,78.0,1.0,4,10,2
PHC-DST-C1-01,2025-06-08,36.0,4.0,4,11,5
PHC-DST-C1-01,2025-06-09,90.0,5.0,4,9,2
PHC-DST-C1-01,2025-06-10,93.0,2.0,2,8,6
PHC-DST-C1-01,2025-06-11,80.0,3.0,4,8,4
PHC-DST-C1-01,2025-06-12,84.0,3.0,7,12,4
PHC-DST-C1-01,2025-06-13,83.0,2.0,6,9,2
PHC-DST-C1-01,2025-06-14,77.0,5.0,5,10,1
PHC-DST-C1-01,2025-06-15,31.0,2.0,4,8,3
PHC-DST-C1-01,2025-06-16,101.0,2.0,5,10,0
PHC-DST-C1-01,2025-06-17,94.0,3.0,6,11,2
PHC-DST-C1-01,2025-06-18,87.0,1.0,4,10,2
PHC-DST-C1-01,2025-06-19,86.0,1.0,4,12,1
PHC-DST-C1-01,2025-06-20,87.0,3.0,4,11,1
PHC-DST-C1-01,2025-06-21,78.0,4.0,3,12,1
PHC-DST-C1-01,2025-06-22,33.0,4.0,5,8,1
PHC-DST-C1-01,2025-06-23,99.0,5.0,3,12,3
PHC-DST-C1-01,2025-06-24,92.0,4.0,7,11,4
PHC-DST-C1-01,2025-06-25,87.0,3.0,3,8,1
PHC-DST-C1-01,2025-06-26,84.0,3.0,7,8,1
PHC-DST-C1-01,2025-06-27,86.0,1.0,3,9,1
PHC-DST-C1-01,2025-06-28,72.0,3.0,4,6,2
PHC-DST-C1-01,2025-06-29,38.0,4.0,5,7,4
PHC-DST-C1-01,2025-06-30,99.0,3.0,4,8,4
PHC-DST-C1-02,2024-01-01,116.0,,4,10,1
PHC-DST-C1-02,2024-01-02,110.0,7.0,7,10,2
PHC-DST-C1-02,2024-01-03,96.0,3.0,6,11,3
PHC-DST-C1-02,2024-01-04,98.0,3.0,5,9,1
PHC-DST-C1-02,2024-01-05,100.0,2.0,5,10,3
PHC-DST-C1-02,2024-01-06,88.0,4.0,7,11,2
PHC-DST-C1-02,2024-01-07,39.0,4.0,6,12,5
PHC-DST-C1-02,2024-01-08,119.0,5.0,6,12,4
PHC-DST-C1-02,2024-01-09,104.0,5.0,5,8,1
PHC-DST-C1-02,2024-01-10,103.0,3.0,6,11,1
PHC-DST-C1-02,2024-01-11,90.0,3.0,6,12,3
PHC-DST-C1-02,2024-01-12,96.0,2.0,6,15,2
PHC-DST-C1-02,2024-01-13,89.0,4.0,7,12,1
PHC-DST-C1-02,2024-01-14,40.0,3.0,5,12,2
PHC-DST-C1-02,2024-01-15,121.0,5.0,8,11,3
PHC-DST-C1-02,2024-01-16,111.0,5.0,6,10,1
PHC-DST-C1-02,2024-01-17,102.0,1.0,7,9,1
PHC-DST-C1-02,2024-01-18,94.0,2.0,6,9,2
PHC-DST-C1-02,2024-01-19,105.0,3.0,2,11,2
PHC-DST-C1-02,2024-01-20,92.0,3.0,6,12,1
PHC-DST-C1-02,2024-01-21,42.0,3.0,5,10,2
PHC-DST-C1-02,2024-01-22,117.0,5.0,6,10,0
PHC-DST-C1-02,2024-01-23,116.0,1.0,6,13,3
PHC-DST-C1-02,2024-01-24,93.0,3.0,5,11,0
PHC-DST-C1-02,2024-01-25,102.0,8.0,5,15,2
PHC-DST-C1-02,2024-01-26,106.0,4.0,4,14,6
PHC-DST-C1-02,2024-01-27,86.0,6.0,6,10,0
PHC-DST-C1-02,2024-01-28,40.0,3.0,5,10,2
PHC-DST-C1-02,2024-01-29,113.0,4.0,7,10,5
PHC-DST-C1-02,2024-01-30,113.0,0.0,6,15,0
PHC-DST-C1-02,2024-01-31,109.0,5.0,8,14,6
PHC-DST-C1-02,2024-02-01,98.0,3.0,8,13,0
PHC-DST-C1-02,2024-02-02,102.0,3.0,4,11,2
PHC-DST-C1-02,2024-02-03,,4.0,7,7,3
PHC-DST-C1-02,2024-02-04,38.0,2.0,6,10,1
PHC-DST-C1-02,2024-02-05,115.0,2.0,5,9,1
PHC-DST-C1-02,2024-02-06,116.0,5.0,6,13,1
PHC-DST-C1-02,2024-02-07,100.0,4.0,6,14,3
PHC-DST-C1-02,2024-02-08,94.0,8.0,6,10,1
PHC-DST-C1-02,2024-02-09,100.0,3.0,5,13,4
PHC-DST-C1-02,2024-02-10,85.0,2.0,6,10,2
PHC-DST-C1-02,2024-02-11,45.0,3.0,6,12,2
PHC-DST-C1-02,2024-02-12,122.0,7.0,8,11,0
PHC-DST-C1-02,2024-02-13,111.0,8.0,5,9,5
PHC-DST-C1-02,2024-02-14,101.0,3.0,6,11,3
PHC-DST-C1-02,2024-02-15,96.0,5.0,6,11,1
PHC-DST-C1-02,2024-02-16,99.0,4.0,5,13,2
PHC-DST-C1-02,2024-02-17,80.0,3.0,5,11,3
PHC-DST-C1-02,2024-02-18,47.0,3.0,5,12,3
PHC-DST-C1-02,2024-02-19,111.0,3.0,3,7,4
PHC-DST-C1-02,2024-02-20,108.0,3.0,5,12,1
PHC-DST-C1-02,2024-02-21,97.0,1.0,7,11,1
PHC-DST-C1-02,2024-02-22,100.0,2.0,7,10,5
PHC-DST-C1-02,2024-02-23,102.0,2.0,4,11,1
PHC-DST-C1-02,2024-02-24,86.0,2.0,5,11,2
PHC-DST-C1-02,2024-02-25,42.0,8.0,6,12,1
PHC-DST-C1-02,2024-02-26,110.0,3.0,5,9,5
PHC-DST-C1-02,2024-02-27,108.0,6.0,5,13,1
PHC-DST-C1-02,2024-02-28,103.0,2.0,6,13,4
PHC-DST-C1-02,2024-02-29,96.0,6.0,8,11,1
PHC-DST-C1-02,2024-03-01,95.0,4.0,6,9,2
PHC-DST-C1-02,2024-03-02,92.0,5.0,7,8,0
PHC-DST-C1-02,2024-03-03,41.0,1.0,8,9,0
PHC-DST-C1-02,2024-03-04,117.0,2.0,7,13,1
PHC-DST-C1-02,2024-03-05,108.0,6.0,4,10,0
PHC-DST-C1-02,2024-03-06,100.0,3.0,5,12,2
PHC-DST-C1-02,2024-03-07,99.0,2.0,7,13,1
PHC-DST-C1-02,2024-03-08,107.0,2.0,5,11,4
PHC-DST-C1-02,2024-03-09,89.0,2.0,6,8,3
PHC-DST-C1-02,2024-03-10,38.0,4.0,5,14,4
PHC-DST-C1-02,2024-03-11,122.0,2.0,5,11,2
PHC-DST-C1-02,2024-03-12,107.0,0.0,6,12,1
PHC-DST-C1-02,2024-03-13,101.0,3.0,4,11,4
PHC-DST-C1-02,2024-03-14,99.0,3.0,2,9,6
PHC-DST-C1-02,2024-03-15,108.0,5.0,4,12,3
PHC-DST-C1-02,2024-03-16,84.0,4.0,7,10,3
PHC-DST-C1-02,2024-03-17,43.0,5.0,7,13,3
PHC-DST-C1-02,2024-03-18,118.0,4.0,7,11,2
PHC-DST-C1-02,2024-03-19,112.0,3.0,4,11,4
PHC-DST-C1-02,2024-03-20,101.0,4.0,7,12,3
PHC-DST-C1-02,2024-03-21,92.0,6.0,4,6,1
PHC-DST-C1-02,2024-03-22,93.0,1.0,5,10,3
PHC-DST-C1-02,2024-03-23,82.0,4.0,5,11,3
PHC-DST-C1-02,2024-03-24,43.0,7.0,4,11,2
PHC-DST-C1-02,2024-03-25,121.0,6.0,7,13,1
PHC-DST-C1-02,2024-03-26,112.0,1.0,8,12,3
PHC-DST-C1-02,2024-03-27,96.0,5.0,4,10,1
PHC-DST-C1-02,2024-03-28,95.0,2.0,4,11,1
PHC-DST-C1-02,2024-03-29,,3.0,4,11,3
PHC-DST-C1-02,2024-03-30,89.0,3.0,3,11,1
PHC-DST-C1-02,2024-03-31,36.0,2.0,6,10,0
PHC-DST-C1-02,2024-04-01,122.0,0.0,5,13,4
PHC-DST-C1-02,2024-04-02,103.0,2.0,6,10,2
PHC-DST-C1-02,2024-04-03,104.0,5.0,5,14,2
PHC-DST-C1-02,2024-04-04,96.0,3.0,7,9,3
PHC-DST-C1-02,2024-04-05,97.0,0.0,5,12,3
PHC-DST-C1-02,2024-04-06,88.0,2.0,7,11,2
PHC-DST-C1-02,2024-04-07,39.0,6.0,5,12,2
PHC-DST-C1-02,2024-04-08,118.0,,6,10,2
PHC-DST-C1-02,2024-04-09,113.0,1.0,4,11,2
PHC-DST-C1-02,2024-04-10,98.0,5.0,4,11,2
PHC-DST-C1-02,2024-04-11,103.0,6.0,6,12,2
PHC-DST-C1-02,2024-04-12,104.0,5.0,6,10,4
PHC-DST-C1-02,2024-04-13,85.0,1.0,5,10,0
PHC-DST-C1-02,2024-04-14,46.0,10.0,6,10,4
PHC-DST-C1-02,2024-04-15,110.0,3.0,4,11,1
PHC-DST-C1-02,2024-04-16,115.0,3.0,5,13,1
PHC-DST-C1-02,2024-04-17,96.0,3.0,4,11,2
PHC-DST-C1-02,2024-04-18,104.0,4.0,7,15,4
PHC-DST-C1-02,2024-04-19,98.0,5.0,5,10,4
PHC-DST-C1-02,2024-04-20,89.0,3.0,6,11,1
PHC-DST-C1-02,2024-04-21,40.0,3.0,3,9,1
PHC-DST-C1-02,2024-04-22,112.0,2.0,3,8,1
PHC-DST-C1-02,2024-04-23,110.0,7.0,5,10,3
PHC-DST-C1-02,2024-04-24,98.0,3.0,5,7,2
PHC-DST-C1-02,2024-04-25,97.0,0.0,6,9,3
PHC-DST-C1-02,2024-04-26,110.0,4.0,4,16,3
PHC-DST-C1-02,2024-04-27,84.0,3.0,5,11,1
PHC-DST-C1-02,2024-04-28,42.0,5.0,7,10,5
PHC-DST-C1-02,2024-04-29,122.0,4.0,6,11,1
PHC-DST-C1-02,2024-04-30,109.0,3.0,5,13,3
PHC-DST-C1-02,2024-05-01,97.0,2.0,4,13,1
PHC-DST-C1-02,2024-05-02,93.0,3.0,6,10,0
PHC-DST-C1-02,2024-05-03,97.0,4.0,4,8,1
PHC-DST-C1-02,2024-05-04,90.0,5.0,6,11,2
PHC-DST-C1-02,2024-05-05,50.0,3.0,7,16,3
PHC-DST-C1-02,2024-05-06,116.0,1.0,6,12,1
PHC-DST-C1-02,2024-05-07,109.0,2.0,6,10,2
PHC-DST-C1-02,2024-05-08,101.0,6.0,6,11,1
PHC-DST-C1-02,2024-05-09,97.0,4.0,5,13,0
PHC-DST-C1-02,2024-05-10,97.0,4.0,7,10,4
PHC-DST-C1-02,2024-05-11,89.0,3.0,7,12,3
PHC-DST-C1-02,2024-05-12,49.0,7.0,6,12,1
PHC-DST-C1-02,2024-05-13,120.0,4.0,7,13,4
PHC-DST-C1-02,2024-05-14,105.0,3.0,4,12,4
PHC-DST-C1-02,2024-05-15,97.0,5.0,5,11,3
PHC-DST-C1-02,2024-05-16,92.0,3.0,6,10,0
PHC-DST-C1-02,2024-05-17,98.0,6.0,6,9,4
PHC-DST-C1-02,2024-05-18,88.0,4.0,5,9,4
PHC-DST-C1-02,2024-05-19,45.0,3.0,5,11,3
PHC-DST-C1-02,2024-05-20,117.0,3.0,4,9,1
PHC-DST-C1-02,2024-05-21,109.0,5.0,5,11,2
PHC-DST-C1-02,2024-05-22,92.0,1.0,5,9,3
PHC-DST-C1-02,2024-05-23,100.0,1.0,5,13,4
PHC-DST-C1-02,2024-05-24,104.0,2.0,6,10,4
PHC-DST-C1-02,2024-05-25,83.0,3.0,5,11,2
PHC-DST-C1-02,2024-05-26,45.0,5.0,4,9,2
PHC-DST-C1-02,2024-05-27,115.0,3.0,4,13,1
PHC-DST-C1-02,2024-05-28,103.0,2.0,6,8,7
PHC-DST-C1-02,2024-05-29,99.0,2.0,5,11,3
PHC-DST-C1-02,2024-05-30,95.0,7.0,4,9,2
PHC-DST-C1-02,2024-05-31,95.0,6.0,6,11,4
PHC-DST-C1-02,2024-06-01,86.0,2.0,6,11,1
PHC-DST-C1-02,2024-06-02,38.0,5.0,6,8,3
PHC-DST-C1-02,2024-06-03,,3.0,5,10,4
PHC-DST-C1-02,2024-06-04,105.0,3.0,5,12,3
PHC-DST-C1-02,2024-06-05,96.0,4.0,7,10,3
PHC-DST-C1-02,2024-06-06,99.0,4.0,6,13,4
PHC-DST-C1-02,2024-06-07,100.0,8.0,4,12,1
PHC-DST-C1-02,2024-06-08,90.0,4.0,7,14,4
PHC-DST-C1-02,2024-06-09,44.0,5.0,6,12,4
PHC-DST-C1-02,2024-06-10,113.0,4.0,5,11,4
PHC-DST-C1-02,2024-06-11,113.0,2.0,8,13,1
PHC-DST-C1-02,2024-06-12,101.0,7.0,5,9,2
PHC-DST-C1-02,2024-06-13,99.0,2.0,7,13,2
PHC-DST-C1-02,2024-06-14,104.0,3.0,5,13,2
PHC-DST-C1-02,2024-06-15,87.0,5.0,6,9,2
PHC-DST-C1-02,2024-06-16,35.0,0.0,5,11,3
PHC-DST-C1-02,2024-06-17,121.0,5.0,6,13,3
PHC-DST-C1-02,2024-06-18,109.0,3.0,4,12,3
PHC-DST-C1-02,2024-06-19,99.0,2.0,4,12,2
PHC-DST-C1-02,2024-06-20,98.0,7.0,7,14,2
PHC-DST-C1-02,2024-06-21,95.0,4.0,3,8,2
PHC-DST-C1-02,2024-06-22,84.0,4.0,5,9,2
PHC-DST-C1-02,2024-06-23,42.0,2.0,4,9,0
PHC-DST-C1-02,2024-06-24,120.0,3.0,5,8,4
PHC-DST-C1-02,2024-06-25,99.0,1.0,5,8,0
PHC-DST-C1-02,2024-06-26,103.0,1.0,4,13,6
PHC-DST-C1-02,2024-06-27,95.0,5.0,6,13,6
PHC-DST-C1-02,2024-06-28,99.0,5.0,7,14,3
PHC-DST-C1-02,2024-06-29,88.0,5.0,8,11,3
PHC-DST-C1-02,2024-06-30,39.0,3.0,5,13,1
PHC-DST-C1-02,2024-07-01,121.0,3.0,5,15,6
PHC-DST-C1-02,2024-07-02,115.0,5.0,4,12,1
PHC-DST-C1-02,2024-07-03,104.0,5.0,6,13,3
PHC-DST-C1-02,2024-07-04,100.0,3.0,5,14,4
PHC-DST-C1-02,2024-07-05,100.0,0.0,7,12,3
PHC-DST-C1-02,2024-07-06,77.0,2.0,5,9,1
PHC-DST-C1-02,2024-07-07,46.0,3.0,5,13,1
PHC-DST-C1-02,2024-07-08,117.0,8.0,6,11,3
PHC-DST-C1-02,2024-07-09,104.0,2.0,3,8,0
PHC-DST-C1-02,2024-07-10,99.0,2.0,7,6,0
PHC-DST-C1-02,2024-07-11,95.0,3.0,6,11,1
PHC-DST-C1-02,2024-07-12,102.0,2.0,5,14,0
PHC-DST-C1-02,2024-07-13,93.0,7.0,7,13,1
PHC-DST-C1-02,2024-07-14,39.0,8.0,5,10,2
PHC-DST-C1-02,2024-07-15,119.0,3.0,3,13,3
PHC-DST-C1-02,2024-07-16,109.0,3.0,7,12,3
PHC-DST-C1-02,2024-07-17,96.0,6.0,6,13,0
PHC-DST-C1-02,2024-07-18,99.0,3.0,6,10,1
PHC-DST-C1-02,2024-07-19,101.0,5.0,3,11,3
PHC-DST-C1-02,2024-07-20,93.0,2.0,6,13,2
PHC-DST-C1-02,2024-07-21,40.0,3.0,6,11,1
PHC-DST-C1-02,2024-07-22,115.0,4.0,5,12,2
PHC-DST-C1-02,2024-07-23,110.0,3.0,6,15,4
PHC-DST-C1-02,2024-07-24,100.0,4.0,7,9,3
PHC-DST-C1-02,2024-07-25,95.0,6.0,5,11,2
PHC-DST-C1-02,2024-07-26,96.0,3.0,7,11,1
PHC-DST-C1-02,2024-07-27,80.0,1.0,5,7,0
PHC-DST-C1-02,2024-07-28,38.0,2.0,6,10,2
PHC-DST-C1-02,2024-07-29,122.0,6.0,7,14,2
PHC-DST-C1-02,2024-07-30,106.0,2.0,5,8,2
PHC-DST-C1-02,2024-07-31,,2.0,6,15,1
PHC-DST-C1-02,2024-08-01,94.0,3.0,5,10,3
PHC-DST-C1-02,2024-08-02,101.0,2.0,6,14,3
PHC-DST-C1-02,2024-08-03,89.0,2.0,6,11,0
PHC-DST-C1-02,2024-08-04,34.0,4.0,5,9,2
PHC-DST-C1-02,2024-08-05,121.0,3.0,6,14,1
PHC-DST-C1-02,2024-08-06,108.0,5.0,6,10,1
PHC-DST-C1-02,2024-08-07,96.0,7.0,5,8,2
PHC-DST-C1-02,2024-08-08,90.0,7.0,4,10,1
PHC-DST-C1-02,2024-08-09,99.0,4.0,5,8,2
PHC-DST-C1-02,2024-08-10,90.0,7.0,5,13,2
PHC-DST-C1-02,2024-08-11,39.0,1.0,6,8,4
PHC-DST-C1-02,2024-08-12,122.0,3.0,5,11,3
PHC-DST-C1-02,2024-08-13,110.0,5.0,4,11,5
PHC-DST-C1-02,2024-08-14,98.0,,4,13,3
PHC-DST-C1-02,2024-08-15,96.0,4.0,4,9,3
PHC-DST-C1-02,2024-08-16,104.0,4.0,15,11,0
PHC-DST-C1-02,2024-08-17,98.0,5.0,19,11,5
PHC-DST-C1-02,2024-08-18,47.0,2.0,5,13,3
PHC-DST-C1-02,2024-08-19,112.0,7.0,4,9,4
PHC-DST-C1-02,2024-08-20,104.0,2.0,6,9,1
PHC-DST-C1-02,2024-08-21,102.0,2.0,5,12,3
PHC-DST-C1-02,2024-08-22,106.0,1.0,7,24,1
PHC-DST-C1-02,2024-08-23,97.0,9.0,5,12,4
PHC-DST-C1-02,2024-08-24,82.0,4.0,6,10,3
PHC-DST-C1-02,2024-08-25,39.0,2.0,3,14,2
PHC-DST-C1-02,2024-08-26,115.0,1.0,4,10,4
PHC-DST-C1-02,2024-08-27,111.0,4.0,4,13,3
PHC-DST-C1-02,2024-08-28,100.0,2.0,4,13,3
PHC-DST-C1-02,2024-08-29,100.0,7.0,4,13,2
PHC-DST-C1-02,2024-08-30,104.0,3.0,5,11,3
PHC-DST-C1-02,2024-08-31,83.0,1.0,6,9,1
PHC-DST-C1-02,2024-09-01,42.0,5.0,4,14,2
PHC-DST-C1-02,2024-09-02,119.0,2.0,5,14,5
PHC-DST-C1-02,2024-09-03,112.0,4.0,7,12,1
PHC-DST-C1-02,2024-09-04,95.0,0.0,4,12,2
PHC-DST-C1-02,2024-09-05,93.0,3.0,6,9,3
PHC-DST-C1-02,2024-09-06,101.0,7.0,5,14,3
PHC-DST-C1-02,2024-09-07,98.0,5.0,7,15,1
PHC-DST-C1-02,2024-09-08,38.0,2.0,3,12,2
PHC-DST-C1-02,2024-09-09,112.0,0.0,6,8,4
PHC-DST-C1-02,2024-09-10,116.0,3.0,15,11,2
PHC-DST-C1-02,2024-09-11,106.0,2.0,19,12,3
PHC-DST-C1-02,2024-09-12,101.0,6.0,7,13,3
PHC-DST-C1-02,2024-09-13,99.0,7.0,4,11,2
PHC-DST-C1-02,2024-09-14,81.0,5.0,5,12,2
PHC-DST-C1-02,2024-09-15,40.0,4.0,3,14,1
PHC-DST-C1-02,2024-09-16,126.0,3.0,5,21,2
PHC-DST-C1-02,2024-09-17,114.0,2.0,8,12,4
PHC-DST-C1-02,2024-09-18,106.0,4.0,7,14,1
PHC-DST-C1-02,2024-09-19,96.0,4.0,6,13,2
PHC-DST-C1-02,2024-09-20,98.0,4.0,7,8,4
PHC-DST-C1-02,2024-09-21,81.0,2.0,5,11,2
PHC-DST-C1-02,2024-09-22,44.0,2.0,4,14,2
PHC-DST-C1-02,2024-09-23,118.0,8.0,6,13,4
PHC-DST-C1-02,2024-09-24,114.0,4.0,2,13,1
PHC-DST-C1-02,2024-09-25,98.0,6.0,5,13,3
PHC-DST-C1-02,2024-09-26,101.0,5.0,6,10,3
PHC-DST-C1-02,2024-09-27,96.0,2.0,6,8,2
PHC-DST-C1-02,2024-09-28,86.0,1.0,4,8,3
PHC-DST-C1-02,2024-09-29,38.0,0.0,3,8,1
PHC-DST-C1-02,2024-09-30,120.0,5.0,5,13,2
PHC-DST-C1-02,2024-10-01,106.0,6.0,3,10,3
PHC-DST-C1-02,2024-10-02,98.0,2.0,5,11,4
PHC-DST-C1-02,2024-10-03,100.0,6.0,5,13,6
PHC-DST-C1-02,2024-10-04,98.0,4.0,4,13,3
PHC-DST-C1-02,2024-10-05,84.0,3.0,4,11,1
PHC-DST-C1-02,2024-10-06,39.0,5.0,6,10,6
PHC-DST-C1-02,2024-10-07,122.0,2.0,5,12,1
PHC-DST-C1-02,2024-10-08,109.0,3.0,7,7,4
PHC-DST-C1-02,2024-10-09,102.0,3.0,5,14,0
PHC-DST-C1-02,2024-10-10,96.0,4.0,3,14,2
PHC-DST-C1-02,2024-10-11,100.0,4.0,4,11,6
PHC-DST-C1-02,2024-10-12,90.0,2.0,5,13,0
PHC-DST-C1-02,2024-10-13,39.0,3.0,4,13,1
PHC-DST-C1-02,2024-10-14,118.0,6.0,6,12,5
PHC-DST-C1-02,2024-10-15,112.0,6.0,6,12,1
PHC-DST-C1-02,2024-10-16,96.0,0.0,5,11,4
PHC-DST-C1-02,2024-10-17,94.0,1.0,5,12,4
PHC-DST-C1-02,2024-10-18,102.0,2.0,5,12,1
PHC-DST-C1-02,2024-10-19,80.0,5.0,4,7,2
PHC-DST-C1-02,2024-10-20,42.0,4.0,6,11,3
PHC-DST-C1-02,2024-10-21,123.0,4.0,4,14,2
PHC-DST-C1-02,2024-10-22,110.0,1.0,7,8,2
PHC-DST-C1-02,2024-10-23,95.0,4.0,4,10,1
PHC-DST-C1-02,2024-10-24,98.0,1.0,6,13,3
PHC-DST-C1-02,2024-10-25,101.0,3.0,8,11,1
PHC-DST-C1-02,2024-10-26,85.0,3.0,6,8,3
PHC-DST-C1-02,2024-10-27,40.0,4.0,4,15,3
PHC-DST-C1-02,2024-10-28,121.0,1.0,6,9,3
PHC-DST-C1-02,2024-10-29,112.0,1.0,7,13,5
PHC-DST-C1-02,2024-10-30,102.0,3.0,6,9,1
PHC-DST-C1-02,2024-10-31,92.0,1.0,7,8,5
PHC-DST-C1-02,2024-11-01,100.0,6.0,5,7,2
PHC-DST-C1-02,2024-11-02,86.0,6.0,8,9,2
PHC-DST-C1-02,2024-11-03,40.0,7.0,5,7,2
PHC-DST-C1-02,2024-11-04,114.0,4.0,4,12,3
PHC-DST-C1-02,2024-11-05,103.0,6.0,5,10,4
PHC-DST-C1-02,2024-11-06,98.0,,6,11,1
PHC-DST-C1-02,2024-11-07,97.0,3.0,6,10,3
PHC-DST-C1-02,2024-11-08,107.0,4.0,5,13,4
PHC-DST-C1-02,2024-11-09,92.0,6.0,6,12,3
PHC-DST-C1-02,2024-11-10,41.0,1.0,7,9,3
PHC-DST-C1-02,2024-11-11,115.0,5.0,4,10,1
PHC-DST-C1-02,2024-11-12,101.0,4.0,4,8,3
PHC-DST-C1-02,2024-11-13,95.0,2.0,5,7,4
PHC-DST-C1-02,2024-11-14,96.0,3.0,5,10,1
PHC-DST-C1-02,2024-11-15,99.0,3.0,5,11,2
PHC-DST-C1-02,2024-11-16,95.0,1.0,7,13,2
PHC-DST-C1-02,2024-11-17,40.0,4.0,5,6,2
PHC-DST-C1-02,2024-11-18,116.0,4.0,6,12,2
PHC-DST-C1-02,2024-11-19,114.0,5.0,7,14,3
PHC-DST-C1-02,2024-11-20,101.0,1.0,6,10,5
PHC-DST-C1-02,2024-11-21,95.0,3.0,6,9,2
PHC-DST-C1-02,2024-11-22,100.0,1.0,3,13,2
PHC-DST-C1-02,2024-11-23,84.0,9.0,6,8,2
PHC-DST-C1-02,2024-11-24,39.0,3.0,6,7,0
PHC-DST-C1-02,2024-11-25,114.0,,6,11,5
PHC-DST-C1-02,2024-11-26,111.0,7.0,2,12,2
PHC-DST-C1-02,2024-11-27,99.0,2.0,5,9,3
PHC-DST-C1-02,2024-11-28,95.0,5.0,3,10,2
PHC-DST-C1-02,2024-11-29,99.0,3.0,5,13,3
PHC-DST-C1-02,2024-11-30,92.0,3.0,6,13,4
PHC-DST-C1-02,2024-12-01,38.0,2.0,5,11,1
PHC-DST-C1-02,2024-12-02,116.0,5.0,6,13,1
PHC-DST-C1-02,2024-12-03,110.0,4.0,6,14,2
PHC-DST-C1-02,2024-12-04,97.0,7.0,6,9,3
PHC-DST-C1-02,2024-12-05,92.0,4.0,5,10,5
PHC-DST-C1-02,2024-12-06,106.0,5.0,7,9,1
PHC-DST-C1-02,2024-12-07,87.0,1.0,5,13,3
PHC-DST-C1-02,2024-12-08,43.0,1.0,4,16,4
PHC-DST-C1-02,2024-12-09,117.0,3.0,4,14,1
PHC-DST-C1-02,2024-12-10,102.0,3.0,5,10,1
PHC-DST-C1-02,2024-12-11,98.0,5.0,6,11,4
PHC-DST-C1-02,2024-12-12,94.0,3.0,6,8,5
PHC-DST-C1-02,2024-12-13,95.0,4.0,5,10,1
PHC-DST-C1-02,2024-12-14,84.0,5.0,5,9,5
PHC-DST-C1-02,2024-12-15,42.0,2.0,5,10,2
PHC-DST-C1-02,2024-12-16,112.0,5.0,4,10,4
PHC-DST-C1-02,2024-12-17,111.0,4.0,6,9,0
PHC-DST-C1-02,2024-12-18,102.0,5.0,5,13,4
PHC-DST-C1-02,2024-12-19,97.0,4.0,4,9,1
PHC-DST-C1-02,2024-12-20,98.0,5.0,6,11,4
PHC-DST-C1-02,2024-12-21,85.0,3.0,2,14,1
PHC-DST-C1-02,2024-12-22,40.0,2.0,4,10,0
PHC-DST-C1-02,2024-12-23,116.0,,8,9,2
PHC-DST-C1-02,2024-12-24,111.0,1.0,5,10,1
PHC-DST-C1-02,2024-12-25,93.0,4.0,3,9,1
PHC-DST-C1-02,2024-12-26,95.0,4.0,7,6,0
PHC-DST-C1-02,2024-12-27,102.0,4.0,5,14,4
PHC-DST-C1-02,2024-12-28,83.0,6.0,5,9,3
PHC-DST-C1-02,2024-12-29,35.0,2.0,6,9,1
PHC-DST-C1-02,2024-12-30,116.0,3.0,5,7,3
PHC-DST-C1-02,2024-12-31,107.0,3.0,4,10,5
PHC-DST-C1-02,2025-01-01,101.0,1.0,8,11,1
PHC-DST-C1-02,2025-01-02,91.0,1.0,7,10,2
PHC-DST-C1-02,2025-01-03,96.0,8.0,5,14,1
PHC-DST-C1-02,2025-01-04,86.0,2.0,4,13,2
PHC-DST-C1-02,2025-01-05,,4.0,4,12,0
PHC-DST-C1-02,2025-01-06,,8.0,5,7,1
PHC-DST-C1-02,2025-01-07,118.0,7.0,4,13,3
PHC-DST-C1-02,2025-01-08,101.0,4.0,6,12,1
PHC-DST-C1-02,2025-01-09,95.0,2.0,4,11,2
PHC-DST-C1-02,2025-01-10,102.0,4.0,7,11,1
PHC-DST-C1-02,2025-01-11,80.0,2.0,6,10,6
PHC-DST-C1-02,2025-01-12,44.0,2.0,8,13,7
PHC-DST-C1-02,2025-01-13,121.0,3.0,4,11,4
PHC-DST-C1-02,2025-01-14,112.0,2.0,5,9,3
PHC-DST-C1-02,2025-01-15,102.0,1.0,6,10,0
PHC-DST-C1-02,2025-01-16,96.0,1.0,4,8,2
PHC-DST-C1-02,2025-01-17,100.0,2.0,5,12,3
PHC-DST-C1-02,2025-01-18,88.0,4.0,7,11,1
PHC-DST-C1-02,2025-01-19,37.0,4.0,6,7,4
PHC-DST-C1-02,2025-01-20,114.0,2.0,5,13,2
PHC-DST-C1-02,2025-01-21,107.0,0.0,6,9,2
PHC-DST-C1-02,2025-01-22,94.0,0.0,6,10,4
PHC-DST-C1-02,2025-01-23,97.0,2.0,7,9,5
PHC-DST-C1-02,2025-01-24,93.0,2.0,5,10,3
PHC-DST-C1-02,2025-01-25,93.0,1.0,6,13,3
PHC-DST-C1-02,2025-01-26,41.0,3.0,6,10,2
PHC-DST-C1-02,2025-01-27,117.0,3.0,7,12,2
PHC-DST-C1-02,2025-01-28,109.0,3.0,5,14,2
PHC-DST-C1-02,2025-01-29,95.0,1.0,5,8,1
PHC-DST-C1-02,2025-01-30,98.0,1.0,5,13,1
PHC-DST-C1-02,2025-01-31,97.0,4.0,5,10,1
PHC-DST-C1-02,2025-02-01,90.0,3.0,6,13,2
PHC-DST-C1-02,2025-02-02,39.0,3.0,6,12,5
PHC-DST-C1-02,2025-02-03,119.0,7.0,5,9,1
PHC-DST-C1-02,2025-02-04,113.0,4.0,7,12,2
PHC-DST-C1-02,2025-02-05,101.0,2.0,5,10,1
PHC-DST-C1-02,2025-02-06,90.0,6.0,5,12,2
PHC-DST-C1-02,2025-02-07,102.0,4.0,7,12,4
PHC-DST-C1-02,2025-02-08,90.0,7.0,4,12,2
PHC-DST-C1-02,2025-02-09,41.0,3.0,7,9,6
PHC-DST-C1-02,2025-02-10,122.0,3.0,6,13,4
PHC-DST-C1-02,2025-02-11,105.0,5.0,5,14,1
PHC-DST-C1-02,2025-02-12,111.0,4.0,6,14,2
PHC-DST-C1-02,2025-02-13,96.0,6.0,6,10,2
PHC-DST-C1-02,2025-02-14,100.0,2.0,5,11,2
PHC-DST-C1-02,2025-02-15,94.0,0.0,4,10,1
PHC-DST-C1-02,2025-02-16,41.0,3.0,5,14,2
PHC-DST-C1-02,2025-02-17,120.0,2.0,4,11,2
PHC-DST-C1-02,2025-02-18,102.0,1.0,5,11,3
PHC-DST-C1-02,2025-02-19,96.0,4.0,5,9,1
PHC-DST-C1-02,2025-02-20,92.0,5.0,5,10,1
PHC-DST-C1-02,2025-02-21,100.0,4.0,6,12,4
PHC-DST-C1-02,2025-02-22,83.0,1.0,4,11,1
PHC-DST-C1-02,2025-02-23,40.0,2.0,5,14,1
PHC-DST-C1-02,2025-02-24,119.0,1.0,5,11,1
PHC-DST-C1-02,2025-02-25,105.0,9.0,3,9,4
PHC-DST-C1-02,2025-02-26,98.0,3.0,6,8,3
PHC-DST-C1-02,2025-02-27,97.0,3.0,4,12,1
PHC-DST-C1-02,2025-02-28,96.0,7.0,6,9,3
PHC-DST-C1-02,2025-03-01,88.0,6.0,6,9,1
PHC-DST-C1-02,2025-03-02,39.0,6.0,4,10,2
PHC-DST-C1-02,2025-03-03,,4.0,5,11,3
PHC-DST-C1-02,2025-03-04,103.0,8.0,5,9,2
PHC-DST-C1-02,2025-03-05,99.0,4.0,3,13,3
PHC-DST-C1-02,2025-03-06,97.0,3.0,5,11,4
PHC-DST-C1-02,2025-03-07,101.0,6.0,6,13,2
PHC-DST-C1-02,2025-03-08,93.0,4.0,5,16,3
PHC-DST-C1-02,2025-03-09,48.0,5.0,4,15,1
PHC-DST-C1-02,2025-03-10,117.0,7.0,6,11,2
PHC-DST-C1-02,2025-03-11,106.0,1.0,6,8,3
PHC-DST-C1-02,2025-03-12,101.0,2.0,4,13,0
PHC-DST-C1-02,2025-03-13,103.0,2.0,5,8,5
PHC-DST-C1-02,2025-03-14,103.0,5.0,7,10,1
PHC-DST-C1-02,2025-03-15,95.0,6.0,6,15,2
PHC-DST-C1-02,2025-03-16,39.0,2.0,6,10,0
PHC-DST-C1-02,2025-03-17,115.0,1.0,5,8,1
PHC-DST-C1-02,2025-03-18,112.0,3.0,4,12,3
PHC-DST-C1-02,2025-03-19,,2.0,7,12,5
PHC-DST-C1-02,2025-03-20,91.0,4.0,5,8,1
PHC-DST-C1-02,2025-03-21,105.0,,7,12,2
PHC-DST-C1-02,2025-03-22,90.0,4.0,5,13,2
PHC-DST-C1-02,2025-03-23,40.0,1.0,6,10,1
PHC-DST-C1-02,2025-03-24,118.0,4.0,4,14,2
PHC-DST-C1-02,2025-03-25,113.0,4.0,5,13,2
PHC-DST-C1-02,2025-03-26,99.0,5.0,5,9,0
PHC-DST-C1-02,2025-03-27,96.0,3.0,8,11,1
PHC-DST-C1-02,2025-03-28,103.0,7.0,7,11,3
PHC-DST-C1-02,2025-03-29,91.0,3.0,7,11,2
PHC-DST-C1-02,2025-03-30,44.0,3.0,6,9,1
PHC-DST-C1-02,2025-03-31,120.0,3.0,6,13,2
PHC-DST-C1-02,2025-04-01,113.0,4.0,6,10,2
PHC-DST-C1-02,2025-04-02,99.0,5.0,4,10,0
PHC-DST-C1-02,2025-04-03,95.0,4.0,5,9,1
PHC-DST-C1-02,2025-04-04,99.0,4.0,5,12,2
PHC-DST-C1-02,2025-04-05,87.0,1.0,5,12,2
PHC-DST-C1-02,2025-04-06,45.0,5.0,7,11,3
PHC-DST-C1-02,2025-04-07,123.0,,5,12,2
PHC-DST-C1-02,2025-04-08,112.0,5.0,6,10,2
PHC-DST-C1-02,2025-04-09,101.0,3.0,5,10,3
PHC-DST-C1-02,2025-04-10,98.0,0.0,6,11,2
PHC-DST-C1-02,2025-04-11,101.0,2.0,6,10,1
PHC-DST-C1-02,2025-04-12,86.0,7.0,3,12,3
PHC-DST-C1-02,2025-04-13,38.0,1.0,5,11,3
PHC-DST-C1-02,2025-04-14,121.0,6.0,5,10,2
PHC-DST-C1-02,2025-04-15,110.0,,4,11,2
PHC-DST-C1-02,2025-04-16,99.0,1.0,6,10,2
PHC-DST-C1-02,2025-04-17,96.0,3.0,5,11,2
PHC-DST-C1-02,2025-04-18,105.0,0.0,6,13,4
PHC-DST-C1-02,2025-04-19,86.0,2.0,5,9,3
PHC-DST-C1-02,2025-04-20,44.0,7.0,5,11,1
PHC-DST-C1-02,2025-04-21,119.0,5.0,6,10,4
PHC-DST-C1-02,2025-04-22,102.0,5.0,7,10,5
PHC-DST-C1-02,2025-04-23,101.0,3.0,5,11,5
PHC-DST-C1-02,2025-04-24,93.0,3.0,6,9,3
PHC-DST-C1-02,2025-04-25,101.0,4.0,5,12,3
PHC-DST-C1-02,2025-04-26,91.0,5.0,6,11,6
PHC-DST-C1-02,2025-04-27,39.0,4.0,4,9,1
PHC-DST-C1-02,2025-04-28,120.0,2.0,4,8,4
PHC-DST-C1-02,2025-04-29,104.0,2.0,5,9,2
PHC-DST-C1-02,2025-04-30,93.0,4.0,4,10,1
PHC-DST-C1-02,2025-05-01,97.0,6.0,5,11,4
PHC-DST-C1-02,2025-05-02,102.0,2.0,6,11,2
PHC-DST-C1-02,2025-05-03,90.0,5.0,4,11,2
PHC-DST-C1-02,2025-05-04,41.0,3.0,5,11,1
PHC-DST-C1-02,2025-05-05,114.0,5.0,5,8,2
PHC-DST-C1-02,2025-05-06,112.0,1.0,5,11,0
PHC-DST-C1-02,2025-05-07,102.0,3.0,6,10,0
PHC-DST-C1-02,2025-05-08,91.0,3.0,5,9,1
PHC-DST-C1-02,2025-05-09,100.0,1.0,6,12,3
PHC-DST-C1-02,2025-05-10,83.0,3.0,3,8,2
PHC-DST-C1-02,2025-05-11,40.0,3.0,5,11,2
PHC-DST-C1-02,2025-05-12,117.0,1.0,6,14,1
PHC-DST-C1-02,2025-05-13,109.0,5.0,5,9,4
PHC-DST-C1-02,2025-05-14,97.0,2.0,6,10,2
PHC-DST-C1-02,2025-05-15,90.0,3.0,5,9,3
PHC-DST-C1-02,2025-05-16,104.0,5.0,4,10,1
PHC-DST-C1-02,2025-05-17,95.0,5.0,7,15,3
PHC-DST-C1-02,2025-05-18,45.0,4.0,5,15,3
PHC-DST-C1-02,2025-05-19,116.0,4.0,7,8,3
PHC-DST-C1-02,2025-05-20,103.0,3.0,7,8,7
PHC-DST-C1-02,2025-05-21,104.0,3.0,7,10,1
PHC-DST-C1-02,2025-05-22,99.0,3.0,5,13,1
PHC-DST-C1-02,2025-05-23,95.0,3.0,6,10,1
PHC-DST-C1-02,2025-05-24,90.0,6.0,7,11,3
PHC-DST-C1-02,2025-05-25,42.0,1.0,5,12,6
PHC-DST-C1-02,2025-05-26,117.0,1.0,7,9,3
PHC-DST-C1-02,2025-05-27,112.0,5.0,4,15,3
PHC-DST-C1-02,2025-05-28,93.0,4.0,6,8,1
PHC-DST-C1-02,2025-05-29,98.0,4.0,7,8,3
PHC-DST-C1-02,2025-05-30,101.0,2.0,6,11,2
PHC-DST-C1-02,2025-05-31,93.0,3.0,8,13,3
PHC-DST-C1-02,2025-06-01,41.0,7.0,6,13,4
PHC-DST-C1-02,2025-06-02,112.0,2.0,3,10,1
PHC-DST-C1-02,2025-06-03,102.0,2.0,5,9,3
PHC-DST-C1-02,2025-06-04,106.0,3.0,4,14,2
PHC-DST-C1-02,2025-06-05,98.0,2.0,6,12,2
PHC-DST-C1-02,2025-06-06,105.0,3.0,7,11,4
PHC-DST-C1-02,2025-06-07,86.0,0.0,7,10,5
PHC-DST-C1-02,2025-06-08,42.0,1.0,2,13,5
PHC-DST-C1-02,2025-06-09,122.0,5.0,6,13,1
PHC-DST-C1-02,2025-06-10,107.0,6.0,6,6,3
PHC-DST-C1-02,2025-06-11,100.0,1.0,7,12,4
PHC-DST-C1-02,2025-06-12,95.0,1.0,6,9,4
PHC-DST-C1-02,2025-06-13,107.0,8.0,7,16,1
PHC-DST-C1-02,2025-06-14,87.0,5.0,7,12,1
PHC-DST-C1-02,2025-06-15,40.0,4.0,7,9,1
PHC-DST-C1-02,2025-06-16,120.0,4.0,6,12,8
PHC-DST-C1-02,2025-06-17,108.0,4.0,5,12,3
PHC-DST-C1-02,2025-06-18,102.0,4.0,7,10,3
PHC-DST-C1-02,2025-06-19,100.0,6.0,7,10,0
PHC-DST-C1-02,2025-06-20,106.0,4.0,5,13,2
PHC-DST-C1-02,2025-06-21,82.0,2.0,4,11,1
PHC-DST-C1-02,2025-06-22,45.0,5.0,3,12,4
PHC-DST-C1-02,2025-06-23,114.0,2.0,4,7,1
PHC-DST-C1-02,2025-06-24,109.0,4.0,6,13,1
PHC-DST-C1-02,2025-06-25,101.0,7.0,3,12,3
PHC-DST-C1-02,2025-06-26,87.0,2.0,5,8,1
PHC-DST-C1-02,2025-06-27,103.0,4.0,7,9,5
PHC-DST-C1-02,2025-06-28,92.0,2.0,5,15,1
PHC-DST-C1-02,2025-06-29,44.0,4.0,8,10,3
PHC-DST-C1-02,2025-06-30,115.0,4.0,4,11,0
PHC-DST-C1-03,2024-01-01,118.0,3.0,7,9,1
PHC-DST-C1-03,2024-01-02,110.0,2.0,4,11,5
PHC-DST-C1-03,2024-01-03,102.0,3.0,6,11,4
PHC-DST-C1-03,2024-01-04,99.0,8.0,5,11,3
PHC-DST-C1-03,2024-01-05,96.0,4.0,5,9,3
PHC-DST-C1-03,2024-01-06,95.0,1.0,4,14,1
PHC-DST-C1-03,2024-01-07,38.0,5.0,5,10,4
PHC-DST-C1-03,2024-01-08,117.0,5.0,5,9,1
PHC-DST-C1-03,2024-01-09,107.0,1.0,5,11,0
PHC-DST-C1-03,2024-01-10,102.0,2.0,7,11,1
PHC-DST-C1-03,2024-01-11,95.0,0.0,6,13,6
PHC-DST-C1-03,2024-01-12,106.0,7.0,7,10,3
PHC-DST-C1-03,2024-01-13,87.0,2.0,5,10,5
PHC-DST-C1-03,2024-01-14,45.0,2.0,7,12,1
PHC-DST-C1-03,2024-01-15,116.0,2.0,6,11,1
PHC-DST-C1-03,2024-01-16,109.0,4.0,6,12,2
PHC-DST-C1-03,2024-01-17,98.0,5.0,7,11,5
PHC-DST-C1-03,2024-01-18,,11.0,6,10,5
PHC-DST-C1-03,2024-01-19,100.0,6.0,6,13,4
PHC-DST-C1-03,2024-01-20,90.0,3.0,4,12,1
PHC-DST-C1-03,2024-01-21,45.0,3.0,7,13,2
PHC-DST-C1-03,2024-01-22,118.0,3.0,3,14,4
PHC-DST-C1-03,2024-01-23,118.0,4.0,5,13,2
PHC-DST-C1-03,2024-01-24,102.0,4.0,6,13,3
PHC-DST-C1-03,2024-01-25,95.0,2.0,4,10,1
PHC-DST-C1-03,2024-01-26,100.0,3.0,5,8,2
PHC-DST-C1-03,2024-01-27,88.0,4.0,5,10,2
PHC-DST-C1-03,2024-01-28,44.0,3.0,6,12,2
PHC-DST-C1-03,2024-01-29,121.0,5.0,5,13,3
PHC-DST-C1-03,2024-01-30,110.0,5.0,6,11,0
PHC-DST-C1-03,2024-01-31,102.0,2.0,6,13,1
PHC-DST-C1-03,2024-02-01,97.0,4.0,5,11,0
PHC-DST-C1-03,2024-02-02,102.0,2.0,6,8,3
PHC-DST-C1-03,2024-02-03,89.0,3.0,4,11,3
PHC-DST-C1-03,2024-02-04,45.0,2.0,5,11,3
PHC-DST-C1-03,2024-02-05,113.0,4.0,6,12,1
PHC-DST-C1-03,2024-02-06,104.0,6.0,4,10,4
PHC-DST-C1-03,2024-02-07,101.0,3.0,4,13,7
PHC-DST-C1-03,2024-02-08,96.0,5.0,6,10,3
PHC-DST-C1-03,2024-02-09,104.0,1.0,8,13,4
PHC-DST-C1-03,2024-02-10,84.0,2.0,6,11,1
PHC-DST-C1-03,2024-02-11,41.0,4.0,3,13,3
PHC-DST-C1-03,2024-02-12,118.0,8.0,7,9,1
PHC-DST-C1-03,2024-02-13,109.0,5.0,4,12,3
PHC-DST-C1-03,2024-02-14,96.0,3.0,2,8,2
PHC-DST-C1-03,2024-02-15,95.0,4.0,5,12,6
PHC-DST-C1-03,2024-02-16,94.0,6.0,7,6,3
PHC-DST-C1-03,2024-02-17,86.0,2.0,5,9,5
PHC-DST-C1-03,2024-02-18,41.0,2.0,5,10,1
PHC-DST-C1-03,2024-02-19,121.0,4.0,6,12,1
PHC-DST-C1-03,2024-02-20,110.0,3.0,6,13,3
PHC-DST-C1-03,2024-02-21,100.0,1.0,6,9,2
PHC-DST-C1-03,2024-02-22,90.0,2.0,5,11,1
PHC-DST-C1-03,2024-02-23,105.0,11.0,6,11,2
PHC-DST-C1-03,2024-02-24,,3.0,5,11,2
PHC-DST-C1-03,2024-02-25,36.0,2.0,6,10,1
PHC-DST-C1-03,2024-02-26,115.0,4.0,6,12,1
PHC-DST-C1-03,2024-02-27,107.0,8.0,4,10,4
PHC-DST-C1-03,2024-02-28,104.0,4.0,8,11,4
PHC-DST-C1-03,2024-02-29,97.0,3.0,5,10,5
PHC-DST-C1-03,2024-03-01,100.0,2.0,3,10,1
PHC-DST-C1-03,2024-03-02,86.0,2.0,6,14,5
PHC-DST-C1-03,2024-03-03,43.0,2.0,5,13,2
PHC-DST-C1-03,2024-03-04,117.0,6.0,6,12,4
PHC-DST-C1-03,2024-03-05,109.0,7.0,8,13,0
PHC-DST-C1-03,2024-03-06,100.0,1.0,4,15,2
PHC-DST-C1-03,2024-03-07,93.0,2.0,4,11,2
PHC-DST-C1-03,2024-03-08,97.0,2.0,7,8,5
PHC-DST-C1-03,2024-03-09,87.0,6.0,6,12,3
PHC-DST-C1-03,2024-03-10,40.0,2.0,6,10,1
PHC-DST-C1-03,2024-03-11,120.0,6.0,7,12,1
PHC-DST-C1-03,2024-03-12,108.0,6.0,6,10,1
PHC-DST-C1-03,2024-03-13,98.0,3.0,4,12,1
PHC-DST-C1-03,2024-03-14,98.0,2.0,6,11,1
PHC-DST-C1-03,2024-03-15,98.0,3.0,5,12,2
PHC-DST-C1-03,2024-03-16,89.0,6.0,5,10,3
PHC-DST-C1-03,2024-03-17,41.0,1.0,5,9,7
PHC-DST-C1-03,2024-03-18,114.0,2.0,7,8,1
PHC-DST-C1-03,2024-03-19,109.0,5.0,7,10,4
PHC-DST-C1-03,2024-03-20,103.0,3.0,6,15,2
PHC-DST-C1-03,2024-03-21,94.0,3.0,5,10,0
PHC-DST-C1-03,2024-03-22,97.0,2.0,6,12,1
PHC-DST-C1-03,2024-03-23,94.0,5.0,7,11,1
PHC-DST-C1-03,2024-03-24,43.0,9.0,4,15,3
PHC-DST-C1-03,2024-03-25,115.0,1.0,5,11,3
PHC-DST-C1-03,2024-03-26,111.0,2.0,6,13,3
PHC-DST-C1-03,2024-03-27,105.0,4.0,6,11,0
PHC-DST-C1-03,2024-03-28,105.0,2.0,8,14,0
PHC-DST-C1-03,2024-03-29,97.0,3.0,6,13,2
PHC-DST-C1-03,2024-03-30,87.0,5.0,6,9,4
PHC-DST-C1-03,2024-03-31,41.0,3.0,4,14,1
PHC-DST-C1-03,2024-04-01,121.0,3.0,4,15,2
PHC-DST-C1-03,2024-04-02,108.0,2.0,7,13,2
PHC-DST-C1-03,2024-04-03,104.0,5.0,5,10,1
PHC-DST-C1-03,2024-04-04,94.0,4.0,7,8,3
PHC-DST-C1-03,2024-04-05,99.0,2.0,6,14,3
PHC-DST-C1-03,2024-04-06,87.0,6.0,6,11,1
PHC-DST-C1-03,2024-04-07,36.0,5.0,4,9,6
PHC-DST-C1-03,2024-04-08,114.0,4.0,6,9,1
PHC-DST-C1-03,2024-04-09,109.0,5.0,5,12,3
PHC-DST-C1-03,2024-04-10,97.0,6.0,6,9,4
PHC-DST-C1-03,2024-04-11,101.0,6.0,7,13,3
PHC-DST-C1-03,2024-04-12,100.0,4.0,4,12,1
PHC-DST-C1-03,2024-04-13,85.0,2.0,5,12,1
PHC-DST-C1-03,2024-04-14,44.0,4.0,5,10,2
PHC-DST-C1-03,2024-04-15,120.0,2.0,5,12,1
PHC-DST-C1-03,2024-04-16,99.0,2.0,5,9,2
PHC-DST-C1-03,2024-04-17,98.0,2.0,5,7,2
PHC-DST-C1-03,2024-04-18,99.0,2.0,6,11,3
PHC-DST-C1-03,2024-04-19,,2.0,6,10,2
PHC-DST-C1-03,2024-04-20,92.0,3.0,5,12,0
PHC-DST-C1-03,2024-04-21,41.0,3.0,5,13,0
PHC-DST-C1-03,2024-04-22,119.0,3.0,7,13,1
PHC-DST-C1-03,2024-04-23,107.0,2.0,5,11,6
PHC-DST-C1-03,2024-04-24,103.0,2.0,6,13,5
PHC-DST-C1-03,2024-04-25,97.0,7.0,6,10,2
PHC-DST-C1-03,2024-04-26,102.0,2.0,6,13,3
PHC-DST-C1-03,2024-04-27,89.0,7.0,5,16,3
PHC-DST-C1-03,2024-04-28,42.0,4.0,3,13,5
PHC-DST-C1-03,2024-04-29,117.0,5.0,4,13,2
PHC-DST-C1-03,2024-04-30,107.0,2.0,4,12,2
PHC-DST-C1-03,2024-05-01,106.0,8.0,5,14,2
PHC-DST-C1-03,2024-05-02,98.0,6.0,6,10,4
PHC-DST-C1-03,2024-05-03,100.0,2.0,7,12,0
PHC-DST-C1-03,2024-05-04,79.0,3.0,3,6,3
PHC-DST-C1-03,2024-05-05,47.0,1.0,5,15,1
PHC-DST-C1-03,2024-05-06,116.0,6.0,4,11,3
PHC-DST-C1-03,2024-05-07,105.0,7.0,6,11,6
PHC-DST-C1-03,2024-05-08,93.0,2.0,5,9,1
PHC-DST-C1-03,2024-05-09,96.0,8.0,5,11,5
PHC-DST-C1-03,2024-05-10,103.0,1.0,6,15,3
PHC-DST-C1-03,2024-05-11,80.0,5.0,5,12,2
PHC-DST-C1-03,2024-05-12,45.0,7.0,5,9,2
PHC-DST-C1-03,2024-05-13,121.0,2.0,6,14,6
PHC-DST-C1-03,2024-05-14,111.0,5.0,4,13,1
PHC-DST-C1-03,2024-05-15,101.0,5.0,6,9,5
PHC-DST-C1-03,2024-05-16,98.0,4.0,5,10,2
PHC-DST-C1-03,2024-05-17,103.0,5.0,5,7,1
PHC-DST-C1-03,2024-05-18,90.0,3.0,4,11,0
PHC-DST-C1-03,2024-05-19,38.0,2.0,5,12,2
PHC-DST-C1-03,2024-05-20,113.0,4.0,6,11,3
PHC-DST-C1-03,2024-05-21,106.0,3.0,5,11,5
PHC-DST-C1-03,2024-05-22,100.0,3.0,6,10,1
PHC-DST-C1-03,2024-05-23,92.0,4.0,3,7,1
PHC-DST-C1-03,2024-05-24,107.0,5.0,6,14,1
PHC-DST-C1-03,2024-05-25,87.0,4.0,5,12,0
PHC-DST-C1-03,2024-05-26,44.0,2.0,7,11,4
PHC-DST-C1-03,2024-05-27,115.0,3.0,5,10,3
PHC-DST-C1-03,2024-05-28,115.0,7.0,8,13,3
PHC-DST-C1-03,2024-05-29,95.0,2.0,4,10,0
PHC-DST-C1-03,2024-05-30,98.0,4.0,4,12,1
PHC-DST-C1-03,2024-05-31,96.0,2.0,6,10,3
PHC-DST-C1-03,2024-06-01,84.0,3.0,4,12,2
PHC-DST-C1-03,2024-06-02,43.0,7.0,4,12,1
PHC-DST-C1-03,2024-06-03,120.0,5.0,9,8,3
PHC-DST-C1-03,2024-06-04,110.0,2.0,6,12,1
PHC-DST-C1-03,2024-06-05,105.0,2.0,6,11,1
PHC-DST-C1-03,2024-06-06,93.0,4.0,4,12,2
PHC-DST-C1-03,2024-06-07,104.0,5.0,5,14,4
PHC-DST-C1-03,2024-06-08,90.0,3.0,3,11,4
PHC-DST-C1-03,2024-06-09,43.0,2.0,6,10,0
PHC-DST-C1-03,2024-06-10,,6.0,5,10,3
PHC-DST-C1-03,2024-06-11,106.0,2.0,4,13,4
PHC-DST-C1-03,2024-06-12,97.0,2.0,5,11,3
PHC-DST-C1-03,2024-06-13,92.0,3.0,5,7,3
PHC-DST-C1-03,2024-06-14,103.0,4.0,6,13,1
PHC-DST-C1-03,2024-06-15,84.0,2.0,5,10,3
PHC-DST-C1-03,2024-06-16,44.0,7.0,7,9,1
PHC-DST-C1-03,2024-06-17,116.0,2.0,4,10,2
PHC-DST-C1-03,2024-06-18,112.0,4.0,6,9,0
PHC-DST-C1-03,2024-06-19,103.0,4.0,9,10,4
PHC-DST-C1-03,2024-06-20,98.0,3.0,6,13,2
PHC-DST-C1-03,2024-06-21,96.0,2.0,5,8,3
PHC-DST-C1-03,2024-06-22,86.0,6.0,7,10,5
PHC-DST-C1-03,2024-06-23,37.0,4.0,4,10,5
PHC-DST-C1-03,2024-06-24,118.0,3.0,5,9,6
PHC-DST-C1-03,2024-06-25,113.0,3.0,7,11,4
PHC-DST-C1-03,2024-06-26,102.0,6.0,8,13,5
PHC-DST-C1-03,2024-06-27,91.0,4.0,7,12,5
PHC-DST-C1-03,2024-06-28,100.0,4.0,3,13,3
PHC-DST-C1-03,2024-06-29,,4.0,4,11,3
PHC-DST-C1-03,2024-06-30,41.0,4.0,4,12,2
PHC-DST-C1-03,2024-07-01,117.0,2.0,6,13,3
PHC-DST-C1-03,2024-07-02,103.0,2.0,6,10,1
PHC-DST-C1-03,2024-07-03,98.0,0.0,4,10,2
PHC-DST-C1-03,2024-07-04,97.0,4.0,4,11,2
PHC-DST-C1-03,2024-07-05,95.0,1.0,5,9,3
PHC-DST-C1-03,2024-07-06,90.0,1.0,7,11,0
PHC-DST-C1-03,2024-07-07,45.0,3.0,6,10,2
PHC-DST-C1-03,2024-07-08,112.0,3.0,4,10,1
PHC-DST-C1-03,2024-07-09,109.0,5.0,8,12,2
PHC-DST-C1-03,2024-07-10,105.0,4.0,5,11,4
PHC-DST-C1-03,2024-07-11,90.0,,3,10,1
PHC-DST-C1-03,2024-07-12,103.0,2.0,6,13,4
PHC-DST-C1-03,2024-07-13,89.0,3.0,5,13,1
PHC-DST-C1-03,2024-07-14,46.0,3.0,6,13,2
PHC-DST-C1-03,2024-07-15,122.0,7.0,6,13,7
PHC-DST-C1-03,2024-07-16,114.0,3.0,7,13,1
PHC-DST-C1-03,2024-07-17,99.0,12.0,4,14,2
PHC-DST-C1-03,2024-07-18,95.0,2.0,6,13,0
PHC-DST-C1-03,2024-07-19,99.0,6.0,5,12,1
PHC-DST-C1-03,2024-07-20,85.0,1.0,7,9,1
PHC-DST-C1-03,2024-07-21,46.0,4.0,3,13,2
PHC-DST-C1-03,2024-07-22,116.0,3.0,4,13,1
PHC-DST-C1-03,2024-07-23,116.0,4.0,8,14,2
PHC-DST-C1-03,2024-07-24,102.0,2.0,6,12,3
PHC-DST-C1-03,2024-07-25,99.0,3.0,6,10,4
PHC-DST-C1-03,2024-07-26,99.0,3.0,7,11,2
PHC-DST-C1-03,2024-07-27,93.0,,5,13,2
PHC-DST-C1-03,2024-07-28,44.0,6.0,6,15,4
PHC-DST-C1-03,2024-07-29,116.0,4.0,6,12,1
PHC-DST-C1-03,2024-07-30,109.0,3.0,4,13,1
PHC-DST-C1-03,2024-07-31,97.0,3.0,4,12,2
PHC-DST-C1-03,2024-08-01,96.0,2.0,4,9,1
PHC-DST-C1-03,2024-08-02,,4.0,6,11,2
PHC-DST-C1-03,2024-08-03,85.0,8.0,3,11,1
PHC-DST-C1-03,2024-08-04,39.0,3.0,6,7,3
PHC-DST-C1-03,2024-08-05,,,5,11,2
PHC-DST-C1-03,2024-08-06,106.0,2.0,7,9,2
PHC-DST-C1-03,2024-08-07,97.0,4.0,4,12,2
PHC-DST-C1-03,2024-08-08,99.0,2.0,7,10,3
PHC-DST-C1-03,2024-08-09,102.0,2.0,5,13,1
PHC-DST-C1-03,2024-08-10,92.0,2.0,6,13,2
PHC-DST-C1-03,2024-08-11,48.0,,5,13,5
PHC-DST-C1-03,2024-08-12,111.0,3.0,5,12,3
PHC-DST-C1-03,2024-08-13,114.0,5.0,7,13,4
PHC-DST-C1-03,2024-08-14,105.0,1.0,7,11,1
PHC-DST-C1-03,2024-08-15,94.0,2.0,7,10,4
PHC-DST-C1-03,2024-08-16,102.0,3.0,14,10,2
PHC-DST-C1-03,2024-08-17,94.0,6.0,14,11,2
PHC-DST-C1-03,2024-08-18,36.0,2.0,5,9,1
PHC-DST-C1-03,2024-08-19,117.0,5.0,5,13,1
PHC-DST-C1-03,2024-08-20,111.0,6.0,5,9,1
PHC-DST-C1-03,2024-08-21,105.0,2.0,7,13,1
PHC-DST-C1-03,2024-08-22,109.0,5.0,4,23,1
PHC-DST-C1-03,2024-08-23,103.0,3.0,7,10,3
PHC-DST-C1-03,2024-08-24,95.0,4.0,7,12,4
PHC-DST-C1-03,2024-08-25,45.0,4.0,5,13,4
PHC-DST-C1-03,2024-08-26,118.0,8.0,3,9,3
PHC-DST-C1-03,2024-08-27,108.0,4.0,5,10,3
PHC-DST-C1-03,2024-08-28,97.0,3.0,3,9,2
PHC-DST-C1-03,2024-08-29,99.0,3.0,4,11,1
PHC-DST-C1-03,2024-08-30,97.0,4.0,6,10,1
PHC-DST-C1-03,2024-08-31,91.0,4.0,2,11,2
PHC-DST-C1-03,2024-09-01,40.0,2.0,6,10,4
PHC-DST-C1-03,2024-09-02,116.0,3.0,4,11,2
PHC-DST-C1-03,2024-09-03,106.0,3.0,7,10,3
PHC-DST-C1-03,2024-09-04,101.0,3.0,6,14,2
PHC-DST-C1-03,2024-09-05,95.0,3.0,6,7,1
PHC-DST-C1-03,2024-09-06,103.0,4.0,5,8,5
PHC-DST-C1-03,2024-09-07,90.0,0.0,5,16,1
PHC-DST-C1-03,2024-09-08,41.0,0.0,5,11,2
PHC-DST-C1-03,2024-09-09,110.0,3.0,4,8,4
PHC-DST-C1-03,2024-09-10,115.0,2.0,18,10,3
PHC-DST-C1-03,2024-09-11,98.0,7.0,16,7,0
PHC-DST-C1-03,2024-09-12,91.0,3.0,6,11,3
PHC-DST-C1-03,2024-09-13,104.0,2.0,5,10,1
PHC-DST-C1-03,2024-09-14,89.0,4.0,5,13,1
PHC-DST-C1-03,2024-09-15,47.0,1.0,4,8,2
PHC-DST-C1-03,2024-09-16,123.0,3.0,5,22,3
PHC-DST-C1-03,2024-09-17,112.0,2.0,7,12,1
PHC-DST-C1-03,2024-09-18,101.0,5.0,8,11,5
PHC-DST-C1-03,2024-09-19,98.0,3.0,7,9,3
PHC-DST-C1-03,2024-09-20,101.0,0.0,5,10,3
PHC-DST-C1-03,2024-09-21,89.0,5.0,7,14,2
PHC-DST-C1-03,2024-09-22,41.0,4.0,5,13,2
PHC-DST-C1-03,2024-09-23,110.0,5.0,4,9,5
PHC-DST-C1-03,2024-09-24,112.0,4.0,8,14,0
PHC-DST-C1-03,2024-09-25,98.0,3.0,5,9,3
PHC-DST-C1-03,2024-09-26,94.0,6.0,3,13,1
PHC-DST-C1-03,2024-09-27,98.0,3.0,6,9,0
PHC-DST-C1-03,2024-09-28,90.0,5.0,4,13,4
PHC-DST-C1-03,2024-09-29,46.0,8.0,6,10,3
PHC-DST-C1-03,2024-09-30,113.0,4.0,6,12,2
PHC-DST-C1-03,2024-10-01,108.0,2.0,5,11,2
PHC-DST-C1-03,2024-10-02,104.0,2.0,6,12,4
PHC-DST-C1-03,2024-10-03,96.0,5.0,7,8,2
PHC-DST-C1-03,2024-10-04,99.0,2.0,5,11,1
PHC-DST-C1-03,2024-10-05,86.0,4.0,5,12,2
PHC-DST-C1-03,2024-10-06,36.0,1.0,5,8,2
PHC-DST-C1-03,2024-10-07,118.0,1.0,4,12,4
PHC-DST-C1-03,2024-10-08,110.0,1.0,7,10,2
PHC-DST-C1-03,2024-10-09,97.0,4.0,5,10,5
PHC-DST-C1-03,2024-10-10,94.0,1.0,6,9,6
PHC-DST-C1-03,2024-10-11,96.0,3.0,5,12,4
PHC-DST-C1-03,2024-10-12,86.0,4.0,6,12,3
PHC-DST-C1-03,2024-10-13,45.0,2.0,6,9,2
PHC-DST-C1-03,2024-10-14,113.0,,5,10,3
PHC-DST-C1-03,2024-10-15,109.0,3.0,5,14,4
PHC-DST-C1-03,2024-10-16,107.0,5.0,6,14,3
PHC-DST-C1-03,2024-10-17,100.0,4.0,5,8,1
PHC-DST-C1-03,2024-10-18,101.0,1.0,5,11,2
PHC-DST-C1-03,2024-10-19,85.0,4.0,5,10,0
PHC-DST-C1-03,2024-10-20,34.0,4.0,6,8,4
PHC-DST-C1-03,2024-10-21,123.0,2.0,7,13,5
PHC-DST-C1-03,2024-10-22,106.0,0.0,5,10,4
PHC-DST-C1-03,2024-10-23,104.0,3.0,8,12,3
PHC-DST-C1-03,2024-10-24,99.0,4.0,5,13,4
PHC-DST-C1-03,2024-10-25,106.0,4.0,6,15,2
PHC-DST-C1-03,2024-10-26,93.0,2.0,5,10,4
PHC-DST-C1-03,2024-10-27,45.0,3.0,7,11,3
PHC-DST-C1-03,2024-10-28,117.0,0.0,5,7,1
PHC-DST-C1-03,2024-10-29,111.0,6.0,6,13,2
PHC-DST-C1-03,2024-10-30,104.0,3.0,5,15,2
PHC-DST-C1-03,2024-10-31,98.0,6.0,5,13,3
PHC-DST-C1-03,2024-11-01,98.0,1.0,3,10,1
PHC-DST-C1-03,2024-11-02,89.0,4.0,6,14,0
PHC-DST-C1-03,2024-11-03,41.0,4.0,6,10,4
PHC-DST-C1-03,2024-11-04,125.0,6.0,5,14,2
PHC-DST-C1-03,2024-11-05,103.0,3.0,6,10,2
PHC-DST-C1-03,2024-11-06,100.0,8.0,7,13,1
PHC-DST-C1-03,2024-11-07,94.0,4.0,7,7,3
PHC-DST-C1-03,2024-11-08,101.0,4.0,5,11,1
PHC-DST-C1-03,2024-11-09,86.0,1.0,5,11,1
PHC-DST-C1-03,2024-11-10,38.0,6.0,4,7,1
PHC-DST-C1-03,2024-11-11,116.0,3.0,5,8,2
PHC-DST-C1-03,2024-11-12,109.0,3.0,5,13,4
PHC-DST-C1-03,2024-11-13,104.0,4.0,5,13,0
PHC-DST-C1-03,2024-11-14,102.0,6.0,5,13,2
PHC-DST-C1-03,2024-11-15,98.0,11.0,5,10,0
PHC-DST-C1-03,2024-11-16,91.0,0.0,8,14,2
PHC-DST-C1-03,2024-11-17,45.0,7.0,7,11,5
PHC-DST-C1-03,2024-11-18,114.0,1.0,5,11,3
PHC-DST-C1-03,2024-11-19,102.0,3.0,5,12,4
PHC-DST-C1-03,2024-11-20,102.0,5.0,5,13,5
PHC-DST-C1-03,2024-11-21,95.0,3.0,5,11,1
PHC-DST-C1-03,2024-11-22,99.0,0.0,5,10,3
PHC-DST-C1-03,2024-11-23,87.0,3.0,6,9,2
PHC-DST-C1-03,2024-11-24,45.0,4.0,6,12,5
PHC-DST-C1-03,2024-11-25,120.0,3.0,6,11,2
PHC-DST-C1-03,2024-11-26,110.0,6.0,5,11,0
PHC-DST-C1-03,2024-11-27,99.0,5.0,6,8,5
PHC-DST-C1-03,2024-11-28,95.0,4.0,4,11,4
PHC-DST-C1-03,2024-11-29,99.0,3.0,5,12,1
PHC-DST-C1-03,2024-11-30,86.0,6.0,6,13,4
PHC-DST-C1-03,2024-12-01,44.0,5.0,5,10,0
PHC-DST-C1-03,2024-12-02,119.0,3.0,6,13,4
PHC-DST-C1-03,2024-12-03,109.0,7.0,7,8,4
PHC-DST-C1-03,2024-12-04,104.0,1.0,4,11,3
PHC-DST-C1-03,2024-12-05,99.0,1.0,5,12,3
PHC-DST-C1-03,2024-12-06,104.0,6.0,7,12,1
PHC-DST-C1-03,2024-12-07,87.0,4.0,4,11,3
PHC-DST-C1-03,2024-12-08,42.0,1.0,5,13,3
PHC-DST-C1-03,2024-12-09,116.0,6.0,5,9,3
PHC-DST-C1-03,2024-12-10,107.0,7.0,4,9,3
PHC-DST-C1-03,2024-12-11,101.0,2.0,6,13,5
PHC-DST-C1-03,2024-12-12,98.0,3.0,6,12,2
PHC-DST-C1-03,2024-12-13,99.0,3.0,4,8,4
PHC-DST-C1-03,2024-12-14,85.0,4.0,6,9,2
PHC-DST-C1-03,2024-12-15,44.0,3.0,6,10,4
PHC-DST-C1-03,2024-12-16,115.0,3.0,7,11,1
PHC-DST-C1-03,2024-12-17,109.0,1.0,5,11,1
PHC-DST-C1-03,2024-12-18,98.0,6.0,4,12,2
PHC-DST-C1-03,2024-12-19,101.0,1.0,7,13,4
PHC-DST-C1-03,2024-12-20,103.0,1.0,7,11,0
PHC-DST-C1-03,2024-12-21,87.0,1.0,6,13,0
PHC-DST-C1-03,2024-12-22,37.0,2.0,5,8,3
PHC-DST-C1-03,2024-12-23,124.0,3.0,6,13,1
PHC-DST-C1-03,2024-12-24,105.0,1.0,4,12,6
PHC-DST-C1-03,2024-12-25,99.0,0.0,7,11,3
PHC-DST-C1-03,2024-12-26,94.0,4.0,5,13,4
PHC-DST-C1-03,2024-12-27,100.0,4.0,5,11,2
PHC-DST-C1-03,2024-12-28,84.0,3.0,7,10,1
PHC-DST-C1-03,2024-12-29,39.0,4.0,4,11,3
PHC-DST-C1-03,2024-12-30,117.0,4.0,5,8,3
PHC-DST-C1-03,2024-12-31,109.0,7.0,5,15,5
PHC-DST-C1-03,2025-01-01,97.0,4.0,5,11,2
PHC-DST-C1-03,2025-01-02,95.0,3.0,4,10,0
PHC-DST-C1-03,2025-01-03,106.0,4.0,6,14,3
PHC-DST-C1-03,2025-01-04,87.0,6.0,6,9,1
PHC-DST-C1-03,2025-01-05,45.0,4.0,5,13,4
PHC-DST-C1-03,2025-01-06,113.0,1.0,3,10,1
PHC-DST-C1-03,2025-01-07,107.0,,5,12,3
PHC-DST-C1-03,2025-01-08,103.0,3.0,7,13,3
PHC-DST-C1-03,2025-01-09,94.0,3.0,4,9,2
PHC-DST-C1-03,2025-01-10,99.0,3.0,5,9,2
PHC-DST-C1-03,2025-01-11,,2.0,6,11,2
PHC-DST-C1-03,2025-01-12,38.0,4.0,4,11,5
PHC-DST-C1-03,2025-01-13,118.0,2.0,5,14,3
PHC-DST-C1-03,2025-01-14,110.0,1.0,7,14,1
PHC-DST-C1-03,2025-01-15,95.0,3.0,5,11,2
PHC-DST-C1-03,2025-01-16,98.0,2.0,6,10,0
PHC-DST-C1-03,2025-01-17,94.0,2.0,4,10,3
PHC-DST-C1-03,2025-01-18,84.0,2.0,4,11,1
PHC-DST-C1-03,2025-01-19,33.0,4.0,6,8,0
PHC-DST-C1-03,2025-01-20,116.0,5.0,5,9,4
PHC-DST-C1-03,2025-01-21,108.0,2.0,2,11,6
PHC-DST-C1-03,2025-01-22,102.0,4.0,5,9,4
PHC-DST-C1-03,2025-01-23,96.0,5.0,5,14,2
PHC-DST-C1-03,2025-01-24,102.0,3.0,4,13,3
PHC-DST-C1-03,2025-01-25,86.0,6.0,4,10,6
PHC-DST-C1-03,2025-01-26,44.0,3.0,6,12,2
PHC-DST-C1-03,2025-01-27,120.0,4.0,6,12,2
PHC-DST-C1-03,2025-01-28,105.0,6.0,4,12,4
PHC-DST-C1-03,2025-01-29,104.0,2.0,4,12,0
PHC-DST-C1-03,2025-01-30,90.0,3.0,6,8,0
PHC-DST-C1-03,2025-01-31,100.0,5.0,6,13,1
PHC-DST-C1-03,2025-02-01,89.0,1.0,5,13,2
PHC-DST-C1-03,2025-02-02,40.0,0.0,4,11,1
PHC-DST-C1-03,2025-02-03,118.0,2.0,4,14,1
PHC-DST-C1-03,2025-02-04,115.0,5.0,8,11,4
PHC-DST-C1-03,2025-02-05,101.0,4.0,5,8,7
PHC-DST-C1-03,2025-02-06,96.0,5.0,4,10,2
PHC-DST-C1-03,2025-02-07,100.0,5.0,6,10,2
PHC-DST-C1-03,2025-02-08,,4.0,4,13,4
PHC-DST-C1-03,2025-02-09,38.0,4.0,6,8,4
PHC-DST-C1-03,2025-02-10,115.0,2.0,5,7,3
PHC-DST-C1-03,2025-02-11,110.0,1.0,5,9,2
PHC-DST-C1-03,2025-02-12,98.0,4.0,4,9,1
PHC-DST-C1-03,2025-02-13,101.0,6.0,7,14,2
PHC-DST-C1-03,2025-02-14,96.0,3.0,6,10,3
PHC-DST-C1-03,2025-02-15,86.0,7.0,3,14,1
PHC-DST-C1-03,2025-02-16,38.0,4.0,4,10,4
PHC-DST-C1-03,2025-02-17,118.0,2.0,5,8,4
PHC-DST-C1-03,2025-02-18,108.0,3.0,5,10,0
PHC-DST-C1-03,2025-02-19,97.0,5.0,4,14,3
PHC-DST-C1-03,2025-02-20,94.0,2.0,6,11,2
PHC-DST-C1-03,2025-02-21,105.0,4.0,8,12,4
PHC-DST-C1-03,2025-02-22,91.0,7.0,5,13,4
PHC-DST-C1-03,2025-02-23,38.0,0.0,5,7,3
PHC-DST-C1-03,2025-02-24,120.0,1.0,6,9,1
PHC-DST-C1-03,2025-02-25,108.0,3.0,3,13,1
PHC-DST-C1-03,2025-02-26,100.0,5.0,6,13,4
PHC-DST-C1-03,2025-02-27,96.0,8.0,6,14,4
PHC-DST-C1-03,2025-02-28,105.0,0.0,7,14,2
PHC-DST-C1-03,2025-03-01,86.0,3.0,6,7,2
PHC-DST-C1-03,2025-03-02,39.0,4.0,5,11,0
PHC-DST-C1-03,2025-03-03,123.0,3.0,7,12,2
PHC-DST-C1-03,2025-03-04,111.0,4.0,3,12,2
PHC-DST-C1-03,2025-03-05,101.0,3.0,6,11,3
PHC-DST-C1-03,2025-03-06,90.0,3.0,3,9,0
PHC-DST-C1-03,2025-03-07,99.0,6.0,3,14,2
PHC-DST-C1-03,2025-03-08,98.0,6.0,6,16,4
PHC-DST-C1-03,2025-03-09,38.0,4.0,7,11,2
PHC-DST-C1-03,2025-03-10,129.0,3.0,7,13,5
PHC-DST-C1-03,2025-03-11,108.0,3.0,6,8,3
PHC-DST-C1-03,2025-03-12,105.0,4.0,5,13,1
PHC-DST-C1-03,2025-03-13,98.0,4.0,6,14,2
PHC-DST-C1-03,2025-03-14,99.0,4.0,6,12,5
PHC-DST-C1-03,2025-03-15,85.0,2.0,6,11,2
PHC-DST-C1-03,2025-03-16,50.0,2.0,6,14,3
PHC-DST-C1-03,2025-03-17,,3.0,5,15,2
PHC-DST-C1-03,2025-03-18,110.0,4.0,6,12,4
PHC-DST-C1-03,2025-03-19,102.0,5.0,5,11,2
PHC-DST-C1-03,2025-03-20,98.0,6.0,5,12,4
PHC-DST-C1-03,2025-03-21,104.0,5.0,4,11,2
PHC-DST-C1-03,2025-03-22,85.0,6.0,5,11,5
PHC-DST-C1-03,2025-03-23,40.0,7.0,6,13,2
PHC-DST-C1-03,2025-03-24,120.0,2.0,7,12,3
PHC-DST-C1-03,2025-03-25,112.0,2.0,4,13,1
PHC-DST-C1-03,2025-03-26,99.0,6.0,7,10,1
PHC-DST-C1-03,2025-03-27,95.0,3.0,4,11,1
PHC-DST-C1-03,2025-03-28,99.0,11.0,7,12,2
PHC-DST-C1-03,2025-03-29,91.0,3.0,8,12,2
PHC-DST-C1-03,2025-03-30,42.0,7.0,6,11,6
PHC-DST-C1-03,2025-03-31,120.0,4.0,7,11,1
PHC-DST-C1-03,2025-04-01,114.0,3.0,7,13,2
PHC-DST-C1-03,2025-04-02,102.0,3.0,6,10,5
PHC-DST-C1-03,2025-04-03,97.0,7.0,5,12,3
PHC-DST-C1-03,2025-04-04,98.0,6.0,4,14,3
PHC-DST-C1-03,2025-04-05,87.0,2.0,6,12,1
PHC-DST-C1-03,2025-04-06,43.0,3.0,3,13,3
PHC-DST-C1-03,2025-04-07,115.0,1.0,7,10,3
PHC-DST-C1-03,2025-04-08,107.0,9.0,6,11,2
PHC-DST-C1-03,2025-04-09,97.0,,5,12,2
PHC-DST-C1-03,2025-04-10,98.0,3.0,7,9,3
PHC-DST-C1-03,2025-04-11,106.0,4.0,4,11,2
PHC-DST-C1-03,2025-04-12,83.0,3.0,5,7,2
PHC-DST-C1-03,2025-04-13,40.0,1.0,4,12,3
PHC-DST-C1-03,2025-04-14,119.0,2.0,3,12,1
PHC-DST-C1-03,2025-04-15,110.0,1.0,3,13,1
PHC-DST-C1-03,2025-04-16,97.0,2.0,7,11,3
PHC-DST-C1-03,2025-04-17,91.0,2.0,5,9,4
PHC-DST-C1-03,2025-04-18,102.0,2.0,5,11,1
PHC-DST-C1-03,2025-04-19,93.0,2.0,6,9,3
PHC-DST-C1-03,2025-04-20,35.0,1.0,3,7,3
PHC-DST-C1-03,2025-04-21,122.0,6.0,5,13,5
PHC-DST-C1-03,2025-04-22,108.0,1.0,4,11,4
PHC-DST-C1-03,2025-04-23,107.0,2.0,5,9,3
PHC-DST-C1-03,2025-04-24,91.0,,6,14,5
PHC-DST-C1-03,2025-04-25,101.0,1.0,6,12,3
PHC-DST-C1-03,2025-04-26,93.0,1.0,6,12,0
PHC-DST-C1-03,2025-04-27,40.0,6.0,4,12,1
PHC-DST-C1-03,2025-04-28,118.0,5.0,5,11,7
PHC-DST-C1-03,2025-04-29,111.0,5.0,6,14,2
PHC-DST-C1-03,2025-04-30,96.0,7.0,3,9,3
PHC-DST-C1-03,2025-05-01,,4.0,7,11,3
PHC-DST-C1-03,2025-05-02,100.0,4.0,4,8,1
PHC-DST-C1-03,2025-05-03,92.0,1.0,6,15,4
PHC-DST-C1-03,2025-05-04,41.0,2.0,5,11,1
PHC-DST-C1-03,2025-05-05,119.0,2.0,4,14,1
PHC-DST-C1-03,2025-05-06,110.0,5.0,6,11,6
PHC-DST-C1-03,2025-05-07,102.0,2.0,6,9,4
PHC-DST-C1-03,2025-05-08,95.0,6.0,5,11,2
PHC-DST-C1-03,2025-05-09,103.0,2.0,7,10,1
PHC-DST-C1-03,2025-05-10,84.0,0.0,5,10,3
PHC-DST-C1-03,2025-05-11,40.0,5.0,5,11,1
PHC-DST-C1-03,2025-05-12,114.0,4.0,6,9,1
PHC-DST-C1-03,2025-05-13,104.0,5.0,3,11,4
PHC-DST-C1-03,2025-05-14,102.0,3.0,4,11,3
PHC-DST-C1-03,2025-05-15,95.0,6.0,6,12,4
PHC-DST-C1-03,2025-05-16,99.0,2.0,4,11,1
PHC-DST-C1-03,2025-05-17,87.0,2.0,6,12,6
PHC-DST-C1-03,2025-05-18,39.0,5.0,5,10,6
PHC-DST-C1-03,2025-05-19,118.0,2.0,7,12,1
PHC-DST-C1-03,2025-05-20,108.0,4.0,5,9,3
PHC-DST-C1-03,2025-05-21,106.0,4.0,6,12,2
PHC-DST-C1-03,2025-05-22,101.0,7.0,6,9,3
PHC-DST-C1-03,2025-05-23,103.0,3.0,5,9,4
PHC-DST-C1-03,2025-05-24,87.0,1.0,5,13,2
PHC-DST-C1-03,2025-05-25,42.0,3.0,5,11,2
PHC-DST-C1-03,2025-05-26,110.0,3.0,4,8,2
PHC-DST-C1-03,2025-05-27,107.0,4.0,5,12,3
PHC-DST-C1-03,2025-05-28,96.0,2.0,6,9,2
PHC-DST-C1-03,2025-05-29,101.0,4.0,8,11,2
PHC-DST-C1-03,2025-05-30,100.0,1.0,4,11,4
PHC-DST-C1-03,2025-05-31,87.0,3.0,6,10,2
PHC-DST-C1-03,2025-06-01,39.0,6.0,6,8,2
PHC-DST-C1-03,2025-06-02,119.0,5.0,3,11,2
PHC-DST-C1-03,2025-06-03,105.0,3.0,5,9,2
PHC-DST-C1-03,2025-06-04,95.0,2.0,3,8,2
PHC-DST-C1-03,2025-06-05,93.0,4.0,6,9,1
PHC-DST-C1-03,2025-06-06,97.0,2.0,6,13,1
PHC-DST-C1-03,2025-06-07,90.0,2.0,5,14,0
PHC-DST-C1-03,2025-06-08,36.0,3.0,6,9,2
PHC-DST-C1-03,2025-06-09,114.0,5.0,5,12,1
PHC-DST-C1-03,2025-06-10,114.0,2.0,7,11,4
PHC-DST-C1-03,2025-06-11,105.0,5.0,5,12,2
PHC-DST-C1-03,2025-06-12,96.0,6.0,5,9,1
PHC-DST-C1-03,2025-06-13,99.0,7.0,6,11,2
PHC-DST-C1-03,2025-06-14,91.0,5.0,4,12,7
PHC-DST-C1-03,2025-06-15,47.0,3.0,5,14,1
PHC-DST-C1-03,2025-06-16,119.0,2.0,5,9,1
PHC-DST-C1-03,2025-06-17,111.0,3.0,8,10,0
PHC-DST-C1-03,2025-06-18,103.0,5.0,3,14,2
PHC-DST-C1-03,2025-06-19,98.0,2.0,5,12,4
PHC-DST-C1-03,2025-06-20,104.0,3.0,5,11,2
PHC-DST-C1-03,2025-06-21,89.0,4.0,4,12,3
PHC-DST-C1-03,2025-06-22,37.0,10.0,4,11,3
PHC-DST-C1-03,2025-06-23,124.0,1.0,7,14,3
PHC-DST-C1-03,2025-06-24,105.0,3.0,4,12,2
PHC-DST-C1-03,2025-06-25,102.0,0.0,7,10,4
PHC-DST-C1-03,2025-06-26,95.0,2.0,5,11,4
PHC-DST-C1-03,2025-06-27,101.0,1.0,6,12,0
PHC-DST-C1-03,2025-06-28,89.0,3.0,5,9,0
PHC-DST-C1-03,2025-06-29,42.0,,3,13,3
PHC-DST-C1-03,2025-06-30,113.0,6.0,4,10,5
PHC-DST-C1-04,2024-01-01,140.0,2.0,6,14,1
PHC-DST-C1-04,2024-01-02,127.0,0.0,6,12,3
PHC-DST-C1-04,2024-01-03,,1.0,5,12,4
PHC-DST-C1-04,2024-01-04,108.0,2.0,5,13,6
PHC-DST-C1-04,2024-01-05,110.0,5.0,7,10,1
PHC-DST-C1-04,2024-01-06,106.0,5.0,7,15,0
PHC-DST-C1-04,2024-01-07,43.0,6.0,8,8,1
PHC-DST-C1-04,2024-01-08,140.0,3.0,7,14,1
PHC-DST-C1-04,2024-01-09,123.0,4.0,7,12,2
PHC-DST-C1-04,2024-01-10,120.0,4.0,6,14,2
PHC-DST-C1-04,2024-01-11,114.0,2.0,8,13,3
PHC-DST-C1-04,2024-01-12,121.0,2.0,5,13,3
PHC-DST-C1-04,2024-01-13,95.0,3.0,5,11,3
PHC-DST-C1-04,2024-01-14,46.0,4.0,8,13,3
PHC-DST-C1-04,2024-01-15,139.0,5.0,5,12,1
PHC-DST-C1-04,2024-01-16,130.0,3.0,6,14,1
PHC-DST-C1-04,2024-01-17,119.0,4.0,7,13,3
PHC-DST-C1-04,2024-01-18,112.0,6.0,7,14,6
PHC-DST-C1-04,2024-01-19,118.0,2.0,7,13,5
PHC-DST-C1-04,2024-01-20,104.0,4.0,6,14,3
PHC-DST-C1-04,2024-01-21,50.0,3.0,5,12,2
PHC-DST-C1-04,2024-01-22,140.0,2.0,9,14,2
PHC-DST-C1-04,2024-01-23,127.0,7.0,6,14,2
PHC-DST-C1-04,2024-01-24,122.0,4.0,7,11,4
PHC-DST-C1-04,2024-01-25,111.0,3.0,7,9,5
PHC-DST-C1-04,2024-01-26,110.0,2.0,5,9,2
PHC-DST-C1-04,2024-01-27,111.0,4.0,7,16,2
PHC-DST-C1-04,2024-01-28,49.0,6.0,6,12,1
PHC-DST-C1-04,2024-01-29,136.0,2.0,4,12,2
PHC-DST-C1-04,2024-01-30,122.0,4.0,7,10,5
PHC-DST-C1-04,2024-01-31,110.0,6.0,7,12,4
PHC-DST-C1-04,2024-02-01,112.0,6.0,7,13,4
PHC-DST-C1-04,2024-02-02,121.0,3.0,7,16,5
PHC-DST-C1-04,2024-02-03,103.0,6.0,7,12,1
PHC-DST-C1-04,2024-02-04,50.0,3.0,7,14,6
PHC-DST-C1-04,2024-02-05,136.0,1.0,7,15,3
PHC-DST-C1-04,2024-02-06,129.0,7.0,7,12,2
PHC-DST-C1-04,2024-02-07,114.0,4.0,9,13,5
PHC-DST-C1-04,2024-02-08,116.0,2.0,6,15,1
PHC-DST-C1-04,2024-02-09,120.0,6.0,8,10,3
PHC-DST-C1-04,2024-02-10,103.0,5.0,7,11,3
PHC-DST-C1-04,2024-02-11,,7.0,5,13,1
PHC-DST-C1-04,2024-02-12,135.0,5.0,6,17,3
PHC-DST-C1-04,2024-02-13,131.0,5.0,7,14,1
PHC-DST-C1-04,2024-02-14,122.0,3.0,7,15,3
PHC-DST-C1-04,2024-02-15,114.0,5.0,5,15,1
PHC-DST-C1-04,2024-02-16,117.0,2.0,6,10,5
PHC-DST-C1-04,2024-02-17,108.0,3.0,7,13,2
PHC-DST-C1-04,2024-02-18,43.0,3.0,7,12,4
PHC-DST-C1-04,2024-02-19,138.0,4.0,5,17,5
PHC-DST-C1-04,2024-02-20,125.0,6.0,5,8,1
PHC-DST-C1-04,2024-02-21,120.0,5.0,5,16,1
PHC-DST-C1-04,2024-02-22,108.0,2.0,5,13,2
PHC-DST-C1-04,2024-02-23,116.0,2.0,6,12,7
PHC-DST-C1-04,2024-02-24,107.0,5.0,5,14,3
PHC-DST-C1-04,2024-02-25,48.0,1.0,6,15,3
PHC-DST-C1-04,2024-02-26,137.0,5.0,8,12,3
PHC-DST-C1-04,2024-02-27,126.0,5.0,5,14,1
PHC-DST-C1-04,2024-02-28,117.0,2.0,8,16,3
PHC-DST-C1-04,2024-02-29,115.0,7.0,8,12,7
PHC-DST-C1-04,2024-03-01,120.0,6.0,3,13,2
PHC-DST-C1-04,2024-03-02,110.0,6.0,8,19,2
PHC-DST-C1-04,2024-03-03,48.0,5.0,6,11,1
PHC-DST-C1-04,2024-03-04,135.0,4.0,7,11,1
PHC-DST-C1-04,2024-03-05,131.0,1.0,9,17,2
PHC-DST-C1-04,2024-03-06,,2.0,7,14,1
PHC-DST-C1-04,2024-03-07,108.0,5.0,5,11,5
PHC-DST-C1-04,2024-03-08,120.0,3.0,5,13,3
PHC-DST-C1-04,2024-03-09,104.0,3.0,6,12,4
PHC-DST-C1-04,2024-03-10,48.0,5.0,4,10,1
PHC-DST-C1-04,2024-03-11,141.0,5.0,4,14,1
PHC-DST-C1-04,2024-03-12,133.0,2.0,5,19,2
PHC-DST-C1-04,2024-03-13,117.0,4.0,6,14,1
PHC-DST-C1-04,2024-03-14,117.0,6.0,7,12,3
PHC-DST-C1-04,2024-03-15,116.0,4.0,5,10,2
PHC-DST-C1-04,2024-03-16,105.0,5.0,6,15,1
PHC-DST-C1-04,2024-03-17,49.0,1.0,9,12,1
PHC-DST-C1-04,2024-03-18,137.0,6.0,6,16,5
PHC-DST-C1-04,2024-03-19,131.0,6.0,5,14,0
PHC-DST-C1-04,2024-03-20,123.0,3.0,8,14,3
PHC-DST-C1-04,2024-03-21,115.0,2.0,7,14,3
PHC-DST-C1-04,2024-03-22,118.0,8.0,6,14,2
PHC-DST-C1-04,2024-03-23,101.0,1.0,7,10,2
PHC-DST-C1-04,2024-03-24,47.0,3.0,6,15,2
PHC-DST-C1-04,2024-03-25,132.0,8.0,5,11,5
PHC-DST-C1-04,2024-03-26,130.0,4.0,8,15,3
PHC-DST-C1-04,2024-03-27,111.0,8.0,5,11,1
PHC-DST-C1-04,2024-03-28,120.0,6.0,8,15,3
PHC-DST-C1-04,2024-03-29,119.0,,6,12,3
PHC-DST-C1-04,2024-03-30,101.0,1.0,5,15,2
PHC-DST-C1-04,2024-03-31,56.0,2.0,5,14,4
PHC-DST-C1-04,2024-04-01,137.0,6.0,6,15,4
PHC-DST-C1-04,2024-04-02,125.0,2.0,6,11,4
PHC-DST-C1-04,2024-04-03,114.0,3.0,8,11,3
PHC-DST-C1-04,2024-04-04,114.0,6.0,7,14,4
PHC-DST-C1-04,2024-04-05,120.0,4.0,4,15,3
PHC-DST-C1-04,2024-04-06,99.0,7.0,8,11,2
PHC-DST-C1-04,2024-04-07,53.0,7.0,8,12,4
PHC-DST-C1-04,2024-04-08,138.0,3.0,5,12,4
PHC-DST-C1-04,2024-04-09,129.0,2.0,6,11,4
PHC-DST-C1-04,2024-04-10,119.0,4.0,7,13,0
PHC-DST-C1-04,2024-04-11,114.0,4.0,6,11,1
PHC-DST-C1-04,2024-04-12,118.0,5.0,5,11,4
PHC-DST-C1-04,2024-04-13,99.0,7.0,6,14,2
PHC-DST-C1-04,2024-04-14,48.0,2.0,5,14,1
PHC-DST-C1-04,2024-04-15,132.0,3.0,6,11,4
PHC-DST-C1-04,2024-04-16,127.0,5.0,7,10,3
PHC-DST-C1-04,2024-04-17,110.0,6.0,7,14,4
PHC-DST-C1-04,2024-04-18,111.0,3.0,7,13,0
PHC-DST-C1-04,2024-04-19,116.0,5.0,8,11,2
PHC-DST-C1-04,2024-04-20,107.0,2.0,7,13,4
PHC-DST-C1-04,2024-04-21,51.0,3.0,7,13,6
PHC-DST-C1-04,2024-04-22,138.0,6.0,6,12,1
PHC-DST-C1-04,2024-04-23,127.0,2.0,3,13,1
PHC-DST-C1-04,2024-04-24,116.0,2.0,7,12,4
PHC-DST-C1-04,2024-04-25,114.0,6.0,9,14,2
PHC-DST-C1-04,2024-04-26,113.0,6.0,5,12,3
PHC-DST-C1-04,2024-04-27,103.0,5.0,7,12,2
PHC-DST-C1-04,2024-04-28,46.0,3.0,8,13,1
PHC-DST-C1-04,2024-04-29,136.0,4.0,6,9,1
PHC-DST-C1-04,2024-04-30,130.0,3.0,6,13,2
PHC-DST-C1-04,2024-05-01,116.0,2.0,5,12,3
PHC-DST-C1-04,2024-05-02,105.0,3.0,4,14,1
PHC-DST-C1-04,2024-05-03,114.0,3.0,6,12,5
PHC-DST-C1-04,2024-05-04,111.0,4.0,8,19,7
PHC-DST-C1-04,2024-05-05,51.0,4.0,6,13,4
PHC-DST-C1-04,2024-05-06,143.0,3.0,7,15,2
PHC-DST-C1-04,2024-05-07,129.0,4.0,7,11,4
PHC-DST-C1-04,2024-05-08,122.0,2.0,7,14,3
PHC-DST-C1-04,2024-05-09,113.0,5.0,7,11,3
PHC-DST-C1-04,2024-05-10,116.0,2.0,6,12,5
PHC-DST-C1-04,2024-05-11,102.0,4.0,7,12,2
PHC-DST-C1-04,2024-05-12,46.0,7.0,8,16,2
PHC-DST-C1-04,2024-05-13,137.0,5.0,6,12,1
PHC-DST-C1-04,2024-05-14,124.0,3.0,7,10,2
PHC-DST-C1-04,2024-05-15,115.0,9.0,7,13,4
PHC-DST-C1-04,2024-05-16,116.0,8.0,5,13,4
PHC-DST-C1-04,2024-05-17,118.0,4.0,7,14,3
PHC-DST-C1-04,2024-05-18,103.0,2.0,4,13,1
PHC-DST-C1-04,2024-05-19,45.0,2.0,5,12,2
PHC-DST-C1-04,2024-05-20,138.0,7.0,7,13,2
PHC-DST-C1-04,2024-05-21,131.0,5.0,6,15,4
PHC-DST-C1-04,2024-05-22,118.0,8.0,7,14,5
PHC-DST-C1-04,2024-05-23,117.0,3.0,5,16,3
PHC-DST-C1-04,2024-05-24,119.0,4.0,6,15,3
PHC-DST-C1-04,2024-05-25,104.0,4.0,7,15,3
PHC-DST-C1-04,2024-05-26,43.0,2.0,5,12,4
PHC-DST-C1-04,2024-05-27,137.0,4.0,5,10,0
PHC-DST-C1-04,2024-05-28,123.0,3.0,7,9,4
PHC-DST-C1-04,2024-05-29,119.0,5.0,6,13,4
PHC-DST-C1-04,2024-05-30,113.0,5.0,4,17,3
PHC-DST-C1-04,2024-05-31,127.0,4.0,6,15,4
PHC-DST-C1-04,2024-06-01,103.0,2.0,5,12,4
PHC-DST-C1-04,2024-06-02,47.0,4.0,6,8,2
PHC-DST-C1-04,2024-06-03,138.0,7.0,6,16,5
PHC-DST-C1-04,2024-06-04,128.0,6.0,7,14,7
PHC-DST-C1-04,2024-06-05,122.0,6.0,8,13,4
PHC-DST-C1-04,2024-06-06,116.0,2.0,5,14,1
PHC-DST-C1-04,2024-06-07,117.0,6.0,5,14,1
PHC-DST-C1-04,2024-06-08,102.0,3.0,8,13,3
PHC-DST-C1-04,2024-06-09,57.0,3.0,7,17,4
PHC-DST-C1-04,2024-06-10,140.0,3.0,6,13,0
PHC-DST-C1-04,2024-06-11,125.0,1.0,5,10,7
PHC-DST-C1-04,2024-06-12,114.0,5.0,7,9,2
PHC-DST-C1-04,2024-06-13,118.0,3.0,6,14,3
PHC-DST-C1-04,2024-06-14,115.0,3.0,6,13,3
PHC-DST-C1-04,2024-06-15,102.0,3.0,5,14,2
PHC-DST-C1-04,2024-06-16,49.0,6.0,4,10,1
PHC-DST-C1-04,2024-06-17,140.0,5.0,7,12,1
PHC-DST-C1-04,2024-06-18,127.0,2.0,7,13,2
PHC-DST-C1-04,2024-06-19,112.0,7.0,6,11,4
PHC-DST-C1-04,2024-06-20,117.0,5.0,6,14,2
PHC-DST-C1-04,2024-06-21,117.0,4.0,6,14,1
PHC-DST-C1-04,2024-06-22,105.0,1.0,6,15,3
PHC-DST-C1-04,2024-06-23,50.0,4.0,6,13,3
PHC-DST-C1-04,2024-06-24,132.0,3.0,5,10,3
PHC-DST-C1-04,2024-06-25,,6.0,6,12,0
PHC-DST-C1-04,2024-06-26,126.0,3.0,6,16,2
PHC-DST-C1-04,2024-06-27,110.0,4.0,8,12,4
PHC-DST-C1-04,2024-06-28,117.0,6.0,8,11,2
PHC-DST-C1-04,2024-06-29,97.0,5.0,4,9,2
PHC-DST-C1-04,2024-06-30,47.0,1.0,6,13,0
PHC-DST-C1-04,2024-07-01,137.0,1.0,7,11,2
PHC-DST-C1-04,2024-07-02,128.0,5.0,6,11,3
PHC-DST-C1-04,2024-07-03,118.0,6.0,6,13,0
PHC-DST-C1-04,2024-07-04,108.0,10.0,7,11,2
PHC-DST-C1-04,2024-07-05,117.0,4.0,7,11,3
PHC-DST-C1-04,2024-07-06,103.0,6.0,8,14,1
PHC-DST-C1-04,2024-07-07,53.0,4.0,9,14,1
PHC-DST-C1-04,2024-07-08,140.0,4.0,7,15,1
PHC-DST-C1-04,2024-07-09,131.0,3.0,6,11,4
PHC-DST-C1-04,2024-07-10,112.0,3.0,5,13,4
PHC-DST-C1-04,2024-07-11,111.0,2.0,8,14,0
PHC-DST-C1-04,2024-07-12,117.0,5.0,6,12,2
PHC-DST-C1-04,2024-07-13,106.0,2.0,6,13,6
PHC-DST-C1-04,2024-07-14,,3.0,7,14,4
PHC-DST-C1-04,2024-07-15,139.0,5.0,6,12,3
PHC-DST-C1-04,2024-07-16,121.0,5.0,6,12,2
PHC-DST-C1-04,2024-07-17,119.0,,6,13,1
PHC-DST-C1-04,2024-07-18,109.0,4.0,4,13,6
PHC-DST-C1-04,2024-07-19,119.0,4.0,6,14,1
PHC-DST-C1-04,2024-07-20,105.0,5.0,5,17,3
PHC-DST-C1-04,2024-07-21,52.0,5.0,7,15,4
PHC-DST-C1-04,2024-07-22,144.0,5.0,7,15,3
PHC-DST-C1-04,2024-07-23,125.0,3.0,6,10,5
PHC-DST-C1-04,2024-07-24,114.0,5.0,8,12,2
PHC-DST-C1-04,2024-07-25,116.0,7.0,5,17,1
PHC-DST-C1-04,2024-07-26,119.0,5.0,5,18,3
PHC-DST-C1-04,2024-07-27,102.0,2.0,8,13,6
PHC-DST-C1-04,2024-07-28,52.0,4.0,8,16,3
PHC-DST-C1-04,2024-07-29,142.0,,7,18,4
PHC-DST-C1-04,2024-07-30,129.0,4.0,8,13,4
PHC-DST-C1-04,2024-07-31,122.0,3.0,8,15,2
PHC-DST-C1-04,2024-08-01,116.0,5.0,7,12,1
PHC-DST-C1-04,2024-08-02,114.0,3.0,5,15,3
PHC-DST-C1-04,2024-08-03,103.0,7.0,9,9,0
PHC-DST-C1-04,2024-08-04,46.0,2.0,5,16,1
PHC-DST-C1-04,2024-08-05,138.0,7.0,7,11,3
PHC-DST-C1-04,2024-08-06,,1.0,5,15,5
PHC-DST-C1-04,2024-08-07,112.0,2.0,8,11,1
PHC-DST-C1-04,2024-08-08,107.0,3.0,8,9,2
PHC-DST-C1-04,2024-08-09,118.0,2.0,5,13,1
PHC-DST-C1-04,2024-08-10,105.0,0.0,6,17,3
PHC-DST-C1-04,2024-08-11,49.0,3.0,6,15,4
PHC-DST-C1-04,2024-08-12,137.0,4.0,6,12,1
PHC-DST-C1-04,2024-08-13,125.0,2.0,4,16,1
PHC-DST-C1-04,2024-08-14,123.0,5.0,5,14,4
PHC-DST-C1-04,2024-08-15,113.0,4.0,6,14,3
PHC-DST-C1-04,2024-08-16,126.0,3.0,18,10,5
PHC-DST-C1-04,2024-08-17,105.0,4.0,15,11,2
PHC-DST-C1-04,2024-08-18,44.0,4.0,6,12,1
PHC-DST-C1-04,2024-08-19,133.0,2.0,6,12,4
PHC-DST-C1-04,2024-08-20,127.0,9.0,5,16,3
PHC-DST-C1-04,2024-08-21,118.0,2.0,7,10,3
PHC-DST-C1-04,2024-08-22,120.0,5.0,7,24,4
PHC-DST-C1-04,2024-08-23,117.0,3.0,7,17,2
PHC-DST-C1-04,2024-08-24,97.0,1.0,7,10,1
PHC-DST-C1-04,2024-08-25,48.0,2.0,6,12,5
PHC-DST-C1-04,2024-08-26,137.0,5.0,2,13,4
PHC-DST-C1-04,2024-08-27,130.0,1.0,6,13,0
PHC-DST-C1-04,2024-08-28,116.0,1.0,6,13,0
PHC-DST-C1-04,2024-08-29,116.0,5.0,7,13,3
PHC-DST-C1-04,2024-08-30,114.0,3.0,6,12,7
PHC-DST-C1-04,2024-08-31,97.0,4.0,5,8,2
PHC-DST-C1-04,2024-09-01,48.0,6.0,6,11,5
PHC-DST-C1-04,2024-09-02,132.0,5.0,9,12,0
PHC-DST-C1-04,2024-09-03,126.0,3.0,6,14,6
PHC-DST-C1-04,2024-09-04,119.0,6.0,6,14,2
PHC-DST-C1-04,2024-09-05,112.0,3.0,5,10,3
PHC-DST-C1-04,2024-09-06,117.0,4.0,6,13,5
PHC-DST-C1-04,2024-09-07,103.0,1.0,6,15,1
PHC-DST-C1-04,2024-09-08,52.0,6.0,8,14,2
PHC-DST-C1-04,2024-09-09,138.0,4.0,7,11,4
PHC-DST-C1-04,2024-09-10,133.0,1.0,16,13,6
PHC-DST-C1-04,2024-09-11,,3.0,19,11,3
PHC-DST-C1-04,2024-09-12,105.0,2.0,4,9,5
PHC-DST-C1-04,2024-09-13,116.0,3.0,7,14,2
PHC-DST-C1-04,2024-09-14,96.0,6.0,6,11,2
PHC-DST-C1-04,2024-09-15,51.0,6.0,6,14,5
PHC-DST-C1-04,2024-09-16,147.0,4.0,6,29,2
PHC-DST-C1-04,2024-09-17,136.0,8.0,10,14,1
PHC-DST-C1-04,2024-09-18,117.0,3.0,4,12,1
PHC-DST-C1-04,2024-09-19,104.0,1.0,6,9,1
PHC-DST-C1-04,2024-09-20,117.0,2.0,7,15,4
PHC-DST-C1-04,2024-09-21,111.0,4.0,7,16,2
PHC-DST-C1-04,2024-09-22,48.0,8.0,8,13,3
PHC-DST-C1-04,2024-09-23,135.0,2.0,7,11,4
PHC-DST-C1-04,2024-09-24,129.0,5.0,8,13,2
PHC-DST-C1-04,2024-09-25,122.0,2.0,6,12,3
PHC-DST-C1-04,2024-09-26,114.0,0.0,4,10,3
PHC-DST-C1-04,2024-09-27,119.0,3.0,7,9,3
PHC-DST-C1-04,2024-09-28,101.0,3.0,6,12,4
PHC-DST-C1-04,2024-09-29,53.0,6.0,7,12,2
PHC-DST-C1-04,2024-09-30,137.0,1.0,8,11,0
PHC-DST-C1-04,2024-10-01,132.0,4.0,9,13,2
PHC-DST-C1-04,2024-10-02,120.0,,7,13,1
PHC-DST-C1-04,2024-10-03,110.0,3.0,5,13,3
PHC-DST-C1-04,2024-10-04,113.0,5.0,2,12,1
PHC-DST-C1-04,2024-10-05,105.0,5.0,7,16,2
PHC-DST-C1-04,2024-10-06,47.0,4.0,8,11,2
PHC-DST-C1-04,2024-10-07,133.0,6.0,6,12,2
PHC-DST-C1-04,2024-10-08,127.0,5.0,9,11,7
PHC-DST-C1-04,2024-10-09,118.0,3.0,6,13,3
PHC-DST-C1-04,2024-10-10,111.0,1.0,5,13,3
PHC-DST-C1-04,2024-10-11,119.0,2.0,5,11,0
PHC-DST-C1-04,2024-10-12,104.0,7.0,5,16,0
PHC-DST-C1-04,2024-10-13,54.0,2.0,6,13,4
PHC-DST-C1-04,2024-10-14,140.0,1.0,7,14,1
PHC-DST-C1-04,2024-10-15,127.0,7.0,5,14,6
PHC-DST-C1-04,2024-10-16,120.0,3.0,7,14,3
PHC-DST-C1-04,2024-10-17,110.0,9.0,7,14,1
PHC-DST-C1-04,2024-10-18,123.0,4.0,8,14,2
PHC-DST-C1-04,2024-10-19,102.0,5.0,4,13,2
PHC-DST-C1-04,2024-10-20,51.0,5.0,8,13,2
PHC-DST-C1-04,2024-10-21,134.0,1.0,5,10,6
PHC-DST-C1-04,2024-10-22,131.0,4.0,5,9,4
PHC-DST-C1-04,2024-10-23,116.0,4.0,7,13,2
PHC-DST-C1-04,2024-10-24,117.0,6.0,7,16,3
PHC-DST-C1-04,2024-10-25,118.0,6.0,9,16,3
PHC-DST-C1-04,2024-10-26,103.0,9.0,4,14,3
PHC-DST-C1-04,2024-10-27,45.0,3.0,4,11,1
PHC-DST-C1-04,2024-10-28,130.0,8.0,5,11,3
PHC-DST-C1-04,2024-10-29,132.0,2.0,6,15,4
PHC-DST-C1-04,2024-10-30,120.0,7.0,7,12,3
PHC-DST-C1-04,2024-10-31,119.0,5.0,6,14,3
PHC-DST-C1-04,2024-11-01,115.0,3.0,7,10,2
PHC-DST-C1-04,2024-11-02,105.0,2.0,7,16,6
PHC-DST-C1-04,2024-11-03,42.0,4.0,5,15,3
PHC-DST-C1-04,2024-11-04,138.0,8.0,7,14,4
PHC-DST-C1-04,2024-11-05,132.0,6.0,6,12,2
PHC-DST-C1-04,2024-11-06,122.0,3.0,6,16,1
PHC-DST-C1-04,2024-11-07,109.0,3.0,5,10,5
PHC-DST-C1-04,2024-11-08,117.0,5.0,6,11,2
PHC-DST-C1-04,2024-11-09,103.0,2.0,7,15,3
PHC-DST-C1-04,2024-11-10,49.0,6.0,7,12,7
PHC-DST-C1-04,2024-11-11,141.0,4.0,9,13,0
PHC-DST-C1-04,2024-11-12,125.0,3.0,3,15,1
PHC-DST-C1-04,2024-11-13,120.0,3.0,6,11,2
PHC-DST-C1-04,2024-11-14,110.0,6.0,6,14,5
PHC-DST-C1-04,2024-11-15,119.0,9.0,9,15,4
PHC-DST-C1-04,2024-11-16,104.0,3.0,7,14,1
PHC-DST-C1-04,2024-11-17,48.0,7.0,6,11,5
PHC-DST-C1-04,2024-11-18,137.0,4.0,7,16,1
PHC-DST-C1-04,2024-11-19,121.0,1.0,7,12,3
PHC-DST-C1-04,2024-11-20,127.0,3.0,7,17,4
PHC-DST-C1-04,2024-11-21,116.0,7.0,7,15,3
PHC-DST-C1-04,2024-11-22,112.0,2.0,5,10,1
PHC-DST-C1-04,2024-11-23,98.0,2.0,6,11,2
PHC-DST-C1-04,2024-11-24,53.0,1.0,8,12,1
PHC-DST-C1-04,2024-11-25,136.0,3.0,7,12,3
PHC-DST-C1-04,2024-11-26,126.0,4.0,5,10,1
PHC-DST-C1-04,2024-11-27,118.0,3.0,8,14,4
PHC-DST-C1-04,2024-11-28,112.0,5.0,6,13,4
PHC-DST-C1-04,2024-11-29,114.0,4.0,6,9,2
PHC-DST-C1-04,2024-11-30,98.0,5.0,5,12,0
PHC-DST-C1-04,2024-12-01,46.0,2.0,7,11,4
PHC-DST-C1-04,2024-12-02,130.0,5.0,5,11,5
PHC-DST-C1-04,2024-12-03,127.0,4.0,4,13,4
PHC-DST-C1-04,2024-12-04,113.0,3.0,7,11,3
PHC-DST-C1-04,2024-12-05,109.0,9.0,8,12,1
PHC-DST-C1-04,2024-12-06,122.0,5.0,5,15,1
PHC-DST-C1-04,2024-12-07,100.0,4.0,6,13,4
PHC-DST-C1-04,2024-12-08,54.0,4.0,7,17,1
PHC-DST-C1-04,2024-12-09,139.0,3.0,8,11,2
PHC-DST-C1-04,2024-12-10,125.0,4.0,7,12,4
PHC-DST-C1-04,2024-12-11,119.0,9.0,5,14,4
PHC-DST-C1-04,2024-12-12,113.0,8.0,5,12,1
PHC-DST-C1-04,2024-12-13,114.0,2.0,6,10,3
PHC-DST-C1-04,2024-12-14,102.0,7.0,6,12,2
PHC-DST-C1-04,2024-12-15,46.0,7.0,8,8,5
PHC-DST-C1-04,2024-12-16,140.0,2.0,7,11,4
PHC-DST-C1-04,2024-12-17,127.0,4.0,7,12,2
PHC-DST-C1-04,2024-12-18,120.0,5.0,7,15,4
PHC-DST-C1-04,2024-12-19,114.0,4.0,5,13,0
PHC-DST-C1-04,2024-12-20,113.0,4.0,6,11,1
PHC-DST-C1-04,2024-12-21,100.0,4.0,7,16,6
PHC-DST-C1-04,2024-12-22,41.0,2.0,4,11,3
PHC-DST-C1-04,2024-12-23,139.0,1.0,7,14,4
PHC-DST-C1-04,2024-12-24,128.0,3.0,5,13,3
PHC-DST-C1-04,2024-12-25,120.0,2.0,7,15,1
PHC-DST-C1-04,2024-12-26,116.0,5.0,8,13,5
PHC-DST-C1-04,2024-12-27,121.0,7.0,6,11,2
PHC-DST-C1-04,2024-12-28,98.0,2.0,5,13,2
PHC-DST-C1-04,2024-12-29,41.0,4.0,6,12,8
PHC-DST-C1-04,2024-12-30,139.0,1.0,8,13,1
PHC-DST-C1-04,2024-12-31,130.0,3.0,6,16,5
PHC-DST-C1-04,2025-01-01,113.0,,6,12,2
PHC-DST-C1-04,2025-01-02,112.0,6.0,6,9,3
PHC-DST-C1-04,2025-01-03,122.0,2.0,6,13,6
PHC-DST-C1-04,2025-01-04,102.0,5.0,9,14,5
PHC-DST-C1-04,2025-01-05,51.0,5.0,8,12,8
PHC-DST-C1-04,2025-01-06,136.0,6.0,5,13,4
PHC-DST-C1-04,2025-01-07,,2.0,5,12,2
PHC-DST-C1-04,2025-01-08,123.0,2.0,7,14,4
PHC-DST-C1-04,2025-01-09,114.0,10.0,5,12,2
PHC-DST-C1-04,2025-01-10,,,6,13,4
PHC-DST-C1-04,2025-01-11,102.0,7.0,6,11,3
PHC-DST-C1-04,2025-01-12,46.0,5.0,6,13,2
PHC-DST-C1-04,2025-01-13,139.0,3.0,6,11,0
PHC-DST-C1-04,2025-01-14,126.0,5.0,6,13,4
PHC-DST-C1-04,2025-01-15,120.0,6.0,6,12,5
PHC-DST-C1-04,2025-01-16,108.0,5.0,5,12,4
PHC-DST-C1-04,2025-01-17,118.0,1.0,8,14,1
PHC-DST-C1-04,2025-01-18,102.0,4.0,4,14,4
PHC-DST-C1-04,2025-01-19,50.0,4.0,6,13,6
PHC-DST-C1-04,2025-01-20,138.0,3.0,8,13,1
PHC-DST-C1-04,2025-01-21,123.0,3.0,7,8,3
PHC-DST-C1-04,2025-01-22,120.0,8.0,7,13,1
PHC-DST-C1-04,2025-01-23,115.0,4.0,6,16,1
PHC-DST-C1-04,2025-01-24,110.0,4.0,7,11,3
PHC-DST-C1-04,2025-01-25,105.0,9.0,8,14,3
PHC-DST-C1-04,2025-01-26,53.0,3.0,8,15,2
PHC-DST-C1-04,2025-01-27,137.0,2.0,5,12,1
PHC-DST-C1-04,2025-01-28,125.0,3.0,5,13,1
PHC-DST-C1-04,2025-01-29,114.0,8.0,5,11,2
PHC-DST-C1-04,2025-01-30,118.0,4.0,7,14,2
PHC-DST-C1-04,2025-01-31,122.0,4.0,7,15,3
PHC-DST-C1-04,2025-02-01,103.0,4.0,4,12,1
PHC-DST-C1-04,2025-02-02,50.0,8.0,6,16,3
PHC-DST-C1-04,2025-02-03,134.0,2.0,7,12,0
PHC-DST-C1-04,2025-02-04,125.0,2.0,7,15,0
PHC-DST-C1-04,2025-02-05,119.0,5.0,6,14,6
PHC-DST-C1-04,2025-02-06,111.0,7.0,6,11,1
PHC-DST-C1-04,2025-02-07,118.0,3.0,6,13,8
PHC-DST-C1-04,2025-02-08,105.0,6.0,7,14,2
PHC-DST-C1-04,2025-02-09,46.0,2.0,5,12,3
PHC-DST-C1-04,2025-02-10,132.0,6.0,6,13,5
PHC-DST-C1-04,2025-02-11,130.0,6.0,5,15,2
PHC-DST-C1-04,2025-02-12,125.0,4.0,8,10,1
PHC-DST-C1-04,2025-02-13,115.0,4.0,6,14,3
PHC-DST-C1-04,2025-02-14,122.0,1.0,8,14,2
PHC-DST-C1-04,2025-02-15,98.0,5.0,7,14,2
PHC-DST-C1-04,2025-02-16,54.0,3.0,8,15,5
PHC-DST-C1-04,2025-02-17,144.0,,9,19,3
PHC-DST-C1-04,2025-02-18,131.0,3.0,5,14,3
PHC-DST-C1-04,2025-02-19,115.0,0.0,8,12,2
PHC-DST-C1-04,2025-02-20,114.0,5.0,6,13,5
PHC-DST-C1-04,2025-02-21,120.0,6.0,7,12,1
PHC-DST-C1-04,2025-02-22,109.0,,8,16,1
PHC-DST-C1-04,2025-02-23,51.0,6.0,6,16,1
PHC-DST-C1-04,2025-02-24,137.0,6.0,9,14,0
PHC-DST-C1-04,2025-02-25,123.0,6.0,5,8,1
PHC-DST-C1-04,2025-02-26,122.0,2.0,7,17,3
PHC-DST-C1-04,2025-02-27,111.0,5.0,6,13,3
PHC-DST-C1-04,2025-02-28,115.0,5.0,6,15,6
PHC-DST-C1-04,2025-03-01,105.0,5.0,7,15,0
PHC-DST-C1-04,2025-03-02,52.0,2.0,5,15,6
PHC-DST-C1-04,2025-03-03,137.0,9.0,5,15,3
PHC-DST-C1-04,2025-03-04,127.0,6.0,8,16,3
PHC-DST-C1-04,2025-03-05,110.0,5.0,4,13,2
PHC-DST-C1-04,2025-03-06,115.0,3.0,6,14,1
PHC-DST-C1-04,2025-03-07,118.0,6.0,6,13,4
PHC-DST-C1-04,2025-03-08,110.0,5.0,6,14,2
PHC-DST-C1-04,2025-03-09,48.0,8.0,5,12,2
PHC-DST-C1-04,2025-03-10,135.0,4.0,4,15,1
PHC-DST-C1-04,2025-03-11,132.0,3.0,8,17,4
PHC-DST-C1-04,2025-03-12,113.0,5.0,7,11,3
PHC-DST-C1-04,2025-03-13,110.0,4.0,7,12,0
PHC-DST-C1-04,2025-03-14,116.0,1.0,9,12,4
PHC-DST-C1-04,2025-03-15,107.0,2.0,7,12,3
PHC-DST-C1-04,2025-03-16,48.0,4.0,6,12,4
PHC-DST-C1-04,2025-03-17,135.0,6.0,5,15,4
PHC-DST-C1-04,2025-03-18,126.0,2.0,7,9,1
PHC-DST-C1-04,2025-03-19,117.0,5.0,5,14,2
PHC-DST-C1-04,2025-03-20,111.0,6.0,6,13,2
PHC-DST-C1-04,2025-03-21,117.0,8.0,7,11,4
PHC-DST-C1-04,2025-03-22,100.0,4.0,7,12,2
PHC-DST-C1-04,2025-03-23,46.0,3.0,6,14,1
PHC-DST-C1-04,2025-03-24,135.0,4.0,4,14,4
PHC-DST-C1-04,2025-03-25,126.0,6.0,7,15,1
PHC-DST-C1-04,2025-03-26,123.0,4.0,7,19,5
PHC-DST-C1-04,2025-03-27,113.0,6.0,7,12,2
PHC-DST-C1-04,2025-03-28,118.0,2.0,6,11,3
PHC-DST-C1-04,2025-03-29,100.0,6.0,5,10,3
PHC-DST-C1-04,2025-03-30,46.0,4.0,5,10,2
PHC-DST-C1-04,2025-03-31,134.0,3.0,4,15,3
PHC-DST-C1-04,2025-04-01,124.0,6.0,6,12,3
PHC-DST-C1-04,2025-04-02,116.0,4.0,6,13,4
PHC-DST-C1-04,2025-04-03,112.0,1.0,7,14,2
PHC-DST-C1-04,2025-04-04,109.0,5.0,6,10,4
PHC-DST-C1-04,2025-04-05,100.0,5.0,7,12,2
PHC-DST-C1-04,2025-04-06,50.0,4.0,6,16,3
PHC-DST-C1-04,2025-04-07,141.0,4.0,7,17,3
PHC-DST-C1-04,2025-04-08,121.0,2.0,3,11,4
PHC-DST-C1-04,2025-04-09,123.0,4.0,8,11,1
PHC-DST-C1-04,2025-04-10,121.0,4.0,7,15,2
PHC-DST-C1-04,2025-04-11,119.0,3.0,6,10,6
PHC-DST-C1-04,2025-04-12,107.0,2.0,4,15,5
PHC-DST-C1-04,2025-04-13,43.0,3.0,9,10,0
PHC-DST-C1-04,2025-04-14,138.0,1.0,5,15,1
PHC-DST-C1-04,2025-04-15,120.0,5.0,5,9,2
PHC-DST-C1-04,2025-04-16,112.0,5.0,7,10,2
PHC-DST-C1-04,2025-04-17,114.0,2.0,9,16,1
PHC-DST-C1-04,2025-04-18,114.0,3.0,6,13,4
PHC-DST-C1-04,2025-04-19,100.0,6.0,5,10,3
PHC-DST-C1-04,2025-04-20,52.0,3.0,4,16,5
PHC-DST-C1-04,2025-04-21,140.0,5.0,6,11,1
PHC-DST-C1-04,2025-04-22,123.0,4.0,6,12,0
PHC-DST-C1-04,2025-04-23,124.0,4.0,8,13,6
PHC-DST-C1-04,2025-04-24,107.0,6.0,6,14,4
PHC-DST-C1-04,2025-04-25,124.0,,7,9,1
PHC-DST-C1-04,2025-04-26,104.0,3.0,8,15,2
PHC-DST-C1-04,2025-04-27,47.0,3.0,5,13,1
PHC-DST-C1-04,2025-04-28,135.0,7.0,4,13,2
PHC-DST-C1-04,2025-04-29,126.0,2.0,7,12,0
PHC-DST-C1-04,2025-04-30,120.0,5.0,8,12,1
PHC-DST-C1-04,2025-05-01,114.0,5.0,8,10,2
PHC-DST-C1-04,2025-05-02,118.0,1.0,6,14,0
PHC-DST-C1-04,2025-05-03,103.0,6.0,7,11,3
PHC-DST-C1-04,2025-05-04,45.0,2.0,7,14,6
PHC-DST-C1-04,2025-05-05,137.0,3.0,4,12,0
PHC-DST-C1-04,2025-05-06,126.0,2.0,7,14,3
PHC-DST-C1-04,2025-05-07,116.0,6.0,5,13,3
PHC-DST-C1-04,2025-05-08,112.0,6.0,6,12,1
PHC-DST-C1-04,2025-05-09,118.0,4.0,7,14,3
PHC-DST-C1-04,2025-05-10,104.0,6.0,5,14,4
PHC-DST-C1-04,2025-05-11,47.0,5.0,4,16,0
PHC-DST-C1-04,2025-05-12,138.0,4.0,4,16,3
PHC-DST-C1-04,2025-05-13,134.0,5.0,6,17,3
PHC-DST-C1-04,2025-05-14,114.0,9.0,6,11,1
PHC-DST-C1-04,2025-05-15,113.0,6.0,8,16,1
PHC-DST-C1-04,2025-05-16,115.0,3.0,5,10,2
PHC-DST-C1-04,2025-05-17,106.0,4.0,6,13,4
PHC-DST-C1-04,2025-05-18,55.0,1.0,4,16,2
PHC-DST-C1-04,2025-05-19,136.0,5.0,7,10,3
PHC-DST-C1-04,2025-05-20,124.0,2.0,4,15,4
PHC-DST-C1-04,2025-05-21,115.0,1.0,6,10,1
PHC-DST-C1-04,2025-05-22,113.0,0.0,6,13,1
PHC-DST-C1-04,2025-05-23,115.0,3.0,9,10,3
PHC-DST-C1-04,2025-05-24,107.0,,6,14,3
PHC-DST-C1-04,2025-05-25,45.0,7.0,6,6,3
PHC-DST-C1-04,2025-05-26,133.0,2.0,7,12,5
PHC-DST-C1-04,2025-05-27,126.0,6.0,8,15,3
PHC-DST-C1-04,2025-05-28,118.0,1.0,7,14,4
PHC-DST-C1-04,2025-05-29,114.0,8.0,8,11,0
PHC-DST-C1-04,2025-05-30,118.0,2.0,6,11,1
PHC-DST-C1-04,2025-05-31,104.0,4.0,6,13,3
PHC-DST-C1-04,2025-06-01,47.0,8.0,7,14,5
PHC-DST-C1-04,2025-06-02,132.0,3.0,5,12,2
PHC-DST-C1-04,2025-06-03,129.0,8.0,8,14,5
PHC-DST-C1-04,2025-06-04,116.0,2.0,7,10,3
PHC-DST-C1-04,2025-06-05,118.0,3.0,5,17,3
PHC-DST-C1-04,2025-06-06,114.0,3.0,7,10,4
PHC-DST-C1-04,2025-06-07,108.0,1.0,7,14,1
PHC-DST-C1-04,2025-06-08,50.0,5.0,7,15,0
PHC-DST-C1-04,2025-06-09,143.0,4.0,6,11,0
PHC-DST-C1-04,2025-06-10,129.0,2.0,6,18,5
PHC-DST-C1-04,2025-06-11,119.0,8.0,7,13,5
PHC-DST-C1-04,2025-06-12,110.0,,3,12,2
PHC-DST-C1-04,2025-06-13,113.0,6.0,6,13,3
PHC-DST-C1-04,2025-06-14,103.0,4.0,6,12,2
PHC-DST-C1-04,2025-06-15,55.0,1.0,6,14,3
PHC-DST-C1-04,2025-06-16,139.0,5.0,7,14,3
PHC-DST-C1-04,2025-06-17,128.0,7.0,6,10,2
PHC-DST-C1-04,2025-06-18,119.0,8.0,7,14,3
PHC-DST-C1-04,2025-06-19,114.0,,9,15,3
PHC-DST-C1-04,2025-06-20,117.0,6.0,8,11,2
PHC-DST-C1-04,2025-06-21,107.0,7.0,5,10,3
PHC-DST-C1-04,2025-06-22,45.0,5.0,6,13,3
PHC-DST-C1-04,2025-06-23,134.0,5.0,5,13,5
PHC-DST-C1-04,2025-06-24,124.0,5.0,9,11,3
PHC-DST-C1-04,2025-06-25,121.0,5.0,4,16,1
PHC-DST-C1-04,2025-06-26,116.0,3.0,8,12,6
PHC-DST-C1-04,2025-06-27,121.0,5.0,5,17,2
PHC-DST-C1-04,2025-06-28,105.0,4.0,6,11,5
PHC-DST-C1-04,2025-06-29,41.0,3.0,8,11,5
PHC-DST-C1-04,2025-06-30,130.0,7.0,5,12,5
PHC-DST-C1-05,2024-01-01,106.0,4.0,5,10,0
PHC-DST-C1-05,2024-01-02,93.0,3.0,4,9,1
PHC-DST-C1-05,2024-01-03,92.0,3.0,5,9,2
PHC-DST-C1-05,2024-01-04,77.0,2.0,4,9,3
PHC-DST-C1-05,2024-01-05,85.0,3.0,3,10,0
PHC-DST-C1-05,2024-01-06,75.0,2.0,5,9,2
PHC-DST-C1-05,2024-01-07,39.0,3.0,5,11,0
PHC-DST-C1-05,2024-01-08,99.0,4.0,4,4,2
PHC-DST-C1-05,2024-01-09,96.0,2.0,4,9,0
PHC-DST-C1-05,2024-01-10,85.0,2.0,6,10,3
PHC-DST-C1-05,2024-01-11,82.0,4.0,6,6,3
PHC-DST-C1-05,2024-01-12,83.0,3.0,5,9,2
PHC-DST-C1-05,2024-01-13,80.0,4.0,5,11,2
PHC-DST-C1-05,2024-01-14,37.0,2.0,3,12,1
PHC-DST-C1-05,2024-01-15,103.0,1.0,5,12,2
PHC-DST-C1-05,2024-01-16,93.0,2.0,4,11,1
PHC-DST-C1-05,2024-01-17,84.0,4.0,5,7,1
PHC-DST-C1-05,2024-01-18,82.0,3.0,6,11,3
PHC-DST-C1-05,2024-01-19,85.0,,6,6,4
PHC-DST-C1-05,2024-01-20,83.0,3.0,5,10,5
PHC-DST-C1-05,2024-01-21,38.0,4.0,6,11,1
PHC-DST-C1-05,2024-01-22,98.0,4.0,5,6,4
PHC-DST-C1-05,2024-01-23,95.0,4.0,5,11,1
PHC-DST-C1-05,2024-01-24,82.0,3.0,3,9,1
PHC-DST-C1-05,2024-01-25,88.0,2.0,4,9,3
PHC-DST-C1-05,2024-01-26,87.0,2.0,2,10,3
PHC-DST-C1-05,2024-01-27,76.0,5.0,2,9,2
PHC-DST-C1-05,2024-01-28,35.0,5.0,4,11,2
PHC-DST-C1-05,2024-01-29,98.0,2.0,4,7,4
PHC-DST-C1-05,2024-01-30,105.0,5.0,5,12,5
PHC-DST-C1-05,2024-01-31,84.0,4.0,6,9,1
PHC-DST-C1-05,2024-02-01,84.0,3.0,6,11,0
PHC-DST-C1-05,2024-02-02,86.0,3.0,5,6,3
PHC-DST-C1-05,2024-02-03,79.0,6.0,6,12,4
PHC-DST-C1-05,2024-02-04,40.0,4.0,6,10,1
PHC-DST-C1-05,2024-02-05,105.0,5.0,6,10,3
PHC-DST-C1-05,2024-02-06,100.0,1.0,6,9,2
PHC-DST-C1-05,2024-02-07,88.0,0.0,5,10,6
PHC-DST-C1-05,2024-02-08,88.0,1.0,5,8,1
PHC-DST-C1-05,2024-02-09,96.0,2.0,8,12,7
PHC-DST-C1-05,2024-02-10,77.0,5.0,5,11,4
PHC-DST-C1-05,2024-02-11,40.0,4.0,6,12,0
PHC-DST-C1-05,2024-02-12,101.0,,4,8,1
PHC-DST-C1-05,2024-02-13,103.0,3.0,5,13,2
PHC-DST-C1-05,2024-02-14,84.0,3.0,4,7,2
PHC-DST-C1-05,2024-02-15,87.0,5.0,4,11,3
PHC-DST-C1-05,2024-02-16,87.0,4.0,7,9,1
PHC-DST-C1-05,2024-02-17,70.0,5.0,6,8,7
PHC-DST-C1-05,2024-02-18,33.0,2.0,6,10,0
PHC-DST-C1-05,2024-02-19,100.0,1.0,2,10,3
PHC-DST-C1-05,2024-02-20,96.0,5.0,5,8,3
PHC-DST-C1-05,2024-02-21,87.0,2.0,4,9,2
PHC-DST-C1-05,2024-02-22,87.0,1.0,7,11,1
PHC-DST-C1-05,2024-02-23,86.0,2.0,4,13,3
PHC-DST-C1-05,2024-02-24,74.0,5.0,6,9,1
PHC-DST-C1-05,2024-02-25,41.0,2.0,6,12,4
PHC-DST-C1-05,2024-02-26,102.0,2.0,4,10,3
PHC-DST-C1-05,2024-02-27,90.0,1.0,4,7,1
PHC-DST-C1-05,2024-02-28,93.0,2.0,7,10,4
PHC-DST-C1-05,2024-02-29,84.0,3.0,4,10,0
PHC-DST-C1-05,2024-03-01,86.0,4.0,5,12,1
PHC-DST-C1-05,2024-03-02,79.0,2.0,6,11,4
PHC-DST-C1-05,2024-03-03,34.0,1.0,5,7,4
PHC-DST-C1-05,2024-03-04,103.0,2.0,4,8,4
PHC-DST-C1-05,2024-03-05,94.0,1.0,5,12,1
PHC-DST-C1-05,2024-03-06,81.0,4.0,4,7,0
PHC-DST-C1-05,2024-03-07,89.0,1.0,4,10,1
PHC-DST-C1-05,2024-03-08,86.0,3.0,4,12,0
PHC-DST-C1-05,2024-03-09,73.0,3.0,5,8,1
PHC-DST-C1-05,2024-03-10,45.0,4.0,6,13,3
PHC-DST-C1-05,2024-03-11,103.0,6.0,4,10,0
PHC-DST-C1-05,2024-03-12,97.0,1.0,6,11,3
PHC-DST-C1-05,2024-03-13,91.0,5.0,7,11,5
PHC-DST-C1-05,2024-03-14,84.0,5.0,5,10,2
PHC-DST-C1-05,2024-03-15,88.0,3.0,5,10,3
PHC-DST-C1-05,2024-03-16,78.0,1.0,5,12,2
PHC-DST-C1-05,2024-03-17,34.0,2.0,2,9,2
PHC-DST-C1-05,2024-03-18,107.0,5.0,4,13,2
PHC-DST-C1-05,2024-03-19,96.0,3.0,6,10,3
PHC-DST-C1-05,2024-03-20,90.0,1.0,4,10,1
PHC-DST-C1-05,2024-03-21,89.0,2.0,6,11,2
PHC-DST-C1-05,2024-03-22,88.0,6.0,5,10,1
PHC-DST-C1-05,2024-03-23,69.0,3.0,2,10,0
PHC-DST-C1-05,2024-03-24,43.0,4.0,4,12,2
PHC-DST-C1-05,2024-03-25,102.0,1.0,5,9,2
PHC-DST-C1-05,2024-03-26,95.0,1.0,4,7,3
PHC-DST-C1-05,2024-03-27,85.0,3.0,5,8,2
PHC-DST-C1-05,2024-03-28,79.0,1.0,3,10,1
PHC-DST-C1-05,2024-03-29,87.0,1.0,5,7,2
PHC-DST-C1-05,2024-03-30,77.0,2.0,5,9,7
PHC-DST-C1-05,2024-03-31,39.0,1.0,6,11,1
PHC-DST-C1-05,2024-04-01,100.0,2.0,6,11,1
PHC-DST-C1-05,2024-04-02,88.0,1.0,5,8,1
PHC-DST-C1-05,2024-04-03,88.0,1.0,5,12,2
PHC-DST-C1-05,2024-04-04,82.0,4.0,5,11,0
PHC-DST-C1-05,2024-04-05,87.0,3.0,3,7,3
PHC-DST-C1-05,2024-04-06,76.0,4.0,5,7,3
PHC-DST-C1-05,2024-04-07,32.0,5.0,6,10,5
PHC-DST-C1-05,2024-04-08,98.0,7.0,3,9,3
PHC-DST-C1-05,2024-04-09,96.0,3.0,5,9,4
PHC-DST-C1-05,2024-04-10,86.0,5.0,4,7,0
PHC-DST-C1-05,2024-04-11,83.0,3.0,6,9,2
PHC-DST-C1-05,2024-04-12,86.0,5.0,5,12,0
PHC-DST-C1-05,2024-04-13,77.0,7.0,5,10,1
PHC-DST-C1-05,2024-04-14,41.0,5.0,6,12,4
PHC-DST-C1-05,2024-04-15,102.0,,5,10,0
PHC-DST-C1-05,2024-04-16,95.0,3.0,4,11,0
PHC-DST-C1-05,2024-04-17,89.0,5.0,6,6,1
PHC-DST-C1-05,2024-04-18,82.0,2.0,4,8,5
PHC-DST-C1-05,2024-04-19,87.0,6.0,5,8,1
PHC-DST-C1-05,2024-04-20,77.0,3.0,5,6,0
PHC-DST-C1-05,2024-04-21,31.0,7.0,3,8,3
PHC-DST-C1-05,2024-04-22,102.0,5.0,3,13,3
PHC-DST-C1-05,2024-04-23,98.0,4.0,6,9,2
PHC-DST-C1-05,2024-04-24,89.0,5.0,5,9,2
PHC-DST-C1-05,2024-04-25,81.0,3.0,3,7,0
PHC-DST-C1-05,2024-04-26,87.0,1.0,7,9,2
PHC-DST-C1-05,2024-04-27,70.0,4.0,5,9,4
PHC-DST-C1-05,2024-04-28,39.0,2.0,4,9,1
PHC-DST-C1-05,2024-04-29,103.0,5.0,4,9,1
PHC-DST-C1-05,2024-04-30,100.0,1.0,5,14,3
PHC-DST-C1-05,2024-05-01,90.0,3.0,6,13,2
PHC-DST-C1-05,2024-05-02,84.0,4.0,6,12,0
PHC-DST-C1-05,2024-05-03,93.0,5.0,8,9,0
PHC-DST-C1-05,2024-05-04,84.0,2.0,5,15,2
PHC-DST-C1-05,2024-05-05,,3.0,5,10,2
PHC-DST-C1-05,2024-05-06,103.0,6.0,5,10,5
PHC-DST-C1-05,2024-05-07,93.0,2.0,5,10,2
PHC-DST-C1-05,2024-05-08,83.0,5.0,5,5,2
PHC-DST-C1-05,2024-05-09,90.0,2.0,4,9,1
PHC-DST-C1-05,2024-05-10,92.0,3.0,5,11,1
PHC-DST-C1-05,2024-05-11,80.0,,4,11,0
PHC-DST-C1-05,2024-05-12,38.0,8.0,6,10,2
PHC-DST-C1-05,2024-05-13,103.0,3.0,4,9,1
PHC-DST-C1-05,2024-05-14,99.0,6.0,4,11,3
PHC-DST-C1-05,2024-05-15,90.0,2.0,6,11,1
PHC-DST-C1-05,2024-05-16,82.0,3.0,5,10,2
PHC-DST-C1-05,2024-05-17,84.0,5.0,4,10,3
PHC-DST-C1-05,2024-05-18,79.0,4.0,5,8,0
PHC-DST-C1-05,2024-05-19,37.0,2.0,5,9,2
PHC-DST-C1-05,2024-05-20,101.0,5.0,5,9,4
PHC-DST-C1-05,2024-05-21,94.0,7.0,5,8,5
PHC-DST-C1-05,2024-05-22,85.0,2.0,2,12,1
PHC-DST-C1-05,2024-05-23,90.0,3.0,5,11,1
PHC-DST-C1-05,2024-05-24,86.0,2.0,6,9,2
PHC-DST-C1-05,2024-05-25,70.0,4.0,3,7,2
PHC-DST-C1-05,2024-05-26,34.0,2.0,4,9,2
PHC-DST-C1-05,2024-05-27,101.0,2.0,4,7,3
PHC-DST-C1-05,2024-05-28,98.0,3.0,5,11,1
PHC-DST-C1-05,2024-05-29,90.0,3.0,6,11,3
PHC-DST-C1-05,2024-05-30,87.0,3.0,7,12,1
PHC-DST-C1-05,2024-05-31,88.0,4.0,4,7,2
PHC-DST-C1-05,2024-06-01,76.0,0.0,5,9,2
PHC-DST-C1-05,2024-06-02,35.0,5.0,4,10,2
PHC-DST-C1-05,2024-06-03,100.0,2.0,3,9,2
PHC-DST-C1-05,2024-06-04,89.0,0.0,6,9,1
PHC-DST-C1-05,2024-06-05,88.0,0.0,3,9,1
PHC-DST-C1-05,2024-06-06,85.0,5.0,6,8,2
PHC-DST-C1-05,2024-06-07,88.0,2.0,5,9,0
PHC-DST-C1-05,2024-06-08,73.0,3.0,6,8,0
PHC-DST-C1-05,2024-06-09,38.0,3.0,7,10,1
PHC-DST-C1-05,2024-06-10,97.0,2.0,5,8,4
PHC-DST-C1-05,2024-06-11,97.0,1.0,5,12,1
PHC-DST-C1-05,2024-06-12,91.0,3.0,5,9,1
PHC-DST-C1-05,2024-06-13,86.0,7.0,6,9,4
PHC-DST-C1-05,2024-06-14,97.0,2.0,5,10,2
PHC-DST-C1-05,2024-06-15,80.0,2.0,4,12,1
PHC-DST-C1-05,2024-06-16,37.0,6.0,4,9,6
PHC-DST-C1-05,2024-06-17,104.0,4.0,4,9,2
PHC-DST-C1-05,2024-06-18,90.0,2.0,6,9,3
PHC-DST-C1-05,2024-06-19,86.0,4.0,5,10,2
PHC-DST-C1-05,2024-06-20,84.0,4.0,3,7,2
PHC-DST-C1-05,2024-06-21,91.0,4.0,6,7,4
PHC-DST-C1-05,2024-06-22,74.0,3.0,4,9,2
PHC-DST-C1-05,2024-06-23,36.0,3.0,4,9,2
PHC-DST-C1-05,2024-06-24,97.0,5.0,3,6,3
PHC-DST-C1-05,2024-06-25,92.0,3.0,4,10,1
PHC-DST-C1-05,2024-06-26,88.0,5.0,4,11,0
PHC-DST-C1-05,2024-06-27,82.0,1.0,3,12,2
PHC-DST-C1-05,2024-06-28,89.0,5.0,6,11,4
PHC-DST-C1-05,2024-06-29,77.0,7.0,5,11,1
PHC-DST-C1-05,2024-06-30,30.0,,4,11,2
PHC-DST-C1-05,2024-07-01,93.0,3.0,4,7,3
PHC-DST-C1-05,2024-07-02,92.0,6.0,4,11,4
PHC-DST-C1-05,2024-07-03,91.0,1.0,4,9,3
PHC-DST-C1-05,2024-07-04,86.0,3.0,5,11,3
PHC-DST-C1-05,2024-07-05,84.0,2.0,5,10,2
PHC-DST-C1-05,2024-07-06,74.0,6.0,5,8,0
PHC-DST-C1-05,2024-07-07,37.0,1.0,4,10,1
PHC-DST-C1-05,2024-07-08,95.0,3.0,3,8,3
PHC-DST-C1-05,2024-07-09,100.0,3.0,5,9,4
PHC-DST-C1-05,2024-07-10,87.0,3.0,4,7,2
PHC-DST-C1-05,2024-07-11,85.0,5.0,3,10,3
PHC-DST-C1-05,2024-07-12,83.0,3.0,5,5,2
PHC-DST-C1-05,2024-07-13,75.0,4.0,6,11,2
PHC-DST-C1-05,2024-07-14,36.0,1.0,5,10,1
PHC-DST-C1-05,2024-07-15,107.0,2.0,5,8,3
PHC-DST-C1-05,2024-07-16,95.0,2.0,4,12,1
PHC-DST-C1-05,2024-07-17,91.0,6.0,4,10,3
PHC-DST-C1-05,2024-07-18,82.0,3.0,3,11,3
PHC-DST-C1-05,2024-07-19,85.0,3.0,4,8,3
PHC-DST-C1-05,2024-07-20,76.0,4.0,2,10,0
PHC-DST-C1-05,2024-07-21,35.0,1.0,4,10,3
PHC-DST-C1-05,2024-07-22,101.0,4.0,4,10,1
PHC-DST-C1-05,2024-07-23,93.0,2.0,4,8,0
PHC-DST-C1-05,2024-07-24,91.0,3.0,5,12,3
PHC-DST-C1-05,2024-07-25,90.0,5.0,4,12,3
PHC-DST-C1-05,2024-07-26,92.0,3.0,6,12,4
PHC-DST-C1-05,2024-07-27,77.0,3.0,2,11,4
PHC-DST-C1-05,2024-07-28,32.0,6.0,4,10,1
PHC-DST-C1-05,2024-07-29,103.0,4.0,4,9,2
PHC-DST-C1-05,2024-07-30,97.0,5.0,7,11,2
PHC-DST-C1-05,2024-07-31,94.0,5.0,5,12,3
PHC-DST-C1-05,2024-08-01,,2.0,5,13,4
PHC-DST-C1-05,2024-08-02,87.0,1.0,4,10,2
PHC-DST-C1-05,2024-08-03,76.0,5.0,4,11,2
PHC-DST-C1-05,2024-08-04,32.0,5.0,4,9,1
PHC-DST-C1-05,2024-08-05,99.0,5.0,5,10,4
PHC-DST-C1-05,2024-08-06,93.0,1.0,5,9,2
PHC-DST-C1-05,2024-08-07,91.0,2.0,4,13,1
PHC-DST-C1-05,2024-08-08,87.0,,6,10,3
PHC-DST-C1-05,2024-08-09,84.0,4.0,4,7,3
PHC-DST-C1-05,2024-08-10,75.0,3.0,4,11,4
PHC-DST-C1-05,2024-08-11,36.0,3.0,5,10,1
PHC-DST-C1-05,2024-08-12,98.0,4.0,4,7,1
PHC-DST-C1-05,2024-08-13,96.0,1.0,6,11,1
PHC-DST-C1-05,2024-08-14,84.0,1.0,6,12,2
PHC-DST-C1-05,2024-08-15,82.0,,6,10,5
PHC-DST-C1-05,2024-08-16,92.0,0.0,14,9,3
PHC-DST-C1-05,2024-08-17,77.0,2.0,13,9,2
PHC-DST-C1-05,2024-08-18,33.0,3.0,5,8,5
PHC-DST-C1-05,2024-08-19,104.0,2.0,5,8,1
PHC-DST-C1-05,2024-08-20,90.0,3.0,3,9,2
PHC-DST-C1-05,2024-08-21,88.0,2.0,4,10,0
PHC-DST-C1-05,2024-08-22,92.0,3.0,5,23,4
PHC-DST-C1-05,2024-08-23,84.0,2.0,5,9,3
PHC-DST-C1-05,2024-08-24,80.0,4.0,6,10,5
PHC-DST-C1-05,2024-08-25,44.0,4.0,4,10,1
PHC-DST-C1-05,2024-08-26,97.0,3.0,5,10,2
PHC-DST-C1-05,2024-08-27,93.0,2.0,6,11,4
PHC-DST-C1-05,2024-08-28,92.0,4.0,4,13,3
PHC-DST-C1-05,2024-08-29,80.0,2.0,3,9,3
PHC-DST-C1-05,2024-08-30,92.0,1.0,6,9,1
PHC-DST-C1-05,2024-08-31,74.0,4.0,6,8,5
PHC-DST-C1-05,2024-09-01,40.0,,5,8,1
PHC-DST-C1-05,2024-09-02,99.0,5.0,5,6,4
PHC-DST-C1-05,2024-09-03,93.0,7.0,6,8,0
PHC-DST-C1-05,2024-09-04,85.0,3.0,5,11,2
PHC-DST-C1-05,2024-09-05,89.0,4.0,5,11,1
PHC-DST-C1-05,2024-09-06,88.0,2.0,6,6,1
PHC-DST-C1-05,2024-09-07,75.0,4.0,6,8,2
PHC-DST-C1-05,2024-09-08,39.0,2.0,5,12,3
PHC-DST-C1-05,2024-09-09,101.0,3.0,4,8,3
PHC-DST-C1-05,2024-09-10,103.0,1.0,13,14,1
PHC-DST-C1-05,2024-09-11,97.0,1.0,18,10,3
PHC-DST-C1-05,2024-09-12,82.0,2.0,6,8,2
PHC-DST-C1-05,2024-09-13,83.0,0.0,5,11,1
PHC-DST-C1-05,2024-09-14,77.0,2.0,6,12,2
PHC-DST-C1-05,2024-09-15,41.0,5.0,5,10,2
PHC-DST-C1-05,2024-09-16,112.0,4.0,4,20,1
PHC-DST-C1-05,2024-09-17,94.0,2.0,5,11,0
PHC-DST-C1-05,2024-09-18,86.0,3.0,5,6,1
PHC-DST-C1-05,2024-09-19,83.0,3.0,3,8,3
PHC-DST-C1-05,2024-09-20,94.0,6.0,5,12,1
PHC-DST-C1-05,2024-09-21,79.0,0.0,6,8,4
PHC-DST-C1-05,2024-09-22,29.0,1.0,4,9,3
PHC-DST-C1-05,2024-09-23,104.0,4.0,5,11,2
PHC-DST-C1-05,2024-09-24,96.0,5.0,4,8,2
PHC-DST-C1-05,2024-09-25,86.0,4.0,6,10,1
PHC-DST-C1-05,2024-09-26,85.0,3.0,5,9,1
PHC-DST-C1-05,2024-09-27,83.0,1.0,5,9,5
PHC-DST-C1-05,2024-09-28,82.0,2.0,5,8,2
PHC-DST-C1-05,2024-09-29,38.0,2.0,4,11,3
PHC-DST-C1-05,2024-09-30,99.0,2.0,4,9,2
PHC-DST-C1-05,2024-10-01,97.0,6.0,4,10,1
PHC-DST-C1-05,2024-10-02,88.0,3.0,6,10,0
PHC-DST-C1-05,2024-10-03,87.0,6.0,4,10,1
PHC-DST-C1-05,2024-10-04,86.0,2.0,7,9,1
PHC-DST-C1-05,2024-10-05,82.0,5.0,3,10,0
PHC-DST-C1-05,2024-10-06,37.0,3.0,5,10,1
PHC-DST-C1-05,2024-10-07,,3.0,7,6,1
PHC-DST-C1-05,2024-10-08,90.0,1.0,4,10,0
PHC-DST-C1-05,2024-10-09,87.0,3.0,6,10,2
PHC-DST-C1-05,2024-10-10,90.0,2.0,3,13,2
PHC-DST-C1-05,2024-10-11,85.0,3.0,3,8,3
PHC-DST-C1-05,2024-10-12,77.0,4.0,4,11,1
PHC-DST-C1-05,2024-10-13,35.0,7.0,6,10,0
PHC-DST-C1-05,2024-10-14,102.0,5.0,5,10,2
PHC-DST-C1-05,2024-10-15,99.0,3.0,4,11,4
PHC-DST-C1-05,2024-10-16,85.0,1.0,4,11,1
PHC-DST-C1-05,2024-10-17,81.0,3.0,3,12,3
PHC-DST-C1-05,2024-10-18,84.0,4.0,4,8,3
PHC-DST-C1-05,2024-10-19,78.0,2.0,6,7,2
PHC-DST-C1-05,2024-10-20,38.0,4.0,7,11,3
PHC-DST-C1-05,2024-10-21,101.0,6.0,2,9,0
PHC-DST-C1-05,2024-10-22,102.0,4.0,5,8,1
PHC-DST-C1-05,2024-10-23,86.0,2.0,5,7,3
PHC-DST-C1-05,2024-10-24,81.0,1.0,6,9,0
PHC-DST-C1-05,2024-10-25,87.0,4.0,3,10,0
PHC-DST-C1-05,2024-10-26,71.0,2.0,5,7,1
PHC-DST-C1-05,2024-10-27,30.0,2.0,5,11,2
PHC-DST-C1-05,2024-10-28,105.0,4.0,4,11,4
PHC-DST-C1-05,2024-10-29,93.0,3.0,5,9,4
PHC-DST-C1-05,2024-10-30,91.0,3.0,5,12,1
PHC-DST-C1-05,2024-10-31,80.0,3.0,5,9,2
PHC-DST-C1-05,2024-11-01,87.0,6.0,6,9,3
PHC-DST-C1-05,2024-11-02,76.0,4.0,4,11,2
PHC-DST-C1-05,2024-11-03,31.0,2.0,5,7,4
PHC-DST-C1-05,2024-11-04,102.0,2.0,6,7,1
PHC-DST-C1-05,2024-11-05,95.0,5.0,5,11,3
PHC-DST-C1-05,2024-11-06,87.0,5.0,7,12,5
PHC-DST-C1-05,2024-11-07,83.0,4.0,4,10,1
PHC-DST-C1-05,2024-11-08,85.0,4.0,4,11,0
PHC-DST-C1-05,2024-11-09,78.0,4.0,4,12,2
PHC-DST-C1-05,2024-11-10,32.0,4.0,4,6,2
PHC-DST-C1-05,2024-11-11,102.0,4.0,5,9,2
PHC-DST-C1-05,2024-11-12,98.0,3.0,4,9,3
PHC-DST-C1-05,2024-11-13,90.0,4.0,5,11,2
PHC-DST-C1-05,2024-11-14,84.0,1.0,5,11,1
PHC-DST-C1-05,2024-11-15,,3.0,6,7,1
PHC-DST-C1-05,2024-11-16,77.0,4.0,4,12,4
PHC-DST-C1-05,2024-11-17,34.0,0.0,3,8,2
PHC-DST-C1-05,2024-11-18,103.0,4.0,5,11,1
PHC-DST-C1-05,2024-11-19,92.0,1.0,5,8,3
PHC-DST-C1-05,2024-11-20,88.0,2.0,3,10,2
PHC-DST-C1-05,2024-11-21,81.0,2.0,4,10,4
PHC-DST-C1-05,2024-11-22,83.0,2.0,4,8,1
PHC-DST-C1-05,2024-11-23,82.0,8.0,5,13,7
PHC-DST-C1-05,2024-11-24,33.0,2.0,4,10,2
PHC-DST-C1-05,2024-11-25,100.0,5.0,4,9,5
PHC-DST-C1-05,2024-11-26,94.0,4.0,5,10,1
PHC-DST-C1-05,2024-11-27,88.0,4.0,4,12,1
PHC-DST-C1-05,2024-11-28,78.0,2.0,4,10,3
PHC-DST-C1-05,2024-11-29,81.0,3.0,4,8,3
PHC-DST-C1-05,2024-11-30,75.0,6.0,7,10,0
PHC-DST-C1-05,2024-12-01,33.0,6.0,5,6,1
PHC-DST-C1-05,2024-12-02,103.0,2.0,7,9,3
PHC-DST-C1-05,2024-12-03,94.0,3.0,4,9,4
PHC-DST-C1-05,2024-12-04,90.0,6.0,4,10,1
PHC-DST-C1-05,2024-12-05,81.0,0.0,5,8,0
PHC-DST-C1-05,2024-12-06,83.0,4.0,4,11,2
PHC-DST-C1-05,2024-12-07,78.0,3.0,6,11,2
PHC-DST-C1-05,2024-12-08,30.0,5.0,3,8,2
PHC-DST-C1-05,2024-12-09,108.0,3.0,4,12,1
PHC-DST-C1-05,2024-12-10,94.0,2.0,7,12,4
PHC-DST-C1-05,2024-12-11,87.0,1.0,4,8,2
PHC-DST-C1-05,2024-12-12,76.0,5.0,6,5,3
PHC-DST-C1-05,2024-12-13,90.0,2.0,3,11,1
PHC-DST-C1-05,2024-12-14,73.0,4.0,5,11,1
PHC-DST-C1-05,2024-12-15,40.0,7.0,3,12,2
PHC-DST-C1-05,2024-12-16,98.0,4.0,5,11,0
PHC-DST-C1-05,2024-12-17,95.0,4.0,2,12,2
PHC-DST-C1-05,2024-12-18,84.0,3.0,6,7,1
PHC-DST-C1-05,2024-12-19,86.0,0.0,7,9,4
PHC-DST-C1-05,2024-12-20,91.0,4.0,5,12,1
PHC-DST-C1-05,2024-12-21,81.0,5.0,5,12,4
PHC-DST-C1-05,2024-12-22,31.0,0.0,5,10,5
PHC-DST-C1-05,2024-12-23,110.0,3.0,6,12,1
PHC-DST-C1-05,2024-12-24,101.0,2.0,8,12,1
PHC-DST-C1-05,2024-12-25,91.0,0.0,8,10,4
PHC-DST-C1-05,2024-12-26,87.0,4.0,4,9,2
PHC-DST-C1-05,2024-12-27,83.0,3.0,3,7,2
PHC-DST-C1-05,2024-12-28,82.0,2.0,7,13,2
PHC-DST-C1-05,2024-12-29,41.0,1.0,6,12,6
PHC-DST-C1-05,2024-12-30,104.0,4.0,7,5,2
PHC-DST-C1-05,2024-12-31,96.0,1.0,6,10,1
PHC-DST-C1-05,2025-01-01,90.0,1.0,5,12,2
PHC-DST-C1-05,2025-01-02,80.0,2.0,5,9,0
PHC-DST-C1-05,2025-01-03,88.0,5.0,5,10,3
PHC-DST-C1-05,2025-01-04,78.0,5.0,3,12,2
PHC-DST-C1-05,2025-01-05,35.0,2.0,5,12,3
PHC-DST-C1-05,2025-01-06,99.0,4.0,5,4,4
PHC-DST-C1-05,2025-01-07,89.0,1.0,5,6,6
PHC-DST-C1-05,2025-01-08,88.0,6.0,5,9,0
PHC-DST-C1-05,2025-01-09,85.0,5.0,5,9,2
PHC-DST-C1-05,2025-01-10,93.0,3.0,5,8,1
PHC-DST-C1-05,2025-01-11,69.0,2.0,3,9,4
PHC-DST-C1-05,2025-01-12,34.0,7.0,5,9,1
PHC-DST-C1-05,2025-01-13,97.0,2.0,5,7,3
PHC-DST-C1-05,2025-01-14,102.0,3.0,5,10,3
PHC-DST-C1-05,2025-01-15,89.0,6.0,4,10,3
PHC-DST-C1-05,2025-01-16,84.0,2.0,5,8,1
PHC-DST-C1-05,2025-01-17,91.0,5.0,5,10,3
PHC-DST-C1-05,2025-01-18,77.0,0.0,4,10,2
PHC-DST-C1-05,2025-01-19,36.0,3.0,4,10,3
PHC-DST-C1-05,2025-01-20,99.0,4.0,6,9,5
PHC-DST-C1-05,2025-01-21,96.0,3.0,6,7,1
PHC-DST-C1-05,2025-01-22,86.0,1.0,4,10,3
PHC-DST-C1-05,2025-01-23,,4.0,5,8,2
PHC-DST-C1-05,2025-01-24,84.0,4.0,2,9,4
PHC-DST-C1-05,2025-01-25,78.0,1.0,5,8,0
PHC-DST-C1-05,2025-01-26,33.0,2.0,2,8,2
PHC-DST-C1-05,2025-01-27,107.0,4.0,6,13,3
PHC-DST-C1-05,2025-01-28,100.0,4.0,6,11,2
PHC-DST-C1-05,2025-01-29,82.0,3.0,6,6,1
PHC-DST-C1-05,2025-01-30,88.0,2.0,6,7,2
PHC-DST-C1-05,2025-01-31,83.0,8.0,5,9,2
PHC-DST-C1-05,2025-02-01,74.0,4.0,4,10,3
PHC-DST-C1-05,2025-02-02,29.0,1.0,5,7,1
PHC-DST-C1-05,2025-02-03,96.0,4.0,5,7,6
PHC-DST-C1-05,2025-02-04,94.0,2.0,5,11,2
PHC-DST-C1-05,2025-02-05,84.0,0.0,5,9,1
PHC-DST-C1-05,2025-02-06,82.0,3.0,7,9,4
PHC-DST-C1-05,2025-02-07,84.0,,6,9,1
PHC-DST-C1-05,2025-02-08,76.0,3.0,6,8,1
PHC-DST-C1-05,2025-02-09,36.0,2.0,6,13,2
PHC-DST-C1-05,2025-02-10,98.0,1.0,5,7,0
PHC-DST-C1-05,2025-02-11,97.0,4.0,5,11,2
PHC-DST-C1-05,2025-02-12,89.0,4.0,4,9,2
PHC-DST-C1-05,2025-02-13,84.0,3.0,4,10,3
PHC-DST-C1-05,2025-02-14,84.0,2.0,6,9,3
PHC-DST-C1-05,2025-02-15,76.0,1.0,4,8,3
PHC-DST-C1-05,2025-02-16,38.0,5.0,5,12,0
PHC-DST-C1-05,2025-02-17,104.0,2.0,4,12,0
PHC-DST-C1-05,2025-02-18,93.0,,3,11,1
PHC-DST-C1-05,2025-02-19,96.0,3.0,7,14,1
PHC-DST-C1-05,2025-02-20,,5.0,5,12,1
PHC-DST-C1-05,2025-02-21,95.0,7.0,3,13,0
PHC-DST-C1-05,2025-02-22,79.0,6.0,4,8,2
PHC-DST-C1-05,2025-02-23,39.0,3.0,5,10,0
PHC-DST-C1-05,2025-02-24,95.0,4.0,6,10,4
PHC-DST-C1-05,2025-02-25,96.0,6.0,5,7,2
PHC-DST-C1-05,2025-02-26,88.0,6.0,5,13,3
PHC-DST-C1-05,2025-02-27,79.0,3.0,6,7,0
PHC-DST-C1-05,2025-02-28,86.0,0.0,6,12,2
PHC-DST-C1-05,2025-03-01,72.0,1.0,5,5,8
PHC-DST-C1-05,2025-03-02,39.0,6.0,6,11,5
PHC-DST-C1-05,2025-03-03,97.0,2.0,7,10,6
PHC-DST-C1-05,2025-03-04,92.0,2.0,4,9,0
PHC-DST-C1-05,2025-03-05,87.0,4.0,5,9,3
PHC-DST-C1-05,2025-03-06,93.0,5.0,4,12,3
PHC-DST-C1-05,2025-03-07,89.0,6.0,4,9,2
PHC-DST-C1-05,2025-03-08,82.0,0.0,4,10,0
PHC-DST-C1-05,2025-03-09,33.0,6.0,4,7,4
PHC-DST-C1-05,2025-03-10,104.0,2.0,5,11,1
PHC-DST-C1-05,2025-03-11,95.0,1.0,5,10,2
PHC-DST-C1-05,2025-03-12,88.0,3.0,6,6,3
PHC-DST-C1-05,2025-03-13,86.0,2.0,6,13,4
PHC-DST-C1-05,2025-03-14,,8.0,6,10,2
PHC-DST-C1-05,2025-03-15,83.0,3.0,6,11,3
PHC-DST-C1-05,2025-03-16,40.0,2.0,3,7,0
PHC-DST-C1-05,2025-03-17,101.0,2.0,4,10,3
PHC-DST-C1-05,2025-03-18,96.0,3.0,4,11,5
PHC-DST-C1-05,2025-03-19,85.0,2.0,5,11,2
PHC-DST-C1-05,2025-03-20,82.0,2.0,3,10,1
PHC-DST-C1-05,2025-03-21,88.0,2.0,4,8,4
PHC-DST-C1-05,2025-03-22,73.0,4.0,7,9,1
PHC-DST-C1-05,2025-03-23,36.0,2.0,6,11,2
PHC-DST-C1-05,2025-03-24,100.0,2.0,5,7,1
PHC-DST-C1-05,2025-03-25,94.0,3.0,4,8,1
PHC-DST-C1-05,2025-03-26,91.0,2.0,4,11,4
PHC-DST-C1-05,2025-03-27,83.0,1.0,5,9,2
PHC-DST-C1-05,2025-03-28,84.0,0.0,3,10,2
PHC-DST-C1-05,2025-03-29,80.0,4.0,5,10,4
PHC-DST-C1-05,2025-03-30,32.0,3.0,3,7,0
PHC-DST-C1-05,2025-03-31,,2.0,5,9,2
PHC-DST-C1-05,2025-04-01,94.0,1.0,3,10,1
PHC-DST-C1-05,2025-04-02,89.0,2.0,4,8,1
PHC-DST-C1-05,2025-04-03,85.0,8.0,5,10,0
PHC-DST-C1-05,2025-04-04,86.0,0.0,4,8,3
PHC-DST-C1-05,2025-04-05,67.0,1.0,5,7,1
PHC-DST-C1-05,2025-04-06,45.0,5.0,3,13,5
PHC-DST-C1-05,2025-04-07,102.0,4.0,4,11,4
PHC-DST-C1-05,2025-04-08,97.0,4.0,5,11,3
PHC-DST-C1-05,2025-04-09,87.0,1.0,4,7,2
PHC-DST-C1-05,2025-04-10,82.0,2.0,4,7,1
PHC-DST-C1-05,2025-04-11,86.0,4.0,6,9,2
PHC-DST-C1-05,2025-04-12,76.0,3.0,5,8,1
PHC-DST-C1-05,2025-04-13,36.0,8.0,6,9,2
PHC-DST-C1-05,2025-04-14,97.0,3.0,5,11,4
PHC-DST-C1-05,2025-04-15,97.0,0.0,3,9,1
PHC-DST-C1-05,2025-04-16,88.0,4.0,5,8,1
PHC-DST-C1-05,2025-04-17,81.0,1.0,6,9,1
PHC-DST-C1-05,2025-04-18,86.0,2.0,5,10,1
PHC-DST-C1-05,2025-04-19,78.0,0.0,4,11,4
PHC-DST-C1-05,2025-04-20,40.0,2.0,3,8,5
PHC-DST-C1-05,2025-04-21,104.0,1.0,5,10,1
PHC-DST-C1-05,2025-04-22,88.0,4.0,6,9,2
PHC-DST-C1-05,2025-04-23,85.0,3.0,5,10,1
PHC-DST-C1-05,2025-04-24,82.0,5.0,6,8,1
PHC-DST-C1-05,2025-04-25,86.0,1.0,6,9,1
PHC-DST-C1-05,2025-04-26,76.0,2.0,5,11,0
PHC-DST-C1-05,2025-04-27,38.0,0.0,5,10,3
PHC-DST-C1-05,2025-04-28,107.0,4.0,6,11,4
PHC-DST-C1-05,2025-04-29,92.0,2.0,6,10,3
PHC-DST-C1-05,2025-04-30,88.0,4.0,6,8,2
PHC-DST-C1-05,2025-05-01,88.0,1.0,5,11,4
PHC-DST-C1-05,2025-05-02,85.0,5.0,5,9,6
PHC-DST-C1-05,2025-05-03,72.0,5.0,6,6,3
PHC-DST-C1-05,2025-05-04,36.0,2.0,6,5,2
PHC-DST-C1-05,2025-05-05,100.0,3.0,5,7,3
PHC-DST-C1-05,2025-05-06,102.0,4.0,5,11,2
PHC-DST-C1-05,2025-05-07,92.0,4.0,7,14,2
PHC-DST-C1-05,2025-05-08,83.0,4.0,5,10,2
PHC-DST-C1-05,2025-05-09,88.0,3.0,4,11,3
PHC-DST-C1-05,2025-05-10,75.0,4.0,5,8,1
PHC-DST-C1-05,2025-05-11,36.0,3.0,7,10,2
PHC-DST-C1-05,2025-05-12,102.0,7.0,5,10,2
PHC-DST-C1-05,2025-05-13,92.0,2.0,4,6,0
PHC-DST-C1-05,2025-05-14,93.0,5.0,6,12,1
PHC-DST-C1-05,2025-05-15,82.0,4.0,4,9,1
PHC-DST-C1-05,2025-05-16,94.0,3.0,6,10,3
PHC-DST-C1-05,2025-05-17,74.0,5.0,5,8,1
PHC-DST-C1-05,2025-05-18,35.0,2.0,4,8,0
PHC-DST-C1-05,2025-05-19,101.0,0.0,3,10,7
PHC-DST-C1-05,2025-05-20,93.0,8.0,5,7,4
PHC-DST-C1-05,2025-05-21,88.0,2.0,6,8,2
PHC-DST-C1-05,2025-05-22,89.0,4.0,3,9,2
PHC-DST-C1-05,2025-05-23,92.0,1.0,5,13,1
PHC-DST-C1-05,2025-05-24,81.0,6.0,2,12,2
PHC-DST-C1-05,2025-05-25,40.0,5.0,5,12,0
PHC-DST-C1-05,2025-05-26,108.0,2.0,7,8,1
PHC-DST-C1-05,2025-05-27,96.0,5.0,5,8,2
PHC-DST-C1-05,2025-05-28,83.0,3.0,4,11,1
PHC-DST-C1-05,2025-05-29,82.0,5.0,6,9,5
PHC-DST-C1-05,2025-05-30,88.0,2.0,5,9,2
PHC-DST-C1-05,2025-05-31,72.0,4.0,3,6,1
PHC-DST-C1-05,2025-06-01,44.0,3.0,5,13,4
PHC-DST-C1-05,2025-06-02,100.0,2.0,4,8,5
PHC-DST-C1-05,2025-06-03,94.0,1.0,6,10,3
PHC-DST-C1-05,2025-06-04,85.0,4.0,5,6,2
PHC-DST-C1-05,2025-06-05,87.0,6.0,5,9,3
PHC-DST-C1-05,2025-06-06,90.0,1.0,5,9,1
PHC-DST-C1-05,2025-06-07,70.0,5.0,4,9,1
PHC-DST-C1-05,2025-06-08,31.0,4.0,5,9,0
PHC-DST-C1-05,2025-06-09,97.0,0.0,5,7,2
PHC-DST-C1-05,2025-06-10,98.0,5.0,4,11,0
PHC-DST-C1-05,2025-06-11,80.0,3.0,3,6,1
PHC-DST-C1-05,2025-06-12,84.0,1.0,5,10,2
PHC-DST-C1-05,2025-06-13,88.0,4.0,5,7,5
PHC-DST-C1-05,2025-06-14,76.0,4.0,6,7,6
PHC-DST-C1-05,2025-06-15,35.0,3.0,5,8,0
PHC-DST-C1-05,2025-06-16,103.0,2.0,6,10,3
PHC-DST-C1-05,2025-06-17,96.0,6.0,5,11,1
PHC-DST-C1-05,2025-06-18,92.0,7.0,5,15,5
PHC-DST-C1-05,2025-06-19,86.0,6.0,5,10,1
PHC-DST-C1-05,2025-06-20,88.0,0.0,6,9,0
PHC-DST-C1-05,2025-06-21,69.0,2.0,3,6,4
PHC-DST-C1-05,2025-06-22,37.0,4.0,6,8,3
PHC-DST-C1-05,2025-06-23,100.0,2.0,2,11,0
PHC-DST-C1-05,2025-06-24,95.0,5.0,4,10,4
PHC-DST-C1-05,2025-06-25,85.0,,5,8,1
PHC-DST-C1-05,2025-06-26,84.0,2.0,6,8,1
PHC-DST-C1-05,2025-06-27,84.0,6.0,3,11,5
PHC-DST-C1-05,2025-06-28,80.0,4.0,6,12,1
PHC-DST-C1-05,2025-06-29,33.0,3.0,5,10,3
PHC-DST-C1-05,2025-06-30,107.0,3.0,6,11,0
PHC-DST-C1-06,2024-01-01,89.0,2.0,3,11,2
PHC-DST-C1-06,2024-01-02,80.0,1.0,5,7,2
PHC-DST-C1-06,2024-01-03,80.0,1.0,5,11,2
PHC-DST-C1-06,2024-01-04,71.0,3.0,3,8,1
PHC-DST-C1-06,2024-01-05,84.0,5.0,3,11,3
PHC-DST-C1-06,2024-01-06,66.0,3.0,5,7,1
PHC-DST-C1-06,2024-01-07,28.0,3.0,4,5,4
PHC-DST-C1-06,2024-01-08,93.0,2.0,5,10,2
PHC-DST-C1-06,2024-01-09,81.0,2.0,4,8,1
PHC-DST-C1-06,2024-01-10,78.0,3.0,6,10,2
PHC-DST-C1-06,2024-01-11,73.0,0.0,5,9,2
PHC-DST-C1-06,2024-01-12,75.0,1.0,4,6,1
PHC-DST-C1-06,2024-01-13,63.0,4.0,3,7,0
PHC-DST-C1-06,2024-01-14,27.0,1.0,3,5,2
PHC-DST-C1-06,2024-01-15,87.0,1.0,5,6,3
PHC-DST-C1-06,2024-01-16,88.0,4.0,5,8,1
PHC-DST-C1-06,2024-01-17,76.0,2.0,3,8,3
PHC-DST-C1-06,2024-01-18,73.0,2.0,2,11,0
PHC-DST-C1-06,2024-01-19,76.0,,5,7,2
PHC-DST-C1-06,2024-01-20,64.0,4.0,4,7,3
PHC-DST-C1-06,2024-01-21,,4.0,4,10,2
PHC-DST-C1-06,2024-01-22,84.0,1.0,6,8,2
PHC-DST-C1-06,2024-01-23,85.0,3.0,6,7,0
PHC-DST-C1-06,2024-01-24,75.0,4.0,5,8,2
PHC-DST-C1-06,2024-01-25,68.0,4.0,4,9,1
PHC-DST-C1-06,2024-01-26,77.0,2.0,5,6,1
PHC-DST-C1-06,2024-01-27,64.0,3.0,5,10,3
PHC-DST-C1-06,2024-01-28,31.0,2.0,4,6,1
PHC-DST-C1-06,2024-01-29,88.0,1.0,4,11,0
PHC-DST-C1-06,2024-01-30,76.0,2.0,3,10,1
PHC-DST-C1-06,2024-01-31,77.0,0.0,5,7,3
PHC-DST-C1-06,2024-02-01,70.0,4.0,5,8,3
PHC-DST-C1-06,2024-02-02,75.0,3.0,5,9,4
PHC-DST-C1-06,2024-02-03,71.0,1.0,5,10,1
PHC-DST-C1-06,2024-02-04,32.0,3.0,5,8,1
PHC-DST-C1-06,2024-02-05,92.0,4.0,6,8,2
PHC-DST-C1-06,2024-02-06,78.0,3.0,4,7,3
PHC-DST-C1-06,2024-02-07,76.0,5.0,3,10,0
PHC-DST-C1-06,2024-02-08,74.0,4.0,5,8,3
PHC-DST-C1-06,2024-02-09,81.0,2.0,4,9,4
PHC-DST-C1-06,2024-02-10,69.0,3.0,3,9,4
PHC-DST-C1-06,2024-02-11,31.0,5.0,5,7,0
PHC-DST-C1-06,2024-02-12,92.0,0.0,3,12,1
PHC-DST-C1-06,2024-02-13,82.0,4.0,4,6,2
PHC-DST-C1-06,2024-02-14,73.0,2.0,2,7,1
PHC-DST-C1-06,2024-02-15,73.0,5.0,4,7,1
PHC-DST-C1-06,2024-02-16,77.0,5.0,4,9,3
PHC-DST-C1-06,2024-02-17,69.0,2.0,5,10,1
PHC-DST-C1-06,2024-02-18,28.0,4.0,5,8,1
PHC-DST-C1-06,2024-02-19,90.0,3.0,4,8,1
PHC-DST-C1-06,2024-02-20,79.0,5.0,4,9,3
PHC-DST-C1-06,2024-02-21,75.0,7.0,3,9,1
PHC-DST-C1-06,2024-02-22,77.0,1.0,3,8,0
PHC-DST-C1-06,2024-02-23,80.0,6.0,3,11,2
PHC-DST-C1-06,2024-02-24,65.0,5.0,6,10,3
PHC-DST-C1-06,2024-02-25,30.0,1.0,4,6,0
PHC-DST-C1-06,2024-02-26,90.0,3.0,4,7,2
PHC-DST-C1-06,2024-02-27,85.0,1.0,3,8,2
PHC-DST-C1-06,2024-02-28,74.0,8.0,5,6,2
PHC-DST-C1-06,2024-02-29,76.0,6.0,3,6,4
PHC-DST-C1-06,2024-03-01,75.0,1.0,5,7,3
PHC-DST-C1-06,2024-03-02,64.0,2.0,4,7,1
PHC-DST-C1-06,2024-03-03,30.0,3.0,5,7,2
PHC-DST-C1-06,2024-03-04,88.0,3.0,4,7,4
PHC-DST-C1-06,2024-03-05,84.0,1.0,4,8,1
PHC-DST-C1-06,2024-03-06,81.0,2.0,4,9,0
PHC-DST-C1-06,2024-03-07,76.0,1.0,3,10,1
PHC-DST-C1-06,2024-03-08,69.0,3.0,3,8,0
PHC-DST-C1-06,2024-03-09,66.0,3.0,5,7,1
PHC-DST-C1-06,2024-03-10,30.0,1.0,3,9,2
PHC-DST-C1-06,2024-03-11,88.0,3.0,3,6,2
PHC-DST-C1-06,2024-03-12,82.0,1.0,6,8,1
PHC-DST-C1-06,2024-03-13,71.0,3.0,4,8,3
PHC-DST-C1-06,2024-03-14,73.0,7.0,3,6,2
PHC-DST-C1-06,2024-03-15,78.0,,4,6,2
PHC-DST-C1-06,2024-03-16,71.0,0.0,2,9,2
PHC-DST-C1-06,2024-03-17,27.0,4.0,3,7,2
PHC-DST-C1-06,2024-03-18,85.0,4.0,4,3,3
PHC-DST-C1-06,2024-03-19,82.0,4.0,4,6,2
PHC-DST-C1-06,2024-03-20,80.0,3.0,6,8,0
PHC-DST-C1-06,2024-03-21,73.0,5.0,4,10,0
PHC-DST-C1-06,2024-03-22,86.0,3.0,6,7,2
PHC-DST-C1-06,2024-03-23,69.0,2.0,4,10,1
PHC-DST-C1-06,2024-03-24,32.0,3.0,4,6,5
PHC-DST-C1-06,2024-03-25,85.0,4.0,2,8,3
PHC-DST-C1-06,2024-03-26,85.0,3.0,6,7,1
PHC-DST-C1-06,2024-03-27,84.0,3.0,6,9,1
PHC-DST-C1-06,2024-03-28,73.0,,4,8,0
PHC-DST-C1-06,2024-03-29,75.0,5.0,5,8,2
PHC-DST-C1-06,2024-03-30,70.0,4.0,3,11,3
PHC-DST-C1-06,2024-03-31,33.0,2.0,6,11,4
PHC-DST-C1-06,2024-04-01,88.0,3.0,3,8,2
PHC-DST-C1-06,2024-04-02,82.0,4.0,4,5,0
PHC-DST-C1-06,2024-04-03,76.0,8.0,6,9,1
PHC-DST-C1-06,2024-04-04,74.0,2.0,7,5,0
PHC-DST-C1-06,2024-04-05,74.0,6.0,3,10,1
PHC-DST-C1-06,2024-04-06,59.0,2.0,4,10,2
PHC-DST-C1-06,2024-04-07,36.0,3.0,4,9,3
PHC-DST-C1-06,2024-04-08,94.0,1.0,5,10,3
PHC-DST-C1-06,2024-04-09,75.0,1.0,3,7,0
PHC-DST-C1-06,2024-04-10,71.0,5.0,4,6,0
PHC-DST-C1-06,2024-04-11,79.0,2.0,5,7,1
PHC-DST-C1-06,2024-04-12,78.0,4.0,6,8,2
PHC-DST-C1-06,2024-04-13,65.0,6.0,3,6,0
PHC-DST-C1-06,2024-04-14,26.0,2.0,5,7,3
PHC-DST-C1-06,2024-04-15,93.0,2.0,3,10,2
PHC-DST-C1-06,2024-04-16,83.0,2.0,3,11,4
PHC-DST-C1-06,2024-04-17,76.0,2.0,4,8,4
PHC-DST-C1-06,2024-04-18,79.0,6.0,4,10,1
PHC-DST-C1-06,2024-04-19,79.0,4.0,2,8,0
PHC-DST-C1-06,2024-04-20,69.0,4.0,2,7,1
PHC-DST-C1-06,2024-04-21,29.0,0.0,3,11,3
PHC-DST-C1-06,2024-04-22,86.0,3.0,3,9,4
PHC-DST-C1-06,2024-04-23,87.0,3.0,6,9,2
PHC-DST-C1-06,2024-04-24,79.0,3.0,5,9,2
PHC-DST-C1-06,2024-04-25,75.0,3.0,4,10,1
PHC-DST-C1-06,2024-04-26,77.0,2.0,3,9,1
PHC-DST-C1-06,2024-04-27,74.0,11.0,3,12,4
PHC-DST-C1-06,2024-04-28,25.0,3.0,2,5,2
PHC-DST-C1-06,2024-04-29,88.0,4.0,3,9,0
PHC-DST-C1-06,2024-04-30,82.0,2.0,4,9,4
PHC-DST-C1-06,2024-05-01,77.0,1.0,5,11,4
PHC-DST-C1-06,2024-05-02,73.0,6.0,5,9,2
PHC-DST-C1-06,2024-05-03,79.0,0.0,5,8,1
PHC-DST-C1-06,2024-05-04,65.0,1.0,4,8,0
PHC-DST-C1-06,2024-05-05,33.0,2.0,5,10,1
PHC-DST-C1-06,2024-05-06,94.0,4.0,4,10,1
PHC-DST-C1-06,2024-05-07,89.0,0.0,7,10,1
PHC-DST-C1-06,2024-05-08,74.0,0.0,4,8,6
PHC-DST-C1-06,2024-05-09,70.0,2.0,5,4,2
PHC-DST-C1-06,2024-05-10,82.0,4.0,4,9,3
PHC-DST-C1-06,2024-05-11,67.0,5.0,4,7,4
PHC-DST-C1-06,2024-05-12,31.0,2.0,4,9,1
PHC-DST-C1-06,2024-05-13,84.0,3.0,5,9,1
PHC-DST-C1-06,2024-05-14,90.0,3.0,8,10,1
PHC-DST-C1-06,2024-05-15,75.0,4.0,4,6,0
PHC-DST-C1-06,2024-05-16,74.0,2.0,3,9,2
PHC-DST-C1-06,2024-05-17,72.0,0.0,3,10,0
PHC-DST-C1-06,2024-05-18,62.0,,3,7,0
PHC-DST-C1-06,2024-05-19,27.0,1.0,2,7,2
PHC-DST-C1-06,2024-05-20,88.0,4.0,6,6,2
PHC-DST-C1-06,2024-05-21,84.0,4.0,5,8,1
PHC-DST-C1-06,2024-05-22,70.0,3.0,2,6,0
PHC-DST-C1-06,2024-05-23,71.0,1.0,5,9,3
PHC-DST-C1-06,2024-05-24,74.0,3.0,5,8,0
PHC-DST-C1-06,2024-05-25,67.0,3.0,4,9,4
PHC-DST-C1-06,2024-05-26,33.0,4.0,4,13,1
PHC-DST-C1-06,2024-05-27,83.0,2.0,3,6,0
PHC-DST-C1-06,2024-05-28,83.0,0.0,3,10,0
PHC-DST-C1-06,2024-05-29,77.0,1.0,5,8,1
PHC-DST-C1-06,2024-05-30,70.0,0.0,4,6,2
PHC-DST-C1-06,2024-05-31,76.0,5.0,5,8,1
PHC-DST-C1-06,2024-06-01,62.0,2.0,7,6,1
PHC-DST-C1-06,2024-06-02,30.0,2.0,6,7,1
PHC-DST-C1-06,2024-06-03,87.0,2.0,4,7,2
PHC-DST-C1-06,2024-06-04,87.0,1.0,4,10,1
PHC-DST-C1-06,2024-06-05,77.0,3.0,4,8,1
PHC-DST-C1-06,2024-06-06,72.0,6.0,5,6,1
PHC-DST-C1-06,2024-06-07,77.0,0.0,4,8,2
PHC-DST-C1-06,2024-06-08,67.0,0.0,4,6,0
PHC-DST-C1-06,2024-06-09,34.0,4.0,7,9,1
PHC-DST-C1-06,2024-06-10,91.0,3.0,5,8,3
PHC-DST-C1-06,2024-06-11,82.0,2.0,2,7,0
PHC-DST-C1-06,2024-06-12,83.0,2.0,3,10,2
PHC-DST-C1-06,2024-06-13,77.0,6.0,3,12,0
PHC-DST-C1-06,2024-06-14,,1.0,4,9,4
PHC-DST-C1-06,2024-06-15,65.0,1.0,5,10,4
PHC-DST-C1-06,2024-06-16,32.0,2.0,6,10,3
PHC-DST-C1-06,2024-06-17,90.0,1.0,6,12,1
PHC-DST-C1-06,2024-06-18,85.0,3.0,5,12,2
PHC-DST-C1-06,2024-06-19,75.0,1.0,5,7,2
PHC-DST-C1-06,2024-06-20,69.0,2.0,4,9,0
PHC-DST-C1-06,2024-06-21,74.0,3.0,5,9,2
PHC-DST-C1-06,2024-06-22,69.0,1.0,6,8,3
PHC-DST-C1-06,2024-06-23,25.0,4.0,4,8,1
PHC-DST-C1-06,2024-06-24,93.0,3.0,5,9,0
PHC-DST-C1-06,2024-06-25,79.0,4.0,4,8,0
PHC-DST-C1-06,2024-06-26,78.0,0.0,4,9,0
PHC-DST-C1-06,2024-06-27,81.0,6.0,5,8,3
PHC-DST-C1-06,2024-06-28,72.0,2.0,3,6,3
PHC-DST-C1-06,2024-06-29,67.0,3.0,6,7,1
PHC-DST-C1-06,2024-06-30,27.0,3.0,4,8,2
PHC-DST-C1-06,2024-07-01,85.0,5.0,5,7,5
PHC-DST-C1-06,2024-07-02,85.0,2.0,5,10,3
PHC-DST-C1-06,2024-07-03,67.0,5.0,3,5,1
PHC-DST-C1-06,2024-07-04,72.0,4.0,4,8,2
PHC-DST-C1-06,2024-07-05,75.0,2.0,3,9,3
PHC-DST-C1-06,2024-07-06,68.0,4.0,4,10,1
PHC-DST-C1-06,2024-07-07,30.0,3.0,1,9,1
PHC-DST-C1-06,2024-07-08,86.0,2.0,4,9,5
PHC-DST-C1-06,2024-07-09,80.0,1.0,5,7,1
PHC-DST-C1-06,2024-07-10,75.0,2.0,6,8,0
PHC-DST-C1-06,2024-07-11,66.0,0.0,5,5,1
PHC-DST-C1-06,2024-07-12,73.0,3.0,4,5,2
PHC-DST-C1-06,2024-07-13,65.0,3.0,4,8,4
PHC-DST-C1-06,2024-07-14,30.0,2.0,4,9,0
PHC-DST-C1-06,2024-07-15,84.0,3.0,5,7,1
PHC-DST-C1-06,2024-07-16,84.0,5.0,3,8,1
PHC-DST-C1-06,2024-07-17,82.0,1.0,3,6,1
PHC-DST-C1-06,2024-07-18,75.0,2.0,4,7,5
PHC-DST-C1-06,2024-07-19,73.0,1.0,3,8,1
PHC-DST-C1-06,2024-07-20,56.0,3.0,4,8,1
PHC-DST-C1-06,2024-07-21,38.0,1.0,5,12,1
PHC-DST-C1-06,2024-07-22,92.0,1.0,3,11,1
PHC-DST-C1-06,2024-07-23,78.0,1.0,6,9,2
PHC-DST-C1-06,2024-07-24,77.0,3.0,4,9,5
PHC-DST-C1-06,2024-07-25,73.0,4.0,5,8,2
PHC-DST-C1-06,2024-07-26,79.0,0.0,5,9,2
PHC-DST-C1-06,2024-07-27,65.0,3.0,5,9,1
PHC-DST-C1-06,2024-07-28,30.0,2.0,4,9,0
PHC-DST-C1-06,2024-07-29,97.0,5.0,4,12,0
PHC-DST-C1-06,2024-07-30,79.0,4.0,1,6,3
PHC-DST-C1-06,2024-07-31,73.0,4.0,7,7,0
PHC-DST-C1-06,2024-08-01,76.0,2.0,5,8,1
PHC-DST-C1-06,2024-08-02,70.0,1.0,4,5,0
PHC-DST-C1-06,2024-08-03,66.0,2.0,4,11,3
PHC-DST-C1-06,2024-08-04,32.0,1.0,5,8,1
PHC-DST-C1-06,2024-08-05,90.0,3.0,4,9,1
PHC-DST-C1-06,2024-08-06,84.0,2.0,3,7,2
PHC-DST-C1-06,2024-08-07,70.0,3.0,5,9,1
PHC-DST-C1-06,2024-08-08,69.0,1.0,2,7,3
PHC-DST-C1-06,2024-08-09,72.0,3.0,1,7,1
PHC-DST-C1-06,2024-08-10,61.0,2.0,4,6,0
PHC-DST-C1-06,2024-08-11,27.0,3.0,2,7,4
PHC-DST-C1-06,2024-08-12,86.0,1.0,3,7,0
PHC-DST-C1-06,2024-08-13,87.0,5.0,4,11,1
PHC-DST-C1-06,2024-08-14,80.0,3.0,3,9,1
PHC-DST-C1-06,2024-08-15,,1.0,6,8,1
PHC-DST-C1-06,2024-08-16,84.0,1.0,10,9,4
PHC-DST-C1-06,2024-08-17,74.0,1.0,11,5,3
PHC-DST-C1-06,2024-08-18,31.0,1.0,5,8,3
PHC-DST-C1-06,2024-08-19,92.0,2.0,5,8,4
PHC-DST-C1-06,2024-08-20,82.0,4.0,4,9,2
PHC-DST-C1-06,2024-08-21,82.0,1.0,6,10,0
PHC-DST-C1-06,2024-08-22,88.0,4.0,7,20,1
PHC-DST-C1-06,2024-08-23,84.0,2.0,5,7,0
PHC-DST-C1-06,2024-08-24,77.0,0.0,6,11,3
PHC-DST-C1-06,2024-08-25,34.0,0.0,4,8,2
PHC-DST-C1-06,2024-08-26,92.0,1.0,5,11,2
PHC-DST-C1-06,2024-08-27,86.0,1.0,4,11,2
PHC-DST-C1-06,2024-08-28,79.0,2.0,2,8,0
PHC-DST-C1-06,2024-08-29,74.0,4.0,5,9,3
PHC-DST-C1-06,2024-08-30,74.0,3.0,4,7,2
PHC-DST-C1-06,2024-08-31,68.0,3.0,4,8,2
PHC-DST-C1-06,2024-09-01,26.0,6.0,3,7,3
PHC-DST-C1-06,2024-09-02,90.0,2.0,4,10,2
PHC-DST-C1-06,2024-09-03,82.0,1.0,4,7,3
PHC-DST-C1-06,2024-09-04,70.0,0.0,1,7,0
PHC-DST-C1-06,2024-09-05,75.0,0.0,4,7,1
PHC-DST-C1-06,2024-09-06,80.0,3.0,3,7,0
PHC-DST-C1-06,2024-09-07,,3.0,4,9,3
PHC-DST-C1-06,2024-09-08,29.0,2.0,6,9,2
PHC-DST-C1-06,2024-09-09,94.0,1.0,4,12,4
PHC-DST-C1-06,2024-09-10,84.0,3.0,13,6,0
PHC-DST-C1-06,2024-09-11,81.0,4.0,10,7,0
PHC-DST-C1-06,2024-09-12,69.0,1.0,5,10,2
PHC-DST-C1-06,2024-09-13,78.0,2.0,6,7,0
PHC-DST-C1-06,2024-09-14,68.0,2.0,6,9,0
PHC-DST-C1-06,2024-09-15,30.0,3.0,5,7,1
PHC-DST-C1-06,2024-09-16,95.0,2.0,4,15,2
PHC-DST-C1-06,2024-09-17,90.0,0.0,6,9,1
PHC-DST-C1-06,2024-09-18,77.0,1.0,4,7,0
PHC-DST-C1-06,2024-09-19,68.0,3.0,5,5,1
PHC-DST-C1-06,2024-09-20,76.0,3.0,5,12,2
PHC-DST-C1-06,2024-09-21,71.0,3.0,5,8,4
PHC-DST-C1-06,2024-09-22,28.0,5.0,5,6,2
PHC-DST-C1-06,2024-09-23,94.0,6.0,5,10,1
PHC-DST-C1-06,2024-09-24,81.0,5.0,3,10,4
PHC-DST-C1-06,2024-09-25,81.0,2.0,5,9,2
PHC-DST-C1-06,2024-09-26,77.0,1.0,5,11,2
PHC-DST-C1-06,2024-09-27,73.0,5.0,3,9,2
PHC-DST-C1-06,2024-09-28,67.0,4.0,1,12,2
PHC-DST-C1-06,2024-09-29,28.0,1.0,6,5,3
PHC-DST-C1-06,2024-09-30,85.0,5.0,5,7,1
PHC-DST-C1-06,2024-10-01,82.0,2.0,4,6,1
PHC-DST-C1-06,2024-10-02,75.0,3.0,5,9,2
PHC-DST-C1-06,2024-10-03,74.0,2.0,2,11,1
PHC-DST-C1-06,2024-10-04,78.0,2.0,4,10,3
PHC-DST-C1-06,2024-10-05,70.0,3.0,5,10,3
PHC-DST-C1-06,2024-10-06,33.0,7.0,3,9,5
PHC-DST-C1-06,2024-10-07,94.0,5.0,5,9,2
PHC-DST-C1-06,2024-10-08,84.0,7.0,6,6,2
PHC-DST-C1-06,2024-10-09,77.0,4.0,5,8,1
PHC-DST-C1-06,2024-10-10,77.0,1.0,4,8,1
PHC-DST-C1-06,2024-10-11,79.0,1.0,3,10,3
PHC-DST-C1-06,2024-10-12,69.0,2.0,3,9,3
PHC-DST-C1-06,2024-10-13,30.0,5.0,4,7,2
PHC-DST-C1-06,2024-10-14,87.0,5.0,6,8,2
PHC-DST-C1-06,2024-10-15,83.0,5.0,3,10,6
PHC-DST-C1-06,2024-10-16,81.0,0.0,5,9,0
PHC-DST-C1-06,2024-10-17,69.0,4.0,3,8,2
PHC-DST-C1-06,2024-10-18,77.0,2.0,6,8,2
PHC-DST-C1-06,2024-10-19,69.0,2.0,3,8,1
PHC-DST-C1-06,2024-10-20,30.0,4.0,3,9,2
PHC-DST-C1-06,2024-10-21,88.0,2.0,4,5,0
PHC-DST-C1-06,2024-10-22,78.0,2.0,1,7,2
PHC-DST-C1-06,2024-10-23,75.0,4.0,6,8,3
PHC-DST-C1-06,2024-10-24,72.0,3.0,3,10,2
PHC-DST-C1-06,2024-10-25,77.0,3.0,5,10,0
PHC-DST-C1-06,2024-10-26,69.0,4.0,6,8,1
PHC-DST-C1-06,2024-10-27,31.0,4.0,5,9,1
PHC-DST-C1-06,2024-10-28,88.0,5.0,3,8,2
PHC-DST-C1-06,2024-10-29,87.0,4.0,4,8,4
PHC-DST-C1-06,2024-10-30,79.0,4.0,5,10,4
PHC-DST-C1-06,2024-10-31,75.0,2.0,4,12,1
PHC-DST-C1-06,2024-11-01,82.0,4.0,5,9,3
PHC-DST-C1-06,2024-11-02,67.0,2.0,5,10,2
PHC-DST-C1-06,2024-11-03,34.0,2.0,6,8,1
PHC-DST-C1-06,2024-11-04,92.0,2.0,4,9,4
PHC-DST-C1-06,2024-11-05,84.0,2.0,5,9,1
PHC-DST-C1-06,2024-11-06,79.0,3.0,6,7,1
PHC-DST-C1-06,2024-11-07,71.0,1.0,5,10,1
PHC-DST-C1-06,2024-11-08,77.0,3.0,3,9,1
PHC-DST-C1-06,2024-11-09,66.0,2.0,5,8,2
PHC-DST-C1-06,2024-11-10,29.0,6.0,4,8,5
PHC-DST-C1-06,2024-11-11,87.0,3.0,4,9,2
PHC-DST-C1-06,2024-11-12,81.0,1.0,4,9,0
PHC-DST-C1-06,2024-11-13,81.0,5.0,4,9,5
PHC-DST-C1-06,2024-11-14,74.0,3.0,4,9,0
PHC-DST-C1-06,2024-11-15,77.0,4.0,4,8,3
PHC-DST-C1-06,2024-11-16,72.0,2.0,2,9,3
PHC-DST-C1-06,2024-11-17,25.0,3.0,2,7,2
PHC-DST-C1-06,2024-11-18,91.0,0.0,6,9,4
PHC-DST-C1-06,2024-11-19,82.0,3.0,4,7,0
PHC-DST-C1-06,2024-11-20,79.0,0.0,5,8,2
PHC-DST-C1-06,2024-11-21,71.0,6.0,3,9,0
PHC-DST-C1-06,2024-11-22,71.0,1.0,4,7,0
PHC-DST-C1-06,2024-11-23,64.0,2.0,4,8,3
PHC-DST-C1-06,2024-11-24,33.0,4.0,6,8,0
PHC-DST-C1-06,2024-11-25,88.0,1.0,5,8,1
PHC-DST-C1-06,2024-11-26,83.0,4.0,4,7,2
PHC-DST-C1-06,2024-11-27,77.0,4.0,4,8,0
PHC-DST-C1-06,2024-11-28,72.0,3.0,4,6,1
PHC-DST-C1-06,2024-11-29,,2.0,4,9,3
PHC-DST-C1-06,2024-11-30,68.0,2.0,3,9,2
PHC-DST-C1-06,2024-12-01,28.0,,5,8,0
PHC-DST-C1-06,2024-12-02,92.0,,4,10,3
PHC-DST-C1-06,2024-12-03,83.0,2.0,3,8,1
PHC-DST-C1-06,2024-12-04,77.0,2.0,3,10,1
PHC-DST-C1-06,2024-12-05,72.0,1.0,5,10,4
PHC-DST-C1-06,2024-12-06,72.0,4.0,3,8,0
PHC-DST-C1-06,2024-12-07,63.0,3.0,5,5,1
PHC-DST-C1-06,2024-12-08,33.0,3.0,4,11,1
PHC-DST-C1-06,2024-12-09,95.0,2.0,5,11,2
PHC-DST-C1-06,2024-12-10,88.0,1.0,2,9,1
PHC-DST-C1-06,2024-12-11,76.0,1.0,4,7,3
PHC-DST-C1-06,2024-12-12,77.0,0.0,5,12,2
PHC-DST-C1-06,2024-12-13,,1.0,3,6,6
PHC-DST-C1-06,2024-12-14,63.0,0.0,2,6,1
PHC-DST-C1-06,2024-12-15,28.0,3.0,4,10,2
PHC-DST-C1-06,2024-12-16,90.0,0.0,6,10,1
PHC-DST-C1-06,2024-12-17,74.0,0.0,4,6,2
PHC-DST-C1-06,2024-12-18,77.0,2.0,5,6,0
PHC-DST-C1-06,2024-12-19,77.0,3.0,6,10,5
PHC-DST-C1-06,2024-12-20,76.0,1.0,5,11,0
PHC-DST-C1-06,2024-12-21,69.0,3.0,4,10,1
PHC-DST-C1-06,2024-12-22,33.0,2.0,3,8,0
PHC-DST-C1-06,2024-12-23,96.0,1.0,4,9,1
PHC-DST-C1-06,2024-12-24,86.0,2.0,4,9,1
PHC-DST-C1-06,2024-12-25,84.0,1.0,3,10,3
PHC-DST-C1-06,2024-12-26,72.0,2.0,4,10,4
PHC-DST-C1-06,2024-12-27,76.0,1.0,4,7,2
PHC-DST-C1-06,2024-12-28,66.0,4.0,3,10,2
PHC-DST-C1-06,2024-12-29,27.0,3.0,3,7,1
PHC-DST-C1-06,2024-12-30,84.0,3.0,3,8,3
PHC-DST-C1-06,2024-12-31,86.0,2.0,6,8,0
PHC-DST-C1-06,2025-01-01,79.0,4.0,4,11,2
PHC-DST-C1-06,2025-01-02,80.0,0.0,5,10,2
PHC-DST-C1-06,2025-01-03,74.0,1.0,6,9,2
PHC-DST-C1-06,2025-01-04,64.0,6.0,5,10,0
PHC-DST-C1-06,2025-01-05,34.0,2.0,5,11,2
PHC-DST-C1-06,2025-01-06,95.0,1.0,3,13,2
PHC-DST-C1-06,2025-01-07,83.0,2.0,4,8,2
PHC-DST-C1-06,2025-01-08,80.0,5.0,4,9,1
PHC-DST-C1-06,2025-01-09,74.0,5.0,3,9,2
PHC-DST-C1-06,2025-01-10,75.0,3.0,4,6,2
PHC-DST-C1-06,2025-01-11,60.0,1.0,4,8,1
PHC-DST-C1-06,2025-01-12,42.0,3.0,5,12,1
PHC-DST-C1-06,2025-01-13,93.0,3.0,5,9,4
PHC-DST-C1-06,2025-01-14,85.0,1.0,5,6,3
PHC-DST-C1-06,2025-01-15,79.0,1.0,4,9,1
PHC-DST-C1-06,2025-01-16,73.0,5.0,4,10,1
PHC-DST-C1-06,2025-01-17,79.0,5.0,2,11,0
PHC-DST-C1-06,2025-01-18,66.0,3.0,4,8,0
PHC-DST-C1-06,2025-01-19,30.0,0.0,1,9,1
PHC-DST-C1-06,2025-01-20,87.0,7.0,6,8,2
PHC-DST-C1-06,2025-01-21,85.0,3.0,5,12,1
PHC-DST-C1-06,2025-01-22,78.0,2.0,5,10,2
PHC-DST-C1-06,2025-01-23,73.0,4.0,3,9,1
PHC-DST-C1-06,2025-01-24,74.0,3.0,3,8,1
PHC-DST-C1-06,2025-01-25,63.0,2.0,4,8,3
PHC-DST-C1-06,2025-01-26,35.0,1.0,5,9,4
PHC-DST-C1-06,2025-01-27,82.0,1.0,4,6,1
PHC-DST-C1-06,2025-01-28,83.0,1.0,6,10,4
PHC-DST-C1-06,2025-01-29,76.0,3.0,5,9,0
PHC-DST-C1-06,2025-01-30,67.0,2.0,3,10,1
PHC-DST-C1-06,2025-01-31,76.0,1.0,5,9,2
PHC-DST-C1-06,2025-02-01,66.0,3.0,3,9,2
PHC-DST-C1-06,2025-02-02,31.0,1.0,4,10,0
PHC-DST-C1-06,2025-02-03,87.0,4.0,3,9,0
PHC-DST-C1-06,2025-02-04,81.0,3.0,2,8,5
PHC-DST-C1-06,2025-02-05,73.0,1.0,4,8,4
PHC-DST-C1-06,2025-02-06,69.0,3.0,5,6,3
PHC-DST-C1-06,2025-02-07,78.0,,5,10,1
PHC-DST-C1-06,2025-02-08,64.0,0.0,3,7,2
PHC-DST-C1-06,2025-02-09,33.0,4.0,5,9,2
PHC-DST-C1-06,2025-02-10,90.0,1.0,4,6,2
PHC-DST-C1-06,2025-02-11,82.0,4.0,6,8,0
PHC-DST-C1-06,2025-02-12,72.0,3.0,5,5,1
PHC-DST-C1-06,2025-02-13,77.0,1.0,5,10,4
PHC-DST-C1-06,2025-02-14,73.0,2.0,4,7,4
PHC-DST-C1-06,2025-02-15,70.0,3.0,4,10,3
PHC-DST-C1-06,2025-02-16,31.0,3.0,3,8,2
PHC-DST-C1-06,2025-02-17,84.0,3.0,4,9,2
PHC-DST-C1-06,2025-02-18,88.0,2.0,4,9,3
PHC-DST-C1-06,2025-02-19,73.0,1.0,4,8,2
PHC-DST-C1-06,2025-02-20,66.0,6.0,2,8,0
PHC-DST-C1-06,2025-02-21,76.0,5.0,4,8,2
PHC-DST-C1-06,2025-02-22,71.0,5.0,5,10,1
PHC-DST-C1-06,2025-02-23,32.0,3.0,2,9,2
PHC-DST-C1-06,2025-02-24,93.0,3.0,3,12,2
PHC-DST-C1-06,2025-02-25,85.0,0.0,3,8,1
PHC-DST-C1-06,2025-02-26,77.0,1.0,4,8,3
PHC-DST-C1-06,2025-02-27,74.0,0.0,5,9,2
PHC-DST-C1-06,2025-02-28,69.0,4.0,5,10,2
PHC-DST-C1-06,2025-03-01,68.0,3.0,6,6,3
PHC-DST-C1-06,2025-03-02,34.0,2.0,4,12,2
PHC-DST-C1-06,2025-03-03,88.0,4.0,4,8,3
PHC-DST-C1-06,2025-03-04,81.0,3.0,5,6,2
PHC-DST-C1-06,2025-03-05,77.0,6.0,5,7,3
PHC-DST-C1-06,2025-03-06,64.0,1.0,4,6,1
PHC-DST-C1-06,2025-03-07,76.0,5.0,2,7,3
PHC-DST-C1-06,2025-03-08,73.0,5.0,5,8,4
PHC-DST-C1-06,2025-03-09,32.0,2.0,4,6,0
PHC-DST-C1-06,2025-03-10,85.0,0.0,4,7,0
PHC-DST-C1-06,2025-03-11,83.0,1.0,5,12,1
PHC-DST-C1-06,2025-03-12,78.0,1.0,4,9,2
PHC-DST-C1-06,2025-03-13,70.0,6.0,5,6,2
PHC-DST-C1-06,2025-03-14,82.0,1.0,5,9,2
PHC-DST-C1-06,2025-03-15,67.0,0.0,4,9,3
PHC-DST-C1-06,2025-03-16,26.0,3.0,4,8,3
PHC-DST-C1-06,2025-03-17,98.0,1.0,3,9,1
PHC-DST-C1-06,2025-03-18,81.0,3.0,5,9,0
PHC-DST-C1-06,2025-03-19,75.0,1.0,6,7,1
PHC-DST-C1-06,2025-03-20,,4.0,3,11,3
PHC-DST-C1-06,2025-03-21,79.0,3.0,3,13,2
PHC-DST-C1-06,2025-03-22,65.0,1.0,4,9,1
PHC-DST-C1-06,2025-03-23,35.0,4.0,5,9,1
PHC-DST-C1-06,2025-03-24,86.0,3.0,5,9,1
PHC-DST-C1-06,2025-03-25,85.0,0.0,5,10,2
PHC-DST-C1-06,2025-03-26,74.0,0.0,6,9,2
PHC-DST-C1-06,2025-03-27,72.0,2.0,5,10,4
PHC-DST-C1-06,2025-03-28,78.0,0.0,2,5,3
PHC-DST-C1-06,2025-03-29,65.0,5.0,3,9,4
PHC-DST-C1-06,2025-03-30,27.0,2.0,2,9,1
PHC-DST-C1-06,2025-03-31,83.0,1.0,3,8,1
PHC-DST-C1-06,2025-04-01,82.0,1.0,3,8,1
PHC-DST-C1-06,2025-04-02,77.0,3.0,4,7,2
PHC-DST-C1-06,2025-04-03,,3.0,3,7,0
PHC-DST-C1-06,2025-04-04,79.0,2.0,4,9,5
PHC-DST-C1-06,2025-04-05,65.0,3.0,4,8,0
PHC-DST-C1-06,2025-04-06,34.0,4.0,5,10,1
PHC-DST-C1-06,2025-04-07,99.0,3.0,4,8,2
PHC-DST-C1-06,2025-04-08,76.0,1.0,5,8,2
PHC-DST-C1-06,2025-04-09,76.0,4.0,3,7,2
PHC-DST-C1-06,2025-04-10,73.0,1.0,4,9,2
PHC-DST-C1-06,2025-04-11,77.0,0.0,5,7,0
PHC-DST-C1-06,2025-04-12,66.0,5.0,4,13,3
PHC-DST-C1-06,2025-04-13,35.0,2.0,4,9,0
PHC-DST-C1-06,2025-04-14,85.0,2.0,5,8,2
PHC-DST-C1-06,2025-04-15,89.0,3.0,5,12,0
PHC-DST-C1-06,2025-04-16,76.0,5.0,3,10,0
PHC-DST-C1-06,2025-04-17,77.0,4.0,5,11,4
PHC-DST-C1-06,2025-04-18,70.0,3.0,5,10,2
PHC-DST-C1-06,2025-04-19,62.0,1.0,4,5,2
PHC-DST-C1-06,2025-04-20,30.0,2.0,4,8,2
PHC-DST-C1-06,2025-04-21,88.0,4.0,5,7,0
PHC-DST-C1-06,2025-04-22,81.0,4.0,3,8,2
PHC-DST-C1-06,2025-04-23,65.0,4.0,3,4,1
PHC-DST-C1-06,2025-04-24,75.0,4.0,4,8,1
PHC-DST-C1-06,2025-04-25,75.0,3.0,1,8,3
PHC-DST-C1-06,2025-04-26,70.0,2.0,6,10,0
PHC-DST-C1-06,2025-04-27,31.0,3.0,4,9,2
PHC-DST-C1-06,2025-04-28,81.0,3.0,2,5,2
PHC-DST-C1-06,2025-04-29,83.0,1.0,4,8,2
PHC-DST-C1-06,2025-04-30,76.0,3.0,5,8,2
PHC-DST-C1-06,2025-05-01,67.0,2.0,4,9,2
PHC-DST-C1-06,2025-05-02,78.0,3.0,3,11,3
PHC-DST-C1-06,2025-05-03,62.0,2.0,2,11,4
PHC-DST-C1-06,2025-05-04,35.0,0.0,6,8,0
PHC-DST-C1-06,2025-05-05,83.0,4.0,2,7,0
PHC-DST-C1-06,2025-05-06,81.0,3.0,3,9,1
PHC-DST-C1-06,2025-05-07,78.0,5.0,3,11,1
PHC-DST-C1-06,2025-05-08,72.0,4.0,5,12,0
PHC-DST-C1-06,2025-05-09,77.0,3.0,5,8,1
PHC-DST-C1-06,2025-05-10,,1.0,5,9,2
PHC-DST-C1-06,2025-05-11,29.0,1.0,2,9,4
PHC-DST-C1-06,2025-05-12,97.0,6.0,5,12,5
PHC-DST-C1-06,2025-05-13,82.0,5.0,5,5,1
PHC-DST-C1-06,2025-05-14,78.0,2.0,6,10,2
PHC-DST-C1-06,2025-05-15,73.0,2.0,3,9,0
PHC-DST-C1-06,2025-05-16,82.0,3.0,3,12,0
PHC-DST-C1-06,2025-05-17,65.0,2.0,5,6,1
PHC-DST-C1-06,2025-05-18,35.0,2.0,3,11,3
PHC-DST-C1-06,2025-05-19,85.0,1.0,5,6,3
PHC-DST-C1-06,2025-05-20,,4.0,4,8,3
PHC-DST-C1-06,2025-05-21,76.0,4.0,3,10,1
PHC-DST-C1-06,2025-05-22,79.0,5.0,4,9,1
PHC-DST-C1-06,2025-05-23,82.0,5.0,5,10,1
PHC-DST-C1-06,2025-05-24,70.0,0.0,4,8,2
PHC-DST-C1-06,2025-05-25,32.0,3.0,5,10,1
PHC-DST-C1-06,2025-05-26,95.0,3.0,6,12,2
PHC-DST-C1-06,2025-05-27,82.0,2.0,6,7,0
PHC-DST-C1-06,2025-05-28,81.0,1.0,6,10,2
PHC-DST-C1-06,2025-05-29,75.0,2.0,4,8,3
PHC-DST-C1-06,2025-05-30,80.0,2.0,5,10,0
PHC-DST-C1-06,2025-05-31,61.0,6.0,6,8,2
PHC-DST-C1-06,2025-06-01,26.0,5.0,3,9,0
PHC-DST-C1-06,2025-06-02,87.0,2.0,4,8,2
PHC-DST-C1-06,2025-06-03,77.0,3.0,2,8,1
PHC-DST-C1-06,2025-06-04,79.0,4.0,5,9,2
PHC-DST-C1-06,2025-06-05,67.0,4.0,4,7,5
PHC-DST-C1-06,2025-06-06,77.0,1.0,1,11,0
PHC-DST-C1-06,2025-06-07,72.0,0.0,3,9,0
PHC-DST-C1-06,2025-06-08,30.0,1.0,4,11,2
PHC-DST-C1-06,2025-06-09,89.0,5.0,2,8,3
PHC-DST-C1-06,2025-06-10,80.0,3.0,5,6,1
PHC-DST-C1-06,2025-06-11,,2.0,2,10,1
PHC-DST-C1-06,2025-06-12,79.0,3.0,4,9,1
PHC-DST-C1-06,2025-06-13,78.0,3.0,5,7,2
PHC-DST-C1-06,2025-06-14,,0.0,5,6,3
PHC-DST-C1-06,2025-06-15,27.0,3.0,4,8,2
PHC-DST-C1-06,2025-06-16,89.0,0.0,4,8,1
PHC-DST-C1-06,2025-06-17,83.0,7.0,5,11,3
PHC-DST-C1-06,2025-06-18,81.0,4.0,3,14,2
PHC-DST-C1-06,2025-06-19,65.0,2.0,5,8,3
PHC-DST-C1-06,2025-06-20,75.0,2.0,4,11,1
PHC-DST-C1-06,2025-06-21,65.0,2.0,3,10,0
PHC-DST-C1-06,2025-06-22,31.0,3.0,4,9,7
PHC-DST-C1-06,2025-06-23,89.0,2.0,5,7,2
PHC-DST-C1-06,2025-06-24,78.0,2.0,6,6,1
PHC-DST-C1-06,2025-06-25,74.0,2.0,4,10,1
PHC-DST-C1-06,2025-06-26,70.0,3.0,5,11,0
PHC-DST-C1-06,2025-06-27,78.0,2.0,4,11,3
PHC-DST-C1-06,2025-06-28,63.0,4.0,3,8,2
PHC-DST-C1-06,2025-06-29,27.0,4.0,3,8,3
PHC-DST-C1-06,2025-06-30,89.0,2.0,5,9,1
PHC-DST-C2-01,2024-01-01,113.0,8.0,5,12,1
PHC-DST-C2-01,2024-01-02,114.0,5.0,5,12,3
PHC-DST-C2-01,2024-01-03,101.0,3.0,7,8,2
PHC-DST-C2-01,2024-01-04,98.0,6.0,5,13,1
PHC-DST-C2-01,2024-01-05,99.0,7.0,5,7,4
PHC-DST-C2-01,2024-01-06,88.0,2.0,5,13,1
PHC-DST-C2-01,2024-01-07,37.0,5.0,4,10,4
PHC-DST-C2-01,2024-01-08,115.0,5.0,7,10,4
PHC-DST-C2-01,2024-01-09,110.0,1.0,4,11,4
PHC-DST-C2-01,2024-01-10,97.0,5.0,4,11,4
PHC-DST-C2-01,2024-01-11,104.0,1.0,5,13,2
PHC-DST-C2-01,2024-01-12,101.0,3.0,6,12,1
PHC-DST-C2-01,2024-01-13,89.0,1.0,7,13,1
PHC-DST-C2-01,2024-01-14,41.0,2.0,6,13,1
PHC-DST-C2-01,2024-01-15,118.0,8.0,7,9,2
PHC-DST-C2-01,2024-01-16,,5.0,7,10,1
PHC-DST-C2-01,2024-01-17,100.0,3.0,4,12,5
PHC-DST-C2-01,2024-01-18,96.0,5.0,5,11,0
PHC-DST-C2-01,2024-01-19,98.0,6.0,7,9,4
PHC-DST-C2-01,2024-01-20,83.0,6.0,4,12,1
PHC-DST-C2-01,2024-01-21,39.0,3.0,4,12,0
PHC-DST-C2-01,2024-01-22,120.0,2.0,6,10,4
PHC-DST-C2-01,2024-01-23,110.0,6.0,4,9,0
PHC-DST-C2-01,2024-01-24,102.0,4.0,5,14,4
PHC-DST-C2-01,2024-01-25,100.0,3.0,5,12,3
PHC-DST-C2-01,2024-01-26,106.0,3.0,7,13,2
PHC-DST-C2-01,2024-01-27,92.0,1.0,7,11,2
PHC-DST-C2-01,2024-01-28,44.0,4.0,5,13,2
PHC-DST-C2-01,2024-01-29,121.0,4.0,4,14,2
PHC-DST-C2-01,2024-01-30,109.0,5.0,7,11,3
PHC-DST-C2-01,2024-01-31,95.0,4.0,5,9,3
PHC-DST-C2-01,2024-02-01,95.0,7.0,6,10,0
PHC-DST-C2-01,2024-02-02,101.0,1.0,8,12,2
PHC-DST-C2-01,2024-02-03,88.0,5.0,7,10,5
PHC-DST-C2-01,2024-02-04,41.0,2.0,5,7,1
PHC-DST-C2-01,2024-02-05,115.0,3.0,4,11,1
PHC-DST-C2-01,2024-02-06,111.0,3.0,6,11,1
PHC-DST-C2-01,2024-02-07,102.0,4.0,6,11,2
PHC-DST-C2-01,2024-02-08,100.0,3.0,7,13,0
PHC-DST-C2-01,2024-02-09,104.0,3.0,6,12,3
PHC-DST-C2-01,2024-02-10,88.0,1.0,7,13,5
PHC-DST-C2-01,2024-02-11,43.0,7.0,5,10,5
PHC-DST-C2-01,2024-02-12,115.0,4.0,6,9,2
PHC-DST-C2-01,2024-02-13,111.0,5.0,6,11,3
PHC-DST-C2-01,2024-02-14,97.0,8.0,8,10,1
PHC-DST-C2-01,2024-02-15,91.0,8.0,6,8,0
PHC-DST-C2-01,2024-02-16,104.0,5.0,5,12,1
PHC-DST-C2-01,2024-02-17,89.0,1.0,4,12,6
PHC-DST-C2-01,2024-02-18,40.0,3.0,6,14,3
PHC-DST-C2-01,2024-02-19,120.0,6.0,3,13,0
PHC-DST-C2-01,2024-02-20,108.0,6.0,4,10,2
PHC-DST-C2-01,2024-02-21,108.0,4.0,6,11,1
PHC-DST-C2-01,2024-02-22,94.0,3.0,8,12,3
PHC-DST-C2-01,2024-02-23,103.0,3.0,5,13,3
PHC-DST-C2-01,2024-02-24,83.0,3.0,6,8,2
PHC-DST-C2-01,2024-02-25,44.0,6.0,7,11,4
PHC-DST-C2-01,2024-02-26,118.0,2.0,4,14,0
PHC-DST-C2-01,2024-02-27,112.0,3.0,6,13,2
PHC-DST-C2-01,2024-02-28,102.0,2.0,7,13,1
PHC-DST-C2-01,2024-02-29,100.0,2.0,6,9,1
PHC-DST-C2-01,2024-03-01,102.0,3.0,4,13,3
PHC-DST-C2-01,2024-03-02,88.0,3.0,5,13,1
PHC-DST-C2-01,2024-03-03,47.0,3.0,6,13,2
PHC-DST-C2-01,2024-03-04,116.0,10.0,4,9,4
PHC-DST-C2-01,2024-03-05,111.0,4.0,6,11,1
PHC-DST-C2-01,2024-03-06,109.0,2.0,5,12,4
PHC-DST-C2-01,2024-03-07,96.0,4.0,8,14,3
PHC-DST-C2-01,2024-03-08,101.0,1.0,5,16,2
PHC-DST-C2-01,2024-03-09,83.0,3.0,5,9,4
PHC-DST-C2-01,2024-03-10,40.0,5.0,5,15,4
PHC-DST-C2-01,2024-03-11,123.0,2.0,4,14,0
PHC-DST-C2-01,2024-03-12,114.0,3.0,4,13,4
PHC-DST-C2-01,2024-03-13,103.0,4.0,6,12,2
PHC-DST-C2-01,2024-03-14,98.0,1.0,5,14,1
PHC-DST-C2-01,2024-03-15,97.0,3.0,4,7,4
PHC-DST-C2-01,2024-03-16,84.0,0.0,4,9,1
PHC-DST-C2-01,2024-03-17,39.0,2.0,6,10,6
PHC-DST-C2-01,2024-03-18,123.0,8.0,5,14,0
PHC-DST-C2-01,2024-03-19,109.0,5.0,8,9,2
PHC-DST-C2-01,2024-03-20,101.0,2.0,7,14,4
PHC-DST-C2-01,2024-03-21,100.0,5.0,6,12,0
PHC-DST-C2-01,2024-03-22,103.0,7.0,5,11,4
PHC-DST-C2-01,2024-03-23,96.0,2.0,5,12,1
PHC-DST-C2-01,2024-03-24,42.0,9.0,6,12,1
PHC-DST-C2-01,2024-03-25,123.0,3.0,7,15,2
PHC-DST-C2-01,2024-03-26,110.0,3.0,2,10,0
PHC-DST-C2-01,2024-03-27,100.0,4.0,5,9,5
PHC-DST-C2-01,2024-03-28,99.0,1.0,6,12,2
PHC-DST-C2-01,2024-03-29,103.0,4.0,6,12,2
PHC-DST-C2-01,2024-03-30,91.0,2.0,5,11,2
PHC-DST-C2-01,2024-03-31,46.0,4.0,6,10,2
PHC-DST-C2-01,2024-04-01,115.0,11.0,6,11,0
PHC-DST-C2-01,2024-04-02,113.0,3.0,6,13,3
PHC-DST-C2-01,2024-04-03,104.0,4.0,5,13,2
PHC-DST-C2-01,2024-04-04,95.0,2.0,3,12,4
PHC-DST-C2-01,2024-04-05,102.0,5.0,4,12,3
PHC-DST-C2-01,2024-04-06,85.0,5.0,6,10,3
PHC-DST-C2-01,2024-04-07,39.0,3.0,6,7,3
PHC-DST-C2-01,2024-04-08,116.0,2.0,5,12,3
PHC-DST-C2-01,2024-04-09,108.0,3.0,6,12,2
PHC-DST-C2-01,2024-04-10,97.0,4.0,4,8,2
PHC-DST-C2-01,2024-04-11,99.0,3.0,7,10,2
PHC-DST-C2-01,2024-04-12,105.0,4.0,6,8,2
PHC-DST-C2-01,2024-04-13,90.0,6.0,6,11,2
PHC-DST-C2-01,2024-04-14,41.0,1.0,6,11,1
PHC-DST-C2-01,2024-04-15,120.0,2.0,7,9,2
PHC-DST-C2-01,2024-04-16,111.0,1.0,5,10,3
PHC-DST-C2-01,2024-04-17,106.0,7.0,6,13,5
PHC-DST-C2-01,2024-04-18,97.0,0.0,5,8,1
PHC-DST-C2-01,2024-04-19,100.0,3.0,4,12,3
PHC-DST-C2-01,2024-04-20,91.0,2.0,7,12,3
PHC-DST-C2-01,2024-04-21,41.0,4.0,5,10,5
PHC-DST-C2-01,2024-04-22,119.0,6.0,4,11,3
PHC-DST-C2-01,2024-04-23,116.0,7.0,4,16,1
PHC-DST-C2-01,2024-04-24,104.0,3.0,4,15,4
PHC-DST-C2-01,2024-04-25,97.0,4.0,4,10,1
PHC-DST-C2-01,2024-04-26,101.0,3.0,6,10,3
PHC-DST-C2-01,2024-04-27,91.0,6.0,5,13,1
PHC-DST-C2-01,2024-04-28,39.0,6.0,6,11,0
PHC-DST-C2-01,2024-04-29,118.0,3.0,5,10,1
PHC-DST-C2-01,2024-04-30,112.0,3.0,4,15,2
PHC-DST-C2-01,2024-05-01,101.0,4.0,7,10,4
PHC-DST-C2-01,2024-05-02,92.0,3.0,6,10,3
PHC-DST-C2-01,2024-05-03,102.0,1.0,8,9,2
PHC-DST-C2-01,2024-05-04,88.0,4.0,6,11,3
PHC-DST-C2-01,2024-05-05,48.0,1.0,5,11,0
PHC-DST-C2-01,2024-05-06,122.0,1.0,6,11,3
PHC-DST-C2-01,2024-05-07,103.0,5.0,4,11,1
PHC-DST-C2-01,2024-05-08,100.0,5.0,4,10,3
PHC-DST-C2-01,2024-05-09,92.0,1.0,4,11,2
PHC-DST-C2-01,2024-05-10,102.0,6.0,4,9,0
PHC-DST-C2-01,2024-05-11,83.0,1.0,5,11,1
PHC-DST-C2-01,2024-05-12,40.0,3.0,4,9,4
PHC-DST-C2-01,2024-05-13,122.0,3.0,5,13,5
PHC-DST-C2-01,2024-05-14,112.0,3.0,8,10,4
PHC-DST-C2-01,2024-05-15,102.0,5.0,4,11,3
PHC-DST-C2-01,2024-05-16,100.0,3.0,6,10,1
PHC-DST-C2-01,2024-05-17,98.0,5.0,4,14,0
PHC-DST-C2-01,2024-05-18,81.0,3.0,6,6,0
PHC-DST-C2-01,2024-05-19,44.0,3.0,7,10,3
PHC-DST-C2-01,2024-05-20,114.0,6.0,6,8,4
PHC-DST-C2-01,2024-05-21,102.0,,5,7,2
PHC-DST-C2-01,2024-05-22,103.0,1.0,5,12,6
PHC-DST-C2-01,2024-05-23,97.0,0.0,6,9,1
PHC-DST-C2-01,2024-05-24,104.0,2.0,8,13,4
PHC-DST-C2-01,2024-05-25,86.0,2.0,4,11,5
PHC-DST-C2-01,2024-05-26,43.0,1.0,5,14,1
PHC-DST-C2-01,2024-05-27,110.0,5.0,4,8,7
PHC-DST-C2-01,2024-05-28,106.0,7.0,5,14,2
PHC-DST-C2-01,2024-05-29,96.0,0.0,4,12,2
PHC-DST-C2-01,2024-05-30,101.0,3.0,6,13,0
PHC-DST-C2-01,2024-05-31,99.0,1.0,6,12,4
PHC-DST-C2-01,2024-06-01,86.0,6.0,6,12,2
PHC-DST-C2-01,2024-06-02,44.0,3.0,6,12,1
PHC-DST-C2-01,2024-06-03,118.0,4.0,7,10,5
PHC-DST-C2-01,2024-06-04,119.0,6.0,5,13,2
PHC-DST-C2-01,2024-06-05,103.0,3.0,4,14,1
PHC-DST-C2-01,2024-06-06,97.0,4.0,6,10,4
PHC-DST-C2-01,2024-06-07,99.0,7.0,5,9,0
PHC-DST-C2-01,2024-06-08,87.0,3.0,6,8,0
PHC-DST-C2-01,2024-06-09,42.0,7.0,6,14,1
PHC-DST-C2-01,2024-06-10,125.0,3.0,7,13,6
PHC-DST-C2-01,2024-06-11,112.0,2.0,5,12,2
PHC-DST-C2-01,2024-06-12,100.0,4.0,8,11,2
PHC-DST-C2-01,2024-06-13,99.0,2.0,6,11,5
PHC-DST-C2-01,2024-06-14,106.0,3.0,6,14,2
PHC-DST-C2-01,2024-06-15,,4.0,7,12,1
PHC-DST-C2-01,2024-06-16,37.0,2.0,5,9,4
PHC-DST-C2-01,2024-06-17,116.0,8.0,7,13,2
PHC-DST-C2-01,2024-06-18,115.0,3.0,5,13,7
PHC-DST-C2-01,2024-06-19,95.0,5.0,5,9,4
PHC-DST-C2-01,2024-06-20,95.0,7.0,5,9,3
PHC-DST-C2-01,2024-06-21,107.0,4.0,8,12,2
PHC-DST-C2-01,2024-06-22,91.0,3.0,6,12,4
PHC-DST-C2-01,2024-06-23,40.0,,4,15,4
PHC-DST-C2-01,2024-06-24,118.0,5.0,5,12,2
PHC-DST-C2-01,2024-06-25,114.0,2.0,4,10,3
PHC-DST-C2-01,2024-06-26,103.0,2.0,6,11,2
PHC-DST-C2-01,2024-06-27,96.0,5.0,4,9,4
PHC-DST-C2-01,2024-06-28,102.0,3.0,7,11,4
PHC-DST-C2-01,2024-06-29,93.0,4.0,5,13,3
PHC-DST-C2-01,2024-06-30,43.0,5.0,6,8,6
PHC-DST-C2-01,2024-07-01,120.0,3.0,7,11,2
PHC-DST-C2-01,2024-07-02,114.0,1.0,7,10,1
PHC-DST-C2-01,2024-07-03,97.0,4.0,6,8,2
PHC-DST-C2-01,2024-07-04,97.0,1.0,7,10,4
PHC-DST-C2-01,2024-07-05,100.0,2.0,5,12,3
PHC-DST-C2-01,2024-07-06,86.0,7.0,5,16,5
PHC-DST-C2-01,2024-07-07,37.0,2.0,5,10,1
PHC-DST-C2-01,2024-07-08,118.0,3.0,3,14,3
PHC-DST-C2-01,2024-07-09,112.0,3.0,6,10,1
PHC-DST-C2-01,2024-07-10,98.0,5.0,4,11,2
PHC-DST-C2-01,2024-07-11,99.0,4.0,5,10,1
PHC-DST-C2-01,2024-07-12,97.0,2.0,6,9,4
PHC-DST-C2-01,2024-07-13,85.0,4.0,6,9,2
PHC-DST-C2-01,2024-07-14,37.0,2.0,4,9,6
PHC-DST-C2-01,2024-07-15,122.0,2.0,6,11,5
PHC-DST-C2-01,2024-07-16,118.0,1.0,6,12,2
PHC-DST-C2-01,2024-07-17,100.0,1.0,5,7,2
PHC-DST-C2-01,2024-07-18,101.0,0.0,8,10,2
PHC-DST-C2-01,2024-07-19,99.0,5.0,7,12,2
PHC-DST-C2-01,2024-07-20,81.0,3.0,6,8,1
PHC-DST-C2-01,2024-07-21,45.0,6.0,5,11,0
PHC-DST-C2-01,2024-07-22,117.0,5.0,6,13,4
PHC-DST-C2-01,2024-07-23,106.0,4.0,7,7,3
PHC-DST-C2-01,2024-07-24,98.0,2.0,6,11,5
PHC-DST-C2-01,2024-07-25,96.0,1.0,7,6,0
PHC-DST-C2-01,2024-07-26,99.0,5.0,6,11,2
PHC-DST-C2-01,2024-07-27,85.0,5.0,7,10,0
PHC-DST-C2-01,2024-07-28,41.0,4.0,5,10,2
PHC-DST-C2-01,2024-07-29,116.0,0.0,3,11,4
PHC-DST-C2-01,2024-07-30,107.0,2.0,7,11,3
PHC-DST-C2-01,2024-07-31,102.0,1.0,6,9,2
PHC-DST-C2-01,2024-08-01,95.0,4.0,6,8,4
PHC-DST-C2-01,2024-08-02,103.0,1.0,6,12,1
PHC-DST-C2-01,2024-08-03,95.0,3.0,4,17,2
PHC-DST-C2-01,2024-08-04,41.0,2.0,5,12,7
PHC-DST-C2-01,2024-08-05,123.0,5.0,6,14,2
PHC-DST-C2-01,2024-08-06,108.0,7.0,5,13,1
PHC-DST-C2-01,2024-08-07,102.0,6.0,7,10,5
PHC-DST-C2-01,2024-08-08,97.0,2.0,6,12,3
PHC-DST-C2-01,2024-08-09,101.0,1.0,5,10,2
PHC-DST-C2-01,2024-08-10,86.0,1.0,5,9,7
PHC-DST-C2-01,2024-08-11,43.0,2.0,4,12,1
PHC-DST-C2-01,2024-08-12,121.0,2.0,5,10,4
PHC-DST-C2-01,2024-08-13,104.0,2.0,4,10,2
PHC-DST-C2-01,2024-08-14,104.0,4.0,6,13,1
PHC-DST-C2-01,2024-08-15,93.0,5.0,6,11,3
PHC-DST-C2-01,2024-08-16,106.0,3.0,14,10,2
PHC-DST-C2-01,2024-08-17,97.0,1.0,18,14,1
PHC-DST-C2-01,2024-08-18,43.0,4.0,4,10,3
PHC-DST-C2-01,2024-08-19,120.0,3.0,8,10,2
PHC-DST-C2-01,2024-08-20,103.0,6.0,6,10,1
PHC-DST-C2-01,2024-08-21,100.0,3.0,6,10,4
PHC-DST-C2-01,2024-08-22,110.0,4.0,5,26,1
PHC-DST-C2-01,2024-08-23,99.0,2.0,7,13,1
PHC-DST-C2-01,2024-08-24,92.0,4.0,7,13,2
PHC-DST-C2-01,2024-08-25,39.0,3.0,6,12,4
PHC-DST-C2-01,2024-08-26,118.0,4.0,4,10,1
PHC-DST-C2-01,2024-08-27,111.0,5.0,5,11,3
PHC-DST-C2-01,2024-08-28,101.0,5.0,6,11,2
PHC-DST-C2-01,2024-08-29,101.0,3.0,7,8,5
PHC-DST-C2-01,2024-08-30,101.0,,6,13,4
PHC-DST-C2-01,2024-08-31,89.0,4.0,4,11,1
PHC-DST-C2-01,2024-09-01,39.0,1.0,4,9,7
PHC-DST-C2-01,2024-09-02,118.0,6.0,6,8,2
PHC-DST-C2-01,2024-09-03,116.0,6.0,6,13,2
PHC-DST-C2-01,2024-09-04,97.0,5.0,4,11,0
PHC-DST-C2-01,2024-09-05,97.0,9.0,6,14,1
PHC-DST-C2-01,2024-09-06,104.0,2.0,5,12,2
PHC-DST-C2-01,2024-09-07,89.0,6.0,5,11,5
PHC-DST-C2-01,2024-09-08,41.0,5.0,4,6,1
PHC-DST-C2-01,2024-09-09,121.0,5.0,5,14,3
PHC-DST-C2-01,2024-09-10,110.0,3.0,13,13,4
PHC-DST-C2-01,2024-09-11,108.0,4.0,15,12,2
PHC-DST-C2-01,2024-09-12,95.0,3.0,4,10,4
PHC-DST-C2-01,2024-09-13,105.0,0.0,5,14,4
PHC-DST-C2-01,2024-09-14,89.0,4.0,8,11,2
PHC-DST-C2-01,2024-09-15,41.0,5.0,7,11,2
PHC-DST-C2-01,2024-09-16,135.0,6.0,7,25,2
PHC-DST-C2-01,2024-09-17,108.0,4.0,6,8,4
PHC-DST-C2-01,2024-09-18,104.0,4.0,6,13,1
PHC-DST-C2-01,2024-09-19,95.0,4.0,6,11,4
PHC-DST-C2-01,2024-09-20,96.0,3.0,6,8,3
PHC-DST-C2-01,2024-09-21,92.0,2.0,6,11,6
PHC-DST-C2-01,2024-09-22,44.0,1.0,5,14,2
PHC-DST-C2-01,2024-09-23,120.0,2.0,5,12,1
PHC-DST-C2-01,2024-09-24,108.0,3.0,6,12,5
PHC-DST-C2-01,2024-09-25,101.0,3.0,5,12,3
PHC-DST-C2-01,2024-09-26,103.0,2.0,8,12,2
PHC-DST-C2-01,2024-09-27,101.0,5.0,4,14,2
PHC-DST-C2-01,2024-09-28,88.0,5.0,4,10,1
PHC-DST-C2-01,2024-09-29,41.0,4.0,7,12,2
PHC-DST-C2-01,2024-09-30,117.0,5.0,6,10,2
PHC-DST-C2-01,2024-10-01,108.0,4.0,6,14,3
PHC-DST-C2-01,2024-10-02,102.0,5.0,6,11,3
PHC-DST-C2-01,2024-10-03,97.0,3.0,6,11,2
PHC-DST-C2-01,2024-10-04,102.0,1.0,7,10,2
PHC-DST-C2-01,2024-10-05,92.0,1.0,7,13,1
PHC-DST-C2-01,2024-10-06,47.0,2.0,7,14,1
PHC-DST-C2-01,2024-10-07,124.0,3.0,5,12,4
PHC-DST-C2-01,2024-10-08,104.0,3.0,5,9,2
PHC-DST-C2-01,2024-10-09,101.0,3.0,4,11,1
PHC-DST-C2-01,2024-10-10,99.0,9.0,6,13,3
PHC-DST-C2-01,2024-10-11,98.0,5.0,5,12,1
PHC-DST-C2-01,2024-10-12,91.0,4.0,7,9,1
PHC-DST-C2-01,2024-10-13,,1.0,7,10,0
PHC-DST-C2-01,2024-10-14,116.0,3.0,4,10,3
PHC-DST-C2-01,2024-10-15,111.0,3.0,6,12,3
PHC-DST-C2-01,2024-10-16,97.0,6.0,3,10,0
PHC-DST-C2-01,2024-10-17,93.0,1.0,5,14,4
PHC-DST-C2-01,2024-10-18,107.0,3.0,6,14,3
PHC-DST-C2-01,2024-10-19,87.0,5.0,6,9,1
PHC-DST-C2-01,2024-10-20,43.0,4.0,6,12,3
PHC-DST-C2-01,2024-10-21,118.0,5.0,7,12,3
PHC-DST-C2-01,2024-10-22,107.0,4.0,6,12,1
PHC-DST-C2-01,2024-10-23,98.0,3.0,7,9,1
PHC-DST-C2-01,2024-10-24,100.0,4.0,6,14,1
PHC-DST-C2-01,2024-10-25,103.0,4.0,3,15,2
PHC-DST-C2-01,2024-10-26,92.0,6.0,6,8,1
PHC-DST-C2-01,2024-10-27,38.0,4.0,2,8,2
PHC-DST-C2-01,2024-10-28,118.0,2.0,4,11,1
PHC-DST-C2-01,2024-10-29,105.0,4.0,6,11,3
PHC-DST-C2-01,2024-10-30,107.0,2.0,5,11,1
PHC-DST-C2-01,2024-10-31,100.0,5.0,7,12,2
PHC-DST-C2-01,2024-11-01,100.0,3.0,5,12,1
PHC-DST-C2-01,2024-11-02,90.0,3.0,7,12,2
PHC-DST-C2-01,2024-11-03,39.0,1.0,5,11,2
PHC-DST-C2-01,2024-11-04,119.0,6.0,6,9,3
PHC-DST-C2-01,2024-11-05,106.0,3.0,5,10,1
PHC-DST-C2-01,2024-11-06,90.0,3.0,6,11,6
PHC-DST-C2-01,2024-11-07,102.0,5.0,6,12,1
PHC-DST-C2-01,2024-11-08,96.0,6.0,4,9,3
PHC-DST-C2-01,2024-11-09,88.0,2.0,5,9,2
PHC-DST-C2-01,2024-11-10,43.0,2.0,3,12,3
PHC-DST-C2-01,2024-11-11,121.0,4.0,5,12,3
PHC-DST-C2-01,2024-11-12,113.0,7.0,5,16,2
PHC-DST-C2-01,2024-11-13,99.0,3.0,7,9,5
PHC-DST-C2-01,2024-11-14,101.0,6.0,6,11,0
PHC-DST-C2-01,2024-11-15,99.0,5.0,7,10,5
PHC-DST-C2-01,2024-11-16,86.0,4.0,5,8,4
PHC-DST-C2-01,2024-11-17,39.0,2.0,6,9,3
PHC-DST-C2-01,2024-11-18,117.0,4.0,5,12,2
PHC-DST-C2-01,2024-11-19,106.0,2.0,4,13,3
PHC-DST-C2-01,2024-11-20,103.0,4.0,5,12,1
PHC-DST-C2-01,2024-11-21,104.0,7.0,6,15,4
PHC-DST-C2-01,2024-11-22,97.0,5.0,5,10,2
PHC-DST-C2-01,2024-11-23,88.0,2.0,3,9,2
PHC-DST-C2-01,2024-11-24,42.0,3.0,5,11,7
PHC-DST-C2-01,2024-11-25,121.0,3.0,6,9,4
PHC-DST-C2-01,2024-11-26,114.0,4.0,5,12,4
PHC-DST-C2-01,2024-11-27,96.0,11.0,4,12,3
PHC-DST-C2-01,2024-11-28,98.0,0.0,4,11,1
PHC-DST-C2-01,2024-11-29,101.0,4.0,6,7,0
PHC-DST-C2-01,2024-11-30,92.0,4.0,4,13,1
PHC-DST-C2-01,2024-12-01,39.0,6.0,6,12,1
PHC-DST-C2-01,2024-12-02,125.0,6.0,6,13,4
PHC-DST-C2-01,2024-12-03,116.0,2.0,6,12,4
PHC-DST-C2-01,2024-12-04,102.0,5.0,6,12,2
PHC-DST-C2-01,2024-12-05,97.0,3.0,3,12,4
PHC-DST-C2-01,2024-12-06,98.0,5.0,5,9,1
PHC-DST-C2-01,2024-12-07,94.0,6.0,5,11,0
PHC-DST-C2-01,2024-12-08,39.0,6.0,7,13,3
PHC-DST-C2-01,2024-12-09,118.0,1.0,5,10,3
PHC-DST-C2-01,2024-12-10,116.0,3.0,4,15,0
PHC-DST-C2-01,2024-12-11,99.0,4.0,4,12,0
PHC-DST-C2-01,2024-12-12,93.0,2.0,5,8,2
PHC-DST-C2-01,2024-12-13,,4.0,5,12,2
PHC-DST-C2-01,2024-12-14,87.0,1.0,7,11,3
PHC-DST-C2-01,2024-12-15,43.0,5.0,8,11,1
PHC-DST-C2-01,2024-12-16,,2.0,6,11,4
PHC-DST-C2-01,2024-12-17,99.0,5.0,7,9,3
PHC-DST-C2-01,2024-12-18,105.0,2.0,5,12,2
PHC-DST-C2-01,2024-12-19,97.0,9.0,6,11,2
PHC-DST-C2-01,2024-12-20,99.0,4.0,7,9,2
PHC-DST-C2-01,2024-12-21,84.0,5.0,3,10,5
PHC-DST-C2-01,2024-12-22,41.0,3.0,5,14,2
PHC-DST-C2-01,2024-12-23,117.0,6.0,5,14,4
PHC-DST-C2-01,2024-12-24,116.0,5.0,6,12,0
PHC-DST-C2-01,2024-12-25,103.0,2.0,4,9,2
PHC-DST-C2-01,2024-12-26,98.0,4.0,5,12,2
PHC-DST-C2-01,2024-12-27,104.0,5.0,6,7,2
PHC-DST-C2-01,2024-12-28,88.0,6.0,3,10,6
PHC-DST-C2-01,2024-12-29,41.0,4.0,6,12,7
PHC-DST-C2-01,2024-12-30,114.0,1.0,6,8,6
PHC-DST-C2-01,2024-12-31,,3.0,6,13,0
PHC-DST-C2-01,2025-01-01,104.0,9.0,6,12,3
PHC-DST-C2-01,2025-01-02,96.0,3.0,4,10,4
PHC-DST-C2-01,2025-01-03,104.0,5.0,5,12,5
PHC-DST-C2-01,2025-01-04,88.0,2.0,6,11,0
PHC-DST-C2-01,2025-01-05,36.0,3.0,4,10,2
PHC-DST-C2-01,2025-01-06,118.0,2.0,6,11,4
PHC-DST-C2-01,2025-01-07,104.0,6.0,7,12,0
PHC-DST-C2-01,2025-01-08,103.0,7.0,5,14,4
PHC-DST-C2-01,2025-01-09,105.0,0.0,5,14,3
PHC-DST-C2-01,2025-01-10,100.0,2.0,4,9,3
PHC-DST-C2-01,2025-01-11,94.0,2.0,7,11,0
PHC-DST-C2-01,2025-01-12,41.0,2.0,5,11,3
PHC-DST-C2-01,2025-01-13,123.0,2.0,6,14,2
PHC-DST-C2-01,2025-01-14,113.0,2.0,4,14,4
PHC-DST-C2-01,2025-01-15,102.0,5.0,5,12,3
PHC-DST-C2-01,2025-01-16,100.0,3.0,6,14,5
PHC-DST-C2-01,2025-01-17,103.0,6.0,6,10,2
PHC-DST-C2-01,2025-01-18,91.0,3.0,5,15,2
PHC-DST-C2-01,2025-01-19,37.0,2.0,5,9,3
PHC-DST-C2-01,2025-01-20,116.0,6.0,6,12,1
PHC-DST-C2-01,2025-01-21,113.0,3.0,6,9,3
PHC-DST-C2-01,2025-01-22,100.0,2.0,4,10,5
PHC-DST-C2-01,2025-01-23,95.0,4.0,6,14,2
PHC-DST-C2-01,2025-01-24,110.0,4.0,6,14,1
PHC-DST-C2-01,2025-01-25,88.0,4.0,5,9,3
PHC-DST-C2-01,2025-01-26,42.0,4.0,5,12,5
PHC-DST-C2-01,2025-01-27,123.0,6.0,6,13,2
PHC-DST-C2-01,2025-01-28,109.0,4.0,6,9,6
PHC-DST-C2-01,2025-01-29,103.0,4.0,4,11,2
PHC-DST-C2-01,2025-01-30,100.0,2.0,7,9,1
PHC-DST-C2-01,2025-01-31,101.0,0.0,5,11,1
PHC-DST-C2-01,2025-02-01,80.0,3.0,4,11,3
PHC-DST-C2-01,2025-02-02,45.0,3.0,8,8,2
PHC-DST-C2-01,2025-02-03,117.0,3.0,5,7,0
PHC-DST-C2-01,2025-02-04,108.0,3.0,3,11,3
PHC-DST-C2-01,2025-02-05,109.0,1.0,5,14,4
PHC-DST-C2-01,2025-02-06,98.0,,4,10,1
PHC-DST-C2-01,2025-02-07,100.0,5.0,4,13,0
PHC-DST-C2-01,2025-02-08,87.0,3.0,2,11,3
PHC-DST-C2-01,2025-02-09,42.0,3.0,7,10,2
PHC-DST-C2-01,2025-02-10,122.0,3.0,7,13,4
PHC-DST-C2-01,2025-02-11,105.0,3.0,5,8,1
PHC-DST-C2-01,2025-02-12,102.0,5.0,6,9,1
PHC-DST-C2-01,2025-02-13,94.0,1.0,7,11,0
PHC-DST-C2-01,2025-02-14,106.0,7.0,5,14,1
PHC-DST-C2-01,2025-02-15,84.0,6.0,5,9,3
PHC-DST-C2-01,2025-02-16,45.0,3.0,7,14,7
PHC-DST-C2-01,2025-02-17,124.0,3.0,5,13,1
PHC-DST-C2-01,2025-02-18,109.0,4.0,5,12,2
PHC-DST-C2-01,2025-02-19,98.0,2.0,4,11,3
PHC-DST-C2-01,2025-02-20,95.0,6.0,7,13,0
PHC-DST-C2-01,2025-02-21,104.0,3.0,5,11,1
PHC-DST-C2-01,2025-02-22,88.0,4.0,5,11,2
PHC-DST-C2-01,2025-02-23,45.0,5.0,6,14,3
PHC-DST-C2-01,2025-02-24,119.0,0.0,5,11,1
PHC-DST-C2-01,2025-02-25,114.0,5.0,6,13,2
PHC-DST-C2-01,2025-02-26,97.0,5.0,7,11,1
PHC-DST-C2-01,2025-02-27,99.0,6.0,6,13,1
PHC-DST-C2-01,2025-02-28,98.0,4.0,6,9,4
PHC-DST-C2-01,2025-03-01,88.0,1.0,6,8,1
PHC-DST-C2-01,2025-03-02,42.0,4.0,5,10,5
PHC-DST-C2-01,2025-03-03,117.0,2.0,5,10,2
PHC-DST-C2-01,2025-03-04,110.0,1.0,6,11,5
PHC-DST-C2-01,2025-03-05,103.0,4.0,7,11,6
PHC-DST-C2-01,2025-03-06,93.0,3.0,6,9,0
PHC-DST-C2-01,2025-03-07,97.0,3.0,5,13,0
PHC-DST-C2-01,2025-03-08,90.0,3.0,6,10,1
PHC-DST-C2-01,2025-03-09,40.0,4.0,5,9,0
PHC-DST-C2-01,2025-03-10,121.0,4.0,4,14,1
PHC-DST-C2-01,2025-03-11,114.0,1.0,9,13,3
PHC-DST-C2-01,2025-03-12,99.0,3.0,5,13,2
PHC-DST-C2-01,2025-03-13,98.0,2.0,5,11,3
PHC-DST-C2-01,2025-03-14,102.0,1.0,4,14,3
PHC-DST-C2-01,2025-03-15,88.0,2.0,7,10,2
PHC-DST-C2-01,2025-03-16,38.0,3.0,7,12,2
PHC-DST-C2-01,2025-03-17,115.0,2.0,3,11,3
PHC-DST-C2-01,2025-03-18,110.0,4.0,6,11,2
PHC-DST-C2-01,2025-03-19,102.0,0.0,7,12,1
PHC-DST-C2-01,2025-03-20,98.0,2.0,6,12,1
PHC-DST-C2-01,2025-03-21,103.0,4.0,5,11,1
PHC-DST-C2-01,2025-03-22,94.0,5.0,5,9,4
PHC-DST-C2-01,2025-03-23,42.0,3.0,4,12,2
PHC-DST-C2-01,2025-03-24,123.0,8.0,5,10,2
PHC-DST-C2-01,2025-03-25,114.0,8.0,7,12,2
PHC-DST-C2-01,2025-03-26,93.0,2.0,4,13,5
PHC-DST-C2-01,2025-03-27,97.0,3.0,6,10,1
PHC-DST-C2-01,2025-03-28,104.0,5.0,6,10,3
PHC-DST-C2-01,2025-03-29,87.0,4.0,5,11,1
PHC-DST-C2-01,2025-03-30,49.0,6.0,6,14,4
PHC-DST-C2-01,2025-03-31,122.0,3.0,6,13,1
PHC-DST-C2-01,2025-04-01,118.0,7.0,7,14,3
PHC-DST-C2-01,2025-04-02,99.0,0.0,6,9,1
PHC-DST-C2-01,2025-04-03,99.0,3.0,5,12,4
PHC-DST-C2-01,2025-04-04,101.0,9.0,2,12,2
PHC-DST-C2-01,2025-04-05,88.0,3.0,7,10,0
PHC-DST-C2-01,2025-04-06,36.0,4.0,2,12,1
PHC-DST-C2-01,2025-04-07,120.0,5.0,5,13,1
PHC-DST-C2-01,2025-04-08,107.0,4.0,5,10,3
PHC-DST-C2-01,2025-04-09,105.0,2.0,6,12,3
PHC-DST-C2-01,2025-04-10,95.0,3.0,7,10,4
PHC-DST-C2-01,2025-04-11,102.0,2.0,7,11,1
PHC-DST-C2-01,2025-04-12,,6.0,6,7,3
PHC-DST-C2-01,2025-04-13,38.0,9.0,3,10,5
PHC-DST-C2-01,2025-04-14,121.0,0.0,4,10,3
PHC-DST-C2-01,2025-04-15,114.0,3.0,5,11,2
PHC-DST-C2-01,2025-04-16,99.0,5.0,7,9,1
PHC-DST-C2-01,2025-04-17,104.0,8.0,6,10,4
PHC-DST-C2-01,2025-04-18,105.0,8.0,7,10,2
PHC-DST-C2-01,2025-04-19,85.0,3.0,6,9,2
PHC-DST-C2-01,2025-04-20,41.0,2.0,7,9,3
PHC-DST-C2-01,2025-04-21,114.0,4.0,10,11,2
PHC-DST-C2-01,2025-04-22,109.0,2.0,6,11,4
PHC-DST-C2-01,2025-04-23,101.0,4.0,6,12,2
PHC-DST-C2-01,2025-04-24,95.0,3.0,7,11,2
PHC-DST-C2-01,2025-04-25,103.0,6.0,4,12,3
PHC-DST-C2-01,2025-04-26,85.0,2.0,5,11,3
PHC-DST-C2-01,2025-04-27,47.0,5.0,5,14,3
PHC-DST-C2-01,2025-04-28,111.0,3.0,5,6,1
PHC-DST-C2-01,2025-04-29,113.0,,7,9,1
PHC-DST-C2-01,2025-04-30,103.0,3.0,6,13,5
PHC-DST-C2-01,2025-05-01,96.0,4.0,3,11,3
PHC-DST-C2-01,2025-05-02,100.0,1.0,6,10,5
PHC-DST-C2-01,2025-05-03,92.0,5.0,5,15,3
PHC-DST-C2-01,2025-05-04,42.0,1.0,5,11,5
PHC-DST-C2-01,2025-05-05,117.0,6.0,6,12,0
PHC-DST-C2-01,2025-05-06,116.0,4.0,6,15,4
PHC-DST-C2-01,2025-05-07,98.0,2.0,4,10,2
PHC-DST-C2-01,2025-05-08,98.0,4.0,6,15,1
PHC-DST-C2-01,2025-05-09,98.0,4.0,5,8,2
PHC-DST-C2-01,2025-05-10,90.0,3.0,4,12,2
PHC-DST-C2-01,2025-05-11,41.0,4.0,5,11,3
PHC-DST-C2-01,2025-05-12,117.0,5.0,5,11,3
PHC-DST-C2-01,2025-05-13,105.0,5.0,7,9,1
PHC-DST-C2-01,2025-05-14,108.0,6.0,6,13,4
PHC-DST-C2-01,2025-05-15,101.0,3.0,5,14,5
PHC-DST-C2-01,2025-05-16,104.0,2.0,5,12,6
PHC-DST-C2-01,2025-05-17,,5.0,4,9,2
PHC-DST-C2-01,2025-05-18,37.0,0.0,6,9,2
PHC-DST-C2-01,2025-05-19,121.0,3.0,7,11,2
PHC-DST-C2-01,2025-05-20,109.0,3.0,7,10,4
PHC-DST-C2-01,2025-05-21,109.0,2.0,7,13,1
PHC-DST-C2-01,2025-05-22,103.0,7.0,8,12,1
PHC-DST-C2-01,2025-05-23,102.0,2.0,4,13,0
PHC-DST-C2-01,2025-05-24,89.0,6.0,7,10,2
PHC-DST-C2-01,2025-05-25,35.0,1.0,5,10,0
PHC-DST-C2-01,2025-05-26,119.0,4.0,6,11,1
PHC-DST-C2-01,2025-05-27,112.0,2.0,6,12,4
PHC-DST-C2-01,2025-05-28,104.0,3.0,7,13,1
PHC-DST-C2-01,2025-05-29,94.0,3.0,5,12,3
PHC-DST-C2-01,2025-05-30,94.0,6.0,4,12,1
PHC-DST-C2-01,2025-05-31,90.0,5.0,7,12,2
PHC-DST-C2-01,2025-06-01,42.0,5.0,1,10,1
PHC-DST-C2-01,2025-06-02,119.0,1.0,5,11,5
PHC-DST-C2-01,2025-06-03,112.0,2.0,6,13,1
PHC-DST-C2-01,2025-06-04,98.0,6.0,5,9,6
PHC-DST-C2-01,2025-06-05,100.0,2.0,5,15,1
PHC-DST-C2-01,2025-06-06,97.0,6.0,7,9,3
PHC-DST-C2-01,2025-06-07,94.0,1.0,6,14,2
PHC-DST-C2-01,2025-06-08,42.0,1.0,5,12,2
PHC-DST-C2-01,2025-06-09,117.0,2.0,4,12,3
PHC-DST-C2-01,2025-06-10,106.0,,7,13,1
PHC-DST-C2-01,2025-06-11,98.0,2.0,6,8,3
PHC-DST-C2-01,2025-06-12,99.0,,6,13,1
PHC-DST-C2-01,2025-06-13,95.0,4.0,5,9,0
PHC-DST-C2-01,2025-06-14,92.0,2.0,6,12,3
PHC-DST-C2-01,2025-06-15,42.0,3.0,4,11,1
PHC-DST-C2-01,2025-06-16,118.0,4.0,6,9,4
PHC-DST-C2-01,2025-06-17,106.0,1.0,6,10,3
PHC-DST-C2-01,2025-06-18,102.0,3.0,4,12,4
PHC-DST-C2-01,2025-06-19,101.0,2.0,5,15,4
PHC-DST-C2-01,2025-06-20,101.0,4.0,4,13,3
PHC-DST-C2-01,2025-06-21,93.0,2.0,6,13,3
PHC-DST-C2-01,2025-06-22,36.0,4.0,6,9,0
PHC-DST-C2-01,2025-06-23,126.0,0.0,6,14,5
PHC-DST-C2-01,2025-06-24,106.0,3.0,5,14,3
PHC-DST-C2-01,2025-06-25,104.0,3.0,6,14,1
PHC-DST-C2-01,2025-06-26,93.0,5.0,5,11,1
PHC-DST-C2-01,2025-06-27,108.0,6.0,6,13,1
PHC-DST-C2-01,2025-06-28,87.0,2.0,7,9,4
PHC-DST-C2-01,2025-06-29,36.0,4.0,3,12,6
PHC-DST-C2-01,2025-06-30,120.0,2.0,4,8,5
PHC-DST-C2-02,2024-01-01,133.0,7.0,7,13,3
PHC-DST-C2-02,2024-01-02,121.0,4.0,8,11,6
PHC-DST-C2-02,2024-01-03,109.0,2.0,7,11,5
PHC-DST-C2-02,2024-01-04,103.0,2.0,3,11,4
PHC-DST-C2-02,2024-01-05,108.0,5.0,6,15,3
PHC-DST-C2-02,2024-01-06,98.0,3.0,7,10,4
PHC-DST-C2-02,2024-01-07,47.0,6.0,5,13,0
PHC-DST-C2-02,2024-01-08,132.0,4.0,5,15,6
PHC-DST-C2-02,2024-01-09,120.0,4.0,7,11,0
PHC-DST-C2-02,2024-01-10,110.0,2.0,6,14,2
PHC-DST-C2-02,2024-01-11,102.0,7.0,5,10,1
PHC-DST-C2-02,2024-01-12,107.0,7.0,6,12,2
PHC-DST-C2-02,2024-01-13,96.0,3.0,5,14,3
PHC-DST-C2-02,2024-01-14,48.0,0.0,8,9,2
PHC-DST-C2-02,2024-01-15,134.0,3.0,4,12,1
PHC-DST-C2-02,2024-01-16,119.0,7.0,5,12,1
PHC-DST-C2-02,2024-01-17,112.0,5.0,6,14,2
PHC-DST-C2-02,2024-01-18,106.0,6.0,7,14,3
PHC-DST-C2-02,2024-01-19,105.0,2.0,3,9,1
PHC-DST-C2-02,2024-01-20,99.0,6.0,8,17,3
PHC-DST-C2-02,2024-01-21,51.0,7.0,6,13,2
PHC-DST-C2-02,2024-01-22,139.0,4.0,7,16,6
PHC-DST-C2-02,2024-01-23,122.0,0.0,7,15,5
PHC-DST-C2-02,2024-01-24,115.0,1.0,7,14,4
PHC-DST-C2-02,2024-01-25,99.0,2.0,6,10,4
PHC-DST-C2-02,2024-01-26,110.0,4.0,7,12,3
PHC-DST-C2-02,2024-01-27,93.0,2.0,6,11,5
PHC-DST-C2-02,2024-01-28,51.0,8.0,5,14,3
PHC-DST-C2-02,2024-01-29,122.0,2.0,4,10,3
PHC-DST-C2-02,2024-01-30,122.0,3.0,7,13,1
PHC-DST-C2-02,2024-01-31,112.0,2.0,7,11,3
PHC-DST-C2-02,2024-02-01,108.0,3.0,4,15,1
PHC-DST-C2-02,2024-02-02,105.0,4.0,8,11,3
PHC-DST-C2-02,2024-02-03,90.0,6.0,5,11,1
PHC-DST-C2-02,2024-02-04,46.0,3.0,6,15,2
PHC-DST-C2-02,2024-02-05,135.0,6.0,6,15,8
PHC-DST-C2-02,2024-02-06,120.0,,5,13,3
PHC-DST-C2-02,2024-02-07,111.0,1.0,7,15,4
PHC-DST-C2-02,2024-02-08,107.0,5.0,7,13,2
PHC-DST-C2-02,2024-02-09,110.0,5.0,7,11,2
PHC-DST-C2-02,2024-02-10,93.0,3.0,5,11,3
PHC-DST-C2-02,2024-02-11,49.0,6.0,7,13,1
PHC-DST-C2-02,2024-02-12,128.0,4.0,6,14,3
PHC-DST-C2-02,2024-02-13,118.0,3.0,4,11,4
PHC-DST-C2-02,2024-02-14,107.0,2.0,7,12,2
PHC-DST-C2-02,2024-02-15,108.0,1.0,6,13,5
PHC-DST-C2-02,2024-02-16,115.0,2.0,6,15,3
PHC-DST-C2-02,2024-02-17,95.0,5.0,5,8,1
PHC-DST-C2-02,2024-02-18,44.0,7.0,7,14,2
PHC-DST-C2-02,2024-02-19,129.0,6.0,6,12,3
PHC-DST-C2-02,2024-02-20,110.0,5.0,7,9,1
PHC-DST-C2-02,2024-02-21,108.0,5.0,7,7,1
PHC-DST-C2-02,2024-02-22,107.0,2.0,6,8,2
PHC-DST-C2-02,2024-02-23,111.0,2.0,6,10,0
PHC-DST-C2-02,2024-02-24,99.0,3.0,6,14,4
PHC-DST-C2-02,2024-02-25,43.0,4.0,8,10,4
PHC-DST-C2-02,2024-02-26,125.0,6.0,5,8,2
PHC-DST-C2-02,2024-02-27,121.0,6.0,6,14,1
PHC-DST-C2-02,2024-02-28,118.0,2.0,7,13,3
PHC-DST-C2-02,2024-02-29,105.0,3.0,8,10,1
PHC-DST-C2-02,2024-03-01,110.0,0.0,6,13,2
PHC-DST-C2-02,2024-03-02,99.0,8.0,6,8,2
PHC-DST-C2-02,2024-03-03,40.0,5.0,7,13,4
PHC-DST-C2-02,2024-03-04,126.0,4.0,5,13,2
PHC-DST-C2-02,2024-03-05,117.0,4.0,6,13,1
PHC-DST-C2-02,2024-03-06,111.0,3.0,6,12,3
PHC-DST-C2-02,2024-03-07,106.0,4.0,6,9,4
PHC-DST-C2-02,2024-03-08,113.0,6.0,7,13,2
PHC-DST-C2-02,2024-03-09,93.0,3.0,5,12,4
PHC-DST-C2-02,2024-03-10,43.0,4.0,7,13,1
PHC-DST-C2-02,2024-03-11,130.0,2.0,6,12,2
PHC-DST-C2-02,2024-03-12,120.0,6.0,3,9,1
PHC-DST-C2-02,2024-03-13,106.0,4.0,7,11,1
PHC-DST-C2-02,2024-03-14,102.0,3.0,7,11,2
PHC-DST-C2-02,2024-03-15,111.0,5.0,8,12,3
PHC-DST-C2-02,2024-03-16,95.0,4.0,7,12,6
PHC-DST-C2-02,2024-03-17,53.0,2.0,6,14,2
PHC-DST-C2-02,2024-03-18,124.0,5.0,4,9,0
PHC-DST-C2-02,2024-03-19,120.0,4.0,7,13,2
PHC-DST-C2-02,2024-03-20,111.0,6.0,5,12,2
PHC-DST-C2-02,2024-03-21,104.0,2.0,5,13,2
PHC-DST-C2-02,2024-03-22,,5.0,4,13,1
PHC-DST-C2-02,2024-03-23,95.0,4.0,4,13,3
PHC-DST-C2-02,2024-03-24,47.0,4.0,7,11,2
PHC-DST-C2-02,2024-03-25,128.0,3.0,5,12,3
PHC-DST-C2-02,2024-03-26,118.0,5.0,7,10,0
PHC-DST-C2-02,2024-03-27,107.0,5.0,7,13,8
PHC-DST-C2-02,2024-03-28,105.0,2.0,4,15,3
PHC-DST-C2-02,2024-03-29,110.0,4.0,8,13,1
PHC-DST-C2-02,2024-03-30,96.0,,6,16,5
PHC-DST-C2-02,2024-03-31,44.0,2.0,6,12,0
PHC-DST-C2-02,2024-04-01,126.0,3.0,6,10,3
PHC-DST-C2-02,2024-04-02,118.0,2.0,5,12,1
PHC-DST-C2-02,2024-04-03,111.0,5.0,6,11,5
PHC-DST-C2-02,2024-04-04,104.0,1.0,4,11,0
PHC-DST-C2-02,2024-04-05,108.0,4.0,7,14,1
PHC-DST-C2-02,2024-04-06,100.0,5.0,6,15,2
PHC-DST-C2-02,2024-04-07,43.0,4.0,6,10,3
PHC-DST-C2-02,2024-04-08,126.0,1.0,7,12,0
PHC-DST-C2-02,2024-04-09,121.0,1.0,4,12,4
PHC-DST-C2-02,2024-04-10,111.0,6.0,7,11,2
PHC-DST-C2-02,2024-04-11,103.0,4.0,6,10,2
PHC-DST-C2-02,2024-04-12,105.0,3.0,6,13,3
PHC-DST-C2-02,2024-04-13,97.0,7.0,5,15,3
PHC-DST-C2-02,2024-04-14,41.0,1.0,5,11,4
PHC-DST-C2-02,2024-04-15,127.0,5.0,6,11,2
PHC-DST-C2-02,2024-04-16,119.0,7.0,7,11,2
PHC-DST-C2-02,2024-04-17,108.0,3.0,7,11,1
PHC-DST-C2-02,2024-04-18,111.0,2.0,5,14,3
PHC-DST-C2-02,2024-04-19,111.0,4.0,6,10,1
PHC-DST-C2-02,2024-04-20,94.0,3.0,6,11,3
PHC-DST-C2-02,2024-04-21,44.0,6.0,4,12,4
PHC-DST-C2-02,2024-04-22,126.0,5.0,7,15,1
PHC-DST-C2-02,2024-04-23,120.0,4.0,6,10,2
PHC-DST-C2-02,2024-04-24,109.0,2.0,7,16,6
PHC-DST-C2-02,2024-04-25,108.0,5.0,6,15,3
PHC-DST-C2-02,2024-04-26,115.0,3.0,6,15,3
PHC-DST-C2-02,2024-04-27,100.0,2.0,5,14,2
PHC-DST-C2-02,2024-04-28,48.0,4.0,7,10,6
PHC-DST-C2-02,2024-04-29,127.0,2.0,5,13,3
PHC-DST-C2-02,2024-04-30,123.0,6.0,7,10,0
PHC-DST-C2-02,2024-05-01,110.0,1.0,4,12,3
PHC-DST-C2-02,2024-05-02,105.0,4.0,6,11,1
PHC-DST-C2-02,2024-05-03,111.0,6.0,6,15,4
PHC-DST-C2-02,2024-05-04,101.0,6.0,7,16,1
PHC-DST-C2-02,2024-05-05,43.0,8.0,6,11,6
PHC-DST-C2-02,2024-05-06,130.0,8.0,7,12,3
PHC-DST-C2-02,2024-05-07,114.0,5.0,6,11,3
PHC-DST-C2-02,2024-05-08,103.0,3.0,4,12,3
PHC-DST-C2-02,2024-05-09,109.0,4.0,10,13,2
PHC-DST-C2-02,2024-05-10,108.0,,6,11,4
PHC-DST-C2-02,2024-05-11,91.0,1.0,5,12,5
PHC-DST-C2-02,2024-05-12,45.0,6.0,6,14,3
PHC-DST-C2-02,2024-05-13,124.0,3.0,5,14,4
PHC-DST-C2-02,2024-05-14,118.0,2.0,5,13,1
PHC-DST-C2-02,2024-05-15,109.0,3.0,6,11,5
PHC-DST-C2-02,2024-05-16,100.0,6.0,5,12,5
PHC-DST-C2-02,2024-05-17,110.0,2.0,7,12,0
PHC-DST-C2-02,2024-05-18,98.0,3.0,8,11,3
PHC-DST-C2-02,2024-05-19,45.0,2.0,7,12,5
PHC-DST-C2-02,2024-05-20,128.0,4.0,4,13,3
PHC-DST-C2-02,2024-05-21,116.0,2.0,7,9,1
PHC-DST-C2-02,2024-05-22,109.0,6.0,7,9,2
PHC-DST-C2-02,2024-05-23,108.0,7.0,6,13,3
PHC-DST-C2-02,2024-05-24,107.0,3.0,7,12,2
PHC-DST-C2-02,2024-05-25,95.0,2.0,5,12,2
PHC-DST-C2-02,2024-05-26,44.0,3.0,7,12,2
PHC-DST-C2-02,2024-05-27,134.0,3.0,7,14,5
PHC-DST-C2-02,2024-05-28,119.0,3.0,4,11,2
PHC-DST-C2-02,2024-05-29,111.0,4.0,5,16,5
PHC-DST-C2-02,2024-05-30,109.0,2.0,3,14,3
PHC-DST-C2-02,2024-05-31,107.0,6.0,7,13,2
PHC-DST-C2-02,2024-06-01,,3.0,5,11,1
PHC-DST-C2-02,2024-06-02,48.0,4.0,7,12,2
PHC-DST-C2-02,2024-06-03,128.0,5.0,6,10,0
PHC-DST-C2-02,2024-06-04,121.0,5.0,7,13,3
PHC-DST-C2-02,2024-06-05,106.0,4.0,6,12,1
PHC-DST-C2-02,2024-06-06,103.0,4.0,7,11,4
PHC-DST-C2-02,2024-06-07,112.0,6.0,5,12,1
PHC-DST-C2-02,2024-06-08,96.0,2.0,5,12,3
PHC-DST-C2-02,2024-06-09,48.0,4.0,8,14,0
PHC-DST-C2-02,2024-06-10,125.0,3.0,5,12,2
PHC-DST-C2-02,2024-06-11,115.0,5.0,6,15,2
PHC-DST-C2-02,2024-06-12,110.0,2.0,5,13,4
PHC-DST-C2-02,2024-06-13,104.0,5.0,5,12,4
PHC-DST-C2-02,2024-06-14,107.0,,5,10,3
PHC-DST-C2-02,2024-06-15,94.0,,5,9,1
PHC-DST-C2-02,2024-06-16,45.0,7.0,5,12,2
PHC-DST-C2-02,2024-06-17,133.0,7.0,5,14,2
PHC-DST-C2-02,2024-06-18,118.0,5.0,6,10,6
PHC-DST-C2-02,2024-06-19,113.0,8.0,7,15,1
PHC-DST-C2-02,2024-06-20,108.0,7.0,5,15,3
PHC-DST-C2-02,2024-06-21,115.0,0.0,7,12,3
PHC-DST-C2-02,2024-06-22,94.0,5.0,7,12,5
PHC-DST-C2-02,2024-06-23,43.0,3.0,7,13,5
PHC-DST-C2-02,2024-06-24,122.0,3.0,6,7,3
PHC-DST-C2-02,2024-06-25,116.0,5.0,8,11,7
PHC-DST-C2-02,2024-06-26,110.0,4.0,3,11,4
PHC-DST-C2-02,2024-06-27,99.0,5.0,7,10,4
PHC-DST-C2-02,2024-06-28,108.0,3.0,7,12,0
PHC-DST-C2-02,2024-06-29,98.0,3.0,4,15,1
PHC-DST-C2-02,2024-06-30,45.0,6.0,7,11,3
PHC-DST-C2-02,2024-07-01,130.0,2.0,5,14,4
PHC-DST-C2-02,2024-07-02,117.0,3.0,8,11,2
PHC-DST-C2-02,2024-07-03,112.0,3.0,7,12,2
PHC-DST-C2-02,2024-07-04,104.0,4.0,5,11,1
PHC-DST-C2-02,2024-07-05,107.0,5.0,7,14,0
PHC-DST-C2-02,2024-07-06,,4.0,8,10,3
PHC-DST-C2-02,2024-07-07,43.0,3.0,2,16,1
PHC-DST-C2-02,2024-07-08,127.0,4.0,6,13,1
PHC-DST-C2-02,2024-07-09,119.0,5.0,5,16,2
PHC-DST-C2-02,2024-07-10,114.0,2.0,7,16,2
PHC-DST-C2-02,2024-07-11,103.0,1.0,5,9,0
PHC-DST-C2-02,2024-07-12,117.0,5.0,4,12,2
PHC-DST-C2-02,2024-07-13,94.0,1.0,6,11,0
PHC-DST-C2-02,2024-07-14,47.0,4.0,7,13,3
PHC-DST-C2-02,2024-07-15,133.0,4.0,6,14,2
PHC-DST-C2-02,2024-07-16,117.0,4.0,5,16,2
PHC-DST-C2-02,2024-07-17,109.0,3.0,8,12,1
PHC-DST-C2-02,2024-07-18,104.0,5.0,5,10,3
PHC-DST-C2-02,2024-07-19,114.0,1.0,7,15,0
PHC-DST-C2-02,2024-07-20,97.0,,7,15,3
PHC-DST-C2-02,2024-07-21,45.0,5.0,7,13,2
PHC-DST-C2-02,2024-07-22,132.0,2.0,6,12,5
PHC-DST-C2-02,2024-07-23,123.0,5.0,4,14,1
PHC-DST-C2-02,2024-07-24,108.0,9.0,6,12,6
PHC-DST-C2-02,2024-07-25,111.0,2.0,6,12,2
PHC-DST-C2-02,2024-07-26,106.0,3.0,5,15,1
PHC-DST-C2-02,2024-07-27,92.0,5.0,5,10,1
PHC-DST-C2-02,2024-07-28,40.0,4.0,5,12,1
PHC-DST-C2-02,2024-07-29,129.0,3.0,3,11,3
PHC-DST-C2-02,2024-07-30,115.0,3.0,5,8,2
PHC-DST-C2-02,2024-07-31,,6.0,9,14,3
PHC-DST-C2-02,2024-08-01,101.0,4.0,3,8,5
PHC-DST-C2-02,2024-08-02,110.0,2.0,5,12,2
PHC-DST-C2-02,2024-08-03,96.0,8.0,6,16,1
PHC-DST-C2-02,2024-08-04,44.0,7.0,6,9,1
PHC-DST-C2-02,2024-08-05,134.0,7.0,6,11,2
PHC-DST-C2-02,2024-08-06,123.0,3.0,7,13,1
PHC-DST-C2-02,2024-08-07,112.0,1.0,5,13,3
PHC-DST-C2-02,2024-08-08,99.0,5.0,5,11,5
PHC-DST-C2-02,2024-08-09,111.0,3.0,8,12,6
PHC-DST-C2-02,2024-08-10,99.0,3.0,8,10,3
PHC-DST-C2-02,2024-08-11,47.0,1.0,5,14,3
PHC-DST-C2-02,2024-08-12,120.0,3.0,4,12,7
PHC-DST-C2-02,2024-08-13,116.0,3.0,5,10,3
PHC-DST-C2-02,2024-08-14,,6.0,8,14,5
PHC-DST-C2-02,2024-08-15,107.0,4.0,6,10,2
PHC-DST-C2-02,2024-08-16,118.0,7.0,23,12,3
PHC-DST-C2-02,2024-08-17,105.0,9.0,20,11,3
PHC-DST-C2-02,2024-08-18,41.0,3.0,6,8,3
PHC-DST-C2-02,2024-08-19,129.0,1.0,5,12,2
PHC-DST-C2-02,2024-08-20,122.0,1.0,8,12,5
PHC-DST-C2-02,2024-08-21,114.0,2.0,8,12,0
PHC-DST-C2-02,2024-08-22,117.0,3.0,5,29,1
PHC-DST-C2-02,2024-08-23,114.0,5.0,4,14,2
PHC-DST-C2-02,2024-08-24,95.0,9.0,6,10,3
PHC-DST-C2-02,2024-08-25,44.0,1.0,7,14,4
PHC-DST-C2-02,2024-08-26,130.0,4.0,5,13,3
PHC-DST-C2-02,2024-08-27,122.0,4.0,5,14,3
PHC-DST-C2-02,2024-08-28,113.0,2.0,8,12,4
PHC-DST-C2-02,2024-08-29,106.0,5.0,5,10,5
PHC-DST-C2-02,2024-08-30,108.0,5.0,4,10,2
PHC-DST-C2-02,2024-08-31,89.0,3.0,8,7,3
PHC-DST-C2-02,2024-09-01,50.0,,7,16,4
PHC-DST-C2-02,2024-09-02,128.0,2.0,5,12,5
PHC-DST-C2-02,2024-09-03,122.0,2.0,7,13,0
PHC-DST-C2-02,2024-09-04,112.0,4.0,10,11,2
PHC-DST-C2-02,2024-09-05,105.0,4.0,6,9,5
PHC-DST-C2-02,2024-09-06,111.0,3.0,6,13,1
PHC-DST-C2-02,2024-09-07,94.0,3.0,3,14,4
PHC-DST-C2-02,2024-09-08,40.0,6.0,6,12,3
PHC-DST-C2-02,2024-09-09,133.0,2.0,10,14,2
PHC-DST-C2-02,2024-09-10,131.0,3.0,21,13,2
PHC-DST-C2-02,2024-09-11,112.0,8.0,16,12,1
PHC-DST-C2-02,2024-09-12,103.0,2.0,7,8,4
PHC-DST-C2-02,2024-09-13,116.0,5.0,7,14,3
PHC-DST-C2-02,2024-09-14,100.0,8.0,6,14,3
PHC-DST-C2-02,2024-09-15,42.0,5.0,6,10,2
PHC-DST-C2-02,2024-09-16,140.0,4.0,4,27,7
PHC-DST-C2-02,2024-09-17,120.0,0.0,8,9,2
PHC-DST-C2-02,2024-09-18,113.0,3.0,7,12,5
PHC-DST-C2-02,2024-09-19,109.0,4.0,6,13,2
PHC-DST-C2-02,2024-09-20,116.0,3.0,6,19,2
PHC-DST-C2-02,2024-09-21,93.0,8.0,5,12,2
PHC-DST-C2-02,2024-09-22,51.0,6.0,6,14,1
PHC-DST-C2-02,2024-09-23,131.0,2.0,6,12,1
PHC-DST-C2-02,2024-09-24,121.0,3.0,6,10,3
PHC-DST-C2-02,2024-09-25,114.0,5.0,4,14,3
PHC-DST-C2-02,2024-09-26,106.0,3.0,4,13,0
PHC-DST-C2-02,2024-09-27,112.0,5.0,6,13,0
PHC-DST-C2-02,2024-09-28,97.0,1.0,7,10,2
PHC-DST-C2-02,2024-09-29,46.0,1.0,8,16,1
PHC-DST-C2-02,2024-09-30,126.0,3.0,4,11,1
PHC-DST-C2-02,2024-10-01,119.0,2.0,6,16,1
PHC-DST-C2-02,2024-10-02,109.0,7.0,4,9,1
PHC-DST-C2-02,2024-10-03,108.0,6.0,8,14,5
PHC-DST-C2-02,2024-10-04,109.0,5.0,9,12,3
PHC-DST-C2-02,2024-10-05,,4.0,7,11,2
PHC-DST-C2-02,2024-10-06,48.0,5.0,8,9,6
PHC-DST-C2-02,2024-10-07,131.0,5.0,6,13,2
PHC-DST-C2-02,2024-10-08,116.0,2.0,6,8,3
PHC-DST-C2-02,2024-10-09,116.0,3.0,5,14,2
PHC-DST-C2-02,2024-10-10,109.0,6.0,6,14,4
PHC-DST-C2-02,2024-10-11,111.0,5.0,6,10,4
PHC-DST-C2-02,2024-10-12,99.0,11.0,6,15,2
PHC-DST-C2-02,2024-10-13,48.0,4.0,5,12,2
PHC-DST-C2-02,2024-10-14,132.0,5.0,6,10,2
PHC-DST-C2-02,2024-10-15,120.0,1.0,6,13,0
PHC-DST-C2-02,2024-10-16,110.0,3.0,5,10,2
PHC-DST-C2-02,2024-10-17,105.0,6.0,7,10,2
PHC-DST-C2-02,2024-10-18,106.0,2.0,6,11,2
PHC-DST-C2-02,2024-10-19,97.0,7.0,6,12,1
PHC-DST-C2-02,2024-10-20,47.0,7.0,6,11,3
PHC-DST-C2-02,2024-10-21,129.0,0.0,5,18,1
PHC-DST-C2-02,2024-10-22,120.0,8.0,7,10,1
PHC-DST-C2-02,2024-10-23,106.0,2.0,6,13,2
PHC-DST-C2-02,2024-10-24,108.0,4.0,6,13,2
PHC-DST-C2-02,2024-10-25,106.0,2.0,4,12,3
PHC-DST-C2-02,2024-10-26,91.0,1.0,6,13,3
PHC-DST-C2-02,2024-10-27,41.0,4.0,8,11,5
PHC-DST-C2-02,2024-10-28,130.0,7.0,8,10,3
PHC-DST-C2-02,2024-10-29,113.0,0.0,5,11,3
PHC-DST-C2-02,2024-10-30,115.0,4.0,6,16,4
PHC-DST-C2-02,2024-10-31,100.0,3.0,5,9,5
PHC-DST-C2-02,2024-11-01,104.0,2.0,6,11,2
PHC-DST-C2-02,2024-11-02,101.0,5.0,8,12,1
PHC-DST-C2-02,2024-11-03,,4.0,5,12,3
PHC-DST-C2-02,2024-11-04,126.0,2.0,7,8,3
PHC-DST-C2-02,2024-11-05,116.0,6.0,6,13,4
PHC-DST-C2-02,2024-11-06,113.0,5.0,4,14,4
PHC-DST-C2-02,2024-11-07,104.0,4.0,5,16,3
PHC-DST-C2-02,2024-11-08,113.0,3.0,4,13,2
PHC-DST-C2-02,2024-11-09,96.0,3.0,7,11,4
PHC-DST-C2-02,2024-11-10,44.0,3.0,4,9,1
PHC-DST-C2-02,2024-11-11,128.0,3.0,8,9,5
PHC-DST-C2-02,2024-11-12,115.0,8.0,5,9,1
PHC-DST-C2-02,2024-11-13,112.0,3.0,6,15,3
PHC-DST-C2-02,2024-11-14,105.0,4.0,8,9,5
PHC-DST-C2-02,2024-11-15,103.0,5.0,5,10,2
PHC-DST-C2-02,2024-11-16,100.0,4.0,8,14,3
PHC-DST-C2-02,2024-11-17,47.0,3.0,4,15,2
PHC-DST-C2-02,2024-11-18,131.0,4.0,6,11,2
PHC-DST-C2-02,2024-11-19,122.0,5.0,5,15,7
PHC-DST-C2-02,2024-11-20,116.0,3.0,4,18,1
PHC-DST-C2-02,2024-11-21,103.0,4.0,6,12,0
PHC-DST-C2-02,2024-11-22,,8.0,8,15,4
PHC-DST-C2-02,2024-11-23,91.0,3.0,4,11,1
PHC-DST-C2-02,2024-11-24,43.0,2.0,4,12,2
PHC-DST-C2-02,2024-11-25,133.0,3.0,7,13,3
PHC-DST-C2-02,2024-11-26,116.0,3.0,6,11,4
PHC-DST-C2-02,2024-11-27,109.0,8.0,5,11,3
PHC-DST-C2-02,2024-11-28,102.0,5.0,6,11,3
PHC-DST-C2-02,2024-11-29,109.0,8.0,8,13,2
PHC-DST-C2-02,2024-11-30,102.0,1.0,7,14,0
PHC-DST-C2-02,2024-12-01,43.0,5.0,7,12,3
PHC-DST-C2-02,2024-12-02,125.0,3.0,7,14,1
PHC-DST-C2-02,2024-12-03,111.0,7.0,7,8,2
PHC-DST-C2-02,2024-12-04,113.0,3.0,6,12,4
PHC-DST-C2-02,2024-12-05,106.0,1.0,8,12,5
PHC-DST-C2-02,2024-12-06,111.0,5.0,5,13,3
PHC-DST-C2-02,2024-12-07,96.0,3.0,7,11,3
PHC-DST-C2-02,2024-12-08,47.0,3.0,9,12,1
PHC-DST-C2-02,2024-12-09,125.0,0.0,4,13,2
PHC-DST-C2-02,2024-12-10,129.0,2.0,6,16,5
PHC-DST-C2-02,2024-12-11,110.0,7.0,5,12,2
PHC-DST-C2-02,2024-12-12,104.0,7.0,4,16,4
PHC-DST-C2-02,2024-12-13,103.0,2.0,4,8,5
PHC-DST-C2-02,2024-12-14,102.0,5.0,7,13,2
PHC-DST-C2-02,2024-12-15,38.0,5.0,5,8,1
PHC-DST-C2-02,2024-12-16,133.0,3.0,6,13,3
PHC-DST-C2-02,2024-12-17,116.0,3.0,5,12,3
PHC-DST-C2-02,2024-12-18,114.0,7.0,6,12,1
PHC-DST-C2-02,2024-12-19,102.0,4.0,5,11,3
PHC-DST-C2-02,2024-12-20,110.0,5.0,7,8,2
PHC-DST-C2-02,2024-12-21,100.0,2.0,7,13,2
PHC-DST-C2-02,2024-12-22,43.0,2.0,6,13,0
PHC-DST-C2-02,2024-12-23,122.0,6.0,5,13,5
PHC-DST-C2-02,2024-12-24,120.0,2.0,6,13,3
PHC-DST-C2-02,2024-12-25,108.0,7.0,3,14,2
PHC-DST-C2-02,2024-12-26,107.0,11.0,6,12,5
PHC-DST-C2-02,2024-12-27,101.0,,6,9,4
PHC-DST-C2-02,2024-12-28,,2.0,4,14,3
PHC-DST-C2-02,2024-12-29,46.0,2.0,7,12,4
PHC-DST-C2-02,2024-12-30,120.0,4.0,6,9,1
PHC-DST-C2-02,2024-12-31,123.0,4.0,6,11,5
PHC-DST-C2-02,2025-01-01,103.0,2.0,4,8,4
PHC-DST-C2-02,2025-01-02,105.0,3.0,5,12,1
PHC-DST-C2-02,2025-01-03,109.0,6.0,5,14,1
PHC-DST-C2-02,2025-01-04,94.0,2.0,5,13,4
PHC-DST-C2-02,2025-01-05,47.0,3.0,5,9,3
PHC-DST-C2-02,2025-01-06,127.0,5.0,7,13,2
PHC-DST-C2-02,2025-01-07,123.0,4.0,8,13,4
PHC-DST-C2-02,2025-01-08,,2.0,5,10,6
PHC-DST-C2-02,2025-01-09,102.0,5.0,5,13,4
PHC-DST-C2-02,2025-01-10,104.0,2.0,5,11,4
PHC-DST-C2-02,2025-01-11,100.0,6.0,5,14,2
PHC-DST-C2-02,2025-01-12,45.0,3.0,6,14,3
PHC-DST-C2-02,2025-01-13,132.0,9.0,8,12,7
PHC-DST-C2-02,2025-01-14,123.0,3.0,5,14,4
PHC-DST-C2-02,2025-01-15,110.0,4.0,8,12,4
PHC-DST-C2-02,2025-01-16,105.0,1.0,5,12,1
PHC-DST-C2-02,2025-01-17,108.0,1.0,6,9,4
PHC-DST-C2-02,2025-01-18,94.0,4.0,8,11,3
PHC-DST-C2-02,2025-01-19,44.0,5.0,4,14,4
PHC-DST-C2-02,2025-01-20,124.0,4.0,4,8,2
PHC-DST-C2-02,2025-01-21,116.0,2.0,5,10,1
PHC-DST-C2-02,2025-01-22,113.0,10.0,7,13,2
PHC-DST-C2-02,2025-01-23,108.0,5.0,6,14,4
PHC-DST-C2-02,2025-01-24,111.0,1.0,5,11,1
PHC-DST-C2-02,2025-01-25,100.0,0.0,5,13,2
PHC-DST-C2-02,2025-01-26,43.0,2.0,6,13,2
PHC-DST-C2-02,2025-01-27,131.0,6.0,6,11,2
PHC-DST-C2-02,2025-01-28,115.0,5.0,6,13,6
PHC-DST-C2-02,2025-01-29,109.0,2.0,4,10,2
PHC-DST-C2-02,2025-01-30,101.0,3.0,5,10,3
PHC-DST-C2-02,2025-01-31,110.0,4.0,5,13,0
PHC-DST-C2-02,2025-02-01,91.0,1.0,6,12,1
PHC-DST-C2-02,2025-02-02,46.0,3.0,6,10,3
PHC-DST-C2-02,2025-02-03,125.0,3.0,6,9,6
PHC-DST-C2-02,2025-02-04,119.0,4.0,6,12,3
PHC-DST-C2-02,2025-02-05,111.0,5.0,6,11,0
PHC-DST-C2-02,2025-02-06,102.0,5.0,5,10,4
PHC-DST-C2-02,2025-02-07,113.0,2.0,4,12,2
PHC-DST-C2-02,2025-02-08,92.0,4.0,8,9,4
PHC-DST-C2-02,2025-02-09,46.0,6.0,6,12,2
PHC-DST-C2-02,2025-02-10,126.0,4.0,7,12,3
PHC-DST-C2-02,2025-02-11,119.0,3.0,4,10,4
PHC-DST-C2-02,2025-02-12,104.0,5.0,3,13,2
PHC-DST-C2-02,2025-02-13,100.0,4.0,5,12,0
PHC-DST-C2-02,2025-02-14,116.0,3.0,4,15,1
PHC-DST-C2-02,2025-02-15,93.0,5.0,6,13,3
PHC-DST-C2-02,2025-02-16,40.0,4.0,6,8,3
PHC-DST-C2-02,2025-02-17,123.0,4.0,4,9,3
PHC-DST-C2-02,2025-02-18,121.0,11.0,6,10,3
PHC-DST-C2-02,2025-02-19,112.0,3.0,6,10,1
PHC-DST-C2-02,2025-02-20,99.0,2.0,6,11,0
PHC-DST-C2-02,2025-02-21,117.0,5.0,7,12,1
PHC-DST-C2-02,2025-02-22,95.0,7.0,5,13,2
PHC-DST-C2-02,2025-02-23,46.0,5.0,5,14,3
PHC-DST-C2-02,2025-02-24,127.0,3.0,7,12,3
PHC-DST-C2-02,2025-02-25,115.0,2.0,5,8,5
PHC-DST-C2-02,2025-02-26,102.0,5.0,5,11,0
PHC-DST-C2-02,2025-02-27,111.0,2.0,6,16,1
PHC-DST-C2-02,2025-02-28,110.0,4.0,6,12,3
PHC-DST-C2-02,2025-03-01,99.0,1.0,8,15,0
PHC-DST-C2-02,2025-03-02,49.0,8.0,5,13,0
PHC-DST-C2-02,2025-03-03,135.0,3.0,8,16,2
PHC-DST-C2-02,2025-03-04,116.0,7.0,7,7,3
PHC-DST-C2-02,2025-03-05,116.0,2.0,5,15,2
PHC-DST-C2-02,2025-03-06,105.0,4.0,7,11,0
PHC-DST-C2-02,2025-03-07,114.0,4.0,6,15,5
PHC-DST-C2-02,2025-03-08,100.0,3.0,6,13,4
PHC-DST-C2-02,2025-03-09,45.0,4.0,4,14,2
PHC-DST-C2-02,2025-03-10,132.0,2.0,6,13,1
PHC-DST-C2-02,2025-03-11,122.0,8.0,7,9,1
PHC-DST-C2-02,2025-03-12,110.0,2.0,5,13,0
PHC-DST-C2-02,2025-03-13,109.0,2.0,6,13,4
PHC-DST-C2-02,2025-03-14,110.0,4.0,4,13,2
PHC-DST-C2-02,2025-03-15,100.0,2.0,6,17,4
PHC-DST-C2-02,2025-03-16,53.0,3.0,9,15,5
PHC-DST-C2-02,2025-03-17,130.0,7.0,5,12,3
PHC-DST-C2-02,2025-03-18,115.0,2.0,6,11,0
PHC-DST-C2-02,2025-03-19,116.0,5.0,5,13,2
PHC-DST-C2-02,2025-03-20,106.0,8.0,9,13,3
PHC-DST-C2-02,2025-03-21,110.0,5.0,7,15,4
PHC-DST-C2-02,2025-03-22,97.0,3.0,6,13,5
PHC-DST-C2-02,2025-03-23,38.0,5.0,5,10,2
PHC-DST-C2-02,2025-03-24,127.0,3.0,6,10,2
PHC-DST-C2-02,2025-03-25,119.0,2.0,7,13,1
PHC-DST-C2-02,2025-03-26,103.0,5.0,6,9,3
PHC-DST-C2-02,2025-03-27,102.0,3.0,6,10,5
PHC-DST-C2-02,2025-03-28,104.0,2.0,6,9,4
PHC-DST-C2-02,2025-03-29,97.0,3.0,5,11,6
PHC-DST-C2-02,2025-03-30,52.0,5.0,7,16,2
PHC-DST-C2-02,2025-03-31,131.0,4.0,5,15,0
PHC-DST-C2-02,2025-04-01,122.0,5.0,6,15,6
PHC-DST-C2-02,2025-04-02,113.0,3.0,5,13,3
PHC-DST-C2-02,2025-04-03,103.0,1.0,5,12,1
PHC-DST-C2-02,2025-04-04,104.0,6.0,6,10,4
PHC-DST-C2-02,2025-04-05,96.0,8.0,6,9,2
PHC-DST-C2-02,2025-04-06,52.0,2.0,5,14,1
PHC-DST-C2-02,2025-04-07,129.0,1.0,4,9,3
PHC-DST-C2-02,2025-04-08,119.0,2.0,4,13,3
PHC-DST-C2-02,2025-04-09,109.0,5.0,7,12,1
PHC-DST-C2-02,2025-04-10,114.0,3.0,8,15,6
PHC-DST-C2-02,2025-04-11,118.0,0.0,6,11,3
PHC-DST-C2-02,2025-04-12,101.0,6.0,5,16,3
PHC-DST-C2-02,2025-04-13,48.0,3.0,7,12,5
PHC-DST-C2-02,2025-04-14,129.0,5.0,7,15,5
PHC-DST-C2-02,2025-04-15,121.0,4.0,6,9,3
PHC-DST-C2-02,2025-04-16,110.0,4.0,6,15,3
PHC-DST-C2-02,2025-04-17,104.0,3.0,5,8,2
PHC-DST-C2-02,2025-04-18,111.0,5.0,8,12,1
PHC-DST-C2-02,2025-04-19,101.0,3.0,7,14,2
PHC-DST-C2-02,2025-04-20,43.0,2.0,5,12,2
PHC-DST-C2-02,2025-04-21,131.0,3.0,5,13,2
PHC-DST-C2-02,2025-04-22,122.0,3.0,7,14,3
PHC-DST-C2-02,2025-04-23,111.0,5.0,7,12,2
PHC-DST-C2-02,2025-04-24,103.0,4.0,6,9,3
PHC-DST-C2-02,2025-04-25,107.0,4.0,6,12,3
PHC-DST-C2-02,2025-04-26,96.0,4.0,5,8,1
PHC-DST-C2-02,2025-04-27,43.0,3.0,4,15,1
PHC-DST-C2-02,2025-04-28,135.0,5.0,7,14,2
PHC-DST-C2-02,2025-04-29,118.0,3.0,6,13,3
PHC-DST-C2-02,2025-04-30,110.0,1.0,7,14,1
PHC-DST-C2-02,2025-05-01,109.0,2.0,6,14,1
PHC-DST-C2-02,2025-05-02,110.0,6.0,5,12,3
PHC-DST-C2-02,2025-05-03,99.0,3.0,5,13,2
PHC-DST-C2-02,2025-05-04,46.0,4.0,7,12,6
PHC-DST-C2-02,2025-05-05,128.0,6.0,6,14,1
PHC-DST-C2-02,2025-05-06,125.0,,5,14,1
PHC-DST-C2-02,2025-05-07,112.0,5.0,5,13,1
PHC-DST-C2-02,2025-05-08,100.0,1.0,5,12,1
PHC-DST-C2-02,2025-05-09,106.0,9.0,5,12,2
PHC-DST-C2-02,2025-05-10,96.0,,7,13,4
PHC-DST-C2-02,2025-05-11,41.0,5.0,7,10,3
PHC-DST-C2-02,2025-05-12,130.0,4.0,8,14,1
PHC-DST-C2-02,2025-05-13,122.0,7.0,5,12,5
PHC-DST-C2-02,2025-05-14,114.0,7.0,7,11,2
PHC-DST-C2-02,2025-05-15,104.0,2.0,5,12,6
PHC-DST-C2-02,2025-05-16,108.0,10.0,6,12,7
PHC-DST-C2-02,2025-05-17,95.0,3.0,6,11,2
PHC-DST-C2-02,2025-05-18,43.0,3.0,5,11,2
PHC-DST-C2-02,2025-05-19,134.0,3.0,5,12,6
PHC-DST-C2-02,2025-05-20,121.0,6.0,6,13,2
PHC-DST-C2-02,2025-05-21,109.0,2.0,6,14,2
PHC-DST-C2-02,2025-05-22,110.0,4.0,6,14,1
PHC-DST-C2-02,2025-05-23,114.0,2.0,9,11,3
PHC-DST-C2-02,2025-05-24,98.0,4.0,6,11,3
PHC-DST-C2-02,2025-05-25,42.0,5.0,5,9,1
PHC-DST-C2-02,2025-05-26,131.0,7.0,4,11,3
PHC-DST-C2-02,2025-05-27,115.0,2.0,8,11,3
PHC-DST-C2-02,2025-05-28,112.0,6.0,7,10,0
PHC-DST-C2-02,2025-05-29,105.0,2.0,8,14,1
PHC-DST-C2-02,2025-05-30,115.0,7.0,8,11,5
PHC-DST-C2-02,2025-05-31,99.0,5.0,8,15,5
PHC-DST-C2-02,2025-06-01,46.0,5.0,5,10,5
PHC-DST-C2-02,2025-06-02,129.0,4.0,7,13,2
PHC-DST-C2-02,2025-06-03,114.0,5.0,5,8,3
PHC-DST-C2-02,2025-06-04,109.0,5.0,6,8,3
PHC-DST-C2-02,2025-06-05,,2.0,6,10,3
PHC-DST-C2-02,2025-06-06,107.0,3.0,9,11,3
PHC-DST-C2-02,2025-06-07,97.0,2.0,6,11,3
PHC-DST-C2-02,2025-06-08,42.0,3.0,7,8,1
PHC-DST-C2-02,2025-06-09,135.0,8.0,6,15,2
PHC-DST-C2-02,2025-06-10,128.0,3.0,8,14,2
PHC-DST-C2-02,2025-06-11,108.0,3.0,6,12,3
PHC-DST-C2-02,2025-06-12,110.0,2.0,7,14,1
PHC-DST-C2-02,2025-06-13,101.0,5.0,4,11,0
PHC-DST-C2-02,2025-06-14,95.0,1.0,7,10,3
PHC-DST-C2-02,2025-06-15,49.0,7.0,6,15,5
PHC-DST-C2-02,2025-06-16,129.0,5.0,6,12,2
PHC-DST-C2-02,2025-06-17,122.0,2.0,6,12,3
PHC-DST-C2-02,2025-06-18,112.0,3.0,4,13,3
PHC-DST-C2-02,2025-06-19,103.0,3.0,6,11,3
PHC-DST-C2-02,2025-06-20,115.0,4.0,9,10,6
PHC-DST-C2-02,2025-06-21,95.0,6.0,6,14,4
PHC-DST-C2-02,2025-06-22,45.0,4.0,3,14,3
PHC-DST-C2-02,2025-06-23,131.0,2.0,5,10,4
PHC-DST-C2-02,2025-06-24,121.0,3.0,6,11,2
PHC-DST-C2-02,2025-06-25,,8.0,7,13,1
PHC-DST-C2-02,2025-06-26,105.0,1.0,6,10,2
PHC-DST-C2-02,2025-06-27,109.0,4.0,6,12,2
PHC-DST-C2-02,2025-06-28,98.0,4.0,7,13,3
PHC-DST-C2-02,2025-06-29,45.0,4.0,6,10,7
PHC-DST-C2-02,2025-06-30,128.0,1.0,7,10,2
PHC-DST-C2-03,2024-01-01,100.0,3.0,5,8,2
PHC-DST-C2-03,2024-01-02,86.0,4.0,5,8,0
PHC-DST-C2-03,2024-01-03,80.0,2.0,6,9,1
PHC-DST-C2-03,2024-01-04,86.0,0.0,4,11,3
PHC-DST-C2-03,2024-01-05,80.0,5.0,4,9,1
PHC-DST-C2-03,2024-01-06,74.0,3.0,5,12,4
PHC-DST-C2-03,2024-01-07,38.0,2.0,3,10,1
PHC-DST-C2-03,2024-01-08,90.0,3.0,4,10,2
PHC-DST-C2-03,2024-01-09,92.0,1.0,4,9,2
PHC-DST-C2-03,2024-01-10,77.0,4.0,4,7,0
PHC-DST-C2-03,2024-01-11,78.0,2.0,4,9,6
PHC-DST-C2-03,2024-01-12,84.0,2.0,5,8,1
PHC-DST-C2-03,2024-01-13,73.0,,3,11,3
PHC-DST-C2-03,2024-01-14,38.0,4.0,4,6,3
PHC-DST-C2-03,2024-01-15,105.0,2.0,3,11,1
PHC-DST-C2-03,2024-01-16,83.0,3.0,4,8,1
PHC-DST-C2-03,2024-01-17,84.0,2.0,5,12,3
PHC-DST-C2-03,2024-01-18,85.0,5.0,5,10,3
PHC-DST-C2-03,2024-01-19,78.0,3.0,4,9,2
PHC-DST-C2-03,2024-01-20,72.0,4.0,6,9,1
PHC-DST-C2-03,2024-01-21,38.0,1.0,6,7,2
PHC-DST-C2-03,2024-01-22,95.0,5.0,7,7,3
PHC-DST-C2-03,2024-01-23,84.0,2.0,5,7,2
PHC-DST-C2-03,2024-01-24,80.0,1.0,3,10,1
PHC-DST-C2-03,2024-01-25,82.0,4.0,4,12,1
PHC-DST-C2-03,2024-01-26,82.0,2.0,3,9,3
PHC-DST-C2-03,2024-01-27,71.0,5.0,4,7,0
PHC-DST-C2-03,2024-01-28,35.0,3.0,3,11,1
PHC-DST-C2-03,2024-01-29,92.0,5.0,5,9,1
PHC-DST-C2-03,2024-01-30,87.0,4.0,6,9,2
PHC-DST-C2-03,2024-01-31,85.0,7.0,5,8,2
PHC-DST-C2-03,2024-02-01,78.0,2.0,4,8,1
PHC-DST-C2-03,2024-02-02,75.0,1.0,6,9,4
PHC-DST-C2-03,2024-02-03,72.0,,3,11,1
PHC-DST-C2-03,2024-02-04,38.0,2.0,3,13,1
PHC-DST-C2-03,2024-02-05,97.0,3.0,4,12,4
PHC-DST-C2-03,2024-02-06,88.0,3.0,4,8,1
PHC-DST-C2-03,2024-02-07,81.0,2.0,3,8,1
PHC-DST-C2-03,2024-02-08,80.0,2.0,5,9,0
PHC-DST-C2-03,2024-02-09,86.0,2.0,4,8,1
PHC-DST-C2-03,2024-02-10,70.0,4.0,4,11,1
PHC-DST-C2-03,2024-02-11,,2.0,4,10,2
PHC-DST-C2-03,2024-02-12,99.0,2.0,6,11,2
PHC-DST-C2-03,2024-02-13,84.0,0.0,4,11,2
PHC-DST-C2-03,2024-02-14,78.0,2.0,5,7,1
PHC-DST-C2-03,2024-02-15,83.0,4.0,5,10,0
PHC-DST-C2-03,2024-02-16,79.0,1.0,4,10,1
PHC-DST-C2-03,2024-02-17,70.0,1.0,4,7,1
PHC-DST-C2-03,2024-02-18,34.0,4.0,6,11,3
PHC-DST-C2-03,2024-02-19,94.0,3.0,2,5,0
PHC-DST-C2-03,2024-02-20,96.0,3.0,6,11,3
PHC-DST-C2-03,2024-02-21,87.0,3.0,4,10,6
PHC-DST-C2-03,2024-02-22,77.0,2.0,4,9,2
PHC-DST-C2-03,2024-02-23,87.0,2.0,5,11,3
PHC-DST-C2-03,2024-02-24,75.0,3.0,6,11,1
PHC-DST-C2-03,2024-02-25,34.0,1.0,3,8,1
PHC-DST-C2-03,2024-02-26,104.0,2.0,4,10,1
PHC-DST-C2-03,2024-02-27,91.0,1.0,4,10,1
PHC-DST-C2-03,2024-02-28,87.0,1.0,4,13,2
PHC-DST-C2-03,2024-02-29,76.0,2.0,4,11,0
PHC-DST-C2-03,2024-03-01,78.0,4.0,3,10,3
PHC-DST-C2-03,2024-03-02,77.0,4.0,5,13,1
PHC-DST-C2-03,2024-03-03,35.0,1.0,5,10,6
PHC-DST-C2-03,2024-03-04,95.0,6.0,5,7,1
PHC-DST-C2-03,2024-03-05,93.0,3.0,3,10,1
PHC-DST-C2-03,2024-03-06,90.0,2.0,4,12,4
PHC-DST-C2-03,2024-03-07,79.0,5.0,6,8,1
PHC-DST-C2-03,2024-03-08,93.0,2.0,4,10,2
PHC-DST-C2-03,2024-03-09,68.0,1.0,5,9,1
PHC-DST-C2-03,2024-03-10,37.0,,5,10,3
PHC-DST-C2-03,2024-03-11,99.0,4.0,3,10,0
PHC-DST-C2-03,2024-03-12,91.0,4.0,2,7,3
PHC-DST-C2-03,2024-03-13,86.0,4.0,5,9,2
PHC-DST-C2-03,2024-03-14,79.0,2.0,5,7,1
PHC-DST-C2-03,2024-03-15,82.0,2.0,6,10,1
PHC-DST-C2-03,2024-03-16,75.0,1.0,6,6,0
PHC-DST-C2-03,2024-03-17,38.0,2.0,5,9,2
PHC-DST-C2-03,2024-03-18,99.0,6.0,6,11,3
PHC-DST-C2-03,2024-03-19,96.0,3.0,4,11,2
PHC-DST-C2-03,2024-03-20,86.0,4.0,5,10,4
PHC-DST-C2-03,2024-03-21,83.0,3.0,3,11,4
PHC-DST-C2-03,2024-03-22,85.0,2.0,5,9,3
PHC-DST-C2-03,2024-03-23,75.0,0.0,4,9,4
PHC-DST-C2-03,2024-03-24,35.0,4.0,5,8,1
PHC-DST-C2-03,2024-03-25,103.0,1.0,4,13,0
PHC-DST-C2-03,2024-03-26,88.0,2.0,3,5,1
PHC-DST-C2-03,2024-03-27,81.0,3.0,5,7,0
PHC-DST-C2-03,2024-03-28,79.0,5.0,4,11,1
PHC-DST-C2-03,2024-03-29,81.0,3.0,4,7,1
PHC-DST-C2-03,2024-03-30,76.0,2.0,5,9,5
PHC-DST-C2-03,2024-03-31,32.0,3.0,3,10,0
PHC-DST-C2-03,2024-04-01,97.0,2.0,7,9,0
PHC-DST-C2-03,2024-04-02,90.0,2.0,6,7,2
PHC-DST-C2-03,2024-04-03,81.0,5.0,3,8,0
PHC-DST-C2-03,2024-04-04,80.0,1.0,3,9,2
PHC-DST-C2-03,2024-04-05,77.0,2.0,3,11,3
PHC-DST-C2-03,2024-04-06,76.0,2.0,6,9,1
PHC-DST-C2-03,2024-04-07,32.0,4.0,6,7,0
PHC-DST-C2-03,2024-04-08,98.0,6.0,6,10,1
PHC-DST-C2-03,2024-04-09,88.0,4.0,5,11,2
PHC-DST-C2-03,2024-04-10,86.0,4.0,4,8,2
PHC-DST-C2-03,2024-04-11,74.0,0.0,4,8,3
PHC-DST-C2-03,2024-04-12,85.0,4.0,5,9,1
PHC-DST-C2-03,2024-04-13,65.0,5.0,4,8,4
PHC-DST-C2-03,2024-04-14,38.0,1.0,7,6,4
PHC-DST-C2-03,2024-04-15,97.0,3.0,2,11,1
PHC-DST-C2-03,2024-04-16,91.0,2.0,5,13,4
PHC-DST-C2-03,2024-04-17,71.0,6.0,2,7,4
PHC-DST-C2-03,2024-04-18,89.0,2.0,4,13,1
PHC-DST-C2-03,2024-04-19,84.0,1.0,3,8,1
PHC-DST-C2-03,2024-04-20,73.0,6.0,5,10,1
PHC-DST-C2-03,2024-04-21,28.0,1.0,3,8,1
PHC-DST-C2-03,2024-04-22,96.0,1.0,4,9,2
PHC-DST-C2-03,2024-04-23,94.0,7.0,3,9,1
PHC-DST-C2-03,2024-04-24,83.0,7.0,5,8,3
PHC-DST-C2-03,2024-04-25,80.0,5.0,5,9,2
PHC-DST-C2-03,2024-04-26,85.0,0.0,5,11,4
PHC-DST-C2-03,2024-04-27,70.0,0.0,4,8,2
PHC-DST-C2-03,2024-04-28,40.0,6.0,4,11,0
PHC-DST-C2-03,2024-04-29,102.0,2.0,6,13,3
PHC-DST-C2-03,2024-04-30,80.0,1.0,4,3,0
PHC-DST-C2-03,2024-05-01,77.0,2.0,4,7,0
PHC-DST-C2-03,2024-05-02,78.0,3.0,4,9,0
PHC-DST-C2-03,2024-05-03,81.0,8.0,1,9,4
PHC-DST-C2-03,2024-05-04,74.0,5.0,4,12,2
PHC-DST-C2-03,2024-05-05,34.0,6.0,4,7,4
PHC-DST-C2-03,2024-05-06,99.0,10.0,3,8,2
PHC-DST-C2-03,2024-05-07,83.0,,3,7,2
PHC-DST-C2-03,2024-05-08,83.0,3.0,4,10,2
PHC-DST-C2-03,2024-05-09,82.0,1.0,3,10,1
PHC-DST-C2-03,2024-05-10,,3.0,4,8,2
PHC-DST-C2-03,2024-05-11,75.0,3.0,5,8,1
PHC-DST-C2-03,2024-05-12,36.0,3.0,6,11,1
PHC-DST-C2-03,2024-05-13,87.0,4.0,3,8,2
PHC-DST-C2-03,2024-05-14,83.0,5.0,4,9,2
PHC-DST-C2-03,2024-05-15,78.0,4.0,4,7,3
PHC-DST-C2-03,2024-05-16,86.0,5.0,5,11,4
PHC-DST-C2-03,2024-05-17,86.0,1.0,5,13,2
PHC-DST-C2-03,2024-05-18,70.0,6.0,3,8,1
PHC-DST-C2-03,2024-05-19,38.0,3.0,3,10,2
PHC-DST-C2-03,2024-05-20,96.0,2.0,4,9,4
PHC-DST-C2-03,2024-05-21,88.0,3.0,5,9,1
PHC-DST-C2-03,2024-05-22,82.0,2.0,4,9,0
PHC-DST-C2-03,2024-05-23,78.0,3.0,5,5,5
PHC-DST-C2-03,2024-05-24,82.0,7.0,4,8,0
PHC-DST-C2-03,2024-05-25,74.0,5.0,7,5,0
PHC-DST-C2-03,2024-05-26,36.0,4.0,5,11,1
PHC-DST-C2-03,2024-05-27,94.0,1.0,5,10,1
PHC-DST-C2-03,2024-05-28,92.0,5.0,4,8,2
PHC-DST-C2-03,2024-05-29,79.0,5.0,3,7,1
PHC-DST-C2-03,2024-05-30,81.0,5.0,4,11,1
PHC-DST-C2-03,2024-05-31,81.0,1.0,4,10,2
PHC-DST-C2-03,2024-06-01,71.0,3.0,5,10,0
PHC-DST-C2-03,2024-06-02,35.0,4.0,6,8,4
PHC-DST-C2-03,2024-06-03,97.0,,5,9,1
PHC-DST-C2-03,2024-06-04,91.0,2.0,5,10,0
PHC-DST-C2-03,2024-06-05,74.0,0.0,2,7,2
PHC-DST-C2-03,2024-06-06,80.0,1.0,7,10,2
PHC-DST-C2-03,2024-06-07,80.0,2.0,4,10,1
PHC-DST-C2-03,2024-06-08,75.0,4.0,5,11,1
PHC-DST-C2-03,2024-06-09,34.0,2.0,7,6,0
PHC-DST-C2-03,2024-06-10,91.0,2.0,4,11,1
PHC-DST-C2-03,2024-06-11,87.0,5.0,6,10,1
PHC-DST-C2-03,2024-06-12,78.0,3.0,6,9,1
PHC-DST-C2-03,2024-06-13,77.0,0.0,4,9,2
PHC-DST-C2-03,2024-06-14,84.0,4.0,7,11,1
PHC-DST-C2-03,2024-06-15,64.0,2.0,5,5,2
PHC-DST-C2-03,2024-06-16,34.0,4.0,3,8,1
PHC-DST-C2-03,2024-06-17,95.0,3.0,6,11,6
PHC-DST-C2-03,2024-06-18,90.0,4.0,4,9,1
PHC-DST-C2-03,2024-06-19,83.0,4.0,3,8,2
PHC-DST-C2-03,2024-06-20,74.0,3.0,2,9,5
PHC-DST-C2-03,2024-06-21,83.0,3.0,3,7,0
PHC-DST-C2-03,2024-06-22,73.0,6.0,4,8,1
PHC-DST-C2-03,2024-06-23,35.0,2.0,5,11,3
PHC-DST-C2-03,2024-06-24,93.0,1.0,6,9,3
PHC-DST-C2-03,2024-06-25,86.0,1.0,3,6,4
PHC-DST-C2-03,2024-06-26,82.0,1.0,5,11,2
PHC-DST-C2-03,2024-06-27,78.0,2.0,4,6,2
PHC-DST-C2-03,2024-06-28,78.0,2.0,3,10,1
PHC-DST-C2-03,2024-06-29,,3.0,4,10,2
PHC-DST-C2-03,2024-06-30,42.0,1.0,7,11,0
PHC-DST-C2-03,2024-07-01,93.0,3.0,3,6,2
PHC-DST-C2-03,2024-07-02,87.0,7.0,6,9,2
PHC-DST-C2-03,2024-07-03,86.0,0.0,5,7,4
PHC-DST-C2-03,2024-07-04,84.0,0.0,6,7,3
PHC-DST-C2-03,2024-07-05,89.0,3.0,3,11,1
PHC-DST-C2-03,2024-07-06,74.0,2.0,6,9,3
PHC-DST-C2-03,2024-07-07,41.0,4.0,6,11,2
PHC-DST-C2-03,2024-07-08,102.0,4.0,5,12,3
PHC-DST-C2-03,2024-07-09,87.0,2.0,4,11,2
PHC-DST-C2-03,2024-07-10,85.0,4.0,5,12,2
PHC-DST-C2-03,2024-07-11,81.0,3.0,5,10,0
PHC-DST-C2-03,2024-07-12,81.0,2.0,4,9,3
PHC-DST-C2-03,2024-07-13,76.0,5.0,5,8,4
PHC-DST-C2-03,2024-07-14,39.0,2.0,6,11,1
PHC-DST-C2-03,2024-07-15,96.0,4.0,5,9,3
PHC-DST-C2-03,2024-07-16,87.0,7.0,4,9,2
PHC-DST-C2-03,2024-07-17,84.0,2.0,3,6,1
PHC-DST-C2-03,2024-07-18,85.0,4.0,3,9,0
PHC-DST-C2-03,2024-07-19,83.0,1.0,7,11,3
PHC-DST-C2-03,2024-07-20,69.0,3.0,3,7,3
PHC-DST-C2-03,2024-07-21,35.0,1.0,3,8,4
PHC-DST-C2-03,2024-07-22,96.0,1.0,5,9,6
PHC-DST-C2-03,2024-07-23,88.0,10.0,5,9,3
PHC-DST-C2-03,2024-07-24,84.0,2.0,4,9,1
PHC-DST-C2-03,2024-07-25,82.0,1.0,5,6,1
PHC-DST-C2-03,2024-07-26,78.0,1.0,4,7,3
PHC-DST-C2-03,2024-07-27,70.0,1.0,5,7,0
PHC-DST-C2-03,2024-07-28,27.0,2.0,4,11,4
PHC-DST-C2-03,2024-07-29,97.0,8.0,6,11,1
PHC-DST-C2-03,2024-07-30,88.0,3.0,5,10,0
PHC-DST-C2-03,2024-07-31,81.0,3.0,7,6,3
PHC-DST-C2-03,2024-08-01,80.0,2.0,4,7,1
PHC-DST-C2-03,2024-08-02,80.0,3.0,5,9,2
PHC-DST-C2-03,2024-08-03,71.0,3.0,5,8,1
PHC-DST-C2-03,2024-08-04,37.0,0.0,6,8,2
PHC-DST-C2-03,2024-08-05,94.0,3.0,6,9,0
PHC-DST-C2-03,2024-08-06,89.0,,3,6,3
PHC-DST-C2-03,2024-08-07,84.0,3.0,4,11,1
PHC-DST-C2-03,2024-08-08,75.0,2.0,3,7,4
PHC-DST-C2-03,2024-08-09,77.0,3.0,4,6,1
PHC-DST-C2-03,2024-08-10,71.0,2.0,3,7,2
PHC-DST-C2-03,2024-08-11,36.0,4.0,4,11,3
PHC-DST-C2-03,2024-08-12,97.0,4.0,3,7,1
PHC-DST-C2-03,2024-08-13,84.0,3.0,4,6,3
PHC-DST-C2-03,2024-08-14,82.0,5.0,5,7,0
PHC-DST-C2-03,2024-08-15,81.0,2.0,5,9,4
PHC-DST-C2-03,2024-08-16,83.0,1.0,12,9,2
PHC-DST-C2-03,2024-08-17,77.0,7.0,13,8,2
PHC-DST-C2-03,2024-08-18,30.0,5.0,3,9,0
PHC-DST-C2-03,2024-08-19,99.0,4.0,3,13,0
PHC-DST-C2-03,2024-08-20,95.0,3.0,5,9,0
PHC-DST-C2-03,2024-08-21,80.0,6.0,5,10,5
PHC-DST-C2-03,2024-08-22,93.0,3.0,4,23,1
PHC-DST-C2-03,2024-08-23,85.0,4.0,6,9,3
PHC-DST-C2-03,2024-08-24,75.0,2.0,5,10,2
PHC-DST-C2-03,2024-08-25,30.0,3.0,4,6,0
PHC-DST-C2-03,2024-08-26,94.0,5.0,3,8,1
PHC-DST-C2-03,2024-08-27,89.0,2.0,5,11,6
PHC-DST-C2-03,2024-08-28,87.0,3.0,3,11,0
PHC-DST-C2-03,2024-08-29,75.0,,3,7,2
PHC-DST-C2-03,2024-08-30,88.0,3.0,5,9,1
PHC-DST-C2-03,2024-08-31,73.0,8.0,5,11,0
PHC-DST-C2-03,2024-09-01,30.0,3.0,5,9,4
PHC-DST-C2-03,2024-09-02,96.0,3.0,3,11,2
PHC-DST-C2-03,2024-09-03,91.0,3.0,6,10,3
PHC-DST-C2-03,2024-09-04,84.0,2.0,5,11,1
PHC-DST-C2-03,2024-09-05,77.0,1.0,6,9,0
PHC-DST-C2-03,2024-09-06,85.0,0.0,4,10,2
PHC-DST-C2-03,2024-09-07,71.0,2.0,2,9,3
PHC-DST-C2-03,2024-09-08,35.0,3.0,5,9,4
PHC-DST-C2-03,2024-09-09,91.0,4.0,5,6,2
PHC-DST-C2-03,2024-09-10,87.0,1.0,12,9,2
PHC-DST-C2-03,2024-09-11,86.0,3.0,11,7,1
PHC-DST-C2-03,2024-09-12,84.0,3.0,4,11,0
PHC-DST-C2-03,2024-09-13,82.0,1.0,4,9,0
PHC-DST-C2-03,2024-09-14,76.0,1.0,4,10,2
PHC-DST-C2-03,2024-09-15,31.0,5.0,4,8,2
PHC-DST-C2-03,2024-09-16,109.0,3.0,4,26,2
PHC-DST-C2-03,2024-09-17,86.0,4.0,4,11,1
PHC-DST-C2-03,2024-09-18,78.0,2.0,3,12,2
PHC-DST-C2-03,2024-09-19,78.0,3.0,4,9,2
PHC-DST-C2-03,2024-09-20,81.0,4.0,4,8,1
PHC-DST-C2-03,2024-09-21,72.0,1.0,6,7,1
PHC-DST-C2-03,2024-09-22,38.0,0.0,2,10,0
PHC-DST-C2-03,2024-09-23,98.0,5.0,4,12,1
PHC-DST-C2-03,2024-09-24,93.0,5.0,5,11,2
PHC-DST-C2-03,2024-09-25,83.0,1.0,5,9,1
PHC-DST-C2-03,2024-09-26,81.0,5.0,5,7,2
PHC-DST-C2-03,2024-09-27,78.0,2.0,4,7,0
PHC-DST-C2-03,2024-09-28,73.0,3.0,6,8,2
PHC-DST-C2-03,2024-09-29,34.0,4.0,2,8,1
PHC-DST-C2-03,2024-09-30,98.0,6.0,5,11,1
PHC-DST-C2-03,2024-10-01,84.0,5.0,2,7,5
PHC-DST-C2-03,2024-10-02,81.0,1.0,4,8,2
PHC-DST-C2-03,2024-10-03,81.0,3.0,6,7,2
PHC-DST-C2-03,2024-10-04,82.0,5.0,4,9,5
PHC-DST-C2-03,2024-10-05,77.0,8.0,4,6,5
PHC-DST-C2-03,2024-10-06,33.0,0.0,1,7,3
PHC-DST-C2-03,2024-10-07,102.0,4.0,5,12,0
PHC-DST-C2-03,2024-10-08,93.0,4.0,6,10,0
PHC-DST-C2-03,2024-10-09,78.0,2.0,3,9,4
PHC-DST-C2-03,2024-10-10,77.0,3.0,4,10,4
PHC-DST-C2-03,2024-10-11,84.0,2.0,4,9,1
PHC-DST-C2-03,2024-10-12,73.0,2.0,3,9,0
PHC-DST-C2-03,2024-10-13,32.0,3.0,4,9,3
PHC-DST-C2-03,2024-10-14,93.0,3.0,3,8,2
PHC-DST-C2-03,2024-10-15,87.0,4.0,5,10,5
PHC-DST-C2-03,2024-10-16,80.0,1.0,4,8,1
PHC-DST-C2-03,2024-10-17,78.0,4.0,5,10,1
PHC-DST-C2-03,2024-10-18,82.0,5.0,4,12,2
PHC-DST-C2-03,2024-10-19,73.0,1.0,5,7,3
PHC-DST-C2-03,2024-10-20,36.0,1.0,6,7,2
PHC-DST-C2-03,2024-10-21,98.0,5.0,4,11,4
PHC-DST-C2-03,2024-10-22,88.0,3.0,5,9,0
PHC-DST-C2-03,2024-10-23,76.0,3.0,4,9,1
PHC-DST-C2-03,2024-10-24,76.0,2.0,4,9,2
PHC-DST-C2-03,2024-10-25,80.0,6.0,5,6,1
PHC-DST-C2-03,2024-10-26,71.0,3.0,4,9,1
PHC-DST-C2-03,2024-10-27,39.0,5.0,3,12,1
PHC-DST-C2-03,2024-10-28,98.0,6.0,5,8,1
PHC-DST-C2-03,2024-10-29,88.0,3.0,3,9,2
PHC-DST-C2-03,2024-10-30,84.0,1.0,5,13,3
PHC-DST-C2-03,2024-10-31,76.0,4.0,5,9,3
PHC-DST-C2-03,2024-11-01,78.0,3.0,4,9,5
PHC-DST-C2-03,2024-11-02,70.0,4.0,5,7,0
PHC-DST-C2-03,2024-11-03,38.0,1.0,6,9,7
PHC-DST-C2-03,2024-11-04,100.0,6.0,5,10,2
PHC-DST-C2-03,2024-11-05,90.0,3.0,3,7,2
PHC-DST-C2-03,2024-11-06,77.0,3.0,4,6,1
PHC-DST-C2-03,2024-11-07,81.0,3.0,7,11,1
PHC-DST-C2-03,2024-11-08,83.0,0.0,5,10,2
PHC-DST-C2-03,2024-11-09,73.0,5.0,5,10,1
PHC-DST-C2-03,2024-11-10,40.0,2.0,5,12,3
PHC-DST-C2-03,2024-11-11,94.0,4.0,6,7,3
PHC-DST-C2-03,2024-11-12,92.0,3.0,5,10,3
PHC-DST-C2-03,2024-11-13,89.0,2.0,5,12,5
PHC-DST-C2-03,2024-11-14,85.0,4.0,5,14,1
PHC-DST-C2-03,2024-11-15,89.0,2.0,5,11,1
PHC-DST-C2-03,2024-11-16,73.0,3.0,6,9,2
PHC-DST-C2-03,2024-11-17,27.0,2.0,3,7,5
PHC-DST-C2-03,2024-11-18,98.0,2.0,4,9,2
PHC-DST-C2-03,2024-11-19,89.0,2.0,4,11,0
PHC-DST-C2-03,2024-11-20,91.0,3.0,6,8,1
PHC-DST-C2-03,2024-11-21,82.0,2.0,3,11,4
PHC-DST-C2-03,2024-11-22,85.0,5.0,6,10,1
PHC-DST-C2-03,2024-11-23,76.0,3.0,4,9,2
PHC-DST-C2-03,2024-11-24,37.0,3.0,4,9,2
PHC-DST-C2-03,2024-11-25,97.0,5.0,5,10,3
PHC-DST-C2-03,2024-11-26,92.0,2.0,5,9,2
PHC-DST-C2-03,2024-11-27,75.0,5.0,4,8,2
PHC-DST-C2-03,2024-11-28,84.0,4.0,5,11,2
PHC-DST-C2-03,2024-11-29,80.0,1.0,5,8,0
PHC-DST-C2-03,2024-11-30,77.0,3.0,3,9,1
PHC-DST-C2-03,2024-12-01,33.0,3.0,2,9,2
PHC-DST-C2-03,2024-12-02,95.0,4.0,6,12,2
PHC-DST-C2-03,2024-12-03,93.0,1.0,5,13,4
PHC-DST-C2-03,2024-12-04,77.0,3.0,2,9,1
PHC-DST-C2-03,2024-12-05,75.0,2.0,5,8,1
PHC-DST-C2-03,2024-12-06,83.0,0.0,5,10,2
PHC-DST-C2-03,2024-12-07,72.0,7.0,3,4,3
PHC-DST-C2-03,2024-12-08,40.0,5.0,6,11,5
PHC-DST-C2-03,2024-12-09,96.0,5.0,4,10,4
PHC-DST-C2-03,2024-12-10,89.0,1.0,7,9,3
PHC-DST-C2-03,2024-12-11,83.0,4.0,5,9,2
PHC-DST-C2-03,2024-12-12,78.0,0.0,6,10,2
PHC-DST-C2-03,2024-12-13,80.0,1.0,3,6,1
PHC-DST-C2-03,2024-12-14,71.0,0.0,3,13,1
PHC-DST-C2-03,2024-12-15,34.0,5.0,3,8,1
PHC-DST-C2-03,2024-12-16,92.0,5.0,5,6,2
PHC-DST-C2-03,2024-12-17,84.0,2.0,4,6,3
PHC-DST-C2-03,2024-12-18,82.0,5.0,7,10,2
PHC-DST-C2-03,2024-12-19,90.0,1.0,5,12,5
PHC-DST-C2-03,2024-12-20,82.0,4.0,4,7,2
PHC-DST-C2-03,2024-12-21,66.0,3.0,2,7,4
PHC-DST-C2-03,2024-12-22,30.0,3.0,5,9,1
PHC-DST-C2-03,2024-12-23,93.0,1.0,4,8,3
PHC-DST-C2-03,2024-12-24,87.0,5.0,4,7,2
PHC-DST-C2-03,2024-12-25,84.0,4.0,6,9,4
PHC-DST-C2-03,2024-12-26,81.0,2.0,4,11,1
PHC-DST-C2-03,2024-12-27,84.0,6.0,5,10,4
PHC-DST-C2-03,2024-12-28,73.0,2.0,5,10,2
PHC-DST-C2-03,2024-12-29,40.0,2.0,5,9,1
PHC-DST-C2-03,2024-12-30,99.0,9.0,3,9,1
PHC-DST-C2-03,2024-12-31,86.0,0.0,6,10,3
PHC-DST-C2-03,2025-01-01,84.0,2.0,3,13,2
PHC-DST-C2-03,2025-01-02,80.0,1.0,6,11,2
PHC-DST-C2-03,2025-01-03,83.0,3.0,5,9,2
PHC-DST-C2-03,2025-01-04,,4.0,6,10,2
PHC-DST-C2-03,2025-01-05,30.0,2.0,6,6,1
PHC-DST-C2-03,2025-01-06,95.0,6.0,5,7,1
PHC-DST-C2-03,2025-01-07,90.0,2.0,5,8,3
PHC-DST-C2-03,2025-01-08,82.0,1.0,5,7,1
PHC-DST-C2-03,2025-01-09,80.0,5.0,4,10,0
PHC-DST-C2-03,2025-01-10,81.0,1.0,5,9,5
PHC-DST-C2-03,2025-01-11,68.0,5.0,7,10,2
PHC-DST-C2-03,2025-01-12,26.0,0.0,4,6,3
PHC-DST-C2-03,2025-01-13,101.0,3.0,3,8,1
PHC-DST-C2-03,2025-01-14,84.0,4.0,6,9,1
PHC-DST-C2-03,2025-01-15,80.0,3.0,5,7,4
PHC-DST-C2-03,2025-01-16,80.0,1.0,6,8,0
PHC-DST-C2-03,2025-01-17,82.0,4.0,3,8,1
PHC-DST-C2-03,2025-01-18,72.0,0.0,5,9,2
PHC-DST-C2-03,2025-01-19,36.0,1.0,5,8,1
PHC-DST-C2-03,2025-01-20,89.0,1.0,4,7,3
PHC-DST-C2-03,2025-01-21,85.0,2.0,7,5,2
PHC-DST-C2-03,2025-01-22,84.0,4.0,4,8,3
PHC-DST-C2-03,2025-01-23,82.0,0.0,4,14,3
PHC-DST-C2-03,2025-01-24,81.0,3.0,5,8,1
PHC-DST-C2-03,2025-01-25,72.0,3.0,3,9,6
PHC-DST-C2-03,2025-01-26,37.0,3.0,4,10,0
PHC-DST-C2-03,2025-01-27,99.0,1.0,5,9,2
PHC-DST-C2-03,2025-01-28,85.0,2.0,4,8,4
PHC-DST-C2-03,2025-01-29,85.0,6.0,2,6,4
PHC-DST-C2-03,2025-01-30,83.0,5.0,5,11,2
PHC-DST-C2-03,2025-01-31,88.0,2.0,6,10,1
PHC-DST-C2-03,2025-02-01,70.0,3.0,5,7,4
PHC-DST-C2-03,2025-02-02,37.0,3.0,5,11,0
PHC-DST-C2-03,2025-02-03,94.0,2.0,5,8,1
PHC-DST-C2-03,2025-02-04,89.0,1.0,3,12,2
PHC-DST-C2-03,2025-02-05,77.0,3.0,5,7,1
PHC-DST-C2-03,2025-02-06,74.0,5.0,4,10,3
PHC-DST-C2-03,2025-02-07,79.0,2.0,4,9,4
PHC-DST-C2-03,2025-02-08,69.0,2.0,4,6,3
PHC-DST-C2-03,2025-02-09,22.0,1.0,3,6,0
PHC-DST-C2-03,2025-02-10,97.0,4.0,6,7,0
PHC-DST-C2-03,2025-02-11,90.0,3.0,3,10,2
PHC-DST-C2-03,2025-02-12,83.0,4.0,4,10,2
PHC-DST-C2-03,2025-02-13,80.0,0.0,4,8,1
PHC-DST-C2-03,2025-02-14,83.0,3.0,4,8,2
PHC-DST-C2-03,2025-02-15,72.0,2.0,3,6,1
PHC-DST-C2-03,2025-02-16,29.0,2.0,5,7,1
PHC-DST-C2-03,2025-02-17,101.0,8.0,4,8,2
PHC-DST-C2-03,2025-02-18,90.0,2.0,5,10,2
PHC-DST-C2-03,2025-02-19,88.0,1.0,6,9,4
PHC-DST-C2-03,2025-02-20,75.0,3.0,5,8,1
PHC-DST-C2-03,2025-02-21,86.0,6.0,4,9,3
PHC-DST-C2-03,2025-02-22,73.0,3.0,5,8,2
PHC-DST-C2-03,2025-02-23,38.0,3.0,4,10,2
PHC-DST-C2-03,2025-02-24,98.0,2.0,4,11,1
PHC-DST-C2-03,2025-02-25,88.0,7.0,7,7,3
PHC-DST-C2-03,2025-02-26,79.0,2.0,5,7,0
PHC-DST-C2-03,2025-02-27,77.0,3.0,6,10,2
PHC-DST-C2-03,2025-02-28,78.0,,4,7,3
PHC-DST-C2-03,2025-03-01,76.0,5.0,3,10,0
PHC-DST-C2-03,2025-03-02,37.0,3.0,3,12,2
PHC-DST-C2-03,2025-03-03,99.0,3.0,6,11,2
PHC-DST-C2-03,2025-03-04,89.0,5.0,3,9,2
PHC-DST-C2-03,2025-03-05,87.0,1.0,5,9,2
PHC-DST-C2-03,2025-03-06,81.0,6.0,4,9,2
PHC-DST-C2-03,2025-03-07,77.0,3.0,4,9,2
PHC-DST-C2-03,2025-03-08,70.0,6.0,4,9,1
PHC-DST-C2-03,2025-03-09,31.0,2.0,4,7,3
PHC-DST-C2-03,2025-03-10,94.0,1.0,5,8,0
PHC-DST-C2-03,2025-03-11,84.0,4.0,3,7,0
PHC-DST-C2-03,2025-03-12,83.0,3.0,5,5,1
PHC-DST-C2-03,2025-03-13,79.0,3.0,6,10,4
PHC-DST-C2-03,2025-03-14,83.0,3.0,3,8,3
PHC-DST-C2-03,2025-03-15,69.0,1.0,3,11,1
PHC-DST-C2-03,2025-03-16,27.0,,4,10,6
PHC-DST-C2-03,2025-03-17,102.0,3.0,8,12,5
PHC-DST-C2-03,2025-03-18,89.0,5.0,4,8,3
PHC-DST-C2-03,2025-03-19,82.0,5.0,3,10,0
PHC-DST-C2-03,2025-03-20,83.0,3.0,5,11,3
PHC-DST-C2-03,2025-03-21,78.0,4.0,6,9,3
PHC-DST-C2-03,2025-03-22,78.0,2.0,6,9,1
PHC-DST-C2-03,2025-03-23,36.0,2.0,2,9,1
PHC-DST-C2-03,2025-03-24,102.0,1.0,5,9,1
PHC-DST-C2-03,2025-03-25,89.0,5.0,5,8,1
PHC-DST-C2-03,2025-03-26,86.0,1.0,7,9,3
PHC-DST-C2-03,2025-03-27,78.0,2.0,4,7,1
PHC-DST-C2-03,2025-03-28,81.0,2.0,6,7,1
PHC-DST-C2-03,2025-03-29,80.0,4.0,4,10,3
PHC-DST-C2-03,2025-03-30,37.0,5.0,4,11,1
PHC-DST-C2-03,2025-03-31,96.0,1.0,6,5,2
PHC-DST-C2-03,2025-04-01,90.0,8.0,4,9,1
PHC-DST-C2-03,2025-04-02,84.0,2.0,4,10,1
PHC-DST-C2-03,2025-04-03,79.0,3.0,4,6,2
PHC-DST-C2-03,2025-04-04,85.0,1.0,4,10,1
PHC-DST-C2-03,2025-04-05,76.0,0.0,5,11,2
PHC-DST-C2-03,2025-04-06,31.0,3.0,4,9,3
PHC-DST-C2-03,2025-04-07,95.0,2.0,4,6,6
PHC-DST-C2-03,2025-04-08,86.0,1.0,5,8,3
PHC-DST-C2-03,2025-04-09,79.0,,4,8,3
PHC-DST-C2-03,2025-04-10,81.0,7.0,4,12,2
PHC-DST-C2-03,2025-04-11,86.0,4.0,6,9,3
PHC-DST-C2-03,2025-04-12,68.0,3.0,3,9,1
PHC-DST-C2-03,2025-04-13,40.0,2.0,6,10,3
PHC-DST-C2-03,2025-04-14,97.0,4.0,4,10,3
PHC-DST-C2-03,2025-04-15,87.0,5.0,5,11,3
PHC-DST-C2-03,2025-04-16,79.0,3.0,3,9,0
PHC-DST-C2-03,2025-04-17,84.0,1.0,5,11,1
PHC-DST-C2-03,2025-04-18,83.0,3.0,3,8,1
PHC-DST-C2-03,2025-04-19,75.0,5.0,6,9,2
PHC-DST-C2-03,2025-04-20,34.0,5.0,2,11,0
PHC-DST-C2-03,2025-04-21,97.0,2.0,3,10,0
PHC-DST-C2-03,2025-04-22,88.0,2.0,6,9,0
PHC-DST-C2-03,2025-04-23,79.0,4.0,5,7,2
PHC-DST-C2-03,2025-04-24,78.0,1.0,3,8,1
PHC-DST-C2-03,2025-04-25,84.0,5.0,5,10,1
PHC-DST-C2-03,2025-04-26,76.0,6.0,3,12,2
PHC-DST-C2-03,2025-04-27,35.0,4.0,3,12,1
PHC-DST-C2-03,2025-04-28,99.0,2.0,3,7,2
PHC-DST-C2-03,2025-04-29,88.0,2.0,4,5,2
PHC-DST-C2-03,2025-04-30,78.0,6.0,2,8,4
PHC-DST-C2-03,2025-05-01,80.0,3.0,4,9,3
PHC-DST-C2-03,2025-05-02,81.0,2.0,5,9,1
PHC-DST-C2-03,2025-05-03,74.0,4.0,6,7,3
PHC-DST-C2-03,2025-05-04,36.0,3.0,5,10,3
PHC-DST-C2-03,2025-05-05,95.0,2.0,5,9,2
PHC-DST-C2-03,2025-05-06,82.0,4.0,5,8,1
PHC-DST-C2-03,2025-05-07,81.0,3.0,3,9,2
PHC-DST-C2-03,2025-05-08,77.0,6.0,5,10,1
PHC-DST-C2-03,2025-05-09,,4.0,5,10,2
PHC-DST-C2-03,2025-05-10,70.0,8.0,5,8,4
PHC-DST-C2-03,2025-05-11,33.0,1.0,4,10,1
PHC-DST-C2-03,2025-05-12,94.0,2.0,4,6,0
PHC-DST-C2-03,2025-05-13,93.0,4.0,6,13,1
PHC-DST-C2-03,2025-05-14,82.0,1.0,4,7,2
PHC-DST-C2-03,2025-05-15,82.0,6.0,5,11,1
PHC-DST-C2-03,2025-05-16,88.0,5.0,4,5,5
PHC-DST-C2-03,2025-05-17,78.0,3.0,5,15,4
PHC-DST-C2-03,2025-05-18,33.0,0.0,5,11,3
PHC-DST-C2-03,2025-05-19,103.0,2.0,4,11,5
PHC-DST-C2-03,2025-05-20,88.0,2.0,5,8,1
PHC-DST-C2-03,2025-05-21,77.0,7.0,4,10,0
PHC-DST-C2-03,2025-05-22,82.0,3.0,3,8,2
PHC-DST-C2-03,2025-05-23,80.0,2.0,4,9,2
PHC-DST-C2-03,2025-05-24,78.0,2.0,6,11,0
PHC-DST-C2-03,2025-05-25,26.0,1.0,5,6,1
PHC-DST-C2-03,2025-05-26,97.0,5.0,4,9,0
PHC-DST-C2-03,2025-05-27,,5.0,4,10,2
PHC-DST-C2-03,2025-05-28,81.0,7.0,4,10,1
PHC-DST-C2-03,2025-05-29,80.0,0.0,1,9,2
PHC-DST-C2-03,2025-05-30,82.0,2.0,4,7,3
PHC-DST-C2-03,2025-05-31,77.0,2.0,4,12,2
PHC-DST-C2-03,2025-06-01,30.0,2.0,4,9,1
PHC-DST-C2-03,2025-06-02,101.0,3.0,5,11,1
PHC-DST-C2-03,2025-06-03,91.0,4.0,5,9,3
PHC-DST-C2-03,2025-06-04,75.0,2.0,5,6,1
PHC-DST-C2-03,2025-06-05,80.0,3.0,6,6,4
PHC-DST-C2-03,2025-06-06,77.0,6.0,4,6,2
PHC-DST-C2-03,2025-06-07,77.0,3.0,5,9,2
PHC-DST-C2-03,2025-06-08,34.0,5.0,5,9,0
PHC-DST-C2-03,2025-06-09,94.0,5.0,4,8,1
PHC-DST-C2-03,2025-06-10,87.0,6.0,4,7,1
PHC-DST-C2-03,2025-06-11,81.0,0.0,5,9,4
PHC-DST-C2-03,2025-06-12,78.0,2.0,5,7,1
PHC-DST-C2-03,2025-06-13,83.0,2.0,4,13,3
PHC-DST-C2-03,2025-06-14,70.0,5.0,6,9,0
PHC-DST-C2-03,2025-06-15,31.0,2.0,3,10,3
PHC-DST-C2-03,2025-06-16,95.0,6.0,5,10,2
PHC-DST-C2-03,2025-06-17,92.0,6.0,6,10,2
PHC-DST-C2-03,2025-06-18,82.0,4.0,4,11,0
PHC-DST-C2-03,2025-06-19,82.0,2.0,4,8,0
PHC-DST-C2-03,2025-06-20,81.0,1.0,5,10,1
PHC-DST-C2-03,2025-06-21,69.0,1.0,4,5,0
PHC-DST-C2-03,2025-06-22,31.0,3.0,2,11,1
PHC-DST-C2-03,2025-06-23,97.0,1.0,3,6,0
PHC-DST-C2-03,2025-06-24,92.0,3.0,5,11,1
PHC-DST-C2-03,2025-06-25,82.0,3.0,6,9,5
PHC-DST-C2-03,2025-06-26,82.0,6.0,4,7,1
PHC-DST-C2-03,2025-06-27,81.0,1.0,4,7,0
PHC-DST-C2-03,2025-06-28,70.0,1.0,5,9,1
PHC-DST-C2-03,2025-06-29,31.0,4.0,4,8,2
PHC-DST-C2-03,2025-06-30,91.0,5.0,5,7,1
PHC-DST-C2-04,2024-01-01,105.0,3.0,5,11,1
PHC-DST-C2-04,2024-01-02,92.0,2.0,4,9,4
PHC-DST-C2-04,2024-01-03,84.0,3.0,4,10,3
PHC-DST-C2-04,2024-01-04,81.0,4.0,5,10,1
PHC-DST-C2-04,2024-01-05,93.0,1.0,5,11,3
PHC-DST-C2-04,2024-01-06,78.0,2.0,6,9,0
PHC-DST-C2-04,2024-01-07,35.0,6.0,4,12,2
PHC-DST-C2-04,2024-01-08,101.0,3.0,6,11,3
PHC-DST-C2-04,2024-01-09,103.0,2.0,4,10,1
PHC-DST-C2-04,2024-01-10,87.0,3.0,4,10,2
PHC-DST-C2-04,2024-01-11,86.0,4.0,6,9,2
PHC-DST-C2-04,2024-01-12,92.0,3.0,6,7,2
PHC-DST-C2-04,2024-01-13,81.0,2.0,5,9,4
PHC-DST-C2-04,2024-01-14,43.0,3.0,7,11,1
PHC-DST-C2-04,2024-01-15,104.0,1.0,5,9,1
PHC-DST-C2-04,2024-01-16,102.0,4.0,5,11,1
PHC-DST-C2-04,2024-01-17,91.0,2.0,5,11,5
PHC-DST-C2-04,2024-01-18,87.0,4.0,5,10,2
PHC-DST-C2-04,2024-01-19,86.0,5.0,3,8,1
PHC-DST-C2-04,2024-01-20,78.0,0.0,5,9,3
PHC-DST-C2-04,2024-01-21,35.0,1.0,5,8,1
PHC-DST-C2-04,2024-01-22,104.0,1.0,3,12,2
PHC-DST-C2-04,2024-01-23,96.0,3.0,5,10,3
PHC-DST-C2-04,2024-01-24,91.0,5.0,6,14,1
PHC-DST-C2-04,2024-01-25,89.0,8.0,7,9,3
PHC-DST-C2-04,2024-01-26,92.0,,5,10,1
PHC-DST-C2-04,2024-01-27,73.0,6.0,6,8,1
PHC-DST-C2-04,2024-01-28,37.0,2.0,6,8,3
PHC-DST-C2-04,2024-01-29,106.0,4.0,3,10,2
PHC-DST-C2-04,2024-01-30,92.0,4.0,5,5,2
PHC-DST-C2-04,2024-01-31,93.0,5.0,5,12,2
PHC-DST-C2-04,2024-02-01,88.0,4.0,8,14,0
PHC-DST-C2-04,2024-02-02,84.0,1.0,4,8,3
PHC-DST-C2-04,2024-02-03,79.0,2.0,5,9,1
PHC-DST-C2-04,2024-02-04,39.0,5.0,6,12,2
PHC-DST-C2-04,2024-02-05,97.0,4.0,4,8,0
PHC-DST-C2-04,2024-02-06,101.0,4.0,5,9,6
PHC-DST-C2-04,2024-02-07,89.0,4.0,6,7,2
PHC-DST-C2-04,2024-02-08,88.0,4.0,5,11,1
PHC-DST-C2-04,2024-02-09,86.0,4.0,5,11,2
PHC-DST-C2-04,2024-02-10,78.0,1.0,6,8,1
PHC-DST-C2-04,2024-02-11,38.0,4.0,6,11,1
PHC-DST-C2-04,2024-02-12,105.0,2.0,6,12,1
PHC-DST-C2-04,2024-02-13,96.0,3.0,5,11,4
PHC-DST-C2-04,2024-02-14,84.0,4.0,5,9,2
PHC-DST-C2-04,2024-02-15,87.0,5.0,4,10,2
PHC-DST-C2-04,2024-02-16,87.0,1.0,4,8,3
PHC-DST-C2-04,2024-02-17,76.0,7.0,5,10,1
PHC-DST-C2-04,2024-02-18,33.0,2.0,4,10,2
PHC-DST-C2-04,2024-02-19,103.0,3.0,6,8,4
PHC-DST-C2-04,2024-02-20,98.0,7.0,4,10,2
PHC-DST-C2-04,2024-02-21,89.0,5.0,4,10,2
PHC-DST-C2-04,2024-02-22,83.0,2.0,4,10,1
PHC-DST-C2-04,2024-02-23,89.0,1.0,4,11,2
PHC-DST-C2-04,2024-02-24,80.0,1.0,5,10,2
PHC-DST-C2-04,2024-02-25,41.0,1.0,6,9,1
PHC-DST-C2-04,2024-02-26,,5.0,3,9,1
PHC-DST-C2-04,2024-02-27,101.0,2.0,4,10,1
PHC-DST-C2-04,2024-02-28,94.0,3.0,4,11,1
PHC-DST-C2-04,2024-02-29,87.0,1.0,7,8,0
PHC-DST-C2-04,2024-03-01,90.0,2.0,3,10,0
PHC-DST-C2-04,2024-03-02,76.0,3.0,5,10,1
PHC-DST-C2-04,2024-03-03,37.0,2.0,5,10,1
PHC-DST-C2-04,2024-03-04,105.0,4.0,5,9,2
PHC-DST-C2-04,2024-03-05,100.0,3.0,5,10,1
PHC-DST-C2-04,2024-03-06,84.0,4.0,5,7,0
PHC-DST-C2-04,2024-03-07,82.0,5.0,5,8,1
PHC-DST-C2-04,2024-03-08,86.0,5.0,6,11,5
PHC-DST-C2-04,2024-03-09,82.0,5.0,5,13,3
PHC-DST-C2-04,2024-03-10,38.0,5.0,4,10,2
PHC-DST-C2-04,2024-03-11,105.0,5.0,4,11,2
PHC-DST-C2-04,2024-03-12,93.0,2.0,5,9,1
PHC-DST-C2-04,2024-03-13,90.0,6.0,3,9,5
PHC-DST-C2-04,2024-03-14,86.0,1.0,2,8,0
PHC-DST-C2-04,2024-03-15,92.0,4.0,6,11,0
PHC-DST-C2-04,2024-03-16,73.0,4.0,5,7,2
PHC-DST-C2-04,2024-03-17,34.0,2.0,5,10,8
PHC-DST-C2-04,2024-03-18,106.0,1.0,5,13,2
PHC-DST-C2-04,2024-03-19,99.0,1.0,6,11,3
PHC-DST-C2-04,2024-03-20,92.0,3.0,5,9,0
PHC-DST-C2-04,2024-03-21,95.0,2.0,5,14,0
PHC-DST-C2-04,2024-03-22,89.0,,4,11,1
PHC-DST-C2-04,2024-03-23,78.0,2.0,5,8,0
PHC-DST-C2-04,2024-03-24,37.0,2.0,7,10,3
PHC-DST-C2-04,2024-03-25,105.0,3.0,5,10,0
PHC-DST-C2-04,2024-03-26,98.0,3.0,9,11,2
PHC-DST-C2-04,2024-03-27,88.0,2.0,5,10,2
PHC-DST-C2-04,2024-03-28,84.0,2.0,4,9,0
PHC-DST-C2-04,2024-03-29,,4.0,7,10,3
PHC-DST-C2-04,2024-03-30,73.0,2.0,5,11,1
PHC-DST-C2-04,2024-03-31,34.0,3.0,4,4,2
PHC-DST-C2-04,2024-04-01,99.0,5.0,4,7,2
PHC-DST-C2-04,2024-04-02,95.0,2.0,7,7,1
PHC-DST-C2-04,2024-04-03,86.0,3.0,6,11,2
PHC-DST-C2-04,2024-04-04,91.0,3.0,5,11,0
PHC-DST-C2-04,2024-04-05,91.0,4.0,4,10,2
PHC-DST-C2-04,2024-04-06,72.0,4.0,4,7,2
PHC-DST-C2-04,2024-04-07,41.0,4.0,5,11,2
PHC-DST-C2-04,2024-04-08,103.0,3.0,3,12,4
PHC-DST-C2-04,2024-04-09,98.0,3.0,5,12,3
PHC-DST-C2-04,2024-04-10,90.0,3.0,6,11,3
PHC-DST-C2-04,2024-04-11,91.0,2.0,4,10,2
PHC-DST-C2-04,2024-04-12,88.0,3.0,4,10,2
PHC-DST-C2-04,2024-04-13,84.0,4.0,6,12,1
PHC-DST-C2-04,2024-04-14,38.0,1.0,5,9,4
PHC-DST-C2-04,2024-04-15,107.0,3.0,5,11,2
PHC-DST-C2-04,2024-04-16,92.0,2.0,3,9,1
PHC-DST-C2-04,2024-04-17,86.0,5.0,6,7,3
PHC-DST-C2-04,2024-04-18,87.0,3.0,3,10,1
PHC-DST-C2-04,2024-04-19,95.0,4.0,4,11,2
PHC-DST-C2-04,2024-04-20,75.0,5.0,6,9,2
PHC-DST-C2-04,2024-04-21,37.0,2.0,5,10,2
PHC-DST-C2-04,2024-04-22,108.0,0.0,5,9,1
PHC-DST-C2-04,2024-04-23,95.0,4.0,5,11,1
PHC-DST-C2-04,2024-04-24,91.0,3.0,4,12,4
PHC-DST-C2-04,2024-04-25,87.0,4.0,6,10,3
PHC-DST-C2-04,2024-04-26,90.0,3.0,6,8,2
PHC-DST-C2-04,2024-04-27,80.0,3.0,6,13,2
PHC-DST-C2-04,2024-04-28,39.0,1.0,6,9,3
PHC-DST-C2-04,2024-04-29,102.0,3.0,5,13,0
PHC-DST-C2-04,2024-04-30,91.0,6.0,4,8,2
PHC-DST-C2-04,2024-05-01,81.0,,4,10,2
PHC-DST-C2-04,2024-05-02,88.0,4.0,5,10,2
PHC-DST-C2-04,2024-05-03,85.0,4.0,5,8,3
PHC-DST-C2-04,2024-05-04,78.0,9.0,4,7,1
PHC-DST-C2-04,2024-05-05,41.0,6.0,5,11,2
PHC-DST-C2-04,2024-05-06,105.0,3.0,4,10,1
PHC-DST-C2-04,2024-05-07,92.0,2.0,6,9,3
PHC-DST-C2-04,2024-05-08,90.0,4.0,5,11,4
PHC-DST-C2-04,2024-05-09,89.0,2.0,5,10,1
PHC-DST-C2-04,2024-05-10,87.0,4.0,7,11,3
PHC-DST-C2-04,2024-05-11,80.0,3.0,4,10,3
PHC-DST-C2-04,2024-05-12,33.0,2.0,6,5,3
PHC-DST-C2-04,2024-05-13,101.0,2.0,3,8,5
PHC-DST-C2-04,2024-05-14,94.0,3.0,5,8,7
PHC-DST-C2-04,2024-05-15,90.0,2.0,6,13,3
PHC-DST-C2-04,2024-05-16,85.0,3.0,3,9,1
PHC-DST-C2-04,2024-05-17,,0.0,7,9,2
PHC-DST-C2-04,2024-05-18,72.0,3.0,4,7,3
PHC-DST-C2-04,2024-05-19,40.0,1.0,4,9,2
PHC-DST-C2-04,2024-05-20,104.0,3.0,6,11,0
PHC-DST-C2-04,2024-05-21,94.0,7.0,6,7,5
PHC-DST-C2-04,2024-05-22,89.0,2.0,6,9,2
PHC-DST-C2-04,2024-05-23,80.0,6.0,2,8,1
PHC-DST-C2-04,2024-05-24,86.0,4.0,5,8,3
PHC-DST-C2-04,2024-05-25,75.0,1.0,5,11,4
PHC-DST-C2-04,2024-05-26,32.0,2.0,5,9,1
PHC-DST-C2-04,2024-05-27,108.0,2.0,6,14,2
PHC-DST-C2-04,2024-05-28,99.0,1.0,3,9,3
PHC-DST-C2-04,2024-05-29,90.0,3.0,6,10,2
PHC-DST-C2-04,2024-05-30,88.0,2.0,5,11,4
PHC-DST-C2-04,2024-05-31,89.0,1.0,2,8,0
PHC-DST-C2-04,2024-06-01,80.0,2.0,6,12,1
PHC-DST-C2-04,2024-06-02,36.0,2.0,4,8,3
PHC-DST-C2-04,2024-06-03,110.0,3.0,5,10,3
PHC-DST-C2-04,2024-06-04,94.0,2.0,5,11,5
PHC-DST-C2-04,2024-06-05,87.0,3.0,6,9,2
PHC-DST-C2-04,2024-06-06,84.0,3.0,5,11,3
PHC-DST-C2-04,2024-06-07,88.0,1.0,5,8,2
PHC-DST-C2-04,2024-06-08,71.0,3.0,6,9,4
PHC-DST-C2-04,2024-06-09,44.0,2.0,5,12,0
PHC-DST-C2-04,2024-06-10,103.0,5.0,4,11,0
PHC-DST-C2-04,2024-06-11,89.0,4.0,4,6,1
PHC-DST-C2-04,2024-06-12,90.0,3.0,4,10,2
PHC-DST-C2-04,2024-06-13,88.0,0.0,4,12,3
PHC-DST-C2-04,2024-06-14,,3.0,6,8,1
PHC-DST-C2-04,2024-06-15,78.0,5.0,6,10,1
PHC-DST-C2-04,2024-06-16,34.0,5.0,5,11,3
PHC-DST-C2-04,2024-06-17,104.0,5.0,6,7,3
PHC-DST-C2-04,2024-06-18,97.0,2.0,5,11,3
PHC-DST-C2-04,2024-06-19,89.0,3.0,5,11,4
PHC-DST-C2-04,2024-06-20,88.0,6.0,6,12,2
PHC-DST-C2-04,2024-06-21,91.0,3.0,5,9,3
PHC-DST-C2-04,2024-06-22,75.0,4.0,4,13,3
PHC-DST-C2-04,2024-06-23,38.0,3.0,4,15,1
PHC-DST-C2-04,2024-06-24,103.0,1.0,3,12,2
PHC-DST-C2-04,2024-06-25,104.0,0.0,4,13,2
PHC-DST-C2-04,2024-06-26,92.0,3.0,4,10,4
PHC-DST-C2-04,2024-06-27,81.0,6.0,4,7,1
PHC-DST-C2-04,2024-06-28,87.0,3.0,7,8,3
PHC-DST-C2-04,2024-06-29,84.0,3.0,5,9,1
PHC-DST-C2-04,2024-06-30,34.0,1.0,5,10,1
PHC-DST-C2-04,2024-07-01,104.0,3.0,4,7,1
PHC-DST-C2-04,2024-07-02,95.0,0.0,6,7,2
PHC-DST-C2-04,2024-07-03,90.0,1.0,4,8,2
PHC-DST-C2-04,2024-07-04,82.0,2.0,5,11,0
PHC-DST-C2-04,2024-07-05,90.0,2.0,4,11,1
PHC-DST-C2-04,2024-07-06,75.0,4.0,3,9,1
PHC-DST-C2-04,2024-07-07,36.0,2.0,3,10,1
PHC-DST-C2-04,2024-07-08,102.0,4.0,6,8,4
PHC-DST-C2-04,2024-07-09,97.0,5.0,4,11,2
PHC-DST-C2-04,2024-07-10,84.0,7.0,4,8,2
PHC-DST-C2-04,2024-07-11,91.0,4.0,5,14,1
PHC-DST-C2-04,2024-07-12,84.0,4.0,3,9,3
PHC-DST-C2-04,2024-07-13,84.0,3.0,6,8,0
PHC-DST-C2-04,2024-07-14,34.0,2.0,7,9,3
PHC-DST-C2-04,2024-07-15,105.0,5.0,4,9,0
PHC-DST-C2-04,2024-07-16,97.0,5.0,6,11,2
PHC-DST-C2-04,2024-07-17,91.0,2.0,4,11,1
PHC-DST-C2-04,2024-07-18,81.0,0.0,4,11,3
PHC-DST-C2-04,2024-07-19,85.0,1.0,2,11,2
PHC-DST-C2-04,2024-07-20,76.0,3.0,4,9,1
PHC-DST-C2-04,2024-07-21,40.0,3.0,5,11,0
PHC-DST-C2-04,2024-07-22,103.0,,5,11,1
PHC-DST-C2-04,2024-07-23,99.0,3.0,7,10,2
PHC-DST-C2-04,2024-07-24,92.0,3.0,6,12,1
PHC-DST-C2-04,2024-07-25,87.0,5.0,5,14,1
PHC-DST-C2-04,2024-07-26,87.0,3.0,4,7,4
PHC-DST-C2-04,2024-07-27,72.0,2.0,3,11,3
PHC-DST-C2-04,2024-07-28,36.0,3.0,5,9,1
PHC-DST-C2-04,2024-07-29,100.0,2.0,5,6,4
PHC-DST-C2-04,2024-07-30,95.0,4.0,4,11,1
PHC-DST-C2-04,2024-07-31,88.0,3.0,4,9,1
PHC-DST-C2-04,2024-08-01,87.0,,7,9,0
PHC-DST-C2-04,2024-08-02,86.0,4.0,4,10,1
PHC-DST-C2-04,2024-08-03,83.0,4.0,6,13,3
PHC-DST-C2-04,2024-08-04,39.0,1.0,6,9,5
PHC-DST-C2-04,2024-08-05,103.0,5.0,5,8,1
PHC-DST-C2-04,2024-08-06,102.0,3.0,7,11,4
PHC-DST-C2-04,2024-08-07,86.0,5.0,6,10,2
PHC-DST-C2-04,2024-08-08,85.0,1.0,4,10,1
PHC-DST-C2-04,2024-08-09,95.0,4.0,6,9,1
PHC-DST-C2-04,2024-08-10,76.0,1.0,4,10,3
PHC-DST-C2-04,2024-08-11,39.0,3.0,4,7,3
PHC-DST-C2-04,2024-08-12,105.0,5.0,3,9,3
PHC-DST-C2-04,2024-08-13,94.0,4.0,4,9,1
PHC-DST-C2-04,2024-08-14,92.0,4.0,6,11,2
PHC-DST-C2-04,2024-08-15,83.0,2.0,5,12,2
PHC-DST-C2-04,2024-08-16,101.0,5.0,17,13,2
PHC-DST-C2-04,2024-08-17,86.0,4.0,16,11,3
PHC-DST-C2-04,2024-08-18,36.0,1.0,6,8,2
PHC-DST-C2-04,2024-08-19,103.0,1.0,4,11,5
PHC-DST-C2-04,2024-08-20,96.0,4.0,5,9,1
PHC-DST-C2-04,2024-08-21,87.0,4.0,6,10,4
PHC-DST-C2-04,2024-08-22,102.0,2.0,6,25,2
PHC-DST-C2-04,2024-08-23,92.0,3.0,4,10,2
PHC-DST-C2-04,2024-08-24,77.0,5.0,6,10,1
PHC-DST-C2-04,2024-08-25,41.0,2.0,5,11,3
PHC-DST-C2-04,2024-08-26,108.0,3.0,4,12,1
PHC-DST-C2-04,2024-08-27,95.0,2.0,5,10,2
PHC-DST-C2-04,2024-08-28,88.0,4.0,4,8,2
PHC-DST-C2-04,2024-08-29,84.0,6.0,3,12,4
PHC-DST-C2-04,2024-08-30,88.0,1.0,5,12,2
PHC-DST-C2-04,2024-08-31,75.0,2.0,4,13,2
PHC-DST-C2-04,2024-09-01,41.0,6.0,4,11,2
PHC-DST-C2-04,2024-09-02,104.0,5.0,5,13,3
PHC-DST-C2-04,2024-09-03,97.0,6.0,5,11,4
PHC-DST-C2-04,2024-09-04,92.0,4.0,5,11,0
PHC-DST-C2-04,2024-09-05,85.0,2.0,6,10,1
PHC-DST-C2-04,2024-09-06,93.0,2.0,6,11,5
PHC-DST-C2-04,2024-09-07,82.0,2.0,6,13,6
PHC-DST-C2-04,2024-09-08,35.0,4.0,6,9,2
PHC-DST-C2-04,2024-09-09,105.0,3.0,7,10,1
PHC-DST-C2-04,2024-09-10,101.0,4.0,11,10,2
PHC-DST-C2-04,2024-09-11,94.0,7.0,15,10,2
PHC-DST-C2-04,2024-09-12,85.0,6.0,4,11,1
PHC-DST-C2-04,2024-09-13,99.0,3.0,5,13,1
PHC-DST-C2-04,2024-09-14,73.0,1.0,6,7,2
PHC-DST-C2-04,2024-09-15,40.0,5.0,5,7,2
PHC-DST-C2-04,2024-09-16,112.0,1.0,5,19,6
PHC-DST-C2-04,2024-09-17,95.0,3.0,3,4,5
PHC-DST-C2-04,2024-09-18,92.0,3.0,6,13,2
PHC-DST-C2-04,2024-09-19,,3.0,4,11,1
PHC-DST-C2-04,2024-09-20,87.0,2.0,8,9,3
PHC-DST-C2-04,2024-09-21,76.0,2.0,4,8,1
PHC-DST-C2-04,2024-09-22,34.0,3.0,5,8,3
PHC-DST-C2-04,2024-09-23,103.0,1.0,5,10,1
PHC-DST-C2-04,2024-09-24,94.0,4.0,5,8,3
PHC-DST-C2-04,2024-09-25,89.0,3.0,6,10,2
PHC-DST-C2-04,2024-09-26,82.0,3.0,4,10,2
PHC-DST-C2-04,2024-09-27,90.0,5.0,4,10,1
PHC-DST-C2-04,2024-09-28,83.0,1.0,4,13,1
PHC-DST-C2-04,2024-09-29,38.0,3.0,4,10,5
PHC-DST-C2-04,2024-09-30,106.0,1.0,3,11,2
PHC-DST-C2-04,2024-10-01,96.0,7.0,3,10,3
PHC-DST-C2-04,2024-10-02,86.0,5.0,4,9,1
PHC-DST-C2-04,2024-10-03,84.0,6.0,3,7,1
PHC-DST-C2-04,2024-10-04,91.0,1.0,5,8,2
PHC-DST-C2-04,2024-10-05,72.0,1.0,5,6,2
PHC-DST-C2-04,2024-10-06,35.0,3.0,6,11,4
PHC-DST-C2-04,2024-10-07,104.0,0.0,5,10,3
PHC-DST-C2-04,2024-10-08,97.0,1.0,4,10,3
PHC-DST-C2-04,2024-10-09,89.0,5.0,6,11,0
PHC-DST-C2-04,2024-10-10,83.0,0.0,5,12,0
PHC-DST-C2-04,2024-10-11,90.0,1.0,6,9,2
PHC-DST-C2-04,2024-10-12,81.0,0.0,5,9,5
PHC-DST-C2-04,2024-10-13,35.0,2.0,5,9,3
PHC-DST-C2-04,2024-10-14,109.0,3.0,7,7,0
PHC-DST-C2-04,2024-10-15,100.0,2.0,6,11,1
PHC-DST-C2-04,2024-10-16,87.0,4.0,4,11,1
PHC-DST-C2-04,2024-10-17,87.0,2.0,3,9,0
PHC-DST-C2-04,2024-10-18,85.0,2.0,5,10,0
PHC-DST-C2-04,2024-10-19,78.0,2.0,5,8,1
PHC-DST-C2-04,2024-10-20,37.0,3.0,5,11,1
PHC-DST-C2-04,2024-10-21,101.0,3.0,4,10,3
PHC-DST-C2-04,2024-10-22,98.0,4.0,6,10,6
PHC-DST-C2-04,2024-10-23,86.0,4.0,6,11,3
PHC-DST-C2-04,2024-10-24,87.0,0.0,6,12,1
PHC-DST-C2-04,2024-10-25,88.0,4.0,4,10,3
PHC-DST-C2-04,2024-10-26,83.0,6.0,4,10,2
PHC-DST-C2-04,2024-10-27,37.0,5.0,5,10,3
PHC-DST-C2-04,2024-10-28,106.0,1.0,3,12,1
PHC-DST-C2-04,2024-10-29,97.0,3.0,4,11,3
PHC-DST-C2-04,2024-10-30,84.0,3.0,4,7,0
PHC-DST-C2-04,2024-10-31,86.0,2.0,6,9,1
PHC-DST-C2-04,2024-11-01,89.0,3.0,5,7,0
PHC-DST-C2-04,2024-11-02,82.0,1.0,7,10,2
PHC-DST-C2-04,2024-11-03,32.0,1.0,5,9,1
PHC-DST-C2-04,2024-11-04,105.0,0.0,6,10,2
PHC-DST-C2-04,2024-11-05,100.0,0.0,7,12,1
PHC-DST-C2-04,2024-11-06,88.0,1.0,5,11,0
PHC-DST-C2-04,2024-11-07,78.0,8.0,4,7,4
PHC-DST-C2-04,2024-11-08,91.0,1.0,5,10,4
PHC-DST-C2-04,2024-11-09,76.0,5.0,5,12,5
PHC-DST-C2-04,2024-11-10,36.0,3.0,6,7,0
PHC-DST-C2-04,2024-11-11,104.0,4.0,4,6,1
PHC-DST-C2-04,2024-11-12,100.0,4.0,5,12,5
PHC-DST-C2-04,2024-11-13,90.0,3.0,5,9,4
PHC-DST-C2-04,2024-11-14,79.0,2.0,6,10,2
PHC-DST-C2-04,2024-11-15,90.0,5.0,4,8,0
PHC-DST-C2-04,2024-11-16,74.0,3.0,8,7,4
PHC-DST-C2-04,2024-11-17,33.0,2.0,5,10,2
PHC-DST-C2-04,2024-11-18,103.0,2.0,4,9,7
PHC-DST-C2-04,2024-11-19,97.0,6.0,5,11,3
PHC-DST-C2-04,2024-11-20,90.0,6.0,4,10,2
PHC-DST-C2-04,2024-11-21,,1.0,6,10,2
PHC-DST-C2-04,2024-11-22,89.0,4.0,5,10,4
PHC-DST-C2-04,2024-11-23,74.0,4.0,5,11,1
PHC-DST-C2-04,2024-11-24,32.0,3.0,5,11,1
PHC-DST-C2-04,2024-11-25,105.0,2.0,5,8,1
PHC-DST-C2-04,2024-11-26,97.0,2.0,6,12,4
PHC-DST-C2-04,2024-11-27,90.0,4.0,4,11,4
PHC-DST-C2-04,2024-11-28,85.0,1.0,5,12,2
PHC-DST-C2-04,2024-11-29,91.0,8.0,6,12,1
PHC-DST-C2-04,2024-11-30,78.0,0.0,5,9,1
PHC-DST-C2-04,2024-12-01,35.0,0.0,4,10,0
PHC-DST-C2-04,2024-12-02,109.0,2.0,3,11,2
PHC-DST-C2-04,2024-12-03,93.0,1.0,3,9,3
PHC-DST-C2-04,2024-12-04,89.0,3.0,5,11,0
PHC-DST-C2-04,2024-12-05,87.0,0.0,3,10,1
PHC-DST-C2-04,2024-12-06,90.0,5.0,6,9,2
PHC-DST-C2-04,2024-12-07,83.0,3.0,6,14,3
PHC-DST-C2-04,2024-12-08,40.0,3.0,5,11,3
PHC-DST-C2-04,2024-12-09,102.0,2.0,4,8,2
PHC-DST-C2-04,2024-12-10,100.0,5.0,5,11,0
PHC-DST-C2-04,2024-12-11,91.0,4.0,5,8,3
PHC-DST-C2-04,2024-12-12,88.0,5.0,3,12,1
PHC-DST-C2-04,2024-12-13,88.0,4.0,5,5,3
PHC-DST-C2-04,2024-12-14,75.0,6.0,4,10,1
PHC-DST-C2-04,2024-12-15,34.0,5.0,3,10,2
PHC-DST-C2-04,2024-12-16,104.0,0.0,6,12,1
PHC-DST-C2-04,2024-12-17,86.0,2.0,4,5,1
PHC-DST-C2-04,2024-12-18,88.0,4.0,3,10,3
PHC-DST-C2-04,2024-12-19,87.0,5.0,3,12,4
PHC-DST-C2-04,2024-12-20,90.0,3.0,1,12,5
PHC-DST-C2-04,2024-12-21,79.0,3.0,6,10,4
PHC-DST-C2-04,2024-12-22,42.0,4.0,5,10,0
PHC-DST-C2-04,2024-12-23,105.0,2.0,4,8,4
PHC-DST-C2-04,2024-12-24,102.0,3.0,5,13,2
PHC-DST-C2-04,2024-12-25,96.0,2.0,6,10,4
PHC-DST-C2-04,2024-12-26,82.0,5.0,4,12,2
PHC-DST-C2-04,2024-12-27,88.0,6.0,6,10,2
PHC-DST-C2-04,2024-12-28,79.0,2.0,4,11,1
PHC-DST-C2-04,2024-12-29,37.0,4.0,5,12,2
PHC-DST-C2-04,2024-12-30,,1.0,5,9,4
PHC-DST-C2-04,2024-12-31,106.0,1.0,7,13,3
PHC-DST-C2-04,2025-01-01,92.0,,6,10,0
PHC-DST-C2-04,2025-01-02,86.0,7.0,5,10,2
PHC-DST-C2-04,2025-01-03,85.0,2.0,6,6,2
PHC-DST-C2-04,2025-01-04,75.0,5.0,7,10,3
PHC-DST-C2-04,2025-01-05,38.0,3.0,5,11,2
PHC-DST-C2-04,2025-01-06,102.0,3.0,6,10,1
PHC-DST-C2-04,2025-01-07,93.0,3.0,5,5,4
PHC-DST-C2-04,2025-01-08,92.0,5.0,3,7,3
PHC-DST-C2-04,2025-01-09,84.0,3.0,6,12,2
PHC-DST-C2-04,2025-01-10,93.0,5.0,6,9,2
PHC-DST-C2-04,2025-01-11,74.0,2.0,3,5,0
PHC-DST-C2-04,2025-01-12,35.0,3.0,3,8,3
PHC-DST-C2-04,2025-01-13,104.0,8.0,5,9,4
PHC-DST-C2-04,2025-01-14,92.0,5.0,4,7,0
PHC-DST-C2-04,2025-01-15,92.0,1.0,5,10,2
PHC-DST-C2-04,2025-01-16,79.0,1.0,2,8,2
PHC-DST-C2-04,2025-01-17,92.0,3.0,7,10,0
PHC-DST-C2-04,2025-01-18,76.0,1.0,6,9,1
PHC-DST-C2-04,2025-01-19,35.0,0.0,4,10,4
PHC-DST-C2-04,2025-01-20,105.0,5.0,4,12,1
PHC-DST-C2-04,2025-01-21,102.0,3.0,5,10,1
PHC-DST-C2-04,2025-01-22,90.0,3.0,4,10,1
PHC-DST-C2-04,2025-01-23,89.0,3.0,5,11,3
PHC-DST-C2-04,2025-01-24,91.0,3.0,5,10,4
PHC-DST-C2-04,2025-01-25,77.0,4.0,5,11,1
PHC-DST-C2-04,2025-01-26,45.0,5.0,4,12,2
PHC-DST-C2-04,2025-01-27,111.0,2.0,8,10,3
PHC-DST-C2-04,2025-01-28,94.0,5.0,4,8,2
PHC-DST-C2-04,2025-01-29,88.0,6.0,4,8,4
PHC-DST-C2-04,2025-01-30,88.0,4.0,5,11,2
PHC-DST-C2-04,2025-01-31,96.0,2.0,4,11,3
PHC-DST-C2-04,2025-02-01,73.0,7.0,4,10,5
PHC-DST-C2-04,2025-02-02,,0.0,5,12,0
PHC-DST-C2-04,2025-02-03,102.0,2.0,4,8,1
PHC-DST-C2-04,2025-02-04,102.0,7.0,6,12,3
PHC-DST-C2-04,2025-02-05,89.0,1.0,5,11,1
PHC-DST-C2-04,2025-02-06,83.0,3.0,3,11,1
PHC-DST-C2-04,2025-02-07,96.0,2.0,4,13,4
PHC-DST-C2-04,2025-02-08,77.0,3.0,5,13,2
PHC-DST-C2-04,2025-02-09,40.0,4.0,5,12,1
PHC-DST-C2-04,2025-02-10,98.0,5.0,5,8,1
PHC-DST-C2-04,2025-02-11,96.0,2.0,3,9,5
PHC-DST-C2-04,2025-02-12,84.0,2.0,3,9,0
PHC-DST-C2-04,2025-02-13,88.0,1.0,5,13,2
PHC-DST-C2-04,2025-02-14,85.0,7.0,6,9,1
PHC-DST-C2-04,2025-02-15,76.0,2.0,4,6,1
PHC-DST-C2-04,2025-02-16,43.0,0.0,6,10,1
PHC-DST-C2-04,2025-02-17,106.0,8.0,4,10,3
PHC-DST-C2-04,2025-02-18,93.0,4.0,5,10,3
PHC-DST-C2-04,2025-02-19,88.0,2.0,5,11,2
PHC-DST-C2-04,2025-02-20,86.0,4.0,4,9,1
PHC-DST-C2-04,2025-02-21,89.0,7.0,6,11,3
PHC-DST-C2-04,2025-02-22,72.0,4.0,3,9,0
PHC-DST-C2-04,2025-02-23,34.0,2.0,4,8,3
PHC-DST-C2-04,2025-02-24,108.0,1.0,7,10,3
PHC-DST-C2-04,2025-02-25,100.0,4.0,5,8,1
PHC-DST-C2-04,2025-02-26,93.0,3.0,6,13,2
PHC-DST-C2-04,2025-02-27,85.0,3.0,7,10,2
PHC-DST-C2-04,2025-02-28,90.0,2.0,4,9,2
PHC-DST-C2-04,2025-03-01,80.0,4.0,6,11,5
PHC-DST-C2-04,2025-03-02,39.0,3.0,4,11,2
PHC-DST-C2-04,2025-03-03,99.0,2.0,3,8,3
PHC-DST-C2-04,2025-03-04,97.0,6.0,4,12,0
PHC-DST-C2-04,2025-03-05,94.0,1.0,5,13,1
PHC-DST-C2-04,2025-03-06,85.0,3.0,5,10,3
PHC-DST-C2-04,2025-03-07,91.0,5.0,5,12,1
PHC-DST-C2-04,2025-03-08,73.0,6.0,6,8,0
PHC-DST-C2-04,2025-03-09,33.0,3.0,5,9,5
PHC-DST-C2-04,2025-03-10,100.0,6.0,4,11,1
PHC-DST-C2-04,2025-03-11,91.0,3.0,5,10,3
PHC-DST-C2-04,2025-03-12,92.0,2.0,5,11,0
PHC-DST-C2-04,2025-03-13,85.0,4.0,5,14,2
PHC-DST-C2-04,2025-03-14,90.0,4.0,5,9,1
PHC-DST-C2-04,2025-03-15,77.0,6.0,5,10,2
PHC-DST-C2-04,2025-03-16,33.0,5.0,6,7,2
PHC-DST-C2-04,2025-03-17,104.0,0.0,5,13,3
PHC-DST-C2-04,2025-03-18,96.0,,6,11,3
PHC-DST-C2-04,2025-03-19,,2.0,5,8,2
PHC-DST-C2-04,2025-03-20,84.0,2.0,6,9,2
PHC-DST-C2-04,2025-03-21,89.0,2.0,4,9,0
PHC-DST-C2-04,2025-03-22,77.0,2.0,5,10,1
PHC-DST-C2-04,2025-03-23,35.0,5.0,6,11,1
PHC-DST-C2-04,2025-03-24,102.0,2.0,2,13,0
PHC-DST-C2-04,2025-03-25,101.0,2.0,4,12,5
PHC-DST-C2-04,2025-03-26,90.0,6.0,5,9,0
PHC-DST-C2-04,2025-03-27,88.0,4.0,5,11,3
PHC-DST-C2-04,2025-03-28,91.0,3.0,4,10,3
PHC-DST-C2-04,2025-03-29,77.0,2.0,6,9,4
PHC-DST-C2-04,2025-03-30,39.0,2.0,5,9,1
PHC-DST-C2-04,2025-03-31,107.0,1.0,5,9,1
PHC-DST-C2-04,2025-04-01,99.0,2.0,4,13,6
PHC-DST-C2-04,2025-04-02,92.0,2.0,7,10,0
PHC-DST-C2-04,2025-04-03,85.0,4.0,4,8,0
PHC-DST-C2-04,2025-04-04,94.0,6.0,5,11,2
PHC-DST-C2-04,2025-04-05,81.0,2.0,4,10,5
PHC-DST-C2-04,2025-04-06,30.0,2.0,2,8,3
PHC-DST-C2-04,2025-04-07,104.0,4.0,6,6,1
PHC-DST-C2-04,2025-04-08,92.0,5.0,5,8,1
PHC-DST-C2-04,2025-04-09,89.0,2.0,4,10,2
PHC-DST-C2-04,2025-04-10,86.0,3.0,5,8,3
PHC-DST-C2-04,2025-04-11,90.0,1.0,3,9,0
PHC-DST-C2-04,2025-04-12,81.0,6.0,5,11,3
PHC-DST-C2-04,2025-04-13,35.0,6.0,4,5,2
PHC-DST-C2-04,2025-04-14,106.0,2.0,3,11,1
PHC-DST-C2-04,2025-04-15,96.0,6.0,5,13,3
PHC-DST-C2-04,2025-04-16,87.0,3.0,7,9,1
PHC-DST-C2-04,2025-04-17,79.0,2.0,6,9,2
PHC-DST-C2-04,2025-04-18,87.0,4.0,3,7,1
PHC-DST-C2-04,2025-04-19,83.0,2.0,3,11,2
PHC-DST-C2-04,2025-04-20,36.0,4.0,5,8,2
PHC-DST-C2-04,2025-04-21,103.0,4.0,4,7,2
PHC-DST-C2-04,2025-04-22,88.0,2.0,3,9,1
PHC-DST-C2-04,2025-04-23,96.0,4.0,7,14,2
PHC-DST-C2-04,2025-04-24,81.0,2.0,2,11,3
PHC-DST-C2-04,2025-04-25,88.0,6.0,4,12,2
PHC-DST-C2-04,2025-04-26,78.0,3.0,4,9,3
PHC-DST-C2-04,2025-04-27,35.0,4.0,6,11,2
PHC-DST-C2-04,2025-04-28,108.0,4.0,5,11,1
PHC-DST-C2-04,2025-04-29,101.0,8.0,3,11,4
PHC-DST-C2-04,2025-04-30,90.0,2.0,5,11,0
PHC-DST-C2-04,2025-05-01,78.0,4.0,5,7,4
PHC-DST-C2-04,2025-05-02,91.0,3.0,5,8,3
PHC-DST-C2-04,2025-05-03,77.0,7.0,5,11,2
PHC-DST-C2-04,2025-05-04,36.0,3.0,6,10,3
PHC-DST-C2-04,2025-05-05,107.0,5.0,6,13,0
PHC-DST-C2-04,2025-05-06,101.0,2.0,6,11,5
PHC-DST-C2-04,2025-05-07,93.0,3.0,4,12,0
PHC-DST-C2-04,2025-05-08,82.0,1.0,4,7,2
PHC-DST-C2-04,2025-05-09,90.0,1.0,5,11,3
PHC-DST-C2-04,2025-05-10,76.0,2.0,5,9,1
PHC-DST-C2-04,2025-05-11,38.0,6.0,5,10,1
PHC-DST-C2-04,2025-05-12,106.0,3.0,4,12,1
PHC-DST-C2-04,2025-05-13,93.0,2.0,5,7,2
PHC-DST-C2-04,2025-05-14,91.0,6.0,3,10,3
PHC-DST-C2-04,2025-05-15,84.0,3.0,4,11,1
PHC-DST-C2-04,2025-05-16,87.0,1.0,6,9,2
PHC-DST-C2-04,2025-05-17,76.0,3.0,5,9,4
PHC-DST-C2-04,2025-05-18,33.0,4.0,5,8,2
PHC-DST-C2-04,2025-05-19,102.0,4.0,4,8,2
PHC-DST-C2-04,2025-05-20,94.0,3.0,4,11,3
PHC-DST-C2-04,2025-05-21,95.0,2.0,6,13,3
PHC-DST-C2-04,2025-05-22,82.0,2.0,5,6,0
PHC-DST-C2-04,2025-05-23,87.0,4.0,4,11,0
PHC-DST-C2-04,2025-05-24,84.0,2.0,4,10,2
PHC-DST-C2-04,2025-05-25,36.0,3.0,6,10,3
PHC-DST-C2-04,2025-05-26,102.0,2.0,3,12,2
PHC-DST-C2-04,2025-05-27,99.0,1.0,3,10,2
PHC-DST-C2-04,2025-05-28,89.0,3.0,4,11,1
PHC-DST-C2-04,2025-05-29,88.0,3.0,4,12,2
PHC-DST-C2-04,2025-05-30,92.0,1.0,5,12,2
PHC-DST-C2-04,2025-05-31,80.0,1.0,6,9,2
PHC-DST-C2-04,2025-06-01,36.0,1.0,5,10,1
PHC-DST-C2-04,2025-06-02,101.0,4.0,2,9,3
PHC-DST-C2-04,2025-06-03,93.0,2.0,5,9,0
PHC-DST-C2-04,2025-06-04,83.0,1.0,5,8,2
PHC-DST-C2-04,2025-06-05,90.0,1.0,4,10,4
PHC-DST-C2-04,2025-06-06,88.0,5.0,4,12,1
PHC-DST-C2-04,2025-06-07,77.0,3.0,5,9,5
PHC-DST-C2-04,2025-06-08,32.0,3.0,6,7,1
PHC-DST-C2-04,2025-06-09,105.0,6.0,3,9,4
PHC-DST-C2-04,2025-06-10,93.0,1.0,4,12,2
PHC-DST-C2-04,2025-06-11,92.0,4.0,4,8,1
PHC-DST-C2-04,2025-06-12,86.0,4.0,6,10,3
PHC-DST-C2-04,2025-06-13,87.0,3.0,7,9,4
PHC-DST-C2-04,2025-06-14,87.0,5.0,5,13,5
PHC-DST-C2-04,2025-06-15,33.0,2.0,5,10,6
PHC-DST-C2-04,2025-06-16,109.0,9.0,5,12,3
PHC-DST-C2-04,2025-06-17,94.0,0.0,4,7,2
PHC-DST-C2-04,2025-06-18,85.0,3.0,5,11,3
PHC-DST-C2-04,2025-06-19,84.0,1.0,3,9,4
PHC-DST-C2-04,2025-06-20,96.0,3.0,7,12,2
PHC-DST-C2-04,2025-06-21,81.0,8.0,4,8,3
PHC-DST-C2-04,2025-06-22,34.0,9.0,5,9,1
PHC-DST-C2-04,2025-06-23,106.0,4.0,6,12,0
PHC-DST-C2-04,2025-06-24,91.0,4.0,7,10,1
PHC-DST-C2-04,2025-06-25,88.0,6.0,3,11,2
PHC-DST-C2-04,2025-06-26,84.0,5.0,7,9,3
PHC-DST-C2-04,2025-06-27,83.0,2.0,5,7,1
PHC-DST-C2-04,2025-06-28,75.0,3.0,4,8,2
PHC-DST-C2-04,2025-06-29,34.0,4.0,6,8,2
PHC-DST-C2-04,2025-06-30,104.0,1.0,4,9,3
PHC-DST-C2-05,2024-01-01,67.0,2.0,4,7,0
PHC-DST-C2-05,2024-01-02,65.0,2.0,4,7,1
PHC-DST-C2-05,2024-01-03,57.0,3.0,2,7,0
PHC-DST-C2-05,2024-01-04,58.0,0.0,4,9,1
PHC-DST-C2-05,2024-01-05,59.0,4.0,5,5,0
PHC-DST-C2-05,2024-01-06,54.0,0.0,3,9,0
PHC-DST-C2-05,2024-01-07,25.0,4.0,4,7,4
PHC-DST-C2-05,2024-01-08,76.0,2.0,2,11,2
PHC-DST-C2-05,2024-01-09,69.0,1.0,4,4,1
PHC-DST-C2-05,2024-01-10,70.0,0.0,4,8,1
PHC-DST-C2-05,2024-01-11,51.0,1.0,3,4,1
PHC-DST-C2-05,2024-01-12,65.0,1.0,4,10,0
PHC-DST-C2-05,2024-01-13,57.0,0.0,2,10,3
PHC-DST-C2-05,2024-01-14,29.0,3.0,4,8,1
PHC-DST-C2-05,2024-01-15,74.0,0.0,3,6,0
PHC-DST-C2-05,2024-01-16,68.0,4.0,4,5,3
PHC-DST-C2-05,2024-01-17,60.0,4.0,2,6,1
PHC-DST-C2-05,2024-01-18,55.0,1.0,4,8,0
PHC-DST-C2-05,2024-01-19,58.0,2.0,3,6,0
PHC-DST-C2-05,2024-01-20,54.0,2.0,5,10,0
PHC-DST-C2-05,2024-01-21,24.0,0.0,3,7,1
PHC-DST-C2-05,2024-01-22,73.0,1.0,3,8,1
PHC-DST-C2-05,2024-01-23,61.0,0.0,5,4,3
PHC-DST-C2-05,2024-01-24,60.0,5.0,4,7,1
PHC-DST-C2-05,2024-01-25,59.0,2.0,4,6,0
PHC-DST-C2-05,2024-01-26,55.0,3.0,4,8,1
PHC-DST-C2-05,2024-01-27,55.0,2.0,4,8,1
PHC-DST-C2-05,2024-01-28,25.0,2.0,4,4,2
PHC-DST-C2-05,2024-01-29,68.0,5.0,3,7,2
PHC-DST-C2-05,2024-01-30,68.0,3.0,4,8,0
PHC-DST-C2-05,2024-01-31,62.0,1.0,3,8,1
PHC-DST-C2-05,2024-02-01,56.0,2.0,3,7,0
PHC-DST-C2-05,2024-02-02,58.0,2.0,3,7,0
PHC-DST-C2-05,2024-02-03,53.0,2.0,3,9,1
PHC-DST-C2-05,2024-02-04,28.0,4.0,4,7,1
PHC-DST-C2-05,2024-02-05,67.0,3.0,2,7,2
PHC-DST-C2-05,2024-02-06,68.0,2.0,4,7,1
PHC-DST-C2-05,2024-02-07,64.0,3.0,3,5,3
PHC-DST-C2-05,2024-02-08,56.0,1.0,5,5,1
PHC-DST-C2-05,2024-02-09,59.0,5.0,2,8,0
PHC-DST-C2-05,2024-02-10,55.0,2.0,3,9,0
PHC-DST-C2-05,2024-02-11,20.0,2.0,4,6,2
PHC-DST-C2-05,2024-02-12,65.0,3.0,1,8,2
PHC-DST-C2-05,2024-02-13,66.0,1.0,5,6,1
PHC-DST-C2-05,2024-02-14,53.0,2.0,1,2,1
PHC-DST-C2-05,2024-02-15,58.0,0.0,4,9,2
PHC-DST-C2-05,2024-02-16,61.0,5.0,3,9,3
PHC-DST-C2-05,2024-02-17,56.0,3.0,3,7,0
PHC-DST-C2-05,2024-02-18,24.0,5.0,3,6,1
PHC-DST-C2-05,2024-02-19,72.0,3.0,3,7,1
PHC-DST-C2-05,2024-02-20,67.0,2.0,5,5,3
PHC-DST-C2-05,2024-02-21,59.0,2.0,4,5,1
PHC-DST-C2-05,2024-02-22,59.0,,4,7,1
PHC-DST-C2-05,2024-02-23,,0.0,2,10,0
PHC-DST-C2-05,2024-02-24,51.0,1.0,4,5,1
PHC-DST-C2-05,2024-02-25,22.0,1.0,1,6,3
PHC-DST-C2-05,2024-02-26,71.0,1.0,4,8,0
PHC-DST-C2-05,2024-02-27,60.0,3.0,2,7,0
PHC-DST-C2-05,2024-02-28,63.0,3.0,2,8,2
PHC-DST-C2-05,2024-02-29,54.0,9.0,4,2,1
PHC-DST-C2-05,2024-03-01,58.0,2.0,5,7,0
PHC-DST-C2-05,2024-03-02,54.0,2.0,5,5,3
PHC-DST-C2-05,2024-03-03,25.0,1.0,3,6,0
PHC-DST-C2-05,2024-03-04,67.0,2.0,4,7,6
PHC-DST-C2-05,2024-03-05,63.0,2.0,2,8,2
PHC-DST-C2-05,2024-03-06,61.0,5.0,4,6,1
PHC-DST-C2-05,2024-03-07,52.0,1.0,3,5,2
PHC-DST-C2-05,2024-03-08,56.0,1.0,2,5,0
PHC-DST-C2-05,2024-03-09,52.0,0.0,3,6,3
PHC-DST-C2-05,2024-03-10,29.0,3.0,4,6,1
PHC-DST-C2-05,2024-03-11,72.0,1.0,3,7,1
PHC-DST-C2-05,2024-03-12,60.0,,4,6,0
PHC-DST-C2-05,2024-03-13,63.0,2.0,3,9,0
PHC-DST-C2-05,2024-03-14,52.0,3.0,3,6,3
PHC-DST-C2-05,2024-03-15,58.0,0.0,3,6,1
PHC-DST-C2-05,2024-03-16,49.0,0.0,5,7,1
PHC-DST-C2-05,2024-03-17,24.0,2.0,3,7,3
PHC-DST-C2-05,2024-03-18,73.0,2.0,6,8,0
PHC-DST-C2-05,2024-03-19,64.0,5.0,1,6,1
PHC-DST-C2-05,2024-03-20,58.0,3.0,3,6,1
PHC-DST-C2-05,2024-03-21,58.0,2.0,4,7,1
PHC-DST-C2-05,2024-03-22,58.0,4.0,5,6,0
PHC-DST-C2-05,2024-03-23,49.0,6.0,1,5,2
PHC-DST-C2-05,2024-03-24,24.0,1.0,1,6,4
PHC-DST-C2-05,2024-03-25,72.0,1.0,6,7,0
PHC-DST-C2-05,2024-03-26,68.0,1.0,3,9,2
PHC-DST-C2-05,2024-03-27,70.0,1.0,6,10,2
PHC-DST-C2-05,2024-03-28,61.0,3.0,3,11,4
PHC-DST-C2-05,2024-03-29,61.0,0.0,4,8,2
PHC-DST-C2-05,2024-03-30,49.0,3.0,4,7,1
PHC-DST-C2-05,2024-03-31,20.0,4.0,2,6,3
PHC-DST-C2-05,2024-04-01,68.0,1.0,4,6,1
PHC-DST-C2-05,2024-04-02,67.0,1.0,4,9,3
PHC-DST-C2-05,2024-04-03,61.0,1.0,2,7,2
PHC-DST-C2-05,2024-04-04,56.0,1.0,3,3,1
PHC-DST-C2-05,2024-04-05,56.0,1.0,3,3,1
PHC-DST-C2-05,2024-04-06,49.0,3.0,3,4,1
PHC-DST-C2-05,2024-04-07,17.0,,2,8,2
PHC-DST-C2-05,2024-04-08,67.0,2.0,4,5,4
PHC-DST-C2-05,2024-04-09,63.0,3.0,4,6,1
PHC-DST-C2-05,2024-04-10,62.0,4.0,4,7,2
PHC-DST-C2-05,2024-04-11,62.0,3.0,4,9,0
PHC-DST-C2-05,2024-04-12,58.0,2.0,4,5,2
PHC-DST-C2-05,2024-04-13,57.0,2.0,3,7,0
PHC-DST-C2-05,2024-04-14,26.0,2.0,4,5,1
PHC-DST-C2-05,2024-04-15,70.0,2.0,3,5,1
PHC-DST-C2-05,2024-04-16,69.0,3.0,3,8,1
PHC-DST-C2-05,2024-04-17,62.0,3.0,3,6,2
PHC-DST-C2-05,2024-04-18,59.0,2.0,4,8,1
PHC-DST-C2-05,2024-04-19,67.0,1.0,4,10,0
PHC-DST-C2-05,2024-04-20,53.0,2.0,3,7,1
PHC-DST-C2-05,2024-04-21,27.0,1.0,4,6,1
PHC-DST-C2-05,2024-04-22,66.0,2.0,3,6,3
PHC-DST-C2-05,2024-04-23,64.0,1.0,3,8,1
PHC-DST-C2-05,2024-04-24,59.0,2.0,2,8,2
PHC-DST-C2-05,2024-04-25,56.0,2.0,3,5,4
PHC-DST-C2-05,2024-04-26,61.0,1.0,3,7,2
PHC-DST-C2-05,2024-04-27,55.0,3.0,4,9,3
PHC-DST-C2-05,2024-04-28,22.0,3.0,2,5,0
PHC-DST-C2-05,2024-04-29,75.0,2.0,5,8,1
PHC-DST-C2-05,2024-04-30,68.0,1.0,3,8,2
PHC-DST-C2-05,2024-05-01,60.0,1.0,4,8,3
PHC-DST-C2-05,2024-05-02,52.0,4.0,3,5,1
PHC-DST-C2-05,2024-05-03,56.0,2.0,5,5,2
PHC-DST-C2-05,2024-05-04,54.0,3.0,4,8,0
PHC-DST-C2-05,2024-05-05,,3.0,3,5,2
PHC-DST-C2-05,2024-05-06,65.0,1.0,2,5,3
PHC-DST-C2-05,2024-05-07,63.0,2.0,2,4,1
PHC-DST-C2-05,2024-05-08,57.0,0.0,4,5,3
PHC-DST-C2-05,2024-05-09,53.0,4.0,3,7,2
PHC-DST-C2-05,2024-05-10,61.0,3.0,2,6,1
PHC-DST-C2-05,2024-05-11,55.0,5.0,4,5,0
PHC-DST-C2-05,2024-05-12,29.0,2.0,4,7,2
PHC-DST-C2-05,2024-05-13,71.0,2.0,2,5,0
PHC-DST-C2-05,2024-05-14,69.0,0.0,5,8,1
PHC-DST-C2-05,2024-05-15,62.0,2.0,3,7,0
PHC-DST-C2-05,2024-05-16,56.0,3.0,3,9,1
PHC-DST-C2-05,2024-05-17,62.0,5.0,2,8,1
PHC-DST-C2-05,2024-05-18,55.0,8.0,4,8,4
PHC-DST-C2-05,2024-05-19,20.0,0.0,4,5,0
PHC-DST-C2-05,2024-05-20,74.0,1.0,5,5,1
PHC-DST-C2-05,2024-05-21,68.0,3.0,5,7,3
PHC-DST-C2-05,2024-05-22,63.0,4.0,2,7,1
PHC-DST-C2-05,2024-05-23,52.0,4.0,3,6,2
PHC-DST-C2-05,2024-05-24,64.0,1.0,4,7,2
PHC-DST-C2-05,2024-05-25,52.0,3.0,4,7,1
PHC-DST-C2-05,2024-05-26,18.0,1.0,5,7,1
PHC-DST-C2-05,2024-05-27,72.0,2.0,4,8,2
PHC-DST-C2-05,2024-05-28,67.0,0.0,4,7,2
PHC-DST-C2-05,2024-05-29,62.0,1.0,3,8,1
PHC-DST-C2-05,2024-05-30,63.0,1.0,3,4,1
PHC-DST-C2-05,2024-05-31,56.0,1.0,4,5,0
PHC-DST-C2-05,2024-06-01,52.0,2.0,5,3,0
PHC-DST-C2-05,2024-06-02,22.0,1.0,3,3,1
PHC-DST-C2-05,2024-06-03,72.0,2.0,2,6,0
PHC-DST-C2-05,2024-06-04,65.0,1.0,3,6,2
PHC-DST-C2-05,2024-06-05,58.0,1.0,2,8,0
PHC-DST-C2-05,2024-06-06,60.0,4.0,4,9,0
PHC-DST-C2-05,2024-06-07,60.0,3.0,4,3,2
PHC-DST-C2-05,2024-06-08,51.0,3.0,2,8,0
PHC-DST-C2-05,2024-06-09,29.0,5.0,2,9,2
PHC-DST-C2-05,2024-06-10,71.0,3.0,3,9,3
PHC-DST-C2-05,2024-06-11,67.0,1.0,4,6,0
PHC-DST-C2-05,2024-06-12,65.0,7.0,3,7,4
PHC-DST-C2-05,2024-06-13,55.0,3.0,3,6,2
PHC-DST-C2-05,2024-06-14,58.0,1.0,2,3,2
PHC-DST-C2-05,2024-06-15,51.0,4.0,2,4,0
PHC-DST-C2-05,2024-06-16,25.0,1.0,2,6,0
PHC-DST-C2-05,2024-06-17,72.0,2.0,4,4,2
PHC-DST-C2-05,2024-06-18,72.0,2.0,3,5,1
PHC-DST-C2-05,2024-06-19,59.0,2.0,4,4,1
PHC-DST-C2-05,2024-06-20,62.0,4.0,4,7,0
PHC-DST-C2-05,2024-06-21,61.0,4.0,5,6,1
PHC-DST-C2-05,2024-06-22,56.0,3.0,5,6,0
PHC-DST-C2-05,2024-06-23,20.0,2.0,4,5,1
PHC-DST-C2-05,2024-06-24,73.0,1.0,3,8,2
PHC-DST-C2-05,2024-06-25,68.0,5.0,3,7,1
PHC-DST-C2-05,2024-06-26,60.0,1.0,1,9,3
PHC-DST-C2-05,2024-06-27,60.0,3.0,4,4,0
PHC-DST-C2-05,2024-06-28,62.0,1.0,3,7,2
PHC-DST-C2-05,2024-06-29,56.0,3.0,5,7,0
PHC-DST-C2-05,2024-06-30,23.0,1.0,3,4,0
PHC-DST-C2-05,2024-07-01,77.0,0.0,4,7,0
PHC-DST-C2-05,2024-07-02,66.0,0.0,4,7,0
PHC-DST-C2-05,2024-07-03,65.0,2.0,3,8,3
PHC-DST-C2-05,2024-07-04,58.0,3.0,3,8,1
PHC-DST-C2-05,2024-07-05,63.0,1.0,4,3,1
PHC-DST-C2-05,2024-07-06,51.0,1.0,3,8,0
PHC-DST-C2-05,2024-07-07,23.0,4.0,4,6,5
PHC-DST-C2-05,2024-07-08,62.0,0.0,3,5,0
PHC-DST-C2-05,2024-07-09,64.0,,4,8,1
PHC-DST-C2-05,2024-07-10,64.0,2.0,4,5,3
PHC-DST-C2-05,2024-07-11,62.0,1.0,3,7,0
PHC-DST-C2-05,2024-07-12,57.0,0.0,2,7,5
PHC-DST-C2-05,2024-07-13,52.0,2.0,3,6,0
PHC-DST-C2-05,2024-07-14,25.0,3.0,2,9,1
PHC-DST-C2-05,2024-07-15,77.0,3.0,3,8,1
PHC-DST-C2-05,2024-07-16,63.0,2.0,3,6,1
PHC-DST-C2-05,2024-07-17,57.0,3.0,3,9,1
PHC-DST-C2-05,2024-07-18,60.0,5.0,4,7,2
PHC-DST-C2-05,2024-07-19,59.0,1.0,2,5,0
PHC-DST-C2-05,2024-07-20,52.0,1.0,3,9,2
PHC-DST-C2-05,2024-07-21,30.0,3.0,3,8,2
PHC-DST-C2-05,2024-07-22,77.0,7.0,4,7,3
PHC-DST-C2-05,2024-07-23,63.0,3.0,5,6,2
PHC-DST-C2-05,2024-07-24,57.0,2.0,3,5,0
PHC-DST-C2-05,2024-07-25,60.0,1.0,4,8,4
PHC-DST-C2-05,2024-07-26,59.0,2.0,3,6,1
PHC-DST-C2-05,2024-07-27,58.0,5.0,4,7,1
PHC-DST-C2-05,2024-07-28,24.0,1.0,3,9,0
PHC-DST-C2-05,2024-07-29,76.0,3.0,2,11,1
PHC-DST-C2-05,2024-07-30,62.0,0.0,4,6,2
PHC-DST-C2-05,2024-07-31,58.0,1.0,2,7,0
PHC-DST-C2-05,2024-08-01,54.0,3.0,2,7,0
PHC-DST-C2-05,2024-08-02,61.0,1.0,3,10,0
PHC-DST-C2-05,2024-08-03,55.0,4.0,3,8,1
PHC-DST-C2-05,2024-08-04,19.0,1.0,0,9,0
PHC-DST-C2-05,2024-08-05,70.0,1.0,3,6,2
PHC-DST-C2-05,2024-08-06,71.0,5.0,4,10,0
PHC-DST-C2-05,2024-08-07,63.0,1.0,2,8,0
PHC-DST-C2-05,2024-08-08,59.0,3.0,4,8,6
PHC-DST-C2-05,2024-08-09,64.0,1.0,5,8,1
PHC-DST-C2-05,2024-08-10,44.0,3.0,1,4,3
PHC-DST-C2-05,2024-08-11,24.0,0.0,3,6,3
PHC-DST-C2-05,2024-08-12,72.0,1.0,2,6,2
PHC-DST-C2-05,2024-08-13,70.0,3.0,4,7,4
PHC-DST-C2-05,2024-08-14,61.0,1.0,3,4,1
PHC-DST-C2-05,2024-08-15,57.0,5.0,4,5,2
PHC-DST-C2-05,2024-08-16,67.0,3.0,11,6,1
PHC-DST-C2-05,2024-08-17,59.0,4.0,7,9,0
PHC-DST-C2-05,2024-08-18,28.0,1.0,5,7,1
PHC-DST-C2-05,2024-08-19,74.0,1.0,6,8,3
PHC-DST-C2-05,2024-08-20,70.0,3.0,6,5,1
PHC-DST-C2-05,2024-08-21,62.0,1.0,4,5,2
PHC-DST-C2-05,2024-08-22,63.0,3.0,1,12,3
PHC-DST-C2-05,2024-08-23,55.0,4.0,3,5,3
PHC-DST-C2-05,2024-08-24,50.0,2.0,3,5,7
PHC-DST-C2-05,2024-08-25,21.0,3.0,2,7,1
PHC-DST-C2-05,2024-08-26,69.0,3.0,4,6,6
PHC-DST-C2-05,2024-08-27,67.0,2.0,4,6,2
PHC-DST-C2-05,2024-08-28,66.0,2.0,3,7,4
PHC-DST-C2-05,2024-08-29,50.0,3.0,3,3,1
PHC-DST-C2-05,2024-08-30,57.0,4.0,2,5,3
PHC-DST-C2-05,2024-08-31,52.0,1.0,3,6,0
PHC-DST-C2-05,2024-09-01,24.0,1.0,3,6,1
PHC-DST-C2-05,2024-09-02,69.0,1.0,3,7,2
PHC-DST-C2-05,2024-09-03,62.0,3.0,3,7,3
PHC-DST-C2-05,2024-09-04,59.0,2.0,4,7,3
PHC-DST-C2-05,2024-09-05,61.0,3.0,5,5,1
PHC-DST-C2-05,2024-09-06,57.0,2.0,4,7,3
PHC-DST-C2-05,2024-09-07,57.0,2.0,3,10,1
PHC-DST-C2-05,2024-09-08,23.0,2.0,4,4,0
PHC-DST-C2-05,2024-09-09,63.0,1.0,2,8,4
PHC-DST-C2-05,2024-09-10,70.0,1.0,13,6,1
PHC-DST-C2-05,2024-09-11,61.0,3.0,4,4,2
PHC-DST-C2-05,2024-09-12,53.0,4.0,4,5,3
PHC-DST-C2-05,2024-09-13,61.0,,4,8,0
PHC-DST-C2-05,2024-09-14,61.0,2.0,4,9,2
PHC-DST-C2-05,2024-09-15,26.0,1.0,3,6,0
PHC-DST-C2-05,2024-09-16,78.0,3.0,2,15,2
PHC-DST-C2-05,2024-09-17,70.0,0.0,3,7,3
PHC-DST-C2-05,2024-09-18,58.0,2.0,1,6,2
PHC-DST-C2-05,2024-09-19,55.0,3.0,2,6,1
PHC-DST-C2-05,2024-09-20,61.0,1.0,4,4,3
PHC-DST-C2-05,2024-09-21,52.0,0.0,3,5,0
PHC-DST-C2-05,2024-09-22,27.0,1.0,3,4,3
PHC-DST-C2-05,2024-09-23,72.0,2.0,2,6,0
PHC-DST-C2-05,2024-09-24,59.0,2.0,3,4,4
PHC-DST-C2-05,2024-09-25,58.0,2.0,3,6,1
PHC-DST-C2-05,2024-09-26,61.0,2.0,5,8,0
PHC-DST-C2-05,2024-09-27,59.0,0.0,3,6,2
PHC-DST-C2-05,2024-09-28,48.0,2.0,3,10,5
PHC-DST-C2-05,2024-09-29,25.0,1.0,3,5,1
PHC-DST-C2-05,2024-09-30,66.0,2.0,5,4,1
PHC-DST-C2-05,2024-10-01,66.0,3.0,3,8,0
PHC-DST-C2-05,2024-10-02,57.0,3.0,2,6,3
PHC-DST-C2-05,2024-10-03,57.0,1.0,5,7,0
PHC-DST-C2-05,2024-10-04,56.0,4.0,5,8,1
PHC-DST-C2-05,2024-10-05,54.0,3.0,2,8,0
PHC-DST-C2-05,2024-10-06,22.0,1.0,1,6,0
PHC-DST-C2-05,2024-10-07,70.0,0.0,3,11,3
PHC-DST-C2-05,2024-10-08,64.0,2.0,3,6,0
PHC-DST-C2-05,2024-10-09,52.0,4.0,4,5,1
PHC-DST-C2-05,2024-10-10,56.0,1.0,4,6,1
PHC-DST-C2-05,2024-10-11,61.0,1.0,4,7,0
PHC-DST-C2-05,2024-10-12,54.0,2.0,2,9,0
PHC-DST-C2-05,2024-10-13,27.0,2.0,4,8,3
PHC-DST-C2-05,2024-10-14,68.0,5.0,4,7,2
PHC-DST-C2-05,2024-10-15,67.0,2.0,4,7,1
PHC-DST-C2-05,2024-10-16,63.0,1.0,5,5,5
PHC-DST-C2-05,2024-10-17,61.0,0.0,4,8,1
PHC-DST-C2-05,2024-10-18,55.0,1.0,3,5,2
PHC-DST-C2-05,2024-10-19,49.0,,3,5,0
PHC-DST-C2-05,2024-10-20,27.0,2.0,2,8,3
PHC-DST-C2-05,2024-10-21,71.0,2.0,3,7,0
PHC-DST-C2-05,2024-10-22,63.0,3.0,3,6,3
PHC-DST-C2-05,2024-10-23,60.0,1.0,2,6,0
PHC-DST-C2-05,2024-10-24,54.0,1.0,4,6,0
PHC-DST-C2-05,2024-10-25,60.0,4.0,3,6,4
PHC-DST-C2-05,2024-10-26,53.0,5.0,3,9,2
PHC-DST-C2-05,2024-10-27,20.0,2.0,3,6,1
PHC-DST-C2-05,2024-10-28,64.0,4.0,3,6,0
PHC-DST-C2-05,2024-10-29,60.0,0.0,4,6,3
PHC-DST-C2-05,2024-10-30,61.0,5.0,4,9,3
PHC-DST-C2-05,2024-10-31,57.0,1.0,2,7,3
PHC-DST-C2-05,2024-11-01,57.0,5.0,3,5,2
PHC-DST-C2-05,2024-11-02,57.0,1.0,5,8,4
PHC-DST-C2-05,2024-11-03,23.0,1.0,5,1,1
PHC-DST-C2-05,2024-11-04,70.0,0.0,4,6,1
PHC-DST-C2-05,2024-11-05,64.0,1.0,2,8,1
PHC-DST-C2-05,2024-11-06,59.0,4.0,4,8,2
PHC-DST-C2-05,2024-11-07,55.0,0.0,3,5,0
PHC-DST-C2-05,2024-11-08,61.0,1.0,3,7,1
PHC-DST-C2-05,2024-11-09,53.0,3.0,4,4,2
PHC-DST-C2-05,2024-11-10,28.0,1.0,2,7,2
PHC-DST-C2-05,2024-11-11,65.0,2.0,3,4,1
PHC-DST-C2-05,2024-11-12,66.0,3.0,2,8,0
PHC-DST-C2-05,2024-11-13,58.0,3.0,4,7,1
PHC-DST-C2-05,2024-11-14,63.0,5.0,5,9,2
PHC-DST-C2-05,2024-11-15,57.0,3.0,5,4,1
PHC-DST-C2-05,2024-11-16,58.0,1.0,3,7,0
PHC-DST-C2-05,2024-11-17,26.0,2.0,3,4,3
PHC-DST-C2-05,2024-11-18,66.0,1.0,2,5,0
PHC-DST-C2-05,2024-11-19,61.0,3.0,3,3,0
PHC-DST-C2-05,2024-11-20,55.0,1.0,0,8,2
PHC-DST-C2-05,2024-11-21,53.0,2.0,1,6,1
PHC-DST-C2-05,2024-11-22,60.0,0.0,3,7,4
PHC-DST-C2-05,2024-11-23,58.0,5.0,5,8,0
PHC-DST-C2-05,2024-11-24,26.0,2.0,4,5,6
PHC-DST-C2-05,2024-11-25,77.0,3.0,4,8,1
PHC-DST-C2-05,2024-11-26,64.0,3.0,5,4,2
PHC-DST-C2-05,2024-11-27,62.0,2.0,3,8,1
PHC-DST-C2-05,2024-11-28,63.0,0.0,4,7,1
PHC-DST-C2-05,2024-11-29,67.0,3.0,4,8,1
PHC-DST-C2-05,2024-11-30,47.0,,2,3,1
PHC-DST-C2-05,2024-12-01,26.0,1.0,4,6,0
PHC-DST-C2-05,2024-12-02,74.0,3.0,5,6,2
PHC-DST-C2-05,2024-12-03,62.0,3.0,4,5,1
PHC-DST-C2-05,2024-12-04,64.0,4.0,3,10,1
PHC-DST-C2-05,2024-12-05,62.0,4.0,3,10,4
PHC-DST-C2-05,2024-12-06,55.0,1.0,3,5,2
PHC-DST-C2-05,2024-12-07,49.0,3.0,4,7,1
PHC-DST-C2-05,2024-12-08,21.0,2.0,2,5,2
PHC-DST-C2-05,2024-12-09,69.0,3.0,5,5,0
PHC-DST-C2-05,2024-12-10,57.0,2.0,4,5,2
PHC-DST-C2-05,2024-12-11,59.0,2.0,2,7,1
PHC-DST-C2-05,2024-12-12,59.0,6.0,4,5,1
PHC-DST-C2-05,2024-12-13,58.0,4.0,2,3,1
PHC-DST-C2-05,2024-12-14,50.0,3.0,3,6,3
PHC-DST-C2-05,2024-12-15,22.0,1.0,3,7,3
PHC-DST-C2-05,2024-12-16,71.0,0.0,3,6,1
PHC-DST-C2-05,2024-12-17,73.0,3.0,3,6,1
PHC-DST-C2-05,2024-12-18,65.0,0.0,1,9,3
PHC-DST-C2-05,2024-12-19,60.0,1.0,3,8,2
PHC-DST-C2-05,2024-12-20,63.0,1.0,2,6,1
PHC-DST-C2-05,2024-12-21,49.0,0.0,3,7,0
PHC-DST-C2-05,2024-12-22,26.0,1.0,4,8,1
PHC-DST-C2-05,2024-12-23,70.0,2.0,4,6,0
PHC-DST-C2-05,2024-12-24,66.0,4.0,4,8,0
PHC-DST-C2-05,2024-12-25,58.0,3.0,5,6,4
PHC-DST-C2-05,2024-12-26,58.0,3.0,2,8,1
PHC-DST-C2-05,2024-12-27,55.0,5.0,1,7,2
PHC-DST-C2-05,2024-12-28,51.0,0.0,2,7,1
PHC-DST-C2-05,2024-12-29,24.0,2.0,4,7,1
PHC-DST-C2-05,2024-12-30,62.0,2.0,3,4,1
PHC-DST-C2-05,2024-12-31,70.0,2.0,4,9,1
PHC-DST-C2-05,2025-01-01,61.0,4.0,6,6,3
PHC-DST-C2-05,2025-01-02,55.0,1.0,4,8,0
PHC-DST-C2-05,2025-01-03,65.0,0.0,4,7,2
PHC-DST-C2-05,2025-01-04,56.0,4.0,4,6,1
PHC-DST-C2-05,2025-01-05,22.0,3.0,4,8,2
PHC-DST-C2-05,2025-01-06,63.0,3.0,3,6,3
PHC-DST-C2-05,2025-01-07,65.0,2.0,4,6,1
PHC-DST-C2-05,2025-01-08,57.0,2.0,3,6,0
PHC-DST-C2-05,2025-01-09,60.0,3.0,3,5,1
PHC-DST-C2-05,2025-01-10,57.0,2.0,4,5,2
PHC-DST-C2-05,2025-01-11,53.0,4.0,3,6,2
PHC-DST-C2-05,2025-01-12,31.0,6.0,5,9,1
PHC-DST-C2-05,2025-01-13,73.0,4.0,4,8,3
PHC-DST-C2-05,2025-01-14,65.0,1.0,3,5,1
PHC-DST-C2-05,2025-01-15,53.0,0.0,1,7,0
PHC-DST-C2-05,2025-01-16,60.0,2.0,2,7,2
PHC-DST-C2-05,2025-01-17,61.0,1.0,4,7,1
PHC-DST-C2-05,2025-01-18,54.0,0.0,5,6,3
PHC-DST-C2-05,2025-01-19,27.0,2.0,4,7,2
PHC-DST-C2-05,2025-01-20,70.0,1.0,3,8,3
PHC-DST-C2-05,2025-01-21,66.0,3.0,3,7,1
PHC-DST-C2-05,2025-01-22,60.0,2.0,3,6,3
PHC-DST-C2-05,2025-01-23,58.0,2.0,3,7,3
PHC-DST-C2-05,2025-01-24,66.0,1.0,4,9,2
PHC-DST-C2-05,2025-01-25,53.0,1.0,4,10,1
PHC-DST-C2-05,2025-01-26,27.0,1.0,3,8,1
PHC-DST-C2-05,2025-01-27,69.0,2.0,3,8,0
PHC-DST-C2-05,2025-01-28,64.0,3.0,5,6,2
PHC-DST-C2-05,2025-01-29,63.0,1.0,1,7,2
PHC-DST-C2-05,2025-01-30,60.0,4.0,3,7,1
PHC-DST-C2-05,2025-01-31,67.0,1.0,3,10,1
PHC-DST-C2-05,2025-02-01,50.0,1.0,3,7,2
PHC-DST-C2-05,2025-02-02,23.0,2.0,3,7,0
PHC-DST-C2-05,2025-02-03,67.0,1.0,3,5,3
PHC-DST-C2-05,2025-02-04,67.0,1.0,2,7,3
PHC-DST-C2-05,2025-02-05,59.0,3.0,2,5,1
PHC-DST-C2-05,2025-02-06,58.0,1.0,4,6,1
PHC-DST-C2-05,2025-02-07,62.0,3.0,3,7,1
PHC-DST-C2-05,2025-02-08,54.0,5.0,3,9,0
PHC-DST-C2-05,2025-02-09,26.0,1.0,3,6,1
PHC-DST-C2-05,2025-02-10,78.0,0.0,4,7,1
PHC-DST-C2-05,2025-02-11,66.0,1.0,2,5,0
PHC-DST-C2-05,2025-02-12,57.0,1.0,3,8,1
PHC-DST-C2-05,2025-02-13,56.0,3.0,3,3,4
PHC-DST-C2-05,2025-02-14,59.0,2.0,4,7,3
PHC-DST-C2-05,2025-02-15,50.0,1.0,2,5,0
PHC-DST-C2-05,2025-02-16,28.0,2.0,4,7,0
PHC-DST-C2-05,2025-02-17,69.0,0.0,1,7,3
PHC-DST-C2-05,2025-02-18,61.0,3.0,4,6,1
PHC-DST-C2-05,2025-02-19,,2.0,4,7,5
PHC-DST-C2-05,2025-02-20,57.0,1.0,5,9,1
PHC-DST-C2-05,2025-02-21,58.0,2.0,3,4,0
PHC-DST-C2-05,2025-02-22,55.0,4.0,2,11,4
PHC-DST-C2-05,2025-02-23,27.0,4.0,3,8,1
PHC-DST-C2-05,2025-02-24,80.0,2.0,4,5,3
PHC-DST-C2-05,2025-02-25,67.0,5.0,4,8,1
PHC-DST-C2-05,2025-02-26,61.0,0.0,3,8,1
PHC-DST-C2-05,2025-02-27,53.0,2.0,1,7,4
PHC-DST-C2-05,2025-02-28,59.0,0.0,4,5,3
PHC-DST-C2-05,2025-03-01,48.0,2.0,4,3,2
PHC-DST-C2-05,2025-03-02,22.0,4.0,3,4,1
PHC-DST-C2-05,2025-03-03,65.0,5.0,3,7,4
PHC-DST-C2-05,2025-03-04,65.0,1.0,5,5,2
PHC-DST-C2-05,2025-03-05,60.0,3.0,5,9,3
PHC-DST-C2-05,2025-03-06,55.0,1.0,2,6,2
PHC-DST-C2-05,2025-03-07,65.0,1.0,3,7,1
PHC-DST-C2-05,2025-03-08,55.0,3.0,3,11,0
PHC-DST-C2-05,2025-03-09,24.0,4.0,4,7,1
PHC-DST-C2-05,2025-03-10,69.0,1.0,4,7,1
PHC-DST-C2-05,2025-03-11,69.0,1.0,4,8,0
PHC-DST-C2-05,2025-03-12,58.0,2.0,3,5,3
PHC-DST-C2-05,2025-03-13,54.0,0.0,4,7,4
PHC-DST-C2-05,2025-03-14,66.0,1.0,5,6,2
PHC-DST-C2-05,2025-03-15,52.0,4.0,4,3,3
PHC-DST-C2-05,2025-03-16,26.0,2.0,1,6,2
PHC-DST-C2-05,2025-03-17,72.0,2.0,3,7,2
PHC-DST-C2-05,2025-03-18,69.0,0.0,2,8,0
PHC-DST-C2-05,2025-03-19,63.0,2.0,4,5,1
PHC-DST-C2-05,2025-03-20,60.0,1.0,4,7,2
PHC-DST-C2-05,2025-03-21,65.0,3.0,4,8,1
PHC-DST-C2-05,2025-03-22,54.0,3.0,3,8,1
PHC-DST-C2-05,2025-03-23,28.0,3.0,2,8,1
PHC-DST-C2-05,2025-03-24,73.0,4.0,5,10,1
PHC-DST-C2-05,2025-03-25,62.0,4.0,3,4,2
PHC-DST-C2-05,2025-03-26,,1.0,4,7,0
PHC-DST-C2-05,2025-03-27,57.0,2.0,5,5,2
PHC-DST-C2-05,2025-03-28,63.0,3.0,2,9,1
PHC-DST-C2-05,2025-03-29,54.0,3.0,5,7,2
PHC-DST-C2-05,2025-03-30,20.0,2.0,2,6,3
PHC-DST-C2-05,2025-03-31,70.0,1.0,4,9,1
PHC-DST-C2-05,2025-04-01,63.0,1.0,4,7,1
PHC-DST-C2-05,2025-04-02,62.0,2.0,4,5,0
PHC-DST-C2-05,2025-04-03,55.0,2.0,4,5,2
PHC-DST-C2-05,2025-04-04,64.0,1.0,5,8,0
PHC-DST-C2-05,2025-04-05,55.0,0.0,2,7,0
PHC-DST-C2-05,2025-04-06,27.0,2.0,3,7,2
PHC-DST-C2-05,2025-04-07,70.0,3.0,3,6,0
PHC-DST-C2-05,2025-04-08,69.0,4.0,3,5,0
PHC-DST-C2-05,2025-04-09,58.0,3.0,4,5,4
PHC-DST-C2-05,2025-04-10,57.0,4.0,1,7,0
PHC-DST-C2-05,2025-04-11,59.0,3.0,2,2,0
PHC-DST-C2-05,2025-04-12,,1.0,3,6,0
PHC-DST-C2-05,2025-04-13,20.0,1.0,4,7,0
PHC-DST-C2-05,2025-04-14,68.0,3.0,4,8,4
PHC-DST-C2-05,2025-04-15,65.0,1.0,2,5,0
PHC-DST-C2-05,2025-04-16,59.0,2.0,2,6,2
PHC-DST-C2-05,2025-04-17,58.0,1.0,2,5,1
PHC-DST-C2-05,2025-04-18,60.0,3.0,2,7,1
PHC-DST-C2-05,2025-04-19,,0.0,3,9,0
PHC-DST-C2-05,2025-04-20,26.0,3.0,4,7,3
PHC-DST-C2-05,2025-04-21,75.0,3.0,4,7,4
PHC-DST-C2-05,2025-04-22,68.0,2.0,3,11,0
PHC-DST-C2-05,2025-04-23,58.0,1.0,3,7,2
PHC-DST-C2-05,2025-04-24,54.0,0.0,4,7,1
PHC-DST-C2-05,2025-04-25,63.0,3.0,5,8,2
PHC-DST-C2-05,2025-04-26,53.0,0.0,2,6,1
PHC-DST-C2-05,2025-04-27,29.0,1.0,3,8,2
PHC-DST-C2-05,2025-04-28,71.0,,3,6,1
PHC-DST-C2-05,2025-04-29,63.0,3.0,3,8,2
PHC-DST-C2-05,2025-04-30,55.0,2.0,3,3,1
PHC-DST-C2-05,2025-05-01,59.0,4.0,2,4,0
PHC-DST-C2-05,2025-05-02,61.0,0.0,4,8,1
PHC-DST-C2-05,2025-05-03,54.0,5.0,5,7,2
PHC-DST-C2-05,2025-05-04,27.0,1.0,4,8,1
PHC-DST-C2-05,2025-05-05,74.0,3.0,3,6,0
PHC-DST-C2-05,2025-05-06,68.0,1.0,3,6,0
PHC-DST-C2-05,2025-05-07,61.0,6.0,4,8,2
PHC-DST-C2-05,2025-05-08,57.0,3.0,3,7,4
PHC-DST-C2-05,2025-05-09,61.0,2.0,4,5,0
PHC-DST-C2-05,2025-05-10,51.0,4.0,2,5,1
PHC-DST-C2-05,2025-05-11,23.0,3.0,3,8,1
PHC-DST-C2-05,2025-05-12,65.0,4.0,2,7,2
PHC-DST-C2-05,2025-05-13,67.0,1.0,5,6,7
PHC-DST-C2-05,2025-05-14,59.0,1.0,3,9,0
PHC-DST-C2-05,2025-05-15,60.0,4.0,1,8,1
PHC-DST-C2-05,2025-05-16,66.0,2.0,4,7,0
PHC-DST-C2-05,2025-05-17,50.0,2.0,2,5,0
PHC-DST-C2-05,2025-05-18,20.0,3.0,4,8,0
PHC-DST-C2-05,2025-05-19,70.0,2.0,3,7,0
PHC-DST-C2-05,2025-05-20,69.0,3.0,4,9,1
PHC-DST-C2-05,2025-05-21,59.0,0.0,5,7,1
PHC-DST-C2-05,2025-05-22,58.0,2.0,3,5,1
PHC-DST-C2-05,2025-05-23,61.0,1.0,3,5,2
PHC-DST-C2-05,2025-05-24,,3.0,3,6,0
PHC-DST-C2-05,2025-05-25,24.0,5.0,3,7,0
PHC-DST-C2-05,2025-05-26,68.0,1.0,3,6,1
PHC-DST-C2-05,2025-05-27,74.0,0.0,5,12,1
PHC-DST-C2-05,2025-05-28,60.0,3.0,2,8,2
PHC-DST-C2-05,2025-05-29,60.0,2.0,4,9,0
PHC-DST-C2-05,2025-05-30,57.0,3.0,4,7,3
PHC-DST-C2-05,2025-05-31,55.0,3.0,3,12,1
PHC-DST-C2-05,2025-06-01,25.0,1.0,3,7,1
PHC-DST-C2-05,2025-06-02,76.0,2.0,4,6,1
PHC-DST-C2-05,2025-06-03,61.0,1.0,3,4,0
PHC-DST-C2-05,2025-06-04,63.0,3.0,4,5,1
PHC-DST-C2-05,2025-06-05,,1.0,2,5,0
PHC-DST-C2-05,2025-06-06,60.0,5.0,4,7,3
PHC-DST-C2-05,2025-06-07,51.0,3.0,4,7,0
PHC-DST-C2-05,2025-06-08,24.0,5.0,4,5,0
PHC-DST-C2-05,2025-06-09,70.0,1.0,4,6,1
PHC-DST-C2-05,2025-06-10,67.0,3.0,4,8,1
PHC-DST-C2-05,2025-06-11,63.0,1.0,4,7,0
PHC-DST-C2-05,2025-06-12,54.0,5.0,4,6,4
PHC-DST-C2-05,2025-06-13,56.0,1.0,4,6,1
PHC-DST-C2-05,2025-06-14,49.0,2.0,5,4,2
PHC-DST-C2-05,2025-06-15,17.0,2.0,2,7,3
PHC-DST-C2-05,2025-06-16,69.0,4.0,4,4,3
PHC-DST-C2-05,2025-06-17,65.0,3.0,2,6,0
PHC-DST-C2-05,2025-06-18,66.0,0.0,3,10,1
PHC-DST-C2-05,2025-06-19,59.0,3.0,3,6,1
PHC-DST-C2-05,2025-06-20,61.0,0.0,3,9,4
PHC-DST-C2-05,2025-06-21,51.0,1.0,2,4,2
PHC-DST-C2-05,2025-06-22,21.0,4.0,1,7,1
PHC-DST-C2-05,2025-06-23,68.0,2.0,4,5,3
PHC-DST-C2-05,2025-06-24,65.0,4.0,4,4,1
PHC-DST-C2-05,2025-06-25,,2.0,3,5,0
PHC-DST-C2-05,2025-06-26,56.0,2.0,3,8,1
PHC-DST-C2-05,2025-06-27,62.0,2.0,1,9,0
PHC-DST-C2-05,2025-06-28,53.0,6.0,3,8,5
PHC-DST-C2-05,2025-06-29,27.0,1.0,0,8,3
PHC-DST-C2-05,2025-06-30,71.0,1.0,2,7,0
PHC-DST-C2-06,2024-01-01,135.0,4.0,5,17,2
PHC-DST-C2-06,2024-01-02,127.0,4.0,7,13,4
PHC-DST-C2-06,2024-01-03,114.0,8.0,7,11,3
PHC-DST-C2-06,2024-01-04,111.0,3.0,4,14,3
PHC-DST-C2-06,2024-01-05,120.0,5.0,7,16,2
PHC-DST-C2-06,2024-01-06,95.0,5.0,4,12,1
PHC-DST-C2-06,2024-01-07,45.0,6.0,8,12,3
PHC-DST-C2-06,2024-01-08,136.0,2.0,6,15,0
PHC-DST-C2-06,2024-01-09,127.0,8.0,6,14,0
PHC-DST-C2-06,2024-01-10,116.0,4.0,7,11,1
PHC-DST-C2-06,2024-01-11,109.0,2.0,6,9,2
PHC-DST-C2-06,2024-01-12,113.0,4.0,6,11,5
PHC-DST-C2-06,2024-01-13,103.0,4.0,6,14,3
PHC-DST-C2-06,2024-01-14,55.0,3.0,6,17,3
PHC-DST-C2-06,2024-01-15,134.0,3.0,8,12,4
PHC-DST-C2-06,2024-01-16,124.0,5.0,6,15,6
PHC-DST-C2-06,2024-01-17,110.0,3.0,6,11,8
PHC-DST-C2-06,2024-01-18,111.0,2.0,6,13,1
PHC-DST-C2-06,2024-01-19,117.0,0.0,5,14,3
PHC-DST-C2-06,2024-01-20,96.0,5.0,6,10,2
PHC-DST-C2-06,2024-01-21,46.0,6.0,6,12,1
PHC-DST-C2-06,2024-01-22,132.0,7.0,7,16,5
PHC-DST-C2-06,2024-01-23,122.0,1.0,6,12,1
PHC-DST-C2-06,2024-01-24,120.0,3.0,5,13,3
PHC-DST-C2-06,2024-01-25,105.0,3.0,5,14,6
PHC-DST-C2-06,2024-01-26,115.0,,6,14,4
PHC-DST-C2-06,2024-01-27,107.0,2.0,6,14,4
PHC-DST-C2-06,2024-01-28,51.0,7.0,4,18,5
PHC-DST-C2-06,2024-01-29,134.0,4.0,7,14,3
PHC-DST-C2-06,2024-01-30,122.0,1.0,7,9,3
PHC-DST-C2-06,2024-01-31,119.0,5.0,7,15,2
PHC-DST-C2-06,2024-02-01,112.0,9.0,5,13,3
PHC-DST-C2-06,2024-02-02,119.0,6.0,5,12,1
PHC-DST-C2-06,2024-02-03,98.0,3.0,6,11,0
PHC-DST-C2-06,2024-02-04,46.0,7.0,7,13,9
PHC-DST-C2-06,2024-02-05,134.0,3.0,10,13,3
PHC-DST-C2-06,2024-02-06,125.0,6.0,7,13,4
PHC-DST-C2-06,2024-02-07,115.0,3.0,6,14,4
PHC-DST-C2-06,2024-02-08,112.0,4.0,5,17,4
PHC-DST-C2-06,2024-02-09,112.0,4.0,7,14,3
PHC-DST-C2-06,2024-02-10,102.0,5.0,4,15,3
PHC-DST-C2-06,2024-02-11,48.0,5.0,7,14,0
PHC-DST-C2-06,2024-02-12,,3.0,5,11,1
PHC-DST-C2-06,2024-02-13,118.0,4.0,7,10,2
PHC-DST-C2-06,2024-02-14,117.0,7.0,6,13,3
PHC-DST-C2-06,2024-02-15,116.0,7.0,7,15,1
PHC-DST-C2-06,2024-02-16,113.0,4.0,5,11,2
PHC-DST-C2-06,2024-02-17,99.0,4.0,5,12,1
PHC-DST-C2-06,2024-02-18,53.0,4.0,7,18,2
PHC-DST-C2-06,2024-02-19,134.0,9.0,5,12,4
PHC-DST-C2-06,2024-02-20,126.0,4.0,5,14,2
PHC-DST-C2-06,2024-02-21,113.0,7.0,7,10,5
PHC-DST-C2-06,2024-02-22,107.0,4.0,5,12,4
PHC-DST-C2-06,2024-02-23,116.0,5.0,5,13,3
PHC-DST-C2-06,2024-02-24,96.0,6.0,5,9,2
PHC-DST-C2-06,2024-02-25,49.0,7.0,4,17,1
PHC-DST-C2-06,2024-02-26,138.0,5.0,7,14,4
PHC-DST-C2-06,2024-02-27,126.0,4.0,7,10,3
PHC-DST-C2-06,2024-02-28,108.0,3.0,7,13,3
PHC-DST-C2-06,2024-02-29,113.0,4.0,5,17,2
PHC-DST-C2-06,2024-03-01,120.0,10.0,8,13,4
PHC-DST-C2-06,2024-03-02,98.0,3.0,5,13,3
PHC-DST-C2-06,2024-03-03,47.0,4.0,6,14,4
PHC-DST-C2-06,2024-03-04,131.0,9.0,6,13,7
PHC-DST-C2-06,2024-03-05,124.0,6.0,6,11,1
PHC-DST-C2-06,2024-03-06,123.0,3.0,6,14,3
PHC-DST-C2-06,2024-03-07,109.0,4.0,5,10,1
PHC-DST-C2-06,2024-03-08,112.0,3.0,5,11,1
PHC-DST-C2-06,2024-03-09,100.0,8.0,4,13,1
PHC-DST-C2-06,2024-03-10,44.0,1.0,6,8,1
PHC-DST-C2-06,2024-03-11,134.0,2.0,7,14,1
PHC-DST-C2-06,2024-03-12,119.0,4.0,8,10,3
PHC-DST-C2-06,2024-03-13,117.0,1.0,7,12,3
PHC-DST-C2-06,2024-03-14,110.0,1.0,8,13,1
PHC-DST-C2-06,2024-03-15,111.0,3.0,6,12,2
PHC-DST-C2-06,2024-03-16,102.0,6.0,7,11,3
PHC-DST-C2-06,2024-03-17,47.0,5.0,6,13,4
PHC-DST-C2-06,2024-03-18,136.0,2.0,6,12,3
PHC-DST-C2-06,2024-03-19,130.0,6.0,7,14,5
PHC-DST-C2-06,2024-03-20,116.0,5.0,4,13,0
PHC-DST-C2-06,2024-03-21,108.0,5.0,8,11,2
PHC-DST-C2-06,2024-03-22,112.0,6.0,5,14,3
PHC-DST-C2-06,2024-03-23,101.0,7.0,6,13,4
PHC-DST-C2-06,2024-03-24,45.0,4.0,5,11,1
PHC-DST-C2-06,2024-03-25,127.0,2.0,6,10,1
PHC-DST-C2-06,2024-03-26,118.0,,5,12,3
PHC-DST-C2-06,2024-03-27,114.0,9.0,6,12,4
PHC-DST-C2-06,2024-03-28,107.0,8.0,7,10,3
PHC-DST-C2-06,2024-03-29,123.0,7.0,7,16,3
PHC-DST-C2-06,2024-03-30,99.0,3.0,7,8,5
PHC-DST-C2-06,2024-03-31,54.0,2.0,7,15,2
PHC-DST-C2-06,2024-04-01,136.0,5.0,6,14,2
PHC-DST-C2-06,2024-04-02,127.0,5.0,8,13,2
PHC-DST-C2-06,2024-04-03,110.0,2.0,5,12,0
PHC-DST-C2-06,2024-04-04,111.0,8.0,6,13,3
PHC-DST-C2-06,2024-04-05,117.0,5.0,6,12,1
PHC-DST-C2-06,2024-04-06,99.0,6.0,7,13,5
PHC-DST-C2-06,2024-04-07,50.0,2.0,7,11,1
PHC-DST-C2-06,2024-04-08,131.0,4.0,5,9,3
PHC-DST-C2-06,2024-04-09,125.0,5.0,5,11,2
PHC-DST-C2-06,2024-04-10,117.0,4.0,7,12,1
PHC-DST-C2-06,2024-04-11,116.0,,6,15,2
PHC-DST-C2-06,2024-04-12,115.0,4.0,7,13,5
PHC-DST-C2-06,2024-04-13,99.0,2.0,7,15,3
PHC-DST-C2-06,2024-04-14,48.0,4.0,7,12,3
PHC-DST-C2-06,2024-04-15,129.0,3.0,5,11,4
PHC-DST-C2-06,2024-04-16,124.0,6.0,6,13,3
PHC-DST-C2-06,2024-04-17,121.0,1.0,6,16,4
PHC-DST-C2-06,2024-04-18,103.0,3.0,7,12,0
PHC-DST-C2-06,2024-04-19,110.0,2.0,4,10,5
PHC-DST-C2-06,2024-04-20,93.0,4.0,6,12,1
PHC-DST-C2-06,2024-04-21,48.0,3.0,7,13,2
PHC-DST-C2-06,2024-04-22,141.0,4.0,6,13,5
PHC-DST-C2-06,2024-04-23,130.0,7.0,5,11,3
PHC-DST-C2-06,2024-04-24,116.0,3.0,5,16,4
PHC-DST-C2-06,2024-04-25,111.0,4.0,8,13,2
PHC-DST-C2-06,2024-04-26,111.0,4.0,5,11,2
PHC-DST-C2-06,2024-04-27,97.0,2.0,6,12,2
PHC-DST-C2-06,2024-04-28,48.0,1.0,7,14,6
PHC-DST-C2-06,2024-04-29,140.0,4.0,5,14,3
PHC-DST-C2-06,2024-04-30,116.0,5.0,5,12,2
PHC-DST-C2-06,2024-05-01,114.0,1.0,7,12,0
PHC-DST-C2-06,2024-05-02,102.0,5.0,4,11,1
PHC-DST-C2-06,2024-05-03,114.0,5.0,6,11,7
PHC-DST-C2-06,2024-05-04,102.0,3.0,8,15,3
PHC-DST-C2-06,2024-05-05,45.0,5.0,6,12,4
PHC-DST-C2-06,2024-05-06,138.0,6.0,5,15,2
PHC-DST-C2-06,2024-05-07,122.0,5.0,6,10,3
PHC-DST-C2-06,2024-05-08,112.0,4.0,6,13,0
PHC-DST-C2-06,2024-05-09,112.0,6.0,7,14,2
PHC-DST-C2-06,2024-05-10,110.0,4.0,5,13,2
PHC-DST-C2-06,2024-05-11,95.0,2.0,9,11,1
PHC-DST-C2-06,2024-05-12,50.0,3.0,4,13,4
PHC-DST-C2-06,2024-05-13,139.0,6.0,5,14,2
PHC-DST-C2-06,2024-05-14,123.0,5.0,4,15,3
PHC-DST-C2-06,2024-05-15,113.0,4.0,6,12,2
PHC-DST-C2-06,2024-05-16,105.0,6.0,6,13,3
PHC-DST-C2-06,2024-05-17,110.0,5.0,6,10,5
PHC-DST-C2-06,2024-05-18,100.0,8.0,6,8,0
PHC-DST-C2-06,2024-05-19,47.0,7.0,7,12,2
PHC-DST-C2-06,2024-05-20,130.0,8.0,7,12,3
PHC-DST-C2-06,2024-05-21,129.0,3.0,6,13,2
PHC-DST-C2-06,2024-05-22,115.0,5.0,6,15,4
PHC-DST-C2-06,2024-05-23,111.0,2.0,6,13,4
PHC-DST-C2-06,2024-05-24,115.0,4.0,5,13,4
PHC-DST-C2-06,2024-05-25,106.0,10.0,4,16,2
PHC-DST-C2-06,2024-05-26,41.0,4.0,5,9,2
PHC-DST-C2-06,2024-05-27,129.0,5.0,6,12,0
PHC-DST-C2-06,2024-05-28,125.0,2.0,5,14,1
PHC-DST-C2-06,2024-05-29,118.0,3.0,5,15,5
PHC-DST-C2-06,2024-05-30,105.0,4.0,8,8,4
PHC-DST-C2-06,2024-05-31,107.0,3.0,6,14,3
PHC-DST-C2-06,2024-06-01,97.0,3.0,7,11,3
PHC-DST-C2-06,2024-06-02,54.0,5.0,8,14,2
PHC-DST-C2-06,2024-06-03,140.0,5.0,7,14,0
PHC-DST-C2-06,2024-06-04,126.0,8.0,7,12,3
PHC-DST-C2-06,2024-06-05,116.0,3.0,6,15,6
PHC-DST-C2-06,2024-06-06,107.0,4.0,5,11,5
PHC-DST-C2-06,2024-06-07,112.0,5.0,8,13,4
PHC-DST-C2-06,2024-06-08,103.0,4.0,7,15,4
PHC-DST-C2-06,2024-06-09,45.0,5.0,4,14,1
PHC-DST-C2-06,2024-06-10,137.0,4.0,6,15,1
PHC-DST-C2-06,2024-06-11,124.0,1.0,7,12,3
PHC-DST-C2-06,2024-06-12,118.0,4.0,6,13,4
PHC-DST-C2-06,2024-06-13,102.0,4.0,5,10,3
PHC-DST-C2-06,2024-06-14,114.0,,5,11,3
PHC-DST-C2-06,2024-06-15,101.0,6.0,5,14,1
PHC-DST-C2-06,2024-06-16,47.0,3.0,4,11,1
PHC-DST-C2-06,2024-06-17,127.0,1.0,5,11,4
PHC-DST-C2-06,2024-06-18,127.0,3.0,6,12,3
PHC-DST-C2-06,2024-06-19,119.0,3.0,7,16,3
PHC-DST-C2-06,2024-06-20,110.0,6.0,7,13,2
PHC-DST-C2-06,2024-06-21,114.0,2.0,6,15,2
PHC-DST-C2-06,2024-06-22,102.0,9.0,8,11,2
PHC-DST-C2-06,2024-06-23,42.0,4.0,8,12,1
PHC-DST-C2-06,2024-06-24,133.0,2.0,8,15,2
PHC-DST-C2-06,2024-06-25,118.0,2.0,5,11,2
PHC-DST-C2-06,2024-06-26,108.0,5.0,3,13,3
PHC-DST-C2-06,2024-06-27,110.0,4.0,6,16,1
PHC-DST-C2-06,2024-06-28,116.0,4.0,5,16,2
PHC-DST-C2-06,2024-06-29,,4.0,8,17,4
PHC-DST-C2-06,2024-06-30,51.0,3.0,8,15,1
PHC-DST-C2-06,2024-07-01,133.0,2.0,7,14,5
PHC-DST-C2-06,2024-07-02,129.0,3.0,6,15,2
PHC-DST-C2-06,2024-07-03,113.0,3.0,4,13,2
PHC-DST-C2-06,2024-07-04,116.0,6.0,9,13,3
PHC-DST-C2-06,2024-07-05,,7.0,7,16,3
PHC-DST-C2-06,2024-07-06,99.0,4.0,7,14,4
PHC-DST-C2-06,2024-07-07,50.0,2.0,7,16,2
PHC-DST-C2-06,2024-07-08,134.0,5.0,5,13,4
PHC-DST-C2-06,2024-07-09,124.0,9.0,8,12,0
PHC-DST-C2-06,2024-07-10,113.0,7.0,5,9,5
PHC-DST-C2-06,2024-07-11,113.0,4.0,8,11,4
PHC-DST-C2-06,2024-07-12,117.0,3.0,6,13,6
PHC-DST-C2-06,2024-07-13,102.0,7.0,6,11,5
PHC-DST-C2-06,2024-07-14,47.0,2.0,6,11,4
PHC-DST-C2-06,2024-07-15,133.0,9.0,5,11,3
PHC-DST-C2-06,2024-07-16,117.0,4.0,6,7,1
PHC-DST-C2-06,2024-07-17,,5.0,4,8,1
PHC-DST-C2-06,2024-07-18,106.0,3.0,8,12,2
PHC-DST-C2-06,2024-07-19,,4.0,6,10,2
PHC-DST-C2-06,2024-07-20,103.0,4.0,6,15,4
PHC-DST-C2-06,2024-07-21,47.0,2.0,6,12,4
PHC-DST-C2-06,2024-07-22,134.0,1.0,4,10,5
PHC-DST-C2-06,2024-07-23,,4.0,7,13,4
PHC-DST-C2-06,2024-07-24,,8.0,4,14,1
PHC-DST-C2-06,2024-07-25,107.0,8.0,7,13,1
PHC-DST-C2-06,2024-07-26,117.0,6.0,6,16,2
PHC-DST-C2-06,2024-07-27,100.0,1.0,4,12,2
PHC-DST-C2-06,2024-07-28,44.0,4.0,4,11,1
PHC-DST-C2-06,2024-07-29,131.0,6.0,6,9,2
PHC-DST-C2-06,2024-07-30,127.0,1.0,7,15,8
PHC-DST-C2-06,2024-07-31,113.0,3.0,5,12,1
PHC-DST-C2-06,2024-08-01,111.0,3.0,8,9,1
PHC-DST-C2-06,2024-08-02,117.0,3.0,8,13,3
PHC-DST-C2-06,2024-08-03,95.0,5.0,7,12,1
PHC-DST-C2-06,2024-08-04,47.0,3.0,7,12,5
PHC-DST-C2-06,2024-08-05,136.0,6.0,5,14,6
PHC-DST-C2-06,2024-08-06,129.0,3.0,7,15,3
PHC-DST-C2-06,2024-08-07,112.0,6.0,4,10,6
PHC-DST-C2-06,2024-08-08,109.0,4.0,7,11,1
PHC-DST-C2-06,2024-08-09,112.0,4.0,6,10,1
PHC-DST-C2-06,2024-08-10,99.0,8.0,6,9,0
PHC-DST-C2-06,2024-08-11,55.0,1.0,9,15,2
PHC-DST-C2-06,2024-08-12,133.0,4.0,5,15,3
PHC-DST-C2-06,2024-08-13,126.0,6.0,7,10,1
PHC-DST-C2-06,2024-08-14,116.0,9.0,6,16,2
PHC-DST-C2-06,2024-08-15,109.0,1.0,7,12,0
PHC-DST-C2-06,2024-08-16,129.0,6.0,22,15,4
PHC-DST-C2-06,2024-08-17,112.0,5.0,20,12,2
PHC-DST-C2-06,2024-08-18,51.0,4.0,7,12,2
PHC-DST-C2-06,2024-08-19,142.0,4.0,8,13,1
PHC-DST-C2-06,2024-08-20,129.0,2.0,9,14,1
PHC-DST-C2-06,2024-08-21,115.0,8.0,8,12,4
PHC-DST-C2-06,2024-08-22,,4.0,7,31,3
PHC-DST-C2-06,2024-08-23,121.0,5.0,5,17,2
PHC-DST-C2-06,2024-08-24,102.0,4.0,5,16,2
PHC-DST-C2-06,2024-08-25,45.0,7.0,6,11,3
PHC-DST-C2-06,2024-08-26,136.0,5.0,5,13,2
PHC-DST-C2-06,2024-08-27,120.0,4.0,7,11,3
PHC-DST-C2-06,2024-08-28,116.0,3.0,6,11,5
PHC-DST-C2-06,2024-08-29,113.0,4.0,9,16,3
PHC-DST-C2-06,2024-08-30,115.0,4.0,7,13,3
PHC-DST-C2-06,2024-08-31,98.0,4.0,6,11,2
PHC-DST-C2-06,2024-09-01,40.0,5.0,4,13,2
PHC-DST-C2-06,2024-09-02,129.0,4.0,4,12,6
PHC-DST-C2-06,2024-09-03,124.0,3.0,6,11,3
PHC-DST-C2-06,2024-09-04,110.0,4.0,4,15,4
PHC-DST-C2-06,2024-09-05,115.0,6.0,5,15,1
PHC-DST-C2-06,2024-09-06,115.0,5.0,8,14,4
PHC-DST-C2-06,2024-09-07,101.0,8.0,6,14,3
PHC-DST-C2-06,2024-09-08,49.0,0.0,8,14,4
PHC-DST-C2-06,2024-09-09,133.0,7.0,8,10,4
PHC-DST-C2-06,2024-09-10,125.0,4.0,13,10,3
PHC-DST-C2-06,2024-09-11,122.0,6.0,22,12,3
PHC-DST-C2-06,2024-09-12,105.0,7.0,7,12,0
PHC-DST-C2-06,2024-09-13,114.0,5.0,5,14,2
PHC-DST-C2-06,2024-09-14,98.0,6.0,7,15,3
PHC-DST-C2-06,2024-09-15,49.0,4.0,8,13,3
PHC-DST-C2-06,2024-09-16,149.0,4.0,5,33,3
PHC-DST-C2-06,2024-09-17,126.0,2.0,6,13,3
PHC-DST-C2-06,2024-09-18,110.0,3.0,5,16,4
PHC-DST-C2-06,2024-09-19,110.0,3.0,6,10,4
PHC-DST-C2-06,2024-09-20,118.0,3.0,5,12,2
PHC-DST-C2-06,2024-09-21,103.0,7.0,5,16,4
PHC-DST-C2-06,2024-09-22,45.0,,6,14,3
PHC-DST-C2-06,2024-09-23,135.0,6.0,6,14,2
PHC-DST-C2-06,2024-09-24,129.0,2.0,5,16,4
PHC-DST-C2-06,2024-09-25,117.0,4.0,6,13,0
PHC-DST-C2-06,2024-09-26,105.0,6.0,4,10,2
PHC-DST-C2-06,2024-09-27,108.0,3.0,5,11,2
PHC-DST-C2-06,2024-09-28,97.0,1.0,5,10,4
PHC-DST-C2-06,2024-09-29,43.0,5.0,6,11,4
PHC-DST-C2-06,2024-09-30,137.0,3.0,6,11,2
PHC-DST-C2-06,2024-10-01,119.0,6.0,5,12,0
PHC-DST-C2-06,2024-10-02,118.0,8.0,6,16,5
PHC-DST-C2-06,2024-10-03,107.0,2.0,6,10,3
PHC-DST-C2-06,2024-10-04,113.0,6.0,5,9,4
PHC-DST-C2-06,2024-10-05,101.0,6.0,7,11,1
PHC-DST-C2-06,2024-10-06,50.0,4.0,5,15,4
PHC-DST-C2-06,2024-10-07,134.0,3.0,5,12,2
PHC-DST-C2-06,2024-10-08,124.0,7.0,8,14,2
PHC-DST-C2-06,2024-10-09,114.0,7.0,6,11,2
PHC-DST-C2-06,2024-10-10,111.0,6.0,6,16,1
PHC-DST-C2-06,2024-10-11,120.0,6.0,6,15,6
PHC-DST-C2-06,2024-10-12,90.0,6.0,4,9,2
PHC-DST-C2-06,2024-10-13,51.0,2.0,8,14,1
PHC-DST-C2-06,2024-10-14,129.0,4.0,7,15,2
PHC-DST-C2-06,2024-10-15,129.0,2.0,6,11,1
PHC-DST-C2-06,2024-10-16,114.0,7.0,6,10,1
PHC-DST-C2-06,2024-10-17,109.0,4.0,6,15,2
PHC-DST-C2-06,2024-10-18,106.0,,6,9,6
PHC-DST-C2-06,2024-10-19,100.0,3.0,5,12,5
PHC-DST-C2-06,2024-10-20,52.0,6.0,6,14,4
PHC-DST-C2-06,2024-10-21,136.0,5.0,5,13,1
PHC-DST-C2-06,2024-10-22,124.0,7.0,4,12,0
PHC-DST-C2-06,2024-10-23,113.0,4.0,7,12,4
PHC-DST-C2-06,2024-10-24,114.0,9.0,6,13,5
PHC-DST-C2-06,2024-10-25,118.0,2.0,5,17,4
PHC-DST-C2-06,2024-10-26,100.0,4.0,6,12,4
PHC-DST-C2-06,2024-10-27,48.0,3.0,6,14,2
PHC-DST-C2-06,2024-10-28,138.0,6.0,6,15,2
PHC-DST-C2-06,2024-10-29,118.0,6.0,4,9,4
PHC-DST-C2-06,2024-10-30,113.0,7.0,5,14,7
PHC-DST-C2-06,2024-10-31,109.0,3.0,6,10,3
PHC-DST-C2-06,2024-11-01,112.0,3.0,8,10,1
PHC-DST-C2-06,2024-11-02,98.0,6.0,6,10,5
PHC-DST-C2-06,2024-11-03,51.0,3.0,8,15,1
PHC-DST-C2-06,2024-11-04,134.0,3.0,6,10,3
PHC-DST-C2-06,2024-11-05,125.0,10.0,6,14,5
PHC-DST-C2-06,2024-11-06,115.0,4.0,5,13,2
PHC-DST-C2-06,2024-11-07,115.0,3.0,6,15,4
PHC-DST-C2-06,2024-11-08,113.0,2.0,6,11,2
PHC-DST-C2-06,2024-11-09,95.0,1.0,9,9,1
PHC-DST-C2-06,2024-11-10,43.0,4.0,7,10,1
PHC-DST-C2-06,2024-11-11,130.0,5.0,4,11,1
PHC-DST-C2-06,2024-11-12,130.0,3.0,7,11,0
PHC-DST-C2-06,2024-11-13,113.0,2.0,5,12,2
PHC-DST-C2-06,2024-11-14,111.0,4.0,5,17,2
PHC-DST-C2-06,2024-11-15,116.0,5.0,7,12,3
PHC-DST-C2-06,2024-11-16,104.0,3.0,7,14,3
PHC-DST-C2-06,2024-11-17,49.0,3.0,8,10,3
PHC-DST-C2-06,2024-11-18,130.0,4.0,7,13,6
PHC-DST-C2-06,2024-11-19,129.0,2.0,4,14,5
PHC-DST-C2-06,2024-11-20,109.0,3.0,7,12,3
PHC-DST-C2-06,2024-11-21,109.0,3.0,6,14,2
PHC-DST-C2-06,2024-11-22,117.0,3.0,7,16,1
PHC-DST-C2-06,2024-11-23,100.0,5.0,8,8,3
PHC-DST-C2-06,2024-11-24,53.0,5.0,7,13,1
PHC-DST-C2-06,2024-11-25,136.0,4.0,5,17,1
PHC-DST-C2-06,2024-11-26,120.0,5.0,6,13,1
PHC-DST-C2-06,2024-11-27,117.0,4.0,4,13,1
PHC-DST-C2-06,2024-11-28,110.0,2.0,5,13,4
PHC-DST-C2-06,2024-11-29,111.0,3.0,8,9,2
PHC-DST-C2-06,2024-11-30,95.0,4.0,5,12,3
PHC-DST-C2-06,2024-12-01,44.0,5.0,5,14,7
PHC-DST-C2-06,2024-12-02,134.0,5.0,7,13,3
PHC-DST-C2-06,2024-12-03,125.0,6.0,6,14,1
PHC-DST-C2-06,2024-12-04,113.0,5.0,9,12,2
PHC-DST-C2-06,2024-12-05,110.0,1.0,5,14,2
PHC-DST-C2-06,2024-12-06,116.0,1.0,8,10,1
PHC-DST-C2-06,2024-12-07,96.0,0.0,7,9,2
PHC-DST-C2-06,2024-12-08,54.0,2.0,8,14,2
PHC-DST-C2-06,2024-12-09,128.0,6.0,6,9,3
PHC-DST-C2-06,2024-12-10,130.0,3.0,8,13,2
PHC-DST-C2-06,2024-12-11,113.0,2.0,6,11,1
PHC-DST-C2-06,2024-12-12,111.0,5.0,8,11,2
PHC-DST-C2-06,2024-12-13,118.0,3.0,7,15,2
PHC-DST-C2-06,2024-12-14,100.0,6.0,5,15,1
PHC-DST-C2-06,2024-12-15,47.0,2.0,8,9,5
PHC-DST-C2-06,2024-12-16,130.0,5.0,7,10,3
PHC-DST-C2-06,2024-12-17,128.0,4.0,7,14,2
PHC-DST-C2-06,2024-12-18,113.0,3.0,5,13,3
PHC-DST-C2-06,2024-12-19,107.0,2.0,8,8,5
PHC-DST-C2-06,2024-12-20,112.0,3.0,5,10,4
PHC-DST-C2-06,2024-12-21,100.0,4.0,8,10,4
PHC-DST-C2-06,2024-12-22,43.0,5.0,4,13,1
PHC-DST-C2-06,2024-12-23,132.0,1.0,2,14,6
PHC-DST-C2-06,2024-12-24,124.0,5.0,5,13,2
PHC-DST-C2-06,2024-12-25,113.0,7.0,4,12,2
PHC-DST-C2-06,2024-12-26,109.0,4.0,6,12,3
PHC-DST-C2-06,2024-12-27,113.0,4.0,5,15,3
PHC-DST-C2-06,2024-12-28,99.0,1.0,6,14,4
PHC-DST-C2-06,2024-12-29,44.0,6.0,8,17,3
PHC-DST-C2-06,2024-12-30,136.0,9.0,7,13,4
PHC-DST-C2-06,2024-12-31,118.0,3.0,6,11,3
PHC-DST-C2-06,2025-01-01,113.0,4.0,6,15,1
PHC-DST-C2-06,2025-01-02,112.0,6.0,6,12,2
PHC-DST-C2-06,2025-01-03,113.0,4.0,4,10,3
PHC-DST-C2-06,2025-01-04,99.0,3.0,6,11,2
PHC-DST-C2-06,2025-01-05,48.0,3.0,6,13,2
PHC-DST-C2-06,2025-01-06,133.0,2.0,6,13,1
PHC-DST-C2-06,2025-01-07,126.0,3.0,8,11,3
PHC-DST-C2-06,2025-01-08,112.0,7.0,5,14,3
PHC-DST-C2-06,2025-01-09,109.0,7.0,8,15,3
PHC-DST-C2-06,2025-01-10,117.0,3.0,5,16,1
PHC-DST-C2-06,2025-01-11,98.0,5.0,6,14,1
PHC-DST-C2-06,2025-01-12,47.0,2.0,10,9,6
PHC-DST-C2-06,2025-01-13,134.0,5.0,5,12,2
PHC-DST-C2-06,2025-01-14,124.0,3.0,6,11,3
PHC-DST-C2-06,2025-01-15,117.0,2.0,6,12,2
PHC-DST-C2-06,2025-01-16,110.0,7.0,7,11,3
PHC-DST-C2-06,2025-01-17,113.0,5.0,7,16,3
PHC-DST-C2-06,2025-01-18,99.0,5.0,5,11,2
PHC-DST-C2-06,2025-01-19,54.0,4.0,7,13,4
PHC-DST-C2-06,2025-01-20,136.0,2.0,6,13,3
PHC-DST-C2-06,2025-01-21,124.0,7.0,6,12,8
PHC-DST-C2-06,2025-01-22,117.0,4.0,7,11,5
PHC-DST-C2-06,2025-01-23,,5.0,7,14,2
PHC-DST-C2-06,2025-01-24,110.0,1.0,6,11,2
PHC-DST-C2-06,2025-01-25,96.0,3.0,7,13,4
PHC-DST-C2-06,2025-01-26,46.0,3.0,5,11,3
PHC-DST-C2-06,2025-01-27,131.0,3.0,6,13,1
PHC-DST-C2-06,2025-01-28,129.0,4.0,5,17,4
PHC-DST-C2-06,2025-01-29,115.0,6.0,7,11,4
PHC-DST-C2-06,2025-01-30,104.0,3.0,6,11,0
PHC-DST-C2-06,2025-01-31,114.0,4.0,5,11,3
PHC-DST-C2-06,2025-02-01,101.0,8.0,6,10,4
PHC-DST-C2-06,2025-02-02,43.0,1.0,5,13,3
PHC-DST-C2-06,2025-02-03,132.0,4.0,6,14,3
PHC-DST-C2-06,2025-02-04,121.0,5.0,6,10,1
PHC-DST-C2-06,2025-02-05,117.0,11.0,8,14,2
PHC-DST-C2-06,2025-02-06,112.0,3.0,7,12,3
PHC-DST-C2-06,2025-02-07,118.0,1.0,5,12,2
PHC-DST-C2-06,2025-02-08,94.0,10.0,7,11,3
PHC-DST-C2-06,2025-02-09,47.0,3.0,8,11,2
PHC-DST-C2-06,2025-02-10,,5.0,6,11,1
PHC-DST-C2-06,2025-02-11,126.0,,6,11,4
PHC-DST-C2-06,2025-02-12,113.0,1.0,6,11,1
PHC-DST-C2-06,2025-02-13,112.0,,7,13,3
PHC-DST-C2-06,2025-02-14,115.0,6.0,6,13,4
PHC-DST-C2-06,2025-02-15,101.0,3.0,4,10,5
PHC-DST-C2-06,2025-02-16,49.0,7.0,5,13,1
PHC-DST-C2-06,2025-02-17,128.0,6.0,6,12,7
PHC-DST-C2-06,2025-02-18,121.0,7.0,6,14,4
PHC-DST-C2-06,2025-02-19,113.0,1.0,5,13,1
PHC-DST-C2-06,2025-02-20,115.0,2.0,6,15,2
PHC-DST-C2-06,2025-02-21,114.0,4.0,7,12,0
PHC-DST-C2-06,2025-02-22,107.0,5.0,7,15,4
PHC-DST-C2-06,2025-02-23,46.0,2.0,4,16,1
PHC-DST-C2-06,2025-02-24,133.0,2.0,6,16,0
PHC-DST-C2-06,2025-02-25,124.0,,4,16,1
PHC-DST-C2-06,2025-02-26,110.0,3.0,6,11,3
PHC-DST-C2-06,2025-02-27,108.0,4.0,6,13,2
PHC-DST-C2-06,2025-02-28,114.0,4.0,7,11,3
PHC-DST-C2-06,2025-03-01,104.0,6.0,6,17,4
PHC-DST-C2-06,2025-03-02,53.0,2.0,7,13,2
PHC-DST-C2-06,2025-03-03,137.0,3.0,7,14,2
PHC-DST-C2-06,2025-03-04,125.0,2.0,8,12,2
PHC-DST-C2-06,2025-03-05,111.0,4.0,7,16,3
PHC-DST-C2-06,2025-03-06,102.0,6.0,6,11,3
PHC-DST-C2-06,2025-03-07,112.0,4.0,6,14,1
PHC-DST-C2-06,2025-03-08,98.0,4.0,4,11,4
PHC-DST-C2-06,2025-03-09,47.0,5.0,8,13,4
PHC-DST-C2-06,2025-03-10,131.0,4.0,4,16,3
PHC-DST-C2-06,2025-03-11,119.0,6.0,5,9,0
PHC-DST-C2-06,2025-03-12,120.0,2.0,7,13,1
PHC-DST-C2-06,2025-03-13,109.0,3.0,6,13,1
PHC-DST-C2-06,2025-03-14,117.0,5.0,6,15,8
PHC-DST-C2-06,2025-03-15,102.0,1.0,7,13,2
PHC-DST-C2-06,2025-03-16,53.0,5.0,8,14,3
PHC-DST-C2-06,2025-03-17,131.0,5.0,7,15,1
PHC-DST-C2-06,2025-03-18,119.0,1.0,4,11,2
PHC-DST-C2-06,2025-03-19,115.0,8.0,6,10,1
PHC-DST-C2-06,2025-03-20,110.0,4.0,7,15,4
PHC-DST-C2-06,2025-03-21,114.0,5.0,6,10,6
PHC-DST-C2-06,2025-03-22,102.0,4.0,6,13,3
PHC-DST-C2-06,2025-03-23,48.0,3.0,7,13,3
PHC-DST-C2-06,2025-03-24,131.0,4.0,7,11,2
PHC-DST-C2-06,2025-03-25,119.0,8.0,4,12,0
PHC-DST-C2-06,2025-03-26,112.0,0.0,5,10,1
PHC-DST-C2-06,2025-03-27,110.0,1.0,7,13,3
PHC-DST-C2-06,2025-03-28,116.0,4.0,8,15,2
PHC-DST-C2-06,2025-03-29,99.0,2.0,6,11,1
PHC-DST-C2-06,2025-03-30,55.0,3.0,7,14,2
PHC-DST-C2-06,2025-03-31,,4.0,6,12,2
PHC-DST-C2-06,2025-04-01,123.0,5.0,4,15,5
PHC-DST-C2-06,2025-04-02,,6.0,5,13,2
PHC-DST-C2-06,2025-04-03,111.0,5.0,7,14,2
PHC-DST-C2-06,2025-04-04,116.0,5.0,7,15,3
PHC-DST-C2-06,2025-04-05,98.0,7.0,6,14,6
PHC-DST-C2-06,2025-04-06,46.0,2.0,7,13,2
PHC-DST-C2-06,2025-04-07,127.0,2.0,4,14,2
PHC-DST-C2-06,2025-04-08,121.0,2.0,9,9,5
PHC-DST-C2-06,2025-04-09,115.0,7.0,7,16,3
PHC-DST-C2-06,2025-04-10,109.0,4.0,6,11,3
PHC-DST-C2-06,2025-04-11,115.0,4.0,6,11,3
PHC-DST-C2-06,2025-04-12,100.0,3.0,6,12,2
PHC-DST-C2-06,2025-04-13,49.0,5.0,6,13,3
PHC-DST-C2-06,2025-04-14,134.0,5.0,7,14,2
PHC-DST-C2-06,2025-04-15,127.0,7.0,6,14,1
PHC-DST-C2-06,2025-04-16,120.0,3.0,9,14,3
PHC-DST-C2-06,2025-04-17,113.0,4.0,5,13,0
PHC-DST-C2-06,2025-04-18,111.0,4.0,7,12,3
PHC-DST-C2-06,2025-04-19,109.0,3.0,5,14,2
PHC-DST-C2-06,2025-04-20,44.0,4.0,6,12,4
PHC-DST-C2-06,2025-04-21,134.0,1.0,6,15,4
PHC-DST-C2-06,2025-04-22,127.0,2.0,6,13,5
PHC-DST-C2-06,2025-04-23,119.0,3.0,6,14,1
PHC-DST-C2-06,2025-04-24,108.0,2.0,6,14,0
PHC-DST-C2-06,2025-04-25,112.0,1.0,8,9,1
PHC-DST-C2-06,2025-04-26,98.0,4.0,6,13,3
PHC-DST-C2-06,2025-04-27,45.0,4.0,7,9,0
PHC-DST-C2-06,2025-04-28,130.0,2.0,6,12,1
PHC-DST-C2-06,2025-04-29,115.0,3.0,6,12,6
PHC-DST-C2-06,2025-04-30,109.0,3.0,3,11,2
PHC-DST-C2-06,2025-05-01,115.0,5.0,7,15,1
PHC-DST-C2-06,2025-05-02,108.0,4.0,6,9,2
PHC-DST-C2-06,2025-05-03,101.0,,6,13,1
PHC-DST-C2-06,2025-05-04,52.0,5.0,6,13,4
PHC-DST-C2-06,2025-05-05,133.0,4.0,8,13,0
PHC-DST-C2-06,2025-05-06,124.0,2.0,7,14,3
PHC-DST-C2-06,2025-05-07,116.0,5.0,6,14,3
PHC-DST-C2-06,2025-05-08,110.0,4.0,7,14,2
PHC-DST-C2-06,2025-05-09,114.0,3.0,5,12,1
PHC-DST-C2-06,2025-05-10,103.0,3.0,6,13,3
PHC-DST-C2-06,2025-05-11,46.0,4.0,6,9,1
PHC-DST-C2-06,2025-05-12,131.0,1.0,6,14,5
PHC-DST-C2-06,2025-05-13,127.0,2.0,6,16,3
PHC-DST-C2-06,2025-05-14,118.0,6.0,6,15,2
PHC-DST-C2-06,2025-05-15,115.0,5.0,7,16,2
PHC-DST-C2-06,2025-05-16,112.0,4.0,8,12,1
PHC-DST-C2-06,2025-05-17,99.0,5.0,6,14,4
PHC-DST-C2-06,2025-05-18,47.0,5.0,7,13,1
PHC-DST-C2-06,2025-05-19,141.0,0.0,8,11,2
PHC-DST-C2-06,2025-05-20,127.0,3.0,6,16,2
PHC-DST-C2-06,2025-05-21,117.0,1.0,7,10,3
PHC-DST-C2-06,2025-05-22,107.0,3.0,5,7,1
PHC-DST-C2-06,2025-05-23,119.0,5.0,4,15,4
PHC-DST-C2-06,2025-05-24,97.0,7.0,5,12,1
PHC-DST-C2-06,2025-05-25,42.0,5.0,7,12,2
PHC-DST-C2-06,2025-05-26,131.0,6.0,4,14,1
PHC-DST-C2-06,2025-05-27,130.0,5.0,6,16,4
PHC-DST-C2-06,2025-05-28,110.0,3.0,5,9,2
PHC-DST-C2-06,2025-05-29,106.0,3.0,6,11,4
PHC-DST-C2-06,2025-05-30,111.0,8.0,5,16,2
PHC-DST-C2-06,2025-05-31,97.0,4.0,6,10,5
PHC-DST-C2-06,2025-06-01,48.0,4.0,7,17,2
PHC-DST-C2-06,2025-06-02,129.0,3.0,7,12,2
PHC-DST-C2-06,2025-06-03,123.0,4.0,4,14,1
PHC-DST-C2-06,2025-06-04,110.0,10.0,6,9,2
PHC-DST-C2-06,2025-06-05,113.0,6.0,8,13,5
PHC-DST-C2-06,2025-06-06,110.0,1.0,8,12,1
PHC-DST-C2-06,2025-06-07,93.0,6.0,4,12,0
PHC-DST-C2-06,2025-06-08,51.0,4.0,7,13,5
PHC-DST-C2-06,2025-06-09,131.0,4.0,5,12,1
PHC-DST-C2-06,2025-06-10,122.0,3.0,6,10,4
PHC-DST-C2-06,2025-06-11,106.0,4.0,5,12,4
PHC-DST-C2-06,2025-06-12,112.0,2.0,7,12,2
PHC-DST-C2-06,2025-06-13,113.0,4.0,6,14,3
PHC-DST-C2-06,2025-06-14,95.0,4.0,6,10,3
PHC-DST-C2-06,2025-06-15,51.0,4.0,6,14,3
PHC-DST-C2-06,2025-06-16,130.0,3.0,9,11,3
PHC-DST-C2-06,2025-06-17,121.0,7.0,6,13,0
PHC-DST-C2-06,2025-06-18,113.0,0.0,5,16,2
PHC-DST-C2-06,2025-06-19,105.0,7.0,4,13,3
PHC-DST-C2-06,2025-06-20,118.0,7.0,9,11,2
PHC-DST-C2-06,2025-06-21,,4.0,6,10,3
PHC-DST-C2-06,2025-06-22,51.0,2.0,9,10,6
PHC-DST-C2-06,2025-06-23,128.0,6.0,6,14,3
PHC-DST-C2-06,2025-06-24,122.0,2.0,6,13,5
PHC-DST-C2-06,2025-06-25,113.0,6.0,6,10,2
PHC-DST-C2-06,2025-06-26,115.0,7.0,7,10,4
PHC-DST-C2-06,2025-06-27,118.0,3.0,8,13,2
PHC-DST-C2-06,2025-06-28,109.0,7.0,8,15,4
PHC-DST-C2-06,2025-06-29,41.0,6.0,7,10,3
PHC-DST-C2-06,2025-06-30,132.0,6.0,5,14,3
