phc_code,record_date,outage_hours,grid_uptime_hours,generator_fuel_consumed_liters
PHC-DST-A1-01,2024-01-01,2.48,21.52,4.64
PHC-DST-A1-01,2024-01-02,2.62,21.38,4.9
PHC-DST-A1-01,2024-01-03,2.39,21.61,4.47
PHC-DST-A1-01,2024-01-04,2.86,21.14,5.35
PHC-DST-A1-01,2024-01-05,2.26,21.74,4.23
PHC-DST-A1-01,2024-01-06,1.93,22.07,3.61
PHC-DST-A1-01,2024-01-07,2.73,21.27,5.11
PHC-DST-A1-01,2024-01-08,,22.27,3.24
PHC-DST-A1-01,2024-01-09,1.82,22.18,3.4
PHC-DST-A1-01,2024-01-10,3.09,20.91,5.78
PHC-DST-A1-01,2024-01-11,3.02,20.98,5.65
PHC-DST-A1-01,2024-01-12,1.79,22.21,3.35
PHC-DST-A1-01,2024-01-13,1.46,22.54,2.73
PHC-DST-A1-01,2024-01-14,2.9,21.1,5.42
PHC-DST-A1-01,2024-01-15,2.4,21.6,4.49
PHC-DST-A1-01,2024-01-16,2.04,21.96,3.81
PHC-DST-A1-01,2024-01-17,1.56,22.44,2.92
PHC-DST-A1-01,2024-01-18,2.05,21.95,3.83
PHC-DST-A1-01,2024-01-19,1.78,22.22,3.33
PHC-DST-A1-01,2024-01-20,1.3,22.7,2.43
PHC-DST-A1-01,2024-01-21,1.9,22.1,3.55
PHC-DST-A1-01,2024-01-22,2.0,22.0,3.74
PHC-DST-A1-01,2024-01-23,1.52,22.48,2.84
PHC-DST-A1-01,2024-01-24,2.48,21.52,4.64
PHC-DST-A1-01,2024-01-25,2.77,21.23,5.18
PHC-DST-A1-01,2024-01-26,2.53,21.47,4.73
PHC-DST-A1-01,2024-01-27,1.59,22.41,2.97
PHC-DST-A1-01,2024-01-28,2.37,21.63,4.43
PHC-DST-A1-01,2024-01-29,1.86,22.14,3.48
PHC-DST-A1-01,2024-01-30,0.87,23.13,1.63
PHC-DST-A1-01,2024-01-31,2.3,21.7,4.3
PHC-DST-A1-01,2024-02-01,1.91,22.09,3.57
PHC-DST-A1-01,2024-02-02,3.75,20.25,7.01
PHC-DST-A1-01,2024-02-03,2.89,21.11,5.4
PHC-DST-A1-01,2024-02-04,2.33,21.67,4.36
PHC-DST-A1-01,2024-02-05,1.99,22.01,3.72
PHC-DST-A1-01,2024-02-06,1.92,22.08,3.59
PHC-DST-A1-01,2024-02-07,1.05,22.95,1.96
PHC-DST-A1-01,2024-02-08,0.5,23.5,0.94
PHC-DST-A1-01,2024-02-09,1.15,22.85,2.15
PHC-DST-A1-01,2024-02-10,1.76,22.24,3.29
PHC-DST-A1-01,2024-02-11,0.22,23.78,0.41
PHC-DST-A1-01,2024-02-12,1.39,22.61,2.6
PHC-DST-A1-01,2024-02-13,1.61,22.39,3.01
PHC-DST-A1-01,2024-02-14,1.64,22.36,3.07
PHC-DST-A1-01,2024-02-15,1.3,22.7,2.43
PHC-DST-A1-01,2024-02-16,1.54,22.46,2.88
PHC-DST-A1-01,2024-02-17,3.09,20.91,5.78
PHC-DST-A1-01,2024-02-18,2.3,21.7,4.3
PHC-DST-A1-01,2024-02-19,1.38,22.62,2.58
PHC-DST-A1-01,2024-02-20,1.75,22.25,3.27
PHC-DST-A1-01,2024-02-21,1.78,22.22,3.33
PHC-DST-A1-01,2024-02-22,1.22,22.78,2.28
PHC-DST-A1-01,2024-02-23,1.22,22.78,2.28
PHC-DST-A1-01,2024-02-24,2.56,21.44,4.79
PHC-DST-A1-01,2024-02-25,1.49,22.51,2.79
PHC-DST-A1-01,2024-02-26,0.98,23.02,1.83
PHC-DST-A1-01,2024-02-27,1.77,22.23,3.31
PHC-DST-A1-01,2024-02-28,1.89,22.11,3.53
PHC-DST-A1-01,2024-02-29,0.32,23.68,0.6
PHC-DST-A1-01,2024-03-01,1.77,22.23,3.31
PHC-DST-A1-01,2024-03-02,2.45,21.55,4.58
PHC-DST-A1-01,2024-03-03,2.14,21.86,4.0
PHC-DST-A1-01,2024-03-04,3.47,20.53,6.49
PHC-DST-A1-01,2024-03-05,2.74,21.26,5.12
PHC-DST-A1-01,2024-03-06,2.89,21.11,5.4
PHC-DST-A1-01,2024-03-07,3.9,20.1,7.29
PHC-DST-A1-01,2024-03-08,2.37,21.63,4.43
PHC-DST-A1-01,2024-03-09,1.92,22.08,3.59
PHC-DST-A1-01,2024-03-10,2.53,21.47,4.73
PHC-DST-A1-01,2024-03-11,1.38,22.62,2.58
PHC-DST-A1-01,2024-03-12,1.88,22.12,3.52
PHC-DST-A1-01,2024-03-13,1.31,22.69,2.45
PHC-DST-A1-01,2024-03-14,2.1,21.9,3.93
PHC-DST-A1-01,2024-03-15,1.31,22.69,2.45
PHC-DST-A1-01,2024-03-16,1.28,22.72,2.39
PHC-DST-A1-01,2024-03-17,2.11,21.89,3.95
PHC-DST-A1-01,2024-03-18,1.7,22.3,3.18
PHC-DST-A1-01,2024-03-19,0.35,23.65,0.65
PHC-DST-A1-01,2024-03-20,0.71,23.29,1.33
PHC-DST-A1-01,2024-03-21,0.94,23.06,1.76
PHC-DST-A1-01,2024-03-22,1.14,22.86,2.13
PHC-DST-A1-01,2024-03-23,2.11,21.89,3.95
PHC-DST-A1-01,2024-03-24,1.96,22.04,3.67
PHC-DST-A1-01,2024-03-25,2.6,21.4,4.86
PHC-DST-A1-01,2024-03-26,2.36,21.64,4.41
PHC-DST-A1-01,2024-03-27,2.6,21.4,4.86
PHC-DST-A1-01,2024-03-28,2.26,21.74,4.23
PHC-DST-A1-01,2024-03-29,1.96,22.04,3.67
PHC-DST-A1-01,2024-03-30,2.62,21.38,4.9
PHC-DST-A1-01,2024-03-31,,21.51,4.66
PHC-DST-A1-01,2024-04-01,2.08,21.92,3.89
PHC-DST-A1-01,2024-04-02,2.75,21.25,5.14
PHC-DST-A1-01,2024-04-03,0.04,23.96,0.07
PHC-DST-A1-01,2024-04-04,1.58,22.42,2.95
PHC-DST-A1-01,2024-04-05,1.57,22.43,2.94
PHC-DST-A1-01,2024-04-06,2.66,21.34,4.97
PHC-DST-A1-01,2024-04-07,2.98,21.02,5.57
PHC-DST-A1-01,2024-04-08,0.71,23.29,1.33
PHC-DST-A1-01,2024-04-09,2.86,21.14,5.35
PHC-DST-A1-01,2024-04-10,0.92,23.08,1.72
PHC-DST-A1-01,2024-04-11,0.94,23.06,1.76
PHC-DST-A1-01,2024-04-12,1.62,22.38,3.03
PHC-DST-A1-01,2024-04-13,1.56,22.44,2.92
PHC-DST-A1-01,2024-04-14,0.63,23.37,1.18
PHC-DST-A1-01,2024-04-15,2.29,21.71,4.28
PHC-DST-A1-01,2024-04-16,2.31,21.69,4.32
PHC-DST-A1-01,2024-04-17,2.59,21.41,4.84
PHC-DST-A1-01,2024-04-18,1.47,22.53,2.75
PHC-DST-A1-01,2024-04-19,1.77,22.23,3.31
PHC-DST-A1-01,2024-04-20,1.78,22.22,3.33
PHC-DST-A1-01,2024-04-21,3.07,20.93,5.74
PHC-DST-A1-01,2024-04-22,0.0,24.0,0.0
PHC-DST-A1-01,2024-04-23,1.08,22.92,2.02
PHC-DST-A1-01,2024-04-24,1.8,22.2,3.37
PHC-DST-A1-01,2024-04-25,0.99,23.01,1.85
PHC-DST-A1-01,2024-04-26,1.61,22.39,3.01
PHC-DST-A1-01,2024-04-27,1.71,22.29,3.2
PHC-DST-A1-01,2024-04-28,1.31,22.69,2.45
PHC-DST-A1-01,2024-04-29,1.85,22.15,3.46
PHC-DST-A1-01,2024-04-30,2.27,21.73,4.24
PHC-DST-A1-01,2024-05-01,1.62,22.38,3.03
PHC-DST-A1-01,2024-05-02,1.46,22.54,2.73
PHC-DST-A1-01,2024-05-03,1.68,22.32,3.14
PHC-DST-A1-01,2024-05-04,1.79,22.21,3.35
PHC-DST-A1-01,2024-05-05,0.49,23.51,0.92
PHC-DST-A1-01,2024-05-06,2.15,21.85,4.02
PHC-DST-A1-01,2024-05-07,1.46,22.54,2.73
PHC-DST-A1-01,2024-05-08,2.75,21.25,5.14
PHC-DST-A1-01,2024-05-09,2.24,21.76,4.19
PHC-DST-A1-01,2024-05-10,2.68,21.32,5.01
PHC-DST-A1-01,2024-05-11,1.04,22.96,1.94
PHC-DST-A1-01,2024-05-12,1.52,22.48,2.84
PHC-DST-A1-01,2024-05-13,0.87,23.13,1.63
PHC-DST-A1-01,2024-05-14,1.27,22.73,2.37
PHC-DST-A1-01,2024-05-15,2.74,21.26,5.12
PHC-DST-A1-01,2024-05-16,2.92,21.08,5.46
PHC-DST-A1-01,2024-05-17,0.94,23.06,1.76
PHC-DST-A1-01,2024-05-18,1.46,22.54,2.73
PHC-DST-A1-01,2024-05-19,1.74,22.26,3.25
PHC-DST-A1-01,2024-05-20,,21.76,4.19
PHC-DST-A1-01,2024-05-21,0.48,23.52,0.9
PHC-DST-A1-01,2024-05-22,0.6,23.4,1.12
PHC-DST-A1-01,2024-05-23,2.17,21.83,4.06
PHC-DST-A1-01,2024-05-24,0.34,23.66,0.64
PHC-DST-A1-01,2024-05-25,1.46,22.54,2.73
PHC-DST-A1-01,2024-05-26,1.92,22.08,3.59
PHC-DST-A1-01,2024-05-27,2.11,21.89,3.95
PHC-DST-A1-01,2024-05-28,1.69,22.31,3.16
PHC-DST-A1-01,2024-05-29,1.53,22.47,2.86
PHC-DST-A1-01,2024-05-30,2.43,21.57,4.54
PHC-DST-A1-01,2024-05-31,2.01,21.99,3.76
PHC-DST-A1-01,2024-06-01,1.31,22.69,2.45
PHC-DST-A1-01,2024-06-02,1.83,22.17,3.42
PHC-DST-A1-01,2024-06-03,2.09,21.91,3.91
PHC-DST-A1-01,2024-06-04,3.09,20.91,5.78
PHC-DST-A1-01,2024-06-05,2.39,21.61,4.47
PHC-DST-A1-01,2024-06-06,2.71,21.29,5.07
PHC-DST-A1-01,2024-06-07,1.34,22.66,2.51
PHC-DST-A1-01,2024-06-08,1.41,22.59,2.64
PHC-DST-A1-01,2024-06-09,1.62,22.38,3.03
PHC-DST-A1-01,2024-06-10,1.69,22.31,3.16
PHC-DST-A1-01,2024-06-11,1.04,22.96,1.94
PHC-DST-A1-01,2024-06-12,2.75,21.25,5.14
PHC-DST-A1-01,2024-06-13,2.46,21.54,4.6
PHC-DST-A1-01,2024-06-14,1.57,22.43,2.94
PHC-DST-A1-01,2024-06-15,2.28,21.72,4.26
PHC-DST-A1-01,2024-06-16,1.97,22.03,3.68
PHC-DST-A1-01,2024-06-17,2.34,21.66,4.38
PHC-DST-A1-01,2024-06-18,0.79,23.21,1.48
PHC-DST-A1-01,2024-06-19,1.69,22.31,3.16
PHC-DST-A1-01,2024-06-20,1.76,22.24,3.29
PHC-DST-A1-01,2024-06-21,2.27,21.73,4.24
PHC-DST-A1-01,2024-06-22,1.33,22.67,2.49
PHC-DST-A1-01,2024-06-23,0.0,24.0,0.0
PHC-DST-A1-01,2024-06-24,0.99,23.01,1.85
PHC-DST-A1-01,2024-06-25,1.75,22.25,3.27
PHC-DST-A1-01,2024-06-26,1.85,22.15,3.46
PHC-DST-A1-01,2024-06-27,3.06,20.94,5.72
PHC-DST-A1-01,2024-06-28,2.24,21.76,4.19
PHC-DST-A1-01,2024-06-29,1.86,22.14,3.48
PHC-DST-A1-01,2024-06-30,1.78,22.22,3.33
PHC-DST-A1-01,2024-07-01,11.53,12.47,21.56
PHC-DST-A1-01,2024-07-02,1.69,22.31,3.16
PHC-DST-A1-01,2024-07-03,15.79,8.21,29.53
PHC-DST-A1-01,2024-07-04,13.27,10.73,24.81
PHC-DST-A1-01,2024-07-05,1.71,22.29,3.2
PHC-DST-A1-01,2024-07-06,12.5,11.5,23.38
PHC-DST-A1-01,2024-07-07,1.4,22.6,2.62
PHC-DST-A1-01,2024-07-08,1.31,22.69,2.45
PHC-DST-A1-01,2024-07-09,2.05,21.95,3.83
PHC-DST-A1-01,2024-07-10,5.39,18.61,10.08
PHC-DST-A1-01,2024-07-11,6.08,17.92,11.37
PHC-DST-A1-01,2024-07-12,7.16,16.84,13.39
PHC-DST-A1-01,2024-07-13,1.95,22.05,3.65
PHC-DST-A1-01,2024-07-14,8.15,,15.24
PHC-DST-A1-01,2024-07-15,2.21,21.79,4.13
PHC-DST-A1-01,2024-07-16,1.62,22.38,3.03
PHC-DST-A1-01,2024-07-17,1.37,22.63,2.56
PHC-DST-A1-01,2024-07-18,1.02,22.98,1.91
PHC-DST-A1-01,2024-07-19,1.36,22.64,2.54
PHC-DST-A1-01,2024-07-20,,22.19,3.38
PHC-DST-A1-01,2024-07-21,1.21,22.79,2.26
PHC-DST-A1-01,2024-07-22,5.8,18.2,10.85
PHC-DST-A1-01,2024-07-23,0.55,23.45,1.03
PHC-DST-A1-01,2024-07-24,2.41,21.59,4.51
PHC-DST-A1-01,2024-07-25,1.44,22.56,2.69
PHC-DST-A1-01,2024-07-26,1.17,22.83,2.19
PHC-DST-A1-01,2024-07-27,6.33,17.67,11.84
PHC-DST-A1-01,2024-07-28,6.01,17.99,11.24
PHC-DST-A1-01,2024-07-29,5.16,18.84,9.65
PHC-DST-A1-01,2024-07-30,7.95,16.05,14.87
PHC-DST-A1-01,2024-07-31,4.0,20.0,7.48
PHC-DST-A1-01,2024-08-01,1.73,22.27,3.24
PHC-DST-A1-01,2024-08-02,1.26,22.74,2.36
PHC-DST-A1-01,2024-08-03,5.39,18.61,10.08
PHC-DST-A1-01,2024-08-04,2.41,21.59,4.51
PHC-DST-A1-01,2024-08-05,1.72,22.28,3.22
PHC-DST-A1-01,2024-08-06,7.61,16.39,14.23
PHC-DST-A1-01,2024-08-07,2.19,21.81,4.1
PHC-DST-A1-01,2024-08-08,0.91,23.09,1.7
PHC-DST-A1-01,2024-08-09,0.57,23.43,1.07
PHC-DST-A1-01,2024-08-10,5.01,18.99,9.37
PHC-DST-A1-01,2024-08-11,1.7,22.3,3.18
PHC-DST-A1-01,2024-08-12,1.5,22.5,2.81
PHC-DST-A1-01,2024-08-13,2.21,21.79,4.13
PHC-DST-A1-01,2024-08-14,3.13,20.87,5.85
PHC-DST-A1-01,2024-08-15,2.23,21.77,4.17
PHC-DST-A1-01,2024-08-16,0.66,23.34,1.23
PHC-DST-A1-01,2024-08-17,0.76,23.24,1.42
PHC-DST-A1-01,2024-08-18,5.53,18.47,10.34
PHC-DST-A1-01,2024-08-19,6.09,17.91,11.39
PHC-DST-A1-01,2024-08-20,0.99,23.01,1.85
PHC-DST-A1-01,2024-08-21,,21.08,5.46
PHC-DST-A1-01,2024-08-22,9.4,14.6,17.58
PHC-DST-A1-01,2024-08-23,2.13,21.87,3.98
PHC-DST-A1-01,2024-08-24,0.88,23.12,1.65
PHC-DST-A1-01,2024-08-25,2.27,21.73,4.24
PHC-DST-A1-01,2024-08-26,1.43,22.57,2.67
PHC-DST-A1-01,2024-08-27,0.98,23.02,1.83
PHC-DST-A1-01,2024-08-28,1.58,22.42,2.95
PHC-DST-A1-01,2024-08-29,1.45,22.55,2.71
PHC-DST-A1-01,2024-08-30,7.28,16.72,13.61
PHC-DST-A1-01,2024-08-31,7.98,16.02,14.92
PHC-DST-A1-01,2024-09-01,0.81,23.19,1.51
PHC-DST-A1-01,2024-09-02,3.01,20.99,5.63
PHC-DST-A1-01,2024-09-03,1.04,22.96,1.94
PHC-DST-A1-01,2024-09-04,1.8,22.2,3.37
PHC-DST-A1-01,2024-09-05,4.13,19.87,7.72
PHC-DST-A1-01,2024-09-06,2.4,21.6,4.49
PHC-DST-A1-01,2024-09-07,2.92,21.08,5.46
PHC-DST-A1-01,2024-09-08,2.69,21.31,5.03
PHC-DST-A1-01,2024-09-09,1.5,22.5,2.81
PHC-DST-A1-01,2024-09-10,1.94,22.06,3.63
PHC-DST-A1-01,2024-09-11,1.21,22.79,2.26
PHC-DST-A1-01,2024-09-12,1.06,22.94,1.98
PHC-DST-A1-01,2024-09-13,0.94,23.06,1.76
PHC-DST-A1-01,2024-09-14,5.98,18.02,11.18
PHC-DST-A1-01,2024-09-15,13.03,10.97,24.37
PHC-DST-A1-01,2024-09-16,2.94,21.06,5.5
PHC-DST-A1-01,2024-09-17,2.64,21.36,4.94
PHC-DST-A1-01,2024-09-18,1.36,22.64,2.54
PHC-DST-A1-01,2024-09-19,0.75,23.25,1.4
PHC-DST-A1-01,2024-09-20,2.14,21.86,4.0
PHC-DST-A1-01,2024-09-21,0.06,23.94,0.11
PHC-DST-A1-01,2024-09-22,2.63,21.37,4.92
PHC-DST-A1-01,2024-09-23,1.64,22.36,3.07
PHC-DST-A1-01,2024-09-24,3.17,20.83,5.93
PHC-DST-A1-01,2024-09-25,,23.5,0.94
PHC-DST-A1-01,2024-09-26,5.48,18.52,10.25
PHC-DST-A1-01,2024-09-27,1.55,22.45,2.9
PHC-DST-A1-01,2024-09-28,0.77,23.23,1.44
PHC-DST-A1-01,2024-09-29,2.25,21.75,4.21
PHC-DST-A1-01,2024-09-30,2.31,21.69,4.32
PHC-DST-A1-01,2024-10-01,3.14,20.86,5.87
PHC-DST-A1-01,2024-10-02,2.56,21.44,4.79
PHC-DST-A1-01,2024-10-03,1.35,22.65,2.52
PHC-DST-A1-01,2024-10-04,1.05,22.95,1.96
PHC-DST-A1-01,2024-10-05,0.77,23.23,1.44
PHC-DST-A1-01,2024-10-06,2.9,21.1,5.42
PHC-DST-A1-01,2024-10-07,1.22,22.78,2.28
PHC-DST-A1-01,2024-10-08,2.91,21.09,5.44
PHC-DST-A1-01,2024-10-09,2.19,21.81,4.1
PHC-DST-A1-01,2024-10-10,2.05,21.95,3.83
PHC-DST-A1-01,2024-10-11,1.57,22.43,2.94
PHC-DST-A1-01,2024-10-12,2.3,21.7,4.3
PHC-DST-A1-01,2024-10-13,1.79,22.21,3.35
PHC-DST-A1-01,2024-10-14,1.52,22.48,2.84
PHC-DST-A1-01,2024-10-15,2.32,21.68,4.34
PHC-DST-A1-01,2024-10-16,1.69,22.31,3.16
PHC-DST-A1-01,2024-10-17,1.2,,2.24
PHC-DST-A1-01,2024-10-18,2.25,21.75,4.21
PHC-DST-A1-01,2024-10-19,1.75,22.25,3.27
PHC-DST-A1-01,2024-10-20,2.17,21.83,4.06
PHC-DST-A1-01,2024-10-21,1.46,22.54,2.73
PHC-DST-A1-01,2024-10-22,0.89,23.11,1.66
PHC-DST-A1-01,2024-10-23,3.1,20.9,5.8
PHC-DST-A1-01,2024-10-24,2.96,21.04,5.54
PHC-DST-A1-01,2024-10-25,2.46,21.54,4.6
PHC-DST-A1-01,2024-10-26,1.51,22.49,2.82
PHC-DST-A1-01,2024-10-27,1.57,22.43,2.94
PHC-DST-A1-01,2024-10-28,2.84,21.16,5.31
PHC-DST-A1-01,2024-10-29,1.53,22.47,2.86
PHC-DST-A1-01,2024-10-30,1.33,22.67,2.49
PHC-DST-A1-01,2024-10-31,3.2,20.8,5.98
PHC-DST-A1-01,2024-11-01,1.76,22.24,3.29
PHC-DST-A1-01,2024-11-02,3.13,20.87,5.85
PHC-DST-A1-01,2024-11-03,0.75,23.25,1.4
PHC-DST-A1-01,2024-11-04,2.19,21.81,4.1
PHC-DST-A1-01,2024-11-05,3.35,20.65,6.26
PHC-DST-A1-01,2024-11-06,1.82,22.18,3.4
PHC-DST-A1-01,2024-11-07,1.6,22.4,2.99
PHC-DST-A1-01,2024-11-08,0.92,23.08,1.72
PHC-DST-A1-01,2024-11-09,2.61,21.39,4.88
PHC-DST-A1-01,2024-11-10,1.22,,2.28
PHC-DST-A1-01,2024-11-11,1.73,22.27,3.24
PHC-DST-A1-01,2024-11-12,0.87,,1.63
PHC-DST-A1-01,2024-11-13,2.97,21.03,5.55
PHC-DST-A1-01,2024-11-14,2.67,21.33,4.99
PHC-DST-A1-01,2024-11-15,1.78,22.22,3.33
PHC-DST-A1-01,2024-11-16,0.93,23.07,1.74
PHC-DST-A1-01,2024-11-17,2.95,21.05,5.52
PHC-DST-A1-01,2024-11-18,1.53,22.47,2.86
PHC-DST-A1-01,2024-11-19,,23.03,1.81
PHC-DST-A1-01,2024-11-20,0.48,23.52,0.9
PHC-DST-A1-01,2024-11-21,1.32,22.68,2.47
PHC-DST-A1-01,2024-11-22,0.71,23.29,1.33
PHC-DST-A1-01,2024-11-23,1.33,22.67,2.49
PHC-DST-A1-01,2024-11-24,2.36,,4.41
PHC-DST-A1-01,2024-11-25,1.52,22.48,2.84
PHC-DST-A1-01,2024-11-26,2.07,21.93,3.87
PHC-DST-A1-01,2024-11-27,1.26,22.74,2.36
PHC-DST-A1-01,2024-11-28,1.85,22.15,3.46
PHC-DST-A1-01,2024-11-29,3.24,20.76,6.06
PHC-DST-A1-01,2024-11-30,1.54,22.46,2.88
PHC-DST-A1-01,2024-12-01,2.09,21.91,3.91
PHC-DST-A1-01,2024-12-02,0.63,23.37,1.18
PHC-DST-A1-01,2024-12-03,2.94,21.06,5.5
PHC-DST-A1-01,2024-12-04,1.44,22.56,2.69
PHC-DST-A1-01,2024-12-05,2.59,21.41,4.84
PHC-DST-A1-01,2024-12-06,1.71,22.29,3.2
PHC-DST-A1-01,2024-12-07,2.26,21.74,4.23
PHC-DST-A1-01,2024-12-08,2.3,21.7,4.3
PHC-DST-A1-01,2024-12-09,1.46,22.54,2.73
PHC-DST-A1-01,2024-12-10,2.62,21.38,4.9
PHC-DST-A1-01,2024-12-11,1.23,22.77,2.3
PHC-DST-A1-01,2024-12-12,2.38,21.62,4.45
PHC-DST-A1-01,2024-12-13,1.51,22.49,2.82
PHC-DST-A1-01,2024-12-14,2.06,21.94,3.85
PHC-DST-A1-01,2024-12-15,1.45,22.55,2.71
PHC-DST-A1-01,2024-12-16,1.84,22.16,3.44
PHC-DST-A1-01,2024-12-17,0.99,23.01,1.85
PHC-DST-A1-01,2024-12-18,1.99,22.01,3.72
PHC-DST-A1-01,2024-12-19,1.83,22.17,3.42
PHC-DST-A1-01,2024-12-20,1.39,22.61,2.6
PHC-DST-A1-01,2024-12-21,1.76,22.24,3.29
PHC-DST-A1-01,2024-12-22,1.9,22.1,3.55
PHC-DST-A1-01,2024-12-23,1.34,22.66,2.51
PHC-DST-A1-01,2024-12-24,1.7,22.3,3.18
PHC-DST-A1-01,2024-12-25,1.05,22.95,1.96
PHC-DST-A1-01,2024-12-26,3.56,20.44,6.66
PHC-DST-A1-01,2024-12-27,2.59,21.41,4.84
PHC-DST-A1-01,2024-12-28,,22.0,3.74
PHC-DST-A1-01,2024-12-29,2.68,21.32,5.01
PHC-DST-A1-01,2024-12-30,0.32,23.68,0.6
PHC-DST-A1-01,2024-12-31,0.0,24.0,0.0
PHC-DST-A1-01,2025-01-01,1.5,22.5,2.81
PHC-DST-A1-01,2025-01-02,0.77,23.23,1.44
PHC-DST-A1-01,2025-01-03,1.62,22.38,3.03
PHC-DST-A1-01,2025-01-04,1.95,22.05,3.65
PHC-DST-A1-01,2025-01-05,2.49,21.51,4.66
PHC-DST-A1-01,2025-01-06,0.95,23.05,1.78
PHC-DST-A1-01,2025-01-07,2.1,21.9,3.93
PHC-DST-A1-01,2025-01-08,1.81,22.19,3.38
PHC-DST-A1-01,2025-01-09,2.06,21.94,3.85
PHC-DST-A1-01,2025-01-10,1.41,22.59,2.64
PHC-DST-A1-01,2025-01-11,2.84,21.16,5.31
PHC-DST-A1-01,2025-01-12,1.72,22.28,3.22
PHC-DST-A1-01,2025-01-13,3.13,20.87,5.85
PHC-DST-A1-01,2025-01-14,1.21,22.79,2.26
PHC-DST-A1-01,2025-01-15,2.36,21.64,4.41
PHC-DST-A1-01,2025-01-16,1.76,22.24,3.29
PHC-DST-A1-01,2025-01-17,1.55,22.45,2.9
PHC-DST-A1-01,2025-01-18,2.27,21.73,4.24
PHC-DST-A1-01,2025-01-19,1.58,22.42,2.95
PHC-DST-A1-01,2025-01-20,0.0,24.0,0.0
PHC-DST-A1-01,2025-01-21,0.0,24.0,0.0
PHC-DST-A1-01,2025-01-22,2.75,21.25,5.14
PHC-DST-A1-01,2025-01-23,2.72,21.28,5.09
PHC-DST-A1-01,2025-01-24,3.22,20.78,6.02
PHC-DST-A1-01,2025-01-25,1.79,22.21,3.35
PHC-DST-A1-01,2025-01-26,0.83,23.17,1.55
PHC-DST-A1-01,2025-01-27,1.49,22.51,2.79
PHC-DST-A1-01,2025-01-28,1.81,22.19,3.38
PHC-DST-A1-01,2025-01-29,1.04,22.96,1.94
PHC-DST-A1-01,2025-01-30,3.04,20.96,5.68
PHC-DST-A1-01,2025-01-31,,20.52,6.51
PHC-DST-A1-01,2025-02-01,2.16,21.84,4.04
PHC-DST-A1-01,2025-02-02,1.79,22.21,3.35
PHC-DST-A1-01,2025-02-03,0.83,23.17,1.55
PHC-DST-A1-01,2025-02-04,2.96,21.04,5.54
PHC-DST-A1-01,2025-02-05,1.86,22.14,3.48
PHC-DST-A1-01,2025-02-06,1.58,22.42,2.95
PHC-DST-A1-01,2025-02-07,2.16,21.84,4.04
PHC-DST-A1-01,2025-02-08,1.36,22.64,2.54
PHC-DST-A1-01,2025-02-09,1.91,22.09,3.57
PHC-DST-A1-01,2025-02-10,0.72,23.28,1.35
PHC-DST-A1-01,2025-02-11,,21.38,4.9
PHC-DST-A1-01,2025-02-12,1.72,22.28,3.22
PHC-DST-A1-01,2025-02-13,2.67,21.33,4.99
PHC-DST-A1-01,2025-02-14,1.65,22.35,3.09
PHC-DST-A1-01,2025-02-15,1.7,22.3,3.18
PHC-DST-A1-01,2025-02-16,0.89,23.11,1.66
PHC-DST-A1-01,2025-02-17,2.37,21.63,4.43
PHC-DST-A1-01,2025-02-18,1.14,22.86,2.13
PHC-DST-A1-01,2025-02-19,1.44,22.56,2.69
PHC-DST-A1-01,2025-02-20,1.8,22.2,3.37
PHC-DST-A1-01,2025-02-21,1.89,22.11,3.53
PHC-DST-A1-01,2025-02-22,0.52,23.48,0.97
PHC-DST-A1-01,2025-02-23,1.63,22.37,3.05
PHC-DST-A1-01,2025-02-24,2.4,21.6,4.49
PHC-DST-A1-01,2025-02-25,1.52,22.48,2.84
PHC-DST-A1-01,2025-02-26,1.63,22.37,3.05
PHC-DST-A1-01,2025-02-27,1.92,22.08,3.59
PHC-DST-A1-01,2025-02-28,1.71,22.29,3.2
PHC-DST-A1-01,2025-03-01,1.03,22.97,1.93
PHC-DST-A1-01,2025-03-02,1.77,22.23,3.31
PHC-DST-A1-01,2025-03-03,2.55,21.45,4.77
PHC-DST-A1-01,2025-03-04,1.01,22.99,1.89
PHC-DST-A1-01,2025-03-05,1.52,,2.84
PHC-DST-A1-01,2025-03-06,0.76,23.24,1.42
PHC-DST-A1-01,2025-03-07,2.51,21.49,4.69
PHC-DST-A1-01,2025-03-08,1.73,22.27,3.24
PHC-DST-A1-01,2025-03-09,1.16,,2.17
PHC-DST-A1-01,2025-03-10,1.87,22.13,3.5
PHC-DST-A1-01,2025-03-11,0.9,23.1,1.68
PHC-DST-A1-01,2025-03-12,1.02,22.98,1.91
PHC-DST-A1-01,2025-03-13,0.7,23.3,1.31
PHC-DST-A1-01,2025-03-14,1.0,23.0,1.87
PHC-DST-A1-01,2025-03-15,2.82,21.18,5.27
PHC-DST-A1-01,2025-03-16,1.25,22.75,2.34
PHC-DST-A1-01,2025-03-17,2.15,21.85,4.02
PHC-DST-A1-01,2025-03-18,1.17,22.83,2.19
PHC-DST-A1-01,2025-03-19,2.37,21.63,4.43
PHC-DST-A1-01,2025-03-20,1.03,22.97,1.93
PHC-DST-A1-01,2025-03-21,1.83,22.17,3.42
PHC-DST-A1-01,2025-03-22,,22.16,3.44
PHC-DST-A1-01,2025-03-23,3.55,20.45,6.64
PHC-DST-A1-01,2025-03-24,2.27,21.73,4.24
PHC-DST-A1-01,2025-03-25,1.36,22.64,2.54
PHC-DST-A1-01,2025-03-26,2.31,21.69,4.32
PHC-DST-A1-01,2025-03-27,3.4,20.6,6.36
PHC-DST-A1-01,2025-03-28,0.58,23.42,1.08
PHC-DST-A1-01,2025-03-29,1.17,22.83,2.19
PHC-DST-A1-01,2025-03-30,1.62,22.38,3.03
PHC-DST-A1-01,2025-03-31,1.49,22.51,2.79
PHC-DST-A1-01,2025-04-01,1.55,22.45,2.9
PHC-DST-A1-01,2025-04-02,0.82,23.18,1.53
PHC-DST-A1-01,2025-04-03,2.85,21.15,5.33
PHC-DST-A1-01,2025-04-04,,23.27,1.37
PHC-DST-A1-01,2025-04-05,1.65,22.35,3.09
PHC-DST-A1-01,2025-04-06,2.58,21.42,4.82
PHC-DST-A1-01,2025-04-07,1.78,22.22,3.33
PHC-DST-A1-01,2025-04-08,1.07,22.93,2.0
PHC-DST-A1-01,2025-04-09,0.79,23.21,1.48
PHC-DST-A1-01,2025-04-10,1.63,22.37,3.05
PHC-DST-A1-01,2025-04-11,1.23,22.77,2.3
PHC-DST-A1-01,2025-04-12,1.95,22.05,3.65
PHC-DST-A1-01,2025-04-13,0.75,23.25,1.4
PHC-DST-A1-01,2025-04-14,2.41,21.59,4.51
PHC-DST-A1-01,2025-04-15,1.89,22.11,3.53
PHC-DST-A1-01,2025-04-16,1.94,22.06,3.63
PHC-DST-A1-01,2025-04-17,2.88,21.12,5.39
PHC-DST-A1-01,2025-04-18,1.47,22.53,2.75
PHC-DST-A1-01,2025-04-19,1.26,22.74,2.36
PHC-DST-A1-01,2025-04-20,,22.61,2.6
PHC-DST-A1-01,2025-04-21,1.66,22.34,3.1
PHC-DST-A1-01,2025-04-22,1.73,22.27,3.24
PHC-DST-A1-01,2025-04-23,1.18,22.82,2.21
PHC-DST-A1-01,2025-04-24,0.28,23.72,0.52
PHC-DST-A1-01,2025-04-25,1.38,22.62,2.58
PHC-DST-A1-01,2025-04-26,2.07,21.93,3.87
PHC-DST-A1-01,2025-04-27,1.9,22.1,3.55
PHC-DST-A1-01,2025-04-28,2.7,21.3,5.05
PHC-DST-A1-01,2025-04-29,3.27,20.73,6.11
PHC-DST-A1-01,2025-04-30,2.37,21.63,4.43
PHC-DST-A1-01,2025-05-01,2.84,21.16,5.31
PHC-DST-A1-01,2025-05-02,2.38,21.62,4.45
PHC-DST-A1-01,2025-05-03,3.08,20.92,5.76
PHC-DST-A1-01,2025-05-04,3.19,20.81,5.97
PHC-DST-A1-01,2025-05-05,2.51,21.49,4.69
PHC-DST-A1-01,2025-05-06,2.33,21.67,4.36
PHC-DST-A1-01,2025-05-07,1.65,22.35,3.09
PHC-DST-A1-01,2025-05-08,1.77,22.23,3.31
PHC-DST-A1-01,2025-05-09,1.55,22.45,2.9
PHC-DST-A1-01,2025-05-10,2.27,21.73,4.24
PHC-DST-A1-01,2025-05-11,1.26,22.74,2.36
PHC-DST-A1-01,2025-05-12,1.66,22.34,3.1
PHC-DST-A1-01,2025-05-13,0.03,23.97,0.06
PHC-DST-A1-01,2025-05-14,3.09,,5.78
PHC-DST-A1-01,2025-05-15,1.63,22.37,3.05
PHC-DST-A1-01,2025-05-16,2.14,21.86,4.0
PHC-DST-A1-01,2025-05-17,2.89,21.11,5.4
PHC-DST-A1-01,2025-05-18,2.03,21.97,3.8
PHC-DST-A1-01,2025-05-19,2.88,21.12,5.39
PHC-DST-A1-01,2025-05-20,0.87,23.13,1.63
PHC-DST-A1-01,2025-05-21,3.6,20.4,6.73
PHC-DST-A1-01,2025-05-22,2.62,21.38,4.9
PHC-DST-A1-01,2025-05-23,1.96,22.04,3.67
PHC-DST-A1-01,2025-05-24,2.87,21.13,5.37
PHC-DST-A1-01,2025-05-25,0.92,23.08,1.72
PHC-DST-A1-01,2025-05-26,1.58,22.42,2.95
PHC-DST-A1-01,2025-05-27,2.88,21.12,5.39
PHC-DST-A1-01,2025-05-28,0.4,23.6,0.75
PHC-DST-A1-01,2025-05-29,2.22,21.78,4.15
PHC-DST-A1-01,2025-05-30,2.2,21.8,4.11
PHC-DST-A1-01,2025-05-31,3.28,20.72,6.13
PHC-DST-A1-01,2025-06-01,0.61,23.39,1.14
PHC-DST-A1-01,2025-06-02,3.01,20.99,5.63
PHC-DST-A1-01,2025-06-03,1.38,22.62,2.58
PHC-DST-A1-01,2025-06-04,1.46,22.54,2.73
PHC-DST-A1-01,2025-06-05,0.88,23.12,1.65
PHC-DST-A1-01,2025-06-06,0.98,23.02,1.83
PHC-DST-A1-01,2025-06-07,2.1,21.9,3.93
PHC-DST-A1-01,2025-06-08,0.97,23.03,1.81
PHC-DST-A1-01,2025-06-09,2.36,21.64,4.41
PHC-DST-A1-01,2025-06-10,,22.7,2.43
PHC-DST-A1-01,2025-06-11,0.89,23.11,1.66
PHC-DST-A1-01,2025-06-12,1.4,22.6,2.62
PHC-DST-A1-01,2025-06-13,2.05,21.95,3.83
PHC-DST-A1-01,2025-06-14,1.59,,2.97
PHC-DST-A1-01,2025-06-15,1.83,22.17,3.42
PHC-DST-A1-01,2025-06-16,2.32,21.68,4.34
PHC-DST-A1-01,2025-06-17,2.61,21.39,4.88
PHC-DST-A1-01,2025-06-18,1.57,22.43,2.94
PHC-DST-A1-01,2025-06-19,1.02,22.98,1.91
PHC-DST-A1-01,2025-06-20,1.86,22.14,3.48
PHC-DST-A1-01,2025-06-21,2.15,21.85,4.02
PHC-DST-A1-01,2025-06-22,0.7,23.3,1.31
PHC-DST-A1-01,2025-06-23,1.13,22.87,2.11
PHC-DST-A1-01,2025-06-24,,22.74,2.36
PHC-DST-A1-01,2025-06-25,1.64,22.36,3.07
PHC-DST-A1-01,2025-06-26,1.23,22.77,2.3
PHC-DST-A1-01,2025-06-27,2.33,21.67,4.36
PHC-DST-A1-01,2025-06-28,0.6,23.4,1.12
PHC-DST-A1-01,2025-06-29,0.62,23.38,1.16
PHC-DST-A1-01,2025-06-30,1.55,22.45,2.9
PHC-DST-A1-02,2024-01-01,1.67,22.33,3.67
PHC-DST-A1-02,2024-01-02,0.71,23.29,1.56
PHC-DST-A1-02,2024-01-03,1.34,22.66,2.95
PHC-DST-A1-02,2024-01-04,1.5,22.5,3.3
PHC-DST-A1-02,2024-01-05,1.51,22.49,3.32
PHC-DST-A1-02,2024-01-06,1.91,22.09,4.2
PHC-DST-A1-02,2024-01-07,1.3,22.7,2.86
PHC-DST-A1-02,2024-01-08,2.91,21.09,6.4
PHC-DST-A1-02,2024-01-09,2.17,21.83,4.77
PHC-DST-A1-02,2024-01-10,1.19,22.81,2.62
PHC-DST-A1-02,2024-01-11,1.87,22.13,4.11
PHC-DST-A1-02,2024-01-12,1.89,22.11,4.16
PHC-DST-A1-02,2024-01-13,2.71,21.29,5.96
PHC-DST-A1-02,2024-01-14,1.35,,2.97
PHC-DST-A1-02,2024-01-15,2.38,21.62,5.24
PHC-DST-A1-02,2024-01-16,1.83,22.17,4.03
PHC-DST-A1-02,2024-01-17,2.92,21.08,6.42
PHC-DST-A1-02,2024-01-18,,21.23,6.09
PHC-DST-A1-02,2024-01-19,1.95,22.05,4.29
PHC-DST-A1-02,2024-01-20,1.6,22.4,3.52
PHC-DST-A1-02,2024-01-21,2.18,21.82,4.8
PHC-DST-A1-02,2024-01-22,1.66,22.34,3.65
PHC-DST-A1-02,2024-01-23,3.06,20.94,6.73
PHC-DST-A1-02,2024-01-24,1.86,22.14,4.09
PHC-DST-A1-02,2024-01-25,,22.5,3.3
PHC-DST-A1-02,2024-01-26,1.46,22.54,3.21
PHC-DST-A1-02,2024-01-27,0.89,23.11,1.96
PHC-DST-A1-02,2024-01-28,2.22,21.78,4.88
PHC-DST-A1-02,2024-01-29,1.18,22.82,2.6
PHC-DST-A1-02,2024-01-30,2.62,21.38,5.76
PHC-DST-A1-02,2024-01-31,0.83,23.17,1.83
PHC-DST-A1-02,2024-02-01,1.9,22.1,4.18
PHC-DST-A1-02,2024-02-02,,21.34,5.85
PHC-DST-A1-02,2024-02-03,0.19,23.81,0.42
PHC-DST-A1-02,2024-02-04,3.31,20.69,7.28
PHC-DST-A1-02,2024-02-05,1.48,22.52,3.26
PHC-DST-A1-02,2024-02-06,1.91,22.09,4.2
PHC-DST-A1-02,2024-02-07,2.23,21.77,4.91
PHC-DST-A1-02,2024-02-08,2.34,21.66,5.15
PHC-DST-A1-02,2024-02-09,2.01,21.99,4.42
PHC-DST-A1-02,2024-02-10,2.55,21.45,5.61
PHC-DST-A1-02,2024-02-11,2.19,21.81,4.82
PHC-DST-A1-02,2024-02-12,3.12,20.88,6.86
PHC-DST-A1-02,2024-02-13,2.19,21.81,4.82
PHC-DST-A1-02,2024-02-14,3.27,20.73,7.19
PHC-DST-A1-02,2024-02-15,2.48,21.52,5.46
PHC-DST-A1-02,2024-02-16,0.45,23.55,0.99
PHC-DST-A1-02,2024-02-17,3.76,20.24,8.27
PHC-DST-A1-02,2024-02-18,1.37,22.63,3.01
PHC-DST-A1-02,2024-02-19,2.92,21.08,6.42
PHC-DST-A1-02,2024-02-20,1.82,22.18,4.0
PHC-DST-A1-02,2024-02-21,2.6,21.4,5.72
PHC-DST-A1-02,2024-02-22,1.28,22.72,2.82
PHC-DST-A1-02,2024-02-23,2.27,21.73,4.99
PHC-DST-A1-02,2024-02-24,1.61,22.39,3.54
PHC-DST-A1-02,2024-02-25,2.98,21.02,6.56
PHC-DST-A1-02,2024-02-26,2.13,,4.69
PHC-DST-A1-02,2024-02-27,2.5,21.5,5.5
PHC-DST-A1-02,2024-02-28,0.18,23.82,0.4
PHC-DST-A1-02,2024-02-29,1.74,22.26,3.83
PHC-DST-A1-02,2024-03-01,2.11,21.89,4.64
PHC-DST-A1-02,2024-03-02,1.97,22.03,4.33
PHC-DST-A1-02,2024-03-03,2.52,21.48,5.54
PHC-DST-A1-02,2024-03-04,1.53,22.47,3.37
PHC-DST-A1-02,2024-03-05,1.84,22.16,4.05
PHC-DST-A1-02,2024-03-06,2.69,21.31,5.92
PHC-DST-A1-02,2024-03-07,0.09,23.91,0.2
PHC-DST-A1-02,2024-03-08,2.24,21.76,4.93
PHC-DST-A1-02,2024-03-09,1.55,22.45,3.41
PHC-DST-A1-02,2024-03-10,1.12,22.88,2.46
PHC-DST-A1-02,2024-03-11,2.05,21.95,4.51
PHC-DST-A1-02,2024-03-12,2.72,21.28,5.98
PHC-DST-A1-02,2024-03-13,2.58,21.42,5.68
PHC-DST-A1-02,2024-03-14,1.7,22.3,3.74
PHC-DST-A1-02,2024-03-15,2.46,,5.41
PHC-DST-A1-02,2024-03-16,2.45,21.55,5.39
PHC-DST-A1-02,2024-03-17,1.73,22.27,3.81
PHC-DST-A1-02,2024-03-18,1.28,22.72,2.82
PHC-DST-A1-02,2024-03-19,1.32,22.68,2.9
PHC-DST-A1-02,2024-03-20,2.43,21.57,5.35
PHC-DST-A1-02,2024-03-21,1.77,22.23,3.89
PHC-DST-A1-02,2024-03-22,1.02,22.98,2.24
PHC-DST-A1-02,2024-03-23,0.54,23.46,1.19
PHC-DST-A1-02,2024-03-24,2.42,21.58,5.32
PHC-DST-A1-02,2024-03-25,1.39,22.61,3.06
PHC-DST-A1-02,2024-03-26,2.05,21.95,4.51
PHC-DST-A1-02,2024-03-27,2.73,21.27,6.01
PHC-DST-A1-02,2024-03-28,0.82,23.18,1.8
PHC-DST-A1-02,2024-03-29,1.77,22.23,3.89
PHC-DST-A1-02,2024-03-30,1.67,22.33,3.67
PHC-DST-A1-02,2024-03-31,2.08,21.92,4.58
PHC-DST-A1-02,2024-04-01,2.73,21.27,6.01
PHC-DST-A1-02,2024-04-02,0.8,23.2,1.76
PHC-DST-A1-02,2024-04-03,2.23,21.77,4.91
PHC-DST-A1-02,2024-04-04,2.57,,5.65
PHC-DST-A1-02,2024-04-05,1.66,22.34,3.65
PHC-DST-A1-02,2024-04-06,1.7,22.3,3.74
PHC-DST-A1-02,2024-04-07,2.11,21.89,4.64
PHC-DST-A1-02,2024-04-08,2.06,21.94,4.53
PHC-DST-A1-02,2024-04-09,2.24,21.76,4.93
PHC-DST-A1-02,2024-04-10,2.22,21.78,4.88
PHC-DST-A1-02,2024-04-11,1.06,22.94,2.33
PHC-DST-A1-02,2024-04-12,2.54,21.46,5.59
PHC-DST-A1-02,2024-04-13,2.68,21.32,5.9
PHC-DST-A1-02,2024-04-14,1.94,22.06,4.27
PHC-DST-A1-02,2024-04-15,0.68,23.32,1.5
PHC-DST-A1-02,2024-04-16,1.71,22.29,3.76
PHC-DST-A1-02,2024-04-17,1.95,22.05,4.29
PHC-DST-A1-02,2024-04-18,0.94,23.06,2.07
PHC-DST-A1-02,2024-04-19,1.53,22.47,3.37
PHC-DST-A1-02,2024-04-20,0.74,23.26,1.63
PHC-DST-A1-02,2024-04-21,2.26,21.74,4.97
PHC-DST-A1-02,2024-04-22,1.92,22.08,4.22
PHC-DST-A1-02,2024-04-23,0.57,23.43,1.25
PHC-DST-A1-02,2024-04-24,2.06,21.94,4.53
PHC-DST-A1-02,2024-04-25,1.76,22.24,3.87
PHC-DST-A1-02,2024-04-26,2.19,21.81,4.82
PHC-DST-A1-02,2024-04-27,1.51,22.49,3.32
PHC-DST-A1-02,2024-04-28,1.2,22.8,2.64
PHC-DST-A1-02,2024-04-29,1.22,22.78,2.68
PHC-DST-A1-02,2024-04-30,1.4,22.6,3.08
PHC-DST-A1-02,2024-05-01,1.81,22.19,3.98
PHC-DST-A1-02,2024-05-02,1.91,22.09,4.2
PHC-DST-A1-02,2024-05-03,1.66,22.34,3.65
PHC-DST-A1-02,2024-05-04,1.48,22.52,3.26
PHC-DST-A1-02,2024-05-05,1.54,22.46,3.39
PHC-DST-A1-02,2024-05-06,3.68,20.32,8.1
PHC-DST-A1-02,2024-05-07,1.22,22.78,2.68
PHC-DST-A1-02,2024-05-08,1.38,22.62,3.04
PHC-DST-A1-02,2024-05-09,4.27,19.73,9.39
PHC-DST-A1-02,2024-05-10,2.12,21.88,4.66
PHC-DST-A1-02,2024-05-11,0.77,23.23,1.69
PHC-DST-A1-02,2024-05-12,2.43,21.57,5.35
PHC-DST-A1-02,2024-05-13,1.12,22.88,2.46
PHC-DST-A1-02,2024-05-14,2.48,21.52,5.46
PHC-DST-A1-02,2024-05-15,1.64,22.36,3.61
PHC-DST-A1-02,2024-05-16,1.47,22.53,3.23
PHC-DST-A1-02,2024-05-17,3.01,20.99,6.62
PHC-DST-A1-02,2024-05-18,2.22,21.78,4.88
PHC-DST-A1-02,2024-05-19,2.53,21.47,5.57
PHC-DST-A1-02,2024-05-20,2.13,21.87,4.69
PHC-DST-A1-02,2024-05-21,1.47,22.53,3.23
PHC-DST-A1-02,2024-05-22,2.26,21.74,4.97
PHC-DST-A1-02,2024-05-23,2.71,21.29,5.96
PHC-DST-A1-02,2024-05-24,1.9,22.1,4.18
PHC-DST-A1-02,2024-05-25,3.15,20.85,6.93
PHC-DST-A1-02,2024-05-26,2.44,21.56,5.37
PHC-DST-A1-02,2024-05-27,1.96,22.04,4.31
PHC-DST-A1-02,2024-05-28,1.99,22.01,4.38
PHC-DST-A1-02,2024-05-29,1.9,22.1,4.18
PHC-DST-A1-02,2024-05-30,0.86,23.14,1.89
PHC-DST-A1-02,2024-05-31,1.73,22.27,3.81
PHC-DST-A1-02,2024-06-01,1.97,22.03,4.33
PHC-DST-A1-02,2024-06-02,1.49,22.51,3.28
PHC-DST-A1-02,2024-06-03,2.05,21.95,4.51
PHC-DST-A1-02,2024-06-04,1.82,22.18,4.0
PHC-DST-A1-02,2024-06-05,2.38,21.62,5.24
PHC-DST-A1-02,2024-06-06,2.3,21.7,5.06
PHC-DST-A1-02,2024-06-07,1.93,22.07,4.25
PHC-DST-A1-02,2024-06-08,0.77,23.23,1.69
PHC-DST-A1-02,2024-06-09,3.14,20.86,6.91
PHC-DST-A1-02,2024-06-10,1.69,22.31,3.72
PHC-DST-A1-02,2024-06-11,1.74,22.26,3.83
PHC-DST-A1-02,2024-06-12,1.54,22.46,3.39
PHC-DST-A1-02,2024-06-13,1.43,22.57,3.15
PHC-DST-A1-02,2024-06-14,2.96,21.04,6.51
PHC-DST-A1-02,2024-06-15,2.84,21.16,6.25
PHC-DST-A1-02,2024-06-16,2.13,21.87,4.69
PHC-DST-A1-02,2024-06-17,1.72,22.28,3.78
PHC-DST-A1-02,2024-06-18,2.26,21.74,4.97
PHC-DST-A1-02,2024-06-19,1.86,22.14,4.09
PHC-DST-A1-02,2024-06-20,1.66,22.34,3.65
PHC-DST-A1-02,2024-06-21,2.05,21.95,4.51
PHC-DST-A1-02,2024-06-22,1.47,22.53,3.23
PHC-DST-A1-02,2024-06-23,1.99,22.01,4.38
PHC-DST-A1-02,2024-06-24,1.95,22.05,4.29
PHC-DST-A1-02,2024-06-25,2.25,21.75,4.95
PHC-DST-A1-02,2024-06-26,1.34,22.66,2.95
PHC-DST-A1-02,2024-06-27,2.33,21.67,5.13
PHC-DST-A1-02,2024-06-28,1.12,22.88,2.46
PHC-DST-A1-02,2024-06-29,1.37,22.63,3.01
PHC-DST-A1-02,2024-06-30,1.4,22.6,3.08
PHC-DST-A1-02,2024-07-01,16.04,7.96,35.29
PHC-DST-A1-02,2024-07-02,1.07,22.93,2.35
PHC-DST-A1-02,2024-07-03,13.5,10.5,29.7
PHC-DST-A1-02,2024-07-04,12.5,11.5,27.5
PHC-DST-A1-02,2024-07-05,1.04,22.96,2.29
PHC-DST-A1-02,2024-07-06,16.14,7.86,35.51
PHC-DST-A1-02,2024-07-07,2.35,21.65,5.17
PHC-DST-A1-02,2024-07-08,2.2,21.8,4.84
PHC-DST-A1-02,2024-07-09,1.86,,4.09
PHC-DST-A1-02,2024-07-10,7.0,17.0,15.4
PHC-DST-A1-02,2024-07-11,5.29,18.71,11.64
PHC-DST-A1-02,2024-07-12,6.25,17.75,13.75
PHC-DST-A1-02,2024-07-13,1.57,22.43,3.45
PHC-DST-A1-02,2024-07-14,5.22,18.78,11.48
PHC-DST-A1-02,2024-07-15,1.49,22.51,3.28
PHC-DST-A1-02,2024-07-16,1.09,22.91,2.4
PHC-DST-A1-02,2024-07-17,0.69,23.31,1.52
PHC-DST-A1-02,2024-07-18,0.63,23.37,1.39
PHC-DST-A1-02,2024-07-19,1.52,22.48,3.34
PHC-DST-A1-02,2024-07-20,1.74,22.26,3.83
PHC-DST-A1-02,2024-07-21,1.14,22.86,2.51
PHC-DST-A1-02,2024-07-22,7.89,16.11,17.36
PHC-DST-A1-02,2024-07-23,2.29,21.71,5.04
PHC-DST-A1-02,2024-07-24,1.75,22.25,3.85
PHC-DST-A1-02,2024-07-25,2.23,21.77,4.91
PHC-DST-A1-02,2024-07-26,1.66,22.34,3.65
PHC-DST-A1-02,2024-07-27,6.28,17.72,13.82
PHC-DST-A1-02,2024-07-28,8.06,15.94,17.73
PHC-DST-A1-02,2024-07-29,7.05,16.95,15.51
PHC-DST-A1-02,2024-07-30,7.77,16.23,17.09
PHC-DST-A1-02,2024-07-31,4.12,19.88,9.06
PHC-DST-A1-02,2024-08-01,2.09,21.91,4.6
PHC-DST-A1-02,2024-08-02,2.68,21.32,5.9
PHC-DST-A1-02,2024-08-03,5.05,18.95,11.11
PHC-DST-A1-02,2024-08-04,3.18,20.82,7.0
PHC-DST-A1-02,2024-08-05,1.58,22.42,3.48
PHC-DST-A1-02,2024-08-06,3.96,20.04,8.71
PHC-DST-A1-02,2024-08-07,2.12,21.88,4.66
PHC-DST-A1-02,2024-08-08,0.04,23.96,0.09
PHC-DST-A1-02,2024-08-09,0.96,23.04,2.11
PHC-DST-A1-02,2024-08-10,3.97,20.03,8.73
PHC-DST-A1-02,2024-08-11,2.12,21.88,4.66
PHC-DST-A1-02,2024-08-12,2.48,21.52,5.46
PHC-DST-A1-02,2024-08-13,1.42,22.58,3.12
PHC-DST-A1-02,2024-08-14,1.07,22.93,2.35
PHC-DST-A1-02,2024-08-15,1.44,22.56,3.17
PHC-DST-A1-02,2024-08-16,1.08,22.92,2.38
PHC-DST-A1-02,2024-08-17,1.72,22.28,3.78
PHC-DST-A1-02,2024-08-18,4.1,19.9,9.02
PHC-DST-A1-02,2024-08-19,4.07,19.93,8.95
PHC-DST-A1-02,2024-08-20,2.84,21.16,6.25
PHC-DST-A1-02,2024-08-21,1.02,22.98,2.24
PHC-DST-A1-02,2024-08-22,15.85,8.15,34.87
PHC-DST-A1-02,2024-08-23,2.65,21.35,5.83
PHC-DST-A1-02,2024-08-24,1.48,22.52,3.26
PHC-DST-A1-02,2024-08-25,2.22,21.78,4.88
PHC-DST-A1-02,2024-08-26,2.12,21.88,4.66
PHC-DST-A1-02,2024-08-27,1.4,22.6,3.08
PHC-DST-A1-02,2024-08-28,,21.74,4.97
PHC-DST-A1-02,2024-08-29,3.2,20.8,7.04
PHC-DST-A1-02,2024-08-30,,18.18,12.8
PHC-DST-A1-02,2024-08-31,5.32,18.68,11.7
PHC-DST-A1-02,2024-09-01,2.15,21.85,4.73
PHC-DST-A1-02,2024-09-02,1.04,22.96,2.29
PHC-DST-A1-02,2024-09-03,1.36,22.64,2.99
PHC-DST-A1-02,2024-09-04,3.42,20.58,7.52
PHC-DST-A1-02,2024-09-05,6.03,17.97,13.27
PHC-DST-A1-02,2024-09-06,2.66,21.34,5.85
PHC-DST-A1-02,2024-09-07,1.09,22.91,2.4
PHC-DST-A1-02,2024-09-08,1.46,22.54,3.21
PHC-DST-A1-02,2024-09-09,2.74,21.26,6.03
PHC-DST-A1-02,2024-09-10,1.83,22.17,4.03
PHC-DST-A1-02,2024-09-11,0.63,23.37,1.39
PHC-DST-A1-02,2024-09-12,2.21,21.79,4.86
PHC-DST-A1-02,2024-09-13,1.5,22.5,3.3
PHC-DST-A1-02,2024-09-14,5.94,18.06,13.07
PHC-DST-A1-02,2024-09-15,15.83,,34.83
PHC-DST-A1-02,2024-09-16,1.16,22.84,2.55
PHC-DST-A1-02,2024-09-17,1.66,22.34,3.65
PHC-DST-A1-02,2024-09-18,2.09,21.91,4.6
PHC-DST-A1-02,2024-09-19,1.16,22.84,2.55
PHC-DST-A1-02,2024-09-20,2.0,22.0,4.4
PHC-DST-A1-02,2024-09-21,1.63,22.37,3.59
PHC-DST-A1-02,2024-09-22,1.62,22.38,3.56
PHC-DST-A1-02,2024-09-23,1.84,22.16,4.05
PHC-DST-A1-02,2024-09-24,1.85,22.15,4.07
PHC-DST-A1-02,2024-09-25,1.92,22.08,4.22
PHC-DST-A1-02,2024-09-26,4.91,19.09,10.8
PHC-DST-A1-02,2024-09-27,1.71,22.29,3.76
PHC-DST-A1-02,2024-09-28,1.77,22.23,3.89
PHC-DST-A1-02,2024-09-29,1.47,22.53,3.23
PHC-DST-A1-02,2024-09-30,2.04,21.96,4.49
PHC-DST-A1-02,2024-10-01,0.44,23.56,0.97
PHC-DST-A1-02,2024-10-02,1.25,22.75,2.75
PHC-DST-A1-02,2024-10-03,1.59,22.41,3.5
PHC-DST-A1-02,2024-10-04,1.16,22.84,2.55
PHC-DST-A1-02,2024-10-05,3.02,20.98,6.64
PHC-DST-A1-02,2024-10-06,1.81,22.19,3.98
PHC-DST-A1-02,2024-10-07,1.93,22.07,4.25
PHC-DST-A1-02,2024-10-08,1.44,22.56,3.17
PHC-DST-A1-02,2024-10-09,1.79,22.21,3.94
PHC-DST-A1-02,2024-10-10,0.89,23.11,1.96
PHC-DST-A1-02,2024-10-11,1.67,22.33,3.67
PHC-DST-A1-02,2024-10-12,1.1,22.9,2.42
PHC-DST-A1-02,2024-10-13,1.59,22.41,3.5
PHC-DST-A1-02,2024-10-14,0.0,24.0,0.0
PHC-DST-A1-02,2024-10-15,0.95,23.05,2.09
PHC-DST-A1-02,2024-10-16,2.9,21.1,6.38
PHC-DST-A1-02,2024-10-17,2.42,21.58,5.32
PHC-DST-A1-02,2024-10-18,2.79,21.21,6.14
PHC-DST-A1-02,2024-10-19,2.84,21.16,6.25
PHC-DST-A1-02,2024-10-20,2.3,21.7,5.06
PHC-DST-A1-02,2024-10-21,1.46,22.54,3.21
PHC-DST-A1-02,2024-10-22,1.02,22.98,2.24
PHC-DST-A1-02,2024-10-23,2.66,21.34,5.85
PHC-DST-A1-02,2024-10-24,1.85,22.15,4.07
PHC-DST-A1-02,2024-10-25,3.67,20.33,8.07
PHC-DST-A1-02,2024-10-26,1.53,22.47,3.37
PHC-DST-A1-02,2024-10-27,3.28,20.72,7.22
PHC-DST-A1-02,2024-10-28,1.68,22.32,3.7
PHC-DST-A1-02,2024-10-29,2.8,21.2,6.16
PHC-DST-A1-02,2024-10-30,3.07,20.93,6.75
PHC-DST-A1-02,2024-10-31,,22.97,2.27
PHC-DST-A1-02,2024-11-01,1.44,22.56,3.17
PHC-DST-A1-02,2024-11-02,1.03,22.97,2.27
PHC-DST-A1-02,2024-11-03,0.88,23.12,1.94
PHC-DST-A1-02,2024-11-04,2.3,21.7,5.06
PHC-DST-A1-02,2024-11-05,1.65,22.35,3.63
PHC-DST-A1-02,2024-11-06,1.84,22.16,4.05
PHC-DST-A1-02,2024-11-07,2.22,21.78,4.88
PHC-DST-A1-02,2024-11-08,0.41,23.59,0.9
PHC-DST-A1-02,2024-11-09,2.77,21.23,6.09
PHC-DST-A1-02,2024-11-10,1.54,22.46,3.39
PHC-DST-A1-02,2024-11-11,2.2,21.8,4.84
PHC-DST-A1-02,2024-11-12,2.27,21.73,4.99
PHC-DST-A1-02,2024-11-13,2.83,21.17,6.23
PHC-DST-A1-02,2024-11-14,1.72,22.28,3.78
PHC-DST-A1-02,2024-11-15,0.21,23.79,0.46
PHC-DST-A1-02,2024-11-16,1.84,22.16,4.05
PHC-DST-A1-02,2024-11-17,1.95,22.05,4.29
PHC-DST-A1-02,2024-11-18,1.02,22.98,2.24
PHC-DST-A1-02,2024-11-19,1.91,22.09,4.2
PHC-DST-A1-02,2024-11-20,1.53,22.47,3.37
PHC-DST-A1-02,2024-11-21,0.79,23.21,1.74
PHC-DST-A1-02,2024-11-22,2.3,21.7,5.06
PHC-DST-A1-02,2024-11-23,,22.62,3.04
PHC-DST-A1-02,2024-11-24,1.5,22.5,3.3
PHC-DST-A1-02,2024-11-25,1.45,22.55,3.19
PHC-DST-A1-02,2024-11-26,2.73,21.27,6.01
PHC-DST-A1-02,2024-11-27,1.77,22.23,3.89
PHC-DST-A1-02,2024-11-28,1.86,22.14,4.09
PHC-DST-A1-02,2024-11-29,1.47,22.53,3.23
PHC-DST-A1-02,2024-11-30,,21.85,4.73
PHC-DST-A1-02,2024-12-01,2.81,21.19,6.18
PHC-DST-A1-02,2024-12-02,2.29,21.71,5.04
PHC-DST-A1-02,2024-12-03,2.32,21.68,5.1
PHC-DST-A1-02,2024-12-04,2.25,21.75,4.95
PHC-DST-A1-02,2024-12-05,0.76,23.24,1.67
PHC-DST-A1-02,2024-12-06,1.14,22.86,2.51
PHC-DST-A1-02,2024-12-07,1.65,22.35,3.63
PHC-DST-A1-02,2024-12-08,1.26,22.74,2.77
PHC-DST-A1-02,2024-12-09,1.0,23.0,2.2
PHC-DST-A1-02,2024-12-10,0.4,23.6,0.88
PHC-DST-A1-02,2024-12-11,0.79,23.21,1.74
PHC-DST-A1-02,2024-12-12,1.61,22.39,3.54
PHC-DST-A1-02,2024-12-13,1.75,22.25,3.85
PHC-DST-A1-02,2024-12-14,1.21,22.79,2.66
PHC-DST-A1-02,2024-12-15,1.86,22.14,4.09
PHC-DST-A1-02,2024-12-16,1.47,22.53,3.23
PHC-DST-A1-02,2024-12-17,2.62,,5.76
PHC-DST-A1-02,2024-12-18,1.68,22.32,3.7
PHC-DST-A1-02,2024-12-19,2.32,21.68,5.1
PHC-DST-A1-02,2024-12-20,1.95,22.05,4.29
PHC-DST-A1-02,2024-12-21,0.75,23.25,1.65
PHC-DST-A1-02,2024-12-22,1.73,22.27,3.81
PHC-DST-A1-02,2024-12-23,0.87,23.13,1.91
PHC-DST-A1-02,2024-12-24,,22.28,3.78
PHC-DST-A1-02,2024-12-25,1.24,22.76,2.73
PHC-DST-A1-02,2024-12-26,2.09,21.91,4.6
PHC-DST-A1-02,2024-12-27,0.79,23.21,1.74
PHC-DST-A1-02,2024-12-28,1.81,22.19,3.98
PHC-DST-A1-02,2024-12-29,2.23,21.77,4.91
PHC-DST-A1-02,2024-12-30,2.48,21.52,5.46
PHC-DST-A1-02,2024-12-31,1.23,22.77,2.71
PHC-DST-A1-02,2025-01-01,1.81,22.19,3.98
PHC-DST-A1-02,2025-01-02,1.94,22.06,4.27
PHC-DST-A1-02,2025-01-03,2.96,21.04,6.51
PHC-DST-A1-02,2025-01-04,0.69,23.31,1.52
PHC-DST-A1-02,2025-01-05,1.12,22.88,2.46
PHC-DST-A1-02,2025-01-06,3.9,20.1,8.58
PHC-DST-A1-02,2025-01-07,1.6,22.4,3.52
PHC-DST-A1-02,2025-01-08,,23.62,0.84
PHC-DST-A1-02,2025-01-09,1.36,22.64,2.99
PHC-DST-A1-02,2025-01-10,0.0,24.0,0.0
PHC-DST-A1-02,2025-01-11,1.98,22.02,4.36
PHC-DST-A1-02,2025-01-12,2.41,21.59,5.3
PHC-DST-A1-02,2025-01-13,1.12,22.88,2.46
PHC-DST-A1-02,2025-01-14,1.45,22.55,3.19
PHC-DST-A1-02,2025-01-15,2.49,21.51,5.48
PHC-DST-A1-02,2025-01-16,0.49,23.51,1.08
PHC-DST-A1-02,2025-01-17,0.81,23.19,1.78
PHC-DST-A1-02,2025-01-18,1.63,22.37,3.59
PHC-DST-A1-02,2025-01-19,1.24,,2.73
PHC-DST-A1-02,2025-01-20,1.58,22.42,3.48
PHC-DST-A1-02,2025-01-21,0.85,23.15,1.87
PHC-DST-A1-02,2025-01-22,1.96,22.04,4.31
PHC-DST-A1-02,2025-01-23,1.69,22.31,3.72
PHC-DST-A1-02,2025-01-24,2.21,21.79,4.86
PHC-DST-A1-02,2025-01-25,1.95,22.05,4.29
PHC-DST-A1-02,2025-01-26,1.96,22.04,4.31
PHC-DST-A1-02,2025-01-27,0.72,23.28,1.58
PHC-DST-A1-02,2025-01-28,2.17,21.83,4.77
PHC-DST-A1-02,2025-01-29,1.55,22.45,3.41
PHC-DST-A1-02,2025-01-30,1.68,22.32,3.7
PHC-DST-A1-02,2025-01-31,2.59,21.41,5.7
PHC-DST-A1-02,2025-02-01,1.26,22.74,2.77
PHC-DST-A1-02,2025-02-02,2.81,21.19,6.18
PHC-DST-A1-02,2025-02-03,2.88,21.12,6.34
PHC-DST-A1-02,2025-02-04,2.36,21.64,5.19
PHC-DST-A1-02,2025-02-05,1.06,22.94,2.33
PHC-DST-A1-02,2025-02-06,0.16,23.84,0.35
PHC-DST-A1-02,2025-02-07,2.61,21.39,5.74
PHC-DST-A1-02,2025-02-08,1.88,22.12,4.14
PHC-DST-A1-02,2025-02-09,1.24,22.76,2.73
PHC-DST-A1-02,2025-02-10,2.68,21.32,5.9
PHC-DST-A1-02,2025-02-11,1.15,22.85,2.53
PHC-DST-A1-02,2025-02-12,1.48,22.52,3.26
PHC-DST-A1-02,2025-02-13,2.19,21.81,4.82
PHC-DST-A1-02,2025-02-14,0.96,23.04,2.11
PHC-DST-A1-02,2025-02-15,1.72,22.28,3.78
PHC-DST-A1-02,2025-02-16,2.62,21.38,5.76
PHC-DST-A1-02,2025-02-17,1.96,22.04,4.31
PHC-DST-A1-02,2025-02-18,2.74,21.26,6.03
PHC-DST-A1-02,2025-02-19,2.65,21.35,5.83
PHC-DST-A1-02,2025-02-20,1.81,22.19,3.98
PHC-DST-A1-02,2025-02-21,0.05,23.95,0.11
PHC-DST-A1-02,2025-02-22,0.97,23.03,2.13
PHC-DST-A1-02,2025-02-23,2.37,21.63,5.21
PHC-DST-A1-02,2025-02-24,0.64,23.36,1.41
PHC-DST-A1-02,2025-02-25,1.55,22.45,3.41
PHC-DST-A1-02,2025-02-26,2.05,21.95,4.51
PHC-DST-A1-02,2025-02-27,2.9,21.1,6.38
PHC-DST-A1-02,2025-02-28,1.37,22.63,3.01
PHC-DST-A1-02,2025-03-01,1.32,22.68,2.9
PHC-DST-A1-02,2025-03-02,1.76,22.24,3.87
PHC-DST-A1-02,2025-03-03,2.06,21.94,4.53
PHC-DST-A1-02,2025-03-04,1.68,22.32,3.7
PHC-DST-A1-02,2025-03-05,2.59,21.41,5.7
PHC-DST-A1-02,2025-03-06,1.2,22.8,2.64
PHC-DST-A1-02,2025-03-07,1.89,22.11,4.16
PHC-DST-A1-02,2025-03-08,2.13,21.87,4.69
PHC-DST-A1-02,2025-03-09,1.5,22.5,3.3
PHC-DST-A1-02,2025-03-10,2.43,21.57,5.35
PHC-DST-A1-02,2025-03-11,1.91,22.09,4.2
PHC-DST-A1-02,2025-03-12,2.39,21.61,5.26
PHC-DST-A1-02,2025-03-13,1.95,22.05,4.29
PHC-DST-A1-02,2025-03-14,2.08,21.92,4.58
PHC-DST-A1-02,2025-03-15,1.33,22.67,2.93
PHC-DST-A1-02,2025-03-16,1.33,22.67,2.93
PHC-DST-A1-02,2025-03-17,2.72,,5.98
PHC-DST-A1-02,2025-03-18,2.28,21.72,5.02
PHC-DST-A1-02,2025-03-19,1.03,22.97,2.27
PHC-DST-A1-02,2025-03-20,1.94,22.06,4.27
PHC-DST-A1-02,2025-03-21,0.02,23.98,0.04
PHC-DST-A1-02,2025-03-22,1.37,22.63,3.01
PHC-DST-A1-02,2025-03-23,2.52,21.48,5.54
PHC-DST-A1-02,2025-03-24,1.71,22.29,3.76
PHC-DST-A1-02,2025-03-25,1.89,22.11,4.16
PHC-DST-A1-02,2025-03-26,0.0,24.0,0.0
PHC-DST-A1-02,2025-03-27,1.51,22.49,3.32
PHC-DST-A1-02,2025-03-28,2.05,21.95,4.51
PHC-DST-A1-02,2025-03-29,2.15,21.85,4.73
PHC-DST-A1-02,2025-03-30,2.52,21.48,5.54
PHC-DST-A1-02,2025-03-31,1.64,22.36,3.61
PHC-DST-A1-02,2025-04-01,1.68,22.32,3.7
PHC-DST-A1-02,2025-04-02,0.8,23.2,1.76
PHC-DST-A1-02,2025-04-03,1.65,22.35,3.63
PHC-DST-A1-02,2025-04-04,0.85,23.15,1.87
PHC-DST-A1-02,2025-04-05,0.41,,0.9
PHC-DST-A1-02,2025-04-06,0.99,23.01,2.18
PHC-DST-A1-02,2025-04-07,2.93,21.07,6.45
PHC-DST-A1-02,2025-04-08,1.6,22.4,3.52
PHC-DST-A1-02,2025-04-09,1.96,22.04,4.31
PHC-DST-A1-02,2025-04-10,1.41,22.59,3.1
PHC-DST-A1-02,2025-04-11,0.46,23.54,1.01
PHC-DST-A1-02,2025-04-12,2.5,21.5,5.5
PHC-DST-A1-02,2025-04-13,0.17,23.83,0.37
PHC-DST-A1-02,2025-04-14,1.38,22.62,3.04
PHC-DST-A1-02,2025-04-15,1.76,22.24,3.87
PHC-DST-A1-02,2025-04-16,1.97,22.03,4.33
PHC-DST-A1-02,2025-04-17,1.26,22.74,2.77
PHC-DST-A1-02,2025-04-18,0.42,23.58,0.92
PHC-DST-A1-02,2025-04-19,1.2,22.8,2.64
PHC-DST-A1-02,2025-04-20,1.24,22.76,2.73
PHC-DST-A1-02,2025-04-21,1.22,22.78,2.68
PHC-DST-A1-02,2025-04-22,2.53,21.47,5.57
PHC-DST-A1-02,2025-04-23,0.89,23.11,1.96
PHC-DST-A1-02,2025-04-24,2.03,21.97,4.47
PHC-DST-A1-02,2025-04-25,1.92,22.08,4.22
PHC-DST-A1-02,2025-04-26,2.52,21.48,5.54
PHC-DST-A1-02,2025-04-27,1.7,22.3,3.74
PHC-DST-A1-02,2025-04-28,2.39,21.61,5.26
PHC-DST-A1-02,2025-04-29,1.67,22.33,3.67
PHC-DST-A1-02,2025-04-30,2.13,21.87,4.69
PHC-DST-A1-02,2025-05-01,0.67,23.33,1.47
PHC-DST-A1-02,2025-05-02,0.0,24.0,0.0
PHC-DST-A1-02,2025-05-03,2.08,21.92,4.58
PHC-DST-A1-02,2025-05-04,2.12,21.88,4.66
PHC-DST-A1-02,2025-05-05,2.16,21.84,4.75
PHC-DST-A1-02,2025-05-06,1.41,22.59,3.1
PHC-DST-A1-02,2025-05-07,2.92,21.08,6.42
PHC-DST-A1-02,2025-05-08,1.46,22.54,3.21
PHC-DST-A1-02,2025-05-09,2.12,21.88,4.66
PHC-DST-A1-02,2025-05-10,2.25,21.75,4.95
PHC-DST-A1-02,2025-05-11,3.09,20.91,6.8
PHC-DST-A1-02,2025-05-12,1.56,22.44,3.43
PHC-DST-A1-02,2025-05-13,1.31,22.69,2.88
PHC-DST-A1-02,2025-05-14,0.68,23.32,1.5
PHC-DST-A1-02,2025-05-15,2.96,21.04,6.51
PHC-DST-A1-02,2025-05-16,2.12,21.88,4.66
PHC-DST-A1-02,2025-05-17,2.14,21.86,4.71
PHC-DST-A1-02,2025-05-18,4.14,19.86,9.11
PHC-DST-A1-02,2025-05-19,2.04,21.96,4.49
PHC-DST-A1-02,2025-05-20,0.82,23.18,1.8
PHC-DST-A1-02,2025-05-21,1.65,22.35,3.63
PHC-DST-A1-02,2025-05-22,1.07,22.93,2.35
PHC-DST-A1-02,2025-05-23,1.5,22.5,3.3
PHC-DST-A1-02,2025-05-24,1.5,22.5,3.3
PHC-DST-A1-02,2025-05-25,1.36,22.64,2.99
PHC-DST-A1-02,2025-05-26,0.76,23.24,1.67
PHC-DST-A1-02,2025-05-27,2.99,21.01,6.58
PHC-DST-A1-02,2025-05-28,2.02,21.98,4.44
PHC-DST-A1-02,2025-05-29,1.63,22.37,3.59
PHC-DST-A1-02,2025-05-30,2.37,21.63,5.21
PHC-DST-A1-02,2025-05-31,2.15,21.85,4.73
PHC-DST-A1-02,2025-06-01,2.01,21.99,4.42
PHC-DST-A1-02,2025-06-02,2.31,21.69,5.08
PHC-DST-A1-02,2025-06-03,1.9,22.1,4.18
PHC-DST-A1-02,2025-06-04,2.3,21.7,5.06
PHC-DST-A1-02,2025-06-05,2.36,21.64,5.19
PHC-DST-A1-02,2025-06-06,1.92,22.08,4.22
PHC-DST-A1-02,2025-06-07,,22.37,3.59
PHC-DST-A1-02,2025-06-08,2.95,21.05,6.49
PHC-DST-A1-02,2025-06-09,1.44,22.56,3.17
PHC-DST-A1-02,2025-06-10,2.09,,4.6
PHC-DST-A1-02,2025-06-11,2.11,21.89,4.64
PHC-DST-A1-02,2025-06-12,1.34,22.66,2.95
PHC-DST-A1-02,2025-06-13,1.19,22.81,2.62
PHC-DST-A1-02,2025-06-14,1.53,22.47,3.37
PHC-DST-A1-02,2025-06-15,1.43,22.57,3.15
PHC-DST-A1-02,2025-06-16,0.71,23.29,1.56
PHC-DST-A1-02,2025-06-17,1.31,22.69,2.88
PHC-DST-A1-02,2025-06-18,2.0,22.0,4.4
PHC-DST-A1-02,2025-06-19,2.75,21.25,6.05
PHC-DST-A1-02,2025-06-20,2.22,21.78,4.88
PHC-DST-A1-02,2025-06-21,0.0,24.0,0.0
PHC-DST-A1-02,2025-06-22,2.28,21.72,5.02
PHC-DST-A1-02,2025-06-23,1.38,22.62,3.04
PHC-DST-A1-02,2025-06-24,2.14,21.86,4.71
PHC-DST-A1-02,2025-06-25,1.79,22.21,3.94
PHC-DST-A1-02,2025-06-26,1.66,22.34,3.65
PHC-DST-A1-02,2025-06-27,1.72,22.28,3.78
PHC-DST-A1-02,2025-06-28,1.78,22.22,3.92
PHC-DST-A1-02,2025-06-29,2.81,21.19,6.18
PHC-DST-A1-02,2025-06-30,1.79,22.21,3.94
PHC-DST-A1-03,2024-01-01,2.61,21.39,4.88
PHC-DST-A1-03,2024-01-02,2.5,21.5,4.67
PHC-DST-A1-03,2024-01-03,2.3,21.7,4.3
PHC-DST-A1-03,2024-01-04,0.46,23.54,0.86
PHC-DST-A1-03,2024-01-05,2.64,21.36,4.94
PHC-DST-A1-03,2024-01-06,1.46,22.54,2.73
PHC-DST-A1-03,2024-01-07,2.34,21.66,4.38
PHC-DST-A1-03,2024-01-08,1.07,22.93,2.0
PHC-DST-A1-03,2024-01-09,0.91,23.09,1.7
PHC-DST-A1-03,2024-01-10,3.28,20.72,6.13
PHC-DST-A1-03,2024-01-11,1.08,22.92,2.02
PHC-DST-A1-03,2024-01-12,2.66,21.34,4.97
PHC-DST-A1-03,2024-01-13,1.89,22.11,3.53
PHC-DST-A1-03,2024-01-14,1.48,22.52,2.77
PHC-DST-A1-03,2024-01-15,1.77,22.23,3.31
PHC-DST-A1-03,2024-01-16,0.82,23.18,1.53
PHC-DST-A1-03,2024-01-17,1.79,22.21,3.35
PHC-DST-A1-03,2024-01-18,0.99,23.01,1.85
PHC-DST-A1-03,2024-01-19,1.5,22.5,2.81
PHC-DST-A1-03,2024-01-20,2.49,21.51,4.66
PHC-DST-A1-03,2024-01-21,1.99,22.01,3.72
PHC-DST-A1-03,2024-01-22,0.69,23.31,1.29
PHC-DST-A1-03,2024-01-23,2.44,21.56,4.56
PHC-DST-A1-03,2024-01-24,1.79,22.21,3.35
PHC-DST-A1-03,2024-01-25,1.39,22.61,2.6
PHC-DST-A1-03,2024-01-26,,21.64,4.41
PHC-DST-A1-03,2024-01-27,,22.33,3.12
PHC-DST-A1-03,2024-01-28,0.93,23.07,1.74
PHC-DST-A1-03,2024-01-29,3.19,20.81,5.97
PHC-DST-A1-03,2024-01-30,1.79,22.21,3.35
PHC-DST-A1-03,2024-01-31,1.74,22.26,3.25
PHC-DST-A1-03,2024-02-01,1.5,22.5,2.81
PHC-DST-A1-03,2024-02-02,2.68,21.32,5.01
PHC-DST-A1-03,2024-02-03,1.41,22.59,2.64
PHC-DST-A1-03,2024-02-04,0.64,23.36,1.2
PHC-DST-A1-03,2024-02-05,1.29,22.71,2.41
PHC-DST-A1-03,2024-02-06,2.8,21.2,5.24
PHC-DST-A1-03,2024-02-07,2.42,21.58,4.53
PHC-DST-A1-03,2024-02-08,1.61,22.39,3.01
PHC-DST-A1-03,2024-02-09,2.83,21.17,5.29
PHC-DST-A1-03,2024-02-10,2.36,21.64,4.41
PHC-DST-A1-03,2024-02-11,1.6,22.4,2.99
PHC-DST-A1-03,2024-02-12,1.68,,3.14
PHC-DST-A1-03,2024-02-13,2.05,21.95,3.83
PHC-DST-A1-03,2024-02-14,,22.82,2.21
PHC-DST-A1-03,2024-02-15,1.8,22.2,3.37
PHC-DST-A1-03,2024-02-16,2.03,21.97,3.8
PHC-DST-A1-03,2024-02-17,0.53,23.47,0.99
PHC-DST-A1-03,2024-02-18,1.66,22.34,3.1
PHC-DST-A1-03,2024-02-19,1.57,22.43,2.94
PHC-DST-A1-03,2024-02-20,2.57,21.43,4.81
PHC-DST-A1-03,2024-02-21,0.42,23.58,0.79
PHC-DST-A1-03,2024-02-22,1.51,22.49,2.82
PHC-DST-A1-03,2024-02-23,1.44,22.56,2.69
PHC-DST-A1-03,2024-02-24,2.52,21.48,4.71
PHC-DST-A1-03,2024-02-25,1.77,22.23,3.31
PHC-DST-A1-03,2024-02-26,3.15,20.85,5.89
PHC-DST-A1-03,2024-02-27,2.3,21.7,4.3
PHC-DST-A1-03,2024-02-28,1.49,22.51,2.79
PHC-DST-A1-03,2024-02-29,1.98,22.02,3.7
PHC-DST-A1-03,2024-03-01,1.53,22.47,2.86
PHC-DST-A1-03,2024-03-02,2.44,21.56,4.56
PHC-DST-A1-03,2024-03-03,0.8,23.2,1.5
PHC-DST-A1-03,2024-03-04,1.18,,2.21
PHC-DST-A1-03,2024-03-05,2.14,21.86,4.0
PHC-DST-A1-03,2024-03-06,2.72,21.28,5.09
PHC-DST-A1-03,2024-03-07,0.15,23.85,0.28
PHC-DST-A1-03,2024-03-08,2.83,21.17,5.29
PHC-DST-A1-03,2024-03-09,1.69,22.31,3.16
PHC-DST-A1-03,2024-03-10,0.39,23.61,0.73
PHC-DST-A1-03,2024-03-11,0.0,,0.0
PHC-DST-A1-03,2024-03-12,0.65,23.35,1.22
PHC-DST-A1-03,2024-03-13,1.79,22.21,3.35
PHC-DST-A1-03,2024-03-14,1.75,22.25,3.27
PHC-DST-A1-03,2024-03-15,2.27,21.73,4.24
PHC-DST-A1-03,2024-03-16,1.39,22.61,2.6
PHC-DST-A1-03,2024-03-17,0.97,23.03,1.81
PHC-DST-A1-03,2024-03-18,1.49,22.51,2.79
PHC-DST-A1-03,2024-03-19,1.83,22.17,3.42
PHC-DST-A1-03,2024-03-20,1.97,22.03,3.68
PHC-DST-A1-03,2024-03-21,1.21,22.79,2.26
PHC-DST-A1-03,2024-03-22,2.48,21.52,4.64
PHC-DST-A1-03,2024-03-23,1.33,22.67,2.49
PHC-DST-A1-03,2024-03-24,1.15,22.85,2.15
PHC-DST-A1-03,2024-03-25,1.39,22.61,2.6
PHC-DST-A1-03,2024-03-26,2.61,21.39,4.88
PHC-DST-A1-03,2024-03-27,1.7,22.3,3.18
PHC-DST-A1-03,2024-03-28,1.28,22.72,2.39
PHC-DST-A1-03,2024-03-29,2.49,21.51,4.66
PHC-DST-A1-03,2024-03-30,3.41,20.59,6.38
PHC-DST-A1-03,2024-03-31,1.96,22.04,3.67
PHC-DST-A1-03,2024-04-01,2.73,21.27,5.11
PHC-DST-A1-03,2024-04-02,2.58,21.42,4.82
PHC-DST-A1-03,2024-04-03,1.35,22.65,2.52
PHC-DST-A1-03,2024-04-04,1.82,22.18,3.4
PHC-DST-A1-03,2024-04-05,0.84,23.16,1.57
PHC-DST-A1-03,2024-04-06,1.65,22.35,3.09
PHC-DST-A1-03,2024-04-07,1.33,22.67,2.49
PHC-DST-A1-03,2024-04-08,1.5,22.5,2.81
PHC-DST-A1-03,2024-04-09,1.24,,2.32
PHC-DST-A1-03,2024-04-10,1.58,22.42,2.95
PHC-DST-A1-03,2024-04-11,2.2,21.8,4.11
PHC-DST-A1-03,2024-04-12,1.71,22.29,3.2
PHC-DST-A1-03,2024-04-13,0.4,23.6,0.75
PHC-DST-A1-03,2024-04-14,1.24,22.76,2.32
PHC-DST-A1-03,2024-04-15,0.66,23.34,1.23
PHC-DST-A1-03,2024-04-16,1.98,22.02,3.7
PHC-DST-A1-03,2024-04-17,2.18,21.82,4.08
PHC-DST-A1-03,2024-04-18,1.99,22.01,3.72
PHC-DST-A1-03,2024-04-19,1.21,22.79,2.26
PHC-DST-A1-03,2024-04-20,1.99,22.01,3.72
PHC-DST-A1-03,2024-04-21,1.45,22.55,2.71
PHC-DST-A1-03,2024-04-22,0.95,23.05,1.78
PHC-DST-A1-03,2024-04-23,2.36,21.64,4.41
PHC-DST-A1-03,2024-04-24,2.41,21.59,4.51
PHC-DST-A1-03,2024-04-25,2.51,21.49,4.69
PHC-DST-A1-03,2024-04-26,1.34,22.66,2.51
PHC-DST-A1-03,2024-04-27,2.68,21.32,5.01
PHC-DST-A1-03,2024-04-28,1.43,22.57,2.67
PHC-DST-A1-03,2024-04-29,2.29,21.71,4.28
PHC-DST-A1-03,2024-04-30,1.42,22.58,2.66
PHC-DST-A1-03,2024-05-01,1.63,22.37,3.05
PHC-DST-A1-03,2024-05-02,0.0,24.0,0.0
PHC-DST-A1-03,2024-05-03,1.57,22.43,2.94
PHC-DST-A1-03,2024-05-04,1.87,22.13,3.5
PHC-DST-A1-03,2024-05-05,1.49,22.51,2.79
PHC-DST-A1-03,2024-05-06,3.12,20.88,5.83
PHC-DST-A1-03,2024-05-07,0.93,23.07,1.74
PHC-DST-A1-03,2024-05-08,1.38,22.62,2.58
PHC-DST-A1-03,2024-05-09,1.12,22.88,2.09
PHC-DST-A1-03,2024-05-10,1.38,22.62,2.58
PHC-DST-A1-03,2024-05-11,2.57,21.43,4.81
PHC-DST-A1-03,2024-05-12,2.91,21.09,5.44
PHC-DST-A1-03,2024-05-13,1.27,22.73,2.37
PHC-DST-A1-03,2024-05-14,1.26,22.74,2.36
PHC-DST-A1-03,2024-05-15,0.93,23.07,1.74
PHC-DST-A1-03,2024-05-16,2.78,21.22,5.2
PHC-DST-A1-03,2024-05-17,2.64,21.36,4.94
PHC-DST-A1-03,2024-05-18,1.72,22.28,3.22
PHC-DST-A1-03,2024-05-19,0.75,23.25,1.4
PHC-DST-A1-03,2024-05-20,0.82,23.18,1.53
PHC-DST-A1-03,2024-05-21,1.93,22.07,3.61
PHC-DST-A1-03,2024-05-22,2.21,21.79,4.13
PHC-DST-A1-03,2024-05-23,0.25,23.75,0.47
PHC-DST-A1-03,2024-05-24,1.56,22.44,2.92
PHC-DST-A1-03,2024-05-25,3.01,20.99,5.63
PHC-DST-A1-03,2024-05-26,1.64,22.36,3.07
PHC-DST-A1-03,2024-05-27,2.92,21.08,5.46
PHC-DST-A1-03,2024-05-28,2.29,21.71,4.28
PHC-DST-A1-03,2024-05-29,0.99,23.01,1.85
PHC-DST-A1-03,2024-05-30,1.58,22.42,2.95
PHC-DST-A1-03,2024-05-31,1.7,22.3,3.18
PHC-DST-A1-03,2024-06-01,1.09,22.91,2.04
PHC-DST-A1-03,2024-06-02,1.07,22.93,2.0
PHC-DST-A1-03,2024-06-03,2.93,21.07,5.48
PHC-DST-A1-03,2024-06-04,1.07,22.93,2.0
PHC-DST-A1-03,2024-06-05,2.61,21.39,4.88
PHC-DST-A1-03,2024-06-06,1.47,22.53,2.75
PHC-DST-A1-03,2024-06-07,1.78,22.22,3.33
PHC-DST-A1-03,2024-06-08,2.22,21.78,4.15
PHC-DST-A1-03,2024-06-09,1.35,22.65,2.52
PHC-DST-A1-03,2024-06-10,2.23,21.77,4.17
PHC-DST-A1-03,2024-06-11,0.27,23.73,0.5
PHC-DST-A1-03,2024-06-12,2.13,21.87,3.98
PHC-DST-A1-03,2024-06-13,0.0,24.0,0.0
PHC-DST-A1-03,2024-06-14,1.63,22.37,3.05
PHC-DST-A1-03,2024-06-15,,21.56,4.56
PHC-DST-A1-03,2024-06-16,2.27,21.73,4.24
PHC-DST-A1-03,2024-06-17,0.83,23.17,1.55
PHC-DST-A1-03,2024-06-18,0.92,23.08,1.72
PHC-DST-A1-03,2024-06-19,1.28,22.72,2.39
PHC-DST-A1-03,2024-06-20,1.94,22.06,3.63
PHC-DST-A1-03,2024-06-21,0.28,23.72,0.52
PHC-DST-A1-03,2024-06-22,1.79,22.21,3.35
PHC-DST-A1-03,2024-06-23,2.03,21.97,3.8
PHC-DST-A1-03,2024-06-24,1.59,22.41,2.97
PHC-DST-A1-03,2024-06-25,2.19,21.81,4.1
PHC-DST-A1-03,2024-06-26,1.97,22.03,3.68
PHC-DST-A1-03,2024-06-27,1.39,22.61,2.6
PHC-DST-A1-03,2024-06-28,0.35,23.65,0.65
PHC-DST-A1-03,2024-06-29,1.9,22.1,3.55
PHC-DST-A1-03,2024-06-30,1.09,22.91,2.04
PHC-DST-A1-03,2024-07-01,15.02,8.98,28.09
PHC-DST-A1-03,2024-07-02,2.86,21.14,5.35
PHC-DST-A1-03,2024-07-03,11.01,12.99,20.59
PHC-DST-A1-03,2024-07-04,15.57,8.43,29.12
PHC-DST-A1-03,2024-07-05,1.76,22.24,3.29
PHC-DST-A1-03,2024-07-06,13.23,10.77,24.74
PHC-DST-A1-03,2024-07-07,1.62,22.38,3.03
PHC-DST-A1-03,2024-07-08,2.59,21.41,4.84
PHC-DST-A1-03,2024-07-09,1.73,22.27,3.24
PHC-DST-A1-03,2024-07-10,9.18,14.82,17.17
PHC-DST-A1-03,2024-07-11,,19.6,8.23
PHC-DST-A1-03,2024-07-12,5.03,18.97,9.41
PHC-DST-A1-03,2024-07-13,1.66,22.34,3.1
PHC-DST-A1-03,2024-07-14,6.85,17.15,12.81
PHC-DST-A1-03,2024-07-15,0.96,23.04,1.8
PHC-DST-A1-03,2024-07-16,3.41,20.59,6.38
PHC-DST-A1-03,2024-07-17,1.64,22.36,3.07
PHC-DST-A1-03,2024-07-18,2.25,21.75,4.21
PHC-DST-A1-03,2024-07-19,1.55,22.45,2.9
PHC-DST-A1-03,2024-07-20,1.53,22.47,2.86
PHC-DST-A1-03,2024-07-21,1.46,22.54,2.73
PHC-DST-A1-03,2024-07-22,7.58,16.42,14.17
PHC-DST-A1-03,2024-07-23,1.49,22.51,2.79
PHC-DST-A1-03,2024-07-24,2.68,21.32,5.01
PHC-DST-A1-03,2024-07-25,0.9,23.1,1.68
PHC-DST-A1-03,2024-07-26,1.37,22.63,2.56
PHC-DST-A1-03,2024-07-27,7.77,16.23,14.53
PHC-DST-A1-03,2024-07-28,8.69,15.31,16.25
PHC-DST-A1-03,2024-07-29,7.75,16.25,14.49
PHC-DST-A1-03,2024-07-30,5.38,18.62,10.06
PHC-DST-A1-03,2024-07-31,4.95,19.05,9.26
PHC-DST-A1-03,2024-08-01,2.44,21.56,4.56
PHC-DST-A1-03,2024-08-02,0.85,23.15,1.59
PHC-DST-A1-03,2024-08-03,7.53,16.47,14.08
PHC-DST-A1-03,2024-08-04,2.08,21.92,3.89
PHC-DST-A1-03,2024-08-05,2.15,21.85,4.02
PHC-DST-A1-03,2024-08-06,6.03,,11.28
PHC-DST-A1-03,2024-08-07,2.34,21.66,4.38
PHC-DST-A1-03,2024-08-08,1.33,22.67,2.49
PHC-DST-A1-03,2024-08-09,0.0,24.0,0.0
PHC-DST-A1-03,2024-08-10,6.9,,12.9
PHC-DST-A1-03,2024-08-11,2.15,21.85,4.02
PHC-DST-A1-03,2024-08-12,2.84,21.16,5.31
PHC-DST-A1-03,2024-08-13,1.81,22.19,3.38
PHC-DST-A1-03,2024-08-14,2.55,21.45,4.77
PHC-DST-A1-03,2024-08-15,1.92,22.08,3.59
PHC-DST-A1-03,2024-08-16,2.99,21.01,5.59
PHC-DST-A1-03,2024-08-17,1.0,23.0,1.87
PHC-DST-A1-03,2024-08-18,6.99,17.01,13.07
PHC-DST-A1-03,2024-08-19,6.09,17.91,11.39
PHC-DST-A1-03,2024-08-20,1.48,22.52,2.77
PHC-DST-A1-03,2024-08-21,3.35,20.65,6.26
PHC-DST-A1-03,2024-08-22,12.42,11.58,23.23
PHC-DST-A1-03,2024-08-23,2.21,21.79,4.13
PHC-DST-A1-03,2024-08-24,2.69,21.31,5.03
PHC-DST-A1-03,2024-08-25,0.91,23.09,1.7
PHC-DST-A1-03,2024-08-26,0.82,23.18,1.53
PHC-DST-A1-03,2024-08-27,2.74,21.26,5.12
PHC-DST-A1-03,2024-08-28,2.01,21.99,3.76
PHC-DST-A1-03,2024-08-29,1.63,22.37,3.05
PHC-DST-A1-03,2024-08-30,2.51,21.49,4.69
PHC-DST-A1-03,2024-08-31,5.24,18.76,9.8
PHC-DST-A1-03,2024-09-01,2.49,21.51,4.66
PHC-DST-A1-03,2024-09-02,2.55,21.45,4.77
PHC-DST-A1-03,2024-09-03,2.23,21.77,4.17
PHC-DST-A1-03,2024-09-04,2.1,21.9,3.93
PHC-DST-A1-03,2024-09-05,,16.32,14.36
PHC-DST-A1-03,2024-09-06,2.27,21.73,4.24
PHC-DST-A1-03,2024-09-07,2.73,21.27,5.11
PHC-DST-A1-03,2024-09-08,3.39,20.61,6.34
PHC-DST-A1-03,2024-09-09,0.53,23.47,0.99
PHC-DST-A1-03,2024-09-10,1.51,22.49,2.82
PHC-DST-A1-03,2024-09-11,1.24,22.76,2.32
PHC-DST-A1-03,2024-09-12,1.93,22.07,3.61
PHC-DST-A1-03,2024-09-13,1.81,22.19,3.38
PHC-DST-A1-03,2024-09-14,8.25,15.75,15.43
PHC-DST-A1-03,2024-09-15,14.57,9.43,27.25
PHC-DST-A1-03,2024-09-16,1.03,22.97,1.93
PHC-DST-A1-03,2024-09-17,1.53,22.47,2.86
PHC-DST-A1-03,2024-09-18,0.88,23.12,1.65
PHC-DST-A1-03,2024-09-19,1.76,22.24,3.29
PHC-DST-A1-03,2024-09-20,1.68,22.32,3.14
PHC-DST-A1-03,2024-09-21,1.21,22.79,2.26
PHC-DST-A1-03,2024-09-22,2.46,21.54,4.6
PHC-DST-A1-03,2024-09-23,1.76,22.24,3.29
PHC-DST-A1-03,2024-09-24,2.6,21.4,4.86
PHC-DST-A1-03,2024-09-25,1.65,22.35,3.09
PHC-DST-A1-03,2024-09-26,4.32,19.68,8.08
PHC-DST-A1-03,2024-09-27,1.79,22.21,3.35
PHC-DST-A1-03,2024-09-28,2.33,21.67,4.36
PHC-DST-A1-03,2024-09-29,1.49,22.51,2.79
PHC-DST-A1-03,2024-09-30,2.19,21.81,4.1
PHC-DST-A1-03,2024-10-01,1.19,22.81,2.23
PHC-DST-A1-03,2024-10-02,2.37,21.63,4.43
PHC-DST-A1-03,2024-10-03,1.37,22.63,2.56
PHC-DST-A1-03,2024-10-04,2.44,21.56,4.56
PHC-DST-A1-03,2024-10-05,1.85,22.15,3.46
PHC-DST-A1-03,2024-10-06,2.94,21.06,5.5
PHC-DST-A1-03,2024-10-07,0.93,23.07,1.74
PHC-DST-A1-03,2024-10-08,0.69,23.31,1.29
PHC-DST-A1-03,2024-10-09,1.34,22.66,2.51
PHC-DST-A1-03,2024-10-10,0.76,23.24,1.42
PHC-DST-A1-03,2024-10-11,0.76,,1.42
PHC-DST-A1-03,2024-10-12,2.27,21.73,4.24
PHC-DST-A1-03,2024-10-13,1.8,22.2,3.37
PHC-DST-A1-03,2024-10-14,1.44,22.56,2.69
PHC-DST-A1-03,2024-10-15,1.51,22.49,2.82
PHC-DST-A1-03,2024-10-16,1.35,22.65,2.52
PHC-DST-A1-03,2024-10-17,3.04,20.96,5.68
PHC-DST-A1-03,2024-10-18,1.25,22.75,2.34
PHC-DST-A1-03,2024-10-19,0.81,23.19,1.51
PHC-DST-A1-03,2024-10-20,2.4,21.6,4.49
PHC-DST-A1-03,2024-10-21,1.64,22.36,3.07
PHC-DST-A1-03,2024-10-22,3.33,20.67,6.23
PHC-DST-A1-03,2024-10-23,1.41,22.59,2.64
PHC-DST-A1-03,2024-10-24,2.43,21.57,4.54
PHC-DST-A1-03,2024-10-25,2.61,21.39,4.88
PHC-DST-A1-03,2024-10-26,1.41,22.59,2.64
PHC-DST-A1-03,2024-10-27,1.24,22.76,2.32
PHC-DST-A1-03,2024-10-28,2.36,21.64,4.41
PHC-DST-A1-03,2024-10-29,2.23,21.77,4.17
PHC-DST-A1-03,2024-10-30,0.74,23.26,1.38
PHC-DST-A1-03,2024-10-31,0.95,23.05,1.78
PHC-DST-A1-03,2024-11-01,0.0,24.0,0.0
PHC-DST-A1-03,2024-11-02,2.25,21.75,4.21
PHC-DST-A1-03,2024-11-03,1.6,22.4,2.99
PHC-DST-A1-03,2024-11-04,1.68,22.32,3.14
PHC-DST-A1-03,2024-11-05,0.53,23.47,0.99
PHC-DST-A1-03,2024-11-06,0.98,23.02,1.83
PHC-DST-A1-03,2024-11-07,1.44,22.56,2.69
PHC-DST-A1-03,2024-11-08,1.3,22.7,2.43
PHC-DST-A1-03,2024-11-09,,22.11,3.53
PHC-DST-A1-03,2024-11-10,2.24,21.76,4.19
PHC-DST-A1-03,2024-11-11,3.5,20.5,6.55
PHC-DST-A1-03,2024-11-12,1.78,22.22,3.33
PHC-DST-A1-03,2024-11-13,2.64,21.36,4.94
PHC-DST-A1-03,2024-11-14,1.18,22.82,2.21
PHC-DST-A1-03,2024-11-15,0.54,23.46,1.01
PHC-DST-A1-03,2024-11-16,1.54,22.46,2.88
PHC-DST-A1-03,2024-11-17,0.6,23.4,1.12
PHC-DST-A1-03,2024-11-18,1.81,22.19,3.38
PHC-DST-A1-03,2024-11-19,1.21,22.79,2.26
PHC-DST-A1-03,2024-11-20,0.33,23.67,0.62
PHC-DST-A1-03,2024-11-21,3.1,20.9,5.8
PHC-DST-A1-03,2024-11-22,1.4,22.6,2.62
PHC-DST-A1-03,2024-11-23,0.57,23.43,1.07
PHC-DST-A1-03,2024-11-24,2.47,21.53,4.62
PHC-DST-A1-03,2024-11-25,1.25,22.75,2.34
PHC-DST-A1-03,2024-11-26,2.62,21.38,4.9
PHC-DST-A1-03,2024-11-27,1.25,22.75,2.34
PHC-DST-A1-03,2024-11-28,1.39,22.61,2.6
PHC-DST-A1-03,2024-11-29,2.06,21.94,3.85
PHC-DST-A1-03,2024-11-30,2.24,21.76,4.19
PHC-DST-A1-03,2024-12-01,2.38,21.62,4.45
PHC-DST-A1-03,2024-12-02,1.73,22.27,3.24
PHC-DST-A1-03,2024-12-03,2.2,21.8,4.11
PHC-DST-A1-03,2024-12-04,2.36,21.64,4.41
PHC-DST-A1-03,2024-12-05,1.95,22.05,3.65
PHC-DST-A1-03,2024-12-06,1.69,22.31,3.16
PHC-DST-A1-03,2024-12-07,0.72,23.28,1.35
PHC-DST-A1-03,2024-12-08,2.25,21.75,4.21
PHC-DST-A1-03,2024-12-09,1.83,22.17,3.42
PHC-DST-A1-03,2024-12-10,1.49,22.51,2.79
PHC-DST-A1-03,2024-12-11,2.76,21.24,5.16
PHC-DST-A1-03,2024-12-12,0.73,23.27,1.37
PHC-DST-A1-03,2024-12-13,3.03,20.97,5.67
PHC-DST-A1-03,2024-12-14,1.78,22.22,3.33
PHC-DST-A1-03,2024-12-15,2.04,21.96,3.81
PHC-DST-A1-03,2024-12-16,1.5,22.5,2.81
PHC-DST-A1-03,2024-12-17,0.55,23.45,1.03
PHC-DST-A1-03,2024-12-18,1.7,22.3,3.18
PHC-DST-A1-03,2024-12-19,2.05,21.95,3.83
PHC-DST-A1-03,2024-12-20,2.31,21.69,4.32
PHC-DST-A1-03,2024-12-21,1.65,22.35,3.09
PHC-DST-A1-03,2024-12-22,0.16,23.84,0.3
PHC-DST-A1-03,2024-12-23,0.64,23.36,1.2
PHC-DST-A1-03,2024-12-24,3.34,20.66,6.25
PHC-DST-A1-03,2024-12-25,0.98,23.02,1.83
PHC-DST-A1-03,2024-12-26,2.87,21.13,5.37
PHC-DST-A1-03,2024-12-27,1.1,22.9,2.06
PHC-DST-A1-03,2024-12-28,1.66,22.34,3.1
PHC-DST-A1-03,2024-12-29,2.27,,4.24
PHC-DST-A1-03,2024-12-30,1.18,22.82,2.21
PHC-DST-A1-03,2024-12-31,2.99,21.01,5.59
PHC-DST-A1-03,2025-01-01,1.86,22.14,3.48
PHC-DST-A1-03,2025-01-02,2.15,21.85,4.02
PHC-DST-A1-03,2025-01-03,1.6,22.4,2.99
PHC-DST-A1-03,2025-01-04,2.29,21.71,4.28
PHC-DST-A1-03,2025-01-05,2.98,21.02,5.57
PHC-DST-A1-03,2025-01-06,1.7,22.3,3.18
PHC-DST-A1-03,2025-01-07,3.1,20.9,5.8
PHC-DST-A1-03,2025-01-08,1.34,22.66,2.51
PHC-DST-A1-03,2025-01-09,2.37,21.63,4.43
PHC-DST-A1-03,2025-01-10,2.17,21.83,4.06
PHC-DST-A1-03,2025-01-11,1.0,23.0,1.87
PHC-DST-A1-03,2025-01-12,1.96,22.04,3.67
PHC-DST-A1-03,2025-01-13,1.81,22.19,3.38
PHC-DST-A1-03,2025-01-14,1.16,22.84,2.17
PHC-DST-A1-03,2025-01-15,2.07,21.93,3.87
PHC-DST-A1-03,2025-01-16,1.91,22.09,3.57
PHC-DST-A1-03,2025-01-17,1.75,22.25,3.27
PHC-DST-A1-03,2025-01-18,1.75,22.25,3.27
PHC-DST-A1-03,2025-01-19,1.73,,3.24
PHC-DST-A1-03,2025-01-20,1.52,22.48,2.84
PHC-DST-A1-03,2025-01-21,1.9,22.1,3.55
PHC-DST-A1-03,2025-01-22,1.32,22.68,2.47
PHC-DST-A1-03,2025-01-23,3.79,20.21,7.09
PHC-DST-A1-03,2025-01-24,0.74,23.26,1.38
PHC-DST-A1-03,2025-01-25,1.36,22.64,2.54
PHC-DST-A1-03,2025-01-26,1.42,22.58,2.66
PHC-DST-A1-03,2025-01-27,3.33,20.67,6.23
PHC-DST-A1-03,2025-01-28,0.81,23.19,1.51
PHC-DST-A1-03,2025-01-29,2.12,21.88,3.96
PHC-DST-A1-03,2025-01-30,1.99,22.01,3.72
PHC-DST-A1-03,2025-01-31,2.05,21.95,3.83
PHC-DST-A1-03,2025-02-01,2.73,21.27,5.11
PHC-DST-A1-03,2025-02-02,2.71,21.29,5.07
PHC-DST-A1-03,2025-02-03,1.46,22.54,2.73
PHC-DST-A1-03,2025-02-04,1.95,22.05,3.65
PHC-DST-A1-03,2025-02-05,0.4,23.6,0.75
PHC-DST-A1-03,2025-02-06,1.87,22.13,3.5
PHC-DST-A1-03,2025-02-07,1.2,22.8,2.24
PHC-DST-A1-03,2025-02-08,1.66,22.34,3.1
PHC-DST-A1-03,2025-02-09,0.54,23.46,1.01
PHC-DST-A1-03,2025-02-10,2.1,21.9,3.93
PHC-DST-A1-03,2025-02-11,0.53,23.47,0.99
PHC-DST-A1-03,2025-02-12,1.91,22.09,3.57
PHC-DST-A1-03,2025-02-13,0.88,23.12,1.65
PHC-DST-A1-03,2025-02-14,1.16,22.84,2.17
PHC-DST-A1-03,2025-02-15,2.67,21.33,4.99
PHC-DST-A1-03,2025-02-16,2.24,21.76,4.19
PHC-DST-A1-03,2025-02-17,2.66,21.34,4.97
PHC-DST-A1-03,2025-02-18,2.97,21.03,5.55
PHC-DST-A1-03,2025-02-19,1.22,22.78,2.28
PHC-DST-A1-03,2025-02-20,2.92,21.08,5.46
PHC-DST-A1-03,2025-02-21,0.7,23.3,1.31
PHC-DST-A1-03,2025-02-22,2.36,21.64,4.41
PHC-DST-A1-03,2025-02-23,1.43,22.57,2.67
PHC-DST-A1-03,2025-02-24,1.1,22.9,2.06
PHC-DST-A1-03,2025-02-25,2.26,21.74,4.23
PHC-DST-A1-03,2025-02-26,2.51,21.49,4.69
PHC-DST-A1-03,2025-02-27,2.49,21.51,4.66
PHC-DST-A1-03,2025-02-28,1.96,22.04,3.67
PHC-DST-A1-03,2025-03-01,1.9,22.1,3.55
PHC-DST-A1-03,2025-03-02,2.2,21.8,4.11
PHC-DST-A1-03,2025-03-03,2.03,21.97,3.8
PHC-DST-A1-03,2025-03-04,2.21,21.79,4.13
PHC-DST-A1-03,2025-03-05,1.95,22.05,3.65
PHC-DST-A1-03,2025-03-06,2.43,21.57,4.54
PHC-DST-A1-03,2025-03-07,0.58,,1.08
PHC-DST-A1-03,2025-03-08,1.7,22.3,3.18
PHC-DST-A1-03,2025-03-09,0.76,23.24,1.42
PHC-DST-A1-03,2025-03-10,2.01,21.99,3.76
PHC-DST-A1-03,2025-03-11,3.03,20.97,5.67
PHC-DST-A1-03,2025-03-12,1.44,22.56,2.69
PHC-DST-A1-03,2025-03-13,1.9,22.1,3.55
PHC-DST-A1-03,2025-03-14,2.37,21.63,4.43
PHC-DST-A1-03,2025-03-15,0.25,23.75,0.47
PHC-DST-A1-03,2025-03-16,1.41,22.59,2.64
PHC-DST-A1-03,2025-03-17,2.07,21.93,3.87
PHC-DST-A1-03,2025-03-18,0.0,24.0,0.0
PHC-DST-A1-03,2025-03-19,1.07,22.93,2.0
PHC-DST-A1-03,2025-03-20,2.63,21.37,4.92
PHC-DST-A1-03,2025-03-21,2.55,21.45,4.77
PHC-DST-A1-03,2025-03-22,2.08,21.92,3.89
PHC-DST-A1-03,2025-03-23,2.46,21.54,4.6
PHC-DST-A1-03,2025-03-24,1.96,22.04,3.67
PHC-DST-A1-03,2025-03-25,2.22,21.78,4.15
PHC-DST-A1-03,2025-03-26,1.56,22.44,2.92
PHC-DST-A1-03,2025-03-27,1.89,22.11,3.53
PHC-DST-A1-03,2025-03-28,1.33,22.67,2.49
PHC-DST-A1-03,2025-03-29,2.75,21.25,5.14
PHC-DST-A1-03,2025-03-30,2.94,21.06,5.5
PHC-DST-A1-03,2025-03-31,2.83,21.17,5.29
PHC-DST-A1-03,2025-04-01,1.49,22.51,2.79
PHC-DST-A1-03,2025-04-02,1.08,22.92,2.02
PHC-DST-A1-03,2025-04-03,2.76,21.24,5.16
PHC-DST-A1-03,2025-04-04,2.21,21.79,4.13
PHC-DST-A1-03,2025-04-05,2.05,21.95,3.83
PHC-DST-A1-03,2025-04-06,1.32,22.68,2.47
PHC-DST-A1-03,2025-04-07,2.12,21.88,3.96
PHC-DST-A1-03,2025-04-08,0.99,23.01,1.85
PHC-DST-A1-03,2025-04-09,2.28,,4.26
PHC-DST-A1-03,2025-04-10,2.83,21.17,5.29
PHC-DST-A1-03,2025-04-11,3.02,20.98,5.65
PHC-DST-A1-03,2025-04-12,2.33,21.67,4.36
PHC-DST-A1-03,2025-04-13,0.76,23.24,1.42
PHC-DST-A1-03,2025-04-14,1.95,22.05,3.65
PHC-DST-A1-03,2025-04-15,3.4,20.6,6.36
PHC-DST-A1-03,2025-04-16,1.15,22.85,2.15
PHC-DST-A1-03,2025-04-17,1.76,22.24,3.29
PHC-DST-A1-03,2025-04-18,2.86,21.14,5.35
PHC-DST-A1-03,2025-04-19,2.26,21.74,4.23
PHC-DST-A1-03,2025-04-20,3.66,20.34,6.84
PHC-DST-A1-03,2025-04-21,1.25,22.75,2.34
PHC-DST-A1-03,2025-04-22,1.06,22.94,1.98
PHC-DST-A1-03,2025-04-23,2.72,21.28,5.09
PHC-DST-A1-03,2025-04-24,0.9,23.1,1.68
PHC-DST-A1-03,2025-04-25,1.65,22.35,3.09
PHC-DST-A1-03,2025-04-26,1.75,22.25,3.27
PHC-DST-A1-03,2025-04-27,2.58,21.42,4.82
PHC-DST-A1-03,2025-04-28,2.26,21.74,4.23
PHC-DST-A1-03,2025-04-29,2.14,21.86,4.0
PHC-DST-A1-03,2025-04-30,1.5,22.5,2.81
PHC-DST-A1-03,2025-05-01,2.71,21.29,5.07
PHC-DST-A1-03,2025-05-02,4.82,19.18,9.01
PHC-DST-A1-03,2025-05-03,2.32,21.68,4.34
PHC-DST-A1-03,2025-05-04,1.87,22.13,3.5
PHC-DST-A1-03,2025-05-05,0.83,,1.55
PHC-DST-A1-03,2025-05-06,1.32,22.68,2.47
PHC-DST-A1-03,2025-05-07,1.64,22.36,3.07
PHC-DST-A1-03,2025-05-08,1.4,22.6,2.62
PHC-DST-A1-03,2025-05-09,1.79,22.21,3.35
PHC-DST-A1-03,2025-05-10,3.13,20.87,5.85
PHC-DST-A1-03,2025-05-11,2.74,21.26,5.12
PHC-DST-A1-03,2025-05-12,1.68,22.32,3.14
PHC-DST-A1-03,2025-05-13,0.89,23.11,1.66
PHC-DST-A1-03,2025-05-14,2.8,21.2,5.24
PHC-DST-A1-03,2025-05-15,1.76,22.24,3.29
PHC-DST-A1-03,2025-05-16,0.51,23.49,0.95
PHC-DST-A1-03,2025-05-17,2.33,21.67,4.36
PHC-DST-A1-03,2025-05-18,2.57,21.43,4.81
PHC-DST-A1-03,2025-05-19,0.0,24.0,0.0
PHC-DST-A1-03,2025-05-20,1.18,22.82,2.21
PHC-DST-A1-03,2025-05-21,1.72,22.28,3.22
PHC-DST-A1-03,2025-05-22,2.35,21.65,4.39
PHC-DST-A1-03,2025-05-23,1.41,22.59,2.64
PHC-DST-A1-03,2025-05-24,1.18,22.82,2.21
PHC-DST-A1-03,2025-05-25,2.35,21.65,4.39
PHC-DST-A1-03,2025-05-26,1.45,22.55,2.71
PHC-DST-A1-03,2025-05-27,2.21,21.79,4.13
PHC-DST-A1-03,2025-05-28,0.97,23.03,1.81
PHC-DST-A1-03,2025-05-29,0.79,23.21,1.48
PHC-DST-A1-03,2025-05-30,2.37,,4.43
PHC-DST-A1-03,2025-05-31,1.99,22.01,3.72
PHC-DST-A1-03,2025-06-01,2.49,21.51,4.66
PHC-DST-A1-03,2025-06-02,1.4,22.6,2.62
PHC-DST-A1-03,2025-06-03,1.2,22.8,2.24
PHC-DST-A1-03,2025-06-04,2.82,21.18,5.27
PHC-DST-A1-03,2025-06-05,0.66,23.34,1.23
PHC-DST-A1-03,2025-06-06,2.74,21.26,5.12
PHC-DST-A1-03,2025-06-07,2.79,21.21,5.22
PHC-DST-A1-03,2025-06-08,2.45,21.55,4.58
PHC-DST-A1-03,2025-06-09,1.28,22.72,2.39
PHC-DST-A1-03,2025-06-10,1.19,22.81,2.23
PHC-DST-A1-03,2025-06-11,1.64,22.36,3.07
PHC-DST-A1-03,2025-06-12,0.83,23.17,1.55
PHC-DST-A1-03,2025-06-13,1.08,,2.02
PHC-DST-A1-03,2025-06-14,2.28,21.72,4.26
PHC-DST-A1-03,2025-06-15,2.29,21.71,4.28
PHC-DST-A1-03,2025-06-16,1.01,22.99,1.89
PHC-DST-A1-03,2025-06-17,2.31,21.69,4.32
PHC-DST-A1-03,2025-06-18,2.14,21.86,4.0
PHC-DST-A1-03,2025-06-19,2.93,21.07,5.48
PHC-DST-A1-03,2025-06-20,2.23,21.77,4.17
PHC-DST-A1-03,2025-06-21,,21.41,4.84
PHC-DST-A1-03,2025-06-22,2.16,21.84,4.04
PHC-DST-A1-03,2025-06-23,2.53,21.47,4.73
PHC-DST-A1-03,2025-06-24,0.83,23.17,1.55
PHC-DST-A1-03,2025-06-25,1.71,22.29,3.2
PHC-DST-A1-03,2025-06-26,1.77,22.23,3.31
PHC-DST-A1-03,2025-06-27,1.62,22.38,3.03
PHC-DST-A1-03,2025-06-28,2.13,21.87,3.98
PHC-DST-A1-03,2025-06-29,2.28,21.72,4.26
PHC-DST-A1-03,2025-06-30,2.09,21.91,3.91
PHC-DST-A1-04,2024-01-01,1.67,22.33,3.12
PHC-DST-A1-04,2024-01-02,1.25,22.75,2.34
PHC-DST-A1-04,2024-01-03,2.62,21.38,4.9
PHC-DST-A1-04,2024-01-04,2.06,,3.85
PHC-DST-A1-04,2024-01-05,1.04,22.96,1.94
PHC-DST-A1-04,2024-01-06,1.65,22.35,3.09
PHC-DST-A1-04,2024-01-07,,23.51,0.92
PHC-DST-A1-04,2024-01-08,1.83,22.17,3.42
PHC-DST-A1-04,2024-01-09,1.65,22.35,3.09
PHC-DST-A1-04,2024-01-10,1.37,22.63,2.56
PHC-DST-A1-04,2024-01-11,2.99,21.01,5.59
PHC-DST-A1-04,2024-01-12,0.93,23.07,1.74
PHC-DST-A1-04,2024-01-13,2.33,21.67,4.36
PHC-DST-A1-04,2024-01-14,3.44,20.56,6.43
PHC-DST-A1-04,2024-01-15,2.61,21.39,4.88
PHC-DST-A1-04,2024-01-16,1.78,22.22,3.33
PHC-DST-A1-04,2024-01-17,0.95,23.05,1.78
PHC-DST-A1-04,2024-01-18,0.78,23.22,1.46
PHC-DST-A1-04,2024-01-19,1.49,22.51,2.79
PHC-DST-A1-04,2024-01-20,1.28,22.72,2.39
PHC-DST-A1-04,2024-01-21,1.26,22.74,2.36
PHC-DST-A1-04,2024-01-22,1.56,22.44,2.92
PHC-DST-A1-04,2024-01-23,1.72,22.28,3.22
PHC-DST-A1-04,2024-01-24,2.16,21.84,4.04
PHC-DST-A1-04,2024-01-25,0.87,23.13,1.63
PHC-DST-A1-04,2024-01-26,1.29,22.71,2.41
PHC-DST-A1-04,2024-01-27,1.68,22.32,3.14
PHC-DST-A1-04,2024-01-28,1.65,22.35,3.09
PHC-DST-A1-04,2024-01-29,3.18,20.82,5.95
PHC-DST-A1-04,2024-01-30,1.97,22.03,3.68
PHC-DST-A1-04,2024-01-31,0.59,23.41,1.1
PHC-DST-A1-04,2024-02-01,2.11,21.89,3.95
PHC-DST-A1-04,2024-02-02,2.21,21.79,4.13
PHC-DST-A1-04,2024-02-03,1.71,22.29,3.2
PHC-DST-A1-04,2024-02-04,0.89,23.11,1.66
PHC-DST-A1-04,2024-02-05,3.12,20.88,5.83
PHC-DST-A1-04,2024-02-06,1.0,23.0,1.87
PHC-DST-A1-04,2024-02-07,2.3,21.7,4.3
PHC-DST-A1-04,2024-02-08,1.95,22.05,3.65
PHC-DST-A1-04,2024-02-09,2.25,21.75,4.21
PHC-DST-A1-04,2024-02-10,3.08,20.92,5.76
PHC-DST-A1-04,2024-02-11,2.22,21.78,4.15
PHC-DST-A1-04,2024-02-12,1.38,22.62,2.58
PHC-DST-A1-04,2024-02-13,2.63,21.37,4.92
PHC-DST-A1-04,2024-02-14,1.33,22.67,2.49
PHC-DST-A1-04,2024-02-15,1.92,22.08,3.59
PHC-DST-A1-04,2024-02-16,0.83,23.17,1.55
PHC-DST-A1-04,2024-02-17,1.03,22.97,1.93
PHC-DST-A1-04,2024-02-18,1.84,22.16,3.44
PHC-DST-A1-04,2024-02-19,2.08,21.92,3.89
PHC-DST-A1-04,2024-02-20,0.52,23.48,0.97
PHC-DST-A1-04,2024-02-21,2.17,21.83,4.06
PHC-DST-A1-04,2024-02-22,1.19,22.81,2.23
PHC-DST-A1-04,2024-02-23,2.76,21.24,5.16
PHC-DST-A1-04,2024-02-24,1.54,22.46,2.88
PHC-DST-A1-04,2024-02-25,0.96,23.04,1.8
PHC-DST-A1-04,2024-02-26,1.86,22.14,3.48
PHC-DST-A1-04,2024-02-27,1.11,22.89,2.08
PHC-DST-A1-04,2024-02-28,2.75,21.25,5.14
PHC-DST-A1-04,2024-02-29,1.8,22.2,3.37
PHC-DST-A1-04,2024-03-01,1.69,,3.16
PHC-DST-A1-04,2024-03-02,2.24,21.76,4.19
PHC-DST-A1-04,2024-03-03,1.05,22.95,1.96
PHC-DST-A1-04,2024-03-04,0.83,23.17,1.55
PHC-DST-A1-04,2024-03-05,2.11,21.89,3.95
PHC-DST-A1-04,2024-03-06,0.98,23.02,1.83
PHC-DST-A1-04,2024-03-07,0.97,23.03,1.81
PHC-DST-A1-04,2024-03-08,2.43,21.57,4.54
PHC-DST-A1-04,2024-03-09,2.19,21.81,4.1
PHC-DST-A1-04,2024-03-10,0.86,23.14,1.61
PHC-DST-A1-04,2024-03-11,1.34,22.66,2.51
PHC-DST-A1-04,2024-03-12,1.12,22.88,2.09
PHC-DST-A1-04,2024-03-13,3.13,20.87,5.85
PHC-DST-A1-04,2024-03-14,2.48,21.52,4.64
PHC-DST-A1-04,2024-03-15,1.48,22.52,2.77
PHC-DST-A1-04,2024-03-16,2.23,21.77,4.17
PHC-DST-A1-04,2024-03-17,,23.22,1.46
PHC-DST-A1-04,2024-03-18,1.3,22.7,2.43
PHC-DST-A1-04,2024-03-19,1.88,22.12,3.52
PHC-DST-A1-04,2024-03-20,2.14,21.86,4.0
PHC-DST-A1-04,2024-03-21,1.73,22.27,3.24
PHC-DST-A1-04,2024-03-22,1.99,22.01,3.72
PHC-DST-A1-04,2024-03-23,1.86,22.14,3.48
PHC-DST-A1-04,2024-03-24,,22.32,3.14
PHC-DST-A1-04,2024-03-25,,22.42,2.95
PHC-DST-A1-04,2024-03-26,1.48,22.52,2.77
PHC-DST-A1-04,2024-03-27,1.97,22.03,3.68
PHC-DST-A1-04,2024-03-28,2.11,21.89,3.95
PHC-DST-A1-04,2024-03-29,1.95,22.05,3.65
PHC-DST-A1-04,2024-03-30,0.92,23.08,1.72
PHC-DST-A1-04,2024-03-31,1.05,22.95,1.96
PHC-DST-A1-04,2024-04-01,2.1,21.9,3.93
PHC-DST-A1-04,2024-04-02,2.9,21.1,5.42
PHC-DST-A1-04,2024-04-03,1.91,22.09,3.57
PHC-DST-A1-04,2024-04-04,1.49,22.51,2.79
PHC-DST-A1-04,2024-04-05,1.97,22.03,3.68
PHC-DST-A1-04,2024-04-06,0.95,23.05,1.78
PHC-DST-A1-04,2024-04-07,2.78,21.22,5.2
PHC-DST-A1-04,2024-04-08,1.94,22.06,3.63
PHC-DST-A1-04,2024-04-09,1.3,22.7,2.43
PHC-DST-A1-04,2024-04-10,1.67,22.33,3.12
PHC-DST-A1-04,2024-04-11,1.4,22.6,2.62
PHC-DST-A1-04,2024-04-12,2.78,21.22,5.2
PHC-DST-A1-04,2024-04-13,1.65,22.35,3.09
PHC-DST-A1-04,2024-04-14,1.92,22.08,3.59
PHC-DST-A1-04,2024-04-15,2.23,21.77,4.17
PHC-DST-A1-04,2024-04-16,1.24,22.76,2.32
PHC-DST-A1-04,2024-04-17,1.95,22.05,3.65
PHC-DST-A1-04,2024-04-18,2.01,21.99,3.76
PHC-DST-A1-04,2024-04-19,0.63,23.37,1.18
PHC-DST-A1-04,2024-04-20,1.99,22.01,3.72
PHC-DST-A1-04,2024-04-21,1.77,22.23,3.31
PHC-DST-A1-04,2024-04-22,1.9,22.1,3.55
PHC-DST-A1-04,2024-04-23,1.83,22.17,3.42
PHC-DST-A1-04,2024-04-24,1.99,22.01,3.72
PHC-DST-A1-04,2024-04-25,2.8,21.2,5.24
PHC-DST-A1-04,2024-04-26,0.92,23.08,1.72
PHC-DST-A1-04,2024-04-27,1.54,22.46,2.88
PHC-DST-A1-04,2024-04-28,2.3,21.7,4.3
PHC-DST-A1-04,2024-04-29,2.16,21.84,4.04
PHC-DST-A1-04,2024-04-30,2.14,21.86,4.0
PHC-DST-A1-04,2024-05-01,3.87,20.13,7.24
PHC-DST-A1-04,2024-05-02,,21.74,4.23
PHC-DST-A1-04,2024-05-03,2.65,21.35,4.96
PHC-DST-A1-04,2024-05-04,1.57,22.43,2.94
PHC-DST-A1-04,2024-05-05,1.06,22.94,1.98
PHC-DST-A1-04,2024-05-06,1.56,22.44,2.92
PHC-DST-A1-04,2024-05-07,2.33,,4.36
PHC-DST-A1-04,2024-05-08,2.11,21.89,3.95
PHC-DST-A1-04,2024-05-09,2.1,21.9,3.93
PHC-DST-A1-04,2024-05-10,1.64,22.36,3.07
PHC-DST-A1-04,2024-05-11,1.52,22.48,2.84
PHC-DST-A1-04,2024-05-12,1.67,22.33,3.12
PHC-DST-A1-04,2024-05-13,2.34,21.66,4.38
PHC-DST-A1-04,2024-05-14,2.43,21.57,4.54
PHC-DST-A1-04,2024-05-15,1.05,22.95,1.96
PHC-DST-A1-04,2024-05-16,2.37,21.63,4.43
PHC-DST-A1-04,2024-05-17,1.31,22.69,2.45
PHC-DST-A1-04,2024-05-18,2.15,21.85,4.02
PHC-DST-A1-04,2024-05-19,1.66,22.34,3.1
PHC-DST-A1-04,2024-05-20,2.97,21.03,5.55
PHC-DST-A1-04,2024-05-21,1.49,22.51,2.79
PHC-DST-A1-04,2024-05-22,1.93,22.07,3.61
PHC-DST-A1-04,2024-05-23,2.25,21.75,4.21
PHC-DST-A1-04,2024-05-24,1.14,22.86,2.13
PHC-DST-A1-04,2024-05-25,1.75,22.25,3.27
PHC-DST-A1-04,2024-05-26,1.6,22.4,2.99
PHC-DST-A1-04,2024-05-27,1.41,22.59,2.64
PHC-DST-A1-04,2024-05-28,1.47,22.53,2.75
PHC-DST-A1-04,2024-05-29,2.63,21.37,4.92
PHC-DST-A1-04,2024-05-30,1.35,22.65,2.52
PHC-DST-A1-04,2024-05-31,2.22,21.78,4.15
PHC-DST-A1-04,2024-06-01,2.04,21.96,3.81
PHC-DST-A1-04,2024-06-02,0.75,,1.4
PHC-DST-A1-04,2024-06-03,2.19,21.81,4.1
PHC-DST-A1-04,2024-06-04,0.74,23.26,1.38
PHC-DST-A1-04,2024-06-05,2.27,21.73,4.24
PHC-DST-A1-04,2024-06-06,1.42,22.58,2.66
PHC-DST-A1-04,2024-06-07,1.81,22.19,3.38
PHC-DST-A1-04,2024-06-08,0.83,23.17,1.55
PHC-DST-A1-04,2024-06-09,1.89,22.11,3.53
PHC-DST-A1-04,2024-06-10,2.5,21.5,4.67
PHC-DST-A1-04,2024-06-11,1.19,22.81,2.23
PHC-DST-A1-04,2024-06-12,1.34,22.66,2.51
PHC-DST-A1-04,2024-06-13,2.14,21.86,4.0
PHC-DST-A1-04,2024-06-14,2.16,21.84,4.04
PHC-DST-A1-04,2024-06-15,0.0,24.0,0.0
PHC-DST-A1-04,2024-06-16,3.31,20.69,6.19
PHC-DST-A1-04,2024-06-17,2.2,21.8,4.11
PHC-DST-A1-04,2024-06-18,2.32,21.68,4.34
PHC-DST-A1-04,2024-06-19,1.69,22.31,3.16
PHC-DST-A1-04,2024-06-20,0.41,23.59,0.77
PHC-DST-A1-04,2024-06-21,2.31,21.69,4.32
PHC-DST-A1-04,2024-06-22,1.38,,2.58
PHC-DST-A1-04,2024-06-23,,,4.13
PHC-DST-A1-04,2024-06-24,1.64,22.36,3.07
PHC-DST-A1-04,2024-06-25,1.98,22.02,3.7
PHC-DST-A1-04,2024-06-26,1.22,22.78,2.28
PHC-DST-A1-04,2024-06-27,2.45,21.55,4.58
PHC-DST-A1-04,2024-06-28,0.91,23.09,1.7
PHC-DST-A1-04,2024-06-29,3.48,20.52,6.51
PHC-DST-A1-04,2024-06-30,3.48,20.52,6.51
PHC-DST-A1-04,2024-07-01,16.4,7.6,30.67
PHC-DST-A1-04,2024-07-02,1.74,22.26,3.25
PHC-DST-A1-04,2024-07-03,10.01,13.99,18.72
PHC-DST-A1-04,2024-07-04,12.13,11.87,22.68
PHC-DST-A1-04,2024-07-05,2.65,21.35,4.96
PHC-DST-A1-04,2024-07-06,11.41,12.59,21.34
PHC-DST-A1-04,2024-07-07,1.36,22.64,2.54
PHC-DST-A1-04,2024-07-08,0.43,23.57,0.8
PHC-DST-A1-04,2024-07-09,2.51,21.49,4.69
PHC-DST-A1-04,2024-07-10,6.65,17.35,12.44
PHC-DST-A1-04,2024-07-11,6.03,17.97,11.28
PHC-DST-A1-04,2024-07-12,6.82,,12.75
PHC-DST-A1-04,2024-07-13,2.43,21.57,4.54
PHC-DST-A1-04,2024-07-14,6.31,17.69,11.8
PHC-DST-A1-04,2024-07-15,0.01,23.99,0.02
PHC-DST-A1-04,2024-07-16,0.16,23.84,0.3
PHC-DST-A1-04,2024-07-17,3.15,20.85,5.89
PHC-DST-A1-04,2024-07-18,3.36,20.64,6.28
PHC-DST-A1-04,2024-07-19,1.87,22.13,3.5
PHC-DST-A1-04,2024-07-20,1.18,22.82,2.21
PHC-DST-A1-04,2024-07-21,1.58,22.42,2.95
PHC-DST-A1-04,2024-07-22,5.51,18.49,10.3
PHC-DST-A1-04,2024-07-23,1.98,22.02,3.7
PHC-DST-A1-04,2024-07-24,1.79,22.21,3.35
PHC-DST-A1-04,2024-07-25,1.37,22.63,2.56
PHC-DST-A1-04,2024-07-26,1.41,22.59,2.64
PHC-DST-A1-04,2024-07-27,4.97,19.03,9.29
PHC-DST-A1-04,2024-07-28,,18.22,10.81
PHC-DST-A1-04,2024-07-29,6.25,17.75,11.69
PHC-DST-A1-04,2024-07-30,5.54,18.46,10.36
PHC-DST-A1-04,2024-07-31,5.21,18.79,9.74
PHC-DST-A1-04,2024-08-01,1.82,22.18,3.4
PHC-DST-A1-04,2024-08-02,3.24,20.76,6.06
PHC-DST-A1-04,2024-08-03,5.49,18.51,10.27
PHC-DST-A1-04,2024-08-04,2.89,21.11,5.4
PHC-DST-A1-04,2024-08-05,1.21,22.79,2.26
PHC-DST-A1-04,2024-08-06,6.78,17.22,12.68
PHC-DST-A1-04,2024-08-07,1.94,22.06,3.63
PHC-DST-A1-04,2024-08-08,2.97,21.03,5.55
PHC-DST-A1-04,2024-08-09,2.14,21.86,4.0
PHC-DST-A1-04,2024-08-10,4.3,19.7,8.04
PHC-DST-A1-04,2024-08-11,1.24,22.76,2.32
PHC-DST-A1-04,2024-08-12,1.63,22.37,3.05
PHC-DST-A1-04,2024-08-13,0.93,23.07,1.74
PHC-DST-A1-04,2024-08-14,2.16,21.84,4.04
PHC-DST-A1-04,2024-08-15,1.51,22.49,2.82
PHC-DST-A1-04,2024-08-16,1.3,22.7,2.43
PHC-DST-A1-04,2024-08-17,2.17,21.83,4.06
PHC-DST-A1-04,2024-08-18,8.34,15.66,15.6
PHC-DST-A1-04,2024-08-19,6.64,17.36,12.42
PHC-DST-A1-04,2024-08-20,1.51,22.49,2.82
PHC-DST-A1-04,2024-08-21,2.27,21.73,4.24
PHC-DST-A1-04,2024-08-22,10.44,13.56,19.52
PHC-DST-A1-04,2024-08-23,1.88,22.12,3.52
PHC-DST-A1-04,2024-08-24,0.55,23.45,1.03
PHC-DST-A1-04,2024-08-25,2.56,21.44,4.79
PHC-DST-A1-04,2024-08-26,1.73,22.27,3.24
PHC-DST-A1-04,2024-08-27,2.39,21.61,4.47
PHC-DST-A1-04,2024-08-28,2.32,21.68,4.34
PHC-DST-A1-04,2024-08-29,1.22,22.78,2.28
PHC-DST-A1-04,2024-08-30,7.33,16.67,13.71
PHC-DST-A1-04,2024-08-31,7.11,16.89,13.3
PHC-DST-A1-04,2024-09-01,1.67,22.33,3.12
PHC-DST-A1-04,2024-09-02,2.57,21.43,4.81
PHC-DST-A1-04,2024-09-03,2.12,21.88,3.96
PHC-DST-A1-04,2024-09-04,2.02,21.98,3.78
PHC-DST-A1-04,2024-09-05,7.64,16.36,14.29
PHC-DST-A1-04,2024-09-06,2.69,21.31,5.03
PHC-DST-A1-04,2024-09-07,1.76,22.24,3.29
PHC-DST-A1-04,2024-09-08,2.2,21.8,4.11
PHC-DST-A1-04,2024-09-09,1.83,22.17,3.42
PHC-DST-A1-04,2024-09-10,1.89,22.11,3.53
PHC-DST-A1-04,2024-09-11,3.09,20.91,5.78
PHC-DST-A1-04,2024-09-12,2.7,21.3,5.05
PHC-DST-A1-04,2024-09-13,1.86,22.14,3.48
PHC-DST-A1-04,2024-09-14,5.15,18.85,9.63
PHC-DST-A1-04,2024-09-15,9.13,14.87,17.07
PHC-DST-A1-04,2024-09-16,2.44,21.56,4.56
PHC-DST-A1-04,2024-09-17,2.36,21.64,4.41
PHC-DST-A1-04,2024-09-18,0.97,23.03,1.81
PHC-DST-A1-04,2024-09-19,2.53,21.47,4.73
PHC-DST-A1-04,2024-09-20,1.73,22.27,3.24
PHC-DST-A1-04,2024-09-21,1.06,22.94,1.98
PHC-DST-A1-04,2024-09-22,2.8,21.2,5.24
PHC-DST-A1-04,2024-09-23,2.9,21.1,5.42
PHC-DST-A1-04,2024-09-24,2.0,22.0,3.74
PHC-DST-A1-04,2024-09-25,2.33,21.67,4.36
PHC-DST-A1-04,2024-09-26,8.67,15.33,16.21
PHC-DST-A1-04,2024-09-27,2.35,21.65,4.39
PHC-DST-A1-04,2024-09-28,0.8,23.2,1.5
PHC-DST-A1-04,2024-09-29,3.31,20.69,6.19
PHC-DST-A1-04,2024-09-30,2.6,21.4,4.86
PHC-DST-A1-04,2024-10-01,1.42,22.58,2.66
PHC-DST-A1-04,2024-10-02,1.03,22.97,1.93
PHC-DST-A1-04,2024-10-03,2.18,21.82,4.08
PHC-DST-A1-04,2024-10-04,1.59,22.41,2.97
PHC-DST-A1-04,2024-10-05,2.05,21.95,3.83
PHC-DST-A1-04,2024-10-06,2.36,21.64,4.41
PHC-DST-A1-04,2024-10-07,1.38,22.62,2.58
PHC-DST-A1-04,2024-10-08,0.96,23.04,1.8
PHC-DST-A1-04,2024-10-09,2.09,21.91,3.91
PHC-DST-A1-04,2024-10-10,1.4,22.6,2.62
PHC-DST-A1-04,2024-10-11,1.91,22.09,3.57
PHC-DST-A1-04,2024-10-12,0.79,23.21,1.48
PHC-DST-A1-04,2024-10-13,1.61,22.39,3.01
PHC-DST-A1-04,2024-10-14,2.34,21.66,4.38
PHC-DST-A1-04,2024-10-15,2.25,21.75,4.21
PHC-DST-A1-04,2024-10-16,1.21,22.79,2.26
PHC-DST-A1-04,2024-10-17,0.92,23.08,1.72
PHC-DST-A1-04,2024-10-18,1.81,22.19,3.38
PHC-DST-A1-04,2024-10-19,2.22,21.78,4.15
PHC-DST-A1-04,2024-10-20,2.1,21.9,3.93
PHC-DST-A1-04,2024-10-21,1.42,22.58,2.66
PHC-DST-A1-04,2024-10-22,2.02,21.98,3.78
PHC-DST-A1-04,2024-10-23,2.93,21.07,5.48
PHC-DST-A1-04,2024-10-24,1.95,22.05,3.65
PHC-DST-A1-04,2024-10-25,0.58,23.42,1.08
PHC-DST-A1-04,2024-10-26,1.95,22.05,3.65
PHC-DST-A1-04,2024-10-27,,20.67,6.23
PHC-DST-A1-04,2024-10-28,0.83,23.17,1.55
PHC-DST-A1-04,2024-10-29,1.82,22.18,3.4
PHC-DST-A1-04,2024-10-30,1.63,22.37,3.05
PHC-DST-A1-04,2024-10-31,1.87,22.13,3.5
PHC-DST-A1-04,2024-11-01,1.95,22.05,3.65
PHC-DST-A1-04,2024-11-02,2.65,21.35,4.96
PHC-DST-A1-04,2024-11-03,1.86,22.14,3.48
PHC-DST-A1-04,2024-11-04,2.76,21.24,5.16
PHC-DST-A1-04,2024-11-05,1.71,22.29,3.2
PHC-DST-A1-04,2024-11-06,1.54,22.46,2.88
PHC-DST-A1-04,2024-11-07,1.3,22.7,2.43
PHC-DST-A1-04,2024-11-08,0.44,23.56,0.82
PHC-DST-A1-04,2024-11-09,2.01,21.99,3.76
PHC-DST-A1-04,2024-11-10,3.34,20.66,6.25
PHC-DST-A1-04,2024-11-11,2.14,21.86,4.0
PHC-DST-A1-04,2024-11-12,2.32,21.68,4.34
PHC-DST-A1-04,2024-11-13,1.49,22.51,2.79
PHC-DST-A1-04,2024-11-14,1.62,22.38,3.03
PHC-DST-A1-04,2024-11-15,2.54,21.46,4.75
PHC-DST-A1-04,2024-11-16,3.31,20.69,6.19
PHC-DST-A1-04,2024-11-17,2.92,21.08,5.46
PHC-DST-A1-04,2024-11-18,2.4,21.6,4.49
PHC-DST-A1-04,2024-11-19,1.83,22.17,3.42
PHC-DST-A1-04,2024-11-20,1.96,22.04,3.67
PHC-DST-A1-04,2024-11-21,1.23,,2.3
PHC-DST-A1-04,2024-11-22,0.71,23.29,1.33
PHC-DST-A1-04,2024-11-23,0.95,23.05,1.78
PHC-DST-A1-04,2024-11-24,1.84,22.16,3.44
PHC-DST-A1-04,2024-11-25,1.58,22.42,2.95
PHC-DST-A1-04,2024-11-26,0.7,23.3,1.31
PHC-DST-A1-04,2024-11-27,1.77,22.23,3.31
PHC-DST-A1-04,2024-11-28,1.56,22.44,2.92
PHC-DST-A1-04,2024-11-29,0.92,23.08,1.72
PHC-DST-A1-04,2024-11-30,1.52,22.48,2.84
PHC-DST-A1-04,2024-12-01,1.56,22.44,2.92
PHC-DST-A1-04,2024-12-02,1.34,22.66,2.51
PHC-DST-A1-04,2024-12-03,2.5,21.5,4.67
PHC-DST-A1-04,2024-12-04,0.37,23.63,0.69
PHC-DST-A1-04,2024-12-05,0.31,23.69,0.58
PHC-DST-A1-04,2024-12-06,1.8,22.2,3.37
PHC-DST-A1-04,2024-12-07,1.87,22.13,3.5
PHC-DST-A1-04,2024-12-08,2.1,21.9,3.93
PHC-DST-A1-04,2024-12-09,1.4,22.6,2.62
PHC-DST-A1-04,2024-12-10,1.11,22.89,2.08
PHC-DST-A1-04,2024-12-11,1.79,22.21,3.35
PHC-DST-A1-04,2024-12-12,1.47,22.53,2.75
PHC-DST-A1-04,2024-12-13,2.96,21.04,5.54
PHC-DST-A1-04,2024-12-14,1.56,22.44,2.92
PHC-DST-A1-04,2024-12-15,1.76,22.24,3.29
PHC-DST-A1-04,2024-12-16,3.66,20.34,6.84
PHC-DST-A1-04,2024-12-17,1.65,22.35,3.09
PHC-DST-A1-04,2024-12-18,2.22,21.78,4.15
PHC-DST-A1-04,2024-12-19,2.28,21.72,4.26
PHC-DST-A1-04,2024-12-20,2.35,21.65,4.39
PHC-DST-A1-04,2024-12-21,2.02,21.98,3.78
PHC-DST-A1-04,2024-12-22,1.95,22.05,3.65
PHC-DST-A1-04,2024-12-23,1.88,22.12,3.52
PHC-DST-A1-04,2024-12-24,1.37,22.63,2.56
PHC-DST-A1-04,2024-12-25,2.04,21.96,3.81
PHC-DST-A1-04,2024-12-26,3.32,20.68,6.21
PHC-DST-A1-04,2024-12-27,2.71,21.29,5.07
PHC-DST-A1-04,2024-12-28,2.03,21.97,3.8
PHC-DST-A1-04,2024-12-29,2.44,21.56,4.56
PHC-DST-A1-04,2024-12-30,1.15,22.85,2.15
PHC-DST-A1-04,2024-12-31,1.6,22.4,2.99
PHC-DST-A1-04,2025-01-01,2.51,21.49,4.69
PHC-DST-A1-04,2025-01-02,2.92,21.08,5.46
PHC-DST-A1-04,2025-01-03,1.22,22.78,2.28
PHC-DST-A1-04,2025-01-04,1.44,22.56,2.69
PHC-DST-A1-04,2025-01-05,3.44,20.56,6.43
PHC-DST-A1-04,2025-01-06,1.87,22.13,3.5
PHC-DST-A1-04,2025-01-07,3.17,20.83,5.93
PHC-DST-A1-04,2025-01-08,1.96,22.04,3.67
PHC-DST-A1-04,2025-01-09,1.98,22.02,3.7
PHC-DST-A1-04,2025-01-10,1.57,22.43,2.94
PHC-DST-A1-04,2025-01-11,2.51,21.49,4.69
PHC-DST-A1-04,2025-01-12,2.82,21.18,5.27
PHC-DST-A1-04,2025-01-13,1.02,22.98,1.91
PHC-DST-A1-04,2025-01-14,1.54,22.46,2.88
PHC-DST-A1-04,2025-01-15,2.49,21.51,4.66
PHC-DST-A1-04,2025-01-16,1.7,22.3,3.18
PHC-DST-A1-04,2025-01-17,1.43,22.57,2.67
PHC-DST-A1-04,2025-01-18,2.56,21.44,4.79
PHC-DST-A1-04,2025-01-19,2.63,21.37,4.92
PHC-DST-A1-04,2025-01-20,1.46,22.54,2.73
PHC-DST-A1-04,2025-01-21,1.96,22.04,3.67
PHC-DST-A1-04,2025-01-22,0.89,23.11,1.66
PHC-DST-A1-04,2025-01-23,1.13,22.87,2.11
PHC-DST-A1-04,2025-01-24,1.89,22.11,3.53
PHC-DST-A1-04,2025-01-25,1.82,22.18,3.4
PHC-DST-A1-04,2025-01-26,1.07,22.93,2.0
PHC-DST-A1-04,2025-01-27,1.26,22.74,2.36
PHC-DST-A1-04,2025-01-28,1.0,23.0,1.87
PHC-DST-A1-04,2025-01-29,2.14,21.86,4.0
PHC-DST-A1-04,2025-01-30,0.32,23.68,0.6
PHC-DST-A1-04,2025-01-31,1.04,22.96,1.94
PHC-DST-A1-04,2025-02-01,0.4,23.6,0.75
PHC-DST-A1-04,2025-02-02,2.11,21.89,3.95
PHC-DST-A1-04,2025-02-03,0.45,23.55,0.84
PHC-DST-A1-04,2025-02-04,1.82,22.18,3.4
PHC-DST-A1-04,2025-02-05,3.03,20.97,5.67
PHC-DST-A1-04,2025-02-06,3.06,20.94,5.72
PHC-DST-A1-04,2025-02-07,0.45,23.55,0.84
PHC-DST-A1-04,2025-02-08,2.02,21.98,3.78
PHC-DST-A1-04,2025-02-09,1.06,22.94,1.98
PHC-DST-A1-04,2025-02-10,0.91,23.09,1.7
PHC-DST-A1-04,2025-02-11,1.71,22.29,3.2
PHC-DST-A1-04,2025-02-12,2.72,21.28,5.09
PHC-DST-A1-04,2025-02-13,2.25,21.75,4.21
PHC-DST-A1-04,2025-02-14,1.26,22.74,2.36
PHC-DST-A1-04,2025-02-15,2.33,21.67,4.36
PHC-DST-A1-04,2025-02-16,0.12,23.88,0.22
PHC-DST-A1-04,2025-02-17,1.24,22.76,2.32
PHC-DST-A1-04,2025-02-18,1.18,22.82,2.21
PHC-DST-A1-04,2025-02-19,1.86,22.14,3.48
PHC-DST-A1-04,2025-02-20,1.65,22.35,3.09
PHC-DST-A1-04,2025-02-21,1.69,22.31,3.16
PHC-DST-A1-04,2025-02-22,1.67,22.33,3.12
PHC-DST-A1-04,2025-02-23,1.82,22.18,3.4
PHC-DST-A1-04,2025-02-24,2.21,21.79,4.13
PHC-DST-A1-04,2025-02-25,1.91,22.09,3.57
PHC-DST-A1-04,2025-02-26,1.59,22.41,2.97
PHC-DST-A1-04,2025-02-27,2.1,21.9,3.93
PHC-DST-A1-04,2025-02-28,2.42,21.58,4.53
PHC-DST-A1-04,2025-03-01,1.38,22.62,2.58
PHC-DST-A1-04,2025-03-02,1.76,22.24,3.29
PHC-DST-A1-04,2025-03-03,2.67,21.33,4.99
PHC-DST-A1-04,2025-03-04,0.97,23.03,1.81
PHC-DST-A1-04,2025-03-05,3.15,20.85,5.89
PHC-DST-A1-04,2025-03-06,0.8,23.2,1.5
PHC-DST-A1-04,2025-03-07,1.54,22.46,2.88
PHC-DST-A1-04,2025-03-08,1.09,22.91,2.04
PHC-DST-A1-04,2025-03-09,3.44,20.56,6.43
PHC-DST-A1-04,2025-03-10,1.42,22.58,2.66
PHC-DST-A1-04,2025-03-11,1.42,22.58,2.66
PHC-DST-A1-04,2025-03-12,1.52,22.48,2.84
PHC-DST-A1-04,2025-03-13,1.87,22.13,3.5
PHC-DST-A1-04,2025-03-14,1.55,22.45,2.9
PHC-DST-A1-04,2025-03-15,1.7,22.3,3.18
PHC-DST-A1-04,2025-03-16,0.0,24.0,0.0
PHC-DST-A1-04,2025-03-17,1.84,22.16,3.44
PHC-DST-A1-04,2025-03-18,1.81,22.19,3.38
PHC-DST-A1-04,2025-03-19,2.58,21.42,4.82
PHC-DST-A1-04,2025-03-20,2.78,21.22,5.2
PHC-DST-A1-04,2025-03-21,1.66,22.34,3.1
PHC-DST-A1-04,2025-03-22,2.41,21.59,4.51
PHC-DST-A1-04,2025-03-23,0.97,23.03,1.81
PHC-DST-A1-04,2025-03-24,2.38,21.62,4.45
PHC-DST-A1-04,2025-03-25,1.37,22.63,2.56
PHC-DST-A1-04,2025-03-26,,23.09,1.7
PHC-DST-A1-04,2025-03-27,1.66,22.34,3.1
PHC-DST-A1-04,2025-03-28,2.85,21.15,5.33
PHC-DST-A1-04,2025-03-29,1.94,22.06,3.63
PHC-DST-A1-04,2025-03-30,2.92,21.08,5.46
PHC-DST-A1-04,2025-03-31,1.24,22.76,2.32
PHC-DST-A1-04,2025-04-01,2.59,21.41,4.84
PHC-DST-A1-04,2025-04-02,1.31,22.69,2.45
PHC-DST-A1-04,2025-04-03,1.97,22.03,3.68
PHC-DST-A1-04,2025-04-04,1.96,22.04,3.67
PHC-DST-A1-04,2025-04-05,2.3,21.7,4.3
PHC-DST-A1-04,2025-04-06,1.99,22.01,3.72
PHC-DST-A1-04,2025-04-07,1.25,22.75,2.34
PHC-DST-A1-04,2025-04-08,2.46,21.54,4.6
PHC-DST-A1-04,2025-04-09,3.1,20.9,5.8
PHC-DST-A1-04,2025-04-10,1.36,22.64,2.54
PHC-DST-A1-04,2025-04-11,0.42,23.58,0.79
PHC-DST-A1-04,2025-04-12,2.17,21.83,4.06
PHC-DST-A1-04,2025-04-13,1.55,22.45,2.9
PHC-DST-A1-04,2025-04-14,1.7,22.3,3.18
PHC-DST-A1-04,2025-04-15,2.22,21.78,4.15
PHC-DST-A1-04,2025-04-16,1.46,22.54,2.73
PHC-DST-A1-04,2025-04-17,1.6,22.4,2.99
PHC-DST-A1-04,2025-04-18,1.72,22.28,3.22
PHC-DST-A1-04,2025-04-19,2.9,21.1,5.42
PHC-DST-A1-04,2025-04-20,1.82,22.18,3.4
PHC-DST-A1-04,2025-04-21,0.87,23.13,1.63
PHC-DST-A1-04,2025-04-22,0.9,23.1,1.68
PHC-DST-A1-04,2025-04-23,1.9,22.1,3.55
PHC-DST-A1-04,2025-04-24,0.95,23.05,1.78
PHC-DST-A1-04,2025-04-25,0.63,23.37,1.18
PHC-DST-A1-04,2025-04-26,2.28,21.72,4.26
PHC-DST-A1-04,2025-04-27,2.31,21.69,4.32
PHC-DST-A1-04,2025-04-28,1.52,22.48,2.84
PHC-DST-A1-04,2025-04-29,2.02,21.98,3.78
PHC-DST-A1-04,2025-04-30,1.94,22.06,3.63
PHC-DST-A1-04,2025-05-01,2.25,21.75,4.21
PHC-DST-A1-04,2025-05-02,2.25,21.75,4.21
PHC-DST-A1-04,2025-05-03,0.0,24.0,0.0
PHC-DST-A1-04,2025-05-04,1.62,22.38,3.03
PHC-DST-A1-04,2025-05-05,2.19,21.81,4.1
PHC-DST-A1-04,2025-05-06,1.49,22.51,2.79
PHC-DST-A1-04,2025-05-07,1.83,22.17,3.42
PHC-DST-A1-04,2025-05-08,2.36,21.64,4.41
PHC-DST-A1-04,2025-05-09,1.86,22.14,3.48
PHC-DST-A1-04,2025-05-10,2.93,21.07,5.48
PHC-DST-A1-04,2025-05-11,2.65,21.35,4.96
PHC-DST-A1-04,2025-05-12,1.71,22.29,3.2
PHC-DST-A1-04,2025-05-13,1.65,22.35,3.09
PHC-DST-A1-04,2025-05-14,0.0,24.0,0.0
PHC-DST-A1-04,2025-05-15,1.56,22.44,2.92
PHC-DST-A1-04,2025-05-16,0.79,23.21,1.48
PHC-DST-A1-04,2025-05-17,1.97,22.03,3.68
PHC-DST-A1-04,2025-05-18,1.91,22.09,3.57
PHC-DST-A1-04,2025-05-19,2.32,21.68,4.34
PHC-DST-A1-04,2025-05-20,2.85,21.15,5.33
PHC-DST-A1-04,2025-05-21,1.78,22.22,3.33
PHC-DST-A1-04,2025-05-22,3.51,20.49,6.56
PHC-DST-A1-04,2025-05-23,1.97,22.03,3.68
PHC-DST-A1-04,2025-05-24,0.82,23.18,1.53
PHC-DST-A1-04,2025-05-25,1.38,22.62,2.58
PHC-DST-A1-04,2025-05-26,1.52,22.48,2.84
PHC-DST-A1-04,2025-05-27,2.24,21.76,4.19
PHC-DST-A1-04,2025-05-28,1.09,22.91,2.04
PHC-DST-A1-04,2025-05-29,1.58,22.42,2.95
PHC-DST-A1-04,2025-05-30,1.68,22.32,3.14
PHC-DST-A1-04,2025-05-31,1.46,22.54,2.73
PHC-DST-A1-04,2025-06-01,2.41,21.59,4.51
PHC-DST-A1-04,2025-06-02,2.28,21.72,4.26
PHC-DST-A1-04,2025-06-03,2.67,21.33,4.99
PHC-DST-A1-04,2025-06-04,1.55,22.45,2.9
PHC-DST-A1-04,2025-06-05,2.7,21.3,5.05
PHC-DST-A1-04,2025-06-06,0.78,23.22,1.46
PHC-DST-A1-04,2025-06-07,0.76,23.24,1.42
PHC-DST-A1-04,2025-06-08,0.89,23.11,1.66
PHC-DST-A1-04,2025-06-09,1.81,22.19,3.38
PHC-DST-A1-04,2025-06-10,2.7,21.3,5.05
PHC-DST-A1-04,2025-06-11,1.35,22.65,2.52
PHC-DST-A1-04,2025-06-12,1.44,22.56,2.69
PHC-DST-A1-04,2025-06-13,1.64,22.36,3.07
PHC-DST-A1-04,2025-06-14,2.23,21.77,4.17
PHC-DST-A1-04,2025-06-15,1.44,22.56,2.69
PHC-DST-A1-04,2025-06-16,1.4,22.6,2.62
PHC-DST-A1-04,2025-06-17,0.79,23.21,1.48
PHC-DST-A1-04,2025-06-18,1.37,22.63,2.56
PHC-DST-A1-04,2025-06-19,2.68,21.32,5.01
PHC-DST-A1-04,2025-06-20,1.87,22.13,3.5
PHC-DST-A1-04,2025-06-21,1.25,22.75,2.34
PHC-DST-A1-04,2025-06-22,2.73,21.27,5.11
PHC-DST-A1-04,2025-06-23,1.36,22.64,2.54
PHC-DST-A1-04,2025-06-24,2.86,21.14,5.35
PHC-DST-A1-04,2025-06-25,2.85,,5.33
PHC-DST-A1-04,2025-06-26,1.84,22.16,3.44
PHC-DST-A1-04,2025-06-27,0.68,23.32,1.27
PHC-DST-A1-04,2025-06-28,3.52,20.48,6.58
PHC-DST-A1-04,2025-06-29,2.09,21.91,3.91
PHC-DST-A1-04,2025-06-30,1.56,22.44,2.92
PHC-DST-A1-05,2024-01-01,4.52,19.48,8.45
PHC-DST-A1-05,2024-01-02,4.33,19.67,8.1
PHC-DST-A1-05,2024-01-03,4.78,19.22,8.94
PHC-DST-A1-05,2024-01-04,3.3,20.7,6.17
PHC-DST-A1-05,2024-01-05,4.04,19.96,7.55
PHC-DST-A1-05,2024-01-06,2.91,21.09,5.44
PHC-DST-A1-05,2024-01-07,4.3,19.7,8.04
PHC-DST-A1-05,2024-01-08,3.78,20.22,7.07
PHC-DST-A1-05,2024-01-09,4.01,19.99,7.5
PHC-DST-A1-05,2024-01-10,3.69,20.31,6.9
PHC-DST-A1-05,2024-01-11,3.61,20.39,6.75
PHC-DST-A1-05,2024-01-12,3.15,20.85,5.89
PHC-DST-A1-05,2024-01-13,4.39,19.61,8.21
PHC-DST-A1-05,2024-01-14,4.92,19.08,9.2
PHC-DST-A1-05,2024-01-15,3.38,20.62,6.32
PHC-DST-A1-05,2024-01-16,4.22,19.78,7.89
PHC-DST-A1-05,2024-01-17,4.12,19.88,7.7
PHC-DST-A1-05,2024-01-18,3.81,20.19,7.12
PHC-DST-A1-05,2024-01-19,2.66,21.34,4.97
PHC-DST-A1-05,2024-01-20,,21.18,5.27
PHC-DST-A1-05,2024-01-21,3.21,20.79,6.0
PHC-DST-A1-05,2024-01-22,2.2,21.8,4.11
PHC-DST-A1-05,2024-01-23,4.86,19.14,9.09
PHC-DST-A1-05,2024-01-24,4.08,19.92,7.63
PHC-DST-A1-05,2024-01-25,3.78,20.22,7.07
PHC-DST-A1-05,2024-01-26,2.16,21.84,4.04
PHC-DST-A1-05,2024-01-27,2.43,21.57,4.54
PHC-DST-A1-05,2024-01-28,3.8,20.2,7.11
PHC-DST-A1-05,2024-01-29,5.28,18.72,9.87
PHC-DST-A1-05,2024-01-30,3.28,20.72,6.13
PHC-DST-A1-05,2024-01-31,4.45,19.55,8.32
PHC-DST-A1-05,2024-02-01,3.44,20.56,6.43
PHC-DST-A1-05,2024-02-02,3.84,20.16,7.18
PHC-DST-A1-05,2024-02-03,4.71,19.29,8.81
PHC-DST-A1-05,2024-02-04,3.54,20.46,6.62
PHC-DST-A1-05,2024-02-05,3.28,20.72,6.13
PHC-DST-A1-05,2024-02-06,4.86,19.14,9.09
PHC-DST-A1-05,2024-02-07,3.83,20.17,7.16
PHC-DST-A1-05,2024-02-08,4.62,19.38,8.64
PHC-DST-A1-05,2024-02-09,3.29,20.71,6.15
PHC-DST-A1-05,2024-02-10,4.86,19.14,9.09
PHC-DST-A1-05,2024-02-11,4.01,19.99,7.5
PHC-DST-A1-05,2024-02-12,4.13,19.87,7.72
PHC-DST-A1-05,2024-02-13,3.9,20.1,7.29
PHC-DST-A1-05,2024-02-14,3.42,20.58,6.4
PHC-DST-A1-05,2024-02-15,3.8,20.2,7.11
PHC-DST-A1-05,2024-02-16,3.47,20.53,6.49
PHC-DST-A1-05,2024-02-17,4.52,19.48,8.45
PHC-DST-A1-05,2024-02-18,3.65,20.35,6.83
PHC-DST-A1-05,2024-02-19,2.68,21.32,5.01
PHC-DST-A1-05,2024-02-20,2.54,21.46,4.75
PHC-DST-A1-05,2024-02-21,2.5,,4.67
PHC-DST-A1-05,2024-02-22,4.26,19.74,7.97
PHC-DST-A1-05,2024-02-23,2.94,21.06,5.5
PHC-DST-A1-05,2024-02-24,4.03,19.97,7.54
PHC-DST-A1-05,2024-02-25,3.9,20.1,7.29
PHC-DST-A1-05,2024-02-26,3.75,20.25,7.01
PHC-DST-A1-05,2024-02-27,4.13,19.87,7.72
PHC-DST-A1-05,2024-02-28,3.92,20.08,7.33
PHC-DST-A1-05,2024-02-29,1.77,22.23,3.31
PHC-DST-A1-05,2024-03-01,3.56,20.44,6.66
PHC-DST-A1-05,2024-03-02,4.12,19.88,7.7
PHC-DST-A1-05,2024-03-03,5.03,18.97,9.41
PHC-DST-A1-05,2024-03-04,5.06,18.94,9.46
PHC-DST-A1-05,2024-03-05,2.78,21.22,5.2
PHC-DST-A1-05,2024-03-06,3.54,20.46,6.62
PHC-DST-A1-05,2024-03-07,,21.37,4.92
PHC-DST-A1-05,2024-03-08,4.94,19.06,9.24
PHC-DST-A1-05,2024-03-09,4.56,19.44,8.53
PHC-DST-A1-05,2024-03-10,4.06,19.94,7.59
PHC-DST-A1-05,2024-03-11,3.92,20.08,7.33
PHC-DST-A1-05,2024-03-12,4.84,19.16,9.05
PHC-DST-A1-05,2024-03-13,4.71,19.29,8.81
PHC-DST-A1-05,2024-03-14,4.67,19.33,8.73
PHC-DST-A1-05,2024-03-15,4.14,19.86,7.74
PHC-DST-A1-05,2024-03-16,,20.46,6.62
PHC-DST-A1-05,2024-03-17,4.38,19.62,8.19
PHC-DST-A1-05,2024-03-18,4.41,19.59,8.25
PHC-DST-A1-05,2024-03-19,3.66,20.34,6.84
PHC-DST-A1-05,2024-03-20,3.54,20.46,6.62
PHC-DST-A1-05,2024-03-21,4.65,19.35,8.7
PHC-DST-A1-05,2024-03-22,5.05,18.95,9.44
PHC-DST-A1-05,2024-03-23,3.24,20.76,6.06
PHC-DST-A1-05,2024-03-24,3.6,20.4,6.73
PHC-DST-A1-05,2024-03-25,4.06,19.94,7.59
PHC-DST-A1-05,2024-03-26,4.16,19.84,7.78
PHC-DST-A1-05,2024-03-27,3.41,20.59,6.38
PHC-DST-A1-05,2024-03-28,5.21,18.79,9.74
PHC-DST-A1-05,2024-03-29,4.12,19.88,7.7
PHC-DST-A1-05,2024-03-30,4.2,19.8,7.85
PHC-DST-A1-05,2024-03-31,5.12,18.88,9.57
PHC-DST-A1-05,2024-04-01,,20.54,6.47
PHC-DST-A1-05,2024-04-02,3.73,20.27,6.98
PHC-DST-A1-05,2024-04-03,2.86,21.14,5.35
PHC-DST-A1-05,2024-04-04,3.67,20.33,6.86
PHC-DST-A1-05,2024-04-05,2.68,21.32,5.01
PHC-DST-A1-05,2024-04-06,4.36,19.64,8.15
PHC-DST-A1-05,2024-04-07,4.11,19.89,7.69
PHC-DST-A1-05,2024-04-08,3.59,20.41,6.71
PHC-DST-A1-05,2024-04-09,3.72,20.28,6.96
PHC-DST-A1-05,2024-04-10,4.37,19.63,8.17
PHC-DST-A1-05,2024-04-11,2.95,21.05,5.52
PHC-DST-A1-05,2024-04-12,3.95,20.05,7.39
PHC-DST-A1-05,2024-04-13,4.32,19.68,8.08
PHC-DST-A1-05,2024-04-14,2.46,21.54,4.6
PHC-DST-A1-05,2024-04-15,4.31,19.69,8.06
PHC-DST-A1-05,2024-04-16,2.54,21.46,4.75
PHC-DST-A1-05,2024-04-17,3.71,20.29,6.94
PHC-DST-A1-05,2024-04-18,2.93,21.07,5.48
PHC-DST-A1-05,2024-04-19,4.87,19.13,9.11
PHC-DST-A1-05,2024-04-20,2.93,21.07,5.48
PHC-DST-A1-05,2024-04-21,2.56,21.44,4.79
PHC-DST-A1-05,2024-04-22,3.9,20.1,7.29
PHC-DST-A1-05,2024-04-23,3.49,20.51,6.53
PHC-DST-A1-05,2024-04-24,2.67,21.33,4.99
PHC-DST-A1-05,2024-04-25,4.19,19.81,7.84
PHC-DST-A1-05,2024-04-26,2.31,21.69,4.32
PHC-DST-A1-05,2024-04-27,3.02,20.98,5.65
PHC-DST-A1-05,2024-04-28,3.37,20.63,6.3
PHC-DST-A1-05,2024-04-29,4.4,19.6,8.23
PHC-DST-A1-05,2024-04-30,4.77,19.23,8.92
PHC-DST-A1-05,2024-05-01,4.63,19.37,8.66
PHC-DST-A1-05,2024-05-02,,20.31,6.9
PHC-DST-A1-05,2024-05-03,1.98,22.02,3.7
PHC-DST-A1-05,2024-05-04,4.09,19.91,7.65
PHC-DST-A1-05,2024-05-05,4.9,19.1,9.16
PHC-DST-A1-05,2024-05-06,4.73,19.27,8.85
PHC-DST-A1-05,2024-05-07,4.15,19.85,7.76
PHC-DST-A1-05,2024-05-08,2.91,21.09,5.44
PHC-DST-A1-05,2024-05-09,3.41,20.59,6.38
PHC-DST-A1-05,2024-05-10,5.25,18.75,9.82
PHC-DST-A1-05,2024-05-11,2.74,21.26,5.12
PHC-DST-A1-05,2024-05-12,2.94,21.06,5.5
PHC-DST-A1-05,2024-05-13,4.51,19.49,8.43
PHC-DST-A1-05,2024-05-14,3.48,20.52,6.51
PHC-DST-A1-05,2024-05-15,2.91,21.09,5.44
PHC-DST-A1-05,2024-05-16,4.95,19.05,9.26
PHC-DST-A1-05,2024-05-17,4.15,19.85,7.76
PHC-DST-A1-05,2024-05-18,3.51,20.49,6.56
PHC-DST-A1-05,2024-05-19,2.94,21.06,5.5
PHC-DST-A1-05,2024-05-20,5.34,18.66,9.99
PHC-DST-A1-05,2024-05-21,3.78,20.22,7.07
PHC-DST-A1-05,2024-05-22,4.85,19.15,9.07
PHC-DST-A1-05,2024-05-23,4.47,19.53,8.36
PHC-DST-A1-05,2024-05-24,3.41,20.59,6.38
PHC-DST-A1-05,2024-05-25,3.42,20.58,6.4
PHC-DST-A1-05,2024-05-26,4.88,19.12,9.13
PHC-DST-A1-05,2024-05-27,4.9,19.1,9.16
PHC-DST-A1-05,2024-05-28,2.39,21.61,4.47
PHC-DST-A1-05,2024-05-29,4.21,19.79,7.87
PHC-DST-A1-05,2024-05-30,3.71,20.29,6.94
PHC-DST-A1-05,2024-05-31,3.03,20.97,5.67
PHC-DST-A1-05,2024-06-01,4.0,20.0,7.48
PHC-DST-A1-05,2024-06-02,2.79,21.21,5.22
PHC-DST-A1-05,2024-06-03,3.45,20.55,6.45
PHC-DST-A1-05,2024-06-04,3.2,20.8,5.98
PHC-DST-A1-05,2024-06-05,3.43,20.57,6.41
PHC-DST-A1-05,2024-06-06,3.75,20.25,7.01
PHC-DST-A1-05,2024-06-07,3.04,20.96,5.68
PHC-DST-A1-05,2024-06-08,4.98,19.02,9.31
PHC-DST-A1-05,2024-06-09,4.17,19.83,7.8
PHC-DST-A1-05,2024-06-10,5.15,18.85,9.63
PHC-DST-A1-05,2024-06-11,3.68,20.32,6.88
PHC-DST-A1-05,2024-06-12,3.39,20.61,6.34
PHC-DST-A1-05,2024-06-13,5.12,18.88,9.57
PHC-DST-A1-05,2024-06-14,3.37,20.63,6.3
PHC-DST-A1-05,2024-06-15,,20.33,6.86
PHC-DST-A1-05,2024-06-16,4.34,19.66,8.12
PHC-DST-A1-05,2024-06-17,2.87,21.13,5.37
PHC-DST-A1-05,2024-06-18,4.33,19.67,8.1
PHC-DST-A1-05,2024-06-19,4.24,19.76,7.93
PHC-DST-A1-05,2024-06-20,4.75,19.25,8.88
PHC-DST-A1-05,2024-06-21,4.47,19.53,8.36
PHC-DST-A1-05,2024-06-22,4.77,19.23,8.92
PHC-DST-A1-05,2024-06-23,3.72,20.28,6.96
PHC-DST-A1-05,2024-06-24,3.15,20.85,5.89
PHC-DST-A1-05,2024-06-25,5.38,18.62,10.06
PHC-DST-A1-05,2024-06-26,2.65,21.35,4.96
PHC-DST-A1-05,2024-06-27,2.73,21.27,5.11
PHC-DST-A1-05,2024-06-28,4.22,19.78,7.89
PHC-DST-A1-05,2024-06-29,5.02,18.98,9.39
PHC-DST-A1-05,2024-06-30,3.94,20.06,7.37
PHC-DST-A1-05,2024-07-01,13.28,10.72,24.83
PHC-DST-A1-05,2024-07-02,,20.57,6.41
PHC-DST-A1-05,2024-07-03,15.65,8.35,29.27
PHC-DST-A1-05,2024-07-04,15.95,8.05,29.83
PHC-DST-A1-05,2024-07-05,4.19,19.81,7.84
PHC-DST-A1-05,2024-07-06,17.39,6.61,32.52
PHC-DST-A1-05,2024-07-07,4.23,19.77,7.91
PHC-DST-A1-05,2024-07-08,4.2,19.8,7.85
PHC-DST-A1-05,2024-07-09,3.64,20.36,6.81
PHC-DST-A1-05,2024-07-10,7.05,16.95,13.18
PHC-DST-A1-05,2024-07-11,,15.56,15.78
PHC-DST-A1-05,2024-07-12,5.51,18.49,10.3
PHC-DST-A1-05,2024-07-13,4.32,19.68,8.08
PHC-DST-A1-05,2024-07-14,8.13,15.87,15.2
PHC-DST-A1-05,2024-07-15,3.58,20.42,6.69
PHC-DST-A1-05,2024-07-16,3.28,20.72,6.13
PHC-DST-A1-05,2024-07-17,,19.53,8.36
PHC-DST-A1-05,2024-07-18,2.74,21.26,5.12
PHC-DST-A1-05,2024-07-19,3.05,20.95,5.7
PHC-DST-A1-05,2024-07-20,3.55,,6.64
PHC-DST-A1-05,2024-07-21,5.01,18.99,9.37
PHC-DST-A1-05,2024-07-22,5.9,18.1,11.03
PHC-DST-A1-05,2024-07-23,4.81,19.19,8.99
PHC-DST-A1-05,2024-07-24,4.81,19.19,8.99
PHC-DST-A1-05,2024-07-25,2.92,21.08,5.46
PHC-DST-A1-05,2024-07-26,1.91,22.09,3.57
PHC-DST-A1-05,2024-07-27,8.97,15.03,16.77
PHC-DST-A1-05,2024-07-28,7.29,16.71,13.63
PHC-DST-A1-05,2024-07-29,6.24,17.76,11.67
PHC-DST-A1-05,2024-07-30,6.79,17.21,12.7
PHC-DST-A1-05,2024-07-31,8.41,15.59,15.73
PHC-DST-A1-05,2024-08-01,4.52,,8.45
PHC-DST-A1-05,2024-08-02,2.79,21.21,5.22
PHC-DST-A1-05,2024-08-03,8.4,15.6,15.71
PHC-DST-A1-05,2024-08-04,2.55,21.45,4.77
PHC-DST-A1-05,2024-08-05,2.25,21.75,4.21
PHC-DST-A1-05,2024-08-06,7.23,16.77,13.52
PHC-DST-A1-05,2024-08-07,2.84,21.16,5.31
PHC-DST-A1-05,2024-08-08,3.64,20.36,6.81
PHC-DST-A1-05,2024-08-09,4.07,19.93,7.61
PHC-DST-A1-05,2024-08-10,8.3,15.7,15.52
PHC-DST-A1-05,2024-08-11,5.21,18.79,9.74
PHC-DST-A1-05,2024-08-12,4.55,19.45,8.51
PHC-DST-A1-05,2024-08-13,3.55,20.45,6.64
PHC-DST-A1-05,2024-08-14,3.58,20.42,6.69
PHC-DST-A1-05,2024-08-15,4.07,19.93,7.61
PHC-DST-A1-05,2024-08-16,2.95,21.05,5.52
PHC-DST-A1-05,2024-08-17,4.04,19.96,7.55
PHC-DST-A1-05,2024-08-18,9.69,14.31,18.12
PHC-DST-A1-05,2024-08-19,8.91,15.09,16.66
PHC-DST-A1-05,2024-08-20,5.03,18.97,9.41
PHC-DST-A1-05,2024-08-21,3.84,20.16,7.18
PHC-DST-A1-05,2024-08-22,13.91,10.09,26.01
PHC-DST-A1-05,2024-08-23,3.35,20.65,6.26
PHC-DST-A1-05,2024-08-24,4.15,19.85,7.76
PHC-DST-A1-05,2024-08-25,3.95,20.05,7.39
PHC-DST-A1-05,2024-08-26,2.18,21.82,4.08
PHC-DST-A1-05,2024-08-27,3.96,20.04,7.41
PHC-DST-A1-05,2024-08-28,4.07,19.93,7.61
PHC-DST-A1-05,2024-08-29,4.76,19.24,8.9
PHC-DST-A1-05,2024-08-30,5.65,18.35,10.57
PHC-DST-A1-05,2024-08-31,6.05,17.95,11.31
PHC-DST-A1-05,2024-09-01,4.35,19.65,8.13
PHC-DST-A1-05,2024-09-02,1.76,22.24,3.29
PHC-DST-A1-05,2024-09-03,3.46,20.54,6.47
PHC-DST-A1-05,2024-09-04,4.87,19.13,9.11
PHC-DST-A1-05,2024-09-05,9.16,14.84,17.13
PHC-DST-A1-05,2024-09-06,2.57,21.43,4.81
PHC-DST-A1-05,2024-09-07,2.6,21.4,4.86
PHC-DST-A1-05,2024-09-08,4.88,19.12,9.13
PHC-DST-A1-05,2024-09-09,3.88,20.12,7.26
PHC-DST-A1-05,2024-09-10,3.88,20.12,7.26
PHC-DST-A1-05,2024-09-11,2.96,21.04,5.54
PHC-DST-A1-05,2024-09-12,3.88,20.12,7.26
PHC-DST-A1-05,2024-09-13,2.94,21.06,5.5
PHC-DST-A1-05,2024-09-14,11.78,12.22,22.03
PHC-DST-A1-05,2024-09-15,15.81,8.19,29.56
PHC-DST-A1-05,2024-09-16,1.9,22.1,3.55
PHC-DST-A1-05,2024-09-17,2.54,21.46,4.75
PHC-DST-A1-05,2024-09-18,4.97,19.03,9.29
PHC-DST-A1-05,2024-09-19,3.03,20.97,5.67
PHC-DST-A1-05,2024-09-20,3.52,20.48,6.58
PHC-DST-A1-05,2024-09-21,4.29,19.71,8.02
PHC-DST-A1-05,2024-09-22,4.91,19.09,9.18
PHC-DST-A1-05,2024-09-23,3.65,20.35,6.83
PHC-DST-A1-05,2024-09-24,3.5,20.5,6.55
PHC-DST-A1-05,2024-09-25,,20.15,7.2
PHC-DST-A1-05,2024-09-26,6.1,17.9,11.41
PHC-DST-A1-05,2024-09-27,4.11,,7.69
PHC-DST-A1-05,2024-09-28,3.94,20.06,7.37
PHC-DST-A1-05,2024-09-29,5.4,18.6,10.1
PHC-DST-A1-05,2024-09-30,4.13,19.87,7.72
PHC-DST-A1-05,2024-10-01,4.66,19.34,8.71
PHC-DST-A1-05,2024-10-02,3.0,21.0,5.61
PHC-DST-A1-05,2024-10-03,4.19,19.81,7.84
PHC-DST-A1-05,2024-10-04,3.26,20.74,6.1
PHC-DST-A1-05,2024-10-05,4.1,19.9,7.67
PHC-DST-A1-05,2024-10-06,4.32,19.68,8.08
PHC-DST-A1-05,2024-10-07,3.84,20.16,7.18
PHC-DST-A1-05,2024-10-08,5.61,18.39,10.49
PHC-DST-A1-05,2024-10-09,4.87,19.13,9.11
PHC-DST-A1-05,2024-10-10,4.68,19.32,8.75
PHC-DST-A1-05,2024-10-11,4.37,19.63,8.17
PHC-DST-A1-05,2024-10-12,5.12,18.88,9.57
PHC-DST-A1-05,2024-10-13,2.72,21.28,5.09
PHC-DST-A1-05,2024-10-14,4.83,,9.03
PHC-DST-A1-05,2024-10-15,3.06,20.94,5.72
PHC-DST-A1-05,2024-10-16,3.38,20.62,6.32
PHC-DST-A1-05,2024-10-17,4.22,19.78,7.89
PHC-DST-A1-05,2024-10-18,4.72,19.28,8.83
PHC-DST-A1-05,2024-10-19,2.93,21.07,5.48
PHC-DST-A1-05,2024-10-20,3.42,20.58,6.4
PHC-DST-A1-05,2024-10-21,3.87,20.13,7.24
PHC-DST-A1-05,2024-10-22,3.66,20.34,6.84
PHC-DST-A1-05,2024-10-23,4.44,19.56,8.3
PHC-DST-A1-05,2024-10-24,6.38,,11.93
PHC-DST-A1-05,2024-10-25,4.11,19.89,7.69
PHC-DST-A1-05,2024-10-26,3.25,20.75,6.08
PHC-DST-A1-05,2024-10-27,2.83,21.17,5.29
PHC-DST-A1-05,2024-10-28,3.56,20.44,6.66
PHC-DST-A1-05,2024-10-29,3.09,,5.78
PHC-DST-A1-05,2024-10-30,4.15,19.85,7.76
PHC-DST-A1-05,2024-10-31,4.14,19.86,7.74
PHC-DST-A1-05,2024-11-01,3.45,20.55,6.45
PHC-DST-A1-05,2024-11-02,5.29,18.71,9.89
PHC-DST-A1-05,2024-11-03,3.25,20.75,6.08
PHC-DST-A1-05,2024-11-04,3.71,20.29,6.94
PHC-DST-A1-05,2024-11-05,4.28,19.72,8.0
PHC-DST-A1-05,2024-11-06,4.47,19.53,8.36
PHC-DST-A1-05,2024-11-07,4.76,19.24,8.9
PHC-DST-A1-05,2024-11-08,4.12,19.88,7.7
PHC-DST-A1-05,2024-11-09,4.59,19.41,8.58
PHC-DST-A1-05,2024-11-10,3.3,20.7,6.17
PHC-DST-A1-05,2024-11-11,4.49,19.51,8.4
PHC-DST-A1-05,2024-11-12,4.48,19.52,8.38
PHC-DST-A1-05,2024-11-13,4.93,19.07,9.22
PHC-DST-A1-05,2024-11-14,2.55,21.45,4.77
PHC-DST-A1-05,2024-11-15,3.12,20.88,5.83
PHC-DST-A1-05,2024-11-16,4.42,19.58,8.27
PHC-DST-A1-05,2024-11-17,1.81,22.19,3.38
PHC-DST-A1-05,2024-11-18,4.17,19.83,7.8
PHC-DST-A1-05,2024-11-19,4.59,19.41,8.58
PHC-DST-A1-05,2024-11-20,3.37,20.63,6.3
PHC-DST-A1-05,2024-11-21,3.48,20.52,6.51
PHC-DST-A1-05,2024-11-22,2.99,21.01,5.59
PHC-DST-A1-05,2024-11-23,3.41,20.59,6.38
PHC-DST-A1-05,2024-11-24,3.43,20.57,6.41
PHC-DST-A1-05,2024-11-25,3.29,20.71,6.15
PHC-DST-A1-05,2024-11-26,3.25,20.75,6.08
PHC-DST-A1-05,2024-11-27,3.6,20.4,6.73
PHC-DST-A1-05,2024-11-28,3.59,20.41,6.71
PHC-DST-A1-05,2024-11-29,5.21,18.79,9.74
PHC-DST-A1-05,2024-11-30,3.5,20.5,6.55
PHC-DST-A1-05,2024-12-01,4.06,19.94,7.59
PHC-DST-A1-05,2024-12-02,3.37,20.63,6.3
PHC-DST-A1-05,2024-12-03,3.36,20.64,6.28
PHC-DST-A1-05,2024-12-04,2.52,21.48,4.71
PHC-DST-A1-05,2024-12-05,2.62,21.38,4.9
PHC-DST-A1-05,2024-12-06,2.89,21.11,5.4
PHC-DST-A1-05,2024-12-07,3.94,,7.37
PHC-DST-A1-05,2024-12-08,4.61,19.39,8.62
PHC-DST-A1-05,2024-12-09,2.46,21.54,4.6
PHC-DST-A1-05,2024-12-10,3.39,20.61,6.34
PHC-DST-A1-05,2024-12-11,2.77,21.23,5.18
PHC-DST-A1-05,2024-12-12,3.6,20.4,6.73
PHC-DST-A1-05,2024-12-13,4.61,19.39,8.62
PHC-DST-A1-05,2024-12-14,3.46,20.54,6.47
PHC-DST-A1-05,2024-12-15,3.76,20.24,7.03
PHC-DST-A1-05,2024-12-16,4.89,19.11,9.14
PHC-DST-A1-05,2024-12-17,4.14,19.86,7.74
PHC-DST-A1-05,2024-12-18,3.23,20.77,6.04
PHC-DST-A1-05,2024-12-19,3.92,20.08,7.33
PHC-DST-A1-05,2024-12-20,3.18,20.82,5.95
PHC-DST-A1-05,2024-12-21,4.12,19.88,7.7
PHC-DST-A1-05,2024-12-22,4.19,19.81,7.84
PHC-DST-A1-05,2024-12-23,2.77,21.23,5.18
PHC-DST-A1-05,2024-12-24,3.93,20.07,7.35
PHC-DST-A1-05,2024-12-25,3.71,20.29,6.94
PHC-DST-A1-05,2024-12-26,4.21,,7.87
PHC-DST-A1-05,2024-12-27,4.42,19.58,8.27
PHC-DST-A1-05,2024-12-28,4.16,19.84,7.78
PHC-DST-A1-05,2024-12-29,3.57,20.43,6.68
PHC-DST-A1-05,2024-12-30,4.5,19.5,8.42
PHC-DST-A1-05,2024-12-31,3.15,20.85,5.89
PHC-DST-A1-05,2025-01-01,2.81,21.19,5.25
PHC-DST-A1-05,2025-01-02,1.4,22.6,2.62
PHC-DST-A1-05,2025-01-03,3.75,20.25,7.01
PHC-DST-A1-05,2025-01-04,3.18,20.82,5.95
PHC-DST-A1-05,2025-01-05,4.1,19.9,7.67
PHC-DST-A1-05,2025-01-06,2.32,21.68,4.34
PHC-DST-A1-05,2025-01-07,3.31,20.69,6.19
PHC-DST-A1-05,2025-01-08,4.15,19.85,7.76
PHC-DST-A1-05,2025-01-09,3.03,20.97,5.67
PHC-DST-A1-05,2025-01-10,4.11,19.89,7.69
PHC-DST-A1-05,2025-01-11,3.38,20.62,6.32
PHC-DST-A1-05,2025-01-12,3.78,20.22,7.07
PHC-DST-A1-05,2025-01-13,4.25,19.75,7.95
PHC-DST-A1-05,2025-01-14,4.51,19.49,8.43
PHC-DST-A1-05,2025-01-15,3.87,20.13,7.24
PHC-DST-A1-05,2025-01-16,3.19,20.81,5.97
PHC-DST-A1-05,2025-01-17,3.46,20.54,6.47
PHC-DST-A1-05,2025-01-18,4.28,19.72,8.0
PHC-DST-A1-05,2025-01-19,3.03,20.97,5.67
PHC-DST-A1-05,2025-01-20,3.67,20.33,6.86
PHC-DST-A1-05,2025-01-21,3.51,20.49,6.56
PHC-DST-A1-05,2025-01-22,3.72,20.28,6.96
PHC-DST-A1-05,2025-01-23,3.04,20.96,5.68
PHC-DST-A1-05,2025-01-24,2.41,21.59,4.51
PHC-DST-A1-05,2025-01-25,4.19,19.81,7.84
PHC-DST-A1-05,2025-01-26,4.52,19.48,8.45
PHC-DST-A1-05,2025-01-27,,21.54,4.6
PHC-DST-A1-05,2025-01-28,4.08,19.92,7.63
PHC-DST-A1-05,2025-01-29,4.61,19.39,8.62
PHC-DST-A1-05,2025-01-30,4.25,19.75,7.95
PHC-DST-A1-05,2025-01-31,3.49,20.51,6.53
PHC-DST-A1-05,2025-02-01,3.09,20.91,5.78
PHC-DST-A1-05,2025-02-02,3.86,20.14,7.22
PHC-DST-A1-05,2025-02-03,3.99,,7.46
PHC-DST-A1-05,2025-02-04,3.87,20.13,7.24
PHC-DST-A1-05,2025-02-05,3.66,20.34,6.84
PHC-DST-A1-05,2025-02-06,2.99,21.01,5.59
PHC-DST-A1-05,2025-02-07,4.12,19.88,7.7
PHC-DST-A1-05,2025-02-08,4.15,19.85,7.76
PHC-DST-A1-05,2025-02-09,3.95,20.05,7.39
PHC-DST-A1-05,2025-02-10,3.88,20.12,7.26
PHC-DST-A1-05,2025-02-11,5.06,18.94,9.46
PHC-DST-A1-05,2025-02-12,3.33,20.67,6.23
PHC-DST-A1-05,2025-02-13,4.76,19.24,8.9
PHC-DST-A1-05,2025-02-14,3.25,20.75,6.08
PHC-DST-A1-05,2025-02-15,4.63,19.37,8.66
PHC-DST-A1-05,2025-02-16,4.73,,8.85
PHC-DST-A1-05,2025-02-17,3.58,20.42,6.69
PHC-DST-A1-05,2025-02-18,5.05,18.95,9.44
PHC-DST-A1-05,2025-02-19,4.15,19.85,7.76
PHC-DST-A1-05,2025-02-20,3.14,20.86,5.87
PHC-DST-A1-05,2025-02-21,3.52,20.48,6.58
PHC-DST-A1-05,2025-02-22,4.65,19.35,8.7
PHC-DST-A1-05,2025-02-23,4.49,19.51,8.4
PHC-DST-A1-05,2025-02-24,3.01,20.99,5.63
PHC-DST-A1-05,2025-02-25,,20.3,6.92
PHC-DST-A1-05,2025-02-26,3.95,20.05,7.39
PHC-DST-A1-05,2025-02-27,3.42,20.58,6.4
PHC-DST-A1-05,2025-02-28,5.57,18.43,10.42
PHC-DST-A1-05,2025-03-01,3.98,20.02,7.44
PHC-DST-A1-05,2025-03-02,3.75,20.25,7.01
PHC-DST-A1-05,2025-03-03,4.69,19.31,8.77
PHC-DST-A1-05,2025-03-04,3.53,20.47,6.6
PHC-DST-A1-05,2025-03-05,4.56,19.44,8.53
PHC-DST-A1-05,2025-03-06,2.55,21.45,4.77
PHC-DST-A1-05,2025-03-07,3.46,20.54,6.47
PHC-DST-A1-05,2025-03-08,4.59,19.41,8.58
PHC-DST-A1-05,2025-03-09,4.98,19.02,9.31
PHC-DST-A1-05,2025-03-10,3.22,20.78,6.02
PHC-DST-A1-05,2025-03-11,3.13,,5.85
PHC-DST-A1-05,2025-03-12,4.23,19.77,7.91
PHC-DST-A1-05,2025-03-13,3.33,20.67,6.23
PHC-DST-A1-05,2025-03-14,3.6,20.4,6.73
PHC-DST-A1-05,2025-03-15,4.46,19.54,8.34
PHC-DST-A1-05,2025-03-16,3.39,20.61,6.34
PHC-DST-A1-05,2025-03-17,2.33,21.67,4.36
PHC-DST-A1-05,2025-03-18,2.82,21.18,5.27
PHC-DST-A1-05,2025-03-19,3.81,20.19,7.12
PHC-DST-A1-05,2025-03-20,2.4,21.6,4.49
PHC-DST-A1-05,2025-03-21,3.58,20.42,6.69
PHC-DST-A1-05,2025-03-22,2.76,21.24,5.16
PHC-DST-A1-05,2025-03-23,5.03,18.97,9.41
PHC-DST-A1-05,2025-03-24,5.42,18.58,10.14
PHC-DST-A1-05,2025-03-25,3.01,20.99,5.63
PHC-DST-A1-05,2025-03-26,3.99,20.01,7.46
PHC-DST-A1-05,2025-03-27,3.08,20.92,5.76
PHC-DST-A1-05,2025-03-28,3.57,20.43,6.68
PHC-DST-A1-05,2025-03-29,5.15,18.85,9.63
PHC-DST-A1-05,2025-03-30,3.45,20.55,6.45
PHC-DST-A1-05,2025-03-31,3.59,20.41,6.71
PHC-DST-A1-05,2025-04-01,3.09,20.91,5.78
PHC-DST-A1-05,2025-04-02,4.66,19.34,8.71
PHC-DST-A1-05,2025-04-03,1.35,22.65,2.52
PHC-DST-A1-05,2025-04-04,3.47,20.53,6.49
PHC-DST-A1-05,2025-04-05,3.77,20.23,7.05
PHC-DST-A1-05,2025-04-06,3.3,20.7,6.17
PHC-DST-A1-05,2025-04-07,4.45,19.55,8.32
PHC-DST-A1-05,2025-04-08,4.7,19.3,8.79
PHC-DST-A1-05,2025-04-09,2.74,21.26,5.12
PHC-DST-A1-05,2025-04-10,5.37,18.63,10.04
PHC-DST-A1-05,2025-04-11,2.73,21.27,5.11
PHC-DST-A1-05,2025-04-12,4.77,19.23,8.92
PHC-DST-A1-05,2025-04-13,3.91,20.09,7.31
PHC-DST-A1-05,2025-04-14,3.42,20.58,6.4
PHC-DST-A1-05,2025-04-15,3.49,20.51,6.53
PHC-DST-A1-05,2025-04-16,3.77,20.23,7.05
PHC-DST-A1-05,2025-04-17,3.96,20.04,7.41
PHC-DST-A1-05,2025-04-18,3.11,20.89,5.82
PHC-DST-A1-05,2025-04-19,3.62,20.38,6.77
PHC-DST-A1-05,2025-04-20,3.22,20.78,6.02
PHC-DST-A1-05,2025-04-21,2.89,21.11,5.4
PHC-DST-A1-05,2025-04-22,3.19,20.81,5.97
PHC-DST-A1-05,2025-04-23,2.94,21.06,5.5
PHC-DST-A1-05,2025-04-24,3.48,20.52,6.51
PHC-DST-A1-05,2025-04-25,,19.88,7.7
PHC-DST-A1-05,2025-04-26,3.89,20.11,7.27
PHC-DST-A1-05,2025-04-27,5.28,18.72,9.87
PHC-DST-A1-05,2025-04-28,2.14,21.86,4.0
PHC-DST-A1-05,2025-04-29,4.15,19.85,7.76
PHC-DST-A1-05,2025-04-30,3.8,20.2,7.11
PHC-DST-A1-05,2025-05-01,4.41,19.59,8.25
PHC-DST-A1-05,2025-05-02,4.34,19.66,8.12
PHC-DST-A1-05,2025-05-03,3.68,20.32,6.88
PHC-DST-A1-05,2025-05-04,3.93,20.07,7.35
PHC-DST-A1-05,2025-05-05,3.24,20.76,6.06
PHC-DST-A1-05,2025-05-06,4.26,19.74,7.97
PHC-DST-A1-05,2025-05-07,2.39,21.61,4.47
PHC-DST-A1-05,2025-05-08,4.38,19.62,8.19
PHC-DST-A1-05,2025-05-09,3.78,20.22,7.07
PHC-DST-A1-05,2025-05-10,3.43,20.57,6.41
PHC-DST-A1-05,2025-05-11,3.63,20.37,6.79
PHC-DST-A1-05,2025-05-12,3.68,20.32,6.88
PHC-DST-A1-05,2025-05-13,4.77,19.23,8.92
PHC-DST-A1-05,2025-05-14,6.23,17.77,11.65
PHC-DST-A1-05,2025-05-15,4.71,19.29,8.81
PHC-DST-A1-05,2025-05-16,3.38,20.62,6.32
PHC-DST-A1-05,2025-05-17,4.27,19.73,7.98
PHC-DST-A1-05,2025-05-18,4.3,19.7,8.04
PHC-DST-A1-05,2025-05-19,3.11,20.89,5.82
PHC-DST-A1-05,2025-05-20,2.85,21.15,5.33
PHC-DST-A1-05,2025-05-21,3.75,20.25,7.01
PHC-DST-A1-05,2025-05-22,4.41,19.59,8.25
PHC-DST-A1-05,2025-05-23,2.59,21.41,4.84
PHC-DST-A1-05,2025-05-24,3.26,20.74,6.1
PHC-DST-A1-05,2025-05-25,4.23,19.77,7.91
PHC-DST-A1-05,2025-05-26,3.83,20.17,7.16
PHC-DST-A1-05,2025-05-27,4.86,19.14,9.09
PHC-DST-A1-05,2025-05-28,2.74,21.26,5.12
PHC-DST-A1-05,2025-05-29,5.56,18.44,10.4
PHC-DST-A1-05,2025-05-30,2.65,21.35,4.96
PHC-DST-A1-05,2025-05-31,2.28,21.72,4.26
PHC-DST-A1-05,2025-06-01,3.76,20.24,7.03
PHC-DST-A1-05,2025-06-02,2.95,21.05,5.52
PHC-DST-A1-05,2025-06-03,,20.23,7.05
PHC-DST-A1-05,2025-06-04,3.74,20.26,6.99
PHC-DST-A1-05,2025-06-05,3.65,20.35,6.83
PHC-DST-A1-05,2025-06-06,3.17,20.83,5.93
PHC-DST-A1-05,2025-06-07,4.12,19.88,7.7
PHC-DST-A1-05,2025-06-08,3.56,20.44,6.66
PHC-DST-A1-05,2025-06-09,4.63,19.37,8.66
PHC-DST-A1-05,2025-06-10,3.66,20.34,6.84
PHC-DST-A1-05,2025-06-11,3.08,20.92,5.76
PHC-DST-A1-05,2025-06-12,2.53,21.47,4.73
PHC-DST-A1-05,2025-06-13,3.67,20.33,6.86
PHC-DST-A1-05,2025-06-14,2.85,21.15,5.33
PHC-DST-A1-05,2025-06-15,2.79,21.21,5.22
PHC-DST-A1-05,2025-06-16,4.2,19.8,7.85
PHC-DST-A1-05,2025-06-17,2.47,21.53,4.62
PHC-DST-A1-05,2025-06-18,4.86,,9.09
PHC-DST-A1-05,2025-06-19,3.92,20.08,7.33
PHC-DST-A1-05,2025-06-20,3.77,20.23,7.05
PHC-DST-A1-05,2025-06-21,3.02,20.98,5.65
PHC-DST-A1-05,2025-06-22,4.37,19.63,8.17
PHC-DST-A1-05,2025-06-23,3.8,20.2,7.11
PHC-DST-A1-05,2025-06-24,3.29,20.71,6.15
PHC-DST-A1-05,2025-06-25,3.95,20.05,7.39
PHC-DST-A1-05,2025-06-26,2.54,21.46,4.75
PHC-DST-A1-05,2025-06-27,2.57,21.43,4.81
PHC-DST-A1-05,2025-06-28,2.96,21.04,5.54
PHC-DST-A1-05,2025-06-29,4.06,19.94,7.59
PHC-DST-A1-05,2025-06-30,3.8,20.2,7.11
PHC-DST-A1-06,2024-01-01,4.59,19.41,8.58
PHC-DST-A1-06,2024-01-02,3.11,20.89,5.82
PHC-DST-A1-06,2024-01-03,4.23,19.77,7.91
PHC-DST-A1-06,2024-01-04,3.71,20.29,6.94
PHC-DST-A1-06,2024-01-05,3.09,20.91,5.78
PHC-DST-A1-06,2024-01-06,4.09,,7.65
PHC-DST-A1-06,2024-01-07,3.75,20.25,7.01
PHC-DST-A1-06,2024-01-08,3.33,20.67,6.23
PHC-DST-A1-06,2024-01-09,3.83,20.17,7.16
PHC-DST-A1-06,2024-01-10,3.7,20.3,6.92
PHC-DST-A1-06,2024-01-11,3.68,20.32,6.88
PHC-DST-A1-06,2024-01-12,3.49,20.51,6.53
PHC-DST-A1-06,2024-01-13,2.82,21.18,5.27
PHC-DST-A1-06,2024-01-14,3.86,20.14,7.22
PHC-DST-A1-06,2024-01-15,3.2,20.8,5.98
PHC-DST-A1-06,2024-01-16,3.03,20.97,5.67
PHC-DST-A1-06,2024-01-17,3.62,20.38,6.77
PHC-DST-A1-06,2024-01-18,4.35,19.65,8.13
PHC-DST-A1-06,2024-01-19,3.94,20.06,7.37
PHC-DST-A1-06,2024-01-20,3.4,20.6,6.36
PHC-DST-A1-06,2024-01-21,,20.63,6.3
PHC-DST-A1-06,2024-01-22,4.28,19.72,8.0
PHC-DST-A1-06,2024-01-23,2.0,22.0,3.74
PHC-DST-A1-06,2024-01-24,4.4,19.6,8.23
PHC-DST-A1-06,2024-01-25,2.39,21.61,4.47
PHC-DST-A1-06,2024-01-26,2.74,21.26,5.12
PHC-DST-A1-06,2024-01-27,3.41,20.59,6.38
PHC-DST-A1-06,2024-01-28,5.43,18.57,10.15
PHC-DST-A1-06,2024-01-29,5.06,18.94,9.46
PHC-DST-A1-06,2024-01-30,4.33,19.67,8.1
PHC-DST-A1-06,2024-01-31,4.07,19.93,7.61
PHC-DST-A1-06,2024-02-01,2.4,21.6,4.49
PHC-DST-A1-06,2024-02-02,3.92,20.08,7.33
PHC-DST-A1-06,2024-02-03,3.39,20.61,6.34
PHC-DST-A1-06,2024-02-04,3.19,20.81,5.97
PHC-DST-A1-06,2024-02-05,3.92,20.08,7.33
PHC-DST-A1-06,2024-02-06,3.45,20.55,6.45
PHC-DST-A1-06,2024-02-07,4.45,19.55,8.32
PHC-DST-A1-06,2024-02-08,2.35,21.65,4.39
PHC-DST-A1-06,2024-02-09,3.86,20.14,7.22
PHC-DST-A1-06,2024-02-10,3.14,20.86,5.87
PHC-DST-A1-06,2024-02-11,3.49,20.51,6.53
PHC-DST-A1-06,2024-02-12,4.03,19.97,7.54
PHC-DST-A1-06,2024-02-13,2.96,21.04,5.54
PHC-DST-A1-06,2024-02-14,3.92,20.08,7.33
PHC-DST-A1-06,2024-02-15,3.64,20.36,6.81
PHC-DST-A1-06,2024-02-16,3.3,20.7,6.17
PHC-DST-A1-06,2024-02-17,3.45,20.55,6.45
PHC-DST-A1-06,2024-02-18,3.68,20.32,6.88
PHC-DST-A1-06,2024-02-19,3.22,20.78,6.02
PHC-DST-A1-06,2024-02-20,3.81,20.19,7.12
PHC-DST-A1-06,2024-02-21,3.59,20.41,6.71
PHC-DST-A1-06,2024-02-22,3.34,20.66,6.25
PHC-DST-A1-06,2024-02-23,4.99,19.01,9.33
PHC-DST-A1-06,2024-02-24,4.11,19.89,7.69
PHC-DST-A1-06,2024-02-25,3.51,,6.56
PHC-DST-A1-06,2024-02-26,3.91,20.09,7.31
PHC-DST-A1-06,2024-02-27,3.03,20.97,5.67
PHC-DST-A1-06,2024-02-28,3.47,20.53,6.49
PHC-DST-A1-06,2024-02-29,3.56,20.44,6.66
PHC-DST-A1-06,2024-03-01,2.86,21.14,5.35
PHC-DST-A1-06,2024-03-02,4.09,19.91,7.65
PHC-DST-A1-06,2024-03-03,3.42,20.58,6.4
PHC-DST-A1-06,2024-03-04,3.53,20.47,6.6
PHC-DST-A1-06,2024-03-05,3.37,20.63,6.3
PHC-DST-A1-06,2024-03-06,6.02,17.98,11.26
PHC-DST-A1-06,2024-03-07,3.3,20.7,6.17
PHC-DST-A1-06,2024-03-08,2.25,21.75,4.21
PHC-DST-A1-06,2024-03-09,2.6,21.4,4.86
PHC-DST-A1-06,2024-03-10,4.37,19.63,8.17
PHC-DST-A1-06,2024-03-11,4.8,19.2,8.98
PHC-DST-A1-06,2024-03-12,3.29,20.71,6.15
PHC-DST-A1-06,2024-03-13,4.76,19.24,8.9
PHC-DST-A1-06,2024-03-14,4.36,19.64,8.15
PHC-DST-A1-06,2024-03-15,3.66,20.34,6.84
PHC-DST-A1-06,2024-03-16,3.6,20.4,6.73
PHC-DST-A1-06,2024-03-17,3.94,20.06,7.37
PHC-DST-A1-06,2024-03-18,4.46,19.54,8.34
PHC-DST-A1-06,2024-03-19,4.1,19.9,7.67
PHC-DST-A1-06,2024-03-20,3.29,20.71,6.15
PHC-DST-A1-06,2024-03-21,3.67,20.33,6.86
PHC-DST-A1-06,2024-03-22,5.29,18.71,9.89
PHC-DST-A1-06,2024-03-23,3.99,20.01,7.46
PHC-DST-A1-06,2024-03-24,4.45,19.55,8.32
PHC-DST-A1-06,2024-03-25,4.2,19.8,7.85
PHC-DST-A1-06,2024-03-26,4.01,19.99,7.5
PHC-DST-A1-06,2024-03-27,3.88,20.12,7.26
PHC-DST-A1-06,2024-03-28,4.47,19.53,8.36
PHC-DST-A1-06,2024-03-29,4.34,19.66,8.12
PHC-DST-A1-06,2024-03-30,4.0,20.0,7.48
PHC-DST-A1-06,2024-03-31,3.28,20.72,6.13
PHC-DST-A1-06,2024-04-01,4.09,19.91,7.65
PHC-DST-A1-06,2024-04-02,3.75,,7.01
PHC-DST-A1-06,2024-04-03,3.57,20.43,6.68
PHC-DST-A1-06,2024-04-04,5.81,18.19,10.86
PHC-DST-A1-06,2024-04-05,2.65,21.35,4.96
PHC-DST-A1-06,2024-04-06,4.52,19.48,8.45
PHC-DST-A1-06,2024-04-07,3.15,20.85,5.89
PHC-DST-A1-06,2024-04-08,3.9,20.1,7.29
PHC-DST-A1-06,2024-04-09,5.73,18.27,10.72
PHC-DST-A1-06,2024-04-10,3.08,20.92,5.76
PHC-DST-A1-06,2024-04-11,3.26,20.74,6.1
PHC-DST-A1-06,2024-04-12,3.79,20.21,7.09
PHC-DST-A1-06,2024-04-13,3.16,20.84,5.91
PHC-DST-A1-06,2024-04-14,4.46,19.54,8.34
PHC-DST-A1-06,2024-04-15,3.4,20.6,6.36
PHC-DST-A1-06,2024-04-16,4.29,19.71,8.02
PHC-DST-A1-06,2024-04-17,2.8,21.2,5.24
PHC-DST-A1-06,2024-04-18,2.44,21.56,4.56
PHC-DST-A1-06,2024-04-19,3.63,20.37,6.79
PHC-DST-A1-06,2024-04-20,2.62,21.38,4.9
PHC-DST-A1-06,2024-04-21,,19.06,9.24
PHC-DST-A1-06,2024-04-22,2.65,21.35,4.96
PHC-DST-A1-06,2024-04-23,3.02,20.98,5.65
PHC-DST-A1-06,2024-04-24,4.11,19.89,7.69
PHC-DST-A1-06,2024-04-25,3.36,20.64,6.28
PHC-DST-A1-06,2024-04-26,2.66,21.34,4.97
PHC-DST-A1-06,2024-04-27,5.33,18.67,9.97
PHC-DST-A1-06,2024-04-28,3.05,,5.7
PHC-DST-A1-06,2024-04-29,3.65,20.35,6.83
PHC-DST-A1-06,2024-04-30,3.64,20.36,6.81
PHC-DST-A1-06,2024-05-01,4.33,19.67,8.1
PHC-DST-A1-06,2024-05-02,4.15,19.85,7.76
PHC-DST-A1-06,2024-05-03,3.18,20.82,5.95
PHC-DST-A1-06,2024-05-04,3.56,20.44,6.66
PHC-DST-A1-06,2024-05-05,3.63,20.37,6.79
PHC-DST-A1-06,2024-05-06,4.36,19.64,8.15
PHC-DST-A1-06,2024-05-07,2.92,21.08,5.46
PHC-DST-A1-06,2024-05-08,5.31,18.69,9.93
PHC-DST-A1-06,2024-05-09,3.23,20.77,6.04
PHC-DST-A1-06,2024-05-10,3.79,20.21,7.09
PHC-DST-A1-06,2024-05-11,2.93,21.07,5.48
PHC-DST-A1-06,2024-05-12,2.83,21.17,5.29
PHC-DST-A1-06,2024-05-13,3.14,20.86,5.87
PHC-DST-A1-06,2024-05-14,3.07,20.93,5.74
PHC-DST-A1-06,2024-05-15,3.49,20.51,6.53
PHC-DST-A1-06,2024-05-16,3.07,20.93,5.74
PHC-DST-A1-06,2024-05-17,4.32,19.68,8.08
PHC-DST-A1-06,2024-05-18,3.21,20.79,6.0
PHC-DST-A1-06,2024-05-19,3.13,20.87,5.85
PHC-DST-A1-06,2024-05-20,3.51,20.49,6.56
PHC-DST-A1-06,2024-05-21,4.54,19.46,8.49
PHC-DST-A1-06,2024-05-22,3.96,20.04,7.41
PHC-DST-A1-06,2024-05-23,3.73,20.27,6.98
PHC-DST-A1-06,2024-05-24,2.73,21.27,5.11
PHC-DST-A1-06,2024-05-25,2.94,21.06,5.5
PHC-DST-A1-06,2024-05-26,2.84,21.16,5.31
PHC-DST-A1-06,2024-05-27,4.78,19.22,8.94
PHC-DST-A1-06,2024-05-28,4.2,19.8,7.85
PHC-DST-A1-06,2024-05-29,3.15,20.85,5.89
PHC-DST-A1-06,2024-05-30,,20.62,6.32
PHC-DST-A1-06,2024-05-31,3.18,20.82,5.95
PHC-DST-A1-06,2024-06-01,3.14,20.86,5.87
PHC-DST-A1-06,2024-06-02,4.15,19.85,7.76
PHC-DST-A1-06,2024-06-03,3.58,20.42,6.69
PHC-DST-A1-06,2024-06-04,5.36,,10.02
PHC-DST-A1-06,2024-06-05,4.74,19.26,8.86
PHC-DST-A1-06,2024-06-06,4.78,19.22,8.94
PHC-DST-A1-06,2024-06-07,4.3,19.7,8.04
PHC-DST-A1-06,2024-06-08,3.48,20.52,6.51
PHC-DST-A1-06,2024-06-09,4.25,19.75,7.95
PHC-DST-A1-06,2024-06-10,3.54,20.46,6.62
PHC-DST-A1-06,2024-06-11,5.02,18.98,9.39
PHC-DST-A1-06,2024-06-12,4.1,19.9,7.67
PHC-DST-A1-06,2024-06-13,4.0,20.0,7.48
PHC-DST-A1-06,2024-06-14,3.9,20.1,7.29
PHC-DST-A1-06,2024-06-15,5.11,18.89,9.56
PHC-DST-A1-06,2024-06-16,2.72,21.28,5.09
PHC-DST-A1-06,2024-06-17,5.18,18.82,9.69
PHC-DST-A1-06,2024-06-18,3.66,20.34,6.84
PHC-DST-A1-06,2024-06-19,2.75,21.25,5.14
PHC-DST-A1-06,2024-06-20,3.24,20.76,6.06
PHC-DST-A1-06,2024-06-21,2.56,21.44,4.79
PHC-DST-A1-06,2024-06-22,4.29,19.71,8.02
PHC-DST-A1-06,2024-06-23,3.02,20.98,5.65
PHC-DST-A1-06,2024-06-24,3.93,20.07,7.35
PHC-DST-A1-06,2024-06-25,4.65,19.35,8.7
PHC-DST-A1-06,2024-06-26,3.3,20.7,6.17
PHC-DST-A1-06,2024-06-27,3.6,20.4,6.73
PHC-DST-A1-06,2024-06-28,2.82,21.18,5.27
PHC-DST-A1-06,2024-06-29,3.51,20.49,6.56
PHC-DST-A1-06,2024-06-30,5.73,18.27,10.72
PHC-DST-A1-06,2024-07-01,17.45,6.55,32.63
PHC-DST-A1-06,2024-07-02,3.34,20.66,6.25
PHC-DST-A1-06,2024-07-03,11.79,12.21,22.05
PHC-DST-A1-06,2024-07-04,17.67,6.33,33.04
PHC-DST-A1-06,2024-07-05,3.08,20.92,5.76
PHC-DST-A1-06,2024-07-06,16.77,7.23,31.36
PHC-DST-A1-06,2024-07-07,,21.08,5.46
PHC-DST-A1-06,2024-07-08,4.35,19.65,8.13
PHC-DST-A1-06,2024-07-09,3.79,20.21,7.09
PHC-DST-A1-06,2024-07-10,8.09,15.91,15.13
PHC-DST-A1-06,2024-07-11,7.12,,13.31
PHC-DST-A1-06,2024-07-12,7.72,16.28,14.44
PHC-DST-A1-06,2024-07-13,4.6,19.4,8.6
PHC-DST-A1-06,2024-07-14,6.47,17.53,12.1
PHC-DST-A1-06,2024-07-15,3.23,20.77,6.04
PHC-DST-A1-06,2024-07-16,2.88,21.12,5.39
PHC-DST-A1-06,2024-07-17,5.17,,9.67
PHC-DST-A1-06,2024-07-18,3.79,20.21,7.09
PHC-DST-A1-06,2024-07-19,4.5,19.5,8.42
PHC-DST-A1-06,2024-07-20,3.59,20.41,6.71
PHC-DST-A1-06,2024-07-21,3.67,20.33,6.86
PHC-DST-A1-06,2024-07-22,8.45,15.55,15.8
PHC-DST-A1-06,2024-07-23,4.03,19.97,7.54
PHC-DST-A1-06,2024-07-24,3.01,20.99,5.63
PHC-DST-A1-06,2024-07-25,5.02,18.98,9.39
PHC-DST-A1-06,2024-07-26,3.58,20.42,6.69
PHC-DST-A1-06,2024-07-27,4.81,19.19,8.99
PHC-DST-A1-06,2024-07-28,8.68,15.32,16.23
PHC-DST-A1-06,2024-07-29,7.34,,13.73
PHC-DST-A1-06,2024-07-30,8.27,15.73,15.46
PHC-DST-A1-06,2024-07-31,9.55,14.45,17.86
PHC-DST-A1-06,2024-08-01,3.63,,6.79
PHC-DST-A1-06,2024-08-02,4.51,19.49,8.43
PHC-DST-A1-06,2024-08-03,6.39,17.61,11.95
PHC-DST-A1-06,2024-08-04,3.95,20.05,7.39
PHC-DST-A1-06,2024-08-05,2.78,21.22,5.2
PHC-DST-A1-06,2024-08-06,5.21,18.79,9.74
PHC-DST-A1-06,2024-08-07,3.03,20.97,5.67
PHC-DST-A1-06,2024-08-08,2.29,21.71,4.28
PHC-DST-A1-06,2024-08-09,3.67,20.33,6.86
PHC-DST-A1-06,2024-08-10,7.07,16.93,13.22
PHC-DST-A1-06,2024-08-11,4.28,19.72,8.0
PHC-DST-A1-06,2024-08-12,5.56,18.44,10.4
PHC-DST-A1-06,2024-08-13,4.1,19.9,7.67
PHC-DST-A1-06,2024-08-14,3.23,,6.04
PHC-DST-A1-06,2024-08-15,3.33,20.67,6.23
PHC-DST-A1-06,2024-08-16,3.8,20.2,7.11
PHC-DST-A1-06,2024-08-17,3.33,20.67,6.23
PHC-DST-A1-06,2024-08-18,9.47,14.53,17.71
PHC-DST-A1-06,2024-08-19,6.37,17.63,11.91
PHC-DST-A1-06,2024-08-20,3.19,20.81,5.97
PHC-DST-A1-06,2024-08-21,3.45,20.55,6.45
PHC-DST-A1-06,2024-08-22,17.1,6.9,31.98
PHC-DST-A1-06,2024-08-23,5.83,18.17,10.9
PHC-DST-A1-06,2024-08-24,3.45,20.55,6.45
PHC-DST-A1-06,2024-08-25,3.49,20.51,6.53
PHC-DST-A1-06,2024-08-26,4.24,19.76,7.93
PHC-DST-A1-06,2024-08-27,3.29,20.71,6.15
PHC-DST-A1-06,2024-08-28,3.69,20.31,6.9
PHC-DST-A1-06,2024-08-29,3.49,20.51,6.53
PHC-DST-A1-06,2024-08-30,7.18,16.82,13.43
PHC-DST-A1-06,2024-08-31,9.49,14.51,17.75
PHC-DST-A1-06,2024-09-01,3.8,20.2,7.11
PHC-DST-A1-06,2024-09-02,2.86,21.14,5.35
PHC-DST-A1-06,2024-09-03,3.61,20.39,6.75
PHC-DST-A1-06,2024-09-04,2.23,21.77,4.17
PHC-DST-A1-06,2024-09-05,7.2,16.8,13.46
PHC-DST-A1-06,2024-09-06,3.61,20.39,6.75
PHC-DST-A1-06,2024-09-07,4.49,19.51,8.4
PHC-DST-A1-06,2024-09-08,2.32,21.68,4.34
PHC-DST-A1-06,2024-09-09,3.62,,6.77
PHC-DST-A1-06,2024-09-10,3.44,20.56,6.43
PHC-DST-A1-06,2024-09-11,4.52,19.48,8.45
PHC-DST-A1-06,2024-09-12,4.3,19.7,8.04
PHC-DST-A1-06,2024-09-13,4.28,19.72,8.0
PHC-DST-A1-06,2024-09-14,8.15,15.85,15.24
PHC-DST-A1-06,2024-09-15,15.14,8.86,28.31
PHC-DST-A1-06,2024-09-16,2.99,21.01,5.59
PHC-DST-A1-06,2024-09-17,4.36,19.64,8.15
PHC-DST-A1-06,2024-09-18,2.67,21.33,4.99
PHC-DST-A1-06,2024-09-19,4.23,19.77,7.91
PHC-DST-A1-06,2024-09-20,3.88,20.12,7.26
PHC-DST-A1-06,2024-09-21,4.6,19.4,8.6
PHC-DST-A1-06,2024-09-22,3.76,20.24,7.03
PHC-DST-A1-06,2024-09-23,3.84,20.16,7.18
PHC-DST-A1-06,2024-09-24,4.18,19.82,7.82
PHC-DST-A1-06,2024-09-25,3.3,20.7,6.17
PHC-DST-A1-06,2024-09-26,7.27,16.73,13.59
PHC-DST-A1-06,2024-09-27,3.78,20.22,7.07
PHC-DST-A1-06,2024-09-28,3.49,20.51,6.53
PHC-DST-A1-06,2024-09-29,3.74,20.26,6.99
PHC-DST-A1-06,2024-09-30,5.0,19.0,9.35
PHC-DST-A1-06,2024-10-01,3.47,20.53,6.49
PHC-DST-A1-06,2024-10-02,3.45,20.55,6.45
PHC-DST-A1-06,2024-10-03,2.52,21.48,4.71
PHC-DST-A1-06,2024-10-04,3.77,20.23,7.05
PHC-DST-A1-06,2024-10-05,4.29,19.71,8.02
PHC-DST-A1-06,2024-10-06,4.43,19.57,8.28
PHC-DST-A1-06,2024-10-07,3.88,20.12,7.26
PHC-DST-A1-06,2024-10-08,4.52,19.48,8.45
PHC-DST-A1-06,2024-10-09,4.35,19.65,8.13
PHC-DST-A1-06,2024-10-10,4.63,19.37,8.66
PHC-DST-A1-06,2024-10-11,4.54,19.46,8.49
PHC-DST-A1-06,2024-10-12,4.98,19.02,9.31
PHC-DST-A1-06,2024-10-13,3.67,20.33,6.86
PHC-DST-A1-06,2024-10-14,2.8,21.2,5.24
PHC-DST-A1-06,2024-10-15,4.3,19.7,8.04
PHC-DST-A1-06,2024-10-16,4.39,19.61,8.21
PHC-DST-A1-06,2024-10-17,4.98,19.02,9.31
PHC-DST-A1-06,2024-10-18,4.76,19.24,8.9
PHC-DST-A1-06,2024-10-19,5.26,18.74,9.84
PHC-DST-A1-06,2024-10-20,4.26,19.74,7.97
PHC-DST-A1-06,2024-10-21,3.97,20.03,7.42
PHC-DST-A1-06,2024-10-22,2.76,21.24,5.16
PHC-DST-A1-06,2024-10-23,4.03,19.97,7.54
PHC-DST-A1-06,2024-10-24,3.39,20.61,6.34
PHC-DST-A1-06,2024-10-25,3.96,20.04,7.41
PHC-DST-A1-06,2024-10-26,3.84,20.16,7.18
PHC-DST-A1-06,2024-10-27,4.15,19.85,7.76
PHC-DST-A1-06,2024-10-28,3.73,20.27,6.98
PHC-DST-A1-06,2024-10-29,4.5,19.5,8.42
PHC-DST-A1-06,2024-10-30,1.76,22.24,3.29
PHC-DST-A1-06,2024-10-31,3.94,20.06,7.37
PHC-DST-A1-06,2024-11-01,4.7,19.3,8.79
PHC-DST-A1-06,2024-11-02,5.2,18.8,9.72
PHC-DST-A1-06,2024-11-03,4.35,19.65,8.13
PHC-DST-A1-06,2024-11-04,5.06,18.94,9.46
PHC-DST-A1-06,2024-11-05,3.93,20.07,7.35
PHC-DST-A1-06,2024-11-06,3.8,20.2,7.11
PHC-DST-A1-06,2024-11-07,4.2,19.8,7.85
PHC-DST-A1-06,2024-11-08,3.8,20.2,7.11
PHC-DST-A1-06,2024-11-09,3.21,20.79,6.0
PHC-DST-A1-06,2024-11-10,3.41,20.59,6.38
PHC-DST-A1-06,2024-11-11,2.97,21.03,5.55
PHC-DST-A1-06,2024-11-12,4.2,19.8,7.85
PHC-DST-A1-06,2024-11-13,3.81,20.19,7.12
PHC-DST-A1-06,2024-11-14,3.53,20.47,6.6
PHC-DST-A1-06,2024-11-15,3.37,20.63,6.3
PHC-DST-A1-06,2024-11-16,4.18,19.82,7.82
PHC-DST-A1-06,2024-11-17,4.39,19.61,8.21
PHC-DST-A1-06,2024-11-18,2.95,21.05,5.52
PHC-DST-A1-06,2024-11-19,2.83,21.17,5.29
PHC-DST-A1-06,2024-11-20,4.52,19.48,8.45
PHC-DST-A1-06,2024-11-21,2.77,21.23,5.18
PHC-DST-A1-06,2024-11-22,4.21,19.79,7.87
PHC-DST-A1-06,2024-11-23,5.01,18.99,9.37
PHC-DST-A1-06,2024-11-24,5.01,18.99,9.37
PHC-DST-A1-06,2024-11-25,4.35,19.65,8.13
PHC-DST-A1-06,2024-11-26,4.33,19.67,8.1
PHC-DST-A1-06,2024-11-27,5.49,18.51,10.27
PHC-DST-A1-06,2024-11-28,2.05,21.95,3.83
PHC-DST-A1-06,2024-11-29,3.45,20.55,6.45
PHC-DST-A1-06,2024-11-30,4.44,19.56,8.3
PHC-DST-A1-06,2024-12-01,3.55,20.45,6.64
PHC-DST-A1-06,2024-12-02,4.73,19.27,8.85
PHC-DST-A1-06,2024-12-03,3.77,20.23,7.05
PHC-DST-A1-06,2024-12-04,3.9,20.1,7.29
PHC-DST-A1-06,2024-12-05,3.59,20.41,6.71
PHC-DST-A1-06,2024-12-06,3.41,20.59,6.38
PHC-DST-A1-06,2024-12-07,3.39,20.61,6.34
PHC-DST-A1-06,2024-12-08,4.0,20.0,7.48
PHC-DST-A1-06,2024-12-09,3.22,20.78,6.02
PHC-DST-A1-06,2024-12-10,4.51,19.49,8.43
PHC-DST-A1-06,2024-12-11,4.29,19.71,8.02
PHC-DST-A1-06,2024-12-12,4.62,19.38,8.64
PHC-DST-A1-06,2024-12-13,2.95,21.05,5.52
PHC-DST-A1-06,2024-12-14,2.53,21.47,4.73
PHC-DST-A1-06,2024-12-15,3.8,20.2,7.11
PHC-DST-A1-06,2024-12-16,5.97,18.03,11.16
PHC-DST-A1-06,2024-12-17,4.75,19.25,8.88
PHC-DST-A1-06,2024-12-18,3.38,20.62,6.32
PHC-DST-A1-06,2024-12-19,4.12,19.88,7.7
PHC-DST-A1-06,2024-12-20,,19.65,8.13
PHC-DST-A1-06,2024-12-21,2.77,21.23,5.18
PHC-DST-A1-06,2024-12-22,4.83,19.17,9.03
PHC-DST-A1-06,2024-12-23,3.67,20.33,6.86
PHC-DST-A1-06,2024-12-24,3.73,20.27,6.98
PHC-DST-A1-06,2024-12-25,3.82,20.18,7.14
PHC-DST-A1-06,2024-12-26,4.66,19.34,8.71
PHC-DST-A1-06,2024-12-27,3.23,20.77,6.04
PHC-DST-A1-06,2024-12-28,2.52,21.48,4.71
PHC-DST-A1-06,2024-12-29,4.04,19.96,7.55
PHC-DST-A1-06,2024-12-30,2.27,21.73,4.24
PHC-DST-A1-06,2024-12-31,3.57,20.43,6.68
PHC-DST-A1-06,2025-01-01,4.69,19.31,8.77
PHC-DST-A1-06,2025-01-02,4.23,19.77,7.91
PHC-DST-A1-06,2025-01-03,4.58,19.42,8.56
PHC-DST-A1-06,2025-01-04,4.27,19.73,7.98
PHC-DST-A1-06,2025-01-05,5.61,18.39,10.49
PHC-DST-A1-06,2025-01-06,3.36,20.64,6.28
PHC-DST-A1-06,2025-01-07,,19.9,7.67
PHC-DST-A1-06,2025-01-08,3.47,20.53,6.49
PHC-DST-A1-06,2025-01-09,,19.48,8.45
PHC-DST-A1-06,2025-01-10,3.75,20.25,7.01
PHC-DST-A1-06,2025-01-11,5.09,18.91,9.52
PHC-DST-A1-06,2025-01-12,3.4,20.6,6.36
PHC-DST-A1-06,2025-01-13,4.86,19.14,9.09
PHC-DST-A1-06,2025-01-14,4.24,19.76,7.93
PHC-DST-A1-06,2025-01-15,3.78,20.22,7.07
PHC-DST-A1-06,2025-01-16,4.21,19.79,7.87
PHC-DST-A1-06,2025-01-17,4.0,20.0,7.48
PHC-DST-A1-06,2025-01-18,4.07,19.93,7.61
PHC-DST-A1-06,2025-01-19,3.64,20.36,6.81
PHC-DST-A1-06,2025-01-20,3.27,20.73,6.11
PHC-DST-A1-06,2025-01-21,3.55,20.45,6.64
PHC-DST-A1-06,2025-01-22,2.54,21.46,4.75
PHC-DST-A1-06,2025-01-23,4.43,19.57,8.28
PHC-DST-A1-06,2025-01-24,2.87,21.13,5.37
PHC-DST-A1-06,2025-01-25,3.64,20.36,6.81
PHC-DST-A1-06,2025-01-26,4.29,,8.02
PHC-DST-A1-06,2025-01-27,4.43,19.57,8.28
PHC-DST-A1-06,2025-01-28,2.47,21.53,4.62
PHC-DST-A1-06,2025-01-29,3.73,20.27,6.98
PHC-DST-A1-06,2025-01-30,4.14,19.86,7.74
PHC-DST-A1-06,2025-01-31,3.84,20.16,7.18
PHC-DST-A1-06,2025-02-01,,19.19,8.99
PHC-DST-A1-06,2025-02-02,3.18,20.82,5.95
PHC-DST-A1-06,2025-02-03,2.26,21.74,4.23
PHC-DST-A1-06,2025-02-04,4.41,19.59,8.25
PHC-DST-A1-06,2025-02-05,3.4,20.6,6.36
PHC-DST-A1-06,2025-02-06,2.48,21.52,4.64
PHC-DST-A1-06,2025-02-07,3.68,20.32,6.88
PHC-DST-A1-06,2025-02-08,4.72,19.28,8.83
PHC-DST-A1-06,2025-02-09,2.85,21.15,5.33
PHC-DST-A1-06,2025-02-10,5.55,18.45,10.38
PHC-DST-A1-06,2025-02-11,3.17,20.83,5.93
PHC-DST-A1-06,2025-02-12,3.87,20.13,7.24
PHC-DST-A1-06,2025-02-13,2.89,21.11,5.4
PHC-DST-A1-06,2025-02-14,3.83,20.17,7.16
PHC-DST-A1-06,2025-02-15,3.7,20.3,6.92
PHC-DST-A1-06,2025-02-16,2.68,21.32,5.01
PHC-DST-A1-06,2025-02-17,5.92,18.08,11.07
PHC-DST-A1-06,2025-02-18,3.43,20.57,6.41
PHC-DST-A1-06,2025-02-19,3.43,20.57,6.41
PHC-DST-A1-06,2025-02-20,4.53,19.47,8.47
PHC-DST-A1-06,2025-02-21,5.16,18.84,9.65
PHC-DST-A1-06,2025-02-22,4.64,19.36,8.68
PHC-DST-A1-06,2025-02-23,2.9,21.1,5.42
PHC-DST-A1-06,2025-02-24,3.96,20.04,7.41
PHC-DST-A1-06,2025-02-25,2.39,21.61,4.47
PHC-DST-A1-06,2025-02-26,4.48,19.52,8.38
PHC-DST-A1-06,2025-02-27,2.57,21.43,4.81
PHC-DST-A1-06,2025-02-28,3.2,20.8,5.98
PHC-DST-A1-06,2025-03-01,3.8,20.2,7.11
PHC-DST-A1-06,2025-03-02,4.13,19.87,7.72
PHC-DST-A1-06,2025-03-03,3.6,20.4,6.73
PHC-DST-A1-06,2025-03-04,4.94,19.06,9.24
PHC-DST-A1-06,2025-03-05,4.34,19.66,8.12
PHC-DST-A1-06,2025-03-06,4.28,19.72,8.0
PHC-DST-A1-06,2025-03-07,2.88,21.12,5.39
PHC-DST-A1-06,2025-03-08,5.07,18.93,9.48
PHC-DST-A1-06,2025-03-09,3.2,20.8,5.98
PHC-DST-A1-06,2025-03-10,5.1,18.9,9.54
PHC-DST-A1-06,2025-03-11,5.32,18.68,9.95
PHC-DST-A1-06,2025-03-12,4.18,19.82,7.82
PHC-DST-A1-06,2025-03-13,4.57,19.43,8.55
PHC-DST-A1-06,2025-03-14,,22.51,2.79
PHC-DST-A1-06,2025-03-15,3.65,20.35,6.83
PHC-DST-A1-06,2025-03-16,4.63,19.37,8.66
PHC-DST-A1-06,2025-03-17,4.49,19.51,8.4
PHC-DST-A1-06,2025-03-18,2.89,21.11,5.4
PHC-DST-A1-06,2025-03-19,3.58,20.42,6.69
PHC-DST-A1-06,2025-03-20,1.9,22.1,3.55
PHC-DST-A1-06,2025-03-21,4.11,19.89,7.69
PHC-DST-A1-06,2025-03-22,2.39,21.61,4.47
PHC-DST-A1-06,2025-03-23,4.65,19.35,8.7
PHC-DST-A1-06,2025-03-24,,19.31,8.77
PHC-DST-A1-06,2025-03-25,3.44,20.56,6.43
PHC-DST-A1-06,2025-03-26,4.19,19.81,7.84
PHC-DST-A1-06,2025-03-27,3.64,20.36,6.81
PHC-DST-A1-06,2025-03-28,3.98,20.02,7.44
PHC-DST-A1-06,2025-03-29,2.94,21.06,5.5
PHC-DST-A1-06,2025-03-30,4.27,19.73,7.98
PHC-DST-A1-06,2025-03-31,2.57,21.43,4.81
PHC-DST-A1-06,2025-04-01,2.43,21.57,4.54
PHC-DST-A1-06,2025-04-02,3.71,20.29,6.94
PHC-DST-A1-06,2025-04-03,3.64,20.36,6.81
PHC-DST-A1-06,2025-04-04,,,7.48
PHC-DST-A1-06,2025-04-05,3.31,20.69,6.19
PHC-DST-A1-06,2025-04-06,5.21,18.79,9.74
PHC-DST-A1-06,2025-04-07,3.92,20.08,7.33
PHC-DST-A1-06,2025-04-08,3.97,20.03,7.42
PHC-DST-A1-06,2025-04-09,3.95,20.05,7.39
PHC-DST-A1-06,2025-04-10,4.55,19.45,8.51
PHC-DST-A1-06,2025-04-11,4.23,19.77,7.91
PHC-DST-A1-06,2025-04-12,4.13,19.87,7.72
PHC-DST-A1-06,2025-04-13,4.35,19.65,8.13
PHC-DST-A1-06,2025-04-14,2.43,21.57,4.54
PHC-DST-A1-06,2025-04-15,2.46,21.54,4.6
PHC-DST-A1-06,2025-04-16,3.74,20.26,6.99
PHC-DST-A1-06,2025-04-17,3.65,20.35,6.83
PHC-DST-A1-06,2025-04-18,4.23,19.77,7.91
PHC-DST-A1-06,2025-04-19,3.82,20.18,7.14
PHC-DST-A1-06,2025-04-20,4.24,19.76,7.93
PHC-DST-A1-06,2025-04-21,2.87,21.13,5.37
PHC-DST-A1-06,2025-04-22,,20.21,7.09
PHC-DST-A1-06,2025-04-23,2.79,21.21,5.22
PHC-DST-A1-06,2025-04-24,4.09,19.91,7.65
PHC-DST-A1-06,2025-04-25,2.39,21.61,4.47
PHC-DST-A1-06,2025-04-26,4.06,19.94,7.59
PHC-DST-A1-06,2025-04-27,2.7,21.3,5.05
PHC-DST-A1-06,2025-04-28,3.51,20.49,6.56
PHC-DST-A1-06,2025-04-29,4.47,19.53,8.36
PHC-DST-A1-06,2025-04-30,3.97,20.03,7.42
PHC-DST-A1-06,2025-05-01,2.57,21.43,4.81
PHC-DST-A1-06,2025-05-02,3.3,20.7,6.17
PHC-DST-A1-06,2025-05-03,2.67,21.33,4.99
PHC-DST-A1-06,2025-05-04,2.53,21.47,4.73
PHC-DST-A1-06,2025-05-05,3.89,20.11,7.27
PHC-DST-A1-06,2025-05-06,4.22,19.78,7.89
PHC-DST-A1-06,2025-05-07,4.13,19.87,7.72
PHC-DST-A1-06,2025-05-08,4.25,19.75,7.95
PHC-DST-A1-06,2025-05-09,3.79,20.21,7.09
PHC-DST-A1-06,2025-05-10,3.59,20.41,6.71
PHC-DST-A1-06,2025-05-11,3.0,21.0,5.61
PHC-DST-A1-06,2025-05-12,3.47,20.53,6.49
PHC-DST-A1-06,2025-05-13,2.81,21.19,5.25
PHC-DST-A1-06,2025-05-14,3.17,20.83,5.93
PHC-DST-A1-06,2025-05-15,3.87,,7.24
PHC-DST-A1-06,2025-05-16,3.71,20.29,6.94
PHC-DST-A1-06,2025-05-17,6.1,17.9,11.41
PHC-DST-A1-06,2025-05-18,2.79,21.21,5.22
PHC-DST-A1-06,2025-05-19,3.71,20.29,6.94
PHC-DST-A1-06,2025-05-20,2.73,21.27,5.11
PHC-DST-A1-06,2025-05-21,3.51,20.49,6.56
PHC-DST-A1-06,2025-05-22,3.54,20.46,6.62
PHC-DST-A1-06,2025-05-23,4.43,19.57,8.28
PHC-DST-A1-06,2025-05-24,3.46,20.54,6.47
PHC-DST-A1-06,2025-05-25,3.66,20.34,6.84
PHC-DST-A1-06,2025-05-26,3.48,20.52,6.51
PHC-DST-A1-06,2025-05-27,2.75,21.25,5.14
PHC-DST-A1-06,2025-05-28,3.31,20.69,6.19
PHC-DST-A1-06,2025-05-29,3.51,20.49,6.56
PHC-DST-A1-06,2025-05-30,3.86,20.14,7.22
PHC-DST-A1-06,2025-05-31,4.22,19.78,7.89
PHC-DST-A1-06,2025-06-01,3.62,20.38,6.77
PHC-DST-A1-06,2025-06-02,3.61,20.39,6.75
PHC-DST-A1-06,2025-06-03,2.51,21.49,4.69
PHC-DST-A1-06,2025-06-04,4.2,19.8,7.85
PHC-DST-A1-06,2025-06-05,3.28,20.72,6.13
PHC-DST-A1-06,2025-06-06,4.36,19.64,8.15
PHC-DST-A1-06,2025-06-07,4.79,19.21,8.96
PHC-DST-A1-06,2025-06-08,3.66,20.34,6.84
PHC-DST-A1-06,2025-06-09,3.03,20.97,5.67
PHC-DST-A1-06,2025-06-10,3.79,20.21,7.09
PHC-DST-A1-06,2025-06-11,4.06,19.94,7.59
PHC-DST-A1-06,2025-06-12,3.56,20.44,6.66
PHC-DST-A1-06,2025-06-13,3.38,20.62,6.32
PHC-DST-A1-06,2025-06-14,4.22,19.78,7.89
PHC-DST-A1-06,2025-06-15,4.17,,7.8
PHC-DST-A1-06,2025-06-16,3.54,20.46,6.62
PHC-DST-A1-06,2025-06-17,2.56,21.44,4.79
PHC-DST-A1-06,2025-06-18,4.14,19.86,7.74
PHC-DST-A1-06,2025-06-19,3.22,20.78,6.02
PHC-DST-A1-06,2025-06-20,3.96,20.04,7.41
PHC-DST-A1-06,2025-06-21,3.91,20.09,7.31
PHC-DST-A1-06,2025-06-22,2.38,21.62,4.45
PHC-DST-A1-06,2025-06-23,3.86,20.14,7.22
PHC-DST-A1-06,2025-06-24,4.19,19.81,7.84
PHC-DST-A1-06,2025-06-25,4.28,19.72,8.0
PHC-DST-A1-06,2025-06-26,3.89,20.11,7.27
PHC-DST-A1-06,2025-06-27,2.32,21.68,4.34
PHC-DST-A1-06,2025-06-28,4.76,19.24,8.9
PHC-DST-A1-06,2025-06-29,4.11,19.89,7.69
PHC-DST-A1-06,2025-06-30,2.9,21.1,5.42
PHC-DST-A2-01,2024-01-01,1.21,22.79,2.66
PHC-DST-A2-01,2024-01-02,1.97,22.03,4.33
PHC-DST-A2-01,2024-01-03,2.31,21.69,5.08
PHC-DST-A2-01,2024-01-04,1.43,22.57,3.15
PHC-DST-A2-01,2024-01-05,2.42,21.58,5.32
PHC-DST-A2-01,2024-01-06,0.46,23.54,1.01
PHC-DST-A2-01,2024-01-07,1.02,22.98,2.24
PHC-DST-A2-01,2024-01-08,0.25,23.75,0.55
PHC-DST-A2-01,2024-01-09,1.13,22.87,2.49
PHC-DST-A2-01,2024-01-10,2.93,21.07,6.45
PHC-DST-A2-01,2024-01-11,3.34,20.66,7.35
PHC-DST-A2-01,2024-01-12,1.98,22.02,4.36
PHC-DST-A2-01,2024-01-13,1.32,22.68,2.9
PHC-DST-A2-01,2024-01-14,1.63,22.37,3.59
PHC-DST-A2-01,2024-01-15,2.16,21.84,4.75
PHC-DST-A2-01,2024-01-16,0.63,23.37,1.39
PHC-DST-A2-01,2024-01-17,1.37,22.63,3.01
PHC-DST-A2-01,2024-01-18,2.88,21.12,6.34
PHC-DST-A2-01,2024-01-19,1.02,22.98,2.24
PHC-DST-A2-01,2024-01-20,1.24,22.76,2.73
PHC-DST-A2-01,2024-01-21,1.81,22.19,3.98
PHC-DST-A2-01,2024-01-22,2.01,21.99,4.42
PHC-DST-A2-01,2024-01-23,1.33,22.67,2.93
PHC-DST-A2-01,2024-01-24,1.86,22.14,4.09
PHC-DST-A2-01,2024-01-25,2.26,21.74,4.97
PHC-DST-A2-01,2024-01-26,3.27,20.73,7.19
PHC-DST-A2-01,2024-01-27,1.71,22.29,3.76
PHC-DST-A2-01,2024-01-28,1.77,22.23,3.89
PHC-DST-A2-01,2024-01-29,2.95,21.05,6.49
PHC-DST-A2-01,2024-01-30,1.39,22.61,3.06
PHC-DST-A2-01,2024-01-31,0.81,23.19,1.78
PHC-DST-A2-01,2024-02-01,1.99,22.01,4.38
PHC-DST-A2-01,2024-02-02,2.61,21.39,5.74
PHC-DST-A2-01,2024-02-03,2.07,21.93,4.55
PHC-DST-A2-01,2024-02-04,1.73,22.27,3.81
PHC-DST-A2-01,2024-02-05,0.71,23.29,1.56
PHC-DST-A2-01,2024-02-06,1.76,22.24,3.87
PHC-DST-A2-01,2024-02-07,2.72,21.28,5.98
PHC-DST-A2-01,2024-02-08,0.87,23.13,1.91
PHC-DST-A2-01,2024-02-09,1.62,22.38,3.56
PHC-DST-A2-01,2024-02-10,1.51,22.49,3.32
PHC-DST-A2-01,2024-02-11,1.28,22.72,2.82
PHC-DST-A2-01,2024-02-12,1.99,22.01,4.38
PHC-DST-A2-01,2024-02-13,2.13,21.87,4.69
PHC-DST-A2-01,2024-02-14,2.12,21.88,4.66
PHC-DST-A2-01,2024-02-15,1.07,22.93,2.35
PHC-DST-A2-01,2024-02-16,0.57,23.43,1.25
PHC-DST-A2-01,2024-02-17,2.0,22.0,4.4
PHC-DST-A2-01,2024-02-18,1.42,22.58,3.12
PHC-DST-A2-01,2024-02-19,,20.82,7.0
PHC-DST-A2-01,2024-02-20,3.21,20.79,7.06
PHC-DST-A2-01,2024-02-21,3.29,20.71,7.24
PHC-DST-A2-01,2024-02-22,1.09,22.91,2.4
PHC-DST-A2-01,2024-02-23,2.23,21.77,4.91
PHC-DST-A2-01,2024-02-24,2.45,21.55,5.39
PHC-DST-A2-01,2024-02-25,2.37,21.63,5.21
PHC-DST-A2-01,2024-02-26,1.53,22.47,3.37
PHC-DST-A2-01,2024-02-27,2.76,21.24,6.07
PHC-DST-A2-01,2024-02-28,1.8,22.2,3.96
PHC-DST-A2-01,2024-02-29,1.9,22.1,4.18
PHC-DST-A2-01,2024-03-01,0.65,23.35,1.43
PHC-DST-A2-01,2024-03-02,2.28,21.72,5.02
PHC-DST-A2-01,2024-03-03,1.6,22.4,3.52
PHC-DST-A2-01,2024-03-04,2.15,21.85,4.73
PHC-DST-A2-01,2024-03-05,1.98,22.02,4.36
PHC-DST-A2-01,2024-03-06,1.94,22.06,4.27
PHC-DST-A2-01,2024-03-07,1.77,22.23,3.89
PHC-DST-A2-01,2024-03-08,2.39,21.61,5.26
PHC-DST-A2-01,2024-03-09,1.65,22.35,3.63
PHC-DST-A2-01,2024-03-10,0.71,23.29,1.56
PHC-DST-A2-01,2024-03-11,2.23,21.77,4.91
PHC-DST-A2-01,2024-03-12,1.19,22.81,2.62
PHC-DST-A2-01,2024-03-13,0.81,23.19,1.78
PHC-DST-A2-01,2024-03-14,1.03,22.97,2.27
PHC-DST-A2-01,2024-03-15,2.01,21.99,4.42
PHC-DST-A2-01,2024-03-16,1.73,22.27,3.81
PHC-DST-A2-01,2024-03-17,0.2,23.8,0.44
PHC-DST-A2-01,2024-03-18,1.51,22.49,3.32
PHC-DST-A2-01,2024-03-19,2.68,21.32,5.9
PHC-DST-A2-01,2024-03-20,1.46,22.54,3.21
PHC-DST-A2-01,2024-03-21,1.68,22.32,3.7
PHC-DST-A2-01,2024-03-22,2.58,21.42,5.68
PHC-DST-A2-01,2024-03-23,2.4,21.6,5.28
PHC-DST-A2-01,2024-03-24,2.57,21.43,5.65
PHC-DST-A2-01,2024-03-25,0.0,24.0,0.0
PHC-DST-A2-01,2024-03-26,3.1,20.9,6.82
PHC-DST-A2-01,2024-03-27,2.28,21.72,5.02
PHC-DST-A2-01,2024-03-28,3.65,20.35,8.03
PHC-DST-A2-01,2024-03-29,1.21,22.79,2.66
PHC-DST-A2-01,2024-03-30,0.48,23.52,1.06
PHC-DST-A2-01,2024-03-31,1.81,22.19,3.98
PHC-DST-A2-01,2024-04-01,1.59,22.41,3.5
PHC-DST-A2-01,2024-04-02,2.29,21.71,5.04
PHC-DST-A2-01,2024-04-03,2.61,21.39,5.74
PHC-DST-A2-01,2024-04-04,1.73,22.27,3.81
PHC-DST-A2-01,2024-04-05,1.62,22.38,3.56
PHC-DST-A2-01,2024-04-06,2.19,21.81,4.82
PHC-DST-A2-01,2024-04-07,1.61,22.39,3.54
PHC-DST-A2-01,2024-04-08,1.55,22.45,3.41
PHC-DST-A2-01,2024-04-09,2.58,21.42,5.68
PHC-DST-A2-01,2024-04-10,2.74,21.26,6.03
PHC-DST-A2-01,2024-04-11,2.61,21.39,5.74
PHC-DST-A2-01,2024-04-12,1.67,22.33,3.67
PHC-DST-A2-01,2024-04-13,0.2,23.8,0.44
PHC-DST-A2-01,2024-04-14,1.69,22.31,3.72
PHC-DST-A2-01,2024-04-15,1.23,22.77,2.71
PHC-DST-A2-01,2024-04-16,1.7,22.3,3.74
PHC-DST-A2-01,2024-04-17,1.3,22.7,2.86
PHC-DST-A2-01,2024-04-18,1.78,22.22,3.92
PHC-DST-A2-01,2024-04-19,1.02,22.98,2.24
PHC-DST-A2-01,2024-04-20,0.84,23.16,1.85
PHC-DST-A2-01,2024-04-21,2.72,21.28,5.98
PHC-DST-A2-01,2024-04-22,1.07,22.93,2.35
PHC-DST-A2-01,2024-04-23,1.8,22.2,3.96
PHC-DST-A2-01,2024-04-24,2.52,21.48,5.54
PHC-DST-A2-01,2024-04-25,2.49,21.51,5.48
PHC-DST-A2-01,2024-04-26,2.4,21.6,5.28
PHC-DST-A2-01,2024-04-27,2.03,21.97,4.47
PHC-DST-A2-01,2024-04-28,2.34,21.66,5.15
PHC-DST-A2-01,2024-04-29,2.83,21.17,6.23
PHC-DST-A2-01,2024-04-30,2.12,21.88,4.66
PHC-DST-A2-01,2024-05-01,0.42,23.58,0.92
PHC-DST-A2-01,2024-05-02,1.4,22.6,3.08
PHC-DST-A2-01,2024-05-03,2.32,21.68,5.1
PHC-DST-A2-01,2024-05-04,1.33,22.67,2.93
PHC-DST-A2-01,2024-05-05,3.02,20.98,6.64
PHC-DST-A2-01,2024-05-06,1.75,22.25,3.85
PHC-DST-A2-01,2024-05-07,1.86,22.14,4.09
PHC-DST-A2-01,2024-05-08,2.64,21.36,5.81
PHC-DST-A2-01,2024-05-09,1.66,22.34,3.65
PHC-DST-A2-01,2024-05-10,1.93,22.07,4.25
PHC-DST-A2-01,2024-05-11,2.47,21.53,5.43
PHC-DST-A2-01,2024-05-12,0.7,23.3,1.54
PHC-DST-A2-01,2024-05-13,1.59,22.41,3.5
PHC-DST-A2-01,2024-05-14,2.42,21.58,5.32
PHC-DST-A2-01,2024-05-15,1.85,22.15,4.07
PHC-DST-A2-01,2024-05-16,2.9,21.1,6.38
PHC-DST-A2-01,2024-05-17,0.62,23.38,1.36
PHC-DST-A2-01,2024-05-18,0.53,23.47,1.17
PHC-DST-A2-01,2024-05-19,2.38,21.62,5.24
PHC-DST-A2-01,2024-05-20,2.45,21.55,5.39
PHC-DST-A2-01,2024-05-21,1.66,22.34,3.65
PHC-DST-A2-01,2024-05-22,2.1,21.9,4.62
PHC-DST-A2-01,2024-05-23,2.36,21.64,5.19
PHC-DST-A2-01,2024-05-24,1.19,22.81,2.62
PHC-DST-A2-01,2024-05-25,1.27,22.73,2.79
PHC-DST-A2-01,2024-05-26,1.94,22.06,4.27
PHC-DST-A2-01,2024-05-27,2.48,21.52,5.46
PHC-DST-A2-01,2024-05-28,0.93,23.07,2.05
PHC-DST-A2-01,2024-05-29,1.65,22.35,3.63
PHC-DST-A2-01,2024-05-30,1.62,22.38,3.56
PHC-DST-A2-01,2024-05-31,2.11,21.89,4.64
PHC-DST-A2-01,2024-06-01,1.79,22.21,3.94
PHC-DST-A2-01,2024-06-02,1.39,22.61,3.06
PHC-DST-A2-01,2024-06-03,2.74,21.26,6.03
PHC-DST-A2-01,2024-06-04,1.4,22.6,3.08
PHC-DST-A2-01,2024-06-05,1.58,22.42,3.48
PHC-DST-A2-01,2024-06-06,0.61,23.39,1.34
PHC-DST-A2-01,2024-06-07,1.26,22.74,2.77
PHC-DST-A2-01,2024-06-08,2.19,21.81,4.82
PHC-DST-A2-01,2024-06-09,2.04,21.96,4.49
PHC-DST-A2-01,2024-06-10,2.25,21.75,4.95
PHC-DST-A2-01,2024-06-11,2.21,21.79,4.86
PHC-DST-A2-01,2024-06-12,3.37,20.63,7.41
PHC-DST-A2-01,2024-06-13,1.24,22.76,2.73
PHC-DST-A2-01,2024-06-14,0.59,23.41,1.3
PHC-DST-A2-01,2024-06-15,1.01,22.99,2.22
PHC-DST-A2-01,2024-06-16,1.27,22.73,2.79
PHC-DST-A2-01,2024-06-17,1.07,22.93,2.35
PHC-DST-A2-01,2024-06-18,1.87,22.13,4.11
PHC-DST-A2-01,2024-06-19,2.74,21.26,6.03
PHC-DST-A2-01,2024-06-20,2.95,21.05,6.49
PHC-DST-A2-01,2024-06-21,2.18,21.82,4.8
PHC-DST-A2-01,2024-06-22,3.41,20.59,7.5
PHC-DST-A2-01,2024-06-23,1.53,22.47,3.37
PHC-DST-A2-01,2024-06-24,0.58,23.42,1.28
PHC-DST-A2-01,2024-06-25,2.59,21.41,5.7
PHC-DST-A2-01,2024-06-26,0.42,23.58,0.92
PHC-DST-A2-01,2024-06-27,1.23,22.77,2.71
PHC-DST-A2-01,2024-06-28,2.19,21.81,4.82
PHC-DST-A2-01,2024-06-29,1.72,22.28,3.78
PHC-DST-A2-01,2024-06-30,1.66,22.34,3.65
PHC-DST-A2-01,2024-07-01,0.91,23.09,2.0
PHC-DST-A2-01,2024-07-02,1.79,22.21,3.94
PHC-DST-A2-01,2024-07-03,2.55,21.45,5.61
PHC-DST-A2-01,2024-07-04,1.81,22.19,3.98
PHC-DST-A2-01,2024-07-05,6.33,17.67,13.93
PHC-DST-A2-01,2024-07-06,4.81,19.19,10.58
PHC-DST-A2-01,2024-07-07,2.06,21.94,4.53
PHC-DST-A2-01,2024-07-08,1.2,22.8,2.64
PHC-DST-A2-01,2024-07-09,0.14,23.86,0.31
PHC-DST-A2-01,2024-07-10,2.12,21.88,4.66
PHC-DST-A2-01,2024-07-11,6.96,17.04,15.31
PHC-DST-A2-01,2024-07-12,1.23,22.77,2.71
PHC-DST-A2-01,2024-07-13,1.06,22.94,2.33
PHC-DST-A2-01,2024-07-14,7.85,16.15,17.27
PHC-DST-A2-01,2024-07-15,2.36,21.64,5.19
PHC-DST-A2-01,2024-07-16,1.9,22.1,4.18
PHC-DST-A2-01,2024-07-17,2.07,21.93,4.55
PHC-DST-A2-01,2024-07-18,5.17,,11.37
PHC-DST-A2-01,2024-07-19,0.0,24.0,0.0
PHC-DST-A2-01,2024-07-20,3.1,20.9,6.82
PHC-DST-A2-01,2024-07-21,7.56,16.44,16.63
PHC-DST-A2-01,2024-07-22,1.9,22.1,4.18
PHC-DST-A2-01,2024-07-23,0.64,23.36,1.41
PHC-DST-A2-01,2024-07-24,1.64,22.36,3.61
PHC-DST-A2-01,2024-07-25,3.14,20.86,6.91
PHC-DST-A2-01,2024-07-26,1.9,22.1,4.18
PHC-DST-A2-01,2024-07-27,1.38,22.62,3.04
PHC-DST-A2-01,2024-07-28,0.48,23.52,1.06
PHC-DST-A2-01,2024-07-29,2.84,21.16,6.25
PHC-DST-A2-01,2024-07-30,1.75,22.25,3.85
PHC-DST-A2-01,2024-07-31,4.43,19.57,9.75
PHC-DST-A2-01,2024-08-01,5.5,18.5,12.1
PHC-DST-A2-01,2024-08-02,1.96,22.04,4.31
PHC-DST-A2-01,2024-08-03,7.84,16.16,17.25
PHC-DST-A2-01,2024-08-04,5.12,18.88,11.26
PHC-DST-A2-01,2024-08-05,1.53,22.47,3.37
PHC-DST-A2-01,2024-08-06,4.08,19.92,8.98
PHC-DST-A2-01,2024-08-07,1.38,22.62,3.04
PHC-DST-A2-01,2024-08-08,1.12,22.88,2.46
PHC-DST-A2-01,2024-08-09,1.03,22.97,2.27
PHC-DST-A2-01,2024-08-10,1.64,22.36,3.61
PHC-DST-A2-01,2024-08-11,7.94,16.06,17.47
PHC-DST-A2-01,2024-08-12,0.37,23.63,0.81
PHC-DST-A2-01,2024-08-13,1.92,22.08,4.22
PHC-DST-A2-01,2024-08-14,6.95,17.05,15.29
PHC-DST-A2-01,2024-08-15,8.0,16.0,17.6
PHC-DST-A2-01,2024-08-16,0.99,23.01,2.18
PHC-DST-A2-01,2024-08-17,10.11,13.89,22.24
PHC-DST-A2-01,2024-08-18,1.15,22.85,2.53
PHC-DST-A2-01,2024-08-19,7.52,16.48,16.54
PHC-DST-A2-01,2024-08-20,1.43,22.57,3.15
PHC-DST-A2-01,2024-08-21,3.49,20.51,7.68
PHC-DST-A2-01,2024-08-22,12.66,11.34,27.85
PHC-DST-A2-01,2024-08-23,1.52,22.48,3.34
PHC-DST-A2-01,2024-08-24,1.2,22.8,2.64
PHC-DST-A2-01,2024-08-25,2.4,21.6,5.28
PHC-DST-A2-01,2024-08-26,0.57,23.43,1.25
PHC-DST-A2-01,2024-08-27,0.79,23.21,1.74
PHC-DST-A2-01,2024-08-28,14.86,9.14,32.69
PHC-DST-A2-01,2024-08-29,2.72,21.28,5.98
PHC-DST-A2-01,2024-08-30,8.15,15.85,17.93
PHC-DST-A2-01,2024-08-31,1.74,22.26,3.83
PHC-DST-A2-01,2024-09-01,2.4,21.6,5.28
PHC-DST-A2-01,2024-09-02,0.94,23.06,2.07
PHC-DST-A2-01,2024-09-03,0.42,23.58,0.92
PHC-DST-A2-01,2024-09-04,2.13,21.87,4.69
PHC-DST-A2-01,2024-09-05,1.05,,2.31
PHC-DST-A2-01,2024-09-06,5.28,18.72,11.62
PHC-DST-A2-01,2024-09-07,,14.39,21.14
PHC-DST-A2-01,2024-09-08,6.6,17.4,14.52
PHC-DST-A2-01,2024-09-09,1.47,22.53,3.23
PHC-DST-A2-01,2024-09-10,6.52,17.48,14.34
PHC-DST-A2-01,2024-09-11,8.49,15.51,18.68
PHC-DST-A2-01,2024-09-12,10.14,13.86,22.31
PHC-DST-A2-01,2024-09-13,7.46,16.54,16.41
PHC-DST-A2-01,2024-09-14,2.37,21.63,5.21
PHC-DST-A2-01,2024-09-15,6.45,17.55,14.19
PHC-DST-A2-01,2024-09-16,2.58,21.42,5.68
PHC-DST-A2-01,2024-09-17,2.75,21.25,6.05
PHC-DST-A2-01,2024-09-18,2.01,21.99,4.42
PHC-DST-A2-01,2024-09-19,1.71,22.29,3.76
PHC-DST-A2-01,2024-09-20,2.47,21.53,5.43
PHC-DST-A2-01,2024-09-21,1.12,22.88,2.46
PHC-DST-A2-01,2024-09-22,4.79,19.21,10.54
PHC-DST-A2-01,2024-09-23,0.49,23.51,1.08
PHC-DST-A2-01,2024-09-24,2.42,21.58,5.32
PHC-DST-A2-01,2024-09-25,4.63,19.37,10.19
PHC-DST-A2-01,2024-09-26,1.08,22.92,2.38
PHC-DST-A2-01,2024-09-27,6.41,17.59,14.1
PHC-DST-A2-01,2024-09-28,1.83,22.17,4.03
PHC-DST-A2-01,2024-09-29,1.54,22.46,3.39
PHC-DST-A2-01,2024-09-30,1.75,22.25,3.85
PHC-DST-A2-01,2024-10-01,1.76,22.24,3.87
PHC-DST-A2-01,2024-10-02,1.46,22.54,3.21
PHC-DST-A2-01,2024-10-03,1.22,22.78,2.68
PHC-DST-A2-01,2024-10-04,,21.39,5.74
PHC-DST-A2-01,2024-10-05,0.22,23.78,0.48
PHC-DST-A2-01,2024-10-06,1.65,22.35,3.63
PHC-DST-A2-01,2024-10-07,1.45,22.55,3.19
PHC-DST-A2-01,2024-10-08,2.11,21.89,4.64
PHC-DST-A2-01,2024-10-09,0.71,23.29,1.56
PHC-DST-A2-01,2024-10-10,1.43,22.57,3.15
PHC-DST-A2-01,2024-10-11,,22.28,3.78
PHC-DST-A2-01,2024-10-12,2.6,21.4,5.72
PHC-DST-A2-01,2024-10-13,2.05,21.95,4.51
PHC-DST-A2-01,2024-10-14,,23.09,2.0
PHC-DST-A2-01,2024-10-15,1.43,22.57,3.15
PHC-DST-A2-01,2024-10-16,2.46,21.54,5.41
PHC-DST-A2-01,2024-10-17,0.9,23.1,1.98
PHC-DST-A2-01,2024-10-18,1.74,22.26,3.83
PHC-DST-A2-01,2024-10-19,1.79,22.21,3.94
PHC-DST-A2-01,2024-10-20,1.51,22.49,3.32
PHC-DST-A2-01,2024-10-21,3.82,20.18,8.4
PHC-DST-A2-01,2024-10-22,1.49,22.51,3.28
PHC-DST-A2-01,2024-10-23,2.14,21.86,4.71
PHC-DST-A2-01,2024-10-24,1.23,22.77,2.71
PHC-DST-A2-01,2024-10-25,2.2,21.8,4.84
PHC-DST-A2-01,2024-10-26,2.45,21.55,5.39
PHC-DST-A2-01,2024-10-27,1.36,22.64,2.99
PHC-DST-A2-01,2024-10-28,1.76,22.24,3.87
PHC-DST-A2-01,2024-10-29,1.13,22.87,2.49
PHC-DST-A2-01,2024-10-30,0.94,23.06,2.07
PHC-DST-A2-01,2024-10-31,2.58,21.42,5.68
PHC-DST-A2-01,2024-11-01,1.38,22.62,3.04
PHC-DST-A2-01,2024-11-02,0.0,24.0,0.0
PHC-DST-A2-01,2024-11-03,3.12,20.88,6.86
PHC-DST-A2-01,2024-11-04,1.2,22.8,2.64
PHC-DST-A2-01,2024-11-05,1.62,22.38,3.56
PHC-DST-A2-01,2024-11-06,3.03,20.97,6.67
PHC-DST-A2-01,2024-11-07,1.69,22.31,3.72
PHC-DST-A2-01,2024-11-08,1.68,22.32,3.7
PHC-DST-A2-01,2024-11-09,0.88,23.12,1.94
PHC-DST-A2-01,2024-11-10,0.57,23.43,1.25
PHC-DST-A2-01,2024-11-11,1.68,22.32,3.7
PHC-DST-A2-01,2024-11-12,2.07,21.93,4.55
PHC-DST-A2-01,2024-11-13,2.03,21.97,4.47
PHC-DST-A2-01,2024-11-14,1.44,22.56,3.17
PHC-DST-A2-01,2024-11-15,1.82,22.18,4.0
PHC-DST-A2-01,2024-11-16,0.42,23.58,0.92
PHC-DST-A2-01,2024-11-17,2.15,21.85,4.73
PHC-DST-A2-01,2024-11-18,1.92,22.08,4.22
PHC-DST-A2-01,2024-11-19,3.28,20.72,7.22
PHC-DST-A2-01,2024-11-20,1.81,22.19,3.98
PHC-DST-A2-01,2024-11-21,1.09,22.91,2.4
PHC-DST-A2-01,2024-11-22,1.76,22.24,3.87
PHC-DST-A2-01,2024-11-23,1.55,22.45,3.41
PHC-DST-A2-01,2024-11-24,2.13,21.87,4.69
PHC-DST-A2-01,2024-11-25,1.82,22.18,4.0
PHC-DST-A2-01,2024-11-26,0.86,23.14,1.89
PHC-DST-A2-01,2024-11-27,0.57,23.43,1.25
PHC-DST-A2-01,2024-11-28,2.0,22.0,4.4
PHC-DST-A2-01,2024-11-29,2.84,21.16,6.25
PHC-DST-A2-01,2024-11-30,1.86,22.14,4.09
PHC-DST-A2-01,2024-12-01,2.41,21.59,5.3
PHC-DST-A2-01,2024-12-02,2.56,21.44,5.63
PHC-DST-A2-01,2024-12-03,2.0,22.0,4.4
PHC-DST-A2-01,2024-12-04,1.19,22.81,2.62
PHC-DST-A2-01,2024-12-05,1.95,22.05,4.29
PHC-DST-A2-01,2024-12-06,2.71,21.29,5.96
PHC-DST-A2-01,2024-12-07,2.2,21.8,4.84
PHC-DST-A2-01,2024-12-08,2.36,21.64,5.19
PHC-DST-A2-01,2024-12-09,1.45,22.55,3.19
PHC-DST-A2-01,2024-12-10,1.65,22.35,3.63
PHC-DST-A2-01,2024-12-11,1.71,22.29,3.76
PHC-DST-A2-01,2024-12-12,1.76,22.24,3.87
PHC-DST-A2-01,2024-12-13,2.68,21.32,5.9
PHC-DST-A2-01,2024-12-14,0.04,23.96,0.09
PHC-DST-A2-01,2024-12-15,1.82,22.18,4.0
PHC-DST-A2-01,2024-12-16,1.74,22.26,3.83
PHC-DST-A2-01,2024-12-17,0.77,23.23,1.69
PHC-DST-A2-01,2024-12-18,2.3,21.7,5.06
PHC-DST-A2-01,2024-12-19,1.26,22.74,2.77
PHC-DST-A2-01,2024-12-20,1.53,22.47,3.37
PHC-DST-A2-01,2024-12-21,3.19,20.81,7.02
PHC-DST-A2-01,2024-12-22,2.56,21.44,5.63
PHC-DST-A2-01,2024-12-23,2.23,21.77,4.91
PHC-DST-A2-01,2024-12-24,2.09,21.91,4.6
PHC-DST-A2-01,2024-12-25,1.68,22.32,3.7
PHC-DST-A2-01,2024-12-26,3.3,20.7,7.26
PHC-DST-A2-01,2024-12-27,2.4,21.6,5.28
PHC-DST-A2-01,2024-12-28,1.24,22.76,2.73
PHC-DST-A2-01,2024-12-29,0.75,23.25,1.65
PHC-DST-A2-01,2024-12-30,2.23,21.77,4.91
PHC-DST-A2-01,2024-12-31,1.76,22.24,3.87
PHC-DST-A2-01,2025-01-01,0.73,23.27,1.61
PHC-DST-A2-01,2025-01-02,2.12,21.88,4.66
PHC-DST-A2-01,2025-01-03,1.6,22.4,3.52
PHC-DST-A2-01,2025-01-04,2.2,21.8,4.84
PHC-DST-A2-01,2025-01-05,2.13,21.87,4.69
PHC-DST-A2-01,2025-01-06,1.34,22.66,2.95
PHC-DST-A2-01,2025-01-07,2.27,21.73,4.99
PHC-DST-A2-01,2025-01-08,1.43,22.57,3.15
PHC-DST-A2-01,2025-01-09,1.48,22.52,3.26
PHC-DST-A2-01,2025-01-10,1.4,22.6,3.08
PHC-DST-A2-01,2025-01-11,2.65,21.35,5.83
PHC-DST-A2-01,2025-01-12,1.59,22.41,3.5
PHC-DST-A2-01,2025-01-13,2.83,21.17,6.23
PHC-DST-A2-01,2025-01-14,3.14,20.86,6.91
PHC-DST-A2-01,2025-01-15,1.25,22.75,2.75
PHC-DST-A2-01,2025-01-16,,24.0,0.0
PHC-DST-A2-01,2025-01-17,,21.42,5.68
PHC-DST-A2-01,2025-01-18,1.54,22.46,3.39
PHC-DST-A2-01,2025-01-19,1.15,22.85,2.53
PHC-DST-A2-01,2025-01-20,1.36,22.64,2.99
PHC-DST-A2-01,2025-01-21,1.49,22.51,3.28
PHC-DST-A2-01,2025-01-22,2.77,21.23,6.09
PHC-DST-A2-01,2025-01-23,1.92,22.08,4.22
PHC-DST-A2-01,2025-01-24,2.76,21.24,6.07
PHC-DST-A2-01,2025-01-25,2.17,21.83,4.77
PHC-DST-A2-01,2025-01-26,1.57,,3.45
PHC-DST-A2-01,2025-01-27,1.51,22.49,3.32
PHC-DST-A2-01,2025-01-28,2.22,21.78,4.88
PHC-DST-A2-01,2025-01-29,2.42,21.58,5.32
PHC-DST-A2-01,2025-01-30,2.55,21.45,5.61
PHC-DST-A2-01,2025-01-31,1.6,22.4,3.52
PHC-DST-A2-01,2025-02-01,1.93,22.07,4.25
PHC-DST-A2-01,2025-02-02,2.24,21.76,4.93
PHC-DST-A2-01,2025-02-03,1.51,22.49,3.32
PHC-DST-A2-01,2025-02-04,0.95,23.05,2.09
PHC-DST-A2-01,2025-02-05,1.2,22.8,2.64
PHC-DST-A2-01,2025-02-06,1.62,,3.56
PHC-DST-A2-01,2025-02-07,2.3,21.7,5.06
PHC-DST-A2-01,2025-02-08,2.74,21.26,6.03
PHC-DST-A2-01,2025-02-09,0.78,23.22,1.72
PHC-DST-A2-01,2025-02-10,1.35,22.65,2.97
PHC-DST-A2-01,2025-02-11,1.53,22.47,3.37
PHC-DST-A2-01,2025-02-12,2.4,21.6,5.28
PHC-DST-A2-01,2025-02-13,1.4,22.6,3.08
PHC-DST-A2-01,2025-02-14,1.48,22.52,3.26
PHC-DST-A2-01,2025-02-15,0.74,23.26,1.63
PHC-DST-A2-01,2025-02-16,2.16,21.84,4.75
PHC-DST-A2-01,2025-02-17,1.68,22.32,3.7
PHC-DST-A2-01,2025-02-18,1.31,22.69,2.88
PHC-DST-A2-01,2025-02-19,1.61,22.39,3.54
PHC-DST-A2-01,2025-02-20,2.65,21.35,5.83
PHC-DST-A2-01,2025-02-21,1.05,22.95,2.31
PHC-DST-A2-01,2025-02-22,1.17,22.83,2.57
PHC-DST-A2-01,2025-02-23,2.74,21.26,6.03
PHC-DST-A2-01,2025-02-24,1.86,22.14,4.09
PHC-DST-A2-01,2025-02-25,2.3,21.7,5.06
PHC-DST-A2-01,2025-02-26,2.1,21.9,4.62
PHC-DST-A2-01,2025-02-27,1.77,22.23,3.89
PHC-DST-A2-01,2025-02-28,1.54,22.46,3.39
PHC-DST-A2-01,2025-03-01,2.42,21.58,5.32
PHC-DST-A2-01,2025-03-02,2.67,21.33,5.87
PHC-DST-A2-01,2025-03-03,2.61,21.39,5.74
PHC-DST-A2-01,2025-03-04,0.91,23.09,2.0
PHC-DST-A2-01,2025-03-05,2.78,21.22,6.12
PHC-DST-A2-01,2025-03-06,1.53,22.47,3.37
PHC-DST-A2-01,2025-03-07,1.23,22.77,2.71
PHC-DST-A2-01,2025-03-08,,22.33,3.67
PHC-DST-A2-01,2025-03-09,2.42,21.58,5.32
PHC-DST-A2-01,2025-03-10,2.21,21.79,4.86
PHC-DST-A2-01,2025-03-11,1.61,22.39,3.54
PHC-DST-A2-01,2025-03-12,2.43,21.57,5.35
PHC-DST-A2-01,2025-03-13,1.9,22.1,4.18
PHC-DST-A2-01,2025-03-14,1.37,22.63,3.01
PHC-DST-A2-01,2025-03-15,1.27,22.73,2.79
PHC-DST-A2-01,2025-03-16,2.11,21.89,4.64
PHC-DST-A2-01,2025-03-17,1.74,22.26,3.83
PHC-DST-A2-01,2025-03-18,0.77,23.23,1.69
PHC-DST-A2-01,2025-03-19,2.44,21.56,5.37
PHC-DST-A2-01,2025-03-20,1.44,22.56,3.17
PHC-DST-A2-01,2025-03-21,2.99,21.01,6.58
PHC-DST-A2-01,2025-03-22,0.75,23.25,1.65
PHC-DST-A2-01,2025-03-23,1.66,22.34,3.65
PHC-DST-A2-01,2025-03-24,1.28,22.72,2.82
PHC-DST-A2-01,2025-03-25,1.07,22.93,2.35
PHC-DST-A2-01,2025-03-26,1.43,22.57,3.15
PHC-DST-A2-01,2025-03-27,3.13,20.87,6.89
PHC-DST-A2-01,2025-03-28,1.91,22.09,4.2
PHC-DST-A2-01,2025-03-29,1.21,22.79,2.66
PHC-DST-A2-01,2025-03-30,0.43,23.57,0.95
PHC-DST-A2-01,2025-03-31,0.51,23.49,1.12
PHC-DST-A2-01,2025-04-01,1.4,22.6,3.08
PHC-DST-A2-01,2025-04-02,1.32,22.68,2.9
PHC-DST-A2-01,2025-04-03,1.63,22.37,3.59
PHC-DST-A2-01,2025-04-04,0.1,23.9,0.22
PHC-DST-A2-01,2025-04-05,1.73,22.27,3.81
PHC-DST-A2-01,2025-04-06,2.57,21.43,5.65
PHC-DST-A2-01,2025-04-07,3.02,20.98,6.64
PHC-DST-A2-01,2025-04-08,0.38,23.62,0.84
PHC-DST-A2-01,2025-04-09,1.2,22.8,2.64
PHC-DST-A2-01,2025-04-10,1.16,22.84,2.55
PHC-DST-A2-01,2025-04-11,1.91,22.09,4.2
PHC-DST-A2-01,2025-04-12,0.89,23.11,1.96
PHC-DST-A2-01,2025-04-13,3.06,20.94,6.73
PHC-DST-A2-01,2025-04-14,,22.17,4.03
PHC-DST-A2-01,2025-04-15,1.71,22.29,3.76
PHC-DST-A2-01,2025-04-16,2.99,21.01,6.58
PHC-DST-A2-01,2025-04-17,1.79,22.21,3.94
PHC-DST-A2-01,2025-04-18,2.1,21.9,4.62
PHC-DST-A2-01,2025-04-19,1.24,22.76,2.73
PHC-DST-A2-01,2025-04-20,0.77,23.23,1.69
PHC-DST-A2-01,2025-04-21,1.34,22.66,2.95
PHC-DST-A2-01,2025-04-22,3.44,20.56,7.57
PHC-DST-A2-01,2025-04-23,2.27,21.73,4.99
PHC-DST-A2-01,2025-04-24,2.01,21.99,4.42
PHC-DST-A2-01,2025-04-25,1.07,22.93,2.35
PHC-DST-A2-01,2025-04-26,2.48,21.52,5.46
PHC-DST-A2-01,2025-04-27,0.78,23.22,1.72
PHC-DST-A2-01,2025-04-28,0.62,23.38,1.36
PHC-DST-A2-01,2025-04-29,1.38,22.62,3.04
PHC-DST-A2-01,2025-04-30,3.27,20.73,7.19
PHC-DST-A2-01,2025-05-01,3.22,20.78,7.08
PHC-DST-A2-01,2025-05-02,1.46,22.54,3.21
PHC-DST-A2-01,2025-05-03,1.29,22.71,2.84
PHC-DST-A2-01,2025-05-04,0.57,23.43,1.25
PHC-DST-A2-01,2025-05-05,1.86,22.14,4.09
PHC-DST-A2-01,2025-05-06,1.92,22.08,4.22
PHC-DST-A2-01,2025-05-07,2.39,21.61,5.26
PHC-DST-A2-01,2025-05-08,2.48,21.52,5.46
PHC-DST-A2-01,2025-05-09,1.65,22.35,3.63
PHC-DST-A2-01,2025-05-10,2.22,21.78,4.88
PHC-DST-A2-01,2025-05-11,1.27,22.73,2.79
PHC-DST-A2-01,2025-05-12,2.2,21.8,4.84
PHC-DST-A2-01,2025-05-13,1.42,22.58,3.12
PHC-DST-A2-01,2025-05-14,2.14,21.86,4.71
PHC-DST-A2-01,2025-05-15,2.08,21.92,4.58
PHC-DST-A2-01,2025-05-16,1.85,22.15,4.07
PHC-DST-A2-01,2025-05-17,2.4,21.6,5.28
PHC-DST-A2-01,2025-05-18,0.62,,1.36
PHC-DST-A2-01,2025-05-19,1.0,23.0,2.2
PHC-DST-A2-01,2025-05-20,1.6,22.4,3.52
PHC-DST-A2-01,2025-05-21,0.72,23.28,1.58
PHC-DST-A2-01,2025-05-22,1.49,22.51,3.28
PHC-DST-A2-01,2025-05-23,1.52,22.48,3.34
PHC-DST-A2-01,2025-05-24,2.78,21.22,6.12
PHC-DST-A2-01,2025-05-25,1.91,22.09,4.2
PHC-DST-A2-01,2025-05-26,2.57,21.43,5.65
PHC-DST-A2-01,2025-05-27,2.03,21.97,4.47
PHC-DST-A2-01,2025-05-28,1.4,22.6,3.08
PHC-DST-A2-01,2025-05-29,1.9,22.1,4.18
PHC-DST-A2-01,2025-05-30,2.35,21.65,5.17
PHC-DST-A2-01,2025-05-31,2.7,21.3,5.94
PHC-DST-A2-01,2025-06-01,1.7,22.3,3.74
PHC-DST-A2-01,2025-06-02,0.56,23.44,1.23
PHC-DST-A2-01,2025-06-03,0.51,23.49,1.12
PHC-DST-A2-01,2025-06-04,1.56,22.44,3.43
PHC-DST-A2-01,2025-06-05,0.05,23.95,0.11
PHC-DST-A2-01,2025-06-06,3.15,20.85,6.93
PHC-DST-A2-01,2025-06-07,2.25,21.75,4.95
PHC-DST-A2-01,2025-06-08,1.32,22.68,2.9
PHC-DST-A2-01,2025-06-09,0.97,23.03,2.13
PHC-DST-A2-01,2025-06-10,2.57,21.43,5.65
PHC-DST-A2-01,2025-06-11,0.96,23.04,2.11
PHC-DST-A2-01,2025-06-12,1.04,22.96,2.29
PHC-DST-A2-01,2025-06-13,1.23,22.77,2.71
PHC-DST-A2-01,2025-06-14,1.89,22.11,4.16
PHC-DST-A2-01,2025-06-15,2.27,21.73,4.99
PHC-DST-A2-01,2025-06-16,2.69,21.31,5.92
PHC-DST-A2-01,2025-06-17,2.58,21.42,5.68
PHC-DST-A2-01,2025-06-18,1.8,22.2,3.96
PHC-DST-A2-01,2025-06-19,2.57,21.43,5.65
PHC-DST-A2-01,2025-06-20,1.3,22.7,2.86
PHC-DST-A2-01,2025-06-21,0.43,23.57,0.95
PHC-DST-A2-01,2025-06-22,1.3,22.7,2.86
PHC-DST-A2-01,2025-06-23,1.2,22.8,2.64
PHC-DST-A2-01,2025-06-24,1.33,22.67,2.93
PHC-DST-A2-01,2025-06-25,1.08,22.92,2.38
PHC-DST-A2-01,2025-06-26,1.45,22.55,3.19
PHC-DST-A2-01,2025-06-27,2.27,21.73,4.99
PHC-DST-A2-01,2025-06-28,3.09,20.91,6.8
PHC-DST-A2-01,2025-06-29,0.51,23.49,1.12
PHC-DST-A2-01,2025-06-30,0.83,23.17,1.83
PHC-DST-A2-02,2024-01-01,1.21,22.79,2.66
PHC-DST-A2-02,2024-01-02,2.37,21.63,5.21
PHC-DST-A2-02,2024-01-03,1.65,22.35,3.63
PHC-DST-A2-02,2024-01-04,1.26,22.74,2.77
PHC-DST-A2-02,2024-01-05,2.34,21.66,5.15
PHC-DST-A2-02,2024-01-06,2.52,21.48,5.54
PHC-DST-A2-02,2024-01-07,1.79,22.21,3.94
PHC-DST-A2-02,2024-01-08,1.19,22.81,2.62
PHC-DST-A2-02,2024-01-09,2.0,22.0,4.4
PHC-DST-A2-02,2024-01-10,1.63,22.37,3.59
PHC-DST-A2-02,2024-01-11,1.62,22.38,3.56
PHC-DST-A2-02,2024-01-12,1.42,22.58,3.12
PHC-DST-A2-02,2024-01-13,2.49,21.51,5.48
PHC-DST-A2-02,2024-01-14,1.99,22.01,4.38
PHC-DST-A2-02,2024-01-15,2.58,21.42,5.68
PHC-DST-A2-02,2024-01-16,2.8,21.2,6.16
PHC-DST-A2-02,2024-01-17,2.14,21.86,4.71
PHC-DST-A2-02,2024-01-18,1.42,22.58,3.12
PHC-DST-A2-02,2024-01-19,2.58,21.42,5.68
PHC-DST-A2-02,2024-01-20,2.15,21.85,4.73
PHC-DST-A2-02,2024-01-21,3.75,20.25,8.25
PHC-DST-A2-02,2024-01-22,2.03,21.97,4.47
PHC-DST-A2-02,2024-01-23,2.32,21.68,5.1
PHC-DST-A2-02,2024-01-24,2.02,21.98,4.44
PHC-DST-A2-02,2024-01-25,1.73,22.27,3.81
PHC-DST-A2-02,2024-01-26,1.61,22.39,3.54
PHC-DST-A2-02,2024-01-27,2.02,21.98,4.44
PHC-DST-A2-02,2024-01-28,2.19,21.81,4.82
PHC-DST-A2-02,2024-01-29,2.67,21.33,5.87
PHC-DST-A2-02,2024-01-30,2.03,21.97,4.47
PHC-DST-A2-02,2024-01-31,1.45,22.55,3.19
PHC-DST-A2-02,2024-02-01,1.55,22.45,3.41
PHC-DST-A2-02,2024-02-02,0.81,23.19,1.78
PHC-DST-A2-02,2024-02-03,3.05,20.95,6.71
PHC-DST-A2-02,2024-02-04,1.39,22.61,3.06
PHC-DST-A2-02,2024-02-05,2.53,21.47,5.57
PHC-DST-A2-02,2024-02-06,2.01,,4.42
PHC-DST-A2-02,2024-02-07,2.03,21.97,4.47
PHC-DST-A2-02,2024-02-08,1.71,22.29,3.76
PHC-DST-A2-02,2024-02-09,1.21,22.79,2.66
PHC-DST-A2-02,2024-02-10,1.07,22.93,2.35
PHC-DST-A2-02,2024-02-11,3.1,20.9,6.82
PHC-DST-A2-02,2024-02-12,1.89,22.11,4.16
PHC-DST-A2-02,2024-02-13,2.64,21.36,5.81
PHC-DST-A2-02,2024-02-14,2.84,21.16,6.25
PHC-DST-A2-02,2024-02-15,1.49,22.51,3.28
PHC-DST-A2-02,2024-02-16,2.12,21.88,4.66
PHC-DST-A2-02,2024-02-17,1.83,22.17,4.03
PHC-DST-A2-02,2024-02-18,0.93,23.07,2.05
PHC-DST-A2-02,2024-02-19,1.66,22.34,3.65
PHC-DST-A2-02,2024-02-20,2.24,21.76,4.93
PHC-DST-A2-02,2024-02-21,1.43,22.57,3.15
PHC-DST-A2-02,2024-02-22,1.56,22.44,3.43
PHC-DST-A2-02,2024-02-23,1.67,22.33,3.67
PHC-DST-A2-02,2024-02-24,3.38,20.62,7.44
PHC-DST-A2-02,2024-02-25,0.42,23.58,0.92
PHC-DST-A2-02,2024-02-26,2.18,21.82,4.8
PHC-DST-A2-02,2024-02-27,1.61,22.39,3.54
PHC-DST-A2-02,2024-02-28,1.32,22.68,2.9
PHC-DST-A2-02,2024-02-29,1.59,22.41,3.5
PHC-DST-A2-02,2024-03-01,2.3,21.7,5.06
PHC-DST-A2-02,2024-03-02,2.34,21.66,5.15
PHC-DST-A2-02,2024-03-03,1.94,22.06,4.27
PHC-DST-A2-02,2024-03-04,2.62,21.38,5.76
PHC-DST-A2-02,2024-03-05,2.75,21.25,6.05
PHC-DST-A2-02,2024-03-06,2.41,21.59,5.3
PHC-DST-A2-02,2024-03-07,1.39,22.61,3.06
PHC-DST-A2-02,2024-03-08,2.17,21.83,4.77
PHC-DST-A2-02,2024-03-09,2.17,21.83,4.77
PHC-DST-A2-02,2024-03-10,1.19,22.81,2.62
PHC-DST-A2-02,2024-03-11,0.62,23.38,1.36
PHC-DST-A2-02,2024-03-12,0.28,23.72,0.62
PHC-DST-A2-02,2024-03-13,1.85,22.15,4.07
PHC-DST-A2-02,2024-03-14,2.02,21.98,4.44
PHC-DST-A2-02,2024-03-15,0.91,23.09,2.0
PHC-DST-A2-02,2024-03-16,2.58,21.42,5.68
PHC-DST-A2-02,2024-03-17,1.91,22.09,4.2
PHC-DST-A2-02,2024-03-18,2.81,21.19,6.18
PHC-DST-A2-02,2024-03-19,2.08,21.92,4.58
PHC-DST-A2-02,2024-03-20,1.0,23.0,2.2
PHC-DST-A2-02,2024-03-21,2.14,21.86,4.71
PHC-DST-A2-02,2024-03-22,2.3,21.7,5.06
PHC-DST-A2-02,2024-03-23,1.39,22.61,3.06
PHC-DST-A2-02,2024-03-24,0.72,23.28,1.58
PHC-DST-A2-02,2024-03-25,1.88,22.12,4.14
PHC-DST-A2-02,2024-03-26,1.05,22.95,2.31
PHC-DST-A2-02,2024-03-27,2.64,21.36,5.81
PHC-DST-A2-02,2024-03-28,1.49,22.51,3.28
PHC-DST-A2-02,2024-03-29,3.09,20.91,6.8
PHC-DST-A2-02,2024-03-30,0.21,23.79,0.46
PHC-DST-A2-02,2024-03-31,1.9,22.1,4.18
PHC-DST-A2-02,2024-04-01,2.87,21.13,6.31
PHC-DST-A2-02,2024-04-02,1.13,22.87,2.49
PHC-DST-A2-02,2024-04-03,1.68,22.32,3.7
PHC-DST-A2-02,2024-04-04,1.5,22.5,3.3
PHC-DST-A2-02,2024-04-05,1.29,22.71,2.84
PHC-DST-A2-02,2024-04-06,1.98,22.02,4.36
PHC-DST-A2-02,2024-04-07,0.83,23.17,1.83
PHC-DST-A2-02,2024-04-08,1.72,22.28,3.78
PHC-DST-A2-02,2024-04-09,2.19,21.81,4.82
PHC-DST-A2-02,2024-04-10,1.64,22.36,3.61
PHC-DST-A2-02,2024-04-11,1.05,22.95,2.31
PHC-DST-A2-02,2024-04-12,2.57,21.43,5.65
PHC-DST-A2-02,2024-04-13,2.35,21.65,5.17
PHC-DST-A2-02,2024-04-14,1.02,22.98,2.24
PHC-DST-A2-02,2024-04-15,0.83,23.17,1.83
PHC-DST-A2-02,2024-04-16,1.09,22.91,2.4
PHC-DST-A2-02,2024-04-17,2.21,21.79,4.86
PHC-DST-A2-02,2024-04-18,2.01,21.99,4.42
PHC-DST-A2-02,2024-04-19,2.39,21.61,5.26
PHC-DST-A2-02,2024-04-20,1.56,22.44,3.43
PHC-DST-A2-02,2024-04-21,1.11,22.89,2.44
PHC-DST-A2-02,2024-04-22,2.49,21.51,5.48
PHC-DST-A2-02,2024-04-23,1.38,22.62,3.04
PHC-DST-A2-02,2024-04-24,1.94,22.06,4.27
PHC-DST-A2-02,2024-04-25,0.64,23.36,1.41
PHC-DST-A2-02,2024-04-26,1.37,22.63,3.01
PHC-DST-A2-02,2024-04-27,2.56,21.44,5.63
PHC-DST-A2-02,2024-04-28,1.26,22.74,2.77
PHC-DST-A2-02,2024-04-29,2.41,21.59,5.3
PHC-DST-A2-02,2024-04-30,0.05,23.95,0.11
PHC-DST-A2-02,2024-05-01,1.38,22.62,3.04
PHC-DST-A2-02,2024-05-02,,22.33,3.67
PHC-DST-A2-02,2024-05-03,3.11,20.89,6.84
PHC-DST-A2-02,2024-05-04,0.92,23.08,2.02
PHC-DST-A2-02,2024-05-05,2.3,21.7,5.06
PHC-DST-A2-02,2024-05-06,2.59,21.41,5.7
PHC-DST-A2-02,2024-05-07,1.26,22.74,2.77
PHC-DST-A2-02,2024-05-08,1.52,22.48,3.34
PHC-DST-A2-02,2024-05-09,1.91,,4.2
PHC-DST-A2-02,2024-05-10,0.69,23.31,1.52
PHC-DST-A2-02,2024-05-11,1.46,22.54,3.21
PHC-DST-A2-02,2024-05-12,2.76,21.24,6.07
PHC-DST-A2-02,2024-05-13,2.19,21.81,4.82
PHC-DST-A2-02,2024-05-14,1.68,22.32,3.7
PHC-DST-A2-02,2024-05-15,1.88,22.12,4.14
PHC-DST-A2-02,2024-05-16,2.24,21.76,4.93
PHC-DST-A2-02,2024-05-17,2.38,21.62,5.24
PHC-DST-A2-02,2024-05-18,1.38,22.62,3.04
PHC-DST-A2-02,2024-05-19,2.95,21.05,6.49
PHC-DST-A2-02,2024-05-20,2.79,21.21,6.14
PHC-DST-A2-02,2024-05-21,2.31,21.69,5.08
PHC-DST-A2-02,2024-05-22,1.17,22.83,2.57
PHC-DST-A2-02,2024-05-23,1.03,22.97,2.27
PHC-DST-A2-02,2024-05-24,1.56,22.44,3.43
PHC-DST-A2-02,2024-05-25,1.85,22.15,4.07
PHC-DST-A2-02,2024-05-26,0.47,23.53,1.03
PHC-DST-A2-02,2024-05-27,2.17,21.83,4.77
PHC-DST-A2-02,2024-05-28,2.77,21.23,6.09
PHC-DST-A2-02,2024-05-29,2.23,21.77,4.91
PHC-DST-A2-02,2024-05-30,1.29,22.71,2.84
PHC-DST-A2-02,2024-05-31,1.2,22.8,2.64
PHC-DST-A2-02,2024-06-01,2.02,21.98,4.44
PHC-DST-A2-02,2024-06-02,1.69,22.31,3.72
PHC-DST-A2-02,2024-06-03,2.13,21.87,4.69
PHC-DST-A2-02,2024-06-04,2.25,21.75,4.95
PHC-DST-A2-02,2024-06-05,2.62,21.38,5.76
PHC-DST-A2-02,2024-06-06,0.95,23.05,2.09
PHC-DST-A2-02,2024-06-07,1.97,22.03,4.33
PHC-DST-A2-02,2024-06-08,1.53,22.47,3.37
PHC-DST-A2-02,2024-06-09,1.73,22.27,3.81
PHC-DST-A2-02,2024-06-10,2.45,21.55,5.39
PHC-DST-A2-02,2024-06-11,2.53,21.47,5.57
PHC-DST-A2-02,2024-06-12,2.85,21.15,6.27
PHC-DST-A2-02,2024-06-13,2.12,,4.66
PHC-DST-A2-02,2024-06-14,1.72,22.28,3.78
PHC-DST-A2-02,2024-06-15,1.61,22.39,3.54
PHC-DST-A2-02,2024-06-16,0.5,23.5,1.1
PHC-DST-A2-02,2024-06-17,2.8,21.2,6.16
PHC-DST-A2-02,2024-06-18,1.56,22.44,3.43
PHC-DST-A2-02,2024-06-19,2.18,21.82,4.8
PHC-DST-A2-02,2024-06-20,2.31,21.69,5.08
PHC-DST-A2-02,2024-06-21,0.87,23.13,1.91
PHC-DST-A2-02,2024-06-22,1.11,22.89,2.44
PHC-DST-A2-02,2024-06-23,2.96,21.04,6.51
PHC-DST-A2-02,2024-06-24,2.02,21.98,4.44
PHC-DST-A2-02,2024-06-25,1.36,22.64,2.99
PHC-DST-A2-02,2024-06-26,1.71,22.29,3.76
PHC-DST-A2-02,2024-06-27,2.61,21.39,5.74
PHC-DST-A2-02,2024-06-28,2.5,21.5,5.5
PHC-DST-A2-02,2024-06-29,0.7,23.3,1.54
PHC-DST-A2-02,2024-06-30,3.03,20.97,6.67
PHC-DST-A2-02,2024-07-01,2.52,21.48,5.54
PHC-DST-A2-02,2024-07-02,1.69,22.31,3.72
PHC-DST-A2-02,2024-07-03,0.91,23.09,2.0
PHC-DST-A2-02,2024-07-04,2.59,21.41,5.7
PHC-DST-A2-02,2024-07-05,6.34,17.66,13.95
PHC-DST-A2-02,2024-07-06,8.47,15.53,18.63
PHC-DST-A2-02,2024-07-07,1.81,22.19,3.98
PHC-DST-A2-02,2024-07-08,1.24,22.76,2.73
PHC-DST-A2-02,2024-07-09,1.04,22.96,2.29
PHC-DST-A2-02,2024-07-10,3.13,20.87,6.89
PHC-DST-A2-02,2024-07-11,8.4,15.6,18.48
PHC-DST-A2-02,2024-07-12,1.99,22.01,4.38
PHC-DST-A2-02,2024-07-13,2.74,21.26,6.03
PHC-DST-A2-02,2024-07-14,5.47,18.53,12.03
PHC-DST-A2-02,2024-07-15,2.02,21.98,4.44
PHC-DST-A2-02,2024-07-16,2.84,21.16,6.25
PHC-DST-A2-02,2024-07-17,2.04,21.96,4.49
PHC-DST-A2-02,2024-07-18,5.44,18.56,11.97
PHC-DST-A2-02,2024-07-19,0.54,23.46,1.19
PHC-DST-A2-02,2024-07-20,0.06,23.94,0.13
PHC-DST-A2-02,2024-07-21,4.25,19.75,9.35
PHC-DST-A2-02,2024-07-22,1.6,22.4,3.52
PHC-DST-A2-02,2024-07-23,2.42,21.58,5.32
PHC-DST-A2-02,2024-07-24,2.85,21.15,6.27
PHC-DST-A2-02,2024-07-25,,21.8,4.84
PHC-DST-A2-02,2024-07-26,3.25,20.75,7.15
PHC-DST-A2-02,2024-07-27,2.18,21.82,4.8
PHC-DST-A2-02,2024-07-28,2.03,21.97,4.47
PHC-DST-A2-02,2024-07-29,1.98,22.02,4.36
PHC-DST-A2-02,2024-07-30,0.84,23.16,1.85
PHC-DST-A2-02,2024-07-31,3.96,20.04,8.71
PHC-DST-A2-02,2024-08-01,7.13,16.87,15.69
PHC-DST-A2-02,2024-08-02,1.21,22.79,2.66
PHC-DST-A2-02,2024-08-03,7.96,16.04,17.51
PHC-DST-A2-02,2024-08-04,5.08,18.92,11.18
PHC-DST-A2-02,2024-08-05,1.45,22.55,3.19
PHC-DST-A2-02,2024-08-06,0.84,23.16,1.85
PHC-DST-A2-02,2024-08-07,2.33,21.67,5.13
PHC-DST-A2-02,2024-08-08,1.61,22.39,3.54
PHC-DST-A2-02,2024-08-09,0.33,23.67,0.73
PHC-DST-A2-02,2024-08-10,1.88,,4.14
PHC-DST-A2-02,2024-08-11,7.78,16.22,17.12
PHC-DST-A2-02,2024-08-12,1.74,22.26,3.83
PHC-DST-A2-02,2024-08-13,1.52,22.48,3.34
PHC-DST-A2-02,2024-08-14,4.45,19.55,9.79
PHC-DST-A2-02,2024-08-15,6.47,17.53,14.23
PHC-DST-A2-02,2024-08-16,2.34,21.66,5.15
PHC-DST-A2-02,2024-08-17,13.94,10.06,30.67
PHC-DST-A2-02,2024-08-18,0.71,23.29,1.56
PHC-DST-A2-02,2024-08-19,4.98,19.02,10.96
PHC-DST-A2-02,2024-08-20,1.35,22.65,2.97
PHC-DST-A2-02,2024-08-21,2.74,21.26,6.03
PHC-DST-A2-02,2024-08-22,15.07,8.93,33.15
PHC-DST-A2-02,2024-08-23,2.94,21.06,6.47
PHC-DST-A2-02,2024-08-24,1.78,22.22,3.92
PHC-DST-A2-02,2024-08-25,2.55,21.45,5.61
PHC-DST-A2-02,2024-08-26,2.2,21.8,4.84
PHC-DST-A2-02,2024-08-27,1.89,22.11,4.16
PHC-DST-A2-02,2024-08-28,16.64,7.36,36.61
PHC-DST-A2-02,2024-08-29,1.32,22.68,2.9
PHC-DST-A2-02,2024-08-30,5.48,18.52,12.06
PHC-DST-A2-02,2024-08-31,2.55,21.45,5.61
PHC-DST-A2-02,2024-09-01,,21.35,5.83
PHC-DST-A2-02,2024-09-02,1.4,22.6,3.08
PHC-DST-A2-02,2024-09-03,0.2,23.8,0.44
PHC-DST-A2-02,2024-09-04,1.29,22.71,2.84
PHC-DST-A2-02,2024-09-05,2.21,,4.86
PHC-DST-A2-02,2024-09-06,4.9,19.1,10.78
PHC-DST-A2-02,2024-09-07,16.17,7.83,35.57
PHC-DST-A2-02,2024-09-08,6.16,17.84,13.55
PHC-DST-A2-02,2024-09-09,1.92,22.08,4.22
PHC-DST-A2-02,2024-09-10,7.84,16.16,17.25
PHC-DST-A2-02,2024-09-11,6.71,17.29,14.76
PHC-DST-A2-02,2024-09-12,12.82,11.18,28.2
PHC-DST-A2-02,2024-09-13,5.44,18.56,11.97
PHC-DST-A2-02,2024-09-14,1.19,22.81,2.62
PHC-DST-A2-02,2024-09-15,5.39,18.61,11.86
PHC-DST-A2-02,2024-09-16,1.71,22.29,3.76
PHC-DST-A2-02,2024-09-17,0.96,23.04,2.11
PHC-DST-A2-02,2024-09-18,0.95,23.05,2.09
PHC-DST-A2-02,2024-09-19,0.23,23.77,0.51
PHC-DST-A2-02,2024-09-20,0.0,24.0,0.0
PHC-DST-A2-02,2024-09-21,1.7,22.3,3.74
PHC-DST-A2-02,2024-09-22,7.78,16.22,17.12
PHC-DST-A2-02,2024-09-23,1.07,22.93,2.35
PHC-DST-A2-02,2024-09-24,1.91,22.09,4.2
PHC-DST-A2-02,2024-09-25,6.28,17.72,13.82
PHC-DST-A2-02,2024-09-26,0.9,23.1,1.98
PHC-DST-A2-02,2024-09-27,6.84,17.16,15.05
PHC-DST-A2-02,2024-09-28,1.99,22.01,4.38
PHC-DST-A2-02,2024-09-29,2.3,21.7,5.06
PHC-DST-A2-02,2024-09-30,1.55,22.45,3.41
PHC-DST-A2-02,2024-10-01,1.83,22.17,4.03
PHC-DST-A2-02,2024-10-02,0.98,23.02,2.16
PHC-DST-A2-02,2024-10-03,0.79,23.21,1.74
PHC-DST-A2-02,2024-10-04,0.68,23.32,1.5
PHC-DST-A2-02,2024-10-05,2.29,21.71,5.04
PHC-DST-A2-02,2024-10-06,1.55,22.45,3.41
PHC-DST-A2-02,2024-10-07,0.4,23.6,0.88
PHC-DST-A2-02,2024-10-08,1.75,22.25,3.85
PHC-DST-A2-02,2024-10-09,0.86,23.14,1.89
PHC-DST-A2-02,2024-10-10,3.05,20.95,6.71
PHC-DST-A2-02,2024-10-11,1.37,,3.01
PHC-DST-A2-02,2024-10-12,2.31,21.69,5.08
PHC-DST-A2-02,2024-10-13,2.62,21.38,5.76
PHC-DST-A2-02,2024-10-14,1.08,22.92,2.38
PHC-DST-A2-02,2024-10-15,1.86,22.14,4.09
PHC-DST-A2-02,2024-10-16,2.22,21.78,4.88
PHC-DST-A2-02,2024-10-17,1.89,22.11,4.16
PHC-DST-A2-02,2024-10-18,2.07,21.93,4.55
PHC-DST-A2-02,2024-10-19,0.8,23.2,1.76
PHC-DST-A2-02,2024-10-20,2.22,21.78,4.88
PHC-DST-A2-02,2024-10-21,1.44,22.56,3.17
PHC-DST-A2-02,2024-10-22,2.06,21.94,4.53
PHC-DST-A2-02,2024-10-23,2.49,21.51,5.48
PHC-DST-A2-02,2024-10-24,2.3,21.7,5.06
PHC-DST-A2-02,2024-10-25,2.06,21.94,4.53
PHC-DST-A2-02,2024-10-26,2.28,21.72,5.02
PHC-DST-A2-02,2024-10-27,2.32,21.68,5.1
PHC-DST-A2-02,2024-10-28,2.92,21.08,6.42
PHC-DST-A2-02,2024-10-29,1.77,22.23,3.89
PHC-DST-A2-02,2024-10-30,1.92,22.08,4.22
PHC-DST-A2-02,2024-10-31,2.5,21.5,5.5
PHC-DST-A2-02,2024-11-01,1.43,22.57,3.15
PHC-DST-A2-02,2024-11-02,0.8,23.2,1.76
PHC-DST-A2-02,2024-11-03,,21.83,4.77
PHC-DST-A2-02,2024-11-04,1.65,22.35,3.63
PHC-DST-A2-02,2024-11-05,0.89,23.11,1.96
PHC-DST-A2-02,2024-11-06,2.18,21.82,4.8
PHC-DST-A2-02,2024-11-07,2.87,21.13,6.31
PHC-DST-A2-02,2024-11-08,0.58,23.42,1.28
PHC-DST-A2-02,2024-11-09,2.57,21.43,5.65
PHC-DST-A2-02,2024-11-10,0.0,24.0,0.0
PHC-DST-A2-02,2024-11-11,1.5,22.5,3.3
PHC-DST-A2-02,2024-11-12,3.18,20.82,7.0
PHC-DST-A2-02,2024-11-13,1.55,22.45,3.41
PHC-DST-A2-02,2024-11-14,1.87,,4.11
PHC-DST-A2-02,2024-11-15,2.37,21.63,5.21
PHC-DST-A2-02,2024-11-16,0.51,23.49,1.12
PHC-DST-A2-02,2024-11-17,1.85,22.15,4.07
PHC-DST-A2-02,2024-11-18,1.85,22.15,4.07
PHC-DST-A2-02,2024-11-19,3.2,20.8,7.04
PHC-DST-A2-02,2024-11-20,0.87,23.13,1.91
PHC-DST-A2-02,2024-11-21,1.51,22.49,3.32
PHC-DST-A2-02,2024-11-22,1.1,22.9,2.42
PHC-DST-A2-02,2024-11-23,1.02,22.98,2.24
PHC-DST-A2-02,2024-11-24,2.65,21.35,5.83
PHC-DST-A2-02,2024-11-25,1.82,22.18,4.0
PHC-DST-A2-02,2024-11-26,1.38,22.62,3.04
PHC-DST-A2-02,2024-11-27,1.41,22.59,3.1
PHC-DST-A2-02,2024-11-28,,22.62,3.04
PHC-DST-A2-02,2024-11-29,1.44,22.56,3.17
PHC-DST-A2-02,2024-11-30,0.85,23.15,1.87
PHC-DST-A2-02,2024-12-01,1.61,22.39,3.54
PHC-DST-A2-02,2024-12-02,1.53,22.47,3.37
PHC-DST-A2-02,2024-12-03,1.23,22.77,2.71
PHC-DST-A2-02,2024-12-04,1.92,22.08,4.22
PHC-DST-A2-02,2024-12-05,1.98,22.02,4.36
PHC-DST-A2-02,2024-12-06,1.38,22.62,3.04
PHC-DST-A2-02,2024-12-07,1.69,22.31,3.72
PHC-DST-A2-02,2024-12-08,3.42,20.58,7.52
PHC-DST-A2-02,2024-12-09,3.39,,7.46
PHC-DST-A2-02,2024-12-10,1.01,22.99,2.22
PHC-DST-A2-02,2024-12-11,1.11,22.89,2.44
PHC-DST-A2-02,2024-12-12,1.01,22.99,2.22
PHC-DST-A2-02,2024-12-13,2.59,21.41,5.7
PHC-DST-A2-02,2024-12-14,1.5,22.5,3.3
PHC-DST-A2-02,2024-12-15,1.98,22.02,4.36
PHC-DST-A2-02,2024-12-16,3.3,20.7,7.26
PHC-DST-A2-02,2024-12-17,1.79,22.21,3.94
PHC-DST-A2-02,2024-12-18,2.33,21.67,5.13
PHC-DST-A2-02,2024-12-19,2.19,21.81,4.82
PHC-DST-A2-02,2024-12-20,1.36,22.64,2.99
PHC-DST-A2-02,2024-12-21,2.59,21.41,5.7
PHC-DST-A2-02,2024-12-22,1.16,22.84,2.55
PHC-DST-A2-02,2024-12-23,2.8,21.2,6.16
PHC-DST-A2-02,2024-12-24,1.36,22.64,2.99
PHC-DST-A2-02,2024-12-25,1.44,22.56,3.17
PHC-DST-A2-02,2024-12-26,0.98,23.02,2.16
PHC-DST-A2-02,2024-12-27,1.11,22.89,2.44
PHC-DST-A2-02,2024-12-28,1.48,22.52,3.26
PHC-DST-A2-02,2024-12-29,0.0,24.0,0.0
PHC-DST-A2-02,2024-12-30,1.63,22.37,3.59
PHC-DST-A2-02,2024-12-31,1.42,22.58,3.12
PHC-DST-A2-02,2025-01-01,2.39,21.61,5.26
PHC-DST-A2-02,2025-01-02,2.12,21.88,4.66
PHC-DST-A2-02,2025-01-03,1.27,22.73,2.79
PHC-DST-A2-02,2025-01-04,1.46,22.54,3.21
PHC-DST-A2-02,2025-01-05,1.62,22.38,3.56
PHC-DST-A2-02,2025-01-06,2.91,21.09,6.4
PHC-DST-A2-02,2025-01-07,1.18,22.82,2.6
PHC-DST-A2-02,2025-01-08,1.26,22.74,2.77
PHC-DST-A2-02,2025-01-09,0.95,23.05,2.09
PHC-DST-A2-02,2025-01-10,0.69,23.31,1.52
PHC-DST-A2-02,2025-01-11,2.03,21.97,4.47
PHC-DST-A2-02,2025-01-12,1.95,22.05,4.29
PHC-DST-A2-02,2025-01-13,2.76,21.24,6.07
PHC-DST-A2-02,2025-01-14,2.58,21.42,5.68
PHC-DST-A2-02,2025-01-15,,20.4,7.92
PHC-DST-A2-02,2025-01-16,1.74,,3.83
PHC-DST-A2-02,2025-01-17,1.6,22.4,3.52
PHC-DST-A2-02,2025-01-18,0.82,23.18,1.8
PHC-DST-A2-02,2025-01-19,2.32,21.68,5.1
PHC-DST-A2-02,2025-01-20,1.89,22.11,4.16
PHC-DST-A2-02,2025-01-21,2.29,21.71,5.04
PHC-DST-A2-02,2025-01-22,0.95,23.05,2.09
PHC-DST-A2-02,2025-01-23,2.06,21.94,4.53
PHC-DST-A2-02,2025-01-24,1.95,22.05,4.29
PHC-DST-A2-02,2025-01-25,1.9,22.1,4.18
PHC-DST-A2-02,2025-01-26,1.29,22.71,2.84
PHC-DST-A2-02,2025-01-27,2.69,21.31,5.92
PHC-DST-A2-02,2025-01-28,3.34,20.66,7.35
PHC-DST-A2-02,2025-01-29,0.97,,2.13
PHC-DST-A2-02,2025-01-30,2.34,21.66,5.15
PHC-DST-A2-02,2025-01-31,0.0,24.0,0.0
PHC-DST-A2-02,2025-02-01,2.3,21.7,5.06
PHC-DST-A2-02,2025-02-02,0.4,23.6,0.88
PHC-DST-A2-02,2025-02-03,1.41,22.59,3.1
PHC-DST-A2-02,2025-02-04,0.82,23.18,1.8
PHC-DST-A2-02,2025-02-05,1.64,22.36,3.61
PHC-DST-A2-02,2025-02-06,2.43,21.57,5.35
PHC-DST-A2-02,2025-02-07,0.41,23.59,0.9
PHC-DST-A2-02,2025-02-08,1.53,22.47,3.37
PHC-DST-A2-02,2025-02-09,1.41,22.59,3.1
PHC-DST-A2-02,2025-02-10,2.99,21.01,6.58
PHC-DST-A2-02,2025-02-11,2.12,21.88,4.66
PHC-DST-A2-02,2025-02-12,0.92,23.08,2.02
PHC-DST-A2-02,2025-02-13,1.45,22.55,3.19
PHC-DST-A2-02,2025-02-14,2.97,21.03,6.53
PHC-DST-A2-02,2025-02-15,2.34,21.66,5.15
PHC-DST-A2-02,2025-02-16,1.11,22.89,2.44
PHC-DST-A2-02,2025-02-17,1.6,22.4,3.52
PHC-DST-A2-02,2025-02-18,1.62,22.38,3.56
PHC-DST-A2-02,2025-02-19,1.4,22.6,3.08
PHC-DST-A2-02,2025-02-20,0.52,23.48,1.14
PHC-DST-A2-02,2025-02-21,1.29,22.71,2.84
PHC-DST-A2-02,2025-02-22,2.84,21.16,6.25
PHC-DST-A2-02,2025-02-23,1.51,22.49,3.32
PHC-DST-A2-02,2025-02-24,1.72,22.28,3.78
PHC-DST-A2-02,2025-02-25,1.91,22.09,4.2
PHC-DST-A2-02,2025-02-26,3.46,20.54,7.61
PHC-DST-A2-02,2025-02-27,1.81,22.19,3.98
PHC-DST-A2-02,2025-02-28,2.62,21.38,5.76
PHC-DST-A2-02,2025-03-01,1.35,22.65,2.97
PHC-DST-A2-02,2025-03-02,1.61,22.39,3.54
PHC-DST-A2-02,2025-03-03,1.81,22.19,3.98
PHC-DST-A2-02,2025-03-04,1.22,22.78,2.68
PHC-DST-A2-02,2025-03-05,1.65,22.35,3.63
PHC-DST-A2-02,2025-03-06,2.47,21.53,5.43
PHC-DST-A2-02,2025-03-07,1.2,22.8,2.64
PHC-DST-A2-02,2025-03-08,1.8,22.2,3.96
PHC-DST-A2-02,2025-03-09,2.33,,5.13
PHC-DST-A2-02,2025-03-10,1.18,22.82,2.6
PHC-DST-A2-02,2025-03-11,2.62,21.38,5.76
PHC-DST-A2-02,2025-03-12,1.85,22.15,4.07
PHC-DST-A2-02,2025-03-13,1.68,22.32,3.7
PHC-DST-A2-02,2025-03-14,0.29,23.71,0.64
PHC-DST-A2-02,2025-03-15,1.52,22.48,3.34
PHC-DST-A2-02,2025-03-16,2.08,21.92,4.58
PHC-DST-A2-02,2025-03-17,3.11,20.89,6.84
PHC-DST-A2-02,2025-03-18,2.23,21.77,4.91
PHC-DST-A2-02,2025-03-19,2.64,21.36,5.81
PHC-DST-A2-02,2025-03-20,0.89,23.11,1.96
PHC-DST-A2-02,2025-03-21,1.7,22.3,3.74
PHC-DST-A2-02,2025-03-22,2.72,21.28,5.98
PHC-DST-A2-02,2025-03-23,1.13,22.87,2.49
PHC-DST-A2-02,2025-03-24,2.52,21.48,5.54
PHC-DST-A2-02,2025-03-25,2.35,21.65,5.17
PHC-DST-A2-02,2025-03-26,2.01,21.99,4.42
PHC-DST-A2-02,2025-03-27,1.55,22.45,3.41
PHC-DST-A2-02,2025-03-28,1.06,22.94,2.33
PHC-DST-A2-02,2025-03-29,3.13,20.87,6.89
PHC-DST-A2-02,2025-03-30,2.27,21.73,4.99
PHC-DST-A2-02,2025-03-31,2.06,21.94,4.53
PHC-DST-A2-02,2025-04-01,1.49,22.51,3.28
PHC-DST-A2-02,2025-04-02,1.83,22.17,4.03
PHC-DST-A2-02,2025-04-03,1.92,22.08,4.22
PHC-DST-A2-02,2025-04-04,2.1,21.9,4.62
PHC-DST-A2-02,2025-04-05,2.35,21.65,5.17
PHC-DST-A2-02,2025-04-06,1.21,22.79,2.66
PHC-DST-A2-02,2025-04-07,0.7,23.3,1.54
PHC-DST-A2-02,2025-04-08,1.86,22.14,4.09
PHC-DST-A2-02,2025-04-09,0.49,23.51,1.08
PHC-DST-A2-02,2025-04-10,1.56,22.44,3.43
PHC-DST-A2-02,2025-04-11,1.42,22.58,3.12
PHC-DST-A2-02,2025-04-12,2.17,21.83,4.77
PHC-DST-A2-02,2025-04-13,3.29,20.71,7.24
PHC-DST-A2-02,2025-04-14,0.34,23.66,0.75
PHC-DST-A2-02,2025-04-15,3.51,20.49,7.72
PHC-DST-A2-02,2025-04-16,1.63,22.37,3.59
PHC-DST-A2-02,2025-04-17,2.06,21.94,4.53
PHC-DST-A2-02,2025-04-18,0.74,23.26,1.63
PHC-DST-A2-02,2025-04-19,2.55,21.45,5.61
PHC-DST-A2-02,2025-04-20,1.83,22.17,4.03
PHC-DST-A2-02,2025-04-21,1.75,22.25,3.85
PHC-DST-A2-02,2025-04-22,0.35,23.65,0.77
PHC-DST-A2-02,2025-04-23,1.86,22.14,4.09
PHC-DST-A2-02,2025-04-24,2.43,21.57,5.35
PHC-DST-A2-02,2025-04-25,1.62,22.38,3.56
PHC-DST-A2-02,2025-04-26,2.68,21.32,5.9
PHC-DST-A2-02,2025-04-27,2.65,21.35,5.83
PHC-DST-A2-02,2025-04-28,1.32,22.68,2.9
PHC-DST-A2-02,2025-04-29,3.0,21.0,6.6
PHC-DST-A2-02,2025-04-30,1.83,22.17,4.03
PHC-DST-A2-02,2025-05-01,1.84,22.16,4.05
PHC-DST-A2-02,2025-05-02,1.87,22.13,4.11
PHC-DST-A2-02,2025-05-03,1.85,22.15,4.07
PHC-DST-A2-02,2025-05-04,0.0,24.0,0.0
PHC-DST-A2-02,2025-05-05,1.66,22.34,3.65
PHC-DST-A2-02,2025-05-06,0.78,23.22,1.72
PHC-DST-A2-02,2025-05-07,3.02,20.98,6.64
PHC-DST-A2-02,2025-05-08,2.99,21.01,6.58
PHC-DST-A2-02,2025-05-09,2.44,21.56,5.37
PHC-DST-A2-02,2025-05-10,1.62,22.38,3.56
PHC-DST-A2-02,2025-05-11,1.04,22.96,2.29
PHC-DST-A2-02,2025-05-12,1.31,22.69,2.88
PHC-DST-A2-02,2025-05-13,3.26,20.74,7.17
PHC-DST-A2-02,2025-05-14,1.28,22.72,2.82
PHC-DST-A2-02,2025-05-15,0.03,23.97,0.07
PHC-DST-A2-02,2025-05-16,2.57,21.43,5.65
PHC-DST-A2-02,2025-05-17,2.93,21.07,6.45
PHC-DST-A2-02,2025-05-18,3.04,,6.69
PHC-DST-A2-02,2025-05-19,2.58,21.42,5.68
PHC-DST-A2-02,2025-05-20,2.7,21.3,5.94
PHC-DST-A2-02,2025-05-21,1.84,22.16,4.05
PHC-DST-A2-02,2025-05-22,0.24,23.76,0.53
PHC-DST-A2-02,2025-05-23,1.82,22.18,4.0
PHC-DST-A2-02,2025-05-24,2.27,21.73,4.99
PHC-DST-A2-02,2025-05-25,1.7,22.3,3.74
PHC-DST-A2-02,2025-05-26,1.66,22.34,3.65
PHC-DST-A2-02,2025-05-27,1.08,22.92,2.38
PHC-DST-A2-02,2025-05-28,1.05,,2.31
PHC-DST-A2-02,2025-05-29,3.18,20.82,7.0
PHC-DST-A2-02,2025-05-30,3.21,20.79,7.06
PHC-DST-A2-02,2025-05-31,1.8,22.2,3.96
PHC-DST-A2-02,2025-06-01,2.01,21.99,4.42
PHC-DST-A2-02,2025-06-02,1.06,,2.33
PHC-DST-A2-02,2025-06-03,2.28,21.72,5.02
PHC-DST-A2-02,2025-06-04,3.12,20.88,6.86
PHC-DST-A2-02,2025-06-05,0.65,23.35,1.43
PHC-DST-A2-02,2025-06-06,2.15,21.85,4.73
PHC-DST-A2-02,2025-06-07,2.2,21.8,4.84
PHC-DST-A2-02,2025-06-08,2.2,21.8,4.84
PHC-DST-A2-02,2025-06-09,3.03,20.97,6.67
PHC-DST-A2-02,2025-06-10,3.33,20.67,7.33
PHC-DST-A2-02,2025-06-11,1.62,22.38,3.56
PHC-DST-A2-02,2025-06-12,2.3,21.7,5.06
PHC-DST-A2-02,2025-06-13,1.86,22.14,4.09
PHC-DST-A2-02,2025-06-14,1.33,22.67,2.93
PHC-DST-A2-02,2025-06-15,2.0,22.0,4.4
PHC-DST-A2-02,2025-06-16,,21.7,5.06
PHC-DST-A2-02,2025-06-17,1.96,22.04,4.31
PHC-DST-A2-02,2025-06-18,1.14,22.86,2.51
PHC-DST-A2-02,2025-06-19,1.45,22.55,3.19
PHC-DST-A2-02,2025-06-20,1.46,22.54,3.21
PHC-DST-A2-02,2025-06-21,,22.83,2.57
PHC-DST-A2-02,2025-06-22,2.04,21.96,4.49
PHC-DST-A2-02,2025-06-23,2.11,21.89,4.64
PHC-DST-A2-02,2025-06-24,2.53,21.47,5.57
PHC-DST-A2-02,2025-06-25,1.16,22.84,2.55
PHC-DST-A2-02,2025-06-26,1.37,22.63,3.01
PHC-DST-A2-02,2025-06-27,2.97,21.03,6.53
PHC-DST-A2-02,2025-06-28,,22.32,3.7
PHC-DST-A2-02,2025-06-29,1.82,22.18,4.0
PHC-DST-A2-02,2025-06-30,1.67,22.33,3.67
PHC-DST-A2-03,2024-01-01,2.65,21.35,5.83
PHC-DST-A2-03,2024-01-02,2.68,21.32,5.9
PHC-DST-A2-03,2024-01-03,2.63,21.37,5.79
PHC-DST-A2-03,2024-01-04,1.82,22.18,4.0
PHC-DST-A2-03,2024-01-05,1.15,22.85,2.53
PHC-DST-A2-03,2024-01-06,3.24,20.76,7.13
PHC-DST-A2-03,2024-01-07,2.44,21.56,5.37
PHC-DST-A2-03,2024-01-08,1.46,22.54,3.21
PHC-DST-A2-03,2024-01-09,2.87,21.13,6.31
PHC-DST-A2-03,2024-01-10,1.4,22.6,3.08
PHC-DST-A2-03,2024-01-11,2.86,21.14,6.29
PHC-DST-A2-03,2024-01-12,2.91,21.09,6.4
PHC-DST-A2-03,2024-01-13,1.11,22.89,2.44
PHC-DST-A2-03,2024-01-14,2.24,21.76,4.93
PHC-DST-A2-03,2024-01-15,2.39,21.61,5.26
PHC-DST-A2-03,2024-01-16,3.76,20.24,8.27
PHC-DST-A2-03,2024-01-17,1.24,22.76,2.73
PHC-DST-A2-03,2024-01-18,2.87,21.13,6.31
PHC-DST-A2-03,2024-01-19,1.81,22.19,3.98
PHC-DST-A2-03,2024-01-20,0.87,23.13,1.91
PHC-DST-A2-03,2024-01-21,1.71,22.29,3.76
PHC-DST-A2-03,2024-01-22,1.8,22.2,3.96
PHC-DST-A2-03,2024-01-23,1.01,22.99,2.22
PHC-DST-A2-03,2024-01-24,2.03,21.97,4.47
PHC-DST-A2-03,2024-01-25,2.52,21.48,5.54
PHC-DST-A2-03,2024-01-26,1.98,22.02,4.36
PHC-DST-A2-03,2024-01-27,1.39,22.61,3.06
PHC-DST-A2-03,2024-01-28,1.69,22.31,3.72
PHC-DST-A2-03,2024-01-29,1.8,22.2,3.96
PHC-DST-A2-03,2024-01-30,1.96,22.04,4.31
PHC-DST-A2-03,2024-01-31,2.63,21.37,5.79
PHC-DST-A2-03,2024-02-01,2.0,22.0,4.4
PHC-DST-A2-03,2024-02-02,,23.25,1.65
PHC-DST-A2-03,2024-02-03,1.38,22.62,3.04
PHC-DST-A2-03,2024-02-04,1.92,22.08,4.22
PHC-DST-A2-03,2024-02-05,2.64,21.36,5.81
PHC-DST-A2-03,2024-02-06,2.77,21.23,6.09
PHC-DST-A2-03,2024-02-07,3.13,20.87,6.89
PHC-DST-A2-03,2024-02-08,1.9,22.1,4.18
PHC-DST-A2-03,2024-02-09,2.37,21.63,5.21
PHC-DST-A2-03,2024-02-10,0.71,23.29,1.56
PHC-DST-A2-03,2024-02-11,2.12,21.88,4.66
PHC-DST-A2-03,2024-02-12,0.99,23.01,2.18
PHC-DST-A2-03,2024-02-13,1.75,22.25,3.85
PHC-DST-A2-03,2024-02-14,4.07,19.93,8.95
PHC-DST-A2-03,2024-02-15,2.03,21.97,4.47
PHC-DST-A2-03,2024-02-16,1.15,22.85,2.53
PHC-DST-A2-03,2024-02-17,2.11,21.89,4.64
PHC-DST-A2-03,2024-02-18,1.41,22.59,3.1
PHC-DST-A2-03,2024-02-19,1.08,22.92,2.38
PHC-DST-A2-03,2024-02-20,3.38,20.62,7.44
PHC-DST-A2-03,2024-02-21,2.6,21.4,5.72
PHC-DST-A2-03,2024-02-22,2.06,21.94,4.53
PHC-DST-A2-03,2024-02-23,1.51,22.49,3.32
PHC-DST-A2-03,2024-02-24,1.57,22.43,3.45
PHC-DST-A2-03,2024-02-25,2.96,21.04,6.51
PHC-DST-A2-03,2024-02-26,2.03,21.97,4.47
PHC-DST-A2-03,2024-02-27,0.0,24.0,0.0
PHC-DST-A2-03,2024-02-28,3.62,20.38,7.96
PHC-DST-A2-03,2024-02-29,1.94,22.06,4.27
PHC-DST-A2-03,2024-03-01,2.06,21.94,4.53
PHC-DST-A2-03,2024-03-02,2.62,21.38,5.76
PHC-DST-A2-03,2024-03-03,2.15,21.85,4.73
PHC-DST-A2-03,2024-03-04,2.36,21.64,5.19
PHC-DST-A2-03,2024-03-05,1.48,22.52,3.26
PHC-DST-A2-03,2024-03-06,0.88,23.12,1.94
PHC-DST-A2-03,2024-03-07,2.01,21.99,4.42
PHC-DST-A2-03,2024-03-08,2.87,21.13,6.31
PHC-DST-A2-03,2024-03-09,1.31,22.69,2.88
PHC-DST-A2-03,2024-03-10,1.25,22.75,2.75
PHC-DST-A2-03,2024-03-11,2.72,21.28,5.98
PHC-DST-A2-03,2024-03-12,1.46,22.54,3.21
PHC-DST-A2-03,2024-03-13,1.49,22.51,3.28
PHC-DST-A2-03,2024-03-14,1.52,22.48,3.34
PHC-DST-A2-03,2024-03-15,1.75,22.25,3.85
PHC-DST-A2-03,2024-03-16,0.62,23.38,1.36
PHC-DST-A2-03,2024-03-17,1.4,22.6,3.08
PHC-DST-A2-03,2024-03-18,1.97,22.03,4.33
PHC-DST-A2-03,2024-03-19,1.97,22.03,4.33
PHC-DST-A2-03,2024-03-20,2.67,21.33,5.87
PHC-DST-A2-03,2024-03-21,3.18,20.82,7.0
PHC-DST-A2-03,2024-03-22,,21.07,6.45
PHC-DST-A2-03,2024-03-23,2.49,21.51,5.48
PHC-DST-A2-03,2024-03-24,1.69,22.31,3.72
PHC-DST-A2-03,2024-03-25,1.33,22.67,2.93
PHC-DST-A2-03,2024-03-26,1.81,22.19,3.98
PHC-DST-A2-03,2024-03-27,2.24,21.76,4.93
PHC-DST-A2-03,2024-03-28,2.42,21.58,5.32
PHC-DST-A2-03,2024-03-29,2.27,21.73,4.99
PHC-DST-A2-03,2024-03-30,1.71,22.29,3.76
PHC-DST-A2-03,2024-03-31,2.39,21.61,5.26
PHC-DST-A2-03,2024-04-01,2.75,21.25,6.05
PHC-DST-A2-03,2024-04-02,2.46,21.54,5.41
PHC-DST-A2-03,2024-04-03,1.78,22.22,3.92
PHC-DST-A2-03,2024-04-04,1.17,22.83,2.57
PHC-DST-A2-03,2024-04-05,1.16,22.84,2.55
PHC-DST-A2-03,2024-04-06,1.29,22.71,2.84
PHC-DST-A2-03,2024-04-07,1.99,22.01,4.38
PHC-DST-A2-03,2024-04-08,2.19,21.81,4.82
PHC-DST-A2-03,2024-04-09,0.74,23.26,1.63
PHC-DST-A2-03,2024-04-10,1.42,22.58,3.12
PHC-DST-A2-03,2024-04-11,1.98,22.02,4.36
PHC-DST-A2-03,2024-04-12,1.13,22.87,2.49
PHC-DST-A2-03,2024-04-13,2.13,21.87,4.69
PHC-DST-A2-03,2024-04-14,1.57,22.43,3.45
PHC-DST-A2-03,2024-04-15,1.26,22.74,2.77
PHC-DST-A2-03,2024-04-16,1.84,22.16,4.05
PHC-DST-A2-03,2024-04-17,2.09,21.91,4.6
PHC-DST-A2-03,2024-04-18,1.16,22.84,2.55
PHC-DST-A2-03,2024-04-19,1.62,22.38,3.56
PHC-DST-A2-03,2024-04-20,2.15,21.85,4.73
PHC-DST-A2-03,2024-04-21,1.23,22.77,2.71
PHC-DST-A2-03,2024-04-22,0.56,23.44,1.23
PHC-DST-A2-03,2024-04-23,0.65,23.35,1.43
PHC-DST-A2-03,2024-04-24,1.49,22.51,3.28
PHC-DST-A2-03,2024-04-25,0.81,23.19,1.78
PHC-DST-A2-03,2024-04-26,1.54,22.46,3.39
PHC-DST-A2-03,2024-04-27,3.05,20.95,6.71
PHC-DST-A2-03,2024-04-28,0.77,23.23,1.69
PHC-DST-A2-03,2024-04-29,1.59,22.41,3.5
PHC-DST-A2-03,2024-04-30,3.4,20.6,7.48
PHC-DST-A2-03,2024-05-01,2.11,21.89,4.64
PHC-DST-A2-03,2024-05-02,1.52,22.48,3.34
PHC-DST-A2-03,2024-05-03,1.68,22.32,3.7
PHC-DST-A2-03,2024-05-04,2.12,21.88,4.66
PHC-DST-A2-03,2024-05-05,3.07,20.93,6.75
PHC-DST-A2-03,2024-05-06,1.4,22.6,3.08
PHC-DST-A2-03,2024-05-07,,22.77,2.71
PHC-DST-A2-03,2024-05-08,0.77,23.23,1.69
PHC-DST-A2-03,2024-05-09,1.88,22.12,4.14
PHC-DST-A2-03,2024-05-10,0.75,23.25,1.65
PHC-DST-A2-03,2024-05-11,1.45,22.55,3.19
PHC-DST-A2-03,2024-05-12,1.12,22.88,2.46
PHC-DST-A2-03,2024-05-13,2.61,21.39,5.74
PHC-DST-A2-03,2024-05-14,1.42,22.58,3.12
PHC-DST-A2-03,2024-05-15,2.1,21.9,4.62
PHC-DST-A2-03,2024-05-16,0.6,23.4,1.32
PHC-DST-A2-03,2024-05-17,1.9,22.1,4.18
PHC-DST-A2-03,2024-05-18,0.9,23.1,1.98
PHC-DST-A2-03,2024-05-19,1.48,22.52,3.26
PHC-DST-A2-03,2024-05-20,3.46,20.54,7.61
PHC-DST-A2-03,2024-05-21,2.5,21.5,5.5
PHC-DST-A2-03,2024-05-22,1.7,22.3,3.74
PHC-DST-A2-03,2024-05-23,4.2,19.8,9.24
PHC-DST-A2-03,2024-05-24,1.11,22.89,2.44
PHC-DST-A2-03,2024-05-25,2.67,21.33,5.87
PHC-DST-A2-03,2024-05-26,0.65,23.35,1.43
PHC-DST-A2-03,2024-05-27,1.62,22.38,3.56
PHC-DST-A2-03,2024-05-28,0.79,23.21,1.74
PHC-DST-A2-03,2024-05-29,1.99,22.01,4.38
PHC-DST-A2-03,2024-05-30,1.84,22.16,4.05
PHC-DST-A2-03,2024-05-31,1.57,22.43,3.45
PHC-DST-A2-03,2024-06-01,2.62,21.38,5.76
PHC-DST-A2-03,2024-06-02,1.37,22.63,3.01
PHC-DST-A2-03,2024-06-03,2.05,21.95,4.51
PHC-DST-A2-03,2024-06-04,2.42,21.58,5.32
PHC-DST-A2-03,2024-06-05,0.69,23.31,1.52
PHC-DST-A2-03,2024-06-06,1.24,22.76,2.73
PHC-DST-A2-03,2024-06-07,1.84,22.16,4.05
PHC-DST-A2-03,2024-06-08,2.27,21.73,4.99
PHC-DST-A2-03,2024-06-09,2.87,21.13,6.31
PHC-DST-A2-03,2024-06-10,1.64,22.36,3.61
PHC-DST-A2-03,2024-06-11,1.56,22.44,3.43
PHC-DST-A2-03,2024-06-12,1.15,22.85,2.53
PHC-DST-A2-03,2024-06-13,2.05,21.95,4.51
PHC-DST-A2-03,2024-06-14,1.58,22.42,3.48
PHC-DST-A2-03,2024-06-15,1.59,22.41,3.5
PHC-DST-A2-03,2024-06-16,1.73,22.27,3.81
PHC-DST-A2-03,2024-06-17,2.21,21.79,4.86
PHC-DST-A2-03,2024-06-18,1.38,22.62,3.04
PHC-DST-A2-03,2024-06-19,1.22,22.78,2.68
PHC-DST-A2-03,2024-06-20,2.12,21.88,4.66
PHC-DST-A2-03,2024-06-21,0.0,24.0,0.0
PHC-DST-A2-03,2024-06-22,1.35,22.65,2.97
PHC-DST-A2-03,2024-06-23,0.94,23.06,2.07
PHC-DST-A2-03,2024-06-24,2.7,21.3,5.94
PHC-DST-A2-03,2024-06-25,1.47,22.53,3.23
PHC-DST-A2-03,2024-06-26,1.38,22.62,3.04
PHC-DST-A2-03,2024-06-27,1.76,22.24,3.87
PHC-DST-A2-03,2024-06-28,1.35,22.65,2.97
PHC-DST-A2-03,2024-06-29,1.5,22.5,3.3
PHC-DST-A2-03,2024-06-30,1.87,22.13,4.11
PHC-DST-A2-03,2024-07-01,1.48,22.52,3.26
PHC-DST-A2-03,2024-07-02,1.48,22.52,3.26
PHC-DST-A2-03,2024-07-03,1.04,22.96,2.29
PHC-DST-A2-03,2024-07-04,0.93,23.07,2.05
PHC-DST-A2-03,2024-07-05,7.18,16.82,15.8
PHC-DST-A2-03,2024-07-06,6.06,17.94,13.33
PHC-DST-A2-03,2024-07-07,2.37,21.63,5.21
PHC-DST-A2-03,2024-07-08,2.53,21.47,5.57
PHC-DST-A2-03,2024-07-09,2.02,21.98,4.44
PHC-DST-A2-03,2024-07-10,2.28,21.72,5.02
PHC-DST-A2-03,2024-07-11,7.07,16.93,15.55
PHC-DST-A2-03,2024-07-12,1.02,22.98,2.24
PHC-DST-A2-03,2024-07-13,0.65,23.35,1.43
PHC-DST-A2-03,2024-07-14,7.81,16.19,17.18
PHC-DST-A2-03,2024-07-15,1.11,22.89,2.44
PHC-DST-A2-03,2024-07-16,1.25,22.75,2.75
PHC-DST-A2-03,2024-07-17,1.56,22.44,3.43
PHC-DST-A2-03,2024-07-18,6.68,17.32,14.7
PHC-DST-A2-03,2024-07-19,0.33,23.67,0.73
PHC-DST-A2-03,2024-07-20,3.43,20.57,7.55
PHC-DST-A2-03,2024-07-21,5.01,18.99,11.02
PHC-DST-A2-03,2024-07-22,1.65,22.35,3.63
PHC-DST-A2-03,2024-07-23,2.15,21.85,4.73
PHC-DST-A2-03,2024-07-24,0.66,23.34,1.45
PHC-DST-A2-03,2024-07-25,1.17,22.83,2.57
PHC-DST-A2-03,2024-07-26,1.88,22.12,4.14
PHC-DST-A2-03,2024-07-27,0.1,23.9,0.22
PHC-DST-A2-03,2024-07-28,1.57,22.43,3.45
PHC-DST-A2-03,2024-07-29,1.53,22.47,3.37
PHC-DST-A2-03,2024-07-30,1.57,22.43,3.45
PHC-DST-A2-03,2024-07-31,5.37,18.63,11.81
PHC-DST-A2-03,2024-08-01,6.55,17.45,14.41
PHC-DST-A2-03,2024-08-02,1.57,22.43,3.45
PHC-DST-A2-03,2024-08-03,6.05,17.95,13.31
PHC-DST-A2-03,2024-08-04,7.7,16.3,16.94
PHC-DST-A2-03,2024-08-05,1.45,22.55,3.19
PHC-DST-A2-03,2024-08-06,0.18,23.82,0.4
PHC-DST-A2-03,2024-08-07,2.31,21.69,5.08
PHC-DST-A2-03,2024-08-08,0.88,23.12,1.94
PHC-DST-A2-03,2024-08-09,1.85,22.15,4.07
PHC-DST-A2-03,2024-08-10,1.19,22.81,2.62
PHC-DST-A2-03,2024-08-11,8.62,15.38,18.96
PHC-DST-A2-03,2024-08-12,2.2,21.8,4.84
PHC-DST-A2-03,2024-08-13,2.65,21.35,5.83
PHC-DST-A2-03,2024-08-14,6.01,17.99,13.22
PHC-DST-A2-03,2024-08-15,7.08,16.92,15.58
PHC-DST-A2-03,2024-08-16,1.63,22.37,3.59
PHC-DST-A2-03,2024-08-17,13.96,10.04,30.71
PHC-DST-A2-03,2024-08-18,2.0,22.0,4.4
PHC-DST-A2-03,2024-08-19,7.87,16.13,17.31
PHC-DST-A2-03,2024-08-20,1.7,22.3,3.74
PHC-DST-A2-03,2024-08-21,2.42,21.58,5.32
PHC-DST-A2-03,2024-08-22,12.68,11.32,27.9
PHC-DST-A2-03,2024-08-23,0.09,23.91,0.2
PHC-DST-A2-03,2024-08-24,2.39,21.61,5.26
PHC-DST-A2-03,2024-08-25,2.31,21.69,5.08
PHC-DST-A2-03,2024-08-26,2.47,21.53,5.43
PHC-DST-A2-03,2024-08-27,1.29,22.71,2.84
PHC-DST-A2-03,2024-08-28,9.06,14.94,19.93
PHC-DST-A2-03,2024-08-29,2.88,21.12,6.34
PHC-DST-A2-03,2024-08-30,6.17,17.83,13.57
PHC-DST-A2-03,2024-08-31,2.05,21.95,4.51
PHC-DST-A2-03,2024-09-01,2.8,21.2,6.16
PHC-DST-A2-03,2024-09-02,1.61,22.39,3.54
PHC-DST-A2-03,2024-09-03,1.51,22.49,3.32
PHC-DST-A2-03,2024-09-04,1.7,22.3,3.74
PHC-DST-A2-03,2024-09-05,1.07,22.93,2.35
PHC-DST-A2-03,2024-09-06,5.48,18.52,12.06
PHC-DST-A2-03,2024-09-07,14.13,9.87,31.09
PHC-DST-A2-03,2024-09-08,3.79,20.21,8.34
PHC-DST-A2-03,2024-09-09,3.23,20.77,7.11
PHC-DST-A2-03,2024-09-10,5.48,18.52,12.06
PHC-DST-A2-03,2024-09-11,7.18,16.82,15.8
PHC-DST-A2-03,2024-09-12,9.94,14.06,21.87
PHC-DST-A2-03,2024-09-13,4.78,19.22,10.52
PHC-DST-A2-03,2024-09-14,2.65,21.35,5.83
PHC-DST-A2-03,2024-09-15,6.86,17.14,15.09
PHC-DST-A2-03,2024-09-16,2.1,21.9,4.62
PHC-DST-A2-03,2024-09-17,0.0,24.0,0.0
PHC-DST-A2-03,2024-09-18,0.87,23.13,1.91
PHC-DST-A2-03,2024-09-19,2.15,21.85,4.73
PHC-DST-A2-03,2024-09-20,1.52,22.48,3.34
PHC-DST-A2-03,2024-09-21,1.38,22.62,3.04
PHC-DST-A2-03,2024-09-22,6.18,17.82,13.6
PHC-DST-A2-03,2024-09-23,2.14,21.86,4.71
PHC-DST-A2-03,2024-09-24,,21.82,4.8
PHC-DST-A2-03,2024-09-25,6.16,17.84,13.55
PHC-DST-A2-03,2024-09-26,0.8,23.2,1.76
PHC-DST-A2-03,2024-09-27,3.74,20.26,8.23
PHC-DST-A2-03,2024-09-28,0.62,23.38,1.36
PHC-DST-A2-03,2024-09-29,1.56,,3.43
PHC-DST-A2-03,2024-09-30,3.58,20.42,7.88
PHC-DST-A2-03,2024-10-01,0.45,23.55,0.99
PHC-DST-A2-03,2024-10-02,0.87,23.13,1.91
PHC-DST-A2-03,2024-10-03,1.96,22.04,4.31
PHC-DST-A2-03,2024-10-04,3.13,20.87,6.89
PHC-DST-A2-03,2024-10-05,1.95,22.05,4.29
PHC-DST-A2-03,2024-10-06,2.33,21.67,5.13
PHC-DST-A2-03,2024-10-07,1.55,22.45,3.41
PHC-DST-A2-03,2024-10-08,1.42,22.58,3.12
PHC-DST-A2-03,2024-10-09,1.86,22.14,4.09
PHC-DST-A2-03,2024-10-10,1.31,22.69,2.88
PHC-DST-A2-03,2024-10-11,2.34,21.66,5.15
PHC-DST-A2-03,2024-10-12,0.6,23.4,1.32
PHC-DST-A2-03,2024-10-13,2.47,21.53,5.43
PHC-DST-A2-03,2024-10-14,1.83,22.17,4.03
PHC-DST-A2-03,2024-10-15,1.64,22.36,3.61
PHC-DST-A2-03,2024-10-16,0.57,23.43,1.25
PHC-DST-A2-03,2024-10-17,1.07,22.93,2.35
PHC-DST-A2-03,2024-10-18,2.7,21.3,5.94
PHC-DST-A2-03,2024-10-19,1.64,22.36,3.61
PHC-DST-A2-03,2024-10-20,2.01,21.99,4.42
PHC-DST-A2-03,2024-10-21,1.14,22.86,2.51
PHC-DST-A2-03,2024-10-22,1.78,22.22,3.92
PHC-DST-A2-03,2024-10-23,0.77,23.23,1.69
PHC-DST-A2-03,2024-10-24,1.87,22.13,4.11
PHC-DST-A2-03,2024-10-25,2.08,21.92,4.58
PHC-DST-A2-03,2024-10-26,2.04,21.96,4.49
PHC-DST-A2-03,2024-10-27,1.12,22.88,2.46
PHC-DST-A2-03,2024-10-28,1.54,22.46,3.39
PHC-DST-A2-03,2024-10-29,2.2,21.8,4.84
PHC-DST-A2-03,2024-10-30,1.64,22.36,3.61
PHC-DST-A2-03,2024-10-31,1.58,22.42,3.48
PHC-DST-A2-03,2024-11-01,3.23,20.77,7.11
PHC-DST-A2-03,2024-11-02,1.09,,2.4
PHC-DST-A2-03,2024-11-03,2.61,21.39,5.74
PHC-DST-A2-03,2024-11-04,,23.07,2.05
PHC-DST-A2-03,2024-11-05,2.29,21.71,5.04
PHC-DST-A2-03,2024-11-06,2.33,21.67,5.13
PHC-DST-A2-03,2024-11-07,1.42,22.58,3.12
PHC-DST-A2-03,2024-11-08,0.89,23.11,1.96
PHC-DST-A2-03,2024-11-09,0.32,23.68,0.7
PHC-DST-A2-03,2024-11-10,1.34,22.66,2.95
PHC-DST-A2-03,2024-11-11,2.19,21.81,4.82
PHC-DST-A2-03,2024-11-12,0.99,23.01,2.18
PHC-DST-A2-03,2024-11-13,1.87,22.13,4.11
PHC-DST-A2-03,2024-11-14,0.69,23.31,1.52
PHC-DST-A2-03,2024-11-15,1.62,22.38,3.56
PHC-DST-A2-03,2024-11-16,0.94,23.06,2.07
PHC-DST-A2-03,2024-11-17,1.74,22.26,3.83
PHC-DST-A2-03,2024-11-18,1.42,22.58,3.12
PHC-DST-A2-03,2024-11-19,0.91,23.09,2.0
PHC-DST-A2-03,2024-11-20,1.31,22.69,2.88
PHC-DST-A2-03,2024-11-21,1.1,22.9,2.42
PHC-DST-A2-03,2024-11-22,0.81,23.19,1.78
PHC-DST-A2-03,2024-11-23,2.61,21.39,5.74
PHC-DST-A2-03,2024-11-24,1.53,22.47,3.37
PHC-DST-A2-03,2024-11-25,0.15,23.85,0.33
PHC-DST-A2-03,2024-11-26,1.33,,2.93
PHC-DST-A2-03,2024-11-27,2.49,21.51,5.48
PHC-DST-A2-03,2024-11-28,1.23,22.77,2.71
PHC-DST-A2-03,2024-11-29,2.92,,6.42
PHC-DST-A2-03,2024-11-30,1.16,22.84,2.55
PHC-DST-A2-03,2024-12-01,2.18,21.82,4.8
PHC-DST-A2-03,2024-12-02,2.58,21.42,5.68
PHC-DST-A2-03,2024-12-03,2.14,21.86,4.71
PHC-DST-A2-03,2024-12-04,0.77,23.23,1.69
PHC-DST-A2-03,2024-12-05,1.09,22.91,2.4
PHC-DST-A2-03,2024-12-06,2.68,21.32,5.9
PHC-DST-A2-03,2024-12-07,1.2,22.8,2.64
PHC-DST-A2-03,2024-12-08,2.53,21.47,5.57
PHC-DST-A2-03,2024-12-09,1.48,22.52,3.26
PHC-DST-A2-03,2024-12-10,1.91,22.09,4.2
PHC-DST-A2-03,2024-12-11,0.76,23.24,1.67
PHC-DST-A2-03,2024-12-12,1.34,22.66,2.95
PHC-DST-A2-03,2024-12-13,1.14,22.86,2.51
PHC-DST-A2-03,2024-12-14,1.97,22.03,4.33
PHC-DST-A2-03,2024-12-15,1.87,22.13,4.11
PHC-DST-A2-03,2024-12-16,2.15,21.85,4.73
PHC-DST-A2-03,2024-12-17,1.43,22.57,3.15
PHC-DST-A2-03,2024-12-18,1.1,22.9,2.42
PHC-DST-A2-03,2024-12-19,1.94,22.06,4.27
PHC-DST-A2-03,2024-12-20,1.03,22.97,2.27
PHC-DST-A2-03,2024-12-21,2.61,21.39,5.74
PHC-DST-A2-03,2024-12-22,1.71,22.29,3.76
PHC-DST-A2-03,2024-12-23,1.56,22.44,3.43
PHC-DST-A2-03,2024-12-24,2.15,21.85,4.73
PHC-DST-A2-03,2024-12-25,1.74,22.26,3.83
PHC-DST-A2-03,2024-12-26,0.56,23.44,1.23
PHC-DST-A2-03,2024-12-27,1.0,23.0,2.2
PHC-DST-A2-03,2024-12-28,2.59,21.41,5.7
PHC-DST-A2-03,2024-12-29,1.86,22.14,4.09
PHC-DST-A2-03,2024-12-30,0.54,23.46,1.19
PHC-DST-A2-03,2024-12-31,2.06,21.94,4.53
PHC-DST-A2-03,2025-01-01,1.38,22.62,3.04
PHC-DST-A2-03,2025-01-02,1.14,22.86,2.51
PHC-DST-A2-03,2025-01-03,0.94,23.06,2.07
PHC-DST-A2-03,2025-01-04,2.55,21.45,5.61
PHC-DST-A2-03,2025-01-05,0.33,23.67,0.73
PHC-DST-A2-03,2025-01-06,1.17,22.83,2.57
PHC-DST-A2-03,2025-01-07,1.89,22.11,4.16
PHC-DST-A2-03,2025-01-08,2.98,21.02,6.56
PHC-DST-A2-03,2025-01-09,2.22,21.78,4.88
PHC-DST-A2-03,2025-01-10,1.17,22.83,2.57
PHC-DST-A2-03,2025-01-11,2.95,21.05,6.49
PHC-DST-A2-03,2025-01-12,0.78,23.22,1.72
PHC-DST-A2-03,2025-01-13,2.0,22.0,4.4
PHC-DST-A2-03,2025-01-14,2.17,21.83,4.77
PHC-DST-A2-03,2025-01-15,1.14,22.86,2.51
PHC-DST-A2-03,2025-01-16,2.32,21.68,5.1
PHC-DST-A2-03,2025-01-17,1.41,22.59,3.1
PHC-DST-A2-03,2025-01-18,2.32,21.68,5.1
PHC-DST-A2-03,2025-01-19,0.42,23.58,0.92
PHC-DST-A2-03,2025-01-20,2.05,21.95,4.51
PHC-DST-A2-03,2025-01-21,1.49,22.51,3.28
PHC-DST-A2-03,2025-01-22,2.66,21.34,5.85
PHC-DST-A2-03,2025-01-23,1.77,22.23,3.89
PHC-DST-A2-03,2025-01-24,2.74,21.26,6.03
PHC-DST-A2-03,2025-01-25,2.18,21.82,4.8
PHC-DST-A2-03,2025-01-26,1.7,22.3,3.74
PHC-DST-A2-03,2025-01-27,2.39,21.61,5.26
PHC-DST-A2-03,2025-01-28,2.4,21.6,5.28
PHC-DST-A2-03,2025-01-29,2.15,,4.73
PHC-DST-A2-03,2025-01-30,0.08,23.92,0.18
PHC-DST-A2-03,2025-01-31,1.06,22.94,2.33
PHC-DST-A2-03,2025-02-01,2.84,21.16,6.25
PHC-DST-A2-03,2025-02-02,0.86,23.14,1.89
PHC-DST-A2-03,2025-02-03,2.46,21.54,5.41
PHC-DST-A2-03,2025-02-04,2.33,21.67,5.13
PHC-DST-A2-03,2025-02-05,1.26,22.74,2.77
PHC-DST-A2-03,2025-02-06,0.3,23.7,0.66
PHC-DST-A2-03,2025-02-07,1.37,22.63,3.01
PHC-DST-A2-03,2025-02-08,3.36,20.64,7.39
PHC-DST-A2-03,2025-02-09,1.15,22.85,2.53
PHC-DST-A2-03,2025-02-10,1.2,22.8,2.64
PHC-DST-A2-03,2025-02-11,1.05,22.95,2.31
PHC-DST-A2-03,2025-02-12,2.71,21.29,5.96
PHC-DST-A2-03,2025-02-13,1.62,22.38,3.56
PHC-DST-A2-03,2025-02-14,1.33,22.67,2.93
PHC-DST-A2-03,2025-02-15,2.86,21.14,6.29
PHC-DST-A2-03,2025-02-16,2.23,21.77,4.91
PHC-DST-A2-03,2025-02-17,1.11,22.89,2.44
PHC-DST-A2-03,2025-02-18,0.88,,1.94
PHC-DST-A2-03,2025-02-19,2.67,21.33,5.87
PHC-DST-A2-03,2025-02-20,1.81,22.19,3.98
PHC-DST-A2-03,2025-02-21,0.64,,1.41
PHC-DST-A2-03,2025-02-22,0.46,23.54,1.01
PHC-DST-A2-03,2025-02-23,0.96,23.04,2.11
PHC-DST-A2-03,2025-02-24,0.87,23.13,1.91
PHC-DST-A2-03,2025-02-25,0.27,23.73,0.59
PHC-DST-A2-03,2025-02-26,0.98,23.02,2.16
PHC-DST-A2-03,2025-02-27,1.11,22.89,2.44
PHC-DST-A2-03,2025-02-28,1.45,22.55,3.19
PHC-DST-A2-03,2025-03-01,3.07,20.93,6.75
PHC-DST-A2-03,2025-03-02,1.6,22.4,3.52
PHC-DST-A2-03,2025-03-03,1.67,22.33,3.67
PHC-DST-A2-03,2025-03-04,2.18,21.82,4.8
PHC-DST-A2-03,2025-03-05,1.62,22.38,3.56
PHC-DST-A2-03,2025-03-06,2.1,21.9,4.62
PHC-DST-A2-03,2025-03-07,2.01,21.99,4.42
PHC-DST-A2-03,2025-03-08,,22.11,4.16
PHC-DST-A2-03,2025-03-09,3.87,20.13,8.51
PHC-DST-A2-03,2025-03-10,2.48,21.52,5.46
PHC-DST-A2-03,2025-03-11,0.99,23.01,2.18
PHC-DST-A2-03,2025-03-12,2.08,21.92,4.58
PHC-DST-A2-03,2025-03-13,1.21,22.79,2.66
PHC-DST-A2-03,2025-03-14,2.13,21.87,4.69
PHC-DST-A2-03,2025-03-15,0.77,23.23,1.69
PHC-DST-A2-03,2025-03-16,0.97,23.03,2.13
PHC-DST-A2-03,2025-03-17,2.06,21.94,4.53
PHC-DST-A2-03,2025-03-18,2.55,,5.61
PHC-DST-A2-03,2025-03-19,2.18,21.82,4.8
PHC-DST-A2-03,2025-03-20,2.44,21.56,5.37
PHC-DST-A2-03,2025-03-21,2.08,21.92,4.58
PHC-DST-A2-03,2025-03-22,1.93,22.07,4.25
PHC-DST-A2-03,2025-03-23,1.42,22.58,3.12
PHC-DST-A2-03,2025-03-24,2.41,21.59,5.3
PHC-DST-A2-03,2025-03-25,2.57,21.43,5.65
PHC-DST-A2-03,2025-03-26,1.75,22.25,3.85
PHC-DST-A2-03,2025-03-27,1.71,22.29,3.76
PHC-DST-A2-03,2025-03-28,2.99,21.01,6.58
PHC-DST-A2-03,2025-03-29,1.78,22.22,3.92
PHC-DST-A2-03,2025-03-30,1.86,22.14,4.09
PHC-DST-A2-03,2025-03-31,2.16,21.84,4.75
PHC-DST-A2-03,2025-04-01,1.73,22.27,3.81
PHC-DST-A2-03,2025-04-02,1.18,22.82,2.6
PHC-DST-A2-03,2025-04-03,2.08,21.92,4.58
PHC-DST-A2-03,2025-04-04,1.77,22.23,3.89
PHC-DST-A2-03,2025-04-05,3.18,20.82,7.0
PHC-DST-A2-03,2025-04-06,2.39,21.61,5.26
PHC-DST-A2-03,2025-04-07,1.35,22.65,2.97
PHC-DST-A2-03,2025-04-08,2.35,21.65,5.17
PHC-DST-A2-03,2025-04-09,2.03,21.97,4.47
PHC-DST-A2-03,2025-04-10,2.78,21.22,6.12
PHC-DST-A2-03,2025-04-11,1.41,22.59,3.1
PHC-DST-A2-03,2025-04-12,1.94,22.06,4.27
PHC-DST-A2-03,2025-04-13,1.73,22.27,3.81
PHC-DST-A2-03,2025-04-14,1.84,22.16,4.05
PHC-DST-A2-03,2025-04-15,1.14,22.86,2.51
PHC-DST-A2-03,2025-04-16,2.23,21.77,4.91
PHC-DST-A2-03,2025-04-17,2.11,21.89,4.64
PHC-DST-A2-03,2025-04-18,2.76,21.24,6.07
PHC-DST-A2-03,2025-04-19,1.79,22.21,3.94
PHC-DST-A2-03,2025-04-20,1.49,22.51,3.28
PHC-DST-A2-03,2025-04-21,2.39,21.61,5.26
PHC-DST-A2-03,2025-04-22,1.2,22.8,2.64
PHC-DST-A2-03,2025-04-23,2.61,21.39,5.74
PHC-DST-A2-03,2025-04-24,2.61,21.39,5.74
PHC-DST-A2-03,2025-04-25,,21.26,6.03
PHC-DST-A2-03,2025-04-26,2.08,21.92,4.58
PHC-DST-A2-03,2025-04-27,1.44,22.56,3.17
PHC-DST-A2-03,2025-04-28,1.88,22.12,4.14
PHC-DST-A2-03,2025-04-29,2.09,21.91,4.6
PHC-DST-A2-03,2025-04-30,1.38,22.62,3.04
PHC-DST-A2-03,2025-05-01,2.8,21.2,6.16
PHC-DST-A2-03,2025-05-02,2.24,21.76,4.93
PHC-DST-A2-03,2025-05-03,1.13,22.87,2.49
PHC-DST-A2-03,2025-05-04,3.21,20.79,7.06
PHC-DST-A2-03,2025-05-05,1.87,22.13,4.11
PHC-DST-A2-03,2025-05-06,0.98,23.02,2.16
PHC-DST-A2-03,2025-05-07,1.18,22.82,2.6
PHC-DST-A2-03,2025-05-08,2.92,21.08,6.42
PHC-DST-A2-03,2025-05-09,3.17,20.83,6.97
PHC-DST-A2-03,2025-05-10,2.56,21.44,5.63
PHC-DST-A2-03,2025-05-11,2.79,21.21,6.14
PHC-DST-A2-03,2025-05-12,2.71,21.29,5.96
PHC-DST-A2-03,2025-05-13,2.22,21.78,4.88
PHC-DST-A2-03,2025-05-14,2.05,,4.51
PHC-DST-A2-03,2025-05-15,2.2,21.8,4.84
PHC-DST-A2-03,2025-05-16,2.35,21.65,5.17
PHC-DST-A2-03,2025-05-17,1.24,22.76,2.73
PHC-DST-A2-03,2025-05-18,2.35,21.65,5.17
PHC-DST-A2-03,2025-05-19,2.89,21.11,6.36
PHC-DST-A2-03,2025-05-20,1.65,22.35,3.63
PHC-DST-A2-03,2025-05-21,1.57,22.43,3.45
PHC-DST-A2-03,2025-05-22,2.16,21.84,4.75
PHC-DST-A2-03,2025-05-23,1.31,22.69,2.88
PHC-DST-A2-03,2025-05-24,0.81,23.19,1.78
PHC-DST-A2-03,2025-05-25,2.66,21.34,5.85
PHC-DST-A2-03,2025-05-26,1.46,22.54,3.21
PHC-DST-A2-03,2025-05-27,1.81,22.19,3.98
PHC-DST-A2-03,2025-05-28,1.34,22.66,2.95
PHC-DST-A2-03,2025-05-29,,21.24,6.07
PHC-DST-A2-03,2025-05-30,2.44,21.56,5.37
PHC-DST-A2-03,2025-05-31,1.62,22.38,3.56
PHC-DST-A2-03,2025-06-01,0.92,23.08,2.02
PHC-DST-A2-03,2025-06-02,1.54,22.46,3.39
PHC-DST-A2-03,2025-06-03,2.23,21.77,4.91
PHC-DST-A2-03,2025-06-04,1.94,22.06,4.27
PHC-DST-A2-03,2025-06-05,1.88,22.12,4.14
PHC-DST-A2-03,2025-06-06,1.96,22.04,4.31
PHC-DST-A2-03,2025-06-07,2.37,21.63,5.21
PHC-DST-A2-03,2025-06-08,1.77,22.23,3.89
PHC-DST-A2-03,2025-06-09,2.14,21.86,4.71
PHC-DST-A2-03,2025-06-10,1.06,22.94,2.33
PHC-DST-A2-03,2025-06-11,3.72,20.28,8.18
PHC-DST-A2-03,2025-06-12,1.59,22.41,3.5
PHC-DST-A2-03,2025-06-13,1.95,22.05,4.29
PHC-DST-A2-03,2025-06-14,2.22,21.78,4.88
PHC-DST-A2-03,2025-06-15,1.49,22.51,3.28
PHC-DST-A2-03,2025-06-16,1.81,22.19,3.98
PHC-DST-A2-03,2025-06-17,1.8,22.2,3.96
PHC-DST-A2-03,2025-06-18,1.11,22.89,2.44
PHC-DST-A2-03,2025-06-19,2.13,21.87,4.69
PHC-DST-A2-03,2025-06-20,0.56,23.44,1.23
PHC-DST-A2-03,2025-06-21,3.11,20.89,6.84
PHC-DST-A2-03,2025-06-22,2.39,21.61,5.26
PHC-DST-A2-03,2025-06-23,2.28,21.72,5.02
PHC-DST-A2-03,2025-06-24,0.5,23.5,1.1
PHC-DST-A2-03,2025-06-25,1.21,22.79,2.66
PHC-DST-A2-03,2025-06-26,2.84,21.16,6.25
PHC-DST-A2-03,2025-06-27,4.91,19.09,10.8
PHC-DST-A2-03,2025-06-28,2.7,21.3,5.94
PHC-DST-A2-03,2025-06-29,2.58,,5.68
PHC-DST-A2-03,2025-06-30,2.19,21.81,4.82
PHC-DST-A2-04,2024-01-01,3.16,20.84,5.91
PHC-DST-A2-04,2024-01-02,4.55,19.45,8.51
PHC-DST-A2-04,2024-01-03,2.97,21.03,5.55
PHC-DST-A2-04,2024-01-04,2.89,21.11,5.4
PHC-DST-A2-04,2024-01-05,2.84,21.16,5.31
PHC-DST-A2-04,2024-01-06,4.53,19.47,8.47
PHC-DST-A2-04,2024-01-07,3.76,20.24,7.03
PHC-DST-A2-04,2024-01-08,3.88,20.12,7.26
PHC-DST-A2-04,2024-01-09,3.79,20.21,7.09
PHC-DST-A2-04,2024-01-10,2.96,21.04,5.54
PHC-DST-A2-04,2024-01-11,3.3,20.7,6.17
PHC-DST-A2-04,2024-01-12,3.33,20.67,6.23
PHC-DST-A2-04,2024-01-13,2.75,21.25,5.14
PHC-DST-A2-04,2024-01-14,3.42,20.58,6.4
PHC-DST-A2-04,2024-01-15,2.99,21.01,5.59
PHC-DST-A2-04,2024-01-16,4.23,19.77,7.91
PHC-DST-A2-04,2024-01-17,4.3,19.7,8.04
PHC-DST-A2-04,2024-01-18,2.83,21.17,5.29
PHC-DST-A2-04,2024-01-19,3.58,20.42,6.69
PHC-DST-A2-04,2024-01-20,5.19,18.81,9.71
PHC-DST-A2-04,2024-01-21,3.06,20.94,5.72
PHC-DST-A2-04,2024-01-22,4.12,19.88,7.7
PHC-DST-A2-04,2024-01-23,3.88,20.12,7.26
PHC-DST-A2-04,2024-01-24,4.62,19.38,8.64
PHC-DST-A2-04,2024-01-25,4.02,19.98,7.52
PHC-DST-A2-04,2024-01-26,3.48,20.52,6.51
PHC-DST-A2-04,2024-01-27,3.85,20.15,7.2
PHC-DST-A2-04,2024-01-28,3.86,20.14,7.22
PHC-DST-A2-04,2024-01-29,3.73,20.27,6.98
PHC-DST-A2-04,2024-01-30,2.81,21.19,5.25
PHC-DST-A2-04,2024-01-31,4.73,19.27,8.85
PHC-DST-A2-04,2024-02-01,4.6,19.4,8.6
PHC-DST-A2-04,2024-02-02,3.02,20.98,5.65
PHC-DST-A2-04,2024-02-03,3.57,20.43,6.68
PHC-DST-A2-04,2024-02-04,3.63,20.37,6.79
PHC-DST-A2-04,2024-02-05,2.93,21.07,5.48
PHC-DST-A2-04,2024-02-06,2.4,21.6,4.49
PHC-DST-A2-04,2024-02-07,3.3,20.7,6.17
PHC-DST-A2-04,2024-02-08,3.53,20.47,6.6
PHC-DST-A2-04,2024-02-09,2.72,21.28,5.09
PHC-DST-A2-04,2024-02-10,3.93,20.07,7.35
PHC-DST-A2-04,2024-02-11,4.67,19.33,8.73
PHC-DST-A2-04,2024-02-12,4.43,19.57,8.28
PHC-DST-A2-04,2024-02-13,3.7,20.3,6.92
PHC-DST-A2-04,2024-02-14,2.42,21.58,4.53
PHC-DST-A2-04,2024-02-15,4.34,19.66,8.12
PHC-DST-A2-04,2024-02-16,3.91,20.09,7.31
PHC-DST-A2-04,2024-02-17,4.12,19.88,7.7
PHC-DST-A2-04,2024-02-18,5.25,18.75,9.82
PHC-DST-A2-04,2024-02-19,3.18,20.82,5.95
PHC-DST-A2-04,2024-02-20,1.64,22.36,3.07
PHC-DST-A2-04,2024-02-21,3.01,20.99,5.63
PHC-DST-A2-04,2024-02-22,4.16,19.84,7.78
PHC-DST-A2-04,2024-02-23,3.82,20.18,7.14
PHC-DST-A2-04,2024-02-24,2.89,21.11,5.4
PHC-DST-A2-04,2024-02-25,2.74,21.26,5.12
PHC-DST-A2-04,2024-02-26,3.53,20.47,6.6
PHC-DST-A2-04,2024-02-27,2.87,21.13,5.37
PHC-DST-A2-04,2024-02-28,4.19,19.81,7.84
PHC-DST-A2-04,2024-02-29,3.49,20.51,6.53
PHC-DST-A2-04,2024-03-01,3.33,20.67,6.23
PHC-DST-A2-04,2024-03-02,3.23,20.77,6.04
PHC-DST-A2-04,2024-03-03,4.0,20.0,7.48
PHC-DST-A2-04,2024-03-04,3.83,20.17,7.16
PHC-DST-A2-04,2024-03-05,3.95,20.05,7.39
PHC-DST-A2-04,2024-03-06,3.94,,7.37
PHC-DST-A2-04,2024-03-07,3.75,,7.01
PHC-DST-A2-04,2024-03-08,3.03,20.97,5.67
PHC-DST-A2-04,2024-03-09,3.25,20.75,6.08
PHC-DST-A2-04,2024-03-10,3.5,20.5,6.55
PHC-DST-A2-04,2024-03-11,5.35,18.65,10.0
PHC-DST-A2-04,2024-03-12,2.79,21.21,5.22
PHC-DST-A2-04,2024-03-13,3.49,,6.53
PHC-DST-A2-04,2024-03-14,3.87,20.13,7.24
PHC-DST-A2-04,2024-03-15,3.57,20.43,6.68
PHC-DST-A2-04,2024-03-16,,19.39,8.62
PHC-DST-A2-04,2024-03-17,3.57,20.43,6.68
PHC-DST-A2-04,2024-03-18,3.62,20.38,6.77
PHC-DST-A2-04,2024-03-19,4.41,19.59,8.25
PHC-DST-A2-04,2024-03-20,5.16,18.84,9.65
PHC-DST-A2-04,2024-03-21,4.86,19.14,9.09
PHC-DST-A2-04,2024-03-22,3.7,20.3,6.92
PHC-DST-A2-04,2024-03-23,3.76,20.24,7.03
PHC-DST-A2-04,2024-03-24,3.84,20.16,7.18
PHC-DST-A2-04,2024-03-25,3.91,,7.31
PHC-DST-A2-04,2024-03-26,3.16,20.84,5.91
PHC-DST-A2-04,2024-03-27,4.5,19.5,8.42
PHC-DST-A2-04,2024-03-28,3.95,20.05,7.39
PHC-DST-A2-04,2024-03-29,3.77,20.23,7.05
PHC-DST-A2-04,2024-03-30,2.85,21.15,5.33
PHC-DST-A2-04,2024-03-31,3.85,20.15,7.2
PHC-DST-A2-04,2024-04-01,2.38,,4.45
PHC-DST-A2-04,2024-04-02,3.36,20.64,6.28
PHC-DST-A2-04,2024-04-03,3.38,20.62,6.32
PHC-DST-A2-04,2024-04-04,4.02,19.98,7.52
PHC-DST-A2-04,2024-04-05,5.21,18.79,9.74
PHC-DST-A2-04,2024-04-06,4.23,19.77,7.91
PHC-DST-A2-04,2024-04-07,4.89,19.11,9.14
PHC-DST-A2-04,2024-04-08,4.28,19.72,8.0
PHC-DST-A2-04,2024-04-09,4.64,19.36,8.68
PHC-DST-A2-04,2024-04-10,5.19,18.81,9.71
PHC-DST-A2-04,2024-04-11,3.25,20.75,6.08
PHC-DST-A2-04,2024-04-12,3.2,20.8,5.98
PHC-DST-A2-04,2024-04-13,4.3,19.7,8.04
PHC-DST-A2-04,2024-04-14,3.8,20.2,7.11
PHC-DST-A2-04,2024-04-15,3.97,20.03,7.42
PHC-DST-A2-04,2024-04-16,3.61,20.39,6.75
PHC-DST-A2-04,2024-04-17,3.35,20.65,6.26
PHC-DST-A2-04,2024-04-18,5.02,18.98,9.39
PHC-DST-A2-04,2024-04-19,2.98,21.02,5.57
PHC-DST-A2-04,2024-04-20,4.31,19.69,8.06
PHC-DST-A2-04,2024-04-21,4.19,19.81,7.84
PHC-DST-A2-04,2024-04-22,2.62,21.38,4.9
PHC-DST-A2-04,2024-04-23,3.18,20.82,5.95
PHC-DST-A2-04,2024-04-24,3.3,20.7,6.17
PHC-DST-A2-04,2024-04-25,4.22,19.78,7.89
PHC-DST-A2-04,2024-04-26,3.52,20.48,6.58
PHC-DST-A2-04,2024-04-27,3.74,20.26,6.99
PHC-DST-A2-04,2024-04-28,2.71,21.29,5.07
PHC-DST-A2-04,2024-04-29,5.54,18.46,10.36
PHC-DST-A2-04,2024-04-30,3.85,20.15,7.2
PHC-DST-A2-04,2024-05-01,4.17,19.83,7.8
PHC-DST-A2-04,2024-05-02,3.39,20.61,6.34
PHC-DST-A2-04,2024-05-03,3.31,20.69,6.19
PHC-DST-A2-04,2024-05-04,5.23,18.77,9.78
PHC-DST-A2-04,2024-05-05,2.36,21.64,4.41
PHC-DST-A2-04,2024-05-06,4.01,19.99,7.5
PHC-DST-A2-04,2024-05-07,2.89,21.11,5.4
PHC-DST-A2-04,2024-05-08,3.5,20.5,6.55
PHC-DST-A2-04,2024-05-09,3.32,20.68,6.21
PHC-DST-A2-04,2024-05-10,3.06,20.94,5.72
PHC-DST-A2-04,2024-05-11,3.83,20.17,7.16
PHC-DST-A2-04,2024-05-12,1.87,22.13,3.5
PHC-DST-A2-04,2024-05-13,3.56,20.44,6.66
PHC-DST-A2-04,2024-05-14,3.73,20.27,6.98
PHC-DST-A2-04,2024-05-15,2.78,21.22,5.2
PHC-DST-A2-04,2024-05-16,4.93,19.07,9.22
PHC-DST-A2-04,2024-05-17,3.35,20.65,6.26
PHC-DST-A2-04,2024-05-18,3.62,20.38,6.77
PHC-DST-A2-04,2024-05-19,3.36,20.64,6.28
PHC-DST-A2-04,2024-05-20,3.74,20.26,6.99
PHC-DST-A2-04,2024-05-21,4.78,19.22,8.94
PHC-DST-A2-04,2024-05-22,,18.35,10.57
PHC-DST-A2-04,2024-05-23,4.36,19.64,8.15
PHC-DST-A2-04,2024-05-24,4.62,19.38,8.64
PHC-DST-A2-04,2024-05-25,5.09,18.91,9.52
PHC-DST-A2-04,2024-05-26,3.99,20.01,7.46
PHC-DST-A2-04,2024-05-27,4.98,19.02,9.31
PHC-DST-A2-04,2024-05-28,4.39,19.61,8.21
PHC-DST-A2-04,2024-05-29,3.91,20.09,7.31
PHC-DST-A2-04,2024-05-30,4.06,19.94,7.59
PHC-DST-A2-04,2024-05-31,2.43,21.57,4.54
PHC-DST-A2-04,2024-06-01,4.02,,7.52
PHC-DST-A2-04,2024-06-02,2.64,21.36,4.94
PHC-DST-A2-04,2024-06-03,2.58,21.42,4.82
PHC-DST-A2-04,2024-06-04,3.94,20.06,7.37
PHC-DST-A2-04,2024-06-05,2.96,21.04,5.54
PHC-DST-A2-04,2024-06-06,3.79,20.21,7.09
PHC-DST-A2-04,2024-06-07,3.9,20.1,7.29
PHC-DST-A2-04,2024-06-08,3.94,20.06,7.37
PHC-DST-A2-04,2024-06-09,3.12,20.88,5.83
PHC-DST-A2-04,2024-06-10,4.47,19.53,8.36
PHC-DST-A2-04,2024-06-11,3.73,20.27,6.98
PHC-DST-A2-04,2024-06-12,4.13,19.87,7.72
PHC-DST-A2-04,2024-06-13,2.9,21.1,5.42
PHC-DST-A2-04,2024-06-14,3.67,20.33,6.86
PHC-DST-A2-04,2024-06-15,4.62,19.38,8.64
PHC-DST-A2-04,2024-06-16,4.53,19.47,8.47
PHC-DST-A2-04,2024-06-17,3.2,20.8,5.98
PHC-DST-A2-04,2024-06-18,3.39,20.61,6.34
PHC-DST-A2-04,2024-06-19,3.06,20.94,5.72
PHC-DST-A2-04,2024-06-20,3.31,20.69,6.19
PHC-DST-A2-04,2024-06-21,2.75,21.25,5.14
PHC-DST-A2-04,2024-06-22,3.7,20.3,6.92
PHC-DST-A2-04,2024-06-23,4.27,19.73,7.98
PHC-DST-A2-04,2024-06-24,,20.79,6.0
PHC-DST-A2-04,2024-06-25,3.73,20.27,6.98
PHC-DST-A2-04,2024-06-26,3.63,20.37,6.79
PHC-DST-A2-04,2024-06-27,4.59,19.41,8.58
PHC-DST-A2-04,2024-06-28,3.34,20.66,6.25
PHC-DST-A2-04,2024-06-29,3.37,20.63,6.3
PHC-DST-A2-04,2024-06-30,3.17,20.83,5.93
PHC-DST-A2-04,2024-07-01,2.95,21.05,5.52
PHC-DST-A2-04,2024-07-02,4.2,19.8,7.85
PHC-DST-A2-04,2024-07-03,3.7,20.3,6.92
PHC-DST-A2-04,2024-07-04,3.84,20.16,7.18
PHC-DST-A2-04,2024-07-05,7.71,16.29,14.42
PHC-DST-A2-04,2024-07-06,9.24,,17.28
PHC-DST-A2-04,2024-07-07,3.97,20.03,7.42
PHC-DST-A2-04,2024-07-08,3.45,20.55,6.45
PHC-DST-A2-04,2024-07-09,4.05,19.95,7.57
PHC-DST-A2-04,2024-07-10,2.51,21.49,4.69
PHC-DST-A2-04,2024-07-11,6.99,17.01,13.07
PHC-DST-A2-04,2024-07-12,3.15,20.85,5.89
PHC-DST-A2-04,2024-07-13,3.36,20.64,6.28
PHC-DST-A2-04,2024-07-14,7.34,16.66,13.73
PHC-DST-A2-04,2024-07-15,3.44,20.56,6.43
PHC-DST-A2-04,2024-07-16,2.81,21.19,5.25
PHC-DST-A2-04,2024-07-17,4.38,19.62,8.19
PHC-DST-A2-04,2024-07-18,9.74,14.26,18.21
PHC-DST-A2-04,2024-07-19,3.57,20.43,6.68
PHC-DST-A2-04,2024-07-20,4.13,19.87,7.72
PHC-DST-A2-04,2024-07-21,8.56,15.44,16.01
PHC-DST-A2-04,2024-07-22,3.31,20.69,6.19
PHC-DST-A2-04,2024-07-23,3.58,20.42,6.69
PHC-DST-A2-04,2024-07-24,3.99,20.01,7.46
PHC-DST-A2-04,2024-07-25,3.81,20.19,7.12
PHC-DST-A2-04,2024-07-26,3.96,20.04,7.41
PHC-DST-A2-04,2024-07-27,2.66,21.34,4.97
PHC-DST-A2-04,2024-07-28,4.3,19.7,8.04
PHC-DST-A2-04,2024-07-29,3.8,20.2,7.11
PHC-DST-A2-04,2024-07-30,5.71,18.29,10.68
PHC-DST-A2-04,2024-07-31,7.57,16.43,14.16
PHC-DST-A2-04,2024-08-01,8.18,15.82,15.3
PHC-DST-A2-04,2024-08-02,3.75,20.25,7.01
PHC-DST-A2-04,2024-08-03,7.85,16.15,14.68
PHC-DST-A2-04,2024-08-04,8.75,15.25,16.36
PHC-DST-A2-04,2024-08-05,3.44,20.56,6.43
PHC-DST-A2-04,2024-08-06,3.66,20.34,6.84
PHC-DST-A2-04,2024-08-07,2.73,21.27,5.11
PHC-DST-A2-04,2024-08-08,4.81,19.19,8.99
PHC-DST-A2-04,2024-08-09,3.59,20.41,6.71
PHC-DST-A2-04,2024-08-10,2.89,21.11,5.4
PHC-DST-A2-04,2024-08-11,6.28,17.72,11.74
PHC-DST-A2-04,2024-08-12,4.05,19.95,7.57
PHC-DST-A2-04,2024-08-13,4.43,19.57,8.28
PHC-DST-A2-04,2024-08-14,6.16,17.84,11.52
PHC-DST-A2-04,2024-08-15,6.81,17.19,12.73
PHC-DST-A2-04,2024-08-16,3.55,20.45,6.64
PHC-DST-A2-04,2024-08-17,12.27,11.73,22.94
PHC-DST-A2-04,2024-08-18,3.94,20.06,7.37
PHC-DST-A2-04,2024-08-19,,16.71,13.63
PHC-DST-A2-04,2024-08-20,3.92,20.08,7.33
PHC-DST-A2-04,2024-08-21,4.61,19.39,8.62
PHC-DST-A2-04,2024-08-22,18.87,5.13,35.29
PHC-DST-A2-04,2024-08-23,4.51,19.49,8.43
PHC-DST-A2-04,2024-08-24,3.48,20.52,6.51
PHC-DST-A2-04,2024-08-25,2.97,21.03,5.55
PHC-DST-A2-04,2024-08-26,,21.28,5.09
PHC-DST-A2-04,2024-08-27,4.0,20.0,7.48
PHC-DST-A2-04,2024-08-28,12.93,11.07,24.18
PHC-DST-A2-04,2024-08-29,3.29,20.71,6.15
PHC-DST-A2-04,2024-08-30,9.52,14.48,17.8
PHC-DST-A2-04,2024-08-31,3.29,20.71,6.15
PHC-DST-A2-04,2024-09-01,3.81,20.19,7.12
PHC-DST-A2-04,2024-09-02,4.54,19.46,8.49
PHC-DST-A2-04,2024-09-03,3.89,20.11,7.27
PHC-DST-A2-04,2024-09-04,3.89,20.11,7.27
PHC-DST-A2-04,2024-09-05,3.95,20.05,7.39
PHC-DST-A2-04,2024-09-06,9.59,14.41,17.93
PHC-DST-A2-04,2024-09-07,14.19,9.81,26.54
PHC-DST-A2-04,2024-09-08,7.58,16.42,14.17
PHC-DST-A2-04,2024-09-09,4.57,19.43,8.55
PHC-DST-A2-04,2024-09-10,8.38,15.62,15.67
PHC-DST-A2-04,2024-09-11,9.79,14.21,18.31
PHC-DST-A2-04,2024-09-12,15.71,8.29,29.38
PHC-DST-A2-04,2024-09-13,7.32,16.68,13.69
PHC-DST-A2-04,2024-09-14,4.96,19.04,9.28
PHC-DST-A2-04,2024-09-15,5.65,18.35,10.57
PHC-DST-A2-04,2024-09-16,3.56,20.44,6.66
PHC-DST-A2-04,2024-09-17,3.83,20.17,7.16
PHC-DST-A2-04,2024-09-18,3.65,20.35,6.83
PHC-DST-A2-04,2024-09-19,2.57,21.43,4.81
PHC-DST-A2-04,2024-09-20,4.66,19.34,8.71
PHC-DST-A2-04,2024-09-21,5.42,18.58,10.14
PHC-DST-A2-04,2024-09-22,8.75,15.25,16.36
PHC-DST-A2-04,2024-09-23,3.97,20.03,7.42
PHC-DST-A2-04,2024-09-24,3.17,20.83,5.93
PHC-DST-A2-04,2024-09-25,9.69,14.31,18.12
PHC-DST-A2-04,2024-09-26,3.54,20.46,6.62
PHC-DST-A2-04,2024-09-27,9.07,14.93,16.96
PHC-DST-A2-04,2024-09-28,4.68,19.32,8.75
PHC-DST-A2-04,2024-09-29,3.16,20.84,5.91
PHC-DST-A2-04,2024-09-30,3.6,20.4,6.73
PHC-DST-A2-04,2024-10-01,3.42,20.58,6.4
PHC-DST-A2-04,2024-10-02,3.85,20.15,7.2
PHC-DST-A2-04,2024-10-03,4.63,19.37,8.66
PHC-DST-A2-04,2024-10-04,3.2,20.8,5.98
PHC-DST-A2-04,2024-10-05,4.62,19.38,8.64
PHC-DST-A2-04,2024-10-06,3.88,20.12,7.26
PHC-DST-A2-04,2024-10-07,5.54,18.46,10.36
PHC-DST-A2-04,2024-10-08,4.04,19.96,7.55
PHC-DST-A2-04,2024-10-09,3.73,20.27,6.98
PHC-DST-A2-04,2024-10-10,4.23,19.77,7.91
PHC-DST-A2-04,2024-10-11,3.55,20.45,6.64
PHC-DST-A2-04,2024-10-12,2.45,21.55,4.58
PHC-DST-A2-04,2024-10-13,3.62,20.38,6.77
PHC-DST-A2-04,2024-10-14,3.61,20.39,6.75
PHC-DST-A2-04,2024-10-15,2.61,21.39,4.88
PHC-DST-A2-04,2024-10-16,3.75,20.25,7.01
PHC-DST-A2-04,2024-10-17,2.25,21.75,4.21
PHC-DST-A2-04,2024-10-18,3.54,20.46,6.62
PHC-DST-A2-04,2024-10-19,3.98,20.02,7.44
PHC-DST-A2-04,2024-10-20,3.87,20.13,7.24
PHC-DST-A2-04,2024-10-21,3.49,20.51,6.53
PHC-DST-A2-04,2024-10-22,3.74,20.26,6.99
PHC-DST-A2-04,2024-10-23,3.21,20.79,6.0
PHC-DST-A2-04,2024-10-24,3.81,20.19,7.12
PHC-DST-A2-04,2024-10-25,3.84,20.16,7.18
PHC-DST-A2-04,2024-10-26,3.12,20.88,5.83
PHC-DST-A2-04,2024-10-27,4.0,20.0,7.48
PHC-DST-A2-04,2024-10-28,4.0,20.0,7.48
PHC-DST-A2-04,2024-10-29,3.68,20.32,6.88
PHC-DST-A2-04,2024-10-30,5.62,18.38,10.51
PHC-DST-A2-04,2024-10-31,3.69,20.31,6.9
PHC-DST-A2-04,2024-11-01,3.59,20.41,6.71
PHC-DST-A2-04,2024-11-02,3.48,20.52,6.51
PHC-DST-A2-04,2024-11-03,3.07,20.93,5.74
PHC-DST-A2-04,2024-11-04,4.31,19.69,8.06
PHC-DST-A2-04,2024-11-05,3.29,20.71,6.15
PHC-DST-A2-04,2024-11-06,3.37,20.63,6.3
PHC-DST-A2-04,2024-11-07,3.4,20.6,6.36
PHC-DST-A2-04,2024-11-08,3.06,20.94,5.72
PHC-DST-A2-04,2024-11-09,2.49,21.51,4.66
PHC-DST-A2-04,2024-11-10,3.45,20.55,6.45
PHC-DST-A2-04,2024-11-11,4.46,19.54,8.34
PHC-DST-A2-04,2024-11-12,3.95,20.05,7.39
PHC-DST-A2-04,2024-11-13,4.97,19.03,9.29
PHC-DST-A2-04,2024-11-14,4.36,19.64,8.15
PHC-DST-A2-04,2024-11-15,4.19,19.81,7.84
PHC-DST-A2-04,2024-11-16,5.21,18.79,9.74
PHC-DST-A2-04,2024-11-17,3.73,20.27,6.98
PHC-DST-A2-04,2024-11-18,3.85,20.15,7.2
PHC-DST-A2-04,2024-11-19,3.79,20.21,7.09
PHC-DST-A2-04,2024-11-20,4.96,19.04,9.28
PHC-DST-A2-04,2024-11-21,3.8,20.2,7.11
PHC-DST-A2-04,2024-11-22,3.31,20.69,6.19
PHC-DST-A2-04,2024-11-23,4.24,19.76,7.93
PHC-DST-A2-04,2024-11-24,3.19,20.81,5.97
PHC-DST-A2-04,2024-11-25,4.2,19.8,7.85
PHC-DST-A2-04,2024-11-26,4.11,19.89,7.69
PHC-DST-A2-04,2024-11-27,3.66,20.34,6.84
PHC-DST-A2-04,2024-11-28,4.22,19.78,7.89
PHC-DST-A2-04,2024-11-29,2.68,21.32,5.01
PHC-DST-A2-04,2024-11-30,3.92,20.08,7.33
PHC-DST-A2-04,2024-12-01,3.45,20.55,6.45
PHC-DST-A2-04,2024-12-02,5.95,18.05,11.13
PHC-DST-A2-04,2024-12-03,3.92,20.08,7.33
PHC-DST-A2-04,2024-12-04,3.35,20.65,6.26
PHC-DST-A2-04,2024-12-05,2.77,21.23,5.18
PHC-DST-A2-04,2024-12-06,4.78,19.22,8.94
PHC-DST-A2-04,2024-12-07,3.54,20.46,6.62
PHC-DST-A2-04,2024-12-08,3.21,20.79,6.0
PHC-DST-A2-04,2024-12-09,4.05,19.95,7.57
PHC-DST-A2-04,2024-12-10,4.29,19.71,8.02
PHC-DST-A2-04,2024-12-11,4.28,19.72,8.0
PHC-DST-A2-04,2024-12-12,3.81,20.19,7.12
PHC-DST-A2-04,2024-12-13,3.92,20.08,7.33
PHC-DST-A2-04,2024-12-14,3.97,20.03,7.42
PHC-DST-A2-04,2024-12-15,4.05,19.95,7.57
PHC-DST-A2-04,2024-12-16,4.12,19.88,7.7
PHC-DST-A2-04,2024-12-17,4.62,19.38,8.64
PHC-DST-A2-04,2024-12-18,3.84,20.16,7.18
PHC-DST-A2-04,2024-12-19,3.19,20.81,5.97
PHC-DST-A2-04,2024-12-20,3.69,20.31,6.9
PHC-DST-A2-04,2024-12-21,4.37,19.63,8.17
PHC-DST-A2-04,2024-12-22,2.46,21.54,4.6
PHC-DST-A2-04,2024-12-23,2.46,21.54,4.6
PHC-DST-A2-04,2024-12-24,4.49,19.51,8.4
PHC-DST-A2-04,2024-12-25,4.94,19.06,9.24
PHC-DST-A2-04,2024-12-26,2.85,21.15,5.33
PHC-DST-A2-04,2024-12-27,3.88,20.12,7.26
PHC-DST-A2-04,2024-12-28,3.5,20.5,6.55
PHC-DST-A2-04,2024-12-29,3.6,20.4,6.73
PHC-DST-A2-04,2024-12-30,4.03,19.97,7.54
PHC-DST-A2-04,2024-12-31,2.83,21.17,5.29
PHC-DST-A2-04,2025-01-01,2.97,21.03,5.55
PHC-DST-A2-04,2025-01-02,3.57,20.43,6.68
PHC-DST-A2-04,2025-01-03,3.69,20.31,6.9
PHC-DST-A2-04,2025-01-04,2.96,21.04,5.54
PHC-DST-A2-04,2025-01-05,4.39,19.61,8.21
PHC-DST-A2-04,2025-01-06,3.49,20.51,6.53
PHC-DST-A2-04,2025-01-07,3.48,20.52,6.51
PHC-DST-A2-04,2025-01-08,4.01,19.99,7.5
PHC-DST-A2-04,2025-01-09,3.7,20.3,6.92
PHC-DST-A2-04,2025-01-10,4.43,19.57,8.28
PHC-DST-A2-04,2025-01-11,3.1,20.9,5.8
PHC-DST-A2-04,2025-01-12,2.75,21.25,5.14
PHC-DST-A2-04,2025-01-13,3.57,20.43,6.68
PHC-DST-A2-04,2025-01-14,3.85,20.15,7.2
PHC-DST-A2-04,2025-01-15,2.87,21.13,5.37
PHC-DST-A2-04,2025-01-16,2.76,21.24,5.16
PHC-DST-A2-04,2025-01-17,3.94,20.06,7.37
PHC-DST-A2-04,2025-01-18,3.23,20.77,6.04
PHC-DST-A2-04,2025-01-19,2.71,21.29,5.07
PHC-DST-A2-04,2025-01-20,4.52,19.48,8.45
PHC-DST-A2-04,2025-01-21,3.33,20.67,6.23
PHC-DST-A2-04,2025-01-22,4.66,19.34,8.71
PHC-DST-A2-04,2025-01-23,3.82,20.18,7.14
PHC-DST-A2-04,2025-01-24,4.02,19.98,7.52
PHC-DST-A2-04,2025-01-25,3.64,20.36,6.81
PHC-DST-A2-04,2025-01-26,1.81,22.19,3.38
PHC-DST-A2-04,2025-01-27,2.95,21.05,5.52
PHC-DST-A2-04,2025-01-28,3.71,,6.94
PHC-DST-A2-04,2025-01-29,4.07,19.93,7.61
PHC-DST-A2-04,2025-01-30,2.46,21.54,4.6
PHC-DST-A2-04,2025-01-31,3.76,20.24,7.03
PHC-DST-A2-04,2025-02-01,2.96,21.04,5.54
PHC-DST-A2-04,2025-02-02,,20.02,7.44
PHC-DST-A2-04,2025-02-03,3.79,20.21,7.09
PHC-DST-A2-04,2025-02-04,4.36,19.64,8.15
PHC-DST-A2-04,2025-02-05,4.6,19.4,8.6
PHC-DST-A2-04,2025-02-06,4.14,19.86,7.74
PHC-DST-A2-04,2025-02-07,4.45,19.55,8.32
PHC-DST-A2-04,2025-02-08,3.54,20.46,6.62
PHC-DST-A2-04,2025-02-09,5.92,18.08,11.07
PHC-DST-A2-04,2025-02-10,2.89,21.11,5.4
PHC-DST-A2-04,2025-02-11,3.4,20.6,6.36
PHC-DST-A2-04,2025-02-12,4.48,19.52,8.38
PHC-DST-A2-04,2025-02-13,4.36,19.64,8.15
PHC-DST-A2-04,2025-02-14,4.17,19.83,7.8
PHC-DST-A2-04,2025-02-15,4.31,19.69,8.06
PHC-DST-A2-04,2025-02-16,2.24,21.76,4.19
PHC-DST-A2-04,2025-02-17,4.99,19.01,9.33
PHC-DST-A2-04,2025-02-18,3.65,20.35,6.83
PHC-DST-A2-04,2025-02-19,4.73,19.27,8.85
PHC-DST-A2-04,2025-02-20,2.27,21.73,4.24
PHC-DST-A2-04,2025-02-21,3.99,20.01,7.46
PHC-DST-A2-04,2025-02-22,3.38,20.62,6.32
PHC-DST-A2-04,2025-02-23,4.23,19.77,7.91
PHC-DST-A2-04,2025-02-24,4.04,19.96,7.55
PHC-DST-A2-04,2025-02-25,4.07,19.93,7.61
PHC-DST-A2-04,2025-02-26,3.01,20.99,5.63
PHC-DST-A2-04,2025-02-27,3.76,20.24,7.03
PHC-DST-A2-04,2025-02-28,3.66,20.34,6.84
PHC-DST-A2-04,2025-03-01,4.17,19.83,7.8
PHC-DST-A2-04,2025-03-02,4.54,19.46,8.49
PHC-DST-A2-04,2025-03-03,3.91,20.09,7.31
PHC-DST-A2-04,2025-03-04,2.84,21.16,5.31
PHC-DST-A2-04,2025-03-05,3.88,20.12,7.26
PHC-DST-A2-04,2025-03-06,5.76,18.24,10.77
PHC-DST-A2-04,2025-03-07,5.03,18.97,9.41
PHC-DST-A2-04,2025-03-08,1.57,22.43,2.94
PHC-DST-A2-04,2025-03-09,3.85,20.15,7.2
PHC-DST-A2-04,2025-03-10,4.5,19.5,8.42
PHC-DST-A2-04,2025-03-11,,20.34,6.84
PHC-DST-A2-04,2025-03-12,3.45,20.55,6.45
PHC-DST-A2-04,2025-03-13,3.6,20.4,6.73
PHC-DST-A2-04,2025-03-14,4.21,19.79,7.87
PHC-DST-A2-04,2025-03-15,2.94,21.06,5.5
PHC-DST-A2-04,2025-03-16,4.69,19.31,8.77
PHC-DST-A2-04,2025-03-17,3.76,20.24,7.03
PHC-DST-A2-04,2025-03-18,3.1,20.9,5.8
PHC-DST-A2-04,2025-03-19,4.64,19.36,8.68
PHC-DST-A2-04,2025-03-20,2.64,21.36,4.94
PHC-DST-A2-04,2025-03-21,3.38,20.62,6.32
PHC-DST-A2-04,2025-03-22,3.37,20.63,6.3
PHC-DST-A2-04,2025-03-23,5.41,18.59,10.12
PHC-DST-A2-04,2025-03-24,3.29,20.71,6.15
PHC-DST-A2-04,2025-03-25,2.18,21.82,4.08
PHC-DST-A2-04,2025-03-26,3.36,20.64,6.28
PHC-DST-A2-04,2025-03-27,4.14,19.86,7.74
PHC-DST-A2-04,2025-03-28,4.39,19.61,8.21
PHC-DST-A2-04,2025-03-29,5.51,18.49,10.3
PHC-DST-A2-04,2025-03-30,4.86,19.14,9.09
PHC-DST-A2-04,2025-03-31,3.94,20.06,7.37
PHC-DST-A2-04,2025-04-01,3.13,20.87,5.85
PHC-DST-A2-04,2025-04-02,5.02,18.98,9.39
PHC-DST-A2-04,2025-04-03,3.52,20.48,6.58
PHC-DST-A2-04,2025-04-04,3.31,20.69,6.19
PHC-DST-A2-04,2025-04-05,3.49,20.51,6.53
PHC-DST-A2-04,2025-04-06,2.86,21.14,5.35
PHC-DST-A2-04,2025-04-07,3.45,20.55,6.45
PHC-DST-A2-04,2025-04-08,3.63,20.37,6.79
PHC-DST-A2-04,2025-04-09,4.35,19.65,8.13
PHC-DST-A2-04,2025-04-10,3.51,,6.56
PHC-DST-A2-04,2025-04-11,2.85,21.15,5.33
PHC-DST-A2-04,2025-04-12,2.6,21.4,4.86
PHC-DST-A2-04,2025-04-13,3.96,20.04,7.41
PHC-DST-A2-04,2025-04-14,3.85,20.15,7.2
PHC-DST-A2-04,2025-04-15,3.38,20.62,6.32
PHC-DST-A2-04,2025-04-16,3.45,20.55,6.45
PHC-DST-A2-04,2025-04-17,4.09,19.91,7.65
PHC-DST-A2-04,2025-04-18,4.84,19.16,9.05
PHC-DST-A2-04,2025-04-19,3.21,20.79,6.0
PHC-DST-A2-04,2025-04-20,3.87,20.13,7.24
PHC-DST-A2-04,2025-04-21,4.52,19.48,8.45
PHC-DST-A2-04,2025-04-22,3.22,20.78,6.02
PHC-DST-A2-04,2025-04-23,,20.21,7.09
PHC-DST-A2-04,2025-04-24,3.77,20.23,7.05
PHC-DST-A2-04,2025-04-25,2.82,21.18,5.27
PHC-DST-A2-04,2025-04-26,3.93,20.07,7.35
PHC-DST-A2-04,2025-04-27,3.82,20.18,7.14
PHC-DST-A2-04,2025-04-28,4.22,19.78,7.89
PHC-DST-A2-04,2025-04-29,2.91,21.09,5.44
PHC-DST-A2-04,2025-04-30,3.81,20.19,7.12
PHC-DST-A2-04,2025-05-01,4.84,19.16,9.05
PHC-DST-A2-04,2025-05-02,5.36,18.64,10.02
PHC-DST-A2-04,2025-05-03,4.76,19.24,8.9
PHC-DST-A2-04,2025-05-04,2.92,21.08,5.46
PHC-DST-A2-04,2025-05-05,4.14,19.86,7.74
PHC-DST-A2-04,2025-05-06,3.44,20.56,6.43
PHC-DST-A2-04,2025-05-07,4.01,19.99,7.5
PHC-DST-A2-04,2025-05-08,3.22,20.78,6.02
PHC-DST-A2-04,2025-05-09,2.51,21.49,4.69
PHC-DST-A2-04,2025-05-10,3.54,20.46,6.62
PHC-DST-A2-04,2025-05-11,4.34,19.66,8.12
PHC-DST-A2-04,2025-05-12,4.02,19.98,7.52
PHC-DST-A2-04,2025-05-13,4.1,19.9,7.67
PHC-DST-A2-04,2025-05-14,3.96,20.04,7.41
PHC-DST-A2-04,2025-05-15,4.1,19.9,7.67
PHC-DST-A2-04,2025-05-16,,19.8,7.85
PHC-DST-A2-04,2025-05-17,3.59,20.41,6.71
PHC-DST-A2-04,2025-05-18,3.86,20.14,7.22
PHC-DST-A2-04,2025-05-19,5.11,18.89,9.56
PHC-DST-A2-04,2025-05-20,3.91,20.09,7.31
PHC-DST-A2-04,2025-05-21,3.83,20.17,7.16
PHC-DST-A2-04,2025-05-22,3.88,20.12,7.26
PHC-DST-A2-04,2025-05-23,3.64,20.36,6.81
PHC-DST-A2-04,2025-05-24,,20.53,6.49
PHC-DST-A2-04,2025-05-25,3.96,20.04,7.41
PHC-DST-A2-04,2025-05-26,3.42,20.58,6.4
PHC-DST-A2-04,2025-05-27,3.69,20.31,6.9
PHC-DST-A2-04,2025-05-28,3.21,20.79,6.0
PHC-DST-A2-04,2025-05-29,3.88,20.12,7.26
PHC-DST-A2-04,2025-05-30,4.24,19.76,7.93
PHC-DST-A2-04,2025-05-31,3.64,20.36,6.81
PHC-DST-A2-04,2025-06-01,2.29,21.71,4.28
PHC-DST-A2-04,2025-06-02,4.24,19.76,7.93
PHC-DST-A2-04,2025-06-03,3.89,20.11,7.27
PHC-DST-A2-04,2025-06-04,3.06,20.94,5.72
PHC-DST-A2-04,2025-06-05,4.38,19.62,8.19
PHC-DST-A2-04,2025-06-06,2.75,21.25,5.14
PHC-DST-A2-04,2025-06-07,4.58,19.42,8.56
PHC-DST-A2-04,2025-06-08,3.76,20.24,7.03
PHC-DST-A2-04,2025-06-09,2.1,21.9,3.93
PHC-DST-A2-04,2025-06-10,3.93,20.07,7.35
PHC-DST-A2-04,2025-06-11,3.5,20.5,6.55
PHC-DST-A2-04,2025-06-12,3.38,20.62,6.32
PHC-DST-A2-04,2025-06-13,3.25,20.75,6.08
PHC-DST-A2-04,2025-06-14,3.7,20.3,6.92
PHC-DST-A2-04,2025-06-15,3.44,20.56,6.43
PHC-DST-A2-04,2025-06-16,2.41,21.59,4.51
PHC-DST-A2-04,2025-06-17,4.75,19.25,8.88
PHC-DST-A2-04,2025-06-18,3.62,20.38,6.77
PHC-DST-A2-04,2025-06-19,3.25,20.75,6.08
PHC-DST-A2-04,2025-06-20,2.95,21.05,5.52
PHC-DST-A2-04,2025-06-21,4.38,19.62,8.19
PHC-DST-A2-04,2025-06-22,,21.17,5.29
PHC-DST-A2-04,2025-06-23,3.9,20.1,7.29
PHC-DST-A2-04,2025-06-24,3.36,20.64,6.28
PHC-DST-A2-04,2025-06-25,3.41,20.59,6.38
PHC-DST-A2-04,2025-06-26,2.97,21.03,5.55
PHC-DST-A2-04,2025-06-27,3.33,20.67,6.23
PHC-DST-A2-04,2025-06-28,3.81,20.19,7.12
PHC-DST-A2-04,2025-06-29,3.98,20.02,7.44
PHC-DST-A2-04,2025-06-30,3.21,20.79,6.0
PHC-DST-A2-05,2024-01-01,3.73,20.27,6.98
PHC-DST-A2-05,2024-01-02,4.47,19.53,8.36
PHC-DST-A2-05,2024-01-03,2.55,21.45,4.77
PHC-DST-A2-05,2024-01-04,3.8,,7.11
PHC-DST-A2-05,2024-01-05,3.09,20.91,5.78
PHC-DST-A2-05,2024-01-06,3.01,20.99,5.63
PHC-DST-A2-05,2024-01-07,4.0,20.0,7.48
PHC-DST-A2-05,2024-01-08,3.39,20.61,6.34
PHC-DST-A2-05,2024-01-09,2.89,21.11,5.4
PHC-DST-A2-05,2024-01-10,4.79,19.21,8.96
PHC-DST-A2-05,2024-01-11,4.49,19.51,8.4
PHC-DST-A2-05,2024-01-12,2.35,21.65,4.39
PHC-DST-A2-05,2024-01-13,2.69,21.31,5.03
PHC-DST-A2-05,2024-01-14,4.25,19.75,7.95
PHC-DST-A2-05,2024-01-15,3.59,20.41,6.71
PHC-DST-A2-05,2024-01-16,4.93,19.07,9.22
PHC-DST-A2-05,2024-01-17,4.26,19.74,7.97
PHC-DST-A2-05,2024-01-18,4.02,19.98,7.52
PHC-DST-A2-05,2024-01-19,3.03,20.97,5.67
PHC-DST-A2-05,2024-01-20,4.17,,7.8
PHC-DST-A2-05,2024-01-21,2.84,21.16,5.31
PHC-DST-A2-05,2024-01-22,4.78,19.22,8.94
PHC-DST-A2-05,2024-01-23,4.12,19.88,7.7
PHC-DST-A2-05,2024-01-24,3.18,20.82,5.95
PHC-DST-A2-05,2024-01-25,4.4,19.6,8.23
PHC-DST-A2-05,2024-01-26,5.48,18.52,10.25
PHC-DST-A2-05,2024-01-27,3.64,20.36,6.81
PHC-DST-A2-05,2024-01-28,4.21,19.79,7.87
PHC-DST-A2-05,2024-01-29,3.48,20.52,6.51
PHC-DST-A2-05,2024-01-30,3.86,20.14,7.22
PHC-DST-A2-05,2024-01-31,2.67,21.33,4.99
PHC-DST-A2-05,2024-02-01,3.8,20.2,7.11
PHC-DST-A2-05,2024-02-02,3.83,20.17,7.16
PHC-DST-A2-05,2024-02-03,5.15,18.85,9.63
PHC-DST-A2-05,2024-02-04,2.45,21.55,4.58
PHC-DST-A2-05,2024-02-05,3.59,20.41,6.71
PHC-DST-A2-05,2024-02-06,4.77,19.23,8.92
PHC-DST-A2-05,2024-02-07,3.62,20.38,6.77
PHC-DST-A2-05,2024-02-08,3.67,20.33,6.86
PHC-DST-A2-05,2024-02-09,3.18,20.82,5.95
PHC-DST-A2-05,2024-02-10,3.1,20.9,5.8
PHC-DST-A2-05,2024-02-11,2.43,21.57,4.54
PHC-DST-A2-05,2024-02-12,3.33,20.67,6.23
PHC-DST-A2-05,2024-02-13,3.06,20.94,5.72
PHC-DST-A2-05,2024-02-14,3.89,20.11,7.27
PHC-DST-A2-05,2024-02-15,,20.79,6.0
PHC-DST-A2-05,2024-02-16,3.44,20.56,6.43
PHC-DST-A2-05,2024-02-17,3.46,20.54,6.47
PHC-DST-A2-05,2024-02-18,3.76,20.24,7.03
PHC-DST-A2-05,2024-02-19,3.4,20.6,6.36
PHC-DST-A2-05,2024-02-20,3.0,21.0,5.61
PHC-DST-A2-05,2024-02-21,3.86,20.14,7.22
PHC-DST-A2-05,2024-02-22,4.6,19.4,8.6
PHC-DST-A2-05,2024-02-23,3.9,20.1,7.29
PHC-DST-A2-05,2024-02-24,3.34,20.66,6.25
PHC-DST-A2-05,2024-02-25,3.71,20.29,6.94
PHC-DST-A2-05,2024-02-26,2.26,21.74,4.23
PHC-DST-A2-05,2024-02-27,3.7,20.3,6.92
PHC-DST-A2-05,2024-02-28,3.5,20.5,6.55
PHC-DST-A2-05,2024-02-29,,20.9,5.8
PHC-DST-A2-05,2024-03-01,3.24,20.76,6.06
PHC-DST-A2-05,2024-03-02,3.49,20.51,6.53
PHC-DST-A2-05,2024-03-03,4.54,19.46,8.49
PHC-DST-A2-05,2024-03-04,4.62,19.38,8.64
PHC-DST-A2-05,2024-03-05,3.1,20.9,5.8
PHC-DST-A2-05,2024-03-06,3.41,20.59,6.38
PHC-DST-A2-05,2024-03-07,3.43,20.57,6.41
PHC-DST-A2-05,2024-03-08,4.41,19.59,8.25
PHC-DST-A2-05,2024-03-09,3.91,20.09,7.31
PHC-DST-A2-05,2024-03-10,3.87,20.13,7.24
PHC-DST-A2-05,2024-03-11,4.2,19.8,7.85
PHC-DST-A2-05,2024-03-12,3.35,20.65,6.26
PHC-DST-A2-05,2024-03-13,4.82,,9.01
PHC-DST-A2-05,2024-03-14,3.8,20.2,7.11
PHC-DST-A2-05,2024-03-15,3.16,20.84,5.91
PHC-DST-A2-05,2024-03-16,3.63,20.37,6.79
PHC-DST-A2-05,2024-03-17,4.72,19.28,8.83
PHC-DST-A2-05,2024-03-18,3.48,20.52,6.51
PHC-DST-A2-05,2024-03-19,4.51,19.49,8.43
PHC-DST-A2-05,2024-03-20,3.33,20.67,6.23
PHC-DST-A2-05,2024-03-21,3.23,20.77,6.04
PHC-DST-A2-05,2024-03-22,4.29,19.71,8.02
PHC-DST-A2-05,2024-03-23,3.14,20.86,5.87
PHC-DST-A2-05,2024-03-24,4.42,19.58,8.27
PHC-DST-A2-05,2024-03-25,4.06,19.94,7.59
PHC-DST-A2-05,2024-03-26,3.14,20.86,5.87
PHC-DST-A2-05,2024-03-27,3.75,,7.01
PHC-DST-A2-05,2024-03-28,3.39,20.61,6.34
PHC-DST-A2-05,2024-03-29,4.06,19.94,7.59
PHC-DST-A2-05,2024-03-30,5.22,18.78,9.76
PHC-DST-A2-05,2024-03-31,3.52,20.48,6.58
PHC-DST-A2-05,2024-04-01,4.2,,7.85
PHC-DST-A2-05,2024-04-02,3.82,20.18,7.14
PHC-DST-A2-05,2024-04-03,3.82,,7.14
PHC-DST-A2-05,2024-04-04,3.68,20.32,6.88
PHC-DST-A2-05,2024-04-05,3.16,20.84,5.91
PHC-DST-A2-05,2024-04-06,4.05,19.95,7.57
PHC-DST-A2-05,2024-04-07,3.58,20.42,6.69
PHC-DST-A2-05,2024-04-08,3.12,20.88,5.83
PHC-DST-A2-05,2024-04-09,4.56,19.44,8.53
PHC-DST-A2-05,2024-04-10,3.87,20.13,7.24
PHC-DST-A2-05,2024-04-11,3.63,20.37,6.79
PHC-DST-A2-05,2024-04-12,4.81,,8.99
PHC-DST-A2-05,2024-04-13,2.42,21.58,4.53
PHC-DST-A2-05,2024-04-14,4.75,19.25,8.88
PHC-DST-A2-05,2024-04-15,3.14,20.86,5.87
PHC-DST-A2-05,2024-04-16,,20.04,7.41
PHC-DST-A2-05,2024-04-17,3.36,20.64,6.28
PHC-DST-A2-05,2024-04-18,3.11,20.89,5.82
PHC-DST-A2-05,2024-04-19,4.79,19.21,8.96
PHC-DST-A2-05,2024-04-20,5.19,18.81,9.71
PHC-DST-A2-05,2024-04-21,3.63,20.37,6.79
PHC-DST-A2-05,2024-04-22,4.05,19.95,7.57
PHC-DST-A2-05,2024-04-23,3.84,20.16,7.18
PHC-DST-A2-05,2024-04-24,5.1,18.9,9.54
PHC-DST-A2-05,2024-04-25,2.22,21.78,4.15
PHC-DST-A2-05,2024-04-26,4.08,,7.63
PHC-DST-A2-05,2024-04-27,3.25,20.75,6.08
PHC-DST-A2-05,2024-04-28,2.03,21.97,3.8
PHC-DST-A2-05,2024-04-29,3.53,20.47,6.6
PHC-DST-A2-05,2024-04-30,5.19,18.81,9.71
PHC-DST-A2-05,2024-05-01,3.31,20.69,6.19
PHC-DST-A2-05,2024-05-02,4.39,19.61,8.21
PHC-DST-A2-05,2024-05-03,4.7,19.3,8.79
PHC-DST-A2-05,2024-05-04,3.79,20.21,7.09
PHC-DST-A2-05,2024-05-05,3.89,20.11,7.27
PHC-DST-A2-05,2024-05-06,2.51,21.49,4.69
PHC-DST-A2-05,2024-05-07,3.26,20.74,6.1
PHC-DST-A2-05,2024-05-08,4.48,19.52,8.38
PHC-DST-A2-05,2024-05-09,3.85,20.15,7.2
PHC-DST-A2-05,2024-05-10,4.08,19.92,7.63
PHC-DST-A2-05,2024-05-11,3.9,20.1,7.29
PHC-DST-A2-05,2024-05-12,5.44,18.56,10.17
PHC-DST-A2-05,2024-05-13,3.48,20.52,6.51
PHC-DST-A2-05,2024-05-14,,19.0,9.35
PHC-DST-A2-05,2024-05-15,3.9,20.1,7.29
PHC-DST-A2-05,2024-05-16,5.07,18.93,9.48
PHC-DST-A2-05,2024-05-17,2.88,21.12,5.39
PHC-DST-A2-05,2024-05-18,3.94,20.06,7.37
PHC-DST-A2-05,2024-05-19,3.5,20.5,6.55
PHC-DST-A2-05,2024-05-20,3.9,20.1,7.29
PHC-DST-A2-05,2024-05-21,4.72,19.28,8.83
PHC-DST-A2-05,2024-05-22,4.08,19.92,7.63
PHC-DST-A2-05,2024-05-23,4.72,19.28,8.83
PHC-DST-A2-05,2024-05-24,3.3,20.7,6.17
PHC-DST-A2-05,2024-05-25,3.18,20.82,5.95
PHC-DST-A2-05,2024-05-26,3.81,20.19,7.12
PHC-DST-A2-05,2024-05-27,3.77,20.23,7.05
PHC-DST-A2-05,2024-05-28,3.66,20.34,6.84
PHC-DST-A2-05,2024-05-29,3.08,20.92,5.76
PHC-DST-A2-05,2024-05-30,4.7,19.3,8.79
PHC-DST-A2-05,2024-05-31,3.53,20.47,6.6
PHC-DST-A2-05,2024-06-01,4.87,19.13,9.11
PHC-DST-A2-05,2024-06-02,3.81,20.19,7.12
PHC-DST-A2-05,2024-06-03,4.29,19.71,8.02
PHC-DST-A2-05,2024-06-04,4.22,19.78,7.89
PHC-DST-A2-05,2024-06-05,3.18,20.82,5.95
PHC-DST-A2-05,2024-06-06,4.08,19.92,7.63
PHC-DST-A2-05,2024-06-07,5.25,18.75,9.82
PHC-DST-A2-05,2024-06-08,3.99,20.01,7.46
PHC-DST-A2-05,2024-06-09,4.48,19.52,8.38
PHC-DST-A2-05,2024-06-10,4.32,19.68,8.08
PHC-DST-A2-05,2024-06-11,4.03,19.97,7.54
PHC-DST-A2-05,2024-06-12,3.94,20.06,7.37
PHC-DST-A2-05,2024-06-13,4.21,19.79,7.87
PHC-DST-A2-05,2024-06-14,4.37,19.63,8.17
PHC-DST-A2-05,2024-06-15,2.79,21.21,5.22
PHC-DST-A2-05,2024-06-16,3.99,20.01,7.46
PHC-DST-A2-05,2024-06-17,3.66,20.34,6.84
PHC-DST-A2-05,2024-06-18,3.51,20.49,6.56
PHC-DST-A2-05,2024-06-19,4.77,19.23,8.92
PHC-DST-A2-05,2024-06-20,3.25,,6.08
PHC-DST-A2-05,2024-06-21,2.75,21.25,5.14
PHC-DST-A2-05,2024-06-22,4.4,19.6,8.23
PHC-DST-A2-05,2024-06-23,2.73,21.27,5.11
PHC-DST-A2-05,2024-06-24,2.35,21.65,4.39
PHC-DST-A2-05,2024-06-25,4.48,19.52,8.38
PHC-DST-A2-05,2024-06-26,3.92,20.08,7.33
PHC-DST-A2-05,2024-06-27,4.15,19.85,7.76
PHC-DST-A2-05,2024-06-28,3.47,20.53,6.49
PHC-DST-A2-05,2024-06-29,2.76,21.24,5.16
PHC-DST-A2-05,2024-06-30,2.91,21.09,5.44
PHC-DST-A2-05,2024-07-01,3.6,20.4,6.73
PHC-DST-A2-05,2024-07-02,2.85,21.15,5.33
PHC-DST-A2-05,2024-07-03,4.03,19.97,7.54
PHC-DST-A2-05,2024-07-04,3.45,20.55,6.45
PHC-DST-A2-05,2024-07-05,9.55,14.45,17.86
PHC-DST-A2-05,2024-07-06,7.81,16.19,14.6
PHC-DST-A2-05,2024-07-07,3.54,20.46,6.62
PHC-DST-A2-05,2024-07-08,3.94,20.06,7.37
PHC-DST-A2-05,2024-07-09,3.98,20.02,7.44
PHC-DST-A2-05,2024-07-10,1.98,22.02,3.7
PHC-DST-A2-05,2024-07-11,8.74,15.26,16.34
PHC-DST-A2-05,2024-07-12,4.22,19.78,7.89
PHC-DST-A2-05,2024-07-13,2.83,21.17,5.29
PHC-DST-A2-05,2024-07-14,8.04,15.96,15.03
PHC-DST-A2-05,2024-07-15,4.36,19.64,8.15
PHC-DST-A2-05,2024-07-16,2.75,21.25,5.14
PHC-DST-A2-05,2024-07-17,3.1,20.9,5.8
PHC-DST-A2-05,2024-07-18,7.78,16.22,14.55
PHC-DST-A2-05,2024-07-19,3.1,20.9,5.8
PHC-DST-A2-05,2024-07-20,4.48,19.52,8.38
PHC-DST-A2-05,2024-07-21,7.08,16.92,13.24
PHC-DST-A2-05,2024-07-22,4.44,19.56,8.3
PHC-DST-A2-05,2024-07-23,3.63,20.37,6.79
PHC-DST-A2-05,2024-07-24,3.65,20.35,6.83
PHC-DST-A2-05,2024-07-25,3.31,20.69,6.19
PHC-DST-A2-05,2024-07-26,3.93,20.07,7.35
PHC-DST-A2-05,2024-07-27,3.4,20.6,6.36
PHC-DST-A2-05,2024-07-28,3.48,20.52,6.51
PHC-DST-A2-05,2024-07-29,4.25,19.75,7.95
PHC-DST-A2-05,2024-07-30,4.69,19.31,8.77
PHC-DST-A2-05,2024-07-31,9.94,14.06,18.59
PHC-DST-A2-05,2024-08-01,6.93,17.07,12.96
PHC-DST-A2-05,2024-08-02,4.34,19.66,8.12
PHC-DST-A2-05,2024-08-03,6.22,17.78,11.63
PHC-DST-A2-05,2024-08-04,6.04,17.96,11.29
PHC-DST-A2-05,2024-08-05,2.67,21.33,4.99
PHC-DST-A2-05,2024-08-06,3.47,20.53,6.49
PHC-DST-A2-05,2024-08-07,3.5,20.5,6.55
PHC-DST-A2-05,2024-08-08,3.87,20.13,7.24
PHC-DST-A2-05,2024-08-09,4.73,19.27,8.85
PHC-DST-A2-05,2024-08-10,4.31,19.69,8.06
PHC-DST-A2-05,2024-08-11,10.02,13.98,18.74
PHC-DST-A2-05,2024-08-12,3.88,20.12,7.26
PHC-DST-A2-05,2024-08-13,3.73,20.27,6.98
PHC-DST-A2-05,2024-08-14,9.08,14.92,16.98
PHC-DST-A2-05,2024-08-15,8.05,15.95,15.05
PHC-DST-A2-05,2024-08-16,4.69,19.31,8.77
PHC-DST-A2-05,2024-08-17,14.91,9.09,27.88
PHC-DST-A2-05,2024-08-18,3.75,20.25,7.01
PHC-DST-A2-05,2024-08-19,7.91,16.09,14.79
PHC-DST-A2-05,2024-08-20,3.54,20.46,6.62
PHC-DST-A2-05,2024-08-21,4.89,19.11,9.14
PHC-DST-A2-05,2024-08-22,12.71,11.29,23.77
PHC-DST-A2-05,2024-08-23,2.2,21.8,4.11
PHC-DST-A2-05,2024-08-24,4.13,19.87,7.72
PHC-DST-A2-05,2024-08-25,3.87,20.13,7.24
PHC-DST-A2-05,2024-08-26,3.3,20.7,6.17
PHC-DST-A2-05,2024-08-27,3.94,20.06,7.37
PHC-DST-A2-05,2024-08-28,13.66,10.34,25.54
PHC-DST-A2-05,2024-08-29,4.05,19.95,7.57
PHC-DST-A2-05,2024-08-30,6.94,17.06,12.98
PHC-DST-A2-05,2024-08-31,3.15,20.85,5.89
PHC-DST-A2-05,2024-09-01,3.67,20.33,6.86
PHC-DST-A2-05,2024-09-02,4.44,19.56,8.3
PHC-DST-A2-05,2024-09-03,2.88,21.12,5.39
PHC-DST-A2-05,2024-09-04,4.23,19.77,7.91
PHC-DST-A2-05,2024-09-05,3.29,20.71,6.15
PHC-DST-A2-05,2024-09-06,8.15,15.85,15.24
PHC-DST-A2-05,2024-09-07,12.64,11.36,23.64
PHC-DST-A2-05,2024-09-08,9.68,14.32,18.1
PHC-DST-A2-05,2024-09-09,5.1,18.9,9.54
PHC-DST-A2-05,2024-09-10,6.4,17.6,11.97
PHC-DST-A2-05,2024-09-11,6.94,17.06,12.98
PHC-DST-A2-05,2024-09-12,17.15,6.85,32.07
PHC-DST-A2-05,2024-09-13,6.37,17.63,11.91
PHC-DST-A2-05,2024-09-14,3.19,20.81,5.97
PHC-DST-A2-05,2024-09-15,8.06,15.94,15.07
PHC-DST-A2-05,2024-09-16,3.1,20.9,5.8
PHC-DST-A2-05,2024-09-17,3.07,20.93,5.74
PHC-DST-A2-05,2024-09-18,2.95,21.05,5.52
PHC-DST-A2-05,2024-09-19,4.28,19.72,8.0
PHC-DST-A2-05,2024-09-20,3.77,20.23,7.05
PHC-DST-A2-05,2024-09-21,3.13,20.87,5.85
PHC-DST-A2-05,2024-09-22,6.22,17.78,11.63
PHC-DST-A2-05,2024-09-23,4.02,19.98,7.52
PHC-DST-A2-05,2024-09-24,5.81,18.19,10.86
PHC-DST-A2-05,2024-09-25,7.27,16.73,13.59
PHC-DST-A2-05,2024-09-26,3.3,20.7,6.17
PHC-DST-A2-05,2024-09-27,9.71,14.29,18.16
PHC-DST-A2-05,2024-09-28,4.31,19.69,8.06
PHC-DST-A2-05,2024-09-29,3.45,20.55,6.45
PHC-DST-A2-05,2024-09-30,4.71,19.29,8.81
PHC-DST-A2-05,2024-10-01,3.82,20.18,7.14
PHC-DST-A2-05,2024-10-02,4.38,19.62,8.19
PHC-DST-A2-05,2024-10-03,4.02,19.98,7.52
PHC-DST-A2-05,2024-10-04,3.67,20.33,6.86
PHC-DST-A2-05,2024-10-05,3.08,20.92,5.76
PHC-DST-A2-05,2024-10-06,3.69,20.31,6.9
PHC-DST-A2-05,2024-10-07,4.43,19.57,8.28
PHC-DST-A2-05,2024-10-08,3.42,20.58,6.4
PHC-DST-A2-05,2024-10-09,4.13,19.87,7.72
PHC-DST-A2-05,2024-10-10,2.99,21.01,5.59
PHC-DST-A2-05,2024-10-11,4.39,19.61,8.21
PHC-DST-A2-05,2024-10-12,4.03,19.97,7.54
PHC-DST-A2-05,2024-10-13,2.9,21.1,5.42
PHC-DST-A2-05,2024-10-14,3.63,20.37,6.79
PHC-DST-A2-05,2024-10-15,4.5,19.5,8.42
PHC-DST-A2-05,2024-10-16,2.86,21.14,5.35
PHC-DST-A2-05,2024-10-17,3.0,21.0,5.61
PHC-DST-A2-05,2024-10-18,3.75,20.25,7.01
PHC-DST-A2-05,2024-10-19,5.4,18.6,10.1
PHC-DST-A2-05,2024-10-20,3.3,20.7,6.17
PHC-DST-A2-05,2024-10-21,4.17,19.83,7.8
PHC-DST-A2-05,2024-10-22,4.0,20.0,7.48
PHC-DST-A2-05,2024-10-23,3.36,20.64,6.28
PHC-DST-A2-05,2024-10-24,3.92,20.08,7.33
PHC-DST-A2-05,2024-10-25,3.46,20.54,6.47
PHC-DST-A2-05,2024-10-26,3.53,20.47,6.6
PHC-DST-A2-05,2024-10-27,2.55,21.45,4.77
PHC-DST-A2-05,2024-10-28,3.78,20.22,7.07
PHC-DST-A2-05,2024-10-29,4.47,19.53,8.36
PHC-DST-A2-05,2024-10-30,3.84,20.16,7.18
PHC-DST-A2-05,2024-10-31,4.62,19.38,8.64
PHC-DST-A2-05,2024-11-01,4.24,19.76,7.93
PHC-DST-A2-05,2024-11-02,3.76,20.24,7.03
PHC-DST-A2-05,2024-11-03,3.33,20.67,6.23
PHC-DST-A2-05,2024-11-04,3.44,20.56,6.43
PHC-DST-A2-05,2024-11-05,2.7,21.3,5.05
PHC-DST-A2-05,2024-11-06,3.6,20.4,6.73
PHC-DST-A2-05,2024-11-07,3.91,20.09,7.31
PHC-DST-A2-05,2024-11-08,5.09,18.91,9.52
PHC-DST-A2-05,2024-11-09,4.2,19.8,7.85
PHC-DST-A2-05,2024-11-10,3.15,20.85,5.89
PHC-DST-A2-05,2024-11-11,2.72,21.28,5.09
PHC-DST-A2-05,2024-11-12,3.65,20.35,6.83
PHC-DST-A2-05,2024-11-13,4.41,19.59,8.25
PHC-DST-A2-05,2024-11-14,3.63,20.37,6.79
PHC-DST-A2-05,2024-11-15,4.21,19.79,7.87
PHC-DST-A2-05,2024-11-16,3.66,20.34,6.84
PHC-DST-A2-05,2024-11-17,4.34,19.66,8.12
PHC-DST-A2-05,2024-11-18,2.6,21.4,4.86
PHC-DST-A2-05,2024-11-19,5.0,19.0,9.35
PHC-DST-A2-05,2024-11-20,2.97,21.03,5.55
PHC-DST-A2-05,2024-11-21,4.4,19.6,8.23
PHC-DST-A2-05,2024-11-22,3.6,20.4,6.73
PHC-DST-A2-05,2024-11-23,3.71,20.29,6.94
PHC-DST-A2-05,2024-11-24,3.62,20.38,6.77
PHC-DST-A2-05,2024-11-25,3.99,20.01,7.46
PHC-DST-A2-05,2024-11-26,4.14,19.86,7.74
PHC-DST-A2-05,2024-11-27,4.59,19.41,8.58
PHC-DST-A2-05,2024-11-28,4.86,19.14,9.09
PHC-DST-A2-05,2024-11-29,4.05,19.95,7.57
PHC-DST-A2-05,2024-11-30,5.09,18.91,9.52
PHC-DST-A2-05,2024-12-01,3.87,20.13,7.24
PHC-DST-A2-05,2024-12-02,4.61,19.39,8.62
PHC-DST-A2-05,2024-12-03,4.12,19.88,7.7
PHC-DST-A2-05,2024-12-04,3.39,20.61,6.34
PHC-DST-A2-05,2024-12-05,3.94,20.06,7.37
PHC-DST-A2-05,2024-12-06,4.18,19.82,7.82
PHC-DST-A2-05,2024-12-07,3.78,20.22,7.07
PHC-DST-A2-05,2024-12-08,4.11,19.89,7.69
PHC-DST-A2-05,2024-12-09,4.45,19.55,8.32
PHC-DST-A2-05,2024-12-10,3.78,20.22,7.07
PHC-DST-A2-05,2024-12-11,1.59,22.41,2.97
PHC-DST-A2-05,2024-12-12,5.06,18.94,9.46
PHC-DST-A2-05,2024-12-13,3.58,20.42,6.69
PHC-DST-A2-05,2024-12-14,3.18,20.82,5.95
PHC-DST-A2-05,2024-12-15,2.96,21.04,5.54
PHC-DST-A2-05,2024-12-16,3.55,20.45,6.64
PHC-DST-A2-05,2024-12-17,3.38,20.62,6.32
PHC-DST-A2-05,2024-12-18,3.25,20.75,6.08
PHC-DST-A2-05,2024-12-19,3.29,20.71,6.15
PHC-DST-A2-05,2024-12-20,4.2,19.8,7.85
PHC-DST-A2-05,2024-12-21,5.32,18.68,9.95
PHC-DST-A2-05,2024-12-22,4.42,19.58,8.27
PHC-DST-A2-05,2024-12-23,4.64,19.36,8.68
PHC-DST-A2-05,2024-12-24,3.52,20.48,6.58
PHC-DST-A2-05,2024-12-25,3.88,20.12,7.26
PHC-DST-A2-05,2024-12-26,4.12,19.88,7.7
PHC-DST-A2-05,2024-12-27,3.31,20.69,6.19
PHC-DST-A2-05,2024-12-28,3.48,20.52,6.51
PHC-DST-A2-05,2024-12-29,4.44,19.56,8.3
PHC-DST-A2-05,2024-12-30,4.62,19.38,8.64
PHC-DST-A2-05,2024-12-31,3.85,20.15,7.2
PHC-DST-A2-05,2025-01-01,2.9,21.1,5.42
PHC-DST-A2-05,2025-01-02,3.58,20.42,6.69
PHC-DST-A2-05,2025-01-03,2.72,21.28,5.09
PHC-DST-A2-05,2025-01-04,3.86,20.14,7.22
PHC-DST-A2-05,2025-01-05,3.99,20.01,7.46
PHC-DST-A2-05,2025-01-06,3.6,20.4,6.73
PHC-DST-A2-05,2025-01-07,3.98,20.02,7.44
PHC-DST-A2-05,2025-01-08,4.11,19.89,7.69
PHC-DST-A2-05,2025-01-09,3.99,20.01,7.46
PHC-DST-A2-05,2025-01-10,2.9,21.1,5.42
PHC-DST-A2-05,2025-01-11,3.61,20.39,6.75
PHC-DST-A2-05,2025-01-12,4.11,19.89,7.69
PHC-DST-A2-05,2025-01-13,4.98,19.02,9.31
PHC-DST-A2-05,2025-01-14,3.6,20.4,6.73
PHC-DST-A2-05,2025-01-15,4.21,19.79,7.87
PHC-DST-A2-05,2025-01-16,4.46,19.54,8.34
PHC-DST-A2-05,2025-01-17,3.65,20.35,6.83
PHC-DST-A2-05,2025-01-18,4.66,19.34,8.71
PHC-DST-A2-05,2025-01-19,4.7,19.3,8.79
PHC-DST-A2-05,2025-01-20,4.84,19.16,9.05
PHC-DST-A2-05,2025-01-21,4.14,19.86,7.74
PHC-DST-A2-05,2025-01-22,5.57,18.43,10.42
PHC-DST-A2-05,2025-01-23,,20.66,6.25
PHC-DST-A2-05,2025-01-24,5.39,18.61,10.08
PHC-DST-A2-05,2025-01-25,4.38,19.62,8.19
PHC-DST-A2-05,2025-01-26,4.81,19.19,8.99
PHC-DST-A2-05,2025-01-27,3.56,20.44,6.66
PHC-DST-A2-05,2025-01-28,4.43,19.57,8.28
PHC-DST-A2-05,2025-01-29,4.87,19.13,9.11
PHC-DST-A2-05,2025-01-30,2.98,21.02,5.57
PHC-DST-A2-05,2025-01-31,3.68,20.32,6.88
PHC-DST-A2-05,2025-02-01,2.19,21.81,4.1
PHC-DST-A2-05,2025-02-02,3.67,20.33,6.86
PHC-DST-A2-05,2025-02-03,3.19,20.81,5.97
PHC-DST-A2-05,2025-02-04,3.64,20.36,6.81
PHC-DST-A2-05,2025-02-05,5.99,18.01,11.2
PHC-DST-A2-05,2025-02-06,5.09,18.91,9.52
PHC-DST-A2-05,2025-02-07,2.72,21.28,5.09
PHC-DST-A2-05,2025-02-08,4.22,19.78,7.89
PHC-DST-A2-05,2025-02-09,4.4,19.6,8.23
PHC-DST-A2-05,2025-02-10,3.55,20.45,6.64
PHC-DST-A2-05,2025-02-11,3.93,20.07,7.35
PHC-DST-A2-05,2025-02-12,4.01,19.99,7.5
PHC-DST-A2-05,2025-02-13,2.79,21.21,5.22
PHC-DST-A2-05,2025-02-14,3.03,20.97,5.67
PHC-DST-A2-05,2025-02-15,3.93,20.07,7.35
PHC-DST-A2-05,2025-02-16,3.87,20.13,7.24
PHC-DST-A2-05,2025-02-17,3.27,20.73,6.11
PHC-DST-A2-05,2025-02-18,3.2,20.8,5.98
PHC-DST-A2-05,2025-02-19,3.73,20.27,6.98
PHC-DST-A2-05,2025-02-20,4.46,19.54,8.34
PHC-DST-A2-05,2025-02-21,3.74,20.26,6.99
PHC-DST-A2-05,2025-02-22,5.02,18.98,9.39
PHC-DST-A2-05,2025-02-23,3.28,20.72,6.13
PHC-DST-A2-05,2025-02-24,3.94,20.06,7.37
PHC-DST-A2-05,2025-02-25,3.53,20.47,6.6
PHC-DST-A2-05,2025-02-26,4.24,19.76,7.93
PHC-DST-A2-05,2025-02-27,3.21,20.79,6.0
PHC-DST-A2-05,2025-02-28,5.25,18.75,9.82
PHC-DST-A2-05,2025-03-01,2.53,21.47,4.73
PHC-DST-A2-05,2025-03-02,5.09,18.91,9.52
PHC-DST-A2-05,2025-03-03,3.87,20.13,7.24
PHC-DST-A2-05,2025-03-04,4.21,19.79,7.87
PHC-DST-A2-05,2025-03-05,4.8,19.2,8.98
PHC-DST-A2-05,2025-03-06,4.44,19.56,8.3
PHC-DST-A2-05,2025-03-07,3.25,20.75,6.08
PHC-DST-A2-05,2025-03-08,4.25,19.75,7.95
PHC-DST-A2-05,2025-03-09,5.2,18.8,9.72
PHC-DST-A2-05,2025-03-10,3.13,20.87,5.85
PHC-DST-A2-05,2025-03-11,5.39,18.61,10.08
PHC-DST-A2-05,2025-03-12,4.09,19.91,7.65
PHC-DST-A2-05,2025-03-13,3.48,20.52,6.51
PHC-DST-A2-05,2025-03-14,3.13,20.87,5.85
PHC-DST-A2-05,2025-03-15,3.63,20.37,6.79
PHC-DST-A2-05,2025-03-16,2.33,21.67,4.36
PHC-DST-A2-05,2025-03-17,3.49,20.51,6.53
PHC-DST-A2-05,2025-03-18,3.6,20.4,6.73
PHC-DST-A2-05,2025-03-19,2.99,21.01,5.59
PHC-DST-A2-05,2025-03-20,4.36,19.64,8.15
PHC-DST-A2-05,2025-03-21,3.64,20.36,6.81
PHC-DST-A2-05,2025-03-22,3.32,20.68,6.21
PHC-DST-A2-05,2025-03-23,3.56,20.44,6.66
PHC-DST-A2-05,2025-03-24,4.07,19.93,7.61
PHC-DST-A2-05,2025-03-25,3.85,20.15,7.2
PHC-DST-A2-05,2025-03-26,3.27,20.73,6.11
PHC-DST-A2-05,2025-03-27,3.89,20.11,7.27
PHC-DST-A2-05,2025-03-28,3.76,20.24,7.03
PHC-DST-A2-05,2025-03-29,2.95,21.05,5.52
PHC-DST-A2-05,2025-03-30,3.58,20.42,6.69
PHC-DST-A2-05,2025-03-31,4.23,19.77,7.91
PHC-DST-A2-05,2025-04-01,4.23,19.77,7.91
PHC-DST-A2-05,2025-04-02,3.63,20.37,6.79
PHC-DST-A2-05,2025-04-03,4.31,19.69,8.06
PHC-DST-A2-05,2025-04-04,3.07,20.93,5.74
PHC-DST-A2-05,2025-04-05,3.09,20.91,5.78
PHC-DST-A2-05,2025-04-06,3.61,20.39,6.75
PHC-DST-A2-05,2025-04-07,4.92,19.08,9.2
PHC-DST-A2-05,2025-04-08,3.92,20.08,7.33
PHC-DST-A2-05,2025-04-09,3.59,20.41,6.71
PHC-DST-A2-05,2025-04-10,4.96,19.04,9.28
PHC-DST-A2-05,2025-04-11,3.58,20.42,6.69
PHC-DST-A2-05,2025-04-12,,18.52,10.25
PHC-DST-A2-05,2025-04-13,,20.58,6.4
PHC-DST-A2-05,2025-04-14,3.04,20.96,5.68
PHC-DST-A2-05,2025-04-15,3.68,20.32,6.88
PHC-DST-A2-05,2025-04-16,3.61,20.39,6.75
PHC-DST-A2-05,2025-04-17,3.19,20.81,5.97
PHC-DST-A2-05,2025-04-18,5.75,18.25,10.75
PHC-DST-A2-05,2025-04-19,4.04,19.96,7.55
PHC-DST-A2-05,2025-04-20,4.15,19.85,7.76
PHC-DST-A2-05,2025-04-21,3.45,20.55,6.45
PHC-DST-A2-05,2025-04-22,3.37,20.63,6.3
PHC-DST-A2-05,2025-04-23,4.57,19.43,8.55
PHC-DST-A2-05,2025-04-24,2.54,21.46,4.75
PHC-DST-A2-05,2025-04-25,2.94,21.06,5.5
PHC-DST-A2-05,2025-04-26,3.61,20.39,6.75
PHC-DST-A2-05,2025-04-27,4.81,19.19,8.99
PHC-DST-A2-05,2025-04-28,3.52,20.48,6.58
PHC-DST-A2-05,2025-04-29,4.11,19.89,7.69
PHC-DST-A2-05,2025-04-30,,20.18,7.14
PHC-DST-A2-05,2025-05-01,4.77,19.23,8.92
PHC-DST-A2-05,2025-05-02,2.61,21.39,4.88
PHC-DST-A2-05,2025-05-03,4.35,19.65,8.13
PHC-DST-A2-05,2025-05-04,3.65,20.35,6.83
PHC-DST-A2-05,2025-05-05,4.49,19.51,8.4
PHC-DST-A2-05,2025-05-06,3.19,20.81,5.97
PHC-DST-A2-05,2025-05-07,3.82,20.18,7.14
PHC-DST-A2-05,2025-05-08,3.72,20.28,6.96
PHC-DST-A2-05,2025-05-09,3.05,20.95,5.7
PHC-DST-A2-05,2025-05-10,2.84,21.16,5.31
PHC-DST-A2-05,2025-05-11,3.36,20.64,6.28
PHC-DST-A2-05,2025-05-12,3.9,20.1,7.29
PHC-DST-A2-05,2025-05-13,3.23,20.77,6.04
PHC-DST-A2-05,2025-05-14,3.55,20.45,6.64
PHC-DST-A2-05,2025-05-15,2.39,21.61,4.47
PHC-DST-A2-05,2025-05-16,3.52,20.48,6.58
PHC-DST-A2-05,2025-05-17,4.57,19.43,8.55
PHC-DST-A2-05,2025-05-18,4.33,19.67,8.1
PHC-DST-A2-05,2025-05-19,3.73,20.27,6.98
PHC-DST-A2-05,2025-05-20,3.98,20.02,7.44
PHC-DST-A2-05,2025-05-21,3.18,20.82,5.95
PHC-DST-A2-05,2025-05-22,5.02,18.98,9.39
PHC-DST-A2-05,2025-05-23,5.35,18.65,10.0
PHC-DST-A2-05,2025-05-24,3.92,20.08,7.33
PHC-DST-A2-05,2025-05-25,5.74,18.26,10.73
PHC-DST-A2-05,2025-05-26,3.29,20.71,6.15
PHC-DST-A2-05,2025-05-27,2.86,21.14,5.35
PHC-DST-A2-05,2025-05-28,3.27,20.73,6.11
PHC-DST-A2-05,2025-05-29,3.64,20.36,6.81
PHC-DST-A2-05,2025-05-30,5.53,18.47,10.34
PHC-DST-A2-05,2025-05-31,3.59,20.41,6.71
PHC-DST-A2-05,2025-06-01,3.16,20.84,5.91
PHC-DST-A2-05,2025-06-02,3.13,20.87,5.85
PHC-DST-A2-05,2025-06-03,4.66,19.34,8.71
PHC-DST-A2-05,2025-06-04,4.55,19.45,8.51
PHC-DST-A2-05,2025-06-05,3.44,20.56,6.43
PHC-DST-A2-05,2025-06-06,2.39,21.61,4.47
PHC-DST-A2-05,2025-06-07,2.95,21.05,5.52
PHC-DST-A2-05,2025-06-08,5.09,18.91,9.52
PHC-DST-A2-05,2025-06-09,4.32,19.68,8.08
PHC-DST-A2-05,2025-06-10,3.85,20.15,7.2
PHC-DST-A2-05,2025-06-11,5.2,18.8,9.72
PHC-DST-A2-05,2025-06-12,5.27,18.73,9.85
PHC-DST-A2-05,2025-06-13,3.77,20.23,7.05
PHC-DST-A2-05,2025-06-14,3.79,20.21,7.09
PHC-DST-A2-05,2025-06-15,3.36,20.64,6.28
PHC-DST-A2-05,2025-06-16,3.59,20.41,6.71
PHC-DST-A2-05,2025-06-17,2.69,21.31,5.03
PHC-DST-A2-05,2025-06-18,2.68,21.32,5.01
PHC-DST-A2-05,2025-06-19,2.51,21.49,4.69
PHC-DST-A2-05,2025-06-20,4.61,19.39,8.62
PHC-DST-A2-05,2025-06-21,2.63,21.37,4.92
PHC-DST-A2-05,2025-06-22,5.26,18.74,9.84
PHC-DST-A2-05,2025-06-23,3.25,20.75,6.08
PHC-DST-A2-05,2025-06-24,5.1,18.9,9.54
PHC-DST-A2-05,2025-06-25,3.53,20.47,6.6
PHC-DST-A2-05,2025-06-26,2.63,21.37,4.92
PHC-DST-A2-05,2025-06-27,4.76,19.24,8.9
PHC-DST-A2-05,2025-06-28,4.85,19.15,9.07
PHC-DST-A2-05,2025-06-29,3.12,20.88,5.83
PHC-DST-A2-05,2025-06-30,3.55,20.45,6.64
PHC-DST-A2-06,2024-01-01,3.12,20.88,5.83
PHC-DST-A2-06,2024-01-02,3.71,20.29,6.94
PHC-DST-A2-06,2024-01-03,3.88,20.12,7.26
PHC-DST-A2-06,2024-01-04,3.54,20.46,6.62
PHC-DST-A2-06,2024-01-05,2.44,21.56,4.56
PHC-DST-A2-06,2024-01-06,3.36,20.64,6.28
PHC-DST-A2-06,2024-01-07,4.33,19.67,8.1
PHC-DST-A2-06,2024-01-08,3.64,20.36,6.81
PHC-DST-A2-06,2024-01-09,3.55,20.45,6.64
PHC-DST-A2-06,2024-01-10,3.1,20.9,5.8
PHC-DST-A2-06,2024-01-11,3.34,20.66,6.25
PHC-DST-A2-06,2024-01-12,4.86,19.14,9.09
PHC-DST-A2-06,2024-01-13,2.95,21.05,5.52
PHC-DST-A2-06,2024-01-14,4.34,19.66,8.12
PHC-DST-A2-06,2024-01-15,3.84,20.16,7.18
PHC-DST-A2-06,2024-01-16,3.98,20.02,7.44
PHC-DST-A2-06,2024-01-17,3.25,20.75,6.08
PHC-DST-A2-06,2024-01-18,3.54,20.46,6.62
PHC-DST-A2-06,2024-01-19,3.8,20.2,7.11
PHC-DST-A2-06,2024-01-20,3.41,20.59,6.38
PHC-DST-A2-06,2024-01-21,4.05,19.95,7.57
PHC-DST-A2-06,2024-01-22,4.14,19.86,7.74
PHC-DST-A2-06,2024-01-23,5.43,18.57,10.15
PHC-DST-A2-06,2024-01-24,4.01,19.99,7.5
PHC-DST-A2-06,2024-01-25,2.37,21.63,4.43
PHC-DST-A2-06,2024-01-26,,19.33,8.73
PHC-DST-A2-06,2024-01-27,3.65,20.35,6.83
PHC-DST-A2-06,2024-01-28,5.31,,9.93
PHC-DST-A2-06,2024-01-29,4.9,19.1,9.16
PHC-DST-A2-06,2024-01-30,3.42,20.58,6.4
PHC-DST-A2-06,2024-01-31,4.34,19.66,8.12
PHC-DST-A2-06,2024-02-01,3.35,20.65,6.26
PHC-DST-A2-06,2024-02-02,3.8,20.2,7.11
PHC-DST-A2-06,2024-02-03,4.31,19.69,8.06
PHC-DST-A2-06,2024-02-04,4.63,19.37,8.66
PHC-DST-A2-06,2024-02-05,4.47,19.53,8.36
PHC-DST-A2-06,2024-02-06,3.86,20.14,7.22
PHC-DST-A2-06,2024-02-07,5.66,18.34,10.58
PHC-DST-A2-06,2024-02-08,3.53,20.47,6.6
PHC-DST-A2-06,2024-02-09,2.59,21.41,4.84
PHC-DST-A2-06,2024-02-10,2.74,21.26,5.12
PHC-DST-A2-06,2024-02-11,4.91,19.09,9.18
PHC-DST-A2-06,2024-02-12,3.74,20.26,6.99
PHC-DST-A2-06,2024-02-13,3.92,20.08,7.33
PHC-DST-A2-06,2024-02-14,3.39,20.61,6.34
PHC-DST-A2-06,2024-02-15,3.46,20.54,6.47
PHC-DST-A2-06,2024-02-16,3.21,20.79,6.0
PHC-DST-A2-06,2024-02-17,4.15,19.85,7.76
PHC-DST-A2-06,2024-02-18,3.73,20.27,6.98
PHC-DST-A2-06,2024-02-19,4.13,19.87,7.72
PHC-DST-A2-06,2024-02-20,4.05,19.95,7.57
PHC-DST-A2-06,2024-02-21,3.48,20.52,6.51
PHC-DST-A2-06,2024-02-22,2.71,21.29,5.07
PHC-DST-A2-06,2024-02-23,2.64,21.36,4.94
PHC-DST-A2-06,2024-02-24,6.07,17.93,11.35
PHC-DST-A2-06,2024-02-25,4.91,19.09,9.18
PHC-DST-A2-06,2024-02-26,4.81,19.19,8.99
PHC-DST-A2-06,2024-02-27,3.29,20.71,6.15
PHC-DST-A2-06,2024-02-28,3.81,20.19,7.12
PHC-DST-A2-06,2024-02-29,3.19,20.81,5.97
PHC-DST-A2-06,2024-03-01,2.82,21.18,5.27
PHC-DST-A2-06,2024-03-02,3.36,20.64,6.28
PHC-DST-A2-06,2024-03-03,4.79,19.21,8.96
PHC-DST-A2-06,2024-03-04,4.43,19.57,8.28
PHC-DST-A2-06,2024-03-05,3.07,20.93,5.74
PHC-DST-A2-06,2024-03-06,3.56,20.44,6.66
PHC-DST-A2-06,2024-03-07,4.36,19.64,8.15
PHC-DST-A2-06,2024-03-08,3.37,20.63,6.3
PHC-DST-A2-06,2024-03-09,3.86,20.14,7.22
PHC-DST-A2-06,2024-03-10,4.1,19.9,7.67
PHC-DST-A2-06,2024-03-11,4.09,19.91,7.65
PHC-DST-A2-06,2024-03-12,3.99,20.01,7.46
PHC-DST-A2-06,2024-03-13,3.31,20.69,6.19
PHC-DST-A2-06,2024-03-14,3.39,20.61,6.34
PHC-DST-A2-06,2024-03-15,2.95,21.05,5.52
PHC-DST-A2-06,2024-03-16,2.63,,4.92
PHC-DST-A2-06,2024-03-17,3.71,20.29,6.94
PHC-DST-A2-06,2024-03-18,4.41,19.59,8.25
PHC-DST-A2-06,2024-03-19,2.76,21.24,5.16
PHC-DST-A2-06,2024-03-20,4.0,20.0,7.48
PHC-DST-A2-06,2024-03-21,4.39,19.61,8.21
PHC-DST-A2-06,2024-03-22,2.42,21.58,4.53
PHC-DST-A2-06,2024-03-23,3.6,20.4,6.73
PHC-DST-A2-06,2024-03-24,,18.97,9.41
PHC-DST-A2-06,2024-03-25,4.21,19.79,7.87
PHC-DST-A2-06,2024-03-26,2.4,21.6,4.49
PHC-DST-A2-06,2024-03-27,4.29,19.71,8.02
PHC-DST-A2-06,2024-03-28,3.24,20.76,6.06
PHC-DST-A2-06,2024-03-29,,19.68,8.08
PHC-DST-A2-06,2024-03-30,3.28,20.72,6.13
PHC-DST-A2-06,2024-03-31,3.76,,7.03
PHC-DST-A2-06,2024-04-01,3.4,20.6,6.36
PHC-DST-A2-06,2024-04-02,3.8,20.2,7.11
PHC-DST-A2-06,2024-04-03,3.37,20.63,6.3
PHC-DST-A2-06,2024-04-04,3.63,20.37,6.79
PHC-DST-A2-06,2024-04-05,2.92,21.08,5.46
PHC-DST-A2-06,2024-04-06,4.17,19.83,7.8
PHC-DST-A2-06,2024-04-07,3.93,20.07,7.35
PHC-DST-A2-06,2024-04-08,2.59,21.41,4.84
PHC-DST-A2-06,2024-04-09,4.54,19.46,8.49
PHC-DST-A2-06,2024-04-10,3.67,20.33,6.86
PHC-DST-A2-06,2024-04-11,3.92,20.08,7.33
PHC-DST-A2-06,2024-04-12,4.37,19.63,8.17
PHC-DST-A2-06,2024-04-13,4.05,19.95,7.57
PHC-DST-A2-06,2024-04-14,4.67,19.33,8.73
PHC-DST-A2-06,2024-04-15,3.58,20.42,6.69
PHC-DST-A2-06,2024-04-16,4.58,19.42,8.56
PHC-DST-A2-06,2024-04-17,3.89,20.11,7.27
PHC-DST-A2-06,2024-04-18,4.18,19.82,7.82
PHC-DST-A2-06,2024-04-19,4.1,19.9,7.67
PHC-DST-A2-06,2024-04-20,4.73,19.27,8.85
PHC-DST-A2-06,2024-04-21,4.34,19.66,8.12
PHC-DST-A2-06,2024-04-22,3.47,20.53,6.49
PHC-DST-A2-06,2024-04-23,3.32,20.68,6.21
PHC-DST-A2-06,2024-04-24,3.76,20.24,7.03
PHC-DST-A2-06,2024-04-25,3.23,20.77,6.04
PHC-DST-A2-06,2024-04-26,3.01,20.99,5.63
PHC-DST-A2-06,2024-04-27,2.2,21.8,4.11
PHC-DST-A2-06,2024-04-28,2.64,21.36,4.94
PHC-DST-A2-06,2024-04-29,5.29,18.71,9.89
PHC-DST-A2-06,2024-04-30,3.31,20.69,6.19
PHC-DST-A2-06,2024-05-01,5.23,18.77,9.78
PHC-DST-A2-06,2024-05-02,4.1,19.9,7.67
PHC-DST-A2-06,2024-05-03,3.76,20.24,7.03
PHC-DST-A2-06,2024-05-04,2.67,21.33,4.99
PHC-DST-A2-06,2024-05-05,3.8,20.2,7.11
PHC-DST-A2-06,2024-05-06,5.22,18.78,9.76
PHC-DST-A2-06,2024-05-07,4.97,19.03,9.29
PHC-DST-A2-06,2024-05-08,4.01,19.99,7.5
PHC-DST-A2-06,2024-05-09,2.94,21.06,5.5
PHC-DST-A2-06,2024-05-10,3.08,20.92,5.76
PHC-DST-A2-06,2024-05-11,3.16,20.84,5.91
PHC-DST-A2-06,2024-05-12,4.76,19.24,8.9
PHC-DST-A2-06,2024-05-13,5.02,,9.39
PHC-DST-A2-06,2024-05-14,3.95,20.05,7.39
PHC-DST-A2-06,2024-05-15,3.57,20.43,6.68
PHC-DST-A2-06,2024-05-16,4.96,19.04,9.28
PHC-DST-A2-06,2024-05-17,3.07,20.93,5.74
PHC-DST-A2-06,2024-05-18,3.84,20.16,7.18
PHC-DST-A2-06,2024-05-19,4.15,19.85,7.76
PHC-DST-A2-06,2024-05-20,3.15,20.85,5.89
PHC-DST-A2-06,2024-05-21,3.32,20.68,6.21
PHC-DST-A2-06,2024-05-22,3.26,20.74,6.1
PHC-DST-A2-06,2024-05-23,4.86,19.14,9.09
PHC-DST-A2-06,2024-05-24,5.24,18.76,9.8
PHC-DST-A2-06,2024-05-25,3.89,20.11,7.27
PHC-DST-A2-06,2024-05-26,3.6,20.4,6.73
PHC-DST-A2-06,2024-05-27,3.35,20.65,6.26
PHC-DST-A2-06,2024-05-28,3.8,20.2,7.11
PHC-DST-A2-06,2024-05-29,3.39,20.61,6.34
PHC-DST-A2-06,2024-05-30,3.73,20.27,6.98
PHC-DST-A2-06,2024-05-31,4.11,19.89,7.69
PHC-DST-A2-06,2024-06-01,3.5,20.5,6.55
PHC-DST-A2-06,2024-06-02,3.66,20.34,6.84
PHC-DST-A2-06,2024-06-03,3.66,20.34,6.84
PHC-DST-A2-06,2024-06-04,3.56,,6.66
PHC-DST-A2-06,2024-06-05,3.47,20.53,6.49
PHC-DST-A2-06,2024-06-06,4.37,19.63,8.17
PHC-DST-A2-06,2024-06-07,2.47,21.53,4.62
PHC-DST-A2-06,2024-06-08,4.98,19.02,9.31
PHC-DST-A2-06,2024-06-09,3.9,20.1,7.29
PHC-DST-A2-06,2024-06-10,4.26,19.74,7.97
PHC-DST-A2-06,2024-06-11,4.34,19.66,8.12
PHC-DST-A2-06,2024-06-12,3.27,20.73,6.11
PHC-DST-A2-06,2024-06-13,3.11,20.89,5.82
PHC-DST-A2-06,2024-06-14,3.03,20.97,5.67
PHC-DST-A2-06,2024-06-15,3.61,20.39,6.75
PHC-DST-A2-06,2024-06-16,4.32,19.68,8.08
PHC-DST-A2-06,2024-06-17,3.36,20.64,6.28
PHC-DST-A2-06,2024-06-18,4.26,19.74,7.97
PHC-DST-A2-06,2024-06-19,2.02,21.98,3.78
PHC-DST-A2-06,2024-06-20,3.51,20.49,6.56
PHC-DST-A2-06,2024-06-21,4.68,19.32,8.75
PHC-DST-A2-06,2024-06-22,,20.33,6.86
PHC-DST-A2-06,2024-06-23,3.18,20.82,5.95
PHC-DST-A2-06,2024-06-24,3.31,20.69,6.19
PHC-DST-A2-06,2024-06-25,1.53,22.47,2.86
PHC-DST-A2-06,2024-06-26,3.04,20.96,5.68
PHC-DST-A2-06,2024-06-27,4.59,19.41,8.58
PHC-DST-A2-06,2024-06-28,3.36,20.64,6.28
PHC-DST-A2-06,2024-06-29,3.45,20.55,6.45
PHC-DST-A2-06,2024-06-30,2.05,21.95,3.83
PHC-DST-A2-06,2024-07-01,2.58,21.42,4.82
PHC-DST-A2-06,2024-07-02,4.69,19.31,8.77
PHC-DST-A2-06,2024-07-03,4.26,19.74,7.97
PHC-DST-A2-06,2024-07-04,2.83,21.17,5.29
PHC-DST-A2-06,2024-07-05,6.68,17.32,12.49
PHC-DST-A2-06,2024-07-06,5.89,18.11,11.01
PHC-DST-A2-06,2024-07-07,,20.32,6.88
PHC-DST-A2-06,2024-07-08,4.23,19.77,7.91
PHC-DST-A2-06,2024-07-09,4.24,19.76,7.93
PHC-DST-A2-06,2024-07-10,4.46,19.54,8.34
PHC-DST-A2-06,2024-07-11,7.14,16.86,13.35
PHC-DST-A2-06,2024-07-12,3.6,20.4,6.73
PHC-DST-A2-06,2024-07-13,3.73,20.27,6.98
PHC-DST-A2-06,2024-07-14,,18.15,10.94
PHC-DST-A2-06,2024-07-15,1.54,22.46,2.88
PHC-DST-A2-06,2024-07-16,4.67,19.33,8.73
PHC-DST-A2-06,2024-07-17,4.05,19.95,7.57
PHC-DST-A2-06,2024-07-18,8.28,15.72,15.48
PHC-DST-A2-06,2024-07-19,3.46,20.54,6.47
PHC-DST-A2-06,2024-07-20,3.49,20.51,6.53
PHC-DST-A2-06,2024-07-21,7.97,16.03,14.9
PHC-DST-A2-06,2024-07-22,3.2,20.8,5.98
PHC-DST-A2-06,2024-07-23,2.98,21.02,5.57
PHC-DST-A2-06,2024-07-24,4.65,19.35,8.7
PHC-DST-A2-06,2024-07-25,3.67,20.33,6.86
PHC-DST-A2-06,2024-07-26,3.69,20.31,6.9
PHC-DST-A2-06,2024-07-27,4.32,19.68,8.08
PHC-DST-A2-06,2024-07-28,3.3,20.7,6.17
PHC-DST-A2-06,2024-07-29,3.45,20.55,6.45
PHC-DST-A2-06,2024-07-30,4.03,19.97,7.54
PHC-DST-A2-06,2024-07-31,8.65,15.35,16.18
PHC-DST-A2-06,2024-08-01,7.72,16.28,14.44
PHC-DST-A2-06,2024-08-02,4.21,19.79,7.87
PHC-DST-A2-06,2024-08-03,6.95,17.05,13.0
PHC-DST-A2-06,2024-08-04,8.11,15.89,15.17
PHC-DST-A2-06,2024-08-05,2.92,21.08,5.46
PHC-DST-A2-06,2024-08-06,3.77,20.23,7.05
PHC-DST-A2-06,2024-08-07,2.06,21.94,3.85
PHC-DST-A2-06,2024-08-08,2.64,21.36,4.94
PHC-DST-A2-06,2024-08-09,4.69,19.31,8.77
PHC-DST-A2-06,2024-08-10,4.08,19.92,7.63
PHC-DST-A2-06,2024-08-11,8.78,15.22,16.42
PHC-DST-A2-06,2024-08-12,2.99,21.01,5.59
PHC-DST-A2-06,2024-08-13,3.95,20.05,7.39
PHC-DST-A2-06,2024-08-14,9.75,14.25,18.23
PHC-DST-A2-06,2024-08-15,6.38,17.62,11.93
PHC-DST-A2-06,2024-08-16,2.76,21.24,5.16
PHC-DST-A2-06,2024-08-17,12.53,11.47,23.43
PHC-DST-A2-06,2024-08-18,3.52,20.48,6.58
PHC-DST-A2-06,2024-08-19,8.84,15.16,16.53
PHC-DST-A2-06,2024-08-20,4.94,19.06,9.24
PHC-DST-A2-06,2024-08-21,3.91,20.09,7.31
PHC-DST-A2-06,2024-08-22,15.61,8.39,29.19
PHC-DST-A2-06,2024-08-23,4.61,19.39,8.62
PHC-DST-A2-06,2024-08-24,3.34,20.66,6.25
PHC-DST-A2-06,2024-08-25,3.64,20.36,6.81
PHC-DST-A2-06,2024-08-26,3.65,20.35,6.83
PHC-DST-A2-06,2024-08-27,4.21,19.79,7.87
PHC-DST-A2-06,2024-08-28,15.66,8.34,29.28
PHC-DST-A2-06,2024-08-29,4.46,19.54,8.34
PHC-DST-A2-06,2024-08-30,7.58,16.42,14.17
PHC-DST-A2-06,2024-08-31,4.56,19.44,8.53
PHC-DST-A2-06,2024-09-01,4.31,19.69,8.06
PHC-DST-A2-06,2024-09-02,3.9,20.1,7.29
PHC-DST-A2-06,2024-09-03,4.33,19.67,8.1
PHC-DST-A2-06,2024-09-04,3.13,20.87,5.85
PHC-DST-A2-06,2024-09-05,3.95,20.05,7.39
PHC-DST-A2-06,2024-09-06,8.03,15.97,15.02
PHC-DST-A2-06,2024-09-07,14.48,9.52,27.08
PHC-DST-A2-06,2024-09-08,9.51,14.49,17.78
PHC-DST-A2-06,2024-09-09,3.25,20.75,6.08
PHC-DST-A2-06,2024-09-10,8.13,15.87,15.2
PHC-DST-A2-06,2024-09-11,8.3,,15.52
PHC-DST-A2-06,2024-09-12,14.75,9.25,27.58
PHC-DST-A2-06,2024-09-13,6.75,17.25,12.62
PHC-DST-A2-06,2024-09-14,3.06,20.94,5.72
PHC-DST-A2-06,2024-09-15,6.4,17.6,11.97
PHC-DST-A2-06,2024-09-16,2.78,21.22,5.2
PHC-DST-A2-06,2024-09-17,4.44,19.56,8.3
PHC-DST-A2-06,2024-09-18,3.49,20.51,6.53
PHC-DST-A2-06,2024-09-19,4.29,19.71,8.02
PHC-DST-A2-06,2024-09-20,4.5,19.5,8.42
PHC-DST-A2-06,2024-09-21,4.01,19.99,7.5
PHC-DST-A2-06,2024-09-22,,16.84,13.39
PHC-DST-A2-06,2024-09-23,3.19,20.81,5.97
PHC-DST-A2-06,2024-09-24,3.61,20.39,6.75
PHC-DST-A2-06,2024-09-25,10.21,13.79,19.09
PHC-DST-A2-06,2024-09-26,4.77,19.23,8.92
PHC-DST-A2-06,2024-09-27,7.74,16.26,14.47
PHC-DST-A2-06,2024-09-28,3.18,20.82,5.95
PHC-DST-A2-06,2024-09-29,3.21,20.79,6.0
PHC-DST-A2-06,2024-09-30,4.92,19.08,9.2
PHC-DST-A2-06,2024-10-01,3.62,,6.77
PHC-DST-A2-06,2024-10-02,3.72,20.28,6.96
PHC-DST-A2-06,2024-10-03,4.38,19.62,8.19
PHC-DST-A2-06,2024-10-04,2.55,21.45,4.77
PHC-DST-A2-06,2024-10-05,3.84,20.16,7.18
PHC-DST-A2-06,2024-10-06,2.98,21.02,5.57
PHC-DST-A2-06,2024-10-07,3.58,20.42,6.69
PHC-DST-A2-06,2024-10-08,3.36,20.64,6.28
PHC-DST-A2-06,2024-10-09,3.32,20.68,6.21
PHC-DST-A2-06,2024-10-10,3.97,20.03,7.42
PHC-DST-A2-06,2024-10-11,3.97,20.03,7.42
PHC-DST-A2-06,2024-10-12,3.64,20.36,6.81
PHC-DST-A2-06,2024-10-13,4.08,,7.63
PHC-DST-A2-06,2024-10-14,3.15,20.85,5.89
PHC-DST-A2-06,2024-10-15,4.31,19.69,8.06
PHC-DST-A2-06,2024-10-16,3.65,20.35,6.83
PHC-DST-A2-06,2024-10-17,3.44,20.56,6.43
PHC-DST-A2-06,2024-10-18,3.2,20.8,5.98
PHC-DST-A2-06,2024-10-19,3.62,20.38,6.77
PHC-DST-A2-06,2024-10-20,5.2,18.8,9.72
PHC-DST-A2-06,2024-10-21,3.75,20.25,7.01
PHC-DST-A2-06,2024-10-22,2.94,21.06,5.5
PHC-DST-A2-06,2024-10-23,4.49,,8.4
PHC-DST-A2-06,2024-10-24,3.45,,6.45
PHC-DST-A2-06,2024-10-25,4.01,19.99,7.5
PHC-DST-A2-06,2024-10-26,3.35,20.65,6.26
PHC-DST-A2-06,2024-10-27,4.76,19.24,8.9
PHC-DST-A2-06,2024-10-28,3.36,20.64,6.28
PHC-DST-A2-06,2024-10-29,4.85,19.15,9.07
PHC-DST-A2-06,2024-10-30,3.01,20.99,5.63
PHC-DST-A2-06,2024-10-31,3.58,20.42,6.69
PHC-DST-A2-06,2024-11-01,4.85,19.15,9.07
PHC-DST-A2-06,2024-11-02,3.93,20.07,7.35
PHC-DST-A2-06,2024-11-03,5.5,18.5,10.29
PHC-DST-A2-06,2024-11-04,3.6,20.4,6.73
PHC-DST-A2-06,2024-11-05,3.99,20.01,7.46
PHC-DST-A2-06,2024-11-06,5.23,18.77,9.78
PHC-DST-A2-06,2024-11-07,2.66,21.34,4.97
PHC-DST-A2-06,2024-11-08,2.57,21.43,4.81
PHC-DST-A2-06,2024-11-09,3.2,20.8,5.98
PHC-DST-A2-06,2024-11-10,4.41,19.59,8.25
PHC-DST-A2-06,2024-11-11,2.59,21.41,4.84
PHC-DST-A2-06,2024-11-12,4.25,19.75,7.95
PHC-DST-A2-06,2024-11-13,4.2,19.8,7.85
PHC-DST-A2-06,2024-11-14,5.31,18.69,9.93
PHC-DST-A2-06,2024-11-15,4.58,19.42,8.56
PHC-DST-A2-06,2024-11-16,,19.93,7.61
PHC-DST-A2-06,2024-11-17,4.82,19.18,9.01
PHC-DST-A2-06,2024-11-18,4.2,19.8,7.85
PHC-DST-A2-06,2024-11-19,3.45,20.55,6.45
PHC-DST-A2-06,2024-11-20,2.94,21.06,5.5
PHC-DST-A2-06,2024-11-21,3.37,20.63,6.3
PHC-DST-A2-06,2024-11-22,3.77,20.23,7.05
PHC-DST-A2-06,2024-11-23,3.93,20.07,7.35
PHC-DST-A2-06,2024-11-24,2.2,21.8,4.11
PHC-DST-A2-06,2024-11-25,3.64,20.36,6.81
PHC-DST-A2-06,2024-11-26,,20.18,7.14
PHC-DST-A2-06,2024-11-27,4.21,19.79,7.87
PHC-DST-A2-06,2024-11-28,5.02,18.98,9.39
PHC-DST-A2-06,2024-11-29,3.94,20.06,7.37
PHC-DST-A2-06,2024-11-30,3.12,20.88,5.83
PHC-DST-A2-06,2024-12-01,2.44,21.56,4.56
PHC-DST-A2-06,2024-12-02,4.32,19.68,8.08
PHC-DST-A2-06,2024-12-03,3.15,20.85,5.89
PHC-DST-A2-06,2024-12-04,4.45,19.55,8.32
PHC-DST-A2-06,2024-12-05,4.85,19.15,9.07
PHC-DST-A2-06,2024-12-06,2.64,21.36,4.94
PHC-DST-A2-06,2024-12-07,4.22,19.78,7.89
PHC-DST-A2-06,2024-12-08,4.77,19.23,8.92
PHC-DST-A2-06,2024-12-09,4.56,19.44,8.53
PHC-DST-A2-06,2024-12-10,2.23,21.77,4.17
PHC-DST-A2-06,2024-12-11,3.16,20.84,5.91
PHC-DST-A2-06,2024-12-12,2.84,21.16,5.31
PHC-DST-A2-06,2024-12-13,4.19,19.81,7.84
PHC-DST-A2-06,2024-12-14,4.11,19.89,7.69
PHC-DST-A2-06,2024-12-15,1.78,,3.33
PHC-DST-A2-06,2024-12-16,3.57,20.43,6.68
PHC-DST-A2-06,2024-12-17,4.4,19.6,8.23
PHC-DST-A2-06,2024-12-18,3.91,20.09,7.31
PHC-DST-A2-06,2024-12-19,3.91,20.09,7.31
PHC-DST-A2-06,2024-12-20,3.53,20.47,6.6
PHC-DST-A2-06,2024-12-21,3.01,20.99,5.63
PHC-DST-A2-06,2024-12-22,3.79,20.21,7.09
PHC-DST-A2-06,2024-12-23,3.84,20.16,7.18
PHC-DST-A2-06,2024-12-24,4.26,19.74,7.97
PHC-DST-A2-06,2024-12-25,4.32,19.68,8.08
PHC-DST-A2-06,2024-12-26,3.86,20.14,7.22
PHC-DST-A2-06,2024-12-27,4.62,19.38,8.64
PHC-DST-A2-06,2024-12-28,3.52,20.48,6.58
PHC-DST-A2-06,2024-12-29,2.72,21.28,5.09
PHC-DST-A2-06,2024-12-30,4.16,19.84,7.78
PHC-DST-A2-06,2024-12-31,3.89,20.11,7.27
PHC-DST-A2-06,2025-01-01,4.17,19.83,7.8
PHC-DST-A2-06,2025-01-02,2.85,21.15,5.33
PHC-DST-A2-06,2025-01-03,5.14,18.86,9.61
PHC-DST-A2-06,2025-01-04,4.33,19.67,8.1
PHC-DST-A2-06,2025-01-05,3.58,20.42,6.69
PHC-DST-A2-06,2025-01-06,3.1,20.9,5.8
PHC-DST-A2-06,2025-01-07,4.61,19.39,8.62
PHC-DST-A2-06,2025-01-08,,21.03,5.55
PHC-DST-A2-06,2025-01-09,5.5,18.5,10.29
PHC-DST-A2-06,2025-01-10,3.34,20.66,6.25
PHC-DST-A2-06,2025-01-11,5.09,18.91,9.52
PHC-DST-A2-06,2025-01-12,,20.34,6.84
PHC-DST-A2-06,2025-01-13,4.99,19.01,9.33
PHC-DST-A2-06,2025-01-14,3.25,20.75,6.08
PHC-DST-A2-06,2025-01-15,3.81,20.19,7.12
PHC-DST-A2-06,2025-01-16,4.4,19.6,8.23
PHC-DST-A2-06,2025-01-17,4.3,19.7,8.04
PHC-DST-A2-06,2025-01-18,4.63,19.37,8.66
PHC-DST-A2-06,2025-01-19,3.43,20.57,6.41
PHC-DST-A2-06,2025-01-20,3.86,20.14,7.22
PHC-DST-A2-06,2025-01-21,4.74,19.26,8.86
PHC-DST-A2-06,2025-01-22,3.27,20.73,6.11
PHC-DST-A2-06,2025-01-23,4.23,19.77,7.91
PHC-DST-A2-06,2025-01-24,3.64,20.36,6.81
PHC-DST-A2-06,2025-01-25,3.95,20.05,7.39
PHC-DST-A2-06,2025-01-26,3.86,20.14,7.22
PHC-DST-A2-06,2025-01-27,3.21,20.79,6.0
PHC-DST-A2-06,2025-01-28,3.6,20.4,6.73
PHC-DST-A2-06,2025-01-29,3.91,20.09,7.31
PHC-DST-A2-06,2025-01-30,3.72,20.28,6.96
PHC-DST-A2-06,2025-01-31,4.98,19.02,9.31
PHC-DST-A2-06,2025-02-01,4.56,19.44,8.53
PHC-DST-A2-06,2025-02-02,4.02,19.98,7.52
PHC-DST-A2-06,2025-02-03,3.23,20.77,6.04
PHC-DST-A2-06,2025-02-04,3.18,20.82,5.95
PHC-DST-A2-06,2025-02-05,5.28,18.72,9.87
PHC-DST-A2-06,2025-02-06,3.04,20.96,5.68
PHC-DST-A2-06,2025-02-07,3.89,20.11,7.27
PHC-DST-A2-06,2025-02-08,4.07,19.93,7.61
PHC-DST-A2-06,2025-02-09,3.57,20.43,6.68
PHC-DST-A2-06,2025-02-10,3.05,20.95,5.7
PHC-DST-A2-06,2025-02-11,3.21,20.79,6.0
PHC-DST-A2-06,2025-02-12,3.39,,6.34
PHC-DST-A2-06,2025-02-13,3.27,,6.11
PHC-DST-A2-06,2025-02-14,4.8,19.2,8.98
PHC-DST-A2-06,2025-02-15,3.79,20.21,7.09
PHC-DST-A2-06,2025-02-16,3.41,20.59,6.38
PHC-DST-A2-06,2025-02-17,3.88,20.12,7.26
PHC-DST-A2-06,2025-02-18,4.3,19.7,8.04
PHC-DST-A2-06,2025-02-19,3.54,20.46,6.62
PHC-DST-A2-06,2025-02-20,4.48,19.52,8.38
PHC-DST-A2-06,2025-02-21,2.85,21.15,5.33
PHC-DST-A2-06,2025-02-22,4.68,19.32,8.75
PHC-DST-A2-06,2025-02-23,3.79,20.21,7.09
PHC-DST-A2-06,2025-02-24,3.76,20.24,7.03
PHC-DST-A2-06,2025-02-25,3.28,20.72,6.13
PHC-DST-A2-06,2025-02-26,,21.12,5.39
PHC-DST-A2-06,2025-02-27,2.55,21.45,4.77
PHC-DST-A2-06,2025-02-28,3.23,20.77,6.04
PHC-DST-A2-06,2025-03-01,4.24,19.76,7.93
PHC-DST-A2-06,2025-03-02,3.08,20.92,5.76
PHC-DST-A2-06,2025-03-03,2.64,21.36,4.94
PHC-DST-A2-06,2025-03-04,3.12,20.88,5.83
PHC-DST-A2-06,2025-03-05,3.51,20.49,6.56
PHC-DST-A2-06,2025-03-06,3.54,20.46,6.62
PHC-DST-A2-06,2025-03-07,3.7,20.3,6.92
PHC-DST-A2-06,2025-03-08,4.57,19.43,8.55
PHC-DST-A2-06,2025-03-09,4.74,19.26,8.86
PHC-DST-A2-06,2025-03-10,5.3,18.7,9.91
PHC-DST-A2-06,2025-03-11,2.58,21.42,4.82
PHC-DST-A2-06,2025-03-12,3.16,20.84,5.91
PHC-DST-A2-06,2025-03-13,4.32,19.68,8.08
PHC-DST-A2-06,2025-03-14,3.46,20.54,6.47
PHC-DST-A2-06,2025-03-15,4.45,19.55,8.32
PHC-DST-A2-06,2025-03-16,3.96,20.04,7.41
PHC-DST-A2-06,2025-03-17,4.98,19.02,9.31
PHC-DST-A2-06,2025-03-18,4.58,19.42,8.56
PHC-DST-A2-06,2025-03-19,4.6,19.4,8.6
PHC-DST-A2-06,2025-03-20,3.49,20.51,6.53
PHC-DST-A2-06,2025-03-21,3.73,20.27,6.98
PHC-DST-A2-06,2025-03-22,3.57,20.43,6.68
PHC-DST-A2-06,2025-03-23,2.67,21.33,4.99
PHC-DST-A2-06,2025-03-24,4.9,19.1,9.16
PHC-DST-A2-06,2025-03-25,4.36,19.64,8.15
PHC-DST-A2-06,2025-03-26,3.54,20.46,6.62
PHC-DST-A2-06,2025-03-27,4.78,19.22,8.94
PHC-DST-A2-06,2025-03-28,3.33,20.67,6.23
PHC-DST-A2-06,2025-03-29,2.42,21.58,4.53
PHC-DST-A2-06,2025-03-30,4.56,19.44,8.53
PHC-DST-A2-06,2025-03-31,2.84,21.16,5.31
PHC-DST-A2-06,2025-04-01,3.65,20.35,6.83
PHC-DST-A2-06,2025-04-02,3.95,20.05,7.39
PHC-DST-A2-06,2025-04-03,4.09,19.91,7.65
PHC-DST-A2-06,2025-04-04,4.44,19.56,8.3
PHC-DST-A2-06,2025-04-05,4.24,19.76,7.93
PHC-DST-A2-06,2025-04-06,4.21,19.79,7.87
PHC-DST-A2-06,2025-04-07,3.21,20.79,6.0
PHC-DST-A2-06,2025-04-08,4.02,19.98,7.52
PHC-DST-A2-06,2025-04-09,2.67,21.33,4.99
PHC-DST-A2-06,2025-04-10,4.97,19.03,9.29
PHC-DST-A2-06,2025-04-11,2.75,21.25,5.14
PHC-DST-A2-06,2025-04-12,3.54,20.46,6.62
PHC-DST-A2-06,2025-04-13,2.81,21.19,5.25
PHC-DST-A2-06,2025-04-14,3.25,20.75,6.08
PHC-DST-A2-06,2025-04-15,3.81,20.19,7.12
PHC-DST-A2-06,2025-04-16,3.4,20.6,6.36
PHC-DST-A2-06,2025-04-17,4.66,19.34,8.71
PHC-DST-A2-06,2025-04-18,3.97,20.03,7.42
PHC-DST-A2-06,2025-04-19,3.45,20.55,6.45
PHC-DST-A2-06,2025-04-20,3.7,20.3,6.92
PHC-DST-A2-06,2025-04-21,4.71,,8.81
PHC-DST-A2-06,2025-04-22,4.48,19.52,8.38
PHC-DST-A2-06,2025-04-23,2.95,21.05,5.52
PHC-DST-A2-06,2025-04-24,3.29,20.71,6.15
PHC-DST-A2-06,2025-04-25,4.16,19.84,7.78
PHC-DST-A2-06,2025-04-26,4.07,19.93,7.61
PHC-DST-A2-06,2025-04-27,3.01,20.99,5.63
PHC-DST-A2-06,2025-04-28,4.36,19.64,8.15
PHC-DST-A2-06,2025-04-29,3.13,20.87,5.85
PHC-DST-A2-06,2025-04-30,4.78,19.22,8.94
PHC-DST-A2-06,2025-05-01,4.2,19.8,7.85
PHC-DST-A2-06,2025-05-02,2.95,21.05,5.52
PHC-DST-A2-06,2025-05-03,3.4,20.6,6.36
PHC-DST-A2-06,2025-05-04,3.39,20.61,6.34
PHC-DST-A2-06,2025-05-05,3.92,20.08,7.33
PHC-DST-A2-06,2025-05-06,3.65,20.35,6.83
PHC-DST-A2-06,2025-05-07,2.94,21.06,5.5
PHC-DST-A2-06,2025-05-08,2.75,21.25,5.14
PHC-DST-A2-06,2025-05-09,4.21,19.79,7.87
PHC-DST-A2-06,2025-05-10,4.01,19.99,7.5
PHC-DST-A2-06,2025-05-11,3.88,20.12,7.26
PHC-DST-A2-06,2025-05-12,4.0,20.0,7.48
PHC-DST-A2-06,2025-05-13,,20.66,6.25
PHC-DST-A2-06,2025-05-14,3.94,20.06,7.37
PHC-DST-A2-06,2025-05-15,5.7,18.3,10.66
PHC-DST-A2-06,2025-05-16,4.68,19.32,8.75
PHC-DST-A2-06,2025-05-17,3.58,20.42,6.69
PHC-DST-A2-06,2025-05-18,3.41,20.59,6.38
PHC-DST-A2-06,2025-05-19,1.65,22.35,3.09
PHC-DST-A2-06,2025-05-20,4.6,19.4,8.6
PHC-DST-A2-06,2025-05-21,4.39,19.61,8.21
PHC-DST-A2-06,2025-05-22,3.39,20.61,6.34
PHC-DST-A2-06,2025-05-23,2.73,21.27,5.11
PHC-DST-A2-06,2025-05-24,2.93,21.07,5.48
PHC-DST-A2-06,2025-05-25,4.13,19.87,7.72
PHC-DST-A2-06,2025-05-26,3.73,20.27,6.98
PHC-DST-A2-06,2025-05-27,4.32,19.68,8.08
PHC-DST-A2-06,2025-05-28,3.86,20.14,7.22
PHC-DST-A2-06,2025-05-29,4.53,19.47,8.47
PHC-DST-A2-06,2025-05-30,4.08,19.92,7.63
PHC-DST-A2-06,2025-05-31,4.42,19.58,8.27
PHC-DST-A2-06,2025-06-01,2.23,21.77,4.17
PHC-DST-A2-06,2025-06-02,2.87,,5.37
PHC-DST-A2-06,2025-06-03,3.53,20.47,6.6
PHC-DST-A2-06,2025-06-04,4.61,19.39,8.62
PHC-DST-A2-06,2025-06-05,5.21,18.79,9.74
PHC-DST-A2-06,2025-06-06,3.68,20.32,6.88
PHC-DST-A2-06,2025-06-07,3.34,20.66,6.25
PHC-DST-A2-06,2025-06-08,2.33,21.67,4.36
PHC-DST-A2-06,2025-06-09,4.45,19.55,8.32
PHC-DST-A2-06,2025-06-10,3.39,20.61,6.34
PHC-DST-A2-06,2025-06-11,6.02,17.98,11.26
PHC-DST-A2-06,2025-06-12,3.25,20.75,6.08
PHC-DST-A2-06,2025-06-13,5.38,18.62,10.06
PHC-DST-A2-06,2025-06-14,4.36,19.64,8.15
PHC-DST-A2-06,2025-06-15,3.03,20.97,5.67
PHC-DST-A2-06,2025-06-16,3.97,20.03,7.42
PHC-DST-A2-06,2025-06-17,4.38,19.62,8.19
PHC-DST-A2-06,2025-06-18,3.63,20.37,6.79
PHC-DST-A2-06,2025-06-19,4.43,19.57,8.28
PHC-DST-A2-06,2025-06-20,4.41,19.59,8.25
PHC-DST-A2-06,2025-06-21,4.25,19.75,7.95
PHC-DST-A2-06,2025-06-22,3.79,20.21,7.09
PHC-DST-A2-06,2025-06-23,2.92,21.08,5.46
PHC-DST-A2-06,2025-06-24,3.74,20.26,6.99
PHC-DST-A2-06,2025-06-25,3.93,20.07,7.35
PHC-DST-A2-06,2025-06-26,2.39,21.61,4.47
PHC-DST-A2-06,2025-06-27,3.93,20.07,7.35
PHC-DST-A2-06,2025-06-28,3.73,20.27,6.98
PHC-DST-A2-06,2025-06-29,2.83,21.17,5.29
PHC-DST-A2-06,2025-06-30,3.55,20.45,6.64
PHC-DST-B1-01,2024-07-01,6.27,17.73,13.79
PHC-DST-B1-01,2024-07-02,,8.86,33.31
PHC-DST-B1-01,2024-07-03,5.56,18.44,12.23
PHC-DST-B1-01,2024-07-04,2.3,21.7,5.06
PHC-DST-B1-01,2024-07-05,1.31,22.69,2.88
PHC-DST-B1-01,2024-07-06,4.44,19.56,9.77
PHC-DST-B1-01,2024-07-07,1.85,22.15,4.07
PHC-DST-B1-01,2024-07-08,2.6,21.4,5.72
PHC-DST-B1-01,2024-07-09,2.5,21.5,5.5
PHC-DST-B1-01,2024-07-10,8.93,15.07,19.65
PHC-DST-B1-01,2024-07-11,0.27,23.73,0.59
PHC-DST-B1-01,2024-07-12,0.9,23.1,1.98
PHC-DST-B1-01,2024-07-13,0.44,23.56,0.97
PHC-DST-B1-01,2024-07-14,2.27,21.73,4.99
PHC-DST-B1-01,2024-07-15,7.19,16.81,15.82
PHC-DST-B1-01,2024-07-16,7.32,16.68,16.1
PHC-DST-B1-01,2024-07-17,0.69,23.31,1.52
PHC-DST-B1-01,2024-07-18,0.86,23.14,1.89
PHC-DST-B1-01,2024-07-19,14.07,9.93,30.95
PHC-DST-B1-01,2024-07-20,6.77,17.23,14.89
PHC-DST-B1-01,2024-07-21,10.97,13.03,24.13
PHC-DST-B1-01,2024-07-22,,18.63,11.81
PHC-DST-B1-01,2024-07-23,4.94,19.06,10.87
PHC-DST-B1-01,2024-07-24,1.08,22.92,2.38
PHC-DST-B1-01,2024-07-25,1.62,22.38,3.56
PHC-DST-B1-01,2024-07-26,5.06,18.94,11.13
PHC-DST-B1-01,2024-07-27,1.62,22.38,3.56
PHC-DST-B1-01,2024-07-28,5.55,18.45,12.21
PHC-DST-B1-01,2024-07-29,5.02,18.98,11.04
PHC-DST-B1-01,2024-07-30,5.5,18.5,12.1
PHC-DST-B1-01,2024-07-31,2.38,21.62,5.24
PHC-DST-B1-01,2024-08-01,1.87,22.13,4.11
PHC-DST-B1-01,2024-08-02,2.84,21.16,6.25
PHC-DST-B1-01,2024-08-03,4.06,19.94,8.93
PHC-DST-B1-01,2024-08-04,,18.35,12.43
PHC-DST-B1-01,2024-08-05,2.21,21.79,4.86
PHC-DST-B1-01,2024-08-06,2.72,21.28,5.98
PHC-DST-B1-01,2024-08-07,5.75,18.25,12.65
PHC-DST-B1-01,2024-08-08,2.6,21.4,5.72
PHC-DST-B1-01,2024-08-09,1.31,22.69,2.88
PHC-DST-B1-01,2024-08-10,9.61,14.39,21.14
PHC-DST-B1-01,2024-08-11,5.02,18.98,11.04
PHC-DST-B1-01,2024-08-12,1.26,22.74,2.77
PHC-DST-B1-01,2024-08-13,6.34,17.66,13.95
PHC-DST-B1-01,2024-08-14,1.35,22.65,2.97
PHC-DST-B1-01,2024-08-15,2.93,21.07,6.45
PHC-DST-B1-01,2024-08-16,2.5,21.5,5.5
PHC-DST-B1-01,2024-08-17,7.62,16.38,16.76
PHC-DST-B1-01,2024-08-18,6.3,17.7,13.86
PHC-DST-B1-01,2024-08-19,1.55,22.45,3.41
PHC-DST-B1-01,2024-08-20,1.83,22.17,4.03
PHC-DST-B1-01,2024-08-21,4.77,19.23,10.49
PHC-DST-B1-01,2024-08-22,1.98,22.02,4.36
PHC-DST-B1-01,2024-08-23,0.31,23.69,0.68
PHC-DST-B1-01,2024-08-24,1.06,22.94,2.33
PHC-DST-B1-01,2024-08-25,0.47,23.53,1.03
PHC-DST-B1-01,2024-08-26,6.23,17.77,13.71
PHC-DST-B1-01,2024-08-27,1.63,22.37,3.59
PHC-DST-B1-01,2024-08-28,6.48,,14.26
PHC-DST-B1-01,2024-08-29,6.06,17.94,13.33
PHC-DST-B1-01,2024-08-30,1.76,22.24,3.87
PHC-DST-B1-01,2024-08-31,2.42,21.58,5.32
PHC-DST-B1-01,2024-09-01,2.52,21.48,5.54
PHC-DST-B1-01,2024-09-02,4.7,19.3,10.34
PHC-DST-B1-01,2024-09-03,1.23,22.77,2.71
PHC-DST-B1-01,2024-09-04,1.73,22.27,3.81
PHC-DST-B1-01,2024-09-05,1.22,22.78,2.68
PHC-DST-B1-01,2024-09-06,1.01,22.99,2.22
PHC-DST-B1-01,2024-09-07,1.85,22.15,4.07
PHC-DST-B1-01,2024-09-08,3.62,20.38,7.96
PHC-DST-B1-01,2024-09-09,1.43,22.57,3.15
PHC-DST-B1-01,2024-09-10,6.38,17.62,14.04
PHC-DST-B1-01,2024-09-11,,21.27,6.01
PHC-DST-B1-01,2024-09-12,2.46,21.54,5.41
PHC-DST-B1-01,2024-09-13,2.4,21.6,5.28
PHC-DST-B1-01,2024-09-14,2.82,21.18,6.2
PHC-DST-B1-01,2024-09-15,5.91,18.09,13.0
PHC-DST-B1-01,2024-09-16,3.08,20.92,6.78
PHC-DST-B1-01,2024-09-17,2.27,21.73,4.99
PHC-DST-B1-01,2024-09-18,15.2,8.8,33.44
PHC-DST-B1-01,2024-09-19,6.46,17.54,14.21
PHC-DST-B1-01,2024-09-20,4.47,19.53,9.83
PHC-DST-B1-01,2024-09-21,2.0,22.0,4.4
PHC-DST-B1-01,2024-09-22,1.96,22.04,4.31
PHC-DST-B1-01,2024-09-23,2.07,21.93,4.55
PHC-DST-B1-01,2024-09-24,2.23,21.77,4.91
PHC-DST-B1-01,2024-09-25,2.92,21.08,6.42
PHC-DST-B1-01,2024-09-26,2.11,21.89,4.64
PHC-DST-B1-01,2024-09-27,1.82,22.18,4.0
PHC-DST-B1-01,2024-09-28,2.66,21.34,5.85
PHC-DST-B1-01,2024-09-29,3.48,20.52,7.66
PHC-DST-B1-01,2024-09-30,2.49,21.51,5.48
PHC-DST-B1-01,2024-10-01,1.95,22.05,4.29
PHC-DST-B1-01,2024-10-02,2.12,21.88,4.66
PHC-DST-B1-01,2024-10-03,1.99,22.01,4.38
PHC-DST-B1-01,2024-10-04,1.81,22.19,3.98
PHC-DST-B1-01,2024-10-05,3.42,20.58,7.52
PHC-DST-B1-01,2024-10-06,1.24,22.76,2.73
PHC-DST-B1-01,2024-10-07,2.67,21.33,5.87
PHC-DST-B1-01,2024-10-08,1.71,22.29,3.76
PHC-DST-B1-01,2024-10-09,0.69,23.31,1.52
PHC-DST-B1-01,2024-10-10,1.66,22.34,3.65
PHC-DST-B1-01,2024-10-11,1.39,22.61,3.06
PHC-DST-B1-01,2024-10-12,2.23,21.77,4.91
PHC-DST-B1-01,2024-10-13,1.87,22.13,4.11
PHC-DST-B1-01,2024-10-14,1.03,22.97,2.27
PHC-DST-B1-01,2024-10-15,2.9,21.1,6.38
PHC-DST-B1-01,2024-10-16,2.62,21.38,5.76
PHC-DST-B1-01,2024-10-17,2.99,21.01,6.58
PHC-DST-B1-01,2024-10-18,1.98,22.02,4.36
PHC-DST-B1-01,2024-10-19,1.77,22.23,3.89
PHC-DST-B1-01,2024-10-20,2.33,21.67,5.13
PHC-DST-B1-01,2024-10-21,1.37,22.63,3.01
PHC-DST-B1-01,2024-10-22,1.9,22.1,4.18
PHC-DST-B1-01,2024-10-23,1.67,22.33,3.67
PHC-DST-B1-01,2024-10-24,0.7,23.3,1.54
PHC-DST-B1-01,2024-10-25,1.9,,4.18
PHC-DST-B1-01,2024-10-26,1.47,22.53,3.23
PHC-DST-B1-01,2024-10-27,1.62,22.38,3.56
PHC-DST-B1-01,2024-10-28,2.07,21.93,4.55
PHC-DST-B1-01,2024-10-29,2.75,21.25,6.05
PHC-DST-B1-01,2024-10-30,1.16,22.84,2.55
PHC-DST-B1-01,2024-10-31,1.55,22.45,3.41
PHC-DST-B1-01,2024-11-01,1.23,22.77,2.71
PHC-DST-B1-01,2024-11-02,1.18,22.82,2.6
PHC-DST-B1-01,2024-11-03,1.35,22.65,2.97
PHC-DST-B1-01,2024-11-04,1.65,22.35,3.63
PHC-DST-B1-01,2024-11-05,2.24,21.76,4.93
PHC-DST-B1-01,2024-11-06,2.04,21.96,4.49
PHC-DST-B1-01,2024-11-07,1.01,22.99,2.22
PHC-DST-B1-01,2024-11-08,2.77,21.23,6.09
PHC-DST-B1-01,2024-11-09,,21.49,5.52
PHC-DST-B1-01,2024-11-10,1.12,,2.46
PHC-DST-B1-01,2024-11-11,2.72,21.28,5.98
PHC-DST-B1-01,2024-11-12,2.05,21.95,4.51
PHC-DST-B1-01,2024-11-13,1.68,22.32,3.7
PHC-DST-B1-01,2024-11-14,2.07,21.93,4.55
PHC-DST-B1-01,2024-11-15,1.78,22.22,3.92
PHC-DST-B1-01,2024-11-16,2.21,21.79,4.86
PHC-DST-B1-01,2024-11-17,1.94,22.06,4.27
PHC-DST-B1-01,2024-11-18,1.55,22.45,3.41
PHC-DST-B1-01,2024-11-19,0.28,23.72,0.62
PHC-DST-B1-01,2024-11-20,2.2,21.8,4.84
PHC-DST-B1-01,2024-11-21,1.52,22.48,3.34
PHC-DST-B1-01,2024-11-22,2.38,,5.24
PHC-DST-B1-01,2024-11-23,2.16,21.84,4.75
PHC-DST-B1-01,2024-11-24,1.54,22.46,3.39
PHC-DST-B1-01,2024-11-25,2.57,21.43,5.65
PHC-DST-B1-01,2024-11-26,1.95,22.05,4.29
PHC-DST-B1-01,2024-11-27,1.92,22.08,4.22
PHC-DST-B1-01,2024-11-28,1.7,22.3,3.74
PHC-DST-B1-01,2024-11-29,3.06,20.94,6.73
PHC-DST-B1-01,2024-11-30,1.27,22.73,2.79
PHC-DST-B1-01,2024-12-01,1.56,22.44,3.43
PHC-DST-B1-01,2024-12-02,0.87,23.13,1.91
PHC-DST-B1-01,2024-12-03,,21.65,5.17
PHC-DST-B1-01,2024-12-04,1.36,22.64,2.99
PHC-DST-B1-01,2024-12-05,1.45,22.55,3.19
PHC-DST-B1-01,2024-12-06,1.41,22.59,3.1
PHC-DST-B1-01,2024-12-07,1.85,22.15,4.07
PHC-DST-B1-01,2024-12-08,0.86,23.14,1.89
PHC-DST-B1-01,2024-12-09,0.12,23.88,0.26
PHC-DST-B1-01,2024-12-10,2.14,21.86,4.71
PHC-DST-B1-01,2024-12-11,0.21,23.79,0.46
PHC-DST-B1-01,2024-12-12,2.44,21.56,5.37
PHC-DST-B1-01,2024-12-13,2.97,21.03,6.53
PHC-DST-B1-01,2024-12-14,1.68,22.32,3.7
PHC-DST-B1-01,2024-12-15,2.77,21.23,6.09
PHC-DST-B1-01,2024-12-16,1.78,22.22,3.92
PHC-DST-B1-01,2024-12-17,3.0,21.0,6.6
PHC-DST-B1-01,2024-12-18,1.46,22.54,3.21
PHC-DST-B1-01,2024-12-19,0.03,23.97,0.07
PHC-DST-B1-01,2024-12-20,1.74,22.26,3.83
PHC-DST-B1-01,2024-12-21,3.08,20.92,6.78
PHC-DST-B1-01,2024-12-22,2.2,21.8,4.84
PHC-DST-B1-01,2024-12-23,1.41,22.59,3.1
PHC-DST-B1-01,2024-12-24,2.05,21.95,4.51
PHC-DST-B1-01,2024-12-25,2.53,21.47,5.57
PHC-DST-B1-01,2024-12-26,1.74,22.26,3.83
PHC-DST-B1-01,2024-12-27,3.77,20.23,8.29
PHC-DST-B1-01,2024-12-28,1.41,22.59,3.1
PHC-DST-B1-01,2024-12-29,2.55,21.45,5.61
PHC-DST-B1-01,2024-12-30,2.37,21.63,5.21
PHC-DST-B1-01,2024-12-31,,22.72,2.82
PHC-DST-B1-01,2025-01-01,1.48,22.52,3.26
PHC-DST-B1-01,2025-01-02,2.56,21.44,5.63
PHC-DST-B1-01,2025-01-03,1.91,22.09,4.2
PHC-DST-B1-01,2025-01-04,2.05,21.95,4.51
PHC-DST-B1-01,2025-01-05,0.57,23.43,1.25
PHC-DST-B1-01,2025-01-06,2.29,21.71,5.04
PHC-DST-B1-01,2025-01-07,2.02,21.98,4.44
PHC-DST-B1-01,2025-01-08,,22.25,3.85
PHC-DST-B1-01,2025-01-09,2.07,21.93,4.55
PHC-DST-B1-01,2025-01-10,1.49,22.51,3.28
PHC-DST-B1-01,2025-01-11,1.36,22.64,2.99
PHC-DST-B1-01,2025-01-12,1.62,22.38,3.56
PHC-DST-B1-01,2025-01-13,1.45,22.55,3.19
PHC-DST-B1-01,2025-01-14,3.44,20.56,7.57
PHC-DST-B1-01,2025-01-15,2.48,21.52,5.46
PHC-DST-B1-01,2025-01-16,1.07,22.93,2.35
PHC-DST-B1-01,2025-01-17,3.33,20.67,7.33
PHC-DST-B1-01,2025-01-18,1.48,22.52,3.26
PHC-DST-B1-01,2025-01-19,1.82,22.18,4.0
PHC-DST-B1-01,2025-01-20,2.47,21.53,5.43
PHC-DST-B1-01,2025-01-21,0.32,23.68,0.7
PHC-DST-B1-01,2025-01-22,1.62,22.38,3.56
PHC-DST-B1-01,2025-01-23,1.37,22.63,3.01
PHC-DST-B1-01,2025-01-24,1.95,22.05,4.29
PHC-DST-B1-01,2025-01-25,2.08,21.92,4.58
PHC-DST-B1-01,2025-01-26,1.74,22.26,3.83
PHC-DST-B1-01,2025-01-27,1.71,,3.76
PHC-DST-B1-01,2025-01-28,2.6,21.4,5.72
PHC-DST-B1-01,2025-01-29,2.03,21.97,4.47
PHC-DST-B1-01,2025-01-30,1.83,22.17,4.03
PHC-DST-B1-01,2025-01-31,1.91,22.09,4.2
PHC-DST-B1-01,2025-02-01,3.18,20.82,7.0
PHC-DST-B1-01,2025-02-02,1.93,22.07,4.25
PHC-DST-B1-01,2025-02-03,1.41,22.59,3.1
PHC-DST-B1-01,2025-02-04,0.37,23.63,0.81
PHC-DST-B1-01,2025-02-05,0.72,23.28,1.58
PHC-DST-B1-01,2025-02-06,1.45,22.55,3.19
PHC-DST-B1-01,2025-02-07,1.72,22.28,3.78
PHC-DST-B1-01,2025-02-08,1.38,22.62,3.04
PHC-DST-B1-01,2025-02-09,2.06,21.94,4.53
PHC-DST-B1-01,2025-02-10,1.37,22.63,3.01
PHC-DST-B1-01,2025-02-11,1.11,22.89,2.44
PHC-DST-B1-01,2025-02-12,2.26,21.74,4.97
PHC-DST-B1-01,2025-02-13,2.83,21.17,6.23
PHC-DST-B1-01,2025-02-14,0.97,23.03,2.13
PHC-DST-B1-01,2025-02-15,1.98,22.02,4.36
PHC-DST-B1-01,2025-02-16,0.37,23.63,0.81
PHC-DST-B1-01,2025-02-17,0.69,23.31,1.52
PHC-DST-B1-01,2025-02-18,1.36,22.64,2.99
PHC-DST-B1-01,2025-02-19,2.65,21.35,5.83
PHC-DST-B1-01,2025-02-20,1.22,22.78,2.68
PHC-DST-B1-01,2025-02-21,1.19,22.81,2.62
PHC-DST-B1-01,2025-02-22,1.83,22.17,4.03
PHC-DST-B1-01,2025-02-23,1.83,22.17,4.03
PHC-DST-B1-01,2025-02-24,1.21,22.79,2.66
PHC-DST-B1-01,2025-02-25,3.29,20.71,7.24
PHC-DST-B1-01,2025-02-26,1.6,22.4,3.52
PHC-DST-B1-01,2025-02-27,,22.11,4.16
PHC-DST-B1-01,2025-02-28,1.5,22.5,3.3
PHC-DST-B1-01,2025-03-01,2.13,21.87,4.69
PHC-DST-B1-01,2025-03-02,2.73,21.27,6.01
PHC-DST-B1-01,2025-03-03,3.05,20.95,6.71
PHC-DST-B1-01,2025-03-04,1.23,22.77,2.71
PHC-DST-B1-01,2025-03-05,2.63,21.37,5.79
PHC-DST-B1-01,2025-03-06,2.21,21.79,4.86
PHC-DST-B1-01,2025-03-07,2.53,21.47,5.57
PHC-DST-B1-01,2025-03-08,1.73,22.27,3.81
PHC-DST-B1-01,2025-03-09,1.66,22.34,3.65
PHC-DST-B1-01,2025-03-10,2.5,21.5,5.5
PHC-DST-B1-01,2025-03-11,2.52,21.48,5.54
PHC-DST-B1-01,2025-03-12,2.97,21.03,6.53
PHC-DST-B1-01,2025-03-13,1.95,22.05,4.29
PHC-DST-B1-01,2025-03-14,1.72,22.28,3.78
PHC-DST-B1-01,2025-03-15,0.0,24.0,0.0
PHC-DST-B1-01,2025-03-16,0.59,23.41,1.3
PHC-DST-B1-01,2025-03-17,1.5,22.5,3.3
PHC-DST-B1-01,2025-03-18,0.97,23.03,2.13
PHC-DST-B1-01,2025-03-19,2.41,21.59,5.3
PHC-DST-B1-01,2025-03-20,0.82,23.18,1.8
PHC-DST-B1-01,2025-03-21,1.42,22.58,3.12
PHC-DST-B1-01,2025-03-22,1.45,22.55,3.19
PHC-DST-B1-01,2025-03-23,2.7,21.3,5.94
PHC-DST-B1-01,2025-03-24,1.34,22.66,2.95
PHC-DST-B1-01,2025-03-25,2.14,21.86,4.71
PHC-DST-B1-01,2025-03-26,1.95,22.05,4.29
PHC-DST-B1-01,2025-03-27,2.48,21.52,5.46
PHC-DST-B1-01,2025-03-28,2.44,21.56,5.37
PHC-DST-B1-01,2025-03-29,1.77,22.23,3.89
PHC-DST-B1-01,2025-03-30,0.53,23.47,1.17
PHC-DST-B1-01,2025-03-31,1.63,22.37,3.59
PHC-DST-B1-01,2025-04-01,1.79,22.21,3.94
PHC-DST-B1-01,2025-04-02,2.01,21.99,4.42
PHC-DST-B1-01,2025-04-03,1.25,22.75,2.75
PHC-DST-B1-01,2025-04-04,2.66,21.34,5.85
PHC-DST-B1-01,2025-04-05,1.81,22.19,3.98
PHC-DST-B1-01,2025-04-06,1.11,22.89,2.44
PHC-DST-B1-01,2025-04-07,,22.54,3.21
PHC-DST-B1-01,2025-04-08,3.25,20.75,7.15
PHC-DST-B1-01,2025-04-09,2.3,21.7,5.06
PHC-DST-B1-01,2025-04-10,2.59,21.41,5.7
PHC-DST-B1-01,2025-04-11,1.02,22.98,2.24
PHC-DST-B1-01,2025-04-12,1.28,22.72,2.82
PHC-DST-B1-01,2025-04-13,1.29,22.71,2.84
PHC-DST-B1-01,2025-04-14,1.94,22.06,4.27
PHC-DST-B1-01,2025-04-15,1.67,22.33,3.67
PHC-DST-B1-01,2025-04-16,1.43,22.57,3.15
PHC-DST-B1-01,2025-04-17,1.53,22.47,3.37
PHC-DST-B1-01,2025-04-18,1.2,22.8,2.64
PHC-DST-B1-01,2025-04-19,1.67,22.33,3.67
PHC-DST-B1-01,2025-04-20,2.63,21.37,5.79
PHC-DST-B1-01,2025-04-21,0.67,23.33,1.47
PHC-DST-B1-01,2025-04-22,2.06,21.94,4.53
PHC-DST-B1-01,2025-04-23,,21.16,6.25
PHC-DST-B1-01,2025-04-24,1.66,22.34,3.65
PHC-DST-B1-01,2025-04-25,1.4,22.6,3.08
PHC-DST-B1-01,2025-04-26,2.49,21.51,5.48
PHC-DST-B1-01,2025-04-27,1.06,22.94,2.33
PHC-DST-B1-01,2025-04-28,1.78,22.22,3.92
PHC-DST-B1-01,2025-04-29,1.02,22.98,2.24
PHC-DST-B1-01,2025-04-30,0.4,23.6,0.88
PHC-DST-B1-01,2025-05-01,1.69,22.31,3.72
PHC-DST-B1-01,2025-05-02,0.85,23.15,1.87
PHC-DST-B1-01,2025-05-03,1.79,22.21,3.94
PHC-DST-B1-01,2025-05-04,2.64,21.36,5.81
PHC-DST-B1-01,2025-05-05,3.19,20.81,7.02
PHC-DST-B1-01,2025-05-06,1.87,22.13,4.11
PHC-DST-B1-01,2025-05-07,2.56,21.44,5.63
PHC-DST-B1-01,2025-05-08,2.1,21.9,4.62
PHC-DST-B1-01,2025-05-09,1.51,22.49,3.32
PHC-DST-B1-01,2025-05-10,0.36,23.64,0.79
PHC-DST-B1-01,2025-05-11,3.02,20.98,6.64
PHC-DST-B1-01,2025-05-12,1.01,22.99,2.22
PHC-DST-B1-01,2025-05-13,2.84,21.16,6.25
PHC-DST-B1-01,2025-05-14,2.2,21.8,4.84
PHC-DST-B1-01,2025-05-15,1.07,22.93,2.35
PHC-DST-B1-01,2025-05-16,2.03,21.97,4.47
PHC-DST-B1-01,2025-05-17,3.4,20.6,7.48
PHC-DST-B1-01,2025-05-18,2.95,21.05,6.49
PHC-DST-B1-01,2025-05-19,,22.58,3.12
PHC-DST-B1-01,2025-05-20,1.27,22.73,2.79
PHC-DST-B1-01,2025-05-21,1.88,22.12,4.14
PHC-DST-B1-01,2025-05-22,1.68,22.32,3.7
PHC-DST-B1-01,2025-05-23,2.7,21.3,5.94
PHC-DST-B1-01,2025-05-24,2.35,21.65,5.17
PHC-DST-B1-01,2025-05-25,0.53,23.47,1.17
PHC-DST-B1-01,2025-05-26,2.14,21.86,4.71
PHC-DST-B1-01,2025-05-27,1.67,22.33,3.67
PHC-DST-B1-01,2025-05-28,1.83,22.17,4.03
PHC-DST-B1-01,2025-05-29,1.99,22.01,4.38
PHC-DST-B1-01,2025-05-30,2.7,21.3,5.94
PHC-DST-B1-01,2025-05-31,2.53,21.47,5.57
PHC-DST-B1-01,2025-06-01,1.24,22.76,2.73
PHC-DST-B1-01,2025-06-02,1.76,22.24,3.87
PHC-DST-B1-01,2025-06-03,1.46,22.54,3.21
PHC-DST-B1-01,2025-06-04,0.54,23.46,1.19
PHC-DST-B1-01,2025-06-05,1.72,22.28,3.78
PHC-DST-B1-01,2025-06-06,3.18,20.82,7.0
PHC-DST-B1-01,2025-06-07,0.52,23.48,1.14
PHC-DST-B1-01,2025-06-08,1.78,22.22,3.92
PHC-DST-B1-01,2025-06-09,1.76,22.24,3.87
PHC-DST-B1-01,2025-06-10,2.02,21.98,4.44
PHC-DST-B1-01,2025-06-11,1.08,22.92,2.38
PHC-DST-B1-01,2025-06-12,0.73,23.27,1.61
PHC-DST-B1-01,2025-06-13,0.77,23.23,1.69
PHC-DST-B1-01,2025-06-14,,21.2,6.16
PHC-DST-B1-01,2025-06-15,1.06,22.94,2.33
PHC-DST-B1-01,2025-06-16,1.43,22.57,3.15
PHC-DST-B1-01,2025-06-17,3.38,20.62,7.44
PHC-DST-B1-01,2025-06-18,1.25,22.75,2.75
PHC-DST-B1-01,2025-06-19,2.06,21.94,4.53
PHC-DST-B1-01,2025-06-20,2.6,21.4,5.72
PHC-DST-B1-01,2025-06-21,2.56,21.44,5.63
PHC-DST-B1-01,2025-06-22,,23.2,1.76
PHC-DST-B1-01,2025-06-23,1.26,22.74,2.77
PHC-DST-B1-01,2025-06-24,2.03,21.97,4.47
PHC-DST-B1-01,2025-06-25,3.25,20.75,7.15
PHC-DST-B1-01,2025-06-26,1.23,22.77,2.71
PHC-DST-B1-01,2025-06-27,1.43,22.57,3.15
PHC-DST-B1-01,2025-06-28,2.11,21.89,4.64
PHC-DST-B1-01,2025-06-29,2.26,21.74,4.97
PHC-DST-B1-01,2025-06-30,2.31,21.69,5.08
PHC-DST-B1-02,2024-07-01,9.23,14.77,17.26
PHC-DST-B1-02,2024-07-02,14.52,9.48,27.15
PHC-DST-B1-02,2024-07-03,8.09,15.91,15.13
PHC-DST-B1-02,2024-07-04,3.03,20.97,5.67
PHC-DST-B1-02,2024-07-05,5.2,18.8,9.72
PHC-DST-B1-02,2024-07-06,7.64,16.36,14.29
PHC-DST-B1-02,2024-07-07,3.82,20.18,7.14
PHC-DST-B1-02,2024-07-08,3.86,20.14,7.22
PHC-DST-B1-02,2024-07-09,2.67,21.33,4.99
PHC-DST-B1-02,2024-07-10,9.33,14.67,17.45
PHC-DST-B1-02,2024-07-11,3.86,20.14,7.22
PHC-DST-B1-02,2024-07-12,3.95,20.05,7.39
PHC-DST-B1-02,2024-07-13,2.86,21.14,5.35
PHC-DST-B1-02,2024-07-14,3.12,20.88,5.83
PHC-DST-B1-02,2024-07-15,10.02,13.98,18.74
PHC-DST-B1-02,2024-07-16,8.79,15.21,16.44
PHC-DST-B1-02,2024-07-17,3.94,20.06,7.37
PHC-DST-B1-02,2024-07-18,3.71,20.29,6.94
PHC-DST-B1-02,2024-07-19,12.95,11.05,24.22
PHC-DST-B1-02,2024-07-20,8.61,15.39,16.1
PHC-DST-B1-02,2024-07-21,14.46,9.54,27.04
PHC-DST-B1-02,2024-07-22,7.39,16.61,13.82
PHC-DST-B1-02,2024-07-23,7.53,16.47,14.08
PHC-DST-B1-02,2024-07-24,4.7,19.3,8.79
PHC-DST-B1-02,2024-07-25,0.88,23.12,1.65
PHC-DST-B1-02,2024-07-26,8.75,15.25,16.36
PHC-DST-B1-02,2024-07-27,3.77,20.23,7.05
PHC-DST-B1-02,2024-07-28,9.27,14.73,17.33
PHC-DST-B1-02,2024-07-29,9.34,,17.47
PHC-DST-B1-02,2024-07-30,7.21,16.79,13.48
PHC-DST-B1-02,2024-07-31,4.21,19.79,7.87
PHC-DST-B1-02,2024-08-01,4.17,19.83,7.8
PHC-DST-B1-02,2024-08-02,4.67,19.33,8.73
PHC-DST-B1-02,2024-08-03,7.34,16.66,13.73
PHC-DST-B1-02,2024-08-04,7.21,16.79,13.48
PHC-DST-B1-02,2024-08-05,,18.76,9.8
PHC-DST-B1-02,2024-08-06,4.62,19.38,8.64
PHC-DST-B1-02,2024-08-07,9.59,14.41,17.93
PHC-DST-B1-02,2024-08-08,2.22,21.78,4.15
PHC-DST-B1-02,2024-08-09,4.28,19.72,8.0
PHC-DST-B1-02,2024-08-10,12.65,11.35,23.66
PHC-DST-B1-02,2024-08-11,5.79,18.21,10.83
PHC-DST-B1-02,2024-08-12,3.6,20.4,6.73
PHC-DST-B1-02,2024-08-13,7.74,16.26,14.47
PHC-DST-B1-02,2024-08-14,3.55,20.45,6.64
PHC-DST-B1-02,2024-08-15,3.24,20.76,6.06
PHC-DST-B1-02,2024-08-16,4.0,20.0,7.48
PHC-DST-B1-02,2024-08-17,8.84,15.16,16.53
PHC-DST-B1-02,2024-08-18,8.58,15.42,16.04
PHC-DST-B1-02,2024-08-19,4.2,,7.85
PHC-DST-B1-02,2024-08-20,4.35,19.65,8.13
PHC-DST-B1-02,2024-08-21,10.83,13.17,20.25
PHC-DST-B1-02,2024-08-22,4.55,19.45,8.51
PHC-DST-B1-02,2024-08-23,5.81,18.19,10.86
PHC-DST-B1-02,2024-08-24,,17.87,11.46
PHC-DST-B1-02,2024-08-25,2.48,21.52,4.64
PHC-DST-B1-02,2024-08-26,9.71,14.29,18.16
PHC-DST-B1-02,2024-08-27,,19.82,7.82
PHC-DST-B1-02,2024-08-28,8.6,15.4,16.08
PHC-DST-B1-02,2024-08-29,8.03,15.97,15.02
PHC-DST-B1-02,2024-08-30,3.39,20.61,6.34
PHC-DST-B1-02,2024-08-31,3.65,20.35,6.83
PHC-DST-B1-02,2024-09-01,4.43,,8.28
PHC-DST-B1-02,2024-09-02,9.28,14.72,17.35
PHC-DST-B1-02,2024-09-03,4.23,19.77,7.91
PHC-DST-B1-02,2024-09-04,3.65,20.35,6.83
PHC-DST-B1-02,2024-09-05,4.64,19.36,8.68
PHC-DST-B1-02,2024-09-06,3.11,20.89,5.82
PHC-DST-B1-02,2024-09-07,2.95,21.05,5.52
PHC-DST-B1-02,2024-09-08,4.03,19.97,7.54
PHC-DST-B1-02,2024-09-09,4.1,19.9,7.67
PHC-DST-B1-02,2024-09-10,9.91,14.09,18.53
PHC-DST-B1-02,2024-09-11,5.24,18.76,9.8
PHC-DST-B1-02,2024-09-12,3.33,20.67,6.23
PHC-DST-B1-02,2024-09-13,4.92,19.08,9.2
PHC-DST-B1-02,2024-09-14,2.01,21.99,3.76
PHC-DST-B1-02,2024-09-15,8.11,15.89,15.17
PHC-DST-B1-02,2024-09-16,4.53,19.47,8.47
PHC-DST-B1-02,2024-09-17,3.08,20.92,5.76
PHC-DST-B1-02,2024-09-18,15.48,8.52,28.95
PHC-DST-B1-02,2024-09-19,10.39,13.61,19.43
PHC-DST-B1-02,2024-09-20,8.81,15.19,16.47
PHC-DST-B1-02,2024-09-21,3.51,20.49,6.56
PHC-DST-B1-02,2024-09-22,4.92,19.08,9.2
PHC-DST-B1-02,2024-09-23,2.58,21.42,4.82
PHC-DST-B1-02,2024-09-24,3.59,20.41,6.71
PHC-DST-B1-02,2024-09-25,3.4,20.6,6.36
PHC-DST-B1-02,2024-09-26,4.95,19.05,9.26
PHC-DST-B1-02,2024-09-27,3.94,20.06,7.37
PHC-DST-B1-02,2024-09-28,2.23,21.77,4.17
PHC-DST-B1-02,2024-09-29,2.82,21.18,5.27
PHC-DST-B1-02,2024-09-30,3.04,20.96,5.68
PHC-DST-B1-02,2024-10-01,4.5,19.5,8.42
PHC-DST-B1-02,2024-10-02,4.4,19.6,8.23
PHC-DST-B1-02,2024-10-03,3.57,20.43,6.68
PHC-DST-B1-02,2024-10-04,3.39,20.61,6.34
PHC-DST-B1-02,2024-10-05,4.34,19.66,8.12
PHC-DST-B1-02,2024-10-06,2.95,21.05,5.52
PHC-DST-B1-02,2024-10-07,4.14,19.86,7.74
PHC-DST-B1-02,2024-10-08,4.08,19.92,7.63
PHC-DST-B1-02,2024-10-09,3.59,,6.71
PHC-DST-B1-02,2024-10-10,4.1,19.9,7.67
PHC-DST-B1-02,2024-10-11,3.88,20.12,7.26
PHC-DST-B1-02,2024-10-12,4.17,19.83,7.8
PHC-DST-B1-02,2024-10-13,2.8,21.2,5.24
PHC-DST-B1-02,2024-10-14,4.26,19.74,7.97
PHC-DST-B1-02,2024-10-15,4.57,19.43,8.55
PHC-DST-B1-02,2024-10-16,4.04,19.96,7.55
PHC-DST-B1-02,2024-10-17,4.25,19.75,7.95
PHC-DST-B1-02,2024-10-18,3.72,20.28,6.96
PHC-DST-B1-02,2024-10-19,4.47,19.53,8.36
PHC-DST-B1-02,2024-10-20,3.85,20.15,7.2
PHC-DST-B1-02,2024-10-21,2.94,21.06,5.5
PHC-DST-B1-02,2024-10-22,4.42,19.58,8.27
PHC-DST-B1-02,2024-10-23,2.57,21.43,4.81
PHC-DST-B1-02,2024-10-24,4.01,19.99,7.5
PHC-DST-B1-02,2024-10-25,3.51,20.49,6.56
PHC-DST-B1-02,2024-10-26,3.46,20.54,6.47
PHC-DST-B1-02,2024-10-27,3.93,20.07,7.35
PHC-DST-B1-02,2024-10-28,3.27,20.73,6.11
PHC-DST-B1-02,2024-10-29,4.18,19.82,7.82
PHC-DST-B1-02,2024-10-30,3.84,20.16,7.18
PHC-DST-B1-02,2024-10-31,3.34,20.66,6.25
PHC-DST-B1-02,2024-11-01,4.8,19.2,8.98
PHC-DST-B1-02,2024-11-02,3.95,20.05,7.39
PHC-DST-B1-02,2024-11-03,4.27,19.73,7.98
PHC-DST-B1-02,2024-11-04,4.86,19.14,9.09
PHC-DST-B1-02,2024-11-05,4.85,19.15,9.07
PHC-DST-B1-02,2024-11-06,4.23,19.77,7.91
PHC-DST-B1-02,2024-11-07,3.57,20.43,6.68
PHC-DST-B1-02,2024-11-08,2.73,21.27,5.11
PHC-DST-B1-02,2024-11-09,3.96,20.04,7.41
PHC-DST-B1-02,2024-11-10,4.62,19.38,8.64
PHC-DST-B1-02,2024-11-11,4.07,19.93,7.61
PHC-DST-B1-02,2024-11-12,1.22,22.78,2.28
PHC-DST-B1-02,2024-11-13,4.45,19.55,8.32
PHC-DST-B1-02,2024-11-14,4.5,19.5,8.42
PHC-DST-B1-02,2024-11-15,3.57,20.43,6.68
PHC-DST-B1-02,2024-11-16,4.54,19.46,8.49
PHC-DST-B1-02,2024-11-17,4.27,19.73,7.98
PHC-DST-B1-02,2024-11-18,3.29,20.71,6.15
PHC-DST-B1-02,2024-11-19,4.75,19.25,8.88
PHC-DST-B1-02,2024-11-20,2.85,21.15,5.33
PHC-DST-B1-02,2024-11-21,3.76,20.24,7.03
PHC-DST-B1-02,2024-11-22,3.68,20.32,6.88
PHC-DST-B1-02,2024-11-23,3.18,20.82,5.95
PHC-DST-B1-02,2024-11-24,4.03,19.97,7.54
PHC-DST-B1-02,2024-11-25,4.78,19.22,8.94
PHC-DST-B1-02,2024-11-26,4.74,19.26,8.86
PHC-DST-B1-02,2024-11-27,4.34,19.66,8.12
PHC-DST-B1-02,2024-11-28,2.53,21.47,4.73
PHC-DST-B1-02,2024-11-29,2.8,21.2,5.24
PHC-DST-B1-02,2024-11-30,3.92,20.08,7.33
PHC-DST-B1-02,2024-12-01,3.77,20.23,7.05
PHC-DST-B1-02,2024-12-02,3.43,20.57,6.41
PHC-DST-B1-02,2024-12-03,5.23,18.77,9.78
PHC-DST-B1-02,2024-12-04,3.88,20.12,7.26
PHC-DST-B1-02,2024-12-05,4.21,19.79,7.87
PHC-DST-B1-02,2024-12-06,4.54,19.46,8.49
PHC-DST-B1-02,2024-12-07,3.84,20.16,7.18
PHC-DST-B1-02,2024-12-08,,18.26,10.73
PHC-DST-B1-02,2024-12-09,3.09,20.91,5.78
PHC-DST-B1-02,2024-12-10,3.35,20.65,6.26
PHC-DST-B1-02,2024-12-11,3.09,20.91,5.78
PHC-DST-B1-02,2024-12-12,4.97,19.03,9.29
PHC-DST-B1-02,2024-12-13,4.4,19.6,8.23
PHC-DST-B1-02,2024-12-14,3.39,20.61,6.34
PHC-DST-B1-02,2024-12-15,3.15,20.85,5.89
PHC-DST-B1-02,2024-12-16,4.84,19.16,9.05
PHC-DST-B1-02,2024-12-17,4.07,19.93,7.61
PHC-DST-B1-02,2024-12-18,4.86,19.14,9.09
PHC-DST-B1-02,2024-12-19,3.75,20.25,7.01
PHC-DST-B1-02,2024-12-20,4.18,19.82,7.82
PHC-DST-B1-02,2024-12-21,4.03,19.97,7.54
PHC-DST-B1-02,2024-12-22,3.33,20.67,6.23
PHC-DST-B1-02,2024-12-23,3.69,20.31,6.9
PHC-DST-B1-02,2024-12-24,2.91,21.09,5.44
PHC-DST-B1-02,2024-12-25,4.17,19.83,7.8
PHC-DST-B1-02,2024-12-26,4.37,19.63,8.17
PHC-DST-B1-02,2024-12-27,4.54,19.46,8.49
PHC-DST-B1-02,2024-12-28,4.3,19.7,8.04
PHC-DST-B1-02,2024-12-29,3.7,20.3,6.92
PHC-DST-B1-02,2024-12-30,4.96,19.04,9.28
PHC-DST-B1-02,2024-12-31,4.47,,8.36
PHC-DST-B1-02,2025-01-01,4.84,19.16,9.05
PHC-DST-B1-02,2025-01-02,4.89,19.11,9.14
PHC-DST-B1-02,2025-01-03,3.71,20.29,6.94
PHC-DST-B1-02,2025-01-04,4.09,19.91,7.65
PHC-DST-B1-02,2025-01-05,4.38,19.62,8.19
PHC-DST-B1-02,2025-01-06,,21.06,5.5
PHC-DST-B1-02,2025-01-07,2.95,21.05,5.52
PHC-DST-B1-02,2025-01-08,2.83,21.17,5.29
PHC-DST-B1-02,2025-01-09,3.72,20.28,6.96
PHC-DST-B1-02,2025-01-10,3.55,20.45,6.64
PHC-DST-B1-02,2025-01-11,2.72,21.28,5.09
PHC-DST-B1-02,2025-01-12,3.91,20.09,7.31
PHC-DST-B1-02,2025-01-13,3.73,20.27,6.98
PHC-DST-B1-02,2025-01-14,4.69,19.31,8.77
PHC-DST-B1-02,2025-01-15,5.31,18.69,9.93
PHC-DST-B1-02,2025-01-16,4.14,19.86,7.74
PHC-DST-B1-02,2025-01-17,3.28,20.72,6.13
PHC-DST-B1-02,2025-01-18,4.29,19.71,8.02
PHC-DST-B1-02,2025-01-19,3.81,20.19,7.12
PHC-DST-B1-02,2025-01-20,3.62,20.38,6.77
PHC-DST-B1-02,2025-01-21,3.15,20.85,5.89
PHC-DST-B1-02,2025-01-22,3.45,20.55,6.45
PHC-DST-B1-02,2025-01-23,,20.33,6.86
PHC-DST-B1-02,2025-01-24,4.4,19.6,8.23
PHC-DST-B1-02,2025-01-25,4.18,19.82,7.82
PHC-DST-B1-02,2025-01-26,5.17,18.83,9.67
PHC-DST-B1-02,2025-01-27,4.31,19.69,8.06
PHC-DST-B1-02,2025-01-28,4.12,19.88,7.7
PHC-DST-B1-02,2025-01-29,3.57,20.43,6.68
PHC-DST-B1-02,2025-01-30,3.02,20.98,5.65
PHC-DST-B1-02,2025-01-31,3.37,20.63,6.3
PHC-DST-B1-02,2025-02-01,3.28,20.72,6.13
PHC-DST-B1-02,2025-02-02,1.88,22.12,3.52
PHC-DST-B1-02,2025-02-03,3.04,,5.68
PHC-DST-B1-02,2025-02-04,5.0,19.0,9.35
PHC-DST-B1-02,2025-02-05,4.08,19.92,7.63
PHC-DST-B1-02,2025-02-06,3.52,20.48,6.58
PHC-DST-B1-02,2025-02-07,4.1,19.9,7.67
PHC-DST-B1-02,2025-02-08,2.33,21.67,4.36
PHC-DST-B1-02,2025-02-09,4.01,19.99,7.5
PHC-DST-B1-02,2025-02-10,4.76,19.24,8.9
PHC-DST-B1-02,2025-02-11,3.71,20.29,6.94
PHC-DST-B1-02,2025-02-12,2.47,21.53,4.62
PHC-DST-B1-02,2025-02-13,3.49,20.51,6.53
PHC-DST-B1-02,2025-02-14,4.76,19.24,8.9
PHC-DST-B1-02,2025-02-15,3.99,20.01,7.46
PHC-DST-B1-02,2025-02-16,2.74,21.26,5.12
PHC-DST-B1-02,2025-02-17,5.58,18.42,10.43
PHC-DST-B1-02,2025-02-18,2.86,21.14,5.35
PHC-DST-B1-02,2025-02-19,3.62,20.38,6.77
PHC-DST-B1-02,2025-02-20,3.02,20.98,5.65
PHC-DST-B1-02,2025-02-21,3.02,,5.65
PHC-DST-B1-02,2025-02-22,3.46,20.54,6.47
PHC-DST-B1-02,2025-02-23,4.28,19.72,8.0
PHC-DST-B1-02,2025-02-24,4.77,19.23,8.92
PHC-DST-B1-02,2025-02-25,3.51,20.49,6.56
PHC-DST-B1-02,2025-02-26,3.04,20.96,5.68
PHC-DST-B1-02,2025-02-27,4.16,19.84,7.78
PHC-DST-B1-02,2025-02-28,4.18,19.82,7.82
PHC-DST-B1-02,2025-03-01,3.98,20.02,7.44
PHC-DST-B1-02,2025-03-02,4.01,19.99,7.5
PHC-DST-B1-02,2025-03-03,3.72,20.28,6.96
PHC-DST-B1-02,2025-03-04,3.87,20.13,7.24
PHC-DST-B1-02,2025-03-05,3.66,20.34,6.84
PHC-DST-B1-02,2025-03-06,4.6,19.4,8.6
PHC-DST-B1-02,2025-03-07,5.47,18.53,10.23
PHC-DST-B1-02,2025-03-08,3.93,20.07,7.35
PHC-DST-B1-02,2025-03-09,3.8,20.2,7.11
PHC-DST-B1-02,2025-03-10,3.99,20.01,7.46
PHC-DST-B1-02,2025-03-11,3.31,20.69,6.19
PHC-DST-B1-02,2025-03-12,4.37,19.63,8.17
PHC-DST-B1-02,2025-03-13,4.13,19.87,7.72
PHC-DST-B1-02,2025-03-14,3.48,20.52,6.51
PHC-DST-B1-02,2025-03-15,4.48,19.52,8.38
PHC-DST-B1-02,2025-03-16,3.81,20.19,7.12
PHC-DST-B1-02,2025-03-17,3.07,20.93,5.74
PHC-DST-B1-02,2025-03-18,4.06,19.94,7.59
PHC-DST-B1-02,2025-03-19,3.98,20.02,7.44
PHC-DST-B1-02,2025-03-20,4.52,19.48,8.45
PHC-DST-B1-02,2025-03-21,4.42,19.58,8.27
PHC-DST-B1-02,2025-03-22,3.72,20.28,6.96
PHC-DST-B1-02,2025-03-23,3.45,20.55,6.45
PHC-DST-B1-02,2025-03-24,3.8,20.2,7.11
PHC-DST-B1-02,2025-03-25,4.07,19.93,7.61
PHC-DST-B1-02,2025-03-26,4.16,19.84,7.78
PHC-DST-B1-02,2025-03-27,4.03,19.97,7.54
PHC-DST-B1-02,2025-03-28,3.73,20.27,6.98
PHC-DST-B1-02,2025-03-29,4.55,19.45,8.51
PHC-DST-B1-02,2025-03-30,3.29,20.71,6.15
PHC-DST-B1-02,2025-03-31,5.66,18.34,10.58
PHC-DST-B1-02,2025-04-01,4.37,,8.17
PHC-DST-B1-02,2025-04-02,2.95,21.05,5.52
PHC-DST-B1-02,2025-04-03,3.94,20.06,7.37
PHC-DST-B1-02,2025-04-04,4.38,19.62,8.19
PHC-DST-B1-02,2025-04-05,,20.46,6.62
PHC-DST-B1-02,2025-04-06,2.68,,5.01
PHC-DST-B1-02,2025-04-07,3.02,20.98,5.65
PHC-DST-B1-02,2025-04-08,4.21,,7.87
PHC-DST-B1-02,2025-04-09,2.48,21.52,4.64
PHC-DST-B1-02,2025-04-10,2.71,21.29,5.07
PHC-DST-B1-02,2025-04-11,4.2,19.8,7.85
PHC-DST-B1-02,2025-04-12,3.63,20.37,6.79
PHC-DST-B1-02,2025-04-13,3.28,20.72,6.13
PHC-DST-B1-02,2025-04-14,3.43,20.57,6.41
PHC-DST-B1-02,2025-04-15,2.7,21.3,5.05
PHC-DST-B1-02,2025-04-16,4.16,19.84,7.78
PHC-DST-B1-02,2025-04-17,3.2,20.8,5.98
PHC-DST-B1-02,2025-04-18,3.4,20.6,6.36
PHC-DST-B1-02,2025-04-19,4.06,19.94,7.59
PHC-DST-B1-02,2025-04-20,3.61,20.39,6.75
PHC-DST-B1-02,2025-04-21,3.27,20.73,6.11
PHC-DST-B1-02,2025-04-22,2.31,21.69,4.32
PHC-DST-B1-02,2025-04-23,4.08,19.92,7.63
PHC-DST-B1-02,2025-04-24,3.86,20.14,7.22
PHC-DST-B1-02,2025-04-25,3.41,20.59,6.38
PHC-DST-B1-02,2025-04-26,3.02,20.98,5.65
PHC-DST-B1-02,2025-04-27,3.81,20.19,7.12
PHC-DST-B1-02,2025-04-28,4.16,19.84,7.78
PHC-DST-B1-02,2025-04-29,3.87,,7.24
PHC-DST-B1-02,2025-04-30,5.03,18.97,9.41
PHC-DST-B1-02,2025-05-01,4.33,19.67,8.1
PHC-DST-B1-02,2025-05-02,3.72,20.28,6.96
PHC-DST-B1-02,2025-05-03,4.35,19.65,8.13
PHC-DST-B1-02,2025-05-04,3.84,20.16,7.18
PHC-DST-B1-02,2025-05-05,3.83,20.17,7.16
PHC-DST-B1-02,2025-05-06,4.77,19.23,8.92
PHC-DST-B1-02,2025-05-07,3.13,20.87,5.85
PHC-DST-B1-02,2025-05-08,3.82,20.18,7.14
PHC-DST-B1-02,2025-05-09,4.69,19.31,8.77
PHC-DST-B1-02,2025-05-10,4.03,19.97,7.54
PHC-DST-B1-02,2025-05-11,3.52,20.48,6.58
PHC-DST-B1-02,2025-05-12,2.52,21.48,4.71
PHC-DST-B1-02,2025-05-13,2.1,21.9,3.93
PHC-DST-B1-02,2025-05-14,5.36,18.64,10.02
PHC-DST-B1-02,2025-05-15,4.03,19.97,7.54
PHC-DST-B1-02,2025-05-16,3.36,20.64,6.28
PHC-DST-B1-02,2025-05-17,4.06,19.94,7.59
PHC-DST-B1-02,2025-05-18,3.09,20.91,5.78
PHC-DST-B1-02,2025-05-19,3.55,20.45,6.64
PHC-DST-B1-02,2025-05-20,3.09,20.91,5.78
PHC-DST-B1-02,2025-05-21,2.74,21.26,5.12
PHC-DST-B1-02,2025-05-22,2.22,21.78,4.15
PHC-DST-B1-02,2025-05-23,2.6,21.4,4.86
PHC-DST-B1-02,2025-05-24,4.57,19.43,8.55
PHC-DST-B1-02,2025-05-25,3.06,20.94,5.72
PHC-DST-B1-02,2025-05-26,4.2,19.8,7.85
PHC-DST-B1-02,2025-05-27,4.52,19.48,8.45
PHC-DST-B1-02,2025-05-28,3.81,20.19,7.12
PHC-DST-B1-02,2025-05-29,3.58,20.42,6.69
PHC-DST-B1-02,2025-05-30,3.9,20.1,7.29
PHC-DST-B1-02,2025-05-31,3.49,20.51,6.53
PHC-DST-B1-02,2025-06-01,4.7,19.3,8.79
PHC-DST-B1-02,2025-06-02,5.21,18.79,9.74
PHC-DST-B1-02,2025-06-03,4.89,19.11,9.14
PHC-DST-B1-02,2025-06-04,2.19,21.81,4.1
PHC-DST-B1-02,2025-06-05,3.47,20.53,6.49
PHC-DST-B1-02,2025-06-06,3.8,20.2,7.11
PHC-DST-B1-02,2025-06-07,4.15,19.85,7.76
PHC-DST-B1-02,2025-06-08,2.5,21.5,4.67
PHC-DST-B1-02,2025-06-09,2.49,21.51,4.66
PHC-DST-B1-02,2025-06-10,4.78,19.22,8.94
PHC-DST-B1-02,2025-06-11,3.38,20.62,6.32
PHC-DST-B1-02,2025-06-12,2.68,21.32,5.01
PHC-DST-B1-02,2025-06-13,2.97,21.03,5.55
PHC-DST-B1-02,2025-06-14,4.09,19.91,7.65
PHC-DST-B1-02,2025-06-15,3.18,20.82,5.95
PHC-DST-B1-02,2025-06-16,3.98,20.02,7.44
PHC-DST-B1-02,2025-06-17,3.07,20.93,5.74
PHC-DST-B1-02,2025-06-18,2.49,21.51,4.66
PHC-DST-B1-02,2025-06-19,4.87,19.13,9.11
PHC-DST-B1-02,2025-06-20,4.1,19.9,7.67
PHC-DST-B1-02,2025-06-21,3.55,20.45,6.64
PHC-DST-B1-02,2025-06-22,3.41,20.59,6.38
PHC-DST-B1-02,2025-06-23,4.9,19.1,9.16
PHC-DST-B1-02,2025-06-24,4.24,19.76,7.93
PHC-DST-B1-02,2025-06-25,4.66,19.34,8.71
PHC-DST-B1-02,2025-06-26,3.36,20.64,6.28
PHC-DST-B1-02,2025-06-27,3.84,20.16,7.18
PHC-DST-B1-02,2025-06-28,4.1,19.9,7.67
PHC-DST-B1-02,2025-06-29,3.39,20.61,6.34
PHC-DST-B1-02,2025-06-30,3.73,20.27,6.98
PHC-DST-B1-03,2024-07-01,5.3,18.7,9.91
PHC-DST-B1-03,2024-07-02,15.78,8.22,29.51
PHC-DST-B1-03,2024-07-03,4.22,19.78,7.89
PHC-DST-B1-03,2024-07-04,2.14,21.86,4.0
PHC-DST-B1-03,2024-07-05,1.53,22.47,2.86
PHC-DST-B1-03,2024-07-06,7.5,16.5,14.03
PHC-DST-B1-03,2024-07-07,2.24,21.76,4.19
PHC-DST-B1-03,2024-07-08,1.42,22.58,2.66
PHC-DST-B1-03,2024-07-09,1.36,22.64,2.54
PHC-DST-B1-03,2024-07-10,6.64,17.36,12.42
PHC-DST-B1-03,2024-07-11,2.94,21.06,5.5
PHC-DST-B1-03,2024-07-12,2.04,21.96,3.81
PHC-DST-B1-03,2024-07-13,1.81,22.19,3.38
PHC-DST-B1-03,2024-07-14,1.1,22.9,2.06
PHC-DST-B1-03,2024-07-15,4.43,19.57,8.28
PHC-DST-B1-03,2024-07-16,5.97,18.03,11.16
PHC-DST-B1-03,2024-07-17,2.09,21.91,3.91
PHC-DST-B1-03,2024-07-18,0.0,24.0,0.0
PHC-DST-B1-03,2024-07-19,15.08,8.92,28.2
PHC-DST-B1-03,2024-07-20,5.4,18.6,10.1
PHC-DST-B1-03,2024-07-21,13.67,10.33,25.56
PHC-DST-B1-03,2024-07-22,6.17,17.83,11.54
PHC-DST-B1-03,2024-07-23,4.03,19.97,7.54
PHC-DST-B1-03,2024-07-24,0.36,23.64,0.67
PHC-DST-B1-03,2024-07-25,1.62,22.38,3.03
PHC-DST-B1-03,2024-07-26,6.31,17.69,11.8
PHC-DST-B1-03,2024-07-27,1.72,22.28,3.22
PHC-DST-B1-03,2024-07-28,4.55,19.45,8.51
PHC-DST-B1-03,2024-07-29,8.23,15.77,15.39
PHC-DST-B1-03,2024-07-30,7.91,16.09,14.79
PHC-DST-B1-03,2024-07-31,1.7,22.3,3.18
PHC-DST-B1-03,2024-08-01,1.54,22.46,2.88
PHC-DST-B1-03,2024-08-02,2.49,21.51,4.66
PHC-DST-B1-03,2024-08-03,6.1,17.9,11.41
PHC-DST-B1-03,2024-08-04,3.83,20.17,7.16
PHC-DST-B1-03,2024-08-05,2.88,21.12,5.39
PHC-DST-B1-03,2024-08-06,2.15,21.85,4.02
PHC-DST-B1-03,2024-08-07,5.36,18.64,10.02
PHC-DST-B1-03,2024-08-08,1.31,22.69,2.45
PHC-DST-B1-03,2024-08-09,1.83,22.17,3.42
PHC-DST-B1-03,2024-08-10,15.32,8.68,28.65
PHC-DST-B1-03,2024-08-11,5.45,18.55,10.19
PHC-DST-B1-03,2024-08-12,0.96,23.04,1.8
PHC-DST-B1-03,2024-08-13,4.84,19.16,9.05
PHC-DST-B1-03,2024-08-14,2.06,21.94,3.85
PHC-DST-B1-03,2024-08-15,1.29,22.71,2.41
PHC-DST-B1-03,2024-08-16,2.99,21.01,5.59
PHC-DST-B1-03,2024-08-17,5.09,18.91,9.52
PHC-DST-B1-03,2024-08-18,7.47,16.53,13.97
PHC-DST-B1-03,2024-08-19,1.55,22.45,2.9
PHC-DST-B1-03,2024-08-20,2.74,21.26,5.12
PHC-DST-B1-03,2024-08-21,6.43,17.57,12.02
PHC-DST-B1-03,2024-08-22,2.31,21.69,4.32
PHC-DST-B1-03,2024-08-23,2.42,21.58,4.53
PHC-DST-B1-03,2024-08-24,,22.16,3.44
PHC-DST-B1-03,2024-08-25,2.1,21.9,3.93
PHC-DST-B1-03,2024-08-26,4.97,19.03,9.29
PHC-DST-B1-03,2024-08-27,1.22,22.78,2.28
PHC-DST-B1-03,2024-08-28,4.27,19.73,7.98
PHC-DST-B1-03,2024-08-29,6.04,17.96,11.29
PHC-DST-B1-03,2024-08-30,2.31,21.69,4.32
PHC-DST-B1-03,2024-08-31,2.06,21.94,3.85
PHC-DST-B1-03,2024-09-01,0.8,23.2,1.5
PHC-DST-B1-03,2024-09-02,4.67,19.33,8.73
PHC-DST-B1-03,2024-09-03,1.94,22.06,3.63
PHC-DST-B1-03,2024-09-04,0.99,23.01,1.85
PHC-DST-B1-03,2024-09-05,0.78,23.22,1.46
PHC-DST-B1-03,2024-09-06,2.19,21.81,4.1
PHC-DST-B1-03,2024-09-07,0.65,23.35,1.22
PHC-DST-B1-03,2024-09-08,1.63,22.37,3.05
PHC-DST-B1-03,2024-09-09,1.56,22.44,2.92
PHC-DST-B1-03,2024-09-10,5.0,19.0,9.35
PHC-DST-B1-03,2024-09-11,3.0,21.0,5.61
PHC-DST-B1-03,2024-09-12,,23.4,1.12
PHC-DST-B1-03,2024-09-13,2.46,21.54,4.6
PHC-DST-B1-03,2024-09-14,0.0,24.0,0.0
PHC-DST-B1-03,2024-09-15,3.57,20.43,6.68
PHC-DST-B1-03,2024-09-16,3.63,20.37,6.79
PHC-DST-B1-03,2024-09-17,1.51,22.49,2.82
PHC-DST-B1-03,2024-09-18,10.14,13.86,18.96
PHC-DST-B1-03,2024-09-19,5.0,19.0,9.35
PHC-DST-B1-03,2024-09-20,6.02,17.98,11.26
PHC-DST-B1-03,2024-09-21,1.48,22.52,2.77
PHC-DST-B1-03,2024-09-22,1.19,22.81,2.23
PHC-DST-B1-03,2024-09-23,2.2,21.8,4.11
PHC-DST-B1-03,2024-09-24,1.13,22.87,2.11
PHC-DST-B1-03,2024-09-25,1.55,22.45,2.9
PHC-DST-B1-03,2024-09-26,1.88,22.12,3.52
PHC-DST-B1-03,2024-09-27,1.32,22.68,2.47
PHC-DST-B1-03,2024-09-28,1.43,22.57,2.67
PHC-DST-B1-03,2024-09-29,2.95,21.05,5.52
PHC-DST-B1-03,2024-09-30,1.65,22.35,3.09
PHC-DST-B1-03,2024-10-01,1.53,22.47,2.86
PHC-DST-B1-03,2024-10-02,1.67,22.33,3.12
PHC-DST-B1-03,2024-10-03,2.14,21.86,4.0
PHC-DST-B1-03,2024-10-04,1.02,22.98,1.91
PHC-DST-B1-03,2024-10-05,2.12,21.88,3.96
PHC-DST-B1-03,2024-10-06,1.99,22.01,3.72
PHC-DST-B1-03,2024-10-07,0.46,23.54,0.86
PHC-DST-B1-03,2024-10-08,3.15,20.85,5.89
PHC-DST-B1-03,2024-10-09,2.9,21.1,5.42
PHC-DST-B1-03,2024-10-10,1.2,22.8,2.24
PHC-DST-B1-03,2024-10-11,0.96,23.04,1.8
PHC-DST-B1-03,2024-10-12,1.97,22.03,3.68
PHC-DST-B1-03,2024-10-13,0.73,23.27,1.37
PHC-DST-B1-03,2024-10-14,2.82,21.18,5.27
PHC-DST-B1-03,2024-10-15,1.45,22.55,2.71
PHC-DST-B1-03,2024-10-16,3.02,20.98,5.65
PHC-DST-B1-03,2024-10-17,1.18,22.82,2.21
PHC-DST-B1-03,2024-10-18,1.72,22.28,3.22
PHC-DST-B1-03,2024-10-19,,21.25,5.14
PHC-DST-B1-03,2024-10-20,1.56,22.44,2.92
PHC-DST-B1-03,2024-10-21,2.0,22.0,3.74
PHC-DST-B1-03,2024-10-22,2.62,,4.9
PHC-DST-B1-03,2024-10-23,,22.62,2.58
PHC-DST-B1-03,2024-10-24,0.85,23.15,1.59
PHC-DST-B1-03,2024-10-25,0.71,23.29,1.33
PHC-DST-B1-03,2024-10-26,2.24,21.76,4.19
PHC-DST-B1-03,2024-10-27,2.09,21.91,3.91
PHC-DST-B1-03,2024-10-28,2.6,21.4,4.86
PHC-DST-B1-03,2024-10-29,1.59,22.41,2.97
PHC-DST-B1-03,2024-10-30,0.73,23.27,1.37
PHC-DST-B1-03,2024-10-31,0.04,23.96,0.07
PHC-DST-B1-03,2024-11-01,,20.05,7.39
PHC-DST-B1-03,2024-11-02,2.2,21.8,4.11
PHC-DST-B1-03,2024-11-03,1.9,22.1,3.55
PHC-DST-B1-03,2024-11-04,2.01,21.99,3.76
PHC-DST-B1-03,2024-11-05,0.73,23.27,1.37
PHC-DST-B1-03,2024-11-06,1.2,22.8,2.24
PHC-DST-B1-03,2024-11-07,3.11,20.89,5.82
PHC-DST-B1-03,2024-11-08,2.29,21.71,4.28
PHC-DST-B1-03,2024-11-09,1.23,22.77,2.3
PHC-DST-B1-03,2024-11-10,0.88,23.12,1.65
PHC-DST-B1-03,2024-11-11,1.41,22.59,2.64
PHC-DST-B1-03,2024-11-12,1.56,22.44,2.92
PHC-DST-B1-03,2024-11-13,3.34,20.66,6.25
PHC-DST-B1-03,2024-11-14,1.66,22.34,3.1
PHC-DST-B1-03,2024-11-15,0.91,23.09,1.7
PHC-DST-B1-03,2024-11-16,1.76,22.24,3.29
PHC-DST-B1-03,2024-11-17,2.0,22.0,3.74
PHC-DST-B1-03,2024-11-18,0.84,23.16,1.57
PHC-DST-B1-03,2024-11-19,2.1,21.9,3.93
PHC-DST-B1-03,2024-11-20,2.71,21.29,5.07
PHC-DST-B1-03,2024-11-21,1.9,,3.55
PHC-DST-B1-03,2024-11-22,1.2,22.8,2.24
PHC-DST-B1-03,2024-11-23,1.4,22.6,2.62
PHC-DST-B1-03,2024-11-24,0.56,23.44,1.05
PHC-DST-B1-03,2024-11-25,1.7,22.3,3.18
PHC-DST-B1-03,2024-11-26,2.03,21.97,3.8
PHC-DST-B1-03,2024-11-27,1.13,22.87,2.11
PHC-DST-B1-03,2024-11-28,3.25,20.75,6.08
PHC-DST-B1-03,2024-11-29,2.39,21.61,4.47
PHC-DST-B1-03,2024-11-30,0.46,23.54,0.86
PHC-DST-B1-03,2024-12-01,0.47,23.53,0.88
PHC-DST-B1-03,2024-12-02,1.06,22.94,1.98
PHC-DST-B1-03,2024-12-03,2.98,21.02,5.57
PHC-DST-B1-03,2024-12-04,2.47,21.53,4.62
PHC-DST-B1-03,2024-12-05,3.02,20.98,5.65
PHC-DST-B1-03,2024-12-06,1.81,22.19,3.38
PHC-DST-B1-03,2024-12-07,1.64,22.36,3.07
PHC-DST-B1-03,2024-12-08,0.86,23.14,1.61
PHC-DST-B1-03,2024-12-09,2.06,21.94,3.85
PHC-DST-B1-03,2024-12-10,1.65,22.35,3.09
PHC-DST-B1-03,2024-12-11,1.62,22.38,3.03
PHC-DST-B1-03,2024-12-12,3.01,20.99,5.63
PHC-DST-B1-03,2024-12-13,1.71,22.29,3.2
PHC-DST-B1-03,2024-12-14,2.8,21.2,5.24
PHC-DST-B1-03,2024-12-15,0.61,23.39,1.14
PHC-DST-B1-03,2024-12-16,3.82,20.18,7.14
PHC-DST-B1-03,2024-12-17,1.52,22.48,2.84
PHC-DST-B1-03,2024-12-18,2.33,21.67,4.36
PHC-DST-B1-03,2024-12-19,2.45,21.55,4.58
PHC-DST-B1-03,2024-12-20,1.43,22.57,2.67
PHC-DST-B1-03,2024-12-21,2.41,21.59,4.51
PHC-DST-B1-03,2024-12-22,2.45,21.55,4.58
PHC-DST-B1-03,2024-12-23,1.27,22.73,2.37
PHC-DST-B1-03,2024-12-24,1.27,22.73,2.37
PHC-DST-B1-03,2024-12-25,1.83,22.17,3.42
PHC-DST-B1-03,2024-12-26,1.71,22.29,3.2
PHC-DST-B1-03,2024-12-27,2.84,21.16,5.31
PHC-DST-B1-03,2024-12-28,2.33,21.67,4.36
PHC-DST-B1-03,2024-12-29,1.75,22.25,3.27
PHC-DST-B1-03,2024-12-30,2.25,21.75,4.21
PHC-DST-B1-03,2024-12-31,0.27,23.73,0.5
PHC-DST-B1-03,2025-01-01,1.34,22.66,2.51
PHC-DST-B1-03,2025-01-02,2.02,21.98,3.78
PHC-DST-B1-03,2025-01-03,2.64,21.36,4.94
PHC-DST-B1-03,2025-01-04,1.95,22.05,3.65
PHC-DST-B1-03,2025-01-05,2.89,21.11,5.4
PHC-DST-B1-03,2025-01-06,2.45,21.55,4.58
PHC-DST-B1-03,2025-01-07,,22.57,2.67
PHC-DST-B1-03,2025-01-08,1.69,22.31,3.16
PHC-DST-B1-03,2025-01-09,2.11,21.89,3.95
PHC-DST-B1-03,2025-01-10,1.46,22.54,2.73
PHC-DST-B1-03,2025-01-11,2.95,21.05,5.52
PHC-DST-B1-03,2025-01-12,0.97,23.03,1.81
PHC-DST-B1-03,2025-01-13,2.04,21.96,3.81
PHC-DST-B1-03,2025-01-14,2.35,21.65,4.39
PHC-DST-B1-03,2025-01-15,1.56,22.44,2.92
PHC-DST-B1-03,2025-01-16,1.4,22.6,2.62
PHC-DST-B1-03,2025-01-17,1.74,22.26,3.25
PHC-DST-B1-03,2025-01-18,2.41,21.59,4.51
PHC-DST-B1-03,2025-01-19,1.43,22.57,2.67
PHC-DST-B1-03,2025-01-20,1.0,23.0,1.87
PHC-DST-B1-03,2025-01-21,2.66,21.34,4.97
PHC-DST-B1-03,2025-01-22,2.1,21.9,3.93
PHC-DST-B1-03,2025-01-23,2.56,21.44,4.79
PHC-DST-B1-03,2025-01-24,2.37,21.63,4.43
PHC-DST-B1-03,2025-01-25,3.43,20.57,6.41
PHC-DST-B1-03,2025-01-26,2.64,21.36,4.94
PHC-DST-B1-03,2025-01-27,1.26,22.74,2.36
PHC-DST-B1-03,2025-01-28,2.15,21.85,4.02
PHC-DST-B1-03,2025-01-29,1.38,22.62,2.58
PHC-DST-B1-03,2025-01-30,1.46,22.54,2.73
PHC-DST-B1-03,2025-01-31,0.74,23.26,1.38
PHC-DST-B1-03,2025-02-01,1.59,22.41,2.97
PHC-DST-B1-03,2025-02-02,2.21,21.79,4.13
PHC-DST-B1-03,2025-02-03,1.75,22.25,3.27
PHC-DST-B1-03,2025-02-04,0.98,23.02,1.83
PHC-DST-B1-03,2025-02-05,0.66,23.34,1.23
PHC-DST-B1-03,2025-02-06,3.38,20.62,6.32
PHC-DST-B1-03,2025-02-07,2.04,21.96,3.81
PHC-DST-B1-03,2025-02-08,1.18,22.82,2.21
PHC-DST-B1-03,2025-02-09,2.15,21.85,4.02
PHC-DST-B1-03,2025-02-10,3.44,20.56,6.43
PHC-DST-B1-03,2025-02-11,2.27,21.73,4.24
PHC-DST-B1-03,2025-02-12,0.0,24.0,0.0
PHC-DST-B1-03,2025-02-13,3.79,20.21,7.09
PHC-DST-B1-03,2025-02-14,0.41,23.59,0.77
PHC-DST-B1-03,2025-02-15,1.65,22.35,3.09
PHC-DST-B1-03,2025-02-16,0.95,23.05,1.78
PHC-DST-B1-03,2025-02-17,1.24,22.76,2.32
PHC-DST-B1-03,2025-02-18,2.01,21.99,3.76
PHC-DST-B1-03,2025-02-19,0.25,23.75,0.47
PHC-DST-B1-03,2025-02-20,1.73,22.27,3.24
PHC-DST-B1-03,2025-02-21,2.66,21.34,4.97
PHC-DST-B1-03,2025-02-22,1.17,22.83,2.19
PHC-DST-B1-03,2025-02-23,0.76,23.24,1.42
PHC-DST-B1-03,2025-02-24,1.7,22.3,3.18
PHC-DST-B1-03,2025-02-25,1.55,22.45,2.9
PHC-DST-B1-03,2025-02-26,1.35,22.65,2.52
PHC-DST-B1-03,2025-02-27,0.91,23.09,1.7
PHC-DST-B1-03,2025-02-28,2.19,21.81,4.1
PHC-DST-B1-03,2025-03-01,2.25,,4.21
PHC-DST-B1-03,2025-03-02,1.0,23.0,1.87
PHC-DST-B1-03,2025-03-03,1.1,22.9,2.06
PHC-DST-B1-03,2025-03-04,1.9,22.1,3.55
PHC-DST-B1-03,2025-03-05,1.08,22.92,2.02
PHC-DST-B1-03,2025-03-06,1.93,22.07,3.61
PHC-DST-B1-03,2025-03-07,2.9,21.1,5.42
PHC-DST-B1-03,2025-03-08,1.76,22.24,3.29
PHC-DST-B1-03,2025-03-09,0.89,23.11,1.66
PHC-DST-B1-03,2025-03-10,2.09,21.91,3.91
PHC-DST-B1-03,2025-03-11,1.67,22.33,3.12
PHC-DST-B1-03,2025-03-12,1.69,22.31,3.16
PHC-DST-B1-03,2025-03-13,2.16,21.84,4.04
PHC-DST-B1-03,2025-03-14,2.32,21.68,4.34
PHC-DST-B1-03,2025-03-15,1.83,22.17,3.42
PHC-DST-B1-03,2025-03-16,1.75,22.25,3.27
PHC-DST-B1-03,2025-03-17,3.35,20.65,6.26
PHC-DST-B1-03,2025-03-18,2.7,21.3,5.05
PHC-DST-B1-03,2025-03-19,2.43,21.57,4.54
PHC-DST-B1-03,2025-03-20,1.9,22.1,3.55
PHC-DST-B1-03,2025-03-21,1.05,22.95,1.96
PHC-DST-B1-03,2025-03-22,2.65,21.35,4.96
PHC-DST-B1-03,2025-03-23,1.91,22.09,3.57
PHC-DST-B1-03,2025-03-24,1.37,22.63,2.56
PHC-DST-B1-03,2025-03-25,1.62,22.38,3.03
PHC-DST-B1-03,2025-03-26,1.08,22.92,2.02
PHC-DST-B1-03,2025-03-27,2.59,21.41,4.84
PHC-DST-B1-03,2025-03-28,2.31,21.69,4.32
PHC-DST-B1-03,2025-03-29,1.94,22.06,3.63
PHC-DST-B1-03,2025-03-30,,22.23,3.31
PHC-DST-B1-03,2025-03-31,1.29,22.71,2.41
PHC-DST-B1-03,2025-04-01,0.2,23.8,0.37
PHC-DST-B1-03,2025-04-02,0.74,23.26,1.38
PHC-DST-B1-03,2025-04-03,1.24,22.76,2.32
PHC-DST-B1-03,2025-04-04,1.13,22.87,2.11
PHC-DST-B1-03,2025-04-05,2.02,21.98,3.78
PHC-DST-B1-03,2025-04-06,,21.59,4.51
PHC-DST-B1-03,2025-04-07,1.7,22.3,3.18
PHC-DST-B1-03,2025-04-08,2.86,21.14,5.35
PHC-DST-B1-03,2025-04-09,1.21,22.79,2.26
PHC-DST-B1-03,2025-04-10,1.7,22.3,3.18
PHC-DST-B1-03,2025-04-11,1.76,22.24,3.29
PHC-DST-B1-03,2025-04-12,2.62,21.38,4.9
PHC-DST-B1-03,2025-04-13,1.88,22.12,3.52
PHC-DST-B1-03,2025-04-14,1.9,22.1,3.55
PHC-DST-B1-03,2025-04-15,0.56,23.44,1.05
PHC-DST-B1-03,2025-04-16,1.13,22.87,2.11
PHC-DST-B1-03,2025-04-17,2.62,21.38,4.9
PHC-DST-B1-03,2025-04-18,0.24,23.76,0.45
PHC-DST-B1-03,2025-04-19,2.81,21.19,5.25
PHC-DST-B1-03,2025-04-20,2.17,21.83,4.06
PHC-DST-B1-03,2025-04-21,1.24,22.76,2.32
PHC-DST-B1-03,2025-04-22,1.18,22.82,2.21
PHC-DST-B1-03,2025-04-23,3.22,,6.02
PHC-DST-B1-03,2025-04-24,2.86,21.14,5.35
PHC-DST-B1-03,2025-04-25,1.71,22.29,3.2
PHC-DST-B1-03,2025-04-26,1.9,22.1,3.55
PHC-DST-B1-03,2025-04-27,1.32,22.68,2.47
PHC-DST-B1-03,2025-04-28,1.9,22.1,3.55
PHC-DST-B1-03,2025-04-29,1.29,22.71,2.41
PHC-DST-B1-03,2025-04-30,1.74,22.26,3.25
PHC-DST-B1-03,2025-05-01,3.16,20.84,5.91
PHC-DST-B1-03,2025-05-02,1.73,22.27,3.24
PHC-DST-B1-03,2025-05-03,1.01,22.99,1.89
PHC-DST-B1-03,2025-05-04,0.78,23.22,1.46
PHC-DST-B1-03,2025-05-05,1.9,22.1,3.55
PHC-DST-B1-03,2025-05-06,1.23,22.77,2.3
PHC-DST-B1-03,2025-05-07,1.98,22.02,3.7
PHC-DST-B1-03,2025-05-08,0.59,23.41,1.1
PHC-DST-B1-03,2025-05-09,2.32,21.68,4.34
PHC-DST-B1-03,2025-05-10,,23.0,1.87
PHC-DST-B1-03,2025-05-11,1.83,22.17,3.42
PHC-DST-B1-03,2025-05-12,1.55,22.45,2.9
PHC-DST-B1-03,2025-05-13,3.09,20.91,5.78
PHC-DST-B1-03,2025-05-14,1.93,22.07,3.61
PHC-DST-B1-03,2025-05-15,3.26,20.74,6.1
PHC-DST-B1-03,2025-05-16,2.22,21.78,4.15
PHC-DST-B1-03,2025-05-17,2.87,21.13,5.37
PHC-DST-B1-03,2025-05-18,1.64,22.36,3.07
PHC-DST-B1-03,2025-05-19,2.06,21.94,3.85
PHC-DST-B1-03,2025-05-20,2.71,21.29,5.07
PHC-DST-B1-03,2025-05-21,2.48,21.52,4.64
PHC-DST-B1-03,2025-05-22,2.2,21.8,4.11
PHC-DST-B1-03,2025-05-23,1.55,22.45,2.9
PHC-DST-B1-03,2025-05-24,1.68,22.32,3.14
PHC-DST-B1-03,2025-05-25,2.65,21.35,4.96
PHC-DST-B1-03,2025-05-26,2.81,21.19,5.25
PHC-DST-B1-03,2025-05-27,1.36,22.64,2.54
PHC-DST-B1-03,2025-05-28,1.24,22.76,2.32
PHC-DST-B1-03,2025-05-29,1.12,22.88,2.09
PHC-DST-B1-03,2025-05-30,2.42,21.58,4.53
PHC-DST-B1-03,2025-05-31,1.1,22.9,2.06
PHC-DST-B1-03,2025-06-01,2.41,21.59,4.51
PHC-DST-B1-03,2025-06-02,2.21,,4.13
PHC-DST-B1-03,2025-06-03,1.39,22.61,2.6
PHC-DST-B1-03,2025-06-04,2.97,21.03,5.55
PHC-DST-B1-03,2025-06-05,0.7,23.3,1.31
PHC-DST-B1-03,2025-06-06,3.04,,5.68
PHC-DST-B1-03,2025-06-07,2.04,,3.81
PHC-DST-B1-03,2025-06-08,0.24,23.76,0.45
PHC-DST-B1-03,2025-06-09,2.99,21.01,5.59
PHC-DST-B1-03,2025-06-10,2.53,21.47,4.73
PHC-DST-B1-03,2025-06-11,1.48,22.52,2.77
PHC-DST-B1-03,2025-06-12,1.08,22.92,2.02
PHC-DST-B1-03,2025-06-13,0.62,23.38,1.16
PHC-DST-B1-03,2025-06-14,3.61,20.39,6.75
PHC-DST-B1-03,2025-06-15,1.11,22.89,2.08
PHC-DST-B1-03,2025-06-16,0.85,23.15,1.59
PHC-DST-B1-03,2025-06-17,2.0,22.0,3.74
PHC-DST-B1-03,2025-06-18,0.57,23.43,1.07
PHC-DST-B1-03,2025-06-19,1.06,22.94,1.98
PHC-DST-B1-03,2025-06-20,2.55,21.45,4.77
PHC-DST-B1-03,2025-06-21,2.15,21.85,4.02
PHC-DST-B1-03,2025-06-22,1.51,22.49,2.82
PHC-DST-B1-03,2025-06-23,1.81,22.19,3.38
PHC-DST-B1-03,2025-06-24,1.47,22.53,2.75
PHC-DST-B1-03,2025-06-25,1.75,22.25,3.27
PHC-DST-B1-03,2025-06-26,1.23,22.77,2.3
PHC-DST-B1-03,2025-06-27,1.36,22.64,2.54
PHC-DST-B1-03,2025-06-28,1.34,22.66,2.51
PHC-DST-B1-03,2025-06-29,1.26,22.74,2.36
PHC-DST-B1-03,2025-06-30,2.58,21.42,4.82
PHC-DST-B1-04,2024-07-01,5.62,18.38,10.51
PHC-DST-B1-04,2024-07-02,13.57,10.43,25.38
PHC-DST-B1-04,2024-07-03,5.24,18.76,9.8
PHC-DST-B1-04,2024-07-04,1.68,22.32,3.14
PHC-DST-B1-04,2024-07-05,1.87,22.13,3.5
PHC-DST-B1-04,2024-07-06,6.63,17.37,12.4
PHC-DST-B1-04,2024-07-07,2.67,21.33,4.99
PHC-DST-B1-04,2024-07-08,2.14,21.86,4.0
PHC-DST-B1-04,2024-07-09,2.43,21.57,4.54
PHC-DST-B1-04,2024-07-10,6.94,17.06,12.98
PHC-DST-B1-04,2024-07-11,,21.01,5.59
PHC-DST-B1-04,2024-07-12,2.8,21.2,5.24
PHC-DST-B1-04,2024-07-13,3.54,20.46,6.62
PHC-DST-B1-04,2024-07-14,2.71,21.29,5.07
PHC-DST-B1-04,2024-07-15,5.54,18.46,10.36
PHC-DST-B1-04,2024-07-16,7.19,16.81,13.45
PHC-DST-B1-04,2024-07-17,1.07,22.93,2.0
PHC-DST-B1-04,2024-07-18,2.22,21.78,4.15
PHC-DST-B1-04,2024-07-19,13.4,10.6,25.06
PHC-DST-B1-04,2024-07-20,6.07,17.93,11.35
PHC-DST-B1-04,2024-07-21,12.01,11.99,22.46
PHC-DST-B1-04,2024-07-22,6.67,17.33,12.47
PHC-DST-B1-04,2024-07-23,4.37,19.63,8.17
PHC-DST-B1-04,2024-07-24,2.06,21.94,3.85
PHC-DST-B1-04,2024-07-25,1.88,22.12,3.52
PHC-DST-B1-04,2024-07-26,7.39,16.61,13.82
PHC-DST-B1-04,2024-07-27,1.85,22.15,3.46
PHC-DST-B1-04,2024-07-28,5.81,18.19,10.86
PHC-DST-B1-04,2024-07-29,5.81,18.19,10.86
PHC-DST-B1-04,2024-07-30,6.23,17.77,11.65
PHC-DST-B1-04,2024-07-31,0.45,23.55,0.84
PHC-DST-B1-04,2024-08-01,1.53,22.47,2.86
PHC-DST-B1-04,2024-08-02,1.75,22.25,3.27
PHC-DST-B1-04,2024-08-03,5.61,18.39,10.49
PHC-DST-B1-04,2024-08-04,5.98,18.02,11.18
PHC-DST-B1-04,2024-08-05,2.46,21.54,4.6
PHC-DST-B1-04,2024-08-06,2.84,21.16,5.31
PHC-DST-B1-04,2024-08-07,6.07,17.93,11.35
PHC-DST-B1-04,2024-08-08,0.85,23.15,1.59
PHC-DST-B1-04,2024-08-09,2.59,21.41,4.84
PHC-DST-B1-04,2024-08-10,9.71,14.29,18.16
PHC-DST-B1-04,2024-08-11,4.27,19.73,7.98
PHC-DST-B1-04,2024-08-12,1.48,22.52,2.77
PHC-DST-B1-04,2024-08-13,7.51,16.49,14.04
PHC-DST-B1-04,2024-08-14,2.01,21.99,3.76
PHC-DST-B1-04,2024-08-15,2.55,21.45,4.77
PHC-DST-B1-04,2024-08-16,2.08,21.92,3.89
PHC-DST-B1-04,2024-08-17,4.55,19.45,8.51
PHC-DST-B1-04,2024-08-18,5.71,18.29,10.68
PHC-DST-B1-04,2024-08-19,3.15,20.85,5.89
PHC-DST-B1-04,2024-08-20,3.27,20.73,6.11
PHC-DST-B1-04,2024-08-21,5.89,18.11,11.01
PHC-DST-B1-04,2024-08-22,0.78,23.22,1.46
PHC-DST-B1-04,2024-08-23,1.97,22.03,3.68
PHC-DST-B1-04,2024-08-24,1.21,22.79,2.26
PHC-DST-B1-04,2024-08-25,3.02,20.98,5.65
PHC-DST-B1-04,2024-08-26,,18.12,11.0
PHC-DST-B1-04,2024-08-27,1.14,22.86,2.13
PHC-DST-B1-04,2024-08-28,7.87,16.13,14.72
PHC-DST-B1-04,2024-08-29,5.08,18.92,9.5
PHC-DST-B1-04,2024-08-30,2.37,21.63,4.43
PHC-DST-B1-04,2024-08-31,1.3,22.7,2.43
PHC-DST-B1-04,2024-09-01,1.98,22.02,3.7
PHC-DST-B1-04,2024-09-02,7.1,16.9,13.28
PHC-DST-B1-04,2024-09-03,1.4,22.6,2.62
PHC-DST-B1-04,2024-09-04,1.59,22.41,2.97
PHC-DST-B1-04,2024-09-05,2.56,21.44,4.79
PHC-DST-B1-04,2024-09-06,0.98,23.02,1.83
PHC-DST-B1-04,2024-09-07,1.09,22.91,2.04
PHC-DST-B1-04,2024-09-08,2.25,21.75,4.21
PHC-DST-B1-04,2024-09-09,1.47,22.53,2.75
PHC-DST-B1-04,2024-09-10,5.62,18.38,10.51
PHC-DST-B1-04,2024-09-11,0.98,23.02,1.83
PHC-DST-B1-04,2024-09-12,1.65,22.35,3.09
PHC-DST-B1-04,2024-09-13,1.34,22.66,2.51
PHC-DST-B1-04,2024-09-14,1.58,22.42,2.95
PHC-DST-B1-04,2024-09-15,7.36,16.64,13.76
PHC-DST-B1-04,2024-09-16,1.88,22.12,3.52
PHC-DST-B1-04,2024-09-17,2.54,21.46,4.75
PHC-DST-B1-04,2024-09-18,16.18,7.82,30.26
PHC-DST-B1-04,2024-09-19,4.32,19.68,8.08
PHC-DST-B1-04,2024-09-20,7.62,16.38,14.25
PHC-DST-B1-04,2024-09-21,2.06,21.94,3.85
PHC-DST-B1-04,2024-09-22,2.12,21.88,3.96
PHC-DST-B1-04,2024-09-23,2.23,21.77,4.17
PHC-DST-B1-04,2024-09-24,2.02,21.98,3.78
PHC-DST-B1-04,2024-09-25,1.08,22.92,2.02
PHC-DST-B1-04,2024-09-26,2.41,21.59,4.51
PHC-DST-B1-04,2024-09-27,2.3,21.7,4.3
PHC-DST-B1-04,2024-09-28,2.87,21.13,5.37
PHC-DST-B1-04,2024-09-29,3.12,20.88,5.83
PHC-DST-B1-04,2024-09-30,2.05,21.95,3.83
PHC-DST-B1-04,2024-10-01,0.88,23.12,1.65
PHC-DST-B1-04,2024-10-02,3.13,20.87,5.85
PHC-DST-B1-04,2024-10-03,1.04,22.96,1.94
PHC-DST-B1-04,2024-10-04,2.05,21.95,3.83
PHC-DST-B1-04,2024-10-05,1.61,22.39,3.01
PHC-DST-B1-04,2024-10-06,1.48,22.52,2.77
PHC-DST-B1-04,2024-10-07,2.37,21.63,4.43
PHC-DST-B1-04,2024-10-08,1.98,22.02,3.7
PHC-DST-B1-04,2024-10-09,2.18,21.82,4.08
PHC-DST-B1-04,2024-10-10,1.19,22.81,2.23
PHC-DST-B1-04,2024-10-11,1.67,22.33,3.12
PHC-DST-B1-04,2024-10-12,1.22,22.78,2.28
PHC-DST-B1-04,2024-10-13,1.65,22.35,3.09
PHC-DST-B1-04,2024-10-14,1.71,22.29,3.2
PHC-DST-B1-04,2024-10-15,3.18,20.82,5.95
PHC-DST-B1-04,2024-10-16,1.61,22.39,3.01
PHC-DST-B1-04,2024-10-17,0.21,23.79,0.39
PHC-DST-B1-04,2024-10-18,2.85,21.15,5.33
PHC-DST-B1-04,2024-10-19,2.14,21.86,4.0
PHC-DST-B1-04,2024-10-20,1.7,22.3,3.18
PHC-DST-B1-04,2024-10-21,,22.53,2.75
PHC-DST-B1-04,2024-10-22,1.09,22.91,2.04
PHC-DST-B1-04,2024-10-23,3.25,20.75,6.08
PHC-DST-B1-04,2024-10-24,,22.16,3.44
PHC-DST-B1-04,2024-10-25,0.5,23.5,0.94
PHC-DST-B1-04,2024-10-26,2.05,21.95,3.83
PHC-DST-B1-04,2024-10-27,2.7,21.3,5.05
PHC-DST-B1-04,2024-10-28,1.92,22.08,3.59
PHC-DST-B1-04,2024-10-29,1.12,22.88,2.09
PHC-DST-B1-04,2024-10-30,1.06,22.94,1.98
PHC-DST-B1-04,2024-10-31,1.11,22.89,2.08
PHC-DST-B1-04,2024-11-01,2.94,21.06,5.5
PHC-DST-B1-04,2024-11-02,1.75,22.25,3.27
PHC-DST-B1-04,2024-11-03,0.54,23.46,1.01
PHC-DST-B1-04,2024-11-04,2.09,21.91,3.91
PHC-DST-B1-04,2024-11-05,1.91,22.09,3.57
PHC-DST-B1-04,2024-11-06,1.46,22.54,2.73
PHC-DST-B1-04,2024-11-07,1.03,22.97,1.93
PHC-DST-B1-04,2024-11-08,1.0,23.0,1.87
PHC-DST-B1-04,2024-11-09,2.61,21.39,4.88
PHC-DST-B1-04,2024-11-10,1.99,22.01,3.72
PHC-DST-B1-04,2024-11-11,2.16,21.84,4.04
PHC-DST-B1-04,2024-11-12,1.98,22.02,3.7
PHC-DST-B1-04,2024-11-13,,21.95,3.83
PHC-DST-B1-04,2024-11-14,1.45,22.55,2.71
PHC-DST-B1-04,2024-11-15,1.65,22.35,3.09
PHC-DST-B1-04,2024-11-16,2.67,21.33,4.99
PHC-DST-B1-04,2024-11-17,2.86,21.14,5.35
PHC-DST-B1-04,2024-11-18,,23.12,1.65
PHC-DST-B1-04,2024-11-19,1.64,22.36,3.07
PHC-DST-B1-04,2024-11-20,2.43,21.57,4.54
PHC-DST-B1-04,2024-11-21,3.21,20.79,6.0
PHC-DST-B1-04,2024-11-22,3.14,20.86,5.87
PHC-DST-B1-04,2024-11-23,1.2,22.8,2.24
PHC-DST-B1-04,2024-11-24,2.76,21.24,5.16
PHC-DST-B1-04,2024-11-25,1.84,22.16,3.44
PHC-DST-B1-04,2024-11-26,2.58,,4.82
PHC-DST-B1-04,2024-11-27,2.39,21.61,4.47
PHC-DST-B1-04,2024-11-28,0.85,23.15,1.59
PHC-DST-B1-04,2024-11-29,2.21,21.79,4.13
PHC-DST-B1-04,2024-11-30,2.55,21.45,4.77
PHC-DST-B1-04,2024-12-01,1.78,22.22,3.33
PHC-DST-B1-04,2024-12-02,1.62,22.38,3.03
PHC-DST-B1-04,2024-12-03,0.62,23.38,1.16
PHC-DST-B1-04,2024-12-04,2.31,21.69,4.32
PHC-DST-B1-04,2024-12-05,1.96,22.04,3.67
PHC-DST-B1-04,2024-12-06,1.11,22.89,2.08
PHC-DST-B1-04,2024-12-07,1.56,22.44,2.92
PHC-DST-B1-04,2024-12-08,1.92,22.08,3.59
PHC-DST-B1-04,2024-12-09,1.38,22.62,2.58
PHC-DST-B1-04,2024-12-10,1.8,22.2,3.37
PHC-DST-B1-04,2024-12-11,0.49,23.51,0.92
PHC-DST-B1-04,2024-12-12,2.81,,5.25
PHC-DST-B1-04,2024-12-13,1.81,22.19,3.38
PHC-DST-B1-04,2024-12-14,0.98,23.02,1.83
PHC-DST-B1-04,2024-12-15,0.0,24.0,0.0
PHC-DST-B1-04,2024-12-16,2.57,21.43,4.81
PHC-DST-B1-04,2024-12-17,2.22,21.78,4.15
PHC-DST-B1-04,2024-12-18,1.96,22.04,3.67
PHC-DST-B1-04,2024-12-19,2.45,21.55,4.58
PHC-DST-B1-04,2024-12-20,2.45,21.55,4.58
PHC-DST-B1-04,2024-12-21,1.95,22.05,3.65
PHC-DST-B1-04,2024-12-22,1.61,22.39,3.01
PHC-DST-B1-04,2024-12-23,1.49,22.51,2.79
PHC-DST-B1-04,2024-12-24,2.12,21.88,3.96
PHC-DST-B1-04,2024-12-25,2.85,21.15,5.33
PHC-DST-B1-04,2024-12-26,1.72,22.28,3.22
PHC-DST-B1-04,2024-12-27,2.91,21.09,5.44
PHC-DST-B1-04,2024-12-28,2.08,21.92,3.89
PHC-DST-B1-04,2024-12-29,2.09,21.91,3.91
PHC-DST-B1-04,2024-12-30,3.6,20.4,6.73
PHC-DST-B1-04,2024-12-31,3.04,20.96,5.68
PHC-DST-B1-04,2025-01-01,3.06,20.94,5.72
PHC-DST-B1-04,2025-01-02,1.2,22.8,2.24
PHC-DST-B1-04,2025-01-03,3.44,20.56,6.43
PHC-DST-B1-04,2025-01-04,1.74,22.26,3.25
PHC-DST-B1-04,2025-01-05,1.63,22.37,3.05
PHC-DST-B1-04,2025-01-06,0.18,23.82,0.34
PHC-DST-B1-04,2025-01-07,2.04,21.96,3.81
PHC-DST-B1-04,2025-01-08,0.99,23.01,1.85
PHC-DST-B1-04,2025-01-09,2.11,21.89,3.95
PHC-DST-B1-04,2025-01-10,0.93,23.07,1.74
PHC-DST-B1-04,2025-01-11,3.15,20.85,5.89
PHC-DST-B1-04,2025-01-12,2.21,21.79,4.13
PHC-DST-B1-04,2025-01-13,3.51,20.49,6.56
PHC-DST-B1-04,2025-01-14,1.03,22.97,1.93
PHC-DST-B1-04,2025-01-15,2.96,21.04,5.54
PHC-DST-B1-04,2025-01-16,0.45,23.55,0.84
PHC-DST-B1-04,2025-01-17,1.96,22.04,3.67
PHC-DST-B1-04,2025-01-18,1.33,22.67,2.49
PHC-DST-B1-04,2025-01-19,1.46,22.54,2.73
PHC-DST-B1-04,2025-01-20,1.41,22.59,2.64
PHC-DST-B1-04,2025-01-21,1.11,22.89,2.08
PHC-DST-B1-04,2025-01-22,0.86,23.14,1.61
PHC-DST-B1-04,2025-01-23,1.47,22.53,2.75
PHC-DST-B1-04,2025-01-24,1.89,22.11,3.53
PHC-DST-B1-04,2025-01-25,2.67,21.33,4.99
PHC-DST-B1-04,2025-01-26,2.02,21.98,3.78
PHC-DST-B1-04,2025-01-27,2.67,21.33,4.99
PHC-DST-B1-04,2025-01-28,0.69,23.31,1.29
PHC-DST-B1-04,2025-01-29,1.48,22.52,2.77
PHC-DST-B1-04,2025-01-30,2.33,21.67,4.36
PHC-DST-B1-04,2025-01-31,2.06,21.94,3.85
PHC-DST-B1-04,2025-02-01,1.15,22.85,2.15
PHC-DST-B1-04,2025-02-02,2.5,21.5,4.67
PHC-DST-B1-04,2025-02-03,1.4,22.6,2.62
PHC-DST-B1-04,2025-02-04,1.22,22.78,2.28
PHC-DST-B1-04,2025-02-05,2.17,21.83,4.06
PHC-DST-B1-04,2025-02-06,1.8,22.2,3.37
PHC-DST-B1-04,2025-02-07,1.41,22.59,2.64
PHC-DST-B1-04,2025-02-08,1.38,22.62,2.58
PHC-DST-B1-04,2025-02-09,1.0,,1.87
PHC-DST-B1-04,2025-02-10,1.5,22.5,2.81
PHC-DST-B1-04,2025-02-11,2.63,21.37,4.92
PHC-DST-B1-04,2025-02-12,1.98,22.02,3.7
PHC-DST-B1-04,2025-02-13,2.52,21.48,4.71
PHC-DST-B1-04,2025-02-14,2.19,21.81,4.1
PHC-DST-B1-04,2025-02-15,1.34,22.66,2.51
PHC-DST-B1-04,2025-02-16,0.56,23.44,1.05
PHC-DST-B1-04,2025-02-17,1.1,22.9,2.06
PHC-DST-B1-04,2025-02-18,1.3,22.7,2.43
PHC-DST-B1-04,2025-02-19,1.24,22.76,2.32
PHC-DST-B1-04,2025-02-20,2.54,21.46,4.75
PHC-DST-B1-04,2025-02-21,2.53,21.47,4.73
PHC-DST-B1-04,2025-02-22,3.46,20.54,6.47
PHC-DST-B1-04,2025-02-23,1.23,22.77,2.3
PHC-DST-B1-04,2025-02-24,3.0,21.0,5.61
PHC-DST-B1-04,2025-02-25,2.99,21.01,5.59
PHC-DST-B1-04,2025-02-26,1.63,22.37,3.05
PHC-DST-B1-04,2025-02-27,2.16,21.84,4.04
PHC-DST-B1-04,2025-02-28,2.73,21.27,5.11
PHC-DST-B1-04,2025-03-01,1.76,22.24,3.29
PHC-DST-B1-04,2025-03-02,1.7,22.3,3.18
PHC-DST-B1-04,2025-03-03,1.33,22.67,2.49
PHC-DST-B1-04,2025-03-04,0.03,23.97,0.06
PHC-DST-B1-04,2025-03-05,1.85,22.15,3.46
PHC-DST-B1-04,2025-03-06,1.27,,2.37
PHC-DST-B1-04,2025-03-07,0.99,23.01,1.85
PHC-DST-B1-04,2025-03-08,2.12,21.88,3.96
PHC-DST-B1-04,2025-03-09,0.71,23.29,1.33
PHC-DST-B1-04,2025-03-10,2.4,21.6,4.49
PHC-DST-B1-04,2025-03-11,2.16,21.84,4.04
PHC-DST-B1-04,2025-03-12,1.5,22.5,2.81
PHC-DST-B1-04,2025-03-13,1.75,22.25,3.27
PHC-DST-B1-04,2025-03-14,0.91,23.09,1.7
PHC-DST-B1-04,2025-03-15,2.36,21.64,4.41
PHC-DST-B1-04,2025-03-16,1.94,22.06,3.63
PHC-DST-B1-04,2025-03-17,2.0,22.0,3.74
PHC-DST-B1-04,2025-03-18,2.18,21.82,4.08
PHC-DST-B1-04,2025-03-19,1.32,22.68,2.47
PHC-DST-B1-04,2025-03-20,0.66,23.34,1.23
PHC-DST-B1-04,2025-03-21,2.52,21.48,4.71
PHC-DST-B1-04,2025-03-22,2.32,21.68,4.34
PHC-DST-B1-04,2025-03-23,1.4,22.6,2.62
PHC-DST-B1-04,2025-03-24,2.11,21.89,3.95
PHC-DST-B1-04,2025-03-25,2.74,,5.12
PHC-DST-B1-04,2025-03-26,2.65,21.35,4.96
PHC-DST-B1-04,2025-03-27,1.38,22.62,2.58
PHC-DST-B1-04,2025-03-28,0.68,23.32,1.27
PHC-DST-B1-04,2025-03-29,0.81,23.19,1.51
PHC-DST-B1-04,2025-03-30,1.57,22.43,2.94
PHC-DST-B1-04,2025-03-31,2.9,21.1,5.42
PHC-DST-B1-04,2025-04-01,1.25,22.75,2.34
PHC-DST-B1-04,2025-04-02,1.35,22.65,2.52
PHC-DST-B1-04,2025-04-03,1.34,22.66,2.51
PHC-DST-B1-04,2025-04-04,1.4,22.6,2.62
PHC-DST-B1-04,2025-04-05,1.79,22.21,3.35
PHC-DST-B1-04,2025-04-06,0.84,23.16,1.57
PHC-DST-B1-04,2025-04-07,2.61,21.39,4.88
PHC-DST-B1-04,2025-04-08,1.69,22.31,3.16
PHC-DST-B1-04,2025-04-09,3.66,20.34,6.84
PHC-DST-B1-04,2025-04-10,0.92,23.08,1.72
PHC-DST-B1-04,2025-04-11,2.99,21.01,5.59
PHC-DST-B1-04,2025-04-12,2.84,21.16,5.31
PHC-DST-B1-04,2025-04-13,1.49,22.51,2.79
PHC-DST-B1-04,2025-04-14,1.5,22.5,2.81
PHC-DST-B1-04,2025-04-15,1.11,22.89,2.08
PHC-DST-B1-04,2025-04-16,1.12,22.88,2.09
PHC-DST-B1-04,2025-04-17,1.8,22.2,3.37
PHC-DST-B1-04,2025-04-18,1.82,22.18,3.4
PHC-DST-B1-04,2025-04-19,0.6,23.4,1.12
PHC-DST-B1-04,2025-04-20,3.52,20.48,6.58
PHC-DST-B1-04,2025-04-21,1.61,22.39,3.01
PHC-DST-B1-04,2025-04-22,1.85,22.15,3.46
PHC-DST-B1-04,2025-04-23,1.33,22.67,2.49
PHC-DST-B1-04,2025-04-24,1.6,22.4,2.99
PHC-DST-B1-04,2025-04-25,1.53,22.47,2.86
PHC-DST-B1-04,2025-04-26,1.8,22.2,3.37
PHC-DST-B1-04,2025-04-27,1.79,22.21,3.35
PHC-DST-B1-04,2025-04-28,2.4,21.6,4.49
PHC-DST-B1-04,2025-04-29,1.97,22.03,3.68
PHC-DST-B1-04,2025-04-30,2.33,21.67,4.36
PHC-DST-B1-04,2025-05-01,1.79,22.21,3.35
PHC-DST-B1-04,2025-05-02,1.97,22.03,3.68
PHC-DST-B1-04,2025-05-03,1.62,22.38,3.03
PHC-DST-B1-04,2025-05-04,2.55,21.45,4.77
PHC-DST-B1-04,2025-05-05,2.04,21.96,3.81
PHC-DST-B1-04,2025-05-06,1.68,22.32,3.14
PHC-DST-B1-04,2025-05-07,1.66,22.34,3.1
PHC-DST-B1-04,2025-05-08,1.72,22.28,3.22
PHC-DST-B1-04,2025-05-09,1.82,22.18,3.4
PHC-DST-B1-04,2025-05-10,1.76,22.24,3.29
PHC-DST-B1-04,2025-05-11,1.38,22.62,2.58
PHC-DST-B1-04,2025-05-12,2.37,21.63,4.43
PHC-DST-B1-04,2025-05-13,2.42,21.58,4.53
PHC-DST-B1-04,2025-05-14,3.14,20.86,5.87
PHC-DST-B1-04,2025-05-15,,22.65,2.52
PHC-DST-B1-04,2025-05-16,,21.7,4.3
PHC-DST-B1-04,2025-05-17,0.37,23.63,0.69
PHC-DST-B1-04,2025-05-18,2.42,21.58,4.53
PHC-DST-B1-04,2025-05-19,0.71,23.29,1.33
PHC-DST-B1-04,2025-05-20,1.06,22.94,1.98
PHC-DST-B1-04,2025-05-21,2.05,21.95,3.83
PHC-DST-B1-04,2025-05-22,1.33,22.67,2.49
PHC-DST-B1-04,2025-05-23,1.23,22.77,2.3
PHC-DST-B1-04,2025-05-24,1.44,22.56,2.69
PHC-DST-B1-04,2025-05-25,2.35,21.65,4.39
PHC-DST-B1-04,2025-05-26,1.1,22.9,2.06
PHC-DST-B1-04,2025-05-27,1.76,22.24,3.29
PHC-DST-B1-04,2025-05-28,1.52,22.48,2.84
PHC-DST-B1-04,2025-05-29,2.41,21.59,4.51
PHC-DST-B1-04,2025-05-30,2.44,21.56,4.56
PHC-DST-B1-04,2025-05-31,0.42,23.58,0.79
PHC-DST-B1-04,2025-06-01,,21.42,4.82
PHC-DST-B1-04,2025-06-02,1.34,22.66,2.51
PHC-DST-B1-04,2025-06-03,1.98,22.02,3.7
PHC-DST-B1-04,2025-06-04,1.1,22.9,2.06
PHC-DST-B1-04,2025-06-05,2.08,21.92,3.89
PHC-DST-B1-04,2025-06-06,3.71,20.29,6.94
PHC-DST-B1-04,2025-06-07,1.9,22.1,3.55
PHC-DST-B1-04,2025-06-08,1.46,22.54,2.73
PHC-DST-B1-04,2025-06-09,1.63,22.37,3.05
PHC-DST-B1-04,2025-06-10,0.7,,1.31
PHC-DST-B1-04,2025-06-11,2.89,21.11,5.4
PHC-DST-B1-04,2025-06-12,2.03,21.97,3.8
PHC-DST-B1-04,2025-06-13,1.01,22.99,1.89
PHC-DST-B1-04,2025-06-14,1.04,22.96,1.94
PHC-DST-B1-04,2025-06-15,1.81,22.19,3.38
PHC-DST-B1-04,2025-06-16,2.5,,4.67
PHC-DST-B1-04,2025-06-17,0.94,23.06,1.76
PHC-DST-B1-04,2025-06-18,2.64,21.36,4.94
PHC-DST-B1-04,2025-06-19,1.73,22.27,3.24
PHC-DST-B1-04,2025-06-20,1.1,22.9,2.06
PHC-DST-B1-04,2025-06-21,1.45,22.55,2.71
PHC-DST-B1-04,2025-06-22,3.11,20.89,5.82
PHC-DST-B1-04,2025-06-23,0.76,23.24,1.42
PHC-DST-B1-04,2025-06-24,1.25,22.75,2.34
PHC-DST-B1-04,2025-06-25,2.51,21.49,4.69
PHC-DST-B1-04,2025-06-26,1.96,22.04,3.67
PHC-DST-B1-04,2025-06-27,1.21,22.79,2.26
PHC-DST-B1-04,2025-06-28,2.52,21.48,4.71
PHC-DST-B1-04,2025-06-29,2.56,21.44,4.79
PHC-DST-B1-04,2025-06-30,2.05,21.95,3.83
PHC-DST-B1-05,2024-07-01,6.5,17.5,12.16
PHC-DST-B1-05,2024-07-02,12.65,11.35,23.66
PHC-DST-B1-05,2024-07-03,7.9,16.1,14.77
PHC-DST-B1-05,2024-07-04,3.62,20.38,6.77
PHC-DST-B1-05,2024-07-05,4.07,,7.61
PHC-DST-B1-05,2024-07-06,8.43,15.57,15.76
PHC-DST-B1-05,2024-07-07,4.97,19.03,9.29
PHC-DST-B1-05,2024-07-08,2.5,21.5,4.67
PHC-DST-B1-05,2024-07-09,3.56,20.44,6.66
PHC-DST-B1-05,2024-07-10,7.22,16.78,13.5
PHC-DST-B1-05,2024-07-11,3.43,20.57,6.41
PHC-DST-B1-05,2024-07-12,5.14,18.86,9.61
PHC-DST-B1-05,2024-07-13,5.02,18.98,9.39
PHC-DST-B1-05,2024-07-14,3.19,20.81,5.97
PHC-DST-B1-05,2024-07-15,7.13,16.87,13.33
PHC-DST-B1-05,2024-07-16,8.36,15.64,15.63
PHC-DST-B1-05,2024-07-17,4.52,19.48,8.45
PHC-DST-B1-05,2024-07-18,3.13,20.87,5.85
PHC-DST-B1-05,2024-07-19,12.15,11.85,22.72
PHC-DST-B1-05,2024-07-20,7.26,16.74,13.58
PHC-DST-B1-05,2024-07-21,16.3,7.7,30.48
PHC-DST-B1-05,2024-07-22,6.98,17.02,13.05
PHC-DST-B1-05,2024-07-23,8.0,16.0,14.96
PHC-DST-B1-05,2024-07-24,3.38,20.62,6.32
PHC-DST-B1-05,2024-07-25,3.35,20.65,6.26
PHC-DST-B1-05,2024-07-26,8.8,15.2,16.46
PHC-DST-B1-05,2024-07-27,3.53,20.47,6.6
PHC-DST-B1-05,2024-07-28,7.26,16.74,13.58
PHC-DST-B1-05,2024-07-29,8.02,15.98,15.0
PHC-DST-B1-05,2024-07-30,8.65,15.35,16.18
PHC-DST-B1-05,2024-07-31,3.37,20.63,6.3
PHC-DST-B1-05,2024-08-01,2.88,21.12,5.39
PHC-DST-B1-05,2024-08-02,3.75,20.25,7.01
PHC-DST-B1-05,2024-08-03,7.83,16.17,14.64
PHC-DST-B1-05,2024-08-04,8.46,15.54,15.82
PHC-DST-B1-05,2024-08-05,2.71,21.29,5.07
PHC-DST-B1-05,2024-08-06,3.21,20.79,6.0
PHC-DST-B1-05,2024-08-07,7.91,16.09,14.79
PHC-DST-B1-05,2024-08-08,3.63,20.37,6.79
PHC-DST-B1-05,2024-08-09,2.56,21.44,4.79
PHC-DST-B1-05,2024-08-10,14.15,9.85,26.46
PHC-DST-B1-05,2024-08-11,7.65,16.35,14.31
PHC-DST-B1-05,2024-08-12,4.02,19.98,7.52
PHC-DST-B1-05,2024-08-13,8.58,15.42,16.04
PHC-DST-B1-05,2024-08-14,2.66,21.34,4.97
PHC-DST-B1-05,2024-08-15,4.47,19.53,8.36
PHC-DST-B1-05,2024-08-16,4.07,19.93,7.61
PHC-DST-B1-05,2024-08-17,7.16,16.84,13.39
PHC-DST-B1-05,2024-08-18,8.18,15.82,15.3
PHC-DST-B1-05,2024-08-19,4.83,19.17,9.03
PHC-DST-B1-05,2024-08-20,5.18,18.82,9.69
PHC-DST-B1-05,2024-08-21,8.56,15.44,16.01
PHC-DST-B1-05,2024-08-22,4.58,19.42,8.56
PHC-DST-B1-05,2024-08-23,3.74,20.26,6.99
PHC-DST-B1-05,2024-08-24,4.25,19.75,7.95
PHC-DST-B1-05,2024-08-25,4.39,19.61,8.21
PHC-DST-B1-05,2024-08-26,7.65,16.35,14.31
PHC-DST-B1-05,2024-08-27,3.8,20.2,7.11
PHC-DST-B1-05,2024-08-28,5.75,18.25,10.75
PHC-DST-B1-05,2024-08-29,8.14,15.86,15.22
PHC-DST-B1-05,2024-08-30,4.52,19.48,8.45
PHC-DST-B1-05,2024-08-31,4.36,19.64,8.15
PHC-DST-B1-05,2024-09-01,4.13,19.87,7.72
PHC-DST-B1-05,2024-09-02,8.93,15.07,16.7
PHC-DST-B1-05,2024-09-03,4.11,19.89,7.69
PHC-DST-B1-05,2024-09-04,4.01,19.99,7.5
PHC-DST-B1-05,2024-09-05,4.11,19.89,7.69
PHC-DST-B1-05,2024-09-06,,19.84,7.78
PHC-DST-B1-05,2024-09-07,2.75,21.25,5.14
PHC-DST-B1-05,2024-09-08,3.21,20.79,6.0
PHC-DST-B1-05,2024-09-09,3.03,20.97,5.67
PHC-DST-B1-05,2024-09-10,8.29,15.71,15.5
PHC-DST-B1-05,2024-09-11,2.17,21.83,4.06
PHC-DST-B1-05,2024-09-12,4.97,19.03,9.29
PHC-DST-B1-05,2024-09-13,3.87,20.13,7.24
PHC-DST-B1-05,2024-09-14,4.56,19.44,8.53
PHC-DST-B1-05,2024-09-15,9.32,14.68,17.43
PHC-DST-B1-05,2024-09-16,3.96,20.04,7.41
PHC-DST-B1-05,2024-09-17,2.78,,5.2
PHC-DST-B1-05,2024-09-18,13.04,10.96,24.38
PHC-DST-B1-05,2024-09-19,7.73,16.27,14.46
PHC-DST-B1-05,2024-09-20,7.2,16.8,13.46
PHC-DST-B1-05,2024-09-21,2.99,21.01,5.59
PHC-DST-B1-05,2024-09-22,3.51,20.49,6.56
PHC-DST-B1-05,2024-09-23,3.95,20.05,7.39
PHC-DST-B1-05,2024-09-24,2.33,21.67,4.36
PHC-DST-B1-05,2024-09-25,3.21,20.79,6.0
PHC-DST-B1-05,2024-09-26,,21.7,4.3
PHC-DST-B1-05,2024-09-27,3.34,20.66,6.25
PHC-DST-B1-05,2024-09-28,4.7,19.3,8.79
PHC-DST-B1-05,2024-09-29,2.91,21.09,5.44
PHC-DST-B1-05,2024-09-30,4.33,19.67,8.1
PHC-DST-B1-05,2024-10-01,5.94,18.06,11.11
PHC-DST-B1-05,2024-10-02,4.89,19.11,9.14
PHC-DST-B1-05,2024-10-03,3.9,20.1,7.29
PHC-DST-B1-05,2024-10-04,4.44,19.56,8.3
PHC-DST-B1-05,2024-10-05,2.77,21.23,5.18
PHC-DST-B1-05,2024-10-06,2.62,21.38,4.9
PHC-DST-B1-05,2024-10-07,3.82,20.18,7.14
PHC-DST-B1-05,2024-10-08,4.1,19.9,7.67
PHC-DST-B1-05,2024-10-09,4.62,19.38,8.64
PHC-DST-B1-05,2024-10-10,3.37,20.63,6.3
PHC-DST-B1-05,2024-10-11,3.95,20.05,7.39
PHC-DST-B1-05,2024-10-12,3.92,20.08,7.33
PHC-DST-B1-05,2024-10-13,3.7,20.3,6.92
PHC-DST-B1-05,2024-10-14,3.75,20.25,7.01
PHC-DST-B1-05,2024-10-15,3.16,20.84,5.91
PHC-DST-B1-05,2024-10-16,4.01,19.99,7.5
PHC-DST-B1-05,2024-10-17,3.95,20.05,7.39
PHC-DST-B1-05,2024-10-18,3.47,20.53,6.49
PHC-DST-B1-05,2024-10-19,4.3,19.7,8.04
PHC-DST-B1-05,2024-10-20,4.57,19.43,8.55
PHC-DST-B1-05,2024-10-21,4.31,19.69,8.06
PHC-DST-B1-05,2024-10-22,3.02,20.98,5.65
PHC-DST-B1-05,2024-10-23,3.87,20.13,7.24
PHC-DST-B1-05,2024-10-24,3.12,20.88,5.83
PHC-DST-B1-05,2024-10-25,3.87,20.13,7.24
PHC-DST-B1-05,2024-10-26,3.12,20.88,5.83
PHC-DST-B1-05,2024-10-27,4.76,19.24,8.9
PHC-DST-B1-05,2024-10-28,4.39,19.61,8.21
PHC-DST-B1-05,2024-10-29,4.66,19.34,8.71
PHC-DST-B1-05,2024-10-30,4.59,19.41,8.58
PHC-DST-B1-05,2024-10-31,3.6,20.4,6.73
PHC-DST-B1-05,2024-11-01,3.48,20.52,6.51
PHC-DST-B1-05,2024-11-02,5.11,18.89,9.56
PHC-DST-B1-05,2024-11-03,3.68,20.32,6.88
PHC-DST-B1-05,2024-11-04,2.78,21.22,5.2
PHC-DST-B1-05,2024-11-05,4.56,19.44,8.53
PHC-DST-B1-05,2024-11-06,3.91,20.09,7.31
PHC-DST-B1-05,2024-11-07,4.93,19.07,9.22
PHC-DST-B1-05,2024-11-08,3.98,20.02,7.44
PHC-DST-B1-05,2024-11-09,3.78,20.22,7.07
PHC-DST-B1-05,2024-11-10,4.94,19.06,9.24
PHC-DST-B1-05,2024-11-11,2.65,21.35,4.96
PHC-DST-B1-05,2024-11-12,3.36,20.64,6.28
PHC-DST-B1-05,2024-11-13,3.13,20.87,5.85
PHC-DST-B1-05,2024-11-14,2.15,21.85,4.02
PHC-DST-B1-05,2024-11-15,4.45,19.55,8.32
PHC-DST-B1-05,2024-11-16,3.38,20.62,6.32
PHC-DST-B1-05,2024-11-17,4.48,19.52,8.38
PHC-DST-B1-05,2024-11-18,4.09,19.91,7.65
PHC-DST-B1-05,2024-11-19,4.26,19.74,7.97
PHC-DST-B1-05,2024-11-20,3.46,20.54,6.47
PHC-DST-B1-05,2024-11-21,3.23,20.77,6.04
PHC-DST-B1-05,2024-11-22,3.87,20.13,7.24
PHC-DST-B1-05,2024-11-23,4.49,19.51,8.4
PHC-DST-B1-05,2024-11-24,3.76,20.24,7.03
PHC-DST-B1-05,2024-11-25,3.27,20.73,6.11
PHC-DST-B1-05,2024-11-26,2.9,21.1,5.42
PHC-DST-B1-05,2024-11-27,3.95,20.05,7.39
PHC-DST-B1-05,2024-11-28,3.38,20.62,6.32
PHC-DST-B1-05,2024-11-29,3.75,20.25,7.01
PHC-DST-B1-05,2024-11-30,3.62,20.38,6.77
PHC-DST-B1-05,2024-12-01,3.47,20.53,6.49
PHC-DST-B1-05,2024-12-02,4.02,19.98,7.52
PHC-DST-B1-05,2024-12-03,4.22,19.78,7.89
PHC-DST-B1-05,2024-12-04,5.27,18.73,9.85
PHC-DST-B1-05,2024-12-05,4.37,19.63,8.17
PHC-DST-B1-05,2024-12-06,5.0,19.0,9.35
PHC-DST-B1-05,2024-12-07,3.19,20.81,5.97
PHC-DST-B1-05,2024-12-08,2.6,21.4,4.86
PHC-DST-B1-05,2024-12-09,3.79,20.21,7.09
PHC-DST-B1-05,2024-12-10,4.44,19.56,8.3
PHC-DST-B1-05,2024-12-11,4.33,19.67,8.1
PHC-DST-B1-05,2024-12-12,,19.29,8.81
PHC-DST-B1-05,2024-12-13,1.9,22.1,3.55
PHC-DST-B1-05,2024-12-14,4.74,19.26,8.86
PHC-DST-B1-05,2024-12-15,4.05,19.95,7.57
PHC-DST-B1-05,2024-12-16,2.64,21.36,4.94
PHC-DST-B1-05,2024-12-17,4.34,19.66,8.12
PHC-DST-B1-05,2024-12-18,3.93,20.07,7.35
PHC-DST-B1-05,2024-12-19,4.09,19.91,7.65
PHC-DST-B1-05,2024-12-20,4.55,19.45,8.51
PHC-DST-B1-05,2024-12-21,4.12,19.88,7.7
PHC-DST-B1-05,2024-12-22,2.7,21.3,5.05
PHC-DST-B1-05,2024-12-23,3.69,20.31,6.9
PHC-DST-B1-05,2024-12-24,2.59,21.41,4.84
PHC-DST-B1-05,2024-12-25,4.29,19.71,8.02
PHC-DST-B1-05,2024-12-26,4.85,19.15,9.07
PHC-DST-B1-05,2024-12-27,2.87,21.13,5.37
PHC-DST-B1-05,2024-12-28,3.3,20.7,6.17
PHC-DST-B1-05,2024-12-29,3.14,20.86,5.87
PHC-DST-B1-05,2024-12-30,3.46,20.54,6.47
PHC-DST-B1-05,2024-12-31,4.11,19.89,7.69
PHC-DST-B1-05,2025-01-01,3.47,20.53,6.49
PHC-DST-B1-05,2025-01-02,4.29,19.71,8.02
PHC-DST-B1-05,2025-01-03,4.6,19.4,8.6
PHC-DST-B1-05,2025-01-04,4.63,19.37,8.66
PHC-DST-B1-05,2025-01-05,2.96,21.04,5.54
PHC-DST-B1-05,2025-01-06,4.84,19.16,9.05
PHC-DST-B1-05,2025-01-07,4.9,19.1,9.16
PHC-DST-B1-05,2025-01-08,4.96,19.04,9.28
PHC-DST-B1-05,2025-01-09,3.68,20.32,6.88
PHC-DST-B1-05,2025-01-10,3.24,20.76,6.06
PHC-DST-B1-05,2025-01-11,3.06,20.94,5.72
PHC-DST-B1-05,2025-01-12,2.97,21.03,5.55
PHC-DST-B1-05,2025-01-13,3.81,20.19,7.12
PHC-DST-B1-05,2025-01-14,4.44,19.56,8.3
PHC-DST-B1-05,2025-01-15,4.78,19.22,8.94
PHC-DST-B1-05,2025-01-16,3.44,20.56,6.43
PHC-DST-B1-05,2025-01-17,3.77,20.23,7.05
PHC-DST-B1-05,2025-01-18,3.72,20.28,6.96
PHC-DST-B1-05,2025-01-19,3.32,20.68,6.21
PHC-DST-B1-05,2025-01-20,4.35,19.65,8.13
PHC-DST-B1-05,2025-01-21,4.07,19.93,7.61
PHC-DST-B1-05,2025-01-22,3.91,20.09,7.31
PHC-DST-B1-05,2025-01-23,4.07,19.93,7.61
PHC-DST-B1-05,2025-01-24,,19.74,7.97
PHC-DST-B1-05,2025-01-25,4.25,19.75,7.95
PHC-DST-B1-05,2025-01-26,3.17,20.83,5.93
PHC-DST-B1-05,2025-01-27,4.47,19.53,8.36
PHC-DST-B1-05,2025-01-28,3.99,20.01,7.46
PHC-DST-B1-05,2025-01-29,3.47,20.53,6.49
PHC-DST-B1-05,2025-01-30,3.98,20.02,7.44
PHC-DST-B1-05,2025-01-31,4.06,19.94,7.59
PHC-DST-B1-05,2025-02-01,4.61,19.39,8.62
PHC-DST-B1-05,2025-02-02,3.02,20.98,5.65
PHC-DST-B1-05,2025-02-03,4.79,19.21,8.96
PHC-DST-B1-05,2025-02-04,3.82,20.18,7.14
PHC-DST-B1-05,2025-02-05,3.42,,6.4
PHC-DST-B1-05,2025-02-06,3.4,20.6,6.36
PHC-DST-B1-05,2025-02-07,3.05,,5.7
PHC-DST-B1-05,2025-02-08,2.49,21.51,4.66
PHC-DST-B1-05,2025-02-09,4.31,19.69,8.06
PHC-DST-B1-05,2025-02-10,5.29,18.71,9.89
PHC-DST-B1-05,2025-02-11,2.59,21.41,4.84
PHC-DST-B1-05,2025-02-12,3.09,20.91,5.78
PHC-DST-B1-05,2025-02-13,4.36,19.64,8.15
PHC-DST-B1-05,2025-02-14,3.77,20.23,7.05
PHC-DST-B1-05,2025-02-15,4.43,19.57,8.28
PHC-DST-B1-05,2025-02-16,3.72,20.28,6.96
PHC-DST-B1-05,2025-02-17,3.36,20.64,6.28
PHC-DST-B1-05,2025-02-18,3.63,20.37,6.79
PHC-DST-B1-05,2025-02-19,2.01,21.99,3.76
PHC-DST-B1-05,2025-02-20,2.94,21.06,5.5
PHC-DST-B1-05,2025-02-21,4.51,19.49,8.43
PHC-DST-B1-05,2025-02-22,4.69,19.31,8.77
PHC-DST-B1-05,2025-02-23,4.85,19.15,9.07
PHC-DST-B1-05,2025-02-24,4.13,19.87,7.72
PHC-DST-B1-05,2025-02-25,2.11,21.89,3.95
PHC-DST-B1-05,2025-02-26,3.32,20.68,6.21
PHC-DST-B1-05,2025-02-27,4.79,19.21,8.96
PHC-DST-B1-05,2025-02-28,5.02,18.98,9.39
PHC-DST-B1-05,2025-03-01,4.82,19.18,9.01
PHC-DST-B1-05,2025-03-02,3.62,20.38,6.77
PHC-DST-B1-05,2025-03-03,2.82,21.18,5.27
PHC-DST-B1-05,2025-03-04,3.77,20.23,7.05
PHC-DST-B1-05,2025-03-05,3.81,20.19,7.12
PHC-DST-B1-05,2025-03-06,4.97,19.03,9.29
PHC-DST-B1-05,2025-03-07,3.97,20.03,7.42
PHC-DST-B1-05,2025-03-08,3.81,20.19,7.12
PHC-DST-B1-05,2025-03-09,3.86,20.14,7.22
PHC-DST-B1-05,2025-03-10,4.1,19.9,7.67
PHC-DST-B1-05,2025-03-11,,19.73,7.98
PHC-DST-B1-05,2025-03-12,3.26,20.74,6.1
PHC-DST-B1-05,2025-03-13,3.01,20.99,5.63
PHC-DST-B1-05,2025-03-14,4.83,19.17,9.03
PHC-DST-B1-05,2025-03-15,2.57,21.43,4.81
PHC-DST-B1-05,2025-03-16,5.03,18.97,9.41
PHC-DST-B1-05,2025-03-17,,21.63,4.43
PHC-DST-B1-05,2025-03-18,3.36,20.64,6.28
PHC-DST-B1-05,2025-03-19,4.53,19.47,8.47
PHC-DST-B1-05,2025-03-20,3.8,20.2,7.11
PHC-DST-B1-05,2025-03-21,2.81,21.19,5.25
PHC-DST-B1-05,2025-03-22,4.12,19.88,7.7
PHC-DST-B1-05,2025-03-23,,20.15,7.2
PHC-DST-B1-05,2025-03-24,3.64,20.36,6.81
PHC-DST-B1-05,2025-03-25,3.33,20.67,6.23
PHC-DST-B1-05,2025-03-26,3.77,20.23,7.05
PHC-DST-B1-05,2025-03-27,3.36,20.64,6.28
PHC-DST-B1-05,2025-03-28,5.63,18.37,10.53
PHC-DST-B1-05,2025-03-29,,20.38,6.77
PHC-DST-B1-05,2025-03-30,3.52,20.48,6.58
PHC-DST-B1-05,2025-03-31,3.39,20.61,6.34
PHC-DST-B1-05,2025-04-01,5.13,18.87,9.59
PHC-DST-B1-05,2025-04-02,2.57,21.43,4.81
PHC-DST-B1-05,2025-04-03,4.07,19.93,7.61
PHC-DST-B1-05,2025-04-04,3.62,20.38,6.77
PHC-DST-B1-05,2025-04-05,2.73,21.27,5.11
PHC-DST-B1-05,2025-04-06,3.19,20.81,5.97
PHC-DST-B1-05,2025-04-07,4.04,19.96,7.55
PHC-DST-B1-05,2025-04-08,3.15,20.85,5.89
PHC-DST-B1-05,2025-04-09,3.99,20.01,7.46
PHC-DST-B1-05,2025-04-10,5.1,18.9,9.54
PHC-DST-B1-05,2025-04-11,3.93,20.07,7.35
PHC-DST-B1-05,2025-04-12,2.71,21.29,5.07
PHC-DST-B1-05,2025-04-13,3.16,20.84,5.91
PHC-DST-B1-05,2025-04-14,3.59,20.41,6.71
PHC-DST-B1-05,2025-04-15,3.54,20.46,6.62
PHC-DST-B1-05,2025-04-16,3.91,20.09,7.31
PHC-DST-B1-05,2025-04-17,4.03,19.97,7.54
PHC-DST-B1-05,2025-04-18,5.1,18.9,9.54
PHC-DST-B1-05,2025-04-19,3.8,20.2,7.11
PHC-DST-B1-05,2025-04-20,,21.06,5.5
PHC-DST-B1-05,2025-04-21,4.67,19.33,8.73
PHC-DST-B1-05,2025-04-22,4.75,19.25,8.88
PHC-DST-B1-05,2025-04-23,3.97,20.03,7.42
PHC-DST-B1-05,2025-04-24,3.62,20.38,6.77
PHC-DST-B1-05,2025-04-25,4.27,19.73,7.98
PHC-DST-B1-05,2025-04-26,3.64,,6.81
PHC-DST-B1-05,2025-04-27,2.26,21.74,4.23
PHC-DST-B1-05,2025-04-28,4.22,19.78,7.89
PHC-DST-B1-05,2025-04-29,4.47,19.53,8.36
PHC-DST-B1-05,2025-04-30,4.88,19.12,9.13
PHC-DST-B1-05,2025-05-01,3.25,20.75,6.08
PHC-DST-B1-05,2025-05-02,3.97,20.03,7.42
PHC-DST-B1-05,2025-05-03,3.99,20.01,7.46
PHC-DST-B1-05,2025-05-04,3.86,20.14,7.22
PHC-DST-B1-05,2025-05-05,3.89,20.11,7.27
PHC-DST-B1-05,2025-05-06,3.83,20.17,7.16
PHC-DST-B1-05,2025-05-07,3.96,20.04,7.41
PHC-DST-B1-05,2025-05-08,4.36,19.64,8.15
PHC-DST-B1-05,2025-05-09,4.72,19.28,8.83
PHC-DST-B1-05,2025-05-10,3.23,20.77,6.04
PHC-DST-B1-05,2025-05-11,3.67,20.33,6.86
PHC-DST-B1-05,2025-05-12,3.48,20.52,6.51
PHC-DST-B1-05,2025-05-13,3.38,20.62,6.32
PHC-DST-B1-05,2025-05-14,2.59,21.41,4.84
PHC-DST-B1-05,2025-05-15,3.82,20.18,7.14
PHC-DST-B1-05,2025-05-16,4.16,19.84,7.78
PHC-DST-B1-05,2025-05-17,3.68,20.32,6.88
PHC-DST-B1-05,2025-05-18,3.79,20.21,7.09
PHC-DST-B1-05,2025-05-19,4.11,19.89,7.69
PHC-DST-B1-05,2025-05-20,4.86,19.14,9.09
PHC-DST-B1-05,2025-05-21,3.49,20.51,6.53
PHC-DST-B1-05,2025-05-22,2.92,21.08,5.46
PHC-DST-B1-05,2025-05-23,3.73,20.27,6.98
PHC-DST-B1-05,2025-05-24,5.21,18.79,9.74
PHC-DST-B1-05,2025-05-25,2.93,21.07,5.48
PHC-DST-B1-05,2025-05-26,4.29,19.71,8.02
PHC-DST-B1-05,2025-05-27,4.67,19.33,8.73
PHC-DST-B1-05,2025-05-28,2.03,21.97,3.8
PHC-DST-B1-05,2025-05-29,4.11,19.89,7.69
PHC-DST-B1-05,2025-05-30,4.25,,7.95
PHC-DST-B1-05,2025-05-31,3.6,20.4,6.73
PHC-DST-B1-05,2025-06-01,3.32,20.68,6.21
PHC-DST-B1-05,2025-06-02,3.36,20.64,6.28
PHC-DST-B1-05,2025-06-03,,20.45,6.64
PHC-DST-B1-05,2025-06-04,3.57,20.43,6.68
PHC-DST-B1-05,2025-06-05,3.43,20.57,6.41
PHC-DST-B1-05,2025-06-06,3.54,20.46,6.62
PHC-DST-B1-05,2025-06-07,4.69,19.31,8.77
PHC-DST-B1-05,2025-06-08,2.89,21.11,5.4
PHC-DST-B1-05,2025-06-09,2.49,21.51,4.66
PHC-DST-B1-05,2025-06-10,4.71,19.29,8.81
PHC-DST-B1-05,2025-06-11,3.66,20.34,6.84
PHC-DST-B1-05,2025-06-12,3.51,20.49,6.56
PHC-DST-B1-05,2025-06-13,3.72,20.28,6.96
PHC-DST-B1-05,2025-06-14,3.96,20.04,7.41
PHC-DST-B1-05,2025-06-15,3.41,20.59,6.38
PHC-DST-B1-05,2025-06-16,4.18,19.82,7.82
PHC-DST-B1-05,2025-06-17,3.08,20.92,5.76
PHC-DST-B1-05,2025-06-18,3.57,20.43,6.68
PHC-DST-B1-05,2025-06-19,2.14,21.86,4.0
PHC-DST-B1-05,2025-06-20,4.68,19.32,8.75
PHC-DST-B1-05,2025-06-21,3.67,20.33,6.86
PHC-DST-B1-05,2025-06-22,,19.7,8.04
PHC-DST-B1-05,2025-06-23,4.16,19.84,7.78
PHC-DST-B1-05,2025-06-24,4.21,19.79,7.87
PHC-DST-B1-05,2025-06-25,3.79,20.21,7.09
PHC-DST-B1-05,2025-06-26,,19.91,7.65
PHC-DST-B1-05,2025-06-27,3.08,20.92,5.76
PHC-DST-B1-05,2025-06-28,,21.08,5.46
PHC-DST-B1-05,2025-06-29,3.72,20.28,6.96
PHC-DST-B1-05,2025-06-30,3.29,20.71,6.15
PHC-DST-B1-06,2024-07-01,6.88,17.12,12.87
PHC-DST-B1-06,2024-07-02,13.66,10.34,25.54
PHC-DST-B1-06,2024-07-03,9.34,14.66,17.47
PHC-DST-B1-06,2024-07-04,4.0,20.0,7.48
PHC-DST-B1-06,2024-07-05,3.85,20.15,7.2
PHC-DST-B1-06,2024-07-06,6.86,17.14,12.83
PHC-DST-B1-06,2024-07-07,3.52,20.48,6.58
PHC-DST-B1-06,2024-07-08,4.22,19.78,7.89
PHC-DST-B1-06,2024-07-09,3.53,20.47,6.6
PHC-DST-B1-06,2024-07-10,9.16,14.84,17.13
PHC-DST-B1-06,2024-07-11,4.82,19.18,9.01
PHC-DST-B1-06,2024-07-12,4.66,19.34,8.71
PHC-DST-B1-06,2024-07-13,4.59,19.41,8.58
PHC-DST-B1-06,2024-07-14,2.9,21.1,5.42
PHC-DST-B1-06,2024-07-15,7.22,,13.5
PHC-DST-B1-06,2024-07-16,8.16,15.84,15.26
PHC-DST-B1-06,2024-07-17,2.76,21.24,5.16
PHC-DST-B1-06,2024-07-18,5.24,18.76,9.8
PHC-DST-B1-06,2024-07-19,11.42,12.58,21.36
PHC-DST-B1-06,2024-07-20,7.36,16.64,13.76
PHC-DST-B1-06,2024-07-21,17.43,6.57,32.59
PHC-DST-B1-06,2024-07-22,5.29,18.71,9.89
PHC-DST-B1-06,2024-07-23,8.26,15.74,15.45
PHC-DST-B1-06,2024-07-24,4.45,19.55,8.32
PHC-DST-B1-06,2024-07-25,3.13,20.87,5.85
PHC-DST-B1-06,2024-07-26,7.75,16.25,14.49
PHC-DST-B1-06,2024-07-27,5.75,18.25,10.75
PHC-DST-B1-06,2024-07-28,7.65,16.35,14.31
PHC-DST-B1-06,2024-07-29,6.48,17.52,12.12
PHC-DST-B1-06,2024-07-30,8.64,15.36,16.16
PHC-DST-B1-06,2024-07-31,5.06,18.94,9.46
PHC-DST-B1-06,2024-08-01,3.39,,6.34
PHC-DST-B1-06,2024-08-02,2.2,21.8,4.11
PHC-DST-B1-06,2024-08-03,8.72,15.28,16.31
PHC-DST-B1-06,2024-08-04,8.08,15.92,15.11
PHC-DST-B1-06,2024-08-05,4.68,19.32,8.75
PHC-DST-B1-06,2024-08-06,3.22,20.78,6.02
PHC-DST-B1-06,2024-08-07,6.43,17.57,12.02
PHC-DST-B1-06,2024-08-08,4.23,19.77,7.91
PHC-DST-B1-06,2024-08-09,3.51,20.49,6.56
PHC-DST-B1-06,2024-08-10,12.63,11.37,23.62
PHC-DST-B1-06,2024-08-11,9.61,14.39,17.97
PHC-DST-B1-06,2024-08-12,3.68,20.32,6.88
PHC-DST-B1-06,2024-08-13,8.47,15.53,15.84
PHC-DST-B1-06,2024-08-14,4.24,19.76,7.93
PHC-DST-B1-06,2024-08-15,,20.49,6.56
PHC-DST-B1-06,2024-08-16,3.31,20.69,6.19
PHC-DST-B1-06,2024-08-17,9.86,14.14,18.44
PHC-DST-B1-06,2024-08-18,8.17,15.83,15.28
PHC-DST-B1-06,2024-08-19,4.05,19.95,7.57
PHC-DST-B1-06,2024-08-20,3.76,,7.03
PHC-DST-B1-06,2024-08-21,10.24,13.76,19.15
PHC-DST-B1-06,2024-08-22,4.2,19.8,7.85
PHC-DST-B1-06,2024-08-23,4.83,19.17,9.03
PHC-DST-B1-06,2024-08-24,3.81,20.19,7.12
PHC-DST-B1-06,2024-08-25,4.32,,8.08
PHC-DST-B1-06,2024-08-26,,16.52,13.99
PHC-DST-B1-06,2024-08-27,4.49,,8.4
PHC-DST-B1-06,2024-08-28,8.02,15.98,15.0
PHC-DST-B1-06,2024-08-29,8.22,15.78,15.37
PHC-DST-B1-06,2024-08-30,3.64,20.36,6.81
PHC-DST-B1-06,2024-08-31,3.52,20.48,6.58
PHC-DST-B1-06,2024-09-01,2.31,21.69,4.32
PHC-DST-B1-06,2024-09-02,6.28,17.72,11.74
PHC-DST-B1-06,2024-09-03,3.93,20.07,7.35
PHC-DST-B1-06,2024-09-04,2.73,21.27,5.11
PHC-DST-B1-06,2024-09-05,4.27,19.73,7.98
PHC-DST-B1-06,2024-09-06,3.21,20.79,6.0
PHC-DST-B1-06,2024-09-07,2.95,21.05,5.52
PHC-DST-B1-06,2024-09-08,3.95,20.05,7.39
PHC-DST-B1-06,2024-09-09,3.27,20.73,6.11
PHC-DST-B1-06,2024-09-10,7.09,16.91,13.26
PHC-DST-B1-06,2024-09-11,4.4,19.6,8.23
PHC-DST-B1-06,2024-09-12,3.19,20.81,5.97
PHC-DST-B1-06,2024-09-13,3.06,20.94,5.72
PHC-DST-B1-06,2024-09-14,3.82,20.18,7.14
PHC-DST-B1-06,2024-09-15,10.6,13.4,19.82
PHC-DST-B1-06,2024-09-16,3.0,21.0,5.61
PHC-DST-B1-06,2024-09-17,3.56,20.44,6.66
PHC-DST-B1-06,2024-09-18,19.2,4.8,35.9
PHC-DST-B1-06,2024-09-19,8.57,15.43,16.03
PHC-DST-B1-06,2024-09-20,5.94,18.06,11.11
PHC-DST-B1-06,2024-09-21,3.23,,6.04
PHC-DST-B1-06,2024-09-22,3.98,20.02,7.44
PHC-DST-B1-06,2024-09-23,4.96,19.04,9.28
PHC-DST-B1-06,2024-09-24,2.82,21.18,5.27
PHC-DST-B1-06,2024-09-25,4.92,19.08,9.2
PHC-DST-B1-06,2024-09-26,3.37,20.63,6.3
PHC-DST-B1-06,2024-09-27,4.06,19.94,7.59
PHC-DST-B1-06,2024-09-28,4.99,19.01,9.33
PHC-DST-B1-06,2024-09-29,4.04,19.96,7.55
PHC-DST-B1-06,2024-09-30,3.58,20.42,6.69
PHC-DST-B1-06,2024-10-01,4.34,19.66,8.12
PHC-DST-B1-06,2024-10-02,3.67,20.33,6.86
PHC-DST-B1-06,2024-10-03,4.19,19.81,7.84
PHC-DST-B1-06,2024-10-04,3.65,20.35,6.83
PHC-DST-B1-06,2024-10-05,4.45,19.55,8.32
PHC-DST-B1-06,2024-10-06,2.75,21.25,5.14
PHC-DST-B1-06,2024-10-07,3.04,20.96,5.68
PHC-DST-B1-06,2024-10-08,2.74,21.26,5.12
PHC-DST-B1-06,2024-10-09,3.76,20.24,7.03
PHC-DST-B1-06,2024-10-10,2.65,21.35,4.96
PHC-DST-B1-06,2024-10-11,3.28,20.72,6.13
PHC-DST-B1-06,2024-10-12,2.97,21.03,5.55
PHC-DST-B1-06,2024-10-13,4.91,19.09,9.18
PHC-DST-B1-06,2024-10-14,3.06,20.94,5.72
PHC-DST-B1-06,2024-10-15,2.84,21.16,5.31
PHC-DST-B1-06,2024-10-16,3.99,20.01,7.46
PHC-DST-B1-06,2024-10-17,5.07,18.93,9.48
PHC-DST-B1-06,2024-10-18,3.71,20.29,6.94
PHC-DST-B1-06,2024-10-19,3.77,20.23,7.05
PHC-DST-B1-06,2024-10-20,4.77,19.23,8.92
PHC-DST-B1-06,2024-10-21,4.46,19.54,8.34
PHC-DST-B1-06,2024-10-22,4.12,19.88,7.7
PHC-DST-B1-06,2024-10-23,3.36,20.64,6.28
PHC-DST-B1-06,2024-10-24,4.14,19.86,7.74
PHC-DST-B1-06,2024-10-25,2.78,21.22,5.2
PHC-DST-B1-06,2024-10-26,3.33,20.67,6.23
PHC-DST-B1-06,2024-10-27,4.87,19.13,9.11
PHC-DST-B1-06,2024-10-28,4.78,19.22,8.94
PHC-DST-B1-06,2024-10-29,4.13,19.87,7.72
PHC-DST-B1-06,2024-10-30,2.35,21.65,4.39
PHC-DST-B1-06,2024-10-31,2.89,21.11,5.4
PHC-DST-B1-06,2024-11-01,3.29,20.71,6.15
PHC-DST-B1-06,2024-11-02,3.67,20.33,6.86
PHC-DST-B1-06,2024-11-03,2.86,21.14,5.35
PHC-DST-B1-06,2024-11-04,3.62,20.38,6.77
PHC-DST-B1-06,2024-11-05,5.13,18.87,9.59
PHC-DST-B1-06,2024-11-06,4.1,19.9,7.67
PHC-DST-B1-06,2024-11-07,3.96,20.04,7.41
PHC-DST-B1-06,2024-11-08,3.04,20.96,5.68
PHC-DST-B1-06,2024-11-09,2.57,21.43,4.81
PHC-DST-B1-06,2024-11-10,2.88,21.12,5.39
PHC-DST-B1-06,2024-11-11,,21.46,4.75
PHC-DST-B1-06,2024-11-12,3.86,20.14,7.22
PHC-DST-B1-06,2024-11-13,4.09,19.91,7.65
PHC-DST-B1-06,2024-11-14,3.08,20.92,5.76
PHC-DST-B1-06,2024-11-15,3.91,20.09,7.31
PHC-DST-B1-06,2024-11-16,4.9,19.1,9.16
PHC-DST-B1-06,2024-11-17,5.27,18.73,9.85
PHC-DST-B1-06,2024-11-18,4.38,19.62,8.19
PHC-DST-B1-06,2024-11-19,3.67,20.33,6.86
PHC-DST-B1-06,2024-11-20,4.35,19.65,8.13
PHC-DST-B1-06,2024-11-21,4.81,19.19,8.99
PHC-DST-B1-06,2024-11-22,2.29,21.71,4.28
PHC-DST-B1-06,2024-11-23,4.91,19.09,9.18
PHC-DST-B1-06,2024-11-24,3.39,20.61,6.34
PHC-DST-B1-06,2024-11-25,3.4,20.6,6.36
PHC-DST-B1-06,2024-11-26,3.53,20.47,6.6
PHC-DST-B1-06,2024-11-27,4.04,19.96,7.55
PHC-DST-B1-06,2024-11-28,2.97,21.03,5.55
PHC-DST-B1-06,2024-11-29,3.59,20.41,6.71
PHC-DST-B1-06,2024-11-30,4.19,19.81,7.84
PHC-DST-B1-06,2024-12-01,3.96,20.04,7.41
PHC-DST-B1-06,2024-12-02,4.09,19.91,7.65
PHC-DST-B1-06,2024-12-03,3.56,20.44,6.66
PHC-DST-B1-06,2024-12-04,4.32,19.68,8.08
PHC-DST-B1-06,2024-12-05,4.59,19.41,8.58
PHC-DST-B1-06,2024-12-06,4.55,19.45,8.51
PHC-DST-B1-06,2024-12-07,4.12,19.88,7.7
PHC-DST-B1-06,2024-12-08,4.5,19.5,8.42
PHC-DST-B1-06,2024-12-09,4.45,19.55,8.32
PHC-DST-B1-06,2024-12-10,5.81,18.19,10.86
PHC-DST-B1-06,2024-12-11,4.71,19.29,8.81
PHC-DST-B1-06,2024-12-12,3.73,20.27,6.98
PHC-DST-B1-06,2024-12-13,3.12,20.88,5.83
PHC-DST-B1-06,2024-12-14,3.6,20.4,6.73
PHC-DST-B1-06,2024-12-15,3.55,20.45,6.64
PHC-DST-B1-06,2024-12-16,4.18,19.82,7.82
PHC-DST-B1-06,2024-12-17,3.27,20.73,6.11
PHC-DST-B1-06,2024-12-18,4.69,19.31,8.77
PHC-DST-B1-06,2024-12-19,2.76,21.24,5.16
PHC-DST-B1-06,2024-12-20,2.58,21.42,4.82
PHC-DST-B1-06,2024-12-21,3.7,20.3,6.92
PHC-DST-B1-06,2024-12-22,3.17,20.83,5.93
PHC-DST-B1-06,2024-12-23,2.86,21.14,5.35
PHC-DST-B1-06,2024-12-24,3.32,20.68,6.21
PHC-DST-B1-06,2024-12-25,3.23,,6.04
PHC-DST-B1-06,2024-12-26,3.81,20.19,7.12
PHC-DST-B1-06,2024-12-27,3.33,20.67,6.23
PHC-DST-B1-06,2024-12-28,3.4,20.6,6.36
PHC-DST-B1-06,2024-12-29,3.8,20.2,7.11
PHC-DST-B1-06,2024-12-30,4.56,19.44,8.53
PHC-DST-B1-06,2024-12-31,4.9,19.1,9.16
PHC-DST-B1-06,2025-01-01,3.91,20.09,7.31
PHC-DST-B1-06,2025-01-02,3.97,20.03,7.42
PHC-DST-B1-06,2025-01-03,3.66,20.34,6.84
PHC-DST-B1-06,2025-01-04,4.16,19.84,7.78
PHC-DST-B1-06,2025-01-05,4.09,19.91,7.65
PHC-DST-B1-06,2025-01-06,4.79,19.21,8.96
PHC-DST-B1-06,2025-01-07,2.38,21.62,4.45
PHC-DST-B1-06,2025-01-08,3.62,20.38,6.77
PHC-DST-B1-06,2025-01-09,4.05,19.95,7.57
PHC-DST-B1-06,2025-01-10,3.78,20.22,7.07
PHC-DST-B1-06,2025-01-11,3.1,20.9,5.8
PHC-DST-B1-06,2025-01-12,2.83,21.17,5.29
PHC-DST-B1-06,2025-01-13,4.4,19.6,8.23
PHC-DST-B1-06,2025-01-14,3.23,20.77,6.04
PHC-DST-B1-06,2025-01-15,2.48,21.52,4.64
PHC-DST-B1-06,2025-01-16,4.44,19.56,8.3
PHC-DST-B1-06,2025-01-17,4.14,19.86,7.74
PHC-DST-B1-06,2025-01-18,3.71,20.29,6.94
PHC-DST-B1-06,2025-01-19,3.11,20.89,5.82
PHC-DST-B1-06,2025-01-20,3.71,20.29,6.94
PHC-DST-B1-06,2025-01-21,4.71,19.29,8.81
PHC-DST-B1-06,2025-01-22,2.59,21.41,4.84
PHC-DST-B1-06,2025-01-23,2.63,21.37,4.92
PHC-DST-B1-06,2025-01-24,3.33,20.67,6.23
PHC-DST-B1-06,2025-01-25,3.78,20.22,7.07
PHC-DST-B1-06,2025-01-26,3.43,20.57,6.41
PHC-DST-B1-06,2025-01-27,4.28,19.72,8.0
PHC-DST-B1-06,2025-01-28,4.62,,8.64
PHC-DST-B1-06,2025-01-29,4.01,19.99,7.5
PHC-DST-B1-06,2025-01-30,4.22,19.78,7.89
PHC-DST-B1-06,2025-01-31,4.0,20.0,7.48
PHC-DST-B1-06,2025-02-01,3.81,20.19,7.12
PHC-DST-B1-06,2025-02-02,2.83,21.17,5.29
PHC-DST-B1-06,2025-02-03,3.03,20.97,5.67
PHC-DST-B1-06,2025-02-04,,21.21,5.22
PHC-DST-B1-06,2025-02-05,3.69,20.31,6.9
PHC-DST-B1-06,2025-02-06,3.97,20.03,7.42
PHC-DST-B1-06,2025-02-07,2.71,21.29,5.07
PHC-DST-B1-06,2025-02-08,3.85,20.15,7.2
PHC-DST-B1-06,2025-02-09,3.14,20.86,5.87
PHC-DST-B1-06,2025-02-10,3.0,21.0,5.61
PHC-DST-B1-06,2025-02-11,3.33,20.67,6.23
PHC-DST-B1-06,2025-02-12,2.96,21.04,5.54
PHC-DST-B1-06,2025-02-13,4.25,19.75,7.95
PHC-DST-B1-06,2025-02-14,3.67,20.33,6.86
PHC-DST-B1-06,2025-02-15,4.41,19.59,8.25
PHC-DST-B1-06,2025-02-16,3.47,20.53,6.49
PHC-DST-B1-06,2025-02-17,3.5,20.5,6.55
PHC-DST-B1-06,2025-02-18,5.21,18.79,9.74
PHC-DST-B1-06,2025-02-19,2.58,21.42,4.82
PHC-DST-B1-06,2025-02-20,4.76,19.24,8.9
PHC-DST-B1-06,2025-02-21,5.04,18.96,9.42
PHC-DST-B1-06,2025-02-22,4.37,19.63,8.17
PHC-DST-B1-06,2025-02-23,3.55,20.45,6.64
PHC-DST-B1-06,2025-02-24,4.87,19.13,9.11
PHC-DST-B1-06,2025-02-25,3.56,20.44,6.66
PHC-DST-B1-06,2025-02-26,3.27,20.73,6.11
PHC-DST-B1-06,2025-02-27,3.51,20.49,6.56
PHC-DST-B1-06,2025-02-28,3.37,20.63,6.3
PHC-DST-B1-06,2025-03-01,3.09,20.91,5.78
PHC-DST-B1-06,2025-03-02,4.63,19.37,8.66
PHC-DST-B1-06,2025-03-03,3.22,20.78,6.02
PHC-DST-B1-06,2025-03-04,3.78,20.22,7.07
PHC-DST-B1-06,2025-03-05,2.72,21.28,5.09
PHC-DST-B1-06,2025-03-06,3.82,20.18,7.14
PHC-DST-B1-06,2025-03-07,2.93,21.07,5.48
PHC-DST-B1-06,2025-03-08,2.91,21.09,5.44
PHC-DST-B1-06,2025-03-09,3.72,20.28,6.96
PHC-DST-B1-06,2025-03-10,4.59,19.41,8.58
PHC-DST-B1-06,2025-03-11,4.13,19.87,7.72
PHC-DST-B1-06,2025-03-12,4.18,19.82,7.82
PHC-DST-B1-06,2025-03-13,3.7,20.3,6.92
PHC-DST-B1-06,2025-03-14,3.55,20.45,6.64
PHC-DST-B1-06,2025-03-15,4.39,19.61,8.21
PHC-DST-B1-06,2025-03-16,3.38,20.62,6.32
PHC-DST-B1-06,2025-03-17,4.43,19.57,8.28
PHC-DST-B1-06,2025-03-18,4.73,19.27,8.85
PHC-DST-B1-06,2025-03-19,3.17,20.83,5.93
PHC-DST-B1-06,2025-03-20,3.28,20.72,6.13
PHC-DST-B1-06,2025-03-21,,20.61,6.34
PHC-DST-B1-06,2025-03-22,2.7,21.3,5.05
PHC-DST-B1-06,2025-03-23,3.45,20.55,6.45
PHC-DST-B1-06,2025-03-24,4.78,19.22,8.94
PHC-DST-B1-06,2025-03-25,3.02,20.98,5.65
PHC-DST-B1-06,2025-03-26,4.79,19.21,8.96
PHC-DST-B1-06,2025-03-27,3.47,20.53,6.49
PHC-DST-B1-06,2025-03-28,5.39,18.61,10.08
PHC-DST-B1-06,2025-03-29,3.29,20.71,6.15
PHC-DST-B1-06,2025-03-30,3.69,20.31,6.9
PHC-DST-B1-06,2025-03-31,3.12,20.88,5.83
PHC-DST-B1-06,2025-04-01,3.28,20.72,6.13
PHC-DST-B1-06,2025-04-02,4.8,19.2,8.98
PHC-DST-B1-06,2025-04-03,4.16,19.84,7.78
PHC-DST-B1-06,2025-04-04,4.57,19.43,8.55
PHC-DST-B1-06,2025-04-05,2.81,21.19,5.25
PHC-DST-B1-06,2025-04-06,4.29,19.71,8.02
PHC-DST-B1-06,2025-04-07,3.07,20.93,5.74
PHC-DST-B1-06,2025-04-08,2.8,,5.24
PHC-DST-B1-06,2025-04-09,3.98,20.02,7.44
PHC-DST-B1-06,2025-04-10,3.97,20.03,7.42
PHC-DST-B1-06,2025-04-11,3.84,20.16,7.18
PHC-DST-B1-06,2025-04-12,4.34,,8.12
PHC-DST-B1-06,2025-04-13,4.46,19.54,8.34
PHC-DST-B1-06,2025-04-14,4.9,19.1,9.16
PHC-DST-B1-06,2025-04-15,2.91,21.09,5.44
PHC-DST-B1-06,2025-04-16,4.93,19.07,9.22
PHC-DST-B1-06,2025-04-17,5.21,18.79,9.74
PHC-DST-B1-06,2025-04-18,3.53,20.47,6.6
PHC-DST-B1-06,2025-04-19,2.55,21.45,4.77
PHC-DST-B1-06,2025-04-20,2.76,21.24,5.16
PHC-DST-B1-06,2025-04-21,3.45,20.55,6.45
PHC-DST-B1-06,2025-04-22,5.31,18.69,9.93
PHC-DST-B1-06,2025-04-23,3.81,20.19,7.12
PHC-DST-B1-06,2025-04-24,3.34,20.66,6.25
PHC-DST-B1-06,2025-04-25,3.29,20.71,6.15
PHC-DST-B1-06,2025-04-26,2.81,21.19,5.25
PHC-DST-B1-06,2025-04-27,4.46,19.54,8.34
PHC-DST-B1-06,2025-04-28,3.73,20.27,6.98
PHC-DST-B1-06,2025-04-29,5.37,18.63,10.04
PHC-DST-B1-06,2025-04-30,4.27,19.73,7.98
PHC-DST-B1-06,2025-05-01,4.42,19.58,8.27
PHC-DST-B1-06,2025-05-02,3.62,20.38,6.77
PHC-DST-B1-06,2025-05-03,2.98,21.02,5.57
PHC-DST-B1-06,2025-05-04,3.14,20.86,5.87
PHC-DST-B1-06,2025-05-05,2.77,21.23,5.18
PHC-DST-B1-06,2025-05-06,4.48,19.52,8.38
PHC-DST-B1-06,2025-05-07,3.51,20.49,6.56
PHC-DST-B1-06,2025-05-08,4.51,19.49,8.43
PHC-DST-B1-06,2025-05-09,3.9,20.1,7.29
PHC-DST-B1-06,2025-05-10,3.58,20.42,6.69
PHC-DST-B1-06,2025-05-11,2.92,21.08,5.46
PHC-DST-B1-06,2025-05-12,4.03,19.97,7.54
PHC-DST-B1-06,2025-05-13,3.64,20.36,6.81
PHC-DST-B1-06,2025-05-14,4.48,19.52,8.38
PHC-DST-B1-06,2025-05-15,3.26,20.74,6.1
PHC-DST-B1-06,2025-05-16,4.26,19.74,7.97
PHC-DST-B1-06,2025-05-17,5.03,18.97,9.41
PHC-DST-B1-06,2025-05-18,4.0,20.0,7.48
PHC-DST-B1-06,2025-05-19,4.39,19.61,8.21
PHC-DST-B1-06,2025-05-20,4.23,19.77,7.91
PHC-DST-B1-06,2025-05-21,5.22,18.78,9.76
PHC-DST-B1-06,2025-05-22,4.08,19.92,7.63
PHC-DST-B1-06,2025-05-23,4.32,19.68,8.08
PHC-DST-B1-06,2025-05-24,3.77,20.23,7.05
PHC-DST-B1-06,2025-05-25,3.22,20.78,6.02
PHC-DST-B1-06,2025-05-26,2.89,21.11,5.4
PHC-DST-B1-06,2025-05-27,4.75,19.25,8.88
PHC-DST-B1-06,2025-05-28,3.04,20.96,5.68
PHC-DST-B1-06,2025-05-29,4.36,19.64,8.15
PHC-DST-B1-06,2025-05-30,4.11,19.89,7.69
PHC-DST-B1-06,2025-05-31,4.49,19.51,8.4
PHC-DST-B1-06,2025-06-01,3.41,20.59,6.38
PHC-DST-B1-06,2025-06-02,3.21,20.79,6.0
PHC-DST-B1-06,2025-06-03,4.08,19.92,7.63
PHC-DST-B1-06,2025-06-04,3.58,20.42,6.69
PHC-DST-B1-06,2025-06-05,2.88,21.12,5.39
PHC-DST-B1-06,2025-06-06,5.25,18.75,9.82
PHC-DST-B1-06,2025-06-07,3.21,20.79,6.0
PHC-DST-B1-06,2025-06-08,3.05,20.95,5.7
PHC-DST-B1-06,2025-06-09,3.62,20.38,6.77
PHC-DST-B1-06,2025-06-10,4.74,19.26,8.86
PHC-DST-B1-06,2025-06-11,2.17,21.83,4.06
PHC-DST-B1-06,2025-06-12,4.68,19.32,8.75
PHC-DST-B1-06,2025-06-13,3.12,20.88,5.83
PHC-DST-B1-06,2025-06-14,4.0,20.0,7.48
PHC-DST-B1-06,2025-06-15,3.29,20.71,6.15
PHC-DST-B1-06,2025-06-16,5.29,18.71,9.89
PHC-DST-B1-06,2025-06-17,3.89,20.11,7.27
PHC-DST-B1-06,2025-06-18,3.27,20.73,6.11
PHC-DST-B1-06,2025-06-19,3.57,20.43,6.68
PHC-DST-B1-06,2025-06-20,3.87,20.13,7.24
PHC-DST-B1-06,2025-06-21,3.93,20.07,7.35
PHC-DST-B1-06,2025-06-22,4.13,19.87,7.72
PHC-DST-B1-06,2025-06-23,3.8,20.2,7.11
PHC-DST-B1-06,2025-06-24,2.77,21.23,5.18
PHC-DST-B1-06,2025-06-25,3.54,20.46,6.62
PHC-DST-B1-06,2025-06-26,4.25,19.75,7.95
PHC-DST-B1-06,2025-06-27,3.3,20.7,6.17
PHC-DST-B1-06,2025-06-28,4.3,19.7,8.04
PHC-DST-B1-06,2025-06-29,3.82,20.18,7.14
PHC-DST-B1-06,2025-06-30,3.64,20.36,6.81
PHC-DST-B2-01,2024-07-01,2.7,21.3,5.05
PHC-DST-B2-01,2024-07-02,0.5,23.5,0.94
PHC-DST-B2-01,2024-07-03,6.88,17.12,12.87
PHC-DST-B2-01,2024-07-04,7.3,16.7,13.65
PHC-DST-B2-01,2024-07-05,1.84,22.16,3.44
PHC-DST-B2-01,2024-07-06,5.44,18.56,10.17
PHC-DST-B2-01,2024-07-07,7.58,16.42,14.17
PHC-DST-B2-01,2024-07-08,2.49,21.51,4.66
PHC-DST-B2-01,2024-07-09,2.14,21.86,4.0
PHC-DST-B2-01,2024-07-10,2.19,21.81,4.1
PHC-DST-B2-01,2024-07-11,7.3,16.7,13.65
PHC-DST-B2-01,2024-07-12,1.41,22.59,2.64
PHC-DST-B2-01,2024-07-13,3.78,20.22,7.07
PHC-DST-B2-01,2024-07-14,1.48,22.52,2.77
PHC-DST-B2-01,2024-07-15,,22.4,2.99
PHC-DST-B2-01,2024-07-16,1.88,22.12,3.52
PHC-DST-B2-01,2024-07-17,2.22,21.78,4.15
PHC-DST-B2-01,2024-07-18,1.94,22.06,3.63
PHC-DST-B2-01,2024-07-19,4.27,19.73,7.98
PHC-DST-B2-01,2024-07-20,2.46,21.54,4.6
PHC-DST-B2-01,2024-07-21,1.72,22.28,3.22
PHC-DST-B2-01,2024-07-22,1.47,22.53,2.75
PHC-DST-B2-01,2024-07-23,1.66,22.34,3.1
PHC-DST-B2-01,2024-07-24,1.25,22.75,2.34
PHC-DST-B2-01,2024-07-25,1.4,22.6,2.62
PHC-DST-B2-01,2024-07-26,1.38,22.62,2.58
PHC-DST-B2-01,2024-07-27,1.58,22.42,2.95
PHC-DST-B2-01,2024-07-28,2.29,21.71,4.28
PHC-DST-B2-01,2024-07-29,6.89,17.11,12.88
PHC-DST-B2-01,2024-07-30,8.82,15.18,16.49
PHC-DST-B2-01,2024-07-31,2.22,21.78,4.15
PHC-DST-B2-01,2024-08-01,7.24,16.76,13.54
PHC-DST-B2-01,2024-08-02,2.42,21.58,4.53
PHC-DST-B2-01,2024-08-03,1.31,22.69,2.45
PHC-DST-B2-01,2024-08-04,0.7,23.3,1.31
PHC-DST-B2-01,2024-08-05,2.94,21.06,5.5
PHC-DST-B2-01,2024-08-06,5.39,18.61,10.08
PHC-DST-B2-01,2024-08-07,1.14,22.86,2.13
PHC-DST-B2-01,2024-08-08,6.11,17.89,11.43
PHC-DST-B2-01,2024-08-09,2.2,21.8,4.11
PHC-DST-B2-01,2024-08-10,2.73,21.27,5.11
PHC-DST-B2-01,2024-08-11,7.3,16.7,13.65
PHC-DST-B2-01,2024-08-12,2.36,21.64,4.41
PHC-DST-B2-01,2024-08-13,1.12,22.88,2.09
PHC-DST-B2-01,2024-08-14,1.85,22.15,3.46
PHC-DST-B2-01,2024-08-15,1.69,22.31,3.16
PHC-DST-B2-01,2024-08-16,1.61,22.39,3.01
PHC-DST-B2-01,2024-08-17,0.56,23.44,1.05
PHC-DST-B2-01,2024-08-18,3.89,20.11,7.27
PHC-DST-B2-01,2024-08-19,12.91,11.09,24.14
PHC-DST-B2-01,2024-08-20,8.75,15.25,16.36
PHC-DST-B2-01,2024-08-21,0.0,24.0,0.0
PHC-DST-B2-01,2024-08-22,1.16,22.84,2.17
PHC-DST-B2-01,2024-08-23,1.67,22.33,3.12
PHC-DST-B2-01,2024-08-24,1.32,22.68,2.47
PHC-DST-B2-01,2024-08-25,8.12,15.88,15.18
PHC-DST-B2-01,2024-08-26,2.19,21.81,4.1
PHC-DST-B2-01,2024-08-27,2.57,21.43,4.81
PHC-DST-B2-01,2024-08-28,2.63,21.37,4.92
PHC-DST-B2-01,2024-08-29,1.04,22.96,1.94
PHC-DST-B2-01,2024-08-30,2.13,21.87,3.98
PHC-DST-B2-01,2024-08-31,2.55,21.45,4.77
PHC-DST-B2-01,2024-09-01,1.47,22.53,2.75
PHC-DST-B2-01,2024-09-02,1.21,22.79,2.26
PHC-DST-B2-01,2024-09-03,2.2,21.8,4.11
PHC-DST-B2-01,2024-09-04,0.69,23.31,1.29
PHC-DST-B2-01,2024-09-05,0.98,23.02,1.83
PHC-DST-B2-01,2024-09-06,4.8,19.2,8.98
PHC-DST-B2-01,2024-09-07,5.56,18.44,10.4
PHC-DST-B2-01,2024-09-08,6.36,17.64,11.89
PHC-DST-B2-01,2024-09-09,2.19,21.81,4.1
PHC-DST-B2-01,2024-09-10,10.28,13.72,19.22
PHC-DST-B2-01,2024-09-11,0.41,23.59,0.77
PHC-DST-B2-01,2024-09-12,2.02,21.98,3.78
PHC-DST-B2-01,2024-09-13,2.96,21.04,5.54
PHC-DST-B2-01,2024-09-14,1.03,22.97,1.93
PHC-DST-B2-01,2024-09-15,6.22,17.78,11.63
PHC-DST-B2-01,2024-09-16,0.48,23.52,0.9
PHC-DST-B2-01,2024-09-17,4.62,19.38,8.64
PHC-DST-B2-01,2024-09-18,1.56,22.44,2.92
PHC-DST-B2-01,2024-09-19,2.11,21.89,3.95
PHC-DST-B2-01,2024-09-20,3.19,,5.97
PHC-DST-B2-01,2024-09-21,0.73,23.27,1.37
PHC-DST-B2-01,2024-09-22,5.49,18.51,10.27
PHC-DST-B2-01,2024-09-23,5.5,18.5,10.29
PHC-DST-B2-01,2024-09-24,2.94,21.06,5.5
PHC-DST-B2-01,2024-09-25,11.41,12.59,21.34
PHC-DST-B2-01,2024-09-26,1.81,22.19,3.38
PHC-DST-B2-01,2024-09-27,7.12,16.88,13.31
PHC-DST-B2-01,2024-09-28,6.23,17.77,11.65
PHC-DST-B2-01,2024-09-29,1.85,22.15,3.46
PHC-DST-B2-01,2024-09-30,2.22,21.78,4.15
PHC-DST-B2-01,2024-10-01,2.15,21.85,4.02
PHC-DST-B2-01,2024-10-02,1.73,22.27,3.24
PHC-DST-B2-01,2024-10-03,1.96,22.04,3.67
PHC-DST-B2-01,2024-10-04,0.81,23.19,1.51
PHC-DST-B2-01,2024-10-05,1.25,22.75,2.34
PHC-DST-B2-01,2024-10-06,2.33,,4.36
PHC-DST-B2-01,2024-10-07,2.43,21.57,4.54
PHC-DST-B2-01,2024-10-08,1.87,22.13,3.5
PHC-DST-B2-01,2024-10-09,2.91,21.09,5.44
PHC-DST-B2-01,2024-10-10,2.18,21.82,4.08
PHC-DST-B2-01,2024-10-11,1.63,22.37,3.05
PHC-DST-B2-01,2024-10-12,0.89,23.11,1.66
PHC-DST-B2-01,2024-10-13,2.88,21.12,5.39
PHC-DST-B2-01,2024-10-14,2.38,21.62,4.45
PHC-DST-B2-01,2024-10-15,3.15,20.85,5.89
PHC-DST-B2-01,2024-10-16,3.43,20.57,6.41
PHC-DST-B2-01,2024-10-17,0.83,23.17,1.55
PHC-DST-B2-01,2024-10-18,0.84,23.16,1.57
PHC-DST-B2-01,2024-10-19,0.0,24.0,0.0
PHC-DST-B2-01,2024-10-20,2.49,21.51,4.66
PHC-DST-B2-01,2024-10-21,2.29,21.71,4.28
PHC-DST-B2-01,2024-10-22,1.87,22.13,3.5
PHC-DST-B2-01,2024-10-23,0.88,23.12,1.65
PHC-DST-B2-01,2024-10-24,1.73,22.27,3.24
PHC-DST-B2-01,2024-10-25,1.94,22.06,3.63
PHC-DST-B2-01,2024-10-26,2.39,21.61,4.47
PHC-DST-B2-01,2024-10-27,2.0,22.0,3.74
PHC-DST-B2-01,2024-10-28,2.3,21.7,4.3
PHC-DST-B2-01,2024-10-29,1.71,22.29,3.2
PHC-DST-B2-01,2024-10-30,2.69,21.31,5.03
PHC-DST-B2-01,2024-10-31,2.27,21.73,4.24
PHC-DST-B2-01,2024-11-01,0.91,23.09,1.7
PHC-DST-B2-01,2024-11-02,2.84,21.16,5.31
PHC-DST-B2-01,2024-11-03,2.72,21.28,5.09
PHC-DST-B2-01,2024-11-04,2.15,21.85,4.02
PHC-DST-B2-01,2024-11-05,2.01,21.99,3.76
PHC-DST-B2-01,2024-11-06,3.04,20.96,5.68
PHC-DST-B2-01,2024-11-07,0.58,23.42,1.08
PHC-DST-B2-01,2024-11-08,2.73,21.27,5.11
PHC-DST-B2-01,2024-11-09,1.44,22.56,2.69
PHC-DST-B2-01,2024-11-10,2.62,21.38,4.9
PHC-DST-B2-01,2024-11-11,1.89,22.11,3.53
PHC-DST-B2-01,2024-11-12,0.87,23.13,1.63
PHC-DST-B2-01,2024-11-13,1.43,22.57,2.67
PHC-DST-B2-01,2024-11-14,2.57,21.43,4.81
PHC-DST-B2-01,2024-11-15,1.64,22.36,3.07
PHC-DST-B2-01,2024-11-16,1.33,22.67,2.49
PHC-DST-B2-01,2024-11-17,1.33,22.67,2.49
PHC-DST-B2-01,2024-11-18,2.28,21.72,4.26
PHC-DST-B2-01,2024-11-19,3.11,20.89,5.82
PHC-DST-B2-01,2024-11-20,0.19,23.81,0.36
PHC-DST-B2-01,2024-11-21,3.9,20.1,7.29
PHC-DST-B2-01,2024-11-22,1.95,22.05,3.65
PHC-DST-B2-01,2024-11-23,2.24,21.76,4.19
PHC-DST-B2-01,2024-11-24,1.47,22.53,2.75
PHC-DST-B2-01,2024-11-25,,22.2,3.37
PHC-DST-B2-01,2024-11-26,1.94,22.06,3.63
PHC-DST-B2-01,2024-11-27,1.01,22.99,1.89
PHC-DST-B2-01,2024-11-28,1.2,22.8,2.24
PHC-DST-B2-01,2024-11-29,2.69,21.31,5.03
PHC-DST-B2-01,2024-11-30,0.64,23.36,1.2
PHC-DST-B2-01,2024-12-01,2.13,21.87,3.98
PHC-DST-B2-01,2024-12-02,1.52,22.48,2.84
PHC-DST-B2-01,2024-12-03,1.08,22.92,2.02
PHC-DST-B2-01,2024-12-04,3.28,20.72,6.13
PHC-DST-B2-01,2024-12-05,1.08,22.92,2.02
PHC-DST-B2-01,2024-12-06,0.95,23.05,1.78
PHC-DST-B2-01,2024-12-07,1.66,22.34,3.1
PHC-DST-B2-01,2024-12-08,1.22,22.78,2.28
PHC-DST-B2-01,2024-12-09,1.8,22.2,3.37
PHC-DST-B2-01,2024-12-10,,22.08,3.59
PHC-DST-B2-01,2024-12-11,1.98,22.02,3.7
PHC-DST-B2-01,2024-12-12,1.71,22.29,3.2
PHC-DST-B2-01,2024-12-13,1.27,22.73,2.37
PHC-DST-B2-01,2024-12-14,2.28,21.72,4.26
PHC-DST-B2-01,2024-12-15,1.72,22.28,3.22
PHC-DST-B2-01,2024-12-16,1.43,22.57,2.67
PHC-DST-B2-01,2024-12-17,2.91,21.09,5.44
PHC-DST-B2-01,2024-12-18,1.71,22.29,3.2
PHC-DST-B2-01,2024-12-19,2.62,21.38,4.9
PHC-DST-B2-01,2024-12-20,2.72,21.28,5.09
PHC-DST-B2-01,2024-12-21,2.77,21.23,5.18
PHC-DST-B2-01,2024-12-22,2.32,21.68,4.34
PHC-DST-B2-01,2024-12-23,1.8,22.2,3.37
PHC-DST-B2-01,2024-12-24,1.75,22.25,3.27
PHC-DST-B2-01,2024-12-25,1.62,22.38,3.03
PHC-DST-B2-01,2024-12-26,0.17,23.83,0.32
PHC-DST-B2-01,2024-12-27,2.34,21.66,4.38
PHC-DST-B2-01,2024-12-28,1.98,,3.7
PHC-DST-B2-01,2024-12-29,2.42,21.58,4.53
PHC-DST-B2-01,2024-12-30,1.71,22.29,3.2
PHC-DST-B2-01,2024-12-31,2.3,21.7,4.3
PHC-DST-B2-01,2025-01-01,0.77,23.23,1.44
PHC-DST-B2-01,2025-01-02,0.92,23.08,1.72
PHC-DST-B2-01,2025-01-03,0.0,24.0,0.0
PHC-DST-B2-01,2025-01-04,1.7,22.3,3.18
PHC-DST-B2-01,2025-01-05,1.22,22.78,2.28
PHC-DST-B2-01,2025-01-06,1.12,22.88,2.09
PHC-DST-B2-01,2025-01-07,2.05,21.95,3.83
PHC-DST-B2-01,2025-01-08,1.48,22.52,2.77
PHC-DST-B2-01,2025-01-09,0.73,23.27,1.37
PHC-DST-B2-01,2025-01-10,3.71,20.29,6.94
PHC-DST-B2-01,2025-01-11,1.77,22.23,3.31
PHC-DST-B2-01,2025-01-12,0.99,23.01,1.85
PHC-DST-B2-01,2025-01-13,1.3,22.7,2.43
PHC-DST-B2-01,2025-01-14,1.67,22.33,3.12
PHC-DST-B2-01,2025-01-15,1.67,22.33,3.12
PHC-DST-B2-01,2025-01-16,2.78,21.22,5.2
PHC-DST-B2-01,2025-01-17,1.74,22.26,3.25
PHC-DST-B2-01,2025-01-18,3.19,20.81,5.97
PHC-DST-B2-01,2025-01-19,1.48,22.52,2.77
PHC-DST-B2-01,2025-01-20,2.12,21.88,3.96
PHC-DST-B2-01,2025-01-21,2.57,21.43,4.81
PHC-DST-B2-01,2025-01-22,2.7,21.3,5.05
PHC-DST-B2-01,2025-01-23,2.78,21.22,5.2
PHC-DST-B2-01,2025-01-24,1.6,22.4,2.99
PHC-DST-B2-01,2025-01-25,1.8,22.2,3.37
PHC-DST-B2-01,2025-01-26,0.0,,0.0
PHC-DST-B2-01,2025-01-27,1.65,22.35,3.09
PHC-DST-B2-01,2025-01-28,2.62,21.38,4.9
PHC-DST-B2-01,2025-01-29,2.47,21.53,4.62
PHC-DST-B2-01,2025-01-30,1.74,22.26,3.25
PHC-DST-B2-01,2025-01-31,3.07,20.93,5.74
PHC-DST-B2-01,2025-02-01,1.51,22.49,2.82
PHC-DST-B2-01,2025-02-02,1.26,22.74,2.36
PHC-DST-B2-01,2025-02-03,1.45,22.55,2.71
PHC-DST-B2-01,2025-02-04,0.96,23.04,1.8
PHC-DST-B2-01,2025-02-05,2.27,21.73,4.24
PHC-DST-B2-01,2025-02-06,2.02,21.98,3.78
PHC-DST-B2-01,2025-02-07,2.26,21.74,4.23
PHC-DST-B2-01,2025-02-08,1.49,22.51,2.79
PHC-DST-B2-01,2025-02-09,1.76,22.24,3.29
PHC-DST-B2-01,2025-02-10,0.17,23.83,0.32
PHC-DST-B2-01,2025-02-11,2.08,21.92,3.89
PHC-DST-B2-01,2025-02-12,1.87,,3.5
PHC-DST-B2-01,2025-02-13,0.97,23.03,1.81
PHC-DST-B2-01,2025-02-14,1.72,22.28,3.22
PHC-DST-B2-01,2025-02-15,1.61,22.39,3.01
PHC-DST-B2-01,2025-02-16,3.12,20.88,5.83
PHC-DST-B2-01,2025-02-17,1.0,23.0,1.87
PHC-DST-B2-01,2025-02-18,2.05,21.95,3.83
PHC-DST-B2-01,2025-02-19,0.98,23.02,1.83
PHC-DST-B2-01,2025-02-20,1.38,22.62,2.58
PHC-DST-B2-01,2025-02-21,,,3.76
PHC-DST-B2-01,2025-02-22,1.64,22.36,3.07
PHC-DST-B2-01,2025-02-23,1.8,22.2,3.37
PHC-DST-B2-01,2025-02-24,2.05,21.95,3.83
PHC-DST-B2-01,2025-02-25,1.43,22.57,2.67
PHC-DST-B2-01,2025-02-26,2.46,21.54,4.6
PHC-DST-B2-01,2025-02-27,1.57,22.43,2.94
PHC-DST-B2-01,2025-02-28,1.73,22.27,3.24
PHC-DST-B2-01,2025-03-01,2.07,21.93,3.87
PHC-DST-B2-01,2025-03-02,1.97,22.03,3.68
PHC-DST-B2-01,2025-03-03,2.28,21.72,4.26
PHC-DST-B2-01,2025-03-04,2.04,21.96,3.81
PHC-DST-B2-01,2025-03-05,2.15,21.85,4.02
PHC-DST-B2-01,2025-03-06,1.56,22.44,2.92
PHC-DST-B2-01,2025-03-07,1.0,23.0,1.87
PHC-DST-B2-01,2025-03-08,0.73,23.27,1.37
PHC-DST-B2-01,2025-03-09,0.55,23.45,1.03
PHC-DST-B2-01,2025-03-10,3.12,20.88,5.83
PHC-DST-B2-01,2025-03-11,0.14,23.86,0.26
PHC-DST-B2-01,2025-03-12,2.7,21.3,5.05
PHC-DST-B2-01,2025-03-13,1.18,22.82,2.21
PHC-DST-B2-01,2025-03-14,2.69,21.31,5.03
PHC-DST-B2-01,2025-03-15,0.15,23.85,0.28
PHC-DST-B2-01,2025-03-16,1.62,22.38,3.03
PHC-DST-B2-01,2025-03-17,2.89,21.11,5.4
PHC-DST-B2-01,2025-03-18,2.33,21.67,4.36
PHC-DST-B2-01,2025-03-19,1.55,22.45,2.9
PHC-DST-B2-01,2025-03-20,0.34,23.66,0.64
PHC-DST-B2-01,2025-03-21,0.81,23.19,1.51
PHC-DST-B2-01,2025-03-22,2.84,21.16,5.31
PHC-DST-B2-01,2025-03-23,1.54,22.46,2.88
PHC-DST-B2-01,2025-03-24,1.75,22.25,3.27
PHC-DST-B2-01,2025-03-25,2.01,21.99,3.76
PHC-DST-B2-01,2025-03-26,0.82,23.18,1.53
PHC-DST-B2-01,2025-03-27,2.11,21.89,3.95
PHC-DST-B2-01,2025-03-28,1.49,22.51,2.79
PHC-DST-B2-01,2025-03-29,2.02,21.98,3.78
PHC-DST-B2-01,2025-03-30,1.37,22.63,2.56
PHC-DST-B2-01,2025-03-31,0.62,23.38,1.16
PHC-DST-B2-01,2025-04-01,1.48,22.52,2.77
PHC-DST-B2-01,2025-04-02,2.28,21.72,4.26
PHC-DST-B2-01,2025-04-03,2.1,21.9,3.93
PHC-DST-B2-01,2025-04-04,1.82,22.18,3.4
PHC-DST-B2-01,2025-04-05,2.47,21.53,4.62
PHC-DST-B2-01,2025-04-06,1.65,22.35,3.09
PHC-DST-B2-01,2025-04-07,1.84,22.16,3.44
PHC-DST-B2-01,2025-04-08,1.44,22.56,2.69
PHC-DST-B2-01,2025-04-09,2.52,,4.71
PHC-DST-B2-01,2025-04-10,2.02,21.98,3.78
PHC-DST-B2-01,2025-04-11,1.38,22.62,2.58
PHC-DST-B2-01,2025-04-12,0.68,23.32,1.27
PHC-DST-B2-01,2025-04-13,2.63,21.37,4.92
PHC-DST-B2-01,2025-04-14,1.24,22.76,2.32
PHC-DST-B2-01,2025-04-15,1.85,22.15,3.46
PHC-DST-B2-01,2025-04-16,3.56,20.44,6.66
PHC-DST-B2-01,2025-04-17,2.4,21.6,4.49
PHC-DST-B2-01,2025-04-18,3.01,20.99,5.63
PHC-DST-B2-01,2025-04-19,1.4,22.6,2.62
PHC-DST-B2-01,2025-04-20,2.6,21.4,4.86
PHC-DST-B2-01,2025-04-21,1.82,22.18,3.4
PHC-DST-B2-01,2025-04-22,2.07,21.93,3.87
PHC-DST-B2-01,2025-04-23,3.32,20.68,6.21
PHC-DST-B2-01,2025-04-24,1.59,22.41,2.97
PHC-DST-B2-01,2025-04-25,1.81,22.19,3.38
PHC-DST-B2-01,2025-04-26,1.12,22.88,2.09
PHC-DST-B2-01,2025-04-27,2.47,21.53,4.62
PHC-DST-B2-01,2025-04-28,1.38,22.62,2.58
PHC-DST-B2-01,2025-04-29,2.57,21.43,4.81
PHC-DST-B2-01,2025-04-30,0.56,23.44,1.05
PHC-DST-B2-01,2025-05-01,2.21,21.79,4.13
PHC-DST-B2-01,2025-05-02,1.32,22.68,2.47
PHC-DST-B2-01,2025-05-03,2.35,21.65,4.39
PHC-DST-B2-01,2025-05-04,1.79,22.21,3.35
PHC-DST-B2-01,2025-05-05,1.4,22.6,2.62
PHC-DST-B2-01,2025-05-06,1.51,22.49,2.82
PHC-DST-B2-01,2025-05-07,1.16,22.84,2.17
PHC-DST-B2-01,2025-05-08,2.43,21.57,4.54
PHC-DST-B2-01,2025-05-09,1.01,22.99,1.89
PHC-DST-B2-01,2025-05-10,1.6,22.4,2.99
PHC-DST-B2-01,2025-05-11,2.06,21.94,3.85
PHC-DST-B2-01,2025-05-12,3.01,20.99,5.63
PHC-DST-B2-01,2025-05-13,1.79,22.21,3.35
PHC-DST-B2-01,2025-05-14,1.62,22.38,3.03
PHC-DST-B2-01,2025-05-15,2.01,21.99,3.76
PHC-DST-B2-01,2025-05-16,0.24,23.76,0.45
PHC-DST-B2-01,2025-05-17,0.9,23.1,1.68
PHC-DST-B2-01,2025-05-18,1.52,22.48,2.84
PHC-DST-B2-01,2025-05-19,1.27,22.73,2.37
PHC-DST-B2-01,2025-05-20,0.6,23.4,1.12
PHC-DST-B2-01,2025-05-21,2.44,21.56,4.56
PHC-DST-B2-01,2025-05-22,1.99,22.01,3.72
PHC-DST-B2-01,2025-05-23,1.91,22.09,3.57
PHC-DST-B2-01,2025-05-24,1.28,22.72,2.39
PHC-DST-B2-01,2025-05-25,1.86,,3.48
PHC-DST-B2-01,2025-05-26,2.19,21.81,4.1
PHC-DST-B2-01,2025-05-27,1.6,22.4,2.99
PHC-DST-B2-01,2025-05-28,2.13,21.87,3.98
PHC-DST-B2-01,2025-05-29,1.2,22.8,2.24
PHC-DST-B2-01,2025-05-30,1.87,22.13,3.5
PHC-DST-B2-01,2025-05-31,2.66,21.34,4.97
PHC-DST-B2-01,2025-06-01,,21.28,5.09
PHC-DST-B2-01,2025-06-02,2.8,21.2,5.24
PHC-DST-B2-01,2025-06-03,2.01,21.99,3.76
PHC-DST-B2-01,2025-06-04,1.82,22.18,3.4
PHC-DST-B2-01,2025-06-05,1.46,22.54,2.73
PHC-DST-B2-01,2025-06-06,0.44,23.56,0.82
PHC-DST-B2-01,2025-06-07,0.79,23.21,1.48
PHC-DST-B2-01,2025-06-08,1.67,22.33,3.12
PHC-DST-B2-01,2025-06-09,1.72,22.28,3.22
PHC-DST-B2-01,2025-06-10,2.86,21.14,5.35
PHC-DST-B2-01,2025-06-11,2.79,21.21,5.22
PHC-DST-B2-01,2025-06-12,1.29,22.71,2.41
PHC-DST-B2-01,2025-06-13,2.41,21.59,4.51
PHC-DST-B2-01,2025-06-14,1.44,22.56,2.69
PHC-DST-B2-01,2025-06-15,2.31,21.69,4.32
PHC-DST-B2-01,2025-06-16,2.4,21.6,4.49
PHC-DST-B2-01,2025-06-17,2.73,21.27,5.11
PHC-DST-B2-01,2025-06-18,1.43,22.57,2.67
PHC-DST-B2-01,2025-06-19,2.56,21.44,4.79
PHC-DST-B2-01,2025-06-20,0.4,23.6,0.75
PHC-DST-B2-01,2025-06-21,2.77,21.23,5.18
PHC-DST-B2-01,2025-06-22,1.78,22.22,3.33
PHC-DST-B2-01,2025-06-23,1.8,22.2,3.37
PHC-DST-B2-01,2025-06-24,0.27,23.73,0.5
PHC-DST-B2-01,2025-06-25,1.51,22.49,2.82
PHC-DST-B2-01,2025-06-26,2.82,21.18,5.27
PHC-DST-B2-01,2025-06-27,1.48,22.52,2.77
PHC-DST-B2-01,2025-06-28,2.34,21.66,4.38
PHC-DST-B2-01,2025-06-29,,22.17,3.42
PHC-DST-B2-01,2025-06-30,2.6,21.4,4.86
PHC-DST-B2-02,2024-07-01,1.94,22.06,4.27
PHC-DST-B2-02,2024-07-02,1.1,22.9,2.42
PHC-DST-B2-02,2024-07-03,6.39,17.61,14.06
PHC-DST-B2-02,2024-07-04,4.82,19.18,10.6
PHC-DST-B2-02,2024-07-05,3.49,20.51,7.68
PHC-DST-B2-02,2024-07-06,6.47,17.53,14.23
PHC-DST-B2-02,2024-07-07,5.84,18.16,12.85
PHC-DST-B2-02,2024-07-08,2.37,21.63,5.21
PHC-DST-B2-02,2024-07-09,0.16,23.84,0.35
PHC-DST-B2-02,2024-07-10,2.1,21.9,4.62
PHC-DST-B2-02,2024-07-11,4.51,19.49,9.92
PHC-DST-B2-02,2024-07-12,1.65,22.35,3.63
PHC-DST-B2-02,2024-07-13,3.37,20.63,7.41
PHC-DST-B2-02,2024-07-14,2.73,21.27,6.01
PHC-DST-B2-02,2024-07-15,2.15,21.85,4.73
PHC-DST-B2-02,2024-07-16,0.0,24.0,0.0
PHC-DST-B2-02,2024-07-17,1.37,22.63,3.01
PHC-DST-B2-02,2024-07-18,2.46,21.54,5.41
PHC-DST-B2-02,2024-07-19,5.8,18.2,12.76
PHC-DST-B2-02,2024-07-20,2.59,21.41,5.7
PHC-DST-B2-02,2024-07-21,,23.22,1.72
PHC-DST-B2-02,2024-07-22,1.69,22.31,3.72
PHC-DST-B2-02,2024-07-23,1.46,22.54,3.21
PHC-DST-B2-02,2024-07-24,0.76,23.24,1.67
PHC-DST-B2-02,2024-07-25,0.71,23.29,1.56
PHC-DST-B2-02,2024-07-26,1.2,22.8,2.64
PHC-DST-B2-02,2024-07-27,1.32,22.68,2.9
PHC-DST-B2-02,2024-07-28,2.01,21.99,4.42
PHC-DST-B2-02,2024-07-29,,16.48,16.54
PHC-DST-B2-02,2024-07-30,5.12,18.88,11.26
PHC-DST-B2-02,2024-07-31,2.25,,4.95
PHC-DST-B2-02,2024-08-01,7.05,16.95,15.51
PHC-DST-B2-02,2024-08-02,3.22,20.78,7.08
PHC-DST-B2-02,2024-08-03,0.05,23.95,0.11
PHC-DST-B2-02,2024-08-04,0.4,23.6,0.88
PHC-DST-B2-02,2024-08-05,2.09,21.91,4.6
PHC-DST-B2-02,2024-08-06,6.47,17.53,14.23
PHC-DST-B2-02,2024-08-07,1.01,22.99,2.22
PHC-DST-B2-02,2024-08-08,6.66,17.34,14.65
PHC-DST-B2-02,2024-08-09,2.71,21.29,5.96
PHC-DST-B2-02,2024-08-10,3.03,,6.67
PHC-DST-B2-02,2024-08-11,6.71,17.29,14.76
PHC-DST-B2-02,2024-08-12,0.61,23.39,1.34
PHC-DST-B2-02,2024-08-13,0.77,23.23,1.69
PHC-DST-B2-02,2024-08-14,0.72,23.28,1.58
PHC-DST-B2-02,2024-08-15,2.77,21.23,6.09
PHC-DST-B2-02,2024-08-16,2.11,21.89,4.64
PHC-DST-B2-02,2024-08-17,1.86,22.14,4.09
PHC-DST-B2-02,2024-08-18,4.31,19.69,9.48
PHC-DST-B2-02,2024-08-19,11.69,12.31,25.72
PHC-DST-B2-02,2024-08-20,11.46,12.54,25.21
PHC-DST-B2-02,2024-08-21,2.23,21.77,4.91
PHC-DST-B2-02,2024-08-22,1.48,22.52,3.26
PHC-DST-B2-02,2024-08-23,1.97,22.03,4.33
PHC-DST-B2-02,2024-08-24,1.71,22.29,3.76
PHC-DST-B2-02,2024-08-25,4.65,19.35,10.23
PHC-DST-B2-02,2024-08-26,1.14,22.86,2.51
PHC-DST-B2-02,2024-08-27,2.04,21.96,4.49
PHC-DST-B2-02,2024-08-28,2.07,21.93,4.55
PHC-DST-B2-02,2024-08-29,2.18,21.82,4.8
PHC-DST-B2-02,2024-08-30,2.58,21.42,5.68
PHC-DST-B2-02,2024-08-31,1.34,22.66,2.95
PHC-DST-B2-02,2024-09-01,2.3,21.7,5.06
PHC-DST-B2-02,2024-09-02,0.51,23.49,1.12
PHC-DST-B2-02,2024-09-03,1.71,22.29,3.76
PHC-DST-B2-02,2024-09-04,1.59,22.41,3.5
PHC-DST-B2-02,2024-09-05,2.89,21.11,6.36
PHC-DST-B2-02,2024-09-06,4.8,19.2,10.56
PHC-DST-B2-02,2024-09-07,7.47,16.53,16.43
PHC-DST-B2-02,2024-09-08,8.69,15.31,19.12
PHC-DST-B2-02,2024-09-09,1.3,22.7,2.86
PHC-DST-B2-02,2024-09-10,12.43,11.57,27.35
PHC-DST-B2-02,2024-09-11,0.61,23.39,1.34
PHC-DST-B2-02,2024-09-12,1.41,22.59,3.1
PHC-DST-B2-02,2024-09-13,2.1,21.9,4.62
PHC-DST-B2-02,2024-09-14,1.86,22.14,4.09
PHC-DST-B2-02,2024-09-15,5.18,18.82,11.4
PHC-DST-B2-02,2024-09-16,2.57,21.43,5.65
PHC-DST-B2-02,2024-09-17,8.17,15.83,17.97
PHC-DST-B2-02,2024-09-18,1.06,22.94,2.33
PHC-DST-B2-02,2024-09-19,2.76,21.24,6.07
PHC-DST-B2-02,2024-09-20,1.77,22.23,3.89
PHC-DST-B2-02,2024-09-21,2.99,21.01,6.58
PHC-DST-B2-02,2024-09-22,4.95,19.05,10.89
PHC-DST-B2-02,2024-09-23,7.33,16.67,16.13
PHC-DST-B2-02,2024-09-24,3.3,20.7,7.26
PHC-DST-B2-02,2024-09-25,10.98,13.02,24.16
PHC-DST-B2-02,2024-09-26,,,6.56
PHC-DST-B2-02,2024-09-27,5.92,18.08,13.02
PHC-DST-B2-02,2024-09-28,7.13,16.87,15.69
PHC-DST-B2-02,2024-09-29,1.75,22.25,3.85
PHC-DST-B2-02,2024-09-30,0.84,23.16,1.85
PHC-DST-B2-02,2024-10-01,1.46,22.54,3.21
PHC-DST-B2-02,2024-10-02,2.12,21.88,4.66
PHC-DST-B2-02,2024-10-03,0.83,23.17,1.83
PHC-DST-B2-02,2024-10-04,1.4,22.6,3.08
PHC-DST-B2-02,2024-10-05,1.48,22.52,3.26
PHC-DST-B2-02,2024-10-06,1.85,,4.07
PHC-DST-B2-02,2024-10-07,2.91,21.09,6.4
PHC-DST-B2-02,2024-10-08,1.58,22.42,3.48
PHC-DST-B2-02,2024-10-09,1.28,22.72,2.82
PHC-DST-B2-02,2024-10-10,3.86,20.14,8.49
PHC-DST-B2-02,2024-10-11,1.48,22.52,3.26
PHC-DST-B2-02,2024-10-12,1.66,22.34,3.65
PHC-DST-B2-02,2024-10-13,1.53,22.47,3.37
PHC-DST-B2-02,2024-10-14,1.59,22.41,3.5
PHC-DST-B2-02,2024-10-15,1.86,22.14,4.09
PHC-DST-B2-02,2024-10-16,2.49,21.51,5.48
PHC-DST-B2-02,2024-10-17,2.1,21.9,4.62
PHC-DST-B2-02,2024-10-18,2.61,21.39,5.74
PHC-DST-B2-02,2024-10-19,2.58,21.42,5.68
PHC-DST-B2-02,2024-10-20,1.96,22.04,4.31
PHC-DST-B2-02,2024-10-21,2.08,21.92,4.58
PHC-DST-B2-02,2024-10-22,2.63,21.37,5.79
PHC-DST-B2-02,2024-10-23,0.97,23.03,2.13
PHC-DST-B2-02,2024-10-24,3.67,20.33,8.07
PHC-DST-B2-02,2024-10-25,1.42,22.58,3.12
PHC-DST-B2-02,2024-10-26,1.54,22.46,3.39
PHC-DST-B2-02,2024-10-27,0.89,23.11,1.96
PHC-DST-B2-02,2024-10-28,0.91,23.09,2.0
PHC-DST-B2-02,2024-10-29,2.53,21.47,5.57
PHC-DST-B2-02,2024-10-30,3.5,20.5,7.7
PHC-DST-B2-02,2024-10-31,1.37,22.63,3.01
PHC-DST-B2-02,2024-11-01,2.06,21.94,4.53
PHC-DST-B2-02,2024-11-02,1.97,22.03,4.33
PHC-DST-B2-02,2024-11-03,2.55,21.45,5.61
PHC-DST-B2-02,2024-11-04,3.46,20.54,7.61
PHC-DST-B2-02,2024-11-05,2.94,21.06,6.47
PHC-DST-B2-02,2024-11-06,1.62,22.38,3.56
PHC-DST-B2-02,2024-11-07,2.2,21.8,4.84
PHC-DST-B2-02,2024-11-08,2.27,21.73,4.99
PHC-DST-B2-02,2024-11-09,1.78,22.22,3.92
PHC-DST-B2-02,2024-11-10,0.98,23.02,2.16
PHC-DST-B2-02,2024-11-11,1.2,22.8,2.64
PHC-DST-B2-02,2024-11-12,2.66,21.34,5.85
PHC-DST-B2-02,2024-11-13,2.74,21.26,6.03
PHC-DST-B2-02,2024-11-14,1.64,22.36,3.61
PHC-DST-B2-02,2024-11-15,2.0,22.0,4.4
PHC-DST-B2-02,2024-11-16,2.7,21.3,5.94
PHC-DST-B2-02,2024-11-17,0.52,23.48,1.14
PHC-DST-B2-02,2024-11-18,1.47,22.53,3.23
PHC-DST-B2-02,2024-11-19,3.31,20.69,7.28
PHC-DST-B2-02,2024-11-20,2.02,21.98,4.44
PHC-DST-B2-02,2024-11-21,0.95,23.05,2.09
PHC-DST-B2-02,2024-11-22,1.89,22.11,4.16
PHC-DST-B2-02,2024-11-23,2.57,21.43,5.65
PHC-DST-B2-02,2024-11-24,0.0,24.0,0.0
PHC-DST-B2-02,2024-11-25,1.93,22.07,4.25
PHC-DST-B2-02,2024-11-26,1.52,22.48,3.34
PHC-DST-B2-02,2024-11-27,0.57,23.43,1.25
PHC-DST-B2-02,2024-11-28,1.86,22.14,4.09
PHC-DST-B2-02,2024-11-29,1.7,22.3,3.74
PHC-DST-B2-02,2024-11-30,1.78,22.22,3.92
PHC-DST-B2-02,2024-12-01,1.54,22.46,3.39
PHC-DST-B2-02,2024-12-02,1.03,,2.27
PHC-DST-B2-02,2024-12-03,0.71,23.29,1.56
PHC-DST-B2-02,2024-12-04,1.28,22.72,2.82
PHC-DST-B2-02,2024-12-05,2.44,21.56,5.37
PHC-DST-B2-02,2024-12-06,1.97,22.03,4.33
PHC-DST-B2-02,2024-12-07,1.75,22.25,3.85
PHC-DST-B2-02,2024-12-08,1.02,22.98,2.24
PHC-DST-B2-02,2024-12-09,,22.48,3.34
PHC-DST-B2-02,2024-12-10,2.35,21.65,5.17
PHC-DST-B2-02,2024-12-11,2.18,21.82,4.8
PHC-DST-B2-02,2024-12-12,1.44,22.56,3.17
PHC-DST-B2-02,2024-12-13,0.0,24.0,0.0
PHC-DST-B2-02,2024-12-14,1.29,22.71,2.84
PHC-DST-B2-02,2024-12-15,1.44,22.56,3.17
PHC-DST-B2-02,2024-12-16,1.12,22.88,2.46
PHC-DST-B2-02,2024-12-17,1.49,22.51,3.28
PHC-DST-B2-02,2024-12-18,2.41,21.59,5.3
PHC-DST-B2-02,2024-12-19,1.77,22.23,3.89
PHC-DST-B2-02,2024-12-20,2.54,21.46,5.59
PHC-DST-B2-02,2024-12-21,0.67,23.33,1.47
PHC-DST-B2-02,2024-12-22,1.57,22.43,3.45
PHC-DST-B2-02,2024-12-23,0.35,23.65,0.77
PHC-DST-B2-02,2024-12-24,1.48,22.52,3.26
PHC-DST-B2-02,2024-12-25,1.02,22.98,2.24
PHC-DST-B2-02,2024-12-26,2.76,21.24,6.07
PHC-DST-B2-02,2024-12-27,2.11,21.89,4.64
PHC-DST-B2-02,2024-12-28,2.56,21.44,5.63
PHC-DST-B2-02,2024-12-29,1.48,22.52,3.26
PHC-DST-B2-02,2024-12-30,1.04,22.96,2.29
PHC-DST-B2-02,2024-12-31,1.01,22.99,2.22
PHC-DST-B2-02,2025-01-01,2.0,22.0,4.4
PHC-DST-B2-02,2025-01-02,3.16,20.84,6.95
PHC-DST-B2-02,2025-01-03,2.11,21.89,4.64
PHC-DST-B2-02,2025-01-04,1.52,22.48,3.34
PHC-DST-B2-02,2025-01-05,1.66,22.34,3.65
PHC-DST-B2-02,2025-01-06,1.78,,3.92
PHC-DST-B2-02,2025-01-07,3.32,20.68,7.3
PHC-DST-B2-02,2025-01-08,2.73,21.27,6.01
PHC-DST-B2-02,2025-01-09,1.99,22.01,4.38
PHC-DST-B2-02,2025-01-10,1.88,22.12,4.14
PHC-DST-B2-02,2025-01-11,2.02,21.98,4.44
PHC-DST-B2-02,2025-01-12,2.17,21.83,4.77
PHC-DST-B2-02,2025-01-13,,22.51,3.28
PHC-DST-B2-02,2025-01-14,1.17,22.83,2.57
PHC-DST-B2-02,2025-01-15,2.57,21.43,5.65
PHC-DST-B2-02,2025-01-16,1.82,22.18,4.0
PHC-DST-B2-02,2025-01-17,2.51,21.49,5.52
PHC-DST-B2-02,2025-01-18,3.03,20.97,6.67
PHC-DST-B2-02,2025-01-19,2.19,21.81,4.82
PHC-DST-B2-02,2025-01-20,2.07,21.93,4.55
PHC-DST-B2-02,2025-01-21,4.2,19.8,9.24
PHC-DST-B2-02,2025-01-22,1.96,22.04,4.31
PHC-DST-B2-02,2025-01-23,0.98,23.02,2.16
PHC-DST-B2-02,2025-01-24,1.59,22.41,3.5
PHC-DST-B2-02,2025-01-25,2.96,21.04,6.51
PHC-DST-B2-02,2025-01-26,0.83,23.17,1.83
PHC-DST-B2-02,2025-01-27,1.24,22.76,2.73
PHC-DST-B2-02,2025-01-28,2.63,21.37,5.79
PHC-DST-B2-02,2025-01-29,1.6,22.4,3.52
PHC-DST-B2-02,2025-01-30,1.72,22.28,3.78
PHC-DST-B2-02,2025-01-31,2.61,21.39,5.74
PHC-DST-B2-02,2025-02-01,1.26,22.74,2.77
PHC-DST-B2-02,2025-02-02,0.7,23.3,1.54
PHC-DST-B2-02,2025-02-03,0.76,23.24,1.67
PHC-DST-B2-02,2025-02-04,2.24,21.76,4.93
PHC-DST-B2-02,2025-02-05,1.99,22.01,4.38
PHC-DST-B2-02,2025-02-06,1.28,22.72,2.82
PHC-DST-B2-02,2025-02-07,0.93,23.07,2.05
PHC-DST-B2-02,2025-02-08,1.6,22.4,3.52
PHC-DST-B2-02,2025-02-09,2.64,21.36,5.81
PHC-DST-B2-02,2025-02-10,1.17,22.83,2.57
PHC-DST-B2-02,2025-02-11,1.3,22.7,2.86
PHC-DST-B2-02,2025-02-12,0.91,23.09,2.0
PHC-DST-B2-02,2025-02-13,1.52,22.48,3.34
PHC-DST-B2-02,2025-02-14,2.05,21.95,4.51
PHC-DST-B2-02,2025-02-15,3.39,20.61,7.46
PHC-DST-B2-02,2025-02-16,1.96,22.04,4.31
PHC-DST-B2-02,2025-02-17,1.76,22.24,3.87
PHC-DST-B2-02,2025-02-18,2.45,21.55,5.39
PHC-DST-B2-02,2025-02-19,2.32,21.68,5.1
PHC-DST-B2-02,2025-02-20,1.37,22.63,3.01
PHC-DST-B2-02,2025-02-21,3.53,20.47,7.77
PHC-DST-B2-02,2025-02-22,1.78,22.22,3.92
PHC-DST-B2-02,2025-02-23,1.98,22.02,4.36
PHC-DST-B2-02,2025-02-24,2.21,21.79,4.86
PHC-DST-B2-02,2025-02-25,2.06,21.94,4.53
PHC-DST-B2-02,2025-02-26,2.94,21.06,6.47
PHC-DST-B2-02,2025-02-27,1.36,22.64,2.99
PHC-DST-B2-02,2025-02-28,2.39,21.61,5.26
PHC-DST-B2-02,2025-03-01,1.92,22.08,4.22
PHC-DST-B2-02,2025-03-02,2.54,21.46,5.59
PHC-DST-B2-02,2025-03-03,1.64,22.36,3.61
PHC-DST-B2-02,2025-03-04,1.54,22.46,3.39
PHC-DST-B2-02,2025-03-05,2.35,21.65,5.17
PHC-DST-B2-02,2025-03-06,2.07,21.93,4.55
PHC-DST-B2-02,2025-03-07,1.18,22.82,2.6
PHC-DST-B2-02,2025-03-08,2.81,21.19,6.18
PHC-DST-B2-02,2025-03-09,2.35,21.65,5.17
PHC-DST-B2-02,2025-03-10,1.74,22.26,3.83
PHC-DST-B2-02,2025-03-11,1.45,22.55,3.19
PHC-DST-B2-02,2025-03-12,2.07,21.93,4.55
PHC-DST-B2-02,2025-03-13,2.3,21.7,5.06
PHC-DST-B2-02,2025-03-14,0.6,23.4,1.32
PHC-DST-B2-02,2025-03-15,,21.92,4.58
PHC-DST-B2-02,2025-03-16,2.29,21.71,5.04
PHC-DST-B2-02,2025-03-17,0.04,23.96,0.09
PHC-DST-B2-02,2025-03-18,1.95,22.05,4.29
PHC-DST-B2-02,2025-03-19,2.32,21.68,5.1
PHC-DST-B2-02,2025-03-20,2.24,21.76,4.93
PHC-DST-B2-02,2025-03-21,2.4,21.6,5.28
PHC-DST-B2-02,2025-03-22,,22.45,3.41
PHC-DST-B2-02,2025-03-23,1.02,22.98,2.24
PHC-DST-B2-02,2025-03-24,0.45,23.55,0.99
PHC-DST-B2-02,2025-03-25,2.62,21.38,5.76
PHC-DST-B2-02,2025-03-26,2.33,21.67,5.13
PHC-DST-B2-02,2025-03-27,2.68,21.32,5.9
PHC-DST-B2-02,2025-03-28,1.26,22.74,2.77
PHC-DST-B2-02,2025-03-29,2.4,21.6,5.28
PHC-DST-B2-02,2025-03-30,0.67,23.33,1.47
PHC-DST-B2-02,2025-03-31,1.15,22.85,2.53
PHC-DST-B2-02,2025-04-01,1.89,22.11,4.16
PHC-DST-B2-02,2025-04-02,2.3,21.7,5.06
PHC-DST-B2-02,2025-04-03,3.06,20.94,6.73
PHC-DST-B2-02,2025-04-04,1.62,22.38,3.56
PHC-DST-B2-02,2025-04-05,1.15,22.85,2.53
PHC-DST-B2-02,2025-04-06,1.11,22.89,2.44
PHC-DST-B2-02,2025-04-07,1.28,22.72,2.82
PHC-DST-B2-02,2025-04-08,3.47,20.53,7.63
PHC-DST-B2-02,2025-04-09,2.37,21.63,5.21
PHC-DST-B2-02,2025-04-10,,21.37,5.79
PHC-DST-B2-02,2025-04-11,1.62,22.38,3.56
PHC-DST-B2-02,2025-04-12,1.8,22.2,3.96
PHC-DST-B2-02,2025-04-13,2.32,21.68,5.1
PHC-DST-B2-02,2025-04-14,1.42,22.58,3.12
PHC-DST-B2-02,2025-04-15,1.58,22.42,3.48
PHC-DST-B2-02,2025-04-16,1.29,22.71,2.84
PHC-DST-B2-02,2025-04-17,1.46,22.54,3.21
PHC-DST-B2-02,2025-04-18,1.84,22.16,4.05
PHC-DST-B2-02,2025-04-19,1.18,22.82,2.6
PHC-DST-B2-02,2025-04-20,2.01,21.99,4.42
PHC-DST-B2-02,2025-04-21,2.01,21.99,4.42
PHC-DST-B2-02,2025-04-22,1.67,22.33,3.67
PHC-DST-B2-02,2025-04-23,1.18,22.82,2.6
PHC-DST-B2-02,2025-04-24,1.88,22.12,4.14
PHC-DST-B2-02,2025-04-25,1.42,22.58,3.12
PHC-DST-B2-02,2025-04-26,1.83,22.17,4.03
PHC-DST-B2-02,2025-04-27,2.62,21.38,5.76
PHC-DST-B2-02,2025-04-28,0.86,23.14,1.89
PHC-DST-B2-02,2025-04-29,3.43,20.57,7.55
PHC-DST-B2-02,2025-04-30,1.75,22.25,3.85
PHC-DST-B2-02,2025-05-01,2.11,21.89,4.64
PHC-DST-B2-02,2025-05-02,1.24,22.76,2.73
PHC-DST-B2-02,2025-05-03,2.66,21.34,5.85
PHC-DST-B2-02,2025-05-04,1.71,22.29,3.76
PHC-DST-B2-02,2025-05-05,1.5,22.5,3.3
PHC-DST-B2-02,2025-05-06,1.37,22.63,3.01
PHC-DST-B2-02,2025-05-07,1.6,22.4,3.52
PHC-DST-B2-02,2025-05-08,2.11,21.89,4.64
PHC-DST-B2-02,2025-05-09,1.93,22.07,4.25
PHC-DST-B2-02,2025-05-10,1.77,22.23,3.89
PHC-DST-B2-02,2025-05-11,1.27,22.73,2.79
PHC-DST-B2-02,2025-05-12,1.22,22.78,2.68
PHC-DST-B2-02,2025-05-13,1.45,22.55,3.19
PHC-DST-B2-02,2025-05-14,2.15,21.85,4.73
PHC-DST-B2-02,2025-05-15,2.3,21.7,5.06
PHC-DST-B2-02,2025-05-16,2.4,21.6,5.28
PHC-DST-B2-02,2025-05-17,1.8,22.2,3.96
PHC-DST-B2-02,2025-05-18,2.09,21.91,4.6
PHC-DST-B2-02,2025-05-19,1.67,22.33,3.67
PHC-DST-B2-02,2025-05-20,0.49,23.51,1.08
PHC-DST-B2-02,2025-05-21,1.64,,3.61
PHC-DST-B2-02,2025-05-22,,22.48,3.34
PHC-DST-B2-02,2025-05-23,1.02,22.98,2.24
PHC-DST-B2-02,2025-05-24,1.37,22.63,3.01
PHC-DST-B2-02,2025-05-25,1.9,22.1,4.18
PHC-DST-B2-02,2025-05-26,0.95,23.05,2.09
PHC-DST-B2-02,2025-05-27,1.27,22.73,2.79
PHC-DST-B2-02,2025-05-28,2.96,21.04,6.51
PHC-DST-B2-02,2025-05-29,0.6,23.4,1.32
PHC-DST-B2-02,2025-05-30,1.66,22.34,3.65
PHC-DST-B2-02,2025-05-31,0.93,23.07,2.05
PHC-DST-B2-02,2025-06-01,1.24,22.76,2.73
PHC-DST-B2-02,2025-06-02,1.65,22.35,3.63
PHC-DST-B2-02,2025-06-03,1.06,22.94,2.33
PHC-DST-B2-02,2025-06-04,2.23,21.77,4.91
PHC-DST-B2-02,2025-06-05,2.81,21.19,6.18
PHC-DST-B2-02,2025-06-06,2.43,21.57,5.35
PHC-DST-B2-02,2025-06-07,2.57,21.43,5.65
PHC-DST-B2-02,2025-06-08,0.77,23.23,1.69
PHC-DST-B2-02,2025-06-09,1.62,22.38,3.56
PHC-DST-B2-02,2025-06-10,2.15,21.85,4.73
PHC-DST-B2-02,2025-06-11,2.45,21.55,5.39
PHC-DST-B2-02,2025-06-12,3.12,20.88,6.86
PHC-DST-B2-02,2025-06-13,2.6,21.4,5.72
PHC-DST-B2-02,2025-06-14,2.47,,5.43
PHC-DST-B2-02,2025-06-15,3.78,20.22,8.32
PHC-DST-B2-02,2025-06-16,1.87,22.13,4.11
PHC-DST-B2-02,2025-06-17,1.58,22.42,3.48
PHC-DST-B2-02,2025-06-18,1.93,22.07,4.25
PHC-DST-B2-02,2025-06-19,1.11,22.89,2.44
PHC-DST-B2-02,2025-06-20,1.85,22.15,4.07
PHC-DST-B2-02,2025-06-21,0.5,23.5,1.1
PHC-DST-B2-02,2025-06-22,1.4,22.6,3.08
PHC-DST-B2-02,2025-06-23,1.71,22.29,3.76
PHC-DST-B2-02,2025-06-24,2.51,21.49,5.52
PHC-DST-B2-02,2025-06-25,2.63,,5.79
PHC-DST-B2-02,2025-06-26,1.08,22.92,2.38
PHC-DST-B2-02,2025-06-27,3.36,20.64,7.39
PHC-DST-B2-02,2025-06-28,1.91,22.09,4.2
PHC-DST-B2-02,2025-06-29,1.98,22.02,4.36
PHC-DST-B2-02,2025-06-30,0.59,23.41,1.3
PHC-DST-B2-03,2024-07-01,1.33,22.67,2.49
PHC-DST-B2-03,2024-07-02,2.59,21.41,4.84
PHC-DST-B2-03,2024-07-03,4.85,19.15,9.07
PHC-DST-B2-03,2024-07-04,5.08,18.92,9.5
PHC-DST-B2-03,2024-07-05,1.73,22.27,3.24
PHC-DST-B2-03,2024-07-06,5.81,18.19,10.86
PHC-DST-B2-03,2024-07-07,8.6,15.4,16.08
PHC-DST-B2-03,2024-07-08,0.86,23.14,1.61
PHC-DST-B2-03,2024-07-09,1.07,22.93,2.0
PHC-DST-B2-03,2024-07-10,3.2,20.8,5.98
PHC-DST-B2-03,2024-07-11,5.63,18.37,10.53
PHC-DST-B2-03,2024-07-12,1.76,22.24,3.29
PHC-DST-B2-03,2024-07-13,6.02,17.98,11.26
PHC-DST-B2-03,2024-07-14,1.95,22.05,3.65
PHC-DST-B2-03,2024-07-15,1.81,22.19,3.38
PHC-DST-B2-03,2024-07-16,0.93,23.07,1.74
PHC-DST-B2-03,2024-07-17,2.0,22.0,3.74
PHC-DST-B2-03,2024-07-18,1.4,22.6,2.62
PHC-DST-B2-03,2024-07-19,8.11,15.89,15.17
PHC-DST-B2-03,2024-07-20,3.43,20.57,6.41
PHC-DST-B2-03,2024-07-21,,20.74,6.1
PHC-DST-B2-03,2024-07-22,2.29,21.71,4.28
PHC-DST-B2-03,2024-07-23,1.6,22.4,2.99
PHC-DST-B2-03,2024-07-24,1.75,22.25,3.27
PHC-DST-B2-03,2024-07-25,2.1,21.9,3.93
PHC-DST-B2-03,2024-07-26,1.48,22.52,2.77
PHC-DST-B2-03,2024-07-27,2.79,21.21,5.22
PHC-DST-B2-03,2024-07-28,0.27,23.73,0.5
PHC-DST-B2-03,2024-07-29,6.76,17.24,12.64
PHC-DST-B2-03,2024-07-30,6.2,17.8,11.59
PHC-DST-B2-03,2024-07-31,2.25,21.75,4.21
PHC-DST-B2-03,2024-08-01,6.31,17.69,11.8
PHC-DST-B2-03,2024-08-02,0.77,23.23,1.44
PHC-DST-B2-03,2024-08-03,1.09,22.91,2.04
PHC-DST-B2-03,2024-08-04,0.65,23.35,1.22
PHC-DST-B2-03,2024-08-05,0.7,23.3,1.31
PHC-DST-B2-03,2024-08-06,8.51,15.49,15.91
PHC-DST-B2-03,2024-08-07,1.57,22.43,2.94
PHC-DST-B2-03,2024-08-08,4.92,19.08,9.2
PHC-DST-B2-03,2024-08-09,2.28,21.72,4.26
PHC-DST-B2-03,2024-08-10,3.21,20.79,6.0
PHC-DST-B2-03,2024-08-11,8.49,15.51,15.88
PHC-DST-B2-03,2024-08-12,2.07,21.93,3.87
PHC-DST-B2-03,2024-08-13,1.81,22.19,3.38
PHC-DST-B2-03,2024-08-14,2.1,21.9,3.93
PHC-DST-B2-03,2024-08-15,2.09,21.91,3.91
PHC-DST-B2-03,2024-08-16,3.19,20.81,5.97
PHC-DST-B2-03,2024-08-17,2.19,21.81,4.1
PHC-DST-B2-03,2024-08-18,4.59,19.41,8.58
PHC-DST-B2-03,2024-08-19,12.87,11.13,24.07
PHC-DST-B2-03,2024-08-20,17.16,6.84,32.09
PHC-DST-B2-03,2024-08-21,0.0,24.0,0.0
PHC-DST-B2-03,2024-08-22,1.97,22.03,3.68
PHC-DST-B2-03,2024-08-23,2.0,22.0,3.74
PHC-DST-B2-03,2024-08-24,1.63,22.37,3.05
PHC-DST-B2-03,2024-08-25,6.25,17.75,11.69
PHC-DST-B2-03,2024-08-26,1.61,22.39,3.01
PHC-DST-B2-03,2024-08-27,1.97,22.03,3.68
PHC-DST-B2-03,2024-08-28,1.43,22.57,2.67
PHC-DST-B2-03,2024-08-29,3.32,20.68,6.21
PHC-DST-B2-03,2024-08-30,1.61,22.39,3.01
PHC-DST-B2-03,2024-08-31,2.23,21.77,4.17
PHC-DST-B2-03,2024-09-01,1.3,22.7,2.43
PHC-DST-B2-03,2024-09-02,2.5,21.5,4.67
PHC-DST-B2-03,2024-09-03,2.35,21.65,4.39
PHC-DST-B2-03,2024-09-04,2.11,21.89,3.95
PHC-DST-B2-03,2024-09-05,1.03,22.97,1.93
PHC-DST-B2-03,2024-09-06,7.6,16.4,14.21
PHC-DST-B2-03,2024-09-07,5.16,18.84,9.65
PHC-DST-B2-03,2024-09-08,7.04,16.96,13.16
PHC-DST-B2-03,2024-09-09,1.29,22.71,2.41
PHC-DST-B2-03,2024-09-10,10.49,13.51,19.62
PHC-DST-B2-03,2024-09-11,1.38,22.62,2.58
PHC-DST-B2-03,2024-09-12,2.1,21.9,3.93
PHC-DST-B2-03,2024-09-13,1.85,22.15,3.46
PHC-DST-B2-03,2024-09-14,0.98,23.02,1.83
PHC-DST-B2-03,2024-09-15,6.09,17.91,11.39
PHC-DST-B2-03,2024-09-16,2.28,21.72,4.26
PHC-DST-B2-03,2024-09-17,6.36,17.64,11.89
PHC-DST-B2-03,2024-09-18,2.0,22.0,3.74
PHC-DST-B2-03,2024-09-19,3.11,20.89,5.82
PHC-DST-B2-03,2024-09-20,1.68,22.32,3.14
PHC-DST-B2-03,2024-09-21,1.09,22.91,2.04
PHC-DST-B2-03,2024-09-22,6.24,17.76,11.67
PHC-DST-B2-03,2024-09-23,6.09,17.91,11.39
PHC-DST-B2-03,2024-09-24,4.32,19.68,8.08
PHC-DST-B2-03,2024-09-25,16.44,7.56,30.74
PHC-DST-B2-03,2024-09-26,2.49,21.51,4.66
PHC-DST-B2-03,2024-09-27,,19.82,7.82
PHC-DST-B2-03,2024-09-28,6.27,17.73,11.72
PHC-DST-B2-03,2024-09-29,0.09,23.91,0.17
PHC-DST-B2-03,2024-09-30,0.36,23.64,0.67
PHC-DST-B2-03,2024-10-01,1.68,22.32,3.14
PHC-DST-B2-03,2024-10-02,2.0,22.0,3.74
PHC-DST-B2-03,2024-10-03,1.46,22.54,2.73
PHC-DST-B2-03,2024-10-04,2.95,21.05,5.52
PHC-DST-B2-03,2024-10-05,2.15,21.85,4.02
PHC-DST-B2-03,2024-10-06,1.61,22.39,3.01
PHC-DST-B2-03,2024-10-07,2.84,21.16,5.31
PHC-DST-B2-03,2024-10-08,2.97,21.03,5.55
PHC-DST-B2-03,2024-10-09,2.18,21.82,4.08
PHC-DST-B2-03,2024-10-10,1.22,22.78,2.28
PHC-DST-B2-03,2024-10-11,1.39,22.61,2.6
PHC-DST-B2-03,2024-10-12,0.71,23.29,1.33
PHC-DST-B2-03,2024-10-13,1.77,22.23,3.31
PHC-DST-B2-03,2024-10-14,1.01,22.99,1.89
PHC-DST-B2-03,2024-10-15,1.55,22.45,2.9
PHC-DST-B2-03,2024-10-16,2.0,22.0,3.74
PHC-DST-B2-03,2024-10-17,0.31,23.69,0.58
PHC-DST-B2-03,2024-10-18,0.85,23.15,1.59
PHC-DST-B2-03,2024-10-19,1.42,22.58,2.66
PHC-DST-B2-03,2024-10-20,1.76,22.24,3.29
PHC-DST-B2-03,2024-10-21,1.43,22.57,2.67
PHC-DST-B2-03,2024-10-22,1.6,22.4,2.99
PHC-DST-B2-03,2024-10-23,1.27,,2.37
PHC-DST-B2-03,2024-10-24,0.71,23.29,1.33
PHC-DST-B2-03,2024-10-25,1.4,22.6,2.62
PHC-DST-B2-03,2024-10-26,1.64,22.36,3.07
PHC-DST-B2-03,2024-10-27,1.57,22.43,2.94
PHC-DST-B2-03,2024-10-28,1.88,22.12,3.52
PHC-DST-B2-03,2024-10-29,2.11,21.89,3.95
PHC-DST-B2-03,2024-10-30,2.31,21.69,4.32
PHC-DST-B2-03,2024-10-31,1.32,22.68,2.47
PHC-DST-B2-03,2024-11-01,0.62,23.38,1.16
PHC-DST-B2-03,2024-11-02,2.75,21.25,5.14
PHC-DST-B2-03,2024-11-03,2.09,21.91,3.91
PHC-DST-B2-03,2024-11-04,1.08,22.92,2.02
PHC-DST-B2-03,2024-11-05,2.01,21.99,3.76
PHC-DST-B2-03,2024-11-06,2.6,21.4,4.86
PHC-DST-B2-03,2024-11-07,3.1,20.9,5.8
PHC-DST-B2-03,2024-11-08,1.99,22.01,3.72
PHC-DST-B2-03,2024-11-09,,21.41,4.84
PHC-DST-B2-03,2024-11-10,0.89,23.11,1.66
PHC-DST-B2-03,2024-11-11,1.77,22.23,3.31
PHC-DST-B2-03,2024-11-12,1.55,22.45,2.9
PHC-DST-B2-03,2024-11-13,2.06,21.94,3.85
PHC-DST-B2-03,2024-11-14,3.01,20.99,5.63
PHC-DST-B2-03,2024-11-15,1.99,22.01,3.72
PHC-DST-B2-03,2024-11-16,1.1,22.9,2.06
PHC-DST-B2-03,2024-11-17,0.85,23.15,1.59
PHC-DST-B2-03,2024-11-18,3.03,,5.67
PHC-DST-B2-03,2024-11-19,2.19,21.81,4.1
PHC-DST-B2-03,2024-11-20,2.14,21.86,4.0
PHC-DST-B2-03,2024-11-21,1.54,22.46,2.88
PHC-DST-B2-03,2024-11-22,2.0,,3.74
PHC-DST-B2-03,2024-11-23,1.06,22.94,1.98
PHC-DST-B2-03,2024-11-24,2.09,21.91,3.91
PHC-DST-B2-03,2024-11-25,0.92,23.08,1.72
PHC-DST-B2-03,2024-11-26,1.53,22.47,2.86
PHC-DST-B2-03,2024-11-27,1.32,22.68,2.47
PHC-DST-B2-03,2024-11-28,0.0,24.0,0.0
PHC-DST-B2-03,2024-11-29,1.54,22.46,2.88
PHC-DST-B2-03,2024-11-30,1.13,22.87,2.11
PHC-DST-B2-03,2024-12-01,1.64,22.36,3.07
PHC-DST-B2-03,2024-12-02,1.8,22.2,3.37
PHC-DST-B2-03,2024-12-03,3.13,20.87,5.85
PHC-DST-B2-03,2024-12-04,2.03,21.97,3.8
PHC-DST-B2-03,2024-12-05,2.05,21.95,3.83
PHC-DST-B2-03,2024-12-06,2.17,21.83,4.06
PHC-DST-B2-03,2024-12-07,2.45,21.55,4.58
PHC-DST-B2-03,2024-12-08,2.14,21.86,4.0
PHC-DST-B2-03,2024-12-09,2.01,21.99,3.76
PHC-DST-B2-03,2024-12-10,2.33,21.67,4.36
PHC-DST-B2-03,2024-12-11,0.0,24.0,0.0
PHC-DST-B2-03,2024-12-12,3.37,20.63,6.3
PHC-DST-B2-03,2024-12-13,2.99,21.01,5.59
PHC-DST-B2-03,2024-12-14,1.96,22.04,3.67
PHC-DST-B2-03,2024-12-15,0.74,23.26,1.38
PHC-DST-B2-03,2024-12-16,2.71,21.29,5.07
PHC-DST-B2-03,2024-12-17,1.28,22.72,2.39
PHC-DST-B2-03,2024-12-18,2.2,21.8,4.11
PHC-DST-B2-03,2024-12-19,0.84,23.16,1.57
PHC-DST-B2-03,2024-12-20,3.47,20.53,6.49
PHC-DST-B2-03,2024-12-21,0.72,23.28,1.35
PHC-DST-B2-03,2024-12-22,1.85,22.15,3.46
PHC-DST-B2-03,2024-12-23,0.21,23.79,0.39
PHC-DST-B2-03,2024-12-24,1.77,22.23,3.31
PHC-DST-B2-03,2024-12-25,1.48,22.52,2.77
PHC-DST-B2-03,2024-12-26,2.65,,4.96
PHC-DST-B2-03,2024-12-27,1.48,22.52,2.77
PHC-DST-B2-03,2024-12-28,2.65,21.35,4.96
PHC-DST-B2-03,2024-12-29,1.03,22.97,1.93
PHC-DST-B2-03,2024-12-30,1.59,22.41,2.97
PHC-DST-B2-03,2024-12-31,1.6,22.4,2.99
PHC-DST-B2-03,2025-01-01,2.17,21.83,4.06
PHC-DST-B2-03,2025-01-02,2.08,21.92,3.89
PHC-DST-B2-03,2025-01-03,2.34,21.66,4.38
PHC-DST-B2-03,2025-01-04,2.0,22.0,3.74
PHC-DST-B2-03,2025-01-05,2.3,21.7,4.3
PHC-DST-B2-03,2025-01-06,1.13,22.87,2.11
PHC-DST-B2-03,2025-01-07,2.09,21.91,3.91
PHC-DST-B2-03,2025-01-08,3.01,20.99,5.63
PHC-DST-B2-03,2025-01-09,0.54,23.46,1.01
PHC-DST-B2-03,2025-01-10,2.17,21.83,4.06
PHC-DST-B2-03,2025-01-11,2.31,21.69,4.32
PHC-DST-B2-03,2025-01-12,2.9,21.1,5.42
PHC-DST-B2-03,2025-01-13,2.34,21.66,4.38
PHC-DST-B2-03,2025-01-14,1.88,22.12,3.52
PHC-DST-B2-03,2025-01-15,2.12,21.88,3.96
PHC-DST-B2-03,2025-01-16,1.25,22.75,2.34
PHC-DST-B2-03,2025-01-17,1.51,22.49,2.82
PHC-DST-B2-03,2025-01-18,0.8,23.2,1.5
PHC-DST-B2-03,2025-01-19,2.92,21.08,5.46
PHC-DST-B2-03,2025-01-20,2.14,21.86,4.0
PHC-DST-B2-03,2025-01-21,1.11,22.89,2.08
PHC-DST-B2-03,2025-01-22,2.0,22.0,3.74
PHC-DST-B2-03,2025-01-23,2.67,21.33,4.99
PHC-DST-B2-03,2025-01-24,2.54,21.46,4.75
PHC-DST-B2-03,2025-01-25,1.1,22.9,2.06
PHC-DST-B2-03,2025-01-26,0.0,24.0,0.0
PHC-DST-B2-03,2025-01-27,2.1,21.9,3.93
PHC-DST-B2-03,2025-01-28,1.13,22.87,2.11
PHC-DST-B2-03,2025-01-29,2.27,21.73,4.24
PHC-DST-B2-03,2025-01-30,2.51,21.49,4.69
PHC-DST-B2-03,2025-01-31,2.64,21.36,4.94
PHC-DST-B2-03,2025-02-01,3.11,20.89,5.82
PHC-DST-B2-03,2025-02-02,2.73,21.27,5.11
PHC-DST-B2-03,2025-02-03,3.11,20.89,5.82
PHC-DST-B2-03,2025-02-04,2.83,21.17,5.29
PHC-DST-B2-03,2025-02-05,2.9,21.1,5.42
PHC-DST-B2-03,2025-02-06,1.77,22.23,3.31
PHC-DST-B2-03,2025-02-07,0.83,23.17,1.55
PHC-DST-B2-03,2025-02-08,3.66,20.34,6.84
PHC-DST-B2-03,2025-02-09,1.85,22.15,3.46
PHC-DST-B2-03,2025-02-10,2.72,21.28,5.09
PHC-DST-B2-03,2025-02-11,1.39,22.61,2.6
PHC-DST-B2-03,2025-02-12,2.52,21.48,4.71
PHC-DST-B2-03,2025-02-13,0.0,24.0,0.0
PHC-DST-B2-03,2025-02-14,1.49,22.51,2.79
PHC-DST-B2-03,2025-02-15,1.73,22.27,3.24
PHC-DST-B2-03,2025-02-16,2.15,21.85,4.02
PHC-DST-B2-03,2025-02-17,2.6,21.4,4.86
PHC-DST-B2-03,2025-02-18,0.98,23.02,1.83
PHC-DST-B2-03,2025-02-19,2.29,21.71,4.28
PHC-DST-B2-03,2025-02-20,2.72,21.28,5.09
PHC-DST-B2-03,2025-02-21,3.56,20.44,6.66
PHC-DST-B2-03,2025-02-22,2.33,21.67,4.36
PHC-DST-B2-03,2025-02-23,1.46,,2.73
PHC-DST-B2-03,2025-02-24,0.85,23.15,1.59
PHC-DST-B2-03,2025-02-25,3.17,20.83,5.93
PHC-DST-B2-03,2025-02-26,2.35,21.65,4.39
PHC-DST-B2-03,2025-02-27,1.78,22.22,3.33
PHC-DST-B2-03,2025-02-28,0.59,23.41,1.1
PHC-DST-B2-03,2025-03-01,1.1,22.9,2.06
PHC-DST-B2-03,2025-03-02,2.27,21.73,4.24
PHC-DST-B2-03,2025-03-03,2.07,21.93,3.87
PHC-DST-B2-03,2025-03-04,0.34,23.66,0.64
PHC-DST-B2-03,2025-03-05,2.27,21.73,4.24
PHC-DST-B2-03,2025-03-06,0.62,23.38,1.16
PHC-DST-B2-03,2025-03-07,2.82,21.18,5.27
PHC-DST-B2-03,2025-03-08,1.96,22.04,3.67
PHC-DST-B2-03,2025-03-09,1.45,22.55,2.71
PHC-DST-B2-03,2025-03-10,2.54,21.46,4.75
PHC-DST-B2-03,2025-03-11,2.07,21.93,3.87
PHC-DST-B2-03,2025-03-12,2.79,21.21,5.22
PHC-DST-B2-03,2025-03-13,1.86,22.14,3.48
PHC-DST-B2-03,2025-03-14,1.9,22.1,3.55
PHC-DST-B2-03,2025-03-15,1.59,22.41,2.97
PHC-DST-B2-03,2025-03-16,2.0,22.0,3.74
PHC-DST-B2-03,2025-03-17,3.07,20.93,5.74
PHC-DST-B2-03,2025-03-18,1.42,22.58,2.66
PHC-DST-B2-03,2025-03-19,2.29,21.71,4.28
PHC-DST-B2-03,2025-03-20,1.14,22.86,2.13
PHC-DST-B2-03,2025-03-21,0.25,23.75,0.47
PHC-DST-B2-03,2025-03-22,1.96,22.04,3.67
PHC-DST-B2-03,2025-03-23,2.08,21.92,3.89
PHC-DST-B2-03,2025-03-24,1.72,22.28,3.22
PHC-DST-B2-03,2025-03-25,0.68,23.32,1.27
PHC-DST-B2-03,2025-03-26,2.03,21.97,3.8
PHC-DST-B2-03,2025-03-27,2.0,22.0,3.74
PHC-DST-B2-03,2025-03-28,1.13,22.87,2.11
PHC-DST-B2-03,2025-03-29,0.78,23.22,1.46
PHC-DST-B2-03,2025-03-30,1.61,22.39,3.01
PHC-DST-B2-03,2025-03-31,2.29,21.71,4.28
PHC-DST-B2-03,2025-04-01,2.11,21.89,3.95
PHC-DST-B2-03,2025-04-02,1.14,22.86,2.13
PHC-DST-B2-03,2025-04-03,1.9,22.1,3.55
PHC-DST-B2-03,2025-04-04,,21.53,4.62
PHC-DST-B2-03,2025-04-05,0.92,23.08,1.72
PHC-DST-B2-03,2025-04-06,1.85,22.15,3.46
PHC-DST-B2-03,2025-04-07,2.8,21.2,5.24
PHC-DST-B2-03,2025-04-08,0.84,23.16,1.57
PHC-DST-B2-03,2025-04-09,2.67,21.33,4.99
PHC-DST-B2-03,2025-04-10,3.01,20.99,5.63
PHC-DST-B2-03,2025-04-11,1.63,22.37,3.05
PHC-DST-B2-03,2025-04-12,1.54,22.46,2.88
PHC-DST-B2-03,2025-04-13,2.57,21.43,4.81
PHC-DST-B2-03,2025-04-14,1.66,22.34,3.1
PHC-DST-B2-03,2025-04-15,0.04,23.96,0.07
PHC-DST-B2-03,2025-04-16,1.73,22.27,3.24
PHC-DST-B2-03,2025-04-17,2.15,21.85,4.02
PHC-DST-B2-03,2025-04-18,2.36,21.64,4.41
PHC-DST-B2-03,2025-04-19,1.14,22.86,2.13
PHC-DST-B2-03,2025-04-20,1.6,22.4,2.99
PHC-DST-B2-03,2025-04-21,2.53,21.47,4.73
PHC-DST-B2-03,2025-04-22,1.76,22.24,3.29
PHC-DST-B2-03,2025-04-23,0.65,23.35,1.22
PHC-DST-B2-03,2025-04-24,2.73,21.27,5.11
PHC-DST-B2-03,2025-04-25,1.64,22.36,3.07
PHC-DST-B2-03,2025-04-26,2.62,21.38,4.9
PHC-DST-B2-03,2025-04-27,0.75,23.25,1.4
PHC-DST-B2-03,2025-04-28,1.71,22.29,3.2
PHC-DST-B2-03,2025-04-29,2.18,21.82,4.08
PHC-DST-B2-03,2025-04-30,1.73,22.27,3.24
PHC-DST-B2-03,2025-05-01,0.91,23.09,1.7
PHC-DST-B2-03,2025-05-02,0.01,23.99,0.02
PHC-DST-B2-03,2025-05-03,2.94,21.06,5.5
PHC-DST-B2-03,2025-05-04,1.99,22.01,3.72
PHC-DST-B2-03,2025-05-05,2.68,21.32,5.01
PHC-DST-B2-03,2025-05-06,2.5,21.5,4.67
PHC-DST-B2-03,2025-05-07,2.25,21.75,4.21
PHC-DST-B2-03,2025-05-08,1.56,22.44,2.92
PHC-DST-B2-03,2025-05-09,2.17,21.83,4.06
PHC-DST-B2-03,2025-05-10,2.87,21.13,5.37
PHC-DST-B2-03,2025-05-11,1.86,22.14,3.48
PHC-DST-B2-03,2025-05-12,3.23,20.77,6.04
PHC-DST-B2-03,2025-05-13,0.68,23.32,1.27
PHC-DST-B2-03,2025-05-14,0.59,23.41,1.1
PHC-DST-B2-03,2025-05-15,2.54,21.46,4.75
PHC-DST-B2-03,2025-05-16,1.19,22.81,2.23
PHC-DST-B2-03,2025-05-17,3.33,20.67,6.23
PHC-DST-B2-03,2025-05-18,2.8,21.2,5.24
PHC-DST-B2-03,2025-05-19,2.99,21.01,5.59
PHC-DST-B2-03,2025-05-20,2.46,21.54,4.6
PHC-DST-B2-03,2025-05-21,1.11,22.89,2.08
PHC-DST-B2-03,2025-05-22,0.56,23.44,1.05
PHC-DST-B2-03,2025-05-23,2.92,21.08,5.46
PHC-DST-B2-03,2025-05-24,0.68,23.32,1.27
PHC-DST-B2-03,2025-05-25,2.99,21.01,5.59
PHC-DST-B2-03,2025-05-26,2.3,21.7,4.3
PHC-DST-B2-03,2025-05-27,1.74,22.26,3.25
PHC-DST-B2-03,2025-05-28,2.13,21.87,3.98
PHC-DST-B2-03,2025-05-29,2.15,21.85,4.02
PHC-DST-B2-03,2025-05-30,1.65,22.35,3.09
PHC-DST-B2-03,2025-05-31,2.87,21.13,5.37
PHC-DST-B2-03,2025-06-01,2.84,21.16,5.31
PHC-DST-B2-03,2025-06-02,1.92,22.08,3.59
PHC-DST-B2-03,2025-06-03,1.35,22.65,2.52
PHC-DST-B2-03,2025-06-04,2.78,21.22,5.2
PHC-DST-B2-03,2025-06-05,0.28,23.72,0.52
PHC-DST-B2-03,2025-06-06,2.13,21.87,3.98
PHC-DST-B2-03,2025-06-07,2.35,21.65,4.39
PHC-DST-B2-03,2025-06-08,1.18,22.82,2.21
PHC-DST-B2-03,2025-06-09,2.53,21.47,4.73
PHC-DST-B2-03,2025-06-10,1.78,22.22,3.33
PHC-DST-B2-03,2025-06-11,,22.61,2.6
PHC-DST-B2-03,2025-06-12,,21.48,4.71
PHC-DST-B2-03,2025-06-13,0.99,23.01,1.85
PHC-DST-B2-03,2025-06-14,2.45,21.55,4.58
PHC-DST-B2-03,2025-06-15,0.31,23.69,0.58
PHC-DST-B2-03,2025-06-16,2.01,21.99,3.76
PHC-DST-B2-03,2025-06-17,1.83,22.17,3.42
PHC-DST-B2-03,2025-06-18,1.4,22.6,2.62
PHC-DST-B2-03,2025-06-19,2.09,21.91,3.91
PHC-DST-B2-03,2025-06-20,1.74,22.26,3.25
PHC-DST-B2-03,2025-06-21,2.59,21.41,4.84
PHC-DST-B2-03,2025-06-22,2.22,21.78,4.15
PHC-DST-B2-03,2025-06-23,2.14,21.86,4.0
PHC-DST-B2-03,2025-06-24,2.02,21.98,3.78
PHC-DST-B2-03,2025-06-25,1.45,22.55,2.71
PHC-DST-B2-03,2025-06-26,1.57,22.43,2.94
PHC-DST-B2-03,2025-06-27,1.99,22.01,3.72
PHC-DST-B2-03,2025-06-28,1.67,22.33,3.12
PHC-DST-B2-03,2025-06-29,2.63,21.37,4.92
PHC-DST-B2-03,2025-06-30,1.87,22.13,3.5
PHC-DST-B2-04,2024-07-01,2.08,21.92,3.89
PHC-DST-B2-04,2024-07-02,0.75,23.25,1.4
PHC-DST-B2-04,2024-07-03,7.22,16.78,13.5
PHC-DST-B2-04,2024-07-04,8.78,15.22,16.42
PHC-DST-B2-04,2024-07-05,2.32,21.68,4.34
PHC-DST-B2-04,2024-07-06,5.32,18.68,9.95
PHC-DST-B2-04,2024-07-07,5.86,18.14,10.96
PHC-DST-B2-04,2024-07-08,2.38,21.62,4.45
PHC-DST-B2-04,2024-07-09,2.65,21.35,4.96
PHC-DST-B2-04,2024-07-10,1.75,22.25,3.27
PHC-DST-B2-04,2024-07-11,7.54,16.46,14.1
PHC-DST-B2-04,2024-07-12,0.75,23.25,1.4
PHC-DST-B2-04,2024-07-13,6.46,17.54,12.08
PHC-DST-B2-04,2024-07-14,1.49,22.51,2.79
PHC-DST-B2-04,2024-07-15,1.63,22.37,3.05
PHC-DST-B2-04,2024-07-16,2.31,21.69,4.32
PHC-DST-B2-04,2024-07-17,1.78,22.22,3.33
PHC-DST-B2-04,2024-07-18,2.43,21.57,4.54
PHC-DST-B2-04,2024-07-19,4.76,19.24,8.9
PHC-DST-B2-04,2024-07-20,1.37,22.63,2.56
PHC-DST-B2-04,2024-07-21,2.87,21.13,5.37
PHC-DST-B2-04,2024-07-22,0.65,23.35,1.22
PHC-DST-B2-04,2024-07-23,2.03,21.97,3.8
PHC-DST-B2-04,2024-07-24,1.66,22.34,3.1
PHC-DST-B2-04,2024-07-25,2.39,21.61,4.47
PHC-DST-B2-04,2024-07-26,1.78,22.22,3.33
PHC-DST-B2-04,2024-07-27,1.81,22.19,3.38
PHC-DST-B2-04,2024-07-28,1.6,22.4,2.99
PHC-DST-B2-04,2024-07-29,6.29,17.71,11.76
PHC-DST-B2-04,2024-07-30,5.31,18.69,9.93
PHC-DST-B2-04,2024-07-31,1.82,22.18,3.4
PHC-DST-B2-04,2024-08-01,5.69,18.31,10.64
PHC-DST-B2-04,2024-08-02,1.36,22.64,2.54
PHC-DST-B2-04,2024-08-03,1.91,22.09,3.57
PHC-DST-B2-04,2024-08-04,1.81,22.19,3.38
PHC-DST-B2-04,2024-08-05,2.04,21.96,3.81
PHC-DST-B2-04,2024-08-06,6.52,17.48,12.19
PHC-DST-B2-04,2024-08-07,1.87,22.13,3.5
PHC-DST-B2-04,2024-08-08,8.07,15.93,15.09
PHC-DST-B2-04,2024-08-09,2.98,21.02,5.57
PHC-DST-B2-04,2024-08-10,2.12,21.88,3.96
PHC-DST-B2-04,2024-08-11,6.52,17.48,12.19
PHC-DST-B2-04,2024-08-12,2.52,21.48,4.71
PHC-DST-B2-04,2024-08-13,1.26,22.74,2.36
PHC-DST-B2-04,2024-08-14,2.85,21.15,5.33
PHC-DST-B2-04,2024-08-15,1.27,22.73,2.37
PHC-DST-B2-04,2024-08-16,2.14,21.86,4.0
PHC-DST-B2-04,2024-08-17,1.6,22.4,2.99
PHC-DST-B2-04,2024-08-18,7.28,16.72,13.61
PHC-DST-B2-04,2024-08-19,12.81,11.19,23.95
PHC-DST-B2-04,2024-08-20,12.44,11.56,23.26
PHC-DST-B2-04,2024-08-21,0.83,23.17,1.55
PHC-DST-B2-04,2024-08-22,2.62,21.38,4.9
PHC-DST-B2-04,2024-08-23,1.13,22.87,2.11
PHC-DST-B2-04,2024-08-24,2.36,21.64,4.41
PHC-DST-B2-04,2024-08-25,8.0,16.0,14.96
PHC-DST-B2-04,2024-08-26,3.19,20.81,5.97
PHC-DST-B2-04,2024-08-27,1.18,22.82,2.21
PHC-DST-B2-04,2024-08-28,2.26,21.74,4.23
PHC-DST-B2-04,2024-08-29,2.74,21.26,5.12
PHC-DST-B2-04,2024-08-30,1.32,22.68,2.47
PHC-DST-B2-04,2024-08-31,1.24,22.76,2.32
PHC-DST-B2-04,2024-09-01,1.58,22.42,2.95
PHC-DST-B2-04,2024-09-02,2.04,21.96,3.81
PHC-DST-B2-04,2024-09-03,0.74,23.26,1.38
PHC-DST-B2-04,2024-09-04,2.21,21.79,4.13
PHC-DST-B2-04,2024-09-05,0.74,23.26,1.38
PHC-DST-B2-04,2024-09-06,8.1,15.9,15.15
PHC-DST-B2-04,2024-09-07,6.02,17.98,11.26
PHC-DST-B2-04,2024-09-08,3.8,20.2,7.11
PHC-DST-B2-04,2024-09-09,1.98,22.02,3.7
PHC-DST-B2-04,2024-09-10,9.72,14.28,18.18
PHC-DST-B2-04,2024-09-11,1.1,22.9,2.06
PHC-DST-B2-04,2024-09-12,3.32,20.68,6.21
PHC-DST-B2-04,2024-09-13,2.76,21.24,5.16
PHC-DST-B2-04,2024-09-14,1.65,22.35,3.09
PHC-DST-B2-04,2024-09-15,5.43,18.57,10.15
PHC-DST-B2-04,2024-09-16,1.95,22.05,3.65
PHC-DST-B2-04,2024-09-17,7.83,16.17,14.64
PHC-DST-B2-04,2024-09-18,0.56,23.44,1.05
PHC-DST-B2-04,2024-09-19,0.72,23.28,1.35
PHC-DST-B2-04,2024-09-20,1.32,22.68,2.47
PHC-DST-B2-04,2024-09-21,2.79,21.21,5.22
PHC-DST-B2-04,2024-09-22,7.74,16.26,14.47
PHC-DST-B2-04,2024-09-23,5.07,18.93,9.48
PHC-DST-B2-04,2024-09-24,7.07,16.93,13.22
PHC-DST-B2-04,2024-09-25,13.69,10.31,25.6
PHC-DST-B2-04,2024-09-26,2.15,21.85,4.02
PHC-DST-B2-04,2024-09-27,6.35,17.65,11.87
PHC-DST-B2-04,2024-09-28,5.25,18.75,9.82
PHC-DST-B2-04,2024-09-29,1.9,22.1,3.55
PHC-DST-B2-04,2024-09-30,2.08,21.92,3.89
PHC-DST-B2-04,2024-10-01,2.02,21.98,3.78
PHC-DST-B2-04,2024-10-02,3.01,20.99,5.63
PHC-DST-B2-04,2024-10-03,2.08,21.92,3.89
PHC-DST-B2-04,2024-10-04,1.57,22.43,2.94
PHC-DST-B2-04,2024-10-05,2.2,21.8,4.11
PHC-DST-B2-04,2024-10-06,2.56,21.44,4.79
PHC-DST-B2-04,2024-10-07,2.38,21.62,4.45
PHC-DST-B2-04,2024-10-08,2.34,21.66,4.38
PHC-DST-B2-04,2024-10-09,0.68,23.32,1.27
PHC-DST-B2-04,2024-10-10,0.0,24.0,0.0
PHC-DST-B2-04,2024-10-11,2.76,21.24,5.16
PHC-DST-B2-04,2024-10-12,2.13,21.87,3.98
PHC-DST-B2-04,2024-10-13,1.78,22.22,3.33
PHC-DST-B2-04,2024-10-14,2.32,21.68,4.34
PHC-DST-B2-04,2024-10-15,3.25,20.75,6.08
PHC-DST-B2-04,2024-10-16,2.86,21.14,5.35
PHC-DST-B2-04,2024-10-17,2.52,21.48,4.71
PHC-DST-B2-04,2024-10-18,1.13,22.87,2.11
PHC-DST-B2-04,2024-10-19,1.23,22.77,2.3
PHC-DST-B2-04,2024-10-20,0.01,23.99,0.02
PHC-DST-B2-04,2024-10-21,2.28,21.72,4.26
PHC-DST-B2-04,2024-10-22,2.63,21.37,4.92
PHC-DST-B2-04,2024-10-23,2.69,21.31,5.03
PHC-DST-B2-04,2024-10-24,2.31,21.69,4.32
PHC-DST-B2-04,2024-10-25,1.68,22.32,3.14
PHC-DST-B2-04,2024-10-26,1.38,22.62,2.58
PHC-DST-B2-04,2024-10-27,1.18,22.82,2.21
PHC-DST-B2-04,2024-10-28,1.68,22.32,3.14
PHC-DST-B2-04,2024-10-29,1.07,22.93,2.0
PHC-DST-B2-04,2024-10-30,3.12,20.88,5.83
PHC-DST-B2-04,2024-10-31,0.82,23.18,1.53
PHC-DST-B2-04,2024-11-01,1.65,22.35,3.09
PHC-DST-B2-04,2024-11-02,0.35,23.65,0.65
PHC-DST-B2-04,2024-11-03,2.02,21.98,3.78
PHC-DST-B2-04,2024-11-04,1.8,22.2,3.37
PHC-DST-B2-04,2024-11-05,1.53,22.47,2.86
PHC-DST-B2-04,2024-11-06,1.1,22.9,2.06
PHC-DST-B2-04,2024-11-07,1.8,22.2,3.37
PHC-DST-B2-04,2024-11-08,1.39,22.61,2.6
PHC-DST-B2-04,2024-11-09,1.7,22.3,3.18
PHC-DST-B2-04,2024-11-10,3.27,20.73,6.11
PHC-DST-B2-04,2024-11-11,1.93,22.07,3.61
PHC-DST-B2-04,2024-11-12,2.2,21.8,4.11
PHC-DST-B2-04,2024-11-13,1.45,22.55,2.71
PHC-DST-B2-04,2024-11-14,1.21,22.79,2.26
PHC-DST-B2-04,2024-11-15,1.78,22.22,3.33
PHC-DST-B2-04,2024-11-16,3.68,20.32,6.88
PHC-DST-B2-04,2024-11-17,1.58,22.42,2.95
PHC-DST-B2-04,2024-11-18,2.07,21.93,3.87
PHC-DST-B2-04,2024-11-19,1.18,22.82,2.21
PHC-DST-B2-04,2024-11-20,0.0,24.0,0.0
PHC-DST-B2-04,2024-11-21,1.21,22.79,2.26
PHC-DST-B2-04,2024-11-22,3.59,20.41,6.71
PHC-DST-B2-04,2024-11-23,2.25,21.75,4.21
PHC-DST-B2-04,2024-11-24,3.03,20.97,5.67
PHC-DST-B2-04,2024-11-25,1.54,22.46,2.88
PHC-DST-B2-04,2024-11-26,0.03,23.97,0.06
PHC-DST-B2-04,2024-11-27,0.97,23.03,1.81
PHC-DST-B2-04,2024-11-28,2.1,21.9,3.93
PHC-DST-B2-04,2024-11-29,1.98,22.02,3.7
PHC-DST-B2-04,2024-11-30,1.79,22.21,3.35
PHC-DST-B2-04,2024-12-01,1.4,22.6,2.62
PHC-DST-B2-04,2024-12-02,2.5,21.5,4.67
PHC-DST-B2-04,2024-12-03,1.42,22.58,2.66
PHC-DST-B2-04,2024-12-04,2.03,21.97,3.8
PHC-DST-B2-04,2024-12-05,1.95,22.05,3.65
PHC-DST-B2-04,2024-12-06,1.52,22.48,2.84
PHC-DST-B2-04,2024-12-07,1.14,22.86,2.13
PHC-DST-B2-04,2024-12-08,1.48,22.52,2.77
PHC-DST-B2-04,2024-12-09,,20.79,6.0
PHC-DST-B2-04,2024-12-10,2.63,21.37,4.92
PHC-DST-B2-04,2024-12-11,2.57,21.43,4.81
PHC-DST-B2-04,2024-12-12,1.21,22.79,2.26
PHC-DST-B2-04,2024-12-13,0.72,23.28,1.35
PHC-DST-B2-04,2024-12-14,2.62,21.38,4.9
PHC-DST-B2-04,2024-12-15,2.48,21.52,4.64
PHC-DST-B2-04,2024-12-16,1.9,22.1,3.55
PHC-DST-B2-04,2024-12-17,1.52,22.48,2.84
PHC-DST-B2-04,2024-12-18,0.7,23.3,1.31
PHC-DST-B2-04,2024-12-19,2.45,21.55,4.58
PHC-DST-B2-04,2024-12-20,2.69,21.31,5.03
PHC-DST-B2-04,2024-12-21,1.29,22.71,2.41
PHC-DST-B2-04,2024-12-22,1.23,22.77,2.3
PHC-DST-B2-04,2024-12-23,2.73,21.27,5.11
PHC-DST-B2-04,2024-12-24,1.32,22.68,2.47
PHC-DST-B2-04,2024-12-25,3.13,20.87,5.85
PHC-DST-B2-04,2024-12-26,1.72,22.28,3.22
PHC-DST-B2-04,2024-12-27,1.51,,2.82
PHC-DST-B2-04,2024-12-28,1.83,,3.42
PHC-DST-B2-04,2024-12-29,1.51,22.49,2.82
PHC-DST-B2-04,2024-12-30,2.64,21.36,4.94
PHC-DST-B2-04,2024-12-31,2.46,21.54,4.6
PHC-DST-B2-04,2025-01-01,2.62,21.38,4.9
PHC-DST-B2-04,2025-01-02,1.94,22.06,3.63
PHC-DST-B2-04,2025-01-03,1.46,22.54,2.73
PHC-DST-B2-04,2025-01-04,1.79,22.21,3.35
PHC-DST-B2-04,2025-01-05,1.48,22.52,2.77
PHC-DST-B2-04,2025-01-06,2.9,21.1,5.42
PHC-DST-B2-04,2025-01-07,2.55,21.45,4.77
PHC-DST-B2-04,2025-01-08,1.73,22.27,3.24
PHC-DST-B2-04,2025-01-09,1.11,22.89,2.08
PHC-DST-B2-04,2025-01-10,2.96,21.04,5.54
PHC-DST-B2-04,2025-01-11,1.9,22.1,3.55
PHC-DST-B2-04,2025-01-12,1.7,22.3,3.18
PHC-DST-B2-04,2025-01-13,2.96,21.04,5.54
PHC-DST-B2-04,2025-01-14,1.42,22.58,2.66
PHC-DST-B2-04,2025-01-15,1.56,22.44,2.92
PHC-DST-B2-04,2025-01-16,1.63,22.37,3.05
PHC-DST-B2-04,2025-01-17,0.81,23.19,1.51
PHC-DST-B2-04,2025-01-18,2.04,21.96,3.81
PHC-DST-B2-04,2025-01-19,1.23,22.77,2.3
PHC-DST-B2-04,2025-01-20,1.37,22.63,2.56
PHC-DST-B2-04,2025-01-21,1.27,22.73,2.37
PHC-DST-B2-04,2025-01-22,1.36,22.64,2.54
PHC-DST-B2-04,2025-01-23,,22.83,2.19
PHC-DST-B2-04,2025-01-24,1.99,22.01,3.72
PHC-DST-B2-04,2025-01-25,1.68,22.32,3.14
PHC-DST-B2-04,2025-01-26,1.84,22.16,3.44
PHC-DST-B2-04,2025-01-27,3.57,20.43,6.68
PHC-DST-B2-04,2025-01-28,1.68,22.32,3.14
PHC-DST-B2-04,2025-01-29,2.25,21.75,4.21
PHC-DST-B2-04,2025-01-30,2.34,21.66,4.38
PHC-DST-B2-04,2025-01-31,1.75,22.25,3.27
PHC-DST-B2-04,2025-02-01,2.01,21.99,3.76
PHC-DST-B2-04,2025-02-02,1.82,22.18,3.4
PHC-DST-B2-04,2025-02-03,1.95,22.05,3.65
PHC-DST-B2-04,2025-02-04,1.36,22.64,2.54
PHC-DST-B2-04,2025-02-05,1.43,22.57,2.67
PHC-DST-B2-04,2025-02-06,1.81,22.19,3.38
PHC-DST-B2-04,2025-02-07,0.32,23.68,0.6
PHC-DST-B2-04,2025-02-08,,21.08,5.46
PHC-DST-B2-04,2025-02-09,3.42,20.58,6.4
PHC-DST-B2-04,2025-02-10,1.93,22.07,3.61
PHC-DST-B2-04,2025-02-11,2.3,21.7,4.3
PHC-DST-B2-04,2025-02-12,2.61,21.39,4.88
PHC-DST-B2-04,2025-02-13,0.81,23.19,1.51
PHC-DST-B2-04,2025-02-14,2.5,21.5,4.67
PHC-DST-B2-04,2025-02-15,1.48,22.52,2.77
PHC-DST-B2-04,2025-02-16,3.52,20.48,6.58
PHC-DST-B2-04,2025-02-17,1.66,22.34,3.1
PHC-DST-B2-04,2025-02-18,2.48,21.52,4.64
PHC-DST-B2-04,2025-02-19,1.67,22.33,3.12
PHC-DST-B2-04,2025-02-20,3.45,20.55,6.45
PHC-DST-B2-04,2025-02-21,1.42,,2.66
PHC-DST-B2-04,2025-02-22,2.67,21.33,4.99
PHC-DST-B2-04,2025-02-23,2.27,21.73,4.24
PHC-DST-B2-04,2025-02-24,2.1,21.9,3.93
PHC-DST-B2-04,2025-02-25,1.97,22.03,3.68
PHC-DST-B2-04,2025-02-26,1.3,22.7,2.43
PHC-DST-B2-04,2025-02-27,0.0,24.0,0.0
PHC-DST-B2-04,2025-02-28,2.61,21.39,4.88
PHC-DST-B2-04,2025-03-01,1.43,22.57,2.67
PHC-DST-B2-04,2025-03-02,2.68,21.32,5.01
PHC-DST-B2-04,2025-03-03,2.06,21.94,3.85
PHC-DST-B2-04,2025-03-04,2.7,21.3,5.05
PHC-DST-B2-04,2025-03-05,2.4,21.6,4.49
PHC-DST-B2-04,2025-03-06,0.0,24.0,0.0
PHC-DST-B2-04,2025-03-07,2.26,21.74,4.23
PHC-DST-B2-04,2025-03-08,1.54,22.46,2.88
PHC-DST-B2-04,2025-03-09,2.67,21.33,4.99
PHC-DST-B2-04,2025-03-10,2.24,21.76,4.19
PHC-DST-B2-04,2025-03-11,2.25,21.75,4.21
PHC-DST-B2-04,2025-03-12,1.6,22.4,2.99
PHC-DST-B2-04,2025-03-13,1.12,22.88,2.09
PHC-DST-B2-04,2025-03-14,1.48,22.52,2.77
PHC-DST-B2-04,2025-03-15,0.45,23.55,0.84
PHC-DST-B2-04,2025-03-16,1.36,22.64,2.54
PHC-DST-B2-04,2025-03-17,0.7,23.3,1.31
PHC-DST-B2-04,2025-03-18,0.72,23.28,1.35
PHC-DST-B2-04,2025-03-19,1.89,22.11,3.53
PHC-DST-B2-04,2025-03-20,2.2,21.8,4.11
PHC-DST-B2-04,2025-03-21,1.78,22.22,3.33
PHC-DST-B2-04,2025-03-22,1.43,22.57,2.67
PHC-DST-B2-04,2025-03-23,1.09,22.91,2.04
PHC-DST-B2-04,2025-03-24,1.56,22.44,2.92
PHC-DST-B2-04,2025-03-25,1.18,22.82,2.21
PHC-DST-B2-04,2025-03-26,1.75,22.25,3.27
PHC-DST-B2-04,2025-03-27,0.66,23.34,1.23
PHC-DST-B2-04,2025-03-28,2.33,21.67,4.36
PHC-DST-B2-04,2025-03-29,1.37,22.63,2.56
PHC-DST-B2-04,2025-03-30,2.08,21.92,3.89
PHC-DST-B2-04,2025-03-31,2.47,21.53,4.62
PHC-DST-B2-04,2025-04-01,2.05,21.95,3.83
PHC-DST-B2-04,2025-04-02,2.4,21.6,4.49
PHC-DST-B2-04,2025-04-03,0.25,23.75,0.47
PHC-DST-B2-04,2025-04-04,1.43,22.57,2.67
PHC-DST-B2-04,2025-04-05,2.63,21.37,4.92
PHC-DST-B2-04,2025-04-06,2.18,21.82,4.08
PHC-DST-B2-04,2025-04-07,3.19,20.81,5.97
PHC-DST-B2-04,2025-04-08,3.08,20.92,5.76
PHC-DST-B2-04,2025-04-09,2.02,21.98,3.78
PHC-DST-B2-04,2025-04-10,1.61,22.39,3.01
PHC-DST-B2-04,2025-04-11,1.08,22.92,2.02
PHC-DST-B2-04,2025-04-12,1.44,22.56,2.69
PHC-DST-B2-04,2025-04-13,1.49,22.51,2.79
PHC-DST-B2-04,2025-04-14,1.36,22.64,2.54
PHC-DST-B2-04,2025-04-15,1.11,22.89,2.08
PHC-DST-B2-04,2025-04-16,2.1,21.9,3.93
PHC-DST-B2-04,2025-04-17,3.07,20.93,5.74
PHC-DST-B2-04,2025-04-18,2.5,21.5,4.67
PHC-DST-B2-04,2025-04-19,1.56,22.44,2.92
PHC-DST-B2-04,2025-04-20,2.56,21.44,4.79
PHC-DST-B2-04,2025-04-21,2.06,21.94,3.85
PHC-DST-B2-04,2025-04-22,1.77,22.23,3.31
PHC-DST-B2-04,2025-04-23,1.72,22.28,3.22
PHC-DST-B2-04,2025-04-24,1.65,22.35,3.09
PHC-DST-B2-04,2025-04-25,2.29,21.71,4.28
PHC-DST-B2-04,2025-04-26,1.9,22.1,3.55
PHC-DST-B2-04,2025-04-27,1.25,22.75,2.34
PHC-DST-B2-04,2025-04-28,1.22,22.78,2.28
PHC-DST-B2-04,2025-04-29,2.03,21.97,3.8
PHC-DST-B2-04,2025-04-30,2.12,21.88,3.96
PHC-DST-B2-04,2025-05-01,1.57,22.43,2.94
PHC-DST-B2-04,2025-05-02,0.95,23.05,1.78
PHC-DST-B2-04,2025-05-03,2.74,21.26,5.12
PHC-DST-B2-04,2025-05-04,2.58,21.42,4.82
PHC-DST-B2-04,2025-05-05,0.31,23.69,0.58
PHC-DST-B2-04,2025-05-06,2.8,21.2,5.24
PHC-DST-B2-04,2025-05-07,1.64,22.36,3.07
PHC-DST-B2-04,2025-05-08,1.94,22.06,3.63
PHC-DST-B2-04,2025-05-09,2.65,21.35,4.96
PHC-DST-B2-04,2025-05-10,3.04,20.96,5.68
PHC-DST-B2-04,2025-05-11,2.55,21.45,4.77
PHC-DST-B2-04,2025-05-12,1.98,22.02,3.7
PHC-DST-B2-04,2025-05-13,0.77,23.23,1.44
PHC-DST-B2-04,2025-05-14,0.28,23.72,0.52
PHC-DST-B2-04,2025-05-15,2.46,21.54,4.6
PHC-DST-B2-04,2025-05-16,2.81,21.19,5.25
PHC-DST-B2-04,2025-05-17,1.19,22.81,2.23
PHC-DST-B2-04,2025-05-18,1.6,22.4,2.99
PHC-DST-B2-04,2025-05-19,1.38,22.62,2.58
PHC-DST-B2-04,2025-05-20,1.36,22.64,2.54
PHC-DST-B2-04,2025-05-21,2.61,21.39,4.88
PHC-DST-B2-04,2025-05-22,1.96,22.04,3.67
PHC-DST-B2-04,2025-05-23,1.63,22.37,3.05
PHC-DST-B2-04,2025-05-24,3.79,20.21,7.09
PHC-DST-B2-04,2025-05-25,0.72,23.28,1.35
PHC-DST-B2-04,2025-05-26,2.21,21.79,4.13
PHC-DST-B2-04,2025-05-27,1.01,22.99,1.89
PHC-DST-B2-04,2025-05-28,1.68,22.32,3.14
PHC-DST-B2-04,2025-05-29,1.91,22.09,3.57
PHC-DST-B2-04,2025-05-30,2.43,21.57,4.54
PHC-DST-B2-04,2025-05-31,,22.4,2.99
PHC-DST-B2-04,2025-06-01,1.52,22.48,2.84
PHC-DST-B2-04,2025-06-02,1.59,22.41,2.97
PHC-DST-B2-04,2025-06-03,0.99,23.01,1.85
PHC-DST-B2-04,2025-06-04,2.27,21.73,4.24
PHC-DST-B2-04,2025-06-05,2.01,21.99,3.76
PHC-DST-B2-04,2025-06-06,2.13,21.87,3.98
PHC-DST-B2-04,2025-06-07,1.75,22.25,3.27
PHC-DST-B2-04,2025-06-08,1.66,22.34,3.1
PHC-DST-B2-04,2025-06-09,2.68,21.32,5.01
PHC-DST-B2-04,2025-06-10,2.57,21.43,4.81
PHC-DST-B2-04,2025-06-11,2.86,21.14,5.35
PHC-DST-B2-04,2025-06-12,2.08,21.92,3.89
PHC-DST-B2-04,2025-06-13,2.81,21.19,5.25
PHC-DST-B2-04,2025-06-14,1.49,22.51,2.79
PHC-DST-B2-04,2025-06-15,1.65,22.35,3.09
PHC-DST-B2-04,2025-06-16,2.7,21.3,5.05
PHC-DST-B2-04,2025-06-17,2.43,21.57,4.54
PHC-DST-B2-04,2025-06-18,1.58,22.42,2.95
PHC-DST-B2-04,2025-06-19,1.02,22.98,1.91
PHC-DST-B2-04,2025-06-20,1.65,22.35,3.09
PHC-DST-B2-04,2025-06-21,1.29,22.71,2.41
PHC-DST-B2-04,2025-06-22,3.09,20.91,5.78
PHC-DST-B2-04,2025-06-23,2.37,21.63,4.43
PHC-DST-B2-04,2025-06-24,1.23,22.77,2.3
PHC-DST-B2-04,2025-06-25,1.02,22.98,1.91
PHC-DST-B2-04,2025-06-26,1.22,22.78,2.28
PHC-DST-B2-04,2025-06-27,1.38,22.62,2.58
PHC-DST-B2-04,2025-06-28,1.67,22.33,3.12
PHC-DST-B2-04,2025-06-29,2.64,21.36,4.94
PHC-DST-B2-04,2025-06-30,1.08,22.92,2.02
PHC-DST-B2-05,2024-07-01,5.52,18.48,10.32
PHC-DST-B2-05,2024-07-02,3.09,20.91,5.78
PHC-DST-B2-05,2024-07-03,8.35,15.65,15.61
PHC-DST-B2-05,2024-07-04,8.62,15.38,16.12
PHC-DST-B2-05,2024-07-05,4.09,19.91,7.65
PHC-DST-B2-05,2024-07-06,7.47,16.53,13.97
PHC-DST-B2-05,2024-07-07,6.87,17.13,12.85
PHC-DST-B2-05,2024-07-08,3.17,20.83,5.93
PHC-DST-B2-05,2024-07-09,5.16,18.84,9.65
PHC-DST-B2-05,2024-07-10,5.19,18.81,9.71
PHC-DST-B2-05,2024-07-11,6.99,17.01,13.07
PHC-DST-B2-05,2024-07-12,4.01,19.99,7.5
PHC-DST-B2-05,2024-07-13,7.32,16.68,13.69
PHC-DST-B2-05,2024-07-14,1.9,22.1,3.55
PHC-DST-B2-05,2024-07-15,6.17,17.83,11.54
PHC-DST-B2-05,2024-07-16,4.65,19.35,8.7
PHC-DST-B2-05,2024-07-17,3.65,20.35,6.83
PHC-DST-B2-05,2024-07-18,3.26,20.74,6.1
PHC-DST-B2-05,2024-07-19,9.2,14.8,17.2
PHC-DST-B2-05,2024-07-20,3.87,20.13,7.24
PHC-DST-B2-05,2024-07-21,4.14,19.86,7.74
PHC-DST-B2-05,2024-07-22,3.72,20.28,6.96
PHC-DST-B2-05,2024-07-23,4.1,19.9,7.67
PHC-DST-B2-05,2024-07-24,4.34,19.66,8.12
PHC-DST-B2-05,2024-07-25,4.06,19.94,7.59
PHC-DST-B2-05,2024-07-26,4.02,19.98,7.52
PHC-DST-B2-05,2024-07-27,4.84,19.16,9.05
PHC-DST-B2-05,2024-07-28,2.6,21.4,4.86
PHC-DST-B2-05,2024-07-29,9.63,14.37,18.01
PHC-DST-B2-05,2024-07-30,7.44,16.56,13.91
PHC-DST-B2-05,2024-07-31,4.77,19.23,8.92
PHC-DST-B2-05,2024-08-01,8.03,15.97,15.02
PHC-DST-B2-05,2024-08-02,3.48,20.52,6.51
PHC-DST-B2-05,2024-08-03,3.84,20.16,7.18
PHC-DST-B2-05,2024-08-04,3.83,20.17,7.16
PHC-DST-B2-05,2024-08-05,4.22,19.78,7.89
PHC-DST-B2-05,2024-08-06,7.68,16.32,14.36
PHC-DST-B2-05,2024-08-07,2.91,21.09,5.44
PHC-DST-B2-05,2024-08-08,7.21,16.79,13.48
PHC-DST-B2-05,2024-08-09,3.59,20.41,6.71
PHC-DST-B2-05,2024-08-10,4.32,19.68,8.08
PHC-DST-B2-05,2024-08-11,10.1,13.9,18.89
PHC-DST-B2-05,2024-08-12,3.51,20.49,6.56
PHC-DST-B2-05,2024-08-13,4.93,19.07,9.22
PHC-DST-B2-05,2024-08-14,4.3,19.7,8.04
PHC-DST-B2-05,2024-08-15,3.88,20.12,7.26
PHC-DST-B2-05,2024-08-16,4.25,19.75,7.95
PHC-DST-B2-05,2024-08-17,3.29,20.71,6.15
PHC-DST-B2-05,2024-08-18,,17.92,11.37
PHC-DST-B2-05,2024-08-19,12.34,,23.08
PHC-DST-B2-05,2024-08-20,12.03,11.97,22.5
PHC-DST-B2-05,2024-08-21,2.33,21.67,4.36
PHC-DST-B2-05,2024-08-22,4.87,19.13,9.11
PHC-DST-B2-05,2024-08-23,3.64,20.36,6.81
PHC-DST-B2-05,2024-08-24,3.48,20.52,6.51
PHC-DST-B2-05,2024-08-25,10.16,13.84,19.0
PHC-DST-B2-05,2024-08-26,4.46,19.54,8.34
PHC-DST-B2-05,2024-08-27,3.07,20.93,5.74
PHC-DST-B2-05,2024-08-28,4.67,19.33,8.73
PHC-DST-B2-05,2024-08-29,3.69,20.31,6.9
PHC-DST-B2-05,2024-08-30,3.34,20.66,6.25
PHC-DST-B2-05,2024-08-31,3.58,20.42,6.69
PHC-DST-B2-05,2024-09-01,3.21,20.79,6.0
PHC-DST-B2-05,2024-09-02,2.81,21.19,5.25
PHC-DST-B2-05,2024-09-03,4.38,19.62,8.19
PHC-DST-B2-05,2024-09-04,3.63,20.37,6.79
PHC-DST-B2-05,2024-09-05,4.26,19.74,7.97
PHC-DST-B2-05,2024-09-06,9.61,14.39,17.97
PHC-DST-B2-05,2024-09-07,8.23,15.77,15.39
PHC-DST-B2-05,2024-09-08,9.43,14.57,17.63
PHC-DST-B2-05,2024-09-09,4.23,19.77,7.91
PHC-DST-B2-05,2024-09-10,12.57,11.43,23.51
PHC-DST-B2-05,2024-09-11,2.76,21.24,5.16
PHC-DST-B2-05,2024-09-12,3.81,20.19,7.12
PHC-DST-B2-05,2024-09-13,5.01,18.99,9.37
PHC-DST-B2-05,2024-09-14,4.38,19.62,8.19
PHC-DST-B2-05,2024-09-15,9.85,14.15,18.42
PHC-DST-B2-05,2024-09-16,5.17,18.83,9.67
PHC-DST-B2-05,2024-09-17,7.48,16.52,13.99
PHC-DST-B2-05,2024-09-18,2.78,21.22,5.2
PHC-DST-B2-05,2024-09-19,4.13,19.87,7.72
PHC-DST-B2-05,2024-09-20,5.0,19.0,9.35
PHC-DST-B2-05,2024-09-21,3.66,20.34,6.84
PHC-DST-B2-05,2024-09-22,8.64,15.36,16.16
PHC-DST-B2-05,2024-09-23,7.57,16.43,14.16
PHC-DST-B2-05,2024-09-24,7.84,16.16,14.66
PHC-DST-B2-05,2024-09-25,12.63,11.37,23.62
PHC-DST-B2-05,2024-09-26,3.43,20.57,6.41
PHC-DST-B2-05,2024-09-27,8.05,15.95,15.05
PHC-DST-B2-05,2024-09-28,9.05,14.95,16.92
PHC-DST-B2-05,2024-09-29,3.54,20.46,6.62
PHC-DST-B2-05,2024-09-30,4.82,,9.01
PHC-DST-B2-05,2024-10-01,3.06,20.94,5.72
PHC-DST-B2-05,2024-10-02,5.25,18.75,9.82
PHC-DST-B2-05,2024-10-03,4.63,19.37,8.66
PHC-DST-B2-05,2024-10-04,3.53,20.47,6.6
PHC-DST-B2-05,2024-10-05,3.58,20.42,6.69
PHC-DST-B2-05,2024-10-06,3.96,20.04,7.41
PHC-DST-B2-05,2024-10-07,4.25,19.75,7.95
PHC-DST-B2-05,2024-10-08,4.62,19.38,8.64
PHC-DST-B2-05,2024-10-09,2.79,21.21,5.22
PHC-DST-B2-05,2024-10-10,4.13,19.87,7.72
PHC-DST-B2-05,2024-10-11,2.21,21.79,4.13
PHC-DST-B2-05,2024-10-12,3.67,20.33,6.86
PHC-DST-B2-05,2024-10-13,4.89,19.11,9.14
PHC-DST-B2-05,2024-10-14,2.74,21.26,5.12
PHC-DST-B2-05,2024-10-15,2.6,,4.86
PHC-DST-B2-05,2024-10-16,3.97,20.03,7.42
PHC-DST-B2-05,2024-10-17,4.84,,9.05
PHC-DST-B2-05,2024-10-18,4.04,19.96,7.55
PHC-DST-B2-05,2024-10-19,2.37,21.63,4.43
PHC-DST-B2-05,2024-10-20,2.54,21.46,4.75
PHC-DST-B2-05,2024-10-21,3.87,20.13,7.24
PHC-DST-B2-05,2024-10-22,2.92,21.08,5.46
PHC-DST-B2-05,2024-10-23,3.9,20.1,7.29
PHC-DST-B2-05,2024-10-24,3.95,20.05,7.39
PHC-DST-B2-05,2024-10-25,3.43,20.57,6.41
PHC-DST-B2-05,2024-10-26,5.16,,9.65
PHC-DST-B2-05,2024-10-27,4.24,19.76,7.93
PHC-DST-B2-05,2024-10-28,4.71,19.29,8.81
PHC-DST-B2-05,2024-10-29,4.49,19.51,8.4
PHC-DST-B2-05,2024-10-30,3.69,20.31,6.9
PHC-DST-B2-05,2024-10-31,3.65,20.35,6.83
PHC-DST-B2-05,2024-11-01,3.58,20.42,6.69
PHC-DST-B2-05,2024-11-02,4.31,19.69,8.06
PHC-DST-B2-05,2024-11-03,3.31,20.69,6.19
PHC-DST-B2-05,2024-11-04,5.09,18.91,9.52
PHC-DST-B2-05,2024-11-05,3.24,20.76,6.06
PHC-DST-B2-05,2024-11-06,3.96,20.04,7.41
PHC-DST-B2-05,2024-11-07,3.63,20.37,6.79
PHC-DST-B2-05,2024-11-08,3.46,20.54,6.47
PHC-DST-B2-05,2024-11-09,5.43,18.57,10.15
PHC-DST-B2-05,2024-11-10,3.47,20.53,6.49
PHC-DST-B2-05,2024-11-11,3.57,20.43,6.68
PHC-DST-B2-05,2024-11-12,3.3,20.7,6.17
PHC-DST-B2-05,2024-11-13,3.83,20.17,7.16
PHC-DST-B2-05,2024-11-14,3.72,20.28,6.96
PHC-DST-B2-05,2024-11-15,2.96,21.04,5.54
PHC-DST-B2-05,2024-11-16,3.48,20.52,6.51
PHC-DST-B2-05,2024-11-17,4.26,19.74,7.97
PHC-DST-B2-05,2024-11-18,4.57,19.43,8.55
PHC-DST-B2-05,2024-11-19,3.82,20.18,7.14
PHC-DST-B2-05,2024-11-20,3.84,20.16,7.18
PHC-DST-B2-05,2024-11-21,3.53,20.47,6.6
PHC-DST-B2-05,2024-11-22,3.42,20.58,6.4
PHC-DST-B2-05,2024-11-23,3.11,20.89,5.82
PHC-DST-B2-05,2024-11-24,2.63,21.37,4.92
PHC-DST-B2-05,2024-11-25,3.27,20.73,6.11
PHC-DST-B2-05,2024-11-26,4.48,19.52,8.38
PHC-DST-B2-05,2024-11-27,3.48,20.52,6.51
PHC-DST-B2-05,2024-11-28,3.54,20.46,6.62
PHC-DST-B2-05,2024-11-29,3.53,20.47,6.6
PHC-DST-B2-05,2024-11-30,4.73,19.27,8.85
PHC-DST-B2-05,2024-12-01,3.1,20.9,5.8
PHC-DST-B2-05,2024-12-02,4.01,19.99,7.5
PHC-DST-B2-05,2024-12-03,3.75,20.25,7.01
PHC-DST-B2-05,2024-12-04,3.85,20.15,7.2
PHC-DST-B2-05,2024-12-05,3.98,20.02,7.44
PHC-DST-B2-05,2024-12-06,3.84,20.16,7.18
PHC-DST-B2-05,2024-12-07,4.39,19.61,8.21
PHC-DST-B2-05,2024-12-08,3.78,20.22,7.07
PHC-DST-B2-05,2024-12-09,5.11,18.89,9.56
PHC-DST-B2-05,2024-12-10,3.83,20.17,7.16
PHC-DST-B2-05,2024-12-11,2.52,21.48,4.71
PHC-DST-B2-05,2024-12-12,4.28,19.72,8.0
PHC-DST-B2-05,2024-12-13,4.09,19.91,7.65
PHC-DST-B2-05,2024-12-14,3.82,20.18,7.14
PHC-DST-B2-05,2024-12-15,3.61,20.39,6.75
PHC-DST-B2-05,2024-12-16,2.21,21.79,4.13
PHC-DST-B2-05,2024-12-17,2.34,21.66,4.38
PHC-DST-B2-05,2024-12-18,5.04,18.96,9.42
PHC-DST-B2-05,2024-12-19,3.36,20.64,6.28
PHC-DST-B2-05,2024-12-20,4.52,19.48,8.45
PHC-DST-B2-05,2024-12-21,2.6,21.4,4.86
PHC-DST-B2-05,2024-12-22,3.01,20.99,5.63
PHC-DST-B2-05,2024-12-23,4.31,19.69,8.06
PHC-DST-B2-05,2024-12-24,3.72,20.28,6.96
PHC-DST-B2-05,2024-12-25,4.2,19.8,7.85
PHC-DST-B2-05,2024-12-26,3.79,20.21,7.09
PHC-DST-B2-05,2024-12-27,3.64,20.36,6.81
PHC-DST-B2-05,2024-12-28,3.29,20.71,6.15
PHC-DST-B2-05,2024-12-29,2.9,21.1,5.42
PHC-DST-B2-05,2024-12-30,,19.15,9.07
PHC-DST-B2-05,2024-12-31,4.98,19.02,9.31
PHC-DST-B2-05,2025-01-01,3.02,20.98,5.65
PHC-DST-B2-05,2025-01-02,2.97,21.03,5.55
PHC-DST-B2-05,2025-01-03,3.54,20.46,6.62
PHC-DST-B2-05,2025-01-04,4.06,19.94,7.59
PHC-DST-B2-05,2025-01-05,3.66,20.34,6.84
PHC-DST-B2-05,2025-01-06,4.17,19.83,7.8
PHC-DST-B2-05,2025-01-07,3.76,20.24,7.03
PHC-DST-B2-05,2025-01-08,3.71,20.29,6.94
PHC-DST-B2-05,2025-01-09,5.61,18.39,10.49
PHC-DST-B2-05,2025-01-10,3.41,20.59,6.38
PHC-DST-B2-05,2025-01-11,5.03,18.97,9.41
PHC-DST-B2-05,2025-01-12,4.89,19.11,9.14
PHC-DST-B2-05,2025-01-13,4.18,19.82,7.82
PHC-DST-B2-05,2025-01-14,2.36,21.64,4.41
PHC-DST-B2-05,2025-01-15,3.82,20.18,7.14
PHC-DST-B2-05,2025-01-16,3.41,20.59,6.38
PHC-DST-B2-05,2025-01-17,3.82,20.18,7.14
PHC-DST-B2-05,2025-01-18,3.0,21.0,5.61
PHC-DST-B2-05,2025-01-19,4.37,19.63,8.17
PHC-DST-B2-05,2025-01-20,4.54,19.46,8.49
PHC-DST-B2-05,2025-01-21,4.68,19.32,8.75
PHC-DST-B2-05,2025-01-22,3.51,20.49,6.56
PHC-DST-B2-05,2025-01-23,3.01,20.99,5.63
PHC-DST-B2-05,2025-01-24,4.06,19.94,7.59
PHC-DST-B2-05,2025-01-25,5.12,18.88,9.57
PHC-DST-B2-05,2025-01-26,3.85,20.15,7.2
PHC-DST-B2-05,2025-01-27,4.14,19.86,7.74
PHC-DST-B2-05,2025-01-28,3.62,20.38,6.77
PHC-DST-B2-05,2025-01-29,3.42,20.58,6.4
PHC-DST-B2-05,2025-01-30,4.29,19.71,8.02
PHC-DST-B2-05,2025-01-31,3.72,20.28,6.96
PHC-DST-B2-05,2025-02-01,4.1,19.9,7.67
PHC-DST-B2-05,2025-02-02,4.18,19.82,7.82
PHC-DST-B2-05,2025-02-03,4.06,19.94,7.59
PHC-DST-B2-05,2025-02-04,4.22,19.78,7.89
PHC-DST-B2-05,2025-02-05,3.16,20.84,5.91
PHC-DST-B2-05,2025-02-06,3.11,20.89,5.82
PHC-DST-B2-05,2025-02-07,3.77,20.23,7.05
PHC-DST-B2-05,2025-02-08,3.79,20.21,7.09
PHC-DST-B2-05,2025-02-09,3.41,20.59,6.38
PHC-DST-B2-05,2025-02-10,3.98,20.02,7.44
PHC-DST-B2-05,2025-02-11,4.48,19.52,8.38
PHC-DST-B2-05,2025-02-12,4.69,19.31,8.77
PHC-DST-B2-05,2025-02-13,4.86,19.14,9.09
PHC-DST-B2-05,2025-02-14,2.81,21.19,5.25
PHC-DST-B2-05,2025-02-15,2.93,21.07,5.48
PHC-DST-B2-05,2025-02-16,3.58,20.42,6.69
PHC-DST-B2-05,2025-02-17,3.86,20.14,7.22
PHC-DST-B2-05,2025-02-18,3.62,20.38,6.77
PHC-DST-B2-05,2025-02-19,3.39,20.61,6.34
PHC-DST-B2-05,2025-02-20,3.57,20.43,6.68
PHC-DST-B2-05,2025-02-21,4.16,19.84,7.78
PHC-DST-B2-05,2025-02-22,2.8,21.2,5.24
PHC-DST-B2-05,2025-02-23,5.56,18.44,10.4
PHC-DST-B2-05,2025-02-24,,20.18,7.14
PHC-DST-B2-05,2025-02-25,4.59,19.41,8.58
PHC-DST-B2-05,2025-02-26,3.36,20.64,6.28
PHC-DST-B2-05,2025-02-27,4.23,19.77,7.91
PHC-DST-B2-05,2025-02-28,3.88,20.12,7.26
PHC-DST-B2-05,2025-03-01,4.44,19.56,8.3
PHC-DST-B2-05,2025-03-02,3.65,20.35,6.83
PHC-DST-B2-05,2025-03-03,4.96,19.04,9.28
PHC-DST-B2-05,2025-03-04,2.68,21.32,5.01
PHC-DST-B2-05,2025-03-05,4.51,19.49,8.43
PHC-DST-B2-05,2025-03-06,3.89,20.11,7.27
PHC-DST-B2-05,2025-03-07,3.04,20.96,5.68
PHC-DST-B2-05,2025-03-08,5.26,18.74,9.84
PHC-DST-B2-05,2025-03-09,5.19,18.81,9.71
PHC-DST-B2-05,2025-03-10,2.24,21.76,4.19
PHC-DST-B2-05,2025-03-11,3.93,20.07,7.35
PHC-DST-B2-05,2025-03-12,4.33,19.67,8.1
PHC-DST-B2-05,2025-03-13,4.13,19.87,7.72
PHC-DST-B2-05,2025-03-14,4.94,19.06,9.24
PHC-DST-B2-05,2025-03-15,4.78,19.22,8.94
PHC-DST-B2-05,2025-03-16,4.0,20.0,7.48
PHC-DST-B2-05,2025-03-17,5.51,18.49,10.3
PHC-DST-B2-05,2025-03-18,4.5,19.5,8.42
PHC-DST-B2-05,2025-03-19,3.54,20.46,6.62
PHC-DST-B2-05,2025-03-20,3.39,20.61,6.34
PHC-DST-B2-05,2025-03-21,4.73,19.27,8.85
PHC-DST-B2-05,2025-03-22,3.21,20.79,6.0
PHC-DST-B2-05,2025-03-23,3.49,20.51,6.53
PHC-DST-B2-05,2025-03-24,3.62,20.38,6.77
PHC-DST-B2-05,2025-03-25,4.07,19.93,7.61
PHC-DST-B2-05,2025-03-26,,20.35,6.83
PHC-DST-B2-05,2025-03-27,2.81,21.19,5.25
PHC-DST-B2-05,2025-03-28,4.67,19.33,8.73
PHC-DST-B2-05,2025-03-29,3.5,20.5,6.55
PHC-DST-B2-05,2025-03-30,5.31,18.69,9.93
PHC-DST-B2-05,2025-03-31,4.03,19.97,7.54
PHC-DST-B2-05,2025-04-01,4.75,19.25,8.88
PHC-DST-B2-05,2025-04-02,4.27,19.73,7.98
PHC-DST-B2-05,2025-04-03,4.79,19.21,8.96
PHC-DST-B2-05,2025-04-04,4.23,19.77,7.91
PHC-DST-B2-05,2025-04-05,3.98,20.02,7.44
PHC-DST-B2-05,2025-04-06,4.62,19.38,8.64
PHC-DST-B2-05,2025-04-07,5.66,18.34,10.58
PHC-DST-B2-05,2025-04-08,3.6,20.4,6.73
PHC-DST-B2-05,2025-04-09,4.4,19.6,8.23
PHC-DST-B2-05,2025-04-10,,20.2,7.11
PHC-DST-B2-05,2025-04-11,4.18,19.82,7.82
PHC-DST-B2-05,2025-04-12,3.83,20.17,7.16
PHC-DST-B2-05,2025-04-13,2.18,21.82,4.08
PHC-DST-B2-05,2025-04-14,3.65,20.35,6.83
PHC-DST-B2-05,2025-04-15,4.55,19.45,8.51
PHC-DST-B2-05,2025-04-16,3.23,20.77,6.04
PHC-DST-B2-05,2025-04-17,4.49,19.51,8.4
PHC-DST-B2-05,2025-04-18,3.94,20.06,7.37
PHC-DST-B2-05,2025-04-19,3.66,20.34,6.84
PHC-DST-B2-05,2025-04-20,4.48,19.52,8.38
PHC-DST-B2-05,2025-04-21,4.31,19.69,8.06
PHC-DST-B2-05,2025-04-22,4.12,19.88,7.7
PHC-DST-B2-05,2025-04-23,4.56,19.44,8.53
PHC-DST-B2-05,2025-04-24,3.95,20.05,7.39
PHC-DST-B2-05,2025-04-25,2.57,21.43,4.81
PHC-DST-B2-05,2025-04-26,,20.48,6.58
PHC-DST-B2-05,2025-04-27,2.45,21.55,4.58
PHC-DST-B2-05,2025-04-28,4.29,19.71,8.02
PHC-DST-B2-05,2025-04-29,4.47,19.53,8.36
PHC-DST-B2-05,2025-04-30,4.51,19.49,8.43
PHC-DST-B2-05,2025-05-01,4.17,19.83,7.8
PHC-DST-B2-05,2025-05-02,4.53,19.47,8.47
PHC-DST-B2-05,2025-05-03,2.62,21.38,4.9
PHC-DST-B2-05,2025-05-04,3.72,20.28,6.96
PHC-DST-B2-05,2025-05-05,2.74,21.26,5.12
PHC-DST-B2-05,2025-05-06,3.53,20.47,6.6
PHC-DST-B2-05,2025-05-07,5.01,18.99,9.37
PHC-DST-B2-05,2025-05-08,4.62,19.38,8.64
PHC-DST-B2-05,2025-05-09,4.3,19.7,8.04
PHC-DST-B2-05,2025-05-10,3.66,20.34,6.84
PHC-DST-B2-05,2025-05-11,3.05,20.95,5.7
PHC-DST-B2-05,2025-05-12,3.94,20.06,7.37
PHC-DST-B2-05,2025-05-13,4.63,19.37,8.66
PHC-DST-B2-05,2025-05-14,4.11,19.89,7.69
PHC-DST-B2-05,2025-05-15,2.61,21.39,4.88
PHC-DST-B2-05,2025-05-16,3.88,20.12,7.26
PHC-DST-B2-05,2025-05-17,2.37,21.63,4.43
PHC-DST-B2-05,2025-05-18,4.4,19.6,8.23
PHC-DST-B2-05,2025-05-19,3.28,20.72,6.13
PHC-DST-B2-05,2025-05-20,2.88,21.12,5.39
PHC-DST-B2-05,2025-05-21,4.41,19.59,8.25
PHC-DST-B2-05,2025-05-22,4.22,19.78,7.89
PHC-DST-B2-05,2025-05-23,3.97,20.03,7.42
PHC-DST-B2-05,2025-05-24,5.44,18.56,10.17
PHC-DST-B2-05,2025-05-25,4.28,19.72,8.0
PHC-DST-B2-05,2025-05-26,3.32,20.68,6.21
PHC-DST-B2-05,2025-05-27,4.19,19.81,7.84
PHC-DST-B2-05,2025-05-28,3.59,20.41,6.71
PHC-DST-B2-05,2025-05-29,4.75,19.25,8.88
PHC-DST-B2-05,2025-05-30,4.01,19.99,7.5
PHC-DST-B2-05,2025-05-31,4.08,19.92,7.63
PHC-DST-B2-05,2025-06-01,2.72,21.28,5.09
PHC-DST-B2-05,2025-06-02,3.85,20.15,7.2
PHC-DST-B2-05,2025-06-03,3.76,20.24,7.03
PHC-DST-B2-05,2025-06-04,3.03,20.97,5.67
PHC-DST-B2-05,2025-06-05,3.63,20.37,6.79
PHC-DST-B2-05,2025-06-06,4.13,19.87,7.72
PHC-DST-B2-05,2025-06-07,3.8,20.2,7.11
PHC-DST-B2-05,2025-06-08,2.74,21.26,5.12
PHC-DST-B2-05,2025-06-09,3.6,20.4,6.73
PHC-DST-B2-05,2025-06-10,3.45,20.55,6.45
PHC-DST-B2-05,2025-06-11,3.95,20.05,7.39
PHC-DST-B2-05,2025-06-12,3.86,20.14,7.22
PHC-DST-B2-05,2025-06-13,3.49,20.51,6.53
PHC-DST-B2-05,2025-06-14,3.46,20.54,6.47
PHC-DST-B2-05,2025-06-15,3.85,20.15,7.2
PHC-DST-B2-05,2025-06-16,4.52,19.48,8.45
PHC-DST-B2-05,2025-06-17,4.01,19.99,7.5
PHC-DST-B2-05,2025-06-18,4.87,,9.11
PHC-DST-B2-05,2025-06-19,4.65,19.35,8.7
PHC-DST-B2-05,2025-06-20,4.92,19.08,9.2
PHC-DST-B2-05,2025-06-21,4.83,19.17,9.03
PHC-DST-B2-05,2025-06-22,4.97,19.03,9.29
PHC-DST-B2-05,2025-06-23,2.94,21.06,5.5
PHC-DST-B2-05,2025-06-24,4.29,19.71,8.02
PHC-DST-B2-05,2025-06-25,4.71,19.29,8.81
PHC-DST-B2-05,2025-06-26,4.85,19.15,9.07
PHC-DST-B2-05,2025-06-27,3.22,20.78,6.02
PHC-DST-B2-05,2025-06-28,4.29,,8.02
PHC-DST-B2-05,2025-06-29,3.86,20.14,7.22
PHC-DST-B2-05,2025-06-30,5.19,18.81,9.71
PHC-DST-B2-06,2024-07-01,2.76,21.24,5.16
PHC-DST-B2-06,2024-07-02,3.22,20.78,6.02
PHC-DST-B2-06,2024-07-03,7.52,16.48,14.06
PHC-DST-B2-06,2024-07-04,7.03,16.97,13.15
PHC-DST-B2-06,2024-07-05,3.88,20.12,7.26
PHC-DST-B2-06,2024-07-06,7.27,16.73,13.59
PHC-DST-B2-06,2024-07-07,10.02,13.98,18.74
PHC-DST-B2-06,2024-07-08,3.17,20.83,5.93
PHC-DST-B2-06,2024-07-09,3.73,20.27,6.98
PHC-DST-B2-06,2024-07-10,4.36,19.64,8.15
PHC-DST-B2-06,2024-07-11,8.52,15.48,15.93
PHC-DST-B2-06,2024-07-12,4.05,19.95,7.57
PHC-DST-B2-06,2024-07-13,7.92,16.08,14.81
PHC-DST-B2-06,2024-07-14,3.35,20.65,6.26
PHC-DST-B2-06,2024-07-15,3.32,20.68,6.21
PHC-DST-B2-06,2024-07-16,3.71,20.29,6.94
PHC-DST-B2-06,2024-07-17,2.84,21.16,5.31
PHC-DST-B2-06,2024-07-18,,,7.69
PHC-DST-B2-06,2024-07-19,6.06,17.94,11.33
PHC-DST-B2-06,2024-07-20,4.13,19.87,7.72
PHC-DST-B2-06,2024-07-21,3.33,20.67,6.23
PHC-DST-B2-06,2024-07-22,3.04,20.96,5.68
PHC-DST-B2-06,2024-07-23,5.34,18.66,9.99
PHC-DST-B2-06,2024-07-24,3.05,20.95,5.7
PHC-DST-B2-06,2024-07-25,2.84,21.16,5.31
PHC-DST-B2-06,2024-07-26,3.96,20.04,7.41
PHC-DST-B2-06,2024-07-27,4.0,20.0,7.48
PHC-DST-B2-06,2024-07-28,4.3,19.7,8.04
PHC-DST-B2-06,2024-07-29,7.45,16.55,13.93
PHC-DST-B2-06,2024-07-30,10.1,13.9,18.89
PHC-DST-B2-06,2024-07-31,4.5,19.5,8.42
PHC-DST-B2-06,2024-08-01,7.26,16.74,13.58
PHC-DST-B2-06,2024-08-02,4.64,19.36,8.68
PHC-DST-B2-06,2024-08-03,4.4,19.6,8.23
PHC-DST-B2-06,2024-08-04,3.94,20.06,7.37
PHC-DST-B2-06,2024-08-05,3.36,20.64,6.28
PHC-DST-B2-06,2024-08-06,7.59,16.41,14.19
PHC-DST-B2-06,2024-08-07,2.98,21.02,5.57
PHC-DST-B2-06,2024-08-08,8.67,15.33,16.21
PHC-DST-B2-06,2024-08-09,3.49,20.51,6.53
PHC-DST-B2-06,2024-08-10,3.79,20.21,7.09
PHC-DST-B2-06,2024-08-11,9.9,14.1,18.51
PHC-DST-B2-06,2024-08-12,3.85,20.15,7.2
PHC-DST-B2-06,2024-08-13,4.01,19.99,7.5
PHC-DST-B2-06,2024-08-14,4.27,19.73,7.98
PHC-DST-B2-06,2024-08-15,2.54,21.46,4.75
PHC-DST-B2-06,2024-08-16,4.6,19.4,8.6
PHC-DST-B2-06,2024-08-17,3.18,20.82,5.95
PHC-DST-B2-06,2024-08-18,7.97,16.03,14.9
PHC-DST-B2-06,2024-08-19,14.71,9.29,27.51
PHC-DST-B2-06,2024-08-20,15.04,8.96,28.12
PHC-DST-B2-06,2024-08-21,4.95,19.05,9.26
PHC-DST-B2-06,2024-08-22,4.33,19.67,8.1
PHC-DST-B2-06,2024-08-23,4.03,19.97,7.54
PHC-DST-B2-06,2024-08-24,4.32,19.68,8.08
PHC-DST-B2-06,2024-08-25,11.19,12.81,20.93
PHC-DST-B2-06,2024-08-26,2.98,21.02,5.57
PHC-DST-B2-06,2024-08-27,3.88,,7.26
PHC-DST-B2-06,2024-08-28,,20.41,6.71
PHC-DST-B2-06,2024-08-29,3.56,20.44,6.66
PHC-DST-B2-06,2024-08-30,3.46,20.54,6.47
PHC-DST-B2-06,2024-08-31,3.22,20.78,6.02
PHC-DST-B2-06,2024-09-01,4.69,19.31,8.77
PHC-DST-B2-06,2024-09-02,2.9,21.1,5.42
PHC-DST-B2-06,2024-09-03,4.54,19.46,8.49
PHC-DST-B2-06,2024-09-04,4.29,19.71,8.02
PHC-DST-B2-06,2024-09-05,3.51,20.49,6.56
PHC-DST-B2-06,2024-09-06,6.53,17.47,12.21
PHC-DST-B2-06,2024-09-07,6.73,17.27,12.59
PHC-DST-B2-06,2024-09-08,9.97,14.03,18.64
PHC-DST-B2-06,2024-09-09,3.98,20.02,7.44
PHC-DST-B2-06,2024-09-10,11.77,12.23,22.01
PHC-DST-B2-06,2024-09-11,3.56,20.44,6.66
PHC-DST-B2-06,2024-09-12,2.49,21.51,4.66
PHC-DST-B2-06,2024-09-13,3.85,20.15,7.2
PHC-DST-B2-06,2024-09-14,,19.81,7.84
PHC-DST-B2-06,2024-09-15,8.96,15.04,16.76
PHC-DST-B2-06,2024-09-16,3.05,,5.7
PHC-DST-B2-06,2024-09-17,9.13,14.87,17.07
PHC-DST-B2-06,2024-09-18,3.98,20.02,7.44
PHC-DST-B2-06,2024-09-19,2.37,21.63,4.43
PHC-DST-B2-06,2024-09-20,4.25,,7.95
PHC-DST-B2-06,2024-09-21,3.99,20.01,7.46
PHC-DST-B2-06,2024-09-22,7.47,16.53,13.97
PHC-DST-B2-06,2024-09-23,8.47,15.53,15.84
PHC-DST-B2-06,2024-09-24,7.8,16.2,14.59
PHC-DST-B2-06,2024-09-25,16.24,7.76,30.37
PHC-DST-B2-06,2024-09-26,2.18,21.82,4.08
PHC-DST-B2-06,2024-09-27,8.43,15.57,15.76
PHC-DST-B2-06,2024-09-28,7.79,16.21,14.57
PHC-DST-B2-06,2024-09-29,4.46,19.54,8.34
PHC-DST-B2-06,2024-09-30,3.3,20.7,6.17
PHC-DST-B2-06,2024-10-01,2.57,21.43,4.81
PHC-DST-B2-06,2024-10-02,2.29,21.71,4.28
PHC-DST-B2-06,2024-10-03,3.3,20.7,6.17
PHC-DST-B2-06,2024-10-04,3.68,20.32,6.88
PHC-DST-B2-06,2024-10-05,3.41,20.59,6.38
PHC-DST-B2-06,2024-10-06,3.29,20.71,6.15
PHC-DST-B2-06,2024-10-07,4.23,19.77,7.91
PHC-DST-B2-06,2024-10-08,4.15,19.85,7.76
PHC-DST-B2-06,2024-10-09,3.95,20.05,7.39
PHC-DST-B2-06,2024-10-10,,19.59,8.25
PHC-DST-B2-06,2024-10-11,3.31,20.69,6.19
PHC-DST-B2-06,2024-10-12,2.98,21.02,5.57
PHC-DST-B2-06,2024-10-13,3.41,20.59,6.38
PHC-DST-B2-06,2024-10-14,3.36,20.64,6.28
PHC-DST-B2-06,2024-10-15,2.26,21.74,4.23
PHC-DST-B2-06,2024-10-16,3.39,20.61,6.34
PHC-DST-B2-06,2024-10-17,4.63,19.37,8.66
PHC-DST-B2-06,2024-10-18,4.4,19.6,8.23
PHC-DST-B2-06,2024-10-19,4.19,19.81,7.84
PHC-DST-B2-06,2024-10-20,3.9,20.1,7.29
PHC-DST-B2-06,2024-10-21,4.89,19.11,9.14
PHC-DST-B2-06,2024-10-22,3.0,21.0,5.61
PHC-DST-B2-06,2024-10-23,3.08,20.92,5.76
PHC-DST-B2-06,2024-10-24,4.64,19.36,8.68
PHC-DST-B2-06,2024-10-25,3.82,20.18,7.14
PHC-DST-B2-06,2024-10-26,3.3,20.7,6.17
PHC-DST-B2-06,2024-10-27,4.21,19.79,7.87
PHC-DST-B2-06,2024-10-28,3.47,20.53,6.49
PHC-DST-B2-06,2024-10-29,3.17,20.83,5.93
PHC-DST-B2-06,2024-10-30,3.15,20.85,5.89
PHC-DST-B2-06,2024-10-31,4.04,19.96,7.55
PHC-DST-B2-06,2024-11-01,3.95,20.05,7.39
PHC-DST-B2-06,2024-11-02,4.94,19.06,9.24
PHC-DST-B2-06,2024-11-03,3.58,20.42,6.69
PHC-DST-B2-06,2024-11-04,3.57,20.43,6.68
PHC-DST-B2-06,2024-11-05,4.88,19.12,9.13
PHC-DST-B2-06,2024-11-06,4.54,19.46,8.49
PHC-DST-B2-06,2024-11-07,3.91,20.09,7.31
PHC-DST-B2-06,2024-11-08,2.63,21.37,4.92
PHC-DST-B2-06,2024-11-09,3.19,20.81,5.97
PHC-DST-B2-06,2024-11-10,3.01,20.99,5.63
PHC-DST-B2-06,2024-11-11,3.83,,7.16
PHC-DST-B2-06,2024-11-12,3.42,20.58,6.4
PHC-DST-B2-06,2024-11-13,5.0,19.0,9.35
PHC-DST-B2-06,2024-11-14,2.62,21.38,4.9
PHC-DST-B2-06,2024-11-15,2.93,21.07,5.48
PHC-DST-B2-06,2024-11-16,3.98,20.02,7.44
PHC-DST-B2-06,2024-11-17,4.19,19.81,7.84
PHC-DST-B2-06,2024-11-18,1.86,22.14,3.48
PHC-DST-B2-06,2024-11-19,2.5,21.5,4.67
PHC-DST-B2-06,2024-11-20,3.6,20.4,6.73
PHC-DST-B2-06,2024-11-21,4.82,19.18,9.01
PHC-DST-B2-06,2024-11-22,5.22,18.78,9.76
PHC-DST-B2-06,2024-11-23,3.49,20.51,6.53
PHC-DST-B2-06,2024-11-24,3.67,20.33,6.86
PHC-DST-B2-06,2024-11-25,3.17,20.83,5.93
PHC-DST-B2-06,2024-11-26,4.27,19.73,7.98
PHC-DST-B2-06,2024-11-27,4.95,19.05,9.26
PHC-DST-B2-06,2024-11-28,4.74,19.26,8.86
PHC-DST-B2-06,2024-11-29,3.78,20.22,7.07
PHC-DST-B2-06,2024-11-30,,20.83,5.93
PHC-DST-B2-06,2024-12-01,3.81,20.19,7.12
PHC-DST-B2-06,2024-12-02,4.84,19.16,9.05
PHC-DST-B2-06,2024-12-03,3.5,20.5,6.55
PHC-DST-B2-06,2024-12-04,2.44,21.56,4.56
PHC-DST-B2-06,2024-12-05,3.53,20.47,6.6
PHC-DST-B2-06,2024-12-06,3.59,20.41,6.71
PHC-DST-B2-06,2024-12-07,2.43,21.57,4.54
PHC-DST-B2-06,2024-12-08,3.97,20.03,7.42
PHC-DST-B2-06,2024-12-09,4.18,19.82,7.82
PHC-DST-B2-06,2024-12-10,5.19,18.81,9.71
PHC-DST-B2-06,2024-12-11,2.8,21.2,5.24
PHC-DST-B2-06,2024-12-12,,19.65,8.13
PHC-DST-B2-06,2024-12-13,4.53,19.47,8.47
PHC-DST-B2-06,2024-12-14,4.19,19.81,7.84
PHC-DST-B2-06,2024-12-15,3.04,20.96,5.68
PHC-DST-B2-06,2024-12-16,3.0,21.0,5.61
PHC-DST-B2-06,2024-12-17,3.87,20.13,7.24
PHC-DST-B2-06,2024-12-18,3.87,20.13,7.24
PHC-DST-B2-06,2024-12-19,3.38,20.62,6.32
PHC-DST-B2-06,2024-12-20,4.77,19.23,8.92
PHC-DST-B2-06,2024-12-21,3.5,20.5,6.55
PHC-DST-B2-06,2024-12-22,2.38,21.62,4.45
PHC-DST-B2-06,2024-12-23,3.63,20.37,6.79
PHC-DST-B2-06,2024-12-24,4.16,19.84,7.78
PHC-DST-B2-06,2024-12-25,4.06,19.94,7.59
PHC-DST-B2-06,2024-12-26,4.05,19.95,7.57
PHC-DST-B2-06,2024-12-27,4.92,19.08,9.2
PHC-DST-B2-06,2024-12-28,2.96,21.04,5.54
PHC-DST-B2-06,2024-12-29,3.48,20.52,6.51
PHC-DST-B2-06,2024-12-30,4.96,19.04,9.28
PHC-DST-B2-06,2024-12-31,2.32,21.68,4.34
PHC-DST-B2-06,2025-01-01,3.76,20.24,7.03
PHC-DST-B2-06,2025-01-02,4.72,19.28,8.83
PHC-DST-B2-06,2025-01-03,4.71,19.29,8.81
PHC-DST-B2-06,2025-01-04,4.3,19.7,8.04
PHC-DST-B2-06,2025-01-05,4.31,19.69,8.06
PHC-DST-B2-06,2025-01-06,3.02,20.98,5.65
PHC-DST-B2-06,2025-01-07,4.83,19.17,9.03
PHC-DST-B2-06,2025-01-08,2.9,21.1,5.42
PHC-DST-B2-06,2025-01-09,2.94,21.06,5.5
PHC-DST-B2-06,2025-01-10,4.09,19.91,7.65
PHC-DST-B2-06,2025-01-11,3.43,20.57,6.41
PHC-DST-B2-06,2025-01-12,3.96,20.04,7.41
PHC-DST-B2-06,2025-01-13,4.12,19.88,7.7
PHC-DST-B2-06,2025-01-14,5.13,18.87,9.59
PHC-DST-B2-06,2025-01-15,4.13,19.87,7.72
PHC-DST-B2-06,2025-01-16,3.34,20.66,6.25
PHC-DST-B2-06,2025-01-17,4.31,19.69,8.06
PHC-DST-B2-06,2025-01-18,3.18,20.82,5.95
PHC-DST-B2-06,2025-01-19,4.48,19.52,8.38
PHC-DST-B2-06,2025-01-20,,20.15,7.2
PHC-DST-B2-06,2025-01-21,4.1,19.9,7.67
PHC-DST-B2-06,2025-01-22,2.46,21.54,4.6
PHC-DST-B2-06,2025-01-23,2.11,21.89,3.95
PHC-DST-B2-06,2025-01-24,2.67,21.33,4.99
PHC-DST-B2-06,2025-01-25,5.11,18.89,9.56
PHC-DST-B2-06,2025-01-26,2.94,21.06,5.5
PHC-DST-B2-06,2025-01-27,4.35,19.65,8.13
PHC-DST-B2-06,2025-01-28,3.32,20.68,6.21
PHC-DST-B2-06,2025-01-29,3.62,20.38,6.77
PHC-DST-B2-06,2025-01-30,3.77,20.23,7.05
PHC-DST-B2-06,2025-01-31,5.03,18.97,9.41
PHC-DST-B2-06,2025-02-01,4.24,19.76,7.93
PHC-DST-B2-06,2025-02-02,4.09,19.91,7.65
PHC-DST-B2-06,2025-02-03,4.77,19.23,8.92
PHC-DST-B2-06,2025-02-04,3.33,20.67,6.23
PHC-DST-B2-06,2025-02-05,4.6,19.4,8.6
PHC-DST-B2-06,2025-02-06,4.48,19.52,8.38
PHC-DST-B2-06,2025-02-07,4.47,19.53,8.36
PHC-DST-B2-06,2025-02-08,3.68,20.32,6.88
PHC-DST-B2-06,2025-02-09,3.47,20.53,6.49
PHC-DST-B2-06,2025-02-10,3.15,20.85,5.89
PHC-DST-B2-06,2025-02-11,3.19,20.81,5.97
PHC-DST-B2-06,2025-02-12,3.11,20.89,5.82
PHC-DST-B2-06,2025-02-13,4.08,19.92,7.63
PHC-DST-B2-06,2025-02-14,3.63,20.37,6.79
PHC-DST-B2-06,2025-02-15,4.12,19.88,7.7
PHC-DST-B2-06,2025-02-16,4.17,19.83,7.8
PHC-DST-B2-06,2025-02-17,3.01,20.99,5.63
PHC-DST-B2-06,2025-02-18,2.98,21.02,5.57
PHC-DST-B2-06,2025-02-19,3.63,20.37,6.79
PHC-DST-B2-06,2025-02-20,3.22,20.78,6.02
PHC-DST-B2-06,2025-02-21,3.14,20.86,5.87
PHC-DST-B2-06,2025-02-22,5.07,18.93,9.48
PHC-DST-B2-06,2025-02-23,2.65,21.35,4.96
PHC-DST-B2-06,2025-02-24,5.32,18.68,9.95
PHC-DST-B2-06,2025-02-25,4.02,19.98,7.52
PHC-DST-B2-06,2025-02-26,4.54,19.46,8.49
PHC-DST-B2-06,2025-02-27,4.45,19.55,8.32
PHC-DST-B2-06,2025-02-28,4.26,19.74,7.97
PHC-DST-B2-06,2025-03-01,5.05,18.95,9.44
PHC-DST-B2-06,2025-03-02,2.99,21.01,5.59
PHC-DST-B2-06,2025-03-03,3.68,20.32,6.88
PHC-DST-B2-06,2025-03-04,3.16,20.84,5.91
PHC-DST-B2-06,2025-03-05,2.53,21.47,4.73
PHC-DST-B2-06,2025-03-06,3.3,20.7,6.17
PHC-DST-B2-06,2025-03-07,5.2,18.8,9.72
PHC-DST-B2-06,2025-03-08,3.67,20.33,6.86
PHC-DST-B2-06,2025-03-09,5.29,18.71,9.89
PHC-DST-B2-06,2025-03-10,5.36,18.64,10.02
PHC-DST-B2-06,2025-03-11,6.05,17.95,11.31
PHC-DST-B2-06,2025-03-12,5.23,18.77,9.78
PHC-DST-B2-06,2025-03-13,5.57,18.43,10.42
PHC-DST-B2-06,2025-03-14,4.04,19.96,7.55
PHC-DST-B2-06,2025-03-15,,20.03,7.42
PHC-DST-B2-06,2025-03-16,4.02,19.98,7.52
PHC-DST-B2-06,2025-03-17,3.8,20.2,7.11
PHC-DST-B2-06,2025-03-18,3.91,20.09,7.31
PHC-DST-B2-06,2025-03-19,4.36,19.64,8.15
PHC-DST-B2-06,2025-03-20,3.45,20.55,6.45
PHC-DST-B2-06,2025-03-21,2.77,21.23,5.18
PHC-DST-B2-06,2025-03-22,4.07,19.93,7.61
PHC-DST-B2-06,2025-03-23,3.28,20.72,6.13
PHC-DST-B2-06,2025-03-24,3.36,20.64,6.28
PHC-DST-B2-06,2025-03-25,3.69,20.31,6.9
PHC-DST-B2-06,2025-03-26,3.52,20.48,6.58
PHC-DST-B2-06,2025-03-27,4.63,19.37,8.66
PHC-DST-B2-06,2025-03-28,3.67,20.33,6.86
PHC-DST-B2-06,2025-03-29,4.67,19.33,8.73
PHC-DST-B2-06,2025-03-30,3.95,20.05,7.39
PHC-DST-B2-06,2025-03-31,3.73,20.27,6.98
PHC-DST-B2-06,2025-04-01,3.92,20.08,7.33
PHC-DST-B2-06,2025-04-02,2.83,21.17,5.29
PHC-DST-B2-06,2025-04-03,4.05,19.95,7.57
PHC-DST-B2-06,2025-04-04,4.44,19.56,8.3
PHC-DST-B2-06,2025-04-05,4.54,19.46,8.49
PHC-DST-B2-06,2025-04-06,2.79,21.21,5.22
PHC-DST-B2-06,2025-04-07,2.66,21.34,4.97
PHC-DST-B2-06,2025-04-08,3.4,,6.36
PHC-DST-B2-06,2025-04-09,4.84,,9.05
PHC-DST-B2-06,2025-04-10,3.97,20.03,7.42
PHC-DST-B2-06,2025-04-11,3.22,20.78,6.02
PHC-DST-B2-06,2025-04-12,2.71,21.29,5.07
PHC-DST-B2-06,2025-04-13,3.29,20.71,6.15
PHC-DST-B2-06,2025-04-14,3.24,20.76,6.06
PHC-DST-B2-06,2025-04-15,4.5,19.5,8.42
PHC-DST-B2-06,2025-04-16,4.56,19.44,8.53
PHC-DST-B2-06,2025-04-17,3.01,20.99,5.63
PHC-DST-B2-06,2025-04-18,4.36,19.64,8.15
PHC-DST-B2-06,2025-04-19,4.29,19.71,8.02
PHC-DST-B2-06,2025-04-20,2.92,21.08,5.46
PHC-DST-B2-06,2025-04-21,3.74,20.26,6.99
PHC-DST-B2-06,2025-04-22,4.06,19.94,7.59
PHC-DST-B2-06,2025-04-23,3.92,20.08,7.33
PHC-DST-B2-06,2025-04-24,2.52,21.48,4.71
PHC-DST-B2-06,2025-04-25,3.9,20.1,7.29
PHC-DST-B2-06,2025-04-26,4.28,19.72,8.0
PHC-DST-B2-06,2025-04-27,,19.02,9.31
PHC-DST-B2-06,2025-04-28,3.3,20.7,6.17
PHC-DST-B2-06,2025-04-29,3.39,20.61,6.34
PHC-DST-B2-06,2025-04-30,3.64,20.36,6.81
PHC-DST-B2-06,2025-05-01,4.02,19.98,7.52
PHC-DST-B2-06,2025-05-02,3.87,20.13,7.24
PHC-DST-B2-06,2025-05-03,4.25,19.75,7.95
PHC-DST-B2-06,2025-05-04,2.96,21.04,5.54
PHC-DST-B2-06,2025-05-05,4.1,19.9,7.67
PHC-DST-B2-06,2025-05-06,3.24,20.76,6.06
PHC-DST-B2-06,2025-05-07,3.69,20.31,6.9
PHC-DST-B2-06,2025-05-08,5.08,18.92,9.5
PHC-DST-B2-06,2025-05-09,2.75,21.25,5.14
PHC-DST-B2-06,2025-05-10,3.59,20.41,6.71
PHC-DST-B2-06,2025-05-11,2.84,21.16,5.31
PHC-DST-B2-06,2025-05-12,3.91,20.09,7.31
PHC-DST-B2-06,2025-05-13,,19.41,8.58
PHC-DST-B2-06,2025-05-14,3.93,20.07,7.35
PHC-DST-B2-06,2025-05-15,3.71,20.29,6.94
PHC-DST-B2-06,2025-05-16,4.8,19.2,8.98
PHC-DST-B2-06,2025-05-17,4.05,19.95,7.57
PHC-DST-B2-06,2025-05-18,4.41,19.59,8.25
PHC-DST-B2-06,2025-05-19,4.34,19.66,8.12
PHC-DST-B2-06,2025-05-20,1.64,22.36,3.07
PHC-DST-B2-06,2025-05-21,3.74,20.26,6.99
PHC-DST-B2-06,2025-05-22,2.99,21.01,5.59
PHC-DST-B2-06,2025-05-23,3.18,20.82,5.95
PHC-DST-B2-06,2025-05-24,4.91,19.09,9.18
PHC-DST-B2-06,2025-05-25,3.52,20.48,6.58
PHC-DST-B2-06,2025-05-26,5.22,18.78,9.76
PHC-DST-B2-06,2025-05-27,,21.26,5.12
PHC-DST-B2-06,2025-05-28,2.99,21.01,5.59
PHC-DST-B2-06,2025-05-29,4.37,19.63,8.17
PHC-DST-B2-06,2025-05-30,3.54,20.46,6.62
PHC-DST-B2-06,2025-05-31,4.03,19.97,7.54
PHC-DST-B2-06,2025-06-01,3.72,20.28,6.96
PHC-DST-B2-06,2025-06-02,3.69,20.31,6.9
PHC-DST-B2-06,2025-06-03,3.57,20.43,6.68
PHC-DST-B2-06,2025-06-04,3.93,20.07,7.35
PHC-DST-B2-06,2025-06-05,4.28,19.72,8.0
PHC-DST-B2-06,2025-06-06,5.01,18.99,9.37
PHC-DST-B2-06,2025-06-07,3.65,20.35,6.83
PHC-DST-B2-06,2025-06-08,3.5,20.5,6.55
PHC-DST-B2-06,2025-06-09,3.41,20.59,6.38
PHC-DST-B2-06,2025-06-10,4.9,19.1,9.16
PHC-DST-B2-06,2025-06-11,4.32,19.68,8.08
PHC-DST-B2-06,2025-06-12,2.38,21.62,4.45
PHC-DST-B2-06,2025-06-13,2.34,21.66,4.38
PHC-DST-B2-06,2025-06-14,3.18,20.82,5.95
PHC-DST-B2-06,2025-06-15,3.97,20.03,7.42
PHC-DST-B2-06,2025-06-16,3.77,20.23,7.05
PHC-DST-B2-06,2025-06-17,4.19,19.81,7.84
PHC-DST-B2-06,2025-06-18,3.67,20.33,6.86
PHC-DST-B2-06,2025-06-19,4.85,,9.07
PHC-DST-B2-06,2025-06-20,4.38,19.62,8.19
PHC-DST-B2-06,2025-06-21,3.86,20.14,7.22
PHC-DST-B2-06,2025-06-22,4.66,19.34,8.71
PHC-DST-B2-06,2025-06-23,2.56,21.44,4.79
PHC-DST-B2-06,2025-06-24,3.74,20.26,6.99
PHC-DST-B2-06,2025-06-25,3.9,20.1,7.29
PHC-DST-B2-06,2025-06-26,4.25,19.75,7.95
PHC-DST-B2-06,2025-06-27,2.51,21.49,4.69
PHC-DST-B2-06,2025-06-28,3.6,20.4,6.73
PHC-DST-B2-06,2025-06-29,4.1,19.9,7.67
PHC-DST-B2-06,2025-06-30,4.16,19.84,7.78
PHC-DST-C1-01,2024-01-01,2.69,21.31,5.03
PHC-DST-C1-01,2024-01-02,2.37,21.63,4.43
PHC-DST-C1-01,2024-01-03,1.75,22.25,3.27
PHC-DST-C1-01,2024-01-04,2.31,21.69,4.32
PHC-DST-C1-01,2024-01-05,1.65,22.35,3.09
PHC-DST-C1-01,2024-01-06,1.91,22.09,3.57
PHC-DST-C1-01,2024-01-07,2.4,21.6,4.49
PHC-DST-C1-01,2024-01-08,1.77,22.23,3.31
PHC-DST-C1-01,2024-01-09,2.07,21.93,3.87
PHC-DST-C1-01,2024-01-10,2.52,21.48,4.71
PHC-DST-C1-01,2024-01-11,2.33,21.67,4.36
PHC-DST-C1-01,2024-01-12,2.73,21.27,5.11
PHC-DST-C1-01,2024-01-13,3.55,20.45,6.64
PHC-DST-C1-01,2024-01-14,2.33,21.67,4.36
PHC-DST-C1-01,2024-01-15,1.45,22.55,2.71
PHC-DST-C1-01,2024-01-16,2.18,21.82,4.08
PHC-DST-C1-01,2024-01-17,2.15,21.85,4.02
PHC-DST-C1-01,2024-01-18,2.26,21.74,4.23
PHC-DST-C1-01,2024-01-19,2.92,21.08,5.46
PHC-DST-C1-01,2024-01-20,0.54,23.46,1.01
PHC-DST-C1-01,2024-01-21,2.94,21.06,5.5
PHC-DST-C1-01,2024-01-22,3.19,20.81,5.97
PHC-DST-C1-01,2024-01-23,2.23,21.77,4.17
PHC-DST-C1-01,2024-01-24,2.24,21.76,4.19
PHC-DST-C1-01,2024-01-25,1.62,22.38,3.03
PHC-DST-C1-01,2024-01-26,1.8,22.2,3.37
PHC-DST-C1-01,2024-01-27,2.32,21.68,4.34
PHC-DST-C1-01,2024-01-28,2.28,21.72,4.26
PHC-DST-C1-01,2024-01-29,2.34,21.66,4.38
PHC-DST-C1-01,2024-01-30,2.27,21.73,4.24
PHC-DST-C1-01,2024-01-31,2.47,21.53,4.62
PHC-DST-C1-01,2024-02-01,2.39,21.61,4.47
PHC-DST-C1-01,2024-02-02,1.03,22.97,1.93
PHC-DST-C1-01,2024-02-03,2.42,21.58,4.53
PHC-DST-C1-01,2024-02-04,3.19,20.81,5.97
PHC-DST-C1-01,2024-02-05,1.78,22.22,3.33
PHC-DST-C1-01,2024-02-06,2.92,21.08,5.46
PHC-DST-C1-01,2024-02-07,1.11,22.89,2.08
PHC-DST-C1-01,2024-02-08,,22.22,3.33
PHC-DST-C1-01,2024-02-09,1.32,22.68,2.47
PHC-DST-C1-01,2024-02-10,2.83,21.17,5.29
PHC-DST-C1-01,2024-02-11,3.03,,5.67
PHC-DST-C1-01,2024-02-12,1.73,22.27,3.24
PHC-DST-C1-01,2024-02-13,2.68,21.32,5.01
PHC-DST-C1-01,2024-02-14,3.04,20.96,5.68
PHC-DST-C1-01,2024-02-15,1.78,22.22,3.33
PHC-DST-C1-01,2024-02-16,1.9,,3.55
PHC-DST-C1-01,2024-02-17,2.35,21.65,4.39
PHC-DST-C1-01,2024-02-18,1.17,22.83,2.19
PHC-DST-C1-01,2024-02-19,1.88,22.12,3.52
PHC-DST-C1-01,2024-02-20,3.41,20.59,6.38
PHC-DST-C1-01,2024-02-21,1.42,,2.66
PHC-DST-C1-01,2024-02-22,2.44,21.56,4.56
PHC-DST-C1-01,2024-02-23,2.19,21.81,4.1
PHC-DST-C1-01,2024-02-24,1.68,22.32,3.14
PHC-DST-C1-01,2024-02-25,1.97,22.03,3.68
PHC-DST-C1-01,2024-02-26,3.11,20.89,5.82
PHC-DST-C1-01,2024-02-27,2.22,21.78,4.15
PHC-DST-C1-01,2024-02-28,2.33,21.67,4.36
PHC-DST-C1-01,2024-02-29,3.0,21.0,5.61
PHC-DST-C1-01,2024-03-01,1.58,22.42,2.95
PHC-DST-C1-01,2024-03-02,1.01,22.99,1.89
PHC-DST-C1-01,2024-03-03,3.13,20.87,5.85
PHC-DST-C1-01,2024-03-04,1.9,22.1,3.55
PHC-DST-C1-01,2024-03-05,2.47,21.53,4.62
PHC-DST-C1-01,2024-03-06,1.23,22.77,2.3
PHC-DST-C1-01,2024-03-07,2.09,21.91,3.91
PHC-DST-C1-01,2024-03-08,0.98,23.02,1.83
PHC-DST-C1-01,2024-03-09,1.85,22.15,3.46
PHC-DST-C1-01,2024-03-10,1.31,22.69,2.45
PHC-DST-C1-01,2024-03-11,1.14,22.86,2.13
PHC-DST-C1-01,2024-03-12,1.57,22.43,2.94
PHC-DST-C1-01,2024-03-13,0.08,23.92,0.15
PHC-DST-C1-01,2024-03-14,0.93,23.07,1.74
PHC-DST-C1-01,2024-03-15,2.39,21.61,4.47
PHC-DST-C1-01,2024-03-16,2.06,21.94,3.85
PHC-DST-C1-01,2024-03-17,0.99,23.01,1.85
PHC-DST-C1-01,2024-03-18,2.21,21.79,4.13
PHC-DST-C1-01,2024-03-19,1.14,22.86,2.13
PHC-DST-C1-01,2024-03-20,2.34,21.66,4.38
PHC-DST-C1-01,2024-03-21,1.71,22.29,3.2
PHC-DST-C1-01,2024-03-22,1.56,22.44,2.92
PHC-DST-C1-01,2024-03-23,1.73,22.27,3.24
PHC-DST-C1-01,2024-03-24,3.72,20.28,6.96
PHC-DST-C1-01,2024-03-25,1.23,22.77,2.3
PHC-DST-C1-01,2024-03-26,1.97,22.03,3.68
PHC-DST-C1-01,2024-03-27,2.39,21.61,4.47
PHC-DST-C1-01,2024-03-28,1.08,22.92,2.02
PHC-DST-C1-01,2024-03-29,0.6,23.4,1.12
PHC-DST-C1-01,2024-03-30,1.35,,2.52
PHC-DST-C1-01,2024-03-31,2.37,21.63,4.43
PHC-DST-C1-01,2024-04-01,1.54,22.46,2.88
PHC-DST-C1-01,2024-04-02,1.63,22.37,3.05
PHC-DST-C1-01,2024-04-03,2.48,21.52,4.64
PHC-DST-C1-01,2024-04-04,1.2,22.8,2.24
PHC-DST-C1-01,2024-04-05,1.73,22.27,3.24
PHC-DST-C1-01,2024-04-06,0.66,23.34,1.23
PHC-DST-C1-01,2024-04-07,2.04,21.96,3.81
PHC-DST-C1-01,2024-04-08,1.97,22.03,3.68
PHC-DST-C1-01,2024-04-09,2.4,21.6,4.49
PHC-DST-C1-01,2024-04-10,0.94,23.06,1.76
PHC-DST-C1-01,2024-04-11,1.66,22.34,3.1
PHC-DST-C1-01,2024-04-12,0.84,23.16,1.57
PHC-DST-C1-01,2024-04-13,1.62,22.38,3.03
PHC-DST-C1-01,2024-04-14,2.91,21.09,5.44
PHC-DST-C1-01,2024-04-15,1.56,22.44,2.92
PHC-DST-C1-01,2024-04-16,0.78,23.22,1.46
PHC-DST-C1-01,2024-04-17,1.29,22.71,2.41
PHC-DST-C1-01,2024-04-18,0.59,23.41,1.1
PHC-DST-C1-01,2024-04-19,0.83,23.17,1.55
PHC-DST-C1-01,2024-04-20,2.3,21.7,4.3
PHC-DST-C1-01,2024-04-21,0.72,23.28,1.35
PHC-DST-C1-01,2024-04-22,2.03,21.97,3.8
PHC-DST-C1-01,2024-04-23,1.82,22.18,3.4
PHC-DST-C1-01,2024-04-24,1.4,22.6,2.62
PHC-DST-C1-01,2024-04-25,1.97,22.03,3.68
PHC-DST-C1-01,2024-04-26,1.1,22.9,2.06
PHC-DST-C1-01,2024-04-27,2.43,21.57,4.54
PHC-DST-C1-01,2024-04-28,1.28,22.72,2.39
PHC-DST-C1-01,2024-04-29,1.51,22.49,2.82
PHC-DST-C1-01,2024-04-30,1.42,22.58,2.66
PHC-DST-C1-01,2024-05-01,2.32,21.68,4.34
PHC-DST-C1-01,2024-05-02,2.21,21.79,4.13
PHC-DST-C1-01,2024-05-03,0.0,24.0,0.0
PHC-DST-C1-01,2024-05-04,1.99,22.01,3.72
PHC-DST-C1-01,2024-05-05,0.49,23.51,0.92
PHC-DST-C1-01,2024-05-06,1.54,22.46,2.88
PHC-DST-C1-01,2024-05-07,1.72,22.28,3.22
PHC-DST-C1-01,2024-05-08,1.54,22.46,2.88
PHC-DST-C1-01,2024-05-09,2.18,21.82,4.08
PHC-DST-C1-01,2024-05-10,2.34,21.66,4.38
PHC-DST-C1-01,2024-05-11,1.22,22.78,2.28
PHC-DST-C1-01,2024-05-12,1.19,22.81,2.23
PHC-DST-C1-01,2024-05-13,1.77,22.23,3.31
PHC-DST-C1-01,2024-05-14,0.64,23.36,1.2
PHC-DST-C1-01,2024-05-15,1.44,22.56,2.69
PHC-DST-C1-01,2024-05-16,2.81,21.19,5.25
PHC-DST-C1-01,2024-05-17,0.67,23.33,1.25
PHC-DST-C1-01,2024-05-18,1.54,22.46,2.88
PHC-DST-C1-01,2024-05-19,1.36,22.64,2.54
PHC-DST-C1-01,2024-05-20,3.3,20.7,6.17
PHC-DST-C1-01,2024-05-21,1.4,22.6,2.62
PHC-DST-C1-01,2024-05-22,1.44,22.56,2.69
PHC-DST-C1-01,2024-05-23,1.03,22.97,1.93
PHC-DST-C1-01,2024-05-24,1.81,22.19,3.38
PHC-DST-C1-01,2024-05-25,2.0,22.0,3.74
PHC-DST-C1-01,2024-05-26,1.14,22.86,2.13
PHC-DST-C1-01,2024-05-27,2.54,21.46,4.75
PHC-DST-C1-01,2024-05-28,2.0,22.0,3.74
PHC-DST-C1-01,2024-05-29,2.44,21.56,4.56
PHC-DST-C1-01,2024-05-30,1.55,22.45,2.9
PHC-DST-C1-01,2024-05-31,1.98,22.02,3.7
PHC-DST-C1-01,2024-06-01,1.64,22.36,3.07
PHC-DST-C1-01,2024-06-02,2.89,21.11,5.4
PHC-DST-C1-01,2024-06-03,1.89,22.11,3.53
PHC-DST-C1-01,2024-06-04,1.81,22.19,3.38
PHC-DST-C1-01,2024-06-05,1.46,22.54,2.73
PHC-DST-C1-01,2024-06-06,1.41,22.59,2.64
PHC-DST-C1-01,2024-06-07,1.98,22.02,3.7
PHC-DST-C1-01,2024-06-08,2.41,21.59,4.51
PHC-DST-C1-01,2024-06-09,1.29,22.71,2.41
PHC-DST-C1-01,2024-06-10,1.89,22.11,3.53
PHC-DST-C1-01,2024-06-11,1.94,22.06,3.63
PHC-DST-C1-01,2024-06-12,2.07,21.93,3.87
PHC-DST-C1-01,2024-06-13,0.52,23.48,0.97
PHC-DST-C1-01,2024-06-14,1.11,22.89,2.08
PHC-DST-C1-01,2024-06-15,0.78,23.22,1.46
PHC-DST-C1-01,2024-06-16,1.82,22.18,3.4
PHC-DST-C1-01,2024-06-17,1.12,22.88,2.09
PHC-DST-C1-01,2024-06-18,1.43,22.57,2.67
PHC-DST-C1-01,2024-06-19,0.9,23.1,1.68
PHC-DST-C1-01,2024-06-20,1.5,22.5,2.81
PHC-DST-C1-01,2024-06-21,0.96,23.04,1.8
PHC-DST-C1-01,2024-06-22,2.37,21.63,4.43
PHC-DST-C1-01,2024-06-23,2.16,21.84,4.04
PHC-DST-C1-01,2024-06-24,1.91,22.09,3.57
PHC-DST-C1-01,2024-06-25,1.57,22.43,2.94
PHC-DST-C1-01,2024-06-26,0.27,23.73,0.5
PHC-DST-C1-01,2024-06-27,1.46,22.54,2.73
PHC-DST-C1-01,2024-06-28,1.23,22.77,2.3
PHC-DST-C1-01,2024-06-29,1.99,22.01,3.72
PHC-DST-C1-01,2024-06-30,2.26,21.74,4.23
PHC-DST-C1-01,2024-07-01,2.04,21.96,3.81
PHC-DST-C1-01,2024-07-02,2.75,21.25,5.14
PHC-DST-C1-01,2024-07-03,1.37,22.63,2.56
PHC-DST-C1-01,2024-07-04,1.34,22.66,2.51
PHC-DST-C1-01,2024-07-05,2.58,21.42,4.82
PHC-DST-C1-01,2024-07-06,1.92,22.08,3.59
PHC-DST-C1-01,2024-07-07,1.61,22.39,3.01
PHC-DST-C1-01,2024-07-08,3.18,20.82,5.95
PHC-DST-C1-01,2024-07-09,2.23,21.77,4.17
PHC-DST-C1-01,2024-07-10,1.66,22.34,3.1
PHC-DST-C1-01,2024-07-11,1.29,22.71,2.41
PHC-DST-C1-01,2024-07-12,2.79,21.21,5.22
PHC-DST-C1-01,2024-07-13,1.96,22.04,3.67
PHC-DST-C1-01,2024-07-14,1.82,22.18,3.4
PHC-DST-C1-01,2024-07-15,2.31,21.69,4.32
PHC-DST-C1-01,2024-07-16,2.46,21.54,4.6
PHC-DST-C1-01,2024-07-17,2.21,21.79,4.13
PHC-DST-C1-01,2024-07-18,2.46,21.54,4.6
PHC-DST-C1-01,2024-07-19,2.14,21.86,4.0
PHC-DST-C1-01,2024-07-20,2.22,21.78,4.15
PHC-DST-C1-01,2024-07-21,1.25,22.75,2.34
PHC-DST-C1-01,2024-07-22,3.16,20.84,5.91
PHC-DST-C1-01,2024-07-23,0.87,23.13,1.63
PHC-DST-C1-01,2024-07-24,2.03,21.97,3.8
PHC-DST-C1-01,2024-07-25,0.8,23.2,1.5
PHC-DST-C1-01,2024-07-26,1.73,22.27,3.24
PHC-DST-C1-01,2024-07-27,1.37,22.63,2.56
PHC-DST-C1-01,2024-07-28,1.9,22.1,3.55
PHC-DST-C1-01,2024-07-29,2.06,21.94,3.85
PHC-DST-C1-01,2024-07-30,1.08,22.92,2.02
PHC-DST-C1-01,2024-07-31,1.78,22.22,3.33
PHC-DST-C1-01,2024-08-01,2.85,21.15,5.33
PHC-DST-C1-01,2024-08-02,0.82,23.18,1.53
PHC-DST-C1-01,2024-08-03,1.16,22.84,2.17
PHC-DST-C1-01,2024-08-04,2.45,21.55,4.58
PHC-DST-C1-01,2024-08-05,1.86,22.14,3.48
PHC-DST-C1-01,2024-08-06,1.91,22.09,3.57
PHC-DST-C1-01,2024-08-07,2.57,21.43,4.81
PHC-DST-C1-01,2024-08-08,1.2,22.8,2.24
PHC-DST-C1-01,2024-08-09,1.41,22.59,2.64
PHC-DST-C1-01,2024-08-10,1.32,22.68,2.47
PHC-DST-C1-01,2024-08-11,1.54,22.46,2.88
PHC-DST-C1-01,2024-08-12,2.8,21.2,5.24
PHC-DST-C1-01,2024-08-13,0.52,23.48,0.97
PHC-DST-C1-01,2024-08-14,10.28,13.72,19.22
PHC-DST-C1-01,2024-08-15,2.85,21.15,5.33
PHC-DST-C1-01,2024-08-16,1.34,22.66,2.51
PHC-DST-C1-01,2024-08-17,1.55,22.45,2.9
PHC-DST-C1-01,2024-08-18,0.59,23.41,1.1
PHC-DST-C1-01,2024-08-19,1.6,22.4,2.99
PHC-DST-C1-01,2024-08-20,,21.55,4.58
PHC-DST-C1-01,2024-08-21,,22.01,3.72
PHC-DST-C1-01,2024-08-22,1.72,22.28,3.22
PHC-DST-C1-01,2024-08-23,0.63,23.37,1.18
PHC-DST-C1-01,2024-08-24,1.55,,2.9
PHC-DST-C1-01,2024-08-25,1.91,22.09,3.57
PHC-DST-C1-01,2024-08-26,1.06,22.94,1.98
PHC-DST-C1-01,2024-08-27,2.29,21.71,4.28
PHC-DST-C1-01,2024-08-28,2.46,21.54,4.6
PHC-DST-C1-01,2024-08-29,1.4,22.6,2.62
PHC-DST-C1-01,2024-08-30,2.34,21.66,4.38
PHC-DST-C1-01,2024-08-31,1.72,22.28,3.22
PHC-DST-C1-01,2024-09-01,2.66,21.34,4.97
PHC-DST-C1-01,2024-09-02,3.33,20.67,6.23
PHC-DST-C1-01,2024-09-03,0.98,23.02,1.83
PHC-DST-C1-01,2024-09-04,2.38,21.62,4.45
PHC-DST-C1-01,2024-09-05,2.78,21.22,5.2
PHC-DST-C1-01,2024-09-06,1.07,22.93,2.0
PHC-DST-C1-01,2024-09-07,1.37,22.63,2.56
PHC-DST-C1-01,2024-09-08,11.64,12.36,21.77
PHC-DST-C1-01,2024-09-09,1.53,22.47,2.86
PHC-DST-C1-01,2024-09-10,1.65,22.35,3.09
PHC-DST-C1-01,2024-09-11,2.43,21.57,4.54
PHC-DST-C1-01,2024-09-12,0.38,23.62,0.71
PHC-DST-C1-01,2024-09-13,1.07,22.93,2.0
PHC-DST-C1-01,2024-09-14,2.3,21.7,4.3
PHC-DST-C1-01,2024-09-15,2.21,21.79,4.13
PHC-DST-C1-01,2024-09-16,1.01,22.99,1.89
PHC-DST-C1-01,2024-09-17,2.22,21.78,4.15
PHC-DST-C1-01,2024-09-18,2.8,21.2,5.24
PHC-DST-C1-01,2024-09-19,1.76,22.24,3.29
PHC-DST-C1-01,2024-09-20,1.04,22.96,1.94
PHC-DST-C1-01,2024-09-21,,21.54,4.6
PHC-DST-C1-01,2024-09-22,3.09,20.91,5.78
PHC-DST-C1-01,2024-09-23,1.14,22.86,2.13
PHC-DST-C1-01,2024-09-24,1.83,22.17,3.42
PHC-DST-C1-01,2024-09-25,2.62,21.38,4.9
PHC-DST-C1-01,2024-09-26,1.89,22.11,3.53
PHC-DST-C1-01,2024-09-27,0.49,23.51,0.92
PHC-DST-C1-01,2024-09-28,2.13,21.87,3.98
PHC-DST-C1-01,2024-09-29,1.07,22.93,2.0
PHC-DST-C1-01,2024-09-30,0.85,23.15,1.59
PHC-DST-C1-01,2024-10-01,0.5,23.5,0.94
PHC-DST-C1-01,2024-10-02,2.69,21.31,5.03
PHC-DST-C1-01,2024-10-03,1.17,,2.19
PHC-DST-C1-01,2024-10-04,2.05,21.95,3.83
PHC-DST-C1-01,2024-10-05,2.23,21.77,4.17
PHC-DST-C1-01,2024-10-06,1.92,22.08,3.59
PHC-DST-C1-01,2024-10-07,2.02,21.98,3.78
PHC-DST-C1-01,2024-10-08,2.09,21.91,3.91
PHC-DST-C1-01,2024-10-09,1.9,22.1,3.55
PHC-DST-C1-01,2024-10-10,1.23,22.77,2.3
PHC-DST-C1-01,2024-10-11,1.16,22.84,2.17
PHC-DST-C1-01,2024-10-12,1.72,22.28,3.22
PHC-DST-C1-01,2024-10-13,1.71,22.29,3.2
PHC-DST-C1-01,2024-10-14,2.12,21.88,3.96
PHC-DST-C1-01,2024-10-15,2.63,21.37,4.92
PHC-DST-C1-01,2024-10-16,2.06,21.94,3.85
PHC-DST-C1-01,2024-10-17,1.19,22.81,2.23
PHC-DST-C1-01,2024-10-18,0.16,23.84,0.3
PHC-DST-C1-01,2024-10-19,1.22,22.78,2.28
PHC-DST-C1-01,2024-10-20,0.79,23.21,1.48
PHC-DST-C1-01,2024-10-21,1.25,22.75,2.34
PHC-DST-C1-01,2024-10-22,1.98,22.02,3.7
PHC-DST-C1-01,2024-10-23,1.86,22.14,3.48
PHC-DST-C1-01,2024-10-24,3.19,20.81,5.97
PHC-DST-C1-01,2024-10-25,2.16,21.84,4.04
PHC-DST-C1-01,2024-10-26,3.23,,6.04
PHC-DST-C1-01,2024-10-27,2.34,21.66,4.38
PHC-DST-C1-01,2024-10-28,2.61,21.39,4.88
PHC-DST-C1-01,2024-10-29,1.53,22.47,2.86
PHC-DST-C1-01,2024-10-30,0.99,23.01,1.85
PHC-DST-C1-01,2024-10-31,1.46,22.54,2.73
PHC-DST-C1-01,2024-11-01,1.79,22.21,3.35
PHC-DST-C1-01,2024-11-02,1.33,22.67,2.49
PHC-DST-C1-01,2024-11-03,1.05,22.95,1.96
PHC-DST-C1-01,2024-11-04,2.11,21.89,3.95
PHC-DST-C1-01,2024-11-05,1.05,22.95,1.96
PHC-DST-C1-01,2024-11-06,0.65,23.35,1.22
PHC-DST-C1-01,2024-11-07,0.96,23.04,1.8
PHC-DST-C1-01,2024-11-08,1.62,22.38,3.03
PHC-DST-C1-01,2024-11-09,1.06,22.94,1.98
PHC-DST-C1-01,2024-11-10,1.63,22.37,3.05
PHC-DST-C1-01,2024-11-11,2.25,21.75,4.21
PHC-DST-C1-01,2024-11-12,2.23,21.77,4.17
PHC-DST-C1-01,2024-11-13,1.3,,2.43
PHC-DST-C1-01,2024-11-14,0.82,23.18,1.53
PHC-DST-C1-01,2024-11-15,1.37,22.63,2.56
PHC-DST-C1-01,2024-11-16,2.29,21.71,4.28
PHC-DST-C1-01,2024-11-17,2.47,21.53,4.62
PHC-DST-C1-01,2024-11-18,2.06,21.94,3.85
PHC-DST-C1-01,2024-11-19,2.7,21.3,5.05
PHC-DST-C1-01,2024-11-20,3.1,20.9,5.8
PHC-DST-C1-01,2024-11-21,1.44,22.56,2.69
PHC-DST-C1-01,2024-11-22,2.91,21.09,5.44
PHC-DST-C1-01,2024-11-23,1.6,22.4,2.99
PHC-DST-C1-01,2024-11-24,2.56,21.44,4.79
PHC-DST-C1-01,2024-11-25,,21.67,4.36
PHC-DST-C1-01,2024-11-26,0.32,,0.6
PHC-DST-C1-01,2024-11-27,1.08,22.92,2.02
PHC-DST-C1-01,2024-11-28,0.88,23.12,1.65
PHC-DST-C1-01,2024-11-29,0.46,23.54,0.86
PHC-DST-C1-01,2024-11-30,2.46,21.54,4.6
PHC-DST-C1-01,2024-12-01,3.35,20.65,6.26
PHC-DST-C1-01,2024-12-02,1.61,22.39,3.01
PHC-DST-C1-01,2024-12-03,2.44,21.56,4.56
PHC-DST-C1-01,2024-12-04,2.91,21.09,5.44
PHC-DST-C1-01,2024-12-05,1.96,22.04,3.67
PHC-DST-C1-01,2024-12-06,1.78,22.22,3.33
PHC-DST-C1-01,2024-12-07,1.62,22.38,3.03
PHC-DST-C1-01,2024-12-08,2.2,21.8,4.11
PHC-DST-C1-01,2024-12-09,2.46,21.54,4.6
PHC-DST-C1-01,2024-12-10,,21.85,4.02
PHC-DST-C1-01,2024-12-11,2.12,21.88,3.96
PHC-DST-C1-01,2024-12-12,1.76,22.24,3.29
PHC-DST-C1-01,2024-12-13,0.61,23.39,1.14
PHC-DST-C1-01,2024-12-14,2.47,21.53,4.62
PHC-DST-C1-01,2024-12-15,0.84,,1.57
PHC-DST-C1-01,2024-12-16,2.26,21.74,4.23
PHC-DST-C1-01,2024-12-17,2.37,21.63,4.43
PHC-DST-C1-01,2024-12-18,0.94,23.06,1.76
PHC-DST-C1-01,2024-12-19,1.34,22.66,2.51
PHC-DST-C1-01,2024-12-20,3.39,20.61,6.34
PHC-DST-C1-01,2024-12-21,1.74,22.26,3.25
PHC-DST-C1-01,2024-12-22,0.88,23.12,1.65
PHC-DST-C1-01,2024-12-23,2.4,21.6,4.49
PHC-DST-C1-01,2024-12-24,1.22,22.78,2.28
PHC-DST-C1-01,2024-12-25,0.36,23.64,0.67
PHC-DST-C1-01,2024-12-26,2.19,21.81,4.1
PHC-DST-C1-01,2024-12-27,1.11,22.89,2.08
PHC-DST-C1-01,2024-12-28,2.04,21.96,3.81
PHC-DST-C1-01,2024-12-29,1.19,22.81,2.23
PHC-DST-C1-01,2024-12-30,2.33,21.67,4.36
PHC-DST-C1-01,2024-12-31,1.94,22.06,3.63
PHC-DST-C1-01,2025-01-01,0.0,24.0,0.0
PHC-DST-C1-01,2025-01-02,2.09,21.91,3.91
PHC-DST-C1-01,2025-01-03,1.58,22.42,2.95
PHC-DST-C1-01,2025-01-04,2.86,21.14,5.35
PHC-DST-C1-01,2025-01-05,2.1,21.9,3.93
PHC-DST-C1-01,2025-01-06,2.37,,4.43
PHC-DST-C1-01,2025-01-07,1.27,22.73,2.37
PHC-DST-C1-01,2025-01-08,1.21,22.79,2.26
PHC-DST-C1-01,2025-01-09,1.78,22.22,3.33
PHC-DST-C1-01,2025-01-10,1.53,22.47,2.86
PHC-DST-C1-01,2025-01-11,2.8,21.2,5.24
PHC-DST-C1-01,2025-01-12,1.69,22.31,3.16
PHC-DST-C1-01,2025-01-13,0.88,23.12,1.65
PHC-DST-C1-01,2025-01-14,1.18,22.82,2.21
PHC-DST-C1-01,2025-01-15,2.52,21.48,4.71
PHC-DST-C1-01,2025-01-16,1.67,22.33,3.12
PHC-DST-C1-01,2025-01-17,1.63,22.37,3.05
PHC-DST-C1-01,2025-01-18,2.6,21.4,4.86
PHC-DST-C1-01,2025-01-19,1.11,22.89,2.08
PHC-DST-C1-01,2025-01-20,0.12,,0.22
PHC-DST-C1-01,2025-01-21,1.16,22.84,2.17
PHC-DST-C1-01,2025-01-22,1.98,22.02,3.7
PHC-DST-C1-01,2025-01-23,1.61,22.39,3.01
PHC-DST-C1-01,2025-01-24,0.63,23.37,1.18
PHC-DST-C1-01,2025-01-25,2.56,21.44,4.79
PHC-DST-C1-01,2025-01-26,1.92,22.08,3.59
PHC-DST-C1-01,2025-01-27,2.09,21.91,3.91
PHC-DST-C1-01,2025-01-28,2.11,21.89,3.95
PHC-DST-C1-01,2025-01-29,0.83,23.17,1.55
PHC-DST-C1-01,2025-01-30,2.03,21.97,3.8
PHC-DST-C1-01,2025-01-31,2.48,21.52,4.64
PHC-DST-C1-01,2025-02-01,2.66,21.34,4.97
PHC-DST-C1-01,2025-02-02,2.34,21.66,4.38
PHC-DST-C1-01,2025-02-03,,21.82,4.08
PHC-DST-C1-01,2025-02-04,0.5,23.5,0.94
PHC-DST-C1-01,2025-02-05,1.79,22.21,3.35
PHC-DST-C1-01,2025-02-06,1.08,22.92,2.02
PHC-DST-C1-01,2025-02-07,2.76,21.24,5.16
PHC-DST-C1-01,2025-02-08,2.65,21.35,4.96
PHC-DST-C1-01,2025-02-09,1.09,22.91,2.04
PHC-DST-C1-01,2025-02-10,1.77,22.23,3.31
PHC-DST-C1-01,2025-02-11,1.99,22.01,3.72
PHC-DST-C1-01,2025-02-12,2.48,21.52,4.64
PHC-DST-C1-01,2025-02-13,0.54,23.46,1.01
PHC-DST-C1-01,2025-02-14,0.14,23.86,0.26
PHC-DST-C1-01,2025-02-15,1.83,22.17,3.42
PHC-DST-C1-01,2025-02-16,0.0,24.0,0.0
PHC-DST-C1-01,2025-02-17,1.92,22.08,3.59
PHC-DST-C1-01,2025-02-18,2.24,21.76,4.19
PHC-DST-C1-01,2025-02-19,2.73,21.27,5.11
PHC-DST-C1-01,2025-02-20,1.33,22.67,2.49
PHC-DST-C1-01,2025-02-21,1.92,22.08,3.59
PHC-DST-C1-01,2025-02-22,2.29,21.71,4.28
PHC-DST-C1-01,2025-02-23,0.92,23.08,1.72
PHC-DST-C1-01,2025-02-24,2.49,21.51,4.66
PHC-DST-C1-01,2025-02-25,2.01,21.99,3.76
PHC-DST-C1-01,2025-02-26,,22.65,2.52
PHC-DST-C1-01,2025-02-27,1.91,22.09,3.57
PHC-DST-C1-01,2025-02-28,1.7,22.3,3.18
PHC-DST-C1-01,2025-03-01,2.39,21.61,4.47
PHC-DST-C1-01,2025-03-02,1.53,22.47,2.86
PHC-DST-C1-01,2025-03-03,1.97,22.03,3.68
PHC-DST-C1-01,2025-03-04,1.33,22.67,2.49
PHC-DST-C1-01,2025-03-05,1.1,22.9,2.06
PHC-DST-C1-01,2025-03-06,1.93,22.07,3.61
PHC-DST-C1-01,2025-03-07,1.13,22.87,2.11
PHC-DST-C1-01,2025-03-08,2.4,21.6,4.49
PHC-DST-C1-01,2025-03-09,2.24,21.76,4.19
PHC-DST-C1-01,2025-03-10,1.23,22.77,2.3
PHC-DST-C1-01,2025-03-11,1.96,22.04,3.67
PHC-DST-C1-01,2025-03-12,1.22,22.78,2.28
PHC-DST-C1-01,2025-03-13,0.6,23.4,1.12
PHC-DST-C1-01,2025-03-14,1.35,22.65,2.52
PHC-DST-C1-01,2025-03-15,1.76,22.24,3.29
PHC-DST-C1-01,2025-03-16,2.19,21.81,4.1
PHC-DST-C1-01,2025-03-17,1.91,22.09,3.57
PHC-DST-C1-01,2025-03-18,2.48,21.52,4.64
PHC-DST-C1-01,2025-03-19,1.06,22.94,1.98
PHC-DST-C1-01,2025-03-20,1.52,22.48,2.84
PHC-DST-C1-01,2025-03-21,3.03,20.97,5.67
PHC-DST-C1-01,2025-03-22,0.35,23.65,0.65
PHC-DST-C1-01,2025-03-23,1.46,22.54,2.73
PHC-DST-C1-01,2025-03-24,1.0,23.0,1.87
PHC-DST-C1-01,2025-03-25,1.65,22.35,3.09
PHC-DST-C1-01,2025-03-26,,,2.75
PHC-DST-C1-01,2025-03-27,2.25,21.75,4.21
PHC-DST-C1-01,2025-03-28,1.99,22.01,3.72
PHC-DST-C1-01,2025-03-29,0.82,23.18,1.53
PHC-DST-C1-01,2025-03-30,1.36,22.64,2.54
PHC-DST-C1-01,2025-03-31,1.8,22.2,3.37
PHC-DST-C1-01,2025-04-01,2.35,21.65,4.39
PHC-DST-C1-01,2025-04-02,3.62,20.38,6.77
PHC-DST-C1-01,2025-04-03,,21.67,4.36
PHC-DST-C1-01,2025-04-04,1.04,22.96,1.94
PHC-DST-C1-01,2025-04-05,1.73,22.27,3.24
PHC-DST-C1-01,2025-04-06,1.94,22.06,3.63
PHC-DST-C1-01,2025-04-07,1.41,22.59,2.64
PHC-DST-C1-01,2025-04-08,2.15,21.85,4.02
PHC-DST-C1-01,2025-04-09,0.1,23.9,0.19
PHC-DST-C1-01,2025-04-10,2.21,21.79,4.13
PHC-DST-C1-01,2025-04-11,1.44,,2.69
PHC-DST-C1-01,2025-04-12,1.72,22.28,3.22
PHC-DST-C1-01,2025-04-13,2.9,21.1,5.42
PHC-DST-C1-01,2025-04-14,0.85,23.15,1.59
PHC-DST-C1-01,2025-04-15,2.0,22.0,3.74
PHC-DST-C1-01,2025-04-16,,21.6,4.49
PHC-DST-C1-01,2025-04-17,1.93,22.07,3.61
PHC-DST-C1-01,2025-04-18,0.59,23.41,1.1
PHC-DST-C1-01,2025-04-19,2.81,21.19,5.25
PHC-DST-C1-01,2025-04-20,1.64,22.36,3.07
PHC-DST-C1-01,2025-04-21,1.4,22.6,2.62
PHC-DST-C1-01,2025-04-22,1.57,22.43,2.94
PHC-DST-C1-01,2025-04-23,1.51,22.49,2.82
PHC-DST-C1-01,2025-04-24,0.91,23.09,1.7
PHC-DST-C1-01,2025-04-25,1.92,22.08,3.59
PHC-DST-C1-01,2025-04-26,1.35,22.65,2.52
PHC-DST-C1-01,2025-04-27,2.3,21.7,4.3
PHC-DST-C1-01,2025-04-28,2.19,21.81,4.1
PHC-DST-C1-01,2025-04-29,3.02,20.98,5.65
PHC-DST-C1-01,2025-04-30,1.64,22.36,3.07
PHC-DST-C1-01,2025-05-01,1.2,22.8,2.24
PHC-DST-C1-01,2025-05-02,0.7,23.3,1.31
PHC-DST-C1-01,2025-05-03,3.45,20.55,6.45
PHC-DST-C1-01,2025-05-04,2.3,21.7,4.3
PHC-DST-C1-01,2025-05-05,1.28,22.72,2.39
PHC-DST-C1-01,2025-05-06,3.07,20.93,5.74
PHC-DST-C1-01,2025-05-07,2.82,21.18,5.27
PHC-DST-C1-01,2025-05-08,0.79,23.21,1.48
PHC-DST-C1-01,2025-05-09,1.23,22.77,2.3
PHC-DST-C1-01,2025-05-10,1.7,22.3,3.18
PHC-DST-C1-01,2025-05-11,1.0,23.0,1.87
PHC-DST-C1-01,2025-05-12,1.73,22.27,3.24
PHC-DST-C1-01,2025-05-13,2.33,21.67,4.36
PHC-DST-C1-01,2025-05-14,0.77,23.23,1.44
PHC-DST-C1-01,2025-05-15,,21.98,3.78
PHC-DST-C1-01,2025-05-16,2.68,21.32,5.01
PHC-DST-C1-01,2025-05-17,2.1,21.9,3.93
PHC-DST-C1-01,2025-05-18,1.74,22.26,3.25
PHC-DST-C1-01,2025-05-19,1.3,22.7,2.43
PHC-DST-C1-01,2025-05-20,2.42,21.58,4.53
PHC-DST-C1-01,2025-05-21,0.92,23.08,1.72
PHC-DST-C1-01,2025-05-22,1.98,22.02,3.7
PHC-DST-C1-01,2025-05-23,1.82,22.18,3.4
PHC-DST-C1-01,2025-05-24,2.64,21.36,4.94
PHC-DST-C1-01,2025-05-25,1.36,22.64,2.54
PHC-DST-C1-01,2025-05-26,1.43,22.57,2.67
PHC-DST-C1-01,2025-05-27,0.87,23.13,1.63
PHC-DST-C1-01,2025-05-28,2.13,21.87,3.98
PHC-DST-C1-01,2025-05-29,1.48,22.52,2.77
PHC-DST-C1-01,2025-05-30,1.15,22.85,2.15
PHC-DST-C1-01,2025-05-31,1.22,,2.28
PHC-DST-C1-01,2025-06-01,2.2,21.8,4.11
PHC-DST-C1-01,2025-06-02,0.97,23.03,1.81
PHC-DST-C1-01,2025-06-03,1.04,22.96,1.94
PHC-DST-C1-01,2025-06-04,2.47,21.53,4.62
PHC-DST-C1-01,2025-06-05,1.68,22.32,3.14
PHC-DST-C1-01,2025-06-06,2.52,21.48,4.71
PHC-DST-C1-01,2025-06-07,1.53,22.47,2.86
PHC-DST-C1-01,2025-06-08,1.8,22.2,3.37
PHC-DST-C1-01,2025-06-09,1.92,22.08,3.59
PHC-DST-C1-01,2025-06-10,2.84,21.16,5.31
PHC-DST-C1-01,2025-06-11,2.78,21.22,5.2
PHC-DST-C1-01,2025-06-12,2.66,21.34,4.97
PHC-DST-C1-01,2025-06-13,1.33,22.67,2.49
PHC-DST-C1-01,2025-06-14,1.06,22.94,1.98
PHC-DST-C1-01,2025-06-15,2.37,21.63,4.43
PHC-DST-C1-01,2025-06-16,2.83,21.17,5.29
PHC-DST-C1-01,2025-06-17,2.67,21.33,4.99
PHC-DST-C1-01,2025-06-18,1.81,22.19,3.38
PHC-DST-C1-01,2025-06-19,2.35,21.65,4.39
PHC-DST-C1-01,2025-06-20,2.36,21.64,4.41
PHC-DST-C1-01,2025-06-21,1.91,22.09,3.57
PHC-DST-C1-01,2025-06-22,1.94,22.06,3.63
PHC-DST-C1-01,2025-06-23,1.87,22.13,3.5
PHC-DST-C1-01,2025-06-24,1.21,22.79,2.26
PHC-DST-C1-01,2025-06-25,1.29,22.71,2.41
PHC-DST-C1-01,2025-06-26,,22.73,2.37
PHC-DST-C1-01,2025-06-27,0.6,23.4,1.12
PHC-DST-C1-01,2025-06-28,1.91,22.09,3.57
PHC-DST-C1-01,2025-06-29,1.77,22.23,3.31
PHC-DST-C1-01,2025-06-30,2.37,21.63,4.43
PHC-DST-C1-02,2024-01-01,2.75,21.25,6.05
PHC-DST-C1-02,2024-01-02,2.79,21.21,6.14
PHC-DST-C1-02,2024-01-03,2.86,21.14,6.29
PHC-DST-C1-02,2024-01-04,1.23,22.77,2.71
PHC-DST-C1-02,2024-01-05,0.73,23.27,1.61
PHC-DST-C1-02,2024-01-06,2.5,21.5,5.5
PHC-DST-C1-02,2024-01-07,2.84,21.16,6.25
PHC-DST-C1-02,2024-01-08,2.97,21.03,6.53
PHC-DST-C1-02,2024-01-09,2.16,21.84,4.75
PHC-DST-C1-02,2024-01-10,0.3,23.7,0.66
PHC-DST-C1-02,2024-01-11,2.07,21.93,4.55
PHC-DST-C1-02,2024-01-12,2.22,21.78,4.88
PHC-DST-C1-02,2024-01-13,2.74,21.26,6.03
PHC-DST-C1-02,2024-01-14,2.87,21.13,6.31
PHC-DST-C1-02,2024-01-15,2.48,21.52,5.46
PHC-DST-C1-02,2024-01-16,1.36,22.64,2.99
PHC-DST-C1-02,2024-01-17,1.03,22.97,2.27
PHC-DST-C1-02,2024-01-18,2.2,21.8,4.84
PHC-DST-C1-02,2024-01-19,1.21,22.79,2.66
PHC-DST-C1-02,2024-01-20,2.91,21.09,6.4
PHC-DST-C1-02,2024-01-21,0.52,23.48,1.14
PHC-DST-C1-02,2024-01-22,2.23,21.77,4.91
PHC-DST-C1-02,2024-01-23,2.04,21.96,4.49
PHC-DST-C1-02,2024-01-24,1.64,22.36,3.61
PHC-DST-C1-02,2024-01-25,1.11,22.89,2.44
PHC-DST-C1-02,2024-01-26,0.25,23.75,0.55
PHC-DST-C1-02,2024-01-27,1.4,22.6,3.08
PHC-DST-C1-02,2024-01-28,1.41,22.59,3.1
PHC-DST-C1-02,2024-01-29,2.63,21.37,5.79
PHC-DST-C1-02,2024-01-30,1.21,22.79,2.66
PHC-DST-C1-02,2024-01-31,2.14,21.86,4.71
PHC-DST-C1-02,2024-02-01,0.83,23.17,1.83
PHC-DST-C1-02,2024-02-02,2.16,21.84,4.75
PHC-DST-C1-02,2024-02-03,0.12,23.88,0.26
PHC-DST-C1-02,2024-02-04,3.37,20.63,7.41
PHC-DST-C1-02,2024-02-05,1.69,22.31,3.72
PHC-DST-C1-02,2024-02-06,0.0,24.0,0.0
PHC-DST-C1-02,2024-02-07,1.26,22.74,2.77
PHC-DST-C1-02,2024-02-08,1.14,22.86,2.51
PHC-DST-C1-02,2024-02-09,1.31,22.69,2.88
PHC-DST-C1-02,2024-02-10,1.53,22.47,3.37
PHC-DST-C1-02,2024-02-11,1.3,22.7,2.86
PHC-DST-C1-02,2024-02-12,1.19,22.81,2.62
PHC-DST-C1-02,2024-02-13,0.93,23.07,2.05
PHC-DST-C1-02,2024-02-14,2.42,21.58,5.32
PHC-DST-C1-02,2024-02-15,2.7,21.3,5.94
PHC-DST-C1-02,2024-02-16,1.61,22.39,3.54
PHC-DST-C1-02,2024-02-17,1.79,22.21,3.94
PHC-DST-C1-02,2024-02-18,0.96,23.04,2.11
PHC-DST-C1-02,2024-02-19,1.85,22.15,4.07
PHC-DST-C1-02,2024-02-20,,22.03,4.33
PHC-DST-C1-02,2024-02-21,1.64,22.36,3.61
PHC-DST-C1-02,2024-02-22,2.1,21.9,4.62
PHC-DST-C1-02,2024-02-23,2.03,21.97,4.47
PHC-DST-C1-02,2024-02-24,1.01,22.99,2.22
PHC-DST-C1-02,2024-02-25,2.69,21.31,5.92
PHC-DST-C1-02,2024-02-26,1.64,22.36,3.61
PHC-DST-C1-02,2024-02-27,3.06,20.94,6.73
PHC-DST-C1-02,2024-02-28,2.12,21.88,4.66
PHC-DST-C1-02,2024-02-29,3.28,20.72,7.22
PHC-DST-C1-02,2024-03-01,2.68,21.32,5.9
PHC-DST-C1-02,2024-03-02,1.97,22.03,4.33
PHC-DST-C1-02,2024-03-03,1.26,22.74,2.77
PHC-DST-C1-02,2024-03-04,1.27,22.73,2.79
PHC-DST-C1-02,2024-03-05,2.2,21.8,4.84
PHC-DST-C1-02,2024-03-06,,22.09,4.2
PHC-DST-C1-02,2024-03-07,1.36,22.64,2.99
PHC-DST-C1-02,2024-03-08,2.42,21.58,5.32
PHC-DST-C1-02,2024-03-09,1.83,22.17,4.03
PHC-DST-C1-02,2024-03-10,2.43,21.57,5.35
PHC-DST-C1-02,2024-03-11,1.07,22.93,2.35
PHC-DST-C1-02,2024-03-12,2.55,,5.61
PHC-DST-C1-02,2024-03-13,2.18,21.82,4.8
PHC-DST-C1-02,2024-03-14,2.7,21.3,5.94
PHC-DST-C1-02,2024-03-15,2.53,21.47,5.57
PHC-DST-C1-02,2024-03-16,1.74,22.26,3.83
PHC-DST-C1-02,2024-03-17,1.68,22.32,3.7
PHC-DST-C1-02,2024-03-18,3.14,20.86,6.91
PHC-DST-C1-02,2024-03-19,1.58,22.42,3.48
PHC-DST-C1-02,2024-03-20,2.36,21.64,5.19
PHC-DST-C1-02,2024-03-21,1.51,22.49,3.32
PHC-DST-C1-02,2024-03-22,0.4,23.6,0.88
PHC-DST-C1-02,2024-03-23,0.88,23.12,1.94
PHC-DST-C1-02,2024-03-24,2.1,21.9,4.62
PHC-DST-C1-02,2024-03-25,2.33,21.67,5.13
PHC-DST-C1-02,2024-03-26,2.11,21.89,4.64
PHC-DST-C1-02,2024-03-27,2.66,,5.85
PHC-DST-C1-02,2024-03-28,2.09,21.91,4.6
PHC-DST-C1-02,2024-03-29,1.22,22.78,2.68
PHC-DST-C1-02,2024-03-30,2.25,21.75,4.95
PHC-DST-C1-02,2024-03-31,1.93,22.07,4.25
PHC-DST-C1-02,2024-04-01,1.37,22.63,3.01
PHC-DST-C1-02,2024-04-02,2.15,21.85,4.73
PHC-DST-C1-02,2024-04-03,1.86,22.14,4.09
PHC-DST-C1-02,2024-04-04,1.35,22.65,2.97
PHC-DST-C1-02,2024-04-05,1.67,22.33,3.67
PHC-DST-C1-02,2024-04-06,2.86,21.14,6.29
PHC-DST-C1-02,2024-04-07,2.84,21.16,6.25
PHC-DST-C1-02,2024-04-08,1.94,22.06,4.27
PHC-DST-C1-02,2024-04-09,1.84,22.16,4.05
PHC-DST-C1-02,2024-04-10,0.73,23.27,1.61
PHC-DST-C1-02,2024-04-11,3.09,20.91,6.8
PHC-DST-C1-02,2024-04-12,2.58,21.42,5.68
PHC-DST-C1-02,2024-04-13,2.36,21.64,5.19
PHC-DST-C1-02,2024-04-14,0.09,23.91,0.2
PHC-DST-C1-02,2024-04-15,1.83,22.17,4.03
PHC-DST-C1-02,2024-04-16,1.7,22.3,3.74
PHC-DST-C1-02,2024-04-17,2.31,21.69,5.08
PHC-DST-C1-02,2024-04-18,1.46,22.54,3.21
PHC-DST-C1-02,2024-04-19,1.63,22.37,3.59
PHC-DST-C1-02,2024-04-20,2.26,21.74,4.97
PHC-DST-C1-02,2024-04-21,1.22,22.78,2.68
PHC-DST-C1-02,2024-04-22,1.37,22.63,3.01
PHC-DST-C1-02,2024-04-23,1.94,22.06,4.27
PHC-DST-C1-02,2024-04-24,2.8,21.2,6.16
PHC-DST-C1-02,2024-04-25,2.41,21.59,5.3
PHC-DST-C1-02,2024-04-26,,21.39,5.74
PHC-DST-C1-02,2024-04-27,1.85,22.15,4.07
PHC-DST-C1-02,2024-04-28,2.92,,6.42
PHC-DST-C1-02,2024-04-29,0.49,23.51,1.08
PHC-DST-C1-02,2024-04-30,3.32,20.68,7.3
PHC-DST-C1-02,2024-05-01,3.41,20.59,7.5
PHC-DST-C1-02,2024-05-02,2.14,21.86,4.71
PHC-DST-C1-02,2024-05-03,2.42,21.58,5.32
PHC-DST-C1-02,2024-05-04,1.77,22.23,3.89
PHC-DST-C1-02,2024-05-05,1.64,22.36,3.61
PHC-DST-C1-02,2024-05-06,,22.66,2.95
PHC-DST-C1-02,2024-05-07,1.76,22.24,3.87
PHC-DST-C1-02,2024-05-08,2.22,21.78,4.88
PHC-DST-C1-02,2024-05-09,2.11,21.89,4.64
PHC-DST-C1-02,2024-05-10,3.29,20.71,7.24
PHC-DST-C1-02,2024-05-11,1.88,22.12,4.14
PHC-DST-C1-02,2024-05-12,0.68,23.32,1.5
PHC-DST-C1-02,2024-05-13,3.03,20.97,6.67
PHC-DST-C1-02,2024-05-14,0.88,23.12,1.94
PHC-DST-C1-02,2024-05-15,1.38,22.62,3.04
PHC-DST-C1-02,2024-05-16,2.0,22.0,4.4
PHC-DST-C1-02,2024-05-17,2.11,21.89,4.64
PHC-DST-C1-02,2024-05-18,0.72,23.28,1.58
PHC-DST-C1-02,2024-05-19,1.24,22.76,2.73
PHC-DST-C1-02,2024-05-20,0.69,23.31,1.52
PHC-DST-C1-02,2024-05-21,2.27,21.73,4.99
PHC-DST-C1-02,2024-05-22,2.69,21.31,5.92
PHC-DST-C1-02,2024-05-23,0.88,23.12,1.94
PHC-DST-C1-02,2024-05-24,2.55,21.45,5.61
PHC-DST-C1-02,2024-05-25,2.5,21.5,5.5
PHC-DST-C1-02,2024-05-26,1.31,22.69,2.88
PHC-DST-C1-02,2024-05-27,0.31,23.69,0.68
PHC-DST-C1-02,2024-05-28,1.0,23.0,2.2
PHC-DST-C1-02,2024-05-29,1.35,22.65,2.97
PHC-DST-C1-02,2024-05-30,2.96,21.04,6.51
PHC-DST-C1-02,2024-05-31,1.71,22.29,3.76
PHC-DST-C1-02,2024-06-01,1.04,22.96,2.29
PHC-DST-C1-02,2024-06-02,1.91,22.09,4.2
PHC-DST-C1-02,2024-06-03,0.83,23.17,1.83
PHC-DST-C1-02,2024-06-04,2.19,21.81,4.82
PHC-DST-C1-02,2024-06-05,1.07,22.93,2.35
PHC-DST-C1-02,2024-06-06,1.18,22.82,2.6
PHC-DST-C1-02,2024-06-07,2.08,21.92,4.58
PHC-DST-C1-02,2024-06-08,3.11,20.89,6.84
PHC-DST-C1-02,2024-06-09,3.45,20.55,7.59
PHC-DST-C1-02,2024-06-10,1.02,22.98,2.24
PHC-DST-C1-02,2024-06-11,1.35,22.65,2.97
PHC-DST-C1-02,2024-06-12,2.19,21.81,4.82
PHC-DST-C1-02,2024-06-13,2.68,21.32,5.9
PHC-DST-C1-02,2024-06-14,0.18,23.82,0.4
PHC-DST-C1-02,2024-06-15,1.87,22.13,4.11
PHC-DST-C1-02,2024-06-16,1.43,22.57,3.15
PHC-DST-C1-02,2024-06-17,0.36,23.64,0.79
PHC-DST-C1-02,2024-06-18,,23.2,1.76
PHC-DST-C1-02,2024-06-19,1.37,22.63,3.01
PHC-DST-C1-02,2024-06-20,1.84,22.16,4.05
PHC-DST-C1-02,2024-06-21,2.56,21.44,5.63
PHC-DST-C1-02,2024-06-22,2.07,,4.55
PHC-DST-C1-02,2024-06-23,2.51,21.49,5.52
PHC-DST-C1-02,2024-06-24,1.82,22.18,4.0
PHC-DST-C1-02,2024-06-25,1.27,,2.79
PHC-DST-C1-02,2024-06-26,1.66,22.34,3.65
PHC-DST-C1-02,2024-06-27,2.32,21.68,5.1
PHC-DST-C1-02,2024-06-28,2.57,21.43,5.65
PHC-DST-C1-02,2024-06-29,1.69,22.31,3.72
PHC-DST-C1-02,2024-06-30,1.1,22.9,2.42
PHC-DST-C1-02,2024-07-01,2.05,21.95,4.51
PHC-DST-C1-02,2024-07-02,2.16,21.84,4.75
PHC-DST-C1-02,2024-07-03,2.72,21.28,5.98
PHC-DST-C1-02,2024-07-04,1.29,22.71,2.84
PHC-DST-C1-02,2024-07-05,1.3,22.7,2.86
PHC-DST-C1-02,2024-07-06,2.37,21.63,5.21
PHC-DST-C1-02,2024-07-07,1.49,22.51,3.28
PHC-DST-C1-02,2024-07-08,1.46,22.54,3.21
PHC-DST-C1-02,2024-07-09,2.74,21.26,6.03
PHC-DST-C1-02,2024-07-10,0.77,23.23,1.69
PHC-DST-C1-02,2024-07-11,3.34,20.66,7.35
PHC-DST-C1-02,2024-07-12,1.34,22.66,2.95
PHC-DST-C1-02,2024-07-13,2.45,21.55,5.39
PHC-DST-C1-02,2024-07-14,1.72,22.28,3.78
PHC-DST-C1-02,2024-07-15,2.0,22.0,4.4
PHC-DST-C1-02,2024-07-16,1.6,22.4,3.52
PHC-DST-C1-02,2024-07-17,2.44,21.56,5.37
PHC-DST-C1-02,2024-07-18,1.54,22.46,3.39
PHC-DST-C1-02,2024-07-19,1.37,22.63,3.01
PHC-DST-C1-02,2024-07-20,3.16,20.84,6.95
PHC-DST-C1-02,2024-07-21,1.82,22.18,4.0
PHC-DST-C1-02,2024-07-22,1.29,22.71,2.84
PHC-DST-C1-02,2024-07-23,0.68,23.32,1.5
PHC-DST-C1-02,2024-07-24,3.2,20.8,7.04
PHC-DST-C1-02,2024-07-25,1.39,22.61,3.06
PHC-DST-C1-02,2024-07-26,3.35,20.65,7.37
PHC-DST-C1-02,2024-07-27,2.1,21.9,4.62
PHC-DST-C1-02,2024-07-28,1.91,22.09,4.2
PHC-DST-C1-02,2024-07-29,1.93,22.07,4.25
PHC-DST-C1-02,2024-07-30,3.46,20.54,7.61
PHC-DST-C1-02,2024-07-31,0.16,23.84,0.35
PHC-DST-C1-02,2024-08-01,1.96,22.04,4.31
PHC-DST-C1-02,2024-08-02,1.6,22.4,3.52
PHC-DST-C1-02,2024-08-03,1.64,22.36,3.61
PHC-DST-C1-02,2024-08-04,1.91,22.09,4.2
PHC-DST-C1-02,2024-08-05,1.6,22.4,3.52
PHC-DST-C1-02,2024-08-06,1.94,22.06,4.27
PHC-DST-C1-02,2024-08-07,1.78,22.22,3.92
PHC-DST-C1-02,2024-08-08,0.81,23.19,1.78
PHC-DST-C1-02,2024-08-09,2.09,21.91,4.6
PHC-DST-C1-02,2024-08-10,2.34,21.66,5.15
PHC-DST-C1-02,2024-08-11,1.39,22.61,3.06
PHC-DST-C1-02,2024-08-12,3.2,20.8,7.04
PHC-DST-C1-02,2024-08-13,2.8,21.2,6.16
PHC-DST-C1-02,2024-08-14,10.89,13.11,23.96
PHC-DST-C1-02,2024-08-15,1.82,22.18,4.0
PHC-DST-C1-02,2024-08-16,2.66,21.34,5.85
PHC-DST-C1-02,2024-08-17,2.98,21.02,6.56
PHC-DST-C1-02,2024-08-18,2.41,21.59,5.3
PHC-DST-C1-02,2024-08-19,1.37,22.63,3.01
PHC-DST-C1-02,2024-08-20,1.77,22.23,3.89
PHC-DST-C1-02,2024-08-21,2.23,21.77,4.91
PHC-DST-C1-02,2024-08-22,2.43,21.57,5.35
PHC-DST-C1-02,2024-08-23,1.74,22.26,3.83
PHC-DST-C1-02,2024-08-24,1.37,22.63,3.01
PHC-DST-C1-02,2024-08-25,2.99,21.01,6.58
PHC-DST-C1-02,2024-08-26,1.0,23.0,2.2
PHC-DST-C1-02,2024-08-27,1.09,22.91,2.4
PHC-DST-C1-02,2024-08-28,0.8,23.2,1.76
PHC-DST-C1-02,2024-08-29,1.09,22.91,2.4
PHC-DST-C1-02,2024-08-30,2.74,21.26,6.03
PHC-DST-C1-02,2024-08-31,2.76,21.24,6.07
PHC-DST-C1-02,2024-09-01,1.74,22.26,3.83
PHC-DST-C1-02,2024-09-02,2.17,21.83,4.77
PHC-DST-C1-02,2024-09-03,1.79,22.21,3.94
PHC-DST-C1-02,2024-09-04,0.91,23.09,2.0
PHC-DST-C1-02,2024-09-05,3.46,20.54,7.61
PHC-DST-C1-02,2024-09-06,2.83,21.17,6.23
PHC-DST-C1-02,2024-09-07,2.07,21.93,4.55
PHC-DST-C1-02,2024-09-08,13.71,10.29,30.16
PHC-DST-C1-02,2024-09-09,1.28,22.72,2.82
PHC-DST-C1-02,2024-09-10,1.87,22.13,4.11
PHC-DST-C1-02,2024-09-11,2.03,21.97,4.47
PHC-DST-C1-02,2024-09-12,1.54,22.46,3.39
PHC-DST-C1-02,2024-09-13,0.71,,1.56
PHC-DST-C1-02,2024-09-14,3.4,20.6,7.48
PHC-DST-C1-02,2024-09-15,1.98,22.02,4.36
PHC-DST-C1-02,2024-09-16,2.14,21.86,4.71
PHC-DST-C1-02,2024-09-17,1.48,22.52,3.26
PHC-DST-C1-02,2024-09-18,0.63,23.37,1.39
PHC-DST-C1-02,2024-09-19,1.74,22.26,3.83
PHC-DST-C1-02,2024-09-20,1.56,22.44,3.43
PHC-DST-C1-02,2024-09-21,2.33,21.67,5.13
PHC-DST-C1-02,2024-09-22,2.48,21.52,5.46
PHC-DST-C1-02,2024-09-23,2.37,21.63,5.21
PHC-DST-C1-02,2024-09-24,2.54,21.46,5.59
PHC-DST-C1-02,2024-09-25,3.15,20.85,6.93
PHC-DST-C1-02,2024-09-26,2.09,21.91,4.6
PHC-DST-C1-02,2024-09-27,2.62,21.38,5.76
PHC-DST-C1-02,2024-09-28,2.17,21.83,4.77
PHC-DST-C1-02,2024-09-29,0.37,23.63,0.81
PHC-DST-C1-02,2024-09-30,1.68,22.32,3.7
PHC-DST-C1-02,2024-10-01,1.15,22.85,2.53
PHC-DST-C1-02,2024-10-02,1.97,22.03,4.33
PHC-DST-C1-02,2024-10-03,1.21,22.79,2.66
PHC-DST-C1-02,2024-10-04,2.25,21.75,4.95
PHC-DST-C1-02,2024-10-05,2.54,21.46,5.59
PHC-DST-C1-02,2024-10-06,2.7,21.3,5.94
PHC-DST-C1-02,2024-10-07,,20.99,6.62
PHC-DST-C1-02,2024-10-08,0.54,23.46,1.19
PHC-DST-C1-02,2024-10-09,0.9,23.1,1.98
PHC-DST-C1-02,2024-10-10,4.0,20.0,8.8
PHC-DST-C1-02,2024-10-11,2.56,21.44,5.63
PHC-DST-C1-02,2024-10-12,1.97,22.03,4.33
PHC-DST-C1-02,2024-10-13,1.82,22.18,4.0
PHC-DST-C1-02,2024-10-14,1.76,22.24,3.87
PHC-DST-C1-02,2024-10-15,0.35,23.65,0.77
PHC-DST-C1-02,2024-10-16,1.22,22.78,2.68
PHC-DST-C1-02,2024-10-17,1.72,22.28,3.78
PHC-DST-C1-02,2024-10-18,1.26,22.74,2.77
PHC-DST-C1-02,2024-10-19,,22.64,2.99
PHC-DST-C1-02,2024-10-20,3.72,20.28,8.18
PHC-DST-C1-02,2024-10-21,1.61,22.39,3.54
PHC-DST-C1-02,2024-10-22,2.01,21.99,4.42
PHC-DST-C1-02,2024-10-23,1.98,,4.36
PHC-DST-C1-02,2024-10-24,2.24,21.76,4.93
PHC-DST-C1-02,2024-10-25,1.44,22.56,3.17
PHC-DST-C1-02,2024-10-26,2.74,21.26,6.03
PHC-DST-C1-02,2024-10-27,2.13,21.87,4.69
PHC-DST-C1-02,2024-10-28,0.83,23.17,1.83
PHC-DST-C1-02,2024-10-29,1.72,22.28,3.78
PHC-DST-C1-02,2024-10-30,1.67,22.33,3.67
PHC-DST-C1-02,2024-10-31,1.64,22.36,3.61
PHC-DST-C1-02,2024-11-01,2.18,21.82,4.8
PHC-DST-C1-02,2024-11-02,2.28,21.72,5.02
PHC-DST-C1-02,2024-11-03,2.19,21.81,4.82
PHC-DST-C1-02,2024-11-04,2.05,21.95,4.51
PHC-DST-C1-02,2024-11-05,1.86,22.14,4.09
PHC-DST-C1-02,2024-11-06,0.19,23.81,0.42
PHC-DST-C1-02,2024-11-07,2.38,21.62,5.24
PHC-DST-C1-02,2024-11-08,,21.83,4.77
PHC-DST-C1-02,2024-11-09,1.06,22.94,2.33
PHC-DST-C1-02,2024-11-10,2.01,21.99,4.42
PHC-DST-C1-02,2024-11-11,2.29,21.71,5.04
PHC-DST-C1-02,2024-11-12,2.68,21.32,5.9
PHC-DST-C1-02,2024-11-13,2.18,21.82,4.8
PHC-DST-C1-02,2024-11-14,2.04,21.96,4.49
PHC-DST-C1-02,2024-11-15,2.51,21.49,5.52
PHC-DST-C1-02,2024-11-16,1.57,22.43,3.45
PHC-DST-C1-02,2024-11-17,2.11,21.89,4.64
PHC-DST-C1-02,2024-11-18,1.33,22.67,2.93
PHC-DST-C1-02,2024-11-19,2.63,21.37,5.79
PHC-DST-C1-02,2024-11-20,0.59,23.41,1.3
PHC-DST-C1-02,2024-11-21,2.41,21.59,5.3
PHC-DST-C1-02,2024-11-22,1.81,22.19,3.98
PHC-DST-C1-02,2024-11-23,2.52,21.48,5.54
PHC-DST-C1-02,2024-11-24,1.21,22.79,2.66
PHC-DST-C1-02,2024-11-25,1.87,22.13,4.11
PHC-DST-C1-02,2024-11-26,1.85,,4.07
PHC-DST-C1-02,2024-11-27,2.13,21.87,4.69
PHC-DST-C1-02,2024-11-28,1.01,22.99,2.22
PHC-DST-C1-02,2024-11-29,2.28,21.72,5.02
PHC-DST-C1-02,2024-11-30,0.42,23.58,0.92
PHC-DST-C1-02,2024-12-01,1.3,22.7,2.86
PHC-DST-C1-02,2024-12-02,0.63,23.37,1.39
PHC-DST-C1-02,2024-12-03,2.42,21.58,5.32
PHC-DST-C1-02,2024-12-04,2.1,21.9,4.62
PHC-DST-C1-02,2024-12-05,2.14,21.86,4.71
PHC-DST-C1-02,2024-12-06,2.9,21.1,6.38
PHC-DST-C1-02,2024-12-07,1.56,22.44,3.43
PHC-DST-C1-02,2024-12-08,2.26,21.74,4.97
PHC-DST-C1-02,2024-12-09,1.85,22.15,4.07
PHC-DST-C1-02,2024-12-10,1.74,22.26,3.83
PHC-DST-C1-02,2024-12-11,2.78,21.22,6.12
PHC-DST-C1-02,2024-12-12,3.36,20.64,7.39
PHC-DST-C1-02,2024-12-13,1.48,22.52,3.26
PHC-DST-C1-02,2024-12-14,,21.57,5.35
PHC-DST-C1-02,2024-12-15,2.04,21.96,4.49
PHC-DST-C1-02,2024-12-16,2.05,21.95,4.51
PHC-DST-C1-02,2024-12-17,,22.01,4.38
PHC-DST-C1-02,2024-12-18,1.55,22.45,3.41
PHC-DST-C1-02,2024-12-19,0.0,24.0,0.0
PHC-DST-C1-02,2024-12-20,2.95,21.05,6.49
PHC-DST-C1-02,2024-12-21,1.28,22.72,2.82
PHC-DST-C1-02,2024-12-22,1.62,22.38,3.56
PHC-DST-C1-02,2024-12-23,1.63,22.37,3.59
PHC-DST-C1-02,2024-12-24,1.21,22.79,2.66
PHC-DST-C1-02,2024-12-25,1.98,22.02,4.36
PHC-DST-C1-02,2024-12-26,1.77,22.23,3.89
PHC-DST-C1-02,2024-12-27,1.26,22.74,2.77
PHC-DST-C1-02,2024-12-28,1.91,22.09,4.2
PHC-DST-C1-02,2024-12-29,1.78,22.22,3.92
PHC-DST-C1-02,2024-12-30,2.5,21.5,5.5
PHC-DST-C1-02,2024-12-31,0.79,23.21,1.74
PHC-DST-C1-02,2025-01-01,1.2,22.8,2.64
PHC-DST-C1-02,2025-01-02,2.34,21.66,5.15
PHC-DST-C1-02,2025-01-03,1.32,22.68,2.9
PHC-DST-C1-02,2025-01-04,1.12,22.88,2.46
PHC-DST-C1-02,2025-01-05,1.36,22.64,2.99
PHC-DST-C1-02,2025-01-06,1.72,22.28,3.78
PHC-DST-C1-02,2025-01-07,1.73,22.27,3.81
PHC-DST-C1-02,2025-01-08,1.64,22.36,3.61
PHC-DST-C1-02,2025-01-09,1.03,22.97,2.27
PHC-DST-C1-02,2025-01-10,2.38,21.62,5.24
PHC-DST-C1-02,2025-01-11,2.79,21.21,6.14
PHC-DST-C1-02,2025-01-12,0.37,23.63,0.81
PHC-DST-C1-02,2025-01-13,0.63,23.37,1.39
PHC-DST-C1-02,2025-01-14,2.55,21.45,5.61
PHC-DST-C1-02,2025-01-15,2.98,21.02,6.56
PHC-DST-C1-02,2025-01-16,0.2,23.8,0.44
PHC-DST-C1-02,2025-01-17,2.41,21.59,5.3
PHC-DST-C1-02,2025-01-18,3.03,,6.67
PHC-DST-C1-02,2025-01-19,1.15,22.85,2.53
PHC-DST-C1-02,2025-01-20,2.98,21.02,6.56
PHC-DST-C1-02,2025-01-21,1.67,22.33,3.67
PHC-DST-C1-02,2025-01-22,2.04,21.96,4.49
PHC-DST-C1-02,2025-01-23,1.26,22.74,2.77
PHC-DST-C1-02,2025-01-24,2.55,21.45,5.61
PHC-DST-C1-02,2025-01-25,,21.57,5.35
PHC-DST-C1-02,2025-01-26,3.09,20.91,6.8
PHC-DST-C1-02,2025-01-27,2.88,21.12,6.34
PHC-DST-C1-02,2025-01-28,1.79,22.21,3.94
PHC-DST-C1-02,2025-01-29,4.13,19.87,9.09
PHC-DST-C1-02,2025-01-30,2.81,21.19,6.18
PHC-DST-C1-02,2025-01-31,2.21,21.79,4.86
PHC-DST-C1-02,2025-02-01,1.05,22.95,2.31
PHC-DST-C1-02,2025-02-02,0.65,23.35,1.43
PHC-DST-C1-02,2025-02-03,0.72,23.28,1.58
PHC-DST-C1-02,2025-02-04,1.1,22.9,2.42
PHC-DST-C1-02,2025-02-05,,21.17,6.23
PHC-DST-C1-02,2025-02-06,2.17,21.83,4.77
PHC-DST-C1-02,2025-02-07,1.34,22.66,2.95
PHC-DST-C1-02,2025-02-08,1.7,22.3,3.74
PHC-DST-C1-02,2025-02-09,1.61,22.39,3.54
PHC-DST-C1-02,2025-02-10,2.4,21.6,5.28
PHC-DST-C1-02,2025-02-11,1.14,22.86,2.51
PHC-DST-C1-02,2025-02-12,2.06,21.94,4.53
PHC-DST-C1-02,2025-02-13,2.03,21.97,4.47
PHC-DST-C1-02,2025-02-14,1.16,22.84,2.55
PHC-DST-C1-02,2025-02-15,2.99,21.01,6.58
PHC-DST-C1-02,2025-02-16,1.58,22.42,3.48
PHC-DST-C1-02,2025-02-17,1.06,22.94,2.33
PHC-DST-C1-02,2025-02-18,,21.56,5.37
PHC-DST-C1-02,2025-02-19,1.84,22.16,4.05
PHC-DST-C1-02,2025-02-20,2.11,21.89,4.64
PHC-DST-C1-02,2025-02-21,0.91,23.09,2.0
PHC-DST-C1-02,2025-02-22,2.41,21.59,5.3
PHC-DST-C1-02,2025-02-23,3.43,20.57,7.55
PHC-DST-C1-02,2025-02-24,0.85,23.15,1.87
PHC-DST-C1-02,2025-02-25,2.07,21.93,4.55
PHC-DST-C1-02,2025-02-26,1.21,22.79,2.66
PHC-DST-C1-02,2025-02-27,3.82,20.18,8.4
PHC-DST-C1-02,2025-02-28,2.73,21.27,6.01
PHC-DST-C1-02,2025-03-01,2.01,21.99,4.42
PHC-DST-C1-02,2025-03-02,0.88,23.12,1.94
PHC-DST-C1-02,2025-03-03,1.06,22.94,2.33
PHC-DST-C1-02,2025-03-04,2.36,21.64,5.19
PHC-DST-C1-02,2025-03-05,0.78,23.22,1.72
PHC-DST-C1-02,2025-03-06,0.8,23.2,1.76
PHC-DST-C1-02,2025-03-07,1.81,22.19,3.98
PHC-DST-C1-02,2025-03-08,1.9,22.1,4.18
PHC-DST-C1-02,2025-03-09,2.09,21.91,4.6
PHC-DST-C1-02,2025-03-10,1.47,,3.23
PHC-DST-C1-02,2025-03-11,2.49,21.51,5.48
PHC-DST-C1-02,2025-03-12,1.15,22.85,2.53
PHC-DST-C1-02,2025-03-13,2.27,21.73,4.99
PHC-DST-C1-02,2025-03-14,1.96,22.04,4.31
PHC-DST-C1-02,2025-03-15,2.25,21.75,4.95
PHC-DST-C1-02,2025-03-16,2.69,21.31,5.92
PHC-DST-C1-02,2025-03-17,1.46,22.54,3.21
PHC-DST-C1-02,2025-03-18,1.3,22.7,2.86
PHC-DST-C1-02,2025-03-19,0.53,23.47,1.17
PHC-DST-C1-02,2025-03-20,0.29,23.71,0.64
PHC-DST-C1-02,2025-03-21,1.67,22.33,3.67
PHC-DST-C1-02,2025-03-22,1.72,22.28,3.78
PHC-DST-C1-02,2025-03-23,0.99,23.01,2.18
PHC-DST-C1-02,2025-03-24,1.15,22.85,2.53
PHC-DST-C1-02,2025-03-25,2.94,21.06,6.47
PHC-DST-C1-02,2025-03-26,2.46,21.54,5.41
PHC-DST-C1-02,2025-03-27,0.85,23.15,1.87
PHC-DST-C1-02,2025-03-28,1.47,22.53,3.23
PHC-DST-C1-02,2025-03-29,2.1,21.9,4.62
PHC-DST-C1-02,2025-03-30,1.33,22.67,2.93
PHC-DST-C1-02,2025-03-31,1.19,22.81,2.62
PHC-DST-C1-02,2025-04-01,1.55,22.45,3.41
PHC-DST-C1-02,2025-04-02,2.62,21.38,5.76
PHC-DST-C1-02,2025-04-03,2.69,21.31,5.92
PHC-DST-C1-02,2025-04-04,1.25,,2.75
PHC-DST-C1-02,2025-04-05,2.15,21.85,4.73
PHC-DST-C1-02,2025-04-06,1.8,22.2,3.96
PHC-DST-C1-02,2025-04-07,1.04,22.96,2.29
PHC-DST-C1-02,2025-04-08,1.58,22.42,3.48
PHC-DST-C1-02,2025-04-09,0.85,23.15,1.87
PHC-DST-C1-02,2025-04-10,2.67,21.33,5.87
PHC-DST-C1-02,2025-04-11,2.96,21.04,6.51
PHC-DST-C1-02,2025-04-12,1.49,22.51,3.28
PHC-DST-C1-02,2025-04-13,1.31,22.69,2.88
PHC-DST-C1-02,2025-04-14,2.59,21.41,5.7
PHC-DST-C1-02,2025-04-15,2.71,21.29,5.96
PHC-DST-C1-02,2025-04-16,0.96,23.04,2.11
PHC-DST-C1-02,2025-04-17,1.69,22.31,3.72
PHC-DST-C1-02,2025-04-18,1.76,22.24,3.87
PHC-DST-C1-02,2025-04-19,1.22,22.78,2.68
PHC-DST-C1-02,2025-04-20,2.09,21.91,4.6
PHC-DST-C1-02,2025-04-21,1.28,22.72,2.82
PHC-DST-C1-02,2025-04-22,1.39,22.61,3.06
PHC-DST-C1-02,2025-04-23,1.72,22.28,3.78
PHC-DST-C1-02,2025-04-24,,23.32,1.5
PHC-DST-C1-02,2025-04-25,0.26,23.74,0.57
PHC-DST-C1-02,2025-04-26,2.49,21.51,5.48
PHC-DST-C1-02,2025-04-27,1.24,22.76,2.73
PHC-DST-C1-02,2025-04-28,3.4,20.6,7.48
PHC-DST-C1-02,2025-04-29,3.28,20.72,7.22
PHC-DST-C1-02,2025-04-30,1.42,22.58,3.12
PHC-DST-C1-02,2025-05-01,3.55,20.45,7.81
PHC-DST-C1-02,2025-05-02,2.5,21.5,5.5
PHC-DST-C1-02,2025-05-03,1.32,22.68,2.9
PHC-DST-C1-02,2025-05-04,0.0,24.0,0.0
PHC-DST-C1-02,2025-05-05,2.32,21.68,5.1
PHC-DST-C1-02,2025-05-06,1.82,22.18,4.0
PHC-DST-C1-02,2025-05-07,2.12,21.88,4.66
PHC-DST-C1-02,2025-05-08,1.63,22.37,3.59
PHC-DST-C1-02,2025-05-09,,23.06,2.07
PHC-DST-C1-02,2025-05-10,1.48,22.52,3.26
PHC-DST-C1-02,2025-05-11,2.33,21.67,5.13
PHC-DST-C1-02,2025-05-12,1.53,22.47,3.37
PHC-DST-C1-02,2025-05-13,1.53,22.47,3.37
PHC-DST-C1-02,2025-05-14,0.66,23.34,1.45
PHC-DST-C1-02,2025-05-15,1.87,22.13,4.11
PHC-DST-C1-02,2025-05-16,0.97,23.03,2.13
PHC-DST-C1-02,2025-05-17,2.49,21.51,5.48
PHC-DST-C1-02,2025-05-18,1.25,22.75,2.75
PHC-DST-C1-02,2025-05-19,1.58,22.42,3.48
PHC-DST-C1-02,2025-05-20,3.42,20.58,7.52
PHC-DST-C1-02,2025-05-21,1.57,22.43,3.45
PHC-DST-C1-02,2025-05-22,1.47,22.53,3.23
PHC-DST-C1-02,2025-05-23,2.24,21.76,4.93
PHC-DST-C1-02,2025-05-24,0.46,23.54,1.01
PHC-DST-C1-02,2025-05-25,2.74,21.26,6.03
PHC-DST-C1-02,2025-05-26,2.55,21.45,5.61
PHC-DST-C1-02,2025-05-27,2.19,21.81,4.82
PHC-DST-C1-02,2025-05-28,0.0,24.0,0.0
PHC-DST-C1-02,2025-05-29,1.61,22.39,3.54
PHC-DST-C1-02,2025-05-30,0.85,23.15,1.87
PHC-DST-C1-02,2025-05-31,2.64,21.36,5.81
PHC-DST-C1-02,2025-06-01,2.59,21.41,5.7
PHC-DST-C1-02,2025-06-02,2.09,21.91,4.6
PHC-DST-C1-02,2025-06-03,0.9,23.1,1.98
PHC-DST-C1-02,2025-06-04,2.92,21.08,6.42
PHC-DST-C1-02,2025-06-05,1.6,22.4,3.52
PHC-DST-C1-02,2025-06-06,3.15,20.85,6.93
PHC-DST-C1-02,2025-06-07,2.0,22.0,4.4
PHC-DST-C1-02,2025-06-08,2.18,21.82,4.8
PHC-DST-C1-02,2025-06-09,1.45,22.55,3.19
PHC-DST-C1-02,2025-06-10,2.86,21.14,6.29
PHC-DST-C1-02,2025-06-11,2.26,21.74,4.97
PHC-DST-C1-02,2025-06-12,2.88,21.12,6.34
PHC-DST-C1-02,2025-06-13,1.93,22.07,4.25
PHC-DST-C1-02,2025-06-14,1.76,22.24,3.87
PHC-DST-C1-02,2025-06-15,2.25,21.75,4.95
PHC-DST-C1-02,2025-06-16,2.88,21.12,6.34
PHC-DST-C1-02,2025-06-17,2.56,21.44,5.63
PHC-DST-C1-02,2025-06-18,1.9,22.1,4.18
PHC-DST-C1-02,2025-06-19,0.41,23.59,0.9
PHC-DST-C1-02,2025-06-20,2.41,21.59,5.3
PHC-DST-C1-02,2025-06-21,0.72,23.28,1.58
PHC-DST-C1-02,2025-06-22,1.83,22.17,4.03
PHC-DST-C1-02,2025-06-23,1.71,22.29,3.76
PHC-DST-C1-02,2025-06-24,0.74,23.26,1.63
PHC-DST-C1-02,2025-06-25,2.08,21.92,4.58
PHC-DST-C1-02,2025-06-26,3.42,20.58,7.52
PHC-DST-C1-02,2025-06-27,1.57,22.43,3.45
PHC-DST-C1-02,2025-06-28,2.37,21.63,5.21
PHC-DST-C1-02,2025-06-29,3.57,20.43,7.85
PHC-DST-C1-02,2025-06-30,2.45,21.55,5.39
PHC-DST-C1-03,2024-01-01,3.32,20.68,6.21
PHC-DST-C1-03,2024-01-02,3.98,20.02,7.44
PHC-DST-C1-03,2024-01-03,4.16,19.84,7.78
PHC-DST-C1-03,2024-01-04,4.88,19.12,9.13
PHC-DST-C1-03,2024-01-05,4.71,19.29,8.81
PHC-DST-C1-03,2024-01-06,1.72,22.28,3.22
PHC-DST-C1-03,2024-01-07,,20.84,5.91
PHC-DST-C1-03,2024-01-08,3.75,20.25,7.01
PHC-DST-C1-03,2024-01-09,3.04,20.96,5.68
PHC-DST-C1-03,2024-01-10,1.02,22.98,1.91
PHC-DST-C1-03,2024-01-11,3.26,20.74,6.1
PHC-DST-C1-03,2024-01-12,3.8,20.2,7.11
PHC-DST-C1-03,2024-01-13,3.41,20.59,6.38
PHC-DST-C1-03,2024-01-14,3.05,20.95,5.7
PHC-DST-C1-03,2024-01-15,3.83,20.17,7.16
PHC-DST-C1-03,2024-01-16,4.06,19.94,7.59
PHC-DST-C1-03,2024-01-17,3.45,20.55,6.45
PHC-DST-C1-03,2024-01-18,4.83,19.17,9.03
PHC-DST-C1-03,2024-01-19,3.84,20.16,7.18
PHC-DST-C1-03,2024-01-20,3.15,20.85,5.89
PHC-DST-C1-03,2024-01-21,2.96,21.04,5.54
PHC-DST-C1-03,2024-01-22,3.64,20.36,6.81
PHC-DST-C1-03,2024-01-23,4.64,19.36,8.68
PHC-DST-C1-03,2024-01-24,3.18,20.82,5.95
PHC-DST-C1-03,2024-01-25,4.25,19.75,7.95
PHC-DST-C1-03,2024-01-26,3.87,20.13,7.24
PHC-DST-C1-03,2024-01-27,5.29,18.71,9.89
PHC-DST-C1-03,2024-01-28,4.09,19.91,7.65
PHC-DST-C1-03,2024-01-29,3.28,20.72,6.13
PHC-DST-C1-03,2024-01-30,4.35,19.65,8.13
PHC-DST-C1-03,2024-01-31,4.38,19.62,8.19
PHC-DST-C1-03,2024-02-01,3.5,20.5,6.55
PHC-DST-C1-03,2024-02-02,2.93,21.07,5.48
PHC-DST-C1-03,2024-02-03,4.2,19.8,7.85
PHC-DST-C1-03,2024-02-04,3.85,20.15,7.2
PHC-DST-C1-03,2024-02-05,2.66,21.34,4.97
PHC-DST-C1-03,2024-02-06,3.99,20.01,7.46
PHC-DST-C1-03,2024-02-07,3.32,20.68,6.21
PHC-DST-C1-03,2024-02-08,2.66,21.34,4.97
PHC-DST-C1-03,2024-02-09,3.54,20.46,6.62
PHC-DST-C1-03,2024-02-10,4.76,19.24,8.9
PHC-DST-C1-03,2024-02-11,4.71,19.29,8.81
PHC-DST-C1-03,2024-02-12,4.51,19.49,8.43
PHC-DST-C1-03,2024-02-13,4.0,20.0,7.48
PHC-DST-C1-03,2024-02-14,4.25,19.75,7.95
PHC-DST-C1-03,2024-02-15,3.87,20.13,7.24
PHC-DST-C1-03,2024-02-16,2.97,21.03,5.55
PHC-DST-C1-03,2024-02-17,3.12,20.88,5.83
PHC-DST-C1-03,2024-02-18,3.34,20.66,6.25
PHC-DST-C1-03,2024-02-19,4.85,19.15,9.07
PHC-DST-C1-03,2024-02-20,4.61,19.39,8.62
PHC-DST-C1-03,2024-02-21,2.99,21.01,5.59
PHC-DST-C1-03,2024-02-22,3.84,20.16,7.18
PHC-DST-C1-03,2024-02-23,3.5,20.5,6.55
PHC-DST-C1-03,2024-02-24,3.68,20.32,6.88
PHC-DST-C1-03,2024-02-25,3.4,20.6,6.36
PHC-DST-C1-03,2024-02-26,4.85,19.15,9.07
PHC-DST-C1-03,2024-02-27,3.79,20.21,7.09
PHC-DST-C1-03,2024-02-28,3.96,20.04,7.41
PHC-DST-C1-03,2024-02-29,3.97,20.03,7.42
PHC-DST-C1-03,2024-03-01,3.03,20.97,5.67
PHC-DST-C1-03,2024-03-02,3.88,20.12,7.26
PHC-DST-C1-03,2024-03-03,4.6,19.4,8.6
PHC-DST-C1-03,2024-03-04,4.9,19.1,9.16
PHC-DST-C1-03,2024-03-05,2.94,21.06,5.5
PHC-DST-C1-03,2024-03-06,2.66,21.34,4.97
PHC-DST-C1-03,2024-03-07,3.85,20.15,7.2
PHC-DST-C1-03,2024-03-08,4.63,19.37,8.66
PHC-DST-C1-03,2024-03-09,4.07,19.93,7.61
PHC-DST-C1-03,2024-03-10,4.31,19.69,8.06
PHC-DST-C1-03,2024-03-11,2.78,21.22,5.2
PHC-DST-C1-03,2024-03-12,3.37,,6.3
PHC-DST-C1-03,2024-03-13,,21.85,4.02
PHC-DST-C1-03,2024-03-14,3.69,20.31,6.9
PHC-DST-C1-03,2024-03-15,2.18,21.82,4.08
PHC-DST-C1-03,2024-03-16,4.8,19.2,8.98
PHC-DST-C1-03,2024-03-17,4.97,19.03,9.29
PHC-DST-C1-03,2024-03-18,3.91,20.09,7.31
PHC-DST-C1-03,2024-03-19,2.67,21.33,4.99
PHC-DST-C1-03,2024-03-20,4.08,19.92,7.63
PHC-DST-C1-03,2024-03-21,5.19,18.81,9.71
PHC-DST-C1-03,2024-03-22,4.16,19.84,7.78
PHC-DST-C1-03,2024-03-23,4.69,19.31,8.77
PHC-DST-C1-03,2024-03-24,3.44,20.56,6.43
PHC-DST-C1-03,2024-03-25,3.15,,5.89
PHC-DST-C1-03,2024-03-26,3.75,20.25,7.01
PHC-DST-C1-03,2024-03-27,2.35,21.65,4.39
PHC-DST-C1-03,2024-03-28,5.5,18.5,10.29
PHC-DST-C1-03,2024-03-29,3.9,20.1,7.29
PHC-DST-C1-03,2024-03-30,4.45,19.55,8.32
PHC-DST-C1-03,2024-03-31,3.45,20.55,6.45
PHC-DST-C1-03,2024-04-01,2.64,21.36,4.94
PHC-DST-C1-03,2024-04-02,4.87,19.13,9.11
PHC-DST-C1-03,2024-04-03,2.96,21.04,5.54
PHC-DST-C1-03,2024-04-04,4.06,19.94,7.59
PHC-DST-C1-03,2024-04-05,4.13,19.87,7.72
PHC-DST-C1-03,2024-04-06,3.86,20.14,7.22
PHC-DST-C1-03,2024-04-07,3.21,20.79,6.0
PHC-DST-C1-03,2024-04-08,,20.31,6.9
PHC-DST-C1-03,2024-04-09,3.09,20.91,5.78
PHC-DST-C1-03,2024-04-10,4.41,19.59,8.25
PHC-DST-C1-03,2024-04-11,4.23,19.77,7.91
PHC-DST-C1-03,2024-04-12,3.78,20.22,7.07
PHC-DST-C1-03,2024-04-13,3.37,20.63,6.3
PHC-DST-C1-03,2024-04-14,5.38,18.62,10.06
PHC-DST-C1-03,2024-04-15,2.82,21.18,5.27
PHC-DST-C1-03,2024-04-16,2.64,21.36,4.94
PHC-DST-C1-03,2024-04-17,3.74,20.26,6.99
PHC-DST-C1-03,2024-04-18,3.61,20.39,6.75
PHC-DST-C1-03,2024-04-19,4.62,19.38,8.64
PHC-DST-C1-03,2024-04-20,4.28,19.72,8.0
PHC-DST-C1-03,2024-04-21,3.82,20.18,7.14
PHC-DST-C1-03,2024-04-22,4.18,19.82,7.82
PHC-DST-C1-03,2024-04-23,,19.84,7.78
PHC-DST-C1-03,2024-04-24,5.38,18.62,10.06
PHC-DST-C1-03,2024-04-25,3.99,20.01,7.46
PHC-DST-C1-03,2024-04-26,3.29,20.71,6.15
PHC-DST-C1-03,2024-04-27,3.95,20.05,7.39
PHC-DST-C1-03,2024-04-28,1.84,22.16,3.44
PHC-DST-C1-03,2024-04-29,3.78,20.22,7.07
PHC-DST-C1-03,2024-04-30,4.62,19.38,8.64
PHC-DST-C1-03,2024-05-01,4.25,,7.95
PHC-DST-C1-03,2024-05-02,4.02,19.98,7.52
PHC-DST-C1-03,2024-05-03,4.29,19.71,8.02
PHC-DST-C1-03,2024-05-04,4.63,19.37,8.66
PHC-DST-C1-03,2024-05-05,4.87,19.13,9.11
PHC-DST-C1-03,2024-05-06,4.14,19.86,7.74
PHC-DST-C1-03,2024-05-07,3.56,20.44,6.66
PHC-DST-C1-03,2024-05-08,2.06,21.94,3.85
PHC-DST-C1-03,2024-05-09,4.53,19.47,8.47
PHC-DST-C1-03,2024-05-10,4.19,19.81,7.84
PHC-DST-C1-03,2024-05-11,3.91,20.09,7.31
PHC-DST-C1-03,2024-05-12,3.28,20.72,6.13
PHC-DST-C1-03,2024-05-13,4.52,19.48,8.45
PHC-DST-C1-03,2024-05-14,3.61,20.39,6.75
PHC-DST-C1-03,2024-05-15,3.77,20.23,7.05
PHC-DST-C1-03,2024-05-16,3.76,20.24,7.03
PHC-DST-C1-03,2024-05-17,4.14,19.86,7.74
PHC-DST-C1-03,2024-05-18,2.94,,5.5
PHC-DST-C1-03,2024-05-19,4.22,19.78,7.89
PHC-DST-C1-03,2024-05-20,3.26,20.74,6.1
PHC-DST-C1-03,2024-05-21,3.29,20.71,6.15
PHC-DST-C1-03,2024-05-22,4.46,19.54,8.34
PHC-DST-C1-03,2024-05-23,3.05,20.95,5.7
PHC-DST-C1-03,2024-05-24,4.46,,8.34
PHC-DST-C1-03,2024-05-25,,20.12,7.26
PHC-DST-C1-03,2024-05-26,2.56,21.44,4.79
PHC-DST-C1-03,2024-05-27,4.82,19.18,9.01
PHC-DST-C1-03,2024-05-28,4.03,,7.54
PHC-DST-C1-03,2024-05-29,4.1,19.9,7.67
PHC-DST-C1-03,2024-05-30,4.56,19.44,8.53
PHC-DST-C1-03,2024-05-31,4.92,19.08,9.2
PHC-DST-C1-03,2024-06-01,3.95,20.05,7.39
PHC-DST-C1-03,2024-06-02,4.26,19.74,7.97
PHC-DST-C1-03,2024-06-03,4.08,19.92,7.63
PHC-DST-C1-03,2024-06-04,3.54,20.46,6.62
PHC-DST-C1-03,2024-06-05,2.61,21.39,4.88
PHC-DST-C1-03,2024-06-06,3.96,20.04,7.41
PHC-DST-C1-03,2024-06-07,4.83,19.17,9.03
PHC-DST-C1-03,2024-06-08,4.24,,7.93
PHC-DST-C1-03,2024-06-09,3.0,21.0,5.61
PHC-DST-C1-03,2024-06-10,4.62,19.38,8.64
PHC-DST-C1-03,2024-06-11,3.57,20.43,6.68
PHC-DST-C1-03,2024-06-12,2.23,21.77,4.17
PHC-DST-C1-03,2024-06-13,4.56,19.44,8.53
PHC-DST-C1-03,2024-06-14,3.09,20.91,5.78
PHC-DST-C1-03,2024-06-15,5.14,18.86,9.61
PHC-DST-C1-03,2024-06-16,4.66,19.34,8.71
PHC-DST-C1-03,2024-06-17,3.63,20.37,6.79
PHC-DST-C1-03,2024-06-18,4.14,19.86,7.74
PHC-DST-C1-03,2024-06-19,5.62,18.38,10.51
PHC-DST-C1-03,2024-06-20,4.55,19.45,8.51
PHC-DST-C1-03,2024-06-21,3.98,20.02,7.44
PHC-DST-C1-03,2024-06-22,5.97,18.03,11.16
PHC-DST-C1-03,2024-06-23,3.89,20.11,7.27
PHC-DST-C1-03,2024-06-24,4.24,19.76,7.93
PHC-DST-C1-03,2024-06-25,3.1,20.9,5.8
PHC-DST-C1-03,2024-06-26,2.54,21.46,4.75
PHC-DST-C1-03,2024-06-27,3.58,20.42,6.69
PHC-DST-C1-03,2024-06-28,3.83,20.17,7.16
PHC-DST-C1-03,2024-06-29,4.05,19.95,7.57
PHC-DST-C1-03,2024-06-30,2.74,21.26,5.12
PHC-DST-C1-03,2024-07-01,4.3,19.7,8.04
PHC-DST-C1-03,2024-07-02,3.18,20.82,5.95
PHC-DST-C1-03,2024-07-03,4.26,19.74,7.97
PHC-DST-C1-03,2024-07-04,4.5,19.5,8.42
PHC-DST-C1-03,2024-07-05,,20.5,6.55
PHC-DST-C1-03,2024-07-06,3.08,20.92,5.76
PHC-DST-C1-03,2024-07-07,4.96,19.04,9.28
PHC-DST-C1-03,2024-07-08,4.45,19.55,8.32
PHC-DST-C1-03,2024-07-09,3.91,20.09,7.31
PHC-DST-C1-03,2024-07-10,4.9,19.1,9.16
PHC-DST-C1-03,2024-07-11,3.86,20.14,7.22
PHC-DST-C1-03,2024-07-12,3.33,20.67,6.23
PHC-DST-C1-03,2024-07-13,3.05,20.95,5.7
PHC-DST-C1-03,2024-07-14,3.72,,6.96
PHC-DST-C1-03,2024-07-15,4.38,19.62,8.19
PHC-DST-C1-03,2024-07-16,4.84,19.16,9.05
PHC-DST-C1-03,2024-07-17,3.82,20.18,7.14
PHC-DST-C1-03,2024-07-18,4.71,19.29,8.81
PHC-DST-C1-03,2024-07-19,3.64,20.36,6.81
PHC-DST-C1-03,2024-07-20,3.21,20.79,6.0
PHC-DST-C1-03,2024-07-21,2.82,21.18,5.27
PHC-DST-C1-03,2024-07-22,3.42,20.58,6.4
PHC-DST-C1-03,2024-07-23,2.85,21.15,5.33
PHC-DST-C1-03,2024-07-24,5.31,18.69,9.93
PHC-DST-C1-03,2024-07-25,4.13,19.87,7.72
PHC-DST-C1-03,2024-07-26,3.73,20.27,6.98
PHC-DST-C1-03,2024-07-27,5.09,18.91,9.52
PHC-DST-C1-03,2024-07-28,2.82,21.18,5.27
PHC-DST-C1-03,2024-07-29,3.7,20.3,6.92
PHC-DST-C1-03,2024-07-30,5.3,18.7,9.91
PHC-DST-C1-03,2024-07-31,3.69,20.31,6.9
PHC-DST-C1-03,2024-08-01,5.64,18.36,10.55
PHC-DST-C1-03,2024-08-02,4.39,,8.21
PHC-DST-C1-03,2024-08-03,4.78,19.22,8.94
PHC-DST-C1-03,2024-08-04,4.8,,8.98
PHC-DST-C1-03,2024-08-05,3.8,20.2,7.11
PHC-DST-C1-03,2024-08-06,3.43,20.57,6.41
PHC-DST-C1-03,2024-08-07,3.71,20.29,6.94
PHC-DST-C1-03,2024-08-08,3.06,20.94,5.72
PHC-DST-C1-03,2024-08-09,3.75,20.25,7.01
PHC-DST-C1-03,2024-08-10,3.8,20.2,7.11
PHC-DST-C1-03,2024-08-11,5.07,18.93,9.48
PHC-DST-C1-03,2024-08-12,4.24,19.76,7.93
PHC-DST-C1-03,2024-08-13,5.57,18.43,10.42
PHC-DST-C1-03,2024-08-14,15.93,8.07,29.79
PHC-DST-C1-03,2024-08-15,3.53,20.47,6.6
PHC-DST-C1-03,2024-08-16,4.92,19.08,9.2
PHC-DST-C1-03,2024-08-17,3.72,20.28,6.96
PHC-DST-C1-03,2024-08-18,2.7,21.3,5.05
PHC-DST-C1-03,2024-08-19,3.62,20.38,6.77
PHC-DST-C1-03,2024-08-20,2.9,,5.42
PHC-DST-C1-03,2024-08-21,2.75,21.25,5.14
PHC-DST-C1-03,2024-08-22,5.3,18.7,9.91
PHC-DST-C1-03,2024-08-23,3.54,20.46,6.62
PHC-DST-C1-03,2024-08-24,3.93,20.07,7.35
PHC-DST-C1-03,2024-08-25,3.73,20.27,6.98
PHC-DST-C1-03,2024-08-26,3.61,20.39,6.75
PHC-DST-C1-03,2024-08-27,3.17,20.83,5.93
PHC-DST-C1-03,2024-08-28,3.57,20.43,6.68
PHC-DST-C1-03,2024-08-29,4.05,19.95,7.57
PHC-DST-C1-03,2024-08-30,4.86,19.14,9.09
PHC-DST-C1-03,2024-08-31,4.51,19.49,8.43
PHC-DST-C1-03,2024-09-01,2.89,21.11,5.4
PHC-DST-C1-03,2024-09-02,4.54,19.46,8.49
PHC-DST-C1-03,2024-09-03,4.16,19.84,7.78
PHC-DST-C1-03,2024-09-04,3.33,20.67,6.23
PHC-DST-C1-03,2024-09-05,3.94,20.06,7.37
PHC-DST-C1-03,2024-09-06,4.23,19.77,7.91
PHC-DST-C1-03,2024-09-07,3.84,20.16,7.18
PHC-DST-C1-03,2024-09-08,15.96,8.04,29.85
PHC-DST-C1-03,2024-09-09,5.29,18.71,9.89
PHC-DST-C1-03,2024-09-10,2.35,21.65,4.39
PHC-DST-C1-03,2024-09-11,4.23,19.77,7.91
PHC-DST-C1-03,2024-09-12,4.08,19.92,7.63
PHC-DST-C1-03,2024-09-13,4.28,19.72,8.0
PHC-DST-C1-03,2024-09-14,3.27,20.73,6.11
PHC-DST-C1-03,2024-09-15,4.68,19.32,8.75
PHC-DST-C1-03,2024-09-16,3.72,20.28,6.96
PHC-DST-C1-03,2024-09-17,2.91,21.09,5.44
PHC-DST-C1-03,2024-09-18,2.98,21.02,5.57
PHC-DST-C1-03,2024-09-19,3.89,20.11,7.27
PHC-DST-C1-03,2024-09-20,2.6,21.4,4.86
PHC-DST-C1-03,2024-09-21,5.15,18.85,9.63
PHC-DST-C1-03,2024-09-22,4.59,19.41,8.58
PHC-DST-C1-03,2024-09-23,5.17,18.83,9.67
PHC-DST-C1-03,2024-09-24,5.09,18.91,9.52
PHC-DST-C1-03,2024-09-25,3.54,20.46,6.62
PHC-DST-C1-03,2024-09-26,3.15,,5.89
PHC-DST-C1-03,2024-09-27,1.79,22.21,3.35
PHC-DST-C1-03,2024-09-28,3.5,20.5,6.55
PHC-DST-C1-03,2024-09-29,5.12,18.88,9.57
PHC-DST-C1-03,2024-09-30,3.18,20.82,5.95
PHC-DST-C1-03,2024-10-01,3.64,20.36,6.81
PHC-DST-C1-03,2024-10-02,3.38,20.62,6.32
PHC-DST-C1-03,2024-10-03,4.08,19.92,7.63
PHC-DST-C1-03,2024-10-04,4.76,19.24,8.9
PHC-DST-C1-03,2024-10-05,2.65,21.35,4.96
PHC-DST-C1-03,2024-10-06,2.79,21.21,5.22
PHC-DST-C1-03,2024-10-07,4.91,19.09,9.18
PHC-DST-C1-03,2024-10-08,4.35,19.65,8.13
PHC-DST-C1-03,2024-10-09,3.61,20.39,6.75
PHC-DST-C1-03,2024-10-10,5.08,18.92,9.5
PHC-DST-C1-03,2024-10-11,,21.22,5.2
PHC-DST-C1-03,2024-10-12,4.5,19.5,8.42
PHC-DST-C1-03,2024-10-13,3.75,20.25,7.01
PHC-DST-C1-03,2024-10-14,4.25,,7.95
PHC-DST-C1-03,2024-10-15,2.01,21.99,3.76
PHC-DST-C1-03,2024-10-16,3.6,20.4,6.73
PHC-DST-C1-03,2024-10-17,4.35,19.65,8.13
PHC-DST-C1-03,2024-10-18,3.75,20.25,7.01
PHC-DST-C1-03,2024-10-19,4.74,,8.86
PHC-DST-C1-03,2024-10-20,4.72,19.28,8.83
PHC-DST-C1-03,2024-10-21,3.08,20.92,5.76
PHC-DST-C1-03,2024-10-22,4.42,19.58,8.27
PHC-DST-C1-03,2024-10-23,3.06,,5.72
PHC-DST-C1-03,2024-10-24,3.84,20.16,7.18
PHC-DST-C1-03,2024-10-25,4.29,19.71,8.02
PHC-DST-C1-03,2024-10-26,3.17,20.83,5.93
PHC-DST-C1-03,2024-10-27,4.39,19.61,8.21
PHC-DST-C1-03,2024-10-28,3.42,20.58,6.4
PHC-DST-C1-03,2024-10-29,3.36,20.64,6.28
PHC-DST-C1-03,2024-10-30,4.33,19.67,8.1
PHC-DST-C1-03,2024-10-31,3.17,20.83,5.93
PHC-DST-C1-03,2024-11-01,,20.87,5.85
PHC-DST-C1-03,2024-11-02,4.58,19.42,8.56
PHC-DST-C1-03,2024-11-03,3.88,20.12,7.26
PHC-DST-C1-03,2024-11-04,2.71,21.29,5.07
PHC-DST-C1-03,2024-11-05,4.44,19.56,8.3
PHC-DST-C1-03,2024-11-06,3.5,20.5,6.55
PHC-DST-C1-03,2024-11-07,2.75,,5.14
PHC-DST-C1-03,2024-11-08,1.92,22.08,3.59
PHC-DST-C1-03,2024-11-09,4.48,,8.38
PHC-DST-C1-03,2024-11-10,3.16,20.84,5.91
PHC-DST-C1-03,2024-11-11,2.87,21.13,5.37
PHC-DST-C1-03,2024-11-12,4.28,19.72,8.0
PHC-DST-C1-03,2024-11-13,4.4,19.6,8.23
PHC-DST-C1-03,2024-11-14,3.21,20.79,6.0
PHC-DST-C1-03,2024-11-15,4.48,19.52,8.38
PHC-DST-C1-03,2024-11-16,5.34,18.66,9.99
PHC-DST-C1-03,2024-11-17,4.81,19.19,8.99
PHC-DST-C1-03,2024-11-18,4.69,19.31,8.77
PHC-DST-C1-03,2024-11-19,4.04,19.96,7.55
PHC-DST-C1-03,2024-11-20,3.47,20.53,6.49
PHC-DST-C1-03,2024-11-21,3.76,20.24,7.03
PHC-DST-C1-03,2024-11-22,4.13,19.87,7.72
PHC-DST-C1-03,2024-11-23,2.86,21.14,5.35
PHC-DST-C1-03,2024-11-24,3.22,20.78,6.02
PHC-DST-C1-03,2024-11-25,2.73,21.27,5.11
PHC-DST-C1-03,2024-11-26,3.98,20.02,7.44
PHC-DST-C1-03,2024-11-27,3.86,20.14,7.22
PHC-DST-C1-03,2024-11-28,3.31,20.69,6.19
PHC-DST-C1-03,2024-11-29,4.42,19.58,8.27
PHC-DST-C1-03,2024-11-30,3.02,20.98,5.65
PHC-DST-C1-03,2024-12-01,3.28,20.72,6.13
PHC-DST-C1-03,2024-12-02,4.39,19.61,8.21
PHC-DST-C1-03,2024-12-03,4.5,19.5,8.42
PHC-DST-C1-03,2024-12-04,3.2,20.8,5.98
PHC-DST-C1-03,2024-12-05,3.97,20.03,7.42
PHC-DST-C1-03,2024-12-06,3.22,20.78,6.02
PHC-DST-C1-03,2024-12-07,3.65,20.35,6.83
PHC-DST-C1-03,2024-12-08,3.91,20.09,7.31
PHC-DST-C1-03,2024-12-09,4.22,19.78,7.89
PHC-DST-C1-03,2024-12-10,4.04,19.96,7.55
PHC-DST-C1-03,2024-12-11,4.0,20.0,7.48
PHC-DST-C1-03,2024-12-12,2.99,21.01,5.59
PHC-DST-C1-03,2024-12-13,4.09,19.91,7.65
PHC-DST-C1-03,2024-12-14,4.21,19.79,7.87
PHC-DST-C1-03,2024-12-15,4.32,19.68,8.08
PHC-DST-C1-03,2024-12-16,3.26,20.74,6.1
PHC-DST-C1-03,2024-12-17,4.49,19.51,8.4
PHC-DST-C1-03,2024-12-18,2.81,21.19,5.25
PHC-DST-C1-03,2024-12-19,3.48,20.52,6.51
PHC-DST-C1-03,2024-12-20,3.59,20.41,6.71
PHC-DST-C1-03,2024-12-21,2.85,21.15,5.33
PHC-DST-C1-03,2024-12-22,3.58,20.42,6.69
PHC-DST-C1-03,2024-12-23,3.97,20.03,7.42
PHC-DST-C1-03,2024-12-24,2.43,21.57,4.54
PHC-DST-C1-03,2024-12-25,3.5,20.5,6.55
PHC-DST-C1-03,2024-12-26,2.49,,4.66
PHC-DST-C1-03,2024-12-27,5.33,18.67,9.97
PHC-DST-C1-03,2024-12-28,3.96,20.04,7.41
PHC-DST-C1-03,2024-12-29,,20.11,7.27
PHC-DST-C1-03,2024-12-30,3.97,20.03,7.42
PHC-DST-C1-03,2024-12-31,4.25,19.75,7.95
PHC-DST-C1-03,2025-01-01,4.53,19.47,8.47
PHC-DST-C1-03,2025-01-02,2.63,21.37,4.92
PHC-DST-C1-03,2025-01-03,4.78,19.22,8.94
PHC-DST-C1-03,2025-01-04,4.73,19.27,8.85
PHC-DST-C1-03,2025-01-05,3.75,20.25,7.01
PHC-DST-C1-03,2025-01-06,3.71,20.29,6.94
PHC-DST-C1-03,2025-01-07,1.47,22.53,2.75
PHC-DST-C1-03,2025-01-08,2.87,21.13,5.37
PHC-DST-C1-03,2025-01-09,4.19,19.81,7.84
PHC-DST-C1-03,2025-01-10,4.7,19.3,8.79
PHC-DST-C1-03,2025-01-11,4.35,19.65,8.13
PHC-DST-C1-03,2025-01-12,3.74,20.26,6.99
PHC-DST-C1-03,2025-01-13,5.24,18.76,9.8
PHC-DST-C1-03,2025-01-14,4.55,19.45,8.51
PHC-DST-C1-03,2025-01-15,3.5,20.5,6.55
PHC-DST-C1-03,2025-01-16,5.44,18.56,10.17
PHC-DST-C1-03,2025-01-17,2.98,21.02,5.57
PHC-DST-C1-03,2025-01-18,2.7,21.3,5.05
PHC-DST-C1-03,2025-01-19,3.48,20.52,6.51
PHC-DST-C1-03,2025-01-20,3.23,20.77,6.04
PHC-DST-C1-03,2025-01-21,3.53,20.47,6.6
PHC-DST-C1-03,2025-01-22,4.4,19.6,8.23
PHC-DST-C1-03,2025-01-23,3.77,20.23,7.05
PHC-DST-C1-03,2025-01-24,3.79,20.21,7.09
PHC-DST-C1-03,2025-01-25,3.84,20.16,7.18
PHC-DST-C1-03,2025-01-26,2.07,21.93,3.87
PHC-DST-C1-03,2025-01-27,2.66,21.34,4.97
PHC-DST-C1-03,2025-01-28,3.51,20.49,6.56
PHC-DST-C1-03,2025-01-29,3.17,20.83,5.93
PHC-DST-C1-03,2025-01-30,3.63,20.37,6.79
PHC-DST-C1-03,2025-01-31,4.85,19.15,9.07
PHC-DST-C1-03,2025-02-01,3.74,20.26,6.99
PHC-DST-C1-03,2025-02-02,2.81,21.19,5.25
PHC-DST-C1-03,2025-02-03,3.21,20.79,6.0
PHC-DST-C1-03,2025-02-04,5.08,18.92,9.5
PHC-DST-C1-03,2025-02-05,4.95,19.05,9.26
PHC-DST-C1-03,2025-02-06,4.25,19.75,7.95
PHC-DST-C1-03,2025-02-07,2.63,21.37,4.92
PHC-DST-C1-03,2025-02-08,4.03,19.97,7.54
PHC-DST-C1-03,2025-02-09,4.09,19.91,7.65
PHC-DST-C1-03,2025-02-10,3.82,20.18,7.14
PHC-DST-C1-03,2025-02-11,3.37,20.63,6.3
PHC-DST-C1-03,2025-02-12,3.53,20.47,6.6
PHC-DST-C1-03,2025-02-13,3.32,20.68,6.21
PHC-DST-C1-03,2025-02-14,2.94,21.06,5.5
PHC-DST-C1-03,2025-02-15,4.82,19.18,9.01
PHC-DST-C1-03,2025-02-16,4.46,19.54,8.34
PHC-DST-C1-03,2025-02-17,3.59,20.41,6.71
PHC-DST-C1-03,2025-02-18,4.06,19.94,7.59
PHC-DST-C1-03,2025-02-19,4.09,19.91,7.65
PHC-DST-C1-03,2025-02-20,5.56,18.44,10.4
PHC-DST-C1-03,2025-02-21,4.45,19.55,8.32
PHC-DST-C1-03,2025-02-22,4.43,19.57,8.28
PHC-DST-C1-03,2025-02-23,3.83,20.17,7.16
PHC-DST-C1-03,2025-02-24,,20.53,6.49
PHC-DST-C1-03,2025-02-25,4.84,19.16,9.05
PHC-DST-C1-03,2025-02-26,4.29,19.71,8.02
PHC-DST-C1-03,2025-02-27,3.18,20.82,5.95
PHC-DST-C1-03,2025-02-28,4.14,19.86,7.74
PHC-DST-C1-03,2025-03-01,4.43,19.57,8.28
PHC-DST-C1-03,2025-03-02,2.23,21.77,4.17
PHC-DST-C1-03,2025-03-03,3.11,20.89,5.82
PHC-DST-C1-03,2025-03-04,4.07,19.93,7.61
PHC-DST-C1-03,2025-03-05,2.36,21.64,4.41
PHC-DST-C1-03,2025-03-06,2.48,21.52,4.64
PHC-DST-C1-03,2025-03-07,3.6,,6.73
PHC-DST-C1-03,2025-03-08,4.17,19.83,7.8
PHC-DST-C1-03,2025-03-09,4.2,19.8,7.85
PHC-DST-C1-03,2025-03-10,4.99,19.01,9.33
PHC-DST-C1-03,2025-03-11,3.86,20.14,7.22
PHC-DST-C1-03,2025-03-12,3.52,20.48,6.58
PHC-DST-C1-03,2025-03-13,2.82,21.18,5.27
PHC-DST-C1-03,2025-03-14,3.51,,6.56
PHC-DST-C1-03,2025-03-15,4.33,19.67,8.1
PHC-DST-C1-03,2025-03-16,4.36,,8.15
PHC-DST-C1-03,2025-03-17,4.0,20.0,7.48
PHC-DST-C1-03,2025-03-18,4.21,19.79,7.87
PHC-DST-C1-03,2025-03-19,4.76,19.24,8.9
PHC-DST-C1-03,2025-03-20,3.86,20.14,7.22
PHC-DST-C1-03,2025-03-21,4.83,19.17,9.03
PHC-DST-C1-03,2025-03-22,3.26,20.74,6.1
PHC-DST-C1-03,2025-03-23,3.75,20.25,7.01
PHC-DST-C1-03,2025-03-24,3.44,20.56,6.43
PHC-DST-C1-03,2025-03-25,4.39,19.61,8.21
PHC-DST-C1-03,2025-03-26,3.04,20.96,5.68
PHC-DST-C1-03,2025-03-27,3.56,20.44,6.66
PHC-DST-C1-03,2025-03-28,2.41,21.59,4.51
PHC-DST-C1-03,2025-03-29,4.25,19.75,7.95
PHC-DST-C1-03,2025-03-30,4.74,19.26,8.86
PHC-DST-C1-03,2025-03-31,4.48,19.52,8.38
PHC-DST-C1-03,2025-04-01,4.41,19.59,8.25
PHC-DST-C1-03,2025-04-02,4.43,19.57,8.28
PHC-DST-C1-03,2025-04-03,4.32,19.68,8.08
PHC-DST-C1-03,2025-04-04,4.26,19.74,7.97
PHC-DST-C1-03,2025-04-05,4.31,19.69,8.06
PHC-DST-C1-03,2025-04-06,3.31,20.69,6.19
PHC-DST-C1-03,2025-04-07,3.65,20.35,6.83
PHC-DST-C1-03,2025-04-08,3.85,20.15,7.2
PHC-DST-C1-03,2025-04-09,3.55,20.45,6.64
PHC-DST-C1-03,2025-04-10,2.63,21.37,4.92
PHC-DST-C1-03,2025-04-11,2.87,21.13,5.37
PHC-DST-C1-03,2025-04-12,3.97,,7.42
PHC-DST-C1-03,2025-04-13,4.48,19.52,8.38
PHC-DST-C1-03,2025-04-14,3.81,20.19,7.12
PHC-DST-C1-03,2025-04-15,5.87,18.13,10.98
PHC-DST-C1-03,2025-04-16,3.11,20.89,5.82
PHC-DST-C1-03,2025-04-17,4.13,19.87,7.72
PHC-DST-C1-03,2025-04-18,4.77,19.23,8.92
PHC-DST-C1-03,2025-04-19,4.6,19.4,8.6
PHC-DST-C1-03,2025-04-20,4.29,19.71,8.02
PHC-DST-C1-03,2025-04-21,4.6,19.4,8.6
PHC-DST-C1-03,2025-04-22,3.84,20.16,7.18
PHC-DST-C1-03,2025-04-23,5.05,18.95,9.44
PHC-DST-C1-03,2025-04-24,4.76,,8.9
PHC-DST-C1-03,2025-04-25,3.16,20.84,5.91
PHC-DST-C1-03,2025-04-26,4.04,19.96,7.55
PHC-DST-C1-03,2025-04-27,2.64,21.36,4.94
PHC-DST-C1-03,2025-04-28,4.94,19.06,9.24
PHC-DST-C1-03,2025-04-29,3.97,20.03,7.42
PHC-DST-C1-03,2025-04-30,4.81,19.19,8.99
PHC-DST-C1-03,2025-05-01,3.72,20.28,6.96
PHC-DST-C1-03,2025-05-02,2.41,,4.51
PHC-DST-C1-03,2025-05-03,5.78,18.22,10.81
PHC-DST-C1-03,2025-05-04,3.9,20.1,7.29
PHC-DST-C1-03,2025-05-05,3.05,20.95,5.7
PHC-DST-C1-03,2025-05-06,4.66,19.34,8.71
PHC-DST-C1-03,2025-05-07,5.33,18.67,9.97
PHC-DST-C1-03,2025-05-08,3.65,20.35,6.83
PHC-DST-C1-03,2025-05-09,3.73,20.27,6.98
PHC-DST-C1-03,2025-05-10,3.98,20.02,7.44
PHC-DST-C1-03,2025-05-11,2.97,21.03,5.55
PHC-DST-C1-03,2025-05-12,3.28,20.72,6.13
PHC-DST-C1-03,2025-05-13,5.14,18.86,9.61
PHC-DST-C1-03,2025-05-14,3.7,20.3,6.92
PHC-DST-C1-03,2025-05-15,3.17,20.83,5.93
PHC-DST-C1-03,2025-05-16,3.46,20.54,6.47
PHC-DST-C1-03,2025-05-17,4.6,19.4,8.6
PHC-DST-C1-03,2025-05-18,2.32,21.68,4.34
PHC-DST-C1-03,2025-05-19,3.99,20.01,7.46
PHC-DST-C1-03,2025-05-20,5.65,18.35,10.57
PHC-DST-C1-03,2025-05-21,5.32,18.68,9.95
PHC-DST-C1-03,2025-05-22,4.23,19.77,7.91
PHC-DST-C1-03,2025-05-23,4.79,19.21,8.96
PHC-DST-C1-03,2025-05-24,4.78,19.22,8.94
PHC-DST-C1-03,2025-05-25,3.71,20.29,6.94
PHC-DST-C1-03,2025-05-26,4.49,19.51,8.4
PHC-DST-C1-03,2025-05-27,5.14,18.86,9.61
PHC-DST-C1-03,2025-05-28,2.85,21.15,5.33
PHC-DST-C1-03,2025-05-29,4.23,19.77,7.91
PHC-DST-C1-03,2025-05-30,4.07,19.93,7.61
PHC-DST-C1-03,2025-05-31,3.88,20.12,7.26
PHC-DST-C1-03,2025-06-01,3.81,20.19,7.12
PHC-DST-C1-03,2025-06-02,3.97,20.03,7.42
PHC-DST-C1-03,2025-06-03,4.04,19.96,7.55
PHC-DST-C1-03,2025-06-04,4.64,19.36,8.68
PHC-DST-C1-03,2025-06-05,4.16,19.84,7.78
PHC-DST-C1-03,2025-06-06,3.67,20.33,6.86
PHC-DST-C1-03,2025-06-07,3.17,20.83,5.93
PHC-DST-C1-03,2025-06-08,3.45,20.55,6.45
PHC-DST-C1-03,2025-06-09,4.0,20.0,7.48
PHC-DST-C1-03,2025-06-10,3.27,20.73,6.11
PHC-DST-C1-03,2025-06-11,4.51,19.49,8.43
PHC-DST-C1-03,2025-06-12,4.12,19.88,7.7
PHC-DST-C1-03,2025-06-13,4.66,19.34,8.71
PHC-DST-C1-03,2025-06-14,3.32,20.68,6.21
PHC-DST-C1-03,2025-06-15,3.18,20.82,5.95
PHC-DST-C1-03,2025-06-16,4.65,,8.7
PHC-DST-C1-03,2025-06-17,3.9,20.1,7.29
PHC-DST-C1-03,2025-06-18,3.65,20.35,6.83
PHC-DST-C1-03,2025-06-19,4.32,19.68,8.08
PHC-DST-C1-03,2025-06-20,4.3,19.7,8.04
PHC-DST-C1-03,2025-06-21,2.86,21.14,5.35
PHC-DST-C1-03,2025-06-22,4.84,19.16,9.05
PHC-DST-C1-03,2025-06-23,,20.51,6.53
PHC-DST-C1-03,2025-06-24,5.08,18.92,9.5
PHC-DST-C1-03,2025-06-25,2.8,21.2,5.24
PHC-DST-C1-03,2025-06-26,4.04,19.96,7.55
PHC-DST-C1-03,2025-06-27,3.66,20.34,6.84
PHC-DST-C1-03,2025-06-28,2.32,21.68,4.34
PHC-DST-C1-03,2025-06-29,4.29,19.71,8.02
PHC-DST-C1-03,2025-06-30,2.36,21.64,4.41
PHC-DST-C1-04,2024-01-01,1.58,22.42,3.48
PHC-DST-C1-04,2024-01-02,2.63,21.37,5.79
PHC-DST-C1-04,2024-01-03,1.4,22.6,3.08
PHC-DST-C1-04,2024-01-04,,22.88,2.46
PHC-DST-C1-04,2024-01-05,2.4,21.6,5.28
PHC-DST-C1-04,2024-01-06,1.61,22.39,3.54
PHC-DST-C1-04,2024-01-07,1.5,22.5,3.3
PHC-DST-C1-04,2024-01-08,2.76,21.24,6.07
PHC-DST-C1-04,2024-01-09,0.92,23.08,2.02
PHC-DST-C1-04,2024-01-10,1.46,22.54,3.21
PHC-DST-C1-04,2024-01-11,2.45,21.55,5.39
PHC-DST-C1-04,2024-01-12,0.88,23.12,1.94
PHC-DST-C1-04,2024-01-13,3.13,20.87,6.89
PHC-DST-C1-04,2024-01-14,1.64,22.36,3.61
PHC-DST-C1-04,2024-01-15,2.46,21.54,5.41
PHC-DST-C1-04,2024-01-16,,21.55,5.39
PHC-DST-C1-04,2024-01-17,1.69,22.31,3.72
PHC-DST-C1-04,2024-01-18,1.44,22.56,3.17
PHC-DST-C1-04,2024-01-19,1.77,22.23,3.89
PHC-DST-C1-04,2024-01-20,2.33,21.67,5.13
PHC-DST-C1-04,2024-01-21,1.06,22.94,2.33
PHC-DST-C1-04,2024-01-22,0.9,,1.98
PHC-DST-C1-04,2024-01-23,2.91,21.09,6.4
PHC-DST-C1-04,2024-01-24,1.25,22.75,2.75
PHC-DST-C1-04,2024-01-25,2.07,21.93,4.55
PHC-DST-C1-04,2024-01-26,1.65,22.35,3.63
PHC-DST-C1-04,2024-01-27,1.68,22.32,3.7
PHC-DST-C1-04,2024-01-28,2.87,21.13,6.31
PHC-DST-C1-04,2024-01-29,1.74,22.26,3.83
PHC-DST-C1-04,2024-01-30,1.53,22.47,3.37
PHC-DST-C1-04,2024-01-31,1.6,22.4,3.52
PHC-DST-C1-04,2024-02-01,1.42,22.58,3.12
PHC-DST-C1-04,2024-02-02,1.3,22.7,2.86
PHC-DST-C1-04,2024-02-03,1.43,22.57,3.15
PHC-DST-C1-04,2024-02-04,3.05,20.95,6.71
PHC-DST-C1-04,2024-02-05,2.33,21.67,5.13
PHC-DST-C1-04,2024-02-06,1.54,22.46,3.39
PHC-DST-C1-04,2024-02-07,2.54,21.46,5.59
PHC-DST-C1-04,2024-02-08,0.61,23.39,1.34
PHC-DST-C1-04,2024-02-09,2.83,21.17,6.23
PHC-DST-C1-04,2024-02-10,2.77,21.23,6.09
PHC-DST-C1-04,2024-02-11,3.48,20.52,7.66
PHC-DST-C1-04,2024-02-12,2.56,21.44,5.63
PHC-DST-C1-04,2024-02-13,2.13,21.87,4.69
PHC-DST-C1-04,2024-02-14,2.77,21.23,6.09
PHC-DST-C1-04,2024-02-15,1.33,22.67,2.93
PHC-DST-C1-04,2024-02-16,1.5,22.5,3.3
PHC-DST-C1-04,2024-02-17,1.75,22.25,3.85
PHC-DST-C1-04,2024-02-18,2.83,21.17,6.23
PHC-DST-C1-04,2024-02-19,1.16,22.84,2.55
PHC-DST-C1-04,2024-02-20,1.08,22.92,2.38
PHC-DST-C1-04,2024-02-21,1.98,22.02,4.36
PHC-DST-C1-04,2024-02-22,2.34,21.66,5.15
PHC-DST-C1-04,2024-02-23,1.27,22.73,2.79
PHC-DST-C1-04,2024-02-24,2.3,21.7,5.06
PHC-DST-C1-04,2024-02-25,2.83,21.17,6.23
PHC-DST-C1-04,2024-02-26,2.7,21.3,5.94
PHC-DST-C1-04,2024-02-27,2.06,21.94,4.53
PHC-DST-C1-04,2024-02-28,1.73,22.27,3.81
PHC-DST-C1-04,2024-02-29,3.1,20.9,6.82
PHC-DST-C1-04,2024-03-01,1.81,22.19,3.98
PHC-DST-C1-04,2024-03-02,2.51,21.49,5.52
PHC-DST-C1-04,2024-03-03,3.27,20.73,7.19
PHC-DST-C1-04,2024-03-04,2.43,21.57,5.35
PHC-DST-C1-04,2024-03-05,1.05,22.95,2.31
PHC-DST-C1-04,2024-03-06,0.87,23.13,1.91
PHC-DST-C1-04,2024-03-07,1.58,22.42,3.48
PHC-DST-C1-04,2024-03-08,2.33,21.67,5.13
PHC-DST-C1-04,2024-03-09,2.13,21.87,4.69
PHC-DST-C1-04,2024-03-10,3.46,20.54,7.61
PHC-DST-C1-04,2024-03-11,2.13,21.87,4.69
PHC-DST-C1-04,2024-03-12,1.55,22.45,3.41
PHC-DST-C1-04,2024-03-13,0.95,23.05,2.09
PHC-DST-C1-04,2024-03-14,,21.31,5.92
PHC-DST-C1-04,2024-03-15,1.8,22.2,3.96
PHC-DST-C1-04,2024-03-16,0.67,23.33,1.47
PHC-DST-C1-04,2024-03-17,1.82,22.18,4.0
PHC-DST-C1-04,2024-03-18,1.05,22.95,2.31
PHC-DST-C1-04,2024-03-19,1.48,22.52,3.26
PHC-DST-C1-04,2024-03-20,1.8,22.2,3.96
PHC-DST-C1-04,2024-03-21,1.12,22.88,2.46
PHC-DST-C1-04,2024-03-22,1.43,22.57,3.15
PHC-DST-C1-04,2024-03-23,1.24,22.76,2.73
PHC-DST-C1-04,2024-03-24,1.26,22.74,2.77
PHC-DST-C1-04,2024-03-25,1.04,22.96,2.29
PHC-DST-C1-04,2024-03-26,1.44,22.56,3.17
PHC-DST-C1-04,2024-03-27,1.13,22.87,2.49
PHC-DST-C1-04,2024-03-28,2.24,21.76,4.93
PHC-DST-C1-04,2024-03-29,1.95,22.05,4.29
PHC-DST-C1-04,2024-03-30,2.7,21.3,5.94
PHC-DST-C1-04,2024-03-31,3.22,20.78,7.08
PHC-DST-C1-04,2024-04-01,2.31,21.69,5.08
PHC-DST-C1-04,2024-04-02,2.14,21.86,4.71
PHC-DST-C1-04,2024-04-03,2.36,21.64,5.19
PHC-DST-C1-04,2024-04-04,2.15,21.85,4.73
PHC-DST-C1-04,2024-04-05,1.84,22.16,4.05
PHC-DST-C1-04,2024-04-06,1.78,22.22,3.92
PHC-DST-C1-04,2024-04-07,1.03,22.97,2.27
PHC-DST-C1-04,2024-04-08,2.43,21.57,5.35
PHC-DST-C1-04,2024-04-09,1.78,22.22,3.92
PHC-DST-C1-04,2024-04-10,2.89,21.11,6.36
PHC-DST-C1-04,2024-04-11,2.49,21.51,5.48
PHC-DST-C1-04,2024-04-12,1.33,22.67,2.93
PHC-DST-C1-04,2024-04-13,2.74,21.26,6.03
PHC-DST-C1-04,2024-04-14,0.0,24.0,0.0
PHC-DST-C1-04,2024-04-15,3.25,20.75,7.15
PHC-DST-C1-04,2024-04-16,0.8,23.2,1.76
PHC-DST-C1-04,2024-04-17,2.17,21.83,4.77
PHC-DST-C1-04,2024-04-18,2.12,21.88,4.66
PHC-DST-C1-04,2024-04-19,2.64,21.36,5.81
PHC-DST-C1-04,2024-04-20,1.55,22.45,3.41
PHC-DST-C1-04,2024-04-21,0.19,23.81,0.42
PHC-DST-C1-04,2024-04-22,1.55,22.45,3.41
PHC-DST-C1-04,2024-04-23,1.64,22.36,3.61
PHC-DST-C1-04,2024-04-24,0.26,23.74,0.57
PHC-DST-C1-04,2024-04-25,1.83,22.17,4.03
PHC-DST-C1-04,2024-04-26,0.99,23.01,2.18
PHC-DST-C1-04,2024-04-27,2.29,21.71,5.04
PHC-DST-C1-04,2024-04-28,1.62,22.38,3.56
PHC-DST-C1-04,2024-04-29,3.27,20.73,7.19
PHC-DST-C1-04,2024-04-30,1.61,22.39,3.54
PHC-DST-C1-04,2024-05-01,2.12,21.88,4.66
PHC-DST-C1-04,2024-05-02,1.64,22.36,3.61
PHC-DST-C1-04,2024-05-03,0.58,23.42,1.28
PHC-DST-C1-04,2024-05-04,1.65,22.35,3.63
PHC-DST-C1-04,2024-05-05,2.37,21.63,5.21
PHC-DST-C1-04,2024-05-06,2.25,21.75,4.95
PHC-DST-C1-04,2024-05-07,1.58,22.42,3.48
PHC-DST-C1-04,2024-05-08,0.71,23.29,1.56
PHC-DST-C1-04,2024-05-09,2.28,21.72,5.02
PHC-DST-C1-04,2024-05-10,2.11,21.89,4.64
PHC-DST-C1-04,2024-05-11,2.43,21.57,5.35
PHC-DST-C1-04,2024-05-12,1.59,22.41,3.5
PHC-DST-C1-04,2024-05-13,0.54,23.46,1.19
PHC-DST-C1-04,2024-05-14,2.2,21.8,4.84
PHC-DST-C1-04,2024-05-15,1.79,22.21,3.94
PHC-DST-C1-04,2024-05-16,2.84,21.16,6.25
PHC-DST-C1-04,2024-05-17,1.82,22.18,4.0
PHC-DST-C1-04,2024-05-18,1.77,22.23,3.89
PHC-DST-C1-04,2024-05-19,2.11,21.89,4.64
PHC-DST-C1-04,2024-05-20,1.35,22.65,2.97
PHC-DST-C1-04,2024-05-21,1.32,22.68,2.9
PHC-DST-C1-04,2024-05-22,1.73,22.27,3.81
PHC-DST-C1-04,2024-05-23,1.11,22.89,2.44
PHC-DST-C1-04,2024-05-24,1.63,22.37,3.59
PHC-DST-C1-04,2024-05-25,3.25,20.75,7.15
PHC-DST-C1-04,2024-05-26,2.58,21.42,5.68
PHC-DST-C1-04,2024-05-27,2.03,21.97,4.47
PHC-DST-C1-04,2024-05-28,2.96,21.04,6.51
PHC-DST-C1-04,2024-05-29,1.18,22.82,2.6
PHC-DST-C1-04,2024-05-30,3.67,20.33,8.07
PHC-DST-C1-04,2024-05-31,1.45,22.55,3.19
PHC-DST-C1-04,2024-06-01,3.3,20.7,7.26
PHC-DST-C1-04,2024-06-02,3.3,20.7,7.26
PHC-DST-C1-04,2024-06-03,0.49,23.51,1.08
PHC-DST-C1-04,2024-06-04,2.9,21.1,6.38
PHC-DST-C1-04,2024-06-05,1.59,22.41,3.5
PHC-DST-C1-04,2024-06-06,1.37,22.63,3.01
PHC-DST-C1-04,2024-06-07,2.19,21.81,4.82
PHC-DST-C1-04,2024-06-08,1.04,22.96,2.29
PHC-DST-C1-04,2024-06-09,2.18,21.82,4.8
PHC-DST-C1-04,2024-06-10,1.09,22.91,2.4
PHC-DST-C1-04,2024-06-11,1.93,22.07,4.25
PHC-DST-C1-04,2024-06-12,2.8,21.2,6.16
PHC-DST-C1-04,2024-06-13,2.09,21.91,4.6
PHC-DST-C1-04,2024-06-14,,22.47,3.37
PHC-DST-C1-04,2024-06-15,2.21,21.79,4.86
PHC-DST-C1-04,2024-06-16,0.75,23.25,1.65
PHC-DST-C1-04,2024-06-17,1.17,22.83,2.57
PHC-DST-C1-04,2024-06-18,1.48,22.52,3.26
PHC-DST-C1-04,2024-06-19,2.39,21.61,5.26
PHC-DST-C1-04,2024-06-20,2.1,21.9,4.62
PHC-DST-C1-04,2024-06-21,2.2,21.8,4.84
PHC-DST-C1-04,2024-06-22,1.78,22.22,3.92
PHC-DST-C1-04,2024-06-23,1.21,22.79,2.66
PHC-DST-C1-04,2024-06-24,2.92,21.08,6.42
PHC-DST-C1-04,2024-06-25,1.28,22.72,2.82
PHC-DST-C1-04,2024-06-26,2.11,21.89,4.64
PHC-DST-C1-04,2024-06-27,1.72,22.28,3.78
PHC-DST-C1-04,2024-06-28,2.22,21.78,4.88
PHC-DST-C1-04,2024-06-29,1.35,22.65,2.97
PHC-DST-C1-04,2024-06-30,2.59,21.41,5.7
PHC-DST-C1-04,2024-07-01,2.83,21.17,6.23
PHC-DST-C1-04,2024-07-02,2.54,21.46,5.59
PHC-DST-C1-04,2024-07-03,1.92,22.08,4.22
PHC-DST-C1-04,2024-07-04,1.47,22.53,3.23
PHC-DST-C1-04,2024-07-05,3.92,20.08,8.62
PHC-DST-C1-04,2024-07-06,1.06,22.94,2.33
PHC-DST-C1-04,2024-07-07,2.46,21.54,5.41
PHC-DST-C1-04,2024-07-08,2.05,21.95,4.51
PHC-DST-C1-04,2024-07-09,1.75,22.25,3.85
PHC-DST-C1-04,2024-07-10,1.94,22.06,4.27
PHC-DST-C1-04,2024-07-11,1.42,22.58,3.12
PHC-DST-C1-04,2024-07-12,2.12,21.88,4.66
PHC-DST-C1-04,2024-07-13,2.04,21.96,4.49
PHC-DST-C1-04,2024-07-14,3.81,20.19,8.38
PHC-DST-C1-04,2024-07-15,2.6,21.4,5.72
PHC-DST-C1-04,2024-07-16,2.19,21.81,4.82
PHC-DST-C1-04,2024-07-17,2.23,21.77,4.91
PHC-DST-C1-04,2024-07-18,3.18,20.82,7.0
PHC-DST-C1-04,2024-07-19,1.07,22.93,2.35
PHC-DST-C1-04,2024-07-20,1.66,22.34,3.65
PHC-DST-C1-04,2024-07-21,0.37,23.63,0.81
PHC-DST-C1-04,2024-07-22,2.22,21.78,4.88
PHC-DST-C1-04,2024-07-23,,21.56,5.37
PHC-DST-C1-04,2024-07-24,1.05,22.95,2.31
PHC-DST-C1-04,2024-07-25,2.88,21.12,6.34
PHC-DST-C1-04,2024-07-26,1.26,22.74,2.77
PHC-DST-C1-04,2024-07-27,1.54,22.46,3.39
PHC-DST-C1-04,2024-07-28,1.89,22.11,4.16
PHC-DST-C1-04,2024-07-29,3.0,21.0,6.6
PHC-DST-C1-04,2024-07-30,1.16,22.84,2.55
PHC-DST-C1-04,2024-07-31,2.02,21.98,4.44
PHC-DST-C1-04,2024-08-01,2.38,21.62,5.24
PHC-DST-C1-04,2024-08-02,2.23,21.77,4.91
PHC-DST-C1-04,2024-08-03,2.25,21.75,4.95
PHC-DST-C1-04,2024-08-04,2.37,21.63,5.21
PHC-DST-C1-04,2024-08-05,1.38,22.62,3.04
PHC-DST-C1-04,2024-08-06,3.07,20.93,6.75
PHC-DST-C1-04,2024-08-07,1.72,22.28,3.78
PHC-DST-C1-04,2024-08-08,1.62,22.38,3.56
PHC-DST-C1-04,2024-08-09,2.81,21.19,6.18
PHC-DST-C1-04,2024-08-10,1.33,22.67,2.93
PHC-DST-C1-04,2024-08-11,2.04,21.96,4.49
PHC-DST-C1-04,2024-08-12,1.26,22.74,2.77
PHC-DST-C1-04,2024-08-13,3.69,20.31,8.12
PHC-DST-C1-04,2024-08-14,13.04,10.96,28.69
PHC-DST-C1-04,2024-08-15,2.19,21.81,4.82
PHC-DST-C1-04,2024-08-16,1.8,22.2,3.96
PHC-DST-C1-04,2024-08-17,1.54,22.46,3.39
PHC-DST-C1-04,2024-08-18,1.89,22.11,4.16
PHC-DST-C1-04,2024-08-19,1.77,,3.89
PHC-DST-C1-04,2024-08-20,0.66,23.34,1.45
PHC-DST-C1-04,2024-08-21,2.0,22.0,4.4
PHC-DST-C1-04,2024-08-22,1.77,22.23,3.89
PHC-DST-C1-04,2024-08-23,2.03,21.97,4.47
PHC-DST-C1-04,2024-08-24,1.74,22.26,3.83
PHC-DST-C1-04,2024-08-25,1.53,22.47,3.37
PHC-DST-C1-04,2024-08-26,2.46,21.54,5.41
PHC-DST-C1-04,2024-08-27,2.2,21.8,4.84
PHC-DST-C1-04,2024-08-28,2.85,21.15,6.27
PHC-DST-C1-04,2024-08-29,2.17,21.83,4.77
PHC-DST-C1-04,2024-08-30,1.65,22.35,3.63
PHC-DST-C1-04,2024-08-31,2.26,21.74,4.97
PHC-DST-C1-04,2024-09-01,0.31,23.69,0.68
PHC-DST-C1-04,2024-09-02,3.38,20.62,7.44
PHC-DST-C1-04,2024-09-03,,21.99,4.42
PHC-DST-C1-04,2024-09-04,3.44,20.56,7.57
PHC-DST-C1-04,2024-09-05,1.15,22.85,2.53
PHC-DST-C1-04,2024-09-06,0.96,23.04,2.11
PHC-DST-C1-04,2024-09-07,2.07,21.93,4.55
PHC-DST-C1-04,2024-09-08,13.91,10.09,30.6
PHC-DST-C1-04,2024-09-09,1.94,22.06,4.27
PHC-DST-C1-04,2024-09-10,1.33,22.67,2.93
PHC-DST-C1-04,2024-09-11,,23.31,1.52
PHC-DST-C1-04,2024-09-12,2.01,21.99,4.42
PHC-DST-C1-04,2024-09-13,0.84,23.16,1.85
PHC-DST-C1-04,2024-09-14,0.77,23.23,1.69
PHC-DST-C1-04,2024-09-15,1.51,22.49,3.32
PHC-DST-C1-04,2024-09-16,2.12,21.88,4.66
PHC-DST-C1-04,2024-09-17,3.29,20.71,7.24
PHC-DST-C1-04,2024-09-18,2.53,21.47,5.57
PHC-DST-C1-04,2024-09-19,2.87,21.13,6.31
PHC-DST-C1-04,2024-09-20,2.29,21.71,5.04
PHC-DST-C1-04,2024-09-21,2.08,21.92,4.58
PHC-DST-C1-04,2024-09-22,3.68,20.32,8.1
PHC-DST-C1-04,2024-09-23,0.81,23.19,1.78
PHC-DST-C1-04,2024-09-24,1.49,22.51,3.28
PHC-DST-C1-04,2024-09-25,1.55,22.45,3.41
PHC-DST-C1-04,2024-09-26,2.47,21.53,5.43
PHC-DST-C1-04,2024-09-27,1.07,22.93,2.35
PHC-DST-C1-04,2024-09-28,2.37,21.63,5.21
PHC-DST-C1-04,2024-09-29,2.23,21.77,4.91
PHC-DST-C1-04,2024-09-30,2.41,21.59,5.3
PHC-DST-C1-04,2024-10-01,2.4,21.6,5.28
PHC-DST-C1-04,2024-10-02,2.95,21.05,6.49
PHC-DST-C1-04,2024-10-03,1.76,22.24,3.87
PHC-DST-C1-04,2024-10-04,2.2,21.8,4.84
PHC-DST-C1-04,2024-10-05,1.25,22.75,2.75
PHC-DST-C1-04,2024-10-06,,22.92,2.38
PHC-DST-C1-04,2024-10-07,3.12,20.88,6.86
PHC-DST-C1-04,2024-10-08,1.19,22.81,2.62
PHC-DST-C1-04,2024-10-09,2.28,21.72,5.02
PHC-DST-C1-04,2024-10-10,2.2,21.8,4.84
PHC-DST-C1-04,2024-10-11,2.68,21.32,5.9
PHC-DST-C1-04,2024-10-12,0.56,23.44,1.23
PHC-DST-C1-04,2024-10-13,2.47,21.53,5.43
PHC-DST-C1-04,2024-10-14,1.76,22.24,3.87
PHC-DST-C1-04,2024-10-15,1.35,22.65,2.97
PHC-DST-C1-04,2024-10-16,1.61,22.39,3.54
PHC-DST-C1-04,2024-10-17,2.58,21.42,5.68
PHC-DST-C1-04,2024-10-18,2.35,21.65,5.17
PHC-DST-C1-04,2024-10-19,1.7,22.3,3.74
PHC-DST-C1-04,2024-10-20,0.95,23.05,2.09
PHC-DST-C1-04,2024-10-21,1.0,23.0,2.2
PHC-DST-C1-04,2024-10-22,2.36,21.64,5.19
PHC-DST-C1-04,2024-10-23,0.84,23.16,1.85
PHC-DST-C1-04,2024-10-24,1.71,22.29,3.76
PHC-DST-C1-04,2024-10-25,3.81,20.19,8.38
PHC-DST-C1-04,2024-10-26,2.14,21.86,4.71
PHC-DST-C1-04,2024-10-27,2.36,21.64,5.19
PHC-DST-C1-04,2024-10-28,1.0,23.0,2.2
PHC-DST-C1-04,2024-10-29,0.88,23.12,1.94
PHC-DST-C1-04,2024-10-30,2.4,21.6,5.28
PHC-DST-C1-04,2024-10-31,1.59,22.41,3.5
PHC-DST-C1-04,2024-11-01,2.68,21.32,5.9
PHC-DST-C1-04,2024-11-02,1.91,22.09,4.2
PHC-DST-C1-04,2024-11-03,4.47,19.53,9.83
PHC-DST-C1-04,2024-11-04,1.45,22.55,3.19
PHC-DST-C1-04,2024-11-05,2.09,21.91,4.6
PHC-DST-C1-04,2024-11-06,1.2,22.8,2.64
PHC-DST-C1-04,2024-11-07,2.65,21.35,5.83
PHC-DST-C1-04,2024-11-08,2.21,21.79,4.86
PHC-DST-C1-04,2024-11-09,1.15,22.85,2.53
PHC-DST-C1-04,2024-11-10,1.64,22.36,3.61
PHC-DST-C1-04,2024-11-11,2.9,21.1,6.38
PHC-DST-C1-04,2024-11-12,2.81,21.19,6.18
PHC-DST-C1-04,2024-11-13,0.81,23.19,1.78
PHC-DST-C1-04,2024-11-14,1.53,22.47,3.37
PHC-DST-C1-04,2024-11-15,3.24,20.76,7.13
PHC-DST-C1-04,2024-11-16,1.75,22.25,3.85
PHC-DST-C1-04,2024-11-17,2.01,21.99,4.42
PHC-DST-C1-04,2024-11-18,,21.35,5.83
PHC-DST-C1-04,2024-11-19,0.88,23.12,1.94
PHC-DST-C1-04,2024-11-20,1.17,22.83,2.57
PHC-DST-C1-04,2024-11-21,1.63,22.37,3.59
PHC-DST-C1-04,2024-11-22,2.78,21.22,6.12
PHC-DST-C1-04,2024-11-23,2.64,21.36,5.81
PHC-DST-C1-04,2024-11-24,2.41,21.59,5.3
PHC-DST-C1-04,2024-11-25,1.77,22.23,3.89
PHC-DST-C1-04,2024-11-26,2.72,21.28,5.98
PHC-DST-C1-04,2024-11-27,1.76,22.24,3.87
PHC-DST-C1-04,2024-11-28,2.31,21.69,5.08
PHC-DST-C1-04,2024-11-29,2.56,21.44,5.63
PHC-DST-C1-04,2024-11-30,3.15,20.85,6.93
PHC-DST-C1-04,2024-12-01,1.83,22.17,4.03
PHC-DST-C1-04,2024-12-02,1.6,22.4,3.52
PHC-DST-C1-04,2024-12-03,2.85,21.15,6.27
PHC-DST-C1-04,2024-12-04,2.9,21.1,6.38
PHC-DST-C1-04,2024-12-05,1.47,22.53,3.23
PHC-DST-C1-04,2024-12-06,1.05,22.95,2.31
PHC-DST-C1-04,2024-12-07,2.79,21.21,6.14
PHC-DST-C1-04,2024-12-08,0.64,23.36,1.41
PHC-DST-C1-04,2024-12-09,0.61,23.39,1.34
PHC-DST-C1-04,2024-12-10,1.67,22.33,3.67
PHC-DST-C1-04,2024-12-11,1.88,22.12,4.14
PHC-DST-C1-04,2024-12-12,1.01,22.99,2.22
PHC-DST-C1-04,2024-12-13,1.97,22.03,4.33
PHC-DST-C1-04,2024-12-14,2.0,22.0,4.4
PHC-DST-C1-04,2024-12-15,1.44,22.56,3.17
PHC-DST-C1-04,2024-12-16,3.33,20.67,7.33
PHC-DST-C1-04,2024-12-17,2.12,21.88,4.66
PHC-DST-C1-04,2024-12-18,2.65,21.35,5.83
PHC-DST-C1-04,2024-12-19,0.71,23.29,1.56
PHC-DST-C1-04,2024-12-20,0.7,23.3,1.54
PHC-DST-C1-04,2024-12-21,2.15,21.85,4.73
PHC-DST-C1-04,2024-12-22,3.19,20.81,7.02
PHC-DST-C1-04,2024-12-23,1.04,22.96,2.29
PHC-DST-C1-04,2024-12-24,1.91,22.09,4.2
PHC-DST-C1-04,2024-12-25,0.87,23.13,1.91
PHC-DST-C1-04,2024-12-26,1.26,22.74,2.77
PHC-DST-C1-04,2024-12-27,1.94,22.06,4.27
PHC-DST-C1-04,2024-12-28,1.43,22.57,3.15
PHC-DST-C1-04,2024-12-29,0.82,23.18,1.8
PHC-DST-C1-04,2024-12-30,0.8,23.2,1.76
PHC-DST-C1-04,2024-12-31,0.39,23.61,0.86
PHC-DST-C1-04,2025-01-01,2.16,21.84,4.75
PHC-DST-C1-04,2025-01-02,2.25,21.75,4.95
PHC-DST-C1-04,2025-01-03,2.24,21.76,4.93
PHC-DST-C1-04,2025-01-04,1.12,22.88,2.46
PHC-DST-C1-04,2025-01-05,2.55,21.45,5.61
PHC-DST-C1-04,2025-01-06,2.33,21.67,5.13
PHC-DST-C1-04,2025-01-07,,22.19,3.98
PHC-DST-C1-04,2025-01-08,1.68,22.32,3.7
PHC-DST-C1-04,2025-01-09,1.31,22.69,2.88
PHC-DST-C1-04,2025-01-10,1.94,22.06,4.27
PHC-DST-C1-04,2025-01-11,3.01,20.99,6.62
PHC-DST-C1-04,2025-01-12,2.65,21.35,5.83
PHC-DST-C1-04,2025-01-13,1.61,22.39,3.54
PHC-DST-C1-04,2025-01-14,2.2,21.8,4.84
PHC-DST-C1-04,2025-01-15,0.97,23.03,2.13
PHC-DST-C1-04,2025-01-16,2.35,21.65,5.17
PHC-DST-C1-04,2025-01-17,1.18,22.82,2.6
PHC-DST-C1-04,2025-01-18,2.32,21.68,5.1
PHC-DST-C1-04,2025-01-19,4.03,19.97,8.87
PHC-DST-C1-04,2025-01-20,1.37,22.63,3.01
PHC-DST-C1-04,2025-01-21,3.99,20.01,8.78
PHC-DST-C1-04,2025-01-22,2.17,21.83,4.77
PHC-DST-C1-04,2025-01-23,1.24,22.76,2.73
PHC-DST-C1-04,2025-01-24,1.2,22.8,2.64
PHC-DST-C1-04,2025-01-25,3.57,20.43,7.85
PHC-DST-C1-04,2025-01-26,2.17,21.83,4.77
PHC-DST-C1-04,2025-01-27,1.38,22.62,3.04
PHC-DST-C1-04,2025-01-28,1.65,22.35,3.63
PHC-DST-C1-04,2025-01-29,2.12,21.88,4.66
PHC-DST-C1-04,2025-01-30,1.79,22.21,3.94
PHC-DST-C1-04,2025-01-31,2.06,21.94,4.53
PHC-DST-C1-04,2025-02-01,3.13,,6.89
PHC-DST-C1-04,2025-02-02,0.95,23.05,2.09
PHC-DST-C1-04,2025-02-03,2.28,21.72,5.02
PHC-DST-C1-04,2025-02-04,1.75,22.25,3.85
PHC-DST-C1-04,2025-02-05,1.43,22.57,3.15
PHC-DST-C1-04,2025-02-06,2.6,21.4,5.72
PHC-DST-C1-04,2025-02-07,0.7,23.3,1.54
PHC-DST-C1-04,2025-02-08,0.03,23.97,0.07
PHC-DST-C1-04,2025-02-09,1.97,22.03,4.33
PHC-DST-C1-04,2025-02-10,1.7,22.3,3.74
PHC-DST-C1-04,2025-02-11,0.79,23.21,1.74
PHC-DST-C1-04,2025-02-12,0.52,23.48,1.14
PHC-DST-C1-04,2025-02-13,3.25,20.75,7.15
PHC-DST-C1-04,2025-02-14,2.15,21.85,4.73
PHC-DST-C1-04,2025-02-15,1.81,22.19,3.98
PHC-DST-C1-04,2025-02-16,3.45,20.55,7.59
PHC-DST-C1-04,2025-02-17,2.57,21.43,5.65
PHC-DST-C1-04,2025-02-18,3.13,20.87,6.89
PHC-DST-C1-04,2025-02-19,0.92,23.08,2.02
PHC-DST-C1-04,2025-02-20,0.89,,1.96
PHC-DST-C1-04,2025-02-21,2.26,21.74,4.97
PHC-DST-C1-04,2025-02-22,2.11,21.89,4.64
PHC-DST-C1-04,2025-02-23,2.74,21.26,6.03
PHC-DST-C1-04,2025-02-24,0.58,23.42,1.28
PHC-DST-C1-04,2025-02-25,2.33,21.67,5.13
PHC-DST-C1-04,2025-02-26,2.54,21.46,5.59
PHC-DST-C1-04,2025-02-27,2.5,21.5,5.5
PHC-DST-C1-04,2025-02-28,1.49,22.51,3.28
PHC-DST-C1-04,2025-03-01,2.19,21.81,4.82
PHC-DST-C1-04,2025-03-02,1.22,22.78,2.68
PHC-DST-C1-04,2025-03-03,1.58,22.42,3.48
PHC-DST-C1-04,2025-03-04,1.02,22.98,2.24
PHC-DST-C1-04,2025-03-05,1.23,22.77,2.71
PHC-DST-C1-04,2025-03-06,1.62,22.38,3.56
PHC-DST-C1-04,2025-03-07,1.43,22.57,3.15
PHC-DST-C1-04,2025-03-08,1.23,22.77,2.71
PHC-DST-C1-04,2025-03-09,0.83,23.17,1.83
PHC-DST-C1-04,2025-03-10,3.27,20.73,7.19
PHC-DST-C1-04,2025-03-11,1.42,22.58,3.12
PHC-DST-C1-04,2025-03-12,2.05,21.95,4.51
PHC-DST-C1-04,2025-03-13,0.48,23.52,1.06
PHC-DST-C1-04,2025-03-14,2.82,21.18,6.2
PHC-DST-C1-04,2025-03-15,1.93,22.07,4.25
PHC-DST-C1-04,2025-03-16,1.47,,3.23
PHC-DST-C1-04,2025-03-17,1.47,22.53,3.23
PHC-DST-C1-04,2025-03-18,2.45,21.55,5.39
PHC-DST-C1-04,2025-03-19,0.0,24.0,0.0
PHC-DST-C1-04,2025-03-20,1.18,22.82,2.6
PHC-DST-C1-04,2025-03-21,1.71,22.29,3.76
PHC-DST-C1-04,2025-03-22,1.7,22.3,3.74
PHC-DST-C1-04,2025-03-23,3.68,20.32,8.1
PHC-DST-C1-04,2025-03-24,1.55,22.45,3.41
PHC-DST-C1-04,2025-03-25,2.54,21.46,5.59
PHC-DST-C1-04,2025-03-26,3.16,20.84,6.95
PHC-DST-C1-04,2025-03-27,2.3,21.7,5.06
PHC-DST-C1-04,2025-03-28,1.29,22.71,2.84
PHC-DST-C1-04,2025-03-29,0.84,23.16,1.85
PHC-DST-C1-04,2025-03-30,2.36,21.64,5.19
PHC-DST-C1-04,2025-03-31,3.03,20.97,6.67
PHC-DST-C1-04,2025-04-01,2.21,21.79,4.86
PHC-DST-C1-04,2025-04-02,2.73,21.27,6.01
PHC-DST-C1-04,2025-04-03,3.74,20.26,8.23
PHC-DST-C1-04,2025-04-04,2.43,21.57,5.35
PHC-DST-C1-04,2025-04-05,0.97,23.03,2.13
PHC-DST-C1-04,2025-04-06,1.84,22.16,4.05
PHC-DST-C1-04,2025-04-07,,21.17,6.23
PHC-DST-C1-04,2025-04-08,1.61,22.39,3.54
PHC-DST-C1-04,2025-04-09,2.93,21.07,6.45
PHC-DST-C1-04,2025-04-10,1.75,22.25,3.85
PHC-DST-C1-04,2025-04-11,2.05,21.95,4.51
PHC-DST-C1-04,2025-04-12,1.54,22.46,3.39
PHC-DST-C1-04,2025-04-13,1.92,22.08,4.22
PHC-DST-C1-04,2025-04-14,1.96,22.04,4.31
PHC-DST-C1-04,2025-04-15,0.59,23.41,1.3
PHC-DST-C1-04,2025-04-16,1.47,22.53,3.23
PHC-DST-C1-04,2025-04-17,,23.12,1.94
PHC-DST-C1-04,2025-04-18,1.49,22.51,3.28
PHC-DST-C1-04,2025-04-19,1.2,22.8,2.64
PHC-DST-C1-04,2025-04-20,2.56,21.44,5.63
PHC-DST-C1-04,2025-04-21,2.57,21.43,5.65
PHC-DST-C1-04,2025-04-22,2.22,21.78,4.88
PHC-DST-C1-04,2025-04-23,,23.15,1.87
PHC-DST-C1-04,2025-04-24,1.73,22.27,3.81
PHC-DST-C1-04,2025-04-25,0.79,23.21,1.74
PHC-DST-C1-04,2025-04-26,1.69,22.31,3.72
PHC-DST-C1-04,2025-04-27,2.29,21.71,5.04
PHC-DST-C1-04,2025-04-28,2.54,21.46,5.59
PHC-DST-C1-04,2025-04-29,2.15,21.85,4.73
PHC-DST-C1-04,2025-04-30,2.74,21.26,6.03
PHC-DST-C1-04,2025-05-01,1.99,22.01,4.38
PHC-DST-C1-04,2025-05-02,1.62,22.38,3.56
PHC-DST-C1-04,2025-05-03,2.46,,5.41
PHC-DST-C1-04,2025-05-04,2.48,21.52,5.46
PHC-DST-C1-04,2025-05-05,1.41,22.59,3.1
PHC-DST-C1-04,2025-05-06,2.08,21.92,4.58
PHC-DST-C1-04,2025-05-07,1.58,22.42,3.48
PHC-DST-C1-04,2025-05-08,0.29,23.71,0.64
PHC-DST-C1-04,2025-05-09,2.13,21.87,4.69
PHC-DST-C1-04,2025-05-10,0.83,23.17,1.83
PHC-DST-C1-04,2025-05-11,2.05,21.95,4.51
PHC-DST-C1-04,2025-05-12,0.65,23.35,1.43
PHC-DST-C1-04,2025-05-13,1.26,22.74,2.77
PHC-DST-C1-04,2025-05-14,,22.53,3.23
PHC-DST-C1-04,2025-05-15,2.7,,5.94
PHC-DST-C1-04,2025-05-16,1.4,22.6,3.08
PHC-DST-C1-04,2025-05-17,0.99,23.01,2.18
PHC-DST-C1-04,2025-05-18,2.07,21.93,4.55
PHC-DST-C1-04,2025-05-19,1.64,22.36,3.61
PHC-DST-C1-04,2025-05-20,2.39,21.61,5.26
PHC-DST-C1-04,2025-05-21,1.04,22.96,2.29
PHC-DST-C1-04,2025-05-22,1.96,22.04,4.31
PHC-DST-C1-04,2025-05-23,3.65,20.35,8.03
PHC-DST-C1-04,2025-05-24,1.62,22.38,3.56
PHC-DST-C1-04,2025-05-25,1.94,22.06,4.27
PHC-DST-C1-04,2025-05-26,0.55,23.45,1.21
PHC-DST-C1-04,2025-05-27,1.16,22.84,2.55
PHC-DST-C1-04,2025-05-28,2.14,21.86,4.71
PHC-DST-C1-04,2025-05-29,1.55,22.45,3.41
PHC-DST-C1-04,2025-05-30,2.26,21.74,4.97
PHC-DST-C1-04,2025-05-31,2.12,21.88,4.66
PHC-DST-C1-04,2025-06-01,0.81,23.19,1.78
PHC-DST-C1-04,2025-06-02,2.56,21.44,5.63
PHC-DST-C1-04,2025-06-03,0.87,23.13,1.91
PHC-DST-C1-04,2025-06-04,1.23,22.77,2.71
PHC-DST-C1-04,2025-06-05,1.97,22.03,4.33
PHC-DST-C1-04,2025-06-06,2.98,21.02,6.56
PHC-DST-C1-04,2025-06-07,1.05,22.95,2.31
PHC-DST-C1-04,2025-06-08,1.91,22.09,4.2
PHC-DST-C1-04,2025-06-09,1.92,22.08,4.22
PHC-DST-C1-04,2025-06-10,,21.71,5.04
PHC-DST-C1-04,2025-06-11,2.69,21.31,5.92
PHC-DST-C1-04,2025-06-12,1.5,22.5,3.3
PHC-DST-C1-04,2025-06-13,2.56,21.44,5.63
PHC-DST-C1-04,2025-06-14,2.8,21.2,6.16
PHC-DST-C1-04,2025-06-15,,20.86,6.91
PHC-DST-C1-04,2025-06-16,2.18,21.82,4.8
PHC-DST-C1-04,2025-06-17,1.92,22.08,4.22
PHC-DST-C1-04,2025-06-18,1.44,22.56,3.17
PHC-DST-C1-04,2025-06-19,0.71,23.29,1.56
PHC-DST-C1-04,2025-06-20,1.59,22.41,3.5
PHC-DST-C1-04,2025-06-21,1.88,22.12,4.14
PHC-DST-C1-04,2025-06-22,1.72,22.28,3.78
PHC-DST-C1-04,2025-06-23,2.25,21.75,4.95
PHC-DST-C1-04,2025-06-24,0.71,23.29,1.56
PHC-DST-C1-04,2025-06-25,1.66,22.34,3.65
PHC-DST-C1-04,2025-06-26,3.3,20.7,7.26
PHC-DST-C1-04,2025-06-27,2.55,21.45,5.61
PHC-DST-C1-04,2025-06-28,2.26,21.74,4.97
PHC-DST-C1-04,2025-06-29,2.09,21.91,4.6
PHC-DST-C1-04,2025-06-30,1.53,22.47,3.37
PHC-DST-C1-05,2024-01-01,2.48,21.52,4.64
PHC-DST-C1-05,2024-01-02,4.14,19.86,7.74
PHC-DST-C1-05,2024-01-03,1.96,22.04,3.67
PHC-DST-C1-05,2024-01-04,3.56,20.44,6.66
PHC-DST-C1-05,2024-01-05,3.8,20.2,7.11
PHC-DST-C1-05,2024-01-06,3.46,20.54,6.47
PHC-DST-C1-05,2024-01-07,,18.57,10.15
PHC-DST-C1-05,2024-01-08,5.17,18.83,9.67
PHC-DST-C1-05,2024-01-09,4.57,19.43,8.55
PHC-DST-C1-05,2024-01-10,3.11,20.89,5.82
PHC-DST-C1-05,2024-01-11,5.24,18.76,9.8
PHC-DST-C1-05,2024-01-12,4.26,19.74,7.97
PHC-DST-C1-05,2024-01-13,3.09,20.91,5.78
PHC-DST-C1-05,2024-01-14,3.82,20.18,7.14
PHC-DST-C1-05,2024-01-15,4.52,19.48,8.45
PHC-DST-C1-05,2024-01-16,3.35,20.65,6.26
PHC-DST-C1-05,2024-01-17,3.91,20.09,7.31
PHC-DST-C1-05,2024-01-18,4.04,19.96,7.55
PHC-DST-C1-05,2024-01-19,2.97,21.03,5.55
PHC-DST-C1-05,2024-01-20,3.6,20.4,6.73
PHC-DST-C1-05,2024-01-21,3.03,20.97,5.67
PHC-DST-C1-05,2024-01-22,4.45,19.55,8.32
PHC-DST-C1-05,2024-01-23,3.12,20.88,5.83
PHC-DST-C1-05,2024-01-24,4.02,19.98,7.52
PHC-DST-C1-05,2024-01-25,2.76,21.24,5.16
PHC-DST-C1-05,2024-01-26,2.95,21.05,5.52
PHC-DST-C1-05,2024-01-27,2.91,21.09,5.44
PHC-DST-C1-05,2024-01-28,3.58,20.42,6.69
PHC-DST-C1-05,2024-01-29,3.94,20.06,7.37
PHC-DST-C1-05,2024-01-30,4.07,19.93,7.61
PHC-DST-C1-05,2024-01-31,2.47,21.53,4.62
PHC-DST-C1-05,2024-02-01,3.67,20.33,6.86
PHC-DST-C1-05,2024-02-02,3.24,20.76,6.06
PHC-DST-C1-05,2024-02-03,4.2,19.8,7.85
PHC-DST-C1-05,2024-02-04,3.6,20.4,6.73
PHC-DST-C1-05,2024-02-05,3.74,20.26,6.99
PHC-DST-C1-05,2024-02-06,3.24,20.76,6.06
PHC-DST-C1-05,2024-02-07,5.09,18.91,9.52
PHC-DST-C1-05,2024-02-08,2.84,21.16,5.31
PHC-DST-C1-05,2024-02-09,3.5,20.5,6.55
PHC-DST-C1-05,2024-02-10,3.88,20.12,7.26
PHC-DST-C1-05,2024-02-11,3.61,20.39,6.75
PHC-DST-C1-05,2024-02-12,3.23,20.77,6.04
PHC-DST-C1-05,2024-02-13,2.44,21.56,4.56
PHC-DST-C1-05,2024-02-14,3.28,20.72,6.13
PHC-DST-C1-05,2024-02-15,3.08,20.92,5.76
PHC-DST-C1-05,2024-02-16,5.06,18.94,9.46
PHC-DST-C1-05,2024-02-17,5.5,18.5,10.29
PHC-DST-C1-05,2024-02-18,3.76,20.24,7.03
PHC-DST-C1-05,2024-02-19,2.75,21.25,5.14
PHC-DST-C1-05,2024-02-20,4.35,19.65,8.13
PHC-DST-C1-05,2024-02-21,3.06,20.94,5.72
PHC-DST-C1-05,2024-02-22,3.39,20.61,6.34
PHC-DST-C1-05,2024-02-23,3.33,20.67,6.23
PHC-DST-C1-05,2024-02-24,3.42,20.58,6.4
PHC-DST-C1-05,2024-02-25,3.53,20.47,6.6
PHC-DST-C1-05,2024-02-26,2.81,21.19,5.25
PHC-DST-C1-05,2024-02-27,3.27,20.73,6.11
PHC-DST-C1-05,2024-02-28,4.56,19.44,8.53
PHC-DST-C1-05,2024-02-29,3.77,20.23,7.05
PHC-DST-C1-05,2024-03-01,3.89,20.11,7.27
PHC-DST-C1-05,2024-03-02,2.13,21.87,3.98
PHC-DST-C1-05,2024-03-03,4.51,19.49,8.43
PHC-DST-C1-05,2024-03-04,3.29,20.71,6.15
PHC-DST-C1-05,2024-03-05,4.64,19.36,8.68
PHC-DST-C1-05,2024-03-06,3.92,20.08,7.33
PHC-DST-C1-05,2024-03-07,3.38,20.62,6.32
PHC-DST-C1-05,2024-03-08,2.54,21.46,4.75
PHC-DST-C1-05,2024-03-09,5.43,18.57,10.15
PHC-DST-C1-05,2024-03-10,4.4,19.6,8.23
PHC-DST-C1-05,2024-03-11,4.45,19.55,8.32
PHC-DST-C1-05,2024-03-12,5.16,18.84,9.65
PHC-DST-C1-05,2024-03-13,3.97,20.03,7.42
PHC-DST-C1-05,2024-03-14,4.81,19.19,8.99
PHC-DST-C1-05,2024-03-15,3.44,20.56,6.43
PHC-DST-C1-05,2024-03-16,4.35,19.65,8.13
PHC-DST-C1-05,2024-03-17,3.33,20.67,6.23
PHC-DST-C1-05,2024-03-18,3.42,20.58,6.4
PHC-DST-C1-05,2024-03-19,3.87,20.13,7.24
PHC-DST-C1-05,2024-03-20,2.85,21.15,5.33
PHC-DST-C1-05,2024-03-21,4.05,19.95,7.57
PHC-DST-C1-05,2024-03-22,3.57,20.43,6.68
PHC-DST-C1-05,2024-03-23,2.31,21.69,4.32
PHC-DST-C1-05,2024-03-24,3.46,20.54,6.47
PHC-DST-C1-05,2024-03-25,3.54,20.46,6.62
PHC-DST-C1-05,2024-03-26,4.44,19.56,8.3
PHC-DST-C1-05,2024-03-27,4.01,19.99,7.5
PHC-DST-C1-05,2024-03-28,4.89,19.11,9.14
PHC-DST-C1-05,2024-03-29,4.19,19.81,7.84
PHC-DST-C1-05,2024-03-30,3.38,20.62,6.32
PHC-DST-C1-05,2024-03-31,3.76,20.24,7.03
PHC-DST-C1-05,2024-04-01,3.54,20.46,6.62
PHC-DST-C1-05,2024-04-02,,19.83,7.8
PHC-DST-C1-05,2024-04-03,3.84,20.16,7.18
PHC-DST-C1-05,2024-04-04,3.33,20.67,6.23
PHC-DST-C1-05,2024-04-05,3.81,20.19,7.12
PHC-DST-C1-05,2024-04-06,4.15,19.85,7.76
PHC-DST-C1-05,2024-04-07,3.05,20.95,5.7
PHC-DST-C1-05,2024-04-08,4.04,19.96,7.55
PHC-DST-C1-05,2024-04-09,2.62,21.38,4.9
PHC-DST-C1-05,2024-04-10,4.63,19.37,8.66
PHC-DST-C1-05,2024-04-11,4.2,19.8,7.85
PHC-DST-C1-05,2024-04-12,5.02,18.98,9.39
PHC-DST-C1-05,2024-04-13,2.96,21.04,5.54
PHC-DST-C1-05,2024-04-14,4.65,19.35,8.7
PHC-DST-C1-05,2024-04-15,4.5,19.5,8.42
PHC-DST-C1-05,2024-04-16,3.66,20.34,6.84
PHC-DST-C1-05,2024-04-17,3.52,20.48,6.58
PHC-DST-C1-05,2024-04-18,2.99,21.01,5.59
PHC-DST-C1-05,2024-04-19,2.79,21.21,5.22
PHC-DST-C1-05,2024-04-20,3.24,20.76,6.06
PHC-DST-C1-05,2024-04-21,2.86,21.14,5.35
PHC-DST-C1-05,2024-04-22,5.0,19.0,9.35
PHC-DST-C1-05,2024-04-23,2.67,21.33,4.99
PHC-DST-C1-05,2024-04-24,3.91,20.09,7.31
PHC-DST-C1-05,2024-04-25,4.13,19.87,7.72
PHC-DST-C1-05,2024-04-26,4.07,19.93,7.61
PHC-DST-C1-05,2024-04-27,4.13,19.87,7.72
PHC-DST-C1-05,2024-04-28,4.51,19.49,8.43
PHC-DST-C1-05,2024-04-29,3.47,20.53,6.49
PHC-DST-C1-05,2024-04-30,3.87,20.13,7.24
PHC-DST-C1-05,2024-05-01,3.58,20.42,6.69
PHC-DST-C1-05,2024-05-02,4.78,19.22,8.94
PHC-DST-C1-05,2024-05-03,5.37,18.63,10.04
PHC-DST-C1-05,2024-05-04,2.9,21.1,5.42
PHC-DST-C1-05,2024-05-05,2.28,21.72,4.26
PHC-DST-C1-05,2024-05-06,4.23,19.77,7.91
PHC-DST-C1-05,2024-05-07,4.6,19.4,8.6
PHC-DST-C1-05,2024-05-08,5.27,18.73,9.85
PHC-DST-C1-05,2024-05-09,4.35,19.65,8.13
PHC-DST-C1-05,2024-05-10,4.85,19.15,9.07
PHC-DST-C1-05,2024-05-11,5.05,18.95,9.44
PHC-DST-C1-05,2024-05-12,4.9,19.1,9.16
PHC-DST-C1-05,2024-05-13,4.46,19.54,8.34
PHC-DST-C1-05,2024-05-14,2.84,21.16,5.31
PHC-DST-C1-05,2024-05-15,3.79,20.21,7.09
PHC-DST-C1-05,2024-05-16,4.03,19.97,7.54
PHC-DST-C1-05,2024-05-17,3.73,20.27,6.98
PHC-DST-C1-05,2024-05-18,3.77,,7.05
PHC-DST-C1-05,2024-05-19,4.98,19.02,9.31
PHC-DST-C1-05,2024-05-20,3.23,20.77,6.04
PHC-DST-C1-05,2024-05-21,4.4,19.6,8.23
PHC-DST-C1-05,2024-05-22,4.04,,7.55
PHC-DST-C1-05,2024-05-23,3.16,20.84,5.91
PHC-DST-C1-05,2024-05-24,2.99,21.01,5.59
PHC-DST-C1-05,2024-05-25,2.52,21.48,4.71
PHC-DST-C1-05,2024-05-26,4.16,19.84,7.78
PHC-DST-C1-05,2024-05-27,3.75,20.25,7.01
PHC-DST-C1-05,2024-05-28,3.18,20.82,5.95
PHC-DST-C1-05,2024-05-29,2.39,21.61,4.47
PHC-DST-C1-05,2024-05-30,4.12,19.88,7.7
PHC-DST-C1-05,2024-05-31,3.67,20.33,6.86
PHC-DST-C1-05,2024-06-01,3.26,20.74,6.1
PHC-DST-C1-05,2024-06-02,3.08,20.92,5.76
PHC-DST-C1-05,2024-06-03,3.62,20.38,6.77
PHC-DST-C1-05,2024-06-04,4.15,19.85,7.76
PHC-DST-C1-05,2024-06-05,3.55,20.45,6.64
PHC-DST-C1-05,2024-06-06,2.91,21.09,5.44
PHC-DST-C1-05,2024-06-07,3.76,20.24,7.03
PHC-DST-C1-05,2024-06-08,4.58,19.42,8.56
PHC-DST-C1-05,2024-06-09,3.83,20.17,7.16
PHC-DST-C1-05,2024-06-10,3.85,20.15,7.2
PHC-DST-C1-05,2024-06-11,3.56,20.44,6.66
PHC-DST-C1-05,2024-06-12,3.13,20.87,5.85
PHC-DST-C1-05,2024-06-13,3.11,20.89,5.82
PHC-DST-C1-05,2024-06-14,2.55,21.45,4.77
PHC-DST-C1-05,2024-06-15,4.69,19.31,8.77
PHC-DST-C1-05,2024-06-16,,19.85,7.76
PHC-DST-C1-05,2024-06-17,3.86,20.14,7.22
PHC-DST-C1-05,2024-06-18,4.02,19.98,7.52
PHC-DST-C1-05,2024-06-19,4.05,19.95,7.57
PHC-DST-C1-05,2024-06-20,3.25,20.75,6.08
PHC-DST-C1-05,2024-06-21,3.56,20.44,6.66
PHC-DST-C1-05,2024-06-22,3.44,20.56,6.43
PHC-DST-C1-05,2024-06-23,5.68,18.32,10.62
PHC-DST-C1-05,2024-06-24,4.57,19.43,8.55
PHC-DST-C1-05,2024-06-25,3.93,20.07,7.35
PHC-DST-C1-05,2024-06-26,4.82,19.18,9.01
PHC-DST-C1-05,2024-06-27,4.73,19.27,8.85
PHC-DST-C1-05,2024-06-28,2.76,21.24,5.16
PHC-DST-C1-05,2024-06-29,3.63,20.37,6.79
PHC-DST-C1-05,2024-06-30,3.79,20.21,7.09
PHC-DST-C1-05,2024-07-01,4.26,19.74,7.97
PHC-DST-C1-05,2024-07-02,3.63,20.37,6.79
PHC-DST-C1-05,2024-07-03,3.73,20.27,6.98
PHC-DST-C1-05,2024-07-04,3.45,20.55,6.45
PHC-DST-C1-05,2024-07-05,4.59,19.41,8.58
PHC-DST-C1-05,2024-07-06,2.72,21.28,5.09
PHC-DST-C1-05,2024-07-07,3.48,20.52,6.51
PHC-DST-C1-05,2024-07-08,2.42,21.58,4.53
PHC-DST-C1-05,2024-07-09,3.03,20.97,5.67
PHC-DST-C1-05,2024-07-10,4.04,19.96,7.55
PHC-DST-C1-05,2024-07-11,4.05,19.95,7.57
PHC-DST-C1-05,2024-07-12,3.57,20.43,6.68
PHC-DST-C1-05,2024-07-13,4.64,19.36,8.68
PHC-DST-C1-05,2024-07-14,4.82,19.18,9.01
PHC-DST-C1-05,2024-07-15,3.75,20.25,7.01
PHC-DST-C1-05,2024-07-16,3.99,20.01,7.46
PHC-DST-C1-05,2024-07-17,3.46,20.54,6.47
PHC-DST-C1-05,2024-07-18,4.27,19.73,7.98
PHC-DST-C1-05,2024-07-19,2.9,21.1,5.42
PHC-DST-C1-05,2024-07-20,5.15,18.85,9.63
PHC-DST-C1-05,2024-07-21,4.65,19.35,8.7
PHC-DST-C1-05,2024-07-22,,21.1,5.42
PHC-DST-C1-05,2024-07-23,3.21,20.79,6.0
PHC-DST-C1-05,2024-07-24,4.12,19.88,7.7
PHC-DST-C1-05,2024-07-25,3.55,20.45,6.64
PHC-DST-C1-05,2024-07-26,4.21,19.79,7.87
PHC-DST-C1-05,2024-07-27,3.53,20.47,6.6
PHC-DST-C1-05,2024-07-28,4.94,19.06,9.24
PHC-DST-C1-05,2024-07-29,3.81,20.19,7.12
PHC-DST-C1-05,2024-07-30,5.62,18.38,10.51
PHC-DST-C1-05,2024-07-31,,19.75,7.95
PHC-DST-C1-05,2024-08-01,2.79,21.21,5.22
PHC-DST-C1-05,2024-08-02,5.36,18.64,10.02
PHC-DST-C1-05,2024-08-03,4.62,19.38,8.64
PHC-DST-C1-05,2024-08-04,4.09,19.91,7.65
PHC-DST-C1-05,2024-08-05,4.28,19.72,8.0
PHC-DST-C1-05,2024-08-06,2.91,21.09,5.44
PHC-DST-C1-05,2024-08-07,2.45,21.55,4.58
PHC-DST-C1-05,2024-08-08,3.77,20.23,7.05
PHC-DST-C1-05,2024-08-09,4.83,19.17,9.03
PHC-DST-C1-05,2024-08-10,4.1,19.9,7.67
PHC-DST-C1-05,2024-08-11,5.08,18.92,9.5
PHC-DST-C1-05,2024-08-12,4.79,19.21,8.96
PHC-DST-C1-05,2024-08-13,3.82,20.18,7.14
PHC-DST-C1-05,2024-08-14,12.74,11.26,23.82
PHC-DST-C1-05,2024-08-15,3.74,20.26,6.99
PHC-DST-C1-05,2024-08-16,3.64,20.36,6.81
PHC-DST-C1-05,2024-08-17,3.91,20.09,7.31
PHC-DST-C1-05,2024-08-18,1.99,22.01,3.72
PHC-DST-C1-05,2024-08-19,4.01,19.99,7.5
PHC-DST-C1-05,2024-08-20,4.34,19.66,8.12
PHC-DST-C1-05,2024-08-21,3.91,20.09,7.31
PHC-DST-C1-05,2024-08-22,4.06,19.94,7.59
PHC-DST-C1-05,2024-08-23,3.77,20.23,7.05
PHC-DST-C1-05,2024-08-24,2.3,21.7,4.3
PHC-DST-C1-05,2024-08-25,5.05,,9.44
PHC-DST-C1-05,2024-08-26,3.52,20.48,6.58
PHC-DST-C1-05,2024-08-27,3.34,20.66,6.25
PHC-DST-C1-05,2024-08-28,4.82,19.18,9.01
PHC-DST-C1-05,2024-08-29,4.53,19.47,8.47
PHC-DST-C1-05,2024-08-30,4.0,,7.48
PHC-DST-C1-05,2024-08-31,4.38,19.62,8.19
PHC-DST-C1-05,2024-09-01,2.93,21.07,5.48
PHC-DST-C1-05,2024-09-02,3.74,20.26,6.99
PHC-DST-C1-05,2024-09-03,4.77,19.23,8.92
PHC-DST-C1-05,2024-09-04,3.29,20.71,6.15
PHC-DST-C1-05,2024-09-05,3.05,20.95,5.7
PHC-DST-C1-05,2024-09-06,3.86,20.14,7.22
PHC-DST-C1-05,2024-09-07,3.88,20.12,7.26
PHC-DST-C1-05,2024-09-08,11.87,12.13,22.2
PHC-DST-C1-05,2024-09-09,1.89,22.11,3.53
PHC-DST-C1-05,2024-09-10,4.49,19.51,8.4
PHC-DST-C1-05,2024-09-11,2.99,21.01,5.59
PHC-DST-C1-05,2024-09-12,3.34,20.66,6.25
PHC-DST-C1-05,2024-09-13,2.16,21.84,4.04
PHC-DST-C1-05,2024-09-14,4.57,19.43,8.55
PHC-DST-C1-05,2024-09-15,4.06,19.94,7.59
PHC-DST-C1-05,2024-09-16,4.03,19.97,7.54
PHC-DST-C1-05,2024-09-17,4.03,19.97,7.54
PHC-DST-C1-05,2024-09-18,2.25,21.75,4.21
PHC-DST-C1-05,2024-09-19,3.06,20.94,5.72
PHC-DST-C1-05,2024-09-20,3.46,20.54,6.47
PHC-DST-C1-05,2024-09-21,3.24,20.76,6.06
PHC-DST-C1-05,2024-09-22,3.6,20.4,6.73
PHC-DST-C1-05,2024-09-23,3.98,20.02,7.44
PHC-DST-C1-05,2024-09-24,4.55,19.45,8.51
PHC-DST-C1-05,2024-09-25,2.69,21.31,5.03
PHC-DST-C1-05,2024-09-26,3.79,,7.09
PHC-DST-C1-05,2024-09-27,4.33,19.67,8.1
PHC-DST-C1-05,2024-09-28,3.11,20.89,5.82
PHC-DST-C1-05,2024-09-29,,20.34,6.84
PHC-DST-C1-05,2024-09-30,4.15,19.85,7.76
PHC-DST-C1-05,2024-10-01,3.81,20.19,7.12
PHC-DST-C1-05,2024-10-02,4.31,19.69,8.06
PHC-DST-C1-05,2024-10-03,3.87,20.13,7.24
PHC-DST-C1-05,2024-10-04,3.57,20.43,6.68
PHC-DST-C1-05,2024-10-05,2.92,21.08,5.46
PHC-DST-C1-05,2024-10-06,3.99,20.01,7.46
PHC-DST-C1-05,2024-10-07,3.87,20.13,7.24
PHC-DST-C1-05,2024-10-08,3.06,20.94,5.72
PHC-DST-C1-05,2024-10-09,4.24,19.76,7.93
PHC-DST-C1-05,2024-10-10,4.75,19.25,8.88
PHC-DST-C1-05,2024-10-11,3.3,20.7,6.17
PHC-DST-C1-05,2024-10-12,3.25,20.75,6.08
PHC-DST-C1-05,2024-10-13,3.23,20.77,6.04
PHC-DST-C1-05,2024-10-14,2.54,21.46,4.75
PHC-DST-C1-05,2024-10-15,5.3,18.7,9.91
PHC-DST-C1-05,2024-10-16,3.46,20.54,6.47
PHC-DST-C1-05,2024-10-17,3.16,20.84,5.91
PHC-DST-C1-05,2024-10-18,2.95,21.05,5.52
PHC-DST-C1-05,2024-10-19,3.51,20.49,6.56
PHC-DST-C1-05,2024-10-20,3.28,20.72,6.13
PHC-DST-C1-05,2024-10-21,4.88,19.12,9.13
PHC-DST-C1-05,2024-10-22,,21.14,5.35
PHC-DST-C1-05,2024-10-23,2.65,21.35,4.96
PHC-DST-C1-05,2024-10-24,4.21,19.79,7.87
PHC-DST-C1-05,2024-10-25,3.72,20.28,6.96
PHC-DST-C1-05,2024-10-26,3.63,20.37,6.79
PHC-DST-C1-05,2024-10-27,4.22,19.78,7.89
PHC-DST-C1-05,2024-10-28,3.9,20.1,7.29
PHC-DST-C1-05,2024-10-29,3.76,20.24,7.03
PHC-DST-C1-05,2024-10-30,2.75,21.25,5.14
PHC-DST-C1-05,2024-10-31,2.55,21.45,4.77
PHC-DST-C1-05,2024-11-01,3.27,20.73,6.11
PHC-DST-C1-05,2024-11-02,2.99,21.01,5.59
PHC-DST-C1-05,2024-11-03,4.0,20.0,7.48
PHC-DST-C1-05,2024-11-04,2.45,21.55,4.58
PHC-DST-C1-05,2024-11-05,3.46,20.54,6.47
PHC-DST-C1-05,2024-11-06,3.67,20.33,6.86
PHC-DST-C1-05,2024-11-07,3.77,20.23,7.05
PHC-DST-C1-05,2024-11-08,4.1,19.9,7.67
PHC-DST-C1-05,2024-11-09,3.56,20.44,6.66
PHC-DST-C1-05,2024-11-10,3.3,20.7,6.17
PHC-DST-C1-05,2024-11-11,4.73,19.27,8.85
PHC-DST-C1-05,2024-11-12,3.56,20.44,6.66
PHC-DST-C1-05,2024-11-13,4.86,19.14,9.09
PHC-DST-C1-05,2024-11-14,3.56,20.44,6.66
PHC-DST-C1-05,2024-11-15,3.79,20.21,7.09
PHC-DST-C1-05,2024-11-16,3.7,20.3,6.92
PHC-DST-C1-05,2024-11-17,3.97,20.03,7.42
PHC-DST-C1-05,2024-11-18,3.49,20.51,6.53
PHC-DST-C1-05,2024-11-19,3.87,,7.24
PHC-DST-C1-05,2024-11-20,4.95,19.05,9.26
PHC-DST-C1-05,2024-11-21,4.59,,8.58
PHC-DST-C1-05,2024-11-22,4.59,19.41,8.58
PHC-DST-C1-05,2024-11-23,2.79,21.21,5.22
PHC-DST-C1-05,2024-11-24,2.91,21.09,5.44
PHC-DST-C1-05,2024-11-25,3.96,20.04,7.41
PHC-DST-C1-05,2024-11-26,4.38,19.62,8.19
PHC-DST-C1-05,2024-11-27,3.41,20.59,6.38
PHC-DST-C1-05,2024-11-28,3.28,20.72,6.13
PHC-DST-C1-05,2024-11-29,4.85,19.15,9.07
PHC-DST-C1-05,2024-11-30,4.31,19.69,8.06
PHC-DST-C1-05,2024-12-01,4.59,19.41,8.58
PHC-DST-C1-05,2024-12-02,3.47,20.53,6.49
PHC-DST-C1-05,2024-12-03,3.41,,6.38
PHC-DST-C1-05,2024-12-04,4.51,19.49,8.43
PHC-DST-C1-05,2024-12-05,3.6,20.4,6.73
PHC-DST-C1-05,2024-12-06,3.34,20.66,6.25
PHC-DST-C1-05,2024-12-07,3.12,20.88,5.83
PHC-DST-C1-05,2024-12-08,3.42,20.58,6.4
PHC-DST-C1-05,2024-12-09,4.46,19.54,8.34
PHC-DST-C1-05,2024-12-10,2.67,21.33,4.99
PHC-DST-C1-05,2024-12-11,4.27,19.73,7.98
PHC-DST-C1-05,2024-12-12,3.27,20.73,6.11
PHC-DST-C1-05,2024-12-13,3.64,20.36,6.81
PHC-DST-C1-05,2024-12-14,3.69,20.31,6.9
PHC-DST-C1-05,2024-12-15,3.63,20.37,6.79
PHC-DST-C1-05,2024-12-16,3.58,20.42,6.69
PHC-DST-C1-05,2024-12-17,3.47,20.53,6.49
PHC-DST-C1-05,2024-12-18,3.37,20.63,6.3
PHC-DST-C1-05,2024-12-19,4.79,19.21,8.96
PHC-DST-C1-05,2024-12-20,3.82,20.18,7.14
PHC-DST-C1-05,2024-12-21,3.71,20.29,6.94
PHC-DST-C1-05,2024-12-22,3.32,20.68,6.21
PHC-DST-C1-05,2024-12-23,,20.51,6.53
PHC-DST-C1-05,2024-12-24,3.32,20.68,6.21
PHC-DST-C1-05,2024-12-25,4.37,19.63,8.17
PHC-DST-C1-05,2024-12-26,3.23,,6.04
PHC-DST-C1-05,2024-12-27,2.12,21.88,3.96
PHC-DST-C1-05,2024-12-28,3.84,20.16,7.18
PHC-DST-C1-05,2024-12-29,3.59,20.41,6.71
PHC-DST-C1-05,2024-12-30,3.36,20.64,6.28
PHC-DST-C1-05,2024-12-31,4.48,19.52,8.38
PHC-DST-C1-05,2025-01-01,1.75,22.25,3.27
PHC-DST-C1-05,2025-01-02,4.98,19.02,9.31
PHC-DST-C1-05,2025-01-03,4.59,19.41,8.58
PHC-DST-C1-05,2025-01-04,3.33,20.67,6.23
PHC-DST-C1-05,2025-01-05,3.46,20.54,6.47
PHC-DST-C1-05,2025-01-06,4.18,19.82,7.82
PHC-DST-C1-05,2025-01-07,4.2,19.8,7.85
PHC-DST-C1-05,2025-01-08,3.32,20.68,6.21
PHC-DST-C1-05,2025-01-09,2.59,21.41,4.84
PHC-DST-C1-05,2025-01-10,5.39,,10.08
PHC-DST-C1-05,2025-01-11,4.52,19.48,8.45
PHC-DST-C1-05,2025-01-12,3.92,20.08,7.33
PHC-DST-C1-05,2025-01-13,3.93,20.07,7.35
PHC-DST-C1-05,2025-01-14,,19.73,7.98
PHC-DST-C1-05,2025-01-15,4.36,19.64,8.15
PHC-DST-C1-05,2025-01-16,2.24,21.76,4.19
PHC-DST-C1-05,2025-01-17,3.54,20.46,6.62
PHC-DST-C1-05,2025-01-18,3.46,20.54,6.47
PHC-DST-C1-05,2025-01-19,3.68,20.32,6.88
PHC-DST-C1-05,2025-01-20,4.38,19.62,8.19
PHC-DST-C1-05,2025-01-21,2.46,21.54,4.6
PHC-DST-C1-05,2025-01-22,2.79,21.21,5.22
PHC-DST-C1-05,2025-01-23,3.29,20.71,6.15
PHC-DST-C1-05,2025-01-24,3.92,20.08,7.33
PHC-DST-C1-05,2025-01-25,4.42,19.58,8.27
PHC-DST-C1-05,2025-01-26,5.02,18.98,9.39
PHC-DST-C1-05,2025-01-27,3.59,20.41,6.71
PHC-DST-C1-05,2025-01-28,4.42,19.58,8.27
PHC-DST-C1-05,2025-01-29,4.33,19.67,8.1
PHC-DST-C1-05,2025-01-30,4.21,19.79,7.87
PHC-DST-C1-05,2025-01-31,3.78,20.22,7.07
PHC-DST-C1-05,2025-02-01,3.5,20.5,6.55
PHC-DST-C1-05,2025-02-02,3.0,21.0,5.61
PHC-DST-C1-05,2025-02-03,2.95,21.05,5.52
PHC-DST-C1-05,2025-02-04,4.06,19.94,7.59
PHC-DST-C1-05,2025-02-05,3.76,20.24,7.03
PHC-DST-C1-05,2025-02-06,3.49,20.51,6.53
PHC-DST-C1-05,2025-02-07,4.3,19.7,8.04
PHC-DST-C1-05,2025-02-08,3.65,20.35,6.83
PHC-DST-C1-05,2025-02-09,,20.88,5.83
PHC-DST-C1-05,2025-02-10,3.6,20.4,6.73
PHC-DST-C1-05,2025-02-11,4.42,19.58,8.27
PHC-DST-C1-05,2025-02-12,3.03,20.97,5.67
PHC-DST-C1-05,2025-02-13,3.96,20.04,7.41
PHC-DST-C1-05,2025-02-14,3.76,20.24,7.03
PHC-DST-C1-05,2025-02-15,3.23,20.77,6.04
PHC-DST-C1-05,2025-02-16,3.58,20.42,6.69
PHC-DST-C1-05,2025-02-17,2.62,21.38,4.9
PHC-DST-C1-05,2025-02-18,3.88,20.12,7.26
PHC-DST-C1-05,2025-02-19,2.78,21.22,5.2
PHC-DST-C1-05,2025-02-20,4.6,19.4,8.6
PHC-DST-C1-05,2025-02-21,3.73,20.27,6.98
PHC-DST-C1-05,2025-02-22,3.37,20.63,6.3
PHC-DST-C1-05,2025-02-23,4.67,19.33,8.73
PHC-DST-C1-05,2025-02-24,3.03,20.97,5.67
PHC-DST-C1-05,2025-02-25,3.24,20.76,6.06
PHC-DST-C1-05,2025-02-26,2.43,21.57,4.54
PHC-DST-C1-05,2025-02-27,4.78,19.22,8.94
PHC-DST-C1-05,2025-02-28,5.2,18.8,9.72
PHC-DST-C1-05,2025-03-01,2.54,21.46,4.75
PHC-DST-C1-05,2025-03-02,3.19,20.81,5.97
PHC-DST-C1-05,2025-03-03,3.85,20.15,7.2
PHC-DST-C1-05,2025-03-04,3.41,20.59,6.38
PHC-DST-C1-05,2025-03-05,3.78,20.22,7.07
PHC-DST-C1-05,2025-03-06,3.71,20.29,6.94
PHC-DST-C1-05,2025-03-07,4.11,19.89,7.69
PHC-DST-C1-05,2025-03-08,,,5.76
PHC-DST-C1-05,2025-03-09,3.94,20.06,7.37
PHC-DST-C1-05,2025-03-10,2.96,21.04,5.54
PHC-DST-C1-05,2025-03-11,3.49,20.51,6.53
PHC-DST-C1-05,2025-03-12,2.5,21.5,4.67
PHC-DST-C1-05,2025-03-13,3.5,20.5,6.55
PHC-DST-C1-05,2025-03-14,3.37,20.63,6.3
PHC-DST-C1-05,2025-03-15,4.51,19.49,8.43
PHC-DST-C1-05,2025-03-16,3.76,20.24,7.03
PHC-DST-C1-05,2025-03-17,3.89,20.11,7.27
PHC-DST-C1-05,2025-03-18,3.78,20.22,7.07
PHC-DST-C1-05,2025-03-19,2.2,21.8,4.11
PHC-DST-C1-05,2025-03-20,2.3,21.7,4.3
PHC-DST-C1-05,2025-03-21,3.56,20.44,6.66
PHC-DST-C1-05,2025-03-22,4.01,19.99,7.5
PHC-DST-C1-05,2025-03-23,3.62,20.38,6.77
PHC-DST-C1-05,2025-03-24,3.15,20.85,5.89
PHC-DST-C1-05,2025-03-25,3.62,20.38,6.77
PHC-DST-C1-05,2025-03-26,3.55,20.45,6.64
PHC-DST-C1-05,2025-03-27,4.38,19.62,8.19
PHC-DST-C1-05,2025-03-28,4.34,19.66,8.12
PHC-DST-C1-05,2025-03-29,,20.62,6.32
PHC-DST-C1-05,2025-03-30,3.76,20.24,7.03
PHC-DST-C1-05,2025-03-31,4.01,19.99,7.5
PHC-DST-C1-05,2025-04-01,4.12,19.88,7.7
PHC-DST-C1-05,2025-04-02,5.04,18.96,9.42
PHC-DST-C1-05,2025-04-03,3.78,20.22,7.07
PHC-DST-C1-05,2025-04-04,4.68,19.32,8.75
PHC-DST-C1-05,2025-04-05,2.93,21.07,5.48
PHC-DST-C1-05,2025-04-06,3.32,20.68,6.21
PHC-DST-C1-05,2025-04-07,2.2,21.8,4.11
PHC-DST-C1-05,2025-04-08,3.91,20.09,7.31
PHC-DST-C1-05,2025-04-09,4.29,19.71,8.02
PHC-DST-C1-05,2025-04-10,1.88,22.12,3.52
PHC-DST-C1-05,2025-04-11,3.94,20.06,7.37
PHC-DST-C1-05,2025-04-12,4.25,19.75,7.95
PHC-DST-C1-05,2025-04-13,4.21,19.79,7.87
PHC-DST-C1-05,2025-04-14,2.9,21.1,5.42
PHC-DST-C1-05,2025-04-15,4.38,19.62,8.19
PHC-DST-C1-05,2025-04-16,3.81,20.19,7.12
PHC-DST-C1-05,2025-04-17,4.24,19.76,7.93
PHC-DST-C1-05,2025-04-18,3.71,20.29,6.94
PHC-DST-C1-05,2025-04-19,4.09,19.91,7.65
PHC-DST-C1-05,2025-04-20,4.63,19.37,8.66
PHC-DST-C1-05,2025-04-21,3.65,20.35,6.83
PHC-DST-C1-05,2025-04-22,4.01,19.99,7.5
PHC-DST-C1-05,2025-04-23,4.74,19.26,8.86
PHC-DST-C1-05,2025-04-24,3.7,20.3,6.92
PHC-DST-C1-05,2025-04-25,2.96,21.04,5.54
PHC-DST-C1-05,2025-04-26,4.31,19.69,8.06
PHC-DST-C1-05,2025-04-27,4.88,19.12,9.13
PHC-DST-C1-05,2025-04-28,4.77,19.23,8.92
PHC-DST-C1-05,2025-04-29,4.34,19.66,8.12
PHC-DST-C1-05,2025-04-30,2.04,21.96,3.81
PHC-DST-C1-05,2025-05-01,3.32,20.68,6.21
PHC-DST-C1-05,2025-05-02,3.36,20.64,6.28
PHC-DST-C1-05,2025-05-03,3.83,20.17,7.16
PHC-DST-C1-05,2025-05-04,5.07,18.93,9.48
PHC-DST-C1-05,2025-05-05,2.99,21.01,5.59
PHC-DST-C1-05,2025-05-06,5.48,18.52,10.25
PHC-DST-C1-05,2025-05-07,3.51,20.49,6.56
PHC-DST-C1-05,2025-05-08,3.22,,6.02
PHC-DST-C1-05,2025-05-09,4.43,19.57,8.28
PHC-DST-C1-05,2025-05-10,4.49,19.51,8.4
PHC-DST-C1-05,2025-05-11,4.29,19.71,8.02
PHC-DST-C1-05,2025-05-12,3.22,20.78,6.02
PHC-DST-C1-05,2025-05-13,4.18,19.82,7.82
PHC-DST-C1-05,2025-05-14,3.02,20.98,5.65
PHC-DST-C1-05,2025-05-15,3.2,20.8,5.98
PHC-DST-C1-05,2025-05-16,3.73,20.27,6.98
PHC-DST-C1-05,2025-05-17,3.19,20.81,5.97
PHC-DST-C1-05,2025-05-18,4.59,19.41,8.58
PHC-DST-C1-05,2025-05-19,3.37,20.63,6.3
PHC-DST-C1-05,2025-05-20,3.63,20.37,6.79
PHC-DST-C1-05,2025-05-21,3.14,20.86,5.87
PHC-DST-C1-05,2025-05-22,4.58,19.42,8.56
PHC-DST-C1-05,2025-05-23,3.3,20.7,6.17
PHC-DST-C1-05,2025-05-24,4.66,19.34,8.71
PHC-DST-C1-05,2025-05-25,4.6,19.4,8.6
PHC-DST-C1-05,2025-05-26,3.47,20.53,6.49
PHC-DST-C1-05,2025-05-27,3.82,20.18,7.14
PHC-DST-C1-05,2025-05-28,3.44,20.56,6.43
PHC-DST-C1-05,2025-05-29,4.21,19.79,7.87
PHC-DST-C1-05,2025-05-30,3.65,20.35,6.83
PHC-DST-C1-05,2025-05-31,3.49,20.51,6.53
PHC-DST-C1-05,2025-06-01,3.83,20.17,7.16
PHC-DST-C1-05,2025-06-02,2.61,21.39,4.88
PHC-DST-C1-05,2025-06-03,3.74,20.26,6.99
PHC-DST-C1-05,2025-06-04,4.29,19.71,8.02
PHC-DST-C1-05,2025-06-05,3.9,20.1,7.29
PHC-DST-C1-05,2025-06-06,4.51,19.49,8.43
PHC-DST-C1-05,2025-06-07,3.52,20.48,6.58
PHC-DST-C1-05,2025-06-08,3.46,20.54,6.47
PHC-DST-C1-05,2025-06-09,2.96,21.04,5.54
PHC-DST-C1-05,2025-06-10,3.5,20.5,6.55
PHC-DST-C1-05,2025-06-11,5.27,18.73,9.85
PHC-DST-C1-05,2025-06-12,4.01,19.99,7.5
PHC-DST-C1-05,2025-06-13,3.36,20.64,6.28
PHC-DST-C1-05,2025-06-14,3.05,20.95,5.7
PHC-DST-C1-05,2025-06-15,2.6,21.4,4.86
PHC-DST-C1-05,2025-06-16,3.18,20.82,5.95
PHC-DST-C1-05,2025-06-17,4.37,19.63,8.17
PHC-DST-C1-05,2025-06-18,3.48,20.52,6.51
PHC-DST-C1-05,2025-06-19,3.08,20.92,5.76
PHC-DST-C1-05,2025-06-20,3.16,20.84,5.91
PHC-DST-C1-05,2025-06-21,4.29,19.71,8.02
PHC-DST-C1-05,2025-06-22,3.74,20.26,6.99
PHC-DST-C1-05,2025-06-23,3.33,20.67,6.23
PHC-DST-C1-05,2025-06-24,3.57,20.43,6.68
PHC-DST-C1-05,2025-06-25,5.45,18.55,10.19
PHC-DST-C1-05,2025-06-26,4.71,19.29,8.81
PHC-DST-C1-05,2025-06-27,4.9,19.1,9.16
PHC-DST-C1-05,2025-06-28,2.49,21.51,4.66
PHC-DST-C1-05,2025-06-29,3.69,20.31,6.9
PHC-DST-C1-05,2025-06-30,3.32,20.68,6.21
PHC-DST-C1-06,2024-01-01,4.21,19.79,7.87
PHC-DST-C1-06,2024-01-02,4.59,19.41,8.58
PHC-DST-C1-06,2024-01-03,4.04,19.96,7.55
PHC-DST-C1-06,2024-01-04,3.15,20.85,5.89
PHC-DST-C1-06,2024-01-05,3.3,20.7,6.17
PHC-DST-C1-06,2024-01-06,4.27,19.73,7.98
PHC-DST-C1-06,2024-01-07,4.34,19.66,8.12
PHC-DST-C1-06,2024-01-08,3.91,20.09,7.31
PHC-DST-C1-06,2024-01-09,3.9,20.1,7.29
PHC-DST-C1-06,2024-01-10,3.84,20.16,7.18
PHC-DST-C1-06,2024-01-11,4.0,20.0,7.48
PHC-DST-C1-06,2024-01-12,4.34,19.66,8.12
PHC-DST-C1-06,2024-01-13,4.27,19.73,7.98
PHC-DST-C1-06,2024-01-14,3.82,20.18,7.14
PHC-DST-C1-06,2024-01-15,3.76,20.24,7.03
PHC-DST-C1-06,2024-01-16,3.73,20.27,6.98
PHC-DST-C1-06,2024-01-17,3.21,20.79,6.0
PHC-DST-C1-06,2024-01-18,3.21,20.79,6.0
PHC-DST-C1-06,2024-01-19,4.21,19.79,7.87
PHC-DST-C1-06,2024-01-20,3.27,20.73,6.11
PHC-DST-C1-06,2024-01-21,4.41,19.59,8.25
PHC-DST-C1-06,2024-01-22,3.76,20.24,7.03
PHC-DST-C1-06,2024-01-23,4.41,19.59,8.25
PHC-DST-C1-06,2024-01-24,4.28,19.72,8.0
PHC-DST-C1-06,2024-01-25,4.43,19.57,8.28
PHC-DST-C1-06,2024-01-26,3.44,20.56,6.43
PHC-DST-C1-06,2024-01-27,4.11,19.89,7.69
PHC-DST-C1-06,2024-01-28,4.35,19.65,8.13
PHC-DST-C1-06,2024-01-29,2.64,21.36,4.94
PHC-DST-C1-06,2024-01-30,5.08,18.92,9.5
PHC-DST-C1-06,2024-01-31,5.5,18.5,10.29
PHC-DST-C1-06,2024-02-01,4.51,19.49,8.43
PHC-DST-C1-06,2024-02-02,4.4,19.6,8.23
PHC-DST-C1-06,2024-02-03,4.24,19.76,7.93
PHC-DST-C1-06,2024-02-04,3.56,20.44,6.66
PHC-DST-C1-06,2024-02-05,3.72,20.28,6.96
PHC-DST-C1-06,2024-02-06,4.52,19.48,8.45
PHC-DST-C1-06,2024-02-07,3.07,20.93,5.74
PHC-DST-C1-06,2024-02-08,3.0,21.0,5.61
PHC-DST-C1-06,2024-02-09,3.5,20.5,6.55
PHC-DST-C1-06,2024-02-10,4.29,19.71,8.02
PHC-DST-C1-06,2024-02-11,3.15,20.85,5.89
PHC-DST-C1-06,2024-02-12,3.63,20.37,6.79
PHC-DST-C1-06,2024-02-13,3.72,20.28,6.96
PHC-DST-C1-06,2024-02-14,3.04,20.96,5.68
PHC-DST-C1-06,2024-02-15,1.97,,3.68
PHC-DST-C1-06,2024-02-16,3.03,20.97,5.67
PHC-DST-C1-06,2024-02-17,4.0,20.0,7.48
PHC-DST-C1-06,2024-02-18,4.16,19.84,7.78
PHC-DST-C1-06,2024-02-19,4.17,19.83,7.8
PHC-DST-C1-06,2024-02-20,4.26,19.74,7.97
PHC-DST-C1-06,2024-02-21,3.33,20.67,6.23
PHC-DST-C1-06,2024-02-22,3.17,20.83,5.93
PHC-DST-C1-06,2024-02-23,4.08,19.92,7.63
PHC-DST-C1-06,2024-02-24,3.64,20.36,6.81
PHC-DST-C1-06,2024-02-25,4.48,19.52,8.38
PHC-DST-C1-06,2024-02-26,4.09,19.91,7.65
PHC-DST-C1-06,2024-02-27,4.76,19.24,8.9
PHC-DST-C1-06,2024-02-28,3.45,,6.45
PHC-DST-C1-06,2024-02-29,4.6,,8.6
PHC-DST-C1-06,2024-03-01,5.33,18.67,9.97
PHC-DST-C1-06,2024-03-02,,20.16,7.18
PHC-DST-C1-06,2024-03-03,4.17,19.83,7.8
PHC-DST-C1-06,2024-03-04,3.1,20.9,5.8
PHC-DST-C1-06,2024-03-05,4.47,19.53,8.36
PHC-DST-C1-06,2024-03-06,4.65,19.35,8.7
PHC-DST-C1-06,2024-03-07,3.43,,6.41
PHC-DST-C1-06,2024-03-08,4.24,19.76,7.93
PHC-DST-C1-06,2024-03-09,4.01,19.99,7.5
PHC-DST-C1-06,2024-03-10,4.09,19.91,7.65
PHC-DST-C1-06,2024-03-11,4.41,19.59,8.25
PHC-DST-C1-06,2024-03-12,4.19,19.81,7.84
PHC-DST-C1-06,2024-03-13,3.7,20.3,6.92
PHC-DST-C1-06,2024-03-14,4.42,19.58,8.27
PHC-DST-C1-06,2024-03-15,4.63,19.37,8.66
PHC-DST-C1-06,2024-03-16,3.38,20.62,6.32
PHC-DST-C1-06,2024-03-17,3.8,20.2,7.11
PHC-DST-C1-06,2024-03-18,2.47,21.53,4.62
PHC-DST-C1-06,2024-03-19,4.24,19.76,7.93
PHC-DST-C1-06,2024-03-20,4.72,19.28,8.83
PHC-DST-C1-06,2024-03-21,3.61,20.39,6.75
PHC-DST-C1-06,2024-03-22,3.9,20.1,7.29
PHC-DST-C1-06,2024-03-23,3.63,20.37,6.79
PHC-DST-C1-06,2024-03-24,3.51,20.49,6.56
PHC-DST-C1-06,2024-03-25,3.97,20.03,7.42
PHC-DST-C1-06,2024-03-26,3.21,20.79,6.0
PHC-DST-C1-06,2024-03-27,3.62,20.38,6.77
PHC-DST-C1-06,2024-03-28,3.12,20.88,5.83
PHC-DST-C1-06,2024-03-29,4.24,19.76,7.93
PHC-DST-C1-06,2024-03-30,3.98,20.02,7.44
PHC-DST-C1-06,2024-03-31,3.48,20.52,6.51
PHC-DST-C1-06,2024-04-01,3.83,20.17,7.16
PHC-DST-C1-06,2024-04-02,3.63,20.37,6.79
PHC-DST-C1-06,2024-04-03,4.66,19.34,8.71
PHC-DST-C1-06,2024-04-04,3.47,20.53,6.49
PHC-DST-C1-06,2024-04-05,4.28,19.72,8.0
PHC-DST-C1-06,2024-04-06,3.27,20.73,6.11
PHC-DST-C1-06,2024-04-07,4.41,19.59,8.25
PHC-DST-C1-06,2024-04-08,4.58,19.42,8.56
PHC-DST-C1-06,2024-04-09,4.61,19.39,8.62
PHC-DST-C1-06,2024-04-10,4.9,19.1,9.16
PHC-DST-C1-06,2024-04-11,4.02,19.98,7.52
PHC-DST-C1-06,2024-04-12,4.73,19.27,8.85
PHC-DST-C1-06,2024-04-13,5.02,18.98,9.39
PHC-DST-C1-06,2024-04-14,2.96,21.04,5.54
PHC-DST-C1-06,2024-04-15,3.35,20.65,6.26
PHC-DST-C1-06,2024-04-16,2.68,21.32,5.01
PHC-DST-C1-06,2024-04-17,4.6,19.4,8.6
PHC-DST-C1-06,2024-04-18,2.67,21.33,4.99
PHC-DST-C1-06,2024-04-19,2.47,21.53,4.62
PHC-DST-C1-06,2024-04-20,2.98,21.02,5.57
PHC-DST-C1-06,2024-04-21,2.5,21.5,4.67
PHC-DST-C1-06,2024-04-22,4.0,20.0,7.48
PHC-DST-C1-06,2024-04-23,2.99,21.01,5.59
PHC-DST-C1-06,2024-04-24,2.53,21.47,4.73
PHC-DST-C1-06,2024-04-25,3.77,20.23,7.05
PHC-DST-C1-06,2024-04-26,3.81,20.19,7.12
PHC-DST-C1-06,2024-04-27,2.4,21.6,4.49
PHC-DST-C1-06,2024-04-28,3.26,20.74,6.1
PHC-DST-C1-06,2024-04-29,3.74,20.26,6.99
PHC-DST-C1-06,2024-04-30,3.53,20.47,6.6
PHC-DST-C1-06,2024-05-01,3.55,20.45,6.64
PHC-DST-C1-06,2024-05-02,4.68,19.32,8.75
PHC-DST-C1-06,2024-05-03,5.41,18.59,10.12
PHC-DST-C1-06,2024-05-04,3.57,20.43,6.68
PHC-DST-C1-06,2024-05-05,2.81,21.19,5.25
PHC-DST-C1-06,2024-05-06,3.62,20.38,6.77
PHC-DST-C1-06,2024-05-07,3.95,20.05,7.39
PHC-DST-C1-06,2024-05-08,3.76,20.24,7.03
PHC-DST-C1-06,2024-05-09,4.26,19.74,7.97
PHC-DST-C1-06,2024-05-10,5.46,18.54,10.21
PHC-DST-C1-06,2024-05-11,2.52,21.48,4.71
PHC-DST-C1-06,2024-05-12,3.42,20.58,6.4
PHC-DST-C1-06,2024-05-13,4.96,19.04,9.28
PHC-DST-C1-06,2024-05-14,3.41,20.59,6.38
PHC-DST-C1-06,2024-05-15,4.39,19.61,8.21
PHC-DST-C1-06,2024-05-16,4.27,19.73,7.98
PHC-DST-C1-06,2024-05-17,4.73,19.27,8.85
PHC-DST-C1-06,2024-05-18,5.24,18.76,9.8
PHC-DST-C1-06,2024-05-19,4.05,19.95,7.57
PHC-DST-C1-06,2024-05-20,2.49,21.51,4.66
PHC-DST-C1-06,2024-05-21,3.27,20.73,6.11
PHC-DST-C1-06,2024-05-22,5.44,18.56,10.17
PHC-DST-C1-06,2024-05-23,2.74,21.26,5.12
PHC-DST-C1-06,2024-05-24,4.17,19.83,7.8
PHC-DST-C1-06,2024-05-25,1.91,22.09,3.57
PHC-DST-C1-06,2024-05-26,2.79,21.21,5.22
PHC-DST-C1-06,2024-05-27,4.47,19.53,8.36
PHC-DST-C1-06,2024-05-28,3.83,20.17,7.16
PHC-DST-C1-06,2024-05-29,3.52,20.48,6.58
PHC-DST-C1-06,2024-05-30,3.19,20.81,5.97
PHC-DST-C1-06,2024-05-31,2.3,21.7,4.3
PHC-DST-C1-06,2024-06-01,4.32,19.68,8.08
PHC-DST-C1-06,2024-06-02,,20.41,6.71
PHC-DST-C1-06,2024-06-03,2.66,21.34,4.97
PHC-DST-C1-06,2024-06-04,,20.18,7.14
PHC-DST-C1-06,2024-06-05,4.24,19.76,7.93
PHC-DST-C1-06,2024-06-06,3.65,20.35,6.83
PHC-DST-C1-06,2024-06-07,3.89,20.11,7.27
PHC-DST-C1-06,2024-06-08,3.83,20.17,7.16
PHC-DST-C1-06,2024-06-09,3.27,20.73,6.11
PHC-DST-C1-06,2024-06-10,3.84,20.16,7.18
PHC-DST-C1-06,2024-06-11,4.35,,8.13
PHC-DST-C1-06,2024-06-12,4.58,19.42,8.56
PHC-DST-C1-06,2024-06-13,4.39,19.61,8.21
PHC-DST-C1-06,2024-06-14,3.29,20.71,6.15
PHC-DST-C1-06,2024-06-15,,19.72,8.0
PHC-DST-C1-06,2024-06-16,4.15,19.85,7.76
PHC-DST-C1-06,2024-06-17,3.27,20.73,6.11
PHC-DST-C1-06,2024-06-18,3.45,20.55,6.45
PHC-DST-C1-06,2024-06-19,4.31,19.69,8.06
PHC-DST-C1-06,2024-06-20,4.83,19.17,9.03
PHC-DST-C1-06,2024-06-21,2.44,21.56,4.56
PHC-DST-C1-06,2024-06-22,5.03,,9.41
PHC-DST-C1-06,2024-06-23,4.67,19.33,8.73
PHC-DST-C1-06,2024-06-24,3.95,20.05,7.39
PHC-DST-C1-06,2024-06-25,3.62,20.38,6.77
PHC-DST-C1-06,2024-06-26,4.09,19.91,7.65
PHC-DST-C1-06,2024-06-27,3.32,20.68,6.21
PHC-DST-C1-06,2024-06-28,3.67,20.33,6.86
PHC-DST-C1-06,2024-06-29,2.69,21.31,5.03
PHC-DST-C1-06,2024-06-30,2.49,21.51,4.66
PHC-DST-C1-06,2024-07-01,5.55,18.45,10.38
PHC-DST-C1-06,2024-07-02,3.85,20.15,7.2
PHC-DST-C1-06,2024-07-03,3.95,20.05,7.39
PHC-DST-C1-06,2024-07-04,3.78,20.22,7.07
PHC-DST-C1-06,2024-07-05,3.18,20.82,5.95
PHC-DST-C1-06,2024-07-06,3.57,20.43,6.68
PHC-DST-C1-06,2024-07-07,,20.13,7.24
PHC-DST-C1-06,2024-07-08,3.65,20.35,6.83
PHC-DST-C1-06,2024-07-09,3.24,20.76,6.06
PHC-DST-C1-06,2024-07-10,4.16,19.84,7.78
PHC-DST-C1-06,2024-07-11,3.94,20.06,7.37
PHC-DST-C1-06,2024-07-12,4.09,19.91,7.65
PHC-DST-C1-06,2024-07-13,4.33,19.67,8.1
PHC-DST-C1-06,2024-07-14,3.67,20.33,6.86
PHC-DST-C1-06,2024-07-15,3.67,20.33,6.86
PHC-DST-C1-06,2024-07-16,4.91,19.09,9.18
PHC-DST-C1-06,2024-07-17,3.09,20.91,5.78
PHC-DST-C1-06,2024-07-18,2.39,21.61,4.47
PHC-DST-C1-06,2024-07-19,4.22,19.78,7.89
PHC-DST-C1-06,2024-07-20,3.33,20.67,6.23
PHC-DST-C1-06,2024-07-21,2.99,21.01,5.59
PHC-DST-C1-06,2024-07-22,4.46,19.54,8.34
PHC-DST-C1-06,2024-07-23,3.69,20.31,6.9
PHC-DST-C1-06,2024-07-24,2.85,21.15,5.33
PHC-DST-C1-06,2024-07-25,5.25,18.75,9.82
PHC-DST-C1-06,2024-07-26,2.59,21.41,4.84
PHC-DST-C1-06,2024-07-27,3.73,20.27,6.98
PHC-DST-C1-06,2024-07-28,2.38,21.62,4.45
PHC-DST-C1-06,2024-07-29,4.0,20.0,7.48
PHC-DST-C1-06,2024-07-30,3.32,20.68,6.21
PHC-DST-C1-06,2024-07-31,4.41,19.59,8.25
PHC-DST-C1-06,2024-08-01,3.79,20.21,7.09
PHC-DST-C1-06,2024-08-02,4.81,19.19,8.99
PHC-DST-C1-06,2024-08-03,3.48,,6.51
PHC-DST-C1-06,2024-08-04,2.6,21.4,4.86
PHC-DST-C1-06,2024-08-05,3.98,20.02,7.44
PHC-DST-C1-06,2024-08-06,3.61,20.39,6.75
PHC-DST-C1-06,2024-08-07,2.44,21.56,4.56
PHC-DST-C1-06,2024-08-08,3.01,20.99,5.63
PHC-DST-C1-06,2024-08-09,3.25,20.75,6.08
PHC-DST-C1-06,2024-08-10,4.97,19.03,9.29
PHC-DST-C1-06,2024-08-11,4.33,19.67,8.1
PHC-DST-C1-06,2024-08-12,3.54,20.46,6.62
PHC-DST-C1-06,2024-08-13,4.15,19.85,7.76
PHC-DST-C1-06,2024-08-14,11.17,12.83,20.89
PHC-DST-C1-06,2024-08-15,4.1,19.9,7.67
PHC-DST-C1-06,2024-08-16,3.92,20.08,7.33
PHC-DST-C1-06,2024-08-17,3.4,20.6,6.36
PHC-DST-C1-06,2024-08-18,3.77,20.23,7.05
PHC-DST-C1-06,2024-08-19,4.05,19.95,7.57
PHC-DST-C1-06,2024-08-20,3.79,20.21,7.09
PHC-DST-C1-06,2024-08-21,4.45,19.55,8.32
PHC-DST-C1-06,2024-08-22,4.04,19.96,7.55
PHC-DST-C1-06,2024-08-23,4.18,19.82,7.82
PHC-DST-C1-06,2024-08-24,5.09,18.91,9.52
PHC-DST-C1-06,2024-08-25,4.42,19.58,8.27
PHC-DST-C1-06,2024-08-26,5.11,18.89,9.56
PHC-DST-C1-06,2024-08-27,3.3,20.7,6.17
PHC-DST-C1-06,2024-08-28,2.61,21.39,4.88
PHC-DST-C1-06,2024-08-29,3.69,20.31,6.9
PHC-DST-C1-06,2024-08-30,3.63,20.37,6.79
PHC-DST-C1-06,2024-08-31,4.89,19.11,9.14
PHC-DST-C1-06,2024-09-01,2.95,21.05,5.52
PHC-DST-C1-06,2024-09-02,3.74,20.26,6.99
PHC-DST-C1-06,2024-09-03,4.1,19.9,7.67
PHC-DST-C1-06,2024-09-04,3.88,20.12,7.26
PHC-DST-C1-06,2024-09-05,3.67,20.33,6.86
PHC-DST-C1-06,2024-09-06,4.07,19.93,7.61
PHC-DST-C1-06,2024-09-07,4.61,19.39,8.62
PHC-DST-C1-06,2024-09-08,16.0,8.0,29.92
PHC-DST-C1-06,2024-09-09,3.19,20.81,5.97
PHC-DST-C1-06,2024-09-10,4.95,19.05,9.26
PHC-DST-C1-06,2024-09-11,2.99,21.01,5.59
PHC-DST-C1-06,2024-09-12,5.14,18.86,9.61
PHC-DST-C1-06,2024-09-13,4.81,19.19,8.99
PHC-DST-C1-06,2024-09-14,4.92,19.08,9.2
PHC-DST-C1-06,2024-09-15,4.31,19.69,8.06
PHC-DST-C1-06,2024-09-16,2.22,21.78,4.15
PHC-DST-C1-06,2024-09-17,3.02,20.98,5.65
PHC-DST-C1-06,2024-09-18,4.03,19.97,7.54
PHC-DST-C1-06,2024-09-19,3.29,20.71,6.15
PHC-DST-C1-06,2024-09-20,3.56,20.44,6.66
PHC-DST-C1-06,2024-09-21,4.26,19.74,7.97
PHC-DST-C1-06,2024-09-22,3.67,20.33,6.86
PHC-DST-C1-06,2024-09-23,2.89,21.11,5.4
PHC-DST-C1-06,2024-09-24,4.46,19.54,8.34
PHC-DST-C1-06,2024-09-25,4.19,19.81,7.84
PHC-DST-C1-06,2024-09-26,3.61,20.39,6.75
PHC-DST-C1-06,2024-09-27,4.33,19.67,8.1
PHC-DST-C1-06,2024-09-28,3.87,20.13,7.24
PHC-DST-C1-06,2024-09-29,4.8,19.2,8.98
PHC-DST-C1-06,2024-09-30,3.91,20.09,7.31
PHC-DST-C1-06,2024-10-01,4.79,19.21,8.96
PHC-DST-C1-06,2024-10-02,2.39,21.61,4.47
PHC-DST-C1-06,2024-10-03,4.14,19.86,7.74
PHC-DST-C1-06,2024-10-04,3.5,20.5,6.55
PHC-DST-C1-06,2024-10-05,3.16,20.84,5.91
PHC-DST-C1-06,2024-10-06,4.67,19.33,8.73
PHC-DST-C1-06,2024-10-07,4.47,19.53,8.36
PHC-DST-C1-06,2024-10-08,2.3,21.7,4.3
PHC-DST-C1-06,2024-10-09,4.34,19.66,8.12
PHC-DST-C1-06,2024-10-10,4.25,19.75,7.95
PHC-DST-C1-06,2024-10-11,3.26,20.74,6.1
PHC-DST-C1-06,2024-10-12,3.17,20.83,5.93
PHC-DST-C1-06,2024-10-13,,21.39,4.88
PHC-DST-C1-06,2024-10-14,3.55,20.45,6.64
PHC-DST-C1-06,2024-10-15,3.67,20.33,6.86
PHC-DST-C1-06,2024-10-16,4.4,19.6,8.23
PHC-DST-C1-06,2024-10-17,4.0,20.0,7.48
PHC-DST-C1-06,2024-10-18,3.01,20.99,5.63
PHC-DST-C1-06,2024-10-19,3.98,20.02,7.44
PHC-DST-C1-06,2024-10-20,3.61,20.39,6.75
PHC-DST-C1-06,2024-10-21,3.1,20.9,5.8
PHC-DST-C1-06,2024-10-22,2.61,21.39,4.88
PHC-DST-C1-06,2024-10-23,4.27,19.73,7.98
PHC-DST-C1-06,2024-10-24,,19.87,7.72
PHC-DST-C1-06,2024-10-25,4.22,19.78,7.89
PHC-DST-C1-06,2024-10-26,3.25,20.75,6.08
PHC-DST-C1-06,2024-10-27,3.93,20.07,7.35
PHC-DST-C1-06,2024-10-28,2.77,21.23,5.18
PHC-DST-C1-06,2024-10-29,3.06,20.94,5.72
PHC-DST-C1-06,2024-10-30,3.83,20.17,7.16
PHC-DST-C1-06,2024-10-31,4.0,20.0,7.48
PHC-DST-C1-06,2024-11-01,2.58,21.42,4.82
PHC-DST-C1-06,2024-11-02,3.01,20.99,5.63
PHC-DST-C1-06,2024-11-03,3.53,20.47,6.6
PHC-DST-C1-06,2024-11-04,4.52,19.48,8.45
PHC-DST-C1-06,2024-11-05,3.19,20.81,5.97
PHC-DST-C1-06,2024-11-06,3.91,20.09,7.31
PHC-DST-C1-06,2024-11-07,3.98,20.02,7.44
PHC-DST-C1-06,2024-11-08,3.61,20.39,6.75
PHC-DST-C1-06,2024-11-09,4.0,20.0,7.48
PHC-DST-C1-06,2024-11-10,2.79,21.21,5.22
PHC-DST-C1-06,2024-11-11,3.31,20.69,6.19
PHC-DST-C1-06,2024-11-12,4.88,19.12,9.13
PHC-DST-C1-06,2024-11-13,4.93,19.07,9.22
PHC-DST-C1-06,2024-11-14,4.43,19.57,8.28
PHC-DST-C1-06,2024-11-15,4.63,19.37,8.66
PHC-DST-C1-06,2024-11-16,2.43,21.57,4.54
PHC-DST-C1-06,2024-11-17,3.09,20.91,5.78
PHC-DST-C1-06,2024-11-18,3.57,20.43,6.68
PHC-DST-C1-06,2024-11-19,5.61,18.39,10.49
PHC-DST-C1-06,2024-11-20,3.57,20.43,6.68
PHC-DST-C1-06,2024-11-21,4.36,19.64,8.15
PHC-DST-C1-06,2024-11-22,4.08,19.92,7.63
PHC-DST-C1-06,2024-11-23,4.07,19.93,7.61
PHC-DST-C1-06,2024-11-24,3.78,20.22,7.07
PHC-DST-C1-06,2024-11-25,2.9,,5.42
PHC-DST-C1-06,2024-11-26,1.77,22.23,3.31
PHC-DST-C1-06,2024-11-27,4.76,19.24,8.9
PHC-DST-C1-06,2024-11-28,3.34,20.66,6.25
PHC-DST-C1-06,2024-11-29,2.4,21.6,4.49
PHC-DST-C1-06,2024-11-30,4.13,19.87,7.72
PHC-DST-C1-06,2024-12-01,4.11,19.89,7.69
PHC-DST-C1-06,2024-12-02,4.38,19.62,8.19
PHC-DST-C1-06,2024-12-03,4.64,19.36,8.68
PHC-DST-C1-06,2024-12-04,3.11,20.89,5.82
PHC-DST-C1-06,2024-12-05,3.14,20.86,5.87
PHC-DST-C1-06,2024-12-06,3.56,20.44,6.66
PHC-DST-C1-06,2024-12-07,4.42,19.58,8.27
PHC-DST-C1-06,2024-12-08,2.22,21.78,4.15
PHC-DST-C1-06,2024-12-09,3.9,20.1,7.29
PHC-DST-C1-06,2024-12-10,4.5,19.5,8.42
PHC-DST-C1-06,2024-12-11,4.47,19.53,8.36
PHC-DST-C1-06,2024-12-12,4.33,,8.1
PHC-DST-C1-06,2024-12-13,4.6,19.4,8.6
PHC-DST-C1-06,2024-12-14,1.74,22.26,3.25
PHC-DST-C1-06,2024-12-15,5.01,18.99,9.37
PHC-DST-C1-06,2024-12-16,4.05,19.95,7.57
PHC-DST-C1-06,2024-12-17,4.8,,8.98
PHC-DST-C1-06,2024-12-18,2.92,21.08,5.46
PHC-DST-C1-06,2024-12-19,2.48,21.52,4.64
PHC-DST-C1-06,2024-12-20,5.14,18.86,9.61
PHC-DST-C1-06,2024-12-21,3.11,20.89,5.82
PHC-DST-C1-06,2024-12-22,3.57,20.43,6.68
PHC-DST-C1-06,2024-12-23,4.2,19.8,7.85
PHC-DST-C1-06,2024-12-24,4.38,19.62,8.19
PHC-DST-C1-06,2024-12-25,4.61,19.39,8.62
PHC-DST-C1-06,2024-12-26,3.97,20.03,7.42
PHC-DST-C1-06,2024-12-27,3.01,20.99,5.63
PHC-DST-C1-06,2024-12-28,4.33,19.67,8.1
PHC-DST-C1-06,2024-12-29,4.34,19.66,8.12
PHC-DST-C1-06,2024-12-30,2.44,21.56,4.56
PHC-DST-C1-06,2024-12-31,4.86,19.14,9.09
PHC-DST-C1-06,2025-01-01,1.93,22.07,3.61
PHC-DST-C1-06,2025-01-02,,19.42,8.56
PHC-DST-C1-06,2025-01-03,3.32,20.68,6.21
PHC-DST-C1-06,2025-01-04,4.33,19.67,8.1
PHC-DST-C1-06,2025-01-05,4.18,19.82,7.82
PHC-DST-C1-06,2025-01-06,3.77,20.23,7.05
PHC-DST-C1-06,2025-01-07,4.14,19.86,7.74
PHC-DST-C1-06,2025-01-08,3.74,20.26,6.99
PHC-DST-C1-06,2025-01-09,4.34,19.66,8.12
PHC-DST-C1-06,2025-01-10,5.44,18.56,10.17
PHC-DST-C1-06,2025-01-11,2.79,21.21,5.22
PHC-DST-C1-06,2025-01-12,1.41,22.59,2.64
PHC-DST-C1-06,2025-01-13,3.49,20.51,6.53
PHC-DST-C1-06,2025-01-14,3.44,20.56,6.43
PHC-DST-C1-06,2025-01-15,3.52,20.48,6.58
PHC-DST-C1-06,2025-01-16,3.11,20.89,5.82
PHC-DST-C1-06,2025-01-17,4.45,19.55,8.32
PHC-DST-C1-06,2025-01-18,2.76,21.24,5.16
PHC-DST-C1-06,2025-01-19,4.14,19.86,7.74
PHC-DST-C1-06,2025-01-20,4.28,19.72,8.0
PHC-DST-C1-06,2025-01-21,4.04,19.96,7.55
PHC-DST-C1-06,2025-01-22,4.17,19.83,7.8
PHC-DST-C1-06,2025-01-23,4.51,19.49,8.43
PHC-DST-C1-06,2025-01-24,3.84,20.16,7.18
PHC-DST-C1-06,2025-01-25,3.54,20.46,6.62
PHC-DST-C1-06,2025-01-26,4.16,19.84,7.78
PHC-DST-C1-06,2025-01-27,4.25,19.75,7.95
PHC-DST-C1-06,2025-01-28,4.47,19.53,8.36
PHC-DST-C1-06,2025-01-29,2.52,21.48,4.71
PHC-DST-C1-06,2025-01-30,3.66,20.34,6.84
PHC-DST-C1-06,2025-01-31,3.0,21.0,5.61
PHC-DST-C1-06,2025-02-01,4.22,19.78,7.89
PHC-DST-C1-06,2025-02-02,4.35,19.65,8.13
PHC-DST-C1-06,2025-02-03,3.59,20.41,6.71
PHC-DST-C1-06,2025-02-04,3.25,,6.08
PHC-DST-C1-06,2025-02-05,4.25,19.75,7.95
PHC-DST-C1-06,2025-02-06,3.7,20.3,6.92
PHC-DST-C1-06,2025-02-07,4.87,19.13,9.11
PHC-DST-C1-06,2025-02-08,5.13,18.87,9.59
PHC-DST-C1-06,2025-02-09,4.55,19.45,8.51
PHC-DST-C1-06,2025-02-10,3.97,20.03,7.42
PHC-DST-C1-06,2025-02-11,5.17,18.83,9.67
PHC-DST-C1-06,2025-02-12,3.98,20.02,7.44
PHC-DST-C1-06,2025-02-13,3.44,20.56,6.43
PHC-DST-C1-06,2025-02-14,3.29,20.71,6.15
PHC-DST-C1-06,2025-02-15,3.27,20.73,6.11
PHC-DST-C1-06,2025-02-16,3.8,20.2,7.11
PHC-DST-C1-06,2025-02-17,4.15,19.85,7.76
PHC-DST-C1-06,2025-02-18,2.74,21.26,5.12
PHC-DST-C1-06,2025-02-19,3.46,20.54,6.47
PHC-DST-C1-06,2025-02-20,3.96,20.04,7.41
PHC-DST-C1-06,2025-02-21,4.28,19.72,8.0
PHC-DST-C1-06,2025-02-22,3.78,20.22,7.07
PHC-DST-C1-06,2025-02-23,3.98,20.02,7.44
PHC-DST-C1-06,2025-02-24,2.87,21.13,5.37
PHC-DST-C1-06,2025-02-25,3.12,20.88,5.83
PHC-DST-C1-06,2025-02-26,3.75,20.25,7.01
PHC-DST-C1-06,2025-02-27,4.18,19.82,7.82
PHC-DST-C1-06,2025-02-28,3.97,20.03,7.42
PHC-DST-C1-06,2025-03-01,3.16,20.84,5.91
PHC-DST-C1-06,2025-03-02,3.62,20.38,6.77
PHC-DST-C1-06,2025-03-03,4.93,19.07,9.22
PHC-DST-C1-06,2025-03-04,4.21,19.79,7.87
PHC-DST-C1-06,2025-03-05,3.68,20.32,6.88
PHC-DST-C1-06,2025-03-06,3.03,20.97,5.67
PHC-DST-C1-06,2025-03-07,3.26,20.74,6.1
PHC-DST-C1-06,2025-03-08,3.8,20.2,7.11
PHC-DST-C1-06,2025-03-09,4.01,19.99,7.5
PHC-DST-C1-06,2025-03-10,4.22,19.78,7.89
PHC-DST-C1-06,2025-03-11,4.09,19.91,7.65
PHC-DST-C1-06,2025-03-12,3.52,20.48,6.58
PHC-DST-C1-06,2025-03-13,3.42,20.58,6.4
PHC-DST-C1-06,2025-03-14,5.34,18.66,9.99
PHC-DST-C1-06,2025-03-15,3.38,20.62,6.32
PHC-DST-C1-06,2025-03-16,2.83,21.17,5.29
PHC-DST-C1-06,2025-03-17,2.57,21.43,4.81
PHC-DST-C1-06,2025-03-18,3.54,20.46,6.62
PHC-DST-C1-06,2025-03-19,4.5,19.5,8.42
PHC-DST-C1-06,2025-03-20,3.37,20.63,6.3
PHC-DST-C1-06,2025-03-21,4.91,19.09,9.18
PHC-DST-C1-06,2025-03-22,3.79,20.21,7.09
PHC-DST-C1-06,2025-03-23,4.63,19.37,8.66
PHC-DST-C1-06,2025-03-24,3.23,20.77,6.04
PHC-DST-C1-06,2025-03-25,3.24,20.76,6.06
PHC-DST-C1-06,2025-03-26,3.87,20.13,7.24
PHC-DST-C1-06,2025-03-27,4.16,19.84,7.78
PHC-DST-C1-06,2025-03-28,3.67,20.33,6.86
PHC-DST-C1-06,2025-03-29,4.02,19.98,7.52
PHC-DST-C1-06,2025-03-30,4.24,19.76,7.93
PHC-DST-C1-06,2025-03-31,2.73,21.27,5.11
PHC-DST-C1-06,2025-04-01,3.54,20.46,6.62
PHC-DST-C1-06,2025-04-02,3.41,20.59,6.38
PHC-DST-C1-06,2025-04-03,3.45,20.55,6.45
PHC-DST-C1-06,2025-04-04,4.11,19.89,7.69
PHC-DST-C1-06,2025-04-05,3.42,20.58,6.4
PHC-DST-C1-06,2025-04-06,2.3,21.7,4.3
PHC-DST-C1-06,2025-04-07,3.62,20.38,6.77
PHC-DST-C1-06,2025-04-08,3.0,21.0,5.61
PHC-DST-C1-06,2025-04-09,4.17,19.83,7.8
PHC-DST-C1-06,2025-04-10,4.4,19.6,8.23
PHC-DST-C1-06,2025-04-11,2.17,21.83,4.06
PHC-DST-C1-06,2025-04-12,3.22,20.78,6.02
PHC-DST-C1-06,2025-04-13,4.07,19.93,7.61
PHC-DST-C1-06,2025-04-14,2.74,21.26,5.12
PHC-DST-C1-06,2025-04-15,4.39,19.61,8.21
PHC-DST-C1-06,2025-04-16,4.59,,8.58
PHC-DST-C1-06,2025-04-17,3.68,20.32,6.88
PHC-DST-C1-06,2025-04-18,3.22,20.78,6.02
PHC-DST-C1-06,2025-04-19,2.07,21.93,3.87
PHC-DST-C1-06,2025-04-20,4.41,19.59,8.25
PHC-DST-C1-06,2025-04-21,5.3,18.7,9.91
PHC-DST-C1-06,2025-04-22,,,9.63
PHC-DST-C1-06,2025-04-23,3.65,20.35,6.83
PHC-DST-C1-06,2025-04-24,2.98,21.02,5.57
PHC-DST-C1-06,2025-04-25,4.43,19.57,8.28
PHC-DST-C1-06,2025-04-26,3.7,20.3,6.92
PHC-DST-C1-06,2025-04-27,4.16,19.84,7.78
PHC-DST-C1-06,2025-04-28,4.03,19.97,7.54
PHC-DST-C1-06,2025-04-29,3.87,20.13,7.24
PHC-DST-C1-06,2025-04-30,4.57,19.43,8.55
PHC-DST-C1-06,2025-05-01,4.6,19.4,8.6
PHC-DST-C1-06,2025-05-02,3.41,,6.38
PHC-DST-C1-06,2025-05-03,3.11,20.89,5.82
PHC-DST-C1-06,2025-05-04,1.93,22.07,3.61
PHC-DST-C1-06,2025-05-05,3.54,20.46,6.62
PHC-DST-C1-06,2025-05-06,2.98,21.02,5.57
PHC-DST-C1-06,2025-05-07,4.11,19.89,7.69
PHC-DST-C1-06,2025-05-08,3.55,20.45,6.64
PHC-DST-C1-06,2025-05-09,3.63,20.37,6.79
PHC-DST-C1-06,2025-05-10,4.41,19.59,8.25
PHC-DST-C1-06,2025-05-11,4.1,19.9,7.67
PHC-DST-C1-06,2025-05-12,3.71,20.29,6.94
PHC-DST-C1-06,2025-05-13,5.06,18.94,9.46
PHC-DST-C1-06,2025-05-14,4.35,,8.13
PHC-DST-C1-06,2025-05-15,3.49,20.51,6.53
PHC-DST-C1-06,2025-05-16,3.52,20.48,6.58
PHC-DST-C1-06,2025-05-17,4.39,19.61,8.21
PHC-DST-C1-06,2025-05-18,3.95,20.05,7.39
PHC-DST-C1-06,2025-05-19,2.96,21.04,5.54
PHC-DST-C1-06,2025-05-20,4.47,19.53,8.36
PHC-DST-C1-06,2025-05-21,4.74,19.26,8.86
PHC-DST-C1-06,2025-05-22,4.69,19.31,8.77
PHC-DST-C1-06,2025-05-23,4.96,19.04,9.28
PHC-DST-C1-06,2025-05-24,5.35,18.65,10.0
PHC-DST-C1-06,2025-05-25,5.1,18.9,9.54
PHC-DST-C1-06,2025-05-26,4.06,19.94,7.59
PHC-DST-C1-06,2025-05-27,3.64,20.36,6.81
PHC-DST-C1-06,2025-05-28,2.43,21.57,4.54
PHC-DST-C1-06,2025-05-29,3.81,20.19,7.12
PHC-DST-C1-06,2025-05-30,4.19,19.81,7.84
PHC-DST-C1-06,2025-05-31,3.83,20.17,7.16
PHC-DST-C1-06,2025-06-01,2.38,21.62,4.45
PHC-DST-C1-06,2025-06-02,,20.41,6.71
PHC-DST-C1-06,2025-06-03,4.28,19.72,8.0
PHC-DST-C1-06,2025-06-04,3.03,20.97,5.67
PHC-DST-C1-06,2025-06-05,3.92,20.08,7.33
PHC-DST-C1-06,2025-06-06,4.12,19.88,7.7
PHC-DST-C1-06,2025-06-07,4.64,19.36,8.68
PHC-DST-C1-06,2025-06-08,5.08,18.92,9.5
PHC-DST-C1-06,2025-06-09,3.52,20.48,6.58
PHC-DST-C1-06,2025-06-10,3.94,20.06,7.37
PHC-DST-C1-06,2025-06-11,3.96,20.04,7.41
PHC-DST-C1-06,2025-06-12,4.29,19.71,8.02
PHC-DST-C1-06,2025-06-13,4.2,19.8,7.85
PHC-DST-C1-06,2025-06-14,4.87,,9.11
PHC-DST-C1-06,2025-06-15,2.05,21.95,3.83
PHC-DST-C1-06,2025-06-16,4.11,19.89,7.69
PHC-DST-C1-06,2025-06-17,4.17,19.83,7.8
PHC-DST-C1-06,2025-06-18,3.62,20.38,6.77
PHC-DST-C1-06,2025-06-19,2.1,21.9,3.93
PHC-DST-C1-06,2025-06-20,3.75,20.25,7.01
PHC-DST-C1-06,2025-06-21,3.27,20.73,6.11
PHC-DST-C1-06,2025-06-22,5.06,18.94,9.46
PHC-DST-C1-06,2025-06-23,4.08,19.92,7.63
PHC-DST-C1-06,2025-06-24,3.2,20.8,5.98
PHC-DST-C1-06,2025-06-25,2.26,21.74,4.23
PHC-DST-C1-06,2025-06-26,4.24,19.76,7.93
PHC-DST-C1-06,2025-06-27,4.32,19.68,8.08
PHC-DST-C1-06,2025-06-28,,20.36,6.81
PHC-DST-C1-06,2025-06-29,4.25,19.75,7.95
PHC-DST-C1-06,2025-06-30,3.54,20.46,6.62
PHC-DST-C2-01,2024-01-01,2.6,21.4,5.72
PHC-DST-C2-01,2024-01-02,2.54,21.46,5.59
PHC-DST-C2-01,2024-01-03,0.57,23.43,1.25
PHC-DST-C2-01,2024-01-04,0.75,23.25,1.65
PHC-DST-C2-01,2024-01-05,3.32,20.68,7.3
PHC-DST-C2-01,2024-01-06,2.5,21.5,5.5
PHC-DST-C2-01,2024-01-07,0.85,23.15,1.87
PHC-DST-C2-01,2024-01-08,0.62,23.38,1.36
PHC-DST-C2-01,2024-01-09,1.96,22.04,4.31
PHC-DST-C2-01,2024-01-10,0.94,23.06,2.07
PHC-DST-C2-01,2024-01-11,1.56,22.44,3.43
PHC-DST-C2-01,2024-01-12,1.76,22.24,3.87
PHC-DST-C2-01,2024-01-13,1.73,22.27,3.81
PHC-DST-C2-01,2024-01-14,2.64,21.36,5.81
PHC-DST-C2-01,2024-01-15,3.18,20.82,7.0
PHC-DST-C2-01,2024-01-16,1.44,22.56,3.17
PHC-DST-C2-01,2024-01-17,0.95,23.05,2.09
PHC-DST-C2-01,2024-01-18,2.09,21.91,4.6
PHC-DST-C2-01,2024-01-19,3.02,20.98,6.64
PHC-DST-C2-01,2024-01-20,1.5,22.5,3.3
PHC-DST-C2-01,2024-01-21,2.44,21.56,5.37
PHC-DST-C2-01,2024-01-22,1.17,22.83,2.57
PHC-DST-C2-01,2024-01-23,1.82,22.18,4.0
PHC-DST-C2-01,2024-01-24,0.93,23.07,2.05
PHC-DST-C2-01,2024-01-25,1.81,22.19,3.98
PHC-DST-C2-01,2024-01-26,1.71,22.29,3.76
PHC-DST-C2-01,2024-01-27,2.26,21.74,4.97
PHC-DST-C2-01,2024-01-28,3.13,20.87,6.89
PHC-DST-C2-01,2024-01-29,1.51,22.49,3.32
PHC-DST-C2-01,2024-01-30,0.3,23.7,0.66
PHC-DST-C2-01,2024-01-31,1.65,22.35,3.63
PHC-DST-C2-01,2024-02-01,2.02,21.98,4.44
PHC-DST-C2-01,2024-02-02,1.95,22.05,4.29
PHC-DST-C2-01,2024-02-03,1.68,22.32,3.7
PHC-DST-C2-01,2024-02-04,2.92,21.08,6.42
PHC-DST-C2-01,2024-02-05,1.9,22.1,4.18
PHC-DST-C2-01,2024-02-06,1.72,22.28,3.78
PHC-DST-C2-01,2024-02-07,1.22,22.78,2.68
PHC-DST-C2-01,2024-02-08,0.49,23.51,1.08
PHC-DST-C2-01,2024-02-09,2.05,21.95,4.51
PHC-DST-C2-01,2024-02-10,,22.02,4.36
PHC-DST-C2-01,2024-02-11,1.01,22.99,2.22
PHC-DST-C2-01,2024-02-12,1.77,22.23,3.89
PHC-DST-C2-01,2024-02-13,1.69,22.31,3.72
PHC-DST-C2-01,2024-02-14,1.33,22.67,2.93
PHC-DST-C2-01,2024-02-15,1.21,22.79,2.66
PHC-DST-C2-01,2024-02-16,2.1,21.9,4.62
PHC-DST-C2-01,2024-02-17,1.63,22.37,3.59
PHC-DST-C2-01,2024-02-18,1.36,22.64,2.99
PHC-DST-C2-01,2024-02-19,1.15,22.85,2.53
PHC-DST-C2-01,2024-02-20,1.7,22.3,3.74
PHC-DST-C2-01,2024-02-21,2.49,21.51,5.48
PHC-DST-C2-01,2024-02-22,1.95,22.05,4.29
PHC-DST-C2-01,2024-02-23,1.62,22.38,3.56
PHC-DST-C2-01,2024-02-24,2.03,21.97,4.47
PHC-DST-C2-01,2024-02-25,2.82,21.18,6.2
PHC-DST-C2-01,2024-02-26,2.17,21.83,4.77
PHC-DST-C2-01,2024-02-27,2.0,22.0,4.4
PHC-DST-C2-01,2024-02-28,2.28,21.72,5.02
PHC-DST-C2-01,2024-02-29,1.68,22.32,3.7
PHC-DST-C2-01,2024-03-01,1.94,22.06,4.27
PHC-DST-C2-01,2024-03-02,1.43,22.57,3.15
PHC-DST-C2-01,2024-03-03,0.64,23.36,1.41
PHC-DST-C2-01,2024-03-04,2.06,21.94,4.53
PHC-DST-C2-01,2024-03-05,2.06,21.94,4.53
PHC-DST-C2-01,2024-03-06,1.58,22.42,3.48
PHC-DST-C2-01,2024-03-07,2.58,21.42,5.68
PHC-DST-C2-01,2024-03-08,1.26,22.74,2.77
PHC-DST-C2-01,2024-03-09,0.47,23.53,1.03
PHC-DST-C2-01,2024-03-10,1.28,22.72,2.82
PHC-DST-C2-01,2024-03-11,0.64,23.36,1.41
PHC-DST-C2-01,2024-03-12,2.05,21.95,4.51
PHC-DST-C2-01,2024-03-13,1.24,22.76,2.73
PHC-DST-C2-01,2024-03-14,2.54,21.46,5.59
PHC-DST-C2-01,2024-03-15,2.52,21.48,5.54
PHC-DST-C2-01,2024-03-16,1.11,22.89,2.44
PHC-DST-C2-01,2024-03-17,1.19,22.81,2.62
PHC-DST-C2-01,2024-03-18,2.2,21.8,4.84
PHC-DST-C2-01,2024-03-19,2.53,21.47,5.57
PHC-DST-C2-01,2024-03-20,0.29,23.71,0.64
PHC-DST-C2-01,2024-03-21,2.01,21.99,4.42
PHC-DST-C2-01,2024-03-22,0.15,23.85,0.33
PHC-DST-C2-01,2024-03-23,1.39,22.61,3.06
PHC-DST-C2-01,2024-03-24,2.62,21.38,5.76
PHC-DST-C2-01,2024-03-25,4.06,19.94,8.93
PHC-DST-C2-01,2024-03-26,1.62,22.38,3.56
PHC-DST-C2-01,2024-03-27,0.86,23.14,1.89
PHC-DST-C2-01,2024-03-28,1.41,22.59,3.1
PHC-DST-C2-01,2024-03-29,1.85,22.15,4.07
PHC-DST-C2-01,2024-03-30,1.3,22.7,2.86
PHC-DST-C2-01,2024-03-31,1.11,22.89,2.44
PHC-DST-C2-01,2024-04-01,1.48,22.52,3.26
PHC-DST-C2-01,2024-04-02,2.1,21.9,4.62
PHC-DST-C2-01,2024-04-03,1.67,22.33,3.67
PHC-DST-C2-01,2024-04-04,1.14,22.86,2.51
PHC-DST-C2-01,2024-04-05,1.3,22.7,2.86
PHC-DST-C2-01,2024-04-06,1.49,22.51,3.28
PHC-DST-C2-01,2024-04-07,1.05,22.95,2.31
PHC-DST-C2-01,2024-04-08,1.27,22.73,2.79
PHC-DST-C2-01,2024-04-09,2.28,21.72,5.02
PHC-DST-C2-01,2024-04-10,1.63,22.37,3.59
PHC-DST-C2-01,2024-04-11,0.48,23.52,1.06
PHC-DST-C2-01,2024-04-12,2.57,21.43,5.65
PHC-DST-C2-01,2024-04-13,2.11,21.89,4.64
PHC-DST-C2-01,2024-04-14,0.76,23.24,1.67
PHC-DST-C2-01,2024-04-15,1.53,22.47,3.37
PHC-DST-C2-01,2024-04-16,1.21,22.79,2.66
PHC-DST-C2-01,2024-04-17,2.31,21.69,5.08
PHC-DST-C2-01,2024-04-18,1.52,22.48,3.34
PHC-DST-C2-01,2024-04-19,1.75,22.25,3.85
PHC-DST-C2-01,2024-04-20,1.66,22.34,3.65
PHC-DST-C2-01,2024-04-21,0.69,23.31,1.52
PHC-DST-C2-01,2024-04-22,2.85,21.15,6.27
PHC-DST-C2-01,2024-04-23,2.3,21.7,5.06
PHC-DST-C2-01,2024-04-24,1.24,22.76,2.73
PHC-DST-C2-01,2024-04-25,1.94,22.06,4.27
PHC-DST-C2-01,2024-04-26,2.53,21.47,5.57
PHC-DST-C2-01,2024-04-27,1.84,22.16,4.05
PHC-DST-C2-01,2024-04-28,2.97,21.03,6.53
PHC-DST-C2-01,2024-04-29,,20.01,8.78
PHC-DST-C2-01,2024-04-30,1.71,22.29,3.76
PHC-DST-C2-01,2024-05-01,1.36,22.64,2.99
PHC-DST-C2-01,2024-05-02,1.06,22.94,2.33
PHC-DST-C2-01,2024-05-03,0.14,23.86,0.31
PHC-DST-C2-01,2024-05-04,2.74,21.26,6.03
PHC-DST-C2-01,2024-05-05,1.53,22.47,3.37
PHC-DST-C2-01,2024-05-06,2.46,21.54,5.41
PHC-DST-C2-01,2024-05-07,2.61,21.39,5.74
PHC-DST-C2-01,2024-05-08,0.99,23.01,2.18
PHC-DST-C2-01,2024-05-09,1.1,22.9,2.42
PHC-DST-C2-01,2024-05-10,3.11,20.89,6.84
PHC-DST-C2-01,2024-05-11,1.75,22.25,3.85
PHC-DST-C2-01,2024-05-12,1.3,22.7,2.86
PHC-DST-C2-01,2024-05-13,1.02,22.98,2.24
PHC-DST-C2-01,2024-05-14,1.69,22.31,3.72
PHC-DST-C2-01,2024-05-15,2.93,21.07,6.45
PHC-DST-C2-01,2024-05-16,2.31,21.69,5.08
PHC-DST-C2-01,2024-05-17,1.94,22.06,4.27
PHC-DST-C2-01,2024-05-18,2.99,21.01,6.58
PHC-DST-C2-01,2024-05-19,2.85,21.15,6.27
PHC-DST-C2-01,2024-05-20,2.05,21.95,4.51
PHC-DST-C2-01,2024-05-21,3.88,20.12,8.54
PHC-DST-C2-01,2024-05-22,1.61,22.39,3.54
PHC-DST-C2-01,2024-05-23,2.62,21.38,5.76
PHC-DST-C2-01,2024-05-24,1.51,22.49,3.32
PHC-DST-C2-01,2024-05-25,2.48,21.52,5.46
PHC-DST-C2-01,2024-05-26,1.61,,3.54
PHC-DST-C2-01,2024-05-27,2.15,21.85,4.73
PHC-DST-C2-01,2024-05-28,3.59,20.41,7.9
PHC-DST-C2-01,2024-05-29,2.51,21.49,5.52
PHC-DST-C2-01,2024-05-30,2.16,21.84,4.75
PHC-DST-C2-01,2024-05-31,1.22,22.78,2.68
PHC-DST-C2-01,2024-06-01,1.94,22.06,4.27
PHC-DST-C2-01,2024-06-02,1.04,22.96,2.29
PHC-DST-C2-01,2024-06-03,2.47,21.53,5.43
PHC-DST-C2-01,2024-06-04,2.45,21.55,5.39
PHC-DST-C2-01,2024-06-05,1.67,22.33,3.67
PHC-DST-C2-01,2024-06-06,3.05,20.95,6.71
PHC-DST-C2-01,2024-06-07,2.94,21.06,6.47
PHC-DST-C2-01,2024-06-08,1.91,22.09,4.2
PHC-DST-C2-01,2024-06-09,2.22,21.78,4.88
PHC-DST-C2-01,2024-06-10,1.36,22.64,2.99
PHC-DST-C2-01,2024-06-11,1.6,22.4,3.52
PHC-DST-C2-01,2024-06-12,0.99,23.01,2.18
PHC-DST-C2-01,2024-06-13,1.44,22.56,3.17
PHC-DST-C2-01,2024-06-14,1.72,22.28,3.78
PHC-DST-C2-01,2024-06-15,0.55,23.45,1.21
PHC-DST-C2-01,2024-06-16,2.23,21.77,4.91
PHC-DST-C2-01,2024-06-17,2.57,21.43,5.65
PHC-DST-C2-01,2024-06-18,1.79,22.21,3.94
PHC-DST-C2-01,2024-06-19,0.0,24.0,0.0
PHC-DST-C2-01,2024-06-20,1.61,22.39,3.54
PHC-DST-C2-01,2024-06-21,0.75,23.25,1.65
PHC-DST-C2-01,2024-06-22,1.34,22.66,2.95
PHC-DST-C2-01,2024-06-23,2.89,21.11,6.36
PHC-DST-C2-01,2024-06-24,0.0,24.0,0.0
PHC-DST-C2-01,2024-06-25,1.19,22.81,2.62
PHC-DST-C2-01,2024-06-26,2.42,21.58,5.32
PHC-DST-C2-01,2024-06-27,1.27,22.73,2.79
PHC-DST-C2-01,2024-06-28,1.22,22.78,2.68
PHC-DST-C2-01,2024-06-29,3.32,20.68,7.3
PHC-DST-C2-01,2024-06-30,2.08,21.92,4.58
PHC-DST-C2-01,2024-07-01,2.5,21.5,5.5
PHC-DST-C2-01,2024-07-02,2.17,21.83,4.77
PHC-DST-C2-01,2024-07-03,1.92,22.08,4.22
PHC-DST-C2-01,2024-07-04,2.75,21.25,6.05
PHC-DST-C2-01,2024-07-05,3.23,,7.11
PHC-DST-C2-01,2024-07-06,0.54,23.46,1.19
PHC-DST-C2-01,2024-07-07,1.77,22.23,3.89
PHC-DST-C2-01,2024-07-08,1.77,22.23,3.89
PHC-DST-C2-01,2024-07-09,1.48,22.52,3.26
PHC-DST-C2-01,2024-07-10,2.54,21.46,5.59
PHC-DST-C2-01,2024-07-11,1.99,22.01,4.38
PHC-DST-C2-01,2024-07-12,3.24,20.76,7.13
PHC-DST-C2-01,2024-07-13,2.63,21.37,5.79
PHC-DST-C2-01,2024-07-14,2.82,21.18,6.2
PHC-DST-C2-01,2024-07-15,0.9,23.1,1.98
PHC-DST-C2-01,2024-07-16,1.2,22.8,2.64
PHC-DST-C2-01,2024-07-17,1.26,22.74,2.77
PHC-DST-C2-01,2024-07-18,2.79,21.21,6.14
PHC-DST-C2-01,2024-07-19,1.07,22.93,2.35
PHC-DST-C2-01,2024-07-20,1.1,22.9,2.42
PHC-DST-C2-01,2024-07-21,0.96,23.04,2.11
PHC-DST-C2-01,2024-07-22,3.86,20.14,8.49
PHC-DST-C2-01,2024-07-23,1.69,22.31,3.72
PHC-DST-C2-01,2024-07-24,2.2,21.8,4.84
PHC-DST-C2-01,2024-07-25,0.94,23.06,2.07
PHC-DST-C2-01,2024-07-26,2.52,,5.54
PHC-DST-C2-01,2024-07-27,0.47,23.53,1.03
PHC-DST-C2-01,2024-07-28,1.07,22.93,2.35
PHC-DST-C2-01,2024-07-29,1.25,22.75,2.75
PHC-DST-C2-01,2024-07-30,1.96,22.04,4.31
PHC-DST-C2-01,2024-07-31,,22.79,2.66
PHC-DST-C2-01,2024-08-01,2.94,21.06,6.47
PHC-DST-C2-01,2024-08-02,2.18,21.82,4.8
PHC-DST-C2-01,2024-08-03,1.28,22.72,2.82
PHC-DST-C2-01,2024-08-04,2.55,21.45,5.61
PHC-DST-C2-01,2024-08-05,1.51,22.49,3.32
PHC-DST-C2-01,2024-08-06,1.36,22.64,2.99
PHC-DST-C2-01,2024-08-07,2.47,21.53,5.43
PHC-DST-C2-01,2024-08-08,0.0,24.0,0.0
PHC-DST-C2-01,2024-08-09,2.35,21.65,5.17
PHC-DST-C2-01,2024-08-10,1.27,22.73,2.79
PHC-DST-C2-01,2024-08-11,1.26,22.74,2.77
PHC-DST-C2-01,2024-08-12,3.27,20.73,7.19
PHC-DST-C2-01,2024-08-13,1.4,22.6,3.08
PHC-DST-C2-01,2024-08-14,7.37,16.63,16.21
PHC-DST-C2-01,2024-08-15,2.09,21.91,4.6
PHC-DST-C2-01,2024-08-16,1.61,22.39,3.54
PHC-DST-C2-01,2024-08-17,1.57,22.43,3.45
PHC-DST-C2-01,2024-08-18,2.95,21.05,6.49
PHC-DST-C2-01,2024-08-19,2.5,21.5,5.5
PHC-DST-C2-01,2024-08-20,1.43,22.57,3.15
PHC-DST-C2-01,2024-08-21,1.02,22.98,2.24
PHC-DST-C2-01,2024-08-22,1.36,22.64,2.99
PHC-DST-C2-01,2024-08-23,2.54,21.46,5.59
PHC-DST-C2-01,2024-08-24,2.68,21.32,5.9
PHC-DST-C2-01,2024-08-25,2.22,21.78,4.88
PHC-DST-C2-01,2024-08-26,0.59,23.41,1.3
PHC-DST-C2-01,2024-08-27,2.37,21.63,5.21
PHC-DST-C2-01,2024-08-28,2.78,21.22,6.12
PHC-DST-C2-01,2024-08-29,1.93,22.07,4.25
PHC-DST-C2-01,2024-08-30,3.28,20.72,7.22
PHC-DST-C2-01,2024-08-31,0.81,23.19,1.78
PHC-DST-C2-01,2024-09-01,2.31,21.69,5.08
PHC-DST-C2-01,2024-09-02,1.03,22.97,2.27
PHC-DST-C2-01,2024-09-03,2.59,21.41,5.7
PHC-DST-C2-01,2024-09-04,2.26,21.74,4.97
PHC-DST-C2-01,2024-09-05,3.15,20.85,6.93
PHC-DST-C2-01,2024-09-06,2.17,21.83,4.77
PHC-DST-C2-01,2024-09-07,,22.5,3.3
PHC-DST-C2-01,2024-09-08,5.59,18.41,12.3
PHC-DST-C2-01,2024-09-09,1.42,22.58,3.12
PHC-DST-C2-01,2024-09-10,2.81,21.19,6.18
PHC-DST-C2-01,2024-09-11,2.76,21.24,6.07
PHC-DST-C2-01,2024-09-12,0.68,23.32,1.5
PHC-DST-C2-01,2024-09-13,1.83,22.17,4.03
PHC-DST-C2-01,2024-09-14,1.85,22.15,4.07
PHC-DST-C2-01,2024-09-15,1.21,22.79,2.66
PHC-DST-C2-01,2024-09-16,2.13,21.87,4.69
PHC-DST-C2-01,2024-09-17,2.9,21.1,6.38
PHC-DST-C2-01,2024-09-18,2.47,21.53,5.43
PHC-DST-C2-01,2024-09-19,2.81,21.19,6.18
PHC-DST-C2-01,2024-09-20,1.26,22.74,2.77
PHC-DST-C2-01,2024-09-21,1.83,22.17,4.03
PHC-DST-C2-01,2024-09-22,1.23,22.77,2.71
PHC-DST-C2-01,2024-09-23,1.98,22.02,4.36
PHC-DST-C2-01,2024-09-24,2.05,21.95,4.51
PHC-DST-C2-01,2024-09-25,2.52,21.48,5.54
PHC-DST-C2-01,2024-09-26,2.79,21.21,6.14
PHC-DST-C2-01,2024-09-27,2.32,21.68,5.1
PHC-DST-C2-01,2024-09-28,1.15,22.85,2.53
PHC-DST-C2-01,2024-09-29,0.79,23.21,1.74
PHC-DST-C2-01,2024-09-30,2.19,21.81,4.82
PHC-DST-C2-01,2024-10-01,2.93,21.07,6.45
PHC-DST-C2-01,2024-10-02,1.78,22.22,3.92
PHC-DST-C2-01,2024-10-03,0.65,23.35,1.43
PHC-DST-C2-01,2024-10-04,3.36,20.64,7.39
PHC-DST-C2-01,2024-10-05,2.17,21.83,4.77
PHC-DST-C2-01,2024-10-06,1.93,22.07,4.25
PHC-DST-C2-01,2024-10-07,0.92,23.08,2.02
PHC-DST-C2-01,2024-10-08,1.81,22.19,3.98
PHC-DST-C2-01,2024-10-09,2.32,21.68,5.1
PHC-DST-C2-01,2024-10-10,2.18,21.82,4.8
PHC-DST-C2-01,2024-10-11,1.29,22.71,2.84
PHC-DST-C2-01,2024-10-12,1.76,22.24,3.87
PHC-DST-C2-01,2024-10-13,1.34,22.66,2.95
PHC-DST-C2-01,2024-10-14,3.05,20.95,6.71
PHC-DST-C2-01,2024-10-15,2.47,21.53,5.43
PHC-DST-C2-01,2024-10-16,1.41,22.59,3.1
PHC-DST-C2-01,2024-10-17,0.92,23.08,2.02
PHC-DST-C2-01,2024-10-18,2.01,21.99,4.42
PHC-DST-C2-01,2024-10-19,1.43,22.57,3.15
PHC-DST-C2-01,2024-10-20,1.49,22.51,3.28
PHC-DST-C2-01,2024-10-21,0.95,,2.09
PHC-DST-C2-01,2024-10-22,1.04,22.96,2.29
PHC-DST-C2-01,2024-10-23,1.92,22.08,4.22
PHC-DST-C2-01,2024-10-24,1.6,22.4,3.52
PHC-DST-C2-01,2024-10-25,3.67,20.33,8.07
PHC-DST-C2-01,2024-10-26,2.25,21.75,4.95
PHC-DST-C2-01,2024-10-27,0.94,23.06,2.07
PHC-DST-C2-01,2024-10-28,0.65,23.35,1.43
PHC-DST-C2-01,2024-10-29,2.1,21.9,4.62
PHC-DST-C2-01,2024-10-30,1.5,22.5,3.3
PHC-DST-C2-01,2024-10-31,2.8,21.2,6.16
PHC-DST-C2-01,2024-11-01,2.01,21.99,4.42
PHC-DST-C2-01,2024-11-02,0.31,23.69,0.68
PHC-DST-C2-01,2024-11-03,1.04,22.96,2.29
PHC-DST-C2-01,2024-11-04,1.29,22.71,2.84
PHC-DST-C2-01,2024-11-05,2.13,21.87,4.69
PHC-DST-C2-01,2024-11-06,1.01,22.99,2.22
PHC-DST-C2-01,2024-11-07,1.91,22.09,4.2
PHC-DST-C2-01,2024-11-08,0.8,23.2,1.76
PHC-DST-C2-01,2024-11-09,1.8,22.2,3.96
PHC-DST-C2-01,2024-11-10,2.08,21.92,4.58
PHC-DST-C2-01,2024-11-11,2.9,21.1,6.38
PHC-DST-C2-01,2024-11-12,1.98,22.02,4.36
PHC-DST-C2-01,2024-11-13,1.19,22.81,2.62
PHC-DST-C2-01,2024-11-14,2.92,21.08,6.42
PHC-DST-C2-01,2024-11-15,1.66,22.34,3.65
PHC-DST-C2-01,2024-11-16,2.38,21.62,5.24
PHC-DST-C2-01,2024-11-17,1.34,22.66,2.95
PHC-DST-C2-01,2024-11-18,1.87,22.13,4.11
PHC-DST-C2-01,2024-11-19,1.2,22.8,2.64
PHC-DST-C2-01,2024-11-20,2.04,21.96,4.49
PHC-DST-C2-01,2024-11-21,2.4,21.6,5.28
PHC-DST-C2-01,2024-11-22,1.43,22.57,3.15
PHC-DST-C2-01,2024-11-23,1.39,22.61,3.06
PHC-DST-C2-01,2024-11-24,2.07,21.93,4.55
PHC-DST-C2-01,2024-11-25,1.18,22.82,2.6
PHC-DST-C2-01,2024-11-26,0.66,23.34,1.45
PHC-DST-C2-01,2024-11-27,2.06,21.94,4.53
PHC-DST-C2-01,2024-11-28,1.72,22.28,3.78
PHC-DST-C2-01,2024-11-29,1.7,22.3,3.74
PHC-DST-C2-01,2024-11-30,2.19,21.81,4.82
PHC-DST-C2-01,2024-12-01,2.3,21.7,5.06
PHC-DST-C2-01,2024-12-02,1.68,22.32,3.7
PHC-DST-C2-01,2024-12-03,0.96,23.04,2.11
PHC-DST-C2-01,2024-12-04,1.32,22.68,2.9
PHC-DST-C2-01,2024-12-05,2.24,21.76,4.93
PHC-DST-C2-01,2024-12-06,1.9,22.1,4.18
PHC-DST-C2-01,2024-12-07,1.39,22.61,3.06
PHC-DST-C2-01,2024-12-08,1.21,22.79,2.66
PHC-DST-C2-01,2024-12-09,2.26,21.74,4.97
PHC-DST-C2-01,2024-12-10,1.63,22.37,3.59
PHC-DST-C2-01,2024-12-11,2.36,21.64,5.19
PHC-DST-C2-01,2024-12-12,2.46,21.54,5.41
PHC-DST-C2-01,2024-12-13,1.57,22.43,3.45
PHC-DST-C2-01,2024-12-14,2.51,21.49,5.52
PHC-DST-C2-01,2024-12-15,1.9,22.1,4.18
PHC-DST-C2-01,2024-12-16,2.0,22.0,4.4
PHC-DST-C2-01,2024-12-17,0.16,23.84,0.35
PHC-DST-C2-01,2024-12-18,1.07,22.93,2.35
PHC-DST-C2-01,2024-12-19,1.11,22.89,2.44
PHC-DST-C2-01,2024-12-20,1.56,22.44,3.43
PHC-DST-C2-01,2024-12-21,1.89,22.11,4.16
PHC-DST-C2-01,2024-12-22,1.92,22.08,4.22
PHC-DST-C2-01,2024-12-23,2.01,21.99,4.42
PHC-DST-C2-01,2024-12-24,1.29,22.71,2.84
PHC-DST-C2-01,2024-12-25,2.32,21.68,5.1
PHC-DST-C2-01,2024-12-26,3.16,20.84,6.95
PHC-DST-C2-01,2024-12-27,1.54,22.46,3.39
PHC-DST-C2-01,2024-12-28,1.3,22.7,2.86
PHC-DST-C2-01,2024-12-29,1.29,22.71,2.84
PHC-DST-C2-01,2024-12-30,1.86,22.14,4.09
PHC-DST-C2-01,2024-12-31,1.41,22.59,3.1
PHC-DST-C2-01,2025-01-01,0.5,23.5,1.1
PHC-DST-C2-01,2025-01-02,0.71,23.29,1.56
PHC-DST-C2-01,2025-01-03,2.57,21.43,5.65
PHC-DST-C2-01,2025-01-04,2.76,21.24,6.07
PHC-DST-C2-01,2025-01-05,,21.0,6.6
PHC-DST-C2-01,2025-01-06,1.97,22.03,4.33
PHC-DST-C2-01,2025-01-07,1.06,22.94,2.33
PHC-DST-C2-01,2025-01-08,1.47,22.53,3.23
PHC-DST-C2-01,2025-01-09,0.68,23.32,1.5
PHC-DST-C2-01,2025-01-10,0.65,23.35,1.43
PHC-DST-C2-01,2025-01-11,1.99,22.01,4.38
PHC-DST-C2-01,2025-01-12,2.2,21.8,4.84
PHC-DST-C2-01,2025-01-13,3.27,20.73,7.19
PHC-DST-C2-01,2025-01-14,1.74,22.26,3.83
PHC-DST-C2-01,2025-01-15,0.78,23.22,1.72
PHC-DST-C2-01,2025-01-16,1.71,22.29,3.76
PHC-DST-C2-01,2025-01-17,1.59,22.41,3.5
PHC-DST-C2-01,2025-01-18,1.43,22.57,3.15
PHC-DST-C2-01,2025-01-19,2.06,21.94,4.53
PHC-DST-C2-01,2025-01-20,0.89,23.11,1.96
PHC-DST-C2-01,2025-01-21,,22.1,4.18
PHC-DST-C2-01,2025-01-22,2.29,21.71,5.04
PHC-DST-C2-01,2025-01-23,2.86,21.14,6.29
PHC-DST-C2-01,2025-01-24,2.03,21.97,4.47
PHC-DST-C2-01,2025-01-25,2.58,21.42,5.68
PHC-DST-C2-01,2025-01-26,1.47,22.53,3.23
PHC-DST-C2-01,2025-01-27,1.57,22.43,3.45
PHC-DST-C2-01,2025-01-28,2.81,21.19,6.18
PHC-DST-C2-01,2025-01-29,0.77,23.23,1.69
PHC-DST-C2-01,2025-01-30,1.5,22.5,3.3
PHC-DST-C2-01,2025-01-31,2.65,21.35,5.83
PHC-DST-C2-01,2025-02-01,1.64,22.36,3.61
PHC-DST-C2-01,2025-02-02,1.59,22.41,3.5
PHC-DST-C2-01,2025-02-03,1.6,22.4,3.52
PHC-DST-C2-01,2025-02-04,1.89,22.11,4.16
PHC-DST-C2-01,2025-02-05,2.61,21.39,5.74
PHC-DST-C2-01,2025-02-06,2.49,21.51,5.48
PHC-DST-C2-01,2025-02-07,1.81,22.19,3.98
PHC-DST-C2-01,2025-02-08,2.62,21.38,5.76
PHC-DST-C2-01,2025-02-09,2.06,21.94,4.53
PHC-DST-C2-01,2025-02-10,2.44,21.56,5.37
PHC-DST-C2-01,2025-02-11,1.03,22.97,2.27
PHC-DST-C2-01,2025-02-12,3.1,20.9,6.82
PHC-DST-C2-01,2025-02-13,1.97,22.03,4.33
PHC-DST-C2-01,2025-02-14,0.0,24.0,0.0
PHC-DST-C2-01,2025-02-15,3.04,20.96,6.69
PHC-DST-C2-01,2025-02-16,1.8,22.2,3.96
PHC-DST-C2-01,2025-02-17,1.5,22.5,3.3
PHC-DST-C2-01,2025-02-18,1.35,22.65,2.97
PHC-DST-C2-01,2025-02-19,2.13,21.87,4.69
PHC-DST-C2-01,2025-02-20,1.13,22.87,2.49
PHC-DST-C2-01,2025-02-21,1.37,22.63,3.01
PHC-DST-C2-01,2025-02-22,1.39,22.61,3.06
PHC-DST-C2-01,2025-02-23,1.58,22.42,3.48
PHC-DST-C2-01,2025-02-24,1.41,22.59,3.1
PHC-DST-C2-01,2025-02-25,2.44,21.56,5.37
PHC-DST-C2-01,2025-02-26,2.0,22.0,4.4
PHC-DST-C2-01,2025-02-27,2.09,21.91,4.6
PHC-DST-C2-01,2025-02-28,2.26,21.74,4.97
PHC-DST-C2-01,2025-03-01,1.73,22.27,3.81
PHC-DST-C2-01,2025-03-02,1.03,22.97,2.27
PHC-DST-C2-01,2025-03-03,3.15,20.85,6.93
PHC-DST-C2-01,2025-03-04,2.5,21.5,5.5
PHC-DST-C2-01,2025-03-05,3.01,20.99,6.62
PHC-DST-C2-01,2025-03-06,2.58,21.42,5.68
PHC-DST-C2-01,2025-03-07,1.45,22.55,3.19
PHC-DST-C2-01,2025-03-08,0.04,23.96,0.09
PHC-DST-C2-01,2025-03-09,0.88,23.12,1.94
PHC-DST-C2-01,2025-03-10,2.28,21.72,5.02
PHC-DST-C2-01,2025-03-11,1.72,22.28,3.78
PHC-DST-C2-01,2025-03-12,1.49,22.51,3.28
PHC-DST-C2-01,2025-03-13,0.0,24.0,0.0
PHC-DST-C2-01,2025-03-14,1.79,22.21,3.94
PHC-DST-C2-01,2025-03-15,0.99,23.01,2.18
PHC-DST-C2-01,2025-03-16,1.26,22.74,2.77
PHC-DST-C2-01,2025-03-17,2.44,21.56,5.37
PHC-DST-C2-01,2025-03-18,1.03,22.97,2.27
PHC-DST-C2-01,2025-03-19,1.1,22.9,2.42
PHC-DST-C2-01,2025-03-20,1.94,22.06,4.27
PHC-DST-C2-01,2025-03-21,2.45,21.55,5.39
PHC-DST-C2-01,2025-03-22,1.5,22.5,3.3
PHC-DST-C2-01,2025-03-23,2.9,21.1,6.38
PHC-DST-C2-01,2025-03-24,0.84,23.16,1.85
PHC-DST-C2-01,2025-03-25,0.71,23.29,1.56
PHC-DST-C2-01,2025-03-26,0.65,23.35,1.43
PHC-DST-C2-01,2025-03-27,0.56,23.44,1.23
PHC-DST-C2-01,2025-03-28,2.05,21.95,4.51
PHC-DST-C2-01,2025-03-29,1.07,22.93,2.35
PHC-DST-C2-01,2025-03-30,0.74,23.26,1.63
PHC-DST-C2-01,2025-03-31,2.08,21.92,4.58
PHC-DST-C2-01,2025-04-01,2.42,21.58,5.32
PHC-DST-C2-01,2025-04-02,2.59,21.41,5.7
PHC-DST-C2-01,2025-04-03,2.46,21.54,5.41
PHC-DST-C2-01,2025-04-04,1.11,22.89,2.44
PHC-DST-C2-01,2025-04-05,2.01,21.99,4.42
PHC-DST-C2-01,2025-04-06,2.17,21.83,4.77
PHC-DST-C2-01,2025-04-07,1.44,22.56,3.17
PHC-DST-C2-01,2025-04-08,1.92,22.08,4.22
PHC-DST-C2-01,2025-04-09,0.86,23.14,1.89
PHC-DST-C2-01,2025-04-10,1.33,22.67,2.93
PHC-DST-C2-01,2025-04-11,2.08,21.92,4.58
PHC-DST-C2-01,2025-04-12,2.93,21.07,6.45
PHC-DST-C2-01,2025-04-13,2.66,21.34,5.85
PHC-DST-C2-01,2025-04-14,2.3,21.7,5.06
PHC-DST-C2-01,2025-04-15,1.86,22.14,4.09
PHC-DST-C2-01,2025-04-16,1.74,22.26,3.83
PHC-DST-C2-01,2025-04-17,,23.29,1.56
PHC-DST-C2-01,2025-04-18,1.17,22.83,2.57
PHC-DST-C2-01,2025-04-19,1.2,22.8,2.64
PHC-DST-C2-01,2025-04-20,2.23,,4.91
PHC-DST-C2-01,2025-04-21,2.51,21.49,5.52
PHC-DST-C2-01,2025-04-22,2.35,21.65,5.17
PHC-DST-C2-01,2025-04-23,2.69,21.31,5.92
PHC-DST-C2-01,2025-04-24,1.85,22.15,4.07
PHC-DST-C2-01,2025-04-25,1.06,22.94,2.33
PHC-DST-C2-01,2025-04-26,1.76,22.24,3.87
PHC-DST-C2-01,2025-04-27,1.26,22.74,2.77
PHC-DST-C2-01,2025-04-28,2.29,21.71,5.04
PHC-DST-C2-01,2025-04-29,1.53,22.47,3.37
PHC-DST-C2-01,2025-04-30,1.73,22.27,3.81
PHC-DST-C2-01,2025-05-01,2.32,21.68,5.1
PHC-DST-C2-01,2025-05-02,1.24,22.76,2.73
PHC-DST-C2-01,2025-05-03,2.52,21.48,5.54
PHC-DST-C2-01,2025-05-04,0.79,23.21,1.74
PHC-DST-C2-01,2025-05-05,2.03,21.97,4.47
PHC-DST-C2-01,2025-05-06,1.73,22.27,3.81
PHC-DST-C2-01,2025-05-07,2.42,21.58,5.32
PHC-DST-C2-01,2025-05-08,0.77,,1.69
PHC-DST-C2-01,2025-05-09,0.65,23.35,1.43
PHC-DST-C2-01,2025-05-10,2.36,21.64,5.19
PHC-DST-C2-01,2025-05-11,1.51,,3.32
PHC-DST-C2-01,2025-05-12,1.73,22.27,3.81
PHC-DST-C2-01,2025-05-13,1.31,22.69,2.88
PHC-DST-C2-01,2025-05-14,2.48,21.52,5.46
PHC-DST-C2-01,2025-05-15,2.02,21.98,4.44
PHC-DST-C2-01,2025-05-16,1.98,22.02,4.36
PHC-DST-C2-01,2025-05-17,0.92,23.08,2.02
PHC-DST-C2-01,2025-05-18,2.18,21.82,4.8
PHC-DST-C2-01,2025-05-19,1.06,22.94,2.33
PHC-DST-C2-01,2025-05-20,1.31,22.69,2.88
PHC-DST-C2-01,2025-05-21,0.78,23.22,1.72
PHC-DST-C2-01,2025-05-22,1.68,22.32,3.7
PHC-DST-C2-01,2025-05-23,2.6,21.4,5.72
PHC-DST-C2-01,2025-05-24,1.97,22.03,4.33
PHC-DST-C2-01,2025-05-25,1.47,22.53,3.23
PHC-DST-C2-01,2025-05-26,1.88,22.12,4.14
PHC-DST-C2-01,2025-05-27,1.88,22.12,4.14
PHC-DST-C2-01,2025-05-28,1.85,22.15,4.07
PHC-DST-C2-01,2025-05-29,1.93,22.07,4.25
PHC-DST-C2-01,2025-05-30,1.02,22.98,2.24
PHC-DST-C2-01,2025-05-31,1.88,22.12,4.14
PHC-DST-C2-01,2025-06-01,0.48,23.52,1.06
PHC-DST-C2-01,2025-06-02,2.23,21.77,4.91
PHC-DST-C2-01,2025-06-03,0.97,23.03,2.13
PHC-DST-C2-01,2025-06-04,2.68,21.32,5.9
PHC-DST-C2-01,2025-06-05,0.0,,0.0
PHC-DST-C2-01,2025-06-06,3.06,20.94,6.73
PHC-DST-C2-01,2025-06-07,0.57,23.43,1.25
PHC-DST-C2-01,2025-06-08,0.9,23.1,1.98
PHC-DST-C2-01,2025-06-09,2.02,21.98,4.44
PHC-DST-C2-01,2025-06-10,2.26,21.74,4.97
PHC-DST-C2-01,2025-06-11,1.59,22.41,3.5
PHC-DST-C2-01,2025-06-12,2.47,21.53,5.43
PHC-DST-C2-01,2025-06-13,1.2,,2.64
PHC-DST-C2-01,2025-06-14,1.5,22.5,3.3
PHC-DST-C2-01,2025-06-15,1.57,22.43,3.45
PHC-DST-C2-01,2025-06-16,1.4,22.6,3.08
PHC-DST-C2-01,2025-06-17,0.35,23.65,0.77
PHC-DST-C2-01,2025-06-18,1.78,22.22,3.92
PHC-DST-C2-01,2025-06-19,1.71,22.29,3.76
PHC-DST-C2-01,2025-06-20,2.61,21.39,5.74
PHC-DST-C2-01,2025-06-21,0.84,23.16,1.85
PHC-DST-C2-01,2025-06-22,1.32,22.68,2.9
PHC-DST-C2-01,2025-06-23,2.7,21.3,5.94
PHC-DST-C2-01,2025-06-24,2.02,21.98,4.44
PHC-DST-C2-01,2025-06-25,2.21,21.79,4.86
PHC-DST-C2-01,2025-06-26,2.14,21.86,4.71
PHC-DST-C2-01,2025-06-27,2.14,21.86,4.71
PHC-DST-C2-01,2025-06-28,3.17,20.83,6.97
PHC-DST-C2-01,2025-06-29,1.87,22.13,4.11
PHC-DST-C2-01,2025-06-30,1.04,22.96,2.29
PHC-DST-C2-02,2024-01-01,2.28,21.72,4.26
PHC-DST-C2-02,2024-01-02,1.38,22.62,2.58
PHC-DST-C2-02,2024-01-03,1.72,22.28,3.22
PHC-DST-C2-02,2024-01-04,2.08,21.92,3.89
PHC-DST-C2-02,2024-01-05,1.18,22.82,2.21
PHC-DST-C2-02,2024-01-06,1.42,22.58,2.66
PHC-DST-C2-02,2024-01-07,2.16,21.84,4.04
PHC-DST-C2-02,2024-01-08,1.39,22.61,2.6
PHC-DST-C2-02,2024-01-09,2.53,21.47,4.73
PHC-DST-C2-02,2024-01-10,1.06,22.94,1.98
PHC-DST-C2-02,2024-01-11,1.06,22.94,1.98
PHC-DST-C2-02,2024-01-12,3.23,20.77,6.04
PHC-DST-C2-02,2024-01-13,0.65,23.35,1.22
PHC-DST-C2-02,2024-01-14,1.78,22.22,3.33
PHC-DST-C2-02,2024-01-15,3.19,20.81,5.97
PHC-DST-C2-02,2024-01-16,1.78,22.22,3.33
PHC-DST-C2-02,2024-01-17,2.81,21.19,5.25
PHC-DST-C2-02,2024-01-18,2.29,21.71,4.28
PHC-DST-C2-02,2024-01-19,1.79,22.21,3.35
PHC-DST-C2-02,2024-01-20,1.7,22.3,3.18
PHC-DST-C2-02,2024-01-21,0.21,23.79,0.39
PHC-DST-C2-02,2024-01-22,1.56,22.44,2.92
PHC-DST-C2-02,2024-01-23,1.97,22.03,3.68
PHC-DST-C2-02,2024-01-24,1.97,22.03,3.68
PHC-DST-C2-02,2024-01-25,3.65,20.35,6.83
PHC-DST-C2-02,2024-01-26,2.01,21.99,3.76
PHC-DST-C2-02,2024-01-27,2.27,21.73,4.24
PHC-DST-C2-02,2024-01-28,2.67,21.33,4.99
PHC-DST-C2-02,2024-01-29,2.21,21.79,4.13
PHC-DST-C2-02,2024-01-30,1.74,22.26,3.25
PHC-DST-C2-02,2024-01-31,1.74,22.26,3.25
PHC-DST-C2-02,2024-02-01,1.54,22.46,2.88
PHC-DST-C2-02,2024-02-02,2.13,21.87,3.98
PHC-DST-C2-02,2024-02-03,1.67,22.33,3.12
PHC-DST-C2-02,2024-02-04,2.27,21.73,4.24
PHC-DST-C2-02,2024-02-05,1.04,22.96,1.94
PHC-DST-C2-02,2024-02-06,1.91,22.09,3.57
PHC-DST-C2-02,2024-02-07,2.96,21.04,5.54
PHC-DST-C2-02,2024-02-08,,22.37,3.05
PHC-DST-C2-02,2024-02-09,3.18,20.82,5.95
PHC-DST-C2-02,2024-02-10,1.92,22.08,3.59
PHC-DST-C2-02,2024-02-11,1.76,22.24,3.29
PHC-DST-C2-02,2024-02-12,1.89,22.11,3.53
PHC-DST-C2-02,2024-02-13,1.57,22.43,2.94
PHC-DST-C2-02,2024-02-14,0.31,23.69,0.58
PHC-DST-C2-02,2024-02-15,2.46,21.54,4.6
PHC-DST-C2-02,2024-02-16,3.44,20.56,6.43
PHC-DST-C2-02,2024-02-17,2.16,21.84,4.04
PHC-DST-C2-02,2024-02-18,2.21,21.79,4.13
PHC-DST-C2-02,2024-02-19,1.66,22.34,3.1
PHC-DST-C2-02,2024-02-20,2.67,21.33,4.99
PHC-DST-C2-02,2024-02-21,1.77,22.23,3.31
PHC-DST-C2-02,2024-02-22,2.0,22.0,3.74
PHC-DST-C2-02,2024-02-23,0.63,23.37,1.18
PHC-DST-C2-02,2024-02-24,1.4,22.6,2.62
PHC-DST-C2-02,2024-02-25,2.08,21.92,3.89
PHC-DST-C2-02,2024-02-26,2.48,21.52,4.64
PHC-DST-C2-02,2024-02-27,2.5,21.5,4.67
PHC-DST-C2-02,2024-02-28,0.62,23.38,1.16
PHC-DST-C2-02,2024-02-29,0.69,23.31,1.29
PHC-DST-C2-02,2024-03-01,2.24,21.76,4.19
PHC-DST-C2-02,2024-03-02,1.24,22.76,2.32
PHC-DST-C2-02,2024-03-03,2.47,21.53,4.62
PHC-DST-C2-02,2024-03-04,0.58,23.42,1.08
PHC-DST-C2-02,2024-03-05,1.73,22.27,3.24
PHC-DST-C2-02,2024-03-06,,22.23,3.31
PHC-DST-C2-02,2024-03-07,2.16,21.84,4.04
PHC-DST-C2-02,2024-03-08,1.03,22.97,1.93
PHC-DST-C2-02,2024-03-09,0.32,23.68,0.6
PHC-DST-C2-02,2024-03-10,1.93,22.07,3.61
PHC-DST-C2-02,2024-03-11,2.19,21.81,4.1
PHC-DST-C2-02,2024-03-12,2.56,21.44,4.79
PHC-DST-C2-02,2024-03-13,1.53,22.47,2.86
PHC-DST-C2-02,2024-03-14,2.38,21.62,4.45
PHC-DST-C2-02,2024-03-15,2.16,21.84,4.04
PHC-DST-C2-02,2024-03-16,2.79,21.21,5.22
PHC-DST-C2-02,2024-03-17,1.76,22.24,3.29
PHC-DST-C2-02,2024-03-18,0.5,23.5,0.94
PHC-DST-C2-02,2024-03-19,1.75,22.25,3.27
PHC-DST-C2-02,2024-03-20,1.87,22.13,3.5
PHC-DST-C2-02,2024-03-21,2.19,21.81,4.1
PHC-DST-C2-02,2024-03-22,0.65,23.35,1.22
PHC-DST-C2-02,2024-03-23,1.57,22.43,2.94
PHC-DST-C2-02,2024-03-24,2.45,21.55,4.58
PHC-DST-C2-02,2024-03-25,1.72,22.28,3.22
PHC-DST-C2-02,2024-03-26,1.57,22.43,2.94
PHC-DST-C2-02,2024-03-27,3.23,20.77,6.04
PHC-DST-C2-02,2024-03-28,1.0,23.0,1.87
PHC-DST-C2-02,2024-03-29,2.72,21.28,5.09
PHC-DST-C2-02,2024-03-30,2.57,21.43,4.81
PHC-DST-C2-02,2024-03-31,1.63,22.37,3.05
PHC-DST-C2-02,2024-04-01,1.78,22.22,3.33
PHC-DST-C2-02,2024-04-02,1.77,22.23,3.31
PHC-DST-C2-02,2024-04-03,1.94,22.06,3.63
PHC-DST-C2-02,2024-04-04,1.35,22.65,2.52
PHC-DST-C2-02,2024-04-05,1.48,22.52,2.77
PHC-DST-C2-02,2024-04-06,1.53,22.47,2.86
PHC-DST-C2-02,2024-04-07,1.56,22.44,2.92
PHC-DST-C2-02,2024-04-08,1.57,22.43,2.94
PHC-DST-C2-02,2024-04-09,0.12,23.88,0.22
PHC-DST-C2-02,2024-04-10,1.87,,3.5
PHC-DST-C2-02,2024-04-11,1.4,,2.62
PHC-DST-C2-02,2024-04-12,0.4,23.6,0.75
PHC-DST-C2-02,2024-04-13,1.54,22.46,2.88
PHC-DST-C2-02,2024-04-14,1.51,22.49,2.82
PHC-DST-C2-02,2024-04-15,2.76,,5.16
PHC-DST-C2-02,2024-04-16,1.4,22.6,2.62
PHC-DST-C2-02,2024-04-17,2.3,21.7,4.3
PHC-DST-C2-02,2024-04-18,2.84,21.16,5.31
PHC-DST-C2-02,2024-04-19,,22.67,2.49
PHC-DST-C2-02,2024-04-20,1.76,22.24,3.29
PHC-DST-C2-02,2024-04-21,3.1,20.9,5.8
PHC-DST-C2-02,2024-04-22,1.97,,3.68
PHC-DST-C2-02,2024-04-23,2.08,21.92,3.89
PHC-DST-C2-02,2024-04-24,1.49,22.51,2.79
PHC-DST-C2-02,2024-04-25,2.32,21.68,4.34
PHC-DST-C2-02,2024-04-26,1.77,22.23,3.31
PHC-DST-C2-02,2024-04-27,0.43,23.57,0.8
PHC-DST-C2-02,2024-04-28,1.53,22.47,2.86
PHC-DST-C2-02,2024-04-29,0.91,23.09,1.7
PHC-DST-C2-02,2024-04-30,1.88,22.12,3.52
PHC-DST-C2-02,2024-05-01,1.11,22.89,2.08
PHC-DST-C2-02,2024-05-02,2.16,21.84,4.04
PHC-DST-C2-02,2024-05-03,1.83,22.17,3.42
PHC-DST-C2-02,2024-05-04,0.86,23.14,1.61
PHC-DST-C2-02,2024-05-05,1.43,22.57,2.67
PHC-DST-C2-02,2024-05-06,2.27,21.73,4.24
PHC-DST-C2-02,2024-05-07,2.66,21.34,4.97
PHC-DST-C2-02,2024-05-08,1.12,22.88,2.09
PHC-DST-C2-02,2024-05-09,0.98,23.02,1.83
PHC-DST-C2-02,2024-05-10,3.26,20.74,6.1
PHC-DST-C2-02,2024-05-11,1.79,22.21,3.35
PHC-DST-C2-02,2024-05-12,1.87,22.13,3.5
PHC-DST-C2-02,2024-05-13,1.25,22.75,2.34
PHC-DST-C2-02,2024-05-14,1.96,22.04,3.67
PHC-DST-C2-02,2024-05-15,3.09,20.91,5.78
PHC-DST-C2-02,2024-05-16,1.99,22.01,3.72
PHC-DST-C2-02,2024-05-17,2.6,21.4,4.86
PHC-DST-C2-02,2024-05-18,1.82,22.18,3.4
PHC-DST-C2-02,2024-05-19,1.03,22.97,1.93
PHC-DST-C2-02,2024-05-20,1.29,22.71,2.41
PHC-DST-C2-02,2024-05-21,0.96,23.04,1.8
PHC-DST-C2-02,2024-05-22,1.96,22.04,3.67
PHC-DST-C2-02,2024-05-23,2.72,21.28,5.09
PHC-DST-C2-02,2024-05-24,1.92,22.08,3.59
PHC-DST-C2-02,2024-05-25,1.57,22.43,2.94
PHC-DST-C2-02,2024-05-26,1.21,22.79,2.26
PHC-DST-C2-02,2024-05-27,2.07,21.93,3.87
PHC-DST-C2-02,2024-05-28,0.87,23.13,1.63
PHC-DST-C2-02,2024-05-29,0.95,23.05,1.78
PHC-DST-C2-02,2024-05-30,2.48,21.52,4.64
PHC-DST-C2-02,2024-05-31,1.59,22.41,2.97
PHC-DST-C2-02,2024-06-01,1.58,22.42,2.95
PHC-DST-C2-02,2024-06-02,1.67,22.33,3.12
PHC-DST-C2-02,2024-06-03,2.34,21.66,4.38
PHC-DST-C2-02,2024-06-04,1.92,22.08,3.59
PHC-DST-C2-02,2024-06-05,1.24,22.76,2.32
PHC-DST-C2-02,2024-06-06,1.27,22.73,2.37
PHC-DST-C2-02,2024-06-07,1.65,22.35,3.09
PHC-DST-C2-02,2024-06-08,2.03,21.97,3.8
PHC-DST-C2-02,2024-06-09,1.77,22.23,3.31
PHC-DST-C2-02,2024-06-10,1.71,,3.2
PHC-DST-C2-02,2024-06-11,1.83,22.17,3.42
PHC-DST-C2-02,2024-06-12,1.77,22.23,3.31
PHC-DST-C2-02,2024-06-13,1.21,22.79,2.26
PHC-DST-C2-02,2024-06-14,2.63,21.37,4.92
PHC-DST-C2-02,2024-06-15,1.44,22.56,2.69
PHC-DST-C2-02,2024-06-16,1.9,22.1,3.55
PHC-DST-C2-02,2024-06-17,0.25,23.75,0.47
PHC-DST-C2-02,2024-06-18,1.64,22.36,3.07
PHC-DST-C2-02,2024-06-19,0.98,23.02,1.83
PHC-DST-C2-02,2024-06-20,1.07,22.93,2.0
PHC-DST-C2-02,2024-06-21,3.62,20.38,6.77
PHC-DST-C2-02,2024-06-22,1.99,,3.72
PHC-DST-C2-02,2024-06-23,2.72,21.28,5.09
PHC-DST-C2-02,2024-06-24,2.44,21.56,4.56
PHC-DST-C2-02,2024-06-25,2.54,21.46,4.75
PHC-DST-C2-02,2024-06-26,1.65,22.35,3.09
PHC-DST-C2-02,2024-06-27,3.0,21.0,5.61
PHC-DST-C2-02,2024-06-28,2.44,,4.56
PHC-DST-C2-02,2024-06-29,1.83,22.17,3.42
PHC-DST-C2-02,2024-06-30,2.0,22.0,3.74
PHC-DST-C2-02,2024-07-01,1.7,22.3,3.18
PHC-DST-C2-02,2024-07-02,1.84,22.16,3.44
PHC-DST-C2-02,2024-07-03,1.77,22.23,3.31
PHC-DST-C2-02,2024-07-04,2.09,21.91,3.91
PHC-DST-C2-02,2024-07-05,3.1,20.9,5.8
PHC-DST-C2-02,2024-07-06,0.9,23.1,1.68
PHC-DST-C2-02,2024-07-07,2.66,21.34,4.97
PHC-DST-C2-02,2024-07-08,1.52,22.48,2.84
PHC-DST-C2-02,2024-07-09,2.75,21.25,5.14
PHC-DST-C2-02,2024-07-10,1.55,22.45,2.9
PHC-DST-C2-02,2024-07-11,2.11,21.89,3.95
PHC-DST-C2-02,2024-07-12,1.68,22.32,3.14
PHC-DST-C2-02,2024-07-13,0.5,23.5,0.94
PHC-DST-C2-02,2024-07-14,3.1,20.9,5.8
PHC-DST-C2-02,2024-07-15,1.09,22.91,2.04
PHC-DST-C2-02,2024-07-16,1.86,22.14,3.48
PHC-DST-C2-02,2024-07-17,1.01,22.99,1.89
PHC-DST-C2-02,2024-07-18,0.8,23.2,1.5
PHC-DST-C2-02,2024-07-19,1.65,22.35,3.09
PHC-DST-C2-02,2024-07-20,1.35,22.65,2.52
PHC-DST-C2-02,2024-07-21,0.92,23.08,1.72
PHC-DST-C2-02,2024-07-22,1.77,22.23,3.31
PHC-DST-C2-02,2024-07-23,0.69,23.31,1.29
PHC-DST-C2-02,2024-07-24,1.89,22.11,3.53
PHC-DST-C2-02,2024-07-25,1.7,22.3,3.18
PHC-DST-C2-02,2024-07-26,0.0,24.0,0.0
PHC-DST-C2-02,2024-07-27,1.41,22.59,2.64
PHC-DST-C2-02,2024-07-28,2.15,21.85,4.02
PHC-DST-C2-02,2024-07-29,1.0,23.0,1.87
PHC-DST-C2-02,2024-07-30,2.18,21.82,4.08
PHC-DST-C2-02,2024-07-31,2.12,21.88,3.96
PHC-DST-C2-02,2024-08-01,1.04,22.96,1.94
PHC-DST-C2-02,2024-08-02,1.79,22.21,3.35
PHC-DST-C2-02,2024-08-03,2.42,21.58,4.53
PHC-DST-C2-02,2024-08-04,1.14,22.86,2.13
PHC-DST-C2-02,2024-08-05,1.65,22.35,3.09
PHC-DST-C2-02,2024-08-06,2.66,21.34,4.97
PHC-DST-C2-02,2024-08-07,1.16,22.84,2.17
PHC-DST-C2-02,2024-08-08,2.14,21.86,4.0
PHC-DST-C2-02,2024-08-09,0.99,23.01,1.85
PHC-DST-C2-02,2024-08-10,1.68,22.32,3.14
PHC-DST-C2-02,2024-08-11,2.14,21.86,4.0
PHC-DST-C2-02,2024-08-12,0.0,24.0,0.0
PHC-DST-C2-02,2024-08-13,1.4,22.6,2.62
PHC-DST-C2-02,2024-08-14,7.3,16.7,13.65
PHC-DST-C2-02,2024-08-15,1.41,22.59,2.64
PHC-DST-C2-02,2024-08-16,0.97,23.03,1.81
PHC-DST-C2-02,2024-08-17,2.27,21.73,4.24
PHC-DST-C2-02,2024-08-18,,22.44,2.92
PHC-DST-C2-02,2024-08-19,2.21,21.79,4.13
PHC-DST-C2-02,2024-08-20,2.09,21.91,3.91
PHC-DST-C2-02,2024-08-21,1.46,22.54,2.73
PHC-DST-C2-02,2024-08-22,2.6,21.4,4.86
PHC-DST-C2-02,2024-08-23,1.35,22.65,2.52
PHC-DST-C2-02,2024-08-24,2.69,,5.03
PHC-DST-C2-02,2024-08-25,2.79,21.21,5.22
PHC-DST-C2-02,2024-08-26,2.59,21.41,4.84
PHC-DST-C2-02,2024-08-27,1.66,22.34,3.1
PHC-DST-C2-02,2024-08-28,3.71,20.29,6.94
PHC-DST-C2-02,2024-08-29,1.91,22.09,3.57
PHC-DST-C2-02,2024-08-30,1.98,22.02,3.7
PHC-DST-C2-02,2024-08-31,1.78,22.22,3.33
PHC-DST-C2-02,2024-09-01,0.95,23.05,1.78
PHC-DST-C2-02,2024-09-02,2.77,21.23,5.18
PHC-DST-C2-02,2024-09-03,1.37,22.63,2.56
PHC-DST-C2-02,2024-09-04,2.49,21.51,4.66
PHC-DST-C2-02,2024-09-05,2.67,21.33,4.99
PHC-DST-C2-02,2024-09-06,2.25,21.75,4.21
PHC-DST-C2-02,2024-09-07,,22.72,2.39
PHC-DST-C2-02,2024-09-08,2.37,21.63,4.43
PHC-DST-C2-02,2024-09-09,1.71,22.29,3.2
PHC-DST-C2-02,2024-09-10,2.4,21.6,4.49
PHC-DST-C2-02,2024-09-11,1.62,22.38,3.03
PHC-DST-C2-02,2024-09-12,1.36,22.64,2.54
PHC-DST-C2-02,2024-09-13,1.58,22.42,2.95
PHC-DST-C2-02,2024-09-14,2.71,21.29,5.07
PHC-DST-C2-02,2024-09-15,1.76,22.24,3.29
PHC-DST-C2-02,2024-09-16,3.19,20.81,5.97
PHC-DST-C2-02,2024-09-17,1.37,22.63,2.56
PHC-DST-C2-02,2024-09-18,1.96,22.04,3.67
PHC-DST-C2-02,2024-09-19,1.47,22.53,2.75
PHC-DST-C2-02,2024-09-20,3.36,20.64,6.28
PHC-DST-C2-02,2024-09-21,1.93,,3.61
PHC-DST-C2-02,2024-09-22,3.4,20.6,6.36
PHC-DST-C2-02,2024-09-23,1.48,22.52,2.77
PHC-DST-C2-02,2024-09-24,2.95,21.05,5.52
PHC-DST-C2-02,2024-09-25,1.89,22.11,3.53
PHC-DST-C2-02,2024-09-26,2.43,21.57,4.54
PHC-DST-C2-02,2024-09-27,0.89,23.11,1.66
PHC-DST-C2-02,2024-09-28,2.06,21.94,3.85
PHC-DST-C2-02,2024-09-29,1.0,23.0,1.87
PHC-DST-C2-02,2024-09-30,1.99,22.01,3.72
PHC-DST-C2-02,2024-10-01,0.66,23.34,1.23
PHC-DST-C2-02,2024-10-02,1.73,22.27,3.24
PHC-DST-C2-02,2024-10-03,2.62,21.38,4.9
PHC-DST-C2-02,2024-10-04,2.21,21.79,4.13
PHC-DST-C2-02,2024-10-05,0.87,23.13,1.63
PHC-DST-C2-02,2024-10-06,0.38,23.62,0.71
PHC-DST-C2-02,2024-10-07,2.17,21.83,4.06
PHC-DST-C2-02,2024-10-08,2.99,21.01,5.59
PHC-DST-C2-02,2024-10-09,1.08,22.92,2.02
PHC-DST-C2-02,2024-10-10,3.37,20.63,6.3
PHC-DST-C2-02,2024-10-11,1.8,22.2,3.37
PHC-DST-C2-02,2024-10-12,,23.67,0.62
PHC-DST-C2-02,2024-10-13,0.63,23.37,1.18
PHC-DST-C2-02,2024-10-14,2.38,,4.45
PHC-DST-C2-02,2024-10-15,1.9,22.1,3.55
PHC-DST-C2-02,2024-10-16,2.91,21.09,5.44
PHC-DST-C2-02,2024-10-17,0.9,23.1,1.68
PHC-DST-C2-02,2024-10-18,1.89,22.11,3.53
PHC-DST-C2-02,2024-10-19,1.81,22.19,3.38
PHC-DST-C2-02,2024-10-20,1.69,22.31,3.16
PHC-DST-C2-02,2024-10-21,1.51,22.49,2.82
PHC-DST-C2-02,2024-10-22,1.53,22.47,2.86
PHC-DST-C2-02,2024-10-23,1.93,22.07,3.61
PHC-DST-C2-02,2024-10-24,2.03,21.97,3.8
PHC-DST-C2-02,2024-10-25,1.99,22.01,3.72
PHC-DST-C2-02,2024-10-26,2.7,21.3,5.05
PHC-DST-C2-02,2024-10-27,0.9,23.1,1.68
PHC-DST-C2-02,2024-10-28,0.44,23.56,0.82
PHC-DST-C2-02,2024-10-29,2.56,21.44,4.79
PHC-DST-C2-02,2024-10-30,1.09,22.91,2.04
PHC-DST-C2-02,2024-10-31,1.52,,2.84
PHC-DST-C2-02,2024-11-01,1.34,22.66,2.51
PHC-DST-C2-02,2024-11-02,1.32,22.68,2.47
PHC-DST-C2-02,2024-11-03,0.71,23.29,1.33
PHC-DST-C2-02,2024-11-04,1.37,22.63,2.56
PHC-DST-C2-02,2024-11-05,2.29,21.71,4.28
PHC-DST-C2-02,2024-11-06,1.8,22.2,3.37
PHC-DST-C2-02,2024-11-07,2.18,21.82,4.08
PHC-DST-C2-02,2024-11-08,1.43,22.57,2.67
PHC-DST-C2-02,2024-11-09,2.48,21.52,4.64
PHC-DST-C2-02,2024-11-10,1.42,22.58,2.66
PHC-DST-C2-02,2024-11-11,0.22,23.78,0.41
PHC-DST-C2-02,2024-11-12,2.04,21.96,3.81
PHC-DST-C2-02,2024-11-13,2.38,21.62,4.45
PHC-DST-C2-02,2024-11-14,1.38,22.62,2.58
PHC-DST-C2-02,2024-11-15,2.7,21.3,5.05
PHC-DST-C2-02,2024-11-16,1.16,22.84,2.17
PHC-DST-C2-02,2024-11-17,2.3,21.7,4.3
PHC-DST-C2-02,2024-11-18,3.11,20.89,5.82
PHC-DST-C2-02,2024-11-19,1.83,22.17,3.42
PHC-DST-C2-02,2024-11-20,1.63,22.37,3.05
PHC-DST-C2-02,2024-11-21,1.72,22.28,3.22
PHC-DST-C2-02,2024-11-22,3.02,20.98,5.65
PHC-DST-C2-02,2024-11-23,2.1,21.9,3.93
PHC-DST-C2-02,2024-11-24,3.41,20.59,6.38
PHC-DST-C2-02,2024-11-25,2.01,21.99,3.76
PHC-DST-C2-02,2024-11-26,1.31,22.69,2.45
PHC-DST-C2-02,2024-11-27,1.36,22.64,2.54
PHC-DST-C2-02,2024-11-28,1.85,22.15,3.46
PHC-DST-C2-02,2024-11-29,0.27,23.73,0.5
PHC-DST-C2-02,2024-11-30,1.44,22.56,2.69
PHC-DST-C2-02,2024-12-01,1.46,22.54,2.73
PHC-DST-C2-02,2024-12-02,1.98,22.02,3.7
PHC-DST-C2-02,2024-12-03,3.26,20.74,6.1
PHC-DST-C2-02,2024-12-04,1.84,22.16,3.44
PHC-DST-C2-02,2024-12-05,0.36,23.64,0.67
PHC-DST-C2-02,2024-12-06,1.11,22.89,2.08
PHC-DST-C2-02,2024-12-07,2.0,22.0,3.74
PHC-DST-C2-02,2024-12-08,1.87,22.13,3.5
PHC-DST-C2-02,2024-12-09,3.02,20.98,5.65
PHC-DST-C2-02,2024-12-10,2.52,21.48,4.71
PHC-DST-C2-02,2024-12-11,2.5,21.5,4.67
PHC-DST-C2-02,2024-12-12,1.64,22.36,3.07
PHC-DST-C2-02,2024-12-13,2.62,21.38,4.9
PHC-DST-C2-02,2024-12-14,1.13,22.87,2.11
PHC-DST-C2-02,2024-12-15,2.53,21.47,4.73
PHC-DST-C2-02,2024-12-16,1.59,22.41,2.97
PHC-DST-C2-02,2024-12-17,0.71,23.29,1.33
PHC-DST-C2-02,2024-12-18,2.24,21.76,4.19
PHC-DST-C2-02,2024-12-19,2.85,21.15,5.33
PHC-DST-C2-02,2024-12-20,1.5,22.5,2.81
PHC-DST-C2-02,2024-12-21,2.97,21.03,5.55
PHC-DST-C2-02,2024-12-22,0.56,,1.05
PHC-DST-C2-02,2024-12-23,0.9,23.1,1.68
PHC-DST-C2-02,2024-12-24,1.69,22.31,3.16
PHC-DST-C2-02,2024-12-25,1.52,22.48,2.84
PHC-DST-C2-02,2024-12-26,1.3,22.7,2.43
PHC-DST-C2-02,2024-12-27,1.9,22.1,3.55
PHC-DST-C2-02,2024-12-28,1.4,22.6,2.62
PHC-DST-C2-02,2024-12-29,1.53,22.47,2.86
PHC-DST-C2-02,2024-12-30,2.01,21.99,3.76
PHC-DST-C2-02,2024-12-31,1.3,22.7,2.43
PHC-DST-C2-02,2025-01-01,1.72,22.28,3.22
PHC-DST-C2-02,2025-01-02,1.32,22.68,2.47
PHC-DST-C2-02,2025-01-03,,23.1,1.68
PHC-DST-C2-02,2025-01-04,2.37,21.63,4.43
PHC-DST-C2-02,2025-01-05,3.08,20.92,5.76
PHC-DST-C2-02,2025-01-06,2.6,21.4,4.86
PHC-DST-C2-02,2025-01-07,2.05,21.95,3.83
PHC-DST-C2-02,2025-01-08,1.32,22.68,2.47
PHC-DST-C2-02,2025-01-09,1.58,22.42,2.95
PHC-DST-C2-02,2025-01-10,2.59,21.41,4.84
PHC-DST-C2-02,2025-01-11,0.09,23.91,0.17
PHC-DST-C2-02,2025-01-12,1.53,22.47,2.86
PHC-DST-C2-02,2025-01-13,2.35,21.65,4.39
PHC-DST-C2-02,2025-01-14,0.95,23.05,1.78
PHC-DST-C2-02,2025-01-15,2.12,21.88,3.96
PHC-DST-C2-02,2025-01-16,2.08,21.92,3.89
PHC-DST-C2-02,2025-01-17,0.71,23.29,1.33
PHC-DST-C2-02,2025-01-18,1.87,22.13,3.5
PHC-DST-C2-02,2025-01-19,1.34,22.66,2.51
PHC-DST-C2-02,2025-01-20,2.11,21.89,3.95
PHC-DST-C2-02,2025-01-21,2.3,21.7,4.3
PHC-DST-C2-02,2025-01-22,2.1,21.9,3.93
PHC-DST-C2-02,2025-01-23,1.85,22.15,3.46
PHC-DST-C2-02,2025-01-24,2.02,21.98,3.78
PHC-DST-C2-02,2025-01-25,0.92,23.08,1.72
PHC-DST-C2-02,2025-01-26,1.78,22.22,3.33
PHC-DST-C2-02,2025-01-27,1.2,22.8,2.24
PHC-DST-C2-02,2025-01-28,2.57,21.43,4.81
PHC-DST-C2-02,2025-01-29,2.31,21.69,4.32
PHC-DST-C2-02,2025-01-30,2.31,21.69,4.32
PHC-DST-C2-02,2025-01-31,3.09,20.91,5.78
PHC-DST-C2-02,2025-02-01,1.55,22.45,2.9
PHC-DST-C2-02,2025-02-02,1.39,22.61,2.6
PHC-DST-C2-02,2025-02-03,1.53,22.47,2.86
PHC-DST-C2-02,2025-02-04,0.6,23.4,1.12
PHC-DST-C2-02,2025-02-05,0.66,23.34,1.23
PHC-DST-C2-02,2025-02-06,2.27,21.73,4.24
PHC-DST-C2-02,2025-02-07,0.75,23.25,1.4
PHC-DST-C2-02,2025-02-08,0.99,23.01,1.85
PHC-DST-C2-02,2025-02-09,1.72,22.28,3.22
PHC-DST-C2-02,2025-02-10,1.49,22.51,2.79
PHC-DST-C2-02,2025-02-11,2.46,21.54,4.6
PHC-DST-C2-02,2025-02-12,1.85,22.15,3.46
PHC-DST-C2-02,2025-02-13,1.2,22.8,2.24
PHC-DST-C2-02,2025-02-14,2.53,21.47,4.73
PHC-DST-C2-02,2025-02-15,,21.65,4.39
PHC-DST-C2-02,2025-02-16,0.74,23.26,1.38
PHC-DST-C2-02,2025-02-17,1.99,22.01,3.72
PHC-DST-C2-02,2025-02-18,1.26,22.74,2.36
PHC-DST-C2-02,2025-02-19,1.24,22.76,2.32
PHC-DST-C2-02,2025-02-20,3.2,20.8,5.98
PHC-DST-C2-02,2025-02-21,1.89,22.11,3.53
PHC-DST-C2-02,2025-02-22,1.64,22.36,3.07
PHC-DST-C2-02,2025-02-23,1.86,22.14,3.48
PHC-DST-C2-02,2025-02-24,2.46,21.54,4.6
PHC-DST-C2-02,2025-02-25,1.27,22.73,2.37
PHC-DST-C2-02,2025-02-26,1.4,22.6,2.62
PHC-DST-C2-02,2025-02-27,2.29,21.71,4.28
PHC-DST-C2-02,2025-02-28,0.66,23.34,1.23
PHC-DST-C2-02,2025-03-01,2.54,21.46,4.75
PHC-DST-C2-02,2025-03-02,0.6,23.4,1.12
PHC-DST-C2-02,2025-03-03,1.62,22.38,3.03
PHC-DST-C2-02,2025-03-04,0.6,23.4,1.12
PHC-DST-C2-02,2025-03-05,1.01,22.99,1.89
PHC-DST-C2-02,2025-03-06,2.77,21.23,5.18
PHC-DST-C2-02,2025-03-07,2.58,21.42,4.82
PHC-DST-C2-02,2025-03-08,2.66,21.34,4.97
PHC-DST-C2-02,2025-03-09,0.71,23.29,1.33
PHC-DST-C2-02,2025-03-10,1.01,22.99,1.89
PHC-DST-C2-02,2025-03-11,2.05,21.95,3.83
PHC-DST-C2-02,2025-03-12,2.34,21.66,4.38
PHC-DST-C2-02,2025-03-13,1.2,22.8,2.24
PHC-DST-C2-02,2025-03-14,1.37,22.63,2.56
PHC-DST-C2-02,2025-03-15,0.95,23.05,1.78
PHC-DST-C2-02,2025-03-16,3.04,20.96,5.68
PHC-DST-C2-02,2025-03-17,1.44,22.56,2.69
PHC-DST-C2-02,2025-03-18,1.82,22.18,3.4
PHC-DST-C2-02,2025-03-19,1.86,22.14,3.48
PHC-DST-C2-02,2025-03-20,2.63,21.37,4.92
PHC-DST-C2-02,2025-03-21,1.09,22.91,2.04
PHC-DST-C2-02,2025-03-22,2.68,21.32,5.01
PHC-DST-C2-02,2025-03-23,0.84,23.16,1.57
PHC-DST-C2-02,2025-03-24,2.67,21.33,4.99
PHC-DST-C2-02,2025-03-25,0.51,23.49,0.95
PHC-DST-C2-02,2025-03-26,1.72,22.28,3.22
PHC-DST-C2-02,2025-03-27,3.02,20.98,5.65
PHC-DST-C2-02,2025-03-28,2.32,21.68,4.34
PHC-DST-C2-02,2025-03-29,2.12,21.88,3.96
PHC-DST-C2-02,2025-03-30,1.01,22.99,1.89
PHC-DST-C2-02,2025-03-31,1.25,22.75,2.34
PHC-DST-C2-02,2025-04-01,2.81,21.19,5.25
PHC-DST-C2-02,2025-04-02,2.15,21.85,4.02
PHC-DST-C2-02,2025-04-03,2.47,21.53,4.62
PHC-DST-C2-02,2025-04-04,1.86,22.14,3.48
PHC-DST-C2-02,2025-04-05,1.59,22.41,2.97
PHC-DST-C2-02,2025-04-06,2.37,21.63,4.43
PHC-DST-C2-02,2025-04-07,1.99,22.01,3.72
PHC-DST-C2-02,2025-04-08,1.67,22.33,3.12
PHC-DST-C2-02,2025-04-09,0.74,23.26,1.38
PHC-DST-C2-02,2025-04-10,2.52,21.48,4.71
PHC-DST-C2-02,2025-04-11,2.13,21.87,3.98
PHC-DST-C2-02,2025-04-12,1.35,22.65,2.52
PHC-DST-C2-02,2025-04-13,2.68,21.32,5.01
PHC-DST-C2-02,2025-04-14,1.98,22.02,3.7
PHC-DST-C2-02,2025-04-15,2.0,22.0,3.74
PHC-DST-C2-02,2025-04-16,2.46,21.54,4.6
PHC-DST-C2-02,2025-04-17,2.3,21.7,4.3
PHC-DST-C2-02,2025-04-18,2.02,21.98,3.78
PHC-DST-C2-02,2025-04-19,1.66,22.34,3.1
PHC-DST-C2-02,2025-04-20,3.29,20.71,6.15
PHC-DST-C2-02,2025-04-21,1.25,22.75,2.34
PHC-DST-C2-02,2025-04-22,2.36,21.64,4.41
PHC-DST-C2-02,2025-04-23,1.74,22.26,3.25
PHC-DST-C2-02,2025-04-24,2.14,21.86,4.0
PHC-DST-C2-02,2025-04-25,2.73,21.27,5.11
PHC-DST-C2-02,2025-04-26,1.57,22.43,2.94
PHC-DST-C2-02,2025-04-27,2.25,21.75,4.21
PHC-DST-C2-02,2025-04-28,2.0,22.0,3.74
PHC-DST-C2-02,2025-04-29,1.32,22.68,2.47
PHC-DST-C2-02,2025-04-30,2.74,21.26,5.12
PHC-DST-C2-02,2025-05-01,2.33,21.67,4.36
PHC-DST-C2-02,2025-05-02,1.47,22.53,2.75
PHC-DST-C2-02,2025-05-03,2.63,21.37,4.92
PHC-DST-C2-02,2025-05-04,1.18,22.82,2.21
PHC-DST-C2-02,2025-05-05,1.78,22.22,3.33
PHC-DST-C2-02,2025-05-06,1.48,,2.77
PHC-DST-C2-02,2025-05-07,,21.64,4.41
PHC-DST-C2-02,2025-05-08,1.44,22.56,2.69
PHC-DST-C2-02,2025-05-09,2.37,21.63,4.43
PHC-DST-C2-02,2025-05-10,2.25,21.75,4.21
PHC-DST-C2-02,2025-05-11,1.52,22.48,2.84
PHC-DST-C2-02,2025-05-12,3.17,20.83,5.93
PHC-DST-C2-02,2025-05-13,1.24,22.76,2.32
PHC-DST-C2-02,2025-05-14,0.74,23.26,1.38
PHC-DST-C2-02,2025-05-15,2.44,21.56,4.56
PHC-DST-C2-02,2025-05-16,0.19,23.81,0.36
PHC-DST-C2-02,2025-05-17,2.92,21.08,5.46
PHC-DST-C2-02,2025-05-18,1.88,22.12,3.52
PHC-DST-C2-02,2025-05-19,0.73,23.27,1.37
PHC-DST-C2-02,2025-05-20,1.09,22.91,2.04
PHC-DST-C2-02,2025-05-21,0.57,23.43,1.07
PHC-DST-C2-02,2025-05-22,2.09,21.91,3.91
PHC-DST-C2-02,2025-05-23,0.8,23.2,1.5
PHC-DST-C2-02,2025-05-24,2.18,21.82,4.08
PHC-DST-C2-02,2025-05-25,1.57,22.43,2.94
PHC-DST-C2-02,2025-05-26,1.44,22.56,2.69
PHC-DST-C2-02,2025-05-27,2.18,21.82,4.08
PHC-DST-C2-02,2025-05-28,2.27,21.73,4.24
PHC-DST-C2-02,2025-05-29,2.66,21.34,4.97
PHC-DST-C2-02,2025-05-30,1.32,22.68,2.47
PHC-DST-C2-02,2025-05-31,1.78,22.22,3.33
PHC-DST-C2-02,2025-06-01,1.32,22.68,2.47
PHC-DST-C2-02,2025-06-02,,22.08,3.59
PHC-DST-C2-02,2025-06-03,1.22,22.78,2.28
PHC-DST-C2-02,2025-06-04,1.48,22.52,2.77
PHC-DST-C2-02,2025-06-05,1.49,22.51,2.79
PHC-DST-C2-02,2025-06-06,2.02,21.98,3.78
PHC-DST-C2-02,2025-06-07,1.8,22.2,3.37
PHC-DST-C2-02,2025-06-08,2.18,21.82,4.08
PHC-DST-C2-02,2025-06-09,1.72,22.28,3.22
PHC-DST-C2-02,2025-06-10,1.37,22.63,2.56
PHC-DST-C2-02,2025-06-11,1.94,22.06,3.63
PHC-DST-C2-02,2025-06-12,1.11,22.89,2.08
PHC-DST-C2-02,2025-06-13,2.23,21.77,4.17
PHC-DST-C2-02,2025-06-14,1.59,22.41,2.97
PHC-DST-C2-02,2025-06-15,1.95,22.05,3.65
PHC-DST-C2-02,2025-06-16,1.97,22.03,3.68
PHC-DST-C2-02,2025-06-17,3.0,21.0,5.61
PHC-DST-C2-02,2025-06-18,2.09,21.91,3.91
PHC-DST-C2-02,2025-06-19,1.85,22.15,3.46
PHC-DST-C2-02,2025-06-20,1.28,22.72,2.39
PHC-DST-C2-02,2025-06-21,2.4,21.6,4.49
PHC-DST-C2-02,2025-06-22,1.6,22.4,2.99
PHC-DST-C2-02,2025-06-23,0.66,23.34,1.23
PHC-DST-C2-02,2025-06-24,1.65,22.35,3.09
PHC-DST-C2-02,2025-06-25,1.94,22.06,3.63
PHC-DST-C2-02,2025-06-26,1.19,22.81,2.23
PHC-DST-C2-02,2025-06-27,1.71,22.29,3.2
PHC-DST-C2-02,2025-06-28,1.75,22.25,3.27
PHC-DST-C2-02,2025-06-29,1.76,22.24,3.29
PHC-DST-C2-02,2025-06-30,2.73,21.27,5.11
PHC-DST-C2-03,2024-01-01,0.82,23.18,1.53
PHC-DST-C2-03,2024-01-02,3.33,20.67,6.23
PHC-DST-C2-03,2024-01-03,1.78,22.22,3.33
PHC-DST-C2-03,2024-01-04,2.24,21.76,4.19
PHC-DST-C2-03,2024-01-05,1.9,22.1,3.55
PHC-DST-C2-03,2024-01-06,0.51,23.49,0.95
PHC-DST-C2-03,2024-01-07,1.01,22.99,1.89
PHC-DST-C2-03,2024-01-08,1.41,22.59,2.64
PHC-DST-C2-03,2024-01-09,2.55,21.45,4.77
PHC-DST-C2-03,2024-01-10,0.76,23.24,1.42
PHC-DST-C2-03,2024-01-11,1.16,22.84,2.17
PHC-DST-C2-03,2024-01-12,1.92,22.08,3.59
PHC-DST-C2-03,2024-01-13,2.15,21.85,4.02
PHC-DST-C2-03,2024-01-14,2.13,21.87,3.98
PHC-DST-C2-03,2024-01-15,1.06,22.94,1.98
PHC-DST-C2-03,2024-01-16,0.6,23.4,1.12
PHC-DST-C2-03,2024-01-17,2.2,21.8,4.11
PHC-DST-C2-03,2024-01-18,2.87,21.13,5.37
PHC-DST-C2-03,2024-01-19,1.54,22.46,2.88
PHC-DST-C2-03,2024-01-20,0.94,23.06,1.76
PHC-DST-C2-03,2024-01-21,1.48,22.52,2.77
PHC-DST-C2-03,2024-01-22,2.1,21.9,3.93
PHC-DST-C2-03,2024-01-23,1.63,22.37,3.05
PHC-DST-C2-03,2024-01-24,2.86,21.14,5.35
PHC-DST-C2-03,2024-01-25,2.49,21.51,4.66
PHC-DST-C2-03,2024-01-26,1.94,22.06,3.63
PHC-DST-C2-03,2024-01-27,0.33,23.67,0.62
PHC-DST-C2-03,2024-01-28,1.28,22.72,2.39
PHC-DST-C2-03,2024-01-29,1.39,22.61,2.6
PHC-DST-C2-03,2024-01-30,1.24,22.76,2.32
PHC-DST-C2-03,2024-01-31,1.94,22.06,3.63
PHC-DST-C2-03,2024-02-01,1.96,22.04,3.67
PHC-DST-C2-03,2024-02-02,0.54,23.46,1.01
PHC-DST-C2-03,2024-02-03,2.4,21.6,4.49
PHC-DST-C2-03,2024-02-04,1.81,22.19,3.38
PHC-DST-C2-03,2024-02-05,2.07,21.93,3.87
PHC-DST-C2-03,2024-02-06,2.36,21.64,4.41
PHC-DST-C2-03,2024-02-07,1.22,22.78,2.28
PHC-DST-C2-03,2024-02-08,2.74,21.26,5.12
PHC-DST-C2-03,2024-02-09,1.69,22.31,3.16
PHC-DST-C2-03,2024-02-10,2.93,21.07,5.48
PHC-DST-C2-03,2024-02-11,1.13,22.87,2.11
PHC-DST-C2-03,2024-02-12,2.88,21.12,5.39
PHC-DST-C2-03,2024-02-13,1.12,22.88,2.09
PHC-DST-C2-03,2024-02-14,3.71,20.29,6.94
PHC-DST-C2-03,2024-02-15,1.09,22.91,2.04
PHC-DST-C2-03,2024-02-16,2.59,21.41,4.84
PHC-DST-C2-03,2024-02-17,1.53,22.47,2.86
PHC-DST-C2-03,2024-02-18,,21.66,4.38
PHC-DST-C2-03,2024-02-19,1.77,22.23,3.31
PHC-DST-C2-03,2024-02-20,0.98,23.02,1.83
PHC-DST-C2-03,2024-02-21,0.0,24.0,0.0
PHC-DST-C2-03,2024-02-22,3.68,20.32,6.88
PHC-DST-C2-03,2024-02-23,1.85,22.15,3.46
PHC-DST-C2-03,2024-02-24,0.0,24.0,0.0
PHC-DST-C2-03,2024-02-25,2.03,21.97,3.8
PHC-DST-C2-03,2024-02-26,2.32,21.68,4.34
PHC-DST-C2-03,2024-02-27,1.26,22.74,2.36
PHC-DST-C2-03,2024-02-28,1.27,22.73,2.37
PHC-DST-C2-03,2024-02-29,1.79,22.21,3.35
PHC-DST-C2-03,2024-03-01,2.7,21.3,5.05
PHC-DST-C2-03,2024-03-02,1.87,22.13,3.5
PHC-DST-C2-03,2024-03-03,2.9,21.1,5.42
PHC-DST-C2-03,2024-03-04,2.65,21.35,4.96
PHC-DST-C2-03,2024-03-05,1.63,22.37,3.05
PHC-DST-C2-03,2024-03-06,0.62,23.38,1.16
PHC-DST-C2-03,2024-03-07,1.63,22.37,3.05
PHC-DST-C2-03,2024-03-08,2.19,21.81,4.1
PHC-DST-C2-03,2024-03-09,1.84,22.16,3.44
PHC-DST-C2-03,2024-03-10,2.28,21.72,4.26
PHC-DST-C2-03,2024-03-11,2.45,21.55,4.58
PHC-DST-C2-03,2024-03-12,2.2,21.8,4.11
PHC-DST-C2-03,2024-03-13,1.59,22.41,2.97
PHC-DST-C2-03,2024-03-14,2.19,21.81,4.1
PHC-DST-C2-03,2024-03-15,,20.52,6.51
PHC-DST-C2-03,2024-03-16,0.68,,1.27
PHC-DST-C2-03,2024-03-17,2.17,21.83,4.06
PHC-DST-C2-03,2024-03-18,3.17,20.83,5.93
PHC-DST-C2-03,2024-03-19,0.92,23.08,1.72
PHC-DST-C2-03,2024-03-20,2.55,21.45,4.77
PHC-DST-C2-03,2024-03-21,2.65,21.35,4.96
PHC-DST-C2-03,2024-03-22,0.69,23.31,1.29
PHC-DST-C2-03,2024-03-23,2.33,21.67,4.36
PHC-DST-C2-03,2024-03-24,1.6,22.4,2.99
PHC-DST-C2-03,2024-03-25,1.75,22.25,3.27
PHC-DST-C2-03,2024-03-26,1.56,22.44,2.92
PHC-DST-C2-03,2024-03-27,2.78,21.22,5.2
PHC-DST-C2-03,2024-03-28,1.72,22.28,3.22
PHC-DST-C2-03,2024-03-29,1.45,22.55,2.71
PHC-DST-C2-03,2024-03-30,1.47,22.53,2.75
PHC-DST-C2-03,2024-03-31,1.54,22.46,2.88
PHC-DST-C2-03,2024-04-01,0.99,23.01,1.85
PHC-DST-C2-03,2024-04-02,1.45,22.55,2.71
PHC-DST-C2-03,2024-04-03,1.89,22.11,3.53
PHC-DST-C2-03,2024-04-04,2.1,21.9,3.93
PHC-DST-C2-03,2024-04-05,2.7,21.3,5.05
PHC-DST-C2-03,2024-04-06,1.98,22.02,3.7
PHC-DST-C2-03,2024-04-07,1.44,22.56,2.69
PHC-DST-C2-03,2024-04-08,1.04,22.96,1.94
PHC-DST-C2-03,2024-04-09,2.02,21.98,3.78
PHC-DST-C2-03,2024-04-10,1.71,22.29,3.2
PHC-DST-C2-03,2024-04-11,1.74,22.26,3.25
PHC-DST-C2-03,2024-04-12,2.0,22.0,3.74
PHC-DST-C2-03,2024-04-13,,21.81,4.1
PHC-DST-C2-03,2024-04-14,2.0,22.0,3.74
PHC-DST-C2-03,2024-04-15,1.67,22.33,3.12
PHC-DST-C2-03,2024-04-16,1.2,22.8,2.24
PHC-DST-C2-03,2024-04-17,1.34,22.66,2.51
PHC-DST-C2-03,2024-04-18,2.44,21.56,4.56
PHC-DST-C2-03,2024-04-19,1.48,22.52,2.77
PHC-DST-C2-03,2024-04-20,0.79,23.21,1.48
PHC-DST-C2-03,2024-04-21,2.67,21.33,4.99
PHC-DST-C2-03,2024-04-22,1.09,22.91,2.04
PHC-DST-C2-03,2024-04-23,1.83,22.17,3.42
PHC-DST-C2-03,2024-04-24,2.17,21.83,4.06
PHC-DST-C2-03,2024-04-25,1.8,22.2,3.37
PHC-DST-C2-03,2024-04-26,0.0,24.0,0.0
PHC-DST-C2-03,2024-04-27,2.09,21.91,3.91
PHC-DST-C2-03,2024-04-28,2.79,21.21,5.22
PHC-DST-C2-03,2024-04-29,2.39,21.61,4.47
PHC-DST-C2-03,2024-04-30,0.21,23.79,0.39
PHC-DST-C2-03,2024-05-01,3.4,20.6,6.36
PHC-DST-C2-03,2024-05-02,0.81,23.19,1.51
PHC-DST-C2-03,2024-05-03,0.99,23.01,1.85
PHC-DST-C2-03,2024-05-04,2.39,21.61,4.47
PHC-DST-C2-03,2024-05-05,2.14,21.86,4.0
PHC-DST-C2-03,2024-05-06,1.86,22.14,3.48
PHC-DST-C2-03,2024-05-07,1.37,22.63,2.56
PHC-DST-C2-03,2024-05-08,2.8,21.2,5.24
PHC-DST-C2-03,2024-05-09,1.77,22.23,3.31
PHC-DST-C2-03,2024-05-10,0.63,23.37,1.18
PHC-DST-C2-03,2024-05-11,2.72,21.28,5.09
PHC-DST-C2-03,2024-05-12,1.96,22.04,3.67
PHC-DST-C2-03,2024-05-13,2.64,21.36,4.94
PHC-DST-C2-03,2024-05-14,2.23,21.77,4.17
PHC-DST-C2-03,2024-05-15,3.59,20.41,6.71
PHC-DST-C2-03,2024-05-16,1.57,22.43,2.94
PHC-DST-C2-03,2024-05-17,1.81,22.19,3.38
PHC-DST-C2-03,2024-05-18,2.34,21.66,4.38
PHC-DST-C2-03,2024-05-19,1.57,22.43,2.94
PHC-DST-C2-03,2024-05-20,2.4,21.6,4.49
PHC-DST-C2-03,2024-05-21,0.0,24.0,0.0
PHC-DST-C2-03,2024-05-22,1.75,22.25,3.27
PHC-DST-C2-03,2024-05-23,1.72,22.28,3.22
PHC-DST-C2-03,2024-05-24,1.7,22.3,3.18
PHC-DST-C2-03,2024-05-25,1.14,22.86,2.13
PHC-DST-C2-03,2024-05-26,2.48,21.52,4.64
PHC-DST-C2-03,2024-05-27,1.42,22.58,2.66
PHC-DST-C2-03,2024-05-28,1.95,22.05,3.65
PHC-DST-C2-03,2024-05-29,1.77,22.23,3.31
PHC-DST-C2-03,2024-05-30,2.18,21.82,4.08
PHC-DST-C2-03,2024-05-31,2.87,21.13,5.37
PHC-DST-C2-03,2024-06-01,1.95,22.05,3.65
PHC-DST-C2-03,2024-06-02,2.43,21.57,4.54
PHC-DST-C2-03,2024-06-03,1.91,22.09,3.57
PHC-DST-C2-03,2024-06-04,1.42,22.58,2.66
PHC-DST-C2-03,2024-06-05,1.69,22.31,3.16
PHC-DST-C2-03,2024-06-06,1.59,22.41,2.97
PHC-DST-C2-03,2024-06-07,2.23,21.77,4.17
PHC-DST-C2-03,2024-06-08,1.88,22.12,3.52
PHC-DST-C2-03,2024-06-09,1.2,22.8,2.24
PHC-DST-C2-03,2024-06-10,1.63,22.37,3.05
PHC-DST-C2-03,2024-06-11,0.66,23.34,1.23
PHC-DST-C2-03,2024-06-12,1.66,22.34,3.1
PHC-DST-C2-03,2024-06-13,1.8,22.2,3.37
PHC-DST-C2-03,2024-06-14,3.16,20.84,5.91
PHC-DST-C2-03,2024-06-15,2.81,21.19,5.25
PHC-DST-C2-03,2024-06-16,1.02,22.98,1.91
PHC-DST-C2-03,2024-06-17,1.95,22.05,3.65
PHC-DST-C2-03,2024-06-18,1.96,22.04,3.67
PHC-DST-C2-03,2024-06-19,1.63,22.37,3.05
PHC-DST-C2-03,2024-06-20,1.67,22.33,3.12
PHC-DST-C2-03,2024-06-21,1.53,22.47,2.86
PHC-DST-C2-03,2024-06-22,3.2,20.8,5.98
PHC-DST-C2-03,2024-06-23,1.49,22.51,2.79
PHC-DST-C2-03,2024-06-24,2.06,21.94,3.85
PHC-DST-C2-03,2024-06-25,0.0,24.0,0.0
PHC-DST-C2-03,2024-06-26,2.42,21.58,4.53
PHC-DST-C2-03,2024-06-27,2.69,21.31,5.03
PHC-DST-C2-03,2024-06-28,1.01,22.99,1.89
PHC-DST-C2-03,2024-06-29,1.42,22.58,2.66
PHC-DST-C2-03,2024-06-30,2.14,21.86,4.0
PHC-DST-C2-03,2024-07-01,1.81,22.19,3.38
PHC-DST-C2-03,2024-07-02,2.15,21.85,4.02
PHC-DST-C2-03,2024-07-03,1.58,22.42,2.95
PHC-DST-C2-03,2024-07-04,3.2,20.8,5.98
PHC-DST-C2-03,2024-07-05,1.3,22.7,2.43
PHC-DST-C2-03,2024-07-06,3.82,20.18,7.14
PHC-DST-C2-03,2024-07-07,2.73,21.27,5.11
PHC-DST-C2-03,2024-07-08,2.42,21.58,4.53
PHC-DST-C2-03,2024-07-09,1.02,22.98,1.91
PHC-DST-C2-03,2024-07-10,2.48,21.52,4.64
PHC-DST-C2-03,2024-07-11,2.25,21.75,4.21
PHC-DST-C2-03,2024-07-12,0.21,23.79,0.39
PHC-DST-C2-03,2024-07-13,0.75,23.25,1.4
PHC-DST-C2-03,2024-07-14,2.07,21.93,3.87
PHC-DST-C2-03,2024-07-15,1.7,22.3,3.18
PHC-DST-C2-03,2024-07-16,1.41,22.59,2.64
PHC-DST-C2-03,2024-07-17,2.61,21.39,4.88
PHC-DST-C2-03,2024-07-18,1.14,22.86,2.13
PHC-DST-C2-03,2024-07-19,1.46,22.54,2.73
PHC-DST-C2-03,2024-07-20,1.31,22.69,2.45
PHC-DST-C2-03,2024-07-21,2.18,21.82,4.08
PHC-DST-C2-03,2024-07-22,0.51,23.49,0.95
PHC-DST-C2-03,2024-07-23,1.43,22.57,2.67
PHC-DST-C2-03,2024-07-24,,23.49,0.95
PHC-DST-C2-03,2024-07-25,1.57,22.43,2.94
PHC-DST-C2-03,2024-07-26,2.34,21.66,4.38
PHC-DST-C2-03,2024-07-27,2.36,21.64,4.41
PHC-DST-C2-03,2024-07-28,1.25,22.75,2.34
PHC-DST-C2-03,2024-07-29,2.2,21.8,4.11
PHC-DST-C2-03,2024-07-30,1.66,22.34,3.1
PHC-DST-C2-03,2024-07-31,2.82,21.18,5.27
PHC-DST-C2-03,2024-08-01,1.7,22.3,3.18
PHC-DST-C2-03,2024-08-02,,24.0,0.0
PHC-DST-C2-03,2024-08-03,2.47,21.53,4.62
PHC-DST-C2-03,2024-08-04,1.46,22.54,2.73
PHC-DST-C2-03,2024-08-05,1.59,22.41,2.97
PHC-DST-C2-03,2024-08-06,2.05,,3.83
PHC-DST-C2-03,2024-08-07,0.73,23.27,1.37
PHC-DST-C2-03,2024-08-08,1.86,22.14,3.48
PHC-DST-C2-03,2024-08-09,2.2,,4.11
PHC-DST-C2-03,2024-08-10,2.07,21.93,3.87
PHC-DST-C2-03,2024-08-11,1.35,22.65,2.52
PHC-DST-C2-03,2024-08-12,2.54,21.46,4.75
PHC-DST-C2-03,2024-08-13,1.05,22.95,1.96
PHC-DST-C2-03,2024-08-14,7.53,16.47,14.08
PHC-DST-C2-03,2024-08-15,2.02,21.98,3.78
PHC-DST-C2-03,2024-08-16,1.56,22.44,2.92
PHC-DST-C2-03,2024-08-17,2.72,21.28,5.09
PHC-DST-C2-03,2024-08-18,2.02,21.98,3.78
PHC-DST-C2-03,2024-08-19,1.86,22.14,3.48
PHC-DST-C2-03,2024-08-20,2.0,22.0,3.74
PHC-DST-C2-03,2024-08-21,2.35,21.65,4.39
PHC-DST-C2-03,2024-08-22,1.98,22.02,3.7
PHC-DST-C2-03,2024-08-23,0.44,23.56,0.82
PHC-DST-C2-03,2024-08-24,2.62,21.38,4.9
PHC-DST-C2-03,2024-08-25,1.89,22.11,3.53
PHC-DST-C2-03,2024-08-26,2.31,21.69,4.32
PHC-DST-C2-03,2024-08-27,1.5,22.5,2.81
PHC-DST-C2-03,2024-08-28,0.43,23.57,0.8
PHC-DST-C2-03,2024-08-29,0.09,23.91,0.17
PHC-DST-C2-03,2024-08-30,1.09,22.91,2.04
PHC-DST-C2-03,2024-08-31,2.19,21.81,4.1
PHC-DST-C2-03,2024-09-01,,21.23,5.18
PHC-DST-C2-03,2024-09-02,2.03,21.97,3.8
PHC-DST-C2-03,2024-09-03,1.01,22.99,1.89
PHC-DST-C2-03,2024-09-04,1.21,22.79,2.26
PHC-DST-C2-03,2024-09-05,2.82,21.18,5.27
PHC-DST-C2-03,2024-09-06,0.82,23.18,1.53
PHC-DST-C2-03,2024-09-07,3.38,20.62,6.32
PHC-DST-C2-03,2024-09-08,8.96,15.04,16.76
PHC-DST-C2-03,2024-09-09,2.09,21.91,3.91
PHC-DST-C2-03,2024-09-10,1.54,22.46,2.88
PHC-DST-C2-03,2024-09-11,2.07,21.93,3.87
PHC-DST-C2-03,2024-09-12,2.48,21.52,4.64
PHC-DST-C2-03,2024-09-13,1.31,22.69,2.45
PHC-DST-C2-03,2024-09-14,0.97,23.03,1.81
PHC-DST-C2-03,2024-09-15,1.59,22.41,2.97
PHC-DST-C2-03,2024-09-16,1.22,22.78,2.28
PHC-DST-C2-03,2024-09-17,2.73,21.27,5.11
PHC-DST-C2-03,2024-09-18,1.34,22.66,2.51
PHC-DST-C2-03,2024-09-19,1.87,22.13,3.5
PHC-DST-C2-03,2024-09-20,2.54,21.46,4.75
PHC-DST-C2-03,2024-09-21,2.76,21.24,5.16
PHC-DST-C2-03,2024-09-22,1.96,22.04,3.67
PHC-DST-C2-03,2024-09-23,2.09,21.91,3.91
PHC-DST-C2-03,2024-09-24,1.04,22.96,1.94
PHC-DST-C2-03,2024-09-25,2.57,21.43,4.81
PHC-DST-C2-03,2024-09-26,2.75,21.25,5.14
PHC-DST-C2-03,2024-09-27,0.4,23.6,0.75
PHC-DST-C2-03,2024-09-28,3.12,20.88,5.83
PHC-DST-C2-03,2024-09-29,1.27,22.73,2.37
PHC-DST-C2-03,2024-09-30,2.25,21.75,4.21
PHC-DST-C2-03,2024-10-01,1.86,22.14,3.48
PHC-DST-C2-03,2024-10-02,1.75,22.25,3.27
PHC-DST-C2-03,2024-10-03,1.65,22.35,3.09
PHC-DST-C2-03,2024-10-04,1.06,22.94,1.98
PHC-DST-C2-03,2024-10-05,2.19,21.81,4.1
PHC-DST-C2-03,2024-10-06,1.59,22.41,2.97
PHC-DST-C2-03,2024-10-07,0.82,23.18,1.53
PHC-DST-C2-03,2024-10-08,1.02,22.98,1.91
PHC-DST-C2-03,2024-10-09,0.83,23.17,1.55
PHC-DST-C2-03,2024-10-10,1.41,22.59,2.64
PHC-DST-C2-03,2024-10-11,2.16,21.84,4.04
PHC-DST-C2-03,2024-10-12,1.27,22.73,2.37
PHC-DST-C2-03,2024-10-13,,21.47,4.73
PHC-DST-C2-03,2024-10-14,1.71,22.29,3.2
PHC-DST-C2-03,2024-10-15,1.58,22.42,2.95
PHC-DST-C2-03,2024-10-16,1.81,22.19,3.38
PHC-DST-C2-03,2024-10-17,2.85,21.15,5.33
PHC-DST-C2-03,2024-10-18,0.77,23.23,1.44
PHC-DST-C2-03,2024-10-19,3.04,20.96,5.68
PHC-DST-C2-03,2024-10-20,2.52,21.48,4.71
PHC-DST-C2-03,2024-10-21,1.78,22.22,3.33
PHC-DST-C2-03,2024-10-22,,21.31,5.03
PHC-DST-C2-03,2024-10-23,1.56,22.44,2.92
PHC-DST-C2-03,2024-10-24,2.01,21.99,3.76
PHC-DST-C2-03,2024-10-25,1.39,22.61,2.6
PHC-DST-C2-03,2024-10-26,2.52,21.48,4.71
PHC-DST-C2-03,2024-10-27,1.27,22.73,2.37
PHC-DST-C2-03,2024-10-28,1.76,22.24,3.29
PHC-DST-C2-03,2024-10-29,2.31,21.69,4.32
PHC-DST-C2-03,2024-10-30,2.59,21.41,4.84
PHC-DST-C2-03,2024-10-31,1.18,22.82,2.21
PHC-DST-C2-03,2024-11-01,2.36,21.64,4.41
PHC-DST-C2-03,2024-11-02,1.06,22.94,1.98
PHC-DST-C2-03,2024-11-03,0.19,23.81,0.36
PHC-DST-C2-03,2024-11-04,1.24,22.76,2.32
PHC-DST-C2-03,2024-11-05,2.43,21.57,4.54
PHC-DST-C2-03,2024-11-06,1.79,22.21,3.35
PHC-DST-C2-03,2024-11-07,1.4,22.6,2.62
PHC-DST-C2-03,2024-11-08,1.84,22.16,3.44
PHC-DST-C2-03,2024-11-09,1.82,22.18,3.4
PHC-DST-C2-03,2024-11-10,2.27,21.73,4.24
PHC-DST-C2-03,2024-11-11,0.59,23.41,1.1
PHC-DST-C2-03,2024-11-12,1.72,22.28,3.22
PHC-DST-C2-03,2024-11-13,1.89,22.11,3.53
PHC-DST-C2-03,2024-11-14,0.78,23.22,1.46
PHC-DST-C2-03,2024-11-15,0.77,23.23,1.44
PHC-DST-C2-03,2024-11-16,1.53,22.47,2.86
PHC-DST-C2-03,2024-11-17,1.81,22.19,3.38
PHC-DST-C2-03,2024-11-18,1.81,22.19,3.38
PHC-DST-C2-03,2024-11-19,1.38,22.62,2.58
PHC-DST-C2-03,2024-11-20,1.35,22.65,2.52
PHC-DST-C2-03,2024-11-21,1.5,22.5,2.81
PHC-DST-C2-03,2024-11-22,2.02,21.98,3.78
PHC-DST-C2-03,2024-11-23,2.73,21.27,5.11
PHC-DST-C2-03,2024-11-24,0.13,23.87,0.24
PHC-DST-C2-03,2024-11-25,2.27,21.73,4.24
PHC-DST-C2-03,2024-11-26,1.72,22.28,3.22
PHC-DST-C2-03,2024-11-27,2.19,21.81,4.1
PHC-DST-C2-03,2024-11-28,2.69,21.31,5.03
PHC-DST-C2-03,2024-11-29,1.23,22.77,2.3
PHC-DST-C2-03,2024-11-30,2.51,21.49,4.69
PHC-DST-C2-03,2024-12-01,0.86,23.14,1.61
PHC-DST-C2-03,2024-12-02,1.9,22.1,3.55
PHC-DST-C2-03,2024-12-03,1.62,22.38,3.03
PHC-DST-C2-03,2024-12-04,1.83,22.17,3.42
PHC-DST-C2-03,2024-12-05,1.06,22.94,1.98
PHC-DST-C2-03,2024-12-06,2.13,21.87,3.98
PHC-DST-C2-03,2024-12-07,2.99,21.01,5.59
PHC-DST-C2-03,2024-12-08,1.07,22.93,2.0
PHC-DST-C2-03,2024-12-09,1.94,22.06,3.63
PHC-DST-C2-03,2024-12-10,2.44,21.56,4.56
PHC-DST-C2-03,2024-12-11,1.58,22.42,2.95
PHC-DST-C2-03,2024-12-12,2.82,21.18,5.27
PHC-DST-C2-03,2024-12-13,1.48,22.52,2.77
PHC-DST-C2-03,2024-12-14,1.71,22.29,3.2
PHC-DST-C2-03,2024-12-15,1.06,,1.98
PHC-DST-C2-03,2024-12-16,1.89,22.11,3.53
PHC-DST-C2-03,2024-12-17,1.8,22.2,3.37
PHC-DST-C2-03,2024-12-18,2.28,21.72,4.26
PHC-DST-C2-03,2024-12-19,1.32,22.68,2.47
PHC-DST-C2-03,2024-12-20,1.29,22.71,2.41
PHC-DST-C2-03,2024-12-21,2.15,21.85,4.02
PHC-DST-C2-03,2024-12-22,2.85,21.15,5.33
PHC-DST-C2-03,2024-12-23,2.27,21.73,4.24
PHC-DST-C2-03,2024-12-24,3.19,20.81,5.97
PHC-DST-C2-03,2024-12-25,2.22,21.78,4.15
PHC-DST-C2-03,2024-12-26,2.19,21.81,4.1
PHC-DST-C2-03,2024-12-27,2.31,21.69,4.32
PHC-DST-C2-03,2024-12-28,2.92,21.08,5.46
PHC-DST-C2-03,2024-12-29,2.73,21.27,5.11
PHC-DST-C2-03,2024-12-30,0.99,23.01,1.85
PHC-DST-C2-03,2024-12-31,2.4,21.6,4.49
PHC-DST-C2-03,2025-01-01,2.0,22.0,3.74
PHC-DST-C2-03,2025-01-02,1.65,22.35,3.09
PHC-DST-C2-03,2025-01-03,0.47,23.53,0.88
PHC-DST-C2-03,2025-01-04,0.64,23.36,1.2
PHC-DST-C2-03,2025-01-05,1.53,22.47,2.86
PHC-DST-C2-03,2025-01-06,0.7,23.3,1.31
PHC-DST-C2-03,2025-01-07,1.54,22.46,2.88
PHC-DST-C2-03,2025-01-08,2.34,21.66,4.38
PHC-DST-C2-03,2025-01-09,1.36,22.64,2.54
PHC-DST-C2-03,2025-01-10,1.86,22.14,3.48
PHC-DST-C2-03,2025-01-11,1.0,23.0,1.87
PHC-DST-C2-03,2025-01-12,2.02,21.98,3.78
PHC-DST-C2-03,2025-01-13,2.18,21.82,4.08
PHC-DST-C2-03,2025-01-14,0.73,23.27,1.37
PHC-DST-C2-03,2025-01-15,1.24,22.76,2.32
PHC-DST-C2-03,2025-01-16,0.85,23.15,1.59
PHC-DST-C2-03,2025-01-17,2.18,21.82,4.08
PHC-DST-C2-03,2025-01-18,1.92,22.08,3.59
PHC-DST-C2-03,2025-01-19,1.76,22.24,3.29
PHC-DST-C2-03,2025-01-20,1.7,22.3,3.18
PHC-DST-C2-03,2025-01-21,2.04,21.96,3.81
PHC-DST-C2-03,2025-01-22,2.06,21.94,3.85
PHC-DST-C2-03,2025-01-23,1.43,22.57,2.67
PHC-DST-C2-03,2025-01-24,1.32,22.68,2.47
PHC-DST-C2-03,2025-01-25,1.76,22.24,3.29
PHC-DST-C2-03,2025-01-26,,22.34,3.1
PHC-DST-C2-03,2025-01-27,3.35,20.65,6.26
PHC-DST-C2-03,2025-01-28,1.51,22.49,2.82
PHC-DST-C2-03,2025-01-29,2.02,21.98,3.78
PHC-DST-C2-03,2025-01-30,2.15,21.85,4.02
PHC-DST-C2-03,2025-01-31,2.85,21.15,5.33
PHC-DST-C2-03,2025-02-01,,22.81,2.23
PHC-DST-C2-03,2025-02-02,2.8,21.2,5.24
PHC-DST-C2-03,2025-02-03,1.69,22.31,3.16
PHC-DST-C2-03,2025-02-04,3.68,20.32,6.88
PHC-DST-C2-03,2025-02-05,2.07,21.93,3.87
PHC-DST-C2-03,2025-02-06,0.88,23.12,1.65
PHC-DST-C2-03,2025-02-07,1.65,22.35,3.09
PHC-DST-C2-03,2025-02-08,2.8,21.2,5.24
PHC-DST-C2-03,2025-02-09,1.86,22.14,3.48
PHC-DST-C2-03,2025-02-10,1.76,22.24,3.29
PHC-DST-C2-03,2025-02-11,2.34,21.66,4.38
PHC-DST-C2-03,2025-02-12,1.54,22.46,2.88
PHC-DST-C2-03,2025-02-13,1.64,22.36,3.07
PHC-DST-C2-03,2025-02-14,,22.91,2.04
PHC-DST-C2-03,2025-02-15,3.1,20.9,5.8
PHC-DST-C2-03,2025-02-16,0.88,23.12,1.65
PHC-DST-C2-03,2025-02-17,1.93,22.07,3.61
PHC-DST-C2-03,2025-02-18,2.16,21.84,4.04
PHC-DST-C2-03,2025-02-19,1.79,22.21,3.35
PHC-DST-C2-03,2025-02-20,0.86,23.14,1.61
PHC-DST-C2-03,2025-02-21,1.05,22.95,1.96
PHC-DST-C2-03,2025-02-22,2.19,21.81,4.1
PHC-DST-C2-03,2025-02-23,1.22,22.78,2.28
PHC-DST-C2-03,2025-02-24,0.25,23.75,0.47
PHC-DST-C2-03,2025-02-25,2.09,21.91,3.91
PHC-DST-C2-03,2025-02-26,1.15,22.85,2.15
PHC-DST-C2-03,2025-02-27,2.27,21.73,4.24
PHC-DST-C2-03,2025-02-28,1.65,22.35,3.09
PHC-DST-C2-03,2025-03-01,1.61,22.39,3.01
PHC-DST-C2-03,2025-03-02,1.84,22.16,3.44
PHC-DST-C2-03,2025-03-03,0.95,23.05,1.78
PHC-DST-C2-03,2025-03-04,1.18,22.82,2.21
PHC-DST-C2-03,2025-03-05,1.61,22.39,3.01
PHC-DST-C2-03,2025-03-06,0.94,23.06,1.76
PHC-DST-C2-03,2025-03-07,2.34,21.66,4.38
PHC-DST-C2-03,2025-03-08,1.57,22.43,2.94
PHC-DST-C2-03,2025-03-09,0.71,23.29,1.33
PHC-DST-C2-03,2025-03-10,1.38,22.62,2.58
PHC-DST-C2-03,2025-03-11,1.88,22.12,3.52
PHC-DST-C2-03,2025-03-12,1.47,22.53,2.75
PHC-DST-C2-03,2025-03-13,2.1,21.9,3.93
PHC-DST-C2-03,2025-03-14,2.23,21.77,4.17
PHC-DST-C2-03,2025-03-15,3.6,20.4,6.73
PHC-DST-C2-03,2025-03-16,2.66,21.34,4.97
PHC-DST-C2-03,2025-03-17,0.57,23.43,1.07
PHC-DST-C2-03,2025-03-18,1.53,22.47,2.86
PHC-DST-C2-03,2025-03-19,1.6,22.4,2.99
PHC-DST-C2-03,2025-03-20,2.23,21.77,4.17
PHC-DST-C2-03,2025-03-21,1.1,22.9,2.06
PHC-DST-C2-03,2025-03-22,1.4,22.6,2.62
PHC-DST-C2-03,2025-03-23,0.87,23.13,1.63
PHC-DST-C2-03,2025-03-24,1.35,22.65,2.52
PHC-DST-C2-03,2025-03-25,1.38,22.62,2.58
PHC-DST-C2-03,2025-03-26,1.57,22.43,2.94
PHC-DST-C2-03,2025-03-27,0.91,23.09,1.7
PHC-DST-C2-03,2025-03-28,2.54,21.46,4.75
PHC-DST-C2-03,2025-03-29,2.15,21.85,4.02
PHC-DST-C2-03,2025-03-30,0.71,,1.33
PHC-DST-C2-03,2025-03-31,1.82,22.18,3.4
PHC-DST-C2-03,2025-04-01,0.63,23.37,1.18
PHC-DST-C2-03,2025-04-02,2.81,21.19,5.25
PHC-DST-C2-03,2025-04-03,3.01,20.99,5.63
PHC-DST-C2-03,2025-04-04,1.76,22.24,3.29
PHC-DST-C2-03,2025-04-05,1.16,22.84,2.17
PHC-DST-C2-03,2025-04-06,,22.7,2.43
PHC-DST-C2-03,2025-04-07,1.46,22.54,2.73
PHC-DST-C2-03,2025-04-08,1.72,22.28,3.22
PHC-DST-C2-03,2025-04-09,2.83,21.17,5.29
PHC-DST-C2-03,2025-04-10,2.52,21.48,4.71
PHC-DST-C2-03,2025-04-11,2.53,21.47,4.73
PHC-DST-C2-03,2025-04-12,1.93,22.07,3.61
PHC-DST-C2-03,2025-04-13,0.93,23.07,1.74
PHC-DST-C2-03,2025-04-14,1.22,22.78,2.28
PHC-DST-C2-03,2025-04-15,1.85,22.15,3.46
PHC-DST-C2-03,2025-04-16,0.9,23.1,1.68
PHC-DST-C2-03,2025-04-17,2.03,21.97,3.8
PHC-DST-C2-03,2025-04-18,2.4,21.6,4.49
PHC-DST-C2-03,2025-04-19,2.21,21.79,4.13
PHC-DST-C2-03,2025-04-20,2.18,21.82,4.08
PHC-DST-C2-03,2025-04-21,0.4,23.6,0.75
PHC-DST-C2-03,2025-04-22,2.8,21.2,5.24
PHC-DST-C2-03,2025-04-23,0.62,23.38,1.16
PHC-DST-C2-03,2025-04-24,1.69,22.31,3.16
PHC-DST-C2-03,2025-04-25,2.26,21.74,4.23
PHC-DST-C2-03,2025-04-26,2.07,21.93,3.87
PHC-DST-C2-03,2025-04-27,0.84,23.16,1.57
PHC-DST-C2-03,2025-04-28,0.98,23.02,1.83
PHC-DST-C2-03,2025-04-29,2.02,21.98,3.78
PHC-DST-C2-03,2025-04-30,2.18,21.82,4.08
PHC-DST-C2-03,2025-05-01,0.97,23.03,1.81
PHC-DST-C2-03,2025-05-02,2.09,21.91,3.91
PHC-DST-C2-03,2025-05-03,0.66,23.34,1.23
PHC-DST-C2-03,2025-05-04,2.27,21.73,4.24
PHC-DST-C2-03,2025-05-05,1.14,22.86,2.13
PHC-DST-C2-03,2025-05-06,1.86,22.14,3.48
PHC-DST-C2-03,2025-05-07,1.73,22.27,3.24
PHC-DST-C2-03,2025-05-08,2.67,21.33,4.99
PHC-DST-C2-03,2025-05-09,1.98,,3.7
PHC-DST-C2-03,2025-05-10,1.35,22.65,2.52
PHC-DST-C2-03,2025-05-11,2.07,21.93,3.87
PHC-DST-C2-03,2025-05-12,3.41,20.59,6.38
PHC-DST-C2-03,2025-05-13,2.36,21.64,4.41
PHC-DST-C2-03,2025-05-14,1.76,22.24,3.29
PHC-DST-C2-03,2025-05-15,1.17,22.83,2.19
PHC-DST-C2-03,2025-05-16,1.34,22.66,2.51
PHC-DST-C2-03,2025-05-17,2.31,21.69,4.32
PHC-DST-C2-03,2025-05-18,1.14,22.86,2.13
PHC-DST-C2-03,2025-05-19,1.8,22.2,3.37
PHC-DST-C2-03,2025-05-20,2.88,,5.39
PHC-DST-C2-03,2025-05-21,1.91,22.09,3.57
PHC-DST-C2-03,2025-05-22,0.99,23.01,1.85
PHC-DST-C2-03,2025-05-23,3.43,20.57,6.41
PHC-DST-C2-03,2025-05-24,3.12,20.88,5.83
PHC-DST-C2-03,2025-05-25,2.18,21.82,4.08
PHC-DST-C2-03,2025-05-26,2.76,21.24,5.16
PHC-DST-C2-03,2025-05-27,1.6,22.4,2.99
PHC-DST-C2-03,2025-05-28,2.34,21.66,4.38
PHC-DST-C2-03,2025-05-29,1.48,22.52,2.77
PHC-DST-C2-03,2025-05-30,0.78,23.22,1.46
PHC-DST-C2-03,2025-05-31,3.74,20.26,6.99
PHC-DST-C2-03,2025-06-01,0.75,23.25,1.4
PHC-DST-C2-03,2025-06-02,2.02,21.98,3.78
PHC-DST-C2-03,2025-06-03,2.01,21.99,3.76
PHC-DST-C2-03,2025-06-04,2.19,21.81,4.1
PHC-DST-C2-03,2025-06-05,1.73,22.27,3.24
PHC-DST-C2-03,2025-06-06,1.74,22.26,3.25
PHC-DST-C2-03,2025-06-07,1.9,22.1,3.55
PHC-DST-C2-03,2025-06-08,2.16,21.84,4.04
PHC-DST-C2-03,2025-06-09,1.8,22.2,3.37
PHC-DST-C2-03,2025-06-10,1.75,22.25,3.27
PHC-DST-C2-03,2025-06-11,0.81,23.19,1.51
PHC-DST-C2-03,2025-06-12,3.31,20.69,6.19
PHC-DST-C2-03,2025-06-13,2.2,21.8,4.11
PHC-DST-C2-03,2025-06-14,1.96,22.04,3.67
PHC-DST-C2-03,2025-06-15,,22.67,2.49
PHC-DST-C2-03,2025-06-16,1.05,22.95,1.96
PHC-DST-C2-03,2025-06-17,2.44,21.56,4.56
PHC-DST-C2-03,2025-06-18,1.68,22.32,3.14
PHC-DST-C2-03,2025-06-19,,21.73,4.24
PHC-DST-C2-03,2025-06-20,0.79,23.21,1.48
PHC-DST-C2-03,2025-06-21,2.96,21.04,5.54
PHC-DST-C2-03,2025-06-22,2.48,21.52,4.64
PHC-DST-C2-03,2025-06-23,1.74,22.26,3.25
PHC-DST-C2-03,2025-06-24,2.15,21.85,4.02
PHC-DST-C2-03,2025-06-25,2.36,,4.41
PHC-DST-C2-03,2025-06-26,0.8,23.2,1.5
PHC-DST-C2-03,2025-06-27,3.06,20.94,5.72
PHC-DST-C2-03,2025-06-28,2.16,21.84,4.04
PHC-DST-C2-03,2025-06-29,1.27,22.73,2.37
PHC-DST-C2-03,2025-06-30,0.98,23.02,1.83
PHC-DST-C2-04,2024-01-01,2.54,21.46,4.75
PHC-DST-C2-04,2024-01-02,1.96,22.04,3.67
PHC-DST-C2-04,2024-01-03,2.16,21.84,4.04
PHC-DST-C2-04,2024-01-04,1.82,22.18,3.4
PHC-DST-C2-04,2024-01-05,1.05,22.95,1.96
PHC-DST-C2-04,2024-01-06,2.18,21.82,4.08
PHC-DST-C2-04,2024-01-07,1.65,22.35,3.09
PHC-DST-C2-04,2024-01-08,,22.22,3.33
PHC-DST-C2-04,2024-01-09,3.58,20.42,6.69
PHC-DST-C2-04,2024-01-10,2.45,21.55,4.58
PHC-DST-C2-04,2024-01-11,2.5,21.5,4.67
PHC-DST-C2-04,2024-01-12,3.84,20.16,7.18
PHC-DST-C2-04,2024-01-13,2.09,21.91,3.91
PHC-DST-C2-04,2024-01-14,1.89,22.11,3.53
PHC-DST-C2-04,2024-01-15,1.29,22.71,2.41
PHC-DST-C2-04,2024-01-16,1.46,22.54,2.73
PHC-DST-C2-04,2024-01-17,0.26,23.74,0.49
PHC-DST-C2-04,2024-01-18,2.39,21.61,4.47
PHC-DST-C2-04,2024-01-19,0.85,,1.59
PHC-DST-C2-04,2024-01-20,2.48,21.52,4.64
PHC-DST-C2-04,2024-01-21,1.77,22.23,3.31
PHC-DST-C2-04,2024-01-22,1.9,22.1,3.55
PHC-DST-C2-04,2024-01-23,1.77,22.23,3.31
PHC-DST-C2-04,2024-01-24,2.84,21.16,5.31
PHC-DST-C2-04,2024-01-25,2.71,21.29,5.07
PHC-DST-C2-04,2024-01-26,1.78,22.22,3.33
PHC-DST-C2-04,2024-01-27,1.13,22.87,2.11
PHC-DST-C2-04,2024-01-28,2.49,21.51,4.66
PHC-DST-C2-04,2024-01-29,1.07,22.93,2.0
PHC-DST-C2-04,2024-01-30,0.63,23.37,1.18
PHC-DST-C2-04,2024-01-31,2.17,21.83,4.06
PHC-DST-C2-04,2024-02-01,,21.29,5.07
PHC-DST-C2-04,2024-02-02,1.5,22.5,2.81
PHC-DST-C2-04,2024-02-03,2.1,21.9,3.93
PHC-DST-C2-04,2024-02-04,1.49,22.51,2.79
PHC-DST-C2-04,2024-02-05,2.34,21.66,4.38
PHC-DST-C2-04,2024-02-06,2.62,21.38,4.9
PHC-DST-C2-04,2024-02-07,1.6,22.4,2.99
PHC-DST-C2-04,2024-02-08,1.03,22.97,1.93
PHC-DST-C2-04,2024-02-09,0.71,23.29,1.33
PHC-DST-C2-04,2024-02-10,2.49,21.51,4.66
PHC-DST-C2-04,2024-02-11,0.95,23.05,1.78
PHC-DST-C2-04,2024-02-12,2.08,21.92,3.89
PHC-DST-C2-04,2024-02-13,2.38,21.62,4.45
PHC-DST-C2-04,2024-02-14,1.42,22.58,2.66
PHC-DST-C2-04,2024-02-15,1.68,22.32,3.14
PHC-DST-C2-04,2024-02-16,2.55,21.45,4.77
PHC-DST-C2-04,2024-02-17,,22.81,2.23
PHC-DST-C2-04,2024-02-18,1.12,22.88,2.09
PHC-DST-C2-04,2024-02-19,1.62,22.38,3.03
PHC-DST-C2-04,2024-02-20,,21.24,5.16
PHC-DST-C2-04,2024-02-21,3.01,20.99,5.63
PHC-DST-C2-04,2024-02-22,1.73,22.27,3.24
PHC-DST-C2-04,2024-02-23,1.27,22.73,2.37
PHC-DST-C2-04,2024-02-24,2.6,21.4,4.86
PHC-DST-C2-04,2024-02-25,0.55,23.45,1.03
PHC-DST-C2-04,2024-02-26,1.99,22.01,3.72
PHC-DST-C2-04,2024-02-27,1.77,22.23,3.31
PHC-DST-C2-04,2024-02-28,2.77,21.23,5.18
PHC-DST-C2-04,2024-02-29,2.85,21.15,5.33
PHC-DST-C2-04,2024-03-01,1.09,22.91,2.04
PHC-DST-C2-04,2024-03-02,1.93,22.07,3.61
PHC-DST-C2-04,2024-03-03,1.37,22.63,2.56
PHC-DST-C2-04,2024-03-04,1.58,22.42,2.95
PHC-DST-C2-04,2024-03-05,2.26,21.74,4.23
PHC-DST-C2-04,2024-03-06,1.55,22.45,2.9
PHC-DST-C2-04,2024-03-07,1.95,22.05,3.65
PHC-DST-C2-04,2024-03-08,2.52,21.48,4.71
PHC-DST-C2-04,2024-03-09,2.94,21.06,5.5
PHC-DST-C2-04,2024-03-10,2.02,21.98,3.78
PHC-DST-C2-04,2024-03-11,1.89,22.11,3.53
PHC-DST-C2-04,2024-03-12,,23.03,1.81
PHC-DST-C2-04,2024-03-13,2.99,21.01,5.59
PHC-DST-C2-04,2024-03-14,2.17,21.83,4.06
PHC-DST-C2-04,2024-03-15,1.9,22.1,3.55
PHC-DST-C2-04,2024-03-16,1.86,22.14,3.48
PHC-DST-C2-04,2024-03-17,2.07,21.93,3.87
PHC-DST-C2-04,2024-03-18,2.38,21.62,4.45
PHC-DST-C2-04,2024-03-19,,21.53,4.62
PHC-DST-C2-04,2024-03-20,3.01,20.99,5.63
PHC-DST-C2-04,2024-03-21,1.98,22.02,3.7
PHC-DST-C2-04,2024-03-22,3.12,20.88,5.83
PHC-DST-C2-04,2024-03-23,2.59,21.41,4.84
PHC-DST-C2-04,2024-03-24,1.75,22.25,3.27
PHC-DST-C2-04,2024-03-25,0.55,23.45,1.03
PHC-DST-C2-04,2024-03-26,1.86,22.14,3.48
PHC-DST-C2-04,2024-03-27,2.97,21.03,5.55
PHC-DST-C2-04,2024-03-28,1.22,22.78,2.28
PHC-DST-C2-04,2024-03-29,1.86,22.14,3.48
PHC-DST-C2-04,2024-03-30,1.92,22.08,3.59
PHC-DST-C2-04,2024-03-31,2.51,21.49,4.69
PHC-DST-C2-04,2024-04-01,1.51,22.49,2.82
PHC-DST-C2-04,2024-04-02,1.15,22.85,2.15
PHC-DST-C2-04,2024-04-03,2.23,21.77,4.17
PHC-DST-C2-04,2024-04-04,1.24,22.76,2.32
PHC-DST-C2-04,2024-04-05,0.42,23.58,0.79
PHC-DST-C2-04,2024-04-06,3.18,20.82,5.95
PHC-DST-C2-04,2024-04-07,2.5,21.5,4.67
PHC-DST-C2-04,2024-04-08,3.21,20.79,6.0
PHC-DST-C2-04,2024-04-09,2.46,21.54,4.6
PHC-DST-C2-04,2024-04-10,2.31,21.69,4.32
PHC-DST-C2-04,2024-04-11,2.08,21.92,3.89
PHC-DST-C2-04,2024-04-12,1.66,22.34,3.1
PHC-DST-C2-04,2024-04-13,2.18,21.82,4.08
PHC-DST-C2-04,2024-04-14,1.39,22.61,2.6
PHC-DST-C2-04,2024-04-15,1.0,23.0,1.87
PHC-DST-C2-04,2024-04-16,1.55,22.45,2.9
PHC-DST-C2-04,2024-04-17,2.77,21.23,5.18
PHC-DST-C2-04,2024-04-18,0.88,23.12,1.65
PHC-DST-C2-04,2024-04-19,0.89,23.11,1.66
PHC-DST-C2-04,2024-04-20,2.24,21.76,4.19
PHC-DST-C2-04,2024-04-21,1.49,22.51,2.79
PHC-DST-C2-04,2024-04-22,2.16,21.84,4.04
PHC-DST-C2-04,2024-04-23,2.54,21.46,4.75
PHC-DST-C2-04,2024-04-24,2.15,21.85,4.02
PHC-DST-C2-04,2024-04-25,1.33,22.67,2.49
PHC-DST-C2-04,2024-04-26,2.76,21.24,5.16
PHC-DST-C2-04,2024-04-27,2.36,21.64,4.41
PHC-DST-C2-04,2024-04-28,1.82,22.18,3.4
PHC-DST-C2-04,2024-04-29,1.78,22.22,3.33
PHC-DST-C2-04,2024-04-30,2.08,21.92,3.89
PHC-DST-C2-04,2024-05-01,1.57,22.43,2.94
PHC-DST-C2-04,2024-05-02,0.58,23.42,1.08
PHC-DST-C2-04,2024-05-03,2.36,21.64,4.41
PHC-DST-C2-04,2024-05-04,2.32,21.68,4.34
PHC-DST-C2-04,2024-05-05,0.07,23.93,0.13
PHC-DST-C2-04,2024-05-06,2.18,21.82,4.08
PHC-DST-C2-04,2024-05-07,3.12,20.88,5.83
PHC-DST-C2-04,2024-05-08,0.95,23.05,1.78
PHC-DST-C2-04,2024-05-09,1.75,22.25,3.27
PHC-DST-C2-04,2024-05-10,1.66,22.34,3.1
PHC-DST-C2-04,2024-05-11,,20.95,5.7
PHC-DST-C2-04,2024-05-12,2.64,21.36,4.94
PHC-DST-C2-04,2024-05-13,1.14,22.86,2.13
PHC-DST-C2-04,2024-05-14,2.06,21.94,3.85
PHC-DST-C2-04,2024-05-15,3.53,20.47,6.6
PHC-DST-C2-04,2024-05-16,1.33,22.67,2.49
PHC-DST-C2-04,2024-05-17,1.79,22.21,3.35
PHC-DST-C2-04,2024-05-18,,21.81,4.1
PHC-DST-C2-04,2024-05-19,1.34,22.66,2.51
PHC-DST-C2-04,2024-05-20,3.12,20.88,5.83
PHC-DST-C2-04,2024-05-21,1.45,22.55,2.71
PHC-DST-C2-04,2024-05-22,0.76,23.24,1.42
PHC-DST-C2-04,2024-05-23,1.41,22.59,2.64
PHC-DST-C2-04,2024-05-24,2.29,21.71,4.28
PHC-DST-C2-04,2024-05-25,1.2,22.8,2.24
PHC-DST-C2-04,2024-05-26,2.03,21.97,3.8
PHC-DST-C2-04,2024-05-27,2.22,21.78,4.15
PHC-DST-C2-04,2024-05-28,0.89,23.11,1.66
PHC-DST-C2-04,2024-05-29,1.38,22.62,2.58
PHC-DST-C2-04,2024-05-30,2.06,21.94,3.85
PHC-DST-C2-04,2024-05-31,2.33,21.67,4.36
PHC-DST-C2-04,2024-06-01,1.4,22.6,2.62
PHC-DST-C2-04,2024-06-02,1.91,22.09,3.57
PHC-DST-C2-04,2024-06-03,1.59,22.41,2.97
PHC-DST-C2-04,2024-06-04,2.35,21.65,4.39
PHC-DST-C2-04,2024-06-05,2.19,21.81,4.1
PHC-DST-C2-04,2024-06-06,1.52,22.48,2.84
PHC-DST-C2-04,2024-06-07,2.16,21.84,4.04
PHC-DST-C2-04,2024-06-08,1.49,22.51,2.79
PHC-DST-C2-04,2024-06-09,2.14,21.86,4.0
PHC-DST-C2-04,2024-06-10,2.15,21.85,4.02
PHC-DST-C2-04,2024-06-11,3.58,20.42,6.69
PHC-DST-C2-04,2024-06-12,1.55,22.45,2.9
PHC-DST-C2-04,2024-06-13,1.69,22.31,3.16
PHC-DST-C2-04,2024-06-14,1.31,22.69,2.45
PHC-DST-C2-04,2024-06-15,1.03,22.97,1.93
PHC-DST-C2-04,2024-06-16,1.46,22.54,2.73
PHC-DST-C2-04,2024-06-17,2.3,21.7,4.3
PHC-DST-C2-04,2024-06-18,2.35,21.65,4.39
PHC-DST-C2-04,2024-06-19,2.02,21.98,3.78
PHC-DST-C2-04,2024-06-20,1.58,22.42,2.95
PHC-DST-C2-04,2024-06-21,1.43,22.57,2.67
PHC-DST-C2-04,2024-06-22,1.11,22.89,2.08
PHC-DST-C2-04,2024-06-23,1.38,22.62,2.58
PHC-DST-C2-04,2024-06-24,0.83,23.17,1.55
PHC-DST-C2-04,2024-06-25,2.82,21.18,5.27
PHC-DST-C2-04,2024-06-26,3.18,20.82,5.95
PHC-DST-C2-04,2024-06-27,0.35,23.65,0.65
PHC-DST-C2-04,2024-06-28,2.02,21.98,3.78
PHC-DST-C2-04,2024-06-29,2.0,22.0,3.74
PHC-DST-C2-04,2024-06-30,1.96,22.04,3.67
PHC-DST-C2-04,2024-07-01,1.36,22.64,2.54
PHC-DST-C2-04,2024-07-02,2.57,,4.81
PHC-DST-C2-04,2024-07-03,2.11,21.89,3.95
PHC-DST-C2-04,2024-07-04,2.58,21.42,4.82
PHC-DST-C2-04,2024-07-05,1.25,22.75,2.34
PHC-DST-C2-04,2024-07-06,0.76,23.24,1.42
PHC-DST-C2-04,2024-07-07,2.13,21.87,3.98
PHC-DST-C2-04,2024-07-08,1.08,22.92,2.02
PHC-DST-C2-04,2024-07-09,2.59,21.41,4.84
PHC-DST-C2-04,2024-07-10,0.21,23.79,0.39
PHC-DST-C2-04,2024-07-11,1.45,22.55,2.71
PHC-DST-C2-04,2024-07-12,1.34,22.66,2.51
PHC-DST-C2-04,2024-07-13,1.55,22.45,2.9
PHC-DST-C2-04,2024-07-14,2.0,22.0,3.74
PHC-DST-C2-04,2024-07-15,2.1,21.9,3.93
PHC-DST-C2-04,2024-07-16,2.28,21.72,4.26
PHC-DST-C2-04,2024-07-17,2.37,21.63,4.43
PHC-DST-C2-04,2024-07-18,1.67,22.33,3.12
PHC-DST-C2-04,2024-07-19,3.38,20.62,6.32
PHC-DST-C2-04,2024-07-20,2.84,21.16,5.31
PHC-DST-C2-04,2024-07-21,1.57,22.43,2.94
PHC-DST-C2-04,2024-07-22,1.7,22.3,3.18
PHC-DST-C2-04,2024-07-23,1.55,22.45,2.9
PHC-DST-C2-04,2024-07-24,2.07,21.93,3.87
PHC-DST-C2-04,2024-07-25,1.07,22.93,2.0
PHC-DST-C2-04,2024-07-26,1.21,22.79,2.26
PHC-DST-C2-04,2024-07-27,0.17,23.83,0.32
PHC-DST-C2-04,2024-07-28,1.5,22.5,2.81
PHC-DST-C2-04,2024-07-29,2.6,21.4,4.86
PHC-DST-C2-04,2024-07-30,1.69,22.31,3.16
PHC-DST-C2-04,2024-07-31,1.73,22.27,3.24
PHC-DST-C2-04,2024-08-01,2.01,21.99,3.76
PHC-DST-C2-04,2024-08-02,1.05,,1.96
PHC-DST-C2-04,2024-08-03,1.82,22.18,3.4
PHC-DST-C2-04,2024-08-04,2.47,21.53,4.62
PHC-DST-C2-04,2024-08-05,2.03,21.97,3.8
PHC-DST-C2-04,2024-08-06,2.53,21.47,4.73
PHC-DST-C2-04,2024-08-07,2.75,21.25,5.14
PHC-DST-C2-04,2024-08-08,2.3,21.7,4.3
PHC-DST-C2-04,2024-08-09,1.26,22.74,2.36
PHC-DST-C2-04,2024-08-10,1.54,22.46,2.88
PHC-DST-C2-04,2024-08-11,3.25,20.75,6.08
PHC-DST-C2-04,2024-08-12,2.04,21.96,3.81
PHC-DST-C2-04,2024-08-13,1.94,22.06,3.63
PHC-DST-C2-04,2024-08-14,7.09,16.91,13.26
PHC-DST-C2-04,2024-08-15,2.34,21.66,4.38
PHC-DST-C2-04,2024-08-16,1.81,22.19,3.38
PHC-DST-C2-04,2024-08-17,1.41,22.59,2.64
PHC-DST-C2-04,2024-08-18,1.58,22.42,2.95
PHC-DST-C2-04,2024-08-19,2.69,21.31,5.03
PHC-DST-C2-04,2024-08-20,2.3,21.7,4.3
PHC-DST-C2-04,2024-08-21,2.2,21.8,4.11
PHC-DST-C2-04,2024-08-22,2.13,21.87,3.98
PHC-DST-C2-04,2024-08-23,0.91,23.09,1.7
PHC-DST-C2-04,2024-08-24,2.0,22.0,3.74
PHC-DST-C2-04,2024-08-25,2.6,21.4,4.86
PHC-DST-C2-04,2024-08-26,1.6,22.4,2.99
PHC-DST-C2-04,2024-08-27,2.53,21.47,4.73
PHC-DST-C2-04,2024-08-28,2.21,21.79,4.13
PHC-DST-C2-04,2024-08-29,2.42,21.58,4.53
PHC-DST-C2-04,2024-08-30,1.84,22.16,3.44
PHC-DST-C2-04,2024-08-31,2.46,21.54,4.6
PHC-DST-C2-04,2024-09-01,0.7,23.3,1.31
PHC-DST-C2-04,2024-09-02,1.82,22.18,3.4
PHC-DST-C2-04,2024-09-03,2.33,21.67,4.36
PHC-DST-C2-04,2024-09-04,2.02,21.98,3.78
PHC-DST-C2-04,2024-09-05,2.62,21.38,4.9
PHC-DST-C2-04,2024-09-06,1.68,22.32,3.14
PHC-DST-C2-04,2024-09-07,,22.61,2.6
PHC-DST-C2-04,2024-09-08,6.66,17.34,12.45
PHC-DST-C2-04,2024-09-09,2.19,21.81,4.1
PHC-DST-C2-04,2024-09-10,2.37,21.63,4.43
PHC-DST-C2-04,2024-09-11,0.75,23.25,1.4
PHC-DST-C2-04,2024-09-12,2.68,21.32,5.01
PHC-DST-C2-04,2024-09-13,1.07,22.93,2.0
PHC-DST-C2-04,2024-09-14,1.71,22.29,3.2
PHC-DST-C2-04,2024-09-15,1.37,22.63,2.56
PHC-DST-C2-04,2024-09-16,2.11,21.89,3.95
PHC-DST-C2-04,2024-09-17,1.87,22.13,3.5
PHC-DST-C2-04,2024-09-18,2.31,21.69,4.32
PHC-DST-C2-04,2024-09-19,3.18,20.82,5.95
PHC-DST-C2-04,2024-09-20,2.1,21.9,3.93
PHC-DST-C2-04,2024-09-21,1.37,22.63,2.56
PHC-DST-C2-04,2024-09-22,2.15,21.85,4.02
PHC-DST-C2-04,2024-09-23,3.26,20.74,6.1
PHC-DST-C2-04,2024-09-24,2.29,21.71,4.28
PHC-DST-C2-04,2024-09-25,2.51,21.49,4.69
PHC-DST-C2-04,2024-09-26,0.6,23.4,1.12
PHC-DST-C2-04,2024-09-27,2.09,21.91,3.91
PHC-DST-C2-04,2024-09-28,1.6,22.4,2.99
PHC-DST-C2-04,2024-09-29,1.29,22.71,2.41
PHC-DST-C2-04,2024-09-30,1.78,22.22,3.33
PHC-DST-C2-04,2024-10-01,1.88,22.12,3.52
PHC-DST-C2-04,2024-10-02,1.33,22.67,2.49
PHC-DST-C2-04,2024-10-03,1.94,22.06,3.63
PHC-DST-C2-04,2024-10-04,1.67,22.33,3.12
PHC-DST-C2-04,2024-10-05,2.33,21.67,4.36
PHC-DST-C2-04,2024-10-06,1.97,22.03,3.68
PHC-DST-C2-04,2024-10-07,2.08,21.92,3.89
PHC-DST-C2-04,2024-10-08,2.53,21.47,4.73
PHC-DST-C2-04,2024-10-09,2.22,21.78,4.15
PHC-DST-C2-04,2024-10-10,1.8,22.2,3.37
PHC-DST-C2-04,2024-10-11,0.23,23.77,0.43
PHC-DST-C2-04,2024-10-12,2.19,21.81,4.1
PHC-DST-C2-04,2024-10-13,1.12,22.88,2.09
PHC-DST-C2-04,2024-10-14,1.74,22.26,3.25
PHC-DST-C2-04,2024-10-15,2.08,21.92,3.89
PHC-DST-C2-04,2024-10-16,2.8,21.2,5.24
PHC-DST-C2-04,2024-10-17,3.18,20.82,5.95
PHC-DST-C2-04,2024-10-18,1.11,22.89,2.08
PHC-DST-C2-04,2024-10-19,0.81,23.19,1.51
PHC-DST-C2-04,2024-10-20,2.04,21.96,3.81
PHC-DST-C2-04,2024-10-21,1.98,22.02,3.7
PHC-DST-C2-04,2024-10-22,0.9,23.1,1.68
PHC-DST-C2-04,2024-10-23,1.79,22.21,3.35
PHC-DST-C2-04,2024-10-24,2.25,21.75,4.21
PHC-DST-C2-04,2024-10-25,0.88,23.12,1.65
PHC-DST-C2-04,2024-10-26,1.05,22.95,1.96
PHC-DST-C2-04,2024-10-27,1.32,22.68,2.47
PHC-DST-C2-04,2024-10-28,1.64,22.36,3.07
PHC-DST-C2-04,2024-10-29,2.32,21.68,4.34
PHC-DST-C2-04,2024-10-30,1.56,22.44,2.92
PHC-DST-C2-04,2024-10-31,1.84,22.16,3.44
PHC-DST-C2-04,2024-11-01,3.48,20.52,6.51
PHC-DST-C2-04,2024-11-02,1.08,22.92,2.02
PHC-DST-C2-04,2024-11-03,1.31,22.69,2.45
PHC-DST-C2-04,2024-11-04,2.31,21.69,4.32
PHC-DST-C2-04,2024-11-05,2.54,,4.75
PHC-DST-C2-04,2024-11-06,2.11,21.89,3.95
PHC-DST-C2-04,2024-11-07,3.16,20.84,5.91
PHC-DST-C2-04,2024-11-08,2.04,21.96,3.81
PHC-DST-C2-04,2024-11-09,0.32,23.68,0.6
PHC-DST-C2-04,2024-11-10,1.87,,3.5
PHC-DST-C2-04,2024-11-11,1.37,22.63,2.56
PHC-DST-C2-04,2024-11-12,2.84,21.16,5.31
PHC-DST-C2-04,2024-11-13,2.52,21.48,4.71
PHC-DST-C2-04,2024-11-14,0.61,23.39,1.14
PHC-DST-C2-04,2024-11-15,2.81,21.19,5.25
PHC-DST-C2-04,2024-11-16,2.5,21.5,4.67
PHC-DST-C2-04,2024-11-17,,22.44,2.92
PHC-DST-C2-04,2024-11-18,1.74,22.26,3.25
PHC-DST-C2-04,2024-11-19,,21.16,5.31
PHC-DST-C2-04,2024-11-20,0.32,23.68,0.6
PHC-DST-C2-04,2024-11-21,2.13,21.87,3.98
PHC-DST-C2-04,2024-11-22,2.62,21.38,4.9
PHC-DST-C2-04,2024-11-23,1.73,22.27,3.24
PHC-DST-C2-04,2024-11-24,2.29,21.71,4.28
PHC-DST-C2-04,2024-11-25,1.88,22.12,3.52
PHC-DST-C2-04,2024-11-26,1.21,22.79,2.26
PHC-DST-C2-04,2024-11-27,1.19,22.81,2.23
PHC-DST-C2-04,2024-11-28,2.33,21.67,4.36
PHC-DST-C2-04,2024-11-29,1.32,22.68,2.47
PHC-DST-C2-04,2024-11-30,0.66,23.34,1.23
PHC-DST-C2-04,2024-12-01,1.89,22.11,3.53
PHC-DST-C2-04,2024-12-02,1.42,22.58,2.66
PHC-DST-C2-04,2024-12-03,0.9,23.1,1.68
PHC-DST-C2-04,2024-12-04,1.85,,3.46
PHC-DST-C2-04,2024-12-05,2.38,21.62,4.45
PHC-DST-C2-04,2024-12-06,1.82,22.18,3.4
PHC-DST-C2-04,2024-12-07,1.0,23.0,1.87
PHC-DST-C2-04,2024-12-08,2.16,21.84,4.04
PHC-DST-C2-04,2024-12-09,2.58,21.42,4.82
PHC-DST-C2-04,2024-12-10,3.46,20.54,6.47
PHC-DST-C2-04,2024-12-11,2.88,21.12,5.39
PHC-DST-C2-04,2024-12-12,1.05,22.95,1.96
PHC-DST-C2-04,2024-12-13,2.44,21.56,4.56
PHC-DST-C2-04,2024-12-14,1.99,22.01,3.72
PHC-DST-C2-04,2024-12-15,0.94,23.06,1.76
PHC-DST-C2-04,2024-12-16,2.01,21.99,3.76
PHC-DST-C2-04,2024-12-17,3.24,20.76,6.06
PHC-DST-C2-04,2024-12-18,2.7,21.3,5.05
PHC-DST-C2-04,2024-12-19,1.04,22.96,1.94
PHC-DST-C2-04,2024-12-20,1.81,22.19,3.38
PHC-DST-C2-04,2024-12-21,2.17,21.83,4.06
PHC-DST-C2-04,2024-12-22,0.5,23.5,0.94
PHC-DST-C2-04,2024-12-23,0.53,23.47,0.99
PHC-DST-C2-04,2024-12-24,1.92,22.08,3.59
PHC-DST-C2-04,2024-12-25,1.93,22.07,3.61
PHC-DST-C2-04,2024-12-26,0.42,23.58,0.79
PHC-DST-C2-04,2024-12-27,2.09,21.91,3.91
PHC-DST-C2-04,2024-12-28,2.62,21.38,4.9
PHC-DST-C2-04,2024-12-29,1.64,22.36,3.07
PHC-DST-C2-04,2024-12-30,1.84,,3.44
PHC-DST-C2-04,2024-12-31,2.23,21.77,4.17
PHC-DST-C2-04,2025-01-01,2.13,21.87,3.98
PHC-DST-C2-04,2025-01-02,0.55,23.45,1.03
PHC-DST-C2-04,2025-01-03,1.12,22.88,2.09
PHC-DST-C2-04,2025-01-04,1.5,22.5,2.81
PHC-DST-C2-04,2025-01-05,1.15,22.85,2.15
PHC-DST-C2-04,2025-01-06,2.9,21.1,5.42
PHC-DST-C2-04,2025-01-07,2.28,21.72,4.26
PHC-DST-C2-04,2025-01-08,0.97,23.03,1.81
PHC-DST-C2-04,2025-01-09,1.64,22.36,3.07
PHC-DST-C2-04,2025-01-10,2.65,21.35,4.96
PHC-DST-C2-04,2025-01-11,1.32,22.68,2.47
PHC-DST-C2-04,2025-01-12,2.44,,4.56
PHC-DST-C2-04,2025-01-13,2.84,21.16,5.31
PHC-DST-C2-04,2025-01-14,2.71,21.29,5.07
PHC-DST-C2-04,2025-01-15,1.94,22.06,3.63
PHC-DST-C2-04,2025-01-16,,21.26,5.12
PHC-DST-C2-04,2025-01-17,1.41,22.59,2.64
PHC-DST-C2-04,2025-01-18,3.66,20.34,6.84
PHC-DST-C2-04,2025-01-19,1.98,22.02,3.7
PHC-DST-C2-04,2025-01-20,2.66,21.34,4.97
PHC-DST-C2-04,2025-01-21,1.53,22.47,2.86
PHC-DST-C2-04,2025-01-22,2.17,21.83,4.06
PHC-DST-C2-04,2025-01-23,2.21,21.79,4.13
PHC-DST-C2-04,2025-01-24,1.1,22.9,2.06
PHC-DST-C2-04,2025-01-25,1.08,22.92,2.02
PHC-DST-C2-04,2025-01-26,1.65,22.35,3.09
PHC-DST-C2-04,2025-01-27,2.63,,4.92
PHC-DST-C2-04,2025-01-28,0.43,23.57,0.8
PHC-DST-C2-04,2025-01-29,1.53,22.47,2.86
PHC-DST-C2-04,2025-01-30,2.78,21.22,5.2
PHC-DST-C2-04,2025-01-31,0.88,23.12,1.65
PHC-DST-C2-04,2025-02-01,2.74,21.26,5.12
PHC-DST-C2-04,2025-02-02,0.95,23.05,1.78
PHC-DST-C2-04,2025-02-03,1.11,22.89,2.08
PHC-DST-C2-04,2025-02-04,1.69,22.31,3.16
PHC-DST-C2-04,2025-02-05,3.21,20.79,6.0
PHC-DST-C2-04,2025-02-06,1.32,22.68,2.47
PHC-DST-C2-04,2025-02-07,0.5,23.5,0.94
PHC-DST-C2-04,2025-02-08,0.75,23.25,1.4
PHC-DST-C2-04,2025-02-09,2.5,21.5,4.67
PHC-DST-C2-04,2025-02-10,0.78,23.22,1.46
PHC-DST-C2-04,2025-02-11,,21.31,5.03
PHC-DST-C2-04,2025-02-12,1.85,22.15,3.46
PHC-DST-C2-04,2025-02-13,1.78,22.22,3.33
PHC-DST-C2-04,2025-02-14,2.02,21.98,3.78
PHC-DST-C2-04,2025-02-15,1.2,22.8,2.24
PHC-DST-C2-04,2025-02-16,1.9,22.1,3.55
PHC-DST-C2-04,2025-02-17,0.91,23.09,1.7
PHC-DST-C2-04,2025-02-18,2.81,21.19,5.25
PHC-DST-C2-04,2025-02-19,1.03,22.97,1.93
PHC-DST-C2-04,2025-02-20,2.13,21.87,3.98
PHC-DST-C2-04,2025-02-21,1.02,22.98,1.91
PHC-DST-C2-04,2025-02-22,1.4,22.6,2.62
PHC-DST-C2-04,2025-02-23,1.52,22.48,2.84
PHC-DST-C2-04,2025-02-24,4.04,19.96,7.55
PHC-DST-C2-04,2025-02-25,1.79,22.21,3.35
PHC-DST-C2-04,2025-02-26,1.18,22.82,2.21
PHC-DST-C2-04,2025-02-27,1.47,22.53,2.75
PHC-DST-C2-04,2025-02-28,0.67,23.33,1.25
PHC-DST-C2-04,2025-03-01,1.68,22.32,3.14
PHC-DST-C2-04,2025-03-02,3.19,20.81,5.97
PHC-DST-C2-04,2025-03-03,2.05,21.95,3.83
PHC-DST-C2-04,2025-03-04,2.48,21.52,4.64
PHC-DST-C2-04,2025-03-05,1.12,22.88,2.09
PHC-DST-C2-04,2025-03-06,1.65,22.35,3.09
PHC-DST-C2-04,2025-03-07,1.95,22.05,3.65
PHC-DST-C2-04,2025-03-08,1.26,22.74,2.36
PHC-DST-C2-04,2025-03-09,2.1,21.9,3.93
PHC-DST-C2-04,2025-03-10,2.26,21.74,4.23
PHC-DST-C2-04,2025-03-11,2.21,21.79,4.13
PHC-DST-C2-04,2025-03-12,1.69,22.31,3.16
PHC-DST-C2-04,2025-03-13,2.62,21.38,4.9
PHC-DST-C2-04,2025-03-14,1.61,22.39,3.01
PHC-DST-C2-04,2025-03-15,1.54,22.46,2.88
PHC-DST-C2-04,2025-03-16,,21.12,5.39
PHC-DST-C2-04,2025-03-17,0.97,23.03,1.81
PHC-DST-C2-04,2025-03-18,0.52,23.48,0.97
PHC-DST-C2-04,2025-03-19,1.15,22.85,2.15
PHC-DST-C2-04,2025-03-20,2.09,21.91,3.91
PHC-DST-C2-04,2025-03-21,2.76,21.24,5.16
PHC-DST-C2-04,2025-03-22,1.3,22.7,2.43
PHC-DST-C2-04,2025-03-23,3.16,20.84,5.91
PHC-DST-C2-04,2025-03-24,1.82,22.18,3.4
PHC-DST-C2-04,2025-03-25,1.71,22.29,3.2
PHC-DST-C2-04,2025-03-26,1.16,22.84,2.17
PHC-DST-C2-04,2025-03-27,3.26,20.74,6.1
PHC-DST-C2-04,2025-03-28,1.69,22.31,3.16
PHC-DST-C2-04,2025-03-29,0.8,23.2,1.5
PHC-DST-C2-04,2025-03-30,3.64,20.36,6.81
PHC-DST-C2-04,2025-03-31,2.1,21.9,3.93
PHC-DST-C2-04,2025-04-01,2.4,21.6,4.49
PHC-DST-C2-04,2025-04-02,3.06,20.94,5.72
PHC-DST-C2-04,2025-04-03,2.26,21.74,4.23
PHC-DST-C2-04,2025-04-04,2.53,21.47,4.73
PHC-DST-C2-04,2025-04-05,1.84,22.16,3.44
PHC-DST-C2-04,2025-04-06,2.35,21.65,4.39
PHC-DST-C2-04,2025-04-07,1.77,22.23,3.31
PHC-DST-C2-04,2025-04-08,1.78,22.22,3.33
PHC-DST-C2-04,2025-04-09,1.89,22.11,3.53
PHC-DST-C2-04,2025-04-10,1.5,22.5,2.81
PHC-DST-C2-04,2025-04-11,2.18,21.82,4.08
PHC-DST-C2-04,2025-04-12,2.18,21.82,4.08
PHC-DST-C2-04,2025-04-13,2.41,21.59,4.51
PHC-DST-C2-04,2025-04-14,2.28,21.72,4.26
PHC-DST-C2-04,2025-04-15,3.3,20.7,6.17
PHC-DST-C2-04,2025-04-16,2.59,21.41,4.84
PHC-DST-C2-04,2025-04-17,1.64,22.36,3.07
PHC-DST-C2-04,2025-04-18,2.14,21.86,4.0
PHC-DST-C2-04,2025-04-19,2.86,21.14,5.35
PHC-DST-C2-04,2025-04-20,1.09,22.91,2.04
PHC-DST-C2-04,2025-04-21,3.31,20.69,6.19
PHC-DST-C2-04,2025-04-22,1.22,22.78,2.28
PHC-DST-C2-04,2025-04-23,2.48,21.52,4.64
PHC-DST-C2-04,2025-04-24,1.8,22.2,3.37
PHC-DST-C2-04,2025-04-25,1.76,22.24,3.29
PHC-DST-C2-04,2025-04-26,0.82,23.18,1.53
PHC-DST-C2-04,2025-04-27,2.48,21.52,4.64
PHC-DST-C2-04,2025-04-28,0.83,23.17,1.55
PHC-DST-C2-04,2025-04-29,0.72,23.28,1.35
PHC-DST-C2-04,2025-04-30,2.67,21.33,4.99
PHC-DST-C2-04,2025-05-01,3.14,20.86,5.87
PHC-DST-C2-04,2025-05-02,1.3,22.7,2.43
PHC-DST-C2-04,2025-05-03,2.55,21.45,4.77
PHC-DST-C2-04,2025-05-04,2.4,21.6,4.49
PHC-DST-C2-04,2025-05-05,1.73,22.27,3.24
PHC-DST-C2-04,2025-05-06,2.8,21.2,5.24
PHC-DST-C2-04,2025-05-07,1.68,22.32,3.14
PHC-DST-C2-04,2025-05-08,2.19,21.81,4.1
PHC-DST-C2-04,2025-05-09,0.86,23.14,1.61
PHC-DST-C2-04,2025-05-10,0.89,23.11,1.66
PHC-DST-C2-04,2025-05-11,2.68,21.32,5.01
PHC-DST-C2-04,2025-05-12,2.21,21.79,4.13
PHC-DST-C2-04,2025-05-13,1.69,22.31,3.16
PHC-DST-C2-04,2025-05-14,3.23,20.77,6.04
PHC-DST-C2-04,2025-05-15,3.22,20.78,6.02
PHC-DST-C2-04,2025-05-16,2.13,21.87,3.98
PHC-DST-C2-04,2025-05-17,0.71,23.29,1.33
PHC-DST-C2-04,2025-05-18,1.72,22.28,3.22
PHC-DST-C2-04,2025-05-19,1.18,22.82,2.21
PHC-DST-C2-04,2025-05-20,1.87,22.13,3.5
PHC-DST-C2-04,2025-05-21,1.1,22.9,2.06
PHC-DST-C2-04,2025-05-22,0.9,23.1,1.68
PHC-DST-C2-04,2025-05-23,0.1,23.9,0.19
PHC-DST-C2-04,2025-05-24,1.93,22.07,3.61
PHC-DST-C2-04,2025-05-25,,23.92,0.15
PHC-DST-C2-04,2025-05-26,1.56,22.44,2.92
PHC-DST-C2-04,2025-05-27,2.32,21.68,4.34
PHC-DST-C2-04,2025-05-28,1.26,22.74,2.36
PHC-DST-C2-04,2025-05-29,,23.01,1.85
PHC-DST-C2-04,2025-05-30,1.75,22.25,3.27
PHC-DST-C2-04,2025-05-31,1.18,22.82,2.21
PHC-DST-C2-04,2025-06-01,1.94,22.06,3.63
PHC-DST-C2-04,2025-06-02,1.03,22.97,1.93
PHC-DST-C2-04,2025-06-03,1.72,22.28,3.22
PHC-DST-C2-04,2025-06-04,1.54,22.46,2.88
PHC-DST-C2-04,2025-06-05,1.79,22.21,3.35
PHC-DST-C2-04,2025-06-06,3.03,20.97,5.67
PHC-DST-C2-04,2025-06-07,1.95,22.05,3.65
PHC-DST-C2-04,2025-06-08,2.18,21.82,4.08
PHC-DST-C2-04,2025-06-09,1.33,22.67,2.49
PHC-DST-C2-04,2025-06-10,1.97,22.03,3.68
PHC-DST-C2-04,2025-06-11,1.59,22.41,2.97
PHC-DST-C2-04,2025-06-12,1.82,22.18,3.4
PHC-DST-C2-04,2025-06-13,2.29,21.71,4.28
PHC-DST-C2-04,2025-06-14,1.42,22.58,2.66
PHC-DST-C2-04,2025-06-15,1.5,22.5,2.81
PHC-DST-C2-04,2025-06-16,1.44,22.56,2.69
PHC-DST-C2-04,2025-06-17,1.42,22.58,2.66
PHC-DST-C2-04,2025-06-18,1.93,22.07,3.61
PHC-DST-C2-04,2025-06-19,1.53,22.47,2.86
PHC-DST-C2-04,2025-06-20,2.92,21.08,5.46
PHC-DST-C2-04,2025-06-21,3.81,20.19,7.12
PHC-DST-C2-04,2025-06-22,1.37,22.63,2.56
PHC-DST-C2-04,2025-06-23,2.02,21.98,3.78
PHC-DST-C2-04,2025-06-24,2.58,21.42,4.82
PHC-DST-C2-04,2025-06-25,1.6,22.4,2.99
PHC-DST-C2-04,2025-06-26,1.05,22.95,1.96
PHC-DST-C2-04,2025-06-27,3.1,20.9,5.8
PHC-DST-C2-04,2025-06-28,2.31,21.69,4.32
PHC-DST-C2-04,2025-06-29,2.04,21.96,3.81
PHC-DST-C2-04,2025-06-30,2.89,21.11,5.4
PHC-DST-C2-05,2024-01-01,4.38,19.62,8.19
PHC-DST-C2-05,2024-01-02,3.76,20.24,7.03
PHC-DST-C2-05,2024-01-03,,20.93,5.74
PHC-DST-C2-05,2024-01-04,3.43,20.57,6.41
PHC-DST-C2-05,2024-01-05,4.7,19.3,8.79
PHC-DST-C2-05,2024-01-06,4.31,19.69,8.06
PHC-DST-C2-05,2024-01-07,3.66,20.34,6.84
PHC-DST-C2-05,2024-01-08,5.12,18.88,9.57
PHC-DST-C2-05,2024-01-09,3.68,20.32,6.88
PHC-DST-C2-05,2024-01-10,4.54,19.46,8.49
PHC-DST-C2-05,2024-01-11,3.97,20.03,7.42
PHC-DST-C2-05,2024-01-12,5.25,18.75,9.82
PHC-DST-C2-05,2024-01-13,4.36,19.64,8.15
PHC-DST-C2-05,2024-01-14,3.83,20.17,7.16
PHC-DST-C2-05,2024-01-15,3.67,20.33,6.86
PHC-DST-C2-05,2024-01-16,3.79,20.21,7.09
PHC-DST-C2-05,2024-01-17,3.26,20.74,6.1
PHC-DST-C2-05,2024-01-18,2.77,21.23,5.18
PHC-DST-C2-05,2024-01-19,4.03,19.97,7.54
PHC-DST-C2-05,2024-01-20,3.4,20.6,6.36
PHC-DST-C2-05,2024-01-21,3.4,,6.36
PHC-DST-C2-05,2024-01-22,3.73,20.27,6.98
PHC-DST-C2-05,2024-01-23,3.84,20.16,7.18
PHC-DST-C2-05,2024-01-24,3.81,20.19,7.12
PHC-DST-C2-05,2024-01-25,5.1,18.9,9.54
PHC-DST-C2-05,2024-01-26,4.3,19.7,8.04
PHC-DST-C2-05,2024-01-27,5.38,18.62,10.06
PHC-DST-C2-05,2024-01-28,3.47,20.53,6.49
PHC-DST-C2-05,2024-01-29,4.39,19.61,8.21
PHC-DST-C2-05,2024-01-30,3.51,20.49,6.56
PHC-DST-C2-05,2024-01-31,3.38,20.62,6.32
PHC-DST-C2-05,2024-02-01,5.41,18.59,10.12
PHC-DST-C2-05,2024-02-02,3.22,20.78,6.02
PHC-DST-C2-05,2024-02-03,2.13,21.87,3.98
PHC-DST-C2-05,2024-02-04,3.27,20.73,6.11
PHC-DST-C2-05,2024-02-05,2.29,21.71,4.28
PHC-DST-C2-05,2024-02-06,3.09,20.91,5.78
PHC-DST-C2-05,2024-02-07,3.16,20.84,5.91
PHC-DST-C2-05,2024-02-08,3.83,20.17,7.16
PHC-DST-C2-05,2024-02-09,2.26,21.74,4.23
PHC-DST-C2-05,2024-02-10,4.7,19.3,8.79
PHC-DST-C2-05,2024-02-11,2.39,21.61,4.47
PHC-DST-C2-05,2024-02-12,3.7,20.3,6.92
PHC-DST-C2-05,2024-02-13,3.56,20.44,6.66
PHC-DST-C2-05,2024-02-14,4.42,19.58,8.27
PHC-DST-C2-05,2024-02-15,4.06,19.94,7.59
PHC-DST-C2-05,2024-02-16,4.69,19.31,8.77
PHC-DST-C2-05,2024-02-17,3.53,,6.6
PHC-DST-C2-05,2024-02-18,3.45,20.55,6.45
PHC-DST-C2-05,2024-02-19,4.11,19.89,7.69
PHC-DST-C2-05,2024-02-20,4.57,19.43,8.55
PHC-DST-C2-05,2024-02-21,4.42,19.58,8.27
PHC-DST-C2-05,2024-02-22,4.04,19.96,7.55
PHC-DST-C2-05,2024-02-23,3.97,20.03,7.42
PHC-DST-C2-05,2024-02-24,3.77,20.23,7.05
PHC-DST-C2-05,2024-02-25,4.11,19.89,7.69
PHC-DST-C2-05,2024-02-26,5.33,,9.97
PHC-DST-C2-05,2024-02-27,3.62,20.38,6.77
PHC-DST-C2-05,2024-02-28,3.53,20.47,6.6
PHC-DST-C2-05,2024-02-29,3.47,20.53,6.49
PHC-DST-C2-05,2024-03-01,4.09,19.91,7.65
PHC-DST-C2-05,2024-03-02,2.21,21.79,4.13
PHC-DST-C2-05,2024-03-03,3.7,20.3,6.92
PHC-DST-C2-05,2024-03-04,4.46,19.54,8.34
PHC-DST-C2-05,2024-03-05,3.41,20.59,6.38
PHC-DST-C2-05,2024-03-06,3.94,20.06,7.37
PHC-DST-C2-05,2024-03-07,5.38,18.62,10.06
PHC-DST-C2-05,2024-03-08,4.05,19.95,7.57
PHC-DST-C2-05,2024-03-09,2.12,21.88,3.96
PHC-DST-C2-05,2024-03-10,2.74,,5.12
PHC-DST-C2-05,2024-03-11,3.61,20.39,6.75
PHC-DST-C2-05,2024-03-12,3.2,,5.98
PHC-DST-C2-05,2024-03-13,3.88,20.12,7.26
PHC-DST-C2-05,2024-03-14,3.58,20.42,6.69
PHC-DST-C2-05,2024-03-15,4.67,19.33,8.73
PHC-DST-C2-05,2024-03-16,2.98,21.02,5.57
PHC-DST-C2-05,2024-03-17,3.64,20.36,6.81
PHC-DST-C2-05,2024-03-18,3.96,20.04,7.41
PHC-DST-C2-05,2024-03-19,4.06,19.94,7.59
PHC-DST-C2-05,2024-03-20,3.91,,7.31
PHC-DST-C2-05,2024-03-21,1.99,22.01,3.72
PHC-DST-C2-05,2024-03-22,3.86,20.14,7.22
PHC-DST-C2-05,2024-03-23,3.69,20.31,6.9
PHC-DST-C2-05,2024-03-24,4.45,19.55,8.32
PHC-DST-C2-05,2024-03-25,4.34,19.66,8.12
PHC-DST-C2-05,2024-03-26,3.98,20.02,7.44
PHC-DST-C2-05,2024-03-27,4.03,19.97,7.54
PHC-DST-C2-05,2024-03-28,4.81,19.19,8.99
PHC-DST-C2-05,2024-03-29,4.66,19.34,8.71
PHC-DST-C2-05,2024-03-30,4.01,19.99,7.5
PHC-DST-C2-05,2024-03-31,5.41,18.59,10.12
PHC-DST-C2-05,2024-04-01,3.33,20.67,6.23
PHC-DST-C2-05,2024-04-02,2.91,21.09,5.44
PHC-DST-C2-05,2024-04-03,3.79,20.21,7.09
PHC-DST-C2-05,2024-04-04,3.52,20.48,6.58
PHC-DST-C2-05,2024-04-05,1.95,22.05,3.65
PHC-DST-C2-05,2024-04-06,3.31,20.69,6.19
PHC-DST-C2-05,2024-04-07,4.06,19.94,7.59
PHC-DST-C2-05,2024-04-08,3.76,20.24,7.03
PHC-DST-C2-05,2024-04-09,3.22,20.78,6.02
PHC-DST-C2-05,2024-04-10,3.83,20.17,7.16
PHC-DST-C2-05,2024-04-11,3.89,20.11,7.27
PHC-DST-C2-05,2024-04-12,4.34,19.66,8.12
PHC-DST-C2-05,2024-04-13,3.32,20.68,6.21
PHC-DST-C2-05,2024-04-14,4.46,19.54,8.34
PHC-DST-C2-05,2024-04-15,2.98,21.02,5.57
PHC-DST-C2-05,2024-04-16,3.42,,6.4
PHC-DST-C2-05,2024-04-17,5.07,18.93,9.48
PHC-DST-C2-05,2024-04-18,3.03,20.97,5.67
PHC-DST-C2-05,2024-04-19,3.31,20.69,6.19
PHC-DST-C2-05,2024-04-20,2.86,21.14,5.35
PHC-DST-C2-05,2024-04-21,3.18,20.82,5.95
PHC-DST-C2-05,2024-04-22,3.9,20.1,7.29
PHC-DST-C2-05,2024-04-23,4.33,19.67,8.1
PHC-DST-C2-05,2024-04-24,3.79,20.21,7.09
PHC-DST-C2-05,2024-04-25,3.56,20.44,6.66
PHC-DST-C2-05,2024-04-26,2.87,21.13,5.37
PHC-DST-C2-05,2024-04-27,3.25,20.75,6.08
PHC-DST-C2-05,2024-04-28,2.64,21.36,4.94
PHC-DST-C2-05,2024-04-29,4.35,19.65,8.13
PHC-DST-C2-05,2024-04-30,4.4,19.6,8.23
PHC-DST-C2-05,2024-05-01,3.77,20.23,7.05
PHC-DST-C2-05,2024-05-02,4.13,19.87,7.72
PHC-DST-C2-05,2024-05-03,4.46,19.54,8.34
PHC-DST-C2-05,2024-05-04,3.88,20.12,7.26
PHC-DST-C2-05,2024-05-05,4.85,19.15,9.07
PHC-DST-C2-05,2024-05-06,3.03,20.97,5.67
PHC-DST-C2-05,2024-05-07,3.54,20.46,6.62
PHC-DST-C2-05,2024-05-08,3.45,20.55,6.45
PHC-DST-C2-05,2024-05-09,4.29,19.71,8.02
PHC-DST-C2-05,2024-05-10,2.72,21.28,5.09
PHC-DST-C2-05,2024-05-11,4.89,19.11,9.14
PHC-DST-C2-05,2024-05-12,4.22,19.78,7.89
PHC-DST-C2-05,2024-05-13,5.11,18.89,9.56
PHC-DST-C2-05,2024-05-14,3.77,20.23,7.05
PHC-DST-C2-05,2024-05-15,3.39,20.61,6.34
PHC-DST-C2-05,2024-05-16,4.29,19.71,8.02
PHC-DST-C2-05,2024-05-17,4.57,19.43,8.55
PHC-DST-C2-05,2024-05-18,3.26,20.74,6.1
PHC-DST-C2-05,2024-05-19,2.3,21.7,4.3
PHC-DST-C2-05,2024-05-20,2.43,21.57,4.54
PHC-DST-C2-05,2024-05-21,4.0,20.0,7.48
PHC-DST-C2-05,2024-05-22,4.96,19.04,9.28
PHC-DST-C2-05,2024-05-23,2.82,21.18,5.27
PHC-DST-C2-05,2024-05-24,3.6,20.4,6.73
PHC-DST-C2-05,2024-05-25,3.54,20.46,6.62
PHC-DST-C2-05,2024-05-26,5.24,18.76,9.8
PHC-DST-C2-05,2024-05-27,5.49,18.51,10.27
PHC-DST-C2-05,2024-05-28,4.12,19.88,7.7
PHC-DST-C2-05,2024-05-29,4.47,19.53,8.36
PHC-DST-C2-05,2024-05-30,4.45,19.55,8.32
PHC-DST-C2-05,2024-05-31,2.84,21.16,5.31
PHC-DST-C2-05,2024-06-01,4.32,19.68,8.08
PHC-DST-C2-05,2024-06-02,3.04,20.96,5.68
PHC-DST-C2-05,2024-06-03,3.67,20.33,6.86
PHC-DST-C2-05,2024-06-04,4.65,19.35,8.7
PHC-DST-C2-05,2024-06-05,3.86,20.14,7.22
PHC-DST-C2-05,2024-06-06,4.63,19.37,8.66
PHC-DST-C2-05,2024-06-07,4.77,19.23,8.92
PHC-DST-C2-05,2024-06-08,2.48,21.52,4.64
PHC-DST-C2-05,2024-06-09,2.17,21.83,4.06
PHC-DST-C2-05,2024-06-10,4.67,19.33,8.73
PHC-DST-C2-05,2024-06-11,4.7,19.3,8.79
PHC-DST-C2-05,2024-06-12,3.99,20.01,7.46
PHC-DST-C2-05,2024-06-13,4.09,19.91,7.65
PHC-DST-C2-05,2024-06-14,4.47,19.53,8.36
PHC-DST-C2-05,2024-06-15,4.46,,8.34
PHC-DST-C2-05,2024-06-16,3.57,20.43,6.68
PHC-DST-C2-05,2024-06-17,4.52,19.48,8.45
PHC-DST-C2-05,2024-06-18,3.54,20.46,6.62
PHC-DST-C2-05,2024-06-19,3.98,20.02,7.44
PHC-DST-C2-05,2024-06-20,3.95,20.05,7.39
PHC-DST-C2-05,2024-06-21,3.16,20.84,5.91
PHC-DST-C2-05,2024-06-22,3.24,20.76,6.06
PHC-DST-C2-05,2024-06-23,5.48,18.52,10.25
PHC-DST-C2-05,2024-06-24,3.13,20.87,5.85
PHC-DST-C2-05,2024-06-25,4.08,19.92,7.63
PHC-DST-C2-05,2024-06-26,4.23,19.77,7.91
PHC-DST-C2-05,2024-06-27,3.76,20.24,7.03
PHC-DST-C2-05,2024-06-28,4.3,19.7,8.04
PHC-DST-C2-05,2024-06-29,,19.95,7.57
PHC-DST-C2-05,2024-06-30,3.15,20.85,5.89
PHC-DST-C2-05,2024-07-01,4.2,19.8,7.85
PHC-DST-C2-05,2024-07-02,3.39,20.61,6.34
PHC-DST-C2-05,2024-07-03,5.11,18.89,9.56
PHC-DST-C2-05,2024-07-04,4.12,19.88,7.7
PHC-DST-C2-05,2024-07-05,3.27,20.73,6.11
PHC-DST-C2-05,2024-07-06,4.06,19.94,7.59
PHC-DST-C2-05,2024-07-07,3.11,20.89,5.82
PHC-DST-C2-05,2024-07-08,3.99,20.01,7.46
PHC-DST-C2-05,2024-07-09,3.63,20.37,6.79
PHC-DST-C2-05,2024-07-10,3.18,20.82,5.95
PHC-DST-C2-05,2024-07-11,3.17,20.83,5.93
PHC-DST-C2-05,2024-07-12,5.63,18.37,10.53
PHC-DST-C2-05,2024-07-13,3.87,20.13,7.24
PHC-DST-C2-05,2024-07-14,3.48,20.52,6.51
PHC-DST-C2-05,2024-07-15,3.35,20.65,6.26
PHC-DST-C2-05,2024-07-16,4.15,19.85,7.76
PHC-DST-C2-05,2024-07-17,3.32,20.68,6.21
PHC-DST-C2-05,2024-07-18,2.98,21.02,5.57
PHC-DST-C2-05,2024-07-19,3.78,20.22,7.07
PHC-DST-C2-05,2024-07-20,3.77,20.23,7.05
PHC-DST-C2-05,2024-07-21,3.49,20.51,6.53
PHC-DST-C2-05,2024-07-22,3.13,20.87,5.85
PHC-DST-C2-05,2024-07-23,3.51,20.49,6.56
PHC-DST-C2-05,2024-07-24,3.45,20.55,6.45
PHC-DST-C2-05,2024-07-25,,20.66,6.25
PHC-DST-C2-05,2024-07-26,4.01,19.99,7.5
PHC-DST-C2-05,2024-07-27,5.47,18.53,10.23
PHC-DST-C2-05,2024-07-28,4.8,19.2,8.98
PHC-DST-C2-05,2024-07-29,5.26,18.74,9.84
PHC-DST-C2-05,2024-07-30,3.37,20.63,6.3
PHC-DST-C2-05,2024-07-31,5.06,18.94,9.46
PHC-DST-C2-05,2024-08-01,3.97,20.03,7.42
PHC-DST-C2-05,2024-08-02,4.54,19.46,8.49
PHC-DST-C2-05,2024-08-03,4.14,19.86,7.74
PHC-DST-C2-05,2024-08-04,3.54,20.46,6.62
PHC-DST-C2-05,2024-08-05,4.34,19.66,8.12
PHC-DST-C2-05,2024-08-06,4.16,19.84,7.78
PHC-DST-C2-05,2024-08-07,2.47,21.53,4.62
PHC-DST-C2-05,2024-08-08,3.71,20.29,6.94
PHC-DST-C2-05,2024-08-09,4.45,19.55,8.32
PHC-DST-C2-05,2024-08-10,4.01,19.99,7.5
PHC-DST-C2-05,2024-08-11,4.15,19.85,7.76
PHC-DST-C2-05,2024-08-12,3.24,20.76,6.06
PHC-DST-C2-05,2024-08-13,3.99,20.01,7.46
PHC-DST-C2-05,2024-08-14,9.57,14.43,17.9
PHC-DST-C2-05,2024-08-15,3.65,20.35,6.83
PHC-DST-C2-05,2024-08-16,3.29,20.71,6.15
PHC-DST-C2-05,2024-08-17,4.49,19.51,8.4
PHC-DST-C2-05,2024-08-18,4.06,19.94,7.59
PHC-DST-C2-05,2024-08-19,3.98,20.02,7.44
PHC-DST-C2-05,2024-08-20,5.34,18.66,9.99
PHC-DST-C2-05,2024-08-21,4.16,19.84,7.78
PHC-DST-C2-05,2024-08-22,4.7,19.3,8.79
PHC-DST-C2-05,2024-08-23,4.0,20.0,7.48
PHC-DST-C2-05,2024-08-24,3.54,20.46,6.62
PHC-DST-C2-05,2024-08-25,3.01,20.99,5.63
PHC-DST-C2-05,2024-08-26,3.98,20.02,7.44
PHC-DST-C2-05,2024-08-27,1.8,22.2,3.37
PHC-DST-C2-05,2024-08-28,4.0,20.0,7.48
PHC-DST-C2-05,2024-08-29,4.04,19.96,7.55
PHC-DST-C2-05,2024-08-30,3.64,20.36,6.81
PHC-DST-C2-05,2024-08-31,3.73,20.27,6.98
PHC-DST-C2-05,2024-09-01,2.86,21.14,5.35
PHC-DST-C2-05,2024-09-02,4.84,19.16,9.05
PHC-DST-C2-05,2024-09-03,3.55,20.45,6.64
PHC-DST-C2-05,2024-09-04,3.07,20.93,5.74
PHC-DST-C2-05,2024-09-05,4.21,19.79,7.87
PHC-DST-C2-05,2024-09-06,3.88,20.12,7.26
PHC-DST-C2-05,2024-09-07,3.53,20.47,6.6
PHC-DST-C2-05,2024-09-08,,16.88,13.31
PHC-DST-C2-05,2024-09-09,3.8,20.2,7.11
PHC-DST-C2-05,2024-09-10,4.81,19.19,8.99
PHC-DST-C2-05,2024-09-11,4.15,19.85,7.76
PHC-DST-C2-05,2024-09-12,3.77,20.23,7.05
PHC-DST-C2-05,2024-09-13,4.44,19.56,8.3
PHC-DST-C2-05,2024-09-14,3.82,20.18,7.14
PHC-DST-C2-05,2024-09-15,4.1,19.9,7.67
PHC-DST-C2-05,2024-09-16,3.91,20.09,7.31
PHC-DST-C2-05,2024-09-17,4.24,19.76,7.93
PHC-DST-C2-05,2024-09-18,3.47,20.53,6.49
PHC-DST-C2-05,2024-09-19,2.95,21.05,5.52
PHC-DST-C2-05,2024-09-20,4.48,19.52,8.38
PHC-DST-C2-05,2024-09-21,4.93,19.07,9.22
PHC-DST-C2-05,2024-09-22,2.98,21.02,5.57
PHC-DST-C2-05,2024-09-23,3.93,20.07,7.35
PHC-DST-C2-05,2024-09-24,3.46,20.54,6.47
PHC-DST-C2-05,2024-09-25,4.46,19.54,8.34
PHC-DST-C2-05,2024-09-26,3.98,20.02,7.44
PHC-DST-C2-05,2024-09-27,6.3,,11.78
PHC-DST-C2-05,2024-09-28,3.57,20.43,6.68
PHC-DST-C2-05,2024-09-29,4.95,19.05,9.26
PHC-DST-C2-05,2024-09-30,5.03,18.97,9.41
PHC-DST-C2-05,2024-10-01,4.2,19.8,7.85
PHC-DST-C2-05,2024-10-02,3.83,20.17,7.16
PHC-DST-C2-05,2024-10-03,3.87,20.13,7.24
PHC-DST-C2-05,2024-10-04,3.81,20.19,7.12
PHC-DST-C2-05,2024-10-05,4.65,19.35,8.7
PHC-DST-C2-05,2024-10-06,3.15,20.85,5.89
PHC-DST-C2-05,2024-10-07,3.68,20.32,6.88
PHC-DST-C2-05,2024-10-08,3.59,20.41,6.71
PHC-DST-C2-05,2024-10-09,2.51,21.49,4.69
PHC-DST-C2-05,2024-10-10,4.44,19.56,8.3
PHC-DST-C2-05,2024-10-11,4.6,19.4,8.6
PHC-DST-C2-05,2024-10-12,3.32,20.68,6.21
PHC-DST-C2-05,2024-10-13,4.57,19.43,8.55
PHC-DST-C2-05,2024-10-14,2.61,21.39,4.88
PHC-DST-C2-05,2024-10-15,3.82,20.18,7.14
PHC-DST-C2-05,2024-10-16,3.71,20.29,6.94
PHC-DST-C2-05,2024-10-17,3.87,20.13,7.24
PHC-DST-C2-05,2024-10-18,3.86,20.14,7.22
PHC-DST-C2-05,2024-10-19,3.74,20.26,6.99
PHC-DST-C2-05,2024-10-20,3.51,20.49,6.56
PHC-DST-C2-05,2024-10-21,3.72,20.28,6.96
PHC-DST-C2-05,2024-10-22,4.82,19.18,9.01
PHC-DST-C2-05,2024-10-23,3.37,20.63,6.3
PHC-DST-C2-05,2024-10-24,5.49,18.51,10.27
PHC-DST-C2-05,2024-10-25,3.32,20.68,6.21
PHC-DST-C2-05,2024-10-26,3.98,20.02,7.44
PHC-DST-C2-05,2024-10-27,4.23,19.77,7.91
PHC-DST-C2-05,2024-10-28,3.58,20.42,6.69
PHC-DST-C2-05,2024-10-29,4.84,19.16,9.05
PHC-DST-C2-05,2024-10-30,4.21,19.79,7.87
PHC-DST-C2-05,2024-10-31,3.65,20.35,6.83
PHC-DST-C2-05,2024-11-01,4.83,19.17,9.03
PHC-DST-C2-05,2024-11-02,,20.96,5.68
PHC-DST-C2-05,2024-11-03,3.38,20.62,6.32
PHC-DST-C2-05,2024-11-04,4.22,19.78,7.89
PHC-DST-C2-05,2024-11-05,4.4,19.6,8.23
PHC-DST-C2-05,2024-11-06,4.04,19.96,7.55
PHC-DST-C2-05,2024-11-07,3.7,20.3,6.92
PHC-DST-C2-05,2024-11-08,3.61,20.39,6.75
PHC-DST-C2-05,2024-11-09,4.65,19.35,8.7
PHC-DST-C2-05,2024-11-10,3.98,20.02,7.44
PHC-DST-C2-05,2024-11-11,3.15,20.85,5.89
PHC-DST-C2-05,2024-11-12,3.1,20.9,5.8
PHC-DST-C2-05,2024-11-13,4.94,19.06,9.24
PHC-DST-C2-05,2024-11-14,3.26,20.74,6.1
PHC-DST-C2-05,2024-11-15,4.0,20.0,7.48
PHC-DST-C2-05,2024-11-16,4.81,19.19,8.99
PHC-DST-C2-05,2024-11-17,4.21,19.79,7.87
PHC-DST-C2-05,2024-11-18,3.23,20.77,6.04
PHC-DST-C2-05,2024-11-19,3.04,20.96,5.68
PHC-DST-C2-05,2024-11-20,5.2,18.8,9.72
PHC-DST-C2-05,2024-11-21,3.02,20.98,5.65
PHC-DST-C2-05,2024-11-22,3.39,20.61,6.34
PHC-DST-C2-05,2024-11-23,4.08,19.92,7.63
PHC-DST-C2-05,2024-11-24,,20.36,6.81
PHC-DST-C2-05,2024-11-25,4.23,19.77,7.91
PHC-DST-C2-05,2024-11-26,2.7,21.3,5.05
PHC-DST-C2-05,2024-11-27,3.64,20.36,6.81
PHC-DST-C2-05,2024-11-28,4.31,19.69,8.06
PHC-DST-C2-05,2024-11-29,4.31,19.69,8.06
PHC-DST-C2-05,2024-11-30,3.37,20.63,6.3
PHC-DST-C2-05,2024-12-01,3.03,20.97,5.67
PHC-DST-C2-05,2024-12-02,3.96,20.04,7.41
PHC-DST-C2-05,2024-12-03,2.82,21.18,5.27
PHC-DST-C2-05,2024-12-04,4.76,19.24,8.9
PHC-DST-C2-05,2024-12-05,3.92,20.08,7.33
PHC-DST-C2-05,2024-12-06,3.28,20.72,6.13
PHC-DST-C2-05,2024-12-07,3.01,20.99,5.63
PHC-DST-C2-05,2024-12-08,3.33,20.67,6.23
PHC-DST-C2-05,2024-12-09,2.63,21.37,4.92
PHC-DST-C2-05,2024-12-10,4.17,19.83,7.8
PHC-DST-C2-05,2024-12-11,3.2,20.8,5.98
PHC-DST-C2-05,2024-12-12,4.1,19.9,7.67
PHC-DST-C2-05,2024-12-13,4.2,19.8,7.85
PHC-DST-C2-05,2024-12-14,4.52,19.48,8.45
PHC-DST-C2-05,2024-12-15,3.99,20.01,7.46
PHC-DST-C2-05,2024-12-16,4.64,19.36,8.68
PHC-DST-C2-05,2024-12-17,4.84,19.16,9.05
PHC-DST-C2-05,2024-12-18,3.99,20.01,7.46
PHC-DST-C2-05,2024-12-19,,19.96,7.55
PHC-DST-C2-05,2024-12-20,3.38,20.62,6.32
PHC-DST-C2-05,2024-12-21,3.06,20.94,5.72
PHC-DST-C2-05,2024-12-22,4.76,19.24,8.9
PHC-DST-C2-05,2024-12-23,4.25,19.75,7.95
PHC-DST-C2-05,2024-12-24,4.32,19.68,8.08
PHC-DST-C2-05,2024-12-25,3.36,,6.28
PHC-DST-C2-05,2024-12-26,5.02,18.98,9.39
PHC-DST-C2-05,2024-12-27,3.63,20.37,6.79
PHC-DST-C2-05,2024-12-28,3.2,20.8,5.98
PHC-DST-C2-05,2024-12-29,3.37,20.63,6.3
PHC-DST-C2-05,2024-12-30,4.98,19.02,9.31
PHC-DST-C2-05,2024-12-31,2.97,21.03,5.55
PHC-DST-C2-05,2025-01-01,3.24,20.76,6.06
PHC-DST-C2-05,2025-01-02,5.97,,11.16
PHC-DST-C2-05,2025-01-03,4.51,19.49,8.43
PHC-DST-C2-05,2025-01-04,3.25,20.75,6.08
PHC-DST-C2-05,2025-01-05,,21.01,5.59
PHC-DST-C2-05,2025-01-06,2.55,21.45,4.77
PHC-DST-C2-05,2025-01-07,3.87,20.13,7.24
PHC-DST-C2-05,2025-01-08,4.35,19.65,8.13
PHC-DST-C2-05,2025-01-09,4.94,19.06,9.24
PHC-DST-C2-05,2025-01-10,2.38,21.62,4.45
PHC-DST-C2-05,2025-01-11,2.81,21.19,5.25
PHC-DST-C2-05,2025-01-12,3.71,20.29,6.94
PHC-DST-C2-05,2025-01-13,5.89,18.11,11.01
PHC-DST-C2-05,2025-01-14,4.46,19.54,8.34
PHC-DST-C2-05,2025-01-15,4.08,19.92,7.63
PHC-DST-C2-05,2025-01-16,2.88,21.12,5.39
PHC-DST-C2-05,2025-01-17,2.21,21.79,4.13
PHC-DST-C2-05,2025-01-18,3.83,20.17,7.16
PHC-DST-C2-05,2025-01-19,3.73,20.27,6.98
PHC-DST-C2-05,2025-01-20,3.6,20.4,6.73
PHC-DST-C2-05,2025-01-21,3.51,20.49,6.56
PHC-DST-C2-05,2025-01-22,3.24,20.76,6.06
PHC-DST-C2-05,2025-01-23,3.07,20.93,5.74
PHC-DST-C2-05,2025-01-24,4.84,19.16,9.05
PHC-DST-C2-05,2025-01-25,3.14,20.86,5.87
PHC-DST-C2-05,2025-01-26,3.59,20.41,6.71
PHC-DST-C2-05,2025-01-27,3.77,,7.05
PHC-DST-C2-05,2025-01-28,4.33,19.67,8.1
PHC-DST-C2-05,2025-01-29,3.16,20.84,5.91
PHC-DST-C2-05,2025-01-30,4.53,19.47,8.47
PHC-DST-C2-05,2025-01-31,3.37,20.63,6.3
PHC-DST-C2-05,2025-02-01,3.68,20.32,6.88
PHC-DST-C2-05,2025-02-02,5.03,18.97,9.41
PHC-DST-C2-05,2025-02-03,3.07,20.93,5.74
PHC-DST-C2-05,2025-02-04,4.34,19.66,8.12
PHC-DST-C2-05,2025-02-05,4.55,19.45,8.51
PHC-DST-C2-05,2025-02-06,4.03,19.97,7.54
PHC-DST-C2-05,2025-02-07,3.71,20.29,6.94
PHC-DST-C2-05,2025-02-08,5.39,18.61,10.08
PHC-DST-C2-05,2025-02-09,3.79,20.21,7.09
PHC-DST-C2-05,2025-02-10,3.95,20.05,7.39
PHC-DST-C2-05,2025-02-11,3.55,20.45,6.64
PHC-DST-C2-05,2025-02-12,3.91,20.09,7.31
PHC-DST-C2-05,2025-02-13,4.52,19.48,8.45
PHC-DST-C2-05,2025-02-14,3.59,20.41,6.71
PHC-DST-C2-05,2025-02-15,2.22,21.78,4.15
PHC-DST-C2-05,2025-02-16,4.19,19.81,7.84
PHC-DST-C2-05,2025-02-17,2.99,21.01,5.59
PHC-DST-C2-05,2025-02-18,4.36,19.64,8.15
PHC-DST-C2-05,2025-02-19,3.8,20.2,7.11
PHC-DST-C2-05,2025-02-20,4.51,,8.43
PHC-DST-C2-05,2025-02-21,3.09,20.91,5.78
PHC-DST-C2-05,2025-02-22,3.4,20.6,6.36
PHC-DST-C2-05,2025-02-23,3.54,20.46,6.62
PHC-DST-C2-05,2025-02-24,2.69,21.31,5.03
PHC-DST-C2-05,2025-02-25,4.63,19.37,8.66
PHC-DST-C2-05,2025-02-26,2.58,21.42,4.82
PHC-DST-C2-05,2025-02-27,4.62,19.38,8.64
PHC-DST-C2-05,2025-02-28,4.12,19.88,7.7
PHC-DST-C2-05,2025-03-01,3.65,20.35,6.83
PHC-DST-C2-05,2025-03-02,4.06,19.94,7.59
PHC-DST-C2-05,2025-03-03,4.04,19.96,7.55
PHC-DST-C2-05,2025-03-04,3.5,20.5,6.55
PHC-DST-C2-05,2025-03-05,4.02,19.98,7.52
PHC-DST-C2-05,2025-03-06,,19.65,8.13
PHC-DST-C2-05,2025-03-07,3.09,20.91,5.78
PHC-DST-C2-05,2025-03-08,4.06,19.94,7.59
PHC-DST-C2-05,2025-03-09,1.83,22.17,3.42
PHC-DST-C2-05,2025-03-10,2.35,21.65,4.39
PHC-DST-C2-05,2025-03-11,4.22,19.78,7.89
PHC-DST-C2-05,2025-03-12,3.49,20.51,6.53
PHC-DST-C2-05,2025-03-13,3.16,20.84,5.91
PHC-DST-C2-05,2025-03-14,3.76,20.24,7.03
PHC-DST-C2-05,2025-03-15,3.5,20.5,6.55
PHC-DST-C2-05,2025-03-16,3.06,20.94,5.72
PHC-DST-C2-05,2025-03-17,2.57,21.43,4.81
PHC-DST-C2-05,2025-03-18,2.32,21.68,4.34
PHC-DST-C2-05,2025-03-19,4.35,19.65,8.13
PHC-DST-C2-05,2025-03-20,3.48,20.52,6.51
PHC-DST-C2-05,2025-03-21,4.53,19.47,8.47
PHC-DST-C2-05,2025-03-22,3.48,,6.51
PHC-DST-C2-05,2025-03-23,4.07,19.93,7.61
PHC-DST-C2-05,2025-03-24,3.71,20.29,6.94
PHC-DST-C2-05,2025-03-25,3.83,20.17,7.16
PHC-DST-C2-05,2025-03-26,3.87,20.13,7.24
PHC-DST-C2-05,2025-03-27,3.47,20.53,6.49
PHC-DST-C2-05,2025-03-28,2.88,21.12,5.39
PHC-DST-C2-05,2025-03-29,4.37,19.63,8.17
PHC-DST-C2-05,2025-03-30,5.0,19.0,9.35
PHC-DST-C2-05,2025-03-31,5.04,18.96,9.42
PHC-DST-C2-05,2025-04-01,3.39,20.61,6.34
PHC-DST-C2-05,2025-04-02,3.25,20.75,6.08
PHC-DST-C2-05,2025-04-03,3.38,20.62,6.32
PHC-DST-C2-05,2025-04-04,3.67,20.33,6.86
PHC-DST-C2-05,2025-04-05,3.76,20.24,7.03
PHC-DST-C2-05,2025-04-06,3.05,20.95,5.7
PHC-DST-C2-05,2025-04-07,2.69,21.31,5.03
PHC-DST-C2-05,2025-04-08,3.84,20.16,7.18
PHC-DST-C2-05,2025-04-09,1.15,22.85,2.15
PHC-DST-C2-05,2025-04-10,3.72,20.28,6.96
PHC-DST-C2-05,2025-04-11,3.09,20.91,5.78
PHC-DST-C2-05,2025-04-12,4.39,19.61,8.21
PHC-DST-C2-05,2025-04-13,4.59,19.41,8.58
PHC-DST-C2-05,2025-04-14,4.6,19.4,8.6
PHC-DST-C2-05,2025-04-15,3.54,20.46,6.62
PHC-DST-C2-05,2025-04-16,2.95,21.05,5.52
PHC-DST-C2-05,2025-04-17,3.19,20.81,5.97
PHC-DST-C2-05,2025-04-18,4.02,,7.52
PHC-DST-C2-05,2025-04-19,2.57,21.43,4.81
PHC-DST-C2-05,2025-04-20,4.85,19.15,9.07
PHC-DST-C2-05,2025-04-21,3.55,20.45,6.64
PHC-DST-C2-05,2025-04-22,4.18,19.82,7.82
PHC-DST-C2-05,2025-04-23,2.46,21.54,4.6
PHC-DST-C2-05,2025-04-24,3.11,20.89,5.82
PHC-DST-C2-05,2025-04-25,2.37,21.63,4.43
PHC-DST-C2-05,2025-04-26,4.57,19.43,8.55
PHC-DST-C2-05,2025-04-27,3.68,20.32,6.88
PHC-DST-C2-05,2025-04-28,4.23,19.77,7.91
PHC-DST-C2-05,2025-04-29,3.85,20.15,7.2
PHC-DST-C2-05,2025-04-30,4.15,19.85,7.76
PHC-DST-C2-05,2025-05-01,3.55,20.45,6.64
PHC-DST-C2-05,2025-05-02,3.65,20.35,6.83
PHC-DST-C2-05,2025-05-03,3.73,20.27,6.98
PHC-DST-C2-05,2025-05-04,4.1,,7.67
PHC-DST-C2-05,2025-05-05,4.12,19.88,7.7
PHC-DST-C2-05,2025-05-06,5.91,18.09,11.05
PHC-DST-C2-05,2025-05-07,5.06,18.94,9.46
PHC-DST-C2-05,2025-05-08,2.47,21.53,4.62
PHC-DST-C2-05,2025-05-09,3.69,20.31,6.9
PHC-DST-C2-05,2025-05-10,3.5,20.5,6.55
PHC-DST-C2-05,2025-05-11,4.76,19.24,8.9
PHC-DST-C2-05,2025-05-12,3.56,20.44,6.66
PHC-DST-C2-05,2025-05-13,4.15,19.85,7.76
PHC-DST-C2-05,2025-05-14,2.05,21.95,3.83
PHC-DST-C2-05,2025-05-15,2.66,21.34,4.97
PHC-DST-C2-05,2025-05-16,,18.63,10.04
PHC-DST-C2-05,2025-05-17,3.84,20.16,7.18
PHC-DST-C2-05,2025-05-18,,20.95,5.7
PHC-DST-C2-05,2025-05-19,3.98,20.02,7.44
PHC-DST-C2-05,2025-05-20,3.01,20.99,5.63
PHC-DST-C2-05,2025-05-21,3.59,20.41,6.71
PHC-DST-C2-05,2025-05-22,2.71,21.29,5.07
PHC-DST-C2-05,2025-05-23,3.21,20.79,6.0
PHC-DST-C2-05,2025-05-24,3.49,20.51,6.53
PHC-DST-C2-05,2025-05-25,4.64,19.36,8.68
PHC-DST-C2-05,2025-05-26,4.15,19.85,7.76
PHC-DST-C2-05,2025-05-27,4.28,19.72,8.0
PHC-DST-C2-05,2025-05-28,3.78,20.22,7.07
PHC-DST-C2-05,2025-05-29,4.42,19.58,8.27
PHC-DST-C2-05,2025-05-30,3.14,20.86,5.87
PHC-DST-C2-05,2025-05-31,3.25,20.75,6.08
PHC-DST-C2-05,2025-06-01,4.11,19.89,7.69
PHC-DST-C2-05,2025-06-02,3.59,20.41,6.71
PHC-DST-C2-05,2025-06-03,3.79,20.21,7.09
PHC-DST-C2-05,2025-06-04,3.68,20.32,6.88
PHC-DST-C2-05,2025-06-05,4.74,19.26,8.86
PHC-DST-C2-05,2025-06-06,4.78,19.22,8.94
PHC-DST-C2-05,2025-06-07,3.33,20.67,6.23
PHC-DST-C2-05,2025-06-08,2.48,21.52,4.64
PHC-DST-C2-05,2025-06-09,3.27,20.73,6.11
PHC-DST-C2-05,2025-06-10,3.13,20.87,5.85
PHC-DST-C2-05,2025-06-11,4.42,19.58,8.27
PHC-DST-C2-05,2025-06-12,4.49,19.51,8.4
PHC-DST-C2-05,2025-06-13,3.03,20.97,5.67
PHC-DST-C2-05,2025-06-14,3.23,20.77,6.04
PHC-DST-C2-05,2025-06-15,2.69,21.31,5.03
PHC-DST-C2-05,2025-06-16,3.9,20.1,7.29
PHC-DST-C2-05,2025-06-17,3.77,20.23,7.05
PHC-DST-C2-05,2025-06-18,4.39,19.61,8.21
PHC-DST-C2-05,2025-06-19,4.17,19.83,7.8
PHC-DST-C2-05,2025-06-20,4.26,19.74,7.97
PHC-DST-C2-05,2025-06-21,2.64,21.36,4.94
PHC-DST-C2-05,2025-06-22,3.33,20.67,6.23
PHC-DST-C2-05,2025-06-23,4.51,19.49,8.43
PHC-DST-C2-05,2025-06-24,3.4,20.6,6.36
PHC-DST-C2-05,2025-06-25,2.58,21.42,4.82
PHC-DST-C2-05,2025-06-26,4.41,19.59,8.25
PHC-DST-C2-05,2025-06-27,3.37,20.63,6.3
PHC-DST-C2-05,2025-06-28,4.6,19.4,8.6
PHC-DST-C2-05,2025-06-29,3.79,20.21,7.09
PHC-DST-C2-05,2025-06-30,3.59,20.41,6.71
PHC-DST-C2-06,2024-01-01,4.82,19.18,9.01
PHC-DST-C2-06,2024-01-02,2.82,21.18,5.27
PHC-DST-C2-06,2024-01-03,4.88,,9.13
PHC-DST-C2-06,2024-01-04,3.32,20.68,6.21
PHC-DST-C2-06,2024-01-05,3.92,20.08,7.33
PHC-DST-C2-06,2024-01-06,3.93,20.07,7.35
PHC-DST-C2-06,2024-01-07,3.48,20.52,6.51
PHC-DST-C2-06,2024-01-08,3.23,20.77,6.04
PHC-DST-C2-06,2024-01-09,3.52,20.48,6.58
PHC-DST-C2-06,2024-01-10,3.04,20.96,5.68
PHC-DST-C2-06,2024-01-11,5.27,18.73,9.85
PHC-DST-C2-06,2024-01-12,3.44,20.56,6.43
PHC-DST-C2-06,2024-01-13,,19.33,8.73
PHC-DST-C2-06,2024-01-14,4.57,19.43,8.55
PHC-DST-C2-06,2024-01-15,4.07,19.93,7.61
PHC-DST-C2-06,2024-01-16,3.7,,6.92
PHC-DST-C2-06,2024-01-17,3.95,20.05,7.39
PHC-DST-C2-06,2024-01-18,4.23,19.77,7.91
PHC-DST-C2-06,2024-01-19,3.88,20.12,7.26
PHC-DST-C2-06,2024-01-20,2.62,21.38,4.9
PHC-DST-C2-06,2024-01-21,2.44,21.56,4.56
PHC-DST-C2-06,2024-01-22,4.93,19.07,9.22
PHC-DST-C2-06,2024-01-23,1.82,22.18,3.4
PHC-DST-C2-06,2024-01-24,3.95,20.05,7.39
PHC-DST-C2-06,2024-01-25,3.62,20.38,6.77
PHC-DST-C2-06,2024-01-26,3.92,20.08,7.33
PHC-DST-C2-06,2024-01-27,2.95,21.05,5.52
PHC-DST-C2-06,2024-01-28,4.06,19.94,7.59
PHC-DST-C2-06,2024-01-29,3.95,20.05,7.39
PHC-DST-C2-06,2024-01-30,5.87,18.13,10.98
PHC-DST-C2-06,2024-01-31,3.9,20.1,7.29
PHC-DST-C2-06,2024-02-01,4.81,19.19,8.99
PHC-DST-C2-06,2024-02-02,2.68,21.32,5.01
PHC-DST-C2-06,2024-02-03,,19.43,8.55
PHC-DST-C2-06,2024-02-04,3.97,20.03,7.42
PHC-DST-C2-06,2024-02-05,4.0,20.0,7.48
PHC-DST-C2-06,2024-02-06,4.01,19.99,7.5
PHC-DST-C2-06,2024-02-07,5.08,18.92,9.5
PHC-DST-C2-06,2024-02-08,3.99,20.01,7.46
PHC-DST-C2-06,2024-02-09,3.21,20.79,6.0
PHC-DST-C2-06,2024-02-10,3.34,20.66,6.25
PHC-DST-C2-06,2024-02-11,4.41,19.59,8.25
PHC-DST-C2-06,2024-02-12,4.14,,7.74
PHC-DST-C2-06,2024-02-13,2.65,21.35,4.96
PHC-DST-C2-06,2024-02-14,4.19,19.81,7.84
PHC-DST-C2-06,2024-02-15,,21.01,5.59
PHC-DST-C2-06,2024-02-16,4.13,19.87,7.72
PHC-DST-C2-06,2024-02-17,3.2,20.8,5.98
PHC-DST-C2-06,2024-02-18,3.59,20.41,6.71
PHC-DST-C2-06,2024-02-19,3.39,20.61,6.34
PHC-DST-C2-06,2024-02-20,4.94,19.06,9.24
PHC-DST-C2-06,2024-02-21,4.1,19.9,7.67
PHC-DST-C2-06,2024-02-22,4.75,19.25,8.88
PHC-DST-C2-06,2024-02-23,5.97,18.03,11.16
PHC-DST-C2-06,2024-02-24,3.84,20.16,7.18
PHC-DST-C2-06,2024-02-25,4.93,19.07,9.22
PHC-DST-C2-06,2024-02-26,3.28,20.72,6.13
PHC-DST-C2-06,2024-02-27,4.74,19.26,8.86
PHC-DST-C2-06,2024-02-28,3.19,,5.97
PHC-DST-C2-06,2024-02-29,3.79,20.21,7.09
PHC-DST-C2-06,2024-03-01,4.2,19.8,7.85
PHC-DST-C2-06,2024-03-02,4.32,19.68,8.08
PHC-DST-C2-06,2024-03-03,2.85,,5.33
PHC-DST-C2-06,2024-03-04,3.15,20.85,5.89
PHC-DST-C2-06,2024-03-05,4.26,19.74,7.97
PHC-DST-C2-06,2024-03-06,3.52,20.48,6.58
PHC-DST-C2-06,2024-03-07,2.75,21.25,5.14
PHC-DST-C2-06,2024-03-08,3.75,20.25,7.01
PHC-DST-C2-06,2024-03-09,3.71,20.29,6.94
PHC-DST-C2-06,2024-03-10,3.93,20.07,7.35
PHC-DST-C2-06,2024-03-11,4.2,19.8,7.85
PHC-DST-C2-06,2024-03-12,4.15,19.85,7.76
PHC-DST-C2-06,2024-03-13,3.22,20.78,6.02
PHC-DST-C2-06,2024-03-14,3.49,20.51,6.53
PHC-DST-C2-06,2024-03-15,4.5,19.5,8.42
PHC-DST-C2-06,2024-03-16,3.39,20.61,6.34
PHC-DST-C2-06,2024-03-17,3.5,20.5,6.55
PHC-DST-C2-06,2024-03-18,2.67,21.33,4.99
PHC-DST-C2-06,2024-03-19,3.78,20.22,7.07
PHC-DST-C2-06,2024-03-20,,19.94,7.59
PHC-DST-C2-06,2024-03-21,2.32,21.68,4.34
PHC-DST-C2-06,2024-03-22,3.0,21.0,5.61
PHC-DST-C2-06,2024-03-23,2.73,21.27,5.11
PHC-DST-C2-06,2024-03-24,4.39,19.61,8.21
PHC-DST-C2-06,2024-03-25,2.37,21.63,4.43
PHC-DST-C2-06,2024-03-26,3.74,20.26,6.99
PHC-DST-C2-06,2024-03-27,4.34,19.66,8.12
PHC-DST-C2-06,2024-03-28,3.94,20.06,7.37
PHC-DST-C2-06,2024-03-29,3.47,20.53,6.49
PHC-DST-C2-06,2024-03-30,4.06,19.94,7.59
PHC-DST-C2-06,2024-03-31,4.58,19.42,8.56
PHC-DST-C2-06,2024-04-01,3.72,20.28,6.96
PHC-DST-C2-06,2024-04-02,2.12,21.88,3.96
PHC-DST-C2-06,2024-04-03,4.66,19.34,8.71
PHC-DST-C2-06,2024-04-04,4.1,19.9,7.67
PHC-DST-C2-06,2024-04-05,3.78,20.22,7.07
PHC-DST-C2-06,2024-04-06,2.31,21.69,4.32
PHC-DST-C2-06,2024-04-07,3.58,20.42,6.69
PHC-DST-C2-06,2024-04-08,3.14,20.86,5.87
PHC-DST-C2-06,2024-04-09,2.89,21.11,5.4
PHC-DST-C2-06,2024-04-10,3.7,20.3,6.92
PHC-DST-C2-06,2024-04-11,3.4,20.6,6.36
PHC-DST-C2-06,2024-04-12,3.45,20.55,6.45
PHC-DST-C2-06,2024-04-13,4.35,19.65,8.13
PHC-DST-C2-06,2024-04-14,3.99,20.01,7.46
PHC-DST-C2-06,2024-04-15,3.43,20.57,6.41
PHC-DST-C2-06,2024-04-16,3.33,20.67,6.23
PHC-DST-C2-06,2024-04-17,3.46,20.54,6.47
PHC-DST-C2-06,2024-04-18,3.61,,6.75
PHC-DST-C2-06,2024-04-19,4.24,19.76,7.93
PHC-DST-C2-06,2024-04-20,3.02,20.98,5.65
PHC-DST-C2-06,2024-04-21,4.89,19.11,9.14
PHC-DST-C2-06,2024-04-22,4.24,19.76,7.93
PHC-DST-C2-06,2024-04-23,1.75,22.25,3.27
PHC-DST-C2-06,2024-04-24,3.86,20.14,7.22
PHC-DST-C2-06,2024-04-25,4.58,19.42,8.56
PHC-DST-C2-06,2024-04-26,4.09,19.91,7.65
PHC-DST-C2-06,2024-04-27,3.49,20.51,6.53
PHC-DST-C2-06,2024-04-28,3.75,20.25,7.01
PHC-DST-C2-06,2024-04-29,3.93,20.07,7.35
PHC-DST-C2-06,2024-04-30,4.38,19.62,8.19
PHC-DST-C2-06,2024-05-01,2.74,21.26,5.12
PHC-DST-C2-06,2024-05-02,3.35,20.65,6.26
PHC-DST-C2-06,2024-05-03,5.03,18.97,9.41
PHC-DST-C2-06,2024-05-04,3.82,20.18,7.14
PHC-DST-C2-06,2024-05-05,4.95,19.05,9.26
PHC-DST-C2-06,2024-05-06,6.04,17.96,11.29
PHC-DST-C2-06,2024-05-07,3.43,20.57,6.41
PHC-DST-C2-06,2024-05-08,2.9,21.1,5.42
PHC-DST-C2-06,2024-05-09,3.6,20.4,6.73
PHC-DST-C2-06,2024-05-10,4.62,19.38,8.64
PHC-DST-C2-06,2024-05-11,4.73,19.27,8.85
PHC-DST-C2-06,2024-05-12,5.5,18.5,10.29
PHC-DST-C2-06,2024-05-13,3.77,20.23,7.05
PHC-DST-C2-06,2024-05-14,4.17,19.83,7.8
PHC-DST-C2-06,2024-05-15,3.27,,6.11
PHC-DST-C2-06,2024-05-16,1.92,22.08,3.59
PHC-DST-C2-06,2024-05-17,3.77,20.23,7.05
PHC-DST-C2-06,2024-05-18,2.93,21.07,5.48
PHC-DST-C2-06,2024-05-19,4.28,19.72,8.0
PHC-DST-C2-06,2024-05-20,2.39,21.61,4.47
PHC-DST-C2-06,2024-05-21,3.25,20.75,6.08
PHC-DST-C2-06,2024-05-22,4.0,20.0,7.48
PHC-DST-C2-06,2024-05-23,4.08,19.92,7.63
PHC-DST-C2-06,2024-05-24,3.76,20.24,7.03
PHC-DST-C2-06,2024-05-25,5.2,18.8,9.72
PHC-DST-C2-06,2024-05-26,4.98,19.02,9.31
PHC-DST-C2-06,2024-05-27,3.29,20.71,6.15
PHC-DST-C2-06,2024-05-28,5.01,18.99,9.37
PHC-DST-C2-06,2024-05-29,5.12,18.88,9.57
PHC-DST-C2-06,2024-05-30,3.71,20.29,6.94
PHC-DST-C2-06,2024-05-31,3.83,20.17,7.16
PHC-DST-C2-06,2024-06-01,3.76,20.24,7.03
PHC-DST-C2-06,2024-06-02,3.32,20.68,6.21
PHC-DST-C2-06,2024-06-03,3.39,20.61,6.34
PHC-DST-C2-06,2024-06-04,4.79,19.21,8.96
PHC-DST-C2-06,2024-06-05,4.13,19.87,7.72
PHC-DST-C2-06,2024-06-06,3.38,,6.32
PHC-DST-C2-06,2024-06-07,3.11,,5.82
PHC-DST-C2-06,2024-06-08,3.23,20.77,6.04
PHC-DST-C2-06,2024-06-09,3.68,20.32,6.88
PHC-DST-C2-06,2024-06-10,4.48,19.52,8.38
PHC-DST-C2-06,2024-06-11,3.15,20.85,5.89
PHC-DST-C2-06,2024-06-12,4.48,19.52,8.38
PHC-DST-C2-06,2024-06-13,3.95,20.05,7.39
PHC-DST-C2-06,2024-06-14,3.91,20.09,7.31
PHC-DST-C2-06,2024-06-15,4.57,19.43,8.55
PHC-DST-C2-06,2024-06-16,4.43,19.57,8.28
PHC-DST-C2-06,2024-06-17,2.75,21.25,5.14
PHC-DST-C2-06,2024-06-18,2.99,21.01,5.59
PHC-DST-C2-06,2024-06-19,3.63,20.37,6.79
PHC-DST-C2-06,2024-06-20,4.07,19.93,7.61
PHC-DST-C2-06,2024-06-21,4.82,19.18,9.01
PHC-DST-C2-06,2024-06-22,3.85,20.15,7.2
PHC-DST-C2-06,2024-06-23,5.08,18.92,9.5
PHC-DST-C2-06,2024-06-24,3.27,20.73,6.11
PHC-DST-C2-06,2024-06-25,3.4,20.6,6.36
PHC-DST-C2-06,2024-06-26,3.57,20.43,6.68
PHC-DST-C2-06,2024-06-27,3.19,20.81,5.97
PHC-DST-C2-06,2024-06-28,4.67,19.33,8.73
PHC-DST-C2-06,2024-06-29,1.72,22.28,3.22
PHC-DST-C2-06,2024-06-30,3.42,20.58,6.4
PHC-DST-C2-06,2024-07-01,4.66,19.34,8.71
PHC-DST-C2-06,2024-07-02,3.57,20.43,6.68
PHC-DST-C2-06,2024-07-03,4.6,19.4,8.6
PHC-DST-C2-06,2024-07-04,5.45,18.55,10.19
PHC-DST-C2-06,2024-07-05,3.86,20.14,7.22
PHC-DST-C2-06,2024-07-06,4.68,19.32,8.75
PHC-DST-C2-06,2024-07-07,5.61,18.39,10.49
PHC-DST-C2-06,2024-07-08,4.1,19.9,7.67
PHC-DST-C2-06,2024-07-09,3.76,20.24,7.03
PHC-DST-C2-06,2024-07-10,4.48,19.52,8.38
PHC-DST-C2-06,2024-07-11,4.69,19.31,8.77
PHC-DST-C2-06,2024-07-12,3.77,20.23,7.05
PHC-DST-C2-06,2024-07-13,3.44,20.56,6.43
PHC-DST-C2-06,2024-07-14,5.09,18.91,9.52
PHC-DST-C2-06,2024-07-15,3.6,20.4,6.73
PHC-DST-C2-06,2024-07-16,4.7,19.3,8.79
PHC-DST-C2-06,2024-07-17,4.0,20.0,7.48
PHC-DST-C2-06,2024-07-18,5.17,18.83,9.67
PHC-DST-C2-06,2024-07-19,3.16,20.84,5.91
PHC-DST-C2-06,2024-07-20,3.16,20.84,5.91
PHC-DST-C2-06,2024-07-21,,19.56,8.3
PHC-DST-C2-06,2024-07-22,2.95,21.05,5.52
PHC-DST-C2-06,2024-07-23,3.89,20.11,7.27
PHC-DST-C2-06,2024-07-24,4.96,19.04,9.28
PHC-DST-C2-06,2024-07-25,2.46,21.54,4.6
PHC-DST-C2-06,2024-07-26,4.1,19.9,7.67
PHC-DST-C2-06,2024-07-27,4.71,19.29,8.81
PHC-DST-C2-06,2024-07-28,3.78,20.22,7.07
PHC-DST-C2-06,2024-07-29,3.1,20.9,5.8
PHC-DST-C2-06,2024-07-30,3.6,20.4,6.73
PHC-DST-C2-06,2024-07-31,,20.83,5.93
PHC-DST-C2-06,2024-08-01,3.85,20.15,7.2
PHC-DST-C2-06,2024-08-02,3.59,20.41,6.71
PHC-DST-C2-06,2024-08-03,3.42,20.58,6.4
PHC-DST-C2-06,2024-08-04,4.15,19.85,7.76
PHC-DST-C2-06,2024-08-05,4.98,19.02,9.31
PHC-DST-C2-06,2024-08-06,4.05,19.95,7.57
PHC-DST-C2-06,2024-08-07,4.81,19.19,8.99
PHC-DST-C2-06,2024-08-08,4.98,19.02,9.31
PHC-DST-C2-06,2024-08-09,3.36,20.64,6.28
PHC-DST-C2-06,2024-08-10,4.01,19.99,7.5
PHC-DST-C2-06,2024-08-11,3.48,20.52,6.51
PHC-DST-C2-06,2024-08-12,2.69,21.31,5.03
PHC-DST-C2-06,2024-08-13,4.07,19.93,7.61
PHC-DST-C2-06,2024-08-14,9.94,14.06,18.59
PHC-DST-C2-06,2024-08-15,2.63,21.37,4.92
PHC-DST-C2-06,2024-08-16,3.93,20.07,7.35
PHC-DST-C2-06,2024-08-17,2.62,21.38,4.9
PHC-DST-C2-06,2024-08-18,4.31,19.69,8.06
PHC-DST-C2-06,2024-08-19,3.5,20.5,6.55
PHC-DST-C2-06,2024-08-20,3.43,,6.41
PHC-DST-C2-06,2024-08-21,4.64,19.36,8.68
PHC-DST-C2-06,2024-08-22,3.56,20.44,6.66
PHC-DST-C2-06,2024-08-23,3.88,20.12,7.26
PHC-DST-C2-06,2024-08-24,3.65,20.35,6.83
PHC-DST-C2-06,2024-08-25,4.18,19.82,7.82
PHC-DST-C2-06,2024-08-26,4.58,19.42,8.56
PHC-DST-C2-06,2024-08-27,4.43,19.57,8.28
PHC-DST-C2-06,2024-08-28,3.45,20.55,6.45
PHC-DST-C2-06,2024-08-29,4.71,19.29,8.81
PHC-DST-C2-06,2024-08-30,3.11,20.89,5.82
PHC-DST-C2-06,2024-08-31,3.24,20.76,6.06
PHC-DST-C2-06,2024-09-01,3.7,20.3,6.92
PHC-DST-C2-06,2024-09-02,4.59,19.41,8.58
PHC-DST-C2-06,2024-09-03,2.92,21.08,5.46
PHC-DST-C2-06,2024-09-04,4.47,19.53,8.36
PHC-DST-C2-06,2024-09-05,3.76,20.24,7.03
PHC-DST-C2-06,2024-09-06,3.47,20.53,6.49
PHC-DST-C2-06,2024-09-07,4.62,19.38,8.64
PHC-DST-C2-06,2024-09-08,8.31,15.69,15.54
PHC-DST-C2-06,2024-09-09,3.67,20.33,6.86
PHC-DST-C2-06,2024-09-10,3.91,20.09,7.31
PHC-DST-C2-06,2024-09-11,4.96,19.04,9.28
PHC-DST-C2-06,2024-09-12,3.93,20.07,7.35
PHC-DST-C2-06,2024-09-13,4.69,19.31,8.77
PHC-DST-C2-06,2024-09-14,2.34,,4.38
PHC-DST-C2-06,2024-09-15,3.47,20.53,6.49
PHC-DST-C2-06,2024-09-16,4.1,19.9,7.67
PHC-DST-C2-06,2024-09-17,,19.39,8.62
PHC-DST-C2-06,2024-09-18,4.38,19.62,8.19
PHC-DST-C2-06,2024-09-19,4.31,19.69,8.06
PHC-DST-C2-06,2024-09-20,4.6,19.4,8.6
PHC-DST-C2-06,2024-09-21,4.16,19.84,7.78
PHC-DST-C2-06,2024-09-22,2.19,21.81,4.1
PHC-DST-C2-06,2024-09-23,4.88,19.12,9.13
PHC-DST-C2-06,2024-09-24,3.17,20.83,5.93
PHC-DST-C2-06,2024-09-25,4.04,19.96,7.55
PHC-DST-C2-06,2024-09-26,3.94,,7.37
PHC-DST-C2-06,2024-09-27,3.84,20.16,7.18
PHC-DST-C2-06,2024-09-28,2.97,21.03,5.55
PHC-DST-C2-06,2024-09-29,2.35,21.65,4.39
PHC-DST-C2-06,2024-09-30,3.05,20.95,5.7
PHC-DST-C2-06,2024-10-01,4.42,19.58,8.27
PHC-DST-C2-06,2024-10-02,2.72,21.28,5.09
PHC-DST-C2-06,2024-10-03,3.14,20.86,5.87
PHC-DST-C2-06,2024-10-04,4.11,19.89,7.69
PHC-DST-C2-06,2024-10-05,3.03,20.97,5.67
PHC-DST-C2-06,2024-10-06,3.39,20.61,6.34
PHC-DST-C2-06,2024-10-07,3.86,20.14,7.22
PHC-DST-C2-06,2024-10-08,4.01,19.99,7.5
PHC-DST-C2-06,2024-10-09,3.01,20.99,5.63
PHC-DST-C2-06,2024-10-10,3.91,20.09,7.31
PHC-DST-C2-06,2024-10-11,4.1,19.9,7.67
PHC-DST-C2-06,2024-10-12,2.85,21.15,5.33
PHC-DST-C2-06,2024-10-13,3.96,20.04,7.41
PHC-DST-C2-06,2024-10-14,3.26,20.74,6.1
PHC-DST-C2-06,2024-10-15,3.89,20.11,7.27
PHC-DST-C2-06,2024-10-16,4.34,19.66,8.12
PHC-DST-C2-06,2024-10-17,3.67,20.33,6.86
PHC-DST-C2-06,2024-10-18,4.49,19.51,8.4
PHC-DST-C2-06,2024-10-19,4.39,19.61,8.21
PHC-DST-C2-06,2024-10-20,4.48,19.52,8.38
PHC-DST-C2-06,2024-10-21,4.1,19.9,7.67
PHC-DST-C2-06,2024-10-22,4.63,19.37,8.66
PHC-DST-C2-06,2024-10-23,4.09,19.91,7.65
PHC-DST-C2-06,2024-10-24,2.55,21.45,4.77
PHC-DST-C2-06,2024-10-25,3.21,20.79,6.0
PHC-DST-C2-06,2024-10-26,3.64,20.36,6.81
PHC-DST-C2-06,2024-10-27,3.73,20.27,6.98
PHC-DST-C2-06,2024-10-28,4.07,19.93,7.61
PHC-DST-C2-06,2024-10-29,3.19,20.81,5.97
PHC-DST-C2-06,2024-10-30,5.31,18.69,9.93
PHC-DST-C2-06,2024-10-31,3.72,20.28,6.96
PHC-DST-C2-06,2024-11-01,3.79,20.21,7.09
PHC-DST-C2-06,2024-11-02,3.3,20.7,6.17
PHC-DST-C2-06,2024-11-03,3.05,20.95,5.7
PHC-DST-C2-06,2024-11-04,3.71,20.29,6.94
PHC-DST-C2-06,2024-11-05,3.82,20.18,7.14
PHC-DST-C2-06,2024-11-06,3.73,20.27,6.98
PHC-DST-C2-06,2024-11-07,5.04,18.96,9.42
PHC-DST-C2-06,2024-11-08,3.71,20.29,6.94
PHC-DST-C2-06,2024-11-09,3.74,20.26,6.99
PHC-DST-C2-06,2024-11-10,4.41,19.59,8.25
PHC-DST-C2-06,2024-11-11,3.67,20.33,6.86
PHC-DST-C2-06,2024-11-12,4.2,19.8,7.85
PHC-DST-C2-06,2024-11-13,2.84,21.16,5.31
PHC-DST-C2-06,2024-11-14,,21.15,5.33
PHC-DST-C2-06,2024-11-15,3.89,20.11,7.27
PHC-DST-C2-06,2024-11-16,3.63,20.37,6.79
PHC-DST-C2-06,2024-11-17,3.19,20.81,5.97
PHC-DST-C2-06,2024-11-18,3.89,20.11,7.27
PHC-DST-C2-06,2024-11-19,3.96,20.04,7.41
PHC-DST-C2-06,2024-11-20,3.27,20.73,6.11
PHC-DST-C2-06,2024-11-21,3.41,20.59,6.38
PHC-DST-C2-06,2024-11-22,3.96,20.04,7.41
PHC-DST-C2-06,2024-11-23,3.03,20.97,5.67
PHC-DST-C2-06,2024-11-24,3.35,20.65,6.26
PHC-DST-C2-06,2024-11-25,4.2,19.8,7.85
PHC-DST-C2-06,2024-11-26,3.78,20.22,7.07
PHC-DST-C2-06,2024-11-27,3.44,20.56,6.43
PHC-DST-C2-06,2024-11-28,3.12,20.88,5.83
PHC-DST-C2-06,2024-11-29,3.04,20.96,5.68
PHC-DST-C2-06,2024-11-30,3.7,20.3,6.92
PHC-DST-C2-06,2024-12-01,5.32,18.68,9.95
PHC-DST-C2-06,2024-12-02,4.22,19.78,7.89
PHC-DST-C2-06,2024-12-03,2.8,21.2,5.24
PHC-DST-C2-06,2024-12-04,4.33,19.67,8.1
PHC-DST-C2-06,2024-12-05,3.23,20.77,6.04
PHC-DST-C2-06,2024-12-06,3.8,20.2,7.11
PHC-DST-C2-06,2024-12-07,3.36,20.64,6.28
PHC-DST-C2-06,2024-12-08,5.32,18.68,9.95
PHC-DST-C2-06,2024-12-09,2.95,21.05,5.52
PHC-DST-C2-06,2024-12-10,4.04,19.96,7.55
PHC-DST-C2-06,2024-12-11,,20.71,6.15
PHC-DST-C2-06,2024-12-12,4.35,19.65,8.13
PHC-DST-C2-06,2024-12-13,4.02,19.98,7.52
PHC-DST-C2-06,2024-12-14,4.74,19.26,8.86
PHC-DST-C2-06,2024-12-15,4.34,19.66,8.12
PHC-DST-C2-06,2024-12-16,3.28,20.72,6.13
PHC-DST-C2-06,2024-12-17,5.99,18.01,11.2
PHC-DST-C2-06,2024-12-18,4.22,19.78,7.89
PHC-DST-C2-06,2024-12-19,3.39,20.61,6.34
PHC-DST-C2-06,2024-12-20,3.95,20.05,7.39
PHC-DST-C2-06,2024-12-21,4.27,19.73,7.98
PHC-DST-C2-06,2024-12-22,4.24,19.76,7.93
PHC-DST-C2-06,2024-12-23,4.17,19.83,7.8
PHC-DST-C2-06,2024-12-24,,19.48,8.45
PHC-DST-C2-06,2024-12-25,,19.55,8.32
PHC-DST-C2-06,2024-12-26,3.16,20.84,5.91
PHC-DST-C2-06,2024-12-27,5.38,18.62,10.06
PHC-DST-C2-06,2024-12-28,5.28,18.72,9.87
PHC-DST-C2-06,2024-12-29,4.4,19.6,8.23
PHC-DST-C2-06,2024-12-30,3.83,20.17,7.16
PHC-DST-C2-06,2024-12-31,3.84,20.16,7.18
PHC-DST-C2-06,2025-01-01,3.56,20.44,6.66
PHC-DST-C2-06,2025-01-02,3.65,20.35,6.83
PHC-DST-C2-06,2025-01-03,2.16,21.84,4.04
PHC-DST-C2-06,2025-01-04,4.95,19.05,9.26
PHC-DST-C2-06,2025-01-05,4.68,19.32,8.75
PHC-DST-C2-06,2025-01-06,2.54,21.46,4.75
PHC-DST-C2-06,2025-01-07,4.47,19.53,8.36
PHC-DST-C2-06,2025-01-08,3.79,,7.09
PHC-DST-C2-06,2025-01-09,3.65,20.35,6.83
PHC-DST-C2-06,2025-01-10,4.17,19.83,7.8
PHC-DST-C2-06,2025-01-11,2.49,21.51,4.66
PHC-DST-C2-06,2025-01-12,3.79,20.21,7.09
PHC-DST-C2-06,2025-01-13,3.86,20.14,7.22
PHC-DST-C2-06,2025-01-14,3.86,20.14,7.22
PHC-DST-C2-06,2025-01-15,2.77,21.23,5.18
PHC-DST-C2-06,2025-01-16,4.14,,7.74
PHC-DST-C2-06,2025-01-17,4.59,19.41,8.58
PHC-DST-C2-06,2025-01-18,4.11,19.89,7.69
PHC-DST-C2-06,2025-01-19,3.63,20.37,6.79
PHC-DST-C2-06,2025-01-20,5.82,18.18,10.88
PHC-DST-C2-06,2025-01-21,3.11,20.89,5.82
PHC-DST-C2-06,2025-01-22,4.38,19.62,8.19
PHC-DST-C2-06,2025-01-23,3.98,20.02,7.44
PHC-DST-C2-06,2025-01-24,5.31,18.69,9.93
PHC-DST-C2-06,2025-01-25,4.09,19.91,7.65
PHC-DST-C2-06,2025-01-26,4.25,19.75,7.95
PHC-DST-C2-06,2025-01-27,4.18,19.82,7.82
PHC-DST-C2-06,2025-01-28,3.01,20.99,5.63
PHC-DST-C2-06,2025-01-29,3.15,20.85,5.89
PHC-DST-C2-06,2025-01-30,3.59,20.41,6.71
PHC-DST-C2-06,2025-01-31,4.52,19.48,8.45
PHC-DST-C2-06,2025-02-01,3.97,20.03,7.42
PHC-DST-C2-06,2025-02-02,3.64,20.36,6.81
PHC-DST-C2-06,2025-02-03,4.83,19.17,9.03
PHC-DST-C2-06,2025-02-04,2.31,21.69,4.32
PHC-DST-C2-06,2025-02-05,2.83,21.17,5.29
PHC-DST-C2-06,2025-02-06,1.93,22.07,3.61
PHC-DST-C2-06,2025-02-07,4.71,19.29,8.81
PHC-DST-C2-06,2025-02-08,,20.27,6.98
PHC-DST-C2-06,2025-02-09,4.52,19.48,8.45
PHC-DST-C2-06,2025-02-10,3.72,20.28,6.96
PHC-DST-C2-06,2025-02-11,4.57,19.43,8.55
PHC-DST-C2-06,2025-02-12,3.7,20.3,6.92
PHC-DST-C2-06,2025-02-13,4.11,19.89,7.69
PHC-DST-C2-06,2025-02-14,4.0,20.0,7.48
PHC-DST-C2-06,2025-02-15,4.05,19.95,7.57
PHC-DST-C2-06,2025-02-16,5.06,18.94,9.46
PHC-DST-C2-06,2025-02-17,2.58,21.42,4.82
PHC-DST-C2-06,2025-02-18,3.75,20.25,7.01
PHC-DST-C2-06,2025-02-19,3.95,20.05,7.39
PHC-DST-C2-06,2025-02-20,3.84,20.16,7.18
PHC-DST-C2-06,2025-02-21,3.5,20.5,6.55
PHC-DST-C2-06,2025-02-22,3.4,20.6,6.36
PHC-DST-C2-06,2025-02-23,4.95,19.05,9.26
PHC-DST-C2-06,2025-02-24,3.75,20.25,7.01
PHC-DST-C2-06,2025-02-25,5.63,18.37,10.53
PHC-DST-C2-06,2025-02-26,4.2,19.8,7.85
PHC-DST-C2-06,2025-02-27,3.58,20.42,6.69
PHC-DST-C2-06,2025-02-28,4.21,19.79,7.87
PHC-DST-C2-06,2025-03-01,3.88,,7.26
PHC-DST-C2-06,2025-03-02,4.81,19.19,8.99
PHC-DST-C2-06,2025-03-03,2.92,21.08,5.46
PHC-DST-C2-06,2025-03-04,2.45,21.55,4.58
PHC-DST-C2-06,2025-03-05,4.07,19.93,7.61
PHC-DST-C2-06,2025-03-06,4.43,19.57,8.28
PHC-DST-C2-06,2025-03-07,4.01,19.99,7.5
PHC-DST-C2-06,2025-03-08,4.3,19.7,8.04
PHC-DST-C2-06,2025-03-09,4.19,19.81,7.84
PHC-DST-C2-06,2025-03-10,2.69,21.31,5.03
PHC-DST-C2-06,2025-03-11,4.01,19.99,7.5
PHC-DST-C2-06,2025-03-12,4.79,19.21,8.96
PHC-DST-C2-06,2025-03-13,3.93,20.07,7.35
PHC-DST-C2-06,2025-03-14,2.82,21.18,5.27
PHC-DST-C2-06,2025-03-15,,20.45,6.64
PHC-DST-C2-06,2025-03-16,4.22,19.78,7.89
PHC-DST-C2-06,2025-03-17,5.15,18.85,9.63
PHC-DST-C2-06,2025-03-18,2.33,21.67,4.36
PHC-DST-C2-06,2025-03-19,4.07,19.93,7.61
PHC-DST-C2-06,2025-03-20,3.1,20.9,5.8
PHC-DST-C2-06,2025-03-21,4.18,19.82,7.82
PHC-DST-C2-06,2025-03-22,4.24,19.76,7.93
PHC-DST-C2-06,2025-03-23,3.63,20.37,6.79
PHC-DST-C2-06,2025-03-24,4.27,19.73,7.98
PHC-DST-C2-06,2025-03-25,4.65,19.35,8.7
PHC-DST-C2-06,2025-03-26,3.68,20.32,6.88
PHC-DST-C2-06,2025-03-27,2.8,21.2,5.24
PHC-DST-C2-06,2025-03-28,4.87,19.13,9.11
PHC-DST-C2-06,2025-03-29,4.42,19.58,8.27
PHC-DST-C2-06,2025-03-30,4.22,19.78,7.89
PHC-DST-C2-06,2025-03-31,3.28,20.72,6.13
PHC-DST-C2-06,2025-04-01,4.54,19.46,8.49
PHC-DST-C2-06,2025-04-02,5.33,18.67,9.97
PHC-DST-C2-06,2025-04-03,3.71,20.29,6.94
PHC-DST-C2-06,2025-04-04,3.87,20.13,7.24
PHC-DST-C2-06,2025-04-05,3.0,21.0,5.61
PHC-DST-C2-06,2025-04-06,3.26,20.74,6.1
PHC-DST-C2-06,2025-04-07,2.99,21.01,5.59
PHC-DST-C2-06,2025-04-08,3.9,20.1,7.29
PHC-DST-C2-06,2025-04-09,3.54,20.46,6.62
PHC-DST-C2-06,2025-04-10,4.08,19.92,7.63
PHC-DST-C2-06,2025-04-11,3.13,20.87,5.85
PHC-DST-C2-06,2025-04-12,3.67,20.33,6.86
PHC-DST-C2-06,2025-04-13,3.08,20.92,5.76
PHC-DST-C2-06,2025-04-14,3.94,20.06,7.37
PHC-DST-C2-06,2025-04-15,2.58,21.42,4.82
PHC-DST-C2-06,2025-04-16,3.91,20.09,7.31
PHC-DST-C2-06,2025-04-17,3.59,,6.71
PHC-DST-C2-06,2025-04-18,3.94,20.06,7.37
PHC-DST-C2-06,2025-04-19,2.56,21.44,4.79
PHC-DST-C2-06,2025-04-20,4.29,19.71,8.02
PHC-DST-C2-06,2025-04-21,3.58,20.42,6.69
PHC-DST-C2-06,2025-04-22,3.96,20.04,7.41
PHC-DST-C2-06,2025-04-23,2.4,21.6,4.49
PHC-DST-C2-06,2025-04-24,2.87,21.13,5.37
PHC-DST-C2-06,2025-04-25,3.51,20.49,6.56
PHC-DST-C2-06,2025-04-26,4.83,19.17,9.03
PHC-DST-C2-06,2025-04-27,4.2,19.8,7.85
PHC-DST-C2-06,2025-04-28,3.9,20.1,7.29
PHC-DST-C2-06,2025-04-29,3.11,20.89,5.82
PHC-DST-C2-06,2025-04-30,2.97,21.03,5.55
PHC-DST-C2-06,2025-05-01,4.01,19.99,7.5
PHC-DST-C2-06,2025-05-02,4.33,19.67,8.1
PHC-DST-C2-06,2025-05-03,3.96,20.04,7.41
PHC-DST-C2-06,2025-05-04,5.08,18.92,9.5
PHC-DST-C2-06,2025-05-05,3.29,20.71,6.15
PHC-DST-C2-06,2025-05-06,3.93,20.07,7.35
PHC-DST-C2-06,2025-05-07,2.53,21.47,4.73
PHC-DST-C2-06,2025-05-08,3.96,20.04,7.41
PHC-DST-C2-06,2025-05-09,4.9,19.1,9.16
PHC-DST-C2-06,2025-05-10,3.02,20.98,5.65
PHC-DST-C2-06,2025-05-11,4.43,19.57,8.28
PHC-DST-C2-06,2025-05-12,4.88,19.12,9.13
PHC-DST-C2-06,2025-05-13,3.28,20.72,6.13
PHC-DST-C2-06,2025-05-14,4.15,19.85,7.76
PHC-DST-C2-06,2025-05-15,4.98,19.02,9.31
PHC-DST-C2-06,2025-05-16,3.97,20.03,7.42
PHC-DST-C2-06,2025-05-17,4.39,19.61,8.21
PHC-DST-C2-06,2025-05-18,2.47,21.53,4.62
PHC-DST-C2-06,2025-05-19,4.25,19.75,7.95
PHC-DST-C2-06,2025-05-20,4.19,19.81,7.84
PHC-DST-C2-06,2025-05-21,2.81,21.19,5.25
PHC-DST-C2-06,2025-05-22,3.08,20.92,5.76
PHC-DST-C2-06,2025-05-23,4.25,19.75,7.95
PHC-DST-C2-06,2025-05-24,3.57,20.43,6.68
PHC-DST-C2-06,2025-05-25,4.63,19.37,8.66
PHC-DST-C2-06,2025-05-26,4.03,19.97,7.54
PHC-DST-C2-06,2025-05-27,3.84,20.16,7.18
PHC-DST-C2-06,2025-05-28,3.67,20.33,6.86
PHC-DST-C2-06,2025-05-29,4.02,19.98,7.52
PHC-DST-C2-06,2025-05-30,,19.6,8.23
PHC-DST-C2-06,2025-05-31,4.2,19.8,7.85
PHC-DST-C2-06,2025-06-01,3.48,20.52,6.51
PHC-DST-C2-06,2025-06-02,4.73,19.27,8.85
PHC-DST-C2-06,2025-06-03,4.29,19.71,8.02
PHC-DST-C2-06,2025-06-04,,19.91,7.65
PHC-DST-C2-06,2025-06-05,3.87,20.13,7.24
PHC-DST-C2-06,2025-06-06,4.18,19.82,7.82
PHC-DST-C2-06,2025-06-07,2.43,21.57,4.54
PHC-DST-C2-06,2025-06-08,3.98,20.02,7.44
PHC-DST-C2-06,2025-06-09,5.03,18.97,9.41
PHC-DST-C2-06,2025-06-10,3.96,,7.41
PHC-DST-C2-06,2025-06-11,3.86,20.14,7.22
PHC-DST-C2-06,2025-06-12,3.35,20.65,6.26
PHC-DST-C2-06,2025-06-13,4.17,19.83,7.8
PHC-DST-C2-06,2025-06-14,3.65,20.35,6.83
PHC-DST-C2-06,2025-06-15,4.78,19.22,8.94
PHC-DST-C2-06,2025-06-16,3.15,20.85,5.89
PHC-DST-C2-06,2025-06-17,3.46,20.54,6.47
PHC-DST-C2-06,2025-06-18,3.35,20.65,6.26
PHC-DST-C2-06,2025-06-19,5.18,18.82,9.69
PHC-DST-C2-06,2025-06-20,3.66,20.34,6.84
PHC-DST-C2-06,2025-06-21,,20.61,6.34
PHC-DST-C2-06,2025-06-22,2.23,21.77,4.17
PHC-DST-C2-06,2025-06-23,3.12,20.88,5.83
PHC-DST-C2-06,2025-06-24,4.2,19.8,7.85
PHC-DST-C2-06,2025-06-25,4.19,19.81,7.84
PHC-DST-C2-06,2025-06-26,3.31,20.69,6.19
PHC-DST-C2-06,2025-06-27,3.35,20.65,6.26
PHC-DST-C2-06,2025-06-28,,18.81,9.71
PHC-DST-C2-06,2025-06-29,5.82,18.18,10.88
PHC-DST-C2-06,2025-06-30,4.66,19.34,8.71
