origin_phc_code,destination_phc_code,district_code,record_date,distance_km,travel_time_minutes,road_status,flood_risk
PHC-DST-A1-01,PHC-DST-A1-02,DST-A1,2024-01-01,20.4,32.3,OPEN,LOW
PHC-DST-A1-01,PHC-DST-A1-02,DST-A1,2024-01-02,20.4,31.5,OPEN,LOW
PHC-DST-A1-01,PHC-DST-A1-02,DST-A1,2024-01-03,20.4,30.9,OPEN,LOW
PHC-DST-A1-01,PHC-DST-A1-02,DST-A1,2024-01-04,20.4,30.0,OPEN,LOW
PHC-DST-A1-01,PHC-DST-A1-02,DST-A1,2024-01-05,20.4,32.8,OPEN,LOW
PHC-DST-A1-01,PHC-DST-A1-02,DST-A1,2024-01-06,20.4,29.5,OPEN,LOW
PHC-DST-A1-01,PHC-DST-A1-02,DST-A1,2024-01-07,20.4,30.3,OPEN,LOW
PHC-DST-A1-01,PHC-DST-A1-02,DST-A1,2024-01-08,20.4,29.5,OPEN,LOW
PHC-DST-A1-01,PHC-DST-A1-02,DST-A1,2024-01-09,20.4,29.3,OPEN,LOW
PHC-DST-A1-01,PHC-DST-A1-02,DST-A1,2024-01-10,20.4,31.4,OPEN,LOW
PHC-DST-A1-01,PHC-DST-A1-02,DST-A1,2024-01-11,20.4,29.9,OPEN,LOW
PHC-DST-A1-01,PHC-DST-A1-02,DST-A1,2024-01-12,20.4,32.3,OPEN,LOW
PHC-DST-A1-01,PHC-DST-A1-02,DST-A1,2024-01-13,20.4,31.0,OPEN,LOW
PHC-DST-A1-01,PHC-DST-A1-02,DST-A1,2024-01-14,20.4,30.6,OPEN,LOW
PHC-DST-A1-01,PHC-DST-A1-02,DST-A1,2024-01-15,20.4,31.1,OPEN,LOW
PHC-DST-A1-01,PHC-DST-A1-02,DST-A1,2024-01-16,20.4,33.1,OPEN,LOW
PHC-DST-A1-01,PHC-DST-A1-02,DST-A1,2024-01-17,20.4,29.4,OPEN,LOW
PHC-DST-A1-01,PHC-DST-A1-02,DST-A1,2024-01-18,20.4,33.6,OPEN,LOW
PHC-DST-A1-01,PHC-DST-A1-02,DST-A1,2024-01-19,20.4,30.2,OPEN,LOW
PHC-DST-A1-01,PHC-DST-A1-02,DST-A1,2024-01-20,20.4,31.9,OPEN,LOW
PHC-DST-A1-01,PHC-DST-A1-02,DST-A1,2024-01-21,20.4,32.9,OPEN,LOW
PHC-DST-A1-01,PHC-DST-A1-02,DST-A1,2024-01-22,20.4,30.2,OPEN,LOW
PHC-DST-A1-01,PHC-DST-A1-02,DST-A1,2024-01-23,20.4,30.7,OPEN,LOW
PHC-DST-A1-01,PHC-DST-A1-02,DST-A1,2024-01-24,20.4,29.2,OPEN,LOW
PHC-DST-A1-01,PHC-DST-A1-02,DST-A1,2024-01-25,20.4,32.0,OPEN,LOW
PHC-DST-A1-01,PHC-DST-A1-02,DST-A1,2024-01-26,20.4,30.8,OPEN,LOW
PHC-DST-A1-01,PHC-DST-A1-02,DST-A1,2024-01-27,20.4,29.2,OPEN,LOW
PHC-DST-A1-01,PHC-DST-A1-02,DST-A1,2024-01-28,20.4,31.7,OPEN,LOW
PHC-DST-A1-01,PHC-DST-A1-02,DST-A1,2024-01-29,20.4,32.0,OPEN,LOW
PHC-DST-A1-01,PHC-DST-A1-02,DST-A1,2024-01-30,20.4,32.8,OPEN,LOW
PHC-DST-A1-01,PHC-DST-A1-02,DST-A1,2024-01-31,20.4,33.3,OPEN,LOW
PHC-DST-A1-01,PHC-DST-A1-02,DST-A1,2024-02-01,20.4,32.7,OPEN,LOW
PHC-DST-A1-01,PHC-DST-A1-02,DST-A1,2024-02-02,20.4,30.3,OPEN,LOW
PHC-DST-A1-01,PHC-DST-A1-02,DST-A1,2024-02-03,20.4,30.6,OPEN,LOW
PHC-DST-A1-01,PHC-DST-A1-02,DST-A1,2024-02-04,20.4,30.2,OPEN,LOW
PHC-DST-A1-01,PHC-DST-A1-02,DST-A1,2024-02-05,20.4,29.3,OPEN,LOW
PHC-DST-A1-01,PHC-DST-A1-02,DST-A1,2024-02-06,20.4,29.3,OPEN,LOW
PHC-DST-A1-01,PHC-DST-A1-02,DST-A1,2024-02-07,20.4,32.7,OPEN,LOW
PHC-DST-A1-01,PHC-DST-A1-02,DST-A1,2024-02-08,20.4,33.0,OPEN,LOW
PHC-DST-A1-01,PHC-DST-A1-02,DST-A1,2024-02-09,20.4,32.5,OPEN,LOW
PHC-DST-A1-01,PHC-DST-A1-02,DST-A1,2024-02-10,20.4,30.2,OPEN,LOW
PHC-DST-A1-01,PHC-DST-A1-02,DST-A1,2024-02-11,20.4,33.4,OPEN,LOW
PHC-DST-A1-01,PHC-DST-A1-02,DST-A1,2024-02-12,20.4,30.5,OPEN,LOW
PHC-DST-A1-01,PHC-DST-A1-02,DST-A1,2024-02-13,20.4,33.2,OPEN,LOW
PHC-DST-A1-01,PHC-DST-A1-02,DST-A1,2024-02-14,20.4,32.5,OPEN,LOW
PHC-DST-A1-01,PHC-DST-A1-02,DST-A1,2024-02-15,20.4,30.9,OPEN,LOW
PHC-DST-A1-01,PHC-DST-A1-02,DST-A1,2024-02-16,20.4,30.9,OPEN,LOW
PHC-DST-A1-01,PHC-DST-A1-02,DST-A1,2024-02-17,20.4,32.0,OPEN,LOW
PHC-DST-A1-01,PHC-DST-A1-02,DST-A1,2024-02-18,20.4,31.0,OPEN,LOW
PHC-DST-A1-01,PHC-DST-A1-02,DST-A1,2024-02-19,20.4,32.0,OPEN,LOW
PHC-DST-A1-01,PHC-DST-A1-02,DST-A1,2024-02-20,20.4,31.3,OPEN,LOW
PHC-DST-A1-01,PHC-DST-A1-02,DST-A1,2024-02-21,20.4,32.8,OPEN,LOW
PHC-DST-A1-01,PHC-DST-A1-02,DST-A1,2024-02-22,20.4,32.2,OPEN,LOW
PHC-DST-A1-01,PHC-DST-A1-02,DST-A1,2024-02-23,20.4,30.5,OPEN,LOW
PHC-DST-A1-01,PHC-DST-A1-02,DST-A1,2024-02-24,20.4,32.8,OPEN,LOW
PHC-DST-A1-01,PHC-DST-A1-02,DST-A1,2024-02-25,20.4,29.6,OPEN,LOW
PHC-DST-A1-01,PHC-DST-A1-02,DST-A1,2024-02-26,20.4,31.1,OPEN,LOW
PHC-DST-A1-01,PHC-DST-A1-02,DST-A1,2024-02-27,20.4,31.4,OPEN,LOW
PHC-DST-A1-01,PHC-DST-A1-02,DST-A1,2024-02-28,20.4,31.6,OPEN,LOW
PHC-DST-A1-01,PHC-DST-A1-02,DST-A1,2024-02-29,20.4,30.6,OPEN,LOW
PHC-DST-A1-01,PHC-DST-A1-02,DST-A1,2024-03-01,20.4,31.0,OPEN,LOW
PHC-DST-A1-01,PHC-DST-A1-02,DST-A1,2024-03-02,20.4,30.0,OPEN,LOW
PHC-DST-A1-01,PHC-DST-A1-02,DST-A1,2024-03-03,20.4,30.7,OPEN,LOW
PHC-DST-A1-01,PHC-DST-A1-02,DST-A1,2024-03-04,20.4,32.0,OPEN,LOW
PHC-DST-A1-01,PHC-DST-A1-02,DST-A1,2024-03-05,20.4,30.6,OPEN,LOW
PHC-DST-A1-01,PHC-DST-A1-02,DST-A1,2024-03-06,20.4,29.3,OPEN,LOW
PHC-DST-A1-01,PHC-DST-A1-02,DST-A1,2024-03-07,20.4,30.9,OPEN,LOW
PHC-DST-A1-01,PHC-DST-A1-02,DST-A1,2024-03-08,20.4,30.7,OPEN,LOW
PHC-DST-A1-01,PHC-DST-A1-02,DST-A1,2024-03-09,20.4,30.5,OPEN,LOW
PHC-DST-A1-01,PHC-DST-A1-02,DST-A1,2024-03-10,20.4,31.3,OPEN,LOW
PHC-DST-A1-01,PHC-DST-A1-02,DST-A1,2024-03-11,20.4,32.5,OPEN,LOW
PHC-DST-A1-01,PHC-DST-A1-02,DST-A1,2024-03-12,20.4,29.8,OPEN,LOW
PHC-DST-A1-01,PHC-DST-A1-02,DST-A1,2024-03-13,20.4,33.5,OPEN,LOW
PHC-DST-A1-01,PHC-DST-A1-02,DST-A1,2024-03-14,20.4,29.2,OPEN,LOW
PHC-DST-A1-01,PHC-DST-A1-02,DST-A1,2024-03-15,20.4,32.4,OPEN,LOW
PHC-DST-A1-01,PHC-DST-A1-02,DST-A1,2024-03-16,20.4,30.6,OPEN,LOW
PHC-DST-A1-01,PHC-DST-A1-02,DST-A1,2024-03-17,20.4,30.0,OPEN,LOW
PHC-DST-A1-01,PHC-DST-A1-02,DST-A1,2024-03-18,20.4,30.4,OPEN,LOW
PHC-DST-A1-01,PHC-DST-A1-02,DST-A1,2024-03-19,20.4,30.9,OPEN,LOW
PHC-DST-A1-01,PHC-DST-A1-02,DST-A1,2024-03-20,20.4,32.8,OPEN,LOW
PHC-DST-A1-01,PHC-DST-A1-02,DST-A1,2024-03-21,20.4,29.2,OPEN,LOW
PHC-DST-A1-01,PHC-DST-A1-02,DST-A1,2024-03-22,20.4,33.2,OPEN,LOW
PHC-DST-A1-01,PHC-DST-A1-02,DST-A1,2024-03-23,20.4,29.3,OPEN,LOW
PHC-DST-A1-01,PHC-DST-A1-02,DST-A1,2024-03-24,20.4,32.2,OPEN,LOW
PHC-DST-A1-01,PHC-DST-A1-02,DST-A1,2024-03-25,20.4,30.0,OPEN,LOW
PHC-DST-A1-01,PHC-DST-A1-02,DST-A1,2024-03-26,20.4,31.0,OPEN,LOW
PHC-DST-A1-01,PHC-DST-A1-02,DST-A1,2024-03-27,20.4,30.9,OPEN,LOW
PHC-DST-A1-01,PHC-DST-A1-02,DST-A1,2024-03-28,20.4,29.4,OPEN,LOW
PHC-DST-A1-01,PHC-DST-A1-02,DST-A1,2024-03-29,20.4,30.4,OPEN,LOW
PHC-DST-A1-01,PHC-DST-A1-02,DST-A1,2024-03-30,20.4,31.4,OPEN,LOW
PHC-DST-A1-01,PHC-DST-A1-02,DST-A1,2024-03-31,20.4,29.7,OPEN,LOW
PHC-DST-A1-01,PHC-DST-A1-02,DST-A1,2024-04-01,20.4,29.6,OPEN,LOW
PHC-DST-A1-01,PHC-DST-A1-02,DST-A1,2024-04-02,20.4,33.5,OPEN,LOW
PHC-DST-A1-01,PHC-DST-A1-02,DST-A1,2024-04-03,20.4,31.7,OPEN,LOW
PHC-DST-A1-01,PHC-DST-A1-02,DST-A1,2024-04-04,20.4,33.2,OPEN,LOW
PHC-DST-A1-01,PHC-DST-A1-02,DST-A1,2024-04-05,20.4,31.1,OPEN,LOW
PHC-DST-A1-01,PHC-DST-A1-02,DST-A1,2024-04-06,20.4,32.8,OPEN,LOW
PHC-DST-A1-01,PHC-DST-A1-02,DST-A1,2024-04-07,20.4,31.0,OPEN,LOW
PHC-DST-A1-01,PHC-DST-A1-02,DST-A1,2024-04-08,20.4,31.3,OPEN,LOW
PHC-DST-A1-01,PHC-DST-A1-02,DST-A1,2024-04-09,20.4,30.4,OPEN,LOW
PHC-DST-A1-01,PHC-DST-A1-02,DST-A1,2024-04-10,20.4,33.6,OPEN,LOW
PHC-DST-A1-01,PHC-DST-A1-02,DST-A1,2024-04-11,20.4,31.4,OPEN,LOW
PHC-DST-A1-01,PHC-DST-A1-02,DST-A1,2024-04-12,20.4,32.3,OPEN,LOW
PHC-DST-A1-01,PHC-DST-A1-02,DST-A1,2024-04-13,20.4,30.0,OPEN,LOW
PHC-DST-A1-01,PHC-DST-A1-02,DST-A1,2024-04-14,20.4,31.9,OPEN,LOW
PHC-DST-A1-01,PHC-DST-A1-02,DST-A1,2024-04-15,20.4,30.0,OPEN,LOW
PHC-DST-A1-01,PHC-DST-A1-02,DST-A1,2024-04-16,20.4,33.1,OPEN,LOW
PHC-DST-A1-01,PHC-DST-A1-02,DST-A1,2024-04-17,20.4,29.4,OPEN,LOW
PHC-DST-A1-01,PHC-DST-A1-02,DST-A1,2024-04-18,20.4,32.0,OPEN,LOW
PHC-DST-A1-01,PHC-DST-A1-02,DST-A1,2024-04-19,20.4,33.5,OPEN,LOW
PHC-DST-A1-01,PHC-DST-A1-02,DST-A1,2024-04-20,20.4,30.4,OPEN,LOW
PHC-DST-A1-01,PHC-DST-A1-02,DST-A1,2024-04-21,20.4,30.3,OPEN,LOW
PHC-DST-A1-01,PHC-DST-A1-02,DST-A1,2024-04-22,20.4,32.1,OPEN,LOW
PHC-DST-A1-01,PHC-DST-A1-02,DST-A1,2024-04-23,20.4,31.4,OPEN,LOW
PHC-DST-A1-01,PHC-DST-A1-02,DST-A1,2024-04-24,20.4,30.7,OPEN,LOW
PHC-DST-A1-01,PHC-DST-A1-02,DST-A1,2024-04-25,20.4,33.2,OPEN,LOW
PHC-DST-A1-01,PHC-DST-A1-02,DST-A1,2024-04-26,20.4,33.2,OPEN,LOW
PHC-DST-A1-01,PHC-DST-A1-02,DST-A1,2024-04-27,20.4,31.4,OPEN,LOW
PHC-DST-A1-01,PHC-DST-A1-02,DST-A1,2024-04-28,20.4,33.1,OPEN,LOW
PHC-DST-A1-01,PHC-DST-A1-02,DST-A1,2024-04-29,20.4,32.9,OPEN,LOW
PHC-DST-A1-01,PHC-DST-A1-02,DST-A1,2024-04-30,20.4,30.8,OPEN,LOW
PHC-DST-A1-01,PHC-DST-A1-02,DST-A1,2024-05-01,20.4,32.9,OPEN,LOW
PHC-DST-A1-01,PHC-DST-A1-02,DST-A1,2024-05-02,20.4,30.8,OPEN,LOW
PHC-DST-A1-01,PHC-DST-A1-02,DST-A1,2024-05-03,20.4,30.9,OPEN,LOW
PHC-DST-A1-01,PHC-DST-A1-02,DST-A1,2024-05-04,20.4,29.5,OPEN,LOW
PHC-DST-A1-01,PHC-DST-A1-02,DST-A1,2024-05-05,20.4,31.2,OPEN,LOW
PHC-DST-A1-01,PHC-DST-A1-02,DST-A1,2024-05-06,20.4,31.5,OPEN,LOW
PHC-DST-A1-01,PHC-DST-A1-02,DST-A1,2024-05-07,20.4,33.3,OPEN,LOW
PHC-DST-A1-01,PHC-DST-A1-02,DST-A1,2024-05-08,20.4,31.2,OPEN,LOW
PHC-DST-A1-01,PHC-DST-A1-02,DST-A1,2024-05-09,20.4,32.1,OPEN,LOW
PHC-DST-A1-01,PHC-DST-A1-02,DST-A1,2024-05-10,20.4,31.7,OPEN,LOW
PHC-DST-A1-01,PHC-DST-A1-02,DST-A1,2024-05-11,20.4,32.4,OPEN,LOW
PHC-DST-A1-01,PHC-DST-A1-02,DST-A1,2024-05-12,20.4,29.5,OPEN,LOW
PHC-DST-A1-01,PHC-DST-A1-02,DST-A1,2024-05-13,20.4,32.8,OPEN,LOW
PHC-DST-A1-01,PHC-DST-A1-02,DST-A1,2024-05-14,20.4,31.5,OPEN,LOW
PHC-DST-A1-01,PHC-DST-A1-02,DST-A1,2024-05-15,20.4,30.0,OPEN,LOW
PHC-DST-A1-01,PHC-DST-A1-02,DST-A1,2024-05-16,20.4,33.0,OPEN,LOW
PHC-DST-A1-01,PHC-DST-A1-02,DST-A1,2024-05-17,20.4,30.7,OPEN,LOW
PHC-DST-A1-01,PHC-DST-A1-02,DST-A1,2024-05-18,20.4,31.1,OPEN,LOW
PHC-DST-A1-01,PHC-DST-A1-02,DST-A1,2024-05-19,20.4,33.5,OPEN,LOW
PHC-DST-A1-01,PHC-DST-A1-02,DST-A1,2024-05-20,20.4,30.7,OPEN,LOW
PHC-DST-A1-01,PHC-DST-A1-02,DST-A1,2024-05-21,20.4,30.5,OPEN,LOW
PHC-DST-A1-01,PHC-DST-A1-02,DST-A1,2024-05-22,20.4,31.1,OPEN,LOW
PHC-DST-A1-01,PHC-DST-A1-02,DST-A1,2024-05-23,20.4,30.8,OPEN,LOW
PHC-DST-A1-01,PHC-DST-A1-02,DST-A1,2024-05-24,20.4,30.9,OPEN,LOW
PHC-DST-A1-01,PHC-DST-A1-02,DST-A1,2024-05-25,20.4,30.5,OPEN,LOW
PHC-DST-A1-01,PHC-DST-A1-02,DST-A1,2024-05-26,20.4,30.1,OPEN,LOW
PHC-DST-A1-01,PHC-DST-A1-02,DST-A1,2024-05-27,20.4,32.0,OPEN,LOW
PHC-DST-A1-01,PHC-DST-A1-02,DST-A1,2024-05-28,20.4,33.5,OPEN,LOW
PHC-DST-A1-01,PHC-DST-A1-02,DST-A1,2024-05-29,20.4,29.6,OPEN,LOW
PHC-DST-A1-01,PHC-DST-A1-02,DST-A1,2024-05-30,20.4,29.3,OPEN,LOW
PHC-DST-A1-01,PHC-DST-A1-02,DST-A1,2024-05-31,20.4,30.4,OPEN,LOW
PHC-DST-A1-01,PHC-DST-A1-02,DST-A1,2024-06-01,20.4,33.3,OPEN,LOW
PHC-DST-A1-01,PHC-DST-A1-02,DST-A1,2024-06-02,20.4,30.8,OPEN,LOW
PHC-DST-A1-01,PHC-DST-A1-02,DST-A1,2024-06-03,20.4,29.3,OPEN,LOW
PHC-DST-A1-01,PHC-DST-A1-02,DST-A1,2024-06-04,20.4,32.5,OPEN,LOW
PHC-DST-A1-01,PHC-DST-A1-02,DST-A1,2024-06-05,20.4,33.6,OPEN,LOW
PHC-DST-A1-01,PHC-DST-A1-02,DST-A1,2024-06-06,20.4,32.7,OPEN,LOW
PHC-DST-A1-01,PHC-DST-A1-02,DST-A1,2024-06-07,20.4,29.6,OPEN,LOW
PHC-DST-A1-01,PHC-DST-A1-02,DST-A1,2024-06-08,20.4,33.0,OPEN,LOW
PHC-DST-A1-01,PHC-DST-A1-02,DST-A1,2024-06-09,20.4,30.3,OPEN,LOW
PHC-DST-A1-01,PHC-DST-A1-02,DST-A1,2024-06-10,20.4,29.8,OPEN,LOW
PHC-DST-A1-01,PHC-DST-A1-02,DST-A1,2024-06-11,20.4,32.9,OPEN,LOW
PHC-DST-A1-01,PHC-DST-A1-02,DST-A1,2024-06-12,20.4,33.6,OPEN,LOW
PHC-DST-A1-01,PHC-DST-A1-02,DST-A1,2024-06-13,20.4,31.9,OPEN,LOW
PHC-DST-A1-01,PHC-DST-A1-02,DST-A1,2024-06-14,20.4,32.8,OPEN,LOW
PHC-DST-A1-01,PHC-DST-A1-02,DST-A1,2024-06-15,20.4,31.3,OPEN,LOW
PHC-DST-A1-01,PHC-DST-A1-02,DST-A1,2024-06-16,20.4,29.3,OPEN,LOW
PHC-DST-A1-01,PHC-DST-A1-02,DST-A1,2024-06-17,20.4,32.5,OPEN,LOW
PHC-DST-A1-01,PHC-DST-A1-02,DST-A1,2024-06-18,20.4,29.4,OPEN,LOW
PHC-DST-A1-01,PHC-DST-A1-02,DST-A1,2024-06-19,20.4,29.7,OPEN,LOW
PHC-DST-A1-01,PHC-DST-A1-02,DST-A1,2024-06-20,20.4,29.6,OPEN,LOW
PHC-DST-A1-01,PHC-DST-A1-02,DST-A1,2024-06-21,20.4,32.3,OPEN,LOW
PHC-DST-A1-01,PHC-DST-A1-02,DST-A1,2024-06-22,20.4,32.6,OPEN,LOW
PHC-DST-A1-01,PHC-DST-A1-02,DST-A1,2024-06-23,20.4,29.7,OPEN,LOW
PHC-DST-A1-01,PHC-DST-A1-02,DST-A1,2024-06-24,20.4,33.1,OPEN,LOW
PHC-DST-A1-01,PHC-DST-A1-02,DST-A1,2024-06-25,20.4,29.5,OPEN,LOW
PHC-DST-A1-01,PHC-DST-A1-02,DST-A1,2024-06-26,20.4,32.3,OPEN,LOW
PHC-DST-A1-01,PHC-DST-A1-02,DST-A1,2024-06-27,20.4,29.4,OPEN,LOW
PHC-DST-A1-01,PHC-DST-A1-02,DST-A1,2024-06-28,20.4,29.5,OPEN,LOW
PHC-DST-A1-01,PHC-DST-A1-02,DST-A1,2024-06-29,20.4,32.7,OPEN,LOW
PHC-DST-A1-01,PHC-DST-A1-02,DST-A1,2024-06-30,20.4,32.9,OPEN,LOW
PHC-DST-A1-01,PHC-DST-A1-02,DST-A1,2024-07-01,20.4,209.2,BLOCKED,MODERATE
PHC-DST-A1-01,PHC-DST-A1-02,DST-A1,2024-07-02,20.4,32.8,OPEN,LOW
PHC-DST-A1-01,PHC-DST-A1-02,DST-A1,2024-07-03,20.4,46.7,DEGRADED,MODERATE
PHC-DST-A1-01,PHC-DST-A1-02,DST-A1,2024-07-04,20.4,70.2,DEGRADED,SEVERE
PHC-DST-A1-01,PHC-DST-A1-02,DST-A1,2024-07-05,20.4,32.7,OPEN,LOW
PHC-DST-A1-01,PHC-DST-A1-02,DST-A1,2024-07-06,20.4,61.2,DEGRADED,MODERATE
PHC-DST-A1-01,PHC-DST-A1-02,DST-A1,2024-07-07,20.4,30.1,OPEN,LOW
PHC-DST-A1-01,PHC-DST-A1-02,DST-A1,2024-07-08,20.4,33.1,OPEN,LOW
PHC-DST-A1-01,PHC-DST-A1-02,DST-A1,2024-07-09,20.4,33.1,OPEN,LOW
PHC-DST-A1-01,PHC-DST-A1-02,DST-A1,2024-07-10,20.4,44.1,DEGRADED,MODERATE
PHC-DST-A1-01,PHC-DST-A1-02,DST-A1,2024-07-11,20.4,53.6,DEGRADED,LOW
PHC-DST-A1-01,PHC-DST-A1-02,DST-A1,2024-07-12,20.4,46.1,DEGRADED,LOW
PHC-DST-A1-01,PHC-DST-A1-02,DST-A1,2024-07-13,20.4,33.6,OPEN,LOW
PHC-DST-A1-01,PHC-DST-A1-02,DST-A1,2024-07-14,20.4,44.9,DEGRADED,MODERATE
PHC-DST-A1-01,PHC-DST-A1-02,DST-A1,2024-07-15,20.4,29.4,OPEN,LOW
PHC-DST-A1-01,PHC-DST-A1-02,DST-A1,2024-07-16,20.4,31.8,OPEN,LOW
PHC-DST-A1-01,PHC-DST-A1-02,DST-A1,2024-07-17,20.4,29.4,OPEN,LOW
PHC-DST-A1-01,PHC-DST-A1-02,DST-A1,2024-07-18,20.4,30.1,OPEN,LOW
PHC-DST-A1-01,PHC-DST-A1-02,DST-A1,2024-07-19,20.4,33.3,OPEN,LOW
PHC-DST-A1-01,PHC-DST-A1-02,DST-A1,2024-07-20,20.4,31.5,OPEN,LOW
PHC-DST-A1-01,PHC-DST-A1-02,DST-A1,2024-07-21,20.4,31.0,OPEN,LOW
PHC-DST-A1-01,PHC-DST-A1-02,DST-A1,2024-07-22,20.4,46.0,DEGRADED,MODERATE
PHC-DST-A1-01,PHC-DST-A1-02,DST-A1,2024-07-23,20.4,30.8,OPEN,LOW
PHC-DST-A1-01,PHC-DST-A1-02,DST-A1,2024-07-24,20.4,33.4,OPEN,LOW
PHC-DST-A1-01,PHC-DST-A1-02,DST-A1,2024-07-25,20.4,32.6,OPEN,LOW
PHC-DST-A1-01,PHC-DST-A1-02,DST-A1,2024-07-26,20.4,32.5,OPEN,LOW
PHC-DST-A1-01,PHC-DST-A1-02,DST-A1,2024-07-27,20.4,47.3,DEGRADED,LOW
PHC-DST-A1-01,PHC-DST-A1-02,DST-A1,2024-07-28,20.4,51.7,DEGRADED,MODERATE
PHC-DST-A1-01,PHC-DST-A1-02,DST-A1,2024-07-29,20.4,32.3,OPEN,LOW
PHC-DST-A1-01,PHC-DST-A1-02,DST-A1,2024-07-30,20.4,44.7,DEGRADED,LOW
PHC-DST-A1-01,PHC-DST-A1-02,DST-A1,2024-07-31,20.4,44.8,DEGRADED,LOW
PHC-DST-A1-01,PHC-DST-A1-02,DST-A1,2024-08-01,20.4,30.3,OPEN,LOW
PHC-DST-A1-01,PHC-DST-A1-02,DST-A1,2024-08-02,20.4,31.8,OPEN,LOW
PHC-DST-A1-01,PHC-DST-A1-02,DST-A1,2024-08-03,20.4,51.3,DEGRADED,LOW
PHC-DST-A1-01,PHC-DST-A1-02,DST-A1,2024-08-04,20.4,29.6,OPEN,LOW
PHC-DST-A1-01,PHC-DST-A1-02,DST-A1,2024-08-05,20.4,29.4,OPEN,LOW
PHC-DST-A1-01,PHC-DST-A1-02,DST-A1,2024-08-06,20.4,32.9,OPEN,LOW
PHC-DST-A1-01,PHC-DST-A1-02,DST-A1,2024-08-07,20.4,32.2,OPEN,LOW
PHC-DST-A1-01,PHC-DST-A1-02,DST-A1,2024-08-08,20.4,30.6,OPEN,LOW
PHC-DST-A1-01,PHC-DST-A1-02,DST-A1,2024-08-09,20.4,30.2,OPEN,LOW
PHC-DST-A1-01,PHC-DST-A1-02,DST-A1,2024-08-10,20.4,54.6,DEGRADED,MODERATE
PHC-DST-A1-01,PHC-DST-A1-02,DST-A1,2024-08-11,20.4,33.1,OPEN,LOW
PHC-DST-A1-01,PHC-DST-A1-02,DST-A1,2024-08-12,20.4,30.2,OPEN,LOW
PHC-DST-A1-01,PHC-DST-A1-02,DST-A1,2024-08-13,20.4,32.5,OPEN,LOW
PHC-DST-A1-01,PHC-DST-A1-02,DST-A1,2024-08-14,20.4,31.5,OPEN,LOW
PHC-DST-A1-01,PHC-DST-A1-02,DST-A1,2024-08-15,20.4,30.9,OPEN,LOW
PHC-DST-A1-01,PHC-DST-A1-02,DST-A1,2024-08-16,20.4,31.0,OPEN,LOW
PHC-DST-A1-01,PHC-DST-A1-02,DST-A1,2024-08-17,20.4,30.1,OPEN,LOW
PHC-DST-A1-01,PHC-DST-A1-02,DST-A1,2024-08-18,20.4,50.8,DEGRADED,LOW
PHC-DST-A1-01,PHC-DST-A1-02,DST-A1,2024-08-19,20.4,56.6,DEGRADED,MODERATE
PHC-DST-A1-01,PHC-DST-A1-02,DST-A1,2024-08-20,20.4,32.8,OPEN,LOW
PHC-DST-A1-01,PHC-DST-A1-02,DST-A1,2024-08-21,20.4,30.4,OPEN,LOW
PHC-DST-A1-01,PHC-DST-A1-02,DST-A1,2024-08-22,20.4,45.6,DEGRADED,MODERATE
PHC-DST-A1-01,PHC-DST-A1-02,DST-A1,2024-08-23,20.4,30.0,OPEN,LOW
PHC-DST-A1-01,PHC-DST-A1-02,DST-A1,2024-08-24,20.4,29.9,OPEN,LOW
PHC-DST-A1-01,PHC-DST-A1-02,DST-A1,2024-08-25,20.4,30.5,OPEN,LOW
PHC-DST-A1-01,PHC-DST-A1-02,DST-A1,2024-08-26,20.4,31.3,OPEN,LOW
PHC-DST-A1-01,PHC-DST-A1-02,DST-A1,2024-08-27,20.4,30.5,OPEN,LOW
PHC-DST-A1-01,PHC-DST-A1-02,DST-A1,2024-08-28,20.4,33.4,OPEN,LOW
PHC-DST-A1-01,PHC-DST-A1-02,DST-A1,2024-08-29,20.4,31.4,OPEN,LOW
PHC-DST-A1-01,PHC-DST-A1-02,DST-A1,2024-08-30,20.4,44.4,DEGRADED,MODERATE
PHC-DST-A1-01,PHC-DST-A1-02,DST-A1,2024-08-31,20.4,45.3,DEGRADED,LOW
PHC-DST-A1-01,PHC-DST-A1-02,DST-A1,2024-09-01,20.4,29.8,OPEN,LOW
PHC-DST-A1-01,PHC-DST-A1-02,DST-A1,2024-09-02,20.4,31.3,OPEN,LOW
PHC-DST-A1-01,PHC-DST-A1-02,DST-A1,2024-09-03,20.4,32.5,OPEN,LOW
PHC-DST-A1-01,PHC-DST-A1-02,DST-A1,2024-09-04,20.4,30.2,OPEN,LOW
PHC-DST-A1-01,PHC-DST-A1-02,DST-A1,2024-09-05,20.4,52.8,DEGRADED,MODERATE
PHC-DST-A1-01,PHC-DST-A1-02,DST-A1,2024-09-06,20.4,33.1,OPEN,LOW
PHC-DST-A1-01,PHC-DST-A1-02,DST-A1,2024-09-07,20.4,32.6,OPEN,LOW
PHC-DST-A1-01,PHC-DST-A1-02,DST-A1,2024-09-08,20.4,33.1,OPEN,LOW
PHC-DST-A1-01,PHC-DST-A1-02,DST-A1,2024-09-09,20.4,30.6,OPEN,LOW
PHC-DST-A1-01,PHC-DST-A1-02,DST-A1,2024-09-10,20.4,33.0,OPEN,LOW
PHC-DST-A1-01,PHC-DST-A1-02,DST-A1,2024-09-11,20.4,30.5,OPEN,LOW
PHC-DST-A1-01,PHC-DST-A1-02,DST-A1,2024-09-12,20.4,32.4,OPEN,LOW
PHC-DST-A1-01,PHC-DST-A1-02,DST-A1,2024-09-13,20.4,32.1,OPEN,LOW
PHC-DST-A1-01,PHC-DST-A1-02,DST-A1,2024-09-14,20.4,43.5,DEGRADED,LOW
PHC-DST-A1-01,PHC-DST-A1-02,DST-A1,2024-09-15,20.4,154.3,BLOCKED,MODERATE
PHC-DST-A1-01,PHC-DST-A1-02,DST-A1,2024-09-16,20.4,31.4,OPEN,LOW
PHC-DST-A1-01,PHC-DST-A1-02,DST-A1,2024-09-17,20.4,31.6,OPEN,LOW
PHC-DST-A1-01,PHC-DST-A1-02,DST-A1,2024-09-18,20.4,32.9,OPEN,LOW
PHC-DST-A1-01,PHC-DST-A1-02,DST-A1,2024-09-19,20.4,29.8,OPEN,LOW
PHC-DST-A1-01,PHC-DST-A1-02,DST-A1,2024-09-20,20.4,29.8,OPEN,LOW
PHC-DST-A1-01,PHC-DST-A1-02,DST-A1,2024-09-21,20.4,31.0,OPEN,LOW
PHC-DST-A1-01,PHC-DST-A1-02,DST-A1,2024-09-22,20.4,32.6,OPEN,LOW
PHC-DST-A1-01,PHC-DST-A1-02,DST-A1,2024-09-23,20.4,30.5,OPEN,LOW
PHC-DST-A1-01,PHC-DST-A1-02,DST-A1,2024-09-24,20.4,31.4,OPEN,LOW
PHC-DST-A1-01,PHC-DST-A1-02,DST-A1,2024-09-25,20.4,32.7,OPEN,LOW
PHC-DST-A1-01,PHC-DST-A1-02,DST-A1,2024-09-26,20.4,54.8,DEGRADED,LOW
PHC-DST-A1-01,PHC-DST-A1-02,DST-A1,2024-09-27,20.4,31.4,OPEN,LOW
PHC-DST-A1-01,PHC-DST-A1-02,DST-A1,2024-09-28,20.4,33.5,OPEN,LOW
PHC-DST-A1-01,PHC-DST-A1-02,DST-A1,2024-09-29,20.4,30.9,OPEN,LOW
PHC-DST-A1-01,PHC-DST-A1-02,DST-A1,2024-09-30,20.4,32.7,OPEN,LOW
PHC-DST-A1-01,PHC-DST-A1-02,DST-A1,2024-10-01,20.4,29.2,OPEN,LOW
PHC-DST-A1-01,PHC-DST-A1-02,DST-A1,2024-10-02,20.4,30.5,OPEN,LOW
PHC-DST-A1-01,PHC-DST-A1-02,DST-A1,2024-10-03,20.4,32.6,OPEN,LOW
PHC-DST-A1-01,PHC-DST-A1-02,DST-A1,2024-10-04,20.4,29.2,OPEN,LOW
PHC-DST-A1-01,PHC-DST-A1-02,DST-A1,2024-10-05,20.4,31.3,OPEN,LOW
PHC-DST-A1-01,PHC-DST-A1-02,DST-A1,2024-10-06,20.4,29.5,OPEN,LOW
PHC-DST-A1-01,PHC-DST-A1-02,DST-A1,2024-10-07,20.4,32.1,OPEN,LOW
PHC-DST-A1-01,PHC-DST-A1-02,DST-A1,2024-10-08,20.4,31.9,OPEN,LOW
PHC-DST-A1-01,PHC-DST-A1-02,DST-A1,2024-10-09,20.4,31.2,OPEN,LOW
PHC-DST-A1-01,PHC-DST-A1-02,DST-A1,2024-10-10,20.4,30.4,OPEN,LOW
PHC-DST-A1-01,PHC-DST-A1-02,DST-A1,2024-10-11,20.4,29.2,OPEN,LOW
PHC-DST-A1-01,PHC-DST-A1-02,DST-A1,2024-10-12,20.4,33.2,OPEN,LOW
PHC-DST-A1-01,PHC-DST-A1-02,DST-A1,2024-10-13,20.4,33.6,OPEN,LOW
PHC-DST-A1-01,PHC-DST-A1-02,DST-A1,2024-10-14,20.4,32.8,OPEN,LOW
PHC-DST-A1-01,PHC-DST-A1-02,DST-A1,2024-10-15,20.4,31.7,OPEN,LOW
PHC-DST-A1-01,PHC-DST-A1-02,DST-A1,2024-10-16,20.4,33.6,OPEN,LOW
PHC-DST-A1-01,PHC-DST-A1-02,DST-A1,2024-10-17,20.4,32.6,OPEN,LOW
PHC-DST-A1-01,PHC-DST-A1-02,DST-A1,2024-10-18,20.4,29.4,OPEN,LOW
PHC-DST-A1-01,PHC-DST-A1-02,DST-A1,2024-10-19,20.4,30.4,OPEN,LOW
PHC-DST-A1-01,PHC-DST-A1-02,DST-A1,2024-10-20,20.4,30.0,OPEN,LOW
PHC-DST-A1-01,PHC-DST-A1-02,DST-A1,2024-10-21,20.4,30.4,OPEN,LOW
PHC-DST-A1-01,PHC-DST-A1-02,DST-A1,2024-10-22,20.4,29.3,OPEN,LOW
PHC-DST-A1-01,PHC-DST-A1-02,DST-A1,2024-10-23,20.4,30.8,OPEN,LOW
PHC-DST-A1-01,PHC-DST-A1-02,DST-A1,2024-10-24,20.4,31.0,OPEN,LOW
PHC-DST-A1-01,PHC-DST-A1-02,DST-A1,2024-10-25,20.4,32.8,OPEN,LOW
PHC-DST-A1-01,PHC-DST-A1-02,DST-A1,2024-10-26,20.4,30.7,OPEN,LOW
PHC-DST-A1-01,PHC-DST-A1-02,DST-A1,2024-10-27,20.4,29.4,OPEN,LOW
PHC-DST-A1-01,PHC-DST-A1-02,DST-A1,2024-10-28,20.4,32.0,OPEN,LOW
PHC-DST-A1-01,PHC-DST-A1-02,DST-A1,2024-10-29,20.4,29.6,OPEN,LOW
PHC-DST-A1-01,PHC-DST-A1-02,DST-A1,2024-10-30,20.4,32.0,OPEN,LOW
PHC-DST-A1-01,PHC-DST-A1-02,DST-A1,2024-10-31,20.4,33.0,OPEN,LOW
PHC-DST-A1-01,PHC-DST-A1-02,DST-A1,2024-11-01,20.4,30.7,OPEN,LOW
PHC-DST-A1-01,PHC-DST-A1-02,DST-A1,2024-11-02,20.4,30.9,OPEN,LOW
PHC-DST-A1-01,PHC-DST-A1-02,DST-A1,2024-11-03,20.4,30.9,OPEN,LOW
PHC-DST-A1-01,PHC-DST-A1-02,DST-A1,2024-11-04,20.4,32.8,OPEN,LOW
PHC-DST-A1-01,PHC-DST-A1-02,DST-A1,2024-11-05,20.4,31.2,OPEN,LOW
PHC-DST-A1-01,PHC-DST-A1-02,DST-A1,2024-11-06,20.4,32.6,OPEN,LOW
PHC-DST-A1-01,PHC-DST-A1-02,DST-A1,2024-11-07,20.4,29.6,OPEN,LOW
PHC-DST-A1-01,PHC-DST-A1-02,DST-A1,2024-11-08,20.4,30.6,OPEN,LOW
PHC-DST-A1-01,PHC-DST-A1-02,DST-A1,2024-11-09,20.4,32.0,OPEN,LOW
PHC-DST-A1-01,PHC-DST-A1-02,DST-A1,2024-11-10,20.4,33.3,OPEN,LOW
PHC-DST-A1-01,PHC-DST-A1-02,DST-A1,2024-11-11,20.4,33.1,OPEN,LOW
PHC-DST-A1-01,PHC-DST-A1-02,DST-A1,2024-11-12,20.4,29.6,OPEN,LOW
PHC-DST-A1-01,PHC-DST-A1-02,DST-A1,2024-11-13,20.4,30.4,OPEN,LOW
PHC-DST-A1-01,PHC-DST-A1-02,DST-A1,2024-11-14,20.4,29.3,OPEN,LOW
PHC-DST-A1-01,PHC-DST-A1-02,DST-A1,2024-11-15,20.4,30.9,OPEN,LOW
PHC-DST-A1-01,PHC-DST-A1-02,DST-A1,2024-11-16,20.4,30.6,OPEN,LOW
PHC-DST-A1-01,PHC-DST-A1-02,DST-A1,2024-11-17,20.4,31.8,OPEN,LOW
PHC-DST-A1-01,PHC-DST-A1-02,DST-A1,2024-11-18,20.4,32.1,OPEN,LOW
PHC-DST-A1-01,PHC-DST-A1-02,DST-A1,2024-11-19,20.4,30.5,OPEN,LOW
PHC-DST-A1-01,PHC-DST-A1-02,DST-A1,2024-11-20,20.4,30.9,OPEN,LOW
PHC-DST-A1-01,PHC-DST-A1-02,DST-A1,2024-11-21,20.4,32.9,OPEN,LOW
PHC-DST-A1-01,PHC-DST-A1-02,DST-A1,2024-11-22,20.4,29.4,OPEN,LOW
PHC-DST-A1-01,PHC-DST-A1-02,DST-A1,2024-11-23,20.4,29.2,OPEN,LOW
PHC-DST-A1-01,PHC-DST-A1-02,DST-A1,2024-11-24,20.4,31.2,OPEN,LOW
PHC-DST-A1-01,PHC-DST-A1-02,DST-A1,2024-11-25,20.4,32.4,OPEN,LOW
PHC-DST-A1-01,PHC-DST-A1-02,DST-A1,2024-11-26,20.4,30.8,OPEN,LOW
PHC-DST-A1-01,PHC-DST-A1-02,DST-A1,2024-11-27,20.4,32.6,OPEN,LOW
PHC-DST-A1-01,PHC-DST-A1-02,DST-A1,2024-11-28,20.4,31.0,OPEN,LOW
PHC-DST-A1-01,PHC-DST-A1-02,DST-A1,2024-11-29,20.4,29.4,OPEN,LOW
PHC-DST-A1-01,PHC-DST-A1-02,DST-A1,2024-11-30,20.4,30.1,OPEN,LOW
PHC-DST-A1-01,PHC-DST-A1-02,DST-A1,2024-12-01,20.4,33.4,OPEN,LOW
PHC-DST-A1-01,PHC-DST-A1-02,DST-A1,2024-12-02,20.4,31.1,OPEN,LOW
PHC-DST-A1-01,PHC-DST-A1-02,DST-A1,2024-12-03,20.4,31.2,OPEN,LOW
PHC-DST-A1-01,PHC-DST-A1-02,DST-A1,2024-12-04,20.4,30.8,OPEN,LOW
PHC-DST-A1-01,PHC-DST-A1-02,DST-A1,2024-12-05,20.4,30.1,OPEN,LOW
PHC-DST-A1-01,PHC-DST-A1-02,DST-A1,2024-12-06,20.4,30.9,OPEN,LOW
PHC-DST-A1-01,PHC-DST-A1-02,DST-A1,2024-12-07,20.4,31.2,OPEN,LOW
PHC-DST-A1-01,PHC-DST-A1-02,DST-A1,2024-12-08,20.4,31.8,OPEN,LOW
PHC-DST-A1-01,PHC-DST-A1-02,DST-A1,2024-12-09,20.4,31.9,OPEN,LOW
PHC-DST-A1-01,PHC-DST-A1-02,DST-A1,2024-12-10,20.4,30.1,OPEN,LOW
PHC-DST-A1-01,PHC-DST-A1-02,DST-A1,2024-12-11,20.4,31.9,OPEN,LOW
PHC-DST-A1-01,PHC-DST-A1-02,DST-A1,2024-12-12,20.4,30.4,OPEN,LOW
PHC-DST-A1-01,PHC-DST-A1-02,DST-A1,2024-12-13,20.4,30.9,OPEN,LOW
PHC-DST-A1-01,PHC-DST-A1-02,DST-A1,2024-12-14,20.4,30.6,OPEN,LOW
PHC-DST-A1-01,PHC-DST-A1-02,DST-A1,2024-12-15,20.4,33.4,OPEN,LOW
PHC-DST-A1-01,PHC-DST-A1-02,DST-A1,2024-12-16,20.4,33.6,OPEN,LOW
PHC-DST-A1-01,PHC-DST-A1-02,DST-A1,2024-12-17,20.4,29.4,OPEN,LOW
PHC-DST-A1-01,PHC-DST-A1-02,DST-A1,2024-12-18,20.4,30.6,OPEN,LOW
PHC-DST-A1-01,PHC-DST-A1-02,DST-A1,2024-12-19,20.4,32.5,OPEN,LOW
PHC-DST-A1-01,PHC-DST-A1-02,DST-A1,2024-12-20,20.4,30.8,OPEN,LOW
PHC-DST-A1-01,PHC-DST-A1-02,DST-A1,2024-12-21,20.4,30.0,OPEN,LOW
PHC-DST-A1-01,PHC-DST-A1-02,DST-A1,2024-12-22,20.4,33.4,OPEN,LOW
PHC-DST-A1-01,PHC-DST-A1-02,DST-A1,2024-12-23,20.4,30.6,OPEN,LOW
PHC-DST-A1-01,PHC-DST-A1-02,DST-A1,2024-12-24,20.4,29.2,OPEN,LOW
PHC-DST-A1-01,PHC-DST-A1-02,DST-A1,2024-12-25,20.4,32.1,OPEN,LOW
PHC-DST-A1-01,PHC-DST-A1-02,DST-A1,2024-12-26,20.4,31.3,OPEN,LOW
PHC-DST-A1-01,PHC-DST-A1-02,DST-A1,2024-12-27,20.4,32.1,OPEN,LOW
PHC-DST-A1-01,PHC-DST-A1-02,DST-A1,2024-12-28,20.4,29.6,OPEN,LOW
PHC-DST-A1-01,PHC-DST-A1-02,DST-A1,2024-12-29,20.4,32.7,OPEN,LOW
PHC-DST-A1-01,PHC-DST-A1-02,DST-A1,2024-12-30,20.4,31.4,OPEN,LOW
PHC-DST-A1-01,PHC-DST-A1-02,DST-A1,2024-12-31,20.4,30.3,OPEN,LOW
PHC-DST-A1-01,PHC-DST-A1-02,DST-A1,2025-01-01,20.4,30.3,OPEN,LOW
PHC-DST-A1-01,PHC-DST-A1-02,DST-A1,2025-01-02,20.4,33.0,OPEN,LOW
PHC-DST-A1-01,PHC-DST-A1-02,DST-A1,2025-01-03,20.4,30.6,OPEN,LOW
PHC-DST-A1-01,PHC-DST-A1-02,DST-A1,2025-01-04,20.4,31.7,OPEN,LOW
PHC-DST-A1-01,PHC-DST-A1-02,DST-A1,2025-01-05,20.4,32.7,OPEN,LOW
PHC-DST-A1-01,PHC-DST-A1-02,DST-A1,2025-01-06,20.4,29.5,OPEN,LOW
PHC-DST-A1-01,PHC-DST-A1-02,DST-A1,2025-01-07,20.4,31.2,OPEN,LOW
PHC-DST-A1-01,PHC-DST-A1-02,DST-A1,2025-01-08,20.4,32.9,OPEN,LOW
PHC-DST-A1-01,PHC-DST-A1-02,DST-A1,2025-01-09,20.4,32.7,OPEN,LOW
PHC-DST-A1-01,PHC-DST-A1-02,DST-A1,2025-01-10,20.4,33.0,OPEN,LOW
PHC-DST-A1-01,PHC-DST-A1-02,DST-A1,2025-01-11,20.4,29.7,OPEN,LOW
PHC-DST-A1-01,PHC-DST-A1-02,DST-A1,2025-01-12,20.4,32.1,OPEN,LOW
PHC-DST-A1-01,PHC-DST-A1-02,DST-A1,2025-01-13,20.4,29.8,OPEN,LOW
PHC-DST-A1-01,PHC-DST-A1-02,DST-A1,2025-01-14,20.4,31.5,OPEN,LOW
PHC-DST-A1-01,PHC-DST-A1-02,DST-A1,2025-01-15,20.4,31.7,OPEN,LOW
PHC-DST-A1-01,PHC-DST-A1-02,DST-A1,2025-01-16,20.4,32.2,OPEN,LOW
PHC-DST-A1-01,PHC-DST-A1-02,DST-A1,2025-01-17,20.4,30.2,OPEN,LOW
PHC-DST-A1-01,PHC-DST-A1-02,DST-A1,2025-01-18,20.4,29.5,OPEN,LOW
PHC-DST-A1-01,PHC-DST-A1-02,DST-A1,2025-01-19,20.4,29.6,OPEN,LOW
PHC-DST-A1-01,PHC-DST-A1-02,DST-A1,2025-01-20,20.4,29.3,OPEN,LOW
PHC-DST-A1-01,PHC-DST-A1-02,DST-A1,2025-01-21,20.4,29.2,OPEN,LOW
PHC-DST-A1-01,PHC-DST-A1-02,DST-A1,2025-01-22,20.4,31.2,OPEN,LOW
PHC-DST-A1-01,PHC-DST-A1-02,DST-A1,2025-01-23,20.4,32.8,OPEN,LOW
PHC-DST-A1-01,PHC-DST-A1-02,DST-A1,2025-01-24,20.4,31.7,OPEN,LOW
PHC-DST-A1-01,PHC-DST-A1-02,DST-A1,2025-01-25,20.4,31.1,OPEN,LOW
PHC-DST-A1-01,PHC-DST-A1-02,DST-A1,2025-01-26,20.4,31.7,OPEN,LOW
PHC-DST-A1-01,PHC-DST-A1-02,DST-A1,2025-01-27,20.4,31.1,OPEN,LOW
PHC-DST-A1-01,PHC-DST-A1-02,DST-A1,2025-01-28,20.4,31.9,OPEN,LOW
PHC-DST-A1-01,PHC-DST-A1-02,DST-A1,2025-01-29,20.4,30.3,OPEN,LOW
PHC-DST-A1-01,PHC-DST-A1-02,DST-A1,2025-01-30,20.4,31.9,OPEN,LOW
PHC-DST-A1-01,PHC-DST-A1-02,DST-A1,2025-01-31,20.4,31.5,OPEN,LOW
PHC-DST-A1-01,PHC-DST-A1-02,DST-A1,2025-02-01,20.4,32.1,OPEN,LOW
PHC-DST-A1-01,PHC-DST-A1-02,DST-A1,2025-02-02,20.4,32.0,OPEN,LOW
PHC-DST-A1-01,PHC-DST-A1-02,DST-A1,2025-02-03,20.4,30.3,OPEN,LOW
PHC-DST-A1-01,PHC-DST-A1-02,DST-A1,2025-02-04,20.4,30.7,OPEN,LOW
PHC-DST-A1-01,PHC-DST-A1-02,DST-A1,2025-02-05,20.4,32.7,OPEN,LOW
PHC-DST-A1-01,PHC-DST-A1-02,DST-A1,2025-02-06,20.4,29.3,OPEN,LOW
PHC-DST-A1-01,PHC-DST-A1-02,DST-A1,2025-02-07,20.4,32.8,OPEN,LOW
PHC-DST-A1-01,PHC-DST-A1-02,DST-A1,2025-02-08,20.4,32.1,OPEN,LOW
PHC-DST-A1-01,PHC-DST-A1-02,DST-A1,2025-02-09,20.4,31.0,OPEN,LOW
PHC-DST-A1-01,PHC-DST-A1-02,DST-A1,2025-02-10,20.4,29.9,OPEN,LOW
PHC-DST-A1-01,PHC-DST-A1-02,DST-A1,2025-02-11,20.4,33.4,OPEN,LOW
PHC-DST-A1-01,PHC-DST-A1-02,DST-A1,2025-02-12,20.4,32.9,OPEN,LOW
PHC-DST-A1-01,PHC-DST-A1-02,DST-A1,2025-02-13,20.4,30.8,OPEN,LOW
PHC-DST-A1-01,PHC-DST-A1-02,DST-A1,2025-02-14,20.4,33.2,OPEN,LOW
PHC-DST-A1-01,PHC-DST-A1-02,DST-A1,2025-02-15,20.4,30.6,OPEN,LOW
PHC-DST-A1-01,PHC-DST-A1-02,DST-A1,2025-02-16,20.4,33.1,OPEN,LOW
PHC-DST-A1-01,PHC-DST-A1-02,DST-A1,2025-02-17,20.4,32.5,OPEN,LOW
PHC-DST-A1-01,PHC-DST-A1-02,DST-A1,2025-02-18,20.4,33.3,OPEN,LOW
PHC-DST-A1-01,PHC-DST-A1-02,DST-A1,2025-02-19,20.4,29.3,OPEN,LOW
PHC-DST-A1-01,PHC-DST-A1-02,DST-A1,2025-02-20,20.4,32.3,OPEN,LOW
PHC-DST-A1-01,PHC-DST-A1-02,DST-A1,2025-02-21,20.4,32.6,OPEN,LOW
PHC-DST-A1-01,PHC-DST-A1-02,DST-A1,2025-02-22,20.4,29.4,OPEN,LOW
PHC-DST-A1-01,PHC-DST-A1-02,DST-A1,2025-02-23,20.4,32.6,OPEN,LOW
PHC-DST-A1-01,PHC-DST-A1-02,DST-A1,2025-02-24,20.4,30.7,OPEN,LOW
PHC-DST-A1-01,PHC-DST-A1-02,DST-A1,2025-02-25,20.4,33.6,OPEN,LOW
PHC-DST-A1-01,PHC-DST-A1-02,DST-A1,2025-02-26,20.4,30.5,OPEN,LOW
PHC-DST-A1-01,PHC-DST-A1-02,DST-A1,2025-02-27,20.4,29.1,OPEN,LOW
PHC-DST-A1-01,PHC-DST-A1-02,DST-A1,2025-02-28,20.4,31.7,OPEN,LOW
PHC-DST-A1-01,PHC-DST-A1-02,DST-A1,2025-03-01,20.4,33.0,OPEN,LOW
PHC-DST-A1-01,PHC-DST-A1-02,DST-A1,2025-03-02,20.4,33.5,OPEN,LOW
PHC-DST-A1-01,PHC-DST-A1-02,DST-A1,2025-03-03,20.4,30.9,OPEN,LOW
PHC-DST-A1-01,PHC-DST-A1-02,DST-A1,2025-03-04,20.4,30.7,OPEN,LOW
PHC-DST-A1-01,PHC-DST-A1-02,DST-A1,2025-03-05,20.4,30.8,OPEN,LOW
PHC-DST-A1-01,PHC-DST-A1-02,DST-A1,2025-03-06,20.4,32.1,OPEN,LOW
PHC-DST-A1-01,PHC-DST-A1-02,DST-A1,2025-03-07,20.4,32.9,OPEN,LOW
PHC-DST-A1-01,PHC-DST-A1-02,DST-A1,2025-03-08,20.4,32.1,OPEN,LOW
PHC-DST-A1-01,PHC-DST-A1-02,DST-A1,2025-03-09,20.4,31.0,OPEN,LOW
PHC-DST-A1-01,PHC-DST-A1-02,DST-A1,2025-03-10,20.4,29.3,OPEN,LOW
PHC-DST-A1-01,PHC-DST-A1-02,DST-A1,2025-03-11,20.4,32.3,OPEN,LOW
PHC-DST-A1-01,PHC-DST-A1-02,DST-A1,2025-03-12,20.4,31.8,OPEN,LOW
PHC-DST-A1-01,PHC-DST-A1-02,DST-A1,2025-03-13,20.4,30.9,OPEN,LOW
PHC-DST-A1-01,PHC-DST-A1-02,DST-A1,2025-03-14,20.4,30.9,OPEN,LOW
PHC-DST-A1-01,PHC-DST-A1-02,DST-A1,2025-03-15,20.4,29.2,OPEN,LOW
PHC-DST-A1-01,PHC-DST-A1-02,DST-A1,2025-03-16,20.4,30.3,OPEN,LOW
PHC-DST-A1-01,PHC-DST-A1-02,DST-A1,2025-03-17,20.4,29.8,OPEN,LOW
PHC-DST-A1-01,PHC-DST-A1-02,DST-A1,2025-03-18,20.4,32.2,OPEN,LOW
PHC-DST-A1-01,PHC-DST-A1-02,DST-A1,2025-03-19,20.4,33.7,OPEN,LOW
PHC-DST-A1-01,PHC-DST-A1-02,DST-A1,2025-03-20,20.4,30.5,OPEN,LOW
PHC-DST-A1-01,PHC-DST-A1-02,DST-A1,2025-03-21,20.4,33.5,OPEN,LOW
PHC-DST-A1-01,PHC-DST-A1-02,DST-A1,2025-03-22,20.4,29.5,OPEN,LOW
PHC-DST-A1-01,PHC-DST-A1-02,DST-A1,2025-03-23,20.4,30.3,OPEN,LOW
PHC-DST-A1-01,PHC-DST-A1-02,DST-A1,2025-03-24,20.4,33.3,OPEN,LOW
PHC-DST-A1-01,PHC-DST-A1-02,DST-A1,2025-03-25,20.4,31.8,OPEN,LOW
PHC-DST-A1-01,PHC-DST-A1-02,DST-A1,2025-03-26,20.4,32.5,OPEN,LOW
PHC-DST-A1-01,PHC-DST-A1-02,DST-A1,2025-03-27,20.4,31.5,OPEN,LOW
PHC-DST-A1-01,PHC-DST-A1-02,DST-A1,2025-03-28,20.4,29.2,OPEN,LOW
PHC-DST-A1-01,PHC-DST-A1-02,DST-A1,2025-03-29,20.4,29.5,OPEN,LOW
PHC-DST-A1-01,PHC-DST-A1-02,DST-A1,2025-03-30,20.4,30.9,OPEN,LOW
PHC-DST-A1-01,PHC-DST-A1-02,DST-A1,2025-03-31,20.4,30.1,OPEN,LOW
PHC-DST-A1-01,PHC-DST-A1-02,DST-A1,2025-04-01,20.4,30.7,OPEN,LOW
PHC-DST-A1-01,PHC-DST-A1-02,DST-A1,2025-04-02,20.4,32.2,OPEN,LOW
PHC-DST-A1-01,PHC-DST-A1-02,DST-A1,2025-04-03,20.4,33.2,OPEN,LOW
PHC-DST-A1-01,PHC-DST-A1-02,DST-A1,2025-04-04,20.4,32.6,OPEN,LOW
PHC-DST-A1-01,PHC-DST-A1-02,DST-A1,2025-04-05,20.4,29.9,OPEN,LOW
PHC-DST-A1-01,PHC-DST-A1-02,DST-A1,2025-04-06,20.4,30.9,OPEN,LOW
PHC-DST-A1-01,PHC-DST-A1-02,DST-A1,2025-04-07,20.4,32.1,OPEN,LOW
PHC-DST-A1-01,PHC-DST-A1-02,DST-A1,2025-04-08,20.4,30.6,OPEN,LOW
PHC-DST-A1-01,PHC-DST-A1-02,DST-A1,2025-04-09,20.4,29.7,OPEN,LOW
PHC-DST-A1-01,PHC-DST-A1-02,DST-A1,2025-04-10,20.4,32.5,OPEN,LOW
PHC-DST-A1-01,PHC-DST-A1-02,DST-A1,2025-04-11,20.4,31.1,OPEN,LOW
PHC-DST-A1-01,PHC-DST-A1-02,DST-A1,2025-04-12,20.4,30.1,OPEN,LOW
PHC-DST-A1-01,PHC-DST-A1-02,DST-A1,2025-04-13,20.4,32.2,OPEN,LOW
PHC-DST-A1-01,PHC-DST-A1-02,DST-A1,2025-04-14,20.4,32.0,OPEN,LOW
PHC-DST-A1-01,PHC-DST-A1-02,DST-A1,2025-04-15,20.4,29.8,OPEN,LOW
PHC-DST-A1-01,PHC-DST-A1-02,DST-A1,2025-04-16,20.4,30.9,OPEN,LOW
PHC-DST-A1-01,PHC-DST-A1-02,DST-A1,2025-04-17,20.4,33.2,OPEN,LOW
PHC-DST-A1-01,PHC-DST-A1-02,DST-A1,2025-04-18,20.4,31.5,OPEN,LOW
PHC-DST-A1-01,PHC-DST-A1-02,DST-A1,2025-04-19,20.4,29.1,OPEN,LOW
PHC-DST-A1-01,PHC-DST-A1-02,DST-A1,2025-04-20,20.4,33.1,OPEN,LOW
PHC-DST-A1-01,PHC-DST-A1-02,DST-A1,2025-04-21,20.4,30.6,OPEN,LOW
PHC-DST-A1-01,PHC-DST-A1-02,DST-A1,2025-04-22,20.4,29.6,OPEN,LOW
PHC-DST-A1-01,PHC-DST-A1-02,DST-A1,2025-04-23,20.4,30.8,OPEN,LOW
PHC-DST-A1-01,PHC-DST-A1-02,DST-A1,2025-04-24,20.4,31.5,OPEN,LOW
PHC-DST-A1-01,PHC-DST-A1-02,DST-A1,2025-04-25,20.4,29.4,OPEN,LOW
PHC-DST-A1-01,PHC-DST-A1-02,DST-A1,2025-04-26,20.4,29.8,OPEN,LOW
PHC-DST-A1-01,PHC-DST-A1-02,DST-A1,2025-04-27,20.4,31.9,OPEN,LOW
PHC-DST-A1-01,PHC-DST-A1-02,DST-A1,2025-04-28,20.4,32.0,OPEN,LOW
PHC-DST-A1-01,PHC-DST-A1-02,DST-A1,2025-04-29,20.4,30.6,OPEN,LOW
PHC-DST-A1-01,PHC-DST-A1-02,DST-A1,2025-04-30,20.4,32.6,OPEN,LOW
PHC-DST-A1-01,PHC-DST-A1-02,DST-A1,2025-05-01,20.4,33.4,OPEN,LOW
PHC-DST-A1-01,PHC-DST-A1-02,DST-A1,2025-05-02,20.4,29.1,OPEN,LOW
PHC-DST-A1-01,PHC-DST-A1-02,DST-A1,2025-05-03,20.4,33.6,OPEN,LOW
PHC-DST-A1-01,PHC-DST-A1-02,DST-A1,2025-05-04,20.4,32.6,OPEN,LOW
PHC-DST-A1-01,PHC-DST-A1-02,DST-A1,2025-05-05,20.4,32.5,OPEN,LOW
PHC-DST-A1-01,PHC-DST-A1-02,DST-A1,2025-05-06,20.4,30.9,OPEN,LOW
PHC-DST-A1-01,PHC-DST-A1-02,DST-A1,2025-05-07,20.4,30.7,OPEN,LOW
PHC-DST-A1-01,PHC-DST-A1-02,DST-A1,2025-05-08,20.4,31.7,OPEN,LOW
PHC-DST-A1-01,PHC-DST-A1-02,DST-A1,2025-05-09,20.4,31.1,OPEN,LOW
PHC-DST-A1-01,PHC-DST-A1-02,DST-A1,2025-05-10,20.4,29.7,OPEN,LOW
PHC-DST-A1-01,PHC-DST-A1-02,DST-A1,2025-05-11,20.4,33.6,OPEN,LOW
PHC-DST-A1-01,PHC-DST-A1-02,DST-A1,2025-05-12,20.4,33.6,OPEN,LOW
PHC-DST-A1-01,PHC-DST-A1-02,DST-A1,2025-05-13,20.4,31.6,OPEN,LOW
PHC-DST-A1-01,PHC-DST-A1-02,DST-A1,2025-05-14,20.4,32.0,OPEN,LOW
PHC-DST-A1-01,PHC-DST-A1-02,DST-A1,2025-05-15,20.4,32.0,OPEN,LOW
PHC-DST-A1-01,PHC-DST-A1-02,DST-A1,2025-05-16,20.4,30.5,OPEN,LOW
PHC-DST-A1-01,PHC-DST-A1-02,DST-A1,2025-05-17,20.4,30.3,OPEN,LOW
PHC-DST-A1-01,PHC-DST-A1-02,DST-A1,2025-05-18,20.4,32.7,OPEN,LOW
PHC-DST-A1-01,PHC-DST-A1-02,DST-A1,2025-05-19,20.4,32.1,OPEN,LOW
PHC-DST-A1-01,PHC-DST-A1-02,DST-A1,2025-05-20,20.4,29.2,OPEN,LOW
PHC-DST-A1-01,PHC-DST-A1-02,DST-A1,2025-05-21,20.4,30.1,OPEN,LOW
PHC-DST-A1-01,PHC-DST-A1-02,DST-A1,2025-05-22,20.4,33.6,OPEN,LOW
PHC-DST-A1-01,PHC-DST-A1-02,DST-A1,2025-05-23,20.4,33.0,OPEN,LOW
PHC-DST-A1-01,PHC-DST-A1-02,DST-A1,2025-05-24,20.4,31.1,OPEN,LOW
PHC-DST-A1-01,PHC-DST-A1-02,DST-A1,2025-05-25,20.4,32.0,OPEN,LOW
PHC-DST-A1-01,PHC-DST-A1-02,DST-A1,2025-05-26,20.4,32.5,OPEN,LOW
PHC-DST-A1-01,PHC-DST-A1-02,DST-A1,2025-05-27,20.4,33.1,OPEN,LOW
PHC-DST-A1-01,PHC-DST-A1-02,DST-A1,2025-05-28,20.4,31.8,OPEN,LOW
PHC-DST-A1-01,PHC-DST-A1-02,DST-A1,2025-05-29,20.4,30.0,OPEN,LOW
PHC-DST-A1-01,PHC-DST-A1-02,DST-A1,2025-05-30,20.4,29.2,OPEN,LOW
PHC-DST-A1-01,PHC-DST-A1-02,DST-A1,2025-05-31,20.4,29.3,OPEN,LOW
PHC-DST-A1-01,PHC-DST-A1-02,DST-A1,2025-06-01,20.4,29.5,OPEN,LOW
PHC-DST-A1-01,PHC-DST-A1-02,DST-A1,2025-06-02,20.4,33.0,OPEN,LOW
PHC-DST-A1-01,PHC-DST-A1-02,DST-A1,2025-06-03,20.4,29.2,OPEN,LOW
PHC-DST-A1-01,PHC-DST-A1-02,DST-A1,2025-06-04,20.4,31.4,OPEN,LOW
PHC-DST-A1-01,PHC-DST-A1-02,DST-A1,2025-06-05,20.4,29.9,OPEN,LOW
PHC-DST-A1-01,PHC-DST-A1-02,DST-A1,2025-06-06,20.4,33.3,OPEN,LOW
PHC-DST-A1-01,PHC-DST-A1-02,DST-A1,2025-06-07,20.4,29.3,OPEN,LOW
PHC-DST-A1-01,PHC-DST-A1-02,DST-A1,2025-06-08,20.4,31.2,OPEN,LOW
PHC-DST-A1-01,PHC-DST-A1-02,DST-A1,2025-06-09,20.4,31.4,OPEN,LOW
PHC-DST-A1-01,PHC-DST-A1-02,DST-A1,2025-06-10,20.4,29.7,OPEN,LOW
PHC-DST-A1-01,PHC-DST-A1-02,DST-A1,2025-06-11,20.4,29.8,OPEN,LOW
PHC-DST-A1-01,PHC-DST-A1-02,DST-A1,2025-06-12,20.4,33.0,OPEN,LOW
PHC-DST-A1-01,PHC-DST-A1-02,DST-A1,2025-06-13,20.4,30.0,OPEN,LOW
PHC-DST-A1-01,PHC-DST-A1-02,DST-A1,2025-06-14,20.4,31.5,OPEN,LOW
PHC-DST-A1-01,PHC-DST-A1-02,DST-A1,2025-06-15,20.4,29.6,OPEN,LOW
PHC-DST-A1-01,PHC-DST-A1-02,DST-A1,2025-06-16,20.4,31.3,OPEN,LOW
PHC-DST-A1-01,PHC-DST-A1-02,DST-A1,2025-06-17,20.4,30.6,OPEN,LOW
PHC-DST-A1-01,PHC-DST-A1-02,DST-A1,2025-06-18,20.4,30.3,OPEN,LOW
PHC-DST-A1-01,PHC-DST-A1-02,DST-A1,2025-06-19,20.4,31.5,OPEN,LOW
PHC-DST-A1-01,PHC-DST-A1-02,DST-A1,2025-06-20,20.4,31.7,OPEN,LOW
PHC-DST-A1-01,PHC-DST-A1-02,DST-A1,2025-06-21,20.4,32.4,OPEN,LOW
PHC-DST-A1-01,PHC-DST-A1-02,DST-A1,2025-06-22,20.4,30.8,OPEN,LOW
PHC-DST-A1-01,PHC-DST-A1-02,DST-A1,2025-06-23,20.4,30.5,OPEN,LOW
PHC-DST-A1-01,PHC-DST-A1-02,DST-A1,2025-06-24,20.4,33.6,OPEN,LOW
PHC-DST-A1-01,PHC-DST-A1-02,DST-A1,2025-06-25,20.4,32.5,OPEN,LOW
PHC-DST-A1-01,PHC-DST-A1-02,DST-A1,2025-06-26,20.4,32.1,OPEN,LOW
PHC-DST-A1-01,PHC-DST-A1-02,DST-A1,2025-06-27,20.4,32.0,OPEN,LOW
PHC-DST-A1-01,PHC-DST-A1-02,DST-A1,2025-06-28,20.4,32.2,OPEN,LOW
PHC-DST-A1-01,PHC-DST-A1-02,DST-A1,2025-06-29,20.4,30.1,OPEN,LOW
PHC-DST-A1-01,PHC-DST-A1-02,DST-A1,2025-06-30,20.4,32.5,OPEN,LOW
PHC-DST-A1-02,PHC-DST-A1-03,DST-A1,2024-01-01,23.5,34.2,OPEN,LOW
PHC-DST-A1-02,PHC-DST-A1-03,DST-A1,2024-01-02,23.5,34.4,OPEN,LOW
PHC-DST-A1-02,PHC-DST-A1-03,DST-A1,2024-01-03,23.5,37.0,OPEN,LOW
PHC-DST-A1-02,PHC-DST-A1-03,DST-A1,2024-01-04,23.5,34.1,OPEN,LOW
PHC-DST-A1-02,PHC-DST-A1-03,DST-A1,2024-01-05,23.5,36.3,OPEN,LOW
PHC-DST-A1-02,PHC-DST-A1-03,DST-A1,2024-01-06,23.5,38.7,OPEN,LOW
PHC-DST-A1-02,PHC-DST-A1-03,DST-A1,2024-01-07,23.5,36.0,OPEN,LOW
PHC-DST-A1-02,PHC-DST-A1-03,DST-A1,2024-01-08,23.5,37.5,OPEN,LOW
PHC-DST-A1-02,PHC-DST-A1-03,DST-A1,2024-01-09,23.5,33.5,OPEN,LOW
PHC-DST-A1-02,PHC-DST-A1-03,DST-A1,2024-01-10,23.5,36.0,OPEN,LOW
PHC-DST-A1-02,PHC-DST-A1-03,DST-A1,2024-01-11,23.5,38.1,OPEN,LOW
PHC-DST-A1-02,PHC-DST-A1-03,DST-A1,2024-01-12,23.5,33.9,OPEN,LOW
PHC-DST-A1-02,PHC-DST-A1-03,DST-A1,2024-01-13,23.5,35.5,OPEN,LOW
PHC-DST-A1-02,PHC-DST-A1-03,DST-A1,2024-01-14,23.5,33.5,OPEN,LOW
PHC-DST-A1-02,PHC-DST-A1-03,DST-A1,2024-01-15,23.5,36.7,OPEN,LOW
PHC-DST-A1-02,PHC-DST-A1-03,DST-A1,2024-01-16,23.5,34.0,OPEN,LOW
PHC-DST-A1-02,PHC-DST-A1-03,DST-A1,2024-01-17,23.5,35.9,OPEN,LOW
PHC-DST-A1-02,PHC-DST-A1-03,DST-A1,2024-01-18,23.5,38.0,OPEN,LOW
PHC-DST-A1-02,PHC-DST-A1-03,DST-A1,2024-01-19,23.5,38.5,OPEN,LOW
PHC-DST-A1-02,PHC-DST-A1-03,DST-A1,2024-01-20,23.5,35.2,OPEN,LOW
PHC-DST-A1-02,PHC-DST-A1-03,DST-A1,2024-01-21,23.5,35.1,OPEN,LOW
PHC-DST-A1-02,PHC-DST-A1-03,DST-A1,2024-01-22,23.5,38.3,OPEN,LOW
PHC-DST-A1-02,PHC-DST-A1-03,DST-A1,2024-01-23,23.5,38.1,OPEN,LOW
PHC-DST-A1-02,PHC-DST-A1-03,DST-A1,2024-01-24,23.5,35.3,OPEN,LOW
PHC-DST-A1-02,PHC-DST-A1-03,DST-A1,2024-01-25,23.5,36.4,OPEN,LOW
PHC-DST-A1-02,PHC-DST-A1-03,DST-A1,2024-01-26,23.5,36.3,OPEN,LOW
PHC-DST-A1-02,PHC-DST-A1-03,DST-A1,2024-01-27,23.5,36.7,OPEN,LOW
PHC-DST-A1-02,PHC-DST-A1-03,DST-A1,2024-01-28,23.5,37.6,OPEN,LOW
PHC-DST-A1-02,PHC-DST-A1-03,DST-A1,2024-01-29,23.5,33.9,OPEN,LOW
PHC-DST-A1-02,PHC-DST-A1-03,DST-A1,2024-01-30,23.5,36.3,OPEN,LOW
PHC-DST-A1-02,PHC-DST-A1-03,DST-A1,2024-01-31,23.5,36.0,OPEN,LOW
PHC-DST-A1-02,PHC-DST-A1-03,DST-A1,2024-02-01,23.5,36.6,OPEN,LOW
PHC-DST-A1-02,PHC-DST-A1-03,DST-A1,2024-02-02,23.5,35.2,OPEN,LOW
PHC-DST-A1-02,PHC-DST-A1-03,DST-A1,2024-02-03,23.5,38.5,OPEN,LOW
PHC-DST-A1-02,PHC-DST-A1-03,DST-A1,2024-02-04,23.5,35.7,OPEN,LOW
PHC-DST-A1-02,PHC-DST-A1-03,DST-A1,2024-02-05,23.5,33.6,OPEN,LOW
PHC-DST-A1-02,PHC-DST-A1-03,DST-A1,2024-02-06,23.5,38.2,OPEN,LOW
PHC-DST-A1-02,PHC-DST-A1-03,DST-A1,2024-02-07,23.5,38.4,OPEN,LOW
PHC-DST-A1-02,PHC-DST-A1-03,DST-A1,2024-02-08,23.5,36.1,OPEN,LOW
PHC-DST-A1-02,PHC-DST-A1-03,DST-A1,2024-02-09,23.5,38.2,OPEN,LOW
PHC-DST-A1-02,PHC-DST-A1-03,DST-A1,2024-02-10,23.5,33.9,OPEN,LOW
PHC-DST-A1-02,PHC-DST-A1-03,DST-A1,2024-02-11,23.5,36.6,OPEN,LOW
PHC-DST-A1-02,PHC-DST-A1-03,DST-A1,2024-02-12,23.5,35.4,OPEN,LOW
PHC-DST-A1-02,PHC-DST-A1-03,DST-A1,2024-02-13,23.5,34.5,OPEN,LOW
PHC-DST-A1-02,PHC-DST-A1-03,DST-A1,2024-02-14,23.5,37.1,OPEN,LOW
PHC-DST-A1-02,PHC-DST-A1-03,DST-A1,2024-02-15,23.5,35.1,OPEN,LOW
PHC-DST-A1-02,PHC-DST-A1-03,DST-A1,2024-02-16,23.5,33.5,OPEN,LOW
PHC-DST-A1-02,PHC-DST-A1-03,DST-A1,2024-02-17,23.5,38.1,OPEN,LOW
PHC-DST-A1-02,PHC-DST-A1-03,DST-A1,2024-02-18,23.5,36.1,OPEN,LOW
PHC-DST-A1-02,PHC-DST-A1-03,DST-A1,2024-02-19,23.5,34.0,OPEN,LOW
PHC-DST-A1-02,PHC-DST-A1-03,DST-A1,2024-02-20,23.5,34.4,OPEN,LOW
PHC-DST-A1-02,PHC-DST-A1-03,DST-A1,2024-02-21,23.5,34.3,OPEN,LOW
PHC-DST-A1-02,PHC-DST-A1-03,DST-A1,2024-02-22,23.5,34.3,OPEN,LOW
PHC-DST-A1-02,PHC-DST-A1-03,DST-A1,2024-02-23,23.5,35.3,OPEN,LOW
PHC-DST-A1-02,PHC-DST-A1-03,DST-A1,2024-02-24,23.5,35.8,OPEN,LOW
PHC-DST-A1-02,PHC-DST-A1-03,DST-A1,2024-02-25,23.5,36.7,OPEN,LOW
PHC-DST-A1-02,PHC-DST-A1-03,DST-A1,2024-02-26,23.5,35.7,OPEN,LOW
PHC-DST-A1-02,PHC-DST-A1-03,DST-A1,2024-02-27,23.5,33.8,OPEN,LOW
PHC-DST-A1-02,PHC-DST-A1-03,DST-A1,2024-02-28,23.5,35.0,OPEN,LOW
PHC-DST-A1-02,PHC-DST-A1-03,DST-A1,2024-02-29,23.5,37.6,OPEN,LOW
PHC-DST-A1-02,PHC-DST-A1-03,DST-A1,2024-03-01,23.5,38.6,OPEN,LOW
PHC-DST-A1-02,PHC-DST-A1-03,DST-A1,2024-03-02,23.5,37.0,OPEN,LOW
PHC-DST-A1-02,PHC-DST-A1-03,DST-A1,2024-03-03,23.5,35.0,OPEN,LOW
PHC-DST-A1-02,PHC-DST-A1-03,DST-A1,2024-03-04,23.5,38.1,OPEN,LOW
PHC-DST-A1-02,PHC-DST-A1-03,DST-A1,2024-03-05,23.5,33.7,OPEN,LOW
PHC-DST-A1-02,PHC-DST-A1-03,DST-A1,2024-03-06,23.5,36.0,OPEN,LOW
PHC-DST-A1-02,PHC-DST-A1-03,DST-A1,2024-03-07,23.5,33.8,OPEN,LOW
PHC-DST-A1-02,PHC-DST-A1-03,DST-A1,2024-03-08,23.5,33.8,OPEN,LOW
PHC-DST-A1-02,PHC-DST-A1-03,DST-A1,2024-03-09,23.5,37.8,OPEN,LOW
PHC-DST-A1-02,PHC-DST-A1-03,DST-A1,2024-03-10,23.5,37.8,OPEN,LOW
PHC-DST-A1-02,PHC-DST-A1-03,DST-A1,2024-03-11,23.5,37.0,OPEN,LOW
PHC-DST-A1-02,PHC-DST-A1-03,DST-A1,2024-03-12,23.5,36.1,OPEN,LOW
PHC-DST-A1-02,PHC-DST-A1-03,DST-A1,2024-03-13,23.5,36.3,OPEN,LOW
PHC-DST-A1-02,PHC-DST-A1-03,DST-A1,2024-03-14,23.5,36.5,OPEN,LOW
PHC-DST-A1-02,PHC-DST-A1-03,DST-A1,2024-03-15,23.5,36.4,OPEN,LOW
PHC-DST-A1-02,PHC-DST-A1-03,DST-A1,2024-03-16,23.5,34.2,OPEN,LOW
PHC-DST-A1-02,PHC-DST-A1-03,DST-A1,2024-03-17,23.5,34.3,OPEN,LOW
PHC-DST-A1-02,PHC-DST-A1-03,DST-A1,2024-03-18,23.5,33.8,OPEN,LOW
PHC-DST-A1-02,PHC-DST-A1-03,DST-A1,2024-03-19,23.5,36.7,OPEN,LOW
PHC-DST-A1-02,PHC-DST-A1-03,DST-A1,2024-03-20,23.5,37.4,OPEN,LOW
PHC-DST-A1-02,PHC-DST-A1-03,DST-A1,2024-03-21,23.5,33.5,OPEN,LOW
PHC-DST-A1-02,PHC-DST-A1-03,DST-A1,2024-03-22,23.5,37.9,OPEN,LOW
PHC-DST-A1-02,PHC-DST-A1-03,DST-A1,2024-03-23,23.5,38.3,OPEN,LOW
PHC-DST-A1-02,PHC-DST-A1-03,DST-A1,2024-03-24,23.5,36.9,OPEN,LOW
PHC-DST-A1-02,PHC-DST-A1-03,DST-A1,2024-03-25,23.5,33.8,OPEN,LOW
PHC-DST-A1-02,PHC-DST-A1-03,DST-A1,2024-03-26,23.5,34.4,OPEN,LOW
PHC-DST-A1-02,PHC-DST-A1-03,DST-A1,2024-03-27,23.5,35.2,OPEN,LOW
PHC-DST-A1-02,PHC-DST-A1-03,DST-A1,2024-03-28,23.5,36.2,OPEN,LOW
PHC-DST-A1-02,PHC-DST-A1-03,DST-A1,2024-03-29,23.5,35.9,OPEN,LOW
PHC-DST-A1-02,PHC-DST-A1-03,DST-A1,2024-03-30,23.5,37.7,OPEN,LOW
PHC-DST-A1-02,PHC-DST-A1-03,DST-A1,2024-03-31,23.5,37.2,OPEN,LOW
PHC-DST-A1-02,PHC-DST-A1-03,DST-A1,2024-04-01,23.5,35.6,OPEN,LOW
PHC-DST-A1-02,PHC-DST-A1-03,DST-A1,2024-04-02,23.5,37.1,OPEN,LOW
PHC-DST-A1-02,PHC-DST-A1-03,DST-A1,2024-04-03,23.5,36.6,OPEN,LOW
PHC-DST-A1-02,PHC-DST-A1-03,DST-A1,2024-04-04,23.5,35.3,OPEN,LOW
PHC-DST-A1-02,PHC-DST-A1-03,DST-A1,2024-04-05,23.5,38.5,OPEN,LOW
PHC-DST-A1-02,PHC-DST-A1-03,DST-A1,2024-04-06,23.5,36.4,OPEN,LOW
PHC-DST-A1-02,PHC-DST-A1-03,DST-A1,2024-04-07,23.5,34.7,OPEN,LOW
PHC-DST-A1-02,PHC-DST-A1-03,DST-A1,2024-04-08,23.5,34.6,OPEN,LOW
PHC-DST-A1-02,PHC-DST-A1-03,DST-A1,2024-04-09,23.5,37.9,OPEN,LOW
PHC-DST-A1-02,PHC-DST-A1-03,DST-A1,2024-04-10,23.5,37.1,OPEN,LOW
PHC-DST-A1-02,PHC-DST-A1-03,DST-A1,2024-04-11,23.5,34.6,OPEN,LOW
PHC-DST-A1-02,PHC-DST-A1-03,DST-A1,2024-04-12,23.5,37.3,OPEN,LOW
PHC-DST-A1-02,PHC-DST-A1-03,DST-A1,2024-04-13,23.5,38.7,OPEN,LOW
PHC-DST-A1-02,PHC-DST-A1-03,DST-A1,2024-04-14,23.5,36.7,OPEN,LOW
PHC-DST-A1-02,PHC-DST-A1-03,DST-A1,2024-04-15,23.5,37.0,OPEN,LOW
PHC-DST-A1-02,PHC-DST-A1-03,DST-A1,2024-04-16,23.5,36.5,OPEN,LOW
PHC-DST-A1-02,PHC-DST-A1-03,DST-A1,2024-04-17,23.5,37.8,OPEN,LOW
PHC-DST-A1-02,PHC-DST-A1-03,DST-A1,2024-04-18,23.5,35.0,OPEN,LOW
PHC-DST-A1-02,PHC-DST-A1-03,DST-A1,2024-04-19,23.5,35.0,OPEN,LOW
PHC-DST-A1-02,PHC-DST-A1-03,DST-A1,2024-04-20,23.5,33.5,OPEN,LOW
PHC-DST-A1-02,PHC-DST-A1-03,DST-A1,2024-04-21,23.5,36.0,OPEN,LOW
PHC-DST-A1-02,PHC-DST-A1-03,DST-A1,2024-04-22,23.5,37.7,OPEN,LOW
PHC-DST-A1-02,PHC-DST-A1-03,DST-A1,2024-04-23,23.5,34.1,OPEN,LOW
PHC-DST-A1-02,PHC-DST-A1-03,DST-A1,2024-04-24,23.5,33.7,OPEN,LOW
PHC-DST-A1-02,PHC-DST-A1-03,DST-A1,2024-04-25,23.5,36.1,OPEN,LOW
PHC-DST-A1-02,PHC-DST-A1-03,DST-A1,2024-04-26,23.5,34.0,OPEN,LOW
PHC-DST-A1-02,PHC-DST-A1-03,DST-A1,2024-04-27,23.5,33.6,OPEN,LOW
PHC-DST-A1-02,PHC-DST-A1-03,DST-A1,2024-04-28,23.5,36.6,OPEN,LOW
PHC-DST-A1-02,PHC-DST-A1-03,DST-A1,2024-04-29,23.5,38.1,OPEN,LOW
PHC-DST-A1-02,PHC-DST-A1-03,DST-A1,2024-04-30,23.5,35.4,OPEN,LOW
PHC-DST-A1-02,PHC-DST-A1-03,DST-A1,2024-05-01,23.5,34.6,OPEN,LOW
PHC-DST-A1-02,PHC-DST-A1-03,DST-A1,2024-05-02,23.5,36.7,OPEN,LOW
PHC-DST-A1-02,PHC-DST-A1-03,DST-A1,2024-05-03,23.5,34.1,OPEN,LOW
PHC-DST-A1-02,PHC-DST-A1-03,DST-A1,2024-05-04,23.5,37.1,OPEN,LOW
PHC-DST-A1-02,PHC-DST-A1-03,DST-A1,2024-05-05,23.5,38.7,OPEN,LOW
PHC-DST-A1-02,PHC-DST-A1-03,DST-A1,2024-05-06,23.5,34.7,OPEN,LOW
PHC-DST-A1-02,PHC-DST-A1-03,DST-A1,2024-05-07,23.5,35.8,OPEN,LOW
PHC-DST-A1-02,PHC-DST-A1-03,DST-A1,2024-05-08,23.5,33.8,OPEN,LOW
PHC-DST-A1-02,PHC-DST-A1-03,DST-A1,2024-05-09,23.5,35.1,OPEN,LOW
PHC-DST-A1-02,PHC-DST-A1-03,DST-A1,2024-05-10,23.5,34.8,OPEN,LOW
PHC-DST-A1-02,PHC-DST-A1-03,DST-A1,2024-05-11,23.5,36.6,OPEN,LOW
PHC-DST-A1-02,PHC-DST-A1-03,DST-A1,2024-05-12,23.5,35.6,OPEN,LOW
PHC-DST-A1-02,PHC-DST-A1-03,DST-A1,2024-05-13,23.5,36.7,OPEN,LOW
PHC-DST-A1-02,PHC-DST-A1-03,DST-A1,2024-05-14,23.5,38.2,OPEN,LOW
PHC-DST-A1-02,PHC-DST-A1-03,DST-A1,2024-05-15,23.5,35.6,OPEN,LOW
PHC-DST-A1-02,PHC-DST-A1-03,DST-A1,2024-05-16,23.5,37.5,OPEN,LOW
PHC-DST-A1-02,PHC-DST-A1-03,DST-A1,2024-05-17,23.5,36.9,OPEN,LOW
PHC-DST-A1-02,PHC-DST-A1-03,DST-A1,2024-05-18,23.5,34.6,OPEN,LOW
PHC-DST-A1-02,PHC-DST-A1-03,DST-A1,2024-05-19,23.5,37.6,OPEN,LOW
PHC-DST-A1-02,PHC-DST-A1-03,DST-A1,2024-05-20,23.5,36.4,OPEN,LOW
PHC-DST-A1-02,PHC-DST-A1-03,DST-A1,2024-05-21,23.5,34.4,OPEN,LOW
PHC-DST-A1-02,PHC-DST-A1-03,DST-A1,2024-05-22,23.5,37.3,OPEN,LOW
PHC-DST-A1-02,PHC-DST-A1-03,DST-A1,2024-05-23,23.5,37.4,OPEN,LOW
PHC-DST-A1-02,PHC-DST-A1-03,DST-A1,2024-05-24,23.5,37.3,OPEN,LOW
PHC-DST-A1-02,PHC-DST-A1-03,DST-A1,2024-05-25,23.5,36.3,OPEN,LOW
PHC-DST-A1-02,PHC-DST-A1-03,DST-A1,2024-05-26,23.5,37.4,OPEN,LOW
PHC-DST-A1-02,PHC-DST-A1-03,DST-A1,2024-05-27,23.5,38.5,OPEN,LOW
PHC-DST-A1-02,PHC-DST-A1-03,DST-A1,2024-05-28,23.5,37.2,OPEN,LOW
PHC-DST-A1-02,PHC-DST-A1-03,DST-A1,2024-05-29,23.5,33.8,OPEN,LOW
PHC-DST-A1-02,PHC-DST-A1-03,DST-A1,2024-05-30,23.5,37.6,OPEN,LOW
PHC-DST-A1-02,PHC-DST-A1-03,DST-A1,2024-05-31,23.5,34.9,OPEN,LOW
PHC-DST-A1-02,PHC-DST-A1-03,DST-A1,2024-06-01,23.5,35.5,OPEN,LOW
PHC-DST-A1-02,PHC-DST-A1-03,DST-A1,2024-06-02,23.5,37.5,OPEN,LOW
PHC-DST-A1-02,PHC-DST-A1-03,DST-A1,2024-06-03,23.5,35.2,OPEN,LOW
PHC-DST-A1-02,PHC-DST-A1-03,DST-A1,2024-06-04,23.5,38.2,OPEN,LOW
PHC-DST-A1-02,PHC-DST-A1-03,DST-A1,2024-06-05,23.5,33.5,OPEN,LOW
PHC-DST-A1-02,PHC-DST-A1-03,DST-A1,2024-06-06,23.5,36.2,OPEN,LOW
PHC-DST-A1-02,PHC-DST-A1-03,DST-A1,2024-06-07,23.5,36.2,OPEN,LOW
PHC-DST-A1-02,PHC-DST-A1-03,DST-A1,2024-06-08,23.5,38.4,OPEN,LOW
PHC-DST-A1-02,PHC-DST-A1-03,DST-A1,2024-06-09,23.5,38.6,OPEN,LOW
PHC-DST-A1-02,PHC-DST-A1-03,DST-A1,2024-06-10,23.5,33.8,OPEN,LOW
PHC-DST-A1-02,PHC-DST-A1-03,DST-A1,2024-06-11,23.5,33.9,OPEN,LOW
PHC-DST-A1-02,PHC-DST-A1-03,DST-A1,2024-06-12,23.5,33.8,OPEN,LOW
PHC-DST-A1-02,PHC-DST-A1-03,DST-A1,2024-06-13,23.5,38.3,OPEN,LOW
PHC-DST-A1-02,PHC-DST-A1-03,DST-A1,2024-06-14,23.5,35.9,OPEN,LOW
PHC-DST-A1-02,PHC-DST-A1-03,DST-A1,2024-06-15,23.5,38.1,OPEN,LOW
PHC-DST-A1-02,PHC-DST-A1-03,DST-A1,2024-06-16,23.5,38.3,OPEN,LOW
PHC-DST-A1-02,PHC-DST-A1-03,DST-A1,2024-06-17,23.5,38.1,OPEN,LOW
PHC-DST-A1-02,PHC-DST-A1-03,DST-A1,2024-06-18,23.5,36.2,OPEN,LOW
PHC-DST-A1-02,PHC-DST-A1-03,DST-A1,2024-06-19,23.5,36.1,OPEN,LOW
PHC-DST-A1-02,PHC-DST-A1-03,DST-A1,2024-06-20,23.5,36.4,OPEN,LOW
PHC-DST-A1-02,PHC-DST-A1-03,DST-A1,2024-06-21,23.5,36.6,OPEN,LOW
PHC-DST-A1-02,PHC-DST-A1-03,DST-A1,2024-06-22,23.5,36.7,OPEN,LOW
PHC-DST-A1-02,PHC-DST-A1-03,DST-A1,2024-06-23,23.5,33.6,OPEN,LOW
PHC-DST-A1-02,PHC-DST-A1-03,DST-A1,2024-06-24,23.5,34.6,OPEN,LOW
PHC-DST-A1-02,PHC-DST-A1-03,DST-A1,2024-06-25,23.5,35.8,OPEN,LOW
PHC-DST-A1-02,PHC-DST-A1-03,DST-A1,2024-06-26,23.5,34.9,OPEN,LOW
PHC-DST-A1-02,PHC-DST-A1-03,DST-A1,2024-06-27,23.5,34.3,OPEN,LOW
PHC-DST-A1-02,PHC-DST-A1-03,DST-A1,2024-06-28,23.5,35.4,OPEN,LOW
PHC-DST-A1-02,PHC-DST-A1-03,DST-A1,2024-06-29,23.5,37.9,OPEN,LOW
PHC-DST-A1-02,PHC-DST-A1-03,DST-A1,2024-06-30,23.5,35.7,OPEN,LOW
PHC-DST-A1-02,PHC-DST-A1-03,DST-A1,2024-07-01,23.5,201.5,BLOCKED,MODERATE
PHC-DST-A1-02,PHC-DST-A1-03,DST-A1,2024-07-02,23.5,37.5,OPEN,LOW
PHC-DST-A1-02,PHC-DST-A1-03,DST-A1,2024-07-03,23.5,69.8,DEGRADED,MODERATE
PHC-DST-A1-02,PHC-DST-A1-03,DST-A1,2024-07-04,23.5,105.5,DEGRADED,SEVERE
PHC-DST-A1-02,PHC-DST-A1-03,DST-A1,2024-07-05,23.5,38.0,OPEN,LOW
PHC-DST-A1-02,PHC-DST-A1-03,DST-A1,2024-07-06,23.5,55.3,DEGRADED,MODERATE
PHC-DST-A1-02,PHC-DST-A1-03,DST-A1,2024-07-07,23.5,38.1,OPEN,LOW
PHC-DST-A1-02,PHC-DST-A1-03,DST-A1,2024-07-08,23.5,37.8,OPEN,LOW
PHC-DST-A1-02,PHC-DST-A1-03,DST-A1,2024-07-09,23.5,35.4,OPEN,LOW
PHC-DST-A1-02,PHC-DST-A1-03,DST-A1,2024-07-10,23.5,55.6,DEGRADED,MODERATE
PHC-DST-A1-02,PHC-DST-A1-03,DST-A1,2024-07-11,23.5,68.0,DEGRADED,LOW
PHC-DST-A1-02,PHC-DST-A1-03,DST-A1,2024-07-12,23.5,53.1,DEGRADED,LOW
PHC-DST-A1-02,PHC-DST-A1-03,DST-A1,2024-07-13,23.5,34.1,OPEN,LOW
PHC-DST-A1-02,PHC-DST-A1-03,DST-A1,2024-07-14,23.5,66.7,DEGRADED,MODERATE
PHC-DST-A1-02,PHC-DST-A1-03,DST-A1,2024-07-15,23.5,33.5,OPEN,LOW
PHC-DST-A1-02,PHC-DST-A1-03,DST-A1,2024-07-16,23.5,36.4,OPEN,LOW
PHC-DST-A1-02,PHC-DST-A1-03,DST-A1,2024-07-17,23.5,35.7,OPEN,LOW
PHC-DST-A1-02,PHC-DST-A1-03,DST-A1,2024-07-18,23.5,35.1,OPEN,LOW
PHC-DST-A1-02,PHC-DST-A1-03,DST-A1,2024-07-19,23.5,36.1,OPEN,LOW
PHC-DST-A1-02,PHC-DST-A1-03,DST-A1,2024-07-20,23.5,36.6,OPEN,LOW
PHC-DST-A1-02,PHC-DST-A1-03,DST-A1,2024-07-21,23.5,37.7,OPEN,LOW
PHC-DST-A1-02,PHC-DST-A1-03,DST-A1,2024-07-22,23.5,64.7,DEGRADED,MODERATE
PHC-DST-A1-02,PHC-DST-A1-03,DST-A1,2024-07-23,23.5,33.7,OPEN,LOW
PHC-DST-A1-02,PHC-DST-A1-03,DST-A1,2024-07-24,23.5,38.2,OPEN,LOW
PHC-DST-A1-02,PHC-DST-A1-03,DST-A1,2024-07-25,23.5,37.2,OPEN,LOW
PHC-DST-A1-02,PHC-DST-A1-03,DST-A1,2024-07-26,23.5,38.7,OPEN,LOW
PHC-DST-A1-02,PHC-DST-A1-03,DST-A1,2024-07-27,23.5,68.3,DEGRADED,LOW
PHC-DST-A1-02,PHC-DST-A1-03,DST-A1,2024-07-28,23.5,64.3,DEGRADED,MODERATE
PHC-DST-A1-02,PHC-DST-A1-03,DST-A1,2024-07-29,23.5,37.8,OPEN,LOW
PHC-DST-A1-02,PHC-DST-A1-03,DST-A1,2024-07-30,23.5,56.5,DEGRADED,LOW
PHC-DST-A1-02,PHC-DST-A1-03,DST-A1,2024-07-31,23.5,66.6,DEGRADED,LOW
PHC-DST-A1-02,PHC-DST-A1-03,DST-A1,2024-08-01,23.5,38.5,OPEN,LOW
PHC-DST-A1-02,PHC-DST-A1-03,DST-A1,2024-08-02,23.5,37.6,OPEN,LOW
PHC-DST-A1-02,PHC-DST-A1-03,DST-A1,2024-08-03,23.5,63.9,DEGRADED,LOW
PHC-DST-A1-02,PHC-DST-A1-03,DST-A1,2024-08-04,23.5,38.2,OPEN,LOW
PHC-DST-A1-02,PHC-DST-A1-03,DST-A1,2024-08-05,23.5,37.2,OPEN,LOW
PHC-DST-A1-02,PHC-DST-A1-03,DST-A1,2024-08-06,23.5,33.6,OPEN,LOW
PHC-DST-A1-02,PHC-DST-A1-03,DST-A1,2024-08-07,23.5,34.7,OPEN,LOW
PHC-DST-A1-02,PHC-DST-A1-03,DST-A1,2024-08-08,23.5,37.0,OPEN,LOW
PHC-DST-A1-02,PHC-DST-A1-03,DST-A1,2024-08-09,23.5,36.0,OPEN,LOW
PHC-DST-A1-02,PHC-DST-A1-03,DST-A1,2024-08-10,23.5,53.8,DEGRADED,MODERATE
PHC-DST-A1-02,PHC-DST-A1-03,DST-A1,2024-08-11,23.5,36.8,OPEN,LOW
PHC-DST-A1-02,PHC-DST-A1-03,DST-A1,2024-08-12,23.5,36.8,OPEN,LOW
PHC-DST-A1-02,PHC-DST-A1-03,DST-A1,2024-08-13,23.5,33.8,OPEN,LOW
PHC-DST-A1-02,PHC-DST-A1-03,DST-A1,2024-08-14,23.5,37.7,OPEN,LOW
PHC-DST-A1-02,PHC-DST-A1-03,DST-A1,2024-08-15,23.5,34.6,OPEN,LOW
PHC-DST-A1-02,PHC-DST-A1-03,DST-A1,2024-08-16,23.5,36.2,OPEN,LOW
PHC-DST-A1-02,PHC-DST-A1-03,DST-A1,2024-08-17,23.5,38.5,OPEN,LOW
PHC-DST-A1-02,PHC-DST-A1-03,DST-A1,2024-08-18,23.5,64.4,DEGRADED,LOW
PHC-DST-A1-02,PHC-DST-A1-03,DST-A1,2024-08-19,23.5,57.2,DEGRADED,MODERATE
PHC-DST-A1-02,PHC-DST-A1-03,DST-A1,2024-08-20,23.5,35.9,OPEN,LOW
PHC-DST-A1-02,PHC-DST-A1-03,DST-A1,2024-08-21,23.5,33.9,OPEN,LOW
PHC-DST-A1-02,PHC-DST-A1-03,DST-A1,2024-08-22,23.5,67.5,DEGRADED,MODERATE
PHC-DST-A1-02,PHC-DST-A1-03,DST-A1,2024-08-23,23.5,34.5,OPEN,LOW
PHC-DST-A1-02,PHC-DST-A1-03,DST-A1,2024-08-24,23.5,35.1,OPEN,LOW
PHC-DST-A1-02,PHC-DST-A1-03,DST-A1,2024-08-25,23.5,34.6,OPEN,LOW
PHC-DST-A1-02,PHC-DST-A1-03,DST-A1,2024-08-26,23.5,34.8,OPEN,LOW
PHC-DST-A1-02,PHC-DST-A1-03,DST-A1,2024-08-27,23.5,34.3,OPEN,LOW
PHC-DST-A1-02,PHC-DST-A1-03,DST-A1,2024-08-28,23.5,35.9,OPEN,LOW
PHC-DST-A1-02,PHC-DST-A1-03,DST-A1,2024-08-29,23.5,35.2,OPEN,LOW
PHC-DST-A1-02,PHC-DST-A1-03,DST-A1,2024-08-30,23.5,64.5,DEGRADED,MODERATE
PHC-DST-A1-02,PHC-DST-A1-03,DST-A1,2024-08-31,23.5,56.1,DEGRADED,LOW
PHC-DST-A1-02,PHC-DST-A1-03,DST-A1,2024-09-01,23.5,38.3,OPEN,LOW
PHC-DST-A1-02,PHC-DST-A1-03,DST-A1,2024-09-02,23.5,38.2,OPEN,LOW
PHC-DST-A1-02,PHC-DST-A1-03,DST-A1,2024-09-03,23.5,33.6,OPEN,LOW
PHC-DST-A1-02,PHC-DST-A1-03,DST-A1,2024-09-04,23.5,34.1,OPEN,LOW
PHC-DST-A1-02,PHC-DST-A1-03,DST-A1,2024-09-05,23.5,50.5,DEGRADED,MODERATE
PHC-DST-A1-02,PHC-DST-A1-03,DST-A1,2024-09-06,23.5,38.0,OPEN,LOW
PHC-DST-A1-02,PHC-DST-A1-03,DST-A1,2024-09-07,23.5,36.4,OPEN,LOW
PHC-DST-A1-02,PHC-DST-A1-03,DST-A1,2024-09-08,23.5,35.7,OPEN,LOW
PHC-DST-A1-02,PHC-DST-A1-03,DST-A1,2024-09-09,23.5,36.6,OPEN,LOW
PHC-DST-A1-02,PHC-DST-A1-03,DST-A1,2024-09-10,23.5,35.7,OPEN,LOW
PHC-DST-A1-02,PHC-DST-A1-03,DST-A1,2024-09-11,23.5,37.4,OPEN,LOW
PHC-DST-A1-02,PHC-DST-A1-03,DST-A1,2024-09-12,23.5,35.9,OPEN,LOW
PHC-DST-A1-02,PHC-DST-A1-03,DST-A1,2024-09-13,23.5,36.3,OPEN,LOW
PHC-DST-A1-02,PHC-DST-A1-03,DST-A1,2024-09-14,23.5,63.0,DEGRADED,LOW
PHC-DST-A1-02,PHC-DST-A1-03,DST-A1,2024-09-15,23.5,187.5,BLOCKED,MODERATE
PHC-DST-A1-02,PHC-DST-A1-03,DST-A1,2024-09-16,23.5,37.8,OPEN,LOW
PHC-DST-A1-02,PHC-DST-A1-03,DST-A1,2024-09-17,23.5,34.4,OPEN,LOW
PHC-DST-A1-02,PHC-DST-A1-03,DST-A1,2024-09-18,23.5,37.4,OPEN,LOW
PHC-DST-A1-02,PHC-DST-A1-03,DST-A1,2024-09-19,23.5,35.5,OPEN,LOW
PHC-DST-A1-02,PHC-DST-A1-03,DST-A1,2024-09-20,23.5,36.3,OPEN,LOW
PHC-DST-A1-02,PHC-DST-A1-03,DST-A1,2024-09-21,23.5,33.6,OPEN,LOW
PHC-DST-A1-02,PHC-DST-A1-03,DST-A1,2024-09-22,23.5,35.0,OPEN,LOW
PHC-DST-A1-02,PHC-DST-A1-03,DST-A1,2024-09-23,23.5,34.2,OPEN,LOW
PHC-DST-A1-02,PHC-DST-A1-03,DST-A1,2024-09-24,23.5,38.4,OPEN,LOW
PHC-DST-A1-02,PHC-DST-A1-03,DST-A1,2024-09-25,23.5,34.7,OPEN,LOW
PHC-DST-A1-02,PHC-DST-A1-03,DST-A1,2024-09-26,23.5,59.9,DEGRADED,LOW
PHC-DST-A1-02,PHC-DST-A1-03,DST-A1,2024-09-27,23.5,34.9,OPEN,LOW
PHC-DST-A1-02,PHC-DST-A1-03,DST-A1,2024-09-28,23.5,35.7,OPEN,LOW
PHC-DST-A1-02,PHC-DST-A1-03,DST-A1,2024-09-29,23.5,35.9,OPEN,LOW
PHC-DST-A1-02,PHC-DST-A1-03,DST-A1,2024-09-30,23.5,38.2,OPEN,LOW
PHC-DST-A1-02,PHC-DST-A1-03,DST-A1,2024-10-01,23.5,38.7,OPEN,LOW
PHC-DST-A1-02,PHC-DST-A1-03,DST-A1,2024-10-02,23.5,36.2,OPEN,LOW
PHC-DST-A1-02,PHC-DST-A1-03,DST-A1,2024-10-03,23.5,33.6,OPEN,LOW
PHC-DST-A1-02,PHC-DST-A1-03,DST-A1,2024-10-04,23.5,35.7,OPEN,LOW
PHC-DST-A1-02,PHC-DST-A1-03,DST-A1,2024-10-05,23.5,34.9,OPEN,LOW
PHC-DST-A1-02,PHC-DST-A1-03,DST-A1,2024-10-06,23.5,36.9,OPEN,LOW
PHC-DST-A1-02,PHC-DST-A1-03,DST-A1,2024-10-07,23.5,34.4,OPEN,LOW
PHC-DST-A1-02,PHC-DST-A1-03,DST-A1,2024-10-08,23.5,34.9,OPEN,LOW
PHC-DST-A1-02,PHC-DST-A1-03,DST-A1,2024-10-09,23.5,37.8,OPEN,LOW
PHC-DST-A1-02,PHC-DST-A1-03,DST-A1,2024-10-10,23.5,35.3,OPEN,LOW
PHC-DST-A1-02,PHC-DST-A1-03,DST-A1,2024-10-11,23.5,34.9,OPEN,LOW
PHC-DST-A1-02,PHC-DST-A1-03,DST-A1,2024-10-12,23.5,34.2,OPEN,LOW
PHC-DST-A1-02,PHC-DST-A1-03,DST-A1,2024-10-13,23.5,37.8,OPEN,LOW
PHC-DST-A1-02,PHC-DST-A1-03,DST-A1,2024-10-14,23.5,33.5,OPEN,LOW
PHC-DST-A1-02,PHC-DST-A1-03,DST-A1,2024-10-15,23.5,33.7,OPEN,LOW
PHC-DST-A1-02,PHC-DST-A1-03,DST-A1,2024-10-16,23.5,36.8,OPEN,LOW
PHC-DST-A1-02,PHC-DST-A1-03,DST-A1,2024-10-17,23.5,33.6,OPEN,LOW
PHC-DST-A1-02,PHC-DST-A1-03,DST-A1,2024-10-18,23.5,35.6,OPEN,LOW
PHC-DST-A1-02,PHC-DST-A1-03,DST-A1,2024-10-19,23.5,38.3,OPEN,LOW
PHC-DST-A1-02,PHC-DST-A1-03,DST-A1,2024-10-20,23.5,34.9,OPEN,LOW
PHC-DST-A1-02,PHC-DST-A1-03,DST-A1,2024-10-21,23.5,34.1,OPEN,LOW
PHC-DST-A1-02,PHC-DST-A1-03,DST-A1,2024-10-22,23.5,34.2,OPEN,LOW
PHC-DST-A1-02,PHC-DST-A1-03,DST-A1,2024-10-23,23.5,36.9,OPEN,LOW
PHC-DST-A1-02,PHC-DST-A1-03,DST-A1,2024-10-24,23.5,36.6,OPEN,LOW
PHC-DST-A1-02,PHC-DST-A1-03,DST-A1,2024-10-25,23.5,33.9,OPEN,LOW
PHC-DST-A1-02,PHC-DST-A1-03,DST-A1,2024-10-26,23.5,36.5,OPEN,LOW
PHC-DST-A1-02,PHC-DST-A1-03,DST-A1,2024-10-27,23.5,35.0,OPEN,LOW
PHC-DST-A1-02,PHC-DST-A1-03,DST-A1,2024-10-28,23.5,37.6,OPEN,LOW
PHC-DST-A1-02,PHC-DST-A1-03,DST-A1,2024-10-29,23.5,34.1,OPEN,LOW
PHC-DST-A1-02,PHC-DST-A1-03,DST-A1,2024-10-30,23.5,33.7,OPEN,LOW
PHC-DST-A1-02,PHC-DST-A1-03,DST-A1,2024-10-31,23.5,35.9,OPEN,LOW
PHC-DST-A1-02,PHC-DST-A1-03,DST-A1,2024-11-01,23.5,36.8,OPEN,LOW
PHC-DST-A1-02,PHC-DST-A1-03,DST-A1,2024-11-02,23.5,34.0,OPEN,LOW
PHC-DST-A1-02,PHC-DST-A1-03,DST-A1,2024-11-03,23.5,34.7,OPEN,LOW
PHC-DST-A1-02,PHC-DST-A1-03,DST-A1,2024-11-04,23.5,38.7,OPEN,LOW
PHC-DST-A1-02,PHC-DST-A1-03,DST-A1,2024-11-05,23.5,35.1,OPEN,LOW
PHC-DST-A1-02,PHC-DST-A1-03,DST-A1,2024-11-06,23.5,35.2,OPEN,LOW
PHC-DST-A1-02,PHC-DST-A1-03,DST-A1,2024-11-07,23.5,38.1,OPEN,LOW
PHC-DST-A1-02,PHC-DST-A1-03,DST-A1,2024-11-08,23.5,34.4,OPEN,LOW
PHC-DST-A1-02,PHC-DST-A1-03,DST-A1,2024-11-09,23.5,35.2,OPEN,LOW
PHC-DST-A1-02,PHC-DST-A1-03,DST-A1,2024-11-10,23.5,33.9,OPEN,LOW
PHC-DST-A1-02,PHC-DST-A1-03,DST-A1,2024-11-11,23.5,33.9,OPEN,LOW
PHC-DST-A1-02,PHC-DST-A1-03,DST-A1,2024-11-12,23.5,38.0,OPEN,LOW
PHC-DST-A1-02,PHC-DST-A1-03,DST-A1,2024-11-13,23.5,36.6,OPEN,LOW
PHC-DST-A1-02,PHC-DST-A1-03,DST-A1,2024-11-14,23.5,34.7,OPEN,LOW
PHC-DST-A1-02,PHC-DST-A1-03,DST-A1,2024-11-15,23.5,34.8,OPEN,LOW
PHC-DST-A1-02,PHC-DST-A1-03,DST-A1,2024-11-16,23.5,37.0,OPEN,LOW
PHC-DST-A1-02,PHC-DST-A1-03,DST-A1,2024-11-17,23.5,36.2,OPEN,LOW
PHC-DST-A1-02,PHC-DST-A1-03,DST-A1,2024-11-18,23.5,37.6,OPEN,LOW
PHC-DST-A1-02,PHC-DST-A1-03,DST-A1,2024-11-19,23.5,35.9,OPEN,LOW
PHC-DST-A1-02,PHC-DST-A1-03,DST-A1,2024-11-20,23.5,35.9,OPEN,LOW
PHC-DST-A1-02,PHC-DST-A1-03,DST-A1,2024-11-21,23.5,36.6,OPEN,LOW
PHC-DST-A1-02,PHC-DST-A1-03,DST-A1,2024-11-22,23.5,36.7,OPEN,LOW
PHC-DST-A1-02,PHC-DST-A1-03,DST-A1,2024-11-23,23.5,37.5,OPEN,LOW
PHC-DST-A1-02,PHC-DST-A1-03,DST-A1,2024-11-24,23.5,34.3,OPEN,LOW
PHC-DST-A1-02,PHC-DST-A1-03,DST-A1,2024-11-25,23.5,38.4,OPEN,LOW
PHC-DST-A1-02,PHC-DST-A1-03,DST-A1,2024-11-26,23.5,36.0,OPEN,LOW
PHC-DST-A1-02,PHC-DST-A1-03,DST-A1,2024-11-27,23.5,36.3,OPEN,LOW
PHC-DST-A1-02,PHC-DST-A1-03,DST-A1,2024-11-28,23.5,34.8,OPEN,LOW
PHC-DST-A1-02,PHC-DST-A1-03,DST-A1,2024-11-29,23.5,37.1,OPEN,LOW
PHC-DST-A1-02,PHC-DST-A1-03,DST-A1,2024-11-30,23.5,37.8,OPEN,LOW
PHC-DST-A1-02,PHC-DST-A1-03,DST-A1,2024-12-01,23.5,38.4,OPEN,LOW
PHC-DST-A1-02,PHC-DST-A1-03,DST-A1,2024-12-02,23.5,38.0,OPEN,LOW
PHC-DST-A1-02,PHC-DST-A1-03,DST-A1,2024-12-03,23.5,38.5,OPEN,LOW
PHC-DST-A1-02,PHC-DST-A1-03,DST-A1,2024-12-04,23.5,38.1,OPEN,LOW
PHC-DST-A1-02,PHC-DST-A1-03,DST-A1,2024-12-05,23.5,36.0,OPEN,LOW
PHC-DST-A1-02,PHC-DST-A1-03,DST-A1,2024-12-06,23.5,34.7,OPEN,LOW
PHC-DST-A1-02,PHC-DST-A1-03,DST-A1,2024-12-07,23.5,34.7,OPEN,LOW
PHC-DST-A1-02,PHC-DST-A1-03,DST-A1,2024-12-08,23.5,35.4,OPEN,LOW
PHC-DST-A1-02,PHC-DST-A1-03,DST-A1,2024-12-09,23.5,33.6,OPEN,LOW
PHC-DST-A1-02,PHC-DST-A1-03,DST-A1,2024-12-10,23.5,35.8,OPEN,LOW
PHC-DST-A1-02,PHC-DST-A1-03,DST-A1,2024-12-11,23.5,36.5,OPEN,LOW
PHC-DST-A1-02,PHC-DST-A1-03,DST-A1,2024-12-12,23.5,34.2,OPEN,LOW
PHC-DST-A1-02,PHC-DST-A1-03,DST-A1,2024-12-13,23.5,35.9,OPEN,LOW
PHC-DST-A1-02,PHC-DST-A1-03,DST-A1,2024-12-14,23.5,33.5,OPEN,LOW
PHC-DST-A1-02,PHC-DST-A1-03,DST-A1,2024-12-15,23.5,35.6,OPEN,LOW
PHC-DST-A1-02,PHC-DST-A1-03,DST-A1,2024-12-16,23.5,37.3,OPEN,LOW
PHC-DST-A1-02,PHC-DST-A1-03,DST-A1,2024-12-17,23.5,36.4,OPEN,LOW
PHC-DST-A1-02,PHC-DST-A1-03,DST-A1,2024-12-18,23.5,35.0,OPEN,LOW
PHC-DST-A1-02,PHC-DST-A1-03,DST-A1,2024-12-19,23.5,37.8,OPEN,LOW
PHC-DST-A1-02,PHC-DST-A1-03,DST-A1,2024-12-20,23.5,37.8,OPEN,LOW
PHC-DST-A1-02,PHC-DST-A1-03,DST-A1,2024-12-21,23.5,35.1,OPEN,LOW
PHC-DST-A1-02,PHC-DST-A1-03,DST-A1,2024-12-22,23.5,36.4,OPEN,LOW
PHC-DST-A1-02,PHC-DST-A1-03,DST-A1,2024-12-23,23.5,37.6,OPEN,LOW
PHC-DST-A1-02,PHC-DST-A1-03,DST-A1,2024-12-24,23.5,37.4,OPEN,LOW
PHC-DST-A1-02,PHC-DST-A1-03,DST-A1,2024-12-25,23.5,35.2,OPEN,LOW
PHC-DST-A1-02,PHC-DST-A1-03,DST-A1,2024-12-26,23.5,35.3,OPEN,LOW
PHC-DST-A1-02,PHC-DST-A1-03,DST-A1,2024-12-27,23.5,37.8,OPEN,LOW
PHC-DST-A1-02,PHC-DST-A1-03,DST-A1,2024-12-28,23.5,38.5,OPEN,LOW
PHC-DST-A1-02,PHC-DST-A1-03,DST-A1,2024-12-29,23.5,37.9,OPEN,LOW
PHC-DST-A1-02,PHC-DST-A1-03,DST-A1,2024-12-30,23.5,35.0,OPEN,LOW
PHC-DST-A1-02,PHC-DST-A1-03,DST-A1,2024-12-31,23.5,36.5,OPEN,LOW
PHC-DST-A1-02,PHC-DST-A1-03,DST-A1,2025-01-01,23.5,35.7,OPEN,LOW
PHC-DST-A1-02,PHC-DST-A1-03,DST-A1,2025-01-02,23.5,34.3,OPEN,LOW
PHC-DST-A1-02,PHC-DST-A1-03,DST-A1,2025-01-03,23.5,36.0,OPEN,LOW
PHC-DST-A1-02,PHC-DST-A1-03,DST-A1,2025-01-04,23.5,37.8,OPEN,LOW
PHC-DST-A1-02,PHC-DST-A1-03,DST-A1,2025-01-05,23.5,36.4,OPEN,LOW
PHC-DST-A1-02,PHC-DST-A1-03,DST-A1,2025-01-06,23.5,33.7,OPEN,LOW
PHC-DST-A1-02,PHC-DST-A1-03,DST-A1,2025-01-07,23.5,37.2,OPEN,LOW
PHC-DST-A1-02,PHC-DST-A1-03,DST-A1,2025-01-08,23.5,38.6,OPEN,LOW
PHC-DST-A1-02,PHC-DST-A1-03,DST-A1,2025-01-09,23.5,35.0,OPEN,LOW
PHC-DST-A1-02,PHC-DST-A1-03,DST-A1,2025-01-10,23.5,36.6,OPEN,LOW
PHC-DST-A1-02,PHC-DST-A1-03,DST-A1,2025-01-11,23.5,37.0,OPEN,LOW
PHC-DST-A1-02,PHC-DST-A1-03,DST-A1,2025-01-12,23.5,34.6,OPEN,LOW
PHC-DST-A1-02,PHC-DST-A1-03,DST-A1,2025-01-13,23.5,36.5,OPEN,LOW
PHC-DST-A1-02,PHC-DST-A1-03,DST-A1,2025-01-14,23.5,34.1,OPEN,LOW
PHC-DST-A1-02,PHC-DST-A1-03,DST-A1,2025-01-15,23.5,38.2,OPEN,LOW
PHC-DST-A1-02,PHC-DST-A1-03,DST-A1,2025-01-16,23.5,38.6,OPEN,LOW
PHC-DST-A1-02,PHC-DST-A1-03,DST-A1,2025-01-17,23.5,34.9,OPEN,LOW
PHC-DST-A1-02,PHC-DST-A1-03,DST-A1,2025-01-18,23.5,36.7,OPEN,LOW
PHC-DST-A1-02,PHC-DST-A1-03,DST-A1,2025-01-19,23.5,38.7,OPEN,LOW
PHC-DST-A1-02,PHC-DST-A1-03,DST-A1,2025-01-20,23.5,36.1,OPEN,LOW
PHC-DST-A1-02,PHC-DST-A1-03,DST-A1,2025-01-21,23.5,35.9,OPEN,LOW
PHC-DST-A1-02,PHC-DST-A1-03,DST-A1,2025-01-22,23.5,33.6,OPEN,LOW
PHC-DST-A1-02,PHC-DST-A1-03,DST-A1,2025-01-23,23.5,34.1,OPEN,LOW
PHC-DST-A1-02,PHC-DST-A1-03,DST-A1,2025-01-24,23.5,35.8,OPEN,LOW
PHC-DST-A1-02,PHC-DST-A1-03,DST-A1,2025-01-25,23.5,36.0,OPEN,LOW
PHC-DST-A1-02,PHC-DST-A1-03,DST-A1,2025-01-26,23.5,35.6,OPEN,LOW
PHC-DST-A1-02,PHC-DST-A1-03,DST-A1,2025-01-27,23.5,34.1,OPEN,LOW
PHC-DST-A1-02,PHC-DST-A1-03,DST-A1,2025-01-28,23.5,35.0,OPEN,LOW
PHC-DST-A1-02,PHC-DST-A1-03,DST-A1,2025-01-29,23.5,38.3,OPEN,LOW
PHC-DST-A1-02,PHC-DST-A1-03,DST-A1,2025-01-30,23.5,37.6,OPEN,LOW
PHC-DST-A1-02,PHC-DST-A1-03,DST-A1,2025-01-31,23.5,36.0,OPEN,LOW
PHC-DST-A1-02,PHC-DST-A1-03,DST-A1,2025-02-01,23.5,38.6,OPEN,LOW
PHC-DST-A1-02,PHC-DST-A1-03,DST-A1,2025-02-02,23.5,38.0,OPEN,LOW
PHC-DST-A1-02,PHC-DST-A1-03,DST-A1,2025-02-03,23.5,38.1,OPEN,LOW
PHC-DST-A1-02,PHC-DST-A1-03,DST-A1,2025-02-04,23.5,34.9,OPEN,LOW
PHC-DST-A1-02,PHC-DST-A1-03,DST-A1,2025-02-05,23.5,36.2,OPEN,LOW
PHC-DST-A1-02,PHC-DST-A1-03,DST-A1,2025-02-06,23.5,35.0,OPEN,LOW
PHC-DST-A1-02,PHC-DST-A1-03,DST-A1,2025-02-07,23.5,38.2,OPEN,LOW
PHC-DST-A1-02,PHC-DST-A1-03,DST-A1,2025-02-08,23.5,36.4,OPEN,LOW
PHC-DST-A1-02,PHC-DST-A1-03,DST-A1,2025-02-09,23.5,35.0,OPEN,LOW
PHC-DST-A1-02,PHC-DST-A1-03,DST-A1,2025-02-10,23.5,37.3,OPEN,LOW
PHC-DST-A1-02,PHC-DST-A1-03,DST-A1,2025-02-11,23.5,37.6,OPEN,LOW
PHC-DST-A1-02,PHC-DST-A1-03,DST-A1,2025-02-12,23.5,34.2,OPEN,LOW
PHC-DST-A1-02,PHC-DST-A1-03,DST-A1,2025-02-13,23.5,37.8,OPEN,LOW
PHC-DST-A1-02,PHC-DST-A1-03,DST-A1,2025-02-14,23.5,35.3,OPEN,LOW
PHC-DST-A1-02,PHC-DST-A1-03,DST-A1,2025-02-15,23.5,37.5,OPEN,LOW
PHC-DST-A1-02,PHC-DST-A1-03,DST-A1,2025-02-16,23.5,35.1,OPEN,LOW
PHC-DST-A1-02,PHC-DST-A1-03,DST-A1,2025-02-17,23.5,38.3,OPEN,LOW
PHC-DST-A1-02,PHC-DST-A1-03,DST-A1,2025-02-18,23.5,38.3,OPEN,LOW
PHC-DST-A1-02,PHC-DST-A1-03,DST-A1,2025-02-19,23.5,38.6,OPEN,LOW
PHC-DST-A1-02,PHC-DST-A1-03,DST-A1,2025-02-20,23.5,36.1,OPEN,LOW
PHC-DST-A1-02,PHC-DST-A1-03,DST-A1,2025-02-21,23.5,38.4,OPEN,LOW
PHC-DST-A1-02,PHC-DST-A1-03,DST-A1,2025-02-22,23.5,38.7,OPEN,LOW
PHC-DST-A1-02,PHC-DST-A1-03,DST-A1,2025-02-23,23.5,33.8,OPEN,LOW
PHC-DST-A1-02,PHC-DST-A1-03,DST-A1,2025-02-24,23.5,35.7,OPEN,LOW
PHC-DST-A1-02,PHC-DST-A1-03,DST-A1,2025-02-25,23.5,34.5,OPEN,LOW
PHC-DST-A1-02,PHC-DST-A1-03,DST-A1,2025-02-26,23.5,38.3,OPEN,LOW
PHC-DST-A1-02,PHC-DST-A1-03,DST-A1,2025-02-27,23.5,33.7,OPEN,LOW
PHC-DST-A1-02,PHC-DST-A1-03,DST-A1,2025-02-28,23.5,37.7,OPEN,LOW
PHC-DST-A1-02,PHC-DST-A1-03,DST-A1,2025-03-01,23.5,36.3,OPEN,LOW
PHC-DST-A1-02,PHC-DST-A1-03,DST-A1,2025-03-02,23.5,38.4,OPEN,LOW
PHC-DST-A1-02,PHC-DST-A1-03,DST-A1,2025-03-03,23.5,35.0,OPEN,LOW
PHC-DST-A1-02,PHC-DST-A1-03,DST-A1,2025-03-04,23.5,35.7,OPEN,LOW
PHC-DST-A1-02,PHC-DST-A1-03,DST-A1,2025-03-05,23.5,35.7,OPEN,LOW
PHC-DST-A1-02,PHC-DST-A1-03,DST-A1,2025-03-06,23.5,37.7,OPEN,LOW
PHC-DST-A1-02,PHC-DST-A1-03,DST-A1,2025-03-07,23.5,33.8,OPEN,LOW
PHC-DST-A1-02,PHC-DST-A1-03,DST-A1,2025-03-08,23.5,38.4,OPEN,LOW
PHC-DST-A1-02,PHC-DST-A1-03,DST-A1,2025-03-09,23.5,34.5,OPEN,LOW
PHC-DST-A1-02,PHC-DST-A1-03,DST-A1,2025-03-10,23.5,37.7,OPEN,LOW
PHC-DST-A1-02,PHC-DST-A1-03,DST-A1,2025-03-11,23.5,37.5,OPEN,LOW
PHC-DST-A1-02,PHC-DST-A1-03,DST-A1,2025-03-12,23.5,38.2,OPEN,LOW
PHC-DST-A1-02,PHC-DST-A1-03,DST-A1,2025-03-13,23.5,38.6,OPEN,LOW
PHC-DST-A1-02,PHC-DST-A1-03,DST-A1,2025-03-14,23.5,35.5,OPEN,LOW
PHC-DST-A1-02,PHC-DST-A1-03,DST-A1,2025-03-15,23.5,37.1,OPEN,LOW
PHC-DST-A1-02,PHC-DST-A1-03,DST-A1,2025-03-16,23.5,34.7,OPEN,LOW
PHC-DST-A1-02,PHC-DST-A1-03,DST-A1,2025-03-17,23.5,33.9,OPEN,LOW
PHC-DST-A1-02,PHC-DST-A1-03,DST-A1,2025-03-18,23.5,37.0,OPEN,LOW
PHC-DST-A1-02,PHC-DST-A1-03,DST-A1,2025-03-19,23.5,35.9,OPEN,LOW
PHC-DST-A1-02,PHC-DST-A1-03,DST-A1,2025-03-20,23.5,35.0,OPEN,LOW
PHC-DST-A1-02,PHC-DST-A1-03,DST-A1,2025-03-21,23.5,33.7,OPEN,LOW
PHC-DST-A1-02,PHC-DST-A1-03,DST-A1,2025-03-22,23.5,33.4,OPEN,LOW
PHC-DST-A1-02,PHC-DST-A1-03,DST-A1,2025-03-23,23.5,34.7,OPEN,LOW
PHC-DST-A1-02,PHC-DST-A1-03,DST-A1,2025-03-24,23.5,34.8,OPEN,LOW
PHC-DST-A1-02,PHC-DST-A1-03,DST-A1,2025-03-25,23.5,36.2,OPEN,LOW
PHC-DST-A1-02,PHC-DST-A1-03,DST-A1,2025-03-26,23.5,35.3,OPEN,LOW
PHC-DST-A1-02,PHC-DST-A1-03,DST-A1,2025-03-27,23.5,33.7,OPEN,LOW
PHC-DST-A1-02,PHC-DST-A1-03,DST-A1,2025-03-28,23.5,36.2,OPEN,LOW
PHC-DST-A1-02,PHC-DST-A1-03,DST-A1,2025-03-29,23.5,37.8,OPEN,LOW
PHC-DST-A1-02,PHC-DST-A1-03,DST-A1,2025-03-30,23.5,35.6,OPEN,LOW
PHC-DST-A1-02,PHC-DST-A1-03,DST-A1,2025-03-31,23.5,36.9,OPEN,LOW
PHC-DST-A1-02,PHC-DST-A1-03,DST-A1,2025-04-01,23.5,36.7,OPEN,LOW
PHC-DST-A1-02,PHC-DST-A1-03,DST-A1,2025-04-02,23.5,35.2,OPEN,LOW
PHC-DST-A1-02,PHC-DST-A1-03,DST-A1,2025-04-03,23.5,36.4,OPEN,LOW
PHC-DST-A1-02,PHC-DST-A1-03,DST-A1,2025-04-04,23.5,37.4,OPEN,LOW
PHC-DST-A1-02,PHC-DST-A1-03,DST-A1,2025-04-05,23.5,38.0,OPEN,LOW
PHC-DST-A1-02,PHC-DST-A1-03,DST-A1,2025-04-06,23.5,35.9,OPEN,LOW
PHC-DST-A1-02,PHC-DST-A1-03,DST-A1,2025-04-07,23.5,37.3,OPEN,LOW
PHC-DST-A1-02,PHC-DST-A1-03,DST-A1,2025-04-08,23.5,36.3,OPEN,LOW
PHC-DST-A1-02,PHC-DST-A1-03,DST-A1,2025-04-09,23.5,37.6,OPEN,LOW
PHC-DST-A1-02,PHC-DST-A1-03,DST-A1,2025-04-10,23.5,35.1,OPEN,LOW
PHC-DST-A1-02,PHC-DST-A1-03,DST-A1,2025-04-11,23.5,36.9,OPEN,LOW
PHC-DST-A1-02,PHC-DST-A1-03,DST-A1,2025-04-12,23.5,36.2,OPEN,LOW
PHC-DST-A1-02,PHC-DST-A1-03,DST-A1,2025-04-13,23.5,36.3,OPEN,LOW
PHC-DST-A1-02,PHC-DST-A1-03,DST-A1,2025-04-14,23.5,36.4,OPEN,LOW
PHC-DST-A1-02,PHC-DST-A1-03,DST-A1,2025-04-15,23.5,37.6,OPEN,LOW
PHC-DST-A1-02,PHC-DST-A1-03,DST-A1,2025-04-16,23.5,34.1,OPEN,LOW
PHC-DST-A1-02,PHC-DST-A1-03,DST-A1,2025-04-17,23.5,33.6,OPEN,LOW
PHC-DST-A1-02,PHC-DST-A1-03,DST-A1,2025-04-18,23.5,35.5,OPEN,LOW
PHC-DST-A1-02,PHC-DST-A1-03,DST-A1,2025-04-19,23.5,37.2,OPEN,LOW
PHC-DST-A1-02,PHC-DST-A1-03,DST-A1,2025-04-20,23.5,34.0,OPEN,LOW
PHC-DST-A1-02,PHC-DST-A1-03,DST-A1,2025-04-21,23.5,34.5,OPEN,LOW
PHC-DST-A1-02,PHC-DST-A1-03,DST-A1,2025-04-22,23.5,34.7,OPEN,LOW
PHC-DST-A1-02,PHC-DST-A1-03,DST-A1,2025-04-23,23.5,37.4,OPEN,LOW
PHC-DST-A1-02,PHC-DST-A1-03,DST-A1,2025-04-24,23.5,34.1,OPEN,LOW
PHC-DST-A1-02,PHC-DST-A1-03,DST-A1,2025-04-25,23.5,33.9,OPEN,LOW
PHC-DST-A1-02,PHC-DST-A1-03,DST-A1,2025-04-26,23.5,37.1,OPEN,LOW
PHC-DST-A1-02,PHC-DST-A1-03,DST-A1,2025-04-27,23.5,36.1,OPEN,LOW
PHC-DST-A1-02,PHC-DST-A1-03,DST-A1,2025-04-28,23.5,36.1,OPEN,LOW
PHC-DST-A1-02,PHC-DST-A1-03,DST-A1,2025-04-29,23.5,34.0,OPEN,LOW
PHC-DST-A1-02,PHC-DST-A1-03,DST-A1,2025-04-30,23.5,34.7,OPEN,LOW
PHC-DST-A1-02,PHC-DST-A1-03,DST-A1,2025-05-01,23.5,37.1,OPEN,LOW
PHC-DST-A1-02,PHC-DST-A1-03,DST-A1,2025-05-02,23.5,35.8,OPEN,LOW
PHC-DST-A1-02,PHC-DST-A1-03,DST-A1,2025-05-03,23.5,37.5,OPEN,LOW
PHC-DST-A1-02,PHC-DST-A1-03,DST-A1,2025-05-04,23.5,36.9,OPEN,LOW
PHC-DST-A1-02,PHC-DST-A1-03,DST-A1,2025-05-05,23.5,38.2,OPEN,LOW
PHC-DST-A1-02,PHC-DST-A1-03,DST-A1,2025-05-06,23.5,36.1,OPEN,LOW
PHC-DST-A1-02,PHC-DST-A1-03,DST-A1,2025-05-07,23.5,37.3,OPEN,LOW
PHC-DST-A1-02,PHC-DST-A1-03,DST-A1,2025-05-08,23.5,37.1,OPEN,LOW
PHC-DST-A1-02,PHC-DST-A1-03,DST-A1,2025-05-09,23.5,35.3,OPEN,LOW
PHC-DST-A1-02,PHC-DST-A1-03,DST-A1,2025-05-10,23.5,35.7,OPEN,LOW
PHC-DST-A1-02,PHC-DST-A1-03,DST-A1,2025-05-11,23.5,36.2,OPEN,LOW
PHC-DST-A1-02,PHC-DST-A1-03,DST-A1,2025-05-12,23.5,36.0,OPEN,LOW
PHC-DST-A1-02,PHC-DST-A1-03,DST-A1,2025-05-13,23.5,36.1,OPEN,LOW
PHC-DST-A1-02,PHC-DST-A1-03,DST-A1,2025-05-14,23.5,35.9,OPEN,LOW
PHC-DST-A1-02,PHC-DST-A1-03,DST-A1,2025-05-15,23.5,37.3,OPEN,LOW
PHC-DST-A1-02,PHC-DST-A1-03,DST-A1,2025-05-16,23.5,33.9,OPEN,LOW
PHC-DST-A1-02,PHC-DST-A1-03,DST-A1,2025-05-17,23.5,37.9,OPEN,LOW
PHC-DST-A1-02,PHC-DST-A1-03,DST-A1,2025-05-18,23.5,33.5,OPEN,LOW
PHC-DST-A1-02,PHC-DST-A1-03,DST-A1,2025-05-19,23.5,35.2,OPEN,LOW
PHC-DST-A1-02,PHC-DST-A1-03,DST-A1,2025-05-20,23.5,36.5,OPEN,LOW
PHC-DST-A1-02,PHC-DST-A1-03,DST-A1,2025-05-21,23.5,37.2,OPEN,LOW
PHC-DST-A1-02,PHC-DST-A1-03,DST-A1,2025-05-22,23.5,36.5,OPEN,LOW
PHC-DST-A1-02,PHC-DST-A1-03,DST-A1,2025-05-23,23.5,36.1,OPEN,LOW
PHC-DST-A1-02,PHC-DST-A1-03,DST-A1,2025-05-24,23.5,36.7,OPEN,LOW
PHC-DST-A1-02,PHC-DST-A1-03,DST-A1,2025-05-25,23.5,37.2,OPEN,LOW
PHC-DST-A1-02,PHC-DST-A1-03,DST-A1,2025-05-26,23.5,38.2,OPEN,LOW
PHC-DST-A1-02,PHC-DST-A1-03,DST-A1,2025-05-27,23.5,37.7,OPEN,LOW
PHC-DST-A1-02,PHC-DST-A1-03,DST-A1,2025-05-28,23.5,37.4,OPEN,LOW
PHC-DST-A1-02,PHC-DST-A1-03,DST-A1,2025-05-29,23.5,35.2,OPEN,LOW
PHC-DST-A1-02,PHC-DST-A1-03,DST-A1,2025-05-30,23.5,33.6,OPEN,LOW
PHC-DST-A1-02,PHC-DST-A1-03,DST-A1,2025-05-31,23.5,35.0,OPEN,LOW
PHC-DST-A1-02,PHC-DST-A1-03,DST-A1,2025-06-01,23.5,33.5,OPEN,LOW
PHC-DST-A1-02,PHC-DST-A1-03,DST-A1,2025-06-02,23.5,36.3,OPEN,LOW
PHC-DST-A1-02,PHC-DST-A1-03,DST-A1,2025-06-03,23.5,38.5,OPEN,LOW
PHC-DST-A1-02,PHC-DST-A1-03,DST-A1,2025-06-04,23.5,37.4,OPEN,LOW
PHC-DST-A1-02,PHC-DST-A1-03,DST-A1,2025-06-05,23.5,37.1,OPEN,LOW
PHC-DST-A1-02,PHC-DST-A1-03,DST-A1,2025-06-06,23.5,36.5,OPEN,LOW
PHC-DST-A1-02,PHC-DST-A1-03,DST-A1,2025-06-07,23.5,37.9,OPEN,LOW
PHC-DST-A1-02,PHC-DST-A1-03,DST-A1,2025-06-08,23.5,36.3,OPEN,LOW
PHC-DST-A1-02,PHC-DST-A1-03,DST-A1,2025-06-09,23.5,35.3,OPEN,LOW
PHC-DST-A1-02,PHC-DST-A1-03,DST-A1,2025-06-10,23.5,38.6,OPEN,LOW
PHC-DST-A1-02,PHC-DST-A1-03,DST-A1,2025-06-11,23.5,34.2,OPEN,LOW
PHC-DST-A1-02,PHC-DST-A1-03,DST-A1,2025-06-12,23.5,34.3,OPEN,LOW
PHC-DST-A1-02,PHC-DST-A1-03,DST-A1,2025-06-13,23.5,34.2,OPEN,LOW
PHC-DST-A1-02,PHC-DST-A1-03,DST-A1,2025-06-14,23.5,35.6,OPEN,LOW
PHC-DST-A1-02,PHC-DST-A1-03,DST-A1,2025-06-15,23.5,33.6,OPEN,LOW
PHC-DST-A1-02,PHC-DST-A1-03,DST-A1,2025-06-16,23.5,34.2,OPEN,LOW
PHC-DST-A1-02,PHC-DST-A1-03,DST-A1,2025-06-17,23.5,36.8,OPEN,LOW
PHC-DST-A1-02,PHC-DST-A1-03,DST-A1,2025-06-18,23.5,35.8,OPEN,LOW
PHC-DST-A1-02,PHC-DST-A1-03,DST-A1,2025-06-19,23.5,33.6,OPEN,LOW
PHC-DST-A1-02,PHC-DST-A1-03,DST-A1,2025-06-20,23.5,35.2,OPEN,LOW
PHC-DST-A1-02,PHC-DST-A1-03,DST-A1,2025-06-21,23.5,37.1,OPEN,LOW
PHC-DST-A1-02,PHC-DST-A1-03,DST-A1,2025-06-22,23.5,38.3,OPEN,LOW
PHC-DST-A1-02,PHC-DST-A1-03,DST-A1,2025-06-23,23.5,36.7,OPEN,LOW
PHC-DST-A1-02,PHC-DST-A1-03,DST-A1,2025-06-24,23.5,37.6,OPEN,LOW
PHC-DST-A1-02,PHC-DST-A1-03,DST-A1,2025-06-25,23.5,35.9,OPEN,LOW
PHC-DST-A1-02,PHC-DST-A1-03,DST-A1,2025-06-26,23.5,36.2,OPEN,LOW
PHC-DST-A1-02,PHC-DST-A1-03,DST-A1,2025-06-27,23.5,35.7,OPEN,LOW
PHC-DST-A1-02,PHC-DST-A1-03,DST-A1,2025-06-28,23.5,36.5,OPEN,LOW
PHC-DST-A1-02,PHC-DST-A1-03,DST-A1,2025-06-29,23.5,38.0,OPEN,LOW
PHC-DST-A1-02,PHC-DST-A1-03,DST-A1,2025-06-30,23.5,34.3,OPEN,LOW
PHC-DST-A1-03,PHC-DST-A1-04,DST-A1,2024-01-01,17.8,26.8,OPEN,LOW
PHC-DST-A1-03,PHC-DST-A1-04,DST-A1,2024-01-02,17.8,26.6,OPEN,LOW
PHC-DST-A1-03,PHC-DST-A1-04,DST-A1,2024-01-03,17.8,27.2,OPEN,LOW
PHC-DST-A1-03,PHC-DST-A1-04,DST-A1,2024-01-04,17.8,29.3,OPEN,LOW
PHC-DST-A1-03,PHC-DST-A1-04,DST-A1,2024-01-05,17.8,28.7,OPEN,LOW
PHC-DST-A1-03,PHC-DST-A1-04,DST-A1,2024-01-06,17.8,27.6,OPEN,LOW
PHC-DST-A1-03,PHC-DST-A1-04,DST-A1,2024-01-07,17.8,27.1,OPEN,LOW
PHC-DST-A1-03,PHC-DST-A1-04,DST-A1,2024-01-08,17.8,25.4,OPEN,LOW
PHC-DST-A1-03,PHC-DST-A1-04,DST-A1,2024-01-09,17.8,27.0,OPEN,LOW
PHC-DST-A1-03,PHC-DST-A1-04,DST-A1,2024-01-10,17.8,25.4,OPEN,LOW
PHC-DST-A1-03,PHC-DST-A1-04,DST-A1,2024-01-11,17.8,26.4,OPEN,LOW
PHC-DST-A1-03,PHC-DST-A1-04,DST-A1,2024-01-12,17.8,29.1,OPEN,LOW
PHC-DST-A1-03,PHC-DST-A1-04,DST-A1,2024-01-13,17.8,26.7,OPEN,LOW
PHC-DST-A1-03,PHC-DST-A1-04,DST-A1,2024-01-14,17.8,29.2,OPEN,LOW
PHC-DST-A1-03,PHC-DST-A1-04,DST-A1,2024-01-15,17.8,26.5,OPEN,LOW
PHC-DST-A1-03,PHC-DST-A1-04,DST-A1,2024-01-16,17.8,27.9,OPEN,LOW
PHC-DST-A1-03,PHC-DST-A1-04,DST-A1,2024-01-17,17.8,25.8,OPEN,LOW
PHC-DST-A1-03,PHC-DST-A1-04,DST-A1,2024-01-18,17.8,26.5,OPEN,LOW
PHC-DST-A1-03,PHC-DST-A1-04,DST-A1,2024-01-19,17.8,27.2,OPEN,LOW
PHC-DST-A1-03,PHC-DST-A1-04,DST-A1,2024-01-20,17.8,29.1,OPEN,LOW
PHC-DST-A1-03,PHC-DST-A1-04,DST-A1,2024-01-21,17.8,25.8,OPEN,LOW
PHC-DST-A1-03,PHC-DST-A1-04,DST-A1,2024-01-22,17.8,27.1,OPEN,LOW
PHC-DST-A1-03,PHC-DST-A1-04,DST-A1,2024-01-23,17.8,28.3,OPEN,LOW
PHC-DST-A1-03,PHC-DST-A1-04,DST-A1,2024-01-24,17.8,28.2,OPEN,LOW
PHC-DST-A1-03,PHC-DST-A1-04,DST-A1,2024-01-25,17.8,27.4,OPEN,LOW
PHC-DST-A1-03,PHC-DST-A1-04,DST-A1,2024-01-26,17.8,27.6,OPEN,LOW
PHC-DST-A1-03,PHC-DST-A1-04,DST-A1,2024-01-27,17.8,28.8,OPEN,LOW
PHC-DST-A1-03,PHC-DST-A1-04,DST-A1,2024-01-28,17.8,28.1,OPEN,LOW
PHC-DST-A1-03,PHC-DST-A1-04,DST-A1,2024-01-29,17.8,26.3,OPEN,LOW
PHC-DST-A1-03,PHC-DST-A1-04,DST-A1,2024-01-30,17.8,27.2,OPEN,LOW
PHC-DST-A1-03,PHC-DST-A1-04,DST-A1,2024-01-31,17.8,29.1,OPEN,LOW
PHC-DST-A1-03,PHC-DST-A1-04,DST-A1,2024-02-01,17.8,27.1,OPEN,LOW
PHC-DST-A1-03,PHC-DST-A1-04,DST-A1,2024-02-02,17.8,28.2,OPEN,LOW
PHC-DST-A1-03,PHC-DST-A1-04,DST-A1,2024-02-03,17.8,26.0,OPEN,LOW
PHC-DST-A1-03,PHC-DST-A1-04,DST-A1,2024-02-04,17.8,29.3,OPEN,LOW
PHC-DST-A1-03,PHC-DST-A1-04,DST-A1,2024-02-05,17.8,26.5,OPEN,LOW
PHC-DST-A1-03,PHC-DST-A1-04,DST-A1,2024-02-06,17.8,25.6,OPEN,LOW
PHC-DST-A1-03,PHC-DST-A1-04,DST-A1,2024-02-07,17.8,28.3,OPEN,LOW
PHC-DST-A1-03,PHC-DST-A1-04,DST-A1,2024-02-08,17.8,27.2,OPEN,LOW
PHC-DST-A1-03,PHC-DST-A1-04,DST-A1,2024-02-09,17.8,27.1,OPEN,LOW
PHC-DST-A1-03,PHC-DST-A1-04,DST-A1,2024-02-10,17.8,25.4,OPEN,LOW
PHC-DST-A1-03,PHC-DST-A1-04,DST-A1,2024-02-11,17.8,28.4,OPEN,LOW
PHC-DST-A1-03,PHC-DST-A1-04,DST-A1,2024-02-12,17.8,25.6,OPEN,LOW
PHC-DST-A1-03,PHC-DST-A1-04,DST-A1,2024-02-13,17.8,26.0,OPEN,LOW
PHC-DST-A1-03,PHC-DST-A1-04,DST-A1,2024-02-14,17.8,27.6,OPEN,LOW
PHC-DST-A1-03,PHC-DST-A1-04,DST-A1,2024-02-15,17.8,28.8,OPEN,LOW
PHC-DST-A1-03,PHC-DST-A1-04,DST-A1,2024-02-16,17.8,26.9,OPEN,LOW
PHC-DST-A1-03,PHC-DST-A1-04,DST-A1,2024-02-17,17.8,27.9,OPEN,LOW
PHC-DST-A1-03,PHC-DST-A1-04,DST-A1,2024-02-18,17.8,25.8,OPEN,LOW
PHC-DST-A1-03,PHC-DST-A1-04,DST-A1,2024-02-19,17.8,25.5,OPEN,LOW
PHC-DST-A1-03,PHC-DST-A1-04,DST-A1,2024-02-20,17.8,28.7,OPEN,LOW
PHC-DST-A1-03,PHC-DST-A1-04,DST-A1,2024-02-21,17.8,28.8,OPEN,LOW
PHC-DST-A1-03,PHC-DST-A1-04,DST-A1,2024-02-22,17.8,28.3,OPEN,LOW
PHC-DST-A1-03,PHC-DST-A1-04,DST-A1,2024-02-23,17.8,25.8,OPEN,LOW
PHC-DST-A1-03,PHC-DST-A1-04,DST-A1,2024-02-24,17.8,29.1,OPEN,LOW
PHC-DST-A1-03,PHC-DST-A1-04,DST-A1,2024-02-25,17.8,26.0,OPEN,LOW
PHC-DST-A1-03,PHC-DST-A1-04,DST-A1,2024-02-26,17.8,26.8,OPEN,LOW
PHC-DST-A1-03,PHC-DST-A1-04,DST-A1,2024-02-27,17.8,26.1,OPEN,LOW
PHC-DST-A1-03,PHC-DST-A1-04,DST-A1,2024-02-28,17.8,26.5,OPEN,LOW
PHC-DST-A1-03,PHC-DST-A1-04,DST-A1,2024-02-29,17.8,29.2,OPEN,LOW
PHC-DST-A1-03,PHC-DST-A1-04,DST-A1,2024-03-01,17.8,27.6,OPEN,LOW
PHC-DST-A1-03,PHC-DST-A1-04,DST-A1,2024-03-02,17.8,27.2,OPEN,LOW
PHC-DST-A1-03,PHC-DST-A1-04,DST-A1,2024-03-03,17.8,25.8,OPEN,LOW
PHC-DST-A1-03,PHC-DST-A1-04,DST-A1,2024-03-04,17.8,26.1,OPEN,LOW
PHC-DST-A1-03,PHC-DST-A1-04,DST-A1,2024-03-05,17.8,28.4,OPEN,LOW
PHC-DST-A1-03,PHC-DST-A1-04,DST-A1,2024-03-06,17.8,25.5,OPEN,LOW
PHC-DST-A1-03,PHC-DST-A1-04,DST-A1,2024-03-07,17.8,25.9,OPEN,LOW
PHC-DST-A1-03,PHC-DST-A1-04,DST-A1,2024-03-08,17.8,25.7,OPEN,LOW
PHC-DST-A1-03,PHC-DST-A1-04,DST-A1,2024-03-09,17.8,27.0,OPEN,LOW
PHC-DST-A1-03,PHC-DST-A1-04,DST-A1,2024-03-10,17.8,25.8,OPEN,LOW
PHC-DST-A1-03,PHC-DST-A1-04,DST-A1,2024-03-11,17.8,25.9,OPEN,LOW
PHC-DST-A1-03,PHC-DST-A1-04,DST-A1,2024-03-12,17.8,28.5,OPEN,LOW
PHC-DST-A1-03,PHC-DST-A1-04,DST-A1,2024-03-13,17.8,26.7,OPEN,LOW
PHC-DST-A1-03,PHC-DST-A1-04,DST-A1,2024-03-14,17.8,26.9,OPEN,LOW
PHC-DST-A1-03,PHC-DST-A1-04,DST-A1,2024-03-15,17.8,28.9,OPEN,LOW
PHC-DST-A1-03,PHC-DST-A1-04,DST-A1,2024-03-16,17.8,27.4,OPEN,LOW
PHC-DST-A1-03,PHC-DST-A1-04,DST-A1,2024-03-17,17.8,25.4,OPEN,LOW
PHC-DST-A1-03,PHC-DST-A1-04,DST-A1,2024-03-18,17.8,27.2,OPEN,LOW
PHC-DST-A1-03,PHC-DST-A1-04,DST-A1,2024-03-19,17.8,27.2,OPEN,LOW
PHC-DST-A1-03,PHC-DST-A1-04,DST-A1,2024-03-20,17.8,27.6,OPEN,LOW
PHC-DST-A1-03,PHC-DST-A1-04,DST-A1,2024-03-21,17.8,25.4,OPEN,LOW
PHC-DST-A1-03,PHC-DST-A1-04,DST-A1,2024-03-22,17.8,25.9,OPEN,LOW
PHC-DST-A1-03,PHC-DST-A1-04,DST-A1,2024-03-23,17.8,27.5,OPEN,LOW
PHC-DST-A1-03,PHC-DST-A1-04,DST-A1,2024-03-24,17.8,28.6,OPEN,LOW
PHC-DST-A1-03,PHC-DST-A1-04,DST-A1,2024-03-25,17.8,27.2,OPEN,LOW
PHC-DST-A1-03,PHC-DST-A1-04,DST-A1,2024-03-26,17.8,28.6,OPEN,LOW
PHC-DST-A1-03,PHC-DST-A1-04,DST-A1,2024-03-27,17.8,27.3,OPEN,LOW
PHC-DST-A1-03,PHC-DST-A1-04,DST-A1,2024-03-28,17.8,26.2,OPEN,LOW
PHC-DST-A1-03,PHC-DST-A1-04,DST-A1,2024-03-29,17.8,25.5,OPEN,LOW
PHC-DST-A1-03,PHC-DST-A1-04,DST-A1,2024-03-30,17.8,28.9,OPEN,LOW
PHC-DST-A1-03,PHC-DST-A1-04,DST-A1,2024-03-31,17.8,26.5,OPEN,LOW
PHC-DST-A1-03,PHC-DST-A1-04,DST-A1,2024-04-01,17.8,26.1,OPEN,LOW
PHC-DST-A1-03,PHC-DST-A1-04,DST-A1,2024-04-02,17.8,26.5,OPEN,LOW
PHC-DST-A1-03,PHC-DST-A1-04,DST-A1,2024-04-03,17.8,26.1,OPEN,LOW
PHC-DST-A1-03,PHC-DST-A1-04,DST-A1,2024-04-04,17.8,27.2,OPEN,LOW
PHC-DST-A1-03,PHC-DST-A1-04,DST-A1,2024-04-05,17.8,26.8,OPEN,LOW
PHC-DST-A1-03,PHC-DST-A1-04,DST-A1,2024-04-06,17.8,27.7,OPEN,LOW
PHC-DST-A1-03,PHC-DST-A1-04,DST-A1,2024-04-07,17.8,26.5,OPEN,LOW
PHC-DST-A1-03,PHC-DST-A1-04,DST-A1,2024-04-08,17.8,28.9,OPEN,LOW
PHC-DST-A1-03,PHC-DST-A1-04,DST-A1,2024-04-09,17.8,28.3,OPEN,LOW
PHC-DST-A1-03,PHC-DST-A1-04,DST-A1,2024-04-10,17.8,26.4,OPEN,LOW
PHC-DST-A1-03,PHC-DST-A1-04,DST-A1,2024-04-11,17.8,28.6,OPEN,LOW
PHC-DST-A1-03,PHC-DST-A1-04,DST-A1,2024-04-12,17.8,27.4,OPEN,LOW
PHC-DST-A1-03,PHC-DST-A1-04,DST-A1,2024-04-13,17.8,27.3,OPEN,LOW
PHC-DST-A1-03,PHC-DST-A1-04,DST-A1,2024-04-14,17.8,28.4,OPEN,LOW
PHC-DST-A1-03,PHC-DST-A1-04,DST-A1,2024-04-15,17.8,28.5,OPEN,LOW
PHC-DST-A1-03,PHC-DST-A1-04,DST-A1,2024-04-16,17.8,28.6,OPEN,LOW
PHC-DST-A1-03,PHC-DST-A1-04,DST-A1,2024-04-17,17.8,28.2,OPEN,LOW
PHC-DST-A1-03,PHC-DST-A1-04,DST-A1,2024-04-18,17.8,27.1,OPEN,LOW
PHC-DST-A1-03,PHC-DST-A1-04,DST-A1,2024-04-19,17.8,27.4,OPEN,LOW
PHC-DST-A1-03,PHC-DST-A1-04,DST-A1,2024-04-20,17.8,25.9,OPEN,LOW
PHC-DST-A1-03,PHC-DST-A1-04,DST-A1,2024-04-21,17.8,27.9,OPEN,LOW
PHC-DST-A1-03,PHC-DST-A1-04,DST-A1,2024-04-22,17.8,26.6,OPEN,LOW
PHC-DST-A1-03,PHC-DST-A1-04,DST-A1,2024-04-23,17.8,25.5,OPEN,LOW
PHC-DST-A1-03,PHC-DST-A1-04,DST-A1,2024-04-24,17.8,26.1,OPEN,LOW
PHC-DST-A1-03,PHC-DST-A1-04,DST-A1,2024-04-25,17.8,25.8,OPEN,LOW
PHC-DST-A1-03,PHC-DST-A1-04,DST-A1,2024-04-26,17.8,28.4,OPEN,LOW
PHC-DST-A1-03,PHC-DST-A1-04,DST-A1,2024-04-27,17.8,27.9,OPEN,LOW
PHC-DST-A1-03,PHC-DST-A1-04,DST-A1,2024-04-28,17.8,29.0,OPEN,LOW
PHC-DST-A1-03,PHC-DST-A1-04,DST-A1,2024-04-29,17.8,25.5,OPEN,LOW
PHC-DST-A1-03,PHC-DST-A1-04,DST-A1,2024-04-30,17.8,27.7,OPEN,LOW
PHC-DST-A1-03,PHC-DST-A1-04,DST-A1,2024-05-01,17.8,27.3,OPEN,LOW
PHC-DST-A1-03,PHC-DST-A1-04,DST-A1,2024-05-02,17.8,29.1,OPEN,LOW
PHC-DST-A1-03,PHC-DST-A1-04,DST-A1,2024-05-03,17.8,25.8,OPEN,LOW
PHC-DST-A1-03,PHC-DST-A1-04,DST-A1,2024-05-04,17.8,28.0,OPEN,LOW
PHC-DST-A1-03,PHC-DST-A1-04,DST-A1,2024-05-05,17.8,26.9,OPEN,LOW
PHC-DST-A1-03,PHC-DST-A1-04,DST-A1,2024-05-06,17.8,28.5,OPEN,LOW
PHC-DST-A1-03,PHC-DST-A1-04,DST-A1,2024-05-07,17.8,27.6,OPEN,LOW
PHC-DST-A1-03,PHC-DST-A1-04,DST-A1,2024-05-08,17.8,27.0,OPEN,LOW
PHC-DST-A1-03,PHC-DST-A1-04,DST-A1,2024-05-09,17.8,26.7,OPEN,LOW
PHC-DST-A1-03,PHC-DST-A1-04,DST-A1,2024-05-10,17.8,25.9,OPEN,LOW
PHC-DST-A1-03,PHC-DST-A1-04,DST-A1,2024-05-11,17.8,25.8,OPEN,LOW
PHC-DST-A1-03,PHC-DST-A1-04,DST-A1,2024-05-12,17.8,28.2,OPEN,LOW
PHC-DST-A1-03,PHC-DST-A1-04,DST-A1,2024-05-13,17.8,27.0,OPEN,LOW
PHC-DST-A1-03,PHC-DST-A1-04,DST-A1,2024-05-14,17.8,26.2,OPEN,LOW
PHC-DST-A1-03,PHC-DST-A1-04,DST-A1,2024-05-15,17.8,27.4,OPEN,LOW
PHC-DST-A1-03,PHC-DST-A1-04,DST-A1,2024-05-16,17.8,27.3,OPEN,LOW
PHC-DST-A1-03,PHC-DST-A1-04,DST-A1,2024-05-17,17.8,28.4,OPEN,LOW
PHC-DST-A1-03,PHC-DST-A1-04,DST-A1,2024-05-18,17.8,26.4,OPEN,LOW
PHC-DST-A1-03,PHC-DST-A1-04,DST-A1,2024-05-19,17.8,27.6,OPEN,LOW
PHC-DST-A1-03,PHC-DST-A1-04,DST-A1,2024-05-20,17.8,29.3,OPEN,LOW
PHC-DST-A1-03,PHC-DST-A1-04,DST-A1,2024-05-21,17.8,28.9,OPEN,LOW
PHC-DST-A1-03,PHC-DST-A1-04,DST-A1,2024-05-22,17.8,26.0,OPEN,LOW
PHC-DST-A1-03,PHC-DST-A1-04,DST-A1,2024-05-23,17.8,26.1,OPEN,LOW
PHC-DST-A1-03,PHC-DST-A1-04,DST-A1,2024-05-24,17.8,27.4,OPEN,LOW
PHC-DST-A1-03,PHC-DST-A1-04,DST-A1,2024-05-25,17.8,28.5,OPEN,LOW
PHC-DST-A1-03,PHC-DST-A1-04,DST-A1,2024-05-26,17.8,26.3,OPEN,LOW
PHC-DST-A1-03,PHC-DST-A1-04,DST-A1,2024-05-27,17.8,28.0,OPEN,LOW
PHC-DST-A1-03,PHC-DST-A1-04,DST-A1,2024-05-28,17.8,27.7,OPEN,LOW
PHC-DST-A1-03,PHC-DST-A1-04,DST-A1,2024-05-29,17.8,29.1,OPEN,LOW
PHC-DST-A1-03,PHC-DST-A1-04,DST-A1,2024-05-30,17.8,27.9,OPEN,LOW
PHC-DST-A1-03,PHC-DST-A1-04,DST-A1,2024-05-31,17.8,29.0,OPEN,LOW
PHC-DST-A1-03,PHC-DST-A1-04,DST-A1,2024-06-01,17.8,28.0,OPEN,LOW
PHC-DST-A1-03,PHC-DST-A1-04,DST-A1,2024-06-02,17.8,25.9,OPEN,LOW
PHC-DST-A1-03,PHC-DST-A1-04,DST-A1,2024-06-03,17.8,27.2,OPEN,LOW
PHC-DST-A1-03,PHC-DST-A1-04,DST-A1,2024-06-04,17.8,26.7,OPEN,LOW
PHC-DST-A1-03,PHC-DST-A1-04,DST-A1,2024-06-05,17.8,25.6,OPEN,LOW
PHC-DST-A1-03,PHC-DST-A1-04,DST-A1,2024-06-06,17.8,25.7,OPEN,LOW
PHC-DST-A1-03,PHC-DST-A1-04,DST-A1,2024-06-07,17.8,28.0,OPEN,LOW
PHC-DST-A1-03,PHC-DST-A1-04,DST-A1,2024-06-08,17.8,27.5,OPEN,LOW
PHC-DST-A1-03,PHC-DST-A1-04,DST-A1,2024-06-09,17.8,28.6,OPEN,LOW
PHC-DST-A1-03,PHC-DST-A1-04,DST-A1,2024-06-10,17.8,28.4,OPEN,LOW
PHC-DST-A1-03,PHC-DST-A1-04,DST-A1,2024-06-11,17.8,26.2,OPEN,LOW
PHC-DST-A1-03,PHC-DST-A1-04,DST-A1,2024-06-12,17.8,28.8,OPEN,LOW
PHC-DST-A1-03,PHC-DST-A1-04,DST-A1,2024-06-13,17.8,28.3,OPEN,LOW
PHC-DST-A1-03,PHC-DST-A1-04,DST-A1,2024-06-14,17.8,29.3,OPEN,LOW
PHC-DST-A1-03,PHC-DST-A1-04,DST-A1,2024-06-15,17.8,28.3,OPEN,LOW
PHC-DST-A1-03,PHC-DST-A1-04,DST-A1,2024-06-16,17.8,27.6,OPEN,LOW
PHC-DST-A1-03,PHC-DST-A1-04,DST-A1,2024-06-17,17.8,26.5,OPEN,LOW
PHC-DST-A1-03,PHC-DST-A1-04,DST-A1,2024-06-18,17.8,27.0,OPEN,LOW
PHC-DST-A1-03,PHC-DST-A1-04,DST-A1,2024-06-19,17.8,25.8,OPEN,LOW
PHC-DST-A1-03,PHC-DST-A1-04,DST-A1,2024-06-20,17.8,28.9,OPEN,LOW
PHC-DST-A1-03,PHC-DST-A1-04,DST-A1,2024-06-21,17.8,25.7,OPEN,LOW
PHC-DST-A1-03,PHC-DST-A1-04,DST-A1,2024-06-22,17.8,27.3,OPEN,LOW
PHC-DST-A1-03,PHC-DST-A1-04,DST-A1,2024-06-23,17.8,28.6,OPEN,LOW
PHC-DST-A1-03,PHC-DST-A1-04,DST-A1,2024-06-24,17.8,28.4,OPEN,LOW
PHC-DST-A1-03,PHC-DST-A1-04,DST-A1,2024-06-25,17.8,27.4,OPEN,LOW
PHC-DST-A1-03,PHC-DST-A1-04,DST-A1,2024-06-26,17.8,28.5,OPEN,LOW
PHC-DST-A1-03,PHC-DST-A1-04,DST-A1,2024-06-27,17.8,28.9,OPEN,LOW
PHC-DST-A1-03,PHC-DST-A1-04,DST-A1,2024-06-28,17.8,29.2,OPEN,LOW
PHC-DST-A1-03,PHC-DST-A1-04,DST-A1,2024-06-29,17.8,28.5,OPEN,LOW
PHC-DST-A1-03,PHC-DST-A1-04,DST-A1,2024-06-30,17.8,25.4,OPEN,LOW
PHC-DST-A1-03,PHC-DST-A1-04,DST-A1,2024-07-01,17.8,126.2,BLOCKED,MODERATE
PHC-DST-A1-03,PHC-DST-A1-04,DST-A1,2024-07-02,17.8,27.8,OPEN,LOW
PHC-DST-A1-03,PHC-DST-A1-04,DST-A1,2024-07-03,17.8,42.7,DEGRADED,MODERATE
PHC-DST-A1-03,PHC-DST-A1-04,DST-A1,2024-07-04,17.8,166.5,BLOCKED,SEVERE
PHC-DST-A1-03,PHC-DST-A1-04,DST-A1,2024-07-05,17.8,28.2,OPEN,LOW
PHC-DST-A1-03,PHC-DST-A1-04,DST-A1,2024-07-06,17.8,47.3,DEGRADED,MODERATE
PHC-DST-A1-03,PHC-DST-A1-04,DST-A1,2024-07-07,17.8,27.4,OPEN,LOW
PHC-DST-A1-03,PHC-DST-A1-04,DST-A1,2024-07-08,17.8,26.4,OPEN,LOW
PHC-DST-A1-03,PHC-DST-A1-04,DST-A1,2024-07-09,17.8,29.1,OPEN,LOW
PHC-DST-A1-03,PHC-DST-A1-04,DST-A1,2024-07-10,17.8,48.4,DEGRADED,MODERATE
PHC-DST-A1-03,PHC-DST-A1-04,DST-A1,2024-07-11,17.8,52.3,DEGRADED,LOW
PHC-DST-A1-03,PHC-DST-A1-04,DST-A1,2024-07-12,17.8,39.0,DEGRADED,LOW
PHC-DST-A1-03,PHC-DST-A1-04,DST-A1,2024-07-13,17.8,26.1,OPEN,LOW
PHC-DST-A1-03,PHC-DST-A1-04,DST-A1,2024-07-14,17.8,52.4,DEGRADED,MODERATE
PHC-DST-A1-03,PHC-DST-A1-04,DST-A1,2024-07-15,17.8,27.0,OPEN,LOW
PHC-DST-A1-03,PHC-DST-A1-04,DST-A1,2024-07-16,17.8,26.7,OPEN,LOW
PHC-DST-A1-03,PHC-DST-A1-04,DST-A1,2024-07-17,17.8,29.3,OPEN,LOW
PHC-DST-A1-03,PHC-DST-A1-04,DST-A1,2024-07-18,17.8,25.4,OPEN,LOW
PHC-DST-A1-03,PHC-DST-A1-04,DST-A1,2024-07-19,17.8,26.8,OPEN,LOW
PHC-DST-A1-03,PHC-DST-A1-04,DST-A1,2024-07-20,17.8,26.7,OPEN,LOW
PHC-DST-A1-03,PHC-DST-A1-04,DST-A1,2024-07-21,17.8,27.2,OPEN,LOW
PHC-DST-A1-03,PHC-DST-A1-04,DST-A1,2024-07-22,17.8,44.3,DEGRADED,MODERATE
PHC-DST-A1-03,PHC-DST-A1-04,DST-A1,2024-07-23,17.8,28.5,OPEN,LOW
PHC-DST-A1-03,PHC-DST-A1-04,DST-A1,2024-07-24,17.8,25.6,OPEN,LOW
PHC-DST-A1-03,PHC-DST-A1-04,DST-A1,2024-07-25,17.8,28.1,OPEN,LOW
PHC-DST-A1-03,PHC-DST-A1-04,DST-A1,2024-07-26,17.8,28.7,OPEN,LOW
PHC-DST-A1-03,PHC-DST-A1-04,DST-A1,2024-07-27,17.8,38.7,DEGRADED,LOW
PHC-DST-A1-03,PHC-DST-A1-04,DST-A1,2024-07-28,17.8,43.1,DEGRADED,MODERATE
PHC-DST-A1-03,PHC-DST-A1-04,DST-A1,2024-07-29,17.8,28.0,OPEN,LOW
PHC-DST-A1-03,PHC-DST-A1-04,DST-A1,2024-07-30,17.8,42.8,DEGRADED,LOW
PHC-DST-A1-03,PHC-DST-A1-04,DST-A1,2024-07-31,17.8,48.0,DEGRADED,LOW
PHC-DST-A1-03,PHC-DST-A1-04,DST-A1,2024-08-01,17.8,28.1,OPEN,LOW
PHC-DST-A1-03,PHC-DST-A1-04,DST-A1,2024-08-02,17.8,29.0,OPEN,LOW
PHC-DST-A1-03,PHC-DST-A1-04,DST-A1,2024-08-03,17.8,52.5,DEGRADED,LOW
PHC-DST-A1-03,PHC-DST-A1-04,DST-A1,2024-08-04,17.8,28.7,OPEN,LOW
PHC-DST-A1-03,PHC-DST-A1-04,DST-A1,2024-08-05,17.8,27.4,OPEN,LOW
PHC-DST-A1-03,PHC-DST-A1-04,DST-A1,2024-08-06,17.8,28.6,OPEN,LOW
PHC-DST-A1-03,PHC-DST-A1-04,DST-A1,2024-08-07,17.8,26.3,OPEN,LOW
PHC-DST-A1-03,PHC-DST-A1-04,DST-A1,2024-08-08,17.8,28.5,OPEN,LOW
PHC-DST-A1-03,PHC-DST-A1-04,DST-A1,2024-08-09,17.8,26.2,OPEN,LOW
PHC-DST-A1-03,PHC-DST-A1-04,DST-A1,2024-08-10,17.8,50.7,DEGRADED,MODERATE
PHC-DST-A1-03,PHC-DST-A1-04,DST-A1,2024-08-11,17.8,29.3,OPEN,LOW
PHC-DST-A1-03,PHC-DST-A1-04,DST-A1,2024-08-12,17.8,26.0,OPEN,LOW
PHC-DST-A1-03,PHC-DST-A1-04,DST-A1,2024-08-13,17.8,27.3,OPEN,LOW
PHC-DST-A1-03,PHC-DST-A1-04,DST-A1,2024-08-14,17.8,27.3,OPEN,LOW
PHC-DST-A1-03,PHC-DST-A1-04,DST-A1,2024-08-15,17.8,26.5,OPEN,LOW
PHC-DST-A1-03,PHC-DST-A1-04,DST-A1,2024-08-16,17.8,27.1,OPEN,LOW
PHC-DST-A1-03,PHC-DST-A1-04,DST-A1,2024-08-17,17.8,29.1,OPEN,LOW
PHC-DST-A1-03,PHC-DST-A1-04,DST-A1,2024-08-18,17.8,49.7,DEGRADED,LOW
PHC-DST-A1-03,PHC-DST-A1-04,DST-A1,2024-08-19,17.8,48.8,DEGRADED,MODERATE
PHC-DST-A1-03,PHC-DST-A1-04,DST-A1,2024-08-20,17.8,27.7,OPEN,LOW
PHC-DST-A1-03,PHC-DST-A1-04,DST-A1,2024-08-21,17.8,27.9,OPEN,LOW
PHC-DST-A1-03,PHC-DST-A1-04,DST-A1,2024-08-22,17.8,38.8,DEGRADED,MODERATE
PHC-DST-A1-03,PHC-DST-A1-04,DST-A1,2024-08-23,17.8,25.7,OPEN,LOW
PHC-DST-A1-03,PHC-DST-A1-04,DST-A1,2024-08-24,17.8,26.6,OPEN,LOW
PHC-DST-A1-03,PHC-DST-A1-04,DST-A1,2024-08-25,17.8,29.0,OPEN,LOW
PHC-DST-A1-03,PHC-DST-A1-04,DST-A1,2024-08-26,17.8,27.6,OPEN,LOW
PHC-DST-A1-03,PHC-DST-A1-04,DST-A1,2024-08-27,17.8,28.8,OPEN,LOW
PHC-DST-A1-03,PHC-DST-A1-04,DST-A1,2024-08-28,17.8,26.7,OPEN,LOW
PHC-DST-A1-03,PHC-DST-A1-04,DST-A1,2024-08-29,17.8,27.2,OPEN,LOW
PHC-DST-A1-03,PHC-DST-A1-04,DST-A1,2024-08-30,17.8,43.8,DEGRADED,MODERATE
PHC-DST-A1-03,PHC-DST-A1-04,DST-A1,2024-08-31,17.8,45.5,DEGRADED,LOW
PHC-DST-A1-03,PHC-DST-A1-04,DST-A1,2024-09-01,17.8,27.9,OPEN,LOW
PHC-DST-A1-03,PHC-DST-A1-04,DST-A1,2024-09-02,17.8,27.6,OPEN,LOW
PHC-DST-A1-03,PHC-DST-A1-04,DST-A1,2024-09-03,17.8,29.0,OPEN,LOW
PHC-DST-A1-03,PHC-DST-A1-04,DST-A1,2024-09-04,17.8,27.3,OPEN,LOW
PHC-DST-A1-03,PHC-DST-A1-04,DST-A1,2024-09-05,17.8,39.7,DEGRADED,MODERATE
PHC-DST-A1-03,PHC-DST-A1-04,DST-A1,2024-09-06,17.8,27.5,OPEN,LOW
PHC-DST-A1-03,PHC-DST-A1-04,DST-A1,2024-09-07,17.8,26.9,OPEN,LOW
PHC-DST-A1-03,PHC-DST-A1-04,DST-A1,2024-09-08,17.8,28.6,OPEN,LOW
PHC-DST-A1-03,PHC-DST-A1-04,DST-A1,2024-09-09,17.8,27.8,OPEN,LOW
PHC-DST-A1-03,PHC-DST-A1-04,DST-A1,2024-09-10,17.8,26.4,OPEN,LOW
PHC-DST-A1-03,PHC-DST-A1-04,DST-A1,2024-09-11,17.8,28.6,OPEN,LOW
PHC-DST-A1-03,PHC-DST-A1-04,DST-A1,2024-09-12,17.8,25.9,OPEN,LOW
PHC-DST-A1-03,PHC-DST-A1-04,DST-A1,2024-09-13,17.8,28.6,OPEN,LOW
PHC-DST-A1-03,PHC-DST-A1-04,DST-A1,2024-09-14,17.8,50.1,DEGRADED,LOW
PHC-DST-A1-03,PHC-DST-A1-04,DST-A1,2024-09-15,17.8,164.8,BLOCKED,MODERATE
PHC-DST-A1-03,PHC-DST-A1-04,DST-A1,2024-09-16,17.8,25.9,OPEN,LOW
PHC-DST-A1-03,PHC-DST-A1-04,DST-A1,2024-09-17,17.8,27.4,OPEN,LOW
PHC-DST-A1-03,PHC-DST-A1-04,DST-A1,2024-09-18,17.8,26.3,OPEN,LOW
PHC-DST-A1-03,PHC-DST-A1-04,DST-A1,2024-09-19,17.8,26.8,OPEN,LOW
PHC-DST-A1-03,PHC-DST-A1-04,DST-A1,2024-09-20,17.8,27.1,OPEN,LOW
PHC-DST-A1-03,PHC-DST-A1-04,DST-A1,2024-09-21,17.8,26.6,OPEN,LOW
PHC-DST-A1-03,PHC-DST-A1-04,DST-A1,2024-09-22,17.8,27.3,OPEN,LOW
PHC-DST-A1-03,PHC-DST-A1-04,DST-A1,2024-09-23,17.8,27.4,OPEN,LOW
PHC-DST-A1-03,PHC-DST-A1-04,DST-A1,2024-09-24,17.8,26.7,OPEN,LOW
PHC-DST-A1-03,PHC-DST-A1-04,DST-A1,2024-09-25,17.8,26.2,OPEN,LOW
PHC-DST-A1-03,PHC-DST-A1-04,DST-A1,2024-09-26,17.8,38.9,DEGRADED,LOW
PHC-DST-A1-03,PHC-DST-A1-04,DST-A1,2024-09-27,17.8,28.0,OPEN,LOW
PHC-DST-A1-03,PHC-DST-A1-04,DST-A1,2024-09-28,17.8,27.0,OPEN,LOW
PHC-DST-A1-03,PHC-DST-A1-04,DST-A1,2024-09-29,17.8,28.4,OPEN,LOW
PHC-DST-A1-03,PHC-DST-A1-04,DST-A1,2024-09-30,17.8,26.4,OPEN,LOW
PHC-DST-A1-03,PHC-DST-A1-04,DST-A1,2024-10-01,17.8,27.5,OPEN,LOW
PHC-DST-A1-03,PHC-DST-A1-04,DST-A1,2024-10-02,17.8,26.9,OPEN,LOW
PHC-DST-A1-03,PHC-DST-A1-04,DST-A1,2024-10-03,17.8,26.3,OPEN,LOW
PHC-DST-A1-03,PHC-DST-A1-04,DST-A1,2024-10-04,17.8,27.0,OPEN,LOW
PHC-DST-A1-03,PHC-DST-A1-04,DST-A1,2024-10-05,17.8,27.0,OPEN,LOW
PHC-DST-A1-03,PHC-DST-A1-04,DST-A1,2024-10-06,17.8,28.9,OPEN,LOW
PHC-DST-A1-03,PHC-DST-A1-04,DST-A1,2024-10-07,17.8,28.2,OPEN,LOW
PHC-DST-A1-03,PHC-DST-A1-04,DST-A1,2024-10-08,17.8,27.9,OPEN,LOW
PHC-DST-A1-03,PHC-DST-A1-04,DST-A1,2024-10-09,17.8,27.6,OPEN,LOW
PHC-DST-A1-03,PHC-DST-A1-04,DST-A1,2024-10-10,17.8,27.1,OPEN,LOW
PHC-DST-A1-03,PHC-DST-A1-04,DST-A1,2024-10-11,17.8,29.3,OPEN,LOW
PHC-DST-A1-03,PHC-DST-A1-04,DST-A1,2024-10-12,17.8,25.6,OPEN,LOW
PHC-DST-A1-03,PHC-DST-A1-04,DST-A1,2024-10-13,17.8,29.1,OPEN,LOW
PHC-DST-A1-03,PHC-DST-A1-04,DST-A1,2024-10-14,17.8,26.2,OPEN,LOW
PHC-DST-A1-03,PHC-DST-A1-04,DST-A1,2024-10-15,17.8,27.4,OPEN,LOW
PHC-DST-A1-03,PHC-DST-A1-04,DST-A1,2024-10-16,17.8,27.8,OPEN,LOW
PHC-DST-A1-03,PHC-DST-A1-04,DST-A1,2024-10-17,17.8,29.1,OPEN,LOW
PHC-DST-A1-03,PHC-DST-A1-04,DST-A1,2024-10-18,17.8,26.8,OPEN,LOW
PHC-DST-A1-03,PHC-DST-A1-04,DST-A1,2024-10-19,17.8,26.5,OPEN,LOW
PHC-DST-A1-03,PHC-DST-A1-04,DST-A1,2024-10-20,17.8,27.6,OPEN,LOW
PHC-DST-A1-03,PHC-DST-A1-04,DST-A1,2024-10-21,17.8,28.8,OPEN,LOW
PHC-DST-A1-03,PHC-DST-A1-04,DST-A1,2024-10-22,17.8,25.6,OPEN,LOW
PHC-DST-A1-03,PHC-DST-A1-04,DST-A1,2024-10-23,17.8,26.9,OPEN,LOW
PHC-DST-A1-03,PHC-DST-A1-04,DST-A1,2024-10-24,17.8,28.7,OPEN,LOW
PHC-DST-A1-03,PHC-DST-A1-04,DST-A1,2024-10-25,17.8,27.7,OPEN,LOW
PHC-DST-A1-03,PHC-DST-A1-04,DST-A1,2024-10-26,17.8,28.7,OPEN,LOW
PHC-DST-A1-03,PHC-DST-A1-04,DST-A1,2024-10-27,17.8,26.3,OPEN,LOW
PHC-DST-A1-03,PHC-DST-A1-04,DST-A1,2024-10-28,17.8,27.7,OPEN,LOW
PHC-DST-A1-03,PHC-DST-A1-04,DST-A1,2024-10-29,17.8,27.1,OPEN,LOW
PHC-DST-A1-03,PHC-DST-A1-04,DST-A1,2024-10-30,17.8,25.5,OPEN,LOW
PHC-DST-A1-03,PHC-DST-A1-04,DST-A1,2024-10-31,17.8,27.7,OPEN,LOW
PHC-DST-A1-03,PHC-DST-A1-04,DST-A1,2024-11-01,17.8,26.2,OPEN,LOW
PHC-DST-A1-03,PHC-DST-A1-04,DST-A1,2024-11-02,17.8,25.9,OPEN,LOW
PHC-DST-A1-03,PHC-DST-A1-04,DST-A1,2024-11-03,17.8,26.5,OPEN,LOW
PHC-DST-A1-03,PHC-DST-A1-04,DST-A1,2024-11-04,17.8,27.1,OPEN,LOW
PHC-DST-A1-03,PHC-DST-A1-04,DST-A1,2024-11-05,17.8,27.7,OPEN,LOW
PHC-DST-A1-03,PHC-DST-A1-04,DST-A1,2024-11-06,17.8,27.8,OPEN,LOW
PHC-DST-A1-03,PHC-DST-A1-04,DST-A1,2024-11-07,17.8,25.8,OPEN,LOW
PHC-DST-A1-03,PHC-DST-A1-04,DST-A1,2024-11-08,17.8,26.5,OPEN,LOW
PHC-DST-A1-03,PHC-DST-A1-04,DST-A1,2024-11-09,17.8,27.7,OPEN,LOW
PHC-DST-A1-03,PHC-DST-A1-04,DST-A1,2024-11-10,17.8,26.5,OPEN,LOW
PHC-DST-A1-03,PHC-DST-A1-04,DST-A1,2024-11-11,17.8,29.1,OPEN,LOW
PHC-DST-A1-03,PHC-DST-A1-04,DST-A1,2024-11-12,17.8,28.3,OPEN,LOW
PHC-DST-A1-03,PHC-DST-A1-04,DST-A1,2024-11-13,17.8,27.9,OPEN,LOW
PHC-DST-A1-03,PHC-DST-A1-04,DST-A1,2024-11-14,17.8,27.2,OPEN,LOW
PHC-DST-A1-03,PHC-DST-A1-04,DST-A1,2024-11-15,17.8,29.2,OPEN,LOW
PHC-DST-A1-03,PHC-DST-A1-04,DST-A1,2024-11-16,17.8,25.9,OPEN,LOW
PHC-DST-A1-03,PHC-DST-A1-04,DST-A1,2024-11-17,17.8,27.6,OPEN,LOW
PHC-DST-A1-03,PHC-DST-A1-04,DST-A1,2024-11-18,17.8,27.6,OPEN,LOW
PHC-DST-A1-03,PHC-DST-A1-04,DST-A1,2024-11-19,17.8,27.2,OPEN,LOW
PHC-DST-A1-03,PHC-DST-A1-04,DST-A1,2024-11-20,17.8,25.9,OPEN,LOW
PHC-DST-A1-03,PHC-DST-A1-04,DST-A1,2024-11-21,17.8,26.1,OPEN,LOW
PHC-DST-A1-03,PHC-DST-A1-04,DST-A1,2024-11-22,17.8,26.6,OPEN,LOW
PHC-DST-A1-03,PHC-DST-A1-04,DST-A1,2024-11-23,17.8,25.6,OPEN,LOW
PHC-DST-A1-03,PHC-DST-A1-04,DST-A1,2024-11-24,17.8,26.4,OPEN,LOW
PHC-DST-A1-03,PHC-DST-A1-04,DST-A1,2024-11-25,17.8,27.7,OPEN,LOW
PHC-DST-A1-03,PHC-DST-A1-04,DST-A1,2024-11-26,17.8,28.3,OPEN,LOW
PHC-DST-A1-03,PHC-DST-A1-04,DST-A1,2024-11-27,17.8,25.6,OPEN,LOW
PHC-DST-A1-03,PHC-DST-A1-04,DST-A1,2024-11-28,17.8,27.8,OPEN,LOW
PHC-DST-A1-03,PHC-DST-A1-04,DST-A1,2024-11-29,17.8,28.2,OPEN,LOW
PHC-DST-A1-03,PHC-DST-A1-04,DST-A1,2024-11-30,17.8,27.4,OPEN,LOW
PHC-DST-A1-03,PHC-DST-A1-04,DST-A1,2024-12-01,17.8,25.9,OPEN,LOW
PHC-DST-A1-03,PHC-DST-A1-04,DST-A1,2024-12-02,17.8,27.5,OPEN,LOW
PHC-DST-A1-03,PHC-DST-A1-04,DST-A1,2024-12-03,17.8,27.3,OPEN,LOW
PHC-DST-A1-03,PHC-DST-A1-04,DST-A1,2024-12-04,17.8,27.5,OPEN,LOW
PHC-DST-A1-03,PHC-DST-A1-04,DST-A1,2024-12-05,17.8,26.4,OPEN,LOW
PHC-DST-A1-03,PHC-DST-A1-04,DST-A1,2024-12-06,17.8,27.0,OPEN,LOW
PHC-DST-A1-03,PHC-DST-A1-04,DST-A1,2024-12-07,17.8,26.1,OPEN,LOW
PHC-DST-A1-03,PHC-DST-A1-04,DST-A1,2024-12-08,17.8,29.2,OPEN,LOW
PHC-DST-A1-03,PHC-DST-A1-04,DST-A1,2024-12-09,17.8,27.0,OPEN,LOW
PHC-DST-A1-03,PHC-DST-A1-04,DST-A1,2024-12-10,17.8,26.9,OPEN,LOW
PHC-DST-A1-03,PHC-DST-A1-04,DST-A1,2024-12-11,17.8,26.1,OPEN,LOW
PHC-DST-A1-03,PHC-DST-A1-04,DST-A1,2024-12-12,17.8,25.5,OPEN,LOW
PHC-DST-A1-03,PHC-DST-A1-04,DST-A1,2024-12-13,17.8,26.3,OPEN,LOW
PHC-DST-A1-03,PHC-DST-A1-04,DST-A1,2024-12-14,17.8,25.7,OPEN,LOW
PHC-DST-A1-03,PHC-DST-A1-04,DST-A1,2024-12-15,17.8,26.8,OPEN,LOW
PHC-DST-A1-03,PHC-DST-A1-04,DST-A1,2024-12-16,17.8,27.8,OPEN,LOW
PHC-DST-A1-03,PHC-DST-A1-04,DST-A1,2024-12-17,17.8,25.4,OPEN,LOW
PHC-DST-A1-03,PHC-DST-A1-04,DST-A1,2024-12-18,17.8,29.1,OPEN,LOW
PHC-DST-A1-03,PHC-DST-A1-04,DST-A1,2024-12-19,17.8,28.1,OPEN,LOW
PHC-DST-A1-03,PHC-DST-A1-04,DST-A1,2024-12-20,17.8,29.3,OPEN,LOW
PHC-DST-A1-03,PHC-DST-A1-04,DST-A1,2024-12-21,17.8,28.1,OPEN,LOW
PHC-DST-A1-03,PHC-DST-A1-04,DST-A1,2024-12-22,17.8,27.2,OPEN,LOW
PHC-DST-A1-03,PHC-DST-A1-04,DST-A1,2024-12-23,17.8,26.8,OPEN,LOW
PHC-DST-A1-03,PHC-DST-A1-04,DST-A1,2024-12-24,17.8,27.3,OPEN,LOW
PHC-DST-A1-03,PHC-DST-A1-04,DST-A1,2024-12-25,17.8,26.9,OPEN,LOW
PHC-DST-A1-03,PHC-DST-A1-04,DST-A1,2024-12-26,17.8,28.0,OPEN,LOW
PHC-DST-A1-03,PHC-DST-A1-04,DST-A1,2024-12-27,17.8,25.8,OPEN,LOW
PHC-DST-A1-03,PHC-DST-A1-04,DST-A1,2024-12-28,17.8,27.5,OPEN,LOW
PHC-DST-A1-03,PHC-DST-A1-04,DST-A1,2024-12-29,17.8,27.6,OPEN,LOW
PHC-DST-A1-03,PHC-DST-A1-04,DST-A1,2024-12-30,17.8,26.0,OPEN,LOW
PHC-DST-A1-03,PHC-DST-A1-04,DST-A1,2024-12-31,17.8,29.0,OPEN,LOW
PHC-DST-A1-03,PHC-DST-A1-04,DST-A1,2025-01-01,17.8,28.6,OPEN,LOW
PHC-DST-A1-03,PHC-DST-A1-04,DST-A1,2025-01-02,17.8,28.5,OPEN,LOW
PHC-DST-A1-03,PHC-DST-A1-04,DST-A1,2025-01-03,17.8,26.4,OPEN,LOW
PHC-DST-A1-03,PHC-DST-A1-04,DST-A1,2025-01-04,17.8,28.2,OPEN,LOW
PHC-DST-A1-03,PHC-DST-A1-04,DST-A1,2025-01-05,17.8,28.6,OPEN,LOW
PHC-DST-A1-03,PHC-DST-A1-04,DST-A1,2025-01-06,17.8,26.0,OPEN,LOW
PHC-DST-A1-03,PHC-DST-A1-04,DST-A1,2025-01-07,17.8,26.7,OPEN,LOW
PHC-DST-A1-03,PHC-DST-A1-04,DST-A1,2025-01-08,17.8,25.8,OPEN,LOW
PHC-DST-A1-03,PHC-DST-A1-04,DST-A1,2025-01-09,17.8,28.9,OPEN,LOW
PHC-DST-A1-03,PHC-DST-A1-04,DST-A1,2025-01-10,17.8,28.0,OPEN,LOW
PHC-DST-A1-03,PHC-DST-A1-04,DST-A1,2025-01-11,17.8,26.4,OPEN,LOW
PHC-DST-A1-03,PHC-DST-A1-04,DST-A1,2025-01-12,17.8,29.0,OPEN,LOW
PHC-DST-A1-03,PHC-DST-A1-04,DST-A1,2025-01-13,17.8,26.2,OPEN,LOW
PHC-DST-A1-03,PHC-DST-A1-04,DST-A1,2025-01-14,17.8,28.6,OPEN,LOW
PHC-DST-A1-03,PHC-DST-A1-04,DST-A1,2025-01-15,17.8,29.4,OPEN,LOW
PHC-DST-A1-03,PHC-DST-A1-04,DST-A1,2025-01-16,17.8,28.2,OPEN,LOW
PHC-DST-A1-03,PHC-DST-A1-04,DST-A1,2025-01-17,17.8,28.9,OPEN,LOW
PHC-DST-A1-03,PHC-DST-A1-04,DST-A1,2025-01-18,17.8,28.5,OPEN,LOW
PHC-DST-A1-03,PHC-DST-A1-04,DST-A1,2025-01-19,17.8,26.5,OPEN,LOW
PHC-DST-A1-03,PHC-DST-A1-04,DST-A1,2025-01-20,17.8,28.6,OPEN,LOW
PHC-DST-A1-03,PHC-DST-A1-04,DST-A1,2025-01-21,17.8,29.1,OPEN,LOW
PHC-DST-A1-03,PHC-DST-A1-04,DST-A1,2025-01-22,17.8,26.7,OPEN,LOW
PHC-DST-A1-03,PHC-DST-A1-04,DST-A1,2025-01-23,17.8,26.5,OPEN,LOW
PHC-DST-A1-03,PHC-DST-A1-04,DST-A1,2025-01-24,17.8,27.5,OPEN,LOW
PHC-DST-A1-03,PHC-DST-A1-04,DST-A1,2025-01-25,17.8,28.1,OPEN,LOW
PHC-DST-A1-03,PHC-DST-A1-04,DST-A1,2025-01-26,17.8,26.3,OPEN,LOW
PHC-DST-A1-03,PHC-DST-A1-04,DST-A1,2025-01-27,17.8,28.0,OPEN,LOW
PHC-DST-A1-03,PHC-DST-A1-04,DST-A1,2025-01-28,17.8,28.2,OPEN,LOW
PHC-DST-A1-03,PHC-DST-A1-04,DST-A1,2025-01-29,17.8,27.4,OPEN,LOW
PHC-DST-A1-03,PHC-DST-A1-04,DST-A1,2025-01-30,17.8,27.6,OPEN,LOW
PHC-DST-A1-03,PHC-DST-A1-04,DST-A1,2025-01-31,17.8,26.7,OPEN,LOW
PHC-DST-A1-03,PHC-DST-A1-04,DST-A1,2025-02-01,17.8,28.3,OPEN,LOW
PHC-DST-A1-03,PHC-DST-A1-04,DST-A1,2025-02-02,17.8,28.7,OPEN,LOW
PHC-DST-A1-03,PHC-DST-A1-04,DST-A1,2025-02-03,17.8,28.4,OPEN,LOW
PHC-DST-A1-03,PHC-DST-A1-04,DST-A1,2025-02-04,17.8,27.0,OPEN,LOW
PHC-DST-A1-03,PHC-DST-A1-04,DST-A1,2025-02-05,17.8,25.7,OPEN,LOW
PHC-DST-A1-03,PHC-DST-A1-04,DST-A1,2025-02-06,17.8,26.4,OPEN,LOW
PHC-DST-A1-03,PHC-DST-A1-04,DST-A1,2025-02-07,17.8,27.0,OPEN,LOW
PHC-DST-A1-03,PHC-DST-A1-04,DST-A1,2025-02-08,17.8,25.7,OPEN,LOW
PHC-DST-A1-03,PHC-DST-A1-04,DST-A1,2025-02-09,17.8,29.2,OPEN,LOW
PHC-DST-A1-03,PHC-DST-A1-04,DST-A1,2025-02-10,17.8,26.8,OPEN,LOW
PHC-DST-A1-03,PHC-DST-A1-04,DST-A1,2025-02-11,17.8,25.4,OPEN,LOW
PHC-DST-A1-03,PHC-DST-A1-04,DST-A1,2025-02-12,17.8,26.0,OPEN,LOW
PHC-DST-A1-03,PHC-DST-A1-04,DST-A1,2025-02-13,17.8,28.8,OPEN,LOW
PHC-DST-A1-03,PHC-DST-A1-04,DST-A1,2025-02-14,17.8,27.3,OPEN,LOW
PHC-DST-A1-03,PHC-DST-A1-04,DST-A1,2025-02-15,17.8,25.8,OPEN,LOW
PHC-DST-A1-03,PHC-DST-A1-04,DST-A1,2025-02-16,17.8,29.1,OPEN,LOW
PHC-DST-A1-03,PHC-DST-A1-04,DST-A1,2025-02-17,17.8,26.1,OPEN,LOW
PHC-DST-A1-03,PHC-DST-A1-04,DST-A1,2025-02-18,17.8,25.8,OPEN,LOW
PHC-DST-A1-03,PHC-DST-A1-04,DST-A1,2025-02-19,17.8,26.7,OPEN,LOW
PHC-DST-A1-03,PHC-DST-A1-04,DST-A1,2025-02-20,17.8,28.2,OPEN,LOW
PHC-DST-A1-03,PHC-DST-A1-04,DST-A1,2025-02-21,17.8,26.5,OPEN,LOW
PHC-DST-A1-03,PHC-DST-A1-04,DST-A1,2025-02-22,17.8,26.2,OPEN,LOW
PHC-DST-A1-03,PHC-DST-A1-04,DST-A1,2025-02-23,17.8,27.9,OPEN,LOW
PHC-DST-A1-03,PHC-DST-A1-04,DST-A1,2025-02-24,17.8,29.3,OPEN,LOW
PHC-DST-A1-03,PHC-DST-A1-04,DST-A1,2025-02-25,17.8,27.2,OPEN,LOW
PHC-DST-A1-03,PHC-DST-A1-04,DST-A1,2025-02-26,17.8,25.5,OPEN,LOW
PHC-DST-A1-03,PHC-DST-A1-04,DST-A1,2025-02-27,17.8,28.0,OPEN,LOW
PHC-DST-A1-03,PHC-DST-A1-04,DST-A1,2025-02-28,17.8,25.4,OPEN,LOW
PHC-DST-A1-03,PHC-DST-A1-04,DST-A1,2025-03-01,17.8,29.0,OPEN,LOW
PHC-DST-A1-03,PHC-DST-A1-04,DST-A1,2025-03-02,17.8,26.2,OPEN,LOW
PHC-DST-A1-03,PHC-DST-A1-04,DST-A1,2025-03-03,17.8,25.8,OPEN,LOW
PHC-DST-A1-03,PHC-DST-A1-04,DST-A1,2025-03-04,17.8,29.0,OPEN,LOW
PHC-DST-A1-03,PHC-DST-A1-04,DST-A1,2025-03-05,17.8,27.3,OPEN,LOW
PHC-DST-A1-03,PHC-DST-A1-04,DST-A1,2025-03-06,17.8,26.7,OPEN,LOW
PHC-DST-A1-03,PHC-DST-A1-04,DST-A1,2025-03-07,17.8,25.7,OPEN,LOW
PHC-DST-A1-03,PHC-DST-A1-04,DST-A1,2025-03-08,17.8,25.7,OPEN,LOW
PHC-DST-A1-03,PHC-DST-A1-04,DST-A1,2025-03-09,17.8,28.4,OPEN,LOW
PHC-DST-A1-03,PHC-DST-A1-04,DST-A1,2025-03-10,17.8,28.1,OPEN,LOW
PHC-DST-A1-03,PHC-DST-A1-04,DST-A1,2025-03-11,17.8,27.1,OPEN,LOW
PHC-DST-A1-03,PHC-DST-A1-04,DST-A1,2025-03-12,17.8,27.1,OPEN,LOW
PHC-DST-A1-03,PHC-DST-A1-04,DST-A1,2025-03-13,17.8,29.2,OPEN,LOW
PHC-DST-A1-03,PHC-DST-A1-04,DST-A1,2025-03-14,17.8,27.9,OPEN,LOW
PHC-DST-A1-03,PHC-DST-A1-04,DST-A1,2025-03-15,17.8,27.9,OPEN,LOW
PHC-DST-A1-03,PHC-DST-A1-04,DST-A1,2025-03-16,17.8,28.7,OPEN,LOW
PHC-DST-A1-03,PHC-DST-A1-04,DST-A1,2025-03-17,17.8,27.0,OPEN,LOW
PHC-DST-A1-03,PHC-DST-A1-04,DST-A1,2025-03-18,17.8,25.6,OPEN,LOW
PHC-DST-A1-03,PHC-DST-A1-04,DST-A1,2025-03-19,17.8,26.1,OPEN,LOW
PHC-DST-A1-03,PHC-DST-A1-04,DST-A1,2025-03-20,17.8,28.4,OPEN,LOW
PHC-DST-A1-03,PHC-DST-A1-04,DST-A1,2025-03-21,17.8,26.6,OPEN,LOW
PHC-DST-A1-03,PHC-DST-A1-04,DST-A1,2025-03-22,17.8,26.5,OPEN,LOW
PHC-DST-A1-03,PHC-DST-A1-04,DST-A1,2025-03-23,17.8,28.4,OPEN,LOW
PHC-DST-A1-03,PHC-DST-A1-04,DST-A1,2025-03-24,17.8,28.1,OPEN,LOW
PHC-DST-A1-03,PHC-DST-A1-04,DST-A1,2025-03-25,17.8,28.5,OPEN,LOW
PHC-DST-A1-03,PHC-DST-A1-04,DST-A1,2025-03-26,17.8,28.1,OPEN,LOW
PHC-DST-A1-03,PHC-DST-A1-04,DST-A1,2025-03-27,17.8,27.3,OPEN,LOW
PHC-DST-A1-03,PHC-DST-A1-04,DST-A1,2025-03-28,17.8,28.6,OPEN,LOW
PHC-DST-A1-03,PHC-DST-A1-04,DST-A1,2025-03-29,17.8,27.8,OPEN,LOW
PHC-DST-A1-03,PHC-DST-A1-04,DST-A1,2025-03-30,17.8,27.3,OPEN,LOW
PHC-DST-A1-03,PHC-DST-A1-04,DST-A1,2025-03-31,17.8,25.6,OPEN,LOW
PHC-DST-A1-03,PHC-DST-A1-04,DST-A1,2025-04-01,17.8,27.3,OPEN,LOW
PHC-DST-A1-03,PHC-DST-A1-04,DST-A1,2025-04-02,17.8,25.7,OPEN,LOW
PHC-DST-A1-03,PHC-DST-A1-04,DST-A1,2025-04-03,17.8,27.9,OPEN,LOW
PHC-DST-A1-03,PHC-DST-A1-04,DST-A1,2025-04-04,17.8,26.1,OPEN,LOW
PHC-DST-A1-03,PHC-DST-A1-04,DST-A1,2025-04-05,17.8,26.3,OPEN,LOW
PHC-DST-A1-03,PHC-DST-A1-04,DST-A1,2025-04-06,17.8,26.5,OPEN,LOW
PHC-DST-A1-03,PHC-DST-A1-04,DST-A1,2025-04-07,17.8,27.8,OPEN,LOW
PHC-DST-A1-03,PHC-DST-A1-04,DST-A1,2025-04-08,17.8,26.2,OPEN,LOW
PHC-DST-A1-03,PHC-DST-A1-04,DST-A1,2025-04-09,17.8,29.2,OPEN,LOW
PHC-DST-A1-03,PHC-DST-A1-04,DST-A1,2025-04-10,17.8,27.8,OPEN,LOW
PHC-DST-A1-03,PHC-DST-A1-04,DST-A1,2025-04-11,17.8,26.9,OPEN,LOW
PHC-DST-A1-03,PHC-DST-A1-04,DST-A1,2025-04-12,17.8,28.2,OPEN,LOW
PHC-DST-A1-03,PHC-DST-A1-04,DST-A1,2025-04-13,17.8,27.1,OPEN,LOW
PHC-DST-A1-03,PHC-DST-A1-04,DST-A1,2025-04-14,17.8,26.4,OPEN,LOW
PHC-DST-A1-03,PHC-DST-A1-04,DST-A1,2025-04-15,17.8,29.2,OPEN,LOW
PHC-DST-A1-03,PHC-DST-A1-04,DST-A1,2025-04-16,17.8,27.0,OPEN,LOW
PHC-DST-A1-03,PHC-DST-A1-04,DST-A1,2025-04-17,17.8,29.0,OPEN,LOW
PHC-DST-A1-03,PHC-DST-A1-04,DST-A1,2025-04-18,17.8,25.6,OPEN,LOW
PHC-DST-A1-03,PHC-DST-A1-04,DST-A1,2025-04-19,17.8,28.8,OPEN,LOW
PHC-DST-A1-03,PHC-DST-A1-04,DST-A1,2025-04-20,17.8,28.1,OPEN,LOW
PHC-DST-A1-03,PHC-DST-A1-04,DST-A1,2025-04-21,17.8,26.1,OPEN,LOW
PHC-DST-A1-03,PHC-DST-A1-04,DST-A1,2025-04-22,17.8,28.5,OPEN,LOW
PHC-DST-A1-03,PHC-DST-A1-04,DST-A1,2025-04-23,17.8,25.9,OPEN,LOW
PHC-DST-A1-03,PHC-DST-A1-04,DST-A1,2025-04-24,17.8,28.5,OPEN,LOW
PHC-DST-A1-03,PHC-DST-A1-04,DST-A1,2025-04-25,17.8,27.4,OPEN,LOW
PHC-DST-A1-03,PHC-DST-A1-04,DST-A1,2025-04-26,17.8,28.2,OPEN,LOW
PHC-DST-A1-03,PHC-DST-A1-04,DST-A1,2025-04-27,17.8,27.8,OPEN,LOW
PHC-DST-A1-03,PHC-DST-A1-04,DST-A1,2025-04-28,17.8,29.4,OPEN,LOW
PHC-DST-A1-03,PHC-DST-A1-04,DST-A1,2025-04-29,17.8,27.4,OPEN,LOW
PHC-DST-A1-03,PHC-DST-A1-04,DST-A1,2025-04-30,17.8,28.4,OPEN,LOW
PHC-DST-A1-03,PHC-DST-A1-04,DST-A1,2025-05-01,17.8,28.6,OPEN,LOW
PHC-DST-A1-03,PHC-DST-A1-04,DST-A1,2025-05-02,17.8,26.0,OPEN,LOW
PHC-DST-A1-03,PHC-DST-A1-04,DST-A1,2025-05-03,17.8,28.9,OPEN,LOW
PHC-DST-A1-03,PHC-DST-A1-04,DST-A1,2025-05-04,17.8,26.9,OPEN,LOW
PHC-DST-A1-03,PHC-DST-A1-04,DST-A1,2025-05-05,17.8,26.8,OPEN,LOW
PHC-DST-A1-03,PHC-DST-A1-04,DST-A1,2025-05-06,17.8,27.9,OPEN,LOW
PHC-DST-A1-03,PHC-DST-A1-04,DST-A1,2025-05-07,17.8,26.4,OPEN,LOW
PHC-DST-A1-03,PHC-DST-A1-04,DST-A1,2025-05-08,17.8,27.3,OPEN,LOW
PHC-DST-A1-03,PHC-DST-A1-04,DST-A1,2025-05-09,17.8,28.4,OPEN,LOW
PHC-DST-A1-03,PHC-DST-A1-04,DST-A1,2025-05-10,17.8,28.3,OPEN,LOW
PHC-DST-A1-03,PHC-DST-A1-04,DST-A1,2025-05-11,17.8,28.7,OPEN,LOW
PHC-DST-A1-03,PHC-DST-A1-04,DST-A1,2025-05-12,17.8,26.7,OPEN,LOW
PHC-DST-A1-03,PHC-DST-A1-04,DST-A1,2025-05-13,17.8,26.6,OPEN,LOW
PHC-DST-A1-03,PHC-DST-A1-04,DST-A1,2025-05-14,17.8,26.7,OPEN,LOW
PHC-DST-A1-03,PHC-DST-A1-04,DST-A1,2025-05-15,17.8,27.6,OPEN,LOW
PHC-DST-A1-03,PHC-DST-A1-04,DST-A1,2025-05-16,17.8,27.3,OPEN,LOW
PHC-DST-A1-03,PHC-DST-A1-04,DST-A1,2025-05-17,17.8,26.6,OPEN,LOW
PHC-DST-A1-03,PHC-DST-A1-04,DST-A1,2025-05-18,17.8,25.7,OPEN,LOW
PHC-DST-A1-03,PHC-DST-A1-04,DST-A1,2025-05-19,17.8,28.4,OPEN,LOW
PHC-DST-A1-03,PHC-DST-A1-04,DST-A1,2025-05-20,17.8,27.1,OPEN,LOW
PHC-DST-A1-03,PHC-DST-A1-04,DST-A1,2025-05-21,17.8,26.1,OPEN,LOW
PHC-DST-A1-03,PHC-DST-A1-04,DST-A1,2025-05-22,17.8,27.1,OPEN,LOW
PHC-DST-A1-03,PHC-DST-A1-04,DST-A1,2025-05-23,17.8,25.5,OPEN,LOW
PHC-DST-A1-03,PHC-DST-A1-04,DST-A1,2025-05-24,17.8,27.6,OPEN,LOW
PHC-DST-A1-03,PHC-DST-A1-04,DST-A1,2025-05-25,17.8,26.0,OPEN,LOW
PHC-DST-A1-03,PHC-DST-A1-04,DST-A1,2025-05-26,17.8,26.4,OPEN,LOW
PHC-DST-A1-03,PHC-DST-A1-04,DST-A1,2025-05-27,17.8,28.0,OPEN,LOW
PHC-DST-A1-03,PHC-DST-A1-04,DST-A1,2025-05-28,17.8,29.1,OPEN,LOW
PHC-DST-A1-03,PHC-DST-A1-04,DST-A1,2025-05-29,17.8,25.8,OPEN,LOW
PHC-DST-A1-03,PHC-DST-A1-04,DST-A1,2025-05-30,17.8,25.5,OPEN,LOW
PHC-DST-A1-03,PHC-DST-A1-04,DST-A1,2025-05-31,17.8,26.4,OPEN,LOW
PHC-DST-A1-03,PHC-DST-A1-04,DST-A1,2025-06-01,17.8,28.7,OPEN,LOW
PHC-DST-A1-03,PHC-DST-A1-04,DST-A1,2025-06-02,17.8,29.2,OPEN,LOW
PHC-DST-A1-03,PHC-DST-A1-04,DST-A1,2025-06-03,17.8,26.2,OPEN,LOW
PHC-DST-A1-03,PHC-DST-A1-04,DST-A1,2025-06-04,17.8,26.7,OPEN,LOW
PHC-DST-A1-03,PHC-DST-A1-04,DST-A1,2025-06-05,17.8,25.9,OPEN,LOW
PHC-DST-A1-03,PHC-DST-A1-04,DST-A1,2025-06-06,17.8,27.0,OPEN,LOW
PHC-DST-A1-03,PHC-DST-A1-04,DST-A1,2025-06-07,17.8,27.3,OPEN,LOW
PHC-DST-A1-03,PHC-DST-A1-04,DST-A1,2025-06-08,17.8,28.3,OPEN,LOW
PHC-DST-A1-03,PHC-DST-A1-04,DST-A1,2025-06-09,17.8,28.1,OPEN,LOW
PHC-DST-A1-03,PHC-DST-A1-04,DST-A1,2025-06-10,17.8,25.8,OPEN,LOW
PHC-DST-A1-03,PHC-DST-A1-04,DST-A1,2025-06-11,17.8,28.0,OPEN,LOW
PHC-DST-A1-03,PHC-DST-A1-04,DST-A1,2025-06-12,17.8,26.6,OPEN,LOW
PHC-DST-A1-03,PHC-DST-A1-04,DST-A1,2025-06-13,17.8,25.9,OPEN,LOW
PHC-DST-A1-03,PHC-DST-A1-04,DST-A1,2025-06-14,17.8,26.1,OPEN,LOW
PHC-DST-A1-03,PHC-DST-A1-04,DST-A1,2025-06-15,17.8,28.4,OPEN,LOW
PHC-DST-A1-03,PHC-DST-A1-04,DST-A1,2025-06-16,17.8,27.2,OPEN,LOW
PHC-DST-A1-03,PHC-DST-A1-04,DST-A1,2025-06-17,17.8,28.2,OPEN,LOW
PHC-DST-A1-03,PHC-DST-A1-04,DST-A1,2025-06-18,17.8,27.3,OPEN,LOW
PHC-DST-A1-03,PHC-DST-A1-04,DST-A1,2025-06-19,17.8,26.3,OPEN,LOW
PHC-DST-A1-03,PHC-DST-A1-04,DST-A1,2025-06-20,17.8,26.6,OPEN,LOW
PHC-DST-A1-03,PHC-DST-A1-04,DST-A1,2025-06-21,17.8,29.2,OPEN,LOW
PHC-DST-A1-03,PHC-DST-A1-04,DST-A1,2025-06-22,17.8,28.1,OPEN,LOW
PHC-DST-A1-03,PHC-DST-A1-04,DST-A1,2025-06-23,17.8,26.4,OPEN,LOW
PHC-DST-A1-03,PHC-DST-A1-04,DST-A1,2025-06-24,17.8,28.0,OPEN,LOW
PHC-DST-A1-03,PHC-DST-A1-04,DST-A1,2025-06-25,17.8,26.8,OPEN,LOW
PHC-DST-A1-03,PHC-DST-A1-04,DST-A1,2025-06-26,17.8,28.4,OPEN,LOW
PHC-DST-A1-03,PHC-DST-A1-04,DST-A1,2025-06-27,17.8,25.9,OPEN,LOW
PHC-DST-A1-03,PHC-DST-A1-04,DST-A1,2025-06-28,17.8,27.9,OPEN,LOW
PHC-DST-A1-03,PHC-DST-A1-04,DST-A1,2025-06-29,17.8,28.2,OPEN,LOW
PHC-DST-A1-03,PHC-DST-A1-04,DST-A1,2025-06-30,17.8,29.1,OPEN,LOW
PHC-DST-A1-04,PHC-DST-A1-05,DST-A1,2024-01-01,18.5,28.6,OPEN,LOW
PHC-DST-A1-04,PHC-DST-A1-05,DST-A1,2024-01-02,18.5,27.5,OPEN,LOW
PHC-DST-A1-04,PHC-DST-A1-05,DST-A1,2024-01-03,18.5,29.4,OPEN,LOW
PHC-DST-A1-04,PHC-DST-A1-05,DST-A1,2024-01-04,18.5,30.1,OPEN,LOW
PHC-DST-A1-04,PHC-DST-A1-05,DST-A1,2024-01-05,18.5,27.7,OPEN,LOW
PHC-DST-A1-04,PHC-DST-A1-05,DST-A1,2024-01-06,18.5,26.9,OPEN,LOW
PHC-DST-A1-04,PHC-DST-A1-05,DST-A1,2024-01-07,18.5,27.7,OPEN,LOW
PHC-DST-A1-04,PHC-DST-A1-05,DST-A1,2024-01-08,18.5,28.1,OPEN,LOW
PHC-DST-A1-04,PHC-DST-A1-05,DST-A1,2024-01-09,18.5,26.9,OPEN,LOW
PHC-DST-A1-04,PHC-DST-A1-05,DST-A1,2024-01-10,18.5,29.6,OPEN,LOW
PHC-DST-A1-04,PHC-DST-A1-05,DST-A1,2024-01-11,18.5,29.1,OPEN,LOW
PHC-DST-A1-04,PHC-DST-A1-05,DST-A1,2024-01-12,18.5,29.2,OPEN,LOW
PHC-DST-A1-04,PHC-DST-A1-05,DST-A1,2024-01-13,18.5,28.2,OPEN,LOW
PHC-DST-A1-04,PHC-DST-A1-05,DST-A1,2024-01-14,18.5,27.2,OPEN,LOW
PHC-DST-A1-04,PHC-DST-A1-05,DST-A1,2024-01-15,18.5,30.0,OPEN,LOW
PHC-DST-A1-04,PHC-DST-A1-05,DST-A1,2024-01-16,18.5,28.1,OPEN,LOW
PHC-DST-A1-04,PHC-DST-A1-05,DST-A1,2024-01-17,18.5,30.4,OPEN,LOW
PHC-DST-A1-04,PHC-DST-A1-05,DST-A1,2024-01-18,18.5,30.1,OPEN,LOW
PHC-DST-A1-04,PHC-DST-A1-05,DST-A1,2024-01-19,18.5,30.3,OPEN,LOW
PHC-DST-A1-04,PHC-DST-A1-05,DST-A1,2024-01-20,18.5,29.9,OPEN,LOW
PHC-DST-A1-04,PHC-DST-A1-05,DST-A1,2024-01-21,18.5,29.9,OPEN,LOW
PHC-DST-A1-04,PHC-DST-A1-05,DST-A1,2024-01-22,18.5,27.8,OPEN,LOW
PHC-DST-A1-04,PHC-DST-A1-05,DST-A1,2024-01-23,18.5,28.1,OPEN,LOW
PHC-DST-A1-04,PHC-DST-A1-05,DST-A1,2024-01-24,18.5,27.2,OPEN,LOW
PHC-DST-A1-04,PHC-DST-A1-05,DST-A1,2024-01-25,18.5,26.5,OPEN,LOW
PHC-DST-A1-04,PHC-DST-A1-05,DST-A1,2024-01-26,18.5,29.4,OPEN,LOW
PHC-DST-A1-04,PHC-DST-A1-05,DST-A1,2024-01-27,18.5,27.9,OPEN,LOW
PHC-DST-A1-04,PHC-DST-A1-05,DST-A1,2024-01-28,18.5,29.3,OPEN,LOW
PHC-DST-A1-04,PHC-DST-A1-05,DST-A1,2024-01-29,18.5,28.3,OPEN,LOW
PHC-DST-A1-04,PHC-DST-A1-05,DST-A1,2024-01-30,18.5,29.8,OPEN,LOW
PHC-DST-A1-04,PHC-DST-A1-05,DST-A1,2024-01-31,18.5,27.6,OPEN,LOW
PHC-DST-A1-04,PHC-DST-A1-05,DST-A1,2024-02-01,18.5,28.7,OPEN,LOW
PHC-DST-A1-04,PHC-DST-A1-05,DST-A1,2024-02-02,18.5,27.8,OPEN,LOW
PHC-DST-A1-04,PHC-DST-A1-05,DST-A1,2024-02-03,18.5,30.2,OPEN,LOW
PHC-DST-A1-04,PHC-DST-A1-05,DST-A1,2024-02-04,18.5,27.1,OPEN,LOW
PHC-DST-A1-04,PHC-DST-A1-05,DST-A1,2024-02-05,18.5,27.9,OPEN,LOW
PHC-DST-A1-04,PHC-DST-A1-05,DST-A1,2024-02-06,18.5,28.2,OPEN,LOW
PHC-DST-A1-04,PHC-DST-A1-05,DST-A1,2024-02-07,18.5,29.2,OPEN,LOW
PHC-DST-A1-04,PHC-DST-A1-05,DST-A1,2024-02-08,18.5,28.6,OPEN,LOW
PHC-DST-A1-04,PHC-DST-A1-05,DST-A1,2024-02-09,18.5,26.5,OPEN,LOW
PHC-DST-A1-04,PHC-DST-A1-05,DST-A1,2024-02-10,18.5,28.0,OPEN,LOW
PHC-DST-A1-04,PHC-DST-A1-05,DST-A1,2024-02-11,18.5,28.2,OPEN,LOW
PHC-DST-A1-04,PHC-DST-A1-05,DST-A1,2024-02-12,18.5,28.9,OPEN,LOW
PHC-DST-A1-04,PHC-DST-A1-05,DST-A1,2024-02-13,18.5,28.4,OPEN,LOW
PHC-DST-A1-04,PHC-DST-A1-05,DST-A1,2024-02-14,18.5,29.0,OPEN,LOW
PHC-DST-A1-04,PHC-DST-A1-05,DST-A1,2024-02-15,18.5,30.2,OPEN,LOW
PHC-DST-A1-04,PHC-DST-A1-05,DST-A1,2024-02-16,18.5,29.3,OPEN,LOW
PHC-DST-A1-04,PHC-DST-A1-05,DST-A1,2024-02-17,18.5,29.4,OPEN,LOW
PHC-DST-A1-04,PHC-DST-A1-05,DST-A1,2024-02-18,18.5,30.5,OPEN,LOW
PHC-DST-A1-04,PHC-DST-A1-05,DST-A1,2024-02-19,18.5,28.1,OPEN,LOW
PHC-DST-A1-04,PHC-DST-A1-05,DST-A1,2024-02-20,18.5,27.7,OPEN,LOW
PHC-DST-A1-04,PHC-DST-A1-05,DST-A1,2024-02-21,18.5,29.1,OPEN,LOW
PHC-DST-A1-04,PHC-DST-A1-05,DST-A1,2024-02-22,18.5,29.0,OPEN,LOW
PHC-DST-A1-04,PHC-DST-A1-05,DST-A1,2024-02-23,18.5,27.5,OPEN,LOW
PHC-DST-A1-04,PHC-DST-A1-05,DST-A1,2024-02-24,18.5,28.1,OPEN,LOW
PHC-DST-A1-04,PHC-DST-A1-05,DST-A1,2024-02-25,18.5,28.4,OPEN,LOW
PHC-DST-A1-04,PHC-DST-A1-05,DST-A1,2024-02-26,18.5,28.0,OPEN,LOW
PHC-DST-A1-04,PHC-DST-A1-05,DST-A1,2024-02-27,18.5,30.1,OPEN,LOW
PHC-DST-A1-04,PHC-DST-A1-05,DST-A1,2024-02-28,18.5,26.8,OPEN,LOW
PHC-DST-A1-04,PHC-DST-A1-05,DST-A1,2024-02-29,18.5,27.7,OPEN,LOW
PHC-DST-A1-04,PHC-DST-A1-05,DST-A1,2024-03-01,18.5,28.8,OPEN,LOW
PHC-DST-A1-04,PHC-DST-A1-05,DST-A1,2024-03-02,18.5,27.8,OPEN,LOW
PHC-DST-A1-04,PHC-DST-A1-05,DST-A1,2024-03-03,18.5,29.5,OPEN,LOW
PHC-DST-A1-04,PHC-DST-A1-05,DST-A1,2024-03-04,18.5,28.5,OPEN,LOW
PHC-DST-A1-04,PHC-DST-A1-05,DST-A1,2024-03-05,18.5,27.9,OPEN,LOW
PHC-DST-A1-04,PHC-DST-A1-05,DST-A1,2024-03-06,18.5,29.9,OPEN,LOW
PHC-DST-A1-04,PHC-DST-A1-05,DST-A1,2024-03-07,18.5,27.5,OPEN,LOW
PHC-DST-A1-04,PHC-DST-A1-05,DST-A1,2024-03-08,18.5,28.7,OPEN,LOW
PHC-DST-A1-04,PHC-DST-A1-05,DST-A1,2024-03-09,18.5,29.2,OPEN,LOW
PHC-DST-A1-04,PHC-DST-A1-05,DST-A1,2024-03-10,18.5,27.1,OPEN,LOW
PHC-DST-A1-04,PHC-DST-A1-05,DST-A1,2024-03-11,18.5,27.7,OPEN,LOW
PHC-DST-A1-04,PHC-DST-A1-05,DST-A1,2024-03-12,18.5,28.8,OPEN,LOW
PHC-DST-A1-04,PHC-DST-A1-05,DST-A1,2024-03-13,18.5,28.8,OPEN,LOW
PHC-DST-A1-04,PHC-DST-A1-05,DST-A1,2024-03-14,18.5,28.3,OPEN,LOW
PHC-DST-A1-04,PHC-DST-A1-05,DST-A1,2024-03-15,18.5,27.9,OPEN,LOW
PHC-DST-A1-04,PHC-DST-A1-05,DST-A1,2024-03-16,18.5,30.2,OPEN,LOW
PHC-DST-A1-04,PHC-DST-A1-05,DST-A1,2024-03-17,18.5,29.8,OPEN,LOW
PHC-DST-A1-04,PHC-DST-A1-05,DST-A1,2024-03-18,18.5,29.6,OPEN,LOW
PHC-DST-A1-04,PHC-DST-A1-05,DST-A1,2024-03-19,18.5,26.6,OPEN,LOW
PHC-DST-A1-04,PHC-DST-A1-05,DST-A1,2024-03-20,18.5,30.1,OPEN,LOW
PHC-DST-A1-04,PHC-DST-A1-05,DST-A1,2024-03-21,18.5,28.9,OPEN,LOW
PHC-DST-A1-04,PHC-DST-A1-05,DST-A1,2024-03-22,18.5,29.0,OPEN,LOW
PHC-DST-A1-04,PHC-DST-A1-05,DST-A1,2024-03-23,18.5,27.0,OPEN,LOW
PHC-DST-A1-04,PHC-DST-A1-05,DST-A1,2024-03-24,18.5,27.1,OPEN,LOW
PHC-DST-A1-04,PHC-DST-A1-05,DST-A1,2024-03-25,18.5,27.4,OPEN,LOW
PHC-DST-A1-04,PHC-DST-A1-05,DST-A1,2024-03-26,18.5,26.9,OPEN,LOW
PHC-DST-A1-04,PHC-DST-A1-05,DST-A1,2024-03-27,18.5,27.8,OPEN,LOW
PHC-DST-A1-04,PHC-DST-A1-05,DST-A1,2024-03-28,18.5,28.1,OPEN,LOW
PHC-DST-A1-04,PHC-DST-A1-05,DST-A1,2024-03-29,18.5,27.6,OPEN,LOW
PHC-DST-A1-04,PHC-DST-A1-05,DST-A1,2024-03-30,18.5,27.1,OPEN,LOW
PHC-DST-A1-04,PHC-DST-A1-05,DST-A1,2024-03-31,18.5,30.4,OPEN,LOW
PHC-DST-A1-04,PHC-DST-A1-05,DST-A1,2024-04-01,18.5,28.0,OPEN,LOW
PHC-DST-A1-04,PHC-DST-A1-05,DST-A1,2024-04-02,18.5,26.8,OPEN,LOW
PHC-DST-A1-04,PHC-DST-A1-05,DST-A1,2024-04-03,18.5,29.8,OPEN,LOW
PHC-DST-A1-04,PHC-DST-A1-05,DST-A1,2024-04-04,18.5,30.3,OPEN,LOW
PHC-DST-A1-04,PHC-DST-A1-05,DST-A1,2024-04-05,18.5,30.3,OPEN,LOW
PHC-DST-A1-04,PHC-DST-A1-05,DST-A1,2024-04-06,18.5,26.8,OPEN,LOW
PHC-DST-A1-04,PHC-DST-A1-05,DST-A1,2024-04-07,18.5,27.9,OPEN,LOW
PHC-DST-A1-04,PHC-DST-A1-05,DST-A1,2024-04-08,18.5,26.5,OPEN,LOW
PHC-DST-A1-04,PHC-DST-A1-05,DST-A1,2024-04-09,18.5,28.1,OPEN,LOW
PHC-DST-A1-04,PHC-DST-A1-05,DST-A1,2024-04-10,18.5,27.0,OPEN,LOW
PHC-DST-A1-04,PHC-DST-A1-05,DST-A1,2024-04-11,18.5,26.5,OPEN,LOW
PHC-DST-A1-04,PHC-DST-A1-05,DST-A1,2024-04-12,18.5,28.2,OPEN,LOW
PHC-DST-A1-04,PHC-DST-A1-05,DST-A1,2024-04-13,18.5,27.4,OPEN,LOW
PHC-DST-A1-04,PHC-DST-A1-05,DST-A1,2024-04-14,18.5,29.2,OPEN,LOW
PHC-DST-A1-04,PHC-DST-A1-05,DST-A1,2024-04-15,18.5,30.0,OPEN,LOW
PHC-DST-A1-04,PHC-DST-A1-05,DST-A1,2024-04-16,18.5,29.6,OPEN,LOW
PHC-DST-A1-04,PHC-DST-A1-05,DST-A1,2024-04-17,18.5,26.9,OPEN,LOW
PHC-DST-A1-04,PHC-DST-A1-05,DST-A1,2024-04-18,18.5,29.6,OPEN,LOW
PHC-DST-A1-04,PHC-DST-A1-05,DST-A1,2024-04-19,18.5,29.2,OPEN,LOW
PHC-DST-A1-04,PHC-DST-A1-05,DST-A1,2024-04-20,18.5,27.0,OPEN,LOW
PHC-DST-A1-04,PHC-DST-A1-05,DST-A1,2024-04-21,18.5,29.8,OPEN,LOW
PHC-DST-A1-04,PHC-DST-A1-05,DST-A1,2024-04-22,18.5,28.6,OPEN,LOW
PHC-DST-A1-04,PHC-DST-A1-05,DST-A1,2024-04-23,18.5,29.6,OPEN,LOW
PHC-DST-A1-04,PHC-DST-A1-05,DST-A1,2024-04-24,18.5,26.5,OPEN,LOW
PHC-DST-A1-04,PHC-DST-A1-05,DST-A1,2024-04-25,18.5,30.3,OPEN,LOW
PHC-DST-A1-04,PHC-DST-A1-05,DST-A1,2024-04-26,18.5,29.8,OPEN,LOW
PHC-DST-A1-04,PHC-DST-A1-05,DST-A1,2024-04-27,18.5,29.0,OPEN,LOW
PHC-DST-A1-04,PHC-DST-A1-05,DST-A1,2024-04-28,18.5,30.5,OPEN,LOW
PHC-DST-A1-04,PHC-DST-A1-05,DST-A1,2024-04-29,18.5,29.5,OPEN,LOW
PHC-DST-A1-04,PHC-DST-A1-05,DST-A1,2024-04-30,18.5,28.4,OPEN,LOW
PHC-DST-A1-04,PHC-DST-A1-05,DST-A1,2024-05-01,18.5,29.9,OPEN,LOW
PHC-DST-A1-04,PHC-DST-A1-05,DST-A1,2024-05-02,18.5,27.2,OPEN,LOW
PHC-DST-A1-04,PHC-DST-A1-05,DST-A1,2024-05-03,18.5,29.3,OPEN,LOW
PHC-DST-A1-04,PHC-DST-A1-05,DST-A1,2024-05-04,18.5,26.7,OPEN,LOW
PHC-DST-A1-04,PHC-DST-A1-05,DST-A1,2024-05-05,18.5,26.4,OPEN,LOW
PHC-DST-A1-04,PHC-DST-A1-05,DST-A1,2024-05-06,18.5,28.8,OPEN,LOW
PHC-DST-A1-04,PHC-DST-A1-05,DST-A1,2024-05-07,18.5,29.9,OPEN,LOW
PHC-DST-A1-04,PHC-DST-A1-05,DST-A1,2024-05-08,18.5,27.7,OPEN,LOW
PHC-DST-A1-04,PHC-DST-A1-05,DST-A1,2024-05-09,18.5,26.6,OPEN,LOW
PHC-DST-A1-04,PHC-DST-A1-05,DST-A1,2024-05-10,18.5,29.1,OPEN,LOW
PHC-DST-A1-04,PHC-DST-A1-05,DST-A1,2024-05-11,18.5,26.9,OPEN,LOW
PHC-DST-A1-04,PHC-DST-A1-05,DST-A1,2024-05-12,18.5,27.1,OPEN,LOW
PHC-DST-A1-04,PHC-DST-A1-05,DST-A1,2024-05-13,18.5,28.8,OPEN,LOW
PHC-DST-A1-04,PHC-DST-A1-05,DST-A1,2024-05-14,18.5,28.2,OPEN,LOW
PHC-DST-A1-04,PHC-DST-A1-05,DST-A1,2024-05-15,18.5,27.1,OPEN,LOW
PHC-DST-A1-04,PHC-DST-A1-05,DST-A1,2024-05-16,18.5,27.0,OPEN,LOW
PHC-DST-A1-04,PHC-DST-A1-05,DST-A1,2024-05-17,18.5,27.0,OPEN,LOW
PHC-DST-A1-04,PHC-DST-A1-05,DST-A1,2024-05-18,18.5,30.3,OPEN,LOW
PHC-DST-A1-04,PHC-DST-A1-05,DST-A1,2024-05-19,18.5,30.2,OPEN,LOW
PHC-DST-A1-04,PHC-DST-A1-05,DST-A1,2024-05-20,18.5,28.3,OPEN,LOW
PHC-DST-A1-04,PHC-DST-A1-05,DST-A1,2024-05-21,18.5,26.6,OPEN,LOW
PHC-DST-A1-04,PHC-DST-A1-05,DST-A1,2024-05-22,18.5,29.0,OPEN,LOW
PHC-DST-A1-04,PHC-DST-A1-05,DST-A1,2024-05-23,18.5,29.9,OPEN,LOW
PHC-DST-A1-04,PHC-DST-A1-05,DST-A1,2024-05-24,18.5,29.4,OPEN,LOW
PHC-DST-A1-04,PHC-DST-A1-05,DST-A1,2024-05-25,18.5,29.1,OPEN,LOW
PHC-DST-A1-04,PHC-DST-A1-05,DST-A1,2024-05-26,18.5,29.7,OPEN,LOW
PHC-DST-A1-04,PHC-DST-A1-05,DST-A1,2024-05-27,18.5,27.2,OPEN,LOW
PHC-DST-A1-04,PHC-DST-A1-05,DST-A1,2024-05-28,18.5,29.5,OPEN,LOW
PHC-DST-A1-04,PHC-DST-A1-05,DST-A1,2024-05-29,18.5,27.2,OPEN,LOW
PHC-DST-A1-04,PHC-DST-A1-05,DST-A1,2024-05-30,18.5,29.6,OPEN,LOW
PHC-DST-A1-04,PHC-DST-A1-05,DST-A1,2024-05-31,18.5,28.1,OPEN,LOW
PHC-DST-A1-04,PHC-DST-A1-05,DST-A1,2024-06-01,18.5,26.5,OPEN,LOW
PHC-DST-A1-04,PHC-DST-A1-05,DST-A1,2024-06-02,18.5,26.6,OPEN,LOW
PHC-DST-A1-04,PHC-DST-A1-05,DST-A1,2024-06-03,18.5,30.1,OPEN,LOW
PHC-DST-A1-04,PHC-DST-A1-05,DST-A1,2024-06-04,18.5,26.8,OPEN,LOW
PHC-DST-A1-04,PHC-DST-A1-05,DST-A1,2024-06-05,18.5,30.2,OPEN,LOW
PHC-DST-A1-04,PHC-DST-A1-05,DST-A1,2024-06-06,18.5,30.5,OPEN,LOW
PHC-DST-A1-04,PHC-DST-A1-05,DST-A1,2024-06-07,18.5,30.1,OPEN,LOW
PHC-DST-A1-04,PHC-DST-A1-05,DST-A1,2024-06-08,18.5,29.1,OPEN,LOW
PHC-DST-A1-04,PHC-DST-A1-05,DST-A1,2024-06-09,18.5,28.2,OPEN,LOW
PHC-DST-A1-04,PHC-DST-A1-05,DST-A1,2024-06-10,18.5,28.7,OPEN,LOW
PHC-DST-A1-04,PHC-DST-A1-05,DST-A1,2024-06-11,18.5,28.9,OPEN,LOW
PHC-DST-A1-04,PHC-DST-A1-05,DST-A1,2024-06-12,18.5,27.5,OPEN,LOW
PHC-DST-A1-04,PHC-DST-A1-05,DST-A1,2024-06-13,18.5,30.2,OPEN,LOW
PHC-DST-A1-04,PHC-DST-A1-05,DST-A1,2024-06-14,18.5,26.5,OPEN,LOW
PHC-DST-A1-04,PHC-DST-A1-05,DST-A1,2024-06-15,18.5,28.5,OPEN,LOW
PHC-DST-A1-04,PHC-DST-A1-05,DST-A1,2024-06-16,18.5,28.4,OPEN,LOW
PHC-DST-A1-04,PHC-DST-A1-05,DST-A1,2024-06-17,18.5,28.5,OPEN,LOW
PHC-DST-A1-04,PHC-DST-A1-05,DST-A1,2024-06-18,18.5,27.4,OPEN,LOW
PHC-DST-A1-04,PHC-DST-A1-05,DST-A1,2024-06-19,18.5,29.9,OPEN,LOW
PHC-DST-A1-04,PHC-DST-A1-05,DST-A1,2024-06-20,18.5,30.4,OPEN,LOW
PHC-DST-A1-04,PHC-DST-A1-05,DST-A1,2024-06-21,18.5,29.3,OPEN,LOW
PHC-DST-A1-04,PHC-DST-A1-05,DST-A1,2024-06-22,18.5,28.9,OPEN,LOW
PHC-DST-A1-04,PHC-DST-A1-05,DST-A1,2024-06-23,18.5,28.8,OPEN,LOW
PHC-DST-A1-04,PHC-DST-A1-05,DST-A1,2024-06-24,18.5,28.0,OPEN,LOW
PHC-DST-A1-04,PHC-DST-A1-05,DST-A1,2024-06-25,18.5,30.1,OPEN,LOW
PHC-DST-A1-04,PHC-DST-A1-05,DST-A1,2024-06-26,18.5,26.6,OPEN,LOW
PHC-DST-A1-04,PHC-DST-A1-05,DST-A1,2024-06-27,18.5,29.9,OPEN,LOW
PHC-DST-A1-04,PHC-DST-A1-05,DST-A1,2024-06-28,18.5,28.7,OPEN,LOW
PHC-DST-A1-04,PHC-DST-A1-05,DST-A1,2024-06-29,18.5,29.2,OPEN,LOW
PHC-DST-A1-04,PHC-DST-A1-05,DST-A1,2024-06-30,18.5,27.3,OPEN,LOW
PHC-DST-A1-04,PHC-DST-A1-05,DST-A1,2024-07-01,18.5,177.0,BLOCKED,MODERATE
PHC-DST-A1-04,PHC-DST-A1-05,DST-A1,2024-07-02,18.5,27.9,OPEN,LOW
PHC-DST-A1-04,PHC-DST-A1-05,DST-A1,2024-07-03,18.5,47.7,DEGRADED,MODERATE
PHC-DST-A1-04,PHC-DST-A1-05,DST-A1,2024-07-04,18.5,134.7,BLOCKED,SEVERE
PHC-DST-A1-04,PHC-DST-A1-05,DST-A1,2024-07-05,18.5,28.5,OPEN,LOW
PHC-DST-A1-04,PHC-DST-A1-05,DST-A1,2024-07-06,18.5,45.3,DEGRADED,MODERATE
PHC-DST-A1-04,PHC-DST-A1-05,DST-A1,2024-07-07,18.5,27.7,OPEN,LOW
PHC-DST-A1-04,PHC-DST-A1-05,DST-A1,2024-07-08,18.5,28.4,OPEN,LOW
PHC-DST-A1-04,PHC-DST-A1-05,DST-A1,2024-07-09,18.5,29.3,OPEN,LOW
PHC-DST-A1-04,PHC-DST-A1-05,DST-A1,2024-07-10,18.5,44.5,DEGRADED,MODERATE
PHC-DST-A1-04,PHC-DST-A1-05,DST-A1,2024-07-11,18.5,45.1,DEGRADED,LOW
PHC-DST-A1-04,PHC-DST-A1-05,DST-A1,2024-07-12,18.5,50.7,DEGRADED,LOW
PHC-DST-A1-04,PHC-DST-A1-05,DST-A1,2024-07-13,18.5,28.1,OPEN,LOW
PHC-DST-A1-04,PHC-DST-A1-05,DST-A1,2024-07-14,18.5,52.1,DEGRADED,MODERATE
PHC-DST-A1-04,PHC-DST-A1-05,DST-A1,2024-07-15,18.5,29.7,OPEN,LOW
PHC-DST-A1-04,PHC-DST-A1-05,DST-A1,2024-07-16,18.5,29.4,OPEN,LOW
PHC-DST-A1-04,PHC-DST-A1-05,DST-A1,2024-07-17,18.5,26.8,OPEN,LOW
PHC-DST-A1-04,PHC-DST-A1-05,DST-A1,2024-07-18,18.5,27.3,OPEN,LOW
PHC-DST-A1-04,PHC-DST-A1-05,DST-A1,2024-07-19,18.5,26.9,OPEN,LOW
PHC-DST-A1-04,PHC-DST-A1-05,DST-A1,2024-07-20,18.5,27.8,OPEN,LOW
PHC-DST-A1-04,PHC-DST-A1-05,DST-A1,2024-07-21,18.5,28.2,OPEN,LOW
PHC-DST-A1-04,PHC-DST-A1-05,DST-A1,2024-07-22,18.5,48.6,DEGRADED,MODERATE
PHC-DST-A1-04,PHC-DST-A1-05,DST-A1,2024-07-23,18.5,29.5,OPEN,LOW
PHC-DST-A1-04,PHC-DST-A1-05,DST-A1,2024-07-24,18.5,27.1,OPEN,LOW
PHC-DST-A1-04,PHC-DST-A1-05,DST-A1,2024-07-25,18.5,26.9,OPEN,LOW
PHC-DST-A1-04,PHC-DST-A1-05,DST-A1,2024-07-26,18.5,29.2,OPEN,LOW
PHC-DST-A1-04,PHC-DST-A1-05,DST-A1,2024-07-27,18.5,52.8,DEGRADED,LOW
PHC-DST-A1-04,PHC-DST-A1-05,DST-A1,2024-07-28,18.5,54.4,DEGRADED,MODERATE
PHC-DST-A1-04,PHC-DST-A1-05,DST-A1,2024-07-29,18.5,28.8,OPEN,LOW
PHC-DST-A1-04,PHC-DST-A1-05,DST-A1,2024-07-30,18.5,48.3,DEGRADED,LOW
PHC-DST-A1-04,PHC-DST-A1-05,DST-A1,2024-07-31,18.5,52.7,DEGRADED,LOW
PHC-DST-A1-04,PHC-DST-A1-05,DST-A1,2024-08-01,18.5,30.4,OPEN,LOW
PHC-DST-A1-04,PHC-DST-A1-05,DST-A1,2024-08-02,18.5,28.5,OPEN,LOW
PHC-DST-A1-04,PHC-DST-A1-05,DST-A1,2024-08-03,18.5,43.6,DEGRADED,LOW
PHC-DST-A1-04,PHC-DST-A1-05,DST-A1,2024-08-04,18.5,27.0,OPEN,LOW
PHC-DST-A1-04,PHC-DST-A1-05,DST-A1,2024-08-05,18.5,26.5,OPEN,LOW
PHC-DST-A1-04,PHC-DST-A1-05,DST-A1,2024-08-06,18.5,27.7,OPEN,LOW
PHC-DST-A1-04,PHC-DST-A1-05,DST-A1,2024-08-07,18.5,28.3,OPEN,LOW
PHC-DST-A1-04,PHC-DST-A1-05,DST-A1,2024-08-08,18.5,26.6,OPEN,LOW
PHC-DST-A1-04,PHC-DST-A1-05,DST-A1,2024-08-09,18.5,29.3,OPEN,LOW
PHC-DST-A1-04,PHC-DST-A1-05,DST-A1,2024-08-10,18.5,52.7,DEGRADED,MODERATE
PHC-DST-A1-04,PHC-DST-A1-05,DST-A1,2024-08-11,18.5,30.5,OPEN,LOW
PHC-DST-A1-04,PHC-DST-A1-05,DST-A1,2024-08-12,18.5,27.7,OPEN,LOW
PHC-DST-A1-04,PHC-DST-A1-05,DST-A1,2024-08-13,18.5,28.7,OPEN,LOW
PHC-DST-A1-04,PHC-DST-A1-05,DST-A1,2024-08-14,18.5,27.4,OPEN,LOW
PHC-DST-A1-04,PHC-DST-A1-05,DST-A1,2024-08-15,18.5,28.3,OPEN,LOW
PHC-DST-A1-04,PHC-DST-A1-05,DST-A1,2024-08-16,18.5,28.8,OPEN,LOW
PHC-DST-A1-04,PHC-DST-A1-05,DST-A1,2024-08-17,18.5,26.7,OPEN,LOW
PHC-DST-A1-04,PHC-DST-A1-05,DST-A1,2024-08-18,18.5,47.4,DEGRADED,LOW
PHC-DST-A1-04,PHC-DST-A1-05,DST-A1,2024-08-19,18.5,42.7,DEGRADED,MODERATE
PHC-DST-A1-04,PHC-DST-A1-05,DST-A1,2024-08-20,18.5,28.9,OPEN,LOW
PHC-DST-A1-04,PHC-DST-A1-05,DST-A1,2024-08-21,18.5,28.7,OPEN,LOW
PHC-DST-A1-04,PHC-DST-A1-05,DST-A1,2024-08-22,18.5,45.1,DEGRADED,MODERATE
PHC-DST-A1-04,PHC-DST-A1-05,DST-A1,2024-08-23,18.5,28.2,OPEN,LOW
PHC-DST-A1-04,PHC-DST-A1-05,DST-A1,2024-08-24,18.5,27.6,OPEN,LOW
PHC-DST-A1-04,PHC-DST-A1-05,DST-A1,2024-08-25,18.5,27.3,OPEN,LOW
PHC-DST-A1-04,PHC-DST-A1-05,DST-A1,2024-08-26,18.5,29.8,OPEN,LOW
PHC-DST-A1-04,PHC-DST-A1-05,DST-A1,2024-08-27,18.5,27.7,OPEN,LOW
PHC-DST-A1-04,PHC-DST-A1-05,DST-A1,2024-08-28,18.5,28.2,OPEN,LOW
PHC-DST-A1-04,PHC-DST-A1-05,DST-A1,2024-08-29,18.5,30.0,OPEN,LOW
PHC-DST-A1-04,PHC-DST-A1-05,DST-A1,2024-08-30,18.5,46.7,DEGRADED,MODERATE
PHC-DST-A1-04,PHC-DST-A1-05,DST-A1,2024-08-31,18.5,50.3,DEGRADED,LOW
PHC-DST-A1-04,PHC-DST-A1-05,DST-A1,2024-09-01,18.5,28.8,OPEN,LOW
PHC-DST-A1-04,PHC-DST-A1-05,DST-A1,2024-09-02,18.5,29.5,OPEN,LOW
PHC-DST-A1-04,PHC-DST-A1-05,DST-A1,2024-09-03,18.5,27.2,OPEN,LOW
PHC-DST-A1-04,PHC-DST-A1-05,DST-A1,2024-09-04,18.5,30.4,OPEN,LOW
PHC-DST-A1-04,PHC-DST-A1-05,DST-A1,2024-09-05,18.5,46.4,DEGRADED,MODERATE
PHC-DST-A1-04,PHC-DST-A1-05,DST-A1,2024-09-06,18.5,27.2,OPEN,LOW
PHC-DST-A1-04,PHC-DST-A1-05,DST-A1,2024-09-07,18.5,30.1,OPEN,LOW
PHC-DST-A1-04,PHC-DST-A1-05,DST-A1,2024-09-08,18.5,26.7,OPEN,LOW
PHC-DST-A1-04,PHC-DST-A1-05,DST-A1,2024-09-09,18.5,27.5,OPEN,LOW
PHC-DST-A1-04,PHC-DST-A1-05,DST-A1,2024-09-10,18.5,28.5,OPEN,LOW
PHC-DST-A1-04,PHC-DST-A1-05,DST-A1,2024-09-11,18.5,29.6,OPEN,LOW
PHC-DST-A1-04,PHC-DST-A1-05,DST-A1,2024-09-12,18.5,28.0,OPEN,LOW
PHC-DST-A1-04,PHC-DST-A1-05,DST-A1,2024-09-13,18.5,27.5,OPEN,LOW
PHC-DST-A1-04,PHC-DST-A1-05,DST-A1,2024-09-14,18.5,47.0,DEGRADED,LOW
PHC-DST-A1-04,PHC-DST-A1-05,DST-A1,2024-09-15,18.5,94.7,DEGRADED,MODERATE
PHC-DST-A1-04,PHC-DST-A1-05,DST-A1,2024-09-16,18.5,28.9,OPEN,LOW
PHC-DST-A1-04,PHC-DST-A1-05,DST-A1,2024-09-17,18.5,28.9,OPEN,LOW
PHC-DST-A1-04,PHC-DST-A1-05,DST-A1,2024-09-18,18.5,27.4,OPEN,LOW
PHC-DST-A1-04,PHC-DST-A1-05,DST-A1,2024-09-19,18.5,28.3,OPEN,LOW
PHC-DST-A1-04,PHC-DST-A1-05,DST-A1,2024-09-20,18.5,29.7,OPEN,LOW
PHC-DST-A1-04,PHC-DST-A1-05,DST-A1,2024-09-21,18.5,28.9,OPEN,LOW
PHC-DST-A1-04,PHC-DST-A1-05,DST-A1,2024-09-22,18.5,27.9,OPEN,LOW
PHC-DST-A1-04,PHC-DST-A1-05,DST-A1,2024-09-23,18.5,27.6,OPEN,LOW
PHC-DST-A1-04,PHC-DST-A1-05,DST-A1,2024-09-24,18.5,29.0,OPEN,LOW
PHC-DST-A1-04,PHC-DST-A1-05,DST-A1,2024-09-25,18.5,27.4,OPEN,LOW
PHC-DST-A1-04,PHC-DST-A1-05,DST-A1,2024-09-26,18.5,42.1,DEGRADED,LOW
PHC-DST-A1-04,PHC-DST-A1-05,DST-A1,2024-09-27,18.5,29.5,OPEN,LOW
PHC-DST-A1-04,PHC-DST-A1-05,DST-A1,2024-09-28,18.5,29.9,OPEN,LOW
PHC-DST-A1-04,PHC-DST-A1-05,DST-A1,2024-09-29,18.5,29.4,OPEN,LOW
PHC-DST-A1-04,PHC-DST-A1-05,DST-A1,2024-09-30,18.5,27.5,OPEN,LOW
PHC-DST-A1-04,PHC-DST-A1-05,DST-A1,2024-10-01,18.5,30.0,OPEN,LOW
PHC-DST-A1-04,PHC-DST-A1-05,DST-A1,2024-10-02,18.5,30.1,OPEN,LOW
PHC-DST-A1-04,PHC-DST-A1-05,DST-A1,2024-10-03,18.5,27.9,OPEN,LOW
PHC-DST-A1-04,PHC-DST-A1-05,DST-A1,2024-10-04,18.5,30.3,OPEN,LOW
PHC-DST-A1-04,PHC-DST-A1-05,DST-A1,2024-10-05,18.5,28.1,OPEN,LOW
PHC-DST-A1-04,PHC-DST-A1-05,DST-A1,2024-10-06,18.5,28.0,OPEN,LOW
PHC-DST-A1-04,PHC-DST-A1-05,DST-A1,2024-10-07,18.5,28.2,OPEN,LOW
PHC-DST-A1-04,PHC-DST-A1-05,DST-A1,2024-10-08,18.5,28.5,OPEN,LOW
PHC-DST-A1-04,PHC-DST-A1-05,DST-A1,2024-10-09,18.5,28.8,OPEN,LOW
PHC-DST-A1-04,PHC-DST-A1-05,DST-A1,2024-10-10,18.5,30.3,OPEN,LOW
PHC-DST-A1-04,PHC-DST-A1-05,DST-A1,2024-10-11,18.5,27.4,OPEN,LOW
PHC-DST-A1-04,PHC-DST-A1-05,DST-A1,2024-10-12,18.5,28.8,OPEN,LOW
PHC-DST-A1-04,PHC-DST-A1-05,DST-A1,2024-10-13,18.5,26.8,OPEN,LOW
PHC-DST-A1-04,PHC-DST-A1-05,DST-A1,2024-10-14,18.5,28.1,OPEN,LOW
PHC-DST-A1-04,PHC-DST-A1-05,DST-A1,2024-10-15,18.5,28.4,OPEN,LOW
PHC-DST-A1-04,PHC-DST-A1-05,DST-A1,2024-10-16,18.5,28.8,OPEN,LOW
PHC-DST-A1-04,PHC-DST-A1-05,DST-A1,2024-10-17,18.5,30.3,OPEN,LOW
PHC-DST-A1-04,PHC-DST-A1-05,DST-A1,2024-10-18,18.5,28.1,OPEN,LOW
PHC-DST-A1-04,PHC-DST-A1-05,DST-A1,2024-10-19,18.5,27.8,OPEN,LOW
PHC-DST-A1-04,PHC-DST-A1-05,DST-A1,2024-10-20,18.5,27.0,OPEN,LOW
PHC-DST-A1-04,PHC-DST-A1-05,DST-A1,2024-10-21,18.5,28.9,OPEN,LOW
PHC-DST-A1-04,PHC-DST-A1-05,DST-A1,2024-10-22,18.5,26.9,OPEN,LOW
PHC-DST-A1-04,PHC-DST-A1-05,DST-A1,2024-10-23,18.5,30.5,OPEN,LOW
PHC-DST-A1-04,PHC-DST-A1-05,DST-A1,2024-10-24,18.5,28.9,OPEN,LOW
PHC-DST-A1-04,PHC-DST-A1-05,DST-A1,2024-10-25,18.5,26.4,OPEN,LOW
PHC-DST-A1-04,PHC-DST-A1-05,DST-A1,2024-10-26,18.5,26.8,OPEN,LOW
PHC-DST-A1-04,PHC-DST-A1-05,DST-A1,2024-10-27,18.5,28.3,OPEN,LOW
PHC-DST-A1-04,PHC-DST-A1-05,DST-A1,2024-10-28,18.5,30.2,OPEN,LOW
PHC-DST-A1-04,PHC-DST-A1-05,DST-A1,2024-10-29,18.5,29.7,OPEN,LOW
PHC-DST-A1-04,PHC-DST-A1-05,DST-A1,2024-10-30,18.5,28.5,OPEN,LOW
PHC-DST-A1-04,PHC-DST-A1-05,DST-A1,2024-10-31,18.5,26.7,OPEN,LOW
PHC-DST-A1-04,PHC-DST-A1-05,DST-A1,2024-11-01,18.5,27.6,OPEN,LOW
PHC-DST-A1-04,PHC-DST-A1-05,DST-A1,2024-11-02,18.5,29.0,OPEN,LOW
PHC-DST-A1-04,PHC-DST-A1-05,DST-A1,2024-11-03,18.5,30.2,OPEN,LOW
PHC-DST-A1-04,PHC-DST-A1-05,DST-A1,2024-11-04,18.5,30.3,OPEN,LOW
PHC-DST-A1-04,PHC-DST-A1-05,DST-A1,2024-11-05,18.5,30.2,OPEN,LOW
PHC-DST-A1-04,PHC-DST-A1-05,DST-A1,2024-11-06,18.5,29.7,OPEN,LOW
PHC-DST-A1-04,PHC-DST-A1-05,DST-A1,2024-11-07,18.5,27.6,OPEN,LOW
PHC-DST-A1-04,PHC-DST-A1-05,DST-A1,2024-11-08,18.5,27.8,OPEN,LOW
PHC-DST-A1-04,PHC-DST-A1-05,DST-A1,2024-11-09,18.5,27.4,OPEN,LOW
PHC-DST-A1-04,PHC-DST-A1-05,DST-A1,2024-11-10,18.5,29.7,OPEN,LOW
PHC-DST-A1-04,PHC-DST-A1-05,DST-A1,2024-11-11,18.5,28.0,OPEN,LOW
PHC-DST-A1-04,PHC-DST-A1-05,DST-A1,2024-11-12,18.5,27.5,OPEN,LOW
PHC-DST-A1-04,PHC-DST-A1-05,DST-A1,2024-11-13,18.5,28.3,OPEN,LOW
PHC-DST-A1-04,PHC-DST-A1-05,DST-A1,2024-11-14,18.5,27.7,OPEN,LOW
PHC-DST-A1-04,PHC-DST-A1-05,DST-A1,2024-11-15,18.5,29.5,OPEN,LOW
PHC-DST-A1-04,PHC-DST-A1-05,DST-A1,2024-11-16,18.5,26.8,OPEN,LOW
PHC-DST-A1-04,PHC-DST-A1-05,DST-A1,2024-11-17,18.5,26.7,OPEN,LOW
PHC-DST-A1-04,PHC-DST-A1-05,DST-A1,2024-11-18,18.5,28.5,OPEN,LOW
PHC-DST-A1-04,PHC-DST-A1-05,DST-A1,2024-11-19,18.5,27.2,OPEN,LOW
PHC-DST-A1-04,PHC-DST-A1-05,DST-A1,2024-11-20,18.5,29.6,OPEN,LOW
PHC-DST-A1-04,PHC-DST-A1-05,DST-A1,2024-11-21,18.5,26.9,OPEN,LOW
PHC-DST-A1-04,PHC-DST-A1-05,DST-A1,2024-11-22,18.5,26.5,OPEN,LOW
PHC-DST-A1-04,PHC-DST-A1-05,DST-A1,2024-11-23,18.5,28.5,OPEN,LOW
PHC-DST-A1-04,PHC-DST-A1-05,DST-A1,2024-11-24,18.5,27.6,OPEN,LOW
PHC-DST-A1-04,PHC-DST-A1-05,DST-A1,2024-11-25,18.5,28.6,OPEN,LOW
PHC-DST-A1-04,PHC-DST-A1-05,DST-A1,2024-11-26,18.5,30.2,OPEN,LOW
PHC-DST-A1-04,PHC-DST-A1-05,DST-A1,2024-11-27,18.5,30.3,OPEN,LOW
PHC-DST-A1-04,PHC-DST-A1-05,DST-A1,2024-11-28,18.5,29.7,OPEN,LOW
PHC-DST-A1-04,PHC-DST-A1-05,DST-A1,2024-11-29,18.5,26.5,OPEN,LOW
PHC-DST-A1-04,PHC-DST-A1-05,DST-A1,2024-11-30,18.5,29.4,OPEN,LOW
PHC-DST-A1-04,PHC-DST-A1-05,DST-A1,2024-12-01,18.5,28.7,OPEN,LOW
PHC-DST-A1-04,PHC-DST-A1-05,DST-A1,2024-12-02,18.5,27.9,OPEN,LOW
PHC-DST-A1-04,PHC-DST-A1-05,DST-A1,2024-12-03,18.5,26.7,OPEN,LOW
PHC-DST-A1-04,PHC-DST-A1-05,DST-A1,2024-12-04,18.5,27.6,OPEN,LOW
PHC-DST-A1-04,PHC-DST-A1-05,DST-A1,2024-12-05,18.5,29.8,OPEN,LOW
PHC-DST-A1-04,PHC-DST-A1-05,DST-A1,2024-12-06,18.5,28.3,OPEN,LOW
PHC-DST-A1-04,PHC-DST-A1-05,DST-A1,2024-12-07,18.5,29.9,OPEN,LOW
PHC-DST-A1-04,PHC-DST-A1-05,DST-A1,2024-12-08,18.5,26.5,OPEN,LOW
PHC-DST-A1-04,PHC-DST-A1-05,DST-A1,2024-12-09,18.5,27.4,OPEN,LOW
PHC-DST-A1-04,PHC-DST-A1-05,DST-A1,2024-12-10,18.5,29.1,OPEN,LOW
PHC-DST-A1-04,PHC-DST-A1-05,DST-A1,2024-12-11,18.5,28.4,OPEN,LOW
PHC-DST-A1-04,PHC-DST-A1-05,DST-A1,2024-12-12,18.5,29.6,OPEN,LOW
PHC-DST-A1-04,PHC-DST-A1-05,DST-A1,2024-12-13,18.5,28.6,OPEN,LOW
PHC-DST-A1-04,PHC-DST-A1-05,DST-A1,2024-12-14,18.5,28.8,OPEN,LOW
PHC-DST-A1-04,PHC-DST-A1-05,DST-A1,2024-12-15,18.5,30.4,OPEN,LOW
PHC-DST-A1-04,PHC-DST-A1-05,DST-A1,2024-12-16,18.5,30.0,OPEN,LOW
PHC-DST-A1-04,PHC-DST-A1-05,DST-A1,2024-12-17,18.5,30.1,OPEN,LOW
PHC-DST-A1-04,PHC-DST-A1-05,DST-A1,2024-12-18,18.5,26.9,OPEN,LOW
PHC-DST-A1-04,PHC-DST-A1-05,DST-A1,2024-12-19,18.5,30.3,OPEN,LOW
PHC-DST-A1-04,PHC-DST-A1-05,DST-A1,2024-12-20,18.5,28.2,OPEN,LOW
PHC-DST-A1-04,PHC-DST-A1-05,DST-A1,2024-12-21,18.5,26.7,OPEN,LOW
PHC-DST-A1-04,PHC-DST-A1-05,DST-A1,2024-12-22,18.5,27.8,OPEN,LOW
PHC-DST-A1-04,PHC-DST-A1-05,DST-A1,2024-12-23,18.5,30.4,OPEN,LOW
PHC-DST-A1-04,PHC-DST-A1-05,DST-A1,2024-12-24,18.5,26.9,OPEN,LOW
PHC-DST-A1-04,PHC-DST-A1-05,DST-A1,2024-12-25,18.5,29.1,OPEN,LOW
PHC-DST-A1-04,PHC-DST-A1-05,DST-A1,2024-12-26,18.5,26.5,OPEN,LOW
PHC-DST-A1-04,PHC-DST-A1-05,DST-A1,2024-12-27,18.5,26.5,OPEN,LOW
PHC-DST-A1-04,PHC-DST-A1-05,DST-A1,2024-12-28,18.5,30.4,OPEN,LOW
PHC-DST-A1-04,PHC-DST-A1-05,DST-A1,2024-12-29,18.5,30.0,OPEN,LOW
PHC-DST-A1-04,PHC-DST-A1-05,DST-A1,2024-12-30,18.5,30.0,OPEN,LOW
PHC-DST-A1-04,PHC-DST-A1-05,DST-A1,2024-12-31,18.5,29.2,OPEN,LOW
PHC-DST-A1-04,PHC-DST-A1-05,DST-A1,2025-01-01,18.5,28.3,OPEN,LOW
PHC-DST-A1-04,PHC-DST-A1-05,DST-A1,2025-01-02,18.5,26.8,OPEN,LOW
PHC-DST-A1-04,PHC-DST-A1-05,DST-A1,2025-01-03,18.5,29.2,OPEN,LOW
PHC-DST-A1-04,PHC-DST-A1-05,DST-A1,2025-01-04,18.5,29.0,OPEN,LOW
PHC-DST-A1-04,PHC-DST-A1-05,DST-A1,2025-01-05,18.5,28.3,OPEN,LOW
PHC-DST-A1-04,PHC-DST-A1-05,DST-A1,2025-01-06,18.5,29.3,OPEN,LOW
PHC-DST-A1-04,PHC-DST-A1-05,DST-A1,2025-01-07,18.5,29.8,OPEN,LOW
PHC-DST-A1-04,PHC-DST-A1-05,DST-A1,2025-01-08,18.5,26.5,OPEN,LOW
PHC-DST-A1-04,PHC-DST-A1-05,DST-A1,2025-01-09,18.5,30.3,OPEN,LOW
PHC-DST-A1-04,PHC-DST-A1-05,DST-A1,2025-01-10,18.5,29.0,OPEN,LOW
PHC-DST-A1-04,PHC-DST-A1-05,DST-A1,2025-01-11,18.5,30.4,OPEN,LOW
PHC-DST-A1-04,PHC-DST-A1-05,DST-A1,2025-01-12,18.5,29.3,OPEN,LOW
PHC-DST-A1-04,PHC-DST-A1-05,DST-A1,2025-01-13,18.5,29.5,OPEN,LOW
PHC-DST-A1-04,PHC-DST-A1-05,DST-A1,2025-01-14,18.5,27.3,OPEN,LOW
PHC-DST-A1-04,PHC-DST-A1-05,DST-A1,2025-01-15,18.5,27.4,OPEN,LOW
PHC-DST-A1-04,PHC-DST-A1-05,DST-A1,2025-01-16,18.5,29.5,OPEN,LOW
PHC-DST-A1-04,PHC-DST-A1-05,DST-A1,2025-01-17,18.5,27.4,OPEN,LOW
PHC-DST-A1-04,PHC-DST-A1-05,DST-A1,2025-01-18,18.5,28.6,OPEN,LOW
PHC-DST-A1-04,PHC-DST-A1-05,DST-A1,2025-01-19,18.5,30.0,OPEN,LOW
PHC-DST-A1-04,PHC-DST-A1-05,DST-A1,2025-01-20,18.5,27.4,OPEN,LOW
PHC-DST-A1-04,PHC-DST-A1-05,DST-A1,2025-01-21,18.5,29.3,OPEN,LOW
PHC-DST-A1-04,PHC-DST-A1-05,DST-A1,2025-01-22,18.5,27.2,OPEN,LOW
PHC-DST-A1-04,PHC-DST-A1-05,DST-A1,2025-01-23,18.5,28.3,OPEN,LOW
PHC-DST-A1-04,PHC-DST-A1-05,DST-A1,2025-01-24,18.5,29.8,OPEN,LOW
PHC-DST-A1-04,PHC-DST-A1-05,DST-A1,2025-01-25,18.5,26.8,OPEN,LOW
PHC-DST-A1-04,PHC-DST-A1-05,DST-A1,2025-01-26,18.5,29.6,OPEN,LOW
PHC-DST-A1-04,PHC-DST-A1-05,DST-A1,2025-01-27,18.5,28.2,OPEN,LOW
PHC-DST-A1-04,PHC-DST-A1-05,DST-A1,2025-01-28,18.5,28.5,OPEN,LOW
PHC-DST-A1-04,PHC-DST-A1-05,DST-A1,2025-01-29,18.5,26.9,OPEN,LOW
PHC-DST-A1-04,PHC-DST-A1-05,DST-A1,2025-01-30,18.5,28.0,OPEN,LOW
PHC-DST-A1-04,PHC-DST-A1-05,DST-A1,2025-01-31,18.5,28.2,OPEN,LOW
PHC-DST-A1-04,PHC-DST-A1-05,DST-A1,2025-02-01,18.5,26.9,OPEN,LOW
PHC-DST-A1-04,PHC-DST-A1-05,DST-A1,2025-02-02,18.5,28.7,OPEN,LOW
PHC-DST-A1-04,PHC-DST-A1-05,DST-A1,2025-02-03,18.5,26.9,OPEN,LOW
PHC-DST-A1-04,PHC-DST-A1-05,DST-A1,2025-02-04,18.5,26.9,OPEN,LOW
PHC-DST-A1-04,PHC-DST-A1-05,DST-A1,2025-02-05,18.5,29.8,OPEN,LOW
PHC-DST-A1-04,PHC-DST-A1-05,DST-A1,2025-02-06,18.5,28.8,OPEN,LOW
PHC-DST-A1-04,PHC-DST-A1-05,DST-A1,2025-02-07,18.5,26.7,OPEN,LOW
PHC-DST-A1-04,PHC-DST-A1-05,DST-A1,2025-02-08,18.5,29.2,OPEN,LOW
PHC-DST-A1-04,PHC-DST-A1-05,DST-A1,2025-02-09,18.5,28.4,OPEN,LOW
PHC-DST-A1-04,PHC-DST-A1-05,DST-A1,2025-02-10,18.5,27.1,OPEN,LOW
PHC-DST-A1-04,PHC-DST-A1-05,DST-A1,2025-02-11,18.5,29.3,OPEN,LOW
PHC-DST-A1-04,PHC-DST-A1-05,DST-A1,2025-02-12,18.5,29.5,OPEN,LOW
PHC-DST-A1-04,PHC-DST-A1-05,DST-A1,2025-02-13,18.5,26.9,OPEN,LOW
PHC-DST-A1-04,PHC-DST-A1-05,DST-A1,2025-02-14,18.5,28.4,OPEN,LOW
PHC-DST-A1-04,PHC-DST-A1-05,DST-A1,2025-02-15,18.5,27.3,OPEN,LOW
PHC-DST-A1-04,PHC-DST-A1-05,DST-A1,2025-02-16,18.5,27.9,OPEN,LOW
PHC-DST-A1-04,PHC-DST-A1-05,DST-A1,2025-02-17,18.5,27.2,OPEN,LOW
PHC-DST-A1-04,PHC-DST-A1-05,DST-A1,2025-02-18,18.5,27.9,OPEN,LOW
PHC-DST-A1-04,PHC-DST-A1-05,DST-A1,2025-02-19,18.5,29.3,OPEN,LOW
PHC-DST-A1-04,PHC-DST-A1-05,DST-A1,2025-02-20,18.5,27.4,OPEN,LOW
PHC-DST-A1-04,PHC-DST-A1-05,DST-A1,2025-02-21,18.5,29.0,OPEN,LOW
PHC-DST-A1-04,PHC-DST-A1-05,DST-A1,2025-02-22,18.5,28.9,OPEN,LOW
PHC-DST-A1-04,PHC-DST-A1-05,DST-A1,2025-02-23,18.5,27.5,OPEN,LOW
PHC-DST-A1-04,PHC-DST-A1-05,DST-A1,2025-02-24,18.5,29.4,OPEN,LOW
PHC-DST-A1-04,PHC-DST-A1-05,DST-A1,2025-02-25,18.5,27.0,OPEN,LOW
PHC-DST-A1-04,PHC-DST-A1-05,DST-A1,2025-02-26,18.5,28.8,OPEN,LOW
PHC-DST-A1-04,PHC-DST-A1-05,DST-A1,2025-02-27,18.5,26.4,OPEN,LOW
PHC-DST-A1-04,PHC-DST-A1-05,DST-A1,2025-02-28,18.5,29.0,OPEN,LOW
PHC-DST-A1-04,PHC-DST-A1-05,DST-A1,2025-03-01,18.5,28.9,OPEN,LOW
PHC-DST-A1-04,PHC-DST-A1-05,DST-A1,2025-03-02,18.5,30.3,OPEN,LOW
PHC-DST-A1-04,PHC-DST-A1-05,DST-A1,2025-03-03,18.5,27.4,OPEN,LOW
PHC-DST-A1-04,PHC-DST-A1-05,DST-A1,2025-03-04,18.5,29.2,OPEN,LOW
PHC-DST-A1-04,PHC-DST-A1-05,DST-A1,2025-03-05,18.5,26.7,OPEN,LOW
PHC-DST-A1-04,PHC-DST-A1-05,DST-A1,2025-03-06,18.5,28.1,OPEN,LOW
PHC-DST-A1-04,PHC-DST-A1-05,DST-A1,2025-03-07,18.5,27.7,OPEN,LOW
PHC-DST-A1-04,PHC-DST-A1-05,DST-A1,2025-03-08,18.5,28.0,OPEN,LOW
PHC-DST-A1-04,PHC-DST-A1-05,DST-A1,2025-03-09,18.5,30.2,OPEN,LOW
PHC-DST-A1-04,PHC-DST-A1-05,DST-A1,2025-03-10,18.5,28.8,OPEN,LOW
PHC-DST-A1-04,PHC-DST-A1-05,DST-A1,2025-03-11,18.5,27.1,OPEN,LOW
PHC-DST-A1-04,PHC-DST-A1-05,DST-A1,2025-03-12,18.5,28.5,OPEN,LOW
PHC-DST-A1-04,PHC-DST-A1-05,DST-A1,2025-03-13,18.5,26.6,OPEN,LOW
PHC-DST-A1-04,PHC-DST-A1-05,DST-A1,2025-03-14,18.5,29.9,OPEN,LOW
PHC-DST-A1-04,PHC-DST-A1-05,DST-A1,2025-03-15,18.5,27.9,OPEN,LOW
PHC-DST-A1-04,PHC-DST-A1-05,DST-A1,2025-03-16,18.5,28.8,OPEN,LOW
PHC-DST-A1-04,PHC-DST-A1-05,DST-A1,2025-03-17,18.5,29.8,OPEN,LOW
PHC-DST-A1-04,PHC-DST-A1-05,DST-A1,2025-03-18,18.5,27.8,OPEN,LOW
PHC-DST-A1-04,PHC-DST-A1-05,DST-A1,2025-03-19,18.5,26.8,OPEN,LOW
PHC-DST-A1-04,PHC-DST-A1-05,DST-A1,2025-03-20,18.5,28.5,OPEN,LOW
PHC-DST-A1-04,PHC-DST-A1-05,DST-A1,2025-03-21,18.5,27.5,OPEN,LOW
PHC-DST-A1-04,PHC-DST-A1-05,DST-A1,2025-03-22,18.5,26.4,OPEN,LOW
PHC-DST-A1-04,PHC-DST-A1-05,DST-A1,2025-03-23,18.5,28.5,OPEN,LOW
PHC-DST-A1-04,PHC-DST-A1-05,DST-A1,2025-03-24,18.5,27.3,OPEN,LOW
PHC-DST-A1-04,PHC-DST-A1-05,DST-A1,2025-03-25,18.5,27.8,OPEN,LOW
PHC-DST-A1-04,PHC-DST-A1-05,DST-A1,2025-03-26,18.5,30.5,OPEN,LOW
PHC-DST-A1-04,PHC-DST-A1-05,DST-A1,2025-03-27,18.5,29.7,OPEN,LOW
PHC-DST-A1-04,PHC-DST-A1-05,DST-A1,2025-03-28,18.5,28.3,OPEN,LOW
PHC-DST-A1-04,PHC-DST-A1-05,DST-A1,2025-03-29,18.5,26.6,OPEN,LOW
PHC-DST-A1-04,PHC-DST-A1-05,DST-A1,2025-03-30,18.5,27.6,OPEN,LOW
PHC-DST-A1-04,PHC-DST-A1-05,DST-A1,2025-03-31,18.5,28.3,OPEN,LOW
PHC-DST-A1-04,PHC-DST-A1-05,DST-A1,2025-04-01,18.5,27.5,OPEN,LOW
PHC-DST-A1-04,PHC-DST-A1-05,DST-A1,2025-04-02,18.5,30.6,OPEN,LOW
PHC-DST-A1-04,PHC-DST-A1-05,DST-A1,2025-04-03,18.5,29.8,OPEN,LOW
PHC-DST-A1-04,PHC-DST-A1-05,DST-A1,2025-04-04,18.5,26.9,OPEN,LOW
PHC-DST-A1-04,PHC-DST-A1-05,DST-A1,2025-04-05,18.5,27.0,OPEN,LOW
PHC-DST-A1-04,PHC-DST-A1-05,DST-A1,2025-04-06,18.5,28.2,OPEN,LOW
PHC-DST-A1-04,PHC-DST-A1-05,DST-A1,2025-04-07,18.5,28.4,OPEN,LOW
PHC-DST-A1-04,PHC-DST-A1-05,DST-A1,2025-04-08,18.5,26.6,OPEN,LOW
PHC-DST-A1-04,PHC-DST-A1-05,DST-A1,2025-04-09,18.5,27.2,OPEN,LOW
PHC-DST-A1-04,PHC-DST-A1-05,DST-A1,2025-04-10,18.5,28.7,OPEN,LOW
PHC-DST-A1-04,PHC-DST-A1-05,DST-A1,2025-04-11,18.5,29.1,OPEN,LOW
PHC-DST-A1-04,PHC-DST-A1-05,DST-A1,2025-04-12,18.5,29.2,OPEN,LOW
PHC-DST-A1-04,PHC-DST-A1-05,DST-A1,2025-04-13,18.5,29.7,OPEN,LOW
PHC-DST-A1-04,PHC-DST-A1-05,DST-A1,2025-04-14,18.5,26.6,OPEN,LOW
PHC-DST-A1-04,PHC-DST-A1-05,DST-A1,2025-04-15,18.5,26.7,OPEN,LOW
PHC-DST-A1-04,PHC-DST-A1-05,DST-A1,2025-04-16,18.5,29.9,OPEN,LOW
PHC-DST-A1-04,PHC-DST-A1-05,DST-A1,2025-04-17,18.5,28.1,OPEN,LOW
PHC-DST-A1-04,PHC-DST-A1-05,DST-A1,2025-04-18,18.5,29.4,OPEN,LOW
PHC-DST-A1-04,PHC-DST-A1-05,DST-A1,2025-04-19,18.5,30.2,OPEN,LOW
PHC-DST-A1-04,PHC-DST-A1-05,DST-A1,2025-04-20,18.5,29.3,OPEN,LOW
PHC-DST-A1-04,PHC-DST-A1-05,DST-A1,2025-04-21,18.5,27.8,OPEN,LOW
PHC-DST-A1-04,PHC-DST-A1-05,DST-A1,2025-04-22,18.5,28.1,OPEN,LOW
PHC-DST-A1-04,PHC-DST-A1-05,DST-A1,2025-04-23,18.5,28.6,OPEN,LOW
PHC-DST-A1-04,PHC-DST-A1-05,DST-A1,2025-04-24,18.5,27.5,OPEN,LOW
PHC-DST-A1-04,PHC-DST-A1-05,DST-A1,2025-04-25,18.5,30.0,OPEN,LOW
PHC-DST-A1-04,PHC-DST-A1-05,DST-A1,2025-04-26,18.5,27.2,OPEN,LOW
PHC-DST-A1-04,PHC-DST-A1-05,DST-A1,2025-04-27,18.5,29.5,OPEN,LOW
PHC-DST-A1-04,PHC-DST-A1-05,DST-A1,2025-04-28,18.5,28.8,OPEN,LOW
PHC-DST-A1-04,PHC-DST-A1-05,DST-A1,2025-04-29,18.5,29.4,OPEN,LOW
PHC-DST-A1-04,PHC-DST-A1-05,DST-A1,2025-04-30,18.5,29.8,OPEN,LOW
PHC-DST-A1-04,PHC-DST-A1-05,DST-A1,2025-05-01,18.5,27.4,OPEN,LOW
PHC-DST-A1-04,PHC-DST-A1-05,DST-A1,2025-05-02,18.5,28.0,OPEN,LOW
PHC-DST-A1-04,PHC-DST-A1-05,DST-A1,2025-05-03,18.5,30.5,OPEN,LOW
PHC-DST-A1-04,PHC-DST-A1-05,DST-A1,2025-05-04,18.5,29.5,OPEN,LOW
PHC-DST-A1-04,PHC-DST-A1-05,DST-A1,2025-05-05,18.5,28.7,OPEN,LOW
PHC-DST-A1-04,PHC-DST-A1-05,DST-A1,2025-05-06,18.5,27.2,OPEN,LOW
PHC-DST-A1-04,PHC-DST-A1-05,DST-A1,2025-05-07,18.5,29.2,OPEN,LOW
PHC-DST-A1-04,PHC-DST-A1-05,DST-A1,2025-05-08,18.5,27.8,OPEN,LOW
PHC-DST-A1-04,PHC-DST-A1-05,DST-A1,2025-05-09,18.5,27.4,OPEN,LOW
PHC-DST-A1-04,PHC-DST-A1-05,DST-A1,2025-05-10,18.5,26.7,OPEN,LOW
PHC-DST-A1-04,PHC-DST-A1-05,DST-A1,2025-05-11,18.5,27.8,OPEN,LOW
PHC-DST-A1-04,PHC-DST-A1-05,DST-A1,2025-05-12,18.5,27.3,OPEN,LOW
PHC-DST-A1-04,PHC-DST-A1-05,DST-A1,2025-05-13,18.5,29.7,OPEN,LOW
PHC-DST-A1-04,PHC-DST-A1-05,DST-A1,2025-05-14,18.5,27.8,OPEN,LOW
PHC-DST-A1-04,PHC-DST-A1-05,DST-A1,2025-05-15,18.5,28.5,OPEN,LOW
PHC-DST-A1-04,PHC-DST-A1-05,DST-A1,2025-05-16,18.5,26.6,OPEN,LOW
PHC-DST-A1-04,PHC-DST-A1-05,DST-A1,2025-05-17,18.5,27.1,OPEN,LOW
PHC-DST-A1-04,PHC-DST-A1-05,DST-A1,2025-05-18,18.5,27.0,OPEN,LOW
PHC-DST-A1-04,PHC-DST-A1-05,DST-A1,2025-05-19,18.5,26.8,OPEN,LOW
PHC-DST-A1-04,PHC-DST-A1-05,DST-A1,2025-05-20,18.5,28.4,OPEN,LOW
PHC-DST-A1-04,PHC-DST-A1-05,DST-A1,2025-05-21,18.5,28.3,OPEN,LOW
PHC-DST-A1-04,PHC-DST-A1-05,DST-A1,2025-05-22,18.5,30.4,OPEN,LOW
PHC-DST-A1-04,PHC-DST-A1-05,DST-A1,2025-05-23,18.5,27.8,OPEN,LOW
PHC-DST-A1-04,PHC-DST-A1-05,DST-A1,2025-05-24,18.5,26.6,OPEN,LOW
PHC-DST-A1-04,PHC-DST-A1-05,DST-A1,2025-05-25,18.5,30.1,OPEN,LOW
PHC-DST-A1-04,PHC-DST-A1-05,DST-A1,2025-05-26,18.5,28.7,OPEN,LOW
PHC-DST-A1-04,PHC-DST-A1-05,DST-A1,2025-05-27,18.5,28.0,OPEN,LOW
PHC-DST-A1-04,PHC-DST-A1-05,DST-A1,2025-05-28,18.5,28.0,OPEN,LOW
PHC-DST-A1-04,PHC-DST-A1-05,DST-A1,2025-05-29,18.5,30.5,OPEN,LOW
PHC-DST-A1-04,PHC-DST-A1-05,DST-A1,2025-05-30,18.5,28.4,OPEN,LOW
PHC-DST-A1-04,PHC-DST-A1-05,DST-A1,2025-05-31,18.5,30.4,OPEN,LOW
PHC-DST-A1-04,PHC-DST-A1-05,DST-A1,2025-06-01,18.5,27.1,OPEN,LOW
PHC-DST-A1-04,PHC-DST-A1-05,DST-A1,2025-06-02,18.5,27.4,OPEN,LOW
PHC-DST-A1-04,PHC-DST-A1-05,DST-A1,2025-06-03,18.5,30.0,OPEN,LOW
PHC-DST-A1-04,PHC-DST-A1-05,DST-A1,2025-06-04,18.5,26.6,OPEN,LOW
PHC-DST-A1-04,PHC-DST-A1-05,DST-A1,2025-06-05,18.5,29.7,OPEN,LOW
PHC-DST-A1-04,PHC-DST-A1-05,DST-A1,2025-06-06,18.5,29.0,OPEN,LOW
PHC-DST-A1-04,PHC-DST-A1-05,DST-A1,2025-06-07,18.5,29.8,OPEN,LOW
PHC-DST-A1-04,PHC-DST-A1-05,DST-A1,2025-06-08,18.5,27.1,OPEN,LOW
PHC-DST-A1-04,PHC-DST-A1-05,DST-A1,2025-06-09,18.5,29.2,OPEN,LOW
PHC-DST-A1-04,PHC-DST-A1-05,DST-A1,2025-06-10,18.5,28.0,OPEN,LOW
PHC-DST-A1-04,PHC-DST-A1-05,DST-A1,2025-06-11,18.5,30.4,OPEN,LOW
PHC-DST-A1-04,PHC-DST-A1-05,DST-A1,2025-06-12,18.5,28.7,OPEN,LOW
PHC-DST-A1-04,PHC-DST-A1-05,DST-A1,2025-06-13,18.5,26.9,OPEN,LOW
PHC-DST-A1-04,PHC-DST-A1-05,DST-A1,2025-06-14,18.5,27.3,OPEN,LOW
PHC-DST-A1-04,PHC-DST-A1-05,DST-A1,2025-06-15,18.5,29.8,OPEN,LOW
PHC-DST-A1-04,PHC-DST-A1-05,DST-A1,2025-06-16,18.5,28.6,OPEN,LOW
PHC-DST-A1-04,PHC-DST-A1-05,DST-A1,2025-06-17,18.5,28.3,OPEN,LOW
PHC-DST-A1-04,PHC-DST-A1-05,DST-A1,2025-06-18,18.5,30.0,OPEN,LOW
PHC-DST-A1-04,PHC-DST-A1-05,DST-A1,2025-06-19,18.5,26.9,OPEN,LOW
PHC-DST-A1-04,PHC-DST-A1-05,DST-A1,2025-06-20,18.5,30.5,OPEN,LOW
PHC-DST-A1-04,PHC-DST-A1-05,DST-A1,2025-06-21,18.5,28.6,OPEN,LOW
PHC-DST-A1-04,PHC-DST-A1-05,DST-A1,2025-06-22,18.5,28.6,OPEN,LOW
PHC-DST-A1-04,PHC-DST-A1-05,DST-A1,2025-06-23,18.5,26.7,OPEN,LOW
PHC-DST-A1-04,PHC-DST-A1-05,DST-A1,2025-06-24,18.5,26.7,OPEN,LOW
PHC-DST-A1-04,PHC-DST-A1-05,DST-A1,2025-06-25,18.5,27.4,OPEN,LOW
PHC-DST-A1-04,PHC-DST-A1-05,DST-A1,2025-06-26,18.5,29.7,OPEN,LOW
PHC-DST-A1-04,PHC-DST-A1-05,DST-A1,2025-06-27,18.5,29.9,OPEN,LOW
PHC-DST-A1-04,PHC-DST-A1-05,DST-A1,2025-06-28,18.5,26.9,OPEN,LOW
PHC-DST-A1-04,PHC-DST-A1-05,DST-A1,2025-06-29,18.5,27.9,OPEN,LOW
PHC-DST-A1-04,PHC-DST-A1-05,DST-A1,2025-06-30,18.5,28.0,OPEN,LOW
PHC-DST-A1-05,PHC-DST-A1-06,DST-A1,2024-01-01,26.8,39.8,OPEN,LOW
PHC-DST-A1-05,PHC-DST-A1-06,DST-A1,2024-01-02,26.8,38.7,OPEN,LOW
PHC-DST-A1-05,PHC-DST-A1-06,DST-A1,2024-01-03,26.8,42.6,OPEN,LOW
PHC-DST-A1-05,PHC-DST-A1-06,DST-A1,2024-01-04,26.8,43.8,OPEN,LOW
PHC-DST-A1-05,PHC-DST-A1-06,DST-A1,2024-01-05,26.8,42.1,OPEN,LOW
PHC-DST-A1-05,PHC-DST-A1-06,DST-A1,2024-01-06,26.8,41.0,OPEN,LOW
PHC-DST-A1-05,PHC-DST-A1-06,DST-A1,2024-01-07,26.8,38.5,OPEN,LOW
PHC-DST-A1-05,PHC-DST-A1-06,DST-A1,2024-01-08,26.8,40.7,OPEN,LOW
PHC-DST-A1-05,PHC-DST-A1-06,DST-A1,2024-01-09,26.8,42.7,OPEN,LOW
PHC-DST-A1-05,PHC-DST-A1-06,DST-A1,2024-01-10,26.8,42.5,OPEN,LOW
PHC-DST-A1-05,PHC-DST-A1-06,DST-A1,2024-01-11,26.8,42.1,OPEN,LOW
PHC-DST-A1-05,PHC-DST-A1-06,DST-A1,2024-01-12,26.8,40.2,OPEN,LOW
PHC-DST-A1-05,PHC-DST-A1-06,DST-A1,2024-01-13,26.8,42.3,OPEN,LOW
PHC-DST-A1-05,PHC-DST-A1-06,DST-A1,2024-01-14,26.8,42.6,OPEN,LOW
PHC-DST-A1-05,PHC-DST-A1-06,DST-A1,2024-01-15,26.8,41.8,OPEN,LOW
PHC-DST-A1-05,PHC-DST-A1-06,DST-A1,2024-01-16,26.8,41.9,OPEN,LOW
PHC-DST-A1-05,PHC-DST-A1-06,DST-A1,2024-01-17,26.8,43.4,OPEN,LOW
PHC-DST-A1-05,PHC-DST-A1-06,DST-A1,2024-01-18,26.8,40.5,OPEN,LOW
PHC-DST-A1-05,PHC-DST-A1-06,DST-A1,2024-01-19,26.8,43.1,OPEN,LOW
PHC-DST-A1-05,PHC-DST-A1-06,DST-A1,2024-01-20,26.8,42.4,OPEN,LOW
PHC-DST-A1-05,PHC-DST-A1-06,DST-A1,2024-01-21,26.8,41.0,OPEN,LOW
PHC-DST-A1-05,PHC-DST-A1-06,DST-A1,2024-01-22,26.8,40.9,OPEN,LOW
PHC-DST-A1-05,PHC-DST-A1-06,DST-A1,2024-01-23,26.8,39.7,OPEN,LOW
PHC-DST-A1-05,PHC-DST-A1-06,DST-A1,2024-01-24,26.8,39.2,OPEN,LOW
PHC-DST-A1-05,PHC-DST-A1-06,DST-A1,2024-01-25,26.8,43.8,OPEN,LOW
PHC-DST-A1-05,PHC-DST-A1-06,DST-A1,2024-01-26,26.8,43.2,OPEN,LOW
PHC-DST-A1-05,PHC-DST-A1-06,DST-A1,2024-01-27,26.8,39.8,OPEN,LOW
PHC-DST-A1-05,PHC-DST-A1-06,DST-A1,2024-01-28,26.8,38.6,OPEN,LOW
PHC-DST-A1-05,PHC-DST-A1-06,DST-A1,2024-01-29,26.8,41.7,OPEN,LOW
PHC-DST-A1-05,PHC-DST-A1-06,DST-A1,2024-01-30,26.8,39.4,OPEN,LOW
PHC-DST-A1-05,PHC-DST-A1-06,DST-A1,2024-01-31,26.8,42.5,OPEN,LOW
PHC-DST-A1-05,PHC-DST-A1-06,DST-A1,2024-02-01,26.8,39.8,OPEN,LOW
PHC-DST-A1-05,PHC-DST-A1-06,DST-A1,2024-02-02,26.8,42.8,OPEN,LOW
PHC-DST-A1-05,PHC-DST-A1-06,DST-A1,2024-02-03,26.8,38.2,OPEN,LOW
PHC-DST-A1-05,PHC-DST-A1-06,DST-A1,2024-02-04,26.8,40.0,OPEN,LOW
PHC-DST-A1-05,PHC-DST-A1-06,DST-A1,2024-02-05,26.8,43.6,OPEN,LOW
PHC-DST-A1-05,PHC-DST-A1-06,DST-A1,2024-02-06,26.8,40.4,OPEN,LOW
PHC-DST-A1-05,PHC-DST-A1-06,DST-A1,2024-02-07,26.8,42.8,OPEN,LOW
PHC-DST-A1-05,PHC-DST-A1-06,DST-A1,2024-02-08,26.8,41.0,OPEN,LOW
PHC-DST-A1-05,PHC-DST-A1-06,DST-A1,2024-02-09,26.8,42.3,OPEN,LOW
PHC-DST-A1-05,PHC-DST-A1-06,DST-A1,2024-02-10,26.8,38.4,OPEN,LOW
PHC-DST-A1-05,PHC-DST-A1-06,DST-A1,2024-02-11,26.8,38.7,OPEN,LOW
PHC-DST-A1-05,PHC-DST-A1-06,DST-A1,2024-02-12,26.8,43.6,OPEN,LOW
PHC-DST-A1-05,PHC-DST-A1-06,DST-A1,2024-02-13,26.8,39.1,OPEN,LOW
PHC-DST-A1-05,PHC-DST-A1-06,DST-A1,2024-02-14,26.8,39.8,OPEN,LOW
PHC-DST-A1-05,PHC-DST-A1-06,DST-A1,2024-02-15,26.8,40.7,OPEN,LOW
PHC-DST-A1-05,PHC-DST-A1-06,DST-A1,2024-02-16,26.8,42.7,OPEN,LOW
PHC-DST-A1-05,PHC-DST-A1-06,DST-A1,2024-02-17,26.8,42.2,OPEN,LOW
PHC-DST-A1-05,PHC-DST-A1-06,DST-A1,2024-02-18,26.8,39.6,OPEN,LOW
PHC-DST-A1-05,PHC-DST-A1-06,DST-A1,2024-02-19,26.8,39.3,OPEN,LOW
PHC-DST-A1-05,PHC-DST-A1-06,DST-A1,2024-02-20,26.8,40.6,OPEN,LOW
PHC-DST-A1-05,PHC-DST-A1-06,DST-A1,2024-02-21,26.8,41.8,OPEN,LOW
PHC-DST-A1-05,PHC-DST-A1-06,DST-A1,2024-02-22,26.8,40.0,OPEN,LOW
PHC-DST-A1-05,PHC-DST-A1-06,DST-A1,2024-02-23,26.8,42.4,OPEN,LOW
PHC-DST-A1-05,PHC-DST-A1-06,DST-A1,2024-02-24,26.8,43.9,OPEN,LOW
PHC-DST-A1-05,PHC-DST-A1-06,DST-A1,2024-02-25,26.8,42.8,OPEN,LOW
PHC-DST-A1-05,PHC-DST-A1-06,DST-A1,2024-02-26,26.8,38.5,OPEN,LOW
PHC-DST-A1-05,PHC-DST-A1-06,DST-A1,2024-02-27,26.8,41.4,OPEN,LOW
PHC-DST-A1-05,PHC-DST-A1-06,DST-A1,2024-02-28,26.8,41.5,OPEN,LOW
PHC-DST-A1-05,PHC-DST-A1-06,DST-A1,2024-02-29,26.8,39.6,OPEN,LOW
PHC-DST-A1-05,PHC-DST-A1-06,DST-A1,2024-03-01,26.8,40.3,OPEN,LOW
PHC-DST-A1-05,PHC-DST-A1-06,DST-A1,2024-03-02,26.8,41.2,OPEN,LOW
PHC-DST-A1-05,PHC-DST-A1-06,DST-A1,2024-03-03,26.8,40.7,OPEN,LOW
PHC-DST-A1-05,PHC-DST-A1-06,DST-A1,2024-03-04,26.8,42.2,OPEN,LOW
PHC-DST-A1-05,PHC-DST-A1-06,DST-A1,2024-03-05,26.8,38.4,OPEN,LOW
PHC-DST-A1-05,PHC-DST-A1-06,DST-A1,2024-03-06,26.8,38.3,OPEN,LOW
PHC-DST-A1-05,PHC-DST-A1-06,DST-A1,2024-03-07,26.8,39.1,OPEN,LOW
PHC-DST-A1-05,PHC-DST-A1-06,DST-A1,2024-03-08,26.8,41.2,OPEN,LOW
PHC-DST-A1-05,PHC-DST-A1-06,DST-A1,2024-03-09,26.8,40.4,OPEN,LOW
PHC-DST-A1-05,PHC-DST-A1-06,DST-A1,2024-03-10,26.8,38.9,OPEN,LOW
PHC-DST-A1-05,PHC-DST-A1-06,DST-A1,2024-03-11,26.8,39.8,OPEN,LOW
PHC-DST-A1-05,PHC-DST-A1-06,DST-A1,2024-03-12,26.8,43.3,OPEN,LOW
PHC-DST-A1-05,PHC-DST-A1-06,DST-A1,2024-03-13,26.8,38.6,OPEN,LOW
PHC-DST-A1-05,PHC-DST-A1-06,DST-A1,2024-03-14,26.8,42.9,OPEN,LOW
PHC-DST-A1-05,PHC-DST-A1-06,DST-A1,2024-03-15,26.8,43.3,OPEN,LOW
PHC-DST-A1-05,PHC-DST-A1-06,DST-A1,2024-03-16,26.8,40.2,OPEN,LOW
PHC-DST-A1-05,PHC-DST-A1-06,DST-A1,2024-03-17,26.8,40.5,OPEN,LOW
PHC-DST-A1-05,PHC-DST-A1-06,DST-A1,2024-03-18,26.8,40.5,OPEN,LOW
PHC-DST-A1-05,PHC-DST-A1-06,DST-A1,2024-03-19,26.8,42.6,OPEN,LOW
PHC-DST-A1-05,PHC-DST-A1-06,DST-A1,2024-03-20,26.8,41.9,OPEN,LOW
PHC-DST-A1-05,PHC-DST-A1-06,DST-A1,2024-03-21,26.8,42.6,OPEN,LOW
PHC-DST-A1-05,PHC-DST-A1-06,DST-A1,2024-03-22,26.8,40.0,OPEN,LOW
PHC-DST-A1-05,PHC-DST-A1-06,DST-A1,2024-03-23,26.8,43.9,OPEN,LOW
PHC-DST-A1-05,PHC-DST-A1-06,DST-A1,2024-03-24,26.8,40.6,OPEN,LOW
PHC-DST-A1-05,PHC-DST-A1-06,DST-A1,2024-03-25,26.8,39.7,OPEN,LOW
PHC-DST-A1-05,PHC-DST-A1-06,DST-A1,2024-03-26,26.8,39.0,OPEN,LOW
PHC-DST-A1-05,PHC-DST-A1-06,DST-A1,2024-03-27,26.8,39.0,OPEN,LOW
PHC-DST-A1-05,PHC-DST-A1-06,DST-A1,2024-03-28,26.8,41.5,OPEN,LOW
PHC-DST-A1-05,PHC-DST-A1-06,DST-A1,2024-03-29,26.8,41.8,OPEN,LOW
PHC-DST-A1-05,PHC-DST-A1-06,DST-A1,2024-03-30,26.8,42.5,OPEN,LOW
PHC-DST-A1-05,PHC-DST-A1-06,DST-A1,2024-03-31,26.8,42.1,OPEN,LOW
PHC-DST-A1-05,PHC-DST-A1-06,DST-A1,2024-04-01,26.8,41.2,OPEN,LOW
PHC-DST-A1-05,PHC-DST-A1-06,DST-A1,2024-04-02,26.8,41.8,OPEN,LOW
PHC-DST-A1-05,PHC-DST-A1-06,DST-A1,2024-04-03,26.8,43.8,OPEN,LOW
PHC-DST-A1-05,PHC-DST-A1-06,DST-A1,2024-04-04,26.8,39.7,OPEN,LOW
PHC-DST-A1-05,PHC-DST-A1-06,DST-A1,2024-04-05,26.8,38.6,OPEN,LOW
PHC-DST-A1-05,PHC-DST-A1-06,DST-A1,2024-04-06,26.8,43.6,OPEN,LOW
PHC-DST-A1-05,PHC-DST-A1-06,DST-A1,2024-04-07,26.8,43.9,OPEN,LOW
PHC-DST-A1-05,PHC-DST-A1-06,DST-A1,2024-04-08,26.8,43.8,OPEN,LOW
PHC-DST-A1-05,PHC-DST-A1-06,DST-A1,2024-04-09,26.8,38.3,OPEN,LOW
PHC-DST-A1-05,PHC-DST-A1-06,DST-A1,2024-04-10,26.8,40.8,OPEN,LOW
PHC-DST-A1-05,PHC-DST-A1-06,DST-A1,2024-04-11,26.8,39.3,OPEN,LOW
PHC-DST-A1-05,PHC-DST-A1-06,DST-A1,2024-04-12,26.8,43.3,OPEN,LOW
PHC-DST-A1-05,PHC-DST-A1-06,DST-A1,2024-04-13,26.8,42.8,OPEN,LOW
PHC-DST-A1-05,PHC-DST-A1-06,DST-A1,2024-04-14,26.8,38.8,OPEN,LOW
PHC-DST-A1-05,PHC-DST-A1-06,DST-A1,2024-04-15,26.8,44.2,OPEN,LOW
PHC-DST-A1-05,PHC-DST-A1-06,DST-A1,2024-04-16,26.8,40.1,OPEN,LOW
PHC-DST-A1-05,PHC-DST-A1-06,DST-A1,2024-04-17,26.8,41.2,OPEN,LOW
PHC-DST-A1-05,PHC-DST-A1-06,DST-A1,2024-04-18,26.8,41.1,OPEN,LOW
PHC-DST-A1-05,PHC-DST-A1-06,DST-A1,2024-04-19,26.8,40.5,OPEN,LOW
PHC-DST-A1-05,PHC-DST-A1-06,DST-A1,2024-04-20,26.8,38.6,OPEN,LOW
PHC-DST-A1-05,PHC-DST-A1-06,DST-A1,2024-04-21,26.8,41.0,OPEN,LOW
PHC-DST-A1-05,PHC-DST-A1-06,DST-A1,2024-04-22,26.8,41.2,OPEN,LOW
PHC-DST-A1-05,PHC-DST-A1-06,DST-A1,2024-04-23,26.8,43.6,OPEN,LOW
PHC-DST-A1-05,PHC-DST-A1-06,DST-A1,2024-04-24,26.8,44.0,OPEN,LOW
PHC-DST-A1-05,PHC-DST-A1-06,DST-A1,2024-04-25,26.8,40.8,OPEN,LOW
PHC-DST-A1-05,PHC-DST-A1-06,DST-A1,2024-04-26,26.8,43.1,OPEN,LOW
PHC-DST-A1-05,PHC-DST-A1-06,DST-A1,2024-04-27,26.8,42.9,OPEN,LOW
PHC-DST-A1-05,PHC-DST-A1-06,DST-A1,2024-04-28,26.8,44.2,OPEN,LOW
PHC-DST-A1-05,PHC-DST-A1-06,DST-A1,2024-04-29,26.8,43.7,OPEN,LOW
PHC-DST-A1-05,PHC-DST-A1-06,DST-A1,2024-04-30,26.8,39.5,OPEN,LOW
PHC-DST-A1-05,PHC-DST-A1-06,DST-A1,2024-05-01,26.8,40.1,OPEN,LOW
PHC-DST-A1-05,PHC-DST-A1-06,DST-A1,2024-05-02,26.8,40.9,OPEN,LOW
PHC-DST-A1-05,PHC-DST-A1-06,DST-A1,2024-05-03,26.8,39.7,OPEN,LOW
PHC-DST-A1-05,PHC-DST-A1-06,DST-A1,2024-05-04,26.8,42.3,OPEN,LOW
PHC-DST-A1-05,PHC-DST-A1-06,DST-A1,2024-05-05,26.8,40.0,OPEN,LOW
PHC-DST-A1-05,PHC-DST-A1-06,DST-A1,2024-05-06,26.8,40.6,OPEN,LOW
PHC-DST-A1-05,PHC-DST-A1-06,DST-A1,2024-05-07,26.8,40.3,OPEN,LOW
PHC-DST-A1-05,PHC-DST-A1-06,DST-A1,2024-05-08,26.8,40.4,OPEN,LOW
PHC-DST-A1-05,PHC-DST-A1-06,DST-A1,2024-05-09,26.8,42.1,OPEN,LOW
PHC-DST-A1-05,PHC-DST-A1-06,DST-A1,2024-05-10,26.8,42.4,OPEN,LOW
PHC-DST-A1-05,PHC-DST-A1-06,DST-A1,2024-05-11,26.8,42.7,OPEN,LOW
PHC-DST-A1-05,PHC-DST-A1-06,DST-A1,2024-05-12,26.8,39.0,OPEN,LOW
PHC-DST-A1-05,PHC-DST-A1-06,DST-A1,2024-05-13,26.8,40.1,OPEN,LOW
PHC-DST-A1-05,PHC-DST-A1-06,DST-A1,2024-05-14,26.8,43.6,OPEN,LOW
PHC-DST-A1-05,PHC-DST-A1-06,DST-A1,2024-05-15,26.8,38.7,OPEN,LOW
PHC-DST-A1-05,PHC-DST-A1-06,DST-A1,2024-05-16,26.8,41.6,OPEN,LOW
PHC-DST-A1-05,PHC-DST-A1-06,DST-A1,2024-05-17,26.8,41.7,OPEN,LOW
PHC-DST-A1-05,PHC-DST-A1-06,DST-A1,2024-05-18,26.8,38.8,OPEN,LOW
PHC-DST-A1-05,PHC-DST-A1-06,DST-A1,2024-05-19,26.8,39.6,OPEN,LOW
PHC-DST-A1-05,PHC-DST-A1-06,DST-A1,2024-05-20,26.8,40.9,OPEN,LOW
PHC-DST-A1-05,PHC-DST-A1-06,DST-A1,2024-05-21,26.8,40.8,OPEN,LOW
PHC-DST-A1-05,PHC-DST-A1-06,DST-A1,2024-05-22,26.8,40.2,OPEN,LOW
PHC-DST-A1-05,PHC-DST-A1-06,DST-A1,2024-05-23,26.8,38.4,OPEN,LOW
PHC-DST-A1-05,PHC-DST-A1-06,DST-A1,2024-05-24,26.8,41.2,OPEN,LOW
PHC-DST-A1-05,PHC-DST-A1-06,DST-A1,2024-05-25,26.8,39.5,OPEN,LOW
PHC-DST-A1-05,PHC-DST-A1-06,DST-A1,2024-05-26,26.8,42.1,OPEN,LOW
PHC-DST-A1-05,PHC-DST-A1-06,DST-A1,2024-05-27,26.8,43.3,OPEN,LOW
PHC-DST-A1-05,PHC-DST-A1-06,DST-A1,2024-05-28,26.8,40.6,OPEN,LOW
PHC-DST-A1-05,PHC-DST-A1-06,DST-A1,2024-05-29,26.8,41.3,OPEN,LOW
PHC-DST-A1-05,PHC-DST-A1-06,DST-A1,2024-05-30,26.8,38.6,OPEN,LOW
PHC-DST-A1-05,PHC-DST-A1-06,DST-A1,2024-05-31,26.8,42.5,OPEN,LOW
PHC-DST-A1-05,PHC-DST-A1-06,DST-A1,2024-06-01,26.8,39.7,OPEN,LOW
PHC-DST-A1-05,PHC-DST-A1-06,DST-A1,2024-06-02,26.8,40.2,OPEN,LOW
PHC-DST-A1-05,PHC-DST-A1-06,DST-A1,2024-06-03,26.8,40.8,OPEN,LOW
PHC-DST-A1-05,PHC-DST-A1-06,DST-A1,2024-06-04,26.8,41.8,OPEN,LOW
PHC-DST-A1-05,PHC-DST-A1-06,DST-A1,2024-06-05,26.8,40.8,OPEN,LOW
PHC-DST-A1-05,PHC-DST-A1-06,DST-A1,2024-06-06,26.8,42.7,OPEN,LOW
PHC-DST-A1-05,PHC-DST-A1-06,DST-A1,2024-06-07,26.8,42.0,OPEN,LOW
PHC-DST-A1-05,PHC-DST-A1-06,DST-A1,2024-06-08,26.8,43.0,OPEN,LOW
PHC-DST-A1-05,PHC-DST-A1-06,DST-A1,2024-06-09,26.8,41.0,OPEN,LOW
PHC-DST-A1-05,PHC-DST-A1-06,DST-A1,2024-06-10,26.8,42.2,OPEN,LOW
PHC-DST-A1-05,PHC-DST-A1-06,DST-A1,2024-06-11,26.8,43.1,OPEN,LOW
PHC-DST-A1-05,PHC-DST-A1-06,DST-A1,2024-06-12,26.8,39.2,OPEN,LOW
PHC-DST-A1-05,PHC-DST-A1-06,DST-A1,2024-06-13,26.8,40.6,OPEN,LOW
PHC-DST-A1-05,PHC-DST-A1-06,DST-A1,2024-06-14,26.8,40.7,OPEN,LOW
PHC-DST-A1-05,PHC-DST-A1-06,DST-A1,2024-06-15,26.8,43.3,OPEN,LOW
PHC-DST-A1-05,PHC-DST-A1-06,DST-A1,2024-06-16,26.8,41.3,OPEN,LOW
PHC-DST-A1-05,PHC-DST-A1-06,DST-A1,2024-06-17,26.8,42.3,OPEN,LOW
PHC-DST-A1-05,PHC-DST-A1-06,DST-A1,2024-06-18,26.8,43.5,OPEN,LOW
PHC-DST-A1-05,PHC-DST-A1-06,DST-A1,2024-06-19,26.8,44.2,OPEN,LOW
PHC-DST-A1-05,PHC-DST-A1-06,DST-A1,2024-06-20,26.8,38.5,OPEN,LOW
PHC-DST-A1-05,PHC-DST-A1-06,DST-A1,2024-06-21,26.8,43.7,OPEN,LOW
PHC-DST-A1-05,PHC-DST-A1-06,DST-A1,2024-06-22,26.8,38.9,OPEN,LOW
PHC-DST-A1-05,PHC-DST-A1-06,DST-A1,2024-06-23,26.8,43.1,OPEN,LOW
PHC-DST-A1-05,PHC-DST-A1-06,DST-A1,2024-06-24,26.8,43.0,OPEN,LOW
PHC-DST-A1-05,PHC-DST-A1-06,DST-A1,2024-06-25,26.8,43.8,OPEN,LOW
PHC-DST-A1-05,PHC-DST-A1-06,DST-A1,2024-06-26,26.8,41.1,OPEN,LOW
PHC-DST-A1-05,PHC-DST-A1-06,DST-A1,2024-06-27,26.8,41.2,OPEN,LOW
PHC-DST-A1-05,PHC-DST-A1-06,DST-A1,2024-06-28,26.8,42.5,OPEN,LOW
PHC-DST-A1-05,PHC-DST-A1-06,DST-A1,2024-06-29,26.8,43.7,OPEN,LOW
PHC-DST-A1-05,PHC-DST-A1-06,DST-A1,2024-06-30,26.8,41.7,OPEN,LOW
PHC-DST-A1-05,PHC-DST-A1-06,DST-A1,2024-07-01,26.8,224.9,BLOCKED,MODERATE
PHC-DST-A1-05,PHC-DST-A1-06,DST-A1,2024-07-02,26.8,42.6,OPEN,LOW
PHC-DST-A1-05,PHC-DST-A1-06,DST-A1,2024-07-03,26.8,65.2,DEGRADED,MODERATE
PHC-DST-A1-05,PHC-DST-A1-06,DST-A1,2024-07-04,26.8,224.6,BLOCKED,SEVERE
PHC-DST-A1-05,PHC-DST-A1-06,DST-A1,2024-07-05,26.8,43.0,OPEN,LOW
PHC-DST-A1-05,PHC-DST-A1-06,DST-A1,2024-07-06,26.8,74.8,DEGRADED,MODERATE
PHC-DST-A1-05,PHC-DST-A1-06,DST-A1,2024-07-07,26.8,41.8,OPEN,LOW
PHC-DST-A1-05,PHC-DST-A1-06,DST-A1,2024-07-08,26.8,41.1,OPEN,LOW
PHC-DST-A1-05,PHC-DST-A1-06,DST-A1,2024-07-09,26.8,38.6,OPEN,LOW
PHC-DST-A1-05,PHC-DST-A1-06,DST-A1,2024-07-10,26.8,62.9,DEGRADED,MODERATE
PHC-DST-A1-05,PHC-DST-A1-06,DST-A1,2024-07-11,26.8,59.8,DEGRADED,LOW
PHC-DST-A1-05,PHC-DST-A1-06,DST-A1,2024-07-12,26.8,62.0,DEGRADED,LOW
PHC-DST-A1-05,PHC-DST-A1-06,DST-A1,2024-07-13,26.8,43.2,OPEN,LOW
PHC-DST-A1-05,PHC-DST-A1-06,DST-A1,2024-07-14,26.8,66.9,DEGRADED,MODERATE
PHC-DST-A1-05,PHC-DST-A1-06,DST-A1,2024-07-15,26.8,39.7,OPEN,LOW
PHC-DST-A1-05,PHC-DST-A1-06,DST-A1,2024-07-16,26.8,43.4,OPEN,LOW
PHC-DST-A1-05,PHC-DST-A1-06,DST-A1,2024-07-17,26.8,43.6,OPEN,LOW
PHC-DST-A1-05,PHC-DST-A1-06,DST-A1,2024-07-18,26.8,44.1,OPEN,LOW
PHC-DST-A1-05,PHC-DST-A1-06,DST-A1,2024-07-19,26.8,43.8,OPEN,LOW
PHC-DST-A1-05,PHC-DST-A1-06,DST-A1,2024-07-20,26.8,40.6,OPEN,LOW
PHC-DST-A1-05,PHC-DST-A1-06,DST-A1,2024-07-21,26.8,42.2,OPEN,LOW
PHC-DST-A1-05,PHC-DST-A1-06,DST-A1,2024-07-22,26.8,56.7,DEGRADED,MODERATE
PHC-DST-A1-05,PHC-DST-A1-06,DST-A1,2024-07-23,26.8,42.2,OPEN,LOW
PHC-DST-A1-05,PHC-DST-A1-06,DST-A1,2024-07-24,26.8,42.8,OPEN,LOW
PHC-DST-A1-05,PHC-DST-A1-06,DST-A1,2024-07-25,26.8,40.1,OPEN,LOW
PHC-DST-A1-05,PHC-DST-A1-06,DST-A1,2024-07-26,26.8,40.6,OPEN,LOW
PHC-DST-A1-05,PHC-DST-A1-06,DST-A1,2024-07-27,26.8,78.9,DEGRADED,LOW
PHC-DST-A1-05,PHC-DST-A1-06,DST-A1,2024-07-28,26.8,76.1,DEGRADED,MODERATE
PHC-DST-A1-05,PHC-DST-A1-06,DST-A1,2024-07-29,26.8,39.8,OPEN,LOW
PHC-DST-A1-05,PHC-DST-A1-06,DST-A1,2024-07-30,26.8,76.4,DEGRADED,LOW
PHC-DST-A1-05,PHC-DST-A1-06,DST-A1,2024-07-31,26.8,75.4,DEGRADED,LOW
PHC-DST-A1-05,PHC-DST-A1-06,DST-A1,2024-08-01,26.8,41.1,OPEN,LOW
PHC-DST-A1-05,PHC-DST-A1-06,DST-A1,2024-08-02,26.8,38.7,OPEN,LOW
PHC-DST-A1-05,PHC-DST-A1-06,DST-A1,2024-08-03,26.8,60.3,DEGRADED,LOW
PHC-DST-A1-05,PHC-DST-A1-06,DST-A1,2024-08-04,26.8,43.4,OPEN,LOW
PHC-DST-A1-05,PHC-DST-A1-06,DST-A1,2024-08-05,26.8,39.1,OPEN,LOW
PHC-DST-A1-05,PHC-DST-A1-06,DST-A1,2024-08-06,26.8,41.1,OPEN,LOW
PHC-DST-A1-05,PHC-DST-A1-06,DST-A1,2024-08-07,26.8,44.1,OPEN,LOW
PHC-DST-A1-05,PHC-DST-A1-06,DST-A1,2024-08-08,26.8,44.2,OPEN,LOW
PHC-DST-A1-05,PHC-DST-A1-06,DST-A1,2024-08-09,26.8,42.9,OPEN,LOW
PHC-DST-A1-05,PHC-DST-A1-06,DST-A1,2024-08-10,26.8,58.7,DEGRADED,MODERATE
PHC-DST-A1-05,PHC-DST-A1-06,DST-A1,2024-08-11,26.8,39.3,OPEN,LOW
PHC-DST-A1-05,PHC-DST-A1-06,DST-A1,2024-08-12,26.8,38.8,OPEN,LOW
PHC-DST-A1-05,PHC-DST-A1-06,DST-A1,2024-08-13,26.8,41.3,OPEN,LOW
PHC-DST-A1-05,PHC-DST-A1-06,DST-A1,2024-08-14,26.8,42.8,OPEN,LOW
PHC-DST-A1-05,PHC-DST-A1-06,DST-A1,2024-08-15,26.8,39.2,OPEN,LOW
PHC-DST-A1-05,PHC-DST-A1-06,DST-A1,2024-08-16,26.8,42.3,OPEN,LOW
PHC-DST-A1-05,PHC-DST-A1-06,DST-A1,2024-08-17,26.8,39.2,OPEN,LOW
PHC-DST-A1-05,PHC-DST-A1-06,DST-A1,2024-08-18,26.8,79.7,DEGRADED,LOW
PHC-DST-A1-05,PHC-DST-A1-06,DST-A1,2024-08-19,26.8,72.2,DEGRADED,MODERATE
PHC-DST-A1-05,PHC-DST-A1-06,DST-A1,2024-08-20,26.8,44.1,OPEN,LOW
PHC-DST-A1-05,PHC-DST-A1-06,DST-A1,2024-08-21,26.8,44.1,OPEN,LOW
PHC-DST-A1-05,PHC-DST-A1-06,DST-A1,2024-08-22,26.8,57.1,DEGRADED,MODERATE
PHC-DST-A1-05,PHC-DST-A1-06,DST-A1,2024-08-23,26.8,38.7,OPEN,LOW
PHC-DST-A1-05,PHC-DST-A1-06,DST-A1,2024-08-24,26.8,38.8,OPEN,LOW
PHC-DST-A1-05,PHC-DST-A1-06,DST-A1,2024-08-25,26.8,44.0,OPEN,LOW
PHC-DST-A1-05,PHC-DST-A1-06,DST-A1,2024-08-26,26.8,43.4,OPEN,LOW
PHC-DST-A1-05,PHC-DST-A1-06,DST-A1,2024-08-27,26.8,42.2,OPEN,LOW
PHC-DST-A1-05,PHC-DST-A1-06,DST-A1,2024-08-28,26.8,44.0,OPEN,LOW
PHC-DST-A1-05,PHC-DST-A1-06,DST-A1,2024-08-29,26.8,40.7,OPEN,LOW
PHC-DST-A1-05,PHC-DST-A1-06,DST-A1,2024-08-30,26.8,59.6,DEGRADED,MODERATE
PHC-DST-A1-05,PHC-DST-A1-06,DST-A1,2024-08-31,26.8,78.8,DEGRADED,LOW
PHC-DST-A1-05,PHC-DST-A1-06,DST-A1,2024-09-01,26.8,42.4,OPEN,LOW
PHC-DST-A1-05,PHC-DST-A1-06,DST-A1,2024-09-02,26.8,42.5,OPEN,LOW
PHC-DST-A1-05,PHC-DST-A1-06,DST-A1,2024-09-03,26.8,38.2,OPEN,LOW
PHC-DST-A1-05,PHC-DST-A1-06,DST-A1,2024-09-04,26.8,40.0,OPEN,LOW
PHC-DST-A1-05,PHC-DST-A1-06,DST-A1,2024-09-05,26.8,56.8,DEGRADED,MODERATE
PHC-DST-A1-05,PHC-DST-A1-06,DST-A1,2024-09-06,26.8,40.5,OPEN,LOW
PHC-DST-A1-05,PHC-DST-A1-06,DST-A1,2024-09-07,26.8,39.1,OPEN,LOW
PHC-DST-A1-05,PHC-DST-A1-06,DST-A1,2024-09-08,26.8,40.7,OPEN,LOW
PHC-DST-A1-05,PHC-DST-A1-06,DST-A1,2024-09-09,26.8,41.8,OPEN,LOW
PHC-DST-A1-05,PHC-DST-A1-06,DST-A1,2024-09-10,26.8,41.8,OPEN,LOW
PHC-DST-A1-05,PHC-DST-A1-06,DST-A1,2024-09-11,26.8,42.0,OPEN,LOW
PHC-DST-A1-05,PHC-DST-A1-06,DST-A1,2024-09-12,26.8,40.3,OPEN,LOW
PHC-DST-A1-05,PHC-DST-A1-06,DST-A1,2024-09-13,26.8,39.6,OPEN,LOW
PHC-DST-A1-05,PHC-DST-A1-06,DST-A1,2024-09-14,26.8,57.3,DEGRADED,LOW
PHC-DST-A1-05,PHC-DST-A1-06,DST-A1,2024-09-15,26.8,271.8,BLOCKED,MODERATE
PHC-DST-A1-05,PHC-DST-A1-06,DST-A1,2024-09-16,26.8,38.7,OPEN,LOW
PHC-DST-A1-05,PHC-DST-A1-06,DST-A1,2024-09-17,26.8,43.6,OPEN,LOW
PHC-DST-A1-05,PHC-DST-A1-06,DST-A1,2024-09-18,26.8,43.7,OPEN,LOW
PHC-DST-A1-05,PHC-DST-A1-06,DST-A1,2024-09-19,26.8,43.2,OPEN,LOW
PHC-DST-A1-05,PHC-DST-A1-06,DST-A1,2024-09-20,26.8,42.3,OPEN,LOW
PHC-DST-A1-05,PHC-DST-A1-06,DST-A1,2024-09-21,26.8,42.6,OPEN,LOW
PHC-DST-A1-05,PHC-DST-A1-06,DST-A1,2024-09-22,26.8,41.0,OPEN,LOW
PHC-DST-A1-05,PHC-DST-A1-06,DST-A1,2024-09-23,26.8,39.3,OPEN,LOW
PHC-DST-A1-05,PHC-DST-A1-06,DST-A1,2024-09-24,26.8,38.3,OPEN,LOW
PHC-DST-A1-05,PHC-DST-A1-06,DST-A1,2024-09-25,26.8,44.0,OPEN,LOW
PHC-DST-A1-05,PHC-DST-A1-06,DST-A1,2024-09-26,26.8,59.4,DEGRADED,LOW
PHC-DST-A1-05,PHC-DST-A1-06,DST-A1,2024-09-27,26.8,42.0,OPEN,LOW
PHC-DST-A1-05,PHC-DST-A1-06,DST-A1,2024-09-28,26.8,40.2,OPEN,LOW
PHC-DST-A1-05,PHC-DST-A1-06,DST-A1,2024-09-29,26.8,42.1,OPEN,LOW
PHC-DST-A1-05,PHC-DST-A1-06,DST-A1,2024-09-30,26.8,40.7,OPEN,LOW
PHC-DST-A1-05,PHC-DST-A1-06,DST-A1,2024-10-01,26.8,41.6,OPEN,LOW
PHC-DST-A1-05,PHC-DST-A1-06,DST-A1,2024-10-02,26.8,39.1,OPEN,LOW
PHC-DST-A1-05,PHC-DST-A1-06,DST-A1,2024-10-03,26.8,43.0,OPEN,LOW
PHC-DST-A1-05,PHC-DST-A1-06,DST-A1,2024-10-04,26.8,42.1,OPEN,LOW
PHC-DST-A1-05,PHC-DST-A1-06,DST-A1,2024-10-05,26.8,40.7,OPEN,LOW
PHC-DST-A1-05,PHC-DST-A1-06,DST-A1,2024-10-06,26.8,42.8,OPEN,LOW
PHC-DST-A1-05,PHC-DST-A1-06,DST-A1,2024-10-07,26.8,39.5,OPEN,LOW
PHC-DST-A1-05,PHC-DST-A1-06,DST-A1,2024-10-08,26.8,40.1,OPEN,LOW
PHC-DST-A1-05,PHC-DST-A1-06,DST-A1,2024-10-09,26.8,38.7,OPEN,LOW
PHC-DST-A1-05,PHC-DST-A1-06,DST-A1,2024-10-10,26.8,42.5,OPEN,LOW
PHC-DST-A1-05,PHC-DST-A1-06,DST-A1,2024-10-11,26.8,42.1,OPEN,LOW
PHC-DST-A1-05,PHC-DST-A1-06,DST-A1,2024-10-12,26.8,44.1,OPEN,LOW
PHC-DST-A1-05,PHC-DST-A1-06,DST-A1,2024-10-13,26.8,41.0,OPEN,LOW
PHC-DST-A1-05,PHC-DST-A1-06,DST-A1,2024-10-14,26.8,44.0,OPEN,LOW
PHC-DST-A1-05,PHC-DST-A1-06,DST-A1,2024-10-15,26.8,43.7,OPEN,LOW
PHC-DST-A1-05,PHC-DST-A1-06,DST-A1,2024-10-16,26.8,42.8,OPEN,LOW
PHC-DST-A1-05,PHC-DST-A1-06,DST-A1,2024-10-17,26.8,43.5,OPEN,LOW
PHC-DST-A1-05,PHC-DST-A1-06,DST-A1,2024-10-18,26.8,40.6,OPEN,LOW
PHC-DST-A1-05,PHC-DST-A1-06,DST-A1,2024-10-19,26.8,41.0,OPEN,LOW
PHC-DST-A1-05,PHC-DST-A1-06,DST-A1,2024-10-20,26.8,43.9,OPEN,LOW
PHC-DST-A1-05,PHC-DST-A1-06,DST-A1,2024-10-21,26.8,40.1,OPEN,LOW
PHC-DST-A1-05,PHC-DST-A1-06,DST-A1,2024-10-22,26.8,39.3,OPEN,LOW
PHC-DST-A1-05,PHC-DST-A1-06,DST-A1,2024-10-23,26.8,43.9,OPEN,LOW
PHC-DST-A1-05,PHC-DST-A1-06,DST-A1,2024-10-24,26.8,41.9,OPEN,LOW
PHC-DST-A1-05,PHC-DST-A1-06,DST-A1,2024-10-25,26.8,41.0,OPEN,LOW
PHC-DST-A1-05,PHC-DST-A1-06,DST-A1,2024-10-26,26.8,40.3,OPEN,LOW
PHC-DST-A1-05,PHC-DST-A1-06,DST-A1,2024-10-27,26.8,41.8,OPEN,LOW
PHC-DST-A1-05,PHC-DST-A1-06,DST-A1,2024-10-28,26.8,38.9,OPEN,LOW
PHC-DST-A1-05,PHC-DST-A1-06,DST-A1,2024-10-29,26.8,41.6,OPEN,LOW
PHC-DST-A1-05,PHC-DST-A1-06,DST-A1,2024-10-30,26.8,42.5,OPEN,LOW
PHC-DST-A1-05,PHC-DST-A1-06,DST-A1,2024-10-31,26.8,40.3,OPEN,LOW
PHC-DST-A1-05,PHC-DST-A1-06,DST-A1,2024-11-01,26.8,39.2,OPEN,LOW
PHC-DST-A1-05,PHC-DST-A1-06,DST-A1,2024-11-02,26.8,41.0,OPEN,LOW
PHC-DST-A1-05,PHC-DST-A1-06,DST-A1,2024-11-03,26.8,39.6,OPEN,LOW
PHC-DST-A1-05,PHC-DST-A1-06,DST-A1,2024-11-04,26.8,43.2,OPEN,LOW
PHC-DST-A1-05,PHC-DST-A1-06,DST-A1,2024-11-05,26.8,39.8,OPEN,LOW
PHC-DST-A1-05,PHC-DST-A1-06,DST-A1,2024-11-06,26.8,43.1,OPEN,LOW
PHC-DST-A1-05,PHC-DST-A1-06,DST-A1,2024-11-07,26.8,39.5,OPEN,LOW
PHC-DST-A1-05,PHC-DST-A1-06,DST-A1,2024-11-08,26.8,38.2,OPEN,LOW
PHC-DST-A1-05,PHC-DST-A1-06,DST-A1,2024-11-09,26.8,41.2,OPEN,LOW
PHC-DST-A1-05,PHC-DST-A1-06,DST-A1,2024-11-10,26.8,43.5,OPEN,LOW
PHC-DST-A1-05,PHC-DST-A1-06,DST-A1,2024-11-11,26.8,39.4,OPEN,LOW
PHC-DST-A1-05,PHC-DST-A1-06,DST-A1,2024-11-12,26.8,43.4,OPEN,LOW
PHC-DST-A1-05,PHC-DST-A1-06,DST-A1,2024-11-13,26.8,41.2,OPEN,LOW
PHC-DST-A1-05,PHC-DST-A1-06,DST-A1,2024-11-14,26.8,38.5,OPEN,LOW
PHC-DST-A1-05,PHC-DST-A1-06,DST-A1,2024-11-15,26.8,42.2,OPEN,LOW
PHC-DST-A1-05,PHC-DST-A1-06,DST-A1,2024-11-16,26.8,42.8,OPEN,LOW
PHC-DST-A1-05,PHC-DST-A1-06,DST-A1,2024-11-17,26.8,42.5,OPEN,LOW
PHC-DST-A1-05,PHC-DST-A1-06,DST-A1,2024-11-18,26.8,39.4,OPEN,LOW
PHC-DST-A1-05,PHC-DST-A1-06,DST-A1,2024-11-19,26.8,42.0,OPEN,LOW
PHC-DST-A1-05,PHC-DST-A1-06,DST-A1,2024-11-20,26.8,40.4,OPEN,LOW
PHC-DST-A1-05,PHC-DST-A1-06,DST-A1,2024-11-21,26.8,41.9,OPEN,LOW
PHC-DST-A1-05,PHC-DST-A1-06,DST-A1,2024-11-22,26.8,41.7,OPEN,LOW
PHC-DST-A1-05,PHC-DST-A1-06,DST-A1,2024-11-23,26.8,42.7,OPEN,LOW
PHC-DST-A1-05,PHC-DST-A1-06,DST-A1,2024-11-24,26.8,40.2,OPEN,LOW
PHC-DST-A1-05,PHC-DST-A1-06,DST-A1,2024-11-25,26.8,40.7,OPEN,LOW
PHC-DST-A1-05,PHC-DST-A1-06,DST-A1,2024-11-26,26.8,38.2,OPEN,LOW
PHC-DST-A1-05,PHC-DST-A1-06,DST-A1,2024-11-27,26.8,40.7,OPEN,LOW
PHC-DST-A1-05,PHC-DST-A1-06,DST-A1,2024-11-28,26.8,41.2,OPEN,LOW
PHC-DST-A1-05,PHC-DST-A1-06,DST-A1,2024-11-29,26.8,42.4,OPEN,LOW
PHC-DST-A1-05,PHC-DST-A1-06,DST-A1,2024-11-30,26.8,42.8,OPEN,LOW
PHC-DST-A1-05,PHC-DST-A1-06,DST-A1,2024-12-01,26.8,39.5,OPEN,LOW
PHC-DST-A1-05,PHC-DST-A1-06,DST-A1,2024-12-02,26.8,42.7,OPEN,LOW
PHC-DST-A1-05,PHC-DST-A1-06,DST-A1,2024-12-03,26.8,43.3,OPEN,LOW
PHC-DST-A1-05,PHC-DST-A1-06,DST-A1,2024-12-04,26.8,44.2,OPEN,LOW
PHC-DST-A1-05,PHC-DST-A1-06,DST-A1,2024-12-05,26.8,39.8,OPEN,LOW
PHC-DST-A1-05,PHC-DST-A1-06,DST-A1,2024-12-06,26.8,41.6,OPEN,LOW
PHC-DST-A1-05,PHC-DST-A1-06,DST-A1,2024-12-07,26.8,40.6,OPEN,LOW
PHC-DST-A1-05,PHC-DST-A1-06,DST-A1,2024-12-08,26.8,38.2,OPEN,LOW
PHC-DST-A1-05,PHC-DST-A1-06,DST-A1,2024-12-09,26.8,42.2,OPEN,LOW
PHC-DST-A1-05,PHC-DST-A1-06,DST-A1,2024-12-10,26.8,40.8,OPEN,LOW
PHC-DST-A1-05,PHC-DST-A1-06,DST-A1,2024-12-11,26.8,43.9,OPEN,LOW
PHC-DST-A1-05,PHC-DST-A1-06,DST-A1,2024-12-12,26.8,40.2,OPEN,LOW
PHC-DST-A1-05,PHC-DST-A1-06,DST-A1,2024-12-13,26.8,41.8,OPEN,LOW
PHC-DST-A1-05,PHC-DST-A1-06,DST-A1,2024-12-14,26.8,41.8,OPEN,LOW
PHC-DST-A1-05,PHC-DST-A1-06,DST-A1,2024-12-15,26.8,38.8,OPEN,LOW
PHC-DST-A1-05,PHC-DST-A1-06,DST-A1,2024-12-16,26.8,42.9,OPEN,LOW
PHC-DST-A1-05,PHC-DST-A1-06,DST-A1,2024-12-17,26.8,44.2,OPEN,LOW
PHC-DST-A1-05,PHC-DST-A1-06,DST-A1,2024-12-18,26.8,39.0,OPEN,LOW
PHC-DST-A1-05,PHC-DST-A1-06,DST-A1,2024-12-19,26.8,39.6,OPEN,LOW
PHC-DST-A1-05,PHC-DST-A1-06,DST-A1,2024-12-20,26.8,40.9,OPEN,LOW
PHC-DST-A1-05,PHC-DST-A1-06,DST-A1,2024-12-21,26.8,42.9,OPEN,LOW
PHC-DST-A1-05,PHC-DST-A1-06,DST-A1,2024-12-22,26.8,43.7,OPEN,LOW
PHC-DST-A1-05,PHC-DST-A1-06,DST-A1,2024-12-23,26.8,42.2,OPEN,LOW
PHC-DST-A1-05,PHC-DST-A1-06,DST-A1,2024-12-24,26.8,43.2,OPEN,LOW
PHC-DST-A1-05,PHC-DST-A1-06,DST-A1,2024-12-25,26.8,43.9,OPEN,LOW
PHC-DST-A1-05,PHC-DST-A1-06,DST-A1,2024-12-26,26.8,39.5,OPEN,LOW
PHC-DST-A1-05,PHC-DST-A1-06,DST-A1,2024-12-27,26.8,42.2,OPEN,LOW
PHC-DST-A1-05,PHC-DST-A1-06,DST-A1,2024-12-28,26.8,38.6,OPEN,LOW
PHC-DST-A1-05,PHC-DST-A1-06,DST-A1,2024-12-29,26.8,40.2,OPEN,LOW
PHC-DST-A1-05,PHC-DST-A1-06,DST-A1,2024-12-30,26.8,43.4,OPEN,LOW
PHC-DST-A1-05,PHC-DST-A1-06,DST-A1,2024-12-31,26.8,38.9,OPEN,LOW
PHC-DST-A1-05,PHC-DST-A1-06,DST-A1,2025-01-01,26.8,41.9,OPEN,LOW
PHC-DST-A1-05,PHC-DST-A1-06,DST-A1,2025-01-02,26.8,41.5,OPEN,LOW
PHC-DST-A1-05,PHC-DST-A1-06,DST-A1,2025-01-03,26.8,44.1,OPEN,LOW
PHC-DST-A1-05,PHC-DST-A1-06,DST-A1,2025-01-04,26.8,39.2,OPEN,LOW
PHC-DST-A1-05,PHC-DST-A1-06,DST-A1,2025-01-05,26.8,39.9,OPEN,LOW
PHC-DST-A1-05,PHC-DST-A1-06,DST-A1,2025-01-06,26.8,40.9,OPEN,LOW
PHC-DST-A1-05,PHC-DST-A1-06,DST-A1,2025-01-07,26.8,39.5,OPEN,LOW
PHC-DST-A1-05,PHC-DST-A1-06,DST-A1,2025-01-08,26.8,42.4,OPEN,LOW
PHC-DST-A1-05,PHC-DST-A1-06,DST-A1,2025-01-09,26.8,43.6,OPEN,LOW
PHC-DST-A1-05,PHC-DST-A1-06,DST-A1,2025-01-10,26.8,38.9,OPEN,LOW
PHC-DST-A1-05,PHC-DST-A1-06,DST-A1,2025-01-11,26.8,40.4,OPEN,LOW
PHC-DST-A1-05,PHC-DST-A1-06,DST-A1,2025-01-12,26.8,41.7,OPEN,LOW
PHC-DST-A1-05,PHC-DST-A1-06,DST-A1,2025-01-13,26.8,38.3,OPEN,LOW
PHC-DST-A1-05,PHC-DST-A1-06,DST-A1,2025-01-14,26.8,41.8,OPEN,LOW
PHC-DST-A1-05,PHC-DST-A1-06,DST-A1,2025-01-15,26.8,38.6,OPEN,LOW
PHC-DST-A1-05,PHC-DST-A1-06,DST-A1,2025-01-16,26.8,42.5,OPEN,LOW
PHC-DST-A1-05,PHC-DST-A1-06,DST-A1,2025-01-17,26.8,41.2,OPEN,LOW
PHC-DST-A1-05,PHC-DST-A1-06,DST-A1,2025-01-18,26.8,39.9,OPEN,LOW
PHC-DST-A1-05,PHC-DST-A1-06,DST-A1,2025-01-19,26.8,38.5,OPEN,LOW
PHC-DST-A1-05,PHC-DST-A1-06,DST-A1,2025-01-20,26.8,41.1,OPEN,LOW
PHC-DST-A1-05,PHC-DST-A1-06,DST-A1,2025-01-21,26.8,39.1,OPEN,LOW
PHC-DST-A1-05,PHC-DST-A1-06,DST-A1,2025-01-22,26.8,40.0,OPEN,LOW
PHC-DST-A1-05,PHC-DST-A1-06,DST-A1,2025-01-23,26.8,43.5,OPEN,LOW
PHC-DST-A1-05,PHC-DST-A1-06,DST-A1,2025-01-24,26.8,42.9,OPEN,LOW
PHC-DST-A1-05,PHC-DST-A1-06,DST-A1,2025-01-25,26.8,42.0,OPEN,LOW
PHC-DST-A1-05,PHC-DST-A1-06,DST-A1,2025-01-26,26.8,42.9,OPEN,LOW
PHC-DST-A1-05,PHC-DST-A1-06,DST-A1,2025-01-27,26.8,40.0,OPEN,LOW
PHC-DST-A1-05,PHC-DST-A1-06,DST-A1,2025-01-28,26.8,43.9,OPEN,LOW
PHC-DST-A1-05,PHC-DST-A1-06,DST-A1,2025-01-29,26.8,43.2,OPEN,LOW
PHC-DST-A1-05,PHC-DST-A1-06,DST-A1,2025-01-30,26.8,39.5,OPEN,LOW
PHC-DST-A1-05,PHC-DST-A1-06,DST-A1,2025-01-31,26.8,38.9,OPEN,LOW
PHC-DST-A1-05,PHC-DST-A1-06,DST-A1,2025-02-01,26.8,42.1,OPEN,LOW
PHC-DST-A1-05,PHC-DST-A1-06,DST-A1,2025-02-02,26.8,39.2,OPEN,LOW
PHC-DST-A1-05,PHC-DST-A1-06,DST-A1,2025-02-03,26.8,43.9,OPEN,LOW
PHC-DST-A1-05,PHC-DST-A1-06,DST-A1,2025-02-04,26.8,42.6,OPEN,LOW
PHC-DST-A1-05,PHC-DST-A1-06,DST-A1,2025-02-05,26.8,44.0,OPEN,LOW
PHC-DST-A1-05,PHC-DST-A1-06,DST-A1,2025-02-06,26.8,41.3,OPEN,LOW
PHC-DST-A1-05,PHC-DST-A1-06,DST-A1,2025-02-07,26.8,41.1,OPEN,LOW
PHC-DST-A1-05,PHC-DST-A1-06,DST-A1,2025-02-08,26.8,41.9,OPEN,LOW
PHC-DST-A1-05,PHC-DST-A1-06,DST-A1,2025-02-09,26.8,42.0,OPEN,LOW
PHC-DST-A1-05,PHC-DST-A1-06,DST-A1,2025-02-10,26.8,43.2,OPEN,LOW
PHC-DST-A1-05,PHC-DST-A1-06,DST-A1,2025-02-11,26.8,44.1,OPEN,LOW
PHC-DST-A1-05,PHC-DST-A1-06,DST-A1,2025-02-12,26.8,43.8,OPEN,LOW
PHC-DST-A1-05,PHC-DST-A1-06,DST-A1,2025-02-13,26.8,38.3,OPEN,LOW
PHC-DST-A1-05,PHC-DST-A1-06,DST-A1,2025-02-14,26.8,44.0,OPEN,LOW
PHC-DST-A1-05,PHC-DST-A1-06,DST-A1,2025-02-15,26.8,41.2,OPEN,LOW
PHC-DST-A1-05,PHC-DST-A1-06,DST-A1,2025-02-16,26.8,42.7,OPEN,LOW
PHC-DST-A1-05,PHC-DST-A1-06,DST-A1,2025-02-17,26.8,40.4,OPEN,LOW
PHC-DST-A1-05,PHC-DST-A1-06,DST-A1,2025-02-18,26.8,42.5,OPEN,LOW
PHC-DST-A1-05,PHC-DST-A1-06,DST-A1,2025-02-19,26.8,41.6,OPEN,LOW
PHC-DST-A1-05,PHC-DST-A1-06,DST-A1,2025-02-20,26.8,42.2,OPEN,LOW
PHC-DST-A1-05,PHC-DST-A1-06,DST-A1,2025-02-21,26.8,39.0,OPEN,LOW
PHC-DST-A1-05,PHC-DST-A1-06,DST-A1,2025-02-22,26.8,40.2,OPEN,LOW
PHC-DST-A1-05,PHC-DST-A1-06,DST-A1,2025-02-23,26.8,43.5,OPEN,LOW
PHC-DST-A1-05,PHC-DST-A1-06,DST-A1,2025-02-24,26.8,43.4,OPEN,LOW
PHC-DST-A1-05,PHC-DST-A1-06,DST-A1,2025-02-25,26.8,43.8,OPEN,LOW
PHC-DST-A1-05,PHC-DST-A1-06,DST-A1,2025-02-26,26.8,40.2,OPEN,LOW
PHC-DST-A1-05,PHC-DST-A1-06,DST-A1,2025-02-27,26.8,43.0,OPEN,LOW
PHC-DST-A1-05,PHC-DST-A1-06,DST-A1,2025-02-28,26.8,42.4,OPEN,LOW
PHC-DST-A1-05,PHC-DST-A1-06,DST-A1,2025-03-01,26.8,38.2,OPEN,LOW
PHC-DST-A1-05,PHC-DST-A1-06,DST-A1,2025-03-02,26.8,43.6,OPEN,LOW
PHC-DST-A1-05,PHC-DST-A1-06,DST-A1,2025-03-03,26.8,40.7,OPEN,LOW
PHC-DST-A1-05,PHC-DST-A1-06,DST-A1,2025-03-04,26.8,41.4,OPEN,LOW
PHC-DST-A1-05,PHC-DST-A1-06,DST-A1,2025-03-05,26.8,38.5,OPEN,LOW
PHC-DST-A1-05,PHC-DST-A1-06,DST-A1,2025-03-06,26.8,39.4,OPEN,LOW
PHC-DST-A1-05,PHC-DST-A1-06,DST-A1,2025-03-07,26.8,43.5,OPEN,LOW
PHC-DST-A1-05,PHC-DST-A1-06,DST-A1,2025-03-08,26.8,39.7,OPEN,LOW
PHC-DST-A1-05,PHC-DST-A1-06,DST-A1,2025-03-09,26.8,42.6,OPEN,LOW
PHC-DST-A1-05,PHC-DST-A1-06,DST-A1,2025-03-10,26.8,39.6,OPEN,LOW
PHC-DST-A1-05,PHC-DST-A1-06,DST-A1,2025-03-11,26.8,38.7,OPEN,LOW
PHC-DST-A1-05,PHC-DST-A1-06,DST-A1,2025-03-12,26.8,40.5,OPEN,LOW
PHC-DST-A1-05,PHC-DST-A1-06,DST-A1,2025-03-13,26.8,42.8,OPEN,LOW
PHC-DST-A1-05,PHC-DST-A1-06,DST-A1,2025-03-14,26.8,42.9,OPEN,LOW
PHC-DST-A1-05,PHC-DST-A1-06,DST-A1,2025-03-15,26.8,43.9,OPEN,LOW
PHC-DST-A1-05,PHC-DST-A1-06,DST-A1,2025-03-16,26.8,40.7,OPEN,LOW
PHC-DST-A1-05,PHC-DST-A1-06,DST-A1,2025-03-17,26.8,43.8,OPEN,LOW
PHC-DST-A1-05,PHC-DST-A1-06,DST-A1,2025-03-18,26.8,43.2,OPEN,LOW
PHC-DST-A1-05,PHC-DST-A1-06,DST-A1,2025-03-19,26.8,38.4,OPEN,LOW
PHC-DST-A1-05,PHC-DST-A1-06,DST-A1,2025-03-20,26.8,39.4,OPEN,LOW
PHC-DST-A1-05,PHC-DST-A1-06,DST-A1,2025-03-21,26.8,40.3,OPEN,LOW
PHC-DST-A1-05,PHC-DST-A1-06,DST-A1,2025-03-22,26.8,38.7,OPEN,LOW
PHC-DST-A1-05,PHC-DST-A1-06,DST-A1,2025-03-23,26.8,43.6,OPEN,LOW
PHC-DST-A1-05,PHC-DST-A1-06,DST-A1,2025-03-24,26.8,43.0,OPEN,LOW
PHC-DST-A1-05,PHC-DST-A1-06,DST-A1,2025-03-25,26.8,43.8,OPEN,LOW
PHC-DST-A1-05,PHC-DST-A1-06,DST-A1,2025-03-26,26.8,41.4,OPEN,LOW
PHC-DST-A1-05,PHC-DST-A1-06,DST-A1,2025-03-27,26.8,44.1,OPEN,LOW
PHC-DST-A1-05,PHC-DST-A1-06,DST-A1,2025-03-28,26.8,44.1,OPEN,LOW
PHC-DST-A1-05,PHC-DST-A1-06,DST-A1,2025-03-29,26.8,38.7,OPEN,LOW
PHC-DST-A1-05,PHC-DST-A1-06,DST-A1,2025-03-30,26.8,42.3,OPEN,LOW
PHC-DST-A1-05,PHC-DST-A1-06,DST-A1,2025-03-31,26.8,38.9,OPEN,LOW
PHC-DST-A1-05,PHC-DST-A1-06,DST-A1,2025-04-01,26.8,43.6,OPEN,LOW
PHC-DST-A1-05,PHC-DST-A1-06,DST-A1,2025-04-02,26.8,38.4,OPEN,LOW
PHC-DST-A1-05,PHC-DST-A1-06,DST-A1,2025-04-03,26.8,39.1,OPEN,LOW
PHC-DST-A1-05,PHC-DST-A1-06,DST-A1,2025-04-04,26.8,42.7,OPEN,LOW
PHC-DST-A1-05,PHC-DST-A1-06,DST-A1,2025-04-05,26.8,39.1,OPEN,LOW
PHC-DST-A1-05,PHC-DST-A1-06,DST-A1,2025-04-06,26.8,40.9,OPEN,LOW
PHC-DST-A1-05,PHC-DST-A1-06,DST-A1,2025-04-07,26.8,39.1,OPEN,LOW
PHC-DST-A1-05,PHC-DST-A1-06,DST-A1,2025-04-08,26.8,42.1,OPEN,LOW
PHC-DST-A1-05,PHC-DST-A1-06,DST-A1,2025-04-09,26.8,41.9,OPEN,LOW
PHC-DST-A1-05,PHC-DST-A1-06,DST-A1,2025-04-10,26.8,43.7,OPEN,LOW
PHC-DST-A1-05,PHC-DST-A1-06,DST-A1,2025-04-11,26.8,44.2,OPEN,LOW
PHC-DST-A1-05,PHC-DST-A1-06,DST-A1,2025-04-12,26.8,42.9,OPEN,LOW
PHC-DST-A1-05,PHC-DST-A1-06,DST-A1,2025-04-13,26.8,42.6,OPEN,LOW
PHC-DST-A1-05,PHC-DST-A1-06,DST-A1,2025-04-14,26.8,43.5,OPEN,LOW
PHC-DST-A1-05,PHC-DST-A1-06,DST-A1,2025-04-15,26.8,40.2,OPEN,LOW
PHC-DST-A1-05,PHC-DST-A1-06,DST-A1,2025-04-16,26.8,40.4,OPEN,LOW
PHC-DST-A1-05,PHC-DST-A1-06,DST-A1,2025-04-17,26.8,39.7,OPEN,LOW
PHC-DST-A1-05,PHC-DST-A1-06,DST-A1,2025-04-18,26.8,40.6,OPEN,LOW
PHC-DST-A1-05,PHC-DST-A1-06,DST-A1,2025-04-19,26.8,42.7,OPEN,LOW
PHC-DST-A1-05,PHC-DST-A1-06,DST-A1,2025-04-20,26.8,42.7,OPEN,LOW
PHC-DST-A1-05,PHC-DST-A1-06,DST-A1,2025-04-21,26.8,42.1,OPEN,LOW
PHC-DST-A1-05,PHC-DST-A1-06,DST-A1,2025-04-22,26.8,42.9,OPEN,LOW
PHC-DST-A1-05,PHC-DST-A1-06,DST-A1,2025-04-23,26.8,43.3,OPEN,LOW
PHC-DST-A1-05,PHC-DST-A1-06,DST-A1,2025-04-24,26.8,41.9,OPEN,LOW
PHC-DST-A1-05,PHC-DST-A1-06,DST-A1,2025-04-25,26.8,41.7,OPEN,LOW
PHC-DST-A1-05,PHC-DST-A1-06,DST-A1,2025-04-26,26.8,39.8,OPEN,LOW
PHC-DST-A1-05,PHC-DST-A1-06,DST-A1,2025-04-27,26.8,41.0,OPEN,LOW
PHC-DST-A1-05,PHC-DST-A1-06,DST-A1,2025-04-28,26.8,42.5,OPEN,LOW
PHC-DST-A1-05,PHC-DST-A1-06,DST-A1,2025-04-29,26.8,39.1,OPEN,LOW
PHC-DST-A1-05,PHC-DST-A1-06,DST-A1,2025-04-30,26.8,42.3,OPEN,LOW
PHC-DST-A1-05,PHC-DST-A1-06,DST-A1,2025-05-01,26.8,41.8,OPEN,LOW
PHC-DST-A1-05,PHC-DST-A1-06,DST-A1,2025-05-02,26.8,42.9,OPEN,LOW
PHC-DST-A1-05,PHC-DST-A1-06,DST-A1,2025-05-03,26.8,41.2,OPEN,LOW
PHC-DST-A1-05,PHC-DST-A1-06,DST-A1,2025-05-04,26.8,43.0,OPEN,LOW
PHC-DST-A1-05,PHC-DST-A1-06,DST-A1,2025-05-05,26.8,40.9,OPEN,LOW
PHC-DST-A1-05,PHC-DST-A1-06,DST-A1,2025-05-06,26.8,42.0,OPEN,LOW
PHC-DST-A1-05,PHC-DST-A1-06,DST-A1,2025-05-07,26.8,42.0,OPEN,LOW
PHC-DST-A1-05,PHC-DST-A1-06,DST-A1,2025-05-08,26.8,43.5,OPEN,LOW
PHC-DST-A1-05,PHC-DST-A1-06,DST-A1,2025-05-09,26.8,43.1,OPEN,LOW
PHC-DST-A1-05,PHC-DST-A1-06,DST-A1,2025-05-10,26.8,43.7,OPEN,LOW
PHC-DST-A1-05,PHC-DST-A1-06,DST-A1,2025-05-11,26.8,41.2,OPEN,LOW
PHC-DST-A1-05,PHC-DST-A1-06,DST-A1,2025-05-12,26.8,38.6,OPEN,LOW
PHC-DST-A1-05,PHC-DST-A1-06,DST-A1,2025-05-13,26.8,39.7,OPEN,LOW
PHC-DST-A1-05,PHC-DST-A1-06,DST-A1,2025-05-14,26.8,38.8,OPEN,LOW
PHC-DST-A1-05,PHC-DST-A1-06,DST-A1,2025-05-15,26.8,43.6,OPEN,LOW
PHC-DST-A1-05,PHC-DST-A1-06,DST-A1,2025-05-16,26.8,41.5,OPEN,LOW
PHC-DST-A1-05,PHC-DST-A1-06,DST-A1,2025-05-17,26.8,39.4,OPEN,LOW
PHC-DST-A1-05,PHC-DST-A1-06,DST-A1,2025-05-18,26.8,43.7,OPEN,LOW
PHC-DST-A1-05,PHC-DST-A1-06,DST-A1,2025-05-19,26.8,40.4,OPEN,LOW
PHC-DST-A1-05,PHC-DST-A1-06,DST-A1,2025-05-20,26.8,43.1,OPEN,LOW
PHC-DST-A1-05,PHC-DST-A1-06,DST-A1,2025-05-21,26.8,43.4,OPEN,LOW
PHC-DST-A1-05,PHC-DST-A1-06,DST-A1,2025-05-22,26.8,40.2,OPEN,LOW
PHC-DST-A1-05,PHC-DST-A1-06,DST-A1,2025-05-23,26.8,41.0,OPEN,LOW
PHC-DST-A1-05,PHC-DST-A1-06,DST-A1,2025-05-24,26.8,40.2,OPEN,LOW
PHC-DST-A1-05,PHC-DST-A1-06,DST-A1,2025-05-25,26.8,41.4,OPEN,LOW
PHC-DST-A1-05,PHC-DST-A1-06,DST-A1,2025-05-26,26.8,39.2,OPEN,LOW
PHC-DST-A1-05,PHC-DST-A1-06,DST-A1,2025-05-27,26.8,40.4,OPEN,LOW
PHC-DST-A1-05,PHC-DST-A1-06,DST-A1,2025-05-28,26.8,42.8,OPEN,LOW
PHC-DST-A1-05,PHC-DST-A1-06,DST-A1,2025-05-29,26.8,44.1,OPEN,LOW
PHC-DST-A1-05,PHC-DST-A1-06,DST-A1,2025-05-30,26.8,42.1,OPEN,LOW
PHC-DST-A1-05,PHC-DST-A1-06,DST-A1,2025-05-31,26.8,40.7,OPEN,LOW
PHC-DST-A1-05,PHC-DST-A1-06,DST-A1,2025-06-01,26.8,40.0,OPEN,LOW
PHC-DST-A1-05,PHC-DST-A1-06,DST-A1,2025-06-02,26.8,41.6,OPEN,LOW
PHC-DST-A1-05,PHC-DST-A1-06,DST-A1,2025-06-03,26.8,42.0,OPEN,LOW
PHC-DST-A1-05,PHC-DST-A1-06,DST-A1,2025-06-04,26.8,39.8,OPEN,LOW
PHC-DST-A1-05,PHC-DST-A1-06,DST-A1,2025-06-05,26.8,38.6,OPEN,LOW
PHC-DST-A1-05,PHC-DST-A1-06,DST-A1,2025-06-06,26.8,38.3,OPEN,LOW
PHC-DST-A1-05,PHC-DST-A1-06,DST-A1,2025-06-07,26.8,41.5,OPEN,LOW
PHC-DST-A1-05,PHC-DST-A1-06,DST-A1,2025-06-08,26.8,41.8,OPEN,LOW
PHC-DST-A1-05,PHC-DST-A1-06,DST-A1,2025-06-09,26.8,43.6,OPEN,LOW
PHC-DST-A1-05,PHC-DST-A1-06,DST-A1,2025-06-10,26.8,39.6,OPEN,LOW
PHC-DST-A1-05,PHC-DST-A1-06,DST-A1,2025-06-11,26.8,43.8,OPEN,LOW
PHC-DST-A1-05,PHC-DST-A1-06,DST-A1,2025-06-12,26.8,41.0,OPEN,LOW
PHC-DST-A1-05,PHC-DST-A1-06,DST-A1,2025-06-13,26.8,41.1,OPEN,LOW
PHC-DST-A1-05,PHC-DST-A1-06,DST-A1,2025-06-14,26.8,42.6,OPEN,LOW
PHC-DST-A1-05,PHC-DST-A1-06,DST-A1,2025-06-15,26.8,42.1,OPEN,LOW
PHC-DST-A1-05,PHC-DST-A1-06,DST-A1,2025-06-16,26.8,41.8,OPEN,LOW
PHC-DST-A1-05,PHC-DST-A1-06,DST-A1,2025-06-17,26.8,42.8,OPEN,LOW
PHC-DST-A1-05,PHC-DST-A1-06,DST-A1,2025-06-18,26.8,44.1,OPEN,LOW
PHC-DST-A1-05,PHC-DST-A1-06,DST-A1,2025-06-19,26.8,41.2,OPEN,LOW
PHC-DST-A1-05,PHC-DST-A1-06,DST-A1,2025-06-20,26.8,43.8,OPEN,LOW
PHC-DST-A1-05,PHC-DST-A1-06,DST-A1,2025-06-21,26.8,39.3,OPEN,LOW
PHC-DST-A1-05,PHC-DST-A1-06,DST-A1,2025-06-22,26.8,43.3,OPEN,LOW
PHC-DST-A1-05,PHC-DST-A1-06,DST-A1,2025-06-23,26.8,43.9,OPEN,LOW
PHC-DST-A1-05,PHC-DST-A1-06,DST-A1,2025-06-24,26.8,40.2,OPEN,LOW
PHC-DST-A1-05,PHC-DST-A1-06,DST-A1,2025-06-25,26.8,38.9,OPEN,LOW
PHC-DST-A1-05,PHC-DST-A1-06,DST-A1,2025-06-26,26.8,41.2,OPEN,LOW
PHC-DST-A1-05,PHC-DST-A1-06,DST-A1,2025-06-27,26.8,40.3,OPEN,LOW
PHC-DST-A1-05,PHC-DST-A1-06,DST-A1,2025-06-28,26.8,43.6,OPEN,LOW
PHC-DST-A1-05,PHC-DST-A1-06,DST-A1,2025-06-29,26.8,42.7,OPEN,LOW
PHC-DST-A1-05,PHC-DST-A1-06,DST-A1,2025-06-30,26.8,41.1,OPEN,LOW
PHC-DST-A2-01,PHC-DST-A2-02,DST-A2,2024-01-01,31.9,48.1,OPEN,LOW
PHC-DST-A2-01,PHC-DST-A2-02,DST-A2,2024-01-02,31.9,46.9,OPEN,LOW
PHC-DST-A2-01,PHC-DST-A2-02,DST-A2,2024-01-03,31.9,45.7,OPEN,LOW
PHC-DST-A2-01,PHC-DST-A2-02,DST-A2,2024-01-04,31.9,49.1,OPEN,LOW
PHC-DST-A2-01,PHC-DST-A2-02,DST-A2,2024-01-05,31.9,47.9,OPEN,LOW
PHC-DST-A2-01,PHC-DST-A2-02,DST-A2,2024-01-06,31.9,50.3,OPEN,LOW
PHC-DST-A2-01,PHC-DST-A2-02,DST-A2,2024-01-07,31.9,48.3,OPEN,LOW
PHC-DST-A2-01,PHC-DST-A2-02,DST-A2,2024-01-08,31.9,50.3,OPEN,LOW
PHC-DST-A2-01,PHC-DST-A2-02,DST-A2,2024-01-09,31.9,47.1,OPEN,LOW
PHC-DST-A2-01,PHC-DST-A2-02,DST-A2,2024-01-10,31.9,52.1,OPEN,LOW
PHC-DST-A2-01,PHC-DST-A2-02,DST-A2,2024-01-11,31.9,47.2,OPEN,LOW
PHC-DST-A2-01,PHC-DST-A2-02,DST-A2,2024-01-12,31.9,47.8,OPEN,LOW
PHC-DST-A2-01,PHC-DST-A2-02,DST-A2,2024-01-13,31.9,45.8,OPEN,LOW
PHC-DST-A2-01,PHC-DST-A2-02,DST-A2,2024-01-14,31.9,47.7,OPEN,LOW
PHC-DST-A2-01,PHC-DST-A2-02,DST-A2,2024-01-15,31.9,45.6,OPEN,LOW
PHC-DST-A2-01,PHC-DST-A2-02,DST-A2,2024-01-16,31.9,51.4,OPEN,LOW
PHC-DST-A2-01,PHC-DST-A2-02,DST-A2,2024-01-17,31.9,49.0,OPEN,LOW
PHC-DST-A2-01,PHC-DST-A2-02,DST-A2,2024-01-18,31.9,51.4,OPEN,LOW
PHC-DST-A2-01,PHC-DST-A2-02,DST-A2,2024-01-19,31.9,45.9,OPEN,LOW
PHC-DST-A2-01,PHC-DST-A2-02,DST-A2,2024-01-20,31.9,45.9,OPEN,LOW
PHC-DST-A2-01,PHC-DST-A2-02,DST-A2,2024-01-21,31.9,46.1,OPEN,LOW
PHC-DST-A2-01,PHC-DST-A2-02,DST-A2,2024-01-22,31.9,51.5,OPEN,LOW
PHC-DST-A2-01,PHC-DST-A2-02,DST-A2,2024-01-23,31.9,52.7,OPEN,LOW
PHC-DST-A2-01,PHC-DST-A2-02,DST-A2,2024-01-24,31.9,47.9,OPEN,LOW
PHC-DST-A2-01,PHC-DST-A2-02,DST-A2,2024-01-25,31.9,46.4,OPEN,LOW
PHC-DST-A2-01,PHC-DST-A2-02,DST-A2,2024-01-26,31.9,50.6,OPEN,LOW
PHC-DST-A2-01,PHC-DST-A2-02,DST-A2,2024-01-27,31.9,46.0,OPEN,LOW
PHC-DST-A2-01,PHC-DST-A2-02,DST-A2,2024-01-28,31.9,47.9,OPEN,LOW
PHC-DST-A2-01,PHC-DST-A2-02,DST-A2,2024-01-29,31.9,50.9,OPEN,LOW
PHC-DST-A2-01,PHC-DST-A2-02,DST-A2,2024-01-30,31.9,49.1,OPEN,LOW
PHC-DST-A2-01,PHC-DST-A2-02,DST-A2,2024-01-31,31.9,51.4,OPEN,LOW
PHC-DST-A2-01,PHC-DST-A2-02,DST-A2,2024-02-01,31.9,52.4,OPEN,LOW
PHC-DST-A2-01,PHC-DST-A2-02,DST-A2,2024-02-02,31.9,49.4,OPEN,LOW
PHC-DST-A2-01,PHC-DST-A2-02,DST-A2,2024-02-03,31.9,52.5,OPEN,LOW
PHC-DST-A2-01,PHC-DST-A2-02,DST-A2,2024-02-04,31.9,48.2,OPEN,LOW
PHC-DST-A2-01,PHC-DST-A2-02,DST-A2,2024-02-05,31.9,45.9,OPEN,LOW
PHC-DST-A2-01,PHC-DST-A2-02,DST-A2,2024-02-06,31.9,48.2,OPEN,LOW
PHC-DST-A2-01,PHC-DST-A2-02,DST-A2,2024-02-07,31.9,46.9,OPEN,LOW
PHC-DST-A2-01,PHC-DST-A2-02,DST-A2,2024-02-08,31.9,50.5,OPEN,LOW
PHC-DST-A2-01,PHC-DST-A2-02,DST-A2,2024-02-09,31.9,46.5,OPEN,LOW
PHC-DST-A2-01,PHC-DST-A2-02,DST-A2,2024-02-10,31.9,51.5,OPEN,LOW
PHC-DST-A2-01,PHC-DST-A2-02,DST-A2,2024-02-11,31.9,49.7,OPEN,LOW
PHC-DST-A2-01,PHC-DST-A2-02,DST-A2,2024-02-12,31.9,49.5,OPEN,LOW
PHC-DST-A2-01,PHC-DST-A2-02,DST-A2,2024-02-13,31.9,51.0,OPEN,LOW
PHC-DST-A2-01,PHC-DST-A2-02,DST-A2,2024-02-14,31.9,52.5,OPEN,LOW
PHC-DST-A2-01,PHC-DST-A2-02,DST-A2,2024-02-15,31.9,47.7,OPEN,LOW
PHC-DST-A2-01,PHC-DST-A2-02,DST-A2,2024-02-16,31.9,45.7,OPEN,LOW
PHC-DST-A2-01,PHC-DST-A2-02,DST-A2,2024-02-17,31.9,52.7,OPEN,LOW
PHC-DST-A2-01,PHC-DST-A2-02,DST-A2,2024-02-18,31.9,45.9,OPEN,LOW
PHC-DST-A2-01,PHC-DST-A2-02,DST-A2,2024-02-19,31.9,51.9,OPEN,LOW
PHC-DST-A2-01,PHC-DST-A2-02,DST-A2,2024-02-20,31.9,49.5,OPEN,LOW
PHC-DST-A2-01,PHC-DST-A2-02,DST-A2,2024-02-21,31.9,45.9,OPEN,LOW
PHC-DST-A2-01,PHC-DST-A2-02,DST-A2,2024-02-22,31.9,50.5,OPEN,LOW
PHC-DST-A2-01,PHC-DST-A2-02,DST-A2,2024-02-23,31.9,45.6,OPEN,LOW
PHC-DST-A2-01,PHC-DST-A2-02,DST-A2,2024-02-24,31.9,52.6,OPEN,LOW
PHC-DST-A2-01,PHC-DST-A2-02,DST-A2,2024-02-25,31.9,51.8,OPEN,LOW
PHC-DST-A2-01,PHC-DST-A2-02,DST-A2,2024-02-26,31.9,49.4,OPEN,LOW
PHC-DST-A2-01,PHC-DST-A2-02,DST-A2,2024-02-27,31.9,48.9,OPEN,LOW
PHC-DST-A2-01,PHC-DST-A2-02,DST-A2,2024-02-28,31.9,46.7,OPEN,LOW
PHC-DST-A2-01,PHC-DST-A2-02,DST-A2,2024-02-29,31.9,50.4,OPEN,LOW
PHC-DST-A2-01,PHC-DST-A2-02,DST-A2,2024-03-01,31.9,46.8,OPEN,LOW
PHC-DST-A2-01,PHC-DST-A2-02,DST-A2,2024-03-02,31.9,50.3,OPEN,LOW
PHC-DST-A2-01,PHC-DST-A2-02,DST-A2,2024-03-03,31.9,47.6,OPEN,LOW
PHC-DST-A2-01,PHC-DST-A2-02,DST-A2,2024-03-04,31.9,50.0,OPEN,LOW
PHC-DST-A2-01,PHC-DST-A2-02,DST-A2,2024-03-05,31.9,49.6,OPEN,LOW
PHC-DST-A2-01,PHC-DST-A2-02,DST-A2,2024-03-06,31.9,46.8,OPEN,LOW
PHC-DST-A2-01,PHC-DST-A2-02,DST-A2,2024-03-07,31.9,49.6,OPEN,LOW
PHC-DST-A2-01,PHC-DST-A2-02,DST-A2,2024-03-08,31.9,49.8,OPEN,LOW
PHC-DST-A2-01,PHC-DST-A2-02,DST-A2,2024-03-09,31.9,46.7,OPEN,LOW
PHC-DST-A2-01,PHC-DST-A2-02,DST-A2,2024-03-10,31.9,48.5,OPEN,LOW
PHC-DST-A2-01,PHC-DST-A2-02,DST-A2,2024-03-11,31.9,52.2,OPEN,LOW
PHC-DST-A2-01,PHC-DST-A2-02,DST-A2,2024-03-12,31.9,51.8,OPEN,LOW
PHC-DST-A2-01,PHC-DST-A2-02,DST-A2,2024-03-13,31.9,47.6,OPEN,LOW
PHC-DST-A2-01,PHC-DST-A2-02,DST-A2,2024-03-14,31.9,47.9,OPEN,LOW
PHC-DST-A2-01,PHC-DST-A2-02,DST-A2,2024-03-15,31.9,49.3,OPEN,LOW
PHC-DST-A2-01,PHC-DST-A2-02,DST-A2,2024-03-16,31.9,46.5,OPEN,LOW
PHC-DST-A2-01,PHC-DST-A2-02,DST-A2,2024-03-17,31.9,52.6,OPEN,LOW
PHC-DST-A2-01,PHC-DST-A2-02,DST-A2,2024-03-18,31.9,46.3,OPEN,LOW
PHC-DST-A2-01,PHC-DST-A2-02,DST-A2,2024-03-19,31.9,52.1,OPEN,LOW
PHC-DST-A2-01,PHC-DST-A2-02,DST-A2,2024-03-20,31.9,46.6,OPEN,LOW
PHC-DST-A2-01,PHC-DST-A2-02,DST-A2,2024-03-21,31.9,50.2,OPEN,LOW
PHC-DST-A2-01,PHC-DST-A2-02,DST-A2,2024-03-22,31.9,52.1,OPEN,LOW
PHC-DST-A2-01,PHC-DST-A2-02,DST-A2,2024-03-23,31.9,47.2,OPEN,LOW
PHC-DST-A2-01,PHC-DST-A2-02,DST-A2,2024-03-24,31.9,51.4,OPEN,LOW
PHC-DST-A2-01,PHC-DST-A2-02,DST-A2,2024-03-25,31.9,51.3,OPEN,LOW
PHC-DST-A2-01,PHC-DST-A2-02,DST-A2,2024-03-26,31.9,45.5,OPEN,LOW
PHC-DST-A2-01,PHC-DST-A2-02,DST-A2,2024-03-27,31.9,48.4,OPEN,LOW
PHC-DST-A2-01,PHC-DST-A2-02,DST-A2,2024-03-28,31.9,51.9,OPEN,LOW
PHC-DST-A2-01,PHC-DST-A2-02,DST-A2,2024-03-29,31.9,49.1,OPEN,LOW
PHC-DST-A2-01,PHC-DST-A2-02,DST-A2,2024-03-30,31.9,50.2,OPEN,LOW
PHC-DST-A2-01,PHC-DST-A2-02,DST-A2,2024-03-31,31.9,51.4,OPEN,LOW
PHC-DST-A2-01,PHC-DST-A2-02,DST-A2,2024-04-01,31.9,45.5,OPEN,LOW
PHC-DST-A2-01,PHC-DST-A2-02,DST-A2,2024-04-02,31.9,49.4,OPEN,LOW
PHC-DST-A2-01,PHC-DST-A2-02,DST-A2,2024-04-03,31.9,51.4,OPEN,LOW
PHC-DST-A2-01,PHC-DST-A2-02,DST-A2,2024-04-04,31.9,46.9,OPEN,LOW
PHC-DST-A2-01,PHC-DST-A2-02,DST-A2,2024-04-05,31.9,48.9,OPEN,LOW
PHC-DST-A2-01,PHC-DST-A2-02,DST-A2,2024-04-06,31.9,50.5,OPEN,LOW
PHC-DST-A2-01,PHC-DST-A2-02,DST-A2,2024-04-07,31.9,46.7,OPEN,LOW
PHC-DST-A2-01,PHC-DST-A2-02,DST-A2,2024-04-08,31.9,52.3,OPEN,LOW
PHC-DST-A2-01,PHC-DST-A2-02,DST-A2,2024-04-09,31.9,50.3,OPEN,LOW
PHC-DST-A2-01,PHC-DST-A2-02,DST-A2,2024-04-10,31.9,48.8,OPEN,LOW
PHC-DST-A2-01,PHC-DST-A2-02,DST-A2,2024-04-11,31.9,49.3,OPEN,LOW
PHC-DST-A2-01,PHC-DST-A2-02,DST-A2,2024-04-12,31.9,51.5,OPEN,LOW
PHC-DST-A2-01,PHC-DST-A2-02,DST-A2,2024-04-13,31.9,49.9,OPEN,LOW
PHC-DST-A2-01,PHC-DST-A2-02,DST-A2,2024-04-14,31.9,51.5,OPEN,LOW
PHC-DST-A2-01,PHC-DST-A2-02,DST-A2,2024-04-15,31.9,52.6,OPEN,LOW
PHC-DST-A2-01,PHC-DST-A2-02,DST-A2,2024-04-16,31.9,46.4,OPEN,LOW
PHC-DST-A2-01,PHC-DST-A2-02,DST-A2,2024-04-17,31.9,48.0,OPEN,LOW
PHC-DST-A2-01,PHC-DST-A2-02,DST-A2,2024-04-18,31.9,52.2,OPEN,LOW
PHC-DST-A2-01,PHC-DST-A2-02,DST-A2,2024-04-19,31.9,49.8,OPEN,LOW
PHC-DST-A2-01,PHC-DST-A2-02,DST-A2,2024-04-20,31.9,49.0,OPEN,LOW
PHC-DST-A2-01,PHC-DST-A2-02,DST-A2,2024-04-21,31.9,47.6,OPEN,LOW
PHC-DST-A2-01,PHC-DST-A2-02,DST-A2,2024-04-22,31.9,46.2,OPEN,LOW
PHC-DST-A2-01,PHC-DST-A2-02,DST-A2,2024-04-23,31.9,48.8,OPEN,LOW
PHC-DST-A2-01,PHC-DST-A2-02,DST-A2,2024-04-24,31.9,47.6,OPEN,LOW
PHC-DST-A2-01,PHC-DST-A2-02,DST-A2,2024-04-25,31.9,49.8,OPEN,LOW
PHC-DST-A2-01,PHC-DST-A2-02,DST-A2,2024-04-26,31.9,52.2,OPEN,LOW
PHC-DST-A2-01,PHC-DST-A2-02,DST-A2,2024-04-27,31.9,48.8,OPEN,LOW
PHC-DST-A2-01,PHC-DST-A2-02,DST-A2,2024-04-28,31.9,47.4,OPEN,LOW
PHC-DST-A2-01,PHC-DST-A2-02,DST-A2,2024-04-29,31.9,46.9,OPEN,LOW
PHC-DST-A2-01,PHC-DST-A2-02,DST-A2,2024-04-30,31.9,52.5,OPEN,LOW
PHC-DST-A2-01,PHC-DST-A2-02,DST-A2,2024-05-01,31.9,50.4,OPEN,LOW
PHC-DST-A2-01,PHC-DST-A2-02,DST-A2,2024-05-02,31.9,50.8,OPEN,LOW
PHC-DST-A2-01,PHC-DST-A2-02,DST-A2,2024-05-03,31.9,48.3,OPEN,LOW
PHC-DST-A2-01,PHC-DST-A2-02,DST-A2,2024-05-04,31.9,49.7,OPEN,LOW
PHC-DST-A2-01,PHC-DST-A2-02,DST-A2,2024-05-05,31.9,51.3,OPEN,LOW
PHC-DST-A2-01,PHC-DST-A2-02,DST-A2,2024-05-06,31.9,47.9,OPEN,LOW
PHC-DST-A2-01,PHC-DST-A2-02,DST-A2,2024-05-07,31.9,48.3,OPEN,LOW
PHC-DST-A2-01,PHC-DST-A2-02,DST-A2,2024-05-08,31.9,49.4,OPEN,LOW
PHC-DST-A2-01,PHC-DST-A2-02,DST-A2,2024-05-09,31.9,51.1,OPEN,LOW
PHC-DST-A2-01,PHC-DST-A2-02,DST-A2,2024-05-10,31.9,48.9,OPEN,LOW
PHC-DST-A2-01,PHC-DST-A2-02,DST-A2,2024-05-11,31.9,52.0,OPEN,LOW
PHC-DST-A2-01,PHC-DST-A2-02,DST-A2,2024-05-12,31.9,48.8,OPEN,LOW
PHC-DST-A2-01,PHC-DST-A2-02,DST-A2,2024-05-13,31.9,48.1,OPEN,LOW
PHC-DST-A2-01,PHC-DST-A2-02,DST-A2,2024-05-14,31.9,49.7,OPEN,LOW
PHC-DST-A2-01,PHC-DST-A2-02,DST-A2,2024-05-15,31.9,51.5,OPEN,LOW
PHC-DST-A2-01,PHC-DST-A2-02,DST-A2,2024-05-16,31.9,47.3,OPEN,LOW
PHC-DST-A2-01,PHC-DST-A2-02,DST-A2,2024-05-17,31.9,51.0,OPEN,LOW
PHC-DST-A2-01,PHC-DST-A2-02,DST-A2,2024-05-18,31.9,51.1,OPEN,LOW
PHC-DST-A2-01,PHC-DST-A2-02,DST-A2,2024-05-19,31.9,49.2,OPEN,LOW
PHC-DST-A2-01,PHC-DST-A2-02,DST-A2,2024-05-20,31.9,47.8,OPEN,LOW
PHC-DST-A2-01,PHC-DST-A2-02,DST-A2,2024-05-21,31.9,50.7,OPEN,LOW
PHC-DST-A2-01,PHC-DST-A2-02,DST-A2,2024-05-22,31.9,47.6,OPEN,LOW
PHC-DST-A2-01,PHC-DST-A2-02,DST-A2,2024-05-23,31.9,45.6,OPEN,LOW
PHC-DST-A2-01,PHC-DST-A2-02,DST-A2,2024-05-24,31.9,45.5,OPEN,LOW
PHC-DST-A2-01,PHC-DST-A2-02,DST-A2,2024-05-25,31.9,51.2,OPEN,LOW
PHC-DST-A2-01,PHC-DST-A2-02,DST-A2,2024-05-26,31.9,47.7,OPEN,LOW
PHC-DST-A2-01,PHC-DST-A2-02,DST-A2,2024-05-27,31.9,50.6,OPEN,LOW
PHC-DST-A2-01,PHC-DST-A2-02,DST-A2,2024-05-28,31.9,47.8,OPEN,LOW
PHC-DST-A2-01,PHC-DST-A2-02,DST-A2,2024-05-29,31.9,50.8,OPEN,LOW
PHC-DST-A2-01,PHC-DST-A2-02,DST-A2,2024-05-30,31.9,47.7,OPEN,LOW
PHC-DST-A2-01,PHC-DST-A2-02,DST-A2,2024-05-31,31.9,50.4,OPEN,LOW
PHC-DST-A2-01,PHC-DST-A2-02,DST-A2,2024-06-01,31.9,50.5,OPEN,LOW
PHC-DST-A2-01,PHC-DST-A2-02,DST-A2,2024-06-02,31.9,47.2,OPEN,LOW
PHC-DST-A2-01,PHC-DST-A2-02,DST-A2,2024-06-03,31.9,52.3,OPEN,LOW
PHC-DST-A2-01,PHC-DST-A2-02,DST-A2,2024-06-04,31.9,52.3,OPEN,LOW
PHC-DST-A2-01,PHC-DST-A2-02,DST-A2,2024-06-05,31.9,48.9,OPEN,LOW
PHC-DST-A2-01,PHC-DST-A2-02,DST-A2,2024-06-06,31.9,46.8,OPEN,LOW
PHC-DST-A2-01,PHC-DST-A2-02,DST-A2,2024-06-07,31.9,51.7,OPEN,LOW
PHC-DST-A2-01,PHC-DST-A2-02,DST-A2,2024-06-08,31.9,47.0,OPEN,LOW
PHC-DST-A2-01,PHC-DST-A2-02,DST-A2,2024-06-09,31.9,47.1,OPEN,LOW
PHC-DST-A2-01,PHC-DST-A2-02,DST-A2,2024-06-10,31.9,47.0,OPEN,LOW
PHC-DST-A2-01,PHC-DST-A2-02,DST-A2,2024-06-11,31.9,51.8,OPEN,LOW
PHC-DST-A2-01,PHC-DST-A2-02,DST-A2,2024-06-12,31.9,52.3,OPEN,LOW
PHC-DST-A2-01,PHC-DST-A2-02,DST-A2,2024-06-13,31.9,51.5,OPEN,LOW
PHC-DST-A2-01,PHC-DST-A2-02,DST-A2,2024-06-14,31.9,51.8,OPEN,LOW
PHC-DST-A2-01,PHC-DST-A2-02,DST-A2,2024-06-15,31.9,51.4,OPEN,LOW
PHC-DST-A2-01,PHC-DST-A2-02,DST-A2,2024-06-16,31.9,51.1,OPEN,LOW
PHC-DST-A2-01,PHC-DST-A2-02,DST-A2,2024-06-17,31.9,48.8,OPEN,LOW
PHC-DST-A2-01,PHC-DST-A2-02,DST-A2,2024-06-18,31.9,47.0,OPEN,LOW
PHC-DST-A2-01,PHC-DST-A2-02,DST-A2,2024-06-19,31.9,52.0,OPEN,LOW
PHC-DST-A2-01,PHC-DST-A2-02,DST-A2,2024-06-20,31.9,49.6,OPEN,LOW
PHC-DST-A2-01,PHC-DST-A2-02,DST-A2,2024-06-21,31.9,52.2,OPEN,LOW
PHC-DST-A2-01,PHC-DST-A2-02,DST-A2,2024-06-22,31.9,52.4,OPEN,LOW
PHC-DST-A2-01,PHC-DST-A2-02,DST-A2,2024-06-23,31.9,50.3,OPEN,LOW
PHC-DST-A2-01,PHC-DST-A2-02,DST-A2,2024-06-24,31.9,48.6,OPEN,LOW
PHC-DST-A2-01,PHC-DST-A2-02,DST-A2,2024-06-25,31.9,48.0,OPEN,LOW
PHC-DST-A2-01,PHC-DST-A2-02,DST-A2,2024-06-26,31.9,46.1,OPEN,LOW
PHC-DST-A2-01,PHC-DST-A2-02,DST-A2,2024-06-27,31.9,52.5,OPEN,LOW
PHC-DST-A2-01,PHC-DST-A2-02,DST-A2,2024-06-28,31.9,51.5,OPEN,LOW
PHC-DST-A2-01,PHC-DST-A2-02,DST-A2,2024-06-29,31.9,48.4,OPEN,LOW
PHC-DST-A2-01,PHC-DST-A2-02,DST-A2,2024-06-30,31.9,46.0,OPEN,LOW
PHC-DST-A2-01,PHC-DST-A2-02,DST-A2,2024-07-01,31.9,47.8,OPEN,LOW
PHC-DST-A2-01,PHC-DST-A2-02,DST-A2,2024-07-02,31.9,47.7,OPEN,LOW
PHC-DST-A2-01,PHC-DST-A2-02,DST-A2,2024-07-03,31.9,50.2,OPEN,LOW
PHC-DST-A2-01,PHC-DST-A2-02,DST-A2,2024-07-04,31.9,46.0,OPEN,LOW
PHC-DST-A2-01,PHC-DST-A2-02,DST-A2,2024-07-05,31.9,86.7,DEGRADED,MODERATE
PHC-DST-A2-01,PHC-DST-A2-02,DST-A2,2024-07-06,31.9,46.0,OPEN,LOW
PHC-DST-A2-01,PHC-DST-A2-02,DST-A2,2024-07-07,31.9,51.2,OPEN,LOW
PHC-DST-A2-01,PHC-DST-A2-02,DST-A2,2024-07-08,31.9,49.5,OPEN,LOW
PHC-DST-A2-01,PHC-DST-A2-02,DST-A2,2024-07-09,31.9,50.0,OPEN,LOW
PHC-DST-A2-01,PHC-DST-A2-02,DST-A2,2024-07-10,31.9,46.7,OPEN,LOW
PHC-DST-A2-01,PHC-DST-A2-02,DST-A2,2024-07-11,31.9,79.7,DEGRADED,LOW
PHC-DST-A2-01,PHC-DST-A2-02,DST-A2,2024-07-12,31.9,46.3,OPEN,LOW
PHC-DST-A2-01,PHC-DST-A2-02,DST-A2,2024-07-13,31.9,49.0,OPEN,LOW
PHC-DST-A2-01,PHC-DST-A2-02,DST-A2,2024-07-14,31.9,80.1,DEGRADED,LOW
PHC-DST-A2-01,PHC-DST-A2-02,DST-A2,2024-07-15,31.9,47.5,OPEN,LOW
PHC-DST-A2-01,PHC-DST-A2-02,DST-A2,2024-07-16,31.9,48.9,OPEN,LOW
PHC-DST-A2-01,PHC-DST-A2-02,DST-A2,2024-07-17,31.9,50.7,OPEN,LOW
PHC-DST-A2-01,PHC-DST-A2-02,DST-A2,2024-07-18,31.9,87.7,DEGRADED,LOW
PHC-DST-A2-01,PHC-DST-A2-02,DST-A2,2024-07-19,31.9,46.2,OPEN,LOW
PHC-DST-A2-01,PHC-DST-A2-02,DST-A2,2024-07-20,31.9,46.3,OPEN,LOW
PHC-DST-A2-01,PHC-DST-A2-02,DST-A2,2024-07-21,31.9,69.9,DEGRADED,MODERATE
PHC-DST-A2-01,PHC-DST-A2-02,DST-A2,2024-07-22,31.9,50.6,OPEN,LOW
PHC-DST-A2-01,PHC-DST-A2-02,DST-A2,2024-07-23,31.9,48.9,OPEN,LOW
PHC-DST-A2-01,PHC-DST-A2-02,DST-A2,2024-07-24,31.9,50.4,OPEN,LOW
PHC-DST-A2-01,PHC-DST-A2-02,DST-A2,2024-07-25,31.9,47.5,OPEN,LOW
PHC-DST-A2-01,PHC-DST-A2-02,DST-A2,2024-07-26,31.9,50.4,OPEN,LOW
PHC-DST-A2-01,PHC-DST-A2-02,DST-A2,2024-07-27,31.9,52.2,OPEN,LOW
PHC-DST-A2-01,PHC-DST-A2-02,DST-A2,2024-07-28,31.9,47.5,OPEN,LOW
PHC-DST-A2-01,PHC-DST-A2-02,DST-A2,2024-07-29,31.9,51.0,OPEN,LOW
PHC-DST-A2-01,PHC-DST-A2-02,DST-A2,2024-07-30,31.9,52.5,OPEN,LOW
PHC-DST-A2-01,PHC-DST-A2-02,DST-A2,2024-07-31,31.9,68.5,DEGRADED,MODERATE
PHC-DST-A2-01,PHC-DST-A2-02,DST-A2,2024-08-01,31.9,67.8,DEGRADED,MODERATE
PHC-DST-A2-01,PHC-DST-A2-02,DST-A2,2024-08-02,31.9,48.1,OPEN,LOW
PHC-DST-A2-01,PHC-DST-A2-02,DST-A2,2024-08-03,31.9,46.3,OPEN,LOW
PHC-DST-A2-01,PHC-DST-A2-02,DST-A2,2024-08-04,31.9,75.1,DEGRADED,LOW
PHC-DST-A2-01,PHC-DST-A2-02,DST-A2,2024-08-05,31.9,47.3,OPEN,LOW
PHC-DST-A2-01,PHC-DST-A2-02,DST-A2,2024-08-06,31.9,48.2,OPEN,LOW
PHC-DST-A2-01,PHC-DST-A2-02,DST-A2,2024-08-07,31.9,46.6,OPEN,LOW
PHC-DST-A2-01,PHC-DST-A2-02,DST-A2,2024-08-08,31.9,51.3,OPEN,LOW
PHC-DST-A2-01,PHC-DST-A2-02,DST-A2,2024-08-09,31.9,47.8,OPEN,LOW
PHC-DST-A2-01,PHC-DST-A2-02,DST-A2,2024-08-10,31.9,46.4,OPEN,LOW
PHC-DST-A2-01,PHC-DST-A2-02,DST-A2,2024-08-11,31.9,51.8,OPEN,LOW
PHC-DST-A2-01,PHC-DST-A2-02,DST-A2,2024-08-12,31.9,51.4,OPEN,LOW
PHC-DST-A2-01,PHC-DST-A2-02,DST-A2,2024-08-13,31.9,48.2,OPEN,LOW
PHC-DST-A2-01,PHC-DST-A2-02,DST-A2,2024-08-14,31.9,76.1,DEGRADED,MODERATE
PHC-DST-A2-01,PHC-DST-A2-02,DST-A2,2024-08-15,31.9,84.2,DEGRADED,LOW
PHC-DST-A2-01,PHC-DST-A2-02,DST-A2,2024-08-16,31.9,48.2,OPEN,LOW
PHC-DST-A2-01,PHC-DST-A2-02,DST-A2,2024-08-17,31.9,293.7,BLOCKED,SEVERE
PHC-DST-A2-01,PHC-DST-A2-02,DST-A2,2024-08-18,31.9,47.8,OPEN,LOW
PHC-DST-A2-01,PHC-DST-A2-02,DST-A2,2024-08-19,31.9,49.1,OPEN,LOW
PHC-DST-A2-01,PHC-DST-A2-02,DST-A2,2024-08-20,31.9,46.0,OPEN,LOW
PHC-DST-A2-01,PHC-DST-A2-02,DST-A2,2024-08-21,31.9,46.3,OPEN,LOW
PHC-DST-A2-01,PHC-DST-A2-02,DST-A2,2024-08-22,31.9,315.1,BLOCKED,SEVERE
PHC-DST-A2-01,PHC-DST-A2-02,DST-A2,2024-08-23,31.9,49.2,OPEN,LOW
PHC-DST-A2-01,PHC-DST-A2-02,DST-A2,2024-08-24,31.9,51.5,OPEN,LOW
PHC-DST-A2-01,PHC-DST-A2-02,DST-A2,2024-08-25,31.9,45.6,OPEN,LOW
PHC-DST-A2-01,PHC-DST-A2-02,DST-A2,2024-08-26,31.9,47.7,OPEN,LOW
PHC-DST-A2-01,PHC-DST-A2-02,DST-A2,2024-08-27,31.9,51.4,OPEN,LOW
PHC-DST-A2-01,PHC-DST-A2-02,DST-A2,2024-08-28,31.9,275.2,BLOCKED,MODERATE
PHC-DST-A2-01,PHC-DST-A2-02,DST-A2,2024-08-29,31.9,48.2,OPEN,LOW
PHC-DST-A2-01,PHC-DST-A2-02,DST-A2,2024-08-30,31.9,70.6,DEGRADED,LOW
PHC-DST-A2-01,PHC-DST-A2-02,DST-A2,2024-08-31,31.9,46.0,OPEN,LOW
PHC-DST-A2-01,PHC-DST-A2-02,DST-A2,2024-09-01,31.9,48.5,OPEN,LOW
PHC-DST-A2-01,PHC-DST-A2-02,DST-A2,2024-09-02,31.9,52.2,OPEN,LOW
PHC-DST-A2-01,PHC-DST-A2-02,DST-A2,2024-09-03,31.9,47.9,OPEN,LOW
PHC-DST-A2-01,PHC-DST-A2-02,DST-A2,2024-09-04,31.9,46.0,OPEN,LOW
PHC-DST-A2-01,PHC-DST-A2-02,DST-A2,2024-09-05,31.9,47.4,OPEN,LOW
PHC-DST-A2-01,PHC-DST-A2-02,DST-A2,2024-09-06,31.9,47.5,OPEN,LOW
PHC-DST-A2-01,PHC-DST-A2-02,DST-A2,2024-09-07,31.9,247.9,BLOCKED,SEVERE
PHC-DST-A2-01,PHC-DST-A2-02,DST-A2,2024-09-08,31.9,84.7,DEGRADED,LOW
PHC-DST-A2-01,PHC-DST-A2-02,DST-A2,2024-09-09,31.9,46.0,OPEN,LOW
PHC-DST-A2-01,PHC-DST-A2-02,DST-A2,2024-09-10,31.9,71.6,DEGRADED,LOW
PHC-DST-A2-01,PHC-DST-A2-02,DST-A2,2024-09-11,31.9,87.6,DEGRADED,LOW
PHC-DST-A2-01,PHC-DST-A2-02,DST-A2,2024-09-12,31.9,88.7,DEGRADED,MODERATE
PHC-DST-A2-01,PHC-DST-A2-02,DST-A2,2024-09-13,31.9,68.9,DEGRADED,MODERATE
PHC-DST-A2-01,PHC-DST-A2-02,DST-A2,2024-09-14,31.9,49.4,OPEN,LOW
PHC-DST-A2-01,PHC-DST-A2-02,DST-A2,2024-09-15,31.9,46.2,OPEN,LOW
PHC-DST-A2-01,PHC-DST-A2-02,DST-A2,2024-09-16,31.9,47.1,OPEN,LOW
PHC-DST-A2-01,PHC-DST-A2-02,DST-A2,2024-09-17,31.9,51.6,OPEN,LOW
PHC-DST-A2-01,PHC-DST-A2-02,DST-A2,2024-09-18,31.9,51.3,OPEN,LOW
PHC-DST-A2-01,PHC-DST-A2-02,DST-A2,2024-09-19,31.9,47.6,OPEN,LOW
PHC-DST-A2-01,PHC-DST-A2-02,DST-A2,2024-09-20,31.9,48.5,OPEN,LOW
PHC-DST-A2-01,PHC-DST-A2-02,DST-A2,2024-09-21,31.9,47.7,OPEN,LOW
PHC-DST-A2-01,PHC-DST-A2-02,DST-A2,2024-09-22,31.9,48.9,OPEN,LOW
PHC-DST-A2-01,PHC-DST-A2-02,DST-A2,2024-09-23,31.9,50.5,OPEN,LOW
PHC-DST-A2-01,PHC-DST-A2-02,DST-A2,2024-09-24,31.9,46.3,OPEN,LOW
PHC-DST-A2-01,PHC-DST-A2-02,DST-A2,2024-09-25,31.9,70.3,DEGRADED,MODERATE
PHC-DST-A2-01,PHC-DST-A2-02,DST-A2,2024-09-26,31.9,50.8,OPEN,LOW
PHC-DST-A2-01,PHC-DST-A2-02,DST-A2,2024-09-27,31.9,67.8,DEGRADED,MODERATE
PHC-DST-A2-01,PHC-DST-A2-02,DST-A2,2024-09-28,31.9,50.1,OPEN,LOW
PHC-DST-A2-01,PHC-DST-A2-02,DST-A2,2024-09-29,31.9,49.6,OPEN,LOW
PHC-DST-A2-01,PHC-DST-A2-02,DST-A2,2024-09-30,31.9,45.7,OPEN,LOW
PHC-DST-A2-01,PHC-DST-A2-02,DST-A2,2024-10-01,31.9,49.2,OPEN,LOW
PHC-DST-A2-01,PHC-DST-A2-02,DST-A2,2024-10-02,31.9,45.6,OPEN,LOW
PHC-DST-A2-01,PHC-DST-A2-02,DST-A2,2024-10-03,31.9,50.4,OPEN,LOW
PHC-DST-A2-01,PHC-DST-A2-02,DST-A2,2024-10-04,31.9,51.1,OPEN,LOW
PHC-DST-A2-01,PHC-DST-A2-02,DST-A2,2024-10-05,31.9,50.0,OPEN,LOW
PHC-DST-A2-01,PHC-DST-A2-02,DST-A2,2024-10-06,31.9,46.8,OPEN,LOW
PHC-DST-A2-01,PHC-DST-A2-02,DST-A2,2024-10-07,31.9,51.7,OPEN,LOW
PHC-DST-A2-01,PHC-DST-A2-02,DST-A2,2024-10-08,31.9,45.5,OPEN,LOW
PHC-DST-A2-01,PHC-DST-A2-02,DST-A2,2024-10-09,31.9,51.5,OPEN,LOW
PHC-DST-A2-01,PHC-DST-A2-02,DST-A2,2024-10-10,31.9,50.9,OPEN,LOW
PHC-DST-A2-01,PHC-DST-A2-02,DST-A2,2024-10-11,31.9,47.5,OPEN,LOW
PHC-DST-A2-01,PHC-DST-A2-02,DST-A2,2024-10-12,31.9,50.2,OPEN,LOW
PHC-DST-A2-01,PHC-DST-A2-02,DST-A2,2024-10-13,31.9,46.9,OPEN,LOW
PHC-DST-A2-01,PHC-DST-A2-02,DST-A2,2024-10-14,31.9,47.1,OPEN,LOW
PHC-DST-A2-01,PHC-DST-A2-02,DST-A2,2024-10-15,31.9,49.1,OPEN,LOW
PHC-DST-A2-01,PHC-DST-A2-02,DST-A2,2024-10-16,31.9,46.4,OPEN,LOW
PHC-DST-A2-01,PHC-DST-A2-02,DST-A2,2024-10-17,31.9,48.3,OPEN,LOW
PHC-DST-A2-01,PHC-DST-A2-02,DST-A2,2024-10-18,31.9,50.1,OPEN,LOW
PHC-DST-A2-01,PHC-DST-A2-02,DST-A2,2024-10-19,31.9,49.6,OPEN,LOW
PHC-DST-A2-01,PHC-DST-A2-02,DST-A2,2024-10-20,31.9,51.7,OPEN,LOW
PHC-DST-A2-01,PHC-DST-A2-02,DST-A2,2024-10-21,31.9,49.5,OPEN,LOW
PHC-DST-A2-01,PHC-DST-A2-02,DST-A2,2024-10-22,31.9,50.2,OPEN,LOW
PHC-DST-A2-01,PHC-DST-A2-02,DST-A2,2024-10-23,31.9,45.6,OPEN,LOW
PHC-DST-A2-01,PHC-DST-A2-02,DST-A2,2024-10-24,31.9,50.9,OPEN,LOW
PHC-DST-A2-01,PHC-DST-A2-02,DST-A2,2024-10-25,31.9,47.2,OPEN,LOW
PHC-DST-A2-01,PHC-DST-A2-02,DST-A2,2024-10-26,31.9,51.5,OPEN,LOW
PHC-DST-A2-01,PHC-DST-A2-02,DST-A2,2024-10-27,31.9,49.5,OPEN,LOW
PHC-DST-A2-01,PHC-DST-A2-02,DST-A2,2024-10-28,31.9,49.9,OPEN,LOW
PHC-DST-A2-01,PHC-DST-A2-02,DST-A2,2024-10-29,31.9,51.4,OPEN,LOW
PHC-DST-A2-01,PHC-DST-A2-02,DST-A2,2024-10-30,31.9,51.0,OPEN,LOW
PHC-DST-A2-01,PHC-DST-A2-02,DST-A2,2024-10-31,31.9,50.6,OPEN,LOW
PHC-DST-A2-01,PHC-DST-A2-02,DST-A2,2024-11-01,31.9,46.9,OPEN,LOW
PHC-DST-A2-01,PHC-DST-A2-02,DST-A2,2024-11-02,31.9,47.0,OPEN,LOW
PHC-DST-A2-01,PHC-DST-A2-02,DST-A2,2024-11-03,31.9,46.5,OPEN,LOW
PHC-DST-A2-01,PHC-DST-A2-02,DST-A2,2024-11-04,31.9,52.6,OPEN,LOW
PHC-DST-A2-01,PHC-DST-A2-02,DST-A2,2024-11-05,31.9,51.1,OPEN,LOW
PHC-DST-A2-01,PHC-DST-A2-02,DST-A2,2024-11-06,31.9,50.2,OPEN,LOW
PHC-DST-A2-01,PHC-DST-A2-02,DST-A2,2024-11-07,31.9,46.6,OPEN,LOW
PHC-DST-A2-01,PHC-DST-A2-02,DST-A2,2024-11-08,31.9,51.2,OPEN,LOW
PHC-DST-A2-01,PHC-DST-A2-02,DST-A2,2024-11-09,31.9,50.3,OPEN,LOW
PHC-DST-A2-01,PHC-DST-A2-02,DST-A2,2024-11-10,31.9,49.9,OPEN,LOW
PHC-DST-A2-01,PHC-DST-A2-02,DST-A2,2024-11-11,31.9,46.4,OPEN,LOW
PHC-DST-A2-01,PHC-DST-A2-02,DST-A2,2024-11-12,31.9,47.3,OPEN,LOW
PHC-DST-A2-01,PHC-DST-A2-02,DST-A2,2024-11-13,31.9,49.5,OPEN,LOW
PHC-DST-A2-01,PHC-DST-A2-02,DST-A2,2024-11-14,31.9,48.2,OPEN,LOW
PHC-DST-A2-01,PHC-DST-A2-02,DST-A2,2024-11-15,31.9,47.5,OPEN,LOW
PHC-DST-A2-01,PHC-DST-A2-02,DST-A2,2024-11-16,31.9,48.0,OPEN,LOW
PHC-DST-A2-01,PHC-DST-A2-02,DST-A2,2024-11-17,31.9,46.6,OPEN,LOW
PHC-DST-A2-01,PHC-DST-A2-02,DST-A2,2024-11-18,31.9,49.1,OPEN,LOW
PHC-DST-A2-01,PHC-DST-A2-02,DST-A2,2024-11-19,31.9,49.1,OPEN,LOW
PHC-DST-A2-01,PHC-DST-A2-02,DST-A2,2024-11-20,31.9,52.4,OPEN,LOW
PHC-DST-A2-01,PHC-DST-A2-02,DST-A2,2024-11-21,31.9,49.9,OPEN,LOW
PHC-DST-A2-01,PHC-DST-A2-02,DST-A2,2024-11-22,31.9,51.9,OPEN,LOW
PHC-DST-A2-01,PHC-DST-A2-02,DST-A2,2024-11-23,31.9,50.1,OPEN,LOW
PHC-DST-A2-01,PHC-DST-A2-02,DST-A2,2024-11-24,31.9,51.3,OPEN,LOW
PHC-DST-A2-01,PHC-DST-A2-02,DST-A2,2024-11-25,31.9,50.1,OPEN,LOW
PHC-DST-A2-01,PHC-DST-A2-02,DST-A2,2024-11-26,31.9,47.0,OPEN,LOW
PHC-DST-A2-01,PHC-DST-A2-02,DST-A2,2024-11-27,31.9,51.3,OPEN,LOW
PHC-DST-A2-01,PHC-DST-A2-02,DST-A2,2024-11-28,31.9,51.8,OPEN,LOW
PHC-DST-A2-01,PHC-DST-A2-02,DST-A2,2024-11-29,31.9,49.8,OPEN,LOW
PHC-DST-A2-01,PHC-DST-A2-02,DST-A2,2024-11-30,31.9,48.5,OPEN,LOW
PHC-DST-A2-01,PHC-DST-A2-02,DST-A2,2024-12-01,31.9,52.2,OPEN,LOW
PHC-DST-A2-01,PHC-DST-A2-02,DST-A2,2024-12-02,31.9,45.8,OPEN,LOW
PHC-DST-A2-01,PHC-DST-A2-02,DST-A2,2024-12-03,31.9,47.6,OPEN,LOW
PHC-DST-A2-01,PHC-DST-A2-02,DST-A2,2024-12-04,31.9,48.6,OPEN,LOW
PHC-DST-A2-01,PHC-DST-A2-02,DST-A2,2024-12-05,31.9,46.2,OPEN,LOW
PHC-DST-A2-01,PHC-DST-A2-02,DST-A2,2024-12-06,31.9,52.0,OPEN,LOW
PHC-DST-A2-01,PHC-DST-A2-02,DST-A2,2024-12-07,31.9,46.3,OPEN,LOW
PHC-DST-A2-01,PHC-DST-A2-02,DST-A2,2024-12-08,31.9,46.2,OPEN,LOW
PHC-DST-A2-01,PHC-DST-A2-02,DST-A2,2024-12-09,31.9,47.4,OPEN,LOW
PHC-DST-A2-01,PHC-DST-A2-02,DST-A2,2024-12-10,31.9,46.1,OPEN,LOW
PHC-DST-A2-01,PHC-DST-A2-02,DST-A2,2024-12-11,31.9,50.0,OPEN,LOW
PHC-DST-A2-01,PHC-DST-A2-02,DST-A2,2024-12-12,31.9,46.3,OPEN,LOW
PHC-DST-A2-01,PHC-DST-A2-02,DST-A2,2024-12-13,31.9,47.5,OPEN,LOW
PHC-DST-A2-01,PHC-DST-A2-02,DST-A2,2024-12-14,31.9,47.2,OPEN,LOW
PHC-DST-A2-01,PHC-DST-A2-02,DST-A2,2024-12-15,31.9,46.3,OPEN,LOW
PHC-DST-A2-01,PHC-DST-A2-02,DST-A2,2024-12-16,31.9,46.6,OPEN,LOW
PHC-DST-A2-01,PHC-DST-A2-02,DST-A2,2024-12-17,31.9,46.0,OPEN,LOW
PHC-DST-A2-01,PHC-DST-A2-02,DST-A2,2024-12-18,31.9,50.6,OPEN,LOW
PHC-DST-A2-01,PHC-DST-A2-02,DST-A2,2024-12-19,31.9,49.0,OPEN,LOW
PHC-DST-A2-01,PHC-DST-A2-02,DST-A2,2024-12-20,31.9,49.5,OPEN,LOW
PHC-DST-A2-01,PHC-DST-A2-02,DST-A2,2024-12-21,31.9,49.7,OPEN,LOW
PHC-DST-A2-01,PHC-DST-A2-02,DST-A2,2024-12-22,31.9,45.7,OPEN,LOW
PHC-DST-A2-01,PHC-DST-A2-02,DST-A2,2024-12-23,31.9,51.9,OPEN,LOW
PHC-DST-A2-01,PHC-DST-A2-02,DST-A2,2024-12-24,31.9,47.2,OPEN,LOW
PHC-DST-A2-01,PHC-DST-A2-02,DST-A2,2024-12-25,31.9,49.4,OPEN,LOW
PHC-DST-A2-01,PHC-DST-A2-02,DST-A2,2024-12-26,31.9,46.3,OPEN,LOW
PHC-DST-A2-01,PHC-DST-A2-02,DST-A2,2024-12-27,31.9,48.8,OPEN,LOW
PHC-DST-A2-01,PHC-DST-A2-02,DST-A2,2024-12-28,31.9,46.7,OPEN,LOW
PHC-DST-A2-01,PHC-DST-A2-02,DST-A2,2024-12-29,31.9,50.8,OPEN,LOW
PHC-DST-A2-01,PHC-DST-A2-02,DST-A2,2024-12-30,31.9,49.8,OPEN,LOW
PHC-DST-A2-01,PHC-DST-A2-02,DST-A2,2024-12-31,31.9,46.9,OPEN,LOW
PHC-DST-A2-01,PHC-DST-A2-02,DST-A2,2025-01-01,31.9,46.2,OPEN,LOW
PHC-DST-A2-01,PHC-DST-A2-02,DST-A2,2025-01-02,31.9,52.0,OPEN,LOW
PHC-DST-A2-01,PHC-DST-A2-02,DST-A2,2025-01-03,31.9,48.0,OPEN,LOW
PHC-DST-A2-01,PHC-DST-A2-02,DST-A2,2025-01-04,31.9,49.1,OPEN,LOW
PHC-DST-A2-01,PHC-DST-A2-02,DST-A2,2025-01-05,31.9,50.6,OPEN,LOW
PHC-DST-A2-01,PHC-DST-A2-02,DST-A2,2025-01-06,31.9,49.0,OPEN,LOW
PHC-DST-A2-01,PHC-DST-A2-02,DST-A2,2025-01-07,31.9,51.0,OPEN,LOW
PHC-DST-A2-01,PHC-DST-A2-02,DST-A2,2025-01-08,31.9,48.9,OPEN,LOW
PHC-DST-A2-01,PHC-DST-A2-02,DST-A2,2025-01-09,31.9,47.3,OPEN,LOW
PHC-DST-A2-01,PHC-DST-A2-02,DST-A2,2025-01-10,31.9,50.2,OPEN,LOW
PHC-DST-A2-01,PHC-DST-A2-02,DST-A2,2025-01-11,31.9,46.2,OPEN,LOW
PHC-DST-A2-01,PHC-DST-A2-02,DST-A2,2025-01-12,31.9,49.7,OPEN,LOW
PHC-DST-A2-01,PHC-DST-A2-02,DST-A2,2025-01-13,31.9,46.6,OPEN,LOW
PHC-DST-A2-01,PHC-DST-A2-02,DST-A2,2025-01-14,31.9,52.1,OPEN,LOW
PHC-DST-A2-01,PHC-DST-A2-02,DST-A2,2025-01-15,31.9,48.9,OPEN,LOW
PHC-DST-A2-01,PHC-DST-A2-02,DST-A2,2025-01-16,31.9,46.4,OPEN,LOW
PHC-DST-A2-01,PHC-DST-A2-02,DST-A2,2025-01-17,31.9,47.0,OPEN,LOW
PHC-DST-A2-01,PHC-DST-A2-02,DST-A2,2025-01-18,31.9,52.4,OPEN,LOW
PHC-DST-A2-01,PHC-DST-A2-02,DST-A2,2025-01-19,31.9,50.3,OPEN,LOW
PHC-DST-A2-01,PHC-DST-A2-02,DST-A2,2025-01-20,31.9,46.6,OPEN,LOW
PHC-DST-A2-01,PHC-DST-A2-02,DST-A2,2025-01-21,31.9,48.0,OPEN,LOW
PHC-DST-A2-01,PHC-DST-A2-02,DST-A2,2025-01-22,31.9,48.6,OPEN,LOW
PHC-DST-A2-01,PHC-DST-A2-02,DST-A2,2025-01-23,31.9,50.6,OPEN,LOW
PHC-DST-A2-01,PHC-DST-A2-02,DST-A2,2025-01-24,31.9,48.0,OPEN,LOW
PHC-DST-A2-01,PHC-DST-A2-02,DST-A2,2025-01-25,31.9,49.9,OPEN,LOW
PHC-DST-A2-01,PHC-DST-A2-02,DST-A2,2025-01-26,31.9,48.4,OPEN,LOW
PHC-DST-A2-01,PHC-DST-A2-02,DST-A2,2025-01-27,31.9,45.6,OPEN,LOW
PHC-DST-A2-01,PHC-DST-A2-02,DST-A2,2025-01-28,31.9,50.1,OPEN,LOW
PHC-DST-A2-01,PHC-DST-A2-02,DST-A2,2025-01-29,31.9,46.5,OPEN,LOW
PHC-DST-A2-01,PHC-DST-A2-02,DST-A2,2025-01-30,31.9,48.0,OPEN,LOW
PHC-DST-A2-01,PHC-DST-A2-02,DST-A2,2025-01-31,31.9,51.5,OPEN,LOW
PHC-DST-A2-01,PHC-DST-A2-02,DST-A2,2025-02-01,31.9,48.1,OPEN,LOW
PHC-DST-A2-01,PHC-DST-A2-02,DST-A2,2025-02-02,31.9,48.6,OPEN,LOW
PHC-DST-A2-01,PHC-DST-A2-02,DST-A2,2025-02-03,31.9,51.5,OPEN,LOW
PHC-DST-A2-01,PHC-DST-A2-02,DST-A2,2025-02-04,31.9,48.8,OPEN,LOW
PHC-DST-A2-01,PHC-DST-A2-02,DST-A2,2025-02-05,31.9,46.7,OPEN,LOW
PHC-DST-A2-01,PHC-DST-A2-02,DST-A2,2025-02-06,31.9,47.9,OPEN,LOW
PHC-DST-A2-01,PHC-DST-A2-02,DST-A2,2025-02-07,31.9,50.4,OPEN,LOW
PHC-DST-A2-01,PHC-DST-A2-02,DST-A2,2025-02-08,31.9,51.7,OPEN,LOW
PHC-DST-A2-01,PHC-DST-A2-02,DST-A2,2025-02-09,31.9,51.2,OPEN,LOW
PHC-DST-A2-01,PHC-DST-A2-02,DST-A2,2025-02-10,31.9,50.9,OPEN,LOW
PHC-DST-A2-01,PHC-DST-A2-02,DST-A2,2025-02-11,31.9,48.6,OPEN,LOW
PHC-DST-A2-01,PHC-DST-A2-02,DST-A2,2025-02-12,31.9,49.9,OPEN,LOW
PHC-DST-A2-01,PHC-DST-A2-02,DST-A2,2025-02-13,31.9,49.3,OPEN,LOW
PHC-DST-A2-01,PHC-DST-A2-02,DST-A2,2025-02-14,31.9,51.8,OPEN,LOW
PHC-DST-A2-01,PHC-DST-A2-02,DST-A2,2025-02-15,31.9,49.2,OPEN,LOW
PHC-DST-A2-01,PHC-DST-A2-02,DST-A2,2025-02-16,31.9,48.1,OPEN,LOW
PHC-DST-A2-01,PHC-DST-A2-02,DST-A2,2025-02-17,31.9,49.3,OPEN,LOW
PHC-DST-A2-01,PHC-DST-A2-02,DST-A2,2025-02-18,31.9,47.2,OPEN,LOW
PHC-DST-A2-01,PHC-DST-A2-02,DST-A2,2025-02-19,31.9,51.6,OPEN,LOW
PHC-DST-A2-01,PHC-DST-A2-02,DST-A2,2025-02-20,31.9,51.7,OPEN,LOW
PHC-DST-A2-01,PHC-DST-A2-02,DST-A2,2025-02-21,31.9,50.7,OPEN,LOW
PHC-DST-A2-01,PHC-DST-A2-02,DST-A2,2025-02-22,31.9,47.8,OPEN,LOW
PHC-DST-A2-01,PHC-DST-A2-02,DST-A2,2025-02-23,31.9,45.5,OPEN,LOW
PHC-DST-A2-01,PHC-DST-A2-02,DST-A2,2025-02-24,31.9,48.1,OPEN,LOW
PHC-DST-A2-01,PHC-DST-A2-02,DST-A2,2025-02-25,31.9,50.9,OPEN,LOW
PHC-DST-A2-01,PHC-DST-A2-02,DST-A2,2025-02-26,31.9,49.4,OPEN,LOW
PHC-DST-A2-01,PHC-DST-A2-02,DST-A2,2025-02-27,31.9,52.7,OPEN,LOW
PHC-DST-A2-01,PHC-DST-A2-02,DST-A2,2025-02-28,31.9,46.8,OPEN,LOW
PHC-DST-A2-01,PHC-DST-A2-02,DST-A2,2025-03-01,31.9,47.5,OPEN,LOW
PHC-DST-A2-01,PHC-DST-A2-02,DST-A2,2025-03-02,31.9,46.9,OPEN,LOW
PHC-DST-A2-01,PHC-DST-A2-02,DST-A2,2025-03-03,31.9,48.9,OPEN,LOW
PHC-DST-A2-01,PHC-DST-A2-02,DST-A2,2025-03-04,31.9,50.3,OPEN,LOW
PHC-DST-A2-01,PHC-DST-A2-02,DST-A2,2025-03-05,31.9,50.8,OPEN,LOW
PHC-DST-A2-01,PHC-DST-A2-02,DST-A2,2025-03-06,31.9,51.4,OPEN,LOW
PHC-DST-A2-01,PHC-DST-A2-02,DST-A2,2025-03-07,31.9,49.0,OPEN,LOW
PHC-DST-A2-01,PHC-DST-A2-02,DST-A2,2025-03-08,31.9,48.9,OPEN,LOW
PHC-DST-A2-01,PHC-DST-A2-02,DST-A2,2025-03-09,31.9,51.3,OPEN,LOW
PHC-DST-A2-01,PHC-DST-A2-02,DST-A2,2025-03-10,31.9,50.2,OPEN,LOW
PHC-DST-A2-01,PHC-DST-A2-02,DST-A2,2025-03-11,31.9,51.7,OPEN,LOW
PHC-DST-A2-01,PHC-DST-A2-02,DST-A2,2025-03-12,31.9,52.4,OPEN,LOW
PHC-DST-A2-01,PHC-DST-A2-02,DST-A2,2025-03-13,31.9,48.2,OPEN,LOW
PHC-DST-A2-01,PHC-DST-A2-02,DST-A2,2025-03-14,31.9,50.4,OPEN,LOW
PHC-DST-A2-01,PHC-DST-A2-02,DST-A2,2025-03-15,31.9,46.2,OPEN,LOW
PHC-DST-A2-01,PHC-DST-A2-02,DST-A2,2025-03-16,31.9,52.5,OPEN,LOW
PHC-DST-A2-01,PHC-DST-A2-02,DST-A2,2025-03-17,31.9,51.0,OPEN,LOW
PHC-DST-A2-01,PHC-DST-A2-02,DST-A2,2025-03-18,31.9,51.4,OPEN,LOW
PHC-DST-A2-01,PHC-DST-A2-02,DST-A2,2025-03-19,31.9,45.8,OPEN,LOW
PHC-DST-A2-01,PHC-DST-A2-02,DST-A2,2025-03-20,31.9,52.6,OPEN,LOW
PHC-DST-A2-01,PHC-DST-A2-02,DST-A2,2025-03-21,31.9,51.3,OPEN,LOW
PHC-DST-A2-01,PHC-DST-A2-02,DST-A2,2025-03-22,31.9,49.7,OPEN,LOW
PHC-DST-A2-01,PHC-DST-A2-02,DST-A2,2025-03-23,31.9,51.8,OPEN,LOW
PHC-DST-A2-01,PHC-DST-A2-02,DST-A2,2025-03-24,31.9,50.2,OPEN,LOW
PHC-DST-A2-01,PHC-DST-A2-02,DST-A2,2025-03-25,31.9,49.3,OPEN,LOW
PHC-DST-A2-01,PHC-DST-A2-02,DST-A2,2025-03-26,31.9,52.1,OPEN,LOW
PHC-DST-A2-01,PHC-DST-A2-02,DST-A2,2025-03-27,31.9,46.1,OPEN,LOW
PHC-DST-A2-01,PHC-DST-A2-02,DST-A2,2025-03-28,31.9,50.4,OPEN,LOW
PHC-DST-A2-01,PHC-DST-A2-02,DST-A2,2025-03-29,31.9,46.0,OPEN,LOW
PHC-DST-A2-01,PHC-DST-A2-02,DST-A2,2025-03-30,31.9,49.9,OPEN,LOW
PHC-DST-A2-01,PHC-DST-A2-02,DST-A2,2025-03-31,31.9,50.6,OPEN,LOW
PHC-DST-A2-01,PHC-DST-A2-02,DST-A2,2025-04-01,31.9,49.6,OPEN,LOW
PHC-DST-A2-01,PHC-DST-A2-02,DST-A2,2025-04-02,31.9,49.9,OPEN,LOW
PHC-DST-A2-01,PHC-DST-A2-02,DST-A2,2025-04-03,31.9,52.3,OPEN,LOW
PHC-DST-A2-01,PHC-DST-A2-02,DST-A2,2025-04-04,31.9,47.4,OPEN,LOW
PHC-DST-A2-01,PHC-DST-A2-02,DST-A2,2025-04-05,31.9,51.1,OPEN,LOW
PHC-DST-A2-01,PHC-DST-A2-02,DST-A2,2025-04-06,31.9,46.2,OPEN,LOW
PHC-DST-A2-01,PHC-DST-A2-02,DST-A2,2025-04-07,31.9,52.0,OPEN,LOW
PHC-DST-A2-01,PHC-DST-A2-02,DST-A2,2025-04-08,31.9,47.3,OPEN,LOW
PHC-DST-A2-01,PHC-DST-A2-02,DST-A2,2025-04-09,31.9,46.0,OPEN,LOW
PHC-DST-A2-01,PHC-DST-A2-02,DST-A2,2025-04-10,31.9,48.6,OPEN,LOW
PHC-DST-A2-01,PHC-DST-A2-02,DST-A2,2025-04-11,31.9,47.2,OPEN,LOW
PHC-DST-A2-01,PHC-DST-A2-02,DST-A2,2025-04-12,31.9,52.3,OPEN,LOW
PHC-DST-A2-01,PHC-DST-A2-02,DST-A2,2025-04-13,31.9,50.2,OPEN,LOW
PHC-DST-A2-01,PHC-DST-A2-02,DST-A2,2025-04-14,31.9,46.4,OPEN,LOW
PHC-DST-A2-01,PHC-DST-A2-02,DST-A2,2025-04-15,31.9,49.1,OPEN,LOW
PHC-DST-A2-01,PHC-DST-A2-02,DST-A2,2025-04-16,31.9,45.7,OPEN,LOW
PHC-DST-A2-01,PHC-DST-A2-02,DST-A2,2025-04-17,31.9,45.7,OPEN,LOW
PHC-DST-A2-01,PHC-DST-A2-02,DST-A2,2025-04-18,31.9,47.3,OPEN,LOW
PHC-DST-A2-01,PHC-DST-A2-02,DST-A2,2025-04-19,31.9,47.2,OPEN,LOW
PHC-DST-A2-01,PHC-DST-A2-02,DST-A2,2025-04-20,31.9,50.6,OPEN,LOW
PHC-DST-A2-01,PHC-DST-A2-02,DST-A2,2025-04-21,31.9,51.8,OPEN,LOW
PHC-DST-A2-01,PHC-DST-A2-02,DST-A2,2025-04-22,31.9,52.4,OPEN,LOW
PHC-DST-A2-01,PHC-DST-A2-02,DST-A2,2025-04-23,31.9,51.6,OPEN,LOW
PHC-DST-A2-01,PHC-DST-A2-02,DST-A2,2025-04-24,31.9,48.0,OPEN,LOW
PHC-DST-A2-01,PHC-DST-A2-02,DST-A2,2025-04-25,31.9,46.6,OPEN,LOW
PHC-DST-A2-01,PHC-DST-A2-02,DST-A2,2025-04-26,31.9,50.2,OPEN,LOW
PHC-DST-A2-01,PHC-DST-A2-02,DST-A2,2025-04-27,31.9,50.8,OPEN,LOW
PHC-DST-A2-01,PHC-DST-A2-02,DST-A2,2025-04-28,31.9,49.3,OPEN,LOW
PHC-DST-A2-01,PHC-DST-A2-02,DST-A2,2025-04-29,31.9,52.0,OPEN,LOW
PHC-DST-A2-01,PHC-DST-A2-02,DST-A2,2025-04-30,31.9,51.2,OPEN,LOW
PHC-DST-A2-01,PHC-DST-A2-02,DST-A2,2025-05-01,31.9,49.9,OPEN,LOW
PHC-DST-A2-01,PHC-DST-A2-02,DST-A2,2025-05-02,31.9,49.1,OPEN,LOW
PHC-DST-A2-01,PHC-DST-A2-02,DST-A2,2025-05-03,31.9,47.2,OPEN,LOW
PHC-DST-A2-01,PHC-DST-A2-02,DST-A2,2025-05-04,31.9,49.0,OPEN,LOW
PHC-DST-A2-01,PHC-DST-A2-02,DST-A2,2025-05-05,31.9,48.2,OPEN,LOW
PHC-DST-A2-01,PHC-DST-A2-02,DST-A2,2025-05-06,31.9,45.8,OPEN,LOW
PHC-DST-A2-01,PHC-DST-A2-02,DST-A2,2025-05-07,31.9,49.7,OPEN,LOW
PHC-DST-A2-01,PHC-DST-A2-02,DST-A2,2025-05-08,31.9,46.5,OPEN,LOW
PHC-DST-A2-01,PHC-DST-A2-02,DST-A2,2025-05-09,31.9,52.1,OPEN,LOW
PHC-DST-A2-01,PHC-DST-A2-02,DST-A2,2025-05-10,31.9,49.2,OPEN,LOW
PHC-DST-A2-01,PHC-DST-A2-02,DST-A2,2025-05-11,31.9,47.2,OPEN,LOW
PHC-DST-A2-01,PHC-DST-A2-02,DST-A2,2025-05-12,31.9,50.5,OPEN,LOW
PHC-DST-A2-01,PHC-DST-A2-02,DST-A2,2025-05-13,31.9,47.1,OPEN,LOW
PHC-DST-A2-01,PHC-DST-A2-02,DST-A2,2025-05-14,31.9,46.8,OPEN,LOW
PHC-DST-A2-01,PHC-DST-A2-02,DST-A2,2025-05-15,31.9,50.9,OPEN,LOW
PHC-DST-A2-01,PHC-DST-A2-02,DST-A2,2025-05-16,31.9,49.4,OPEN,LOW
PHC-DST-A2-01,PHC-DST-A2-02,DST-A2,2025-05-17,31.9,45.6,OPEN,LOW
PHC-DST-A2-01,PHC-DST-A2-02,DST-A2,2025-05-18,31.9,49.7,OPEN,LOW
PHC-DST-A2-01,PHC-DST-A2-02,DST-A2,2025-05-19,31.9,46.6,OPEN,LOW
PHC-DST-A2-01,PHC-DST-A2-02,DST-A2,2025-05-20,31.9,51.0,OPEN,LOW
PHC-DST-A2-01,PHC-DST-A2-02,DST-A2,2025-05-21,31.9,51.8,OPEN,LOW
PHC-DST-A2-01,PHC-DST-A2-02,DST-A2,2025-05-22,31.9,49.2,OPEN,LOW
PHC-DST-A2-01,PHC-DST-A2-02,DST-A2,2025-05-23,31.9,52.4,OPEN,LOW
PHC-DST-A2-01,PHC-DST-A2-02,DST-A2,2025-05-24,31.9,50.0,OPEN,LOW
PHC-DST-A2-01,PHC-DST-A2-02,DST-A2,2025-05-25,31.9,45.7,OPEN,LOW
PHC-DST-A2-01,PHC-DST-A2-02,DST-A2,2025-05-26,31.9,46.2,OPEN,LOW
PHC-DST-A2-01,PHC-DST-A2-02,DST-A2,2025-05-27,31.9,48.6,OPEN,LOW
PHC-DST-A2-01,PHC-DST-A2-02,DST-A2,2025-05-28,31.9,52.0,OPEN,LOW
PHC-DST-A2-01,PHC-DST-A2-02,DST-A2,2025-05-29,31.9,49.1,OPEN,LOW
PHC-DST-A2-01,PHC-DST-A2-02,DST-A2,2025-05-30,31.9,47.9,OPEN,LOW
PHC-DST-A2-01,PHC-DST-A2-02,DST-A2,2025-05-31,31.9,51.3,OPEN,LOW
PHC-DST-A2-01,PHC-DST-A2-02,DST-A2,2025-06-01,31.9,50.1,OPEN,LOW
PHC-DST-A2-01,PHC-DST-A2-02,DST-A2,2025-06-02,31.9,50.4,OPEN,LOW
PHC-DST-A2-01,PHC-DST-A2-02,DST-A2,2025-06-03,31.9,45.8,OPEN,LOW
PHC-DST-A2-01,PHC-DST-A2-02,DST-A2,2025-06-04,31.9,45.8,OPEN,LOW
PHC-DST-A2-01,PHC-DST-A2-02,DST-A2,2025-06-05,31.9,47.8,OPEN,LOW
PHC-DST-A2-01,PHC-DST-A2-02,DST-A2,2025-06-06,31.9,47.0,OPEN,LOW
PHC-DST-A2-01,PHC-DST-A2-02,DST-A2,2025-06-07,31.9,48.8,OPEN,LOW
PHC-DST-A2-01,PHC-DST-A2-02,DST-A2,2025-06-08,31.9,50.3,OPEN,LOW
PHC-DST-A2-01,PHC-DST-A2-02,DST-A2,2025-06-09,31.9,50.5,OPEN,LOW
PHC-DST-A2-01,PHC-DST-A2-02,DST-A2,2025-06-10,31.9,48.6,OPEN,LOW
PHC-DST-A2-01,PHC-DST-A2-02,DST-A2,2025-06-11,31.9,52.0,OPEN,LOW
PHC-DST-A2-01,PHC-DST-A2-02,DST-A2,2025-06-12,31.9,47.0,OPEN,LOW
PHC-DST-A2-01,PHC-DST-A2-02,DST-A2,2025-06-13,31.9,51.7,OPEN,LOW
PHC-DST-A2-01,PHC-DST-A2-02,DST-A2,2025-06-14,31.9,48.0,OPEN,LOW
PHC-DST-A2-01,PHC-DST-A2-02,DST-A2,2025-06-15,31.9,46.7,OPEN,LOW
PHC-DST-A2-01,PHC-DST-A2-02,DST-A2,2025-06-16,31.9,51.1,OPEN,LOW
PHC-DST-A2-01,PHC-DST-A2-02,DST-A2,2025-06-17,31.9,46.3,OPEN,LOW
PHC-DST-A2-01,PHC-DST-A2-02,DST-A2,2025-06-18,31.9,47.6,OPEN,LOW
PHC-DST-A2-01,PHC-DST-A2-02,DST-A2,2025-06-19,31.9,47.4,OPEN,LOW
PHC-DST-A2-01,PHC-DST-A2-02,DST-A2,2025-06-20,31.9,51.5,OPEN,LOW
PHC-DST-A2-01,PHC-DST-A2-02,DST-A2,2025-06-21,31.9,47.8,OPEN,LOW
PHC-DST-A2-01,PHC-DST-A2-02,DST-A2,2025-06-22,31.9,50.6,OPEN,LOW
PHC-DST-A2-01,PHC-DST-A2-02,DST-A2,2025-06-23,31.9,52.1,OPEN,LOW
PHC-DST-A2-01,PHC-DST-A2-02,DST-A2,2025-06-24,31.9,50.3,OPEN,LOW
PHC-DST-A2-01,PHC-DST-A2-02,DST-A2,2025-06-25,31.9,47.8,OPEN,LOW
PHC-DST-A2-01,PHC-DST-A2-02,DST-A2,2025-06-26,31.9,48.9,OPEN,LOW
PHC-DST-A2-01,PHC-DST-A2-02,DST-A2,2025-06-27,31.9,46.3,OPEN,LOW
PHC-DST-A2-01,PHC-DST-A2-02,DST-A2,2025-06-28,31.9,46.2,OPEN,LOW
PHC-DST-A2-01,PHC-DST-A2-02,DST-A2,2025-06-29,31.9,51.3,OPEN,LOW
PHC-DST-A2-01,PHC-DST-A2-02,DST-A2,2025-06-30,31.9,50.3,OPEN,LOW
PHC-DST-A2-02,PHC-DST-A2-03,DST-A2,2024-01-01,27.3,41.2,OPEN,LOW
PHC-DST-A2-02,PHC-DST-A2-03,DST-A2,2024-01-02,27.3,43.5,OPEN,LOW
PHC-DST-A2-02,PHC-DST-A2-03,DST-A2,2024-01-03,27.3,45.0,OPEN,LOW
PHC-DST-A2-02,PHC-DST-A2-03,DST-A2,2024-01-04,27.3,40.1,OPEN,LOW
PHC-DST-A2-02,PHC-DST-A2-03,DST-A2,2024-01-05,27.3,40.7,OPEN,LOW
PHC-DST-A2-02,PHC-DST-A2-03,DST-A2,2024-01-06,27.3,39.5,OPEN,LOW
PHC-DST-A2-02,PHC-DST-A2-03,DST-A2,2024-01-07,27.3,44.0,OPEN,LOW
PHC-DST-A2-02,PHC-DST-A2-03,DST-A2,2024-01-08,27.3,42.4,OPEN,LOW
PHC-DST-A2-02,PHC-DST-A2-03,DST-A2,2024-01-09,27.3,40.1,OPEN,LOW
PHC-DST-A2-02,PHC-DST-A2-03,DST-A2,2024-01-10,27.3,39.2,OPEN,LOW
PHC-DST-A2-02,PHC-DST-A2-03,DST-A2,2024-01-11,27.3,43.3,OPEN,LOW
PHC-DST-A2-02,PHC-DST-A2-03,DST-A2,2024-01-12,27.3,43.2,OPEN,LOW
PHC-DST-A2-02,PHC-DST-A2-03,DST-A2,2024-01-13,27.3,39.0,OPEN,LOW
PHC-DST-A2-02,PHC-DST-A2-03,DST-A2,2024-01-14,27.3,42.9,OPEN,LOW
PHC-DST-A2-02,PHC-DST-A2-03,DST-A2,2024-01-15,27.3,43.3,OPEN,LOW
PHC-DST-A2-02,PHC-DST-A2-03,DST-A2,2024-01-16,27.3,39.8,OPEN,LOW
PHC-DST-A2-02,PHC-DST-A2-03,DST-A2,2024-01-17,27.3,40.6,OPEN,LOW
PHC-DST-A2-02,PHC-DST-A2-03,DST-A2,2024-01-18,27.3,42.8,OPEN,LOW
PHC-DST-A2-02,PHC-DST-A2-03,DST-A2,2024-01-19,27.3,44.5,OPEN,LOW
PHC-DST-A2-02,PHC-DST-A2-03,DST-A2,2024-01-20,27.3,42.8,OPEN,LOW
PHC-DST-A2-02,PHC-DST-A2-03,DST-A2,2024-01-21,27.3,42.0,OPEN,LOW
PHC-DST-A2-02,PHC-DST-A2-03,DST-A2,2024-01-22,27.3,42.0,OPEN,LOW
PHC-DST-A2-02,PHC-DST-A2-03,DST-A2,2024-01-23,27.3,43.6,OPEN,LOW
PHC-DST-A2-02,PHC-DST-A2-03,DST-A2,2024-01-24,27.3,40.0,OPEN,LOW
PHC-DST-A2-02,PHC-DST-A2-03,DST-A2,2024-01-25,27.3,39.0,OPEN,LOW
PHC-DST-A2-02,PHC-DST-A2-03,DST-A2,2024-01-26,27.3,39.9,OPEN,LOW
PHC-DST-A2-02,PHC-DST-A2-03,DST-A2,2024-01-27,27.3,39.4,OPEN,LOW
PHC-DST-A2-02,PHC-DST-A2-03,DST-A2,2024-01-28,27.3,43.6,OPEN,LOW
PHC-DST-A2-02,PHC-DST-A2-03,DST-A2,2024-01-29,27.3,42.1,OPEN,LOW
PHC-DST-A2-02,PHC-DST-A2-03,DST-A2,2024-01-30,27.3,39.7,OPEN,LOW
PHC-DST-A2-02,PHC-DST-A2-03,DST-A2,2024-01-31,27.3,44.1,OPEN,LOW
PHC-DST-A2-02,PHC-DST-A2-03,DST-A2,2024-02-01,27.3,43.6,OPEN,LOW
PHC-DST-A2-02,PHC-DST-A2-03,DST-A2,2024-02-02,27.3,44.0,OPEN,LOW
PHC-DST-A2-02,PHC-DST-A2-03,DST-A2,2024-02-03,27.3,41.2,OPEN,LOW
PHC-DST-A2-02,PHC-DST-A2-03,DST-A2,2024-02-04,27.3,39.9,OPEN,LOW
PHC-DST-A2-02,PHC-DST-A2-03,DST-A2,2024-02-05,27.3,43.8,OPEN,LOW
PHC-DST-A2-02,PHC-DST-A2-03,DST-A2,2024-02-06,27.3,43.8,OPEN,LOW
PHC-DST-A2-02,PHC-DST-A2-03,DST-A2,2024-02-07,27.3,41.9,OPEN,LOW
PHC-DST-A2-02,PHC-DST-A2-03,DST-A2,2024-02-08,27.3,43.1,OPEN,LOW
PHC-DST-A2-02,PHC-DST-A2-03,DST-A2,2024-02-09,27.3,41.5,OPEN,LOW
PHC-DST-A2-02,PHC-DST-A2-03,DST-A2,2024-02-10,27.3,42.2,OPEN,LOW
PHC-DST-A2-02,PHC-DST-A2-03,DST-A2,2024-02-11,27.3,41.6,OPEN,LOW
PHC-DST-A2-02,PHC-DST-A2-03,DST-A2,2024-02-12,27.3,40.3,OPEN,LOW
PHC-DST-A2-02,PHC-DST-A2-03,DST-A2,2024-02-13,27.3,42.6,OPEN,LOW
PHC-DST-A2-02,PHC-DST-A2-03,DST-A2,2024-02-14,27.3,43.5,OPEN,LOW
PHC-DST-A2-02,PHC-DST-A2-03,DST-A2,2024-02-15,27.3,40.8,OPEN,LOW
PHC-DST-A2-02,PHC-DST-A2-03,DST-A2,2024-02-16,27.3,45.1,OPEN,LOW
PHC-DST-A2-02,PHC-DST-A2-03,DST-A2,2024-02-17,27.3,40.0,OPEN,LOW
PHC-DST-A2-02,PHC-DST-A2-03,DST-A2,2024-02-18,27.3,42.0,OPEN,LOW
PHC-DST-A2-02,PHC-DST-A2-03,DST-A2,2024-02-19,27.3,40.1,OPEN,LOW
PHC-DST-A2-02,PHC-DST-A2-03,DST-A2,2024-02-20,27.3,43.6,OPEN,LOW
PHC-DST-A2-02,PHC-DST-A2-03,DST-A2,2024-02-21,27.3,40.0,OPEN,LOW
PHC-DST-A2-02,PHC-DST-A2-03,DST-A2,2024-02-22,27.3,43.3,OPEN,LOW
PHC-DST-A2-02,PHC-DST-A2-03,DST-A2,2024-02-23,27.3,43.6,OPEN,LOW
PHC-DST-A2-02,PHC-DST-A2-03,DST-A2,2024-02-24,27.3,43.2,OPEN,LOW
PHC-DST-A2-02,PHC-DST-A2-03,DST-A2,2024-02-25,27.3,44.9,OPEN,LOW
PHC-DST-A2-02,PHC-DST-A2-03,DST-A2,2024-02-26,27.3,43.7,OPEN,LOW
PHC-DST-A2-02,PHC-DST-A2-03,DST-A2,2024-02-27,27.3,43.5,OPEN,LOW
PHC-DST-A2-02,PHC-DST-A2-03,DST-A2,2024-02-28,27.3,43.7,OPEN,LOW
PHC-DST-A2-02,PHC-DST-A2-03,DST-A2,2024-02-29,27.3,43.5,OPEN,LOW
PHC-DST-A2-02,PHC-DST-A2-03,DST-A2,2024-03-01,27.3,44.9,OPEN,LOW
PHC-DST-A2-02,PHC-DST-A2-03,DST-A2,2024-03-02,27.3,43.0,OPEN,LOW
PHC-DST-A2-02,PHC-DST-A2-03,DST-A2,2024-03-03,27.3,40.8,OPEN,LOW
PHC-DST-A2-02,PHC-DST-A2-03,DST-A2,2024-03-04,27.3,42.3,OPEN,LOW
PHC-DST-A2-02,PHC-DST-A2-03,DST-A2,2024-03-05,27.3,40.2,OPEN,LOW
PHC-DST-A2-02,PHC-DST-A2-03,DST-A2,2024-03-06,27.3,40.3,OPEN,LOW
PHC-DST-A2-02,PHC-DST-A2-03,DST-A2,2024-03-07,27.3,39.7,OPEN,LOW
PHC-DST-A2-02,PHC-DST-A2-03,DST-A2,2024-03-08,27.3,41.6,OPEN,LOW
PHC-DST-A2-02,PHC-DST-A2-03,DST-A2,2024-03-09,27.3,39.1,OPEN,LOW
PHC-DST-A2-02,PHC-DST-A2-03,DST-A2,2024-03-10,27.3,43.5,OPEN,LOW
PHC-DST-A2-02,PHC-DST-A2-03,DST-A2,2024-03-11,27.3,39.8,OPEN,LOW
PHC-DST-A2-02,PHC-DST-A2-03,DST-A2,2024-03-12,27.3,39.8,OPEN,LOW
PHC-DST-A2-02,PHC-DST-A2-03,DST-A2,2024-03-13,27.3,44.5,OPEN,LOW
PHC-DST-A2-02,PHC-DST-A2-03,DST-A2,2024-03-14,27.3,41.0,OPEN,LOW
PHC-DST-A2-02,PHC-DST-A2-03,DST-A2,2024-03-15,27.3,40.5,OPEN,LOW
PHC-DST-A2-02,PHC-DST-A2-03,DST-A2,2024-03-16,27.3,43.4,OPEN,LOW
PHC-DST-A2-02,PHC-DST-A2-03,DST-A2,2024-03-17,27.3,43.4,OPEN,LOW
PHC-DST-A2-02,PHC-DST-A2-03,DST-A2,2024-03-18,27.3,43.2,OPEN,LOW
PHC-DST-A2-02,PHC-DST-A2-03,DST-A2,2024-03-19,27.3,43.4,OPEN,LOW
PHC-DST-A2-02,PHC-DST-A2-03,DST-A2,2024-03-20,27.3,45.0,OPEN,LOW
PHC-DST-A2-02,PHC-DST-A2-03,DST-A2,2024-03-21,27.3,42.7,OPEN,LOW
PHC-DST-A2-02,PHC-DST-A2-03,DST-A2,2024-03-22,27.3,44.6,OPEN,LOW
PHC-DST-A2-02,PHC-DST-A2-03,DST-A2,2024-03-23,27.3,43.1,OPEN,LOW
PHC-DST-A2-02,PHC-DST-A2-03,DST-A2,2024-03-24,27.3,41.7,OPEN,LOW
PHC-DST-A2-02,PHC-DST-A2-03,DST-A2,2024-03-25,27.3,42.3,OPEN,LOW
PHC-DST-A2-02,PHC-DST-A2-03,DST-A2,2024-03-26,27.3,39.8,OPEN,LOW
PHC-DST-A2-02,PHC-DST-A2-03,DST-A2,2024-03-27,27.3,41.9,OPEN,LOW
PHC-DST-A2-02,PHC-DST-A2-03,DST-A2,2024-03-28,27.3,44.1,OPEN,LOW
PHC-DST-A2-02,PHC-DST-A2-03,DST-A2,2024-03-29,27.3,39.6,OPEN,LOW
PHC-DST-A2-02,PHC-DST-A2-03,DST-A2,2024-03-30,27.3,41.5,OPEN,LOW
PHC-DST-A2-02,PHC-DST-A2-03,DST-A2,2024-03-31,27.3,42.6,OPEN,LOW
PHC-DST-A2-02,PHC-DST-A2-03,DST-A2,2024-04-01,27.3,41.8,OPEN,LOW
PHC-DST-A2-02,PHC-DST-A2-03,DST-A2,2024-04-02,27.3,45.0,OPEN,LOW
PHC-DST-A2-02,PHC-DST-A2-03,DST-A2,2024-04-03,27.3,40.9,OPEN,LOW
PHC-DST-A2-02,PHC-DST-A2-03,DST-A2,2024-04-04,27.3,39.1,OPEN,LOW
PHC-DST-A2-02,PHC-DST-A2-03,DST-A2,2024-04-05,27.3,42.8,OPEN,LOW
PHC-DST-A2-02,PHC-DST-A2-03,DST-A2,2024-04-06,27.3,41.6,OPEN,LOW
PHC-DST-A2-02,PHC-DST-A2-03,DST-A2,2024-04-07,27.3,40.6,OPEN,LOW
PHC-DST-A2-02,PHC-DST-A2-03,DST-A2,2024-04-08,27.3,44.7,OPEN,LOW
PHC-DST-A2-02,PHC-DST-A2-03,DST-A2,2024-04-09,27.3,43.8,OPEN,LOW
PHC-DST-A2-02,PHC-DST-A2-03,DST-A2,2024-04-10,27.3,39.4,OPEN,LOW
PHC-DST-A2-02,PHC-DST-A2-03,DST-A2,2024-04-11,27.3,41.7,OPEN,LOW
PHC-DST-A2-02,PHC-DST-A2-03,DST-A2,2024-04-12,27.3,42.5,OPEN,LOW
PHC-DST-A2-02,PHC-DST-A2-03,DST-A2,2024-04-13,27.3,40.5,OPEN,LOW
PHC-DST-A2-02,PHC-DST-A2-03,DST-A2,2024-04-14,27.3,39.1,OPEN,LOW
PHC-DST-A2-02,PHC-DST-A2-03,DST-A2,2024-04-15,27.3,43.0,OPEN,LOW
PHC-DST-A2-02,PHC-DST-A2-03,DST-A2,2024-04-16,27.3,43.3,OPEN,LOW
PHC-DST-A2-02,PHC-DST-A2-03,DST-A2,2024-04-17,27.3,44.6,OPEN,LOW
PHC-DST-A2-02,PHC-DST-A2-03,DST-A2,2024-04-18,27.3,39.3,OPEN,LOW
PHC-DST-A2-02,PHC-DST-A2-03,DST-A2,2024-04-19,27.3,39.7,OPEN,LOW
PHC-DST-A2-02,PHC-DST-A2-03,DST-A2,2024-04-20,27.3,44.3,OPEN,LOW
PHC-DST-A2-02,PHC-DST-A2-03,DST-A2,2024-04-21,27.3,42.5,OPEN,LOW
PHC-DST-A2-02,PHC-DST-A2-03,DST-A2,2024-04-22,27.3,41.8,OPEN,LOW
PHC-DST-A2-02,PHC-DST-A2-03,DST-A2,2024-04-23,27.3,43.1,OPEN,LOW
PHC-DST-A2-02,PHC-DST-A2-03,DST-A2,2024-04-24,27.3,42.9,OPEN,LOW
PHC-DST-A2-02,PHC-DST-A2-03,DST-A2,2024-04-25,27.3,42.4,OPEN,LOW
PHC-DST-A2-02,PHC-DST-A2-03,DST-A2,2024-04-26,27.3,39.9,OPEN,LOW
PHC-DST-A2-02,PHC-DST-A2-03,DST-A2,2024-04-27,27.3,43.9,OPEN,LOW
PHC-DST-A2-02,PHC-DST-A2-03,DST-A2,2024-04-28,27.3,43.2,OPEN,LOW
PHC-DST-A2-02,PHC-DST-A2-03,DST-A2,2024-04-29,27.3,42.8,OPEN,LOW
PHC-DST-A2-02,PHC-DST-A2-03,DST-A2,2024-04-30,27.3,41.3,OPEN,LOW
PHC-DST-A2-02,PHC-DST-A2-03,DST-A2,2024-05-01,27.3,43.9,OPEN,LOW
PHC-DST-A2-02,PHC-DST-A2-03,DST-A2,2024-05-02,27.3,40.7,OPEN,LOW
PHC-DST-A2-02,PHC-DST-A2-03,DST-A2,2024-05-03,27.3,39.1,OPEN,LOW
PHC-DST-A2-02,PHC-DST-A2-03,DST-A2,2024-05-04,27.3,39.9,OPEN,LOW
PHC-DST-A2-02,PHC-DST-A2-03,DST-A2,2024-05-05,27.3,41.3,OPEN,LOW
PHC-DST-A2-02,PHC-DST-A2-03,DST-A2,2024-05-06,27.3,44.1,OPEN,LOW
PHC-DST-A2-02,PHC-DST-A2-03,DST-A2,2024-05-07,27.3,44.7,OPEN,LOW
PHC-DST-A2-02,PHC-DST-A2-03,DST-A2,2024-05-08,27.3,41.6,OPEN,LOW
PHC-DST-A2-02,PHC-DST-A2-03,DST-A2,2024-05-09,27.3,41.6,OPEN,LOW
PHC-DST-A2-02,PHC-DST-A2-03,DST-A2,2024-05-10,27.3,41.9,OPEN,LOW
PHC-DST-A2-02,PHC-DST-A2-03,DST-A2,2024-05-11,27.3,43.7,OPEN,LOW
PHC-DST-A2-02,PHC-DST-A2-03,DST-A2,2024-05-12,27.3,40.3,OPEN,LOW
PHC-DST-A2-02,PHC-DST-A2-03,DST-A2,2024-05-13,27.3,45.0,OPEN,LOW
PHC-DST-A2-02,PHC-DST-A2-03,DST-A2,2024-05-14,27.3,43.3,OPEN,LOW
PHC-DST-A2-02,PHC-DST-A2-03,DST-A2,2024-05-15,27.3,40.0,OPEN,LOW
PHC-DST-A2-02,PHC-DST-A2-03,DST-A2,2024-05-16,27.3,41.3,OPEN,LOW
PHC-DST-A2-02,PHC-DST-A2-03,DST-A2,2024-05-17,27.3,43.7,OPEN,LOW
PHC-DST-A2-02,PHC-DST-A2-03,DST-A2,2024-05-18,27.3,39.2,OPEN,LOW
PHC-DST-A2-02,PHC-DST-A2-03,DST-A2,2024-05-19,27.3,39.7,OPEN,LOW
PHC-DST-A2-02,PHC-DST-A2-03,DST-A2,2024-05-20,27.3,43.9,OPEN,LOW
PHC-DST-A2-02,PHC-DST-A2-03,DST-A2,2024-05-21,27.3,43.1,OPEN,LOW
PHC-DST-A2-02,PHC-DST-A2-03,DST-A2,2024-05-22,27.3,43.6,OPEN,LOW
PHC-DST-A2-02,PHC-DST-A2-03,DST-A2,2024-05-23,27.3,39.5,OPEN,LOW
PHC-DST-A2-02,PHC-DST-A2-03,DST-A2,2024-05-24,27.3,40.8,OPEN,LOW
PHC-DST-A2-02,PHC-DST-A2-03,DST-A2,2024-05-25,27.3,40.4,OPEN,LOW
PHC-DST-A2-02,PHC-DST-A2-03,DST-A2,2024-05-26,27.3,40.3,OPEN,LOW
PHC-DST-A2-02,PHC-DST-A2-03,DST-A2,2024-05-27,27.3,40.5,OPEN,LOW
PHC-DST-A2-02,PHC-DST-A2-03,DST-A2,2024-05-28,27.3,42.9,OPEN,LOW
PHC-DST-A2-02,PHC-DST-A2-03,DST-A2,2024-05-29,27.3,43.9,OPEN,LOW
PHC-DST-A2-02,PHC-DST-A2-03,DST-A2,2024-05-30,27.3,43.1,OPEN,LOW
PHC-DST-A2-02,PHC-DST-A2-03,DST-A2,2024-05-31,27.3,41.6,OPEN,LOW
PHC-DST-A2-02,PHC-DST-A2-03,DST-A2,2024-06-01,27.3,42.1,OPEN,LOW
PHC-DST-A2-02,PHC-DST-A2-03,DST-A2,2024-06-02,27.3,42.3,OPEN,LOW
PHC-DST-A2-02,PHC-DST-A2-03,DST-A2,2024-06-03,27.3,44.1,OPEN,LOW
PHC-DST-A2-02,PHC-DST-A2-03,DST-A2,2024-06-04,27.3,42.7,OPEN,LOW
PHC-DST-A2-02,PHC-DST-A2-03,DST-A2,2024-06-05,27.3,41.6,OPEN,LOW
PHC-DST-A2-02,PHC-DST-A2-03,DST-A2,2024-06-06,27.3,42.5,OPEN,LOW
PHC-DST-A2-02,PHC-DST-A2-03,DST-A2,2024-06-07,27.3,44.6,OPEN,LOW
PHC-DST-A2-02,PHC-DST-A2-03,DST-A2,2024-06-08,27.3,42.5,OPEN,LOW
PHC-DST-A2-02,PHC-DST-A2-03,DST-A2,2024-06-09,27.3,43.6,OPEN,LOW
PHC-DST-A2-02,PHC-DST-A2-03,DST-A2,2024-06-10,27.3,44.3,OPEN,LOW
PHC-DST-A2-02,PHC-DST-A2-03,DST-A2,2024-06-11,27.3,41.7,OPEN,LOW
PHC-DST-A2-02,PHC-DST-A2-03,DST-A2,2024-06-12,27.3,44.3,OPEN,LOW
PHC-DST-A2-02,PHC-DST-A2-03,DST-A2,2024-06-13,27.3,44.2,OPEN,LOW
PHC-DST-A2-02,PHC-DST-A2-03,DST-A2,2024-06-14,27.3,42.6,OPEN,LOW
PHC-DST-A2-02,PHC-DST-A2-03,DST-A2,2024-06-15,27.3,40.6,OPEN,LOW
PHC-DST-A2-02,PHC-DST-A2-03,DST-A2,2024-06-16,27.3,41.3,OPEN,LOW
PHC-DST-A2-02,PHC-DST-A2-03,DST-A2,2024-06-17,27.3,44.2,OPEN,LOW
PHC-DST-A2-02,PHC-DST-A2-03,DST-A2,2024-06-18,27.3,45.0,OPEN,LOW
PHC-DST-A2-02,PHC-DST-A2-03,DST-A2,2024-06-19,27.3,44.8,OPEN,LOW
PHC-DST-A2-02,PHC-DST-A2-03,DST-A2,2024-06-20,27.3,42.0,OPEN,LOW
PHC-DST-A2-02,PHC-DST-A2-03,DST-A2,2024-06-21,27.3,42.8,OPEN,LOW
PHC-DST-A2-02,PHC-DST-A2-03,DST-A2,2024-06-22,27.3,39.4,OPEN,LOW
PHC-DST-A2-02,PHC-DST-A2-03,DST-A2,2024-06-23,27.3,39.9,OPEN,LOW
PHC-DST-A2-02,PHC-DST-A2-03,DST-A2,2024-06-24,27.3,43.2,OPEN,LOW
PHC-DST-A2-02,PHC-DST-A2-03,DST-A2,2024-06-25,27.3,39.7,OPEN,LOW
PHC-DST-A2-02,PHC-DST-A2-03,DST-A2,2024-06-26,27.3,42.4,OPEN,LOW
PHC-DST-A2-02,PHC-DST-A2-03,DST-A2,2024-06-27,27.3,41.2,OPEN,LOW
PHC-DST-A2-02,PHC-DST-A2-03,DST-A2,2024-06-28,27.3,41.9,OPEN,LOW
PHC-DST-A2-02,PHC-DST-A2-03,DST-A2,2024-06-29,27.3,44.1,OPEN,LOW
PHC-DST-A2-02,PHC-DST-A2-03,DST-A2,2024-06-30,27.3,43.5,OPEN,LOW
PHC-DST-A2-02,PHC-DST-A2-03,DST-A2,2024-07-01,27.3,42.9,OPEN,LOW
PHC-DST-A2-02,PHC-DST-A2-03,DST-A2,2024-07-02,27.3,44.1,OPEN,LOW
PHC-DST-A2-02,PHC-DST-A2-03,DST-A2,2024-07-03,27.3,39.4,OPEN,LOW
PHC-DST-A2-02,PHC-DST-A2-03,DST-A2,2024-07-04,27.3,39.3,OPEN,LOW
PHC-DST-A2-02,PHC-DST-A2-03,DST-A2,2024-07-05,27.3,72.9,DEGRADED,MODERATE
PHC-DST-A2-02,PHC-DST-A2-03,DST-A2,2024-07-06,27.3,42.6,OPEN,LOW
PHC-DST-A2-02,PHC-DST-A2-03,DST-A2,2024-07-07,27.3,44.6,OPEN,LOW
PHC-DST-A2-02,PHC-DST-A2-03,DST-A2,2024-07-08,27.3,40.9,OPEN,LOW
PHC-DST-A2-02,PHC-DST-A2-03,DST-A2,2024-07-09,27.3,44.3,OPEN,LOW
PHC-DST-A2-02,PHC-DST-A2-03,DST-A2,2024-07-10,27.3,45.0,OPEN,LOW
PHC-DST-A2-02,PHC-DST-A2-03,DST-A2,2024-07-11,27.3,79.2,DEGRADED,LOW
PHC-DST-A2-02,PHC-DST-A2-03,DST-A2,2024-07-12,27.3,39.6,OPEN,LOW
PHC-DST-A2-02,PHC-DST-A2-03,DST-A2,2024-07-13,27.3,39.1,OPEN,LOW
PHC-DST-A2-02,PHC-DST-A2-03,DST-A2,2024-07-14,27.3,80.6,DEGRADED,LOW
PHC-DST-A2-02,PHC-DST-A2-03,DST-A2,2024-07-15,27.3,39.0,OPEN,LOW
PHC-DST-A2-02,PHC-DST-A2-03,DST-A2,2024-07-16,27.3,39.8,OPEN,LOW
PHC-DST-A2-02,PHC-DST-A2-03,DST-A2,2024-07-17,27.3,44.4,OPEN,LOW
PHC-DST-A2-02,PHC-DST-A2-03,DST-A2,2024-07-18,27.3,59.5,DEGRADED,LOW
PHC-DST-A2-02,PHC-DST-A2-03,DST-A2,2024-07-19,27.3,42.8,OPEN,LOW
PHC-DST-A2-02,PHC-DST-A2-03,DST-A2,2024-07-20,27.3,42.2,OPEN,LOW
PHC-DST-A2-02,PHC-DST-A2-03,DST-A2,2024-07-21,27.3,81.8,DEGRADED,MODERATE
PHC-DST-A2-02,PHC-DST-A2-03,DST-A2,2024-07-22,27.3,41.4,OPEN,LOW
PHC-DST-A2-02,PHC-DST-A2-03,DST-A2,2024-07-23,27.3,39.4,OPEN,LOW
PHC-DST-A2-02,PHC-DST-A2-03,DST-A2,2024-07-24,27.3,42.6,OPEN,LOW
PHC-DST-A2-02,PHC-DST-A2-03,DST-A2,2024-07-25,27.3,39.4,OPEN,LOW
PHC-DST-A2-02,PHC-DST-A2-03,DST-A2,2024-07-26,27.3,42.1,OPEN,LOW
PHC-DST-A2-02,PHC-DST-A2-03,DST-A2,2024-07-27,27.3,44.9,OPEN,LOW
PHC-DST-A2-02,PHC-DST-A2-03,DST-A2,2024-07-28,27.3,42.5,OPEN,LOW
PHC-DST-A2-02,PHC-DST-A2-03,DST-A2,2024-07-29,27.3,39.5,OPEN,LOW
PHC-DST-A2-02,PHC-DST-A2-03,DST-A2,2024-07-30,27.3,42.1,OPEN,LOW
PHC-DST-A2-02,PHC-DST-A2-03,DST-A2,2024-07-31,27.3,63.3,DEGRADED,MODERATE
PHC-DST-A2-02,PHC-DST-A2-03,DST-A2,2024-08-01,27.3,59.0,DEGRADED,MODERATE
PHC-DST-A2-02,PHC-DST-A2-03,DST-A2,2024-08-02,27.3,43.0,OPEN,LOW
PHC-DST-A2-02,PHC-DST-A2-03,DST-A2,2024-08-03,27.3,41.7,OPEN,LOW
PHC-DST-A2-02,PHC-DST-A2-03,DST-A2,2024-08-04,27.3,61.5,DEGRADED,LOW
PHC-DST-A2-02,PHC-DST-A2-03,DST-A2,2024-08-05,27.3,42.6,OPEN,LOW
PHC-DST-A2-02,PHC-DST-A2-03,DST-A2,2024-08-06,27.3,42.3,OPEN,LOW
PHC-DST-A2-02,PHC-DST-A2-03,DST-A2,2024-08-07,27.3,40.1,OPEN,LOW
PHC-DST-A2-02,PHC-DST-A2-03,DST-A2,2024-08-08,27.3,43.7,OPEN,LOW
PHC-DST-A2-02,PHC-DST-A2-03,DST-A2,2024-08-09,27.3,43.7,OPEN,LOW
PHC-DST-A2-02,PHC-DST-A2-03,DST-A2,2024-08-10,27.3,41.3,OPEN,LOW
PHC-DST-A2-02,PHC-DST-A2-03,DST-A2,2024-08-11,27.3,40.1,OPEN,LOW
PHC-DST-A2-02,PHC-DST-A2-03,DST-A2,2024-08-12,27.3,42.1,OPEN,LOW
PHC-DST-A2-02,PHC-DST-A2-03,DST-A2,2024-08-13,27.3,43.2,OPEN,LOW
PHC-DST-A2-02,PHC-DST-A2-03,DST-A2,2024-08-14,27.3,79.8,DEGRADED,MODERATE
PHC-DST-A2-02,PHC-DST-A2-03,DST-A2,2024-08-15,27.3,64.1,DEGRADED,LOW
PHC-DST-A2-02,PHC-DST-A2-03,DST-A2,2024-08-16,27.3,40.6,OPEN,LOW
PHC-DST-A2-02,PHC-DST-A2-03,DST-A2,2024-08-17,27.3,246.7,BLOCKED,SEVERE
PHC-DST-A2-02,PHC-DST-A2-03,DST-A2,2024-08-18,27.3,44.0,OPEN,LOW
PHC-DST-A2-02,PHC-DST-A2-03,DST-A2,2024-08-19,27.3,43.3,OPEN,LOW
PHC-DST-A2-02,PHC-DST-A2-03,DST-A2,2024-08-20,27.3,40.5,OPEN,LOW
PHC-DST-A2-02,PHC-DST-A2-03,DST-A2,2024-08-21,27.3,40.9,OPEN,LOW
PHC-DST-A2-02,PHC-DST-A2-03,DST-A2,2024-08-22,27.3,218.4,BLOCKED,SEVERE
PHC-DST-A2-02,PHC-DST-A2-03,DST-A2,2024-08-23,27.3,40.9,OPEN,LOW
PHC-DST-A2-02,PHC-DST-A2-03,DST-A2,2024-08-24,27.3,40.8,OPEN,LOW
PHC-DST-A2-02,PHC-DST-A2-03,DST-A2,2024-08-25,27.3,41.3,OPEN,LOW
PHC-DST-A2-02,PHC-DST-A2-03,DST-A2,2024-08-26,27.3,39.0,OPEN,LOW
PHC-DST-A2-02,PHC-DST-A2-03,DST-A2,2024-08-27,27.3,44.7,OPEN,LOW
PHC-DST-A2-02,PHC-DST-A2-03,DST-A2,2024-08-28,27.3,216.1,BLOCKED,MODERATE
PHC-DST-A2-02,PHC-DST-A2-03,DST-A2,2024-08-29,27.3,44.6,OPEN,LOW
PHC-DST-A2-02,PHC-DST-A2-03,DST-A2,2024-08-30,27.3,61.6,DEGRADED,LOW
PHC-DST-A2-02,PHC-DST-A2-03,DST-A2,2024-08-31,27.3,44.9,OPEN,LOW
PHC-DST-A2-02,PHC-DST-A2-03,DST-A2,2024-09-01,27.3,41.5,OPEN,LOW
PHC-DST-A2-02,PHC-DST-A2-03,DST-A2,2024-09-02,27.3,40.7,OPEN,LOW
PHC-DST-A2-02,PHC-DST-A2-03,DST-A2,2024-09-03,27.3,44.9,OPEN,LOW
PHC-DST-A2-02,PHC-DST-A2-03,DST-A2,2024-09-04,27.3,39.5,OPEN,LOW
PHC-DST-A2-02,PHC-DST-A2-03,DST-A2,2024-09-05,27.3,43.8,OPEN,LOW
PHC-DST-A2-02,PHC-DST-A2-03,DST-A2,2024-09-06,27.3,42.3,OPEN,LOW
PHC-DST-A2-02,PHC-DST-A2-03,DST-A2,2024-09-07,27.3,243.9,BLOCKED,SEVERE
PHC-DST-A2-02,PHC-DST-A2-03,DST-A2,2024-09-08,27.3,64.0,DEGRADED,LOW
PHC-DST-A2-02,PHC-DST-A2-03,DST-A2,2024-09-09,27.3,45.0,OPEN,LOW
PHC-DST-A2-02,PHC-DST-A2-03,DST-A2,2024-09-10,27.3,65.8,DEGRADED,LOW
PHC-DST-A2-02,PHC-DST-A2-03,DST-A2,2024-09-11,27.3,78.9,DEGRADED,LOW
PHC-DST-A2-02,PHC-DST-A2-03,DST-A2,2024-09-12,27.3,80.9,DEGRADED,MODERATE
PHC-DST-A2-02,PHC-DST-A2-03,DST-A2,2024-09-13,27.3,80.2,DEGRADED,MODERATE
PHC-DST-A2-02,PHC-DST-A2-03,DST-A2,2024-09-14,27.3,44.4,OPEN,LOW
PHC-DST-A2-02,PHC-DST-A2-03,DST-A2,2024-09-15,27.3,43.7,OPEN,LOW
PHC-DST-A2-02,PHC-DST-A2-03,DST-A2,2024-09-16,27.3,44.7,OPEN,LOW
PHC-DST-A2-02,PHC-DST-A2-03,DST-A2,2024-09-17,27.3,43.0,OPEN,LOW
PHC-DST-A2-02,PHC-DST-A2-03,DST-A2,2024-09-18,27.3,42.8,OPEN,LOW
PHC-DST-A2-02,PHC-DST-A2-03,DST-A2,2024-09-19,27.3,44.7,OPEN,LOW
PHC-DST-A2-02,PHC-DST-A2-03,DST-A2,2024-09-20,27.3,41.8,OPEN,LOW
PHC-DST-A2-02,PHC-DST-A2-03,DST-A2,2024-09-21,27.3,39.6,OPEN,LOW
PHC-DST-A2-02,PHC-DST-A2-03,DST-A2,2024-09-22,27.3,43.7,OPEN,LOW
PHC-DST-A2-02,PHC-DST-A2-03,DST-A2,2024-09-23,27.3,40.3,OPEN,LOW
PHC-DST-A2-02,PHC-DST-A2-03,DST-A2,2024-09-24,27.3,41.3,OPEN,LOW
PHC-DST-A2-02,PHC-DST-A2-03,DST-A2,2024-09-25,27.3,58.3,DEGRADED,MODERATE
PHC-DST-A2-02,PHC-DST-A2-03,DST-A2,2024-09-26,27.3,41.1,OPEN,LOW
PHC-DST-A2-02,PHC-DST-A2-03,DST-A2,2024-09-27,27.3,78.4,DEGRADED,MODERATE
PHC-DST-A2-02,PHC-DST-A2-03,DST-A2,2024-09-28,27.3,41.7,OPEN,LOW
PHC-DST-A2-02,PHC-DST-A2-03,DST-A2,2024-09-29,27.3,42.6,OPEN,LOW
PHC-DST-A2-02,PHC-DST-A2-03,DST-A2,2024-09-30,27.3,39.6,OPEN,LOW
PHC-DST-A2-02,PHC-DST-A2-03,DST-A2,2024-10-01,27.3,41.9,OPEN,LOW
PHC-DST-A2-02,PHC-DST-A2-03,DST-A2,2024-10-02,27.3,43.4,OPEN,LOW
PHC-DST-A2-02,PHC-DST-A2-03,DST-A2,2024-10-03,27.3,42.2,OPEN,LOW
PHC-DST-A2-02,PHC-DST-A2-03,DST-A2,2024-10-04,27.3,42.6,OPEN,LOW
PHC-DST-A2-02,PHC-DST-A2-03,DST-A2,2024-10-05,27.3,41.0,OPEN,LOW
PHC-DST-A2-02,PHC-DST-A2-03,DST-A2,2024-10-06,27.3,43.8,OPEN,LOW
PHC-DST-A2-02,PHC-DST-A2-03,DST-A2,2024-10-07,27.3,40.8,OPEN,LOW
PHC-DST-A2-02,PHC-DST-A2-03,DST-A2,2024-10-08,27.3,41.5,OPEN,LOW
PHC-DST-A2-02,PHC-DST-A2-03,DST-A2,2024-10-09,27.3,39.2,OPEN,LOW
PHC-DST-A2-02,PHC-DST-A2-03,DST-A2,2024-10-10,27.3,45.0,OPEN,LOW
PHC-DST-A2-02,PHC-DST-A2-03,DST-A2,2024-10-11,27.3,41.2,OPEN,LOW
PHC-DST-A2-02,PHC-DST-A2-03,DST-A2,2024-10-12,27.3,39.0,OPEN,LOW
PHC-DST-A2-02,PHC-DST-A2-03,DST-A2,2024-10-13,27.3,44.4,OPEN,LOW
PHC-DST-A2-02,PHC-DST-A2-03,DST-A2,2024-10-14,27.3,40.5,OPEN,LOW
PHC-DST-A2-02,PHC-DST-A2-03,DST-A2,2024-10-15,27.3,39.0,OPEN,LOW
PHC-DST-A2-02,PHC-DST-A2-03,DST-A2,2024-10-16,27.3,44.9,OPEN,LOW
PHC-DST-A2-02,PHC-DST-A2-03,DST-A2,2024-10-17,27.3,42.5,OPEN,LOW
PHC-DST-A2-02,PHC-DST-A2-03,DST-A2,2024-10-18,27.3,39.7,OPEN,LOW
PHC-DST-A2-02,PHC-DST-A2-03,DST-A2,2024-10-19,27.3,43.8,OPEN,LOW
PHC-DST-A2-02,PHC-DST-A2-03,DST-A2,2024-10-20,27.3,41.3,OPEN,LOW
PHC-DST-A2-02,PHC-DST-A2-03,DST-A2,2024-10-21,27.3,40.9,OPEN,LOW
PHC-DST-A2-02,PHC-DST-A2-03,DST-A2,2024-10-22,27.3,40.5,OPEN,LOW
PHC-DST-A2-02,PHC-DST-A2-03,DST-A2,2024-10-23,27.3,39.3,OPEN,LOW
PHC-DST-A2-02,PHC-DST-A2-03,DST-A2,2024-10-24,27.3,44.2,OPEN,LOW
PHC-DST-A2-02,PHC-DST-A2-03,DST-A2,2024-10-25,27.3,39.9,OPEN,LOW
PHC-DST-A2-02,PHC-DST-A2-03,DST-A2,2024-10-26,27.3,40.6,OPEN,LOW
PHC-DST-A2-02,PHC-DST-A2-03,DST-A2,2024-10-27,27.3,39.3,OPEN,LOW
PHC-DST-A2-02,PHC-DST-A2-03,DST-A2,2024-10-28,27.3,40.5,OPEN,LOW
PHC-DST-A2-02,PHC-DST-A2-03,DST-A2,2024-10-29,27.3,41.1,OPEN,LOW
PHC-DST-A2-02,PHC-DST-A2-03,DST-A2,2024-10-30,27.3,40.4,OPEN,LOW
PHC-DST-A2-02,PHC-DST-A2-03,DST-A2,2024-10-31,27.3,44.2,OPEN,LOW
PHC-DST-A2-02,PHC-DST-A2-03,DST-A2,2024-11-01,27.3,39.3,OPEN,LOW
PHC-DST-A2-02,PHC-DST-A2-03,DST-A2,2024-11-02,27.3,42.9,OPEN,LOW
PHC-DST-A2-02,PHC-DST-A2-03,DST-A2,2024-11-03,27.3,39.1,OPEN,LOW
PHC-DST-A2-02,PHC-DST-A2-03,DST-A2,2024-11-04,27.3,39.4,OPEN,LOW
PHC-DST-A2-02,PHC-DST-A2-03,DST-A2,2024-11-05,27.3,42.1,OPEN,LOW
PHC-DST-A2-02,PHC-DST-A2-03,DST-A2,2024-11-06,27.3,39.5,OPEN,LOW
PHC-DST-A2-02,PHC-DST-A2-03,DST-A2,2024-11-07,27.3,42.9,OPEN,LOW
PHC-DST-A2-02,PHC-DST-A2-03,DST-A2,2024-11-08,27.3,39.5,OPEN,LOW
PHC-DST-A2-02,PHC-DST-A2-03,DST-A2,2024-11-09,27.3,39.6,OPEN,LOW
PHC-DST-A2-02,PHC-DST-A2-03,DST-A2,2024-11-10,27.3,45.0,OPEN,LOW
PHC-DST-A2-02,PHC-DST-A2-03,DST-A2,2024-11-11,27.3,41.2,OPEN,LOW
PHC-DST-A2-02,PHC-DST-A2-03,DST-A2,2024-11-12,27.3,44.4,OPEN,LOW
PHC-DST-A2-02,PHC-DST-A2-03,DST-A2,2024-11-13,27.3,43.6,OPEN,LOW
PHC-DST-A2-02,PHC-DST-A2-03,DST-A2,2024-11-14,27.3,43.7,OPEN,LOW
PHC-DST-A2-02,PHC-DST-A2-03,DST-A2,2024-11-15,27.3,44.4,OPEN,LOW
PHC-DST-A2-02,PHC-DST-A2-03,DST-A2,2024-11-16,27.3,44.6,OPEN,LOW
PHC-DST-A2-02,PHC-DST-A2-03,DST-A2,2024-11-17,27.3,39.6,OPEN,LOW
PHC-DST-A2-02,PHC-DST-A2-03,DST-A2,2024-11-18,27.3,44.1,OPEN,LOW
PHC-DST-A2-02,PHC-DST-A2-03,DST-A2,2024-11-19,27.3,42.9,OPEN,LOW
PHC-DST-A2-02,PHC-DST-A2-03,DST-A2,2024-11-20,27.3,40.1,OPEN,LOW
PHC-DST-A2-02,PHC-DST-A2-03,DST-A2,2024-11-21,27.3,40.2,OPEN,LOW
PHC-DST-A2-02,PHC-DST-A2-03,DST-A2,2024-11-22,27.3,42.2,OPEN,LOW
PHC-DST-A2-02,PHC-DST-A2-03,DST-A2,2024-11-23,27.3,41.5,OPEN,LOW
PHC-DST-A2-02,PHC-DST-A2-03,DST-A2,2024-11-24,27.3,42.1,OPEN,LOW
PHC-DST-A2-02,PHC-DST-A2-03,DST-A2,2024-11-25,27.3,43.0,OPEN,LOW
PHC-DST-A2-02,PHC-DST-A2-03,DST-A2,2024-11-26,27.3,41.4,OPEN,LOW
PHC-DST-A2-02,PHC-DST-A2-03,DST-A2,2024-11-27,27.3,39.2,OPEN,LOW
PHC-DST-A2-02,PHC-DST-A2-03,DST-A2,2024-11-28,27.3,41.7,OPEN,LOW
PHC-DST-A2-02,PHC-DST-A2-03,DST-A2,2024-11-29,27.3,40.6,OPEN,LOW
PHC-DST-A2-02,PHC-DST-A2-03,DST-A2,2024-11-30,27.3,42.2,OPEN,LOW
PHC-DST-A2-02,PHC-DST-A2-03,DST-A2,2024-12-01,27.3,41.9,OPEN,LOW
PHC-DST-A2-02,PHC-DST-A2-03,DST-A2,2024-12-02,27.3,42.5,OPEN,LOW
PHC-DST-A2-02,PHC-DST-A2-03,DST-A2,2024-12-03,27.3,42.3,OPEN,LOW
PHC-DST-A2-02,PHC-DST-A2-03,DST-A2,2024-12-04,27.3,44.1,OPEN,LOW
PHC-DST-A2-02,PHC-DST-A2-03,DST-A2,2024-12-05,27.3,44.1,OPEN,LOW
PHC-DST-A2-02,PHC-DST-A2-03,DST-A2,2024-12-06,27.3,41.2,OPEN,LOW
PHC-DST-A2-02,PHC-DST-A2-03,DST-A2,2024-12-07,27.3,39.9,OPEN,LOW
PHC-DST-A2-02,PHC-DST-A2-03,DST-A2,2024-12-08,27.3,40.6,OPEN,LOW
PHC-DST-A2-02,PHC-DST-A2-03,DST-A2,2024-12-09,27.3,39.4,OPEN,LOW
PHC-DST-A2-02,PHC-DST-A2-03,DST-A2,2024-12-10,27.3,39.3,OPEN,LOW
PHC-DST-A2-02,PHC-DST-A2-03,DST-A2,2024-12-11,27.3,43.0,OPEN,LOW
PHC-DST-A2-02,PHC-DST-A2-03,DST-A2,2024-12-12,27.3,42.8,OPEN,LOW
PHC-DST-A2-02,PHC-DST-A2-03,DST-A2,2024-12-13,27.3,41.6,OPEN,LOW
PHC-DST-A2-02,PHC-DST-A2-03,DST-A2,2024-12-14,27.3,40.2,OPEN,LOW
PHC-DST-A2-02,PHC-DST-A2-03,DST-A2,2024-12-15,27.3,41.9,OPEN,LOW
PHC-DST-A2-02,PHC-DST-A2-03,DST-A2,2024-12-16,27.3,40.9,OPEN,LOW
PHC-DST-A2-02,PHC-DST-A2-03,DST-A2,2024-12-17,27.3,39.9,OPEN,LOW
PHC-DST-A2-02,PHC-DST-A2-03,DST-A2,2024-12-18,27.3,41.2,OPEN,LOW
PHC-DST-A2-02,PHC-DST-A2-03,DST-A2,2024-12-19,27.3,40.4,OPEN,LOW
PHC-DST-A2-02,PHC-DST-A2-03,DST-A2,2024-12-20,27.3,40.4,OPEN,LOW
PHC-DST-A2-02,PHC-DST-A2-03,DST-A2,2024-12-21,27.3,43.9,OPEN,LOW
PHC-DST-A2-02,PHC-DST-A2-03,DST-A2,2024-12-22,27.3,39.3,OPEN,LOW
PHC-DST-A2-02,PHC-DST-A2-03,DST-A2,2024-12-23,27.3,40.3,OPEN,LOW
PHC-DST-A2-02,PHC-DST-A2-03,DST-A2,2024-12-24,27.3,39.6,OPEN,LOW
PHC-DST-A2-02,PHC-DST-A2-03,DST-A2,2024-12-25,27.3,39.7,OPEN,LOW
PHC-DST-A2-02,PHC-DST-A2-03,DST-A2,2024-12-26,27.3,41.9,OPEN,LOW
PHC-DST-A2-02,PHC-DST-A2-03,DST-A2,2024-12-27,27.3,43.6,OPEN,LOW
PHC-DST-A2-02,PHC-DST-A2-03,DST-A2,2024-12-28,27.3,41.7,OPEN,LOW
PHC-DST-A2-02,PHC-DST-A2-03,DST-A2,2024-12-29,27.3,43.7,OPEN,LOW
PHC-DST-A2-02,PHC-DST-A2-03,DST-A2,2024-12-30,27.3,39.0,OPEN,LOW
PHC-DST-A2-02,PHC-DST-A2-03,DST-A2,2024-12-31,27.3,44.8,OPEN,LOW
PHC-DST-A2-02,PHC-DST-A2-03,DST-A2,2025-01-01,27.3,40.2,OPEN,LOW
PHC-DST-A2-02,PHC-DST-A2-03,DST-A2,2025-01-02,27.3,40.1,OPEN,LOW
PHC-DST-A2-02,PHC-DST-A2-03,DST-A2,2025-01-03,27.3,43.3,OPEN,LOW
PHC-DST-A2-02,PHC-DST-A2-03,DST-A2,2025-01-04,27.3,43.1,OPEN,LOW
PHC-DST-A2-02,PHC-DST-A2-03,DST-A2,2025-01-05,27.3,44.3,OPEN,LOW
PHC-DST-A2-02,PHC-DST-A2-03,DST-A2,2025-01-06,27.3,41.0,OPEN,LOW
PHC-DST-A2-02,PHC-DST-A2-03,DST-A2,2025-01-07,27.3,42.7,OPEN,LOW
PHC-DST-A2-02,PHC-DST-A2-03,DST-A2,2025-01-08,27.3,45.0,OPEN,LOW
PHC-DST-A2-02,PHC-DST-A2-03,DST-A2,2025-01-09,27.3,39.9,OPEN,LOW
PHC-DST-A2-02,PHC-DST-A2-03,DST-A2,2025-01-10,27.3,42.6,OPEN,LOW
PHC-DST-A2-02,PHC-DST-A2-03,DST-A2,2025-01-11,27.3,40.6,OPEN,LOW
PHC-DST-A2-02,PHC-DST-A2-03,DST-A2,2025-01-12,27.3,44.4,OPEN,LOW
PHC-DST-A2-02,PHC-DST-A2-03,DST-A2,2025-01-13,27.3,43.1,OPEN,LOW
PHC-DST-A2-02,PHC-DST-A2-03,DST-A2,2025-01-14,27.3,42.2,OPEN,LOW
PHC-DST-A2-02,PHC-DST-A2-03,DST-A2,2025-01-15,27.3,39.3,OPEN,LOW
PHC-DST-A2-02,PHC-DST-A2-03,DST-A2,2025-01-16,27.3,41.5,OPEN,LOW
PHC-DST-A2-02,PHC-DST-A2-03,DST-A2,2025-01-17,27.3,44.5,OPEN,LOW
PHC-DST-A2-02,PHC-DST-A2-03,DST-A2,2025-01-18,27.3,42.9,OPEN,LOW
PHC-DST-A2-02,PHC-DST-A2-03,DST-A2,2025-01-19,27.3,39.3,OPEN,LOW
PHC-DST-A2-02,PHC-DST-A2-03,DST-A2,2025-01-20,27.3,39.6,OPEN,LOW
PHC-DST-A2-02,PHC-DST-A2-03,DST-A2,2025-01-21,27.3,42.3,OPEN,LOW
PHC-DST-A2-02,PHC-DST-A2-03,DST-A2,2025-01-22,27.3,41.4,OPEN,LOW
PHC-DST-A2-02,PHC-DST-A2-03,DST-A2,2025-01-23,27.3,44.8,OPEN,LOW
PHC-DST-A2-02,PHC-DST-A2-03,DST-A2,2025-01-24,27.3,40.0,OPEN,LOW
PHC-DST-A2-02,PHC-DST-A2-03,DST-A2,2025-01-25,27.3,39.1,OPEN,LOW
PHC-DST-A2-02,PHC-DST-A2-03,DST-A2,2025-01-26,27.3,41.0,OPEN,LOW
PHC-DST-A2-02,PHC-DST-A2-03,DST-A2,2025-01-27,27.3,44.1,OPEN,LOW
PHC-DST-A2-02,PHC-DST-A2-03,DST-A2,2025-01-28,27.3,42.9,OPEN,LOW
PHC-DST-A2-02,PHC-DST-A2-03,DST-A2,2025-01-29,27.3,40.2,OPEN,LOW
PHC-DST-A2-02,PHC-DST-A2-03,DST-A2,2025-01-30,27.3,44.2,OPEN,LOW
PHC-DST-A2-02,PHC-DST-A2-03,DST-A2,2025-01-31,27.3,43.9,OPEN,LOW
PHC-DST-A2-02,PHC-DST-A2-03,DST-A2,2025-02-01,27.3,40.9,OPEN,LOW
PHC-DST-A2-02,PHC-DST-A2-03,DST-A2,2025-02-02,27.3,39.4,OPEN,LOW
PHC-DST-A2-02,PHC-DST-A2-03,DST-A2,2025-02-03,27.3,42.6,OPEN,LOW
PHC-DST-A2-02,PHC-DST-A2-03,DST-A2,2025-02-04,27.3,44.8,OPEN,LOW
PHC-DST-A2-02,PHC-DST-A2-03,DST-A2,2025-02-05,27.3,43.1,OPEN,LOW
PHC-DST-A2-02,PHC-DST-A2-03,DST-A2,2025-02-06,27.3,44.3,OPEN,LOW
PHC-DST-A2-02,PHC-DST-A2-03,DST-A2,2025-02-07,27.3,39.3,OPEN,LOW
PHC-DST-A2-02,PHC-DST-A2-03,DST-A2,2025-02-08,27.3,39.4,OPEN,LOW
PHC-DST-A2-02,PHC-DST-A2-03,DST-A2,2025-02-09,27.3,41.1,OPEN,LOW
PHC-DST-A2-02,PHC-DST-A2-03,DST-A2,2025-02-10,27.3,45.1,OPEN,LOW
PHC-DST-A2-02,PHC-DST-A2-03,DST-A2,2025-02-11,27.3,43.7,OPEN,LOW
PHC-DST-A2-02,PHC-DST-A2-03,DST-A2,2025-02-12,27.3,40.8,OPEN,LOW
PHC-DST-A2-02,PHC-DST-A2-03,DST-A2,2025-02-13,27.3,39.5,OPEN,LOW
PHC-DST-A2-02,PHC-DST-A2-03,DST-A2,2025-02-14,27.3,41.1,OPEN,LOW
PHC-DST-A2-02,PHC-DST-A2-03,DST-A2,2025-02-15,27.3,43.2,OPEN,LOW
PHC-DST-A2-02,PHC-DST-A2-03,DST-A2,2025-02-16,27.3,40.1,OPEN,LOW
PHC-DST-A2-02,PHC-DST-A2-03,DST-A2,2025-02-17,27.3,39.5,OPEN,LOW
PHC-DST-A2-02,PHC-DST-A2-03,DST-A2,2025-02-18,27.3,42.6,OPEN,LOW
PHC-DST-A2-02,PHC-DST-A2-03,DST-A2,2025-02-19,27.3,41.1,OPEN,LOW
PHC-DST-A2-02,PHC-DST-A2-03,DST-A2,2025-02-20,27.3,43.9,OPEN,LOW
PHC-DST-A2-02,PHC-DST-A2-03,DST-A2,2025-02-21,27.3,40.5,OPEN,LOW
PHC-DST-A2-02,PHC-DST-A2-03,DST-A2,2025-02-22,27.3,40.9,OPEN,LOW
PHC-DST-A2-02,PHC-DST-A2-03,DST-A2,2025-02-23,27.3,44.1,OPEN,LOW
PHC-DST-A2-02,PHC-DST-A2-03,DST-A2,2025-02-24,27.3,43.8,OPEN,LOW
PHC-DST-A2-02,PHC-DST-A2-03,DST-A2,2025-02-25,27.3,42.8,OPEN,LOW
PHC-DST-A2-02,PHC-DST-A2-03,DST-A2,2025-02-26,27.3,41.5,OPEN,LOW
PHC-DST-A2-02,PHC-DST-A2-03,DST-A2,2025-02-27,27.3,44.4,OPEN,LOW
PHC-DST-A2-02,PHC-DST-A2-03,DST-A2,2025-02-28,27.3,39.8,OPEN,LOW
PHC-DST-A2-02,PHC-DST-A2-03,DST-A2,2025-03-01,27.3,42.7,OPEN,LOW
PHC-DST-A2-02,PHC-DST-A2-03,DST-A2,2025-03-02,27.3,44.5,OPEN,LOW
PHC-DST-A2-02,PHC-DST-A2-03,DST-A2,2025-03-03,27.3,39.0,OPEN,LOW
PHC-DST-A2-02,PHC-DST-A2-03,DST-A2,2025-03-04,27.3,44.5,OPEN,LOW
PHC-DST-A2-02,PHC-DST-A2-03,DST-A2,2025-03-05,27.3,40.5,OPEN,LOW
PHC-DST-A2-02,PHC-DST-A2-03,DST-A2,2025-03-06,27.3,40.9,OPEN,LOW
PHC-DST-A2-02,PHC-DST-A2-03,DST-A2,2025-03-07,27.3,39.7,OPEN,LOW
PHC-DST-A2-02,PHC-DST-A2-03,DST-A2,2025-03-08,27.3,44.1,OPEN,LOW
PHC-DST-A2-02,PHC-DST-A2-03,DST-A2,2025-03-09,27.3,43.8,OPEN,LOW
PHC-DST-A2-02,PHC-DST-A2-03,DST-A2,2025-03-10,27.3,44.5,OPEN,LOW
PHC-DST-A2-02,PHC-DST-A2-03,DST-A2,2025-03-11,27.3,40.5,OPEN,LOW
PHC-DST-A2-02,PHC-DST-A2-03,DST-A2,2025-03-12,27.3,43.7,OPEN,LOW
PHC-DST-A2-02,PHC-DST-A2-03,DST-A2,2025-03-13,27.3,41.2,OPEN,LOW
PHC-DST-A2-02,PHC-DST-A2-03,DST-A2,2025-03-14,27.3,44.8,OPEN,LOW
PHC-DST-A2-02,PHC-DST-A2-03,DST-A2,2025-03-15,27.3,43.0,OPEN,LOW
PHC-DST-A2-02,PHC-DST-A2-03,DST-A2,2025-03-16,27.3,40.0,OPEN,LOW
PHC-DST-A2-02,PHC-DST-A2-03,DST-A2,2025-03-17,27.3,41.0,OPEN,LOW
PHC-DST-A2-02,PHC-DST-A2-03,DST-A2,2025-03-18,27.3,45.0,OPEN,LOW
PHC-DST-A2-02,PHC-DST-A2-03,DST-A2,2025-03-19,27.3,45.1,OPEN,LOW
PHC-DST-A2-02,PHC-DST-A2-03,DST-A2,2025-03-20,27.3,41.8,OPEN,LOW
PHC-DST-A2-02,PHC-DST-A2-03,DST-A2,2025-03-21,27.3,41.1,OPEN,LOW
PHC-DST-A2-02,PHC-DST-A2-03,DST-A2,2025-03-22,27.3,42.0,OPEN,LOW
PHC-DST-A2-02,PHC-DST-A2-03,DST-A2,2025-03-23,27.3,40.1,OPEN,LOW
PHC-DST-A2-02,PHC-DST-A2-03,DST-A2,2025-03-24,27.3,42.8,OPEN,LOW
PHC-DST-A2-02,PHC-DST-A2-03,DST-A2,2025-03-25,27.3,42.0,OPEN,LOW
PHC-DST-A2-02,PHC-DST-A2-03,DST-A2,2025-03-26,27.3,39.0,OPEN,LOW
PHC-DST-A2-02,PHC-DST-A2-03,DST-A2,2025-03-27,27.3,44.2,OPEN,LOW
PHC-DST-A2-02,PHC-DST-A2-03,DST-A2,2025-03-28,27.3,42.7,OPEN,LOW
PHC-DST-A2-02,PHC-DST-A2-03,DST-A2,2025-03-29,27.3,42.9,OPEN,LOW
PHC-DST-A2-02,PHC-DST-A2-03,DST-A2,2025-03-30,27.3,39.5,OPEN,LOW
PHC-DST-A2-02,PHC-DST-A2-03,DST-A2,2025-03-31,27.3,41.7,OPEN,LOW
PHC-DST-A2-02,PHC-DST-A2-03,DST-A2,2025-04-01,27.3,41.8,OPEN,LOW
PHC-DST-A2-02,PHC-DST-A2-03,DST-A2,2025-04-02,27.3,40.8,OPEN,LOW
PHC-DST-A2-02,PHC-DST-A2-03,DST-A2,2025-04-03,27.3,42.3,OPEN,LOW
PHC-DST-A2-02,PHC-DST-A2-03,DST-A2,2025-04-04,27.3,39.5,OPEN,LOW
PHC-DST-A2-02,PHC-DST-A2-03,DST-A2,2025-04-05,27.3,42.2,OPEN,LOW
PHC-DST-A2-02,PHC-DST-A2-03,DST-A2,2025-04-06,27.3,42.0,OPEN,LOW
PHC-DST-A2-02,PHC-DST-A2-03,DST-A2,2025-04-07,27.3,43.7,OPEN,LOW
PHC-DST-A2-02,PHC-DST-A2-03,DST-A2,2025-04-08,27.3,43.7,OPEN,LOW
PHC-DST-A2-02,PHC-DST-A2-03,DST-A2,2025-04-09,27.3,44.5,OPEN,LOW
PHC-DST-A2-02,PHC-DST-A2-03,DST-A2,2025-04-10,27.3,40.7,OPEN,LOW
PHC-DST-A2-02,PHC-DST-A2-03,DST-A2,2025-04-11,27.3,40.5,OPEN,LOW
PHC-DST-A2-02,PHC-DST-A2-03,DST-A2,2025-04-12,27.3,43.9,OPEN,LOW
PHC-DST-A2-02,PHC-DST-A2-03,DST-A2,2025-04-13,27.3,43.3,OPEN,LOW
PHC-DST-A2-02,PHC-DST-A2-03,DST-A2,2025-04-14,27.3,41.0,OPEN,LOW
PHC-DST-A2-02,PHC-DST-A2-03,DST-A2,2025-04-15,27.3,44.0,OPEN,LOW
PHC-DST-A2-02,PHC-DST-A2-03,DST-A2,2025-04-16,27.3,44.6,OPEN,LOW
PHC-DST-A2-02,PHC-DST-A2-03,DST-A2,2025-04-17,27.3,41.5,OPEN,LOW
PHC-DST-A2-02,PHC-DST-A2-03,DST-A2,2025-04-18,27.3,41.0,OPEN,LOW
PHC-DST-A2-02,PHC-DST-A2-03,DST-A2,2025-04-19,27.3,42.6,OPEN,LOW
PHC-DST-A2-02,PHC-DST-A2-03,DST-A2,2025-04-20,27.3,39.1,OPEN,LOW
PHC-DST-A2-02,PHC-DST-A2-03,DST-A2,2025-04-21,27.3,42.9,OPEN,LOW
PHC-DST-A2-02,PHC-DST-A2-03,DST-A2,2025-04-22,27.3,39.9,OPEN,LOW
PHC-DST-A2-02,PHC-DST-A2-03,DST-A2,2025-04-23,27.3,42.0,OPEN,LOW
PHC-DST-A2-02,PHC-DST-A2-03,DST-A2,2025-04-24,27.3,39.4,OPEN,LOW
PHC-DST-A2-02,PHC-DST-A2-03,DST-A2,2025-04-25,27.3,43.1,OPEN,LOW
PHC-DST-A2-02,PHC-DST-A2-03,DST-A2,2025-04-26,27.3,41.0,OPEN,LOW
PHC-DST-A2-02,PHC-DST-A2-03,DST-A2,2025-04-27,27.3,39.8,OPEN,LOW
PHC-DST-A2-02,PHC-DST-A2-03,DST-A2,2025-04-28,27.3,43.7,OPEN,LOW
PHC-DST-A2-02,PHC-DST-A2-03,DST-A2,2025-04-29,27.3,42.2,OPEN,LOW
PHC-DST-A2-02,PHC-DST-A2-03,DST-A2,2025-04-30,27.3,43.5,OPEN,LOW
PHC-DST-A2-02,PHC-DST-A2-03,DST-A2,2025-05-01,27.3,39.6,OPEN,LOW
PHC-DST-A2-02,PHC-DST-A2-03,DST-A2,2025-05-02,27.3,40.0,OPEN,LOW
PHC-DST-A2-02,PHC-DST-A2-03,DST-A2,2025-05-03,27.3,44.6,OPEN,LOW
PHC-DST-A2-02,PHC-DST-A2-03,DST-A2,2025-05-04,27.3,42.3,OPEN,LOW
PHC-DST-A2-02,PHC-DST-A2-03,DST-A2,2025-05-05,27.3,40.4,OPEN,LOW
PHC-DST-A2-02,PHC-DST-A2-03,DST-A2,2025-05-06,27.3,40.1,OPEN,LOW
PHC-DST-A2-02,PHC-DST-A2-03,DST-A2,2025-05-07,27.3,40.9,OPEN,LOW
PHC-DST-A2-02,PHC-DST-A2-03,DST-A2,2025-05-08,27.3,41.7,OPEN,LOW
PHC-DST-A2-02,PHC-DST-A2-03,DST-A2,2025-05-09,27.3,44.5,OPEN,LOW
PHC-DST-A2-02,PHC-DST-A2-03,DST-A2,2025-05-10,27.3,44.7,OPEN,LOW
PHC-DST-A2-02,PHC-DST-A2-03,DST-A2,2025-05-11,27.3,39.5,OPEN,LOW
PHC-DST-A2-02,PHC-DST-A2-03,DST-A2,2025-05-12,27.3,44.6,OPEN,LOW
PHC-DST-A2-02,PHC-DST-A2-03,DST-A2,2025-05-13,27.3,43.5,OPEN,LOW
PHC-DST-A2-02,PHC-DST-A2-03,DST-A2,2025-05-14,27.3,41.1,OPEN,LOW
PHC-DST-A2-02,PHC-DST-A2-03,DST-A2,2025-05-15,27.3,41.0,OPEN,LOW
PHC-DST-A2-02,PHC-DST-A2-03,DST-A2,2025-05-16,27.3,40.5,OPEN,LOW
PHC-DST-A2-02,PHC-DST-A2-03,DST-A2,2025-05-17,27.3,42.2,OPEN,LOW
PHC-DST-A2-02,PHC-DST-A2-03,DST-A2,2025-05-18,27.3,41.7,OPEN,LOW
PHC-DST-A2-02,PHC-DST-A2-03,DST-A2,2025-05-19,27.3,41.8,OPEN,LOW
PHC-DST-A2-02,PHC-DST-A2-03,DST-A2,2025-05-20,27.3,40.2,OPEN,LOW
PHC-DST-A2-02,PHC-DST-A2-03,DST-A2,2025-05-21,27.3,42.3,OPEN,LOW
PHC-DST-A2-02,PHC-DST-A2-03,DST-A2,2025-05-22,27.3,39.6,OPEN,LOW
PHC-DST-A2-02,PHC-DST-A2-03,DST-A2,2025-05-23,27.3,42.9,OPEN,LOW
PHC-DST-A2-02,PHC-DST-A2-03,DST-A2,2025-05-24,27.3,39.3,OPEN,LOW
PHC-DST-A2-02,PHC-DST-A2-03,DST-A2,2025-05-25,27.3,39.2,OPEN,LOW
PHC-DST-A2-02,PHC-DST-A2-03,DST-A2,2025-05-26,27.3,41.4,OPEN,LOW
PHC-DST-A2-02,PHC-DST-A2-03,DST-A2,2025-05-27,27.3,41.5,OPEN,LOW
PHC-DST-A2-02,PHC-DST-A2-03,DST-A2,2025-05-28,27.3,44.1,OPEN,LOW
PHC-DST-A2-02,PHC-DST-A2-03,DST-A2,2025-05-29,27.3,44.1,OPEN,LOW
PHC-DST-A2-02,PHC-DST-A2-03,DST-A2,2025-05-30,27.3,39.6,OPEN,LOW
PHC-DST-A2-02,PHC-DST-A2-03,DST-A2,2025-05-31,27.3,43.0,OPEN,LOW
PHC-DST-A2-02,PHC-DST-A2-03,DST-A2,2025-06-01,27.3,44.3,OPEN,LOW
PHC-DST-A2-02,PHC-DST-A2-03,DST-A2,2025-06-02,27.3,43.5,OPEN,LOW
PHC-DST-A2-02,PHC-DST-A2-03,DST-A2,2025-06-03,27.3,43.6,OPEN,LOW
PHC-DST-A2-02,PHC-DST-A2-03,DST-A2,2025-06-04,27.3,44.7,OPEN,LOW
PHC-DST-A2-02,PHC-DST-A2-03,DST-A2,2025-06-05,27.3,43.0,OPEN,LOW
PHC-DST-A2-02,PHC-DST-A2-03,DST-A2,2025-06-06,27.3,42.2,OPEN,LOW
PHC-DST-A2-02,PHC-DST-A2-03,DST-A2,2025-06-07,27.3,44.7,OPEN,LOW
PHC-DST-A2-02,PHC-DST-A2-03,DST-A2,2025-06-08,27.3,42.7,OPEN,LOW
PHC-DST-A2-02,PHC-DST-A2-03,DST-A2,2025-06-09,27.3,39.2,OPEN,LOW
PHC-DST-A2-02,PHC-DST-A2-03,DST-A2,2025-06-10,27.3,43.9,OPEN,LOW
PHC-DST-A2-02,PHC-DST-A2-03,DST-A2,2025-06-11,27.3,43.3,OPEN,LOW
PHC-DST-A2-02,PHC-DST-A2-03,DST-A2,2025-06-12,27.3,43.7,OPEN,LOW
PHC-DST-A2-02,PHC-DST-A2-03,DST-A2,2025-06-13,27.3,39.2,OPEN,LOW
PHC-DST-A2-02,PHC-DST-A2-03,DST-A2,2025-06-14,27.3,44.9,OPEN,LOW
PHC-DST-A2-02,PHC-DST-A2-03,DST-A2,2025-06-15,27.3,44.3,OPEN,LOW
PHC-DST-A2-02,PHC-DST-A2-03,DST-A2,2025-06-16,27.3,39.0,OPEN,LOW
PHC-DST-A2-02,PHC-DST-A2-03,DST-A2,2025-06-17,27.3,40.7,OPEN,LOW
PHC-DST-A2-02,PHC-DST-A2-03,DST-A2,2025-06-18,27.3,43.5,OPEN,LOW
PHC-DST-A2-02,PHC-DST-A2-03,DST-A2,2025-06-19,27.3,44.8,OPEN,LOW
PHC-DST-A2-02,PHC-DST-A2-03,DST-A2,2025-06-20,27.3,44.0,OPEN,LOW
PHC-DST-A2-02,PHC-DST-A2-03,DST-A2,2025-06-21,27.3,45.1,OPEN,LOW
PHC-DST-A2-02,PHC-DST-A2-03,DST-A2,2025-06-22,27.3,40.4,OPEN,LOW
PHC-DST-A2-02,PHC-DST-A2-03,DST-A2,2025-06-23,27.3,44.2,OPEN,LOW
PHC-DST-A2-02,PHC-DST-A2-03,DST-A2,2025-06-24,27.3,41.6,OPEN,LOW
PHC-DST-A2-02,PHC-DST-A2-03,DST-A2,2025-06-25,27.3,44.7,OPEN,LOW
PHC-DST-A2-02,PHC-DST-A2-03,DST-A2,2025-06-26,27.3,39.1,OPEN,LOW
PHC-DST-A2-02,PHC-DST-A2-03,DST-A2,2025-06-27,27.3,44.4,OPEN,LOW
PHC-DST-A2-02,PHC-DST-A2-03,DST-A2,2025-06-28,27.3,41.1,OPEN,LOW
PHC-DST-A2-02,PHC-DST-A2-03,DST-A2,2025-06-29,27.3,39.5,OPEN,LOW
PHC-DST-A2-02,PHC-DST-A2-03,DST-A2,2025-06-30,27.3,44.1,OPEN,LOW
PHC-DST-A2-03,PHC-DST-A2-04,DST-A2,2024-01-01,20.7,30.5,OPEN,LOW
PHC-DST-A2-03,PHC-DST-A2-04,DST-A2,2024-01-02,20.7,31.8,OPEN,LOW
PHC-DST-A2-03,PHC-DST-A2-04,DST-A2,2024-01-03,20.7,29.9,OPEN,LOW
PHC-DST-A2-03,PHC-DST-A2-04,DST-A2,2024-01-04,20.7,33.7,OPEN,LOW
PHC-DST-A2-03,PHC-DST-A2-04,DST-A2,2024-01-05,20.7,32.5,OPEN,LOW
PHC-DST-A2-03,PHC-DST-A2-04,DST-A2,2024-01-06,20.7,31.0,OPEN,LOW
PHC-DST-A2-03,PHC-DST-A2-04,DST-A2,2024-01-07,20.7,30.3,OPEN,LOW
PHC-DST-A2-03,PHC-DST-A2-04,DST-A2,2024-01-08,20.7,30.3,OPEN,LOW
PHC-DST-A2-03,PHC-DST-A2-04,DST-A2,2024-01-09,20.7,32.5,OPEN,LOW
PHC-DST-A2-03,PHC-DST-A2-04,DST-A2,2024-01-10,20.7,33.5,OPEN,LOW
PHC-DST-A2-03,PHC-DST-A2-04,DST-A2,2024-01-11,20.7,31.5,OPEN,LOW
PHC-DST-A2-03,PHC-DST-A2-04,DST-A2,2024-01-12,20.7,29.9,OPEN,LOW
PHC-DST-A2-03,PHC-DST-A2-04,DST-A2,2024-01-13,20.7,30.9,OPEN,LOW
PHC-DST-A2-03,PHC-DST-A2-04,DST-A2,2024-01-14,20.7,30.0,OPEN,LOW
PHC-DST-A2-03,PHC-DST-A2-04,DST-A2,2024-01-15,20.7,33.0,OPEN,LOW
PHC-DST-A2-03,PHC-DST-A2-04,DST-A2,2024-01-16,20.7,33.0,OPEN,LOW
PHC-DST-A2-03,PHC-DST-A2-04,DST-A2,2024-01-17,20.7,32.5,OPEN,LOW
PHC-DST-A2-03,PHC-DST-A2-04,DST-A2,2024-01-18,20.7,33.5,OPEN,LOW
PHC-DST-A2-03,PHC-DST-A2-04,DST-A2,2024-01-19,20.7,32.4,OPEN,LOW
PHC-DST-A2-03,PHC-DST-A2-04,DST-A2,2024-01-20,20.7,29.6,OPEN,LOW
PHC-DST-A2-03,PHC-DST-A2-04,DST-A2,2024-01-21,20.7,29.6,OPEN,LOW
PHC-DST-A2-03,PHC-DST-A2-04,DST-A2,2024-01-22,20.7,33.1,OPEN,LOW
PHC-DST-A2-03,PHC-DST-A2-04,DST-A2,2024-01-23,20.7,31.6,OPEN,LOW
PHC-DST-A2-03,PHC-DST-A2-04,DST-A2,2024-01-24,20.7,32.9,OPEN,LOW
PHC-DST-A2-03,PHC-DST-A2-04,DST-A2,2024-01-25,20.7,29.5,OPEN,LOW
PHC-DST-A2-03,PHC-DST-A2-04,DST-A2,2024-01-26,20.7,30.5,OPEN,LOW
PHC-DST-A2-03,PHC-DST-A2-04,DST-A2,2024-01-27,20.7,30.4,OPEN,LOW
PHC-DST-A2-03,PHC-DST-A2-04,DST-A2,2024-01-28,20.7,30.2,OPEN,LOW
PHC-DST-A2-03,PHC-DST-A2-04,DST-A2,2024-01-29,20.7,33.5,OPEN,LOW
PHC-DST-A2-03,PHC-DST-A2-04,DST-A2,2024-01-30,20.7,29.6,OPEN,LOW
PHC-DST-A2-03,PHC-DST-A2-04,DST-A2,2024-01-31,20.7,29.6,OPEN,LOW
PHC-DST-A2-03,PHC-DST-A2-04,DST-A2,2024-02-01,20.7,33.5,OPEN,LOW
PHC-DST-A2-03,PHC-DST-A2-04,DST-A2,2024-02-02,20.7,34.0,OPEN,LOW
PHC-DST-A2-03,PHC-DST-A2-04,DST-A2,2024-02-03,20.7,32.6,OPEN,LOW
PHC-DST-A2-03,PHC-DST-A2-04,DST-A2,2024-02-04,20.7,29.5,OPEN,LOW
PHC-DST-A2-03,PHC-DST-A2-04,DST-A2,2024-02-05,20.7,32.9,OPEN,LOW
PHC-DST-A2-03,PHC-DST-A2-04,DST-A2,2024-02-06,20.7,32.0,OPEN,LOW
PHC-DST-A2-03,PHC-DST-A2-04,DST-A2,2024-02-07,20.7,32.2,OPEN,LOW
PHC-DST-A2-03,PHC-DST-A2-04,DST-A2,2024-02-08,20.7,30.2,OPEN,LOW
PHC-DST-A2-03,PHC-DST-A2-04,DST-A2,2024-02-09,20.7,34.1,OPEN,LOW
PHC-DST-A2-03,PHC-DST-A2-04,DST-A2,2024-02-10,20.7,31.4,OPEN,LOW
PHC-DST-A2-03,PHC-DST-A2-04,DST-A2,2024-02-11,20.7,31.6,OPEN,LOW
PHC-DST-A2-03,PHC-DST-A2-04,DST-A2,2024-02-12,20.7,31.5,OPEN,LOW
PHC-DST-A2-03,PHC-DST-A2-04,DST-A2,2024-02-13,20.7,32.5,OPEN,LOW
PHC-DST-A2-03,PHC-DST-A2-04,DST-A2,2024-02-14,20.7,32.1,OPEN,LOW
PHC-DST-A2-03,PHC-DST-A2-04,DST-A2,2024-02-15,20.7,31.3,OPEN,LOW
PHC-DST-A2-03,PHC-DST-A2-04,DST-A2,2024-02-16,20.7,31.2,OPEN,LOW
PHC-DST-A2-03,PHC-DST-A2-04,DST-A2,2024-02-17,20.7,31.0,OPEN,LOW
PHC-DST-A2-03,PHC-DST-A2-04,DST-A2,2024-02-18,20.7,30.0,OPEN,LOW
PHC-DST-A2-03,PHC-DST-A2-04,DST-A2,2024-02-19,20.7,33.6,OPEN,LOW
PHC-DST-A2-03,PHC-DST-A2-04,DST-A2,2024-02-20,20.7,33.7,OPEN,LOW
PHC-DST-A2-03,PHC-DST-A2-04,DST-A2,2024-02-21,20.7,32.7,OPEN,LOW
PHC-DST-A2-03,PHC-DST-A2-04,DST-A2,2024-02-22,20.7,30.0,OPEN,LOW
PHC-DST-A2-03,PHC-DST-A2-04,DST-A2,2024-02-23,20.7,30.2,OPEN,LOW
PHC-DST-A2-03,PHC-DST-A2-04,DST-A2,2024-02-24,20.7,31.3,OPEN,LOW
PHC-DST-A2-03,PHC-DST-A2-04,DST-A2,2024-02-25,20.7,34.1,OPEN,LOW
PHC-DST-A2-03,PHC-DST-A2-04,DST-A2,2024-02-26,20.7,31.4,OPEN,LOW
PHC-DST-A2-03,PHC-DST-A2-04,DST-A2,2024-02-27,20.7,30.6,OPEN,LOW
PHC-DST-A2-03,PHC-DST-A2-04,DST-A2,2024-02-28,20.7,31.6,OPEN,LOW
PHC-DST-A2-03,PHC-DST-A2-04,DST-A2,2024-02-29,20.7,33.4,OPEN,LOW
PHC-DST-A2-03,PHC-DST-A2-04,DST-A2,2024-03-01,20.7,30.1,OPEN,LOW
PHC-DST-A2-03,PHC-DST-A2-04,DST-A2,2024-03-02,20.7,31.7,OPEN,LOW
PHC-DST-A2-03,PHC-DST-A2-04,DST-A2,2024-03-03,20.7,32.3,OPEN,LOW
PHC-DST-A2-03,PHC-DST-A2-04,DST-A2,2024-03-04,20.7,31.5,OPEN,LOW
PHC-DST-A2-03,PHC-DST-A2-04,DST-A2,2024-03-05,20.7,33.1,OPEN,LOW
PHC-DST-A2-03,PHC-DST-A2-04,DST-A2,2024-03-06,20.7,30.6,OPEN,LOW
PHC-DST-A2-03,PHC-DST-A2-04,DST-A2,2024-03-07,20.7,30.3,OPEN,LOW
PHC-DST-A2-03,PHC-DST-A2-04,DST-A2,2024-03-08,20.7,33.8,OPEN,LOW
PHC-DST-A2-03,PHC-DST-A2-04,DST-A2,2024-03-09,20.7,31.1,OPEN,LOW
PHC-DST-A2-03,PHC-DST-A2-04,DST-A2,2024-03-10,20.7,32.9,OPEN,LOW
PHC-DST-A2-03,PHC-DST-A2-04,DST-A2,2024-03-11,20.7,31.9,OPEN,LOW
PHC-DST-A2-03,PHC-DST-A2-04,DST-A2,2024-03-12,20.7,30.6,OPEN,LOW
PHC-DST-A2-03,PHC-DST-A2-04,DST-A2,2024-03-13,20.7,32.5,OPEN,LOW
PHC-DST-A2-03,PHC-DST-A2-04,DST-A2,2024-03-14,20.7,30.3,OPEN,LOW
PHC-DST-A2-03,PHC-DST-A2-04,DST-A2,2024-03-15,20.7,31.1,OPEN,LOW
PHC-DST-A2-03,PHC-DST-A2-04,DST-A2,2024-03-16,20.7,31.9,OPEN,LOW
PHC-DST-A2-03,PHC-DST-A2-04,DST-A2,2024-03-17,20.7,30.3,OPEN,LOW
PHC-DST-A2-03,PHC-DST-A2-04,DST-A2,2024-03-18,20.7,32.2,OPEN,LOW
PHC-DST-A2-03,PHC-DST-A2-04,DST-A2,2024-03-19,20.7,29.9,OPEN,LOW
PHC-DST-A2-03,PHC-DST-A2-04,DST-A2,2024-03-20,20.7,31.4,OPEN,LOW
PHC-DST-A2-03,PHC-DST-A2-04,DST-A2,2024-03-21,20.7,29.6,OPEN,LOW
PHC-DST-A2-03,PHC-DST-A2-04,DST-A2,2024-03-22,20.7,32.6,OPEN,LOW
PHC-DST-A2-03,PHC-DST-A2-04,DST-A2,2024-03-23,20.7,33.9,OPEN,LOW
PHC-DST-A2-03,PHC-DST-A2-04,DST-A2,2024-03-24,20.7,31.2,OPEN,LOW
PHC-DST-A2-03,PHC-DST-A2-04,DST-A2,2024-03-25,20.7,32.3,OPEN,LOW
PHC-DST-A2-03,PHC-DST-A2-04,DST-A2,2024-03-26,20.7,30.6,OPEN,LOW
PHC-DST-A2-03,PHC-DST-A2-04,DST-A2,2024-03-27,20.7,31.4,OPEN,LOW
PHC-DST-A2-03,PHC-DST-A2-04,DST-A2,2024-03-28,20.7,31.6,OPEN,LOW
PHC-DST-A2-03,PHC-DST-A2-04,DST-A2,2024-03-29,20.7,31.3,OPEN,LOW
PHC-DST-A2-03,PHC-DST-A2-04,DST-A2,2024-03-30,20.7,29.9,OPEN,LOW
PHC-DST-A2-03,PHC-DST-A2-04,DST-A2,2024-03-31,20.7,30.5,OPEN,LOW
PHC-DST-A2-03,PHC-DST-A2-04,DST-A2,2024-04-01,20.7,31.6,OPEN,LOW
PHC-DST-A2-03,PHC-DST-A2-04,DST-A2,2024-04-02,20.7,32.4,OPEN,LOW
PHC-DST-A2-03,PHC-DST-A2-04,DST-A2,2024-04-03,20.7,30.0,OPEN,LOW
PHC-DST-A2-03,PHC-DST-A2-04,DST-A2,2024-04-04,20.7,30.8,OPEN,LOW
PHC-DST-A2-03,PHC-DST-A2-04,DST-A2,2024-04-05,20.7,31.8,OPEN,LOW
PHC-DST-A2-03,PHC-DST-A2-04,DST-A2,2024-04-06,20.7,33.7,OPEN,LOW
PHC-DST-A2-03,PHC-DST-A2-04,DST-A2,2024-04-07,20.7,33.3,OPEN,LOW
PHC-DST-A2-03,PHC-DST-A2-04,DST-A2,2024-04-08,20.7,31.0,OPEN,LOW
PHC-DST-A2-03,PHC-DST-A2-04,DST-A2,2024-04-09,20.7,31.0,OPEN,LOW
PHC-DST-A2-03,PHC-DST-A2-04,DST-A2,2024-04-10,20.7,34.1,OPEN,LOW
PHC-DST-A2-03,PHC-DST-A2-04,DST-A2,2024-04-11,20.7,31.4,OPEN,LOW
PHC-DST-A2-03,PHC-DST-A2-04,DST-A2,2024-04-12,20.7,32.6,OPEN,LOW
PHC-DST-A2-03,PHC-DST-A2-04,DST-A2,2024-04-13,20.7,33.2,OPEN,LOW
PHC-DST-A2-03,PHC-DST-A2-04,DST-A2,2024-04-14,20.7,31.0,OPEN,LOW
PHC-DST-A2-03,PHC-DST-A2-04,DST-A2,2024-04-15,20.7,31.8,OPEN,LOW
PHC-DST-A2-03,PHC-DST-A2-04,DST-A2,2024-04-16,20.7,31.8,OPEN,LOW
PHC-DST-A2-03,PHC-DST-A2-04,DST-A2,2024-04-17,20.7,34.0,OPEN,LOW
PHC-DST-A2-03,PHC-DST-A2-04,DST-A2,2024-04-18,20.7,33.8,OPEN,LOW
PHC-DST-A2-03,PHC-DST-A2-04,DST-A2,2024-04-19,20.7,32.1,OPEN,LOW
PHC-DST-A2-03,PHC-DST-A2-04,DST-A2,2024-04-20,20.7,33.5,OPEN,LOW
PHC-DST-A2-03,PHC-DST-A2-04,DST-A2,2024-04-21,20.7,33.0,OPEN,LOW
PHC-DST-A2-03,PHC-DST-A2-04,DST-A2,2024-04-22,20.7,29.5,OPEN,LOW
PHC-DST-A2-03,PHC-DST-A2-04,DST-A2,2024-04-23,20.7,30.8,OPEN,LOW
PHC-DST-A2-03,PHC-DST-A2-04,DST-A2,2024-04-24,20.7,30.3,OPEN,LOW
PHC-DST-A2-03,PHC-DST-A2-04,DST-A2,2024-04-25,20.7,33.3,OPEN,LOW
PHC-DST-A2-03,PHC-DST-A2-04,DST-A2,2024-04-26,20.7,29.6,OPEN,LOW
PHC-DST-A2-03,PHC-DST-A2-04,DST-A2,2024-04-27,20.7,31.5,OPEN,LOW
PHC-DST-A2-03,PHC-DST-A2-04,DST-A2,2024-04-28,20.7,31.5,OPEN,LOW
PHC-DST-A2-03,PHC-DST-A2-04,DST-A2,2024-04-29,20.7,31.9,OPEN,LOW
PHC-DST-A2-03,PHC-DST-A2-04,DST-A2,2024-04-30,20.7,31.9,OPEN,LOW
PHC-DST-A2-03,PHC-DST-A2-04,DST-A2,2024-05-01,20.7,33.1,OPEN,LOW
PHC-DST-A2-03,PHC-DST-A2-04,DST-A2,2024-05-02,20.7,30.1,OPEN,LOW
PHC-DST-A2-03,PHC-DST-A2-04,DST-A2,2024-05-03,20.7,32.5,OPEN,LOW
PHC-DST-A2-03,PHC-DST-A2-04,DST-A2,2024-05-04,20.7,31.9,OPEN,LOW
PHC-DST-A2-03,PHC-DST-A2-04,DST-A2,2024-05-05,20.7,30.0,OPEN,LOW
PHC-DST-A2-03,PHC-DST-A2-04,DST-A2,2024-05-06,20.7,29.7,OPEN,LOW
PHC-DST-A2-03,PHC-DST-A2-04,DST-A2,2024-05-07,20.7,31.7,OPEN,LOW
PHC-DST-A2-03,PHC-DST-A2-04,DST-A2,2024-05-08,20.7,32.6,OPEN,LOW
PHC-DST-A2-03,PHC-DST-A2-04,DST-A2,2024-05-09,20.7,30.6,OPEN,LOW
PHC-DST-A2-03,PHC-DST-A2-04,DST-A2,2024-05-10,20.7,33.3,OPEN,LOW
PHC-DST-A2-03,PHC-DST-A2-04,DST-A2,2024-05-11,20.7,32.5,OPEN,LOW
PHC-DST-A2-03,PHC-DST-A2-04,DST-A2,2024-05-12,20.7,29.7,OPEN,LOW
PHC-DST-A2-03,PHC-DST-A2-04,DST-A2,2024-05-13,20.7,30.6,OPEN,LOW
PHC-DST-A2-03,PHC-DST-A2-04,DST-A2,2024-05-14,20.7,32.3,OPEN,LOW
PHC-DST-A2-03,PHC-DST-A2-04,DST-A2,2024-05-15,20.7,33.6,OPEN,LOW
PHC-DST-A2-03,PHC-DST-A2-04,DST-A2,2024-05-16,20.7,30.8,OPEN,LOW
PHC-DST-A2-03,PHC-DST-A2-04,DST-A2,2024-05-17,20.7,33.8,OPEN,LOW
PHC-DST-A2-03,PHC-DST-A2-04,DST-A2,2024-05-18,20.7,29.8,OPEN,LOW
PHC-DST-A2-03,PHC-DST-A2-04,DST-A2,2024-05-19,20.7,33.0,OPEN,LOW
PHC-DST-A2-03,PHC-DST-A2-04,DST-A2,2024-05-20,20.7,33.4,OPEN,LOW
PHC-DST-A2-03,PHC-DST-A2-04,DST-A2,2024-05-21,20.7,33.0,OPEN,LOW
PHC-DST-A2-03,PHC-DST-A2-04,DST-A2,2024-05-22,20.7,30.8,OPEN,LOW
PHC-DST-A2-03,PHC-DST-A2-04,DST-A2,2024-05-23,20.7,32.9,OPEN,LOW
PHC-DST-A2-03,PHC-DST-A2-04,DST-A2,2024-05-24,20.7,29.8,OPEN,LOW
PHC-DST-A2-03,PHC-DST-A2-04,DST-A2,2024-05-25,20.7,31.2,OPEN,LOW
PHC-DST-A2-03,PHC-DST-A2-04,DST-A2,2024-05-26,20.7,31.6,OPEN,LOW
PHC-DST-A2-03,PHC-DST-A2-04,DST-A2,2024-05-27,20.7,31.7,OPEN,LOW
PHC-DST-A2-03,PHC-DST-A2-04,DST-A2,2024-05-28,20.7,33.2,OPEN,LOW
PHC-DST-A2-03,PHC-DST-A2-04,DST-A2,2024-05-29,20.7,31.1,OPEN,LOW
PHC-DST-A2-03,PHC-DST-A2-04,DST-A2,2024-05-30,20.7,31.8,OPEN,LOW
PHC-DST-A2-03,PHC-DST-A2-04,DST-A2,2024-05-31,20.7,32.0,OPEN,LOW
PHC-DST-A2-03,PHC-DST-A2-04,DST-A2,2024-06-01,20.7,29.8,OPEN,LOW
PHC-DST-A2-03,PHC-DST-A2-04,DST-A2,2024-06-02,20.7,31.8,OPEN,LOW
PHC-DST-A2-03,PHC-DST-A2-04,DST-A2,2024-06-03,20.7,33.4,OPEN,LOW
PHC-DST-A2-03,PHC-DST-A2-04,DST-A2,2024-06-04,20.7,32.2,OPEN,LOW
PHC-DST-A2-03,PHC-DST-A2-04,DST-A2,2024-06-05,20.7,31.2,OPEN,LOW
PHC-DST-A2-03,PHC-DST-A2-04,DST-A2,2024-06-06,20.7,33.9,OPEN,LOW
PHC-DST-A2-03,PHC-DST-A2-04,DST-A2,2024-06-07,20.7,33.2,OPEN,LOW
PHC-DST-A2-03,PHC-DST-A2-04,DST-A2,2024-06-08,20.7,30.1,OPEN,LOW
PHC-DST-A2-03,PHC-DST-A2-04,DST-A2,2024-06-09,20.7,30.1,OPEN,LOW
PHC-DST-A2-03,PHC-DST-A2-04,DST-A2,2024-06-10,20.7,32.3,OPEN,LOW
PHC-DST-A2-03,PHC-DST-A2-04,DST-A2,2024-06-11,20.7,30.6,OPEN,LOW
PHC-DST-A2-03,PHC-DST-A2-04,DST-A2,2024-06-12,20.7,32.6,OPEN,LOW
PHC-DST-A2-03,PHC-DST-A2-04,DST-A2,2024-06-13,20.7,33.6,OPEN,LOW
PHC-DST-A2-03,PHC-DST-A2-04,DST-A2,2024-06-14,20.7,31.5,OPEN,LOW
PHC-DST-A2-03,PHC-DST-A2-04,DST-A2,2024-06-15,20.7,32.1,OPEN,LOW
PHC-DST-A2-03,PHC-DST-A2-04,DST-A2,2024-06-16,20.7,32.2,OPEN,LOW
PHC-DST-A2-03,PHC-DST-A2-04,DST-A2,2024-06-17,20.7,31.2,OPEN,LOW
PHC-DST-A2-03,PHC-DST-A2-04,DST-A2,2024-06-18,20.7,32.1,OPEN,LOW
PHC-DST-A2-03,PHC-DST-A2-04,DST-A2,2024-06-19,20.7,32.3,OPEN,LOW
PHC-DST-A2-03,PHC-DST-A2-04,DST-A2,2024-06-20,20.7,33.1,OPEN,LOW
PHC-DST-A2-03,PHC-DST-A2-04,DST-A2,2024-06-21,20.7,33.7,OPEN,LOW
PHC-DST-A2-03,PHC-DST-A2-04,DST-A2,2024-06-22,20.7,31.6,OPEN,LOW
PHC-DST-A2-03,PHC-DST-A2-04,DST-A2,2024-06-23,20.7,32.6,OPEN,LOW
PHC-DST-A2-03,PHC-DST-A2-04,DST-A2,2024-06-24,20.7,30.2,OPEN,LOW
PHC-DST-A2-03,PHC-DST-A2-04,DST-A2,2024-06-25,20.7,32.7,OPEN,LOW
PHC-DST-A2-03,PHC-DST-A2-04,DST-A2,2024-06-26,20.7,33.7,OPEN,LOW
PHC-DST-A2-03,PHC-DST-A2-04,DST-A2,2024-06-27,20.7,33.0,OPEN,LOW
PHC-DST-A2-03,PHC-DST-A2-04,DST-A2,2024-06-28,20.7,32.8,OPEN,LOW
PHC-DST-A2-03,PHC-DST-A2-04,DST-A2,2024-06-29,20.7,32.1,OPEN,LOW
PHC-DST-A2-03,PHC-DST-A2-04,DST-A2,2024-06-30,20.7,31.7,OPEN,LOW
PHC-DST-A2-03,PHC-DST-A2-04,DST-A2,2024-07-01,20.7,30.1,OPEN,LOW
PHC-DST-A2-03,PHC-DST-A2-04,DST-A2,2024-07-02,20.7,32.4,OPEN,LOW
PHC-DST-A2-03,PHC-DST-A2-04,DST-A2,2024-07-03,20.7,33.8,OPEN,LOW
PHC-DST-A2-03,PHC-DST-A2-04,DST-A2,2024-07-04,20.7,31.6,OPEN,LOW
PHC-DST-A2-03,PHC-DST-A2-04,DST-A2,2024-07-05,20.7,46.5,DEGRADED,MODERATE
PHC-DST-A2-03,PHC-DST-A2-04,DST-A2,2024-07-06,20.7,33.9,OPEN,LOW
PHC-DST-A2-03,PHC-DST-A2-04,DST-A2,2024-07-07,20.7,29.5,OPEN,LOW
PHC-DST-A2-03,PHC-DST-A2-04,DST-A2,2024-07-08,20.7,29.7,OPEN,LOW
PHC-DST-A2-03,PHC-DST-A2-04,DST-A2,2024-07-09,20.7,30.7,OPEN,LOW
PHC-DST-A2-03,PHC-DST-A2-04,DST-A2,2024-07-10,20.7,30.2,OPEN,LOW
PHC-DST-A2-03,PHC-DST-A2-04,DST-A2,2024-07-11,20.7,57.9,DEGRADED,LOW
PHC-DST-A2-03,PHC-DST-A2-04,DST-A2,2024-07-12,20.7,29.5,OPEN,LOW
PHC-DST-A2-03,PHC-DST-A2-04,DST-A2,2024-07-13,20.7,33.5,OPEN,LOW
PHC-DST-A2-03,PHC-DST-A2-04,DST-A2,2024-07-14,20.7,57.2,DEGRADED,LOW
PHC-DST-A2-03,PHC-DST-A2-04,DST-A2,2024-07-15,20.7,32.0,OPEN,LOW
PHC-DST-A2-03,PHC-DST-A2-04,DST-A2,2024-07-16,20.7,32.2,OPEN,LOW
PHC-DST-A2-03,PHC-DST-A2-04,DST-A2,2024-07-17,20.7,29.9,OPEN,LOW
PHC-DST-A2-03,PHC-DST-A2-04,DST-A2,2024-07-18,20.7,58.0,DEGRADED,LOW
PHC-DST-A2-03,PHC-DST-A2-04,DST-A2,2024-07-19,20.7,30.3,OPEN,LOW
PHC-DST-A2-03,PHC-DST-A2-04,DST-A2,2024-07-20,20.7,32.1,OPEN,LOW
PHC-DST-A2-03,PHC-DST-A2-04,DST-A2,2024-07-21,20.7,49.0,DEGRADED,MODERATE
PHC-DST-A2-03,PHC-DST-A2-04,DST-A2,2024-07-22,20.7,30.3,OPEN,LOW
PHC-DST-A2-03,PHC-DST-A2-04,DST-A2,2024-07-23,20.7,30.7,OPEN,LOW
PHC-DST-A2-03,PHC-DST-A2-04,DST-A2,2024-07-24,20.7,33.1,OPEN,LOW
PHC-DST-A2-03,PHC-DST-A2-04,DST-A2,2024-07-25,20.7,32.1,OPEN,LOW
PHC-DST-A2-03,PHC-DST-A2-04,DST-A2,2024-07-26,20.7,33.6,OPEN,LOW
PHC-DST-A2-03,PHC-DST-A2-04,DST-A2,2024-07-27,20.7,30.4,OPEN,LOW
PHC-DST-A2-03,PHC-DST-A2-04,DST-A2,2024-07-28,20.7,30.9,OPEN,LOW
PHC-DST-A2-03,PHC-DST-A2-04,DST-A2,2024-07-29,20.7,30.4,OPEN,LOW
PHC-DST-A2-03,PHC-DST-A2-04,DST-A2,2024-07-30,20.7,31.4,OPEN,LOW
PHC-DST-A2-03,PHC-DST-A2-04,DST-A2,2024-07-31,20.7,48.0,DEGRADED,MODERATE
PHC-DST-A2-03,PHC-DST-A2-04,DST-A2,2024-08-01,20.7,51.5,DEGRADED,MODERATE
PHC-DST-A2-03,PHC-DST-A2-04,DST-A2,2024-08-02,20.7,32.5,OPEN,LOW
PHC-DST-A2-03,PHC-DST-A2-04,DST-A2,2024-08-03,20.7,33.9,OPEN,LOW
PHC-DST-A2-03,PHC-DST-A2-04,DST-A2,2024-08-04,20.7,49.6,DEGRADED,LOW
PHC-DST-A2-03,PHC-DST-A2-04,DST-A2,2024-08-05,20.7,32.1,OPEN,LOW
PHC-DST-A2-03,PHC-DST-A2-04,DST-A2,2024-08-06,20.7,29.7,OPEN,LOW
PHC-DST-A2-03,PHC-DST-A2-04,DST-A2,2024-08-07,20.7,33.8,OPEN,LOW
PHC-DST-A2-03,PHC-DST-A2-04,DST-A2,2024-08-08,20.7,33.7,OPEN,LOW
PHC-DST-A2-03,PHC-DST-A2-04,DST-A2,2024-08-09,20.7,32.4,OPEN,LOW
PHC-DST-A2-03,PHC-DST-A2-04,DST-A2,2024-08-10,20.7,33.0,OPEN,LOW
PHC-DST-A2-03,PHC-DST-A2-04,DST-A2,2024-08-11,20.7,33.7,OPEN,LOW
PHC-DST-A2-03,PHC-DST-A2-04,DST-A2,2024-08-12,20.7,30.1,OPEN,LOW
PHC-DST-A2-03,PHC-DST-A2-04,DST-A2,2024-08-13,20.7,31.4,OPEN,LOW
PHC-DST-A2-03,PHC-DST-A2-04,DST-A2,2024-08-14,20.7,48.6,DEGRADED,MODERATE
PHC-DST-A2-03,PHC-DST-A2-04,DST-A2,2024-08-15,20.7,47.5,DEGRADED,LOW
PHC-DST-A2-03,PHC-DST-A2-04,DST-A2,2024-08-16,20.7,32.1,OPEN,LOW
PHC-DST-A2-03,PHC-DST-A2-04,DST-A2,2024-08-17,20.7,70.0,DEGRADED,SEVERE
PHC-DST-A2-03,PHC-DST-A2-04,DST-A2,2024-08-18,20.7,30.9,OPEN,LOW
PHC-DST-A2-03,PHC-DST-A2-04,DST-A2,2024-08-19,20.7,30.1,OPEN,LOW
PHC-DST-A2-03,PHC-DST-A2-04,DST-A2,2024-08-20,20.7,31.0,OPEN,LOW
PHC-DST-A2-03,PHC-DST-A2-04,DST-A2,2024-08-21,20.7,33.0,OPEN,LOW
PHC-DST-A2-03,PHC-DST-A2-04,DST-A2,2024-08-22,20.7,74.4,DEGRADED,SEVERE
PHC-DST-A2-03,PHC-DST-A2-04,DST-A2,2024-08-23,20.7,31.8,OPEN,LOW
PHC-DST-A2-03,PHC-DST-A2-04,DST-A2,2024-08-24,20.7,34.0,OPEN,LOW
PHC-DST-A2-03,PHC-DST-A2-04,DST-A2,2024-08-25,20.7,33.6,OPEN,LOW
PHC-DST-A2-03,PHC-DST-A2-04,DST-A2,2024-08-26,20.7,33.9,OPEN,LOW
PHC-DST-A2-03,PHC-DST-A2-04,DST-A2,2024-08-27,20.7,31.5,OPEN,LOW
PHC-DST-A2-03,PHC-DST-A2-04,DST-A2,2024-08-28,20.7,89.8,DEGRADED,MODERATE
PHC-DST-A2-03,PHC-DST-A2-04,DST-A2,2024-08-29,20.7,31.5,OPEN,LOW
PHC-DST-A2-03,PHC-DST-A2-04,DST-A2,2024-08-30,20.7,58.7,DEGRADED,LOW
PHC-DST-A2-03,PHC-DST-A2-04,DST-A2,2024-08-31,20.7,31.6,OPEN,LOW
PHC-DST-A2-03,PHC-DST-A2-04,DST-A2,2024-09-01,20.7,33.1,OPEN,LOW
PHC-DST-A2-03,PHC-DST-A2-04,DST-A2,2024-09-02,20.7,33.8,OPEN,LOW
PHC-DST-A2-03,PHC-DST-A2-04,DST-A2,2024-09-03,20.7,31.8,OPEN,LOW
PHC-DST-A2-03,PHC-DST-A2-04,DST-A2,2024-09-04,20.7,31.8,OPEN,LOW
PHC-DST-A2-03,PHC-DST-A2-04,DST-A2,2024-09-05,20.7,30.3,OPEN,LOW
PHC-DST-A2-03,PHC-DST-A2-04,DST-A2,2024-09-06,20.7,31.4,OPEN,LOW
PHC-DST-A2-03,PHC-DST-A2-04,DST-A2,2024-09-07,20.7,150.9,BLOCKED,SEVERE
PHC-DST-A2-03,PHC-DST-A2-04,DST-A2,2024-09-08,20.7,45.4,DEGRADED,LOW
PHC-DST-A2-03,PHC-DST-A2-04,DST-A2,2024-09-09,20.7,29.7,OPEN,LOW
PHC-DST-A2-03,PHC-DST-A2-04,DST-A2,2024-09-10,20.7,53.5,DEGRADED,LOW
PHC-DST-A2-03,PHC-DST-A2-04,DST-A2,2024-09-11,20.7,54.7,DEGRADED,LOW
PHC-DST-A2-03,PHC-DST-A2-04,DST-A2,2024-09-12,20.7,47.3,DEGRADED,MODERATE
PHC-DST-A2-03,PHC-DST-A2-04,DST-A2,2024-09-13,20.7,56.5,DEGRADED,MODERATE
PHC-DST-A2-03,PHC-DST-A2-04,DST-A2,2024-09-14,20.7,33.8,OPEN,LOW
PHC-DST-A2-03,PHC-DST-A2-04,DST-A2,2024-09-15,20.7,31.9,OPEN,LOW
PHC-DST-A2-03,PHC-DST-A2-04,DST-A2,2024-09-16,20.7,32.8,OPEN,LOW
PHC-DST-A2-03,PHC-DST-A2-04,DST-A2,2024-09-17,20.7,29.7,OPEN,LOW
PHC-DST-A2-03,PHC-DST-A2-04,DST-A2,2024-09-18,20.7,33.8,OPEN,LOW
PHC-DST-A2-03,PHC-DST-A2-04,DST-A2,2024-09-19,20.7,33.5,OPEN,LOW
PHC-DST-A2-03,PHC-DST-A2-04,DST-A2,2024-09-20,20.7,30.4,OPEN,LOW
PHC-DST-A2-03,PHC-DST-A2-04,DST-A2,2024-09-21,20.7,33.2,OPEN,LOW
PHC-DST-A2-03,PHC-DST-A2-04,DST-A2,2024-09-22,20.7,33.8,OPEN,LOW
PHC-DST-A2-03,PHC-DST-A2-04,DST-A2,2024-09-23,20.7,29.8,OPEN,LOW
PHC-DST-A2-03,PHC-DST-A2-04,DST-A2,2024-09-24,20.7,32.0,OPEN,LOW
PHC-DST-A2-03,PHC-DST-A2-04,DST-A2,2024-09-25,20.7,47.7,DEGRADED,MODERATE
PHC-DST-A2-03,PHC-DST-A2-04,DST-A2,2024-09-26,20.7,30.8,OPEN,LOW
PHC-DST-A2-03,PHC-DST-A2-04,DST-A2,2024-09-27,20.7,50.5,DEGRADED,MODERATE
PHC-DST-A2-03,PHC-DST-A2-04,DST-A2,2024-09-28,20.7,33.5,OPEN,LOW
PHC-DST-A2-03,PHC-DST-A2-04,DST-A2,2024-09-29,20.7,32.3,OPEN,LOW
PHC-DST-A2-03,PHC-DST-A2-04,DST-A2,2024-09-30,20.7,30.6,OPEN,LOW
PHC-DST-A2-03,PHC-DST-A2-04,DST-A2,2024-10-01,20.7,32.2,OPEN,LOW
PHC-DST-A2-03,PHC-DST-A2-04,DST-A2,2024-10-02,20.7,31.0,OPEN,LOW
PHC-DST-A2-03,PHC-DST-A2-04,DST-A2,2024-10-03,20.7,30.9,OPEN,LOW
PHC-DST-A2-03,PHC-DST-A2-04,DST-A2,2024-10-04,20.7,32.4,OPEN,LOW
PHC-DST-A2-03,PHC-DST-A2-04,DST-A2,2024-10-05,20.7,30.6,OPEN,LOW
PHC-DST-A2-03,PHC-DST-A2-04,DST-A2,2024-10-06,20.7,30.0,OPEN,LOW
PHC-DST-A2-03,PHC-DST-A2-04,DST-A2,2024-10-07,20.7,29.7,OPEN,LOW
PHC-DST-A2-03,PHC-DST-A2-04,DST-A2,2024-10-08,20.7,33.9,OPEN,LOW
PHC-DST-A2-03,PHC-DST-A2-04,DST-A2,2024-10-09,20.7,30.2,OPEN,LOW
PHC-DST-A2-03,PHC-DST-A2-04,DST-A2,2024-10-10,20.7,31.9,OPEN,LOW
PHC-DST-A2-03,PHC-DST-A2-04,DST-A2,2024-10-11,20.7,31.9,OPEN,LOW
PHC-DST-A2-03,PHC-DST-A2-04,DST-A2,2024-10-12,20.7,29.6,OPEN,LOW
PHC-DST-A2-03,PHC-DST-A2-04,DST-A2,2024-10-13,20.7,31.4,OPEN,LOW
PHC-DST-A2-03,PHC-DST-A2-04,DST-A2,2024-10-14,20.7,32.5,OPEN,LOW
PHC-DST-A2-03,PHC-DST-A2-04,DST-A2,2024-10-15,20.7,32.4,OPEN,LOW
PHC-DST-A2-03,PHC-DST-A2-04,DST-A2,2024-10-16,20.7,33.4,OPEN,LOW
PHC-DST-A2-03,PHC-DST-A2-04,DST-A2,2024-10-17,20.7,33.5,OPEN,LOW
PHC-DST-A2-03,PHC-DST-A2-04,DST-A2,2024-10-18,20.7,33.0,OPEN,LOW
PHC-DST-A2-03,PHC-DST-A2-04,DST-A2,2024-10-19,20.7,33.9,OPEN,LOW
PHC-DST-A2-03,PHC-DST-A2-04,DST-A2,2024-10-20,20.7,31.2,OPEN,LOW
PHC-DST-A2-03,PHC-DST-A2-04,DST-A2,2024-10-21,20.7,29.8,OPEN,LOW
PHC-DST-A2-03,PHC-DST-A2-04,DST-A2,2024-10-22,20.7,30.8,OPEN,LOW
PHC-DST-A2-03,PHC-DST-A2-04,DST-A2,2024-10-23,20.7,30.3,OPEN,LOW
PHC-DST-A2-03,PHC-DST-A2-04,DST-A2,2024-10-24,20.7,31.4,OPEN,LOW
PHC-DST-A2-03,PHC-DST-A2-04,DST-A2,2024-10-25,20.7,33.4,OPEN,LOW
PHC-DST-A2-03,PHC-DST-A2-04,DST-A2,2024-10-26,20.7,29.9,OPEN,LOW
PHC-DST-A2-03,PHC-DST-A2-04,DST-A2,2024-10-27,20.7,29.8,OPEN,LOW
PHC-DST-A2-03,PHC-DST-A2-04,DST-A2,2024-10-28,20.7,32.2,OPEN,LOW
PHC-DST-A2-03,PHC-DST-A2-04,DST-A2,2024-10-29,20.7,30.7,OPEN,LOW
PHC-DST-A2-03,PHC-DST-A2-04,DST-A2,2024-10-30,20.7,30.4,OPEN,LOW
PHC-DST-A2-03,PHC-DST-A2-04,DST-A2,2024-10-31,20.7,30.3,OPEN,LOW
PHC-DST-A2-03,PHC-DST-A2-04,DST-A2,2024-11-01,20.7,29.7,OPEN,LOW
PHC-DST-A2-03,PHC-DST-A2-04,DST-A2,2024-11-02,20.7,31.5,OPEN,LOW
PHC-DST-A2-03,PHC-DST-A2-04,DST-A2,2024-11-03,20.7,32.0,OPEN,LOW
PHC-DST-A2-03,PHC-DST-A2-04,DST-A2,2024-11-04,20.7,32.8,OPEN,LOW
PHC-DST-A2-03,PHC-DST-A2-04,DST-A2,2024-11-05,20.7,31.8,OPEN,LOW
PHC-DST-A2-03,PHC-DST-A2-04,DST-A2,2024-11-06,20.7,31.2,OPEN,LOW
PHC-DST-A2-03,PHC-DST-A2-04,DST-A2,2024-11-07,20.7,30.8,OPEN,LOW
PHC-DST-A2-03,PHC-DST-A2-04,DST-A2,2024-11-08,20.7,30.8,OPEN,LOW
PHC-DST-A2-03,PHC-DST-A2-04,DST-A2,2024-11-09,20.7,32.6,OPEN,LOW
PHC-DST-A2-03,PHC-DST-A2-04,DST-A2,2024-11-10,20.7,31.1,OPEN,LOW
PHC-DST-A2-03,PHC-DST-A2-04,DST-A2,2024-11-11,20.7,30.2,OPEN,LOW
PHC-DST-A2-03,PHC-DST-A2-04,DST-A2,2024-11-12,20.7,31.6,OPEN,LOW
PHC-DST-A2-03,PHC-DST-A2-04,DST-A2,2024-11-13,20.7,29.9,OPEN,LOW
PHC-DST-A2-03,PHC-DST-A2-04,DST-A2,2024-11-14,20.7,31.5,OPEN,LOW
PHC-DST-A2-03,PHC-DST-A2-04,DST-A2,2024-11-15,20.7,30.9,OPEN,LOW
PHC-DST-A2-03,PHC-DST-A2-04,DST-A2,2024-11-16,20.7,32.9,OPEN,LOW
PHC-DST-A2-03,PHC-DST-A2-04,DST-A2,2024-11-17,20.7,32.7,OPEN,LOW
PHC-DST-A2-03,PHC-DST-A2-04,DST-A2,2024-11-18,20.7,31.9,OPEN,LOW
PHC-DST-A2-03,PHC-DST-A2-04,DST-A2,2024-11-19,20.7,33.0,OPEN,LOW
PHC-DST-A2-03,PHC-DST-A2-04,DST-A2,2024-11-20,20.7,30.0,OPEN,LOW
PHC-DST-A2-03,PHC-DST-A2-04,DST-A2,2024-11-21,20.7,33.3,OPEN,LOW
PHC-DST-A2-03,PHC-DST-A2-04,DST-A2,2024-11-22,20.7,31.1,OPEN,LOW
PHC-DST-A2-03,PHC-DST-A2-04,DST-A2,2024-11-23,20.7,31.6,OPEN,LOW
PHC-DST-A2-03,PHC-DST-A2-04,DST-A2,2024-11-24,20.7,30.6,OPEN,LOW
PHC-DST-A2-03,PHC-DST-A2-04,DST-A2,2024-11-25,20.7,31.0,OPEN,LOW
PHC-DST-A2-03,PHC-DST-A2-04,DST-A2,2024-11-26,20.7,33.8,OPEN,LOW
PHC-DST-A2-03,PHC-DST-A2-04,DST-A2,2024-11-27,20.7,31.1,OPEN,LOW
PHC-DST-A2-03,PHC-DST-A2-04,DST-A2,2024-11-28,20.7,32.7,OPEN,LOW
PHC-DST-A2-03,PHC-DST-A2-04,DST-A2,2024-11-29,20.7,32.0,OPEN,LOW
PHC-DST-A2-03,PHC-DST-A2-04,DST-A2,2024-11-30,20.7,33.2,OPEN,LOW
PHC-DST-A2-03,PHC-DST-A2-04,DST-A2,2024-12-01,20.7,31.1,OPEN,LOW
PHC-DST-A2-03,PHC-DST-A2-04,DST-A2,2024-12-02,20.7,34.0,OPEN,LOW
PHC-DST-A2-03,PHC-DST-A2-04,DST-A2,2024-12-03,20.7,29.7,OPEN,LOW
PHC-DST-A2-03,PHC-DST-A2-04,DST-A2,2024-12-04,20.7,31.3,OPEN,LOW
PHC-DST-A2-03,PHC-DST-A2-04,DST-A2,2024-12-05,20.7,30.8,OPEN,LOW
PHC-DST-A2-03,PHC-DST-A2-04,DST-A2,2024-12-06,20.7,32.1,OPEN,LOW
PHC-DST-A2-03,PHC-DST-A2-04,DST-A2,2024-12-07,20.7,32.7,OPEN,LOW
PHC-DST-A2-03,PHC-DST-A2-04,DST-A2,2024-12-08,20.7,30.1,OPEN,LOW
PHC-DST-A2-03,PHC-DST-A2-04,DST-A2,2024-12-09,20.7,33.9,OPEN,LOW
PHC-DST-A2-03,PHC-DST-A2-04,DST-A2,2024-12-10,20.7,32.2,OPEN,LOW
PHC-DST-A2-03,PHC-DST-A2-04,DST-A2,2024-12-11,20.7,30.6,OPEN,LOW
PHC-DST-A2-03,PHC-DST-A2-04,DST-A2,2024-12-12,20.7,31.5,OPEN,LOW
PHC-DST-A2-03,PHC-DST-A2-04,DST-A2,2024-12-13,20.7,33.2,OPEN,LOW
PHC-DST-A2-03,PHC-DST-A2-04,DST-A2,2024-12-14,20.7,32.0,OPEN,LOW
PHC-DST-A2-03,PHC-DST-A2-04,DST-A2,2024-12-15,20.7,29.9,OPEN,LOW
PHC-DST-A2-03,PHC-DST-A2-04,DST-A2,2024-12-16,20.7,33.4,OPEN,LOW
PHC-DST-A2-03,PHC-DST-A2-04,DST-A2,2024-12-17,20.7,31.0,OPEN,LOW
PHC-DST-A2-03,PHC-DST-A2-04,DST-A2,2024-12-18,20.7,31.6,OPEN,LOW
PHC-DST-A2-03,PHC-DST-A2-04,DST-A2,2024-12-19,20.7,32.5,OPEN,LOW
PHC-DST-A2-03,PHC-DST-A2-04,DST-A2,2024-12-20,20.7,33.9,OPEN,LOW
PHC-DST-A2-03,PHC-DST-A2-04,DST-A2,2024-12-21,20.7,31.7,OPEN,LOW
PHC-DST-A2-03,PHC-DST-A2-04,DST-A2,2024-12-22,20.7,31.9,OPEN,LOW
PHC-DST-A2-03,PHC-DST-A2-04,DST-A2,2024-12-23,20.7,30.4,OPEN,LOW
PHC-DST-A2-03,PHC-DST-A2-04,DST-A2,2024-12-24,20.7,34.0,OPEN,LOW
PHC-DST-A2-03,PHC-DST-A2-04,DST-A2,2024-12-25,20.7,29.7,OPEN,LOW
PHC-DST-A2-03,PHC-DST-A2-04,DST-A2,2024-12-26,20.7,33.3,OPEN,LOW
PHC-DST-A2-03,PHC-DST-A2-04,DST-A2,2024-12-27,20.7,32.6,OPEN,LOW
PHC-DST-A2-03,PHC-DST-A2-04,DST-A2,2024-12-28,20.7,29.5,OPEN,LOW
PHC-DST-A2-03,PHC-DST-A2-04,DST-A2,2024-12-29,20.7,30.0,OPEN,LOW
PHC-DST-A2-03,PHC-DST-A2-04,DST-A2,2024-12-30,20.7,30.8,OPEN,LOW
PHC-DST-A2-03,PHC-DST-A2-04,DST-A2,2024-12-31,20.7,31.2,OPEN,LOW
PHC-DST-A2-03,PHC-DST-A2-04,DST-A2,2025-01-01,20.7,30.6,OPEN,LOW
PHC-DST-A2-03,PHC-DST-A2-04,DST-A2,2025-01-02,20.7,33.7,OPEN,LOW
PHC-DST-A2-03,PHC-DST-A2-04,DST-A2,2025-01-03,20.7,31.4,OPEN,LOW
PHC-DST-A2-03,PHC-DST-A2-04,DST-A2,2025-01-04,20.7,31.2,OPEN,LOW
PHC-DST-A2-03,PHC-DST-A2-04,DST-A2,2025-01-05,20.7,32.0,OPEN,LOW
PHC-DST-A2-03,PHC-DST-A2-04,DST-A2,2025-01-06,20.7,32.9,OPEN,LOW
PHC-DST-A2-03,PHC-DST-A2-04,DST-A2,2025-01-07,20.7,34.0,OPEN,LOW
PHC-DST-A2-03,PHC-DST-A2-04,DST-A2,2025-01-08,20.7,33.7,OPEN,LOW
PHC-DST-A2-03,PHC-DST-A2-04,DST-A2,2025-01-09,20.7,31.5,OPEN,LOW
PHC-DST-A2-03,PHC-DST-A2-04,DST-A2,2025-01-10,20.7,32.9,OPEN,LOW
PHC-DST-A2-03,PHC-DST-A2-04,DST-A2,2025-01-11,20.7,32.9,OPEN,LOW
PHC-DST-A2-03,PHC-DST-A2-04,DST-A2,2025-01-12,20.7,30.8,OPEN,LOW
PHC-DST-A2-03,PHC-DST-A2-04,DST-A2,2025-01-13,20.7,30.1,OPEN,LOW
PHC-DST-A2-03,PHC-DST-A2-04,DST-A2,2025-01-14,20.7,31.6,OPEN,LOW
PHC-DST-A2-03,PHC-DST-A2-04,DST-A2,2025-01-15,20.7,32.8,OPEN,LOW
PHC-DST-A2-03,PHC-DST-A2-04,DST-A2,2025-01-16,20.7,34.0,OPEN,LOW
PHC-DST-A2-03,PHC-DST-A2-04,DST-A2,2025-01-17,20.7,33.5,OPEN,LOW
PHC-DST-A2-03,PHC-DST-A2-04,DST-A2,2025-01-18,20.7,31.3,OPEN,LOW
PHC-DST-A2-03,PHC-DST-A2-04,DST-A2,2025-01-19,20.7,31.2,OPEN,LOW
PHC-DST-A2-03,PHC-DST-A2-04,DST-A2,2025-01-20,20.7,32.9,OPEN,LOW
PHC-DST-A2-03,PHC-DST-A2-04,DST-A2,2025-01-21,20.7,30.9,OPEN,LOW
PHC-DST-A2-03,PHC-DST-A2-04,DST-A2,2025-01-22,20.7,30.2,OPEN,LOW
PHC-DST-A2-03,PHC-DST-A2-04,DST-A2,2025-01-23,20.7,31.9,OPEN,LOW
PHC-DST-A2-03,PHC-DST-A2-04,DST-A2,2025-01-24,20.7,31.3,OPEN,LOW
PHC-DST-A2-03,PHC-DST-A2-04,DST-A2,2025-01-25,20.7,30.7,OPEN,LOW
PHC-DST-A2-03,PHC-DST-A2-04,DST-A2,2025-01-26,20.7,31.0,OPEN,LOW
PHC-DST-A2-03,PHC-DST-A2-04,DST-A2,2025-01-27,20.7,32.5,OPEN,LOW
PHC-DST-A2-03,PHC-DST-A2-04,DST-A2,2025-01-28,20.7,31.0,OPEN,LOW
PHC-DST-A2-03,PHC-DST-A2-04,DST-A2,2025-01-29,20.7,32.3,OPEN,LOW
PHC-DST-A2-03,PHC-DST-A2-04,DST-A2,2025-01-30,20.7,29.8,OPEN,LOW
PHC-DST-A2-03,PHC-DST-A2-04,DST-A2,2025-01-31,20.7,31.9,OPEN,LOW
PHC-DST-A2-03,PHC-DST-A2-04,DST-A2,2025-02-01,20.7,33.2,OPEN,LOW
PHC-DST-A2-03,PHC-DST-A2-04,DST-A2,2025-02-02,20.7,29.5,OPEN,LOW
PHC-DST-A2-03,PHC-DST-A2-04,DST-A2,2025-02-03,20.7,30.0,OPEN,LOW
PHC-DST-A2-03,PHC-DST-A2-04,DST-A2,2025-02-04,20.7,30.3,OPEN,LOW
PHC-DST-A2-03,PHC-DST-A2-04,DST-A2,2025-02-05,20.7,30.0,OPEN,LOW
PHC-DST-A2-03,PHC-DST-A2-04,DST-A2,2025-02-06,20.7,33.4,OPEN,LOW
PHC-DST-A2-03,PHC-DST-A2-04,DST-A2,2025-02-07,20.7,33.0,OPEN,LOW
PHC-DST-A2-03,PHC-DST-A2-04,DST-A2,2025-02-08,20.7,30.8,OPEN,LOW
PHC-DST-A2-03,PHC-DST-A2-04,DST-A2,2025-02-09,20.7,29.5,OPEN,LOW
PHC-DST-A2-03,PHC-DST-A2-04,DST-A2,2025-02-10,20.7,30.3,OPEN,LOW
PHC-DST-A2-03,PHC-DST-A2-04,DST-A2,2025-02-11,20.7,32.0,OPEN,LOW
PHC-DST-A2-03,PHC-DST-A2-04,DST-A2,2025-02-12,20.7,30.1,OPEN,LOW
PHC-DST-A2-03,PHC-DST-A2-04,DST-A2,2025-02-13,20.7,32.7,OPEN,LOW
PHC-DST-A2-03,PHC-DST-A2-04,DST-A2,2025-02-14,20.7,30.4,OPEN,LOW
PHC-DST-A2-03,PHC-DST-A2-04,DST-A2,2025-02-15,20.7,31.1,OPEN,LOW
PHC-DST-A2-03,PHC-DST-A2-04,DST-A2,2025-02-16,20.7,32.1,OPEN,LOW
PHC-DST-A2-03,PHC-DST-A2-04,DST-A2,2025-02-17,20.7,32.5,OPEN,LOW
PHC-DST-A2-03,PHC-DST-A2-04,DST-A2,2025-02-18,20.7,32.9,OPEN,LOW
PHC-DST-A2-03,PHC-DST-A2-04,DST-A2,2025-02-19,20.7,32.4,OPEN,LOW
PHC-DST-A2-03,PHC-DST-A2-04,DST-A2,2025-02-20,20.7,29.9,OPEN,LOW
PHC-DST-A2-03,PHC-DST-A2-04,DST-A2,2025-02-21,20.7,33.8,OPEN,LOW
PHC-DST-A2-03,PHC-DST-A2-04,DST-A2,2025-02-22,20.7,30.8,OPEN,LOW
PHC-DST-A2-03,PHC-DST-A2-04,DST-A2,2025-02-23,20.7,30.4,OPEN,LOW
PHC-DST-A2-03,PHC-DST-A2-04,DST-A2,2025-02-24,20.7,29.7,OPEN,LOW
PHC-DST-A2-03,PHC-DST-A2-04,DST-A2,2025-02-25,20.7,33.9,OPEN,LOW
PHC-DST-A2-03,PHC-DST-A2-04,DST-A2,2025-02-26,20.7,32.7,OPEN,LOW
PHC-DST-A2-03,PHC-DST-A2-04,DST-A2,2025-02-27,20.7,30.3,OPEN,LOW
PHC-DST-A2-03,PHC-DST-A2-04,DST-A2,2025-02-28,20.7,32.4,OPEN,LOW
PHC-DST-A2-03,PHC-DST-A2-04,DST-A2,2025-03-01,20.7,29.7,OPEN,LOW
PHC-DST-A2-03,PHC-DST-A2-04,DST-A2,2025-03-02,20.7,30.5,OPEN,LOW
PHC-DST-A2-03,PHC-DST-A2-04,DST-A2,2025-03-03,20.7,29.9,OPEN,LOW
PHC-DST-A2-03,PHC-DST-A2-04,DST-A2,2025-03-04,20.7,31.3,OPEN,LOW
PHC-DST-A2-03,PHC-DST-A2-04,DST-A2,2025-03-05,20.7,31.7,OPEN,LOW
PHC-DST-A2-03,PHC-DST-A2-04,DST-A2,2025-03-06,20.7,32.4,OPEN,LOW
PHC-DST-A2-03,PHC-DST-A2-04,DST-A2,2025-03-07,20.7,29.6,OPEN,LOW
PHC-DST-A2-03,PHC-DST-A2-04,DST-A2,2025-03-08,20.7,32.9,OPEN,LOW
PHC-DST-A2-03,PHC-DST-A2-04,DST-A2,2025-03-09,20.7,31.4,OPEN,LOW
PHC-DST-A2-03,PHC-DST-A2-04,DST-A2,2025-03-10,20.7,30.2,OPEN,LOW
PHC-DST-A2-03,PHC-DST-A2-04,DST-A2,2025-03-11,20.7,31.0,OPEN,LOW
PHC-DST-A2-03,PHC-DST-A2-04,DST-A2,2025-03-12,20.7,31.1,OPEN,LOW
PHC-DST-A2-03,PHC-DST-A2-04,DST-A2,2025-03-13,20.7,30.9,OPEN,LOW
PHC-DST-A2-03,PHC-DST-A2-04,DST-A2,2025-03-14,20.7,31.8,OPEN,LOW
PHC-DST-A2-03,PHC-DST-A2-04,DST-A2,2025-03-15,20.7,32.3,OPEN,LOW
PHC-DST-A2-03,PHC-DST-A2-04,DST-A2,2025-03-16,20.7,30.6,OPEN,LOW
PHC-DST-A2-03,PHC-DST-A2-04,DST-A2,2025-03-17,20.7,33.7,OPEN,LOW
PHC-DST-A2-03,PHC-DST-A2-04,DST-A2,2025-03-18,20.7,33.2,OPEN,LOW
PHC-DST-A2-03,PHC-DST-A2-04,DST-A2,2025-03-19,20.7,29.9,OPEN,LOW
PHC-DST-A2-03,PHC-DST-A2-04,DST-A2,2025-03-20,20.7,29.7,OPEN,LOW
PHC-DST-A2-03,PHC-DST-A2-04,DST-A2,2025-03-21,20.7,32.0,OPEN,LOW
PHC-DST-A2-03,PHC-DST-A2-04,DST-A2,2025-03-22,20.7,31.9,OPEN,LOW
PHC-DST-A2-03,PHC-DST-A2-04,DST-A2,2025-03-23,20.7,33.7,OPEN,LOW
PHC-DST-A2-03,PHC-DST-A2-04,DST-A2,2025-03-24,20.7,31.8,OPEN,LOW
PHC-DST-A2-03,PHC-DST-A2-04,DST-A2,2025-03-25,20.7,33.6,OPEN,LOW
PHC-DST-A2-03,PHC-DST-A2-04,DST-A2,2025-03-26,20.7,33.9,OPEN,LOW
PHC-DST-A2-03,PHC-DST-A2-04,DST-A2,2025-03-27,20.7,32.3,OPEN,LOW
PHC-DST-A2-03,PHC-DST-A2-04,DST-A2,2025-03-28,20.7,32.4,OPEN,LOW
PHC-DST-A2-03,PHC-DST-A2-04,DST-A2,2025-03-29,20.7,30.9,OPEN,LOW
PHC-DST-A2-03,PHC-DST-A2-04,DST-A2,2025-03-30,20.7,31.2,OPEN,LOW
PHC-DST-A2-03,PHC-DST-A2-04,DST-A2,2025-03-31,20.7,33.6,OPEN,LOW
PHC-DST-A2-03,PHC-DST-A2-04,DST-A2,2025-04-01,20.7,33.1,OPEN,LOW
PHC-DST-A2-03,PHC-DST-A2-04,DST-A2,2025-04-02,20.7,29.5,OPEN,LOW
PHC-DST-A2-03,PHC-DST-A2-04,DST-A2,2025-04-03,20.7,30.5,OPEN,LOW
PHC-DST-A2-03,PHC-DST-A2-04,DST-A2,2025-04-04,20.7,31.8,OPEN,LOW
PHC-DST-A2-03,PHC-DST-A2-04,DST-A2,2025-04-05,20.7,31.4,OPEN,LOW
PHC-DST-A2-03,PHC-DST-A2-04,DST-A2,2025-04-06,20.7,29.8,OPEN,LOW
PHC-DST-A2-03,PHC-DST-A2-04,DST-A2,2025-04-07,20.7,29.6,OPEN,LOW
PHC-DST-A2-03,PHC-DST-A2-04,DST-A2,2025-04-08,20.7,31.9,OPEN,LOW
PHC-DST-A2-03,PHC-DST-A2-04,DST-A2,2025-04-09,20.7,30.0,OPEN,LOW
PHC-DST-A2-03,PHC-DST-A2-04,DST-A2,2025-04-10,20.7,33.4,OPEN,LOW
PHC-DST-A2-03,PHC-DST-A2-04,DST-A2,2025-04-11,20.7,32.6,OPEN,LOW
PHC-DST-A2-03,PHC-DST-A2-04,DST-A2,2025-04-12,20.7,33.0,OPEN,LOW
PHC-DST-A2-03,PHC-DST-A2-04,DST-A2,2025-04-13,20.7,30.1,OPEN,LOW
PHC-DST-A2-03,PHC-DST-A2-04,DST-A2,2025-04-14,20.7,29.5,OPEN,LOW
PHC-DST-A2-03,PHC-DST-A2-04,DST-A2,2025-04-15,20.7,31.5,OPEN,LOW
PHC-DST-A2-03,PHC-DST-A2-04,DST-A2,2025-04-16,20.7,33.9,OPEN,LOW
PHC-DST-A2-03,PHC-DST-A2-04,DST-A2,2025-04-17,20.7,31.5,OPEN,LOW
PHC-DST-A2-03,PHC-DST-A2-04,DST-A2,2025-04-18,20.7,33.6,OPEN,LOW
PHC-DST-A2-03,PHC-DST-A2-04,DST-A2,2025-04-19,20.7,33.4,OPEN,LOW
PHC-DST-A2-03,PHC-DST-A2-04,DST-A2,2025-04-20,20.7,31.3,OPEN,LOW
PHC-DST-A2-03,PHC-DST-A2-04,DST-A2,2025-04-21,20.7,30.0,OPEN,LOW
PHC-DST-A2-03,PHC-DST-A2-04,DST-A2,2025-04-22,20.7,32.7,OPEN,LOW
PHC-DST-A2-03,PHC-DST-A2-04,DST-A2,2025-04-23,20.7,33.0,OPEN,LOW
PHC-DST-A2-03,PHC-DST-A2-04,DST-A2,2025-04-24,20.7,32.5,OPEN,LOW
PHC-DST-A2-03,PHC-DST-A2-04,DST-A2,2025-04-25,20.7,30.1,OPEN,LOW
PHC-DST-A2-03,PHC-DST-A2-04,DST-A2,2025-04-26,20.7,31.0,OPEN,LOW
PHC-DST-A2-03,PHC-DST-A2-04,DST-A2,2025-04-27,20.7,33.1,OPEN,LOW
PHC-DST-A2-03,PHC-DST-A2-04,DST-A2,2025-04-28,20.7,33.4,OPEN,LOW
PHC-DST-A2-03,PHC-DST-A2-04,DST-A2,2025-04-29,20.7,30.9,OPEN,LOW
PHC-DST-A2-03,PHC-DST-A2-04,DST-A2,2025-04-30,20.7,29.8,OPEN,LOW
PHC-DST-A2-03,PHC-DST-A2-04,DST-A2,2025-05-01,20.7,30.0,OPEN,LOW
PHC-DST-A2-03,PHC-DST-A2-04,DST-A2,2025-05-02,20.7,30.2,OPEN,LOW
PHC-DST-A2-03,PHC-DST-A2-04,DST-A2,2025-05-03,20.7,33.0,OPEN,LOW
PHC-DST-A2-03,PHC-DST-A2-04,DST-A2,2025-05-04,20.7,32.1,OPEN,LOW
PHC-DST-A2-03,PHC-DST-A2-04,DST-A2,2025-05-05,20.7,29.9,OPEN,LOW
PHC-DST-A2-03,PHC-DST-A2-04,DST-A2,2025-05-06,20.7,32.7,OPEN,LOW
PHC-DST-A2-03,PHC-DST-A2-04,DST-A2,2025-05-07,20.7,30.3,OPEN,LOW
PHC-DST-A2-03,PHC-DST-A2-04,DST-A2,2025-05-08,20.7,31.3,OPEN,LOW
PHC-DST-A2-03,PHC-DST-A2-04,DST-A2,2025-05-09,20.7,33.7,OPEN,LOW
PHC-DST-A2-03,PHC-DST-A2-04,DST-A2,2025-05-10,20.7,34.1,OPEN,LOW
PHC-DST-A2-03,PHC-DST-A2-04,DST-A2,2025-05-11,20.7,30.7,OPEN,LOW
PHC-DST-A2-03,PHC-DST-A2-04,DST-A2,2025-05-12,20.7,33.1,OPEN,LOW
PHC-DST-A2-03,PHC-DST-A2-04,DST-A2,2025-05-13,20.7,30.5,OPEN,LOW
PHC-DST-A2-03,PHC-DST-A2-04,DST-A2,2025-05-14,20.7,32.1,OPEN,LOW
PHC-DST-A2-03,PHC-DST-A2-04,DST-A2,2025-05-15,20.7,30.7,OPEN,LOW
PHC-DST-A2-03,PHC-DST-A2-04,DST-A2,2025-05-16,20.7,32.9,OPEN,LOW
PHC-DST-A2-03,PHC-DST-A2-04,DST-A2,2025-05-17,20.7,30.3,OPEN,LOW
PHC-DST-A2-03,PHC-DST-A2-04,DST-A2,2025-05-18,20.7,32.9,OPEN,LOW
PHC-DST-A2-03,PHC-DST-A2-04,DST-A2,2025-05-19,20.7,29.8,OPEN,LOW
PHC-DST-A2-03,PHC-DST-A2-04,DST-A2,2025-05-20,20.7,31.6,OPEN,LOW
PHC-DST-A2-03,PHC-DST-A2-04,DST-A2,2025-05-21,20.7,34.0,OPEN,LOW
PHC-DST-A2-03,PHC-DST-A2-04,DST-A2,2025-05-22,20.7,33.4,OPEN,LOW
PHC-DST-A2-03,PHC-DST-A2-04,DST-A2,2025-05-23,20.7,30.6,OPEN,LOW
PHC-DST-A2-03,PHC-DST-A2-04,DST-A2,2025-05-24,20.7,33.8,OPEN,LOW
PHC-DST-A2-03,PHC-DST-A2-04,DST-A2,2025-05-25,20.7,30.8,OPEN,LOW
PHC-DST-A2-03,PHC-DST-A2-04,DST-A2,2025-05-26,20.7,32.3,OPEN,LOW
PHC-DST-A2-03,PHC-DST-A2-04,DST-A2,2025-05-27,20.7,30.3,OPEN,LOW
PHC-DST-A2-03,PHC-DST-A2-04,DST-A2,2025-05-28,20.7,30.1,OPEN,LOW
PHC-DST-A2-03,PHC-DST-A2-04,DST-A2,2025-05-29,20.7,32.5,OPEN,LOW
PHC-DST-A2-03,PHC-DST-A2-04,DST-A2,2025-05-30,20.7,31.4,OPEN,LOW
PHC-DST-A2-03,PHC-DST-A2-04,DST-A2,2025-05-31,20.7,31.6,OPEN,LOW
PHC-DST-A2-03,PHC-DST-A2-04,DST-A2,2025-06-01,20.7,30.3,OPEN,LOW
PHC-DST-A2-03,PHC-DST-A2-04,DST-A2,2025-06-02,20.7,33.9,OPEN,LOW
PHC-DST-A2-03,PHC-DST-A2-04,DST-A2,2025-06-03,20.7,29.5,OPEN,LOW
PHC-DST-A2-03,PHC-DST-A2-04,DST-A2,2025-06-04,20.7,33.1,OPEN,LOW
PHC-DST-A2-03,PHC-DST-A2-04,DST-A2,2025-06-05,20.7,33.2,OPEN,LOW
PHC-DST-A2-03,PHC-DST-A2-04,DST-A2,2025-06-06,20.7,31.3,OPEN,LOW
PHC-DST-A2-03,PHC-DST-A2-04,DST-A2,2025-06-07,20.7,33.7,OPEN,LOW
PHC-DST-A2-03,PHC-DST-A2-04,DST-A2,2025-06-08,20.7,30.9,OPEN,LOW
PHC-DST-A2-03,PHC-DST-A2-04,DST-A2,2025-06-09,20.7,30.2,OPEN,LOW
PHC-DST-A2-03,PHC-DST-A2-04,DST-A2,2025-06-10,20.7,31.6,OPEN,LOW
PHC-DST-A2-03,PHC-DST-A2-04,DST-A2,2025-06-11,20.7,30.8,OPEN,LOW
PHC-DST-A2-03,PHC-DST-A2-04,DST-A2,2025-06-12,20.7,33.2,OPEN,LOW
PHC-DST-A2-03,PHC-DST-A2-04,DST-A2,2025-06-13,20.7,31.1,OPEN,LOW
PHC-DST-A2-03,PHC-DST-A2-04,DST-A2,2025-06-14,20.7,31.2,OPEN,LOW
PHC-DST-A2-03,PHC-DST-A2-04,DST-A2,2025-06-15,20.7,30.0,OPEN,LOW
PHC-DST-A2-03,PHC-DST-A2-04,DST-A2,2025-06-16,20.7,33.1,OPEN,LOW
PHC-DST-A2-03,PHC-DST-A2-04,DST-A2,2025-06-17,20.7,29.5,OPEN,LOW
PHC-DST-A2-03,PHC-DST-A2-04,DST-A2,2025-06-18,20.7,29.9,OPEN,LOW
PHC-DST-A2-03,PHC-DST-A2-04,DST-A2,2025-06-19,20.7,32.7,OPEN,LOW
PHC-DST-A2-03,PHC-DST-A2-04,DST-A2,2025-06-20,20.7,33.9,OPEN,LOW
PHC-DST-A2-03,PHC-DST-A2-04,DST-A2,2025-06-21,20.7,34.1,OPEN,LOW
PHC-DST-A2-03,PHC-DST-A2-04,DST-A2,2025-06-22,20.7,31.6,OPEN,LOW
PHC-DST-A2-03,PHC-DST-A2-04,DST-A2,2025-06-23,20.7,32.5,OPEN,LOW
PHC-DST-A2-03,PHC-DST-A2-04,DST-A2,2025-06-24,20.7,33.8,OPEN,LOW
PHC-DST-A2-03,PHC-DST-A2-04,DST-A2,2025-06-25,20.7,32.9,OPEN,LOW
PHC-DST-A2-03,PHC-DST-A2-04,DST-A2,2025-06-26,20.7,30.1,OPEN,LOW
PHC-DST-A2-03,PHC-DST-A2-04,DST-A2,2025-06-27,20.7,30.1,OPEN,LOW
PHC-DST-A2-03,PHC-DST-A2-04,DST-A2,2025-06-28,20.7,32.3,OPEN,LOW
PHC-DST-A2-03,PHC-DST-A2-04,DST-A2,2025-06-29,20.7,32.3,OPEN,LOW
PHC-DST-A2-03,PHC-DST-A2-04,DST-A2,2025-06-30,20.7,30.7,OPEN,LOW
PHC-DST-A2-04,PHC-DST-A2-05,DST-A2,2024-01-01,24.3,38.6,OPEN,LOW
PHC-DST-A2-04,PHC-DST-A2-05,DST-A2,2024-01-02,24.3,35.6,OPEN,LOW
PHC-DST-A2-04,PHC-DST-A2-05,DST-A2,2024-01-03,24.3,35.5,OPEN,LOW
PHC-DST-A2-04,PHC-DST-A2-05,DST-A2,2024-01-04,24.3,36.6,OPEN,LOW
PHC-DST-A2-04,PHC-DST-A2-05,DST-A2,2024-01-05,24.3,38.1,OPEN,LOW
PHC-DST-A2-04,PHC-DST-A2-05,DST-A2,2024-01-06,24.3,38.2,OPEN,LOW
PHC-DST-A2-04,PHC-DST-A2-05,DST-A2,2024-01-07,24.3,37.1,OPEN,LOW
PHC-DST-A2-04,PHC-DST-A2-05,DST-A2,2024-01-08,24.3,36.5,OPEN,LOW
PHC-DST-A2-04,PHC-DST-A2-05,DST-A2,2024-01-09,24.3,35.0,OPEN,LOW
PHC-DST-A2-04,PHC-DST-A2-05,DST-A2,2024-01-10,24.3,38.6,OPEN,LOW
PHC-DST-A2-04,PHC-DST-A2-05,DST-A2,2024-01-11,24.3,35.8,OPEN,LOW
PHC-DST-A2-04,PHC-DST-A2-05,DST-A2,2024-01-12,24.3,38.1,OPEN,LOW
PHC-DST-A2-04,PHC-DST-A2-05,DST-A2,2024-01-13,24.3,35.3,OPEN,LOW
PHC-DST-A2-04,PHC-DST-A2-05,DST-A2,2024-01-14,24.3,39.1,OPEN,LOW
PHC-DST-A2-04,PHC-DST-A2-05,DST-A2,2024-01-15,24.3,39.6,OPEN,LOW
PHC-DST-A2-04,PHC-DST-A2-05,DST-A2,2024-01-16,24.3,37.0,OPEN,LOW
PHC-DST-A2-04,PHC-DST-A2-05,DST-A2,2024-01-17,24.3,35.1,OPEN,LOW
PHC-DST-A2-04,PHC-DST-A2-05,DST-A2,2024-01-18,24.3,37.1,OPEN,LOW
PHC-DST-A2-04,PHC-DST-A2-05,DST-A2,2024-01-19,24.3,39.8,OPEN,LOW
PHC-DST-A2-04,PHC-DST-A2-05,DST-A2,2024-01-20,24.3,35.0,OPEN,LOW
PHC-DST-A2-04,PHC-DST-A2-05,DST-A2,2024-01-21,24.3,38.1,OPEN,LOW
PHC-DST-A2-04,PHC-DST-A2-05,DST-A2,2024-01-22,24.3,36.4,OPEN,LOW
PHC-DST-A2-04,PHC-DST-A2-05,DST-A2,2024-01-23,24.3,38.5,OPEN,LOW
PHC-DST-A2-04,PHC-DST-A2-05,DST-A2,2024-01-24,24.3,38.8,OPEN,LOW
PHC-DST-A2-04,PHC-DST-A2-05,DST-A2,2024-01-25,24.3,38.3,OPEN,LOW
PHC-DST-A2-04,PHC-DST-A2-05,DST-A2,2024-01-26,24.3,37.0,OPEN,LOW
PHC-DST-A2-04,PHC-DST-A2-05,DST-A2,2024-01-27,24.3,37.4,OPEN,LOW
PHC-DST-A2-04,PHC-DST-A2-05,DST-A2,2024-01-28,24.3,36.8,OPEN,LOW
PHC-DST-A2-04,PHC-DST-A2-05,DST-A2,2024-01-29,24.3,39.5,OPEN,LOW
PHC-DST-A2-04,PHC-DST-A2-05,DST-A2,2024-01-30,24.3,36.5,OPEN,LOW
PHC-DST-A2-04,PHC-DST-A2-05,DST-A2,2024-01-31,24.3,39.8,OPEN,LOW
PHC-DST-A2-04,PHC-DST-A2-05,DST-A2,2024-02-01,24.3,36.7,OPEN,LOW
PHC-DST-A2-04,PHC-DST-A2-05,DST-A2,2024-02-02,24.3,35.6,OPEN,LOW
PHC-DST-A2-04,PHC-DST-A2-05,DST-A2,2024-02-03,24.3,39.8,OPEN,LOW
PHC-DST-A2-04,PHC-DST-A2-05,DST-A2,2024-02-04,24.3,38.9,OPEN,LOW
PHC-DST-A2-04,PHC-DST-A2-05,DST-A2,2024-02-05,24.3,38.1,OPEN,LOW
PHC-DST-A2-04,PHC-DST-A2-05,DST-A2,2024-02-06,24.3,35.7,OPEN,LOW
PHC-DST-A2-04,PHC-DST-A2-05,DST-A2,2024-02-07,24.3,39.8,OPEN,LOW
PHC-DST-A2-04,PHC-DST-A2-05,DST-A2,2024-02-08,24.3,35.4,OPEN,LOW
PHC-DST-A2-04,PHC-DST-A2-05,DST-A2,2024-02-09,24.3,38.5,OPEN,LOW
PHC-DST-A2-04,PHC-DST-A2-05,DST-A2,2024-02-10,24.3,40.0,OPEN,LOW
PHC-DST-A2-04,PHC-DST-A2-05,DST-A2,2024-02-11,24.3,39.2,OPEN,LOW
PHC-DST-A2-04,PHC-DST-A2-05,DST-A2,2024-02-12,24.3,35.7,OPEN,LOW
PHC-DST-A2-04,PHC-DST-A2-05,DST-A2,2024-02-13,24.3,38.9,OPEN,LOW
PHC-DST-A2-04,PHC-DST-A2-05,DST-A2,2024-02-14,24.3,36.0,OPEN,LOW
PHC-DST-A2-04,PHC-DST-A2-05,DST-A2,2024-02-15,24.3,39.4,OPEN,LOW
PHC-DST-A2-04,PHC-DST-A2-05,DST-A2,2024-02-16,24.3,35.9,OPEN,LOW
PHC-DST-A2-04,PHC-DST-A2-05,DST-A2,2024-02-17,24.3,37.8,OPEN,LOW
PHC-DST-A2-04,PHC-DST-A2-05,DST-A2,2024-02-18,24.3,38.5,OPEN,LOW
PHC-DST-A2-04,PHC-DST-A2-05,DST-A2,2024-02-19,24.3,37.1,OPEN,LOW
PHC-DST-A2-04,PHC-DST-A2-05,DST-A2,2024-02-20,24.3,39.0,OPEN,LOW
PHC-DST-A2-04,PHC-DST-A2-05,DST-A2,2024-02-21,24.3,39.6,OPEN,LOW
PHC-DST-A2-04,PHC-DST-A2-05,DST-A2,2024-02-22,24.3,35.3,OPEN,LOW
PHC-DST-A2-04,PHC-DST-A2-05,DST-A2,2024-02-23,24.3,39.0,OPEN,LOW
PHC-DST-A2-04,PHC-DST-A2-05,DST-A2,2024-02-24,24.3,37.2,OPEN,LOW
PHC-DST-A2-04,PHC-DST-A2-05,DST-A2,2024-02-25,24.3,39.6,OPEN,LOW
PHC-DST-A2-04,PHC-DST-A2-05,DST-A2,2024-02-26,24.3,36.2,OPEN,LOW
PHC-DST-A2-04,PHC-DST-A2-05,DST-A2,2024-02-27,24.3,35.2,OPEN,LOW
PHC-DST-A2-04,PHC-DST-A2-05,DST-A2,2024-02-28,24.3,36.6,OPEN,LOW
PHC-DST-A2-04,PHC-DST-A2-05,DST-A2,2024-02-29,24.3,37.7,OPEN,LOW
PHC-DST-A2-04,PHC-DST-A2-05,DST-A2,2024-03-01,24.3,37.4,OPEN,LOW
PHC-DST-A2-04,PHC-DST-A2-05,DST-A2,2024-03-02,24.3,40.1,OPEN,LOW
PHC-DST-A2-04,PHC-DST-A2-05,DST-A2,2024-03-03,24.3,38.6,OPEN,LOW
PHC-DST-A2-04,PHC-DST-A2-05,DST-A2,2024-03-04,24.3,35.5,OPEN,LOW
PHC-DST-A2-04,PHC-DST-A2-05,DST-A2,2024-03-05,24.3,35.6,OPEN,LOW
PHC-DST-A2-04,PHC-DST-A2-05,DST-A2,2024-03-06,24.3,38.2,OPEN,LOW
PHC-DST-A2-04,PHC-DST-A2-05,DST-A2,2024-03-07,24.3,34.8,OPEN,LOW
PHC-DST-A2-04,PHC-DST-A2-05,DST-A2,2024-03-08,24.3,40.0,OPEN,LOW
PHC-DST-A2-04,PHC-DST-A2-05,DST-A2,2024-03-09,24.3,38.0,OPEN,LOW
PHC-DST-A2-04,PHC-DST-A2-05,DST-A2,2024-03-10,24.3,38.7,OPEN,LOW
PHC-DST-A2-04,PHC-DST-A2-05,DST-A2,2024-03-11,24.3,37.7,OPEN,LOW
PHC-DST-A2-04,PHC-DST-A2-05,DST-A2,2024-03-12,24.3,39.4,OPEN,LOW
PHC-DST-A2-04,PHC-DST-A2-05,DST-A2,2024-03-13,24.3,37.7,OPEN,LOW
PHC-DST-A2-04,PHC-DST-A2-05,DST-A2,2024-03-14,24.3,37.1,OPEN,LOW
PHC-DST-A2-04,PHC-DST-A2-05,DST-A2,2024-03-15,24.3,36.8,OPEN,LOW
PHC-DST-A2-04,PHC-DST-A2-05,DST-A2,2024-03-16,24.3,39.7,OPEN,LOW
PHC-DST-A2-04,PHC-DST-A2-05,DST-A2,2024-03-17,24.3,38.0,OPEN,LOW
PHC-DST-A2-04,PHC-DST-A2-05,DST-A2,2024-03-18,24.3,37.9,OPEN,LOW
PHC-DST-A2-04,PHC-DST-A2-05,DST-A2,2024-03-19,24.3,39.4,OPEN,LOW
PHC-DST-A2-04,PHC-DST-A2-05,DST-A2,2024-03-20,24.3,39.0,OPEN,LOW
PHC-DST-A2-04,PHC-DST-A2-05,DST-A2,2024-03-21,24.3,39.0,OPEN,LOW
PHC-DST-A2-04,PHC-DST-A2-05,DST-A2,2024-03-22,24.3,37.8,OPEN,LOW
PHC-DST-A2-04,PHC-DST-A2-05,DST-A2,2024-03-23,24.3,38.8,OPEN,LOW
PHC-DST-A2-04,PHC-DST-A2-05,DST-A2,2024-03-24,24.3,35.3,OPEN,LOW
PHC-DST-A2-04,PHC-DST-A2-05,DST-A2,2024-03-25,24.3,34.7,OPEN,LOW
PHC-DST-A2-04,PHC-DST-A2-05,DST-A2,2024-03-26,24.3,36.7,OPEN,LOW
PHC-DST-A2-04,PHC-DST-A2-05,DST-A2,2024-03-27,24.3,38.9,OPEN,LOW
PHC-DST-A2-04,PHC-DST-A2-05,DST-A2,2024-03-28,24.3,39.0,OPEN,LOW
PHC-DST-A2-04,PHC-DST-A2-05,DST-A2,2024-03-29,24.3,36.1,OPEN,LOW
PHC-DST-A2-04,PHC-DST-A2-05,DST-A2,2024-03-30,24.3,39.5,OPEN,LOW
PHC-DST-A2-04,PHC-DST-A2-05,DST-A2,2024-03-31,24.3,34.9,OPEN,LOW
PHC-DST-A2-04,PHC-DST-A2-05,DST-A2,2024-04-01,24.3,37.0,OPEN,LOW
PHC-DST-A2-04,PHC-DST-A2-05,DST-A2,2024-04-02,24.3,34.9,OPEN,LOW
PHC-DST-A2-04,PHC-DST-A2-05,DST-A2,2024-04-03,24.3,39.7,OPEN,LOW
PHC-DST-A2-04,PHC-DST-A2-05,DST-A2,2024-04-04,24.3,39.1,OPEN,LOW
PHC-DST-A2-04,PHC-DST-A2-05,DST-A2,2024-04-05,24.3,38.6,OPEN,LOW
PHC-DST-A2-04,PHC-DST-A2-05,DST-A2,2024-04-06,24.3,39.4,OPEN,LOW
PHC-DST-A2-04,PHC-DST-A2-05,DST-A2,2024-04-07,24.3,34.8,OPEN,LOW
PHC-DST-A2-04,PHC-DST-A2-05,DST-A2,2024-04-08,24.3,35.7,OPEN,LOW
PHC-DST-A2-04,PHC-DST-A2-05,DST-A2,2024-04-09,24.3,39.4,OPEN,LOW
PHC-DST-A2-04,PHC-DST-A2-05,DST-A2,2024-04-10,24.3,36.3,OPEN,LOW
PHC-DST-A2-04,PHC-DST-A2-05,DST-A2,2024-04-11,24.3,36.8,OPEN,LOW
PHC-DST-A2-04,PHC-DST-A2-05,DST-A2,2024-04-12,24.3,35.4,OPEN,LOW
PHC-DST-A2-04,PHC-DST-A2-05,DST-A2,2024-04-13,24.3,37.3,OPEN,LOW
PHC-DST-A2-04,PHC-DST-A2-05,DST-A2,2024-04-14,24.3,38.7,OPEN,LOW
PHC-DST-A2-04,PHC-DST-A2-05,DST-A2,2024-04-15,24.3,35.2,OPEN,LOW
PHC-DST-A2-04,PHC-DST-A2-05,DST-A2,2024-04-16,24.3,37.7,OPEN,LOW
PHC-DST-A2-04,PHC-DST-A2-05,DST-A2,2024-04-17,24.3,36.8,OPEN,LOW
PHC-DST-A2-04,PHC-DST-A2-05,DST-A2,2024-04-18,24.3,38.8,OPEN,LOW
PHC-DST-A2-04,PHC-DST-A2-05,DST-A2,2024-04-19,24.3,36.1,OPEN,LOW
PHC-DST-A2-04,PHC-DST-A2-05,DST-A2,2024-04-20,24.3,37.9,OPEN,LOW
PHC-DST-A2-04,PHC-DST-A2-05,DST-A2,2024-04-21,24.3,37.6,OPEN,LOW
PHC-DST-A2-04,PHC-DST-A2-05,DST-A2,2024-04-22,24.3,38.4,OPEN,LOW
PHC-DST-A2-04,PHC-DST-A2-05,DST-A2,2024-04-23,24.3,37.9,OPEN,LOW
PHC-DST-A2-04,PHC-DST-A2-05,DST-A2,2024-04-24,24.3,37.5,OPEN,LOW
PHC-DST-A2-04,PHC-DST-A2-05,DST-A2,2024-04-25,24.3,35.4,OPEN,LOW
PHC-DST-A2-04,PHC-DST-A2-05,DST-A2,2024-04-26,24.3,34.9,OPEN,LOW
PHC-DST-A2-04,PHC-DST-A2-05,DST-A2,2024-04-27,24.3,35.5,OPEN,LOW
PHC-DST-A2-04,PHC-DST-A2-05,DST-A2,2024-04-28,24.3,38.0,OPEN,LOW
PHC-DST-A2-04,PHC-DST-A2-05,DST-A2,2024-04-29,24.3,34.9,OPEN,LOW
PHC-DST-A2-04,PHC-DST-A2-05,DST-A2,2024-04-30,24.3,35.4,OPEN,LOW
PHC-DST-A2-04,PHC-DST-A2-05,DST-A2,2024-05-01,24.3,38.1,OPEN,LOW
PHC-DST-A2-04,PHC-DST-A2-05,DST-A2,2024-05-02,24.3,38.8,OPEN,LOW
PHC-DST-A2-04,PHC-DST-A2-05,DST-A2,2024-05-03,24.3,37.0,OPEN,LOW
PHC-DST-A2-04,PHC-DST-A2-05,DST-A2,2024-05-04,24.3,38.9,OPEN,LOW
PHC-DST-A2-04,PHC-DST-A2-05,DST-A2,2024-05-05,24.3,36.2,OPEN,LOW
PHC-DST-A2-04,PHC-DST-A2-05,DST-A2,2024-05-06,24.3,37.9,OPEN,LOW
PHC-DST-A2-04,PHC-DST-A2-05,DST-A2,2024-05-07,24.3,35.9,OPEN,LOW
PHC-DST-A2-04,PHC-DST-A2-05,DST-A2,2024-05-08,24.3,37.0,OPEN,LOW
PHC-DST-A2-04,PHC-DST-A2-05,DST-A2,2024-05-09,24.3,38.0,OPEN,LOW
PHC-DST-A2-04,PHC-DST-A2-05,DST-A2,2024-05-10,24.3,37.4,OPEN,LOW
PHC-DST-A2-04,PHC-DST-A2-05,DST-A2,2024-05-11,24.3,38.2,OPEN,LOW
PHC-DST-A2-04,PHC-DST-A2-05,DST-A2,2024-05-12,24.3,35.0,OPEN,LOW
PHC-DST-A2-04,PHC-DST-A2-05,DST-A2,2024-05-13,24.3,37.5,OPEN,LOW
PHC-DST-A2-04,PHC-DST-A2-05,DST-A2,2024-05-14,24.3,35.7,OPEN,LOW
PHC-DST-A2-04,PHC-DST-A2-05,DST-A2,2024-05-15,24.3,38.8,OPEN,LOW
PHC-DST-A2-04,PHC-DST-A2-05,DST-A2,2024-05-16,24.3,39.7,OPEN,LOW
PHC-DST-A2-04,PHC-DST-A2-05,DST-A2,2024-05-17,24.3,36.7,OPEN,LOW
PHC-DST-A2-04,PHC-DST-A2-05,DST-A2,2024-05-18,24.3,39.3,OPEN,LOW
PHC-DST-A2-04,PHC-DST-A2-05,DST-A2,2024-05-19,24.3,36.5,OPEN,LOW
PHC-DST-A2-04,PHC-DST-A2-05,DST-A2,2024-05-20,24.3,37.5,OPEN,LOW
PHC-DST-A2-04,PHC-DST-A2-05,DST-A2,2024-05-21,24.3,39.7,OPEN,LOW
PHC-DST-A2-04,PHC-DST-A2-05,DST-A2,2024-05-22,24.3,37.8,OPEN,LOW
PHC-DST-A2-04,PHC-DST-A2-05,DST-A2,2024-05-23,24.3,39.5,OPEN,LOW
PHC-DST-A2-04,PHC-DST-A2-05,DST-A2,2024-05-24,24.3,35.2,OPEN,LOW
PHC-DST-A2-04,PHC-DST-A2-05,DST-A2,2024-05-25,24.3,37.2,OPEN,LOW
PHC-DST-A2-04,PHC-DST-A2-05,DST-A2,2024-05-26,24.3,39.2,OPEN,LOW
PHC-DST-A2-04,PHC-DST-A2-05,DST-A2,2024-05-27,24.3,36.8,OPEN,LOW
PHC-DST-A2-04,PHC-DST-A2-05,DST-A2,2024-05-28,24.3,35.8,OPEN,LOW
PHC-DST-A2-04,PHC-DST-A2-05,DST-A2,2024-05-29,24.3,34.7,OPEN,LOW
PHC-DST-A2-04,PHC-DST-A2-05,DST-A2,2024-05-30,24.3,35.1,OPEN,LOW
PHC-DST-A2-04,PHC-DST-A2-05,DST-A2,2024-05-31,24.3,38.1,OPEN,LOW
PHC-DST-A2-04,PHC-DST-A2-05,DST-A2,2024-06-01,24.3,39.1,OPEN,LOW
PHC-DST-A2-04,PHC-DST-A2-05,DST-A2,2024-06-02,24.3,36.6,OPEN,LOW
PHC-DST-A2-04,PHC-DST-A2-05,DST-A2,2024-06-03,24.3,37.0,OPEN,LOW
PHC-DST-A2-04,PHC-DST-A2-05,DST-A2,2024-06-04,24.3,36.4,OPEN,LOW
PHC-DST-A2-04,PHC-DST-A2-05,DST-A2,2024-06-05,24.3,37.7,OPEN,LOW
PHC-DST-A2-04,PHC-DST-A2-05,DST-A2,2024-06-06,24.3,35.7,OPEN,LOW
PHC-DST-A2-04,PHC-DST-A2-05,DST-A2,2024-06-07,24.3,39.8,OPEN,LOW
PHC-DST-A2-04,PHC-DST-A2-05,DST-A2,2024-06-08,24.3,38.1,OPEN,LOW
PHC-DST-A2-04,PHC-DST-A2-05,DST-A2,2024-06-09,24.3,36.7,OPEN,LOW
PHC-DST-A2-04,PHC-DST-A2-05,DST-A2,2024-06-10,24.3,37.1,OPEN,LOW
PHC-DST-A2-04,PHC-DST-A2-05,DST-A2,2024-06-11,24.3,37.3,OPEN,LOW
PHC-DST-A2-04,PHC-DST-A2-05,DST-A2,2024-06-12,24.3,35.8,OPEN,LOW
PHC-DST-A2-04,PHC-DST-A2-05,DST-A2,2024-06-13,24.3,38.4,OPEN,LOW
PHC-DST-A2-04,PHC-DST-A2-05,DST-A2,2024-06-14,24.3,39.2,OPEN,LOW
PHC-DST-A2-04,PHC-DST-A2-05,DST-A2,2024-06-15,24.3,39.5,OPEN,LOW
PHC-DST-A2-04,PHC-DST-A2-05,DST-A2,2024-06-16,24.3,36.0,OPEN,LOW
PHC-DST-A2-04,PHC-DST-A2-05,DST-A2,2024-06-17,24.3,37.9,OPEN,LOW
PHC-DST-A2-04,PHC-DST-A2-05,DST-A2,2024-06-18,24.3,38.0,OPEN,LOW
PHC-DST-A2-04,PHC-DST-A2-05,DST-A2,2024-06-19,24.3,35.5,OPEN,LOW
PHC-DST-A2-04,PHC-DST-A2-05,DST-A2,2024-06-20,24.3,34.8,OPEN,LOW
PHC-DST-A2-04,PHC-DST-A2-05,DST-A2,2024-06-21,24.3,37.6,OPEN,LOW
PHC-DST-A2-04,PHC-DST-A2-05,DST-A2,2024-06-22,24.3,38.2,OPEN,LOW
PHC-DST-A2-04,PHC-DST-A2-05,DST-A2,2024-06-23,24.3,38.1,OPEN,LOW
PHC-DST-A2-04,PHC-DST-A2-05,DST-A2,2024-06-24,24.3,36.0,OPEN,LOW
PHC-DST-A2-04,PHC-DST-A2-05,DST-A2,2024-06-25,24.3,35.0,OPEN,LOW
PHC-DST-A2-04,PHC-DST-A2-05,DST-A2,2024-06-26,24.3,37.2,OPEN,LOW
PHC-DST-A2-04,PHC-DST-A2-05,DST-A2,2024-06-27,24.3,36.7,OPEN,LOW
PHC-DST-A2-04,PHC-DST-A2-05,DST-A2,2024-06-28,24.3,38.8,OPEN,LOW
PHC-DST-A2-04,PHC-DST-A2-05,DST-A2,2024-06-29,24.3,39.1,OPEN,LOW
PHC-DST-A2-04,PHC-DST-A2-05,DST-A2,2024-06-30,24.3,36.9,OPEN,LOW
PHC-DST-A2-04,PHC-DST-A2-05,DST-A2,2024-07-01,24.3,40.0,OPEN,LOW
PHC-DST-A2-04,PHC-DST-A2-05,DST-A2,2024-07-02,24.3,39.6,OPEN,LOW
PHC-DST-A2-04,PHC-DST-A2-05,DST-A2,2024-07-03,24.3,34.9,OPEN,LOW
PHC-DST-A2-04,PHC-DST-A2-05,DST-A2,2024-07-04,24.3,39.8,OPEN,LOW
PHC-DST-A2-04,PHC-DST-A2-05,DST-A2,2024-07-05,24.3,55.2,DEGRADED,MODERATE
PHC-DST-A2-04,PHC-DST-A2-05,DST-A2,2024-07-06,24.3,34.8,OPEN,LOW
PHC-DST-A2-04,PHC-DST-A2-05,DST-A2,2024-07-07,24.3,39.1,OPEN,LOW
PHC-DST-A2-04,PHC-DST-A2-05,DST-A2,2024-07-08,24.3,35.4,OPEN,LOW
PHC-DST-A2-04,PHC-DST-A2-05,DST-A2,2024-07-09,24.3,37.2,OPEN,LOW
PHC-DST-A2-04,PHC-DST-A2-05,DST-A2,2024-07-10,24.3,40.1,OPEN,LOW
PHC-DST-A2-04,PHC-DST-A2-05,DST-A2,2024-07-11,24.3,68.2,DEGRADED,LOW
PHC-DST-A2-04,PHC-DST-A2-05,DST-A2,2024-07-12,24.3,37.2,OPEN,LOW
PHC-DST-A2-04,PHC-DST-A2-05,DST-A2,2024-07-13,24.3,35.8,OPEN,LOW
PHC-DST-A2-04,PHC-DST-A2-05,DST-A2,2024-07-14,24.3,64.5,DEGRADED,LOW
PHC-DST-A2-04,PHC-DST-A2-05,DST-A2,2024-07-15,24.3,37.0,OPEN,LOW
PHC-DST-A2-04,PHC-DST-A2-05,DST-A2,2024-07-16,24.3,36.1,OPEN,LOW
PHC-DST-A2-04,PHC-DST-A2-05,DST-A2,2024-07-17,24.3,39.6,OPEN,LOW
PHC-DST-A2-04,PHC-DST-A2-05,DST-A2,2024-07-18,24.3,58.7,DEGRADED,LOW
PHC-DST-A2-04,PHC-DST-A2-05,DST-A2,2024-07-19,24.3,37.3,OPEN,LOW
PHC-DST-A2-04,PHC-DST-A2-05,DST-A2,2024-07-20,24.3,39.1,OPEN,LOW
PHC-DST-A2-04,PHC-DST-A2-05,DST-A2,2024-07-21,24.3,63.9,DEGRADED,MODERATE
PHC-DST-A2-04,PHC-DST-A2-05,DST-A2,2024-07-22,24.3,36.9,OPEN,LOW
PHC-DST-A2-04,PHC-DST-A2-05,DST-A2,2024-07-23,24.3,36.0,OPEN,LOW
PHC-DST-A2-04,PHC-DST-A2-05,DST-A2,2024-07-24,24.3,38.3,OPEN,LOW
PHC-DST-A2-04,PHC-DST-A2-05,DST-A2,2024-07-25,24.3,37.2,OPEN,LOW
PHC-DST-A2-04,PHC-DST-A2-05,DST-A2,2024-07-26,24.3,39.7,OPEN,LOW
PHC-DST-A2-04,PHC-DST-A2-05,DST-A2,2024-07-27,24.3,35.2,OPEN,LOW
PHC-DST-A2-04,PHC-DST-A2-05,DST-A2,2024-07-28,24.3,36.1,OPEN,LOW
PHC-DST-A2-04,PHC-DST-A2-05,DST-A2,2024-07-29,24.3,40.1,OPEN,LOW
PHC-DST-A2-04,PHC-DST-A2-05,DST-A2,2024-07-30,24.3,38.1,OPEN,LOW
PHC-DST-A2-04,PHC-DST-A2-05,DST-A2,2024-07-31,24.3,70.3,DEGRADED,MODERATE
PHC-DST-A2-04,PHC-DST-A2-05,DST-A2,2024-08-01,24.3,72.1,DEGRADED,MODERATE
PHC-DST-A2-04,PHC-DST-A2-05,DST-A2,2024-08-02,24.3,36.3,OPEN,LOW
PHC-DST-A2-04,PHC-DST-A2-05,DST-A2,2024-08-03,24.3,34.9,OPEN,LOW
PHC-DST-A2-04,PHC-DST-A2-05,DST-A2,2024-08-04,24.3,62.1,DEGRADED,LOW
PHC-DST-A2-04,PHC-DST-A2-05,DST-A2,2024-08-05,24.3,36.8,OPEN,LOW
PHC-DST-A2-04,PHC-DST-A2-05,DST-A2,2024-08-06,24.3,39.5,OPEN,LOW
PHC-DST-A2-04,PHC-DST-A2-05,DST-A2,2024-08-07,24.3,36.0,OPEN,LOW
PHC-DST-A2-04,PHC-DST-A2-05,DST-A2,2024-08-08,24.3,39.5,OPEN,LOW
PHC-DST-A2-04,PHC-DST-A2-05,DST-A2,2024-08-09,24.3,36.7,OPEN,LOW
PHC-DST-A2-04,PHC-DST-A2-05,DST-A2,2024-08-10,24.3,37.0,OPEN,LOW
PHC-DST-A2-04,PHC-DST-A2-05,DST-A2,2024-08-11,24.3,35.9,OPEN,LOW
PHC-DST-A2-04,PHC-DST-A2-05,DST-A2,2024-08-12,24.3,37.9,OPEN,LOW
PHC-DST-A2-04,PHC-DST-A2-05,DST-A2,2024-08-13,24.3,36.8,OPEN,LOW
PHC-DST-A2-04,PHC-DST-A2-05,DST-A2,2024-08-14,24.3,61.1,DEGRADED,MODERATE
PHC-DST-A2-04,PHC-DST-A2-05,DST-A2,2024-08-15,24.3,64.3,DEGRADED,LOW
PHC-DST-A2-04,PHC-DST-A2-05,DST-A2,2024-08-16,24.3,37.8,OPEN,LOW
PHC-DST-A2-04,PHC-DST-A2-05,DST-A2,2024-08-17,24.3,84.9,DEGRADED,SEVERE
PHC-DST-A2-04,PHC-DST-A2-05,DST-A2,2024-08-18,24.3,36.5,OPEN,LOW
PHC-DST-A2-04,PHC-DST-A2-05,DST-A2,2024-08-19,24.3,39.9,OPEN,LOW
PHC-DST-A2-04,PHC-DST-A2-05,DST-A2,2024-08-20,24.3,37.0,OPEN,LOW
PHC-DST-A2-04,PHC-DST-A2-05,DST-A2,2024-08-21,24.3,36.7,OPEN,LOW
PHC-DST-A2-04,PHC-DST-A2-05,DST-A2,2024-08-22,24.3,84.8,DEGRADED,SEVERE
PHC-DST-A2-04,PHC-DST-A2-05,DST-A2,2024-08-23,24.3,36.0,OPEN,LOW
PHC-DST-A2-04,PHC-DST-A2-05,DST-A2,2024-08-24,24.3,38.3,OPEN,LOW
PHC-DST-A2-04,PHC-DST-A2-05,DST-A2,2024-08-25,24.3,36.9,OPEN,LOW
PHC-DST-A2-04,PHC-DST-A2-05,DST-A2,2024-08-26,24.3,35.5,OPEN,LOW
PHC-DST-A2-04,PHC-DST-A2-05,DST-A2,2024-08-27,24.3,35.6,OPEN,LOW
PHC-DST-A2-04,PHC-DST-A2-05,DST-A2,2024-08-28,24.3,117.9,DEGRADED,MODERATE
PHC-DST-A2-04,PHC-DST-A2-05,DST-A2,2024-08-29,24.3,37.3,OPEN,LOW
PHC-DST-A2-04,PHC-DST-A2-05,DST-A2,2024-08-30,24.3,65.3,DEGRADED,LOW
PHC-DST-A2-04,PHC-DST-A2-05,DST-A2,2024-08-31,24.3,36.4,OPEN,LOW
PHC-DST-A2-04,PHC-DST-A2-05,DST-A2,2024-09-01,24.3,39.0,OPEN,LOW
PHC-DST-A2-04,PHC-DST-A2-05,DST-A2,2024-09-02,24.3,38.6,OPEN,LOW
PHC-DST-A2-04,PHC-DST-A2-05,DST-A2,2024-09-03,24.3,37.6,OPEN,LOW
PHC-DST-A2-04,PHC-DST-A2-05,DST-A2,2024-09-04,24.3,37.4,OPEN,LOW
PHC-DST-A2-04,PHC-DST-A2-05,DST-A2,2024-09-05,24.3,35.1,OPEN,LOW
PHC-DST-A2-04,PHC-DST-A2-05,DST-A2,2024-09-06,24.3,39.1,OPEN,LOW
PHC-DST-A2-04,PHC-DST-A2-05,DST-A2,2024-09-07,24.3,174.6,BLOCKED,SEVERE
PHC-DST-A2-04,PHC-DST-A2-05,DST-A2,2024-09-08,24.3,65.3,DEGRADED,LOW
PHC-DST-A2-04,PHC-DST-A2-05,DST-A2,2024-09-09,24.3,39.6,OPEN,LOW
PHC-DST-A2-04,PHC-DST-A2-05,DST-A2,2024-09-10,24.3,64.4,DEGRADED,LOW
PHC-DST-A2-04,PHC-DST-A2-05,DST-A2,2024-09-11,24.3,63.3,DEGRADED,LOW
PHC-DST-A2-04,PHC-DST-A2-05,DST-A2,2024-09-12,24.3,66.2,DEGRADED,MODERATE
PHC-DST-A2-04,PHC-DST-A2-05,DST-A2,2024-09-13,24.3,56.0,DEGRADED,MODERATE
PHC-DST-A2-04,PHC-DST-A2-05,DST-A2,2024-09-14,24.3,38.2,OPEN,LOW
PHC-DST-A2-04,PHC-DST-A2-05,DST-A2,2024-09-15,24.3,36.9,OPEN,LOW
PHC-DST-A2-04,PHC-DST-A2-05,DST-A2,2024-09-16,24.3,37.0,OPEN,LOW
PHC-DST-A2-04,PHC-DST-A2-05,DST-A2,2024-09-17,24.3,38.5,OPEN,LOW
PHC-DST-A2-04,PHC-DST-A2-05,DST-A2,2024-09-18,24.3,39.3,OPEN,LOW
PHC-DST-A2-04,PHC-DST-A2-05,DST-A2,2024-09-19,24.3,39.0,OPEN,LOW
PHC-DST-A2-04,PHC-DST-A2-05,DST-A2,2024-09-20,24.3,35.7,OPEN,LOW
PHC-DST-A2-04,PHC-DST-A2-05,DST-A2,2024-09-21,24.3,36.1,OPEN,LOW
PHC-DST-A2-04,PHC-DST-A2-05,DST-A2,2024-09-22,24.3,39.3,OPEN,LOW
PHC-DST-A2-04,PHC-DST-A2-05,DST-A2,2024-09-23,24.3,39.9,OPEN,LOW
PHC-DST-A2-04,PHC-DST-A2-05,DST-A2,2024-09-24,24.3,36.9,OPEN,LOW
PHC-DST-A2-04,PHC-DST-A2-05,DST-A2,2024-09-25,24.3,61.3,DEGRADED,MODERATE
PHC-DST-A2-04,PHC-DST-A2-05,DST-A2,2024-09-26,24.3,39.9,OPEN,LOW
PHC-DST-A2-04,PHC-DST-A2-05,DST-A2,2024-09-27,24.3,66.9,DEGRADED,MODERATE
PHC-DST-A2-04,PHC-DST-A2-05,DST-A2,2024-09-28,24.3,35.4,OPEN,LOW
PHC-DST-A2-04,PHC-DST-A2-05,DST-A2,2024-09-29,24.3,36.2,OPEN,LOW
PHC-DST-A2-04,PHC-DST-A2-05,DST-A2,2024-09-30,24.3,37.5,OPEN,LOW
PHC-DST-A2-04,PHC-DST-A2-05,DST-A2,2024-10-01,24.3,36.8,OPEN,LOW
PHC-DST-A2-04,PHC-DST-A2-05,DST-A2,2024-10-02,24.3,34.8,OPEN,LOW
PHC-DST-A2-04,PHC-DST-A2-05,DST-A2,2024-10-03,24.3,36.3,OPEN,LOW
PHC-DST-A2-04,PHC-DST-A2-05,DST-A2,2024-10-04,24.3,36.7,OPEN,LOW
PHC-DST-A2-04,PHC-DST-A2-05,DST-A2,2024-10-05,24.3,38.4,OPEN,LOW
PHC-DST-A2-04,PHC-DST-A2-05,DST-A2,2024-10-06,24.3,39.3,OPEN,LOW
PHC-DST-A2-04,PHC-DST-A2-05,DST-A2,2024-10-07,24.3,39.0,OPEN,LOW
PHC-DST-A2-04,PHC-DST-A2-05,DST-A2,2024-10-08,24.3,37.3,OPEN,LOW
PHC-DST-A2-04,PHC-DST-A2-05,DST-A2,2024-10-09,24.3,36.7,OPEN,LOW
PHC-DST-A2-04,PHC-DST-A2-05,DST-A2,2024-10-10,24.3,36.8,OPEN,LOW
PHC-DST-A2-04,PHC-DST-A2-05,DST-A2,2024-10-11,24.3,36.9,OPEN,LOW
PHC-DST-A2-04,PHC-DST-A2-05,DST-A2,2024-10-12,24.3,39.7,OPEN,LOW
PHC-DST-A2-04,PHC-DST-A2-05,DST-A2,2024-10-13,24.3,39.2,OPEN,LOW
PHC-DST-A2-04,PHC-DST-A2-05,DST-A2,2024-10-14,24.3,37.3,OPEN,LOW
PHC-DST-A2-04,PHC-DST-A2-05,DST-A2,2024-10-15,24.3,37.6,OPEN,LOW
PHC-DST-A2-04,PHC-DST-A2-05,DST-A2,2024-10-16,24.3,36.4,OPEN,LOW
PHC-DST-A2-04,PHC-DST-A2-05,DST-A2,2024-10-17,24.3,36.0,OPEN,LOW
PHC-DST-A2-04,PHC-DST-A2-05,DST-A2,2024-10-18,24.3,35.3,OPEN,LOW
PHC-DST-A2-04,PHC-DST-A2-05,DST-A2,2024-10-19,24.3,36.8,OPEN,LOW
PHC-DST-A2-04,PHC-DST-A2-05,DST-A2,2024-10-20,24.3,36.7,OPEN,LOW
PHC-DST-A2-04,PHC-DST-A2-05,DST-A2,2024-10-21,24.3,36.6,OPEN,LOW
PHC-DST-A2-04,PHC-DST-A2-05,DST-A2,2024-10-22,24.3,37.1,OPEN,LOW
PHC-DST-A2-04,PHC-DST-A2-05,DST-A2,2024-10-23,24.3,34.8,OPEN,LOW
PHC-DST-A2-04,PHC-DST-A2-05,DST-A2,2024-10-24,24.3,34.7,OPEN,LOW
PHC-DST-A2-04,PHC-DST-A2-05,DST-A2,2024-10-25,24.3,37.9,OPEN,LOW
PHC-DST-A2-04,PHC-DST-A2-05,DST-A2,2024-10-26,24.3,38.1,OPEN,LOW
PHC-DST-A2-04,PHC-DST-A2-05,DST-A2,2024-10-27,24.3,37.0,OPEN,LOW
PHC-DST-A2-04,PHC-DST-A2-05,DST-A2,2024-10-28,24.3,40.1,OPEN,LOW
PHC-DST-A2-04,PHC-DST-A2-05,DST-A2,2024-10-29,24.3,35.0,OPEN,LOW
PHC-DST-A2-04,PHC-DST-A2-05,DST-A2,2024-10-30,24.3,36.8,OPEN,LOW
PHC-DST-A2-04,PHC-DST-A2-05,DST-A2,2024-10-31,24.3,39.7,OPEN,LOW
PHC-DST-A2-04,PHC-DST-A2-05,DST-A2,2024-11-01,24.3,40.0,OPEN,LOW
PHC-DST-A2-04,PHC-DST-A2-05,DST-A2,2024-11-02,24.3,38.5,OPEN,LOW
PHC-DST-A2-04,PHC-DST-A2-05,DST-A2,2024-11-03,24.3,36.8,OPEN,LOW
PHC-DST-A2-04,PHC-DST-A2-05,DST-A2,2024-11-04,24.3,39.0,OPEN,LOW
PHC-DST-A2-04,PHC-DST-A2-05,DST-A2,2024-11-05,24.3,36.9,OPEN,LOW
PHC-DST-A2-04,PHC-DST-A2-05,DST-A2,2024-11-06,24.3,39.3,OPEN,LOW
PHC-DST-A2-04,PHC-DST-A2-05,DST-A2,2024-11-07,24.3,39.3,OPEN,LOW
PHC-DST-A2-04,PHC-DST-A2-05,DST-A2,2024-11-08,24.3,35.8,OPEN,LOW
PHC-DST-A2-04,PHC-DST-A2-05,DST-A2,2024-11-09,24.3,36.4,OPEN,LOW
PHC-DST-A2-04,PHC-DST-A2-05,DST-A2,2024-11-10,24.3,35.8,OPEN,LOW
PHC-DST-A2-04,PHC-DST-A2-05,DST-A2,2024-11-11,24.3,36.7,OPEN,LOW
PHC-DST-A2-04,PHC-DST-A2-05,DST-A2,2024-11-12,24.3,39.3,OPEN,LOW
PHC-DST-A2-04,PHC-DST-A2-05,DST-A2,2024-11-13,24.3,39.7,OPEN,LOW
PHC-DST-A2-04,PHC-DST-A2-05,DST-A2,2024-11-14,24.3,36.1,OPEN,LOW
PHC-DST-A2-04,PHC-DST-A2-05,DST-A2,2024-11-15,24.3,37.9,OPEN,LOW
PHC-DST-A2-04,PHC-DST-A2-05,DST-A2,2024-11-16,24.3,39.6,OPEN,LOW
PHC-DST-A2-04,PHC-DST-A2-05,DST-A2,2024-11-17,24.3,37.5,OPEN,LOW
PHC-DST-A2-04,PHC-DST-A2-05,DST-A2,2024-11-18,24.3,35.4,OPEN,LOW
PHC-DST-A2-04,PHC-DST-A2-05,DST-A2,2024-11-19,24.3,38.2,OPEN,LOW
PHC-DST-A2-04,PHC-DST-A2-05,DST-A2,2024-11-20,24.3,37.7,OPEN,LOW
PHC-DST-A2-04,PHC-DST-A2-05,DST-A2,2024-11-21,24.3,35.6,OPEN,LOW
PHC-DST-A2-04,PHC-DST-A2-05,DST-A2,2024-11-22,24.3,34.7,OPEN,LOW
PHC-DST-A2-04,PHC-DST-A2-05,DST-A2,2024-11-23,24.3,37.6,OPEN,LOW
PHC-DST-A2-04,PHC-DST-A2-05,DST-A2,2024-11-24,24.3,38.7,OPEN,LOW
PHC-DST-A2-04,PHC-DST-A2-05,DST-A2,2024-11-25,24.3,35.7,OPEN,LOW
PHC-DST-A2-04,PHC-DST-A2-05,DST-A2,2024-11-26,24.3,35.3,OPEN,LOW
PHC-DST-A2-04,PHC-DST-A2-05,DST-A2,2024-11-27,24.3,36.0,OPEN,LOW
PHC-DST-A2-04,PHC-DST-A2-05,DST-A2,2024-11-28,24.3,39.8,OPEN,LOW
PHC-DST-A2-04,PHC-DST-A2-05,DST-A2,2024-11-29,24.3,35.4,OPEN,LOW
PHC-DST-A2-04,PHC-DST-A2-05,DST-A2,2024-11-30,24.3,35.4,OPEN,LOW
PHC-DST-A2-04,PHC-DST-A2-05,DST-A2,2024-12-01,24.3,35.0,OPEN,LOW
PHC-DST-A2-04,PHC-DST-A2-05,DST-A2,2024-12-02,24.3,36.6,OPEN,LOW
PHC-DST-A2-04,PHC-DST-A2-05,DST-A2,2024-12-03,24.3,34.8,OPEN,LOW
PHC-DST-A2-04,PHC-DST-A2-05,DST-A2,2024-12-04,24.3,38.9,OPEN,LOW
PHC-DST-A2-04,PHC-DST-A2-05,DST-A2,2024-12-05,24.3,35.9,OPEN,LOW
PHC-DST-A2-04,PHC-DST-A2-05,DST-A2,2024-12-06,24.3,40.0,OPEN,LOW
PHC-DST-A2-04,PHC-DST-A2-05,DST-A2,2024-12-07,24.3,36.5,OPEN,LOW
PHC-DST-A2-04,PHC-DST-A2-05,DST-A2,2024-12-08,24.3,37.9,OPEN,LOW
PHC-DST-A2-04,PHC-DST-A2-05,DST-A2,2024-12-09,24.3,37.1,OPEN,LOW
PHC-DST-A2-04,PHC-DST-A2-05,DST-A2,2024-12-10,24.3,35.3,OPEN,LOW
PHC-DST-A2-04,PHC-DST-A2-05,DST-A2,2024-12-11,24.3,38.7,OPEN,LOW
PHC-DST-A2-04,PHC-DST-A2-05,DST-A2,2024-12-12,24.3,38.5,OPEN,LOW
PHC-DST-A2-04,PHC-DST-A2-05,DST-A2,2024-12-13,24.3,37.7,OPEN,LOW
PHC-DST-A2-04,PHC-DST-A2-05,DST-A2,2024-12-14,24.3,35.0,OPEN,LOW
PHC-DST-A2-04,PHC-DST-A2-05,DST-A2,2024-12-15,24.3,38.7,OPEN,LOW
PHC-DST-A2-04,PHC-DST-A2-05,DST-A2,2024-12-16,24.3,39.7,OPEN,LOW
PHC-DST-A2-04,PHC-DST-A2-05,DST-A2,2024-12-17,24.3,39.9,OPEN,LOW
PHC-DST-A2-04,PHC-DST-A2-05,DST-A2,2024-12-18,24.3,39.5,OPEN,LOW
PHC-DST-A2-04,PHC-DST-A2-05,DST-A2,2024-12-19,24.3,38.0,OPEN,LOW
PHC-DST-A2-04,PHC-DST-A2-05,DST-A2,2024-12-20,24.3,39.4,OPEN,LOW
PHC-DST-A2-04,PHC-DST-A2-05,DST-A2,2024-12-21,24.3,36.0,OPEN,LOW
PHC-DST-A2-04,PHC-DST-A2-05,DST-A2,2024-12-22,24.3,37.6,OPEN,LOW
PHC-DST-A2-04,PHC-DST-A2-05,DST-A2,2024-12-23,24.3,35.4,OPEN,LOW
PHC-DST-A2-04,PHC-DST-A2-05,DST-A2,2024-12-24,24.3,38.9,OPEN,LOW
PHC-DST-A2-04,PHC-DST-A2-05,DST-A2,2024-12-25,24.3,37.2,OPEN,LOW
PHC-DST-A2-04,PHC-DST-A2-05,DST-A2,2024-12-26,24.3,39.3,OPEN,LOW
PHC-DST-A2-04,PHC-DST-A2-05,DST-A2,2024-12-27,24.3,38.1,OPEN,LOW
PHC-DST-A2-04,PHC-DST-A2-05,DST-A2,2024-12-28,24.3,35.7,OPEN,LOW
PHC-DST-A2-04,PHC-DST-A2-05,DST-A2,2024-12-29,24.3,38.3,OPEN,LOW
PHC-DST-A2-04,PHC-DST-A2-05,DST-A2,2024-12-30,24.3,35.2,OPEN,LOW
PHC-DST-A2-04,PHC-DST-A2-05,DST-A2,2024-12-31,24.3,38.2,OPEN,LOW
PHC-DST-A2-04,PHC-DST-A2-05,DST-A2,2025-01-01,24.3,38.4,OPEN,LOW
PHC-DST-A2-04,PHC-DST-A2-05,DST-A2,2025-01-02,24.3,39.1,OPEN,LOW
PHC-DST-A2-04,PHC-DST-A2-05,DST-A2,2025-01-03,24.3,39.5,OPEN,LOW
PHC-DST-A2-04,PHC-DST-A2-05,DST-A2,2025-01-04,24.3,38.8,OPEN,LOW
PHC-DST-A2-04,PHC-DST-A2-05,DST-A2,2025-01-05,24.3,35.8,OPEN,LOW
PHC-DST-A2-04,PHC-DST-A2-05,DST-A2,2025-01-06,24.3,35.7,OPEN,LOW
PHC-DST-A2-04,PHC-DST-A2-05,DST-A2,2025-01-07,24.3,37.0,OPEN,LOW
PHC-DST-A2-04,PHC-DST-A2-05,DST-A2,2025-01-08,24.3,35.3,OPEN,LOW
PHC-DST-A2-04,PHC-DST-A2-05,DST-A2,2025-01-09,24.3,35.4,OPEN,LOW
PHC-DST-A2-04,PHC-DST-A2-05,DST-A2,2025-01-10,24.3,37.8,OPEN,LOW
PHC-DST-A2-04,PHC-DST-A2-05,DST-A2,2025-01-11,24.3,39.0,OPEN,LOW
PHC-DST-A2-04,PHC-DST-A2-05,DST-A2,2025-01-12,24.3,35.3,OPEN,LOW
PHC-DST-A2-04,PHC-DST-A2-05,DST-A2,2025-01-13,24.3,34.7,OPEN,LOW
PHC-DST-A2-04,PHC-DST-A2-05,DST-A2,2025-01-14,24.3,37.7,OPEN,LOW
PHC-DST-A2-04,PHC-DST-A2-05,DST-A2,2025-01-15,24.3,36.6,OPEN,LOW
PHC-DST-A2-04,PHC-DST-A2-05,DST-A2,2025-01-16,24.3,37.7,OPEN,LOW
PHC-DST-A2-04,PHC-DST-A2-05,DST-A2,2025-01-17,24.3,35.8,OPEN,LOW
PHC-DST-A2-04,PHC-DST-A2-05,DST-A2,2025-01-18,24.3,35.5,OPEN,LOW
PHC-DST-A2-04,PHC-DST-A2-05,DST-A2,2025-01-19,24.3,39.4,OPEN,LOW
PHC-DST-A2-04,PHC-DST-A2-05,DST-A2,2025-01-20,24.3,37.7,OPEN,LOW
PHC-DST-A2-04,PHC-DST-A2-05,DST-A2,2025-01-21,24.3,39.1,OPEN,LOW
PHC-DST-A2-04,PHC-DST-A2-05,DST-A2,2025-01-22,24.3,37.0,OPEN,LOW
PHC-DST-A2-04,PHC-DST-A2-05,DST-A2,2025-01-23,24.3,35.3,OPEN,LOW
PHC-DST-A2-04,PHC-DST-A2-05,DST-A2,2025-01-24,24.3,35.7,OPEN,LOW
PHC-DST-A2-04,PHC-DST-A2-05,DST-A2,2025-01-25,24.3,37.7,OPEN,LOW
PHC-DST-A2-04,PHC-DST-A2-05,DST-A2,2025-01-26,24.3,37.0,OPEN,LOW
PHC-DST-A2-04,PHC-DST-A2-05,DST-A2,2025-01-27,24.3,36.1,OPEN,LOW
PHC-DST-A2-04,PHC-DST-A2-05,DST-A2,2025-01-28,24.3,38.9,OPEN,LOW
PHC-DST-A2-04,PHC-DST-A2-05,DST-A2,2025-01-29,24.3,37.1,OPEN,LOW
PHC-DST-A2-04,PHC-DST-A2-05,DST-A2,2025-01-30,24.3,38.9,OPEN,LOW
PHC-DST-A2-04,PHC-DST-A2-05,DST-A2,2025-01-31,24.3,37.9,OPEN,LOW
PHC-DST-A2-04,PHC-DST-A2-05,DST-A2,2025-02-01,24.3,39.6,OPEN,LOW
PHC-DST-A2-04,PHC-DST-A2-05,DST-A2,2025-02-02,24.3,40.0,OPEN,LOW
PHC-DST-A2-04,PHC-DST-A2-05,DST-A2,2025-02-03,24.3,34.7,OPEN,LOW
PHC-DST-A2-04,PHC-DST-A2-05,DST-A2,2025-02-04,24.3,36.6,OPEN,LOW
PHC-DST-A2-04,PHC-DST-A2-05,DST-A2,2025-02-05,24.3,37.9,OPEN,LOW
PHC-DST-A2-04,PHC-DST-A2-05,DST-A2,2025-02-06,24.3,39.9,OPEN,LOW
PHC-DST-A2-04,PHC-DST-A2-05,DST-A2,2025-02-07,24.3,34.8,OPEN,LOW
PHC-DST-A2-04,PHC-DST-A2-05,DST-A2,2025-02-08,24.3,37.7,OPEN,LOW
PHC-DST-A2-04,PHC-DST-A2-05,DST-A2,2025-02-09,24.3,37.1,OPEN,LOW
PHC-DST-A2-04,PHC-DST-A2-05,DST-A2,2025-02-10,24.3,39.7,OPEN,LOW
PHC-DST-A2-04,PHC-DST-A2-05,DST-A2,2025-02-11,24.3,39.8,OPEN,LOW
PHC-DST-A2-04,PHC-DST-A2-05,DST-A2,2025-02-12,24.3,40.1,OPEN,LOW
PHC-DST-A2-04,PHC-DST-A2-05,DST-A2,2025-02-13,24.3,35.6,OPEN,LOW
PHC-DST-A2-04,PHC-DST-A2-05,DST-A2,2025-02-14,24.3,37.9,OPEN,LOW
PHC-DST-A2-04,PHC-DST-A2-05,DST-A2,2025-02-15,24.3,37.6,OPEN,LOW
PHC-DST-A2-04,PHC-DST-A2-05,DST-A2,2025-02-16,24.3,36.7,OPEN,LOW
PHC-DST-A2-04,PHC-DST-A2-05,DST-A2,2025-02-17,24.3,37.9,OPEN,LOW
PHC-DST-A2-04,PHC-DST-A2-05,DST-A2,2025-02-18,24.3,39.0,OPEN,LOW
PHC-DST-A2-04,PHC-DST-A2-05,DST-A2,2025-02-19,24.3,38.9,OPEN,LOW
PHC-DST-A2-04,PHC-DST-A2-05,DST-A2,2025-02-20,24.3,36.8,OPEN,LOW
PHC-DST-A2-04,PHC-DST-A2-05,DST-A2,2025-02-21,24.3,40.1,OPEN,LOW
PHC-DST-A2-04,PHC-DST-A2-05,DST-A2,2025-02-22,24.3,37.0,OPEN,LOW
PHC-DST-A2-04,PHC-DST-A2-05,DST-A2,2025-02-23,24.3,38.2,OPEN,LOW
PHC-DST-A2-04,PHC-DST-A2-05,DST-A2,2025-02-24,24.3,34.9,OPEN,LOW
PHC-DST-A2-04,PHC-DST-A2-05,DST-A2,2025-02-25,24.3,36.6,OPEN,LOW
PHC-DST-A2-04,PHC-DST-A2-05,DST-A2,2025-02-26,24.3,37.9,OPEN,LOW
PHC-DST-A2-04,PHC-DST-A2-05,DST-A2,2025-02-27,24.3,39.9,OPEN,LOW
PHC-DST-A2-04,PHC-DST-A2-05,DST-A2,2025-02-28,24.3,39.2,OPEN,LOW
PHC-DST-A2-04,PHC-DST-A2-05,DST-A2,2025-03-01,24.3,34.8,OPEN,LOW
PHC-DST-A2-04,PHC-DST-A2-05,DST-A2,2025-03-02,24.3,35.0,OPEN,LOW
PHC-DST-A2-04,PHC-DST-A2-05,DST-A2,2025-03-03,24.3,39.3,OPEN,LOW
PHC-DST-A2-04,PHC-DST-A2-05,DST-A2,2025-03-04,24.3,38.7,OPEN,LOW
PHC-DST-A2-04,PHC-DST-A2-05,DST-A2,2025-03-05,24.3,38.0,OPEN,LOW
PHC-DST-A2-04,PHC-DST-A2-05,DST-A2,2025-03-06,24.3,38.2,OPEN,LOW
PHC-DST-A2-04,PHC-DST-A2-05,DST-A2,2025-03-07,24.3,39.8,OPEN,LOW
PHC-DST-A2-04,PHC-DST-A2-05,DST-A2,2025-03-08,24.3,39.4,OPEN,LOW
PHC-DST-A2-04,PHC-DST-A2-05,DST-A2,2025-03-09,24.3,36.6,OPEN,LOW
PHC-DST-A2-04,PHC-DST-A2-05,DST-A2,2025-03-10,24.3,39.7,OPEN,LOW
PHC-DST-A2-04,PHC-DST-A2-05,DST-A2,2025-03-11,24.3,37.2,OPEN,LOW
PHC-DST-A2-04,PHC-DST-A2-05,DST-A2,2025-03-12,24.3,36.2,OPEN,LOW
PHC-DST-A2-04,PHC-DST-A2-05,DST-A2,2025-03-13,24.3,35.5,OPEN,LOW
PHC-DST-A2-04,PHC-DST-A2-05,DST-A2,2025-03-14,24.3,36.4,OPEN,LOW
PHC-DST-A2-04,PHC-DST-A2-05,DST-A2,2025-03-15,24.3,38.5,OPEN,LOW
PHC-DST-A2-04,PHC-DST-A2-05,DST-A2,2025-03-16,24.3,35.0,OPEN,LOW
PHC-DST-A2-04,PHC-DST-A2-05,DST-A2,2025-03-17,24.3,37.9,OPEN,LOW
PHC-DST-A2-04,PHC-DST-A2-05,DST-A2,2025-03-18,24.3,35.2,OPEN,LOW
PHC-DST-A2-04,PHC-DST-A2-05,DST-A2,2025-03-19,24.3,36.4,OPEN,LOW
PHC-DST-A2-04,PHC-DST-A2-05,DST-A2,2025-03-20,24.3,37.5,OPEN,LOW
PHC-DST-A2-04,PHC-DST-A2-05,DST-A2,2025-03-21,24.3,34.8,OPEN,LOW
PHC-DST-A2-04,PHC-DST-A2-05,DST-A2,2025-03-22,24.3,38.5,OPEN,LOW
PHC-DST-A2-04,PHC-DST-A2-05,DST-A2,2025-03-23,24.3,38.7,OPEN,LOW
PHC-DST-A2-04,PHC-DST-A2-05,DST-A2,2025-03-24,24.3,37.2,OPEN,LOW
PHC-DST-A2-04,PHC-DST-A2-05,DST-A2,2025-03-25,24.3,39.3,OPEN,LOW
PHC-DST-A2-04,PHC-DST-A2-05,DST-A2,2025-03-26,24.3,37.2,OPEN,LOW
PHC-DST-A2-04,PHC-DST-A2-05,DST-A2,2025-03-27,24.3,39.8,OPEN,LOW
PHC-DST-A2-04,PHC-DST-A2-05,DST-A2,2025-03-28,24.3,36.2,OPEN,LOW
PHC-DST-A2-04,PHC-DST-A2-05,DST-A2,2025-03-29,24.3,36.1,OPEN,LOW
PHC-DST-A2-04,PHC-DST-A2-05,DST-A2,2025-03-30,24.3,35.7,OPEN,LOW
PHC-DST-A2-04,PHC-DST-A2-05,DST-A2,2025-03-31,24.3,36.5,OPEN,LOW
PHC-DST-A2-04,PHC-DST-A2-05,DST-A2,2025-04-01,24.3,35.7,OPEN,LOW
PHC-DST-A2-04,PHC-DST-A2-05,DST-A2,2025-04-02,24.3,38.8,OPEN,LOW
PHC-DST-A2-04,PHC-DST-A2-05,DST-A2,2025-04-03,24.3,36.2,OPEN,LOW
PHC-DST-A2-04,PHC-DST-A2-05,DST-A2,2025-04-04,24.3,34.8,OPEN,LOW
PHC-DST-A2-04,PHC-DST-A2-05,DST-A2,2025-04-05,24.3,39.7,OPEN,LOW
PHC-DST-A2-04,PHC-DST-A2-05,DST-A2,2025-04-06,24.3,35.3,OPEN,LOW
PHC-DST-A2-04,PHC-DST-A2-05,DST-A2,2025-04-07,24.3,35.2,OPEN,LOW
PHC-DST-A2-04,PHC-DST-A2-05,DST-A2,2025-04-08,24.3,37.3,OPEN,LOW
PHC-DST-A2-04,PHC-DST-A2-05,DST-A2,2025-04-09,24.3,38.5,OPEN,LOW
PHC-DST-A2-04,PHC-DST-A2-05,DST-A2,2025-04-10,24.3,39.2,OPEN,LOW
PHC-DST-A2-04,PHC-DST-A2-05,DST-A2,2025-04-11,24.3,36.6,OPEN,LOW
PHC-DST-A2-04,PHC-DST-A2-05,DST-A2,2025-04-12,24.3,37.2,OPEN,LOW
PHC-DST-A2-04,PHC-DST-A2-05,DST-A2,2025-04-13,24.3,38.8,OPEN,LOW
PHC-DST-A2-04,PHC-DST-A2-05,DST-A2,2025-04-14,24.3,36.3,OPEN,LOW
PHC-DST-A2-04,PHC-DST-A2-05,DST-A2,2025-04-15,24.3,37.5,OPEN,LOW
PHC-DST-A2-04,PHC-DST-A2-05,DST-A2,2025-04-16,24.3,35.5,OPEN,LOW
PHC-DST-A2-04,PHC-DST-A2-05,DST-A2,2025-04-17,24.3,36.1,OPEN,LOW
PHC-DST-A2-04,PHC-DST-A2-05,DST-A2,2025-04-18,24.3,38.9,OPEN,LOW
PHC-DST-A2-04,PHC-DST-A2-05,DST-A2,2025-04-19,24.3,38.7,OPEN,LOW
PHC-DST-A2-04,PHC-DST-A2-05,DST-A2,2025-04-20,24.3,37.9,OPEN,LOW
PHC-DST-A2-04,PHC-DST-A2-05,DST-A2,2025-04-21,24.3,38.0,OPEN,LOW
PHC-DST-A2-04,PHC-DST-A2-05,DST-A2,2025-04-22,24.3,36.9,OPEN,LOW
PHC-DST-A2-04,PHC-DST-A2-05,DST-A2,2025-04-23,24.3,39.6,OPEN,LOW
PHC-DST-A2-04,PHC-DST-A2-05,DST-A2,2025-04-24,24.3,35.9,OPEN,LOW
PHC-DST-A2-04,PHC-DST-A2-05,DST-A2,2025-04-25,24.3,35.5,OPEN,LOW
PHC-DST-A2-04,PHC-DST-A2-05,DST-A2,2025-04-26,24.3,36.7,OPEN,LOW
PHC-DST-A2-04,PHC-DST-A2-05,DST-A2,2025-04-27,24.3,38.7,OPEN,LOW
PHC-DST-A2-04,PHC-DST-A2-05,DST-A2,2025-04-28,24.3,36.6,OPEN,LOW
PHC-DST-A2-04,PHC-DST-A2-05,DST-A2,2025-04-29,24.3,38.2,OPEN,LOW
PHC-DST-A2-04,PHC-DST-A2-05,DST-A2,2025-04-30,24.3,38.8,OPEN,LOW
PHC-DST-A2-04,PHC-DST-A2-05,DST-A2,2025-05-01,24.3,39.6,OPEN,LOW
PHC-DST-A2-04,PHC-DST-A2-05,DST-A2,2025-05-02,24.3,39.4,OPEN,LOW
PHC-DST-A2-04,PHC-DST-A2-05,DST-A2,2025-05-03,24.3,36.3,OPEN,LOW
PHC-DST-A2-04,PHC-DST-A2-05,DST-A2,2025-05-04,24.3,37.0,OPEN,LOW
PHC-DST-A2-04,PHC-DST-A2-05,DST-A2,2025-05-05,24.3,40.0,OPEN,LOW
PHC-DST-A2-04,PHC-DST-A2-05,DST-A2,2025-05-06,24.3,37.9,OPEN,LOW
PHC-DST-A2-04,PHC-DST-A2-05,DST-A2,2025-05-07,24.3,38.2,OPEN,LOW
PHC-DST-A2-04,PHC-DST-A2-05,DST-A2,2025-05-08,24.3,38.6,OPEN,LOW
PHC-DST-A2-04,PHC-DST-A2-05,DST-A2,2025-05-09,24.3,39.2,OPEN,LOW
PHC-DST-A2-04,PHC-DST-A2-05,DST-A2,2025-05-10,24.3,35.7,OPEN,LOW
PHC-DST-A2-04,PHC-DST-A2-05,DST-A2,2025-05-11,24.3,37.2,OPEN,LOW
PHC-DST-A2-04,PHC-DST-A2-05,DST-A2,2025-05-12,24.3,39.7,OPEN,LOW
PHC-DST-A2-04,PHC-DST-A2-05,DST-A2,2025-05-13,24.3,35.3,OPEN,LOW
PHC-DST-A2-04,PHC-DST-A2-05,DST-A2,2025-05-14,24.3,39.1,OPEN,LOW
PHC-DST-A2-04,PHC-DST-A2-05,DST-A2,2025-05-15,24.3,34.7,OPEN,LOW
PHC-DST-A2-04,PHC-DST-A2-05,DST-A2,2025-05-16,24.3,37.8,OPEN,LOW
PHC-DST-A2-04,PHC-DST-A2-05,DST-A2,2025-05-17,24.3,37.2,OPEN,LOW
PHC-DST-A2-04,PHC-DST-A2-05,DST-A2,2025-05-18,24.3,36.4,OPEN,LOW
PHC-DST-A2-04,PHC-DST-A2-05,DST-A2,2025-05-19,24.3,38.2,OPEN,LOW
PHC-DST-A2-04,PHC-DST-A2-05,DST-A2,2025-05-20,24.3,36.2,OPEN,LOW
PHC-DST-A2-04,PHC-DST-A2-05,DST-A2,2025-05-21,24.3,39.2,OPEN,LOW
PHC-DST-A2-04,PHC-DST-A2-05,DST-A2,2025-05-22,24.3,37.2,OPEN,LOW
PHC-DST-A2-04,PHC-DST-A2-05,DST-A2,2025-05-23,24.3,37.1,OPEN,LOW
PHC-DST-A2-04,PHC-DST-A2-05,DST-A2,2025-05-24,24.3,36.0,OPEN,LOW
PHC-DST-A2-04,PHC-DST-A2-05,DST-A2,2025-05-25,24.3,38.1,OPEN,LOW
PHC-DST-A2-04,PHC-DST-A2-05,DST-A2,2025-05-26,24.3,36.9,OPEN,LOW
PHC-DST-A2-04,PHC-DST-A2-05,DST-A2,2025-05-27,24.3,35.4,OPEN,LOW
PHC-DST-A2-04,PHC-DST-A2-05,DST-A2,2025-05-28,24.3,39.5,OPEN,LOW
PHC-DST-A2-04,PHC-DST-A2-05,DST-A2,2025-05-29,24.3,39.7,OPEN,LOW
PHC-DST-A2-04,PHC-DST-A2-05,DST-A2,2025-05-30,24.3,35.4,OPEN,LOW
PHC-DST-A2-04,PHC-DST-A2-05,DST-A2,2025-05-31,24.3,37.2,OPEN,LOW
PHC-DST-A2-04,PHC-DST-A2-05,DST-A2,2025-06-01,24.3,35.8,OPEN,LOW
PHC-DST-A2-04,PHC-DST-A2-05,DST-A2,2025-06-02,24.3,38.6,OPEN,LOW
PHC-DST-A2-04,PHC-DST-A2-05,DST-A2,2025-06-03,24.3,39.7,OPEN,LOW
PHC-DST-A2-04,PHC-DST-A2-05,DST-A2,2025-06-04,24.3,35.8,OPEN,LOW
PHC-DST-A2-04,PHC-DST-A2-05,DST-A2,2025-06-05,24.3,36.9,OPEN,LOW
PHC-DST-A2-04,PHC-DST-A2-05,DST-A2,2025-06-06,24.3,39.5,OPEN,LOW
PHC-DST-A2-04,PHC-DST-A2-05,DST-A2,2025-06-07,24.3,39.9,OPEN,LOW
PHC-DST-A2-04,PHC-DST-A2-05,DST-A2,2025-06-08,24.3,39.9,OPEN,LOW
PHC-DST-A2-04,PHC-DST-A2-05,DST-A2,2025-06-09,24.3,38.8,OPEN,LOW
PHC-DST-A2-04,PHC-DST-A2-05,DST-A2,2025-06-10,24.3,37.5,OPEN,LOW
PHC-DST-A2-04,PHC-DST-A2-05,DST-A2,2025-06-11,24.3,39.2,OPEN,LOW
PHC-DST-A2-04,PHC-DST-A2-05,DST-A2,2025-06-12,24.3,39.4,OPEN,LOW
PHC-DST-A2-04,PHC-DST-A2-05,DST-A2,2025-06-13,24.3,36.3,OPEN,LOW
PHC-DST-A2-04,PHC-DST-A2-05,DST-A2,2025-06-14,24.3,40.0,OPEN,LOW
PHC-DST-A2-04,PHC-DST-A2-05,DST-A2,2025-06-15,24.3,39.4,OPEN,LOW
PHC-DST-A2-04,PHC-DST-A2-05,DST-A2,2025-06-16,24.3,37.2,OPEN,LOW
PHC-DST-A2-04,PHC-DST-A2-05,DST-A2,2025-06-17,24.3,39.1,OPEN,LOW
PHC-DST-A2-04,PHC-DST-A2-05,DST-A2,2025-06-18,24.3,35.1,OPEN,LOW
PHC-DST-A2-04,PHC-DST-A2-05,DST-A2,2025-06-19,24.3,38.2,OPEN,LOW
PHC-DST-A2-04,PHC-DST-A2-05,DST-A2,2025-06-20,24.3,38.8,OPEN,LOW
PHC-DST-A2-04,PHC-DST-A2-05,DST-A2,2025-06-21,24.3,37.3,OPEN,LOW
PHC-DST-A2-04,PHC-DST-A2-05,DST-A2,2025-06-22,24.3,37.6,OPEN,LOW
PHC-DST-A2-04,PHC-DST-A2-05,DST-A2,2025-06-23,24.3,35.4,OPEN,LOW
PHC-DST-A2-04,PHC-DST-A2-05,DST-A2,2025-06-24,24.3,36.5,OPEN,LOW
PHC-DST-A2-04,PHC-DST-A2-05,DST-A2,2025-06-25,24.3,37.2,OPEN,LOW
PHC-DST-A2-04,PHC-DST-A2-05,DST-A2,2025-06-26,24.3,36.8,OPEN,LOW
PHC-DST-A2-04,PHC-DST-A2-05,DST-A2,2025-06-27,24.3,35.3,OPEN,LOW
PHC-DST-A2-04,PHC-DST-A2-05,DST-A2,2025-06-28,24.3,39.6,OPEN,LOW
PHC-DST-A2-04,PHC-DST-A2-05,DST-A2,2025-06-29,24.3,38.8,OPEN,LOW
PHC-DST-A2-04,PHC-DST-A2-05,DST-A2,2025-06-30,24.3,39.9,OPEN,LOW
PHC-DST-A2-05,PHC-DST-A2-06,DST-A2,2024-01-01,30.5,48.8,OPEN,LOW
PHC-DST-A2-05,PHC-DST-A2-06,DST-A2,2024-01-02,30.5,48.3,OPEN,LOW
PHC-DST-A2-05,PHC-DST-A2-06,DST-A2,2024-01-03,30.5,48.9,OPEN,LOW
PHC-DST-A2-05,PHC-DST-A2-06,DST-A2,2024-01-04,30.5,47.1,OPEN,LOW
PHC-DST-A2-05,PHC-DST-A2-06,DST-A2,2024-01-05,30.5,48.6,OPEN,LOW
PHC-DST-A2-05,PHC-DST-A2-06,DST-A2,2024-01-06,30.5,47.2,OPEN,LOW
PHC-DST-A2-05,PHC-DST-A2-06,DST-A2,2024-01-07,30.5,47.0,OPEN,LOW
PHC-DST-A2-05,PHC-DST-A2-06,DST-A2,2024-01-08,30.5,45.2,OPEN,LOW
PHC-DST-A2-05,PHC-DST-A2-06,DST-A2,2024-01-09,30.5,44.2,OPEN,LOW
PHC-DST-A2-05,PHC-DST-A2-06,DST-A2,2024-01-10,30.5,46.5,OPEN,LOW
PHC-DST-A2-05,PHC-DST-A2-06,DST-A2,2024-01-11,30.5,44.0,OPEN,LOW
PHC-DST-A2-05,PHC-DST-A2-06,DST-A2,2024-01-12,30.5,50.3,OPEN,LOW
PHC-DST-A2-05,PHC-DST-A2-06,DST-A2,2024-01-13,30.5,45.9,OPEN,LOW
PHC-DST-A2-05,PHC-DST-A2-06,DST-A2,2024-01-14,30.5,44.3,OPEN,LOW
PHC-DST-A2-05,PHC-DST-A2-06,DST-A2,2024-01-15,30.5,46.0,OPEN,LOW
PHC-DST-A2-05,PHC-DST-A2-06,DST-A2,2024-01-16,30.5,44.4,OPEN,LOW
PHC-DST-A2-05,PHC-DST-A2-06,DST-A2,2024-01-17,30.5,50.2,OPEN,LOW
PHC-DST-A2-05,PHC-DST-A2-06,DST-A2,2024-01-18,30.5,45.0,OPEN,LOW
PHC-DST-A2-05,PHC-DST-A2-06,DST-A2,2024-01-19,30.5,45.7,OPEN,LOW
PHC-DST-A2-05,PHC-DST-A2-06,DST-A2,2024-01-20,30.5,44.2,OPEN,LOW
PHC-DST-A2-05,PHC-DST-A2-06,DST-A2,2024-01-21,30.5,46.6,OPEN,LOW
PHC-DST-A2-05,PHC-DST-A2-06,DST-A2,2024-01-22,30.5,44.4,OPEN,LOW
PHC-DST-A2-05,PHC-DST-A2-06,DST-A2,2024-01-23,30.5,45.4,OPEN,LOW
PHC-DST-A2-05,PHC-DST-A2-06,DST-A2,2024-01-24,30.5,47.9,OPEN,LOW
PHC-DST-A2-05,PHC-DST-A2-06,DST-A2,2024-01-25,30.5,49.8,OPEN,LOW
PHC-DST-A2-05,PHC-DST-A2-06,DST-A2,2024-01-26,30.5,43.6,OPEN,LOW
PHC-DST-A2-05,PHC-DST-A2-06,DST-A2,2024-01-27,30.5,44.7,OPEN,LOW
PHC-DST-A2-05,PHC-DST-A2-06,DST-A2,2024-01-28,30.5,47.3,OPEN,LOW
PHC-DST-A2-05,PHC-DST-A2-06,DST-A2,2024-01-29,30.5,48.6,OPEN,LOW
PHC-DST-A2-05,PHC-DST-A2-06,DST-A2,2024-01-30,30.5,49.6,OPEN,LOW
PHC-DST-A2-05,PHC-DST-A2-06,DST-A2,2024-01-31,30.5,49.3,OPEN,LOW
PHC-DST-A2-05,PHC-DST-A2-06,DST-A2,2024-02-01,30.5,47.2,OPEN,LOW
PHC-DST-A2-05,PHC-DST-A2-06,DST-A2,2024-02-02,30.5,50.1,OPEN,LOW
PHC-DST-A2-05,PHC-DST-A2-06,DST-A2,2024-02-03,30.5,47.7,OPEN,LOW
PHC-DST-A2-05,PHC-DST-A2-06,DST-A2,2024-02-04,30.5,48.2,OPEN,LOW
PHC-DST-A2-05,PHC-DST-A2-06,DST-A2,2024-02-05,30.5,47.8,OPEN,LOW
PHC-DST-A2-05,PHC-DST-A2-06,DST-A2,2024-02-06,30.5,44.3,OPEN,LOW
PHC-DST-A2-05,PHC-DST-A2-06,DST-A2,2024-02-07,30.5,49.0,OPEN,LOW
PHC-DST-A2-05,PHC-DST-A2-06,DST-A2,2024-02-08,30.5,48.7,OPEN,LOW
PHC-DST-A2-05,PHC-DST-A2-06,DST-A2,2024-02-09,30.5,45.1,OPEN,LOW
PHC-DST-A2-05,PHC-DST-A2-06,DST-A2,2024-02-10,30.5,47.6,OPEN,LOW
PHC-DST-A2-05,PHC-DST-A2-06,DST-A2,2024-02-11,30.5,47.7,OPEN,LOW
PHC-DST-A2-05,PHC-DST-A2-06,DST-A2,2024-02-12,30.5,45.1,OPEN,LOW
PHC-DST-A2-05,PHC-DST-A2-06,DST-A2,2024-02-13,30.5,45.0,OPEN,LOW
PHC-DST-A2-05,PHC-DST-A2-06,DST-A2,2024-02-14,30.5,46.9,OPEN,LOW
PHC-DST-A2-05,PHC-DST-A2-06,DST-A2,2024-02-15,30.5,45.0,OPEN,LOW
PHC-DST-A2-05,PHC-DST-A2-06,DST-A2,2024-02-16,30.5,44.2,OPEN,LOW
PHC-DST-A2-05,PHC-DST-A2-06,DST-A2,2024-02-17,30.5,47.0,OPEN,LOW
PHC-DST-A2-05,PHC-DST-A2-06,DST-A2,2024-02-18,30.5,46.7,OPEN,LOW
PHC-DST-A2-05,PHC-DST-A2-06,DST-A2,2024-02-19,30.5,47.7,OPEN,LOW
PHC-DST-A2-05,PHC-DST-A2-06,DST-A2,2024-02-20,30.5,49.9,OPEN,LOW
PHC-DST-A2-05,PHC-DST-A2-06,DST-A2,2024-02-21,30.5,48.6,OPEN,LOW
PHC-DST-A2-05,PHC-DST-A2-06,DST-A2,2024-02-22,30.5,45.6,OPEN,LOW
PHC-DST-A2-05,PHC-DST-A2-06,DST-A2,2024-02-23,30.5,48.4,OPEN,LOW
PHC-DST-A2-05,PHC-DST-A2-06,DST-A2,2024-02-24,30.5,49.9,OPEN,LOW
PHC-DST-A2-05,PHC-DST-A2-06,DST-A2,2024-02-25,30.5,48.3,OPEN,LOW
PHC-DST-A2-05,PHC-DST-A2-06,DST-A2,2024-02-26,30.5,45.6,OPEN,LOW
PHC-DST-A2-05,PHC-DST-A2-06,DST-A2,2024-02-27,30.5,44.4,OPEN,LOW
PHC-DST-A2-05,PHC-DST-A2-06,DST-A2,2024-02-28,30.5,46.7,OPEN,LOW
PHC-DST-A2-05,PHC-DST-A2-06,DST-A2,2024-02-29,30.5,48.2,OPEN,LOW
PHC-DST-A2-05,PHC-DST-A2-06,DST-A2,2024-03-01,30.5,47.9,OPEN,LOW
PHC-DST-A2-05,PHC-DST-A2-06,DST-A2,2024-03-02,30.5,49.0,OPEN,LOW
PHC-DST-A2-05,PHC-DST-A2-06,DST-A2,2024-03-03,30.5,49.5,OPEN,LOW
PHC-DST-A2-05,PHC-DST-A2-06,DST-A2,2024-03-04,30.5,49.7,OPEN,LOW
PHC-DST-A2-05,PHC-DST-A2-06,DST-A2,2024-03-05,30.5,46.4,OPEN,LOW
PHC-DST-A2-05,PHC-DST-A2-06,DST-A2,2024-03-06,30.5,46.7,OPEN,LOW
PHC-DST-A2-05,PHC-DST-A2-06,DST-A2,2024-03-07,30.5,49.0,OPEN,LOW
PHC-DST-A2-05,PHC-DST-A2-06,DST-A2,2024-03-08,30.5,47.0,OPEN,LOW
PHC-DST-A2-05,PHC-DST-A2-06,DST-A2,2024-03-09,30.5,47.2,OPEN,LOW
PHC-DST-A2-05,PHC-DST-A2-06,DST-A2,2024-03-10,30.5,45.1,OPEN,LOW
PHC-DST-A2-05,PHC-DST-A2-06,DST-A2,2024-03-11,30.5,48.3,OPEN,LOW
PHC-DST-A2-05,PHC-DST-A2-06,DST-A2,2024-03-12,30.5,45.3,OPEN,LOW
PHC-DST-A2-05,PHC-DST-A2-06,DST-A2,2024-03-13,30.5,50.2,OPEN,LOW
PHC-DST-A2-05,PHC-DST-A2-06,DST-A2,2024-03-14,30.5,47.6,OPEN,LOW
PHC-DST-A2-05,PHC-DST-A2-06,DST-A2,2024-03-15,30.5,47.4,OPEN,LOW
PHC-DST-A2-05,PHC-DST-A2-06,DST-A2,2024-03-16,30.5,46.2,OPEN,LOW
PHC-DST-A2-05,PHC-DST-A2-06,DST-A2,2024-03-17,30.5,45.7,OPEN,LOW
PHC-DST-A2-05,PHC-DST-A2-06,DST-A2,2024-03-18,30.5,45.2,OPEN,LOW
PHC-DST-A2-05,PHC-DST-A2-06,DST-A2,2024-03-19,30.5,45.2,OPEN,LOW
PHC-DST-A2-05,PHC-DST-A2-06,DST-A2,2024-03-20,30.5,49.3,OPEN,LOW
PHC-DST-A2-05,PHC-DST-A2-06,DST-A2,2024-03-21,30.5,49.1,OPEN,LOW
PHC-DST-A2-05,PHC-DST-A2-06,DST-A2,2024-03-22,30.5,49.1,OPEN,LOW
PHC-DST-A2-05,PHC-DST-A2-06,DST-A2,2024-03-23,30.5,50.4,OPEN,LOW
PHC-DST-A2-05,PHC-DST-A2-06,DST-A2,2024-03-24,30.5,46.9,OPEN,LOW
PHC-DST-A2-05,PHC-DST-A2-06,DST-A2,2024-03-25,30.5,46.1,OPEN,LOW
PHC-DST-A2-05,PHC-DST-A2-06,DST-A2,2024-03-26,30.5,45.1,OPEN,LOW
PHC-DST-A2-05,PHC-DST-A2-06,DST-A2,2024-03-27,30.5,47.1,OPEN,LOW
PHC-DST-A2-05,PHC-DST-A2-06,DST-A2,2024-03-28,30.5,47.2,OPEN,LOW
PHC-DST-A2-05,PHC-DST-A2-06,DST-A2,2024-03-29,30.5,45.6,OPEN,LOW
PHC-DST-A2-05,PHC-DST-A2-06,DST-A2,2024-03-30,30.5,46.5,OPEN,LOW
PHC-DST-A2-05,PHC-DST-A2-06,DST-A2,2024-03-31,30.5,45.1,OPEN,LOW
PHC-DST-A2-05,PHC-DST-A2-06,DST-A2,2024-04-01,30.5,45.2,OPEN,LOW
PHC-DST-A2-05,PHC-DST-A2-06,DST-A2,2024-04-02,30.5,49.2,OPEN,LOW
PHC-DST-A2-05,PHC-DST-A2-06,DST-A2,2024-04-03,30.5,43.9,OPEN,LOW
PHC-DST-A2-05,PHC-DST-A2-06,DST-A2,2024-04-04,30.5,43.8,OPEN,LOW
PHC-DST-A2-05,PHC-DST-A2-06,DST-A2,2024-04-05,30.5,50.4,OPEN,LOW
PHC-DST-A2-05,PHC-DST-A2-06,DST-A2,2024-04-06,30.5,50.0,OPEN,LOW
PHC-DST-A2-05,PHC-DST-A2-06,DST-A2,2024-04-07,30.5,44.7,OPEN,LOW
PHC-DST-A2-05,PHC-DST-A2-06,DST-A2,2024-04-08,30.5,45.3,OPEN,LOW
PHC-DST-A2-05,PHC-DST-A2-06,DST-A2,2024-04-09,30.5,44.0,OPEN,LOW
PHC-DST-A2-05,PHC-DST-A2-06,DST-A2,2024-04-10,30.5,49.9,OPEN,LOW
PHC-DST-A2-05,PHC-DST-A2-06,DST-A2,2024-04-11,30.5,47.1,OPEN,LOW
PHC-DST-A2-05,PHC-DST-A2-06,DST-A2,2024-04-12,30.5,49.4,OPEN,LOW
PHC-DST-A2-05,PHC-DST-A2-06,DST-A2,2024-04-13,30.5,47.9,OPEN,LOW
PHC-DST-A2-05,PHC-DST-A2-06,DST-A2,2024-04-14,30.5,49.5,OPEN,LOW
PHC-DST-A2-05,PHC-DST-A2-06,DST-A2,2024-04-15,30.5,49.7,OPEN,LOW
PHC-DST-A2-05,PHC-DST-A2-06,DST-A2,2024-04-16,30.5,47.9,OPEN,LOW
PHC-DST-A2-05,PHC-DST-A2-06,DST-A2,2024-04-17,30.5,49.8,OPEN,LOW
PHC-DST-A2-05,PHC-DST-A2-06,DST-A2,2024-04-18,30.5,43.5,OPEN,LOW
PHC-DST-A2-05,PHC-DST-A2-06,DST-A2,2024-04-19,30.5,46.5,OPEN,LOW
PHC-DST-A2-05,PHC-DST-A2-06,DST-A2,2024-04-20,30.5,49.5,OPEN,LOW
PHC-DST-A2-05,PHC-DST-A2-06,DST-A2,2024-04-21,30.5,47.2,OPEN,LOW
PHC-DST-A2-05,PHC-DST-A2-06,DST-A2,2024-04-22,30.5,45.6,OPEN,LOW
PHC-DST-A2-05,PHC-DST-A2-06,DST-A2,2024-04-23,30.5,49.2,OPEN,LOW
PHC-DST-A2-05,PHC-DST-A2-06,DST-A2,2024-04-24,30.5,46.9,OPEN,LOW
PHC-DST-A2-05,PHC-DST-A2-06,DST-A2,2024-04-25,30.5,44.8,OPEN,LOW
PHC-DST-A2-05,PHC-DST-A2-06,DST-A2,2024-04-26,30.5,50.1,OPEN,LOW
PHC-DST-A2-05,PHC-DST-A2-06,DST-A2,2024-04-27,30.5,47.3,OPEN,LOW
PHC-DST-A2-05,PHC-DST-A2-06,DST-A2,2024-04-28,30.5,44.6,OPEN,LOW
PHC-DST-A2-05,PHC-DST-A2-06,DST-A2,2024-04-29,30.5,44.8,OPEN,LOW
PHC-DST-A2-05,PHC-DST-A2-06,DST-A2,2024-04-30,30.5,48.9,OPEN,LOW
PHC-DST-A2-05,PHC-DST-A2-06,DST-A2,2024-05-01,30.5,50.0,OPEN,LOW
PHC-DST-A2-05,PHC-DST-A2-06,DST-A2,2024-05-02,30.5,48.1,OPEN,LOW
PHC-DST-A2-05,PHC-DST-A2-06,DST-A2,2024-05-03,30.5,47.5,OPEN,LOW
PHC-DST-A2-05,PHC-DST-A2-06,DST-A2,2024-05-04,30.5,49.7,OPEN,LOW
PHC-DST-A2-05,PHC-DST-A2-06,DST-A2,2024-05-05,30.5,44.5,OPEN,LOW
PHC-DST-A2-05,PHC-DST-A2-06,DST-A2,2024-05-06,30.5,44.5,OPEN,LOW
PHC-DST-A2-05,PHC-DST-A2-06,DST-A2,2024-05-07,30.5,50.0,OPEN,LOW
PHC-DST-A2-05,PHC-DST-A2-06,DST-A2,2024-05-08,30.5,43.6,OPEN,LOW
PHC-DST-A2-05,PHC-DST-A2-06,DST-A2,2024-05-09,30.5,44.0,OPEN,LOW
PHC-DST-A2-05,PHC-DST-A2-06,DST-A2,2024-05-10,30.5,46.9,OPEN,LOW
PHC-DST-A2-05,PHC-DST-A2-06,DST-A2,2024-05-11,30.5,47.0,OPEN,LOW
PHC-DST-A2-05,PHC-DST-A2-06,DST-A2,2024-05-12,30.5,45.6,OPEN,LOW
PHC-DST-A2-05,PHC-DST-A2-06,DST-A2,2024-05-13,30.5,47.7,OPEN,LOW
PHC-DST-A2-05,PHC-DST-A2-06,DST-A2,2024-05-14,30.5,50.0,OPEN,LOW
PHC-DST-A2-05,PHC-DST-A2-06,DST-A2,2024-05-15,30.5,48.9,OPEN,LOW
PHC-DST-A2-05,PHC-DST-A2-06,DST-A2,2024-05-16,30.5,46.9,OPEN,LOW
PHC-DST-A2-05,PHC-DST-A2-06,DST-A2,2024-05-17,30.5,46.5,OPEN,LOW
PHC-DST-A2-05,PHC-DST-A2-06,DST-A2,2024-05-18,30.5,48.4,OPEN,LOW
PHC-DST-A2-05,PHC-DST-A2-06,DST-A2,2024-05-19,30.5,46.3,OPEN,LOW
PHC-DST-A2-05,PHC-DST-A2-06,DST-A2,2024-05-20,30.5,47.2,OPEN,LOW
PHC-DST-A2-05,PHC-DST-A2-06,DST-A2,2024-05-21,30.5,45.2,OPEN,LOW
PHC-DST-A2-05,PHC-DST-A2-06,DST-A2,2024-05-22,30.5,49.7,OPEN,LOW
PHC-DST-A2-05,PHC-DST-A2-06,DST-A2,2024-05-23,30.5,50.0,OPEN,LOW
PHC-DST-A2-05,PHC-DST-A2-06,DST-A2,2024-05-24,30.5,48.5,OPEN,LOW
PHC-DST-A2-05,PHC-DST-A2-06,DST-A2,2024-05-25,30.5,46.7,OPEN,LOW
PHC-DST-A2-05,PHC-DST-A2-06,DST-A2,2024-05-26,30.5,45.6,OPEN,LOW
PHC-DST-A2-05,PHC-DST-A2-06,DST-A2,2024-05-27,30.5,47.2,OPEN,LOW
PHC-DST-A2-05,PHC-DST-A2-06,DST-A2,2024-05-28,30.5,43.5,OPEN,LOW
PHC-DST-A2-05,PHC-DST-A2-06,DST-A2,2024-05-29,30.5,45.9,OPEN,LOW
PHC-DST-A2-05,PHC-DST-A2-06,DST-A2,2024-05-30,30.5,44.5,OPEN,LOW
PHC-DST-A2-05,PHC-DST-A2-06,DST-A2,2024-05-31,30.5,48.2,OPEN,LOW
PHC-DST-A2-05,PHC-DST-A2-06,DST-A2,2024-06-01,30.5,47.1,OPEN,LOW
PHC-DST-A2-05,PHC-DST-A2-06,DST-A2,2024-06-02,30.5,50.2,OPEN,LOW
PHC-DST-A2-05,PHC-DST-A2-06,DST-A2,2024-06-03,30.5,50.0,OPEN,LOW
PHC-DST-A2-05,PHC-DST-A2-06,DST-A2,2024-06-04,30.5,47.8,OPEN,LOW
PHC-DST-A2-05,PHC-DST-A2-06,DST-A2,2024-06-05,30.5,43.7,OPEN,LOW
PHC-DST-A2-05,PHC-DST-A2-06,DST-A2,2024-06-06,30.5,47.8,OPEN,LOW
PHC-DST-A2-05,PHC-DST-A2-06,DST-A2,2024-06-07,30.5,45.0,OPEN,LOW
PHC-DST-A2-05,PHC-DST-A2-06,DST-A2,2024-06-08,30.5,46.5,OPEN,LOW
PHC-DST-A2-05,PHC-DST-A2-06,DST-A2,2024-06-09,30.5,44.7,OPEN,LOW
PHC-DST-A2-05,PHC-DST-A2-06,DST-A2,2024-06-10,30.5,49.6,OPEN,LOW
PHC-DST-A2-05,PHC-DST-A2-06,DST-A2,2024-06-11,30.5,48.0,OPEN,LOW
PHC-DST-A2-05,PHC-DST-A2-06,DST-A2,2024-06-12,30.5,47.0,OPEN,LOW
PHC-DST-A2-05,PHC-DST-A2-06,DST-A2,2024-06-13,30.5,47.1,OPEN,LOW
PHC-DST-A2-05,PHC-DST-A2-06,DST-A2,2024-06-14,30.5,44.1,OPEN,LOW
PHC-DST-A2-05,PHC-DST-A2-06,DST-A2,2024-06-15,30.5,44.6,OPEN,LOW
PHC-DST-A2-05,PHC-DST-A2-06,DST-A2,2024-06-16,30.5,46.3,OPEN,LOW
PHC-DST-A2-05,PHC-DST-A2-06,DST-A2,2024-06-17,30.5,48.4,OPEN,LOW
PHC-DST-A2-05,PHC-DST-A2-06,DST-A2,2024-06-18,30.5,50.1,OPEN,LOW
PHC-DST-A2-05,PHC-DST-A2-06,DST-A2,2024-06-19,30.5,46.4,OPEN,LOW
PHC-DST-A2-05,PHC-DST-A2-06,DST-A2,2024-06-20,30.5,44.3,OPEN,LOW
PHC-DST-A2-05,PHC-DST-A2-06,DST-A2,2024-06-21,30.5,44.1,OPEN,LOW
PHC-DST-A2-05,PHC-DST-A2-06,DST-A2,2024-06-22,30.5,49.8,OPEN,LOW
PHC-DST-A2-05,PHC-DST-A2-06,DST-A2,2024-06-23,30.5,45.6,OPEN,LOW
PHC-DST-A2-05,PHC-DST-A2-06,DST-A2,2024-06-24,30.5,44.0,OPEN,LOW
PHC-DST-A2-05,PHC-DST-A2-06,DST-A2,2024-06-25,30.5,49.0,OPEN,LOW
PHC-DST-A2-05,PHC-DST-A2-06,DST-A2,2024-06-26,30.5,46.0,OPEN,LOW
PHC-DST-A2-05,PHC-DST-A2-06,DST-A2,2024-06-27,30.5,49.2,OPEN,LOW
PHC-DST-A2-05,PHC-DST-A2-06,DST-A2,2024-06-28,30.5,50.2,OPEN,LOW
PHC-DST-A2-05,PHC-DST-A2-06,DST-A2,2024-06-29,30.5,44.5,OPEN,LOW
PHC-DST-A2-05,PHC-DST-A2-06,DST-A2,2024-06-30,30.5,46.5,OPEN,LOW
PHC-DST-A2-05,PHC-DST-A2-06,DST-A2,2024-07-01,30.5,44.1,OPEN,LOW
PHC-DST-A2-05,PHC-DST-A2-06,DST-A2,2024-07-02,30.5,46.3,OPEN,LOW
PHC-DST-A2-05,PHC-DST-A2-06,DST-A2,2024-07-03,30.5,45.2,OPEN,LOW
PHC-DST-A2-05,PHC-DST-A2-06,DST-A2,2024-07-04,30.5,45.2,OPEN,LOW
PHC-DST-A2-05,PHC-DST-A2-06,DST-A2,2024-07-05,30.5,84.9,DEGRADED,MODERATE
PHC-DST-A2-05,PHC-DST-A2-06,DST-A2,2024-07-06,30.5,46.8,OPEN,LOW
PHC-DST-A2-05,PHC-DST-A2-06,DST-A2,2024-07-07,30.5,49.8,OPEN,LOW
PHC-DST-A2-05,PHC-DST-A2-06,DST-A2,2024-07-08,30.5,44.9,OPEN,LOW
PHC-DST-A2-05,PHC-DST-A2-06,DST-A2,2024-07-09,30.5,44.6,OPEN,LOW
PHC-DST-A2-05,PHC-DST-A2-06,DST-A2,2024-07-10,30.5,49.6,OPEN,LOW
PHC-DST-A2-05,PHC-DST-A2-06,DST-A2,2024-07-11,30.5,78.0,DEGRADED,LOW
PHC-DST-A2-05,PHC-DST-A2-06,DST-A2,2024-07-12,30.5,44.1,OPEN,LOW
PHC-DST-A2-05,PHC-DST-A2-06,DST-A2,2024-07-13,30.5,46.2,OPEN,LOW
PHC-DST-A2-05,PHC-DST-A2-06,DST-A2,2024-07-14,30.5,67.6,DEGRADED,LOW
PHC-DST-A2-05,PHC-DST-A2-06,DST-A2,2024-07-15,30.5,46.0,OPEN,LOW
PHC-DST-A2-05,PHC-DST-A2-06,DST-A2,2024-07-16,30.5,47.9,OPEN,LOW
PHC-DST-A2-05,PHC-DST-A2-06,DST-A2,2024-07-17,30.5,46.2,OPEN,LOW
PHC-DST-A2-05,PHC-DST-A2-06,DST-A2,2024-07-18,30.5,86.3,DEGRADED,LOW
PHC-DST-A2-05,PHC-DST-A2-06,DST-A2,2024-07-19,30.5,46.5,OPEN,LOW
PHC-DST-A2-05,PHC-DST-A2-06,DST-A2,2024-07-20,30.5,44.0,OPEN,LOW
PHC-DST-A2-05,PHC-DST-A2-06,DST-A2,2024-07-21,30.5,74.7,DEGRADED,MODERATE
PHC-DST-A2-05,PHC-DST-A2-06,DST-A2,2024-07-22,30.5,43.7,OPEN,LOW
PHC-DST-A2-05,PHC-DST-A2-06,DST-A2,2024-07-23,30.5,44.0,OPEN,LOW
PHC-DST-A2-05,PHC-DST-A2-06,DST-A2,2024-07-24,30.5,44.8,OPEN,LOW
PHC-DST-A2-05,PHC-DST-A2-06,DST-A2,2024-07-25,30.5,44.1,OPEN,LOW
PHC-DST-A2-05,PHC-DST-A2-06,DST-A2,2024-07-26,30.5,48.4,OPEN,LOW
PHC-DST-A2-05,PHC-DST-A2-06,DST-A2,2024-07-27,30.5,47.7,OPEN,LOW
PHC-DST-A2-05,PHC-DST-A2-06,DST-A2,2024-07-28,30.5,45.8,OPEN,LOW
PHC-DST-A2-05,PHC-DST-A2-06,DST-A2,2024-07-29,30.5,47.8,OPEN,LOW
PHC-DST-A2-05,PHC-DST-A2-06,DST-A2,2024-07-30,30.5,48.1,OPEN,LOW
PHC-DST-A2-05,PHC-DST-A2-06,DST-A2,2024-07-31,30.5,67.5,DEGRADED,MODERATE
PHC-DST-A2-05,PHC-DST-A2-06,DST-A2,2024-08-01,30.5,80.3,DEGRADED,MODERATE
PHC-DST-A2-05,PHC-DST-A2-06,DST-A2,2024-08-02,30.5,49.2,OPEN,LOW
PHC-DST-A2-05,PHC-DST-A2-06,DST-A2,2024-08-03,30.5,44.9,OPEN,LOW
PHC-DST-A2-05,PHC-DST-A2-06,DST-A2,2024-08-04,30.5,91.3,DEGRADED,LOW
PHC-DST-A2-05,PHC-DST-A2-06,DST-A2,2024-08-05,30.5,46.8,OPEN,LOW
PHC-DST-A2-05,PHC-DST-A2-06,DST-A2,2024-08-06,30.5,46.3,OPEN,LOW
PHC-DST-A2-05,PHC-DST-A2-06,DST-A2,2024-08-07,30.5,49.7,OPEN,LOW
PHC-DST-A2-05,PHC-DST-A2-06,DST-A2,2024-08-08,30.5,47.9,OPEN,LOW
PHC-DST-A2-05,PHC-DST-A2-06,DST-A2,2024-08-09,30.5,45.8,OPEN,LOW
PHC-DST-A2-05,PHC-DST-A2-06,DST-A2,2024-08-10,30.5,43.7,OPEN,LOW
PHC-DST-A2-05,PHC-DST-A2-06,DST-A2,2024-08-11,30.5,49.4,OPEN,LOW
PHC-DST-A2-05,PHC-DST-A2-06,DST-A2,2024-08-12,30.5,48.5,OPEN,LOW
PHC-DST-A2-05,PHC-DST-A2-06,DST-A2,2024-08-13,30.5,47.6,OPEN,LOW
PHC-DST-A2-05,PHC-DST-A2-06,DST-A2,2024-08-14,30.5,88.2,DEGRADED,MODERATE
PHC-DST-A2-05,PHC-DST-A2-06,DST-A2,2024-08-15,30.5,67.0,DEGRADED,LOW
PHC-DST-A2-05,PHC-DST-A2-06,DST-A2,2024-08-16,30.5,46.8,OPEN,LOW
PHC-DST-A2-05,PHC-DST-A2-06,DST-A2,2024-08-17,30.5,157.8,DEGRADED,SEVERE
PHC-DST-A2-05,PHC-DST-A2-06,DST-A2,2024-08-18,30.5,47.3,OPEN,LOW
PHC-DST-A2-05,PHC-DST-A2-06,DST-A2,2024-08-19,30.5,45.3,OPEN,LOW
PHC-DST-A2-05,PHC-DST-A2-06,DST-A2,2024-08-20,30.5,48.0,OPEN,LOW
PHC-DST-A2-05,PHC-DST-A2-06,DST-A2,2024-08-21,30.5,47.2,OPEN,LOW
PHC-DST-A2-05,PHC-DST-A2-06,DST-A2,2024-08-22,30.5,317.1,BLOCKED,SEVERE
PHC-DST-A2-05,PHC-DST-A2-06,DST-A2,2024-08-23,30.5,48.5,OPEN,LOW
PHC-DST-A2-05,PHC-DST-A2-06,DST-A2,2024-08-24,30.5,48.2,OPEN,LOW
PHC-DST-A2-05,PHC-DST-A2-06,DST-A2,2024-08-25,30.5,50.0,OPEN,LOW
PHC-DST-A2-05,PHC-DST-A2-06,DST-A2,2024-08-26,30.5,43.8,OPEN,LOW
PHC-DST-A2-05,PHC-DST-A2-06,DST-A2,2024-08-27,30.5,48.4,OPEN,LOW
PHC-DST-A2-05,PHC-DST-A2-06,DST-A2,2024-08-28,30.5,116.3,DEGRADED,MODERATE
PHC-DST-A2-05,PHC-DST-A2-06,DST-A2,2024-08-29,30.5,44.2,OPEN,LOW
PHC-DST-A2-05,PHC-DST-A2-06,DST-A2,2024-08-30,30.5,87.2,DEGRADED,LOW
PHC-DST-A2-05,PHC-DST-A2-06,DST-A2,2024-08-31,30.5,44.0,OPEN,LOW
PHC-DST-A2-05,PHC-DST-A2-06,DST-A2,2024-09-01,30.5,49.5,OPEN,LOW
PHC-DST-A2-05,PHC-DST-A2-06,DST-A2,2024-09-02,30.5,46.2,OPEN,LOW
PHC-DST-A2-05,PHC-DST-A2-06,DST-A2,2024-09-03,30.5,49.7,OPEN,LOW
PHC-DST-A2-05,PHC-DST-A2-06,DST-A2,2024-09-04,30.5,47.4,OPEN,LOW
PHC-DST-A2-05,PHC-DST-A2-06,DST-A2,2024-09-05,30.5,45.8,OPEN,LOW
PHC-DST-A2-05,PHC-DST-A2-06,DST-A2,2024-09-06,30.5,48.3,OPEN,LOW
PHC-DST-A2-05,PHC-DST-A2-06,DST-A2,2024-09-07,30.5,150.3,DEGRADED,SEVERE
PHC-DST-A2-05,PHC-DST-A2-06,DST-A2,2024-09-08,30.5,91.2,DEGRADED,LOW
PHC-DST-A2-05,PHC-DST-A2-06,DST-A2,2024-09-09,30.5,44.4,OPEN,LOW
PHC-DST-A2-05,PHC-DST-A2-06,DST-A2,2024-09-10,30.5,79.7,DEGRADED,LOW
PHC-DST-A2-05,PHC-DST-A2-06,DST-A2,2024-09-11,30.5,73.8,DEGRADED,LOW
PHC-DST-A2-05,PHC-DST-A2-06,DST-A2,2024-09-12,30.5,68.4,DEGRADED,MODERATE
PHC-DST-A2-05,PHC-DST-A2-06,DST-A2,2024-09-13,30.5,87.0,DEGRADED,MODERATE
PHC-DST-A2-05,PHC-DST-A2-06,DST-A2,2024-09-14,30.5,48.4,OPEN,LOW
PHC-DST-A2-05,PHC-DST-A2-06,DST-A2,2024-09-15,30.5,45.7,OPEN,LOW
PHC-DST-A2-05,PHC-DST-A2-06,DST-A2,2024-09-16,30.5,49.6,OPEN,LOW
PHC-DST-A2-05,PHC-DST-A2-06,DST-A2,2024-09-17,30.5,44.2,OPEN,LOW
PHC-DST-A2-05,PHC-DST-A2-06,DST-A2,2024-09-18,30.5,44.1,OPEN,LOW
PHC-DST-A2-05,PHC-DST-A2-06,DST-A2,2024-09-19,30.5,48.1,OPEN,LOW
PHC-DST-A2-05,PHC-DST-A2-06,DST-A2,2024-09-20,30.5,49.8,OPEN,LOW
PHC-DST-A2-05,PHC-DST-A2-06,DST-A2,2024-09-21,30.5,45.9,OPEN,LOW
PHC-DST-A2-05,PHC-DST-A2-06,DST-A2,2024-09-22,30.5,46.9,OPEN,LOW
PHC-DST-A2-05,PHC-DST-A2-06,DST-A2,2024-09-23,30.5,50.2,OPEN,LOW
PHC-DST-A2-05,PHC-DST-A2-06,DST-A2,2024-09-24,30.5,46.2,OPEN,LOW
PHC-DST-A2-05,PHC-DST-A2-06,DST-A2,2024-09-25,30.5,72.4,DEGRADED,MODERATE
PHC-DST-A2-05,PHC-DST-A2-06,DST-A2,2024-09-26,30.5,48.8,OPEN,LOW
PHC-DST-A2-05,PHC-DST-A2-06,DST-A2,2024-09-27,30.5,81.2,DEGRADED,MODERATE
PHC-DST-A2-05,PHC-DST-A2-06,DST-A2,2024-09-28,30.5,47.9,OPEN,LOW
PHC-DST-A2-05,PHC-DST-A2-06,DST-A2,2024-09-29,30.5,50.0,OPEN,LOW
PHC-DST-A2-05,PHC-DST-A2-06,DST-A2,2024-09-30,30.5,44.8,OPEN,LOW
PHC-DST-A2-05,PHC-DST-A2-06,DST-A2,2024-10-01,30.5,48.7,OPEN,LOW
PHC-DST-A2-05,PHC-DST-A2-06,DST-A2,2024-10-02,30.5,47.7,OPEN,LOW
PHC-DST-A2-05,PHC-DST-A2-06,DST-A2,2024-10-03,30.5,49.0,OPEN,LOW
PHC-DST-A2-05,PHC-DST-A2-06,DST-A2,2024-10-04,30.5,47.3,OPEN,LOW
PHC-DST-A2-05,PHC-DST-A2-06,DST-A2,2024-10-05,30.5,44.4,OPEN,LOW
PHC-DST-A2-05,PHC-DST-A2-06,DST-A2,2024-10-06,30.5,45.9,OPEN,LOW
PHC-DST-A2-05,PHC-DST-A2-06,DST-A2,2024-10-07,30.5,46.0,OPEN,LOW
PHC-DST-A2-05,PHC-DST-A2-06,DST-A2,2024-10-08,30.5,48.4,OPEN,LOW
PHC-DST-A2-05,PHC-DST-A2-06,DST-A2,2024-10-09,30.5,46.9,OPEN,LOW
PHC-DST-A2-05,PHC-DST-A2-06,DST-A2,2024-10-10,30.5,45.8,OPEN,LOW
PHC-DST-A2-05,PHC-DST-A2-06,DST-A2,2024-10-11,30.5,47.5,OPEN,LOW
PHC-DST-A2-05,PHC-DST-A2-06,DST-A2,2024-10-12,30.5,49.0,OPEN,LOW
PHC-DST-A2-05,PHC-DST-A2-06,DST-A2,2024-10-13,30.5,48.3,OPEN,LOW
PHC-DST-A2-05,PHC-DST-A2-06,DST-A2,2024-10-14,30.5,46.8,OPEN,LOW
PHC-DST-A2-05,PHC-DST-A2-06,DST-A2,2024-10-15,30.5,47.3,OPEN,LOW
PHC-DST-A2-05,PHC-DST-A2-06,DST-A2,2024-10-16,30.5,46.2,OPEN,LOW
PHC-DST-A2-05,PHC-DST-A2-06,DST-A2,2024-10-17,30.5,50.2,OPEN,LOW
PHC-DST-A2-05,PHC-DST-A2-06,DST-A2,2024-10-18,30.5,44.4,OPEN,LOW
PHC-DST-A2-05,PHC-DST-A2-06,DST-A2,2024-10-19,30.5,46.4,OPEN,LOW
PHC-DST-A2-05,PHC-DST-A2-06,DST-A2,2024-10-20,30.5,48.4,OPEN,LOW
PHC-DST-A2-05,PHC-DST-A2-06,DST-A2,2024-10-21,30.5,49.6,OPEN,LOW
PHC-DST-A2-05,PHC-DST-A2-06,DST-A2,2024-10-22,30.5,44.5,OPEN,LOW
PHC-DST-A2-05,PHC-DST-A2-06,DST-A2,2024-10-23,30.5,50.3,OPEN,LOW
PHC-DST-A2-05,PHC-DST-A2-06,DST-A2,2024-10-24,30.5,49.3,OPEN,LOW
PHC-DST-A2-05,PHC-DST-A2-06,DST-A2,2024-10-25,30.5,49.4,OPEN,LOW
PHC-DST-A2-05,PHC-DST-A2-06,DST-A2,2024-10-26,30.5,45.5,OPEN,LOW
PHC-DST-A2-05,PHC-DST-A2-06,DST-A2,2024-10-27,30.5,48.0,OPEN,LOW
PHC-DST-A2-05,PHC-DST-A2-06,DST-A2,2024-10-28,30.5,45.4,OPEN,LOW
PHC-DST-A2-05,PHC-DST-A2-06,DST-A2,2024-10-29,30.5,47.0,OPEN,LOW
PHC-DST-A2-05,PHC-DST-A2-06,DST-A2,2024-10-30,30.5,46.8,OPEN,LOW
PHC-DST-A2-05,PHC-DST-A2-06,DST-A2,2024-10-31,30.5,49.5,OPEN,LOW
PHC-DST-A2-05,PHC-DST-A2-06,DST-A2,2024-11-01,30.5,45.0,OPEN,LOW
PHC-DST-A2-05,PHC-DST-A2-06,DST-A2,2024-11-02,30.5,48.3,OPEN,LOW
PHC-DST-A2-05,PHC-DST-A2-06,DST-A2,2024-11-03,30.5,49.0,OPEN,LOW
PHC-DST-A2-05,PHC-DST-A2-06,DST-A2,2024-11-04,30.5,48.2,OPEN,LOW
PHC-DST-A2-05,PHC-DST-A2-06,DST-A2,2024-11-05,30.5,44.6,OPEN,LOW
PHC-DST-A2-05,PHC-DST-A2-06,DST-A2,2024-11-06,30.5,48.2,OPEN,LOW
PHC-DST-A2-05,PHC-DST-A2-06,DST-A2,2024-11-07,30.5,44.0,OPEN,LOW
PHC-DST-A2-05,PHC-DST-A2-06,DST-A2,2024-11-08,30.5,43.8,OPEN,LOW
PHC-DST-A2-05,PHC-DST-A2-06,DST-A2,2024-11-09,30.5,49.6,OPEN,LOW
PHC-DST-A2-05,PHC-DST-A2-06,DST-A2,2024-11-10,30.5,49.2,OPEN,LOW
PHC-DST-A2-05,PHC-DST-A2-06,DST-A2,2024-11-11,30.5,45.8,OPEN,LOW
PHC-DST-A2-05,PHC-DST-A2-06,DST-A2,2024-11-12,30.5,45.0,OPEN,LOW
PHC-DST-A2-05,PHC-DST-A2-06,DST-A2,2024-11-13,30.5,49.1,OPEN,LOW
PHC-DST-A2-05,PHC-DST-A2-06,DST-A2,2024-11-14,30.5,45.9,OPEN,LOW
PHC-DST-A2-05,PHC-DST-A2-06,DST-A2,2024-11-15,30.5,44.5,OPEN,LOW
PHC-DST-A2-05,PHC-DST-A2-06,DST-A2,2024-11-16,30.5,44.9,OPEN,LOW
PHC-DST-A2-05,PHC-DST-A2-06,DST-A2,2024-11-17,30.5,49.4,OPEN,LOW
PHC-DST-A2-05,PHC-DST-A2-06,DST-A2,2024-11-18,30.5,47.0,OPEN,LOW
PHC-DST-A2-05,PHC-DST-A2-06,DST-A2,2024-11-19,30.5,48.7,OPEN,LOW
PHC-DST-A2-05,PHC-DST-A2-06,DST-A2,2024-11-20,30.5,48.6,OPEN,LOW
PHC-DST-A2-05,PHC-DST-A2-06,DST-A2,2024-11-21,30.5,44.9,OPEN,LOW
PHC-DST-A2-05,PHC-DST-A2-06,DST-A2,2024-11-22,30.5,45.9,OPEN,LOW
PHC-DST-A2-05,PHC-DST-A2-06,DST-A2,2024-11-23,30.5,45.8,OPEN,LOW
PHC-DST-A2-05,PHC-DST-A2-06,DST-A2,2024-11-24,30.5,50.1,OPEN,LOW
PHC-DST-A2-05,PHC-DST-A2-06,DST-A2,2024-11-25,30.5,43.9,OPEN,LOW
PHC-DST-A2-05,PHC-DST-A2-06,DST-A2,2024-11-26,30.5,47.4,OPEN,LOW
PHC-DST-A2-05,PHC-DST-A2-06,DST-A2,2024-11-27,30.5,44.9,OPEN,LOW
PHC-DST-A2-05,PHC-DST-A2-06,DST-A2,2024-11-28,30.5,46.4,OPEN,LOW
PHC-DST-A2-05,PHC-DST-A2-06,DST-A2,2024-11-29,30.5,47.4,OPEN,LOW
PHC-DST-A2-05,PHC-DST-A2-06,DST-A2,2024-11-30,30.5,47.6,OPEN,LOW
PHC-DST-A2-05,PHC-DST-A2-06,DST-A2,2024-12-01,30.5,48.1,OPEN,LOW
PHC-DST-A2-05,PHC-DST-A2-06,DST-A2,2024-12-02,30.5,44.7,OPEN,LOW
PHC-DST-A2-05,PHC-DST-A2-06,DST-A2,2024-12-03,30.5,45.7,OPEN,LOW
PHC-DST-A2-05,PHC-DST-A2-06,DST-A2,2024-12-04,30.5,47.4,OPEN,LOW
PHC-DST-A2-05,PHC-DST-A2-06,DST-A2,2024-12-05,30.5,49.2,OPEN,LOW
PHC-DST-A2-05,PHC-DST-A2-06,DST-A2,2024-12-06,30.5,49.0,OPEN,LOW
PHC-DST-A2-05,PHC-DST-A2-06,DST-A2,2024-12-07,30.5,48.8,OPEN,LOW
PHC-DST-A2-05,PHC-DST-A2-06,DST-A2,2024-12-08,30.5,48.9,OPEN,LOW
PHC-DST-A2-05,PHC-DST-A2-06,DST-A2,2024-12-09,30.5,47.1,OPEN,LOW
PHC-DST-A2-05,PHC-DST-A2-06,DST-A2,2024-12-10,30.5,45.1,OPEN,LOW
PHC-DST-A2-05,PHC-DST-A2-06,DST-A2,2024-12-11,30.5,49.8,OPEN,LOW
PHC-DST-A2-05,PHC-DST-A2-06,DST-A2,2024-12-12,30.5,49.6,OPEN,LOW
PHC-DST-A2-05,PHC-DST-A2-06,DST-A2,2024-12-13,30.5,44.0,OPEN,LOW
PHC-DST-A2-05,PHC-DST-A2-06,DST-A2,2024-12-14,30.5,47.9,OPEN,LOW
PHC-DST-A2-05,PHC-DST-A2-06,DST-A2,2024-12-15,30.5,48.1,OPEN,LOW
PHC-DST-A2-05,PHC-DST-A2-06,DST-A2,2024-12-16,30.5,45.7,OPEN,LOW
PHC-DST-A2-05,PHC-DST-A2-06,DST-A2,2024-12-17,30.5,48.9,OPEN,LOW
PHC-DST-A2-05,PHC-DST-A2-06,DST-A2,2024-12-18,30.5,47.4,OPEN,LOW
PHC-DST-A2-05,PHC-DST-A2-06,DST-A2,2024-12-19,30.5,45.7,OPEN,LOW
PHC-DST-A2-05,PHC-DST-A2-06,DST-A2,2024-12-20,30.5,50.0,OPEN,LOW
PHC-DST-A2-05,PHC-DST-A2-06,DST-A2,2024-12-21,30.5,43.6,OPEN,LOW
PHC-DST-A2-05,PHC-DST-A2-06,DST-A2,2024-12-22,30.5,49.9,OPEN,LOW
PHC-DST-A2-05,PHC-DST-A2-06,DST-A2,2024-12-23,30.5,45.9,OPEN,LOW
PHC-DST-A2-05,PHC-DST-A2-06,DST-A2,2024-12-24,30.5,46.6,OPEN,LOW
PHC-DST-A2-05,PHC-DST-A2-06,DST-A2,2024-12-25,30.5,47.8,OPEN,LOW
PHC-DST-A2-05,PHC-DST-A2-06,DST-A2,2024-12-26,30.5,45.6,OPEN,LOW
PHC-DST-A2-05,PHC-DST-A2-06,DST-A2,2024-12-27,30.5,46.1,OPEN,LOW
PHC-DST-A2-05,PHC-DST-A2-06,DST-A2,2024-12-28,30.5,45.8,OPEN,LOW
PHC-DST-A2-05,PHC-DST-A2-06,DST-A2,2024-12-29,30.5,49.9,OPEN,LOW
PHC-DST-A2-05,PHC-DST-A2-06,DST-A2,2024-12-30,30.5,45.0,OPEN,LOW
PHC-DST-A2-05,PHC-DST-A2-06,DST-A2,2024-12-31,30.5,44.6,OPEN,LOW
PHC-DST-A2-05,PHC-DST-A2-06,DST-A2,2025-01-01,30.5,44.2,OPEN,LOW
PHC-DST-A2-05,PHC-DST-A2-06,DST-A2,2025-01-02,30.5,49.1,OPEN,LOW
PHC-DST-A2-05,PHC-DST-A2-06,DST-A2,2025-01-03,30.5,47.8,OPEN,LOW
PHC-DST-A2-05,PHC-DST-A2-06,DST-A2,2025-01-04,30.5,47.0,OPEN,LOW
PHC-DST-A2-05,PHC-DST-A2-06,DST-A2,2025-01-05,30.5,49.8,OPEN,LOW
PHC-DST-A2-05,PHC-DST-A2-06,DST-A2,2025-01-06,30.5,45.9,OPEN,LOW
PHC-DST-A2-05,PHC-DST-A2-06,DST-A2,2025-01-07,30.5,44.3,OPEN,LOW
PHC-DST-A2-05,PHC-DST-A2-06,DST-A2,2025-01-08,30.5,47.2,OPEN,LOW
PHC-DST-A2-05,PHC-DST-A2-06,DST-A2,2025-01-09,30.5,50.1,OPEN,LOW
PHC-DST-A2-05,PHC-DST-A2-06,DST-A2,2025-01-10,30.5,47.7,OPEN,LOW
PHC-DST-A2-05,PHC-DST-A2-06,DST-A2,2025-01-11,30.5,47.8,OPEN,LOW
PHC-DST-A2-05,PHC-DST-A2-06,DST-A2,2025-01-12,30.5,47.3,OPEN,LOW
PHC-DST-A2-05,PHC-DST-A2-06,DST-A2,2025-01-13,30.5,46.6,OPEN,LOW
PHC-DST-A2-05,PHC-DST-A2-06,DST-A2,2025-01-14,30.5,46.1,OPEN,LOW
PHC-DST-A2-05,PHC-DST-A2-06,DST-A2,2025-01-15,30.5,44.7,OPEN,LOW
PHC-DST-A2-05,PHC-DST-A2-06,DST-A2,2025-01-16,30.5,43.7,OPEN,LOW
PHC-DST-A2-05,PHC-DST-A2-06,DST-A2,2025-01-17,30.5,49.5,OPEN,LOW
PHC-DST-A2-05,PHC-DST-A2-06,DST-A2,2025-01-18,30.5,44.9,OPEN,LOW
PHC-DST-A2-05,PHC-DST-A2-06,DST-A2,2025-01-19,30.5,49.8,OPEN,LOW
PHC-DST-A2-05,PHC-DST-A2-06,DST-A2,2025-01-20,30.5,44.8,OPEN,LOW
PHC-DST-A2-05,PHC-DST-A2-06,DST-A2,2025-01-21,30.5,44.4,OPEN,LOW
PHC-DST-A2-05,PHC-DST-A2-06,DST-A2,2025-01-22,30.5,50.3,OPEN,LOW
PHC-DST-A2-05,PHC-DST-A2-06,DST-A2,2025-01-23,30.5,45.1,OPEN,LOW
PHC-DST-A2-05,PHC-DST-A2-06,DST-A2,2025-01-24,30.5,50.2,OPEN,LOW
PHC-DST-A2-05,PHC-DST-A2-06,DST-A2,2025-01-25,30.5,47.5,OPEN,LOW
PHC-DST-A2-05,PHC-DST-A2-06,DST-A2,2025-01-26,30.5,50.1,OPEN,LOW
PHC-DST-A2-05,PHC-DST-A2-06,DST-A2,2025-01-27,30.5,49.4,OPEN,LOW
PHC-DST-A2-05,PHC-DST-A2-06,DST-A2,2025-01-28,30.5,49.1,OPEN,LOW
PHC-DST-A2-05,PHC-DST-A2-06,DST-A2,2025-01-29,30.5,45.5,OPEN,LOW
PHC-DST-A2-05,PHC-DST-A2-06,DST-A2,2025-01-30,30.5,47.8,OPEN,LOW
PHC-DST-A2-05,PHC-DST-A2-06,DST-A2,2025-01-31,30.5,45.7,OPEN,LOW
PHC-DST-A2-05,PHC-DST-A2-06,DST-A2,2025-02-01,30.5,45.2,OPEN,LOW
PHC-DST-A2-05,PHC-DST-A2-06,DST-A2,2025-02-02,30.5,44.1,OPEN,LOW
PHC-DST-A2-05,PHC-DST-A2-06,DST-A2,2025-02-03,30.5,49.0,OPEN,LOW
PHC-DST-A2-05,PHC-DST-A2-06,DST-A2,2025-02-04,30.5,44.2,OPEN,LOW
PHC-DST-A2-05,PHC-DST-A2-06,DST-A2,2025-02-05,30.5,44.9,OPEN,LOW
PHC-DST-A2-05,PHC-DST-A2-06,DST-A2,2025-02-06,30.5,49.0,OPEN,LOW
PHC-DST-A2-05,PHC-DST-A2-06,DST-A2,2025-02-07,30.5,47.5,OPEN,LOW
PHC-DST-A2-05,PHC-DST-A2-06,DST-A2,2025-02-08,30.5,46.1,OPEN,LOW
PHC-DST-A2-05,PHC-DST-A2-06,DST-A2,2025-02-09,30.5,45.7,OPEN,LOW
PHC-DST-A2-05,PHC-DST-A2-06,DST-A2,2025-02-10,30.5,44.0,OPEN,LOW
PHC-DST-A2-05,PHC-DST-A2-06,DST-A2,2025-02-11,30.5,43.6,OPEN,LOW
PHC-DST-A2-05,PHC-DST-A2-06,DST-A2,2025-02-12,30.5,50.4,OPEN,LOW
PHC-DST-A2-05,PHC-DST-A2-06,DST-A2,2025-02-13,30.5,49.9,OPEN,LOW
PHC-DST-A2-05,PHC-DST-A2-06,DST-A2,2025-02-14,30.5,48.0,OPEN,LOW
PHC-DST-A2-05,PHC-DST-A2-06,DST-A2,2025-02-15,30.5,46.3,OPEN,LOW
PHC-DST-A2-05,PHC-DST-A2-06,DST-A2,2025-02-16,30.5,50.4,OPEN,LOW
PHC-DST-A2-05,PHC-DST-A2-06,DST-A2,2025-02-17,30.5,46.1,OPEN,LOW
PHC-DST-A2-05,PHC-DST-A2-06,DST-A2,2025-02-18,30.5,49.5,OPEN,LOW
PHC-DST-A2-05,PHC-DST-A2-06,DST-A2,2025-02-19,30.5,44.0,OPEN,LOW
PHC-DST-A2-05,PHC-DST-A2-06,DST-A2,2025-02-20,30.5,47.1,OPEN,LOW
PHC-DST-A2-05,PHC-DST-A2-06,DST-A2,2025-02-21,30.5,48.5,OPEN,LOW
PHC-DST-A2-05,PHC-DST-A2-06,DST-A2,2025-02-22,30.5,49.4,OPEN,LOW
PHC-DST-A2-05,PHC-DST-A2-06,DST-A2,2025-02-23,30.5,44.0,OPEN,LOW
PHC-DST-A2-05,PHC-DST-A2-06,DST-A2,2025-02-24,30.5,46.6,OPEN,LOW
PHC-DST-A2-05,PHC-DST-A2-06,DST-A2,2025-02-25,30.5,46.2,OPEN,LOW
PHC-DST-A2-05,PHC-DST-A2-06,DST-A2,2025-02-26,30.5,43.9,OPEN,LOW
PHC-DST-A2-05,PHC-DST-A2-06,DST-A2,2025-02-27,30.5,48.6,OPEN,LOW
PHC-DST-A2-05,PHC-DST-A2-06,DST-A2,2025-02-28,30.5,49.4,OPEN,LOW
PHC-DST-A2-05,PHC-DST-A2-06,DST-A2,2025-03-01,30.5,45.7,OPEN,LOW
PHC-DST-A2-05,PHC-DST-A2-06,DST-A2,2025-03-02,30.5,47.9,OPEN,LOW
PHC-DST-A2-05,PHC-DST-A2-06,DST-A2,2025-03-03,30.5,50.1,OPEN,LOW
PHC-DST-A2-05,PHC-DST-A2-06,DST-A2,2025-03-04,30.5,49.4,OPEN,LOW
PHC-DST-A2-05,PHC-DST-A2-06,DST-A2,2025-03-05,30.5,49.8,OPEN,LOW
PHC-DST-A2-05,PHC-DST-A2-06,DST-A2,2025-03-06,30.5,48.7,OPEN,LOW
PHC-DST-A2-05,PHC-DST-A2-06,DST-A2,2025-03-07,30.5,43.8,OPEN,LOW
PHC-DST-A2-05,PHC-DST-A2-06,DST-A2,2025-03-08,30.5,46.8,OPEN,LOW
PHC-DST-A2-05,PHC-DST-A2-06,DST-A2,2025-03-09,30.5,44.5,OPEN,LOW
PHC-DST-A2-05,PHC-DST-A2-06,DST-A2,2025-03-10,30.5,48.6,OPEN,LOW
PHC-DST-A2-05,PHC-DST-A2-06,DST-A2,2025-03-11,30.5,43.5,OPEN,LOW
PHC-DST-A2-05,PHC-DST-A2-06,DST-A2,2025-03-12,30.5,46.6,OPEN,LOW
PHC-DST-A2-05,PHC-DST-A2-06,DST-A2,2025-03-13,30.5,50.0,OPEN,LOW
PHC-DST-A2-05,PHC-DST-A2-06,DST-A2,2025-03-14,30.5,46.3,OPEN,LOW
PHC-DST-A2-05,PHC-DST-A2-06,DST-A2,2025-03-15,30.5,48.3,OPEN,LOW
PHC-DST-A2-05,PHC-DST-A2-06,DST-A2,2025-03-16,30.5,44.9,OPEN,LOW
PHC-DST-A2-05,PHC-DST-A2-06,DST-A2,2025-03-17,30.5,47.6,OPEN,LOW
PHC-DST-A2-05,PHC-DST-A2-06,DST-A2,2025-03-18,30.5,49.8,OPEN,LOW
PHC-DST-A2-05,PHC-DST-A2-06,DST-A2,2025-03-19,30.5,44.4,OPEN,LOW
PHC-DST-A2-05,PHC-DST-A2-06,DST-A2,2025-03-20,30.5,46.2,OPEN,LOW
PHC-DST-A2-05,PHC-DST-A2-06,DST-A2,2025-03-21,30.5,47.6,OPEN,LOW
PHC-DST-A2-05,PHC-DST-A2-06,DST-A2,2025-03-22,30.5,49.8,OPEN,LOW
PHC-DST-A2-05,PHC-DST-A2-06,DST-A2,2025-03-23,30.5,48.3,OPEN,LOW
PHC-DST-A2-05,PHC-DST-A2-06,DST-A2,2025-03-24,30.5,48.7,OPEN,LOW
PHC-DST-A2-05,PHC-DST-A2-06,DST-A2,2025-03-25,30.5,43.8,OPEN,LOW
PHC-DST-A2-05,PHC-DST-A2-06,DST-A2,2025-03-26,30.5,45.3,OPEN,LOW
PHC-DST-A2-05,PHC-DST-A2-06,DST-A2,2025-03-27,30.5,46.0,OPEN,LOW
PHC-DST-A2-05,PHC-DST-A2-06,DST-A2,2025-03-28,30.5,45.8,OPEN,LOW
PHC-DST-A2-05,PHC-DST-A2-06,DST-A2,2025-03-29,30.5,46.0,OPEN,LOW
PHC-DST-A2-05,PHC-DST-A2-06,DST-A2,2025-03-30,30.5,47.0,OPEN,LOW
PHC-DST-A2-05,PHC-DST-A2-06,DST-A2,2025-03-31,30.5,48.3,OPEN,LOW
PHC-DST-A2-05,PHC-DST-A2-06,DST-A2,2025-04-01,30.5,46.8,OPEN,LOW
PHC-DST-A2-05,PHC-DST-A2-06,DST-A2,2025-04-02,30.5,47.3,OPEN,LOW
PHC-DST-A2-05,PHC-DST-A2-06,DST-A2,2025-04-03,30.5,46.1,OPEN,LOW
PHC-DST-A2-05,PHC-DST-A2-06,DST-A2,2025-04-04,30.5,49.1,OPEN,LOW
PHC-DST-A2-05,PHC-DST-A2-06,DST-A2,2025-04-05,30.5,47.1,OPEN,LOW
PHC-DST-A2-05,PHC-DST-A2-06,DST-A2,2025-04-06,30.5,49.1,OPEN,LOW
PHC-DST-A2-05,PHC-DST-A2-06,DST-A2,2025-04-07,30.5,49.9,OPEN,LOW
PHC-DST-A2-05,PHC-DST-A2-06,DST-A2,2025-04-08,30.5,49.5,OPEN,LOW
PHC-DST-A2-05,PHC-DST-A2-06,DST-A2,2025-04-09,30.5,43.9,OPEN,LOW
PHC-DST-A2-05,PHC-DST-A2-06,DST-A2,2025-04-10,30.5,50.2,OPEN,LOW
PHC-DST-A2-05,PHC-DST-A2-06,DST-A2,2025-04-11,30.5,44.4,OPEN,LOW
PHC-DST-A2-05,PHC-DST-A2-06,DST-A2,2025-04-12,30.5,43.6,OPEN,LOW
PHC-DST-A2-05,PHC-DST-A2-06,DST-A2,2025-04-13,30.5,48.5,OPEN,LOW
PHC-DST-A2-05,PHC-DST-A2-06,DST-A2,2025-04-14,30.5,48.4,OPEN,LOW
PHC-DST-A2-05,PHC-DST-A2-06,DST-A2,2025-04-15,30.5,46.6,OPEN,LOW
PHC-DST-A2-05,PHC-DST-A2-06,DST-A2,2025-04-16,30.5,44.7,OPEN,LOW
PHC-DST-A2-05,PHC-DST-A2-06,DST-A2,2025-04-17,30.5,45.6,OPEN,LOW
PHC-DST-A2-05,PHC-DST-A2-06,DST-A2,2025-04-18,30.5,45.0,OPEN,LOW
PHC-DST-A2-05,PHC-DST-A2-06,DST-A2,2025-04-19,30.5,48.7,OPEN,LOW
PHC-DST-A2-05,PHC-DST-A2-06,DST-A2,2025-04-20,30.5,49.6,OPEN,LOW
PHC-DST-A2-05,PHC-DST-A2-06,DST-A2,2025-04-21,30.5,46.0,OPEN,LOW
PHC-DST-A2-05,PHC-DST-A2-06,DST-A2,2025-04-22,30.5,45.4,OPEN,LOW
PHC-DST-A2-05,PHC-DST-A2-06,DST-A2,2025-04-23,30.5,48.0,OPEN,LOW
PHC-DST-A2-05,PHC-DST-A2-06,DST-A2,2025-04-24,30.5,49.4,OPEN,LOW
PHC-DST-A2-05,PHC-DST-A2-06,DST-A2,2025-04-25,30.5,43.9,OPEN,LOW
PHC-DST-A2-05,PHC-DST-A2-06,DST-A2,2025-04-26,30.5,44.4,OPEN,LOW
PHC-DST-A2-05,PHC-DST-A2-06,DST-A2,2025-04-27,30.5,45.4,OPEN,LOW
PHC-DST-A2-05,PHC-DST-A2-06,DST-A2,2025-04-28,30.5,47.2,OPEN,LOW
PHC-DST-A2-05,PHC-DST-A2-06,DST-A2,2025-04-29,30.5,46.0,OPEN,LOW
PHC-DST-A2-05,PHC-DST-A2-06,DST-A2,2025-04-30,30.5,43.5,OPEN,LOW
PHC-DST-A2-05,PHC-DST-A2-06,DST-A2,2025-05-01,30.5,48.7,OPEN,LOW
PHC-DST-A2-05,PHC-DST-A2-06,DST-A2,2025-05-02,30.5,47.8,OPEN,LOW
PHC-DST-A2-05,PHC-DST-A2-06,DST-A2,2025-05-03,30.5,47.4,OPEN,LOW
PHC-DST-A2-05,PHC-DST-A2-06,DST-A2,2025-05-04,30.5,48.1,OPEN,LOW
PHC-DST-A2-05,PHC-DST-A2-06,DST-A2,2025-05-05,30.5,48.8,OPEN,LOW
PHC-DST-A2-05,PHC-DST-A2-06,DST-A2,2025-05-06,30.5,48.2,OPEN,LOW
PHC-DST-A2-05,PHC-DST-A2-06,DST-A2,2025-05-07,30.5,46.3,OPEN,LOW
PHC-DST-A2-05,PHC-DST-A2-06,DST-A2,2025-05-08,30.5,47.3,OPEN,LOW
PHC-DST-A2-05,PHC-DST-A2-06,DST-A2,2025-05-09,30.5,50.3,OPEN,LOW
PHC-DST-A2-05,PHC-DST-A2-06,DST-A2,2025-05-10,30.5,49.4,OPEN,LOW
PHC-DST-A2-05,PHC-DST-A2-06,DST-A2,2025-05-11,30.5,48.0,OPEN,LOW
PHC-DST-A2-05,PHC-DST-A2-06,DST-A2,2025-05-12,30.5,48.0,OPEN,LOW
PHC-DST-A2-05,PHC-DST-A2-06,DST-A2,2025-05-13,30.5,47.4,OPEN,LOW
PHC-DST-A2-05,PHC-DST-A2-06,DST-A2,2025-05-14,30.5,48.4,OPEN,LOW
PHC-DST-A2-05,PHC-DST-A2-06,DST-A2,2025-05-15,30.5,43.6,OPEN,LOW
PHC-DST-A2-05,PHC-DST-A2-06,DST-A2,2025-05-16,30.5,48.7,OPEN,LOW
PHC-DST-A2-05,PHC-DST-A2-06,DST-A2,2025-05-17,30.5,50.0,OPEN,LOW
PHC-DST-A2-05,PHC-DST-A2-06,DST-A2,2025-05-18,30.5,44.9,OPEN,LOW
PHC-DST-A2-05,PHC-DST-A2-06,DST-A2,2025-05-19,30.5,46.2,OPEN,LOW
PHC-DST-A2-05,PHC-DST-A2-06,DST-A2,2025-05-20,30.5,47.4,OPEN,LOW
PHC-DST-A2-05,PHC-DST-A2-06,DST-A2,2025-05-21,30.5,44.3,OPEN,LOW
PHC-DST-A2-05,PHC-DST-A2-06,DST-A2,2025-05-22,30.5,49.7,OPEN,LOW
PHC-DST-A2-05,PHC-DST-A2-06,DST-A2,2025-05-23,30.5,47.7,OPEN,LOW
PHC-DST-A2-05,PHC-DST-A2-06,DST-A2,2025-05-24,30.5,50.0,OPEN,LOW
PHC-DST-A2-05,PHC-DST-A2-06,DST-A2,2025-05-25,30.5,43.9,OPEN,LOW
PHC-DST-A2-05,PHC-DST-A2-06,DST-A2,2025-05-26,30.5,45.6,OPEN,LOW
PHC-DST-A2-05,PHC-DST-A2-06,DST-A2,2025-05-27,30.5,49.2,OPEN,LOW
PHC-DST-A2-05,PHC-DST-A2-06,DST-A2,2025-05-28,30.5,48.0,OPEN,LOW
PHC-DST-A2-05,PHC-DST-A2-06,DST-A2,2025-05-29,30.5,47.8,OPEN,LOW
PHC-DST-A2-05,PHC-DST-A2-06,DST-A2,2025-05-30,30.5,46.3,OPEN,LOW
PHC-DST-A2-05,PHC-DST-A2-06,DST-A2,2025-05-31,30.5,44.1,OPEN,LOW
PHC-DST-A2-05,PHC-DST-A2-06,DST-A2,2025-06-01,30.5,48.3,OPEN,LOW
PHC-DST-A2-05,PHC-DST-A2-06,DST-A2,2025-06-02,30.5,48.4,OPEN,LOW
PHC-DST-A2-05,PHC-DST-A2-06,DST-A2,2025-06-03,30.5,44.3,OPEN,LOW
PHC-DST-A2-05,PHC-DST-A2-06,DST-A2,2025-06-04,30.5,43.6,OPEN,LOW
PHC-DST-A2-05,PHC-DST-A2-06,DST-A2,2025-06-05,30.5,48.3,OPEN,LOW
PHC-DST-A2-05,PHC-DST-A2-06,DST-A2,2025-06-06,30.5,45.3,OPEN,LOW
PHC-DST-A2-05,PHC-DST-A2-06,DST-A2,2025-06-07,30.5,48.4,OPEN,LOW
PHC-DST-A2-05,PHC-DST-A2-06,DST-A2,2025-06-08,30.5,45.9,OPEN,LOW
PHC-DST-A2-05,PHC-DST-A2-06,DST-A2,2025-06-09,30.5,45.2,OPEN,LOW
PHC-DST-A2-05,PHC-DST-A2-06,DST-A2,2025-06-10,30.5,44.9,OPEN,LOW
PHC-DST-A2-05,PHC-DST-A2-06,DST-A2,2025-06-11,30.5,47.7,OPEN,LOW
PHC-DST-A2-05,PHC-DST-A2-06,DST-A2,2025-06-12,30.5,48.7,OPEN,LOW
PHC-DST-A2-05,PHC-DST-A2-06,DST-A2,2025-06-13,30.5,50.2,OPEN,LOW
PHC-DST-A2-05,PHC-DST-A2-06,DST-A2,2025-06-14,30.5,43.8,OPEN,LOW
PHC-DST-A2-05,PHC-DST-A2-06,DST-A2,2025-06-15,30.5,46.4,OPEN,LOW
PHC-DST-A2-05,PHC-DST-A2-06,DST-A2,2025-06-16,30.5,47.2,OPEN,LOW
PHC-DST-A2-05,PHC-DST-A2-06,DST-A2,2025-06-17,30.5,48.4,OPEN,LOW
PHC-DST-A2-05,PHC-DST-A2-06,DST-A2,2025-06-18,30.5,50.2,OPEN,LOW
PHC-DST-A2-05,PHC-DST-A2-06,DST-A2,2025-06-19,30.5,49.9,OPEN,LOW
PHC-DST-A2-05,PHC-DST-A2-06,DST-A2,2025-06-20,30.5,48.2,OPEN,LOW
PHC-DST-A2-05,PHC-DST-A2-06,DST-A2,2025-06-21,30.5,46.0,OPEN,LOW
PHC-DST-A2-05,PHC-DST-A2-06,DST-A2,2025-06-22,30.5,44.3,OPEN,LOW
PHC-DST-A2-05,PHC-DST-A2-06,DST-A2,2025-06-23,30.5,47.9,OPEN,LOW
PHC-DST-A2-05,PHC-DST-A2-06,DST-A2,2025-06-24,30.5,45.0,OPEN,LOW
PHC-DST-A2-05,PHC-DST-A2-06,DST-A2,2025-06-25,30.5,43.8,OPEN,LOW
PHC-DST-A2-05,PHC-DST-A2-06,DST-A2,2025-06-26,30.5,44.7,OPEN,LOW
PHC-DST-A2-05,PHC-DST-A2-06,DST-A2,2025-06-27,30.5,48.4,OPEN,LOW
PHC-DST-A2-05,PHC-DST-A2-06,DST-A2,2025-06-28,30.5,48.5,OPEN,LOW
PHC-DST-A2-05,PHC-DST-A2-06,DST-A2,2025-06-29,30.5,46.0,OPEN,LOW
PHC-DST-A2-05,PHC-DST-A2-06,DST-A2,2025-06-30,30.5,48.4,OPEN,LOW
PHC-DST-B1-01,PHC-DST-B1-02,DST-B1,2024-07-01,21.3,52.1,DEGRADED,MODERATE
PHC-DST-B1-01,PHC-DST-B1-02,DST-B1,2024-07-02,21.3,220.9,BLOCKED,MODERATE
PHC-DST-B1-01,PHC-DST-B1-02,DST-B1,2024-07-03,21.3,30.5,OPEN,LOW
PHC-DST-B1-01,PHC-DST-B1-02,DST-B1,2024-07-04,21.3,34.7,OPEN,LOW
PHC-DST-B1-01,PHC-DST-B1-02,DST-B1,2024-07-05,21.3,33.2,OPEN,LOW
PHC-DST-B1-01,PHC-DST-B1-02,DST-B1,2024-07-06,21.3,48.1,DEGRADED,MODERATE
PHC-DST-B1-01,PHC-DST-B1-02,DST-B1,2024-07-07,21.3,32.2,OPEN,LOW
PHC-DST-B1-01,PHC-DST-B1-02,DST-B1,2024-07-08,21.3,32.8,OPEN,LOW
PHC-DST-B1-01,PHC-DST-B1-02,DST-B1,2024-07-09,21.3,34.4,OPEN,LOW
PHC-DST-B1-01,PHC-DST-B1-02,DST-B1,2024-07-10,21.3,51.0,DEGRADED,MODERATE
PHC-DST-B1-01,PHC-DST-B1-02,DST-B1,2024-07-11,21.3,32.0,OPEN,LOW
PHC-DST-B1-01,PHC-DST-B1-02,DST-B1,2024-07-12,21.3,33.7,OPEN,LOW
PHC-DST-B1-01,PHC-DST-B1-02,DST-B1,2024-07-13,21.3,30.4,OPEN,LOW
PHC-DST-B1-01,PHC-DST-B1-02,DST-B1,2024-07-14,21.3,34.5,OPEN,LOW
PHC-DST-B1-01,PHC-DST-B1-02,DST-B1,2024-07-15,21.3,50.7,DEGRADED,MODERATE
PHC-DST-B1-01,PHC-DST-B1-02,DST-B1,2024-07-16,21.3,56.2,DEGRADED,LOW
PHC-DST-B1-01,PHC-DST-B1-02,DST-B1,2024-07-17,21.3,34.2,OPEN,LOW
PHC-DST-B1-01,PHC-DST-B1-02,DST-B1,2024-07-18,21.3,30.8,OPEN,LOW
PHC-DST-B1-01,PHC-DST-B1-02,DST-B1,2024-07-19,21.3,178.9,BLOCKED,MODERATE
PHC-DST-B1-01,PHC-DST-B1-02,DST-B1,2024-07-20,21.3,31.3,OPEN,LOW
PHC-DST-B1-01,PHC-DST-B1-02,DST-B1,2024-07-21,21.3,56.5,DEGRADED,MODERATE
PHC-DST-B1-01,PHC-DST-B1-02,DST-B1,2024-07-22,21.3,57.8,DEGRADED,MODERATE
PHC-DST-B1-01,PHC-DST-B1-02,DST-B1,2024-07-23,21.3,52.3,DEGRADED,MODERATE
PHC-DST-B1-01,PHC-DST-B1-02,DST-B1,2024-07-24,21.3,33.1,OPEN,LOW
PHC-DST-B1-01,PHC-DST-B1-02,DST-B1,2024-07-25,21.3,33.6,OPEN,LOW
PHC-DST-B1-01,PHC-DST-B1-02,DST-B1,2024-07-26,21.3,45.5,DEGRADED,MODERATE
PHC-DST-B1-01,PHC-DST-B1-02,DST-B1,2024-07-27,21.3,32.9,OPEN,LOW
PHC-DST-B1-01,PHC-DST-B1-02,DST-B1,2024-07-28,21.3,50.8,DEGRADED,MODERATE
PHC-DST-B1-01,PHC-DST-B1-02,DST-B1,2024-07-29,21.3,48.3,DEGRADED,LOW
PHC-DST-B1-01,PHC-DST-B1-02,DST-B1,2024-07-30,21.3,34.9,OPEN,LOW
PHC-DST-B1-01,PHC-DST-B1-02,DST-B1,2024-07-31,21.3,33.1,OPEN,LOW
PHC-DST-B1-01,PHC-DST-B1-02,DST-B1,2024-08-01,21.3,32.4,OPEN,LOW
PHC-DST-B1-01,PHC-DST-B1-02,DST-B1,2024-08-02,21.3,30.8,OPEN,LOW
PHC-DST-B1-01,PHC-DST-B1-02,DST-B1,2024-08-03,21.3,33.4,OPEN,LOW
PHC-DST-B1-01,PHC-DST-B1-02,DST-B1,2024-08-04,21.3,59.5,DEGRADED,MODERATE
PHC-DST-B1-01,PHC-DST-B1-02,DST-B1,2024-08-05,21.3,35.0,OPEN,LOW
PHC-DST-B1-01,PHC-DST-B1-02,DST-B1,2024-08-06,21.3,32.6,OPEN,LOW
PHC-DST-B1-01,PHC-DST-B1-02,DST-B1,2024-08-07,21.3,63.8,DEGRADED,MODERATE
PHC-DST-B1-01,PHC-DST-B1-02,DST-B1,2024-08-08,21.3,33.0,OPEN,LOW
PHC-DST-B1-01,PHC-DST-B1-02,DST-B1,2024-08-09,21.3,32.7,OPEN,LOW
PHC-DST-B1-01,PHC-DST-B1-02,DST-B1,2024-08-10,21.3,202.9,BLOCKED,SEVERE
PHC-DST-B1-01,PHC-DST-B1-02,DST-B1,2024-08-11,21.3,33.8,OPEN,LOW
PHC-DST-B1-01,PHC-DST-B1-02,DST-B1,2024-08-12,21.3,33.7,OPEN,LOW
PHC-DST-B1-01,PHC-DST-B1-02,DST-B1,2024-08-13,21.3,60.1,DEGRADED,MODERATE
PHC-DST-B1-01,PHC-DST-B1-02,DST-B1,2024-08-14,21.3,31.8,OPEN,LOW
PHC-DST-B1-01,PHC-DST-B1-02,DST-B1,2024-08-15,21.3,32.2,OPEN,LOW
PHC-DST-B1-01,PHC-DST-B1-02,DST-B1,2024-08-16,21.3,30.5,OPEN,LOW
PHC-DST-B1-01,PHC-DST-B1-02,DST-B1,2024-08-17,21.3,59.5,DEGRADED,MODERATE
PHC-DST-B1-01,PHC-DST-B1-02,DST-B1,2024-08-18,21.3,62.4,DEGRADED,MODERATE
PHC-DST-B1-01,PHC-DST-B1-02,DST-B1,2024-08-19,21.3,31.0,OPEN,LOW
PHC-DST-B1-01,PHC-DST-B1-02,DST-B1,2024-08-20,21.3,33.9,OPEN,LOW
PHC-DST-B1-01,PHC-DST-B1-02,DST-B1,2024-08-21,21.3,45.0,DEGRADED,MODERATE
PHC-DST-B1-01,PHC-DST-B1-02,DST-B1,2024-08-22,21.3,34.4,OPEN,LOW
PHC-DST-B1-01,PHC-DST-B1-02,DST-B1,2024-08-23,21.3,30.9,OPEN,LOW
PHC-DST-B1-01,PHC-DST-B1-02,DST-B1,2024-08-24,21.3,30.3,OPEN,LOW
PHC-DST-B1-01,PHC-DST-B1-02,DST-B1,2024-08-25,21.3,34.7,OPEN,LOW
PHC-DST-B1-01,PHC-DST-B1-02,DST-B1,2024-08-26,21.3,50.2,DEGRADED,MODERATE
PHC-DST-B1-01,PHC-DST-B1-02,DST-B1,2024-08-27,21.3,35.1,OPEN,LOW
PHC-DST-B1-01,PHC-DST-B1-02,DST-B1,2024-08-28,21.3,62.1,DEGRADED,MODERATE
PHC-DST-B1-01,PHC-DST-B1-02,DST-B1,2024-08-29,21.3,61.1,DEGRADED,LOW
PHC-DST-B1-01,PHC-DST-B1-02,DST-B1,2024-08-30,21.3,31.9,OPEN,LOW
PHC-DST-B1-01,PHC-DST-B1-02,DST-B1,2024-08-31,21.3,32.5,OPEN,LOW
PHC-DST-B1-01,PHC-DST-B1-02,DST-B1,2024-09-01,21.3,32.3,OPEN,LOW
PHC-DST-B1-01,PHC-DST-B1-02,DST-B1,2024-09-02,21.3,51.0,DEGRADED,MODERATE
PHC-DST-B1-01,PHC-DST-B1-02,DST-B1,2024-09-03,21.3,33.5,OPEN,LOW
PHC-DST-B1-01,PHC-DST-B1-02,DST-B1,2024-09-04,21.3,33.0,OPEN,LOW
PHC-DST-B1-01,PHC-DST-B1-02,DST-B1,2024-09-05,21.3,32.6,OPEN,LOW
PHC-DST-B1-01,PHC-DST-B1-02,DST-B1,2024-09-06,21.3,34.8,OPEN,LOW
PHC-DST-B1-01,PHC-DST-B1-02,DST-B1,2024-09-07,21.3,32.3,OPEN,LOW
PHC-DST-B1-01,PHC-DST-B1-02,DST-B1,2024-09-08,21.3,34.1,OPEN,LOW
PHC-DST-B1-01,PHC-DST-B1-02,DST-B1,2024-09-09,21.3,33.0,OPEN,LOW
PHC-DST-B1-01,PHC-DST-B1-02,DST-B1,2024-09-10,21.3,30.9,OPEN,LOW
PHC-DST-B1-01,PHC-DST-B1-02,DST-B1,2024-09-11,21.3,34.6,OPEN,LOW
PHC-DST-B1-01,PHC-DST-B1-02,DST-B1,2024-09-12,21.3,35.0,OPEN,LOW
PHC-DST-B1-01,PHC-DST-B1-02,DST-B1,2024-09-13,21.3,32.0,OPEN,LOW
PHC-DST-B1-01,PHC-DST-B1-02,DST-B1,2024-09-14,21.3,34.2,OPEN,LOW
PHC-DST-B1-01,PHC-DST-B1-02,DST-B1,2024-09-15,21.3,60.0,DEGRADED,MODERATE
PHC-DST-B1-01,PHC-DST-B1-02,DST-B1,2024-09-16,21.3,33.8,OPEN,LOW
PHC-DST-B1-01,PHC-DST-B1-02,DST-B1,2024-09-17,21.3,32.6,OPEN,LOW
PHC-DST-B1-01,PHC-DST-B1-02,DST-B1,2024-09-18,21.3,176.6,BLOCKED,MODERATE
PHC-DST-B1-01,PHC-DST-B1-02,DST-B1,2024-09-19,21.3,61.0,DEGRADED,LOW
PHC-DST-B1-01,PHC-DST-B1-02,DST-B1,2024-09-20,21.3,50.7,DEGRADED,MODERATE
PHC-DST-B1-01,PHC-DST-B1-02,DST-B1,2024-09-21,21.3,34.5,OPEN,LOW
PHC-DST-B1-01,PHC-DST-B1-02,DST-B1,2024-09-22,21.3,33.4,OPEN,LOW
PHC-DST-B1-01,PHC-DST-B1-02,DST-B1,2024-09-23,21.3,34.4,OPEN,LOW
PHC-DST-B1-01,PHC-DST-B1-02,DST-B1,2024-09-24,21.3,31.4,OPEN,LOW
PHC-DST-B1-01,PHC-DST-B1-02,DST-B1,2024-09-25,21.3,34.1,OPEN,LOW
PHC-DST-B1-01,PHC-DST-B1-02,DST-B1,2024-09-26,21.3,32.8,OPEN,LOW
PHC-DST-B1-01,PHC-DST-B1-02,DST-B1,2024-09-27,21.3,33.8,OPEN,LOW
PHC-DST-B1-01,PHC-DST-B1-02,DST-B1,2024-09-28,21.3,32.6,OPEN,LOW
PHC-DST-B1-01,PHC-DST-B1-02,DST-B1,2024-09-29,21.3,32.1,OPEN,LOW
PHC-DST-B1-01,PHC-DST-B1-02,DST-B1,2024-09-30,21.3,31.7,OPEN,LOW
PHC-DST-B1-01,PHC-DST-B1-02,DST-B1,2024-10-01,21.3,34.3,OPEN,LOW
PHC-DST-B1-01,PHC-DST-B1-02,DST-B1,2024-10-02,21.3,34.6,OPEN,LOW
PHC-DST-B1-01,PHC-DST-B1-02,DST-B1,2024-10-03,21.3,34.2,OPEN,LOW
PHC-DST-B1-01,PHC-DST-B1-02,DST-B1,2024-10-04,21.3,32.0,OPEN,LOW
PHC-DST-B1-01,PHC-DST-B1-02,DST-B1,2024-10-05,21.3,31.8,OPEN,LOW
PHC-DST-B1-01,PHC-DST-B1-02,DST-B1,2024-10-06,21.3,33.4,OPEN,LOW
PHC-DST-B1-01,PHC-DST-B1-02,DST-B1,2024-10-07,21.3,32.1,OPEN,LOW
PHC-DST-B1-01,PHC-DST-B1-02,DST-B1,2024-10-08,21.3,33.2,OPEN,LOW
PHC-DST-B1-01,PHC-DST-B1-02,DST-B1,2024-10-09,21.3,34.3,OPEN,LOW
PHC-DST-B1-01,PHC-DST-B1-02,DST-B1,2024-10-10,21.3,30.4,OPEN,LOW
PHC-DST-B1-01,PHC-DST-B1-02,DST-B1,2024-10-11,21.3,33.6,OPEN,LOW
PHC-DST-B1-01,PHC-DST-B1-02,DST-B1,2024-10-12,21.3,31.8,OPEN,LOW
PHC-DST-B1-01,PHC-DST-B1-02,DST-B1,2024-10-13,21.3,32.2,OPEN,LOW
PHC-DST-B1-01,PHC-DST-B1-02,DST-B1,2024-10-14,21.3,31.8,OPEN,LOW
PHC-DST-B1-01,PHC-DST-B1-02,DST-B1,2024-10-15,21.3,34.7,OPEN,LOW
PHC-DST-B1-01,PHC-DST-B1-02,DST-B1,2024-10-16,21.3,34.2,OPEN,LOW
PHC-DST-B1-01,PHC-DST-B1-02,DST-B1,2024-10-17,21.3,33.0,OPEN,LOW
PHC-DST-B1-01,PHC-DST-B1-02,DST-B1,2024-10-18,21.3,34.2,OPEN,LOW
PHC-DST-B1-01,PHC-DST-B1-02,DST-B1,2024-10-19,21.3,34.8,OPEN,LOW
PHC-DST-B1-01,PHC-DST-B1-02,DST-B1,2024-10-20,21.3,32.7,OPEN,LOW
PHC-DST-B1-01,PHC-DST-B1-02,DST-B1,2024-10-21,21.3,33.1,OPEN,LOW
PHC-DST-B1-01,PHC-DST-B1-02,DST-B1,2024-10-22,21.3,31.7,OPEN,LOW
PHC-DST-B1-01,PHC-DST-B1-02,DST-B1,2024-10-23,21.3,32.6,OPEN,LOW
PHC-DST-B1-01,PHC-DST-B1-02,DST-B1,2024-10-24,21.3,33.7,OPEN,LOW
PHC-DST-B1-01,PHC-DST-B1-02,DST-B1,2024-10-25,21.3,31.9,OPEN,LOW
PHC-DST-B1-01,PHC-DST-B1-02,DST-B1,2024-10-26,21.3,31.1,OPEN,LOW
PHC-DST-B1-01,PHC-DST-B1-02,DST-B1,2024-10-27,21.3,32.3,OPEN,LOW
PHC-DST-B1-01,PHC-DST-B1-02,DST-B1,2024-10-28,21.3,30.9,OPEN,LOW
PHC-DST-B1-01,PHC-DST-B1-02,DST-B1,2024-10-29,21.3,33.4,OPEN,LOW
PHC-DST-B1-01,PHC-DST-B1-02,DST-B1,2024-10-30,21.3,31.8,OPEN,LOW
PHC-DST-B1-01,PHC-DST-B1-02,DST-B1,2024-10-31,21.3,34.6,OPEN,LOW
PHC-DST-B1-01,PHC-DST-B1-02,DST-B1,2024-11-01,21.3,34.1,OPEN,LOW
PHC-DST-B1-01,PHC-DST-B1-02,DST-B1,2024-11-02,21.3,34.9,OPEN,LOW
PHC-DST-B1-01,PHC-DST-B1-02,DST-B1,2024-11-03,21.3,31.9,OPEN,LOW
PHC-DST-B1-01,PHC-DST-B1-02,DST-B1,2024-11-04,21.3,30.8,OPEN,LOW
PHC-DST-B1-01,PHC-DST-B1-02,DST-B1,2024-11-05,21.3,32.2,OPEN,LOW
PHC-DST-B1-01,PHC-DST-B1-02,DST-B1,2024-11-06,21.3,32.2,OPEN,LOW
PHC-DST-B1-01,PHC-DST-B1-02,DST-B1,2024-11-07,21.3,33.9,OPEN,LOW
PHC-DST-B1-01,PHC-DST-B1-02,DST-B1,2024-11-08,21.3,31.8,OPEN,LOW
PHC-DST-B1-01,PHC-DST-B1-02,DST-B1,2024-11-09,21.3,34.2,OPEN,LOW
PHC-DST-B1-01,PHC-DST-B1-02,DST-B1,2024-11-10,21.3,35.0,OPEN,LOW
PHC-DST-B1-01,PHC-DST-B1-02,DST-B1,2024-11-11,21.3,35.0,OPEN,LOW
PHC-DST-B1-01,PHC-DST-B1-02,DST-B1,2024-11-12,21.3,32.9,OPEN,LOW
PHC-DST-B1-01,PHC-DST-B1-02,DST-B1,2024-11-13,21.3,32.0,OPEN,LOW
PHC-DST-B1-01,PHC-DST-B1-02,DST-B1,2024-11-14,21.3,34.0,OPEN,LOW
PHC-DST-B1-01,PHC-DST-B1-02,DST-B1,2024-11-15,21.3,30.9,OPEN,LOW
PHC-DST-B1-01,PHC-DST-B1-02,DST-B1,2024-11-16,21.3,32.4,OPEN,LOW
PHC-DST-B1-01,PHC-DST-B1-02,DST-B1,2024-11-17,21.3,33.9,OPEN,LOW
PHC-DST-B1-01,PHC-DST-B1-02,DST-B1,2024-11-18,21.3,30.6,OPEN,LOW
PHC-DST-B1-01,PHC-DST-B1-02,DST-B1,2024-11-19,21.3,33.9,OPEN,LOW
PHC-DST-B1-01,PHC-DST-B1-02,DST-B1,2024-11-20,21.3,34.3,OPEN,LOW
PHC-DST-B1-01,PHC-DST-B1-02,DST-B1,2024-11-21,21.3,33.0,OPEN,LOW
PHC-DST-B1-01,PHC-DST-B1-02,DST-B1,2024-11-22,21.3,31.7,OPEN,LOW
PHC-DST-B1-01,PHC-DST-B1-02,DST-B1,2024-11-23,21.3,34.3,OPEN,LOW
PHC-DST-B1-01,PHC-DST-B1-02,DST-B1,2024-11-24,21.3,35.0,OPEN,LOW
PHC-DST-B1-01,PHC-DST-B1-02,DST-B1,2024-11-25,21.3,35.1,OPEN,LOW
PHC-DST-B1-01,PHC-DST-B1-02,DST-B1,2024-11-26,21.3,32.2,OPEN,LOW
PHC-DST-B1-01,PHC-DST-B1-02,DST-B1,2024-11-27,21.3,30.7,OPEN,LOW
PHC-DST-B1-01,PHC-DST-B1-02,DST-B1,2024-11-28,21.3,34.7,OPEN,LOW
PHC-DST-B1-01,PHC-DST-B1-02,DST-B1,2024-11-29,21.3,32.5,OPEN,LOW
PHC-DST-B1-01,PHC-DST-B1-02,DST-B1,2024-11-30,21.3,32.2,OPEN,LOW
PHC-DST-B1-01,PHC-DST-B1-02,DST-B1,2024-12-01,21.3,33.3,OPEN,LOW
PHC-DST-B1-01,PHC-DST-B1-02,DST-B1,2024-12-02,21.3,31.3,OPEN,LOW
PHC-DST-B1-01,PHC-DST-B1-02,DST-B1,2024-12-03,21.3,32.2,OPEN,LOW
PHC-DST-B1-01,PHC-DST-B1-02,DST-B1,2024-12-04,21.3,33.6,OPEN,LOW
PHC-DST-B1-01,PHC-DST-B1-02,DST-B1,2024-12-05,21.3,30.7,OPEN,LOW
PHC-DST-B1-01,PHC-DST-B1-02,DST-B1,2024-12-06,21.3,32.6,OPEN,LOW
PHC-DST-B1-01,PHC-DST-B1-02,DST-B1,2024-12-07,21.3,32.5,OPEN,LOW
PHC-DST-B1-01,PHC-DST-B1-02,DST-B1,2024-12-08,21.3,30.3,OPEN,LOW
PHC-DST-B1-01,PHC-DST-B1-02,DST-B1,2024-12-09,21.3,34.0,OPEN,LOW
PHC-DST-B1-01,PHC-DST-B1-02,DST-B1,2024-12-10,21.3,33.2,OPEN,LOW
PHC-DST-B1-01,PHC-DST-B1-02,DST-B1,2024-12-11,21.3,34.2,OPEN,LOW
PHC-DST-B1-01,PHC-DST-B1-02,DST-B1,2024-12-12,21.3,31.6,OPEN,LOW
PHC-DST-B1-01,PHC-DST-B1-02,DST-B1,2024-12-13,21.3,31.0,OPEN,LOW
PHC-DST-B1-01,PHC-DST-B1-02,DST-B1,2024-12-14,21.3,33.4,OPEN,LOW
PHC-DST-B1-01,PHC-DST-B1-02,DST-B1,2024-12-15,21.3,33.2,OPEN,LOW
PHC-DST-B1-01,PHC-DST-B1-02,DST-B1,2024-12-16,21.3,33.1,OPEN,LOW
PHC-DST-B1-01,PHC-DST-B1-02,DST-B1,2024-12-17,21.3,34.9,OPEN,LOW
PHC-DST-B1-01,PHC-DST-B1-02,DST-B1,2024-12-18,21.3,33.8,OPEN,LOW
PHC-DST-B1-01,PHC-DST-B1-02,DST-B1,2024-12-19,21.3,34.7,OPEN,LOW
PHC-DST-B1-01,PHC-DST-B1-02,DST-B1,2024-12-20,21.3,34.8,OPEN,LOW
PHC-DST-B1-01,PHC-DST-B1-02,DST-B1,2024-12-21,21.3,32.3,OPEN,LOW
PHC-DST-B1-01,PHC-DST-B1-02,DST-B1,2024-12-22,21.3,33.9,OPEN,LOW
PHC-DST-B1-01,PHC-DST-B1-02,DST-B1,2024-12-23,21.3,31.2,OPEN,LOW
PHC-DST-B1-01,PHC-DST-B1-02,DST-B1,2024-12-24,21.3,34.0,OPEN,LOW
PHC-DST-B1-01,PHC-DST-B1-02,DST-B1,2024-12-25,21.3,34.9,OPEN,LOW
PHC-DST-B1-01,PHC-DST-B1-02,DST-B1,2024-12-26,21.3,30.8,OPEN,LOW
PHC-DST-B1-01,PHC-DST-B1-02,DST-B1,2024-12-27,21.3,34.4,OPEN,LOW
PHC-DST-B1-01,PHC-DST-B1-02,DST-B1,2024-12-28,21.3,33.0,OPEN,LOW
PHC-DST-B1-01,PHC-DST-B1-02,DST-B1,2024-12-29,21.3,31.3,OPEN,LOW
PHC-DST-B1-01,PHC-DST-B1-02,DST-B1,2024-12-30,21.3,34.7,OPEN,LOW
PHC-DST-B1-01,PHC-DST-B1-02,DST-B1,2024-12-31,21.3,32.7,OPEN,LOW
PHC-DST-B1-01,PHC-DST-B1-02,DST-B1,2025-01-01,21.3,33.1,OPEN,LOW
PHC-DST-B1-01,PHC-DST-B1-02,DST-B1,2025-01-02,21.3,34.8,OPEN,LOW
PHC-DST-B1-01,PHC-DST-B1-02,DST-B1,2025-01-03,21.3,34.1,OPEN,LOW
PHC-DST-B1-01,PHC-DST-B1-02,DST-B1,2025-01-04,21.3,33.9,OPEN,LOW
PHC-DST-B1-01,PHC-DST-B1-02,DST-B1,2025-01-05,21.3,31.9,OPEN,LOW
PHC-DST-B1-01,PHC-DST-B1-02,DST-B1,2025-01-06,21.3,30.5,OPEN,LOW
PHC-DST-B1-01,PHC-DST-B1-02,DST-B1,2025-01-07,21.3,33.1,OPEN,LOW
PHC-DST-B1-01,PHC-DST-B1-02,DST-B1,2025-01-08,21.3,33.6,OPEN,LOW
PHC-DST-B1-01,PHC-DST-B1-02,DST-B1,2025-01-09,21.3,34.6,OPEN,LOW
PHC-DST-B1-01,PHC-DST-B1-02,DST-B1,2025-01-10,21.3,32.4,OPEN,LOW
PHC-DST-B1-01,PHC-DST-B1-02,DST-B1,2025-01-11,21.3,30.3,OPEN,LOW
PHC-DST-B1-01,PHC-DST-B1-02,DST-B1,2025-01-12,21.3,30.3,OPEN,LOW
PHC-DST-B1-01,PHC-DST-B1-02,DST-B1,2025-01-13,21.3,34.9,OPEN,LOW
PHC-DST-B1-01,PHC-DST-B1-02,DST-B1,2025-01-14,21.3,34.6,OPEN,LOW
PHC-DST-B1-01,PHC-DST-B1-02,DST-B1,2025-01-15,21.3,33.5,OPEN,LOW
PHC-DST-B1-01,PHC-DST-B1-02,DST-B1,2025-01-16,21.3,32.9,OPEN,LOW
PHC-DST-B1-01,PHC-DST-B1-02,DST-B1,2025-01-17,21.3,34.3,OPEN,LOW
PHC-DST-B1-01,PHC-DST-B1-02,DST-B1,2025-01-18,21.3,32.0,OPEN,LOW
PHC-DST-B1-01,PHC-DST-B1-02,DST-B1,2025-01-19,21.3,34.8,OPEN,LOW
PHC-DST-B1-01,PHC-DST-B1-02,DST-B1,2025-01-20,21.3,33.6,OPEN,LOW
PHC-DST-B1-01,PHC-DST-B1-02,DST-B1,2025-01-21,21.3,33.5,OPEN,LOW
PHC-DST-B1-01,PHC-DST-B1-02,DST-B1,2025-01-22,21.3,33.3,OPEN,LOW
PHC-DST-B1-01,PHC-DST-B1-02,DST-B1,2025-01-23,21.3,32.6,OPEN,LOW
PHC-DST-B1-01,PHC-DST-B1-02,DST-B1,2025-01-24,21.3,32.6,OPEN,LOW
PHC-DST-B1-01,PHC-DST-B1-02,DST-B1,2025-01-25,21.3,31.6,OPEN,LOW
PHC-DST-B1-01,PHC-DST-B1-02,DST-B1,2025-01-26,21.3,33.1,OPEN,LOW
PHC-DST-B1-01,PHC-DST-B1-02,DST-B1,2025-01-27,21.3,31.5,OPEN,LOW
PHC-DST-B1-01,PHC-DST-B1-02,DST-B1,2025-01-28,21.3,30.9,OPEN,LOW
PHC-DST-B1-01,PHC-DST-B1-02,DST-B1,2025-01-29,21.3,32.6,OPEN,LOW
PHC-DST-B1-01,PHC-DST-B1-02,DST-B1,2025-01-30,21.3,34.3,OPEN,LOW
PHC-DST-B1-01,PHC-DST-B1-02,DST-B1,2025-01-31,21.3,33.3,OPEN,LOW
PHC-DST-B1-01,PHC-DST-B1-02,DST-B1,2025-02-01,21.3,34.4,OPEN,LOW
PHC-DST-B1-01,PHC-DST-B1-02,DST-B1,2025-02-02,21.3,31.0,OPEN,LOW
PHC-DST-B1-01,PHC-DST-B1-02,DST-B1,2025-02-03,21.3,34.6,OPEN,LOW
PHC-DST-B1-01,PHC-DST-B1-02,DST-B1,2025-02-04,21.3,31.8,OPEN,LOW
PHC-DST-B1-01,PHC-DST-B1-02,DST-B1,2025-02-05,21.3,34.1,OPEN,LOW
PHC-DST-B1-01,PHC-DST-B1-02,DST-B1,2025-02-06,21.3,31.8,OPEN,LOW
PHC-DST-B1-01,PHC-DST-B1-02,DST-B1,2025-02-07,21.3,33.3,OPEN,LOW
PHC-DST-B1-01,PHC-DST-B1-02,DST-B1,2025-02-08,21.3,35.0,OPEN,LOW
PHC-DST-B1-01,PHC-DST-B1-02,DST-B1,2025-02-09,21.3,30.8,OPEN,LOW
PHC-DST-B1-01,PHC-DST-B1-02,DST-B1,2025-02-10,21.3,31.7,OPEN,LOW
PHC-DST-B1-01,PHC-DST-B1-02,DST-B1,2025-02-11,21.3,31.5,OPEN,LOW
PHC-DST-B1-01,PHC-DST-B1-02,DST-B1,2025-02-12,21.3,33.5,OPEN,LOW
PHC-DST-B1-01,PHC-DST-B1-02,DST-B1,2025-02-13,21.3,33.5,OPEN,LOW
PHC-DST-B1-01,PHC-DST-B1-02,DST-B1,2025-02-14,21.3,31.3,OPEN,LOW
PHC-DST-B1-01,PHC-DST-B1-02,DST-B1,2025-02-15,21.3,34.5,OPEN,LOW
PHC-DST-B1-01,PHC-DST-B1-02,DST-B1,2025-02-16,21.3,30.7,OPEN,LOW
PHC-DST-B1-01,PHC-DST-B1-02,DST-B1,2025-02-17,21.3,30.5,OPEN,LOW
PHC-DST-B1-01,PHC-DST-B1-02,DST-B1,2025-02-18,21.3,35.1,OPEN,LOW
PHC-DST-B1-01,PHC-DST-B1-02,DST-B1,2025-02-19,21.3,34.9,OPEN,LOW
PHC-DST-B1-01,PHC-DST-B1-02,DST-B1,2025-02-20,21.3,34.4,OPEN,LOW
PHC-DST-B1-01,PHC-DST-B1-02,DST-B1,2025-02-21,21.3,34.3,OPEN,LOW
PHC-DST-B1-01,PHC-DST-B1-02,DST-B1,2025-02-22,21.3,32.1,OPEN,LOW
PHC-DST-B1-01,PHC-DST-B1-02,DST-B1,2025-02-23,21.3,31.7,OPEN,LOW
PHC-DST-B1-01,PHC-DST-B1-02,DST-B1,2025-02-24,21.3,31.7,OPEN,LOW
PHC-DST-B1-01,PHC-DST-B1-02,DST-B1,2025-02-25,21.3,33.5,OPEN,LOW
PHC-DST-B1-01,PHC-DST-B1-02,DST-B1,2025-02-26,21.3,30.9,OPEN,LOW
PHC-DST-B1-01,PHC-DST-B1-02,DST-B1,2025-02-27,21.3,31.5,OPEN,LOW
PHC-DST-B1-01,PHC-DST-B1-02,DST-B1,2025-02-28,21.3,31.1,OPEN,LOW
PHC-DST-B1-01,PHC-DST-B1-02,DST-B1,2025-03-01,21.3,34.1,OPEN,LOW
PHC-DST-B1-01,PHC-DST-B1-02,DST-B1,2025-03-02,21.3,32.6,OPEN,LOW
PHC-DST-B1-01,PHC-DST-B1-02,DST-B1,2025-03-03,21.3,31.3,OPEN,LOW
PHC-DST-B1-01,PHC-DST-B1-02,DST-B1,2025-03-04,21.3,30.3,OPEN,LOW
PHC-DST-B1-01,PHC-DST-B1-02,DST-B1,2025-03-05,21.3,32.1,OPEN,LOW
PHC-DST-B1-01,PHC-DST-B1-02,DST-B1,2025-03-06,21.3,32.8,OPEN,LOW
PHC-DST-B1-01,PHC-DST-B1-02,DST-B1,2025-03-07,21.3,31.9,OPEN,LOW
PHC-DST-B1-01,PHC-DST-B1-02,DST-B1,2025-03-08,21.3,33.3,OPEN,LOW
PHC-DST-B1-01,PHC-DST-B1-02,DST-B1,2025-03-09,21.3,34.1,OPEN,LOW
PHC-DST-B1-01,PHC-DST-B1-02,DST-B1,2025-03-10,21.3,30.5,OPEN,LOW
PHC-DST-B1-01,PHC-DST-B1-02,DST-B1,2025-03-11,21.3,34.0,OPEN,LOW
PHC-DST-B1-01,PHC-DST-B1-02,DST-B1,2025-03-12,21.3,33.3,OPEN,LOW
PHC-DST-B1-01,PHC-DST-B1-02,DST-B1,2025-03-13,21.3,33.3,OPEN,LOW
PHC-DST-B1-01,PHC-DST-B1-02,DST-B1,2025-03-14,21.3,30.5,OPEN,LOW
PHC-DST-B1-01,PHC-DST-B1-02,DST-B1,2025-03-15,21.3,32.0,OPEN,LOW
PHC-DST-B1-01,PHC-DST-B1-02,DST-B1,2025-03-16,21.3,32.5,OPEN,LOW
PHC-DST-B1-01,PHC-DST-B1-02,DST-B1,2025-03-17,21.3,34.6,OPEN,LOW
PHC-DST-B1-01,PHC-DST-B1-02,DST-B1,2025-03-18,21.3,31.8,OPEN,LOW
PHC-DST-B1-01,PHC-DST-B1-02,DST-B1,2025-03-19,21.3,32.7,OPEN,LOW
PHC-DST-B1-01,PHC-DST-B1-02,DST-B1,2025-03-20,21.3,31.0,OPEN,LOW
PHC-DST-B1-01,PHC-DST-B1-02,DST-B1,2025-03-21,21.3,31.6,OPEN,LOW
PHC-DST-B1-01,PHC-DST-B1-02,DST-B1,2025-03-22,21.3,32.8,OPEN,LOW
PHC-DST-B1-01,PHC-DST-B1-02,DST-B1,2025-03-23,21.3,34.9,OPEN,LOW
PHC-DST-B1-01,PHC-DST-B1-02,DST-B1,2025-03-24,21.3,32.2,OPEN,LOW
PHC-DST-B1-01,PHC-DST-B1-02,DST-B1,2025-03-25,21.3,32.0,OPEN,LOW
PHC-DST-B1-01,PHC-DST-B1-02,DST-B1,2025-03-26,21.3,33.7,OPEN,LOW
PHC-DST-B1-01,PHC-DST-B1-02,DST-B1,2025-03-27,21.3,30.8,OPEN,LOW
PHC-DST-B1-01,PHC-DST-B1-02,DST-B1,2025-03-28,21.3,33.8,OPEN,LOW
PHC-DST-B1-01,PHC-DST-B1-02,DST-B1,2025-03-29,21.3,30.5,OPEN,LOW
PHC-DST-B1-01,PHC-DST-B1-02,DST-B1,2025-03-30,21.3,33.5,OPEN,LOW
PHC-DST-B1-01,PHC-DST-B1-02,DST-B1,2025-03-31,21.3,30.7,OPEN,LOW
PHC-DST-B1-01,PHC-DST-B1-02,DST-B1,2025-04-01,21.3,33.1,OPEN,LOW
PHC-DST-B1-01,PHC-DST-B1-02,DST-B1,2025-04-02,21.3,34.8,OPEN,LOW
PHC-DST-B1-01,PHC-DST-B1-02,DST-B1,2025-04-03,21.3,31.3,OPEN,LOW
PHC-DST-B1-01,PHC-DST-B1-02,DST-B1,2025-04-04,21.3,33.6,OPEN,LOW
PHC-DST-B1-01,PHC-DST-B1-02,DST-B1,2025-04-05,21.3,32.0,OPEN,LOW
PHC-DST-B1-01,PHC-DST-B1-02,DST-B1,2025-04-06,21.3,30.5,OPEN,LOW
PHC-DST-B1-01,PHC-DST-B1-02,DST-B1,2025-04-07,21.3,35.0,OPEN,LOW
PHC-DST-B1-01,PHC-DST-B1-02,DST-B1,2025-04-08,21.3,33.0,OPEN,LOW
PHC-DST-B1-01,PHC-DST-B1-02,DST-B1,2025-04-09,21.3,34.0,OPEN,LOW
PHC-DST-B1-01,PHC-DST-B1-02,DST-B1,2025-04-10,21.3,31.4,OPEN,LOW
PHC-DST-B1-01,PHC-DST-B1-02,DST-B1,2025-04-11,21.3,30.9,OPEN,LOW
PHC-DST-B1-01,PHC-DST-B1-02,DST-B1,2025-04-12,21.3,34.9,OPEN,LOW
PHC-DST-B1-01,PHC-DST-B1-02,DST-B1,2025-04-13,21.3,31.5,OPEN,LOW
PHC-DST-B1-01,PHC-DST-B1-02,DST-B1,2025-04-14,21.3,31.5,OPEN,LOW
PHC-DST-B1-01,PHC-DST-B1-02,DST-B1,2025-04-15,21.3,31.7,OPEN,LOW
PHC-DST-B1-01,PHC-DST-B1-02,DST-B1,2025-04-16,21.3,33.5,OPEN,LOW
PHC-DST-B1-01,PHC-DST-B1-02,DST-B1,2025-04-17,21.3,33.4,OPEN,LOW
PHC-DST-B1-01,PHC-DST-B1-02,DST-B1,2025-04-18,21.3,34.6,OPEN,LOW
PHC-DST-B1-01,PHC-DST-B1-02,DST-B1,2025-04-19,21.3,33.3,OPEN,LOW
PHC-DST-B1-01,PHC-DST-B1-02,DST-B1,2025-04-20,21.3,32.9,OPEN,LOW
PHC-DST-B1-01,PHC-DST-B1-02,DST-B1,2025-04-21,21.3,32.7,OPEN,LOW
PHC-DST-B1-01,PHC-DST-B1-02,DST-B1,2025-04-22,21.3,34.1,OPEN,LOW
PHC-DST-B1-01,PHC-DST-B1-02,DST-B1,2025-04-23,21.3,32.3,OPEN,LOW
PHC-DST-B1-01,PHC-DST-B1-02,DST-B1,2025-04-24,21.3,35.0,OPEN,LOW
PHC-DST-B1-01,PHC-DST-B1-02,DST-B1,2025-04-25,21.3,31.9,OPEN,LOW
PHC-DST-B1-01,PHC-DST-B1-02,DST-B1,2025-04-26,21.3,32.9,OPEN,LOW
PHC-DST-B1-01,PHC-DST-B1-02,DST-B1,2025-04-27,21.3,32.2,OPEN,LOW
PHC-DST-B1-01,PHC-DST-B1-02,DST-B1,2025-04-28,21.3,31.5,OPEN,LOW
PHC-DST-B1-01,PHC-DST-B1-02,DST-B1,2025-04-29,21.3,34.5,OPEN,LOW
PHC-DST-B1-01,PHC-DST-B1-02,DST-B1,2025-04-30,21.3,30.7,OPEN,LOW
PHC-DST-B1-01,PHC-DST-B1-02,DST-B1,2025-05-01,21.3,30.8,OPEN,LOW
PHC-DST-B1-01,PHC-DST-B1-02,DST-B1,2025-05-02,21.3,30.9,OPEN,LOW
PHC-DST-B1-01,PHC-DST-B1-02,DST-B1,2025-05-03,21.3,30.9,OPEN,LOW
PHC-DST-B1-01,PHC-DST-B1-02,DST-B1,2025-05-04,21.3,31.3,OPEN,LOW
PHC-DST-B1-01,PHC-DST-B1-02,DST-B1,2025-05-05,21.3,33.4,OPEN,LOW
PHC-DST-B1-01,PHC-DST-B1-02,DST-B1,2025-05-06,21.3,30.9,OPEN,LOW
PHC-DST-B1-01,PHC-DST-B1-02,DST-B1,2025-05-07,21.3,30.6,OPEN,LOW
PHC-DST-B1-01,PHC-DST-B1-02,DST-B1,2025-05-08,21.3,32.5,OPEN,LOW
PHC-DST-B1-01,PHC-DST-B1-02,DST-B1,2025-05-09,21.3,33.5,OPEN,LOW
PHC-DST-B1-01,PHC-DST-B1-02,DST-B1,2025-05-10,21.3,33.9,OPEN,LOW
PHC-DST-B1-01,PHC-DST-B1-02,DST-B1,2025-05-11,21.3,33.0,OPEN,LOW
PHC-DST-B1-01,PHC-DST-B1-02,DST-B1,2025-05-12,21.3,34.6,OPEN,LOW
PHC-DST-B1-01,PHC-DST-B1-02,DST-B1,2025-05-13,21.3,33.0,OPEN,LOW
PHC-DST-B1-01,PHC-DST-B1-02,DST-B1,2025-05-14,21.3,32.3,OPEN,LOW
PHC-DST-B1-01,PHC-DST-B1-02,DST-B1,2025-05-15,21.3,33.3,OPEN,LOW
PHC-DST-B1-01,PHC-DST-B1-02,DST-B1,2025-05-16,21.3,34.1,OPEN,LOW
PHC-DST-B1-01,PHC-DST-B1-02,DST-B1,2025-05-17,21.3,30.4,OPEN,LOW
PHC-DST-B1-01,PHC-DST-B1-02,DST-B1,2025-05-18,21.3,32.4,OPEN,LOW
PHC-DST-B1-01,PHC-DST-B1-02,DST-B1,2025-05-19,21.3,31.1,OPEN,LOW
PHC-DST-B1-01,PHC-DST-B1-02,DST-B1,2025-05-20,21.3,32.1,OPEN,LOW
PHC-DST-B1-01,PHC-DST-B1-02,DST-B1,2025-05-21,21.3,33.2,OPEN,LOW
PHC-DST-B1-01,PHC-DST-B1-02,DST-B1,2025-05-22,21.3,32.3,OPEN,LOW
PHC-DST-B1-01,PHC-DST-B1-02,DST-B1,2025-05-23,21.3,32.6,OPEN,LOW
PHC-DST-B1-01,PHC-DST-B1-02,DST-B1,2025-05-24,21.3,30.8,OPEN,LOW
PHC-DST-B1-01,PHC-DST-B1-02,DST-B1,2025-05-25,21.3,30.9,OPEN,LOW
PHC-DST-B1-01,PHC-DST-B1-02,DST-B1,2025-05-26,21.3,33.4,OPEN,LOW
PHC-DST-B1-01,PHC-DST-B1-02,DST-B1,2025-05-27,21.3,32.0,OPEN,LOW
PHC-DST-B1-01,PHC-DST-B1-02,DST-B1,2025-05-28,21.3,31.5,OPEN,LOW
PHC-DST-B1-01,PHC-DST-B1-02,DST-B1,2025-05-29,21.3,35.1,OPEN,LOW
PHC-DST-B1-01,PHC-DST-B1-02,DST-B1,2025-05-30,21.3,34.9,OPEN,LOW
PHC-DST-B1-01,PHC-DST-B1-02,DST-B1,2025-05-31,21.3,34.1,OPEN,LOW
PHC-DST-B1-01,PHC-DST-B1-02,DST-B1,2025-06-01,21.3,32.6,OPEN,LOW
PHC-DST-B1-01,PHC-DST-B1-02,DST-B1,2025-06-02,21.3,31.1,OPEN,LOW
PHC-DST-B1-01,PHC-DST-B1-02,DST-B1,2025-06-03,21.3,34.5,OPEN,LOW
PHC-DST-B1-01,PHC-DST-B1-02,DST-B1,2025-06-04,21.3,31.8,OPEN,LOW
PHC-DST-B1-01,PHC-DST-B1-02,DST-B1,2025-06-05,21.3,31.1,OPEN,LOW
PHC-DST-B1-01,PHC-DST-B1-02,DST-B1,2025-06-06,21.3,35.0,OPEN,LOW
PHC-DST-B1-01,PHC-DST-B1-02,DST-B1,2025-06-07,21.3,34.4,OPEN,LOW
PHC-DST-B1-01,PHC-DST-B1-02,DST-B1,2025-06-08,21.3,34.6,OPEN,LOW
PHC-DST-B1-01,PHC-DST-B1-02,DST-B1,2025-06-09,21.3,34.5,OPEN,LOW
PHC-DST-B1-01,PHC-DST-B1-02,DST-B1,2025-06-10,21.3,32.8,OPEN,LOW
PHC-DST-B1-01,PHC-DST-B1-02,DST-B1,2025-06-11,21.3,32.6,OPEN,LOW
PHC-DST-B1-01,PHC-DST-B1-02,DST-B1,2025-06-12,21.3,31.8,OPEN,LOW
PHC-DST-B1-01,PHC-DST-B1-02,DST-B1,2025-06-13,21.3,34.9,OPEN,LOW
PHC-DST-B1-01,PHC-DST-B1-02,DST-B1,2025-06-14,21.3,34.4,OPEN,LOW
PHC-DST-B1-01,PHC-DST-B1-02,DST-B1,2025-06-15,21.3,31.9,OPEN,LOW
PHC-DST-B1-01,PHC-DST-B1-02,DST-B1,2025-06-16,21.3,31.8,OPEN,LOW
PHC-DST-B1-01,PHC-DST-B1-02,DST-B1,2025-06-17,21.3,33.1,OPEN,LOW
PHC-DST-B1-01,PHC-DST-B1-02,DST-B1,2025-06-18,21.3,34.3,OPEN,LOW
PHC-DST-B1-01,PHC-DST-B1-02,DST-B1,2025-06-19,21.3,32.2,OPEN,LOW
PHC-DST-B1-01,PHC-DST-B1-02,DST-B1,2025-06-20,21.3,34.6,OPEN,LOW
PHC-DST-B1-01,PHC-DST-B1-02,DST-B1,2025-06-21,21.3,31.9,OPEN,LOW
PHC-DST-B1-01,PHC-DST-B1-02,DST-B1,2025-06-22,21.3,31.6,OPEN,LOW
PHC-DST-B1-01,PHC-DST-B1-02,DST-B1,2025-06-23,21.3,32.5,OPEN,LOW
PHC-DST-B1-01,PHC-DST-B1-02,DST-B1,2025-06-24,21.3,31.1,OPEN,LOW
PHC-DST-B1-01,PHC-DST-B1-02,DST-B1,2025-06-25,21.3,33.9,OPEN,LOW
PHC-DST-B1-01,PHC-DST-B1-02,DST-B1,2025-06-26,21.3,32.3,OPEN,LOW
PHC-DST-B1-01,PHC-DST-B1-02,DST-B1,2025-06-27,21.3,31.3,OPEN,LOW
PHC-DST-B1-01,PHC-DST-B1-02,DST-B1,2025-06-28,21.3,33.3,OPEN,LOW
PHC-DST-B1-01,PHC-DST-B1-02,DST-B1,2025-06-29,21.3,32.5,OPEN,LOW
PHC-DST-B1-01,PHC-DST-B1-02,DST-B1,2025-06-30,21.3,33.8,OPEN,LOW
PHC-DST-B1-02,PHC-DST-B1-03,DST-B1,2024-07-01,30.7,70.4,DEGRADED,MODERATE
PHC-DST-B1-02,PHC-DST-B1-03,DST-B1,2024-07-02,30.7,130.3,DEGRADED,MODERATE
PHC-DST-B1-02,PHC-DST-B1-03,DST-B1,2024-07-03,30.7,48.4,OPEN,LOW
PHC-DST-B1-02,PHC-DST-B1-03,DST-B1,2024-07-04,30.7,43.8,OPEN,LOW
PHC-DST-B1-02,PHC-DST-B1-03,DST-B1,2024-07-05,30.7,45.9,OPEN,LOW
PHC-DST-B1-02,PHC-DST-B1-03,DST-B1,2024-07-06,30.7,89.2,DEGRADED,MODERATE
PHC-DST-B1-02,PHC-DST-B1-03,DST-B1,2024-07-07,30.7,49.9,OPEN,LOW
PHC-DST-B1-02,PHC-DST-B1-03,DST-B1,2024-07-08,30.7,48.2,OPEN,LOW
PHC-DST-B1-02,PHC-DST-B1-03,DST-B1,2024-07-09,30.7,45.4,OPEN,LOW
PHC-DST-B1-02,PHC-DST-B1-03,DST-B1,2024-07-10,30.7,72.7,DEGRADED,MODERATE
PHC-DST-B1-02,PHC-DST-B1-03,DST-B1,2024-07-11,30.7,45.5,OPEN,LOW
PHC-DST-B1-02,PHC-DST-B1-03,DST-B1,2024-07-12,30.7,48.8,OPEN,LOW
PHC-DST-B1-02,PHC-DST-B1-03,DST-B1,2024-07-13,30.7,45.4,OPEN,LOW
PHC-DST-B1-02,PHC-DST-B1-03,DST-B1,2024-07-14,30.7,44.9,OPEN,LOW
PHC-DST-B1-02,PHC-DST-B1-03,DST-B1,2024-07-15,30.7,91.2,DEGRADED,MODERATE
PHC-DST-B1-02,PHC-DST-B1-03,DST-B1,2024-07-16,30.7,74.4,DEGRADED,LOW
PHC-DST-B1-02,PHC-DST-B1-03,DST-B1,2024-07-17,30.7,44.2,OPEN,LOW
PHC-DST-B1-02,PHC-DST-B1-03,DST-B1,2024-07-18,30.7,47.4,OPEN,LOW
PHC-DST-B1-02,PHC-DST-B1-03,DST-B1,2024-07-19,30.7,219.4,BLOCKED,MODERATE
PHC-DST-B1-02,PHC-DST-B1-03,DST-B1,2024-07-20,30.7,45.7,OPEN,LOW
PHC-DST-B1-02,PHC-DST-B1-03,DST-B1,2024-07-21,30.7,88.4,DEGRADED,MODERATE
PHC-DST-B1-02,PHC-DST-B1-03,DST-B1,2024-07-22,30.7,84.3,DEGRADED,MODERATE
PHC-DST-B1-02,PHC-DST-B1-03,DST-B1,2024-07-23,30.7,77.3,DEGRADED,MODERATE
PHC-DST-B1-02,PHC-DST-B1-03,DST-B1,2024-07-24,30.7,47.7,OPEN,LOW
PHC-DST-B1-02,PHC-DST-B1-03,DST-B1,2024-07-25,30.7,45.4,OPEN,LOW
PHC-DST-B1-02,PHC-DST-B1-03,DST-B1,2024-07-26,30.7,70.2,DEGRADED,MODERATE
PHC-DST-B1-02,PHC-DST-B1-03,DST-B1,2024-07-27,30.7,43.9,OPEN,LOW
PHC-DST-B1-02,PHC-DST-B1-03,DST-B1,2024-07-28,30.7,73.7,DEGRADED,MODERATE
PHC-DST-B1-02,PHC-DST-B1-03,DST-B1,2024-07-29,30.7,71.7,DEGRADED,LOW
PHC-DST-B1-02,PHC-DST-B1-03,DST-B1,2024-07-30,30.7,45.5,OPEN,LOW
PHC-DST-B1-02,PHC-DST-B1-03,DST-B1,2024-07-31,30.7,48.5,OPEN,LOW
PHC-DST-B1-02,PHC-DST-B1-03,DST-B1,2024-08-01,30.7,49.2,OPEN,LOW
PHC-DST-B1-02,PHC-DST-B1-03,DST-B1,2024-08-02,30.7,44.3,OPEN,LOW
PHC-DST-B1-02,PHC-DST-B1-03,DST-B1,2024-08-03,30.7,47.0,OPEN,LOW
PHC-DST-B1-02,PHC-DST-B1-03,DST-B1,2024-08-04,30.7,69.3,DEGRADED,MODERATE
PHC-DST-B1-02,PHC-DST-B1-03,DST-B1,2024-08-05,30.7,44.2,OPEN,LOW
PHC-DST-B1-02,PHC-DST-B1-03,DST-B1,2024-08-06,30.7,46.8,OPEN,LOW
PHC-DST-B1-02,PHC-DST-B1-03,DST-B1,2024-08-07,30.7,81.9,DEGRADED,MODERATE
PHC-DST-B1-02,PHC-DST-B1-03,DST-B1,2024-08-08,30.7,43.9,OPEN,LOW
PHC-DST-B1-02,PHC-DST-B1-03,DST-B1,2024-08-09,30.7,49.2,OPEN,LOW
PHC-DST-B1-02,PHC-DST-B1-03,DST-B1,2024-08-10,30.7,117.3,DEGRADED,SEVERE
PHC-DST-B1-02,PHC-DST-B1-03,DST-B1,2024-08-11,30.7,44.0,OPEN,LOW
PHC-DST-B1-02,PHC-DST-B1-03,DST-B1,2024-08-12,30.7,45.7,OPEN,LOW
PHC-DST-B1-02,PHC-DST-B1-03,DST-B1,2024-08-13,30.7,77.2,DEGRADED,MODERATE
PHC-DST-B1-02,PHC-DST-B1-03,DST-B1,2024-08-14,30.7,50.0,OPEN,LOW
PHC-DST-B1-02,PHC-DST-B1-03,DST-B1,2024-08-15,30.7,49.9,OPEN,LOW
PHC-DST-B1-02,PHC-DST-B1-03,DST-B1,2024-08-16,30.7,45.5,OPEN,LOW
PHC-DST-B1-02,PHC-DST-B1-03,DST-B1,2024-08-17,30.7,74.3,DEGRADED,MODERATE
PHC-DST-B1-02,PHC-DST-B1-03,DST-B1,2024-08-18,30.7,65.8,DEGRADED,MODERATE
PHC-DST-B1-02,PHC-DST-B1-03,DST-B1,2024-08-19,30.7,44.1,OPEN,LOW
PHC-DST-B1-02,PHC-DST-B1-03,DST-B1,2024-08-20,30.7,45.8,OPEN,LOW
PHC-DST-B1-02,PHC-DST-B1-03,DST-B1,2024-08-21,30.7,70.4,DEGRADED,MODERATE
PHC-DST-B1-02,PHC-DST-B1-03,DST-B1,2024-08-22,30.7,48.5,OPEN,LOW
PHC-DST-B1-02,PHC-DST-B1-03,DST-B1,2024-08-23,30.7,46.9,OPEN,LOW
PHC-DST-B1-02,PHC-DST-B1-03,DST-B1,2024-08-24,30.7,47.6,OPEN,LOW
PHC-DST-B1-02,PHC-DST-B1-03,DST-B1,2024-08-25,30.7,50.4,OPEN,LOW
PHC-DST-B1-02,PHC-DST-B1-03,DST-B1,2024-08-26,30.7,89.0,DEGRADED,MODERATE
PHC-DST-B1-02,PHC-DST-B1-03,DST-B1,2024-08-27,30.7,50.0,OPEN,LOW
PHC-DST-B1-02,PHC-DST-B1-03,DST-B1,2024-08-28,30.7,80.5,DEGRADED,MODERATE
PHC-DST-B1-02,PHC-DST-B1-03,DST-B1,2024-08-29,30.7,72.9,DEGRADED,LOW
PHC-DST-B1-02,PHC-DST-B1-03,DST-B1,2024-08-30,30.7,48.9,OPEN,LOW
PHC-DST-B1-02,PHC-DST-B1-03,DST-B1,2024-08-31,30.7,46.1,OPEN,LOW
PHC-DST-B1-02,PHC-DST-B1-03,DST-B1,2024-09-01,30.7,48.3,OPEN,LOW
PHC-DST-B1-02,PHC-DST-B1-03,DST-B1,2024-09-02,30.7,81.1,DEGRADED,MODERATE
PHC-DST-B1-02,PHC-DST-B1-03,DST-B1,2024-09-03,30.7,43.7,OPEN,LOW
PHC-DST-B1-02,PHC-DST-B1-03,DST-B1,2024-09-04,30.7,43.9,OPEN,LOW
PHC-DST-B1-02,PHC-DST-B1-03,DST-B1,2024-09-05,30.7,48.1,OPEN,LOW
PHC-DST-B1-02,PHC-DST-B1-03,DST-B1,2024-09-06,30.7,48.3,OPEN,LOW
PHC-DST-B1-02,PHC-DST-B1-03,DST-B1,2024-09-07,30.7,48.4,OPEN,LOW
PHC-DST-B1-02,PHC-DST-B1-03,DST-B1,2024-09-08,30.7,49.9,OPEN,LOW
PHC-DST-B1-02,PHC-DST-B1-03,DST-B1,2024-09-09,30.7,48.8,OPEN,LOW
PHC-DST-B1-02,PHC-DST-B1-03,DST-B1,2024-09-10,30.7,49.4,OPEN,LOW
PHC-DST-B1-02,PHC-DST-B1-03,DST-B1,2024-09-11,30.7,44.9,OPEN,LOW
PHC-DST-B1-02,PHC-DST-B1-03,DST-B1,2024-09-12,30.7,43.8,OPEN,LOW
PHC-DST-B1-02,PHC-DST-B1-03,DST-B1,2024-09-13,30.7,44.9,OPEN,LOW
PHC-DST-B1-02,PHC-DST-B1-03,DST-B1,2024-09-14,30.7,49.4,OPEN,LOW
PHC-DST-B1-02,PHC-DST-B1-03,DST-B1,2024-09-15,30.7,79.6,DEGRADED,MODERATE
PHC-DST-B1-02,PHC-DST-B1-03,DST-B1,2024-09-16,30.7,44.8,OPEN,LOW
PHC-DST-B1-02,PHC-DST-B1-03,DST-B1,2024-09-17,30.7,49.4,OPEN,LOW
PHC-DST-B1-02,PHC-DST-B1-03,DST-B1,2024-09-18,30.7,138.1,DEGRADED,MODERATE
PHC-DST-B1-02,PHC-DST-B1-03,DST-B1,2024-09-19,30.7,88.6,DEGRADED,LOW
PHC-DST-B1-02,PHC-DST-B1-03,DST-B1,2024-09-20,30.7,70.0,DEGRADED,MODERATE
PHC-DST-B1-02,PHC-DST-B1-03,DST-B1,2024-09-21,30.7,50.5,OPEN,LOW
PHC-DST-B1-02,PHC-DST-B1-03,DST-B1,2024-09-22,30.7,48.5,OPEN,LOW
PHC-DST-B1-02,PHC-DST-B1-03,DST-B1,2024-09-23,30.7,46.7,OPEN,LOW
PHC-DST-B1-02,PHC-DST-B1-03,DST-B1,2024-09-24,30.7,49.8,OPEN,LOW
PHC-DST-B1-02,PHC-DST-B1-03,DST-B1,2024-09-25,30.7,49.2,OPEN,LOW
PHC-DST-B1-02,PHC-DST-B1-03,DST-B1,2024-09-26,30.7,48.2,OPEN,LOW
PHC-DST-B1-02,PHC-DST-B1-03,DST-B1,2024-09-27,30.7,50.2,OPEN,LOW
PHC-DST-B1-02,PHC-DST-B1-03,DST-B1,2024-09-28,30.7,46.6,OPEN,LOW
PHC-DST-B1-02,PHC-DST-B1-03,DST-B1,2024-09-29,30.7,47.0,OPEN,LOW
PHC-DST-B1-02,PHC-DST-B1-03,DST-B1,2024-09-30,30.7,48.5,OPEN,LOW
PHC-DST-B1-02,PHC-DST-B1-03,DST-B1,2024-10-01,30.7,46.6,OPEN,LOW
PHC-DST-B1-02,PHC-DST-B1-03,DST-B1,2024-10-02,30.7,47.3,OPEN,LOW
PHC-DST-B1-02,PHC-DST-B1-03,DST-B1,2024-10-03,30.7,45.6,OPEN,LOW
PHC-DST-B1-02,PHC-DST-B1-03,DST-B1,2024-10-04,30.7,46.2,OPEN,LOW
PHC-DST-B1-02,PHC-DST-B1-03,DST-B1,2024-10-05,30.7,47.9,OPEN,LOW
PHC-DST-B1-02,PHC-DST-B1-03,DST-B1,2024-10-06,30.7,50.4,OPEN,LOW
PHC-DST-B1-02,PHC-DST-B1-03,DST-B1,2024-10-07,30.7,50.5,OPEN,LOW
PHC-DST-B1-02,PHC-DST-B1-03,DST-B1,2024-10-08,30.7,49.5,OPEN,LOW
PHC-DST-B1-02,PHC-DST-B1-03,DST-B1,2024-10-09,30.7,49.3,OPEN,LOW
PHC-DST-B1-02,PHC-DST-B1-03,DST-B1,2024-10-10,30.7,43.8,OPEN,LOW
PHC-DST-B1-02,PHC-DST-B1-03,DST-B1,2024-10-11,30.7,45.0,OPEN,LOW
PHC-DST-B1-02,PHC-DST-B1-03,DST-B1,2024-10-12,30.7,49.3,OPEN,LOW
PHC-DST-B1-02,PHC-DST-B1-03,DST-B1,2024-10-13,30.7,49.7,OPEN,LOW
PHC-DST-B1-02,PHC-DST-B1-03,DST-B1,2024-10-14,30.7,47.4,OPEN,LOW
PHC-DST-B1-02,PHC-DST-B1-03,DST-B1,2024-10-15,30.7,50.0,OPEN,LOW
PHC-DST-B1-02,PHC-DST-B1-03,DST-B1,2024-10-16,30.7,44.7,OPEN,LOW
PHC-DST-B1-02,PHC-DST-B1-03,DST-B1,2024-10-17,30.7,47.1,OPEN,LOW
PHC-DST-B1-02,PHC-DST-B1-03,DST-B1,2024-10-18,30.7,49.1,OPEN,LOW
PHC-DST-B1-02,PHC-DST-B1-03,DST-B1,2024-10-19,30.7,44.0,OPEN,LOW
PHC-DST-B1-02,PHC-DST-B1-03,DST-B1,2024-10-20,30.7,46.2,OPEN,LOW
PHC-DST-B1-02,PHC-DST-B1-03,DST-B1,2024-10-21,30.7,50.3,OPEN,LOW
PHC-DST-B1-02,PHC-DST-B1-03,DST-B1,2024-10-22,30.7,49.0,OPEN,LOW
PHC-DST-B1-02,PHC-DST-B1-03,DST-B1,2024-10-23,30.7,48.6,OPEN,LOW
PHC-DST-B1-02,PHC-DST-B1-03,DST-B1,2024-10-24,30.7,47.8,OPEN,LOW
PHC-DST-B1-02,PHC-DST-B1-03,DST-B1,2024-10-25,30.7,45.1,OPEN,LOW
PHC-DST-B1-02,PHC-DST-B1-03,DST-B1,2024-10-26,30.7,46.4,OPEN,LOW
PHC-DST-B1-02,PHC-DST-B1-03,DST-B1,2024-10-27,30.7,48.5,OPEN,LOW
PHC-DST-B1-02,PHC-DST-B1-03,DST-B1,2024-10-28,30.7,47.9,OPEN,LOW
PHC-DST-B1-02,PHC-DST-B1-03,DST-B1,2024-10-29,30.7,44.8,OPEN,LOW
PHC-DST-B1-02,PHC-DST-B1-03,DST-B1,2024-10-30,30.7,44.1,OPEN,LOW
PHC-DST-B1-02,PHC-DST-B1-03,DST-B1,2024-10-31,30.7,47.1,OPEN,LOW
PHC-DST-B1-02,PHC-DST-B1-03,DST-B1,2024-11-01,30.7,47.9,OPEN,LOW
PHC-DST-B1-02,PHC-DST-B1-03,DST-B1,2024-11-02,30.7,47.5,OPEN,LOW
PHC-DST-B1-02,PHC-DST-B1-03,DST-B1,2024-11-03,30.7,44.2,OPEN,LOW
PHC-DST-B1-02,PHC-DST-B1-03,DST-B1,2024-11-04,30.7,44.1,OPEN,LOW
PHC-DST-B1-02,PHC-DST-B1-03,DST-B1,2024-11-05,30.7,50.0,OPEN,LOW
PHC-DST-B1-02,PHC-DST-B1-03,DST-B1,2024-11-06,30.7,50.4,OPEN,LOW
PHC-DST-B1-02,PHC-DST-B1-03,DST-B1,2024-11-07,30.7,45.6,OPEN,LOW
PHC-DST-B1-02,PHC-DST-B1-03,DST-B1,2024-11-08,30.7,45.4,OPEN,LOW
PHC-DST-B1-02,PHC-DST-B1-03,DST-B1,2024-11-09,30.7,47.3,OPEN,LOW
PHC-DST-B1-02,PHC-DST-B1-03,DST-B1,2024-11-10,30.7,44.3,OPEN,LOW
PHC-DST-B1-02,PHC-DST-B1-03,DST-B1,2024-11-11,30.7,43.9,OPEN,LOW
PHC-DST-B1-02,PHC-DST-B1-03,DST-B1,2024-11-12,30.7,49.9,OPEN,LOW
PHC-DST-B1-02,PHC-DST-B1-03,DST-B1,2024-11-13,30.7,49.9,OPEN,LOW
PHC-DST-B1-02,PHC-DST-B1-03,DST-B1,2024-11-14,30.7,46.6,OPEN,LOW
PHC-DST-B1-02,PHC-DST-B1-03,DST-B1,2024-11-15,30.7,44.7,OPEN,LOW
PHC-DST-B1-02,PHC-DST-B1-03,DST-B1,2024-11-16,30.7,45.3,OPEN,LOW
PHC-DST-B1-02,PHC-DST-B1-03,DST-B1,2024-11-17,30.7,49.6,OPEN,LOW
PHC-DST-B1-02,PHC-DST-B1-03,DST-B1,2024-11-18,30.7,49.8,OPEN,LOW
PHC-DST-B1-02,PHC-DST-B1-03,DST-B1,2024-11-19,30.7,48.6,OPEN,LOW
PHC-DST-B1-02,PHC-DST-B1-03,DST-B1,2024-11-20,30.7,43.8,OPEN,LOW
PHC-DST-B1-02,PHC-DST-B1-03,DST-B1,2024-11-21,30.7,45.1,OPEN,LOW
PHC-DST-B1-02,PHC-DST-B1-03,DST-B1,2024-11-22,30.7,45.9,OPEN,LOW
PHC-DST-B1-02,PHC-DST-B1-03,DST-B1,2024-11-23,30.7,44.4,OPEN,LOW
PHC-DST-B1-02,PHC-DST-B1-03,DST-B1,2024-11-24,30.7,47.9,OPEN,LOW
PHC-DST-B1-02,PHC-DST-B1-03,DST-B1,2024-11-25,30.7,43.9,OPEN,LOW
PHC-DST-B1-02,PHC-DST-B1-03,DST-B1,2024-11-26,30.7,49.0,OPEN,LOW
PHC-DST-B1-02,PHC-DST-B1-03,DST-B1,2024-11-27,30.7,46.2,OPEN,LOW
PHC-DST-B1-02,PHC-DST-B1-03,DST-B1,2024-11-28,30.7,47.5,OPEN,LOW
PHC-DST-B1-02,PHC-DST-B1-03,DST-B1,2024-11-29,30.7,44.4,OPEN,LOW
PHC-DST-B1-02,PHC-DST-B1-03,DST-B1,2024-11-30,30.7,44.3,OPEN,LOW
PHC-DST-B1-02,PHC-DST-B1-03,DST-B1,2024-12-01,30.7,48.7,OPEN,LOW
PHC-DST-B1-02,PHC-DST-B1-03,DST-B1,2024-12-02,30.7,50.1,OPEN,LOW
PHC-DST-B1-02,PHC-DST-B1-03,DST-B1,2024-12-03,30.7,46.8,OPEN,LOW
PHC-DST-B1-02,PHC-DST-B1-03,DST-B1,2024-12-04,30.7,46.0,OPEN,LOW
PHC-DST-B1-02,PHC-DST-B1-03,DST-B1,2024-12-05,30.7,46.0,OPEN,LOW
PHC-DST-B1-02,PHC-DST-B1-03,DST-B1,2024-12-06,30.7,46.3,OPEN,LOW
PHC-DST-B1-02,PHC-DST-B1-03,DST-B1,2024-12-07,30.7,49.4,OPEN,LOW
PHC-DST-B1-02,PHC-DST-B1-03,DST-B1,2024-12-08,30.7,47.9,OPEN,LOW
PHC-DST-B1-02,PHC-DST-B1-03,DST-B1,2024-12-09,30.7,49.3,OPEN,LOW
PHC-DST-B1-02,PHC-DST-B1-03,DST-B1,2024-12-10,30.7,48.1,OPEN,LOW
PHC-DST-B1-02,PHC-DST-B1-03,DST-B1,2024-12-11,30.7,50.5,OPEN,LOW
PHC-DST-B1-02,PHC-DST-B1-03,DST-B1,2024-12-12,30.7,50.5,OPEN,LOW
PHC-DST-B1-02,PHC-DST-B1-03,DST-B1,2024-12-13,30.7,44.6,OPEN,LOW
PHC-DST-B1-02,PHC-DST-B1-03,DST-B1,2024-12-14,30.7,50.1,OPEN,LOW
PHC-DST-B1-02,PHC-DST-B1-03,DST-B1,2024-12-15,30.7,44.6,OPEN,LOW
PHC-DST-B1-02,PHC-DST-B1-03,DST-B1,2024-12-16,30.7,48.7,OPEN,LOW
PHC-DST-B1-02,PHC-DST-B1-03,DST-B1,2024-12-17,30.7,44.6,OPEN,LOW
PHC-DST-B1-02,PHC-DST-B1-03,DST-B1,2024-12-18,30.7,47.9,OPEN,LOW
PHC-DST-B1-02,PHC-DST-B1-03,DST-B1,2024-12-19,30.7,45.3,OPEN,LOW
PHC-DST-B1-02,PHC-DST-B1-03,DST-B1,2024-12-20,30.7,44.0,OPEN,LOW
PHC-DST-B1-02,PHC-DST-B1-03,DST-B1,2024-12-21,30.7,43.9,OPEN,LOW
PHC-DST-B1-02,PHC-DST-B1-03,DST-B1,2024-12-22,30.7,50.1,OPEN,LOW
PHC-DST-B1-02,PHC-DST-B1-03,DST-B1,2024-12-23,30.7,44.4,OPEN,LOW
PHC-DST-B1-02,PHC-DST-B1-03,DST-B1,2024-12-24,30.7,46.7,OPEN,LOW
PHC-DST-B1-02,PHC-DST-B1-03,DST-B1,2024-12-25,30.7,45.5,OPEN,LOW
PHC-DST-B1-02,PHC-DST-B1-03,DST-B1,2024-12-26,30.7,44.9,OPEN,LOW
PHC-DST-B1-02,PHC-DST-B1-03,DST-B1,2024-12-27,30.7,49.7,OPEN,LOW
PHC-DST-B1-02,PHC-DST-B1-03,DST-B1,2024-12-28,30.7,49.1,OPEN,LOW
PHC-DST-B1-02,PHC-DST-B1-03,DST-B1,2024-12-29,30.7,49.3,OPEN,LOW
PHC-DST-B1-02,PHC-DST-B1-03,DST-B1,2024-12-30,30.7,43.9,OPEN,LOW
PHC-DST-B1-02,PHC-DST-B1-03,DST-B1,2024-12-31,30.7,50.3,OPEN,LOW
PHC-DST-B1-02,PHC-DST-B1-03,DST-B1,2025-01-01,30.7,49.5,OPEN,LOW
PHC-DST-B1-02,PHC-DST-B1-03,DST-B1,2025-01-02,30.7,46.8,OPEN,LOW
PHC-DST-B1-02,PHC-DST-B1-03,DST-B1,2025-01-03,30.7,50.1,OPEN,LOW
PHC-DST-B1-02,PHC-DST-B1-03,DST-B1,2025-01-04,30.7,48.3,OPEN,LOW
PHC-DST-B1-02,PHC-DST-B1-03,DST-B1,2025-01-05,30.7,45.1,OPEN,LOW
PHC-DST-B1-02,PHC-DST-B1-03,DST-B1,2025-01-06,30.7,47.2,OPEN,LOW
PHC-DST-B1-02,PHC-DST-B1-03,DST-B1,2025-01-07,30.7,47.3,OPEN,LOW
PHC-DST-B1-02,PHC-DST-B1-03,DST-B1,2025-01-08,30.7,47.7,OPEN,LOW
PHC-DST-B1-02,PHC-DST-B1-03,DST-B1,2025-01-09,30.7,49.4,OPEN,LOW
PHC-DST-B1-02,PHC-DST-B1-03,DST-B1,2025-01-10,30.7,48.4,OPEN,LOW
PHC-DST-B1-02,PHC-DST-B1-03,DST-B1,2025-01-11,30.7,45.9,OPEN,LOW
PHC-DST-B1-02,PHC-DST-B1-03,DST-B1,2025-01-12,30.7,50.4,OPEN,LOW
PHC-DST-B1-02,PHC-DST-B1-03,DST-B1,2025-01-13,30.7,48.7,OPEN,LOW
PHC-DST-B1-02,PHC-DST-B1-03,DST-B1,2025-01-14,30.7,46.4,OPEN,LOW
PHC-DST-B1-02,PHC-DST-B1-03,DST-B1,2025-01-15,30.7,46.0,OPEN,LOW
PHC-DST-B1-02,PHC-DST-B1-03,DST-B1,2025-01-16,30.7,48.5,OPEN,LOW
PHC-DST-B1-02,PHC-DST-B1-03,DST-B1,2025-01-17,30.7,46.1,OPEN,LOW
PHC-DST-B1-02,PHC-DST-B1-03,DST-B1,2025-01-18,30.7,49.5,OPEN,LOW
PHC-DST-B1-02,PHC-DST-B1-03,DST-B1,2025-01-19,30.7,50.0,OPEN,LOW
PHC-DST-B1-02,PHC-DST-B1-03,DST-B1,2025-01-20,30.7,47.1,OPEN,LOW
PHC-DST-B1-02,PHC-DST-B1-03,DST-B1,2025-01-21,30.7,50.3,OPEN,LOW
PHC-DST-B1-02,PHC-DST-B1-03,DST-B1,2025-01-22,30.7,44.1,OPEN,LOW
PHC-DST-B1-02,PHC-DST-B1-03,DST-B1,2025-01-23,30.7,45.5,OPEN,LOW
PHC-DST-B1-02,PHC-DST-B1-03,DST-B1,2025-01-24,30.7,48.8,OPEN,LOW
PHC-DST-B1-02,PHC-DST-B1-03,DST-B1,2025-01-25,30.7,48.2,OPEN,LOW
PHC-DST-B1-02,PHC-DST-B1-03,DST-B1,2025-01-26,30.7,45.2,OPEN,LOW
PHC-DST-B1-02,PHC-DST-B1-03,DST-B1,2025-01-27,30.7,44.4,OPEN,LOW
PHC-DST-B1-02,PHC-DST-B1-03,DST-B1,2025-01-28,30.7,46.4,OPEN,LOW
PHC-DST-B1-02,PHC-DST-B1-03,DST-B1,2025-01-29,30.7,49.4,OPEN,LOW
PHC-DST-B1-02,PHC-DST-B1-03,DST-B1,2025-01-30,30.7,50.4,OPEN,LOW
PHC-DST-B1-02,PHC-DST-B1-03,DST-B1,2025-01-31,30.7,44.8,OPEN,LOW
PHC-DST-B1-02,PHC-DST-B1-03,DST-B1,2025-02-01,30.7,46.1,OPEN,LOW
PHC-DST-B1-02,PHC-DST-B1-03,DST-B1,2025-02-02,30.7,46.2,OPEN,LOW
PHC-DST-B1-02,PHC-DST-B1-03,DST-B1,2025-02-03,30.7,47.7,OPEN,LOW
PHC-DST-B1-02,PHC-DST-B1-03,DST-B1,2025-02-04,30.7,44.8,OPEN,LOW
PHC-DST-B1-02,PHC-DST-B1-03,DST-B1,2025-02-05,30.7,50.0,OPEN,LOW
PHC-DST-B1-02,PHC-DST-B1-03,DST-B1,2025-02-06,30.7,47.8,OPEN,LOW
PHC-DST-B1-02,PHC-DST-B1-03,DST-B1,2025-02-07,30.7,49.3,OPEN,LOW
PHC-DST-B1-02,PHC-DST-B1-03,DST-B1,2025-02-08,30.7,46.5,OPEN,LOW
PHC-DST-B1-02,PHC-DST-B1-03,DST-B1,2025-02-09,30.7,46.4,OPEN,LOW
PHC-DST-B1-02,PHC-DST-B1-03,DST-B1,2025-02-10,30.7,47.0,OPEN,LOW
PHC-DST-B1-02,PHC-DST-B1-03,DST-B1,2025-02-11,30.7,47.9,OPEN,LOW
PHC-DST-B1-02,PHC-DST-B1-03,DST-B1,2025-02-12,30.7,47.1,OPEN,LOW
PHC-DST-B1-02,PHC-DST-B1-03,DST-B1,2025-02-13,30.7,47.2,OPEN,LOW
PHC-DST-B1-02,PHC-DST-B1-03,DST-B1,2025-02-14,30.7,45.6,OPEN,LOW
PHC-DST-B1-02,PHC-DST-B1-03,DST-B1,2025-02-15,30.7,45.0,OPEN,LOW
PHC-DST-B1-02,PHC-DST-B1-03,DST-B1,2025-02-16,30.7,44.3,OPEN,LOW
PHC-DST-B1-02,PHC-DST-B1-03,DST-B1,2025-02-17,30.7,44.2,OPEN,LOW
PHC-DST-B1-02,PHC-DST-B1-03,DST-B1,2025-02-18,30.7,46.8,OPEN,LOW
PHC-DST-B1-02,PHC-DST-B1-03,DST-B1,2025-02-19,30.7,49.2,OPEN,LOW
PHC-DST-B1-02,PHC-DST-B1-03,DST-B1,2025-02-20,30.7,48.7,OPEN,LOW
PHC-DST-B1-02,PHC-DST-B1-03,DST-B1,2025-02-21,30.7,49.5,OPEN,LOW
PHC-DST-B1-02,PHC-DST-B1-03,DST-B1,2025-02-22,30.7,44.0,OPEN,LOW
PHC-DST-B1-02,PHC-DST-B1-03,DST-B1,2025-02-23,30.7,46.3,OPEN,LOW
PHC-DST-B1-02,PHC-DST-B1-03,DST-B1,2025-02-24,30.7,46.0,OPEN,LOW
PHC-DST-B1-02,PHC-DST-B1-03,DST-B1,2025-02-25,30.7,48.9,OPEN,LOW
PHC-DST-B1-02,PHC-DST-B1-03,DST-B1,2025-02-26,30.7,44.0,OPEN,LOW
PHC-DST-B1-02,PHC-DST-B1-03,DST-B1,2025-02-27,30.7,45.0,OPEN,LOW
PHC-DST-B1-02,PHC-DST-B1-03,DST-B1,2025-02-28,30.7,50.2,OPEN,LOW
PHC-DST-B1-02,PHC-DST-B1-03,DST-B1,2025-03-01,30.7,47.8,OPEN,LOW
PHC-DST-B1-02,PHC-DST-B1-03,DST-B1,2025-03-02,30.7,46.0,OPEN,LOW
PHC-DST-B1-02,PHC-DST-B1-03,DST-B1,2025-03-03,30.7,45.2,OPEN,LOW
PHC-DST-B1-02,PHC-DST-B1-03,DST-B1,2025-03-04,30.7,45.2,OPEN,LOW
PHC-DST-B1-02,PHC-DST-B1-03,DST-B1,2025-03-05,30.7,49.0,OPEN,LOW
PHC-DST-B1-02,PHC-DST-B1-03,DST-B1,2025-03-06,30.7,50.1,OPEN,LOW
PHC-DST-B1-02,PHC-DST-B1-03,DST-B1,2025-03-07,30.7,45.6,OPEN,LOW
PHC-DST-B1-02,PHC-DST-B1-03,DST-B1,2025-03-08,30.7,50.4,OPEN,LOW
PHC-DST-B1-02,PHC-DST-B1-03,DST-B1,2025-03-09,30.7,47.0,OPEN,LOW
PHC-DST-B1-02,PHC-DST-B1-03,DST-B1,2025-03-10,30.7,43.9,OPEN,LOW
PHC-DST-B1-02,PHC-DST-B1-03,DST-B1,2025-03-11,30.7,45.9,OPEN,LOW
PHC-DST-B1-02,PHC-DST-B1-03,DST-B1,2025-03-12,30.7,45.9,OPEN,LOW
PHC-DST-B1-02,PHC-DST-B1-03,DST-B1,2025-03-13,30.7,44.6,OPEN,LOW
PHC-DST-B1-02,PHC-DST-B1-03,DST-B1,2025-03-14,30.7,46.2,OPEN,LOW
PHC-DST-B1-02,PHC-DST-B1-03,DST-B1,2025-03-15,30.7,47.2,OPEN,LOW
PHC-DST-B1-02,PHC-DST-B1-03,DST-B1,2025-03-16,30.7,46.4,OPEN,LOW
PHC-DST-B1-02,PHC-DST-B1-03,DST-B1,2025-03-17,30.7,46.7,OPEN,LOW
PHC-DST-B1-02,PHC-DST-B1-03,DST-B1,2025-03-18,30.7,47.5,OPEN,LOW
PHC-DST-B1-02,PHC-DST-B1-03,DST-B1,2025-03-19,30.7,46.9,OPEN,LOW
PHC-DST-B1-02,PHC-DST-B1-03,DST-B1,2025-03-20,30.7,48.2,OPEN,LOW
PHC-DST-B1-02,PHC-DST-B1-03,DST-B1,2025-03-21,30.7,44.4,OPEN,LOW
PHC-DST-B1-02,PHC-DST-B1-03,DST-B1,2025-03-22,30.7,48.7,OPEN,LOW
PHC-DST-B1-02,PHC-DST-B1-03,DST-B1,2025-03-23,30.7,46.1,OPEN,LOW
PHC-DST-B1-02,PHC-DST-B1-03,DST-B1,2025-03-24,30.7,46.2,OPEN,LOW
PHC-DST-B1-02,PHC-DST-B1-03,DST-B1,2025-03-25,30.7,49.5,OPEN,LOW
PHC-DST-B1-02,PHC-DST-B1-03,DST-B1,2025-03-26,30.7,50.4,OPEN,LOW
PHC-DST-B1-02,PHC-DST-B1-03,DST-B1,2025-03-27,30.7,50.6,OPEN,LOW
PHC-DST-B1-02,PHC-DST-B1-03,DST-B1,2025-03-28,30.7,45.2,OPEN,LOW
PHC-DST-B1-02,PHC-DST-B1-03,DST-B1,2025-03-29,30.7,49.3,OPEN,LOW
PHC-DST-B1-02,PHC-DST-B1-03,DST-B1,2025-03-30,30.7,48.9,OPEN,LOW
PHC-DST-B1-02,PHC-DST-B1-03,DST-B1,2025-03-31,30.7,49.7,OPEN,LOW
PHC-DST-B1-02,PHC-DST-B1-03,DST-B1,2025-04-01,30.7,49.3,OPEN,LOW
PHC-DST-B1-02,PHC-DST-B1-03,DST-B1,2025-04-02,30.7,45.0,OPEN,LOW
PHC-DST-B1-02,PHC-DST-B1-03,DST-B1,2025-04-03,30.7,45.6,OPEN,LOW
PHC-DST-B1-02,PHC-DST-B1-03,DST-B1,2025-04-04,30.7,48.9,OPEN,LOW
PHC-DST-B1-02,PHC-DST-B1-03,DST-B1,2025-04-05,30.7,44.3,OPEN,LOW
PHC-DST-B1-02,PHC-DST-B1-03,DST-B1,2025-04-06,30.7,44.5,OPEN,LOW
PHC-DST-B1-02,PHC-DST-B1-03,DST-B1,2025-04-07,30.7,44.3,OPEN,LOW
PHC-DST-B1-02,PHC-DST-B1-03,DST-B1,2025-04-08,30.7,49.6,OPEN,LOW
PHC-DST-B1-02,PHC-DST-B1-03,DST-B1,2025-04-09,30.7,44.4,OPEN,LOW
PHC-DST-B1-02,PHC-DST-B1-03,DST-B1,2025-04-10,30.7,50.4,OPEN,LOW
PHC-DST-B1-02,PHC-DST-B1-03,DST-B1,2025-04-11,30.7,48.2,OPEN,LOW
PHC-DST-B1-02,PHC-DST-B1-03,DST-B1,2025-04-12,30.7,44.7,OPEN,LOW
PHC-DST-B1-02,PHC-DST-B1-03,DST-B1,2025-04-13,30.7,49.4,OPEN,LOW
PHC-DST-B1-02,PHC-DST-B1-03,DST-B1,2025-04-14,30.7,45.6,OPEN,LOW
PHC-DST-B1-02,PHC-DST-B1-03,DST-B1,2025-04-15,30.7,49.9,OPEN,LOW
PHC-DST-B1-02,PHC-DST-B1-03,DST-B1,2025-04-16,30.7,46.0,OPEN,LOW
PHC-DST-B1-02,PHC-DST-B1-03,DST-B1,2025-04-17,30.7,48.4,OPEN,LOW
PHC-DST-B1-02,PHC-DST-B1-03,DST-B1,2025-04-18,30.7,50.4,OPEN,LOW
PHC-DST-B1-02,PHC-DST-B1-03,DST-B1,2025-04-19,30.7,49.0,OPEN,LOW
PHC-DST-B1-02,PHC-DST-B1-03,DST-B1,2025-04-20,30.7,44.2,OPEN,LOW
PHC-DST-B1-02,PHC-DST-B1-03,DST-B1,2025-04-21,30.7,47.4,OPEN,LOW
PHC-DST-B1-02,PHC-DST-B1-03,DST-B1,2025-04-22,30.7,45.1,OPEN,LOW
PHC-DST-B1-02,PHC-DST-B1-03,DST-B1,2025-04-23,30.7,46.2,OPEN,LOW
PHC-DST-B1-02,PHC-DST-B1-03,DST-B1,2025-04-24,30.7,50.2,OPEN,LOW
PHC-DST-B1-02,PHC-DST-B1-03,DST-B1,2025-04-25,30.7,49.5,OPEN,LOW
PHC-DST-B1-02,PHC-DST-B1-03,DST-B1,2025-04-26,30.7,46.7,OPEN,LOW
PHC-DST-B1-02,PHC-DST-B1-03,DST-B1,2025-04-27,30.7,46.7,OPEN,LOW
PHC-DST-B1-02,PHC-DST-B1-03,DST-B1,2025-04-28,30.7,45.7,OPEN,LOW
PHC-DST-B1-02,PHC-DST-B1-03,DST-B1,2025-04-29,30.7,44.8,OPEN,LOW
PHC-DST-B1-02,PHC-DST-B1-03,DST-B1,2025-04-30,30.7,46.1,OPEN,LOW
PHC-DST-B1-02,PHC-DST-B1-03,DST-B1,2025-05-01,30.7,45.0,OPEN,LOW
PHC-DST-B1-02,PHC-DST-B1-03,DST-B1,2025-05-02,30.7,45.4,OPEN,LOW
PHC-DST-B1-02,PHC-DST-B1-03,DST-B1,2025-05-03,30.7,45.4,OPEN,LOW
PHC-DST-B1-02,PHC-DST-B1-03,DST-B1,2025-05-04,30.7,43.9,OPEN,LOW
PHC-DST-B1-02,PHC-DST-B1-03,DST-B1,2025-05-05,30.7,48.9,OPEN,LOW
PHC-DST-B1-02,PHC-DST-B1-03,DST-B1,2025-05-06,30.7,49.7,OPEN,LOW
PHC-DST-B1-02,PHC-DST-B1-03,DST-B1,2025-05-07,30.7,44.6,OPEN,LOW
PHC-DST-B1-02,PHC-DST-B1-03,DST-B1,2025-05-08,30.7,50.3,OPEN,LOW
PHC-DST-B1-02,PHC-DST-B1-03,DST-B1,2025-05-09,30.7,47.5,OPEN,LOW
PHC-DST-B1-02,PHC-DST-B1-03,DST-B1,2025-05-10,30.7,46.2,OPEN,LOW
PHC-DST-B1-02,PHC-DST-B1-03,DST-B1,2025-05-11,30.7,48.8,OPEN,LOW
PHC-DST-B1-02,PHC-DST-B1-03,DST-B1,2025-05-12,30.7,45.5,OPEN,LOW
PHC-DST-B1-02,PHC-DST-B1-03,DST-B1,2025-05-13,30.7,46.8,OPEN,LOW
PHC-DST-B1-02,PHC-DST-B1-03,DST-B1,2025-05-14,30.7,44.8,OPEN,LOW
PHC-DST-B1-02,PHC-DST-B1-03,DST-B1,2025-05-15,30.7,48.0,OPEN,LOW
PHC-DST-B1-02,PHC-DST-B1-03,DST-B1,2025-05-16,30.7,47.4,OPEN,LOW
PHC-DST-B1-02,PHC-DST-B1-03,DST-B1,2025-05-17,30.7,48.0,OPEN,LOW
PHC-DST-B1-02,PHC-DST-B1-03,DST-B1,2025-05-18,30.7,45.9,OPEN,LOW
PHC-DST-B1-02,PHC-DST-B1-03,DST-B1,2025-05-19,30.7,49.9,OPEN,LOW
PHC-DST-B1-02,PHC-DST-B1-03,DST-B1,2025-05-20,30.7,48.2,OPEN,LOW
PHC-DST-B1-02,PHC-DST-B1-03,DST-B1,2025-05-21,30.7,44.5,OPEN,LOW
PHC-DST-B1-02,PHC-DST-B1-03,DST-B1,2025-05-22,30.7,46.0,OPEN,LOW
PHC-DST-B1-02,PHC-DST-B1-03,DST-B1,2025-05-23,30.7,44.3,OPEN,LOW
PHC-DST-B1-02,PHC-DST-B1-03,DST-B1,2025-05-24,30.7,47.0,OPEN,LOW
PHC-DST-B1-02,PHC-DST-B1-03,DST-B1,2025-05-25,30.7,45.6,OPEN,LOW
PHC-DST-B1-02,PHC-DST-B1-03,DST-B1,2025-05-26,30.7,44.4,OPEN,LOW
PHC-DST-B1-02,PHC-DST-B1-03,DST-B1,2025-05-27,30.7,48.8,OPEN,LOW
PHC-DST-B1-02,PHC-DST-B1-03,DST-B1,2025-05-28,30.7,44.2,OPEN,LOW
PHC-DST-B1-02,PHC-DST-B1-03,DST-B1,2025-05-29,30.7,50.6,OPEN,LOW
PHC-DST-B1-02,PHC-DST-B1-03,DST-B1,2025-05-30,30.7,48.3,OPEN,LOW
PHC-DST-B1-02,PHC-DST-B1-03,DST-B1,2025-05-31,30.7,44.2,OPEN,LOW
PHC-DST-B1-02,PHC-DST-B1-03,DST-B1,2025-06-01,30.7,44.6,OPEN,LOW
PHC-DST-B1-02,PHC-DST-B1-03,DST-B1,2025-06-02,30.7,48.0,OPEN,LOW
PHC-DST-B1-02,PHC-DST-B1-03,DST-B1,2025-06-03,30.7,47.3,OPEN,LOW
PHC-DST-B1-02,PHC-DST-B1-03,DST-B1,2025-06-04,30.7,46.0,OPEN,LOW
PHC-DST-B1-02,PHC-DST-B1-03,DST-B1,2025-06-05,30.7,49.7,OPEN,LOW
PHC-DST-B1-02,PHC-DST-B1-03,DST-B1,2025-06-06,30.7,46.4,OPEN,LOW
PHC-DST-B1-02,PHC-DST-B1-03,DST-B1,2025-06-07,30.7,49.6,OPEN,LOW
PHC-DST-B1-02,PHC-DST-B1-03,DST-B1,2025-06-08,30.7,44.3,OPEN,LOW
PHC-DST-B1-02,PHC-DST-B1-03,DST-B1,2025-06-09,30.7,50.5,OPEN,LOW
PHC-DST-B1-02,PHC-DST-B1-03,DST-B1,2025-06-10,30.7,47.8,OPEN,LOW
PHC-DST-B1-02,PHC-DST-B1-03,DST-B1,2025-06-11,30.7,44.3,OPEN,LOW
PHC-DST-B1-02,PHC-DST-B1-03,DST-B1,2025-06-12,30.7,46.0,OPEN,LOW
PHC-DST-B1-02,PHC-DST-B1-03,DST-B1,2025-06-13,30.7,47.9,OPEN,LOW
PHC-DST-B1-02,PHC-DST-B1-03,DST-B1,2025-06-14,30.7,45.1,OPEN,LOW
PHC-DST-B1-02,PHC-DST-B1-03,DST-B1,2025-06-15,30.7,44.7,OPEN,LOW
PHC-DST-B1-02,PHC-DST-B1-03,DST-B1,2025-06-16,30.7,50.4,OPEN,LOW
PHC-DST-B1-02,PHC-DST-B1-03,DST-B1,2025-06-17,30.7,49.9,OPEN,LOW
PHC-DST-B1-02,PHC-DST-B1-03,DST-B1,2025-06-18,30.7,47.4,OPEN,LOW
PHC-DST-B1-02,PHC-DST-B1-03,DST-B1,2025-06-19,30.7,45.7,OPEN,LOW
PHC-DST-B1-02,PHC-DST-B1-03,DST-B1,2025-06-20,30.7,44.9,OPEN,LOW
PHC-DST-B1-02,PHC-DST-B1-03,DST-B1,2025-06-21,30.7,48.5,OPEN,LOW
PHC-DST-B1-02,PHC-DST-B1-03,DST-B1,2025-06-22,30.7,49.7,OPEN,LOW
PHC-DST-B1-02,PHC-DST-B1-03,DST-B1,2025-06-23,30.7,48.2,OPEN,LOW
PHC-DST-B1-02,PHC-DST-B1-03,DST-B1,2025-06-24,30.7,43.9,OPEN,LOW
PHC-DST-B1-02,PHC-DST-B1-03,DST-B1,2025-06-25,30.7,45.4,OPEN,LOW
PHC-DST-B1-02,PHC-DST-B1-03,DST-B1,2025-06-26,30.7,50.0,OPEN,LOW
PHC-DST-B1-02,PHC-DST-B1-03,DST-B1,2025-06-27,30.7,47.9,OPEN,LOW
PHC-DST-B1-02,PHC-DST-B1-03,DST-B1,2025-06-28,30.7,48.5,OPEN,LOW
PHC-DST-B1-02,PHC-DST-B1-03,DST-B1,2025-06-29,30.7,44.9,OPEN,LOW
PHC-DST-B1-02,PHC-DST-B1-03,DST-B1,2025-06-30,30.7,47.5,OPEN,LOW
PHC-DST-B1-03,PHC-DST-B1-04,DST-B1,2024-07-01,34.0,75.5,DEGRADED,MODERATE
PHC-DST-B1-03,PHC-DST-B1-04,DST-B1,2024-07-02,34.0,156.3,DEGRADED,MODERATE
PHC-DST-B1-03,PHC-DST-B1-04,DST-B1,2024-07-03,34.0,51.8,OPEN,LOW
PHC-DST-B1-03,PHC-DST-B1-04,DST-B1,2024-07-04,34.0,52.2,OPEN,LOW
PHC-DST-B1-03,PHC-DST-B1-04,DST-B1,2024-07-05,34.0,52.4,OPEN,LOW
PHC-DST-B1-03,PHC-DST-B1-04,DST-B1,2024-07-06,34.0,82.2,DEGRADED,MODERATE
PHC-DST-B1-03,PHC-DST-B1-04,DST-B1,2024-07-07,34.0,51.5,OPEN,LOW
PHC-DST-B1-03,PHC-DST-B1-04,DST-B1,2024-07-08,34.0,54.2,OPEN,LOW
PHC-DST-B1-03,PHC-DST-B1-04,DST-B1,2024-07-09,34.0,55.1,OPEN,LOW
PHC-DST-B1-03,PHC-DST-B1-04,DST-B1,2024-07-10,34.0,86.2,DEGRADED,MODERATE
PHC-DST-B1-03,PHC-DST-B1-04,DST-B1,2024-07-11,34.0,54.1,OPEN,LOW
PHC-DST-B1-03,PHC-DST-B1-04,DST-B1,2024-07-12,34.0,50.1,OPEN,LOW
PHC-DST-B1-03,PHC-DST-B1-04,DST-B1,2024-07-13,34.0,55.0,OPEN,LOW
PHC-DST-B1-03,PHC-DST-B1-04,DST-B1,2024-07-14,34.0,56.0,OPEN,LOW
PHC-DST-B1-03,PHC-DST-B1-04,DST-B1,2024-07-15,34.0,87.4,DEGRADED,MODERATE
PHC-DST-B1-03,PHC-DST-B1-04,DST-B1,2024-07-16,34.0,73.4,DEGRADED,LOW
PHC-DST-B1-03,PHC-DST-B1-04,DST-B1,2024-07-17,34.0,52.7,OPEN,LOW
PHC-DST-B1-03,PHC-DST-B1-04,DST-B1,2024-07-18,34.0,50.5,OPEN,LOW
PHC-DST-B1-03,PHC-DST-B1-04,DST-B1,2024-07-19,34.0,348.5,BLOCKED,MODERATE
PHC-DST-B1-03,PHC-DST-B1-04,DST-B1,2024-07-20,34.0,51.7,OPEN,LOW
PHC-DST-B1-03,PHC-DST-B1-04,DST-B1,2024-07-21,34.0,75.0,DEGRADED,MODERATE
PHC-DST-B1-03,PHC-DST-B1-04,DST-B1,2024-07-22,34.0,85.1,DEGRADED,MODERATE
PHC-DST-B1-03,PHC-DST-B1-04,DST-B1,2024-07-23,34.0,87.9,DEGRADED,MODERATE
PHC-DST-B1-03,PHC-DST-B1-04,DST-B1,2024-07-24,34.0,53.7,OPEN,LOW
PHC-DST-B1-03,PHC-DST-B1-04,DST-B1,2024-07-25,34.0,51.2,OPEN,LOW
PHC-DST-B1-03,PHC-DST-B1-04,DST-B1,2024-07-26,34.0,80.8,DEGRADED,MODERATE
PHC-DST-B1-03,PHC-DST-B1-04,DST-B1,2024-07-27,34.0,49.8,OPEN,LOW
PHC-DST-B1-03,PHC-DST-B1-04,DST-B1,2024-07-28,34.0,101.2,DEGRADED,MODERATE
PHC-DST-B1-03,PHC-DST-B1-04,DST-B1,2024-07-29,34.0,74.0,DEGRADED,LOW
PHC-DST-B1-03,PHC-DST-B1-04,DST-B1,2024-07-30,34.0,54.8,OPEN,LOW
PHC-DST-B1-03,PHC-DST-B1-04,DST-B1,2024-07-31,34.0,51.0,OPEN,LOW
PHC-DST-B1-03,PHC-DST-B1-04,DST-B1,2024-08-01,34.0,56.0,OPEN,LOW
PHC-DST-B1-03,PHC-DST-B1-04,DST-B1,2024-08-02,34.0,54.9,OPEN,LOW
PHC-DST-B1-03,PHC-DST-B1-04,DST-B1,2024-08-03,34.0,55.5,OPEN,LOW
PHC-DST-B1-03,PHC-DST-B1-04,DST-B1,2024-08-04,34.0,98.8,DEGRADED,MODERATE
PHC-DST-B1-03,PHC-DST-B1-04,DST-B1,2024-08-05,34.0,50.9,OPEN,LOW
PHC-DST-B1-03,PHC-DST-B1-04,DST-B1,2024-08-06,34.0,55.0,OPEN,LOW
PHC-DST-B1-03,PHC-DST-B1-04,DST-B1,2024-08-07,34.0,84.5,DEGRADED,MODERATE
PHC-DST-B1-03,PHC-DST-B1-04,DST-B1,2024-08-08,34.0,55.7,OPEN,LOW
PHC-DST-B1-03,PHC-DST-B1-04,DST-B1,2024-08-09,34.0,53.3,OPEN,LOW
PHC-DST-B1-03,PHC-DST-B1-04,DST-B1,2024-08-10,34.0,160.8,DEGRADED,SEVERE
PHC-DST-B1-03,PHC-DST-B1-04,DST-B1,2024-08-11,34.0,53.9,OPEN,LOW
PHC-DST-B1-03,PHC-DST-B1-04,DST-B1,2024-08-12,34.0,50.4,OPEN,LOW
PHC-DST-B1-03,PHC-DST-B1-04,DST-B1,2024-08-13,34.0,84.8,DEGRADED,MODERATE
PHC-DST-B1-03,PHC-DST-B1-04,DST-B1,2024-08-14,34.0,50.3,OPEN,LOW
PHC-DST-B1-03,PHC-DST-B1-04,DST-B1,2024-08-15,34.0,50.6,OPEN,LOW
PHC-DST-B1-03,PHC-DST-B1-04,DST-B1,2024-08-16,34.0,50.3,OPEN,LOW
PHC-DST-B1-03,PHC-DST-B1-04,DST-B1,2024-08-17,34.0,90.1,DEGRADED,MODERATE
PHC-DST-B1-03,PHC-DST-B1-04,DST-B1,2024-08-18,34.0,71.9,DEGRADED,MODERATE
PHC-DST-B1-03,PHC-DST-B1-04,DST-B1,2024-08-19,34.0,53.6,OPEN,LOW
PHC-DST-B1-03,PHC-DST-B1-04,DST-B1,2024-08-20,34.0,51.1,OPEN,LOW
PHC-DST-B1-03,PHC-DST-B1-04,DST-B1,2024-08-21,34.0,88.7,DEGRADED,MODERATE
PHC-DST-B1-03,PHC-DST-B1-04,DST-B1,2024-08-22,34.0,50.7,OPEN,LOW
PHC-DST-B1-03,PHC-DST-B1-04,DST-B1,2024-08-23,34.0,52.7,OPEN,LOW
PHC-DST-B1-03,PHC-DST-B1-04,DST-B1,2024-08-24,34.0,49.1,OPEN,LOW
PHC-DST-B1-03,PHC-DST-B1-04,DST-B1,2024-08-25,34.0,53.0,OPEN,LOW
PHC-DST-B1-03,PHC-DST-B1-04,DST-B1,2024-08-26,34.0,72.4,DEGRADED,MODERATE
PHC-DST-B1-03,PHC-DST-B1-04,DST-B1,2024-08-27,34.0,55.8,OPEN,LOW
PHC-DST-B1-03,PHC-DST-B1-04,DST-B1,2024-08-28,34.0,73.7,DEGRADED,MODERATE
PHC-DST-B1-03,PHC-DST-B1-04,DST-B1,2024-08-29,34.0,98.8,DEGRADED,LOW
PHC-DST-B1-03,PHC-DST-B1-04,DST-B1,2024-08-30,34.0,55.6,OPEN,LOW
PHC-DST-B1-03,PHC-DST-B1-04,DST-B1,2024-08-31,34.0,50.5,OPEN,LOW
PHC-DST-B1-03,PHC-DST-B1-04,DST-B1,2024-09-01,34.0,55.0,OPEN,LOW
PHC-DST-B1-03,PHC-DST-B1-04,DST-B1,2024-09-02,34.0,73.0,DEGRADED,MODERATE
PHC-DST-B1-03,PHC-DST-B1-04,DST-B1,2024-09-03,34.0,52.9,OPEN,LOW
PHC-DST-B1-03,PHC-DST-B1-04,DST-B1,2024-09-04,34.0,49.8,OPEN,LOW
PHC-DST-B1-03,PHC-DST-B1-04,DST-B1,2024-09-05,34.0,50.4,OPEN,LOW
PHC-DST-B1-03,PHC-DST-B1-04,DST-B1,2024-09-06,34.0,55.7,OPEN,LOW
PHC-DST-B1-03,PHC-DST-B1-04,DST-B1,2024-09-07,34.0,51.2,OPEN,LOW
PHC-DST-B1-03,PHC-DST-B1-04,DST-B1,2024-09-08,34.0,55.6,OPEN,LOW
PHC-DST-B1-03,PHC-DST-B1-04,DST-B1,2024-09-09,34.0,53.0,OPEN,LOW
PHC-DST-B1-03,PHC-DST-B1-04,DST-B1,2024-09-10,34.0,51.3,OPEN,LOW
PHC-DST-B1-03,PHC-DST-B1-04,DST-B1,2024-09-11,34.0,53.8,OPEN,LOW
PHC-DST-B1-03,PHC-DST-B1-04,DST-B1,2024-09-12,34.0,50.3,OPEN,LOW
PHC-DST-B1-03,PHC-DST-B1-04,DST-B1,2024-09-13,34.0,53.2,OPEN,LOW
PHC-DST-B1-03,PHC-DST-B1-04,DST-B1,2024-09-14,34.0,49.7,OPEN,LOW
PHC-DST-B1-03,PHC-DST-B1-04,DST-B1,2024-09-15,34.0,96.2,DEGRADED,MODERATE
PHC-DST-B1-03,PHC-DST-B1-04,DST-B1,2024-09-16,34.0,52.4,OPEN,LOW
PHC-DST-B1-03,PHC-DST-B1-04,DST-B1,2024-09-17,34.0,50.1,OPEN,LOW
PHC-DST-B1-03,PHC-DST-B1-04,DST-B1,2024-09-18,34.0,120.2,DEGRADED,MODERATE
PHC-DST-B1-03,PHC-DST-B1-04,DST-B1,2024-09-19,34.0,78.0,DEGRADED,LOW
PHC-DST-B1-03,PHC-DST-B1-04,DST-B1,2024-09-20,34.0,91.1,DEGRADED,MODERATE
PHC-DST-B1-03,PHC-DST-B1-04,DST-B1,2024-09-21,34.0,52.7,OPEN,LOW
PHC-DST-B1-03,PHC-DST-B1-04,DST-B1,2024-09-22,34.0,55.3,OPEN,LOW
PHC-DST-B1-03,PHC-DST-B1-04,DST-B1,2024-09-23,34.0,55.2,OPEN,LOW
PHC-DST-B1-03,PHC-DST-B1-04,DST-B1,2024-09-24,34.0,48.8,OPEN,LOW
PHC-DST-B1-03,PHC-DST-B1-04,DST-B1,2024-09-25,34.0,54.1,OPEN,LOW
PHC-DST-B1-03,PHC-DST-B1-04,DST-B1,2024-09-26,34.0,49.2,OPEN,LOW
PHC-DST-B1-03,PHC-DST-B1-04,DST-B1,2024-09-27,34.0,48.7,OPEN,LOW
PHC-DST-B1-03,PHC-DST-B1-04,DST-B1,2024-09-28,34.0,52.0,OPEN,LOW
PHC-DST-B1-03,PHC-DST-B1-04,DST-B1,2024-09-29,34.0,51.7,OPEN,LOW
PHC-DST-B1-03,PHC-DST-B1-04,DST-B1,2024-09-30,34.0,52.6,OPEN,LOW
PHC-DST-B1-03,PHC-DST-B1-04,DST-B1,2024-10-01,34.0,49.2,OPEN,LOW
PHC-DST-B1-03,PHC-DST-B1-04,DST-B1,2024-10-02,34.0,53.5,OPEN,LOW
PHC-DST-B1-03,PHC-DST-B1-04,DST-B1,2024-10-03,34.0,53.2,OPEN,LOW
PHC-DST-B1-03,PHC-DST-B1-04,DST-B1,2024-10-04,34.0,54.8,OPEN,LOW
PHC-DST-B1-03,PHC-DST-B1-04,DST-B1,2024-10-05,34.0,55.8,OPEN,LOW
PHC-DST-B1-03,PHC-DST-B1-04,DST-B1,2024-10-06,34.0,54.5,OPEN,LOW
PHC-DST-B1-03,PHC-DST-B1-04,DST-B1,2024-10-07,34.0,50.0,OPEN,LOW
PHC-DST-B1-03,PHC-DST-B1-04,DST-B1,2024-10-08,34.0,52.1,OPEN,LOW
PHC-DST-B1-03,PHC-DST-B1-04,DST-B1,2024-10-09,34.0,55.9,OPEN,LOW
PHC-DST-B1-03,PHC-DST-B1-04,DST-B1,2024-10-10,34.0,55.4,OPEN,LOW
PHC-DST-B1-03,PHC-DST-B1-04,DST-B1,2024-10-11,34.0,54.3,OPEN,LOW
PHC-DST-B1-03,PHC-DST-B1-04,DST-B1,2024-10-12,34.0,50.0,OPEN,LOW
PHC-DST-B1-03,PHC-DST-B1-04,DST-B1,2024-10-13,34.0,48.9,OPEN,LOW
PHC-DST-B1-03,PHC-DST-B1-04,DST-B1,2024-10-14,34.0,51.9,OPEN,LOW
PHC-DST-B1-03,PHC-DST-B1-04,DST-B1,2024-10-15,34.0,52.7,OPEN,LOW
PHC-DST-B1-03,PHC-DST-B1-04,DST-B1,2024-10-16,34.0,50.7,OPEN,LOW
PHC-DST-B1-03,PHC-DST-B1-04,DST-B1,2024-10-17,34.0,53.9,OPEN,LOW
PHC-DST-B1-03,PHC-DST-B1-04,DST-B1,2024-10-18,34.0,54.3,OPEN,LOW
PHC-DST-B1-03,PHC-DST-B1-04,DST-B1,2024-10-19,34.0,52.1,OPEN,LOW
PHC-DST-B1-03,PHC-DST-B1-04,DST-B1,2024-10-20,34.0,55.8,OPEN,LOW
PHC-DST-B1-03,PHC-DST-B1-04,DST-B1,2024-10-21,34.0,52.0,OPEN,LOW
PHC-DST-B1-03,PHC-DST-B1-04,DST-B1,2024-10-22,34.0,54.9,OPEN,LOW
PHC-DST-B1-03,PHC-DST-B1-04,DST-B1,2024-10-23,34.0,51.8,OPEN,LOW
PHC-DST-B1-03,PHC-DST-B1-04,DST-B1,2024-10-24,34.0,53.0,OPEN,LOW
PHC-DST-B1-03,PHC-DST-B1-04,DST-B1,2024-10-25,34.0,52.7,OPEN,LOW
PHC-DST-B1-03,PHC-DST-B1-04,DST-B1,2024-10-26,34.0,53.2,OPEN,LOW
PHC-DST-B1-03,PHC-DST-B1-04,DST-B1,2024-10-27,34.0,56.1,OPEN,LOW
PHC-DST-B1-03,PHC-DST-B1-04,DST-B1,2024-10-28,34.0,53.5,OPEN,LOW
PHC-DST-B1-03,PHC-DST-B1-04,DST-B1,2024-10-29,34.0,49.9,OPEN,LOW
PHC-DST-B1-03,PHC-DST-B1-04,DST-B1,2024-10-30,34.0,51.0,OPEN,LOW
PHC-DST-B1-03,PHC-DST-B1-04,DST-B1,2024-10-31,34.0,54.2,OPEN,LOW
PHC-DST-B1-03,PHC-DST-B1-04,DST-B1,2024-11-01,34.0,53.0,OPEN,LOW
PHC-DST-B1-03,PHC-DST-B1-04,DST-B1,2024-11-02,34.0,50.4,OPEN,LOW
PHC-DST-B1-03,PHC-DST-B1-04,DST-B1,2024-11-03,34.0,55.5,OPEN,LOW
PHC-DST-B1-03,PHC-DST-B1-04,DST-B1,2024-11-04,34.0,52.5,OPEN,LOW
PHC-DST-B1-03,PHC-DST-B1-04,DST-B1,2024-11-05,34.0,55.7,OPEN,LOW
PHC-DST-B1-03,PHC-DST-B1-04,DST-B1,2024-11-06,34.0,51.9,OPEN,LOW
PHC-DST-B1-03,PHC-DST-B1-04,DST-B1,2024-11-07,34.0,55.1,OPEN,LOW
PHC-DST-B1-03,PHC-DST-B1-04,DST-B1,2024-11-08,34.0,49.8,OPEN,LOW
PHC-DST-B1-03,PHC-DST-B1-04,DST-B1,2024-11-09,34.0,53.4,OPEN,LOW
PHC-DST-B1-03,PHC-DST-B1-04,DST-B1,2024-11-10,34.0,50.0,OPEN,LOW
PHC-DST-B1-03,PHC-DST-B1-04,DST-B1,2024-11-11,34.0,49.7,OPEN,LOW
PHC-DST-B1-03,PHC-DST-B1-04,DST-B1,2024-11-12,34.0,55.8,OPEN,LOW
PHC-DST-B1-03,PHC-DST-B1-04,DST-B1,2024-11-13,34.0,55.7,OPEN,LOW
PHC-DST-B1-03,PHC-DST-B1-04,DST-B1,2024-11-14,34.0,54.4,OPEN,LOW
PHC-DST-B1-03,PHC-DST-B1-04,DST-B1,2024-11-15,34.0,55.4,OPEN,LOW
PHC-DST-B1-03,PHC-DST-B1-04,DST-B1,2024-11-16,34.0,49.8,OPEN,LOW
PHC-DST-B1-03,PHC-DST-B1-04,DST-B1,2024-11-17,34.0,51.6,OPEN,LOW
PHC-DST-B1-03,PHC-DST-B1-04,DST-B1,2024-11-18,34.0,55.2,OPEN,LOW
PHC-DST-B1-03,PHC-DST-B1-04,DST-B1,2024-11-19,34.0,49.5,OPEN,LOW
PHC-DST-B1-03,PHC-DST-B1-04,DST-B1,2024-11-20,34.0,50.9,OPEN,LOW
PHC-DST-B1-03,PHC-DST-B1-04,DST-B1,2024-11-21,34.0,50.3,OPEN,LOW
PHC-DST-B1-03,PHC-DST-B1-04,DST-B1,2024-11-22,34.0,48.7,OPEN,LOW
PHC-DST-B1-03,PHC-DST-B1-04,DST-B1,2024-11-23,34.0,48.9,OPEN,LOW
PHC-DST-B1-03,PHC-DST-B1-04,DST-B1,2024-11-24,34.0,52.3,OPEN,LOW
PHC-DST-B1-03,PHC-DST-B1-04,DST-B1,2024-11-25,34.0,53.3,OPEN,LOW
PHC-DST-B1-03,PHC-DST-B1-04,DST-B1,2024-11-26,34.0,51.1,OPEN,LOW
PHC-DST-B1-03,PHC-DST-B1-04,DST-B1,2024-11-27,34.0,54.3,OPEN,LOW
PHC-DST-B1-03,PHC-DST-B1-04,DST-B1,2024-11-28,34.0,53.7,OPEN,LOW
PHC-DST-B1-03,PHC-DST-B1-04,DST-B1,2024-11-29,34.0,51.7,OPEN,LOW
PHC-DST-B1-03,PHC-DST-B1-04,DST-B1,2024-11-30,34.0,51.8,OPEN,LOW
PHC-DST-B1-03,PHC-DST-B1-04,DST-B1,2024-12-01,34.0,52.1,OPEN,LOW
PHC-DST-B1-03,PHC-DST-B1-04,DST-B1,2024-12-02,34.0,48.9,OPEN,LOW
PHC-DST-B1-03,PHC-DST-B1-04,DST-B1,2024-12-03,34.0,52.2,OPEN,LOW
PHC-DST-B1-03,PHC-DST-B1-04,DST-B1,2024-12-04,34.0,52.2,OPEN,LOW
PHC-DST-B1-03,PHC-DST-B1-04,DST-B1,2024-12-05,34.0,55.1,OPEN,LOW
PHC-DST-B1-03,PHC-DST-B1-04,DST-B1,2024-12-06,34.0,55.3,OPEN,LOW
PHC-DST-B1-03,PHC-DST-B1-04,DST-B1,2024-12-07,34.0,55.4,OPEN,LOW
PHC-DST-B1-03,PHC-DST-B1-04,DST-B1,2024-12-08,34.0,49.5,OPEN,LOW
PHC-DST-B1-03,PHC-DST-B1-04,DST-B1,2024-12-09,34.0,51.5,OPEN,LOW
PHC-DST-B1-03,PHC-DST-B1-04,DST-B1,2024-12-10,34.0,52.7,OPEN,LOW
PHC-DST-B1-03,PHC-DST-B1-04,DST-B1,2024-12-11,34.0,51.1,OPEN,LOW
PHC-DST-B1-03,PHC-DST-B1-04,DST-B1,2024-12-12,34.0,53.1,OPEN,LOW
PHC-DST-B1-03,PHC-DST-B1-04,DST-B1,2024-12-13,34.0,52.7,OPEN,LOW
PHC-DST-B1-03,PHC-DST-B1-04,DST-B1,2024-12-14,34.0,55.3,OPEN,LOW
PHC-DST-B1-03,PHC-DST-B1-04,DST-B1,2024-12-15,34.0,52.3,OPEN,LOW
PHC-DST-B1-03,PHC-DST-B1-04,DST-B1,2024-12-16,34.0,52.4,OPEN,LOW
PHC-DST-B1-03,PHC-DST-B1-04,DST-B1,2024-12-17,34.0,51.2,OPEN,LOW
PHC-DST-B1-03,PHC-DST-B1-04,DST-B1,2024-12-18,34.0,53.1,OPEN,LOW
PHC-DST-B1-03,PHC-DST-B1-04,DST-B1,2024-12-19,34.0,50.6,OPEN,LOW
PHC-DST-B1-03,PHC-DST-B1-04,DST-B1,2024-12-20,34.0,48.6,OPEN,LOW
PHC-DST-B1-03,PHC-DST-B1-04,DST-B1,2024-12-21,34.0,53.4,OPEN,LOW
PHC-DST-B1-03,PHC-DST-B1-04,DST-B1,2024-12-22,34.0,55.3,OPEN,LOW
PHC-DST-B1-03,PHC-DST-B1-04,DST-B1,2024-12-23,34.0,54.3,OPEN,LOW
PHC-DST-B1-03,PHC-DST-B1-04,DST-B1,2024-12-24,34.0,51.6,OPEN,LOW
PHC-DST-B1-03,PHC-DST-B1-04,DST-B1,2024-12-25,34.0,54.8,OPEN,LOW
PHC-DST-B1-03,PHC-DST-B1-04,DST-B1,2024-12-26,34.0,50.4,OPEN,LOW
PHC-DST-B1-03,PHC-DST-B1-04,DST-B1,2024-12-27,34.0,54.3,OPEN,LOW
PHC-DST-B1-03,PHC-DST-B1-04,DST-B1,2024-12-28,34.0,53.9,OPEN,LOW
PHC-DST-B1-03,PHC-DST-B1-04,DST-B1,2024-12-29,34.0,50.0,OPEN,LOW
PHC-DST-B1-03,PHC-DST-B1-04,DST-B1,2024-12-30,34.0,52.5,OPEN,LOW
PHC-DST-B1-03,PHC-DST-B1-04,DST-B1,2024-12-31,34.0,54.7,OPEN,LOW
PHC-DST-B1-03,PHC-DST-B1-04,DST-B1,2025-01-01,34.0,53.5,OPEN,LOW
PHC-DST-B1-03,PHC-DST-B1-04,DST-B1,2025-01-02,34.0,50.6,OPEN,LOW
PHC-DST-B1-03,PHC-DST-B1-04,DST-B1,2025-01-03,34.0,50.4,OPEN,LOW
PHC-DST-B1-03,PHC-DST-B1-04,DST-B1,2025-01-04,34.0,55.9,OPEN,LOW
PHC-DST-B1-03,PHC-DST-B1-04,DST-B1,2025-01-05,34.0,53.5,OPEN,LOW
PHC-DST-B1-03,PHC-DST-B1-04,DST-B1,2025-01-06,34.0,50.8,OPEN,LOW
PHC-DST-B1-03,PHC-DST-B1-04,DST-B1,2025-01-07,34.0,50.0,OPEN,LOW
PHC-DST-B1-03,PHC-DST-B1-04,DST-B1,2025-01-08,34.0,51.6,OPEN,LOW
PHC-DST-B1-03,PHC-DST-B1-04,DST-B1,2025-01-09,34.0,51.2,OPEN,LOW
PHC-DST-B1-03,PHC-DST-B1-04,DST-B1,2025-01-10,34.0,53.2,OPEN,LOW
PHC-DST-B1-03,PHC-DST-B1-04,DST-B1,2025-01-11,34.0,49.1,OPEN,LOW
PHC-DST-B1-03,PHC-DST-B1-04,DST-B1,2025-01-12,34.0,49.2,OPEN,LOW
PHC-DST-B1-03,PHC-DST-B1-04,DST-B1,2025-01-13,34.0,51.8,OPEN,LOW
PHC-DST-B1-03,PHC-DST-B1-04,DST-B1,2025-01-14,34.0,53.5,OPEN,LOW
PHC-DST-B1-03,PHC-DST-B1-04,DST-B1,2025-01-15,34.0,53.0,OPEN,LOW
PHC-DST-B1-03,PHC-DST-B1-04,DST-B1,2025-01-16,34.0,52.5,OPEN,LOW
PHC-DST-B1-03,PHC-DST-B1-04,DST-B1,2025-01-17,34.0,50.2,OPEN,LOW
PHC-DST-B1-03,PHC-DST-B1-04,DST-B1,2025-01-18,34.0,54.9,OPEN,LOW
PHC-DST-B1-03,PHC-DST-B1-04,DST-B1,2025-01-19,34.0,49.5,OPEN,LOW
PHC-DST-B1-03,PHC-DST-B1-04,DST-B1,2025-01-20,34.0,50.4,OPEN,LOW
PHC-DST-B1-03,PHC-DST-B1-04,DST-B1,2025-01-21,34.0,50.8,OPEN,LOW
PHC-DST-B1-03,PHC-DST-B1-04,DST-B1,2025-01-22,34.0,50.7,OPEN,LOW
PHC-DST-B1-03,PHC-DST-B1-04,DST-B1,2025-01-23,34.0,53.9,OPEN,LOW
PHC-DST-B1-03,PHC-DST-B1-04,DST-B1,2025-01-24,34.0,49.2,OPEN,LOW
PHC-DST-B1-03,PHC-DST-B1-04,DST-B1,2025-01-25,34.0,53.7,OPEN,LOW
PHC-DST-B1-03,PHC-DST-B1-04,DST-B1,2025-01-26,34.0,55.4,OPEN,LOW
PHC-DST-B1-03,PHC-DST-B1-04,DST-B1,2025-01-27,34.0,53.2,OPEN,LOW
PHC-DST-B1-03,PHC-DST-B1-04,DST-B1,2025-01-28,34.0,50.7,OPEN,LOW
PHC-DST-B1-03,PHC-DST-B1-04,DST-B1,2025-01-29,34.0,52.7,OPEN,LOW
PHC-DST-B1-03,PHC-DST-B1-04,DST-B1,2025-01-30,34.0,54.8,OPEN,LOW
PHC-DST-B1-03,PHC-DST-B1-04,DST-B1,2025-01-31,34.0,50.1,OPEN,LOW
PHC-DST-B1-03,PHC-DST-B1-04,DST-B1,2025-02-01,34.0,50.7,OPEN,LOW
PHC-DST-B1-03,PHC-DST-B1-04,DST-B1,2025-02-02,34.0,54.2,OPEN,LOW
PHC-DST-B1-03,PHC-DST-B1-04,DST-B1,2025-02-03,34.0,51.3,OPEN,LOW
PHC-DST-B1-03,PHC-DST-B1-04,DST-B1,2025-02-04,34.0,50.6,OPEN,LOW
PHC-DST-B1-03,PHC-DST-B1-04,DST-B1,2025-02-05,34.0,50.2,OPEN,LOW
PHC-DST-B1-03,PHC-DST-B1-04,DST-B1,2025-02-06,34.0,53.6,OPEN,LOW
PHC-DST-B1-03,PHC-DST-B1-04,DST-B1,2025-02-07,34.0,52.9,OPEN,LOW
PHC-DST-B1-03,PHC-DST-B1-04,DST-B1,2025-02-08,34.0,51.8,OPEN,LOW
PHC-DST-B1-03,PHC-DST-B1-04,DST-B1,2025-02-09,34.0,52.3,OPEN,LOW
PHC-DST-B1-03,PHC-DST-B1-04,DST-B1,2025-02-10,34.0,54.4,OPEN,LOW
PHC-DST-B1-03,PHC-DST-B1-04,DST-B1,2025-02-11,34.0,55.3,OPEN,LOW
PHC-DST-B1-03,PHC-DST-B1-04,DST-B1,2025-02-12,34.0,49.7,OPEN,LOW
PHC-DST-B1-03,PHC-DST-B1-04,DST-B1,2025-02-13,34.0,49.2,OPEN,LOW
PHC-DST-B1-03,PHC-DST-B1-04,DST-B1,2025-02-14,34.0,48.5,OPEN,LOW
PHC-DST-B1-03,PHC-DST-B1-04,DST-B1,2025-02-15,34.0,48.9,OPEN,LOW
PHC-DST-B1-03,PHC-DST-B1-04,DST-B1,2025-02-16,34.0,52.5,OPEN,LOW
PHC-DST-B1-03,PHC-DST-B1-04,DST-B1,2025-02-17,34.0,51.0,OPEN,LOW
PHC-DST-B1-03,PHC-DST-B1-04,DST-B1,2025-02-18,34.0,53.5,OPEN,LOW
PHC-DST-B1-03,PHC-DST-B1-04,DST-B1,2025-02-19,34.0,55.7,OPEN,LOW
PHC-DST-B1-03,PHC-DST-B1-04,DST-B1,2025-02-20,34.0,53.1,OPEN,LOW
PHC-DST-B1-03,PHC-DST-B1-04,DST-B1,2025-02-21,34.0,54.8,OPEN,LOW
PHC-DST-B1-03,PHC-DST-B1-04,DST-B1,2025-02-22,34.0,56.1,OPEN,LOW
PHC-DST-B1-03,PHC-DST-B1-04,DST-B1,2025-02-23,34.0,52.4,OPEN,LOW
PHC-DST-B1-03,PHC-DST-B1-04,DST-B1,2025-02-24,34.0,51.3,OPEN,LOW
PHC-DST-B1-03,PHC-DST-B1-04,DST-B1,2025-02-25,34.0,51.2,OPEN,LOW
PHC-DST-B1-03,PHC-DST-B1-04,DST-B1,2025-02-26,34.0,55.5,OPEN,LOW
PHC-DST-B1-03,PHC-DST-B1-04,DST-B1,2025-02-27,34.0,52.0,OPEN,LOW
PHC-DST-B1-03,PHC-DST-B1-04,DST-B1,2025-02-28,34.0,53.0,OPEN,LOW
PHC-DST-B1-03,PHC-DST-B1-04,DST-B1,2025-03-01,34.0,53.2,OPEN,LOW
PHC-DST-B1-03,PHC-DST-B1-04,DST-B1,2025-03-02,34.0,51.2,OPEN,LOW
PHC-DST-B1-03,PHC-DST-B1-04,DST-B1,2025-03-03,34.0,55.2,OPEN,LOW
PHC-DST-B1-03,PHC-DST-B1-04,DST-B1,2025-03-04,34.0,50.7,OPEN,LOW
PHC-DST-B1-03,PHC-DST-B1-04,DST-B1,2025-03-05,34.0,49.2,OPEN,LOW
PHC-DST-B1-03,PHC-DST-B1-04,DST-B1,2025-03-06,34.0,55.3,OPEN,LOW
PHC-DST-B1-03,PHC-DST-B1-04,DST-B1,2025-03-07,34.0,50.9,OPEN,LOW
PHC-DST-B1-03,PHC-DST-B1-04,DST-B1,2025-03-08,34.0,49.1,OPEN,LOW
PHC-DST-B1-03,PHC-DST-B1-04,DST-B1,2025-03-09,34.0,48.6,OPEN,LOW
PHC-DST-B1-03,PHC-DST-B1-04,DST-B1,2025-03-10,34.0,53.8,OPEN,LOW
PHC-DST-B1-03,PHC-DST-B1-04,DST-B1,2025-03-11,34.0,52.6,OPEN,LOW
PHC-DST-B1-03,PHC-DST-B1-04,DST-B1,2025-03-12,34.0,50.4,OPEN,LOW
PHC-DST-B1-03,PHC-DST-B1-04,DST-B1,2025-03-13,34.0,55.8,OPEN,LOW
PHC-DST-B1-03,PHC-DST-B1-04,DST-B1,2025-03-14,34.0,52.0,OPEN,LOW
PHC-DST-B1-03,PHC-DST-B1-04,DST-B1,2025-03-15,34.0,48.6,OPEN,LOW
PHC-DST-B1-03,PHC-DST-B1-04,DST-B1,2025-03-16,34.0,51.7,OPEN,LOW
PHC-DST-B1-03,PHC-DST-B1-04,DST-B1,2025-03-17,34.0,55.0,OPEN,LOW
PHC-DST-B1-03,PHC-DST-B1-04,DST-B1,2025-03-18,34.0,52.3,OPEN,LOW
PHC-DST-B1-03,PHC-DST-B1-04,DST-B1,2025-03-19,34.0,50.4,OPEN,LOW
PHC-DST-B1-03,PHC-DST-B1-04,DST-B1,2025-03-20,34.0,55.3,OPEN,LOW
PHC-DST-B1-03,PHC-DST-B1-04,DST-B1,2025-03-21,34.0,50.4,OPEN,LOW
PHC-DST-B1-03,PHC-DST-B1-04,DST-B1,2025-03-22,34.0,52.4,OPEN,LOW
PHC-DST-B1-03,PHC-DST-B1-04,DST-B1,2025-03-23,34.0,54.4,OPEN,LOW
PHC-DST-B1-03,PHC-DST-B1-04,DST-B1,2025-03-24,34.0,53.6,OPEN,LOW
PHC-DST-B1-03,PHC-DST-B1-04,DST-B1,2025-03-25,34.0,55.4,OPEN,LOW
PHC-DST-B1-03,PHC-DST-B1-04,DST-B1,2025-03-26,34.0,51.2,OPEN,LOW
PHC-DST-B1-03,PHC-DST-B1-04,DST-B1,2025-03-27,34.0,53.1,OPEN,LOW
PHC-DST-B1-03,PHC-DST-B1-04,DST-B1,2025-03-28,34.0,54.9,OPEN,LOW
PHC-DST-B1-03,PHC-DST-B1-04,DST-B1,2025-03-29,34.0,52.3,OPEN,LOW
PHC-DST-B1-03,PHC-DST-B1-04,DST-B1,2025-03-30,34.0,56.1,OPEN,LOW
PHC-DST-B1-03,PHC-DST-B1-04,DST-B1,2025-03-31,34.0,50.2,OPEN,LOW
PHC-DST-B1-03,PHC-DST-B1-04,DST-B1,2025-04-01,34.0,50.8,OPEN,LOW
PHC-DST-B1-03,PHC-DST-B1-04,DST-B1,2025-04-02,34.0,49.3,OPEN,LOW
PHC-DST-B1-03,PHC-DST-B1-04,DST-B1,2025-04-03,34.0,50.0,OPEN,LOW
PHC-DST-B1-03,PHC-DST-B1-04,DST-B1,2025-04-04,34.0,53.4,OPEN,LOW
PHC-DST-B1-03,PHC-DST-B1-04,DST-B1,2025-04-05,34.0,52.2,OPEN,LOW
PHC-DST-B1-03,PHC-DST-B1-04,DST-B1,2025-04-06,34.0,55.5,OPEN,LOW
PHC-DST-B1-03,PHC-DST-B1-04,DST-B1,2025-04-07,34.0,51.0,OPEN,LOW
PHC-DST-B1-03,PHC-DST-B1-04,DST-B1,2025-04-08,34.0,55.7,OPEN,LOW
PHC-DST-B1-03,PHC-DST-B1-04,DST-B1,2025-04-09,34.0,51.3,OPEN,LOW
PHC-DST-B1-03,PHC-DST-B1-04,DST-B1,2025-04-10,34.0,54.0,OPEN,LOW
PHC-DST-B1-03,PHC-DST-B1-04,DST-B1,2025-04-11,34.0,50.2,OPEN,LOW
PHC-DST-B1-03,PHC-DST-B1-04,DST-B1,2025-04-12,34.0,51.4,OPEN,LOW
PHC-DST-B1-03,PHC-DST-B1-04,DST-B1,2025-04-13,34.0,49.7,OPEN,LOW
PHC-DST-B1-03,PHC-DST-B1-04,DST-B1,2025-04-14,34.0,53.5,OPEN,LOW
PHC-DST-B1-03,PHC-DST-B1-04,DST-B1,2025-04-15,34.0,53.1,OPEN,LOW
PHC-DST-B1-03,PHC-DST-B1-04,DST-B1,2025-04-16,34.0,55.1,OPEN,LOW
PHC-DST-B1-03,PHC-DST-B1-04,DST-B1,2025-04-17,34.0,52.3,OPEN,LOW
PHC-DST-B1-03,PHC-DST-B1-04,DST-B1,2025-04-18,34.0,53.5,OPEN,LOW
PHC-DST-B1-03,PHC-DST-B1-04,DST-B1,2025-04-19,34.0,54.7,OPEN,LOW
PHC-DST-B1-03,PHC-DST-B1-04,DST-B1,2025-04-20,34.0,49.8,OPEN,LOW
PHC-DST-B1-03,PHC-DST-B1-04,DST-B1,2025-04-21,34.0,52.8,OPEN,LOW
PHC-DST-B1-03,PHC-DST-B1-04,DST-B1,2025-04-22,34.0,49.9,OPEN,LOW
PHC-DST-B1-03,PHC-DST-B1-04,DST-B1,2025-04-23,34.0,52.3,OPEN,LOW
PHC-DST-B1-03,PHC-DST-B1-04,DST-B1,2025-04-24,34.0,51.8,OPEN,LOW
PHC-DST-B1-03,PHC-DST-B1-04,DST-B1,2025-04-25,34.0,55.9,OPEN,LOW
PHC-DST-B1-03,PHC-DST-B1-04,DST-B1,2025-04-26,34.0,49.4,OPEN,LOW
PHC-DST-B1-03,PHC-DST-B1-04,DST-B1,2025-04-27,34.0,54.8,OPEN,LOW
PHC-DST-B1-03,PHC-DST-B1-04,DST-B1,2025-04-28,34.0,51.9,OPEN,LOW
PHC-DST-B1-03,PHC-DST-B1-04,DST-B1,2025-04-29,34.0,52.8,OPEN,LOW
PHC-DST-B1-03,PHC-DST-B1-04,DST-B1,2025-04-30,34.0,52.5,OPEN,LOW
PHC-DST-B1-03,PHC-DST-B1-04,DST-B1,2025-05-01,34.0,51.9,OPEN,LOW
PHC-DST-B1-03,PHC-DST-B1-04,DST-B1,2025-05-02,34.0,51.5,OPEN,LOW
PHC-DST-B1-03,PHC-DST-B1-04,DST-B1,2025-05-03,34.0,51.2,OPEN,LOW
PHC-DST-B1-03,PHC-DST-B1-04,DST-B1,2025-05-04,34.0,54.0,OPEN,LOW
PHC-DST-B1-03,PHC-DST-B1-04,DST-B1,2025-05-05,34.0,50.5,OPEN,LOW
PHC-DST-B1-03,PHC-DST-B1-04,DST-B1,2025-05-06,34.0,50.8,OPEN,LOW
PHC-DST-B1-03,PHC-DST-B1-04,DST-B1,2025-05-07,34.0,51.4,OPEN,LOW
PHC-DST-B1-03,PHC-DST-B1-04,DST-B1,2025-05-08,34.0,51.5,OPEN,LOW
PHC-DST-B1-03,PHC-DST-B1-04,DST-B1,2025-05-09,34.0,53.7,OPEN,LOW
PHC-DST-B1-03,PHC-DST-B1-04,DST-B1,2025-05-10,34.0,50.5,OPEN,LOW
PHC-DST-B1-03,PHC-DST-B1-04,DST-B1,2025-05-11,34.0,49.5,OPEN,LOW
PHC-DST-B1-03,PHC-DST-B1-04,DST-B1,2025-05-12,34.0,49.3,OPEN,LOW
PHC-DST-B1-03,PHC-DST-B1-04,DST-B1,2025-05-13,34.0,55.1,OPEN,LOW
PHC-DST-B1-03,PHC-DST-B1-04,DST-B1,2025-05-14,34.0,55.2,OPEN,LOW
PHC-DST-B1-03,PHC-DST-B1-04,DST-B1,2025-05-15,34.0,49.0,OPEN,LOW
PHC-DST-B1-03,PHC-DST-B1-04,DST-B1,2025-05-16,34.0,55.3,OPEN,LOW
PHC-DST-B1-03,PHC-DST-B1-04,DST-B1,2025-05-17,34.0,54.4,OPEN,LOW
PHC-DST-B1-03,PHC-DST-B1-04,DST-B1,2025-05-18,34.0,55.0,OPEN,LOW
PHC-DST-B1-03,PHC-DST-B1-04,DST-B1,2025-05-19,34.0,52.3,OPEN,LOW
PHC-DST-B1-03,PHC-DST-B1-04,DST-B1,2025-05-20,34.0,55.7,OPEN,LOW
PHC-DST-B1-03,PHC-DST-B1-04,DST-B1,2025-05-21,34.0,55.1,OPEN,LOW
PHC-DST-B1-03,PHC-DST-B1-04,DST-B1,2025-05-22,34.0,52.1,OPEN,LOW
PHC-DST-B1-03,PHC-DST-B1-04,DST-B1,2025-05-23,34.0,56.0,OPEN,LOW
PHC-DST-B1-03,PHC-DST-B1-04,DST-B1,2025-05-24,34.0,48.7,OPEN,LOW
PHC-DST-B1-03,PHC-DST-B1-04,DST-B1,2025-05-25,34.0,53.8,OPEN,LOW
PHC-DST-B1-03,PHC-DST-B1-04,DST-B1,2025-05-26,34.0,52.7,OPEN,LOW
PHC-DST-B1-03,PHC-DST-B1-04,DST-B1,2025-05-27,34.0,52.5,OPEN,LOW
PHC-DST-B1-03,PHC-DST-B1-04,DST-B1,2025-05-28,34.0,48.6,OPEN,LOW
PHC-DST-B1-03,PHC-DST-B1-04,DST-B1,2025-05-29,34.0,55.5,OPEN,LOW
PHC-DST-B1-03,PHC-DST-B1-04,DST-B1,2025-05-30,34.0,50.0,OPEN,LOW
PHC-DST-B1-03,PHC-DST-B1-04,DST-B1,2025-05-31,34.0,55.4,OPEN,LOW
PHC-DST-B1-03,PHC-DST-B1-04,DST-B1,2025-06-01,34.0,54.6,OPEN,LOW
PHC-DST-B1-03,PHC-DST-B1-04,DST-B1,2025-06-02,34.0,49.7,OPEN,LOW
PHC-DST-B1-03,PHC-DST-B1-04,DST-B1,2025-06-03,34.0,48.9,OPEN,LOW
PHC-DST-B1-03,PHC-DST-B1-04,DST-B1,2025-06-04,34.0,55.6,OPEN,LOW
PHC-DST-B1-03,PHC-DST-B1-04,DST-B1,2025-06-05,34.0,48.7,OPEN,LOW
PHC-DST-B1-03,PHC-DST-B1-04,DST-B1,2025-06-06,34.0,53.1,OPEN,LOW
PHC-DST-B1-03,PHC-DST-B1-04,DST-B1,2025-06-07,34.0,50.0,OPEN,LOW
PHC-DST-B1-03,PHC-DST-B1-04,DST-B1,2025-06-08,34.0,48.7,OPEN,LOW
PHC-DST-B1-03,PHC-DST-B1-04,DST-B1,2025-06-09,34.0,54.6,OPEN,LOW
PHC-DST-B1-03,PHC-DST-B1-04,DST-B1,2025-06-10,34.0,54.5,OPEN,LOW
PHC-DST-B1-03,PHC-DST-B1-04,DST-B1,2025-06-11,34.0,54.7,OPEN,LOW
PHC-DST-B1-03,PHC-DST-B1-04,DST-B1,2025-06-12,34.0,54.1,OPEN,LOW
PHC-DST-B1-03,PHC-DST-B1-04,DST-B1,2025-06-13,34.0,52.7,OPEN,LOW
PHC-DST-B1-03,PHC-DST-B1-04,DST-B1,2025-06-14,34.0,50.4,OPEN,LOW
PHC-DST-B1-03,PHC-DST-B1-04,DST-B1,2025-06-15,34.0,54.5,OPEN,LOW
PHC-DST-B1-03,PHC-DST-B1-04,DST-B1,2025-06-16,34.0,52.4,OPEN,LOW
PHC-DST-B1-03,PHC-DST-B1-04,DST-B1,2025-06-17,34.0,52.5,OPEN,LOW
PHC-DST-B1-03,PHC-DST-B1-04,DST-B1,2025-06-18,34.0,51.8,OPEN,LOW
PHC-DST-B1-03,PHC-DST-B1-04,DST-B1,2025-06-19,34.0,55.8,OPEN,LOW
PHC-DST-B1-03,PHC-DST-B1-04,DST-B1,2025-06-20,34.0,49.7,OPEN,LOW
PHC-DST-B1-03,PHC-DST-B1-04,DST-B1,2025-06-21,34.0,56.0,OPEN,LOW
PHC-DST-B1-03,PHC-DST-B1-04,DST-B1,2025-06-22,34.0,49.8,OPEN,LOW
PHC-DST-B1-03,PHC-DST-B1-04,DST-B1,2025-06-23,34.0,48.9,OPEN,LOW
PHC-DST-B1-03,PHC-DST-B1-04,DST-B1,2025-06-24,34.0,53.6,OPEN,LOW
PHC-DST-B1-03,PHC-DST-B1-04,DST-B1,2025-06-25,34.0,52.0,OPEN,LOW
PHC-DST-B1-03,PHC-DST-B1-04,DST-B1,2025-06-26,34.0,50.8,OPEN,LOW
PHC-DST-B1-03,PHC-DST-B1-04,DST-B1,2025-06-27,34.0,55.4,OPEN,LOW
PHC-DST-B1-03,PHC-DST-B1-04,DST-B1,2025-06-28,34.0,49.6,OPEN,LOW
PHC-DST-B1-03,PHC-DST-B1-04,DST-B1,2025-06-29,34.0,54.1,OPEN,LOW
PHC-DST-B1-03,PHC-DST-B1-04,DST-B1,2025-06-30,34.0,48.7,OPEN,LOW
PHC-DST-B1-04,PHC-DST-B1-05,DST-B1,2024-07-01,25.6,66.5,DEGRADED,MODERATE
PHC-DST-B1-04,PHC-DST-B1-05,DST-B1,2024-07-02,25.6,98.4,DEGRADED,MODERATE
PHC-DST-B1-04,PHC-DST-B1-05,DST-B1,2024-07-03,25.6,39.6,OPEN,LOW
PHC-DST-B1-04,PHC-DST-B1-05,DST-B1,2024-07-04,25.6,39.8,OPEN,LOW
PHC-DST-B1-04,PHC-DST-B1-05,DST-B1,2024-07-05,25.6,38.5,OPEN,LOW
PHC-DST-B1-04,PHC-DST-B1-05,DST-B1,2024-07-06,25.6,54.3,DEGRADED,MODERATE
PHC-DST-B1-04,PHC-DST-B1-05,DST-B1,2024-07-07,25.6,40.1,OPEN,LOW
PHC-DST-B1-04,PHC-DST-B1-05,DST-B1,2024-07-08,25.6,36.6,OPEN,LOW
PHC-DST-B1-04,PHC-DST-B1-05,DST-B1,2024-07-09,25.6,41.6,OPEN,LOW
PHC-DST-B1-04,PHC-DST-B1-05,DST-B1,2024-07-10,25.6,72.2,DEGRADED,MODERATE
PHC-DST-B1-04,PHC-DST-B1-05,DST-B1,2024-07-11,25.6,38.0,OPEN,LOW
PHC-DST-B1-04,PHC-DST-B1-05,DST-B1,2024-07-12,25.6,41.5,OPEN,LOW
PHC-DST-B1-04,PHC-DST-B1-05,DST-B1,2024-07-13,25.6,41.4,OPEN,LOW
PHC-DST-B1-04,PHC-DST-B1-05,DST-B1,2024-07-14,25.6,39.2,OPEN,LOW
PHC-DST-B1-04,PHC-DST-B1-05,DST-B1,2024-07-15,25.6,60.4,DEGRADED,MODERATE
PHC-DST-B1-04,PHC-DST-B1-05,DST-B1,2024-07-16,25.6,66.2,DEGRADED,LOW
PHC-DST-B1-04,PHC-DST-B1-05,DST-B1,2024-07-17,25.6,40.6,OPEN,LOW
PHC-DST-B1-04,PHC-DST-B1-05,DST-B1,2024-07-18,25.6,39.3,OPEN,LOW
PHC-DST-B1-04,PHC-DST-B1-05,DST-B1,2024-07-19,25.6,191.9,BLOCKED,MODERATE
PHC-DST-B1-04,PHC-DST-B1-05,DST-B1,2024-07-20,25.6,38.1,OPEN,LOW
PHC-DST-B1-04,PHC-DST-B1-05,DST-B1,2024-07-21,25.6,70.9,DEGRADED,MODERATE
PHC-DST-B1-04,PHC-DST-B1-05,DST-B1,2024-07-22,25.6,65.0,DEGRADED,MODERATE
PHC-DST-B1-04,PHC-DST-B1-05,DST-B1,2024-07-23,25.6,69.7,DEGRADED,MODERATE
PHC-DST-B1-04,PHC-DST-B1-05,DST-B1,2024-07-24,25.6,42.2,OPEN,LOW
PHC-DST-B1-04,PHC-DST-B1-05,DST-B1,2024-07-25,25.6,40.9,OPEN,LOW
PHC-DST-B1-04,PHC-DST-B1-05,DST-B1,2024-07-26,25.6,69.5,DEGRADED,MODERATE
PHC-DST-B1-04,PHC-DST-B1-05,DST-B1,2024-07-27,25.6,41.7,OPEN,LOW
PHC-DST-B1-04,PHC-DST-B1-05,DST-B1,2024-07-28,25.6,70.4,DEGRADED,MODERATE
PHC-DST-B1-04,PHC-DST-B1-05,DST-B1,2024-07-29,25.6,56.5,DEGRADED,LOW
PHC-DST-B1-04,PHC-DST-B1-05,DST-B1,2024-07-30,25.6,41.8,OPEN,LOW
PHC-DST-B1-04,PHC-DST-B1-05,DST-B1,2024-07-31,25.6,41.0,OPEN,LOW
PHC-DST-B1-04,PHC-DST-B1-05,DST-B1,2024-08-01,25.6,38.5,OPEN,LOW
PHC-DST-B1-04,PHC-DST-B1-05,DST-B1,2024-08-02,25.6,37.9,OPEN,LOW
PHC-DST-B1-04,PHC-DST-B1-05,DST-B1,2024-08-03,25.6,39.9,OPEN,LOW
PHC-DST-B1-04,PHC-DST-B1-05,DST-B1,2024-08-04,25.6,67.3,DEGRADED,MODERATE
PHC-DST-B1-04,PHC-DST-B1-05,DST-B1,2024-08-05,25.6,37.4,OPEN,LOW
PHC-DST-B1-04,PHC-DST-B1-05,DST-B1,2024-08-06,25.6,38.8,OPEN,LOW
PHC-DST-B1-04,PHC-DST-B1-05,DST-B1,2024-08-07,25.6,65.3,DEGRADED,MODERATE
PHC-DST-B1-04,PHC-DST-B1-05,DST-B1,2024-08-08,25.6,37.5,OPEN,LOW
PHC-DST-B1-04,PHC-DST-B1-05,DST-B1,2024-08-09,25.6,41.0,OPEN,LOW
PHC-DST-B1-04,PHC-DST-B1-05,DST-B1,2024-08-10,25.6,120.7,DEGRADED,SEVERE
PHC-DST-B1-04,PHC-DST-B1-05,DST-B1,2024-08-11,25.6,36.6,OPEN,LOW
PHC-DST-B1-04,PHC-DST-B1-05,DST-B1,2024-08-12,25.6,38.6,OPEN,LOW
PHC-DST-B1-04,PHC-DST-B1-05,DST-B1,2024-08-13,25.6,66.6,DEGRADED,MODERATE
PHC-DST-B1-04,PHC-DST-B1-05,DST-B1,2024-08-14,25.6,37.1,OPEN,LOW
PHC-DST-B1-04,PHC-DST-B1-05,DST-B1,2024-08-15,25.6,39.6,OPEN,LOW
PHC-DST-B1-04,PHC-DST-B1-05,DST-B1,2024-08-16,25.6,37.5,OPEN,LOW
PHC-DST-B1-04,PHC-DST-B1-05,DST-B1,2024-08-17,25.6,75.3,DEGRADED,MODERATE
PHC-DST-B1-04,PHC-DST-B1-05,DST-B1,2024-08-18,25.6,55.2,DEGRADED,MODERATE
PHC-DST-B1-04,PHC-DST-B1-05,DST-B1,2024-08-19,25.6,39.9,OPEN,LOW
PHC-DST-B1-04,PHC-DST-B1-05,DST-B1,2024-08-20,25.6,41.3,OPEN,LOW
PHC-DST-B1-04,PHC-DST-B1-05,DST-B1,2024-08-21,25.6,64.2,DEGRADED,MODERATE
PHC-DST-B1-04,PHC-DST-B1-05,DST-B1,2024-08-22,25.6,38.9,OPEN,LOW
PHC-DST-B1-04,PHC-DST-B1-05,DST-B1,2024-08-23,25.6,37.9,OPEN,LOW
PHC-DST-B1-04,PHC-DST-B1-05,DST-B1,2024-08-24,25.6,38.1,OPEN,LOW
PHC-DST-B1-04,PHC-DST-B1-05,DST-B1,2024-08-25,25.6,39.2,OPEN,LOW
PHC-DST-B1-04,PHC-DST-B1-05,DST-B1,2024-08-26,25.6,75.8,DEGRADED,MODERATE
PHC-DST-B1-04,PHC-DST-B1-05,DST-B1,2024-08-27,25.6,41.5,OPEN,LOW
PHC-DST-B1-04,PHC-DST-B1-05,DST-B1,2024-08-28,25.6,68.0,DEGRADED,MODERATE
PHC-DST-B1-04,PHC-DST-B1-05,DST-B1,2024-08-29,25.6,62.2,DEGRADED,LOW
PHC-DST-B1-04,PHC-DST-B1-05,DST-B1,2024-08-30,25.6,41.0,OPEN,LOW
PHC-DST-B1-04,PHC-DST-B1-05,DST-B1,2024-08-31,25.6,41.2,OPEN,LOW
PHC-DST-B1-04,PHC-DST-B1-05,DST-B1,2024-09-01,25.6,40.0,OPEN,LOW
PHC-DST-B1-04,PHC-DST-B1-05,DST-B1,2024-09-02,25.6,55.3,DEGRADED,MODERATE
PHC-DST-B1-04,PHC-DST-B1-05,DST-B1,2024-09-03,25.6,41.3,OPEN,LOW
PHC-DST-B1-04,PHC-DST-B1-05,DST-B1,2024-09-04,25.6,39.1,OPEN,LOW
PHC-DST-B1-04,PHC-DST-B1-05,DST-B1,2024-09-05,25.6,37.8,OPEN,LOW
PHC-DST-B1-04,PHC-DST-B1-05,DST-B1,2024-09-06,25.6,37.1,OPEN,LOW
PHC-DST-B1-04,PHC-DST-B1-05,DST-B1,2024-09-07,25.6,38.0,OPEN,LOW
PHC-DST-B1-04,PHC-DST-B1-05,DST-B1,2024-09-08,25.6,40.4,OPEN,LOW
PHC-DST-B1-04,PHC-DST-B1-05,DST-B1,2024-09-09,25.6,38.0,OPEN,LOW
PHC-DST-B1-04,PHC-DST-B1-05,DST-B1,2024-09-10,25.6,39.2,OPEN,LOW
PHC-DST-B1-04,PHC-DST-B1-05,DST-B1,2024-09-11,25.6,37.0,OPEN,LOW
PHC-DST-B1-04,PHC-DST-B1-05,DST-B1,2024-09-12,25.6,39.6,OPEN,LOW
PHC-DST-B1-04,PHC-DST-B1-05,DST-B1,2024-09-13,25.6,38.9,OPEN,LOW
PHC-DST-B1-04,PHC-DST-B1-05,DST-B1,2024-09-14,25.6,37.3,OPEN,LOW
PHC-DST-B1-04,PHC-DST-B1-05,DST-B1,2024-09-15,25.6,73.9,DEGRADED,MODERATE
PHC-DST-B1-04,PHC-DST-B1-05,DST-B1,2024-09-16,25.6,37.3,OPEN,LOW
PHC-DST-B1-04,PHC-DST-B1-05,DST-B1,2024-09-17,25.6,39.4,OPEN,LOW
PHC-DST-B1-04,PHC-DST-B1-05,DST-B1,2024-09-18,25.6,235.2,BLOCKED,MODERATE
PHC-DST-B1-04,PHC-DST-B1-05,DST-B1,2024-09-19,25.6,60.2,DEGRADED,LOW
PHC-DST-B1-04,PHC-DST-B1-05,DST-B1,2024-09-20,25.6,66.6,DEGRADED,MODERATE
PHC-DST-B1-04,PHC-DST-B1-05,DST-B1,2024-09-21,25.6,36.6,OPEN,LOW
PHC-DST-B1-04,PHC-DST-B1-05,DST-B1,2024-09-22,25.6,37.5,OPEN,LOW
PHC-DST-B1-04,PHC-DST-B1-05,DST-B1,2024-09-23,25.6,40.5,OPEN,LOW
PHC-DST-B1-04,PHC-DST-B1-05,DST-B1,2024-09-24,25.6,41.2,OPEN,LOW
PHC-DST-B1-04,PHC-DST-B1-05,DST-B1,2024-09-25,25.6,38.6,OPEN,LOW
PHC-DST-B1-04,PHC-DST-B1-05,DST-B1,2024-09-26,25.6,39.3,OPEN,LOW
PHC-DST-B1-04,PHC-DST-B1-05,DST-B1,2024-09-27,25.6,41.5,OPEN,LOW
PHC-DST-B1-04,PHC-DST-B1-05,DST-B1,2024-09-28,25.6,40.4,OPEN,LOW
PHC-DST-B1-04,PHC-DST-B1-05,DST-B1,2024-09-29,25.6,40.5,OPEN,LOW
PHC-DST-B1-04,PHC-DST-B1-05,DST-B1,2024-09-30,25.6,38.5,OPEN,LOW
PHC-DST-B1-04,PHC-DST-B1-05,DST-B1,2024-10-01,25.6,39.1,OPEN,LOW
PHC-DST-B1-04,PHC-DST-B1-05,DST-B1,2024-10-02,25.6,41.4,OPEN,LOW
PHC-DST-B1-04,PHC-DST-B1-05,DST-B1,2024-10-03,25.6,40.7,OPEN,LOW
PHC-DST-B1-04,PHC-DST-B1-05,DST-B1,2024-10-04,25.6,36.7,OPEN,LOW
PHC-DST-B1-04,PHC-DST-B1-05,DST-B1,2024-10-05,25.6,40.8,OPEN,LOW
PHC-DST-B1-04,PHC-DST-B1-05,DST-B1,2024-10-06,25.6,39.5,OPEN,LOW
PHC-DST-B1-04,PHC-DST-B1-05,DST-B1,2024-10-07,25.6,40.9,OPEN,LOW
PHC-DST-B1-04,PHC-DST-B1-05,DST-B1,2024-10-08,25.6,39.4,OPEN,LOW
PHC-DST-B1-04,PHC-DST-B1-05,DST-B1,2024-10-09,25.6,40.5,OPEN,LOW
PHC-DST-B1-04,PHC-DST-B1-05,DST-B1,2024-10-10,25.6,40.4,OPEN,LOW
PHC-DST-B1-04,PHC-DST-B1-05,DST-B1,2024-10-11,25.6,41.0,OPEN,LOW
PHC-DST-B1-04,PHC-DST-B1-05,DST-B1,2024-10-12,25.6,39.8,OPEN,LOW
PHC-DST-B1-04,PHC-DST-B1-05,DST-B1,2024-10-13,25.6,38.9,OPEN,LOW
PHC-DST-B1-04,PHC-DST-B1-05,DST-B1,2024-10-14,25.6,40.3,OPEN,LOW
PHC-DST-B1-04,PHC-DST-B1-05,DST-B1,2024-10-15,25.6,40.4,OPEN,LOW
PHC-DST-B1-04,PHC-DST-B1-05,DST-B1,2024-10-16,25.6,42.1,OPEN,LOW
PHC-DST-B1-04,PHC-DST-B1-05,DST-B1,2024-10-17,25.6,40.8,OPEN,LOW
PHC-DST-B1-04,PHC-DST-B1-05,DST-B1,2024-10-18,25.6,38.3,OPEN,LOW
PHC-DST-B1-04,PHC-DST-B1-05,DST-B1,2024-10-19,25.6,37.2,OPEN,LOW
PHC-DST-B1-04,PHC-DST-B1-05,DST-B1,2024-10-20,25.6,41.4,OPEN,LOW
PHC-DST-B1-04,PHC-DST-B1-05,DST-B1,2024-10-21,25.6,40.8,OPEN,LOW
PHC-DST-B1-04,PHC-DST-B1-05,DST-B1,2024-10-22,25.6,37.8,OPEN,LOW
PHC-DST-B1-04,PHC-DST-B1-05,DST-B1,2024-10-23,25.6,38.1,OPEN,LOW
PHC-DST-B1-04,PHC-DST-B1-05,DST-B1,2024-10-24,25.6,39.7,OPEN,LOW
PHC-DST-B1-04,PHC-DST-B1-05,DST-B1,2024-10-25,25.6,41.0,OPEN,LOW
PHC-DST-B1-04,PHC-DST-B1-05,DST-B1,2024-10-26,25.6,38.4,OPEN,LOW
PHC-DST-B1-04,PHC-DST-B1-05,DST-B1,2024-10-27,25.6,41.1,OPEN,LOW
PHC-DST-B1-04,PHC-DST-B1-05,DST-B1,2024-10-28,25.6,42.2,OPEN,LOW
PHC-DST-B1-04,PHC-DST-B1-05,DST-B1,2024-10-29,25.6,39.3,OPEN,LOW
PHC-DST-B1-04,PHC-DST-B1-05,DST-B1,2024-10-30,25.6,40.3,OPEN,LOW
PHC-DST-B1-04,PHC-DST-B1-05,DST-B1,2024-10-31,25.6,39.4,OPEN,LOW
PHC-DST-B1-04,PHC-DST-B1-05,DST-B1,2024-11-01,25.6,38.7,OPEN,LOW
PHC-DST-B1-04,PHC-DST-B1-05,DST-B1,2024-11-02,25.6,38.4,OPEN,LOW
PHC-DST-B1-04,PHC-DST-B1-05,DST-B1,2024-11-03,25.6,38.3,OPEN,LOW
PHC-DST-B1-04,PHC-DST-B1-05,DST-B1,2024-11-04,25.6,36.8,OPEN,LOW
PHC-DST-B1-04,PHC-DST-B1-05,DST-B1,2024-11-05,25.6,38.4,OPEN,LOW
PHC-DST-B1-04,PHC-DST-B1-05,DST-B1,2024-11-06,25.6,41.1,OPEN,LOW
PHC-DST-B1-04,PHC-DST-B1-05,DST-B1,2024-11-07,25.6,38.8,OPEN,LOW
PHC-DST-B1-04,PHC-DST-B1-05,DST-B1,2024-11-08,25.6,36.7,OPEN,LOW
PHC-DST-B1-04,PHC-DST-B1-05,DST-B1,2024-11-09,25.6,39.7,OPEN,LOW
PHC-DST-B1-04,PHC-DST-B1-05,DST-B1,2024-11-10,25.6,36.8,OPEN,LOW
PHC-DST-B1-04,PHC-DST-B1-05,DST-B1,2024-11-11,25.6,38.9,OPEN,LOW
PHC-DST-B1-04,PHC-DST-B1-05,DST-B1,2024-11-12,25.6,38.0,OPEN,LOW
PHC-DST-B1-04,PHC-DST-B1-05,DST-B1,2024-11-13,25.6,40.3,OPEN,LOW
PHC-DST-B1-04,PHC-DST-B1-05,DST-B1,2024-11-14,25.6,37.2,OPEN,LOW
PHC-DST-B1-04,PHC-DST-B1-05,DST-B1,2024-11-15,25.6,42.0,OPEN,LOW
PHC-DST-B1-04,PHC-DST-B1-05,DST-B1,2024-11-16,25.6,36.6,OPEN,LOW
PHC-DST-B1-04,PHC-DST-B1-05,DST-B1,2024-11-17,25.6,38.1,OPEN,LOW
PHC-DST-B1-04,PHC-DST-B1-05,DST-B1,2024-11-18,25.6,41.5,OPEN,LOW
PHC-DST-B1-04,PHC-DST-B1-05,DST-B1,2024-11-19,25.6,41.6,OPEN,LOW
PHC-DST-B1-04,PHC-DST-B1-05,DST-B1,2024-11-20,25.6,39.8,OPEN,LOW
PHC-DST-B1-04,PHC-DST-B1-05,DST-B1,2024-11-21,25.6,40.7,OPEN,LOW
PHC-DST-B1-04,PHC-DST-B1-05,DST-B1,2024-11-22,25.6,41.7,OPEN,LOW
PHC-DST-B1-04,PHC-DST-B1-05,DST-B1,2024-11-23,25.6,39.7,OPEN,LOW
PHC-DST-B1-04,PHC-DST-B1-05,DST-B1,2024-11-24,25.6,39.6,OPEN,LOW
PHC-DST-B1-04,PHC-DST-B1-05,DST-B1,2024-11-25,25.6,41.8,OPEN,LOW
PHC-DST-B1-04,PHC-DST-B1-05,DST-B1,2024-11-26,25.6,42.0,OPEN,LOW
PHC-DST-B1-04,PHC-DST-B1-05,DST-B1,2024-11-27,25.6,36.6,OPEN,LOW
PHC-DST-B1-04,PHC-DST-B1-05,DST-B1,2024-11-28,25.6,41.0,OPEN,LOW
PHC-DST-B1-04,PHC-DST-B1-05,DST-B1,2024-11-29,25.6,38.5,OPEN,LOW
PHC-DST-B1-04,PHC-DST-B1-05,DST-B1,2024-11-30,25.6,39.8,OPEN,LOW
PHC-DST-B1-04,PHC-DST-B1-05,DST-B1,2024-12-01,25.6,37.1,OPEN,LOW
PHC-DST-B1-04,PHC-DST-B1-05,DST-B1,2024-12-02,25.6,42.0,OPEN,LOW
PHC-DST-B1-04,PHC-DST-B1-05,DST-B1,2024-12-03,25.6,37.2,OPEN,LOW
PHC-DST-B1-04,PHC-DST-B1-05,DST-B1,2024-12-04,25.6,40.6,OPEN,LOW
PHC-DST-B1-04,PHC-DST-B1-05,DST-B1,2024-12-05,25.6,38.5,OPEN,LOW
PHC-DST-B1-04,PHC-DST-B1-05,DST-B1,2024-12-06,25.6,37.9,OPEN,LOW
PHC-DST-B1-04,PHC-DST-B1-05,DST-B1,2024-12-07,25.6,39.1,OPEN,LOW
PHC-DST-B1-04,PHC-DST-B1-05,DST-B1,2024-12-08,25.6,38.8,OPEN,LOW
PHC-DST-B1-04,PHC-DST-B1-05,DST-B1,2024-12-09,25.6,38.8,OPEN,LOW
PHC-DST-B1-04,PHC-DST-B1-05,DST-B1,2024-12-10,25.6,38.1,OPEN,LOW
PHC-DST-B1-04,PHC-DST-B1-05,DST-B1,2024-12-11,25.6,37.9,OPEN,LOW
PHC-DST-B1-04,PHC-DST-B1-05,DST-B1,2024-12-12,25.6,41.6,OPEN,LOW
PHC-DST-B1-04,PHC-DST-B1-05,DST-B1,2024-12-13,25.6,38.6,OPEN,LOW
PHC-DST-B1-04,PHC-DST-B1-05,DST-B1,2024-12-14,25.6,39.1,OPEN,LOW
PHC-DST-B1-04,PHC-DST-B1-05,DST-B1,2024-12-15,25.6,41.8,OPEN,LOW
PHC-DST-B1-04,PHC-DST-B1-05,DST-B1,2024-12-16,25.6,41.4,OPEN,LOW
PHC-DST-B1-04,PHC-DST-B1-05,DST-B1,2024-12-17,25.6,37.2,OPEN,LOW
PHC-DST-B1-04,PHC-DST-B1-05,DST-B1,2024-12-18,25.6,38.1,OPEN,LOW
PHC-DST-B1-04,PHC-DST-B1-05,DST-B1,2024-12-19,25.6,42.1,OPEN,LOW
PHC-DST-B1-04,PHC-DST-B1-05,DST-B1,2024-12-20,25.6,39.0,OPEN,LOW
PHC-DST-B1-04,PHC-DST-B1-05,DST-B1,2024-12-21,25.6,37.4,OPEN,LOW
PHC-DST-B1-04,PHC-DST-B1-05,DST-B1,2024-12-22,25.6,37.7,OPEN,LOW
PHC-DST-B1-04,PHC-DST-B1-05,DST-B1,2024-12-23,25.6,38.1,OPEN,LOW
PHC-DST-B1-04,PHC-DST-B1-05,DST-B1,2024-12-24,25.6,39.1,OPEN,LOW
PHC-DST-B1-04,PHC-DST-B1-05,DST-B1,2024-12-25,25.6,39.9,OPEN,LOW
PHC-DST-B1-04,PHC-DST-B1-05,DST-B1,2024-12-26,25.6,38.1,OPEN,LOW
PHC-DST-B1-04,PHC-DST-B1-05,DST-B1,2024-12-27,25.6,39.4,OPEN,LOW
PHC-DST-B1-04,PHC-DST-B1-05,DST-B1,2024-12-28,25.6,38.4,OPEN,LOW
PHC-DST-B1-04,PHC-DST-B1-05,DST-B1,2024-12-29,25.6,42.0,OPEN,LOW
PHC-DST-B1-04,PHC-DST-B1-05,DST-B1,2024-12-30,25.6,41.6,OPEN,LOW
PHC-DST-B1-04,PHC-DST-B1-05,DST-B1,2024-12-31,25.6,38.2,OPEN,LOW
PHC-DST-B1-04,PHC-DST-B1-05,DST-B1,2025-01-01,25.6,38.7,OPEN,LOW
PHC-DST-B1-04,PHC-DST-B1-05,DST-B1,2025-01-02,25.6,42.0,OPEN,LOW
PHC-DST-B1-04,PHC-DST-B1-05,DST-B1,2025-01-03,25.6,38.4,OPEN,LOW
PHC-DST-B1-04,PHC-DST-B1-05,DST-B1,2025-01-04,25.6,41.0,OPEN,LOW
PHC-DST-B1-04,PHC-DST-B1-05,DST-B1,2025-01-05,25.6,39.0,OPEN,LOW
PHC-DST-B1-04,PHC-DST-B1-05,DST-B1,2025-01-06,25.6,41.9,OPEN,LOW
PHC-DST-B1-04,PHC-DST-B1-05,DST-B1,2025-01-07,25.6,41.5,OPEN,LOW
PHC-DST-B1-04,PHC-DST-B1-05,DST-B1,2025-01-08,25.6,40.2,OPEN,LOW
PHC-DST-B1-04,PHC-DST-B1-05,DST-B1,2025-01-09,25.6,39.9,OPEN,LOW
PHC-DST-B1-04,PHC-DST-B1-05,DST-B1,2025-01-10,25.6,40.1,OPEN,LOW
PHC-DST-B1-04,PHC-DST-B1-05,DST-B1,2025-01-11,25.6,39.5,OPEN,LOW
PHC-DST-B1-04,PHC-DST-B1-05,DST-B1,2025-01-12,25.6,37.1,OPEN,LOW
PHC-DST-B1-04,PHC-DST-B1-05,DST-B1,2025-01-13,25.6,41.3,OPEN,LOW
PHC-DST-B1-04,PHC-DST-B1-05,DST-B1,2025-01-14,25.6,37.5,OPEN,LOW
PHC-DST-B1-04,PHC-DST-B1-05,DST-B1,2025-01-15,25.6,37.8,OPEN,LOW
PHC-DST-B1-04,PHC-DST-B1-05,DST-B1,2025-01-16,25.6,37.3,OPEN,LOW
PHC-DST-B1-04,PHC-DST-B1-05,DST-B1,2025-01-17,25.6,41.5,OPEN,LOW
PHC-DST-B1-04,PHC-DST-B1-05,DST-B1,2025-01-18,25.6,38.8,OPEN,LOW
PHC-DST-B1-04,PHC-DST-B1-05,DST-B1,2025-01-19,25.6,36.6,OPEN,LOW
PHC-DST-B1-04,PHC-DST-B1-05,DST-B1,2025-01-20,25.6,39.2,OPEN,LOW
PHC-DST-B1-04,PHC-DST-B1-05,DST-B1,2025-01-21,25.6,38.9,OPEN,LOW
PHC-DST-B1-04,PHC-DST-B1-05,DST-B1,2025-01-22,25.6,40.1,OPEN,LOW
PHC-DST-B1-04,PHC-DST-B1-05,DST-B1,2025-01-23,25.6,37.3,OPEN,LOW
PHC-DST-B1-04,PHC-DST-B1-05,DST-B1,2025-01-24,25.6,40.9,OPEN,LOW
PHC-DST-B1-04,PHC-DST-B1-05,DST-B1,2025-01-25,25.6,39.1,OPEN,LOW
PHC-DST-B1-04,PHC-DST-B1-05,DST-B1,2025-01-26,25.6,38.2,OPEN,LOW
PHC-DST-B1-04,PHC-DST-B1-05,DST-B1,2025-01-27,25.6,38.5,OPEN,LOW
PHC-DST-B1-04,PHC-DST-B1-05,DST-B1,2025-01-28,25.6,41.3,OPEN,LOW
PHC-DST-B1-04,PHC-DST-B1-05,DST-B1,2025-01-29,25.6,40.9,OPEN,LOW
PHC-DST-B1-04,PHC-DST-B1-05,DST-B1,2025-01-30,25.6,39.8,OPEN,LOW
PHC-DST-B1-04,PHC-DST-B1-05,DST-B1,2025-01-31,25.6,37.2,OPEN,LOW
PHC-DST-B1-04,PHC-DST-B1-05,DST-B1,2025-02-01,25.6,41.3,OPEN,LOW
PHC-DST-B1-04,PHC-DST-B1-05,DST-B1,2025-02-02,25.6,38.7,OPEN,LOW
PHC-DST-B1-04,PHC-DST-B1-05,DST-B1,2025-02-03,25.6,40.8,OPEN,LOW
PHC-DST-B1-04,PHC-DST-B1-05,DST-B1,2025-02-04,25.6,38.7,OPEN,LOW
PHC-DST-B1-04,PHC-DST-B1-05,DST-B1,2025-02-05,25.6,38.4,OPEN,LOW
PHC-DST-B1-04,PHC-DST-B1-05,DST-B1,2025-02-06,25.6,38.6,OPEN,LOW
PHC-DST-B1-04,PHC-DST-B1-05,DST-B1,2025-02-07,25.6,40.0,OPEN,LOW
PHC-DST-B1-04,PHC-DST-B1-05,DST-B1,2025-02-08,25.6,39.8,OPEN,LOW
PHC-DST-B1-04,PHC-DST-B1-05,DST-B1,2025-02-09,25.6,40.7,OPEN,LOW
PHC-DST-B1-04,PHC-DST-B1-05,DST-B1,2025-02-10,25.6,37.7,OPEN,LOW
PHC-DST-B1-04,PHC-DST-B1-05,DST-B1,2025-02-11,25.6,41.8,OPEN,LOW
PHC-DST-B1-04,PHC-DST-B1-05,DST-B1,2025-02-12,25.6,38.6,OPEN,LOW
PHC-DST-B1-04,PHC-DST-B1-05,DST-B1,2025-02-13,25.6,40.0,OPEN,LOW
PHC-DST-B1-04,PHC-DST-B1-05,DST-B1,2025-02-14,25.6,40.6,OPEN,LOW
PHC-DST-B1-04,PHC-DST-B1-05,DST-B1,2025-02-15,25.6,36.8,OPEN,LOW
PHC-DST-B1-04,PHC-DST-B1-05,DST-B1,2025-02-16,25.6,38.1,OPEN,LOW
PHC-DST-B1-04,PHC-DST-B1-05,DST-B1,2025-02-17,25.6,38.2,OPEN,LOW
PHC-DST-B1-04,PHC-DST-B1-05,DST-B1,2025-02-18,25.6,37.4,OPEN,LOW
PHC-DST-B1-04,PHC-DST-B1-05,DST-B1,2025-02-19,25.6,39.7,OPEN,LOW
PHC-DST-B1-04,PHC-DST-B1-05,DST-B1,2025-02-20,25.6,42.1,OPEN,LOW
PHC-DST-B1-04,PHC-DST-B1-05,DST-B1,2025-02-21,25.6,41.6,OPEN,LOW
PHC-DST-B1-04,PHC-DST-B1-05,DST-B1,2025-02-22,25.6,39.7,OPEN,LOW
PHC-DST-B1-04,PHC-DST-B1-05,DST-B1,2025-02-23,25.6,39.7,OPEN,LOW
PHC-DST-B1-04,PHC-DST-B1-05,DST-B1,2025-02-24,25.6,41.0,OPEN,LOW
PHC-DST-B1-04,PHC-DST-B1-05,DST-B1,2025-02-25,25.6,42.2,OPEN,LOW
PHC-DST-B1-04,PHC-DST-B1-05,DST-B1,2025-02-26,25.6,42.0,OPEN,LOW
PHC-DST-B1-04,PHC-DST-B1-05,DST-B1,2025-02-27,25.6,40.9,OPEN,LOW
PHC-DST-B1-04,PHC-DST-B1-05,DST-B1,2025-02-28,25.6,39.3,OPEN,LOW
PHC-DST-B1-04,PHC-DST-B1-05,DST-B1,2025-03-01,25.6,38.1,OPEN,LOW
PHC-DST-B1-04,PHC-DST-B1-05,DST-B1,2025-03-02,25.6,37.9,OPEN,LOW
PHC-DST-B1-04,PHC-DST-B1-05,DST-B1,2025-03-03,25.6,39.4,OPEN,LOW
PHC-DST-B1-04,PHC-DST-B1-05,DST-B1,2025-03-04,25.6,39.2,OPEN,LOW
PHC-DST-B1-04,PHC-DST-B1-05,DST-B1,2025-03-05,25.6,38.6,OPEN,LOW
PHC-DST-B1-04,PHC-DST-B1-05,DST-B1,2025-03-06,25.6,38.4,OPEN,LOW
PHC-DST-B1-04,PHC-DST-B1-05,DST-B1,2025-03-07,25.6,41.0,OPEN,LOW
PHC-DST-B1-04,PHC-DST-B1-05,DST-B1,2025-03-08,25.6,42.0,OPEN,LOW
PHC-DST-B1-04,PHC-DST-B1-05,DST-B1,2025-03-09,25.6,41.7,OPEN,LOW
PHC-DST-B1-04,PHC-DST-B1-05,DST-B1,2025-03-10,25.6,37.4,OPEN,LOW
PHC-DST-B1-04,PHC-DST-B1-05,DST-B1,2025-03-11,25.6,38.5,OPEN,LOW
PHC-DST-B1-04,PHC-DST-B1-05,DST-B1,2025-03-12,25.6,37.1,OPEN,LOW
PHC-DST-B1-04,PHC-DST-B1-05,DST-B1,2025-03-13,25.6,38.2,OPEN,LOW
PHC-DST-B1-04,PHC-DST-B1-05,DST-B1,2025-03-14,25.6,37.2,OPEN,LOW
PHC-DST-B1-04,PHC-DST-B1-05,DST-B1,2025-03-15,25.6,38.3,OPEN,LOW
PHC-DST-B1-04,PHC-DST-B1-05,DST-B1,2025-03-16,25.6,37.9,OPEN,LOW
PHC-DST-B1-04,PHC-DST-B1-05,DST-B1,2025-03-17,25.6,42.2,OPEN,LOW
PHC-DST-B1-04,PHC-DST-B1-05,DST-B1,2025-03-18,25.6,39.4,OPEN,LOW
PHC-DST-B1-04,PHC-DST-B1-05,DST-B1,2025-03-19,25.6,40.4,OPEN,LOW
PHC-DST-B1-04,PHC-DST-B1-05,DST-B1,2025-03-20,25.6,38.4,OPEN,LOW
PHC-DST-B1-04,PHC-DST-B1-05,DST-B1,2025-03-21,25.6,38.7,OPEN,LOW
PHC-DST-B1-04,PHC-DST-B1-05,DST-B1,2025-03-22,25.6,37.4,OPEN,LOW
PHC-DST-B1-04,PHC-DST-B1-05,DST-B1,2025-03-23,25.6,39.3,OPEN,LOW
PHC-DST-B1-04,PHC-DST-B1-05,DST-B1,2025-03-24,25.6,37.5,OPEN,LOW
PHC-DST-B1-04,PHC-DST-B1-05,DST-B1,2025-03-25,25.6,42.2,OPEN,LOW
PHC-DST-B1-04,PHC-DST-B1-05,DST-B1,2025-03-26,25.6,39.2,OPEN,LOW
PHC-DST-B1-04,PHC-DST-B1-05,DST-B1,2025-03-27,25.6,38.3,OPEN,LOW
PHC-DST-B1-04,PHC-DST-B1-05,DST-B1,2025-03-28,25.6,38.1,OPEN,LOW
PHC-DST-B1-04,PHC-DST-B1-05,DST-B1,2025-03-29,25.6,37.4,OPEN,LOW
PHC-DST-B1-04,PHC-DST-B1-05,DST-B1,2025-03-30,25.6,41.1,OPEN,LOW
PHC-DST-B1-04,PHC-DST-B1-05,DST-B1,2025-03-31,25.6,38.9,OPEN,LOW
PHC-DST-B1-04,PHC-DST-B1-05,DST-B1,2025-04-01,25.6,40.1,OPEN,LOW
PHC-DST-B1-04,PHC-DST-B1-05,DST-B1,2025-04-02,25.6,40.3,OPEN,LOW
PHC-DST-B1-04,PHC-DST-B1-05,DST-B1,2025-04-03,25.6,39.1,OPEN,LOW
PHC-DST-B1-04,PHC-DST-B1-05,DST-B1,2025-04-04,25.6,37.7,OPEN,LOW
PHC-DST-B1-04,PHC-DST-B1-05,DST-B1,2025-04-05,25.6,37.4,OPEN,LOW
PHC-DST-B1-04,PHC-DST-B1-05,DST-B1,2025-04-06,25.6,37.2,OPEN,LOW
PHC-DST-B1-04,PHC-DST-B1-05,DST-B1,2025-04-07,25.6,37.6,OPEN,LOW
PHC-DST-B1-04,PHC-DST-B1-05,DST-B1,2025-04-08,25.6,37.0,OPEN,LOW
PHC-DST-B1-04,PHC-DST-B1-05,DST-B1,2025-04-09,25.6,36.8,OPEN,LOW
PHC-DST-B1-04,PHC-DST-B1-05,DST-B1,2025-04-10,25.6,38.7,OPEN,LOW
PHC-DST-B1-04,PHC-DST-B1-05,DST-B1,2025-04-11,25.6,39.4,OPEN,LOW
PHC-DST-B1-04,PHC-DST-B1-05,DST-B1,2025-04-12,25.6,37.7,OPEN,LOW
PHC-DST-B1-04,PHC-DST-B1-05,DST-B1,2025-04-13,25.6,37.0,OPEN,LOW
PHC-DST-B1-04,PHC-DST-B1-05,DST-B1,2025-04-14,25.6,40.1,OPEN,LOW
PHC-DST-B1-04,PHC-DST-B1-05,DST-B1,2025-04-15,25.6,42.0,OPEN,LOW
PHC-DST-B1-04,PHC-DST-B1-05,DST-B1,2025-04-16,25.6,38.5,OPEN,LOW
PHC-DST-B1-04,PHC-DST-B1-05,DST-B1,2025-04-17,25.6,39.7,OPEN,LOW
PHC-DST-B1-04,PHC-DST-B1-05,DST-B1,2025-04-18,25.6,42.2,OPEN,LOW
PHC-DST-B1-04,PHC-DST-B1-05,DST-B1,2025-04-19,25.6,42.1,OPEN,LOW
PHC-DST-B1-04,PHC-DST-B1-05,DST-B1,2025-04-20,25.6,36.7,OPEN,LOW
PHC-DST-B1-04,PHC-DST-B1-05,DST-B1,2025-04-21,25.6,39.6,OPEN,LOW
PHC-DST-B1-04,PHC-DST-B1-05,DST-B1,2025-04-22,25.6,37.8,OPEN,LOW
PHC-DST-B1-04,PHC-DST-B1-05,DST-B1,2025-04-23,25.6,40.3,OPEN,LOW
PHC-DST-B1-04,PHC-DST-B1-05,DST-B1,2025-04-24,25.6,40.6,OPEN,LOW
PHC-DST-B1-04,PHC-DST-B1-05,DST-B1,2025-04-25,25.6,39.5,OPEN,LOW
PHC-DST-B1-04,PHC-DST-B1-05,DST-B1,2025-04-26,25.6,39.1,OPEN,LOW
PHC-DST-B1-04,PHC-DST-B1-05,DST-B1,2025-04-27,25.6,40.9,OPEN,LOW
PHC-DST-B1-04,PHC-DST-B1-05,DST-B1,2025-04-28,25.6,41.2,OPEN,LOW
PHC-DST-B1-04,PHC-DST-B1-05,DST-B1,2025-04-29,25.6,41.0,OPEN,LOW
PHC-DST-B1-04,PHC-DST-B1-05,DST-B1,2025-04-30,25.6,38.7,OPEN,LOW
PHC-DST-B1-04,PHC-DST-B1-05,DST-B1,2025-05-01,25.6,36.5,OPEN,LOW
PHC-DST-B1-04,PHC-DST-B1-05,DST-B1,2025-05-02,25.6,37.9,OPEN,LOW
PHC-DST-B1-04,PHC-DST-B1-05,DST-B1,2025-05-03,25.6,38.7,OPEN,LOW
PHC-DST-B1-04,PHC-DST-B1-05,DST-B1,2025-05-04,25.6,37.4,OPEN,LOW
PHC-DST-B1-04,PHC-DST-B1-05,DST-B1,2025-05-05,25.6,39.4,OPEN,LOW
PHC-DST-B1-04,PHC-DST-B1-05,DST-B1,2025-05-06,25.6,41.7,OPEN,LOW
PHC-DST-B1-04,PHC-DST-B1-05,DST-B1,2025-05-07,25.6,40.0,OPEN,LOW
PHC-DST-B1-04,PHC-DST-B1-05,DST-B1,2025-05-08,25.6,39.3,OPEN,LOW
PHC-DST-B1-04,PHC-DST-B1-05,DST-B1,2025-05-09,25.6,41.8,OPEN,LOW
PHC-DST-B1-04,PHC-DST-B1-05,DST-B1,2025-05-10,25.6,38.0,OPEN,LOW
PHC-DST-B1-04,PHC-DST-B1-05,DST-B1,2025-05-11,25.6,40.0,OPEN,LOW
PHC-DST-B1-04,PHC-DST-B1-05,DST-B1,2025-05-12,25.6,38.1,OPEN,LOW
PHC-DST-B1-04,PHC-DST-B1-05,DST-B1,2025-05-13,25.6,37.9,OPEN,LOW
PHC-DST-B1-04,PHC-DST-B1-05,DST-B1,2025-05-14,25.6,39.2,OPEN,LOW
PHC-DST-B1-04,PHC-DST-B1-05,DST-B1,2025-05-15,25.6,41.1,OPEN,LOW
PHC-DST-B1-04,PHC-DST-B1-05,DST-B1,2025-05-16,25.6,38.3,OPEN,LOW
PHC-DST-B1-04,PHC-DST-B1-05,DST-B1,2025-05-17,25.6,38.9,OPEN,LOW
PHC-DST-B1-04,PHC-DST-B1-05,DST-B1,2025-05-18,25.6,38.5,OPEN,LOW
PHC-DST-B1-04,PHC-DST-B1-05,DST-B1,2025-05-19,25.6,39.5,OPEN,LOW
PHC-DST-B1-04,PHC-DST-B1-05,DST-B1,2025-05-20,25.6,39.8,OPEN,LOW
PHC-DST-B1-04,PHC-DST-B1-05,DST-B1,2025-05-21,25.6,39.7,OPEN,LOW
PHC-DST-B1-04,PHC-DST-B1-05,DST-B1,2025-05-22,25.6,39.6,OPEN,LOW
PHC-DST-B1-04,PHC-DST-B1-05,DST-B1,2025-05-23,25.6,37.3,OPEN,LOW
PHC-DST-B1-04,PHC-DST-B1-05,DST-B1,2025-05-24,25.6,37.1,OPEN,LOW
PHC-DST-B1-04,PHC-DST-B1-05,DST-B1,2025-05-25,25.6,38.8,OPEN,LOW
PHC-DST-B1-04,PHC-DST-B1-05,DST-B1,2025-05-26,25.6,38.0,OPEN,LOW
PHC-DST-B1-04,PHC-DST-B1-05,DST-B1,2025-05-27,25.6,39.9,OPEN,LOW
PHC-DST-B1-04,PHC-DST-B1-05,DST-B1,2025-05-28,25.6,36.9,OPEN,LOW
PHC-DST-B1-04,PHC-DST-B1-05,DST-B1,2025-05-29,25.6,37.2,OPEN,LOW
PHC-DST-B1-04,PHC-DST-B1-05,DST-B1,2025-05-30,25.6,42.1,OPEN,LOW
PHC-DST-B1-04,PHC-DST-B1-05,DST-B1,2025-05-31,25.6,39.0,OPEN,LOW
PHC-DST-B1-04,PHC-DST-B1-05,DST-B1,2025-06-01,25.6,37.9,OPEN,LOW
PHC-DST-B1-04,PHC-DST-B1-05,DST-B1,2025-06-02,25.6,41.2,OPEN,LOW
PHC-DST-B1-04,PHC-DST-B1-05,DST-B1,2025-06-03,25.6,38.1,OPEN,LOW
PHC-DST-B1-04,PHC-DST-B1-05,DST-B1,2025-06-04,25.6,40.8,OPEN,LOW
PHC-DST-B1-04,PHC-DST-B1-05,DST-B1,2025-06-05,25.6,41.0,OPEN,LOW
PHC-DST-B1-04,PHC-DST-B1-05,DST-B1,2025-06-06,25.6,41.4,OPEN,LOW
PHC-DST-B1-04,PHC-DST-B1-05,DST-B1,2025-06-07,25.6,40.1,OPEN,LOW
PHC-DST-B1-04,PHC-DST-B1-05,DST-B1,2025-06-08,25.6,37.4,OPEN,LOW
PHC-DST-B1-04,PHC-DST-B1-05,DST-B1,2025-06-09,25.6,41.4,OPEN,LOW
PHC-DST-B1-04,PHC-DST-B1-05,DST-B1,2025-06-10,25.6,36.5,OPEN,LOW
PHC-DST-B1-04,PHC-DST-B1-05,DST-B1,2025-06-11,25.6,41.4,OPEN,LOW
PHC-DST-B1-04,PHC-DST-B1-05,DST-B1,2025-06-12,25.6,39.4,OPEN,LOW
PHC-DST-B1-04,PHC-DST-B1-05,DST-B1,2025-06-13,25.6,37.8,OPEN,LOW
PHC-DST-B1-04,PHC-DST-B1-05,DST-B1,2025-06-14,25.6,39.8,OPEN,LOW
PHC-DST-B1-04,PHC-DST-B1-05,DST-B1,2025-06-15,25.6,37.2,OPEN,LOW
PHC-DST-B1-04,PHC-DST-B1-05,DST-B1,2025-06-16,25.6,39.7,OPEN,LOW
PHC-DST-B1-04,PHC-DST-B1-05,DST-B1,2025-06-17,25.6,37.3,OPEN,LOW
PHC-DST-B1-04,PHC-DST-B1-05,DST-B1,2025-06-18,25.6,37.7,OPEN,LOW
PHC-DST-B1-04,PHC-DST-B1-05,DST-B1,2025-06-19,25.6,40.4,OPEN,LOW
PHC-DST-B1-04,PHC-DST-B1-05,DST-B1,2025-06-20,25.6,39.0,OPEN,LOW
PHC-DST-B1-04,PHC-DST-B1-05,DST-B1,2025-06-21,25.6,37.0,OPEN,LOW
PHC-DST-B1-04,PHC-DST-B1-05,DST-B1,2025-06-22,25.6,40.1,OPEN,LOW
PHC-DST-B1-04,PHC-DST-B1-05,DST-B1,2025-06-23,25.6,36.5,OPEN,LOW
PHC-DST-B1-04,PHC-DST-B1-05,DST-B1,2025-06-24,25.6,36.6,OPEN,LOW
PHC-DST-B1-04,PHC-DST-B1-05,DST-B1,2025-06-25,25.6,40.5,OPEN,LOW
PHC-DST-B1-04,PHC-DST-B1-05,DST-B1,2025-06-26,25.6,37.6,OPEN,LOW
PHC-DST-B1-04,PHC-DST-B1-05,DST-B1,2025-06-27,25.6,39.2,OPEN,LOW
PHC-DST-B1-04,PHC-DST-B1-05,DST-B1,2025-06-28,25.6,38.9,OPEN,LOW
PHC-DST-B1-04,PHC-DST-B1-05,DST-B1,2025-06-29,25.6,36.5,OPEN,LOW
PHC-DST-B1-04,PHC-DST-B1-05,DST-B1,2025-06-30,25.6,41.7,OPEN,LOW
PHC-DST-B1-05,PHC-DST-B1-06,DST-B1,2024-07-01,25.0,74.4,DEGRADED,MODERATE
PHC-DST-B1-05,PHC-DST-B1-06,DST-B1,2024-07-02,25.0,231.8,BLOCKED,MODERATE
PHC-DST-B1-05,PHC-DST-B1-06,DST-B1,2024-07-03,25.0,35.7,OPEN,LOW
PHC-DST-B1-05,PHC-DST-B1-06,DST-B1,2024-07-04,25.0,37.4,OPEN,LOW
PHC-DST-B1-05,PHC-DST-B1-06,DST-B1,2024-07-05,25.0,39.0,OPEN,LOW
PHC-DST-B1-05,PHC-DST-B1-06,DST-B1,2024-07-06,25.0,59.7,DEGRADED,MODERATE
PHC-DST-B1-05,PHC-DST-B1-06,DST-B1,2024-07-07,25.0,39.0,OPEN,LOW
PHC-DST-B1-05,PHC-DST-B1-06,DST-B1,2024-07-08,25.0,41.2,OPEN,LOW
PHC-DST-B1-05,PHC-DST-B1-06,DST-B1,2024-07-09,25.0,39.3,OPEN,LOW
PHC-DST-B1-05,PHC-DST-B1-06,DST-B1,2024-07-10,25.0,61.3,DEGRADED,MODERATE
PHC-DST-B1-05,PHC-DST-B1-06,DST-B1,2024-07-11,25.0,35.8,OPEN,LOW
PHC-DST-B1-05,PHC-DST-B1-06,DST-B1,2024-07-12,25.0,36.3,OPEN,LOW
PHC-DST-B1-05,PHC-DST-B1-06,DST-B1,2024-07-13,25.0,39.6,OPEN,LOW
PHC-DST-B1-05,PHC-DST-B1-06,DST-B1,2024-07-14,25.0,41.2,OPEN,LOW
PHC-DST-B1-05,PHC-DST-B1-06,DST-B1,2024-07-15,25.0,56.1,DEGRADED,MODERATE
PHC-DST-B1-05,PHC-DST-B1-06,DST-B1,2024-07-16,25.0,58.1,DEGRADED,LOW
PHC-DST-B1-05,PHC-DST-B1-06,DST-B1,2024-07-17,25.0,38.3,OPEN,LOW
PHC-DST-B1-05,PHC-DST-B1-06,DST-B1,2024-07-18,25.0,40.0,OPEN,LOW
PHC-DST-B1-05,PHC-DST-B1-06,DST-B1,2024-07-19,25.0,188.7,BLOCKED,MODERATE
PHC-DST-B1-05,PHC-DST-B1-06,DST-B1,2024-07-20,25.0,35.8,OPEN,LOW
PHC-DST-B1-05,PHC-DST-B1-06,DST-B1,2024-07-21,25.0,67.8,DEGRADED,MODERATE
PHC-DST-B1-05,PHC-DST-B1-06,DST-B1,2024-07-22,25.0,71.3,DEGRADED,MODERATE
PHC-DST-B1-05,PHC-DST-B1-06,DST-B1,2024-07-23,25.0,61.6,DEGRADED,MODERATE
PHC-DST-B1-05,PHC-DST-B1-06,DST-B1,2024-07-24,25.0,40.0,OPEN,LOW
PHC-DST-B1-05,PHC-DST-B1-06,DST-B1,2024-07-25,25.0,36.7,OPEN,LOW
PHC-DST-B1-05,PHC-DST-B1-06,DST-B1,2024-07-26,25.0,55.6,DEGRADED,MODERATE
PHC-DST-B1-05,PHC-DST-B1-06,DST-B1,2024-07-27,25.0,36.2,OPEN,LOW
PHC-DST-B1-05,PHC-DST-B1-06,DST-B1,2024-07-28,25.0,53.0,DEGRADED,MODERATE
PHC-DST-B1-05,PHC-DST-B1-06,DST-B1,2024-07-29,25.0,55.0,DEGRADED,LOW
PHC-DST-B1-05,PHC-DST-B1-06,DST-B1,2024-07-30,25.0,40.2,OPEN,LOW
PHC-DST-B1-05,PHC-DST-B1-06,DST-B1,2024-07-31,25.0,40.5,OPEN,LOW
PHC-DST-B1-05,PHC-DST-B1-06,DST-B1,2024-08-01,25.0,38.2,OPEN,LOW
PHC-DST-B1-05,PHC-DST-B1-06,DST-B1,2024-08-02,25.0,36.1,OPEN,LOW
PHC-DST-B1-05,PHC-DST-B1-06,DST-B1,2024-08-03,25.0,41.0,OPEN,LOW
PHC-DST-B1-05,PHC-DST-B1-06,DST-B1,2024-08-04,25.0,65.1,DEGRADED,MODERATE
PHC-DST-B1-05,PHC-DST-B1-06,DST-B1,2024-08-05,25.0,39.3,OPEN,LOW
PHC-DST-B1-05,PHC-DST-B1-06,DST-B1,2024-08-06,25.0,38.0,OPEN,LOW
PHC-DST-B1-05,PHC-DST-B1-06,DST-B1,2024-08-07,25.0,58.4,DEGRADED,MODERATE
PHC-DST-B1-05,PHC-DST-B1-06,DST-B1,2024-08-08,25.0,40.0,OPEN,LOW
PHC-DST-B1-05,PHC-DST-B1-06,DST-B1,2024-08-09,25.0,38.9,OPEN,LOW
PHC-DST-B1-05,PHC-DST-B1-06,DST-B1,2024-08-10,25.0,260.2,BLOCKED,SEVERE
PHC-DST-B1-05,PHC-DST-B1-06,DST-B1,2024-08-11,25.0,38.2,OPEN,LOW
PHC-DST-B1-05,PHC-DST-B1-06,DST-B1,2024-08-12,25.0,37.3,OPEN,LOW
PHC-DST-B1-05,PHC-DST-B1-06,DST-B1,2024-08-13,25.0,60.0,DEGRADED,MODERATE
PHC-DST-B1-05,PHC-DST-B1-06,DST-B1,2024-08-14,25.0,36.0,OPEN,LOW
PHC-DST-B1-05,PHC-DST-B1-06,DST-B1,2024-08-15,25.0,36.2,OPEN,LOW
PHC-DST-B1-05,PHC-DST-B1-06,DST-B1,2024-08-16,25.0,37.0,OPEN,LOW
PHC-DST-B1-05,PHC-DST-B1-06,DST-B1,2024-08-17,25.0,60.7,DEGRADED,MODERATE
PHC-DST-B1-05,PHC-DST-B1-06,DST-B1,2024-08-18,25.0,59.8,DEGRADED,MODERATE
PHC-DST-B1-05,PHC-DST-B1-06,DST-B1,2024-08-19,25.0,37.2,OPEN,LOW
PHC-DST-B1-05,PHC-DST-B1-06,DST-B1,2024-08-20,25.0,38.4,OPEN,LOW
PHC-DST-B1-05,PHC-DST-B1-06,DST-B1,2024-08-21,25.0,64.5,DEGRADED,MODERATE
PHC-DST-B1-05,PHC-DST-B1-06,DST-B1,2024-08-22,25.0,39.7,OPEN,LOW
PHC-DST-B1-05,PHC-DST-B1-06,DST-B1,2024-08-23,25.0,36.2,OPEN,LOW
PHC-DST-B1-05,PHC-DST-B1-06,DST-B1,2024-08-24,25.0,41.2,OPEN,LOW
PHC-DST-B1-05,PHC-DST-B1-06,DST-B1,2024-08-25,25.0,40.6,OPEN,LOW
PHC-DST-B1-05,PHC-DST-B1-06,DST-B1,2024-08-26,25.0,63.2,DEGRADED,MODERATE
PHC-DST-B1-05,PHC-DST-B1-06,DST-B1,2024-08-27,25.0,38.1,OPEN,LOW
PHC-DST-B1-05,PHC-DST-B1-06,DST-B1,2024-08-28,25.0,71.6,DEGRADED,MODERATE
PHC-DST-B1-05,PHC-DST-B1-06,DST-B1,2024-08-29,25.0,66.7,DEGRADED,LOW
PHC-DST-B1-05,PHC-DST-B1-06,DST-B1,2024-08-30,25.0,37.8,OPEN,LOW
PHC-DST-B1-05,PHC-DST-B1-06,DST-B1,2024-08-31,25.0,36.6,OPEN,LOW
PHC-DST-B1-05,PHC-DST-B1-06,DST-B1,2024-09-01,25.0,39.8,OPEN,LOW
PHC-DST-B1-05,PHC-DST-B1-06,DST-B1,2024-09-02,25.0,68.6,DEGRADED,MODERATE
PHC-DST-B1-05,PHC-DST-B1-06,DST-B1,2024-09-03,25.0,38.6,OPEN,LOW
PHC-DST-B1-05,PHC-DST-B1-06,DST-B1,2024-09-04,25.0,38.2,OPEN,LOW
PHC-DST-B1-05,PHC-DST-B1-06,DST-B1,2024-09-05,25.0,35.9,OPEN,LOW
PHC-DST-B1-05,PHC-DST-B1-06,DST-B1,2024-09-06,25.0,41.2,OPEN,LOW
PHC-DST-B1-05,PHC-DST-B1-06,DST-B1,2024-09-07,25.0,40.1,OPEN,LOW
PHC-DST-B1-05,PHC-DST-B1-06,DST-B1,2024-09-08,25.0,36.9,OPEN,LOW
PHC-DST-B1-05,PHC-DST-B1-06,DST-B1,2024-09-09,25.0,37.8,OPEN,LOW
PHC-DST-B1-05,PHC-DST-B1-06,DST-B1,2024-09-10,25.0,41.1,OPEN,LOW
PHC-DST-B1-05,PHC-DST-B1-06,DST-B1,2024-09-11,25.0,39.5,OPEN,LOW
PHC-DST-B1-05,PHC-DST-B1-06,DST-B1,2024-09-12,25.0,40.6,OPEN,LOW
PHC-DST-B1-05,PHC-DST-B1-06,DST-B1,2024-09-13,25.0,39.9,OPEN,LOW
PHC-DST-B1-05,PHC-DST-B1-06,DST-B1,2024-09-14,25.0,35.9,OPEN,LOW
PHC-DST-B1-05,PHC-DST-B1-06,DST-B1,2024-09-15,25.0,60.0,DEGRADED,MODERATE
PHC-DST-B1-05,PHC-DST-B1-06,DST-B1,2024-09-16,25.0,39.1,OPEN,LOW
PHC-DST-B1-05,PHC-DST-B1-06,DST-B1,2024-09-17,25.0,38.7,OPEN,LOW
PHC-DST-B1-05,PHC-DST-B1-06,DST-B1,2024-09-18,25.0,243.2,BLOCKED,MODERATE
PHC-DST-B1-05,PHC-DST-B1-06,DST-B1,2024-09-19,25.0,66.8,DEGRADED,LOW
PHC-DST-B1-05,PHC-DST-B1-06,DST-B1,2024-09-20,25.0,66.9,DEGRADED,MODERATE
PHC-DST-B1-05,PHC-DST-B1-06,DST-B1,2024-09-21,25.0,37.3,OPEN,LOW
PHC-DST-B1-05,PHC-DST-B1-06,DST-B1,2024-09-22,25.0,36.4,OPEN,LOW
PHC-DST-B1-05,PHC-DST-B1-06,DST-B1,2024-09-23,25.0,40.5,OPEN,LOW
PHC-DST-B1-05,PHC-DST-B1-06,DST-B1,2024-09-24,25.0,37.8,OPEN,LOW
PHC-DST-B1-05,PHC-DST-B1-06,DST-B1,2024-09-25,25.0,40.1,OPEN,LOW
PHC-DST-B1-05,PHC-DST-B1-06,DST-B1,2024-09-26,25.0,37.5,OPEN,LOW
PHC-DST-B1-05,PHC-DST-B1-06,DST-B1,2024-09-27,25.0,41.0,OPEN,LOW
PHC-DST-B1-05,PHC-DST-B1-06,DST-B1,2024-09-28,25.0,39.9,OPEN,LOW
PHC-DST-B1-05,PHC-DST-B1-06,DST-B1,2024-09-29,25.0,36.9,OPEN,LOW
PHC-DST-B1-05,PHC-DST-B1-06,DST-B1,2024-09-30,25.0,39.0,OPEN,LOW
PHC-DST-B1-05,PHC-DST-B1-06,DST-B1,2024-10-01,25.0,40.1,OPEN,LOW
PHC-DST-B1-05,PHC-DST-B1-06,DST-B1,2024-10-02,25.0,40.3,OPEN,LOW
PHC-DST-B1-05,PHC-DST-B1-06,DST-B1,2024-10-03,25.0,35.9,OPEN,LOW
PHC-DST-B1-05,PHC-DST-B1-06,DST-B1,2024-10-04,25.0,39.6,OPEN,LOW
PHC-DST-B1-05,PHC-DST-B1-06,DST-B1,2024-10-05,25.0,38.1,OPEN,LOW
PHC-DST-B1-05,PHC-DST-B1-06,DST-B1,2024-10-06,25.0,39.9,OPEN,LOW
PHC-DST-B1-05,PHC-DST-B1-06,DST-B1,2024-10-07,25.0,35.7,OPEN,LOW
PHC-DST-B1-05,PHC-DST-B1-06,DST-B1,2024-10-08,25.0,40.5,OPEN,LOW
PHC-DST-B1-05,PHC-DST-B1-06,DST-B1,2024-10-09,25.0,37.8,OPEN,LOW
PHC-DST-B1-05,PHC-DST-B1-06,DST-B1,2024-10-10,25.0,40.9,OPEN,LOW
PHC-DST-B1-05,PHC-DST-B1-06,DST-B1,2024-10-11,25.0,38.5,OPEN,LOW
PHC-DST-B1-05,PHC-DST-B1-06,DST-B1,2024-10-12,25.0,40.4,OPEN,LOW
PHC-DST-B1-05,PHC-DST-B1-06,DST-B1,2024-10-13,25.0,38.5,OPEN,LOW
PHC-DST-B1-05,PHC-DST-B1-06,DST-B1,2024-10-14,25.0,37.9,OPEN,LOW
PHC-DST-B1-05,PHC-DST-B1-06,DST-B1,2024-10-15,25.0,40.7,OPEN,LOW
PHC-DST-B1-05,PHC-DST-B1-06,DST-B1,2024-10-16,25.0,35.6,OPEN,LOW
PHC-DST-B1-05,PHC-DST-B1-06,DST-B1,2024-10-17,25.0,40.9,OPEN,LOW
PHC-DST-B1-05,PHC-DST-B1-06,DST-B1,2024-10-18,25.0,40.1,OPEN,LOW
PHC-DST-B1-05,PHC-DST-B1-06,DST-B1,2024-10-19,25.0,36.0,OPEN,LOW
PHC-DST-B1-05,PHC-DST-B1-06,DST-B1,2024-10-20,25.0,40.6,OPEN,LOW
PHC-DST-B1-05,PHC-DST-B1-06,DST-B1,2024-10-21,25.0,36.8,OPEN,LOW
PHC-DST-B1-05,PHC-DST-B1-06,DST-B1,2024-10-22,25.0,38.5,OPEN,LOW
PHC-DST-B1-05,PHC-DST-B1-06,DST-B1,2024-10-23,25.0,37.3,OPEN,LOW
PHC-DST-B1-05,PHC-DST-B1-06,DST-B1,2024-10-24,25.0,38.5,OPEN,LOW
PHC-DST-B1-05,PHC-DST-B1-06,DST-B1,2024-10-25,25.0,36.1,OPEN,LOW
PHC-DST-B1-05,PHC-DST-B1-06,DST-B1,2024-10-26,25.0,41.0,OPEN,LOW
PHC-DST-B1-05,PHC-DST-B1-06,DST-B1,2024-10-27,25.0,40.8,OPEN,LOW
PHC-DST-B1-05,PHC-DST-B1-06,DST-B1,2024-10-28,25.0,37.4,OPEN,LOW
PHC-DST-B1-05,PHC-DST-B1-06,DST-B1,2024-10-29,25.0,35.9,OPEN,LOW
PHC-DST-B1-05,PHC-DST-B1-06,DST-B1,2024-10-30,25.0,35.8,OPEN,LOW
PHC-DST-B1-05,PHC-DST-B1-06,DST-B1,2024-10-31,25.0,36.5,OPEN,LOW
PHC-DST-B1-05,PHC-DST-B1-06,DST-B1,2024-11-01,25.0,40.9,OPEN,LOW
PHC-DST-B1-05,PHC-DST-B1-06,DST-B1,2024-11-02,25.0,36.0,OPEN,LOW
PHC-DST-B1-05,PHC-DST-B1-06,DST-B1,2024-11-03,25.0,40.7,OPEN,LOW
PHC-DST-B1-05,PHC-DST-B1-06,DST-B1,2024-11-04,25.0,37.4,OPEN,LOW
PHC-DST-B1-05,PHC-DST-B1-06,DST-B1,2024-11-05,25.0,38.4,OPEN,LOW
PHC-DST-B1-05,PHC-DST-B1-06,DST-B1,2024-11-06,25.0,37.1,OPEN,LOW
PHC-DST-B1-05,PHC-DST-B1-06,DST-B1,2024-11-07,25.0,39.6,OPEN,LOW
PHC-DST-B1-05,PHC-DST-B1-06,DST-B1,2024-11-08,25.0,37.1,OPEN,LOW
PHC-DST-B1-05,PHC-DST-B1-06,DST-B1,2024-11-09,25.0,39.5,OPEN,LOW
PHC-DST-B1-05,PHC-DST-B1-06,DST-B1,2024-11-10,25.0,37.8,OPEN,LOW
PHC-DST-B1-05,PHC-DST-B1-06,DST-B1,2024-11-11,25.0,35.8,OPEN,LOW
PHC-DST-B1-05,PHC-DST-B1-06,DST-B1,2024-11-12,25.0,38.0,OPEN,LOW
PHC-DST-B1-05,PHC-DST-B1-06,DST-B1,2024-11-13,25.0,40.4,OPEN,LOW
PHC-DST-B1-05,PHC-DST-B1-06,DST-B1,2024-11-14,25.0,39.0,OPEN,LOW
PHC-DST-B1-05,PHC-DST-B1-06,DST-B1,2024-11-15,25.0,37.6,OPEN,LOW
PHC-DST-B1-05,PHC-DST-B1-06,DST-B1,2024-11-16,25.0,38.1,OPEN,LOW
PHC-DST-B1-05,PHC-DST-B1-06,DST-B1,2024-11-17,25.0,36.1,OPEN,LOW
PHC-DST-B1-05,PHC-DST-B1-06,DST-B1,2024-11-18,25.0,37.4,OPEN,LOW
PHC-DST-B1-05,PHC-DST-B1-06,DST-B1,2024-11-19,25.0,40.6,OPEN,LOW
PHC-DST-B1-05,PHC-DST-B1-06,DST-B1,2024-11-20,25.0,37.3,OPEN,LOW
PHC-DST-B1-05,PHC-DST-B1-06,DST-B1,2024-11-21,25.0,40.4,OPEN,LOW
PHC-DST-B1-05,PHC-DST-B1-06,DST-B1,2024-11-22,25.0,39.3,OPEN,LOW
PHC-DST-B1-05,PHC-DST-B1-06,DST-B1,2024-11-23,25.0,36.9,OPEN,LOW
PHC-DST-B1-05,PHC-DST-B1-06,DST-B1,2024-11-24,25.0,41.2,OPEN,LOW
PHC-DST-B1-05,PHC-DST-B1-06,DST-B1,2024-11-25,25.0,40.0,OPEN,LOW
PHC-DST-B1-05,PHC-DST-B1-06,DST-B1,2024-11-26,25.0,35.8,OPEN,LOW
PHC-DST-B1-05,PHC-DST-B1-06,DST-B1,2024-11-27,25.0,37.4,OPEN,LOW
PHC-DST-B1-05,PHC-DST-B1-06,DST-B1,2024-11-28,25.0,37.5,OPEN,LOW
PHC-DST-B1-05,PHC-DST-B1-06,DST-B1,2024-11-29,25.0,38.7,OPEN,LOW
PHC-DST-B1-05,PHC-DST-B1-06,DST-B1,2024-11-30,25.0,36.3,OPEN,LOW
PHC-DST-B1-05,PHC-DST-B1-06,DST-B1,2024-12-01,25.0,39.1,OPEN,LOW
PHC-DST-B1-05,PHC-DST-B1-06,DST-B1,2024-12-02,25.0,38.3,OPEN,LOW
PHC-DST-B1-05,PHC-DST-B1-06,DST-B1,2024-12-03,25.0,37.5,OPEN,LOW
PHC-DST-B1-05,PHC-DST-B1-06,DST-B1,2024-12-04,25.0,39.3,OPEN,LOW
PHC-DST-B1-05,PHC-DST-B1-06,DST-B1,2024-12-05,25.0,37.8,OPEN,LOW
PHC-DST-B1-05,PHC-DST-B1-06,DST-B1,2024-12-06,25.0,41.0,OPEN,LOW
PHC-DST-B1-05,PHC-DST-B1-06,DST-B1,2024-12-07,25.0,38.4,OPEN,LOW
PHC-DST-B1-05,PHC-DST-B1-06,DST-B1,2024-12-08,25.0,41.2,OPEN,LOW
PHC-DST-B1-05,PHC-DST-B1-06,DST-B1,2024-12-09,25.0,40.2,OPEN,LOW
PHC-DST-B1-05,PHC-DST-B1-06,DST-B1,2024-12-10,25.0,35.9,OPEN,LOW
PHC-DST-B1-05,PHC-DST-B1-06,DST-B1,2024-12-11,25.0,39.8,OPEN,LOW
PHC-DST-B1-05,PHC-DST-B1-06,DST-B1,2024-12-12,25.0,36.9,OPEN,LOW
PHC-DST-B1-05,PHC-DST-B1-06,DST-B1,2024-12-13,25.0,38.3,OPEN,LOW
PHC-DST-B1-05,PHC-DST-B1-06,DST-B1,2024-12-14,25.0,35.9,OPEN,LOW
PHC-DST-B1-05,PHC-DST-B1-06,DST-B1,2024-12-15,25.0,40.9,OPEN,LOW
PHC-DST-B1-05,PHC-DST-B1-06,DST-B1,2024-12-16,25.0,40.2,OPEN,LOW
PHC-DST-B1-05,PHC-DST-B1-06,DST-B1,2024-12-17,25.0,37.8,OPEN,LOW
PHC-DST-B1-05,PHC-DST-B1-06,DST-B1,2024-12-18,25.0,40.3,OPEN,LOW
PHC-DST-B1-05,PHC-DST-B1-06,DST-B1,2024-12-19,25.0,40.0,OPEN,LOW
PHC-DST-B1-05,PHC-DST-B1-06,DST-B1,2024-12-20,25.0,37.0,OPEN,LOW
PHC-DST-B1-05,PHC-DST-B1-06,DST-B1,2024-12-21,25.0,36.1,OPEN,LOW
PHC-DST-B1-05,PHC-DST-B1-06,DST-B1,2024-12-22,25.0,39.5,OPEN,LOW
PHC-DST-B1-05,PHC-DST-B1-06,DST-B1,2024-12-23,25.0,37.6,OPEN,LOW
PHC-DST-B1-05,PHC-DST-B1-06,DST-B1,2024-12-24,25.0,38.6,OPEN,LOW
PHC-DST-B1-05,PHC-DST-B1-06,DST-B1,2024-12-25,25.0,38.3,OPEN,LOW
PHC-DST-B1-05,PHC-DST-B1-06,DST-B1,2024-12-26,25.0,40.8,OPEN,LOW
PHC-DST-B1-05,PHC-DST-B1-06,DST-B1,2024-12-27,25.0,40.2,OPEN,LOW
PHC-DST-B1-05,PHC-DST-B1-06,DST-B1,2024-12-28,25.0,39.2,OPEN,LOW
PHC-DST-B1-05,PHC-DST-B1-06,DST-B1,2024-12-29,25.0,40.2,OPEN,LOW
PHC-DST-B1-05,PHC-DST-B1-06,DST-B1,2024-12-30,25.0,36.4,OPEN,LOW
PHC-DST-B1-05,PHC-DST-B1-06,DST-B1,2024-12-31,25.0,39.5,OPEN,LOW
PHC-DST-B1-05,PHC-DST-B1-06,DST-B1,2025-01-01,25.0,39.6,OPEN,LOW
PHC-DST-B1-05,PHC-DST-B1-06,DST-B1,2025-01-02,25.0,39.7,OPEN,LOW
PHC-DST-B1-05,PHC-DST-B1-06,DST-B1,2025-01-03,25.0,37.2,OPEN,LOW
PHC-DST-B1-05,PHC-DST-B1-06,DST-B1,2025-01-04,25.0,37.4,OPEN,LOW
PHC-DST-B1-05,PHC-DST-B1-06,DST-B1,2025-01-05,25.0,36.3,OPEN,LOW
PHC-DST-B1-05,PHC-DST-B1-06,DST-B1,2025-01-06,25.0,40.9,OPEN,LOW
PHC-DST-B1-05,PHC-DST-B1-06,DST-B1,2025-01-07,25.0,40.4,OPEN,LOW
PHC-DST-B1-05,PHC-DST-B1-06,DST-B1,2025-01-08,25.0,38.7,OPEN,LOW
PHC-DST-B1-05,PHC-DST-B1-06,DST-B1,2025-01-09,25.0,37.1,OPEN,LOW
PHC-DST-B1-05,PHC-DST-B1-06,DST-B1,2025-01-10,25.0,40.0,OPEN,LOW
PHC-DST-B1-05,PHC-DST-B1-06,DST-B1,2025-01-11,25.0,37.0,OPEN,LOW
PHC-DST-B1-05,PHC-DST-B1-06,DST-B1,2025-01-12,25.0,40.8,OPEN,LOW
PHC-DST-B1-05,PHC-DST-B1-06,DST-B1,2025-01-13,25.0,39.3,OPEN,LOW
PHC-DST-B1-05,PHC-DST-B1-06,DST-B1,2025-01-14,25.0,40.4,OPEN,LOW
PHC-DST-B1-05,PHC-DST-B1-06,DST-B1,2025-01-15,25.0,38.7,OPEN,LOW
PHC-DST-B1-05,PHC-DST-B1-06,DST-B1,2025-01-16,25.0,37.3,OPEN,LOW
PHC-DST-B1-05,PHC-DST-B1-06,DST-B1,2025-01-17,25.0,37.1,OPEN,LOW
PHC-DST-B1-05,PHC-DST-B1-06,DST-B1,2025-01-18,25.0,37.9,OPEN,LOW
PHC-DST-B1-05,PHC-DST-B1-06,DST-B1,2025-01-19,25.0,39.3,OPEN,LOW
PHC-DST-B1-05,PHC-DST-B1-06,DST-B1,2025-01-20,25.0,40.2,OPEN,LOW
PHC-DST-B1-05,PHC-DST-B1-06,DST-B1,2025-01-21,25.0,36.8,OPEN,LOW
PHC-DST-B1-05,PHC-DST-B1-06,DST-B1,2025-01-22,25.0,40.1,OPEN,LOW
PHC-DST-B1-05,PHC-DST-B1-06,DST-B1,2025-01-23,25.0,35.6,OPEN,LOW
PHC-DST-B1-05,PHC-DST-B1-06,DST-B1,2025-01-24,25.0,37.5,OPEN,LOW
PHC-DST-B1-05,PHC-DST-B1-06,DST-B1,2025-01-25,25.0,36.9,OPEN,LOW
PHC-DST-B1-05,PHC-DST-B1-06,DST-B1,2025-01-26,25.0,39.5,OPEN,LOW
PHC-DST-B1-05,PHC-DST-B1-06,DST-B1,2025-01-27,25.0,38.9,OPEN,LOW
PHC-DST-B1-05,PHC-DST-B1-06,DST-B1,2025-01-28,25.0,37.8,OPEN,LOW
PHC-DST-B1-05,PHC-DST-B1-06,DST-B1,2025-01-29,25.0,39.6,OPEN,LOW
PHC-DST-B1-05,PHC-DST-B1-06,DST-B1,2025-01-30,25.0,38.9,OPEN,LOW
PHC-DST-B1-05,PHC-DST-B1-06,DST-B1,2025-01-31,25.0,38.6,OPEN,LOW
PHC-DST-B1-05,PHC-DST-B1-06,DST-B1,2025-02-01,25.0,36.4,OPEN,LOW
PHC-DST-B1-05,PHC-DST-B1-06,DST-B1,2025-02-02,25.0,35.8,OPEN,LOW
PHC-DST-B1-05,PHC-DST-B1-06,DST-B1,2025-02-03,25.0,37.3,OPEN,LOW
PHC-DST-B1-05,PHC-DST-B1-06,DST-B1,2025-02-04,25.0,38.7,OPEN,LOW
PHC-DST-B1-05,PHC-DST-B1-06,DST-B1,2025-02-05,25.0,37.2,OPEN,LOW
PHC-DST-B1-05,PHC-DST-B1-06,DST-B1,2025-02-06,25.0,40.0,OPEN,LOW
PHC-DST-B1-05,PHC-DST-B1-06,DST-B1,2025-02-07,25.0,36.7,OPEN,LOW
PHC-DST-B1-05,PHC-DST-B1-06,DST-B1,2025-02-08,25.0,39.0,OPEN,LOW
PHC-DST-B1-05,PHC-DST-B1-06,DST-B1,2025-02-09,25.0,35.8,OPEN,LOW
PHC-DST-B1-05,PHC-DST-B1-06,DST-B1,2025-02-10,25.0,36.7,OPEN,LOW
PHC-DST-B1-05,PHC-DST-B1-06,DST-B1,2025-02-11,25.0,40.0,OPEN,LOW
PHC-DST-B1-05,PHC-DST-B1-06,DST-B1,2025-02-12,25.0,40.7,OPEN,LOW
PHC-DST-B1-05,PHC-DST-B1-06,DST-B1,2025-02-13,25.0,37.1,OPEN,LOW
PHC-DST-B1-05,PHC-DST-B1-06,DST-B1,2025-02-14,25.0,36.3,OPEN,LOW
PHC-DST-B1-05,PHC-DST-B1-06,DST-B1,2025-02-15,25.0,36.6,OPEN,LOW
PHC-DST-B1-05,PHC-DST-B1-06,DST-B1,2025-02-16,25.0,38.2,OPEN,LOW
PHC-DST-B1-05,PHC-DST-B1-06,DST-B1,2025-02-17,25.0,39.9,OPEN,LOW
PHC-DST-B1-05,PHC-DST-B1-06,DST-B1,2025-02-18,25.0,41.1,OPEN,LOW
PHC-DST-B1-05,PHC-DST-B1-06,DST-B1,2025-02-19,25.0,38.0,OPEN,LOW
PHC-DST-B1-05,PHC-DST-B1-06,DST-B1,2025-02-20,25.0,40.2,OPEN,LOW
PHC-DST-B1-05,PHC-DST-B1-06,DST-B1,2025-02-21,25.0,39.9,OPEN,LOW
PHC-DST-B1-05,PHC-DST-B1-06,DST-B1,2025-02-22,25.0,36.0,OPEN,LOW
PHC-DST-B1-05,PHC-DST-B1-06,DST-B1,2025-02-23,25.0,37.5,OPEN,LOW
PHC-DST-B1-05,PHC-DST-B1-06,DST-B1,2025-02-24,25.0,39.9,OPEN,LOW
PHC-DST-B1-05,PHC-DST-B1-06,DST-B1,2025-02-25,25.0,38.6,OPEN,LOW
PHC-DST-B1-05,PHC-DST-B1-06,DST-B1,2025-02-26,25.0,37.9,OPEN,LOW
PHC-DST-B1-05,PHC-DST-B1-06,DST-B1,2025-02-27,25.0,40.3,OPEN,LOW
PHC-DST-B1-05,PHC-DST-B1-06,DST-B1,2025-02-28,25.0,39.9,OPEN,LOW
PHC-DST-B1-05,PHC-DST-B1-06,DST-B1,2025-03-01,25.0,36.8,OPEN,LOW
PHC-DST-B1-05,PHC-DST-B1-06,DST-B1,2025-03-02,25.0,40.1,OPEN,LOW
PHC-DST-B1-05,PHC-DST-B1-06,DST-B1,2025-03-03,25.0,39.9,OPEN,LOW
PHC-DST-B1-05,PHC-DST-B1-06,DST-B1,2025-03-04,25.0,35.9,OPEN,LOW
PHC-DST-B1-05,PHC-DST-B1-06,DST-B1,2025-03-05,25.0,39.2,OPEN,LOW
PHC-DST-B1-05,PHC-DST-B1-06,DST-B1,2025-03-06,25.0,40.3,OPEN,LOW
PHC-DST-B1-05,PHC-DST-B1-06,DST-B1,2025-03-07,25.0,36.6,OPEN,LOW
PHC-DST-B1-05,PHC-DST-B1-06,DST-B1,2025-03-08,25.0,36.5,OPEN,LOW
PHC-DST-B1-05,PHC-DST-B1-06,DST-B1,2025-03-09,25.0,37.5,OPEN,LOW
PHC-DST-B1-05,PHC-DST-B1-06,DST-B1,2025-03-10,25.0,41.0,OPEN,LOW
PHC-DST-B1-05,PHC-DST-B1-06,DST-B1,2025-03-11,25.0,39.5,OPEN,LOW
PHC-DST-B1-05,PHC-DST-B1-06,DST-B1,2025-03-12,25.0,37.7,OPEN,LOW
PHC-DST-B1-05,PHC-DST-B1-06,DST-B1,2025-03-13,25.0,37.8,OPEN,LOW
PHC-DST-B1-05,PHC-DST-B1-06,DST-B1,2025-03-14,25.0,38.7,OPEN,LOW
PHC-DST-B1-05,PHC-DST-B1-06,DST-B1,2025-03-15,25.0,35.7,OPEN,LOW
PHC-DST-B1-05,PHC-DST-B1-06,DST-B1,2025-03-16,25.0,36.8,OPEN,LOW
PHC-DST-B1-05,PHC-DST-B1-06,DST-B1,2025-03-17,25.0,40.5,OPEN,LOW
PHC-DST-B1-05,PHC-DST-B1-06,DST-B1,2025-03-18,25.0,37.3,OPEN,LOW
PHC-DST-B1-05,PHC-DST-B1-06,DST-B1,2025-03-19,25.0,40.1,OPEN,LOW
PHC-DST-B1-05,PHC-DST-B1-06,DST-B1,2025-03-20,25.0,39.3,OPEN,LOW
PHC-DST-B1-05,PHC-DST-B1-06,DST-B1,2025-03-21,25.0,40.7,OPEN,LOW
PHC-DST-B1-05,PHC-DST-B1-06,DST-B1,2025-03-22,25.0,38.3,OPEN,LOW
PHC-DST-B1-05,PHC-DST-B1-06,DST-B1,2025-03-23,25.0,38.5,OPEN,LOW
PHC-DST-B1-05,PHC-DST-B1-06,DST-B1,2025-03-24,25.0,37.4,OPEN,LOW
PHC-DST-B1-05,PHC-DST-B1-06,DST-B1,2025-03-25,25.0,36.4,OPEN,LOW
PHC-DST-B1-05,PHC-DST-B1-06,DST-B1,2025-03-26,25.0,39.4,OPEN,LOW
PHC-DST-B1-05,PHC-DST-B1-06,DST-B1,2025-03-27,25.0,36.0,OPEN,LOW
PHC-DST-B1-05,PHC-DST-B1-06,DST-B1,2025-03-28,25.0,40.8,OPEN,LOW
PHC-DST-B1-05,PHC-DST-B1-06,DST-B1,2025-03-29,25.0,40.9,OPEN,LOW
PHC-DST-B1-05,PHC-DST-B1-06,DST-B1,2025-03-30,25.0,35.8,OPEN,LOW
PHC-DST-B1-05,PHC-DST-B1-06,DST-B1,2025-03-31,25.0,38.0,OPEN,LOW
PHC-DST-B1-05,PHC-DST-B1-06,DST-B1,2025-04-01,25.0,37.0,OPEN,LOW
PHC-DST-B1-05,PHC-DST-B1-06,DST-B1,2025-04-02,25.0,38.1,OPEN,LOW
PHC-DST-B1-05,PHC-DST-B1-06,DST-B1,2025-04-03,25.0,37.7,OPEN,LOW
PHC-DST-B1-05,PHC-DST-B1-06,DST-B1,2025-04-04,25.0,40.9,OPEN,LOW
PHC-DST-B1-05,PHC-DST-B1-06,DST-B1,2025-04-05,25.0,36.7,OPEN,LOW
PHC-DST-B1-05,PHC-DST-B1-06,DST-B1,2025-04-06,25.0,35.8,OPEN,LOW
PHC-DST-B1-05,PHC-DST-B1-06,DST-B1,2025-04-07,25.0,40.9,OPEN,LOW
PHC-DST-B1-05,PHC-DST-B1-06,DST-B1,2025-04-08,25.0,35.8,OPEN,LOW
PHC-DST-B1-05,PHC-DST-B1-06,DST-B1,2025-04-09,25.0,38.8,OPEN,LOW
PHC-DST-B1-05,PHC-DST-B1-06,DST-B1,2025-04-10,25.0,37.9,OPEN,LOW
PHC-DST-B1-05,PHC-DST-B1-06,DST-B1,2025-04-11,25.0,36.3,OPEN,LOW
PHC-DST-B1-05,PHC-DST-B1-06,DST-B1,2025-04-12,25.0,39.5,OPEN,LOW
PHC-DST-B1-05,PHC-DST-B1-06,DST-B1,2025-04-13,25.0,39.3,OPEN,LOW
PHC-DST-B1-05,PHC-DST-B1-06,DST-B1,2025-04-14,25.0,39.4,OPEN,LOW
PHC-DST-B1-05,PHC-DST-B1-06,DST-B1,2025-04-15,25.0,36.0,OPEN,LOW
PHC-DST-B1-05,PHC-DST-B1-06,DST-B1,2025-04-16,25.0,37.1,OPEN,LOW
PHC-DST-B1-05,PHC-DST-B1-06,DST-B1,2025-04-17,25.0,35.7,OPEN,LOW
PHC-DST-B1-05,PHC-DST-B1-06,DST-B1,2025-04-18,25.0,40.5,OPEN,LOW
PHC-DST-B1-05,PHC-DST-B1-06,DST-B1,2025-04-19,25.0,38.7,OPEN,LOW
PHC-DST-B1-05,PHC-DST-B1-06,DST-B1,2025-04-20,25.0,39.0,OPEN,LOW
PHC-DST-B1-05,PHC-DST-B1-06,DST-B1,2025-04-21,25.0,38.6,OPEN,LOW
PHC-DST-B1-05,PHC-DST-B1-06,DST-B1,2025-04-22,25.0,37.5,OPEN,LOW
PHC-DST-B1-05,PHC-DST-B1-06,DST-B1,2025-04-23,25.0,40.8,OPEN,LOW
PHC-DST-B1-05,PHC-DST-B1-06,DST-B1,2025-04-24,25.0,35.7,OPEN,LOW
PHC-DST-B1-05,PHC-DST-B1-06,DST-B1,2025-04-25,25.0,41.0,OPEN,LOW
PHC-DST-B1-05,PHC-DST-B1-06,DST-B1,2025-04-26,25.0,38.1,OPEN,LOW
PHC-DST-B1-05,PHC-DST-B1-06,DST-B1,2025-04-27,25.0,40.8,OPEN,LOW
PHC-DST-B1-05,PHC-DST-B1-06,DST-B1,2025-04-28,25.0,35.7,OPEN,LOW
PHC-DST-B1-05,PHC-DST-B1-06,DST-B1,2025-04-29,25.0,41.0,OPEN,LOW
PHC-DST-B1-05,PHC-DST-B1-06,DST-B1,2025-04-30,25.0,37.3,OPEN,LOW
PHC-DST-B1-05,PHC-DST-B1-06,DST-B1,2025-05-01,25.0,38.5,OPEN,LOW
PHC-DST-B1-05,PHC-DST-B1-06,DST-B1,2025-05-02,25.0,35.9,OPEN,LOW
PHC-DST-B1-05,PHC-DST-B1-06,DST-B1,2025-05-03,25.0,37.6,OPEN,LOW
PHC-DST-B1-05,PHC-DST-B1-06,DST-B1,2025-05-04,25.0,39.9,OPEN,LOW
PHC-DST-B1-05,PHC-DST-B1-06,DST-B1,2025-05-05,25.0,40.0,OPEN,LOW
PHC-DST-B1-05,PHC-DST-B1-06,DST-B1,2025-05-06,25.0,37.2,OPEN,LOW
PHC-DST-B1-05,PHC-DST-B1-06,DST-B1,2025-05-07,25.0,40.7,OPEN,LOW
PHC-DST-B1-05,PHC-DST-B1-06,DST-B1,2025-05-08,25.0,37.7,OPEN,LOW
PHC-DST-B1-05,PHC-DST-B1-06,DST-B1,2025-05-09,25.0,36.0,OPEN,LOW
PHC-DST-B1-05,PHC-DST-B1-06,DST-B1,2025-05-10,25.0,37.4,OPEN,LOW
PHC-DST-B1-05,PHC-DST-B1-06,DST-B1,2025-05-11,25.0,37.1,OPEN,LOW
PHC-DST-B1-05,PHC-DST-B1-06,DST-B1,2025-05-12,25.0,40.0,OPEN,LOW
PHC-DST-B1-05,PHC-DST-B1-06,DST-B1,2025-05-13,25.0,40.1,OPEN,LOW
PHC-DST-B1-05,PHC-DST-B1-06,DST-B1,2025-05-14,25.0,38.1,OPEN,LOW
PHC-DST-B1-05,PHC-DST-B1-06,DST-B1,2025-05-15,25.0,38.7,OPEN,LOW
PHC-DST-B1-05,PHC-DST-B1-06,DST-B1,2025-05-16,25.0,37.5,OPEN,LOW
PHC-DST-B1-05,PHC-DST-B1-06,DST-B1,2025-05-17,25.0,38.3,OPEN,LOW
PHC-DST-B1-05,PHC-DST-B1-06,DST-B1,2025-05-18,25.0,36.1,OPEN,LOW
PHC-DST-B1-05,PHC-DST-B1-06,DST-B1,2025-05-19,25.0,39.1,OPEN,LOW
PHC-DST-B1-05,PHC-DST-B1-06,DST-B1,2025-05-20,25.0,38.9,OPEN,LOW
PHC-DST-B1-05,PHC-DST-B1-06,DST-B1,2025-05-21,25.0,40.9,OPEN,LOW
PHC-DST-B1-05,PHC-DST-B1-06,DST-B1,2025-05-22,25.0,38.7,OPEN,LOW
PHC-DST-B1-05,PHC-DST-B1-06,DST-B1,2025-05-23,25.0,35.9,OPEN,LOW
PHC-DST-B1-05,PHC-DST-B1-06,DST-B1,2025-05-24,25.0,40.2,OPEN,LOW
PHC-DST-B1-05,PHC-DST-B1-06,DST-B1,2025-05-25,25.0,39.1,OPEN,LOW
PHC-DST-B1-05,PHC-DST-B1-06,DST-B1,2025-05-26,25.0,36.8,OPEN,LOW
PHC-DST-B1-05,PHC-DST-B1-06,DST-B1,2025-05-27,25.0,39.7,OPEN,LOW
PHC-DST-B1-05,PHC-DST-B1-06,DST-B1,2025-05-28,25.0,40.4,OPEN,LOW
PHC-DST-B1-05,PHC-DST-B1-06,DST-B1,2025-05-29,25.0,38.0,OPEN,LOW
PHC-DST-B1-05,PHC-DST-B1-06,DST-B1,2025-05-30,25.0,36.4,OPEN,LOW
PHC-DST-B1-05,PHC-DST-B1-06,DST-B1,2025-05-31,25.0,40.2,OPEN,LOW
PHC-DST-B1-05,PHC-DST-B1-06,DST-B1,2025-06-01,25.0,39.7,OPEN,LOW
PHC-DST-B1-05,PHC-DST-B1-06,DST-B1,2025-06-02,25.0,38.2,OPEN,LOW
PHC-DST-B1-05,PHC-DST-B1-06,DST-B1,2025-06-03,25.0,40.1,OPEN,LOW
PHC-DST-B1-05,PHC-DST-B1-06,DST-B1,2025-06-04,25.0,40.2,OPEN,LOW
PHC-DST-B1-05,PHC-DST-B1-06,DST-B1,2025-06-05,25.0,38.2,OPEN,LOW
PHC-DST-B1-05,PHC-DST-B1-06,DST-B1,2025-06-06,25.0,38.1,OPEN,LOW
PHC-DST-B1-05,PHC-DST-B1-06,DST-B1,2025-06-07,25.0,39.3,OPEN,LOW
PHC-DST-B1-05,PHC-DST-B1-06,DST-B1,2025-06-08,25.0,38.2,OPEN,LOW
PHC-DST-B1-05,PHC-DST-B1-06,DST-B1,2025-06-09,25.0,35.7,OPEN,LOW
PHC-DST-B1-05,PHC-DST-B1-06,DST-B1,2025-06-10,25.0,37.3,OPEN,LOW
PHC-DST-B1-05,PHC-DST-B1-06,DST-B1,2025-06-11,25.0,40.7,OPEN,LOW
PHC-DST-B1-05,PHC-DST-B1-06,DST-B1,2025-06-12,25.0,36.2,OPEN,LOW
PHC-DST-B1-05,PHC-DST-B1-06,DST-B1,2025-06-13,25.0,35.8,OPEN,LOW
PHC-DST-B1-05,PHC-DST-B1-06,DST-B1,2025-06-14,25.0,39.4,OPEN,LOW
PHC-DST-B1-05,PHC-DST-B1-06,DST-B1,2025-06-15,25.0,36.0,OPEN,LOW
PHC-DST-B1-05,PHC-DST-B1-06,DST-B1,2025-06-16,25.0,37.7,OPEN,LOW
PHC-DST-B1-05,PHC-DST-B1-06,DST-B1,2025-06-17,25.0,39.2,OPEN,LOW
PHC-DST-B1-05,PHC-DST-B1-06,DST-B1,2025-06-18,25.0,35.7,OPEN,LOW
PHC-DST-B1-05,PHC-DST-B1-06,DST-B1,2025-06-19,25.0,37.8,OPEN,LOW
PHC-DST-B1-05,PHC-DST-B1-06,DST-B1,2025-06-20,25.0,39.2,OPEN,LOW
PHC-DST-B1-05,PHC-DST-B1-06,DST-B1,2025-06-21,25.0,40.6,OPEN,LOW
PHC-DST-B1-05,PHC-DST-B1-06,DST-B1,2025-06-22,25.0,36.5,OPEN,LOW
PHC-DST-B1-05,PHC-DST-B1-06,DST-B1,2025-06-23,25.0,41.1,OPEN,LOW
PHC-DST-B1-05,PHC-DST-B1-06,DST-B1,2025-06-24,25.0,36.0,OPEN,LOW
PHC-DST-B1-05,PHC-DST-B1-06,DST-B1,2025-06-25,25.0,39.8,OPEN,LOW
PHC-DST-B1-05,PHC-DST-B1-06,DST-B1,2025-06-26,25.0,39.3,OPEN,LOW
PHC-DST-B1-05,PHC-DST-B1-06,DST-B1,2025-06-27,25.0,39.2,OPEN,LOW
PHC-DST-B1-05,PHC-DST-B1-06,DST-B1,2025-06-28,25.0,37.7,OPEN,LOW
PHC-DST-B1-05,PHC-DST-B1-06,DST-B1,2025-06-29,25.0,39.0,OPEN,LOW
PHC-DST-B1-05,PHC-DST-B1-06,DST-B1,2025-06-30,25.0,40.2,OPEN,LOW
PHC-DST-B2-01,PHC-DST-B2-02,DST-B2,2024-07-01,35.0,54.5,OPEN,LOW
PHC-DST-B2-01,PHC-DST-B2-02,DST-B2,2024-07-02,35.0,57.5,OPEN,LOW
PHC-DST-B2-01,PHC-DST-B2-02,DST-B2,2024-07-03,35.0,81.5,DEGRADED,MODERATE
PHC-DST-B2-01,PHC-DST-B2-02,DST-B2,2024-07-04,35.0,92.8,DEGRADED,MODERATE
PHC-DST-B2-01,PHC-DST-B2-02,DST-B2,2024-07-05,35.0,51.2,OPEN,LOW
PHC-DST-B2-01,PHC-DST-B2-02,DST-B2,2024-07-06,35.0,102.9,DEGRADED,MODERATE
PHC-DST-B2-01,PHC-DST-B2-02,DST-B2,2024-07-07,35.0,56.4,OPEN,LOW
PHC-DST-B2-01,PHC-DST-B2-02,DST-B2,2024-07-08,35.0,52.7,OPEN,LOW
PHC-DST-B2-01,PHC-DST-B2-02,DST-B2,2024-07-09,35.0,52.1,OPEN,LOW
PHC-DST-B2-01,PHC-DST-B2-02,DST-B2,2024-07-10,35.0,52.9,OPEN,LOW
PHC-DST-B2-01,PHC-DST-B2-02,DST-B2,2024-07-11,35.0,103.6,DEGRADED,MODERATE
PHC-DST-B2-01,PHC-DST-B2-02,DST-B2,2024-07-12,35.0,52.7,OPEN,LOW
PHC-DST-B2-01,PHC-DST-B2-02,DST-B2,2024-07-13,35.0,79.8,DEGRADED,LOW
PHC-DST-B2-01,PHC-DST-B2-02,DST-B2,2024-07-14,35.0,56.9,OPEN,LOW
PHC-DST-B2-01,PHC-DST-B2-02,DST-B2,2024-07-15,35.0,50.5,OPEN,LOW
PHC-DST-B2-01,PHC-DST-B2-02,DST-B2,2024-07-16,35.0,50.8,OPEN,LOW
PHC-DST-B2-01,PHC-DST-B2-02,DST-B2,2024-07-17,35.0,51.7,OPEN,LOW
PHC-DST-B2-01,PHC-DST-B2-02,DST-B2,2024-07-18,35.0,53.1,OPEN,LOW
PHC-DST-B2-01,PHC-DST-B2-02,DST-B2,2024-07-19,35.0,52.7,OPEN,LOW
PHC-DST-B2-01,PHC-DST-B2-02,DST-B2,2024-07-20,35.0,57.0,OPEN,LOW
PHC-DST-B2-01,PHC-DST-B2-02,DST-B2,2024-07-21,35.0,53.1,OPEN,LOW
PHC-DST-B2-01,PHC-DST-B2-02,DST-B2,2024-07-22,35.0,50.6,OPEN,LOW
PHC-DST-B2-01,PHC-DST-B2-02,DST-B2,2024-07-23,35.0,54.5,OPEN,LOW
PHC-DST-B2-01,PHC-DST-B2-02,DST-B2,2024-07-24,35.0,55.9,OPEN,LOW
PHC-DST-B2-01,PHC-DST-B2-02,DST-B2,2024-07-25,35.0,54.0,OPEN,LOW
PHC-DST-B2-01,PHC-DST-B2-02,DST-B2,2024-07-26,35.0,56.1,OPEN,LOW
PHC-DST-B2-01,PHC-DST-B2-02,DST-B2,2024-07-27,35.0,56.4,OPEN,LOW
PHC-DST-B2-01,PHC-DST-B2-02,DST-B2,2024-07-28,35.0,56.4,OPEN,LOW
PHC-DST-B2-01,PHC-DST-B2-02,DST-B2,2024-07-29,35.0,100.7,DEGRADED,MODERATE
PHC-DST-B2-01,PHC-DST-B2-02,DST-B2,2024-07-30,35.0,89.9,DEGRADED,LOW
PHC-DST-B2-01,PHC-DST-B2-02,DST-B2,2024-07-31,35.0,50.3,OPEN,LOW
PHC-DST-B2-01,PHC-DST-B2-02,DST-B2,2024-08-01,35.0,50.3,OPEN,LOW
PHC-DST-B2-01,PHC-DST-B2-02,DST-B2,2024-08-02,35.0,57.5,OPEN,LOW
PHC-DST-B2-01,PHC-DST-B2-02,DST-B2,2024-08-03,35.0,56.6,OPEN,LOW
PHC-DST-B2-01,PHC-DST-B2-02,DST-B2,2024-08-04,35.0,53.7,OPEN,LOW
PHC-DST-B2-01,PHC-DST-B2-02,DST-B2,2024-08-05,35.0,55.5,OPEN,LOW
PHC-DST-B2-01,PHC-DST-B2-02,DST-B2,2024-08-06,35.0,56.7,OPEN,LOW
PHC-DST-B2-01,PHC-DST-B2-02,DST-B2,2024-08-07,35.0,53.1,OPEN,LOW
PHC-DST-B2-01,PHC-DST-B2-02,DST-B2,2024-08-08,35.0,77.2,DEGRADED,MODERATE
PHC-DST-B2-01,PHC-DST-B2-02,DST-B2,2024-08-09,35.0,55.8,OPEN,LOW
PHC-DST-B2-01,PHC-DST-B2-02,DST-B2,2024-08-10,35.0,54.6,OPEN,LOW
PHC-DST-B2-01,PHC-DST-B2-02,DST-B2,2024-08-11,35.0,94.9,DEGRADED,MODERATE
PHC-DST-B2-01,PHC-DST-B2-02,DST-B2,2024-08-12,35.0,53.6,OPEN,LOW
PHC-DST-B2-01,PHC-DST-B2-02,DST-B2,2024-08-13,35.0,54.9,OPEN,LOW
PHC-DST-B2-01,PHC-DST-B2-02,DST-B2,2024-08-14,35.0,53.6,OPEN,LOW
PHC-DST-B2-01,PHC-DST-B2-02,DST-B2,2024-08-15,35.0,52.7,OPEN,LOW
PHC-DST-B2-01,PHC-DST-B2-02,DST-B2,2024-08-16,35.0,56.1,OPEN,LOW
PHC-DST-B2-01,PHC-DST-B2-02,DST-B2,2024-08-17,35.0,51.6,OPEN,LOW
PHC-DST-B2-01,PHC-DST-B2-02,DST-B2,2024-08-18,35.0,53.7,OPEN,LOW
PHC-DST-B2-01,PHC-DST-B2-02,DST-B2,2024-08-19,35.0,275.9,BLOCKED,SEVERE
PHC-DST-B2-01,PHC-DST-B2-02,DST-B2,2024-08-20,35.0,129.6,DEGRADED,SEVERE
PHC-DST-B2-01,PHC-DST-B2-02,DST-B2,2024-08-21,35.0,51.8,OPEN,LOW
PHC-DST-B2-01,PHC-DST-B2-02,DST-B2,2024-08-22,35.0,56.5,OPEN,LOW
PHC-DST-B2-01,PHC-DST-B2-02,DST-B2,2024-08-23,35.0,53.6,OPEN,LOW
PHC-DST-B2-01,PHC-DST-B2-02,DST-B2,2024-08-24,35.0,50.4,OPEN,LOW
PHC-DST-B2-01,PHC-DST-B2-02,DST-B2,2024-08-25,35.0,87.7,DEGRADED,LOW
PHC-DST-B2-01,PHC-DST-B2-02,DST-B2,2024-08-26,35.0,57.1,OPEN,LOW
PHC-DST-B2-01,PHC-DST-B2-02,DST-B2,2024-08-27,35.0,50.8,OPEN,LOW
PHC-DST-B2-01,PHC-DST-B2-02,DST-B2,2024-08-28,35.0,52.9,OPEN,LOW
PHC-DST-B2-01,PHC-DST-B2-02,DST-B2,2024-08-29,35.0,54.8,OPEN,LOW
PHC-DST-B2-01,PHC-DST-B2-02,DST-B2,2024-08-30,35.0,57.7,OPEN,LOW
PHC-DST-B2-01,PHC-DST-B2-02,DST-B2,2024-08-31,35.0,52.9,OPEN,LOW
PHC-DST-B2-01,PHC-DST-B2-02,DST-B2,2024-09-01,35.0,53.5,OPEN,LOW
PHC-DST-B2-01,PHC-DST-B2-02,DST-B2,2024-09-02,35.0,56.5,OPEN,LOW
PHC-DST-B2-01,PHC-DST-B2-02,DST-B2,2024-09-03,35.0,52.8,OPEN,LOW
PHC-DST-B2-01,PHC-DST-B2-02,DST-B2,2024-09-04,35.0,51.3,OPEN,LOW
PHC-DST-B2-01,PHC-DST-B2-02,DST-B2,2024-09-05,35.0,55.5,OPEN,LOW
PHC-DST-B2-01,PHC-DST-B2-02,DST-B2,2024-09-06,35.0,93.4,DEGRADED,MODERATE
PHC-DST-B2-01,PHC-DST-B2-02,DST-B2,2024-09-07,35.0,98.7,DEGRADED,MODERATE
PHC-DST-B2-01,PHC-DST-B2-02,DST-B2,2024-09-08,35.0,81.2,DEGRADED,MODERATE
PHC-DST-B2-01,PHC-DST-B2-02,DST-B2,2024-09-09,35.0,55.0,OPEN,LOW
PHC-DST-B2-01,PHC-DST-B2-02,DST-B2,2024-09-10,35.0,175.5,DEGRADED,MODERATE
PHC-DST-B2-01,PHC-DST-B2-02,DST-B2,2024-09-11,35.0,53.1,OPEN,LOW
PHC-DST-B2-01,PHC-DST-B2-02,DST-B2,2024-09-12,35.0,54.6,OPEN,LOW
PHC-DST-B2-01,PHC-DST-B2-02,DST-B2,2024-09-13,35.0,54.3,OPEN,LOW
PHC-DST-B2-01,PHC-DST-B2-02,DST-B2,2024-09-14,35.0,54.9,OPEN,LOW
PHC-DST-B2-01,PHC-DST-B2-02,DST-B2,2024-09-15,35.0,99.7,DEGRADED,MODERATE
PHC-DST-B2-01,PHC-DST-B2-02,DST-B2,2024-09-16,35.0,55.7,OPEN,LOW
PHC-DST-B2-01,PHC-DST-B2-02,DST-B2,2024-09-17,35.0,95.3,DEGRADED,MODERATE
PHC-DST-B2-01,PHC-DST-B2-02,DST-B2,2024-09-18,35.0,52.3,OPEN,LOW
PHC-DST-B2-01,PHC-DST-B2-02,DST-B2,2024-09-19,35.0,50.0,OPEN,LOW
PHC-DST-B2-01,PHC-DST-B2-02,DST-B2,2024-09-20,35.0,56.0,OPEN,LOW
PHC-DST-B2-01,PHC-DST-B2-02,DST-B2,2024-09-21,35.0,53.2,OPEN,LOW
PHC-DST-B2-01,PHC-DST-B2-02,DST-B2,2024-09-22,35.0,82.7,DEGRADED,MODERATE
PHC-DST-B2-01,PHC-DST-B2-02,DST-B2,2024-09-23,35.0,77.4,DEGRADED,MODERATE
PHC-DST-B2-01,PHC-DST-B2-02,DST-B2,2024-09-24,35.0,54.5,OPEN,LOW
PHC-DST-B2-01,PHC-DST-B2-02,DST-B2,2024-09-25,35.0,236.4,BLOCKED,MODERATE
PHC-DST-B2-01,PHC-DST-B2-02,DST-B2,2024-09-26,35.0,53.3,OPEN,LOW
PHC-DST-B2-01,PHC-DST-B2-02,DST-B2,2024-09-27,35.0,100.1,DEGRADED,MODERATE
PHC-DST-B2-01,PHC-DST-B2-02,DST-B2,2024-09-28,35.0,101.7,DEGRADED,MODERATE
PHC-DST-B2-01,PHC-DST-B2-02,DST-B2,2024-09-29,35.0,53.7,OPEN,LOW
PHC-DST-B2-01,PHC-DST-B2-02,DST-B2,2024-09-30,35.0,53.6,OPEN,LOW
PHC-DST-B2-01,PHC-DST-B2-02,DST-B2,2024-10-01,35.0,51.1,OPEN,LOW
PHC-DST-B2-01,PHC-DST-B2-02,DST-B2,2024-10-02,35.0,51.1,OPEN,LOW
PHC-DST-B2-01,PHC-DST-B2-02,DST-B2,2024-10-03,35.0,54.9,OPEN,LOW
PHC-DST-B2-01,PHC-DST-B2-02,DST-B2,2024-10-04,35.0,55.7,OPEN,LOW
PHC-DST-B2-01,PHC-DST-B2-02,DST-B2,2024-10-05,35.0,50.8,OPEN,LOW
PHC-DST-B2-01,PHC-DST-B2-02,DST-B2,2024-10-06,35.0,53.8,OPEN,LOW
PHC-DST-B2-01,PHC-DST-B2-02,DST-B2,2024-10-07,35.0,57.2,OPEN,LOW
PHC-DST-B2-01,PHC-DST-B2-02,DST-B2,2024-10-08,35.0,54.0,OPEN,LOW
PHC-DST-B2-01,PHC-DST-B2-02,DST-B2,2024-10-09,35.0,52.6,OPEN,LOW
PHC-DST-B2-01,PHC-DST-B2-02,DST-B2,2024-10-10,35.0,54.7,OPEN,LOW
PHC-DST-B2-01,PHC-DST-B2-02,DST-B2,2024-10-11,35.0,52.8,OPEN,LOW
PHC-DST-B2-01,PHC-DST-B2-02,DST-B2,2024-10-12,35.0,53.2,OPEN,LOW
PHC-DST-B2-01,PHC-DST-B2-02,DST-B2,2024-10-13,35.0,57.5,OPEN,LOW
PHC-DST-B2-01,PHC-DST-B2-02,DST-B2,2024-10-14,35.0,50.3,OPEN,LOW
PHC-DST-B2-01,PHC-DST-B2-02,DST-B2,2024-10-15,35.0,57.5,OPEN,LOW
PHC-DST-B2-01,PHC-DST-B2-02,DST-B2,2024-10-16,35.0,55.3,OPEN,LOW
PHC-DST-B2-01,PHC-DST-B2-02,DST-B2,2024-10-17,35.0,50.8,OPEN,LOW
PHC-DST-B2-01,PHC-DST-B2-02,DST-B2,2024-10-18,35.0,57.4,OPEN,LOW
PHC-DST-B2-01,PHC-DST-B2-02,DST-B2,2024-10-19,35.0,56.6,OPEN,LOW
PHC-DST-B2-01,PHC-DST-B2-02,DST-B2,2024-10-20,35.0,56.0,OPEN,LOW
PHC-DST-B2-01,PHC-DST-B2-02,DST-B2,2024-10-21,35.0,55.8,OPEN,LOW
PHC-DST-B2-01,PHC-DST-B2-02,DST-B2,2024-10-22,35.0,57.7,OPEN,LOW
PHC-DST-B2-01,PHC-DST-B2-02,DST-B2,2024-10-23,35.0,54.8,OPEN,LOW
PHC-DST-B2-01,PHC-DST-B2-02,DST-B2,2024-10-24,35.0,56.5,OPEN,LOW
PHC-DST-B2-01,PHC-DST-B2-02,DST-B2,2024-10-25,35.0,55.4,OPEN,LOW
PHC-DST-B2-01,PHC-DST-B2-02,DST-B2,2024-10-26,35.0,54.7,OPEN,LOW
PHC-DST-B2-01,PHC-DST-B2-02,DST-B2,2024-10-27,35.0,57.0,OPEN,LOW
PHC-DST-B2-01,PHC-DST-B2-02,DST-B2,2024-10-28,35.0,55.4,OPEN,LOW
PHC-DST-B2-01,PHC-DST-B2-02,DST-B2,2024-10-29,35.0,51.4,OPEN,LOW
PHC-DST-B2-01,PHC-DST-B2-02,DST-B2,2024-10-30,35.0,57.7,OPEN,LOW
PHC-DST-B2-01,PHC-DST-B2-02,DST-B2,2024-10-31,35.0,52.6,OPEN,LOW
PHC-DST-B2-01,PHC-DST-B2-02,DST-B2,2024-11-01,35.0,55.8,OPEN,LOW
PHC-DST-B2-01,PHC-DST-B2-02,DST-B2,2024-11-02,35.0,50.3,OPEN,LOW
PHC-DST-B2-01,PHC-DST-B2-02,DST-B2,2024-11-03,35.0,57.3,OPEN,LOW
PHC-DST-B2-01,PHC-DST-B2-02,DST-B2,2024-11-04,35.0,50.3,OPEN,LOW
PHC-DST-B2-01,PHC-DST-B2-02,DST-B2,2024-11-05,35.0,50.2,OPEN,LOW
PHC-DST-B2-01,PHC-DST-B2-02,DST-B2,2024-11-06,35.0,53.7,OPEN,LOW
PHC-DST-B2-01,PHC-DST-B2-02,DST-B2,2024-11-07,35.0,57.7,OPEN,LOW
PHC-DST-B2-01,PHC-DST-B2-02,DST-B2,2024-11-08,35.0,57.6,OPEN,LOW
PHC-DST-B2-01,PHC-DST-B2-02,DST-B2,2024-11-09,35.0,54.6,OPEN,LOW
PHC-DST-B2-01,PHC-DST-B2-02,DST-B2,2024-11-10,35.0,55.9,OPEN,LOW
PHC-DST-B2-01,PHC-DST-B2-02,DST-B2,2024-11-11,35.0,49.9,OPEN,LOW
PHC-DST-B2-01,PHC-DST-B2-02,DST-B2,2024-11-12,35.0,51.6,OPEN,LOW
PHC-DST-B2-01,PHC-DST-B2-02,DST-B2,2024-11-13,35.0,53.0,OPEN,LOW
PHC-DST-B2-01,PHC-DST-B2-02,DST-B2,2024-11-14,35.0,50.1,OPEN,LOW
PHC-DST-B2-01,PHC-DST-B2-02,DST-B2,2024-11-15,35.0,53.7,OPEN,LOW
PHC-DST-B2-01,PHC-DST-B2-02,DST-B2,2024-11-16,35.0,55.8,OPEN,LOW
PHC-DST-B2-01,PHC-DST-B2-02,DST-B2,2024-11-17,35.0,55.6,OPEN,LOW
PHC-DST-B2-01,PHC-DST-B2-02,DST-B2,2024-11-18,35.0,50.4,OPEN,LOW
PHC-DST-B2-01,PHC-DST-B2-02,DST-B2,2024-11-19,35.0,57.2,OPEN,LOW
PHC-DST-B2-01,PHC-DST-B2-02,DST-B2,2024-11-20,35.0,57.6,OPEN,LOW
PHC-DST-B2-01,PHC-DST-B2-02,DST-B2,2024-11-21,35.0,54.9,OPEN,LOW
PHC-DST-B2-01,PHC-DST-B2-02,DST-B2,2024-11-22,35.0,52.8,OPEN,LOW
PHC-DST-B2-01,PHC-DST-B2-02,DST-B2,2024-11-23,35.0,57.4,OPEN,LOW
PHC-DST-B2-01,PHC-DST-B2-02,DST-B2,2024-11-24,35.0,53.3,OPEN,LOW
PHC-DST-B2-01,PHC-DST-B2-02,DST-B2,2024-11-25,35.0,55.8,OPEN,LOW
PHC-DST-B2-01,PHC-DST-B2-02,DST-B2,2024-11-26,35.0,50.3,OPEN,LOW
PHC-DST-B2-01,PHC-DST-B2-02,DST-B2,2024-11-27,35.0,55.1,OPEN,LOW
PHC-DST-B2-01,PHC-DST-B2-02,DST-B2,2024-11-28,35.0,51.1,OPEN,LOW
PHC-DST-B2-01,PHC-DST-B2-02,DST-B2,2024-11-29,35.0,51.7,OPEN,LOW
PHC-DST-B2-01,PHC-DST-B2-02,DST-B2,2024-11-30,35.0,51.0,OPEN,LOW
PHC-DST-B2-01,PHC-DST-B2-02,DST-B2,2024-12-01,35.0,57.7,OPEN,LOW
PHC-DST-B2-01,PHC-DST-B2-02,DST-B2,2024-12-02,35.0,57.0,OPEN,LOW
PHC-DST-B2-01,PHC-DST-B2-02,DST-B2,2024-12-03,35.0,54.3,OPEN,LOW
PHC-DST-B2-01,PHC-DST-B2-02,DST-B2,2024-12-04,35.0,57.6,OPEN,LOW
PHC-DST-B2-01,PHC-DST-B2-02,DST-B2,2024-12-05,35.0,54.3,OPEN,LOW
PHC-DST-B2-01,PHC-DST-B2-02,DST-B2,2024-12-06,35.0,56.0,OPEN,LOW
PHC-DST-B2-01,PHC-DST-B2-02,DST-B2,2024-12-07,35.0,53.8,OPEN,LOW
PHC-DST-B2-01,PHC-DST-B2-02,DST-B2,2024-12-08,35.0,53.9,OPEN,LOW
PHC-DST-B2-01,PHC-DST-B2-02,DST-B2,2024-12-09,35.0,54.2,OPEN,LOW
PHC-DST-B2-01,PHC-DST-B2-02,DST-B2,2024-12-10,35.0,57.6,OPEN,LOW
PHC-DST-B2-01,PHC-DST-B2-02,DST-B2,2024-12-11,35.0,52.4,OPEN,LOW
PHC-DST-B2-01,PHC-DST-B2-02,DST-B2,2024-12-12,35.0,53.3,OPEN,LOW
PHC-DST-B2-01,PHC-DST-B2-02,DST-B2,2024-12-13,35.0,53.7,OPEN,LOW
PHC-DST-B2-01,PHC-DST-B2-02,DST-B2,2024-12-14,35.0,51.6,OPEN,LOW
PHC-DST-B2-01,PHC-DST-B2-02,DST-B2,2024-12-15,35.0,52.9,OPEN,LOW
PHC-DST-B2-01,PHC-DST-B2-02,DST-B2,2024-12-16,35.0,57.2,OPEN,LOW
PHC-DST-B2-01,PHC-DST-B2-02,DST-B2,2024-12-17,35.0,53.8,OPEN,LOW
PHC-DST-B2-01,PHC-DST-B2-02,DST-B2,2024-12-18,35.0,52.3,OPEN,LOW
PHC-DST-B2-01,PHC-DST-B2-02,DST-B2,2024-12-19,35.0,51.7,OPEN,LOW
PHC-DST-B2-01,PHC-DST-B2-02,DST-B2,2024-12-20,35.0,52.3,OPEN,LOW
PHC-DST-B2-01,PHC-DST-B2-02,DST-B2,2024-12-21,35.0,51.0,OPEN,LOW
PHC-DST-B2-01,PHC-DST-B2-02,DST-B2,2024-12-22,35.0,53.8,OPEN,LOW
PHC-DST-B2-01,PHC-DST-B2-02,DST-B2,2024-12-23,35.0,53.1,OPEN,LOW
PHC-DST-B2-01,PHC-DST-B2-02,DST-B2,2024-12-24,35.0,54.0,OPEN,LOW
PHC-DST-B2-01,PHC-DST-B2-02,DST-B2,2024-12-25,35.0,54.5,OPEN,LOW
PHC-DST-B2-01,PHC-DST-B2-02,DST-B2,2024-12-26,35.0,49.9,OPEN,LOW
PHC-DST-B2-01,PHC-DST-B2-02,DST-B2,2024-12-27,35.0,52.6,OPEN,LOW
PHC-DST-B2-01,PHC-DST-B2-02,DST-B2,2024-12-28,35.0,57.7,OPEN,LOW
PHC-DST-B2-01,PHC-DST-B2-02,DST-B2,2024-12-29,35.0,53.4,OPEN,LOW
PHC-DST-B2-01,PHC-DST-B2-02,DST-B2,2024-12-30,35.0,54.9,OPEN,LOW
PHC-DST-B2-01,PHC-DST-B2-02,DST-B2,2024-12-31,35.0,56.8,OPEN,LOW
PHC-DST-B2-01,PHC-DST-B2-02,DST-B2,2025-01-01,35.0,55.5,OPEN,LOW
PHC-DST-B2-01,PHC-DST-B2-02,DST-B2,2025-01-02,35.0,54.4,OPEN,LOW
PHC-DST-B2-01,PHC-DST-B2-02,DST-B2,2025-01-03,35.0,54.8,OPEN,LOW
PHC-DST-B2-01,PHC-DST-B2-02,DST-B2,2025-01-04,35.0,56.9,OPEN,LOW
PHC-DST-B2-01,PHC-DST-B2-02,DST-B2,2025-01-05,35.0,55.6,OPEN,LOW
PHC-DST-B2-01,PHC-DST-B2-02,DST-B2,2025-01-06,35.0,53.8,OPEN,LOW
PHC-DST-B2-01,PHC-DST-B2-02,DST-B2,2025-01-07,35.0,55.4,OPEN,LOW
PHC-DST-B2-01,PHC-DST-B2-02,DST-B2,2025-01-08,35.0,57.3,OPEN,LOW
PHC-DST-B2-01,PHC-DST-B2-02,DST-B2,2025-01-09,35.0,53.5,OPEN,LOW
PHC-DST-B2-01,PHC-DST-B2-02,DST-B2,2025-01-10,35.0,56.8,OPEN,LOW
PHC-DST-B2-01,PHC-DST-B2-02,DST-B2,2025-01-11,35.0,57.3,OPEN,LOW
PHC-DST-B2-01,PHC-DST-B2-02,DST-B2,2025-01-12,35.0,56.0,OPEN,LOW
PHC-DST-B2-01,PHC-DST-B2-02,DST-B2,2025-01-13,35.0,50.0,OPEN,LOW
PHC-DST-B2-01,PHC-DST-B2-02,DST-B2,2025-01-14,35.0,55.7,OPEN,LOW
PHC-DST-B2-01,PHC-DST-B2-02,DST-B2,2025-01-15,35.0,55.9,OPEN,LOW
PHC-DST-B2-01,PHC-DST-B2-02,DST-B2,2025-01-16,35.0,56.6,OPEN,LOW
PHC-DST-B2-01,PHC-DST-B2-02,DST-B2,2025-01-17,35.0,56.5,OPEN,LOW
PHC-DST-B2-01,PHC-DST-B2-02,DST-B2,2025-01-18,35.0,57.1,OPEN,LOW
PHC-DST-B2-01,PHC-DST-B2-02,DST-B2,2025-01-19,35.0,52.1,OPEN,LOW
PHC-DST-B2-01,PHC-DST-B2-02,DST-B2,2025-01-20,35.0,57.3,OPEN,LOW
PHC-DST-B2-01,PHC-DST-B2-02,DST-B2,2025-01-21,35.0,56.9,OPEN,LOW
PHC-DST-B2-01,PHC-DST-B2-02,DST-B2,2025-01-22,35.0,54.4,OPEN,LOW
PHC-DST-B2-01,PHC-DST-B2-02,DST-B2,2025-01-23,35.0,50.2,OPEN,LOW
PHC-DST-B2-01,PHC-DST-B2-02,DST-B2,2025-01-24,35.0,52.3,OPEN,LOW
PHC-DST-B2-01,PHC-DST-B2-02,DST-B2,2025-01-25,35.0,57.2,OPEN,LOW
PHC-DST-B2-01,PHC-DST-B2-02,DST-B2,2025-01-26,35.0,54.1,OPEN,LOW
PHC-DST-B2-01,PHC-DST-B2-02,DST-B2,2025-01-27,35.0,53.0,OPEN,LOW
PHC-DST-B2-01,PHC-DST-B2-02,DST-B2,2025-01-28,35.0,54.4,OPEN,LOW
PHC-DST-B2-01,PHC-DST-B2-02,DST-B2,2025-01-29,35.0,52.5,OPEN,LOW
PHC-DST-B2-01,PHC-DST-B2-02,DST-B2,2025-01-30,35.0,51.6,OPEN,LOW
PHC-DST-B2-01,PHC-DST-B2-02,DST-B2,2025-01-31,35.0,51.1,OPEN,LOW
PHC-DST-B2-01,PHC-DST-B2-02,DST-B2,2025-02-01,35.0,54.1,OPEN,LOW
PHC-DST-B2-01,PHC-DST-B2-02,DST-B2,2025-02-02,35.0,55.6,OPEN,LOW
PHC-DST-B2-01,PHC-DST-B2-02,DST-B2,2025-02-03,35.0,55.7,OPEN,LOW
PHC-DST-B2-01,PHC-DST-B2-02,DST-B2,2025-02-04,35.0,51.5,OPEN,LOW
PHC-DST-B2-01,PHC-DST-B2-02,DST-B2,2025-02-05,35.0,53.7,OPEN,LOW
PHC-DST-B2-01,PHC-DST-B2-02,DST-B2,2025-02-06,35.0,57.0,OPEN,LOW
PHC-DST-B2-01,PHC-DST-B2-02,DST-B2,2025-02-07,35.0,56.3,OPEN,LOW
PHC-DST-B2-01,PHC-DST-B2-02,DST-B2,2025-02-08,35.0,52.6,OPEN,LOW
PHC-DST-B2-01,PHC-DST-B2-02,DST-B2,2025-02-09,35.0,52.9,OPEN,LOW
PHC-DST-B2-01,PHC-DST-B2-02,DST-B2,2025-02-10,35.0,51.2,OPEN,LOW
PHC-DST-B2-01,PHC-DST-B2-02,DST-B2,2025-02-11,35.0,52.4,OPEN,LOW
PHC-DST-B2-01,PHC-DST-B2-02,DST-B2,2025-02-12,35.0,56.3,OPEN,LOW
PHC-DST-B2-01,PHC-DST-B2-02,DST-B2,2025-02-13,35.0,53.5,OPEN,LOW
PHC-DST-B2-01,PHC-DST-B2-02,DST-B2,2025-02-14,35.0,53.9,OPEN,LOW
PHC-DST-B2-01,PHC-DST-B2-02,DST-B2,2025-02-15,35.0,54.5,OPEN,LOW
PHC-DST-B2-01,PHC-DST-B2-02,DST-B2,2025-02-16,35.0,52.6,OPEN,LOW
PHC-DST-B2-01,PHC-DST-B2-02,DST-B2,2025-02-17,35.0,53.8,OPEN,LOW
PHC-DST-B2-01,PHC-DST-B2-02,DST-B2,2025-02-18,35.0,51.7,OPEN,LOW
PHC-DST-B2-01,PHC-DST-B2-02,DST-B2,2025-02-19,35.0,50.5,OPEN,LOW
PHC-DST-B2-01,PHC-DST-B2-02,DST-B2,2025-02-20,35.0,52.5,OPEN,LOW
PHC-DST-B2-01,PHC-DST-B2-02,DST-B2,2025-02-21,35.0,57.2,OPEN,LOW
PHC-DST-B2-01,PHC-DST-B2-02,DST-B2,2025-02-22,35.0,57.1,OPEN,LOW
PHC-DST-B2-01,PHC-DST-B2-02,DST-B2,2025-02-23,35.0,51.5,OPEN,LOW
PHC-DST-B2-01,PHC-DST-B2-02,DST-B2,2025-02-24,35.0,53.3,OPEN,LOW
PHC-DST-B2-01,PHC-DST-B2-02,DST-B2,2025-02-25,35.0,54.4,OPEN,LOW
PHC-DST-B2-01,PHC-DST-B2-02,DST-B2,2025-02-26,35.0,49.9,OPEN,LOW
PHC-DST-B2-01,PHC-DST-B2-02,DST-B2,2025-02-27,35.0,53.8,OPEN,LOW
PHC-DST-B2-01,PHC-DST-B2-02,DST-B2,2025-02-28,35.0,56.1,OPEN,LOW
PHC-DST-B2-01,PHC-DST-B2-02,DST-B2,2025-03-01,35.0,55.4,OPEN,LOW
PHC-DST-B2-01,PHC-DST-B2-02,DST-B2,2025-03-02,35.0,54.7,OPEN,LOW
PHC-DST-B2-01,PHC-DST-B2-02,DST-B2,2025-03-03,35.0,52.5,OPEN,LOW
PHC-DST-B2-01,PHC-DST-B2-02,DST-B2,2025-03-04,35.0,56.6,OPEN,LOW
PHC-DST-B2-01,PHC-DST-B2-02,DST-B2,2025-03-05,35.0,50.2,OPEN,LOW
PHC-DST-B2-01,PHC-DST-B2-02,DST-B2,2025-03-06,35.0,56.9,OPEN,LOW
PHC-DST-B2-01,PHC-DST-B2-02,DST-B2,2025-03-07,35.0,53.4,OPEN,LOW
PHC-DST-B2-01,PHC-DST-B2-02,DST-B2,2025-03-08,35.0,52.2,OPEN,LOW
PHC-DST-B2-01,PHC-DST-B2-02,DST-B2,2025-03-09,35.0,50.0,OPEN,LOW
PHC-DST-B2-01,PHC-DST-B2-02,DST-B2,2025-03-10,35.0,52.0,OPEN,LOW
PHC-DST-B2-01,PHC-DST-B2-02,DST-B2,2025-03-11,35.0,57.4,OPEN,LOW
PHC-DST-B2-01,PHC-DST-B2-02,DST-B2,2025-03-12,35.0,51.4,OPEN,LOW
PHC-DST-B2-01,PHC-DST-B2-02,DST-B2,2025-03-13,35.0,53.7,OPEN,LOW
PHC-DST-B2-01,PHC-DST-B2-02,DST-B2,2025-03-14,35.0,54.3,OPEN,LOW
PHC-DST-B2-01,PHC-DST-B2-02,DST-B2,2025-03-15,35.0,56.1,OPEN,LOW
PHC-DST-B2-01,PHC-DST-B2-02,DST-B2,2025-03-16,35.0,51.7,OPEN,LOW
PHC-DST-B2-01,PHC-DST-B2-02,DST-B2,2025-03-17,35.0,55.9,OPEN,LOW
PHC-DST-B2-01,PHC-DST-B2-02,DST-B2,2025-03-18,35.0,52.2,OPEN,LOW
PHC-DST-B2-01,PHC-DST-B2-02,DST-B2,2025-03-19,35.0,52.9,OPEN,LOW
PHC-DST-B2-01,PHC-DST-B2-02,DST-B2,2025-03-20,35.0,53.1,OPEN,LOW
PHC-DST-B2-01,PHC-DST-B2-02,DST-B2,2025-03-21,35.0,55.1,OPEN,LOW
PHC-DST-B2-01,PHC-DST-B2-02,DST-B2,2025-03-22,35.0,57.4,OPEN,LOW
PHC-DST-B2-01,PHC-DST-B2-02,DST-B2,2025-03-23,35.0,57.0,OPEN,LOW
PHC-DST-B2-01,PHC-DST-B2-02,DST-B2,2025-03-24,35.0,50.3,OPEN,LOW
PHC-DST-B2-01,PHC-DST-B2-02,DST-B2,2025-03-25,35.0,51.7,OPEN,LOW
PHC-DST-B2-01,PHC-DST-B2-02,DST-B2,2025-03-26,35.0,50.4,OPEN,LOW
PHC-DST-B2-01,PHC-DST-B2-02,DST-B2,2025-03-27,35.0,50.8,OPEN,LOW
PHC-DST-B2-01,PHC-DST-B2-02,DST-B2,2025-03-28,35.0,51.5,OPEN,LOW
PHC-DST-B2-01,PHC-DST-B2-02,DST-B2,2025-03-29,35.0,52.3,OPEN,LOW
PHC-DST-B2-01,PHC-DST-B2-02,DST-B2,2025-03-30,35.0,56.0,OPEN,LOW
PHC-DST-B2-01,PHC-DST-B2-02,DST-B2,2025-03-31,35.0,50.8,OPEN,LOW
PHC-DST-B2-01,PHC-DST-B2-02,DST-B2,2025-04-01,35.0,50.5,OPEN,LOW
PHC-DST-B2-01,PHC-DST-B2-02,DST-B2,2025-04-02,35.0,50.5,OPEN,LOW
PHC-DST-B2-01,PHC-DST-B2-02,DST-B2,2025-04-03,35.0,56.4,OPEN,LOW
PHC-DST-B2-01,PHC-DST-B2-02,DST-B2,2025-04-04,35.0,51.7,OPEN,LOW
PHC-DST-B2-01,PHC-DST-B2-02,DST-B2,2025-04-05,35.0,52.5,OPEN,LOW
PHC-DST-B2-01,PHC-DST-B2-02,DST-B2,2025-04-06,35.0,51.6,OPEN,LOW
PHC-DST-B2-01,PHC-DST-B2-02,DST-B2,2025-04-07,35.0,54.8,OPEN,LOW
PHC-DST-B2-01,PHC-DST-B2-02,DST-B2,2025-04-08,35.0,51.4,OPEN,LOW
PHC-DST-B2-01,PHC-DST-B2-02,DST-B2,2025-04-09,35.0,54.4,OPEN,LOW
PHC-DST-B2-01,PHC-DST-B2-02,DST-B2,2025-04-10,35.0,53.2,OPEN,LOW
PHC-DST-B2-01,PHC-DST-B2-02,DST-B2,2025-04-11,35.0,57.1,OPEN,LOW
PHC-DST-B2-01,PHC-DST-B2-02,DST-B2,2025-04-12,35.0,50.8,OPEN,LOW
PHC-DST-B2-01,PHC-DST-B2-02,DST-B2,2025-04-13,35.0,54.3,OPEN,LOW
PHC-DST-B2-01,PHC-DST-B2-02,DST-B2,2025-04-14,35.0,55.9,OPEN,LOW
PHC-DST-B2-01,PHC-DST-B2-02,DST-B2,2025-04-15,35.0,54.6,OPEN,LOW
PHC-DST-B2-01,PHC-DST-B2-02,DST-B2,2025-04-16,35.0,51.1,OPEN,LOW
PHC-DST-B2-01,PHC-DST-B2-02,DST-B2,2025-04-17,35.0,57.5,OPEN,LOW
PHC-DST-B2-01,PHC-DST-B2-02,DST-B2,2025-04-18,35.0,50.3,OPEN,LOW
PHC-DST-B2-01,PHC-DST-B2-02,DST-B2,2025-04-19,35.0,54.4,OPEN,LOW
PHC-DST-B2-01,PHC-DST-B2-02,DST-B2,2025-04-20,35.0,50.6,OPEN,LOW
PHC-DST-B2-01,PHC-DST-B2-02,DST-B2,2025-04-21,35.0,57.2,OPEN,LOW
PHC-DST-B2-01,PHC-DST-B2-02,DST-B2,2025-04-22,35.0,50.2,OPEN,LOW
PHC-DST-B2-01,PHC-DST-B2-02,DST-B2,2025-04-23,35.0,51.4,OPEN,LOW
PHC-DST-B2-01,PHC-DST-B2-02,DST-B2,2025-04-24,35.0,53.4,OPEN,LOW
PHC-DST-B2-01,PHC-DST-B2-02,DST-B2,2025-04-25,35.0,55.8,OPEN,LOW
PHC-DST-B2-01,PHC-DST-B2-02,DST-B2,2025-04-26,35.0,56.5,OPEN,LOW
PHC-DST-B2-01,PHC-DST-B2-02,DST-B2,2025-04-27,35.0,54.4,OPEN,LOW
PHC-DST-B2-01,PHC-DST-B2-02,DST-B2,2025-04-28,35.0,52.1,OPEN,LOW
PHC-DST-B2-01,PHC-DST-B2-02,DST-B2,2025-04-29,35.0,54.4,OPEN,LOW
PHC-DST-B2-01,PHC-DST-B2-02,DST-B2,2025-04-30,35.0,52.2,OPEN,LOW
PHC-DST-B2-01,PHC-DST-B2-02,DST-B2,2025-05-01,35.0,51.0,OPEN,LOW
PHC-DST-B2-01,PHC-DST-B2-02,DST-B2,2025-05-02,35.0,56.3,OPEN,LOW
PHC-DST-B2-01,PHC-DST-B2-02,DST-B2,2025-05-03,35.0,56.6,OPEN,LOW
PHC-DST-B2-01,PHC-DST-B2-02,DST-B2,2025-05-04,35.0,55.5,OPEN,LOW
PHC-DST-B2-01,PHC-DST-B2-02,DST-B2,2025-05-05,35.0,52.0,OPEN,LOW
PHC-DST-B2-01,PHC-DST-B2-02,DST-B2,2025-05-06,35.0,52.8,OPEN,LOW
PHC-DST-B2-01,PHC-DST-B2-02,DST-B2,2025-05-07,35.0,56.1,OPEN,LOW
PHC-DST-B2-01,PHC-DST-B2-02,DST-B2,2025-05-08,35.0,50.3,OPEN,LOW
PHC-DST-B2-01,PHC-DST-B2-02,DST-B2,2025-05-09,35.0,54.2,OPEN,LOW
PHC-DST-B2-01,PHC-DST-B2-02,DST-B2,2025-05-10,35.0,55.0,OPEN,LOW
PHC-DST-B2-01,PHC-DST-B2-02,DST-B2,2025-05-11,35.0,55.2,OPEN,LOW
PHC-DST-B2-01,PHC-DST-B2-02,DST-B2,2025-05-12,35.0,51.7,OPEN,LOW
PHC-DST-B2-01,PHC-DST-B2-02,DST-B2,2025-05-13,35.0,55.6,OPEN,LOW
PHC-DST-B2-01,PHC-DST-B2-02,DST-B2,2025-05-14,35.0,51.4,OPEN,LOW
PHC-DST-B2-01,PHC-DST-B2-02,DST-B2,2025-05-15,35.0,57.4,OPEN,LOW
PHC-DST-B2-01,PHC-DST-B2-02,DST-B2,2025-05-16,35.0,56.9,OPEN,LOW
PHC-DST-B2-01,PHC-DST-B2-02,DST-B2,2025-05-17,35.0,50.1,OPEN,LOW
PHC-DST-B2-01,PHC-DST-B2-02,DST-B2,2025-05-18,35.0,51.3,OPEN,LOW
PHC-DST-B2-01,PHC-DST-B2-02,DST-B2,2025-05-19,35.0,52.7,OPEN,LOW
PHC-DST-B2-01,PHC-DST-B2-02,DST-B2,2025-05-20,35.0,50.6,OPEN,LOW
PHC-DST-B2-01,PHC-DST-B2-02,DST-B2,2025-05-21,35.0,52.1,OPEN,LOW
PHC-DST-B2-01,PHC-DST-B2-02,DST-B2,2025-05-22,35.0,53.5,OPEN,LOW
PHC-DST-B2-01,PHC-DST-B2-02,DST-B2,2025-05-23,35.0,53.0,OPEN,LOW
PHC-DST-B2-01,PHC-DST-B2-02,DST-B2,2025-05-24,35.0,50.3,OPEN,LOW
PHC-DST-B2-01,PHC-DST-B2-02,DST-B2,2025-05-25,35.0,51.5,OPEN,LOW
PHC-DST-B2-01,PHC-DST-B2-02,DST-B2,2025-05-26,35.0,52.9,OPEN,LOW
PHC-DST-B2-01,PHC-DST-B2-02,DST-B2,2025-05-27,35.0,52.6,OPEN,LOW
PHC-DST-B2-01,PHC-DST-B2-02,DST-B2,2025-05-28,35.0,52.2,OPEN,LOW
PHC-DST-B2-01,PHC-DST-B2-02,DST-B2,2025-05-29,35.0,57.4,OPEN,LOW
PHC-DST-B2-01,PHC-DST-B2-02,DST-B2,2025-05-30,35.0,52.8,OPEN,LOW
PHC-DST-B2-01,PHC-DST-B2-02,DST-B2,2025-05-31,35.0,51.2,OPEN,LOW
PHC-DST-B2-01,PHC-DST-B2-02,DST-B2,2025-06-01,35.0,56.3,OPEN,LOW
PHC-DST-B2-01,PHC-DST-B2-02,DST-B2,2025-06-02,35.0,53.8,OPEN,LOW
PHC-DST-B2-01,PHC-DST-B2-02,DST-B2,2025-06-03,35.0,50.0,OPEN,LOW
PHC-DST-B2-01,PHC-DST-B2-02,DST-B2,2025-06-04,35.0,54.9,OPEN,LOW
PHC-DST-B2-01,PHC-DST-B2-02,DST-B2,2025-06-05,35.0,50.0,OPEN,LOW
PHC-DST-B2-01,PHC-DST-B2-02,DST-B2,2025-06-06,35.0,52.0,OPEN,LOW
PHC-DST-B2-01,PHC-DST-B2-02,DST-B2,2025-06-07,35.0,55.8,OPEN,LOW
PHC-DST-B2-01,PHC-DST-B2-02,DST-B2,2025-06-08,35.0,51.4,OPEN,LOW
PHC-DST-B2-01,PHC-DST-B2-02,DST-B2,2025-06-09,35.0,51.1,OPEN,LOW
PHC-DST-B2-01,PHC-DST-B2-02,DST-B2,2025-06-10,35.0,53.0,OPEN,LOW
PHC-DST-B2-01,PHC-DST-B2-02,DST-B2,2025-06-11,35.0,56.7,OPEN,LOW
PHC-DST-B2-01,PHC-DST-B2-02,DST-B2,2025-06-12,35.0,57.6,OPEN,LOW
PHC-DST-B2-01,PHC-DST-B2-02,DST-B2,2025-06-13,35.0,57.3,OPEN,LOW
PHC-DST-B2-01,PHC-DST-B2-02,DST-B2,2025-06-14,35.0,54.6,OPEN,LOW
PHC-DST-B2-01,PHC-DST-B2-02,DST-B2,2025-06-15,35.0,53.9,OPEN,LOW
PHC-DST-B2-01,PHC-DST-B2-02,DST-B2,2025-06-16,35.0,54.3,OPEN,LOW
PHC-DST-B2-01,PHC-DST-B2-02,DST-B2,2025-06-17,35.0,52.7,OPEN,LOW
PHC-DST-B2-01,PHC-DST-B2-02,DST-B2,2025-06-18,35.0,55.7,OPEN,LOW
PHC-DST-B2-01,PHC-DST-B2-02,DST-B2,2025-06-19,35.0,57.7,OPEN,LOW
PHC-DST-B2-01,PHC-DST-B2-02,DST-B2,2025-06-20,35.0,55.9,OPEN,LOW
PHC-DST-B2-01,PHC-DST-B2-02,DST-B2,2025-06-21,35.0,53.8,OPEN,LOW
PHC-DST-B2-01,PHC-DST-B2-02,DST-B2,2025-06-22,35.0,52.9,OPEN,LOW
PHC-DST-B2-01,PHC-DST-B2-02,DST-B2,2025-06-23,35.0,55.5,OPEN,LOW
PHC-DST-B2-01,PHC-DST-B2-02,DST-B2,2025-06-24,35.0,49.9,OPEN,LOW
PHC-DST-B2-01,PHC-DST-B2-02,DST-B2,2025-06-25,35.0,55.9,OPEN,LOW
PHC-DST-B2-01,PHC-DST-B2-02,DST-B2,2025-06-26,35.0,51.0,OPEN,LOW
PHC-DST-B2-01,PHC-DST-B2-02,DST-B2,2025-06-27,35.0,50.9,OPEN,LOW
PHC-DST-B2-01,PHC-DST-B2-02,DST-B2,2025-06-28,35.0,52.9,OPEN,LOW
PHC-DST-B2-01,PHC-DST-B2-02,DST-B2,2025-06-29,35.0,55.9,OPEN,LOW
PHC-DST-B2-01,PHC-DST-B2-02,DST-B2,2025-06-30,35.0,55.9,OPEN,LOW
PHC-DST-B2-02,PHC-DST-B2-03,DST-B2,2024-07-01,21.1,32.5,OPEN,LOW
PHC-DST-B2-02,PHC-DST-B2-03,DST-B2,2024-07-02,21.1,34.3,OPEN,LOW
PHC-DST-B2-02,PHC-DST-B2-03,DST-B2,2024-07-03,21.1,62.5,DEGRADED,MODERATE
PHC-DST-B2-02,PHC-DST-B2-03,DST-B2,2024-07-04,21.1,50.0,DEGRADED,MODERATE
PHC-DST-B2-02,PHC-DST-B2-03,DST-B2,2024-07-05,21.1,32.4,OPEN,LOW
PHC-DST-B2-02,PHC-DST-B2-03,DST-B2,2024-07-06,21.1,49.2,DEGRADED,MODERATE
PHC-DST-B2-02,PHC-DST-B2-03,DST-B2,2024-07-07,21.1,33.1,OPEN,LOW
PHC-DST-B2-02,PHC-DST-B2-03,DST-B2,2024-07-08,21.1,32.6,OPEN,LOW
PHC-DST-B2-02,PHC-DST-B2-03,DST-B2,2024-07-09,21.1,32.9,OPEN,LOW
PHC-DST-B2-02,PHC-DST-B2-03,DST-B2,2024-07-10,21.1,34.0,OPEN,LOW
PHC-DST-B2-02,PHC-DST-B2-03,DST-B2,2024-07-11,21.1,56.4,DEGRADED,MODERATE
PHC-DST-B2-02,PHC-DST-B2-03,DST-B2,2024-07-12,21.1,32.6,OPEN,LOW
PHC-DST-B2-02,PHC-DST-B2-03,DST-B2,2024-07-13,21.1,49.3,DEGRADED,LOW
PHC-DST-B2-02,PHC-DST-B2-03,DST-B2,2024-07-14,21.1,31.7,OPEN,LOW
PHC-DST-B2-02,PHC-DST-B2-03,DST-B2,2024-07-15,21.1,34.0,OPEN,LOW
PHC-DST-B2-02,PHC-DST-B2-03,DST-B2,2024-07-16,21.1,32.9,OPEN,LOW
PHC-DST-B2-02,PHC-DST-B2-03,DST-B2,2024-07-17,21.1,34.2,OPEN,LOW
PHC-DST-B2-02,PHC-DST-B2-03,DST-B2,2024-07-18,21.1,34.6,OPEN,LOW
PHC-DST-B2-02,PHC-DST-B2-03,DST-B2,2024-07-19,21.1,32.5,OPEN,LOW
PHC-DST-B2-02,PHC-DST-B2-03,DST-B2,2024-07-20,21.1,34.1,OPEN,LOW
PHC-DST-B2-02,PHC-DST-B2-03,DST-B2,2024-07-21,21.1,31.9,OPEN,LOW
PHC-DST-B2-02,PHC-DST-B2-03,DST-B2,2024-07-22,21.1,30.2,OPEN,LOW
PHC-DST-B2-02,PHC-DST-B2-03,DST-B2,2024-07-23,21.1,32.4,OPEN,LOW
PHC-DST-B2-02,PHC-DST-B2-03,DST-B2,2024-07-24,21.1,31.2,OPEN,LOW
PHC-DST-B2-02,PHC-DST-B2-03,DST-B2,2024-07-25,21.1,32.9,OPEN,LOW
PHC-DST-B2-02,PHC-DST-B2-03,DST-B2,2024-07-26,21.1,32.3,OPEN,LOW
PHC-DST-B2-02,PHC-DST-B2-03,DST-B2,2024-07-27,21.1,34.7,OPEN,LOW
PHC-DST-B2-02,PHC-DST-B2-03,DST-B2,2024-07-28,21.1,31.5,OPEN,LOW
PHC-DST-B2-02,PHC-DST-B2-03,DST-B2,2024-07-29,21.1,50.6,DEGRADED,MODERATE
PHC-DST-B2-02,PHC-DST-B2-03,DST-B2,2024-07-30,21.1,52.4,DEGRADED,LOW
PHC-DST-B2-02,PHC-DST-B2-03,DST-B2,2024-07-31,21.1,30.2,OPEN,LOW
PHC-DST-B2-02,PHC-DST-B2-03,DST-B2,2024-08-01,21.1,31.7,OPEN,LOW
PHC-DST-B2-02,PHC-DST-B2-03,DST-B2,2024-08-02,21.1,31.9,OPEN,LOW
PHC-DST-B2-02,PHC-DST-B2-03,DST-B2,2024-08-03,21.1,34.6,OPEN,LOW
PHC-DST-B2-02,PHC-DST-B2-03,DST-B2,2024-08-04,21.1,34.2,OPEN,LOW
PHC-DST-B2-02,PHC-DST-B2-03,DST-B2,2024-08-05,21.1,30.7,OPEN,LOW
PHC-DST-B2-02,PHC-DST-B2-03,DST-B2,2024-08-06,21.1,30.8,OPEN,LOW
PHC-DST-B2-02,PHC-DST-B2-03,DST-B2,2024-08-07,21.1,31.9,OPEN,LOW
PHC-DST-B2-02,PHC-DST-B2-03,DST-B2,2024-08-08,21.1,47.6,DEGRADED,MODERATE
PHC-DST-B2-02,PHC-DST-B2-03,DST-B2,2024-08-09,21.1,32.9,OPEN,LOW
PHC-DST-B2-02,PHC-DST-B2-03,DST-B2,2024-08-10,21.1,32.1,OPEN,LOW
PHC-DST-B2-02,PHC-DST-B2-03,DST-B2,2024-08-11,21.1,59.5,DEGRADED,MODERATE
PHC-DST-B2-02,PHC-DST-B2-03,DST-B2,2024-08-12,21.1,31.9,OPEN,LOW
PHC-DST-B2-02,PHC-DST-B2-03,DST-B2,2024-08-13,21.1,34.9,OPEN,LOW
PHC-DST-B2-02,PHC-DST-B2-03,DST-B2,2024-08-14,21.1,31.9,OPEN,LOW
PHC-DST-B2-02,PHC-DST-B2-03,DST-B2,2024-08-15,21.1,31.1,OPEN,LOW
PHC-DST-B2-02,PHC-DST-B2-03,DST-B2,2024-08-16,21.1,32.0,OPEN,LOW
PHC-DST-B2-02,PHC-DST-B2-03,DST-B2,2024-08-17,21.1,33.7,OPEN,LOW
PHC-DST-B2-02,PHC-DST-B2-03,DST-B2,2024-08-18,21.1,33.5,OPEN,LOW
PHC-DST-B2-02,PHC-DST-B2-03,DST-B2,2024-08-19,21.1,201.8,BLOCKED,SEVERE
PHC-DST-B2-02,PHC-DST-B2-03,DST-B2,2024-08-20,21.1,195.4,BLOCKED,SEVERE
PHC-DST-B2-02,PHC-DST-B2-03,DST-B2,2024-08-21,21.1,31.1,OPEN,LOW
PHC-DST-B2-02,PHC-DST-B2-03,DST-B2,2024-08-22,21.1,33.6,OPEN,LOW
PHC-DST-B2-02,PHC-DST-B2-03,DST-B2,2024-08-23,21.1,31.0,OPEN,LOW
PHC-DST-B2-02,PHC-DST-B2-03,DST-B2,2024-08-24,21.1,30.7,OPEN,LOW
PHC-DST-B2-02,PHC-DST-B2-03,DST-B2,2024-08-25,21.1,63.4,DEGRADED,LOW
PHC-DST-B2-02,PHC-DST-B2-03,DST-B2,2024-08-26,21.1,34.0,OPEN,LOW
PHC-DST-B2-02,PHC-DST-B2-03,DST-B2,2024-08-27,21.1,30.2,OPEN,LOW
PHC-DST-B2-02,PHC-DST-B2-03,DST-B2,2024-08-28,21.1,30.8,OPEN,LOW
PHC-DST-B2-02,PHC-DST-B2-03,DST-B2,2024-08-29,21.1,32.1,OPEN,LOW
PHC-DST-B2-02,PHC-DST-B2-03,DST-B2,2024-08-30,21.1,34.5,OPEN,LOW
PHC-DST-B2-02,PHC-DST-B2-03,DST-B2,2024-08-31,21.1,31.1,OPEN,LOW
PHC-DST-B2-02,PHC-DST-B2-03,DST-B2,2024-09-01,21.1,33.1,OPEN,LOW
PHC-DST-B2-02,PHC-DST-B2-03,DST-B2,2024-09-02,21.1,32.0,OPEN,LOW
PHC-DST-B2-02,PHC-DST-B2-03,DST-B2,2024-09-03,21.1,33.0,OPEN,LOW
PHC-DST-B2-02,PHC-DST-B2-03,DST-B2,2024-09-04,21.1,31.5,OPEN,LOW
PHC-DST-B2-02,PHC-DST-B2-03,DST-B2,2024-09-05,21.1,34.5,OPEN,LOW
PHC-DST-B2-02,PHC-DST-B2-03,DST-B2,2024-09-06,21.1,62.3,DEGRADED,MODERATE
PHC-DST-B2-02,PHC-DST-B2-03,DST-B2,2024-09-07,21.1,62.4,DEGRADED,MODERATE
PHC-DST-B2-02,PHC-DST-B2-03,DST-B2,2024-09-08,21.1,52.0,DEGRADED,MODERATE
PHC-DST-B2-02,PHC-DST-B2-03,DST-B2,2024-09-09,21.1,30.9,OPEN,LOW
PHC-DST-B2-02,PHC-DST-B2-03,DST-B2,2024-09-10,21.1,185.9,BLOCKED,MODERATE
PHC-DST-B2-02,PHC-DST-B2-03,DST-B2,2024-09-11,21.1,31.3,OPEN,LOW
PHC-DST-B2-02,PHC-DST-B2-03,DST-B2,2024-09-12,21.1,30.3,OPEN,LOW
PHC-DST-B2-02,PHC-DST-B2-03,DST-B2,2024-09-13,21.1,34.4,OPEN,LOW
PHC-DST-B2-02,PHC-DST-B2-03,DST-B2,2024-09-14,21.1,34.7,OPEN,LOW
PHC-DST-B2-02,PHC-DST-B2-03,DST-B2,2024-09-15,21.1,60.1,DEGRADED,MODERATE
PHC-DST-B2-02,PHC-DST-B2-03,DST-B2,2024-09-16,21.1,33.5,OPEN,LOW
PHC-DST-B2-02,PHC-DST-B2-03,DST-B2,2024-09-17,21.1,54.7,DEGRADED,MODERATE
PHC-DST-B2-02,PHC-DST-B2-03,DST-B2,2024-09-18,21.1,34.3,OPEN,LOW
PHC-DST-B2-02,PHC-DST-B2-03,DST-B2,2024-09-19,21.1,30.9,OPEN,LOW
PHC-DST-B2-02,PHC-DST-B2-03,DST-B2,2024-09-20,21.1,34.0,OPEN,LOW
PHC-DST-B2-02,PHC-DST-B2-03,DST-B2,2024-09-21,21.1,34.7,OPEN,LOW
PHC-DST-B2-02,PHC-DST-B2-03,DST-B2,2024-09-22,21.1,52.6,DEGRADED,MODERATE
PHC-DST-B2-02,PHC-DST-B2-03,DST-B2,2024-09-23,21.1,63.3,DEGRADED,MODERATE
PHC-DST-B2-02,PHC-DST-B2-03,DST-B2,2024-09-24,21.1,30.6,OPEN,LOW
PHC-DST-B2-02,PHC-DST-B2-03,DST-B2,2024-09-25,21.1,151.3,BLOCKED,MODERATE
PHC-DST-B2-02,PHC-DST-B2-03,DST-B2,2024-09-26,21.1,30.5,OPEN,LOW
PHC-DST-B2-02,PHC-DST-B2-03,DST-B2,2024-09-27,21.1,55.5,DEGRADED,MODERATE
PHC-DST-B2-02,PHC-DST-B2-03,DST-B2,2024-09-28,21.1,55.4,DEGRADED,MODERATE
PHC-DST-B2-02,PHC-DST-B2-03,DST-B2,2024-09-29,21.1,32.7,OPEN,LOW
PHC-DST-B2-02,PHC-DST-B2-03,DST-B2,2024-09-30,21.1,32.7,OPEN,LOW
PHC-DST-B2-02,PHC-DST-B2-03,DST-B2,2024-10-01,21.1,33.5,OPEN,LOW
PHC-DST-B2-02,PHC-DST-B2-03,DST-B2,2024-10-02,21.1,32.3,OPEN,LOW
PHC-DST-B2-02,PHC-DST-B2-03,DST-B2,2024-10-03,21.1,31.2,OPEN,LOW
PHC-DST-B2-02,PHC-DST-B2-03,DST-B2,2024-10-04,21.1,33.2,OPEN,LOW
PHC-DST-B2-02,PHC-DST-B2-03,DST-B2,2024-10-05,21.1,33.0,OPEN,LOW
PHC-DST-B2-02,PHC-DST-B2-03,DST-B2,2024-10-06,21.1,31.6,OPEN,LOW
PHC-DST-B2-02,PHC-DST-B2-03,DST-B2,2024-10-07,21.1,32.5,OPEN,LOW
PHC-DST-B2-02,PHC-DST-B2-03,DST-B2,2024-10-08,21.1,33.3,OPEN,LOW
PHC-DST-B2-02,PHC-DST-B2-03,DST-B2,2024-10-09,21.1,34.6,OPEN,LOW
PHC-DST-B2-02,PHC-DST-B2-03,DST-B2,2024-10-10,21.1,30.5,OPEN,LOW
PHC-DST-B2-02,PHC-DST-B2-03,DST-B2,2024-10-11,21.1,33.5,OPEN,LOW
PHC-DST-B2-02,PHC-DST-B2-03,DST-B2,2024-10-12,21.1,30.7,OPEN,LOW
PHC-DST-B2-02,PHC-DST-B2-03,DST-B2,2024-10-13,21.1,31.0,OPEN,LOW
PHC-DST-B2-02,PHC-DST-B2-03,DST-B2,2024-10-14,21.1,32.4,OPEN,LOW
PHC-DST-B2-02,PHC-DST-B2-03,DST-B2,2024-10-15,21.1,31.5,OPEN,LOW
PHC-DST-B2-02,PHC-DST-B2-03,DST-B2,2024-10-16,21.1,31.6,OPEN,LOW
PHC-DST-B2-02,PHC-DST-B2-03,DST-B2,2024-10-17,21.1,31.7,OPEN,LOW
PHC-DST-B2-02,PHC-DST-B2-03,DST-B2,2024-10-18,21.1,34.4,OPEN,LOW
PHC-DST-B2-02,PHC-DST-B2-03,DST-B2,2024-10-19,21.1,33.1,OPEN,LOW
PHC-DST-B2-02,PHC-DST-B2-03,DST-B2,2024-10-20,21.1,33.8,OPEN,LOW
PHC-DST-B2-02,PHC-DST-B2-03,DST-B2,2024-10-21,21.1,34.0,OPEN,LOW
PHC-DST-B2-02,PHC-DST-B2-03,DST-B2,2024-10-22,21.1,30.3,OPEN,LOW
PHC-DST-B2-02,PHC-DST-B2-03,DST-B2,2024-10-23,21.1,31.2,OPEN,LOW
PHC-DST-B2-02,PHC-DST-B2-03,DST-B2,2024-10-24,21.1,30.4,OPEN,LOW
PHC-DST-B2-02,PHC-DST-B2-03,DST-B2,2024-10-25,21.1,33.0,OPEN,LOW
PHC-DST-B2-02,PHC-DST-B2-03,DST-B2,2024-10-26,21.1,33.1,OPEN,LOW
PHC-DST-B2-02,PHC-DST-B2-03,DST-B2,2024-10-27,21.1,32.9,OPEN,LOW
PHC-DST-B2-02,PHC-DST-B2-03,DST-B2,2024-10-28,21.1,30.6,OPEN,LOW
PHC-DST-B2-02,PHC-DST-B2-03,DST-B2,2024-10-29,21.1,30.9,OPEN,LOW
PHC-DST-B2-02,PHC-DST-B2-03,DST-B2,2024-10-30,21.1,30.2,OPEN,LOW
PHC-DST-B2-02,PHC-DST-B2-03,DST-B2,2024-10-31,21.1,31.1,OPEN,LOW
PHC-DST-B2-02,PHC-DST-B2-03,DST-B2,2024-11-01,21.1,34.3,OPEN,LOW
PHC-DST-B2-02,PHC-DST-B2-03,DST-B2,2024-11-02,21.1,32.8,OPEN,LOW
PHC-DST-B2-02,PHC-DST-B2-03,DST-B2,2024-11-03,21.1,30.3,OPEN,LOW
PHC-DST-B2-02,PHC-DST-B2-03,DST-B2,2024-11-04,21.1,31.5,OPEN,LOW
PHC-DST-B2-02,PHC-DST-B2-03,DST-B2,2024-11-05,21.1,34.1,OPEN,LOW
PHC-DST-B2-02,PHC-DST-B2-03,DST-B2,2024-11-06,21.1,32.2,OPEN,LOW
PHC-DST-B2-02,PHC-DST-B2-03,DST-B2,2024-11-07,21.1,32.3,OPEN,LOW
PHC-DST-B2-02,PHC-DST-B2-03,DST-B2,2024-11-08,21.1,34.3,OPEN,LOW
PHC-DST-B2-02,PHC-DST-B2-03,DST-B2,2024-11-09,21.1,30.4,OPEN,LOW
PHC-DST-B2-02,PHC-DST-B2-03,DST-B2,2024-11-10,21.1,32.7,OPEN,LOW
PHC-DST-B2-02,PHC-DST-B2-03,DST-B2,2024-11-11,21.1,32.7,OPEN,LOW
PHC-DST-B2-02,PHC-DST-B2-03,DST-B2,2024-11-12,21.1,34.6,OPEN,LOW
PHC-DST-B2-02,PHC-DST-B2-03,DST-B2,2024-11-13,21.1,32.1,OPEN,LOW
PHC-DST-B2-02,PHC-DST-B2-03,DST-B2,2024-11-14,21.1,32.2,OPEN,LOW
PHC-DST-B2-02,PHC-DST-B2-03,DST-B2,2024-11-15,21.1,32.9,OPEN,LOW
PHC-DST-B2-02,PHC-DST-B2-03,DST-B2,2024-11-16,21.1,31.5,OPEN,LOW
PHC-DST-B2-02,PHC-DST-B2-03,DST-B2,2024-11-17,21.1,33.5,OPEN,LOW
PHC-DST-B2-02,PHC-DST-B2-03,DST-B2,2024-11-18,21.1,32.2,OPEN,LOW
PHC-DST-B2-02,PHC-DST-B2-03,DST-B2,2024-11-19,21.1,30.4,OPEN,LOW
PHC-DST-B2-02,PHC-DST-B2-03,DST-B2,2024-11-20,21.1,32.9,OPEN,LOW
PHC-DST-B2-02,PHC-DST-B2-03,DST-B2,2024-11-21,21.1,32.0,OPEN,LOW
PHC-DST-B2-02,PHC-DST-B2-03,DST-B2,2024-11-22,21.1,34.8,OPEN,LOW
PHC-DST-B2-02,PHC-DST-B2-03,DST-B2,2024-11-23,21.1,32.8,OPEN,LOW
PHC-DST-B2-02,PHC-DST-B2-03,DST-B2,2024-11-24,21.1,31.1,OPEN,LOW
PHC-DST-B2-02,PHC-DST-B2-03,DST-B2,2024-11-25,21.1,31.9,OPEN,LOW
PHC-DST-B2-02,PHC-DST-B2-03,DST-B2,2024-11-26,21.1,33.8,OPEN,LOW
PHC-DST-B2-02,PHC-DST-B2-03,DST-B2,2024-11-27,21.1,31.1,OPEN,LOW
PHC-DST-B2-02,PHC-DST-B2-03,DST-B2,2024-11-28,21.1,34.0,OPEN,LOW
PHC-DST-B2-02,PHC-DST-B2-03,DST-B2,2024-11-29,21.1,33.2,OPEN,LOW
PHC-DST-B2-02,PHC-DST-B2-03,DST-B2,2024-11-30,21.1,31.5,OPEN,LOW
PHC-DST-B2-02,PHC-DST-B2-03,DST-B2,2024-12-01,21.1,32.0,OPEN,LOW
PHC-DST-B2-02,PHC-DST-B2-03,DST-B2,2024-12-02,21.1,33.9,OPEN,LOW
PHC-DST-B2-02,PHC-DST-B2-03,DST-B2,2024-12-03,21.1,30.8,OPEN,LOW
PHC-DST-B2-02,PHC-DST-B2-03,DST-B2,2024-12-04,21.1,33.6,OPEN,LOW
PHC-DST-B2-02,PHC-DST-B2-03,DST-B2,2024-12-05,21.1,30.7,OPEN,LOW
PHC-DST-B2-02,PHC-DST-B2-03,DST-B2,2024-12-06,21.1,34.5,OPEN,LOW
PHC-DST-B2-02,PHC-DST-B2-03,DST-B2,2024-12-07,21.1,32.1,OPEN,LOW
PHC-DST-B2-02,PHC-DST-B2-03,DST-B2,2024-12-08,21.1,34.3,OPEN,LOW
PHC-DST-B2-02,PHC-DST-B2-03,DST-B2,2024-12-09,21.1,33.1,OPEN,LOW
PHC-DST-B2-02,PHC-DST-B2-03,DST-B2,2024-12-10,21.1,32.6,OPEN,LOW
PHC-DST-B2-02,PHC-DST-B2-03,DST-B2,2024-12-11,21.1,33.2,OPEN,LOW
PHC-DST-B2-02,PHC-DST-B2-03,DST-B2,2024-12-12,21.1,33.7,OPEN,LOW
PHC-DST-B2-02,PHC-DST-B2-03,DST-B2,2024-12-13,21.1,34.1,OPEN,LOW
PHC-DST-B2-02,PHC-DST-B2-03,DST-B2,2024-12-14,21.1,33.8,OPEN,LOW
PHC-DST-B2-02,PHC-DST-B2-03,DST-B2,2024-12-15,21.1,34.4,OPEN,LOW
PHC-DST-B2-02,PHC-DST-B2-03,DST-B2,2024-12-16,21.1,34.3,OPEN,LOW
PHC-DST-B2-02,PHC-DST-B2-03,DST-B2,2024-12-17,21.1,31.2,OPEN,LOW
PHC-DST-B2-02,PHC-DST-B2-03,DST-B2,2024-12-18,21.1,30.9,OPEN,LOW
PHC-DST-B2-02,PHC-DST-B2-03,DST-B2,2024-12-19,21.1,32.3,OPEN,LOW
PHC-DST-B2-02,PHC-DST-B2-03,DST-B2,2024-12-20,21.1,30.3,OPEN,LOW
PHC-DST-B2-02,PHC-DST-B2-03,DST-B2,2024-12-21,21.1,32.7,OPEN,LOW
PHC-DST-B2-02,PHC-DST-B2-03,DST-B2,2024-12-22,21.1,32.4,OPEN,LOW
PHC-DST-B2-02,PHC-DST-B2-03,DST-B2,2024-12-23,21.1,31.3,OPEN,LOW
PHC-DST-B2-02,PHC-DST-B2-03,DST-B2,2024-12-24,21.1,31.4,OPEN,LOW
PHC-DST-B2-02,PHC-DST-B2-03,DST-B2,2024-12-25,21.1,30.5,OPEN,LOW
PHC-DST-B2-02,PHC-DST-B2-03,DST-B2,2024-12-26,21.1,32.3,OPEN,LOW
PHC-DST-B2-02,PHC-DST-B2-03,DST-B2,2024-12-27,21.1,33.4,OPEN,LOW
PHC-DST-B2-02,PHC-DST-B2-03,DST-B2,2024-12-28,21.1,30.7,OPEN,LOW
PHC-DST-B2-02,PHC-DST-B2-03,DST-B2,2024-12-29,21.1,32.1,OPEN,LOW
PHC-DST-B2-02,PHC-DST-B2-03,DST-B2,2024-12-30,21.1,31.7,OPEN,LOW
PHC-DST-B2-02,PHC-DST-B2-03,DST-B2,2024-12-31,21.1,31.6,OPEN,LOW
PHC-DST-B2-02,PHC-DST-B2-03,DST-B2,2025-01-01,21.1,33.5,OPEN,LOW
PHC-DST-B2-02,PHC-DST-B2-03,DST-B2,2025-01-02,21.1,31.8,OPEN,LOW
PHC-DST-B2-02,PHC-DST-B2-03,DST-B2,2025-01-03,21.1,32.5,OPEN,LOW
PHC-DST-B2-02,PHC-DST-B2-03,DST-B2,2025-01-04,21.1,30.3,OPEN,LOW
PHC-DST-B2-02,PHC-DST-B2-03,DST-B2,2025-01-05,21.1,31.2,OPEN,LOW
PHC-DST-B2-02,PHC-DST-B2-03,DST-B2,2025-01-06,21.1,33.9,OPEN,LOW
PHC-DST-B2-02,PHC-DST-B2-03,DST-B2,2025-01-07,21.1,31.2,OPEN,LOW
PHC-DST-B2-02,PHC-DST-B2-03,DST-B2,2025-01-08,21.1,32.0,OPEN,LOW
PHC-DST-B2-02,PHC-DST-B2-03,DST-B2,2025-01-09,21.1,31.2,OPEN,LOW
PHC-DST-B2-02,PHC-DST-B2-03,DST-B2,2025-01-10,21.1,33.0,OPEN,LOW
PHC-DST-B2-02,PHC-DST-B2-03,DST-B2,2025-01-11,21.1,31.3,OPEN,LOW
PHC-DST-B2-02,PHC-DST-B2-03,DST-B2,2025-01-12,21.1,30.1,OPEN,LOW
PHC-DST-B2-02,PHC-DST-B2-03,DST-B2,2025-01-13,21.1,32.3,OPEN,LOW
PHC-DST-B2-02,PHC-DST-B2-03,DST-B2,2025-01-14,21.1,31.2,OPEN,LOW
PHC-DST-B2-02,PHC-DST-B2-03,DST-B2,2025-01-15,21.1,33.8,OPEN,LOW
PHC-DST-B2-02,PHC-DST-B2-03,DST-B2,2025-01-16,21.1,30.3,OPEN,LOW
PHC-DST-B2-02,PHC-DST-B2-03,DST-B2,2025-01-17,21.1,34.9,OPEN,LOW
PHC-DST-B2-02,PHC-DST-B2-03,DST-B2,2025-01-18,21.1,31.7,OPEN,LOW
PHC-DST-B2-02,PHC-DST-B2-03,DST-B2,2025-01-19,21.1,32.9,OPEN,LOW
PHC-DST-B2-02,PHC-DST-B2-03,DST-B2,2025-01-20,21.1,33.7,OPEN,LOW
PHC-DST-B2-02,PHC-DST-B2-03,DST-B2,2025-01-21,21.1,32.4,OPEN,LOW
PHC-DST-B2-02,PHC-DST-B2-03,DST-B2,2025-01-22,21.1,33.7,OPEN,LOW
PHC-DST-B2-02,PHC-DST-B2-03,DST-B2,2025-01-23,21.1,31.9,OPEN,LOW
PHC-DST-B2-02,PHC-DST-B2-03,DST-B2,2025-01-24,21.1,30.1,OPEN,LOW
PHC-DST-B2-02,PHC-DST-B2-03,DST-B2,2025-01-25,21.1,34.6,OPEN,LOW
PHC-DST-B2-02,PHC-DST-B2-03,DST-B2,2025-01-26,21.1,33.1,OPEN,LOW
PHC-DST-B2-02,PHC-DST-B2-03,DST-B2,2025-01-27,21.1,34.0,OPEN,LOW
PHC-DST-B2-02,PHC-DST-B2-03,DST-B2,2025-01-28,21.1,31.3,OPEN,LOW
PHC-DST-B2-02,PHC-DST-B2-03,DST-B2,2025-01-29,21.1,34.4,OPEN,LOW
PHC-DST-B2-02,PHC-DST-B2-03,DST-B2,2025-01-30,21.1,32.2,OPEN,LOW
PHC-DST-B2-02,PHC-DST-B2-03,DST-B2,2025-01-31,21.1,33.2,OPEN,LOW
PHC-DST-B2-02,PHC-DST-B2-03,DST-B2,2025-02-01,21.1,34.0,OPEN,LOW
PHC-DST-B2-02,PHC-DST-B2-03,DST-B2,2025-02-02,21.1,31.6,OPEN,LOW
PHC-DST-B2-02,PHC-DST-B2-03,DST-B2,2025-02-03,21.1,33.2,OPEN,LOW
PHC-DST-B2-02,PHC-DST-B2-03,DST-B2,2025-02-04,21.1,32.1,OPEN,LOW
PHC-DST-B2-02,PHC-DST-B2-03,DST-B2,2025-02-05,21.1,33.8,OPEN,LOW
PHC-DST-B2-02,PHC-DST-B2-03,DST-B2,2025-02-06,21.1,30.6,OPEN,LOW
PHC-DST-B2-02,PHC-DST-B2-03,DST-B2,2025-02-07,21.1,32.4,OPEN,LOW
PHC-DST-B2-02,PHC-DST-B2-03,DST-B2,2025-02-08,21.1,32.2,OPEN,LOW
PHC-DST-B2-02,PHC-DST-B2-03,DST-B2,2025-02-09,21.1,30.2,OPEN,LOW
PHC-DST-B2-02,PHC-DST-B2-03,DST-B2,2025-02-10,21.1,33.5,OPEN,LOW
PHC-DST-B2-02,PHC-DST-B2-03,DST-B2,2025-02-11,21.1,32.2,OPEN,LOW
PHC-DST-B2-02,PHC-DST-B2-03,DST-B2,2025-02-12,21.1,31.9,OPEN,LOW
PHC-DST-B2-02,PHC-DST-B2-03,DST-B2,2025-02-13,21.1,33.3,OPEN,LOW
PHC-DST-B2-02,PHC-DST-B2-03,DST-B2,2025-02-14,21.1,34.2,OPEN,LOW
PHC-DST-B2-02,PHC-DST-B2-03,DST-B2,2025-02-15,21.1,30.5,OPEN,LOW
PHC-DST-B2-02,PHC-DST-B2-03,DST-B2,2025-02-16,21.1,34.4,OPEN,LOW
PHC-DST-B2-02,PHC-DST-B2-03,DST-B2,2025-02-17,21.1,33.5,OPEN,LOW
PHC-DST-B2-02,PHC-DST-B2-03,DST-B2,2025-02-18,21.1,34.5,OPEN,LOW
PHC-DST-B2-02,PHC-DST-B2-03,DST-B2,2025-02-19,21.1,31.2,OPEN,LOW
PHC-DST-B2-02,PHC-DST-B2-03,DST-B2,2025-02-20,21.1,31.0,OPEN,LOW
PHC-DST-B2-02,PHC-DST-B2-03,DST-B2,2025-02-21,21.1,30.5,OPEN,LOW
PHC-DST-B2-02,PHC-DST-B2-03,DST-B2,2025-02-22,21.1,30.1,OPEN,LOW
PHC-DST-B2-02,PHC-DST-B2-03,DST-B2,2025-02-23,21.1,30.2,OPEN,LOW
PHC-DST-B2-02,PHC-DST-B2-03,DST-B2,2025-02-24,21.1,32.2,OPEN,LOW
PHC-DST-B2-02,PHC-DST-B2-03,DST-B2,2025-02-25,21.1,31.8,OPEN,LOW
PHC-DST-B2-02,PHC-DST-B2-03,DST-B2,2025-02-26,21.1,34.2,OPEN,LOW
PHC-DST-B2-02,PHC-DST-B2-03,DST-B2,2025-02-27,21.1,33.8,OPEN,LOW
PHC-DST-B2-02,PHC-DST-B2-03,DST-B2,2025-02-28,21.1,31.5,OPEN,LOW
PHC-DST-B2-02,PHC-DST-B2-03,DST-B2,2025-03-01,21.1,31.3,OPEN,LOW
PHC-DST-B2-02,PHC-DST-B2-03,DST-B2,2025-03-02,21.1,34.4,OPEN,LOW
PHC-DST-B2-02,PHC-DST-B2-03,DST-B2,2025-03-03,21.1,31.1,OPEN,LOW
PHC-DST-B2-02,PHC-DST-B2-03,DST-B2,2025-03-04,21.1,34.7,OPEN,LOW
PHC-DST-B2-02,PHC-DST-B2-03,DST-B2,2025-03-05,21.1,30.3,OPEN,LOW
PHC-DST-B2-02,PHC-DST-B2-03,DST-B2,2025-03-06,21.1,34.1,OPEN,LOW
PHC-DST-B2-02,PHC-DST-B2-03,DST-B2,2025-03-07,21.1,31.7,OPEN,LOW
PHC-DST-B2-02,PHC-DST-B2-03,DST-B2,2025-03-08,21.1,32.4,OPEN,LOW
PHC-DST-B2-02,PHC-DST-B2-03,DST-B2,2025-03-09,21.1,32.7,OPEN,LOW
PHC-DST-B2-02,PHC-DST-B2-03,DST-B2,2025-03-10,21.1,31.6,OPEN,LOW
PHC-DST-B2-02,PHC-DST-B2-03,DST-B2,2025-03-11,21.1,33.3,OPEN,LOW
PHC-DST-B2-02,PHC-DST-B2-03,DST-B2,2025-03-12,21.1,32.5,OPEN,LOW
PHC-DST-B2-02,PHC-DST-B2-03,DST-B2,2025-03-13,21.1,32.7,OPEN,LOW
PHC-DST-B2-02,PHC-DST-B2-03,DST-B2,2025-03-14,21.1,34.7,OPEN,LOW
PHC-DST-B2-02,PHC-DST-B2-03,DST-B2,2025-03-15,21.1,33.3,OPEN,LOW
PHC-DST-B2-02,PHC-DST-B2-03,DST-B2,2025-03-16,21.1,33.4,OPEN,LOW
PHC-DST-B2-02,PHC-DST-B2-03,DST-B2,2025-03-17,21.1,33.0,OPEN,LOW
PHC-DST-B2-02,PHC-DST-B2-03,DST-B2,2025-03-18,21.1,34.1,OPEN,LOW
PHC-DST-B2-02,PHC-DST-B2-03,DST-B2,2025-03-19,21.1,33.0,OPEN,LOW
PHC-DST-B2-02,PHC-DST-B2-03,DST-B2,2025-03-20,21.1,31.6,OPEN,LOW
PHC-DST-B2-02,PHC-DST-B2-03,DST-B2,2025-03-21,21.1,34.8,OPEN,LOW
PHC-DST-B2-02,PHC-DST-B2-03,DST-B2,2025-03-22,21.1,32.7,OPEN,LOW
PHC-DST-B2-02,PHC-DST-B2-03,DST-B2,2025-03-23,21.1,34.1,OPEN,LOW
PHC-DST-B2-02,PHC-DST-B2-03,DST-B2,2025-03-24,21.1,32.8,OPEN,LOW
PHC-DST-B2-02,PHC-DST-B2-03,DST-B2,2025-03-25,21.1,34.5,OPEN,LOW
PHC-DST-B2-02,PHC-DST-B2-03,DST-B2,2025-03-26,21.1,32.7,OPEN,LOW
PHC-DST-B2-02,PHC-DST-B2-03,DST-B2,2025-03-27,21.1,31.8,OPEN,LOW
PHC-DST-B2-02,PHC-DST-B2-03,DST-B2,2025-03-28,21.1,31.8,OPEN,LOW
PHC-DST-B2-02,PHC-DST-B2-03,DST-B2,2025-03-29,21.1,32.6,OPEN,LOW
PHC-DST-B2-02,PHC-DST-B2-03,DST-B2,2025-03-30,21.1,34.8,OPEN,LOW
PHC-DST-B2-02,PHC-DST-B2-03,DST-B2,2025-03-31,21.1,31.5,OPEN,LOW
PHC-DST-B2-02,PHC-DST-B2-03,DST-B2,2025-04-01,21.1,32.9,OPEN,LOW
PHC-DST-B2-02,PHC-DST-B2-03,DST-B2,2025-04-02,21.1,34.6,OPEN,LOW
PHC-DST-B2-02,PHC-DST-B2-03,DST-B2,2025-04-03,21.1,31.8,OPEN,LOW
PHC-DST-B2-02,PHC-DST-B2-03,DST-B2,2025-04-04,21.1,32.3,OPEN,LOW
PHC-DST-B2-02,PHC-DST-B2-03,DST-B2,2025-04-05,21.1,34.5,OPEN,LOW
PHC-DST-B2-02,PHC-DST-B2-03,DST-B2,2025-04-06,21.1,32.3,OPEN,LOW
PHC-DST-B2-02,PHC-DST-B2-03,DST-B2,2025-04-07,21.1,34.3,OPEN,LOW
PHC-DST-B2-02,PHC-DST-B2-03,DST-B2,2025-04-08,21.1,32.6,OPEN,LOW
PHC-DST-B2-02,PHC-DST-B2-03,DST-B2,2025-04-09,21.1,30.5,OPEN,LOW
PHC-DST-B2-02,PHC-DST-B2-03,DST-B2,2025-04-10,21.1,32.8,OPEN,LOW
PHC-DST-B2-02,PHC-DST-B2-03,DST-B2,2025-04-11,21.1,34.0,OPEN,LOW
PHC-DST-B2-02,PHC-DST-B2-03,DST-B2,2025-04-12,21.1,33.1,OPEN,LOW
PHC-DST-B2-02,PHC-DST-B2-03,DST-B2,2025-04-13,21.1,33.4,OPEN,LOW
PHC-DST-B2-02,PHC-DST-B2-03,DST-B2,2025-04-14,21.1,30.5,OPEN,LOW
PHC-DST-B2-02,PHC-DST-B2-03,DST-B2,2025-04-15,21.1,30.2,OPEN,LOW
PHC-DST-B2-02,PHC-DST-B2-03,DST-B2,2025-04-16,21.1,31.4,OPEN,LOW
PHC-DST-B2-02,PHC-DST-B2-03,DST-B2,2025-04-17,21.1,30.4,OPEN,LOW
PHC-DST-B2-02,PHC-DST-B2-03,DST-B2,2025-04-18,21.1,31.7,OPEN,LOW
PHC-DST-B2-02,PHC-DST-B2-03,DST-B2,2025-04-19,21.1,34.7,OPEN,LOW
PHC-DST-B2-02,PHC-DST-B2-03,DST-B2,2025-04-20,21.1,34.7,OPEN,LOW
PHC-DST-B2-02,PHC-DST-B2-03,DST-B2,2025-04-21,21.1,33.9,OPEN,LOW
PHC-DST-B2-02,PHC-DST-B2-03,DST-B2,2025-04-22,21.1,31.1,OPEN,LOW
PHC-DST-B2-02,PHC-DST-B2-03,DST-B2,2025-04-23,21.1,33.0,OPEN,LOW
PHC-DST-B2-02,PHC-DST-B2-03,DST-B2,2025-04-24,21.1,33.0,OPEN,LOW
PHC-DST-B2-02,PHC-DST-B2-03,DST-B2,2025-04-25,21.1,34.1,OPEN,LOW
PHC-DST-B2-02,PHC-DST-B2-03,DST-B2,2025-04-26,21.1,31.7,OPEN,LOW
PHC-DST-B2-02,PHC-DST-B2-03,DST-B2,2025-04-27,21.1,30.8,OPEN,LOW
PHC-DST-B2-02,PHC-DST-B2-03,DST-B2,2025-04-28,21.1,31.5,OPEN,LOW
PHC-DST-B2-02,PHC-DST-B2-03,DST-B2,2025-04-29,21.1,34.6,OPEN,LOW
PHC-DST-B2-02,PHC-DST-B2-03,DST-B2,2025-04-30,21.1,34.0,OPEN,LOW
PHC-DST-B2-02,PHC-DST-B2-03,DST-B2,2025-05-01,21.1,31.4,OPEN,LOW
PHC-DST-B2-02,PHC-DST-B2-03,DST-B2,2025-05-02,21.1,31.1,OPEN,LOW
PHC-DST-B2-02,PHC-DST-B2-03,DST-B2,2025-05-03,21.1,33.0,OPEN,LOW
PHC-DST-B2-02,PHC-DST-B2-03,DST-B2,2025-05-04,21.1,34.9,OPEN,LOW
PHC-DST-B2-02,PHC-DST-B2-03,DST-B2,2025-05-05,21.1,31.4,OPEN,LOW
PHC-DST-B2-02,PHC-DST-B2-03,DST-B2,2025-05-06,21.1,30.3,OPEN,LOW
PHC-DST-B2-02,PHC-DST-B2-03,DST-B2,2025-05-07,21.1,33.0,OPEN,LOW
PHC-DST-B2-02,PHC-DST-B2-03,DST-B2,2025-05-08,21.1,32.4,OPEN,LOW
PHC-DST-B2-02,PHC-DST-B2-03,DST-B2,2025-05-09,21.1,34.6,OPEN,LOW
PHC-DST-B2-02,PHC-DST-B2-03,DST-B2,2025-05-10,21.1,33.5,OPEN,LOW
PHC-DST-B2-02,PHC-DST-B2-03,DST-B2,2025-05-11,21.1,31.6,OPEN,LOW
PHC-DST-B2-02,PHC-DST-B2-03,DST-B2,2025-05-12,21.1,31.5,OPEN,LOW
PHC-DST-B2-02,PHC-DST-B2-03,DST-B2,2025-05-13,21.1,33.4,OPEN,LOW
PHC-DST-B2-02,PHC-DST-B2-03,DST-B2,2025-05-14,21.1,31.0,OPEN,LOW
PHC-DST-B2-02,PHC-DST-B2-03,DST-B2,2025-05-15,21.1,32.9,OPEN,LOW
PHC-DST-B2-02,PHC-DST-B2-03,DST-B2,2025-05-16,21.1,32.7,OPEN,LOW
PHC-DST-B2-02,PHC-DST-B2-03,DST-B2,2025-05-17,21.1,33.8,OPEN,LOW
PHC-DST-B2-02,PHC-DST-B2-03,DST-B2,2025-05-18,21.1,34.2,OPEN,LOW
PHC-DST-B2-02,PHC-DST-B2-03,DST-B2,2025-05-19,21.1,33.6,OPEN,LOW
PHC-DST-B2-02,PHC-DST-B2-03,DST-B2,2025-05-20,21.1,31.3,OPEN,LOW
PHC-DST-B2-02,PHC-DST-B2-03,DST-B2,2025-05-21,21.1,31.8,OPEN,LOW
PHC-DST-B2-02,PHC-DST-B2-03,DST-B2,2025-05-22,21.1,32.5,OPEN,LOW
PHC-DST-B2-02,PHC-DST-B2-03,DST-B2,2025-05-23,21.1,34.6,OPEN,LOW
PHC-DST-B2-02,PHC-DST-B2-03,DST-B2,2025-05-24,21.1,34.6,OPEN,LOW
PHC-DST-B2-02,PHC-DST-B2-03,DST-B2,2025-05-25,21.1,31.4,OPEN,LOW
PHC-DST-B2-02,PHC-DST-B2-03,DST-B2,2025-05-26,21.1,30.6,OPEN,LOW
PHC-DST-B2-02,PHC-DST-B2-03,DST-B2,2025-05-27,21.1,34.7,OPEN,LOW
PHC-DST-B2-02,PHC-DST-B2-03,DST-B2,2025-05-28,21.1,34.5,OPEN,LOW
PHC-DST-B2-02,PHC-DST-B2-03,DST-B2,2025-05-29,21.1,33.9,OPEN,LOW
PHC-DST-B2-02,PHC-DST-B2-03,DST-B2,2025-05-30,21.1,31.0,OPEN,LOW
PHC-DST-B2-02,PHC-DST-B2-03,DST-B2,2025-05-31,21.1,31.7,OPEN,LOW
PHC-DST-B2-02,PHC-DST-B2-03,DST-B2,2025-06-01,21.1,34.2,OPEN,LOW
PHC-DST-B2-02,PHC-DST-B2-03,DST-B2,2025-06-02,21.1,31.8,OPEN,LOW
PHC-DST-B2-02,PHC-DST-B2-03,DST-B2,2025-06-03,21.1,32.9,OPEN,LOW
PHC-DST-B2-02,PHC-DST-B2-03,DST-B2,2025-06-04,21.1,32.5,OPEN,LOW
PHC-DST-B2-02,PHC-DST-B2-03,DST-B2,2025-06-05,21.1,31.6,OPEN,LOW
PHC-DST-B2-02,PHC-DST-B2-03,DST-B2,2025-06-06,21.1,31.6,OPEN,LOW
PHC-DST-B2-02,PHC-DST-B2-03,DST-B2,2025-06-07,21.1,33.3,OPEN,LOW
PHC-DST-B2-02,PHC-DST-B2-03,DST-B2,2025-06-08,21.1,32.0,OPEN,LOW
PHC-DST-B2-02,PHC-DST-B2-03,DST-B2,2025-06-09,21.1,32.6,OPEN,LOW
PHC-DST-B2-02,PHC-DST-B2-03,DST-B2,2025-06-10,21.1,32.9,OPEN,LOW
PHC-DST-B2-02,PHC-DST-B2-03,DST-B2,2025-06-11,21.1,34.5,OPEN,LOW
PHC-DST-B2-02,PHC-DST-B2-03,DST-B2,2025-06-12,21.1,31.3,OPEN,LOW
PHC-DST-B2-02,PHC-DST-B2-03,DST-B2,2025-06-13,21.1,32.2,OPEN,LOW
PHC-DST-B2-02,PHC-DST-B2-03,DST-B2,2025-06-14,21.1,31.7,OPEN,LOW
PHC-DST-B2-02,PHC-DST-B2-03,DST-B2,2025-06-15,21.1,32.0,OPEN,LOW
PHC-DST-B2-02,PHC-DST-B2-03,DST-B2,2025-06-16,21.1,34.0,OPEN,LOW
PHC-DST-B2-02,PHC-DST-B2-03,DST-B2,2025-06-17,21.1,33.6,OPEN,LOW
PHC-DST-B2-02,PHC-DST-B2-03,DST-B2,2025-06-18,21.1,32.5,OPEN,LOW
PHC-DST-B2-02,PHC-DST-B2-03,DST-B2,2025-06-19,21.1,34.6,OPEN,LOW
PHC-DST-B2-02,PHC-DST-B2-03,DST-B2,2025-06-20,21.1,31.9,OPEN,LOW
PHC-DST-B2-02,PHC-DST-B2-03,DST-B2,2025-06-21,21.1,34.6,OPEN,LOW
PHC-DST-B2-02,PHC-DST-B2-03,DST-B2,2025-06-22,21.1,33.6,OPEN,LOW
PHC-DST-B2-02,PHC-DST-B2-03,DST-B2,2025-06-23,21.1,34.8,OPEN,LOW
PHC-DST-B2-02,PHC-DST-B2-03,DST-B2,2025-06-24,21.1,32.5,OPEN,LOW
PHC-DST-B2-02,PHC-DST-B2-03,DST-B2,2025-06-25,21.1,34.6,OPEN,LOW
PHC-DST-B2-02,PHC-DST-B2-03,DST-B2,2025-06-26,21.1,32.8,OPEN,LOW
PHC-DST-B2-02,PHC-DST-B2-03,DST-B2,2025-06-27,21.1,31.2,OPEN,LOW
PHC-DST-B2-02,PHC-DST-B2-03,DST-B2,2025-06-28,21.1,32.6,OPEN,LOW
PHC-DST-B2-02,PHC-DST-B2-03,DST-B2,2025-06-29,21.1,30.5,OPEN,LOW
PHC-DST-B2-02,PHC-DST-B2-03,DST-B2,2025-06-30,21.1,33.5,OPEN,LOW
PHC-DST-B2-03,PHC-DST-B2-04,DST-B2,2024-07-01,27.1,39.1,OPEN,LOW
PHC-DST-B2-03,PHC-DST-B2-04,DST-B2,2024-07-02,27.1,42.1,OPEN,LOW
PHC-DST-B2-03,PHC-DST-B2-04,DST-B2,2024-07-03,27.1,58.4,DEGRADED,MODERATE
PHC-DST-B2-03,PHC-DST-B2-04,DST-B2,2024-07-04,27.1,58.6,DEGRADED,MODERATE
PHC-DST-B2-03,PHC-DST-B2-04,DST-B2,2024-07-05,27.1,44.6,OPEN,LOW
PHC-DST-B2-03,PHC-DST-B2-04,DST-B2,2024-07-06,27.1,60.9,DEGRADED,MODERATE
PHC-DST-B2-03,PHC-DST-B2-04,DST-B2,2024-07-07,27.1,42.7,OPEN,LOW
PHC-DST-B2-03,PHC-DST-B2-04,DST-B2,2024-07-08,27.1,40.6,OPEN,LOW
PHC-DST-B2-03,PHC-DST-B2-04,DST-B2,2024-07-09,27.1,42.0,OPEN,LOW
PHC-DST-B2-03,PHC-DST-B2-04,DST-B2,2024-07-10,27.1,43.5,OPEN,LOW
PHC-DST-B2-03,PHC-DST-B2-04,DST-B2,2024-07-11,27.1,74.1,DEGRADED,MODERATE
PHC-DST-B2-03,PHC-DST-B2-04,DST-B2,2024-07-12,27.1,40.8,OPEN,LOW
PHC-DST-B2-03,PHC-DST-B2-04,DST-B2,2024-07-13,27.1,63.9,DEGRADED,LOW
PHC-DST-B2-03,PHC-DST-B2-04,DST-B2,2024-07-14,27.1,43.9,OPEN,LOW
PHC-DST-B2-03,PHC-DST-B2-04,DST-B2,2024-07-15,27.1,40.8,OPEN,LOW
PHC-DST-B2-03,PHC-DST-B2-04,DST-B2,2024-07-16,27.1,41.2,OPEN,LOW
PHC-DST-B2-03,PHC-DST-B2-04,DST-B2,2024-07-17,27.1,43.7,OPEN,LOW
PHC-DST-B2-03,PHC-DST-B2-04,DST-B2,2024-07-18,27.1,41.5,OPEN,LOW
PHC-DST-B2-03,PHC-DST-B2-04,DST-B2,2024-07-19,27.1,41.2,OPEN,LOW
PHC-DST-B2-03,PHC-DST-B2-04,DST-B2,2024-07-20,27.1,44.4,OPEN,LOW
PHC-DST-B2-03,PHC-DST-B2-04,DST-B2,2024-07-21,27.1,39.1,OPEN,LOW
PHC-DST-B2-03,PHC-DST-B2-04,DST-B2,2024-07-22,27.1,39.6,OPEN,LOW
PHC-DST-B2-03,PHC-DST-B2-04,DST-B2,2024-07-23,27.1,43.2,OPEN,LOW
PHC-DST-B2-03,PHC-DST-B2-04,DST-B2,2024-07-24,27.1,42.2,OPEN,LOW
PHC-DST-B2-03,PHC-DST-B2-04,DST-B2,2024-07-25,27.1,41.4,OPEN,LOW
PHC-DST-B2-03,PHC-DST-B2-04,DST-B2,2024-07-26,27.1,41.6,OPEN,LOW
PHC-DST-B2-03,PHC-DST-B2-04,DST-B2,2024-07-27,27.1,44.3,OPEN,LOW
PHC-DST-B2-03,PHC-DST-B2-04,DST-B2,2024-07-28,27.1,43.6,OPEN,LOW
PHC-DST-B2-03,PHC-DST-B2-04,DST-B2,2024-07-29,27.1,77.8,DEGRADED,MODERATE
PHC-DST-B2-03,PHC-DST-B2-04,DST-B2,2024-07-30,27.1,58.6,DEGRADED,LOW
PHC-DST-B2-03,PHC-DST-B2-04,DST-B2,2024-07-31,27.1,42.4,OPEN,LOW
PHC-DST-B2-03,PHC-DST-B2-04,DST-B2,2024-08-01,27.1,44.6,OPEN,LOW
PHC-DST-B2-03,PHC-DST-B2-04,DST-B2,2024-08-02,27.1,42.6,OPEN,LOW
PHC-DST-B2-03,PHC-DST-B2-04,DST-B2,2024-08-03,27.1,40.8,OPEN,LOW
PHC-DST-B2-03,PHC-DST-B2-04,DST-B2,2024-08-04,27.1,39.4,OPEN,LOW
PHC-DST-B2-03,PHC-DST-B2-04,DST-B2,2024-08-05,27.1,39.2,OPEN,LOW
PHC-DST-B2-03,PHC-DST-B2-04,DST-B2,2024-08-06,27.1,42.9,OPEN,LOW
PHC-DST-B2-03,PHC-DST-B2-04,DST-B2,2024-08-07,27.1,44.1,OPEN,LOW
PHC-DST-B2-03,PHC-DST-B2-04,DST-B2,2024-08-08,27.1,64.7,DEGRADED,MODERATE
PHC-DST-B2-03,PHC-DST-B2-04,DST-B2,2024-08-09,27.1,44.4,OPEN,LOW
PHC-DST-B2-03,PHC-DST-B2-04,DST-B2,2024-08-10,27.1,39.5,OPEN,LOW
PHC-DST-B2-03,PHC-DST-B2-04,DST-B2,2024-08-11,27.1,58.9,DEGRADED,MODERATE
PHC-DST-B2-03,PHC-DST-B2-04,DST-B2,2024-08-12,27.1,40.3,OPEN,LOW
PHC-DST-B2-03,PHC-DST-B2-04,DST-B2,2024-08-13,27.1,43.7,OPEN,LOW
PHC-DST-B2-03,PHC-DST-B2-04,DST-B2,2024-08-14,27.1,40.7,OPEN,LOW
PHC-DST-B2-03,PHC-DST-B2-04,DST-B2,2024-08-15,27.1,44.5,OPEN,LOW
PHC-DST-B2-03,PHC-DST-B2-04,DST-B2,2024-08-16,27.1,39.9,OPEN,LOW
PHC-DST-B2-03,PHC-DST-B2-04,DST-B2,2024-08-17,27.1,40.1,OPEN,LOW
PHC-DST-B2-03,PHC-DST-B2-04,DST-B2,2024-08-18,27.1,38.9,OPEN,LOW
PHC-DST-B2-03,PHC-DST-B2-04,DST-B2,2024-08-19,27.1,92.6,DEGRADED,SEVERE
PHC-DST-B2-03,PHC-DST-B2-04,DST-B2,2024-08-20,27.1,193.9,BLOCKED,SEVERE
PHC-DST-B2-03,PHC-DST-B2-04,DST-B2,2024-08-21,27.1,42.8,OPEN,LOW
PHC-DST-B2-03,PHC-DST-B2-04,DST-B2,2024-08-22,27.1,39.9,OPEN,LOW
PHC-DST-B2-03,PHC-DST-B2-04,DST-B2,2024-08-23,27.1,41.4,OPEN,LOW
PHC-DST-B2-03,PHC-DST-B2-04,DST-B2,2024-08-24,27.1,39.6,OPEN,LOW
PHC-DST-B2-03,PHC-DST-B2-04,DST-B2,2024-08-25,27.1,58.5,DEGRADED,LOW
PHC-DST-B2-03,PHC-DST-B2-04,DST-B2,2024-08-26,27.1,43.6,OPEN,LOW
PHC-DST-B2-03,PHC-DST-B2-04,DST-B2,2024-08-27,27.1,39.9,OPEN,LOW
PHC-DST-B2-03,PHC-DST-B2-04,DST-B2,2024-08-28,27.1,39.3,OPEN,LOW
PHC-DST-B2-03,PHC-DST-B2-04,DST-B2,2024-08-29,27.1,40.9,OPEN,LOW
PHC-DST-B2-03,PHC-DST-B2-04,DST-B2,2024-08-30,27.1,42.1,OPEN,LOW
PHC-DST-B2-03,PHC-DST-B2-04,DST-B2,2024-08-31,27.1,43.9,OPEN,LOW
PHC-DST-B2-03,PHC-DST-B2-04,DST-B2,2024-09-01,27.1,40.4,OPEN,LOW
PHC-DST-B2-03,PHC-DST-B2-04,DST-B2,2024-09-02,27.1,42.3,OPEN,LOW
PHC-DST-B2-03,PHC-DST-B2-04,DST-B2,2024-09-03,27.1,39.6,OPEN,LOW
PHC-DST-B2-03,PHC-DST-B2-04,DST-B2,2024-09-04,27.1,40.7,OPEN,LOW
PHC-DST-B2-03,PHC-DST-B2-04,DST-B2,2024-09-05,27.1,42.8,OPEN,LOW
PHC-DST-B2-03,PHC-DST-B2-04,DST-B2,2024-09-06,27.1,67.6,DEGRADED,MODERATE
PHC-DST-B2-03,PHC-DST-B2-04,DST-B2,2024-09-07,27.1,75.8,DEGRADED,MODERATE
PHC-DST-B2-03,PHC-DST-B2-04,DST-B2,2024-09-08,27.1,70.6,DEGRADED,MODERATE
PHC-DST-B2-03,PHC-DST-B2-04,DST-B2,2024-09-09,27.1,41.3,OPEN,LOW
PHC-DST-B2-03,PHC-DST-B2-04,DST-B2,2024-09-10,27.1,128.1,DEGRADED,MODERATE
PHC-DST-B2-03,PHC-DST-B2-04,DST-B2,2024-09-11,27.1,40.1,OPEN,LOW
PHC-DST-B2-03,PHC-DST-B2-04,DST-B2,2024-09-12,27.1,43.5,OPEN,LOW
PHC-DST-B2-03,PHC-DST-B2-04,DST-B2,2024-09-13,27.1,43.6,OPEN,LOW
PHC-DST-B2-03,PHC-DST-B2-04,DST-B2,2024-09-14,27.1,41.6,OPEN,LOW
PHC-DST-B2-03,PHC-DST-B2-04,DST-B2,2024-09-15,27.1,76.9,DEGRADED,MODERATE
PHC-DST-B2-03,PHC-DST-B2-04,DST-B2,2024-09-16,27.1,42.4,OPEN,LOW
PHC-DST-B2-03,PHC-DST-B2-04,DST-B2,2024-09-17,27.1,66.5,DEGRADED,MODERATE
PHC-DST-B2-03,PHC-DST-B2-04,DST-B2,2024-09-18,27.1,39.8,OPEN,LOW
PHC-DST-B2-03,PHC-DST-B2-04,DST-B2,2024-09-19,27.1,39.8,OPEN,LOW
PHC-DST-B2-03,PHC-DST-B2-04,DST-B2,2024-09-20,27.1,42.0,OPEN,LOW
PHC-DST-B2-03,PHC-DST-B2-04,DST-B2,2024-09-21,27.1,42.8,OPEN,LOW
PHC-DST-B2-03,PHC-DST-B2-04,DST-B2,2024-09-22,27.1,77.3,DEGRADED,MODERATE
PHC-DST-B2-03,PHC-DST-B2-04,DST-B2,2024-09-23,27.1,62.7,DEGRADED,MODERATE
PHC-DST-B2-03,PHC-DST-B2-04,DST-B2,2024-09-24,27.1,41.0,OPEN,LOW
PHC-DST-B2-03,PHC-DST-B2-04,DST-B2,2024-09-25,27.1,198.6,BLOCKED,MODERATE
PHC-DST-B2-03,PHC-DST-B2-04,DST-B2,2024-09-26,27.1,44.1,OPEN,LOW
PHC-DST-B2-03,PHC-DST-B2-04,DST-B2,2024-09-27,27.1,68.1,DEGRADED,MODERATE
PHC-DST-B2-03,PHC-DST-B2-04,DST-B2,2024-09-28,27.1,61.9,DEGRADED,MODERATE
PHC-DST-B2-03,PHC-DST-B2-04,DST-B2,2024-09-29,27.1,43.3,OPEN,LOW
PHC-DST-B2-03,PHC-DST-B2-04,DST-B2,2024-09-30,27.1,44.4,OPEN,LOW
PHC-DST-B2-03,PHC-DST-B2-04,DST-B2,2024-10-01,27.1,42.4,OPEN,LOW
PHC-DST-B2-03,PHC-DST-B2-04,DST-B2,2024-10-02,27.1,42.0,OPEN,LOW
PHC-DST-B2-03,PHC-DST-B2-04,DST-B2,2024-10-03,27.1,43.6,OPEN,LOW
PHC-DST-B2-03,PHC-DST-B2-04,DST-B2,2024-10-04,27.1,40.6,OPEN,LOW
PHC-DST-B2-03,PHC-DST-B2-04,DST-B2,2024-10-05,27.1,42.7,OPEN,LOW
PHC-DST-B2-03,PHC-DST-B2-04,DST-B2,2024-10-06,27.1,40.3,OPEN,LOW
PHC-DST-B2-03,PHC-DST-B2-04,DST-B2,2024-10-07,27.1,40.1,OPEN,LOW
PHC-DST-B2-03,PHC-DST-B2-04,DST-B2,2024-10-08,27.1,42.4,OPEN,LOW
PHC-DST-B2-03,PHC-DST-B2-04,DST-B2,2024-10-09,27.1,44.3,OPEN,LOW
PHC-DST-B2-03,PHC-DST-B2-04,DST-B2,2024-10-10,27.1,38.7,OPEN,LOW
PHC-DST-B2-03,PHC-DST-B2-04,DST-B2,2024-10-11,27.1,41.0,OPEN,LOW
PHC-DST-B2-03,PHC-DST-B2-04,DST-B2,2024-10-12,27.1,41.9,OPEN,LOW
PHC-DST-B2-03,PHC-DST-B2-04,DST-B2,2024-10-13,27.1,42.5,OPEN,LOW
PHC-DST-B2-03,PHC-DST-B2-04,DST-B2,2024-10-14,27.1,42.1,OPEN,LOW
PHC-DST-B2-03,PHC-DST-B2-04,DST-B2,2024-10-15,27.1,42.0,OPEN,LOW
PHC-DST-B2-03,PHC-DST-B2-04,DST-B2,2024-10-16,27.1,42.9,OPEN,LOW
PHC-DST-B2-03,PHC-DST-B2-04,DST-B2,2024-10-17,27.1,38.7,OPEN,LOW
PHC-DST-B2-03,PHC-DST-B2-04,DST-B2,2024-10-18,27.1,38.7,OPEN,LOW
PHC-DST-B2-03,PHC-DST-B2-04,DST-B2,2024-10-19,27.1,38.9,OPEN,LOW
PHC-DST-B2-03,PHC-DST-B2-04,DST-B2,2024-10-20,27.1,41.2,OPEN,LOW
PHC-DST-B2-03,PHC-DST-B2-04,DST-B2,2024-10-21,27.1,39.7,OPEN,LOW
PHC-DST-B2-03,PHC-DST-B2-04,DST-B2,2024-10-22,27.1,39.9,OPEN,LOW
PHC-DST-B2-03,PHC-DST-B2-04,DST-B2,2024-10-23,27.1,43.2,OPEN,LOW
PHC-DST-B2-03,PHC-DST-B2-04,DST-B2,2024-10-24,27.1,42.4,OPEN,LOW
PHC-DST-B2-03,PHC-DST-B2-04,DST-B2,2024-10-25,27.1,38.9,OPEN,LOW
PHC-DST-B2-03,PHC-DST-B2-04,DST-B2,2024-10-26,27.1,44.5,OPEN,LOW
PHC-DST-B2-03,PHC-DST-B2-04,DST-B2,2024-10-27,27.1,40.1,OPEN,LOW
PHC-DST-B2-03,PHC-DST-B2-04,DST-B2,2024-10-28,27.1,44.6,OPEN,LOW
PHC-DST-B2-03,PHC-DST-B2-04,DST-B2,2024-10-29,27.1,43.9,OPEN,LOW
PHC-DST-B2-03,PHC-DST-B2-04,DST-B2,2024-10-30,27.1,41.5,OPEN,LOW
PHC-DST-B2-03,PHC-DST-B2-04,DST-B2,2024-10-31,27.1,42.5,OPEN,LOW
PHC-DST-B2-03,PHC-DST-B2-04,DST-B2,2024-11-01,27.1,40.1,OPEN,LOW
PHC-DST-B2-03,PHC-DST-B2-04,DST-B2,2024-11-02,27.1,39.7,OPEN,LOW
PHC-DST-B2-03,PHC-DST-B2-04,DST-B2,2024-11-03,27.1,41.3,OPEN,LOW
PHC-DST-B2-03,PHC-DST-B2-04,DST-B2,2024-11-04,27.1,42.1,OPEN,LOW
PHC-DST-B2-03,PHC-DST-B2-04,DST-B2,2024-11-05,27.1,39.5,OPEN,LOW
PHC-DST-B2-03,PHC-DST-B2-04,DST-B2,2024-11-06,27.1,39.1,OPEN,LOW
PHC-DST-B2-03,PHC-DST-B2-04,DST-B2,2024-11-07,27.1,42.6,OPEN,LOW
PHC-DST-B2-03,PHC-DST-B2-04,DST-B2,2024-11-08,27.1,43.5,OPEN,LOW
PHC-DST-B2-03,PHC-DST-B2-04,DST-B2,2024-11-09,27.1,39.5,OPEN,LOW
PHC-DST-B2-03,PHC-DST-B2-04,DST-B2,2024-11-10,27.1,44.5,OPEN,LOW
PHC-DST-B2-03,PHC-DST-B2-04,DST-B2,2024-11-11,27.1,44.6,OPEN,LOW
PHC-DST-B2-03,PHC-DST-B2-04,DST-B2,2024-11-12,27.1,39.0,OPEN,LOW
PHC-DST-B2-03,PHC-DST-B2-04,DST-B2,2024-11-13,27.1,40.8,OPEN,LOW
PHC-DST-B2-03,PHC-DST-B2-04,DST-B2,2024-11-14,27.1,42.6,OPEN,LOW
PHC-DST-B2-03,PHC-DST-B2-04,DST-B2,2024-11-15,27.1,40.2,OPEN,LOW
PHC-DST-B2-03,PHC-DST-B2-04,DST-B2,2024-11-16,27.1,44.4,OPEN,LOW
PHC-DST-B2-03,PHC-DST-B2-04,DST-B2,2024-11-17,27.1,40.9,OPEN,LOW
PHC-DST-B2-03,PHC-DST-B2-04,DST-B2,2024-11-18,27.1,44.5,OPEN,LOW
PHC-DST-B2-03,PHC-DST-B2-04,DST-B2,2024-11-19,27.1,41.9,OPEN,LOW
PHC-DST-B2-03,PHC-DST-B2-04,DST-B2,2024-11-20,27.1,44.6,OPEN,LOW
PHC-DST-B2-03,PHC-DST-B2-04,DST-B2,2024-11-21,27.1,42.0,OPEN,LOW
PHC-DST-B2-03,PHC-DST-B2-04,DST-B2,2024-11-22,27.1,42.6,OPEN,LOW
PHC-DST-B2-03,PHC-DST-B2-04,DST-B2,2024-11-23,27.1,44.5,OPEN,LOW
PHC-DST-B2-03,PHC-DST-B2-04,DST-B2,2024-11-24,27.1,42.8,OPEN,LOW
PHC-DST-B2-03,PHC-DST-B2-04,DST-B2,2024-11-25,27.1,38.6,OPEN,LOW
PHC-DST-B2-03,PHC-DST-B2-04,DST-B2,2024-11-26,27.1,43.8,OPEN,LOW
PHC-DST-B2-03,PHC-DST-B2-04,DST-B2,2024-11-27,27.1,42.4,OPEN,LOW
PHC-DST-B2-03,PHC-DST-B2-04,DST-B2,2024-11-28,27.1,43.0,OPEN,LOW
PHC-DST-B2-03,PHC-DST-B2-04,DST-B2,2024-11-29,27.1,39.1,OPEN,LOW
PHC-DST-B2-03,PHC-DST-B2-04,DST-B2,2024-11-30,27.1,39.8,OPEN,LOW
PHC-DST-B2-03,PHC-DST-B2-04,DST-B2,2024-12-01,27.1,41.4,OPEN,LOW
PHC-DST-B2-03,PHC-DST-B2-04,DST-B2,2024-12-02,27.1,43.0,OPEN,LOW
PHC-DST-B2-03,PHC-DST-B2-04,DST-B2,2024-12-03,27.1,40.6,OPEN,LOW
PHC-DST-B2-03,PHC-DST-B2-04,DST-B2,2024-12-04,27.1,40.1,OPEN,LOW
PHC-DST-B2-03,PHC-DST-B2-04,DST-B2,2024-12-05,27.1,42.4,OPEN,LOW
PHC-DST-B2-03,PHC-DST-B2-04,DST-B2,2024-12-06,27.1,39.2,OPEN,LOW
PHC-DST-B2-03,PHC-DST-B2-04,DST-B2,2024-12-07,27.1,42.2,OPEN,LOW
PHC-DST-B2-03,PHC-DST-B2-04,DST-B2,2024-12-08,27.1,42.4,OPEN,LOW
PHC-DST-B2-03,PHC-DST-B2-04,DST-B2,2024-12-09,27.1,43.1,OPEN,LOW
PHC-DST-B2-03,PHC-DST-B2-04,DST-B2,2024-12-10,27.1,39.9,OPEN,LOW
PHC-DST-B2-03,PHC-DST-B2-04,DST-B2,2024-12-11,27.1,44.5,OPEN,LOW
PHC-DST-B2-03,PHC-DST-B2-04,DST-B2,2024-12-12,27.1,42.8,OPEN,LOW
PHC-DST-B2-03,PHC-DST-B2-04,DST-B2,2024-12-13,27.1,44.6,OPEN,LOW
PHC-DST-B2-03,PHC-DST-B2-04,DST-B2,2024-12-14,27.1,42.6,OPEN,LOW
PHC-DST-B2-03,PHC-DST-B2-04,DST-B2,2024-12-15,27.1,39.3,OPEN,LOW
PHC-DST-B2-03,PHC-DST-B2-04,DST-B2,2024-12-16,27.1,42.5,OPEN,LOW
PHC-DST-B2-03,PHC-DST-B2-04,DST-B2,2024-12-17,27.1,44.0,OPEN,LOW
PHC-DST-B2-03,PHC-DST-B2-04,DST-B2,2024-12-18,27.1,43.6,OPEN,LOW
PHC-DST-B2-03,PHC-DST-B2-04,DST-B2,2024-12-19,27.1,43.6,OPEN,LOW
PHC-DST-B2-03,PHC-DST-B2-04,DST-B2,2024-12-20,27.1,44.1,OPEN,LOW
PHC-DST-B2-03,PHC-DST-B2-04,DST-B2,2024-12-21,27.1,42.8,OPEN,LOW
PHC-DST-B2-03,PHC-DST-B2-04,DST-B2,2024-12-22,27.1,40.9,OPEN,LOW
PHC-DST-B2-03,PHC-DST-B2-04,DST-B2,2024-12-23,27.1,42.1,OPEN,LOW
PHC-DST-B2-03,PHC-DST-B2-04,DST-B2,2024-12-24,27.1,39.3,OPEN,LOW
PHC-DST-B2-03,PHC-DST-B2-04,DST-B2,2024-12-25,27.1,40.4,OPEN,LOW
PHC-DST-B2-03,PHC-DST-B2-04,DST-B2,2024-12-26,27.1,43.2,OPEN,LOW
PHC-DST-B2-03,PHC-DST-B2-04,DST-B2,2024-12-27,27.1,44.4,OPEN,LOW
PHC-DST-B2-03,PHC-DST-B2-04,DST-B2,2024-12-28,27.1,42.9,OPEN,LOW
PHC-DST-B2-03,PHC-DST-B2-04,DST-B2,2024-12-29,27.1,41.8,OPEN,LOW
PHC-DST-B2-03,PHC-DST-B2-04,DST-B2,2024-12-30,27.1,41.8,OPEN,LOW
PHC-DST-B2-03,PHC-DST-B2-04,DST-B2,2024-12-31,27.1,44.2,OPEN,LOW
PHC-DST-B2-03,PHC-DST-B2-04,DST-B2,2025-01-01,27.1,42.9,OPEN,LOW
PHC-DST-B2-03,PHC-DST-B2-04,DST-B2,2025-01-02,27.1,41.1,OPEN,LOW
PHC-DST-B2-03,PHC-DST-B2-04,DST-B2,2025-01-03,27.1,43.5,OPEN,LOW
PHC-DST-B2-03,PHC-DST-B2-04,DST-B2,2025-01-04,27.1,41.1,OPEN,LOW
PHC-DST-B2-03,PHC-DST-B2-04,DST-B2,2025-01-05,27.1,42.1,OPEN,LOW
PHC-DST-B2-03,PHC-DST-B2-04,DST-B2,2025-01-06,27.1,41.9,OPEN,LOW
PHC-DST-B2-03,PHC-DST-B2-04,DST-B2,2025-01-07,27.1,42.4,OPEN,LOW
PHC-DST-B2-03,PHC-DST-B2-04,DST-B2,2025-01-08,27.1,39.4,OPEN,LOW
PHC-DST-B2-03,PHC-DST-B2-04,DST-B2,2025-01-09,27.1,40.0,OPEN,LOW
PHC-DST-B2-03,PHC-DST-B2-04,DST-B2,2025-01-10,27.1,39.7,OPEN,LOW
PHC-DST-B2-03,PHC-DST-B2-04,DST-B2,2025-01-11,27.1,42.7,OPEN,LOW
PHC-DST-B2-03,PHC-DST-B2-04,DST-B2,2025-01-12,27.1,44.2,OPEN,LOW
PHC-DST-B2-03,PHC-DST-B2-04,DST-B2,2025-01-13,27.1,43.9,OPEN,LOW
PHC-DST-B2-03,PHC-DST-B2-04,DST-B2,2025-01-14,27.1,42.3,OPEN,LOW
PHC-DST-B2-03,PHC-DST-B2-04,DST-B2,2025-01-15,27.1,39.7,OPEN,LOW
PHC-DST-B2-03,PHC-DST-B2-04,DST-B2,2025-01-16,27.1,43.5,OPEN,LOW
PHC-DST-B2-03,PHC-DST-B2-04,DST-B2,2025-01-17,27.1,40.8,OPEN,LOW
PHC-DST-B2-03,PHC-DST-B2-04,DST-B2,2025-01-18,27.1,42.9,OPEN,LOW
PHC-DST-B2-03,PHC-DST-B2-04,DST-B2,2025-01-19,27.1,41.7,OPEN,LOW
PHC-DST-B2-03,PHC-DST-B2-04,DST-B2,2025-01-20,27.1,44.1,OPEN,LOW
PHC-DST-B2-03,PHC-DST-B2-04,DST-B2,2025-01-21,27.1,43.4,OPEN,LOW
PHC-DST-B2-03,PHC-DST-B2-04,DST-B2,2025-01-22,27.1,43.9,OPEN,LOW
PHC-DST-B2-03,PHC-DST-B2-04,DST-B2,2025-01-23,27.1,41.5,OPEN,LOW
PHC-DST-B2-03,PHC-DST-B2-04,DST-B2,2025-01-24,27.1,41.5,OPEN,LOW
PHC-DST-B2-03,PHC-DST-B2-04,DST-B2,2025-01-25,27.1,41.2,OPEN,LOW
PHC-DST-B2-03,PHC-DST-B2-04,DST-B2,2025-01-26,27.1,41.6,OPEN,LOW
PHC-DST-B2-03,PHC-DST-B2-04,DST-B2,2025-01-27,27.1,40.5,OPEN,LOW
PHC-DST-B2-03,PHC-DST-B2-04,DST-B2,2025-01-28,27.1,40.0,OPEN,LOW
PHC-DST-B2-03,PHC-DST-B2-04,DST-B2,2025-01-29,27.1,42.2,OPEN,LOW
PHC-DST-B2-03,PHC-DST-B2-04,DST-B2,2025-01-30,27.1,40.9,OPEN,LOW
PHC-DST-B2-03,PHC-DST-B2-04,DST-B2,2025-01-31,27.1,39.5,OPEN,LOW
PHC-DST-B2-03,PHC-DST-B2-04,DST-B2,2025-02-01,27.1,42.2,OPEN,LOW
PHC-DST-B2-03,PHC-DST-B2-04,DST-B2,2025-02-02,27.1,39.1,OPEN,LOW
PHC-DST-B2-03,PHC-DST-B2-04,DST-B2,2025-02-03,27.1,40.0,OPEN,LOW
PHC-DST-B2-03,PHC-DST-B2-04,DST-B2,2025-02-04,27.1,40.0,OPEN,LOW
PHC-DST-B2-03,PHC-DST-B2-04,DST-B2,2025-02-05,27.1,43.2,OPEN,LOW
PHC-DST-B2-03,PHC-DST-B2-04,DST-B2,2025-02-06,27.1,44.2,OPEN,LOW
PHC-DST-B2-03,PHC-DST-B2-04,DST-B2,2025-02-07,27.1,40.8,OPEN,LOW
PHC-DST-B2-03,PHC-DST-B2-04,DST-B2,2025-02-08,27.1,42.3,OPEN,LOW
PHC-DST-B2-03,PHC-DST-B2-04,DST-B2,2025-02-09,27.1,44.7,OPEN,LOW
PHC-DST-B2-03,PHC-DST-B2-04,DST-B2,2025-02-10,27.1,40.9,OPEN,LOW
PHC-DST-B2-03,PHC-DST-B2-04,DST-B2,2025-02-11,27.1,39.3,OPEN,LOW
PHC-DST-B2-03,PHC-DST-B2-04,DST-B2,2025-02-12,27.1,43.6,OPEN,LOW
PHC-DST-B2-03,PHC-DST-B2-04,DST-B2,2025-02-13,27.1,39.1,OPEN,LOW
PHC-DST-B2-03,PHC-DST-B2-04,DST-B2,2025-02-14,27.1,40.5,OPEN,LOW
PHC-DST-B2-03,PHC-DST-B2-04,DST-B2,2025-02-15,27.1,40.8,OPEN,LOW
PHC-DST-B2-03,PHC-DST-B2-04,DST-B2,2025-02-16,27.1,40.0,OPEN,LOW
PHC-DST-B2-03,PHC-DST-B2-04,DST-B2,2025-02-17,27.1,43.7,OPEN,LOW
PHC-DST-B2-03,PHC-DST-B2-04,DST-B2,2025-02-18,27.1,43.5,OPEN,LOW
PHC-DST-B2-03,PHC-DST-B2-04,DST-B2,2025-02-19,27.1,39.3,OPEN,LOW
PHC-DST-B2-03,PHC-DST-B2-04,DST-B2,2025-02-20,27.1,40.9,OPEN,LOW
PHC-DST-B2-03,PHC-DST-B2-04,DST-B2,2025-02-21,27.1,41.8,OPEN,LOW
PHC-DST-B2-03,PHC-DST-B2-04,DST-B2,2025-02-22,27.1,43.9,OPEN,LOW
PHC-DST-B2-03,PHC-DST-B2-04,DST-B2,2025-02-23,27.1,42.7,OPEN,LOW
PHC-DST-B2-03,PHC-DST-B2-04,DST-B2,2025-02-24,27.1,42.0,OPEN,LOW
PHC-DST-B2-03,PHC-DST-B2-04,DST-B2,2025-02-25,27.1,44.3,OPEN,LOW
PHC-DST-B2-03,PHC-DST-B2-04,DST-B2,2025-02-26,27.1,44.3,OPEN,LOW
PHC-DST-B2-03,PHC-DST-B2-04,DST-B2,2025-02-27,27.1,39.0,OPEN,LOW
PHC-DST-B2-03,PHC-DST-B2-04,DST-B2,2025-02-28,27.1,38.9,OPEN,LOW
PHC-DST-B2-03,PHC-DST-B2-04,DST-B2,2025-03-01,27.1,40.4,OPEN,LOW
PHC-DST-B2-03,PHC-DST-B2-04,DST-B2,2025-03-02,27.1,39.3,OPEN,LOW
PHC-DST-B2-03,PHC-DST-B2-04,DST-B2,2025-03-03,27.1,39.6,OPEN,LOW
PHC-DST-B2-03,PHC-DST-B2-04,DST-B2,2025-03-04,27.1,41.8,OPEN,LOW
PHC-DST-B2-03,PHC-DST-B2-04,DST-B2,2025-03-05,27.1,39.9,OPEN,LOW
PHC-DST-B2-03,PHC-DST-B2-04,DST-B2,2025-03-06,27.1,40.2,OPEN,LOW
PHC-DST-B2-03,PHC-DST-B2-04,DST-B2,2025-03-07,27.1,40.5,OPEN,LOW
PHC-DST-B2-03,PHC-DST-B2-04,DST-B2,2025-03-08,27.1,41.6,OPEN,LOW
PHC-DST-B2-03,PHC-DST-B2-04,DST-B2,2025-03-09,27.1,40.4,OPEN,LOW
PHC-DST-B2-03,PHC-DST-B2-04,DST-B2,2025-03-10,27.1,43.9,OPEN,LOW
PHC-DST-B2-03,PHC-DST-B2-04,DST-B2,2025-03-11,27.1,41.4,OPEN,LOW
PHC-DST-B2-03,PHC-DST-B2-04,DST-B2,2025-03-12,27.1,42.0,OPEN,LOW
PHC-DST-B2-03,PHC-DST-B2-04,DST-B2,2025-03-13,27.1,41.7,OPEN,LOW
PHC-DST-B2-03,PHC-DST-B2-04,DST-B2,2025-03-14,27.1,39.6,OPEN,LOW
PHC-DST-B2-03,PHC-DST-B2-04,DST-B2,2025-03-15,27.1,43.5,OPEN,LOW
PHC-DST-B2-03,PHC-DST-B2-04,DST-B2,2025-03-16,27.1,39.3,OPEN,LOW
PHC-DST-B2-03,PHC-DST-B2-04,DST-B2,2025-03-17,27.1,44.3,OPEN,LOW
PHC-DST-B2-03,PHC-DST-B2-04,DST-B2,2025-03-18,27.1,42.3,OPEN,LOW
PHC-DST-B2-03,PHC-DST-B2-04,DST-B2,2025-03-19,27.1,39.7,OPEN,LOW
PHC-DST-B2-03,PHC-DST-B2-04,DST-B2,2025-03-20,27.1,40.7,OPEN,LOW
PHC-DST-B2-03,PHC-DST-B2-04,DST-B2,2025-03-21,27.1,41.3,OPEN,LOW
PHC-DST-B2-03,PHC-DST-B2-04,DST-B2,2025-03-22,27.1,42.4,OPEN,LOW
PHC-DST-B2-03,PHC-DST-B2-04,DST-B2,2025-03-23,27.1,40.2,OPEN,LOW
PHC-DST-B2-03,PHC-DST-B2-04,DST-B2,2025-03-24,27.1,41.0,OPEN,LOW
PHC-DST-B2-03,PHC-DST-B2-04,DST-B2,2025-03-25,27.1,39.8,OPEN,LOW
PHC-DST-B2-03,PHC-DST-B2-04,DST-B2,2025-03-26,27.1,41.4,OPEN,LOW
PHC-DST-B2-03,PHC-DST-B2-04,DST-B2,2025-03-27,27.1,44.4,OPEN,LOW
PHC-DST-B2-03,PHC-DST-B2-04,DST-B2,2025-03-28,27.1,43.1,OPEN,LOW
PHC-DST-B2-03,PHC-DST-B2-04,DST-B2,2025-03-29,27.1,42.5,OPEN,LOW
PHC-DST-B2-03,PHC-DST-B2-04,DST-B2,2025-03-30,27.1,41.2,OPEN,LOW
PHC-DST-B2-03,PHC-DST-B2-04,DST-B2,2025-03-31,27.1,42.2,OPEN,LOW
PHC-DST-B2-03,PHC-DST-B2-04,DST-B2,2025-04-01,27.1,39.0,OPEN,LOW
PHC-DST-B2-03,PHC-DST-B2-04,DST-B2,2025-04-02,27.1,42.8,OPEN,LOW
PHC-DST-B2-03,PHC-DST-B2-04,DST-B2,2025-04-03,27.1,39.4,OPEN,LOW
PHC-DST-B2-03,PHC-DST-B2-04,DST-B2,2025-04-04,27.1,44.1,OPEN,LOW
PHC-DST-B2-03,PHC-DST-B2-04,DST-B2,2025-04-05,27.1,43.3,OPEN,LOW
PHC-DST-B2-03,PHC-DST-B2-04,DST-B2,2025-04-06,27.1,40.8,OPEN,LOW
PHC-DST-B2-03,PHC-DST-B2-04,DST-B2,2025-04-07,27.1,43.9,OPEN,LOW
PHC-DST-B2-03,PHC-DST-B2-04,DST-B2,2025-04-08,27.1,40.0,OPEN,LOW
PHC-DST-B2-03,PHC-DST-B2-04,DST-B2,2025-04-09,27.1,43.8,OPEN,LOW
PHC-DST-B2-03,PHC-DST-B2-04,DST-B2,2025-04-10,27.1,40.7,OPEN,LOW
PHC-DST-B2-03,PHC-DST-B2-04,DST-B2,2025-04-11,27.1,44.1,OPEN,LOW
PHC-DST-B2-03,PHC-DST-B2-04,DST-B2,2025-04-12,27.1,41.3,OPEN,LOW
PHC-DST-B2-03,PHC-DST-B2-04,DST-B2,2025-04-13,27.1,44.6,OPEN,LOW
PHC-DST-B2-03,PHC-DST-B2-04,DST-B2,2025-04-14,27.1,38.8,OPEN,LOW
PHC-DST-B2-03,PHC-DST-B2-04,DST-B2,2025-04-15,27.1,40.1,OPEN,LOW
PHC-DST-B2-03,PHC-DST-B2-04,DST-B2,2025-04-16,27.1,42.0,OPEN,LOW
PHC-DST-B2-03,PHC-DST-B2-04,DST-B2,2025-04-17,27.1,41.1,OPEN,LOW
PHC-DST-B2-03,PHC-DST-B2-04,DST-B2,2025-04-18,27.1,40.6,OPEN,LOW
PHC-DST-B2-03,PHC-DST-B2-04,DST-B2,2025-04-19,27.1,38.9,OPEN,LOW
PHC-DST-B2-03,PHC-DST-B2-04,DST-B2,2025-04-20,27.1,41.9,OPEN,LOW
PHC-DST-B2-03,PHC-DST-B2-04,DST-B2,2025-04-21,27.1,42.7,OPEN,LOW
PHC-DST-B2-03,PHC-DST-B2-04,DST-B2,2025-04-22,27.1,41.2,OPEN,LOW
PHC-DST-B2-03,PHC-DST-B2-04,DST-B2,2025-04-23,27.1,41.1,OPEN,LOW
PHC-DST-B2-03,PHC-DST-B2-04,DST-B2,2025-04-24,27.1,41.0,OPEN,LOW
PHC-DST-B2-03,PHC-DST-B2-04,DST-B2,2025-04-25,27.1,42.9,OPEN,LOW
PHC-DST-B2-03,PHC-DST-B2-04,DST-B2,2025-04-26,27.1,39.8,OPEN,LOW
PHC-DST-B2-03,PHC-DST-B2-04,DST-B2,2025-04-27,27.1,39.4,OPEN,LOW
PHC-DST-B2-03,PHC-DST-B2-04,DST-B2,2025-04-28,27.1,40.7,OPEN,LOW
PHC-DST-B2-03,PHC-DST-B2-04,DST-B2,2025-04-29,27.1,39.6,OPEN,LOW
PHC-DST-B2-03,PHC-DST-B2-04,DST-B2,2025-04-30,27.1,40.5,OPEN,LOW
PHC-DST-B2-03,PHC-DST-B2-04,DST-B2,2025-05-01,27.1,40.1,OPEN,LOW
PHC-DST-B2-03,PHC-DST-B2-04,DST-B2,2025-05-02,27.1,41.7,OPEN,LOW
PHC-DST-B2-03,PHC-DST-B2-04,DST-B2,2025-05-03,27.1,42.1,OPEN,LOW
PHC-DST-B2-03,PHC-DST-B2-04,DST-B2,2025-05-04,27.1,40.5,OPEN,LOW
PHC-DST-B2-03,PHC-DST-B2-04,DST-B2,2025-05-05,27.1,40.7,OPEN,LOW
PHC-DST-B2-03,PHC-DST-B2-04,DST-B2,2025-05-06,27.1,40.4,OPEN,LOW
PHC-DST-B2-03,PHC-DST-B2-04,DST-B2,2025-05-07,27.1,44.6,OPEN,LOW
PHC-DST-B2-03,PHC-DST-B2-04,DST-B2,2025-05-08,27.1,42.0,OPEN,LOW
PHC-DST-B2-03,PHC-DST-B2-04,DST-B2,2025-05-09,27.1,43.8,OPEN,LOW
PHC-DST-B2-03,PHC-DST-B2-04,DST-B2,2025-05-10,27.1,44.6,OPEN,LOW
PHC-DST-B2-03,PHC-DST-B2-04,DST-B2,2025-05-11,27.1,39.4,OPEN,LOW
PHC-DST-B2-03,PHC-DST-B2-04,DST-B2,2025-05-12,27.1,39.4,OPEN,LOW
PHC-DST-B2-03,PHC-DST-B2-04,DST-B2,2025-05-13,27.1,40.9,OPEN,LOW
PHC-DST-B2-03,PHC-DST-B2-04,DST-B2,2025-05-14,27.1,41.1,OPEN,LOW
PHC-DST-B2-03,PHC-DST-B2-04,DST-B2,2025-05-15,27.1,41.9,OPEN,LOW
PHC-DST-B2-03,PHC-DST-B2-04,DST-B2,2025-05-16,27.1,38.6,OPEN,LOW
PHC-DST-B2-03,PHC-DST-B2-04,DST-B2,2025-05-17,27.1,40.5,OPEN,LOW
PHC-DST-B2-03,PHC-DST-B2-04,DST-B2,2025-05-18,27.1,39.4,OPEN,LOW
PHC-DST-B2-03,PHC-DST-B2-04,DST-B2,2025-05-19,27.1,43.9,OPEN,LOW
PHC-DST-B2-03,PHC-DST-B2-04,DST-B2,2025-05-20,27.1,41.6,OPEN,LOW
PHC-DST-B2-03,PHC-DST-B2-04,DST-B2,2025-05-21,27.1,43.4,OPEN,LOW
PHC-DST-B2-03,PHC-DST-B2-04,DST-B2,2025-05-22,27.1,40.9,OPEN,LOW
PHC-DST-B2-03,PHC-DST-B2-04,DST-B2,2025-05-23,27.1,44.3,OPEN,LOW
PHC-DST-B2-03,PHC-DST-B2-04,DST-B2,2025-05-24,27.1,44.0,OPEN,LOW
PHC-DST-B2-03,PHC-DST-B2-04,DST-B2,2025-05-25,27.1,42.5,OPEN,LOW
PHC-DST-B2-03,PHC-DST-B2-04,DST-B2,2025-05-26,27.1,43.8,OPEN,LOW
PHC-DST-B2-03,PHC-DST-B2-04,DST-B2,2025-05-27,27.1,41.7,OPEN,LOW
PHC-DST-B2-03,PHC-DST-B2-04,DST-B2,2025-05-28,27.1,43.1,OPEN,LOW
PHC-DST-B2-03,PHC-DST-B2-04,DST-B2,2025-05-29,27.1,39.6,OPEN,LOW
PHC-DST-B2-03,PHC-DST-B2-04,DST-B2,2025-05-30,27.1,38.8,OPEN,LOW
PHC-DST-B2-03,PHC-DST-B2-04,DST-B2,2025-05-31,27.1,41.2,OPEN,LOW
PHC-DST-B2-03,PHC-DST-B2-04,DST-B2,2025-06-01,27.1,39.9,OPEN,LOW
PHC-DST-B2-03,PHC-DST-B2-04,DST-B2,2025-06-02,27.1,43.6,OPEN,LOW
PHC-DST-B2-03,PHC-DST-B2-04,DST-B2,2025-06-03,27.1,42.6,OPEN,LOW
PHC-DST-B2-03,PHC-DST-B2-04,DST-B2,2025-06-04,27.1,38.7,OPEN,LOW
PHC-DST-B2-03,PHC-DST-B2-04,DST-B2,2025-06-05,27.1,44.2,OPEN,LOW
PHC-DST-B2-03,PHC-DST-B2-04,DST-B2,2025-06-06,27.1,39.7,OPEN,LOW
PHC-DST-B2-03,PHC-DST-B2-04,DST-B2,2025-06-07,27.1,43.0,OPEN,LOW
PHC-DST-B2-03,PHC-DST-B2-04,DST-B2,2025-06-08,27.1,43.5,OPEN,LOW
PHC-DST-B2-03,PHC-DST-B2-04,DST-B2,2025-06-09,27.1,41.9,OPEN,LOW
PHC-DST-B2-03,PHC-DST-B2-04,DST-B2,2025-06-10,27.1,43.9,OPEN,LOW
PHC-DST-B2-03,PHC-DST-B2-04,DST-B2,2025-06-11,27.1,41.5,OPEN,LOW
PHC-DST-B2-03,PHC-DST-B2-04,DST-B2,2025-06-12,27.1,40.4,OPEN,LOW
PHC-DST-B2-03,PHC-DST-B2-04,DST-B2,2025-06-13,27.1,42.4,OPEN,LOW
PHC-DST-B2-03,PHC-DST-B2-04,DST-B2,2025-06-14,27.1,41.4,OPEN,LOW
PHC-DST-B2-03,PHC-DST-B2-04,DST-B2,2025-06-15,27.1,39.0,OPEN,LOW
PHC-DST-B2-03,PHC-DST-B2-04,DST-B2,2025-06-16,27.1,38.7,OPEN,LOW
PHC-DST-B2-03,PHC-DST-B2-04,DST-B2,2025-06-17,27.1,44.3,OPEN,LOW
PHC-DST-B2-03,PHC-DST-B2-04,DST-B2,2025-06-18,27.1,39.9,OPEN,LOW
PHC-DST-B2-03,PHC-DST-B2-04,DST-B2,2025-06-19,27.1,42.0,OPEN,LOW
PHC-DST-B2-03,PHC-DST-B2-04,DST-B2,2025-06-20,27.1,39.9,OPEN,LOW
PHC-DST-B2-03,PHC-DST-B2-04,DST-B2,2025-06-21,27.1,39.4,OPEN,LOW
PHC-DST-B2-03,PHC-DST-B2-04,DST-B2,2025-06-22,27.1,44.2,OPEN,LOW
PHC-DST-B2-03,PHC-DST-B2-04,DST-B2,2025-06-23,27.1,43.4,OPEN,LOW
PHC-DST-B2-03,PHC-DST-B2-04,DST-B2,2025-06-24,27.1,42.3,OPEN,LOW
PHC-DST-B2-03,PHC-DST-B2-04,DST-B2,2025-06-25,27.1,40.2,OPEN,LOW
PHC-DST-B2-03,PHC-DST-B2-04,DST-B2,2025-06-26,27.1,40.6,OPEN,LOW
PHC-DST-B2-03,PHC-DST-B2-04,DST-B2,2025-06-27,27.1,41.5,OPEN,LOW
PHC-DST-B2-03,PHC-DST-B2-04,DST-B2,2025-06-28,27.1,39.7,OPEN,LOW
PHC-DST-B2-03,PHC-DST-B2-04,DST-B2,2025-06-29,27.1,42.5,OPEN,LOW
PHC-DST-B2-03,PHC-DST-B2-04,DST-B2,2025-06-30,27.1,44.4,OPEN,LOW
PHC-DST-B2-04,PHC-DST-B2-05,DST-B2,2024-07-01,26.9,38.8,OPEN,LOW
PHC-DST-B2-04,PHC-DST-B2-05,DST-B2,2024-07-02,26.9,43.1,OPEN,LOW
PHC-DST-B2-04,PHC-DST-B2-05,DST-B2,2024-07-03,26.9,71.4,DEGRADED,MODERATE
PHC-DST-B2-04,PHC-DST-B2-05,DST-B2,2024-07-04,26.9,68.3,DEGRADED,MODERATE
PHC-DST-B2-04,PHC-DST-B2-05,DST-B2,2024-07-05,26.9,43.7,OPEN,LOW
PHC-DST-B2-04,PHC-DST-B2-05,DST-B2,2024-07-06,26.9,59.5,DEGRADED,MODERATE
PHC-DST-B2-04,PHC-DST-B2-05,DST-B2,2024-07-07,26.9,43.5,OPEN,LOW
PHC-DST-B2-04,PHC-DST-B2-05,DST-B2,2024-07-08,26.9,44.0,OPEN,LOW
PHC-DST-B2-04,PHC-DST-B2-05,DST-B2,2024-07-09,26.9,42.9,OPEN,LOW
PHC-DST-B2-04,PHC-DST-B2-05,DST-B2,2024-07-10,26.9,41.4,OPEN,LOW
PHC-DST-B2-04,PHC-DST-B2-05,DST-B2,2024-07-11,26.9,60.1,DEGRADED,MODERATE
PHC-DST-B2-04,PHC-DST-B2-05,DST-B2,2024-07-12,26.9,41.0,OPEN,LOW
PHC-DST-B2-04,PHC-DST-B2-05,DST-B2,2024-07-13,26.9,77.0,DEGRADED,LOW
PHC-DST-B2-04,PHC-DST-B2-05,DST-B2,2024-07-14,26.9,40.1,OPEN,LOW
PHC-DST-B2-04,PHC-DST-B2-05,DST-B2,2024-07-15,26.9,41.3,OPEN,LOW
PHC-DST-B2-04,PHC-DST-B2-05,DST-B2,2024-07-16,26.9,38.6,OPEN,LOW
PHC-DST-B2-04,PHC-DST-B2-05,DST-B2,2024-07-17,26.9,41.1,OPEN,LOW
PHC-DST-B2-04,PHC-DST-B2-05,DST-B2,2024-07-18,26.9,40.8,OPEN,LOW
PHC-DST-B2-04,PHC-DST-B2-05,DST-B2,2024-07-19,26.9,44.1,OPEN,LOW
PHC-DST-B2-04,PHC-DST-B2-05,DST-B2,2024-07-20,26.9,41.1,OPEN,LOW
PHC-DST-B2-04,PHC-DST-B2-05,DST-B2,2024-07-21,26.9,41.8,OPEN,LOW
PHC-DST-B2-04,PHC-DST-B2-05,DST-B2,2024-07-22,26.9,39.2,OPEN,LOW
PHC-DST-B2-04,PHC-DST-B2-05,DST-B2,2024-07-23,26.9,44.2,OPEN,LOW
PHC-DST-B2-04,PHC-DST-B2-05,DST-B2,2024-07-24,26.9,38.6,OPEN,LOW
PHC-DST-B2-04,PHC-DST-B2-05,DST-B2,2024-07-25,26.9,41.2,OPEN,LOW
PHC-DST-B2-04,PHC-DST-B2-05,DST-B2,2024-07-26,26.9,41.3,OPEN,LOW
PHC-DST-B2-04,PHC-DST-B2-05,DST-B2,2024-07-27,26.9,40.3,OPEN,LOW
PHC-DST-B2-04,PHC-DST-B2-05,DST-B2,2024-07-28,26.9,41.9,OPEN,LOW
PHC-DST-B2-04,PHC-DST-B2-05,DST-B2,2024-07-29,26.9,77.7,DEGRADED,MODERATE
PHC-DST-B2-04,PHC-DST-B2-05,DST-B2,2024-07-30,26.9,58.3,DEGRADED,LOW
PHC-DST-B2-04,PHC-DST-B2-05,DST-B2,2024-07-31,26.9,43.3,OPEN,LOW
PHC-DST-B2-04,PHC-DST-B2-05,DST-B2,2024-08-01,26.9,39.3,OPEN,LOW
PHC-DST-B2-04,PHC-DST-B2-05,DST-B2,2024-08-02,26.9,40.4,OPEN,LOW
PHC-DST-B2-04,PHC-DST-B2-05,DST-B2,2024-08-03,26.9,43.6,OPEN,LOW
PHC-DST-B2-04,PHC-DST-B2-05,DST-B2,2024-08-04,26.9,40.8,OPEN,LOW
PHC-DST-B2-04,PHC-DST-B2-05,DST-B2,2024-08-05,26.9,41.7,OPEN,LOW
PHC-DST-B2-04,PHC-DST-B2-05,DST-B2,2024-08-06,26.9,40.7,OPEN,LOW
PHC-DST-B2-04,PHC-DST-B2-05,DST-B2,2024-08-07,26.9,40.1,OPEN,LOW
PHC-DST-B2-04,PHC-DST-B2-05,DST-B2,2024-08-08,26.9,66.9,DEGRADED,MODERATE
PHC-DST-B2-04,PHC-DST-B2-05,DST-B2,2024-08-09,26.9,40.2,OPEN,LOW
PHC-DST-B2-04,PHC-DST-B2-05,DST-B2,2024-08-10,26.9,38.9,OPEN,LOW
PHC-DST-B2-04,PHC-DST-B2-05,DST-B2,2024-08-11,26.9,75.1,DEGRADED,MODERATE
PHC-DST-B2-04,PHC-DST-B2-05,DST-B2,2024-08-12,26.9,39.4,OPEN,LOW
PHC-DST-B2-04,PHC-DST-B2-05,DST-B2,2024-08-13,26.9,41.2,OPEN,LOW
PHC-DST-B2-04,PHC-DST-B2-05,DST-B2,2024-08-14,26.9,39.9,OPEN,LOW
PHC-DST-B2-04,PHC-DST-B2-05,DST-B2,2024-08-15,26.9,40.6,OPEN,LOW
PHC-DST-B2-04,PHC-DST-B2-05,DST-B2,2024-08-16,26.9,43.8,OPEN,LOW
PHC-DST-B2-04,PHC-DST-B2-05,DST-B2,2024-08-17,26.9,43.0,OPEN,LOW
PHC-DST-B2-04,PHC-DST-B2-05,DST-B2,2024-08-18,26.9,38.8,OPEN,LOW
PHC-DST-B2-04,PHC-DST-B2-05,DST-B2,2024-08-19,26.9,103.5,DEGRADED,SEVERE
PHC-DST-B2-04,PHC-DST-B2-05,DST-B2,2024-08-20,26.9,280.5,BLOCKED,SEVERE
PHC-DST-B2-04,PHC-DST-B2-05,DST-B2,2024-08-21,26.9,43.1,OPEN,LOW
PHC-DST-B2-04,PHC-DST-B2-05,DST-B2,2024-08-22,26.9,38.8,OPEN,LOW
PHC-DST-B2-04,PHC-DST-B2-05,DST-B2,2024-08-23,26.9,42.9,OPEN,LOW
PHC-DST-B2-04,PHC-DST-B2-05,DST-B2,2024-08-24,26.9,41.0,OPEN,LOW
PHC-DST-B2-04,PHC-DST-B2-05,DST-B2,2024-08-25,26.9,58.4,DEGRADED,LOW
PHC-DST-B2-04,PHC-DST-B2-05,DST-B2,2024-08-26,26.9,43.3,OPEN,LOW
PHC-DST-B2-04,PHC-DST-B2-05,DST-B2,2024-08-27,26.9,42.0,OPEN,LOW
PHC-DST-B2-04,PHC-DST-B2-05,DST-B2,2024-08-28,26.9,43.6,OPEN,LOW
PHC-DST-B2-04,PHC-DST-B2-05,DST-B2,2024-08-29,26.9,38.5,OPEN,LOW
PHC-DST-B2-04,PHC-DST-B2-05,DST-B2,2024-08-30,26.9,43.2,OPEN,LOW
PHC-DST-B2-04,PHC-DST-B2-05,DST-B2,2024-08-31,26.9,38.5,OPEN,LOW
PHC-DST-B2-04,PHC-DST-B2-05,DST-B2,2024-09-01,26.9,39.5,OPEN,LOW
PHC-DST-B2-04,PHC-DST-B2-05,DST-B2,2024-09-02,26.9,41.2,OPEN,LOW
PHC-DST-B2-04,PHC-DST-B2-05,DST-B2,2024-09-03,26.9,40.5,OPEN,LOW
PHC-DST-B2-04,PHC-DST-B2-05,DST-B2,2024-09-04,26.9,41.4,OPEN,LOW
PHC-DST-B2-04,PHC-DST-B2-05,DST-B2,2024-09-05,26.9,41.8,OPEN,LOW
PHC-DST-B2-04,PHC-DST-B2-05,DST-B2,2024-09-06,26.9,59.4,DEGRADED,MODERATE
PHC-DST-B2-04,PHC-DST-B2-05,DST-B2,2024-09-07,26.9,75.9,DEGRADED,MODERATE
PHC-DST-B2-04,PHC-DST-B2-05,DST-B2,2024-09-08,26.9,71.3,DEGRADED,MODERATE
PHC-DST-B2-04,PHC-DST-B2-05,DST-B2,2024-09-09,26.9,43.4,OPEN,LOW
PHC-DST-B2-04,PHC-DST-B2-05,DST-B2,2024-09-10,26.9,250.3,BLOCKED,MODERATE
PHC-DST-B2-04,PHC-DST-B2-05,DST-B2,2024-09-11,26.9,39.9,OPEN,LOW
PHC-DST-B2-04,PHC-DST-B2-05,DST-B2,2024-09-12,26.9,40.4,OPEN,LOW
PHC-DST-B2-04,PHC-DST-B2-05,DST-B2,2024-09-13,26.9,43.5,OPEN,LOW
PHC-DST-B2-04,PHC-DST-B2-05,DST-B2,2024-09-14,26.9,39.8,OPEN,LOW
PHC-DST-B2-04,PHC-DST-B2-05,DST-B2,2024-09-15,26.9,70.7,DEGRADED,MODERATE
PHC-DST-B2-04,PHC-DST-B2-05,DST-B2,2024-09-16,26.9,39.6,OPEN,LOW
PHC-DST-B2-04,PHC-DST-B2-05,DST-B2,2024-09-17,26.9,66.7,DEGRADED,MODERATE
PHC-DST-B2-04,PHC-DST-B2-05,DST-B2,2024-09-18,26.9,38.7,OPEN,LOW
PHC-DST-B2-04,PHC-DST-B2-05,DST-B2,2024-09-19,26.9,42.9,OPEN,LOW
PHC-DST-B2-04,PHC-DST-B2-05,DST-B2,2024-09-20,26.9,42.1,OPEN,LOW
PHC-DST-B2-04,PHC-DST-B2-05,DST-B2,2024-09-21,26.9,44.2,OPEN,LOW
PHC-DST-B2-04,PHC-DST-B2-05,DST-B2,2024-09-22,26.9,66.0,DEGRADED,MODERATE
PHC-DST-B2-04,PHC-DST-B2-05,DST-B2,2024-09-23,26.9,61.8,DEGRADED,MODERATE
PHC-DST-B2-04,PHC-DST-B2-05,DST-B2,2024-09-24,26.9,40.2,OPEN,LOW
PHC-DST-B2-04,PHC-DST-B2-05,DST-B2,2024-09-25,26.9,109.4,DEGRADED,MODERATE
PHC-DST-B2-04,PHC-DST-B2-05,DST-B2,2024-09-26,26.9,38.8,OPEN,LOW
PHC-DST-B2-04,PHC-DST-B2-05,DST-B2,2024-09-27,26.9,79.9,DEGRADED,MODERATE
PHC-DST-B2-04,PHC-DST-B2-05,DST-B2,2024-09-28,26.9,77.0,DEGRADED,MODERATE
PHC-DST-B2-04,PHC-DST-B2-05,DST-B2,2024-09-29,26.9,39.4,OPEN,LOW
PHC-DST-B2-04,PHC-DST-B2-05,DST-B2,2024-09-30,26.9,39.7,OPEN,LOW
PHC-DST-B2-04,PHC-DST-B2-05,DST-B2,2024-10-01,26.9,41.9,OPEN,LOW
PHC-DST-B2-04,PHC-DST-B2-05,DST-B2,2024-10-02,26.9,44.0,OPEN,LOW
PHC-DST-B2-04,PHC-DST-B2-05,DST-B2,2024-10-03,26.9,44.0,OPEN,LOW
PHC-DST-B2-04,PHC-DST-B2-05,DST-B2,2024-10-04,26.9,42.7,OPEN,LOW
PHC-DST-B2-04,PHC-DST-B2-05,DST-B2,2024-10-05,26.9,41.8,OPEN,LOW
PHC-DST-B2-04,PHC-DST-B2-05,DST-B2,2024-10-06,26.9,39.4,OPEN,LOW
PHC-DST-B2-04,PHC-DST-B2-05,DST-B2,2024-10-07,26.9,38.8,OPEN,LOW
PHC-DST-B2-04,PHC-DST-B2-05,DST-B2,2024-10-08,26.9,38.7,OPEN,LOW
PHC-DST-B2-04,PHC-DST-B2-05,DST-B2,2024-10-09,26.9,42.2,OPEN,LOW
PHC-DST-B2-04,PHC-DST-B2-05,DST-B2,2024-10-10,26.9,39.2,OPEN,LOW
PHC-DST-B2-04,PHC-DST-B2-05,DST-B2,2024-10-11,26.9,39.4,OPEN,LOW
PHC-DST-B2-04,PHC-DST-B2-05,DST-B2,2024-10-12,26.9,39.0,OPEN,LOW
PHC-DST-B2-04,PHC-DST-B2-05,DST-B2,2024-10-13,26.9,39.0,OPEN,LOW
PHC-DST-B2-04,PHC-DST-B2-05,DST-B2,2024-10-14,26.9,40.5,OPEN,LOW
PHC-DST-B2-04,PHC-DST-B2-05,DST-B2,2024-10-15,26.9,42.4,OPEN,LOW
PHC-DST-B2-04,PHC-DST-B2-05,DST-B2,2024-10-16,26.9,39.3,OPEN,LOW
PHC-DST-B2-04,PHC-DST-B2-05,DST-B2,2024-10-17,26.9,42.8,OPEN,LOW
PHC-DST-B2-04,PHC-DST-B2-05,DST-B2,2024-10-18,26.9,40.4,OPEN,LOW
PHC-DST-B2-04,PHC-DST-B2-05,DST-B2,2024-10-19,26.9,43.4,OPEN,LOW
PHC-DST-B2-04,PHC-DST-B2-05,DST-B2,2024-10-20,26.9,43.5,OPEN,LOW
PHC-DST-B2-04,PHC-DST-B2-05,DST-B2,2024-10-21,26.9,38.9,OPEN,LOW
PHC-DST-B2-04,PHC-DST-B2-05,DST-B2,2024-10-22,26.9,38.4,OPEN,LOW
PHC-DST-B2-04,PHC-DST-B2-05,DST-B2,2024-10-23,26.9,38.7,OPEN,LOW
PHC-DST-B2-04,PHC-DST-B2-05,DST-B2,2024-10-24,26.9,43.5,OPEN,LOW
PHC-DST-B2-04,PHC-DST-B2-05,DST-B2,2024-10-25,26.9,42.9,OPEN,LOW
PHC-DST-B2-04,PHC-DST-B2-05,DST-B2,2024-10-26,26.9,43.5,OPEN,LOW
PHC-DST-B2-04,PHC-DST-B2-05,DST-B2,2024-10-27,26.9,39.6,OPEN,LOW
PHC-DST-B2-04,PHC-DST-B2-05,DST-B2,2024-10-28,26.9,39.9,OPEN,LOW
PHC-DST-B2-04,PHC-DST-B2-05,DST-B2,2024-10-29,26.9,43.4,OPEN,LOW
PHC-DST-B2-04,PHC-DST-B2-05,DST-B2,2024-10-30,26.9,39.2,OPEN,LOW
PHC-DST-B2-04,PHC-DST-B2-05,DST-B2,2024-10-31,26.9,40.0,OPEN,LOW
PHC-DST-B2-04,PHC-DST-B2-05,DST-B2,2024-11-01,26.9,41.5,OPEN,LOW
PHC-DST-B2-04,PHC-DST-B2-05,DST-B2,2024-11-02,26.9,43.8,OPEN,LOW
PHC-DST-B2-04,PHC-DST-B2-05,DST-B2,2024-11-03,26.9,40.8,OPEN,LOW
PHC-DST-B2-04,PHC-DST-B2-05,DST-B2,2024-11-04,26.9,41.0,OPEN,LOW
PHC-DST-B2-04,PHC-DST-B2-05,DST-B2,2024-11-05,26.9,42.2,OPEN,LOW
PHC-DST-B2-04,PHC-DST-B2-05,DST-B2,2024-11-06,26.9,39.3,OPEN,LOW
PHC-DST-B2-04,PHC-DST-B2-05,DST-B2,2024-11-07,26.9,38.4,OPEN,LOW
PHC-DST-B2-04,PHC-DST-B2-05,DST-B2,2024-11-08,26.9,42.2,OPEN,LOW
PHC-DST-B2-04,PHC-DST-B2-05,DST-B2,2024-11-09,26.9,38.4,OPEN,LOW
PHC-DST-B2-04,PHC-DST-B2-05,DST-B2,2024-11-10,26.9,39.9,OPEN,LOW
PHC-DST-B2-04,PHC-DST-B2-05,DST-B2,2024-11-11,26.9,39.0,OPEN,LOW
PHC-DST-B2-04,PHC-DST-B2-05,DST-B2,2024-11-12,26.9,39.9,OPEN,LOW
PHC-DST-B2-04,PHC-DST-B2-05,DST-B2,2024-11-13,26.9,39.3,OPEN,LOW
PHC-DST-B2-04,PHC-DST-B2-05,DST-B2,2024-11-14,26.9,44.4,OPEN,LOW
PHC-DST-B2-04,PHC-DST-B2-05,DST-B2,2024-11-15,26.9,44.1,OPEN,LOW
PHC-DST-B2-04,PHC-DST-B2-05,DST-B2,2024-11-16,26.9,38.8,OPEN,LOW
PHC-DST-B2-04,PHC-DST-B2-05,DST-B2,2024-11-17,26.9,42.2,OPEN,LOW
PHC-DST-B2-04,PHC-DST-B2-05,DST-B2,2024-11-18,26.9,41.9,OPEN,LOW
PHC-DST-B2-04,PHC-DST-B2-05,DST-B2,2024-11-19,26.9,38.5,OPEN,LOW
PHC-DST-B2-04,PHC-DST-B2-05,DST-B2,2024-11-20,26.9,43.1,OPEN,LOW
PHC-DST-B2-04,PHC-DST-B2-05,DST-B2,2024-11-21,26.9,43.1,OPEN,LOW
PHC-DST-B2-04,PHC-DST-B2-05,DST-B2,2024-11-22,26.9,38.4,OPEN,LOW
PHC-DST-B2-04,PHC-DST-B2-05,DST-B2,2024-11-23,26.9,42.9,OPEN,LOW
PHC-DST-B2-04,PHC-DST-B2-05,DST-B2,2024-11-24,26.9,42.4,OPEN,LOW
PHC-DST-B2-04,PHC-DST-B2-05,DST-B2,2024-11-25,26.9,43.4,OPEN,LOW
PHC-DST-B2-04,PHC-DST-B2-05,DST-B2,2024-11-26,26.9,43.3,OPEN,LOW
PHC-DST-B2-04,PHC-DST-B2-05,DST-B2,2024-11-27,26.9,44.0,OPEN,LOW
PHC-DST-B2-04,PHC-DST-B2-05,DST-B2,2024-11-28,26.9,42.8,OPEN,LOW
PHC-DST-B2-04,PHC-DST-B2-05,DST-B2,2024-11-29,26.9,42.4,OPEN,LOW
PHC-DST-B2-04,PHC-DST-B2-05,DST-B2,2024-11-30,26.9,44.1,OPEN,LOW
PHC-DST-B2-04,PHC-DST-B2-05,DST-B2,2024-12-01,26.9,41.9,OPEN,LOW
PHC-DST-B2-04,PHC-DST-B2-05,DST-B2,2024-12-02,26.9,40.8,OPEN,LOW
PHC-DST-B2-04,PHC-DST-B2-05,DST-B2,2024-12-03,26.9,44.2,OPEN,LOW
PHC-DST-B2-04,PHC-DST-B2-05,DST-B2,2024-12-04,26.9,42.9,OPEN,LOW
PHC-DST-B2-04,PHC-DST-B2-05,DST-B2,2024-12-05,26.9,42.2,OPEN,LOW
PHC-DST-B2-04,PHC-DST-B2-05,DST-B2,2024-12-06,26.9,43.9,OPEN,LOW
PHC-DST-B2-04,PHC-DST-B2-05,DST-B2,2024-12-07,26.9,39.4,OPEN,LOW
PHC-DST-B2-04,PHC-DST-B2-05,DST-B2,2024-12-08,26.9,42.9,OPEN,LOW
PHC-DST-B2-04,PHC-DST-B2-05,DST-B2,2024-12-09,26.9,41.6,OPEN,LOW
PHC-DST-B2-04,PHC-DST-B2-05,DST-B2,2024-12-10,26.9,43.0,OPEN,LOW
PHC-DST-B2-04,PHC-DST-B2-05,DST-B2,2024-12-11,26.9,43.7,OPEN,LOW
PHC-DST-B2-04,PHC-DST-B2-05,DST-B2,2024-12-12,26.9,43.2,OPEN,LOW
PHC-DST-B2-04,PHC-DST-B2-05,DST-B2,2024-12-13,26.9,44.2,OPEN,LOW
PHC-DST-B2-04,PHC-DST-B2-05,DST-B2,2024-12-14,26.9,38.8,OPEN,LOW
PHC-DST-B2-04,PHC-DST-B2-05,DST-B2,2024-12-15,26.9,40.4,OPEN,LOW
PHC-DST-B2-04,PHC-DST-B2-05,DST-B2,2024-12-16,26.9,43.4,OPEN,LOW
PHC-DST-B2-04,PHC-DST-B2-05,DST-B2,2024-12-17,26.9,41.4,OPEN,LOW
PHC-DST-B2-04,PHC-DST-B2-05,DST-B2,2024-12-18,26.9,43.4,OPEN,LOW
PHC-DST-B2-04,PHC-DST-B2-05,DST-B2,2024-12-19,26.9,39.1,OPEN,LOW
PHC-DST-B2-04,PHC-DST-B2-05,DST-B2,2024-12-20,26.9,40.1,OPEN,LOW
PHC-DST-B2-04,PHC-DST-B2-05,DST-B2,2024-12-21,26.9,39.4,OPEN,LOW
PHC-DST-B2-04,PHC-DST-B2-05,DST-B2,2024-12-22,26.9,44.1,OPEN,LOW
PHC-DST-B2-04,PHC-DST-B2-05,DST-B2,2024-12-23,26.9,42.5,OPEN,LOW
PHC-DST-B2-04,PHC-DST-B2-05,DST-B2,2024-12-24,26.9,40.9,OPEN,LOW
PHC-DST-B2-04,PHC-DST-B2-05,DST-B2,2024-12-25,26.9,38.4,OPEN,LOW
PHC-DST-B2-04,PHC-DST-B2-05,DST-B2,2024-12-26,26.9,41.6,OPEN,LOW
PHC-DST-B2-04,PHC-DST-B2-05,DST-B2,2024-12-27,26.9,42.5,OPEN,LOW
PHC-DST-B2-04,PHC-DST-B2-05,DST-B2,2024-12-28,26.9,41.0,OPEN,LOW
PHC-DST-B2-04,PHC-DST-B2-05,DST-B2,2024-12-29,26.9,42.2,OPEN,LOW
PHC-DST-B2-04,PHC-DST-B2-05,DST-B2,2024-12-30,26.9,43.2,OPEN,LOW
PHC-DST-B2-04,PHC-DST-B2-05,DST-B2,2024-12-31,26.9,38.4,OPEN,LOW
PHC-DST-B2-04,PHC-DST-B2-05,DST-B2,2025-01-01,26.9,39.4,OPEN,LOW
PHC-DST-B2-04,PHC-DST-B2-05,DST-B2,2025-01-02,26.9,39.2,OPEN,LOW
PHC-DST-B2-04,PHC-DST-B2-05,DST-B2,2025-01-03,26.9,41.2,OPEN,LOW
PHC-DST-B2-04,PHC-DST-B2-05,DST-B2,2025-01-04,26.9,44.0,OPEN,LOW
PHC-DST-B2-04,PHC-DST-B2-05,DST-B2,2025-01-05,26.9,41.7,OPEN,LOW
PHC-DST-B2-04,PHC-DST-B2-05,DST-B2,2025-01-06,26.9,39.1,OPEN,LOW
PHC-DST-B2-04,PHC-DST-B2-05,DST-B2,2025-01-07,26.9,41.2,OPEN,LOW
PHC-DST-B2-04,PHC-DST-B2-05,DST-B2,2025-01-08,26.9,41.0,OPEN,LOW
PHC-DST-B2-04,PHC-DST-B2-05,DST-B2,2025-01-09,26.9,41.5,OPEN,LOW
PHC-DST-B2-04,PHC-DST-B2-05,DST-B2,2025-01-10,26.9,39.0,OPEN,LOW
PHC-DST-B2-04,PHC-DST-B2-05,DST-B2,2025-01-11,26.9,39.8,OPEN,LOW
PHC-DST-B2-04,PHC-DST-B2-05,DST-B2,2025-01-12,26.9,39.4,OPEN,LOW
PHC-DST-B2-04,PHC-DST-B2-05,DST-B2,2025-01-13,26.9,39.0,OPEN,LOW
PHC-DST-B2-04,PHC-DST-B2-05,DST-B2,2025-01-14,26.9,39.0,OPEN,LOW
PHC-DST-B2-04,PHC-DST-B2-05,DST-B2,2025-01-15,26.9,44.4,OPEN,LOW
PHC-DST-B2-04,PHC-DST-B2-05,DST-B2,2025-01-16,26.9,39.5,OPEN,LOW
PHC-DST-B2-04,PHC-DST-B2-05,DST-B2,2025-01-17,26.9,43.8,OPEN,LOW
PHC-DST-B2-04,PHC-DST-B2-05,DST-B2,2025-01-18,26.9,41.5,OPEN,LOW
PHC-DST-B2-04,PHC-DST-B2-05,DST-B2,2025-01-19,26.9,39.2,OPEN,LOW
PHC-DST-B2-04,PHC-DST-B2-05,DST-B2,2025-01-20,26.9,40.0,OPEN,LOW
PHC-DST-B2-04,PHC-DST-B2-05,DST-B2,2025-01-21,26.9,44.3,OPEN,LOW
PHC-DST-B2-04,PHC-DST-B2-05,DST-B2,2025-01-22,26.9,40.0,OPEN,LOW
PHC-DST-B2-04,PHC-DST-B2-05,DST-B2,2025-01-23,26.9,38.9,OPEN,LOW
PHC-DST-B2-04,PHC-DST-B2-05,DST-B2,2025-01-24,26.9,43.7,OPEN,LOW
PHC-DST-B2-04,PHC-DST-B2-05,DST-B2,2025-01-25,26.9,38.4,OPEN,LOW
PHC-DST-B2-04,PHC-DST-B2-05,DST-B2,2025-01-26,26.9,40.2,OPEN,LOW
PHC-DST-B2-04,PHC-DST-B2-05,DST-B2,2025-01-27,26.9,42.1,OPEN,LOW
PHC-DST-B2-04,PHC-DST-B2-05,DST-B2,2025-01-28,26.9,39.9,OPEN,LOW
PHC-DST-B2-04,PHC-DST-B2-05,DST-B2,2025-01-29,26.9,42.1,OPEN,LOW
PHC-DST-B2-04,PHC-DST-B2-05,DST-B2,2025-01-30,26.9,41.2,OPEN,LOW
PHC-DST-B2-04,PHC-DST-B2-05,DST-B2,2025-01-31,26.9,41.3,OPEN,LOW
PHC-DST-B2-04,PHC-DST-B2-05,DST-B2,2025-02-01,26.9,41.6,OPEN,LOW
PHC-DST-B2-04,PHC-DST-B2-05,DST-B2,2025-02-02,26.9,42.8,OPEN,LOW
PHC-DST-B2-04,PHC-DST-B2-05,DST-B2,2025-02-03,26.9,41.2,OPEN,LOW
PHC-DST-B2-04,PHC-DST-B2-05,DST-B2,2025-02-04,26.9,41.9,OPEN,LOW
PHC-DST-B2-04,PHC-DST-B2-05,DST-B2,2025-02-05,26.9,39.0,OPEN,LOW
PHC-DST-B2-04,PHC-DST-B2-05,DST-B2,2025-02-06,26.9,38.9,OPEN,LOW
PHC-DST-B2-04,PHC-DST-B2-05,DST-B2,2025-02-07,26.9,40.4,OPEN,LOW
PHC-DST-B2-04,PHC-DST-B2-05,DST-B2,2025-02-08,26.9,40.5,OPEN,LOW
PHC-DST-B2-04,PHC-DST-B2-05,DST-B2,2025-02-09,26.9,39.6,OPEN,LOW
PHC-DST-B2-04,PHC-DST-B2-05,DST-B2,2025-02-10,26.9,39.4,OPEN,LOW
PHC-DST-B2-04,PHC-DST-B2-05,DST-B2,2025-02-11,26.9,42.8,OPEN,LOW
PHC-DST-B2-04,PHC-DST-B2-05,DST-B2,2025-02-12,26.9,44.1,OPEN,LOW
PHC-DST-B2-04,PHC-DST-B2-05,DST-B2,2025-02-13,26.9,38.7,OPEN,LOW
PHC-DST-B2-04,PHC-DST-B2-05,DST-B2,2025-02-14,26.9,42.8,OPEN,LOW
PHC-DST-B2-04,PHC-DST-B2-05,DST-B2,2025-02-15,26.9,43.3,OPEN,LOW
PHC-DST-B2-04,PHC-DST-B2-05,DST-B2,2025-02-16,26.9,40.4,OPEN,LOW
PHC-DST-B2-04,PHC-DST-B2-05,DST-B2,2025-02-17,26.9,38.8,OPEN,LOW
PHC-DST-B2-04,PHC-DST-B2-05,DST-B2,2025-02-18,26.9,42.7,OPEN,LOW
PHC-DST-B2-04,PHC-DST-B2-05,DST-B2,2025-02-19,26.9,41.9,OPEN,LOW
PHC-DST-B2-04,PHC-DST-B2-05,DST-B2,2025-02-20,26.9,39.5,OPEN,LOW
PHC-DST-B2-04,PHC-DST-B2-05,DST-B2,2025-02-21,26.9,38.6,OPEN,LOW
PHC-DST-B2-04,PHC-DST-B2-05,DST-B2,2025-02-22,26.9,44.2,OPEN,LOW
PHC-DST-B2-04,PHC-DST-B2-05,DST-B2,2025-02-23,26.9,38.9,OPEN,LOW
PHC-DST-B2-04,PHC-DST-B2-05,DST-B2,2025-02-24,26.9,39.0,OPEN,LOW
PHC-DST-B2-04,PHC-DST-B2-05,DST-B2,2025-02-25,26.9,39.8,OPEN,LOW
PHC-DST-B2-04,PHC-DST-B2-05,DST-B2,2025-02-26,26.9,38.8,OPEN,LOW
PHC-DST-B2-04,PHC-DST-B2-05,DST-B2,2025-02-27,26.9,41.7,OPEN,LOW
PHC-DST-B2-04,PHC-DST-B2-05,DST-B2,2025-02-28,26.9,42.7,OPEN,LOW
PHC-DST-B2-04,PHC-DST-B2-05,DST-B2,2025-03-01,26.9,42.8,OPEN,LOW
PHC-DST-B2-04,PHC-DST-B2-05,DST-B2,2025-03-02,26.9,39.8,OPEN,LOW
PHC-DST-B2-04,PHC-DST-B2-05,DST-B2,2025-03-03,26.9,42.0,OPEN,LOW
PHC-DST-B2-04,PHC-DST-B2-05,DST-B2,2025-03-04,26.9,42.6,OPEN,LOW
PHC-DST-B2-04,PHC-DST-B2-05,DST-B2,2025-03-05,26.9,43.2,OPEN,LOW
PHC-DST-B2-04,PHC-DST-B2-05,DST-B2,2025-03-06,26.9,44.4,OPEN,LOW
PHC-DST-B2-04,PHC-DST-B2-05,DST-B2,2025-03-07,26.9,39.7,OPEN,LOW
PHC-DST-B2-04,PHC-DST-B2-05,DST-B2,2025-03-08,26.9,40.9,OPEN,LOW
PHC-DST-B2-04,PHC-DST-B2-05,DST-B2,2025-03-09,26.9,42.3,OPEN,LOW
PHC-DST-B2-04,PHC-DST-B2-05,DST-B2,2025-03-10,26.9,43.1,OPEN,LOW
PHC-DST-B2-04,PHC-DST-B2-05,DST-B2,2025-03-11,26.9,40.3,OPEN,LOW
PHC-DST-B2-04,PHC-DST-B2-05,DST-B2,2025-03-12,26.9,44.1,OPEN,LOW
PHC-DST-B2-04,PHC-DST-B2-05,DST-B2,2025-03-13,26.9,40.7,OPEN,LOW
PHC-DST-B2-04,PHC-DST-B2-05,DST-B2,2025-03-14,26.9,41.4,OPEN,LOW
PHC-DST-B2-04,PHC-DST-B2-05,DST-B2,2025-03-15,26.9,41.9,OPEN,LOW
PHC-DST-B2-04,PHC-DST-B2-05,DST-B2,2025-03-16,26.9,38.5,OPEN,LOW
PHC-DST-B2-04,PHC-DST-B2-05,DST-B2,2025-03-17,26.9,40.0,OPEN,LOW
PHC-DST-B2-04,PHC-DST-B2-05,DST-B2,2025-03-18,26.9,42.0,OPEN,LOW
PHC-DST-B2-04,PHC-DST-B2-05,DST-B2,2025-03-19,26.9,41.5,OPEN,LOW
PHC-DST-B2-04,PHC-DST-B2-05,DST-B2,2025-03-20,26.9,42.2,OPEN,LOW
PHC-DST-B2-04,PHC-DST-B2-05,DST-B2,2025-03-21,26.9,40.5,OPEN,LOW
PHC-DST-B2-04,PHC-DST-B2-05,DST-B2,2025-03-22,26.9,39.9,OPEN,LOW
PHC-DST-B2-04,PHC-DST-B2-05,DST-B2,2025-03-23,26.9,41.0,OPEN,LOW
PHC-DST-B2-04,PHC-DST-B2-05,DST-B2,2025-03-24,26.9,38.8,OPEN,LOW
PHC-DST-B2-04,PHC-DST-B2-05,DST-B2,2025-03-25,26.9,43.6,OPEN,LOW
PHC-DST-B2-04,PHC-DST-B2-05,DST-B2,2025-03-26,26.9,43.5,OPEN,LOW
PHC-DST-B2-04,PHC-DST-B2-05,DST-B2,2025-03-27,26.9,41.8,OPEN,LOW
PHC-DST-B2-04,PHC-DST-B2-05,DST-B2,2025-03-28,26.9,39.0,OPEN,LOW
PHC-DST-B2-04,PHC-DST-B2-05,DST-B2,2025-03-29,26.9,44.0,OPEN,LOW
PHC-DST-B2-04,PHC-DST-B2-05,DST-B2,2025-03-30,26.9,43.8,OPEN,LOW
PHC-DST-B2-04,PHC-DST-B2-05,DST-B2,2025-03-31,26.9,39.5,OPEN,LOW
PHC-DST-B2-04,PHC-DST-B2-05,DST-B2,2025-04-01,26.9,43.8,OPEN,LOW
PHC-DST-B2-04,PHC-DST-B2-05,DST-B2,2025-04-02,26.9,39.2,OPEN,LOW
PHC-DST-B2-04,PHC-DST-B2-05,DST-B2,2025-04-03,26.9,39.5,OPEN,LOW
PHC-DST-B2-04,PHC-DST-B2-05,DST-B2,2025-04-04,26.9,39.8,OPEN,LOW
PHC-DST-B2-04,PHC-DST-B2-05,DST-B2,2025-04-05,26.9,43.2,OPEN,LOW
PHC-DST-B2-04,PHC-DST-B2-05,DST-B2,2025-04-06,26.9,44.3,OPEN,LOW
PHC-DST-B2-04,PHC-DST-B2-05,DST-B2,2025-04-07,26.9,40.4,OPEN,LOW
PHC-DST-B2-04,PHC-DST-B2-05,DST-B2,2025-04-08,26.9,39.9,OPEN,LOW
PHC-DST-B2-04,PHC-DST-B2-05,DST-B2,2025-04-09,26.9,43.2,OPEN,LOW
PHC-DST-B2-04,PHC-DST-B2-05,DST-B2,2025-04-10,26.9,41.1,OPEN,LOW
PHC-DST-B2-04,PHC-DST-B2-05,DST-B2,2025-04-11,26.9,40.5,OPEN,LOW
PHC-DST-B2-04,PHC-DST-B2-05,DST-B2,2025-04-12,26.9,39.4,OPEN,LOW
PHC-DST-B2-04,PHC-DST-B2-05,DST-B2,2025-04-13,26.9,38.8,OPEN,LOW
PHC-DST-B2-04,PHC-DST-B2-05,DST-B2,2025-04-14,26.9,38.8,OPEN,LOW
PHC-DST-B2-04,PHC-DST-B2-05,DST-B2,2025-04-15,26.9,43.1,OPEN,LOW
PHC-DST-B2-04,PHC-DST-B2-05,DST-B2,2025-04-16,26.9,43.1,OPEN,LOW
PHC-DST-B2-04,PHC-DST-B2-05,DST-B2,2025-04-17,26.9,44.0,OPEN,LOW
PHC-DST-B2-04,PHC-DST-B2-05,DST-B2,2025-04-18,26.9,42.1,OPEN,LOW
PHC-DST-B2-04,PHC-DST-B2-05,DST-B2,2025-04-19,26.9,38.8,OPEN,LOW
PHC-DST-B2-04,PHC-DST-B2-05,DST-B2,2025-04-20,26.9,43.9,OPEN,LOW
PHC-DST-B2-04,PHC-DST-B2-05,DST-B2,2025-04-21,26.9,44.0,OPEN,LOW
PHC-DST-B2-04,PHC-DST-B2-05,DST-B2,2025-04-22,26.9,39.6,OPEN,LOW
PHC-DST-B2-04,PHC-DST-B2-05,DST-B2,2025-04-23,26.9,38.9,OPEN,LOW
PHC-DST-B2-04,PHC-DST-B2-05,DST-B2,2025-04-24,26.9,41.8,OPEN,LOW
PHC-DST-B2-04,PHC-DST-B2-05,DST-B2,2025-04-25,26.9,40.3,OPEN,LOW
PHC-DST-B2-04,PHC-DST-B2-05,DST-B2,2025-04-26,26.9,40.2,OPEN,LOW
PHC-DST-B2-04,PHC-DST-B2-05,DST-B2,2025-04-27,26.9,42.5,OPEN,LOW
PHC-DST-B2-04,PHC-DST-B2-05,DST-B2,2025-04-28,26.9,40.3,OPEN,LOW
PHC-DST-B2-04,PHC-DST-B2-05,DST-B2,2025-04-29,26.9,41.3,OPEN,LOW
PHC-DST-B2-04,PHC-DST-B2-05,DST-B2,2025-04-30,26.9,41.9,OPEN,LOW
PHC-DST-B2-04,PHC-DST-B2-05,DST-B2,2025-05-01,26.9,41.6,OPEN,LOW
PHC-DST-B2-04,PHC-DST-B2-05,DST-B2,2025-05-02,26.9,42.8,OPEN,LOW
PHC-DST-B2-04,PHC-DST-B2-05,DST-B2,2025-05-03,26.9,41.6,OPEN,LOW
PHC-DST-B2-04,PHC-DST-B2-05,DST-B2,2025-05-04,26.9,41.0,OPEN,LOW
PHC-DST-B2-04,PHC-DST-B2-05,DST-B2,2025-05-05,26.9,38.5,OPEN,LOW
PHC-DST-B2-04,PHC-DST-B2-05,DST-B2,2025-05-06,26.9,38.6,OPEN,LOW
PHC-DST-B2-04,PHC-DST-B2-05,DST-B2,2025-05-07,26.9,41.2,OPEN,LOW
PHC-DST-B2-04,PHC-DST-B2-05,DST-B2,2025-05-08,26.9,38.6,OPEN,LOW
PHC-DST-B2-04,PHC-DST-B2-05,DST-B2,2025-05-09,26.9,38.8,OPEN,LOW
PHC-DST-B2-04,PHC-DST-B2-05,DST-B2,2025-05-10,26.9,39.5,OPEN,LOW
PHC-DST-B2-04,PHC-DST-B2-05,DST-B2,2025-05-11,26.9,38.6,OPEN,LOW
PHC-DST-B2-04,PHC-DST-B2-05,DST-B2,2025-05-12,26.9,42.2,OPEN,LOW
PHC-DST-B2-04,PHC-DST-B2-05,DST-B2,2025-05-13,26.9,42.4,OPEN,LOW
PHC-DST-B2-04,PHC-DST-B2-05,DST-B2,2025-05-14,26.9,41.8,OPEN,LOW
PHC-DST-B2-04,PHC-DST-B2-05,DST-B2,2025-05-15,26.9,38.4,OPEN,LOW
PHC-DST-B2-04,PHC-DST-B2-05,DST-B2,2025-05-16,26.9,41.7,OPEN,LOW
PHC-DST-B2-04,PHC-DST-B2-05,DST-B2,2025-05-17,26.9,44.2,OPEN,LOW
PHC-DST-B2-04,PHC-DST-B2-05,DST-B2,2025-05-18,26.9,39.8,OPEN,LOW
PHC-DST-B2-04,PHC-DST-B2-05,DST-B2,2025-05-19,26.9,43.4,OPEN,LOW
PHC-DST-B2-04,PHC-DST-B2-05,DST-B2,2025-05-20,26.9,38.7,OPEN,LOW
PHC-DST-B2-04,PHC-DST-B2-05,DST-B2,2025-05-21,26.9,42.4,OPEN,LOW
PHC-DST-B2-04,PHC-DST-B2-05,DST-B2,2025-05-22,26.9,41.0,OPEN,LOW
PHC-DST-B2-04,PHC-DST-B2-05,DST-B2,2025-05-23,26.9,43.8,OPEN,LOW
PHC-DST-B2-04,PHC-DST-B2-05,DST-B2,2025-05-24,26.9,41.5,OPEN,LOW
PHC-DST-B2-04,PHC-DST-B2-05,DST-B2,2025-05-25,26.9,40.2,OPEN,LOW
PHC-DST-B2-04,PHC-DST-B2-05,DST-B2,2025-05-26,26.9,38.6,OPEN,LOW
PHC-DST-B2-04,PHC-DST-B2-05,DST-B2,2025-05-27,26.9,38.8,OPEN,LOW
PHC-DST-B2-04,PHC-DST-B2-05,DST-B2,2025-05-28,26.9,39.8,OPEN,LOW
PHC-DST-B2-04,PHC-DST-B2-05,DST-B2,2025-05-29,26.9,41.2,OPEN,LOW
PHC-DST-B2-04,PHC-DST-B2-05,DST-B2,2025-05-30,26.9,41.0,OPEN,LOW
PHC-DST-B2-04,PHC-DST-B2-05,DST-B2,2025-05-31,26.9,41.3,OPEN,LOW
PHC-DST-B2-04,PHC-DST-B2-05,DST-B2,2025-06-01,26.9,42.7,OPEN,LOW
PHC-DST-B2-04,PHC-DST-B2-05,DST-B2,2025-06-02,26.9,43.3,OPEN,LOW
PHC-DST-B2-04,PHC-DST-B2-05,DST-B2,2025-06-03,26.9,40.7,OPEN,LOW
PHC-DST-B2-04,PHC-DST-B2-05,DST-B2,2025-06-04,26.9,41.3,OPEN,LOW
PHC-DST-B2-04,PHC-DST-B2-05,DST-B2,2025-06-05,26.9,39.8,OPEN,LOW
PHC-DST-B2-04,PHC-DST-B2-05,DST-B2,2025-06-06,26.9,40.7,OPEN,LOW
PHC-DST-B2-04,PHC-DST-B2-05,DST-B2,2025-06-07,26.9,44.2,OPEN,LOW
PHC-DST-B2-04,PHC-DST-B2-05,DST-B2,2025-06-08,26.9,40.4,OPEN,LOW
PHC-DST-B2-04,PHC-DST-B2-05,DST-B2,2025-06-09,26.9,42.9,OPEN,LOW
PHC-DST-B2-04,PHC-DST-B2-05,DST-B2,2025-06-10,26.9,41.2,OPEN,LOW
PHC-DST-B2-04,PHC-DST-B2-05,DST-B2,2025-06-11,26.9,40.2,OPEN,LOW
PHC-DST-B2-04,PHC-DST-B2-05,DST-B2,2025-06-12,26.9,40.9,OPEN,LOW
PHC-DST-B2-04,PHC-DST-B2-05,DST-B2,2025-06-13,26.9,38.7,OPEN,LOW
PHC-DST-B2-04,PHC-DST-B2-05,DST-B2,2025-06-14,26.9,42.9,OPEN,LOW
PHC-DST-B2-04,PHC-DST-B2-05,DST-B2,2025-06-15,26.9,42.8,OPEN,LOW
PHC-DST-B2-04,PHC-DST-B2-05,DST-B2,2025-06-16,26.9,43.2,OPEN,LOW
PHC-DST-B2-04,PHC-DST-B2-05,DST-B2,2025-06-17,26.9,43.2,OPEN,LOW
PHC-DST-B2-04,PHC-DST-B2-05,DST-B2,2025-06-18,26.9,39.1,OPEN,LOW
PHC-DST-B2-04,PHC-DST-B2-05,DST-B2,2025-06-19,26.9,41.2,OPEN,LOW
PHC-DST-B2-04,PHC-DST-B2-05,DST-B2,2025-06-20,26.9,41.7,OPEN,LOW
PHC-DST-B2-04,PHC-DST-B2-05,DST-B2,2025-06-21,26.9,41.6,OPEN,LOW
PHC-DST-B2-04,PHC-DST-B2-05,DST-B2,2025-06-22,26.9,43.0,OPEN,LOW
PHC-DST-B2-04,PHC-DST-B2-05,DST-B2,2025-06-23,26.9,42.1,OPEN,LOW
PHC-DST-B2-04,PHC-DST-B2-05,DST-B2,2025-06-24,26.9,38.9,OPEN,LOW
PHC-DST-B2-04,PHC-DST-B2-05,DST-B2,2025-06-25,26.9,40.6,OPEN,LOW
PHC-DST-B2-04,PHC-DST-B2-05,DST-B2,2025-06-26,26.9,40.8,OPEN,LOW
PHC-DST-B2-04,PHC-DST-B2-05,DST-B2,2025-06-27,26.9,42.7,OPEN,LOW
PHC-DST-B2-04,PHC-DST-B2-05,DST-B2,2025-06-28,26.9,42.3,OPEN,LOW
PHC-DST-B2-04,PHC-DST-B2-05,DST-B2,2025-06-29,26.9,44.1,OPEN,LOW
PHC-DST-B2-04,PHC-DST-B2-05,DST-B2,2025-06-30,26.9,39.3,OPEN,LOW
PHC-DST-B2-05,PHC-DST-B2-06,DST-B2,2024-07-01,33.3,51.7,OPEN,LOW
PHC-DST-B2-05,PHC-DST-B2-06,DST-B2,2024-07-02,33.3,52.8,OPEN,LOW
PHC-DST-B2-05,PHC-DST-B2-06,DST-B2,2024-07-03,33.3,96.9,DEGRADED,MODERATE
PHC-DST-B2-05,PHC-DST-B2-06,DST-B2,2024-07-04,33.3,99.8,DEGRADED,MODERATE
PHC-DST-B2-05,PHC-DST-B2-06,DST-B2,2024-07-05,33.3,51.0,OPEN,LOW
PHC-DST-B2-05,PHC-DST-B2-06,DST-B2,2024-07-06,33.3,91.6,DEGRADED,MODERATE
PHC-DST-B2-05,PHC-DST-B2-06,DST-B2,2024-07-07,33.3,52.0,OPEN,LOW
PHC-DST-B2-05,PHC-DST-B2-06,DST-B2,2024-07-08,33.3,49.9,OPEN,LOW
PHC-DST-B2-05,PHC-DST-B2-06,DST-B2,2024-07-09,33.3,51.9,OPEN,LOW
PHC-DST-B2-05,PHC-DST-B2-06,DST-B2,2024-07-10,33.3,52.3,OPEN,LOW
PHC-DST-B2-05,PHC-DST-B2-06,DST-B2,2024-07-11,33.3,96.8,DEGRADED,MODERATE
PHC-DST-B2-05,PHC-DST-B2-06,DST-B2,2024-07-12,33.3,53.7,OPEN,LOW
PHC-DST-B2-05,PHC-DST-B2-06,DST-B2,2024-07-13,33.3,87.8,DEGRADED,LOW
PHC-DST-B2-05,PHC-DST-B2-06,DST-B2,2024-07-14,33.3,54.2,OPEN,LOW
PHC-DST-B2-05,PHC-DST-B2-06,DST-B2,2024-07-15,33.3,50.1,OPEN,LOW
PHC-DST-B2-05,PHC-DST-B2-06,DST-B2,2024-07-16,33.3,53.7,OPEN,LOW
PHC-DST-B2-05,PHC-DST-B2-06,DST-B2,2024-07-17,33.3,49.6,OPEN,LOW
PHC-DST-B2-05,PHC-DST-B2-06,DST-B2,2024-07-18,33.3,51.5,OPEN,LOW
PHC-DST-B2-05,PHC-DST-B2-06,DST-B2,2024-07-19,33.3,50.7,OPEN,LOW
PHC-DST-B2-05,PHC-DST-B2-06,DST-B2,2024-07-20,33.3,48.2,OPEN,LOW
PHC-DST-B2-05,PHC-DST-B2-06,DST-B2,2024-07-21,33.3,53.4,OPEN,LOW
PHC-DST-B2-05,PHC-DST-B2-06,DST-B2,2024-07-22,33.3,47.7,OPEN,LOW
PHC-DST-B2-05,PHC-DST-B2-06,DST-B2,2024-07-23,33.3,51.7,OPEN,LOW
PHC-DST-B2-05,PHC-DST-B2-06,DST-B2,2024-07-24,33.3,51.6,OPEN,LOW
PHC-DST-B2-05,PHC-DST-B2-06,DST-B2,2024-07-25,33.3,51.5,OPEN,LOW
PHC-DST-B2-05,PHC-DST-B2-06,DST-B2,2024-07-26,33.3,49.2,OPEN,LOW
PHC-DST-B2-05,PHC-DST-B2-06,DST-B2,2024-07-27,33.3,49.9,OPEN,LOW
PHC-DST-B2-05,PHC-DST-B2-06,DST-B2,2024-07-28,33.3,50.7,OPEN,LOW
PHC-DST-B2-05,PHC-DST-B2-06,DST-B2,2024-07-29,33.3,70.4,DEGRADED,MODERATE
PHC-DST-B2-05,PHC-DST-B2-06,DST-B2,2024-07-30,33.3,99.5,DEGRADED,LOW
PHC-DST-B2-05,PHC-DST-B2-06,DST-B2,2024-07-31,33.3,51.0,OPEN,LOW
PHC-DST-B2-05,PHC-DST-B2-06,DST-B2,2024-08-01,33.3,53.3,OPEN,LOW
PHC-DST-B2-05,PHC-DST-B2-06,DST-B2,2024-08-02,33.3,50.6,OPEN,LOW
PHC-DST-B2-05,PHC-DST-B2-06,DST-B2,2024-08-03,33.3,53.0,OPEN,LOW
PHC-DST-B2-05,PHC-DST-B2-06,DST-B2,2024-08-04,33.3,53.4,OPEN,LOW
PHC-DST-B2-05,PHC-DST-B2-06,DST-B2,2024-08-05,33.3,51.0,OPEN,LOW
PHC-DST-B2-05,PHC-DST-B2-06,DST-B2,2024-08-06,33.3,47.7,OPEN,LOW
PHC-DST-B2-05,PHC-DST-B2-06,DST-B2,2024-08-07,33.3,50.5,OPEN,LOW
PHC-DST-B2-05,PHC-DST-B2-06,DST-B2,2024-08-08,33.3,98.8,DEGRADED,MODERATE
PHC-DST-B2-05,PHC-DST-B2-06,DST-B2,2024-08-09,33.3,51.1,OPEN,LOW
PHC-DST-B2-05,PHC-DST-B2-06,DST-B2,2024-08-10,33.3,50.5,OPEN,LOW
PHC-DST-B2-05,PHC-DST-B2-06,DST-B2,2024-08-11,33.3,70.2,DEGRADED,MODERATE
PHC-DST-B2-05,PHC-DST-B2-06,DST-B2,2024-08-12,33.3,48.5,OPEN,LOW
PHC-DST-B2-05,PHC-DST-B2-06,DST-B2,2024-08-13,33.3,48.9,OPEN,LOW
PHC-DST-B2-05,PHC-DST-B2-06,DST-B2,2024-08-14,33.3,53.8,OPEN,LOW
PHC-DST-B2-05,PHC-DST-B2-06,DST-B2,2024-08-15,33.3,49.0,OPEN,LOW
PHC-DST-B2-05,PHC-DST-B2-06,DST-B2,2024-08-16,33.3,47.5,OPEN,LOW
PHC-DST-B2-05,PHC-DST-B2-06,DST-B2,2024-08-17,33.3,50.0,OPEN,LOW
PHC-DST-B2-05,PHC-DST-B2-06,DST-B2,2024-08-18,33.3,51.6,OPEN,LOW
PHC-DST-B2-05,PHC-DST-B2-06,DST-B2,2024-08-19,33.3,148.5,DEGRADED,SEVERE
PHC-DST-B2-05,PHC-DST-B2-06,DST-B2,2024-08-20,33.3,261.6,BLOCKED,SEVERE
PHC-DST-B2-05,PHC-DST-B2-06,DST-B2,2024-08-21,33.3,49.4,OPEN,LOW
PHC-DST-B2-05,PHC-DST-B2-06,DST-B2,2024-08-22,33.3,50.4,OPEN,LOW
PHC-DST-B2-05,PHC-DST-B2-06,DST-B2,2024-08-23,33.3,48.4,OPEN,LOW
PHC-DST-B2-05,PHC-DST-B2-06,DST-B2,2024-08-24,33.3,48.2,OPEN,LOW
PHC-DST-B2-05,PHC-DST-B2-06,DST-B2,2024-08-25,33.3,97.4,DEGRADED,LOW
PHC-DST-B2-05,PHC-DST-B2-06,DST-B2,2024-08-26,33.3,51.5,OPEN,LOW
PHC-DST-B2-05,PHC-DST-B2-06,DST-B2,2024-08-27,33.3,52.8,OPEN,LOW
PHC-DST-B2-05,PHC-DST-B2-06,DST-B2,2024-08-28,33.3,51.0,OPEN,LOW
PHC-DST-B2-05,PHC-DST-B2-06,DST-B2,2024-08-29,33.3,51.0,OPEN,LOW
PHC-DST-B2-05,PHC-DST-B2-06,DST-B2,2024-08-30,33.3,54.0,OPEN,LOW
PHC-DST-B2-05,PHC-DST-B2-06,DST-B2,2024-08-31,33.3,48.1,OPEN,LOW
PHC-DST-B2-05,PHC-DST-B2-06,DST-B2,2024-09-01,33.3,53.7,OPEN,LOW
PHC-DST-B2-05,PHC-DST-B2-06,DST-B2,2024-09-02,33.3,53.3,OPEN,LOW
PHC-DST-B2-05,PHC-DST-B2-06,DST-B2,2024-09-03,33.3,49.0,OPEN,LOW
PHC-DST-B2-05,PHC-DST-B2-06,DST-B2,2024-09-04,33.3,49.3,OPEN,LOW
PHC-DST-B2-05,PHC-DST-B2-06,DST-B2,2024-09-05,33.3,48.2,OPEN,LOW
PHC-DST-B2-05,PHC-DST-B2-06,DST-B2,2024-09-06,33.3,98.6,DEGRADED,MODERATE
PHC-DST-B2-05,PHC-DST-B2-06,DST-B2,2024-09-07,33.3,88.4,DEGRADED,MODERATE
PHC-DST-B2-05,PHC-DST-B2-06,DST-B2,2024-09-08,33.3,96.8,DEGRADED,MODERATE
PHC-DST-B2-05,PHC-DST-B2-06,DST-B2,2024-09-09,33.3,48.2,OPEN,LOW
PHC-DST-B2-05,PHC-DST-B2-06,DST-B2,2024-09-10,33.3,262.4,BLOCKED,MODERATE
PHC-DST-B2-05,PHC-DST-B2-06,DST-B2,2024-09-11,33.3,52.4,OPEN,LOW
PHC-DST-B2-05,PHC-DST-B2-06,DST-B2,2024-09-12,33.3,52.8,OPEN,LOW
PHC-DST-B2-05,PHC-DST-B2-06,DST-B2,2024-09-13,33.3,52.8,OPEN,LOW
PHC-DST-B2-05,PHC-DST-B2-06,DST-B2,2024-09-14,33.3,54.0,OPEN,LOW
PHC-DST-B2-05,PHC-DST-B2-06,DST-B2,2024-09-15,33.3,76.5,DEGRADED,MODERATE
PHC-DST-B2-05,PHC-DST-B2-06,DST-B2,2024-09-16,33.3,52.4,OPEN,LOW
PHC-DST-B2-05,PHC-DST-B2-06,DST-B2,2024-09-17,33.3,71.9,DEGRADED,MODERATE
PHC-DST-B2-05,PHC-DST-B2-06,DST-B2,2024-09-18,33.3,47.5,OPEN,LOW
PHC-DST-B2-05,PHC-DST-B2-06,DST-B2,2024-09-19,33.3,54.2,OPEN,LOW
PHC-DST-B2-05,PHC-DST-B2-06,DST-B2,2024-09-20,33.3,49.7,OPEN,LOW
PHC-DST-B2-05,PHC-DST-B2-06,DST-B2,2024-09-21,33.3,49.5,OPEN,LOW
PHC-DST-B2-05,PHC-DST-B2-06,DST-B2,2024-09-22,33.3,80.9,DEGRADED,MODERATE
PHC-DST-B2-05,PHC-DST-B2-06,DST-B2,2024-09-23,33.3,87.9,DEGRADED,MODERATE
PHC-DST-B2-05,PHC-DST-B2-06,DST-B2,2024-09-24,33.3,48.9,OPEN,LOW
PHC-DST-B2-05,PHC-DST-B2-06,DST-B2,2024-09-25,33.3,153.8,DEGRADED,MODERATE
PHC-DST-B2-05,PHC-DST-B2-06,DST-B2,2024-09-26,33.3,53.4,OPEN,LOW
PHC-DST-B2-05,PHC-DST-B2-06,DST-B2,2024-09-27,33.3,73.0,DEGRADED,MODERATE
PHC-DST-B2-05,PHC-DST-B2-06,DST-B2,2024-09-28,33.3,74.6,DEGRADED,MODERATE
PHC-DST-B2-05,PHC-DST-B2-06,DST-B2,2024-09-29,33.3,52.7,OPEN,LOW
PHC-DST-B2-05,PHC-DST-B2-06,DST-B2,2024-09-30,33.3,48.9,OPEN,LOW
PHC-DST-B2-05,PHC-DST-B2-06,DST-B2,2024-10-01,33.3,47.9,OPEN,LOW
PHC-DST-B2-05,PHC-DST-B2-06,DST-B2,2024-10-02,33.3,54.2,OPEN,LOW
PHC-DST-B2-05,PHC-DST-B2-06,DST-B2,2024-10-03,33.3,48.3,OPEN,LOW
PHC-DST-B2-05,PHC-DST-B2-06,DST-B2,2024-10-04,33.3,53.3,OPEN,LOW
PHC-DST-B2-05,PHC-DST-B2-06,DST-B2,2024-10-05,33.3,54.5,OPEN,LOW
PHC-DST-B2-05,PHC-DST-B2-06,DST-B2,2024-10-06,33.3,47.7,OPEN,LOW
PHC-DST-B2-05,PHC-DST-B2-06,DST-B2,2024-10-07,33.3,47.6,OPEN,LOW
PHC-DST-B2-05,PHC-DST-B2-06,DST-B2,2024-10-08,33.3,49.0,OPEN,LOW
PHC-DST-B2-05,PHC-DST-B2-06,DST-B2,2024-10-09,33.3,51.6,OPEN,LOW
PHC-DST-B2-05,PHC-DST-B2-06,DST-B2,2024-10-10,33.3,51.2,OPEN,LOW
PHC-DST-B2-05,PHC-DST-B2-06,DST-B2,2024-10-11,33.3,51.3,OPEN,LOW
PHC-DST-B2-05,PHC-DST-B2-06,DST-B2,2024-10-12,33.3,50.1,OPEN,LOW
PHC-DST-B2-05,PHC-DST-B2-06,DST-B2,2024-10-13,33.3,53.3,OPEN,LOW
PHC-DST-B2-05,PHC-DST-B2-06,DST-B2,2024-10-14,33.3,53.6,OPEN,LOW
PHC-DST-B2-05,PHC-DST-B2-06,DST-B2,2024-10-15,33.3,48.2,OPEN,LOW
PHC-DST-B2-05,PHC-DST-B2-06,DST-B2,2024-10-16,33.3,47.4,OPEN,LOW
PHC-DST-B2-05,PHC-DST-B2-06,DST-B2,2024-10-17,33.3,51.6,OPEN,LOW
PHC-DST-B2-05,PHC-DST-B2-06,DST-B2,2024-10-18,33.3,50.6,OPEN,LOW
PHC-DST-B2-05,PHC-DST-B2-06,DST-B2,2024-10-19,33.3,53.7,OPEN,LOW
PHC-DST-B2-05,PHC-DST-B2-06,DST-B2,2024-10-20,33.3,53.0,OPEN,LOW
PHC-DST-B2-05,PHC-DST-B2-06,DST-B2,2024-10-21,33.3,54.4,OPEN,LOW
PHC-DST-B2-05,PHC-DST-B2-06,DST-B2,2024-10-22,33.3,52.1,OPEN,LOW
PHC-DST-B2-05,PHC-DST-B2-06,DST-B2,2024-10-23,33.3,49.9,OPEN,LOW
PHC-DST-B2-05,PHC-DST-B2-06,DST-B2,2024-10-24,33.3,49.4,OPEN,LOW
PHC-DST-B2-05,PHC-DST-B2-06,DST-B2,2024-10-25,33.3,50.2,OPEN,LOW
PHC-DST-B2-05,PHC-DST-B2-06,DST-B2,2024-10-26,33.3,53.4,OPEN,LOW
PHC-DST-B2-05,PHC-DST-B2-06,DST-B2,2024-10-27,33.3,49.3,OPEN,LOW
PHC-DST-B2-05,PHC-DST-B2-06,DST-B2,2024-10-28,33.3,47.8,OPEN,LOW
PHC-DST-B2-05,PHC-DST-B2-06,DST-B2,2024-10-29,33.3,50.8,OPEN,LOW
PHC-DST-B2-05,PHC-DST-B2-06,DST-B2,2024-10-30,33.3,54.3,OPEN,LOW
PHC-DST-B2-05,PHC-DST-B2-06,DST-B2,2024-10-31,33.3,49.2,OPEN,LOW
PHC-DST-B2-05,PHC-DST-B2-06,DST-B2,2024-11-01,33.3,50.1,OPEN,LOW
PHC-DST-B2-05,PHC-DST-B2-06,DST-B2,2024-11-02,33.3,54.5,OPEN,LOW
PHC-DST-B2-05,PHC-DST-B2-06,DST-B2,2024-11-03,33.3,50.6,OPEN,LOW
PHC-DST-B2-05,PHC-DST-B2-06,DST-B2,2024-11-04,33.3,49.4,OPEN,LOW
PHC-DST-B2-05,PHC-DST-B2-06,DST-B2,2024-11-05,33.3,53.8,OPEN,LOW
PHC-DST-B2-05,PHC-DST-B2-06,DST-B2,2024-11-06,33.3,52.0,OPEN,LOW
PHC-DST-B2-05,PHC-DST-B2-06,DST-B2,2024-11-07,33.3,48.7,OPEN,LOW
PHC-DST-B2-05,PHC-DST-B2-06,DST-B2,2024-11-08,33.3,54.3,OPEN,LOW
PHC-DST-B2-05,PHC-DST-B2-06,DST-B2,2024-11-09,33.3,52.4,OPEN,LOW
PHC-DST-B2-05,PHC-DST-B2-06,DST-B2,2024-11-10,33.3,51.7,OPEN,LOW
PHC-DST-B2-05,PHC-DST-B2-06,DST-B2,2024-11-11,33.3,51.1,OPEN,LOW
PHC-DST-B2-05,PHC-DST-B2-06,DST-B2,2024-11-12,33.3,49.8,OPEN,LOW
PHC-DST-B2-05,PHC-DST-B2-06,DST-B2,2024-11-13,33.3,47.6,OPEN,LOW
PHC-DST-B2-05,PHC-DST-B2-06,DST-B2,2024-11-14,33.3,48.2,OPEN,LOW
PHC-DST-B2-05,PHC-DST-B2-06,DST-B2,2024-11-15,33.3,51.6,OPEN,LOW
PHC-DST-B2-05,PHC-DST-B2-06,DST-B2,2024-11-16,33.3,54.9,OPEN,LOW
PHC-DST-B2-05,PHC-DST-B2-06,DST-B2,2024-11-17,33.3,52.9,OPEN,LOW
PHC-DST-B2-05,PHC-DST-B2-06,DST-B2,2024-11-18,33.3,53.7,OPEN,LOW
PHC-DST-B2-05,PHC-DST-B2-06,DST-B2,2024-11-19,33.3,53.8,OPEN,LOW
PHC-DST-B2-05,PHC-DST-B2-06,DST-B2,2024-11-20,33.3,50.4,OPEN,LOW
PHC-DST-B2-05,PHC-DST-B2-06,DST-B2,2024-11-21,33.3,47.9,OPEN,LOW
PHC-DST-B2-05,PHC-DST-B2-06,DST-B2,2024-11-22,33.3,49.2,OPEN,LOW
PHC-DST-B2-05,PHC-DST-B2-06,DST-B2,2024-11-23,33.3,48.5,OPEN,LOW
PHC-DST-B2-05,PHC-DST-B2-06,DST-B2,2024-11-24,33.3,54.7,OPEN,LOW
PHC-DST-B2-05,PHC-DST-B2-06,DST-B2,2024-11-25,33.3,53.1,OPEN,LOW
PHC-DST-B2-05,PHC-DST-B2-06,DST-B2,2024-11-26,33.3,52.6,OPEN,LOW
PHC-DST-B2-05,PHC-DST-B2-06,DST-B2,2024-11-27,33.3,50.7,OPEN,LOW
PHC-DST-B2-05,PHC-DST-B2-06,DST-B2,2024-11-28,33.3,47.7,OPEN,LOW
PHC-DST-B2-05,PHC-DST-B2-06,DST-B2,2024-11-29,33.3,53.0,OPEN,LOW
PHC-DST-B2-05,PHC-DST-B2-06,DST-B2,2024-11-30,33.3,47.6,OPEN,LOW
PHC-DST-B2-05,PHC-DST-B2-06,DST-B2,2024-12-01,33.3,49.4,OPEN,LOW
PHC-DST-B2-05,PHC-DST-B2-06,DST-B2,2024-12-02,33.3,51.5,OPEN,LOW
PHC-DST-B2-05,PHC-DST-B2-06,DST-B2,2024-12-03,33.3,52.9,OPEN,LOW
PHC-DST-B2-05,PHC-DST-B2-06,DST-B2,2024-12-04,33.3,50.1,OPEN,LOW
PHC-DST-B2-05,PHC-DST-B2-06,DST-B2,2024-12-05,33.3,49.5,OPEN,LOW
PHC-DST-B2-05,PHC-DST-B2-06,DST-B2,2024-12-06,33.3,48.3,OPEN,LOW
PHC-DST-B2-05,PHC-DST-B2-06,DST-B2,2024-12-07,33.3,50.7,OPEN,LOW
PHC-DST-B2-05,PHC-DST-B2-06,DST-B2,2024-12-08,33.3,47.5,OPEN,LOW
PHC-DST-B2-05,PHC-DST-B2-06,DST-B2,2024-12-09,33.3,51.7,OPEN,LOW
PHC-DST-B2-05,PHC-DST-B2-06,DST-B2,2024-12-10,33.3,51.3,OPEN,LOW
PHC-DST-B2-05,PHC-DST-B2-06,DST-B2,2024-12-11,33.3,47.5,OPEN,LOW
PHC-DST-B2-05,PHC-DST-B2-06,DST-B2,2024-12-12,33.3,50.7,OPEN,LOW
PHC-DST-B2-05,PHC-DST-B2-06,DST-B2,2024-12-13,33.3,50.3,OPEN,LOW
PHC-DST-B2-05,PHC-DST-B2-06,DST-B2,2024-12-14,33.3,52.8,OPEN,LOW
PHC-DST-B2-05,PHC-DST-B2-06,DST-B2,2024-12-15,33.3,53.5,OPEN,LOW
PHC-DST-B2-05,PHC-DST-B2-06,DST-B2,2024-12-16,33.3,48.5,OPEN,LOW
PHC-DST-B2-05,PHC-DST-B2-06,DST-B2,2024-12-17,33.3,51.2,OPEN,LOW
PHC-DST-B2-05,PHC-DST-B2-06,DST-B2,2024-12-18,33.3,47.5,OPEN,LOW
PHC-DST-B2-05,PHC-DST-B2-06,DST-B2,2024-12-19,33.3,51.3,OPEN,LOW
PHC-DST-B2-05,PHC-DST-B2-06,DST-B2,2024-12-20,33.3,49.3,OPEN,LOW
PHC-DST-B2-05,PHC-DST-B2-06,DST-B2,2024-12-21,33.3,51.9,OPEN,LOW
PHC-DST-B2-05,PHC-DST-B2-06,DST-B2,2024-12-22,33.3,52.1,OPEN,LOW
PHC-DST-B2-05,PHC-DST-B2-06,DST-B2,2024-12-23,33.3,49.4,OPEN,LOW
PHC-DST-B2-05,PHC-DST-B2-06,DST-B2,2024-12-24,33.3,51.9,OPEN,LOW
PHC-DST-B2-05,PHC-DST-B2-06,DST-B2,2024-12-25,33.3,51.7,OPEN,LOW
PHC-DST-B2-05,PHC-DST-B2-06,DST-B2,2024-12-26,33.3,50.7,OPEN,LOW
PHC-DST-B2-05,PHC-DST-B2-06,DST-B2,2024-12-27,33.3,54.7,OPEN,LOW
PHC-DST-B2-05,PHC-DST-B2-06,DST-B2,2024-12-28,33.3,51.0,OPEN,LOW
PHC-DST-B2-05,PHC-DST-B2-06,DST-B2,2024-12-29,33.3,49.5,OPEN,LOW
PHC-DST-B2-05,PHC-DST-B2-06,DST-B2,2024-12-30,33.3,52.1,OPEN,LOW
PHC-DST-B2-05,PHC-DST-B2-06,DST-B2,2024-12-31,33.3,51.9,OPEN,LOW
PHC-DST-B2-05,PHC-DST-B2-06,DST-B2,2025-01-01,33.3,52.1,OPEN,LOW
PHC-DST-B2-05,PHC-DST-B2-06,DST-B2,2025-01-02,33.3,53.1,OPEN,LOW
PHC-DST-B2-05,PHC-DST-B2-06,DST-B2,2025-01-03,33.3,49.3,OPEN,LOW
PHC-DST-B2-05,PHC-DST-B2-06,DST-B2,2025-01-04,33.3,48.9,OPEN,LOW
PHC-DST-B2-05,PHC-DST-B2-06,DST-B2,2025-01-05,33.3,53.8,OPEN,LOW
PHC-DST-B2-05,PHC-DST-B2-06,DST-B2,2025-01-06,33.3,53.2,OPEN,LOW
PHC-DST-B2-05,PHC-DST-B2-06,DST-B2,2025-01-07,33.3,49.1,OPEN,LOW
PHC-DST-B2-05,PHC-DST-B2-06,DST-B2,2025-01-08,33.3,48.0,OPEN,LOW
PHC-DST-B2-05,PHC-DST-B2-06,DST-B2,2025-01-09,33.3,47.6,OPEN,LOW
PHC-DST-B2-05,PHC-DST-B2-06,DST-B2,2025-01-10,33.3,48.1,OPEN,LOW
PHC-DST-B2-05,PHC-DST-B2-06,DST-B2,2025-01-11,33.3,53.2,OPEN,LOW
PHC-DST-B2-05,PHC-DST-B2-06,DST-B2,2025-01-12,33.3,52.7,OPEN,LOW
PHC-DST-B2-05,PHC-DST-B2-06,DST-B2,2025-01-13,33.3,51.6,OPEN,LOW
PHC-DST-B2-05,PHC-DST-B2-06,DST-B2,2025-01-14,33.3,47.7,OPEN,LOW
PHC-DST-B2-05,PHC-DST-B2-06,DST-B2,2025-01-15,33.3,50.0,OPEN,LOW
PHC-DST-B2-05,PHC-DST-B2-06,DST-B2,2025-01-16,33.3,51.8,OPEN,LOW
PHC-DST-B2-05,PHC-DST-B2-06,DST-B2,2025-01-17,33.3,52.3,OPEN,LOW
PHC-DST-B2-05,PHC-DST-B2-06,DST-B2,2025-01-18,33.3,49.4,OPEN,LOW
PHC-DST-B2-05,PHC-DST-B2-06,DST-B2,2025-01-19,33.3,47.6,OPEN,LOW
PHC-DST-B2-05,PHC-DST-B2-06,DST-B2,2025-01-20,33.3,52.3,OPEN,LOW
PHC-DST-B2-05,PHC-DST-B2-06,DST-B2,2025-01-21,33.3,54.8,OPEN,LOW
PHC-DST-B2-05,PHC-DST-B2-06,DST-B2,2025-01-22,33.3,51.0,OPEN,LOW
PHC-DST-B2-05,PHC-DST-B2-06,DST-B2,2025-01-23,33.3,49.6,OPEN,LOW
PHC-DST-B2-05,PHC-DST-B2-06,DST-B2,2025-01-24,33.3,54.5,OPEN,LOW
PHC-DST-B2-05,PHC-DST-B2-06,DST-B2,2025-01-25,33.3,47.6,OPEN,LOW
PHC-DST-B2-05,PHC-DST-B2-06,DST-B2,2025-01-26,33.3,52.9,OPEN,LOW
PHC-DST-B2-05,PHC-DST-B2-06,DST-B2,2025-01-27,33.3,48.3,OPEN,LOW
PHC-DST-B2-05,PHC-DST-B2-06,DST-B2,2025-01-28,33.3,51.6,OPEN,LOW
PHC-DST-B2-05,PHC-DST-B2-06,DST-B2,2025-01-29,33.3,49.7,OPEN,LOW
PHC-DST-B2-05,PHC-DST-B2-06,DST-B2,2025-01-30,33.3,48.8,OPEN,LOW
PHC-DST-B2-05,PHC-DST-B2-06,DST-B2,2025-01-31,33.3,51.8,OPEN,LOW
PHC-DST-B2-05,PHC-DST-B2-06,DST-B2,2025-02-01,33.3,54.6,OPEN,LOW
PHC-DST-B2-05,PHC-DST-B2-06,DST-B2,2025-02-02,33.3,50.1,OPEN,LOW
PHC-DST-B2-05,PHC-DST-B2-06,DST-B2,2025-02-03,33.3,50.4,OPEN,LOW
PHC-DST-B2-05,PHC-DST-B2-06,DST-B2,2025-02-04,33.3,53.8,OPEN,LOW
PHC-DST-B2-05,PHC-DST-B2-06,DST-B2,2025-02-05,33.3,50.5,OPEN,LOW
PHC-DST-B2-05,PHC-DST-B2-06,DST-B2,2025-02-06,33.3,49.4,OPEN,LOW
PHC-DST-B2-05,PHC-DST-B2-06,DST-B2,2025-02-07,33.3,47.5,OPEN,LOW
PHC-DST-B2-05,PHC-DST-B2-06,DST-B2,2025-02-08,33.3,54.4,OPEN,LOW
PHC-DST-B2-05,PHC-DST-B2-06,DST-B2,2025-02-09,33.3,48.8,OPEN,LOW
PHC-DST-B2-05,PHC-DST-B2-06,DST-B2,2025-02-10,33.3,54.4,OPEN,LOW
PHC-DST-B2-05,PHC-DST-B2-06,DST-B2,2025-02-11,33.3,50.3,OPEN,LOW
PHC-DST-B2-05,PHC-DST-B2-06,DST-B2,2025-02-12,33.3,52.7,OPEN,LOW
PHC-DST-B2-05,PHC-DST-B2-06,DST-B2,2025-02-13,33.3,52.7,OPEN,LOW
PHC-DST-B2-05,PHC-DST-B2-06,DST-B2,2025-02-14,33.3,52.0,OPEN,LOW
PHC-DST-B2-05,PHC-DST-B2-06,DST-B2,2025-02-15,33.3,50.3,OPEN,LOW
PHC-DST-B2-05,PHC-DST-B2-06,DST-B2,2025-02-16,33.3,47.8,OPEN,LOW
PHC-DST-B2-05,PHC-DST-B2-06,DST-B2,2025-02-17,33.3,53.1,OPEN,LOW
PHC-DST-B2-05,PHC-DST-B2-06,DST-B2,2025-02-18,33.3,50.8,OPEN,LOW
PHC-DST-B2-05,PHC-DST-B2-06,DST-B2,2025-02-19,33.3,49.1,OPEN,LOW
PHC-DST-B2-05,PHC-DST-B2-06,DST-B2,2025-02-20,33.3,48.8,OPEN,LOW
PHC-DST-B2-05,PHC-DST-B2-06,DST-B2,2025-02-21,33.3,52.6,OPEN,LOW
PHC-DST-B2-05,PHC-DST-B2-06,DST-B2,2025-02-22,33.3,49.0,OPEN,LOW
PHC-DST-B2-05,PHC-DST-B2-06,DST-B2,2025-02-23,33.3,48.8,OPEN,LOW
PHC-DST-B2-05,PHC-DST-B2-06,DST-B2,2025-02-24,33.3,51.2,OPEN,LOW
PHC-DST-B2-05,PHC-DST-B2-06,DST-B2,2025-02-25,33.3,53.8,OPEN,LOW
PHC-DST-B2-05,PHC-DST-B2-06,DST-B2,2025-02-26,33.3,53.2,OPEN,LOW
PHC-DST-B2-05,PHC-DST-B2-06,DST-B2,2025-02-27,33.3,49.0,OPEN,LOW
PHC-DST-B2-05,PHC-DST-B2-06,DST-B2,2025-02-28,33.3,48.3,OPEN,LOW
PHC-DST-B2-05,PHC-DST-B2-06,DST-B2,2025-03-01,33.3,47.5,OPEN,LOW
PHC-DST-B2-05,PHC-DST-B2-06,DST-B2,2025-03-02,33.3,49.6,OPEN,LOW
PHC-DST-B2-05,PHC-DST-B2-06,DST-B2,2025-03-03,33.3,51.2,OPEN,LOW
PHC-DST-B2-05,PHC-DST-B2-06,DST-B2,2025-03-04,33.3,47.6,OPEN,LOW
PHC-DST-B2-05,PHC-DST-B2-06,DST-B2,2025-03-05,33.3,53.1,OPEN,LOW
PHC-DST-B2-05,PHC-DST-B2-06,DST-B2,2025-03-06,33.3,51.6,OPEN,LOW
PHC-DST-B2-05,PHC-DST-B2-06,DST-B2,2025-03-07,33.3,48.4,OPEN,LOW
PHC-DST-B2-05,PHC-DST-B2-06,DST-B2,2025-03-08,33.3,49.9,OPEN,LOW
PHC-DST-B2-05,PHC-DST-B2-06,DST-B2,2025-03-09,33.3,50.9,OPEN,LOW
PHC-DST-B2-05,PHC-DST-B2-06,DST-B2,2025-03-10,33.3,50.5,OPEN,LOW
PHC-DST-B2-05,PHC-DST-B2-06,DST-B2,2025-03-11,33.3,52.7,OPEN,LOW
PHC-DST-B2-05,PHC-DST-B2-06,DST-B2,2025-03-12,33.3,53.2,OPEN,LOW
PHC-DST-B2-05,PHC-DST-B2-06,DST-B2,2025-03-13,33.3,52.8,OPEN,LOW
PHC-DST-B2-05,PHC-DST-B2-06,DST-B2,2025-03-14,33.3,54.0,OPEN,LOW
PHC-DST-B2-05,PHC-DST-B2-06,DST-B2,2025-03-15,33.3,52.1,OPEN,LOW
PHC-DST-B2-05,PHC-DST-B2-06,DST-B2,2025-03-16,33.3,54.1,OPEN,LOW
PHC-DST-B2-05,PHC-DST-B2-06,DST-B2,2025-03-17,33.3,52.9,OPEN,LOW
PHC-DST-B2-05,PHC-DST-B2-06,DST-B2,2025-03-18,33.3,48.4,OPEN,LOW
PHC-DST-B2-05,PHC-DST-B2-06,DST-B2,2025-03-19,33.3,48.2,OPEN,LOW
PHC-DST-B2-05,PHC-DST-B2-06,DST-B2,2025-03-20,33.3,53.5,OPEN,LOW
PHC-DST-B2-05,PHC-DST-B2-06,DST-B2,2025-03-21,33.3,52.0,OPEN,LOW
PHC-DST-B2-05,PHC-DST-B2-06,DST-B2,2025-03-22,33.3,54.2,OPEN,LOW
PHC-DST-B2-05,PHC-DST-B2-06,DST-B2,2025-03-23,33.3,52.2,OPEN,LOW
PHC-DST-B2-05,PHC-DST-B2-06,DST-B2,2025-03-24,33.3,48.5,OPEN,LOW
PHC-DST-B2-05,PHC-DST-B2-06,DST-B2,2025-03-25,33.3,48.2,OPEN,LOW
PHC-DST-B2-05,PHC-DST-B2-06,DST-B2,2025-03-26,33.3,51.8,OPEN,LOW
PHC-DST-B2-05,PHC-DST-B2-06,DST-B2,2025-03-27,33.3,51.0,OPEN,LOW
PHC-DST-B2-05,PHC-DST-B2-06,DST-B2,2025-03-28,33.3,48.5,OPEN,LOW
PHC-DST-B2-05,PHC-DST-B2-06,DST-B2,2025-03-29,33.3,51.3,OPEN,LOW
PHC-DST-B2-05,PHC-DST-B2-06,DST-B2,2025-03-30,33.3,47.5,OPEN,LOW
PHC-DST-B2-05,PHC-DST-B2-06,DST-B2,2025-03-31,33.3,51.1,OPEN,LOW
PHC-DST-B2-05,PHC-DST-B2-06,DST-B2,2025-04-01,33.3,54.8,OPEN,LOW
PHC-DST-B2-05,PHC-DST-B2-06,DST-B2,2025-04-02,33.3,54.6,OPEN,LOW
PHC-DST-B2-05,PHC-DST-B2-06,DST-B2,2025-04-03,33.3,48.4,OPEN,LOW
PHC-DST-B2-05,PHC-DST-B2-06,DST-B2,2025-04-04,33.3,54.8,OPEN,LOW
PHC-DST-B2-05,PHC-DST-B2-06,DST-B2,2025-04-05,33.3,52.6,OPEN,LOW
PHC-DST-B2-05,PHC-DST-B2-06,DST-B2,2025-04-06,33.3,51.0,OPEN,LOW
PHC-DST-B2-05,PHC-DST-B2-06,DST-B2,2025-04-07,33.3,54.3,OPEN,LOW
PHC-DST-B2-05,PHC-DST-B2-06,DST-B2,2025-04-08,33.3,54.6,OPEN,LOW
PHC-DST-B2-05,PHC-DST-B2-06,DST-B2,2025-04-09,33.3,54.0,OPEN,LOW
PHC-DST-B2-05,PHC-DST-B2-06,DST-B2,2025-04-10,33.3,54.1,OPEN,LOW
PHC-DST-B2-05,PHC-DST-B2-06,DST-B2,2025-04-11,33.3,53.2,OPEN,LOW
PHC-DST-B2-05,PHC-DST-B2-06,DST-B2,2025-04-12,33.3,50.7,OPEN,LOW
PHC-DST-B2-05,PHC-DST-B2-06,DST-B2,2025-04-13,33.3,53.8,OPEN,LOW
PHC-DST-B2-05,PHC-DST-B2-06,DST-B2,2025-04-14,33.3,52.6,OPEN,LOW
PHC-DST-B2-05,PHC-DST-B2-06,DST-B2,2025-04-15,33.3,53.3,OPEN,LOW
PHC-DST-B2-05,PHC-DST-B2-06,DST-B2,2025-04-16,33.3,52.8,OPEN,LOW
PHC-DST-B2-05,PHC-DST-B2-06,DST-B2,2025-04-17,33.3,49.5,OPEN,LOW
PHC-DST-B2-05,PHC-DST-B2-06,DST-B2,2025-04-18,33.3,53.8,OPEN,LOW
PHC-DST-B2-05,PHC-DST-B2-06,DST-B2,2025-04-19,33.3,49.9,OPEN,LOW
PHC-DST-B2-05,PHC-DST-B2-06,DST-B2,2025-04-20,33.3,48.8,OPEN,LOW
PHC-DST-B2-05,PHC-DST-B2-06,DST-B2,2025-04-21,33.3,53.3,OPEN,LOW
PHC-DST-B2-05,PHC-DST-B2-06,DST-B2,2025-04-22,33.3,48.3,OPEN,LOW
PHC-DST-B2-05,PHC-DST-B2-06,DST-B2,2025-04-23,33.3,49.1,OPEN,LOW
PHC-DST-B2-05,PHC-DST-B2-06,DST-B2,2025-04-24,33.3,47.5,OPEN,LOW
PHC-DST-B2-05,PHC-DST-B2-06,DST-B2,2025-04-25,33.3,51.5,OPEN,LOW
PHC-DST-B2-05,PHC-DST-B2-06,DST-B2,2025-04-26,33.3,49.9,OPEN,LOW
PHC-DST-B2-05,PHC-DST-B2-06,DST-B2,2025-04-27,33.3,54.4,OPEN,LOW
PHC-DST-B2-05,PHC-DST-B2-06,DST-B2,2025-04-28,33.3,54.2,OPEN,LOW
PHC-DST-B2-05,PHC-DST-B2-06,DST-B2,2025-04-29,33.3,52.7,OPEN,LOW
PHC-DST-B2-05,PHC-DST-B2-06,DST-B2,2025-04-30,33.3,49.3,OPEN,LOW
PHC-DST-B2-05,PHC-DST-B2-06,DST-B2,2025-05-01,33.3,53.1,OPEN,LOW
PHC-DST-B2-05,PHC-DST-B2-06,DST-B2,2025-05-02,33.3,51.2,OPEN,LOW
PHC-DST-B2-05,PHC-DST-B2-06,DST-B2,2025-05-03,33.3,49.1,OPEN,LOW
PHC-DST-B2-05,PHC-DST-B2-06,DST-B2,2025-05-04,33.3,52.5,OPEN,LOW
PHC-DST-B2-05,PHC-DST-B2-06,DST-B2,2025-05-05,33.3,51.6,OPEN,LOW
PHC-DST-B2-05,PHC-DST-B2-06,DST-B2,2025-05-06,33.3,54.7,OPEN,LOW
PHC-DST-B2-05,PHC-DST-B2-06,DST-B2,2025-05-07,33.3,51.3,OPEN,LOW
PHC-DST-B2-05,PHC-DST-B2-06,DST-B2,2025-05-08,33.3,52.0,OPEN,LOW
PHC-DST-B2-05,PHC-DST-B2-06,DST-B2,2025-05-09,33.3,48.0,OPEN,LOW
PHC-DST-B2-05,PHC-DST-B2-06,DST-B2,2025-05-10,33.3,51.9,OPEN,LOW
PHC-DST-B2-05,PHC-DST-B2-06,DST-B2,2025-05-11,33.3,53.2,OPEN,LOW
PHC-DST-B2-05,PHC-DST-B2-06,DST-B2,2025-05-12,33.3,51.0,OPEN,LOW
PHC-DST-B2-05,PHC-DST-B2-06,DST-B2,2025-05-13,33.3,48.1,OPEN,LOW
PHC-DST-B2-05,PHC-DST-B2-06,DST-B2,2025-05-14,33.3,49.9,OPEN,LOW
PHC-DST-B2-05,PHC-DST-B2-06,DST-B2,2025-05-15,33.3,48.3,OPEN,LOW
PHC-DST-B2-05,PHC-DST-B2-06,DST-B2,2025-05-16,33.3,47.6,OPEN,LOW
PHC-DST-B2-05,PHC-DST-B2-06,DST-B2,2025-05-17,33.3,48.0,OPEN,LOW
PHC-DST-B2-05,PHC-DST-B2-06,DST-B2,2025-05-18,33.3,49.6,OPEN,LOW
PHC-DST-B2-05,PHC-DST-B2-06,DST-B2,2025-05-19,33.3,47.8,OPEN,LOW
PHC-DST-B2-05,PHC-DST-B2-06,DST-B2,2025-05-20,33.3,48.6,OPEN,LOW
PHC-DST-B2-05,PHC-DST-B2-06,DST-B2,2025-05-21,33.3,50.0,OPEN,LOW
PHC-DST-B2-05,PHC-DST-B2-06,DST-B2,2025-05-22,33.3,48.7,OPEN,LOW
PHC-DST-B2-05,PHC-DST-B2-06,DST-B2,2025-05-23,33.3,49.4,OPEN,LOW
PHC-DST-B2-05,PHC-DST-B2-06,DST-B2,2025-05-24,33.3,53.2,OPEN,LOW
PHC-DST-B2-05,PHC-DST-B2-06,DST-B2,2025-05-25,33.3,48.6,OPEN,LOW
PHC-DST-B2-05,PHC-DST-B2-06,DST-B2,2025-05-26,33.3,51.4,OPEN,LOW
PHC-DST-B2-05,PHC-DST-B2-06,DST-B2,2025-05-27,33.3,48.1,OPEN,LOW
PHC-DST-B2-05,PHC-DST-B2-06,DST-B2,2025-05-28,33.3,53.6,OPEN,LOW
PHC-DST-B2-05,PHC-DST-B2-06,DST-B2,2025-05-29,33.3,48.2,OPEN,LOW
PHC-DST-B2-05,PHC-DST-B2-06,DST-B2,2025-05-30,33.3,51.2,OPEN,LOW
PHC-DST-B2-05,PHC-DST-B2-06,DST-B2,2025-05-31,33.3,53.2,OPEN,LOW
PHC-DST-B2-05,PHC-DST-B2-06,DST-B2,2025-06-01,33.3,54.4,OPEN,LOW
PHC-DST-B2-05,PHC-DST-B2-06,DST-B2,2025-06-02,33.3,47.6,OPEN,LOW
PHC-DST-B2-05,PHC-DST-B2-06,DST-B2,2025-06-03,33.3,51.5,OPEN,LOW
PHC-DST-B2-05,PHC-DST-B2-06,DST-B2,2025-06-04,33.3,50.9,OPEN,LOW
PHC-DST-B2-05,PHC-DST-B2-06,DST-B2,2025-06-05,33.3,52.9,OPEN,LOW
PHC-DST-B2-05,PHC-DST-B2-06,DST-B2,2025-06-06,33.3,54.6,OPEN,LOW
PHC-DST-B2-05,PHC-DST-B2-06,DST-B2,2025-06-07,33.3,49.2,OPEN,LOW
PHC-DST-B2-05,PHC-DST-B2-06,DST-B2,2025-06-08,33.3,49.5,OPEN,LOW
PHC-DST-B2-05,PHC-DST-B2-06,DST-B2,2025-06-09,33.3,52.3,OPEN,LOW
PHC-DST-B2-05,PHC-DST-B2-06,DST-B2,2025-06-10,33.3,54.9,OPEN,LOW
PHC-DST-B2-05,PHC-DST-B2-06,DST-B2,2025-06-11,33.3,54.5,OPEN,LOW
PHC-DST-B2-05,PHC-DST-B2-06,DST-B2,2025-06-12,33.3,50.7,OPEN,LOW
PHC-DST-B2-05,PHC-DST-B2-06,DST-B2,2025-06-13,33.3,50.7,OPEN,LOW
PHC-DST-B2-05,PHC-DST-B2-06,DST-B2,2025-06-14,33.3,49.5,OPEN,LOW
PHC-DST-B2-05,PHC-DST-B2-06,DST-B2,2025-06-15,33.3,50.3,OPEN,LOW
PHC-DST-B2-05,PHC-DST-B2-06,DST-B2,2025-06-16,33.3,52.0,OPEN,LOW
PHC-DST-B2-05,PHC-DST-B2-06,DST-B2,2025-06-17,33.3,48.5,OPEN,LOW
PHC-DST-B2-05,PHC-DST-B2-06,DST-B2,2025-06-18,33.3,47.6,OPEN,LOW
PHC-DST-B2-05,PHC-DST-B2-06,DST-B2,2025-06-19,33.3,49.2,OPEN,LOW
PHC-DST-B2-05,PHC-DST-B2-06,DST-B2,2025-06-20,33.3,52.2,OPEN,LOW
PHC-DST-B2-05,PHC-DST-B2-06,DST-B2,2025-06-21,33.3,48.0,OPEN,LOW
PHC-DST-B2-05,PHC-DST-B2-06,DST-B2,2025-06-22,33.3,54.2,OPEN,LOW
PHC-DST-B2-05,PHC-DST-B2-06,DST-B2,2025-06-23,33.3,47.8,OPEN,LOW
PHC-DST-B2-05,PHC-DST-B2-06,DST-B2,2025-06-24,33.3,53.5,OPEN,LOW
PHC-DST-B2-05,PHC-DST-B2-06,DST-B2,2025-06-25,33.3,47.9,OPEN,LOW
PHC-DST-B2-05,PHC-DST-B2-06,DST-B2,2025-06-26,33.3,53.3,OPEN,LOW
PHC-DST-B2-05,PHC-DST-B2-06,DST-B2,2025-06-27,33.3,54.2,OPEN,LOW
PHC-DST-B2-05,PHC-DST-B2-06,DST-B2,2025-06-28,33.3,49.7,OPEN,LOW
PHC-DST-B2-05,PHC-DST-B2-06,DST-B2,2025-06-29,33.3,48.5,OPEN,LOW
PHC-DST-B2-05,PHC-DST-B2-06,DST-B2,2025-06-30,33.3,51.6,OPEN,LOW
PHC-DST-C1-01,PHC-DST-C1-02,DST-C1,2024-01-01,20.4,29.9,OPEN,LOW
PHC-DST-C1-01,PHC-DST-C1-02,DST-C1,2024-01-02,20.4,31.5,OPEN,LOW
PHC-DST-C1-01,PHC-DST-C1-02,DST-C1,2024-01-03,20.4,32.5,OPEN,LOW
PHC-DST-C1-01,PHC-DST-C1-02,DST-C1,2024-01-04,20.4,33.3,OPEN,LOW
PHC-DST-C1-01,PHC-DST-C1-02,DST-C1,2024-01-05,20.4,33.5,OPEN,LOW
PHC-DST-C1-01,PHC-DST-C1-02,DST-C1,2024-01-06,20.4,29.1,OPEN,LOW
PHC-DST-C1-01,PHC-DST-C1-02,DST-C1,2024-01-07,20.4,31.9,OPEN,LOW
PHC-DST-C1-01,PHC-DST-C1-02,DST-C1,2024-01-08,20.4,30.1,OPEN,LOW
PHC-DST-C1-01,PHC-DST-C1-02,DST-C1,2024-01-09,20.4,33.6,OPEN,LOW
PHC-DST-C1-01,PHC-DST-C1-02,DST-C1,2024-01-10,20.4,31.1,OPEN,LOW
PHC-DST-C1-01,PHC-DST-C1-02,DST-C1,2024-01-11,20.4,29.5,OPEN,LOW
PHC-DST-C1-01,PHC-DST-C1-02,DST-C1,2024-01-12,20.4,30.7,OPEN,LOW
PHC-DST-C1-01,PHC-DST-C1-02,DST-C1,2024-01-13,20.4,29.2,OPEN,LOW
PHC-DST-C1-01,PHC-DST-C1-02,DST-C1,2024-01-14,20.4,33.1,OPEN,LOW
PHC-DST-C1-01,PHC-DST-C1-02,DST-C1,2024-01-15,20.4,32.4,OPEN,LOW
PHC-DST-C1-01,PHC-DST-C1-02,DST-C1,2024-01-16,20.4,29.6,OPEN,LOW
PHC-DST-C1-01,PHC-DST-C1-02,DST-C1,2024-01-17,20.4,30.5,OPEN,LOW
PHC-DST-C1-01,PHC-DST-C1-02,DST-C1,2024-01-18,20.4,30.7,OPEN,LOW
PHC-DST-C1-01,PHC-DST-C1-02,DST-C1,2024-01-19,20.4,30.0,OPEN,LOW
PHC-DST-C1-01,PHC-DST-C1-02,DST-C1,2024-01-20,20.4,33.5,OPEN,LOW
PHC-DST-C1-01,PHC-DST-C1-02,DST-C1,2024-01-21,20.4,32.8,OPEN,LOW
PHC-DST-C1-01,PHC-DST-C1-02,DST-C1,2024-01-22,20.4,29.9,OPEN,LOW
PHC-DST-C1-01,PHC-DST-C1-02,DST-C1,2024-01-23,20.4,29.2,OPEN,LOW
PHC-DST-C1-01,PHC-DST-C1-02,DST-C1,2024-01-24,20.4,32.7,OPEN,LOW
PHC-DST-C1-01,PHC-DST-C1-02,DST-C1,2024-01-25,20.4,32.1,OPEN,LOW
PHC-DST-C1-01,PHC-DST-C1-02,DST-C1,2024-01-26,20.4,33.5,OPEN,LOW
PHC-DST-C1-01,PHC-DST-C1-02,DST-C1,2024-01-27,20.4,29.5,OPEN,LOW
PHC-DST-C1-01,PHC-DST-C1-02,DST-C1,2024-01-28,20.4,30.6,OPEN,LOW
PHC-DST-C1-01,PHC-DST-C1-02,DST-C1,2024-01-29,20.4,33.4,OPEN,LOW
PHC-DST-C1-01,PHC-DST-C1-02,DST-C1,2024-01-30,20.4,32.5,OPEN,LOW
PHC-DST-C1-01,PHC-DST-C1-02,DST-C1,2024-01-31,20.4,29.2,OPEN,LOW
PHC-DST-C1-01,PHC-DST-C1-02,DST-C1,2024-02-01,20.4,29.2,OPEN,LOW
PHC-DST-C1-01,PHC-DST-C1-02,DST-C1,2024-02-02,20.4,30.9,OPEN,LOW
PHC-DST-C1-01,PHC-DST-C1-02,DST-C1,2024-02-03,20.4,32.4,OPEN,LOW
PHC-DST-C1-01,PHC-DST-C1-02,DST-C1,2024-02-04,20.4,33.0,OPEN,LOW
PHC-DST-C1-01,PHC-DST-C1-02,DST-C1,2024-02-05,20.4,29.1,OPEN,LOW
PHC-DST-C1-01,PHC-DST-C1-02,DST-C1,2024-02-06,20.4,29.6,OPEN,LOW
PHC-DST-C1-01,PHC-DST-C1-02,DST-C1,2024-02-07,20.4,30.5,OPEN,LOW
PHC-DST-C1-01,PHC-DST-C1-02,DST-C1,2024-02-08,20.4,29.4,OPEN,LOW
PHC-DST-C1-01,PHC-DST-C1-02,DST-C1,2024-02-09,20.4,30.0,OPEN,LOW
PHC-DST-C1-01,PHC-DST-C1-02,DST-C1,2024-02-10,20.4,32.9,OPEN,LOW
PHC-DST-C1-01,PHC-DST-C1-02,DST-C1,2024-02-11,20.4,29.1,OPEN,LOW
PHC-DST-C1-01,PHC-DST-C1-02,DST-C1,2024-02-12,20.4,30.3,OPEN,LOW
PHC-DST-C1-01,PHC-DST-C1-02,DST-C1,2024-02-13,20.4,31.1,OPEN,LOW
PHC-DST-C1-01,PHC-DST-C1-02,DST-C1,2024-02-14,20.4,30.4,OPEN,LOW
PHC-DST-C1-01,PHC-DST-C1-02,DST-C1,2024-02-15,20.4,33.1,OPEN,LOW
PHC-DST-C1-01,PHC-DST-C1-02,DST-C1,2024-02-16,20.4,29.6,OPEN,LOW
PHC-DST-C1-01,PHC-DST-C1-02,DST-C1,2024-02-17,20.4,31.7,OPEN,LOW
PHC-DST-C1-01,PHC-DST-C1-02,DST-C1,2024-02-18,20.4,32.3,OPEN,LOW
PHC-DST-C1-01,PHC-DST-C1-02,DST-C1,2024-02-19,20.4,31.1,OPEN,LOW
PHC-DST-C1-01,PHC-DST-C1-02,DST-C1,2024-02-20,20.4,32.0,OPEN,LOW
PHC-DST-C1-01,PHC-DST-C1-02,DST-C1,2024-02-21,20.4,30.7,OPEN,LOW
PHC-DST-C1-01,PHC-DST-C1-02,DST-C1,2024-02-22,20.4,31.9,OPEN,LOW
PHC-DST-C1-01,PHC-DST-C1-02,DST-C1,2024-02-23,20.4,29.7,OPEN,LOW
PHC-DST-C1-01,PHC-DST-C1-02,DST-C1,2024-02-24,20.4,31.8,OPEN,LOW
PHC-DST-C1-01,PHC-DST-C1-02,DST-C1,2024-02-25,20.4,30.9,OPEN,LOW
PHC-DST-C1-01,PHC-DST-C1-02,DST-C1,2024-02-26,20.4,30.8,OPEN,LOW
PHC-DST-C1-01,PHC-DST-C1-02,DST-C1,2024-02-27,20.4,30.3,OPEN,LOW
PHC-DST-C1-01,PHC-DST-C1-02,DST-C1,2024-02-28,20.4,30.0,OPEN,LOW
PHC-DST-C1-01,PHC-DST-C1-02,DST-C1,2024-02-29,20.4,31.5,OPEN,LOW
PHC-DST-C1-01,PHC-DST-C1-02,DST-C1,2024-03-01,20.4,31.5,OPEN,LOW
PHC-DST-C1-01,PHC-DST-C1-02,DST-C1,2024-03-02,20.4,32.4,OPEN,LOW
PHC-DST-C1-01,PHC-DST-C1-02,DST-C1,2024-03-03,20.4,29.3,OPEN,LOW
PHC-DST-C1-01,PHC-DST-C1-02,DST-C1,2024-03-04,20.4,32.1,OPEN,LOW
PHC-DST-C1-01,PHC-DST-C1-02,DST-C1,2024-03-05,20.4,33.4,OPEN,LOW
PHC-DST-C1-01,PHC-DST-C1-02,DST-C1,2024-03-06,20.4,29.7,OPEN,LOW
PHC-DST-C1-01,PHC-DST-C1-02,DST-C1,2024-03-07,20.4,32.8,OPEN,LOW
PHC-DST-C1-01,PHC-DST-C1-02,DST-C1,2024-03-08,20.4,33.1,OPEN,LOW
PHC-DST-C1-01,PHC-DST-C1-02,DST-C1,2024-03-09,20.4,32.9,OPEN,LOW
PHC-DST-C1-01,PHC-DST-C1-02,DST-C1,2024-03-10,20.4,33.3,OPEN,LOW
PHC-DST-C1-01,PHC-DST-C1-02,DST-C1,2024-03-11,20.4,31.7,OPEN,LOW
PHC-DST-C1-01,PHC-DST-C1-02,DST-C1,2024-03-12,20.4,31.5,OPEN,LOW
PHC-DST-C1-01,PHC-DST-C1-02,DST-C1,2024-03-13,20.4,32.6,OPEN,LOW
PHC-DST-C1-01,PHC-DST-C1-02,DST-C1,2024-03-14,20.4,31.3,OPEN,LOW
PHC-DST-C1-01,PHC-DST-C1-02,DST-C1,2024-03-15,20.4,30.0,OPEN,LOW
PHC-DST-C1-01,PHC-DST-C1-02,DST-C1,2024-03-16,20.4,32.1,OPEN,LOW
PHC-DST-C1-01,PHC-DST-C1-02,DST-C1,2024-03-17,20.4,30.9,OPEN,LOW
PHC-DST-C1-01,PHC-DST-C1-02,DST-C1,2024-03-18,20.4,30.5,OPEN,LOW
PHC-DST-C1-01,PHC-DST-C1-02,DST-C1,2024-03-19,20.4,30.1,OPEN,LOW
PHC-DST-C1-01,PHC-DST-C1-02,DST-C1,2024-03-20,20.4,31.2,OPEN,LOW
PHC-DST-C1-01,PHC-DST-C1-02,DST-C1,2024-03-21,20.4,33.4,OPEN,LOW
PHC-DST-C1-01,PHC-DST-C1-02,DST-C1,2024-03-22,20.4,32.0,OPEN,LOW
PHC-DST-C1-01,PHC-DST-C1-02,DST-C1,2024-03-23,20.4,32.5,OPEN,LOW
PHC-DST-C1-01,PHC-DST-C1-02,DST-C1,2024-03-24,20.4,30.1,OPEN,LOW
PHC-DST-C1-01,PHC-DST-C1-02,DST-C1,2024-03-25,20.4,30.4,OPEN,LOW
PHC-DST-C1-01,PHC-DST-C1-02,DST-C1,2024-03-26,20.4,29.8,OPEN,LOW
PHC-DST-C1-01,PHC-DST-C1-02,DST-C1,2024-03-27,20.4,29.6,OPEN,LOW
PHC-DST-C1-01,PHC-DST-C1-02,DST-C1,2024-03-28,20.4,31.0,OPEN,LOW
PHC-DST-C1-01,PHC-DST-C1-02,DST-C1,2024-03-29,20.4,30.0,OPEN,LOW
PHC-DST-C1-01,PHC-DST-C1-02,DST-C1,2024-03-30,20.4,29.5,OPEN,LOW
PHC-DST-C1-01,PHC-DST-C1-02,DST-C1,2024-03-31,20.4,31.4,OPEN,LOW
PHC-DST-C1-01,PHC-DST-C1-02,DST-C1,2024-04-01,20.4,32.0,OPEN,LOW
PHC-DST-C1-01,PHC-DST-C1-02,DST-C1,2024-04-02,20.4,30.2,OPEN,LOW
PHC-DST-C1-01,PHC-DST-C1-02,DST-C1,2024-04-03,20.4,31.5,OPEN,LOW
PHC-DST-C1-01,PHC-DST-C1-02,DST-C1,2024-04-04,20.4,29.4,OPEN,LOW
PHC-DST-C1-01,PHC-DST-C1-02,DST-C1,2024-04-05,20.4,31.0,OPEN,LOW
PHC-DST-C1-01,PHC-DST-C1-02,DST-C1,2024-04-06,20.4,30.6,OPEN,LOW
PHC-DST-C1-01,PHC-DST-C1-02,DST-C1,2024-04-07,20.4,30.1,OPEN,LOW
PHC-DST-C1-01,PHC-DST-C1-02,DST-C1,2024-04-08,20.4,33.5,OPEN,LOW
PHC-DST-C1-01,PHC-DST-C1-02,DST-C1,2024-04-09,20.4,33.0,OPEN,LOW
PHC-DST-C1-01,PHC-DST-C1-02,DST-C1,2024-04-10,20.4,30.8,OPEN,LOW
PHC-DST-C1-01,PHC-DST-C1-02,DST-C1,2024-04-11,20.4,30.8,OPEN,LOW
PHC-DST-C1-01,PHC-DST-C1-02,DST-C1,2024-04-12,20.4,31.5,OPEN,LOW
PHC-DST-C1-01,PHC-DST-C1-02,DST-C1,2024-04-13,20.4,30.2,OPEN,LOW
PHC-DST-C1-01,PHC-DST-C1-02,DST-C1,2024-04-14,20.4,31.9,OPEN,LOW
PHC-DST-C1-01,PHC-DST-C1-02,DST-C1,2024-04-15,20.4,29.3,OPEN,LOW
PHC-DST-C1-01,PHC-DST-C1-02,DST-C1,2024-04-16,20.4,31.1,OPEN,LOW
PHC-DST-C1-01,PHC-DST-C1-02,DST-C1,2024-04-17,20.4,31.2,OPEN,LOW
PHC-DST-C1-01,PHC-DST-C1-02,DST-C1,2024-04-18,20.4,30.9,OPEN,LOW
PHC-DST-C1-01,PHC-DST-C1-02,DST-C1,2024-04-19,20.4,33.6,OPEN,LOW
PHC-DST-C1-01,PHC-DST-C1-02,DST-C1,2024-04-20,20.4,29.3,OPEN,LOW
PHC-DST-C1-01,PHC-DST-C1-02,DST-C1,2024-04-21,20.4,29.5,OPEN,LOW
PHC-DST-C1-01,PHC-DST-C1-02,DST-C1,2024-04-22,20.4,29.8,OPEN,LOW
PHC-DST-C1-01,PHC-DST-C1-02,DST-C1,2024-04-23,20.4,32.9,OPEN,LOW
PHC-DST-C1-01,PHC-DST-C1-02,DST-C1,2024-04-24,20.4,33.1,OPEN,LOW
PHC-DST-C1-01,PHC-DST-C1-02,DST-C1,2024-04-25,20.4,30.7,OPEN,LOW
PHC-DST-C1-01,PHC-DST-C1-02,DST-C1,2024-04-26,20.4,32.4,OPEN,LOW
PHC-DST-C1-01,PHC-DST-C1-02,DST-C1,2024-04-27,20.4,32.9,OPEN,LOW
PHC-DST-C1-01,PHC-DST-C1-02,DST-C1,2024-04-28,20.4,32.7,OPEN,LOW
PHC-DST-C1-01,PHC-DST-C1-02,DST-C1,2024-04-29,20.4,31.3,OPEN,LOW
PHC-DST-C1-01,PHC-DST-C1-02,DST-C1,2024-04-30,20.4,33.2,OPEN,LOW
PHC-DST-C1-01,PHC-DST-C1-02,DST-C1,2024-05-01,20.4,30.0,OPEN,LOW
PHC-DST-C1-01,PHC-DST-C1-02,DST-C1,2024-05-02,20.4,32.6,OPEN,LOW
PHC-DST-C1-01,PHC-DST-C1-02,DST-C1,2024-05-03,20.4,30.3,OPEN,LOW
PHC-DST-C1-01,PHC-DST-C1-02,DST-C1,2024-05-04,20.4,32.5,OPEN,LOW
PHC-DST-C1-01,PHC-DST-C1-02,DST-C1,2024-05-05,20.4,32.3,OPEN,LOW
PHC-DST-C1-01,PHC-DST-C1-02,DST-C1,2024-05-06,20.4,29.6,OPEN,LOW
PHC-DST-C1-01,PHC-DST-C1-02,DST-C1,2024-05-07,20.4,31.4,OPEN,LOW
PHC-DST-C1-01,PHC-DST-C1-02,DST-C1,2024-05-08,20.4,29.5,OPEN,LOW
PHC-DST-C1-01,PHC-DST-C1-02,DST-C1,2024-05-09,20.4,32.8,OPEN,LOW
PHC-DST-C1-01,PHC-DST-C1-02,DST-C1,2024-05-10,20.4,31.4,OPEN,LOW
PHC-DST-C1-01,PHC-DST-C1-02,DST-C1,2024-05-11,20.4,32.4,OPEN,LOW
PHC-DST-C1-01,PHC-DST-C1-02,DST-C1,2024-05-12,20.4,32.2,OPEN,LOW
PHC-DST-C1-01,PHC-DST-C1-02,DST-C1,2024-05-13,20.4,31.3,OPEN,LOW
PHC-DST-C1-01,PHC-DST-C1-02,DST-C1,2024-05-14,20.4,30.6,OPEN,LOW
PHC-DST-C1-01,PHC-DST-C1-02,DST-C1,2024-05-15,20.4,33.0,OPEN,LOW
PHC-DST-C1-01,PHC-DST-C1-02,DST-C1,2024-05-16,20.4,31.3,OPEN,LOW
PHC-DST-C1-01,PHC-DST-C1-02,DST-C1,2024-05-17,20.4,30.1,OPEN,LOW
PHC-DST-C1-01,PHC-DST-C1-02,DST-C1,2024-05-18,20.4,31.4,OPEN,LOW
PHC-DST-C1-01,PHC-DST-C1-02,DST-C1,2024-05-19,20.4,33.4,OPEN,LOW
PHC-DST-C1-01,PHC-DST-C1-02,DST-C1,2024-05-20,20.4,32.8,OPEN,LOW
PHC-DST-C1-01,PHC-DST-C1-02,DST-C1,2024-05-21,20.4,29.5,OPEN,LOW
PHC-DST-C1-01,PHC-DST-C1-02,DST-C1,2024-05-22,20.4,30.4,OPEN,LOW
PHC-DST-C1-01,PHC-DST-C1-02,DST-C1,2024-05-23,20.4,33.5,OPEN,LOW
PHC-DST-C1-01,PHC-DST-C1-02,DST-C1,2024-05-24,20.4,30.9,OPEN,LOW
PHC-DST-C1-01,PHC-DST-C1-02,DST-C1,2024-05-25,20.4,31.9,OPEN,LOW
PHC-DST-C1-01,PHC-DST-C1-02,DST-C1,2024-05-26,20.4,32.2,OPEN,LOW
PHC-DST-C1-01,PHC-DST-C1-02,DST-C1,2024-05-27,20.4,29.4,OPEN,LOW
PHC-DST-C1-01,PHC-DST-C1-02,DST-C1,2024-05-28,20.4,32.6,OPEN,LOW
PHC-DST-C1-01,PHC-DST-C1-02,DST-C1,2024-05-29,20.4,32.3,OPEN,LOW
PHC-DST-C1-01,PHC-DST-C1-02,DST-C1,2024-05-30,20.4,31.6,OPEN,LOW
PHC-DST-C1-01,PHC-DST-C1-02,DST-C1,2024-05-31,20.4,30.3,OPEN,LOW
PHC-DST-C1-01,PHC-DST-C1-02,DST-C1,2024-06-01,20.4,32.9,OPEN,LOW
PHC-DST-C1-01,PHC-DST-C1-02,DST-C1,2024-06-02,20.4,31.7,OPEN,LOW
PHC-DST-C1-01,PHC-DST-C1-02,DST-C1,2024-06-03,20.4,29.5,OPEN,LOW
PHC-DST-C1-01,PHC-DST-C1-02,DST-C1,2024-06-04,20.4,30.8,OPEN,LOW
PHC-DST-C1-01,PHC-DST-C1-02,DST-C1,2024-06-05,20.4,29.9,OPEN,LOW
PHC-DST-C1-01,PHC-DST-C1-02,DST-C1,2024-06-06,20.4,32.0,OPEN,LOW
PHC-DST-C1-01,PHC-DST-C1-02,DST-C1,2024-06-07,20.4,32.9,OPEN,LOW
PHC-DST-C1-01,PHC-DST-C1-02,DST-C1,2024-06-08,20.4,31.1,OPEN,LOW
PHC-DST-C1-01,PHC-DST-C1-02,DST-C1,2024-06-09,20.4,32.8,OPEN,LOW
PHC-DST-C1-01,PHC-DST-C1-02,DST-C1,2024-06-10,20.4,33.1,OPEN,LOW
PHC-DST-C1-01,PHC-DST-C1-02,DST-C1,2024-06-11,20.4,32.6,OPEN,LOW
PHC-DST-C1-01,PHC-DST-C1-02,DST-C1,2024-06-12,20.4,30.7,OPEN,LOW
PHC-DST-C1-01,PHC-DST-C1-02,DST-C1,2024-06-13,20.4,29.4,OPEN,LOW
PHC-DST-C1-01,PHC-DST-C1-02,DST-C1,2024-06-14,20.4,30.2,OPEN,LOW
PHC-DST-C1-01,PHC-DST-C1-02,DST-C1,2024-06-15,20.4,31.1,OPEN,LOW
PHC-DST-C1-01,PHC-DST-C1-02,DST-C1,2024-06-16,20.4,29.6,OPEN,LOW
PHC-DST-C1-01,PHC-DST-C1-02,DST-C1,2024-06-17,20.4,30.8,OPEN,LOW
PHC-DST-C1-01,PHC-DST-C1-02,DST-C1,2024-06-18,20.4,29.4,OPEN,LOW
PHC-DST-C1-01,PHC-DST-C1-02,DST-C1,2024-06-19,20.4,31.9,OPEN,LOW
PHC-DST-C1-01,PHC-DST-C1-02,DST-C1,2024-06-20,20.4,32.3,OPEN,LOW
PHC-DST-C1-01,PHC-DST-C1-02,DST-C1,2024-06-21,20.4,29.6,OPEN,LOW
PHC-DST-C1-01,PHC-DST-C1-02,DST-C1,2024-06-22,20.4,33.1,OPEN,LOW
PHC-DST-C1-01,PHC-DST-C1-02,DST-C1,2024-06-23,20.4,33.1,OPEN,LOW
PHC-DST-C1-01,PHC-DST-C1-02,DST-C1,2024-06-24,20.4,29.1,OPEN,LOW
PHC-DST-C1-01,PHC-DST-C1-02,DST-C1,2024-06-25,20.4,30.4,OPEN,LOW
PHC-DST-C1-01,PHC-DST-C1-02,DST-C1,2024-06-26,20.4,33.5,OPEN,LOW
PHC-DST-C1-01,PHC-DST-C1-02,DST-C1,2024-06-27,20.4,30.8,OPEN,LOW
PHC-DST-C1-01,PHC-DST-C1-02,DST-C1,2024-06-28,20.4,32.8,OPEN,LOW
PHC-DST-C1-01,PHC-DST-C1-02,DST-C1,2024-06-29,20.4,31.6,OPEN,LOW
PHC-DST-C1-01,PHC-DST-C1-02,DST-C1,2024-06-30,20.4,30.1,OPEN,LOW
PHC-DST-C1-01,PHC-DST-C1-02,DST-C1,2024-07-01,20.4,33.0,OPEN,LOW
PHC-DST-C1-01,PHC-DST-C1-02,DST-C1,2024-07-02,20.4,30.8,OPEN,LOW
PHC-DST-C1-01,PHC-DST-C1-02,DST-C1,2024-07-03,20.4,33.6,OPEN,LOW
PHC-DST-C1-01,PHC-DST-C1-02,DST-C1,2024-07-04,20.4,33.6,OPEN,LOW
PHC-DST-C1-01,PHC-DST-C1-02,DST-C1,2024-07-05,20.4,31.0,OPEN,LOW
PHC-DST-C1-01,PHC-DST-C1-02,DST-C1,2024-07-06,20.4,30.7,OPEN,LOW
PHC-DST-C1-01,PHC-DST-C1-02,DST-C1,2024-07-07,20.4,33.5,OPEN,LOW
PHC-DST-C1-01,PHC-DST-C1-02,DST-C1,2024-07-08,20.4,29.5,OPEN,LOW
PHC-DST-C1-01,PHC-DST-C1-02,DST-C1,2024-07-09,20.4,31.3,OPEN,LOW
PHC-DST-C1-01,PHC-DST-C1-02,DST-C1,2024-07-10,20.4,30.4,OPEN,LOW
PHC-DST-C1-01,PHC-DST-C1-02,DST-C1,2024-07-11,20.4,30.0,OPEN,LOW
PHC-DST-C1-01,PHC-DST-C1-02,DST-C1,2024-07-12,20.4,29.6,OPEN,LOW
PHC-DST-C1-01,PHC-DST-C1-02,DST-C1,2024-07-13,20.4,33.0,OPEN,LOW
PHC-DST-C1-01,PHC-DST-C1-02,DST-C1,2024-07-14,20.4,32.0,OPEN,LOW
PHC-DST-C1-01,PHC-DST-C1-02,DST-C1,2024-07-15,20.4,29.4,OPEN,LOW
PHC-DST-C1-01,PHC-DST-C1-02,DST-C1,2024-07-16,20.4,33.6,OPEN,LOW
PHC-DST-C1-01,PHC-DST-C1-02,DST-C1,2024-07-17,20.4,30.1,OPEN,LOW
PHC-DST-C1-01,PHC-DST-C1-02,DST-C1,2024-07-18,20.4,32.4,OPEN,LOW
PHC-DST-C1-01,PHC-DST-C1-02,DST-C1,2024-07-19,20.4,30.0,OPEN,LOW
PHC-DST-C1-01,PHC-DST-C1-02,DST-C1,2024-07-20,20.4,32.1,OPEN,LOW
PHC-DST-C1-01,PHC-DST-C1-02,DST-C1,2024-07-21,20.4,30.9,OPEN,LOW
PHC-DST-C1-01,PHC-DST-C1-02,DST-C1,2024-07-22,20.4,32.8,OPEN,LOW
PHC-DST-C1-01,PHC-DST-C1-02,DST-C1,2024-07-23,20.4,32.6,OPEN,LOW
PHC-DST-C1-01,PHC-DST-C1-02,DST-C1,2024-07-24,20.4,30.0,OPEN,LOW
PHC-DST-C1-01,PHC-DST-C1-02,DST-C1,2024-07-25,20.4,30.1,OPEN,LOW
PHC-DST-C1-01,PHC-DST-C1-02,DST-C1,2024-07-26,20.4,29.4,OPEN,LOW
PHC-DST-C1-01,PHC-DST-C1-02,DST-C1,2024-07-27,20.4,29.2,OPEN,LOW
PHC-DST-C1-01,PHC-DST-C1-02,DST-C1,2024-07-28,20.4,30.2,OPEN,LOW
PHC-DST-C1-01,PHC-DST-C1-02,DST-C1,2024-07-29,20.4,32.7,OPEN,LOW
PHC-DST-C1-01,PHC-DST-C1-02,DST-C1,2024-07-30,20.4,30.4,OPEN,LOW
PHC-DST-C1-01,PHC-DST-C1-02,DST-C1,2024-07-31,20.4,30.2,OPEN,LOW
PHC-DST-C1-01,PHC-DST-C1-02,DST-C1,2024-08-01,20.4,30.3,OPEN,LOW
PHC-DST-C1-01,PHC-DST-C1-02,DST-C1,2024-08-02,20.4,29.3,OPEN,LOW
PHC-DST-C1-01,PHC-DST-C1-02,DST-C1,2024-08-03,20.4,31.8,OPEN,LOW
PHC-DST-C1-01,PHC-DST-C1-02,DST-C1,2024-08-04,20.4,32.3,OPEN,LOW
PHC-DST-C1-01,PHC-DST-C1-02,DST-C1,2024-08-05,20.4,29.9,OPEN,LOW
PHC-DST-C1-01,PHC-DST-C1-02,DST-C1,2024-08-06,20.4,33.5,OPEN,LOW
PHC-DST-C1-01,PHC-DST-C1-02,DST-C1,2024-08-07,20.4,31.0,OPEN,LOW
PHC-DST-C1-01,PHC-DST-C1-02,DST-C1,2024-08-08,20.4,31.8,OPEN,LOW
PHC-DST-C1-01,PHC-DST-C1-02,DST-C1,2024-08-09,20.4,32.9,OPEN,LOW
PHC-DST-C1-01,PHC-DST-C1-02,DST-C1,2024-08-10,20.4,30.3,OPEN,LOW
PHC-DST-C1-01,PHC-DST-C1-02,DST-C1,2024-08-11,20.4,30.7,OPEN,LOW
PHC-DST-C1-01,PHC-DST-C1-02,DST-C1,2024-08-12,20.4,32.0,OPEN,LOW
PHC-DST-C1-01,PHC-DST-C1-02,DST-C1,2024-08-13,20.4,30.9,OPEN,LOW
PHC-DST-C1-01,PHC-DST-C1-02,DST-C1,2024-08-14,20.4,137.9,BLOCKED,SEVERE
PHC-DST-C1-01,PHC-DST-C1-02,DST-C1,2024-08-15,20.4,32.6,OPEN,LOW
PHC-DST-C1-01,PHC-DST-C1-02,DST-C1,2024-08-16,20.4,31.2,OPEN,LOW
PHC-DST-C1-01,PHC-DST-C1-02,DST-C1,2024-08-17,20.4,31.4,OPEN,LOW
PHC-DST-C1-01,PHC-DST-C1-02,DST-C1,2024-08-18,20.4,32.5,OPEN,LOW
PHC-DST-C1-01,PHC-DST-C1-02,DST-C1,2024-08-19,20.4,32.4,OPEN,LOW
PHC-DST-C1-01,PHC-DST-C1-02,DST-C1,2024-08-20,20.4,33.3,OPEN,LOW
PHC-DST-C1-01,PHC-DST-C1-02,DST-C1,2024-08-21,20.4,29.6,OPEN,LOW
PHC-DST-C1-01,PHC-DST-C1-02,DST-C1,2024-08-22,20.4,32.7,OPEN,LOW
PHC-DST-C1-01,PHC-DST-C1-02,DST-C1,2024-08-23,20.4,33.5,OPEN,LOW
PHC-DST-C1-01,PHC-DST-C1-02,DST-C1,2024-08-24,20.4,29.4,OPEN,LOW
PHC-DST-C1-01,PHC-DST-C1-02,DST-C1,2024-08-25,20.4,33.6,OPEN,LOW
PHC-DST-C1-01,PHC-DST-C1-02,DST-C1,2024-08-26,20.4,31.7,OPEN,LOW
PHC-DST-C1-01,PHC-DST-C1-02,DST-C1,2024-08-27,20.4,31.0,OPEN,LOW
PHC-DST-C1-01,PHC-DST-C1-02,DST-C1,2024-08-28,20.4,30.8,OPEN,LOW
PHC-DST-C1-01,PHC-DST-C1-02,DST-C1,2024-08-29,20.4,33.1,OPEN,LOW
PHC-DST-C1-01,PHC-DST-C1-02,DST-C1,2024-08-30,20.4,30.4,OPEN,LOW
PHC-DST-C1-01,PHC-DST-C1-02,DST-C1,2024-08-31,20.4,29.4,OPEN,LOW
PHC-DST-C1-01,PHC-DST-C1-02,DST-C1,2024-09-01,20.4,33.1,OPEN,LOW
PHC-DST-C1-01,PHC-DST-C1-02,DST-C1,2024-09-02,20.4,32.0,OPEN,LOW
PHC-DST-C1-01,PHC-DST-C1-02,DST-C1,2024-09-03,20.4,32.5,OPEN,LOW
PHC-DST-C1-01,PHC-DST-C1-02,DST-C1,2024-09-04,20.4,29.7,OPEN,LOW
PHC-DST-C1-01,PHC-DST-C1-02,DST-C1,2024-09-05,20.4,32.6,OPEN,LOW
PHC-DST-C1-01,PHC-DST-C1-02,DST-C1,2024-09-06,20.4,29.6,OPEN,LOW
PHC-DST-C1-01,PHC-DST-C1-02,DST-C1,2024-09-07,20.4,29.7,OPEN,LOW
PHC-DST-C1-01,PHC-DST-C1-02,DST-C1,2024-09-08,20.4,192.9,BLOCKED,SEVERE
PHC-DST-C1-01,PHC-DST-C1-02,DST-C1,2024-09-09,20.4,32.1,OPEN,LOW
PHC-DST-C1-01,PHC-DST-C1-02,DST-C1,2024-09-10,20.4,29.5,OPEN,LOW
PHC-DST-C1-01,PHC-DST-C1-02,DST-C1,2024-09-11,20.4,30.0,OPEN,LOW
PHC-DST-C1-01,PHC-DST-C1-02,DST-C1,2024-09-12,20.4,32.5,OPEN,LOW
PHC-DST-C1-01,PHC-DST-C1-02,DST-C1,2024-09-13,20.4,29.2,OPEN,LOW
PHC-DST-C1-01,PHC-DST-C1-02,DST-C1,2024-09-14,20.4,31.6,OPEN,LOW
PHC-DST-C1-01,PHC-DST-C1-02,DST-C1,2024-09-15,20.4,30.0,OPEN,LOW
PHC-DST-C1-01,PHC-DST-C1-02,DST-C1,2024-09-16,20.4,32.0,OPEN,LOW
PHC-DST-C1-01,PHC-DST-C1-02,DST-C1,2024-09-17,20.4,31.5,OPEN,LOW
PHC-DST-C1-01,PHC-DST-C1-02,DST-C1,2024-09-18,20.4,29.6,OPEN,LOW
PHC-DST-C1-01,PHC-DST-C1-02,DST-C1,2024-09-19,20.4,30.3,OPEN,LOW
PHC-DST-C1-01,PHC-DST-C1-02,DST-C1,2024-09-20,20.4,31.1,OPEN,LOW
PHC-DST-C1-01,PHC-DST-C1-02,DST-C1,2024-09-21,20.4,32.8,OPEN,LOW
PHC-DST-C1-01,PHC-DST-C1-02,DST-C1,2024-09-22,20.4,30.3,OPEN,LOW
PHC-DST-C1-01,PHC-DST-C1-02,DST-C1,2024-09-23,20.4,30.2,OPEN,LOW
PHC-DST-C1-01,PHC-DST-C1-02,DST-C1,2024-09-24,20.4,31.0,OPEN,LOW
PHC-DST-C1-01,PHC-DST-C1-02,DST-C1,2024-09-25,20.4,30.7,OPEN,LOW
PHC-DST-C1-01,PHC-DST-C1-02,DST-C1,2024-09-26,20.4,30.5,OPEN,LOW
PHC-DST-C1-01,PHC-DST-C1-02,DST-C1,2024-09-27,20.4,29.3,OPEN,LOW
PHC-DST-C1-01,PHC-DST-C1-02,DST-C1,2024-09-28,20.4,31.6,OPEN,LOW
PHC-DST-C1-01,PHC-DST-C1-02,DST-C1,2024-09-29,20.4,31.4,OPEN,LOW
PHC-DST-C1-01,PHC-DST-C1-02,DST-C1,2024-09-30,20.4,31.2,OPEN,LOW
PHC-DST-C1-01,PHC-DST-C1-02,DST-C1,2024-10-01,20.4,31.4,OPEN,LOW
PHC-DST-C1-01,PHC-DST-C1-02,DST-C1,2024-10-02,20.4,32.3,OPEN,LOW
PHC-DST-C1-01,PHC-DST-C1-02,DST-C1,2024-10-03,20.4,31.6,OPEN,LOW
PHC-DST-C1-01,PHC-DST-C1-02,DST-C1,2024-10-04,20.4,29.3,OPEN,LOW
PHC-DST-C1-01,PHC-DST-C1-02,DST-C1,2024-10-05,20.4,31.9,OPEN,LOW
PHC-DST-C1-01,PHC-DST-C1-02,DST-C1,2024-10-06,20.4,29.4,OPEN,LOW
PHC-DST-C1-01,PHC-DST-C1-02,DST-C1,2024-10-07,20.4,29.2,OPEN,LOW
PHC-DST-C1-01,PHC-DST-C1-02,DST-C1,2024-10-08,20.4,31.0,OPEN,LOW
PHC-DST-C1-01,PHC-DST-C1-02,DST-C1,2024-10-09,20.4,29.7,OPEN,LOW
PHC-DST-C1-01,PHC-DST-C1-02,DST-C1,2024-10-10,20.4,30.9,OPEN,LOW
PHC-DST-C1-01,PHC-DST-C1-02,DST-C1,2024-10-11,20.4,30.5,OPEN,LOW
PHC-DST-C1-01,PHC-DST-C1-02,DST-C1,2024-10-12,20.4,30.8,OPEN,LOW
PHC-DST-C1-01,PHC-DST-C1-02,DST-C1,2024-10-13,20.4,29.3,OPEN,LOW
PHC-DST-C1-01,PHC-DST-C1-02,DST-C1,2024-10-14,20.4,31.0,OPEN,LOW
PHC-DST-C1-01,PHC-DST-C1-02,DST-C1,2024-10-15,20.4,31.6,OPEN,LOW
PHC-DST-C1-01,PHC-DST-C1-02,DST-C1,2024-10-16,20.4,29.9,OPEN,LOW
PHC-DST-C1-01,PHC-DST-C1-02,DST-C1,2024-10-17,20.4,32.5,OPEN,LOW
PHC-DST-C1-01,PHC-DST-C1-02,DST-C1,2024-10-18,20.4,30.6,OPEN,LOW
PHC-DST-C1-01,PHC-DST-C1-02,DST-C1,2024-10-19,20.4,29.1,OPEN,LOW
PHC-DST-C1-01,PHC-DST-C1-02,DST-C1,2024-10-20,20.4,31.2,OPEN,LOW
PHC-DST-C1-01,PHC-DST-C1-02,DST-C1,2024-10-21,20.4,31.9,OPEN,LOW
PHC-DST-C1-01,PHC-DST-C1-02,DST-C1,2024-10-22,20.4,32.8,OPEN,LOW
PHC-DST-C1-01,PHC-DST-C1-02,DST-C1,2024-10-23,20.4,33.5,OPEN,LOW
PHC-DST-C1-01,PHC-DST-C1-02,DST-C1,2024-10-24,20.4,29.3,OPEN,LOW
PHC-DST-C1-01,PHC-DST-C1-02,DST-C1,2024-10-25,20.4,32.1,OPEN,LOW
PHC-DST-C1-01,PHC-DST-C1-02,DST-C1,2024-10-26,20.4,32.5,OPEN,LOW
PHC-DST-C1-01,PHC-DST-C1-02,DST-C1,2024-10-27,20.4,31.4,OPEN,LOW
PHC-DST-C1-01,PHC-DST-C1-02,DST-C1,2024-10-28,20.4,32.6,OPEN,LOW
PHC-DST-C1-01,PHC-DST-C1-02,DST-C1,2024-10-29,20.4,29.8,OPEN,LOW
PHC-DST-C1-01,PHC-DST-C1-02,DST-C1,2024-10-30,20.4,33.5,OPEN,LOW
PHC-DST-C1-01,PHC-DST-C1-02,DST-C1,2024-10-31,20.4,32.4,OPEN,LOW
PHC-DST-C1-01,PHC-DST-C1-02,DST-C1,2024-11-01,20.4,30.8,OPEN,LOW
PHC-DST-C1-01,PHC-DST-C1-02,DST-C1,2024-11-02,20.4,31.0,OPEN,LOW
PHC-DST-C1-01,PHC-DST-C1-02,DST-C1,2024-11-03,20.4,29.5,OPEN,LOW
PHC-DST-C1-01,PHC-DST-C1-02,DST-C1,2024-11-04,20.4,31.6,OPEN,LOW
PHC-DST-C1-01,PHC-DST-C1-02,DST-C1,2024-11-05,20.4,29.9,OPEN,LOW
PHC-DST-C1-01,PHC-DST-C1-02,DST-C1,2024-11-06,20.4,30.3,OPEN,LOW
PHC-DST-C1-01,PHC-DST-C1-02,DST-C1,2024-11-07,20.4,31.0,OPEN,LOW
PHC-DST-C1-01,PHC-DST-C1-02,DST-C1,2024-11-08,20.4,32.8,OPEN,LOW
PHC-DST-C1-01,PHC-DST-C1-02,DST-C1,2024-11-09,20.4,32.3,OPEN,LOW
PHC-DST-C1-01,PHC-DST-C1-02,DST-C1,2024-11-10,20.4,31.5,OPEN,LOW
PHC-DST-C1-01,PHC-DST-C1-02,DST-C1,2024-11-11,20.4,31.1,OPEN,LOW
PHC-DST-C1-01,PHC-DST-C1-02,DST-C1,2024-11-12,20.4,33.1,OPEN,LOW
PHC-DST-C1-01,PHC-DST-C1-02,DST-C1,2024-11-13,20.4,30.0,OPEN,LOW
PHC-DST-C1-01,PHC-DST-C1-02,DST-C1,2024-11-14,20.4,29.3,OPEN,LOW
PHC-DST-C1-01,PHC-DST-C1-02,DST-C1,2024-11-15,20.4,31.0,OPEN,LOW
PHC-DST-C1-01,PHC-DST-C1-02,DST-C1,2024-11-16,20.4,29.5,OPEN,LOW
PHC-DST-C1-01,PHC-DST-C1-02,DST-C1,2024-11-17,20.4,30.9,OPEN,LOW
PHC-DST-C1-01,PHC-DST-C1-02,DST-C1,2024-11-18,20.4,33.4,OPEN,LOW
PHC-DST-C1-01,PHC-DST-C1-02,DST-C1,2024-11-19,20.4,29.7,OPEN,LOW
PHC-DST-C1-01,PHC-DST-C1-02,DST-C1,2024-11-20,20.4,33.4,OPEN,LOW
PHC-DST-C1-01,PHC-DST-C1-02,DST-C1,2024-11-21,20.4,33.1,OPEN,LOW
PHC-DST-C1-01,PHC-DST-C1-02,DST-C1,2024-11-22,20.4,30.3,OPEN,LOW
PHC-DST-C1-01,PHC-DST-C1-02,DST-C1,2024-11-23,20.4,32.3,OPEN,LOW
PHC-DST-C1-01,PHC-DST-C1-02,DST-C1,2024-11-24,20.4,29.3,OPEN,LOW
PHC-DST-C1-01,PHC-DST-C1-02,DST-C1,2024-11-25,20.4,31.9,OPEN,LOW
PHC-DST-C1-01,PHC-DST-C1-02,DST-C1,2024-11-26,20.4,32.3,OPEN,LOW
PHC-DST-C1-01,PHC-DST-C1-02,DST-C1,2024-11-27,20.4,29.4,OPEN,LOW
PHC-DST-C1-01,PHC-DST-C1-02,DST-C1,2024-11-28,20.4,31.9,OPEN,LOW
PHC-DST-C1-01,PHC-DST-C1-02,DST-C1,2024-11-29,20.4,32.5,OPEN,LOW
PHC-DST-C1-01,PHC-DST-C1-02,DST-C1,2024-11-30,20.4,33.6,OPEN,LOW
PHC-DST-C1-01,PHC-DST-C1-02,DST-C1,2024-12-01,20.4,32.4,OPEN,LOW
PHC-DST-C1-01,PHC-DST-C1-02,DST-C1,2024-12-02,20.4,30.7,OPEN,LOW
PHC-DST-C1-01,PHC-DST-C1-02,DST-C1,2024-12-03,20.4,29.7,OPEN,LOW
PHC-DST-C1-01,PHC-DST-C1-02,DST-C1,2024-12-04,20.4,29.3,OPEN,LOW
PHC-DST-C1-01,PHC-DST-C1-02,DST-C1,2024-12-05,20.4,31.4,OPEN,LOW
PHC-DST-C1-01,PHC-DST-C1-02,DST-C1,2024-12-06,20.4,31.8,OPEN,LOW
PHC-DST-C1-01,PHC-DST-C1-02,DST-C1,2024-12-07,20.4,29.9,OPEN,LOW
PHC-DST-C1-01,PHC-DST-C1-02,DST-C1,2024-12-08,20.4,30.1,OPEN,LOW
PHC-DST-C1-01,PHC-DST-C1-02,DST-C1,2024-12-09,20.4,32.1,OPEN,LOW
PHC-DST-C1-01,PHC-DST-C1-02,DST-C1,2024-12-10,20.4,30.8,OPEN,LOW
PHC-DST-C1-01,PHC-DST-C1-02,DST-C1,2024-12-11,20.4,31.8,OPEN,LOW
PHC-DST-C1-01,PHC-DST-C1-02,DST-C1,2024-12-12,20.4,31.7,OPEN,LOW
PHC-DST-C1-01,PHC-DST-C1-02,DST-C1,2024-12-13,20.4,30.5,OPEN,LOW
PHC-DST-C1-01,PHC-DST-C1-02,DST-C1,2024-12-14,20.4,31.3,OPEN,LOW
PHC-DST-C1-01,PHC-DST-C1-02,DST-C1,2024-12-15,20.4,31.4,OPEN,LOW
PHC-DST-C1-01,PHC-DST-C1-02,DST-C1,2024-12-16,20.4,31.1,OPEN,LOW
PHC-DST-C1-01,PHC-DST-C1-02,DST-C1,2024-12-17,20.4,33.5,OPEN,LOW
PHC-DST-C1-01,PHC-DST-C1-02,DST-C1,2024-12-18,20.4,31.3,OPEN,LOW
PHC-DST-C1-01,PHC-DST-C1-02,DST-C1,2024-12-19,20.4,32.9,OPEN,LOW
PHC-DST-C1-01,PHC-DST-C1-02,DST-C1,2024-12-20,20.4,29.4,OPEN,LOW
PHC-DST-C1-01,PHC-DST-C1-02,DST-C1,2024-12-21,20.4,29.6,OPEN,LOW
PHC-DST-C1-01,PHC-DST-C1-02,DST-C1,2024-12-22,20.4,32.5,OPEN,LOW
PHC-DST-C1-01,PHC-DST-C1-02,DST-C1,2024-12-23,20.4,33.6,OPEN,LOW
PHC-DST-C1-01,PHC-DST-C1-02,DST-C1,2024-12-24,20.4,29.7,OPEN,LOW
PHC-DST-C1-01,PHC-DST-C1-02,DST-C1,2024-12-25,20.4,31.5,OPEN,LOW
PHC-DST-C1-01,PHC-DST-C1-02,DST-C1,2024-12-26,20.4,30.6,OPEN,LOW
PHC-DST-C1-01,PHC-DST-C1-02,DST-C1,2024-12-27,20.4,29.7,OPEN,LOW
PHC-DST-C1-01,PHC-DST-C1-02,DST-C1,2024-12-28,20.4,33.4,OPEN,LOW
PHC-DST-C1-01,PHC-DST-C1-02,DST-C1,2024-12-29,20.4,31.2,OPEN,LOW
PHC-DST-C1-01,PHC-DST-C1-02,DST-C1,2024-12-30,20.4,32.9,OPEN,LOW
PHC-DST-C1-01,PHC-DST-C1-02,DST-C1,2024-12-31,20.4,33.3,OPEN,LOW
PHC-DST-C1-01,PHC-DST-C1-02,DST-C1,2025-01-01,20.4,29.7,OPEN,LOW
PHC-DST-C1-01,PHC-DST-C1-02,DST-C1,2025-01-02,20.4,33.0,OPEN,LOW
PHC-DST-C1-01,PHC-DST-C1-02,DST-C1,2025-01-03,20.4,31.1,OPEN,LOW
PHC-DST-C1-01,PHC-DST-C1-02,DST-C1,2025-01-04,20.4,30.5,OPEN,LOW
PHC-DST-C1-01,PHC-DST-C1-02,DST-C1,2025-01-05,20.4,30.0,OPEN,LOW
PHC-DST-C1-01,PHC-DST-C1-02,DST-C1,2025-01-06,20.4,30.6,OPEN,LOW
PHC-DST-C1-01,PHC-DST-C1-02,DST-C1,2025-01-07,20.4,32.7,OPEN,LOW
PHC-DST-C1-01,PHC-DST-C1-02,DST-C1,2025-01-08,20.4,30.9,OPEN,LOW
PHC-DST-C1-01,PHC-DST-C1-02,DST-C1,2025-01-09,20.4,30.7,OPEN,LOW
PHC-DST-C1-01,PHC-DST-C1-02,DST-C1,2025-01-10,20.4,29.9,OPEN,LOW
PHC-DST-C1-01,PHC-DST-C1-02,DST-C1,2025-01-11,20.4,32.2,OPEN,LOW
PHC-DST-C1-01,PHC-DST-C1-02,DST-C1,2025-01-12,20.4,33.5,OPEN,LOW
PHC-DST-C1-01,PHC-DST-C1-02,DST-C1,2025-01-13,20.4,30.2,OPEN,LOW
PHC-DST-C1-01,PHC-DST-C1-02,DST-C1,2025-01-14,20.4,30.7,OPEN,LOW
PHC-DST-C1-01,PHC-DST-C1-02,DST-C1,2025-01-15,20.4,31.1,OPEN,LOW
PHC-DST-C1-01,PHC-DST-C1-02,DST-C1,2025-01-16,20.4,30.2,OPEN,LOW
PHC-DST-C1-01,PHC-DST-C1-02,DST-C1,2025-01-17,20.4,30.3,OPEN,LOW
PHC-DST-C1-01,PHC-DST-C1-02,DST-C1,2025-01-18,20.4,31.7,OPEN,LOW
PHC-DST-C1-01,PHC-DST-C1-02,DST-C1,2025-01-19,20.4,29.8,OPEN,LOW
PHC-DST-C1-01,PHC-DST-C1-02,DST-C1,2025-01-20,20.4,30.5,OPEN,LOW
PHC-DST-C1-01,PHC-DST-C1-02,DST-C1,2025-01-21,20.4,30.8,OPEN,LOW
PHC-DST-C1-01,PHC-DST-C1-02,DST-C1,2025-01-22,20.4,29.6,OPEN,LOW
PHC-DST-C1-01,PHC-DST-C1-02,DST-C1,2025-01-23,20.4,32.0,OPEN,LOW
PHC-DST-C1-01,PHC-DST-C1-02,DST-C1,2025-01-24,20.4,31.5,OPEN,LOW
PHC-DST-C1-01,PHC-DST-C1-02,DST-C1,2025-01-25,20.4,32.6,OPEN,LOW
PHC-DST-C1-01,PHC-DST-C1-02,DST-C1,2025-01-26,20.4,29.9,OPEN,LOW
PHC-DST-C1-01,PHC-DST-C1-02,DST-C1,2025-01-27,20.4,30.4,OPEN,LOW
PHC-DST-C1-01,PHC-DST-C1-02,DST-C1,2025-01-28,20.4,31.6,OPEN,LOW
PHC-DST-C1-01,PHC-DST-C1-02,DST-C1,2025-01-29,20.4,29.5,OPEN,LOW
PHC-DST-C1-01,PHC-DST-C1-02,DST-C1,2025-01-30,20.4,29.3,OPEN,LOW
PHC-DST-C1-01,PHC-DST-C1-02,DST-C1,2025-01-31,20.4,32.4,OPEN,LOW
PHC-DST-C1-01,PHC-DST-C1-02,DST-C1,2025-02-01,20.4,30.8,OPEN,LOW
PHC-DST-C1-01,PHC-DST-C1-02,DST-C1,2025-02-02,20.4,31.4,OPEN,LOW
PHC-DST-C1-01,PHC-DST-C1-02,DST-C1,2025-02-03,20.4,31.1,OPEN,LOW
PHC-DST-C1-01,PHC-DST-C1-02,DST-C1,2025-02-04,20.4,29.6,OPEN,LOW
PHC-DST-C1-01,PHC-DST-C1-02,DST-C1,2025-02-05,20.4,32.7,OPEN,LOW
PHC-DST-C1-01,PHC-DST-C1-02,DST-C1,2025-02-06,20.4,31.7,OPEN,LOW
PHC-DST-C1-01,PHC-DST-C1-02,DST-C1,2025-02-07,20.4,29.5,OPEN,LOW
PHC-DST-C1-01,PHC-DST-C1-02,DST-C1,2025-02-08,20.4,32.9,OPEN,LOW
PHC-DST-C1-01,PHC-DST-C1-02,DST-C1,2025-02-09,20.4,31.6,OPEN,LOW
PHC-DST-C1-01,PHC-DST-C1-02,DST-C1,2025-02-10,20.4,33.6,OPEN,LOW
PHC-DST-C1-01,PHC-DST-C1-02,DST-C1,2025-02-11,20.4,32.8,OPEN,LOW
PHC-DST-C1-01,PHC-DST-C1-02,DST-C1,2025-02-12,20.4,32.5,OPEN,LOW
PHC-DST-C1-01,PHC-DST-C1-02,DST-C1,2025-02-13,20.4,30.0,OPEN,LOW
PHC-DST-C1-01,PHC-DST-C1-02,DST-C1,2025-02-14,20.4,33.6,OPEN,LOW
PHC-DST-C1-01,PHC-DST-C1-02,DST-C1,2025-02-15,20.4,32.5,OPEN,LOW
PHC-DST-C1-01,PHC-DST-C1-02,DST-C1,2025-02-16,20.4,31.9,OPEN,LOW
PHC-DST-C1-01,PHC-DST-C1-02,DST-C1,2025-02-17,20.4,32.3,OPEN,LOW
PHC-DST-C1-01,PHC-DST-C1-02,DST-C1,2025-02-18,20.4,30.9,OPEN,LOW
PHC-DST-C1-01,PHC-DST-C1-02,DST-C1,2025-02-19,20.4,32.2,OPEN,LOW
PHC-DST-C1-01,PHC-DST-C1-02,DST-C1,2025-02-20,20.4,32.4,OPEN,LOW
PHC-DST-C1-01,PHC-DST-C1-02,DST-C1,2025-02-21,20.4,31.3,OPEN,LOW
PHC-DST-C1-01,PHC-DST-C1-02,DST-C1,2025-02-22,20.4,32.1,OPEN,LOW
PHC-DST-C1-01,PHC-DST-C1-02,DST-C1,2025-02-23,20.4,32.7,OPEN,LOW
PHC-DST-C1-01,PHC-DST-C1-02,DST-C1,2025-02-24,20.4,30.1,OPEN,LOW
PHC-DST-C1-01,PHC-DST-C1-02,DST-C1,2025-02-25,20.4,31.2,OPEN,LOW
PHC-DST-C1-01,PHC-DST-C1-02,DST-C1,2025-02-26,20.4,31.4,OPEN,LOW
PHC-DST-C1-01,PHC-DST-C1-02,DST-C1,2025-02-27,20.4,33.3,OPEN,LOW
PHC-DST-C1-01,PHC-DST-C1-02,DST-C1,2025-02-28,20.4,31.6,OPEN,LOW
PHC-DST-C1-01,PHC-DST-C1-02,DST-C1,2025-03-01,20.4,30.4,OPEN,LOW
PHC-DST-C1-01,PHC-DST-C1-02,DST-C1,2025-03-02,20.4,33.6,OPEN,LOW
PHC-DST-C1-01,PHC-DST-C1-02,DST-C1,2025-03-03,20.4,29.7,OPEN,LOW
PHC-DST-C1-01,PHC-DST-C1-02,DST-C1,2025-03-04,20.4,29.8,OPEN,LOW
PHC-DST-C1-01,PHC-DST-C1-02,DST-C1,2025-03-05,20.4,32.3,OPEN,LOW
PHC-DST-C1-01,PHC-DST-C1-02,DST-C1,2025-03-06,20.4,30.5,OPEN,LOW
PHC-DST-C1-01,PHC-DST-C1-02,DST-C1,2025-03-07,20.4,32.0,OPEN,LOW
PHC-DST-C1-01,PHC-DST-C1-02,DST-C1,2025-03-08,20.4,31.0,OPEN,LOW
PHC-DST-C1-01,PHC-DST-C1-02,DST-C1,2025-03-09,20.4,33.4,OPEN,LOW
PHC-DST-C1-01,PHC-DST-C1-02,DST-C1,2025-03-10,20.4,32.9,OPEN,LOW
PHC-DST-C1-01,PHC-DST-C1-02,DST-C1,2025-03-11,20.4,31.2,OPEN,LOW
PHC-DST-C1-01,PHC-DST-C1-02,DST-C1,2025-03-12,20.4,33.6,OPEN,LOW
PHC-DST-C1-01,PHC-DST-C1-02,DST-C1,2025-03-13,20.4,33.1,OPEN,LOW
PHC-DST-C1-01,PHC-DST-C1-02,DST-C1,2025-03-14,20.4,31.3,OPEN,LOW
PHC-DST-C1-01,PHC-DST-C1-02,DST-C1,2025-03-15,20.4,32.1,OPEN,LOW
PHC-DST-C1-01,PHC-DST-C1-02,DST-C1,2025-03-16,20.4,30.1,OPEN,LOW
PHC-DST-C1-01,PHC-DST-C1-02,DST-C1,2025-03-17,20.4,31.4,OPEN,LOW
PHC-DST-C1-01,PHC-DST-C1-02,DST-C1,2025-03-18,20.4,31.7,OPEN,LOW
PHC-DST-C1-01,PHC-DST-C1-02,DST-C1,2025-03-19,20.4,30.8,OPEN,LOW
PHC-DST-C1-01,PHC-DST-C1-02,DST-C1,2025-03-20,20.4,32.6,OPEN,LOW
PHC-DST-C1-01,PHC-DST-C1-02,DST-C1,2025-03-21,20.4,29.6,OPEN,LOW
PHC-DST-C1-01,PHC-DST-C1-02,DST-C1,2025-03-22,20.4,31.7,OPEN,LOW
PHC-DST-C1-01,PHC-DST-C1-02,DST-C1,2025-03-23,20.4,33.2,OPEN,LOW
PHC-DST-C1-01,PHC-DST-C1-02,DST-C1,2025-03-24,20.4,30.1,OPEN,LOW
PHC-DST-C1-01,PHC-DST-C1-02,DST-C1,2025-03-25,20.4,33.2,OPEN,LOW
PHC-DST-C1-01,PHC-DST-C1-02,DST-C1,2025-03-26,20.4,31.0,OPEN,LOW
PHC-DST-C1-01,PHC-DST-C1-02,DST-C1,2025-03-27,20.4,30.7,OPEN,LOW
PHC-DST-C1-01,PHC-DST-C1-02,DST-C1,2025-03-28,20.4,29.6,OPEN,LOW
PHC-DST-C1-01,PHC-DST-C1-02,DST-C1,2025-03-29,20.4,30.3,OPEN,LOW
PHC-DST-C1-01,PHC-DST-C1-02,DST-C1,2025-03-30,20.4,30.3,OPEN,LOW
PHC-DST-C1-01,PHC-DST-C1-02,DST-C1,2025-03-31,20.4,30.8,OPEN,LOW
PHC-DST-C1-01,PHC-DST-C1-02,DST-C1,2025-04-01,20.4,33.2,OPEN,LOW
PHC-DST-C1-01,PHC-DST-C1-02,DST-C1,2025-04-02,20.4,30.0,OPEN,LOW
PHC-DST-C1-01,PHC-DST-C1-02,DST-C1,2025-04-03,20.4,31.3,OPEN,LOW
PHC-DST-C1-01,PHC-DST-C1-02,DST-C1,2025-04-04,20.4,30.9,OPEN,LOW
PHC-DST-C1-01,PHC-DST-C1-02,DST-C1,2025-04-05,20.4,31.7,OPEN,LOW
PHC-DST-C1-01,PHC-DST-C1-02,DST-C1,2025-04-06,20.4,31.8,OPEN,LOW
PHC-DST-C1-01,PHC-DST-C1-02,DST-C1,2025-04-07,20.4,29.6,OPEN,LOW
PHC-DST-C1-01,PHC-DST-C1-02,DST-C1,2025-04-08,20.4,30.7,OPEN,LOW
PHC-DST-C1-01,PHC-DST-C1-02,DST-C1,2025-04-09,20.4,33.1,OPEN,LOW
PHC-DST-C1-01,PHC-DST-C1-02,DST-C1,2025-04-10,20.4,32.3,OPEN,LOW
PHC-DST-C1-01,PHC-DST-C1-02,DST-C1,2025-04-11,20.4,29.7,OPEN,LOW
PHC-DST-C1-01,PHC-DST-C1-02,DST-C1,2025-04-12,20.4,31.6,OPEN,LOW
PHC-DST-C1-01,PHC-DST-C1-02,DST-C1,2025-04-13,20.4,29.9,OPEN,LOW
PHC-DST-C1-01,PHC-DST-C1-02,DST-C1,2025-04-14,20.4,33.2,OPEN,LOW
PHC-DST-C1-01,PHC-DST-C1-02,DST-C1,2025-04-15,20.4,29.1,OPEN,LOW
PHC-DST-C1-01,PHC-DST-C1-02,DST-C1,2025-04-16,20.4,31.7,OPEN,LOW
PHC-DST-C1-01,PHC-DST-C1-02,DST-C1,2025-04-17,20.4,33.6,OPEN,LOW
PHC-DST-C1-01,PHC-DST-C1-02,DST-C1,2025-04-18,20.4,31.4,OPEN,LOW
PHC-DST-C1-01,PHC-DST-C1-02,DST-C1,2025-04-19,20.4,33.2,OPEN,LOW
PHC-DST-C1-01,PHC-DST-C1-02,DST-C1,2025-04-20,20.4,29.5,OPEN,LOW
PHC-DST-C1-01,PHC-DST-C1-02,DST-C1,2025-04-21,20.4,31.4,OPEN,LOW
PHC-DST-C1-01,PHC-DST-C1-02,DST-C1,2025-04-22,20.4,32.1,OPEN,LOW
PHC-DST-C1-01,PHC-DST-C1-02,DST-C1,2025-04-23,20.4,32.7,OPEN,LOW
PHC-DST-C1-01,PHC-DST-C1-02,DST-C1,2025-04-24,20.4,30.9,OPEN,LOW
PHC-DST-C1-01,PHC-DST-C1-02,DST-C1,2025-04-25,20.4,32.6,OPEN,LOW
PHC-DST-C1-01,PHC-DST-C1-02,DST-C1,2025-04-26,20.4,32.9,OPEN,LOW
PHC-DST-C1-01,PHC-DST-C1-02,DST-C1,2025-04-27,20.4,33.4,OPEN,LOW
PHC-DST-C1-01,PHC-DST-C1-02,DST-C1,2025-04-28,20.4,32.8,OPEN,LOW
PHC-DST-C1-01,PHC-DST-C1-02,DST-C1,2025-04-29,20.4,33.1,OPEN,LOW
PHC-DST-C1-01,PHC-DST-C1-02,DST-C1,2025-04-30,20.4,31.4,OPEN,LOW
PHC-DST-C1-01,PHC-DST-C1-02,DST-C1,2025-05-01,20.4,31.8,OPEN,LOW
PHC-DST-C1-01,PHC-DST-C1-02,DST-C1,2025-05-02,20.4,29.7,OPEN,LOW
PHC-DST-C1-01,PHC-DST-C1-02,DST-C1,2025-05-03,20.4,31.1,OPEN,LOW
PHC-DST-C1-01,PHC-DST-C1-02,DST-C1,2025-05-04,20.4,31.1,OPEN,LOW
PHC-DST-C1-01,PHC-DST-C1-02,DST-C1,2025-05-05,20.4,33.1,OPEN,LOW
PHC-DST-C1-01,PHC-DST-C1-02,DST-C1,2025-05-06,20.4,29.1,OPEN,LOW
PHC-DST-C1-01,PHC-DST-C1-02,DST-C1,2025-05-07,20.4,31.8,OPEN,LOW
PHC-DST-C1-01,PHC-DST-C1-02,DST-C1,2025-05-08,20.4,30.1,OPEN,LOW
PHC-DST-C1-01,PHC-DST-C1-02,DST-C1,2025-05-09,20.4,29.3,OPEN,LOW
PHC-DST-C1-01,PHC-DST-C1-02,DST-C1,2025-05-10,20.4,30.2,OPEN,LOW
PHC-DST-C1-01,PHC-DST-C1-02,DST-C1,2025-05-11,20.4,32.1,OPEN,LOW
PHC-DST-C1-01,PHC-DST-C1-02,DST-C1,2025-05-12,20.4,31.5,OPEN,LOW
PHC-DST-C1-01,PHC-DST-C1-02,DST-C1,2025-05-13,20.4,30.8,OPEN,LOW
PHC-DST-C1-01,PHC-DST-C1-02,DST-C1,2025-05-14,20.4,29.6,OPEN,LOW
PHC-DST-C1-01,PHC-DST-C1-02,DST-C1,2025-05-15,20.4,33.4,OPEN,LOW
PHC-DST-C1-01,PHC-DST-C1-02,DST-C1,2025-05-16,20.4,33.6,OPEN,LOW
PHC-DST-C1-01,PHC-DST-C1-02,DST-C1,2025-05-17,20.4,29.8,OPEN,LOW
PHC-DST-C1-01,PHC-DST-C1-02,DST-C1,2025-05-18,20.4,30.3,OPEN,LOW
PHC-DST-C1-01,PHC-DST-C1-02,DST-C1,2025-05-19,20.4,31.0,OPEN,LOW
PHC-DST-C1-01,PHC-DST-C1-02,DST-C1,2025-05-20,20.4,33.1,OPEN,LOW
PHC-DST-C1-01,PHC-DST-C1-02,DST-C1,2025-05-21,20.4,29.5,OPEN,LOW
PHC-DST-C1-01,PHC-DST-C1-02,DST-C1,2025-05-22,20.4,32.7,OPEN,LOW
PHC-DST-C1-01,PHC-DST-C1-02,DST-C1,2025-05-23,20.4,32.9,OPEN,LOW
PHC-DST-C1-01,PHC-DST-C1-02,DST-C1,2025-05-24,20.4,32.2,OPEN,LOW
PHC-DST-C1-01,PHC-DST-C1-02,DST-C1,2025-05-25,20.4,32.3,OPEN,LOW
PHC-DST-C1-01,PHC-DST-C1-02,DST-C1,2025-05-26,20.4,29.6,OPEN,LOW
PHC-DST-C1-01,PHC-DST-C1-02,DST-C1,2025-05-27,20.4,29.7,OPEN,LOW
PHC-DST-C1-01,PHC-DST-C1-02,DST-C1,2025-05-28,20.4,29.2,OPEN,LOW
PHC-DST-C1-01,PHC-DST-C1-02,DST-C1,2025-05-29,20.4,31.4,OPEN,LOW
PHC-DST-C1-01,PHC-DST-C1-02,DST-C1,2025-05-30,20.4,31.2,OPEN,LOW
PHC-DST-C1-01,PHC-DST-C1-02,DST-C1,2025-05-31,20.4,29.4,OPEN,LOW
PHC-DST-C1-01,PHC-DST-C1-02,DST-C1,2025-06-01,20.4,30.3,OPEN,LOW
PHC-DST-C1-01,PHC-DST-C1-02,DST-C1,2025-06-02,20.4,33.2,OPEN,LOW
PHC-DST-C1-01,PHC-DST-C1-02,DST-C1,2025-06-03,20.4,30.2,OPEN,LOW
PHC-DST-C1-01,PHC-DST-C1-02,DST-C1,2025-06-04,20.4,31.4,OPEN,LOW
PHC-DST-C1-01,PHC-DST-C1-02,DST-C1,2025-06-05,20.4,32.4,OPEN,LOW
PHC-DST-C1-01,PHC-DST-C1-02,DST-C1,2025-06-06,20.4,29.5,OPEN,LOW
PHC-DST-C1-01,PHC-DST-C1-02,DST-C1,2025-06-07,20.4,33.2,OPEN,LOW
PHC-DST-C1-01,PHC-DST-C1-02,DST-C1,2025-06-08,20.4,29.4,OPEN,LOW
PHC-DST-C1-01,PHC-DST-C1-02,DST-C1,2025-06-09,20.4,32.0,OPEN,LOW
PHC-DST-C1-01,PHC-DST-C1-02,DST-C1,2025-06-10,20.4,31.2,OPEN,LOW
PHC-DST-C1-01,PHC-DST-C1-02,DST-C1,2025-06-11,20.4,30.2,OPEN,LOW
PHC-DST-C1-01,PHC-DST-C1-02,DST-C1,2025-06-12,20.4,33.3,OPEN,LOW
PHC-DST-C1-01,PHC-DST-C1-02,DST-C1,2025-06-13,20.4,30.2,OPEN,LOW
PHC-DST-C1-01,PHC-DST-C1-02,DST-C1,2025-06-14,20.4,29.7,OPEN,LOW
PHC-DST-C1-01,PHC-DST-C1-02,DST-C1,2025-06-15,20.4,30.9,OPEN,LOW
PHC-DST-C1-01,PHC-DST-C1-02,DST-C1,2025-06-16,20.4,30.9,OPEN,LOW
PHC-DST-C1-01,PHC-DST-C1-02,DST-C1,2025-06-17,20.4,32.5,OPEN,LOW
PHC-DST-C1-01,PHC-DST-C1-02,DST-C1,2025-06-18,20.4,31.9,OPEN,LOW
PHC-DST-C1-01,PHC-DST-C1-02,DST-C1,2025-06-19,20.4,32.3,OPEN,LOW
PHC-DST-C1-01,PHC-DST-C1-02,DST-C1,2025-06-20,20.4,33.0,OPEN,LOW
PHC-DST-C1-01,PHC-DST-C1-02,DST-C1,2025-06-21,20.4,31.6,OPEN,LOW
PHC-DST-C1-01,PHC-DST-C1-02,DST-C1,2025-06-22,20.4,32.0,OPEN,LOW
PHC-DST-C1-01,PHC-DST-C1-02,DST-C1,2025-06-23,20.4,29.9,OPEN,LOW
PHC-DST-C1-01,PHC-DST-C1-02,DST-C1,2025-06-24,20.4,29.3,OPEN,LOW
PHC-DST-C1-01,PHC-DST-C1-02,DST-C1,2025-06-25,20.4,32.5,OPEN,LOW
PHC-DST-C1-01,PHC-DST-C1-02,DST-C1,2025-06-26,20.4,33.0,OPEN,LOW
PHC-DST-C1-01,PHC-DST-C1-02,DST-C1,2025-06-27,20.4,30.0,OPEN,LOW
PHC-DST-C1-01,PHC-DST-C1-02,DST-C1,2025-06-28,20.4,33.5,OPEN,LOW
PHC-DST-C1-01,PHC-DST-C1-02,DST-C1,2025-06-29,20.4,32.9,OPEN,LOW
PHC-DST-C1-01,PHC-DST-C1-02,DST-C1,2025-06-30,20.4,29.2,OPEN,LOW
PHC-DST-C1-02,PHC-DST-C1-03,DST-C1,2024-01-01,22.7,37.1,OPEN,LOW
PHC-DST-C1-02,PHC-DST-C1-03,DST-C1,2024-01-02,22.7,37.0,OPEN,LOW
PHC-DST-C1-02,PHC-DST-C1-03,DST-C1,2024-01-03,22.7,36.0,OPEN,LOW
PHC-DST-C1-02,PHC-DST-C1-03,DST-C1,2024-01-04,22.7,33.4,OPEN,LOW
PHC-DST-C1-02,PHC-DST-C1-03,DST-C1,2024-01-05,22.7,34.5,OPEN,LOW
PHC-DST-C1-02,PHC-DST-C1-03,DST-C1,2024-01-06,22.7,34.0,OPEN,LOW
PHC-DST-C1-02,PHC-DST-C1-03,DST-C1,2024-01-07,22.7,37.3,OPEN,LOW
PHC-DST-C1-02,PHC-DST-C1-03,DST-C1,2024-01-08,22.7,34.5,OPEN,LOW
PHC-DST-C1-02,PHC-DST-C1-03,DST-C1,2024-01-09,22.7,34.3,OPEN,LOW
PHC-DST-C1-02,PHC-DST-C1-03,DST-C1,2024-01-10,22.7,33.9,OPEN,LOW
PHC-DST-C1-02,PHC-DST-C1-03,DST-C1,2024-01-11,22.7,34.9,OPEN,LOW
PHC-DST-C1-02,PHC-DST-C1-03,DST-C1,2024-01-12,22.7,35.6,OPEN,LOW
PHC-DST-C1-02,PHC-DST-C1-03,DST-C1,2024-01-13,22.7,32.9,OPEN,LOW
PHC-DST-C1-02,PHC-DST-C1-03,DST-C1,2024-01-14,22.7,36.9,OPEN,LOW
PHC-DST-C1-02,PHC-DST-C1-03,DST-C1,2024-01-15,22.7,35.8,OPEN,LOW
PHC-DST-C1-02,PHC-DST-C1-03,DST-C1,2024-01-16,22.7,34.8,OPEN,LOW
PHC-DST-C1-02,PHC-DST-C1-03,DST-C1,2024-01-17,22.7,35.5,OPEN,LOW
PHC-DST-C1-02,PHC-DST-C1-03,DST-C1,2024-01-18,22.7,37.4,OPEN,LOW
PHC-DST-C1-02,PHC-DST-C1-03,DST-C1,2024-01-19,22.7,35.4,OPEN,LOW
PHC-DST-C1-02,PHC-DST-C1-03,DST-C1,2024-01-20,22.7,35.1,OPEN,LOW
PHC-DST-C1-02,PHC-DST-C1-03,DST-C1,2024-01-21,22.7,35.4,OPEN,LOW
PHC-DST-C1-02,PHC-DST-C1-03,DST-C1,2024-01-22,22.7,35.1,OPEN,LOW
PHC-DST-C1-02,PHC-DST-C1-03,DST-C1,2024-01-23,22.7,34.6,OPEN,LOW
PHC-DST-C1-02,PHC-DST-C1-03,DST-C1,2024-01-24,22.7,35.4,OPEN,LOW
PHC-DST-C1-02,PHC-DST-C1-03,DST-C1,2024-01-25,22.7,35.0,OPEN,LOW
PHC-DST-C1-02,PHC-DST-C1-03,DST-C1,2024-01-26,22.7,35.4,OPEN,LOW
PHC-DST-C1-02,PHC-DST-C1-03,DST-C1,2024-01-27,22.7,33.8,OPEN,LOW
PHC-DST-C1-02,PHC-DST-C1-03,DST-C1,2024-01-28,22.7,35.3,OPEN,LOW
PHC-DST-C1-02,PHC-DST-C1-03,DST-C1,2024-01-29,22.7,32.6,OPEN,LOW
PHC-DST-C1-02,PHC-DST-C1-03,DST-C1,2024-01-30,22.7,33.3,OPEN,LOW
PHC-DST-C1-02,PHC-DST-C1-03,DST-C1,2024-01-31,22.7,33.2,OPEN,LOW
PHC-DST-C1-02,PHC-DST-C1-03,DST-C1,2024-02-01,22.7,32.4,OPEN,LOW
PHC-DST-C1-02,PHC-DST-C1-03,DST-C1,2024-02-02,22.7,35.4,OPEN,LOW
PHC-DST-C1-02,PHC-DST-C1-03,DST-C1,2024-02-03,22.7,34.9,OPEN,LOW
PHC-DST-C1-02,PHC-DST-C1-03,DST-C1,2024-02-04,22.7,32.3,OPEN,LOW
PHC-DST-C1-02,PHC-DST-C1-03,DST-C1,2024-02-05,22.7,36.4,OPEN,LOW
PHC-DST-C1-02,PHC-DST-C1-03,DST-C1,2024-02-06,22.7,33.0,OPEN,LOW
PHC-DST-C1-02,PHC-DST-C1-03,DST-C1,2024-02-07,22.7,34.6,OPEN,LOW
PHC-DST-C1-02,PHC-DST-C1-03,DST-C1,2024-02-08,22.7,36.0,OPEN,LOW
PHC-DST-C1-02,PHC-DST-C1-03,DST-C1,2024-02-09,22.7,37.4,OPEN,LOW
PHC-DST-C1-02,PHC-DST-C1-03,DST-C1,2024-02-10,22.7,33.1,OPEN,LOW
PHC-DST-C1-02,PHC-DST-C1-03,DST-C1,2024-02-11,22.7,35.3,OPEN,LOW
PHC-DST-C1-02,PHC-DST-C1-03,DST-C1,2024-02-12,22.7,36.3,OPEN,LOW
PHC-DST-C1-02,PHC-DST-C1-03,DST-C1,2024-02-13,22.7,37.2,OPEN,LOW
PHC-DST-C1-02,PHC-DST-C1-03,DST-C1,2024-02-14,22.7,36.7,OPEN,LOW
PHC-DST-C1-02,PHC-DST-C1-03,DST-C1,2024-02-15,22.7,34.0,OPEN,LOW
PHC-DST-C1-02,PHC-DST-C1-03,DST-C1,2024-02-16,22.7,33.3,OPEN,LOW
PHC-DST-C1-02,PHC-DST-C1-03,DST-C1,2024-02-17,22.7,36.1,OPEN,LOW
PHC-DST-C1-02,PHC-DST-C1-03,DST-C1,2024-02-18,22.7,34.6,OPEN,LOW
PHC-DST-C1-02,PHC-DST-C1-03,DST-C1,2024-02-19,22.7,35.9,OPEN,LOW
PHC-DST-C1-02,PHC-DST-C1-03,DST-C1,2024-02-20,22.7,36.4,OPEN,LOW
PHC-DST-C1-02,PHC-DST-C1-03,DST-C1,2024-02-21,22.7,33.9,OPEN,LOW
PHC-DST-C1-02,PHC-DST-C1-03,DST-C1,2024-02-22,22.7,35.1,OPEN,LOW
PHC-DST-C1-02,PHC-DST-C1-03,DST-C1,2024-02-23,22.7,36.2,OPEN,LOW
PHC-DST-C1-02,PHC-DST-C1-03,DST-C1,2024-02-24,22.7,34.1,OPEN,LOW
PHC-DST-C1-02,PHC-DST-C1-03,DST-C1,2024-02-25,22.7,35.9,OPEN,LOW
PHC-DST-C1-02,PHC-DST-C1-03,DST-C1,2024-02-26,22.7,33.1,OPEN,LOW
PHC-DST-C1-02,PHC-DST-C1-03,DST-C1,2024-02-27,22.7,35.5,OPEN,LOW
PHC-DST-C1-02,PHC-DST-C1-03,DST-C1,2024-02-28,22.7,36.2,OPEN,LOW
PHC-DST-C1-02,PHC-DST-C1-03,DST-C1,2024-02-29,22.7,32.4,OPEN,LOW
PHC-DST-C1-02,PHC-DST-C1-03,DST-C1,2024-03-01,22.7,36.9,OPEN,LOW
PHC-DST-C1-02,PHC-DST-C1-03,DST-C1,2024-03-02,22.7,35.1,OPEN,LOW
PHC-DST-C1-02,PHC-DST-C1-03,DST-C1,2024-03-03,22.7,34.6,OPEN,LOW
PHC-DST-C1-02,PHC-DST-C1-03,DST-C1,2024-03-04,22.7,34.9,OPEN,LOW
PHC-DST-C1-02,PHC-DST-C1-03,DST-C1,2024-03-05,22.7,36.2,OPEN,LOW
PHC-DST-C1-02,PHC-DST-C1-03,DST-C1,2024-03-06,22.7,32.9,OPEN,LOW
PHC-DST-C1-02,PHC-DST-C1-03,DST-C1,2024-03-07,22.7,33.7,OPEN,LOW
PHC-DST-C1-02,PHC-DST-C1-03,DST-C1,2024-03-08,22.7,35.5,OPEN,LOW
PHC-DST-C1-02,PHC-DST-C1-03,DST-C1,2024-03-09,22.7,34.2,OPEN,LOW
PHC-DST-C1-02,PHC-DST-C1-03,DST-C1,2024-03-10,22.7,37.1,OPEN,LOW
PHC-DST-C1-02,PHC-DST-C1-03,DST-C1,2024-03-11,22.7,33.7,OPEN,LOW
PHC-DST-C1-02,PHC-DST-C1-03,DST-C1,2024-03-12,22.7,36.7,OPEN,LOW
PHC-DST-C1-02,PHC-DST-C1-03,DST-C1,2024-03-13,22.7,35.4,OPEN,LOW
PHC-DST-C1-02,PHC-DST-C1-03,DST-C1,2024-03-14,22.7,33.4,OPEN,LOW
PHC-DST-C1-02,PHC-DST-C1-03,DST-C1,2024-03-15,22.7,35.0,OPEN,LOW
PHC-DST-C1-02,PHC-DST-C1-03,DST-C1,2024-03-16,22.7,36.6,OPEN,LOW
PHC-DST-C1-02,PHC-DST-C1-03,DST-C1,2024-03-17,22.7,34.8,OPEN,LOW
PHC-DST-C1-02,PHC-DST-C1-03,DST-C1,2024-03-18,22.7,32.9,OPEN,LOW
PHC-DST-C1-02,PHC-DST-C1-03,DST-C1,2024-03-19,22.7,35.5,OPEN,LOW
PHC-DST-C1-02,PHC-DST-C1-03,DST-C1,2024-03-20,22.7,35.8,OPEN,LOW
PHC-DST-C1-02,PHC-DST-C1-03,DST-C1,2024-03-21,22.7,37.3,OPEN,LOW
PHC-DST-C1-02,PHC-DST-C1-03,DST-C1,2024-03-22,22.7,33.2,OPEN,LOW
PHC-DST-C1-02,PHC-DST-C1-03,DST-C1,2024-03-23,22.7,36.0,OPEN,LOW
PHC-DST-C1-02,PHC-DST-C1-03,DST-C1,2024-03-24,22.7,34.6,OPEN,LOW
PHC-DST-C1-02,PHC-DST-C1-03,DST-C1,2024-03-25,22.7,34.8,OPEN,LOW
PHC-DST-C1-02,PHC-DST-C1-03,DST-C1,2024-03-26,22.7,35.9,OPEN,LOW
PHC-DST-C1-02,PHC-DST-C1-03,DST-C1,2024-03-27,22.7,36.4,OPEN,LOW
PHC-DST-C1-02,PHC-DST-C1-03,DST-C1,2024-03-28,22.7,37.2,OPEN,LOW
PHC-DST-C1-02,PHC-DST-C1-03,DST-C1,2024-03-29,22.7,36.4,OPEN,LOW
PHC-DST-C1-02,PHC-DST-C1-03,DST-C1,2024-03-30,22.7,32.9,OPEN,LOW
PHC-DST-C1-02,PHC-DST-C1-03,DST-C1,2024-03-31,22.7,35.7,OPEN,LOW
PHC-DST-C1-02,PHC-DST-C1-03,DST-C1,2024-04-01,22.7,36.9,OPEN,LOW
PHC-DST-C1-02,PHC-DST-C1-03,DST-C1,2024-04-02,22.7,36.3,OPEN,LOW
PHC-DST-C1-02,PHC-DST-C1-03,DST-C1,2024-04-03,22.7,36.7,OPEN,LOW
PHC-DST-C1-02,PHC-DST-C1-03,DST-C1,2024-04-04,22.7,33.1,OPEN,LOW
PHC-DST-C1-02,PHC-DST-C1-03,DST-C1,2024-04-05,22.7,32.8,OPEN,LOW
PHC-DST-C1-02,PHC-DST-C1-03,DST-C1,2024-04-06,22.7,32.4,OPEN,LOW
PHC-DST-C1-02,PHC-DST-C1-03,DST-C1,2024-04-07,22.7,34.5,OPEN,LOW
PHC-DST-C1-02,PHC-DST-C1-03,DST-C1,2024-04-08,22.7,34.6,OPEN,LOW
PHC-DST-C1-02,PHC-DST-C1-03,DST-C1,2024-04-09,22.7,34.6,OPEN,LOW
PHC-DST-C1-02,PHC-DST-C1-03,DST-C1,2024-04-10,22.7,34.4,OPEN,LOW
PHC-DST-C1-02,PHC-DST-C1-03,DST-C1,2024-04-11,22.7,33.8,OPEN,LOW
PHC-DST-C1-02,PHC-DST-C1-03,DST-C1,2024-04-12,22.7,34.5,OPEN,LOW
PHC-DST-C1-02,PHC-DST-C1-03,DST-C1,2024-04-13,22.7,36.4,OPEN,LOW
PHC-DST-C1-02,PHC-DST-C1-03,DST-C1,2024-04-14,22.7,35.0,OPEN,LOW
PHC-DST-C1-02,PHC-DST-C1-03,DST-C1,2024-04-15,22.7,35.3,OPEN,LOW
PHC-DST-C1-02,PHC-DST-C1-03,DST-C1,2024-04-16,22.7,36.1,OPEN,LOW
PHC-DST-C1-02,PHC-DST-C1-03,DST-C1,2024-04-17,22.7,35.6,OPEN,LOW
PHC-DST-C1-02,PHC-DST-C1-03,DST-C1,2024-04-18,22.7,36.1,OPEN,LOW
PHC-DST-C1-02,PHC-DST-C1-03,DST-C1,2024-04-19,22.7,35.7,OPEN,LOW
PHC-DST-C1-02,PHC-DST-C1-03,DST-C1,2024-04-20,22.7,35.2,OPEN,LOW
PHC-DST-C1-02,PHC-DST-C1-03,DST-C1,2024-04-21,22.7,34.7,OPEN,LOW
PHC-DST-C1-02,PHC-DST-C1-03,DST-C1,2024-04-22,22.7,36.2,OPEN,LOW
PHC-DST-C1-02,PHC-DST-C1-03,DST-C1,2024-04-23,22.7,35.0,OPEN,LOW
PHC-DST-C1-02,PHC-DST-C1-03,DST-C1,2024-04-24,22.7,34.2,OPEN,LOW
PHC-DST-C1-02,PHC-DST-C1-03,DST-C1,2024-04-25,22.7,34.4,OPEN,LOW
PHC-DST-C1-02,PHC-DST-C1-03,DST-C1,2024-04-26,22.7,35.3,OPEN,LOW
PHC-DST-C1-02,PHC-DST-C1-03,DST-C1,2024-04-27,22.7,36.0,OPEN,LOW
PHC-DST-C1-02,PHC-DST-C1-03,DST-C1,2024-04-28,22.7,32.8,OPEN,LOW
PHC-DST-C1-02,PHC-DST-C1-03,DST-C1,2024-04-29,22.7,34.0,OPEN,LOW
PHC-DST-C1-02,PHC-DST-C1-03,DST-C1,2024-04-30,22.7,32.6,OPEN,LOW
PHC-DST-C1-02,PHC-DST-C1-03,DST-C1,2024-05-01,22.7,36.3,OPEN,LOW
PHC-DST-C1-02,PHC-DST-C1-03,DST-C1,2024-05-02,22.7,35.1,OPEN,LOW
PHC-DST-C1-02,PHC-DST-C1-03,DST-C1,2024-05-03,22.7,35.0,OPEN,LOW
PHC-DST-C1-02,PHC-DST-C1-03,DST-C1,2024-05-04,22.7,35.8,OPEN,LOW
PHC-DST-C1-02,PHC-DST-C1-03,DST-C1,2024-05-05,22.7,35.7,OPEN,LOW
PHC-DST-C1-02,PHC-DST-C1-03,DST-C1,2024-05-06,22.7,36.0,OPEN,LOW
PHC-DST-C1-02,PHC-DST-C1-03,DST-C1,2024-05-07,22.7,33.2,OPEN,LOW
PHC-DST-C1-02,PHC-DST-C1-03,DST-C1,2024-05-08,22.7,32.7,OPEN,LOW
PHC-DST-C1-02,PHC-DST-C1-03,DST-C1,2024-05-09,22.7,34.8,OPEN,LOW
PHC-DST-C1-02,PHC-DST-C1-03,DST-C1,2024-05-10,22.7,35.7,OPEN,LOW
PHC-DST-C1-02,PHC-DST-C1-03,DST-C1,2024-05-11,22.7,32.9,OPEN,LOW
PHC-DST-C1-02,PHC-DST-C1-03,DST-C1,2024-05-12,22.7,32.4,OPEN,LOW
PHC-DST-C1-02,PHC-DST-C1-03,DST-C1,2024-05-13,22.7,35.0,OPEN,LOW
PHC-DST-C1-02,PHC-DST-C1-03,DST-C1,2024-05-14,22.7,37.0,OPEN,LOW
PHC-DST-C1-02,PHC-DST-C1-03,DST-C1,2024-05-15,22.7,35.3,OPEN,LOW
PHC-DST-C1-02,PHC-DST-C1-03,DST-C1,2024-05-16,22.7,32.9,OPEN,LOW
PHC-DST-C1-02,PHC-DST-C1-03,DST-C1,2024-05-17,22.7,36.5,OPEN,LOW
PHC-DST-C1-02,PHC-DST-C1-03,DST-C1,2024-05-18,22.7,33.7,OPEN,LOW
PHC-DST-C1-02,PHC-DST-C1-03,DST-C1,2024-05-19,22.7,37.3,OPEN,LOW
PHC-DST-C1-02,PHC-DST-C1-03,DST-C1,2024-05-20,22.7,32.5,OPEN,LOW
PHC-DST-C1-02,PHC-DST-C1-03,DST-C1,2024-05-21,22.7,35.1,OPEN,LOW
PHC-DST-C1-02,PHC-DST-C1-03,DST-C1,2024-05-22,22.7,32.4,OPEN,LOW
PHC-DST-C1-02,PHC-DST-C1-03,DST-C1,2024-05-23,22.7,37.3,OPEN,LOW
PHC-DST-C1-02,PHC-DST-C1-03,DST-C1,2024-05-24,22.7,35.8,OPEN,LOW
PHC-DST-C1-02,PHC-DST-C1-03,DST-C1,2024-05-25,22.7,34.9,OPEN,LOW
PHC-DST-C1-02,PHC-DST-C1-03,DST-C1,2024-05-26,22.7,32.9,OPEN,LOW
PHC-DST-C1-02,PHC-DST-C1-03,DST-C1,2024-05-27,22.7,33.1,OPEN,LOW
PHC-DST-C1-02,PHC-DST-C1-03,DST-C1,2024-05-28,22.7,34.1,OPEN,LOW
PHC-DST-C1-02,PHC-DST-C1-03,DST-C1,2024-05-29,22.7,34.9,OPEN,LOW
PHC-DST-C1-02,PHC-DST-C1-03,DST-C1,2024-05-30,22.7,32.4,OPEN,LOW
PHC-DST-C1-02,PHC-DST-C1-03,DST-C1,2024-05-31,22.7,32.9,OPEN,LOW
PHC-DST-C1-02,PHC-DST-C1-03,DST-C1,2024-06-01,22.7,34.6,OPEN,LOW
PHC-DST-C1-02,PHC-DST-C1-03,DST-C1,2024-06-02,22.7,33.7,OPEN,LOW
PHC-DST-C1-02,PHC-DST-C1-03,DST-C1,2024-06-03,22.7,36.6,OPEN,LOW
PHC-DST-C1-02,PHC-DST-C1-03,DST-C1,2024-06-04,22.7,36.2,OPEN,LOW
PHC-DST-C1-02,PHC-DST-C1-03,DST-C1,2024-06-05,22.7,34.3,OPEN,LOW
PHC-DST-C1-02,PHC-DST-C1-03,DST-C1,2024-06-06,22.7,34.2,OPEN,LOW
PHC-DST-C1-02,PHC-DST-C1-03,DST-C1,2024-06-07,22.7,36.8,OPEN,LOW
PHC-DST-C1-02,PHC-DST-C1-03,DST-C1,2024-06-08,22.7,35.7,OPEN,LOW
PHC-DST-C1-02,PHC-DST-C1-03,DST-C1,2024-06-09,22.7,36.4,OPEN,LOW
PHC-DST-C1-02,PHC-DST-C1-03,DST-C1,2024-06-10,22.7,33.2,OPEN,LOW
PHC-DST-C1-02,PHC-DST-C1-03,DST-C1,2024-06-11,22.7,33.4,OPEN,LOW
PHC-DST-C1-02,PHC-DST-C1-03,DST-C1,2024-06-12,22.7,32.9,OPEN,LOW
PHC-DST-C1-02,PHC-DST-C1-03,DST-C1,2024-06-13,22.7,36.0,OPEN,LOW
PHC-DST-C1-02,PHC-DST-C1-03,DST-C1,2024-06-14,22.7,36.6,OPEN,LOW
PHC-DST-C1-02,PHC-DST-C1-03,DST-C1,2024-06-15,22.7,33.8,OPEN,LOW
PHC-DST-C1-02,PHC-DST-C1-03,DST-C1,2024-06-16,22.7,36.3,OPEN,LOW
PHC-DST-C1-02,PHC-DST-C1-03,DST-C1,2024-06-17,22.7,36.9,OPEN,LOW
PHC-DST-C1-02,PHC-DST-C1-03,DST-C1,2024-06-18,22.7,36.6,OPEN,LOW
PHC-DST-C1-02,PHC-DST-C1-03,DST-C1,2024-06-19,22.7,36.1,OPEN,LOW
PHC-DST-C1-02,PHC-DST-C1-03,DST-C1,2024-06-20,22.7,34.1,OPEN,LOW
PHC-DST-C1-02,PHC-DST-C1-03,DST-C1,2024-06-21,22.7,33.0,OPEN,LOW
PHC-DST-C1-02,PHC-DST-C1-03,DST-C1,2024-06-22,22.7,36.8,OPEN,LOW
PHC-DST-C1-02,PHC-DST-C1-03,DST-C1,2024-06-23,22.7,36.3,OPEN,LOW
PHC-DST-C1-02,PHC-DST-C1-03,DST-C1,2024-06-24,22.7,36.1,OPEN,LOW
PHC-DST-C1-02,PHC-DST-C1-03,DST-C1,2024-06-25,22.7,37.2,OPEN,LOW
PHC-DST-C1-02,PHC-DST-C1-03,DST-C1,2024-06-26,22.7,33.3,OPEN,LOW
PHC-DST-C1-02,PHC-DST-C1-03,DST-C1,2024-06-27,22.7,37.1,OPEN,LOW
PHC-DST-C1-02,PHC-DST-C1-03,DST-C1,2024-06-28,22.7,32.5,OPEN,LOW
PHC-DST-C1-02,PHC-DST-C1-03,DST-C1,2024-06-29,22.7,36.3,OPEN,LOW
PHC-DST-C1-02,PHC-DST-C1-03,DST-C1,2024-06-30,22.7,34.5,OPEN,LOW
PHC-DST-C1-02,PHC-DST-C1-03,DST-C1,2024-07-01,22.7,32.6,OPEN,LOW
PHC-DST-C1-02,PHC-DST-C1-03,DST-C1,2024-07-02,22.7,36.7,OPEN,LOW
PHC-DST-C1-02,PHC-DST-C1-03,DST-C1,2024-07-03,22.7,37.2,OPEN,LOW
PHC-DST-C1-02,PHC-DST-C1-03,DST-C1,2024-07-04,22.7,36.0,OPEN,LOW
PHC-DST-C1-02,PHC-DST-C1-03,DST-C1,2024-07-05,22.7,36.3,OPEN,LOW
PHC-DST-C1-02,PHC-DST-C1-03,DST-C1,2024-07-06,22.7,34.5,OPEN,LOW
PHC-DST-C1-02,PHC-DST-C1-03,DST-C1,2024-07-07,22.7,32.7,OPEN,LOW
PHC-DST-C1-02,PHC-DST-C1-03,DST-C1,2024-07-08,22.7,36.4,OPEN,LOW
PHC-DST-C1-02,PHC-DST-C1-03,DST-C1,2024-07-09,22.7,35.4,OPEN,LOW
PHC-DST-C1-02,PHC-DST-C1-03,DST-C1,2024-07-10,22.7,33.2,OPEN,LOW
PHC-DST-C1-02,PHC-DST-C1-03,DST-C1,2024-07-11,22.7,36.9,OPEN,LOW
PHC-DST-C1-02,PHC-DST-C1-03,DST-C1,2024-07-12,22.7,36.2,OPEN,LOW
PHC-DST-C1-02,PHC-DST-C1-03,DST-C1,2024-07-13,22.7,32.4,OPEN,LOW
PHC-DST-C1-02,PHC-DST-C1-03,DST-C1,2024-07-14,22.7,35.1,OPEN,LOW
PHC-DST-C1-02,PHC-DST-C1-03,DST-C1,2024-07-15,22.7,35.6,OPEN,LOW
PHC-DST-C1-02,PHC-DST-C1-03,DST-C1,2024-07-16,22.7,36.9,OPEN,LOW
PHC-DST-C1-02,PHC-DST-C1-03,DST-C1,2024-07-17,22.7,33.0,OPEN,LOW
PHC-DST-C1-02,PHC-DST-C1-03,DST-C1,2024-07-18,22.7,34.6,OPEN,LOW
PHC-DST-C1-02,PHC-DST-C1-03,DST-C1,2024-07-19,22.7,36.1,OPEN,LOW
PHC-DST-C1-02,PHC-DST-C1-03,DST-C1,2024-07-20,22.7,36.5,OPEN,LOW
PHC-DST-C1-02,PHC-DST-C1-03,DST-C1,2024-07-21,22.7,35.7,OPEN,LOW
PHC-DST-C1-02,PHC-DST-C1-03,DST-C1,2024-07-22,22.7,35.2,OPEN,LOW
PHC-DST-C1-02,PHC-DST-C1-03,DST-C1,2024-07-23,22.7,34.1,OPEN,LOW
PHC-DST-C1-02,PHC-DST-C1-03,DST-C1,2024-07-24,22.7,33.3,OPEN,LOW
PHC-DST-C1-02,PHC-DST-C1-03,DST-C1,2024-07-25,22.7,32.3,OPEN,LOW
PHC-DST-C1-02,PHC-DST-C1-03,DST-C1,2024-07-26,22.7,36.5,OPEN,LOW
PHC-DST-C1-02,PHC-DST-C1-03,DST-C1,2024-07-27,22.7,33.4,OPEN,LOW
PHC-DST-C1-02,PHC-DST-C1-03,DST-C1,2024-07-28,22.7,37.4,OPEN,LOW
PHC-DST-C1-02,PHC-DST-C1-03,DST-C1,2024-07-29,22.7,36.5,OPEN,LOW
PHC-DST-C1-02,PHC-DST-C1-03,DST-C1,2024-07-30,22.7,32.7,OPEN,LOW
PHC-DST-C1-02,PHC-DST-C1-03,DST-C1,2024-07-31,22.7,33.0,OPEN,LOW
PHC-DST-C1-02,PHC-DST-C1-03,DST-C1,2024-08-01,22.7,36.9,OPEN,LOW
PHC-DST-C1-02,PHC-DST-C1-03,DST-C1,2024-08-02,22.7,34.6,OPEN,LOW
PHC-DST-C1-02,PHC-DST-C1-03,DST-C1,2024-08-03,22.7,36.9,OPEN,LOW
PHC-DST-C1-02,PHC-DST-C1-03,DST-C1,2024-08-04,22.7,34.0,OPEN,LOW
PHC-DST-C1-02,PHC-DST-C1-03,DST-C1,2024-08-05,22.7,35.3,OPEN,LOW
PHC-DST-C1-02,PHC-DST-C1-03,DST-C1,2024-08-06,22.7,32.7,OPEN,LOW
PHC-DST-C1-02,PHC-DST-C1-03,DST-C1,2024-08-07,22.7,32.6,OPEN,LOW
PHC-DST-C1-02,PHC-DST-C1-03,DST-C1,2024-08-08,22.7,36.2,OPEN,LOW
PHC-DST-C1-02,PHC-DST-C1-03,DST-C1,2024-08-09,22.7,35.6,OPEN,LOW
PHC-DST-C1-02,PHC-DST-C1-03,DST-C1,2024-08-10,22.7,33.7,OPEN,LOW
PHC-DST-C1-02,PHC-DST-C1-03,DST-C1,2024-08-11,22.7,35.7,OPEN,LOW
PHC-DST-C1-02,PHC-DST-C1-03,DST-C1,2024-08-12,22.7,37.0,OPEN,LOW
PHC-DST-C1-02,PHC-DST-C1-03,DST-C1,2024-08-13,22.7,37.0,OPEN,LOW
PHC-DST-C1-02,PHC-DST-C1-03,DST-C1,2024-08-14,22.7,198.5,BLOCKED,SEVERE
PHC-DST-C1-02,PHC-DST-C1-03,DST-C1,2024-08-15,22.7,34.9,OPEN,LOW
PHC-DST-C1-02,PHC-DST-C1-03,DST-C1,2024-08-16,22.7,35.5,OPEN,LOW
PHC-DST-C1-02,PHC-DST-C1-03,DST-C1,2024-08-17,22.7,33.4,OPEN,LOW
PHC-DST-C1-02,PHC-DST-C1-03,DST-C1,2024-08-18,22.7,35.4,OPEN,LOW
PHC-DST-C1-02,PHC-DST-C1-03,DST-C1,2024-08-19,22.7,34.9,OPEN,LOW
PHC-DST-C1-02,PHC-DST-C1-03,DST-C1,2024-08-20,22.7,34.8,OPEN,LOW
PHC-DST-C1-02,PHC-DST-C1-03,DST-C1,2024-08-21,22.7,34.7,OPEN,LOW
PHC-DST-C1-02,PHC-DST-C1-03,DST-C1,2024-08-22,22.7,34.0,OPEN,LOW
PHC-DST-C1-02,PHC-DST-C1-03,DST-C1,2024-08-23,22.7,33.1,OPEN,LOW
PHC-DST-C1-02,PHC-DST-C1-03,DST-C1,2024-08-24,22.7,33.1,OPEN,LOW
PHC-DST-C1-02,PHC-DST-C1-03,DST-C1,2024-08-25,22.7,36.2,OPEN,LOW
PHC-DST-C1-02,PHC-DST-C1-03,DST-C1,2024-08-26,22.7,37.3,OPEN,LOW
PHC-DST-C1-02,PHC-DST-C1-03,DST-C1,2024-08-27,22.7,34.9,OPEN,LOW
PHC-DST-C1-02,PHC-DST-C1-03,DST-C1,2024-08-28,22.7,36.8,OPEN,LOW
PHC-DST-C1-02,PHC-DST-C1-03,DST-C1,2024-08-29,22.7,34.8,OPEN,LOW
PHC-DST-C1-02,PHC-DST-C1-03,DST-C1,2024-08-30,22.7,37.3,OPEN,LOW
PHC-DST-C1-02,PHC-DST-C1-03,DST-C1,2024-08-31,22.7,37.3,OPEN,LOW
PHC-DST-C1-02,PHC-DST-C1-03,DST-C1,2024-09-01,22.7,32.5,OPEN,LOW
PHC-DST-C1-02,PHC-DST-C1-03,DST-C1,2024-09-02,22.7,35.6,OPEN,LOW
PHC-DST-C1-02,PHC-DST-C1-03,DST-C1,2024-09-03,22.7,37.3,OPEN,LOW
PHC-DST-C1-02,PHC-DST-C1-03,DST-C1,2024-09-04,22.7,33.8,OPEN,LOW
PHC-DST-C1-02,PHC-DST-C1-03,DST-C1,2024-09-05,22.7,36.1,OPEN,LOW
PHC-DST-C1-02,PHC-DST-C1-03,DST-C1,2024-09-06,22.7,35.0,OPEN,LOW
PHC-DST-C1-02,PHC-DST-C1-03,DST-C1,2024-09-07,22.7,33.2,OPEN,LOW
PHC-DST-C1-02,PHC-DST-C1-03,DST-C1,2024-09-08,22.7,96.9,DEGRADED,SEVERE
PHC-DST-C1-02,PHC-DST-C1-03,DST-C1,2024-09-09,22.7,35.1,OPEN,LOW
PHC-DST-C1-02,PHC-DST-C1-03,DST-C1,2024-09-10,22.7,34.8,OPEN,LOW
PHC-DST-C1-02,PHC-DST-C1-03,DST-C1,2024-09-11,22.7,33.6,OPEN,LOW
PHC-DST-C1-02,PHC-DST-C1-03,DST-C1,2024-09-12,22.7,35.3,OPEN,LOW
PHC-DST-C1-02,PHC-DST-C1-03,DST-C1,2024-09-13,22.7,37.0,OPEN,LOW
PHC-DST-C1-02,PHC-DST-C1-03,DST-C1,2024-09-14,22.7,34.0,OPEN,LOW
PHC-DST-C1-02,PHC-DST-C1-03,DST-C1,2024-09-15,22.7,37.1,OPEN,LOW
PHC-DST-C1-02,PHC-DST-C1-03,DST-C1,2024-09-16,22.7,36.1,OPEN,LOW
PHC-DST-C1-02,PHC-DST-C1-03,DST-C1,2024-09-17,22.7,33.2,OPEN,LOW
PHC-DST-C1-02,PHC-DST-C1-03,DST-C1,2024-09-18,22.7,32.9,OPEN,LOW
PHC-DST-C1-02,PHC-DST-C1-03,DST-C1,2024-09-19,22.7,34.2,OPEN,LOW
PHC-DST-C1-02,PHC-DST-C1-03,DST-C1,2024-09-20,22.7,33.4,OPEN,LOW
PHC-DST-C1-02,PHC-DST-C1-03,DST-C1,2024-09-21,22.7,34.0,OPEN,LOW
PHC-DST-C1-02,PHC-DST-C1-03,DST-C1,2024-09-22,22.7,32.9,OPEN,LOW
PHC-DST-C1-02,PHC-DST-C1-03,DST-C1,2024-09-23,22.7,35.6,OPEN,LOW
PHC-DST-C1-02,PHC-DST-C1-03,DST-C1,2024-09-24,22.7,36.8,OPEN,LOW
PHC-DST-C1-02,PHC-DST-C1-03,DST-C1,2024-09-25,22.7,36.9,OPEN,LOW
PHC-DST-C1-02,PHC-DST-C1-03,DST-C1,2024-09-26,22.7,32.9,OPEN,LOW
PHC-DST-C1-02,PHC-DST-C1-03,DST-C1,2024-09-27,22.7,36.6,OPEN,LOW
PHC-DST-C1-02,PHC-DST-C1-03,DST-C1,2024-09-28,22.7,34.1,OPEN,LOW
PHC-DST-C1-02,PHC-DST-C1-03,DST-C1,2024-09-29,22.7,34.0,OPEN,LOW
PHC-DST-C1-02,PHC-DST-C1-03,DST-C1,2024-09-30,22.7,34.6,OPEN,LOW
PHC-DST-C1-02,PHC-DST-C1-03,DST-C1,2024-10-01,22.7,32.7,OPEN,LOW
PHC-DST-C1-02,PHC-DST-C1-03,DST-C1,2024-10-02,22.7,33.9,OPEN,LOW
PHC-DST-C1-02,PHC-DST-C1-03,DST-C1,2024-10-03,22.7,33.9,OPEN,LOW
PHC-DST-C1-02,PHC-DST-C1-03,DST-C1,2024-10-04,22.7,34.1,OPEN,LOW
PHC-DST-C1-02,PHC-DST-C1-03,DST-C1,2024-10-05,22.7,33.4,OPEN,LOW
PHC-DST-C1-02,PHC-DST-C1-03,DST-C1,2024-10-06,22.7,36.2,OPEN,LOW
PHC-DST-C1-02,PHC-DST-C1-03,DST-C1,2024-10-07,22.7,33.5,OPEN,LOW
PHC-DST-C1-02,PHC-DST-C1-03,DST-C1,2024-10-08,22.7,36.1,OPEN,LOW
PHC-DST-C1-02,PHC-DST-C1-03,DST-C1,2024-10-09,22.7,36.7,OPEN,LOW
PHC-DST-C1-02,PHC-DST-C1-03,DST-C1,2024-10-10,22.7,36.0,OPEN,LOW
PHC-DST-C1-02,PHC-DST-C1-03,DST-C1,2024-10-11,22.7,37.1,OPEN,LOW
PHC-DST-C1-02,PHC-DST-C1-03,DST-C1,2024-10-12,22.7,35.5,OPEN,LOW
PHC-DST-C1-02,PHC-DST-C1-03,DST-C1,2024-10-13,22.7,34.1,OPEN,LOW
PHC-DST-C1-02,PHC-DST-C1-03,DST-C1,2024-10-14,22.7,33.4,OPEN,LOW
PHC-DST-C1-02,PHC-DST-C1-03,DST-C1,2024-10-15,22.7,35.0,OPEN,LOW
PHC-DST-C1-02,PHC-DST-C1-03,DST-C1,2024-10-16,22.7,33.1,OPEN,LOW
PHC-DST-C1-02,PHC-DST-C1-03,DST-C1,2024-10-17,22.7,33.2,OPEN,LOW
PHC-DST-C1-02,PHC-DST-C1-03,DST-C1,2024-10-18,22.7,35.2,OPEN,LOW
PHC-DST-C1-02,PHC-DST-C1-03,DST-C1,2024-10-19,22.7,35.4,OPEN,LOW
PHC-DST-C1-02,PHC-DST-C1-03,DST-C1,2024-10-20,22.7,34.8,OPEN,LOW
PHC-DST-C1-02,PHC-DST-C1-03,DST-C1,2024-10-21,22.7,36.2,OPEN,LOW
PHC-DST-C1-02,PHC-DST-C1-03,DST-C1,2024-10-22,22.7,36.2,OPEN,LOW
PHC-DST-C1-02,PHC-DST-C1-03,DST-C1,2024-10-23,22.7,35.6,OPEN,LOW
PHC-DST-C1-02,PHC-DST-C1-03,DST-C1,2024-10-24,22.7,36.8,OPEN,LOW
PHC-DST-C1-02,PHC-DST-C1-03,DST-C1,2024-10-25,22.7,34.1,OPEN,LOW
PHC-DST-C1-02,PHC-DST-C1-03,DST-C1,2024-10-26,22.7,37.1,OPEN,LOW
PHC-DST-C1-02,PHC-DST-C1-03,DST-C1,2024-10-27,22.7,32.7,OPEN,LOW
PHC-DST-C1-02,PHC-DST-C1-03,DST-C1,2024-10-28,22.7,33.8,OPEN,LOW
PHC-DST-C1-02,PHC-DST-C1-03,DST-C1,2024-10-29,22.7,34.8,OPEN,LOW
PHC-DST-C1-02,PHC-DST-C1-03,DST-C1,2024-10-30,22.7,36.2,OPEN,LOW
PHC-DST-C1-02,PHC-DST-C1-03,DST-C1,2024-10-31,22.7,35.7,OPEN,LOW
PHC-DST-C1-02,PHC-DST-C1-03,DST-C1,2024-11-01,22.7,34.6,OPEN,LOW
PHC-DST-C1-02,PHC-DST-C1-03,DST-C1,2024-11-02,22.7,35.0,OPEN,LOW
PHC-DST-C1-02,PHC-DST-C1-03,DST-C1,2024-11-03,22.7,33.3,OPEN,LOW
PHC-DST-C1-02,PHC-DST-C1-03,DST-C1,2024-11-04,22.7,33.0,OPEN,LOW
PHC-DST-C1-02,PHC-DST-C1-03,DST-C1,2024-11-05,22.7,37.2,OPEN,LOW
PHC-DST-C1-02,PHC-DST-C1-03,DST-C1,2024-11-06,22.7,36.2,OPEN,LOW
PHC-DST-C1-02,PHC-DST-C1-03,DST-C1,2024-11-07,22.7,36.7,OPEN,LOW
PHC-DST-C1-02,PHC-DST-C1-03,DST-C1,2024-11-08,22.7,35.4,OPEN,LOW
PHC-DST-C1-02,PHC-DST-C1-03,DST-C1,2024-11-09,22.7,36.2,OPEN,LOW
PHC-DST-C1-02,PHC-DST-C1-03,DST-C1,2024-11-10,22.7,33.9,OPEN,LOW
PHC-DST-C1-02,PHC-DST-C1-03,DST-C1,2024-11-11,22.7,36.7,OPEN,LOW
PHC-DST-C1-02,PHC-DST-C1-03,DST-C1,2024-11-12,22.7,35.7,OPEN,LOW
PHC-DST-C1-02,PHC-DST-C1-03,DST-C1,2024-11-13,22.7,35.9,OPEN,LOW
PHC-DST-C1-02,PHC-DST-C1-03,DST-C1,2024-11-14,22.7,34.8,OPEN,LOW
PHC-DST-C1-02,PHC-DST-C1-03,DST-C1,2024-11-15,22.7,35.6,OPEN,LOW
PHC-DST-C1-02,PHC-DST-C1-03,DST-C1,2024-11-16,22.7,32.3,OPEN,LOW
PHC-DST-C1-02,PHC-DST-C1-03,DST-C1,2024-11-17,22.7,33.0,OPEN,LOW
PHC-DST-C1-02,PHC-DST-C1-03,DST-C1,2024-11-18,22.7,33.4,OPEN,LOW
PHC-DST-C1-02,PHC-DST-C1-03,DST-C1,2024-11-19,22.7,37.1,OPEN,LOW
PHC-DST-C1-02,PHC-DST-C1-03,DST-C1,2024-11-20,22.7,36.1,OPEN,LOW
PHC-DST-C1-02,PHC-DST-C1-03,DST-C1,2024-11-21,22.7,37.0,OPEN,LOW
PHC-DST-C1-02,PHC-DST-C1-03,DST-C1,2024-11-22,22.7,36.6,OPEN,LOW
PHC-DST-C1-02,PHC-DST-C1-03,DST-C1,2024-11-23,22.7,32.7,OPEN,LOW
PHC-DST-C1-02,PHC-DST-C1-03,DST-C1,2024-11-24,22.7,35.4,OPEN,LOW
PHC-DST-C1-02,PHC-DST-C1-03,DST-C1,2024-11-25,22.7,37.2,OPEN,LOW
PHC-DST-C1-02,PHC-DST-C1-03,DST-C1,2024-11-26,22.7,34.1,OPEN,LOW
PHC-DST-C1-02,PHC-DST-C1-03,DST-C1,2024-11-27,22.7,34.5,OPEN,LOW
PHC-DST-C1-02,PHC-DST-C1-03,DST-C1,2024-11-28,22.7,35.2,OPEN,LOW
PHC-DST-C1-02,PHC-DST-C1-03,DST-C1,2024-11-29,22.7,33.7,OPEN,LOW
PHC-DST-C1-02,PHC-DST-C1-03,DST-C1,2024-11-30,22.7,35.3,OPEN,LOW
PHC-DST-C1-02,PHC-DST-C1-03,DST-C1,2024-12-01,22.7,36.5,OPEN,LOW
PHC-DST-C1-02,PHC-DST-C1-03,DST-C1,2024-12-02,22.7,33.0,OPEN,LOW
PHC-DST-C1-02,PHC-DST-C1-03,DST-C1,2024-12-03,22.7,33.6,OPEN,LOW
PHC-DST-C1-02,PHC-DST-C1-03,DST-C1,2024-12-04,22.7,35.0,OPEN,LOW
PHC-DST-C1-02,PHC-DST-C1-03,DST-C1,2024-12-05,22.7,34.7,OPEN,LOW
PHC-DST-C1-02,PHC-DST-C1-03,DST-C1,2024-12-06,22.7,36.8,OPEN,LOW
PHC-DST-C1-02,PHC-DST-C1-03,DST-C1,2024-12-07,22.7,35.5,OPEN,LOW
PHC-DST-C1-02,PHC-DST-C1-03,DST-C1,2024-12-08,22.7,34.9,OPEN,LOW
PHC-DST-C1-02,PHC-DST-C1-03,DST-C1,2024-12-09,22.7,32.4,OPEN,LOW
PHC-DST-C1-02,PHC-DST-C1-03,DST-C1,2024-12-10,22.7,33.9,OPEN,LOW
PHC-DST-C1-02,PHC-DST-C1-03,DST-C1,2024-12-11,22.7,36.2,OPEN,LOW
PHC-DST-C1-02,PHC-DST-C1-03,DST-C1,2024-12-12,22.7,37.2,OPEN,LOW
PHC-DST-C1-02,PHC-DST-C1-03,DST-C1,2024-12-13,22.7,36.6,OPEN,LOW
PHC-DST-C1-02,PHC-DST-C1-03,DST-C1,2024-12-14,22.7,32.5,OPEN,LOW
PHC-DST-C1-02,PHC-DST-C1-03,DST-C1,2024-12-15,22.7,35.9,OPEN,LOW
PHC-DST-C1-02,PHC-DST-C1-03,DST-C1,2024-12-16,22.7,33.8,OPEN,LOW
PHC-DST-C1-02,PHC-DST-C1-03,DST-C1,2024-12-17,22.7,32.7,OPEN,LOW
PHC-DST-C1-02,PHC-DST-C1-03,DST-C1,2024-12-18,22.7,34.3,OPEN,LOW
PHC-DST-C1-02,PHC-DST-C1-03,DST-C1,2024-12-19,22.7,37.3,OPEN,LOW
PHC-DST-C1-02,PHC-DST-C1-03,DST-C1,2024-12-20,22.7,34.1,OPEN,LOW
PHC-DST-C1-02,PHC-DST-C1-03,DST-C1,2024-12-21,22.7,33.0,OPEN,LOW
PHC-DST-C1-02,PHC-DST-C1-03,DST-C1,2024-12-22,22.7,34.6,OPEN,LOW
PHC-DST-C1-02,PHC-DST-C1-03,DST-C1,2024-12-23,22.7,33.6,OPEN,LOW
PHC-DST-C1-02,PHC-DST-C1-03,DST-C1,2024-12-24,22.7,36.7,OPEN,LOW
PHC-DST-C1-02,PHC-DST-C1-03,DST-C1,2024-12-25,22.7,32.6,OPEN,LOW
PHC-DST-C1-02,PHC-DST-C1-03,DST-C1,2024-12-26,22.7,34.3,OPEN,LOW
PHC-DST-C1-02,PHC-DST-C1-03,DST-C1,2024-12-27,22.7,37.2,OPEN,LOW
PHC-DST-C1-02,PHC-DST-C1-03,DST-C1,2024-12-28,22.7,36.4,OPEN,LOW
PHC-DST-C1-02,PHC-DST-C1-03,DST-C1,2024-12-29,22.7,34.3,OPEN,LOW
PHC-DST-C1-02,PHC-DST-C1-03,DST-C1,2024-12-30,22.7,36.5,OPEN,LOW
PHC-DST-C1-02,PHC-DST-C1-03,DST-C1,2024-12-31,22.7,36.7,OPEN,LOW
PHC-DST-C1-02,PHC-DST-C1-03,DST-C1,2025-01-01,22.7,33.4,OPEN,LOW
PHC-DST-C1-02,PHC-DST-C1-03,DST-C1,2025-01-02,22.7,34.6,OPEN,LOW
PHC-DST-C1-02,PHC-DST-C1-03,DST-C1,2025-01-03,22.7,33.8,OPEN,LOW
PHC-DST-C1-02,PHC-DST-C1-03,DST-C1,2025-01-04,22.7,32.8,OPEN,LOW
PHC-DST-C1-02,PHC-DST-C1-03,DST-C1,2025-01-05,22.7,35.3,OPEN,LOW
PHC-DST-C1-02,PHC-DST-C1-03,DST-C1,2025-01-06,22.7,36.1,OPEN,LOW
PHC-DST-C1-02,PHC-DST-C1-03,DST-C1,2025-01-07,22.7,33.7,OPEN,LOW
PHC-DST-C1-02,PHC-DST-C1-03,DST-C1,2025-01-08,22.7,32.8,OPEN,LOW
PHC-DST-C1-02,PHC-DST-C1-03,DST-C1,2025-01-09,22.7,33.4,OPEN,LOW
PHC-DST-C1-02,PHC-DST-C1-03,DST-C1,2025-01-10,22.7,32.8,OPEN,LOW
PHC-DST-C1-02,PHC-DST-C1-03,DST-C1,2025-01-11,22.7,33.5,OPEN,LOW
PHC-DST-C1-02,PHC-DST-C1-03,DST-C1,2025-01-12,22.7,32.6,OPEN,LOW
PHC-DST-C1-02,PHC-DST-C1-03,DST-C1,2025-01-13,22.7,36.5,OPEN,LOW
PHC-DST-C1-02,PHC-DST-C1-03,DST-C1,2025-01-14,22.7,32.8,OPEN,LOW
PHC-DST-C1-02,PHC-DST-C1-03,DST-C1,2025-01-15,22.7,33.3,OPEN,LOW
PHC-DST-C1-02,PHC-DST-C1-03,DST-C1,2025-01-16,22.7,34.5,OPEN,LOW
PHC-DST-C1-02,PHC-DST-C1-03,DST-C1,2025-01-17,22.7,33.8,OPEN,LOW
PHC-DST-C1-02,PHC-DST-C1-03,DST-C1,2025-01-18,22.7,36.9,OPEN,LOW
PHC-DST-C1-02,PHC-DST-C1-03,DST-C1,2025-01-19,22.7,35.1,OPEN,LOW
PHC-DST-C1-02,PHC-DST-C1-03,DST-C1,2025-01-20,22.7,34.7,OPEN,LOW
PHC-DST-C1-02,PHC-DST-C1-03,DST-C1,2025-01-21,22.7,35.9,OPEN,LOW
PHC-DST-C1-02,PHC-DST-C1-03,DST-C1,2025-01-22,22.7,34.2,OPEN,LOW
PHC-DST-C1-02,PHC-DST-C1-03,DST-C1,2025-01-23,22.7,33.2,OPEN,LOW
PHC-DST-C1-02,PHC-DST-C1-03,DST-C1,2025-01-24,22.7,36.1,OPEN,LOW
PHC-DST-C1-02,PHC-DST-C1-03,DST-C1,2025-01-25,22.7,33.7,OPEN,LOW
PHC-DST-C1-02,PHC-DST-C1-03,DST-C1,2025-01-26,22.7,34.4,OPEN,LOW
PHC-DST-C1-02,PHC-DST-C1-03,DST-C1,2025-01-27,22.7,36.3,OPEN,LOW
PHC-DST-C1-02,PHC-DST-C1-03,DST-C1,2025-01-28,22.7,35.1,OPEN,LOW
PHC-DST-C1-02,PHC-DST-C1-03,DST-C1,2025-01-29,22.7,34.7,OPEN,LOW
PHC-DST-C1-02,PHC-DST-C1-03,DST-C1,2025-01-30,22.7,34.5,OPEN,LOW
PHC-DST-C1-02,PHC-DST-C1-03,DST-C1,2025-01-31,22.7,35.0,OPEN,LOW
PHC-DST-C1-02,PHC-DST-C1-03,DST-C1,2025-02-01,22.7,36.8,OPEN,LOW
PHC-DST-C1-02,PHC-DST-C1-03,DST-C1,2025-02-02,22.7,33.3,OPEN,LOW
PHC-DST-C1-02,PHC-DST-C1-03,DST-C1,2025-02-03,22.7,33.3,OPEN,LOW
PHC-DST-C1-02,PHC-DST-C1-03,DST-C1,2025-02-04,22.7,35.7,OPEN,LOW
PHC-DST-C1-02,PHC-DST-C1-03,DST-C1,2025-02-05,22.7,32.3,OPEN,LOW
PHC-DST-C1-02,PHC-DST-C1-03,DST-C1,2025-02-06,22.7,34.4,OPEN,LOW
PHC-DST-C1-02,PHC-DST-C1-03,DST-C1,2025-02-07,22.7,34.3,OPEN,LOW
PHC-DST-C1-02,PHC-DST-C1-03,DST-C1,2025-02-08,22.7,33.1,OPEN,LOW
PHC-DST-C1-02,PHC-DST-C1-03,DST-C1,2025-02-09,22.7,32.6,OPEN,LOW
PHC-DST-C1-02,PHC-DST-C1-03,DST-C1,2025-02-10,22.7,32.6,OPEN,LOW
PHC-DST-C1-02,PHC-DST-C1-03,DST-C1,2025-02-11,22.7,33.2,OPEN,LOW
PHC-DST-C1-02,PHC-DST-C1-03,DST-C1,2025-02-12,22.7,37.0,OPEN,LOW
PHC-DST-C1-02,PHC-DST-C1-03,DST-C1,2025-02-13,22.7,34.7,OPEN,LOW
PHC-DST-C1-02,PHC-DST-C1-03,DST-C1,2025-02-14,22.7,34.0,OPEN,LOW
PHC-DST-C1-02,PHC-DST-C1-03,DST-C1,2025-02-15,22.7,34.8,OPEN,LOW
PHC-DST-C1-02,PHC-DST-C1-03,DST-C1,2025-02-16,22.7,36.5,OPEN,LOW
PHC-DST-C1-02,PHC-DST-C1-03,DST-C1,2025-02-17,22.7,33.6,OPEN,LOW
PHC-DST-C1-02,PHC-DST-C1-03,DST-C1,2025-02-18,22.7,35.3,OPEN,LOW
PHC-DST-C1-02,PHC-DST-C1-03,DST-C1,2025-02-19,22.7,33.2,OPEN,LOW
PHC-DST-C1-02,PHC-DST-C1-03,DST-C1,2025-02-20,22.7,34.6,OPEN,LOW
PHC-DST-C1-02,PHC-DST-C1-03,DST-C1,2025-02-21,22.7,35.4,OPEN,LOW
PHC-DST-C1-02,PHC-DST-C1-03,DST-C1,2025-02-22,22.7,32.9,OPEN,LOW
PHC-DST-C1-02,PHC-DST-C1-03,DST-C1,2025-02-23,22.7,35.9,OPEN,LOW
PHC-DST-C1-02,PHC-DST-C1-03,DST-C1,2025-02-24,22.7,36.7,OPEN,LOW
PHC-DST-C1-02,PHC-DST-C1-03,DST-C1,2025-02-25,22.7,35.4,OPEN,LOW
PHC-DST-C1-02,PHC-DST-C1-03,DST-C1,2025-02-26,22.7,33.5,OPEN,LOW
PHC-DST-C1-02,PHC-DST-C1-03,DST-C1,2025-02-27,22.7,34.7,OPEN,LOW
PHC-DST-C1-02,PHC-DST-C1-03,DST-C1,2025-02-28,22.7,32.7,OPEN,LOW
PHC-DST-C1-02,PHC-DST-C1-03,DST-C1,2025-03-01,22.7,34.9,OPEN,LOW
PHC-DST-C1-02,PHC-DST-C1-03,DST-C1,2025-03-02,22.7,34.3,OPEN,LOW
PHC-DST-C1-02,PHC-DST-C1-03,DST-C1,2025-03-03,22.7,34.0,OPEN,LOW
PHC-DST-C1-02,PHC-DST-C1-03,DST-C1,2025-03-04,22.7,37.1,OPEN,LOW
PHC-DST-C1-02,PHC-DST-C1-03,DST-C1,2025-03-05,22.7,35.7,OPEN,LOW
PHC-DST-C1-02,PHC-DST-C1-03,DST-C1,2025-03-06,22.7,32.3,OPEN,LOW
PHC-DST-C1-02,PHC-DST-C1-03,DST-C1,2025-03-07,22.7,35.6,OPEN,LOW
PHC-DST-C1-02,PHC-DST-C1-03,DST-C1,2025-03-08,22.7,36.3,OPEN,LOW
PHC-DST-C1-02,PHC-DST-C1-03,DST-C1,2025-03-09,22.7,35.8,OPEN,LOW
PHC-DST-C1-02,PHC-DST-C1-03,DST-C1,2025-03-10,22.7,34.8,OPEN,LOW
PHC-DST-C1-02,PHC-DST-C1-03,DST-C1,2025-03-11,22.7,35.9,OPEN,LOW
PHC-DST-C1-02,PHC-DST-C1-03,DST-C1,2025-03-12,22.7,35.9,OPEN,LOW
PHC-DST-C1-02,PHC-DST-C1-03,DST-C1,2025-03-13,22.7,33.7,OPEN,LOW
PHC-DST-C1-02,PHC-DST-C1-03,DST-C1,2025-03-14,22.7,35.7,OPEN,LOW
PHC-DST-C1-02,PHC-DST-C1-03,DST-C1,2025-03-15,22.7,36.7,OPEN,LOW
PHC-DST-C1-02,PHC-DST-C1-03,DST-C1,2025-03-16,22.7,33.3,OPEN,LOW
PHC-DST-C1-02,PHC-DST-C1-03,DST-C1,2025-03-17,22.7,36.5,OPEN,LOW
PHC-DST-C1-02,PHC-DST-C1-03,DST-C1,2025-03-18,22.7,34.8,OPEN,LOW
PHC-DST-C1-02,PHC-DST-C1-03,DST-C1,2025-03-19,22.7,32.6,OPEN,LOW
PHC-DST-C1-02,PHC-DST-C1-03,DST-C1,2025-03-20,22.7,35.9,OPEN,LOW
PHC-DST-C1-02,PHC-DST-C1-03,DST-C1,2025-03-21,22.7,35.5,OPEN,LOW
PHC-DST-C1-02,PHC-DST-C1-03,DST-C1,2025-03-22,22.7,36.9,OPEN,LOW
PHC-DST-C1-02,PHC-DST-C1-03,DST-C1,2025-03-23,22.7,34.8,OPEN,LOW
PHC-DST-C1-02,PHC-DST-C1-03,DST-C1,2025-03-24,22.7,34.3,OPEN,LOW
PHC-DST-C1-02,PHC-DST-C1-03,DST-C1,2025-03-25,22.7,34.6,OPEN,LOW
PHC-DST-C1-02,PHC-DST-C1-03,DST-C1,2025-03-26,22.7,37.2,OPEN,LOW
PHC-DST-C1-02,PHC-DST-C1-03,DST-C1,2025-03-27,22.7,35.2,OPEN,LOW
PHC-DST-C1-02,PHC-DST-C1-03,DST-C1,2025-03-28,22.7,33.2,OPEN,LOW
PHC-DST-C1-02,PHC-DST-C1-03,DST-C1,2025-03-29,22.7,33.3,OPEN,LOW
PHC-DST-C1-02,PHC-DST-C1-03,DST-C1,2025-03-30,22.7,33.3,OPEN,LOW
PHC-DST-C1-02,PHC-DST-C1-03,DST-C1,2025-03-31,22.7,36.3,OPEN,LOW
PHC-DST-C1-02,PHC-DST-C1-03,DST-C1,2025-04-01,22.7,37.4,OPEN,LOW
PHC-DST-C1-02,PHC-DST-C1-03,DST-C1,2025-04-02,22.7,34.4,OPEN,LOW
PHC-DST-C1-02,PHC-DST-C1-03,DST-C1,2025-04-03,22.7,36.7,OPEN,LOW
PHC-DST-C1-02,PHC-DST-C1-03,DST-C1,2025-04-04,22.7,35.0,OPEN,LOW
PHC-DST-C1-02,PHC-DST-C1-03,DST-C1,2025-04-05,22.7,33.9,OPEN,LOW
PHC-DST-C1-02,PHC-DST-C1-03,DST-C1,2025-04-06,22.7,36.1,OPEN,LOW
PHC-DST-C1-02,PHC-DST-C1-03,DST-C1,2025-04-07,22.7,35.1,OPEN,LOW
PHC-DST-C1-02,PHC-DST-C1-03,DST-C1,2025-04-08,22.7,37.4,OPEN,LOW
PHC-DST-C1-02,PHC-DST-C1-03,DST-C1,2025-04-09,22.7,35.2,OPEN,LOW
PHC-DST-C1-02,PHC-DST-C1-03,DST-C1,2025-04-10,22.7,33.5,OPEN,LOW
PHC-DST-C1-02,PHC-DST-C1-03,DST-C1,2025-04-11,22.7,33.8,OPEN,LOW
PHC-DST-C1-02,PHC-DST-C1-03,DST-C1,2025-04-12,22.7,34.5,OPEN,LOW
PHC-DST-C1-02,PHC-DST-C1-03,DST-C1,2025-04-13,22.7,33.8,OPEN,LOW
PHC-DST-C1-02,PHC-DST-C1-03,DST-C1,2025-04-14,22.7,32.5,OPEN,LOW
PHC-DST-C1-02,PHC-DST-C1-03,DST-C1,2025-04-15,22.7,32.4,OPEN,LOW
PHC-DST-C1-02,PHC-DST-C1-03,DST-C1,2025-04-16,22.7,33.9,OPEN,LOW
PHC-DST-C1-02,PHC-DST-C1-03,DST-C1,2025-04-17,22.7,34.5,OPEN,LOW
PHC-DST-C1-02,PHC-DST-C1-03,DST-C1,2025-04-18,22.7,34.6,OPEN,LOW
PHC-DST-C1-02,PHC-DST-C1-03,DST-C1,2025-04-19,22.7,34.8,OPEN,LOW
PHC-DST-C1-02,PHC-DST-C1-03,DST-C1,2025-04-20,22.7,35.1,OPEN,LOW
PHC-DST-C1-02,PHC-DST-C1-03,DST-C1,2025-04-21,22.7,35.9,OPEN,LOW
PHC-DST-C1-02,PHC-DST-C1-03,DST-C1,2025-04-22,22.7,35.0,OPEN,LOW
PHC-DST-C1-02,PHC-DST-C1-03,DST-C1,2025-04-23,22.7,34.3,OPEN,LOW
PHC-DST-C1-02,PHC-DST-C1-03,DST-C1,2025-04-24,22.7,34.2,OPEN,LOW
PHC-DST-C1-02,PHC-DST-C1-03,DST-C1,2025-04-25,22.7,34.1,OPEN,LOW
PHC-DST-C1-02,PHC-DST-C1-03,DST-C1,2025-04-26,22.7,32.3,OPEN,LOW
PHC-DST-C1-02,PHC-DST-C1-03,DST-C1,2025-04-27,22.7,34.6,OPEN,LOW
PHC-DST-C1-02,PHC-DST-C1-03,DST-C1,2025-04-28,22.7,33.3,OPEN,LOW
PHC-DST-C1-02,PHC-DST-C1-03,DST-C1,2025-04-29,22.7,34.4,OPEN,LOW
PHC-DST-C1-02,PHC-DST-C1-03,DST-C1,2025-04-30,22.7,36.1,OPEN,LOW
PHC-DST-C1-02,PHC-DST-C1-03,DST-C1,2025-05-01,22.7,33.9,OPEN,LOW
PHC-DST-C1-02,PHC-DST-C1-03,DST-C1,2025-05-02,22.7,36.8,OPEN,LOW
PHC-DST-C1-02,PHC-DST-C1-03,DST-C1,2025-05-03,22.7,36.7,OPEN,LOW
PHC-DST-C1-02,PHC-DST-C1-03,DST-C1,2025-05-04,22.7,37.3,OPEN,LOW
PHC-DST-C1-02,PHC-DST-C1-03,DST-C1,2025-05-05,22.7,34.5,OPEN,LOW
PHC-DST-C1-02,PHC-DST-C1-03,DST-C1,2025-05-06,22.7,32.6,OPEN,LOW
PHC-DST-C1-02,PHC-DST-C1-03,DST-C1,2025-05-07,22.7,36.7,OPEN,LOW
PHC-DST-C1-02,PHC-DST-C1-03,DST-C1,2025-05-08,22.7,33.7,OPEN,LOW
PHC-DST-C1-02,PHC-DST-C1-03,DST-C1,2025-05-09,22.7,33.0,OPEN,LOW
PHC-DST-C1-02,PHC-DST-C1-03,DST-C1,2025-05-10,22.7,37.3,OPEN,LOW
PHC-DST-C1-02,PHC-DST-C1-03,DST-C1,2025-05-11,22.7,34.7,OPEN,LOW
PHC-DST-C1-02,PHC-DST-C1-03,DST-C1,2025-05-12,22.7,34.7,OPEN,LOW
PHC-DST-C1-02,PHC-DST-C1-03,DST-C1,2025-05-13,22.7,33.5,OPEN,LOW
PHC-DST-C1-02,PHC-DST-C1-03,DST-C1,2025-05-14,22.7,34.7,OPEN,LOW
PHC-DST-C1-02,PHC-DST-C1-03,DST-C1,2025-05-15,22.7,34.8,OPEN,LOW
PHC-DST-C1-02,PHC-DST-C1-03,DST-C1,2025-05-16,22.7,36.3,OPEN,LOW
PHC-DST-C1-02,PHC-DST-C1-03,DST-C1,2025-05-17,22.7,32.6,OPEN,LOW
PHC-DST-C1-02,PHC-DST-C1-03,DST-C1,2025-05-18,22.7,37.2,OPEN,LOW
PHC-DST-C1-02,PHC-DST-C1-03,DST-C1,2025-05-19,22.7,32.6,OPEN,LOW
PHC-DST-C1-02,PHC-DST-C1-03,DST-C1,2025-05-20,22.7,34.2,OPEN,LOW
PHC-DST-C1-02,PHC-DST-C1-03,DST-C1,2025-05-21,22.7,35.1,OPEN,LOW
PHC-DST-C1-02,PHC-DST-C1-03,DST-C1,2025-05-22,22.7,34.7,OPEN,LOW
PHC-DST-C1-02,PHC-DST-C1-03,DST-C1,2025-05-23,22.7,34.0,OPEN,LOW
PHC-DST-C1-02,PHC-DST-C1-03,DST-C1,2025-05-24,22.7,33.4,OPEN,LOW
PHC-DST-C1-02,PHC-DST-C1-03,DST-C1,2025-05-25,22.7,36.7,OPEN,LOW
PHC-DST-C1-02,PHC-DST-C1-03,DST-C1,2025-05-26,22.7,33.6,OPEN,LOW
PHC-DST-C1-02,PHC-DST-C1-03,DST-C1,2025-05-27,22.7,32.4,OPEN,LOW
PHC-DST-C1-02,PHC-DST-C1-03,DST-C1,2025-05-28,22.7,34.3,OPEN,LOW
PHC-DST-C1-02,PHC-DST-C1-03,DST-C1,2025-05-29,22.7,33.3,OPEN,LOW
PHC-DST-C1-02,PHC-DST-C1-03,DST-C1,2025-05-30,22.7,35.5,OPEN,LOW
PHC-DST-C1-02,PHC-DST-C1-03,DST-C1,2025-05-31,22.7,36.0,OPEN,LOW
PHC-DST-C1-02,PHC-DST-C1-03,DST-C1,2025-06-01,22.7,35.0,OPEN,LOW
PHC-DST-C1-02,PHC-DST-C1-03,DST-C1,2025-06-02,22.7,32.3,OPEN,LOW
PHC-DST-C1-02,PHC-DST-C1-03,DST-C1,2025-06-03,22.7,34.2,OPEN,LOW
PHC-DST-C1-02,PHC-DST-C1-03,DST-C1,2025-06-04,22.7,34.6,OPEN,LOW
PHC-DST-C1-02,PHC-DST-C1-03,DST-C1,2025-06-05,22.7,35.3,OPEN,LOW
PHC-DST-C1-02,PHC-DST-C1-03,DST-C1,2025-06-06,22.7,36.1,OPEN,LOW
PHC-DST-C1-02,PHC-DST-C1-03,DST-C1,2025-06-07,22.7,34.0,OPEN,LOW
PHC-DST-C1-02,PHC-DST-C1-03,DST-C1,2025-06-08,22.7,34.7,OPEN,LOW
PHC-DST-C1-02,PHC-DST-C1-03,DST-C1,2025-06-09,22.7,35.0,OPEN,LOW
PHC-DST-C1-02,PHC-DST-C1-03,DST-C1,2025-06-10,22.7,33.2,OPEN,LOW
PHC-DST-C1-02,PHC-DST-C1-03,DST-C1,2025-06-11,22.7,36.2,OPEN,LOW
PHC-DST-C1-02,PHC-DST-C1-03,DST-C1,2025-06-12,22.7,33.3,OPEN,LOW
PHC-DST-C1-02,PHC-DST-C1-03,DST-C1,2025-06-13,22.7,33.5,OPEN,LOW
PHC-DST-C1-02,PHC-DST-C1-03,DST-C1,2025-06-14,22.7,32.8,OPEN,LOW
PHC-DST-C1-02,PHC-DST-C1-03,DST-C1,2025-06-15,22.7,32.6,OPEN,LOW
PHC-DST-C1-02,PHC-DST-C1-03,DST-C1,2025-06-16,22.7,36.4,OPEN,LOW
PHC-DST-C1-02,PHC-DST-C1-03,DST-C1,2025-06-17,22.7,32.7,OPEN,LOW
PHC-DST-C1-02,PHC-DST-C1-03,DST-C1,2025-06-18,22.7,35.4,OPEN,LOW
PHC-DST-C1-02,PHC-DST-C1-03,DST-C1,2025-06-19,22.7,33.2,OPEN,LOW
PHC-DST-C1-02,PHC-DST-C1-03,DST-C1,2025-06-20,22.7,36.1,OPEN,LOW
PHC-DST-C1-02,PHC-DST-C1-03,DST-C1,2025-06-21,22.7,35.3,OPEN,LOW
PHC-DST-C1-02,PHC-DST-C1-03,DST-C1,2025-06-22,22.7,32.4,OPEN,LOW
PHC-DST-C1-02,PHC-DST-C1-03,DST-C1,2025-06-23,22.7,36.6,OPEN,LOW
PHC-DST-C1-02,PHC-DST-C1-03,DST-C1,2025-06-24,22.7,35.2,OPEN,LOW
PHC-DST-C1-02,PHC-DST-C1-03,DST-C1,2025-06-25,22.7,37.1,OPEN,LOW
PHC-DST-C1-02,PHC-DST-C1-03,DST-C1,2025-06-26,22.7,35.9,OPEN,LOW
PHC-DST-C1-02,PHC-DST-C1-03,DST-C1,2025-06-27,22.7,37.3,OPEN,LOW
PHC-DST-C1-02,PHC-DST-C1-03,DST-C1,2025-06-28,22.7,35.8,OPEN,LOW
PHC-DST-C1-02,PHC-DST-C1-03,DST-C1,2025-06-29,22.7,36.9,OPEN,LOW
PHC-DST-C1-02,PHC-DST-C1-03,DST-C1,2025-06-30,22.7,35.0,OPEN,LOW
PHC-DST-C1-03,PHC-DST-C1-04,DST-C1,2024-01-01,18.6,30.7,OPEN,LOW
PHC-DST-C1-03,PHC-DST-C1-04,DST-C1,2024-01-02,18.6,28.5,OPEN,LOW
PHC-DST-C1-03,PHC-DST-C1-04,DST-C1,2024-01-03,18.6,29.0,OPEN,LOW
PHC-DST-C1-03,PHC-DST-C1-04,DST-C1,2024-01-04,18.6,28.1,OPEN,LOW
PHC-DST-C1-03,PHC-DST-C1-04,DST-C1,2024-01-05,18.6,29.1,OPEN,LOW
PHC-DST-C1-03,PHC-DST-C1-04,DST-C1,2024-01-06,18.6,26.8,OPEN,LOW
PHC-DST-C1-03,PHC-DST-C1-04,DST-C1,2024-01-07,18.6,29.0,OPEN,LOW
PHC-DST-C1-03,PHC-DST-C1-04,DST-C1,2024-01-08,18.6,30.6,OPEN,LOW
PHC-DST-C1-03,PHC-DST-C1-04,DST-C1,2024-01-09,18.6,28.3,OPEN,LOW
PHC-DST-C1-03,PHC-DST-C1-04,DST-C1,2024-01-10,18.6,28.4,OPEN,LOW
PHC-DST-C1-03,PHC-DST-C1-04,DST-C1,2024-01-11,18.6,26.8,OPEN,LOW
PHC-DST-C1-03,PHC-DST-C1-04,DST-C1,2024-01-12,18.6,27.2,OPEN,LOW
PHC-DST-C1-03,PHC-DST-C1-04,DST-C1,2024-01-13,18.6,29.8,OPEN,LOW
PHC-DST-C1-03,PHC-DST-C1-04,DST-C1,2024-01-14,18.6,29.2,OPEN,LOW
PHC-DST-C1-03,PHC-DST-C1-04,DST-C1,2024-01-15,18.6,28.6,OPEN,LOW
PHC-DST-C1-03,PHC-DST-C1-04,DST-C1,2024-01-16,18.6,30.3,OPEN,LOW
PHC-DST-C1-03,PHC-DST-C1-04,DST-C1,2024-01-17,18.6,27.2,OPEN,LOW
PHC-DST-C1-03,PHC-DST-C1-04,DST-C1,2024-01-18,18.6,28.7,OPEN,LOW
PHC-DST-C1-03,PHC-DST-C1-04,DST-C1,2024-01-19,18.6,29.4,OPEN,LOW
PHC-DST-C1-03,PHC-DST-C1-04,DST-C1,2024-01-20,18.6,28.3,OPEN,LOW
PHC-DST-C1-03,PHC-DST-C1-04,DST-C1,2024-01-21,18.6,29.9,OPEN,LOW
PHC-DST-C1-03,PHC-DST-C1-04,DST-C1,2024-01-22,18.6,28.2,OPEN,LOW
PHC-DST-C1-03,PHC-DST-C1-04,DST-C1,2024-01-23,18.6,27.7,OPEN,LOW
PHC-DST-C1-03,PHC-DST-C1-04,DST-C1,2024-01-24,18.6,29.0,OPEN,LOW
PHC-DST-C1-03,PHC-DST-C1-04,DST-C1,2024-01-25,18.6,28.7,OPEN,LOW
PHC-DST-C1-03,PHC-DST-C1-04,DST-C1,2024-01-26,18.6,28.6,OPEN,LOW
PHC-DST-C1-03,PHC-DST-C1-04,DST-C1,2024-01-27,18.6,29.1,OPEN,LOW
PHC-DST-C1-03,PHC-DST-C1-04,DST-C1,2024-01-28,18.6,28.4,OPEN,LOW
PHC-DST-C1-03,PHC-DST-C1-04,DST-C1,2024-01-29,18.6,27.6,OPEN,LOW
PHC-DST-C1-03,PHC-DST-C1-04,DST-C1,2024-01-30,18.6,27.4,OPEN,LOW
PHC-DST-C1-03,PHC-DST-C1-04,DST-C1,2024-01-31,18.6,30.3,OPEN,LOW
PHC-DST-C1-03,PHC-DST-C1-04,DST-C1,2024-02-01,18.6,26.6,OPEN,LOW
PHC-DST-C1-03,PHC-DST-C1-04,DST-C1,2024-02-02,18.6,28.7,OPEN,LOW
PHC-DST-C1-03,PHC-DST-C1-04,DST-C1,2024-02-03,18.6,29.3,OPEN,LOW
PHC-DST-C1-03,PHC-DST-C1-04,DST-C1,2024-02-04,18.6,26.7,OPEN,LOW
PHC-DST-C1-03,PHC-DST-C1-04,DST-C1,2024-02-05,18.6,29.1,OPEN,LOW
PHC-DST-C1-03,PHC-DST-C1-04,DST-C1,2024-02-06,18.6,29.1,OPEN,LOW
PHC-DST-C1-03,PHC-DST-C1-04,DST-C1,2024-02-07,18.6,28.3,OPEN,LOW
PHC-DST-C1-03,PHC-DST-C1-04,DST-C1,2024-02-08,18.6,29.1,OPEN,LOW
PHC-DST-C1-03,PHC-DST-C1-04,DST-C1,2024-02-09,18.6,29.9,OPEN,LOW
PHC-DST-C1-03,PHC-DST-C1-04,DST-C1,2024-02-10,18.6,28.1,OPEN,LOW
PHC-DST-C1-03,PHC-DST-C1-04,DST-C1,2024-02-11,18.6,29.4,OPEN,LOW
PHC-DST-C1-03,PHC-DST-C1-04,DST-C1,2024-02-12,18.6,27.9,OPEN,LOW
PHC-DST-C1-03,PHC-DST-C1-04,DST-C1,2024-02-13,18.6,29.3,OPEN,LOW
PHC-DST-C1-03,PHC-DST-C1-04,DST-C1,2024-02-14,18.6,27.7,OPEN,LOW
PHC-DST-C1-03,PHC-DST-C1-04,DST-C1,2024-02-15,18.6,30.3,OPEN,LOW
PHC-DST-C1-03,PHC-DST-C1-04,DST-C1,2024-02-16,18.6,28.4,OPEN,LOW
PHC-DST-C1-03,PHC-DST-C1-04,DST-C1,2024-02-17,18.6,28.3,OPEN,LOW
PHC-DST-C1-03,PHC-DST-C1-04,DST-C1,2024-02-18,18.6,27.4,OPEN,LOW
PHC-DST-C1-03,PHC-DST-C1-04,DST-C1,2024-02-19,18.6,27.2,OPEN,LOW
PHC-DST-C1-03,PHC-DST-C1-04,DST-C1,2024-02-20,18.6,28.3,OPEN,LOW
PHC-DST-C1-03,PHC-DST-C1-04,DST-C1,2024-02-21,18.6,28.4,OPEN,LOW
PHC-DST-C1-03,PHC-DST-C1-04,DST-C1,2024-02-22,18.6,29.0,OPEN,LOW
PHC-DST-C1-03,PHC-DST-C1-04,DST-C1,2024-02-23,18.6,29.6,OPEN,LOW
PHC-DST-C1-03,PHC-DST-C1-04,DST-C1,2024-02-24,18.6,28.9,OPEN,LOW
PHC-DST-C1-03,PHC-DST-C1-04,DST-C1,2024-02-25,18.6,28.9,OPEN,LOW
PHC-DST-C1-03,PHC-DST-C1-04,DST-C1,2024-02-26,18.6,30.6,OPEN,LOW
PHC-DST-C1-03,PHC-DST-C1-04,DST-C1,2024-02-27,18.6,30.1,OPEN,LOW
PHC-DST-C1-03,PHC-DST-C1-04,DST-C1,2024-02-28,18.6,29.7,OPEN,LOW
PHC-DST-C1-03,PHC-DST-C1-04,DST-C1,2024-02-29,18.6,27.9,OPEN,LOW
PHC-DST-C1-03,PHC-DST-C1-04,DST-C1,2024-03-01,18.6,27.0,OPEN,LOW
PHC-DST-C1-03,PHC-DST-C1-04,DST-C1,2024-03-02,18.6,27.2,OPEN,LOW
PHC-DST-C1-03,PHC-DST-C1-04,DST-C1,2024-03-03,18.6,30.4,OPEN,LOW
PHC-DST-C1-03,PHC-DST-C1-04,DST-C1,2024-03-04,18.6,27.0,OPEN,LOW
PHC-DST-C1-03,PHC-DST-C1-04,DST-C1,2024-03-05,18.6,30.5,OPEN,LOW
PHC-DST-C1-03,PHC-DST-C1-04,DST-C1,2024-03-06,18.6,30.7,OPEN,LOW
PHC-DST-C1-03,PHC-DST-C1-04,DST-C1,2024-03-07,18.6,28.1,OPEN,LOW
PHC-DST-C1-03,PHC-DST-C1-04,DST-C1,2024-03-08,18.6,30.1,OPEN,LOW
PHC-DST-C1-03,PHC-DST-C1-04,DST-C1,2024-03-09,18.6,26.9,OPEN,LOW
PHC-DST-C1-03,PHC-DST-C1-04,DST-C1,2024-03-10,18.6,27.0,OPEN,LOW
PHC-DST-C1-03,PHC-DST-C1-04,DST-C1,2024-03-11,18.6,29.4,OPEN,LOW
PHC-DST-C1-03,PHC-DST-C1-04,DST-C1,2024-03-12,18.6,29.8,OPEN,LOW
PHC-DST-C1-03,PHC-DST-C1-04,DST-C1,2024-03-13,18.6,30.5,OPEN,LOW
PHC-DST-C1-03,PHC-DST-C1-04,DST-C1,2024-03-14,18.6,28.9,OPEN,LOW
PHC-DST-C1-03,PHC-DST-C1-04,DST-C1,2024-03-15,18.6,30.1,OPEN,LOW
PHC-DST-C1-03,PHC-DST-C1-04,DST-C1,2024-03-16,18.6,28.5,OPEN,LOW
PHC-DST-C1-03,PHC-DST-C1-04,DST-C1,2024-03-17,18.6,29.3,OPEN,LOW
PHC-DST-C1-03,PHC-DST-C1-04,DST-C1,2024-03-18,18.6,29.6,OPEN,LOW
PHC-DST-C1-03,PHC-DST-C1-04,DST-C1,2024-03-19,18.6,29.7,OPEN,LOW
PHC-DST-C1-03,PHC-DST-C1-04,DST-C1,2024-03-20,18.6,27.9,OPEN,LOW
PHC-DST-C1-03,PHC-DST-C1-04,DST-C1,2024-03-21,18.6,29.1,OPEN,LOW
PHC-DST-C1-03,PHC-DST-C1-04,DST-C1,2024-03-22,18.6,29.4,OPEN,LOW
PHC-DST-C1-03,PHC-DST-C1-04,DST-C1,2024-03-23,18.6,28.8,OPEN,LOW
PHC-DST-C1-03,PHC-DST-C1-04,DST-C1,2024-03-24,18.6,27.8,OPEN,LOW
PHC-DST-C1-03,PHC-DST-C1-04,DST-C1,2024-03-25,18.6,27.8,OPEN,LOW
PHC-DST-C1-03,PHC-DST-C1-04,DST-C1,2024-03-26,18.6,30.2,OPEN,LOW
PHC-DST-C1-03,PHC-DST-C1-04,DST-C1,2024-03-27,18.6,28.6,OPEN,LOW
PHC-DST-C1-03,PHC-DST-C1-04,DST-C1,2024-03-28,18.6,28.1,OPEN,LOW
PHC-DST-C1-03,PHC-DST-C1-04,DST-C1,2024-03-29,18.6,27.6,OPEN,LOW
PHC-DST-C1-03,PHC-DST-C1-04,DST-C1,2024-03-30,18.6,30.2,OPEN,LOW
PHC-DST-C1-03,PHC-DST-C1-04,DST-C1,2024-03-31,18.6,29.6,OPEN,LOW
PHC-DST-C1-03,PHC-DST-C1-04,DST-C1,2024-04-01,18.6,28.0,OPEN,LOW
PHC-DST-C1-03,PHC-DST-C1-04,DST-C1,2024-04-02,18.6,30.4,OPEN,LOW
PHC-DST-C1-03,PHC-DST-C1-04,DST-C1,2024-04-03,18.6,26.8,OPEN,LOW
PHC-DST-C1-03,PHC-DST-C1-04,DST-C1,2024-04-04,18.6,26.6,OPEN,LOW
PHC-DST-C1-03,PHC-DST-C1-04,DST-C1,2024-04-05,18.6,27.4,OPEN,LOW
PHC-DST-C1-03,PHC-DST-C1-04,DST-C1,2024-04-06,18.6,28.5,OPEN,LOW
PHC-DST-C1-03,PHC-DST-C1-04,DST-C1,2024-04-07,18.6,29.3,OPEN,LOW
PHC-DST-C1-03,PHC-DST-C1-04,DST-C1,2024-04-08,18.6,30.6,OPEN,LOW
PHC-DST-C1-03,PHC-DST-C1-04,DST-C1,2024-04-09,18.6,27.0,OPEN,LOW
PHC-DST-C1-03,PHC-DST-C1-04,DST-C1,2024-04-10,18.6,26.6,OPEN,LOW
PHC-DST-C1-03,PHC-DST-C1-04,DST-C1,2024-04-11,18.6,30.6,OPEN,LOW
PHC-DST-C1-03,PHC-DST-C1-04,DST-C1,2024-04-12,18.6,28.4,OPEN,LOW
PHC-DST-C1-03,PHC-DST-C1-04,DST-C1,2024-04-13,18.6,28.3,OPEN,LOW
PHC-DST-C1-03,PHC-DST-C1-04,DST-C1,2024-04-14,18.6,27.1,OPEN,LOW
PHC-DST-C1-03,PHC-DST-C1-04,DST-C1,2024-04-15,18.6,28.5,OPEN,LOW
PHC-DST-C1-03,PHC-DST-C1-04,DST-C1,2024-04-16,18.6,27.9,OPEN,LOW
PHC-DST-C1-03,PHC-DST-C1-04,DST-C1,2024-04-17,18.6,27.5,OPEN,LOW
PHC-DST-C1-03,PHC-DST-C1-04,DST-C1,2024-04-18,18.6,29.4,OPEN,LOW
PHC-DST-C1-03,PHC-DST-C1-04,DST-C1,2024-04-19,18.6,28.2,OPEN,LOW
PHC-DST-C1-03,PHC-DST-C1-04,DST-C1,2024-04-20,18.6,26.6,OPEN,LOW
PHC-DST-C1-03,PHC-DST-C1-04,DST-C1,2024-04-21,18.6,29.2,OPEN,LOW
PHC-DST-C1-03,PHC-DST-C1-04,DST-C1,2024-04-22,18.6,28.9,OPEN,LOW
PHC-DST-C1-03,PHC-DST-C1-04,DST-C1,2024-04-23,18.6,29.8,OPEN,LOW
PHC-DST-C1-03,PHC-DST-C1-04,DST-C1,2024-04-24,18.6,30.5,OPEN,LOW
PHC-DST-C1-03,PHC-DST-C1-04,DST-C1,2024-04-25,18.6,27.9,OPEN,LOW
PHC-DST-C1-03,PHC-DST-C1-04,DST-C1,2024-04-26,18.6,27.9,OPEN,LOW
PHC-DST-C1-03,PHC-DST-C1-04,DST-C1,2024-04-27,18.6,29.4,OPEN,LOW
PHC-DST-C1-03,PHC-DST-C1-04,DST-C1,2024-04-28,18.6,28.3,OPEN,LOW
PHC-DST-C1-03,PHC-DST-C1-04,DST-C1,2024-04-29,18.6,28.6,OPEN,LOW
PHC-DST-C1-03,PHC-DST-C1-04,DST-C1,2024-04-30,18.6,27.7,OPEN,LOW
PHC-DST-C1-03,PHC-DST-C1-04,DST-C1,2024-05-01,18.6,29.5,OPEN,LOW
PHC-DST-C1-03,PHC-DST-C1-04,DST-C1,2024-05-02,18.6,30.7,OPEN,LOW
PHC-DST-C1-03,PHC-DST-C1-04,DST-C1,2024-05-03,18.6,29.3,OPEN,LOW
PHC-DST-C1-03,PHC-DST-C1-04,DST-C1,2024-05-04,18.6,29.5,OPEN,LOW
PHC-DST-C1-03,PHC-DST-C1-04,DST-C1,2024-05-05,18.6,30.6,OPEN,LOW
PHC-DST-C1-03,PHC-DST-C1-04,DST-C1,2024-05-06,18.6,27.8,OPEN,LOW
PHC-DST-C1-03,PHC-DST-C1-04,DST-C1,2024-05-07,18.6,26.9,OPEN,LOW
PHC-DST-C1-03,PHC-DST-C1-04,DST-C1,2024-05-08,18.6,28.0,OPEN,LOW
PHC-DST-C1-03,PHC-DST-C1-04,DST-C1,2024-05-09,18.6,29.3,OPEN,LOW
PHC-DST-C1-03,PHC-DST-C1-04,DST-C1,2024-05-10,18.6,26.6,OPEN,LOW
PHC-DST-C1-03,PHC-DST-C1-04,DST-C1,2024-05-11,18.6,30.3,OPEN,LOW
PHC-DST-C1-03,PHC-DST-C1-04,DST-C1,2024-05-12,18.6,29.5,OPEN,LOW
PHC-DST-C1-03,PHC-DST-C1-04,DST-C1,2024-05-13,18.6,26.8,OPEN,LOW
PHC-DST-C1-03,PHC-DST-C1-04,DST-C1,2024-05-14,18.6,27.9,OPEN,LOW
PHC-DST-C1-03,PHC-DST-C1-04,DST-C1,2024-05-15,18.6,28.6,OPEN,LOW
PHC-DST-C1-03,PHC-DST-C1-04,DST-C1,2024-05-16,18.6,28.3,OPEN,LOW
PHC-DST-C1-03,PHC-DST-C1-04,DST-C1,2024-05-17,18.6,29.9,OPEN,LOW
PHC-DST-C1-03,PHC-DST-C1-04,DST-C1,2024-05-18,18.6,26.9,OPEN,LOW
PHC-DST-C1-03,PHC-DST-C1-04,DST-C1,2024-05-19,18.6,26.5,OPEN,LOW
PHC-DST-C1-03,PHC-DST-C1-04,DST-C1,2024-05-20,18.6,29.2,OPEN,LOW
PHC-DST-C1-03,PHC-DST-C1-04,DST-C1,2024-05-21,18.6,28.3,OPEN,LOW
PHC-DST-C1-03,PHC-DST-C1-04,DST-C1,2024-05-22,18.6,27.1,OPEN,LOW
PHC-DST-C1-03,PHC-DST-C1-04,DST-C1,2024-05-23,18.6,28.2,OPEN,LOW
PHC-DST-C1-03,PHC-DST-C1-04,DST-C1,2024-05-24,18.6,28.6,OPEN,LOW
PHC-DST-C1-03,PHC-DST-C1-04,DST-C1,2024-05-25,18.6,30.5,OPEN,LOW
PHC-DST-C1-03,PHC-DST-C1-04,DST-C1,2024-05-26,18.6,28.5,OPEN,LOW
PHC-DST-C1-03,PHC-DST-C1-04,DST-C1,2024-05-27,18.6,27.9,OPEN,LOW
PHC-DST-C1-03,PHC-DST-C1-04,DST-C1,2024-05-28,18.6,30.2,OPEN,LOW
PHC-DST-C1-03,PHC-DST-C1-04,DST-C1,2024-05-29,18.6,28.3,OPEN,LOW
PHC-DST-C1-03,PHC-DST-C1-04,DST-C1,2024-05-30,18.6,26.6,OPEN,LOW
PHC-DST-C1-03,PHC-DST-C1-04,DST-C1,2024-05-31,18.6,30.0,OPEN,LOW
PHC-DST-C1-03,PHC-DST-C1-04,DST-C1,2024-06-01,18.6,28.9,OPEN,LOW
PHC-DST-C1-03,PHC-DST-C1-04,DST-C1,2024-06-02,18.6,27.0,OPEN,LOW
PHC-DST-C1-03,PHC-DST-C1-04,DST-C1,2024-06-03,18.6,28.3,OPEN,LOW
PHC-DST-C1-03,PHC-DST-C1-04,DST-C1,2024-06-04,18.6,27.7,OPEN,LOW
PHC-DST-C1-03,PHC-DST-C1-04,DST-C1,2024-06-05,18.6,30.6,OPEN,LOW
PHC-DST-C1-03,PHC-DST-C1-04,DST-C1,2024-06-06,18.6,27.7,OPEN,LOW
PHC-DST-C1-03,PHC-DST-C1-04,DST-C1,2024-06-07,18.6,26.7,OPEN,LOW
PHC-DST-C1-03,PHC-DST-C1-04,DST-C1,2024-06-08,18.6,28.6,OPEN,LOW
PHC-DST-C1-03,PHC-DST-C1-04,DST-C1,2024-06-09,18.6,27.4,OPEN,LOW
PHC-DST-C1-03,PHC-DST-C1-04,DST-C1,2024-06-10,18.6,29.7,OPEN,LOW
PHC-DST-C1-03,PHC-DST-C1-04,DST-C1,2024-06-11,18.6,27.9,OPEN,LOW
PHC-DST-C1-03,PHC-DST-C1-04,DST-C1,2024-06-12,18.6,29.3,OPEN,LOW
PHC-DST-C1-03,PHC-DST-C1-04,DST-C1,2024-06-13,18.6,28.8,OPEN,LOW
PHC-DST-C1-03,PHC-DST-C1-04,DST-C1,2024-06-14,18.6,28.5,OPEN,LOW
PHC-DST-C1-03,PHC-DST-C1-04,DST-C1,2024-06-15,18.6,26.9,OPEN,LOW
PHC-DST-C1-03,PHC-DST-C1-04,DST-C1,2024-06-16,18.6,30.5,OPEN,LOW
PHC-DST-C1-03,PHC-DST-C1-04,DST-C1,2024-06-17,18.6,28.1,OPEN,LOW
PHC-DST-C1-03,PHC-DST-C1-04,DST-C1,2024-06-18,18.6,27.6,OPEN,LOW
PHC-DST-C1-03,PHC-DST-C1-04,DST-C1,2024-06-19,18.6,28.0,OPEN,LOW
PHC-DST-C1-03,PHC-DST-C1-04,DST-C1,2024-06-20,18.6,29.1,OPEN,LOW
PHC-DST-C1-03,PHC-DST-C1-04,DST-C1,2024-06-21,18.6,29.3,OPEN,LOW
PHC-DST-C1-03,PHC-DST-C1-04,DST-C1,2024-06-22,18.6,27.0,OPEN,LOW
PHC-DST-C1-03,PHC-DST-C1-04,DST-C1,2024-06-23,18.6,27.4,OPEN,LOW
PHC-DST-C1-03,PHC-DST-C1-04,DST-C1,2024-06-24,18.6,27.4,OPEN,LOW
PHC-DST-C1-03,PHC-DST-C1-04,DST-C1,2024-06-25,18.6,27.5,OPEN,LOW
PHC-DST-C1-03,PHC-DST-C1-04,DST-C1,2024-06-26,18.6,28.5,OPEN,LOW
PHC-DST-C1-03,PHC-DST-C1-04,DST-C1,2024-06-27,18.6,26.6,OPEN,LOW
PHC-DST-C1-03,PHC-DST-C1-04,DST-C1,2024-06-28,18.6,29.8,OPEN,LOW
PHC-DST-C1-03,PHC-DST-C1-04,DST-C1,2024-06-29,18.6,27.3,OPEN,LOW
PHC-DST-C1-03,PHC-DST-C1-04,DST-C1,2024-06-30,18.6,30.7,OPEN,LOW
PHC-DST-C1-03,PHC-DST-C1-04,DST-C1,2024-07-01,18.6,30.0,OPEN,LOW
PHC-DST-C1-03,PHC-DST-C1-04,DST-C1,2024-07-02,18.6,26.9,OPEN,LOW
PHC-DST-C1-03,PHC-DST-C1-04,DST-C1,2024-07-03,18.6,30.2,OPEN,LOW
PHC-DST-C1-03,PHC-DST-C1-04,DST-C1,2024-07-04,18.6,29.2,OPEN,LOW
PHC-DST-C1-03,PHC-DST-C1-04,DST-C1,2024-07-05,18.6,28.7,OPEN,LOW
PHC-DST-C1-03,PHC-DST-C1-04,DST-C1,2024-07-06,18.6,30.4,OPEN,LOW
PHC-DST-C1-03,PHC-DST-C1-04,DST-C1,2024-07-07,18.6,29.4,OPEN,LOW
PHC-DST-C1-03,PHC-DST-C1-04,DST-C1,2024-07-08,18.6,28.5,OPEN,LOW
PHC-DST-C1-03,PHC-DST-C1-04,DST-C1,2024-07-09,18.6,29.4,OPEN,LOW
PHC-DST-C1-03,PHC-DST-C1-04,DST-C1,2024-07-10,18.6,28.4,OPEN,LOW
PHC-DST-C1-03,PHC-DST-C1-04,DST-C1,2024-07-11,18.6,28.1,OPEN,LOW
PHC-DST-C1-03,PHC-DST-C1-04,DST-C1,2024-07-12,18.6,30.7,OPEN,LOW
PHC-DST-C1-03,PHC-DST-C1-04,DST-C1,2024-07-13,18.6,30.7,OPEN,LOW
PHC-DST-C1-03,PHC-DST-C1-04,DST-C1,2024-07-14,18.6,30.1,OPEN,LOW
PHC-DST-C1-03,PHC-DST-C1-04,DST-C1,2024-07-15,18.6,28.2,OPEN,LOW
PHC-DST-C1-03,PHC-DST-C1-04,DST-C1,2024-07-16,18.6,26.5,OPEN,LOW
PHC-DST-C1-03,PHC-DST-C1-04,DST-C1,2024-07-17,18.6,30.3,OPEN,LOW
PHC-DST-C1-03,PHC-DST-C1-04,DST-C1,2024-07-18,18.6,27.7,OPEN,LOW
PHC-DST-C1-03,PHC-DST-C1-04,DST-C1,2024-07-19,18.6,30.5,OPEN,LOW
PHC-DST-C1-03,PHC-DST-C1-04,DST-C1,2024-07-20,18.6,29.8,OPEN,LOW
PHC-DST-C1-03,PHC-DST-C1-04,DST-C1,2024-07-21,18.6,29.9,OPEN,LOW
PHC-DST-C1-03,PHC-DST-C1-04,DST-C1,2024-07-22,18.6,28.2,OPEN,LOW
PHC-DST-C1-03,PHC-DST-C1-04,DST-C1,2024-07-23,18.6,30.1,OPEN,LOW
PHC-DST-C1-03,PHC-DST-C1-04,DST-C1,2024-07-24,18.6,29.1,OPEN,LOW
PHC-DST-C1-03,PHC-DST-C1-04,DST-C1,2024-07-25,18.6,28.5,OPEN,LOW
PHC-DST-C1-03,PHC-DST-C1-04,DST-C1,2024-07-26,18.6,30.2,OPEN,LOW
PHC-DST-C1-03,PHC-DST-C1-04,DST-C1,2024-07-27,18.6,27.9,OPEN,LOW
PHC-DST-C1-03,PHC-DST-C1-04,DST-C1,2024-07-28,18.6,27.5,OPEN,LOW
PHC-DST-C1-03,PHC-DST-C1-04,DST-C1,2024-07-29,18.6,27.7,OPEN,LOW
PHC-DST-C1-03,PHC-DST-C1-04,DST-C1,2024-07-30,18.6,29.2,OPEN,LOW
PHC-DST-C1-03,PHC-DST-C1-04,DST-C1,2024-07-31,18.6,28.1,OPEN,LOW
PHC-DST-C1-03,PHC-DST-C1-04,DST-C1,2024-08-01,18.6,29.0,OPEN,LOW
PHC-DST-C1-03,PHC-DST-C1-04,DST-C1,2024-08-02,18.6,26.8,OPEN,LOW
PHC-DST-C1-03,PHC-DST-C1-04,DST-C1,2024-08-03,18.6,27.0,OPEN,LOW
PHC-DST-C1-03,PHC-DST-C1-04,DST-C1,2024-08-04,18.6,27.5,OPEN,LOW
PHC-DST-C1-03,PHC-DST-C1-04,DST-C1,2024-08-05,18.6,27.3,OPEN,LOW
PHC-DST-C1-03,PHC-DST-C1-04,DST-C1,2024-08-06,18.6,28.5,OPEN,LOW
PHC-DST-C1-03,PHC-DST-C1-04,DST-C1,2024-08-07,18.6,28.1,OPEN,LOW
PHC-DST-C1-03,PHC-DST-C1-04,DST-C1,2024-08-08,18.6,29.1,OPEN,LOW
PHC-DST-C1-03,PHC-DST-C1-04,DST-C1,2024-08-09,18.6,29.2,OPEN,LOW
PHC-DST-C1-03,PHC-DST-C1-04,DST-C1,2024-08-10,18.6,27.3,OPEN,LOW
PHC-DST-C1-03,PHC-DST-C1-04,DST-C1,2024-08-11,18.6,27.2,OPEN,LOW
PHC-DST-C1-03,PHC-DST-C1-04,DST-C1,2024-08-12,18.6,29.4,OPEN,LOW
PHC-DST-C1-03,PHC-DST-C1-04,DST-C1,2024-08-13,18.6,30.6,OPEN,LOW
PHC-DST-C1-03,PHC-DST-C1-04,DST-C1,2024-08-14,18.6,76.8,DEGRADED,SEVERE
PHC-DST-C1-03,PHC-DST-C1-04,DST-C1,2024-08-15,18.6,29.0,OPEN,LOW
PHC-DST-C1-03,PHC-DST-C1-04,DST-C1,2024-08-16,18.6,28.2,OPEN,LOW
PHC-DST-C1-03,PHC-DST-C1-04,DST-C1,2024-08-17,18.6,29.2,OPEN,LOW
PHC-DST-C1-03,PHC-DST-C1-04,DST-C1,2024-08-18,18.6,27.1,OPEN,LOW
PHC-DST-C1-03,PHC-DST-C1-04,DST-C1,2024-08-19,18.6,29.2,OPEN,LOW
PHC-DST-C1-03,PHC-DST-C1-04,DST-C1,2024-08-20,18.6,27.9,OPEN,LOW
PHC-DST-C1-03,PHC-DST-C1-04,DST-C1,2024-08-21,18.6,29.9,OPEN,LOW
PHC-DST-C1-03,PHC-DST-C1-04,DST-C1,2024-08-22,18.6,26.8,OPEN,LOW
PHC-DST-C1-03,PHC-DST-C1-04,DST-C1,2024-08-23,18.6,30.5,OPEN,LOW
PHC-DST-C1-03,PHC-DST-C1-04,DST-C1,2024-08-24,18.6,27.5,OPEN,LOW
PHC-DST-C1-03,PHC-DST-C1-04,DST-C1,2024-08-25,18.6,29.4,OPEN,LOW
PHC-DST-C1-03,PHC-DST-C1-04,DST-C1,2024-08-26,18.6,28.9,OPEN,LOW
PHC-DST-C1-03,PHC-DST-C1-04,DST-C1,2024-08-27,18.6,27.9,OPEN,LOW
PHC-DST-C1-03,PHC-DST-C1-04,DST-C1,2024-08-28,18.6,27.8,OPEN,LOW
PHC-DST-C1-03,PHC-DST-C1-04,DST-C1,2024-08-29,18.6,27.2,OPEN,LOW
PHC-DST-C1-03,PHC-DST-C1-04,DST-C1,2024-08-30,18.6,28.2,OPEN,LOW
PHC-DST-C1-03,PHC-DST-C1-04,DST-C1,2024-08-31,18.6,27.9,OPEN,LOW
PHC-DST-C1-03,PHC-DST-C1-04,DST-C1,2024-09-01,18.6,26.5,OPEN,LOW
PHC-DST-C1-03,PHC-DST-C1-04,DST-C1,2024-09-02,18.6,28.2,OPEN,LOW
PHC-DST-C1-03,PHC-DST-C1-04,DST-C1,2024-09-03,18.6,28.1,OPEN,LOW
PHC-DST-C1-03,PHC-DST-C1-04,DST-C1,2024-09-04,18.6,28.2,OPEN,LOW
PHC-DST-C1-03,PHC-DST-C1-04,DST-C1,2024-09-05,18.6,27.9,OPEN,LOW
PHC-DST-C1-03,PHC-DST-C1-04,DST-C1,2024-09-06,18.6,26.6,OPEN,LOW
PHC-DST-C1-03,PHC-DST-C1-04,DST-C1,2024-09-07,18.6,28.7,OPEN,LOW
PHC-DST-C1-03,PHC-DST-C1-04,DST-C1,2024-09-08,18.6,154.7,BLOCKED,SEVERE
PHC-DST-C1-03,PHC-DST-C1-04,DST-C1,2024-09-09,18.6,28.5,OPEN,LOW
PHC-DST-C1-03,PHC-DST-C1-04,DST-C1,2024-09-10,18.6,27.9,OPEN,LOW
PHC-DST-C1-03,PHC-DST-C1-04,DST-C1,2024-09-11,18.6,27.3,OPEN,LOW
PHC-DST-C1-03,PHC-DST-C1-04,DST-C1,2024-09-12,18.6,27.0,OPEN,LOW
PHC-DST-C1-03,PHC-DST-C1-04,DST-C1,2024-09-13,18.6,29.2,OPEN,LOW
PHC-DST-C1-03,PHC-DST-C1-04,DST-C1,2024-09-14,18.6,28.8,OPEN,LOW
PHC-DST-C1-03,PHC-DST-C1-04,DST-C1,2024-09-15,18.6,28.4,OPEN,LOW
PHC-DST-C1-03,PHC-DST-C1-04,DST-C1,2024-09-16,18.6,30.4,OPEN,LOW
PHC-DST-C1-03,PHC-DST-C1-04,DST-C1,2024-09-17,18.6,27.2,OPEN,LOW
PHC-DST-C1-03,PHC-DST-C1-04,DST-C1,2024-09-18,18.6,29.1,OPEN,LOW
PHC-DST-C1-03,PHC-DST-C1-04,DST-C1,2024-09-19,18.6,28.7,OPEN,LOW
PHC-DST-C1-03,PHC-DST-C1-04,DST-C1,2024-09-20,18.6,30.1,OPEN,LOW
PHC-DST-C1-03,PHC-DST-C1-04,DST-C1,2024-09-21,18.6,28.0,OPEN,LOW
PHC-DST-C1-03,PHC-DST-C1-04,DST-C1,2024-09-22,18.6,29.0,OPEN,LOW
PHC-DST-C1-03,PHC-DST-C1-04,DST-C1,2024-09-23,18.6,27.6,OPEN,LOW
PHC-DST-C1-03,PHC-DST-C1-04,DST-C1,2024-09-24,18.6,27.1,OPEN,LOW
PHC-DST-C1-03,PHC-DST-C1-04,DST-C1,2024-09-25,18.6,30.5,OPEN,LOW
PHC-DST-C1-03,PHC-DST-C1-04,DST-C1,2024-09-26,18.6,28.2,OPEN,LOW
PHC-DST-C1-03,PHC-DST-C1-04,DST-C1,2024-09-27,18.6,29.5,OPEN,LOW
PHC-DST-C1-03,PHC-DST-C1-04,DST-C1,2024-09-28,18.6,28.7,OPEN,LOW
PHC-DST-C1-03,PHC-DST-C1-04,DST-C1,2024-09-29,18.6,29.5,OPEN,LOW
PHC-DST-C1-03,PHC-DST-C1-04,DST-C1,2024-09-30,18.6,29.4,OPEN,LOW
PHC-DST-C1-03,PHC-DST-C1-04,DST-C1,2024-10-01,18.6,30.2,OPEN,LOW
PHC-DST-C1-03,PHC-DST-C1-04,DST-C1,2024-10-02,18.6,26.8,OPEN,LOW
PHC-DST-C1-03,PHC-DST-C1-04,DST-C1,2024-10-03,18.6,27.2,OPEN,LOW
PHC-DST-C1-03,PHC-DST-C1-04,DST-C1,2024-10-04,18.6,30.5,OPEN,LOW
PHC-DST-C1-03,PHC-DST-C1-04,DST-C1,2024-10-05,18.6,28.8,OPEN,LOW
PHC-DST-C1-03,PHC-DST-C1-04,DST-C1,2024-10-06,18.6,29.5,OPEN,LOW
PHC-DST-C1-03,PHC-DST-C1-04,DST-C1,2024-10-07,18.6,28.8,OPEN,LOW
PHC-DST-C1-03,PHC-DST-C1-04,DST-C1,2024-10-08,18.6,28.8,OPEN,LOW
PHC-DST-C1-03,PHC-DST-C1-04,DST-C1,2024-10-09,18.6,27.4,OPEN,LOW
PHC-DST-C1-03,PHC-DST-C1-04,DST-C1,2024-10-10,18.6,30.1,OPEN,LOW
PHC-DST-C1-03,PHC-DST-C1-04,DST-C1,2024-10-11,18.6,30.6,OPEN,LOW
PHC-DST-C1-03,PHC-DST-C1-04,DST-C1,2024-10-12,18.6,29.9,OPEN,LOW
PHC-DST-C1-03,PHC-DST-C1-04,DST-C1,2024-10-13,18.6,28.7,OPEN,LOW
PHC-DST-C1-03,PHC-DST-C1-04,DST-C1,2024-10-14,18.6,27.3,OPEN,LOW
PHC-DST-C1-03,PHC-DST-C1-04,DST-C1,2024-10-15,18.6,30.5,OPEN,LOW
PHC-DST-C1-03,PHC-DST-C1-04,DST-C1,2024-10-16,18.6,27.7,OPEN,LOW
PHC-DST-C1-03,PHC-DST-C1-04,DST-C1,2024-10-17,18.6,29.4,OPEN,LOW
PHC-DST-C1-03,PHC-DST-C1-04,DST-C1,2024-10-18,18.6,27.6,OPEN,LOW
PHC-DST-C1-03,PHC-DST-C1-04,DST-C1,2024-10-19,18.6,30.4,OPEN,LOW
PHC-DST-C1-03,PHC-DST-C1-04,DST-C1,2024-10-20,18.6,27.8,OPEN,LOW
PHC-DST-C1-03,PHC-DST-C1-04,DST-C1,2024-10-21,18.6,30.2,OPEN,LOW
PHC-DST-C1-03,PHC-DST-C1-04,DST-C1,2024-10-22,18.6,30.4,OPEN,LOW
PHC-DST-C1-03,PHC-DST-C1-04,DST-C1,2024-10-23,18.6,26.8,OPEN,LOW
PHC-DST-C1-03,PHC-DST-C1-04,DST-C1,2024-10-24,18.6,28.4,OPEN,LOW
PHC-DST-C1-03,PHC-DST-C1-04,DST-C1,2024-10-25,18.6,26.9,OPEN,LOW
PHC-DST-C1-03,PHC-DST-C1-04,DST-C1,2024-10-26,18.6,29.4,OPEN,LOW
PHC-DST-C1-03,PHC-DST-C1-04,DST-C1,2024-10-27,18.6,30.5,OPEN,LOW
PHC-DST-C1-03,PHC-DST-C1-04,DST-C1,2024-10-28,18.6,27.5,OPEN,LOW
PHC-DST-C1-03,PHC-DST-C1-04,DST-C1,2024-10-29,18.6,29.5,OPEN,LOW
PHC-DST-C1-03,PHC-DST-C1-04,DST-C1,2024-10-30,18.6,26.6,OPEN,LOW
PHC-DST-C1-03,PHC-DST-C1-04,DST-C1,2024-10-31,18.6,30.5,OPEN,LOW
PHC-DST-C1-03,PHC-DST-C1-04,DST-C1,2024-11-01,18.6,28.5,OPEN,LOW
PHC-DST-C1-03,PHC-DST-C1-04,DST-C1,2024-11-02,18.6,28.6,OPEN,LOW
PHC-DST-C1-03,PHC-DST-C1-04,DST-C1,2024-11-03,18.6,28.3,OPEN,LOW
PHC-DST-C1-03,PHC-DST-C1-04,DST-C1,2024-11-04,18.6,26.8,OPEN,LOW
PHC-DST-C1-03,PHC-DST-C1-04,DST-C1,2024-11-05,18.6,29.2,OPEN,LOW
PHC-DST-C1-03,PHC-DST-C1-04,DST-C1,2024-11-06,18.6,29.4,OPEN,LOW
PHC-DST-C1-03,PHC-DST-C1-04,DST-C1,2024-11-07,18.6,26.7,OPEN,LOW
PHC-DST-C1-03,PHC-DST-C1-04,DST-C1,2024-11-08,18.6,28.3,OPEN,LOW
PHC-DST-C1-03,PHC-DST-C1-04,DST-C1,2024-11-09,18.6,30.3,OPEN,LOW
PHC-DST-C1-03,PHC-DST-C1-04,DST-C1,2024-11-10,18.6,30.2,OPEN,LOW
PHC-DST-C1-03,PHC-DST-C1-04,DST-C1,2024-11-11,18.6,29.2,OPEN,LOW
PHC-DST-C1-03,PHC-DST-C1-04,DST-C1,2024-11-12,18.6,29.1,OPEN,LOW
PHC-DST-C1-03,PHC-DST-C1-04,DST-C1,2024-11-13,18.6,29.5,OPEN,LOW
PHC-DST-C1-03,PHC-DST-C1-04,DST-C1,2024-11-14,18.6,27.6,OPEN,LOW
PHC-DST-C1-03,PHC-DST-C1-04,DST-C1,2024-11-15,18.6,26.8,OPEN,LOW
PHC-DST-C1-03,PHC-DST-C1-04,DST-C1,2024-11-16,18.6,28.6,OPEN,LOW
PHC-DST-C1-03,PHC-DST-C1-04,DST-C1,2024-11-17,18.6,27.8,OPEN,LOW
PHC-DST-C1-03,PHC-DST-C1-04,DST-C1,2024-11-18,18.6,28.8,OPEN,LOW
PHC-DST-C1-03,PHC-DST-C1-04,DST-C1,2024-11-19,18.6,29.5,OPEN,LOW
PHC-DST-C1-03,PHC-DST-C1-04,DST-C1,2024-11-20,18.6,29.7,OPEN,LOW
PHC-DST-C1-03,PHC-DST-C1-04,DST-C1,2024-11-21,18.6,29.7,OPEN,LOW
PHC-DST-C1-03,PHC-DST-C1-04,DST-C1,2024-11-22,18.6,30.0,OPEN,LOW
PHC-DST-C1-03,PHC-DST-C1-04,DST-C1,2024-11-23,18.6,29.8,OPEN,LOW
PHC-DST-C1-03,PHC-DST-C1-04,DST-C1,2024-11-24,18.6,26.7,OPEN,LOW
PHC-DST-C1-03,PHC-DST-C1-04,DST-C1,2024-11-25,18.6,28.3,OPEN,LOW
PHC-DST-C1-03,PHC-DST-C1-04,DST-C1,2024-11-26,18.6,28.6,OPEN,LOW
PHC-DST-C1-03,PHC-DST-C1-04,DST-C1,2024-11-27,18.6,29.5,OPEN,LOW
PHC-DST-C1-03,PHC-DST-C1-04,DST-C1,2024-11-28,18.6,29.6,OPEN,LOW
PHC-DST-C1-03,PHC-DST-C1-04,DST-C1,2024-11-29,18.6,29.1,OPEN,LOW
PHC-DST-C1-03,PHC-DST-C1-04,DST-C1,2024-11-30,18.6,29.1,OPEN,LOW
PHC-DST-C1-03,PHC-DST-C1-04,DST-C1,2024-12-01,18.6,27.9,OPEN,LOW
PHC-DST-C1-03,PHC-DST-C1-04,DST-C1,2024-12-02,18.6,30.4,OPEN,LOW
PHC-DST-C1-03,PHC-DST-C1-04,DST-C1,2024-12-03,18.6,27.3,OPEN,LOW
PHC-DST-C1-03,PHC-DST-C1-04,DST-C1,2024-12-04,18.6,27.4,OPEN,LOW
PHC-DST-C1-03,PHC-DST-C1-04,DST-C1,2024-12-05,18.6,30.3,OPEN,LOW
PHC-DST-C1-03,PHC-DST-C1-04,DST-C1,2024-12-06,18.6,28.3,OPEN,LOW
PHC-DST-C1-03,PHC-DST-C1-04,DST-C1,2024-12-07,18.6,28.6,OPEN,LOW
PHC-DST-C1-03,PHC-DST-C1-04,DST-C1,2024-12-08,18.6,26.6,OPEN,LOW
PHC-DST-C1-03,PHC-DST-C1-04,DST-C1,2024-12-09,18.6,27.3,OPEN,LOW
PHC-DST-C1-03,PHC-DST-C1-04,DST-C1,2024-12-10,18.6,30.7,OPEN,LOW
PHC-DST-C1-03,PHC-DST-C1-04,DST-C1,2024-12-11,18.6,26.9,OPEN,LOW
PHC-DST-C1-03,PHC-DST-C1-04,DST-C1,2024-12-12,18.6,27.9,OPEN,LOW
PHC-DST-C1-03,PHC-DST-C1-04,DST-C1,2024-12-13,18.6,30.4,OPEN,LOW
PHC-DST-C1-03,PHC-DST-C1-04,DST-C1,2024-12-14,18.6,27.2,OPEN,LOW
PHC-DST-C1-03,PHC-DST-C1-04,DST-C1,2024-12-15,18.6,29.6,OPEN,LOW
PHC-DST-C1-03,PHC-DST-C1-04,DST-C1,2024-12-16,18.6,29.7,OPEN,LOW
PHC-DST-C1-03,PHC-DST-C1-04,DST-C1,2024-12-17,18.6,28.0,OPEN,LOW
PHC-DST-C1-03,PHC-DST-C1-04,DST-C1,2024-12-18,18.6,28.5,OPEN,LOW
PHC-DST-C1-03,PHC-DST-C1-04,DST-C1,2024-12-19,18.6,30.4,OPEN,LOW
PHC-DST-C1-03,PHC-DST-C1-04,DST-C1,2024-12-20,18.6,30.2,OPEN,LOW
PHC-DST-C1-03,PHC-DST-C1-04,DST-C1,2024-12-21,18.6,27.2,OPEN,LOW
PHC-DST-C1-03,PHC-DST-C1-04,DST-C1,2024-12-22,18.6,27.2,OPEN,LOW
PHC-DST-C1-03,PHC-DST-C1-04,DST-C1,2024-12-23,18.6,26.6,OPEN,LOW
PHC-DST-C1-03,PHC-DST-C1-04,DST-C1,2024-12-24,18.6,27.4,OPEN,LOW
PHC-DST-C1-03,PHC-DST-C1-04,DST-C1,2024-12-25,18.6,29.2,OPEN,LOW
PHC-DST-C1-03,PHC-DST-C1-04,DST-C1,2024-12-26,18.6,27.5,OPEN,LOW
PHC-DST-C1-03,PHC-DST-C1-04,DST-C1,2024-12-27,18.6,28.8,OPEN,LOW
PHC-DST-C1-03,PHC-DST-C1-04,DST-C1,2024-12-28,18.6,29.9,OPEN,LOW
PHC-DST-C1-03,PHC-DST-C1-04,DST-C1,2024-12-29,18.6,27.3,OPEN,LOW
PHC-DST-C1-03,PHC-DST-C1-04,DST-C1,2024-12-30,18.6,29.7,OPEN,LOW
PHC-DST-C1-03,PHC-DST-C1-04,DST-C1,2024-12-31,18.6,29.5,OPEN,LOW
PHC-DST-C1-03,PHC-DST-C1-04,DST-C1,2025-01-01,18.6,29.6,OPEN,LOW
PHC-DST-C1-03,PHC-DST-C1-04,DST-C1,2025-01-02,18.6,28.7,OPEN,LOW
PHC-DST-C1-03,PHC-DST-C1-04,DST-C1,2025-01-03,18.6,28.7,OPEN,LOW
PHC-DST-C1-03,PHC-DST-C1-04,DST-C1,2025-01-04,18.6,30.6,OPEN,LOW
PHC-DST-C1-03,PHC-DST-C1-04,DST-C1,2025-01-05,18.6,28.0,OPEN,LOW
PHC-DST-C1-03,PHC-DST-C1-04,DST-C1,2025-01-06,18.6,26.8,OPEN,LOW
PHC-DST-C1-03,PHC-DST-C1-04,DST-C1,2025-01-07,18.6,28.2,OPEN,LOW
PHC-DST-C1-03,PHC-DST-C1-04,DST-C1,2025-01-08,18.6,28.9,OPEN,LOW
PHC-DST-C1-03,PHC-DST-C1-04,DST-C1,2025-01-09,18.6,28.8,OPEN,LOW
PHC-DST-C1-03,PHC-DST-C1-04,DST-C1,2025-01-10,18.6,28.0,OPEN,LOW
PHC-DST-C1-03,PHC-DST-C1-04,DST-C1,2025-01-11,18.6,29.3,OPEN,LOW
PHC-DST-C1-03,PHC-DST-C1-04,DST-C1,2025-01-12,18.6,28.0,OPEN,LOW
PHC-DST-C1-03,PHC-DST-C1-04,DST-C1,2025-01-13,18.6,26.6,OPEN,LOW
PHC-DST-C1-03,PHC-DST-C1-04,DST-C1,2025-01-14,18.6,28.3,OPEN,LOW
PHC-DST-C1-03,PHC-DST-C1-04,DST-C1,2025-01-15,18.6,28.6,OPEN,LOW
PHC-DST-C1-03,PHC-DST-C1-04,DST-C1,2025-01-16,18.6,27.1,OPEN,LOW
PHC-DST-C1-03,PHC-DST-C1-04,DST-C1,2025-01-17,18.6,28.6,OPEN,LOW
PHC-DST-C1-03,PHC-DST-C1-04,DST-C1,2025-01-18,18.6,28.5,OPEN,LOW
PHC-DST-C1-03,PHC-DST-C1-04,DST-C1,2025-01-19,18.6,27.9,OPEN,LOW
PHC-DST-C1-03,PHC-DST-C1-04,DST-C1,2025-01-20,18.6,26.8,OPEN,LOW
PHC-DST-C1-03,PHC-DST-C1-04,DST-C1,2025-01-21,18.6,26.9,OPEN,LOW
PHC-DST-C1-03,PHC-DST-C1-04,DST-C1,2025-01-22,18.6,28.2,OPEN,LOW
PHC-DST-C1-03,PHC-DST-C1-04,DST-C1,2025-01-23,18.6,28.4,OPEN,LOW
PHC-DST-C1-03,PHC-DST-C1-04,DST-C1,2025-01-24,18.6,26.8,OPEN,LOW
PHC-DST-C1-03,PHC-DST-C1-04,DST-C1,2025-01-25,18.6,27.1,OPEN,LOW
PHC-DST-C1-03,PHC-DST-C1-04,DST-C1,2025-01-26,18.6,28.2,OPEN,LOW
PHC-DST-C1-03,PHC-DST-C1-04,DST-C1,2025-01-27,18.6,27.6,OPEN,LOW
PHC-DST-C1-03,PHC-DST-C1-04,DST-C1,2025-01-28,18.6,29.6,OPEN,LOW
PHC-DST-C1-03,PHC-DST-C1-04,DST-C1,2025-01-29,18.6,30.5,OPEN,LOW
PHC-DST-C1-03,PHC-DST-C1-04,DST-C1,2025-01-30,18.6,27.0,OPEN,LOW
PHC-DST-C1-03,PHC-DST-C1-04,DST-C1,2025-01-31,18.6,28.1,OPEN,LOW
PHC-DST-C1-03,PHC-DST-C1-04,DST-C1,2025-02-01,18.6,26.8,OPEN,LOW
PHC-DST-C1-03,PHC-DST-C1-04,DST-C1,2025-02-02,18.6,27.5,OPEN,LOW
PHC-DST-C1-03,PHC-DST-C1-04,DST-C1,2025-02-03,18.6,29.6,OPEN,LOW
PHC-DST-C1-03,PHC-DST-C1-04,DST-C1,2025-02-04,18.6,29.3,OPEN,LOW
PHC-DST-C1-03,PHC-DST-C1-04,DST-C1,2025-02-05,18.6,30.4,OPEN,LOW
PHC-DST-C1-03,PHC-DST-C1-04,DST-C1,2025-02-06,18.6,29.2,OPEN,LOW
PHC-DST-C1-03,PHC-DST-C1-04,DST-C1,2025-02-07,18.6,28.0,OPEN,LOW
PHC-DST-C1-03,PHC-DST-C1-04,DST-C1,2025-02-08,18.6,27.6,OPEN,LOW
PHC-DST-C1-03,PHC-DST-C1-04,DST-C1,2025-02-09,18.6,30.1,OPEN,LOW
PHC-DST-C1-03,PHC-DST-C1-04,DST-C1,2025-02-10,18.6,28.1,OPEN,LOW
PHC-DST-C1-03,PHC-DST-C1-04,DST-C1,2025-02-11,18.6,27.5,OPEN,LOW
PHC-DST-C1-03,PHC-DST-C1-04,DST-C1,2025-02-12,18.6,29.6,OPEN,LOW
PHC-DST-C1-03,PHC-DST-C1-04,DST-C1,2025-02-13,18.6,30.6,OPEN,LOW
PHC-DST-C1-03,PHC-DST-C1-04,DST-C1,2025-02-14,18.6,30.5,OPEN,LOW
PHC-DST-C1-03,PHC-DST-C1-04,DST-C1,2025-02-15,18.6,26.8,OPEN,LOW
PHC-DST-C1-03,PHC-DST-C1-04,DST-C1,2025-02-16,18.6,29.1,OPEN,LOW
PHC-DST-C1-03,PHC-DST-C1-04,DST-C1,2025-02-17,18.6,27.0,OPEN,LOW
PHC-DST-C1-03,PHC-DST-C1-04,DST-C1,2025-02-18,18.6,27.8,OPEN,LOW
PHC-DST-C1-03,PHC-DST-C1-04,DST-C1,2025-02-19,18.6,27.3,OPEN,LOW
PHC-DST-C1-03,PHC-DST-C1-04,DST-C1,2025-02-20,18.6,27.9,OPEN,LOW
PHC-DST-C1-03,PHC-DST-C1-04,DST-C1,2025-02-21,18.6,27.5,OPEN,LOW
PHC-DST-C1-03,PHC-DST-C1-04,DST-C1,2025-02-22,18.6,28.2,OPEN,LOW
PHC-DST-C1-03,PHC-DST-C1-04,DST-C1,2025-02-23,18.6,28.2,OPEN,LOW
PHC-DST-C1-03,PHC-DST-C1-04,DST-C1,2025-02-24,18.6,28.8,OPEN,LOW
PHC-DST-C1-03,PHC-DST-C1-04,DST-C1,2025-02-25,18.6,30.7,OPEN,LOW
PHC-DST-C1-03,PHC-DST-C1-04,DST-C1,2025-02-26,18.6,26.8,OPEN,LOW
PHC-DST-C1-03,PHC-DST-C1-04,DST-C1,2025-02-27,18.6,27.6,OPEN,LOW
PHC-DST-C1-03,PHC-DST-C1-04,DST-C1,2025-02-28,18.6,28.0,OPEN,LOW
PHC-DST-C1-03,PHC-DST-C1-04,DST-C1,2025-03-01,18.6,28.7,OPEN,LOW
PHC-DST-C1-03,PHC-DST-C1-04,DST-C1,2025-03-02,18.6,29.7,OPEN,LOW
PHC-DST-C1-03,PHC-DST-C1-04,DST-C1,2025-03-03,18.6,29.9,OPEN,LOW
PHC-DST-C1-03,PHC-DST-C1-04,DST-C1,2025-03-04,18.6,29.9,OPEN,LOW
PHC-DST-C1-03,PHC-DST-C1-04,DST-C1,2025-03-05,18.6,28.1,OPEN,LOW
PHC-DST-C1-03,PHC-DST-C1-04,DST-C1,2025-03-06,18.6,28.4,OPEN,LOW
PHC-DST-C1-03,PHC-DST-C1-04,DST-C1,2025-03-07,18.6,29.1,OPEN,LOW
PHC-DST-C1-03,PHC-DST-C1-04,DST-C1,2025-03-08,18.6,28.3,OPEN,LOW
PHC-DST-C1-03,PHC-DST-C1-04,DST-C1,2025-03-09,18.6,28.4,OPEN,LOW
PHC-DST-C1-03,PHC-DST-C1-04,DST-C1,2025-03-10,18.6,26.8,OPEN,LOW
PHC-DST-C1-03,PHC-DST-C1-04,DST-C1,2025-03-11,18.6,30.5,OPEN,LOW
PHC-DST-C1-03,PHC-DST-C1-04,DST-C1,2025-03-12,18.6,29.5,OPEN,LOW
PHC-DST-C1-03,PHC-DST-C1-04,DST-C1,2025-03-13,18.6,27.5,OPEN,LOW
PHC-DST-C1-03,PHC-DST-C1-04,DST-C1,2025-03-14,18.6,28.1,OPEN,LOW
PHC-DST-C1-03,PHC-DST-C1-04,DST-C1,2025-03-15,18.6,29.4,OPEN,LOW
PHC-DST-C1-03,PHC-DST-C1-04,DST-C1,2025-03-16,18.6,30.5,OPEN,LOW
PHC-DST-C1-03,PHC-DST-C1-04,DST-C1,2025-03-17,18.6,29.0,OPEN,LOW
PHC-DST-C1-03,PHC-DST-C1-04,DST-C1,2025-03-18,18.6,29.8,OPEN,LOW
PHC-DST-C1-03,PHC-DST-C1-04,DST-C1,2025-03-19,18.6,27.1,OPEN,LOW
PHC-DST-C1-03,PHC-DST-C1-04,DST-C1,2025-03-20,18.6,30.2,OPEN,LOW
PHC-DST-C1-03,PHC-DST-C1-04,DST-C1,2025-03-21,18.6,27.9,OPEN,LOW
PHC-DST-C1-03,PHC-DST-C1-04,DST-C1,2025-03-22,18.6,26.9,OPEN,LOW
PHC-DST-C1-03,PHC-DST-C1-04,DST-C1,2025-03-23,18.6,27.7,OPEN,LOW
PHC-DST-C1-03,PHC-DST-C1-04,DST-C1,2025-03-24,18.6,28.7,OPEN,LOW
PHC-DST-C1-03,PHC-DST-C1-04,DST-C1,2025-03-25,18.6,27.4,OPEN,LOW
PHC-DST-C1-03,PHC-DST-C1-04,DST-C1,2025-03-26,18.6,29.3,OPEN,LOW
PHC-DST-C1-03,PHC-DST-C1-04,DST-C1,2025-03-27,18.6,27.7,OPEN,LOW
PHC-DST-C1-03,PHC-DST-C1-04,DST-C1,2025-03-28,18.6,28.9,OPEN,LOW
PHC-DST-C1-03,PHC-DST-C1-04,DST-C1,2025-03-29,18.6,27.1,OPEN,LOW
PHC-DST-C1-03,PHC-DST-C1-04,DST-C1,2025-03-30,18.6,27.1,OPEN,LOW
PHC-DST-C1-03,PHC-DST-C1-04,DST-C1,2025-03-31,18.6,27.1,OPEN,LOW
PHC-DST-C1-03,PHC-DST-C1-04,DST-C1,2025-04-01,18.6,26.8,OPEN,LOW
PHC-DST-C1-03,PHC-DST-C1-04,DST-C1,2025-04-02,18.6,30.4,OPEN,LOW
PHC-DST-C1-03,PHC-DST-C1-04,DST-C1,2025-04-03,18.6,26.5,OPEN,LOW
PHC-DST-C1-03,PHC-DST-C1-04,DST-C1,2025-04-04,18.6,27.3,OPEN,LOW
PHC-DST-C1-03,PHC-DST-C1-04,DST-C1,2025-04-05,18.6,27.9,OPEN,LOW
PHC-DST-C1-03,PHC-DST-C1-04,DST-C1,2025-04-06,18.6,29.7,OPEN,LOW
PHC-DST-C1-03,PHC-DST-C1-04,DST-C1,2025-04-07,18.6,29.8,OPEN,LOW
PHC-DST-C1-03,PHC-DST-C1-04,DST-C1,2025-04-08,18.6,29.8,OPEN,LOW
PHC-DST-C1-03,PHC-DST-C1-04,DST-C1,2025-04-09,18.6,29.3,OPEN,LOW
PHC-DST-C1-03,PHC-DST-C1-04,DST-C1,2025-04-10,18.6,28.1,OPEN,LOW
PHC-DST-C1-03,PHC-DST-C1-04,DST-C1,2025-04-11,18.6,29.1,OPEN,LOW
PHC-DST-C1-03,PHC-DST-C1-04,DST-C1,2025-04-12,18.6,29.0,OPEN,LOW
PHC-DST-C1-03,PHC-DST-C1-04,DST-C1,2025-04-13,18.6,27.4,OPEN,LOW
PHC-DST-C1-03,PHC-DST-C1-04,DST-C1,2025-04-14,18.6,27.9,OPEN,LOW
PHC-DST-C1-03,PHC-DST-C1-04,DST-C1,2025-04-15,18.6,26.8,OPEN,LOW
PHC-DST-C1-03,PHC-DST-C1-04,DST-C1,2025-04-16,18.6,26.8,OPEN,LOW
PHC-DST-C1-03,PHC-DST-C1-04,DST-C1,2025-04-17,18.6,29.4,OPEN,LOW
PHC-DST-C1-03,PHC-DST-C1-04,DST-C1,2025-04-18,18.6,28.5,OPEN,LOW
PHC-DST-C1-03,PHC-DST-C1-04,DST-C1,2025-04-19,18.6,29.7,OPEN,LOW
PHC-DST-C1-03,PHC-DST-C1-04,DST-C1,2025-04-20,18.6,29.2,OPEN,LOW
PHC-DST-C1-03,PHC-DST-C1-04,DST-C1,2025-04-21,18.6,29.6,OPEN,LOW
PHC-DST-C1-03,PHC-DST-C1-04,DST-C1,2025-04-22,18.6,27.4,OPEN,LOW
PHC-DST-C1-03,PHC-DST-C1-04,DST-C1,2025-04-23,18.6,30.4,OPEN,LOW
PHC-DST-C1-03,PHC-DST-C1-04,DST-C1,2025-04-24,18.6,30.5,OPEN,LOW
PHC-DST-C1-03,PHC-DST-C1-04,DST-C1,2025-04-25,18.6,28.7,OPEN,LOW
PHC-DST-C1-03,PHC-DST-C1-04,DST-C1,2025-04-26,18.6,27.6,OPEN,LOW
PHC-DST-C1-03,PHC-DST-C1-04,DST-C1,2025-04-27,18.6,27.6,OPEN,LOW
PHC-DST-C1-03,PHC-DST-C1-04,DST-C1,2025-04-28,18.6,27.5,OPEN,LOW
PHC-DST-C1-03,PHC-DST-C1-04,DST-C1,2025-04-29,18.6,28.6,OPEN,LOW
PHC-DST-C1-03,PHC-DST-C1-04,DST-C1,2025-04-30,18.6,28.5,OPEN,LOW
PHC-DST-C1-03,PHC-DST-C1-04,DST-C1,2025-05-01,18.6,30.4,OPEN,LOW
PHC-DST-C1-03,PHC-DST-C1-04,DST-C1,2025-05-02,18.6,30.6,OPEN,LOW
PHC-DST-C1-03,PHC-DST-C1-04,DST-C1,2025-05-03,18.6,29.2,OPEN,LOW
PHC-DST-C1-03,PHC-DST-C1-04,DST-C1,2025-05-04,18.6,29.2,OPEN,LOW
PHC-DST-C1-03,PHC-DST-C1-04,DST-C1,2025-05-05,18.6,29.4,OPEN,LOW
PHC-DST-C1-03,PHC-DST-C1-04,DST-C1,2025-05-06,18.6,27.5,OPEN,LOW
PHC-DST-C1-03,PHC-DST-C1-04,DST-C1,2025-05-07,18.6,27.1,OPEN,LOW
PHC-DST-C1-03,PHC-DST-C1-04,DST-C1,2025-05-08,18.6,29.9,OPEN,LOW
PHC-DST-C1-03,PHC-DST-C1-04,DST-C1,2025-05-09,18.6,29.0,OPEN,LOW
PHC-DST-C1-03,PHC-DST-C1-04,DST-C1,2025-05-10,18.6,29.0,OPEN,LOW
PHC-DST-C1-03,PHC-DST-C1-04,DST-C1,2025-05-11,18.6,27.9,OPEN,LOW
PHC-DST-C1-03,PHC-DST-C1-04,DST-C1,2025-05-12,18.6,30.2,OPEN,LOW
PHC-DST-C1-03,PHC-DST-C1-04,DST-C1,2025-05-13,18.6,29.7,OPEN,LOW
PHC-DST-C1-03,PHC-DST-C1-04,DST-C1,2025-05-14,18.6,30.2,OPEN,LOW
PHC-DST-C1-03,PHC-DST-C1-04,DST-C1,2025-05-15,18.6,30.3,OPEN,LOW
PHC-DST-C1-03,PHC-DST-C1-04,DST-C1,2025-05-16,18.6,28.1,OPEN,LOW
PHC-DST-C1-03,PHC-DST-C1-04,DST-C1,2025-05-17,18.6,30.1,OPEN,LOW
PHC-DST-C1-03,PHC-DST-C1-04,DST-C1,2025-05-18,18.6,29.4,OPEN,LOW
PHC-DST-C1-03,PHC-DST-C1-04,DST-C1,2025-05-19,18.6,27.3,OPEN,LOW
PHC-DST-C1-03,PHC-DST-C1-04,DST-C1,2025-05-20,18.6,27.4,OPEN,LOW
PHC-DST-C1-03,PHC-DST-C1-04,DST-C1,2025-05-21,18.6,26.6,OPEN,LOW
PHC-DST-C1-03,PHC-DST-C1-04,DST-C1,2025-05-22,18.6,27.2,OPEN,LOW
PHC-DST-C1-03,PHC-DST-C1-04,DST-C1,2025-05-23,18.6,28.7,OPEN,LOW
PHC-DST-C1-03,PHC-DST-C1-04,DST-C1,2025-05-24,18.6,26.8,OPEN,LOW
PHC-DST-C1-03,PHC-DST-C1-04,DST-C1,2025-05-25,18.6,29.3,OPEN,LOW
PHC-DST-C1-03,PHC-DST-C1-04,DST-C1,2025-05-26,18.6,30.5,OPEN,LOW
PHC-DST-C1-03,PHC-DST-C1-04,DST-C1,2025-05-27,18.6,27.3,OPEN,LOW
PHC-DST-C1-03,PHC-DST-C1-04,DST-C1,2025-05-28,18.6,30.1,OPEN,LOW
PHC-DST-C1-03,PHC-DST-C1-04,DST-C1,2025-05-29,18.6,30.0,OPEN,LOW
PHC-DST-C1-03,PHC-DST-C1-04,DST-C1,2025-05-30,18.6,28.0,OPEN,LOW
PHC-DST-C1-03,PHC-DST-C1-04,DST-C1,2025-05-31,18.6,27.4,OPEN,LOW
PHC-DST-C1-03,PHC-DST-C1-04,DST-C1,2025-06-01,18.6,26.5,OPEN,LOW
PHC-DST-C1-03,PHC-DST-C1-04,DST-C1,2025-06-02,18.6,30.1,OPEN,LOW
PHC-DST-C1-03,PHC-DST-C1-04,DST-C1,2025-06-03,18.6,29.6,OPEN,LOW
PHC-DST-C1-03,PHC-DST-C1-04,DST-C1,2025-06-04,18.6,28.7,OPEN,LOW
PHC-DST-C1-03,PHC-DST-C1-04,DST-C1,2025-06-05,18.6,29.2,OPEN,LOW
PHC-DST-C1-03,PHC-DST-C1-04,DST-C1,2025-06-06,18.6,30.3,OPEN,LOW
PHC-DST-C1-03,PHC-DST-C1-04,DST-C1,2025-06-07,18.6,28.3,OPEN,LOW
PHC-DST-C1-03,PHC-DST-C1-04,DST-C1,2025-06-08,18.6,29.0,OPEN,LOW
PHC-DST-C1-03,PHC-DST-C1-04,DST-C1,2025-06-09,18.6,28.4,OPEN,LOW
PHC-DST-C1-03,PHC-DST-C1-04,DST-C1,2025-06-10,18.6,30.1,OPEN,LOW
PHC-DST-C1-03,PHC-DST-C1-04,DST-C1,2025-06-11,18.6,27.5,OPEN,LOW
PHC-DST-C1-03,PHC-DST-C1-04,DST-C1,2025-06-12,18.6,27.9,OPEN,LOW
PHC-DST-C1-03,PHC-DST-C1-04,DST-C1,2025-06-13,18.6,26.8,OPEN,LOW
PHC-DST-C1-03,PHC-DST-C1-04,DST-C1,2025-06-14,18.6,28.1,OPEN,LOW
PHC-DST-C1-03,PHC-DST-C1-04,DST-C1,2025-06-15,18.6,28.2,OPEN,LOW
PHC-DST-C1-03,PHC-DST-C1-04,DST-C1,2025-06-16,18.6,27.9,OPEN,LOW
PHC-DST-C1-03,PHC-DST-C1-04,DST-C1,2025-06-17,18.6,29.9,OPEN,LOW
PHC-DST-C1-03,PHC-DST-C1-04,DST-C1,2025-06-18,18.6,26.8,OPEN,LOW
PHC-DST-C1-03,PHC-DST-C1-04,DST-C1,2025-06-19,18.6,27.4,OPEN,LOW
PHC-DST-C1-03,PHC-DST-C1-04,DST-C1,2025-06-20,18.6,28.0,OPEN,LOW
PHC-DST-C1-03,PHC-DST-C1-04,DST-C1,2025-06-21,18.6,26.6,OPEN,LOW
PHC-DST-C1-03,PHC-DST-C1-04,DST-C1,2025-06-22,18.6,29.4,OPEN,LOW
PHC-DST-C1-03,PHC-DST-C1-04,DST-C1,2025-06-23,18.6,28.0,OPEN,LOW
PHC-DST-C1-03,PHC-DST-C1-04,DST-C1,2025-06-24,18.6,29.5,OPEN,LOW
PHC-DST-C1-03,PHC-DST-C1-04,DST-C1,2025-06-25,18.6,26.7,OPEN,LOW
PHC-DST-C1-03,PHC-DST-C1-04,DST-C1,2025-06-26,18.6,28.5,OPEN,LOW
PHC-DST-C1-03,PHC-DST-C1-04,DST-C1,2025-06-27,18.6,27.8,OPEN,LOW
PHC-DST-C1-03,PHC-DST-C1-04,DST-C1,2025-06-28,18.6,27.0,OPEN,LOW
PHC-DST-C1-03,PHC-DST-C1-04,DST-C1,2025-06-29,18.6,28.0,OPEN,LOW
PHC-DST-C1-03,PHC-DST-C1-04,DST-C1,2025-06-30,18.6,29.2,OPEN,LOW
PHC-DST-C1-04,PHC-DST-C1-05,DST-C1,2024-01-01,14.6,22.5,OPEN,LOW
PHC-DST-C1-04,PHC-DST-C1-05,DST-C1,2024-01-02,14.6,24.1,OPEN,LOW
PHC-DST-C1-04,PHC-DST-C1-05,DST-C1,2024-01-03,14.6,23.6,OPEN,LOW
PHC-DST-C1-04,PHC-DST-C1-05,DST-C1,2024-01-04,14.6,21.4,OPEN,LOW
PHC-DST-C1-04,PHC-DST-C1-05,DST-C1,2024-01-05,14.6,21.3,OPEN,LOW
PHC-DST-C1-04,PHC-DST-C1-05,DST-C1,2024-01-06,14.6,22.1,OPEN,LOW
PHC-DST-C1-04,PHC-DST-C1-05,DST-C1,2024-01-07,14.6,23.2,OPEN,LOW
PHC-DST-C1-04,PHC-DST-C1-05,DST-C1,2024-01-08,14.6,22.6,OPEN,LOW
PHC-DST-C1-04,PHC-DST-C1-05,DST-C1,2024-01-09,14.6,23.8,OPEN,LOW
PHC-DST-C1-04,PHC-DST-C1-05,DST-C1,2024-01-10,14.6,21.5,OPEN,LOW
PHC-DST-C1-04,PHC-DST-C1-05,DST-C1,2024-01-11,14.6,21.5,OPEN,LOW
PHC-DST-C1-04,PHC-DST-C1-05,DST-C1,2024-01-12,14.6,23.2,OPEN,LOW
PHC-DST-C1-04,PHC-DST-C1-05,DST-C1,2024-01-13,14.6,23.5,OPEN,LOW
PHC-DST-C1-04,PHC-DST-C1-05,DST-C1,2024-01-14,14.6,21.4,OPEN,LOW
PHC-DST-C1-04,PHC-DST-C1-05,DST-C1,2024-01-15,14.6,23.3,OPEN,LOW
PHC-DST-C1-04,PHC-DST-C1-05,DST-C1,2024-01-16,14.6,22.8,OPEN,LOW
PHC-DST-C1-04,PHC-DST-C1-05,DST-C1,2024-01-17,14.6,22.4,OPEN,LOW
PHC-DST-C1-04,PHC-DST-C1-05,DST-C1,2024-01-18,14.6,23.0,OPEN,LOW
PHC-DST-C1-04,PHC-DST-C1-05,DST-C1,2024-01-19,14.6,23.5,OPEN,LOW
PHC-DST-C1-04,PHC-DST-C1-05,DST-C1,2024-01-20,14.6,22.6,OPEN,LOW
PHC-DST-C1-04,PHC-DST-C1-05,DST-C1,2024-01-21,14.6,22.1,OPEN,LOW
PHC-DST-C1-04,PHC-DST-C1-05,DST-C1,2024-01-22,14.6,23.9,OPEN,LOW
PHC-DST-C1-04,PHC-DST-C1-05,DST-C1,2024-01-23,14.6,23.6,OPEN,LOW
PHC-DST-C1-04,PHC-DST-C1-05,DST-C1,2024-01-24,14.6,22.4,OPEN,LOW
PHC-DST-C1-04,PHC-DST-C1-05,DST-C1,2024-01-25,14.6,22.0,OPEN,LOW
PHC-DST-C1-04,PHC-DST-C1-05,DST-C1,2024-01-26,14.6,22.6,OPEN,LOW
PHC-DST-C1-04,PHC-DST-C1-05,DST-C1,2024-01-27,14.6,21.9,OPEN,LOW
PHC-DST-C1-04,PHC-DST-C1-05,DST-C1,2024-01-28,14.6,24.0,OPEN,LOW
PHC-DST-C1-04,PHC-DST-C1-05,DST-C1,2024-01-29,14.6,22.6,OPEN,LOW
PHC-DST-C1-04,PHC-DST-C1-05,DST-C1,2024-01-30,14.6,23.1,OPEN,LOW
PHC-DST-C1-04,PHC-DST-C1-05,DST-C1,2024-01-31,14.6,23.1,OPEN,LOW
PHC-DST-C1-04,PHC-DST-C1-05,DST-C1,2024-02-01,14.6,22.1,OPEN,LOW
PHC-DST-C1-04,PHC-DST-C1-05,DST-C1,2024-02-02,14.6,23.7,OPEN,LOW
PHC-DST-C1-04,PHC-DST-C1-05,DST-C1,2024-02-03,14.6,21.0,OPEN,LOW
PHC-DST-C1-04,PHC-DST-C1-05,DST-C1,2024-02-04,14.6,24.1,OPEN,LOW
PHC-DST-C1-04,PHC-DST-C1-05,DST-C1,2024-02-05,14.6,22.8,OPEN,LOW
PHC-DST-C1-04,PHC-DST-C1-05,DST-C1,2024-02-06,14.6,23.9,OPEN,LOW
PHC-DST-C1-04,PHC-DST-C1-05,DST-C1,2024-02-07,14.6,24.1,OPEN,LOW
PHC-DST-C1-04,PHC-DST-C1-05,DST-C1,2024-02-08,14.6,24.0,OPEN,LOW
PHC-DST-C1-04,PHC-DST-C1-05,DST-C1,2024-02-09,14.6,21.7,OPEN,LOW
PHC-DST-C1-04,PHC-DST-C1-05,DST-C1,2024-02-10,14.6,21.0,OPEN,LOW
PHC-DST-C1-04,PHC-DST-C1-05,DST-C1,2024-02-11,14.6,21.0,OPEN,LOW
PHC-DST-C1-04,PHC-DST-C1-05,DST-C1,2024-02-12,14.6,23.5,OPEN,LOW
PHC-DST-C1-04,PHC-DST-C1-05,DST-C1,2024-02-13,14.6,23.3,OPEN,LOW
PHC-DST-C1-04,PHC-DST-C1-05,DST-C1,2024-02-14,14.6,22.4,OPEN,LOW
PHC-DST-C1-04,PHC-DST-C1-05,DST-C1,2024-02-15,14.6,23.2,OPEN,LOW
PHC-DST-C1-04,PHC-DST-C1-05,DST-C1,2024-02-16,14.6,21.4,OPEN,LOW
PHC-DST-C1-04,PHC-DST-C1-05,DST-C1,2024-02-17,14.6,23.3,OPEN,LOW
PHC-DST-C1-04,PHC-DST-C1-05,DST-C1,2024-02-18,14.6,23.6,OPEN,LOW
PHC-DST-C1-04,PHC-DST-C1-05,DST-C1,2024-02-19,14.6,22.3,OPEN,LOW
PHC-DST-C1-04,PHC-DST-C1-05,DST-C1,2024-02-20,14.6,21.1,OPEN,LOW
PHC-DST-C1-04,PHC-DST-C1-05,DST-C1,2024-02-21,14.6,21.6,OPEN,LOW
PHC-DST-C1-04,PHC-DST-C1-05,DST-C1,2024-02-22,14.6,23.5,OPEN,LOW
PHC-DST-C1-04,PHC-DST-C1-05,DST-C1,2024-02-23,14.6,22.9,OPEN,LOW
PHC-DST-C1-04,PHC-DST-C1-05,DST-C1,2024-02-24,14.6,22.0,OPEN,LOW
PHC-DST-C1-04,PHC-DST-C1-05,DST-C1,2024-02-25,14.6,21.3,OPEN,LOW
PHC-DST-C1-04,PHC-DST-C1-05,DST-C1,2024-02-26,14.6,21.0,OPEN,LOW
PHC-DST-C1-04,PHC-DST-C1-05,DST-C1,2024-02-27,14.6,22.9,OPEN,LOW
PHC-DST-C1-04,PHC-DST-C1-05,DST-C1,2024-02-28,14.6,22.8,OPEN,LOW
PHC-DST-C1-04,PHC-DST-C1-05,DST-C1,2024-02-29,14.6,21.1,OPEN,LOW
PHC-DST-C1-04,PHC-DST-C1-05,DST-C1,2024-03-01,14.6,22.3,OPEN,LOW
PHC-DST-C1-04,PHC-DST-C1-05,DST-C1,2024-03-02,14.6,20.8,OPEN,LOW
PHC-DST-C1-04,PHC-DST-C1-05,DST-C1,2024-03-03,14.6,21.7,OPEN,LOW
PHC-DST-C1-04,PHC-DST-C1-05,DST-C1,2024-03-04,14.6,23.5,OPEN,LOW
PHC-DST-C1-04,PHC-DST-C1-05,DST-C1,2024-03-05,14.6,23.9,OPEN,LOW
PHC-DST-C1-04,PHC-DST-C1-05,DST-C1,2024-03-06,14.6,21.6,OPEN,LOW
PHC-DST-C1-04,PHC-DST-C1-05,DST-C1,2024-03-07,14.6,21.3,OPEN,LOW
PHC-DST-C1-04,PHC-DST-C1-05,DST-C1,2024-03-08,14.6,22.7,OPEN,LOW
PHC-DST-C1-04,PHC-DST-C1-05,DST-C1,2024-03-09,14.6,23.8,OPEN,LOW
PHC-DST-C1-04,PHC-DST-C1-05,DST-C1,2024-03-10,14.6,21.9,OPEN,LOW
PHC-DST-C1-04,PHC-DST-C1-05,DST-C1,2024-03-11,14.6,23.0,OPEN,LOW
PHC-DST-C1-04,PHC-DST-C1-05,DST-C1,2024-03-12,14.6,22.1,OPEN,LOW
PHC-DST-C1-04,PHC-DST-C1-05,DST-C1,2024-03-13,14.6,22.3,OPEN,LOW
PHC-DST-C1-04,PHC-DST-C1-05,DST-C1,2024-03-14,14.6,23.3,OPEN,LOW
PHC-DST-C1-04,PHC-DST-C1-05,DST-C1,2024-03-15,14.6,22.0,OPEN,LOW
PHC-DST-C1-04,PHC-DST-C1-05,DST-C1,2024-03-16,14.6,23.0,OPEN,LOW
PHC-DST-C1-04,PHC-DST-C1-05,DST-C1,2024-03-17,14.6,23.5,OPEN,LOW
PHC-DST-C1-04,PHC-DST-C1-05,DST-C1,2024-03-18,14.6,23.5,OPEN,LOW
PHC-DST-C1-04,PHC-DST-C1-05,DST-C1,2024-03-19,14.6,23.0,OPEN,LOW
PHC-DST-C1-04,PHC-DST-C1-05,DST-C1,2024-03-20,14.6,23.5,OPEN,LOW
PHC-DST-C1-04,PHC-DST-C1-05,DST-C1,2024-03-21,14.6,24.0,OPEN,LOW
PHC-DST-C1-04,PHC-DST-C1-05,DST-C1,2024-03-22,14.6,22.9,OPEN,LOW
PHC-DST-C1-04,PHC-DST-C1-05,DST-C1,2024-03-23,14.6,23.0,OPEN,LOW
PHC-DST-C1-04,PHC-DST-C1-05,DST-C1,2024-03-24,14.6,22.2,OPEN,LOW
PHC-DST-C1-04,PHC-DST-C1-05,DST-C1,2024-03-25,14.6,22.4,OPEN,LOW
PHC-DST-C1-04,PHC-DST-C1-05,DST-C1,2024-03-26,14.6,22.1,OPEN,LOW
PHC-DST-C1-04,PHC-DST-C1-05,DST-C1,2024-03-27,14.6,22.4,OPEN,LOW
PHC-DST-C1-04,PHC-DST-C1-05,DST-C1,2024-03-28,14.6,23.9,OPEN,LOW
PHC-DST-C1-04,PHC-DST-C1-05,DST-C1,2024-03-29,14.6,23.8,OPEN,LOW
PHC-DST-C1-04,PHC-DST-C1-05,DST-C1,2024-03-30,14.6,21.4,OPEN,LOW
PHC-DST-C1-04,PHC-DST-C1-05,DST-C1,2024-03-31,14.6,22.7,OPEN,LOW
PHC-DST-C1-04,PHC-DST-C1-05,DST-C1,2024-04-01,14.6,23.6,OPEN,LOW
PHC-DST-C1-04,PHC-DST-C1-05,DST-C1,2024-04-02,14.6,22.4,OPEN,LOW
PHC-DST-C1-04,PHC-DST-C1-05,DST-C1,2024-04-03,14.6,21.1,OPEN,LOW
PHC-DST-C1-04,PHC-DST-C1-05,DST-C1,2024-04-04,14.6,21.1,OPEN,LOW
PHC-DST-C1-04,PHC-DST-C1-05,DST-C1,2024-04-05,14.6,21.8,OPEN,LOW
PHC-DST-C1-04,PHC-DST-C1-05,DST-C1,2024-04-06,14.6,21.4,OPEN,LOW
PHC-DST-C1-04,PHC-DST-C1-05,DST-C1,2024-04-07,14.6,23.3,OPEN,LOW
PHC-DST-C1-04,PHC-DST-C1-05,DST-C1,2024-04-08,14.6,21.3,OPEN,LOW
PHC-DST-C1-04,PHC-DST-C1-05,DST-C1,2024-04-09,14.6,22.1,OPEN,LOW
PHC-DST-C1-04,PHC-DST-C1-05,DST-C1,2024-04-10,14.6,21.2,OPEN,LOW
PHC-DST-C1-04,PHC-DST-C1-05,DST-C1,2024-04-11,14.6,21.4,OPEN,LOW
PHC-DST-C1-04,PHC-DST-C1-05,DST-C1,2024-04-12,14.6,21.5,OPEN,LOW
PHC-DST-C1-04,PHC-DST-C1-05,DST-C1,2024-04-13,14.6,22.1,OPEN,LOW
PHC-DST-C1-04,PHC-DST-C1-05,DST-C1,2024-04-14,14.6,23.9,OPEN,LOW
PHC-DST-C1-04,PHC-DST-C1-05,DST-C1,2024-04-15,14.6,22.6,OPEN,LOW
PHC-DST-C1-04,PHC-DST-C1-05,DST-C1,2024-04-16,14.6,22.8,OPEN,LOW
PHC-DST-C1-04,PHC-DST-C1-05,DST-C1,2024-04-17,14.6,22.1,OPEN,LOW
PHC-DST-C1-04,PHC-DST-C1-05,DST-C1,2024-04-18,14.6,23.2,OPEN,LOW
PHC-DST-C1-04,PHC-DST-C1-05,DST-C1,2024-04-19,14.6,23.9,OPEN,LOW
PHC-DST-C1-04,PHC-DST-C1-05,DST-C1,2024-04-20,14.6,21.3,OPEN,LOW
PHC-DST-C1-04,PHC-DST-C1-05,DST-C1,2024-04-21,14.6,21.5,OPEN,LOW
PHC-DST-C1-04,PHC-DST-C1-05,DST-C1,2024-04-22,14.6,23.3,OPEN,LOW
PHC-DST-C1-04,PHC-DST-C1-05,DST-C1,2024-04-23,14.6,21.1,OPEN,LOW
PHC-DST-C1-04,PHC-DST-C1-05,DST-C1,2024-04-24,14.6,22.8,OPEN,LOW
PHC-DST-C1-04,PHC-DST-C1-05,DST-C1,2024-04-25,14.6,21.0,OPEN,LOW
PHC-DST-C1-04,PHC-DST-C1-05,DST-C1,2024-04-26,14.6,23.3,OPEN,LOW
PHC-DST-C1-04,PHC-DST-C1-05,DST-C1,2024-04-27,14.6,22.2,OPEN,LOW
PHC-DST-C1-04,PHC-DST-C1-05,DST-C1,2024-04-28,14.6,22.2,OPEN,LOW
PHC-DST-C1-04,PHC-DST-C1-05,DST-C1,2024-04-29,14.6,23.4,OPEN,LOW
PHC-DST-C1-04,PHC-DST-C1-05,DST-C1,2024-04-30,14.6,23.8,OPEN,LOW
PHC-DST-C1-04,PHC-DST-C1-05,DST-C1,2024-05-01,14.6,23.5,OPEN,LOW
PHC-DST-C1-04,PHC-DST-C1-05,DST-C1,2024-05-02,14.6,22.8,OPEN,LOW
PHC-DST-C1-04,PHC-DST-C1-05,DST-C1,2024-05-03,14.6,21.0,OPEN,LOW
PHC-DST-C1-04,PHC-DST-C1-05,DST-C1,2024-05-04,14.6,21.9,OPEN,LOW
PHC-DST-C1-04,PHC-DST-C1-05,DST-C1,2024-05-05,14.6,23.4,OPEN,LOW
PHC-DST-C1-04,PHC-DST-C1-05,DST-C1,2024-05-06,14.6,22.5,OPEN,LOW
PHC-DST-C1-04,PHC-DST-C1-05,DST-C1,2024-05-07,14.6,21.6,OPEN,LOW
PHC-DST-C1-04,PHC-DST-C1-05,DST-C1,2024-05-08,14.6,23.3,OPEN,LOW
PHC-DST-C1-04,PHC-DST-C1-05,DST-C1,2024-05-09,14.6,21.7,OPEN,LOW
PHC-DST-C1-04,PHC-DST-C1-05,DST-C1,2024-05-10,14.6,22.0,OPEN,LOW
PHC-DST-C1-04,PHC-DST-C1-05,DST-C1,2024-05-11,14.6,22.5,OPEN,LOW
PHC-DST-C1-04,PHC-DST-C1-05,DST-C1,2024-05-12,14.6,21.8,OPEN,LOW
PHC-DST-C1-04,PHC-DST-C1-05,DST-C1,2024-05-13,14.6,23.1,OPEN,LOW
PHC-DST-C1-04,PHC-DST-C1-05,DST-C1,2024-05-14,14.6,22.5,OPEN,LOW
PHC-DST-C1-04,PHC-DST-C1-05,DST-C1,2024-05-15,14.6,22.1,OPEN,LOW
PHC-DST-C1-04,PHC-DST-C1-05,DST-C1,2024-05-16,14.6,21.1,OPEN,LOW
PHC-DST-C1-04,PHC-DST-C1-05,DST-C1,2024-05-17,14.6,23.2,OPEN,LOW
PHC-DST-C1-04,PHC-DST-C1-05,DST-C1,2024-05-18,14.6,23.5,OPEN,LOW
PHC-DST-C1-04,PHC-DST-C1-05,DST-C1,2024-05-19,14.6,22.1,OPEN,LOW
PHC-DST-C1-04,PHC-DST-C1-05,DST-C1,2024-05-20,14.6,21.8,OPEN,LOW
PHC-DST-C1-04,PHC-DST-C1-05,DST-C1,2024-05-21,14.6,22.1,OPEN,LOW
PHC-DST-C1-04,PHC-DST-C1-05,DST-C1,2024-05-22,14.6,22.4,OPEN,LOW
PHC-DST-C1-04,PHC-DST-C1-05,DST-C1,2024-05-23,14.6,22.2,OPEN,LOW
PHC-DST-C1-04,PHC-DST-C1-05,DST-C1,2024-05-24,14.6,23.5,OPEN,LOW
PHC-DST-C1-04,PHC-DST-C1-05,DST-C1,2024-05-25,14.6,21.6,OPEN,LOW
PHC-DST-C1-04,PHC-DST-C1-05,DST-C1,2024-05-26,14.6,22.8,OPEN,LOW
PHC-DST-C1-04,PHC-DST-C1-05,DST-C1,2024-05-27,14.6,23.6,OPEN,LOW
PHC-DST-C1-04,PHC-DST-C1-05,DST-C1,2024-05-28,14.6,23.1,OPEN,LOW
PHC-DST-C1-04,PHC-DST-C1-05,DST-C1,2024-05-29,14.6,23.7,OPEN,LOW
PHC-DST-C1-04,PHC-DST-C1-05,DST-C1,2024-05-30,14.6,22.1,OPEN,LOW
PHC-DST-C1-04,PHC-DST-C1-05,DST-C1,2024-05-31,14.6,21.7,OPEN,LOW
PHC-DST-C1-04,PHC-DST-C1-05,DST-C1,2024-06-01,14.6,22.0,OPEN,LOW
PHC-DST-C1-04,PHC-DST-C1-05,DST-C1,2024-06-02,14.6,22.9,OPEN,LOW
PHC-DST-C1-04,PHC-DST-C1-05,DST-C1,2024-06-03,14.6,22.2,OPEN,LOW
PHC-DST-C1-04,PHC-DST-C1-05,DST-C1,2024-06-04,14.6,21.6,OPEN,LOW
PHC-DST-C1-04,PHC-DST-C1-05,DST-C1,2024-06-05,14.6,23.5,OPEN,LOW
PHC-DST-C1-04,PHC-DST-C1-05,DST-C1,2024-06-06,14.6,21.6,OPEN,LOW
PHC-DST-C1-04,PHC-DST-C1-05,DST-C1,2024-06-07,14.6,23.9,OPEN,LOW
PHC-DST-C1-04,PHC-DST-C1-05,DST-C1,2024-06-08,14.6,21.2,OPEN,LOW
PHC-DST-C1-04,PHC-DST-C1-05,DST-C1,2024-06-09,14.6,22.0,OPEN,LOW
PHC-DST-C1-04,PHC-DST-C1-05,DST-C1,2024-06-10,14.6,21.1,OPEN,LOW
PHC-DST-C1-04,PHC-DST-C1-05,DST-C1,2024-06-11,14.6,23.8,OPEN,LOW
PHC-DST-C1-04,PHC-DST-C1-05,DST-C1,2024-06-12,14.6,21.8,OPEN,LOW
PHC-DST-C1-04,PHC-DST-C1-05,DST-C1,2024-06-13,14.6,20.8,OPEN,LOW
PHC-DST-C1-04,PHC-DST-C1-05,DST-C1,2024-06-14,14.6,22.5,OPEN,LOW
PHC-DST-C1-04,PHC-DST-C1-05,DST-C1,2024-06-15,14.6,22.0,OPEN,LOW
PHC-DST-C1-04,PHC-DST-C1-05,DST-C1,2024-06-16,14.6,24.0,OPEN,LOW
PHC-DST-C1-04,PHC-DST-C1-05,DST-C1,2024-06-17,14.6,22.9,OPEN,LOW
PHC-DST-C1-04,PHC-DST-C1-05,DST-C1,2024-06-18,14.6,23.7,OPEN,LOW
PHC-DST-C1-04,PHC-DST-C1-05,DST-C1,2024-06-19,14.6,21.6,OPEN,LOW
PHC-DST-C1-04,PHC-DST-C1-05,DST-C1,2024-06-20,14.6,21.5,OPEN,LOW
PHC-DST-C1-04,PHC-DST-C1-05,DST-C1,2024-06-21,14.6,22.0,OPEN,LOW
PHC-DST-C1-04,PHC-DST-C1-05,DST-C1,2024-06-22,14.6,21.1,OPEN,LOW
PHC-DST-C1-04,PHC-DST-C1-05,DST-C1,2024-06-23,14.6,23.2,OPEN,LOW
PHC-DST-C1-04,PHC-DST-C1-05,DST-C1,2024-06-24,14.6,23.9,OPEN,LOW
PHC-DST-C1-04,PHC-DST-C1-05,DST-C1,2024-06-25,14.6,21.0,OPEN,LOW
PHC-DST-C1-04,PHC-DST-C1-05,DST-C1,2024-06-26,14.6,21.7,OPEN,LOW
PHC-DST-C1-04,PHC-DST-C1-05,DST-C1,2024-06-27,14.6,22.5,OPEN,LOW
PHC-DST-C1-04,PHC-DST-C1-05,DST-C1,2024-06-28,14.6,21.8,OPEN,LOW
PHC-DST-C1-04,PHC-DST-C1-05,DST-C1,2024-06-29,14.6,23.0,OPEN,LOW
PHC-DST-C1-04,PHC-DST-C1-05,DST-C1,2024-06-30,14.6,23.6,OPEN,LOW
PHC-DST-C1-04,PHC-DST-C1-05,DST-C1,2024-07-01,14.6,23.2,OPEN,LOW
PHC-DST-C1-04,PHC-DST-C1-05,DST-C1,2024-07-02,14.6,23.1,OPEN,LOW
PHC-DST-C1-04,PHC-DST-C1-05,DST-C1,2024-07-03,14.6,23.1,OPEN,LOW
PHC-DST-C1-04,PHC-DST-C1-05,DST-C1,2024-07-04,14.6,23.2,OPEN,LOW
PHC-DST-C1-04,PHC-DST-C1-05,DST-C1,2024-07-05,14.6,22.7,OPEN,LOW
PHC-DST-C1-04,PHC-DST-C1-05,DST-C1,2024-07-06,14.6,23.1,OPEN,LOW
PHC-DST-C1-04,PHC-DST-C1-05,DST-C1,2024-07-07,14.6,22.4,OPEN,LOW
PHC-DST-C1-04,PHC-DST-C1-05,DST-C1,2024-07-08,14.6,23.7,OPEN,LOW
PHC-DST-C1-04,PHC-DST-C1-05,DST-C1,2024-07-09,14.6,21.7,OPEN,LOW
PHC-DST-C1-04,PHC-DST-C1-05,DST-C1,2024-07-10,14.6,21.1,OPEN,LOW
PHC-DST-C1-04,PHC-DST-C1-05,DST-C1,2024-07-11,14.6,22.6,OPEN,LOW
PHC-DST-C1-04,PHC-DST-C1-05,DST-C1,2024-07-12,14.6,21.0,OPEN,LOW
PHC-DST-C1-04,PHC-DST-C1-05,DST-C1,2024-07-13,14.6,21.7,OPEN,LOW
PHC-DST-C1-04,PHC-DST-C1-05,DST-C1,2024-07-14,14.6,24.0,OPEN,LOW
PHC-DST-C1-04,PHC-DST-C1-05,DST-C1,2024-07-15,14.6,23.4,OPEN,LOW
PHC-DST-C1-04,PHC-DST-C1-05,DST-C1,2024-07-16,14.6,21.2,OPEN,LOW
PHC-DST-C1-04,PHC-DST-C1-05,DST-C1,2024-07-17,14.6,23.0,OPEN,LOW
PHC-DST-C1-04,PHC-DST-C1-05,DST-C1,2024-07-18,14.6,20.8,OPEN,LOW
PHC-DST-C1-04,PHC-DST-C1-05,DST-C1,2024-07-19,14.6,21.6,OPEN,LOW
PHC-DST-C1-04,PHC-DST-C1-05,DST-C1,2024-07-20,14.6,21.8,OPEN,LOW
PHC-DST-C1-04,PHC-DST-C1-05,DST-C1,2024-07-21,14.6,22.7,OPEN,LOW
PHC-DST-C1-04,PHC-DST-C1-05,DST-C1,2024-07-22,14.6,24.0,OPEN,LOW
PHC-DST-C1-04,PHC-DST-C1-05,DST-C1,2024-07-23,14.6,22.9,OPEN,LOW
PHC-DST-C1-04,PHC-DST-C1-05,DST-C1,2024-07-24,14.6,22.3,OPEN,LOW
PHC-DST-C1-04,PHC-DST-C1-05,DST-C1,2024-07-25,14.6,21.4,OPEN,LOW
PHC-DST-C1-04,PHC-DST-C1-05,DST-C1,2024-07-26,14.6,21.0,OPEN,LOW
PHC-DST-C1-04,PHC-DST-C1-05,DST-C1,2024-07-27,14.6,23.2,OPEN,LOW
PHC-DST-C1-04,PHC-DST-C1-05,DST-C1,2024-07-28,14.6,24.0,OPEN,LOW
PHC-DST-C1-04,PHC-DST-C1-05,DST-C1,2024-07-29,14.6,21.6,OPEN,LOW
PHC-DST-C1-04,PHC-DST-C1-05,DST-C1,2024-07-30,14.6,23.8,OPEN,LOW
PHC-DST-C1-04,PHC-DST-C1-05,DST-C1,2024-07-31,14.6,22.5,OPEN,LOW
PHC-DST-C1-04,PHC-DST-C1-05,DST-C1,2024-08-01,14.6,23.8,OPEN,LOW
PHC-DST-C1-04,PHC-DST-C1-05,DST-C1,2024-08-02,14.6,22.7,OPEN,LOW
PHC-DST-C1-04,PHC-DST-C1-05,DST-C1,2024-08-03,14.6,24.0,OPEN,LOW
PHC-DST-C1-04,PHC-DST-C1-05,DST-C1,2024-08-04,14.6,22.6,OPEN,LOW
PHC-DST-C1-04,PHC-DST-C1-05,DST-C1,2024-08-05,14.6,22.5,OPEN,LOW
PHC-DST-C1-04,PHC-DST-C1-05,DST-C1,2024-08-06,14.6,21.8,OPEN,LOW
PHC-DST-C1-04,PHC-DST-C1-05,DST-C1,2024-08-07,14.6,22.9,OPEN,LOW
PHC-DST-C1-04,PHC-DST-C1-05,DST-C1,2024-08-08,14.6,22.0,OPEN,LOW
PHC-DST-C1-04,PHC-DST-C1-05,DST-C1,2024-08-09,14.6,21.1,OPEN,LOW
PHC-DST-C1-04,PHC-DST-C1-05,DST-C1,2024-08-10,14.6,22.5,OPEN,LOW
PHC-DST-C1-04,PHC-DST-C1-05,DST-C1,2024-08-11,14.6,21.3,OPEN,LOW
PHC-DST-C1-04,PHC-DST-C1-05,DST-C1,2024-08-12,14.6,20.9,OPEN,LOW
PHC-DST-C1-04,PHC-DST-C1-05,DST-C1,2024-08-13,14.6,22.6,OPEN,LOW
PHC-DST-C1-04,PHC-DST-C1-05,DST-C1,2024-08-14,14.6,72.7,DEGRADED,SEVERE
PHC-DST-C1-04,PHC-DST-C1-05,DST-C1,2024-08-15,14.6,23.1,OPEN,LOW
PHC-DST-C1-04,PHC-DST-C1-05,DST-C1,2024-08-16,14.6,21.5,OPEN,LOW
PHC-DST-C1-04,PHC-DST-C1-05,DST-C1,2024-08-17,14.6,23.9,OPEN,LOW
PHC-DST-C1-04,PHC-DST-C1-05,DST-C1,2024-08-18,14.6,21.4,OPEN,LOW
PHC-DST-C1-04,PHC-DST-C1-05,DST-C1,2024-08-19,14.6,23.6,OPEN,LOW
PHC-DST-C1-04,PHC-DST-C1-05,DST-C1,2024-08-20,14.6,22.0,OPEN,LOW
PHC-DST-C1-04,PHC-DST-C1-05,DST-C1,2024-08-21,14.6,22.0,OPEN,LOW
PHC-DST-C1-04,PHC-DST-C1-05,DST-C1,2024-08-22,14.6,21.2,OPEN,LOW
PHC-DST-C1-04,PHC-DST-C1-05,DST-C1,2024-08-23,14.6,23.9,OPEN,LOW
PHC-DST-C1-04,PHC-DST-C1-05,DST-C1,2024-08-24,14.6,22.0,OPEN,LOW
PHC-DST-C1-04,PHC-DST-C1-05,DST-C1,2024-08-25,14.6,20.9,OPEN,LOW
PHC-DST-C1-04,PHC-DST-C1-05,DST-C1,2024-08-26,14.6,23.8,OPEN,LOW
PHC-DST-C1-04,PHC-DST-C1-05,DST-C1,2024-08-27,14.6,23.1,OPEN,LOW
PHC-DST-C1-04,PHC-DST-C1-05,DST-C1,2024-08-28,14.6,22.3,OPEN,LOW
PHC-DST-C1-04,PHC-DST-C1-05,DST-C1,2024-08-29,14.6,21.1,OPEN,LOW
PHC-DST-C1-04,PHC-DST-C1-05,DST-C1,2024-08-30,14.6,22.1,OPEN,LOW
PHC-DST-C1-04,PHC-DST-C1-05,DST-C1,2024-08-31,14.6,22.1,OPEN,LOW
PHC-DST-C1-04,PHC-DST-C1-05,DST-C1,2024-09-01,14.6,21.1,OPEN,LOW
PHC-DST-C1-04,PHC-DST-C1-05,DST-C1,2024-09-02,14.6,21.6,OPEN,LOW
PHC-DST-C1-04,PHC-DST-C1-05,DST-C1,2024-09-03,14.6,23.4,OPEN,LOW
PHC-DST-C1-04,PHC-DST-C1-05,DST-C1,2024-09-04,14.6,22.6,OPEN,LOW
PHC-DST-C1-04,PHC-DST-C1-05,DST-C1,2024-09-05,14.6,22.0,OPEN,LOW
PHC-DST-C1-04,PHC-DST-C1-05,DST-C1,2024-09-06,14.6,21.0,OPEN,LOW
PHC-DST-C1-04,PHC-DST-C1-05,DST-C1,2024-09-07,14.6,21.0,OPEN,LOW
PHC-DST-C1-04,PHC-DST-C1-05,DST-C1,2024-09-08,14.6,146.4,BLOCKED,SEVERE
PHC-DST-C1-04,PHC-DST-C1-05,DST-C1,2024-09-09,14.6,23.2,OPEN,LOW
PHC-DST-C1-04,PHC-DST-C1-05,DST-C1,2024-09-10,14.6,24.0,OPEN,LOW
PHC-DST-C1-04,PHC-DST-C1-05,DST-C1,2024-09-11,14.6,23.0,OPEN,LOW
PHC-DST-C1-04,PHC-DST-C1-05,DST-C1,2024-09-12,14.6,22.2,OPEN,LOW
PHC-DST-C1-04,PHC-DST-C1-05,DST-C1,2024-09-13,14.6,23.7,OPEN,LOW
PHC-DST-C1-04,PHC-DST-C1-05,DST-C1,2024-09-14,14.6,21.0,OPEN,LOW
PHC-DST-C1-04,PHC-DST-C1-05,DST-C1,2024-09-15,14.6,21.2,OPEN,LOW
PHC-DST-C1-04,PHC-DST-C1-05,DST-C1,2024-09-16,14.6,23.1,OPEN,LOW
PHC-DST-C1-04,PHC-DST-C1-05,DST-C1,2024-09-17,14.6,22.7,OPEN,LOW
PHC-DST-C1-04,PHC-DST-C1-05,DST-C1,2024-09-18,14.6,23.1,OPEN,LOW
PHC-DST-C1-04,PHC-DST-C1-05,DST-C1,2024-09-19,14.6,21.5,OPEN,LOW
PHC-DST-C1-04,PHC-DST-C1-05,DST-C1,2024-09-20,14.6,22.8,OPEN,LOW
PHC-DST-C1-04,PHC-DST-C1-05,DST-C1,2024-09-21,14.6,23.0,OPEN,LOW
PHC-DST-C1-04,PHC-DST-C1-05,DST-C1,2024-09-22,14.6,23.5,OPEN,LOW
PHC-DST-C1-04,PHC-DST-C1-05,DST-C1,2024-09-23,14.6,21.3,OPEN,LOW
PHC-DST-C1-04,PHC-DST-C1-05,DST-C1,2024-09-24,14.6,20.8,OPEN,LOW
PHC-DST-C1-04,PHC-DST-C1-05,DST-C1,2024-09-25,14.6,21.7,OPEN,LOW
PHC-DST-C1-04,PHC-DST-C1-05,DST-C1,2024-09-26,14.6,21.7,OPEN,LOW
PHC-DST-C1-04,PHC-DST-C1-05,DST-C1,2024-09-27,14.6,23.6,OPEN,LOW
PHC-DST-C1-04,PHC-DST-C1-05,DST-C1,2024-09-28,14.6,22.2,OPEN,LOW
PHC-DST-C1-04,PHC-DST-C1-05,DST-C1,2024-09-29,14.6,23.6,OPEN,LOW
PHC-DST-C1-04,PHC-DST-C1-05,DST-C1,2024-09-30,14.6,21.0,OPEN,LOW
PHC-DST-C1-04,PHC-DST-C1-05,DST-C1,2024-10-01,14.6,23.1,OPEN,LOW
PHC-DST-C1-04,PHC-DST-C1-05,DST-C1,2024-10-02,14.6,21.7,OPEN,LOW
PHC-DST-C1-04,PHC-DST-C1-05,DST-C1,2024-10-03,14.6,23.5,OPEN,LOW
PHC-DST-C1-04,PHC-DST-C1-05,DST-C1,2024-10-04,14.6,23.3,OPEN,LOW
PHC-DST-C1-04,PHC-DST-C1-05,DST-C1,2024-10-05,14.6,22.2,OPEN,LOW
PHC-DST-C1-04,PHC-DST-C1-05,DST-C1,2024-10-06,14.6,23.1,OPEN,LOW
PHC-DST-C1-04,PHC-DST-C1-05,DST-C1,2024-10-07,14.6,20.9,OPEN,LOW
PHC-DST-C1-04,PHC-DST-C1-05,DST-C1,2024-10-08,14.6,23.5,OPEN,LOW
PHC-DST-C1-04,PHC-DST-C1-05,DST-C1,2024-10-09,14.6,22.1,OPEN,LOW
PHC-DST-C1-04,PHC-DST-C1-05,DST-C1,2024-10-10,14.6,21.8,OPEN,LOW
PHC-DST-C1-04,PHC-DST-C1-05,DST-C1,2024-10-11,14.6,23.5,OPEN,LOW
PHC-DST-C1-04,PHC-DST-C1-05,DST-C1,2024-10-12,14.6,21.0,OPEN,LOW
PHC-DST-C1-04,PHC-DST-C1-05,DST-C1,2024-10-13,14.6,23.6,OPEN,LOW
PHC-DST-C1-04,PHC-DST-C1-05,DST-C1,2024-10-14,14.6,23.2,OPEN,LOW
PHC-DST-C1-04,PHC-DST-C1-05,DST-C1,2024-10-15,14.6,23.3,OPEN,LOW
PHC-DST-C1-04,PHC-DST-C1-05,DST-C1,2024-10-16,14.6,22.6,OPEN,LOW
PHC-DST-C1-04,PHC-DST-C1-05,DST-C1,2024-10-17,14.6,22.7,OPEN,LOW
PHC-DST-C1-04,PHC-DST-C1-05,DST-C1,2024-10-18,14.6,22.8,OPEN,LOW
PHC-DST-C1-04,PHC-DST-C1-05,DST-C1,2024-10-19,14.6,22.2,OPEN,LOW
PHC-DST-C1-04,PHC-DST-C1-05,DST-C1,2024-10-20,14.6,23.8,OPEN,LOW
PHC-DST-C1-04,PHC-DST-C1-05,DST-C1,2024-10-21,14.6,22.4,OPEN,LOW
PHC-DST-C1-04,PHC-DST-C1-05,DST-C1,2024-10-22,14.6,22.4,OPEN,LOW
PHC-DST-C1-04,PHC-DST-C1-05,DST-C1,2024-10-23,14.6,23.5,OPEN,LOW
PHC-DST-C1-04,PHC-DST-C1-05,DST-C1,2024-10-24,14.6,22.0,OPEN,LOW
PHC-DST-C1-04,PHC-DST-C1-05,DST-C1,2024-10-25,14.6,21.8,OPEN,LOW
PHC-DST-C1-04,PHC-DST-C1-05,DST-C1,2024-10-26,14.6,22.9,OPEN,LOW
PHC-DST-C1-04,PHC-DST-C1-05,DST-C1,2024-10-27,14.6,21.6,OPEN,LOW
PHC-DST-C1-04,PHC-DST-C1-05,DST-C1,2024-10-28,14.6,22.0,OPEN,LOW
PHC-DST-C1-04,PHC-DST-C1-05,DST-C1,2024-10-29,14.6,22.1,OPEN,LOW
PHC-DST-C1-04,PHC-DST-C1-05,DST-C1,2024-10-30,14.6,22.7,OPEN,LOW
PHC-DST-C1-04,PHC-DST-C1-05,DST-C1,2024-10-31,14.6,23.1,OPEN,LOW
PHC-DST-C1-04,PHC-DST-C1-05,DST-C1,2024-11-01,14.6,23.2,OPEN,LOW
PHC-DST-C1-04,PHC-DST-C1-05,DST-C1,2024-11-02,14.6,20.9,OPEN,LOW
PHC-DST-C1-04,PHC-DST-C1-05,DST-C1,2024-11-03,14.6,22.9,OPEN,LOW
PHC-DST-C1-04,PHC-DST-C1-05,DST-C1,2024-11-04,14.6,22.3,OPEN,LOW
PHC-DST-C1-04,PHC-DST-C1-05,DST-C1,2024-11-05,14.6,20.8,OPEN,LOW
PHC-DST-C1-04,PHC-DST-C1-05,DST-C1,2024-11-06,14.6,22.9,OPEN,LOW
PHC-DST-C1-04,PHC-DST-C1-05,DST-C1,2024-11-07,14.6,23.5,OPEN,LOW
PHC-DST-C1-04,PHC-DST-C1-05,DST-C1,2024-11-08,14.6,23.3,OPEN,LOW
PHC-DST-C1-04,PHC-DST-C1-05,DST-C1,2024-11-09,14.6,22.2,OPEN,LOW
PHC-DST-C1-04,PHC-DST-C1-05,DST-C1,2024-11-10,14.6,22.8,OPEN,LOW
PHC-DST-C1-04,PHC-DST-C1-05,DST-C1,2024-11-11,14.6,23.8,OPEN,LOW
PHC-DST-C1-04,PHC-DST-C1-05,DST-C1,2024-11-12,14.6,21.5,OPEN,LOW
PHC-DST-C1-04,PHC-DST-C1-05,DST-C1,2024-11-13,14.6,23.6,OPEN,LOW
PHC-DST-C1-04,PHC-DST-C1-05,DST-C1,2024-11-14,14.6,22.1,OPEN,LOW
PHC-DST-C1-04,PHC-DST-C1-05,DST-C1,2024-11-15,14.6,21.2,OPEN,LOW
PHC-DST-C1-04,PHC-DST-C1-05,DST-C1,2024-11-16,14.6,23.8,OPEN,LOW
PHC-DST-C1-04,PHC-DST-C1-05,DST-C1,2024-11-17,14.6,23.5,OPEN,LOW
PHC-DST-C1-04,PHC-DST-C1-05,DST-C1,2024-11-18,14.6,22.8,OPEN,LOW
PHC-DST-C1-04,PHC-DST-C1-05,DST-C1,2024-11-19,14.6,22.5,OPEN,LOW
PHC-DST-C1-04,PHC-DST-C1-05,DST-C1,2024-11-20,14.6,23.8,OPEN,LOW
PHC-DST-C1-04,PHC-DST-C1-05,DST-C1,2024-11-21,14.6,22.9,OPEN,LOW
PHC-DST-C1-04,PHC-DST-C1-05,DST-C1,2024-11-22,14.6,21.3,OPEN,LOW
PHC-DST-C1-04,PHC-DST-C1-05,DST-C1,2024-11-23,14.6,22.4,OPEN,LOW
PHC-DST-C1-04,PHC-DST-C1-05,DST-C1,2024-11-24,14.6,22.0,OPEN,LOW
PHC-DST-C1-04,PHC-DST-C1-05,DST-C1,2024-11-25,14.6,21.6,OPEN,LOW
PHC-DST-C1-04,PHC-DST-C1-05,DST-C1,2024-11-26,14.6,23.9,OPEN,LOW
PHC-DST-C1-04,PHC-DST-C1-05,DST-C1,2024-11-27,14.6,21.5,OPEN,LOW
PHC-DST-C1-04,PHC-DST-C1-05,DST-C1,2024-11-28,14.6,22.3,OPEN,LOW
PHC-DST-C1-04,PHC-DST-C1-05,DST-C1,2024-11-29,14.6,23.0,OPEN,LOW
PHC-DST-C1-04,PHC-DST-C1-05,DST-C1,2024-11-30,14.6,23.6,OPEN,LOW
PHC-DST-C1-04,PHC-DST-C1-05,DST-C1,2024-12-01,14.6,21.6,OPEN,LOW
PHC-DST-C1-04,PHC-DST-C1-05,DST-C1,2024-12-02,14.6,21.8,OPEN,LOW
PHC-DST-C1-04,PHC-DST-C1-05,DST-C1,2024-12-03,14.6,22.8,OPEN,LOW
PHC-DST-C1-04,PHC-DST-C1-05,DST-C1,2024-12-04,14.6,20.9,OPEN,LOW
PHC-DST-C1-04,PHC-DST-C1-05,DST-C1,2024-12-05,14.6,20.9,OPEN,LOW
PHC-DST-C1-04,PHC-DST-C1-05,DST-C1,2024-12-06,14.6,22.3,OPEN,LOW
PHC-DST-C1-04,PHC-DST-C1-05,DST-C1,2024-12-07,14.6,23.5,OPEN,LOW
PHC-DST-C1-04,PHC-DST-C1-05,DST-C1,2024-12-08,14.6,21.6,OPEN,LOW
PHC-DST-C1-04,PHC-DST-C1-05,DST-C1,2024-12-09,14.6,22.4,OPEN,LOW
PHC-DST-C1-04,PHC-DST-C1-05,DST-C1,2024-12-10,14.6,20.9,OPEN,LOW
PHC-DST-C1-04,PHC-DST-C1-05,DST-C1,2024-12-11,14.6,23.0,OPEN,LOW
PHC-DST-C1-04,PHC-DST-C1-05,DST-C1,2024-12-12,14.6,20.9,OPEN,LOW
PHC-DST-C1-04,PHC-DST-C1-05,DST-C1,2024-12-13,14.6,22.9,OPEN,LOW
PHC-DST-C1-04,PHC-DST-C1-05,DST-C1,2024-12-14,14.6,22.3,OPEN,LOW
PHC-DST-C1-04,PHC-DST-C1-05,DST-C1,2024-12-15,14.6,21.4,OPEN,LOW
PHC-DST-C1-04,PHC-DST-C1-05,DST-C1,2024-12-16,14.6,23.9,OPEN,LOW
PHC-DST-C1-04,PHC-DST-C1-05,DST-C1,2024-12-17,14.6,21.3,OPEN,LOW
PHC-DST-C1-04,PHC-DST-C1-05,DST-C1,2024-12-18,14.6,23.2,OPEN,LOW
PHC-DST-C1-04,PHC-DST-C1-05,DST-C1,2024-12-19,14.6,22.4,OPEN,LOW
PHC-DST-C1-04,PHC-DST-C1-05,DST-C1,2024-12-20,14.6,23.1,OPEN,LOW
PHC-DST-C1-04,PHC-DST-C1-05,DST-C1,2024-12-21,14.6,24.0,OPEN,LOW
PHC-DST-C1-04,PHC-DST-C1-05,DST-C1,2024-12-22,14.6,21.1,OPEN,LOW
PHC-DST-C1-04,PHC-DST-C1-05,DST-C1,2024-12-23,14.6,21.8,OPEN,LOW
PHC-DST-C1-04,PHC-DST-C1-05,DST-C1,2024-12-24,14.6,24.0,OPEN,LOW
PHC-DST-C1-04,PHC-DST-C1-05,DST-C1,2024-12-25,14.6,23.0,OPEN,LOW
PHC-DST-C1-04,PHC-DST-C1-05,DST-C1,2024-12-26,14.6,21.5,OPEN,LOW
PHC-DST-C1-04,PHC-DST-C1-05,DST-C1,2024-12-27,14.6,23.4,OPEN,LOW
PHC-DST-C1-04,PHC-DST-C1-05,DST-C1,2024-12-28,14.6,22.7,OPEN,LOW
PHC-DST-C1-04,PHC-DST-C1-05,DST-C1,2024-12-29,14.6,21.6,OPEN,LOW
PHC-DST-C1-04,PHC-DST-C1-05,DST-C1,2024-12-30,14.6,22.9,OPEN,LOW
PHC-DST-C1-04,PHC-DST-C1-05,DST-C1,2024-12-31,14.6,24.0,OPEN,LOW
PHC-DST-C1-04,PHC-DST-C1-05,DST-C1,2025-01-01,14.6,21.4,OPEN,LOW
PHC-DST-C1-04,PHC-DST-C1-05,DST-C1,2025-01-02,14.6,23.9,OPEN,LOW
PHC-DST-C1-04,PHC-DST-C1-05,DST-C1,2025-01-03,14.6,23.3,OPEN,LOW
PHC-DST-C1-04,PHC-DST-C1-05,DST-C1,2025-01-04,14.6,21.1,OPEN,LOW
PHC-DST-C1-04,PHC-DST-C1-05,DST-C1,2025-01-05,14.6,23.1,OPEN,LOW
PHC-DST-C1-04,PHC-DST-C1-05,DST-C1,2025-01-06,14.6,23.2,OPEN,LOW
PHC-DST-C1-04,PHC-DST-C1-05,DST-C1,2025-01-07,14.6,23.6,OPEN,LOW
PHC-DST-C1-04,PHC-DST-C1-05,DST-C1,2025-01-08,14.6,23.0,OPEN,LOW
PHC-DST-C1-04,PHC-DST-C1-05,DST-C1,2025-01-09,14.6,23.6,OPEN,LOW
PHC-DST-C1-04,PHC-DST-C1-05,DST-C1,2025-01-10,14.6,23.6,OPEN,LOW
PHC-DST-C1-04,PHC-DST-C1-05,DST-C1,2025-01-11,14.6,22.7,OPEN,LOW
PHC-DST-C1-04,PHC-DST-C1-05,DST-C1,2025-01-12,14.6,22.3,OPEN,LOW
PHC-DST-C1-04,PHC-DST-C1-05,DST-C1,2025-01-13,14.6,20.9,OPEN,LOW
PHC-DST-C1-04,PHC-DST-C1-05,DST-C1,2025-01-14,14.6,21.0,OPEN,LOW
PHC-DST-C1-04,PHC-DST-C1-05,DST-C1,2025-01-15,14.6,23.6,OPEN,LOW
PHC-DST-C1-04,PHC-DST-C1-05,DST-C1,2025-01-16,14.6,21.2,OPEN,LOW
PHC-DST-C1-04,PHC-DST-C1-05,DST-C1,2025-01-17,14.6,21.4,OPEN,LOW
PHC-DST-C1-04,PHC-DST-C1-05,DST-C1,2025-01-18,14.6,22.5,OPEN,LOW
PHC-DST-C1-04,PHC-DST-C1-05,DST-C1,2025-01-19,14.6,23.1,OPEN,LOW
PHC-DST-C1-04,PHC-DST-C1-05,DST-C1,2025-01-20,14.6,23.5,OPEN,LOW
PHC-DST-C1-04,PHC-DST-C1-05,DST-C1,2025-01-21,14.6,21.5,OPEN,LOW
PHC-DST-C1-04,PHC-DST-C1-05,DST-C1,2025-01-22,14.6,20.9,OPEN,LOW
PHC-DST-C1-04,PHC-DST-C1-05,DST-C1,2025-01-23,14.6,21.1,OPEN,LOW
PHC-DST-C1-04,PHC-DST-C1-05,DST-C1,2025-01-24,14.6,23.7,OPEN,LOW
PHC-DST-C1-04,PHC-DST-C1-05,DST-C1,2025-01-25,14.6,20.9,OPEN,LOW
PHC-DST-C1-04,PHC-DST-C1-05,DST-C1,2025-01-26,14.6,20.9,OPEN,LOW
PHC-DST-C1-04,PHC-DST-C1-05,DST-C1,2025-01-27,14.6,21.6,OPEN,LOW
PHC-DST-C1-04,PHC-DST-C1-05,DST-C1,2025-01-28,14.6,22.0,OPEN,LOW
PHC-DST-C1-04,PHC-DST-C1-05,DST-C1,2025-01-29,14.6,23.9,OPEN,LOW
PHC-DST-C1-04,PHC-DST-C1-05,DST-C1,2025-01-30,14.6,22.9,OPEN,LOW
PHC-DST-C1-04,PHC-DST-C1-05,DST-C1,2025-01-31,14.6,23.5,OPEN,LOW
PHC-DST-C1-04,PHC-DST-C1-05,DST-C1,2025-02-01,14.6,23.6,OPEN,LOW
PHC-DST-C1-04,PHC-DST-C1-05,DST-C1,2025-02-02,14.6,23.0,OPEN,LOW
PHC-DST-C1-04,PHC-DST-C1-05,DST-C1,2025-02-03,14.6,22.3,OPEN,LOW
PHC-DST-C1-04,PHC-DST-C1-05,DST-C1,2025-02-04,14.6,21.0,OPEN,LOW
PHC-DST-C1-04,PHC-DST-C1-05,DST-C1,2025-02-05,14.6,22.0,OPEN,LOW
PHC-DST-C1-04,PHC-DST-C1-05,DST-C1,2025-02-06,14.6,22.2,OPEN,LOW
PHC-DST-C1-04,PHC-DST-C1-05,DST-C1,2025-02-07,14.6,22.9,OPEN,LOW
PHC-DST-C1-04,PHC-DST-C1-05,DST-C1,2025-02-08,14.6,23.4,OPEN,LOW
PHC-DST-C1-04,PHC-DST-C1-05,DST-C1,2025-02-09,14.6,20.9,OPEN,LOW
PHC-DST-C1-04,PHC-DST-C1-05,DST-C1,2025-02-10,14.6,21.7,OPEN,LOW
PHC-DST-C1-04,PHC-DST-C1-05,DST-C1,2025-02-11,14.6,23.3,OPEN,LOW
PHC-DST-C1-04,PHC-DST-C1-05,DST-C1,2025-02-12,14.6,21.4,OPEN,LOW
PHC-DST-C1-04,PHC-DST-C1-05,DST-C1,2025-02-13,14.6,23.1,OPEN,LOW
PHC-DST-C1-04,PHC-DST-C1-05,DST-C1,2025-02-14,14.6,21.5,OPEN,LOW
PHC-DST-C1-04,PHC-DST-C1-05,DST-C1,2025-02-15,14.6,24.0,OPEN,LOW
PHC-DST-C1-04,PHC-DST-C1-05,DST-C1,2025-02-16,14.6,23.1,OPEN,LOW
PHC-DST-C1-04,PHC-DST-C1-05,DST-C1,2025-02-17,14.6,23.9,OPEN,LOW
PHC-DST-C1-04,PHC-DST-C1-05,DST-C1,2025-02-18,14.6,21.3,OPEN,LOW
PHC-DST-C1-04,PHC-DST-C1-05,DST-C1,2025-02-19,14.6,22.0,OPEN,LOW
PHC-DST-C1-04,PHC-DST-C1-05,DST-C1,2025-02-20,14.6,23.0,OPEN,LOW
PHC-DST-C1-04,PHC-DST-C1-05,DST-C1,2025-02-21,14.6,21.6,OPEN,LOW
PHC-DST-C1-04,PHC-DST-C1-05,DST-C1,2025-02-22,14.6,23.2,OPEN,LOW
PHC-DST-C1-04,PHC-DST-C1-05,DST-C1,2025-02-23,14.6,22.3,OPEN,LOW
PHC-DST-C1-04,PHC-DST-C1-05,DST-C1,2025-02-24,14.6,23.3,OPEN,LOW
PHC-DST-C1-04,PHC-DST-C1-05,DST-C1,2025-02-25,14.6,23.3,OPEN,LOW
PHC-DST-C1-04,PHC-DST-C1-05,DST-C1,2025-02-26,14.6,22.0,OPEN,LOW
PHC-DST-C1-04,PHC-DST-C1-05,DST-C1,2025-02-27,14.6,21.0,OPEN,LOW
PHC-DST-C1-04,PHC-DST-C1-05,DST-C1,2025-02-28,14.6,21.5,OPEN,LOW
PHC-DST-C1-04,PHC-DST-C1-05,DST-C1,2025-03-01,14.6,23.1,OPEN,LOW
PHC-DST-C1-04,PHC-DST-C1-05,DST-C1,2025-03-02,14.6,22.5,OPEN,LOW
PHC-DST-C1-04,PHC-DST-C1-05,DST-C1,2025-03-03,14.6,23.8,OPEN,LOW
PHC-DST-C1-04,PHC-DST-C1-05,DST-C1,2025-03-04,14.6,23.3,OPEN,LOW
PHC-DST-C1-04,PHC-DST-C1-05,DST-C1,2025-03-05,14.6,21.2,OPEN,LOW
PHC-DST-C1-04,PHC-DST-C1-05,DST-C1,2025-03-06,14.6,22.0,OPEN,LOW
PHC-DST-C1-04,PHC-DST-C1-05,DST-C1,2025-03-07,14.6,22.5,OPEN,LOW
PHC-DST-C1-04,PHC-DST-C1-05,DST-C1,2025-03-08,14.6,21.6,OPEN,LOW
PHC-DST-C1-04,PHC-DST-C1-05,DST-C1,2025-03-09,14.6,21.5,OPEN,LOW
PHC-DST-C1-04,PHC-DST-C1-05,DST-C1,2025-03-10,14.6,21.4,OPEN,LOW
PHC-DST-C1-04,PHC-DST-C1-05,DST-C1,2025-03-11,14.6,21.5,OPEN,LOW
PHC-DST-C1-04,PHC-DST-C1-05,DST-C1,2025-03-12,14.6,23.1,OPEN,LOW
PHC-DST-C1-04,PHC-DST-C1-05,DST-C1,2025-03-13,14.6,21.0,OPEN,LOW
PHC-DST-C1-04,PHC-DST-C1-05,DST-C1,2025-03-14,14.6,23.3,OPEN,LOW
PHC-DST-C1-04,PHC-DST-C1-05,DST-C1,2025-03-15,14.6,22.9,OPEN,LOW
PHC-DST-C1-04,PHC-DST-C1-05,DST-C1,2025-03-16,14.6,21.6,OPEN,LOW
PHC-DST-C1-04,PHC-DST-C1-05,DST-C1,2025-03-17,14.6,23.4,OPEN,LOW
PHC-DST-C1-04,PHC-DST-C1-05,DST-C1,2025-03-18,14.6,23.0,OPEN,LOW
PHC-DST-C1-04,PHC-DST-C1-05,DST-C1,2025-03-19,14.6,23.7,OPEN,LOW
PHC-DST-C1-04,PHC-DST-C1-05,DST-C1,2025-03-20,14.6,22.4,OPEN,LOW
PHC-DST-C1-04,PHC-DST-C1-05,DST-C1,2025-03-21,14.6,22.7,OPEN,LOW
PHC-DST-C1-04,PHC-DST-C1-05,DST-C1,2025-03-22,14.6,21.7,OPEN,LOW
PHC-DST-C1-04,PHC-DST-C1-05,DST-C1,2025-03-23,14.6,22.6,OPEN,LOW
PHC-DST-C1-04,PHC-DST-C1-05,DST-C1,2025-03-24,14.6,22.5,OPEN,LOW
PHC-DST-C1-04,PHC-DST-C1-05,DST-C1,2025-03-25,14.6,22.6,OPEN,LOW
PHC-DST-C1-04,PHC-DST-C1-05,DST-C1,2025-03-26,14.6,21.1,OPEN,LOW
PHC-DST-C1-04,PHC-DST-C1-05,DST-C1,2025-03-27,14.6,22.5,OPEN,LOW
PHC-DST-C1-04,PHC-DST-C1-05,DST-C1,2025-03-28,14.6,22.7,OPEN,LOW
PHC-DST-C1-04,PHC-DST-C1-05,DST-C1,2025-03-29,14.6,22.8,OPEN,LOW
PHC-DST-C1-04,PHC-DST-C1-05,DST-C1,2025-03-30,14.6,23.4,OPEN,LOW
PHC-DST-C1-04,PHC-DST-C1-05,DST-C1,2025-03-31,14.6,21.3,OPEN,LOW
PHC-DST-C1-04,PHC-DST-C1-05,DST-C1,2025-04-01,14.6,23.6,OPEN,LOW
PHC-DST-C1-04,PHC-DST-C1-05,DST-C1,2025-04-02,14.6,23.0,OPEN,LOW
PHC-DST-C1-04,PHC-DST-C1-05,DST-C1,2025-04-03,14.6,23.2,OPEN,LOW
PHC-DST-C1-04,PHC-DST-C1-05,DST-C1,2025-04-04,14.6,22.6,OPEN,LOW
PHC-DST-C1-04,PHC-DST-C1-05,DST-C1,2025-04-05,14.6,22.5,OPEN,LOW
PHC-DST-C1-04,PHC-DST-C1-05,DST-C1,2025-04-06,14.6,23.4,OPEN,LOW
PHC-DST-C1-04,PHC-DST-C1-05,DST-C1,2025-04-07,14.6,21.3,OPEN,LOW
PHC-DST-C1-04,PHC-DST-C1-05,DST-C1,2025-04-08,14.6,23.2,OPEN,LOW
PHC-DST-C1-04,PHC-DST-C1-05,DST-C1,2025-04-09,14.6,22.8,OPEN,LOW
PHC-DST-C1-04,PHC-DST-C1-05,DST-C1,2025-04-10,14.6,23.2,OPEN,LOW
PHC-DST-C1-04,PHC-DST-C1-05,DST-C1,2025-04-11,14.6,22.2,OPEN,LOW
PHC-DST-C1-04,PHC-DST-C1-05,DST-C1,2025-04-12,14.6,21.4,OPEN,LOW
PHC-DST-C1-04,PHC-DST-C1-05,DST-C1,2025-04-13,14.6,20.8,OPEN,LOW
PHC-DST-C1-04,PHC-DST-C1-05,DST-C1,2025-04-14,14.6,22.4,OPEN,LOW
PHC-DST-C1-04,PHC-DST-C1-05,DST-C1,2025-04-15,14.6,21.3,OPEN,LOW
PHC-DST-C1-04,PHC-DST-C1-05,DST-C1,2025-04-16,14.6,21.9,OPEN,LOW
PHC-DST-C1-04,PHC-DST-C1-05,DST-C1,2025-04-17,14.6,22.5,OPEN,LOW
PHC-DST-C1-04,PHC-DST-C1-05,DST-C1,2025-04-18,14.6,21.6,OPEN,LOW
PHC-DST-C1-04,PHC-DST-C1-05,DST-C1,2025-04-19,14.6,21.9,OPEN,LOW
PHC-DST-C1-04,PHC-DST-C1-05,DST-C1,2025-04-20,14.6,23.1,OPEN,LOW
PHC-DST-C1-04,PHC-DST-C1-05,DST-C1,2025-04-21,14.6,22.2,OPEN,LOW
PHC-DST-C1-04,PHC-DST-C1-05,DST-C1,2025-04-22,14.6,22.7,OPEN,LOW
PHC-DST-C1-04,PHC-DST-C1-05,DST-C1,2025-04-23,14.6,22.5,OPEN,LOW
PHC-DST-C1-04,PHC-DST-C1-05,DST-C1,2025-04-24,14.6,21.3,OPEN,LOW
PHC-DST-C1-04,PHC-DST-C1-05,DST-C1,2025-04-25,14.6,23.6,OPEN,LOW
PHC-DST-C1-04,PHC-DST-C1-05,DST-C1,2025-04-26,14.6,21.1,OPEN,LOW
PHC-DST-C1-04,PHC-DST-C1-05,DST-C1,2025-04-27,14.6,21.4,OPEN,LOW
PHC-DST-C1-04,PHC-DST-C1-05,DST-C1,2025-04-28,14.6,23.6,OPEN,LOW
PHC-DST-C1-04,PHC-DST-C1-05,DST-C1,2025-04-29,14.6,23.0,OPEN,LOW
PHC-DST-C1-04,PHC-DST-C1-05,DST-C1,2025-04-30,14.6,21.8,OPEN,LOW
PHC-DST-C1-04,PHC-DST-C1-05,DST-C1,2025-05-01,14.6,23.9,OPEN,LOW
PHC-DST-C1-04,PHC-DST-C1-05,DST-C1,2025-05-02,14.6,22.1,OPEN,LOW
PHC-DST-C1-04,PHC-DST-C1-05,DST-C1,2025-05-03,14.6,21.6,OPEN,LOW
PHC-DST-C1-04,PHC-DST-C1-05,DST-C1,2025-05-04,14.6,21.3,OPEN,LOW
PHC-DST-C1-04,PHC-DST-C1-05,DST-C1,2025-05-05,14.6,23.5,OPEN,LOW
PHC-DST-C1-04,PHC-DST-C1-05,DST-C1,2025-05-06,14.6,23.2,OPEN,LOW
PHC-DST-C1-04,PHC-DST-C1-05,DST-C1,2025-05-07,14.6,22.1,OPEN,LOW
PHC-DST-C1-04,PHC-DST-C1-05,DST-C1,2025-05-08,14.6,23.1,OPEN,LOW
PHC-DST-C1-04,PHC-DST-C1-05,DST-C1,2025-05-09,14.6,21.5,OPEN,LOW
PHC-DST-C1-04,PHC-DST-C1-05,DST-C1,2025-05-10,14.6,20.9,OPEN,LOW
PHC-DST-C1-04,PHC-DST-C1-05,DST-C1,2025-05-11,14.6,22.1,OPEN,LOW
PHC-DST-C1-04,PHC-DST-C1-05,DST-C1,2025-05-12,14.6,23.1,OPEN,LOW
PHC-DST-C1-04,PHC-DST-C1-05,DST-C1,2025-05-13,14.6,22.2,OPEN,LOW
PHC-DST-C1-04,PHC-DST-C1-05,DST-C1,2025-05-14,14.6,21.8,OPEN,LOW
PHC-DST-C1-04,PHC-DST-C1-05,DST-C1,2025-05-15,14.6,22.6,OPEN,LOW
PHC-DST-C1-04,PHC-DST-C1-05,DST-C1,2025-05-16,14.6,23.0,OPEN,LOW
PHC-DST-C1-04,PHC-DST-C1-05,DST-C1,2025-05-17,14.6,21.8,OPEN,LOW
PHC-DST-C1-04,PHC-DST-C1-05,DST-C1,2025-05-18,14.6,20.9,OPEN,LOW
PHC-DST-C1-04,PHC-DST-C1-05,DST-C1,2025-05-19,14.6,22.1,OPEN,LOW
PHC-DST-C1-04,PHC-DST-C1-05,DST-C1,2025-05-20,14.6,22.9,OPEN,LOW
PHC-DST-C1-04,PHC-DST-C1-05,DST-C1,2025-05-21,14.6,23.9,OPEN,LOW
PHC-DST-C1-04,PHC-DST-C1-05,DST-C1,2025-05-22,14.6,23.1,OPEN,LOW
PHC-DST-C1-04,PHC-DST-C1-05,DST-C1,2025-05-23,14.6,23.9,OPEN,LOW
PHC-DST-C1-04,PHC-DST-C1-05,DST-C1,2025-05-24,14.6,23.1,OPEN,LOW
PHC-DST-C1-04,PHC-DST-C1-05,DST-C1,2025-05-25,14.6,23.9,OPEN,LOW
PHC-DST-C1-04,PHC-DST-C1-05,DST-C1,2025-05-26,14.6,21.8,OPEN,LOW
PHC-DST-C1-04,PHC-DST-C1-05,DST-C1,2025-05-27,14.6,23.3,OPEN,LOW
PHC-DST-C1-04,PHC-DST-C1-05,DST-C1,2025-05-28,14.6,21.9,OPEN,LOW
PHC-DST-C1-04,PHC-DST-C1-05,DST-C1,2025-05-29,14.6,21.8,OPEN,LOW
PHC-DST-C1-04,PHC-DST-C1-05,DST-C1,2025-05-30,14.6,23.2,OPEN,LOW
PHC-DST-C1-04,PHC-DST-C1-05,DST-C1,2025-05-31,14.6,23.8,OPEN,LOW
PHC-DST-C1-04,PHC-DST-C1-05,DST-C1,2025-06-01,14.6,21.2,OPEN,LOW
PHC-DST-C1-04,PHC-DST-C1-05,DST-C1,2025-06-02,14.6,21.9,OPEN,LOW
PHC-DST-C1-04,PHC-DST-C1-05,DST-C1,2025-06-03,14.6,23.1,OPEN,LOW
PHC-DST-C1-04,PHC-DST-C1-05,DST-C1,2025-06-04,14.6,23.4,OPEN,LOW
PHC-DST-C1-04,PHC-DST-C1-05,DST-C1,2025-06-05,14.6,21.9,OPEN,LOW
PHC-DST-C1-04,PHC-DST-C1-05,DST-C1,2025-06-06,14.6,21.7,OPEN,LOW
PHC-DST-C1-04,PHC-DST-C1-05,DST-C1,2025-06-07,14.6,22.9,OPEN,LOW
PHC-DST-C1-04,PHC-DST-C1-05,DST-C1,2025-06-08,14.6,23.4,OPEN,LOW
PHC-DST-C1-04,PHC-DST-C1-05,DST-C1,2025-06-09,14.6,22.8,OPEN,LOW
PHC-DST-C1-04,PHC-DST-C1-05,DST-C1,2025-06-10,14.6,21.0,OPEN,LOW
PHC-DST-C1-04,PHC-DST-C1-05,DST-C1,2025-06-11,14.6,21.4,OPEN,LOW
PHC-DST-C1-04,PHC-DST-C1-05,DST-C1,2025-06-12,14.6,23.8,OPEN,LOW
PHC-DST-C1-04,PHC-DST-C1-05,DST-C1,2025-06-13,14.6,23.0,OPEN,LOW
PHC-DST-C1-04,PHC-DST-C1-05,DST-C1,2025-06-14,14.6,21.7,OPEN,LOW
PHC-DST-C1-04,PHC-DST-C1-05,DST-C1,2025-06-15,14.6,23.8,OPEN,LOW
PHC-DST-C1-04,PHC-DST-C1-05,DST-C1,2025-06-16,14.6,24.0,OPEN,LOW
PHC-DST-C1-04,PHC-DST-C1-05,DST-C1,2025-06-17,14.6,23.8,OPEN,LOW
PHC-DST-C1-04,PHC-DST-C1-05,DST-C1,2025-06-18,14.6,21.5,OPEN,LOW
PHC-DST-C1-04,PHC-DST-C1-05,DST-C1,2025-06-19,14.6,22.3,OPEN,LOW
PHC-DST-C1-04,PHC-DST-C1-05,DST-C1,2025-06-20,14.6,21.3,OPEN,LOW
PHC-DST-C1-04,PHC-DST-C1-05,DST-C1,2025-06-21,14.6,23.4,OPEN,LOW
PHC-DST-C1-04,PHC-DST-C1-05,DST-C1,2025-06-22,14.6,22.9,OPEN,LOW
PHC-DST-C1-04,PHC-DST-C1-05,DST-C1,2025-06-23,14.6,23.9,OPEN,LOW
PHC-DST-C1-04,PHC-DST-C1-05,DST-C1,2025-06-24,14.6,22.1,OPEN,LOW
PHC-DST-C1-04,PHC-DST-C1-05,DST-C1,2025-06-25,14.6,23.0,OPEN,LOW
PHC-DST-C1-04,PHC-DST-C1-05,DST-C1,2025-06-26,14.6,21.2,OPEN,LOW
PHC-DST-C1-04,PHC-DST-C1-05,DST-C1,2025-06-27,14.6,23.1,OPEN,LOW
PHC-DST-C1-04,PHC-DST-C1-05,DST-C1,2025-06-28,14.6,23.9,OPEN,LOW
PHC-DST-C1-04,PHC-DST-C1-05,DST-C1,2025-06-29,14.6,22.4,OPEN,LOW
PHC-DST-C1-04,PHC-DST-C1-05,DST-C1,2025-06-30,14.6,22.1,OPEN,LOW
PHC-DST-C1-05,PHC-DST-C1-06,DST-C1,2024-01-01,19.2,31.0,OPEN,LOW
PHC-DST-C1-05,PHC-DST-C1-06,DST-C1,2024-01-02,19.2,30.2,OPEN,LOW
PHC-DST-C1-05,PHC-DST-C1-06,DST-C1,2024-01-03,19.2,28.8,OPEN,LOW
PHC-DST-C1-05,PHC-DST-C1-06,DST-C1,2024-01-04,19.2,28.8,OPEN,LOW
PHC-DST-C1-05,PHC-DST-C1-06,DST-C1,2024-01-05,19.2,28.3,OPEN,LOW
PHC-DST-C1-05,PHC-DST-C1-06,DST-C1,2024-01-06,19.2,27.7,OPEN,LOW
PHC-DST-C1-05,PHC-DST-C1-06,DST-C1,2024-01-07,19.2,28.5,OPEN,LOW
PHC-DST-C1-05,PHC-DST-C1-06,DST-C1,2024-01-08,19.2,30.6,OPEN,LOW
PHC-DST-C1-05,PHC-DST-C1-06,DST-C1,2024-01-09,19.2,28.0,OPEN,LOW
PHC-DST-C1-05,PHC-DST-C1-06,DST-C1,2024-01-10,19.2,29.6,OPEN,LOW
PHC-DST-C1-05,PHC-DST-C1-06,DST-C1,2024-01-11,19.2,30.7,OPEN,LOW
PHC-DST-C1-05,PHC-DST-C1-06,DST-C1,2024-01-12,19.2,30.9,OPEN,LOW
PHC-DST-C1-05,PHC-DST-C1-06,DST-C1,2024-01-13,19.2,31.3,OPEN,LOW
PHC-DST-C1-05,PHC-DST-C1-06,DST-C1,2024-01-14,19.2,30.9,OPEN,LOW
PHC-DST-C1-05,PHC-DST-C1-06,DST-C1,2024-01-15,19.2,29.4,OPEN,LOW
PHC-DST-C1-05,PHC-DST-C1-06,DST-C1,2024-01-16,19.2,27.8,OPEN,LOW
PHC-DST-C1-05,PHC-DST-C1-06,DST-C1,2024-01-17,19.2,29.9,OPEN,LOW
PHC-DST-C1-05,PHC-DST-C1-06,DST-C1,2024-01-18,19.2,27.5,OPEN,LOW
PHC-DST-C1-05,PHC-DST-C1-06,DST-C1,2024-01-19,19.2,27.8,OPEN,LOW
PHC-DST-C1-05,PHC-DST-C1-06,DST-C1,2024-01-20,19.2,27.8,OPEN,LOW
PHC-DST-C1-05,PHC-DST-C1-06,DST-C1,2024-01-21,19.2,27.8,OPEN,LOW
PHC-DST-C1-05,PHC-DST-C1-06,DST-C1,2024-01-22,19.2,29.2,OPEN,LOW
PHC-DST-C1-05,PHC-DST-C1-06,DST-C1,2024-01-23,19.2,28.7,OPEN,LOW
PHC-DST-C1-05,PHC-DST-C1-06,DST-C1,2024-01-24,19.2,28.4,OPEN,LOW
PHC-DST-C1-05,PHC-DST-C1-06,DST-C1,2024-01-25,19.2,30.6,OPEN,LOW
PHC-DST-C1-05,PHC-DST-C1-06,DST-C1,2024-01-26,19.2,29.1,OPEN,LOW
PHC-DST-C1-05,PHC-DST-C1-06,DST-C1,2024-01-27,19.2,31.7,OPEN,LOW
PHC-DST-C1-05,PHC-DST-C1-06,DST-C1,2024-01-28,19.2,28.5,OPEN,LOW
PHC-DST-C1-05,PHC-DST-C1-06,DST-C1,2024-01-29,19.2,28.6,OPEN,LOW
PHC-DST-C1-05,PHC-DST-C1-06,DST-C1,2024-01-30,19.2,28.4,OPEN,LOW
PHC-DST-C1-05,PHC-DST-C1-06,DST-C1,2024-01-31,19.2,30.2,OPEN,LOW
PHC-DST-C1-05,PHC-DST-C1-06,DST-C1,2024-02-01,19.2,29.2,OPEN,LOW
PHC-DST-C1-05,PHC-DST-C1-06,DST-C1,2024-02-02,19.2,31.1,OPEN,LOW
PHC-DST-C1-05,PHC-DST-C1-06,DST-C1,2024-02-03,19.2,30.3,OPEN,LOW
PHC-DST-C1-05,PHC-DST-C1-06,DST-C1,2024-02-04,19.2,27.5,OPEN,LOW
PHC-DST-C1-05,PHC-DST-C1-06,DST-C1,2024-02-05,19.2,28.8,OPEN,LOW
PHC-DST-C1-05,PHC-DST-C1-06,DST-C1,2024-02-06,19.2,31.5,OPEN,LOW
PHC-DST-C1-05,PHC-DST-C1-06,DST-C1,2024-02-07,19.2,29.9,OPEN,LOW
PHC-DST-C1-05,PHC-DST-C1-06,DST-C1,2024-02-08,19.2,29.9,OPEN,LOW
PHC-DST-C1-05,PHC-DST-C1-06,DST-C1,2024-02-09,19.2,28.4,OPEN,LOW
PHC-DST-C1-05,PHC-DST-C1-06,DST-C1,2024-02-10,19.2,27.9,OPEN,LOW
PHC-DST-C1-05,PHC-DST-C1-06,DST-C1,2024-02-11,19.2,28.2,OPEN,LOW
PHC-DST-C1-05,PHC-DST-C1-06,DST-C1,2024-02-12,19.2,29.2,OPEN,LOW
PHC-DST-C1-05,PHC-DST-C1-06,DST-C1,2024-02-13,19.2,31.3,OPEN,LOW
PHC-DST-C1-05,PHC-DST-C1-06,DST-C1,2024-02-14,19.2,29.5,OPEN,LOW
PHC-DST-C1-05,PHC-DST-C1-06,DST-C1,2024-02-15,19.2,28.8,OPEN,LOW
PHC-DST-C1-05,PHC-DST-C1-06,DST-C1,2024-02-16,19.2,31.2,OPEN,LOW
PHC-DST-C1-05,PHC-DST-C1-06,DST-C1,2024-02-17,19.2,28.4,OPEN,LOW
PHC-DST-C1-05,PHC-DST-C1-06,DST-C1,2024-02-18,19.2,29.7,OPEN,LOW
PHC-DST-C1-05,PHC-DST-C1-06,DST-C1,2024-02-19,19.2,31.6,OPEN,LOW
PHC-DST-C1-05,PHC-DST-C1-06,DST-C1,2024-02-20,19.2,30.0,OPEN,LOW
PHC-DST-C1-05,PHC-DST-C1-06,DST-C1,2024-02-21,19.2,29.7,OPEN,LOW
PHC-DST-C1-05,PHC-DST-C1-06,DST-C1,2024-02-22,19.2,29.2,OPEN,LOW
PHC-DST-C1-05,PHC-DST-C1-06,DST-C1,2024-02-23,19.2,27.9,OPEN,LOW
PHC-DST-C1-05,PHC-DST-C1-06,DST-C1,2024-02-24,19.2,29.1,OPEN,LOW
PHC-DST-C1-05,PHC-DST-C1-06,DST-C1,2024-02-25,19.2,27.7,OPEN,LOW
PHC-DST-C1-05,PHC-DST-C1-06,DST-C1,2024-02-26,19.2,29.7,OPEN,LOW
PHC-DST-C1-05,PHC-DST-C1-06,DST-C1,2024-02-27,19.2,28.8,OPEN,LOW
PHC-DST-C1-05,PHC-DST-C1-06,DST-C1,2024-02-28,19.2,29.4,OPEN,LOW
PHC-DST-C1-05,PHC-DST-C1-06,DST-C1,2024-02-29,19.2,31.3,OPEN,LOW
PHC-DST-C1-05,PHC-DST-C1-06,DST-C1,2024-03-01,19.2,31.2,OPEN,LOW
PHC-DST-C1-05,PHC-DST-C1-06,DST-C1,2024-03-02,19.2,27.9,OPEN,LOW
PHC-DST-C1-05,PHC-DST-C1-06,DST-C1,2024-03-03,19.2,28.2,OPEN,LOW
PHC-DST-C1-05,PHC-DST-C1-06,DST-C1,2024-03-04,19.2,31.5,OPEN,LOW
PHC-DST-C1-05,PHC-DST-C1-06,DST-C1,2024-03-05,19.2,30.7,OPEN,LOW
PHC-DST-C1-05,PHC-DST-C1-06,DST-C1,2024-03-06,19.2,29.7,OPEN,LOW
PHC-DST-C1-05,PHC-DST-C1-06,DST-C1,2024-03-07,19.2,29.6,OPEN,LOW
PHC-DST-C1-05,PHC-DST-C1-06,DST-C1,2024-03-08,19.2,28.9,OPEN,LOW
PHC-DST-C1-05,PHC-DST-C1-06,DST-C1,2024-03-09,19.2,28.2,OPEN,LOW
PHC-DST-C1-05,PHC-DST-C1-06,DST-C1,2024-03-10,19.2,29.9,OPEN,LOW
PHC-DST-C1-05,PHC-DST-C1-06,DST-C1,2024-03-11,19.2,29.6,OPEN,LOW
PHC-DST-C1-05,PHC-DST-C1-06,DST-C1,2024-03-12,19.2,28.6,OPEN,LOW
PHC-DST-C1-05,PHC-DST-C1-06,DST-C1,2024-03-13,19.2,29.6,OPEN,LOW
PHC-DST-C1-05,PHC-DST-C1-06,DST-C1,2024-03-14,19.2,30.5,OPEN,LOW
PHC-DST-C1-05,PHC-DST-C1-06,DST-C1,2024-03-15,19.2,29.7,OPEN,LOW
PHC-DST-C1-05,PHC-DST-C1-06,DST-C1,2024-03-16,19.2,30.4,OPEN,LOW
PHC-DST-C1-05,PHC-DST-C1-06,DST-C1,2024-03-17,19.2,29.1,OPEN,LOW
PHC-DST-C1-05,PHC-DST-C1-06,DST-C1,2024-03-18,19.2,28.7,OPEN,LOW
PHC-DST-C1-05,PHC-DST-C1-06,DST-C1,2024-03-19,19.2,28.4,OPEN,LOW
PHC-DST-C1-05,PHC-DST-C1-06,DST-C1,2024-03-20,19.2,29.5,OPEN,LOW
PHC-DST-C1-05,PHC-DST-C1-06,DST-C1,2024-03-21,19.2,29.2,OPEN,LOW
PHC-DST-C1-05,PHC-DST-C1-06,DST-C1,2024-03-22,19.2,30.0,OPEN,LOW
PHC-DST-C1-05,PHC-DST-C1-06,DST-C1,2024-03-23,19.2,29.9,OPEN,LOW
PHC-DST-C1-05,PHC-DST-C1-06,DST-C1,2024-03-24,19.2,28.2,OPEN,LOW
PHC-DST-C1-05,PHC-DST-C1-06,DST-C1,2024-03-25,19.2,27.5,OPEN,LOW
PHC-DST-C1-05,PHC-DST-C1-06,DST-C1,2024-03-26,19.2,29.9,OPEN,LOW
PHC-DST-C1-05,PHC-DST-C1-06,DST-C1,2024-03-27,19.2,28.9,OPEN,LOW
PHC-DST-C1-05,PHC-DST-C1-06,DST-C1,2024-03-28,19.2,30.9,OPEN,LOW
PHC-DST-C1-05,PHC-DST-C1-06,DST-C1,2024-03-29,19.2,31.6,OPEN,LOW
PHC-DST-C1-05,PHC-DST-C1-06,DST-C1,2024-03-30,19.2,29.5,OPEN,LOW
PHC-DST-C1-05,PHC-DST-C1-06,DST-C1,2024-03-31,19.2,29.4,OPEN,LOW
PHC-DST-C1-05,PHC-DST-C1-06,DST-C1,2024-04-01,19.2,29.6,OPEN,LOW
PHC-DST-C1-05,PHC-DST-C1-06,DST-C1,2024-04-02,19.2,28.6,OPEN,LOW
PHC-DST-C1-05,PHC-DST-C1-06,DST-C1,2024-04-03,19.2,27.4,OPEN,LOW
PHC-DST-C1-05,PHC-DST-C1-06,DST-C1,2024-04-04,19.2,27.6,OPEN,LOW
PHC-DST-C1-05,PHC-DST-C1-06,DST-C1,2024-04-05,19.2,29.6,OPEN,LOW
PHC-DST-C1-05,PHC-DST-C1-06,DST-C1,2024-04-06,19.2,31.4,OPEN,LOW
PHC-DST-C1-05,PHC-DST-C1-06,DST-C1,2024-04-07,19.2,27.4,OPEN,LOW
PHC-DST-C1-05,PHC-DST-C1-06,DST-C1,2024-04-08,19.2,29.0,OPEN,LOW
PHC-DST-C1-05,PHC-DST-C1-06,DST-C1,2024-04-09,19.2,28.3,OPEN,LOW
PHC-DST-C1-05,PHC-DST-C1-06,DST-C1,2024-04-10,19.2,28.8,OPEN,LOW
PHC-DST-C1-05,PHC-DST-C1-06,DST-C1,2024-04-11,19.2,28.5,OPEN,LOW
PHC-DST-C1-05,PHC-DST-C1-06,DST-C1,2024-04-12,19.2,29.9,OPEN,LOW
PHC-DST-C1-05,PHC-DST-C1-06,DST-C1,2024-04-13,19.2,30.9,OPEN,LOW
PHC-DST-C1-05,PHC-DST-C1-06,DST-C1,2024-04-14,19.2,29.2,OPEN,LOW
PHC-DST-C1-05,PHC-DST-C1-06,DST-C1,2024-04-15,19.2,27.6,OPEN,LOW
PHC-DST-C1-05,PHC-DST-C1-06,DST-C1,2024-04-16,19.2,31.6,OPEN,LOW
PHC-DST-C1-05,PHC-DST-C1-06,DST-C1,2024-04-17,19.2,29.2,OPEN,LOW
PHC-DST-C1-05,PHC-DST-C1-06,DST-C1,2024-04-18,19.2,27.7,OPEN,LOW
PHC-DST-C1-05,PHC-DST-C1-06,DST-C1,2024-04-19,19.2,31.4,OPEN,LOW
PHC-DST-C1-05,PHC-DST-C1-06,DST-C1,2024-04-20,19.2,29.3,OPEN,LOW
PHC-DST-C1-05,PHC-DST-C1-06,DST-C1,2024-04-21,19.2,28.4,OPEN,LOW
PHC-DST-C1-05,PHC-DST-C1-06,DST-C1,2024-04-22,19.2,30.8,OPEN,LOW
PHC-DST-C1-05,PHC-DST-C1-06,DST-C1,2024-04-23,19.2,28.4,OPEN,LOW
PHC-DST-C1-05,PHC-DST-C1-06,DST-C1,2024-04-24,19.2,28.6,OPEN,LOW
PHC-DST-C1-05,PHC-DST-C1-06,DST-C1,2024-04-25,19.2,28.4,OPEN,LOW
PHC-DST-C1-05,PHC-DST-C1-06,DST-C1,2024-04-26,19.2,31.4,OPEN,LOW
PHC-DST-C1-05,PHC-DST-C1-06,DST-C1,2024-04-27,19.2,29.9,OPEN,LOW
PHC-DST-C1-05,PHC-DST-C1-06,DST-C1,2024-04-28,19.2,27.8,OPEN,LOW
PHC-DST-C1-05,PHC-DST-C1-06,DST-C1,2024-04-29,19.2,28.4,OPEN,LOW
PHC-DST-C1-05,PHC-DST-C1-06,DST-C1,2024-04-30,19.2,29.4,OPEN,LOW
PHC-DST-C1-05,PHC-DST-C1-06,DST-C1,2024-05-01,19.2,28.5,OPEN,LOW
PHC-DST-C1-05,PHC-DST-C1-06,DST-C1,2024-05-02,19.2,28.8,OPEN,LOW
PHC-DST-C1-05,PHC-DST-C1-06,DST-C1,2024-05-03,19.2,28.8,OPEN,LOW
PHC-DST-C1-05,PHC-DST-C1-06,DST-C1,2024-05-04,19.2,29.6,OPEN,LOW
PHC-DST-C1-05,PHC-DST-C1-06,DST-C1,2024-05-05,19.2,29.1,OPEN,LOW
PHC-DST-C1-05,PHC-DST-C1-06,DST-C1,2024-05-06,19.2,30.6,OPEN,LOW
PHC-DST-C1-05,PHC-DST-C1-06,DST-C1,2024-05-07,19.2,27.9,OPEN,LOW
PHC-DST-C1-05,PHC-DST-C1-06,DST-C1,2024-05-08,19.2,29.4,OPEN,LOW
PHC-DST-C1-05,PHC-DST-C1-06,DST-C1,2024-05-09,19.2,28.3,OPEN,LOW
PHC-DST-C1-05,PHC-DST-C1-06,DST-C1,2024-05-10,19.2,31.4,OPEN,LOW
PHC-DST-C1-05,PHC-DST-C1-06,DST-C1,2024-05-11,19.2,27.7,OPEN,LOW
PHC-DST-C1-05,PHC-DST-C1-06,DST-C1,2024-05-12,19.2,31.4,OPEN,LOW
PHC-DST-C1-05,PHC-DST-C1-06,DST-C1,2024-05-13,19.2,29.3,OPEN,LOW
PHC-DST-C1-05,PHC-DST-C1-06,DST-C1,2024-05-14,19.2,30.7,OPEN,LOW
PHC-DST-C1-05,PHC-DST-C1-06,DST-C1,2024-05-15,19.2,29.5,OPEN,LOW
PHC-DST-C1-05,PHC-DST-C1-06,DST-C1,2024-05-16,19.2,27.5,OPEN,LOW
PHC-DST-C1-05,PHC-DST-C1-06,DST-C1,2024-05-17,19.2,29.8,OPEN,LOW
PHC-DST-C1-05,PHC-DST-C1-06,DST-C1,2024-05-18,19.2,28.5,OPEN,LOW
PHC-DST-C1-05,PHC-DST-C1-06,DST-C1,2024-05-19,19.2,28.0,OPEN,LOW
PHC-DST-C1-05,PHC-DST-C1-06,DST-C1,2024-05-20,19.2,27.9,OPEN,LOW
PHC-DST-C1-05,PHC-DST-C1-06,DST-C1,2024-05-21,19.2,30.2,OPEN,LOW
PHC-DST-C1-05,PHC-DST-C1-06,DST-C1,2024-05-22,19.2,31.0,OPEN,LOW
PHC-DST-C1-05,PHC-DST-C1-06,DST-C1,2024-05-23,19.2,28.1,OPEN,LOW
PHC-DST-C1-05,PHC-DST-C1-06,DST-C1,2024-05-24,19.2,29.1,OPEN,LOW
PHC-DST-C1-05,PHC-DST-C1-06,DST-C1,2024-05-25,19.2,30.8,OPEN,LOW
PHC-DST-C1-05,PHC-DST-C1-06,DST-C1,2024-05-26,19.2,28.0,OPEN,LOW
PHC-DST-C1-05,PHC-DST-C1-06,DST-C1,2024-05-27,19.2,30.0,OPEN,LOW
PHC-DST-C1-05,PHC-DST-C1-06,DST-C1,2024-05-28,19.2,27.7,OPEN,LOW
PHC-DST-C1-05,PHC-DST-C1-06,DST-C1,2024-05-29,19.2,29.6,OPEN,LOW
PHC-DST-C1-05,PHC-DST-C1-06,DST-C1,2024-05-30,19.2,29.2,OPEN,LOW
PHC-DST-C1-05,PHC-DST-C1-06,DST-C1,2024-05-31,19.2,30.4,OPEN,LOW
PHC-DST-C1-05,PHC-DST-C1-06,DST-C1,2024-06-01,19.2,28.9,OPEN,LOW
PHC-DST-C1-05,PHC-DST-C1-06,DST-C1,2024-06-02,19.2,30.7,OPEN,LOW
PHC-DST-C1-05,PHC-DST-C1-06,DST-C1,2024-06-03,19.2,31.4,OPEN,LOW
PHC-DST-C1-05,PHC-DST-C1-06,DST-C1,2024-06-04,19.2,30.8,OPEN,LOW
PHC-DST-C1-05,PHC-DST-C1-06,DST-C1,2024-06-05,19.2,29.4,OPEN,LOW
PHC-DST-C1-05,PHC-DST-C1-06,DST-C1,2024-06-06,19.2,28.7,OPEN,LOW
PHC-DST-C1-05,PHC-DST-C1-06,DST-C1,2024-06-07,19.2,28.6,OPEN,LOW
PHC-DST-C1-05,PHC-DST-C1-06,DST-C1,2024-06-08,19.2,29.9,OPEN,LOW
PHC-DST-C1-05,PHC-DST-C1-06,DST-C1,2024-06-09,19.2,28.4,OPEN,LOW
PHC-DST-C1-05,PHC-DST-C1-06,DST-C1,2024-06-10,19.2,30.8,OPEN,LOW
PHC-DST-C1-05,PHC-DST-C1-06,DST-C1,2024-06-11,19.2,30.6,OPEN,LOW
PHC-DST-C1-05,PHC-DST-C1-06,DST-C1,2024-06-12,19.2,28.5,OPEN,LOW
PHC-DST-C1-05,PHC-DST-C1-06,DST-C1,2024-06-13,19.2,28.0,OPEN,LOW
PHC-DST-C1-05,PHC-DST-C1-06,DST-C1,2024-06-14,19.2,28.5,OPEN,LOW
PHC-DST-C1-05,PHC-DST-C1-06,DST-C1,2024-06-15,19.2,28.4,OPEN,LOW
PHC-DST-C1-05,PHC-DST-C1-06,DST-C1,2024-06-16,19.2,30.2,OPEN,LOW
PHC-DST-C1-05,PHC-DST-C1-06,DST-C1,2024-06-17,19.2,31.4,OPEN,LOW
PHC-DST-C1-05,PHC-DST-C1-06,DST-C1,2024-06-18,19.2,31.0,OPEN,LOW
PHC-DST-C1-05,PHC-DST-C1-06,DST-C1,2024-06-19,19.2,31.6,OPEN,LOW
PHC-DST-C1-05,PHC-DST-C1-06,DST-C1,2024-06-20,19.2,30.7,OPEN,LOW
PHC-DST-C1-05,PHC-DST-C1-06,DST-C1,2024-06-21,19.2,27.7,OPEN,LOW
PHC-DST-C1-05,PHC-DST-C1-06,DST-C1,2024-06-22,19.2,27.9,OPEN,LOW
PHC-DST-C1-05,PHC-DST-C1-06,DST-C1,2024-06-23,19.2,31.0,OPEN,LOW
PHC-DST-C1-05,PHC-DST-C1-06,DST-C1,2024-06-24,19.2,30.4,OPEN,LOW
PHC-DST-C1-05,PHC-DST-C1-06,DST-C1,2024-06-25,19.2,27.9,OPEN,LOW
PHC-DST-C1-05,PHC-DST-C1-06,DST-C1,2024-06-26,19.2,28.2,OPEN,LOW
PHC-DST-C1-05,PHC-DST-C1-06,DST-C1,2024-06-27,19.2,29.4,OPEN,LOW
PHC-DST-C1-05,PHC-DST-C1-06,DST-C1,2024-06-28,19.2,30.8,OPEN,LOW
PHC-DST-C1-05,PHC-DST-C1-06,DST-C1,2024-06-29,19.2,27.8,OPEN,LOW
PHC-DST-C1-05,PHC-DST-C1-06,DST-C1,2024-06-30,19.2,28.9,OPEN,LOW
PHC-DST-C1-05,PHC-DST-C1-06,DST-C1,2024-07-01,19.2,29.5,OPEN,LOW
PHC-DST-C1-05,PHC-DST-C1-06,DST-C1,2024-07-02,19.2,28.3,OPEN,LOW
PHC-DST-C1-05,PHC-DST-C1-06,DST-C1,2024-07-03,19.2,27.5,OPEN,LOW
PHC-DST-C1-05,PHC-DST-C1-06,DST-C1,2024-07-04,19.2,29.5,OPEN,LOW
PHC-DST-C1-05,PHC-DST-C1-06,DST-C1,2024-07-05,19.2,31.5,OPEN,LOW
PHC-DST-C1-05,PHC-DST-C1-06,DST-C1,2024-07-06,19.2,27.7,OPEN,LOW
PHC-DST-C1-05,PHC-DST-C1-06,DST-C1,2024-07-07,19.2,28.4,OPEN,LOW
PHC-DST-C1-05,PHC-DST-C1-06,DST-C1,2024-07-08,19.2,29.9,OPEN,LOW
PHC-DST-C1-05,PHC-DST-C1-06,DST-C1,2024-07-09,19.2,29.8,OPEN,LOW
PHC-DST-C1-05,PHC-DST-C1-06,DST-C1,2024-07-10,19.2,27.8,OPEN,LOW
PHC-DST-C1-05,PHC-DST-C1-06,DST-C1,2024-07-11,19.2,28.9,OPEN,LOW
PHC-DST-C1-05,PHC-DST-C1-06,DST-C1,2024-07-12,19.2,30.1,OPEN,LOW
PHC-DST-C1-05,PHC-DST-C1-06,DST-C1,2024-07-13,19.2,27.6,OPEN,LOW
PHC-DST-C1-05,PHC-DST-C1-06,DST-C1,2024-07-14,19.2,28.1,OPEN,LOW
PHC-DST-C1-05,PHC-DST-C1-06,DST-C1,2024-07-15,19.2,30.6,OPEN,LOW
PHC-DST-C1-05,PHC-DST-C1-06,DST-C1,2024-07-16,19.2,31.4,OPEN,LOW
PHC-DST-C1-05,PHC-DST-C1-06,DST-C1,2024-07-17,19.2,31.7,OPEN,LOW
PHC-DST-C1-05,PHC-DST-C1-06,DST-C1,2024-07-18,19.2,29.4,OPEN,LOW
PHC-DST-C1-05,PHC-DST-C1-06,DST-C1,2024-07-19,19.2,28.8,OPEN,LOW
PHC-DST-C1-05,PHC-DST-C1-06,DST-C1,2024-07-20,19.2,27.7,OPEN,LOW
PHC-DST-C1-05,PHC-DST-C1-06,DST-C1,2024-07-21,19.2,29.2,OPEN,LOW
PHC-DST-C1-05,PHC-DST-C1-06,DST-C1,2024-07-22,19.2,27.8,OPEN,LOW
PHC-DST-C1-05,PHC-DST-C1-06,DST-C1,2024-07-23,19.2,29.0,OPEN,LOW
PHC-DST-C1-05,PHC-DST-C1-06,DST-C1,2024-07-24,19.2,30.9,OPEN,LOW
PHC-DST-C1-05,PHC-DST-C1-06,DST-C1,2024-07-25,19.2,31.1,OPEN,LOW
PHC-DST-C1-05,PHC-DST-C1-06,DST-C1,2024-07-26,19.2,28.4,OPEN,LOW
PHC-DST-C1-05,PHC-DST-C1-06,DST-C1,2024-07-27,19.2,30.0,OPEN,LOW
PHC-DST-C1-05,PHC-DST-C1-06,DST-C1,2024-07-28,19.2,28.3,OPEN,LOW
PHC-DST-C1-05,PHC-DST-C1-06,DST-C1,2024-07-29,19.2,30.5,OPEN,LOW
PHC-DST-C1-05,PHC-DST-C1-06,DST-C1,2024-07-30,19.2,29.0,OPEN,LOW
PHC-DST-C1-05,PHC-DST-C1-06,DST-C1,2024-07-31,19.2,29.7,OPEN,LOW
PHC-DST-C1-05,PHC-DST-C1-06,DST-C1,2024-08-01,19.2,28.8,OPEN,LOW
PHC-DST-C1-05,PHC-DST-C1-06,DST-C1,2024-08-02,19.2,29.5,OPEN,LOW
PHC-DST-C1-05,PHC-DST-C1-06,DST-C1,2024-08-03,19.2,27.7,OPEN,LOW
PHC-DST-C1-05,PHC-DST-C1-06,DST-C1,2024-08-04,19.2,28.4,OPEN,LOW
PHC-DST-C1-05,PHC-DST-C1-06,DST-C1,2024-08-05,19.2,27.9,OPEN,LOW
PHC-DST-C1-05,PHC-DST-C1-06,DST-C1,2024-08-06,19.2,28.5,OPEN,LOW
PHC-DST-C1-05,PHC-DST-C1-06,DST-C1,2024-08-07,19.2,29.5,OPEN,LOW
PHC-DST-C1-05,PHC-DST-C1-06,DST-C1,2024-08-08,19.2,28.3,OPEN,LOW
PHC-DST-C1-05,PHC-DST-C1-06,DST-C1,2024-08-09,19.2,29.2,OPEN,LOW
PHC-DST-C1-05,PHC-DST-C1-06,DST-C1,2024-08-10,19.2,31.3,OPEN,LOW
PHC-DST-C1-05,PHC-DST-C1-06,DST-C1,2024-08-11,19.2,30.8,OPEN,LOW
PHC-DST-C1-05,PHC-DST-C1-06,DST-C1,2024-08-12,19.2,30.9,OPEN,LOW
PHC-DST-C1-05,PHC-DST-C1-06,DST-C1,2024-08-13,19.2,29.6,OPEN,LOW
PHC-DST-C1-05,PHC-DST-C1-06,DST-C1,2024-08-14,19.2,82.4,DEGRADED,SEVERE
PHC-DST-C1-05,PHC-DST-C1-06,DST-C1,2024-08-15,19.2,31.3,OPEN,LOW
PHC-DST-C1-05,PHC-DST-C1-06,DST-C1,2024-08-16,19.2,28.4,OPEN,LOW
PHC-DST-C1-05,PHC-DST-C1-06,DST-C1,2024-08-17,19.2,29.4,OPEN,LOW
PHC-DST-C1-05,PHC-DST-C1-06,DST-C1,2024-08-18,19.2,28.4,OPEN,LOW
PHC-DST-C1-05,PHC-DST-C1-06,DST-C1,2024-08-19,19.2,30.9,OPEN,LOW
PHC-DST-C1-05,PHC-DST-C1-06,DST-C1,2024-08-20,19.2,30.0,OPEN,LOW
PHC-DST-C1-05,PHC-DST-C1-06,DST-C1,2024-08-21,19.2,31.5,OPEN,LOW
PHC-DST-C1-05,PHC-DST-C1-06,DST-C1,2024-08-22,19.2,28.9,OPEN,LOW
PHC-DST-C1-05,PHC-DST-C1-06,DST-C1,2024-08-23,19.2,28.4,OPEN,LOW
PHC-DST-C1-05,PHC-DST-C1-06,DST-C1,2024-08-24,19.2,30.0,OPEN,LOW
PHC-DST-C1-05,PHC-DST-C1-06,DST-C1,2024-08-25,19.2,28.8,OPEN,LOW
PHC-DST-C1-05,PHC-DST-C1-06,DST-C1,2024-08-26,19.2,31.2,OPEN,LOW
PHC-DST-C1-05,PHC-DST-C1-06,DST-C1,2024-08-27,19.2,30.0,OPEN,LOW
PHC-DST-C1-05,PHC-DST-C1-06,DST-C1,2024-08-28,19.2,30.8,OPEN,LOW
PHC-DST-C1-05,PHC-DST-C1-06,DST-C1,2024-08-29,19.2,31.4,OPEN,LOW
PHC-DST-C1-05,PHC-DST-C1-06,DST-C1,2024-08-30,19.2,29.8,OPEN,LOW
PHC-DST-C1-05,PHC-DST-C1-06,DST-C1,2024-08-31,19.2,29.4,OPEN,LOW
PHC-DST-C1-05,PHC-DST-C1-06,DST-C1,2024-09-01,19.2,27.5,OPEN,LOW
PHC-DST-C1-05,PHC-DST-C1-06,DST-C1,2024-09-02,19.2,30.2,OPEN,LOW
PHC-DST-C1-05,PHC-DST-C1-06,DST-C1,2024-09-03,19.2,30.4,OPEN,LOW
PHC-DST-C1-05,PHC-DST-C1-06,DST-C1,2024-09-04,19.2,29.8,OPEN,LOW
PHC-DST-C1-05,PHC-DST-C1-06,DST-C1,2024-09-05,19.2,27.4,OPEN,LOW
PHC-DST-C1-05,PHC-DST-C1-06,DST-C1,2024-09-06,19.2,28.4,OPEN,LOW
PHC-DST-C1-05,PHC-DST-C1-06,DST-C1,2024-09-07,19.2,29.2,OPEN,LOW
PHC-DST-C1-05,PHC-DST-C1-06,DST-C1,2024-09-08,19.2,190.3,BLOCKED,SEVERE
PHC-DST-C1-05,PHC-DST-C1-06,DST-C1,2024-09-09,19.2,31.1,OPEN,LOW
PHC-DST-C1-05,PHC-DST-C1-06,DST-C1,2024-09-10,19.2,27.9,OPEN,LOW
PHC-DST-C1-05,PHC-DST-C1-06,DST-C1,2024-09-11,19.2,30.9,OPEN,LOW
PHC-DST-C1-05,PHC-DST-C1-06,DST-C1,2024-09-12,19.2,30.1,OPEN,LOW
PHC-DST-C1-05,PHC-DST-C1-06,DST-C1,2024-09-13,19.2,29.2,OPEN,LOW
PHC-DST-C1-05,PHC-DST-C1-06,DST-C1,2024-09-14,19.2,28.7,OPEN,LOW
PHC-DST-C1-05,PHC-DST-C1-06,DST-C1,2024-09-15,19.2,29.9,OPEN,LOW
PHC-DST-C1-05,PHC-DST-C1-06,DST-C1,2024-09-16,19.2,31.7,OPEN,LOW
PHC-DST-C1-05,PHC-DST-C1-06,DST-C1,2024-09-17,19.2,29.3,OPEN,LOW
PHC-DST-C1-05,PHC-DST-C1-06,DST-C1,2024-09-18,19.2,30.6,OPEN,LOW
PHC-DST-C1-05,PHC-DST-C1-06,DST-C1,2024-09-19,19.2,27.8,OPEN,LOW
PHC-DST-C1-05,PHC-DST-C1-06,DST-C1,2024-09-20,19.2,31.0,OPEN,LOW
PHC-DST-C1-05,PHC-DST-C1-06,DST-C1,2024-09-21,19.2,27.9,OPEN,LOW
PHC-DST-C1-05,PHC-DST-C1-06,DST-C1,2024-09-22,19.2,29.5,OPEN,LOW
PHC-DST-C1-05,PHC-DST-C1-06,DST-C1,2024-09-23,19.2,27.9,OPEN,LOW
PHC-DST-C1-05,PHC-DST-C1-06,DST-C1,2024-09-24,19.2,27.7,OPEN,LOW
PHC-DST-C1-05,PHC-DST-C1-06,DST-C1,2024-09-25,19.2,30.0,OPEN,LOW
PHC-DST-C1-05,PHC-DST-C1-06,DST-C1,2024-09-26,19.2,30.7,OPEN,LOW
PHC-DST-C1-05,PHC-DST-C1-06,DST-C1,2024-09-27,19.2,31.4,OPEN,LOW
PHC-DST-C1-05,PHC-DST-C1-06,DST-C1,2024-09-28,19.2,27.4,OPEN,LOW
PHC-DST-C1-05,PHC-DST-C1-06,DST-C1,2024-09-29,19.2,31.6,OPEN,LOW
PHC-DST-C1-05,PHC-DST-C1-06,DST-C1,2024-09-30,19.2,29.5,OPEN,LOW
PHC-DST-C1-05,PHC-DST-C1-06,DST-C1,2024-10-01,19.2,27.6,OPEN,LOW
PHC-DST-C1-05,PHC-DST-C1-06,DST-C1,2024-10-02,19.2,29.2,OPEN,LOW
PHC-DST-C1-05,PHC-DST-C1-06,DST-C1,2024-10-03,19.2,27.5,OPEN,LOW
PHC-DST-C1-05,PHC-DST-C1-06,DST-C1,2024-10-04,19.2,31.2,OPEN,LOW
PHC-DST-C1-05,PHC-DST-C1-06,DST-C1,2024-10-05,19.2,30.3,OPEN,LOW
PHC-DST-C1-05,PHC-DST-C1-06,DST-C1,2024-10-06,19.2,29.5,OPEN,LOW
PHC-DST-C1-05,PHC-DST-C1-06,DST-C1,2024-10-07,19.2,31.7,OPEN,LOW
PHC-DST-C1-05,PHC-DST-C1-06,DST-C1,2024-10-08,19.2,30.1,OPEN,LOW
PHC-DST-C1-05,PHC-DST-C1-06,DST-C1,2024-10-09,19.2,29.0,OPEN,LOW
PHC-DST-C1-05,PHC-DST-C1-06,DST-C1,2024-10-10,19.2,27.7,OPEN,LOW
PHC-DST-C1-05,PHC-DST-C1-06,DST-C1,2024-10-11,19.2,29.5,OPEN,LOW
PHC-DST-C1-05,PHC-DST-C1-06,DST-C1,2024-10-12,19.2,30.6,OPEN,LOW
PHC-DST-C1-05,PHC-DST-C1-06,DST-C1,2024-10-13,19.2,30.6,OPEN,LOW
PHC-DST-C1-05,PHC-DST-C1-06,DST-C1,2024-10-14,19.2,28.8,OPEN,LOW
PHC-DST-C1-05,PHC-DST-C1-06,DST-C1,2024-10-15,19.2,27.5,OPEN,LOW
PHC-DST-C1-05,PHC-DST-C1-06,DST-C1,2024-10-16,19.2,31.5,OPEN,LOW
PHC-DST-C1-05,PHC-DST-C1-06,DST-C1,2024-10-17,19.2,28.6,OPEN,LOW
PHC-DST-C1-05,PHC-DST-C1-06,DST-C1,2024-10-18,19.2,31.3,OPEN,LOW
PHC-DST-C1-05,PHC-DST-C1-06,DST-C1,2024-10-19,19.2,31.0,OPEN,LOW
PHC-DST-C1-05,PHC-DST-C1-06,DST-C1,2024-10-20,19.2,27.8,OPEN,LOW
PHC-DST-C1-05,PHC-DST-C1-06,DST-C1,2024-10-21,19.2,29.7,OPEN,LOW
PHC-DST-C1-05,PHC-DST-C1-06,DST-C1,2024-10-22,19.2,28.8,OPEN,LOW
PHC-DST-C1-05,PHC-DST-C1-06,DST-C1,2024-10-23,19.2,30.2,OPEN,LOW
PHC-DST-C1-05,PHC-DST-C1-06,DST-C1,2024-10-24,19.2,28.4,OPEN,LOW
PHC-DST-C1-05,PHC-DST-C1-06,DST-C1,2024-10-25,19.2,30.0,OPEN,LOW
PHC-DST-C1-05,PHC-DST-C1-06,DST-C1,2024-10-26,19.2,28.7,OPEN,LOW
PHC-DST-C1-05,PHC-DST-C1-06,DST-C1,2024-10-27,19.2,27.4,OPEN,LOW
PHC-DST-C1-05,PHC-DST-C1-06,DST-C1,2024-10-28,19.2,31.3,OPEN,LOW
PHC-DST-C1-05,PHC-DST-C1-06,DST-C1,2024-10-29,19.2,28.6,OPEN,LOW
PHC-DST-C1-05,PHC-DST-C1-06,DST-C1,2024-10-30,19.2,30.3,OPEN,LOW
PHC-DST-C1-05,PHC-DST-C1-06,DST-C1,2024-10-31,19.2,28.8,OPEN,LOW
PHC-DST-C1-05,PHC-DST-C1-06,DST-C1,2024-11-01,19.2,30.5,OPEN,LOW
PHC-DST-C1-05,PHC-DST-C1-06,DST-C1,2024-11-02,19.2,30.5,OPEN,LOW
PHC-DST-C1-05,PHC-DST-C1-06,DST-C1,2024-11-03,19.2,30.7,OPEN,LOW
PHC-DST-C1-05,PHC-DST-C1-06,DST-C1,2024-11-04,19.2,29.5,OPEN,LOW
PHC-DST-C1-05,PHC-DST-C1-06,DST-C1,2024-11-05,19.2,29.3,OPEN,LOW
PHC-DST-C1-05,PHC-DST-C1-06,DST-C1,2024-11-06,19.2,28.4,OPEN,LOW
PHC-DST-C1-05,PHC-DST-C1-06,DST-C1,2024-11-07,19.2,28.3,OPEN,LOW
PHC-DST-C1-05,PHC-DST-C1-06,DST-C1,2024-11-08,19.2,28.4,OPEN,LOW
PHC-DST-C1-05,PHC-DST-C1-06,DST-C1,2024-11-09,19.2,29.0,OPEN,LOW
PHC-DST-C1-05,PHC-DST-C1-06,DST-C1,2024-11-10,19.2,29.7,OPEN,LOW
PHC-DST-C1-05,PHC-DST-C1-06,DST-C1,2024-11-11,19.2,28.5,OPEN,LOW
PHC-DST-C1-05,PHC-DST-C1-06,DST-C1,2024-11-12,19.2,27.6,OPEN,LOW
PHC-DST-C1-05,PHC-DST-C1-06,DST-C1,2024-11-13,19.2,28.6,OPEN,LOW
PHC-DST-C1-05,PHC-DST-C1-06,DST-C1,2024-11-14,19.2,29.1,OPEN,LOW
PHC-DST-C1-05,PHC-DST-C1-06,DST-C1,2024-11-15,19.2,29.3,OPEN,LOW
PHC-DST-C1-05,PHC-DST-C1-06,DST-C1,2024-11-16,19.2,31.7,OPEN,LOW
PHC-DST-C1-05,PHC-DST-C1-06,DST-C1,2024-11-17,19.2,29.5,OPEN,LOW
PHC-DST-C1-05,PHC-DST-C1-06,DST-C1,2024-11-18,19.2,31.0,OPEN,LOW
PHC-DST-C1-05,PHC-DST-C1-06,DST-C1,2024-11-19,19.2,28.7,OPEN,LOW
PHC-DST-C1-05,PHC-DST-C1-06,DST-C1,2024-11-20,19.2,27.7,OPEN,LOW
PHC-DST-C1-05,PHC-DST-C1-06,DST-C1,2024-11-21,19.2,30.9,OPEN,LOW
PHC-DST-C1-05,PHC-DST-C1-06,DST-C1,2024-11-22,19.2,29.8,OPEN,LOW
PHC-DST-C1-05,PHC-DST-C1-06,DST-C1,2024-11-23,19.2,28.6,OPEN,LOW
PHC-DST-C1-05,PHC-DST-C1-06,DST-C1,2024-11-24,19.2,27.8,OPEN,LOW
PHC-DST-C1-05,PHC-DST-C1-06,DST-C1,2024-11-25,19.2,30.7,OPEN,LOW
PHC-DST-C1-05,PHC-DST-C1-06,DST-C1,2024-11-26,19.2,28.4,OPEN,LOW
PHC-DST-C1-05,PHC-DST-C1-06,DST-C1,2024-11-27,19.2,28.6,OPEN,LOW
PHC-DST-C1-05,PHC-DST-C1-06,DST-C1,2024-11-28,19.2,28.0,OPEN,LOW
PHC-DST-C1-05,PHC-DST-C1-06,DST-C1,2024-11-29,19.2,29.1,OPEN,LOW
PHC-DST-C1-05,PHC-DST-C1-06,DST-C1,2024-11-30,19.2,30.0,OPEN,LOW
PHC-DST-C1-05,PHC-DST-C1-06,DST-C1,2024-12-01,19.2,28.6,OPEN,LOW
PHC-DST-C1-05,PHC-DST-C1-06,DST-C1,2024-12-02,19.2,28.5,OPEN,LOW
PHC-DST-C1-05,PHC-DST-C1-06,DST-C1,2024-12-03,19.2,28.9,OPEN,LOW
PHC-DST-C1-05,PHC-DST-C1-06,DST-C1,2024-12-04,19.2,30.3,OPEN,LOW
PHC-DST-C1-05,PHC-DST-C1-06,DST-C1,2024-12-05,19.2,28.6,OPEN,LOW
PHC-DST-C1-05,PHC-DST-C1-06,DST-C1,2024-12-06,19.2,27.9,OPEN,LOW
PHC-DST-C1-05,PHC-DST-C1-06,DST-C1,2024-12-07,19.2,30.4,OPEN,LOW
PHC-DST-C1-05,PHC-DST-C1-06,DST-C1,2024-12-08,19.2,31.3,OPEN,LOW
PHC-DST-C1-05,PHC-DST-C1-06,DST-C1,2024-12-09,19.2,28.8,OPEN,LOW
PHC-DST-C1-05,PHC-DST-C1-06,DST-C1,2024-12-10,19.2,27.5,OPEN,LOW
PHC-DST-C1-05,PHC-DST-C1-06,DST-C1,2024-12-11,19.2,31.6,OPEN,LOW
PHC-DST-C1-05,PHC-DST-C1-06,DST-C1,2024-12-12,19.2,29.1,OPEN,LOW
PHC-DST-C1-05,PHC-DST-C1-06,DST-C1,2024-12-13,19.2,28.7,OPEN,LOW
PHC-DST-C1-05,PHC-DST-C1-06,DST-C1,2024-12-14,19.2,31.6,OPEN,LOW
PHC-DST-C1-05,PHC-DST-C1-06,DST-C1,2024-12-15,19.2,31.4,OPEN,LOW
PHC-DST-C1-05,PHC-DST-C1-06,DST-C1,2024-12-16,19.2,28.6,OPEN,LOW
PHC-DST-C1-05,PHC-DST-C1-06,DST-C1,2024-12-17,19.2,31.3,OPEN,LOW
PHC-DST-C1-05,PHC-DST-C1-06,DST-C1,2024-12-18,19.2,29.6,OPEN,LOW
PHC-DST-C1-05,PHC-DST-C1-06,DST-C1,2024-12-19,19.2,30.0,OPEN,LOW
PHC-DST-C1-05,PHC-DST-C1-06,DST-C1,2024-12-20,19.2,27.9,OPEN,LOW
PHC-DST-C1-05,PHC-DST-C1-06,DST-C1,2024-12-21,19.2,29.1,OPEN,LOW
PHC-DST-C1-05,PHC-DST-C1-06,DST-C1,2024-12-22,19.2,28.1,OPEN,LOW
PHC-DST-C1-05,PHC-DST-C1-06,DST-C1,2024-12-23,19.2,31.1,OPEN,LOW
PHC-DST-C1-05,PHC-DST-C1-06,DST-C1,2024-12-24,19.2,28.3,OPEN,LOW
PHC-DST-C1-05,PHC-DST-C1-06,DST-C1,2024-12-25,19.2,31.2,OPEN,LOW
PHC-DST-C1-05,PHC-DST-C1-06,DST-C1,2024-12-26,19.2,30.8,OPEN,LOW
PHC-DST-C1-05,PHC-DST-C1-06,DST-C1,2024-12-27,19.2,28.5,OPEN,LOW
PHC-DST-C1-05,PHC-DST-C1-06,DST-C1,2024-12-28,19.2,28.2,OPEN,LOW
PHC-DST-C1-05,PHC-DST-C1-06,DST-C1,2024-12-29,19.2,29.5,OPEN,LOW
PHC-DST-C1-05,PHC-DST-C1-06,DST-C1,2024-12-30,19.2,28.0,OPEN,LOW
PHC-DST-C1-05,PHC-DST-C1-06,DST-C1,2024-12-31,19.2,31.2,OPEN,LOW
PHC-DST-C1-05,PHC-DST-C1-06,DST-C1,2025-01-01,19.2,28.5,OPEN,LOW
PHC-DST-C1-05,PHC-DST-C1-06,DST-C1,2025-01-02,19.2,30.2,OPEN,LOW
PHC-DST-C1-05,PHC-DST-C1-06,DST-C1,2025-01-03,19.2,30.4,OPEN,LOW
PHC-DST-C1-05,PHC-DST-C1-06,DST-C1,2025-01-04,19.2,27.8,OPEN,LOW
PHC-DST-C1-05,PHC-DST-C1-06,DST-C1,2025-01-05,19.2,27.7,OPEN,LOW
PHC-DST-C1-05,PHC-DST-C1-06,DST-C1,2025-01-06,19.2,27.5,OPEN,LOW
PHC-DST-C1-05,PHC-DST-C1-06,DST-C1,2025-01-07,19.2,31.7,OPEN,LOW
PHC-DST-C1-05,PHC-DST-C1-06,DST-C1,2025-01-08,19.2,29.8,OPEN,LOW
PHC-DST-C1-05,PHC-DST-C1-06,DST-C1,2025-01-09,19.2,29.7,OPEN,LOW
PHC-DST-C1-05,PHC-DST-C1-06,DST-C1,2025-01-10,19.2,29.4,OPEN,LOW
PHC-DST-C1-05,PHC-DST-C1-06,DST-C1,2025-01-11,19.2,29.3,OPEN,LOW
PHC-DST-C1-05,PHC-DST-C1-06,DST-C1,2025-01-12,19.2,28.6,OPEN,LOW
PHC-DST-C1-05,PHC-DST-C1-06,DST-C1,2025-01-13,19.2,30.2,OPEN,LOW
PHC-DST-C1-05,PHC-DST-C1-06,DST-C1,2025-01-14,19.2,27.5,OPEN,LOW
PHC-DST-C1-05,PHC-DST-C1-06,DST-C1,2025-01-15,19.2,30.4,OPEN,LOW
PHC-DST-C1-05,PHC-DST-C1-06,DST-C1,2025-01-16,19.2,27.4,OPEN,LOW
PHC-DST-C1-05,PHC-DST-C1-06,DST-C1,2025-01-17,19.2,31.3,OPEN,LOW
PHC-DST-C1-05,PHC-DST-C1-06,DST-C1,2025-01-18,19.2,29.9,OPEN,LOW
PHC-DST-C1-05,PHC-DST-C1-06,DST-C1,2025-01-19,19.2,29.3,OPEN,LOW
PHC-DST-C1-05,PHC-DST-C1-06,DST-C1,2025-01-20,19.2,28.9,OPEN,LOW
PHC-DST-C1-05,PHC-DST-C1-06,DST-C1,2025-01-21,19.2,27.8,OPEN,LOW
PHC-DST-C1-05,PHC-DST-C1-06,DST-C1,2025-01-22,19.2,29.0,OPEN,LOW
PHC-DST-C1-05,PHC-DST-C1-06,DST-C1,2025-01-23,19.2,29.4,OPEN,LOW
PHC-DST-C1-05,PHC-DST-C1-06,DST-C1,2025-01-24,19.2,29.3,OPEN,LOW
PHC-DST-C1-05,PHC-DST-C1-06,DST-C1,2025-01-25,19.2,28.9,OPEN,LOW
PHC-DST-C1-05,PHC-DST-C1-06,DST-C1,2025-01-26,19.2,28.4,OPEN,LOW
PHC-DST-C1-05,PHC-DST-C1-06,DST-C1,2025-01-27,19.2,28.2,OPEN,LOW
PHC-DST-C1-05,PHC-DST-C1-06,DST-C1,2025-01-28,19.2,30.7,OPEN,LOW
PHC-DST-C1-05,PHC-DST-C1-06,DST-C1,2025-01-29,19.2,27.6,OPEN,LOW
PHC-DST-C1-05,PHC-DST-C1-06,DST-C1,2025-01-30,19.2,29.3,OPEN,LOW
PHC-DST-C1-05,PHC-DST-C1-06,DST-C1,2025-01-31,19.2,29.3,OPEN,LOW
PHC-DST-C1-05,PHC-DST-C1-06,DST-C1,2025-02-01,19.2,30.6,OPEN,LOW
PHC-DST-C1-05,PHC-DST-C1-06,DST-C1,2025-02-02,19.2,30.8,OPEN,LOW
PHC-DST-C1-05,PHC-DST-C1-06,DST-C1,2025-02-03,19.2,29.4,OPEN,LOW
PHC-DST-C1-05,PHC-DST-C1-06,DST-C1,2025-02-04,19.2,29.4,OPEN,LOW
PHC-DST-C1-05,PHC-DST-C1-06,DST-C1,2025-02-05,19.2,27.5,OPEN,LOW
PHC-DST-C1-05,PHC-DST-C1-06,DST-C1,2025-02-06,19.2,27.5,OPEN,LOW
PHC-DST-C1-05,PHC-DST-C1-06,DST-C1,2025-02-07,19.2,27.7,OPEN,LOW
PHC-DST-C1-05,PHC-DST-C1-06,DST-C1,2025-02-08,19.2,28.2,OPEN,LOW
PHC-DST-C1-05,PHC-DST-C1-06,DST-C1,2025-02-09,19.2,31.0,OPEN,LOW
PHC-DST-C1-05,PHC-DST-C1-06,DST-C1,2025-02-10,19.2,29.2,OPEN,LOW
PHC-DST-C1-05,PHC-DST-C1-06,DST-C1,2025-02-11,19.2,27.7,OPEN,LOW
PHC-DST-C1-05,PHC-DST-C1-06,DST-C1,2025-02-12,19.2,29.4,OPEN,LOW
PHC-DST-C1-05,PHC-DST-C1-06,DST-C1,2025-02-13,19.2,29.4,OPEN,LOW
PHC-DST-C1-05,PHC-DST-C1-06,DST-C1,2025-02-14,19.2,27.4,OPEN,LOW
PHC-DST-C1-05,PHC-DST-C1-06,DST-C1,2025-02-15,19.2,28.6,OPEN,LOW
PHC-DST-C1-05,PHC-DST-C1-06,DST-C1,2025-02-16,19.2,31.1,OPEN,LOW
PHC-DST-C1-05,PHC-DST-C1-06,DST-C1,2025-02-17,19.2,30.1,OPEN,LOW
PHC-DST-C1-05,PHC-DST-C1-06,DST-C1,2025-02-18,19.2,27.4,OPEN,LOW
PHC-DST-C1-05,PHC-DST-C1-06,DST-C1,2025-02-19,19.2,31.5,OPEN,LOW
PHC-DST-C1-05,PHC-DST-C1-06,DST-C1,2025-02-20,19.2,30.8,OPEN,LOW
PHC-DST-C1-05,PHC-DST-C1-06,DST-C1,2025-02-21,19.2,29.9,OPEN,LOW
PHC-DST-C1-05,PHC-DST-C1-06,DST-C1,2025-02-22,19.2,30.6,OPEN,LOW
PHC-DST-C1-05,PHC-DST-C1-06,DST-C1,2025-02-23,19.2,28.0,OPEN,LOW
PHC-DST-C1-05,PHC-DST-C1-06,DST-C1,2025-02-24,19.2,28.0,OPEN,LOW
PHC-DST-C1-05,PHC-DST-C1-06,DST-C1,2025-02-25,19.2,29.3,OPEN,LOW
PHC-DST-C1-05,PHC-DST-C1-06,DST-C1,2025-02-26,19.2,31.3,OPEN,LOW
PHC-DST-C1-05,PHC-DST-C1-06,DST-C1,2025-02-27,19.2,27.7,OPEN,LOW
PHC-DST-C1-05,PHC-DST-C1-06,DST-C1,2025-02-28,19.2,30.1,OPEN,LOW
PHC-DST-C1-05,PHC-DST-C1-06,DST-C1,2025-03-01,19.2,31.0,OPEN,LOW
PHC-DST-C1-05,PHC-DST-C1-06,DST-C1,2025-03-02,19.2,30.2,OPEN,LOW
PHC-DST-C1-05,PHC-DST-C1-06,DST-C1,2025-03-03,19.2,27.9,OPEN,LOW
PHC-DST-C1-05,PHC-DST-C1-06,DST-C1,2025-03-04,19.2,31.0,OPEN,LOW
PHC-DST-C1-05,PHC-DST-C1-06,DST-C1,2025-03-05,19.2,30.3,OPEN,LOW
PHC-DST-C1-05,PHC-DST-C1-06,DST-C1,2025-03-06,19.2,31.7,OPEN,LOW
PHC-DST-C1-05,PHC-DST-C1-06,DST-C1,2025-03-07,19.2,30.5,OPEN,LOW
PHC-DST-C1-05,PHC-DST-C1-06,DST-C1,2025-03-08,19.2,31.6,OPEN,LOW
PHC-DST-C1-05,PHC-DST-C1-06,DST-C1,2025-03-09,19.2,28.3,OPEN,LOW
PHC-DST-C1-05,PHC-DST-C1-06,DST-C1,2025-03-10,19.2,29.2,OPEN,LOW
PHC-DST-C1-05,PHC-DST-C1-06,DST-C1,2025-03-11,19.2,30.4,OPEN,LOW
PHC-DST-C1-05,PHC-DST-C1-06,DST-C1,2025-03-12,19.2,27.5,OPEN,LOW
PHC-DST-C1-05,PHC-DST-C1-06,DST-C1,2025-03-13,19.2,29.3,OPEN,LOW
PHC-DST-C1-05,PHC-DST-C1-06,DST-C1,2025-03-14,19.2,27.7,OPEN,LOW
PHC-DST-C1-05,PHC-DST-C1-06,DST-C1,2025-03-15,19.2,31.0,OPEN,LOW
PHC-DST-C1-05,PHC-DST-C1-06,DST-C1,2025-03-16,19.2,28.8,OPEN,LOW
PHC-DST-C1-05,PHC-DST-C1-06,DST-C1,2025-03-17,19.2,29.7,OPEN,LOW
PHC-DST-C1-05,PHC-DST-C1-06,DST-C1,2025-03-18,19.2,29.7,OPEN,LOW
PHC-DST-C1-05,PHC-DST-C1-06,DST-C1,2025-03-19,19.2,31.0,OPEN,LOW
PHC-DST-C1-05,PHC-DST-C1-06,DST-C1,2025-03-20,19.2,28.5,OPEN,LOW
PHC-DST-C1-05,PHC-DST-C1-06,DST-C1,2025-03-21,19.2,29.0,OPEN,LOW
PHC-DST-C1-05,PHC-DST-C1-06,DST-C1,2025-03-22,19.2,27.8,OPEN,LOW
PHC-DST-C1-05,PHC-DST-C1-06,DST-C1,2025-03-23,19.2,31.2,OPEN,LOW
PHC-DST-C1-05,PHC-DST-C1-06,DST-C1,2025-03-24,19.2,29.0,OPEN,LOW
PHC-DST-C1-05,PHC-DST-C1-06,DST-C1,2025-03-25,19.2,30.1,OPEN,LOW
PHC-DST-C1-05,PHC-DST-C1-06,DST-C1,2025-03-26,19.2,27.8,OPEN,LOW
PHC-DST-C1-05,PHC-DST-C1-06,DST-C1,2025-03-27,19.2,30.1,OPEN,LOW
PHC-DST-C1-05,PHC-DST-C1-06,DST-C1,2025-03-28,19.2,27.6,OPEN,LOW
PHC-DST-C1-05,PHC-DST-C1-06,DST-C1,2025-03-29,19.2,28.5,OPEN,LOW
PHC-DST-C1-05,PHC-DST-C1-06,DST-C1,2025-03-30,19.2,28.0,OPEN,LOW
PHC-DST-C1-05,PHC-DST-C1-06,DST-C1,2025-03-31,19.2,28.2,OPEN,LOW
PHC-DST-C1-05,PHC-DST-C1-06,DST-C1,2025-04-01,19.2,31.2,OPEN,LOW
PHC-DST-C1-05,PHC-DST-C1-06,DST-C1,2025-04-02,19.2,28.1,OPEN,LOW
PHC-DST-C1-05,PHC-DST-C1-06,DST-C1,2025-04-03,19.2,31.7,OPEN,LOW
PHC-DST-C1-05,PHC-DST-C1-06,DST-C1,2025-04-04,19.2,28.6,OPEN,LOW
PHC-DST-C1-05,PHC-DST-C1-06,DST-C1,2025-04-05,19.2,30.2,OPEN,LOW
PHC-DST-C1-05,PHC-DST-C1-06,DST-C1,2025-04-06,19.2,29.8,OPEN,LOW
PHC-DST-C1-05,PHC-DST-C1-06,DST-C1,2025-04-07,19.2,29.2,OPEN,LOW
PHC-DST-C1-05,PHC-DST-C1-06,DST-C1,2025-04-08,19.2,30.1,OPEN,LOW
PHC-DST-C1-05,PHC-DST-C1-06,DST-C1,2025-04-09,19.2,28.1,OPEN,LOW
PHC-DST-C1-05,PHC-DST-C1-06,DST-C1,2025-04-10,19.2,29.3,OPEN,LOW
PHC-DST-C1-05,PHC-DST-C1-06,DST-C1,2025-04-11,19.2,29.9,OPEN,LOW
PHC-DST-C1-05,PHC-DST-C1-06,DST-C1,2025-04-12,19.2,28.6,OPEN,LOW
PHC-DST-C1-05,PHC-DST-C1-06,DST-C1,2025-04-13,19.2,29.8,OPEN,LOW
PHC-DST-C1-05,PHC-DST-C1-06,DST-C1,2025-04-14,19.2,31.4,OPEN,LOW
PHC-DST-C1-05,PHC-DST-C1-06,DST-C1,2025-04-15,19.2,28.9,OPEN,LOW
PHC-DST-C1-05,PHC-DST-C1-06,DST-C1,2025-04-16,19.2,31.5,OPEN,LOW
PHC-DST-C1-05,PHC-DST-C1-06,DST-C1,2025-04-17,19.2,30.6,OPEN,LOW
PHC-DST-C1-05,PHC-DST-C1-06,DST-C1,2025-04-18,19.2,28.3,OPEN,LOW
PHC-DST-C1-05,PHC-DST-C1-06,DST-C1,2025-04-19,19.2,29.5,OPEN,LOW
PHC-DST-C1-05,PHC-DST-C1-06,DST-C1,2025-04-20,19.2,28.2,OPEN,LOW
PHC-DST-C1-05,PHC-DST-C1-06,DST-C1,2025-04-21,19.2,31.1,OPEN,LOW
PHC-DST-C1-05,PHC-DST-C1-06,DST-C1,2025-04-22,19.2,31.4,OPEN,LOW
PHC-DST-C1-05,PHC-DST-C1-06,DST-C1,2025-04-23,19.2,28.1,OPEN,LOW
PHC-DST-C1-05,PHC-DST-C1-06,DST-C1,2025-04-24,19.2,28.6,OPEN,LOW
PHC-DST-C1-05,PHC-DST-C1-06,DST-C1,2025-04-25,19.2,30.4,OPEN,LOW
PHC-DST-C1-05,PHC-DST-C1-06,DST-C1,2025-04-26,19.2,28.9,OPEN,LOW
PHC-DST-C1-05,PHC-DST-C1-06,DST-C1,2025-04-27,19.2,27.8,OPEN,LOW
PHC-DST-C1-05,PHC-DST-C1-06,DST-C1,2025-04-28,19.2,29.9,OPEN,LOW
PHC-DST-C1-05,PHC-DST-C1-06,DST-C1,2025-04-29,19.2,28.3,OPEN,LOW
PHC-DST-C1-05,PHC-DST-C1-06,DST-C1,2025-04-30,19.2,29.8,OPEN,LOW
PHC-DST-C1-05,PHC-DST-C1-06,DST-C1,2025-05-01,19.2,29.7,OPEN,LOW
PHC-DST-C1-05,PHC-DST-C1-06,DST-C1,2025-05-02,19.2,31.6,OPEN,LOW
PHC-DST-C1-05,PHC-DST-C1-06,DST-C1,2025-05-03,19.2,31.1,OPEN,LOW
PHC-DST-C1-05,PHC-DST-C1-06,DST-C1,2025-05-04,19.2,27.6,OPEN,LOW
PHC-DST-C1-05,PHC-DST-C1-06,DST-C1,2025-05-05,19.2,29.9,OPEN,LOW
PHC-DST-C1-05,PHC-DST-C1-06,DST-C1,2025-05-06,19.2,27.9,OPEN,LOW
PHC-DST-C1-05,PHC-DST-C1-06,DST-C1,2025-05-07,19.2,29.8,OPEN,LOW
PHC-DST-C1-05,PHC-DST-C1-06,DST-C1,2025-05-08,19.2,29.2,OPEN,LOW
PHC-DST-C1-05,PHC-DST-C1-06,DST-C1,2025-05-09,19.2,28.7,OPEN,LOW
PHC-DST-C1-05,PHC-DST-C1-06,DST-C1,2025-05-10,19.2,31.2,OPEN,LOW
PHC-DST-C1-05,PHC-DST-C1-06,DST-C1,2025-05-11,19.2,27.9,OPEN,LOW
PHC-DST-C1-05,PHC-DST-C1-06,DST-C1,2025-05-12,19.2,29.4,OPEN,LOW
PHC-DST-C1-05,PHC-DST-C1-06,DST-C1,2025-05-13,19.2,28.3,OPEN,LOW
PHC-DST-C1-05,PHC-DST-C1-06,DST-C1,2025-05-14,19.2,30.2,OPEN,LOW
PHC-DST-C1-05,PHC-DST-C1-06,DST-C1,2025-05-15,19.2,27.7,OPEN,LOW
PHC-DST-C1-05,PHC-DST-C1-06,DST-C1,2025-05-16,19.2,28.3,OPEN,LOW
PHC-DST-C1-05,PHC-DST-C1-06,DST-C1,2025-05-17,19.2,31.2,OPEN,LOW
PHC-DST-C1-05,PHC-DST-C1-06,DST-C1,2025-05-18,19.2,27.6,OPEN,LOW
PHC-DST-C1-05,PHC-DST-C1-06,DST-C1,2025-05-19,19.2,29.4,OPEN,LOW
PHC-DST-C1-05,PHC-DST-C1-06,DST-C1,2025-05-20,19.2,28.7,OPEN,LOW
PHC-DST-C1-05,PHC-DST-C1-06,DST-C1,2025-05-21,19.2,28.9,OPEN,LOW
PHC-DST-C1-05,PHC-DST-C1-06,DST-C1,2025-05-22,19.2,29.7,OPEN,LOW
PHC-DST-C1-05,PHC-DST-C1-06,DST-C1,2025-05-23,19.2,31.7,OPEN,LOW
PHC-DST-C1-05,PHC-DST-C1-06,DST-C1,2025-05-24,19.2,28.9,OPEN,LOW
PHC-DST-C1-05,PHC-DST-C1-06,DST-C1,2025-05-25,19.2,30.9,OPEN,LOW
PHC-DST-C1-05,PHC-DST-C1-06,DST-C1,2025-05-26,19.2,30.9,OPEN,LOW
PHC-DST-C1-05,PHC-DST-C1-06,DST-C1,2025-05-27,19.2,29.6,OPEN,LOW
PHC-DST-C1-05,PHC-DST-C1-06,DST-C1,2025-05-28,19.2,29.9,OPEN,LOW
PHC-DST-C1-05,PHC-DST-C1-06,DST-C1,2025-05-29,19.2,27.5,OPEN,LOW
PHC-DST-C1-05,PHC-DST-C1-06,DST-C1,2025-05-30,19.2,30.7,OPEN,LOW
PHC-DST-C1-05,PHC-DST-C1-06,DST-C1,2025-05-31,19.2,29.7,OPEN,LOW
PHC-DST-C1-05,PHC-DST-C1-06,DST-C1,2025-06-01,19.2,31.6,OPEN,LOW
PHC-DST-C1-05,PHC-DST-C1-06,DST-C1,2025-06-02,19.2,29.5,OPEN,LOW
PHC-DST-C1-05,PHC-DST-C1-06,DST-C1,2025-06-03,19.2,30.5,OPEN,LOW
PHC-DST-C1-05,PHC-DST-C1-06,DST-C1,2025-06-04,19.2,27.4,OPEN,LOW
PHC-DST-C1-05,PHC-DST-C1-06,DST-C1,2025-06-05,19.2,27.7,OPEN,LOW
PHC-DST-C1-05,PHC-DST-C1-06,DST-C1,2025-06-06,19.2,29.3,OPEN,LOW
PHC-DST-C1-05,PHC-DST-C1-06,DST-C1,2025-06-07,19.2,27.8,OPEN,LOW
PHC-DST-C1-05,PHC-DST-C1-06,DST-C1,2025-06-08,19.2,30.7,OPEN,LOW
PHC-DST-C1-05,PHC-DST-C1-06,DST-C1,2025-06-09,19.2,29.3,OPEN,LOW
PHC-DST-C1-05,PHC-DST-C1-06,DST-C1,2025-06-10,19.2,30.0,OPEN,LOW
PHC-DST-C1-05,PHC-DST-C1-06,DST-C1,2025-06-11,19.2,28.6,OPEN,LOW
PHC-DST-C1-05,PHC-DST-C1-06,DST-C1,2025-06-12,19.2,28.1,OPEN,LOW
PHC-DST-C1-05,PHC-DST-C1-06,DST-C1,2025-06-13,19.2,29.9,OPEN,LOW
PHC-DST-C1-05,PHC-DST-C1-06,DST-C1,2025-06-14,19.2,28.9,OPEN,LOW
PHC-DST-C1-05,PHC-DST-C1-06,DST-C1,2025-06-15,19.2,28.5,OPEN,LOW
PHC-DST-C1-05,PHC-DST-C1-06,DST-C1,2025-06-16,19.2,28.1,OPEN,LOW
PHC-DST-C1-05,PHC-DST-C1-06,DST-C1,2025-06-17,19.2,30.8,OPEN,LOW
PHC-DST-C1-05,PHC-DST-C1-06,DST-C1,2025-06-18,19.2,28.2,OPEN,LOW
PHC-DST-C1-05,PHC-DST-C1-06,DST-C1,2025-06-19,19.2,28.2,OPEN,LOW
PHC-DST-C1-05,PHC-DST-C1-06,DST-C1,2025-06-20,19.2,30.4,OPEN,LOW
PHC-DST-C1-05,PHC-DST-C1-06,DST-C1,2025-06-21,19.2,31.3,OPEN,LOW
PHC-DST-C1-05,PHC-DST-C1-06,DST-C1,2025-06-22,19.2,30.9,OPEN,LOW
PHC-DST-C1-05,PHC-DST-C1-06,DST-C1,2025-06-23,19.2,27.8,OPEN,LOW
PHC-DST-C1-05,PHC-DST-C1-06,DST-C1,2025-06-24,19.2,29.8,OPEN,LOW
PHC-DST-C1-05,PHC-DST-C1-06,DST-C1,2025-06-25,19.2,29.3,OPEN,LOW
PHC-DST-C1-05,PHC-DST-C1-06,DST-C1,2025-06-26,19.2,28.7,OPEN,LOW
PHC-DST-C1-05,PHC-DST-C1-06,DST-C1,2025-06-27,19.2,27.8,OPEN,LOW
PHC-DST-C1-05,PHC-DST-C1-06,DST-C1,2025-06-28,19.2,28.4,OPEN,LOW
PHC-DST-C1-05,PHC-DST-C1-06,DST-C1,2025-06-29,19.2,27.8,OPEN,LOW
PHC-DST-C1-05,PHC-DST-C1-06,DST-C1,2025-06-30,19.2,31.6,OPEN,LOW
PHC-DST-C2-01,PHC-DST-C2-02,DST-C2,2024-01-01,35.7,58.9,OPEN,LOW
PHC-DST-C2-01,PHC-DST-C2-02,DST-C2,2024-01-02,35.7,51.0,OPEN,LOW
PHC-DST-C2-01,PHC-DST-C2-02,DST-C2,2024-01-03,35.7,52.9,OPEN,LOW
PHC-DST-C2-01,PHC-DST-C2-02,DST-C2,2024-01-04,35.7,52.6,OPEN,LOW
PHC-DST-C2-01,PHC-DST-C2-02,DST-C2,2024-01-05,35.7,58.3,OPEN,LOW
PHC-DST-C2-01,PHC-DST-C2-02,DST-C2,2024-01-06,35.7,57.5,OPEN,LOW
PHC-DST-C2-01,PHC-DST-C2-02,DST-C2,2024-01-07,35.7,57.3,OPEN,LOW
PHC-DST-C2-01,PHC-DST-C2-02,DST-C2,2024-01-08,35.7,56.6,OPEN,LOW
PHC-DST-C2-01,PHC-DST-C2-02,DST-C2,2024-01-09,35.7,53.3,OPEN,LOW
PHC-DST-C2-01,PHC-DST-C2-02,DST-C2,2024-01-10,35.7,55.3,OPEN,LOW
PHC-DST-C2-01,PHC-DST-C2-02,DST-C2,2024-01-11,35.7,54.9,OPEN,LOW
PHC-DST-C2-01,PHC-DST-C2-02,DST-C2,2024-01-12,35.7,55.2,OPEN,LOW
PHC-DST-C2-01,PHC-DST-C2-02,DST-C2,2024-01-13,35.7,53.8,OPEN,LOW
PHC-DST-C2-01,PHC-DST-C2-02,DST-C2,2024-01-14,35.7,57.2,OPEN,LOW
PHC-DST-C2-01,PHC-DST-C2-02,DST-C2,2024-01-15,35.7,58.0,OPEN,LOW
PHC-DST-C2-01,PHC-DST-C2-02,DST-C2,2024-01-16,35.7,54.8,OPEN,LOW
PHC-DST-C2-01,PHC-DST-C2-02,DST-C2,2024-01-17,35.7,53.8,OPEN,LOW
PHC-DST-C2-01,PHC-DST-C2-02,DST-C2,2024-01-18,35.7,54.2,OPEN,LOW
PHC-DST-C2-01,PHC-DST-C2-02,DST-C2,2024-01-19,35.7,56.6,OPEN,LOW
PHC-DST-C2-01,PHC-DST-C2-02,DST-C2,2024-01-20,35.7,53.3,OPEN,LOW
PHC-DST-C2-01,PHC-DST-C2-02,DST-C2,2024-01-21,35.7,53.3,OPEN,LOW
PHC-DST-C2-01,PHC-DST-C2-02,DST-C2,2024-01-22,35.7,52.7,OPEN,LOW
PHC-DST-C2-01,PHC-DST-C2-02,DST-C2,2024-01-23,35.7,55.9,OPEN,LOW
PHC-DST-C2-01,PHC-DST-C2-02,DST-C2,2024-01-24,35.7,52.7,OPEN,LOW
PHC-DST-C2-01,PHC-DST-C2-02,DST-C2,2024-01-25,35.7,55.6,OPEN,LOW
PHC-DST-C2-01,PHC-DST-C2-02,DST-C2,2024-01-26,35.7,53.8,OPEN,LOW
PHC-DST-C2-01,PHC-DST-C2-02,DST-C2,2024-01-27,35.7,52.0,OPEN,LOW
PHC-DST-C2-01,PHC-DST-C2-02,DST-C2,2024-01-28,35.7,51.3,OPEN,LOW
PHC-DST-C2-01,PHC-DST-C2-02,DST-C2,2024-01-29,35.7,54.4,OPEN,LOW
PHC-DST-C2-01,PHC-DST-C2-02,DST-C2,2024-01-30,35.7,51.6,OPEN,LOW
PHC-DST-C2-01,PHC-DST-C2-02,DST-C2,2024-01-31,35.7,54.9,OPEN,LOW
PHC-DST-C2-01,PHC-DST-C2-02,DST-C2,2024-02-01,35.7,52.5,OPEN,LOW
PHC-DST-C2-01,PHC-DST-C2-02,DST-C2,2024-02-02,35.7,53.4,OPEN,LOW
PHC-DST-C2-01,PHC-DST-C2-02,DST-C2,2024-02-03,35.7,56.3,OPEN,LOW
PHC-DST-C2-01,PHC-DST-C2-02,DST-C2,2024-02-04,35.7,51.9,OPEN,LOW
PHC-DST-C2-01,PHC-DST-C2-02,DST-C2,2024-02-05,35.7,52.2,OPEN,LOW
PHC-DST-C2-01,PHC-DST-C2-02,DST-C2,2024-02-06,35.7,53.0,OPEN,LOW
PHC-DST-C2-01,PHC-DST-C2-02,DST-C2,2024-02-07,35.7,58.1,OPEN,LOW
PHC-DST-C2-01,PHC-DST-C2-02,DST-C2,2024-02-08,35.7,52.9,OPEN,LOW
PHC-DST-C2-01,PHC-DST-C2-02,DST-C2,2024-02-09,35.7,51.6,OPEN,LOW
PHC-DST-C2-01,PHC-DST-C2-02,DST-C2,2024-02-10,35.7,51.2,OPEN,LOW
PHC-DST-C2-01,PHC-DST-C2-02,DST-C2,2024-02-11,35.7,56.3,OPEN,LOW
PHC-DST-C2-01,PHC-DST-C2-02,DST-C2,2024-02-12,35.7,53.4,OPEN,LOW
PHC-DST-C2-01,PHC-DST-C2-02,DST-C2,2024-02-13,35.7,58.2,OPEN,LOW
PHC-DST-C2-01,PHC-DST-C2-02,DST-C2,2024-02-14,35.7,53.9,OPEN,LOW
PHC-DST-C2-01,PHC-DST-C2-02,DST-C2,2024-02-15,35.7,55.8,OPEN,LOW
PHC-DST-C2-01,PHC-DST-C2-02,DST-C2,2024-02-16,35.7,55.0,OPEN,LOW
PHC-DST-C2-01,PHC-DST-C2-02,DST-C2,2024-02-17,35.7,58.2,OPEN,LOW
PHC-DST-C2-01,PHC-DST-C2-02,DST-C2,2024-02-18,35.7,57.2,OPEN,LOW
PHC-DST-C2-01,PHC-DST-C2-02,DST-C2,2024-02-19,35.7,52.8,OPEN,LOW
PHC-DST-C2-01,PHC-DST-C2-02,DST-C2,2024-02-20,35.7,51.1,OPEN,LOW
PHC-DST-C2-01,PHC-DST-C2-02,DST-C2,2024-02-21,35.7,58.1,OPEN,LOW
PHC-DST-C2-01,PHC-DST-C2-02,DST-C2,2024-02-22,35.7,52.4,OPEN,LOW
PHC-DST-C2-01,PHC-DST-C2-02,DST-C2,2024-02-23,35.7,52.7,OPEN,LOW
PHC-DST-C2-01,PHC-DST-C2-02,DST-C2,2024-02-24,35.7,58.0,OPEN,LOW
PHC-DST-C2-01,PHC-DST-C2-02,DST-C2,2024-02-25,35.7,58.4,OPEN,LOW
PHC-DST-C2-01,PHC-DST-C2-02,DST-C2,2024-02-26,35.7,53.7,OPEN,LOW
PHC-DST-C2-01,PHC-DST-C2-02,DST-C2,2024-02-27,35.7,52.1,OPEN,LOW
PHC-DST-C2-01,PHC-DST-C2-02,DST-C2,2024-02-28,35.7,58.7,OPEN,LOW
PHC-DST-C2-01,PHC-DST-C2-02,DST-C2,2024-02-29,35.7,57.7,OPEN,LOW
PHC-DST-C2-01,PHC-DST-C2-02,DST-C2,2024-03-01,35.7,58.4,OPEN,LOW
PHC-DST-C2-01,PHC-DST-C2-02,DST-C2,2024-03-02,35.7,55.1,OPEN,LOW
PHC-DST-C2-01,PHC-DST-C2-02,DST-C2,2024-03-03,35.7,53.0,OPEN,LOW
PHC-DST-C2-01,PHC-DST-C2-02,DST-C2,2024-03-04,35.7,56.5,OPEN,LOW
PHC-DST-C2-01,PHC-DST-C2-02,DST-C2,2024-03-05,35.7,57.7,OPEN,LOW
PHC-DST-C2-01,PHC-DST-C2-02,DST-C2,2024-03-06,35.7,58.0,OPEN,LOW
PHC-DST-C2-01,PHC-DST-C2-02,DST-C2,2024-03-07,35.7,57.6,OPEN,LOW
PHC-DST-C2-01,PHC-DST-C2-02,DST-C2,2024-03-08,35.7,51.0,OPEN,LOW
PHC-DST-C2-01,PHC-DST-C2-02,DST-C2,2024-03-09,35.7,58.0,OPEN,LOW
PHC-DST-C2-01,PHC-DST-C2-02,DST-C2,2024-03-10,35.7,57.6,OPEN,LOW
PHC-DST-C2-01,PHC-DST-C2-02,DST-C2,2024-03-11,35.7,55.7,OPEN,LOW
PHC-DST-C2-01,PHC-DST-C2-02,DST-C2,2024-03-12,35.7,54.8,OPEN,LOW
PHC-DST-C2-01,PHC-DST-C2-02,DST-C2,2024-03-13,35.7,51.8,OPEN,LOW
PHC-DST-C2-01,PHC-DST-C2-02,DST-C2,2024-03-14,35.7,56.2,OPEN,LOW
PHC-DST-C2-01,PHC-DST-C2-02,DST-C2,2024-03-15,35.7,58.9,OPEN,LOW
PHC-DST-C2-01,PHC-DST-C2-02,DST-C2,2024-03-16,35.7,52.5,OPEN,LOW
PHC-DST-C2-01,PHC-DST-C2-02,DST-C2,2024-03-17,35.7,57.2,OPEN,LOW
PHC-DST-C2-01,PHC-DST-C2-02,DST-C2,2024-03-18,35.7,58.9,OPEN,LOW
PHC-DST-C2-01,PHC-DST-C2-02,DST-C2,2024-03-19,35.7,54.6,OPEN,LOW
PHC-DST-C2-01,PHC-DST-C2-02,DST-C2,2024-03-20,35.7,56.2,OPEN,LOW
PHC-DST-C2-01,PHC-DST-C2-02,DST-C2,2024-03-21,35.7,56.9,OPEN,LOW
PHC-DST-C2-01,PHC-DST-C2-02,DST-C2,2024-03-22,35.7,53.4,OPEN,LOW
PHC-DST-C2-01,PHC-DST-C2-02,DST-C2,2024-03-23,35.7,51.1,OPEN,LOW
PHC-DST-C2-01,PHC-DST-C2-02,DST-C2,2024-03-24,35.7,58.9,OPEN,LOW
PHC-DST-C2-01,PHC-DST-C2-02,DST-C2,2024-03-25,35.7,54.2,OPEN,LOW
PHC-DST-C2-01,PHC-DST-C2-02,DST-C2,2024-03-26,35.7,54.5,OPEN,LOW
PHC-DST-C2-01,PHC-DST-C2-02,DST-C2,2024-03-27,35.7,58.2,OPEN,LOW
PHC-DST-C2-01,PHC-DST-C2-02,DST-C2,2024-03-28,35.7,51.6,OPEN,LOW
PHC-DST-C2-01,PHC-DST-C2-02,DST-C2,2024-03-29,35.7,57.3,OPEN,LOW
PHC-DST-C2-01,PHC-DST-C2-02,DST-C2,2024-03-30,35.7,54.7,OPEN,LOW
PHC-DST-C2-01,PHC-DST-C2-02,DST-C2,2024-03-31,35.7,57.9,OPEN,LOW
PHC-DST-C2-01,PHC-DST-C2-02,DST-C2,2024-04-01,35.7,54.7,OPEN,LOW
PHC-DST-C2-01,PHC-DST-C2-02,DST-C2,2024-04-02,35.7,56.1,OPEN,LOW
PHC-DST-C2-01,PHC-DST-C2-02,DST-C2,2024-04-03,35.7,51.5,OPEN,LOW
PHC-DST-C2-01,PHC-DST-C2-02,DST-C2,2024-04-04,35.7,56.0,OPEN,LOW
PHC-DST-C2-01,PHC-DST-C2-02,DST-C2,2024-04-05,35.7,57.6,OPEN,LOW
PHC-DST-C2-01,PHC-DST-C2-02,DST-C2,2024-04-06,35.7,56.0,OPEN,LOW
PHC-DST-C2-01,PHC-DST-C2-02,DST-C2,2024-04-07,35.7,52.3,OPEN,LOW
PHC-DST-C2-01,PHC-DST-C2-02,DST-C2,2024-04-08,35.7,55.7,OPEN,LOW
PHC-DST-C2-01,PHC-DST-C2-02,DST-C2,2024-04-09,35.7,57.7,OPEN,LOW
PHC-DST-C2-01,PHC-DST-C2-02,DST-C2,2024-04-10,35.7,58.6,OPEN,LOW
PHC-DST-C2-01,PHC-DST-C2-02,DST-C2,2024-04-11,35.7,51.3,OPEN,LOW
PHC-DST-C2-01,PHC-DST-C2-02,DST-C2,2024-04-12,35.7,53.9,OPEN,LOW
PHC-DST-C2-01,PHC-DST-C2-02,DST-C2,2024-04-13,35.7,56.4,OPEN,LOW
PHC-DST-C2-01,PHC-DST-C2-02,DST-C2,2024-04-14,35.7,56.1,OPEN,LOW
PHC-DST-C2-01,PHC-DST-C2-02,DST-C2,2024-04-15,35.7,52.8,OPEN,LOW
PHC-DST-C2-01,PHC-DST-C2-02,DST-C2,2024-04-16,35.7,58.5,OPEN,LOW
PHC-DST-C2-01,PHC-DST-C2-02,DST-C2,2024-04-17,35.7,58.9,OPEN,LOW
PHC-DST-C2-01,PHC-DST-C2-02,DST-C2,2024-04-18,35.7,54.0,OPEN,LOW
PHC-DST-C2-01,PHC-DST-C2-02,DST-C2,2024-04-19,35.7,52.5,OPEN,LOW
PHC-DST-C2-01,PHC-DST-C2-02,DST-C2,2024-04-20,35.7,57.7,OPEN,LOW
PHC-DST-C2-01,PHC-DST-C2-02,DST-C2,2024-04-21,35.7,58.0,OPEN,LOW
PHC-DST-C2-01,PHC-DST-C2-02,DST-C2,2024-04-22,35.7,51.7,OPEN,LOW
PHC-DST-C2-01,PHC-DST-C2-02,DST-C2,2024-04-23,35.7,56.4,OPEN,LOW
PHC-DST-C2-01,PHC-DST-C2-02,DST-C2,2024-04-24,35.7,56.2,OPEN,LOW
PHC-DST-C2-01,PHC-DST-C2-02,DST-C2,2024-04-25,35.7,55.2,OPEN,LOW
PHC-DST-C2-01,PHC-DST-C2-02,DST-C2,2024-04-26,35.7,56.0,OPEN,LOW
PHC-DST-C2-01,PHC-DST-C2-02,DST-C2,2024-04-27,35.7,58.4,OPEN,LOW
PHC-DST-C2-01,PHC-DST-C2-02,DST-C2,2024-04-28,35.7,54.3,OPEN,LOW
PHC-DST-C2-01,PHC-DST-C2-02,DST-C2,2024-04-29,35.7,52.0,OPEN,LOW
PHC-DST-C2-01,PHC-DST-C2-02,DST-C2,2024-04-30,35.7,53.0,OPEN,LOW
PHC-DST-C2-01,PHC-DST-C2-02,DST-C2,2024-05-01,35.7,55.0,OPEN,LOW
PHC-DST-C2-01,PHC-DST-C2-02,DST-C2,2024-05-02,35.7,55.5,OPEN,LOW
PHC-DST-C2-01,PHC-DST-C2-02,DST-C2,2024-05-03,35.7,51.7,OPEN,LOW
PHC-DST-C2-01,PHC-DST-C2-02,DST-C2,2024-05-04,35.7,54.8,OPEN,LOW
PHC-DST-C2-01,PHC-DST-C2-02,DST-C2,2024-05-05,35.7,57.2,OPEN,LOW
PHC-DST-C2-01,PHC-DST-C2-02,DST-C2,2024-05-06,35.7,53.1,OPEN,LOW
PHC-DST-C2-01,PHC-DST-C2-02,DST-C2,2024-05-07,35.7,58.3,OPEN,LOW
PHC-DST-C2-01,PHC-DST-C2-02,DST-C2,2024-05-08,35.7,52.3,OPEN,LOW
PHC-DST-C2-01,PHC-DST-C2-02,DST-C2,2024-05-09,35.7,56.5,OPEN,LOW
PHC-DST-C2-01,PHC-DST-C2-02,DST-C2,2024-05-10,35.7,54.0,OPEN,LOW
PHC-DST-C2-01,PHC-DST-C2-02,DST-C2,2024-05-11,35.7,51.1,OPEN,LOW
PHC-DST-C2-01,PHC-DST-C2-02,DST-C2,2024-05-12,35.7,52.6,OPEN,LOW
PHC-DST-C2-01,PHC-DST-C2-02,DST-C2,2024-05-13,35.7,57.1,OPEN,LOW
PHC-DST-C2-01,PHC-DST-C2-02,DST-C2,2024-05-14,35.7,58.8,OPEN,LOW
PHC-DST-C2-01,PHC-DST-C2-02,DST-C2,2024-05-15,35.7,55.5,OPEN,LOW
PHC-DST-C2-01,PHC-DST-C2-02,DST-C2,2024-05-16,35.7,53.5,OPEN,LOW
PHC-DST-C2-01,PHC-DST-C2-02,DST-C2,2024-05-17,35.7,53.0,OPEN,LOW
PHC-DST-C2-01,PHC-DST-C2-02,DST-C2,2024-05-18,35.7,58.3,OPEN,LOW
PHC-DST-C2-01,PHC-DST-C2-02,DST-C2,2024-05-19,35.7,54.0,OPEN,LOW
PHC-DST-C2-01,PHC-DST-C2-02,DST-C2,2024-05-20,35.7,58.6,OPEN,LOW
PHC-DST-C2-01,PHC-DST-C2-02,DST-C2,2024-05-21,35.7,55.7,OPEN,LOW
PHC-DST-C2-01,PHC-DST-C2-02,DST-C2,2024-05-22,35.7,57.5,OPEN,LOW
PHC-DST-C2-01,PHC-DST-C2-02,DST-C2,2024-05-23,35.7,51.3,OPEN,LOW
PHC-DST-C2-01,PHC-DST-C2-02,DST-C2,2024-05-24,35.7,56.5,OPEN,LOW
PHC-DST-C2-01,PHC-DST-C2-02,DST-C2,2024-05-25,35.7,57.3,OPEN,LOW
PHC-DST-C2-01,PHC-DST-C2-02,DST-C2,2024-05-26,35.7,57.7,OPEN,LOW
PHC-DST-C2-01,PHC-DST-C2-02,DST-C2,2024-05-27,35.7,54.6,OPEN,LOW
PHC-DST-C2-01,PHC-DST-C2-02,DST-C2,2024-05-28,35.7,51.1,OPEN,LOW
PHC-DST-C2-01,PHC-DST-C2-02,DST-C2,2024-05-29,35.7,55.5,OPEN,LOW
PHC-DST-C2-01,PHC-DST-C2-02,DST-C2,2024-05-30,35.7,57.5,OPEN,LOW
PHC-DST-C2-01,PHC-DST-C2-02,DST-C2,2024-05-31,35.7,52.6,OPEN,LOW
PHC-DST-C2-01,PHC-DST-C2-02,DST-C2,2024-06-01,35.7,51.5,OPEN,LOW
PHC-DST-C2-01,PHC-DST-C2-02,DST-C2,2024-06-02,35.7,53.0,OPEN,LOW
PHC-DST-C2-01,PHC-DST-C2-02,DST-C2,2024-06-03,35.7,56.8,OPEN,LOW
PHC-DST-C2-01,PHC-DST-C2-02,DST-C2,2024-06-04,35.7,53.8,OPEN,LOW
PHC-DST-C2-01,PHC-DST-C2-02,DST-C2,2024-06-05,35.7,57.7,OPEN,LOW
PHC-DST-C2-01,PHC-DST-C2-02,DST-C2,2024-06-06,35.7,58.0,OPEN,LOW
PHC-DST-C2-01,PHC-DST-C2-02,DST-C2,2024-06-07,35.7,56.0,OPEN,LOW
PHC-DST-C2-01,PHC-DST-C2-02,DST-C2,2024-06-08,35.7,55.6,OPEN,LOW
PHC-DST-C2-01,PHC-DST-C2-02,DST-C2,2024-06-09,35.7,55.2,OPEN,LOW
PHC-DST-C2-01,PHC-DST-C2-02,DST-C2,2024-06-10,35.7,58.7,OPEN,LOW
PHC-DST-C2-01,PHC-DST-C2-02,DST-C2,2024-06-11,35.7,52.1,OPEN,LOW
PHC-DST-C2-01,PHC-DST-C2-02,DST-C2,2024-06-12,35.7,51.5,OPEN,LOW
PHC-DST-C2-01,PHC-DST-C2-02,DST-C2,2024-06-13,35.7,56.6,OPEN,LOW
PHC-DST-C2-01,PHC-DST-C2-02,DST-C2,2024-06-14,35.7,55.2,OPEN,LOW
PHC-DST-C2-01,PHC-DST-C2-02,DST-C2,2024-06-15,35.7,58.9,OPEN,LOW
PHC-DST-C2-01,PHC-DST-C2-02,DST-C2,2024-06-16,35.7,52.6,OPEN,LOW
PHC-DST-C2-01,PHC-DST-C2-02,DST-C2,2024-06-17,35.7,53.5,OPEN,LOW
PHC-DST-C2-01,PHC-DST-C2-02,DST-C2,2024-06-18,35.7,54.3,OPEN,LOW
PHC-DST-C2-01,PHC-DST-C2-02,DST-C2,2024-06-19,35.7,54.4,OPEN,LOW
PHC-DST-C2-01,PHC-DST-C2-02,DST-C2,2024-06-20,35.7,51.8,OPEN,LOW
PHC-DST-C2-01,PHC-DST-C2-02,DST-C2,2024-06-21,35.7,51.1,OPEN,LOW
PHC-DST-C2-01,PHC-DST-C2-02,DST-C2,2024-06-22,35.7,58.0,OPEN,LOW
PHC-DST-C2-01,PHC-DST-C2-02,DST-C2,2024-06-23,35.7,54.7,OPEN,LOW
PHC-DST-C2-01,PHC-DST-C2-02,DST-C2,2024-06-24,35.7,51.5,OPEN,LOW
PHC-DST-C2-01,PHC-DST-C2-02,DST-C2,2024-06-25,35.7,57.2,OPEN,LOW
PHC-DST-C2-01,PHC-DST-C2-02,DST-C2,2024-06-26,35.7,55.9,OPEN,LOW
PHC-DST-C2-01,PHC-DST-C2-02,DST-C2,2024-06-27,35.7,55.8,OPEN,LOW
PHC-DST-C2-01,PHC-DST-C2-02,DST-C2,2024-06-28,35.7,57.9,OPEN,LOW
PHC-DST-C2-01,PHC-DST-C2-02,DST-C2,2024-06-29,35.7,56.9,OPEN,LOW
PHC-DST-C2-01,PHC-DST-C2-02,DST-C2,2024-06-30,35.7,58.0,OPEN,LOW
PHC-DST-C2-01,PHC-DST-C2-02,DST-C2,2024-07-01,35.7,54.5,OPEN,LOW
PHC-DST-C2-01,PHC-DST-C2-02,DST-C2,2024-07-02,35.7,56.2,OPEN,LOW
PHC-DST-C2-01,PHC-DST-C2-02,DST-C2,2024-07-03,35.7,55.6,OPEN,LOW
PHC-DST-C2-01,PHC-DST-C2-02,DST-C2,2024-07-04,35.7,52.2,OPEN,LOW
PHC-DST-C2-01,PHC-DST-C2-02,DST-C2,2024-07-05,35.7,56.6,OPEN,LOW
PHC-DST-C2-01,PHC-DST-C2-02,DST-C2,2024-07-06,35.7,57.9,OPEN,LOW
PHC-DST-C2-01,PHC-DST-C2-02,DST-C2,2024-07-07,35.7,53.3,OPEN,LOW
PHC-DST-C2-01,PHC-DST-C2-02,DST-C2,2024-07-08,35.7,53.6,OPEN,LOW
PHC-DST-C2-01,PHC-DST-C2-02,DST-C2,2024-07-09,35.7,56.1,OPEN,LOW
PHC-DST-C2-01,PHC-DST-C2-02,DST-C2,2024-07-10,35.7,58.6,OPEN,LOW
PHC-DST-C2-01,PHC-DST-C2-02,DST-C2,2024-07-11,35.7,53.2,OPEN,LOW
PHC-DST-C2-01,PHC-DST-C2-02,DST-C2,2024-07-12,35.7,51.3,OPEN,LOW
PHC-DST-C2-01,PHC-DST-C2-02,DST-C2,2024-07-13,35.7,52.5,OPEN,LOW
PHC-DST-C2-01,PHC-DST-C2-02,DST-C2,2024-07-14,35.7,58.9,OPEN,LOW
PHC-DST-C2-01,PHC-DST-C2-02,DST-C2,2024-07-15,35.7,53.7,OPEN,LOW
PHC-DST-C2-01,PHC-DST-C2-02,DST-C2,2024-07-16,35.7,56.3,OPEN,LOW
PHC-DST-C2-01,PHC-DST-C2-02,DST-C2,2024-07-17,35.7,52.6,OPEN,LOW
PHC-DST-C2-01,PHC-DST-C2-02,DST-C2,2024-07-18,35.7,53.2,OPEN,LOW
PHC-DST-C2-01,PHC-DST-C2-02,DST-C2,2024-07-19,35.7,58.4,OPEN,LOW
PHC-DST-C2-01,PHC-DST-C2-02,DST-C2,2024-07-20,35.7,55.4,OPEN,LOW
PHC-DST-C2-01,PHC-DST-C2-02,DST-C2,2024-07-21,35.7,52.5,OPEN,LOW
PHC-DST-C2-01,PHC-DST-C2-02,DST-C2,2024-07-22,35.7,58.8,OPEN,LOW
PHC-DST-C2-01,PHC-DST-C2-02,DST-C2,2024-07-23,35.7,52.7,OPEN,LOW
PHC-DST-C2-01,PHC-DST-C2-02,DST-C2,2024-07-24,35.7,52.4,OPEN,LOW
PHC-DST-C2-01,PHC-DST-C2-02,DST-C2,2024-07-25,35.7,56.3,OPEN,LOW
PHC-DST-C2-01,PHC-DST-C2-02,DST-C2,2024-07-26,35.7,54.9,OPEN,LOW
PHC-DST-C2-01,PHC-DST-C2-02,DST-C2,2024-07-27,35.7,57.5,OPEN,LOW
PHC-DST-C2-01,PHC-DST-C2-02,DST-C2,2024-07-28,35.7,58.2,OPEN,LOW
PHC-DST-C2-01,PHC-DST-C2-02,DST-C2,2024-07-29,35.7,52.0,OPEN,LOW
PHC-DST-C2-01,PHC-DST-C2-02,DST-C2,2024-07-30,35.7,52.3,OPEN,LOW
PHC-DST-C2-01,PHC-DST-C2-02,DST-C2,2024-07-31,35.7,53.4,OPEN,LOW
PHC-DST-C2-01,PHC-DST-C2-02,DST-C2,2024-08-01,35.7,58.8,OPEN,LOW
PHC-DST-C2-01,PHC-DST-C2-02,DST-C2,2024-08-02,35.7,54.4,OPEN,LOW
PHC-DST-C2-01,PHC-DST-C2-02,DST-C2,2024-08-03,35.7,58.1,OPEN,LOW
PHC-DST-C2-01,PHC-DST-C2-02,DST-C2,2024-08-04,35.7,52.8,OPEN,LOW
PHC-DST-C2-01,PHC-DST-C2-02,DST-C2,2024-08-05,35.7,57.5,OPEN,LOW
PHC-DST-C2-01,PHC-DST-C2-02,DST-C2,2024-08-06,35.7,51.6,OPEN,LOW
PHC-DST-C2-01,PHC-DST-C2-02,DST-C2,2024-08-07,35.7,55.4,OPEN,LOW
PHC-DST-C2-01,PHC-DST-C2-02,DST-C2,2024-08-08,35.7,58.0,OPEN,LOW
PHC-DST-C2-01,PHC-DST-C2-02,DST-C2,2024-08-09,35.7,56.5,OPEN,LOW
PHC-DST-C2-01,PHC-DST-C2-02,DST-C2,2024-08-10,35.7,58.3,OPEN,LOW
PHC-DST-C2-01,PHC-DST-C2-02,DST-C2,2024-08-11,35.7,58.5,OPEN,LOW
PHC-DST-C2-01,PHC-DST-C2-02,DST-C2,2024-08-12,35.7,56.7,OPEN,LOW
PHC-DST-C2-01,PHC-DST-C2-02,DST-C2,2024-08-13,35.7,55.2,OPEN,LOW
PHC-DST-C2-01,PHC-DST-C2-02,DST-C2,2024-08-14,35.7,85.7,DEGRADED,MODERATE
PHC-DST-C2-01,PHC-DST-C2-02,DST-C2,2024-08-15,35.7,51.0,OPEN,LOW
PHC-DST-C2-01,PHC-DST-C2-02,DST-C2,2024-08-16,35.7,58.6,OPEN,LOW
PHC-DST-C2-01,PHC-DST-C2-02,DST-C2,2024-08-17,35.7,55.3,OPEN,LOW
PHC-DST-C2-01,PHC-DST-C2-02,DST-C2,2024-08-18,35.7,52.4,OPEN,LOW
PHC-DST-C2-01,PHC-DST-C2-02,DST-C2,2024-08-19,35.7,56.3,OPEN,LOW
PHC-DST-C2-01,PHC-DST-C2-02,DST-C2,2024-08-20,35.7,57.2,OPEN,LOW
PHC-DST-C2-01,PHC-DST-C2-02,DST-C2,2024-08-21,35.7,56.0,OPEN,LOW
PHC-DST-C2-01,PHC-DST-C2-02,DST-C2,2024-08-22,35.7,55.4,OPEN,LOW
PHC-DST-C2-01,PHC-DST-C2-02,DST-C2,2024-08-23,35.7,55.0,OPEN,LOW
PHC-DST-C2-01,PHC-DST-C2-02,DST-C2,2024-08-24,35.7,55.2,OPEN,LOW
PHC-DST-C2-01,PHC-DST-C2-02,DST-C2,2024-08-25,35.7,54.5,OPEN,LOW
PHC-DST-C2-01,PHC-DST-C2-02,DST-C2,2024-08-26,35.7,58.3,OPEN,LOW
PHC-DST-C2-01,PHC-DST-C2-02,DST-C2,2024-08-27,35.7,54.8,OPEN,LOW
PHC-DST-C2-01,PHC-DST-C2-02,DST-C2,2024-08-28,35.7,58.7,OPEN,LOW
PHC-DST-C2-01,PHC-DST-C2-02,DST-C2,2024-08-29,35.7,55.6,OPEN,LOW
PHC-DST-C2-01,PHC-DST-C2-02,DST-C2,2024-08-30,35.7,51.0,OPEN,LOW
PHC-DST-C2-01,PHC-DST-C2-02,DST-C2,2024-08-31,35.7,54.7,OPEN,LOW
PHC-DST-C2-01,PHC-DST-C2-02,DST-C2,2024-09-01,35.7,55.4,OPEN,LOW
PHC-DST-C2-01,PHC-DST-C2-02,DST-C2,2024-09-02,35.7,55.0,OPEN,LOW
PHC-DST-C2-01,PHC-DST-C2-02,DST-C2,2024-09-03,35.7,51.2,OPEN,LOW
PHC-DST-C2-01,PHC-DST-C2-02,DST-C2,2024-09-04,35.7,51.5,OPEN,LOW
PHC-DST-C2-01,PHC-DST-C2-02,DST-C2,2024-09-05,35.7,53.2,OPEN,LOW
PHC-DST-C2-01,PHC-DST-C2-02,DST-C2,2024-09-06,35.7,53.7,OPEN,LOW
PHC-DST-C2-01,PHC-DST-C2-02,DST-C2,2024-09-07,35.7,56.1,OPEN,LOW
PHC-DST-C2-01,PHC-DST-C2-02,DST-C2,2024-09-08,35.7,75.7,DEGRADED,MODERATE
PHC-DST-C2-01,PHC-DST-C2-02,DST-C2,2024-09-09,35.7,58.6,OPEN,LOW
PHC-DST-C2-01,PHC-DST-C2-02,DST-C2,2024-09-10,35.7,53.1,OPEN,LOW
PHC-DST-C2-01,PHC-DST-C2-02,DST-C2,2024-09-11,35.7,53.5,OPEN,LOW
PHC-DST-C2-01,PHC-DST-C2-02,DST-C2,2024-09-12,35.7,58.6,OPEN,LOW
PHC-DST-C2-01,PHC-DST-C2-02,DST-C2,2024-09-13,35.7,55.3,OPEN,LOW
PHC-DST-C2-01,PHC-DST-C2-02,DST-C2,2024-09-14,35.7,56.6,OPEN,LOW
PHC-DST-C2-01,PHC-DST-C2-02,DST-C2,2024-09-15,35.7,57.3,OPEN,LOW
PHC-DST-C2-01,PHC-DST-C2-02,DST-C2,2024-09-16,35.7,56.0,OPEN,LOW
PHC-DST-C2-01,PHC-DST-C2-02,DST-C2,2024-09-17,35.7,55.4,OPEN,LOW
PHC-DST-C2-01,PHC-DST-C2-02,DST-C2,2024-09-18,35.7,56.2,OPEN,LOW
PHC-DST-C2-01,PHC-DST-C2-02,DST-C2,2024-09-19,35.7,57.5,OPEN,LOW
PHC-DST-C2-01,PHC-DST-C2-02,DST-C2,2024-09-20,35.7,51.5,OPEN,LOW
PHC-DST-C2-01,PHC-DST-C2-02,DST-C2,2024-09-21,35.7,57.5,OPEN,LOW
PHC-DST-C2-01,PHC-DST-C2-02,DST-C2,2024-09-22,35.7,52.8,OPEN,LOW
PHC-DST-C2-01,PHC-DST-C2-02,DST-C2,2024-09-23,35.7,55.1,OPEN,LOW
PHC-DST-C2-01,PHC-DST-C2-02,DST-C2,2024-09-24,35.7,57.2,OPEN,LOW
PHC-DST-C2-01,PHC-DST-C2-02,DST-C2,2024-09-25,35.7,51.5,OPEN,LOW
PHC-DST-C2-01,PHC-DST-C2-02,DST-C2,2024-09-26,35.7,52.7,OPEN,LOW
PHC-DST-C2-01,PHC-DST-C2-02,DST-C2,2024-09-27,35.7,55.0,OPEN,LOW
PHC-DST-C2-01,PHC-DST-C2-02,DST-C2,2024-09-28,35.7,57.2,OPEN,LOW
PHC-DST-C2-01,PHC-DST-C2-02,DST-C2,2024-09-29,35.7,55.1,OPEN,LOW
PHC-DST-C2-01,PHC-DST-C2-02,DST-C2,2024-09-30,35.7,56.6,OPEN,LOW
PHC-DST-C2-01,PHC-DST-C2-02,DST-C2,2024-10-01,35.7,52.2,OPEN,LOW
PHC-DST-C2-01,PHC-DST-C2-02,DST-C2,2024-10-02,35.7,52.0,OPEN,LOW
PHC-DST-C2-01,PHC-DST-C2-02,DST-C2,2024-10-03,35.7,57.0,OPEN,LOW
PHC-DST-C2-01,PHC-DST-C2-02,DST-C2,2024-10-04,35.7,57.5,OPEN,LOW
PHC-DST-C2-01,PHC-DST-C2-02,DST-C2,2024-10-05,35.7,57.6,OPEN,LOW
PHC-DST-C2-01,PHC-DST-C2-02,DST-C2,2024-10-06,35.7,54.2,OPEN,LOW
PHC-DST-C2-01,PHC-DST-C2-02,DST-C2,2024-10-07,35.7,56.9,OPEN,LOW
PHC-DST-C2-01,PHC-DST-C2-02,DST-C2,2024-10-08,35.7,56.2,OPEN,LOW
PHC-DST-C2-01,PHC-DST-C2-02,DST-C2,2024-10-09,35.7,53.9,OPEN,LOW
PHC-DST-C2-01,PHC-DST-C2-02,DST-C2,2024-10-10,35.7,55.9,OPEN,LOW
PHC-DST-C2-01,PHC-DST-C2-02,DST-C2,2024-10-11,35.7,57.8,OPEN,LOW
PHC-DST-C2-01,PHC-DST-C2-02,DST-C2,2024-10-12,35.7,55.8,OPEN,LOW
PHC-DST-C2-01,PHC-DST-C2-02,DST-C2,2024-10-13,35.7,53.1,OPEN,LOW
PHC-DST-C2-01,PHC-DST-C2-02,DST-C2,2024-10-14,35.7,58.4,OPEN,LOW
PHC-DST-C2-01,PHC-DST-C2-02,DST-C2,2024-10-15,35.7,57.6,OPEN,LOW
PHC-DST-C2-01,PHC-DST-C2-02,DST-C2,2024-10-16,35.7,58.6,OPEN,LOW
PHC-DST-C2-01,PHC-DST-C2-02,DST-C2,2024-10-17,35.7,52.6,OPEN,LOW
PHC-DST-C2-01,PHC-DST-C2-02,DST-C2,2024-10-18,35.7,52.4,OPEN,LOW
PHC-DST-C2-01,PHC-DST-C2-02,DST-C2,2024-10-19,35.7,56.8,OPEN,LOW
PHC-DST-C2-01,PHC-DST-C2-02,DST-C2,2024-10-20,35.7,55.0,OPEN,LOW
PHC-DST-C2-01,PHC-DST-C2-02,DST-C2,2024-10-21,35.7,51.6,OPEN,LOW
PHC-DST-C2-01,PHC-DST-C2-02,DST-C2,2024-10-22,35.7,58.5,OPEN,LOW
PHC-DST-C2-01,PHC-DST-C2-02,DST-C2,2024-10-23,35.7,51.1,OPEN,LOW
PHC-DST-C2-01,PHC-DST-C2-02,DST-C2,2024-10-24,35.7,55.2,OPEN,LOW
PHC-DST-C2-01,PHC-DST-C2-02,DST-C2,2024-10-25,35.7,58.7,OPEN,LOW
PHC-DST-C2-01,PHC-DST-C2-02,DST-C2,2024-10-26,35.7,58.6,OPEN,LOW
PHC-DST-C2-01,PHC-DST-C2-02,DST-C2,2024-10-27,35.7,55.9,OPEN,LOW
PHC-DST-C2-01,PHC-DST-C2-02,DST-C2,2024-10-28,35.7,51.4,OPEN,LOW
PHC-DST-C2-01,PHC-DST-C2-02,DST-C2,2024-10-29,35.7,58.2,OPEN,LOW
PHC-DST-C2-01,PHC-DST-C2-02,DST-C2,2024-10-30,35.7,53.6,OPEN,LOW
PHC-DST-C2-01,PHC-DST-C2-02,DST-C2,2024-10-31,35.7,58.8,OPEN,LOW
PHC-DST-C2-01,PHC-DST-C2-02,DST-C2,2024-11-01,35.7,55.1,OPEN,LOW
PHC-DST-C2-01,PHC-DST-C2-02,DST-C2,2024-11-02,35.7,58.9,OPEN,LOW
PHC-DST-C2-01,PHC-DST-C2-02,DST-C2,2024-11-03,35.7,54.3,OPEN,LOW
PHC-DST-C2-01,PHC-DST-C2-02,DST-C2,2024-11-04,35.7,57.8,OPEN,LOW
PHC-DST-C2-01,PHC-DST-C2-02,DST-C2,2024-11-05,35.7,55.0,OPEN,LOW
PHC-DST-C2-01,PHC-DST-C2-02,DST-C2,2024-11-06,35.7,58.2,OPEN,LOW
PHC-DST-C2-01,PHC-DST-C2-02,DST-C2,2024-11-07,35.7,54.4,OPEN,LOW
PHC-DST-C2-01,PHC-DST-C2-02,DST-C2,2024-11-08,35.7,51.8,OPEN,LOW
PHC-DST-C2-01,PHC-DST-C2-02,DST-C2,2024-11-09,35.7,53.0,OPEN,LOW
PHC-DST-C2-01,PHC-DST-C2-02,DST-C2,2024-11-10,35.7,54.1,OPEN,LOW
PHC-DST-C2-01,PHC-DST-C2-02,DST-C2,2024-11-11,35.7,55.0,OPEN,LOW
PHC-DST-C2-01,PHC-DST-C2-02,DST-C2,2024-11-12,35.7,53.4,OPEN,LOW
PHC-DST-C2-01,PHC-DST-C2-02,DST-C2,2024-11-13,35.7,52.6,OPEN,LOW
PHC-DST-C2-01,PHC-DST-C2-02,DST-C2,2024-11-14,35.7,56.9,OPEN,LOW
PHC-DST-C2-01,PHC-DST-C2-02,DST-C2,2024-11-15,35.7,55.8,OPEN,LOW
PHC-DST-C2-01,PHC-DST-C2-02,DST-C2,2024-11-16,35.7,57.6,OPEN,LOW
PHC-DST-C2-01,PHC-DST-C2-02,DST-C2,2024-11-17,35.7,53.4,OPEN,LOW
PHC-DST-C2-01,PHC-DST-C2-02,DST-C2,2024-11-18,35.7,51.0,OPEN,LOW
PHC-DST-C2-01,PHC-DST-C2-02,DST-C2,2024-11-19,35.7,52.6,OPEN,LOW
PHC-DST-C2-01,PHC-DST-C2-02,DST-C2,2024-11-20,35.7,56.5,OPEN,LOW
PHC-DST-C2-01,PHC-DST-C2-02,DST-C2,2024-11-21,35.7,55.4,OPEN,LOW
PHC-DST-C2-01,PHC-DST-C2-02,DST-C2,2024-11-22,35.7,54.0,OPEN,LOW
PHC-DST-C2-01,PHC-DST-C2-02,DST-C2,2024-11-23,35.7,52.3,OPEN,LOW
PHC-DST-C2-01,PHC-DST-C2-02,DST-C2,2024-11-24,35.7,55.2,OPEN,LOW
PHC-DST-C2-01,PHC-DST-C2-02,DST-C2,2024-11-25,35.7,51.4,OPEN,LOW
PHC-DST-C2-01,PHC-DST-C2-02,DST-C2,2024-11-26,35.7,57.1,OPEN,LOW
PHC-DST-C2-01,PHC-DST-C2-02,DST-C2,2024-11-27,35.7,55.6,OPEN,LOW
PHC-DST-C2-01,PHC-DST-C2-02,DST-C2,2024-11-28,35.7,55.9,OPEN,LOW
PHC-DST-C2-01,PHC-DST-C2-02,DST-C2,2024-11-29,35.7,54.4,OPEN,LOW
PHC-DST-C2-01,PHC-DST-C2-02,DST-C2,2024-11-30,35.7,53.3,OPEN,LOW
PHC-DST-C2-01,PHC-DST-C2-02,DST-C2,2024-12-01,35.7,57.1,OPEN,LOW
PHC-DST-C2-01,PHC-DST-C2-02,DST-C2,2024-12-02,35.7,56.6,OPEN,LOW
PHC-DST-C2-01,PHC-DST-C2-02,DST-C2,2024-12-03,35.7,56.9,OPEN,LOW
PHC-DST-C2-01,PHC-DST-C2-02,DST-C2,2024-12-04,35.7,58.5,OPEN,LOW
PHC-DST-C2-01,PHC-DST-C2-02,DST-C2,2024-12-05,35.7,56.4,OPEN,LOW
PHC-DST-C2-01,PHC-DST-C2-02,DST-C2,2024-12-06,35.7,53.1,OPEN,LOW
PHC-DST-C2-01,PHC-DST-C2-02,DST-C2,2024-12-07,35.7,57.3,OPEN,LOW
PHC-DST-C2-01,PHC-DST-C2-02,DST-C2,2024-12-08,35.7,58.6,OPEN,LOW
PHC-DST-C2-01,PHC-DST-C2-02,DST-C2,2024-12-09,35.7,51.1,OPEN,LOW
PHC-DST-C2-01,PHC-DST-C2-02,DST-C2,2024-12-10,35.7,56.9,OPEN,LOW
PHC-DST-C2-01,PHC-DST-C2-02,DST-C2,2024-12-11,35.7,53.9,OPEN,LOW
PHC-DST-C2-01,PHC-DST-C2-02,DST-C2,2024-12-12,35.7,52.1,OPEN,LOW
PHC-DST-C2-01,PHC-DST-C2-02,DST-C2,2024-12-13,35.7,53.7,OPEN,LOW
PHC-DST-C2-01,PHC-DST-C2-02,DST-C2,2024-12-14,35.7,55.3,OPEN,LOW
PHC-DST-C2-01,PHC-DST-C2-02,DST-C2,2024-12-15,35.7,52.0,OPEN,LOW
PHC-DST-C2-01,PHC-DST-C2-02,DST-C2,2024-12-16,35.7,52.0,OPEN,LOW
PHC-DST-C2-01,PHC-DST-C2-02,DST-C2,2024-12-17,35.7,56.2,OPEN,LOW
PHC-DST-C2-01,PHC-DST-C2-02,DST-C2,2024-12-18,35.7,54.8,OPEN,LOW
PHC-DST-C2-01,PHC-DST-C2-02,DST-C2,2024-12-19,35.7,55.0,OPEN,LOW
PHC-DST-C2-01,PHC-DST-C2-02,DST-C2,2024-12-20,35.7,54.2,OPEN,LOW
PHC-DST-C2-01,PHC-DST-C2-02,DST-C2,2024-12-21,35.7,51.7,OPEN,LOW
PHC-DST-C2-01,PHC-DST-C2-02,DST-C2,2024-12-22,35.7,52.7,OPEN,LOW
PHC-DST-C2-01,PHC-DST-C2-02,DST-C2,2024-12-23,35.7,58.3,OPEN,LOW
PHC-DST-C2-01,PHC-DST-C2-02,DST-C2,2024-12-24,35.7,58.1,OPEN,LOW
PHC-DST-C2-01,PHC-DST-C2-02,DST-C2,2024-12-25,35.7,56.5,OPEN,LOW
PHC-DST-C2-01,PHC-DST-C2-02,DST-C2,2024-12-26,35.7,54.3,OPEN,LOW
PHC-DST-C2-01,PHC-DST-C2-02,DST-C2,2024-12-27,35.7,56.6,OPEN,LOW
PHC-DST-C2-01,PHC-DST-C2-02,DST-C2,2024-12-28,35.7,55.4,OPEN,LOW
PHC-DST-C2-01,PHC-DST-C2-02,DST-C2,2024-12-29,35.7,55.4,OPEN,LOW
PHC-DST-C2-01,PHC-DST-C2-02,DST-C2,2024-12-30,35.7,55.2,OPEN,LOW
PHC-DST-C2-01,PHC-DST-C2-02,DST-C2,2024-12-31,35.7,52.7,OPEN,LOW
PHC-DST-C2-01,PHC-DST-C2-02,DST-C2,2025-01-01,35.7,55.4,OPEN,LOW
PHC-DST-C2-01,PHC-DST-C2-02,DST-C2,2025-01-02,35.7,52.7,OPEN,LOW
PHC-DST-C2-01,PHC-DST-C2-02,DST-C2,2025-01-03,35.7,56.9,OPEN,LOW
PHC-DST-C2-01,PHC-DST-C2-02,DST-C2,2025-01-04,35.7,56.1,OPEN,LOW
PHC-DST-C2-01,PHC-DST-C2-02,DST-C2,2025-01-05,35.7,55.3,OPEN,LOW
PHC-DST-C2-01,PHC-DST-C2-02,DST-C2,2025-01-06,35.7,56.9,OPEN,LOW
PHC-DST-C2-01,PHC-DST-C2-02,DST-C2,2025-01-07,35.7,55.3,OPEN,LOW
PHC-DST-C2-01,PHC-DST-C2-02,DST-C2,2025-01-08,35.7,52.0,OPEN,LOW
PHC-DST-C2-01,PHC-DST-C2-02,DST-C2,2025-01-09,35.7,57.0,OPEN,LOW
PHC-DST-C2-01,PHC-DST-C2-02,DST-C2,2025-01-10,35.7,56.2,OPEN,LOW
PHC-DST-C2-01,PHC-DST-C2-02,DST-C2,2025-01-11,35.7,57.1,OPEN,LOW
PHC-DST-C2-01,PHC-DST-C2-02,DST-C2,2025-01-12,35.7,57.6,OPEN,LOW
PHC-DST-C2-01,PHC-DST-C2-02,DST-C2,2025-01-13,35.7,52.5,OPEN,LOW
PHC-DST-C2-01,PHC-DST-C2-02,DST-C2,2025-01-14,35.7,58.8,OPEN,LOW
PHC-DST-C2-01,PHC-DST-C2-02,DST-C2,2025-01-15,35.7,56.9,OPEN,LOW
PHC-DST-C2-01,PHC-DST-C2-02,DST-C2,2025-01-16,35.7,54.6,OPEN,LOW
PHC-DST-C2-01,PHC-DST-C2-02,DST-C2,2025-01-17,35.7,53.7,OPEN,LOW
PHC-DST-C2-01,PHC-DST-C2-02,DST-C2,2025-01-18,35.7,57.7,OPEN,LOW
PHC-DST-C2-01,PHC-DST-C2-02,DST-C2,2025-01-19,35.7,54.2,OPEN,LOW
PHC-DST-C2-01,PHC-DST-C2-02,DST-C2,2025-01-20,35.7,54.5,OPEN,LOW
PHC-DST-C2-01,PHC-DST-C2-02,DST-C2,2025-01-21,35.7,51.2,OPEN,LOW
PHC-DST-C2-01,PHC-DST-C2-02,DST-C2,2025-01-22,35.7,52.3,OPEN,LOW
PHC-DST-C2-01,PHC-DST-C2-02,DST-C2,2025-01-23,35.7,57.5,OPEN,LOW
PHC-DST-C2-01,PHC-DST-C2-02,DST-C2,2025-01-24,35.7,54.3,OPEN,LOW
PHC-DST-C2-01,PHC-DST-C2-02,DST-C2,2025-01-25,35.7,52.0,OPEN,LOW
PHC-DST-C2-01,PHC-DST-C2-02,DST-C2,2025-01-26,35.7,55.3,OPEN,LOW
PHC-DST-C2-01,PHC-DST-C2-02,DST-C2,2025-01-27,35.7,55.7,OPEN,LOW
PHC-DST-C2-01,PHC-DST-C2-02,DST-C2,2025-01-28,35.7,55.1,OPEN,LOW
PHC-DST-C2-01,PHC-DST-C2-02,DST-C2,2025-01-29,35.7,51.3,OPEN,LOW
PHC-DST-C2-01,PHC-DST-C2-02,DST-C2,2025-01-30,35.7,57.5,OPEN,LOW
PHC-DST-C2-01,PHC-DST-C2-02,DST-C2,2025-01-31,35.7,53.0,OPEN,LOW
PHC-DST-C2-01,PHC-DST-C2-02,DST-C2,2025-02-01,35.7,55.9,OPEN,LOW
PHC-DST-C2-01,PHC-DST-C2-02,DST-C2,2025-02-02,35.7,58.7,OPEN,LOW
PHC-DST-C2-01,PHC-DST-C2-02,DST-C2,2025-02-03,35.7,55.9,OPEN,LOW
PHC-DST-C2-01,PHC-DST-C2-02,DST-C2,2025-02-04,35.7,57.3,OPEN,LOW
PHC-DST-C2-01,PHC-DST-C2-02,DST-C2,2025-02-05,35.7,57.8,OPEN,LOW
PHC-DST-C2-01,PHC-DST-C2-02,DST-C2,2025-02-06,35.7,51.9,OPEN,LOW
PHC-DST-C2-01,PHC-DST-C2-02,DST-C2,2025-02-07,35.7,57.3,OPEN,LOW
PHC-DST-C2-01,PHC-DST-C2-02,DST-C2,2025-02-08,35.7,58.7,OPEN,LOW
PHC-DST-C2-01,PHC-DST-C2-02,DST-C2,2025-02-09,35.7,56.9,OPEN,LOW
PHC-DST-C2-01,PHC-DST-C2-02,DST-C2,2025-02-10,35.7,55.7,OPEN,LOW
PHC-DST-C2-01,PHC-DST-C2-02,DST-C2,2025-02-11,35.7,57.4,OPEN,LOW
PHC-DST-C2-01,PHC-DST-C2-02,DST-C2,2025-02-12,35.7,54.6,OPEN,LOW
PHC-DST-C2-01,PHC-DST-C2-02,DST-C2,2025-02-13,35.7,52.5,OPEN,LOW
PHC-DST-C2-01,PHC-DST-C2-02,DST-C2,2025-02-14,35.7,51.1,OPEN,LOW
PHC-DST-C2-01,PHC-DST-C2-02,DST-C2,2025-02-15,35.7,57.0,OPEN,LOW
PHC-DST-C2-01,PHC-DST-C2-02,DST-C2,2025-02-16,35.7,57.4,OPEN,LOW
PHC-DST-C2-01,PHC-DST-C2-02,DST-C2,2025-02-17,35.7,55.4,OPEN,LOW
PHC-DST-C2-01,PHC-DST-C2-02,DST-C2,2025-02-18,35.7,58.6,OPEN,LOW
PHC-DST-C2-01,PHC-DST-C2-02,DST-C2,2025-02-19,35.7,54.7,OPEN,LOW
PHC-DST-C2-01,PHC-DST-C2-02,DST-C2,2025-02-20,35.7,51.0,OPEN,LOW
PHC-DST-C2-01,PHC-DST-C2-02,DST-C2,2025-02-21,35.7,57.8,OPEN,LOW
PHC-DST-C2-01,PHC-DST-C2-02,DST-C2,2025-02-22,35.7,54.9,OPEN,LOW
PHC-DST-C2-01,PHC-DST-C2-02,DST-C2,2025-02-23,35.7,55.1,OPEN,LOW
PHC-DST-C2-01,PHC-DST-C2-02,DST-C2,2025-02-24,35.7,56.6,OPEN,LOW
PHC-DST-C2-01,PHC-DST-C2-02,DST-C2,2025-02-25,35.7,58.4,OPEN,LOW
PHC-DST-C2-01,PHC-DST-C2-02,DST-C2,2025-02-26,35.7,57.7,OPEN,LOW
PHC-DST-C2-01,PHC-DST-C2-02,DST-C2,2025-02-27,35.7,51.6,OPEN,LOW
PHC-DST-C2-01,PHC-DST-C2-02,DST-C2,2025-02-28,35.7,57.7,OPEN,LOW
PHC-DST-C2-01,PHC-DST-C2-02,DST-C2,2025-03-01,35.7,51.7,OPEN,LOW
PHC-DST-C2-01,PHC-DST-C2-02,DST-C2,2025-03-02,35.7,56.1,OPEN,LOW
PHC-DST-C2-01,PHC-DST-C2-02,DST-C2,2025-03-03,35.7,54.9,OPEN,LOW
PHC-DST-C2-01,PHC-DST-C2-02,DST-C2,2025-03-04,35.7,58.0,OPEN,LOW
PHC-DST-C2-01,PHC-DST-C2-02,DST-C2,2025-03-05,35.7,53.4,OPEN,LOW
PHC-DST-C2-01,PHC-DST-C2-02,DST-C2,2025-03-06,35.7,54.9,OPEN,LOW
PHC-DST-C2-01,PHC-DST-C2-02,DST-C2,2025-03-07,35.7,55.5,OPEN,LOW
PHC-DST-C2-01,PHC-DST-C2-02,DST-C2,2025-03-08,35.7,53.3,OPEN,LOW
PHC-DST-C2-01,PHC-DST-C2-02,DST-C2,2025-03-09,35.7,56.8,OPEN,LOW
PHC-DST-C2-01,PHC-DST-C2-02,DST-C2,2025-03-10,35.7,52.1,OPEN,LOW
PHC-DST-C2-01,PHC-DST-C2-02,DST-C2,2025-03-11,35.7,53.7,OPEN,LOW
PHC-DST-C2-01,PHC-DST-C2-02,DST-C2,2025-03-12,35.7,52.9,OPEN,LOW
PHC-DST-C2-01,PHC-DST-C2-02,DST-C2,2025-03-13,35.7,54.1,OPEN,LOW
PHC-DST-C2-01,PHC-DST-C2-02,DST-C2,2025-03-14,35.7,57.7,OPEN,LOW
PHC-DST-C2-01,PHC-DST-C2-02,DST-C2,2025-03-15,35.7,55.4,OPEN,LOW
PHC-DST-C2-01,PHC-DST-C2-02,DST-C2,2025-03-16,35.7,56.9,OPEN,LOW
PHC-DST-C2-01,PHC-DST-C2-02,DST-C2,2025-03-17,35.7,53.0,OPEN,LOW
PHC-DST-C2-01,PHC-DST-C2-02,DST-C2,2025-03-18,35.7,55.2,OPEN,LOW
PHC-DST-C2-01,PHC-DST-C2-02,DST-C2,2025-03-19,35.7,54.0,OPEN,LOW
PHC-DST-C2-01,PHC-DST-C2-02,DST-C2,2025-03-20,35.7,51.2,OPEN,LOW
PHC-DST-C2-01,PHC-DST-C2-02,DST-C2,2025-03-21,35.7,55.0,OPEN,LOW
PHC-DST-C2-01,PHC-DST-C2-02,DST-C2,2025-03-22,35.7,55.4,OPEN,LOW
PHC-DST-C2-01,PHC-DST-C2-02,DST-C2,2025-03-23,35.7,55.7,OPEN,LOW
PHC-DST-C2-01,PHC-DST-C2-02,DST-C2,2025-03-24,35.7,53.8,OPEN,LOW
PHC-DST-C2-01,PHC-DST-C2-02,DST-C2,2025-03-25,35.7,54.4,OPEN,LOW
PHC-DST-C2-01,PHC-DST-C2-02,DST-C2,2025-03-26,35.7,56.2,OPEN,LOW
PHC-DST-C2-01,PHC-DST-C2-02,DST-C2,2025-03-27,35.7,53.1,OPEN,LOW
PHC-DST-C2-01,PHC-DST-C2-02,DST-C2,2025-03-28,35.7,55.0,OPEN,LOW
PHC-DST-C2-01,PHC-DST-C2-02,DST-C2,2025-03-29,35.7,51.3,OPEN,LOW
PHC-DST-C2-01,PHC-DST-C2-02,DST-C2,2025-03-30,35.7,55.2,OPEN,LOW
PHC-DST-C2-01,PHC-DST-C2-02,DST-C2,2025-03-31,35.7,56.4,OPEN,LOW
PHC-DST-C2-01,PHC-DST-C2-02,DST-C2,2025-04-01,35.7,56.4,OPEN,LOW
PHC-DST-C2-01,PHC-DST-C2-02,DST-C2,2025-04-02,35.7,57.0,OPEN,LOW
PHC-DST-C2-01,PHC-DST-C2-02,DST-C2,2025-04-03,35.7,54.1,OPEN,LOW
PHC-DST-C2-01,PHC-DST-C2-02,DST-C2,2025-04-04,35.7,56.6,OPEN,LOW
PHC-DST-C2-01,PHC-DST-C2-02,DST-C2,2025-04-05,35.7,53.1,OPEN,LOW
PHC-DST-C2-01,PHC-DST-C2-02,DST-C2,2025-04-06,35.7,54.0,OPEN,LOW
PHC-DST-C2-01,PHC-DST-C2-02,DST-C2,2025-04-07,35.7,56.5,OPEN,LOW
PHC-DST-C2-01,PHC-DST-C2-02,DST-C2,2025-04-08,35.7,57.3,OPEN,LOW
PHC-DST-C2-01,PHC-DST-C2-02,DST-C2,2025-04-09,35.7,58.0,OPEN,LOW
PHC-DST-C2-01,PHC-DST-C2-02,DST-C2,2025-04-10,35.7,58.3,OPEN,LOW
PHC-DST-C2-01,PHC-DST-C2-02,DST-C2,2025-04-11,35.7,54.6,OPEN,LOW
PHC-DST-C2-01,PHC-DST-C2-02,DST-C2,2025-04-12,35.7,58.8,OPEN,LOW
PHC-DST-C2-01,PHC-DST-C2-02,DST-C2,2025-04-13,35.7,54.2,OPEN,LOW
PHC-DST-C2-01,PHC-DST-C2-02,DST-C2,2025-04-14,35.7,54.8,OPEN,LOW
PHC-DST-C2-01,PHC-DST-C2-02,DST-C2,2025-04-15,35.7,53.5,OPEN,LOW
PHC-DST-C2-01,PHC-DST-C2-02,DST-C2,2025-04-16,35.7,55.1,OPEN,LOW
PHC-DST-C2-01,PHC-DST-C2-02,DST-C2,2025-04-17,35.7,53.9,OPEN,LOW
PHC-DST-C2-01,PHC-DST-C2-02,DST-C2,2025-04-18,35.7,53.0,OPEN,LOW
PHC-DST-C2-01,PHC-DST-C2-02,DST-C2,2025-04-19,35.7,56.1,OPEN,LOW
PHC-DST-C2-01,PHC-DST-C2-02,DST-C2,2025-04-20,35.7,57.1,OPEN,LOW
PHC-DST-C2-01,PHC-DST-C2-02,DST-C2,2025-04-21,35.7,58.5,OPEN,LOW
PHC-DST-C2-01,PHC-DST-C2-02,DST-C2,2025-04-22,35.7,51.2,OPEN,LOW
PHC-DST-C2-01,PHC-DST-C2-02,DST-C2,2025-04-23,35.7,53.2,OPEN,LOW
PHC-DST-C2-01,PHC-DST-C2-02,DST-C2,2025-04-24,35.7,53.6,OPEN,LOW
PHC-DST-C2-01,PHC-DST-C2-02,DST-C2,2025-04-25,35.7,53.9,OPEN,LOW
PHC-DST-C2-01,PHC-DST-C2-02,DST-C2,2025-04-26,35.7,51.5,OPEN,LOW
PHC-DST-C2-01,PHC-DST-C2-02,DST-C2,2025-04-27,35.7,52.2,OPEN,LOW
PHC-DST-C2-01,PHC-DST-C2-02,DST-C2,2025-04-28,35.7,54.1,OPEN,LOW
PHC-DST-C2-01,PHC-DST-C2-02,DST-C2,2025-04-29,35.7,56.7,OPEN,LOW
PHC-DST-C2-01,PHC-DST-C2-02,DST-C2,2025-04-30,35.7,56.4,OPEN,LOW
PHC-DST-C2-01,PHC-DST-C2-02,DST-C2,2025-05-01,35.7,56.9,OPEN,LOW
PHC-DST-C2-01,PHC-DST-C2-02,DST-C2,2025-05-02,35.7,55.1,OPEN,LOW
PHC-DST-C2-01,PHC-DST-C2-02,DST-C2,2025-05-03,35.7,54.9,OPEN,LOW
PHC-DST-C2-01,PHC-DST-C2-02,DST-C2,2025-05-04,35.7,58.7,OPEN,LOW
PHC-DST-C2-01,PHC-DST-C2-02,DST-C2,2025-05-05,35.7,57.0,OPEN,LOW
PHC-DST-C2-01,PHC-DST-C2-02,DST-C2,2025-05-06,35.7,52.5,OPEN,LOW
PHC-DST-C2-01,PHC-DST-C2-02,DST-C2,2025-05-07,35.7,54.4,OPEN,LOW
PHC-DST-C2-01,PHC-DST-C2-02,DST-C2,2025-05-08,35.7,51.9,OPEN,LOW
PHC-DST-C2-01,PHC-DST-C2-02,DST-C2,2025-05-09,35.7,57.1,OPEN,LOW
PHC-DST-C2-01,PHC-DST-C2-02,DST-C2,2025-05-10,35.7,53.9,OPEN,LOW
PHC-DST-C2-01,PHC-DST-C2-02,DST-C2,2025-05-11,35.7,57.7,OPEN,LOW
PHC-DST-C2-01,PHC-DST-C2-02,DST-C2,2025-05-12,35.7,55.3,OPEN,LOW
PHC-DST-C2-01,PHC-DST-C2-02,DST-C2,2025-05-13,35.7,52.1,OPEN,LOW
PHC-DST-C2-01,PHC-DST-C2-02,DST-C2,2025-05-14,35.7,52.6,OPEN,LOW
PHC-DST-C2-01,PHC-DST-C2-02,DST-C2,2025-05-15,35.7,51.2,OPEN,LOW
PHC-DST-C2-01,PHC-DST-C2-02,DST-C2,2025-05-16,35.7,57.6,OPEN,LOW
PHC-DST-C2-01,PHC-DST-C2-02,DST-C2,2025-05-17,35.7,55.4,OPEN,LOW
PHC-DST-C2-01,PHC-DST-C2-02,DST-C2,2025-05-18,35.7,55.2,OPEN,LOW
PHC-DST-C2-01,PHC-DST-C2-02,DST-C2,2025-05-19,35.7,58.0,OPEN,LOW
PHC-DST-C2-01,PHC-DST-C2-02,DST-C2,2025-05-20,35.7,52.7,OPEN,LOW
PHC-DST-C2-01,PHC-DST-C2-02,DST-C2,2025-05-21,35.7,57.5,OPEN,LOW
PHC-DST-C2-01,PHC-DST-C2-02,DST-C2,2025-05-22,35.7,53.9,OPEN,LOW
PHC-DST-C2-01,PHC-DST-C2-02,DST-C2,2025-05-23,35.7,53.6,OPEN,LOW
PHC-DST-C2-01,PHC-DST-C2-02,DST-C2,2025-05-24,35.7,53.0,OPEN,LOW
PHC-DST-C2-01,PHC-DST-C2-02,DST-C2,2025-05-25,35.7,56.4,OPEN,LOW
PHC-DST-C2-01,PHC-DST-C2-02,DST-C2,2025-05-26,35.7,56.9,OPEN,LOW
PHC-DST-C2-01,PHC-DST-C2-02,DST-C2,2025-05-27,35.7,54.6,OPEN,LOW
PHC-DST-C2-01,PHC-DST-C2-02,DST-C2,2025-05-28,35.7,52.0,OPEN,LOW
PHC-DST-C2-01,PHC-DST-C2-02,DST-C2,2025-05-29,35.7,52.5,OPEN,LOW
PHC-DST-C2-01,PHC-DST-C2-02,DST-C2,2025-05-30,35.7,54.4,OPEN,LOW
PHC-DST-C2-01,PHC-DST-C2-02,DST-C2,2025-05-31,35.7,51.2,OPEN,LOW
PHC-DST-C2-01,PHC-DST-C2-02,DST-C2,2025-06-01,35.7,53.3,OPEN,LOW
PHC-DST-C2-01,PHC-DST-C2-02,DST-C2,2025-06-02,35.7,53.7,OPEN,LOW
PHC-DST-C2-01,PHC-DST-C2-02,DST-C2,2025-06-03,35.7,58.9,OPEN,LOW
PHC-DST-C2-01,PHC-DST-C2-02,DST-C2,2025-06-04,35.7,56.5,OPEN,LOW
PHC-DST-C2-01,PHC-DST-C2-02,DST-C2,2025-06-05,35.7,54.5,OPEN,LOW
PHC-DST-C2-01,PHC-DST-C2-02,DST-C2,2025-06-06,35.7,58.0,OPEN,LOW
PHC-DST-C2-01,PHC-DST-C2-02,DST-C2,2025-06-07,35.7,57.3,OPEN,LOW
PHC-DST-C2-01,PHC-DST-C2-02,DST-C2,2025-06-08,35.7,55.3,OPEN,LOW
PHC-DST-C2-01,PHC-DST-C2-02,DST-C2,2025-06-09,35.7,51.3,OPEN,LOW
PHC-DST-C2-01,PHC-DST-C2-02,DST-C2,2025-06-10,35.7,52.2,OPEN,LOW
PHC-DST-C2-01,PHC-DST-C2-02,DST-C2,2025-06-11,35.7,56.5,OPEN,LOW
PHC-DST-C2-01,PHC-DST-C2-02,DST-C2,2025-06-12,35.7,53.5,OPEN,LOW
PHC-DST-C2-01,PHC-DST-C2-02,DST-C2,2025-06-13,35.7,55.9,OPEN,LOW
PHC-DST-C2-01,PHC-DST-C2-02,DST-C2,2025-06-14,35.7,56.3,OPEN,LOW
PHC-DST-C2-01,PHC-DST-C2-02,DST-C2,2025-06-15,35.7,53.3,OPEN,LOW
PHC-DST-C2-01,PHC-DST-C2-02,DST-C2,2025-06-16,35.7,54.9,OPEN,LOW
PHC-DST-C2-01,PHC-DST-C2-02,DST-C2,2025-06-17,35.7,51.0,OPEN,LOW
PHC-DST-C2-01,PHC-DST-C2-02,DST-C2,2025-06-18,35.7,55.0,OPEN,LOW
PHC-DST-C2-01,PHC-DST-C2-02,DST-C2,2025-06-19,35.7,58.4,OPEN,LOW
PHC-DST-C2-01,PHC-DST-C2-02,DST-C2,2025-06-20,35.7,56.0,OPEN,LOW
PHC-DST-C2-01,PHC-DST-C2-02,DST-C2,2025-06-21,35.7,55.7,OPEN,LOW
PHC-DST-C2-01,PHC-DST-C2-02,DST-C2,2025-06-22,35.7,51.4,OPEN,LOW
PHC-DST-C2-01,PHC-DST-C2-02,DST-C2,2025-06-23,35.7,53.7,OPEN,LOW
PHC-DST-C2-01,PHC-DST-C2-02,DST-C2,2025-06-24,35.7,51.6,OPEN,LOW
PHC-DST-C2-01,PHC-DST-C2-02,DST-C2,2025-06-25,35.7,58.0,OPEN,LOW
PHC-DST-C2-01,PHC-DST-C2-02,DST-C2,2025-06-26,35.7,51.2,OPEN,LOW
PHC-DST-C2-01,PHC-DST-C2-02,DST-C2,2025-06-27,35.7,52.7,OPEN,LOW
PHC-DST-C2-01,PHC-DST-C2-02,DST-C2,2025-06-28,35.7,55.8,OPEN,LOW
PHC-DST-C2-01,PHC-DST-C2-02,DST-C2,2025-06-29,35.7,58.9,OPEN,LOW
PHC-DST-C2-01,PHC-DST-C2-02,DST-C2,2025-06-30,35.7,55.6,OPEN,LOW
PHC-DST-C2-02,PHC-DST-C2-03,DST-C2,2024-01-01,31.1,50.6,OPEN,LOW
PHC-DST-C2-02,PHC-DST-C2-03,DST-C2,2024-01-02,31.1,49.7,OPEN,LOW
PHC-DST-C2-02,PHC-DST-C2-03,DST-C2,2024-01-03,31.1,45.0,OPEN,LOW
PHC-DST-C2-02,PHC-DST-C2-03,DST-C2,2024-01-04,31.1,48.3,OPEN,LOW
PHC-DST-C2-02,PHC-DST-C2-03,DST-C2,2024-01-05,31.1,45.3,OPEN,LOW
PHC-DST-C2-02,PHC-DST-C2-03,DST-C2,2024-01-06,31.1,48.3,OPEN,LOW
PHC-DST-C2-02,PHC-DST-C2-03,DST-C2,2024-01-07,31.1,48.5,OPEN,LOW
PHC-DST-C2-02,PHC-DST-C2-03,DST-C2,2024-01-08,31.1,47.3,OPEN,LOW
PHC-DST-C2-02,PHC-DST-C2-03,DST-C2,2024-01-09,31.1,45.2,OPEN,LOW
PHC-DST-C2-02,PHC-DST-C2-03,DST-C2,2024-01-10,31.1,47.8,OPEN,LOW
PHC-DST-C2-02,PHC-DST-C2-03,DST-C2,2024-01-11,31.1,48.2,OPEN,LOW
PHC-DST-C2-02,PHC-DST-C2-03,DST-C2,2024-01-12,31.1,51.1,OPEN,LOW
PHC-DST-C2-02,PHC-DST-C2-03,DST-C2,2024-01-13,31.1,47.7,OPEN,LOW
PHC-DST-C2-02,PHC-DST-C2-03,DST-C2,2024-01-14,31.1,50.2,OPEN,LOW
PHC-DST-C2-02,PHC-DST-C2-03,DST-C2,2024-01-15,31.1,47.6,OPEN,LOW
PHC-DST-C2-02,PHC-DST-C2-03,DST-C2,2024-01-16,31.1,48.1,OPEN,LOW
PHC-DST-C2-02,PHC-DST-C2-03,DST-C2,2024-01-17,31.1,49.7,OPEN,LOW
PHC-DST-C2-02,PHC-DST-C2-03,DST-C2,2024-01-18,31.1,45.1,OPEN,LOW
PHC-DST-C2-02,PHC-DST-C2-03,DST-C2,2024-01-19,31.1,46.4,OPEN,LOW
PHC-DST-C2-02,PHC-DST-C2-03,DST-C2,2024-01-20,31.1,48.8,OPEN,LOW
PHC-DST-C2-02,PHC-DST-C2-03,DST-C2,2024-01-21,31.1,48.3,OPEN,LOW
PHC-DST-C2-02,PHC-DST-C2-03,DST-C2,2024-01-22,31.1,46.1,OPEN,LOW
PHC-DST-C2-02,PHC-DST-C2-03,DST-C2,2024-01-23,31.1,45.4,OPEN,LOW
PHC-DST-C2-02,PHC-DST-C2-03,DST-C2,2024-01-24,31.1,47.5,OPEN,LOW
PHC-DST-C2-02,PHC-DST-C2-03,DST-C2,2024-01-25,31.1,44.7,OPEN,LOW
PHC-DST-C2-02,PHC-DST-C2-03,DST-C2,2024-01-26,31.1,50.8,OPEN,LOW
PHC-DST-C2-02,PHC-DST-C2-03,DST-C2,2024-01-27,31.1,47.8,OPEN,LOW
PHC-DST-C2-02,PHC-DST-C2-03,DST-C2,2024-01-28,31.1,49.0,OPEN,LOW
PHC-DST-C2-02,PHC-DST-C2-03,DST-C2,2024-01-29,31.1,47.5,OPEN,LOW
PHC-DST-C2-02,PHC-DST-C2-03,DST-C2,2024-01-30,31.1,46.2,OPEN,LOW
PHC-DST-C2-02,PHC-DST-C2-03,DST-C2,2024-01-31,31.1,48.4,OPEN,LOW
PHC-DST-C2-02,PHC-DST-C2-03,DST-C2,2024-02-01,31.1,47.7,OPEN,LOW
PHC-DST-C2-02,PHC-DST-C2-03,DST-C2,2024-02-02,31.1,51.1,OPEN,LOW
PHC-DST-C2-02,PHC-DST-C2-03,DST-C2,2024-02-03,31.1,45.6,OPEN,LOW
PHC-DST-C2-02,PHC-DST-C2-03,DST-C2,2024-02-04,31.1,44.9,OPEN,LOW
PHC-DST-C2-02,PHC-DST-C2-03,DST-C2,2024-02-05,31.1,46.9,OPEN,LOW
PHC-DST-C2-02,PHC-DST-C2-03,DST-C2,2024-02-06,31.1,44.6,OPEN,LOW
PHC-DST-C2-02,PHC-DST-C2-03,DST-C2,2024-02-07,31.1,47.9,OPEN,LOW
PHC-DST-C2-02,PHC-DST-C2-03,DST-C2,2024-02-08,31.1,45.8,OPEN,LOW
PHC-DST-C2-02,PHC-DST-C2-03,DST-C2,2024-02-09,31.1,46.1,OPEN,LOW
PHC-DST-C2-02,PHC-DST-C2-03,DST-C2,2024-02-10,31.1,48.9,OPEN,LOW
PHC-DST-C2-02,PHC-DST-C2-03,DST-C2,2024-02-11,31.1,50.3,OPEN,LOW
PHC-DST-C2-02,PHC-DST-C2-03,DST-C2,2024-02-12,31.1,47.1,OPEN,LOW
PHC-DST-C2-02,PHC-DST-C2-03,DST-C2,2024-02-13,31.1,48.5,OPEN,LOW
PHC-DST-C2-02,PHC-DST-C2-03,DST-C2,2024-02-14,31.1,49.6,OPEN,LOW
PHC-DST-C2-02,PHC-DST-C2-03,DST-C2,2024-02-15,31.1,48.5,OPEN,LOW
PHC-DST-C2-02,PHC-DST-C2-03,DST-C2,2024-02-16,31.1,45.9,OPEN,LOW
PHC-DST-C2-02,PHC-DST-C2-03,DST-C2,2024-02-17,31.1,49.4,OPEN,LOW
PHC-DST-C2-02,PHC-DST-C2-03,DST-C2,2024-02-18,31.1,46.0,OPEN,LOW
PHC-DST-C2-02,PHC-DST-C2-03,DST-C2,2024-02-19,31.1,51.3,OPEN,LOW
PHC-DST-C2-02,PHC-DST-C2-03,DST-C2,2024-02-20,31.1,46.2,OPEN,LOW
PHC-DST-C2-02,PHC-DST-C2-03,DST-C2,2024-02-21,31.1,51.2,OPEN,LOW
PHC-DST-C2-02,PHC-DST-C2-03,DST-C2,2024-02-22,31.1,50.3,OPEN,LOW
PHC-DST-C2-02,PHC-DST-C2-03,DST-C2,2024-02-23,31.1,50.4,OPEN,LOW
PHC-DST-C2-02,PHC-DST-C2-03,DST-C2,2024-02-24,31.1,49.4,OPEN,LOW
PHC-DST-C2-02,PHC-DST-C2-03,DST-C2,2024-02-25,31.1,47.0,OPEN,LOW
PHC-DST-C2-02,PHC-DST-C2-03,DST-C2,2024-02-26,31.1,49.1,OPEN,LOW
PHC-DST-C2-02,PHC-DST-C2-03,DST-C2,2024-02-27,31.1,46.4,OPEN,LOW
PHC-DST-C2-02,PHC-DST-C2-03,DST-C2,2024-02-28,31.1,47.0,OPEN,LOW
PHC-DST-C2-02,PHC-DST-C2-03,DST-C2,2024-02-29,31.1,49.5,OPEN,LOW
PHC-DST-C2-02,PHC-DST-C2-03,DST-C2,2024-03-01,31.1,45.8,OPEN,LOW
PHC-DST-C2-02,PHC-DST-C2-03,DST-C2,2024-03-02,31.1,45.4,OPEN,LOW
PHC-DST-C2-02,PHC-DST-C2-03,DST-C2,2024-03-03,31.1,45.9,OPEN,LOW
PHC-DST-C2-02,PHC-DST-C2-03,DST-C2,2024-03-04,31.1,45.8,OPEN,LOW
PHC-DST-C2-02,PHC-DST-C2-03,DST-C2,2024-03-05,31.1,47.5,OPEN,LOW
PHC-DST-C2-02,PHC-DST-C2-03,DST-C2,2024-03-06,31.1,47.0,OPEN,LOW
PHC-DST-C2-02,PHC-DST-C2-03,DST-C2,2024-03-07,31.1,48.6,OPEN,LOW
PHC-DST-C2-02,PHC-DST-C2-03,DST-C2,2024-03-08,31.1,44.4,OPEN,LOW
PHC-DST-C2-02,PHC-DST-C2-03,DST-C2,2024-03-09,31.1,49.7,OPEN,LOW
PHC-DST-C2-02,PHC-DST-C2-03,DST-C2,2024-03-10,31.1,50.0,OPEN,LOW
PHC-DST-C2-02,PHC-DST-C2-03,DST-C2,2024-03-11,31.1,47.6,OPEN,LOW
PHC-DST-C2-02,PHC-DST-C2-03,DST-C2,2024-03-12,31.1,50.7,OPEN,LOW
PHC-DST-C2-02,PHC-DST-C2-03,DST-C2,2024-03-13,31.1,48.5,OPEN,LOW
PHC-DST-C2-02,PHC-DST-C2-03,DST-C2,2024-03-14,31.1,47.7,OPEN,LOW
PHC-DST-C2-02,PHC-DST-C2-03,DST-C2,2024-03-15,31.1,47.8,OPEN,LOW
PHC-DST-C2-02,PHC-DST-C2-03,DST-C2,2024-03-16,31.1,50.9,OPEN,LOW
PHC-DST-C2-02,PHC-DST-C2-03,DST-C2,2024-03-17,31.1,46.2,OPEN,LOW
PHC-DST-C2-02,PHC-DST-C2-03,DST-C2,2024-03-18,31.1,44.8,OPEN,LOW
PHC-DST-C2-02,PHC-DST-C2-03,DST-C2,2024-03-19,31.1,45.7,OPEN,LOW
PHC-DST-C2-02,PHC-DST-C2-03,DST-C2,2024-03-20,31.1,48.9,OPEN,LOW
PHC-DST-C2-02,PHC-DST-C2-03,DST-C2,2024-03-21,31.1,48.7,OPEN,LOW
PHC-DST-C2-02,PHC-DST-C2-03,DST-C2,2024-03-22,31.1,45.5,OPEN,LOW
PHC-DST-C2-02,PHC-DST-C2-03,DST-C2,2024-03-23,31.1,49.0,OPEN,LOW
PHC-DST-C2-02,PHC-DST-C2-03,DST-C2,2024-03-24,31.1,50.9,OPEN,LOW
PHC-DST-C2-02,PHC-DST-C2-03,DST-C2,2024-03-25,31.1,48.0,OPEN,LOW
PHC-DST-C2-02,PHC-DST-C2-03,DST-C2,2024-03-26,31.1,44.8,OPEN,LOW
PHC-DST-C2-02,PHC-DST-C2-03,DST-C2,2024-03-27,31.1,48.7,OPEN,LOW
PHC-DST-C2-02,PHC-DST-C2-03,DST-C2,2024-03-28,31.1,50.8,OPEN,LOW
PHC-DST-C2-02,PHC-DST-C2-03,DST-C2,2024-03-29,31.1,46.4,OPEN,LOW
PHC-DST-C2-02,PHC-DST-C2-03,DST-C2,2024-03-30,31.1,49.0,OPEN,LOW
PHC-DST-C2-02,PHC-DST-C2-03,DST-C2,2024-03-31,31.1,46.5,OPEN,LOW
PHC-DST-C2-02,PHC-DST-C2-03,DST-C2,2024-04-01,31.1,49.5,OPEN,LOW
PHC-DST-C2-02,PHC-DST-C2-03,DST-C2,2024-04-02,31.1,49.8,OPEN,LOW
PHC-DST-C2-02,PHC-DST-C2-03,DST-C2,2024-04-03,31.1,49.3,OPEN,LOW
PHC-DST-C2-02,PHC-DST-C2-03,DST-C2,2024-04-04,31.1,44.5,OPEN,LOW
PHC-DST-C2-02,PHC-DST-C2-03,DST-C2,2024-04-05,31.1,50.7,OPEN,LOW
PHC-DST-C2-02,PHC-DST-C2-03,DST-C2,2024-04-06,31.1,45.3,OPEN,LOW
PHC-DST-C2-02,PHC-DST-C2-03,DST-C2,2024-04-07,31.1,47.1,OPEN,LOW
PHC-DST-C2-02,PHC-DST-C2-03,DST-C2,2024-04-08,31.1,47.7,OPEN,LOW
PHC-DST-C2-02,PHC-DST-C2-03,DST-C2,2024-04-09,31.1,51.2,OPEN,LOW
PHC-DST-C2-02,PHC-DST-C2-03,DST-C2,2024-04-10,31.1,48.4,OPEN,LOW
PHC-DST-C2-02,PHC-DST-C2-03,DST-C2,2024-04-11,31.1,48.5,OPEN,LOW
PHC-DST-C2-02,PHC-DST-C2-03,DST-C2,2024-04-12,31.1,49.2,OPEN,LOW
PHC-DST-C2-02,PHC-DST-C2-03,DST-C2,2024-04-13,31.1,49.1,OPEN,LOW
PHC-DST-C2-02,PHC-DST-C2-03,DST-C2,2024-04-14,31.1,50.2,OPEN,LOW
PHC-DST-C2-02,PHC-DST-C2-03,DST-C2,2024-04-15,31.1,44.7,OPEN,LOW
PHC-DST-C2-02,PHC-DST-C2-03,DST-C2,2024-04-16,31.1,48.0,OPEN,LOW
PHC-DST-C2-02,PHC-DST-C2-03,DST-C2,2024-04-17,31.1,44.5,OPEN,LOW
PHC-DST-C2-02,PHC-DST-C2-03,DST-C2,2024-04-18,31.1,46.9,OPEN,LOW
PHC-DST-C2-02,PHC-DST-C2-03,DST-C2,2024-04-19,31.1,49.4,OPEN,LOW
PHC-DST-C2-02,PHC-DST-C2-03,DST-C2,2024-04-20,31.1,50.2,OPEN,LOW
PHC-DST-C2-02,PHC-DST-C2-03,DST-C2,2024-04-21,31.1,46.3,OPEN,LOW
PHC-DST-C2-02,PHC-DST-C2-03,DST-C2,2024-04-22,31.1,51.4,OPEN,LOW
PHC-DST-C2-02,PHC-DST-C2-03,DST-C2,2024-04-23,31.1,51.3,OPEN,LOW
PHC-DST-C2-02,PHC-DST-C2-03,DST-C2,2024-04-24,31.1,44.6,OPEN,LOW
PHC-DST-C2-02,PHC-DST-C2-03,DST-C2,2024-04-25,31.1,49.5,OPEN,LOW
PHC-DST-C2-02,PHC-DST-C2-03,DST-C2,2024-04-26,31.1,49.2,OPEN,LOW
PHC-DST-C2-02,PHC-DST-C2-03,DST-C2,2024-04-27,31.1,46.9,OPEN,LOW
PHC-DST-C2-02,PHC-DST-C2-03,DST-C2,2024-04-28,31.1,47.8,OPEN,LOW
PHC-DST-C2-02,PHC-DST-C2-03,DST-C2,2024-04-29,31.1,49.2,OPEN,LOW
PHC-DST-C2-02,PHC-DST-C2-03,DST-C2,2024-04-30,31.1,47.7,OPEN,LOW
PHC-DST-C2-02,PHC-DST-C2-03,DST-C2,2024-05-01,31.1,49.6,OPEN,LOW
PHC-DST-C2-02,PHC-DST-C2-03,DST-C2,2024-05-02,31.1,50.2,OPEN,LOW
PHC-DST-C2-02,PHC-DST-C2-03,DST-C2,2024-05-03,31.1,45.7,OPEN,LOW
PHC-DST-C2-02,PHC-DST-C2-03,DST-C2,2024-05-04,31.1,51.4,OPEN,LOW
PHC-DST-C2-02,PHC-DST-C2-03,DST-C2,2024-05-05,31.1,50.9,OPEN,LOW
PHC-DST-C2-02,PHC-DST-C2-03,DST-C2,2024-05-06,31.1,46.2,OPEN,LOW
PHC-DST-C2-02,PHC-DST-C2-03,DST-C2,2024-05-07,31.1,45.7,OPEN,LOW
PHC-DST-C2-02,PHC-DST-C2-03,DST-C2,2024-05-08,31.1,46.5,OPEN,LOW
PHC-DST-C2-02,PHC-DST-C2-03,DST-C2,2024-05-09,31.1,46.7,OPEN,LOW
PHC-DST-C2-02,PHC-DST-C2-03,DST-C2,2024-05-10,31.1,47.6,OPEN,LOW
PHC-DST-C2-02,PHC-DST-C2-03,DST-C2,2024-05-11,31.1,48.3,OPEN,LOW
PHC-DST-C2-02,PHC-DST-C2-03,DST-C2,2024-05-12,31.1,50.9,OPEN,LOW
PHC-DST-C2-02,PHC-DST-C2-03,DST-C2,2024-05-13,31.1,51.1,OPEN,LOW
PHC-DST-C2-02,PHC-DST-C2-03,DST-C2,2024-05-14,31.1,50.6,OPEN,LOW
PHC-DST-C2-02,PHC-DST-C2-03,DST-C2,2024-05-15,31.1,46.3,OPEN,LOW
PHC-DST-C2-02,PHC-DST-C2-03,DST-C2,2024-05-16,31.1,45.9,OPEN,LOW
PHC-DST-C2-02,PHC-DST-C2-03,DST-C2,2024-05-17,31.1,47.9,OPEN,LOW
PHC-DST-C2-02,PHC-DST-C2-03,DST-C2,2024-05-18,31.1,50.3,OPEN,LOW
PHC-DST-C2-02,PHC-DST-C2-03,DST-C2,2024-05-19,31.1,50.9,OPEN,LOW
PHC-DST-C2-02,PHC-DST-C2-03,DST-C2,2024-05-20,31.1,48.6,OPEN,LOW
PHC-DST-C2-02,PHC-DST-C2-03,DST-C2,2024-05-21,31.1,46.0,OPEN,LOW
PHC-DST-C2-02,PHC-DST-C2-03,DST-C2,2024-05-22,31.1,46.3,OPEN,LOW
PHC-DST-C2-02,PHC-DST-C2-03,DST-C2,2024-05-23,31.1,51.1,OPEN,LOW
PHC-DST-C2-02,PHC-DST-C2-03,DST-C2,2024-05-24,31.1,46.4,OPEN,LOW
PHC-DST-C2-02,PHC-DST-C2-03,DST-C2,2024-05-25,31.1,50.9,OPEN,LOW
PHC-DST-C2-02,PHC-DST-C2-03,DST-C2,2024-05-26,31.1,47.8,OPEN,LOW
PHC-DST-C2-02,PHC-DST-C2-03,DST-C2,2024-05-27,31.1,46.8,OPEN,LOW
PHC-DST-C2-02,PHC-DST-C2-03,DST-C2,2024-05-28,31.1,47.7,OPEN,LOW
PHC-DST-C2-02,PHC-DST-C2-03,DST-C2,2024-05-29,31.1,46.1,OPEN,LOW
PHC-DST-C2-02,PHC-DST-C2-03,DST-C2,2024-05-30,31.1,50.1,OPEN,LOW
PHC-DST-C2-02,PHC-DST-C2-03,DST-C2,2024-05-31,31.1,50.2,OPEN,LOW
PHC-DST-C2-02,PHC-DST-C2-03,DST-C2,2024-06-01,31.1,45.4,OPEN,LOW
PHC-DST-C2-02,PHC-DST-C2-03,DST-C2,2024-06-02,31.1,44.5,OPEN,LOW
PHC-DST-C2-02,PHC-DST-C2-03,DST-C2,2024-06-03,31.1,49.3,OPEN,LOW
PHC-DST-C2-02,PHC-DST-C2-03,DST-C2,2024-06-04,31.1,49.3,OPEN,LOW
PHC-DST-C2-02,PHC-DST-C2-03,DST-C2,2024-06-05,31.1,50.0,OPEN,LOW
PHC-DST-C2-02,PHC-DST-C2-03,DST-C2,2024-06-06,31.1,44.9,OPEN,LOW
PHC-DST-C2-02,PHC-DST-C2-03,DST-C2,2024-06-07,31.1,49.4,OPEN,LOW
PHC-DST-C2-02,PHC-DST-C2-03,DST-C2,2024-06-08,31.1,47.2,OPEN,LOW
PHC-DST-C2-02,PHC-DST-C2-03,DST-C2,2024-06-09,31.1,44.6,OPEN,LOW
PHC-DST-C2-02,PHC-DST-C2-03,DST-C2,2024-06-10,31.1,49.8,OPEN,LOW
PHC-DST-C2-02,PHC-DST-C2-03,DST-C2,2024-06-11,31.1,46.5,OPEN,LOW
PHC-DST-C2-02,PHC-DST-C2-03,DST-C2,2024-06-12,31.1,48.1,OPEN,LOW
PHC-DST-C2-02,PHC-DST-C2-03,DST-C2,2024-06-13,31.1,44.6,OPEN,LOW
PHC-DST-C2-02,PHC-DST-C2-03,DST-C2,2024-06-14,31.1,47.1,OPEN,LOW
PHC-DST-C2-02,PHC-DST-C2-03,DST-C2,2024-06-15,31.1,46.1,OPEN,LOW
PHC-DST-C2-02,PHC-DST-C2-03,DST-C2,2024-06-16,31.1,49.9,OPEN,LOW
PHC-DST-C2-02,PHC-DST-C2-03,DST-C2,2024-06-17,31.1,45.4,OPEN,LOW
PHC-DST-C2-02,PHC-DST-C2-03,DST-C2,2024-06-18,31.1,44.4,OPEN,LOW
PHC-DST-C2-02,PHC-DST-C2-03,DST-C2,2024-06-19,31.1,45.4,OPEN,LOW
PHC-DST-C2-02,PHC-DST-C2-03,DST-C2,2024-06-20,31.1,48.1,OPEN,LOW
PHC-DST-C2-02,PHC-DST-C2-03,DST-C2,2024-06-21,31.1,50.4,OPEN,LOW
PHC-DST-C2-02,PHC-DST-C2-03,DST-C2,2024-06-22,31.1,44.5,OPEN,LOW
PHC-DST-C2-02,PHC-DST-C2-03,DST-C2,2024-06-23,31.1,49.6,OPEN,LOW
PHC-DST-C2-02,PHC-DST-C2-03,DST-C2,2024-06-24,31.1,48.4,OPEN,LOW
PHC-DST-C2-02,PHC-DST-C2-03,DST-C2,2024-06-25,31.1,44.4,OPEN,LOW
PHC-DST-C2-02,PHC-DST-C2-03,DST-C2,2024-06-26,31.1,47.1,OPEN,LOW
PHC-DST-C2-02,PHC-DST-C2-03,DST-C2,2024-06-27,31.1,51.2,OPEN,LOW
PHC-DST-C2-02,PHC-DST-C2-03,DST-C2,2024-06-28,31.1,50.2,OPEN,LOW
PHC-DST-C2-02,PHC-DST-C2-03,DST-C2,2024-06-29,31.1,50.8,OPEN,LOW
PHC-DST-C2-02,PHC-DST-C2-03,DST-C2,2024-06-30,31.1,49.2,OPEN,LOW
PHC-DST-C2-02,PHC-DST-C2-03,DST-C2,2024-07-01,31.1,44.4,OPEN,LOW
PHC-DST-C2-02,PHC-DST-C2-03,DST-C2,2024-07-02,31.1,44.9,OPEN,LOW
PHC-DST-C2-02,PHC-DST-C2-03,DST-C2,2024-07-03,31.1,50.2,OPEN,LOW
PHC-DST-C2-02,PHC-DST-C2-03,DST-C2,2024-07-04,31.1,48.8,OPEN,LOW
PHC-DST-C2-02,PHC-DST-C2-03,DST-C2,2024-07-05,31.1,48.1,OPEN,LOW
PHC-DST-C2-02,PHC-DST-C2-03,DST-C2,2024-07-06,31.1,45.3,OPEN,LOW
PHC-DST-C2-02,PHC-DST-C2-03,DST-C2,2024-07-07,31.1,49.2,OPEN,LOW
PHC-DST-C2-02,PHC-DST-C2-03,DST-C2,2024-07-08,31.1,49.7,OPEN,LOW
PHC-DST-C2-02,PHC-DST-C2-03,DST-C2,2024-07-09,31.1,48.3,OPEN,LOW
PHC-DST-C2-02,PHC-DST-C2-03,DST-C2,2024-07-10,31.1,44.7,OPEN,LOW
PHC-DST-C2-02,PHC-DST-C2-03,DST-C2,2024-07-11,31.1,49.2,OPEN,LOW
PHC-DST-C2-02,PHC-DST-C2-03,DST-C2,2024-07-12,31.1,49.7,OPEN,LOW
PHC-DST-C2-02,PHC-DST-C2-03,DST-C2,2024-07-13,31.1,44.6,OPEN,LOW
PHC-DST-C2-02,PHC-DST-C2-03,DST-C2,2024-07-14,31.1,44.5,OPEN,LOW
PHC-DST-C2-02,PHC-DST-C2-03,DST-C2,2024-07-15,31.1,49.9,OPEN,LOW
PHC-DST-C2-02,PHC-DST-C2-03,DST-C2,2024-07-16,31.1,46.7,OPEN,LOW
PHC-DST-C2-02,PHC-DST-C2-03,DST-C2,2024-07-17,31.1,49.2,OPEN,LOW
PHC-DST-C2-02,PHC-DST-C2-03,DST-C2,2024-07-18,31.1,49.7,OPEN,LOW
PHC-DST-C2-02,PHC-DST-C2-03,DST-C2,2024-07-19,31.1,49.8,OPEN,LOW
PHC-DST-C2-02,PHC-DST-C2-03,DST-C2,2024-07-20,31.1,48.4,OPEN,LOW
PHC-DST-C2-02,PHC-DST-C2-03,DST-C2,2024-07-21,31.1,50.9,OPEN,LOW
PHC-DST-C2-02,PHC-DST-C2-03,DST-C2,2024-07-22,31.1,48.0,OPEN,LOW
PHC-DST-C2-02,PHC-DST-C2-03,DST-C2,2024-07-23,31.1,45.4,OPEN,LOW
PHC-DST-C2-02,PHC-DST-C2-03,DST-C2,2024-07-24,31.1,50.6,OPEN,LOW
PHC-DST-C2-02,PHC-DST-C2-03,DST-C2,2024-07-25,31.1,45.1,OPEN,LOW
PHC-DST-C2-02,PHC-DST-C2-03,DST-C2,2024-07-26,31.1,44.9,OPEN,LOW
PHC-DST-C2-02,PHC-DST-C2-03,DST-C2,2024-07-27,31.1,49.2,OPEN,LOW
PHC-DST-C2-02,PHC-DST-C2-03,DST-C2,2024-07-28,31.1,50.9,OPEN,LOW
PHC-DST-C2-02,PHC-DST-C2-03,DST-C2,2024-07-29,31.1,46.4,OPEN,LOW
PHC-DST-C2-02,PHC-DST-C2-03,DST-C2,2024-07-30,31.1,47.3,OPEN,LOW
PHC-DST-C2-02,PHC-DST-C2-03,DST-C2,2024-07-31,31.1,47.7,OPEN,LOW
PHC-DST-C2-02,PHC-DST-C2-03,DST-C2,2024-08-01,31.1,46.1,OPEN,LOW
PHC-DST-C2-02,PHC-DST-C2-03,DST-C2,2024-08-02,31.1,49.8,OPEN,LOW
PHC-DST-C2-02,PHC-DST-C2-03,DST-C2,2024-08-03,31.1,50.6,OPEN,LOW
PHC-DST-C2-02,PHC-DST-C2-03,DST-C2,2024-08-04,31.1,45.0,OPEN,LOW
PHC-DST-C2-02,PHC-DST-C2-03,DST-C2,2024-08-05,31.1,49.1,OPEN,LOW
PHC-DST-C2-02,PHC-DST-C2-03,DST-C2,2024-08-06,31.1,46.6,OPEN,LOW
PHC-DST-C2-02,PHC-DST-C2-03,DST-C2,2024-08-07,31.1,48.1,OPEN,LOW
PHC-DST-C2-02,PHC-DST-C2-03,DST-C2,2024-08-08,31.1,44.4,OPEN,LOW
PHC-DST-C2-02,PHC-DST-C2-03,DST-C2,2024-08-09,31.1,50.6,OPEN,LOW
PHC-DST-C2-02,PHC-DST-C2-03,DST-C2,2024-08-10,31.1,47.3,OPEN,LOW
PHC-DST-C2-02,PHC-DST-C2-03,DST-C2,2024-08-11,31.1,45.6,OPEN,LOW
PHC-DST-C2-02,PHC-DST-C2-03,DST-C2,2024-08-12,31.1,44.8,OPEN,LOW
PHC-DST-C2-02,PHC-DST-C2-03,DST-C2,2024-08-13,31.1,44.6,OPEN,LOW
PHC-DST-C2-02,PHC-DST-C2-03,DST-C2,2024-08-14,31.1,75.3,DEGRADED,MODERATE
PHC-DST-C2-02,PHC-DST-C2-03,DST-C2,2024-08-15,31.1,50.9,OPEN,LOW
PHC-DST-C2-02,PHC-DST-C2-03,DST-C2,2024-08-16,31.1,48.9,OPEN,LOW
PHC-DST-C2-02,PHC-DST-C2-03,DST-C2,2024-08-17,31.1,49.8,OPEN,LOW
PHC-DST-C2-02,PHC-DST-C2-03,DST-C2,2024-08-18,31.1,49.2,OPEN,LOW
PHC-DST-C2-02,PHC-DST-C2-03,DST-C2,2024-08-19,31.1,50.4,OPEN,LOW
PHC-DST-C2-02,PHC-DST-C2-03,DST-C2,2024-08-20,31.1,50.9,OPEN,LOW
PHC-DST-C2-02,PHC-DST-C2-03,DST-C2,2024-08-21,31.1,49.8,OPEN,LOW
PHC-DST-C2-02,PHC-DST-C2-03,DST-C2,2024-08-22,31.1,45.4,OPEN,LOW
PHC-DST-C2-02,PHC-DST-C2-03,DST-C2,2024-08-23,31.1,45.5,OPEN,LOW
PHC-DST-C2-02,PHC-DST-C2-03,DST-C2,2024-08-24,31.1,46.3,OPEN,LOW
PHC-DST-C2-02,PHC-DST-C2-03,DST-C2,2024-08-25,31.1,48.4,OPEN,LOW
PHC-DST-C2-02,PHC-DST-C2-03,DST-C2,2024-08-26,31.1,48.8,OPEN,LOW
PHC-DST-C2-02,PHC-DST-C2-03,DST-C2,2024-08-27,31.1,44.8,OPEN,LOW
PHC-DST-C2-02,PHC-DST-C2-03,DST-C2,2024-08-28,31.1,46.3,OPEN,LOW
PHC-DST-C2-02,PHC-DST-C2-03,DST-C2,2024-08-29,31.1,46.2,OPEN,LOW
PHC-DST-C2-02,PHC-DST-C2-03,DST-C2,2024-08-30,31.1,46.2,OPEN,LOW
PHC-DST-C2-02,PHC-DST-C2-03,DST-C2,2024-08-31,31.1,49.8,OPEN,LOW
PHC-DST-C2-02,PHC-DST-C2-03,DST-C2,2024-09-01,31.1,44.9,OPEN,LOW
PHC-DST-C2-02,PHC-DST-C2-03,DST-C2,2024-09-02,31.1,47.8,OPEN,LOW
PHC-DST-C2-02,PHC-DST-C2-03,DST-C2,2024-09-03,31.1,47.0,OPEN,LOW
PHC-DST-C2-02,PHC-DST-C2-03,DST-C2,2024-09-04,31.1,50.4,OPEN,LOW
PHC-DST-C2-02,PHC-DST-C2-03,DST-C2,2024-09-05,31.1,50.5,OPEN,LOW
PHC-DST-C2-02,PHC-DST-C2-03,DST-C2,2024-09-06,31.1,47.1,OPEN,LOW
PHC-DST-C2-02,PHC-DST-C2-03,DST-C2,2024-09-07,31.1,44.6,OPEN,LOW
PHC-DST-C2-02,PHC-DST-C2-03,DST-C2,2024-09-08,31.1,68.4,DEGRADED,MODERATE
PHC-DST-C2-02,PHC-DST-C2-03,DST-C2,2024-09-09,31.1,49.1,OPEN,LOW
PHC-DST-C2-02,PHC-DST-C2-03,DST-C2,2024-09-10,31.1,49.9,OPEN,LOW
PHC-DST-C2-02,PHC-DST-C2-03,DST-C2,2024-09-11,31.1,48.7,OPEN,LOW
PHC-DST-C2-02,PHC-DST-C2-03,DST-C2,2024-09-12,31.1,45.3,OPEN,LOW
PHC-DST-C2-02,PHC-DST-C2-03,DST-C2,2024-09-13,31.1,48.8,OPEN,LOW
PHC-DST-C2-02,PHC-DST-C2-03,DST-C2,2024-09-14,31.1,48.6,OPEN,LOW
PHC-DST-C2-02,PHC-DST-C2-03,DST-C2,2024-09-15,31.1,46.4,OPEN,LOW
PHC-DST-C2-02,PHC-DST-C2-03,DST-C2,2024-09-16,31.1,45.4,OPEN,LOW
PHC-DST-C2-02,PHC-DST-C2-03,DST-C2,2024-09-17,31.1,48.2,OPEN,LOW
PHC-DST-C2-02,PHC-DST-C2-03,DST-C2,2024-09-18,31.1,49.7,OPEN,LOW
PHC-DST-C2-02,PHC-DST-C2-03,DST-C2,2024-09-19,31.1,48.6,OPEN,LOW
PHC-DST-C2-02,PHC-DST-C2-03,DST-C2,2024-09-20,31.1,44.9,OPEN,LOW
PHC-DST-C2-02,PHC-DST-C2-03,DST-C2,2024-09-21,31.1,48.3,OPEN,LOW
PHC-DST-C2-02,PHC-DST-C2-03,DST-C2,2024-09-22,31.1,45.1,OPEN,LOW
PHC-DST-C2-02,PHC-DST-C2-03,DST-C2,2024-09-23,31.1,45.4,OPEN,LOW
PHC-DST-C2-02,PHC-DST-C2-03,DST-C2,2024-09-24,31.1,47.5,OPEN,LOW
PHC-DST-C2-02,PHC-DST-C2-03,DST-C2,2024-09-25,31.1,50.6,OPEN,LOW
PHC-DST-C2-02,PHC-DST-C2-03,DST-C2,2024-09-26,31.1,46.6,OPEN,LOW
PHC-DST-C2-02,PHC-DST-C2-03,DST-C2,2024-09-27,31.1,45.6,OPEN,LOW
PHC-DST-C2-02,PHC-DST-C2-03,DST-C2,2024-09-28,31.1,44.6,OPEN,LOW
PHC-DST-C2-02,PHC-DST-C2-03,DST-C2,2024-09-29,31.1,51.3,OPEN,LOW
PHC-DST-C2-02,PHC-DST-C2-03,DST-C2,2024-09-30,31.1,48.3,OPEN,LOW
PHC-DST-C2-02,PHC-DST-C2-03,DST-C2,2024-10-01,31.1,48.7,OPEN,LOW
PHC-DST-C2-02,PHC-DST-C2-03,DST-C2,2024-10-02,31.1,48.9,OPEN,LOW
PHC-DST-C2-02,PHC-DST-C2-03,DST-C2,2024-10-03,31.1,51.4,OPEN,LOW
PHC-DST-C2-02,PHC-DST-C2-03,DST-C2,2024-10-04,31.1,46.2,OPEN,LOW
PHC-DST-C2-02,PHC-DST-C2-03,DST-C2,2024-10-05,31.1,47.3,OPEN,LOW
PHC-DST-C2-02,PHC-DST-C2-03,DST-C2,2024-10-06,31.1,48.1,OPEN,LOW
PHC-DST-C2-02,PHC-DST-C2-03,DST-C2,2024-10-07,31.1,47.1,OPEN,LOW
PHC-DST-C2-02,PHC-DST-C2-03,DST-C2,2024-10-08,31.1,45.3,OPEN,LOW
PHC-DST-C2-02,PHC-DST-C2-03,DST-C2,2024-10-09,31.1,48.8,OPEN,LOW
PHC-DST-C2-02,PHC-DST-C2-03,DST-C2,2024-10-10,31.1,49.4,OPEN,LOW
PHC-DST-C2-02,PHC-DST-C2-03,DST-C2,2024-10-11,31.1,49.2,OPEN,LOW
PHC-DST-C2-02,PHC-DST-C2-03,DST-C2,2024-10-12,31.1,50.5,OPEN,LOW
PHC-DST-C2-02,PHC-DST-C2-03,DST-C2,2024-10-13,31.1,48.6,OPEN,LOW
PHC-DST-C2-02,PHC-DST-C2-03,DST-C2,2024-10-14,31.1,48.0,OPEN,LOW
PHC-DST-C2-02,PHC-DST-C2-03,DST-C2,2024-10-15,31.1,51.1,OPEN,LOW
PHC-DST-C2-02,PHC-DST-C2-03,DST-C2,2024-10-16,31.1,50.3,OPEN,LOW
PHC-DST-C2-02,PHC-DST-C2-03,DST-C2,2024-10-17,31.1,49.3,OPEN,LOW
PHC-DST-C2-02,PHC-DST-C2-03,DST-C2,2024-10-18,31.1,45.2,OPEN,LOW
PHC-DST-C2-02,PHC-DST-C2-03,DST-C2,2024-10-19,31.1,45.4,OPEN,LOW
PHC-DST-C2-02,PHC-DST-C2-03,DST-C2,2024-10-20,31.1,46.8,OPEN,LOW
PHC-DST-C2-02,PHC-DST-C2-03,DST-C2,2024-10-21,31.1,44.4,OPEN,LOW
PHC-DST-C2-02,PHC-DST-C2-03,DST-C2,2024-10-22,31.1,50.9,OPEN,LOW
PHC-DST-C2-02,PHC-DST-C2-03,DST-C2,2024-10-23,31.1,50.3,OPEN,LOW
PHC-DST-C2-02,PHC-DST-C2-03,DST-C2,2024-10-24,31.1,48.6,OPEN,LOW
PHC-DST-C2-02,PHC-DST-C2-03,DST-C2,2024-10-25,31.1,48.7,OPEN,LOW
PHC-DST-C2-02,PHC-DST-C2-03,DST-C2,2024-10-26,31.1,49.5,OPEN,LOW
PHC-DST-C2-02,PHC-DST-C2-03,DST-C2,2024-10-27,31.1,46.9,OPEN,LOW
PHC-DST-C2-02,PHC-DST-C2-03,DST-C2,2024-10-28,31.1,49.0,OPEN,LOW
PHC-DST-C2-02,PHC-DST-C2-03,DST-C2,2024-10-29,31.1,46.3,OPEN,LOW
PHC-DST-C2-02,PHC-DST-C2-03,DST-C2,2024-10-30,31.1,47.8,OPEN,LOW
PHC-DST-C2-02,PHC-DST-C2-03,DST-C2,2024-10-31,31.1,48.1,OPEN,LOW
PHC-DST-C2-02,PHC-DST-C2-03,DST-C2,2024-11-01,31.1,45.0,OPEN,LOW
PHC-DST-C2-02,PHC-DST-C2-03,DST-C2,2024-11-02,31.1,47.5,OPEN,LOW
PHC-DST-C2-02,PHC-DST-C2-03,DST-C2,2024-11-03,31.1,44.9,OPEN,LOW
PHC-DST-C2-02,PHC-DST-C2-03,DST-C2,2024-11-04,31.1,50.3,OPEN,LOW
PHC-DST-C2-02,PHC-DST-C2-03,DST-C2,2024-11-05,31.1,44.5,OPEN,LOW
PHC-DST-C2-02,PHC-DST-C2-03,DST-C2,2024-11-06,31.1,46.9,OPEN,LOW
PHC-DST-C2-02,PHC-DST-C2-03,DST-C2,2024-11-07,31.1,49.8,OPEN,LOW
PHC-DST-C2-02,PHC-DST-C2-03,DST-C2,2024-11-08,31.1,47.5,OPEN,LOW
PHC-DST-C2-02,PHC-DST-C2-03,DST-C2,2024-11-09,31.1,46.4,OPEN,LOW
PHC-DST-C2-02,PHC-DST-C2-03,DST-C2,2024-11-10,31.1,46.3,OPEN,LOW
PHC-DST-C2-02,PHC-DST-C2-03,DST-C2,2024-11-11,31.1,50.8,OPEN,LOW
PHC-DST-C2-02,PHC-DST-C2-03,DST-C2,2024-11-12,31.1,48.7,OPEN,LOW
PHC-DST-C2-02,PHC-DST-C2-03,DST-C2,2024-11-13,31.1,45.5,OPEN,LOW
PHC-DST-C2-02,PHC-DST-C2-03,DST-C2,2024-11-14,31.1,44.7,OPEN,LOW
PHC-DST-C2-02,PHC-DST-C2-03,DST-C2,2024-11-15,31.1,49.7,OPEN,LOW
PHC-DST-C2-02,PHC-DST-C2-03,DST-C2,2024-11-16,31.1,48.5,OPEN,LOW
PHC-DST-C2-02,PHC-DST-C2-03,DST-C2,2024-11-17,31.1,46.2,OPEN,LOW
PHC-DST-C2-02,PHC-DST-C2-03,DST-C2,2024-11-18,31.1,45.1,OPEN,LOW
PHC-DST-C2-02,PHC-DST-C2-03,DST-C2,2024-11-19,31.1,46.7,OPEN,LOW
PHC-DST-C2-02,PHC-DST-C2-03,DST-C2,2024-11-20,31.1,49.0,OPEN,LOW
PHC-DST-C2-02,PHC-DST-C2-03,DST-C2,2024-11-21,31.1,46.1,OPEN,LOW
PHC-DST-C2-02,PHC-DST-C2-03,DST-C2,2024-11-22,31.1,46.4,OPEN,LOW
PHC-DST-C2-02,PHC-DST-C2-03,DST-C2,2024-11-23,31.1,49.6,OPEN,LOW
PHC-DST-C2-02,PHC-DST-C2-03,DST-C2,2024-11-24,31.1,47.3,OPEN,LOW
PHC-DST-C2-02,PHC-DST-C2-03,DST-C2,2024-11-25,31.1,50.7,OPEN,LOW
PHC-DST-C2-02,PHC-DST-C2-03,DST-C2,2024-11-26,31.1,44.5,OPEN,LOW
PHC-DST-C2-02,PHC-DST-C2-03,DST-C2,2024-11-27,31.1,50.3,OPEN,LOW
PHC-DST-C2-02,PHC-DST-C2-03,DST-C2,2024-11-28,31.1,50.4,OPEN,LOW
PHC-DST-C2-02,PHC-DST-C2-03,DST-C2,2024-11-29,31.1,49.3,OPEN,LOW
PHC-DST-C2-02,PHC-DST-C2-03,DST-C2,2024-11-30,31.1,48.7,OPEN,LOW
PHC-DST-C2-02,PHC-DST-C2-03,DST-C2,2024-12-01,31.1,48.6,OPEN,LOW
PHC-DST-C2-02,PHC-DST-C2-03,DST-C2,2024-12-02,31.1,50.0,OPEN,LOW
PHC-DST-C2-02,PHC-DST-C2-03,DST-C2,2024-12-03,31.1,45.7,OPEN,LOW
PHC-DST-C2-02,PHC-DST-C2-03,DST-C2,2024-12-04,31.1,46.1,OPEN,LOW
PHC-DST-C2-02,PHC-DST-C2-03,DST-C2,2024-12-05,31.1,47.7,OPEN,LOW
PHC-DST-C2-02,PHC-DST-C2-03,DST-C2,2024-12-06,31.1,44.5,OPEN,LOW
PHC-DST-C2-02,PHC-DST-C2-03,DST-C2,2024-12-07,31.1,49.8,OPEN,LOW
PHC-DST-C2-02,PHC-DST-C2-03,DST-C2,2024-12-08,31.1,51.1,OPEN,LOW
PHC-DST-C2-02,PHC-DST-C2-03,DST-C2,2024-12-09,31.1,50.5,OPEN,LOW
PHC-DST-C2-02,PHC-DST-C2-03,DST-C2,2024-12-10,31.1,49.8,OPEN,LOW
PHC-DST-C2-02,PHC-DST-C2-03,DST-C2,2024-12-11,31.1,47.0,OPEN,LOW
PHC-DST-C2-02,PHC-DST-C2-03,DST-C2,2024-12-12,31.1,47.4,OPEN,LOW
PHC-DST-C2-02,PHC-DST-C2-03,DST-C2,2024-12-13,31.1,50.8,OPEN,LOW
PHC-DST-C2-02,PHC-DST-C2-03,DST-C2,2024-12-14,31.1,51.1,OPEN,LOW
PHC-DST-C2-02,PHC-DST-C2-03,DST-C2,2024-12-15,31.1,47.3,OPEN,LOW
PHC-DST-C2-02,PHC-DST-C2-03,DST-C2,2024-12-16,31.1,51.0,OPEN,LOW
PHC-DST-C2-02,PHC-DST-C2-03,DST-C2,2024-12-17,31.1,50.8,OPEN,LOW
PHC-DST-C2-02,PHC-DST-C2-03,DST-C2,2024-12-18,31.1,47.2,OPEN,LOW
PHC-DST-C2-02,PHC-DST-C2-03,DST-C2,2024-12-19,31.1,46.6,OPEN,LOW
PHC-DST-C2-02,PHC-DST-C2-03,DST-C2,2024-12-20,31.1,46.4,OPEN,LOW
PHC-DST-C2-02,PHC-DST-C2-03,DST-C2,2024-12-21,31.1,47.5,OPEN,LOW
PHC-DST-C2-02,PHC-DST-C2-03,DST-C2,2024-12-22,31.1,49.3,OPEN,LOW
PHC-DST-C2-02,PHC-DST-C2-03,DST-C2,2024-12-23,31.1,48.3,OPEN,LOW
PHC-DST-C2-02,PHC-DST-C2-03,DST-C2,2024-12-24,31.1,45.4,OPEN,LOW
PHC-DST-C2-02,PHC-DST-C2-03,DST-C2,2024-12-25,31.1,49.1,OPEN,LOW
PHC-DST-C2-02,PHC-DST-C2-03,DST-C2,2024-12-26,31.1,50.5,OPEN,LOW
PHC-DST-C2-02,PHC-DST-C2-03,DST-C2,2024-12-27,31.1,50.0,OPEN,LOW
PHC-DST-C2-02,PHC-DST-C2-03,DST-C2,2024-12-28,31.1,48.3,OPEN,LOW
PHC-DST-C2-02,PHC-DST-C2-03,DST-C2,2024-12-29,31.1,50.3,OPEN,LOW
PHC-DST-C2-02,PHC-DST-C2-03,DST-C2,2024-12-30,31.1,48.2,OPEN,LOW
PHC-DST-C2-02,PHC-DST-C2-03,DST-C2,2024-12-31,31.1,44.9,OPEN,LOW
PHC-DST-C2-02,PHC-DST-C2-03,DST-C2,2025-01-01,31.1,48.9,OPEN,LOW
PHC-DST-C2-02,PHC-DST-C2-03,DST-C2,2025-01-02,31.1,48.7,OPEN,LOW
PHC-DST-C2-02,PHC-DST-C2-03,DST-C2,2025-01-03,31.1,44.8,OPEN,LOW
PHC-DST-C2-02,PHC-DST-C2-03,DST-C2,2025-01-04,31.1,46.6,OPEN,LOW
PHC-DST-C2-02,PHC-DST-C2-03,DST-C2,2025-01-05,31.1,46.5,OPEN,LOW
PHC-DST-C2-02,PHC-DST-C2-03,DST-C2,2025-01-06,31.1,50.0,OPEN,LOW
PHC-DST-C2-02,PHC-DST-C2-03,DST-C2,2025-01-07,31.1,50.1,OPEN,LOW
PHC-DST-C2-02,PHC-DST-C2-03,DST-C2,2025-01-08,31.1,45.6,OPEN,LOW
PHC-DST-C2-02,PHC-DST-C2-03,DST-C2,2025-01-09,31.1,46.8,OPEN,LOW
PHC-DST-C2-02,PHC-DST-C2-03,DST-C2,2025-01-10,31.1,50.3,OPEN,LOW
PHC-DST-C2-02,PHC-DST-C2-03,DST-C2,2025-01-11,31.1,46.1,OPEN,LOW
PHC-DST-C2-02,PHC-DST-C2-03,DST-C2,2025-01-12,31.1,46.2,OPEN,LOW
PHC-DST-C2-02,PHC-DST-C2-03,DST-C2,2025-01-13,31.1,48.6,OPEN,LOW
PHC-DST-C2-02,PHC-DST-C2-03,DST-C2,2025-01-14,31.1,45.9,OPEN,LOW
PHC-DST-C2-02,PHC-DST-C2-03,DST-C2,2025-01-15,31.1,47.2,OPEN,LOW
PHC-DST-C2-02,PHC-DST-C2-03,DST-C2,2025-01-16,31.1,50.9,OPEN,LOW
PHC-DST-C2-02,PHC-DST-C2-03,DST-C2,2025-01-17,31.1,44.9,OPEN,LOW
PHC-DST-C2-02,PHC-DST-C2-03,DST-C2,2025-01-18,31.1,50.6,OPEN,LOW
PHC-DST-C2-02,PHC-DST-C2-03,DST-C2,2025-01-19,31.1,47.1,OPEN,LOW
PHC-DST-C2-02,PHC-DST-C2-03,DST-C2,2025-01-20,31.1,50.0,OPEN,LOW
PHC-DST-C2-02,PHC-DST-C2-03,DST-C2,2025-01-21,31.1,50.2,OPEN,LOW
PHC-DST-C2-02,PHC-DST-C2-03,DST-C2,2025-01-22,31.1,45.2,OPEN,LOW
PHC-DST-C2-02,PHC-DST-C2-03,DST-C2,2025-01-23,31.1,47.9,OPEN,LOW
PHC-DST-C2-02,PHC-DST-C2-03,DST-C2,2025-01-24,31.1,48.9,OPEN,LOW
PHC-DST-C2-02,PHC-DST-C2-03,DST-C2,2025-01-25,31.1,47.1,OPEN,LOW
PHC-DST-C2-02,PHC-DST-C2-03,DST-C2,2025-01-26,31.1,46.3,OPEN,LOW
PHC-DST-C2-02,PHC-DST-C2-03,DST-C2,2025-01-27,31.1,48.2,OPEN,LOW
PHC-DST-C2-02,PHC-DST-C2-03,DST-C2,2025-01-28,31.1,48.4,OPEN,LOW
PHC-DST-C2-02,PHC-DST-C2-03,DST-C2,2025-01-29,31.1,44.5,OPEN,LOW
PHC-DST-C2-02,PHC-DST-C2-03,DST-C2,2025-01-30,31.1,45.7,OPEN,LOW
PHC-DST-C2-02,PHC-DST-C2-03,DST-C2,2025-01-31,31.1,50.5,OPEN,LOW
PHC-DST-C2-02,PHC-DST-C2-03,DST-C2,2025-02-01,31.1,44.7,OPEN,LOW
PHC-DST-C2-02,PHC-DST-C2-03,DST-C2,2025-02-02,31.1,50.3,OPEN,LOW
PHC-DST-C2-02,PHC-DST-C2-03,DST-C2,2025-02-03,31.1,50.5,OPEN,LOW
PHC-DST-C2-02,PHC-DST-C2-03,DST-C2,2025-02-04,31.1,49.0,OPEN,LOW
PHC-DST-C2-02,PHC-DST-C2-03,DST-C2,2025-02-05,31.1,48.7,OPEN,LOW
PHC-DST-C2-02,PHC-DST-C2-03,DST-C2,2025-02-06,31.1,46.7,OPEN,LOW
PHC-DST-C2-02,PHC-DST-C2-03,DST-C2,2025-02-07,31.1,46.6,OPEN,LOW
PHC-DST-C2-02,PHC-DST-C2-03,DST-C2,2025-02-08,31.1,45.0,OPEN,LOW
PHC-DST-C2-02,PHC-DST-C2-03,DST-C2,2025-02-09,31.1,45.3,OPEN,LOW
PHC-DST-C2-02,PHC-DST-C2-03,DST-C2,2025-02-10,31.1,45.9,OPEN,LOW
PHC-DST-C2-02,PHC-DST-C2-03,DST-C2,2025-02-11,31.1,50.4,OPEN,LOW
PHC-DST-C2-02,PHC-DST-C2-03,DST-C2,2025-02-12,31.1,48.3,OPEN,LOW
PHC-DST-C2-02,PHC-DST-C2-03,DST-C2,2025-02-13,31.1,45.6,OPEN,LOW
PHC-DST-C2-02,PHC-DST-C2-03,DST-C2,2025-02-14,31.1,48.7,OPEN,LOW
PHC-DST-C2-02,PHC-DST-C2-03,DST-C2,2025-02-15,31.1,50.1,OPEN,LOW
PHC-DST-C2-02,PHC-DST-C2-03,DST-C2,2025-02-16,31.1,51.1,OPEN,LOW
PHC-DST-C2-02,PHC-DST-C2-03,DST-C2,2025-02-17,31.1,49.3,OPEN,LOW
PHC-DST-C2-02,PHC-DST-C2-03,DST-C2,2025-02-18,31.1,47.3,OPEN,LOW
PHC-DST-C2-02,PHC-DST-C2-03,DST-C2,2025-02-19,31.1,47.2,OPEN,LOW
PHC-DST-C2-02,PHC-DST-C2-03,DST-C2,2025-02-20,31.1,47.7,OPEN,LOW
PHC-DST-C2-02,PHC-DST-C2-03,DST-C2,2025-02-21,31.1,51.1,OPEN,LOW
PHC-DST-C2-02,PHC-DST-C2-03,DST-C2,2025-02-22,31.1,44.7,OPEN,LOW
PHC-DST-C2-02,PHC-DST-C2-03,DST-C2,2025-02-23,31.1,50.7,OPEN,LOW
PHC-DST-C2-02,PHC-DST-C2-03,DST-C2,2025-02-24,31.1,48.3,OPEN,LOW
PHC-DST-C2-02,PHC-DST-C2-03,DST-C2,2025-02-25,31.1,46.0,OPEN,LOW
PHC-DST-C2-02,PHC-DST-C2-03,DST-C2,2025-02-26,31.1,47.3,OPEN,LOW
PHC-DST-C2-02,PHC-DST-C2-03,DST-C2,2025-02-27,31.1,50.5,OPEN,LOW
PHC-DST-C2-02,PHC-DST-C2-03,DST-C2,2025-02-28,31.1,45.5,OPEN,LOW
PHC-DST-C2-02,PHC-DST-C2-03,DST-C2,2025-03-01,31.1,46.6,OPEN,LOW
PHC-DST-C2-02,PHC-DST-C2-03,DST-C2,2025-03-02,31.1,46.2,OPEN,LOW
PHC-DST-C2-02,PHC-DST-C2-03,DST-C2,2025-03-03,31.1,50.4,OPEN,LOW
PHC-DST-C2-02,PHC-DST-C2-03,DST-C2,2025-03-04,31.1,48.6,OPEN,LOW
PHC-DST-C2-02,PHC-DST-C2-03,DST-C2,2025-03-05,31.1,46.9,OPEN,LOW
PHC-DST-C2-02,PHC-DST-C2-03,DST-C2,2025-03-06,31.1,45.3,OPEN,LOW
PHC-DST-C2-02,PHC-DST-C2-03,DST-C2,2025-03-07,31.1,45.1,OPEN,LOW
PHC-DST-C2-02,PHC-DST-C2-03,DST-C2,2025-03-08,31.1,51.0,OPEN,LOW
PHC-DST-C2-02,PHC-DST-C2-03,DST-C2,2025-03-09,31.1,45.9,OPEN,LOW
PHC-DST-C2-02,PHC-DST-C2-03,DST-C2,2025-03-10,31.1,49.9,OPEN,LOW
PHC-DST-C2-02,PHC-DST-C2-03,DST-C2,2025-03-11,31.1,45.3,OPEN,LOW
PHC-DST-C2-02,PHC-DST-C2-03,DST-C2,2025-03-12,31.1,50.4,OPEN,LOW
PHC-DST-C2-02,PHC-DST-C2-03,DST-C2,2025-03-13,31.1,48.2,OPEN,LOW
PHC-DST-C2-02,PHC-DST-C2-03,DST-C2,2025-03-14,31.1,51.0,OPEN,LOW
PHC-DST-C2-02,PHC-DST-C2-03,DST-C2,2025-03-15,31.1,51.1,OPEN,LOW
PHC-DST-C2-02,PHC-DST-C2-03,DST-C2,2025-03-16,31.1,47.4,OPEN,LOW
PHC-DST-C2-02,PHC-DST-C2-03,DST-C2,2025-03-17,31.1,46.7,OPEN,LOW
PHC-DST-C2-02,PHC-DST-C2-03,DST-C2,2025-03-18,31.1,50.3,OPEN,LOW
PHC-DST-C2-02,PHC-DST-C2-03,DST-C2,2025-03-19,31.1,49.0,OPEN,LOW
PHC-DST-C2-02,PHC-DST-C2-03,DST-C2,2025-03-20,31.1,46.1,OPEN,LOW
PHC-DST-C2-02,PHC-DST-C2-03,DST-C2,2025-03-21,31.1,46.5,OPEN,LOW
PHC-DST-C2-02,PHC-DST-C2-03,DST-C2,2025-03-22,31.1,45.8,OPEN,LOW
PHC-DST-C2-02,PHC-DST-C2-03,DST-C2,2025-03-23,31.1,45.6,OPEN,LOW
PHC-DST-C2-02,PHC-DST-C2-03,DST-C2,2025-03-24,31.1,46.3,OPEN,LOW
PHC-DST-C2-02,PHC-DST-C2-03,DST-C2,2025-03-25,31.1,49.5,OPEN,LOW
PHC-DST-C2-02,PHC-DST-C2-03,DST-C2,2025-03-26,31.1,47.7,OPEN,LOW
PHC-DST-C2-02,PHC-DST-C2-03,DST-C2,2025-03-27,31.1,46.3,OPEN,LOW
PHC-DST-C2-02,PHC-DST-C2-03,DST-C2,2025-03-28,31.1,45.1,OPEN,LOW
PHC-DST-C2-02,PHC-DST-C2-03,DST-C2,2025-03-29,31.1,51.2,OPEN,LOW
PHC-DST-C2-02,PHC-DST-C2-03,DST-C2,2025-03-30,31.1,50.7,OPEN,LOW
PHC-DST-C2-02,PHC-DST-C2-03,DST-C2,2025-03-31,31.1,45.4,OPEN,LOW
PHC-DST-C2-02,PHC-DST-C2-03,DST-C2,2025-04-01,31.1,46.4,OPEN,LOW
PHC-DST-C2-02,PHC-DST-C2-03,DST-C2,2025-04-02,31.1,46.0,OPEN,LOW
PHC-DST-C2-02,PHC-DST-C2-03,DST-C2,2025-04-03,31.1,45.2,OPEN,LOW
PHC-DST-C2-02,PHC-DST-C2-03,DST-C2,2025-04-04,31.1,45.9,OPEN,LOW
PHC-DST-C2-02,PHC-DST-C2-03,DST-C2,2025-04-05,31.1,46.6,OPEN,LOW
PHC-DST-C2-02,PHC-DST-C2-03,DST-C2,2025-04-06,31.1,50.9,OPEN,LOW
PHC-DST-C2-02,PHC-DST-C2-03,DST-C2,2025-04-07,31.1,46.1,OPEN,LOW
PHC-DST-C2-02,PHC-DST-C2-03,DST-C2,2025-04-08,31.1,50.8,OPEN,LOW
PHC-DST-C2-02,PHC-DST-C2-03,DST-C2,2025-04-09,31.1,45.3,OPEN,LOW
PHC-DST-C2-02,PHC-DST-C2-03,DST-C2,2025-04-10,31.1,46.6,OPEN,LOW
PHC-DST-C2-02,PHC-DST-C2-03,DST-C2,2025-04-11,31.1,48.6,OPEN,LOW
PHC-DST-C2-02,PHC-DST-C2-03,DST-C2,2025-04-12,31.1,51.2,OPEN,LOW
PHC-DST-C2-02,PHC-DST-C2-03,DST-C2,2025-04-13,31.1,47.9,OPEN,LOW
PHC-DST-C2-02,PHC-DST-C2-03,DST-C2,2025-04-14,31.1,48.3,OPEN,LOW
PHC-DST-C2-02,PHC-DST-C2-03,DST-C2,2025-04-15,31.1,45.4,OPEN,LOW
PHC-DST-C2-02,PHC-DST-C2-03,DST-C2,2025-04-16,31.1,47.2,OPEN,LOW
PHC-DST-C2-02,PHC-DST-C2-03,DST-C2,2025-04-17,31.1,50.5,OPEN,LOW
PHC-DST-C2-02,PHC-DST-C2-03,DST-C2,2025-04-18,31.1,44.6,OPEN,LOW
PHC-DST-C2-02,PHC-DST-C2-03,DST-C2,2025-04-19,31.1,45.1,OPEN,LOW
PHC-DST-C2-02,PHC-DST-C2-03,DST-C2,2025-04-20,31.1,48.7,OPEN,LOW
PHC-DST-C2-02,PHC-DST-C2-03,DST-C2,2025-04-21,31.1,45.9,OPEN,LOW
PHC-DST-C2-02,PHC-DST-C2-03,DST-C2,2025-04-22,31.1,48.0,OPEN,LOW
PHC-DST-C2-02,PHC-DST-C2-03,DST-C2,2025-04-23,31.1,49.7,OPEN,LOW
PHC-DST-C2-02,PHC-DST-C2-03,DST-C2,2025-04-24,31.1,49.7,OPEN,LOW
PHC-DST-C2-02,PHC-DST-C2-03,DST-C2,2025-04-25,31.1,50.9,OPEN,LOW
PHC-DST-C2-02,PHC-DST-C2-03,DST-C2,2025-04-26,31.1,45.9,OPEN,LOW
PHC-DST-C2-02,PHC-DST-C2-03,DST-C2,2025-04-27,31.1,50.5,OPEN,LOW
PHC-DST-C2-02,PHC-DST-C2-03,DST-C2,2025-04-28,31.1,46.0,OPEN,LOW
PHC-DST-C2-02,PHC-DST-C2-03,DST-C2,2025-04-29,31.1,44.8,OPEN,LOW
PHC-DST-C2-02,PHC-DST-C2-03,DST-C2,2025-04-30,31.1,49.7,OPEN,LOW
PHC-DST-C2-02,PHC-DST-C2-03,DST-C2,2025-05-01,31.1,50.0,OPEN,LOW
PHC-DST-C2-02,PHC-DST-C2-03,DST-C2,2025-05-02,31.1,49.5,OPEN,LOW
PHC-DST-C2-02,PHC-DST-C2-03,DST-C2,2025-05-03,31.1,50.0,OPEN,LOW
PHC-DST-C2-02,PHC-DST-C2-03,DST-C2,2025-05-04,31.1,51.2,OPEN,LOW
PHC-DST-C2-02,PHC-DST-C2-03,DST-C2,2025-05-05,31.1,46.5,OPEN,LOW
PHC-DST-C2-02,PHC-DST-C2-03,DST-C2,2025-05-06,31.1,46.6,OPEN,LOW
PHC-DST-C2-02,PHC-DST-C2-03,DST-C2,2025-05-07,31.1,51.3,OPEN,LOW
PHC-DST-C2-02,PHC-DST-C2-03,DST-C2,2025-05-08,31.1,47.6,OPEN,LOW
PHC-DST-C2-02,PHC-DST-C2-03,DST-C2,2025-05-09,31.1,50.6,OPEN,LOW
PHC-DST-C2-02,PHC-DST-C2-03,DST-C2,2025-05-10,31.1,44.9,OPEN,LOW
PHC-DST-C2-02,PHC-DST-C2-03,DST-C2,2025-05-11,31.1,51.3,OPEN,LOW
PHC-DST-C2-02,PHC-DST-C2-03,DST-C2,2025-05-12,31.1,49.3,OPEN,LOW
PHC-DST-C2-02,PHC-DST-C2-03,DST-C2,2025-05-13,31.1,50.2,OPEN,LOW
PHC-DST-C2-02,PHC-DST-C2-03,DST-C2,2025-05-14,31.1,47.6,OPEN,LOW
PHC-DST-C2-02,PHC-DST-C2-03,DST-C2,2025-05-15,31.1,45.2,OPEN,LOW
PHC-DST-C2-02,PHC-DST-C2-03,DST-C2,2025-05-16,31.1,47.9,OPEN,LOW
PHC-DST-C2-02,PHC-DST-C2-03,DST-C2,2025-05-17,31.1,46.8,OPEN,LOW
PHC-DST-C2-02,PHC-DST-C2-03,DST-C2,2025-05-18,31.1,50.2,OPEN,LOW
PHC-DST-C2-02,PHC-DST-C2-03,DST-C2,2025-05-19,31.1,46.3,OPEN,LOW
PHC-DST-C2-02,PHC-DST-C2-03,DST-C2,2025-05-20,31.1,46.4,OPEN,LOW
PHC-DST-C2-02,PHC-DST-C2-03,DST-C2,2025-05-21,31.1,47.6,OPEN,LOW
PHC-DST-C2-02,PHC-DST-C2-03,DST-C2,2025-05-22,31.1,46.1,OPEN,LOW
PHC-DST-C2-02,PHC-DST-C2-03,DST-C2,2025-05-23,31.1,47.9,OPEN,LOW
PHC-DST-C2-02,PHC-DST-C2-03,DST-C2,2025-05-24,31.1,45.1,OPEN,LOW
PHC-DST-C2-02,PHC-DST-C2-03,DST-C2,2025-05-25,31.1,51.1,OPEN,LOW
PHC-DST-C2-02,PHC-DST-C2-03,DST-C2,2025-05-26,31.1,45.4,OPEN,LOW
PHC-DST-C2-02,PHC-DST-C2-03,DST-C2,2025-05-27,31.1,49.0,OPEN,LOW
PHC-DST-C2-02,PHC-DST-C2-03,DST-C2,2025-05-28,31.1,44.7,OPEN,LOW
PHC-DST-C2-02,PHC-DST-C2-03,DST-C2,2025-05-29,31.1,49.5,OPEN,LOW
PHC-DST-C2-02,PHC-DST-C2-03,DST-C2,2025-05-30,31.1,47.3,OPEN,LOW
PHC-DST-C2-02,PHC-DST-C2-03,DST-C2,2025-05-31,31.1,46.8,OPEN,LOW
PHC-DST-C2-02,PHC-DST-C2-03,DST-C2,2025-06-01,31.1,45.2,OPEN,LOW
PHC-DST-C2-02,PHC-DST-C2-03,DST-C2,2025-06-02,31.1,44.4,OPEN,LOW
PHC-DST-C2-02,PHC-DST-C2-03,DST-C2,2025-06-03,31.1,45.5,OPEN,LOW
PHC-DST-C2-02,PHC-DST-C2-03,DST-C2,2025-06-04,31.1,45.4,OPEN,LOW
PHC-DST-C2-02,PHC-DST-C2-03,DST-C2,2025-06-05,31.1,45.4,OPEN,LOW
PHC-DST-C2-02,PHC-DST-C2-03,DST-C2,2025-06-06,31.1,47.2,OPEN,LOW
PHC-DST-C2-02,PHC-DST-C2-03,DST-C2,2025-06-07,31.1,45.2,OPEN,LOW
PHC-DST-C2-02,PHC-DST-C2-03,DST-C2,2025-06-08,31.1,48.5,OPEN,LOW
PHC-DST-C2-02,PHC-DST-C2-03,DST-C2,2025-06-09,31.1,49.3,OPEN,LOW
PHC-DST-C2-02,PHC-DST-C2-03,DST-C2,2025-06-10,31.1,49.7,OPEN,LOW
PHC-DST-C2-02,PHC-DST-C2-03,DST-C2,2025-06-11,31.1,50.7,OPEN,LOW
PHC-DST-C2-02,PHC-DST-C2-03,DST-C2,2025-06-12,31.1,47.9,OPEN,LOW
PHC-DST-C2-02,PHC-DST-C2-03,DST-C2,2025-06-13,31.1,51.3,OPEN,LOW
PHC-DST-C2-02,PHC-DST-C2-03,DST-C2,2025-06-14,31.1,51.1,OPEN,LOW
PHC-DST-C2-02,PHC-DST-C2-03,DST-C2,2025-06-15,31.1,48.4,OPEN,LOW
PHC-DST-C2-02,PHC-DST-C2-03,DST-C2,2025-06-16,31.1,48.4,OPEN,LOW
PHC-DST-C2-02,PHC-DST-C2-03,DST-C2,2025-06-17,31.1,47.3,OPEN,LOW
PHC-DST-C2-02,PHC-DST-C2-03,DST-C2,2025-06-18,31.1,47.5,OPEN,LOW
PHC-DST-C2-02,PHC-DST-C2-03,DST-C2,2025-06-19,31.1,48.6,OPEN,LOW
PHC-DST-C2-02,PHC-DST-C2-03,DST-C2,2025-06-20,31.1,48.3,OPEN,LOW
PHC-DST-C2-02,PHC-DST-C2-03,DST-C2,2025-06-21,31.1,47.4,OPEN,LOW
PHC-DST-C2-02,PHC-DST-C2-03,DST-C2,2025-06-22,31.1,45.1,OPEN,LOW
PHC-DST-C2-02,PHC-DST-C2-03,DST-C2,2025-06-23,31.1,47.7,OPEN,LOW
PHC-DST-C2-02,PHC-DST-C2-03,DST-C2,2025-06-24,31.1,49.8,OPEN,LOW
PHC-DST-C2-02,PHC-DST-C2-03,DST-C2,2025-06-25,31.1,45.1,OPEN,LOW
PHC-DST-C2-02,PHC-DST-C2-03,DST-C2,2025-06-26,31.1,45.2,OPEN,LOW
PHC-DST-C2-02,PHC-DST-C2-03,DST-C2,2025-06-27,31.1,46.4,OPEN,LOW
PHC-DST-C2-02,PHC-DST-C2-03,DST-C2,2025-06-28,31.1,46.6,OPEN,LOW
PHC-DST-C2-02,PHC-DST-C2-03,DST-C2,2025-06-29,31.1,47.4,OPEN,LOW
PHC-DST-C2-02,PHC-DST-C2-03,DST-C2,2025-06-30,31.1,44.7,OPEN,LOW
PHC-DST-C2-03,PHC-DST-C2-04,DST-C2,2024-01-01,33.3,50.6,OPEN,LOW
PHC-DST-C2-03,PHC-DST-C2-04,DST-C2,2024-01-02,33.3,49.0,OPEN,LOW
PHC-DST-C2-03,PHC-DST-C2-04,DST-C2,2024-01-03,33.3,49.3,OPEN,LOW
PHC-DST-C2-03,PHC-DST-C2-04,DST-C2,2024-01-04,33.3,51.4,OPEN,LOW
PHC-DST-C2-03,PHC-DST-C2-04,DST-C2,2024-01-05,33.3,54.3,OPEN,LOW
PHC-DST-C2-03,PHC-DST-C2-04,DST-C2,2024-01-06,33.3,52.8,OPEN,LOW
PHC-DST-C2-03,PHC-DST-C2-04,DST-C2,2024-01-07,33.3,51.8,OPEN,LOW
PHC-DST-C2-03,PHC-DST-C2-04,DST-C2,2024-01-08,33.3,51.5,OPEN,LOW
PHC-DST-C2-03,PHC-DST-C2-04,DST-C2,2024-01-09,33.3,47.7,OPEN,LOW
PHC-DST-C2-03,PHC-DST-C2-04,DST-C2,2024-01-10,33.3,52.4,OPEN,LOW
PHC-DST-C2-03,PHC-DST-C2-04,DST-C2,2024-01-11,33.3,54.3,OPEN,LOW
PHC-DST-C2-03,PHC-DST-C2-04,DST-C2,2024-01-12,33.3,50.9,OPEN,LOW
PHC-DST-C2-03,PHC-DST-C2-04,DST-C2,2024-01-13,33.3,53.2,OPEN,LOW
PHC-DST-C2-03,PHC-DST-C2-04,DST-C2,2024-01-14,33.3,51.5,OPEN,LOW
PHC-DST-C2-03,PHC-DST-C2-04,DST-C2,2024-01-15,33.3,51.9,OPEN,LOW
PHC-DST-C2-03,PHC-DST-C2-04,DST-C2,2024-01-16,33.3,51.8,OPEN,LOW
PHC-DST-C2-03,PHC-DST-C2-04,DST-C2,2024-01-17,33.3,49.2,OPEN,LOW
PHC-DST-C2-03,PHC-DST-C2-04,DST-C2,2024-01-18,33.3,49.5,OPEN,LOW
PHC-DST-C2-03,PHC-DST-C2-04,DST-C2,2024-01-19,33.3,49.2,OPEN,LOW
PHC-DST-C2-03,PHC-DST-C2-04,DST-C2,2024-01-20,33.3,49.8,OPEN,LOW
PHC-DST-C2-03,PHC-DST-C2-04,DST-C2,2024-01-21,33.3,49.8,OPEN,LOW
PHC-DST-C2-03,PHC-DST-C2-04,DST-C2,2024-01-22,33.3,47.5,OPEN,LOW
PHC-DST-C2-03,PHC-DST-C2-04,DST-C2,2024-01-23,33.3,49.4,OPEN,LOW
PHC-DST-C2-03,PHC-DST-C2-04,DST-C2,2024-01-24,33.3,52.0,OPEN,LOW
PHC-DST-C2-03,PHC-DST-C2-04,DST-C2,2024-01-25,33.3,52.0,OPEN,LOW
PHC-DST-C2-03,PHC-DST-C2-04,DST-C2,2024-01-26,33.3,51.4,OPEN,LOW
PHC-DST-C2-03,PHC-DST-C2-04,DST-C2,2024-01-27,33.3,49.8,OPEN,LOW
PHC-DST-C2-03,PHC-DST-C2-04,DST-C2,2024-01-28,33.3,53.9,OPEN,LOW
PHC-DST-C2-03,PHC-DST-C2-04,DST-C2,2024-01-29,33.3,51.3,OPEN,LOW
PHC-DST-C2-03,PHC-DST-C2-04,DST-C2,2024-01-30,33.3,51.5,OPEN,LOW
PHC-DST-C2-03,PHC-DST-C2-04,DST-C2,2024-01-31,33.3,50.5,OPEN,LOW
PHC-DST-C2-03,PHC-DST-C2-04,DST-C2,2024-02-01,33.3,50.0,OPEN,LOW
PHC-DST-C2-03,PHC-DST-C2-04,DST-C2,2024-02-02,33.3,51.5,OPEN,LOW
PHC-DST-C2-03,PHC-DST-C2-04,DST-C2,2024-02-03,33.3,51.6,OPEN,LOW
PHC-DST-C2-03,PHC-DST-C2-04,DST-C2,2024-02-04,33.3,48.8,OPEN,LOW
PHC-DST-C2-03,PHC-DST-C2-04,DST-C2,2024-02-05,33.3,48.7,OPEN,LOW
PHC-DST-C2-03,PHC-DST-C2-04,DST-C2,2024-02-06,33.3,53.2,OPEN,LOW
PHC-DST-C2-03,PHC-DST-C2-04,DST-C2,2024-02-07,33.3,52.4,OPEN,LOW
PHC-DST-C2-03,PHC-DST-C2-04,DST-C2,2024-02-08,33.3,53.3,OPEN,LOW
PHC-DST-C2-03,PHC-DST-C2-04,DST-C2,2024-02-09,33.3,51.3,OPEN,LOW
PHC-DST-C2-03,PHC-DST-C2-04,DST-C2,2024-02-10,33.3,53.9,OPEN,LOW
PHC-DST-C2-03,PHC-DST-C2-04,DST-C2,2024-02-11,33.3,53.7,OPEN,LOW
PHC-DST-C2-03,PHC-DST-C2-04,DST-C2,2024-02-12,33.3,52.6,OPEN,LOW
PHC-DST-C2-03,PHC-DST-C2-04,DST-C2,2024-02-13,33.3,47.7,OPEN,LOW
PHC-DST-C2-03,PHC-DST-C2-04,DST-C2,2024-02-14,33.3,49.2,OPEN,LOW
PHC-DST-C2-03,PHC-DST-C2-04,DST-C2,2024-02-15,33.3,52.1,OPEN,LOW
PHC-DST-C2-03,PHC-DST-C2-04,DST-C2,2024-02-16,33.3,52.3,OPEN,LOW
PHC-DST-C2-03,PHC-DST-C2-04,DST-C2,2024-02-17,33.3,54.2,OPEN,LOW
PHC-DST-C2-03,PHC-DST-C2-04,DST-C2,2024-02-18,33.3,54.1,OPEN,LOW
PHC-DST-C2-03,PHC-DST-C2-04,DST-C2,2024-02-19,33.3,54.4,OPEN,LOW
PHC-DST-C2-03,PHC-DST-C2-04,DST-C2,2024-02-20,33.3,50.5,OPEN,LOW
PHC-DST-C2-03,PHC-DST-C2-04,DST-C2,2024-02-21,33.3,50.2,OPEN,LOW
PHC-DST-C2-03,PHC-DST-C2-04,DST-C2,2024-02-22,33.3,52.8,OPEN,LOW
PHC-DST-C2-03,PHC-DST-C2-04,DST-C2,2024-02-23,33.3,48.0,OPEN,LOW
PHC-DST-C2-03,PHC-DST-C2-04,DST-C2,2024-02-24,33.3,52.3,OPEN,LOW
PHC-DST-C2-03,PHC-DST-C2-04,DST-C2,2024-02-25,33.3,54.5,OPEN,LOW
PHC-DST-C2-03,PHC-DST-C2-04,DST-C2,2024-02-26,33.3,49.8,OPEN,LOW
PHC-DST-C2-03,PHC-DST-C2-04,DST-C2,2024-02-27,33.3,51.8,OPEN,LOW
PHC-DST-C2-03,PHC-DST-C2-04,DST-C2,2024-02-28,33.3,48.8,OPEN,LOW
PHC-DST-C2-03,PHC-DST-C2-04,DST-C2,2024-02-29,33.3,48.3,OPEN,LOW
PHC-DST-C2-03,PHC-DST-C2-04,DST-C2,2024-03-01,33.3,52.2,OPEN,LOW
PHC-DST-C2-03,PHC-DST-C2-04,DST-C2,2024-03-02,33.3,54.2,OPEN,LOW
PHC-DST-C2-03,PHC-DST-C2-04,DST-C2,2024-03-03,33.3,52.3,OPEN,LOW
PHC-DST-C2-03,PHC-DST-C2-04,DST-C2,2024-03-04,33.3,47.4,OPEN,LOW
PHC-DST-C2-03,PHC-DST-C2-04,DST-C2,2024-03-05,33.3,50.6,OPEN,LOW
PHC-DST-C2-03,PHC-DST-C2-04,DST-C2,2024-03-06,33.3,51.5,OPEN,LOW
PHC-DST-C2-03,PHC-DST-C2-04,DST-C2,2024-03-07,33.3,51.0,OPEN,LOW
PHC-DST-C2-03,PHC-DST-C2-04,DST-C2,2024-03-08,33.3,51.8,OPEN,LOW
PHC-DST-C2-03,PHC-DST-C2-04,DST-C2,2024-03-09,33.3,51.8,OPEN,LOW
PHC-DST-C2-03,PHC-DST-C2-04,DST-C2,2024-03-10,33.3,52.7,OPEN,LOW
PHC-DST-C2-03,PHC-DST-C2-04,DST-C2,2024-03-11,33.3,52.5,OPEN,LOW
PHC-DST-C2-03,PHC-DST-C2-04,DST-C2,2024-03-12,33.3,49.5,OPEN,LOW
PHC-DST-C2-03,PHC-DST-C2-04,DST-C2,2024-03-13,33.3,48.3,OPEN,LOW
PHC-DST-C2-03,PHC-DST-C2-04,DST-C2,2024-03-14,33.3,48.4,OPEN,LOW
PHC-DST-C2-03,PHC-DST-C2-04,DST-C2,2024-03-15,33.3,53.8,OPEN,LOW
PHC-DST-C2-03,PHC-DST-C2-04,DST-C2,2024-03-16,33.3,47.8,OPEN,LOW
PHC-DST-C2-03,PHC-DST-C2-04,DST-C2,2024-03-17,33.3,49.3,OPEN,LOW
PHC-DST-C2-03,PHC-DST-C2-04,DST-C2,2024-03-18,33.3,49.6,OPEN,LOW
PHC-DST-C2-03,PHC-DST-C2-04,DST-C2,2024-03-19,33.3,54.5,OPEN,LOW
PHC-DST-C2-03,PHC-DST-C2-04,DST-C2,2024-03-20,33.3,54.3,OPEN,LOW
PHC-DST-C2-03,PHC-DST-C2-04,DST-C2,2024-03-21,33.3,47.5,OPEN,LOW
PHC-DST-C2-03,PHC-DST-C2-04,DST-C2,2024-03-22,33.3,48.8,OPEN,LOW
PHC-DST-C2-03,PHC-DST-C2-04,DST-C2,2024-03-23,33.3,50.9,OPEN,LOW
PHC-DST-C2-03,PHC-DST-C2-04,DST-C2,2024-03-24,33.3,54.7,OPEN,LOW
PHC-DST-C2-03,PHC-DST-C2-04,DST-C2,2024-03-25,33.3,50.1,OPEN,LOW
PHC-DST-C2-03,PHC-DST-C2-04,DST-C2,2024-03-26,33.3,48.4,OPEN,LOW
PHC-DST-C2-03,PHC-DST-C2-04,DST-C2,2024-03-27,33.3,53.4,OPEN,LOW
PHC-DST-C2-03,PHC-DST-C2-04,DST-C2,2024-03-28,33.3,49.1,OPEN,LOW
PHC-DST-C2-03,PHC-DST-C2-04,DST-C2,2024-03-29,33.3,52.7,OPEN,LOW
PHC-DST-C2-03,PHC-DST-C2-04,DST-C2,2024-03-30,33.3,50.8,OPEN,LOW
PHC-DST-C2-03,PHC-DST-C2-04,DST-C2,2024-03-31,33.3,54.2,OPEN,LOW
PHC-DST-C2-03,PHC-DST-C2-04,DST-C2,2024-04-01,33.3,49.4,OPEN,LOW
PHC-DST-C2-03,PHC-DST-C2-04,DST-C2,2024-04-02,33.3,52.0,OPEN,LOW
PHC-DST-C2-03,PHC-DST-C2-04,DST-C2,2024-04-03,33.3,48.2,OPEN,LOW
PHC-DST-C2-03,PHC-DST-C2-04,DST-C2,2024-04-04,33.3,52.9,OPEN,LOW
PHC-DST-C2-03,PHC-DST-C2-04,DST-C2,2024-04-05,33.3,48.4,OPEN,LOW
PHC-DST-C2-03,PHC-DST-C2-04,DST-C2,2024-04-06,33.3,51.1,OPEN,LOW
PHC-DST-C2-03,PHC-DST-C2-04,DST-C2,2024-04-07,33.3,52.8,OPEN,LOW
PHC-DST-C2-03,PHC-DST-C2-04,DST-C2,2024-04-08,33.3,52.7,OPEN,LOW
PHC-DST-C2-03,PHC-DST-C2-04,DST-C2,2024-04-09,33.3,48.2,OPEN,LOW
PHC-DST-C2-03,PHC-DST-C2-04,DST-C2,2024-04-10,33.3,48.1,OPEN,LOW
PHC-DST-C2-03,PHC-DST-C2-04,DST-C2,2024-04-11,33.3,53.9,OPEN,LOW
PHC-DST-C2-03,PHC-DST-C2-04,DST-C2,2024-04-12,33.3,51.7,OPEN,LOW
PHC-DST-C2-03,PHC-DST-C2-04,DST-C2,2024-04-13,33.3,48.5,OPEN,LOW
PHC-DST-C2-03,PHC-DST-C2-04,DST-C2,2024-04-14,33.3,48.0,OPEN,LOW
PHC-DST-C2-03,PHC-DST-C2-04,DST-C2,2024-04-15,33.3,53.9,OPEN,LOW
PHC-DST-C2-03,PHC-DST-C2-04,DST-C2,2024-04-16,33.3,48.2,OPEN,LOW
PHC-DST-C2-03,PHC-DST-C2-04,DST-C2,2024-04-17,33.3,48.4,OPEN,LOW
PHC-DST-C2-03,PHC-DST-C2-04,DST-C2,2024-04-18,33.3,50.7,OPEN,LOW
PHC-DST-C2-03,PHC-DST-C2-04,DST-C2,2024-04-19,33.3,52.9,OPEN,LOW
PHC-DST-C2-03,PHC-DST-C2-04,DST-C2,2024-04-20,33.3,50.0,OPEN,LOW
PHC-DST-C2-03,PHC-DST-C2-04,DST-C2,2024-04-21,33.3,54.3,OPEN,LOW
PHC-DST-C2-03,PHC-DST-C2-04,DST-C2,2024-04-22,33.3,51.7,OPEN,LOW
PHC-DST-C2-03,PHC-DST-C2-04,DST-C2,2024-04-23,33.3,53.3,OPEN,LOW
PHC-DST-C2-03,PHC-DST-C2-04,DST-C2,2024-04-24,33.3,50.0,OPEN,LOW
PHC-DST-C2-03,PHC-DST-C2-04,DST-C2,2024-04-25,33.3,48.7,OPEN,LOW
PHC-DST-C2-03,PHC-DST-C2-04,DST-C2,2024-04-26,33.3,54.4,OPEN,LOW
PHC-DST-C2-03,PHC-DST-C2-04,DST-C2,2024-04-27,33.3,51.2,OPEN,LOW
PHC-DST-C2-03,PHC-DST-C2-04,DST-C2,2024-04-28,33.3,50.8,OPEN,LOW
PHC-DST-C2-03,PHC-DST-C2-04,DST-C2,2024-04-29,33.3,48.1,OPEN,LOW
PHC-DST-C2-03,PHC-DST-C2-04,DST-C2,2024-04-30,33.3,54.0,OPEN,LOW
PHC-DST-C2-03,PHC-DST-C2-04,DST-C2,2024-05-01,33.3,47.8,OPEN,LOW
PHC-DST-C2-03,PHC-DST-C2-04,DST-C2,2024-05-02,33.3,48.7,OPEN,LOW
PHC-DST-C2-03,PHC-DST-C2-04,DST-C2,2024-05-03,33.3,53.8,OPEN,LOW
PHC-DST-C2-03,PHC-DST-C2-04,DST-C2,2024-05-04,33.3,53.6,OPEN,LOW
PHC-DST-C2-03,PHC-DST-C2-04,DST-C2,2024-05-05,33.3,53.1,OPEN,LOW
PHC-DST-C2-03,PHC-DST-C2-04,DST-C2,2024-05-06,33.3,52.3,OPEN,LOW
PHC-DST-C2-03,PHC-DST-C2-04,DST-C2,2024-05-07,33.3,53.2,OPEN,LOW
PHC-DST-C2-03,PHC-DST-C2-04,DST-C2,2024-05-08,33.3,48.1,OPEN,LOW
PHC-DST-C2-03,PHC-DST-C2-04,DST-C2,2024-05-09,33.3,51.2,OPEN,LOW
PHC-DST-C2-03,PHC-DST-C2-04,DST-C2,2024-05-10,33.3,48.4,OPEN,LOW
PHC-DST-C2-03,PHC-DST-C2-04,DST-C2,2024-05-11,33.3,54.6,OPEN,LOW
PHC-DST-C2-03,PHC-DST-C2-04,DST-C2,2024-05-12,33.3,51.0,OPEN,LOW
PHC-DST-C2-03,PHC-DST-C2-04,DST-C2,2024-05-13,33.3,50.9,OPEN,LOW
PHC-DST-C2-03,PHC-DST-C2-04,DST-C2,2024-05-14,33.3,50.5,OPEN,LOW
PHC-DST-C2-03,PHC-DST-C2-04,DST-C2,2024-05-15,33.3,48.2,OPEN,LOW
PHC-DST-C2-03,PHC-DST-C2-04,DST-C2,2024-05-16,33.3,54.0,OPEN,LOW
PHC-DST-C2-03,PHC-DST-C2-04,DST-C2,2024-05-17,33.3,53.1,OPEN,LOW
PHC-DST-C2-03,PHC-DST-C2-04,DST-C2,2024-05-18,33.3,53.4,OPEN,LOW
PHC-DST-C2-03,PHC-DST-C2-04,DST-C2,2024-05-19,33.3,47.7,OPEN,LOW
PHC-DST-C2-03,PHC-DST-C2-04,DST-C2,2024-05-20,33.3,47.8,OPEN,LOW
PHC-DST-C2-03,PHC-DST-C2-04,DST-C2,2024-05-21,33.3,50.8,OPEN,LOW
PHC-DST-C2-03,PHC-DST-C2-04,DST-C2,2024-05-22,33.3,51.0,OPEN,LOW
PHC-DST-C2-03,PHC-DST-C2-04,DST-C2,2024-05-23,33.3,48.8,OPEN,LOW
PHC-DST-C2-03,PHC-DST-C2-04,DST-C2,2024-05-24,33.3,47.8,OPEN,LOW
PHC-DST-C2-03,PHC-DST-C2-04,DST-C2,2024-05-25,33.3,53.8,OPEN,LOW
PHC-DST-C2-03,PHC-DST-C2-04,DST-C2,2024-05-26,33.3,53.7,OPEN,LOW
PHC-DST-C2-03,PHC-DST-C2-04,DST-C2,2024-05-27,33.3,51.3,OPEN,LOW
PHC-DST-C2-03,PHC-DST-C2-04,DST-C2,2024-05-28,33.3,50.5,OPEN,LOW
PHC-DST-C2-03,PHC-DST-C2-04,DST-C2,2024-05-29,33.3,50.3,OPEN,LOW
PHC-DST-C2-03,PHC-DST-C2-04,DST-C2,2024-05-30,33.3,54.4,OPEN,LOW
PHC-DST-C2-03,PHC-DST-C2-04,DST-C2,2024-05-31,33.3,52.7,OPEN,LOW
PHC-DST-C2-03,PHC-DST-C2-04,DST-C2,2024-06-01,33.3,48.1,OPEN,LOW
PHC-DST-C2-03,PHC-DST-C2-04,DST-C2,2024-06-02,33.3,51.3,OPEN,LOW
PHC-DST-C2-03,PHC-DST-C2-04,DST-C2,2024-06-03,33.3,51.8,OPEN,LOW
PHC-DST-C2-03,PHC-DST-C2-04,DST-C2,2024-06-04,33.3,51.8,OPEN,LOW
PHC-DST-C2-03,PHC-DST-C2-04,DST-C2,2024-06-05,33.3,50.5,OPEN,LOW
PHC-DST-C2-03,PHC-DST-C2-04,DST-C2,2024-06-06,33.3,49.1,OPEN,LOW
PHC-DST-C2-03,PHC-DST-C2-04,DST-C2,2024-06-07,33.3,53.6,OPEN,LOW
PHC-DST-C2-03,PHC-DST-C2-04,DST-C2,2024-06-08,33.3,52.2,OPEN,LOW
PHC-DST-C2-03,PHC-DST-C2-04,DST-C2,2024-06-09,33.3,48.0,OPEN,LOW
PHC-DST-C2-03,PHC-DST-C2-04,DST-C2,2024-06-10,33.3,52.5,OPEN,LOW
PHC-DST-C2-03,PHC-DST-C2-04,DST-C2,2024-06-11,33.3,50.3,OPEN,LOW
PHC-DST-C2-03,PHC-DST-C2-04,DST-C2,2024-06-12,33.3,50.2,OPEN,LOW
PHC-DST-C2-03,PHC-DST-C2-04,DST-C2,2024-06-13,33.3,52.5,OPEN,LOW
PHC-DST-C2-03,PHC-DST-C2-04,DST-C2,2024-06-14,33.3,51.2,OPEN,LOW
PHC-DST-C2-03,PHC-DST-C2-04,DST-C2,2024-06-15,33.3,51.3,OPEN,LOW
PHC-DST-C2-03,PHC-DST-C2-04,DST-C2,2024-06-16,33.3,54.6,OPEN,LOW
PHC-DST-C2-03,PHC-DST-C2-04,DST-C2,2024-06-17,33.3,48.4,OPEN,LOW
PHC-DST-C2-03,PHC-DST-C2-04,DST-C2,2024-06-18,33.3,52.6,OPEN,LOW
PHC-DST-C2-03,PHC-DST-C2-04,DST-C2,2024-06-19,33.3,52.7,OPEN,LOW
PHC-DST-C2-03,PHC-DST-C2-04,DST-C2,2024-06-20,33.3,53.0,OPEN,LOW
PHC-DST-C2-03,PHC-DST-C2-04,DST-C2,2024-06-21,33.3,49.1,OPEN,LOW
PHC-DST-C2-03,PHC-DST-C2-04,DST-C2,2024-06-22,33.3,52.6,OPEN,LOW
PHC-DST-C2-03,PHC-DST-C2-04,DST-C2,2024-06-23,33.3,53.5,OPEN,LOW
PHC-DST-C2-03,PHC-DST-C2-04,DST-C2,2024-06-24,33.3,47.5,OPEN,LOW
PHC-DST-C2-03,PHC-DST-C2-04,DST-C2,2024-06-25,33.3,53.6,OPEN,LOW
PHC-DST-C2-03,PHC-DST-C2-04,DST-C2,2024-06-26,33.3,52.2,OPEN,LOW
PHC-DST-C2-03,PHC-DST-C2-04,DST-C2,2024-06-27,33.3,47.4,OPEN,LOW
PHC-DST-C2-03,PHC-DST-C2-04,DST-C2,2024-06-28,33.3,48.0,OPEN,LOW
PHC-DST-C2-03,PHC-DST-C2-04,DST-C2,2024-06-29,33.3,49.5,OPEN,LOW
PHC-DST-C2-03,PHC-DST-C2-04,DST-C2,2024-06-30,33.3,49.1,OPEN,LOW
PHC-DST-C2-03,PHC-DST-C2-04,DST-C2,2024-07-01,33.3,53.6,OPEN,LOW
PHC-DST-C2-03,PHC-DST-C2-04,DST-C2,2024-07-02,33.3,52.6,OPEN,LOW
PHC-DST-C2-03,PHC-DST-C2-04,DST-C2,2024-07-03,33.3,54.2,OPEN,LOW
PHC-DST-C2-03,PHC-DST-C2-04,DST-C2,2024-07-04,33.3,49.3,OPEN,LOW
PHC-DST-C2-03,PHC-DST-C2-04,DST-C2,2024-07-05,33.3,49.9,OPEN,LOW
PHC-DST-C2-03,PHC-DST-C2-04,DST-C2,2024-07-06,33.3,50.4,OPEN,LOW
PHC-DST-C2-03,PHC-DST-C2-04,DST-C2,2024-07-07,33.3,50.1,OPEN,LOW
PHC-DST-C2-03,PHC-DST-C2-04,DST-C2,2024-07-08,33.3,52.4,OPEN,LOW
PHC-DST-C2-03,PHC-DST-C2-04,DST-C2,2024-07-09,33.3,49.3,OPEN,LOW
PHC-DST-C2-03,PHC-DST-C2-04,DST-C2,2024-07-10,33.3,49.2,OPEN,LOW
PHC-DST-C2-03,PHC-DST-C2-04,DST-C2,2024-07-11,33.3,54.3,OPEN,LOW
PHC-DST-C2-03,PHC-DST-C2-04,DST-C2,2024-07-12,33.3,51.5,OPEN,LOW
PHC-DST-C2-03,PHC-DST-C2-04,DST-C2,2024-07-13,33.3,53.4,OPEN,LOW
PHC-DST-C2-03,PHC-DST-C2-04,DST-C2,2024-07-14,33.3,49.5,OPEN,LOW
PHC-DST-C2-03,PHC-DST-C2-04,DST-C2,2024-07-15,33.3,52.9,OPEN,LOW
PHC-DST-C2-03,PHC-DST-C2-04,DST-C2,2024-07-16,33.3,52.6,OPEN,LOW
PHC-DST-C2-03,PHC-DST-C2-04,DST-C2,2024-07-17,33.3,52.9,OPEN,LOW
PHC-DST-C2-03,PHC-DST-C2-04,DST-C2,2024-07-18,33.3,48.5,OPEN,LOW
PHC-DST-C2-03,PHC-DST-C2-04,DST-C2,2024-07-19,33.3,48.2,OPEN,LOW
PHC-DST-C2-03,PHC-DST-C2-04,DST-C2,2024-07-20,33.3,52.6,OPEN,LOW
PHC-DST-C2-03,PHC-DST-C2-04,DST-C2,2024-07-21,33.3,51.2,OPEN,LOW
PHC-DST-C2-03,PHC-DST-C2-04,DST-C2,2024-07-22,33.3,49.5,OPEN,LOW
PHC-DST-C2-03,PHC-DST-C2-04,DST-C2,2024-07-23,33.3,49.7,OPEN,LOW
PHC-DST-C2-03,PHC-DST-C2-04,DST-C2,2024-07-24,33.3,52.9,OPEN,LOW
PHC-DST-C2-03,PHC-DST-C2-04,DST-C2,2024-07-25,33.3,53.0,OPEN,LOW
PHC-DST-C2-03,PHC-DST-C2-04,DST-C2,2024-07-26,33.3,53.1,OPEN,LOW
PHC-DST-C2-03,PHC-DST-C2-04,DST-C2,2024-07-27,33.3,49.0,OPEN,LOW
PHC-DST-C2-03,PHC-DST-C2-04,DST-C2,2024-07-28,33.3,53.2,OPEN,LOW
PHC-DST-C2-03,PHC-DST-C2-04,DST-C2,2024-07-29,33.3,54.3,OPEN,LOW
PHC-DST-C2-03,PHC-DST-C2-04,DST-C2,2024-07-30,33.3,52.5,OPEN,LOW
PHC-DST-C2-03,PHC-DST-C2-04,DST-C2,2024-07-31,33.3,48.2,OPEN,LOW
PHC-DST-C2-03,PHC-DST-C2-04,DST-C2,2024-08-01,33.3,51.4,OPEN,LOW
PHC-DST-C2-03,PHC-DST-C2-04,DST-C2,2024-08-02,33.3,54.0,OPEN,LOW
PHC-DST-C2-03,PHC-DST-C2-04,DST-C2,2024-08-03,33.3,51.5,OPEN,LOW
PHC-DST-C2-03,PHC-DST-C2-04,DST-C2,2024-08-04,33.3,52.0,OPEN,LOW
PHC-DST-C2-03,PHC-DST-C2-04,DST-C2,2024-08-05,33.3,50.2,OPEN,LOW
PHC-DST-C2-03,PHC-DST-C2-04,DST-C2,2024-08-06,33.3,51.1,OPEN,LOW
PHC-DST-C2-03,PHC-DST-C2-04,DST-C2,2024-08-07,33.3,48.9,OPEN,LOW
PHC-DST-C2-03,PHC-DST-C2-04,DST-C2,2024-08-08,33.3,51.9,OPEN,LOW
PHC-DST-C2-03,PHC-DST-C2-04,DST-C2,2024-08-09,33.3,53.8,OPEN,LOW
PHC-DST-C2-03,PHC-DST-C2-04,DST-C2,2024-08-10,33.3,50.0,OPEN,LOW
PHC-DST-C2-03,PHC-DST-C2-04,DST-C2,2024-08-11,33.3,47.7,OPEN,LOW
PHC-DST-C2-03,PHC-DST-C2-04,DST-C2,2024-08-12,33.3,53.2,OPEN,LOW
PHC-DST-C2-03,PHC-DST-C2-04,DST-C2,2024-08-13,33.3,52.1,OPEN,LOW
PHC-DST-C2-03,PHC-DST-C2-04,DST-C2,2024-08-14,33.3,95.5,DEGRADED,MODERATE
PHC-DST-C2-03,PHC-DST-C2-04,DST-C2,2024-08-15,33.3,51.4,OPEN,LOW
PHC-DST-C2-03,PHC-DST-C2-04,DST-C2,2024-08-16,33.3,49.2,OPEN,LOW
PHC-DST-C2-03,PHC-DST-C2-04,DST-C2,2024-08-17,33.3,47.4,OPEN,LOW
PHC-DST-C2-03,PHC-DST-C2-04,DST-C2,2024-08-18,33.3,51.1,OPEN,LOW
PHC-DST-C2-03,PHC-DST-C2-04,DST-C2,2024-08-19,33.3,49.0,OPEN,LOW
PHC-DST-C2-03,PHC-DST-C2-04,DST-C2,2024-08-20,33.3,51.0,OPEN,LOW
PHC-DST-C2-03,PHC-DST-C2-04,DST-C2,2024-08-21,33.3,49.0,OPEN,LOW
PHC-DST-C2-03,PHC-DST-C2-04,DST-C2,2024-08-22,33.3,53.7,OPEN,LOW
PHC-DST-C2-03,PHC-DST-C2-04,DST-C2,2024-08-23,33.3,53.6,OPEN,LOW
PHC-DST-C2-03,PHC-DST-C2-04,DST-C2,2024-08-24,33.3,53.8,OPEN,LOW
PHC-DST-C2-03,PHC-DST-C2-04,DST-C2,2024-08-25,33.3,52.2,OPEN,LOW
PHC-DST-C2-03,PHC-DST-C2-04,DST-C2,2024-08-26,33.3,47.7,OPEN,LOW
PHC-DST-C2-03,PHC-DST-C2-04,DST-C2,2024-08-27,33.3,51.5,OPEN,LOW
PHC-DST-C2-03,PHC-DST-C2-04,DST-C2,2024-08-28,33.3,48.8,OPEN,LOW
PHC-DST-C2-03,PHC-DST-C2-04,DST-C2,2024-08-29,33.3,47.7,OPEN,LOW
PHC-DST-C2-03,PHC-DST-C2-04,DST-C2,2024-08-30,33.3,52.2,OPEN,LOW
PHC-DST-C2-03,PHC-DST-C2-04,DST-C2,2024-08-31,33.3,51.9,OPEN,LOW
PHC-DST-C2-03,PHC-DST-C2-04,DST-C2,2024-09-01,33.3,50.7,OPEN,LOW
PHC-DST-C2-03,PHC-DST-C2-04,DST-C2,2024-09-02,33.3,51.5,OPEN,LOW
PHC-DST-C2-03,PHC-DST-C2-04,DST-C2,2024-09-03,33.3,50.6,OPEN,LOW
PHC-DST-C2-03,PHC-DST-C2-04,DST-C2,2024-09-04,33.3,50.7,OPEN,LOW
PHC-DST-C2-03,PHC-DST-C2-04,DST-C2,2024-09-05,33.3,50.6,OPEN,LOW
PHC-DST-C2-03,PHC-DST-C2-04,DST-C2,2024-09-06,33.3,51.7,OPEN,LOW
PHC-DST-C2-03,PHC-DST-C2-04,DST-C2,2024-09-07,33.3,52.7,OPEN,LOW
PHC-DST-C2-03,PHC-DST-C2-04,DST-C2,2024-09-08,33.3,92.4,DEGRADED,MODERATE
PHC-DST-C2-03,PHC-DST-C2-04,DST-C2,2024-09-09,33.3,47.9,OPEN,LOW
PHC-DST-C2-03,PHC-DST-C2-04,DST-C2,2024-09-10,33.3,49.9,OPEN,LOW
PHC-DST-C2-03,PHC-DST-C2-04,DST-C2,2024-09-11,33.3,51.3,OPEN,LOW
PHC-DST-C2-03,PHC-DST-C2-04,DST-C2,2024-09-12,33.3,48.6,OPEN,LOW
PHC-DST-C2-03,PHC-DST-C2-04,DST-C2,2024-09-13,33.3,54.9,OPEN,LOW
PHC-DST-C2-03,PHC-DST-C2-04,DST-C2,2024-09-14,33.3,50.6,OPEN,LOW
PHC-DST-C2-03,PHC-DST-C2-04,DST-C2,2024-09-15,33.3,53.3,OPEN,LOW
PHC-DST-C2-03,PHC-DST-C2-04,DST-C2,2024-09-16,33.3,54.6,OPEN,LOW
PHC-DST-C2-03,PHC-DST-C2-04,DST-C2,2024-09-17,33.3,52.5,OPEN,LOW
PHC-DST-C2-03,PHC-DST-C2-04,DST-C2,2024-09-18,33.3,52.7,OPEN,LOW
PHC-DST-C2-03,PHC-DST-C2-04,DST-C2,2024-09-19,33.3,52.9,OPEN,LOW
PHC-DST-C2-03,PHC-DST-C2-04,DST-C2,2024-09-20,33.3,49.9,OPEN,LOW
PHC-DST-C2-03,PHC-DST-C2-04,DST-C2,2024-09-21,33.3,50.4,OPEN,LOW
PHC-DST-C2-03,PHC-DST-C2-04,DST-C2,2024-09-22,33.3,49.8,OPEN,LOW
PHC-DST-C2-03,PHC-DST-C2-04,DST-C2,2024-09-23,33.3,49.1,OPEN,LOW
PHC-DST-C2-03,PHC-DST-C2-04,DST-C2,2024-09-24,33.3,50.6,OPEN,LOW
PHC-DST-C2-03,PHC-DST-C2-04,DST-C2,2024-09-25,33.3,50.3,OPEN,LOW
PHC-DST-C2-03,PHC-DST-C2-04,DST-C2,2024-09-26,33.3,54.2,OPEN,LOW
PHC-DST-C2-03,PHC-DST-C2-04,DST-C2,2024-09-27,33.3,49.5,OPEN,LOW
PHC-DST-C2-03,PHC-DST-C2-04,DST-C2,2024-09-28,33.3,48.6,OPEN,LOW
PHC-DST-C2-03,PHC-DST-C2-04,DST-C2,2024-09-29,33.3,47.9,OPEN,LOW
PHC-DST-C2-03,PHC-DST-C2-04,DST-C2,2024-09-30,33.3,51.8,OPEN,LOW
PHC-DST-C2-03,PHC-DST-C2-04,DST-C2,2024-10-01,33.3,53.0,OPEN,LOW
PHC-DST-C2-03,PHC-DST-C2-04,DST-C2,2024-10-02,33.3,54.0,OPEN,LOW
PHC-DST-C2-03,PHC-DST-C2-04,DST-C2,2024-10-03,33.3,52.0,OPEN,LOW
PHC-DST-C2-03,PHC-DST-C2-04,DST-C2,2024-10-04,33.3,50.1,OPEN,LOW
PHC-DST-C2-03,PHC-DST-C2-04,DST-C2,2024-10-05,33.3,47.6,OPEN,LOW
PHC-DST-C2-03,PHC-DST-C2-04,DST-C2,2024-10-06,33.3,48.6,OPEN,LOW
PHC-DST-C2-03,PHC-DST-C2-04,DST-C2,2024-10-07,33.3,49.6,OPEN,LOW
PHC-DST-C2-03,PHC-DST-C2-04,DST-C2,2024-10-08,33.3,47.6,OPEN,LOW
PHC-DST-C2-03,PHC-DST-C2-04,DST-C2,2024-10-09,33.3,53.1,OPEN,LOW
PHC-DST-C2-03,PHC-DST-C2-04,DST-C2,2024-10-10,33.3,52.5,OPEN,LOW
PHC-DST-C2-03,PHC-DST-C2-04,DST-C2,2024-10-11,33.3,53.5,OPEN,LOW
PHC-DST-C2-03,PHC-DST-C2-04,DST-C2,2024-10-12,33.3,52.1,OPEN,LOW
PHC-DST-C2-03,PHC-DST-C2-04,DST-C2,2024-10-13,33.3,47.5,OPEN,LOW
PHC-DST-C2-03,PHC-DST-C2-04,DST-C2,2024-10-14,33.3,49.5,OPEN,LOW
PHC-DST-C2-03,PHC-DST-C2-04,DST-C2,2024-10-15,33.3,48.7,OPEN,LOW
PHC-DST-C2-03,PHC-DST-C2-04,DST-C2,2024-10-16,33.3,50.8,OPEN,LOW
PHC-DST-C2-03,PHC-DST-C2-04,DST-C2,2024-10-17,33.3,54.6,OPEN,LOW
PHC-DST-C2-03,PHC-DST-C2-04,DST-C2,2024-10-18,33.3,54.8,OPEN,LOW
PHC-DST-C2-03,PHC-DST-C2-04,DST-C2,2024-10-19,33.3,51.4,OPEN,LOW
PHC-DST-C2-03,PHC-DST-C2-04,DST-C2,2024-10-20,33.3,49.6,OPEN,LOW
PHC-DST-C2-03,PHC-DST-C2-04,DST-C2,2024-10-21,33.3,52.7,OPEN,LOW
PHC-DST-C2-03,PHC-DST-C2-04,DST-C2,2024-10-22,33.3,49.9,OPEN,LOW
PHC-DST-C2-03,PHC-DST-C2-04,DST-C2,2024-10-23,33.3,49.4,OPEN,LOW
PHC-DST-C2-03,PHC-DST-C2-04,DST-C2,2024-10-24,33.3,49.5,OPEN,LOW
PHC-DST-C2-03,PHC-DST-C2-04,DST-C2,2024-10-25,33.3,54.3,OPEN,LOW
PHC-DST-C2-03,PHC-DST-C2-04,DST-C2,2024-10-26,33.3,48.2,OPEN,LOW
PHC-DST-C2-03,PHC-DST-C2-04,DST-C2,2024-10-27,33.3,54.2,OPEN,LOW
PHC-DST-C2-03,PHC-DST-C2-04,DST-C2,2024-10-28,33.3,51.0,OPEN,LOW
PHC-DST-C2-03,PHC-DST-C2-04,DST-C2,2024-10-29,33.3,50.8,OPEN,LOW
PHC-DST-C2-03,PHC-DST-C2-04,DST-C2,2024-10-30,33.3,47.6,OPEN,LOW
PHC-DST-C2-03,PHC-DST-C2-04,DST-C2,2024-10-31,33.3,51.9,OPEN,LOW
PHC-DST-C2-03,PHC-DST-C2-04,DST-C2,2024-11-01,33.3,50.7,OPEN,LOW
PHC-DST-C2-03,PHC-DST-C2-04,DST-C2,2024-11-02,33.3,53.5,OPEN,LOW
PHC-DST-C2-03,PHC-DST-C2-04,DST-C2,2024-11-03,33.3,50.0,OPEN,LOW
PHC-DST-C2-03,PHC-DST-C2-04,DST-C2,2024-11-04,33.3,49.6,OPEN,LOW
PHC-DST-C2-03,PHC-DST-C2-04,DST-C2,2024-11-05,33.3,53.8,OPEN,LOW
PHC-DST-C2-03,PHC-DST-C2-04,DST-C2,2024-11-06,33.3,52.3,OPEN,LOW
PHC-DST-C2-03,PHC-DST-C2-04,DST-C2,2024-11-07,33.3,54.6,OPEN,LOW
PHC-DST-C2-03,PHC-DST-C2-04,DST-C2,2024-11-08,33.3,53.8,OPEN,LOW
PHC-DST-C2-03,PHC-DST-C2-04,DST-C2,2024-11-09,33.3,47.7,OPEN,LOW
PHC-DST-C2-03,PHC-DST-C2-04,DST-C2,2024-11-10,33.3,50.1,OPEN,LOW
PHC-DST-C2-03,PHC-DST-C2-04,DST-C2,2024-11-11,33.3,52.2,OPEN,LOW
PHC-DST-C2-03,PHC-DST-C2-04,DST-C2,2024-11-12,33.3,47.7,OPEN,LOW
PHC-DST-C2-03,PHC-DST-C2-04,DST-C2,2024-11-13,33.3,52.5,OPEN,LOW
PHC-DST-C2-03,PHC-DST-C2-04,DST-C2,2024-11-14,33.3,52.1,OPEN,LOW
PHC-DST-C2-03,PHC-DST-C2-04,DST-C2,2024-11-15,33.3,48.8,OPEN,LOW
PHC-DST-C2-03,PHC-DST-C2-04,DST-C2,2024-11-16,33.3,54.5,OPEN,LOW
PHC-DST-C2-03,PHC-DST-C2-04,DST-C2,2024-11-17,33.3,52.3,OPEN,LOW
PHC-DST-C2-03,PHC-DST-C2-04,DST-C2,2024-11-18,33.3,53.0,OPEN,LOW
PHC-DST-C2-03,PHC-DST-C2-04,DST-C2,2024-11-19,33.3,52.7,OPEN,LOW
PHC-DST-C2-03,PHC-DST-C2-04,DST-C2,2024-11-20,33.3,48.4,OPEN,LOW
PHC-DST-C2-03,PHC-DST-C2-04,DST-C2,2024-11-21,33.3,52.0,OPEN,LOW
PHC-DST-C2-03,PHC-DST-C2-04,DST-C2,2024-11-22,33.3,51.0,OPEN,LOW
PHC-DST-C2-03,PHC-DST-C2-04,DST-C2,2024-11-23,33.3,51.7,OPEN,LOW
PHC-DST-C2-03,PHC-DST-C2-04,DST-C2,2024-11-24,33.3,53.3,OPEN,LOW
PHC-DST-C2-03,PHC-DST-C2-04,DST-C2,2024-11-25,33.3,51.0,OPEN,LOW
PHC-DST-C2-03,PHC-DST-C2-04,DST-C2,2024-11-26,33.3,51.9,OPEN,LOW
PHC-DST-C2-03,PHC-DST-C2-04,DST-C2,2024-11-27,33.3,53.1,OPEN,LOW
PHC-DST-C2-03,PHC-DST-C2-04,DST-C2,2024-11-28,33.3,50.2,OPEN,LOW
PHC-DST-C2-03,PHC-DST-C2-04,DST-C2,2024-11-29,33.3,54.1,OPEN,LOW
PHC-DST-C2-03,PHC-DST-C2-04,DST-C2,2024-11-30,33.3,51.6,OPEN,LOW
PHC-DST-C2-03,PHC-DST-C2-04,DST-C2,2024-12-01,33.3,52.9,OPEN,LOW
PHC-DST-C2-03,PHC-DST-C2-04,DST-C2,2024-12-02,33.3,52.2,OPEN,LOW
PHC-DST-C2-03,PHC-DST-C2-04,DST-C2,2024-12-03,33.3,47.5,OPEN,LOW
PHC-DST-C2-03,PHC-DST-C2-04,DST-C2,2024-12-04,33.3,54.2,OPEN,LOW
PHC-DST-C2-03,PHC-DST-C2-04,DST-C2,2024-12-05,33.3,53.5,OPEN,LOW
PHC-DST-C2-03,PHC-DST-C2-04,DST-C2,2024-12-06,33.3,48.9,OPEN,LOW
PHC-DST-C2-03,PHC-DST-C2-04,DST-C2,2024-12-07,33.3,48.9,OPEN,LOW
PHC-DST-C2-03,PHC-DST-C2-04,DST-C2,2024-12-08,33.3,47.9,OPEN,LOW
PHC-DST-C2-03,PHC-DST-C2-04,DST-C2,2024-12-09,33.3,50.5,OPEN,LOW
PHC-DST-C2-03,PHC-DST-C2-04,DST-C2,2024-12-10,33.3,51.7,OPEN,LOW
PHC-DST-C2-03,PHC-DST-C2-04,DST-C2,2024-12-11,33.3,49.2,OPEN,LOW
PHC-DST-C2-03,PHC-DST-C2-04,DST-C2,2024-12-12,33.3,47.9,OPEN,LOW
PHC-DST-C2-03,PHC-DST-C2-04,DST-C2,2024-12-13,33.3,48.6,OPEN,LOW
PHC-DST-C2-03,PHC-DST-C2-04,DST-C2,2024-12-14,33.3,52.2,OPEN,LOW
PHC-DST-C2-03,PHC-DST-C2-04,DST-C2,2024-12-15,33.3,49.8,OPEN,LOW
PHC-DST-C2-03,PHC-DST-C2-04,DST-C2,2024-12-16,33.3,51.7,OPEN,LOW
PHC-DST-C2-03,PHC-DST-C2-04,DST-C2,2024-12-17,33.3,52.0,OPEN,LOW
PHC-DST-C2-03,PHC-DST-C2-04,DST-C2,2024-12-18,33.3,47.9,OPEN,LOW
PHC-DST-C2-03,PHC-DST-C2-04,DST-C2,2024-12-19,33.3,54.3,OPEN,LOW
PHC-DST-C2-03,PHC-DST-C2-04,DST-C2,2024-12-20,33.3,50.7,OPEN,LOW
PHC-DST-C2-03,PHC-DST-C2-04,DST-C2,2024-12-21,33.3,51.9,OPEN,LOW
PHC-DST-C2-03,PHC-DST-C2-04,DST-C2,2024-12-22,33.3,54.8,OPEN,LOW
PHC-DST-C2-03,PHC-DST-C2-04,DST-C2,2024-12-23,33.3,50.1,OPEN,LOW
PHC-DST-C2-03,PHC-DST-C2-04,DST-C2,2024-12-24,33.3,48.6,OPEN,LOW
PHC-DST-C2-03,PHC-DST-C2-04,DST-C2,2024-12-25,33.3,52.5,OPEN,LOW
PHC-DST-C2-03,PHC-DST-C2-04,DST-C2,2024-12-26,33.3,50.8,OPEN,LOW
PHC-DST-C2-03,PHC-DST-C2-04,DST-C2,2024-12-27,33.3,51.7,OPEN,LOW
PHC-DST-C2-03,PHC-DST-C2-04,DST-C2,2024-12-28,33.3,49.2,OPEN,LOW
PHC-DST-C2-03,PHC-DST-C2-04,DST-C2,2024-12-29,33.3,52.4,OPEN,LOW
PHC-DST-C2-03,PHC-DST-C2-04,DST-C2,2024-12-30,33.3,49.0,OPEN,LOW
PHC-DST-C2-03,PHC-DST-C2-04,DST-C2,2024-12-31,33.3,48.1,OPEN,LOW
PHC-DST-C2-03,PHC-DST-C2-04,DST-C2,2025-01-01,33.3,52.8,OPEN,LOW
PHC-DST-C2-03,PHC-DST-C2-04,DST-C2,2025-01-02,33.3,47.5,OPEN,LOW
PHC-DST-C2-03,PHC-DST-C2-04,DST-C2,2025-01-03,33.3,53.1,OPEN,LOW
PHC-DST-C2-03,PHC-DST-C2-04,DST-C2,2025-01-04,33.3,48.4,OPEN,LOW
PHC-DST-C2-03,PHC-DST-C2-04,DST-C2,2025-01-05,33.3,51.8,OPEN,LOW
PHC-DST-C2-03,PHC-DST-C2-04,DST-C2,2025-01-06,33.3,48.2,OPEN,LOW
PHC-DST-C2-03,PHC-DST-C2-04,DST-C2,2025-01-07,33.3,52.5,OPEN,LOW
PHC-DST-C2-03,PHC-DST-C2-04,DST-C2,2025-01-08,33.3,49.7,OPEN,LOW
PHC-DST-C2-03,PHC-DST-C2-04,DST-C2,2025-01-09,33.3,50.9,OPEN,LOW
PHC-DST-C2-03,PHC-DST-C2-04,DST-C2,2025-01-10,33.3,50.2,OPEN,LOW
PHC-DST-C2-03,PHC-DST-C2-04,DST-C2,2025-01-11,33.3,48.1,OPEN,LOW
PHC-DST-C2-03,PHC-DST-C2-04,DST-C2,2025-01-12,33.3,50.5,OPEN,LOW
PHC-DST-C2-03,PHC-DST-C2-04,DST-C2,2025-01-13,33.3,51.6,OPEN,LOW
PHC-DST-C2-03,PHC-DST-C2-04,DST-C2,2025-01-14,33.3,50.7,OPEN,LOW
PHC-DST-C2-03,PHC-DST-C2-04,DST-C2,2025-01-15,33.3,53.3,OPEN,LOW
PHC-DST-C2-03,PHC-DST-C2-04,DST-C2,2025-01-16,33.3,51.3,OPEN,LOW
PHC-DST-C2-03,PHC-DST-C2-04,DST-C2,2025-01-17,33.3,48.1,OPEN,LOW
PHC-DST-C2-03,PHC-DST-C2-04,DST-C2,2025-01-18,33.3,53.4,OPEN,LOW
PHC-DST-C2-03,PHC-DST-C2-04,DST-C2,2025-01-19,33.3,48.2,OPEN,LOW
PHC-DST-C2-03,PHC-DST-C2-04,DST-C2,2025-01-20,33.3,51.9,OPEN,LOW
PHC-DST-C2-03,PHC-DST-C2-04,DST-C2,2025-01-21,33.3,54.8,OPEN,LOW
PHC-DST-C2-03,PHC-DST-C2-04,DST-C2,2025-01-22,33.3,52.3,OPEN,LOW
PHC-DST-C2-03,PHC-DST-C2-04,DST-C2,2025-01-23,33.3,48.9,OPEN,LOW
PHC-DST-C2-03,PHC-DST-C2-04,DST-C2,2025-01-24,33.3,51.6,OPEN,LOW
PHC-DST-C2-03,PHC-DST-C2-04,DST-C2,2025-01-25,33.3,51.2,OPEN,LOW
PHC-DST-C2-03,PHC-DST-C2-04,DST-C2,2025-01-26,33.3,49.7,OPEN,LOW
PHC-DST-C2-03,PHC-DST-C2-04,DST-C2,2025-01-27,33.3,51.6,OPEN,LOW
PHC-DST-C2-03,PHC-DST-C2-04,DST-C2,2025-01-28,33.3,50.4,OPEN,LOW
PHC-DST-C2-03,PHC-DST-C2-04,DST-C2,2025-01-29,33.3,49.1,OPEN,LOW
PHC-DST-C2-03,PHC-DST-C2-04,DST-C2,2025-01-30,33.3,54.1,OPEN,LOW
PHC-DST-C2-03,PHC-DST-C2-04,DST-C2,2025-01-31,33.3,53.6,OPEN,LOW
PHC-DST-C2-03,PHC-DST-C2-04,DST-C2,2025-02-01,33.3,52.2,OPEN,LOW
PHC-DST-C2-03,PHC-DST-C2-04,DST-C2,2025-02-02,33.3,49.3,OPEN,LOW
PHC-DST-C2-03,PHC-DST-C2-04,DST-C2,2025-02-03,33.3,51.7,OPEN,LOW
PHC-DST-C2-03,PHC-DST-C2-04,DST-C2,2025-02-04,33.3,53.7,OPEN,LOW
PHC-DST-C2-03,PHC-DST-C2-04,DST-C2,2025-02-05,33.3,53.9,OPEN,LOW
PHC-DST-C2-03,PHC-DST-C2-04,DST-C2,2025-02-06,33.3,51.0,OPEN,LOW
PHC-DST-C2-03,PHC-DST-C2-04,DST-C2,2025-02-07,33.3,47.8,OPEN,LOW
PHC-DST-C2-03,PHC-DST-C2-04,DST-C2,2025-02-08,33.3,53.2,OPEN,LOW
PHC-DST-C2-03,PHC-DST-C2-04,DST-C2,2025-02-09,33.3,52.9,OPEN,LOW
PHC-DST-C2-03,PHC-DST-C2-04,DST-C2,2025-02-10,33.3,51.0,OPEN,LOW
PHC-DST-C2-03,PHC-DST-C2-04,DST-C2,2025-02-11,33.3,52.0,OPEN,LOW
PHC-DST-C2-03,PHC-DST-C2-04,DST-C2,2025-02-12,33.3,52.6,OPEN,LOW
PHC-DST-C2-03,PHC-DST-C2-04,DST-C2,2025-02-13,33.3,53.2,OPEN,LOW
PHC-DST-C2-03,PHC-DST-C2-04,DST-C2,2025-02-14,33.3,49.2,OPEN,LOW
PHC-DST-C2-03,PHC-DST-C2-04,DST-C2,2025-02-15,33.3,54.4,OPEN,LOW
PHC-DST-C2-03,PHC-DST-C2-04,DST-C2,2025-02-16,33.3,51.2,OPEN,LOW
PHC-DST-C2-03,PHC-DST-C2-04,DST-C2,2025-02-17,33.3,52.5,OPEN,LOW
PHC-DST-C2-03,PHC-DST-C2-04,DST-C2,2025-02-18,33.3,54.4,OPEN,LOW
PHC-DST-C2-03,PHC-DST-C2-04,DST-C2,2025-02-19,33.3,50.5,OPEN,LOW
PHC-DST-C2-03,PHC-DST-C2-04,DST-C2,2025-02-20,33.3,48.0,OPEN,LOW
PHC-DST-C2-03,PHC-DST-C2-04,DST-C2,2025-02-21,33.3,52.0,OPEN,LOW
PHC-DST-C2-03,PHC-DST-C2-04,DST-C2,2025-02-22,33.3,54.7,OPEN,LOW
PHC-DST-C2-03,PHC-DST-C2-04,DST-C2,2025-02-23,33.3,49.6,OPEN,LOW
PHC-DST-C2-03,PHC-DST-C2-04,DST-C2,2025-02-24,33.3,52.5,OPEN,LOW
PHC-DST-C2-03,PHC-DST-C2-04,DST-C2,2025-02-25,33.3,54.8,OPEN,LOW
PHC-DST-C2-03,PHC-DST-C2-04,DST-C2,2025-02-26,33.3,50.6,OPEN,LOW
PHC-DST-C2-03,PHC-DST-C2-04,DST-C2,2025-02-27,33.3,54.3,OPEN,LOW
PHC-DST-C2-03,PHC-DST-C2-04,DST-C2,2025-02-28,33.3,50.0,OPEN,LOW
PHC-DST-C2-03,PHC-DST-C2-04,DST-C2,2025-03-01,33.3,50.5,OPEN,LOW
PHC-DST-C2-03,PHC-DST-C2-04,DST-C2,2025-03-02,33.3,52.7,OPEN,LOW
PHC-DST-C2-03,PHC-DST-C2-04,DST-C2,2025-03-03,33.3,52.0,OPEN,LOW
PHC-DST-C2-03,PHC-DST-C2-04,DST-C2,2025-03-04,33.3,52.7,OPEN,LOW
PHC-DST-C2-03,PHC-DST-C2-04,DST-C2,2025-03-05,33.3,54.2,OPEN,LOW
PHC-DST-C2-03,PHC-DST-C2-04,DST-C2,2025-03-06,33.3,48.9,OPEN,LOW
PHC-DST-C2-03,PHC-DST-C2-04,DST-C2,2025-03-07,33.3,49.7,OPEN,LOW
PHC-DST-C2-03,PHC-DST-C2-04,DST-C2,2025-03-08,33.3,48.6,OPEN,LOW
PHC-DST-C2-03,PHC-DST-C2-04,DST-C2,2025-03-09,33.3,50.2,OPEN,LOW
PHC-DST-C2-03,PHC-DST-C2-04,DST-C2,2025-03-10,33.3,52.1,OPEN,LOW
PHC-DST-C2-03,PHC-DST-C2-04,DST-C2,2025-03-11,33.3,52.3,OPEN,LOW
PHC-DST-C2-03,PHC-DST-C2-04,DST-C2,2025-03-12,33.3,49.2,OPEN,LOW
PHC-DST-C2-03,PHC-DST-C2-04,DST-C2,2025-03-13,33.3,48.9,OPEN,LOW
PHC-DST-C2-03,PHC-DST-C2-04,DST-C2,2025-03-14,33.3,53.9,OPEN,LOW
PHC-DST-C2-03,PHC-DST-C2-04,DST-C2,2025-03-15,33.3,53.6,OPEN,LOW
PHC-DST-C2-03,PHC-DST-C2-04,DST-C2,2025-03-16,33.3,48.8,OPEN,LOW
PHC-DST-C2-03,PHC-DST-C2-04,DST-C2,2025-03-17,33.3,48.4,OPEN,LOW
PHC-DST-C2-03,PHC-DST-C2-04,DST-C2,2025-03-18,33.3,49.2,OPEN,LOW
PHC-DST-C2-03,PHC-DST-C2-04,DST-C2,2025-03-19,33.3,48.5,OPEN,LOW
PHC-DST-C2-03,PHC-DST-C2-04,DST-C2,2025-03-20,33.3,47.4,OPEN,LOW
PHC-DST-C2-03,PHC-DST-C2-04,DST-C2,2025-03-21,33.3,48.9,OPEN,LOW
PHC-DST-C2-03,PHC-DST-C2-04,DST-C2,2025-03-22,33.3,53.0,OPEN,LOW
PHC-DST-C2-03,PHC-DST-C2-04,DST-C2,2025-03-23,33.3,49.4,OPEN,LOW
PHC-DST-C2-03,PHC-DST-C2-04,DST-C2,2025-03-24,33.3,48.2,OPEN,LOW
PHC-DST-C2-03,PHC-DST-C2-04,DST-C2,2025-03-25,33.3,49.0,OPEN,LOW
PHC-DST-C2-03,PHC-DST-C2-04,DST-C2,2025-03-26,33.3,50.6,OPEN,LOW
PHC-DST-C2-03,PHC-DST-C2-04,DST-C2,2025-03-27,33.3,52.8,OPEN,LOW
PHC-DST-C2-03,PHC-DST-C2-04,DST-C2,2025-03-28,33.3,47.9,OPEN,LOW
PHC-DST-C2-03,PHC-DST-C2-04,DST-C2,2025-03-29,33.3,49.2,OPEN,LOW
PHC-DST-C2-03,PHC-DST-C2-04,DST-C2,2025-03-30,33.3,50.8,OPEN,LOW
PHC-DST-C2-03,PHC-DST-C2-04,DST-C2,2025-03-31,33.3,54.3,OPEN,LOW
PHC-DST-C2-03,PHC-DST-C2-04,DST-C2,2025-04-01,33.3,53.4,OPEN,LOW
PHC-DST-C2-03,PHC-DST-C2-04,DST-C2,2025-04-02,33.3,51.8,OPEN,LOW
PHC-DST-C2-03,PHC-DST-C2-04,DST-C2,2025-04-03,33.3,48.1,OPEN,LOW
PHC-DST-C2-03,PHC-DST-C2-04,DST-C2,2025-04-04,33.3,54.0,OPEN,LOW
PHC-DST-C2-03,PHC-DST-C2-04,DST-C2,2025-04-05,33.3,47.8,OPEN,LOW
PHC-DST-C2-03,PHC-DST-C2-04,DST-C2,2025-04-06,33.3,50.2,OPEN,LOW
PHC-DST-C2-03,PHC-DST-C2-04,DST-C2,2025-04-07,33.3,51.3,OPEN,LOW
PHC-DST-C2-03,PHC-DST-C2-04,DST-C2,2025-04-08,33.3,48.5,OPEN,LOW
PHC-DST-C2-03,PHC-DST-C2-04,DST-C2,2025-04-09,33.3,50.4,OPEN,LOW
PHC-DST-C2-03,PHC-DST-C2-04,DST-C2,2025-04-10,33.3,50.9,OPEN,LOW
PHC-DST-C2-03,PHC-DST-C2-04,DST-C2,2025-04-11,33.3,48.6,OPEN,LOW
PHC-DST-C2-03,PHC-DST-C2-04,DST-C2,2025-04-12,33.3,48.5,OPEN,LOW
PHC-DST-C2-03,PHC-DST-C2-04,DST-C2,2025-04-13,33.3,51.7,OPEN,LOW
PHC-DST-C2-03,PHC-DST-C2-04,DST-C2,2025-04-14,33.3,53.5,OPEN,LOW
PHC-DST-C2-03,PHC-DST-C2-04,DST-C2,2025-04-15,33.3,50.9,OPEN,LOW
PHC-DST-C2-03,PHC-DST-C2-04,DST-C2,2025-04-16,33.3,47.6,OPEN,LOW
PHC-DST-C2-03,PHC-DST-C2-04,DST-C2,2025-04-17,33.3,48.8,OPEN,LOW
PHC-DST-C2-03,PHC-DST-C2-04,DST-C2,2025-04-18,33.3,51.3,OPEN,LOW
PHC-DST-C2-03,PHC-DST-C2-04,DST-C2,2025-04-19,33.3,54.8,OPEN,LOW
PHC-DST-C2-03,PHC-DST-C2-04,DST-C2,2025-04-20,33.3,53.7,OPEN,LOW
PHC-DST-C2-03,PHC-DST-C2-04,DST-C2,2025-04-21,33.3,53.2,OPEN,LOW
PHC-DST-C2-03,PHC-DST-C2-04,DST-C2,2025-04-22,33.3,51.6,OPEN,LOW
PHC-DST-C2-03,PHC-DST-C2-04,DST-C2,2025-04-23,33.3,48.3,OPEN,LOW
PHC-DST-C2-03,PHC-DST-C2-04,DST-C2,2025-04-24,33.3,48.6,OPEN,LOW
PHC-DST-C2-03,PHC-DST-C2-04,DST-C2,2025-04-25,33.3,50.2,OPEN,LOW
PHC-DST-C2-03,PHC-DST-C2-04,DST-C2,2025-04-26,33.3,54.5,OPEN,LOW
PHC-DST-C2-03,PHC-DST-C2-04,DST-C2,2025-04-27,33.3,48.1,OPEN,LOW
PHC-DST-C2-03,PHC-DST-C2-04,DST-C2,2025-04-28,33.3,48.0,OPEN,LOW
PHC-DST-C2-03,PHC-DST-C2-04,DST-C2,2025-04-29,33.3,49.4,OPEN,LOW
PHC-DST-C2-03,PHC-DST-C2-04,DST-C2,2025-04-30,33.3,52.0,OPEN,LOW
PHC-DST-C2-03,PHC-DST-C2-04,DST-C2,2025-05-01,33.3,49.7,OPEN,LOW
PHC-DST-C2-03,PHC-DST-C2-04,DST-C2,2025-05-02,33.3,52.1,OPEN,LOW
PHC-DST-C2-03,PHC-DST-C2-04,DST-C2,2025-05-03,33.3,49.0,OPEN,LOW
PHC-DST-C2-03,PHC-DST-C2-04,DST-C2,2025-05-04,33.3,49.0,OPEN,LOW
PHC-DST-C2-03,PHC-DST-C2-04,DST-C2,2025-05-05,33.3,49.5,OPEN,LOW
PHC-DST-C2-03,PHC-DST-C2-04,DST-C2,2025-05-06,33.3,50.7,OPEN,LOW
PHC-DST-C2-03,PHC-DST-C2-04,DST-C2,2025-05-07,33.3,48.3,OPEN,LOW
PHC-DST-C2-03,PHC-DST-C2-04,DST-C2,2025-05-08,33.3,54.2,OPEN,LOW
PHC-DST-C2-03,PHC-DST-C2-04,DST-C2,2025-05-09,33.3,53.2,OPEN,LOW
PHC-DST-C2-03,PHC-DST-C2-04,DST-C2,2025-05-10,33.3,52.6,OPEN,LOW
PHC-DST-C2-03,PHC-DST-C2-04,DST-C2,2025-05-11,33.3,49.9,OPEN,LOW
PHC-DST-C2-03,PHC-DST-C2-04,DST-C2,2025-05-12,33.3,51.4,OPEN,LOW
PHC-DST-C2-03,PHC-DST-C2-04,DST-C2,2025-05-13,33.3,50.4,OPEN,LOW
PHC-DST-C2-03,PHC-DST-C2-04,DST-C2,2025-05-14,33.3,53.8,OPEN,LOW
PHC-DST-C2-03,PHC-DST-C2-04,DST-C2,2025-05-15,33.3,50.0,OPEN,LOW
PHC-DST-C2-03,PHC-DST-C2-04,DST-C2,2025-05-16,33.3,48.7,OPEN,LOW
PHC-DST-C2-03,PHC-DST-C2-04,DST-C2,2025-05-17,33.3,52.8,OPEN,LOW
PHC-DST-C2-03,PHC-DST-C2-04,DST-C2,2025-05-18,33.3,51.9,OPEN,LOW
PHC-DST-C2-03,PHC-DST-C2-04,DST-C2,2025-05-19,33.3,50.1,OPEN,LOW
PHC-DST-C2-03,PHC-DST-C2-04,DST-C2,2025-05-20,33.3,53.7,OPEN,LOW
PHC-DST-C2-03,PHC-DST-C2-04,DST-C2,2025-05-21,33.3,50.1,OPEN,LOW
PHC-DST-C2-03,PHC-DST-C2-04,DST-C2,2025-05-22,33.3,51.8,OPEN,LOW
PHC-DST-C2-03,PHC-DST-C2-04,DST-C2,2025-05-23,33.3,47.9,OPEN,LOW
PHC-DST-C2-03,PHC-DST-C2-04,DST-C2,2025-05-24,33.3,49.7,OPEN,LOW
PHC-DST-C2-03,PHC-DST-C2-04,DST-C2,2025-05-25,33.3,53.2,OPEN,LOW
PHC-DST-C2-03,PHC-DST-C2-04,DST-C2,2025-05-26,33.3,52.6,OPEN,LOW
PHC-DST-C2-03,PHC-DST-C2-04,DST-C2,2025-05-27,33.3,49.5,OPEN,LOW
PHC-DST-C2-03,PHC-DST-C2-04,DST-C2,2025-05-28,33.3,48.3,OPEN,LOW
PHC-DST-C2-03,PHC-DST-C2-04,DST-C2,2025-05-29,33.3,54.8,OPEN,LOW
PHC-DST-C2-03,PHC-DST-C2-04,DST-C2,2025-05-30,33.3,54.8,OPEN,LOW
PHC-DST-C2-03,PHC-DST-C2-04,DST-C2,2025-05-31,33.3,49.3,OPEN,LOW
PHC-DST-C2-03,PHC-DST-C2-04,DST-C2,2025-06-01,33.3,50.1,OPEN,LOW
PHC-DST-C2-03,PHC-DST-C2-04,DST-C2,2025-06-02,33.3,51.4,OPEN,LOW
PHC-DST-C2-03,PHC-DST-C2-04,DST-C2,2025-06-03,33.3,50.2,OPEN,LOW
PHC-DST-C2-03,PHC-DST-C2-04,DST-C2,2025-06-04,33.3,48.9,OPEN,LOW
PHC-DST-C2-03,PHC-DST-C2-04,DST-C2,2025-06-05,33.3,47.8,OPEN,LOW
PHC-DST-C2-03,PHC-DST-C2-04,DST-C2,2025-06-06,33.3,51.4,OPEN,LOW
PHC-DST-C2-03,PHC-DST-C2-04,DST-C2,2025-06-07,33.3,54.9,OPEN,LOW
PHC-DST-C2-03,PHC-DST-C2-04,DST-C2,2025-06-08,33.3,47.4,OPEN,LOW
PHC-DST-C2-03,PHC-DST-C2-04,DST-C2,2025-06-09,33.3,52.7,OPEN,LOW
PHC-DST-C2-03,PHC-DST-C2-04,DST-C2,2025-06-10,33.3,48.2,OPEN,LOW
PHC-DST-C2-03,PHC-DST-C2-04,DST-C2,2025-06-11,33.3,53.4,OPEN,LOW
PHC-DST-C2-03,PHC-DST-C2-04,DST-C2,2025-06-12,33.3,51.3,OPEN,LOW
PHC-DST-C2-03,PHC-DST-C2-04,DST-C2,2025-06-13,33.3,50.2,OPEN,LOW
PHC-DST-C2-03,PHC-DST-C2-04,DST-C2,2025-06-14,33.3,53.4,OPEN,LOW
PHC-DST-C2-03,PHC-DST-C2-04,DST-C2,2025-06-15,33.3,49.2,OPEN,LOW
PHC-DST-C2-03,PHC-DST-C2-04,DST-C2,2025-06-16,33.3,51.7,OPEN,LOW
PHC-DST-C2-03,PHC-DST-C2-04,DST-C2,2025-06-17,33.3,52.0,OPEN,LOW
PHC-DST-C2-03,PHC-DST-C2-04,DST-C2,2025-06-18,33.3,54.3,OPEN,LOW
PHC-DST-C2-03,PHC-DST-C2-04,DST-C2,2025-06-19,33.3,50.2,OPEN,LOW
PHC-DST-C2-03,PHC-DST-C2-04,DST-C2,2025-06-20,33.3,47.7,OPEN,LOW
PHC-DST-C2-03,PHC-DST-C2-04,DST-C2,2025-06-21,33.3,52.9,OPEN,LOW
PHC-DST-C2-03,PHC-DST-C2-04,DST-C2,2025-06-22,33.3,51.8,OPEN,LOW
PHC-DST-C2-03,PHC-DST-C2-04,DST-C2,2025-06-23,33.3,54.7,OPEN,LOW
PHC-DST-C2-03,PHC-DST-C2-04,DST-C2,2025-06-24,33.3,50.9,OPEN,LOW
PHC-DST-C2-03,PHC-DST-C2-04,DST-C2,2025-06-25,33.3,49.4,OPEN,LOW
PHC-DST-C2-03,PHC-DST-C2-04,DST-C2,2025-06-26,33.3,53.2,OPEN,LOW
PHC-DST-C2-03,PHC-DST-C2-04,DST-C2,2025-06-27,33.3,48.6,OPEN,LOW
PHC-DST-C2-03,PHC-DST-C2-04,DST-C2,2025-06-28,33.3,54.4,OPEN,LOW
PHC-DST-C2-03,PHC-DST-C2-04,DST-C2,2025-06-29,33.3,52.2,OPEN,LOW
PHC-DST-C2-03,PHC-DST-C2-04,DST-C2,2025-06-30,33.3,48.5,OPEN,LOW
PHC-DST-C2-04,PHC-DST-C2-05,DST-C2,2024-01-01,24.2,39.9,OPEN,LOW
PHC-DST-C2-04,PHC-DST-C2-05,DST-C2,2024-01-02,24.2,36.8,OPEN,LOW
PHC-DST-C2-04,PHC-DST-C2-05,DST-C2,2024-01-03,24.2,36.1,OPEN,LOW
PHC-DST-C2-04,PHC-DST-C2-05,DST-C2,2024-01-04,24.2,39.6,OPEN,LOW
PHC-DST-C2-04,PHC-DST-C2-05,DST-C2,2024-01-05,24.2,37.6,OPEN,LOW
PHC-DST-C2-04,PHC-DST-C2-05,DST-C2,2024-01-06,24.2,39.9,OPEN,LOW
PHC-DST-C2-04,PHC-DST-C2-05,DST-C2,2024-01-07,24.2,36.4,OPEN,LOW
PHC-DST-C2-04,PHC-DST-C2-05,DST-C2,2024-01-08,24.2,38.7,OPEN,LOW
PHC-DST-C2-04,PHC-DST-C2-05,DST-C2,2024-01-09,24.2,36.7,OPEN,LOW
PHC-DST-C2-04,PHC-DST-C2-05,DST-C2,2024-01-10,24.2,35.8,OPEN,LOW
PHC-DST-C2-04,PHC-DST-C2-05,DST-C2,2024-01-11,24.2,39.6,OPEN,LOW
PHC-DST-C2-04,PHC-DST-C2-05,DST-C2,2024-01-12,24.2,37.0,OPEN,LOW
PHC-DST-C2-04,PHC-DST-C2-05,DST-C2,2024-01-13,24.2,38.3,OPEN,LOW
PHC-DST-C2-04,PHC-DST-C2-05,DST-C2,2024-01-14,24.2,38.9,OPEN,LOW
PHC-DST-C2-04,PHC-DST-C2-05,DST-C2,2024-01-15,24.2,35.3,OPEN,LOW
PHC-DST-C2-04,PHC-DST-C2-05,DST-C2,2024-01-16,24.2,35.2,OPEN,LOW
PHC-DST-C2-04,PHC-DST-C2-05,DST-C2,2024-01-17,24.2,35.9,OPEN,LOW
PHC-DST-C2-04,PHC-DST-C2-05,DST-C2,2024-01-18,24.2,37.7,OPEN,LOW
PHC-DST-C2-04,PHC-DST-C2-05,DST-C2,2024-01-19,24.2,38.1,OPEN,LOW
PHC-DST-C2-04,PHC-DST-C2-05,DST-C2,2024-01-20,24.2,39.1,OPEN,LOW
PHC-DST-C2-04,PHC-DST-C2-05,DST-C2,2024-01-21,24.2,36.2,OPEN,LOW
PHC-DST-C2-04,PHC-DST-C2-05,DST-C2,2024-01-22,24.2,35.3,OPEN,LOW
PHC-DST-C2-04,PHC-DST-C2-05,DST-C2,2024-01-23,24.2,39.1,OPEN,LOW
PHC-DST-C2-04,PHC-DST-C2-05,DST-C2,2024-01-24,24.2,39.5,OPEN,LOW
PHC-DST-C2-04,PHC-DST-C2-05,DST-C2,2024-01-25,24.2,34.7,OPEN,LOW
PHC-DST-C2-04,PHC-DST-C2-05,DST-C2,2024-01-26,24.2,39.3,OPEN,LOW
PHC-DST-C2-04,PHC-DST-C2-05,DST-C2,2024-01-27,24.2,34.7,OPEN,LOW
PHC-DST-C2-04,PHC-DST-C2-05,DST-C2,2024-01-28,24.2,38.0,OPEN,LOW
PHC-DST-C2-04,PHC-DST-C2-05,DST-C2,2024-01-29,24.2,34.6,OPEN,LOW
PHC-DST-C2-04,PHC-DST-C2-05,DST-C2,2024-01-30,24.2,35.6,OPEN,LOW
PHC-DST-C2-04,PHC-DST-C2-05,DST-C2,2024-01-31,24.2,36.8,OPEN,LOW
PHC-DST-C2-04,PHC-DST-C2-05,DST-C2,2024-02-01,24.2,39.8,OPEN,LOW
PHC-DST-C2-04,PHC-DST-C2-05,DST-C2,2024-02-02,24.2,34.7,OPEN,LOW
PHC-DST-C2-04,PHC-DST-C2-05,DST-C2,2024-02-03,24.2,38.9,OPEN,LOW
PHC-DST-C2-04,PHC-DST-C2-05,DST-C2,2024-02-04,24.2,35.9,OPEN,LOW
PHC-DST-C2-04,PHC-DST-C2-05,DST-C2,2024-02-05,24.2,37.4,OPEN,LOW
PHC-DST-C2-04,PHC-DST-C2-05,DST-C2,2024-02-06,24.2,35.1,OPEN,LOW
PHC-DST-C2-04,PHC-DST-C2-05,DST-C2,2024-02-07,24.2,39.4,OPEN,LOW
PHC-DST-C2-04,PHC-DST-C2-05,DST-C2,2024-02-08,24.2,35.9,OPEN,LOW
PHC-DST-C2-04,PHC-DST-C2-05,DST-C2,2024-02-09,24.2,38.9,OPEN,LOW
PHC-DST-C2-04,PHC-DST-C2-05,DST-C2,2024-02-10,24.2,36.6,OPEN,LOW
PHC-DST-C2-04,PHC-DST-C2-05,DST-C2,2024-02-11,24.2,34.9,OPEN,LOW
PHC-DST-C2-04,PHC-DST-C2-05,DST-C2,2024-02-12,24.2,38.4,OPEN,LOW
PHC-DST-C2-04,PHC-DST-C2-05,DST-C2,2024-02-13,24.2,37.3,OPEN,LOW
PHC-DST-C2-04,PHC-DST-C2-05,DST-C2,2024-02-14,24.2,35.7,OPEN,LOW
PHC-DST-C2-04,PHC-DST-C2-05,DST-C2,2024-02-15,24.2,35.2,OPEN,LOW
PHC-DST-C2-04,PHC-DST-C2-05,DST-C2,2024-02-16,24.2,39.2,OPEN,LOW
PHC-DST-C2-04,PHC-DST-C2-05,DST-C2,2024-02-17,24.2,36.5,OPEN,LOW
PHC-DST-C2-04,PHC-DST-C2-05,DST-C2,2024-02-18,24.2,37.3,OPEN,LOW
PHC-DST-C2-04,PHC-DST-C2-05,DST-C2,2024-02-19,24.2,36.4,OPEN,LOW
PHC-DST-C2-04,PHC-DST-C2-05,DST-C2,2024-02-20,24.2,36.8,OPEN,LOW
PHC-DST-C2-04,PHC-DST-C2-05,DST-C2,2024-02-21,24.2,38.9,OPEN,LOW
PHC-DST-C2-04,PHC-DST-C2-05,DST-C2,2024-02-22,24.2,39.7,OPEN,LOW
PHC-DST-C2-04,PHC-DST-C2-05,DST-C2,2024-02-23,24.2,39.4,OPEN,LOW
PHC-DST-C2-04,PHC-DST-C2-05,DST-C2,2024-02-24,24.2,38.4,OPEN,LOW
PHC-DST-C2-04,PHC-DST-C2-05,DST-C2,2024-02-25,24.2,39.7,OPEN,LOW
PHC-DST-C2-04,PHC-DST-C2-05,DST-C2,2024-02-26,24.2,35.3,OPEN,LOW
PHC-DST-C2-04,PHC-DST-C2-05,DST-C2,2024-02-27,24.2,39.9,OPEN,LOW
PHC-DST-C2-04,PHC-DST-C2-05,DST-C2,2024-02-28,24.2,34.5,OPEN,LOW
PHC-DST-C2-04,PHC-DST-C2-05,DST-C2,2024-02-29,24.2,38.0,OPEN,LOW
PHC-DST-C2-04,PHC-DST-C2-05,DST-C2,2024-03-01,24.2,35.5,OPEN,LOW
PHC-DST-C2-04,PHC-DST-C2-05,DST-C2,2024-03-02,24.2,35.1,OPEN,LOW
PHC-DST-C2-04,PHC-DST-C2-05,DST-C2,2024-03-03,24.2,37.7,OPEN,LOW
PHC-DST-C2-04,PHC-DST-C2-05,DST-C2,2024-03-04,24.2,37.5,OPEN,LOW
PHC-DST-C2-04,PHC-DST-C2-05,DST-C2,2024-03-05,24.2,39.4,OPEN,LOW
PHC-DST-C2-04,PHC-DST-C2-05,DST-C2,2024-03-06,24.2,38.6,OPEN,LOW
PHC-DST-C2-04,PHC-DST-C2-05,DST-C2,2024-03-07,24.2,39.1,OPEN,LOW
PHC-DST-C2-04,PHC-DST-C2-05,DST-C2,2024-03-08,24.2,37.9,OPEN,LOW
PHC-DST-C2-04,PHC-DST-C2-05,DST-C2,2024-03-09,24.2,36.2,OPEN,LOW
PHC-DST-C2-04,PHC-DST-C2-05,DST-C2,2024-03-10,24.2,36.2,OPEN,LOW
PHC-DST-C2-04,PHC-DST-C2-05,DST-C2,2024-03-11,24.2,35.7,OPEN,LOW
PHC-DST-C2-04,PHC-DST-C2-05,DST-C2,2024-03-12,24.2,38.1,OPEN,LOW
PHC-DST-C2-04,PHC-DST-C2-05,DST-C2,2024-03-13,24.2,36.5,OPEN,LOW
PHC-DST-C2-04,PHC-DST-C2-05,DST-C2,2024-03-14,24.2,38.9,OPEN,LOW
PHC-DST-C2-04,PHC-DST-C2-05,DST-C2,2024-03-15,24.2,35.8,OPEN,LOW
PHC-DST-C2-04,PHC-DST-C2-05,DST-C2,2024-03-16,24.2,37.2,OPEN,LOW
PHC-DST-C2-04,PHC-DST-C2-05,DST-C2,2024-03-17,24.2,38.4,OPEN,LOW
PHC-DST-C2-04,PHC-DST-C2-05,DST-C2,2024-03-18,24.2,38.0,OPEN,LOW
PHC-DST-C2-04,PHC-DST-C2-05,DST-C2,2024-03-19,24.2,35.3,OPEN,LOW
PHC-DST-C2-04,PHC-DST-C2-05,DST-C2,2024-03-20,24.2,35.7,OPEN,LOW
PHC-DST-C2-04,PHC-DST-C2-05,DST-C2,2024-03-21,24.2,39.3,OPEN,LOW
PHC-DST-C2-04,PHC-DST-C2-05,DST-C2,2024-03-22,24.2,36.1,OPEN,LOW
PHC-DST-C2-04,PHC-DST-C2-05,DST-C2,2024-03-23,24.2,38.5,OPEN,LOW
PHC-DST-C2-04,PHC-DST-C2-05,DST-C2,2024-03-24,24.2,35.8,OPEN,LOW
PHC-DST-C2-04,PHC-DST-C2-05,DST-C2,2024-03-25,24.2,36.7,OPEN,LOW
PHC-DST-C2-04,PHC-DST-C2-05,DST-C2,2024-03-26,24.2,39.3,OPEN,LOW
PHC-DST-C2-04,PHC-DST-C2-05,DST-C2,2024-03-27,24.2,36.4,OPEN,LOW
PHC-DST-C2-04,PHC-DST-C2-05,DST-C2,2024-03-28,24.2,35.3,OPEN,LOW
PHC-DST-C2-04,PHC-DST-C2-05,DST-C2,2024-03-29,24.2,39.0,OPEN,LOW
PHC-DST-C2-04,PHC-DST-C2-05,DST-C2,2024-03-30,24.2,38.9,OPEN,LOW
PHC-DST-C2-04,PHC-DST-C2-05,DST-C2,2024-03-31,24.2,38.6,OPEN,LOW
PHC-DST-C2-04,PHC-DST-C2-05,DST-C2,2024-04-01,24.2,38.0,OPEN,LOW
PHC-DST-C2-04,PHC-DST-C2-05,DST-C2,2024-04-02,24.2,34.8,OPEN,LOW
PHC-DST-C2-04,PHC-DST-C2-05,DST-C2,2024-04-03,24.2,38.3,OPEN,LOW
PHC-DST-C2-04,PHC-DST-C2-05,DST-C2,2024-04-04,24.2,35.2,OPEN,LOW
PHC-DST-C2-04,PHC-DST-C2-05,DST-C2,2024-04-05,24.2,35.9,OPEN,LOW
PHC-DST-C2-04,PHC-DST-C2-05,DST-C2,2024-04-06,24.2,34.6,OPEN,LOW
PHC-DST-C2-04,PHC-DST-C2-05,DST-C2,2024-04-07,24.2,37.1,OPEN,LOW
PHC-DST-C2-04,PHC-DST-C2-05,DST-C2,2024-04-08,24.2,37.7,OPEN,LOW
PHC-DST-C2-04,PHC-DST-C2-05,DST-C2,2024-04-09,24.2,37.7,OPEN,LOW
PHC-DST-C2-04,PHC-DST-C2-05,DST-C2,2024-04-10,24.2,34.9,OPEN,LOW
PHC-DST-C2-04,PHC-DST-C2-05,DST-C2,2024-04-11,24.2,37.5,OPEN,LOW
PHC-DST-C2-04,PHC-DST-C2-05,DST-C2,2024-04-12,24.2,38.3,OPEN,LOW
PHC-DST-C2-04,PHC-DST-C2-05,DST-C2,2024-04-13,24.2,35.9,OPEN,LOW
PHC-DST-C2-04,PHC-DST-C2-05,DST-C2,2024-04-14,24.2,39.5,OPEN,LOW
PHC-DST-C2-04,PHC-DST-C2-05,DST-C2,2024-04-15,24.2,36.8,OPEN,LOW
PHC-DST-C2-04,PHC-DST-C2-05,DST-C2,2024-04-16,24.2,39.3,OPEN,LOW
PHC-DST-C2-04,PHC-DST-C2-05,DST-C2,2024-04-17,24.2,34.6,OPEN,LOW
PHC-DST-C2-04,PHC-DST-C2-05,DST-C2,2024-04-18,24.2,36.9,OPEN,LOW
PHC-DST-C2-04,PHC-DST-C2-05,DST-C2,2024-04-19,24.2,35.7,OPEN,LOW
PHC-DST-C2-04,PHC-DST-C2-05,DST-C2,2024-04-20,24.2,39.4,OPEN,LOW
PHC-DST-C2-04,PHC-DST-C2-05,DST-C2,2024-04-21,24.2,35.1,OPEN,LOW
PHC-DST-C2-04,PHC-DST-C2-05,DST-C2,2024-04-22,24.2,39.9,OPEN,LOW
PHC-DST-C2-04,PHC-DST-C2-05,DST-C2,2024-04-23,24.2,37.1,OPEN,LOW
PHC-DST-C2-04,PHC-DST-C2-05,DST-C2,2024-04-24,24.2,35.0,OPEN,LOW
PHC-DST-C2-04,PHC-DST-C2-05,DST-C2,2024-04-25,24.2,35.6,OPEN,LOW
PHC-DST-C2-04,PHC-DST-C2-05,DST-C2,2024-04-26,24.2,39.1,OPEN,LOW
PHC-DST-C2-04,PHC-DST-C2-05,DST-C2,2024-04-27,24.2,37.5,OPEN,LOW
PHC-DST-C2-04,PHC-DST-C2-05,DST-C2,2024-04-28,24.2,36.0,OPEN,LOW
PHC-DST-C2-04,PHC-DST-C2-05,DST-C2,2024-04-29,24.2,37.2,OPEN,LOW
PHC-DST-C2-04,PHC-DST-C2-05,DST-C2,2024-04-30,24.2,37.8,OPEN,LOW
PHC-DST-C2-04,PHC-DST-C2-05,DST-C2,2024-05-01,24.2,35.6,OPEN,LOW
PHC-DST-C2-04,PHC-DST-C2-05,DST-C2,2024-05-02,24.2,35.5,OPEN,LOW
PHC-DST-C2-04,PHC-DST-C2-05,DST-C2,2024-05-03,24.2,34.7,OPEN,LOW
PHC-DST-C2-04,PHC-DST-C2-05,DST-C2,2024-05-04,24.2,36.3,OPEN,LOW
PHC-DST-C2-04,PHC-DST-C2-05,DST-C2,2024-05-05,24.2,39.5,OPEN,LOW
PHC-DST-C2-04,PHC-DST-C2-05,DST-C2,2024-05-06,24.2,37.7,OPEN,LOW
PHC-DST-C2-04,PHC-DST-C2-05,DST-C2,2024-05-07,24.2,34.8,OPEN,LOW
PHC-DST-C2-04,PHC-DST-C2-05,DST-C2,2024-05-08,24.2,37.2,OPEN,LOW
PHC-DST-C2-04,PHC-DST-C2-05,DST-C2,2024-05-09,24.2,39.3,OPEN,LOW
PHC-DST-C2-04,PHC-DST-C2-05,DST-C2,2024-05-10,24.2,39.5,OPEN,LOW
PHC-DST-C2-04,PHC-DST-C2-05,DST-C2,2024-05-11,24.2,39.6,OPEN,LOW
PHC-DST-C2-04,PHC-DST-C2-05,DST-C2,2024-05-12,24.2,36.9,OPEN,LOW
PHC-DST-C2-04,PHC-DST-C2-05,DST-C2,2024-05-13,24.2,38.2,OPEN,LOW
PHC-DST-C2-04,PHC-DST-C2-05,DST-C2,2024-05-14,24.2,39.0,OPEN,LOW
PHC-DST-C2-04,PHC-DST-C2-05,DST-C2,2024-05-15,24.2,37.6,OPEN,LOW
PHC-DST-C2-04,PHC-DST-C2-05,DST-C2,2024-05-16,24.2,38.3,OPEN,LOW
PHC-DST-C2-04,PHC-DST-C2-05,DST-C2,2024-05-17,24.2,34.5,OPEN,LOW
PHC-DST-C2-04,PHC-DST-C2-05,DST-C2,2024-05-18,24.2,37.2,OPEN,LOW
PHC-DST-C2-04,PHC-DST-C2-05,DST-C2,2024-05-19,24.2,37.3,OPEN,LOW
PHC-DST-C2-04,PHC-DST-C2-05,DST-C2,2024-05-20,24.2,35.3,OPEN,LOW
PHC-DST-C2-04,PHC-DST-C2-05,DST-C2,2024-05-21,24.2,35.1,OPEN,LOW
PHC-DST-C2-04,PHC-DST-C2-05,DST-C2,2024-05-22,24.2,35.6,OPEN,LOW
PHC-DST-C2-04,PHC-DST-C2-05,DST-C2,2024-05-23,24.2,37.1,OPEN,LOW
PHC-DST-C2-04,PHC-DST-C2-05,DST-C2,2024-05-24,24.2,37.4,OPEN,LOW
PHC-DST-C2-04,PHC-DST-C2-05,DST-C2,2024-05-25,24.2,35.5,OPEN,LOW
PHC-DST-C2-04,PHC-DST-C2-05,DST-C2,2024-05-26,24.2,36.6,OPEN,LOW
PHC-DST-C2-04,PHC-DST-C2-05,DST-C2,2024-05-27,24.2,34.6,OPEN,LOW
PHC-DST-C2-04,PHC-DST-C2-05,DST-C2,2024-05-28,24.2,35.5,OPEN,LOW
PHC-DST-C2-04,PHC-DST-C2-05,DST-C2,2024-05-29,24.2,38.3,OPEN,LOW
PHC-DST-C2-04,PHC-DST-C2-05,DST-C2,2024-05-30,24.2,38.0,OPEN,LOW
PHC-DST-C2-04,PHC-DST-C2-05,DST-C2,2024-05-31,24.2,35.5,OPEN,LOW
PHC-DST-C2-04,PHC-DST-C2-05,DST-C2,2024-06-01,24.2,39.0,OPEN,LOW
PHC-DST-C2-04,PHC-DST-C2-05,DST-C2,2024-06-02,24.2,36.4,OPEN,LOW
PHC-DST-C2-04,PHC-DST-C2-05,DST-C2,2024-06-03,24.2,38.7,OPEN,LOW
PHC-DST-C2-04,PHC-DST-C2-05,DST-C2,2024-06-04,24.2,36.2,OPEN,LOW
PHC-DST-C2-04,PHC-DST-C2-05,DST-C2,2024-06-05,24.2,39.4,OPEN,LOW
PHC-DST-C2-04,PHC-DST-C2-05,DST-C2,2024-06-06,24.2,37.2,OPEN,LOW
PHC-DST-C2-04,PHC-DST-C2-05,DST-C2,2024-06-07,24.2,39.0,OPEN,LOW
PHC-DST-C2-04,PHC-DST-C2-05,DST-C2,2024-06-08,24.2,39.1,OPEN,LOW
PHC-DST-C2-04,PHC-DST-C2-05,DST-C2,2024-06-09,24.2,39.8,OPEN,LOW
PHC-DST-C2-04,PHC-DST-C2-05,DST-C2,2024-06-10,24.2,38.0,OPEN,LOW
PHC-DST-C2-04,PHC-DST-C2-05,DST-C2,2024-06-11,24.2,36.1,OPEN,LOW
PHC-DST-C2-04,PHC-DST-C2-05,DST-C2,2024-06-12,24.2,39.3,OPEN,LOW
PHC-DST-C2-04,PHC-DST-C2-05,DST-C2,2024-06-13,24.2,38.3,OPEN,LOW
PHC-DST-C2-04,PHC-DST-C2-05,DST-C2,2024-06-14,24.2,37.9,OPEN,LOW
PHC-DST-C2-04,PHC-DST-C2-05,DST-C2,2024-06-15,24.2,35.5,OPEN,LOW
PHC-DST-C2-04,PHC-DST-C2-05,DST-C2,2024-06-16,24.2,35.6,OPEN,LOW
PHC-DST-C2-04,PHC-DST-C2-05,DST-C2,2024-06-17,24.2,38.6,OPEN,LOW
PHC-DST-C2-04,PHC-DST-C2-05,DST-C2,2024-06-18,24.2,37.8,OPEN,LOW
PHC-DST-C2-04,PHC-DST-C2-05,DST-C2,2024-06-19,24.2,37.7,OPEN,LOW
PHC-DST-C2-04,PHC-DST-C2-05,DST-C2,2024-06-20,24.2,35.5,OPEN,LOW
PHC-DST-C2-04,PHC-DST-C2-05,DST-C2,2024-06-21,24.2,39.2,OPEN,LOW
PHC-DST-C2-04,PHC-DST-C2-05,DST-C2,2024-06-22,24.2,34.7,OPEN,LOW
PHC-DST-C2-04,PHC-DST-C2-05,DST-C2,2024-06-23,24.2,35.0,OPEN,LOW
PHC-DST-C2-04,PHC-DST-C2-05,DST-C2,2024-06-24,24.2,38.0,OPEN,LOW
PHC-DST-C2-04,PHC-DST-C2-05,DST-C2,2024-06-25,24.2,35.1,OPEN,LOW
PHC-DST-C2-04,PHC-DST-C2-05,DST-C2,2024-06-26,24.2,34.9,OPEN,LOW
PHC-DST-C2-04,PHC-DST-C2-05,DST-C2,2024-06-27,24.2,35.7,OPEN,LOW
PHC-DST-C2-04,PHC-DST-C2-05,DST-C2,2024-06-28,24.2,34.9,OPEN,LOW
PHC-DST-C2-04,PHC-DST-C2-05,DST-C2,2024-06-29,24.2,34.6,OPEN,LOW
PHC-DST-C2-04,PHC-DST-C2-05,DST-C2,2024-06-30,24.2,37.1,OPEN,LOW
PHC-DST-C2-04,PHC-DST-C2-05,DST-C2,2024-07-01,24.2,39.3,OPEN,LOW
PHC-DST-C2-04,PHC-DST-C2-05,DST-C2,2024-07-02,24.2,38.2,OPEN,LOW
PHC-DST-C2-04,PHC-DST-C2-05,DST-C2,2024-07-03,24.2,39.7,OPEN,LOW
PHC-DST-C2-04,PHC-DST-C2-05,DST-C2,2024-07-04,24.2,38.1,OPEN,LOW
PHC-DST-C2-04,PHC-DST-C2-05,DST-C2,2024-07-05,24.2,39.4,OPEN,LOW
PHC-DST-C2-04,PHC-DST-C2-05,DST-C2,2024-07-06,24.2,37.8,OPEN,LOW
PHC-DST-C2-04,PHC-DST-C2-05,DST-C2,2024-07-07,24.2,38.7,OPEN,LOW
PHC-DST-C2-04,PHC-DST-C2-05,DST-C2,2024-07-08,24.2,35.5,OPEN,LOW
PHC-DST-C2-04,PHC-DST-C2-05,DST-C2,2024-07-09,24.2,36.5,OPEN,LOW
PHC-DST-C2-04,PHC-DST-C2-05,DST-C2,2024-07-10,24.2,36.0,OPEN,LOW
PHC-DST-C2-04,PHC-DST-C2-05,DST-C2,2024-07-11,24.2,35.5,OPEN,LOW
PHC-DST-C2-04,PHC-DST-C2-05,DST-C2,2024-07-12,24.2,35.3,OPEN,LOW
PHC-DST-C2-04,PHC-DST-C2-05,DST-C2,2024-07-13,24.2,36.9,OPEN,LOW
PHC-DST-C2-04,PHC-DST-C2-05,DST-C2,2024-07-14,24.2,37.0,OPEN,LOW
PHC-DST-C2-04,PHC-DST-C2-05,DST-C2,2024-07-15,24.2,34.7,OPEN,LOW
PHC-DST-C2-04,PHC-DST-C2-05,DST-C2,2024-07-16,24.2,35.1,OPEN,LOW
PHC-DST-C2-04,PHC-DST-C2-05,DST-C2,2024-07-17,24.2,37.7,OPEN,LOW
PHC-DST-C2-04,PHC-DST-C2-05,DST-C2,2024-07-18,24.2,38.0,OPEN,LOW
PHC-DST-C2-04,PHC-DST-C2-05,DST-C2,2024-07-19,24.2,39.1,OPEN,LOW
PHC-DST-C2-04,PHC-DST-C2-05,DST-C2,2024-07-20,24.2,37.2,OPEN,LOW
PHC-DST-C2-04,PHC-DST-C2-05,DST-C2,2024-07-21,24.2,37.7,OPEN,LOW
PHC-DST-C2-04,PHC-DST-C2-05,DST-C2,2024-07-22,24.2,39.8,OPEN,LOW
PHC-DST-C2-04,PHC-DST-C2-05,DST-C2,2024-07-23,24.2,34.5,OPEN,LOW
PHC-DST-C2-04,PHC-DST-C2-05,DST-C2,2024-07-24,24.2,39.7,OPEN,LOW
PHC-DST-C2-04,PHC-DST-C2-05,DST-C2,2024-07-25,24.2,39.7,OPEN,LOW
PHC-DST-C2-04,PHC-DST-C2-05,DST-C2,2024-07-26,24.2,36.9,OPEN,LOW
PHC-DST-C2-04,PHC-DST-C2-05,DST-C2,2024-07-27,24.2,39.6,OPEN,LOW
PHC-DST-C2-04,PHC-DST-C2-05,DST-C2,2024-07-28,24.2,35.7,OPEN,LOW
PHC-DST-C2-04,PHC-DST-C2-05,DST-C2,2024-07-29,24.2,39.0,OPEN,LOW
PHC-DST-C2-04,PHC-DST-C2-05,DST-C2,2024-07-30,24.2,37.1,OPEN,LOW
PHC-DST-C2-04,PHC-DST-C2-05,DST-C2,2024-07-31,24.2,37.3,OPEN,LOW
PHC-DST-C2-04,PHC-DST-C2-05,DST-C2,2024-08-01,24.2,37.2,OPEN,LOW
PHC-DST-C2-04,PHC-DST-C2-05,DST-C2,2024-08-02,24.2,34.6,OPEN,LOW
PHC-DST-C2-04,PHC-DST-C2-05,DST-C2,2024-08-03,24.2,34.8,OPEN,LOW
PHC-DST-C2-04,PHC-DST-C2-05,DST-C2,2024-08-04,24.2,39.2,OPEN,LOW
PHC-DST-C2-04,PHC-DST-C2-05,DST-C2,2024-08-05,24.2,37.1,OPEN,LOW
PHC-DST-C2-04,PHC-DST-C2-05,DST-C2,2024-08-06,24.2,35.0,OPEN,LOW
PHC-DST-C2-04,PHC-DST-C2-05,DST-C2,2024-08-07,24.2,38.2,OPEN,LOW
PHC-DST-C2-04,PHC-DST-C2-05,DST-C2,2024-08-08,24.2,39.3,OPEN,LOW
PHC-DST-C2-04,PHC-DST-C2-05,DST-C2,2024-08-09,24.2,37.5,OPEN,LOW
PHC-DST-C2-04,PHC-DST-C2-05,DST-C2,2024-08-10,24.2,36.8,OPEN,LOW
PHC-DST-C2-04,PHC-DST-C2-05,DST-C2,2024-08-11,24.2,36.3,OPEN,LOW
PHC-DST-C2-04,PHC-DST-C2-05,DST-C2,2024-08-12,24.2,37.6,OPEN,LOW
PHC-DST-C2-04,PHC-DST-C2-05,DST-C2,2024-08-13,24.2,38.5,OPEN,LOW
PHC-DST-C2-04,PHC-DST-C2-05,DST-C2,2024-08-14,24.2,60.2,DEGRADED,MODERATE
PHC-DST-C2-04,PHC-DST-C2-05,DST-C2,2024-08-15,24.2,34.6,OPEN,LOW
PHC-DST-C2-04,PHC-DST-C2-05,DST-C2,2024-08-16,24.2,35.6,OPEN,LOW
PHC-DST-C2-04,PHC-DST-C2-05,DST-C2,2024-08-17,24.2,38.3,OPEN,LOW
PHC-DST-C2-04,PHC-DST-C2-05,DST-C2,2024-08-18,24.2,36.2,OPEN,LOW
PHC-DST-C2-04,PHC-DST-C2-05,DST-C2,2024-08-19,24.2,39.3,OPEN,LOW
PHC-DST-C2-04,PHC-DST-C2-05,DST-C2,2024-08-20,24.2,38.1,OPEN,LOW
PHC-DST-C2-04,PHC-DST-C2-05,DST-C2,2024-08-21,24.2,38.7,OPEN,LOW
PHC-DST-C2-04,PHC-DST-C2-05,DST-C2,2024-08-22,24.2,35.9,OPEN,LOW
PHC-DST-C2-04,PHC-DST-C2-05,DST-C2,2024-08-23,24.2,36.9,OPEN,LOW
PHC-DST-C2-04,PHC-DST-C2-05,DST-C2,2024-08-24,24.2,37.3,OPEN,LOW
PHC-DST-C2-04,PHC-DST-C2-05,DST-C2,2024-08-25,24.2,36.2,OPEN,LOW
PHC-DST-C2-04,PHC-DST-C2-05,DST-C2,2024-08-26,24.2,35.6,OPEN,LOW
PHC-DST-C2-04,PHC-DST-C2-05,DST-C2,2024-08-27,24.2,36.9,OPEN,LOW
PHC-DST-C2-04,PHC-DST-C2-05,DST-C2,2024-08-28,24.2,37.6,OPEN,LOW
PHC-DST-C2-04,PHC-DST-C2-05,DST-C2,2024-08-29,24.2,36.4,OPEN,LOW
PHC-DST-C2-04,PHC-DST-C2-05,DST-C2,2024-08-30,24.2,37.0,OPEN,LOW
PHC-DST-C2-04,PHC-DST-C2-05,DST-C2,2024-08-31,24.2,36.4,OPEN,LOW
PHC-DST-C2-04,PHC-DST-C2-05,DST-C2,2024-09-01,24.2,36.4,OPEN,LOW
PHC-DST-C2-04,PHC-DST-C2-05,DST-C2,2024-09-02,24.2,35.3,OPEN,LOW
PHC-DST-C2-04,PHC-DST-C2-05,DST-C2,2024-09-03,24.2,39.8,OPEN,LOW
PHC-DST-C2-04,PHC-DST-C2-05,DST-C2,2024-09-04,24.2,35.8,OPEN,LOW
PHC-DST-C2-04,PHC-DST-C2-05,DST-C2,2024-09-05,24.2,36.2,OPEN,LOW
PHC-DST-C2-04,PHC-DST-C2-05,DST-C2,2024-09-06,24.2,39.6,OPEN,LOW
PHC-DST-C2-04,PHC-DST-C2-05,DST-C2,2024-09-07,24.2,36.5,OPEN,LOW
PHC-DST-C2-04,PHC-DST-C2-05,DST-C2,2024-09-08,24.2,71.3,DEGRADED,MODERATE
PHC-DST-C2-04,PHC-DST-C2-05,DST-C2,2024-09-09,24.2,37.1,OPEN,LOW
PHC-DST-C2-04,PHC-DST-C2-05,DST-C2,2024-09-10,24.2,35.9,OPEN,LOW
PHC-DST-C2-04,PHC-DST-C2-05,DST-C2,2024-09-11,24.2,36.8,OPEN,LOW
PHC-DST-C2-04,PHC-DST-C2-05,DST-C2,2024-09-12,24.2,37.8,OPEN,LOW
PHC-DST-C2-04,PHC-DST-C2-05,DST-C2,2024-09-13,24.2,37.2,OPEN,LOW
PHC-DST-C2-04,PHC-DST-C2-05,DST-C2,2024-09-14,24.2,37.2,OPEN,LOW
PHC-DST-C2-04,PHC-DST-C2-05,DST-C2,2024-09-15,24.2,39.5,OPEN,LOW
PHC-DST-C2-04,PHC-DST-C2-05,DST-C2,2024-09-16,24.2,34.5,OPEN,LOW
PHC-DST-C2-04,PHC-DST-C2-05,DST-C2,2024-09-17,24.2,37.7,OPEN,LOW
PHC-DST-C2-04,PHC-DST-C2-05,DST-C2,2024-09-18,24.2,36.1,OPEN,LOW
PHC-DST-C2-04,PHC-DST-C2-05,DST-C2,2024-09-19,24.2,35.0,OPEN,LOW
PHC-DST-C2-04,PHC-DST-C2-05,DST-C2,2024-09-20,24.2,36.6,OPEN,LOW
PHC-DST-C2-04,PHC-DST-C2-05,DST-C2,2024-09-21,24.2,37.6,OPEN,LOW
PHC-DST-C2-04,PHC-DST-C2-05,DST-C2,2024-09-22,24.2,36.9,OPEN,LOW
PHC-DST-C2-04,PHC-DST-C2-05,DST-C2,2024-09-23,24.2,38.8,OPEN,LOW
PHC-DST-C2-04,PHC-DST-C2-05,DST-C2,2024-09-24,24.2,37.0,OPEN,LOW
PHC-DST-C2-04,PHC-DST-C2-05,DST-C2,2024-09-25,24.2,36.2,OPEN,LOW
PHC-DST-C2-04,PHC-DST-C2-05,DST-C2,2024-09-26,24.2,36.4,OPEN,LOW
PHC-DST-C2-04,PHC-DST-C2-05,DST-C2,2024-09-27,24.2,35.3,OPEN,LOW
PHC-DST-C2-04,PHC-DST-C2-05,DST-C2,2024-09-28,24.2,34.6,OPEN,LOW
PHC-DST-C2-04,PHC-DST-C2-05,DST-C2,2024-09-29,24.2,38.3,OPEN,LOW
PHC-DST-C2-04,PHC-DST-C2-05,DST-C2,2024-09-30,24.2,37.4,OPEN,LOW
PHC-DST-C2-04,PHC-DST-C2-05,DST-C2,2024-10-01,24.2,38.9,OPEN,LOW
PHC-DST-C2-04,PHC-DST-C2-05,DST-C2,2024-10-02,24.2,37.9,OPEN,LOW
PHC-DST-C2-04,PHC-DST-C2-05,DST-C2,2024-10-03,24.2,39.8,OPEN,LOW
PHC-DST-C2-04,PHC-DST-C2-05,DST-C2,2024-10-04,24.2,37.7,OPEN,LOW
PHC-DST-C2-04,PHC-DST-C2-05,DST-C2,2024-10-05,24.2,36.6,OPEN,LOW
PHC-DST-C2-04,PHC-DST-C2-05,DST-C2,2024-10-06,24.2,39.0,OPEN,LOW
PHC-DST-C2-04,PHC-DST-C2-05,DST-C2,2024-10-07,24.2,35.8,OPEN,LOW
PHC-DST-C2-04,PHC-DST-C2-05,DST-C2,2024-10-08,24.2,37.1,OPEN,LOW
PHC-DST-C2-04,PHC-DST-C2-05,DST-C2,2024-10-09,24.2,39.0,OPEN,LOW
PHC-DST-C2-04,PHC-DST-C2-05,DST-C2,2024-10-10,24.2,36.8,OPEN,LOW
PHC-DST-C2-04,PHC-DST-C2-05,DST-C2,2024-10-11,24.2,36.6,OPEN,LOW
PHC-DST-C2-04,PHC-DST-C2-05,DST-C2,2024-10-12,24.2,36.6,OPEN,LOW
PHC-DST-C2-04,PHC-DST-C2-05,DST-C2,2024-10-13,24.2,34.7,OPEN,LOW
PHC-DST-C2-04,PHC-DST-C2-05,DST-C2,2024-10-14,24.2,39.0,OPEN,LOW
PHC-DST-C2-04,PHC-DST-C2-05,DST-C2,2024-10-15,24.2,39.5,OPEN,LOW
PHC-DST-C2-04,PHC-DST-C2-05,DST-C2,2024-10-16,24.2,36.5,OPEN,LOW
PHC-DST-C2-04,PHC-DST-C2-05,DST-C2,2024-10-17,24.2,35.9,OPEN,LOW
PHC-DST-C2-04,PHC-DST-C2-05,DST-C2,2024-10-18,24.2,36.1,OPEN,LOW
PHC-DST-C2-04,PHC-DST-C2-05,DST-C2,2024-10-19,24.2,36.9,OPEN,LOW
PHC-DST-C2-04,PHC-DST-C2-05,DST-C2,2024-10-20,24.2,38.4,OPEN,LOW
PHC-DST-C2-04,PHC-DST-C2-05,DST-C2,2024-10-21,24.2,39.8,OPEN,LOW
PHC-DST-C2-04,PHC-DST-C2-05,DST-C2,2024-10-22,24.2,38.2,OPEN,LOW
PHC-DST-C2-04,PHC-DST-C2-05,DST-C2,2024-10-23,24.2,35.9,OPEN,LOW
PHC-DST-C2-04,PHC-DST-C2-05,DST-C2,2024-10-24,24.2,38.1,OPEN,LOW
PHC-DST-C2-04,PHC-DST-C2-05,DST-C2,2024-10-25,24.2,35.2,OPEN,LOW
PHC-DST-C2-04,PHC-DST-C2-05,DST-C2,2024-10-26,24.2,36.4,OPEN,LOW
PHC-DST-C2-04,PHC-DST-C2-05,DST-C2,2024-10-27,24.2,34.8,OPEN,LOW
PHC-DST-C2-04,PHC-DST-C2-05,DST-C2,2024-10-28,24.2,37.6,OPEN,LOW
PHC-DST-C2-04,PHC-DST-C2-05,DST-C2,2024-10-29,24.2,39.9,OPEN,LOW
PHC-DST-C2-04,PHC-DST-C2-05,DST-C2,2024-10-30,24.2,39.3,OPEN,LOW
PHC-DST-C2-04,PHC-DST-C2-05,DST-C2,2024-10-31,24.2,36.8,OPEN,LOW
PHC-DST-C2-04,PHC-DST-C2-05,DST-C2,2024-11-01,24.2,34.9,OPEN,LOW
PHC-DST-C2-04,PHC-DST-C2-05,DST-C2,2024-11-02,24.2,34.7,OPEN,LOW
PHC-DST-C2-04,PHC-DST-C2-05,DST-C2,2024-11-03,24.2,39.7,OPEN,LOW
PHC-DST-C2-04,PHC-DST-C2-05,DST-C2,2024-11-04,24.2,34.9,OPEN,LOW
PHC-DST-C2-04,PHC-DST-C2-05,DST-C2,2024-11-05,24.2,36.5,OPEN,LOW
PHC-DST-C2-04,PHC-DST-C2-05,DST-C2,2024-11-06,24.2,38.0,OPEN,LOW
PHC-DST-C2-04,PHC-DST-C2-05,DST-C2,2024-11-07,24.2,38.1,OPEN,LOW
PHC-DST-C2-04,PHC-DST-C2-05,DST-C2,2024-11-08,24.2,37.3,OPEN,LOW
PHC-DST-C2-04,PHC-DST-C2-05,DST-C2,2024-11-09,24.2,35.3,OPEN,LOW
PHC-DST-C2-04,PHC-DST-C2-05,DST-C2,2024-11-10,24.2,35.2,OPEN,LOW
PHC-DST-C2-04,PHC-DST-C2-05,DST-C2,2024-11-11,24.2,39.8,OPEN,LOW
PHC-DST-C2-04,PHC-DST-C2-05,DST-C2,2024-11-12,24.2,35.5,OPEN,LOW
PHC-DST-C2-04,PHC-DST-C2-05,DST-C2,2024-11-13,24.2,38.1,OPEN,LOW
PHC-DST-C2-04,PHC-DST-C2-05,DST-C2,2024-11-14,24.2,37.4,OPEN,LOW
PHC-DST-C2-04,PHC-DST-C2-05,DST-C2,2024-11-15,24.2,36.3,OPEN,LOW
PHC-DST-C2-04,PHC-DST-C2-05,DST-C2,2024-11-16,24.2,37.7,OPEN,LOW
PHC-DST-C2-04,PHC-DST-C2-05,DST-C2,2024-11-17,24.2,37.4,OPEN,LOW
PHC-DST-C2-04,PHC-DST-C2-05,DST-C2,2024-11-18,24.2,37.0,OPEN,LOW
PHC-DST-C2-04,PHC-DST-C2-05,DST-C2,2024-11-19,24.2,38.4,OPEN,LOW
PHC-DST-C2-04,PHC-DST-C2-05,DST-C2,2024-11-20,24.2,37.8,OPEN,LOW
PHC-DST-C2-04,PHC-DST-C2-05,DST-C2,2024-11-21,24.2,36.1,OPEN,LOW
PHC-DST-C2-04,PHC-DST-C2-05,DST-C2,2024-11-22,24.2,35.5,OPEN,LOW
PHC-DST-C2-04,PHC-DST-C2-05,DST-C2,2024-11-23,24.2,35.8,OPEN,LOW
PHC-DST-C2-04,PHC-DST-C2-05,DST-C2,2024-11-24,24.2,39.8,OPEN,LOW
PHC-DST-C2-04,PHC-DST-C2-05,DST-C2,2024-11-25,24.2,36.1,OPEN,LOW
PHC-DST-C2-04,PHC-DST-C2-05,DST-C2,2024-11-26,24.2,39.1,OPEN,LOW
PHC-DST-C2-04,PHC-DST-C2-05,DST-C2,2024-11-27,24.2,34.8,OPEN,LOW
PHC-DST-C2-04,PHC-DST-C2-05,DST-C2,2024-11-28,24.2,39.1,OPEN,LOW
PHC-DST-C2-04,PHC-DST-C2-05,DST-C2,2024-11-29,24.2,36.5,OPEN,LOW
PHC-DST-C2-04,PHC-DST-C2-05,DST-C2,2024-11-30,24.2,38.5,OPEN,LOW
PHC-DST-C2-04,PHC-DST-C2-05,DST-C2,2024-12-01,24.2,35.4,OPEN,LOW
PHC-DST-C2-04,PHC-DST-C2-05,DST-C2,2024-12-02,24.2,37.5,OPEN,LOW
PHC-DST-C2-04,PHC-DST-C2-05,DST-C2,2024-12-03,24.2,38.1,OPEN,LOW
PHC-DST-C2-04,PHC-DST-C2-05,DST-C2,2024-12-04,24.2,37.1,OPEN,LOW
PHC-DST-C2-04,PHC-DST-C2-05,DST-C2,2024-12-05,24.2,36.9,OPEN,LOW
PHC-DST-C2-04,PHC-DST-C2-05,DST-C2,2024-12-06,24.2,35.1,OPEN,LOW
PHC-DST-C2-04,PHC-DST-C2-05,DST-C2,2024-12-07,24.2,36.5,OPEN,LOW
PHC-DST-C2-04,PHC-DST-C2-05,DST-C2,2024-12-08,24.2,34.6,OPEN,LOW
PHC-DST-C2-04,PHC-DST-C2-05,DST-C2,2024-12-09,24.2,39.9,OPEN,LOW
PHC-DST-C2-04,PHC-DST-C2-05,DST-C2,2024-12-10,24.2,35.6,OPEN,LOW
PHC-DST-C2-04,PHC-DST-C2-05,DST-C2,2024-12-11,24.2,35.5,OPEN,LOW
PHC-DST-C2-04,PHC-DST-C2-05,DST-C2,2024-12-12,24.2,37.1,OPEN,LOW
PHC-DST-C2-04,PHC-DST-C2-05,DST-C2,2024-12-13,24.2,36.5,OPEN,LOW
PHC-DST-C2-04,PHC-DST-C2-05,DST-C2,2024-12-14,24.2,35.6,OPEN,LOW
PHC-DST-C2-04,PHC-DST-C2-05,DST-C2,2024-12-15,24.2,38.4,OPEN,LOW
PHC-DST-C2-04,PHC-DST-C2-05,DST-C2,2024-12-16,24.2,36.7,OPEN,LOW
PHC-DST-C2-04,PHC-DST-C2-05,DST-C2,2024-12-17,24.2,34.7,OPEN,LOW
PHC-DST-C2-04,PHC-DST-C2-05,DST-C2,2024-12-18,24.2,36.3,OPEN,LOW
PHC-DST-C2-04,PHC-DST-C2-05,DST-C2,2024-12-19,24.2,34.5,OPEN,LOW
PHC-DST-C2-04,PHC-DST-C2-05,DST-C2,2024-12-20,24.2,34.9,OPEN,LOW
PHC-DST-C2-04,PHC-DST-C2-05,DST-C2,2024-12-21,24.2,38.4,OPEN,LOW
PHC-DST-C2-04,PHC-DST-C2-05,DST-C2,2024-12-22,24.2,36.4,OPEN,LOW
PHC-DST-C2-04,PHC-DST-C2-05,DST-C2,2024-12-23,24.2,37.6,OPEN,LOW
PHC-DST-C2-04,PHC-DST-C2-05,DST-C2,2024-12-24,24.2,38.1,OPEN,LOW
PHC-DST-C2-04,PHC-DST-C2-05,DST-C2,2024-12-25,24.2,39.7,OPEN,LOW
PHC-DST-C2-04,PHC-DST-C2-05,DST-C2,2024-12-26,24.2,37.4,OPEN,LOW
PHC-DST-C2-04,PHC-DST-C2-05,DST-C2,2024-12-27,24.2,39.3,OPEN,LOW
PHC-DST-C2-04,PHC-DST-C2-05,DST-C2,2024-12-28,24.2,36.1,OPEN,LOW
PHC-DST-C2-04,PHC-DST-C2-05,DST-C2,2024-12-29,24.2,35.0,OPEN,LOW
PHC-DST-C2-04,PHC-DST-C2-05,DST-C2,2024-12-30,24.2,35.0,OPEN,LOW
PHC-DST-C2-04,PHC-DST-C2-05,DST-C2,2024-12-31,24.2,36.7,OPEN,LOW
PHC-DST-C2-04,PHC-DST-C2-05,DST-C2,2025-01-01,24.2,36.0,OPEN,LOW
PHC-DST-C2-04,PHC-DST-C2-05,DST-C2,2025-01-02,24.2,34.8,OPEN,LOW
PHC-DST-C2-04,PHC-DST-C2-05,DST-C2,2025-01-03,24.2,35.6,OPEN,LOW
PHC-DST-C2-04,PHC-DST-C2-05,DST-C2,2025-01-04,24.2,37.8,OPEN,LOW
PHC-DST-C2-04,PHC-DST-C2-05,DST-C2,2025-01-05,24.2,34.6,OPEN,LOW
PHC-DST-C2-04,PHC-DST-C2-05,DST-C2,2025-01-06,24.2,37.4,OPEN,LOW
PHC-DST-C2-04,PHC-DST-C2-05,DST-C2,2025-01-07,24.2,39.6,OPEN,LOW
PHC-DST-C2-04,PHC-DST-C2-05,DST-C2,2025-01-08,24.2,38.3,OPEN,LOW
PHC-DST-C2-04,PHC-DST-C2-05,DST-C2,2025-01-09,24.2,39.2,OPEN,LOW
PHC-DST-C2-04,PHC-DST-C2-05,DST-C2,2025-01-10,24.2,36.3,OPEN,LOW
PHC-DST-C2-04,PHC-DST-C2-05,DST-C2,2025-01-11,24.2,37.6,OPEN,LOW
PHC-DST-C2-04,PHC-DST-C2-05,DST-C2,2025-01-12,24.2,39.5,OPEN,LOW
PHC-DST-C2-04,PHC-DST-C2-05,DST-C2,2025-01-13,24.2,35.4,OPEN,LOW
PHC-DST-C2-04,PHC-DST-C2-05,DST-C2,2025-01-14,24.2,36.9,OPEN,LOW
PHC-DST-C2-04,PHC-DST-C2-05,DST-C2,2025-01-15,24.2,36.5,OPEN,LOW
PHC-DST-C2-04,PHC-DST-C2-05,DST-C2,2025-01-16,24.2,36.5,OPEN,LOW
PHC-DST-C2-04,PHC-DST-C2-05,DST-C2,2025-01-17,24.2,34.6,OPEN,LOW
PHC-DST-C2-04,PHC-DST-C2-05,DST-C2,2025-01-18,24.2,39.2,OPEN,LOW
PHC-DST-C2-04,PHC-DST-C2-05,DST-C2,2025-01-19,24.2,36.6,OPEN,LOW
PHC-DST-C2-04,PHC-DST-C2-05,DST-C2,2025-01-20,24.2,39.4,OPEN,LOW
PHC-DST-C2-04,PHC-DST-C2-05,DST-C2,2025-01-21,24.2,37.1,OPEN,LOW
PHC-DST-C2-04,PHC-DST-C2-05,DST-C2,2025-01-22,24.2,36.6,OPEN,LOW
PHC-DST-C2-04,PHC-DST-C2-05,DST-C2,2025-01-23,24.2,38.3,OPEN,LOW
PHC-DST-C2-04,PHC-DST-C2-05,DST-C2,2025-01-24,24.2,39.2,OPEN,LOW
PHC-DST-C2-04,PHC-DST-C2-05,DST-C2,2025-01-25,24.2,39.1,OPEN,LOW
PHC-DST-C2-04,PHC-DST-C2-05,DST-C2,2025-01-26,24.2,35.2,OPEN,LOW
PHC-DST-C2-04,PHC-DST-C2-05,DST-C2,2025-01-27,24.2,37.9,OPEN,LOW
PHC-DST-C2-04,PHC-DST-C2-05,DST-C2,2025-01-28,24.2,39.7,OPEN,LOW
PHC-DST-C2-04,PHC-DST-C2-05,DST-C2,2025-01-29,24.2,37.9,OPEN,LOW
PHC-DST-C2-04,PHC-DST-C2-05,DST-C2,2025-01-30,24.2,37.4,OPEN,LOW
PHC-DST-C2-04,PHC-DST-C2-05,DST-C2,2025-01-31,24.2,35.9,OPEN,LOW
PHC-DST-C2-04,PHC-DST-C2-05,DST-C2,2025-02-01,24.2,35.3,OPEN,LOW
PHC-DST-C2-04,PHC-DST-C2-05,DST-C2,2025-02-02,24.2,38.9,OPEN,LOW
PHC-DST-C2-04,PHC-DST-C2-05,DST-C2,2025-02-03,24.2,35.9,OPEN,LOW
PHC-DST-C2-04,PHC-DST-C2-05,DST-C2,2025-02-04,24.2,37.3,OPEN,LOW
PHC-DST-C2-04,PHC-DST-C2-05,DST-C2,2025-02-05,24.2,37.8,OPEN,LOW
PHC-DST-C2-04,PHC-DST-C2-05,DST-C2,2025-02-06,24.2,37.5,OPEN,LOW
PHC-DST-C2-04,PHC-DST-C2-05,DST-C2,2025-02-07,24.2,37.5,OPEN,LOW
PHC-DST-C2-04,PHC-DST-C2-05,DST-C2,2025-02-08,24.2,36.7,OPEN,LOW
PHC-DST-C2-04,PHC-DST-C2-05,DST-C2,2025-02-09,24.2,34.7,OPEN,LOW
PHC-DST-C2-04,PHC-DST-C2-05,DST-C2,2025-02-10,24.2,39.6,OPEN,LOW
PHC-DST-C2-04,PHC-DST-C2-05,DST-C2,2025-02-11,24.2,35.3,OPEN,LOW
PHC-DST-C2-04,PHC-DST-C2-05,DST-C2,2025-02-12,24.2,34.5,OPEN,LOW
PHC-DST-C2-04,PHC-DST-C2-05,DST-C2,2025-02-13,24.2,37.5,OPEN,LOW
PHC-DST-C2-04,PHC-DST-C2-05,DST-C2,2025-02-14,24.2,34.7,OPEN,LOW
PHC-DST-C2-04,PHC-DST-C2-05,DST-C2,2025-02-15,24.2,38.9,OPEN,LOW
PHC-DST-C2-04,PHC-DST-C2-05,DST-C2,2025-02-16,24.2,37.9,OPEN,LOW
PHC-DST-C2-04,PHC-DST-C2-05,DST-C2,2025-02-17,24.2,35.9,OPEN,LOW
PHC-DST-C2-04,PHC-DST-C2-05,DST-C2,2025-02-18,24.2,36.1,OPEN,LOW
PHC-DST-C2-04,PHC-DST-C2-05,DST-C2,2025-02-19,24.2,37.0,OPEN,LOW
PHC-DST-C2-04,PHC-DST-C2-05,DST-C2,2025-02-20,24.2,38.9,OPEN,LOW
PHC-DST-C2-04,PHC-DST-C2-05,DST-C2,2025-02-21,24.2,39.7,OPEN,LOW
PHC-DST-C2-04,PHC-DST-C2-05,DST-C2,2025-02-22,24.2,35.7,OPEN,LOW
PHC-DST-C2-04,PHC-DST-C2-05,DST-C2,2025-02-23,24.2,35.1,OPEN,LOW
PHC-DST-C2-04,PHC-DST-C2-05,DST-C2,2025-02-24,24.2,37.8,OPEN,LOW
PHC-DST-C2-04,PHC-DST-C2-05,DST-C2,2025-02-25,24.2,37.7,OPEN,LOW
PHC-DST-C2-04,PHC-DST-C2-05,DST-C2,2025-02-26,24.2,38.3,OPEN,LOW
PHC-DST-C2-04,PHC-DST-C2-05,DST-C2,2025-02-27,24.2,36.4,OPEN,LOW
PHC-DST-C2-04,PHC-DST-C2-05,DST-C2,2025-02-28,24.2,37.9,OPEN,LOW
PHC-DST-C2-04,PHC-DST-C2-05,DST-C2,2025-03-01,24.2,36.2,OPEN,LOW
PHC-DST-C2-04,PHC-DST-C2-05,DST-C2,2025-03-02,24.2,39.5,OPEN,LOW
PHC-DST-C2-04,PHC-DST-C2-05,DST-C2,2025-03-03,24.2,39.6,OPEN,LOW
PHC-DST-C2-04,PHC-DST-C2-05,DST-C2,2025-03-04,24.2,39.8,OPEN,LOW
PHC-DST-C2-04,PHC-DST-C2-05,DST-C2,2025-03-05,24.2,35.0,OPEN,LOW
PHC-DST-C2-04,PHC-DST-C2-05,DST-C2,2025-03-06,24.2,37.4,OPEN,LOW
PHC-DST-C2-04,PHC-DST-C2-05,DST-C2,2025-03-07,24.2,37.7,OPEN,LOW
PHC-DST-C2-04,PHC-DST-C2-05,DST-C2,2025-03-08,24.2,39.9,OPEN,LOW
PHC-DST-C2-04,PHC-DST-C2-05,DST-C2,2025-03-09,24.2,38.8,OPEN,LOW
PHC-DST-C2-04,PHC-DST-C2-05,DST-C2,2025-03-10,24.2,39.6,OPEN,LOW
PHC-DST-C2-04,PHC-DST-C2-05,DST-C2,2025-03-11,24.2,35.7,OPEN,LOW
PHC-DST-C2-04,PHC-DST-C2-05,DST-C2,2025-03-12,24.2,35.5,OPEN,LOW
PHC-DST-C2-04,PHC-DST-C2-05,DST-C2,2025-03-13,24.2,38.4,OPEN,LOW
PHC-DST-C2-04,PHC-DST-C2-05,DST-C2,2025-03-14,24.2,34.6,OPEN,LOW
PHC-DST-C2-04,PHC-DST-C2-05,DST-C2,2025-03-15,24.2,39.6,OPEN,LOW
PHC-DST-C2-04,PHC-DST-C2-05,DST-C2,2025-03-16,24.2,38.4,OPEN,LOW
PHC-DST-C2-04,PHC-DST-C2-05,DST-C2,2025-03-17,24.2,37.2,OPEN,LOW
PHC-DST-C2-04,PHC-DST-C2-05,DST-C2,2025-03-18,24.2,37.9,OPEN,LOW
PHC-DST-C2-04,PHC-DST-C2-05,DST-C2,2025-03-19,24.2,36.0,OPEN,LOW
PHC-DST-C2-04,PHC-DST-C2-05,DST-C2,2025-03-20,24.2,35.9,OPEN,LOW
PHC-DST-C2-04,PHC-DST-C2-05,DST-C2,2025-03-21,24.2,39.9,OPEN,LOW
PHC-DST-C2-04,PHC-DST-C2-05,DST-C2,2025-03-22,24.2,37.2,OPEN,LOW
PHC-DST-C2-04,PHC-DST-C2-05,DST-C2,2025-03-23,24.2,36.2,OPEN,LOW
PHC-DST-C2-04,PHC-DST-C2-05,DST-C2,2025-03-24,24.2,38.3,OPEN,LOW
PHC-DST-C2-04,PHC-DST-C2-05,DST-C2,2025-03-25,24.2,34.6,OPEN,LOW
PHC-DST-C2-04,PHC-DST-C2-05,DST-C2,2025-03-26,24.2,37.7,OPEN,LOW
PHC-DST-C2-04,PHC-DST-C2-05,DST-C2,2025-03-27,24.2,36.2,OPEN,LOW
PHC-DST-C2-04,PHC-DST-C2-05,DST-C2,2025-03-28,24.2,34.6,OPEN,LOW
PHC-DST-C2-04,PHC-DST-C2-05,DST-C2,2025-03-29,24.2,35.2,OPEN,LOW
PHC-DST-C2-04,PHC-DST-C2-05,DST-C2,2025-03-30,24.2,36.7,OPEN,LOW
PHC-DST-C2-04,PHC-DST-C2-05,DST-C2,2025-03-31,24.2,36.2,OPEN,LOW
PHC-DST-C2-04,PHC-DST-C2-05,DST-C2,2025-04-01,24.2,37.1,OPEN,LOW
PHC-DST-C2-04,PHC-DST-C2-05,DST-C2,2025-04-02,24.2,35.4,OPEN,LOW
PHC-DST-C2-04,PHC-DST-C2-05,DST-C2,2025-04-03,24.2,36.0,OPEN,LOW
PHC-DST-C2-04,PHC-DST-C2-05,DST-C2,2025-04-04,24.2,38.2,OPEN,LOW
PHC-DST-C2-04,PHC-DST-C2-05,DST-C2,2025-04-05,24.2,34.6,OPEN,LOW
PHC-DST-C2-04,PHC-DST-C2-05,DST-C2,2025-04-06,24.2,34.8,OPEN,LOW
PHC-DST-C2-04,PHC-DST-C2-05,DST-C2,2025-04-07,24.2,35.9,OPEN,LOW
PHC-DST-C2-04,PHC-DST-C2-05,DST-C2,2025-04-08,24.2,37.8,OPEN,LOW
PHC-DST-C2-04,PHC-DST-C2-05,DST-C2,2025-04-09,24.2,37.5,OPEN,LOW
PHC-DST-C2-04,PHC-DST-C2-05,DST-C2,2025-04-10,24.2,35.8,OPEN,LOW
PHC-DST-C2-04,PHC-DST-C2-05,DST-C2,2025-04-11,24.2,34.9,OPEN,LOW
PHC-DST-C2-04,PHC-DST-C2-05,DST-C2,2025-04-12,24.2,39.7,OPEN,LOW
PHC-DST-C2-04,PHC-DST-C2-05,DST-C2,2025-04-13,24.2,36.0,OPEN,LOW
PHC-DST-C2-04,PHC-DST-C2-05,DST-C2,2025-04-14,24.2,39.5,OPEN,LOW
PHC-DST-C2-04,PHC-DST-C2-05,DST-C2,2025-04-15,24.2,39.5,OPEN,LOW
PHC-DST-C2-04,PHC-DST-C2-05,DST-C2,2025-04-16,24.2,39.2,OPEN,LOW
PHC-DST-C2-04,PHC-DST-C2-05,DST-C2,2025-04-17,24.2,39.3,OPEN,LOW
PHC-DST-C2-04,PHC-DST-C2-05,DST-C2,2025-04-18,24.2,38.7,OPEN,LOW
PHC-DST-C2-04,PHC-DST-C2-05,DST-C2,2025-04-19,24.2,36.0,OPEN,LOW
PHC-DST-C2-04,PHC-DST-C2-05,DST-C2,2025-04-20,24.2,35.0,OPEN,LOW
PHC-DST-C2-04,PHC-DST-C2-05,DST-C2,2025-04-21,24.2,37.7,OPEN,LOW
PHC-DST-C2-04,PHC-DST-C2-05,DST-C2,2025-04-22,24.2,36.9,OPEN,LOW
PHC-DST-C2-04,PHC-DST-C2-05,DST-C2,2025-04-23,24.2,38.5,OPEN,LOW
PHC-DST-C2-04,PHC-DST-C2-05,DST-C2,2025-04-24,24.2,39.6,OPEN,LOW
PHC-DST-C2-04,PHC-DST-C2-05,DST-C2,2025-04-25,24.2,35.7,OPEN,LOW
PHC-DST-C2-04,PHC-DST-C2-05,DST-C2,2025-04-26,24.2,35.5,OPEN,LOW
PHC-DST-C2-04,PHC-DST-C2-05,DST-C2,2025-04-27,24.2,39.8,OPEN,LOW
PHC-DST-C2-04,PHC-DST-C2-05,DST-C2,2025-04-28,24.2,36.6,OPEN,LOW
PHC-DST-C2-04,PHC-DST-C2-05,DST-C2,2025-04-29,24.2,35.1,OPEN,LOW
PHC-DST-C2-04,PHC-DST-C2-05,DST-C2,2025-04-30,24.2,39.9,OPEN,LOW
PHC-DST-C2-04,PHC-DST-C2-05,DST-C2,2025-05-01,24.2,38.2,OPEN,LOW
PHC-DST-C2-04,PHC-DST-C2-05,DST-C2,2025-05-02,24.2,34.9,OPEN,LOW
PHC-DST-C2-04,PHC-DST-C2-05,DST-C2,2025-05-03,24.2,36.3,OPEN,LOW
PHC-DST-C2-04,PHC-DST-C2-05,DST-C2,2025-05-04,24.2,37.2,OPEN,LOW
PHC-DST-C2-04,PHC-DST-C2-05,DST-C2,2025-05-05,24.2,37.5,OPEN,LOW
PHC-DST-C2-04,PHC-DST-C2-05,DST-C2,2025-05-06,24.2,37.8,OPEN,LOW
PHC-DST-C2-04,PHC-DST-C2-05,DST-C2,2025-05-07,24.2,38.7,OPEN,LOW
PHC-DST-C2-04,PHC-DST-C2-05,DST-C2,2025-05-08,24.2,36.5,OPEN,LOW
PHC-DST-C2-04,PHC-DST-C2-05,DST-C2,2025-05-09,24.2,37.1,OPEN,LOW
PHC-DST-C2-04,PHC-DST-C2-05,DST-C2,2025-05-10,24.2,35.5,OPEN,LOW
PHC-DST-C2-04,PHC-DST-C2-05,DST-C2,2025-05-11,24.2,35.9,OPEN,LOW
PHC-DST-C2-04,PHC-DST-C2-05,DST-C2,2025-05-12,24.2,37.8,OPEN,LOW
PHC-DST-C2-04,PHC-DST-C2-05,DST-C2,2025-05-13,24.2,37.7,OPEN,LOW
PHC-DST-C2-04,PHC-DST-C2-05,DST-C2,2025-05-14,24.2,39.1,OPEN,LOW
PHC-DST-C2-04,PHC-DST-C2-05,DST-C2,2025-05-15,24.2,39.7,OPEN,LOW
PHC-DST-C2-04,PHC-DST-C2-05,DST-C2,2025-05-16,24.2,37.2,OPEN,LOW
PHC-DST-C2-04,PHC-DST-C2-05,DST-C2,2025-05-17,24.2,38.9,OPEN,LOW
PHC-DST-C2-04,PHC-DST-C2-05,DST-C2,2025-05-18,24.2,34.5,OPEN,LOW
PHC-DST-C2-04,PHC-DST-C2-05,DST-C2,2025-05-19,24.2,39.5,OPEN,LOW
PHC-DST-C2-04,PHC-DST-C2-05,DST-C2,2025-05-20,24.2,36.3,OPEN,LOW
PHC-DST-C2-04,PHC-DST-C2-05,DST-C2,2025-05-21,24.2,37.6,OPEN,LOW
PHC-DST-C2-04,PHC-DST-C2-05,DST-C2,2025-05-22,24.2,36.6,OPEN,LOW
PHC-DST-C2-04,PHC-DST-C2-05,DST-C2,2025-05-23,24.2,39.1,OPEN,LOW
PHC-DST-C2-04,PHC-DST-C2-05,DST-C2,2025-05-24,24.2,39.5,OPEN,LOW
PHC-DST-C2-04,PHC-DST-C2-05,DST-C2,2025-05-25,24.2,39.5,OPEN,LOW
PHC-DST-C2-04,PHC-DST-C2-05,DST-C2,2025-05-26,24.2,38.4,OPEN,LOW
PHC-DST-C2-04,PHC-DST-C2-05,DST-C2,2025-05-27,24.2,39.7,OPEN,LOW
PHC-DST-C2-04,PHC-DST-C2-05,DST-C2,2025-05-28,24.2,38.6,OPEN,LOW
PHC-DST-C2-04,PHC-DST-C2-05,DST-C2,2025-05-29,24.2,36.6,OPEN,LOW
PHC-DST-C2-04,PHC-DST-C2-05,DST-C2,2025-05-30,24.2,34.8,OPEN,LOW
PHC-DST-C2-04,PHC-DST-C2-05,DST-C2,2025-05-31,24.2,38.0,OPEN,LOW
PHC-DST-C2-04,PHC-DST-C2-05,DST-C2,2025-06-01,24.2,38.6,OPEN,LOW
PHC-DST-C2-04,PHC-DST-C2-05,DST-C2,2025-06-02,24.2,38.3,OPEN,LOW
PHC-DST-C2-04,PHC-DST-C2-05,DST-C2,2025-06-03,24.2,35.8,OPEN,LOW
PHC-DST-C2-04,PHC-DST-C2-05,DST-C2,2025-06-04,24.2,36.3,OPEN,LOW
PHC-DST-C2-04,PHC-DST-C2-05,DST-C2,2025-06-05,24.2,38.1,OPEN,LOW
PHC-DST-C2-04,PHC-DST-C2-05,DST-C2,2025-06-06,24.2,39.0,OPEN,LOW
PHC-DST-C2-04,PHC-DST-C2-05,DST-C2,2025-06-07,24.2,34.7,OPEN,LOW
PHC-DST-C2-04,PHC-DST-C2-05,DST-C2,2025-06-08,24.2,35.7,OPEN,LOW
PHC-DST-C2-04,PHC-DST-C2-05,DST-C2,2025-06-09,24.2,35.1,OPEN,LOW
PHC-DST-C2-04,PHC-DST-C2-05,DST-C2,2025-06-10,24.2,38.2,OPEN,LOW
PHC-DST-C2-04,PHC-DST-C2-05,DST-C2,2025-06-11,24.2,34.5,OPEN,LOW
PHC-DST-C2-04,PHC-DST-C2-05,DST-C2,2025-06-12,24.2,36.1,OPEN,LOW
PHC-DST-C2-04,PHC-DST-C2-05,DST-C2,2025-06-13,24.2,37.1,OPEN,LOW
PHC-DST-C2-04,PHC-DST-C2-05,DST-C2,2025-06-14,24.2,38.7,OPEN,LOW
PHC-DST-C2-04,PHC-DST-C2-05,DST-C2,2025-06-15,24.2,36.1,OPEN,LOW
PHC-DST-C2-04,PHC-DST-C2-05,DST-C2,2025-06-16,24.2,36.3,OPEN,LOW
PHC-DST-C2-04,PHC-DST-C2-05,DST-C2,2025-06-17,24.2,37.1,OPEN,LOW
PHC-DST-C2-04,PHC-DST-C2-05,DST-C2,2025-06-18,24.2,35.9,OPEN,LOW
PHC-DST-C2-04,PHC-DST-C2-05,DST-C2,2025-06-19,24.2,34.9,OPEN,LOW
PHC-DST-C2-04,PHC-DST-C2-05,DST-C2,2025-06-20,24.2,38.5,OPEN,LOW
PHC-DST-C2-04,PHC-DST-C2-05,DST-C2,2025-06-21,24.2,36.9,OPEN,LOW
PHC-DST-C2-04,PHC-DST-C2-05,DST-C2,2025-06-22,24.2,37.3,OPEN,LOW
PHC-DST-C2-04,PHC-DST-C2-05,DST-C2,2025-06-23,24.2,39.2,OPEN,LOW
PHC-DST-C2-04,PHC-DST-C2-05,DST-C2,2025-06-24,24.2,38.9,OPEN,LOW
PHC-DST-C2-04,PHC-DST-C2-05,DST-C2,2025-06-25,24.2,37.5,OPEN,LOW
PHC-DST-C2-04,PHC-DST-C2-05,DST-C2,2025-06-26,24.2,38.5,OPEN,LOW
PHC-DST-C2-04,PHC-DST-C2-05,DST-C2,2025-06-27,24.2,37.7,OPEN,LOW
PHC-DST-C2-04,PHC-DST-C2-05,DST-C2,2025-06-28,24.2,39.1,OPEN,LOW
PHC-DST-C2-04,PHC-DST-C2-05,DST-C2,2025-06-29,24.2,36.0,OPEN,LOW
PHC-DST-C2-04,PHC-DST-C2-05,DST-C2,2025-06-30,24.2,37.8,OPEN,LOW
PHC-DST-C2-05,PHC-DST-C2-06,DST-C2,2024-01-01,34.9,52.7,OPEN,LOW
PHC-DST-C2-05,PHC-DST-C2-06,DST-C2,2024-01-02,34.9,55.7,OPEN,LOW
PHC-DST-C2-05,PHC-DST-C2-06,DST-C2,2024-01-03,34.9,53.3,OPEN,LOW
PHC-DST-C2-05,PHC-DST-C2-06,DST-C2,2024-01-04,34.9,56.3,OPEN,LOW
PHC-DST-C2-05,PHC-DST-C2-06,DST-C2,2024-01-05,34.9,49.8,OPEN,LOW
PHC-DST-C2-05,PHC-DST-C2-06,DST-C2,2024-01-06,34.9,57.0,OPEN,LOW
PHC-DST-C2-05,PHC-DST-C2-06,DST-C2,2024-01-07,34.9,49.8,OPEN,LOW
PHC-DST-C2-05,PHC-DST-C2-06,DST-C2,2024-01-08,34.9,55.3,OPEN,LOW
PHC-DST-C2-05,PHC-DST-C2-06,DST-C2,2024-01-09,34.9,52.6,OPEN,LOW
PHC-DST-C2-05,PHC-DST-C2-06,DST-C2,2024-01-10,34.9,55.6,OPEN,LOW
PHC-DST-C2-05,PHC-DST-C2-06,DST-C2,2024-01-11,34.9,54.4,OPEN,LOW
PHC-DST-C2-05,PHC-DST-C2-06,DST-C2,2024-01-12,34.9,55.9,OPEN,LOW
PHC-DST-C2-05,PHC-DST-C2-06,DST-C2,2024-01-13,34.9,56.5,OPEN,LOW
PHC-DST-C2-05,PHC-DST-C2-06,DST-C2,2024-01-14,34.9,55.7,OPEN,LOW
PHC-DST-C2-05,PHC-DST-C2-06,DST-C2,2024-01-15,34.9,54.2,OPEN,LOW
PHC-DST-C2-05,PHC-DST-C2-06,DST-C2,2024-01-16,34.9,56.0,OPEN,LOW
PHC-DST-C2-05,PHC-DST-C2-06,DST-C2,2024-01-17,34.9,50.4,OPEN,LOW
PHC-DST-C2-05,PHC-DST-C2-06,DST-C2,2024-01-18,34.9,55.0,OPEN,LOW
PHC-DST-C2-05,PHC-DST-C2-06,DST-C2,2024-01-19,34.9,55.7,OPEN,LOW
PHC-DST-C2-05,PHC-DST-C2-06,DST-C2,2024-01-20,34.9,52.6,OPEN,LOW
PHC-DST-C2-05,PHC-DST-C2-06,DST-C2,2024-01-21,34.9,57.2,OPEN,LOW
PHC-DST-C2-05,PHC-DST-C2-06,DST-C2,2024-01-22,34.9,50.2,OPEN,LOW
PHC-DST-C2-05,PHC-DST-C2-06,DST-C2,2024-01-23,34.9,51.0,OPEN,LOW
PHC-DST-C2-05,PHC-DST-C2-06,DST-C2,2024-01-24,34.9,54.0,OPEN,LOW
PHC-DST-C2-05,PHC-DST-C2-06,DST-C2,2024-01-25,34.9,50.3,OPEN,LOW
PHC-DST-C2-05,PHC-DST-C2-06,DST-C2,2024-01-26,34.9,54.9,OPEN,LOW
PHC-DST-C2-05,PHC-DST-C2-06,DST-C2,2024-01-27,34.9,50.2,OPEN,LOW
PHC-DST-C2-05,PHC-DST-C2-06,DST-C2,2024-01-28,34.9,55.9,OPEN,LOW
PHC-DST-C2-05,PHC-DST-C2-06,DST-C2,2024-01-29,34.9,51.6,OPEN,LOW
PHC-DST-C2-05,PHC-DST-C2-06,DST-C2,2024-01-30,34.9,56.6,OPEN,LOW
PHC-DST-C2-05,PHC-DST-C2-06,DST-C2,2024-01-31,34.9,49.8,OPEN,LOW
PHC-DST-C2-05,PHC-DST-C2-06,DST-C2,2024-02-01,34.9,56.5,OPEN,LOW
PHC-DST-C2-05,PHC-DST-C2-06,DST-C2,2024-02-02,34.9,52.9,OPEN,LOW
PHC-DST-C2-05,PHC-DST-C2-06,DST-C2,2024-02-03,34.9,56.0,OPEN,LOW
PHC-DST-C2-05,PHC-DST-C2-06,DST-C2,2024-02-04,34.9,54.4,OPEN,LOW
PHC-DST-C2-05,PHC-DST-C2-06,DST-C2,2024-02-05,34.9,56.7,OPEN,LOW
PHC-DST-C2-05,PHC-DST-C2-06,DST-C2,2024-02-06,34.9,55.9,OPEN,LOW
PHC-DST-C2-05,PHC-DST-C2-06,DST-C2,2024-02-07,34.9,50.2,OPEN,LOW
PHC-DST-C2-05,PHC-DST-C2-06,DST-C2,2024-02-08,34.9,57.3,OPEN,LOW
PHC-DST-C2-05,PHC-DST-C2-06,DST-C2,2024-02-09,34.9,51.9,OPEN,LOW
PHC-DST-C2-05,PHC-DST-C2-06,DST-C2,2024-02-10,34.9,52.2,OPEN,LOW
PHC-DST-C2-05,PHC-DST-C2-06,DST-C2,2024-02-11,34.9,54.0,OPEN,LOW
PHC-DST-C2-05,PHC-DST-C2-06,DST-C2,2024-02-12,34.9,52.2,OPEN,LOW
PHC-DST-C2-05,PHC-DST-C2-06,DST-C2,2024-02-13,34.9,54.2,OPEN,LOW
PHC-DST-C2-05,PHC-DST-C2-06,DST-C2,2024-02-14,34.9,50.3,OPEN,LOW
PHC-DST-C2-05,PHC-DST-C2-06,DST-C2,2024-02-15,34.9,56.2,OPEN,LOW
PHC-DST-C2-05,PHC-DST-C2-06,DST-C2,2024-02-16,34.9,56.4,OPEN,LOW
PHC-DST-C2-05,PHC-DST-C2-06,DST-C2,2024-02-17,34.9,55.0,OPEN,LOW
PHC-DST-C2-05,PHC-DST-C2-06,DST-C2,2024-02-18,34.9,54.7,OPEN,LOW
PHC-DST-C2-05,PHC-DST-C2-06,DST-C2,2024-02-19,34.9,56.7,OPEN,LOW
PHC-DST-C2-05,PHC-DST-C2-06,DST-C2,2024-02-20,34.9,57.5,OPEN,LOW
PHC-DST-C2-05,PHC-DST-C2-06,DST-C2,2024-02-21,34.9,55.5,OPEN,LOW
PHC-DST-C2-05,PHC-DST-C2-06,DST-C2,2024-02-22,34.9,52.4,OPEN,LOW
PHC-DST-C2-05,PHC-DST-C2-06,DST-C2,2024-02-23,34.9,52.4,OPEN,LOW
PHC-DST-C2-05,PHC-DST-C2-06,DST-C2,2024-02-24,34.9,54.5,OPEN,LOW
PHC-DST-C2-05,PHC-DST-C2-06,DST-C2,2024-02-25,34.9,53.9,OPEN,LOW
PHC-DST-C2-05,PHC-DST-C2-06,DST-C2,2024-02-26,34.9,51.9,OPEN,LOW
PHC-DST-C2-05,PHC-DST-C2-06,DST-C2,2024-02-27,34.9,52.4,OPEN,LOW
PHC-DST-C2-05,PHC-DST-C2-06,DST-C2,2024-02-28,34.9,54.7,OPEN,LOW
PHC-DST-C2-05,PHC-DST-C2-06,DST-C2,2024-02-29,34.9,54.4,OPEN,LOW
PHC-DST-C2-05,PHC-DST-C2-06,DST-C2,2024-03-01,34.9,52.2,OPEN,LOW
PHC-DST-C2-05,PHC-DST-C2-06,DST-C2,2024-03-02,34.9,56.9,OPEN,LOW
PHC-DST-C2-05,PHC-DST-C2-06,DST-C2,2024-03-03,34.9,54.7,OPEN,LOW
PHC-DST-C2-05,PHC-DST-C2-06,DST-C2,2024-03-04,34.9,50.6,OPEN,LOW
PHC-DST-C2-05,PHC-DST-C2-06,DST-C2,2024-03-05,34.9,57.4,OPEN,LOW
PHC-DST-C2-05,PHC-DST-C2-06,DST-C2,2024-03-06,34.9,55.1,OPEN,LOW
PHC-DST-C2-05,PHC-DST-C2-06,DST-C2,2024-03-07,34.9,56.3,OPEN,LOW
PHC-DST-C2-05,PHC-DST-C2-06,DST-C2,2024-03-08,34.9,51.6,OPEN,LOW
PHC-DST-C2-05,PHC-DST-C2-06,DST-C2,2024-03-09,34.9,51.8,OPEN,LOW
PHC-DST-C2-05,PHC-DST-C2-06,DST-C2,2024-03-10,34.9,57.5,OPEN,LOW
PHC-DST-C2-05,PHC-DST-C2-06,DST-C2,2024-03-11,34.9,54.6,OPEN,LOW
PHC-DST-C2-05,PHC-DST-C2-06,DST-C2,2024-03-12,34.9,57.0,OPEN,LOW
PHC-DST-C2-05,PHC-DST-C2-06,DST-C2,2024-03-13,34.9,51.6,OPEN,LOW
PHC-DST-C2-05,PHC-DST-C2-06,DST-C2,2024-03-14,34.9,49.9,OPEN,LOW
PHC-DST-C2-05,PHC-DST-C2-06,DST-C2,2024-03-15,34.9,53.2,OPEN,LOW
PHC-DST-C2-05,PHC-DST-C2-06,DST-C2,2024-03-16,34.9,56.8,OPEN,LOW
PHC-DST-C2-05,PHC-DST-C2-06,DST-C2,2024-03-17,34.9,57.1,OPEN,LOW
PHC-DST-C2-05,PHC-DST-C2-06,DST-C2,2024-03-18,34.9,54.4,OPEN,LOW
PHC-DST-C2-05,PHC-DST-C2-06,DST-C2,2024-03-19,34.9,50.2,OPEN,LOW
PHC-DST-C2-05,PHC-DST-C2-06,DST-C2,2024-03-20,34.9,53.3,OPEN,LOW
PHC-DST-C2-05,PHC-DST-C2-06,DST-C2,2024-03-21,34.9,57.5,OPEN,LOW
PHC-DST-C2-05,PHC-DST-C2-06,DST-C2,2024-03-22,34.9,53.4,OPEN,LOW
PHC-DST-C2-05,PHC-DST-C2-06,DST-C2,2024-03-23,34.9,53.2,OPEN,LOW
PHC-DST-C2-05,PHC-DST-C2-06,DST-C2,2024-03-24,34.9,51.9,OPEN,LOW
PHC-DST-C2-05,PHC-DST-C2-06,DST-C2,2024-03-25,34.9,57.5,OPEN,LOW
PHC-DST-C2-05,PHC-DST-C2-06,DST-C2,2024-03-26,34.9,52.4,OPEN,LOW
PHC-DST-C2-05,PHC-DST-C2-06,DST-C2,2024-03-27,34.9,54.7,OPEN,LOW
PHC-DST-C2-05,PHC-DST-C2-06,DST-C2,2024-03-28,34.9,55.3,OPEN,LOW
PHC-DST-C2-05,PHC-DST-C2-06,DST-C2,2024-03-29,34.9,51.0,OPEN,LOW
PHC-DST-C2-05,PHC-DST-C2-06,DST-C2,2024-03-30,34.9,52.5,OPEN,LOW
PHC-DST-C2-05,PHC-DST-C2-06,DST-C2,2024-03-31,34.9,52.1,OPEN,LOW
PHC-DST-C2-05,PHC-DST-C2-06,DST-C2,2024-04-01,34.9,52.8,OPEN,LOW
PHC-DST-C2-05,PHC-DST-C2-06,DST-C2,2024-04-02,34.9,53.5,OPEN,LOW
PHC-DST-C2-05,PHC-DST-C2-06,DST-C2,2024-04-03,34.9,50.2,OPEN,LOW
PHC-DST-C2-05,PHC-DST-C2-06,DST-C2,2024-04-04,34.9,54.7,OPEN,LOW
PHC-DST-C2-05,PHC-DST-C2-06,DST-C2,2024-04-05,34.9,57.2,OPEN,LOW
PHC-DST-C2-05,PHC-DST-C2-06,DST-C2,2024-04-06,34.9,53.9,OPEN,LOW
PHC-DST-C2-05,PHC-DST-C2-06,DST-C2,2024-04-07,34.9,57.2,OPEN,LOW
PHC-DST-C2-05,PHC-DST-C2-06,DST-C2,2024-04-08,34.9,51.5,OPEN,LOW
PHC-DST-C2-05,PHC-DST-C2-06,DST-C2,2024-04-09,34.9,54.7,OPEN,LOW
PHC-DST-C2-05,PHC-DST-C2-06,DST-C2,2024-04-10,34.9,53.7,OPEN,LOW
PHC-DST-C2-05,PHC-DST-C2-06,DST-C2,2024-04-11,34.9,52.8,OPEN,LOW
PHC-DST-C2-05,PHC-DST-C2-06,DST-C2,2024-04-12,34.9,53.4,OPEN,LOW
PHC-DST-C2-05,PHC-DST-C2-06,DST-C2,2024-04-13,34.9,54.2,OPEN,LOW
PHC-DST-C2-05,PHC-DST-C2-06,DST-C2,2024-04-14,34.9,57.0,OPEN,LOW
PHC-DST-C2-05,PHC-DST-C2-06,DST-C2,2024-04-15,34.9,53.2,OPEN,LOW
PHC-DST-C2-05,PHC-DST-C2-06,DST-C2,2024-04-16,34.9,57.0,OPEN,LOW
PHC-DST-C2-05,PHC-DST-C2-06,DST-C2,2024-04-17,34.9,52.8,OPEN,LOW
PHC-DST-C2-05,PHC-DST-C2-06,DST-C2,2024-04-18,34.9,53.1,OPEN,LOW
PHC-DST-C2-05,PHC-DST-C2-06,DST-C2,2024-04-19,34.9,51.0,OPEN,LOW
PHC-DST-C2-05,PHC-DST-C2-06,DST-C2,2024-04-20,34.9,52.8,OPEN,LOW
PHC-DST-C2-05,PHC-DST-C2-06,DST-C2,2024-04-21,34.9,54.8,OPEN,LOW
PHC-DST-C2-05,PHC-DST-C2-06,DST-C2,2024-04-22,34.9,52.3,OPEN,LOW
PHC-DST-C2-05,PHC-DST-C2-06,DST-C2,2024-04-23,34.9,53.8,OPEN,LOW
PHC-DST-C2-05,PHC-DST-C2-06,DST-C2,2024-04-24,34.9,54.9,OPEN,LOW
PHC-DST-C2-05,PHC-DST-C2-06,DST-C2,2024-04-25,34.9,57.3,OPEN,LOW
PHC-DST-C2-05,PHC-DST-C2-06,DST-C2,2024-04-26,34.9,54.6,OPEN,LOW
PHC-DST-C2-05,PHC-DST-C2-06,DST-C2,2024-04-27,34.9,52.7,OPEN,LOW
PHC-DST-C2-05,PHC-DST-C2-06,DST-C2,2024-04-28,34.9,49.8,OPEN,LOW
PHC-DST-C2-05,PHC-DST-C2-06,DST-C2,2024-04-29,34.9,52.3,OPEN,LOW
PHC-DST-C2-05,PHC-DST-C2-06,DST-C2,2024-04-30,34.9,51.6,OPEN,LOW
PHC-DST-C2-05,PHC-DST-C2-06,DST-C2,2024-05-01,34.9,51.1,OPEN,LOW
PHC-DST-C2-05,PHC-DST-C2-06,DST-C2,2024-05-02,34.9,56.4,OPEN,LOW
PHC-DST-C2-05,PHC-DST-C2-06,DST-C2,2024-05-03,34.9,54.9,OPEN,LOW
PHC-DST-C2-05,PHC-DST-C2-06,DST-C2,2024-05-04,34.9,54.0,OPEN,LOW
PHC-DST-C2-05,PHC-DST-C2-06,DST-C2,2024-05-05,34.9,53.6,OPEN,LOW
PHC-DST-C2-05,PHC-DST-C2-06,DST-C2,2024-05-06,34.9,54.5,OPEN,LOW
PHC-DST-C2-05,PHC-DST-C2-06,DST-C2,2024-05-07,34.9,51.1,OPEN,LOW
PHC-DST-C2-05,PHC-DST-C2-06,DST-C2,2024-05-08,34.9,54.7,OPEN,LOW
PHC-DST-C2-05,PHC-DST-C2-06,DST-C2,2024-05-09,34.9,51.5,OPEN,LOW
PHC-DST-C2-05,PHC-DST-C2-06,DST-C2,2024-05-10,34.9,56.8,OPEN,LOW
PHC-DST-C2-05,PHC-DST-C2-06,DST-C2,2024-05-11,34.9,53.3,OPEN,LOW
PHC-DST-C2-05,PHC-DST-C2-06,DST-C2,2024-05-12,34.9,52.5,OPEN,LOW
PHC-DST-C2-05,PHC-DST-C2-06,DST-C2,2024-05-13,34.9,56.6,OPEN,LOW
PHC-DST-C2-05,PHC-DST-C2-06,DST-C2,2024-05-14,34.9,55.6,OPEN,LOW
PHC-DST-C2-05,PHC-DST-C2-06,DST-C2,2024-05-15,34.9,56.1,OPEN,LOW
PHC-DST-C2-05,PHC-DST-C2-06,DST-C2,2024-05-16,34.9,51.4,OPEN,LOW
PHC-DST-C2-05,PHC-DST-C2-06,DST-C2,2024-05-17,34.9,54.8,OPEN,LOW
PHC-DST-C2-05,PHC-DST-C2-06,DST-C2,2024-05-18,34.9,56.1,OPEN,LOW
PHC-DST-C2-05,PHC-DST-C2-06,DST-C2,2024-05-19,34.9,54.9,OPEN,LOW
PHC-DST-C2-05,PHC-DST-C2-06,DST-C2,2024-05-20,34.9,53.0,OPEN,LOW
PHC-DST-C2-05,PHC-DST-C2-06,DST-C2,2024-05-21,34.9,54.8,OPEN,LOW
PHC-DST-C2-05,PHC-DST-C2-06,DST-C2,2024-05-22,34.9,55.0,OPEN,LOW
PHC-DST-C2-05,PHC-DST-C2-06,DST-C2,2024-05-23,34.9,51.8,OPEN,LOW
PHC-DST-C2-05,PHC-DST-C2-06,DST-C2,2024-05-24,34.9,49.7,OPEN,LOW
PHC-DST-C2-05,PHC-DST-C2-06,DST-C2,2024-05-25,34.9,54.5,OPEN,LOW
PHC-DST-C2-05,PHC-DST-C2-06,DST-C2,2024-05-26,34.9,55.2,OPEN,LOW
PHC-DST-C2-05,PHC-DST-C2-06,DST-C2,2024-05-27,34.9,50.0,OPEN,LOW
PHC-DST-C2-05,PHC-DST-C2-06,DST-C2,2024-05-28,34.9,54.8,OPEN,LOW
PHC-DST-C2-05,PHC-DST-C2-06,DST-C2,2024-05-29,34.9,53.6,OPEN,LOW
PHC-DST-C2-05,PHC-DST-C2-06,DST-C2,2024-05-30,34.9,49.7,OPEN,LOW
PHC-DST-C2-05,PHC-DST-C2-06,DST-C2,2024-05-31,34.9,50.8,OPEN,LOW
PHC-DST-C2-05,PHC-DST-C2-06,DST-C2,2024-06-01,34.9,51.3,OPEN,LOW
PHC-DST-C2-05,PHC-DST-C2-06,DST-C2,2024-06-02,34.9,51.5,OPEN,LOW
PHC-DST-C2-05,PHC-DST-C2-06,DST-C2,2024-06-03,34.9,56.2,OPEN,LOW
PHC-DST-C2-05,PHC-DST-C2-06,DST-C2,2024-06-04,34.9,52.5,OPEN,LOW
PHC-DST-C2-05,PHC-DST-C2-06,DST-C2,2024-06-05,34.9,54.6,OPEN,LOW
PHC-DST-C2-05,PHC-DST-C2-06,DST-C2,2024-06-06,34.9,55.6,OPEN,LOW
PHC-DST-C2-05,PHC-DST-C2-06,DST-C2,2024-06-07,34.9,54.9,OPEN,LOW
PHC-DST-C2-05,PHC-DST-C2-06,DST-C2,2024-06-08,34.9,51.8,OPEN,LOW
PHC-DST-C2-05,PHC-DST-C2-06,DST-C2,2024-06-09,34.9,55.1,OPEN,LOW
PHC-DST-C2-05,PHC-DST-C2-06,DST-C2,2024-06-10,34.9,53.9,OPEN,LOW
PHC-DST-C2-05,PHC-DST-C2-06,DST-C2,2024-06-11,34.9,53.0,OPEN,LOW
PHC-DST-C2-05,PHC-DST-C2-06,DST-C2,2024-06-12,34.9,55.1,OPEN,LOW
PHC-DST-C2-05,PHC-DST-C2-06,DST-C2,2024-06-13,34.9,54.5,OPEN,LOW
PHC-DST-C2-05,PHC-DST-C2-06,DST-C2,2024-06-14,34.9,55.6,OPEN,LOW
PHC-DST-C2-05,PHC-DST-C2-06,DST-C2,2024-06-15,34.9,51.2,OPEN,LOW
PHC-DST-C2-05,PHC-DST-C2-06,DST-C2,2024-06-16,34.9,51.1,OPEN,LOW
PHC-DST-C2-05,PHC-DST-C2-06,DST-C2,2024-06-17,34.9,50.1,OPEN,LOW
PHC-DST-C2-05,PHC-DST-C2-06,DST-C2,2024-06-18,34.9,54.2,OPEN,LOW
PHC-DST-C2-05,PHC-DST-C2-06,DST-C2,2024-06-19,34.9,51.2,OPEN,LOW
PHC-DST-C2-05,PHC-DST-C2-06,DST-C2,2024-06-20,34.9,54.4,OPEN,LOW
PHC-DST-C2-05,PHC-DST-C2-06,DST-C2,2024-06-21,34.9,51.1,OPEN,LOW
PHC-DST-C2-05,PHC-DST-C2-06,DST-C2,2024-06-22,34.9,49.7,OPEN,LOW
PHC-DST-C2-05,PHC-DST-C2-06,DST-C2,2024-06-23,34.9,55.8,OPEN,LOW
PHC-DST-C2-05,PHC-DST-C2-06,DST-C2,2024-06-24,34.9,49.8,OPEN,LOW
PHC-DST-C2-05,PHC-DST-C2-06,DST-C2,2024-06-25,34.9,56.9,OPEN,LOW
PHC-DST-C2-05,PHC-DST-C2-06,DST-C2,2024-06-26,34.9,50.6,OPEN,LOW
PHC-DST-C2-05,PHC-DST-C2-06,DST-C2,2024-06-27,34.9,53.4,OPEN,LOW
PHC-DST-C2-05,PHC-DST-C2-06,DST-C2,2024-06-28,34.9,50.7,OPEN,LOW
PHC-DST-C2-05,PHC-DST-C2-06,DST-C2,2024-06-29,34.9,50.5,OPEN,LOW
PHC-DST-C2-05,PHC-DST-C2-06,DST-C2,2024-06-30,34.9,52.8,OPEN,LOW
PHC-DST-C2-05,PHC-DST-C2-06,DST-C2,2024-07-01,34.9,52.1,OPEN,LOW
PHC-DST-C2-05,PHC-DST-C2-06,DST-C2,2024-07-02,34.9,57.1,OPEN,LOW
PHC-DST-C2-05,PHC-DST-C2-06,DST-C2,2024-07-03,34.9,51.6,OPEN,LOW
PHC-DST-C2-05,PHC-DST-C2-06,DST-C2,2024-07-04,34.9,57.4,OPEN,LOW
PHC-DST-C2-05,PHC-DST-C2-06,DST-C2,2024-07-05,34.9,52.3,OPEN,LOW
PHC-DST-C2-05,PHC-DST-C2-06,DST-C2,2024-07-06,34.9,56.6,OPEN,LOW
PHC-DST-C2-05,PHC-DST-C2-06,DST-C2,2024-07-07,34.9,52.9,OPEN,LOW
PHC-DST-C2-05,PHC-DST-C2-06,DST-C2,2024-07-08,34.9,50.3,OPEN,LOW
PHC-DST-C2-05,PHC-DST-C2-06,DST-C2,2024-07-09,34.9,56.8,OPEN,LOW
PHC-DST-C2-05,PHC-DST-C2-06,DST-C2,2024-07-10,34.9,51.9,OPEN,LOW
PHC-DST-C2-05,PHC-DST-C2-06,DST-C2,2024-07-11,34.9,54.7,OPEN,LOW
PHC-DST-C2-05,PHC-DST-C2-06,DST-C2,2024-07-12,34.9,55.7,OPEN,LOW
PHC-DST-C2-05,PHC-DST-C2-06,DST-C2,2024-07-13,34.9,55.8,OPEN,LOW
PHC-DST-C2-05,PHC-DST-C2-06,DST-C2,2024-07-14,34.9,56.8,OPEN,LOW
PHC-DST-C2-05,PHC-DST-C2-06,DST-C2,2024-07-15,34.9,56.3,OPEN,LOW
PHC-DST-C2-05,PHC-DST-C2-06,DST-C2,2024-07-16,34.9,50.4,OPEN,LOW
PHC-DST-C2-05,PHC-DST-C2-06,DST-C2,2024-07-17,34.9,54.2,OPEN,LOW
PHC-DST-C2-05,PHC-DST-C2-06,DST-C2,2024-07-18,34.9,53.2,OPEN,LOW
PHC-DST-C2-05,PHC-DST-C2-06,DST-C2,2024-07-19,34.9,53.6,OPEN,LOW
PHC-DST-C2-05,PHC-DST-C2-06,DST-C2,2024-07-20,34.9,50.2,OPEN,LOW
PHC-DST-C2-05,PHC-DST-C2-06,DST-C2,2024-07-21,34.9,54.5,OPEN,LOW
PHC-DST-C2-05,PHC-DST-C2-06,DST-C2,2024-07-22,34.9,55.7,OPEN,LOW
PHC-DST-C2-05,PHC-DST-C2-06,DST-C2,2024-07-23,34.9,55.7,OPEN,LOW
PHC-DST-C2-05,PHC-DST-C2-06,DST-C2,2024-07-24,34.9,49.9,OPEN,LOW
PHC-DST-C2-05,PHC-DST-C2-06,DST-C2,2024-07-25,34.9,51.9,OPEN,LOW
PHC-DST-C2-05,PHC-DST-C2-06,DST-C2,2024-07-26,34.9,54.7,OPEN,LOW
PHC-DST-C2-05,PHC-DST-C2-06,DST-C2,2024-07-27,34.9,55.1,OPEN,LOW
PHC-DST-C2-05,PHC-DST-C2-06,DST-C2,2024-07-28,34.9,53.3,OPEN,LOW
PHC-DST-C2-05,PHC-DST-C2-06,DST-C2,2024-07-29,34.9,55.3,OPEN,LOW
PHC-DST-C2-05,PHC-DST-C2-06,DST-C2,2024-07-30,34.9,53.9,OPEN,LOW
PHC-DST-C2-05,PHC-DST-C2-06,DST-C2,2024-07-31,34.9,52.9,OPEN,LOW
PHC-DST-C2-05,PHC-DST-C2-06,DST-C2,2024-08-01,34.9,55.8,OPEN,LOW
PHC-DST-C2-05,PHC-DST-C2-06,DST-C2,2024-08-02,34.9,57.4,OPEN,LOW
PHC-DST-C2-05,PHC-DST-C2-06,DST-C2,2024-08-03,34.9,52.2,OPEN,LOW
PHC-DST-C2-05,PHC-DST-C2-06,DST-C2,2024-08-04,34.9,53.0,OPEN,LOW
PHC-DST-C2-05,PHC-DST-C2-06,DST-C2,2024-08-05,34.9,52.0,OPEN,LOW
PHC-DST-C2-05,PHC-DST-C2-06,DST-C2,2024-08-06,34.9,57.4,OPEN,LOW
PHC-DST-C2-05,PHC-DST-C2-06,DST-C2,2024-08-07,34.9,55.3,OPEN,LOW
PHC-DST-C2-05,PHC-DST-C2-06,DST-C2,2024-08-08,34.9,49.9,OPEN,LOW
PHC-DST-C2-05,PHC-DST-C2-06,DST-C2,2024-08-09,34.9,55.5,OPEN,LOW
PHC-DST-C2-05,PHC-DST-C2-06,DST-C2,2024-08-10,34.9,54.0,OPEN,LOW
PHC-DST-C2-05,PHC-DST-C2-06,DST-C2,2024-08-11,34.9,52.1,OPEN,LOW
PHC-DST-C2-05,PHC-DST-C2-06,DST-C2,2024-08-12,34.9,51.4,OPEN,LOW
PHC-DST-C2-05,PHC-DST-C2-06,DST-C2,2024-08-13,34.9,54.7,OPEN,LOW
PHC-DST-C2-05,PHC-DST-C2-06,DST-C2,2024-08-14,34.9,104.0,DEGRADED,MODERATE
PHC-DST-C2-05,PHC-DST-C2-06,DST-C2,2024-08-15,34.9,54.1,OPEN,LOW
PHC-DST-C2-05,PHC-DST-C2-06,DST-C2,2024-08-16,34.9,54.0,OPEN,LOW
PHC-DST-C2-05,PHC-DST-C2-06,DST-C2,2024-08-17,34.9,55.7,OPEN,LOW
PHC-DST-C2-05,PHC-DST-C2-06,DST-C2,2024-08-18,34.9,51.9,OPEN,LOW
PHC-DST-C2-05,PHC-DST-C2-06,DST-C2,2024-08-19,34.9,53.7,OPEN,LOW
PHC-DST-C2-05,PHC-DST-C2-06,DST-C2,2024-08-20,34.9,55.5,OPEN,LOW
PHC-DST-C2-05,PHC-DST-C2-06,DST-C2,2024-08-21,34.9,51.4,OPEN,LOW
PHC-DST-C2-05,PHC-DST-C2-06,DST-C2,2024-08-22,34.9,50.0,OPEN,LOW
PHC-DST-C2-05,PHC-DST-C2-06,DST-C2,2024-08-23,34.9,57.4,OPEN,LOW
PHC-DST-C2-05,PHC-DST-C2-06,DST-C2,2024-08-24,34.9,50.6,OPEN,LOW
PHC-DST-C2-05,PHC-DST-C2-06,DST-C2,2024-08-25,34.9,53.0,OPEN,LOW
PHC-DST-C2-05,PHC-DST-C2-06,DST-C2,2024-08-26,34.9,50.8,OPEN,LOW
PHC-DST-C2-05,PHC-DST-C2-06,DST-C2,2024-08-27,34.9,51.9,OPEN,LOW
PHC-DST-C2-05,PHC-DST-C2-06,DST-C2,2024-08-28,34.9,53.4,OPEN,LOW
PHC-DST-C2-05,PHC-DST-C2-06,DST-C2,2024-08-29,34.9,53.2,OPEN,LOW
PHC-DST-C2-05,PHC-DST-C2-06,DST-C2,2024-08-30,34.9,57.5,OPEN,LOW
PHC-DST-C2-05,PHC-DST-C2-06,DST-C2,2024-08-31,34.9,51.2,OPEN,LOW
PHC-DST-C2-05,PHC-DST-C2-06,DST-C2,2024-09-01,34.9,57.2,OPEN,LOW
PHC-DST-C2-05,PHC-DST-C2-06,DST-C2,2024-09-02,34.9,51.9,OPEN,LOW
PHC-DST-C2-05,PHC-DST-C2-06,DST-C2,2024-09-03,34.9,52.7,OPEN,LOW
PHC-DST-C2-05,PHC-DST-C2-06,DST-C2,2024-09-04,34.9,53.3,OPEN,LOW
PHC-DST-C2-05,PHC-DST-C2-06,DST-C2,2024-09-05,34.9,56.5,OPEN,LOW
PHC-DST-C2-05,PHC-DST-C2-06,DST-C2,2024-09-06,34.9,50.8,OPEN,LOW
PHC-DST-C2-05,PHC-DST-C2-06,DST-C2,2024-09-07,34.9,56.2,OPEN,LOW
PHC-DST-C2-05,PHC-DST-C2-06,DST-C2,2024-09-08,34.9,78.9,DEGRADED,MODERATE
PHC-DST-C2-05,PHC-DST-C2-06,DST-C2,2024-09-09,34.9,52.5,OPEN,LOW
PHC-DST-C2-05,PHC-DST-C2-06,DST-C2,2024-09-10,34.9,56.5,OPEN,LOW
PHC-DST-C2-05,PHC-DST-C2-06,DST-C2,2024-09-11,34.9,52.5,OPEN,LOW
PHC-DST-C2-05,PHC-DST-C2-06,DST-C2,2024-09-12,34.9,54.9,OPEN,LOW
PHC-DST-C2-05,PHC-DST-C2-06,DST-C2,2024-09-13,34.9,53.1,OPEN,LOW
PHC-DST-C2-05,PHC-DST-C2-06,DST-C2,2024-09-14,34.9,50.1,OPEN,LOW
PHC-DST-C2-05,PHC-DST-C2-06,DST-C2,2024-09-15,34.9,50.4,OPEN,LOW
PHC-DST-C2-05,PHC-DST-C2-06,DST-C2,2024-09-16,34.9,54.2,OPEN,LOW
PHC-DST-C2-05,PHC-DST-C2-06,DST-C2,2024-09-17,34.9,55.9,OPEN,LOW
PHC-DST-C2-05,PHC-DST-C2-06,DST-C2,2024-09-18,34.9,56.4,OPEN,LOW
PHC-DST-C2-05,PHC-DST-C2-06,DST-C2,2024-09-19,34.9,57.2,OPEN,LOW
PHC-DST-C2-05,PHC-DST-C2-06,DST-C2,2024-09-20,34.9,55.5,OPEN,LOW
PHC-DST-C2-05,PHC-DST-C2-06,DST-C2,2024-09-21,34.9,57.2,OPEN,LOW
PHC-DST-C2-05,PHC-DST-C2-06,DST-C2,2024-09-22,34.9,56.1,OPEN,LOW
PHC-DST-C2-05,PHC-DST-C2-06,DST-C2,2024-09-23,34.9,52.9,OPEN,LOW
PHC-DST-C2-05,PHC-DST-C2-06,DST-C2,2024-09-24,34.9,53.0,OPEN,LOW
PHC-DST-C2-05,PHC-DST-C2-06,DST-C2,2024-09-25,34.9,49.7,OPEN,LOW
PHC-DST-C2-05,PHC-DST-C2-06,DST-C2,2024-09-26,34.9,50.5,OPEN,LOW
PHC-DST-C2-05,PHC-DST-C2-06,DST-C2,2024-09-27,34.9,53.9,OPEN,LOW
PHC-DST-C2-05,PHC-DST-C2-06,DST-C2,2024-09-28,34.9,50.1,OPEN,LOW
PHC-DST-C2-05,PHC-DST-C2-06,DST-C2,2024-09-29,34.9,57.3,OPEN,LOW
PHC-DST-C2-05,PHC-DST-C2-06,DST-C2,2024-09-30,34.9,52.9,OPEN,LOW
PHC-DST-C2-05,PHC-DST-C2-06,DST-C2,2024-10-01,34.9,54.6,OPEN,LOW
PHC-DST-C2-05,PHC-DST-C2-06,DST-C2,2024-10-02,34.9,50.7,OPEN,LOW
PHC-DST-C2-05,PHC-DST-C2-06,DST-C2,2024-10-03,34.9,50.4,OPEN,LOW
PHC-DST-C2-05,PHC-DST-C2-06,DST-C2,2024-10-04,34.9,52.6,OPEN,LOW
PHC-DST-C2-05,PHC-DST-C2-06,DST-C2,2024-10-05,34.9,55.1,OPEN,LOW
PHC-DST-C2-05,PHC-DST-C2-06,DST-C2,2024-10-06,34.9,50.9,OPEN,LOW
PHC-DST-C2-05,PHC-DST-C2-06,DST-C2,2024-10-07,34.9,56.5,OPEN,LOW
PHC-DST-C2-05,PHC-DST-C2-06,DST-C2,2024-10-08,34.9,55.1,OPEN,LOW
PHC-DST-C2-05,PHC-DST-C2-06,DST-C2,2024-10-09,34.9,49.9,OPEN,LOW
PHC-DST-C2-05,PHC-DST-C2-06,DST-C2,2024-10-10,34.9,55.9,OPEN,LOW
PHC-DST-C2-05,PHC-DST-C2-06,DST-C2,2024-10-11,34.9,57.2,OPEN,LOW
PHC-DST-C2-05,PHC-DST-C2-06,DST-C2,2024-10-12,34.9,51.5,OPEN,LOW
PHC-DST-C2-05,PHC-DST-C2-06,DST-C2,2024-10-13,34.9,56.2,OPEN,LOW
PHC-DST-C2-05,PHC-DST-C2-06,DST-C2,2024-10-14,34.9,50.9,OPEN,LOW
PHC-DST-C2-05,PHC-DST-C2-06,DST-C2,2024-10-15,34.9,51.1,OPEN,LOW
PHC-DST-C2-05,PHC-DST-C2-06,DST-C2,2024-10-16,34.9,49.8,OPEN,LOW
PHC-DST-C2-05,PHC-DST-C2-06,DST-C2,2024-10-17,34.9,49.8,OPEN,LOW
PHC-DST-C2-05,PHC-DST-C2-06,DST-C2,2024-10-18,34.9,50.2,OPEN,LOW
PHC-DST-C2-05,PHC-DST-C2-06,DST-C2,2024-10-19,34.9,57.2,OPEN,LOW
PHC-DST-C2-05,PHC-DST-C2-06,DST-C2,2024-10-20,34.9,51.5,OPEN,LOW
PHC-DST-C2-05,PHC-DST-C2-06,DST-C2,2024-10-21,34.9,57.4,OPEN,LOW
PHC-DST-C2-05,PHC-DST-C2-06,DST-C2,2024-10-22,34.9,55.4,OPEN,LOW
PHC-DST-C2-05,PHC-DST-C2-06,DST-C2,2024-10-23,34.9,51.3,OPEN,LOW
PHC-DST-C2-05,PHC-DST-C2-06,DST-C2,2024-10-24,34.9,53.5,OPEN,LOW
PHC-DST-C2-05,PHC-DST-C2-06,DST-C2,2024-10-25,34.9,56.2,OPEN,LOW
PHC-DST-C2-05,PHC-DST-C2-06,DST-C2,2024-10-26,34.9,55.4,OPEN,LOW
PHC-DST-C2-05,PHC-DST-C2-06,DST-C2,2024-10-27,34.9,54.9,OPEN,LOW
PHC-DST-C2-05,PHC-DST-C2-06,DST-C2,2024-10-28,34.9,51.5,OPEN,LOW
PHC-DST-C2-05,PHC-DST-C2-06,DST-C2,2024-10-29,34.9,49.9,OPEN,LOW
PHC-DST-C2-05,PHC-DST-C2-06,DST-C2,2024-10-30,34.9,50.2,OPEN,LOW
PHC-DST-C2-05,PHC-DST-C2-06,DST-C2,2024-10-31,34.9,55.8,OPEN,LOW
PHC-DST-C2-05,PHC-DST-C2-06,DST-C2,2024-11-01,34.9,56.2,OPEN,LOW
PHC-DST-C2-05,PHC-DST-C2-06,DST-C2,2024-11-02,34.9,50.3,OPEN,LOW
PHC-DST-C2-05,PHC-DST-C2-06,DST-C2,2024-11-03,34.9,54.0,OPEN,LOW
PHC-DST-C2-05,PHC-DST-C2-06,DST-C2,2024-11-04,34.9,56.5,OPEN,LOW
PHC-DST-C2-05,PHC-DST-C2-06,DST-C2,2024-11-05,34.9,52.1,OPEN,LOW
PHC-DST-C2-05,PHC-DST-C2-06,DST-C2,2024-11-06,34.9,55.8,OPEN,LOW
PHC-DST-C2-05,PHC-DST-C2-06,DST-C2,2024-11-07,34.9,54.8,OPEN,LOW
PHC-DST-C2-05,PHC-DST-C2-06,DST-C2,2024-11-08,34.9,53.7,OPEN,LOW
PHC-DST-C2-05,PHC-DST-C2-06,DST-C2,2024-11-09,34.9,54.7,OPEN,LOW
PHC-DST-C2-05,PHC-DST-C2-06,DST-C2,2024-11-10,34.9,53.3,OPEN,LOW
PHC-DST-C2-05,PHC-DST-C2-06,DST-C2,2024-11-11,34.9,53.9,OPEN,LOW
PHC-DST-C2-05,PHC-DST-C2-06,DST-C2,2024-11-12,34.9,50.7,OPEN,LOW
PHC-DST-C2-05,PHC-DST-C2-06,DST-C2,2024-11-13,34.9,57.1,OPEN,LOW
PHC-DST-C2-05,PHC-DST-C2-06,DST-C2,2024-11-14,34.9,56.5,OPEN,LOW
PHC-DST-C2-05,PHC-DST-C2-06,DST-C2,2024-11-15,34.9,51.1,OPEN,LOW
PHC-DST-C2-05,PHC-DST-C2-06,DST-C2,2024-11-16,34.9,52.9,OPEN,LOW
PHC-DST-C2-05,PHC-DST-C2-06,DST-C2,2024-11-17,34.9,51.1,OPEN,LOW
PHC-DST-C2-05,PHC-DST-C2-06,DST-C2,2024-11-18,34.9,51.7,OPEN,LOW
PHC-DST-C2-05,PHC-DST-C2-06,DST-C2,2024-11-19,34.9,51.4,OPEN,LOW
PHC-DST-C2-05,PHC-DST-C2-06,DST-C2,2024-11-20,34.9,51.7,OPEN,LOW
PHC-DST-C2-05,PHC-DST-C2-06,DST-C2,2024-11-21,34.9,49.9,OPEN,LOW
PHC-DST-C2-05,PHC-DST-C2-06,DST-C2,2024-11-22,34.9,52.5,OPEN,LOW
PHC-DST-C2-05,PHC-DST-C2-06,DST-C2,2024-11-23,34.9,55.5,OPEN,LOW
PHC-DST-C2-05,PHC-DST-C2-06,DST-C2,2024-11-24,34.9,55.0,OPEN,LOW
PHC-DST-C2-05,PHC-DST-C2-06,DST-C2,2024-11-25,34.9,50.2,OPEN,LOW
PHC-DST-C2-05,PHC-DST-C2-06,DST-C2,2024-11-26,34.9,52.8,OPEN,LOW
PHC-DST-C2-05,PHC-DST-C2-06,DST-C2,2024-11-27,34.9,56.2,OPEN,LOW
PHC-DST-C2-05,PHC-DST-C2-06,DST-C2,2024-11-28,34.9,56.2,OPEN,LOW
PHC-DST-C2-05,PHC-DST-C2-06,DST-C2,2024-11-29,34.9,53.4,OPEN,LOW
PHC-DST-C2-05,PHC-DST-C2-06,DST-C2,2024-11-30,34.9,53.8,OPEN,LOW
PHC-DST-C2-05,PHC-DST-C2-06,DST-C2,2024-12-01,34.9,55.8,OPEN,LOW
PHC-DST-C2-05,PHC-DST-C2-06,DST-C2,2024-12-02,34.9,54.2,OPEN,LOW
PHC-DST-C2-05,PHC-DST-C2-06,DST-C2,2024-12-03,34.9,51.8,OPEN,LOW
PHC-DST-C2-05,PHC-DST-C2-06,DST-C2,2024-12-04,34.9,54.4,OPEN,LOW
PHC-DST-C2-05,PHC-DST-C2-06,DST-C2,2024-12-05,34.9,57.2,OPEN,LOW
PHC-DST-C2-05,PHC-DST-C2-06,DST-C2,2024-12-06,34.9,55.2,OPEN,LOW
PHC-DST-C2-05,PHC-DST-C2-06,DST-C2,2024-12-07,34.9,54.7,OPEN,LOW
PHC-DST-C2-05,PHC-DST-C2-06,DST-C2,2024-12-08,34.9,53.5,OPEN,LOW
PHC-DST-C2-05,PHC-DST-C2-06,DST-C2,2024-12-09,34.9,55.0,OPEN,LOW
PHC-DST-C2-05,PHC-DST-C2-06,DST-C2,2024-12-10,34.9,54.6,OPEN,LOW
PHC-DST-C2-05,PHC-DST-C2-06,DST-C2,2024-12-11,34.9,52.6,OPEN,LOW
PHC-DST-C2-05,PHC-DST-C2-06,DST-C2,2024-12-12,34.9,56.9,OPEN,LOW
PHC-DST-C2-05,PHC-DST-C2-06,DST-C2,2024-12-13,34.9,52.0,OPEN,LOW
PHC-DST-C2-05,PHC-DST-C2-06,DST-C2,2024-12-14,34.9,57.5,OPEN,LOW
PHC-DST-C2-05,PHC-DST-C2-06,DST-C2,2024-12-15,34.9,52.0,OPEN,LOW
PHC-DST-C2-05,PHC-DST-C2-06,DST-C2,2024-12-16,34.9,51.7,OPEN,LOW
PHC-DST-C2-05,PHC-DST-C2-06,DST-C2,2024-12-17,34.9,54.2,OPEN,LOW
PHC-DST-C2-05,PHC-DST-C2-06,DST-C2,2024-12-18,34.9,50.9,OPEN,LOW
PHC-DST-C2-05,PHC-DST-C2-06,DST-C2,2024-12-19,34.9,51.4,OPEN,LOW
PHC-DST-C2-05,PHC-DST-C2-06,DST-C2,2024-12-20,34.9,54.4,OPEN,LOW
PHC-DST-C2-05,PHC-DST-C2-06,DST-C2,2024-12-21,34.9,57.4,OPEN,LOW
PHC-DST-C2-05,PHC-DST-C2-06,DST-C2,2024-12-22,34.9,53.5,OPEN,LOW
PHC-DST-C2-05,PHC-DST-C2-06,DST-C2,2024-12-23,34.9,53.1,OPEN,LOW
PHC-DST-C2-05,PHC-DST-C2-06,DST-C2,2024-12-24,34.9,56.5,OPEN,LOW
PHC-DST-C2-05,PHC-DST-C2-06,DST-C2,2024-12-25,34.9,54.7,OPEN,LOW
PHC-DST-C2-05,PHC-DST-C2-06,DST-C2,2024-12-26,34.9,55.0,OPEN,LOW
PHC-DST-C2-05,PHC-DST-C2-06,DST-C2,2024-12-27,34.9,53.7,OPEN,LOW
PHC-DST-C2-05,PHC-DST-C2-06,DST-C2,2024-12-28,34.9,55.2,OPEN,LOW
PHC-DST-C2-05,PHC-DST-C2-06,DST-C2,2024-12-29,34.9,50.4,OPEN,LOW
PHC-DST-C2-05,PHC-DST-C2-06,DST-C2,2024-12-30,34.9,51.1,OPEN,LOW
PHC-DST-C2-05,PHC-DST-C2-06,DST-C2,2024-12-31,34.9,53.9,OPEN,LOW
PHC-DST-C2-05,PHC-DST-C2-06,DST-C2,2025-01-01,34.9,55.8,OPEN,LOW
PHC-DST-C2-05,PHC-DST-C2-06,DST-C2,2025-01-02,34.9,50.9,OPEN,LOW
PHC-DST-C2-05,PHC-DST-C2-06,DST-C2,2025-01-03,34.9,50.3,OPEN,LOW
PHC-DST-C2-05,PHC-DST-C2-06,DST-C2,2025-01-04,34.9,54.7,OPEN,LOW
PHC-DST-C2-05,PHC-DST-C2-06,DST-C2,2025-01-05,34.9,56.3,OPEN,LOW
PHC-DST-C2-05,PHC-DST-C2-06,DST-C2,2025-01-06,34.9,53.2,OPEN,LOW
PHC-DST-C2-05,PHC-DST-C2-06,DST-C2,2025-01-07,34.9,50.0,OPEN,LOW
PHC-DST-C2-05,PHC-DST-C2-06,DST-C2,2025-01-08,34.9,56.8,OPEN,LOW
PHC-DST-C2-05,PHC-DST-C2-06,DST-C2,2025-01-09,34.9,51.0,OPEN,LOW
PHC-DST-C2-05,PHC-DST-C2-06,DST-C2,2025-01-10,34.9,53.9,OPEN,LOW
PHC-DST-C2-05,PHC-DST-C2-06,DST-C2,2025-01-11,34.9,52.0,OPEN,LOW
PHC-DST-C2-05,PHC-DST-C2-06,DST-C2,2025-01-12,34.9,52.6,OPEN,LOW
PHC-DST-C2-05,PHC-DST-C2-06,DST-C2,2025-01-13,34.9,55.9,OPEN,LOW
PHC-DST-C2-05,PHC-DST-C2-06,DST-C2,2025-01-14,34.9,54.2,OPEN,LOW
PHC-DST-C2-05,PHC-DST-C2-06,DST-C2,2025-01-15,34.9,56.4,OPEN,LOW
PHC-DST-C2-05,PHC-DST-C2-06,DST-C2,2025-01-16,34.9,54.5,OPEN,LOW
PHC-DST-C2-05,PHC-DST-C2-06,DST-C2,2025-01-17,34.9,50.8,OPEN,LOW
PHC-DST-C2-05,PHC-DST-C2-06,DST-C2,2025-01-18,34.9,56.0,OPEN,LOW
PHC-DST-C2-05,PHC-DST-C2-06,DST-C2,2025-01-19,34.9,53.5,OPEN,LOW
PHC-DST-C2-05,PHC-DST-C2-06,DST-C2,2025-01-20,34.9,50.0,OPEN,LOW
PHC-DST-C2-05,PHC-DST-C2-06,DST-C2,2025-01-21,34.9,56.7,OPEN,LOW
PHC-DST-C2-05,PHC-DST-C2-06,DST-C2,2025-01-22,34.9,53.3,OPEN,LOW
PHC-DST-C2-05,PHC-DST-C2-06,DST-C2,2025-01-23,34.9,49.7,OPEN,LOW
PHC-DST-C2-05,PHC-DST-C2-06,DST-C2,2025-01-24,34.9,51.9,OPEN,LOW
PHC-DST-C2-05,PHC-DST-C2-06,DST-C2,2025-01-25,34.9,50.1,OPEN,LOW
PHC-DST-C2-05,PHC-DST-C2-06,DST-C2,2025-01-26,34.9,53.3,OPEN,LOW
PHC-DST-C2-05,PHC-DST-C2-06,DST-C2,2025-01-27,34.9,51.4,OPEN,LOW
PHC-DST-C2-05,PHC-DST-C2-06,DST-C2,2025-01-28,34.9,51.6,OPEN,LOW
PHC-DST-C2-05,PHC-DST-C2-06,DST-C2,2025-01-29,34.9,56.3,OPEN,LOW
PHC-DST-C2-05,PHC-DST-C2-06,DST-C2,2025-01-30,34.9,54.3,OPEN,LOW
PHC-DST-C2-05,PHC-DST-C2-06,DST-C2,2025-01-31,34.9,51.3,OPEN,LOW
PHC-DST-C2-05,PHC-DST-C2-06,DST-C2,2025-02-01,34.9,50.8,OPEN,LOW
PHC-DST-C2-05,PHC-DST-C2-06,DST-C2,2025-02-02,34.9,52.7,OPEN,LOW
PHC-DST-C2-05,PHC-DST-C2-06,DST-C2,2025-02-03,34.9,56.8,OPEN,LOW
PHC-DST-C2-05,PHC-DST-C2-06,DST-C2,2025-02-04,34.9,57.5,OPEN,LOW
PHC-DST-C2-05,PHC-DST-C2-06,DST-C2,2025-02-05,34.9,54.9,OPEN,LOW
PHC-DST-C2-05,PHC-DST-C2-06,DST-C2,2025-02-06,34.9,57.0,OPEN,LOW
PHC-DST-C2-05,PHC-DST-C2-06,DST-C2,2025-02-07,34.9,52.9,OPEN,LOW
PHC-DST-C2-05,PHC-DST-C2-06,DST-C2,2025-02-08,34.9,52.8,OPEN,LOW
PHC-DST-C2-05,PHC-DST-C2-06,DST-C2,2025-02-09,34.9,57.4,OPEN,LOW
PHC-DST-C2-05,PHC-DST-C2-06,DST-C2,2025-02-10,34.9,49.7,OPEN,LOW
PHC-DST-C2-05,PHC-DST-C2-06,DST-C2,2025-02-11,34.9,55.4,OPEN,LOW
PHC-DST-C2-05,PHC-DST-C2-06,DST-C2,2025-02-12,34.9,51.9,OPEN,LOW
PHC-DST-C2-05,PHC-DST-C2-06,DST-C2,2025-02-13,34.9,57.5,OPEN,LOW
PHC-DST-C2-05,PHC-DST-C2-06,DST-C2,2025-02-14,34.9,50.7,OPEN,LOW
PHC-DST-C2-05,PHC-DST-C2-06,DST-C2,2025-02-15,34.9,55.5,OPEN,LOW
PHC-DST-C2-05,PHC-DST-C2-06,DST-C2,2025-02-16,34.9,55.9,OPEN,LOW
PHC-DST-C2-05,PHC-DST-C2-06,DST-C2,2025-02-17,34.9,51.0,OPEN,LOW
PHC-DST-C2-05,PHC-DST-C2-06,DST-C2,2025-02-18,34.9,52.2,OPEN,LOW
PHC-DST-C2-05,PHC-DST-C2-06,DST-C2,2025-02-19,34.9,49.9,OPEN,LOW
PHC-DST-C2-05,PHC-DST-C2-06,DST-C2,2025-02-20,34.9,52.1,OPEN,LOW
PHC-DST-C2-05,PHC-DST-C2-06,DST-C2,2025-02-21,34.9,52.7,OPEN,LOW
PHC-DST-C2-05,PHC-DST-C2-06,DST-C2,2025-02-22,34.9,53.8,OPEN,LOW
PHC-DST-C2-05,PHC-DST-C2-06,DST-C2,2025-02-23,34.9,51.5,OPEN,LOW
PHC-DST-C2-05,PHC-DST-C2-06,DST-C2,2025-02-24,34.9,56.2,OPEN,LOW
PHC-DST-C2-05,PHC-DST-C2-06,DST-C2,2025-02-25,34.9,56.5,OPEN,LOW
PHC-DST-C2-05,PHC-DST-C2-06,DST-C2,2025-02-26,34.9,55.9,OPEN,LOW
PHC-DST-C2-05,PHC-DST-C2-06,DST-C2,2025-02-27,34.9,50.6,OPEN,LOW
PHC-DST-C2-05,PHC-DST-C2-06,DST-C2,2025-02-28,34.9,53.6,OPEN,LOW
PHC-DST-C2-05,PHC-DST-C2-06,DST-C2,2025-03-01,34.9,52.9,OPEN,LOW
PHC-DST-C2-05,PHC-DST-C2-06,DST-C2,2025-03-02,34.9,53.6,OPEN,LOW
PHC-DST-C2-05,PHC-DST-C2-06,DST-C2,2025-03-03,34.9,56.5,OPEN,LOW
PHC-DST-C2-05,PHC-DST-C2-06,DST-C2,2025-03-04,34.9,50.1,OPEN,LOW
PHC-DST-C2-05,PHC-DST-C2-06,DST-C2,2025-03-05,34.9,54.0,OPEN,LOW
PHC-DST-C2-05,PHC-DST-C2-06,DST-C2,2025-03-06,34.9,56.4,OPEN,LOW
PHC-DST-C2-05,PHC-DST-C2-06,DST-C2,2025-03-07,34.9,50.7,OPEN,LOW
PHC-DST-C2-05,PHC-DST-C2-06,DST-C2,2025-03-08,34.9,50.7,OPEN,LOW
PHC-DST-C2-05,PHC-DST-C2-06,DST-C2,2025-03-09,34.9,55.7,OPEN,LOW
PHC-DST-C2-05,PHC-DST-C2-06,DST-C2,2025-03-10,34.9,51.9,OPEN,LOW
PHC-DST-C2-05,PHC-DST-C2-06,DST-C2,2025-03-11,34.9,55.8,OPEN,LOW
PHC-DST-C2-05,PHC-DST-C2-06,DST-C2,2025-03-12,34.9,52.0,OPEN,LOW
PHC-DST-C2-05,PHC-DST-C2-06,DST-C2,2025-03-13,34.9,51.3,OPEN,LOW
PHC-DST-C2-05,PHC-DST-C2-06,DST-C2,2025-03-14,34.9,52.0,OPEN,LOW
PHC-DST-C2-05,PHC-DST-C2-06,DST-C2,2025-03-15,34.9,55.3,OPEN,LOW
PHC-DST-C2-05,PHC-DST-C2-06,DST-C2,2025-03-16,34.9,56.3,OPEN,LOW
PHC-DST-C2-05,PHC-DST-C2-06,DST-C2,2025-03-17,34.9,56.1,OPEN,LOW
PHC-DST-C2-05,PHC-DST-C2-06,DST-C2,2025-03-18,34.9,51.1,OPEN,LOW
PHC-DST-C2-05,PHC-DST-C2-06,DST-C2,2025-03-19,34.9,54.5,OPEN,LOW
PHC-DST-C2-05,PHC-DST-C2-06,DST-C2,2025-03-20,34.9,50.9,OPEN,LOW
PHC-DST-C2-05,PHC-DST-C2-06,DST-C2,2025-03-21,34.9,50.7,OPEN,LOW
PHC-DST-C2-05,PHC-DST-C2-06,DST-C2,2025-03-22,34.9,53.1,OPEN,LOW
PHC-DST-C2-05,PHC-DST-C2-06,DST-C2,2025-03-23,34.9,51.8,OPEN,LOW
PHC-DST-C2-05,PHC-DST-C2-06,DST-C2,2025-03-24,34.9,56.8,OPEN,LOW
PHC-DST-C2-05,PHC-DST-C2-06,DST-C2,2025-03-25,34.9,56.8,OPEN,LOW
PHC-DST-C2-05,PHC-DST-C2-06,DST-C2,2025-03-26,34.9,57.4,OPEN,LOW
PHC-DST-C2-05,PHC-DST-C2-06,DST-C2,2025-03-27,34.9,54.7,OPEN,LOW
PHC-DST-C2-05,PHC-DST-C2-06,DST-C2,2025-03-28,34.9,55.9,OPEN,LOW
PHC-DST-C2-05,PHC-DST-C2-06,DST-C2,2025-03-29,34.9,54.7,OPEN,LOW
PHC-DST-C2-05,PHC-DST-C2-06,DST-C2,2025-03-30,34.9,52.3,OPEN,LOW
PHC-DST-C2-05,PHC-DST-C2-06,DST-C2,2025-03-31,34.9,56.4,OPEN,LOW
PHC-DST-C2-05,PHC-DST-C2-06,DST-C2,2025-04-01,34.9,51.0,OPEN,LOW
PHC-DST-C2-05,PHC-DST-C2-06,DST-C2,2025-04-02,34.9,53.8,OPEN,LOW
PHC-DST-C2-05,PHC-DST-C2-06,DST-C2,2025-04-03,34.9,56.1,OPEN,LOW
PHC-DST-C2-05,PHC-DST-C2-06,DST-C2,2025-04-04,34.9,53.7,OPEN,LOW
PHC-DST-C2-05,PHC-DST-C2-06,DST-C2,2025-04-05,34.9,55.2,OPEN,LOW
PHC-DST-C2-05,PHC-DST-C2-06,DST-C2,2025-04-06,34.9,55.3,OPEN,LOW
PHC-DST-C2-05,PHC-DST-C2-06,DST-C2,2025-04-07,34.9,57.3,OPEN,LOW
PHC-DST-C2-05,PHC-DST-C2-06,DST-C2,2025-04-08,34.9,51.0,OPEN,LOW
PHC-DST-C2-05,PHC-DST-C2-06,DST-C2,2025-04-09,34.9,56.6,OPEN,LOW
PHC-DST-C2-05,PHC-DST-C2-06,DST-C2,2025-04-10,34.9,54.5,OPEN,LOW
PHC-DST-C2-05,PHC-DST-C2-06,DST-C2,2025-04-11,34.9,55.7,OPEN,LOW
PHC-DST-C2-05,PHC-DST-C2-06,DST-C2,2025-04-12,34.9,51.2,OPEN,LOW
PHC-DST-C2-05,PHC-DST-C2-06,DST-C2,2025-04-13,34.9,51.8,OPEN,LOW
PHC-DST-C2-05,PHC-DST-C2-06,DST-C2,2025-04-14,34.9,51.5,OPEN,LOW
PHC-DST-C2-05,PHC-DST-C2-06,DST-C2,2025-04-15,34.9,53.5,OPEN,LOW
PHC-DST-C2-05,PHC-DST-C2-06,DST-C2,2025-04-16,34.9,50.5,OPEN,LOW
PHC-DST-C2-05,PHC-DST-C2-06,DST-C2,2025-04-17,34.9,56.7,OPEN,LOW
PHC-DST-C2-05,PHC-DST-C2-06,DST-C2,2025-04-18,34.9,50.5,OPEN,LOW
PHC-DST-C2-05,PHC-DST-C2-06,DST-C2,2025-04-19,34.9,51.8,OPEN,LOW
PHC-DST-C2-05,PHC-DST-C2-06,DST-C2,2025-04-20,34.9,56.4,OPEN,LOW
PHC-DST-C2-05,PHC-DST-C2-06,DST-C2,2025-04-21,34.9,51.5,OPEN,LOW
PHC-DST-C2-05,PHC-DST-C2-06,DST-C2,2025-04-22,34.9,55.7,OPEN,LOW
PHC-DST-C2-05,PHC-DST-C2-06,DST-C2,2025-04-23,34.9,57.1,OPEN,LOW
PHC-DST-C2-05,PHC-DST-C2-06,DST-C2,2025-04-24,34.9,57.3,OPEN,LOW
PHC-DST-C2-05,PHC-DST-C2-06,DST-C2,2025-04-25,34.9,55.5,OPEN,LOW
PHC-DST-C2-05,PHC-DST-C2-06,DST-C2,2025-04-26,34.9,51.1,OPEN,LOW
PHC-DST-C2-05,PHC-DST-C2-06,DST-C2,2025-04-27,34.9,51.5,OPEN,LOW
PHC-DST-C2-05,PHC-DST-C2-06,DST-C2,2025-04-28,34.9,55.2,OPEN,LOW
PHC-DST-C2-05,PHC-DST-C2-06,DST-C2,2025-04-29,34.9,52.9,OPEN,LOW
PHC-DST-C2-05,PHC-DST-C2-06,DST-C2,2025-04-30,34.9,54.9,OPEN,LOW
PHC-DST-C2-05,PHC-DST-C2-06,DST-C2,2025-05-01,34.9,51.6,OPEN,LOW
PHC-DST-C2-05,PHC-DST-C2-06,DST-C2,2025-05-02,34.9,56.0,OPEN,LOW
PHC-DST-C2-05,PHC-DST-C2-06,DST-C2,2025-05-03,34.9,55.5,OPEN,LOW
PHC-DST-C2-05,PHC-DST-C2-06,DST-C2,2025-05-04,34.9,50.5,OPEN,LOW
PHC-DST-C2-05,PHC-DST-C2-06,DST-C2,2025-05-05,34.9,55.0,OPEN,LOW
PHC-DST-C2-05,PHC-DST-C2-06,DST-C2,2025-05-06,34.9,57.0,OPEN,LOW
PHC-DST-C2-05,PHC-DST-C2-06,DST-C2,2025-05-07,34.9,55.9,OPEN,LOW
PHC-DST-C2-05,PHC-DST-C2-06,DST-C2,2025-05-08,34.9,54.0,OPEN,LOW
PHC-DST-C2-05,PHC-DST-C2-06,DST-C2,2025-05-09,34.9,56.5,OPEN,LOW
PHC-DST-C2-05,PHC-DST-C2-06,DST-C2,2025-05-10,34.9,51.6,OPEN,LOW
PHC-DST-C2-05,PHC-DST-C2-06,DST-C2,2025-05-11,34.9,53.4,OPEN,LOW
PHC-DST-C2-05,PHC-DST-C2-06,DST-C2,2025-05-12,34.9,53.1,OPEN,LOW
PHC-DST-C2-05,PHC-DST-C2-06,DST-C2,2025-05-13,34.9,56.8,OPEN,LOW
PHC-DST-C2-05,PHC-DST-C2-06,DST-C2,2025-05-14,34.9,54.8,OPEN,LOW
PHC-DST-C2-05,PHC-DST-C2-06,DST-C2,2025-05-15,34.9,54.0,OPEN,LOW
PHC-DST-C2-05,PHC-DST-C2-06,DST-C2,2025-05-16,34.9,53.1,OPEN,LOW
PHC-DST-C2-05,PHC-DST-C2-06,DST-C2,2025-05-17,34.9,50.2,OPEN,LOW
PHC-DST-C2-05,PHC-DST-C2-06,DST-C2,2025-05-18,34.9,53.0,OPEN,LOW
PHC-DST-C2-05,PHC-DST-C2-06,DST-C2,2025-05-19,34.9,50.9,OPEN,LOW
PHC-DST-C2-05,PHC-DST-C2-06,DST-C2,2025-05-20,34.9,50.5,OPEN,LOW
PHC-DST-C2-05,PHC-DST-C2-06,DST-C2,2025-05-21,34.9,53.7,OPEN,LOW
PHC-DST-C2-05,PHC-DST-C2-06,DST-C2,2025-05-22,34.9,52.9,OPEN,LOW
PHC-DST-C2-05,PHC-DST-C2-06,DST-C2,2025-05-23,34.9,49.9,OPEN,LOW
PHC-DST-C2-05,PHC-DST-C2-06,DST-C2,2025-05-24,34.9,57.3,OPEN,LOW
PHC-DST-C2-05,PHC-DST-C2-06,DST-C2,2025-05-25,34.9,51.3,OPEN,LOW
PHC-DST-C2-05,PHC-DST-C2-06,DST-C2,2025-05-26,34.9,49.9,OPEN,LOW
PHC-DST-C2-05,PHC-DST-C2-06,DST-C2,2025-05-27,34.9,57.1,OPEN,LOW
PHC-DST-C2-05,PHC-DST-C2-06,DST-C2,2025-05-28,34.9,55.6,OPEN,LOW
PHC-DST-C2-05,PHC-DST-C2-06,DST-C2,2025-05-29,34.9,57.5,OPEN,LOW
PHC-DST-C2-05,PHC-DST-C2-06,DST-C2,2025-05-30,34.9,53.3,OPEN,LOW
PHC-DST-C2-05,PHC-DST-C2-06,DST-C2,2025-05-31,34.9,55.5,OPEN,LOW
PHC-DST-C2-05,PHC-DST-C2-06,DST-C2,2025-06-01,34.9,55.8,OPEN,LOW
PHC-DST-C2-05,PHC-DST-C2-06,DST-C2,2025-06-02,34.9,51.2,OPEN,LOW
PHC-DST-C2-05,PHC-DST-C2-06,DST-C2,2025-06-03,34.9,54.8,OPEN,LOW
PHC-DST-C2-05,PHC-DST-C2-06,DST-C2,2025-06-04,34.9,56.2,OPEN,LOW
PHC-DST-C2-05,PHC-DST-C2-06,DST-C2,2025-06-05,34.9,50.9,OPEN,LOW
PHC-DST-C2-05,PHC-DST-C2-06,DST-C2,2025-06-06,34.9,51.2,OPEN,LOW
PHC-DST-C2-05,PHC-DST-C2-06,DST-C2,2025-06-07,34.9,51.0,OPEN,LOW
PHC-DST-C2-05,PHC-DST-C2-06,DST-C2,2025-06-08,34.9,56.6,OPEN,LOW
PHC-DST-C2-05,PHC-DST-C2-06,DST-C2,2025-06-09,34.9,49.8,OPEN,LOW
PHC-DST-C2-05,PHC-DST-C2-06,DST-C2,2025-06-10,34.9,55.7,OPEN,LOW
PHC-DST-C2-05,PHC-DST-C2-06,DST-C2,2025-06-11,34.9,51.8,OPEN,LOW
PHC-DST-C2-05,PHC-DST-C2-06,DST-C2,2025-06-12,34.9,55.1,OPEN,LOW
PHC-DST-C2-05,PHC-DST-C2-06,DST-C2,2025-06-13,34.9,56.8,OPEN,LOW
PHC-DST-C2-05,PHC-DST-C2-06,DST-C2,2025-06-14,34.9,51.0,OPEN,LOW
PHC-DST-C2-05,PHC-DST-C2-06,DST-C2,2025-06-15,34.9,55.4,OPEN,LOW
PHC-DST-C2-05,PHC-DST-C2-06,DST-C2,2025-06-16,34.9,55.5,OPEN,LOW
PHC-DST-C2-05,PHC-DST-C2-06,DST-C2,2025-06-17,34.9,50.4,OPEN,LOW
PHC-DST-C2-05,PHC-DST-C2-06,DST-C2,2025-06-18,34.9,54.0,OPEN,LOW
PHC-DST-C2-05,PHC-DST-C2-06,DST-C2,2025-06-19,34.9,52.3,OPEN,LOW
PHC-DST-C2-05,PHC-DST-C2-06,DST-C2,2025-06-20,34.9,57.1,OPEN,LOW
PHC-DST-C2-05,PHC-DST-C2-06,DST-C2,2025-06-21,34.9,54.7,OPEN,LOW
PHC-DST-C2-05,PHC-DST-C2-06,DST-C2,2025-06-22,34.9,51.7,OPEN,LOW
PHC-DST-C2-05,PHC-DST-C2-06,DST-C2,2025-06-23,34.9,52.5,OPEN,LOW
PHC-DST-C2-05,PHC-DST-C2-06,DST-C2,2025-06-24,34.9,52.4,OPEN,LOW
PHC-DST-C2-05,PHC-DST-C2-06,DST-C2,2025-06-25,34.9,54.6,OPEN,LOW
PHC-DST-C2-05,PHC-DST-C2-06,DST-C2,2025-06-26,34.9,55.0,OPEN,LOW
PHC-DST-C2-05,PHC-DST-C2-06,DST-C2,2025-06-27,34.9,55.9,OPEN,LOW
PHC-DST-C2-05,PHC-DST-C2-06,DST-C2,2025-06-28,34.9,54.4,OPEN,LOW
PHC-DST-C2-05,PHC-DST-C2-06,DST-C2,2025-06-29,34.9,55.7,OPEN,LOW
PHC-DST-C2-05,PHC-DST-C2-06,DST-C2,2025-06-30,34.9,53.8,OPEN,LOW
