district_code,state_code,record_date,rainfall_mm,temperature_celsius,flood_risk,is_major_flood_event
DST-A1,STA,2024-01-01,0.0,,LOW,False
DST-A1,STA,2024-01-02,0.0,18.39,LOW,False
DST-A1,STA,2024-01-03,0.0,13.59,LOW,False
DST-A1,STA,2024-01-04,0.0,17.39,LOW,False
DST-A1,STA,2024-01-05,0.0,17.2,LOW,False
DST-A1,STA,2024-01-06,0.0,18.88,LOW,False
DST-A1,STA,2024-01-07,0.0,17.49,LOW,False
DST-A1,STA,2024-01-08,0.0,18.29,LOW,False
DST-A1,STA,2024-01-09,1.8,18.19,LOW,False
DST-A1,STA,2024-01-10,0.0,,LOW,False
DST-A1,STA,2024-01-11,0.0,16.47,LOW,False
DST-A1,STA,2024-01-12,0.0,17.5,LOW,False
DST-A1,STA,2024-01-13,0.0,17.24,LOW,False
DST-A1,STA,2024-01-14,0.0,18.62,LOW,False
DST-A1,STA,2024-01-15,0.0,18.83,LOW,False
DST-A1,STA,2024-01-16,0.0,17.42,LOW,False
DST-A1,STA,2024-01-17,0.0,16.79,LOW,False
DST-A1,STA,2024-01-18,0.0,20.39,LOW,False
DST-A1,STA,2024-01-19,0.0,16.96,LOW,False
DST-A1,STA,2024-01-20,0.0,19.75,LOW,False
DST-A1,STA,2024-01-21,0.0,19.67,LOW,False
DST-A1,STA,2024-01-22,0.0,19.22,LOW,False
DST-A1,STA,2024-01-23,0.0,19.31,LOW,False
DST-A1,STA,2024-01-24,0.0,19.44,LOW,False
DST-A1,STA,2024-01-25,0.0,19.28,LOW,False
DST-A1,STA,2024-01-26,0.0,20.42,LOW,False
DST-A1,STA,2024-01-27,0.0,18.84,LOW,False
DST-A1,STA,2024-01-28,0.0,18.39,LOW,False
DST-A1,STA,2024-01-29,0.0,22.37,LOW,False
DST-A1,STA,2024-01-30,0.0,21.55,LOW,False
DST-A1,STA,2024-01-31,0.0,19.34,LOW,False
DST-A1,STA,2024-02-01,0.0,21.14,LOW,False
DST-A1,STA,2024-02-02,1.91,21.65,LOW,False
DST-A1,STA,2024-02-03,0.0,21.91,LOW,False
DST-A1,STA,2024-02-04,0.0,18.22,LOW,False
DST-A1,STA,2024-02-05,0.0,19.01,LOW,False
DST-A1,STA,2024-02-06,0.0,21.07,LOW,False
DST-A1,STA,2024-02-07,0.0,,LOW,False
DST-A1,STA,2024-02-08,0.0,22.24,LOW,False
DST-A1,STA,2024-02-09,0.0,22.09,LOW,False
DST-A1,STA,2024-02-10,0.0,20.77,LOW,False
DST-A1,STA,2024-02-11,0.0,19.43,LOW,False
DST-A1,STA,2024-02-12,0.0,20.9,LOW,False
DST-A1,STA,2024-02-13,0.0,22.77,LOW,False
DST-A1,STA,2024-02-14,0.0,23.27,LOW,False
DST-A1,STA,2024-02-15,0.0,21.48,LOW,False
DST-A1,STA,2024-02-16,0.0,19.37,LOW,False
DST-A1,STA,2024-02-17,0.0,20.19,LOW,False
DST-A1,STA,2024-02-18,0.0,23.46,LOW,False
DST-A1,STA,2024-02-19,0.0,22.23,LOW,False
DST-A1,STA,2024-02-20,0.0,22.45,LOW,False
DST-A1,STA,2024-02-21,0.0,21.58,LOW,False
DST-A1,STA,2024-02-22,0.0,21.73,LOW,False
DST-A1,STA,2024-02-23,0.0,25.12,LOW,False
DST-A1,STA,2024-02-24,0.0,24.57,LOW,False
DST-A1,STA,2024-02-25,0.0,22.9,LOW,False
DST-A1,STA,2024-02-26,0.0,24.28,LOW,False
DST-A1,STA,2024-02-27,0.0,24.75,LOW,False
DST-A1,STA,2024-02-28,0.0,27.39,LOW,False
DST-A1,STA,2024-02-29,0.0,22.85,LOW,False
DST-A1,STA,2024-03-01,0.0,25.27,LOW,False
DST-A1,STA,2024-03-02,0.0,26.56,LOW,False
DST-A1,STA,2024-03-03,0.0,27.88,LOW,False
DST-A1,STA,2024-03-04,0.0,24.28,LOW,False
DST-A1,STA,2024-03-05,0.0,24.92,LOW,False
DST-A1,STA,2024-03-06,10.86,26.95,LOW,False
DST-A1,STA,2024-03-07,0.0,24.16,LOW,False
DST-A1,STA,2024-03-08,0.0,27.69,LOW,False
DST-A1,STA,2024-03-09,0.0,31.61,LOW,False
DST-A1,STA,2024-03-10,0.0,24.77,LOW,False
DST-A1,STA,2024-03-11,0.0,27.23,LOW,False
DST-A1,STA,2024-03-12,0.0,26.18,LOW,False
DST-A1,STA,2024-03-13,0.0,26.87,LOW,False
DST-A1,STA,2024-03-14,0.0,27.59,LOW,False
DST-A1,STA,2024-03-15,0.0,25.64,LOW,False
DST-A1,STA,2024-03-16,0.0,26.81,LOW,False
DST-A1,STA,2024-03-17,0.0,28.38,LOW,False
DST-A1,STA,2024-03-18,0.0,28.3,LOW,False
DST-A1,STA,2024-03-19,0.0,27.36,LOW,False
DST-A1,STA,2024-03-20,0.0,26.71,LOW,False
DST-A1,STA,2024-03-21,0.0,32.46,LOW,False
DST-A1,STA,2024-03-22,0.0,30.33,LOW,False
DST-A1,STA,2024-03-23,0.0,30.69,LOW,False
DST-A1,STA,2024-03-24,0.0,28.91,LOW,False
DST-A1,STA,2024-03-25,0.0,28.2,LOW,False
DST-A1,STA,2024-03-26,0.0,28.75,LOW,False
DST-A1,STA,2024-03-27,0.0,27.45,LOW,False
DST-A1,STA,2024-03-28,0.0,32.78,LOW,False
DST-A1,STA,2024-03-29,0.0,29.91,LOW,False
DST-A1,STA,2024-03-30,0.0,32.66,LOW,False
DST-A1,STA,2024-03-31,0.0,29.75,LOW,False
DST-A1,STA,2024-04-01,0.0,31.44,LOW,False
DST-A1,STA,2024-04-02,0.0,31.18,LOW,False
DST-A1,STA,2024-04-03,0.0,28.57,LOW,False
DST-A1,STA,2024-04-04,0.0,34.31,LOW,False
DST-A1,STA,2024-04-05,0.0,30.7,LOW,False
DST-A1,STA,2024-04-06,0.0,29.57,LOW,False
DST-A1,STA,2024-04-07,0.0,32.9,LOW,False
DST-A1,STA,2024-04-08,0.0,31.9,LOW,False
DST-A1,STA,2024-04-09,0.0,32.69,LOW,False
DST-A1,STA,2024-04-10,0.0,32.42,LOW,False
DST-A1,STA,2024-04-11,0.0,28.74,LOW,False
DST-A1,STA,2024-04-12,0.0,31.08,LOW,False
DST-A1,STA,2024-04-13,0.0,31.18,LOW,False
DST-A1,STA,2024-04-14,0.0,34.58,LOW,False
DST-A1,STA,2024-04-15,0.0,33.15,LOW,False
DST-A1,STA,2024-04-16,0.0,34.13,LOW,False
DST-A1,STA,2024-04-17,0.0,32.82,LOW,False
DST-A1,STA,2024-04-18,0.0,34.54,LOW,False
DST-A1,STA,2024-04-19,0.0,33.45,LOW,False
DST-A1,STA,2024-04-20,0.0,33.48,LOW,False
DST-A1,STA,2024-04-21,0.0,34.36,LOW,False
DST-A1,STA,2024-04-22,0.0,34.35,LOW,False
DST-A1,STA,2024-04-23,0.0,38.87,LOW,False
DST-A1,STA,2024-04-24,0.0,32.95,LOW,False
DST-A1,STA,2024-04-25,0.0,32.0,LOW,False
DST-A1,STA,2024-04-26,0.0,35.34,LOW,False
DST-A1,STA,2024-04-27,0.0,33.6,LOW,False
DST-A1,STA,2024-04-28,0.0,31.19,LOW,False
DST-A1,STA,2024-04-29,0.0,33.28,LOW,False
DST-A1,STA,2024-04-30,0.0,39.3,LOW,False
DST-A1,STA,2024-05-01,0.0,33.88,LOW,False
DST-A1,STA,2024-05-02,0.0,32.42,LOW,False
DST-A1,STA,2024-05-03,0.0,39.55,LOW,False
DST-A1,STA,2024-05-04,0.0,33.86,LOW,False
DST-A1,STA,2024-05-05,0.72,41.19,LOW,False
DST-A1,STA,2024-05-06,0.0,36.69,LOW,False
DST-A1,STA,2024-05-07,0.0,34.42,LOW,False
DST-A1,STA,2024-05-08,0.0,37.71,LOW,False
DST-A1,STA,2024-05-09,0.0,35.75,LOW,False
DST-A1,STA,2024-05-10,0.24,34.06,LOW,False
DST-A1,STA,2024-05-11,3.23,37.06,LOW,False
DST-A1,STA,2024-05-12,0.0,38.57,LOW,False
DST-A1,STA,2024-05-13,0.0,37.48,LOW,False
DST-A1,STA,2024-05-14,0.0,36.94,LOW,False
DST-A1,STA,2024-05-15,0.0,37.61,LOW,False
DST-A1,STA,2024-05-16,0.0,42.2,LOW,False
DST-A1,STA,2024-05-17,0.0,40.05,LOW,False
DST-A1,STA,2024-05-18,0.0,35.93,LOW,False
DST-A1,STA,2024-05-19,,37.86,LOW,False
DST-A1,STA,2024-05-20,5.36,39.62,LOW,False
DST-A1,STA,2024-05-21,0.0,34.41,LOW,False
DST-A1,STA,2024-05-22,0.0,38.45,LOW,False
DST-A1,STA,2024-05-23,0.0,36.85,LOW,False
DST-A1,STA,2024-05-24,0.0,37.86,LOW,False
DST-A1,STA,2024-05-25,0.0,37.65,LOW,False
DST-A1,STA,2024-05-26,0.0,38.17,LOW,False
DST-A1,STA,2024-05-27,0.0,33.34,LOW,False
DST-A1,STA,2024-05-28,0.0,38.33,LOW,False
DST-A1,STA,2024-05-29,0.0,37.4,LOW,False
DST-A1,STA,2024-05-30,0.0,38.71,LOW,False
DST-A1,STA,2024-05-31,0.0,35.41,LOW,False
DST-A1,STA,2024-06-01,0.0,37.62,LOW,False
DST-A1,STA,2024-06-02,0.0,36.36,LOW,False
DST-A1,STA,2024-06-03,0.0,40.63,LOW,False
DST-A1,STA,2024-06-04,0.0,41.45,LOW,False
DST-A1,STA,2024-06-05,0.0,39.15,LOW,False
DST-A1,STA,2024-06-06,0.0,39.18,LOW,False
DST-A1,STA,2024-06-07,0.0,37.88,LOW,False
DST-A1,STA,2024-06-08,0.0,37.18,LOW,False
DST-A1,STA,2024-06-09,0.0,36.33,LOW,False
DST-A1,STA,2024-06-10,0.0,38.13,LOW,False
DST-A1,STA,2024-06-11,0.0,39.83,LOW,False
DST-A1,STA,2024-06-12,0.0,39.81,LOW,False
DST-A1,STA,2024-06-13,0.0,38.38,LOW,False
DST-A1,STA,2024-06-14,0.0,37.57,LOW,False
DST-A1,STA,2024-06-15,0.0,,LOW,False
DST-A1,STA,2024-06-16,0.0,36.67,LOW,False
DST-A1,STA,2024-06-17,0.0,36.3,LOW,False
DST-A1,STA,2024-06-18,0.0,39.04,LOW,False
DST-A1,STA,2024-06-19,0.0,39.56,LOW,False
DST-A1,STA,2024-06-20,0.0,39.0,LOW,False
DST-A1,STA,2024-06-21,0.0,39.17,LOW,False
DST-A1,STA,2024-06-22,0.0,34.69,LOW,False
DST-A1,STA,2024-06-23,0.0,39.44,LOW,False
DST-A1,STA,2024-06-24,0.0,41.0,LOW,False
DST-A1,STA,2024-06-25,0.0,39.84,LOW,False
DST-A1,STA,2024-06-26,0.0,39.74,LOW,False
DST-A1,STA,2024-06-27,0.0,38.66,LOW,False
DST-A1,STA,2024-06-28,0.0,38.68,LOW,False
DST-A1,STA,2024-06-29,0.0,37.89,LOW,False
DST-A1,STA,2024-06-30,0.0,38.79,LOW,False
DST-A1,STA,2024-07-01,92.89,36.14,MODERATE,False
DST-A1,STA,2024-07-02,0.0,36.51,LOW,False
DST-A1,STA,2024-07-03,85.87,39.46,MODERATE,False
DST-A1,STA,2024-07-04,138.89,39.39,SEVERE,True
DST-A1,STA,2024-07-05,0.0,34.2,LOW,False
DST-A1,STA,2024-07-06,85.0,36.92,MODERATE,False
DST-A1,STA,2024-07-07,21.52,35.42,LOW,False
DST-A1,STA,2024-07-08,0.0,38.54,LOW,False
DST-A1,STA,2024-07-09,0.0,34.98,LOW,False
DST-A1,STA,2024-07-10,52.48,,MODERATE,False
DST-A1,STA,2024-07-11,45.39,37.61,LOW,False
DST-A1,STA,2024-07-12,44.45,36.01,LOW,False
DST-A1,STA,2024-07-13,0.0,36.48,LOW,False
DST-A1,STA,2024-07-14,65.37,36.62,MODERATE,False
DST-A1,STA,2024-07-15,4.09,34.67,LOW,False
DST-A1,STA,2024-07-16,0.0,38.25,LOW,False
DST-A1,STA,2024-07-17,0.0,37.16,LOW,False
DST-A1,STA,2024-07-18,21.96,39.09,LOW,False
DST-A1,STA,2024-07-19,0.0,36.42,LOW,False
DST-A1,STA,2024-07-20,0.0,36.66,LOW,False
DST-A1,STA,2024-07-21,0.0,35.31,LOW,False
DST-A1,STA,2024-07-22,64.4,34.67,MODERATE,False
DST-A1,STA,2024-07-23,17.42,33.66,LOW,False
DST-A1,STA,2024-07-24,0.0,35.8,LOW,False
DST-A1,STA,2024-07-25,26.5,37.58,LOW,False
DST-A1,STA,2024-07-26,0.0,34.61,LOW,False
DST-A1,STA,2024-07-27,49.4,35.32,LOW,False
DST-A1,STA,2024-07-28,74.66,34.92,MODERATE,False
DST-A1,STA,2024-07-29,35.63,37.41,LOW,False
DST-A1,STA,2024-07-30,40.87,38.79,LOW,False
DST-A1,STA,2024-07-31,48.51,37.08,LOW,False
DST-A1,STA,2024-08-01,10.23,35.57,LOW,False
DST-A1,STA,2024-08-02,31.74,32.85,LOW,False
DST-A1,STA,2024-08-03,48.96,36.71,LOW,False
DST-A1,STA,2024-08-04,0.0,34.06,LOW,False
DST-A1,STA,2024-08-05,0.0,35.55,LOW,False
DST-A1,STA,2024-08-06,39.17,36.2,LOW,False
DST-A1,STA,2024-08-07,0.0,34.53,LOW,False
DST-A1,STA,2024-08-08,0.0,34.15,LOW,False
DST-A1,STA,2024-08-09,21.78,33.72,LOW,False
DST-A1,STA,2024-08-10,57.58,32.14,MODERATE,False
DST-A1,STA,2024-08-11,31.9,35.47,LOW,False
DST-A1,STA,2024-08-12,7.82,32.8,LOW,False
DST-A1,STA,2024-08-13,0.0,29.61,LOW,False
DST-A1,STA,2024-08-14,22.87,35.49,LOW,False
DST-A1,STA,2024-08-15,0.0,27.53,LOW,False
DST-A1,STA,2024-08-16,0.0,37.06,LOW,False
DST-A1,STA,2024-08-17,0.0,31.53,LOW,False
DST-A1,STA,2024-08-18,41.7,29.55,LOW,False
DST-A1,STA,2024-08-19,59.52,33.62,MODERATE,False
DST-A1,STA,2024-08-20,0.0,33.64,LOW,False
DST-A1,STA,2024-08-21,0.0,30.1,LOW,False
DST-A1,STA,2024-08-22,89.27,34.08,MODERATE,False
DST-A1,STA,2024-08-23,0.0,34.12,LOW,False
DST-A1,STA,2024-08-24,30.18,31.79,LOW,False
DST-A1,STA,2024-08-25,10.49,30.34,LOW,False
DST-A1,STA,2024-08-26,0.0,29.99,LOW,False
DST-A1,STA,2024-08-27,9.21,26.47,LOW,False
DST-A1,STA,2024-08-28,0.0,31.05,LOW,False
DST-A1,STA,2024-08-29,0.0,29.97,LOW,False
DST-A1,STA,2024-08-30,60.89,30.6,MODERATE,False
DST-A1,STA,2024-08-31,47.39,30.75,LOW,False
DST-A1,STA,2024-09-01,0.0,29.71,LOW,False
DST-A1,STA,2024-09-02,0.0,28.33,LOW,False
DST-A1,STA,2024-09-03,26.91,27.26,LOW,False
DST-A1,STA,2024-09-04,0.0,29.19,LOW,False
DST-A1,STA,2024-09-05,68.04,29.22,MODERATE,False
DST-A1,STA,2024-09-06,0.0,28.65,LOW,False
DST-A1,STA,2024-09-07,11.84,29.74,LOW,False
DST-A1,STA,2024-09-08,0.0,29.03,LOW,False
DST-A1,STA,2024-09-09,0.0,28.72,LOW,False
DST-A1,STA,2024-09-10,32.68,30.59,LOW,False
DST-A1,STA,2024-09-11,0.0,23.66,LOW,False
DST-A1,STA,2024-09-12,0.0,27.28,LOW,False
DST-A1,STA,2024-09-13,0.0,28.9,LOW,False
DST-A1,STA,2024-09-14,45.58,25.31,LOW,False
DST-A1,STA,2024-09-15,109.89,25.04,MODERATE,False
DST-A1,STA,2024-09-16,13.95,26.29,LOW,False
DST-A1,STA,2024-09-17,0.0,25.92,LOW,False
DST-A1,STA,2024-09-18,0.0,27.11,LOW,False
DST-A1,STA,2024-09-19,0.0,27.41,LOW,False
DST-A1,STA,2024-09-20,24.45,28.59,LOW,False
DST-A1,STA,2024-09-21,9.22,27.48,LOW,False
DST-A1,STA,2024-09-22,0.0,24.06,LOW,False
DST-A1,STA,2024-09-23,0.0,23.17,LOW,False
DST-A1,STA,2024-09-24,0.0,24.1,LOW,False
DST-A1,STA,2024-09-25,24.89,26.65,LOW,False
DST-A1,STA,2024-09-26,46.57,24.38,LOW,False
DST-A1,STA,2024-09-27,29.08,25.84,LOW,False
DST-A1,STA,2024-09-28,0.0,22.93,LOW,False
DST-A1,STA,2024-09-29,0.0,27.52,LOW,False
DST-A1,STA,2024-09-30,0.0,23.71,LOW,False
DST-A1,STA,2024-10-01,0.0,23.7,LOW,False
DST-A1,STA,2024-10-02,0.0,23.74,LOW,False
DST-A1,STA,2024-10-03,0.0,24.94,LOW,False
DST-A1,STA,2024-10-04,0.0,21.03,LOW,False
DST-A1,STA,2024-10-05,0.0,27.24,LOW,False
DST-A1,STA,2024-10-06,0.0,22.76,LOW,False
DST-A1,STA,2024-10-07,0.0,24.3,LOW,False
DST-A1,STA,2024-10-08,0.0,20.73,LOW,False
DST-A1,STA,2024-10-09,0.0,23.15,LOW,False
DST-A1,STA,2024-10-10,0.0,26.0,LOW,False
DST-A1,STA,2024-10-11,0.41,25.51,LOW,False
DST-A1,STA,2024-10-12,0.0,22.92,LOW,False
DST-A1,STA,2024-10-13,0.0,22.49,LOW,False
DST-A1,STA,2024-10-14,0.0,21.43,LOW,False
DST-A1,STA,2024-10-15,0.0,21.82,LOW,False
DST-A1,STA,2024-10-16,0.0,21.07,LOW,False
DST-A1,STA,2024-10-17,0.0,18.46,LOW,False
DST-A1,STA,2024-10-18,0.0,22.24,LOW,False
DST-A1,STA,2024-10-19,0.0,16.6,LOW,False
DST-A1,STA,2024-10-20,0.0,21.55,LOW,False
DST-A1,STA,2024-10-21,0.0,18.53,LOW,False
DST-A1,STA,2024-10-22,0.0,21.38,LOW,False
DST-A1,STA,2024-10-23,0.0,21.3,LOW,False
DST-A1,STA,2024-10-24,0.0,21.16,LOW,False
DST-A1,STA,2024-10-25,0.0,21.79,LOW,False
DST-A1,STA,2024-10-26,0.0,22.43,LOW,False
DST-A1,STA,2024-10-27,0.0,19.25,LOW,False
DST-A1,STA,2024-10-28,0.0,21.32,LOW,False
DST-A1,STA,2024-10-29,0.0,18.93,LOW,False
DST-A1,STA,2024-10-30,0.0,20.19,LOW,False
DST-A1,STA,2024-10-31,0.0,21.21,LOW,False
DST-A1,STA,2024-11-01,3.02,17.88,LOW,False
DST-A1,STA,2024-11-02,0.0,17.51,LOW,False
DST-A1,STA,2024-11-03,0.0,18.75,LOW,False
DST-A1,STA,2024-11-04,0.0,18.55,LOW,False
DST-A1,STA,2024-11-05,3.37,18.77,LOW,False
DST-A1,STA,2024-11-06,0.0,17.12,LOW,False
DST-A1,STA,2024-11-07,,18.25,LOW,False
DST-A1,STA,2024-11-08,0.0,18.51,LOW,False
DST-A1,STA,2024-11-09,0.95,16.56,LOW,False
DST-A1,STA,2024-11-10,0.0,16.13,LOW,False
DST-A1,STA,2024-11-11,0.0,19.45,LOW,False
DST-A1,STA,2024-11-12,0.0,16.28,LOW,False
DST-A1,STA,2024-11-13,0.0,20.05,LOW,False
DST-A1,STA,2024-11-14,0.0,15.23,LOW,False
DST-A1,STA,2024-11-15,0.0,20.47,LOW,False
DST-A1,STA,2024-11-16,4.2,19.13,LOW,False
DST-A1,STA,2024-11-17,0.0,18.47,LOW,False
DST-A1,STA,2024-11-18,0.0,18.56,LOW,False
DST-A1,STA,2024-11-19,0.15,18.0,LOW,False
DST-A1,STA,2024-11-20,0.0,18.87,LOW,False
DST-A1,STA,2024-11-21,0.0,13.3,LOW,False
DST-A1,STA,2024-11-22,0.0,19.41,LOW,False
DST-A1,STA,2024-11-23,0.43,13.86,LOW,False
DST-A1,STA,2024-11-24,0.0,20.38,LOW,False
DST-A1,STA,2024-11-25,0.0,16.41,LOW,False
DST-A1,STA,2024-11-26,0.0,17.04,LOW,False
DST-A1,STA,2024-11-27,0.0,15.14,LOW,False
DST-A1,STA,2024-11-28,0.0,20.12,LOW,False
DST-A1,STA,2024-11-29,0.0,15.2,LOW,False
DST-A1,STA,2024-11-30,0.0,17.97,LOW,False
DST-A1,STA,2024-12-01,0.0,19.02,LOW,False
DST-A1,STA,2024-12-02,0.0,18.06,LOW,False
DST-A1,STA,2024-12-03,0.0,17.31,LOW,False
DST-A1,STA,2024-12-04,0.0,16.81,LOW,False
DST-A1,STA,2024-12-05,0.0,14.33,LOW,False
DST-A1,STA,2024-12-06,0.0,19.71,LOW,False
DST-A1,STA,2024-12-07,0.0,17.04,LOW,False
DST-A1,STA,2024-12-08,0.0,16.58,LOW,False
DST-A1,STA,2024-12-09,0.0,14.57,LOW,False
DST-A1,STA,2024-12-10,0.0,16.63,LOW,False
DST-A1,STA,2024-12-11,3.9,16.42,LOW,False
DST-A1,STA,2024-12-12,0.0,16.53,LOW,False
DST-A1,STA,2024-12-13,0.0,16.58,LOW,False
DST-A1,STA,2024-12-14,0.0,14.55,LOW,False
DST-A1,STA,2024-12-15,0.0,15.16,LOW,False
DST-A1,STA,2024-12-16,0.0,17.43,LOW,False
DST-A1,STA,2024-12-17,2.16,13.3,LOW,False
DST-A1,STA,2024-12-18,0.0,18.43,LOW,False
DST-A1,STA,2024-12-19,0.0,16.61,LOW,False
DST-A1,STA,2024-12-20,0.0,14.61,LOW,False
DST-A1,STA,2024-12-21,0.0,17.26,LOW,False
DST-A1,STA,2024-12-22,0.0,18.59,LOW,False
DST-A1,STA,2024-12-23,0.0,14.39,LOW,False
DST-A1,STA,2024-12-24,2.35,17.06,LOW,False
DST-A1,STA,2024-12-25,0.0,17.15,LOW,False
DST-A1,STA,2024-12-26,0.0,15.61,LOW,False
DST-A1,STA,2024-12-27,0.0,16.05,LOW,False
DST-A1,STA,2024-12-28,0.0,17.31,LOW,False
DST-A1,STA,2024-12-29,0.0,16.0,LOW,False
DST-A1,STA,2024-12-30,0.0,14.83,LOW,False
DST-A1,STA,2024-12-31,0.0,13.62,LOW,False
DST-A1,STA,2025-01-01,0.0,17.04,LOW,False
DST-A1,STA,2025-01-02,0.0,19.23,LOW,False
DST-A1,STA,2025-01-03,0.0,17.81,LOW,False
DST-A1,STA,2025-01-04,0.0,15.13,LOW,False
DST-A1,STA,2025-01-05,0.0,15.88,LOW,False
DST-A1,STA,2025-01-06,0.0,,LOW,False
DST-A1,STA,2025-01-07,3.99,20.68,LOW,False
DST-A1,STA,2025-01-08,0.0,17.51,LOW,False
DST-A1,STA,2025-01-09,0.0,17.36,LOW,False
DST-A1,STA,2025-01-10,0.0,18.27,LOW,False
DST-A1,STA,2025-01-11,0.0,19.22,LOW,False
DST-A1,STA,2025-01-12,0.0,19.52,LOW,False
DST-A1,STA,2025-01-13,0.0,,LOW,False
DST-A1,STA,2025-01-14,0.0,18.02,LOW,False
DST-A1,STA,2025-01-15,0.0,18.08,LOW,False
DST-A1,STA,2025-01-16,0.0,18.92,LOW,False
DST-A1,STA,2025-01-17,0.0,19.46,LOW,False
DST-A1,STA,2025-01-18,0.0,15.77,LOW,False
DST-A1,STA,2025-01-19,0.0,18.62,LOW,False
DST-A1,STA,2025-01-20,0.0,20.07,LOW,False
DST-A1,STA,2025-01-21,0.0,17.96,LOW,False
DST-A1,STA,2025-01-22,0.67,18.72,LOW,False
DST-A1,STA,2025-01-23,0.0,20.22,LOW,False
DST-A1,STA,2025-01-24,0.0,15.64,LOW,False
DST-A1,STA,2025-01-25,0.0,19.14,LOW,False
DST-A1,STA,2025-01-26,0.0,19.1,LOW,False
DST-A1,STA,2025-01-27,0.0,19.82,LOW,False
DST-A1,STA,2025-01-28,0.0,17.54,LOW,False
DST-A1,STA,2025-01-29,0.0,17.71,LOW,False
DST-A1,STA,2025-01-30,0.0,,LOW,False
DST-A1,STA,2025-01-31,0.0,15.44,LOW,False
DST-A1,STA,2025-02-01,0.0,18.59,LOW,False
DST-A1,STA,2025-02-02,0.0,19.49,LOW,False
DST-A1,STA,2025-02-03,0.0,19.81,LOW,False
DST-A1,STA,2025-02-04,0.0,19.3,LOW,False
DST-A1,STA,2025-02-05,0.0,21.52,LOW,False
DST-A1,STA,2025-02-06,0.0,21.51,LOW,False
DST-A1,STA,2025-02-07,0.0,20.7,LOW,False
DST-A1,STA,2025-02-08,0.0,20.0,LOW,False
DST-A1,STA,2025-02-09,0.0,20.86,LOW,False
DST-A1,STA,2025-02-10,0.0,21.55,LOW,False
DST-A1,STA,2025-02-11,0.0,20.23,LOW,False
DST-A1,STA,2025-02-12,0.0,22.75,LOW,False
DST-A1,STA,2025-02-13,0.0,23.69,LOW,False
DST-A1,STA,2025-02-14,0.0,24.66,LOW,False
DST-A1,STA,2025-02-15,0.0,24.69,LOW,False
DST-A1,STA,2025-02-16,0.0,21.83,LOW,False
DST-A1,STA,2025-02-17,,22.79,LOW,False
DST-A1,STA,2025-02-18,0.0,22.44,LOW,False
DST-A1,STA,2025-02-19,0.0,22.61,LOW,False
DST-A1,STA,2025-02-20,0.0,22.67,LOW,False
DST-A1,STA,2025-02-21,0.0,23.27,LOW,False
DST-A1,STA,2025-02-22,0.0,25.53,LOW,False
DST-A1,STA,2025-02-23,0.0,24.17,LOW,False
DST-A1,STA,2025-02-24,0.0,21.72,LOW,False
DST-A1,STA,2025-02-25,0.0,25.66,LOW,False
DST-A1,STA,2025-02-26,0.0,24.53,LOW,False
DST-A1,STA,2025-02-27,0.0,25.21,LOW,False
DST-A1,STA,2025-02-28,0.0,25.03,LOW,False
DST-A1,STA,2025-03-01,0.0,25.3,LOW,False
DST-A1,STA,2025-03-02,0.0,25.57,LOW,False
DST-A1,STA,2025-03-03,0.0,21.96,LOW,False
DST-A1,STA,2025-03-04,0.0,26.1,LOW,False
DST-A1,STA,2025-03-05,0.0,24.15,LOW,False
DST-A1,STA,2025-03-06,0.0,24.75,LOW,False
DST-A1,STA,2025-03-07,0.0,25.8,LOW,False
DST-A1,STA,2025-03-08,0.0,28.9,LOW,False
DST-A1,STA,2025-03-09,0.0,24.37,LOW,False
DST-A1,STA,2025-03-10,0.0,26.3,LOW,False
DST-A1,STA,2025-03-11,,26.09,LOW,False
DST-A1,STA,2025-03-12,0.0,26.81,LOW,False
DST-A1,STA,2025-03-13,0.0,26.74,LOW,False
DST-A1,STA,2025-03-14,0.0,,LOW,False
DST-A1,STA,2025-03-15,0.0,25.44,LOW,False
DST-A1,STA,2025-03-16,0.0,26.76,LOW,False
DST-A1,STA,2025-03-17,0.0,28.49,LOW,False
DST-A1,STA,2025-03-18,0.0,25.12,LOW,False
DST-A1,STA,2025-03-19,0.0,29.39,LOW,False
DST-A1,STA,2025-03-20,0.0,29.39,LOW,False
DST-A1,STA,2025-03-21,0.0,29.04,LOW,False
DST-A1,STA,2025-03-22,0.0,29.72,LOW,False
DST-A1,STA,2025-03-23,0.0,27.95,LOW,False
DST-A1,STA,2025-03-24,0.0,31.67,LOW,False
DST-A1,STA,2025-03-25,0.0,31.56,LOW,False
DST-A1,STA,2025-03-26,0.0,30.02,LOW,False
DST-A1,STA,2025-03-27,0.0,29.79,LOW,False
DST-A1,STA,2025-03-28,0.0,31.24,LOW,False
DST-A1,STA,2025-03-29,0.0,28.63,LOW,False
DST-A1,STA,2025-03-30,0.0,31.26,LOW,False
DST-A1,STA,2025-03-31,0.0,30.92,LOW,False
DST-A1,STA,2025-04-01,0.0,29.81,LOW,False
DST-A1,STA,2025-04-02,0.0,31.35,LOW,False
DST-A1,STA,2025-04-03,0.0,33.45,LOW,False
DST-A1,STA,2025-04-04,0.0,28.05,LOW,False
DST-A1,STA,2025-04-05,0.0,29.37,LOW,False
DST-A1,STA,2025-04-06,0.0,30.89,LOW,False
DST-A1,STA,2025-04-07,0.0,32.68,LOW,False
DST-A1,STA,2025-04-08,0.0,32.31,LOW,False
DST-A1,STA,2025-04-09,0.0,33.02,LOW,False
DST-A1,STA,2025-04-10,0.0,31.43,LOW,False
DST-A1,STA,2025-04-11,0.0,32.32,LOW,False
DST-A1,STA,2025-04-12,0.0,34.31,LOW,False
DST-A1,STA,2025-04-13,0.0,32.96,LOW,False
DST-A1,STA,2025-04-14,0.0,33.64,LOW,False
DST-A1,STA,2025-04-15,0.0,32.93,LOW,False
DST-A1,STA,2025-04-16,0.0,32.09,LOW,False
DST-A1,STA,2025-04-17,0.0,34.47,LOW,False
DST-A1,STA,2025-04-18,0.0,35.17,LOW,False
DST-A1,STA,2025-04-19,0.0,33.76,LOW,False
DST-A1,STA,2025-04-20,0.0,32.18,LOW,False
DST-A1,STA,2025-04-21,0.0,34.86,LOW,False
DST-A1,STA,2025-04-22,0.0,34.83,LOW,False
DST-A1,STA,2025-04-23,0.0,33.82,LOW,False
DST-A1,STA,2025-04-24,0.0,38.74,LOW,False
DST-A1,STA,2025-04-25,0.0,37.14,LOW,False
DST-A1,STA,2025-04-26,0.0,35.37,LOW,False
DST-A1,STA,2025-04-27,0.0,35.57,LOW,False
DST-A1,STA,2025-04-28,0.0,37.53,LOW,False
DST-A1,STA,2025-04-29,0.0,37.09,LOW,False
DST-A1,STA,2025-04-30,0.0,35.08,LOW,False
DST-A1,STA,2025-05-01,0.0,36.14,LOW,False
DST-A1,STA,2025-05-02,0.0,35.32,LOW,False
DST-A1,STA,2025-05-03,0.0,33.58,LOW,False
DST-A1,STA,2025-05-04,0.0,32.85,LOW,False
DST-A1,STA,2025-05-05,0.0,36.25,LOW,False
DST-A1,STA,2025-05-06,0.0,41.02,LOW,False
DST-A1,STA,2025-05-07,1.2,38.66,LOW,False
DST-A1,STA,2025-05-08,0.0,36.97,LOW,False
DST-A1,STA,2025-05-09,0.0,36.51,LOW,False
DST-A1,STA,2025-05-10,0.0,33.91,LOW,False
DST-A1,STA,2025-05-11,0.0,37.71,LOW,False
DST-A1,STA,2025-05-12,0.0,35.57,LOW,False
DST-A1,STA,2025-05-13,0.0,38.17,LOW,False
DST-A1,STA,2025-05-14,0.0,35.66,LOW,False
DST-A1,STA,2025-05-15,0.0,36.82,LOW,False
DST-A1,STA,2025-05-16,0.0,37.93,LOW,False
DST-A1,STA,2025-05-17,0.0,39.37,LOW,False
DST-A1,STA,2025-05-18,0.46,38.33,LOW,False
DST-A1,STA,2025-05-19,0.0,35.33,LOW,False
DST-A1,STA,2025-05-20,0.0,34.95,LOW,False
DST-A1,STA,2025-05-21,0.0,39.82,LOW,False
DST-A1,STA,2025-05-22,0.0,40.23,LOW,False
DST-A1,STA,2025-05-23,0.0,35.55,LOW,False
DST-A1,STA,2025-05-24,0.0,37.88,LOW,False
DST-A1,STA,2025-05-25,0.0,,LOW,False
DST-A1,STA,2025-05-26,0.02,38.47,LOW,False
DST-A1,STA,2025-05-27,0.0,37.9,LOW,False
DST-A1,STA,2025-05-28,1.84,37.53,LOW,False
DST-A1,STA,2025-05-29,0.0,41.2,LOW,False
DST-A1,STA,2025-05-30,0.0,37.63,LOW,False
DST-A1,STA,2025-05-31,0.0,36.51,LOW,False
DST-A1,STA,2025-06-01,0.0,36.93,LOW,False
DST-A1,STA,2025-06-02,0.0,37.92,LOW,False
DST-A1,STA,2025-06-03,0.0,38.37,LOW,False
DST-A1,STA,2025-06-04,0.0,38.13,LOW,False
DST-A1,STA,2025-06-05,0.0,41.42,LOW,False
DST-A1,STA,2025-06-06,0.0,34.76,LOW,False
DST-A1,STA,2025-06-07,0.0,38.41,LOW,False
DST-A1,STA,2025-06-08,0.0,39.26,LOW,False
DST-A1,STA,2025-06-09,0.0,40.27,LOW,False
DST-A1,STA,2025-06-10,0.0,38.79,LOW,False
DST-A1,STA,2025-06-11,0.0,38.96,LOW,False
DST-A1,STA,2025-06-12,0.0,39.74,LOW,False
DST-A1,STA,2025-06-13,0.0,38.49,LOW,False
DST-A1,STA,2025-06-14,0.0,34.09,LOW,False
DST-A1,STA,2025-06-15,0.0,36.36,LOW,False
DST-A1,STA,2025-06-16,0.0,38.04,LOW,False
DST-A1,STA,2025-06-17,0.0,36.72,LOW,False
DST-A1,STA,2025-06-18,0.0,42.91,LOW,False
DST-A1,STA,2025-06-19,0.9,37.74,LOW,False
DST-A1,STA,2025-06-20,0.0,35.03,LOW,False
DST-A1,STA,2025-06-21,0.0,36.65,LOW,False
DST-A1,STA,2025-06-22,0.0,35.55,LOW,False
DST-A1,STA,2025-06-23,0.0,38.67,LOW,False
DST-A1,STA,2025-06-24,0.0,39.13,LOW,False
DST-A1,STA,2025-06-25,0.0,39.89,LOW,False
DST-A1,STA,2025-06-26,1.06,39.45,LOW,False
DST-A1,STA,2025-06-27,0.0,37.71,LOW,False
DST-A1,STA,2025-06-28,0.0,39.34,LOW,False
DST-A1,STA,2025-06-29,0.0,40.95,LOW,False
DST-A1,STA,2025-06-30,0.24,,LOW,False
DST-A2,STA,2024-01-01,0.0,,LOW,False
DST-A2,STA,2024-01-02,,15.37,LOW,False
DST-A2,STA,2024-01-03,0.0,15.2,LOW,False
DST-A2,STA,2024-01-04,0.0,16.29,LOW,False
DST-A2,STA,2024-01-05,0.0,17.05,LOW,False
DST-A2,STA,2024-01-06,0.0,16.09,LOW,False
DST-A2,STA,2024-01-07,0.0,15.79,LOW,False
DST-A2,STA,2024-01-08,0.0,17.98,LOW,False
DST-A2,STA,2024-01-09,0.0,16.65,LOW,False
DST-A2,STA,2024-01-10,0.0,16.32,LOW,False
DST-A2,STA,2024-01-11,0.0,15.21,LOW,False
DST-A2,STA,2024-01-12,0.0,13.73,LOW,False
DST-A2,STA,2024-01-13,0.0,20.25,LOW,False
DST-A2,STA,2024-01-14,0.0,20.28,LOW,False
DST-A2,STA,2024-01-15,2.77,19.47,LOW,False
DST-A2,STA,2024-01-16,0.0,19.47,LOW,False
DST-A2,STA,2024-01-17,0.0,19.26,LOW,False
DST-A2,STA,2024-01-18,0.0,17.37,LOW,False
DST-A2,STA,2024-01-19,,16.34,LOW,False
DST-A2,STA,2024-01-20,0.0,14.46,LOW,False
DST-A2,STA,2024-01-21,0.0,19.28,LOW,False
DST-A2,STA,2024-01-22,0.0,18.85,LOW,False
DST-A2,STA,2024-01-23,0.0,20.03,LOW,False
DST-A2,STA,2024-01-24,0.0,21.34,LOW,False
DST-A2,STA,2024-01-25,0.0,22.19,LOW,False
DST-A2,STA,2024-01-26,0.0,21.17,LOW,False
DST-A2,STA,2024-01-27,0.0,18.67,LOW,False
DST-A2,STA,2024-01-28,0.0,19.24,LOW,False
DST-A2,STA,2024-01-29,0.0,21.42,LOW,False
DST-A2,STA,2024-01-30,0.0,18.38,LOW,False
DST-A2,STA,2024-01-31,0.0,18.64,LOW,False
DST-A2,STA,2024-02-01,0.0,21.48,LOW,False
DST-A2,STA,2024-02-02,0.0,23.36,LOW,False
DST-A2,STA,2024-02-03,0.0,22.17,LOW,False
DST-A2,STA,2024-02-04,0.0,21.95,LOW,False
DST-A2,STA,2024-02-05,0.0,20.57,LOW,False
DST-A2,STA,2024-02-06,0.0,19.31,LOW,False
DST-A2,STA,2024-02-07,0.0,22.13,LOW,False
DST-A2,STA,2024-02-08,,23.88,LOW,False
DST-A2,STA,2024-02-09,0.0,20.6,LOW,False
DST-A2,STA,2024-02-10,0.06,20.3,LOW,False
DST-A2,STA,2024-02-11,0.0,24.5,LOW,False
DST-A2,STA,2024-02-12,0.0,21.35,LOW,False
DST-A2,STA,2024-02-13,0.0,18.0,LOW,False
DST-A2,STA,2024-02-14,0.26,23.5,LOW,False
DST-A2,STA,2024-02-15,0.0,19.85,LOW,False
DST-A2,STA,2024-02-16,0.0,26.01,LOW,False
DST-A2,STA,2024-02-17,0.0,22.88,LOW,False
DST-A2,STA,2024-02-18,0.0,22.03,LOW,False
DST-A2,STA,2024-02-19,0.0,23.38,LOW,False
DST-A2,STA,2024-02-20,0.0,20.25,LOW,False
DST-A2,STA,2024-02-21,0.0,21.18,LOW,False
DST-A2,STA,2024-02-22,0.0,23.53,LOW,False
DST-A2,STA,2024-02-23,0.0,19.03,LOW,False
DST-A2,STA,2024-02-24,0.0,25.15,LOW,False
DST-A2,STA,2024-02-25,0.0,19.5,LOW,False
DST-A2,STA,2024-02-26,0.0,26.37,LOW,False
DST-A2,STA,2024-02-27,0.0,23.7,LOW,False
DST-A2,STA,2024-02-28,0.0,25.96,LOW,False
DST-A2,STA,2024-02-29,0.0,25.42,LOW,False
DST-A2,STA,2024-03-01,0.56,28.18,LOW,False
DST-A2,STA,2024-03-02,0.0,22.39,LOW,False
DST-A2,STA,2024-03-03,0.0,23.88,LOW,False
DST-A2,STA,2024-03-04,0.0,25.39,LOW,False
DST-A2,STA,2024-03-05,0.0,26.03,LOW,False
DST-A2,STA,2024-03-06,0.0,26.33,LOW,False
DST-A2,STA,2024-03-07,0.0,25.77,LOW,False
DST-A2,STA,2024-03-08,0.0,22.8,LOW,False
DST-A2,STA,2024-03-09,0.0,27.94,LOW,False
DST-A2,STA,2024-03-10,0.0,27.3,LOW,False
DST-A2,STA,2024-03-11,0.0,27.59,LOW,False
DST-A2,STA,2024-03-12,0.0,31.81,LOW,False
DST-A2,STA,2024-03-13,0.0,25.69,LOW,False
DST-A2,STA,2024-03-14,0.0,28.1,LOW,False
DST-A2,STA,2024-03-15,0.0,25.64,LOW,False
DST-A2,STA,2024-03-16,0.0,28.28,LOW,False
DST-A2,STA,2024-03-17,0.0,29.53,LOW,False
DST-A2,STA,2024-03-18,0.0,27.61,LOW,False
DST-A2,STA,2024-03-19,0.0,25.93,LOW,False
DST-A2,STA,2024-03-20,0.0,29.74,LOW,False
DST-A2,STA,2024-03-21,0.0,29.47,LOW,False
DST-A2,STA,2024-03-22,0.0,27.91,LOW,False
DST-A2,STA,2024-03-23,0.0,28.55,LOW,False
DST-A2,STA,2024-03-24,0.0,30.85,LOW,False
DST-A2,STA,2024-03-25,0.0,30.93,LOW,False
DST-A2,STA,2024-03-26,0.0,30.25,LOW,False
DST-A2,STA,2024-03-27,0.0,32.15,LOW,False
DST-A2,STA,2024-03-28,0.0,31.67,LOW,False
DST-A2,STA,2024-03-29,0.0,31.62,LOW,False
DST-A2,STA,2024-03-30,0.0,27.42,LOW,False
DST-A2,STA,2024-03-31,0.0,31.15,LOW,False
DST-A2,STA,2024-04-01,0.0,30.99,LOW,False
DST-A2,STA,2024-04-02,0.0,33.5,LOW,False
DST-A2,STA,2024-04-03,0.0,25.87,LOW,False
DST-A2,STA,2024-04-04,0.0,30.91,LOW,False
DST-A2,STA,2024-04-05,0.0,31.56,LOW,False
DST-A2,STA,2024-04-06,0.0,29.61,LOW,False
DST-A2,STA,2024-04-07,0.0,30.09,LOW,False
DST-A2,STA,2024-04-08,0.37,34.57,LOW,False
DST-A2,STA,2024-04-09,0.0,28.72,LOW,False
DST-A2,STA,2024-04-10,0.0,33.34,LOW,False
DST-A2,STA,2024-04-11,0.0,33.46,LOW,False
DST-A2,STA,2024-04-12,0.2,34.72,LOW,False
DST-A2,STA,2024-04-13,0.0,31.88,LOW,False
DST-A2,STA,2024-04-14,0.0,34.18,LOW,False
DST-A2,STA,2024-04-15,0.0,34.27,LOW,False
DST-A2,STA,2024-04-16,0.0,34.18,LOW,False
DST-A2,STA,2024-04-17,0.0,37.43,LOW,False
DST-A2,STA,2024-04-18,0.0,35.84,LOW,False
DST-A2,STA,2024-04-19,0.0,32.2,LOW,False
DST-A2,STA,2024-04-20,0.0,35.68,LOW,False
DST-A2,STA,2024-04-21,0.0,34.09,LOW,False
DST-A2,STA,2024-04-22,0.0,33.81,LOW,False
DST-A2,STA,2024-04-23,0.0,36.86,LOW,False
DST-A2,STA,2024-04-24,0.0,32.85,LOW,False
DST-A2,STA,2024-04-25,0.0,36.29,LOW,False
DST-A2,STA,2024-04-26,0.0,36.12,LOW,False
DST-A2,STA,2024-04-27,0.0,33.24,LOW,False
DST-A2,STA,2024-04-28,0.0,32.11,LOW,False
DST-A2,STA,2024-04-29,0.0,35.04,LOW,False
DST-A2,STA,2024-04-30,0.0,30.0,LOW,False
DST-A2,STA,2024-05-01,0.0,37.47,LOW,False
DST-A2,STA,2024-05-02,0.0,36.23,LOW,False
DST-A2,STA,2024-05-03,0.0,38.3,LOW,False
DST-A2,STA,2024-05-04,0.0,36.36,LOW,False
DST-A2,STA,2024-05-05,0.0,38.69,LOW,False
DST-A2,STA,2024-05-06,0.27,35.01,LOW,False
DST-A2,STA,2024-05-07,0.0,36.01,LOW,False
DST-A2,STA,2024-05-08,0.0,38.95,LOW,False
DST-A2,STA,2024-05-09,0.0,40.56,LOW,False
DST-A2,STA,2024-05-10,0.0,39.75,LOW,False
DST-A2,STA,2024-05-11,0.0,38.37,LOW,False
DST-A2,STA,2024-05-12,0.0,35.21,LOW,False
DST-A2,STA,2024-05-13,0.0,38.62,LOW,False
DST-A2,STA,2024-05-14,0.0,34.63,LOW,False
DST-A2,STA,2024-05-15,0.0,34.47,LOW,False
DST-A2,STA,2024-05-16,0.0,37.33,LOW,False
DST-A2,STA,2024-05-17,0.0,37.2,LOW,False
DST-A2,STA,2024-05-18,0.0,36.96,LOW,False
DST-A2,STA,2024-05-19,0.0,41.17,LOW,False
DST-A2,STA,2024-05-20,0.0,36.77,LOW,False
DST-A2,STA,2024-05-21,0.0,38.36,LOW,False
DST-A2,STA,2024-05-22,0.0,37.83,LOW,False
DST-A2,STA,2024-05-23,0.0,39.1,LOW,False
DST-A2,STA,2024-05-24,0.0,39.35,LOW,False
DST-A2,STA,2024-05-25,0.0,38.43,LOW,False
DST-A2,STA,2024-05-26,0.0,36.79,LOW,False
DST-A2,STA,2024-05-27,0.0,36.84,LOW,False
DST-A2,STA,2024-05-28,0.0,37.38,LOW,False
DST-A2,STA,2024-05-29,0.0,38.65,LOW,False
DST-A2,STA,2024-05-30,0.0,39.4,LOW,False
DST-A2,STA,2024-05-31,0.0,37.15,LOW,False
DST-A2,STA,2024-06-01,0.0,40.6,LOW,False
DST-A2,STA,2024-06-02,0.0,37.87,LOW,False
DST-A2,STA,2024-06-03,0.0,34.5,LOW,False
DST-A2,STA,2024-06-04,0.0,41.92,LOW,False
DST-A2,STA,2024-06-05,0.0,38.48,LOW,False
DST-A2,STA,2024-06-06,0.0,40.0,LOW,False
DST-A2,STA,2024-06-07,0.0,35.38,LOW,False
DST-A2,STA,2024-06-08,0.0,37.15,LOW,False
DST-A2,STA,2024-06-09,0.0,37.89,LOW,False
DST-A2,STA,2024-06-10,0.0,36.19,LOW,False
DST-A2,STA,2024-06-11,0.0,38.06,LOW,False
DST-A2,STA,2024-06-12,0.0,37.73,LOW,False
DST-A2,STA,2024-06-13,6.18,40.65,LOW,False
DST-A2,STA,2024-06-14,0.0,39.61,LOW,False
DST-A2,STA,2024-06-15,0.0,39.06,LOW,False
DST-A2,STA,2024-06-16,0.0,36.4,LOW,False
DST-A2,STA,2024-06-17,0.0,36.76,LOW,False
DST-A2,STA,2024-06-18,0.0,35.44,LOW,False
DST-A2,STA,2024-06-19,0.0,41.19,LOW,False
DST-A2,STA,2024-06-20,0.0,39.96,LOW,False
DST-A2,STA,2024-06-21,0.0,38.24,LOW,False
DST-A2,STA,2024-06-22,0.0,37.98,LOW,False
DST-A2,STA,2024-06-23,0.0,36.93,LOW,False
DST-A2,STA,2024-06-24,0.0,39.06,LOW,False
DST-A2,STA,2024-06-25,0.0,37.01,LOW,False
DST-A2,STA,2024-06-26,0.0,37.62,LOW,False
DST-A2,STA,2024-06-27,0.0,37.11,LOW,False
DST-A2,STA,2024-06-28,0.0,39.59,LOW,False
DST-A2,STA,2024-06-29,0.0,37.89,LOW,False
DST-A2,STA,2024-06-30,0.0,38.35,LOW,False
DST-A2,STA,2024-07-01,24.48,35.99,LOW,False
DST-A2,STA,2024-07-02,10.25,38.29,LOW,False
DST-A2,STA,2024-07-03,0.0,37.54,LOW,False
DST-A2,STA,2024-07-04,0.0,37.85,LOW,False
DST-A2,STA,2024-07-05,73.1,35.54,MODERATE,False
DST-A2,STA,2024-07-06,35.08,38.37,LOW,False
DST-A2,STA,2024-07-07,9.89,36.41,LOW,False
DST-A2,STA,2024-07-08,28.13,39.3,LOW,False
DST-A2,STA,2024-07-09,0.0,34.98,LOW,False
DST-A2,STA,2024-07-10,0.0,36.13,LOW,False
DST-A2,STA,2024-07-11,45.67,38.18,LOW,False
DST-A2,STA,2024-07-12,0.0,35.35,LOW,False
DST-A2,STA,2024-07-13,12.16,39.23,LOW,False
DST-A2,STA,2024-07-14,44.41,39.54,LOW,False
DST-A2,STA,2024-07-15,32.69,36.31,LOW,False
DST-A2,STA,2024-07-16,0.0,37.05,LOW,False
DST-A2,STA,2024-07-17,8.32,37.76,LOW,False
DST-A2,STA,2024-07-18,40.25,35.34,LOW,False
DST-A2,STA,2024-07-19,0.0,38.71,LOW,False
DST-A2,STA,2024-07-20,0.0,38.53,LOW,False
DST-A2,STA,2024-07-21,75.1,39.24,MODERATE,False
DST-A2,STA,2024-07-22,0.0,34.77,LOW,False
DST-A2,STA,2024-07-23,0.0,36.12,LOW,False
DST-A2,STA,2024-07-24,0.0,37.99,LOW,False
DST-A2,STA,2024-07-25,,37.67,LOW,False
DST-A2,STA,2024-07-26,0.0,35.42,LOW,False
DST-A2,STA,2024-07-27,0.0,36.57,LOW,False
DST-A2,STA,2024-07-28,11.32,34.71,LOW,False
DST-A2,STA,2024-07-29,0.0,35.19,LOW,False
DST-A2,STA,2024-07-30,0.0,34.95,LOW,False
DST-A2,STA,2024-07-31,55.0,34.23,MODERATE,False
DST-A2,STA,2024-08-01,50.22,34.58,MODERATE,False
DST-A2,STA,2024-08-02,0.0,,LOW,False
DST-A2,STA,2024-08-03,36.34,39.02,LOW,False
DST-A2,STA,2024-08-04,45.24,36.72,LOW,False
DST-A2,STA,2024-08-05,0.0,34.94,LOW,False
DST-A2,STA,2024-08-06,0.0,34.12,LOW,False
DST-A2,STA,2024-08-07,33.28,34.38,LOW,False
DST-A2,STA,2024-08-08,0.0,35.76,LOW,False
DST-A2,STA,2024-08-09,11.22,32.52,LOW,False
DST-A2,STA,2024-08-10,24.39,32.7,LOW,False
DST-A2,STA,2024-08-11,35.37,32.54,LOW,False
DST-A2,STA,2024-08-12,0.0,32.39,LOW,False
DST-A2,STA,2024-08-13,0.0,32.91,LOW,False
DST-A2,STA,2024-08-14,50.91,32.07,MODERATE,False
DST-A2,STA,2024-08-15,44.65,37.14,LOW,False
DST-A2,STA,2024-08-16,0.0,31.81,LOW,False
DST-A2,STA,2024-08-17,114.27,28.35,SEVERE,True
DST-A2,STA,2024-08-18,34.82,32.83,LOW,False
DST-A2,STA,2024-08-19,36.08,28.1,LOW,False
DST-A2,STA,2024-08-20,0.0,32.25,LOW,False
DST-A2,STA,2024-08-21,13.2,30.9,LOW,False
DST-A2,STA,2024-08-22,115.36,29.16,SEVERE,True
DST-A2,STA,2024-08-23,0.0,31.67,LOW,False
DST-A2,STA,2024-08-24,0.0,30.37,LOW,False
DST-A2,STA,2024-08-25,0.0,31.21,LOW,False
DST-A2,STA,2024-08-26,11.91,30.91,LOW,False
DST-A2,STA,2024-08-27,34.19,32.43,LOW,False
DST-A2,STA,2024-08-28,92.7,30.8,MODERATE,False
DST-A2,STA,2024-08-29,0.0,28.06,LOW,False
DST-A2,STA,2024-08-30,47.92,28.84,LOW,False
DST-A2,STA,2024-08-31,0.0,31.66,LOW,False
DST-A2,STA,2024-09-01,25.85,28.76,LOW,False
DST-A2,STA,2024-09-02,0.0,30.82,LOW,False
DST-A2,STA,2024-09-03,0.0,33.58,LOW,False
DST-A2,STA,2024-09-04,0.0,29.44,LOW,False
DST-A2,STA,2024-09-05,0.0,27.73,LOW,False
DST-A2,STA,2024-09-06,35.3,27.04,LOW,False
DST-A2,STA,2024-09-07,170.85,30.27,SEVERE,True
DST-A2,STA,2024-09-08,40.94,28.0,LOW,False
DST-A2,STA,2024-09-09,0.0,31.45,LOW,False
DST-A2,STA,2024-09-10,44.85,28.72,LOW,False
DST-A2,STA,2024-09-11,41.58,30.63,LOW,False
DST-A2,STA,2024-09-12,80.77,26.04,MODERATE,False
DST-A2,STA,2024-09-13,72.57,24.75,MODERATE,False
DST-A2,STA,2024-09-14,31.56,27.41,LOW,False
DST-A2,STA,2024-09-15,35.21,26.65,LOW,False
DST-A2,STA,2024-09-16,0.0,26.25,LOW,False
DST-A2,STA,2024-09-17,0.0,27.66,LOW,False
DST-A2,STA,2024-09-18,0.0,25.94,LOW,False
DST-A2,STA,2024-09-19,0.0,23.03,LOW,False
DST-A2,STA,2024-09-20,0.0,26.3,LOW,False
DST-A2,STA,2024-09-21,0.0,27.84,LOW,False
DST-A2,STA,2024-09-22,38.81,22.37,LOW,False
DST-A2,STA,2024-09-23,0.0,24.9,LOW,False
DST-A2,STA,2024-09-24,32.49,27.23,LOW,False
DST-A2,STA,2024-09-25,58.69,26.75,MODERATE,False
DST-A2,STA,2024-09-26,33.3,26.39,LOW,False
DST-A2,STA,2024-09-27,51.05,25.09,MODERATE,False
DST-A2,STA,2024-09-28,0.0,24.97,LOW,False
DST-A2,STA,2024-09-29,0.0,24.16,LOW,False
DST-A2,STA,2024-09-30,0.0,22.82,LOW,False
DST-A2,STA,2024-10-01,0.0,24.28,LOW,False
DST-A2,STA,2024-10-02,0.0,21.39,LOW,False
DST-A2,STA,2024-10-03,0.0,20.23,LOW,False
DST-A2,STA,2024-10-04,1.14,21.71,LOW,False
DST-A2,STA,2024-10-05,0.0,22.39,LOW,False
DST-A2,STA,2024-10-06,0.19,22.83,LOW,False
DST-A2,STA,2024-10-07,3.1,21.95,LOW,False
DST-A2,STA,2024-10-08,0.0,23.73,LOW,False
DST-A2,STA,2024-10-09,0.0,24.03,LOW,False
DST-A2,STA,2024-10-10,0.0,25.22,LOW,False
DST-A2,STA,2024-10-11,0.76,23.03,LOW,False
DST-A2,STA,2024-10-12,0.0,23.56,LOW,False
DST-A2,STA,2024-10-13,0.0,22.6,LOW,False
DST-A2,STA,2024-10-14,0.0,21.0,LOW,False
DST-A2,STA,2024-10-15,0.0,19.7,LOW,False
DST-A2,STA,2024-10-16,0.0,18.39,LOW,False
DST-A2,STA,2024-10-17,0.0,24.78,LOW,False
DST-A2,STA,2024-10-18,0.3,18.44,LOW,False
DST-A2,STA,2024-10-19,0.52,20.39,LOW,False
DST-A2,STA,2024-10-20,0.0,21.54,LOW,False
DST-A2,STA,2024-10-21,0.0,21.26,LOW,False
DST-A2,STA,2024-10-22,0.0,21.73,LOW,False
DST-A2,STA,2024-10-23,0.0,19.2,LOW,False
DST-A2,STA,2024-10-24,1.67,16.58,LOW,False
DST-A2,STA,2024-10-25,0.0,17.52,LOW,False
DST-A2,STA,2024-10-26,0.0,19.36,LOW,False
DST-A2,STA,2024-10-27,0.0,,LOW,False
DST-A2,STA,2024-10-28,3.48,20.98,LOW,False
DST-A2,STA,2024-10-29,4.57,17.67,LOW,False
DST-A2,STA,2024-10-30,0.0,18.78,LOW,False
DST-A2,STA,2024-10-31,0.0,18.09,LOW,False
DST-A2,STA,2024-11-01,0.0,20.36,LOW,False
DST-A2,STA,2024-11-02,0.0,21.38,LOW,False
DST-A2,STA,2024-11-03,0.0,18.01,LOW,False
DST-A2,STA,2024-11-04,0.0,18.42,LOW,False
DST-A2,STA,2024-11-05,0.0,16.91,LOW,False
DST-A2,STA,2024-11-06,0.0,15.3,LOW,False
DST-A2,STA,2024-11-07,0.0,18.55,LOW,False
DST-A2,STA,2024-11-08,0.0,17.49,LOW,False
DST-A2,STA,2024-11-09,0.0,19.99,LOW,False
DST-A2,STA,2024-11-10,0.0,15.23,LOW,False
DST-A2,STA,2024-11-11,0.0,16.67,LOW,False
DST-A2,STA,2024-11-12,0.0,15.69,LOW,False
DST-A2,STA,2024-11-13,0.0,17.96,LOW,False
DST-A2,STA,2024-11-14,0.0,16.71,LOW,False
DST-A2,STA,2024-11-15,0.0,15.54,LOW,False
DST-A2,STA,2024-11-16,0.0,15.54,LOW,False
DST-A2,STA,2024-11-17,0.0,16.98,LOW,False
DST-A2,STA,2024-11-18,0.0,16.22,LOW,False
DST-A2,STA,2024-11-19,0.0,15.93,LOW,False
DST-A2,STA,2024-11-20,0.0,17.52,LOW,False
DST-A2,STA,2024-11-21,0.0,14.15,LOW,False
DST-A2,STA,2024-11-22,0.0,17.66,LOW,False
DST-A2,STA,2024-11-23,0.0,18.84,LOW,False
DST-A2,STA,2024-11-24,0.0,16.63,LOW,False
DST-A2,STA,2024-11-25,0.0,17.37,LOW,False
DST-A2,STA,2024-11-26,0.0,16.53,LOW,False
DST-A2,STA,2024-11-27,0.56,15.64,LOW,False
DST-A2,STA,2024-11-28,0.0,16.75,LOW,False
DST-A2,STA,2024-11-29,0.0,18.29,LOW,False
DST-A2,STA,2024-11-30,2.4,16.26,LOW,False
DST-A2,STA,2024-12-01,0.0,14.36,LOW,False
DST-A2,STA,2024-12-02,1.54,13.32,LOW,False
DST-A2,STA,2024-12-03,0.0,17.57,LOW,False
DST-A2,STA,2024-12-04,0.0,15.65,LOW,False
DST-A2,STA,2024-12-05,0.0,16.18,LOW,False
DST-A2,STA,2024-12-06,0.0,16.08,LOW,False
DST-A2,STA,2024-12-07,0.0,15.2,LOW,False
DST-A2,STA,2024-12-08,0.0,14.11,LOW,False
DST-A2,STA,2024-12-09,3.48,17.52,LOW,False
DST-A2,STA,2024-12-10,0.0,16.68,LOW,False
DST-A2,STA,2024-12-11,0.0,17.06,LOW,False
DST-A2,STA,2024-12-12,0.0,15.55,LOW,False
DST-A2,STA,2024-12-13,0.0,15.69,LOW,False
DST-A2,STA,2024-12-14,0.0,17.28,LOW,False
DST-A2,STA,2024-12-15,0.0,13.97,LOW,False
DST-A2,STA,2024-12-16,0.0,16.34,LOW,False
DST-A2,STA,2024-12-17,0.0,18.66,LOW,False
DST-A2,STA,2024-12-18,0.0,14.25,LOW,False
DST-A2,STA,2024-12-19,0.0,17.73,LOW,False
DST-A2,STA,2024-12-20,0.0,16.85,LOW,False
DST-A2,STA,2024-12-21,0.0,15.39,LOW,False
DST-A2,STA,2024-12-22,0.0,17.46,LOW,False
DST-A2,STA,2024-12-23,0.0,15.21,LOW,False
DST-A2,STA,2024-12-24,0.0,16.54,LOW,False
DST-A2,STA,2024-12-25,0.0,14.05,LOW,False
DST-A2,STA,2024-12-26,0.0,12.05,LOW,False
DST-A2,STA,2024-12-27,0.0,15.92,LOW,False
DST-A2,STA,2024-12-28,0.0,15.93,LOW,False
DST-A2,STA,2024-12-29,0.0,16.15,LOW,False
DST-A2,STA,2024-12-30,0.0,18.24,LOW,False
DST-A2,STA,2024-12-31,0.0,18.76,LOW,False
DST-A2,STA,2025-01-01,0.0,17.51,LOW,False
DST-A2,STA,2025-01-02,0.0,18.23,LOW,False
DST-A2,STA,2025-01-03,0.0,15.73,LOW,False
DST-A2,STA,2025-01-04,0.0,15.37,LOW,False
DST-A2,STA,2025-01-05,0.0,18.13,LOW,False
DST-A2,STA,2025-01-06,2.26,15.28,LOW,False
DST-A2,STA,2025-01-07,0.0,19.46,LOW,False
DST-A2,STA,2025-01-08,0.0,18.11,LOW,False
DST-A2,STA,2025-01-09,0.0,16.64,LOW,False
DST-A2,STA,2025-01-10,0.0,16.52,LOW,False
DST-A2,STA,2025-01-11,0.0,15.09,LOW,False
DST-A2,STA,2025-01-12,0.0,18.27,LOW,False
DST-A2,STA,2025-01-13,0.0,17.31,LOW,False
DST-A2,STA,2025-01-14,0.54,19.7,LOW,False
DST-A2,STA,2025-01-15,0.52,17.7,LOW,False
DST-A2,STA,2025-01-16,0.0,14.6,LOW,False
DST-A2,STA,2025-01-17,0.0,18.36,LOW,False
DST-A2,STA,2025-01-18,0.0,18.3,LOW,False
DST-A2,STA,2025-01-19,0.0,14.59,LOW,False
DST-A2,STA,2025-01-20,1.0,19.31,LOW,False
DST-A2,STA,2025-01-21,0.0,18.97,LOW,False
DST-A2,STA,2025-01-22,0.0,20.2,LOW,False
DST-A2,STA,2025-01-23,0.0,18.08,LOW,False
DST-A2,STA,2025-01-24,0.0,19.88,LOW,False
DST-A2,STA,2025-01-25,0.0,20.3,LOW,False
DST-A2,STA,2025-01-26,0.0,20.76,LOW,False
DST-A2,STA,2025-01-27,0.0,20.83,LOW,False
DST-A2,STA,2025-01-28,0.0,18.1,LOW,False
DST-A2,STA,2025-01-29,0.0,22.45,LOW,False
DST-A2,STA,2025-01-30,0.0,16.72,LOW,False
DST-A2,STA,2025-01-31,0.0,21.34,LOW,False
DST-A2,STA,2025-02-01,0.0,19.16,LOW,False
DST-A2,STA,2025-02-02,0.0,18.34,LOW,False
DST-A2,STA,2025-02-03,0.0,20.75,LOW,False
DST-A2,STA,2025-02-04,0.0,21.41,LOW,False
DST-A2,STA,2025-02-05,0.0,21.02,LOW,False
DST-A2,STA,2025-02-06,0.0,20.34,LOW,False
DST-A2,STA,2025-02-07,0.0,21.16,LOW,False
DST-A2,STA,2025-02-08,0.0,22.51,LOW,False
DST-A2,STA,2025-02-09,0.0,21.35,LOW,False
DST-A2,STA,2025-02-10,0.0,21.55,LOW,False
DST-A2,STA,2025-02-11,0.0,21.93,LOW,False
DST-A2,STA,2025-02-12,0.0,20.8,LOW,False
DST-A2,STA,2025-02-13,0.0,23.83,LOW,False
DST-A2,STA,2025-02-14,0.0,26.28,LOW,False
DST-A2,STA,2025-02-15,0.0,22.82,LOW,False
DST-A2,STA,2025-02-16,0.0,21.77,LOW,False
DST-A2,STA,2025-02-17,0.0,24.1,LOW,False
DST-A2,STA,2025-02-18,0.0,25.01,LOW,False
DST-A2,STA,2025-02-19,0.0,22.32,LOW,False
DST-A2,STA,2025-02-20,0.0,23.8,LOW,False
DST-A2,STA,2025-02-21,0.0,22.01,LOW,False
DST-A2,STA,2025-02-22,0.32,25.12,LOW,False
DST-A2,STA,2025-02-23,0.0,23.5,LOW,False
DST-A2,STA,2025-02-24,0.0,22.27,LOW,False
DST-A2,STA,2025-02-25,0.0,24.37,LOW,False
DST-A2,STA,2025-02-26,0.0,24.75,LOW,False
DST-A2,STA,2025-02-27,0.0,25.55,LOW,False
DST-A2,STA,2025-02-28,0.0,23.57,LOW,False
DST-A2,STA,2025-03-01,0.0,27.04,LOW,False
DST-A2,STA,2025-03-02,0.0,25.97,LOW,False
DST-A2,STA,2025-03-03,0.0,30.12,LOW,False
DST-A2,STA,2025-03-04,0.0,23.92,LOW,False
DST-A2,STA,2025-03-05,0.0,23.9,LOW,False
DST-A2,STA,2025-03-06,0.0,25.08,LOW,False
DST-A2,STA,2025-03-07,0.0,26.41,LOW,False
DST-A2,STA,2025-03-08,0.04,26.86,LOW,False
DST-A2,STA,2025-03-09,0.0,25.51,LOW,False
DST-A2,STA,2025-03-10,0.0,26.79,LOW,False
DST-A2,STA,2025-03-11,0.0,24.75,LOW,False
DST-A2,STA,2025-03-12,0.0,26.77,LOW,False
DST-A2,STA,2025-03-13,0.0,26.09,LOW,False
DST-A2,STA,2025-03-14,0.0,28.11,LOW,False
DST-A2,STA,2025-03-15,0.0,25.63,LOW,False
DST-A2,STA,2025-03-16,0.0,27.57,LOW,False
DST-A2,STA,2025-03-17,0.0,24.35,LOW,False
DST-A2,STA,2025-03-18,0.0,27.9,LOW,False
DST-A2,STA,2025-03-19,0.0,26.6,LOW,False
DST-A2,STA,2025-03-20,0.0,27.94,LOW,False
DST-A2,STA,2025-03-21,0.0,29.53,LOW,False
DST-A2,STA,2025-03-22,0.0,28.1,LOW,False
DST-A2,STA,2025-03-23,1.89,29.61,LOW,False
DST-A2,STA,2025-03-24,0.0,30.43,LOW,False
DST-A2,STA,2025-03-25,0.0,31.52,LOW,False
DST-A2,STA,2025-03-26,0.0,27.82,LOW,False
DST-A2,STA,2025-03-27,0.0,29.59,LOW,False
DST-A2,STA,2025-03-28,0.0,28.59,LOW,False
DST-A2,STA,2025-03-29,0.0,30.11,LOW,False
DST-A2,STA,2025-03-30,0.0,30.28,LOW,False
DST-A2,STA,2025-03-31,9.67,28.33,LOW,False
DST-A2,STA,2025-04-01,0.0,31.53,LOW,False
DST-A2,STA,2025-04-02,0.0,31.17,LOW,False
DST-A2,STA,2025-04-03,0.0,28.91,LOW,False
DST-A2,STA,2025-04-04,0.0,33.88,LOW,False
DST-A2,STA,2025-04-05,0.0,29.33,LOW,False
DST-A2,STA,2025-04-06,0.0,31.23,LOW,False
DST-A2,STA,2025-04-07,0.0,31.02,LOW,False
DST-A2,STA,2025-04-08,0.0,30.29,LOW,False
DST-A2,STA,2025-04-09,0.0,33.61,LOW,False
DST-A2,STA,2025-04-10,0.0,30.97,LOW,False
DST-A2,STA,2025-04-11,4.37,30.92,LOW,False
DST-A2,STA,2025-04-12,0.0,30.56,LOW,False
DST-A2,STA,2025-04-13,0.0,33.81,LOW,False
DST-A2,STA,2025-04-14,0.0,34.62,LOW,False
DST-A2,STA,2025-04-15,0.0,33.53,LOW,False
DST-A2,STA,2025-04-16,0.0,35.04,LOW,False
DST-A2,STA,2025-04-17,0.0,28.97,LOW,False
DST-A2,STA,2025-04-18,0.0,33.66,LOW,False
DST-A2,STA,2025-04-19,0.0,34.43,LOW,False
DST-A2,STA,2025-04-20,0.0,34.83,LOW,False
DST-A2,STA,2025-04-21,0.0,30.56,LOW,False
DST-A2,STA,2025-04-22,2.85,,LOW,False
DST-A2,STA,2025-04-23,0.0,35.82,LOW,False
DST-A2,STA,2025-04-24,0.0,28.82,LOW,False
DST-A2,STA,2025-04-25,0.0,37.88,LOW,False
DST-A2,STA,2025-04-26,0.0,31.06,LOW,False
DST-A2,STA,2025-04-27,0.0,34.8,LOW,False
DST-A2,STA,2025-04-28,0.0,35.41,LOW,False
DST-A2,STA,2025-04-29,0.0,35.71,LOW,False
DST-A2,STA,2025-04-30,0.0,39.29,LOW,False
DST-A2,STA,2025-05-01,0.0,32.48,LOW,False
DST-A2,STA,2025-05-02,0.0,37.51,LOW,False
DST-A2,STA,2025-05-03,0.0,34.82,LOW,False
DST-A2,STA,2025-05-04,0.0,37.38,LOW,False
DST-A2,STA,2025-05-05,0.0,34.49,LOW,False
DST-A2,STA,2025-05-06,3.79,35.41,LOW,False
DST-A2,STA,2025-05-07,0.0,31.11,LOW,False
DST-A2,STA,2025-05-08,0.0,36.86,LOW,False
DST-A2,STA,2025-05-09,0.0,39.79,LOW,False
DST-A2,STA,2025-05-10,0.0,38.75,LOW,False
DST-A2,STA,2025-05-11,0.4,38.02,LOW,False
DST-A2,STA,2025-05-12,0.0,36.74,LOW,False
DST-A2,STA,2025-05-13,0.0,37.4,LOW,False
DST-A2,STA,2025-05-14,0.0,37.57,LOW,False
DST-A2,STA,2025-05-15,0.0,36.46,LOW,False
DST-A2,STA,2025-05-16,0.0,39.3,LOW,False
DST-A2,STA,2025-05-17,0.0,37.15,LOW,False
DST-A2,STA,2025-05-18,0.0,38.15,LOW,False
DST-A2,STA,2025-05-19,0.0,39.95,LOW,False
DST-A2,STA,2025-05-20,0.0,39.19,LOW,False
DST-A2,STA,2025-05-21,0.0,34.68,LOW,False
DST-A2,STA,2025-05-22,4.23,37.49,LOW,False
DST-A2,STA,2025-05-23,0.35,42.61,LOW,False
DST-A2,STA,2025-05-24,0.0,39.22,LOW,False
DST-A2,STA,2025-05-25,0.0,37.43,LOW,False
DST-A2,STA,2025-05-26,0.0,37.5,LOW,False
DST-A2,STA,2025-05-27,0.0,36.15,LOW,False
DST-A2,STA,2025-05-28,0.0,36.71,LOW,False
DST-A2,STA,2025-05-29,0.0,39.36,LOW,False
DST-A2,STA,2025-05-30,0.0,39.19,LOW,False
DST-A2,STA,2025-05-31,0.0,38.48,LOW,False
DST-A2,STA,2025-06-01,0.0,34.23,LOW,False
DST-A2,STA,2025-06-02,0.0,38.8,LOW,False
DST-A2,STA,2025-06-03,0.0,41.08,LOW,False
DST-A2,STA,2025-06-04,0.0,36.5,LOW,False
DST-A2,STA,2025-06-05,0.0,39.19,LOW,False
DST-A2,STA,2025-06-06,0.0,41.02,LOW,False
DST-A2,STA,2025-06-07,2.15,37.69,LOW,False
DST-A2,STA,2025-06-08,0.0,36.43,LOW,False
DST-A2,STA,2025-06-09,0.0,38.23,LOW,False
DST-A2,STA,2025-06-10,0.0,37.82,LOW,False
DST-A2,STA,2025-06-11,0.0,39.38,LOW,False
DST-A2,STA,2025-06-12,0.0,38.56,LOW,False
DST-A2,STA,2025-06-13,0.0,38.0,LOW,False
DST-A2,STA,2025-06-14,0.0,35.74,LOW,False
DST-A2,STA,2025-06-15,0.0,39.73,LOW,False
DST-A2,STA,2025-06-16,0.0,35.6,LOW,False
DST-A2,STA,2025-06-17,0.0,40.52,LOW,False
DST-A2,STA,2025-06-18,0.0,34.96,LOW,False
DST-A2,STA,2025-06-19,0.0,35.49,LOW,False
DST-A2,STA,2025-06-20,0.0,36.87,LOW,False
DST-A2,STA,2025-06-21,0.0,37.65,LOW,False
DST-A2,STA,2025-06-22,0.0,37.27,LOW,False
DST-A2,STA,2025-06-23,0.0,37.6,LOW,False
DST-A2,STA,2025-06-24,0.0,38.88,LOW,False
DST-A2,STA,2025-06-25,0.0,36.79,LOW,False
DST-A2,STA,2025-06-26,0.0,38.84,LOW,False
DST-A2,STA,2025-06-27,0.0,34.01,LOW,False
DST-A2,STA,2025-06-28,0.0,36.62,LOW,False
DST-A2,STA,2025-06-29,0.0,35.13,LOW,False
DST-A2,STA,2025-06-30,0.0,40.15,LOW,False
DST-B1,STB,2024-07-01,57.71,36.71,MODERATE,False
DST-B1,STB,2024-07-02,96.16,34.64,MODERATE,False
DST-B1,STB,2024-07-03,38.56,38.12,LOW,False
DST-B1,STB,2024-07-04,17.76,35.14,LOW,False
DST-B1,STB,2024-07-05,0.0,37.37,LOW,False
DST-B1,STB,2024-07-06,71.77,35.97,MODERATE,False
DST-B1,STB,2024-07-07,18.51,37.8,LOW,False
DST-B1,STB,2024-07-08,29.86,39.07,LOW,False
DST-B1,STB,2024-07-09,0.0,38.91,LOW,False
DST-B1,STB,2024-07-10,55.17,36.48,MODERATE,False
DST-B1,STB,2024-07-11,0.0,36.62,LOW,False
DST-B1,STB,2024-07-12,7.72,39.07,LOW,False
DST-B1,STB,2024-07-13,0.0,34.92,LOW,False
DST-B1,STB,2024-07-14,23.19,36.82,LOW,False
DST-B1,STB,2024-07-15,59.3,36.21,MODERATE,False
DST-B1,STB,2024-07-16,48.34,36.08,LOW,False
DST-B1,STB,2024-07-17,0.0,35.17,LOW,False
DST-B1,STB,2024-07-18,0.0,33.05,LOW,False
DST-B1,STB,2024-07-19,109.64,37.97,MODERATE,False
DST-B1,STB,2024-07-20,36.4,36.88,LOW,False
DST-B1,STB,2024-07-21,88.08,36.57,MODERATE,False
DST-B1,STB,2024-07-22,64.84,36.68,MODERATE,False
DST-B1,STB,2024-07-23,75.62,37.53,MODERATE,False
DST-B1,STB,2024-07-24,0.0,35.81,LOW,False
DST-B1,STB,2024-07-25,0.0,34.93,LOW,False
DST-B1,STB,2024-07-26,72.29,36.79,MODERATE,False
DST-B1,STB,2024-07-27,0.0,37.86,LOW,False
DST-B1,STB,2024-07-28,68.24,38.28,MODERATE,False
DST-B1,STB,2024-07-29,45.01,34.32,LOW,False
DST-B1,STB,2024-07-30,39.29,35.5,LOW,False
DST-B1,STB,2024-07-31,0.0,36.14,LOW,False
DST-B1,STB,2024-08-01,0.0,34.61,LOW,False
DST-B1,STB,2024-08-02,0.0,34.48,LOW,False
DST-B1,STB,2024-08-03,37.17,38.13,LOW,False
DST-B1,STB,2024-08-04,78.02,36.52,MODERATE,False
DST-B1,STB,2024-08-05,0.0,34.87,LOW,False
DST-B1,STB,2024-08-06,20.19,33.97,LOW,False
DST-B1,STB,2024-08-07,58.23,31.21,MODERATE,False
DST-B1,STB,2024-08-08,0.0,34.71,LOW,False
DST-B1,STB,2024-08-09,0.0,35.24,LOW,False
DST-B1,STB,2024-08-10,120.77,32.79,SEVERE,True
DST-B1,STB,2024-08-11,36.2,34.41,LOW,False
DST-B1,STB,2024-08-12,0.0,29.6,LOW,False
DST-B1,STB,2024-08-13,65.74,32.51,MODERATE,False
DST-B1,STB,2024-08-14,0.0,35.71,LOW,False
DST-B1,STB,2024-08-15,0.0,32.95,LOW,False
DST-B1,STB,2024-08-16,0.0,35.73,LOW,False
DST-B1,STB,2024-08-17,51.84,30.84,MODERATE,False
DST-B1,STB,2024-08-18,58.53,33.21,MODERATE,False
DST-B1,STB,2024-08-19,0.0,32.52,LOW,False
DST-B1,STB,2024-08-20,18.63,32.71,LOW,False
DST-B1,STB,2024-08-21,70.68,34.32,MODERATE,False
DST-B1,STB,2024-08-22,0.0,32.29,LOW,False
DST-B1,STB,2024-08-23,0.0,33.29,LOW,False
DST-B1,STB,2024-08-24,0.0,33.86,LOW,False
DST-B1,STB,2024-08-25,0.0,32.27,LOW,False
DST-B1,STB,2024-08-26,61.11,34.85,MODERATE,False
DST-B1,STB,2024-08-27,0.0,29.3,LOW,False
DST-B1,STB,2024-08-28,73.49,31.12,MODERATE,False
DST-B1,STB,2024-08-29,44.68,32.96,LOW,False
DST-B1,STB,2024-08-30,0.0,28.62,LOW,False
DST-B1,STB,2024-08-31,13.3,29.7,LOW,False
DST-B1,STB,2024-09-01,29.5,31.35,LOW,False
DST-B1,STB,2024-09-02,69.21,28.46,MODERATE,False
DST-B1,STB,2024-09-03,23.56,32.48,LOW,False
DST-B1,STB,2024-09-04,0.0,29.69,LOW,False
DST-B1,STB,2024-09-05,0.0,28.85,LOW,False
DST-B1,STB,2024-09-06,0.0,31.58,LOW,False
DST-B1,STB,2024-09-07,18.27,28.67,LOW,False
DST-B1,STB,2024-09-08,0.0,28.57,LOW,False
DST-B1,STB,2024-09-09,33.6,30.55,LOW,False
DST-B1,STB,2024-09-10,36.72,27.13,LOW,False
DST-B1,STB,2024-09-11,35.0,26.27,LOW,False
DST-B1,STB,2024-09-12,0.0,26.88,LOW,False
DST-B1,STB,2024-09-13,7.23,31.93,LOW,False
DST-B1,STB,2024-09-14,25.44,25.94,LOW,False
DST-B1,STB,2024-09-15,52.17,25.53,MODERATE,False
DST-B1,STB,2024-09-16,12.07,25.79,LOW,False
DST-B1,STB,2024-09-17,32.24,27.08,LOW,False
DST-B1,STB,2024-09-18,90.76,25.49,MODERATE,False
DST-B1,STB,2024-09-19,49.51,27.36,LOW,False
DST-B1,STB,2024-09-20,52.31,27.21,MODERATE,False
DST-B1,STB,2024-09-21,23.42,25.71,LOW,False
DST-B1,STB,2024-09-22,32.99,26.17,LOW,False
DST-B1,STB,2024-09-23,0.0,22.3,LOW,False
DST-B1,STB,2024-09-24,0.0,23.69,LOW,False
DST-B1,STB,2024-09-25,0.0,24.7,LOW,False
DST-B1,STB,2024-09-26,0.0,26.89,LOW,False
DST-B1,STB,2024-09-27,0.0,25.25,LOW,False
DST-B1,STB,2024-09-28,,23.26,LOW,False
DST-B1,STB,2024-09-29,34.52,26.76,LOW,False
DST-B1,STB,2024-09-30,0.0,19.29,LOW,False
DST-B1,STB,2024-10-01,0.0,24.06,LOW,False
DST-B1,STB,2024-10-02,0.0,25.35,LOW,False
DST-B1,STB,2024-10-03,0.0,21.85,LOW,False
DST-B1,STB,2024-10-04,0.0,23.84,LOW,False
DST-B1,STB,2024-10-05,0.0,23.84,LOW,False
DST-B1,STB,2024-10-06,0.0,21.41,LOW,False
DST-B1,STB,2024-10-07,0.0,25.52,LOW,False
DST-B1,STB,2024-10-08,0.0,23.34,LOW,False
DST-B1,STB,2024-10-09,0.0,22.18,LOW,False
DST-B1,STB,2024-10-10,0.0,22.37,LOW,False
DST-B1,STB,2024-10-11,0.0,20.23,LOW,False
DST-B1,STB,2024-10-12,0.0,20.0,LOW,False
DST-B1,STB,2024-10-13,0.0,21.34,LOW,False
DST-B1,STB,2024-10-14,0.0,21.29,LOW,False
DST-B1,STB,2024-10-15,0.0,21.42,LOW,False
DST-B1,STB,2024-10-16,2.05,24.19,LOW,False
DST-B1,STB,2024-10-17,0.0,20.03,LOW,False
DST-B1,STB,2024-10-18,0.0,23.2,LOW,False
DST-B1,STB,2024-10-19,0.0,23.09,LOW,False
DST-B1,STB,2024-10-20,0.0,20.76,LOW,False
DST-B1,STB,2024-10-21,0.27,19.01,LOW,False
DST-B1,STB,2024-10-22,0.0,17.84,LOW,False
DST-B1,STB,2024-10-23,0.0,22.55,LOW,False
DST-B1,STB,2024-10-24,0.0,21.61,LOW,False
DST-B1,STB,2024-10-25,4.25,21.67,LOW,False
DST-B1,STB,2024-10-26,0.0,17.26,LOW,False
DST-B1,STB,2024-10-27,0.0,21.63,LOW,False
DST-B1,STB,2024-10-28,0.0,18.65,LOW,False
DST-B1,STB,2024-10-29,0.0,22.91,LOW,False
DST-B1,STB,2024-10-30,0.0,21.01,LOW,False
DST-B1,STB,2024-10-31,0.0,20.53,LOW,False
DST-B1,STB,2024-11-01,0.0,19.07,LOW,False
DST-B1,STB,2024-11-02,7.05,23.98,LOW,False
DST-B1,STB,2024-11-03,0.0,19.95,LOW,False
DST-B1,STB,2024-11-04,0.0,21.7,LOW,False
DST-B1,STB,2024-11-05,0.0,19.78,LOW,False
DST-B1,STB,2024-11-06,0.0,19.45,LOW,False
DST-B1,STB,2024-11-07,0.0,18.67,LOW,False
DST-B1,STB,2024-11-08,0.0,17.5,LOW,False
DST-B1,STB,2024-11-09,0.0,21.09,LOW,False
DST-B1,STB,2024-11-10,0.0,16.91,LOW,False
DST-B1,STB,2024-11-11,0.0,20.2,LOW,False
DST-B1,STB,2024-11-12,0.0,17.09,LOW,False
DST-B1,STB,2024-11-13,0.0,17.56,LOW,False
DST-B1,STB,2024-11-14,0.0,16.77,LOW,False
DST-B1,STB,2024-11-15,0.0,19.58,LOW,False
DST-B1,STB,2024-11-16,0.0,,LOW,False
DST-B1,STB,2024-11-17,0.0,17.86,LOW,False
DST-B1,STB,2024-11-18,,14.13,LOW,False
DST-B1,STB,2024-11-19,0.0,16.47,LOW,False
DST-B1,STB,2024-11-20,0.0,16.76,LOW,False
DST-B1,STB,2024-11-21,1.56,16.38,LOW,False
DST-B1,STB,2024-11-22,0.0,14.64,LOW,False
DST-B1,STB,2024-11-23,0.0,18.56,LOW,False
DST-B1,STB,2024-11-24,3.41,14.37,LOW,False
DST-B1,STB,2024-11-25,0.0,15.22,LOW,False
DST-B1,STB,2024-11-26,0.0,16.81,LOW,False
DST-B1,STB,2024-11-27,0.0,20.43,LOW,False
DST-B1,STB,2024-11-28,0.0,21.4,LOW,False
DST-B1,STB,2024-11-29,0.0,18.63,LOW,False
DST-B1,STB,2024-11-30,0.0,15.02,LOW,False
DST-B1,STB,2024-12-01,0.0,16.58,LOW,False
DST-B1,STB,2024-12-02,0.0,17.15,LOW,False
DST-B1,STB,2024-12-03,0.0,16.83,LOW,False
DST-B1,STB,2024-12-04,,18.63,LOW,False
DST-B1,STB,2024-12-05,0.0,15.43,LOW,False
DST-B1,STB,2024-12-06,0.0,15.58,LOW,False
DST-B1,STB,2024-12-07,0.0,17.99,LOW,False
DST-B1,STB,2024-12-08,0.0,16.28,LOW,False
DST-B1,STB,2024-12-09,3.22,19.0,LOW,False
DST-B1,STB,2024-12-10,0.31,19.36,LOW,False
DST-B1,STB,2024-12-11,6.28,15.9,LOW,False
DST-B1,STB,2024-12-12,0.0,17.65,LOW,False
DST-B1,STB,2024-12-13,0.0,22.01,LOW,False
DST-B1,STB,2024-12-14,0.0,14.24,LOW,False
DST-B1,STB,2024-12-15,0.0,19.25,LOW,False
DST-B1,STB,2024-12-16,0.0,17.54,LOW,False
DST-B1,STB,2024-12-17,0.0,15.3,LOW,False
DST-B1,STB,2024-12-18,1.79,13.12,LOW,False
DST-B1,STB,2024-12-19,0.0,14.16,LOW,False
DST-B1,STB,2024-12-20,0.0,15.06,LOW,False
DST-B1,STB,2024-12-21,0.0,17.13,LOW,False
DST-B1,STB,2024-12-22,,17.96,LOW,False
DST-B1,STB,2024-12-23,0.0,16.63,LOW,False
DST-B1,STB,2024-12-24,0.0,17.59,LOW,False
DST-B1,STB,2024-12-25,0.0,15.98,LOW,False
DST-B1,STB,2024-12-26,0.0,15.26,LOW,False
DST-B1,STB,2024-12-27,0.0,16.61,LOW,False
DST-B1,STB,2024-12-28,0.0,15.67,LOW,False
DST-B1,STB,2024-12-29,0.0,15.68,LOW,False
DST-B1,STB,2024-12-30,0.0,18.68,LOW,False
DST-B1,STB,2024-12-31,0.0,15.42,LOW,False
DST-B1,STB,2025-01-01,0.0,15.98,LOW,False
DST-B1,STB,2025-01-02,0.0,18.88,LOW,False
DST-B1,STB,2025-01-03,0.0,16.37,LOW,False
DST-B1,STB,2025-01-04,0.0,19.22,LOW,False
DST-B1,STB,2025-01-05,0.0,15.07,LOW,False
DST-B1,STB,2025-01-06,0.0,16.43,LOW,False
DST-B1,STB,2025-01-07,0.0,17.37,LOW,False
DST-B1,STB,2025-01-08,0.0,18.09,LOW,False
DST-B1,STB,2025-01-09,1.92,20.36,LOW,False
DST-B1,STB,2025-01-10,0.0,19.25,LOW,False
DST-B1,STB,2025-01-11,0.0,18.1,LOW,False
DST-B1,STB,2025-01-12,0.0,16.62,LOW,False
DST-B1,STB,2025-01-13,0.0,19.49,LOW,False
DST-B1,STB,2025-01-14,0.0,18.46,LOW,False
DST-B1,STB,2025-01-15,0.0,17.5,LOW,False
DST-B1,STB,2025-01-16,0.0,19.72,LOW,False
DST-B1,STB,2025-01-17,0.0,20.16,LOW,False
DST-B1,STB,2025-01-18,0.0,13.43,LOW,False
DST-B1,STB,2025-01-19,0.0,21.03,LOW,False
DST-B1,STB,2025-01-20,0.0,17.23,LOW,False
DST-B1,STB,2025-01-21,0.0,20.97,LOW,False
DST-B1,STB,2025-01-22,0.0,18.28,LOW,False
DST-B1,STB,2025-01-23,0.0,19.33,LOW,False
DST-B1,STB,2025-01-24,0.0,19.8,LOW,False
DST-B1,STB,2025-01-25,0.0,21.27,LOW,False
DST-B1,STB,2025-01-26,0.0,20.65,LOW,False
DST-B1,STB,2025-01-27,0.0,18.82,LOW,False
DST-B1,STB,2025-01-28,0.0,15.71,LOW,False
DST-B1,STB,2025-01-29,0.0,20.63,LOW,False
DST-B1,STB,2025-01-30,0.0,20.14,LOW,False
DST-B1,STB,2025-01-31,0.0,17.66,LOW,False
DST-B1,STB,2025-02-01,1.42,20.63,LOW,False
DST-B1,STB,2025-02-02,0.0,17.35,LOW,False
DST-B1,STB,2025-02-03,0.0,19.14,LOW,False
DST-B1,STB,2025-02-04,0.0,20.46,LOW,False
DST-B1,STB,2025-02-05,0.0,20.57,LOW,False
DST-B1,STB,2025-02-06,0.0,19.76,LOW,False
DST-B1,STB,2025-02-07,0.0,21.53,LOW,False
DST-B1,STB,2025-02-08,0.0,18.69,LOW,False
DST-B1,STB,2025-02-09,0.0,21.04,LOW,False
DST-B1,STB,2025-02-10,0.0,25.57,LOW,False
DST-B1,STB,2025-02-11,0.0,24.37,LOW,False
DST-B1,STB,2025-02-12,0.0,22.21,LOW,False
DST-B1,STB,2025-02-13,0.0,21.1,LOW,False
DST-B1,STB,2025-02-14,0.0,24.93,LOW,False
DST-B1,STB,2025-02-15,0.0,24.73,LOW,False
DST-B1,STB,2025-02-16,0.0,25.33,LOW,False
DST-B1,STB,2025-02-17,0.0,26.88,LOW,False
DST-B1,STB,2025-02-18,0.0,21.36,LOW,False
DST-B1,STB,2025-02-19,0.0,27.11,LOW,False
DST-B1,STB,2025-02-20,0.0,22.49,LOW,False
DST-B1,STB,2025-02-21,0.0,24.5,LOW,False
DST-B1,STB,2025-02-22,0.0,20.65,LOW,False
DST-B1,STB,2025-02-23,0.0,22.78,LOW,False
DST-B1,STB,2025-02-24,0.0,25.7,LOW,False
DST-B1,STB,2025-02-25,0.0,25.3,LOW,False
DST-B1,STB,2025-02-26,0.0,23.51,LOW,False
DST-B1,STB,2025-02-27,0.0,24.54,LOW,False
DST-B1,STB,2025-02-28,0.0,23.49,LOW,False
DST-B1,STB,2025-03-01,0.0,26.6,LOW,False
DST-B1,STB,2025-03-02,0.0,21.2,LOW,False
DST-B1,STB,2025-03-03,0.23,27.76,LOW,False
DST-B1,STB,2025-03-04,0.0,24.94,LOW,False
DST-B1,STB,2025-03-05,0.0,24.45,LOW,False
DST-B1,STB,2025-03-06,0.0,23.17,LOW,False
DST-B1,STB,2025-03-07,0.0,26.3,LOW,False
DST-B1,STB,2025-03-08,0.0,27.02,LOW,False
DST-B1,STB,2025-03-09,0.0,26.82,LOW,False
DST-B1,STB,2025-03-10,0.0,,LOW,False
DST-B1,STB,2025-03-11,0.0,26.38,LOW,False
DST-B1,STB,2025-03-12,0.0,26.61,LOW,False
DST-B1,STB,2025-03-13,0.0,26.72,LOW,False
DST-B1,STB,2025-03-14,0.0,26.24,LOW,False
DST-B1,STB,2025-03-15,0.0,26.64,LOW,False
DST-B1,STB,2025-03-16,0.0,28.44,LOW,False
DST-B1,STB,2025-03-17,0.0,30.25,LOW,False
DST-B1,STB,2025-03-18,0.0,26.2,LOW,False
DST-B1,STB,2025-03-19,0.0,27.93,LOW,False
DST-B1,STB,2025-03-20,0.0,26.21,LOW,False
DST-B1,STB,2025-03-21,0.0,27.59,LOW,False
DST-B1,STB,2025-03-22,0.0,28.06,LOW,False
DST-B1,STB,2025-03-23,0.0,29.18,LOW,False
DST-B1,STB,2025-03-24,0.0,29.32,LOW,False
DST-B1,STB,2025-03-25,0.0,,LOW,False
DST-B1,STB,2025-03-26,0.0,30.17,LOW,False
DST-B1,STB,2025-03-27,0.0,28.05,LOW,False
DST-B1,STB,2025-03-28,0.0,30.13,LOW,False
DST-B1,STB,2025-03-29,0.0,31.33,LOW,False
DST-B1,STB,2025-03-30,6.78,28.58,LOW,False
DST-B1,STB,2025-03-31,0.0,28.04,LOW,False
DST-B1,STB,2025-04-01,0.0,29.65,LOW,False
DST-B1,STB,2025-04-02,1.38,31.08,LOW,False
DST-B1,STB,2025-04-03,0.0,32.18,LOW,False
DST-B1,STB,2025-04-04,0.0,29.4,LOW,False
DST-B1,STB,2025-04-05,0.0,32.96,LOW,False
DST-B1,STB,2025-04-06,0.0,30.19,LOW,False
DST-B1,STB,2025-04-07,0.0,30.15,LOW,False
DST-B1,STB,2025-04-08,0.0,29.7,LOW,False
DST-B1,STB,2025-04-09,0.0,30.73,LOW,False
DST-B1,STB,2025-04-10,0.0,33.15,LOW,False
DST-B1,STB,2025-04-11,0.0,31.32,LOW,False
DST-B1,STB,2025-04-12,1.0,,LOW,False
DST-B1,STB,2025-04-13,0.0,33.96,LOW,False
DST-B1,STB,2025-04-14,0.0,30.43,LOW,False
DST-B1,STB,2025-04-15,0.0,33.35,LOW,False
DST-B1,STB,2025-04-16,0.0,36.0,LOW,False
DST-B1,STB,2025-04-17,0.0,33.77,LOW,False
DST-B1,STB,2025-04-18,0.93,32.21,LOW,False
DST-B1,STB,2025-04-19,0.0,31.33,LOW,False
DST-B1,STB,2025-04-20,0.0,34.06,LOW,False
DST-B1,STB,2025-04-21,0.0,34.87,LOW,False
DST-B1,STB,2025-04-22,0.0,35.04,LOW,False
DST-B1,STB,2025-04-23,0.0,34.93,LOW,False
DST-B1,STB,2025-04-24,0.0,35.0,LOW,False
DST-B1,STB,2025-04-25,0.28,33.28,LOW,False
DST-B1,STB,2025-04-26,0.0,33.68,LOW,False
DST-B1,STB,2025-04-27,0.0,37.05,LOW,False
DST-B1,STB,2025-04-28,0.0,35.88,LOW,False
DST-B1,STB,2025-04-29,0.0,34.71,LOW,False
DST-B1,STB,2025-04-30,0.99,33.76,LOW,False
DST-B1,STB,2025-05-01,0.0,34.61,LOW,False
DST-B1,STB,2025-05-02,0.0,36.96,LOW,False
DST-B1,STB,2025-05-03,0.0,38.78,LOW,False
DST-B1,STB,2025-05-04,0.0,36.2,LOW,False
DST-B1,STB,2025-05-05,0.0,36.59,LOW,False
DST-B1,STB,2025-05-06,0.0,34.86,LOW,False
DST-B1,STB,2025-05-07,0.0,40.89,LOW,False
DST-B1,STB,2025-05-08,0.0,33.57,LOW,False
DST-B1,STB,2025-05-09,0.0,36.22,LOW,False
DST-B1,STB,2025-05-10,0.0,37.42,LOW,False
DST-B1,STB,2025-05-11,0.0,35.37,LOW,False
DST-B1,STB,2025-05-12,0.0,35.06,LOW,False
DST-B1,STB,2025-05-13,0.0,35.09,LOW,False
DST-B1,STB,2025-05-14,0.0,38.76,LOW,False
DST-B1,STB,2025-05-15,0.0,38.7,LOW,False
DST-B1,STB,2025-05-16,0.0,38.44,LOW,False
DST-B1,STB,2025-05-17,0.0,38.68,LOW,False
DST-B1,STB,2025-05-18,4.16,38.35,LOW,False
DST-B1,STB,2025-05-19,0.0,34.61,LOW,False
DST-B1,STB,2025-05-20,0.87,38.41,LOW,False
DST-B1,STB,2025-05-21,0.0,35.71,LOW,False
DST-B1,STB,2025-05-22,0.0,36.91,LOW,False
DST-B1,STB,2025-05-23,0.0,35.07,LOW,False
DST-B1,STB,2025-05-24,0.0,37.85,LOW,False
DST-B1,STB,2025-05-25,0.0,37.56,LOW,False
DST-B1,STB,2025-05-26,0.0,35.49,LOW,False
DST-B1,STB,2025-05-27,0.0,39.74,LOW,False
DST-B1,STB,2025-05-28,0.0,36.93,LOW,False
DST-B1,STB,2025-05-29,0.0,37.46,LOW,False
DST-B1,STB,2025-05-30,0.0,38.84,LOW,False
DST-B1,STB,2025-05-31,0.0,38.98,LOW,False
DST-B1,STB,2025-06-01,0.0,40.01,LOW,False
DST-B1,STB,2025-06-02,0.0,38.29,LOW,False
DST-B1,STB,2025-06-03,0.0,39.52,LOW,False
DST-B1,STB,2025-06-04,0.0,40.12,LOW,False
DST-B1,STB,2025-06-05,0.0,35.96,LOW,False
DST-B1,STB,2025-06-06,0.0,42.38,LOW,False
DST-B1,STB,2025-06-07,0.0,40.96,LOW,False
DST-B1,STB,2025-06-08,0.0,35.42,LOW,False
DST-B1,STB,2025-06-09,0.0,38.89,LOW,False
DST-B1,STB,2025-06-10,0.0,36.81,LOW,False
DST-B1,STB,2025-06-11,0.13,39.58,LOW,False
DST-B1,STB,2025-06-12,0.0,41.2,LOW,False
DST-B1,STB,2025-06-13,0.0,40.06,LOW,False
DST-B1,STB,2025-06-14,0.0,39.48,LOW,False
DST-B1,STB,2025-06-15,2.09,39.83,LOW,False
DST-B1,STB,2025-06-16,0.0,40.5,LOW,False
DST-B1,STB,2025-06-17,1.52,38.96,LOW,False
DST-B1,STB,2025-06-18,0.0,39.09,LOW,False
DST-B1,STB,2025-06-19,0.0,36.05,LOW,False
DST-B1,STB,2025-06-20,,38.8,LOW,False
DST-B1,STB,2025-06-21,0.0,38.37,LOW,False
DST-B1,STB,2025-06-22,0.0,40.17,LOW,False
DST-B1,STB,2025-06-23,0.0,39.02,LOW,False
DST-B1,STB,2025-06-24,0.0,41.34,LOW,False
DST-B1,STB,2025-06-25,0.0,37.74,LOW,False
DST-B1,STB,2025-06-26,0.0,36.35,LOW,False
DST-B1,STB,2025-06-27,0.0,41.18,LOW,False
DST-B1,STB,2025-06-28,0.0,38.95,LOW,False
DST-B1,STB,2025-06-29,0.0,38.13,LOW,False
DST-B1,STB,2025-06-30,0.0,36.68,LOW,False
DST-B2,STB,2024-07-01,29.84,37.46,LOW,False
DST-B2,STB,2024-07-02,5.55,35.96,LOW,False
DST-B2,STB,2024-07-03,63.11,37.22,MODERATE,False
DST-B2,STB,2024-07-04,72.31,40.22,MODERATE,False
DST-B2,STB,2024-07-05,17.6,39.74,LOW,False
DST-B2,STB,2024-07-06,55.6,38.24,MODERATE,False
DST-B2,STB,2024-07-07,37.41,38.79,LOW,False
DST-B2,STB,2024-07-08,0.0,37.87,LOW,False
DST-B2,STB,2024-07-09,0.0,41.23,LOW,False
DST-B2,STB,2024-07-10,0.0,39.2,LOW,False
DST-B2,STB,2024-07-11,60.78,38.29,MODERATE,False
DST-B2,STB,2024-07-12,0.0,36.48,LOW,False
DST-B2,STB,2024-07-13,42.78,38.35,LOW,False
DST-B2,STB,2024-07-14,23.81,38.65,LOW,False
DST-B2,STB,2024-07-15,31.28,38.4,LOW,False
DST-B2,STB,2024-07-16,0.0,38.31,LOW,False
DST-B2,STB,2024-07-17,0.0,37.32,LOW,False
DST-B2,STB,2024-07-18,0.0,36.82,LOW,False
DST-B2,STB,2024-07-19,38.09,36.13,LOW,False
DST-B2,STB,2024-07-20,32.01,35.78,LOW,False
DST-B2,STB,2024-07-21,9.81,37.26,LOW,False
DST-B2,STB,2024-07-22,0.0,37.64,LOW,False
DST-B2,STB,2024-07-23,33.16,37.56,LOW,False
DST-B2,STB,2024-07-24,19.4,36.35,LOW,False
DST-B2,STB,2024-07-25,0.0,36.67,LOW,False
DST-B2,STB,2024-07-26,2.27,34.34,LOW,False
DST-B2,STB,2024-07-27,17.74,37.93,LOW,False
DST-B2,STB,2024-07-28,0.0,35.44,LOW,False
DST-B2,STB,2024-07-29,53.34,35.79,MODERATE,False
DST-B2,STB,2024-07-30,47.59,35.33,LOW,False
DST-B2,STB,2024-07-31,0.0,34.68,LOW,False
DST-B2,STB,2024-08-01,38.78,32.34,LOW,False
DST-B2,STB,2024-08-02,0.0,35.99,LOW,False
DST-B2,STB,2024-08-03,0.0,,LOW,False
DST-B2,STB,2024-08-04,0.0,34.98,LOW,False
DST-B2,STB,2024-08-05,0.0,37.81,LOW,False
DST-B2,STB,2024-08-06,38.38,34.15,LOW,False
DST-B2,STB,2024-08-07,16.91,31.34,LOW,False
DST-B2,STB,2024-08-08,56.6,32.55,MODERATE,False
DST-B2,STB,2024-08-09,7.58,32.2,LOW,False
DST-B2,STB,2024-08-10,22.99,34.39,LOW,False
DST-B2,STB,2024-08-11,60.99,30.79,MODERATE,False
DST-B2,STB,2024-08-12,0.0,32.69,LOW,False
DST-B2,STB,2024-08-13,10.71,34.08,LOW,False
DST-B2,STB,2024-08-14,0.0,29.08,LOW,False
DST-B2,STB,2024-08-15,0.0,33.1,LOW,False
DST-B2,STB,2024-08-16,0.0,30.71,LOW,False
DST-B2,STB,2024-08-17,0.0,32.74,LOW,False
DST-B2,STB,2024-08-18,39.21,32.61,LOW,False
DST-B2,STB,2024-08-19,171.19,34.11,SEVERE,True
DST-B2,STB,2024-08-20,112.87,32.71,SEVERE,True
DST-B2,STB,2024-08-21,0.0,28.96,LOW,False
DST-B2,STB,2024-08-22,0.0,31.06,LOW,False
DST-B2,STB,2024-08-23,24.16,29.2,LOW,False
DST-B2,STB,2024-08-24,0.0,30.81,LOW,False
DST-B2,STB,2024-08-25,40.72,34.71,LOW,False
DST-B2,STB,2024-08-26,28.87,32.96,LOW,False
DST-B2,STB,2024-08-27,10.32,29.82,LOW,False
DST-B2,STB,2024-08-28,0.0,34.1,LOW,False
DST-B2,STB,2024-08-29,0.0,33.05,LOW,False
DST-B2,STB,2024-08-30,33.27,30.66,LOW,False
DST-B2,STB,2024-08-31,13.5,30.24,LOW,False
DST-B2,STB,2024-09-01,0.0,30.75,LOW,False
DST-B2,STB,2024-09-02,0.0,32.14,LOW,False
DST-B2,STB,2024-09-03,10.71,32.06,LOW,False
DST-B2,STB,2024-09-04,0.0,31.28,LOW,False
DST-B2,STB,2024-09-05,0.0,26.77,LOW,False
DST-B2,STB,2024-09-06,77.59,25.09,MODERATE,False
DST-B2,STB,2024-09-07,70.95,27.85,MODERATE,False
DST-B2,STB,2024-09-08,61.82,30.14,MODERATE,False
DST-B2,STB,2024-09-09,14.89,28.54,LOW,False
DST-B2,STB,2024-09-10,90.99,27.68,MODERATE,False
DST-B2,STB,2024-09-11,33.18,29.8,LOW,False
DST-B2,STB,2024-09-12,0.0,27.37,LOW,False
DST-B2,STB,2024-09-13,0.0,28.76,LOW,False
DST-B2,STB,2024-09-14,34.39,27.72,LOW,False
DST-B2,STB,2024-09-15,54.16,28.22,MODERATE,False
DST-B2,STB,2024-09-16,0.0,25.92,LOW,False
DST-B2,STB,2024-09-17,52.07,27.5,MODERATE,False
DST-B2,STB,2024-09-18,22.73,26.7,LOW,False
DST-B2,STB,2024-09-19,19.34,25.92,LOW,False
DST-B2,STB,2024-09-20,10.77,26.99,LOW,False
DST-B2,STB,2024-09-21,0.0,28.92,LOW,False
DST-B2,STB,2024-09-22,52.87,28.27,MODERATE,False
DST-B2,STB,2024-09-23,66.63,27.42,MODERATE,False
DST-B2,STB,2024-09-24,35.06,25.87,LOW,False
DST-B2,STB,2024-09-25,98.88,24.88,MODERATE,False
DST-B2,STB,2024-09-26,22.45,23.81,LOW,False
DST-B2,STB,2024-09-27,69.07,26.85,MODERATE,False
DST-B2,STB,2024-09-28,56.51,24.43,MODERATE,False
DST-B2,STB,2024-09-29,0.0,25.92,LOW,False
DST-B2,STB,2024-09-30,0.0,22.18,LOW,False
DST-B2,STB,2024-10-01,0.0,26.75,LOW,False
DST-B2,STB,2024-10-02,0.0,25.37,LOW,False
DST-B2,STB,2024-10-03,0.0,24.78,LOW,False
DST-B2,STB,2024-10-04,0.0,25.03,LOW,False
DST-B2,STB,2024-10-05,0.0,24.2,LOW,False
DST-B2,STB,2024-10-06,0.39,23.29,LOW,False
DST-B2,STB,2024-10-07,0.0,23.81,LOW,False
DST-B2,STB,2024-10-08,0.0,24.03,LOW,False
DST-B2,STB,2024-10-09,0.0,24.01,LOW,False
DST-B2,STB,2024-10-10,0.0,22.82,LOW,False
DST-B2,STB,2024-10-11,0.0,23.07,LOW,False
DST-B2,STB,2024-10-12,0.0,20.5,LOW,False
DST-B2,STB,2024-10-13,0.0,20.74,LOW,False
DST-B2,STB,2024-10-14,0.0,21.92,LOW,False
DST-B2,STB,2024-10-15,0.0,25.09,LOW,False
DST-B2,STB,2024-10-16,0.0,21.01,LOW,False
DST-B2,STB,2024-10-17,0.0,20.76,LOW,False
DST-B2,STB,2024-10-18,0.0,18.17,LOW,False
DST-B2,STB,2024-10-19,0.0,22.95,LOW,False
DST-B2,STB,2024-10-20,0.0,18.56,LOW,False
DST-B2,STB,2024-10-21,1.04,21.03,LOW,False
DST-B2,STB,2024-10-22,0.0,23.4,LOW,False
DST-B2,STB,2024-10-23,0.0,20.54,LOW,False
DST-B2,STB,2024-10-24,0.08,19.08,LOW,False
DST-B2,STB,2024-10-25,0.0,16.98,LOW,False
DST-B2,STB,2024-10-26,0.58,22.32,LOW,False
DST-B2,STB,2024-10-27,0.0,19.56,LOW,False
DST-B2,STB,2024-10-28,0.0,18.77,LOW,False
DST-B2,STB,2024-10-29,0.0,21.65,LOW,False
DST-B2,STB,2024-10-30,0.0,23.27,LOW,False
DST-B2,STB,2024-10-31,0.0,17.83,LOW,False
DST-B2,STB,2024-11-01,0.0,20.5,LOW,False
DST-B2,STB,2024-11-02,0.0,,LOW,False
DST-B2,STB,2024-11-03,0.0,18.89,LOW,False
DST-B2,STB,2024-11-04,0.0,16.67,LOW,False
DST-B2,STB,2024-11-05,0.0,21.28,LOW,False
DST-B2,STB,2024-11-06,0.0,16.34,LOW,False
DST-B2,STB,2024-11-07,0.0,21.64,LOW,False
DST-B2,STB,2024-11-08,0.0,17.37,LOW,False
DST-B2,STB,2024-11-09,0.0,15.77,LOW,False
DST-B2,STB,2024-11-10,0.0,17.61,LOW,False
DST-B2,STB,2024-11-11,0.0,18.31,LOW,False
DST-B2,STB,2024-11-12,0.0,18.58,LOW,False
DST-B2,STB,2024-11-13,0.0,19.32,LOW,False
DST-B2,STB,2024-11-14,0.0,18.55,LOW,False
DST-B2,STB,2024-11-15,0.0,21.28,LOW,False
DST-B2,STB,2024-11-16,0.0,,LOW,False
DST-B2,STB,2024-11-17,0.0,18.38,LOW,False
DST-B2,STB,2024-11-18,0.0,18.14,LOW,False
DST-B2,STB,2024-11-19,0.0,14.65,LOW,False
DST-B2,STB,2024-11-20,0.0,15.44,LOW,False
DST-B2,STB,2024-11-21,0.0,17.59,LOW,False
DST-B2,STB,2024-11-22,0.0,18.22,LOW,False
DST-B2,STB,2024-11-23,0.0,13.73,LOW,False
DST-B2,STB,2024-11-24,0.0,20.69,LOW,False
DST-B2,STB,2024-11-25,0.0,18.18,LOW,False
DST-B2,STB,2024-11-26,0.0,17.16,LOW,False
DST-B2,STB,2024-11-27,0.0,17.97,LOW,False
DST-B2,STB,2024-11-28,0.0,16.1,LOW,False
DST-B2,STB,2024-11-29,0.0,17.34,LOW,False
DST-B2,STB,2024-11-30,0.0,17.58,LOW,False
DST-B2,STB,2024-12-01,0.0,19.2,LOW,False
DST-B2,STB,2024-12-02,0.0,16.58,LOW,False
DST-B2,STB,2024-12-03,0.0,14.31,LOW,False
DST-B2,STB,2024-12-04,0.0,15.24,LOW,False
DST-B2,STB,2024-12-05,0.0,16.33,LOW,False
DST-B2,STB,2024-12-06,0.0,14.39,LOW,False
DST-B2,STB,2024-12-07,0.0,14.97,LOW,False
DST-B2,STB,2024-12-08,0.0,15.15,LOW,False
DST-B2,STB,2024-12-09,0.0,16.12,LOW,False
DST-B2,STB,2024-12-10,0.0,17.6,LOW,False
DST-B2,STB,2024-12-11,0.0,16.01,LOW,False
DST-B2,STB,2024-12-12,0.0,17.71,LOW,False
DST-B2,STB,2024-12-13,0.0,16.65,LOW,False
DST-B2,STB,2024-12-14,0.0,14.95,LOW,False
DST-B2,STB,2024-12-15,0.0,17.3,LOW,False
DST-B2,STB,2024-12-16,0.0,17.01,LOW,False
DST-B2,STB,2024-12-17,0.0,17.77,LOW,False
DST-B2,STB,2024-12-18,0.0,18.17,LOW,False
DST-B2,STB,2024-12-19,2.58,19.04,LOW,False
DST-B2,STB,2024-12-20,0.0,17.07,LOW,False
DST-B2,STB,2024-12-21,0.0,15.26,LOW,False
DST-B2,STB,2024-12-22,0.0,21.73,LOW,False
DST-B2,STB,2024-12-23,0.0,16.76,LOW,False
DST-B2,STB,2024-12-24,0.0,15.79,LOW,False
DST-B2,STB,2024-12-25,0.0,15.49,LOW,False
DST-B2,STB,2024-12-26,0.0,13.88,LOW,False
DST-B2,STB,2024-12-27,0.0,13.7,LOW,False
DST-B2,STB,2024-12-28,0.0,21.86,LOW,False
DST-B2,STB,2024-12-29,0.0,13.87,LOW,False
DST-B2,STB,2024-12-30,0.0,15.61,LOW,False
DST-B2,STB,2024-12-31,0.0,16.46,LOW,False
DST-B2,STB,2025-01-01,0.0,16.66,LOW,False
DST-B2,STB,2025-01-02,0.0,16.63,LOW,False
DST-B2,STB,2025-01-03,0.0,16.74,LOW,False
DST-B2,STB,2025-01-04,0.0,17.88,LOW,False
DST-B2,STB,2025-01-05,0.0,16.43,LOW,False
DST-B2,STB,2025-01-06,0.0,17.85,LOW,False
DST-B2,STB,2025-01-07,0.0,17.26,LOW,False
DST-B2,STB,2025-01-08,0.0,19.11,LOW,False
DST-B2,STB,2025-01-09,0.0,19.2,LOW,False
DST-B2,STB,2025-01-10,0.0,16.82,LOW,False
DST-B2,STB,2025-01-11,0.0,18.45,LOW,False
DST-B2,STB,2025-01-12,0.0,19.74,LOW,False
DST-B2,STB,2025-01-13,0.0,16.24,LOW,False
DST-B2,STB,2025-01-14,0.0,17.83,LOW,False
DST-B2,STB,2025-01-15,0.0,18.73,LOW,False
DST-B2,STB,2025-01-16,0.0,16.45,LOW,False
DST-B2,STB,2025-01-17,0.0,21.54,LOW,False
DST-B2,STB,2025-01-18,3.97,17.77,LOW,False
DST-B2,STB,2025-01-19,0.0,17.58,LOW,False
DST-B2,STB,2025-01-20,0.0,21.36,LOW,False
DST-B2,STB,2025-01-21,0.0,19.99,LOW,False
DST-B2,STB,2025-01-22,0.0,18.5,LOW,False
DST-B2,STB,2025-01-23,0.0,17.02,LOW,False
DST-B2,STB,2025-01-24,0.0,18.95,LOW,False
DST-B2,STB,2025-01-25,0.0,17.82,LOW,False
DST-B2,STB,2025-01-26,0.0,19.83,LOW,False
DST-B2,STB,2025-01-27,0.0,14.69,LOW,False
DST-B2,STB,2025-01-28,0.0,19.83,LOW,False
DST-B2,STB,2025-01-29,0.0,20.4,LOW,False
DST-B2,STB,2025-01-30,0.0,19.26,LOW,False
DST-B2,STB,2025-01-31,0.0,19.5,LOW,False
DST-B2,STB,2025-02-01,0.0,19.32,LOW,False
DST-B2,STB,2025-02-02,0.0,20.11,LOW,False
DST-B2,STB,2025-02-03,0.0,23.18,LOW,False
DST-B2,STB,2025-02-04,0.0,22.24,LOW,False
DST-B2,STB,2025-02-05,0.0,20.55,LOW,False
DST-B2,STB,2025-02-06,0.0,20.22,LOW,False
DST-B2,STB,2025-02-07,0.0,22.5,LOW,False
DST-B2,STB,2025-02-08,0.0,21.54,LOW,False
DST-B2,STB,2025-02-09,0.0,19.53,LOW,False
DST-B2,STB,2025-02-10,0.0,21.11,LOW,False
DST-B2,STB,2025-02-11,0.0,24.16,LOW,False
DST-B2,STB,2025-02-12,0.0,22.79,LOW,False
DST-B2,STB,2025-02-13,0.0,21.33,LOW,False
DST-B2,STB,2025-02-14,0.0,19.58,LOW,False
DST-B2,STB,2025-02-15,0.0,22.77,LOW,False
DST-B2,STB,2025-02-16,0.0,22.56,LOW,False
DST-B2,STB,2025-02-17,0.0,22.4,LOW,False
DST-B2,STB,2025-02-18,0.0,24.3,LOW,False
DST-B2,STB,2025-02-19,0.0,23.98,LOW,False
DST-B2,STB,2025-02-20,0.0,20.65,LOW,False
DST-B2,STB,2025-02-21,0.0,23.43,LOW,False
DST-B2,STB,2025-02-22,0.0,21.37,LOW,False
DST-B2,STB,2025-02-23,0.0,22.88,LOW,False
DST-B2,STB,2025-02-24,0.0,21.6,LOW,False
DST-B2,STB,2025-02-25,3.07,21.84,LOW,False
DST-B2,STB,2025-02-26,0.0,22.18,LOW,False
DST-B2,STB,2025-02-27,0.0,27.32,LOW,False
DST-B2,STB,2025-02-28,0.0,25.52,LOW,False
DST-B2,STB,2025-03-01,0.0,22.85,LOW,False
DST-B2,STB,2025-03-02,,22.69,LOW,False
DST-B2,STB,2025-03-03,0.0,25.78,LOW,False
DST-B2,STB,2025-03-04,0.0,25.82,LOW,False
DST-B2,STB,2025-03-05,0.0,25.96,LOW,False
DST-B2,STB,2025-03-06,0.0,28.15,LOW,False
DST-B2,STB,2025-03-07,0.76,28.03,LOW,False
DST-B2,STB,2025-03-08,0.0,24.23,LOW,False
DST-B2,STB,2025-03-09,0.0,25.71,LOW,False
DST-B2,STB,2025-03-10,0.0,24.18,LOW,False
DST-B2,STB,2025-03-11,0.0,22.34,LOW,False
DST-B2,STB,2025-03-12,0.0,27.87,LOW,False
DST-B2,STB,2025-03-13,0.0,24.47,LOW,False
DST-B2,STB,2025-03-14,0.0,25.98,LOW,False
DST-B2,STB,2025-03-15,0.0,28.47,LOW,False
DST-B2,STB,2025-03-16,0.3,24.76,LOW,False
DST-B2,STB,2025-03-17,0.0,32.09,LOW,False
DST-B2,STB,2025-03-18,0.0,25.99,LOW,False
DST-B2,STB,2025-03-19,0.0,25.37,LOW,False
DST-B2,STB,2025-03-20,0.0,32.62,LOW,False
DST-B2,STB,2025-03-21,0.0,26.07,LOW,False
DST-B2,STB,2025-03-22,0.0,28.19,LOW,False
DST-B2,STB,2025-03-23,0.0,27.65,LOW,False
DST-B2,STB,2025-03-24,0.0,29.72,LOW,False
DST-B2,STB,2025-03-25,0.0,28.63,LOW,False
DST-B2,STB,2025-03-26,0.0,30.58,LOW,False
DST-B2,STB,2025-03-27,0.0,31.17,LOW,False
DST-B2,STB,2025-03-28,0.0,27.2,LOW,False
DST-B2,STB,2025-03-29,0.0,28.58,LOW,False
DST-B2,STB,2025-03-30,0.0,31.48,LOW,False
DST-B2,STB,2025-03-31,0.0,32.29,LOW,False
DST-B2,STB,2025-04-01,0.0,30.87,LOW,False
DST-B2,STB,2025-04-02,0.0,31.52,LOW,False
DST-B2,STB,2025-04-03,0.0,33.52,LOW,False
DST-B2,STB,2025-04-04,0.0,30.48,LOW,False
DST-B2,STB,2025-04-05,0.0,31.57,LOW,False
DST-B2,STB,2025-04-06,0.0,33.61,LOW,False
DST-B2,STB,2025-04-07,0.0,33.92,LOW,False
DST-B2,STB,2025-04-08,0.0,31.64,LOW,False
DST-B2,STB,2025-04-09,0.0,30.6,LOW,False
DST-B2,STB,2025-04-10,0.0,31.97,LOW,False
DST-B2,STB,2025-04-11,0.0,32.3,LOW,False
DST-B2,STB,2025-04-12,0.0,31.06,LOW,False
DST-B2,STB,2025-04-13,0.0,31.46,LOW,False
DST-B2,STB,2025-04-14,0.0,35.12,LOW,False
DST-B2,STB,2025-04-15,0.0,33.86,LOW,False
DST-B2,STB,2025-04-16,0.0,32.66,LOW,False
DST-B2,STB,2025-04-17,0.0,31.46,LOW,False
DST-B2,STB,2025-04-18,0.0,32.3,LOW,False
DST-B2,STB,2025-04-19,0.0,30.76,LOW,False
DST-B2,STB,2025-04-20,0.0,34.15,LOW,False
DST-B2,STB,2025-04-21,0.0,32.68,LOW,False
DST-B2,STB,2025-04-22,0.0,34.6,LOW,False
DST-B2,STB,2025-04-23,0.0,35.53,LOW,False
DST-B2,STB,2025-04-24,0.0,34.93,LOW,False
DST-B2,STB,2025-04-25,0.0,33.84,LOW,False
DST-B2,STB,2025-04-26,0.0,33.18,LOW,False
DST-B2,STB,2025-04-27,0.0,32.75,LOW,False
DST-B2,STB,2025-04-28,0.0,37.07,LOW,False
DST-B2,STB,2025-04-29,0.0,35.56,LOW,False
DST-B2,STB,2025-04-30,0.0,34.64,LOW,False
DST-B2,STB,2025-05-01,0.0,36.41,LOW,False
DST-B2,STB,2025-05-02,0.0,37.28,LOW,False
DST-B2,STB,2025-05-03,0.0,34.42,LOW,False
DST-B2,STB,2025-05-04,0.0,36.17,LOW,False
DST-B2,STB,2025-05-05,0.0,36.33,LOW,False
DST-B2,STB,2025-05-06,0.0,38.53,LOW,False
DST-B2,STB,2025-05-07,0.0,35.51,LOW,False
DST-B2,STB,2025-05-08,0.0,34.69,LOW,False
DST-B2,STB,2025-05-09,0.0,36.96,LOW,False
DST-B2,STB,2025-05-10,0.0,37.66,LOW,False
DST-B2,STB,2025-05-11,0.0,36.84,LOW,False
DST-B2,STB,2025-05-12,0.0,39.35,LOW,False
DST-B2,STB,2025-05-13,0.0,36.16,LOW,False
DST-B2,STB,2025-05-14,0.0,37.2,LOW,False
DST-B2,STB,2025-05-15,0.0,34.5,LOW,False
DST-B2,STB,2025-05-16,0.0,35.44,LOW,False
DST-B2,STB,2025-05-17,0.0,35.97,LOW,False
DST-B2,STB,2025-05-18,,36.92,LOW,False
DST-B2,STB,2025-05-19,0.0,35.1,LOW,False
DST-B2,STB,2025-05-20,0.0,38.45,LOW,False
DST-B2,STB,2025-05-21,0.0,36.17,LOW,False
DST-B2,STB,2025-05-22,0.0,41.51,LOW,False
DST-B2,STB,2025-05-23,0.0,36.38,LOW,False
DST-B2,STB,2025-05-24,0.73,37.87,LOW,False
DST-B2,STB,2025-05-25,0.0,35.17,LOW,False
DST-B2,STB,2025-05-26,0.0,37.57,LOW,False
DST-B2,STB,2025-05-27,2.15,36.88,LOW,False
DST-B2,STB,2025-05-28,,39.56,LOW,False
DST-B2,STB,2025-05-29,0.0,38.73,LOW,False
DST-B2,STB,2025-05-30,0.0,39.1,LOW,False
DST-B2,STB,2025-05-31,0.0,39.68,LOW,False
DST-B2,STB,2025-06-01,0.34,39.23,LOW,False
DST-B2,STB,2025-06-02,,37.04,LOW,False
DST-B2,STB,2025-06-03,0.0,38.58,LOW,False
DST-B2,STB,2025-06-04,0.0,36.81,LOW,False
DST-B2,STB,2025-06-05,0.0,38.16,LOW,False
DST-B2,STB,2025-06-06,0.0,37.96,LOW,False
DST-B2,STB,2025-06-07,0.0,38.1,LOW,False
DST-B2,STB,2025-06-08,0.0,36.22,LOW,False
DST-B2,STB,2025-06-09,0.0,33.73,LOW,False
DST-B2,STB,2025-06-10,0.0,37.74,LOW,False
DST-B2,STB,2025-06-11,0.0,40.46,LOW,False
DST-B2,STB,2025-06-12,0.0,38.62,LOW,False
DST-B2,STB,2025-06-13,0.0,40.34,LOW,False
DST-B2,STB,2025-06-14,0.0,37.02,LOW,False
DST-B2,STB,2025-06-15,0.0,37.71,LOW,False
DST-B2,STB,2025-06-16,0.0,42.6,LOW,False
DST-B2,STB,2025-06-17,0.0,37.12,LOW,False
DST-B2,STB,2025-06-18,0.0,39.48,LOW,False
DST-B2,STB,2025-06-19,0.0,39.47,LOW,False
DST-B2,STB,2025-06-20,0.0,39.25,LOW,False
DST-B2,STB,2025-06-21,0.0,39.46,LOW,False
DST-B2,STB,2025-06-22,0.0,37.03,LOW,False
DST-B2,STB,2025-06-23,0.0,37.77,LOW,False
DST-B2,STB,2025-06-24,0.0,34.02,LOW,False
DST-B2,STB,2025-06-25,0.0,40.99,LOW,False
DST-B2,STB,2025-06-26,0.61,39.32,LOW,False
DST-B2,STB,2025-06-27,0.0,39.26,LOW,False
DST-B2,STB,2025-06-28,0.0,37.14,LOW,False
DST-B2,STB,2025-06-29,0.0,39.95,LOW,False
DST-B2,STB,2025-06-30,0.0,36.83,LOW,False
DST-C1,STC,2024-01-01,0.0,18.3,LOW,False
DST-C1,STC,2024-01-02,0.0,17.68,LOW,False
DST-C1,STC,2024-01-03,0.0,16.94,LOW,False
DST-C1,STC,2024-01-04,0.0,16.62,LOW,False
DST-C1,STC,2024-01-05,0.0,15.47,LOW,False
DST-C1,STC,2024-01-06,0.0,15.92,LOW,False
DST-C1,STC,2024-01-07,0.0,17.24,LOW,False
DST-C1,STC,2024-01-08,0.0,16.35,LOW,False
DST-C1,STC,2024-01-09,0.44,17.89,LOW,False
DST-C1,STC,2024-01-10,0.0,17.34,LOW,False
DST-C1,STC,2024-01-11,0.0,17.31,LOW,False
DST-C1,STC,2024-01-12,0.0,17.09,LOW,False
DST-C1,STC,2024-01-13,0.0,14.56,LOW,False
DST-C1,STC,2024-01-14,0.0,21.55,LOW,False
DST-C1,STC,2024-01-15,1.03,14.94,LOW,False
DST-C1,STC,2024-01-16,0.0,18.83,LOW,False
DST-C1,STC,2024-01-17,0.0,17.02,LOW,False
DST-C1,STC,2024-01-18,0.0,19.01,LOW,False
DST-C1,STC,2024-01-19,3.45,20.36,LOW,False
DST-C1,STC,2024-01-20,0.0,16.19,LOW,False
DST-C1,STC,2024-01-21,0.0,16.27,LOW,False
DST-C1,STC,2024-01-22,0.0,19.35,LOW,False
DST-C1,STC,2024-01-23,0.0,17.08,LOW,False
DST-C1,STC,2024-01-24,0.0,19.95,LOW,False
DST-C1,STC,2024-01-25,0.0,20.26,LOW,False
DST-C1,STC,2024-01-26,0.0,17.94,LOW,False
DST-C1,STC,2024-01-27,0.66,18.5,LOW,False
DST-C1,STC,2024-01-28,0.0,15.76,LOW,False
DST-C1,STC,2024-01-29,2.48,21.84,LOW,False
DST-C1,STC,2024-01-30,0.0,24.05,LOW,False
DST-C1,STC,2024-01-31,,20.64,LOW,False
DST-C1,STC,2024-02-01,0.0,19.42,LOW,False
DST-C1,STC,2024-02-02,0.0,24.05,LOW,False
DST-C1,STC,2024-02-03,0.17,21.85,LOW,False
DST-C1,STC,2024-02-04,0.0,22.81,LOW,False
DST-C1,STC,2024-02-05,0.0,21.17,LOW,False
DST-C1,STC,2024-02-06,0.0,17.14,LOW,False
DST-C1,STC,2024-02-07,0.0,19.51,LOW,False
DST-C1,STC,2024-02-08,0.0,22.09,LOW,False
DST-C1,STC,2024-02-09,0.08,23.77,LOW,False
DST-C1,STC,2024-02-10,0.0,23.02,LOW,False
DST-C1,STC,2024-02-11,0.0,20.97,LOW,False
DST-C1,STC,2024-02-12,0.0,22.29,LOW,False
DST-C1,STC,2024-02-13,0.0,21.67,LOW,False
DST-C1,STC,2024-02-14,0.0,22.16,LOW,False
DST-C1,STC,2024-02-15,0.0,24.41,LOW,False
DST-C1,STC,2024-02-16,0.0,25.5,LOW,False
DST-C1,STC,2024-02-17,0.0,25.49,LOW,False
DST-C1,STC,2024-02-18,0.42,28.63,LOW,False
DST-C1,STC,2024-02-19,0.55,23.67,LOW,False
DST-C1,STC,2024-02-20,0.0,21.88,LOW,False
DST-C1,STC,2024-02-21,0.0,25.35,LOW,False
DST-C1,STC,2024-02-22,0.0,21.71,LOW,False
DST-C1,STC,2024-02-23,0.05,25.82,LOW,False
DST-C1,STC,2024-02-24,0.0,24.2,LOW,False
DST-C1,STC,2024-02-25,0.0,25.12,LOW,False
DST-C1,STC,2024-02-26,0.0,22.62,LOW,False
DST-C1,STC,2024-02-27,0.0,22.98,LOW,False
DST-C1,STC,2024-02-28,0.0,24.46,LOW,False
DST-C1,STC,2024-02-29,0.0,25.59,LOW,False
DST-C1,STC,2024-03-01,0.0,27.51,LOW,False
DST-C1,STC,2024-03-02,0.0,24.28,LOW,False
DST-C1,STC,2024-03-03,0.0,21.94,LOW,False
DST-C1,STC,2024-03-04,0.0,27.2,LOW,False
DST-C1,STC,2024-03-05,0.0,27.63,LOW,False
DST-C1,STC,2024-03-06,0.0,25.14,LOW,False
DST-C1,STC,2024-03-07,0.0,28.01,LOW,False
DST-C1,STC,2024-03-08,0.0,24.56,LOW,False
DST-C1,STC,2024-03-09,0.0,25.16,LOW,False
DST-C1,STC,2024-03-10,0.0,25.12,LOW,False
DST-C1,STC,2024-03-11,0.0,28.83,LOW,False
DST-C1,STC,2024-03-12,0.0,24.64,LOW,False
DST-C1,STC,2024-03-13,0.0,27.83,LOW,False
DST-C1,STC,2024-03-14,0.0,28.02,LOW,False
DST-C1,STC,2024-03-15,0.0,28.88,LOW,False
DST-C1,STC,2024-03-16,0.0,27.01,LOW,False
DST-C1,STC,2024-03-17,0.0,30.41,LOW,False
DST-C1,STC,2024-03-18,0.0,29.5,LOW,False
DST-C1,STC,2024-03-19,0.0,27.52,LOW,False
DST-C1,STC,2024-03-20,0.0,27.16,LOW,False
DST-C1,STC,2024-03-21,0.0,28.4,LOW,False
DST-C1,STC,2024-03-22,0.0,28.03,LOW,False
DST-C1,STC,2024-03-23,0.0,27.45,LOW,False
DST-C1,STC,2024-03-24,0.0,29.33,LOW,False
DST-C1,STC,2024-03-25,0.0,28.91,LOW,False
DST-C1,STC,2024-03-26,1.07,32.59,LOW,False
DST-C1,STC,2024-03-27,0.0,31.73,LOW,False
DST-C1,STC,2024-03-28,0.0,28.87,LOW,False
DST-C1,STC,2024-03-29,0.0,30.12,LOW,False
DST-C1,STC,2024-03-30,1.02,34.07,LOW,False
DST-C1,STC,2024-03-31,0.0,31.08,LOW,False
DST-C1,STC,2024-04-01,0.01,30.75,LOW,False
DST-C1,STC,2024-04-02,0.0,30.76,LOW,False
DST-C1,STC,2024-04-03,0.0,30.06,LOW,False
DST-C1,STC,2024-04-04,0.0,36.65,LOW,False
DST-C1,STC,2024-04-05,0.0,31.57,LOW,False
DST-C1,STC,2024-04-06,0.0,31.77,LOW,False
DST-C1,STC,2024-04-07,0.0,30.94,LOW,False
DST-C1,STC,2024-04-08,0.0,32.76,LOW,False
DST-C1,STC,2024-04-09,0.0,28.9,LOW,False
DST-C1,STC,2024-04-10,0.0,30.11,LOW,False
DST-C1,STC,2024-04-11,0.0,34.27,LOW,False
DST-C1,STC,2024-04-12,0.31,31.06,LOW,False
DST-C1,STC,2024-04-13,0.0,32.82,LOW,False
DST-C1,STC,2024-04-14,0.0,29.26,LOW,False
DST-C1,STC,2024-04-15,0.0,32.95,LOW,False
DST-C1,STC,2024-04-16,5.16,32.25,LOW,False
DST-C1,STC,2024-04-17,0.0,29.36,LOW,False
DST-C1,STC,2024-04-18,0.0,34.51,LOW,False
DST-C1,STC,2024-04-19,0.0,31.66,LOW,False
DST-C1,STC,2024-04-20,2.81,31.25,LOW,False
DST-C1,STC,2024-04-21,0.0,35.56,LOW,False
DST-C1,STC,2024-04-22,0.0,33.38,LOW,False
DST-C1,STC,2024-04-23,,34.97,LOW,False
DST-C1,STC,2024-04-24,0.0,33.82,LOW,False
DST-C1,STC,2024-04-25,0.0,30.7,LOW,False
DST-C1,STC,2024-04-26,0.0,35.58,LOW,False
DST-C1,STC,2024-04-27,1.78,34.67,LOW,False
DST-C1,STC,2024-04-28,0.0,33.99,LOW,False
DST-C1,STC,2024-04-29,0.0,38.38,LOW,False
DST-C1,STC,2024-04-30,0.0,31.36,LOW,False
DST-C1,STC,2024-05-01,0.0,35.22,LOW,False
DST-C1,STC,2024-05-02,0.0,33.2,LOW,False
DST-C1,STC,2024-05-03,0.0,36.28,LOW,False
DST-C1,STC,2024-05-04,0.0,34.59,LOW,False
DST-C1,STC,2024-05-05,0.0,35.27,LOW,False
DST-C1,STC,2024-05-06,0.0,37.18,LOW,False
DST-C1,STC,2024-05-07,0.0,39.07,LOW,False
DST-C1,STC,2024-05-08,0.0,38.62,LOW,False
DST-C1,STC,2024-05-09,0.0,34.76,LOW,False
DST-C1,STC,2024-05-10,2.52,36.98,LOW,False
DST-C1,STC,2024-05-11,0.0,34.81,LOW,False
DST-C1,STC,2024-05-12,0.0,36.66,LOW,False
DST-C1,STC,2024-05-13,0.0,35.61,LOW,False
DST-C1,STC,2024-05-14,0.0,36.79,LOW,False
DST-C1,STC,2024-05-15,0.0,36.08,LOW,False
DST-C1,STC,2024-05-16,0.0,37.03,LOW,False
DST-C1,STC,2024-05-17,0.0,39.79,LOW,False
DST-C1,STC,2024-05-18,0.0,38.65,LOW,False
DST-C1,STC,2024-05-19,0.0,37.1,LOW,False
DST-C1,STC,2024-05-20,0.0,39.7,LOW,False
DST-C1,STC,2024-05-21,0.0,38.21,LOW,False
DST-C1,STC,2024-05-22,0.0,39.71,LOW,False
DST-C1,STC,2024-05-23,0.0,35.14,LOW,False
DST-C1,STC,2024-05-24,0.0,35.96,LOW,False
DST-C1,STC,2024-05-25,0.0,38.14,LOW,False
DST-C1,STC,2024-05-26,0.0,37.56,LOW,False
DST-C1,STC,2024-05-27,0.0,37.86,LOW,False
DST-C1,STC,2024-05-28,0.0,38.97,LOW,False
DST-C1,STC,2024-05-29,0.0,38.39,LOW,False
DST-C1,STC,2024-05-30,1.47,39.65,LOW,False
DST-C1,STC,2024-05-31,0.0,36.44,LOW,False
DST-C1,STC,2024-06-01,0.0,34.33,LOW,False
DST-C1,STC,2024-06-02,0.0,36.42,LOW,False
DST-C1,STC,2024-06-03,0.0,36.35,LOW,False
DST-C1,STC,2024-06-04,0.0,38.36,LOW,False
DST-C1,STC,2024-06-05,0.0,38.37,LOW,False
DST-C1,STC,2024-06-06,0.0,37.94,LOW,False
DST-C1,STC,2024-06-07,0.0,39.14,LOW,False
DST-C1,STC,2024-06-08,0.0,42.88,LOW,False
DST-C1,STC,2024-06-09,,37.97,LOW,False
DST-C1,STC,2024-06-10,0.0,38.85,LOW,False
DST-C1,STC,2024-06-11,1.21,38.39,LOW,False
DST-C1,STC,2024-06-12,0.0,40.27,LOW,False
DST-C1,STC,2024-06-13,0.0,,LOW,False
DST-C1,STC,2024-06-14,0.0,42.87,LOW,False
DST-C1,STC,2024-06-15,0.0,39.04,LOW,False
DST-C1,STC,2024-06-16,0.0,41.71,LOW,False
DST-C1,STC,2024-06-17,0.0,37.27,LOW,False
DST-C1,STC,2024-06-18,0.0,38.94,LOW,False
DST-C1,STC,2024-06-19,0.0,39.83,LOW,False
DST-C1,STC,2024-06-20,0.0,38.84,LOW,False
DST-C1,STC,2024-06-21,0.0,39.2,LOW,False
DST-C1,STC,2024-06-22,0.0,38.51,LOW,False
DST-C1,STC,2024-06-23,0.0,41.43,LOW,False
DST-C1,STC,2024-06-24,0.0,39.12,LOW,False
DST-C1,STC,2024-06-25,0.0,41.48,LOW,False
DST-C1,STC,2024-06-26,0.0,36.95,LOW,False
DST-C1,STC,2024-06-27,0.0,38.82,LOW,False
DST-C1,STC,2024-06-28,0.0,37.34,LOW,False
DST-C1,STC,2024-06-29,0.0,38.58,LOW,False
DST-C1,STC,2024-06-30,0.0,35.42,LOW,False
DST-C1,STC,2024-07-01,5.31,35.7,LOW,False
DST-C1,STC,2024-07-02,9.3,40.88,LOW,False
DST-C1,STC,2024-07-03,1.57,36.29,LOW,False
DST-C1,STC,2024-07-04,0.0,37.57,LOW,False
DST-C1,STC,2024-07-05,0.0,36.46,LOW,False
DST-C1,STC,2024-07-06,0.0,39.46,LOW,False
DST-C1,STC,2024-07-07,,37.39,LOW,False
DST-C1,STC,2024-07-08,0.0,,LOW,False
DST-C1,STC,2024-07-09,0.11,38.94,LOW,False
DST-C1,STC,2024-07-10,0.0,37.58,LOW,False
DST-C1,STC,2024-07-11,9.63,35.22,LOW,False
DST-C1,STC,2024-07-12,18.55,36.01,LOW,False
DST-C1,STC,2024-07-13,4.44,37.71,LOW,False
DST-C1,STC,2024-07-14,0.0,37.08,LOW,False
DST-C1,STC,2024-07-15,2.01,35.36,LOW,False
DST-C1,STC,2024-07-16,0.0,37.4,LOW,False
DST-C1,STC,2024-07-17,0.0,35.07,LOW,False
DST-C1,STC,2024-07-18,7.76,36.74,LOW,False
DST-C1,STC,2024-07-19,,38.84,LOW,False
DST-C1,STC,2024-07-20,0.0,35.02,LOW,False
DST-C1,STC,2024-07-21,,35.16,LOW,False
DST-C1,STC,2024-07-22,0.0,36.91,LOW,False
DST-C1,STC,2024-07-23,0.0,39.08,LOW,False
DST-C1,STC,2024-07-24,0.0,36.87,LOW,False
DST-C1,STC,2024-07-25,0.0,33.65,LOW,False
DST-C1,STC,2024-07-26,3.88,35.24,LOW,False
DST-C1,STC,2024-07-27,10.86,36.24,LOW,False
DST-C1,STC,2024-07-28,0.66,35.75,LOW,False
DST-C1,STC,2024-07-29,0.0,36.56,LOW,False
DST-C1,STC,2024-07-30,9.17,33.66,LOW,False
DST-C1,STC,2024-07-31,0.0,38.09,LOW,False
DST-C1,STC,2024-08-01,6.53,,LOW,False
DST-C1,STC,2024-08-02,0.0,36.74,LOW,False
DST-C1,STC,2024-08-03,8.07,33.1,LOW,False
DST-C1,STC,2024-08-04,3.04,35.95,LOW,False
DST-C1,STC,2024-08-05,0.0,34.7,LOW,False
DST-C1,STC,2024-08-06,0.0,33.75,LOW,False
DST-C1,STC,2024-08-07,0.0,35.04,LOW,False
DST-C1,STC,2024-08-08,2.99,30.91,LOW,False
DST-C1,STC,2024-08-09,0.23,35.35,LOW,False
DST-C1,STC,2024-08-10,0.0,35.03,LOW,False
DST-C1,STC,2024-08-11,0.0,32.87,LOW,False
DST-C1,STC,2024-08-12,1.07,35.48,LOW,False
DST-C1,STC,2024-08-13,6.63,33.27,LOW,False
DST-C1,STC,2024-08-14,153.02,32.82,SEVERE,True
DST-C1,STC,2024-08-15,13.29,30.96,LOW,False
DST-C1,STC,2024-08-16,10.47,31.92,LOW,False
DST-C1,STC,2024-08-17,11.69,31.77,LOW,False
DST-C1,STC,2024-08-18,20.62,35.35,LOW,False
DST-C1,STC,2024-08-19,0.0,37.11,LOW,False
DST-C1,STC,2024-08-20,0.57,30.03,LOW,False
DST-C1,STC,2024-08-21,0.0,35.16,LOW,False
DST-C1,STC,2024-08-22,1.9,30.7,LOW,False
DST-C1,STC,2024-08-23,0.0,29.64,LOW,False
DST-C1,STC,2024-08-24,4.22,28.5,LOW,False
DST-C1,STC,2024-08-25,3.85,31.71,LOW,False
DST-C1,STC,2024-08-26,0.0,29.09,LOW,False
DST-C1,STC,2024-08-27,0.0,29.69,LOW,False
DST-C1,STC,2024-08-28,0.0,,LOW,False
DST-C1,STC,2024-08-29,0.0,30.39,LOW,False
DST-C1,STC,2024-08-30,0.0,28.73,LOW,False
DST-C1,STC,2024-08-31,3.6,28.68,LOW,False
DST-C1,STC,2024-09-01,16.48,28.17,LOW,False
DST-C1,STC,2024-09-02,0.1,28.88,LOW,False
DST-C1,STC,2024-09-03,1.42,27.94,LOW,False
DST-C1,STC,2024-09-04,5.7,27.61,LOW,False
DST-C1,STC,2024-09-05,16.19,30.15,LOW,False
DST-C1,STC,2024-09-06,0.0,30.37,LOW,False
DST-C1,STC,2024-09-07,0.0,27.33,LOW,False
DST-C1,STC,2024-09-08,165.54,28.38,SEVERE,True
DST-C1,STC,2024-09-09,0.79,29.38,LOW,False
DST-C1,STC,2024-09-10,0.68,30.56,LOW,False
DST-C1,STC,2024-09-11,0.0,26.31,LOW,False
DST-C1,STC,2024-09-12,0.0,30.71,LOW,False
DST-C1,STC,2024-09-13,0.32,26.5,LOW,False
DST-C1,STC,2024-09-14,0.0,26.15,LOW,False
DST-C1,STC,2024-09-15,0.0,24.54,LOW,False
DST-C1,STC,2024-09-16,0.0,25.98,LOW,False
DST-C1,STC,2024-09-17,0.0,27.39,LOW,False
DST-C1,STC,2024-09-18,0.0,25.34,LOW,False
DST-C1,STC,2024-09-19,0.0,27.13,LOW,False
DST-C1,STC,2024-09-20,1.77,26.13,LOW,False
DST-C1,STC,2024-09-21,0.0,27.54,LOW,False
DST-C1,STC,2024-09-22,6.95,22.66,LOW,False
DST-C1,STC,2024-09-23,0.0,26.77,LOW,False
DST-C1,STC,2024-09-24,4.1,24.92,LOW,False
DST-C1,STC,2024-09-25,0.0,26.13,LOW,False
DST-C1,STC,2024-09-26,13.28,27.17,LOW,False
DST-C1,STC,2024-09-27,4.27,27.94,LOW,False
DST-C1,STC,2024-09-28,0.97,25.32,LOW,False
DST-C1,STC,2024-09-29,0.0,22.99,LOW,False
DST-C1,STC,2024-09-30,0.0,23.8,LOW,False
DST-C1,STC,2024-10-01,0.0,26.29,LOW,False
DST-C1,STC,2024-10-02,0.0,22.18,LOW,False
DST-C1,STC,2024-10-03,0.0,23.31,LOW,False
DST-C1,STC,2024-10-04,0.0,23.2,LOW,False
DST-C1,STC,2024-10-05,0.0,19.51,LOW,False
DST-C1,STC,2024-10-06,0.0,23.36,LOW,False
DST-C1,STC,2024-10-07,0.0,24.81,LOW,False
DST-C1,STC,2024-10-08,0.25,22.94,LOW,False
DST-C1,STC,2024-10-09,0.0,22.66,LOW,False
DST-C1,STC,2024-10-10,0.0,22.34,LOW,False
DST-C1,STC,2024-10-11,0.0,23.87,LOW,False
DST-C1,STC,2024-10-12,0.0,20.45,LOW,False
DST-C1,STC,2024-10-13,0.0,23.73,LOW,False
DST-C1,STC,2024-10-14,0.0,22.92,LOW,False
DST-C1,STC,2024-10-15,0.0,25.06,LOW,False
DST-C1,STC,2024-10-16,0.0,21.99,LOW,False
DST-C1,STC,2024-10-17,0.0,19.75,LOW,False
DST-C1,STC,2024-10-18,0.0,21.69,LOW,False
DST-C1,STC,2024-10-19,0.0,21.75,LOW,False
DST-C1,STC,2024-10-20,0.0,23.23,LOW,False
DST-C1,STC,2024-10-21,,19.12,LOW,False
DST-C1,STC,2024-10-22,0.0,18.06,LOW,False
DST-C1,STC,2024-10-23,0.0,20.97,LOW,False
DST-C1,STC,2024-10-24,0.0,23.77,LOW,False
DST-C1,STC,2024-10-25,0.0,21.49,LOW,False
DST-C1,STC,2024-10-26,0.0,21.46,LOW,False
DST-C1,STC,2024-10-27,0.0,17.68,LOW,False
DST-C1,STC,2024-10-28,0.0,19.95,LOW,False
DST-C1,STC,2024-10-29,0.0,21.97,LOW,False
DST-C1,STC,2024-10-30,0.0,20.19,LOW,False
DST-C1,STC,2024-10-31,0.0,16.69,LOW,False
DST-C1,STC,2024-11-01,0.0,19.39,LOW,False
DST-C1,STC,2024-11-02,0.0,20.28,LOW,False
DST-C1,STC,2024-11-03,0.0,13.52,LOW,False
DST-C1,STC,2024-11-04,0.0,18.82,LOW,False
DST-C1,STC,2024-11-05,0.0,17.29,LOW,False
DST-C1,STC,2024-11-06,0.0,20.28,LOW,False
DST-C1,STC,2024-11-07,0.0,17.88,LOW,False
DST-C1,STC,2024-11-08,0.0,19.27,LOW,False
DST-C1,STC,2024-11-09,0.0,18.4,LOW,False
DST-C1,STC,2024-11-10,0.0,17.49,LOW,False
DST-C1,STC,2024-11-11,0.0,21.78,LOW,False
DST-C1,STC,2024-11-12,0.0,17.1,LOW,False
DST-C1,STC,2024-11-13,0.0,18.14,LOW,False
DST-C1,STC,2024-11-14,0.0,17.9,LOW,False
DST-C1,STC,2024-11-15,0.0,18.15,LOW,False
DST-C1,STC,2024-11-16,0.0,21.13,LOW,False
DST-C1,STC,2024-11-17,0.0,,LOW,False
DST-C1,STC,2024-11-18,0.0,16.73,LOW,False
DST-C1,STC,2024-11-19,0.0,20.14,LOW,False
DST-C1,STC,2024-11-20,0.0,18.78,LOW,False
DST-C1,STC,2024-11-21,0.0,16.53,LOW,False
DST-C1,STC,2024-11-22,0.0,19.58,LOW,False
DST-C1,STC,2024-11-23,0.0,14.84,LOW,False
DST-C1,STC,2024-11-24,0.0,15.18,LOW,False
DST-C1,STC,2024-11-25,0.0,14.17,LOW,False
DST-C1,STC,2024-11-26,0.0,13.39,LOW,False
DST-C1,STC,2024-11-27,0.0,19.12,LOW,False
DST-C1,STC,2024-11-28,0.0,17.25,LOW,False
DST-C1,STC,2024-11-29,0.0,14.1,LOW,False
DST-C1,STC,2024-11-30,0.0,16.74,LOW,False
DST-C1,STC,2024-12-01,2.01,18.4,LOW,False
DST-C1,STC,2024-12-02,0.28,16.78,LOW,False
DST-C1,STC,2024-12-03,0.0,20.36,LOW,False
DST-C1,STC,2024-12-04,0.0,16.24,LOW,False
DST-C1,STC,2024-12-05,,13.99,LOW,False
DST-C1,STC,2024-12-06,0.0,15.65,LOW,False
DST-C1,STC,2024-12-07,0.0,13.71,LOW,False
DST-C1,STC,2024-12-08,0.0,17.76,LOW,False
DST-C1,STC,2024-12-09,0.0,14.97,LOW,False
DST-C1,STC,2024-12-10,0.0,14.91,LOW,False
DST-C1,STC,2024-12-11,1.85,20.39,LOW,False
DST-C1,STC,2024-12-12,0.0,16.83,LOW,False
DST-C1,STC,2024-12-13,0.0,14.34,LOW,False
DST-C1,STC,2024-12-14,0.0,15.7,LOW,False
DST-C1,STC,2024-12-15,0.0,17.54,LOW,False
DST-C1,STC,2024-12-16,0.0,14.53,LOW,False
DST-C1,STC,2024-12-17,0.0,17.0,LOW,False
DST-C1,STC,2024-12-18,0.0,16.03,LOW,False
DST-C1,STC,2024-12-19,0.0,15.91,LOW,False
DST-C1,STC,2024-12-20,0.0,19.43,LOW,False
DST-C1,STC,2024-12-21,0.0,18.7,LOW,False
DST-C1,STC,2024-12-22,0.0,13.96,LOW,False
DST-C1,STC,2024-12-23,0.0,15.13,LOW,False
DST-C1,STC,2024-12-24,0.0,16.5,LOW,False
DST-C1,STC,2024-12-25,0.0,18.96,LOW,False
DST-C1,STC,2024-12-26,0.0,15.93,LOW,False
DST-C1,STC,2024-12-27,0.0,16.9,LOW,False
DST-C1,STC,2024-12-28,0.0,17.15,LOW,False
DST-C1,STC,2024-12-29,0.0,19.1,LOW,False
DST-C1,STC,2024-12-30,0.05,15.19,LOW,False
DST-C1,STC,2024-12-31,1.52,15.57,LOW,False
DST-C1,STC,2025-01-01,0.0,15.03,LOW,False
DST-C1,STC,2025-01-02,0.0,17.23,LOW,False
DST-C1,STC,2025-01-03,0.0,17.01,LOW,False
DST-C1,STC,2025-01-04,0.0,18.92,LOW,False
DST-C1,STC,2025-01-05,0.0,18.72,LOW,False
DST-C1,STC,2025-01-06,0.0,14.93,LOW,False
DST-C1,STC,2025-01-07,0.0,19.39,LOW,False
DST-C1,STC,2025-01-08,0.0,18.03,LOW,False
DST-C1,STC,2025-01-09,0.0,19.43,LOW,False
DST-C1,STC,2025-01-10,0.0,15.97,LOW,False
DST-C1,STC,2025-01-11,0.0,18.66,LOW,False
DST-C1,STC,2025-01-12,0.0,16.58,LOW,False
DST-C1,STC,2025-01-13,0.42,14.86,LOW,False
DST-C1,STC,2025-01-14,0.0,18.63,LOW,False
DST-C1,STC,2025-01-15,0.0,17.58,LOW,False
DST-C1,STC,2025-01-16,0.0,17.87,LOW,False
DST-C1,STC,2025-01-17,0.0,20.75,LOW,False
DST-C1,STC,2025-01-18,0.0,18.32,LOW,False
DST-C1,STC,2025-01-19,0.0,20.5,LOW,False
DST-C1,STC,2025-01-20,0.0,18.44,LOW,False
DST-C1,STC,2025-01-21,0.0,20.71,LOW,False
DST-C1,STC,2025-01-22,0.0,18.95,LOW,False
DST-C1,STC,2025-01-23,0.0,20.02,LOW,False
DST-C1,STC,2025-01-24,0.0,17.85,LOW,False
DST-C1,STC,2025-01-25,0.0,19.62,LOW,False
DST-C1,STC,2025-01-26,0.0,18.12,LOW,False
DST-C1,STC,2025-01-27,0.0,18.68,LOW,False
DST-C1,STC,2025-01-28,0.0,18.95,LOW,False
DST-C1,STC,2025-01-29,0.0,19.36,LOW,False
DST-C1,STC,2025-01-30,0.0,21.59,LOW,False
DST-C1,STC,2025-01-31,0.0,19.14,LOW,False
DST-C1,STC,2025-02-01,0.0,20.35,LOW,False
DST-C1,STC,2025-02-02,0.0,22.25,LOW,False
DST-C1,STC,2025-02-03,4.55,21.42,LOW,False
DST-C1,STC,2025-02-04,0.0,23.94,LOW,False
DST-C1,STC,2025-02-05,0.0,21.42,LOW,False
DST-C1,STC,2025-02-06,0.0,21.31,LOW,False
DST-C1,STC,2025-02-07,0.0,22.45,LOW,False
DST-C1,STC,2025-02-08,0.0,21.0,LOW,False
DST-C1,STC,2025-02-09,0.0,20.05,LOW,False
DST-C1,STC,2025-02-10,0.0,23.37,LOW,False
DST-C1,STC,2025-02-11,0.0,22.99,LOW,False
DST-C1,STC,2025-02-12,0.0,20.14,LOW,False
DST-C1,STC,2025-02-13,0.0,21.37,LOW,False
DST-C1,STC,2025-02-14,1.76,22.84,LOW,False
DST-C1,STC,2025-02-15,0.0,19.26,LOW,False
DST-C1,STC,2025-02-16,0.0,20.94,LOW,False
DST-C1,STC,2025-02-17,0.0,23.98,LOW,False
DST-C1,STC,2025-02-18,0.0,20.2,LOW,False
DST-C1,STC,2025-02-19,0.25,22.91,LOW,False
DST-C1,STC,2025-02-20,0.0,21.41,LOW,False
DST-C1,STC,2025-02-21,0.0,21.12,LOW,False
DST-C1,STC,2025-02-22,0.0,22.04,LOW,False
DST-C1,STC,2025-02-23,0.0,22.89,LOW,False
DST-C1,STC,2025-02-24,0.0,23.02,LOW,False
DST-C1,STC,2025-02-25,0.0,23.75,LOW,False
DST-C1,STC,2025-02-26,0.0,25.63,LOW,False
DST-C1,STC,2025-02-27,0.0,26.42,LOW,False
DST-C1,STC,2025-02-28,0.2,26.76,LOW,False
DST-C1,STC,2025-03-01,0.0,22.04,LOW,False
DST-C1,STC,2025-03-02,0.0,23.49,LOW,False
DST-C1,STC,2025-03-03,0.0,23.04,LOW,False
DST-C1,STC,2025-03-04,0.0,23.76,LOW,False
DST-C1,STC,2025-03-05,0.0,22.18,LOW,False
DST-C1,STC,2025-03-06,0.0,28.09,LOW,False
DST-C1,STC,2025-03-07,0.0,23.99,LOW,False
DST-C1,STC,2025-03-08,0.0,25.99,LOW,False
DST-C1,STC,2025-03-09,0.0,26.93,LOW,False
DST-C1,STC,2025-03-10,0.0,28.34,LOW,False
DST-C1,STC,2025-03-11,0.0,26.61,LOW,False
DST-C1,STC,2025-03-12,0.0,26.25,LOW,False
DST-C1,STC,2025-03-13,0.93,27.06,LOW,False
DST-C1,STC,2025-03-14,0.0,28.56,LOW,False
DST-C1,STC,2025-03-15,0.0,26.92,LOW,False
DST-C1,STC,2025-03-16,0.0,28.14,LOW,False
DST-C1,STC,2025-03-17,0.0,29.29,LOW,False
DST-C1,STC,2025-03-18,0.0,30.07,LOW,False
DST-C1,STC,2025-03-19,0.0,27.98,LOW,False
DST-C1,STC,2025-03-20,0.0,27.76,LOW,False
DST-C1,STC,2025-03-21,0.0,28.52,LOW,False
DST-C1,STC,2025-03-22,0.0,28.76,LOW,False
DST-C1,STC,2025-03-23,0.0,27.59,LOW,False
DST-C1,STC,2025-03-24,0.17,27.86,LOW,False
DST-C1,STC,2025-03-25,0.26,30.47,LOW,False
DST-C1,STC,2025-03-26,0.0,28.06,LOW,False
DST-C1,STC,2025-03-27,0.0,33.22,LOW,False
DST-C1,STC,2025-03-28,0.0,30.62,LOW,False
DST-C1,STC,2025-03-29,0.58,29.94,LOW,False
DST-C1,STC,2025-03-30,0.0,32.06,LOW,False
DST-C1,STC,2025-03-31,0.0,28.6,LOW,False
DST-C1,STC,2025-04-01,0.0,28.91,LOW,False
DST-C1,STC,2025-04-02,0.0,32.55,LOW,False
DST-C1,STC,2025-04-03,0.0,30.92,LOW,False
DST-C1,STC,2025-04-04,0.0,32.63,LOW,False
DST-C1,STC,2025-04-05,0.0,30.74,LOW,False
DST-C1,STC,2025-04-06,0.0,31.05,LOW,False
DST-C1,STC,2025-04-07,0.0,31.58,LOW,False
DST-C1,STC,2025-04-08,0.0,34.7,LOW,False
DST-C1,STC,2025-04-09,0.0,33.36,LOW,False
DST-C1,STC,2025-04-10,0.0,30.81,LOW,False
DST-C1,STC,2025-04-11,0.0,32.57,LOW,False
DST-C1,STC,2025-04-12,0.0,31.84,LOW,False
DST-C1,STC,2025-04-13,0.0,31.68,LOW,False
DST-C1,STC,2025-04-14,0.0,33.63,LOW,False
DST-C1,STC,2025-04-15,0.0,33.4,LOW,False
DST-C1,STC,2025-04-16,0.0,31.41,LOW,False
DST-C1,STC,2025-04-17,0.0,33.28,LOW,False
DST-C1,STC,2025-04-18,0.0,32.44,LOW,False
DST-C1,STC,2025-04-19,0.0,34.32,LOW,False
DST-C1,STC,2025-04-20,0.0,32.68,LOW,False
DST-C1,STC,2025-04-21,0.0,33.56,LOW,False
DST-C1,STC,2025-04-22,0.0,33.17,LOW,False
DST-C1,STC,2025-04-23,0.0,31.16,LOW,False
DST-C1,STC,2025-04-24,0.0,37.19,LOW,False
DST-C1,STC,2025-04-25,0.0,34.49,LOW,False
DST-C1,STC,2025-04-26,0.0,37.56,LOW,False
DST-C1,STC,2025-04-27,0.0,34.86,LOW,False
DST-C1,STC,2025-04-28,0.0,36.11,LOW,False
DST-C1,STC,2025-04-29,0.0,33.89,LOW,False
DST-C1,STC,2025-04-30,0.0,34.07,LOW,False
DST-C1,STC,2025-05-01,0.0,35.23,LOW,False
DST-C1,STC,2025-05-02,0.0,38.37,LOW,False
DST-C1,STC,2025-05-03,0.0,33.96,LOW,False
DST-C1,STC,2025-05-04,0.0,32.31,LOW,False
DST-C1,STC,2025-05-05,0.0,37.67,LOW,False
DST-C1,STC,2025-05-06,0.0,37.27,LOW,False
DST-C1,STC,2025-05-07,0.0,35.3,LOW,False
DST-C1,STC,2025-05-08,0.0,39.9,LOW,False
DST-C1,STC,2025-05-09,0.0,40.12,LOW,False
DST-C1,STC,2025-05-10,0.0,33.29,LOW,False
DST-C1,STC,2025-05-11,0.64,35.33,LOW,False
DST-C1,STC,2025-05-12,0.0,42.03,LOW,False
DST-C1,STC,2025-05-13,0.0,37.15,LOW,False
DST-C1,STC,2025-05-14,0.0,36.84,LOW,False
DST-C1,STC,2025-05-15,0.0,35.06,LOW,False
DST-C1,STC,2025-05-16,0.0,37.96,LOW,False
DST-C1,STC,2025-05-17,0.0,38.16,LOW,False
DST-C1,STC,2025-05-18,0.0,38.91,LOW,False
DST-C1,STC,2025-05-19,0.16,35.2,LOW,False
DST-C1,STC,2025-05-20,0.0,37.85,LOW,False
DST-C1,STC,2025-05-21,0.0,35.79,LOW,False
DST-C1,STC,2025-05-22,0.0,34.58,LOW,False
DST-C1,STC,2025-05-23,0.0,34.98,LOW,False
DST-C1,STC,2025-05-24,0.0,36.99,LOW,False
DST-C1,STC,2025-05-25,0.0,38.45,LOW,False
DST-C1,STC,2025-05-26,0.0,36.85,LOW,False
DST-C1,STC,2025-05-27,0.0,38.87,LOW,False
DST-C1,STC,2025-05-28,0.0,36.55,LOW,False
DST-C1,STC,2025-05-29,0.0,39.61,LOW,False
DST-C1,STC,2025-05-30,0.0,39.74,LOW,False
DST-C1,STC,2025-05-31,0.0,40.56,LOW,False
DST-C1,STC,2025-06-01,0.0,39.99,LOW,False
DST-C1,STC,2025-06-02,0.0,38.3,LOW,False
DST-C1,STC,2025-06-03,0.0,38.92,LOW,False
DST-C1,STC,2025-06-04,0.0,39.85,LOW,False
DST-C1,STC,2025-06-05,0.0,37.35,LOW,False
DST-C1,STC,2025-06-06,0.0,37.23,LOW,False
DST-C1,STC,2025-06-07,0.0,36.8,LOW,False
DST-C1,STC,2025-06-08,0.0,37.09,LOW,False
DST-C1,STC,2025-06-09,0.0,39.96,LOW,False
DST-C1,STC,2025-06-10,0.0,39.87,LOW,False
DST-C1,STC,2025-06-11,0.0,40.37,LOW,False
DST-C1,STC,2025-06-12,0.0,44.32,LOW,False
DST-C1,STC,2025-06-13,0.0,39.08,LOW,False
DST-C1,STC,2025-06-14,0.0,38.32,LOW,False
DST-C1,STC,2025-06-15,0.0,41.58,LOW,False
DST-C1,STC,2025-06-16,0.0,39.91,LOW,False
DST-C1,STC,2025-06-17,0.0,39.37,LOW,False
DST-C1,STC,2025-06-18,0.0,35.81,LOW,False
DST-C1,STC,2025-06-19,0.0,39.42,LOW,False
DST-C1,STC,2025-06-20,0.0,39.36,LOW,False
DST-C1,STC,2025-06-21,0.0,36.68,LOW,False
DST-C1,STC,2025-06-22,0.0,35.71,LOW,False
DST-C1,STC,2025-06-23,0.0,39.74,LOW,False
DST-C1,STC,2025-06-24,0.0,39.95,LOW,False
DST-C1,STC,2025-06-25,1.49,37.23,LOW,False
DST-C1,STC,2025-06-26,0.0,34.99,LOW,False
DST-C1,STC,2025-06-27,0.0,37.43,LOW,False
DST-C1,STC,2025-06-28,0.0,41.79,LOW,False
DST-C1,STC,2025-06-29,0.0,38.89,LOW,False
DST-C1,STC,2025-06-30,0.0,39.79,LOW,False
DST-C2,STC,2024-01-01,0.0,17.67,LOW,False
DST-C2,STC,2024-01-02,0.0,15.66,LOW,False
DST-C2,STC,2024-01-03,3.32,20.29,LOW,False
DST-C2,STC,2024-01-04,0.0,17.77,LOW,False
DST-C2,STC,2024-01-05,0.0,17.42,LOW,False
DST-C2,STC,2024-01-06,0.45,15.97,LOW,False
DST-C2,STC,2024-01-07,0.0,18.09,LOW,False
DST-C2,STC,2024-01-08,0.0,15.99,LOW,False
DST-C2,STC,2024-01-09,0.0,19.67,LOW,False
DST-C2,STC,2024-01-10,0.0,20.85,LOW,False
DST-C2,STC,2024-01-11,0.0,17.13,LOW,False
DST-C2,STC,2024-01-12,0.0,19.06,LOW,False
DST-C2,STC,2024-01-13,0.0,16.01,LOW,False
DST-C2,STC,2024-01-14,0.0,17.64,LOW,False
DST-C2,STC,2024-01-15,0.0,19.99,LOW,False
DST-C2,STC,2024-01-16,0.0,20.55,LOW,False
DST-C2,STC,2024-01-17,0.0,18.71,LOW,False
DST-C2,STC,2024-01-18,0.0,15.61,LOW,False
DST-C2,STC,2024-01-19,1.1,16.96,LOW,False
DST-C2,STC,2024-01-20,0.0,22.22,LOW,False
DST-C2,STC,2024-01-21,,19.64,LOW,False
DST-C2,STC,2024-01-22,0.0,19.5,LOW,False
DST-C2,STC,2024-01-23,3.52,19.47,LOW,False
DST-C2,STC,2024-01-24,0.0,17.13,LOW,False
DST-C2,STC,2024-01-25,4.16,20.77,LOW,False
DST-C2,STC,2024-01-26,0.0,19.63,LOW,False
DST-C2,STC,2024-01-27,0.0,19.63,LOW,False
DST-C2,STC,2024-01-28,2.24,19.4,LOW,False
DST-C2,STC,2024-01-29,0.0,22.26,LOW,False
DST-C2,STC,2024-01-30,0.0,19.76,LOW,False
DST-C2,STC,2024-01-31,0.0,20.48,LOW,False
DST-C2,STC,2024-02-01,0.12,18.6,LOW,False
DST-C2,STC,2024-02-02,0.0,16.74,LOW,False
DST-C2,STC,2024-02-03,0.0,19.6,LOW,False
DST-C2,STC,2024-02-04,0.0,19.61,LOW,False
DST-C2,STC,2024-02-05,0.0,24.12,LOW,False
DST-C2,STC,2024-02-06,0.0,21.34,LOW,False
DST-C2,STC,2024-02-07,0.0,19.97,LOW,False
DST-C2,STC,2024-02-08,0.0,21.12,LOW,False
DST-C2,STC,2024-02-09,0.31,22.62,LOW,False
DST-C2,STC,2024-02-10,0.0,20.3,LOW,False
DST-C2,STC,2024-02-11,0.0,23.2,LOW,False
DST-C2,STC,2024-02-12,0.0,21.18,LOW,False
DST-C2,STC,2024-02-13,0.0,23.69,LOW,False
DST-C2,STC,2024-02-14,0.0,20.87,LOW,False
DST-C2,STC,2024-02-15,0.0,22.92,LOW,False
DST-C2,STC,2024-02-16,0.0,24.47,LOW,False
DST-C2,STC,2024-02-17,0.0,22.1,LOW,False
DST-C2,STC,2024-02-18,0.0,22.26,LOW,False
DST-C2,STC,2024-02-19,0.0,20.35,LOW,False
DST-C2,STC,2024-02-20,0.0,21.94,LOW,False
DST-C2,STC,2024-02-21,0.0,23.78,LOW,False
DST-C2,STC,2024-02-22,0.0,24.22,LOW,False
DST-C2,STC,2024-02-23,0.0,24.66,LOW,False
DST-C2,STC,2024-02-24,0.0,20.62,LOW,False
DST-C2,STC,2024-02-25,,23.41,LOW,False
DST-C2,STC,2024-02-26,0.0,21.77,LOW,False
DST-C2,STC,2024-02-27,0.0,24.75,LOW,False
DST-C2,STC,2024-02-28,3.43,21.66,LOW,False
DST-C2,STC,2024-02-29,0.0,25.6,LOW,False
DST-C2,STC,2024-03-01,0.0,27.19,LOW,False
DST-C2,STC,2024-03-02,0.0,26.73,LOW,False
DST-C2,STC,2024-03-03,0.0,22.29,LOW,False
DST-C2,STC,2024-03-04,0.0,27.16,LOW,False
DST-C2,STC,2024-03-05,0.0,23.44,LOW,False
DST-C2,STC,2024-03-06,0.0,23.64,LOW,False
DST-C2,STC,2024-03-07,0.0,25.92,LOW,False
DST-C2,STC,2024-03-08,0.0,25.05,LOW,False
DST-C2,STC,2024-03-09,0.0,26.54,LOW,False
DST-C2,STC,2024-03-10,0.0,30.67,LOW,False
DST-C2,STC,2024-03-11,0.0,27.31,LOW,False
DST-C2,STC,2024-03-12,0.0,28.77,LOW,False
DST-C2,STC,2024-03-13,0.0,25.91,LOW,False
DST-C2,STC,2024-03-14,,27.17,LOW,False
DST-C2,STC,2024-03-15,0.0,28.37,LOW,False
DST-C2,STC,2024-03-16,0.0,25.3,LOW,False
DST-C2,STC,2024-03-17,0.0,27.78,LOW,False
DST-C2,STC,2024-03-18,0.0,26.79,LOW,False
DST-C2,STC,2024-03-19,0.0,28.2,LOW,False
DST-C2,STC,2024-03-20,0.0,28.73,LOW,False
DST-C2,STC,2024-03-21,0.0,27.07,LOW,False
DST-C2,STC,2024-03-22,0.0,26.97,LOW,False
DST-C2,STC,2024-03-23,0.0,30.04,LOW,False
DST-C2,STC,2024-03-24,0.0,31.49,LOW,False
DST-C2,STC,2024-03-25,0.0,31.0,LOW,False
DST-C2,STC,2024-03-26,0.0,29.28,LOW,False
DST-C2,STC,2024-03-27,0.0,29.5,LOW,False
DST-C2,STC,2024-03-28,0.0,30.81,LOW,False
DST-C2,STC,2024-03-29,0.0,32.78,LOW,False
DST-C2,STC,2024-03-30,0.0,31.97,LOW,False
DST-C2,STC,2024-03-31,0.0,29.63,LOW,False
DST-C2,STC,2024-04-01,0.66,29.98,LOW,False
DST-C2,STC,2024-04-02,0.0,29.26,LOW,False
DST-C2,STC,2024-04-03,0.0,32.63,LOW,False
DST-C2,STC,2024-04-04,0.0,32.42,LOW,False
DST-C2,STC,2024-04-05,0.0,31.42,LOW,False
DST-C2,STC,2024-04-06,0.0,33.02,LOW,False
DST-C2,STC,2024-04-07,0.55,35.18,LOW,False
DST-C2,STC,2024-04-08,0.0,30.61,LOW,False
DST-C2,STC,2024-04-09,3.36,27.85,LOW,False
DST-C2,STC,2024-04-10,0.0,33.67,LOW,False
DST-C2,STC,2024-04-11,0.0,31.35,LOW,False
DST-C2,STC,2024-04-12,0.0,33.9,LOW,False
DST-C2,STC,2024-04-13,0.24,31.88,LOW,False
DST-C2,STC,2024-04-14,0.0,31.59,LOW,False
DST-C2,STC,2024-04-15,0.77,31.39,LOW,False
DST-C2,STC,2024-04-16,0.0,33.56,LOW,False
DST-C2,STC,2024-04-17,0.0,34.14,LOW,False
DST-C2,STC,2024-04-18,0.0,30.8,LOW,False
DST-C2,STC,2024-04-19,0.0,33.0,LOW,False
DST-C2,STC,2024-04-20,0.0,34.02,LOW,False
DST-C2,STC,2024-04-21,0.0,35.5,LOW,False
DST-C2,STC,2024-04-22,0.0,35.41,LOW,False
DST-C2,STC,2024-04-23,0.0,32.89,LOW,False
DST-C2,STC,2024-04-24,0.0,34.2,LOW,False
DST-C2,STC,2024-04-25,1.08,35.45,LOW,False
DST-C2,STC,2024-04-26,0.0,34.71,LOW,False
DST-C2,STC,2024-04-27,0.0,36.01,LOW,False
DST-C2,STC,2024-04-28,0.0,35.35,LOW,False
DST-C2,STC,2024-04-29,0.0,33.11,LOW,False
DST-C2,STC,2024-04-30,0.0,31.35,LOW,False
DST-C2,STC,2024-05-01,0.0,33.27,LOW,False
DST-C2,STC,2024-05-02,0.0,36.25,LOW,False
DST-C2,STC,2024-05-03,0.0,33.55,LOW,False
DST-C2,STC,2024-05-04,0.0,38.84,LOW,False
DST-C2,STC,2024-05-05,0.0,37.74,LOW,False
DST-C2,STC,2024-05-06,0.0,34.27,LOW,False
DST-C2,STC,2024-05-07,0.2,35.91,LOW,False
DST-C2,STC,2024-05-08,0.0,36.0,LOW,False
DST-C2,STC,2024-05-09,0.0,36.87,LOW,False
DST-C2,STC,2024-05-10,0.0,,LOW,False
DST-C2,STC,2024-05-11,0.0,39.56,LOW,False
DST-C2,STC,2024-05-12,0.0,37.55,LOW,False
DST-C2,STC,2024-05-13,0.0,35.45,LOW,False
DST-C2,STC,2024-05-14,1.73,39.36,LOW,False
DST-C2,STC,2024-05-15,0.0,37.39,LOW,False
DST-C2,STC,2024-05-16,0.0,36.51,LOW,False
DST-C2,STC,2024-05-17,0.0,,LOW,False
DST-C2,STC,2024-05-18,0.0,37.16,LOW,False
DST-C2,STC,2024-05-19,0.0,36.54,LOW,False
DST-C2,STC,2024-05-20,0.0,39.32,LOW,False
DST-C2,STC,2024-05-21,0.0,38.43,LOW,False
DST-C2,STC,2024-05-22,,35.73,LOW,False
DST-C2,STC,2024-05-23,,37.98,LOW,False
DST-C2,STC,2024-05-24,0.0,37.43,LOW,False
DST-C2,STC,2024-05-25,0.0,37.95,LOW,False
DST-C2,STC,2024-05-26,0.0,39.58,LOW,False
DST-C2,STC,2024-05-27,0.0,38.79,LOW,False
DST-C2,STC,2024-05-28,0.0,37.68,LOW,False
DST-C2,STC,2024-05-29,0.0,38.59,LOW,False
DST-C2,STC,2024-05-30,0.0,41.16,LOW,False
DST-C2,STC,2024-05-31,0.0,39.31,LOW,False
DST-C2,STC,2024-06-01,0.0,38.05,LOW,False
DST-C2,STC,2024-06-02,0.0,37.87,LOW,False
DST-C2,STC,2024-06-03,0.0,38.71,LOW,False
DST-C2,STC,2024-06-04,0.0,39.99,LOW,False
DST-C2,STC,2024-06-05,0.0,37.13,LOW,False
DST-C2,STC,2024-06-06,2.77,39.78,LOW,False
DST-C2,STC,2024-06-07,0.0,38.23,LOW,False
DST-C2,STC,2024-06-08,0.0,39.29,LOW,False
DST-C2,STC,2024-06-09,0.0,38.8,LOW,False
DST-C2,STC,2024-06-10,0.06,35.43,LOW,False
DST-C2,STC,2024-06-11,0.0,39.21,LOW,False
DST-C2,STC,2024-06-12,0.0,40.25,LOW,False
DST-C2,STC,2024-06-13,0.0,39.71,LOW,False
DST-C2,STC,2024-06-14,,34.91,LOW,False
DST-C2,STC,2024-06-15,0.0,33.51,LOW,False
DST-C2,STC,2024-06-16,0.0,38.48,LOW,False
DST-C2,STC,2024-06-17,0.0,39.29,LOW,False
DST-C2,STC,2024-06-18,0.0,39.13,LOW,False
DST-C2,STC,2024-06-19,0.0,37.72,LOW,False
DST-C2,STC,2024-06-20,0.0,39.69,LOW,False
DST-C2,STC,2024-06-21,0.0,40.46,LOW,False
DST-C2,STC,2024-06-22,0.0,35.68,LOW,False
DST-C2,STC,2024-06-23,0.0,35.51,LOW,False
DST-C2,STC,2024-06-24,0.0,39.06,LOW,False
DST-C2,STC,2024-06-25,0.0,39.71,LOW,False
DST-C2,STC,2024-06-26,0.0,37.29,LOW,False
DST-C2,STC,2024-06-27,0.0,34.73,LOW,False
DST-C2,STC,2024-06-28,0.0,38.21,LOW,False
DST-C2,STC,2024-06-29,0.0,38.83,LOW,False
DST-C2,STC,2024-06-30,0.0,37.63,LOW,False
DST-C2,STC,2024-07-01,0.0,39.85,LOW,False
DST-C2,STC,2024-07-02,0.0,38.57,LOW,False
DST-C2,STC,2024-07-03,0.0,36.77,LOW,False
DST-C2,STC,2024-07-04,0.67,36.88,LOW,False
DST-C2,STC,2024-07-05,0.0,37.22,LOW,False
DST-C2,STC,2024-07-06,0.0,34.78,LOW,False
DST-C2,STC,2024-07-07,1.1,38.09,LOW,False
DST-C2,STC,2024-07-08,0.0,41.01,LOW,False
DST-C2,STC,2024-07-09,0.0,35.95,LOW,False
DST-C2,STC,2024-07-10,1.11,34.32,LOW,False
DST-C2,STC,2024-07-11,0.0,38.44,LOW,False
DST-C2,STC,2024-07-12,0.0,40.54,LOW,False
DST-C2,STC,2024-07-13,0.0,36.7,LOW,False
DST-C2,STC,2024-07-14,1.41,38.28,LOW,False
DST-C2,STC,2024-07-15,6.18,36.29,LOW,False
DST-C2,STC,2024-07-16,0.0,36.4,LOW,False
DST-C2,STC,2024-07-17,4.15,37.88,LOW,False
DST-C2,STC,2024-07-18,0.0,37.11,LOW,False
DST-C2,STC,2024-07-19,0.0,37.37,LOW,False
DST-C2,STC,2024-07-20,0.51,35.06,LOW,False
DST-C2,STC,2024-07-21,0.0,37.07,LOW,False
DST-C2,STC,2024-07-22,4.61,33.55,LOW,False
DST-C2,STC,2024-07-23,0.0,35.32,LOW,False
DST-C2,STC,2024-07-24,0.0,36.88,LOW,False
DST-C2,STC,2024-07-25,13.75,37.35,LOW,False
DST-C2,STC,2024-07-26,0.0,36.06,LOW,False
DST-C2,STC,2024-07-27,0.0,32.59,LOW,False
DST-C2,STC,2024-07-28,0.0,37.6,LOW,False
DST-C2,STC,2024-07-29,3.4,31.52,LOW,False
DST-C2,STC,2024-07-30,5.13,35.35,LOW,False
DST-C2,STC,2024-07-31,6.43,35.95,LOW,False
DST-C2,STC,2024-08-01,18.81,37.04,LOW,False
DST-C2,STC,2024-08-02,0.2,35.91,LOW,False
DST-C2,STC,2024-08-03,0.0,36.28,LOW,False
DST-C2,STC,2024-08-04,1.72,31.87,LOW,False
DST-C2,STC,2024-08-05,0.0,35.13,LOW,False
DST-C2,STC,2024-08-06,0.0,36.29,LOW,False
DST-C2,STC,2024-08-07,0.0,32.56,LOW,False
DST-C2,STC,2024-08-08,2.46,32.45,LOW,False
DST-C2,STC,2024-08-09,0.0,27.69,LOW,False
DST-C2,STC,2024-08-10,14.74,,LOW,False
DST-C2,STC,2024-08-11,15.53,32.89,LOW,False
DST-C2,STC,2024-08-12,0.0,36.33,LOW,False
DST-C2,STC,2024-08-13,0.0,33.46,LOW,False
DST-C2,STC,2024-08-14,73.34,34.08,MODERATE,False
DST-C2,STC,2024-08-15,13.36,34.87,LOW,False
DST-C2,STC,2024-08-16,2.17,32.91,LOW,False
DST-C2,STC,2024-08-17,0.0,31.45,LOW,False
DST-C2,STC,2024-08-18,8.48,29.6,LOW,False
DST-C2,STC,2024-08-19,0.0,32.09,LOW,False
DST-C2,STC,2024-08-20,0.0,32.99,LOW,False
DST-C2,STC,2024-08-21,0.0,30.54,LOW,False
DST-C2,STC,2024-08-22,0.0,33.7,LOW,False
DST-C2,STC,2024-08-23,0.0,30.7,LOW,False
DST-C2,STC,2024-08-24,2.63,29.53,LOW,False
DST-C2,STC,2024-08-25,0.0,30.69,LOW,False
DST-C2,STC,2024-08-26,28.17,29.57,LOW,False
DST-C2,STC,2024-08-27,0.0,28.27,LOW,False
DST-C2,STC,2024-08-28,14.87,32.62,LOW,False
DST-C2,STC,2024-08-29,0.34,28.69,LOW,False
DST-C2,STC,2024-08-30,6.75,28.42,LOW,False
DST-C2,STC,2024-08-31,0.0,31.08,LOW,False
DST-C2,STC,2024-09-01,9.91,31.26,LOW,False
DST-C2,STC,2024-09-02,0.0,29.2,LOW,False
DST-C2,STC,2024-09-03,0.0,30.11,LOW,False
DST-C2,STC,2024-09-04,0.85,26.92,LOW,False
DST-C2,STC,2024-09-05,2.54,25.72,LOW,False
DST-C2,STC,2024-09-06,0.0,33.49,LOW,False
DST-C2,STC,2024-09-07,0.0,27.78,LOW,False
DST-C2,STC,2024-09-08,79.64,28.94,MODERATE,False
DST-C2,STC,2024-09-09,,26.91,LOW,False
DST-C2,STC,2024-09-10,0.0,24.62,LOW,False
DST-C2,STC,2024-09-11,0.0,26.61,LOW,False
DST-C2,STC,2024-09-12,3.64,25.24,LOW,False
DST-C2,STC,2024-09-13,0.0,27.6,LOW,False
DST-C2,STC,2024-09-14,7.22,30.02,LOW,False
DST-C2,STC,2024-09-15,2.46,29.84,LOW,False
DST-C2,STC,2024-09-16,0.0,28.87,LOW,False
DST-C2,STC,2024-09-17,0.0,28.03,LOW,False
DST-C2,STC,2024-09-18,0.0,25.16,LOW,False
DST-C2,STC,2024-09-19,9.55,27.89,LOW,False
DST-C2,STC,2024-09-20,0.0,28.66,LOW,False
DST-C2,STC,2024-09-21,,28.28,LOW,False
DST-C2,STC,2024-09-22,19.69,26.79,LOW,False
DST-C2,STC,2024-09-23,0.0,25.22,LOW,False
DST-C2,STC,2024-09-24,0.0,26.38,LOW,False
DST-C2,STC,2024-09-25,0.0,25.68,LOW,False
DST-C2,STC,2024-09-26,0.0,25.5,LOW,False
DST-C2,STC,2024-09-27,2.07,22.69,LOW,False
DST-C2,STC,2024-09-28,0.0,23.64,LOW,False
DST-C2,STC,2024-09-29,0.0,26.71,LOW,False
DST-C2,STC,2024-09-30,0.0,23.79,LOW,False
DST-C2,STC,2024-10-01,0.0,24.15,LOW,False
DST-C2,STC,2024-10-02,,26.88,LOW,False
DST-C2,STC,2024-10-03,0.0,27.46,LOW,False
DST-C2,STC,2024-10-04,0.0,23.3,LOW,False
DST-C2,STC,2024-10-05,0.0,26.62,LOW,False
DST-C2,STC,2024-10-06,0.0,22.92,LOW,False
DST-C2,STC,2024-10-07,0.0,23.24,LOW,False
DST-C2,STC,2024-10-08,0.0,24.06,LOW,False
DST-C2,STC,2024-10-09,0.0,23.63,LOW,False
DST-C2,STC,2024-10-10,0.0,22.77,LOW,False
DST-C2,STC,2024-10-11,0.0,22.22,LOW,False
DST-C2,STC,2024-10-12,0.0,25.43,LOW,False
DST-C2,STC,2024-10-13,0.0,22.27,LOW,False
DST-C2,STC,2024-10-14,0.0,23.3,LOW,False
DST-C2,STC,2024-10-15,0.11,24.77,LOW,False
DST-C2,STC,2024-10-16,0.0,21.41,LOW,False
DST-C2,STC,2024-10-17,0.0,22.09,LOW,False
DST-C2,STC,2024-10-18,0.0,21.62,LOW,False
DST-C2,STC,2024-10-19,0.0,20.68,LOW,False
DST-C2,STC,2024-10-20,0.0,24.13,LOW,False
DST-C2,STC,2024-10-21,0.0,18.74,LOW,False
DST-C2,STC,2024-10-22,0.0,19.03,LOW,False
DST-C2,STC,2024-10-23,0.02,22.22,LOW,False
DST-C2,STC,2024-10-24,0.0,21.41,LOW,False
DST-C2,STC,2024-10-25,0.0,19.88,LOW,False
DST-C2,STC,2024-10-26,1.84,17.32,LOW,False
DST-C2,STC,2024-10-27,0.2,21.41,LOW,False
DST-C2,STC,2024-10-28,0.0,16.58,LOW,False
DST-C2,STC,2024-10-29,0.0,20.95,LOW,False
DST-C2,STC,2024-10-30,0.0,21.83,LOW,False
DST-C2,STC,2024-10-31,0.04,21.01,LOW,False
DST-C2,STC,2024-11-01,0.0,25.14,LOW,False
DST-C2,STC,2024-11-02,0.0,20.49,LOW,False
DST-C2,STC,2024-11-03,0.0,18.01,LOW,False
DST-C2,STC,2024-11-04,0.0,18.62,LOW,False
DST-C2,STC,2024-11-05,0.0,17.24,LOW,False
DST-C2,STC,2024-11-06,0.0,16.15,LOW,False
DST-C2,STC,2024-11-07,0.0,17.91,LOW,False
DST-C2,STC,2024-11-08,0.0,21.41,LOW,False
DST-C2,STC,2024-11-09,0.0,21.86,LOW,False
DST-C2,STC,2024-11-10,0.0,16.89,LOW,False
DST-C2,STC,2024-11-11,0.0,18.44,LOW,False
DST-C2,STC,2024-11-12,0.0,18.91,LOW,False
DST-C2,STC,2024-11-13,0.0,17.66,LOW,False
DST-C2,STC,2024-11-14,0.11,20.28,LOW,False
DST-C2,STC,2024-11-15,0.0,16.82,LOW,False
DST-C2,STC,2024-11-16,0.99,15.22,LOW,False
DST-C2,STC,2024-11-17,0.0,17.29,LOW,False
DST-C2,STC,2024-11-18,0.0,13.12,LOW,False
DST-C2,STC,2024-11-19,0.0,17.21,LOW,False
DST-C2,STC,2024-11-20,0.0,17.75,LOW,False
DST-C2,STC,2024-11-21,0.0,13.52,LOW,False
DST-C2,STC,2024-11-22,0.0,17.71,LOW,False
DST-C2,STC,2024-11-23,0.0,15.47,LOW,False
DST-C2,STC,2024-11-24,,17.54,LOW,False
DST-C2,STC,2024-11-25,0.0,17.44,LOW,False
DST-C2,STC,2024-11-26,0.0,17.42,LOW,False
DST-C2,STC,2024-11-27,0.0,18.52,LOW,False
DST-C2,STC,2024-11-28,0.0,11.54,LOW,False
DST-C2,STC,2024-11-29,0.0,15.05,LOW,False
DST-C2,STC,2024-11-30,0.0,16.48,LOW,False
DST-C2,STC,2024-12-01,0.0,13.82,LOW,False
DST-C2,STC,2024-12-02,3.47,18.11,LOW,False
DST-C2,STC,2024-12-03,0.0,14.93,LOW,False
DST-C2,STC,2024-12-04,0.0,13.94,LOW,False
DST-C2,STC,2024-12-05,0.0,16.33,LOW,False
DST-C2,STC,2024-12-06,0.0,13.53,LOW,False
DST-C2,STC,2024-12-07,0.0,14.23,LOW,False
DST-C2,STC,2024-12-08,0.0,14.15,LOW,False
DST-C2,STC,2024-12-09,0.0,16.7,LOW,False
DST-C2,STC,2024-12-10,0.0,18.06,LOW,False
DST-C2,STC,2024-12-11,0.0,17.14,LOW,False
DST-C2,STC,2024-12-12,0.0,19.1,LOW,False
DST-C2,STC,2024-12-13,0.0,15.96,LOW,False
DST-C2,STC,2024-12-14,0.0,15.95,LOW,False
DST-C2,STC,2024-12-15,0.0,15.05,LOW,False
DST-C2,STC,2024-12-16,0.0,20.35,LOW,False
DST-C2,STC,2024-12-17,0.0,14.1,LOW,False
DST-C2,STC,2024-12-18,0.0,17.92,LOW,False
DST-C2,STC,2024-12-19,0.0,18.12,LOW,False
DST-C2,STC,2024-12-20,0.0,18.05,LOW,False
DST-C2,STC,2024-12-21,0.0,15.26,LOW,False
DST-C2,STC,2024-12-22,0.0,14.45,LOW,False
DST-C2,STC,2024-12-23,0.0,16.46,LOW,False
DST-C2,STC,2024-12-24,0.0,17.78,LOW,False
DST-C2,STC,2024-12-25,0.0,15.73,LOW,False
DST-C2,STC,2024-12-26,0.0,16.31,LOW,False
DST-C2,STC,2024-12-27,0.0,15.84,LOW,False
DST-C2,STC,2024-12-28,0.0,17.1,LOW,False
DST-C2,STC,2024-12-29,0.0,17.03,LOW,False
DST-C2,STC,2024-12-30,0.0,19.87,LOW,False
DST-C2,STC,2024-12-31,0.0,18.13,LOW,False
DST-C2,STC,2025-01-01,0.0,14.91,LOW,False
DST-C2,STC,2025-01-02,0.0,15.09,LOW,False
DST-C2,STC,2025-01-03,0.0,18.53,LOW,False
DST-C2,STC,2025-01-04,0.0,17.31,LOW,False
DST-C2,STC,2025-01-05,0.0,20.93,LOW,False
DST-C2,STC,2025-01-06,0.0,20.99,LOW,False
DST-C2,STC,2025-01-07,0.0,15.91,LOW,False
DST-C2,STC,2025-01-08,0.0,18.1,LOW,False
DST-C2,STC,2025-01-09,0.77,15.6,LOW,False
DST-C2,STC,2025-01-10,0.0,18.89,LOW,False
DST-C2,STC,2025-01-11,0.0,16.46,LOW,False
DST-C2,STC,2025-01-12,1.75,15.46,LOW,False
DST-C2,STC,2025-01-13,0.0,18.71,LOW,False
DST-C2,STC,2025-01-14,0.0,19.75,LOW,False
DST-C2,STC,2025-01-15,0.0,19.85,LOW,False
DST-C2,STC,2025-01-16,0.0,17.57,LOW,False
DST-C2,STC,2025-01-17,0.0,17.25,LOW,False
DST-C2,STC,2025-01-18,0.0,18.91,LOW,False
DST-C2,STC,2025-01-19,0.0,18.0,LOW,False
DST-C2,STC,2025-01-20,0.0,20.93,LOW,False
DST-C2,STC,2025-01-21,0.0,,LOW,False
DST-C2,STC,2025-01-22,0.0,19.07,LOW,False
DST-C2,STC,2025-01-23,0.0,19.71,LOW,False
DST-C2,STC,2025-01-24,0.0,16.68,LOW,False
DST-C2,STC,2025-01-25,0.4,18.29,LOW,False
DST-C2,STC,2025-01-26,0.0,21.09,LOW,False
DST-C2,STC,2025-01-27,0.9,18.94,LOW,False
DST-C2,STC,2025-01-28,0.0,20.95,LOW,False
DST-C2,STC,2025-01-29,0.0,21.99,LOW,False
DST-C2,STC,2025-01-30,0.0,19.55,LOW,False
DST-C2,STC,2025-01-31,0.0,21.55,LOW,False
DST-C2,STC,2025-02-01,0.0,21.41,LOW,False
DST-C2,STC,2025-02-02,0.0,18.32,LOW,False
DST-C2,STC,2025-02-03,0.0,20.12,LOW,False
DST-C2,STC,2025-02-04,0.0,23.53,LOW,False
DST-C2,STC,2025-02-05,0.0,24.19,LOW,False
DST-C2,STC,2025-02-06,0.0,22.53,LOW,False
DST-C2,STC,2025-02-07,0.0,20.04,LOW,False
DST-C2,STC,2025-02-08,0.0,17.41,LOW,False
DST-C2,STC,2025-02-09,0.0,20.12,LOW,False
DST-C2,STC,2025-02-10,0.0,19.3,LOW,False
DST-C2,STC,2025-02-11,0.0,24.76,LOW,False
DST-C2,STC,2025-02-12,0.0,18.76,LOW,False
DST-C2,STC,2025-02-13,0.0,20.05,LOW,False
DST-C2,STC,2025-02-14,0.0,22.59,LOW,False
DST-C2,STC,2025-02-15,0.0,22.37,LOW,False
DST-C2,STC,2025-02-16,0.0,25.31,LOW,False
DST-C2,STC,2025-02-17,0.0,23.78,LOW,False
DST-C2,STC,2025-02-18,0.0,22.62,LOW,False
DST-C2,STC,2025-02-19,0.0,25.3,LOW,False
DST-C2,STC,2025-02-20,0.0,22.52,LOW,False
DST-C2,STC,2025-02-21,0.0,26.34,LOW,False
DST-C2,STC,2025-02-22,0.0,22.05,LOW,False
DST-C2,STC,2025-02-23,0.0,18.92,LOW,False
DST-C2,STC,2025-02-24,0.0,23.86,LOW,False
DST-C2,STC,2025-02-25,0.0,20.47,LOW,False
DST-C2,STC,2025-02-26,0.0,25.97,LOW,False
DST-C2,STC,2025-02-27,0.0,24.74,LOW,False
DST-C2,STC,2025-02-28,0.0,27.6,LOW,False
DST-C2,STC,2025-03-01,0.0,24.38,LOW,False
DST-C2,STC,2025-03-02,0.0,22.49,LOW,False
DST-C2,STC,2025-03-03,0.0,26.02,LOW,False
DST-C2,STC,2025-03-04,0.0,24.43,LOW,False
DST-C2,STC,2025-03-05,0.0,26.96,LOW,False
DST-C2,STC,2025-03-06,0.0,24.27,LOW,False
DST-C2,STC,2025-03-07,0.0,28.49,LOW,False
DST-C2,STC,2025-03-08,0.0,26.25,LOW,False
DST-C2,STC,2025-03-09,0.0,26.07,LOW,False
DST-C2,STC,2025-03-10,0.0,28.91,LOW,False
DST-C2,STC,2025-03-11,0.0,28.4,LOW,False
DST-C2,STC,2025-03-12,0.0,25.62,LOW,False
DST-C2,STC,2025-03-13,0.0,28.72,LOW,False
DST-C2,STC,2025-03-14,0.0,28.49,LOW,False
DST-C2,STC,2025-03-15,0.0,27.3,LOW,False
DST-C2,STC,2025-03-16,0.0,29.13,LOW,False
DST-C2,STC,2025-03-17,0.0,30.36,LOW,False
DST-C2,STC,2025-03-18,0.0,27.92,LOW,False
DST-C2,STC,2025-03-19,0.0,28.11,LOW,False
DST-C2,STC,2025-03-20,0.0,28.2,LOW,False
DST-C2,STC,2025-03-21,0.0,27.25,LOW,False
DST-C2,STC,2025-03-22,0.0,28.65,LOW,False
DST-C2,STC,2025-03-23,0.0,28.64,LOW,False
DST-C2,STC,2025-03-24,0.0,28.73,LOW,False
DST-C2,STC,2025-03-25,0.0,28.89,LOW,False
DST-C2,STC,2025-03-26,0.0,27.52,LOW,False
DST-C2,STC,2025-03-27,0.71,31.61,LOW,False
DST-C2,STC,2025-03-28,0.0,31.96,LOW,False
DST-C2,STC,2025-03-29,0.0,32.2,LOW,False
DST-C2,STC,2025-03-30,0.0,29.23,LOW,False
DST-C2,STC,2025-03-31,0.0,30.74,LOW,False
DST-C2,STC,2025-04-01,0.0,31.78,LOW,False
DST-C2,STC,2025-04-02,0.0,29.64,LOW,False
DST-C2,STC,2025-04-03,0.0,32.52,LOW,False
DST-C2,STC,2025-04-04,0.0,31.05,LOW,False
DST-C2,STC,2025-04-05,0.0,29.44,LOW,False
DST-C2,STC,2025-04-06,0.0,32.25,LOW,False
DST-C2,STC,2025-04-07,0.7,30.4,LOW,False
DST-C2,STC,2025-04-08,0.0,32.51,LOW,False
DST-C2,STC,2025-04-09,0.0,31.77,LOW,False
DST-C2,STC,2025-04-10,0.0,32.76,LOW,False
DST-C2,STC,2025-04-11,0.0,33.22,LOW,False
DST-C2,STC,2025-04-12,0.0,32.21,LOW,False
DST-C2,STC,2025-04-13,0.0,33.93,LOW,False
DST-C2,STC,2025-04-14,0.0,34.52,LOW,False
DST-C2,STC,2025-04-15,0.0,33.94,LOW,False
DST-C2,STC,2025-04-16,0.0,34.21,LOW,False
DST-C2,STC,2025-04-17,0.0,33.76,LOW,False
DST-C2,STC,2025-04-18,0.0,35.63,LOW,False
DST-C2,STC,2025-04-19,0.0,33.71,LOW,False
DST-C2,STC,2025-04-20,0.0,32.75,LOW,False
DST-C2,STC,2025-04-21,0.0,34.07,LOW,False
DST-C2,STC,2025-04-22,0.0,31.98,LOW,False
DST-C2,STC,2025-04-23,0.0,31.94,LOW,False
DST-C2,STC,2025-04-24,0.0,36.1,LOW,False
DST-C2,STC,2025-04-25,0.0,37.31,LOW,False
DST-C2,STC,2025-04-26,0.0,34.2,LOW,False
DST-C2,STC,2025-04-27,0.0,36.56,LOW,False
DST-C2,STC,2025-04-28,0.0,32.0,LOW,False
DST-C2,STC,2025-04-29,0.0,31.88,LOW,False
DST-C2,STC,2025-04-30,0.0,37.47,LOW,False
DST-C2,STC,2025-05-01,0.0,36.34,LOW,False
DST-C2,STC,2025-05-02,0.0,35.6,LOW,False
DST-C2,STC,2025-05-03,0.0,38.75,LOW,False
DST-C2,STC,2025-05-04,0.0,35.6,LOW,False
DST-C2,STC,2025-05-05,0.0,34.18,LOW,False
DST-C2,STC,2025-05-06,0.0,33.49,LOW,False
DST-C2,STC,2025-05-07,0.0,36.26,LOW,False
DST-C2,STC,2025-05-08,,36.7,LOW,False
DST-C2,STC,2025-05-09,0.0,36.09,LOW,False
DST-C2,STC,2025-05-10,0.0,38.25,LOW,False
DST-C2,STC,2025-05-11,0.86,39.12,LOW,False
DST-C2,STC,2025-05-12,0.0,33.43,LOW,False
DST-C2,STC,2025-05-13,0.0,33.44,LOW,False
DST-C2,STC,2025-05-14,0.0,34.39,LOW,False
DST-C2,STC,2025-05-15,0.0,37.0,LOW,False
DST-C2,STC,2025-05-16,0.0,35.52,LOW,False
DST-C2,STC,2025-05-17,0.0,35.68,LOW,False
DST-C2,STC,2025-05-18,0.0,39.36,LOW,False
DST-C2,STC,2025-05-19,0.0,36.89,LOW,False
DST-C2,STC,2025-05-20,0.0,37.41,LOW,False
DST-C2,STC,2025-05-21,0.0,36.0,LOW,False
DST-C2,STC,2025-05-22,0.0,36.51,LOW,False
DST-C2,STC,2025-05-23,0.0,37.29,LOW,False
DST-C2,STC,2025-05-24,1.31,39.02,LOW,False
DST-C2,STC,2025-05-25,0.0,39.71,LOW,False
DST-C2,STC,2025-05-26,1.29,38.46,LOW,False
DST-C2,STC,2025-05-27,0.0,36.96,LOW,False
DST-C2,STC,2025-05-28,0.0,41.04,LOW,False
DST-C2,STC,2025-05-29,0.0,36.32,LOW,False
DST-C2,STC,2025-05-30,0.0,39.19,LOW,False
DST-C2,STC,2025-05-31,0.0,37.31,LOW,False
DST-C2,STC,2025-06-01,0.0,36.98,LOW,False
DST-C2,STC,2025-06-02,0.0,35.02,LOW,False
DST-C2,STC,2025-06-03,0.0,38.84,LOW,False
DST-C2,STC,2025-06-04,0.93,37.59,LOW,False
DST-C2,STC,2025-06-05,0.0,36.22,LOW,False
DST-C2,STC,2025-06-06,0.0,42.09,LOW,False
DST-C2,STC,2025-06-07,0.73,35.68,LOW,False
DST-C2,STC,2025-06-08,0.0,38.29,LOW,False
DST-C2,STC,2025-06-09,0.0,39.13,LOW,False
DST-C2,STC,2025-06-10,0.0,41.9,LOW,False
DST-C2,STC,2025-06-11,0.0,40.57,LOW,False
DST-C2,STC,2025-06-12,0.0,36.63,LOW,False
DST-C2,STC,2025-06-13,0.0,40.44,LOW,False
DST-C2,STC,2025-06-14,0.0,38.54,LOW,False
DST-C2,STC,2025-06-15,0.0,38.17,LOW,False
DST-C2,STC,2025-06-16,0.0,37.72,LOW,False
DST-C2,STC,2025-06-17,0.0,36.46,LOW,False
DST-C2,STC,2025-06-18,0.0,41.65,LOW,False
DST-C2,STC,2025-06-19,0.0,36.67,LOW,False
DST-C2,STC,2025-06-20,0.0,35.59,LOW,False
DST-C2,STC,2025-06-21,0.0,40.9,LOW,False
DST-C2,STC,2025-06-22,0.0,41.83,LOW,False
DST-C2,STC,2025-06-23,0.0,38.34,LOW,False
DST-C2,STC,2025-06-24,0.0,33.57,LOW,False
DST-C2,STC,2025-06-25,0.0,38.26,LOW,False
DST-C2,STC,2025-06-26,0.0,40.05,LOW,False
DST-C2,STC,2025-06-27,0.0,40.51,LOW,False
DST-C2,STC,2025-06-28,0.0,36.61,LOW,False
DST-C2,STC,2025-06-29,0.0,37.83,LOW,False
DST-C2,STC,2025-06-30,0.0,38.76,LOW,False
