phc_code,record_date,mo_on_duty,nurse_on_duty,anm_on_duty,absenteeism_rate
PHC-DST-A1-01,2024-01-01,1,3,4,0.0599
PHC-DST-A1-01,2024-01-02,1,3,4,0.0446
PHC-DST-A1-01,2024-01-03,1,3,4,0.0649
PHC-DST-A1-01,2024-01-04,1,3,4,0.0597
PHC-DST-A1-01,2024-01-05,1,3,4,0.0711
PHC-DST-A1-01,2024-01-06,1,3,4,0.0713
PHC-DST-A1-01,2024-01-07,1,2,2,0.4496
PHC-DST-A1-01,2024-01-08,1,3,4,0.0594
PHC-DST-A1-01,2024-01-09,1,3,4,0.0401
PHC-DST-A1-01,2024-01-10,1,3,4,0.0793
PHC-DST-A1-01,2024-01-11,1,3,4,0.0457
PHC-DST-A1-01,2024-01-12,1,3,4,0.0795
PHC-DST-A1-01,2024-01-13,1,3,4,0.0746
PHC-DST-A1-01,2024-01-14,1,2,2,0.45
PHC-DST-A1-01,2024-01-15,1,3,4,0.0555
PHC-DST-A1-01,2024-01-16,1,3,4,0.0615
PHC-DST-A1-01,2024-01-17,1,3,4,0.0523
PHC-DST-A1-01,2024-01-18,1,3,4,0.0713
PHC-DST-A1-01,2024-01-19,1,3,4,0.0584
PHC-DST-A1-01,2024-01-20,1,3,4,0.0682
PHC-DST-A1-01,2024-01-21,1,2,2,0.4775
PHC-DST-A1-01,2024-01-22,1,3,4,0.0564
PHC-DST-A1-01,2024-01-23,1,3,4,0.0529
PHC-DST-A1-01,2024-01-24,1,3,4,0.0422
PHC-DST-A1-01,2024-01-25,1,3,4,0.042
PHC-DST-A1-01,2024-01-26,1,3,4,0.0777
PHC-DST-A1-01,2024-01-27,1,3,4,0.0797
PHC-DST-A1-01,2024-01-28,1,2,2,0.4615
PHC-DST-A1-01,2024-01-29,1,3,4,0.0464
PHC-DST-A1-01,2024-01-30,1,3,4,0.0787
PHC-DST-A1-01,2024-01-31,1,3,4,0.0438
PHC-DST-A1-01,2024-02-01,1,3,4,0.0749
PHC-DST-A1-01,2024-02-02,1,3,4,0.0426
PHC-DST-A1-01,2024-02-03,1,3,4,0.0642
PHC-DST-A1-01,2024-02-04,1,2,2,0.4417
PHC-DST-A1-01,2024-02-05,1,3,4,0.0572
PHC-DST-A1-01,2024-02-06,1,3,4,0.0697
PHC-DST-A1-01,2024-02-07,1,3,4,0.0792
PHC-DST-A1-01,2024-02-08,1,3,4,0.0405
PHC-DST-A1-01,2024-02-09,1,3,4,0.0569
PHC-DST-A1-01,2024-02-10,1,3,4,0.0421
PHC-DST-A1-01,2024-02-11,1,2,2,0.4473
PHC-DST-A1-01,2024-02-12,1,3,4,0.0536
PHC-DST-A1-01,2024-02-13,1,3,4,0.054
PHC-DST-A1-01,2024-02-14,1,3,4,0.0771
PHC-DST-A1-01,2024-02-15,1,3,4,0.0752
PHC-DST-A1-01,2024-02-16,1,3,4,0.0508
PHC-DST-A1-01,2024-02-17,1,3,4,0.0421
PHC-DST-A1-01,2024-02-18,1,2,2,0.453
PHC-DST-A1-01,2024-02-19,1,3,4,0.0789
PHC-DST-A1-01,2024-02-20,1,3,4,0.0779
PHC-DST-A1-01,2024-02-21,1,3,4,0.0409
PHC-DST-A1-01,2024-02-22,1,3,4,0.0743
PHC-DST-A1-01,2024-02-23,1,3,4,0.0742
PHC-DST-A1-01,2024-02-24,1,3,4,0.0496
PHC-DST-A1-01,2024-02-25,1,2,2,0.4516
PHC-DST-A1-01,2024-02-26,1,3,4,0.0453
PHC-DST-A1-01,2024-02-27,1,3,4,0.0522
PHC-DST-A1-01,2024-02-28,1,3,4,0.0694
PHC-DST-A1-01,2024-02-29,1,3,4,0.059
PHC-DST-A1-01,2024-03-01,1,3,4,0.0424
PHC-DST-A1-01,2024-03-02,1,3,4,0.0534
PHC-DST-A1-01,2024-03-03,1,2,2,0.4686
PHC-DST-A1-01,2024-03-04,1,3,4,0.0529
PHC-DST-A1-01,2024-03-05,1,3,4,0.042
PHC-DST-A1-01,2024-03-06,1,3,4,0.0593
PHC-DST-A1-01,2024-03-07,1,3,4,0.0435
PHC-DST-A1-01,2024-03-08,1,3,4,0.0688
PHC-DST-A1-01,2024-03-09,1,3,4,0.054
PHC-DST-A1-01,2024-03-10,1,2,2,0.4616
PHC-DST-A1-01,2024-03-11,1,3,4,0.04
PHC-DST-A1-01,2024-03-12,1,3,4,0.0777
PHC-DST-A1-01,2024-03-13,1,3,4,0.0422
PHC-DST-A1-01,2024-03-14,1,3,4,0.0636
PHC-DST-A1-01,2024-03-15,1,3,4,0.0783
PHC-DST-A1-01,2024-03-16,1,3,4,0.0592
PHC-DST-A1-01,2024-03-17,1,2,2,0.4742
PHC-DST-A1-01,2024-03-18,1,3,4,0.0702
PHC-DST-A1-01,2024-03-19,1,3,4,0.0569
PHC-DST-A1-01,2024-03-20,1,3,4,0.0572
PHC-DST-A1-01,2024-03-21,1,3,4,0.0758
PHC-DST-A1-01,2024-03-22,1,3,4,0.0449
PHC-DST-A1-01,2024-03-23,1,3,4,0.0743
PHC-DST-A1-01,2024-03-24,1,2,2,0.4597
PHC-DST-A1-01,2024-03-25,1,3,4,0.0782
PHC-DST-A1-01,2024-03-26,1,3,4,0.0715
PHC-DST-A1-01,2024-03-27,1,3,4,0.0417
PHC-DST-A1-01,2024-03-28,1,3,4,0.048
PHC-DST-A1-01,2024-03-29,1,3,4,0.0416
PHC-DST-A1-01,2024-03-30,1,3,4,0.045
PHC-DST-A1-01,2024-03-31,1,2,2,0.4786
PHC-DST-A1-01,2024-04-01,1,3,4,0.0499
PHC-DST-A1-01,2024-04-02,1,3,4,0.0467
PHC-DST-A1-01,2024-04-03,1,3,4,0.0793
PHC-DST-A1-01,2024-04-04,1,3,4,0.0403
PHC-DST-A1-01,2024-04-05,1,3,4,0.0616
PHC-DST-A1-01,2024-04-06,1,3,4,0.0426
PHC-DST-A1-01,2024-04-07,1,2,2,0.465
PHC-DST-A1-01,2024-04-08,1,3,4,0.0561
PHC-DST-A1-01,2024-04-09,1,3,4,0.0707
PHC-DST-A1-01,2024-04-10,1,3,4,0.0524
PHC-DST-A1-01,2024-04-11,1,3,4,0.045
PHC-DST-A1-01,2024-04-12,1,3,4,0.0483
PHC-DST-A1-01,2024-04-13,1,3,4,0.0447
PHC-DST-A1-01,2024-04-14,1,2,2,0.4702
PHC-DST-A1-01,2024-04-15,1,3,4,0.0601
PHC-DST-A1-01,2024-04-16,1,3,4,0.0504
PHC-DST-A1-01,2024-04-17,1,3,4,0.0498
PHC-DST-A1-01,2024-04-18,1,3,4,0.053
PHC-DST-A1-01,2024-04-19,1,3,4,0.0559
PHC-DST-A1-01,2024-04-20,1,3,4,0.0733
PHC-DST-A1-01,2024-04-21,1,2,2,0.4414
PHC-DST-A1-01,2024-04-22,1,3,4,0.0713
PHC-DST-A1-01,2024-04-23,1,3,4,0.0476
PHC-DST-A1-01,2024-04-24,1,3,4,0.0557
PHC-DST-A1-01,2024-04-25,1,3,4,0.0483
PHC-DST-A1-01,2024-04-26,1,3,4,0.0439
PHC-DST-A1-01,2024-04-27,1,3,4,0.0714
PHC-DST-A1-01,2024-04-28,1,2,2,0.4796
PHC-DST-A1-01,2024-04-29,1,3,4,0.0521
PHC-DST-A1-01,2024-04-30,1,3,4,0.073
PHC-DST-A1-01,2024-05-01,1,3,4,0.0455
PHC-DST-A1-01,2024-05-02,1,3,4,0.0409
PHC-DST-A1-01,2024-05-03,1,3,4,0.0518
PHC-DST-A1-01,2024-05-04,1,3,4,0.0747
PHC-DST-A1-01,2024-05-05,1,2,2,0.4513
PHC-DST-A1-01,2024-05-06,1,3,4,0.07
PHC-DST-A1-01,2024-05-07,1,3,4,0.0777
PHC-DST-A1-01,2024-05-08,1,3,4,0.0773
PHC-DST-A1-01,2024-05-09,1,3,4,0.0798
PHC-DST-A1-01,2024-05-10,1,3,4,0.0713
PHC-DST-A1-01,2024-05-11,1,3,4,0.0773
PHC-DST-A1-01,2024-05-12,1,2,2,0.4557
PHC-DST-A1-01,2024-05-13,1,3,4,0.0406
PHC-DST-A1-01,2024-05-14,1,3,4,0.0423
PHC-DST-A1-01,2024-05-15,1,3,4,0.0482
PHC-DST-A1-01,2024-05-16,1,3,4,
PHC-DST-A1-01,2024-05-17,1,3,4,0.0637
PHC-DST-A1-01,2024-05-18,1,3,4,0.0732
PHC-DST-A1-01,2024-05-19,1,2,2,0.4718
PHC-DST-A1-01,2024-05-20,1,3,4,0.0591
PHC-DST-A1-01,2024-05-21,1,3,4,0.044
PHC-DST-A1-01,2024-05-22,1,3,4,
PHC-DST-A1-01,2024-05-23,1,3,4,0.0657
PHC-DST-A1-01,2024-05-24,1,3,4,0.053
PHC-DST-A1-01,2024-05-25,1,3,4,0.0766
PHC-DST-A1-01,2024-05-26,1,2,2,0.4784
PHC-DST-A1-01,2024-05-27,1,3,4,0.0547
PHC-DST-A1-01,2024-05-28,1,3,4,0.0783
PHC-DST-A1-01,2024-05-29,1,3,4,0.0555
PHC-DST-A1-01,2024-05-30,1,3,4,0.0597
PHC-DST-A1-01,2024-05-31,1,3,4,0.0706
PHC-DST-A1-01,2024-06-01,1,3,4,0.0724
PHC-DST-A1-01,2024-06-02,1,2,2,0.459
PHC-DST-A1-01,2024-06-03,1,3,4,0.043
PHC-DST-A1-01,2024-06-04,1,3,4,0.0765
PHC-DST-A1-01,2024-06-05,1,3,4,0.0702
PHC-DST-A1-01,2024-06-06,1,3,4,0.0615
PHC-DST-A1-01,2024-06-07,1,3,4,0.0514
PHC-DST-A1-01,2024-06-08,1,3,4,0.0504
PHC-DST-A1-01,2024-06-09,1,2,2,0.4682
PHC-DST-A1-01,2024-06-10,1,3,4,0.0511
PHC-DST-A1-01,2024-06-11,1,3,4,0.0682
PHC-DST-A1-01,2024-06-12,1,3,4,0.068
PHC-DST-A1-01,2024-06-13,1,3,4,0.0519
PHC-DST-A1-01,2024-06-14,1,3,4,0.0694
PHC-DST-A1-01,2024-06-15,1,3,4,0.0632
PHC-DST-A1-01,2024-06-16,1,2,2,0.4613
PHC-DST-A1-01,2024-06-17,1,3,4,
PHC-DST-A1-01,2024-06-18,1,3,4,0.051
PHC-DST-A1-01,2024-06-19,1,3,4,0.0746
PHC-DST-A1-01,2024-06-20,1,3,4,0.0727
PHC-DST-A1-01,2024-06-21,1,3,4,0.052
PHC-DST-A1-01,2024-06-22,1,3,4,0.0657
PHC-DST-A1-01,2024-06-23,1,2,2,0.4682
PHC-DST-A1-01,2024-06-24,1,3,4,0.0608
PHC-DST-A1-01,2024-06-25,1,3,4,0.0586
PHC-DST-A1-01,2024-06-26,1,3,4,0.052
PHC-DST-A1-01,2024-06-27,1,3,4,0.0777
PHC-DST-A1-01,2024-06-28,1,3,4,0.0625
PHC-DST-A1-01,2024-06-29,1,3,4,0.0535
PHC-DST-A1-01,2024-06-30,1,2,2,0.4459
PHC-DST-A1-01,2024-07-01,1,2,2,0.4857
PHC-DST-A1-01,2024-07-02,1,3,4,0.0719
PHC-DST-A1-01,2024-07-03,1,2,2,0.3916
PHC-DST-A1-01,2024-07-04,1,2,2,0.4615
PHC-DST-A1-01,2024-07-05,1,3,4,0.0595
PHC-DST-A1-01,2024-07-06,1,2,2,0.4548
PHC-DST-A1-01,2024-07-07,1,2,2,0.4462
PHC-DST-A1-01,2024-07-08,1,3,4,0.0789
PHC-DST-A1-01,2024-07-09,1,3,4,0.0721
PHC-DST-A1-01,2024-07-10,1,3,4,0.0678
PHC-DST-A1-01,2024-07-11,1,3,4,0.0564
PHC-DST-A1-01,2024-07-12,1,3,4,0.0586
PHC-DST-A1-01,2024-07-13,1,3,4,0.0618
PHC-DST-A1-01,2024-07-14,1,2,2,0.4666
PHC-DST-A1-01,2024-07-15,1,3,4,0.0519
PHC-DST-A1-01,2024-07-16,1,3,4,0.0445
PHC-DST-A1-01,2024-07-17,1,3,4,0.044
PHC-DST-A1-01,2024-07-18,1,3,4,0.0576
PHC-DST-A1-01,2024-07-19,1,3,4,0.0532
PHC-DST-A1-01,2024-07-20,1,3,4,0.0648
PHC-DST-A1-01,2024-07-21,1,2,2,0.4585
PHC-DST-A1-01,2024-07-22,1,3,4,0.0651
PHC-DST-A1-01,2024-07-23,1,3,4,0.0642
PHC-DST-A1-01,2024-07-24,1,3,4,0.0727
PHC-DST-A1-01,2024-07-25,1,3,4,0.0589
PHC-DST-A1-01,2024-07-26,1,3,4,0.0473
PHC-DST-A1-01,2024-07-27,1,3,4,0.054
PHC-DST-A1-01,2024-07-28,1,2,2,0.4524
PHC-DST-A1-01,2024-07-29,1,3,4,0.0713
PHC-DST-A1-01,2024-07-30,1,3,4,0.043
PHC-DST-A1-01,2024-07-31,1,3,4,0.0703
PHC-DST-A1-01,2024-08-01,1,3,4,0.0781
PHC-DST-A1-01,2024-08-02,1,3,4,0.0601
PHC-DST-A1-01,2024-08-03,1,3,4,0.0602
PHC-DST-A1-01,2024-08-04,1,2,2,0.4748
PHC-DST-A1-01,2024-08-05,1,3,4,0.0519
PHC-DST-A1-01,2024-08-06,1,3,4,0.0706
PHC-DST-A1-01,2024-08-07,1,3,4,0.05
PHC-DST-A1-01,2024-08-08,1,3,4,0.0439
PHC-DST-A1-01,2024-08-09,1,3,4,0.0774
PHC-DST-A1-01,2024-08-10,1,3,4,0.0483
PHC-DST-A1-01,2024-08-11,1,2,2,0.4666
PHC-DST-A1-01,2024-08-12,1,3,4,0.0735
PHC-DST-A1-01,2024-08-13,1,3,4,0.0465
PHC-DST-A1-01,2024-08-14,1,3,4,0.0549
PHC-DST-A1-01,2024-08-15,1,3,4,0.0709
PHC-DST-A1-01,2024-08-16,1,3,4,0.0745
PHC-DST-A1-01,2024-08-17,1,3,4,0.0471
PHC-DST-A1-01,2024-08-18,1,2,2,0.4754
PHC-DST-A1-01,2024-08-19,1,3,4,0.075
PHC-DST-A1-01,2024-08-20,1,3,4,0.0442
PHC-DST-A1-01,2024-08-21,1,3,4,0.0606
PHC-DST-A1-01,2024-08-22,1,2,2,0.4544
PHC-DST-A1-01,2024-08-23,1,3,4,0.0645
PHC-DST-A1-01,2024-08-24,1,3,4,0.0585
PHC-DST-A1-01,2024-08-25,1,2,2,0.4494
PHC-DST-A1-01,2024-08-26,1,3,4,0.0746
PHC-DST-A1-01,2024-08-27,1,3,4,0.0687
PHC-DST-A1-01,2024-08-28,1,3,4,0.0627
PHC-DST-A1-01,2024-08-29,1,3,4,0.0644
PHC-DST-A1-01,2024-08-30,1,3,4,0.0457
PHC-DST-A1-01,2024-08-31,1,3,4,0.0561
PHC-DST-A1-01,2024-09-01,1,2,2,0.4611
PHC-DST-A1-01,2024-09-02,1,3,4,0.0488
PHC-DST-A1-01,2024-09-03,1,3,4,0.0558
PHC-DST-A1-01,2024-09-04,1,3,4,0.0502
PHC-DST-A1-01,2024-09-05,1,3,4,
PHC-DST-A1-01,2024-09-06,1,3,4,0.0511
PHC-DST-A1-01,2024-09-07,1,3,4,0.0423
PHC-DST-A1-01,2024-09-08,1,2,2,0.4531
PHC-DST-A1-01,2024-09-09,1,3,4,0.0581
PHC-DST-A1-01,2024-09-10,1,3,4,0.0592
PHC-DST-A1-01,2024-09-11,1,3,4,0.0508
PHC-DST-A1-01,2024-09-12,1,3,4,0.069
PHC-DST-A1-01,2024-09-13,1,3,4,0.0453
PHC-DST-A1-01,2024-09-14,1,3,4,0.0474
PHC-DST-A1-01,2024-09-15,0,1,1,0.85
PHC-DST-A1-01,2024-09-16,1,3,4,0.0568
PHC-DST-A1-01,2024-09-17,1,3,4,0.0519
PHC-DST-A1-01,2024-09-18,1,3,4,0.0544
PHC-DST-A1-01,2024-09-19,1,3,4,0.0591
PHC-DST-A1-01,2024-09-20,1,3,4,0.0705
PHC-DST-A1-01,2024-09-21,1,3,4,0.0798
PHC-DST-A1-01,2024-09-22,1,2,2,0.4408
PHC-DST-A1-01,2024-09-23,1,3,4,0.074
PHC-DST-A1-01,2024-09-24,1,3,4,0.0639
PHC-DST-A1-01,2024-09-25,1,3,4,0.0697
PHC-DST-A1-01,2024-09-26,1,3,4,0.0702
PHC-DST-A1-01,2024-09-27,1,3,4,0.063
PHC-DST-A1-01,2024-09-28,1,3,4,0.0527
PHC-DST-A1-01,2024-09-29,1,2,2,0.469
PHC-DST-A1-01,2024-09-30,1,3,4,0.0748
PHC-DST-A1-01,2024-10-01,1,3,4,0.0757
PHC-DST-A1-01,2024-10-02,1,3,4,0.0585
PHC-DST-A1-01,2024-10-03,1,3,4,0.0578
PHC-DST-A1-01,2024-10-04,1,3,4,0.0441
PHC-DST-A1-01,2024-10-05,1,3,4,0.0527
PHC-DST-A1-01,2024-10-06,1,2,2,0.4799
PHC-DST-A1-01,2024-10-07,1,3,4,0.0505
PHC-DST-A1-01,2024-10-08,1,3,4,0.0657
PHC-DST-A1-01,2024-10-09,1,3,4,0.0585
PHC-DST-A1-01,2024-10-10,1,3,4,0.0742
PHC-DST-A1-01,2024-10-11,1,3,4,0.0431
PHC-DST-A1-01,2024-10-12,1,3,4,0.0477
PHC-DST-A1-01,2024-10-13,1,2,2,0.4558
PHC-DST-A1-01,2024-10-14,1,3,4,0.0647
PHC-DST-A1-01,2024-10-15,1,3,4,0.0653
PHC-DST-A1-01,2024-10-16,1,3,4,0.0745
PHC-DST-A1-01,2024-10-17,1,3,4,0.0555
PHC-DST-A1-01,2024-10-18,1,3,4,0.0423
PHC-DST-A1-01,2024-10-19,1,3,4,0.0438
PHC-DST-A1-01,2024-10-20,1,2,2,0.4661
PHC-DST-A1-01,2024-10-21,1,3,4,0.0436
PHC-DST-A1-01,2024-10-22,1,3,4,0.0691
PHC-DST-A1-01,2024-10-23,1,3,4,0.0447
PHC-DST-A1-01,2024-10-24,1,3,4,0.0641
PHC-DST-A1-01,2024-10-25,1,3,4,0.07
PHC-DST-A1-01,2024-10-26,1,3,4,0.0582
PHC-DST-A1-01,2024-10-27,1,2,2,0.4537
PHC-DST-A1-01,2024-10-28,1,3,4,0.0505
PHC-DST-A1-01,2024-10-29,1,3,4,0.0711
PHC-DST-A1-01,2024-10-30,1,3,4,0.0666
PHC-DST-A1-01,2024-10-31,1,3,4,0.0646
PHC-DST-A1-01,2024-11-01,1,3,4,0.0771
PHC-DST-A1-01,2024-11-02,1,3,4,0.0764
PHC-DST-A1-01,2024-11-03,1,2,2,0.4681
PHC-DST-A1-01,2024-11-04,1,3,4,0.0735
PHC-DST-A1-01,2024-11-05,1,3,4,0.068
PHC-DST-A1-01,2024-11-06,1,3,4,0.0617
PHC-DST-A1-01,2024-11-07,1,3,4,0.0637
PHC-DST-A1-01,2024-11-08,1,3,4,0.0515
PHC-DST-A1-01,2024-11-09,1,3,4,0.075
PHC-DST-A1-01,2024-11-10,1,2,2,0.4619
PHC-DST-A1-01,2024-11-11,1,3,4,0.0723
PHC-DST-A1-01,2024-11-12,1,3,4,0.0563
PHC-DST-A1-01,2024-11-13,1,3,4,0.0529
PHC-DST-A1-01,2024-11-14,1,3,4,0.0689
PHC-DST-A1-01,2024-11-15,1,3,4,0.0583
PHC-DST-A1-01,2024-11-16,1,3,4,0.0632
PHC-DST-A1-01,2024-11-17,1,2,2,0.4735
PHC-DST-A1-01,2024-11-18,1,3,4,
PHC-DST-A1-01,2024-11-19,1,3,4,0.0553
PHC-DST-A1-01,2024-11-20,1,3,4,0.0598
PHC-DST-A1-01,2024-11-21,1,3,4,0.0639
PHC-DST-A1-01,2024-11-22,1,3,4,0.0456
PHC-DST-A1-01,2024-11-23,1,3,4,0.044
PHC-DST-A1-01,2024-11-24,1,2,2,0.4429
PHC-DST-A1-01,2024-11-25,1,3,4,0.0657
PHC-DST-A1-01,2024-11-26,1,3,4,0.0582
PHC-DST-A1-01,2024-11-27,1,3,4,0.0667
PHC-DST-A1-01,2024-11-28,1,3,4,0.0728
PHC-DST-A1-01,2024-11-29,1,3,4,0.0567
PHC-DST-A1-01,2024-11-30,1,3,4,0.0603
PHC-DST-A1-01,2024-12-01,1,2,2,0.4558
PHC-DST-A1-01,2024-12-02,1,3,4,0.0431
PHC-DST-A1-01,2024-12-03,1,3,4,0.0718
PHC-DST-A1-01,2024-12-04,1,3,4,0.0541
PHC-DST-A1-01,2024-12-05,1,3,4,0.0575
PHC-DST-A1-01,2024-12-06,1,3,4,0.0737
PHC-DST-A1-01,2024-12-07,1,3,4,0.0538
PHC-DST-A1-01,2024-12-08,1,2,2,0.4696
PHC-DST-A1-01,2024-12-09,1,3,4,0.0785
PHC-DST-A1-01,2024-12-10,1,3,4,0.048
PHC-DST-A1-01,2024-12-11,1,3,4,0.0594
PHC-DST-A1-01,2024-12-12,1,3,4,0.0658
PHC-DST-A1-01,2024-12-13,1,3,4,0.0567
PHC-DST-A1-01,2024-12-14,1,3,4,0.0709
PHC-DST-A1-01,2024-12-15,1,2,2,0.4542
PHC-DST-A1-01,2024-12-16,1,3,4,0.0748
PHC-DST-A1-01,2024-12-17,1,3,4,0.0466
PHC-DST-A1-01,2024-12-18,1,3,4,0.0658
PHC-DST-A1-01,2024-12-19,1,3,4,0.0794
PHC-DST-A1-01,2024-12-20,1,3,4,0.0624
PHC-DST-A1-01,2024-12-21,1,3,4,0.0764
PHC-DST-A1-01,2024-12-22,1,2,2,0.4512
PHC-DST-A1-01,2024-12-23,1,3,4,0.0512
PHC-DST-A1-01,2024-12-24,1,3,4,0.0556
PHC-DST-A1-01,2024-12-25,1,3,4,0.0536
PHC-DST-A1-01,2024-12-26,1,3,4,0.0406
PHC-DST-A1-01,2024-12-27,1,3,4,0.0431
PHC-DST-A1-01,2024-12-28,1,3,4,0.0691
PHC-DST-A1-01,2024-12-29,1,2,2,0.4425
PHC-DST-A1-01,2024-12-30,1,3,4,0.0667
PHC-DST-A1-01,2024-12-31,1,3,4,0.0618
PHC-DST-A1-01,2025-01-01,1,3,4,0.0675
PHC-DST-A1-01,2025-01-02,1,3,4,0.0679
PHC-DST-A1-01,2025-01-03,1,3,4,0.0641
PHC-DST-A1-01,2025-01-04,1,3,4,0.0532
PHC-DST-A1-01,2025-01-05,1,2,2,0.4751
PHC-DST-A1-01,2025-01-06,1,3,4,0.055
PHC-DST-A1-01,2025-01-07,1,3,4,0.0479
PHC-DST-A1-01,2025-01-08,1,3,4,0.0469
PHC-DST-A1-01,2025-01-09,1,3,4,0.0724
PHC-DST-A1-01,2025-01-10,1,3,4,0.0659
PHC-DST-A1-01,2025-01-11,1,3,4,0.079
PHC-DST-A1-01,2025-01-12,1,2,2,0.4541
PHC-DST-A1-01,2025-01-13,1,3,4,0.0516
PHC-DST-A1-01,2025-01-14,1,3,4,0.0604
PHC-DST-A1-01,2025-01-15,1,3,4,0.0717
PHC-DST-A1-01,2025-01-16,1,3,4,0.0531
PHC-DST-A1-01,2025-01-17,1,3,4,0.0598
PHC-DST-A1-01,2025-01-18,1,3,4,0.0753
PHC-DST-A1-01,2025-01-19,1,2,2,0.463
PHC-DST-A1-01,2025-01-20,1,3,4,0.0612
PHC-DST-A1-01,2025-01-21,1,3,4,0.0426
PHC-DST-A1-01,2025-01-22,1,3,4,0.0596
PHC-DST-A1-01,2025-01-23,1,3,4,0.0434
PHC-DST-A1-01,2025-01-24,1,3,4,0.0578
PHC-DST-A1-01,2025-01-25,1,3,4,0.0559
PHC-DST-A1-01,2025-01-26,1,2,2,0.4413
PHC-DST-A1-01,2025-01-27,1,3,4,0.0778
PHC-DST-A1-01,2025-01-28,1,3,4,0.0792
PHC-DST-A1-01,2025-01-29,1,3,4,0.0541
PHC-DST-A1-01,2025-01-30,1,3,4,0.0597
PHC-DST-A1-01,2025-01-31,1,3,4,0.0596
PHC-DST-A1-01,2025-02-01,1,3,4,0.0557
PHC-DST-A1-01,2025-02-02,1,2,2,0.4737
PHC-DST-A1-01,2025-02-03,1,3,4,0.0454
PHC-DST-A1-01,2025-02-04,1,3,4,0.0619
PHC-DST-A1-01,2025-02-05,1,3,4,0.0607
PHC-DST-A1-01,2025-02-06,1,3,4,0.0427
PHC-DST-A1-01,2025-02-07,1,3,4,0.0713
PHC-DST-A1-01,2025-02-08,1,3,4,0.0709
PHC-DST-A1-01,2025-02-09,1,2,2,0.4458
PHC-DST-A1-01,2025-02-10,1,3,4,0.0575
PHC-DST-A1-01,2025-02-11,1,3,4,0.0599
PHC-DST-A1-01,2025-02-12,1,3,4,0.0535
PHC-DST-A1-01,2025-02-13,1,3,4,0.058
PHC-DST-A1-01,2025-02-14,1,3,4,0.0768
PHC-DST-A1-01,2025-02-15,1,3,4,0.0764
PHC-DST-A1-01,2025-02-16,1,2,2,0.4591
PHC-DST-A1-01,2025-02-17,1,3,4,0.0603
PHC-DST-A1-01,2025-02-18,1,3,4,0.064
PHC-DST-A1-01,2025-02-19,1,3,4,0.0646
PHC-DST-A1-01,2025-02-20,1,3,4,0.0549
PHC-DST-A1-01,2025-02-21,1,3,4,0.048
PHC-DST-A1-01,2025-02-22,1,3,4,0.0767
PHC-DST-A1-01,2025-02-23,1,2,2,0.4596
PHC-DST-A1-01,2025-02-24,1,3,4,0.0402
PHC-DST-A1-01,2025-02-25,1,3,4,0.0696
PHC-DST-A1-01,2025-02-26,1,3,4,0.0599
PHC-DST-A1-01,2025-02-27,1,3,4,0.0721
PHC-DST-A1-01,2025-02-28,1,3,4,0.0752
PHC-DST-A1-01,2025-03-01,1,3,4,0.0608
PHC-DST-A1-01,2025-03-02,1,2,2,0.4662
PHC-DST-A1-01,2025-03-03,1,3,4,0.0693
PHC-DST-A1-01,2025-03-04,1,3,4,0.0773
PHC-DST-A1-01,2025-03-05,1,3,4,0.0789
PHC-DST-A1-01,2025-03-06,1,3,4,0.0707
PHC-DST-A1-01,2025-03-07,1,3,4,0.0502
PHC-DST-A1-01,2025-03-08,1,3,4,0.0528
PHC-DST-A1-01,2025-03-09,1,2,2,0.4618
PHC-DST-A1-01,2025-03-10,1,3,4,0.057
PHC-DST-A1-01,2025-03-11,1,3,4,0.0597
PHC-DST-A1-01,2025-03-12,1,3,4,0.0688
PHC-DST-A1-01,2025-03-13,1,3,4,0.0458
PHC-DST-A1-01,2025-03-14,1,3,4,0.0494
PHC-DST-A1-01,2025-03-15,1,3,4,0.0532
PHC-DST-A1-01,2025-03-16,1,2,2,0.4462
PHC-DST-A1-01,2025-03-17,1,3,4,0.0441
PHC-DST-A1-01,2025-03-18,1,3,4,0.0413
PHC-DST-A1-01,2025-03-19,1,3,4,0.0725
PHC-DST-A1-01,2025-03-20,1,3,4,0.0437
PHC-DST-A1-01,2025-03-21,1,3,4,0.0718
PHC-DST-A1-01,2025-03-22,1,3,4,0.044
PHC-DST-A1-01,2025-03-23,1,2,2,0.4492
PHC-DST-A1-01,2025-03-24,1,3,4,0.0783
PHC-DST-A1-01,2025-03-25,1,3,4,0.0742
PHC-DST-A1-01,2025-03-26,1,3,4,0.0478
PHC-DST-A1-01,2025-03-27,1,3,4,0.0573
PHC-DST-A1-01,2025-03-28,1,3,4,0.0696
PHC-DST-A1-01,2025-03-29,1,3,4,0.0714
PHC-DST-A1-01,2025-03-30,1,2,2,0.4617
PHC-DST-A1-01,2025-03-31,1,3,4,0.047
PHC-DST-A1-01,2025-04-01,1,3,4,0.0526
PHC-DST-A1-01,2025-04-02,1,3,4,0.0603
PHC-DST-A1-01,2025-04-03,1,3,4,0.0741
PHC-DST-A1-01,2025-04-04,1,3,4,0.0659
PHC-DST-A1-01,2025-04-05,1,3,4,0.0488
PHC-DST-A1-01,2025-04-06,1,2,2,0.4561
PHC-DST-A1-01,2025-04-07,1,3,4,0.0545
PHC-DST-A1-01,2025-04-08,1,3,4,0.051
PHC-DST-A1-01,2025-04-09,1,3,4,0.0546
PHC-DST-A1-01,2025-04-10,1,3,4,0.0536
PHC-DST-A1-01,2025-04-11,1,3,4,0.0516
PHC-DST-A1-01,2025-04-12,1,3,4,0.0602
PHC-DST-A1-01,2025-04-13,1,2,2,0.4711
PHC-DST-A1-01,2025-04-14,1,3,4,0.0533
PHC-DST-A1-01,2025-04-15,1,3,4,0.0501
PHC-DST-A1-01,2025-04-16,1,3,4,0.0526
PHC-DST-A1-01,2025-04-17,1,3,4,0.0608
PHC-DST-A1-01,2025-04-18,1,3,4,0.052
PHC-DST-A1-01,2025-04-19,1,3,4,0.0751
PHC-DST-A1-01,2025-04-20,1,2,2,0.4628
PHC-DST-A1-01,2025-04-21,1,3,4,0.0587
PHC-DST-A1-01,2025-04-22,1,3,4,0.0747
PHC-DST-A1-01,2025-04-23,1,3,4,0.0445
PHC-DST-A1-01,2025-04-24,1,3,4,0.0796
PHC-DST-A1-01,2025-04-25,1,3,4,0.0772
PHC-DST-A1-01,2025-04-26,1,3,4,0.0662
PHC-DST-A1-01,2025-04-27,1,2,2,0.4751
PHC-DST-A1-01,2025-04-28,1,3,4,0.0403
PHC-DST-A1-01,2025-04-29,1,3,4,0.0618
PHC-DST-A1-01,2025-04-30,1,3,4,0.0401
PHC-DST-A1-01,2025-05-01,1,3,4,0.0772
PHC-DST-A1-01,2025-05-02,1,3,4,0.0409
PHC-DST-A1-01,2025-05-03,1,3,4,0.0515
PHC-DST-A1-01,2025-05-04,1,2,2,0.4468
PHC-DST-A1-01,2025-05-05,1,3,4,0.0419
PHC-DST-A1-01,2025-05-06,1,3,4,0.0639
PHC-DST-A1-01,2025-05-07,1,3,4,0.0725
PHC-DST-A1-01,2025-05-08,1,3,4,0.0462
PHC-DST-A1-01,2025-05-09,1,3,4,0.0455
PHC-DST-A1-01,2025-05-10,1,3,4,0.0752
PHC-DST-A1-01,2025-05-11,1,2,2,0.4478
PHC-DST-A1-01,2025-05-12,1,3,4,0.0556
PHC-DST-A1-01,2025-05-13,1,3,4,0.0679
PHC-DST-A1-01,2025-05-14,1,3,4,0.0431
PHC-DST-A1-01,2025-05-15,1,3,4,0.049
PHC-DST-A1-01,2025-05-16,1,3,4,0.0632
PHC-DST-A1-01,2025-05-17,1,3,4,0.077
PHC-DST-A1-01,2025-05-18,1,2,2,0.4739
PHC-DST-A1-01,2025-05-19,1,3,4,0.0492
PHC-DST-A1-01,2025-05-20,1,3,4,0.0506
PHC-DST-A1-01,2025-05-21,1,3,4,0.0674
PHC-DST-A1-01,2025-05-22,1,3,4,0.0484
PHC-DST-A1-01,2025-05-23,1,3,4,0.0735
PHC-DST-A1-01,2025-05-24,1,3,4,0.0675
PHC-DST-A1-01,2025-05-25,1,2,2,0.4491
PHC-DST-A1-01,2025-05-26,1,3,4,0.0622
PHC-DST-A1-01,2025-05-27,1,3,4,0.0678
PHC-DST-A1-01,2025-05-28,1,3,4,0.0445
PHC-DST-A1-01,2025-05-29,1,3,4,0.0639
PHC-DST-A1-01,2025-05-30,1,3,4,0.0476
PHC-DST-A1-01,2025-05-31,1,3,4,0.0702
PHC-DST-A1-01,2025-06-01,1,2,2,0.4661
PHC-DST-A1-01,2025-06-02,1,3,4,
PHC-DST-A1-01,2025-06-03,1,3,4,0.0427
PHC-DST-A1-01,2025-06-04,1,3,4,0.0504
PHC-DST-A1-01,2025-06-05,1,3,4,0.0714
PHC-DST-A1-01,2025-06-06,1,3,4,0.0582
PHC-DST-A1-01,2025-06-07,1,3,4,0.0651
PHC-DST-A1-01,2025-06-08,1,2,2,0.4711
PHC-DST-A1-01,2025-06-09,1,3,4,0.0736
PHC-DST-A1-01,2025-06-10,1,3,4,0.0608
PHC-DST-A1-01,2025-06-11,1,3,4,
PHC-DST-A1-01,2025-06-12,1,3,4,0.0793
PHC-DST-A1-01,2025-06-13,1,3,4,0.0594
PHC-DST-A1-01,2025-06-14,1,3,4,0.0788
PHC-DST-A1-01,2025-06-15,1,2,2,0.4601
PHC-DST-A1-01,2025-06-16,1,3,4,0.0701
PHC-DST-A1-01,2025-06-17,1,3,4,0.0459
PHC-DST-A1-01,2025-06-18,1,3,4,0.0482
PHC-DST-A1-01,2025-06-19,1,3,4,0.0787
PHC-DST-A1-01,2025-06-20,1,3,4,0.0687
PHC-DST-A1-01,2025-06-21,1,3,4,0.0504
PHC-DST-A1-01,2025-06-22,1,2,2,0.4531
PHC-DST-A1-01,2025-06-23,1,3,4,0.0533
PHC-DST-A1-01,2025-06-24,1,3,4,0.0547
PHC-DST-A1-01,2025-06-25,1,3,4,0.0711
PHC-DST-A1-01,2025-06-26,1,3,4,0.0756
PHC-DST-A1-01,2025-06-27,1,3,4,0.0486
PHC-DST-A1-01,2025-06-28,1,3,4,0.0669
PHC-DST-A1-01,2025-06-29,1,2,2,0.4649
PHC-DST-A1-01,2025-06-30,1,3,4,0.0626
PHC-DST-A1-02,2024-01-01,1,3,4,0.0422
PHC-DST-A1-02,2024-01-02,1,3,4,0.0644
PHC-DST-A1-02,2024-01-03,1,3,4,0.0675
PHC-DST-A1-02,2024-01-04,1,3,4,0.065
PHC-DST-A1-02,2024-01-05,1,3,4,0.0609
PHC-DST-A1-02,2024-01-06,1,3,4,0.0622
PHC-DST-A1-02,2024-01-07,1,2,2,0.4762
PHC-DST-A1-02,2024-01-08,1,3,4,0.0501
PHC-DST-A1-02,2024-01-09,1,3,4,0.0484
PHC-DST-A1-02,2024-01-10,1,3,4,0.0646
PHC-DST-A1-02,2024-01-11,1,3,4,0.0569
PHC-DST-A1-02,2024-01-12,1,3,4,0.061
PHC-DST-A1-02,2024-01-13,1,3,4,0.0697
PHC-DST-A1-02,2024-01-14,1,2,2,0.4698
PHC-DST-A1-02,2024-01-15,1,3,4,0.054
PHC-DST-A1-02,2024-01-16,1,3,4,0.0652
PHC-DST-A1-02,2024-01-17,1,3,4,0.069
PHC-DST-A1-02,2024-01-18,1,3,4,0.0472
PHC-DST-A1-02,2024-01-19,1,3,4,0.0731
PHC-DST-A1-02,2024-01-20,1,3,4,0.0547
PHC-DST-A1-02,2024-01-21,1,2,2,0.476
PHC-DST-A1-02,2024-01-22,1,3,4,0.0665
PHC-DST-A1-02,2024-01-23,1,3,4,0.0539
PHC-DST-A1-02,2024-01-24,1,3,4,0.0717
PHC-DST-A1-02,2024-01-25,1,3,4,0.0751
PHC-DST-A1-02,2024-01-26,1,3,4,0.0761
PHC-DST-A1-02,2024-01-27,1,3,4,0.077
PHC-DST-A1-02,2024-01-28,1,2,2,0.4744
PHC-DST-A1-02,2024-01-29,1,3,4,0.073
PHC-DST-A1-02,2024-01-30,1,3,4,0.0602
PHC-DST-A1-02,2024-01-31,1,3,4,0.0556
PHC-DST-A1-02,2024-02-01,1,3,4,0.0608
PHC-DST-A1-02,2024-02-02,1,3,4,0.0772
PHC-DST-A1-02,2024-02-03,1,3,4,0.0797
PHC-DST-A1-02,2024-02-04,1,2,2,0.474
PHC-DST-A1-02,2024-02-05,1,3,4,0.0715
PHC-DST-A1-02,2024-02-06,1,3,4,0.0647
PHC-DST-A1-02,2024-02-07,1,3,4,0.0744
PHC-DST-A1-02,2024-02-08,1,3,4,0.0571
PHC-DST-A1-02,2024-02-09,1,3,4,0.0573
PHC-DST-A1-02,2024-02-10,1,3,4,0.0417
PHC-DST-A1-02,2024-02-11,1,2,2,0.4526
PHC-DST-A1-02,2024-02-12,1,3,4,0.0579
PHC-DST-A1-02,2024-02-13,1,3,4,0.0774
PHC-DST-A1-02,2024-02-14,1,3,4,0.0605
PHC-DST-A1-02,2024-02-15,1,3,4,0.063
PHC-DST-A1-02,2024-02-16,1,3,4,0.0603
PHC-DST-A1-02,2024-02-17,1,3,4,0.0502
PHC-DST-A1-02,2024-02-18,1,2,2,0.4718
PHC-DST-A1-02,2024-02-19,1,3,4,0.0532
PHC-DST-A1-02,2024-02-20,1,3,4,0.0508
PHC-DST-A1-02,2024-02-21,1,3,4,0.0579
PHC-DST-A1-02,2024-02-22,1,3,4,0.0598
PHC-DST-A1-02,2024-02-23,1,3,4,0.0756
PHC-DST-A1-02,2024-02-24,1,3,4,0.0455
PHC-DST-A1-02,2024-02-25,1,2,2,0.4456
PHC-DST-A1-02,2024-02-26,1,3,4,0.0707
PHC-DST-A1-02,2024-02-27,1,3,4,0.0753
PHC-DST-A1-02,2024-02-28,1,3,4,0.0662
PHC-DST-A1-02,2024-02-29,1,3,4,0.0651
PHC-DST-A1-02,2024-03-01,1,3,4,0.0666
PHC-DST-A1-02,2024-03-02,1,3,4,0.0756
PHC-DST-A1-02,2024-03-03,1,2,2,0.4654
PHC-DST-A1-02,2024-03-04,1,3,4,0.0732
PHC-DST-A1-02,2024-03-05,1,3,4,0.0794
PHC-DST-A1-02,2024-03-06,1,3,4,0.0732
PHC-DST-A1-02,2024-03-07,1,3,4,0.0508
PHC-DST-A1-02,2024-03-08,1,3,4,0.0748
PHC-DST-A1-02,2024-03-09,1,3,4,0.0763
PHC-DST-A1-02,2024-03-10,1,2,2,0.4634
PHC-DST-A1-02,2024-03-11,1,3,4,0.0658
PHC-DST-A1-02,2024-03-12,1,3,4,0.0741
PHC-DST-A1-02,2024-03-13,1,3,4,0.0549
PHC-DST-A1-02,2024-03-14,1,3,4,0.0775
PHC-DST-A1-02,2024-03-15,1,3,4,
PHC-DST-A1-02,2024-03-16,1,3,4,0.0662
PHC-DST-A1-02,2024-03-17,1,2,2,0.4558
PHC-DST-A1-02,2024-03-18,1,3,4,0.0507
PHC-DST-A1-02,2024-03-19,1,3,4,0.0715
PHC-DST-A1-02,2024-03-20,1,3,4,0.0788
PHC-DST-A1-02,2024-03-21,1,3,4,0.0596
PHC-DST-A1-02,2024-03-22,1,3,4,0.0446
PHC-DST-A1-02,2024-03-23,1,3,4,0.0631
PHC-DST-A1-02,2024-03-24,1,2,2,0.459
PHC-DST-A1-02,2024-03-25,1,3,4,0.0452
PHC-DST-A1-02,2024-03-26,1,3,4,0.0531
PHC-DST-A1-02,2024-03-27,1,3,4,0.0763
PHC-DST-A1-02,2024-03-28,1,3,4,0.069
PHC-DST-A1-02,2024-03-29,1,3,4,0.072
PHC-DST-A1-02,2024-03-30,1,3,4,0.0584
PHC-DST-A1-02,2024-03-31,1,2,2,0.469
PHC-DST-A1-02,2024-04-01,1,3,4,0.0709
PHC-DST-A1-02,2024-04-02,1,3,4,0.0739
PHC-DST-A1-02,2024-04-03,1,3,4,0.0609
PHC-DST-A1-02,2024-04-04,1,3,4,0.0654
PHC-DST-A1-02,2024-04-05,1,3,4,0.071
PHC-DST-A1-02,2024-04-06,1,3,4,0.0684
PHC-DST-A1-02,2024-04-07,1,2,2,0.4672
PHC-DST-A1-02,2024-04-08,1,3,4,0.0434
PHC-DST-A1-02,2024-04-09,1,3,4,0.0736
PHC-DST-A1-02,2024-04-10,1,3,4,0.0487
PHC-DST-A1-02,2024-04-11,1,3,4,0.0559
PHC-DST-A1-02,2024-04-12,1,3,4,0.054
PHC-DST-A1-02,2024-04-13,1,3,4,0.0535
PHC-DST-A1-02,2024-04-14,1,2,2,0.4706
PHC-DST-A1-02,2024-04-15,1,3,4,0.0714
PHC-DST-A1-02,2024-04-16,1,3,4,0.0737
PHC-DST-A1-02,2024-04-17,1,3,4,0.0561
PHC-DST-A1-02,2024-04-18,1,3,4,0.049
PHC-DST-A1-02,2024-04-19,1,3,4,0.0731
PHC-DST-A1-02,2024-04-20,1,3,4,0.053
PHC-DST-A1-02,2024-04-21,1,2,2,0.4797
PHC-DST-A1-02,2024-04-22,1,3,4,0.0735
PHC-DST-A1-02,2024-04-23,1,3,4,0.0765
PHC-DST-A1-02,2024-04-24,1,3,4,0.0614
PHC-DST-A1-02,2024-04-25,1,3,4,0.0455
PHC-DST-A1-02,2024-04-26,1,3,4,0.0715
PHC-DST-A1-02,2024-04-27,1,3,4,0.0668
PHC-DST-A1-02,2024-04-28,1,2,2,0.472
PHC-DST-A1-02,2024-04-29,1,3,4,0.0609
PHC-DST-A1-02,2024-04-30,1,3,4,0.0724
PHC-DST-A1-02,2024-05-01,1,3,4,0.0414
PHC-DST-A1-02,2024-05-02,1,3,4,0.0755
PHC-DST-A1-02,2024-05-03,1,3,4,0.0654
PHC-DST-A1-02,2024-05-04,1,3,4,0.047
PHC-DST-A1-02,2024-05-05,1,2,2,0.4646
PHC-DST-A1-02,2024-05-06,1,3,4,0.0708
PHC-DST-A1-02,2024-05-07,1,3,4,0.0471
PHC-DST-A1-02,2024-05-08,1,3,4,0.0439
PHC-DST-A1-02,2024-05-09,1,3,4,0.0787
PHC-DST-A1-02,2024-05-10,1,3,4,0.055
PHC-DST-A1-02,2024-05-11,1,3,4,0.0508
PHC-DST-A1-02,2024-05-12,1,2,2,0.447
PHC-DST-A1-02,2024-05-13,1,3,4,0.0582
PHC-DST-A1-02,2024-05-14,1,3,4,0.0465
PHC-DST-A1-02,2024-05-15,1,3,4,0.0744
PHC-DST-A1-02,2024-05-16,1,3,4,0.0532
PHC-DST-A1-02,2024-05-17,1,3,4,0.0489
PHC-DST-A1-02,2024-05-18,1,3,4,0.0515
PHC-DST-A1-02,2024-05-19,1,2,2,0.4557
PHC-DST-A1-02,2024-05-20,1,3,4,0.0564
PHC-DST-A1-02,2024-05-21,1,3,4,0.059
PHC-DST-A1-02,2024-05-22,1,3,4,0.0674
PHC-DST-A1-02,2024-05-23,1,3,4,0.0747
PHC-DST-A1-02,2024-05-24,1,3,4,0.0732
PHC-DST-A1-02,2024-05-25,1,3,4,0.0697
PHC-DST-A1-02,2024-05-26,1,2,2,0.4415
PHC-DST-A1-02,2024-05-27,1,3,4,0.0462
PHC-DST-A1-02,2024-05-28,1,3,4,0.0486
PHC-DST-A1-02,2024-05-29,1,3,4,0.0794
PHC-DST-A1-02,2024-05-30,1,3,4,0.0663
PHC-DST-A1-02,2024-05-31,1,3,4,0.0679
PHC-DST-A1-02,2024-06-01,1,3,4,0.0476
PHC-DST-A1-02,2024-06-02,1,2,2,0.457
PHC-DST-A1-02,2024-06-03,1,3,4,0.0697
PHC-DST-A1-02,2024-06-04,1,3,4,0.0683
PHC-DST-A1-02,2024-06-05,1,3,4,0.0795
PHC-DST-A1-02,2024-06-06,1,3,4,0.0603
PHC-DST-A1-02,2024-06-07,1,3,4,0.0401
PHC-DST-A1-02,2024-06-08,1,3,4,0.0628
PHC-DST-A1-02,2024-06-09,1,2,2,0.4428
PHC-DST-A1-02,2024-06-10,1,3,4,0.0781
PHC-DST-A1-02,2024-06-11,1,3,4,0.0577
PHC-DST-A1-02,2024-06-12,1,3,4,0.0506
PHC-DST-A1-02,2024-06-13,1,3,4,0.0506
PHC-DST-A1-02,2024-06-14,1,3,4,0.0476
PHC-DST-A1-02,2024-06-15,1,3,4,0.0599
PHC-DST-A1-02,2024-06-16,1,2,2,0.4605
PHC-DST-A1-02,2024-06-17,1,3,4,0.0641
PHC-DST-A1-02,2024-06-18,1,3,4,0.0425
PHC-DST-A1-02,2024-06-19,1,3,4,0.0542
PHC-DST-A1-02,2024-06-20,1,3,4,0.0543
PHC-DST-A1-02,2024-06-21,1,3,4,0.0751
PHC-DST-A1-02,2024-06-22,1,3,4,0.0768
PHC-DST-A1-02,2024-06-23,1,2,2,0.4772
PHC-DST-A1-02,2024-06-24,1,3,4,0.0563
PHC-DST-A1-02,2024-06-25,1,3,4,0.0696
PHC-DST-A1-02,2024-06-26,1,3,4,0.0498
PHC-DST-A1-02,2024-06-27,1,3,4,0.0724
PHC-DST-A1-02,2024-06-28,1,3,4,0.0594
PHC-DST-A1-02,2024-06-29,1,3,4,0.0715
PHC-DST-A1-02,2024-06-30,1,2,2,0.4455
PHC-DST-A1-02,2024-07-01,1,1,2,0.5405
PHC-DST-A1-02,2024-07-02,1,3,4,0.0671
PHC-DST-A1-02,2024-07-03,1,1,2,0.5624
PHC-DST-A1-02,2024-07-04,1,2,2,0.4897
PHC-DST-A1-02,2024-07-05,1,3,4,0.0521
PHC-DST-A1-02,2024-07-06,1,2,2,0.4268
PHC-DST-A1-02,2024-07-07,1,2,2,0.4421
PHC-DST-A1-02,2024-07-08,1,3,4,0.044
PHC-DST-A1-02,2024-07-09,1,3,4,0.0464
PHC-DST-A1-02,2024-07-10,1,3,4,0.0577
PHC-DST-A1-02,2024-07-11,1,3,4,0.058
PHC-DST-A1-02,2024-07-12,1,3,4,0.0558
PHC-DST-A1-02,2024-07-13,1,3,4,0.0797
PHC-DST-A1-02,2024-07-14,1,2,2,0.4662
PHC-DST-A1-02,2024-07-15,1,3,4,0.053
PHC-DST-A1-02,2024-07-16,1,3,4,0.0775
PHC-DST-A1-02,2024-07-17,1,3,4,0.05
PHC-DST-A1-02,2024-07-18,1,3,4,0.0793
PHC-DST-A1-02,2024-07-19,1,3,4,0.0551
PHC-DST-A1-02,2024-07-20,1,3,4,0.0756
PHC-DST-A1-02,2024-07-21,1,2,2,0.4718
PHC-DST-A1-02,2024-07-22,1,3,4,0.0441
PHC-DST-A1-02,2024-07-23,1,3,4,0.0602
PHC-DST-A1-02,2024-07-24,1,3,4,
PHC-DST-A1-02,2024-07-25,1,3,4,0.0522
PHC-DST-A1-02,2024-07-26,1,3,4,0.064
PHC-DST-A1-02,2024-07-27,1,3,4,0.0506
PHC-DST-A1-02,2024-07-28,1,2,2,0.4615
PHC-DST-A1-02,2024-07-29,1,3,4,0.0681
PHC-DST-A1-02,2024-07-30,1,3,4,0.0669
PHC-DST-A1-02,2024-07-31,1,3,4,0.062
PHC-DST-A1-02,2024-08-01,1,3,4,0.0407
PHC-DST-A1-02,2024-08-02,1,3,4,0.0547
PHC-DST-A1-02,2024-08-03,1,3,4,0.0555
PHC-DST-A1-02,2024-08-04,1,2,2,0.4693
PHC-DST-A1-02,2024-08-05,1,3,4,0.0579
PHC-DST-A1-02,2024-08-06,1,3,4,0.0588
PHC-DST-A1-02,2024-08-07,1,3,4,0.0587
PHC-DST-A1-02,2024-08-08,1,3,4,0.0706
PHC-DST-A1-02,2024-08-09,1,3,4,0.0553
PHC-DST-A1-02,2024-08-10,1,3,4,
PHC-DST-A1-02,2024-08-11,1,2,2,0.4762
PHC-DST-A1-02,2024-08-12,1,3,4,0.0604
PHC-DST-A1-02,2024-08-13,1,3,4,0.0753
PHC-DST-A1-02,2024-08-14,1,3,4,0.0424
PHC-DST-A1-02,2024-08-15,1,3,4,
PHC-DST-A1-02,2024-08-16,1,3,4,0.0796
PHC-DST-A1-02,2024-08-17,1,3,4,0.0668
PHC-DST-A1-02,2024-08-18,1,2,2,0.443
PHC-DST-A1-02,2024-08-19,1,3,4,0.0442
PHC-DST-A1-02,2024-08-20,1,3,4,0.0577
PHC-DST-A1-02,2024-08-21,1,3,4,0.0583
PHC-DST-A1-02,2024-08-22,1,2,2,0.3771
PHC-DST-A1-02,2024-08-23,1,3,4,0.0704
PHC-DST-A1-02,2024-08-24,1,3,4,0.073
PHC-DST-A1-02,2024-08-25,1,2,2,0.4727
PHC-DST-A1-02,2024-08-26,1,3,4,0.0726
PHC-DST-A1-02,2024-08-27,1,3,4,0.077
PHC-DST-A1-02,2024-08-28,1,3,4,0.0659
PHC-DST-A1-02,2024-08-29,1,3,4,0.047
PHC-DST-A1-02,2024-08-30,1,3,4,0.0693
PHC-DST-A1-02,2024-08-31,1,3,4,0.061
PHC-DST-A1-02,2024-09-01,1,2,2,0.457
PHC-DST-A1-02,2024-09-02,1,3,4,0.042
PHC-DST-A1-02,2024-09-03,1,3,4,0.0417
PHC-DST-A1-02,2024-09-04,1,3,4,0.0488
PHC-DST-A1-02,2024-09-05,1,3,4,0.0618
PHC-DST-A1-02,2024-09-06,1,3,4,0.0792
PHC-DST-A1-02,2024-09-07,1,3,4,0.0548
PHC-DST-A1-02,2024-09-08,1,2,2,0.4727
PHC-DST-A1-02,2024-09-09,1,3,4,0.0472
PHC-DST-A1-02,2024-09-10,1,3,4,0.0743
PHC-DST-A1-02,2024-09-11,1,3,4,0.0471
PHC-DST-A1-02,2024-09-12,1,3,4,0.0489
PHC-DST-A1-02,2024-09-13,1,3,4,0.0598
PHC-DST-A1-02,2024-09-14,1,3,4,0.0547
PHC-DST-A1-02,2024-09-15,0,1,1,0.8357
PHC-DST-A1-02,2024-09-16,1,3,4,0.0519
PHC-DST-A1-02,2024-09-17,1,3,4,0.0433
PHC-DST-A1-02,2024-09-18,1,3,4,0.0612
PHC-DST-A1-02,2024-09-19,1,3,4,0.0419
PHC-DST-A1-02,2024-09-20,1,3,4,0.0688
PHC-DST-A1-02,2024-09-21,1,3,4,0.079
PHC-DST-A1-02,2024-09-22,1,2,2,0.478
PHC-DST-A1-02,2024-09-23,1,3,4,0.079
PHC-DST-A1-02,2024-09-24,1,3,4,0.0464
PHC-DST-A1-02,2024-09-25,1,3,4,0.0402
PHC-DST-A1-02,2024-09-26,1,3,4,
PHC-DST-A1-02,2024-09-27,1,3,4,0.0798
PHC-DST-A1-02,2024-09-28,1,3,4,0.045
PHC-DST-A1-02,2024-09-29,1,2,2,0.4768
PHC-DST-A1-02,2024-09-30,1,3,4,0.0534
PHC-DST-A1-02,2024-10-01,1,3,4,0.071
PHC-DST-A1-02,2024-10-02,1,3,4,0.0622
PHC-DST-A1-02,2024-10-03,1,3,4,0.0474
PHC-DST-A1-02,2024-10-04,1,3,4,0.0668
PHC-DST-A1-02,2024-10-05,1,3,4,0.0716
PHC-DST-A1-02,2024-10-06,1,2,2,0.4476
PHC-DST-A1-02,2024-10-07,1,3,4,0.0577
PHC-DST-A1-02,2024-10-08,1,3,4,0.0786
PHC-DST-A1-02,2024-10-09,1,3,4,0.0794
PHC-DST-A1-02,2024-10-10,1,3,4,0.0463
PHC-DST-A1-02,2024-10-11,1,3,4,0.0664
PHC-DST-A1-02,2024-10-12,1,3,4,0.0755
PHC-DST-A1-02,2024-10-13,1,2,2,0.4589
PHC-DST-A1-02,2024-10-14,1,3,4,0.0516
PHC-DST-A1-02,2024-10-15,1,3,4,0.0575
PHC-DST-A1-02,2024-10-16,1,3,4,0.0494
PHC-DST-A1-02,2024-10-17,1,3,4,0.0727
PHC-DST-A1-02,2024-10-18,1,3,4,0.0481
PHC-DST-A1-02,2024-10-19,1,3,4,0.0528
PHC-DST-A1-02,2024-10-20,1,2,2,0.4692
PHC-DST-A1-02,2024-10-21,1,3,4,0.0778
PHC-DST-A1-02,2024-10-22,1,3,4,0.0432
PHC-DST-A1-02,2024-10-23,1,3,4,0.0423
PHC-DST-A1-02,2024-10-24,1,3,4,0.0457
PHC-DST-A1-02,2024-10-25,1,3,4,0.0716
PHC-DST-A1-02,2024-10-26,1,3,4,0.0565
PHC-DST-A1-02,2024-10-27,1,2,2,0.4641
PHC-DST-A1-02,2024-10-28,1,3,4,0.0433
PHC-DST-A1-02,2024-10-29,1,3,4,0.0664
PHC-DST-A1-02,2024-10-30,1,3,4,0.0557
PHC-DST-A1-02,2024-10-31,1,3,4,0.0712
PHC-DST-A1-02,2024-11-01,1,3,4,0.0664
PHC-DST-A1-02,2024-11-02,1,3,4,0.0482
PHC-DST-A1-02,2024-11-03,1,2,2,0.4791
PHC-DST-A1-02,2024-11-04,1,3,4,0.0663
PHC-DST-A1-02,2024-11-05,1,3,4,0.0556
PHC-DST-A1-02,2024-11-06,1,3,4,0.0415
PHC-DST-A1-02,2024-11-07,1,3,4,0.0476
PHC-DST-A1-02,2024-11-08,1,3,4,0.0721
PHC-DST-A1-02,2024-11-09,1,3,4,0.0702
PHC-DST-A1-02,2024-11-10,1,2,2,0.4789
PHC-DST-A1-02,2024-11-11,1,3,4,0.078
PHC-DST-A1-02,2024-11-12,1,3,4,0.0643
PHC-DST-A1-02,2024-11-13,1,3,4,0.0422
PHC-DST-A1-02,2024-11-14,1,3,4,0.0497
PHC-DST-A1-02,2024-11-15,1,3,4,0.0545
PHC-DST-A1-02,2024-11-16,1,3,4,0.0427
PHC-DST-A1-02,2024-11-17,1,2,2,0.442
PHC-DST-A1-02,2024-11-18,1,3,4,0.0685
PHC-DST-A1-02,2024-11-19,1,3,4,0.0737
PHC-DST-A1-02,2024-11-20,1,3,4,0.0665
PHC-DST-A1-02,2024-11-21,1,3,4,0.054
PHC-DST-A1-02,2024-11-22,1,3,4,0.0426
PHC-DST-A1-02,2024-11-23,1,3,4,0.0713
PHC-DST-A1-02,2024-11-24,1,2,2,0.4691
PHC-DST-A1-02,2024-11-25,1,3,4,0.0621
PHC-DST-A1-02,2024-11-26,1,3,4,
PHC-DST-A1-02,2024-11-27,1,3,4,0.0598
PHC-DST-A1-02,2024-11-28,1,3,4,0.0524
PHC-DST-A1-02,2024-11-29,1,3,4,0.0493
PHC-DST-A1-02,2024-11-30,1,3,4,0.061
PHC-DST-A1-02,2024-12-01,1,2,2,0.4561
PHC-DST-A1-02,2024-12-02,1,3,4,0.0421
PHC-DST-A1-02,2024-12-03,1,3,4,0.0793
PHC-DST-A1-02,2024-12-04,1,3,4,0.0796
PHC-DST-A1-02,2024-12-05,1,3,4,0.0402
PHC-DST-A1-02,2024-12-06,1,3,4,0.041
PHC-DST-A1-02,2024-12-07,1,3,4,0.0731
PHC-DST-A1-02,2024-12-08,1,2,2,0.4791
PHC-DST-A1-02,2024-12-09,1,3,4,0.0736
PHC-DST-A1-02,2024-12-10,1,3,4,0.0467
PHC-DST-A1-02,2024-12-11,1,3,4,0.0621
PHC-DST-A1-02,2024-12-12,1,3,4,0.0483
PHC-DST-A1-02,2024-12-13,1,3,4,0.0606
PHC-DST-A1-02,2024-12-14,1,3,4,0.0796
PHC-DST-A1-02,2024-12-15,1,2,2,0.4439
PHC-DST-A1-02,2024-12-16,1,3,4,0.0673
PHC-DST-A1-02,2024-12-17,1,3,4,0.0406
PHC-DST-A1-02,2024-12-18,1,3,4,
PHC-DST-A1-02,2024-12-19,1,3,4,0.0573
PHC-DST-A1-02,2024-12-20,1,3,4,0.0475
PHC-DST-A1-02,2024-12-21,1,3,4,0.0414
PHC-DST-A1-02,2024-12-22,1,2,2,0.4403
PHC-DST-A1-02,2024-12-23,1,3,4,0.0768
PHC-DST-A1-02,2024-12-24,1,3,4,0.0595
PHC-DST-A1-02,2024-12-25,1,3,4,0.0439
PHC-DST-A1-02,2024-12-26,1,3,4,0.0424
PHC-DST-A1-02,2024-12-27,1,3,4,0.0453
PHC-DST-A1-02,2024-12-28,1,3,4,0.0797
PHC-DST-A1-02,2024-12-29,1,2,2,0.4676
PHC-DST-A1-02,2024-12-30,1,3,4,0.057
PHC-DST-A1-02,2024-12-31,1,3,4,0.0741
PHC-DST-A1-02,2025-01-01,1,3,4,0.0457
PHC-DST-A1-02,2025-01-02,1,3,4,0.0602
PHC-DST-A1-02,2025-01-03,1,3,4,0.0423
PHC-DST-A1-02,2025-01-04,1,3,4,0.0741
PHC-DST-A1-02,2025-01-05,1,2,2,0.4444
PHC-DST-A1-02,2025-01-06,1,3,4,0.0531
PHC-DST-A1-02,2025-01-07,1,3,4,0.0421
PHC-DST-A1-02,2025-01-08,1,3,4,0.0629
PHC-DST-A1-02,2025-01-09,1,3,4,0.0637
PHC-DST-A1-02,2025-01-10,1,3,4,0.0747
PHC-DST-A1-02,2025-01-11,1,3,4,0.059
PHC-DST-A1-02,2025-01-12,1,2,2,0.4416
PHC-DST-A1-02,2025-01-13,1,3,4,0.0728
PHC-DST-A1-02,2025-01-14,1,3,4,0.0787
PHC-DST-A1-02,2025-01-15,1,3,4,0.0735
PHC-DST-A1-02,2025-01-16,1,3,4,
PHC-DST-A1-02,2025-01-17,1,3,4,0.0648
PHC-DST-A1-02,2025-01-18,1,3,4,0.0726
PHC-DST-A1-02,2025-01-19,1,2,2,0.4425
PHC-DST-A1-02,2025-01-20,1,3,4,0.0707
PHC-DST-A1-02,2025-01-21,1,3,4,0.0671
PHC-DST-A1-02,2025-01-22,1,3,4,0.0409
PHC-DST-A1-02,2025-01-23,1,3,4,0.0709
PHC-DST-A1-02,2025-01-24,1,3,4,0.0529
PHC-DST-A1-02,2025-01-25,1,3,4,0.0718
PHC-DST-A1-02,2025-01-26,1,2,2,0.4498
PHC-DST-A1-02,2025-01-27,1,3,4,0.0605
PHC-DST-A1-02,2025-01-28,1,3,4,0.0794
PHC-DST-A1-02,2025-01-29,1,3,4,0.0734
PHC-DST-A1-02,2025-01-30,1,3,4,0.0692
PHC-DST-A1-02,2025-01-31,1,3,4,0.059
PHC-DST-A1-02,2025-02-01,1,3,4,0.05
PHC-DST-A1-02,2025-02-02,1,2,2,0.4477
PHC-DST-A1-02,2025-02-03,1,3,4,0.075
PHC-DST-A1-02,2025-02-04,1,3,4,0.068
PHC-DST-A1-02,2025-02-05,1,3,4,0.0668
PHC-DST-A1-02,2025-02-06,1,3,4,0.0403
PHC-DST-A1-02,2025-02-07,1,3,4,0.0411
PHC-DST-A1-02,2025-02-08,1,3,4,0.076
PHC-DST-A1-02,2025-02-09,1,2,2,
PHC-DST-A1-02,2025-02-10,1,3,4,0.0551
PHC-DST-A1-02,2025-02-11,1,3,4,0.0631
PHC-DST-A1-02,2025-02-12,1,3,4,0.0452
PHC-DST-A1-02,2025-02-13,1,3,4,0.0672
PHC-DST-A1-02,2025-02-14,1,3,4,0.0638
PHC-DST-A1-02,2025-02-15,1,3,4,0.0574
PHC-DST-A1-02,2025-02-16,1,2,2,0.4476
PHC-DST-A1-02,2025-02-17,1,3,4,0.0591
PHC-DST-A1-02,2025-02-18,1,3,4,0.0588
PHC-DST-A1-02,2025-02-19,1,3,4,0.047
PHC-DST-A1-02,2025-02-20,1,3,4,0.0701
PHC-DST-A1-02,2025-02-21,1,3,4,0.0788
PHC-DST-A1-02,2025-02-22,1,3,4,0.0567
PHC-DST-A1-02,2025-02-23,1,2,2,0.45
PHC-DST-A1-02,2025-02-24,1,3,4,0.0706
PHC-DST-A1-02,2025-02-25,1,3,4,0.0548
PHC-DST-A1-02,2025-02-26,1,3,4,0.0412
PHC-DST-A1-02,2025-02-27,1,3,4,0.0502
PHC-DST-A1-02,2025-02-28,1,3,4,0.0653
PHC-DST-A1-02,2025-03-01,1,3,4,0.0534
PHC-DST-A1-02,2025-03-02,1,2,2,0.4446
PHC-DST-A1-02,2025-03-03,1,3,4,0.0728
PHC-DST-A1-02,2025-03-04,1,3,4,0.0523
PHC-DST-A1-02,2025-03-05,1,3,4,0.0796
PHC-DST-A1-02,2025-03-06,1,3,4,0.0407
PHC-DST-A1-02,2025-03-07,1,3,4,0.0586
PHC-DST-A1-02,2025-03-08,1,3,4,0.0618
PHC-DST-A1-02,2025-03-09,1,2,2,0.4413
PHC-DST-A1-02,2025-03-10,1,3,4,0.0686
PHC-DST-A1-02,2025-03-11,1,3,4,0.0663
PHC-DST-A1-02,2025-03-12,1,3,4,0.0552
PHC-DST-A1-02,2025-03-13,1,3,4,0.0429
PHC-DST-A1-02,2025-03-14,1,3,4,0.0595
PHC-DST-A1-02,2025-03-15,1,3,4,0.0776
PHC-DST-A1-02,2025-03-16,1,2,2,0.4751
PHC-DST-A1-02,2025-03-17,1,3,4,0.0456
PHC-DST-A1-02,2025-03-18,1,3,4,
PHC-DST-A1-02,2025-03-19,1,3,4,0.0746
PHC-DST-A1-02,2025-03-20,1,3,4,0.0669
PHC-DST-A1-02,2025-03-21,1,3,4,0.056
PHC-DST-A1-02,2025-03-22,1,3,4,0.0568
PHC-DST-A1-02,2025-03-23,1,2,2,0.4756
PHC-DST-A1-02,2025-03-24,1,3,4,0.074
PHC-DST-A1-02,2025-03-25,1,3,4,0.0745
PHC-DST-A1-02,2025-03-26,1,3,4,0.0759
PHC-DST-A1-02,2025-03-27,1,3,4,0.0663
PHC-DST-A1-02,2025-03-28,1,3,4,0.0688
PHC-DST-A1-02,2025-03-29,1,3,4,0.0745
PHC-DST-A1-02,2025-03-30,1,2,2,0.4535
PHC-DST-A1-02,2025-03-31,1,3,4,0.0544
PHC-DST-A1-02,2025-04-01,1,3,4,0.058
PHC-DST-A1-02,2025-04-02,1,3,4,0.0638
PHC-DST-A1-02,2025-04-03,1,3,4,0.0621
PHC-DST-A1-02,2025-04-04,1,3,4,0.0459
PHC-DST-A1-02,2025-04-05,1,3,4,0.0645
PHC-DST-A1-02,2025-04-06,1,2,2,0.4605
PHC-DST-A1-02,2025-04-07,1,3,4,0.0599
PHC-DST-A1-02,2025-04-08,1,3,4,0.0627
PHC-DST-A1-02,2025-04-09,1,3,4,0.0773
PHC-DST-A1-02,2025-04-10,1,3,4,0.0579
PHC-DST-A1-02,2025-04-11,1,3,4,0.0558
PHC-DST-A1-02,2025-04-12,1,3,4,0.0689
PHC-DST-A1-02,2025-04-13,1,2,2,0.4473
PHC-DST-A1-02,2025-04-14,1,3,4,0.06
PHC-DST-A1-02,2025-04-15,1,3,4,0.0694
PHC-DST-A1-02,2025-04-16,1,3,4,0.0667
PHC-DST-A1-02,2025-04-17,1,3,4,0.0688
PHC-DST-A1-02,2025-04-18,1,3,4,0.0666
PHC-DST-A1-02,2025-04-19,1,3,4,0.0496
PHC-DST-A1-02,2025-04-20,1,2,2,0.4549
PHC-DST-A1-02,2025-04-21,1,3,4,0.0605
PHC-DST-A1-02,2025-04-22,1,3,4,0.0636
PHC-DST-A1-02,2025-04-23,1,3,4,0.0401
PHC-DST-A1-02,2025-04-24,1,3,4,0.0793
PHC-DST-A1-02,2025-04-25,1,3,4,0.0666
PHC-DST-A1-02,2025-04-26,1,3,4,0.0647
PHC-DST-A1-02,2025-04-27,1,2,2,0.4421
PHC-DST-A1-02,2025-04-28,1,3,4,0.0487
PHC-DST-A1-02,2025-04-29,1,3,4,0.0771
PHC-DST-A1-02,2025-04-30,1,3,4,0.0708
PHC-DST-A1-02,2025-05-01,1,3,4,0.0564
PHC-DST-A1-02,2025-05-02,1,3,4,0.065
PHC-DST-A1-02,2025-05-03,1,3,4,0.0747
PHC-DST-A1-02,2025-05-04,1,2,2,0.4683
PHC-DST-A1-02,2025-05-05,1,3,4,0.0548
PHC-DST-A1-02,2025-05-06,1,3,4,0.0769
PHC-DST-A1-02,2025-05-07,1,3,4,0.0512
PHC-DST-A1-02,2025-05-08,1,3,4,0.0688
PHC-DST-A1-02,2025-05-09,1,3,4,0.043
PHC-DST-A1-02,2025-05-10,1,3,4,0.07
PHC-DST-A1-02,2025-05-11,1,2,2,0.4452
PHC-DST-A1-02,2025-05-12,1,3,4,0.0779
PHC-DST-A1-02,2025-05-13,1,3,4,0.0521
PHC-DST-A1-02,2025-05-14,1,3,4,0.0642
PHC-DST-A1-02,2025-05-15,1,3,4,0.0596
PHC-DST-A1-02,2025-05-16,1,3,4,0.0577
PHC-DST-A1-02,2025-05-17,1,3,4,0.0651
PHC-DST-A1-02,2025-05-18,1,2,2,0.4433
PHC-DST-A1-02,2025-05-19,1,3,4,
PHC-DST-A1-02,2025-05-20,1,3,4,0.0796
PHC-DST-A1-02,2025-05-21,1,3,4,0.0429
PHC-DST-A1-02,2025-05-22,1,3,4,0.0424
PHC-DST-A1-02,2025-05-23,1,3,4,0.0698
PHC-DST-A1-02,2025-05-24,1,3,4,0.0417
PHC-DST-A1-02,2025-05-25,1,2,2,0.4488
PHC-DST-A1-02,2025-05-26,1,3,4,0.0451
PHC-DST-A1-02,2025-05-27,1,3,4,0.0627
PHC-DST-A1-02,2025-05-28,1,3,4,0.0664
PHC-DST-A1-02,2025-05-29,1,3,4,0.041
PHC-DST-A1-02,2025-05-30,1,3,4,0.0492
PHC-DST-A1-02,2025-05-31,1,3,4,0.0602
PHC-DST-A1-02,2025-06-01,1,2,2,
PHC-DST-A1-02,2025-06-02,1,3,4,0.0564
PHC-DST-A1-02,2025-06-03,1,3,4,0.0716
PHC-DST-A1-02,2025-06-04,1,3,4,0.0524
PHC-DST-A1-02,2025-06-05,1,3,4,0.0759
PHC-DST-A1-02,2025-06-06,1,3,4,0.0794
PHC-DST-A1-02,2025-06-07,1,3,4,0.053
PHC-DST-A1-02,2025-06-08,1,2,2,0.4606
PHC-DST-A1-02,2025-06-09,1,3,4,0.0521
PHC-DST-A1-02,2025-06-10,1,3,4,0.0551
PHC-DST-A1-02,2025-06-11,1,3,4,0.0521
PHC-DST-A1-02,2025-06-12,1,3,4,0.0623
PHC-DST-A1-02,2025-06-13,1,3,4,0.0463
PHC-DST-A1-02,2025-06-14,1,3,4,0.0611
PHC-DST-A1-02,2025-06-15,1,2,2,0.4413
PHC-DST-A1-02,2025-06-16,1,3,4,0.0708
PHC-DST-A1-02,2025-06-17,1,3,4,0.0568
PHC-DST-A1-02,2025-06-18,1,3,4,0.0777
PHC-DST-A1-02,2025-06-19,1,3,4,0.0546
PHC-DST-A1-02,2025-06-20,1,3,4,
PHC-DST-A1-02,2025-06-21,1,3,4,0.0644
PHC-DST-A1-02,2025-06-22,1,2,2,0.4631
PHC-DST-A1-02,2025-06-23,1,3,4,0.0775
PHC-DST-A1-02,2025-06-24,1,3,4,0.0438
PHC-DST-A1-02,2025-06-25,1,3,4,0.0516
PHC-DST-A1-02,2025-06-26,1,3,4,0.0612
PHC-DST-A1-02,2025-06-27,1,3,4,0.0516
PHC-DST-A1-02,2025-06-28,1,3,4,0.0633
PHC-DST-A1-02,2025-06-29,1,2,2,0.475
PHC-DST-A1-02,2025-06-30,1,3,4,0.0707
PHC-DST-A1-03,2024-01-01,2,4,3,
PHC-DST-A1-03,2024-01-02,2,4,3,0.0586
PHC-DST-A1-03,2024-01-03,2,4,3,0.074
PHC-DST-A1-03,2024-01-04,2,4,3,0.0482
PHC-DST-A1-03,2024-01-05,2,4,3,0.0751
PHC-DST-A1-03,2024-01-06,2,4,3,0.0546
PHC-DST-A1-03,2024-01-07,1,2,2,0.4744
PHC-DST-A1-03,2024-01-08,2,4,3,0.0766
PHC-DST-A1-03,2024-01-09,2,4,3,0.0479
PHC-DST-A1-03,2024-01-10,2,4,3,0.0466
PHC-DST-A1-03,2024-01-11,2,4,3,0.0424
PHC-DST-A1-03,2024-01-12,2,4,3,0.042
PHC-DST-A1-03,2024-01-13,2,4,3,0.0469
PHC-DST-A1-03,2024-01-14,1,2,2,0.4558
PHC-DST-A1-03,2024-01-15,2,4,3,0.0653
PHC-DST-A1-03,2024-01-16,2,4,3,0.075
PHC-DST-A1-03,2024-01-17,2,4,3,0.0795
PHC-DST-A1-03,2024-01-18,2,4,3,0.0584
PHC-DST-A1-03,2024-01-19,2,4,3,0.073
PHC-DST-A1-03,2024-01-20,2,4,3,0.0519
PHC-DST-A1-03,2024-01-21,1,2,2,0.4644
PHC-DST-A1-03,2024-01-22,2,4,3,0.0449
PHC-DST-A1-03,2024-01-23,2,4,3,0.0457
PHC-DST-A1-03,2024-01-24,2,4,3,0.0434
PHC-DST-A1-03,2024-01-25,2,4,3,0.04
PHC-DST-A1-03,2024-01-26,2,4,3,0.0522
PHC-DST-A1-03,2024-01-27,2,4,3,0.0548
PHC-DST-A1-03,2024-01-28,1,2,2,0.4793
PHC-DST-A1-03,2024-01-29,2,4,3,0.0513
PHC-DST-A1-03,2024-01-30,2,4,3,0.0497
PHC-DST-A1-03,2024-01-31,2,4,3,0.0476
PHC-DST-A1-03,2024-02-01,2,4,3,0.049
PHC-DST-A1-03,2024-02-02,2,4,3,0.0641
PHC-DST-A1-03,2024-02-03,2,4,3,0.0759
PHC-DST-A1-03,2024-02-04,1,2,2,0.4618
PHC-DST-A1-03,2024-02-05,2,4,3,0.077
PHC-DST-A1-03,2024-02-06,2,4,3,0.0731
PHC-DST-A1-03,2024-02-07,2,4,3,0.0437
PHC-DST-A1-03,2024-02-08,2,4,3,0.0434
PHC-DST-A1-03,2024-02-09,2,4,3,0.0414
PHC-DST-A1-03,2024-02-10,2,4,3,0.0761
PHC-DST-A1-03,2024-02-11,1,2,2,0.4479
PHC-DST-A1-03,2024-02-12,2,4,3,0.0662
PHC-DST-A1-03,2024-02-13,2,4,3,0.0542
PHC-DST-A1-03,2024-02-14,2,4,3,0.0738
PHC-DST-A1-03,2024-02-15,2,4,3,0.0751
PHC-DST-A1-03,2024-02-16,2,4,3,0.0583
PHC-DST-A1-03,2024-02-17,2,4,3,0.0435
PHC-DST-A1-03,2024-02-18,1,2,2,0.4686
PHC-DST-A1-03,2024-02-19,2,4,3,0.0794
PHC-DST-A1-03,2024-02-20,2,4,3,0.0436
PHC-DST-A1-03,2024-02-21,2,4,3,0.0533
PHC-DST-A1-03,2024-02-22,2,4,3,0.0475
PHC-DST-A1-03,2024-02-23,2,4,3,0.049
PHC-DST-A1-03,2024-02-24,2,4,3,0.0785
PHC-DST-A1-03,2024-02-25,1,2,2,0.451
PHC-DST-A1-03,2024-02-26,2,4,3,0.0496
PHC-DST-A1-03,2024-02-27,2,4,3,0.0548
PHC-DST-A1-03,2024-02-28,2,4,3,0.0687
PHC-DST-A1-03,2024-02-29,2,4,3,0.0776
PHC-DST-A1-03,2024-03-01,2,4,3,
PHC-DST-A1-03,2024-03-02,2,4,3,0.056
PHC-DST-A1-03,2024-03-03,1,2,2,0.4693
PHC-DST-A1-03,2024-03-04,2,4,3,0.0743
PHC-DST-A1-03,2024-03-05,2,4,3,0.0498
PHC-DST-A1-03,2024-03-06,2,4,3,0.0495
PHC-DST-A1-03,2024-03-07,2,4,3,0.0401
PHC-DST-A1-03,2024-03-08,2,4,3,0.0774
PHC-DST-A1-03,2024-03-09,2,4,3,0.0431
PHC-DST-A1-03,2024-03-10,1,2,2,0.474
PHC-DST-A1-03,2024-03-11,2,4,3,0.0631
PHC-DST-A1-03,2024-03-12,2,4,3,0.0763
PHC-DST-A1-03,2024-03-13,2,4,3,0.0539
PHC-DST-A1-03,2024-03-14,2,4,3,0.0588
PHC-DST-A1-03,2024-03-15,2,4,3,0.0532
PHC-DST-A1-03,2024-03-16,2,4,3,0.0457
PHC-DST-A1-03,2024-03-17,1,2,2,0.4527
PHC-DST-A1-03,2024-03-18,2,4,3,0.0593
PHC-DST-A1-03,2024-03-19,2,4,3,0.0631
PHC-DST-A1-03,2024-03-20,2,4,3,0.0474
PHC-DST-A1-03,2024-03-21,2,4,3,0.0784
PHC-DST-A1-03,2024-03-22,2,4,3,0.0667
PHC-DST-A1-03,2024-03-23,2,4,3,0.0564
PHC-DST-A1-03,2024-03-24,1,2,2,0.4506
PHC-DST-A1-03,2024-03-25,2,4,3,0.0627
PHC-DST-A1-03,2024-03-26,2,4,3,0.0488
PHC-DST-A1-03,2024-03-27,2,4,3,0.0608
PHC-DST-A1-03,2024-03-28,2,4,3,
PHC-DST-A1-03,2024-03-29,2,4,3,0.0696
PHC-DST-A1-03,2024-03-30,2,4,3,0.0502
PHC-DST-A1-03,2024-03-31,1,2,2,0.4687
PHC-DST-A1-03,2024-04-01,2,4,3,0.0551
PHC-DST-A1-03,2024-04-02,2,4,3,0.0667
PHC-DST-A1-03,2024-04-03,2,4,3,0.059
PHC-DST-A1-03,2024-04-04,2,4,3,0.0508
PHC-DST-A1-03,2024-04-05,2,4,3,0.0747
PHC-DST-A1-03,2024-04-06,2,4,3,0.0619
PHC-DST-A1-03,2024-04-07,1,2,2,0.4441
PHC-DST-A1-03,2024-04-08,2,4,3,0.065
PHC-DST-A1-03,2024-04-09,2,4,3,0.0464
PHC-DST-A1-03,2024-04-10,2,4,3,0.0638
PHC-DST-A1-03,2024-04-11,2,4,3,0.0732
PHC-DST-A1-03,2024-04-12,2,4,3,0.048
PHC-DST-A1-03,2024-04-13,2,4,3,0.0509
PHC-DST-A1-03,2024-04-14,1,2,2,
PHC-DST-A1-03,2024-04-15,2,4,3,0.0455
PHC-DST-A1-03,2024-04-16,2,4,3,0.0688
PHC-DST-A1-03,2024-04-17,2,4,3,0.0583
PHC-DST-A1-03,2024-04-18,2,4,3,0.0617
PHC-DST-A1-03,2024-04-19,2,4,3,0.0487
PHC-DST-A1-03,2024-04-20,2,4,3,0.0559
PHC-DST-A1-03,2024-04-21,1,2,2,0.4581
PHC-DST-A1-03,2024-04-22,2,4,3,0.0448
PHC-DST-A1-03,2024-04-23,2,4,3,0.065
PHC-DST-A1-03,2024-04-24,2,4,3,0.0675
PHC-DST-A1-03,2024-04-25,2,4,3,
PHC-DST-A1-03,2024-04-26,2,4,3,0.0577
PHC-DST-A1-03,2024-04-27,2,4,3,0.0641
PHC-DST-A1-03,2024-04-28,1,2,2,0.4562
PHC-DST-A1-03,2024-04-29,2,4,3,0.0688
PHC-DST-A1-03,2024-04-30,2,4,3,0.0609
PHC-DST-A1-03,2024-05-01,2,4,3,0.0426
PHC-DST-A1-03,2024-05-02,2,4,3,0.0531
PHC-DST-A1-03,2024-05-03,2,4,3,0.0481
PHC-DST-A1-03,2024-05-04,2,4,3,0.065
PHC-DST-A1-03,2024-05-05,1,2,2,0.4506
PHC-DST-A1-03,2024-05-06,2,4,3,0.0663
PHC-DST-A1-03,2024-05-07,2,4,3,0.0432
PHC-DST-A1-03,2024-05-08,2,4,3,0.0682
PHC-DST-A1-03,2024-05-09,2,4,3,0.0497
PHC-DST-A1-03,2024-05-10,2,4,3,0.0614
PHC-DST-A1-03,2024-05-11,2,4,3,0.0582
PHC-DST-A1-03,2024-05-12,1,2,2,0.4456
PHC-DST-A1-03,2024-05-13,2,4,3,0.069
PHC-DST-A1-03,2024-05-14,2,4,3,0.0778
PHC-DST-A1-03,2024-05-15,2,4,3,0.0636
PHC-DST-A1-03,2024-05-16,2,4,3,0.061
PHC-DST-A1-03,2024-05-17,2,4,3,0.0617
PHC-DST-A1-03,2024-05-18,2,4,3,0.0624
PHC-DST-A1-03,2024-05-19,1,2,2,
PHC-DST-A1-03,2024-05-20,2,4,3,0.0791
PHC-DST-A1-03,2024-05-21,2,4,3,0.058
PHC-DST-A1-03,2024-05-22,2,4,3,0.0754
PHC-DST-A1-03,2024-05-23,2,4,3,0.0683
PHC-DST-A1-03,2024-05-24,2,4,3,0.0686
PHC-DST-A1-03,2024-05-25,2,4,3,0.0769
PHC-DST-A1-03,2024-05-26,1,2,2,0.4553
PHC-DST-A1-03,2024-05-27,2,4,3,0.0628
PHC-DST-A1-03,2024-05-28,2,4,3,0.0613
PHC-DST-A1-03,2024-05-29,2,4,3,0.0467
PHC-DST-A1-03,2024-05-30,2,4,3,0.042
PHC-DST-A1-03,2024-05-31,2,4,3,0.0609
PHC-DST-A1-03,2024-06-01,2,4,3,0.0689
PHC-DST-A1-03,2024-06-02,1,2,2,0.4493
PHC-DST-A1-03,2024-06-03,2,4,3,0.0736
PHC-DST-A1-03,2024-06-04,2,4,3,0.0513
PHC-DST-A1-03,2024-06-05,2,4,3,0.0584
PHC-DST-A1-03,2024-06-06,2,4,3,0.0489
PHC-DST-A1-03,2024-06-07,2,4,3,0.0419
PHC-DST-A1-03,2024-06-08,2,4,3,0.0571
PHC-DST-A1-03,2024-06-09,1,2,2,0.4547
PHC-DST-A1-03,2024-06-10,2,4,3,0.0544
PHC-DST-A1-03,2024-06-11,2,4,3,0.074
PHC-DST-A1-03,2024-06-12,2,4,3,0.0405
PHC-DST-A1-03,2024-06-13,2,4,3,0.0647
PHC-DST-A1-03,2024-06-14,2,4,3,0.0507
PHC-DST-A1-03,2024-06-15,2,4,3,0.0526
PHC-DST-A1-03,2024-06-16,1,2,2,
PHC-DST-A1-03,2024-06-17,2,4,3,0.0582
PHC-DST-A1-03,2024-06-18,2,4,3,0.0662
PHC-DST-A1-03,2024-06-19,2,4,3,0.0681
PHC-DST-A1-03,2024-06-20,2,4,3,0.0745
PHC-DST-A1-03,2024-06-21,2,4,3,0.0699
PHC-DST-A1-03,2024-06-22,2,4,3,0.052
PHC-DST-A1-03,2024-06-23,1,2,2,0.4472
PHC-DST-A1-03,2024-06-24,2,4,3,0.0689
PHC-DST-A1-03,2024-06-25,2,4,3,0.08
PHC-DST-A1-03,2024-06-26,2,4,3,0.0437
PHC-DST-A1-03,2024-06-27,2,4,3,0.0589
PHC-DST-A1-03,2024-06-28,2,4,3,0.0421
PHC-DST-A1-03,2024-06-29,2,4,3,0.07
PHC-DST-A1-03,2024-06-30,1,2,2,0.4473
PHC-DST-A1-03,2024-07-01,1,2,1,0.5046
PHC-DST-A1-03,2024-07-02,2,4,3,0.0752
PHC-DST-A1-03,2024-07-03,1,2,1,0.5458
PHC-DST-A1-03,2024-07-04,1,2,2,0.4871
PHC-DST-A1-03,2024-07-05,2,4,3,0.0613
PHC-DST-A1-03,2024-07-06,1,2,2,0.3925
PHC-DST-A1-03,2024-07-07,1,2,2,0.442
PHC-DST-A1-03,2024-07-08,2,4,3,0.0746
PHC-DST-A1-03,2024-07-09,2,4,3,
PHC-DST-A1-03,2024-07-10,2,4,3,0.0545
PHC-DST-A1-03,2024-07-11,2,4,3,0.0572
PHC-DST-A1-03,2024-07-12,2,4,3,0.0478
PHC-DST-A1-03,2024-07-13,2,4,3,
PHC-DST-A1-03,2024-07-14,1,2,2,0.4484
PHC-DST-A1-03,2024-07-15,2,4,3,0.0545
PHC-DST-A1-03,2024-07-16,2,4,3,0.0509
PHC-DST-A1-03,2024-07-17,2,4,3,0.063
PHC-DST-A1-03,2024-07-18,2,4,3,0.072
PHC-DST-A1-03,2024-07-19,2,4,3,0.0449
PHC-DST-A1-03,2024-07-20,2,4,3,0.0484
PHC-DST-A1-03,2024-07-21,1,2,2,0.4423
PHC-DST-A1-03,2024-07-22,2,4,3,0.0735
PHC-DST-A1-03,2024-07-23,2,4,3,0.0409
PHC-DST-A1-03,2024-07-24,2,4,3,0.0781
PHC-DST-A1-03,2024-07-25,2,4,3,0.0519
PHC-DST-A1-03,2024-07-26,2,4,3,0.0743
PHC-DST-A1-03,2024-07-27,2,4,3,0.0745
PHC-DST-A1-03,2024-07-28,1,2,2,0.4581
PHC-DST-A1-03,2024-07-29,2,4,3,0.0456
PHC-DST-A1-03,2024-07-30,2,4,3,0.0694
PHC-DST-A1-03,2024-07-31,2,4,3,0.0779
PHC-DST-A1-03,2024-08-01,2,4,3,
PHC-DST-A1-03,2024-08-02,2,4,3,0.0466
PHC-DST-A1-03,2024-08-03,2,4,3,0.0529
PHC-DST-A1-03,2024-08-04,1,2,2,0.4647
PHC-DST-A1-03,2024-08-05,2,4,3,0.0778
PHC-DST-A1-03,2024-08-06,2,4,3,0.0749
PHC-DST-A1-03,2024-08-07,2,4,3,0.0402
PHC-DST-A1-03,2024-08-08,2,4,3,0.0453
PHC-DST-A1-03,2024-08-09,2,4,3,0.0584
PHC-DST-A1-03,2024-08-10,2,4,3,0.0457
PHC-DST-A1-03,2024-08-11,1,2,2,0.4585
PHC-DST-A1-03,2024-08-12,2,4,3,0.0732
PHC-DST-A1-03,2024-08-13,2,4,3,0.0647
PHC-DST-A1-03,2024-08-14,2,4,3,0.0566
PHC-DST-A1-03,2024-08-15,2,4,3,0.0757
PHC-DST-A1-03,2024-08-16,2,4,3,0.0798
PHC-DST-A1-03,2024-08-17,2,4,3,0.0586
PHC-DST-A1-03,2024-08-18,1,2,2,0.4588
PHC-DST-A1-03,2024-08-19,2,4,3,0.0468
PHC-DST-A1-03,2024-08-20,2,4,3,0.0731
PHC-DST-A1-03,2024-08-21,2,4,3,0.0611
PHC-DST-A1-03,2024-08-22,1,2,2,0.3887
PHC-DST-A1-03,2024-08-23,2,4,3,0.0402
PHC-DST-A1-03,2024-08-24,2,4,3,0.0487
PHC-DST-A1-03,2024-08-25,1,2,2,0.4436
PHC-DST-A1-03,2024-08-26,2,4,3,0.0746
PHC-DST-A1-03,2024-08-27,2,4,3,0.0508
PHC-DST-A1-03,2024-08-28,2,4,3,0.0615
PHC-DST-A1-03,2024-08-29,2,4,3,0.0503
PHC-DST-A1-03,2024-08-30,2,4,3,0.0588
PHC-DST-A1-03,2024-08-31,2,4,3,0.0561
PHC-DST-A1-03,2024-09-01,1,2,2,0.4691
PHC-DST-A1-03,2024-09-02,2,4,3,0.0536
PHC-DST-A1-03,2024-09-03,2,4,3,0.0562
PHC-DST-A1-03,2024-09-04,2,4,3,0.0485
PHC-DST-A1-03,2024-09-05,2,4,3,0.048
PHC-DST-A1-03,2024-09-06,2,4,3,0.0527
PHC-DST-A1-03,2024-09-07,2,4,3,0.0786
PHC-DST-A1-03,2024-09-08,1,2,2,0.4697
PHC-DST-A1-03,2024-09-09,2,4,3,0.0506
PHC-DST-A1-03,2024-09-10,2,4,3,0.0736
PHC-DST-A1-03,2024-09-11,2,4,3,0.0571
PHC-DST-A1-03,2024-09-12,2,4,3,0.0696
PHC-DST-A1-03,2024-09-13,2,4,3,0.058
PHC-DST-A1-03,2024-09-14,2,4,3,0.0492
PHC-DST-A1-03,2024-09-15,0,1,0,0.85
PHC-DST-A1-03,2024-09-16,2,4,3,0.0663
PHC-DST-A1-03,2024-09-17,2,4,3,0.0695
PHC-DST-A1-03,2024-09-18,2,4,3,0.0691
PHC-DST-A1-03,2024-09-19,2,4,3,0.0537
PHC-DST-A1-03,2024-09-20,2,4,3,0.0549
PHC-DST-A1-03,2024-09-21,2,4,3,0.0652
PHC-DST-A1-03,2024-09-22,1,2,2,0.4742
PHC-DST-A1-03,2024-09-23,2,4,3,0.0728
PHC-DST-A1-03,2024-09-24,2,4,3,0.0695
PHC-DST-A1-03,2024-09-25,2,4,3,0.0521
PHC-DST-A1-03,2024-09-26,2,4,3,0.0725
PHC-DST-A1-03,2024-09-27,2,4,3,0.072
PHC-DST-A1-03,2024-09-28,2,4,3,0.0676
PHC-DST-A1-03,2024-09-29,1,2,2,0.4537
PHC-DST-A1-03,2024-09-30,2,4,3,0.0536
PHC-DST-A1-03,2024-10-01,2,4,3,0.0729
PHC-DST-A1-03,2024-10-02,2,4,3,0.0405
PHC-DST-A1-03,2024-10-03,2,4,3,0.0774
PHC-DST-A1-03,2024-10-04,2,4,3,0.0489
PHC-DST-A1-03,2024-10-05,2,4,3,0.0667
PHC-DST-A1-03,2024-10-06,1,2,2,0.4516
PHC-DST-A1-03,2024-10-07,2,4,3,0.0624
PHC-DST-A1-03,2024-10-08,2,4,3,0.0451
PHC-DST-A1-03,2024-10-09,2,4,3,0.0776
PHC-DST-A1-03,2024-10-10,2,4,3,0.0411
PHC-DST-A1-03,2024-10-11,2,4,3,0.0601
PHC-DST-A1-03,2024-10-12,2,4,3,0.0449
PHC-DST-A1-03,2024-10-13,1,2,2,0.4706
PHC-DST-A1-03,2024-10-14,2,4,3,0.0633
PHC-DST-A1-03,2024-10-15,2,4,3,0.0455
PHC-DST-A1-03,2024-10-16,2,4,3,0.0643
PHC-DST-A1-03,2024-10-17,2,4,3,0.0418
PHC-DST-A1-03,2024-10-18,2,4,3,0.0433
PHC-DST-A1-03,2024-10-19,2,4,3,0.0698
PHC-DST-A1-03,2024-10-20,1,2,2,0.466
PHC-DST-A1-03,2024-10-21,2,4,3,0.0773
PHC-DST-A1-03,2024-10-22,2,4,3,0.0786
PHC-DST-A1-03,2024-10-23,2,4,3,0.0743
PHC-DST-A1-03,2024-10-24,2,4,3,0.0532
PHC-DST-A1-03,2024-10-25,2,4,3,0.0778
PHC-DST-A1-03,2024-10-26,2,4,3,0.0797
PHC-DST-A1-03,2024-10-27,1,2,2,0.4722
PHC-DST-A1-03,2024-10-28,2,4,3,0.0759
PHC-DST-A1-03,2024-10-29,2,4,3,0.0655
PHC-DST-A1-03,2024-10-30,2,4,3,0.0724
PHC-DST-A1-03,2024-10-31,2,4,3,0.0791
PHC-DST-A1-03,2024-11-01,2,4,3,0.0439
PHC-DST-A1-03,2024-11-02,2,4,3,0.0501
PHC-DST-A1-03,2024-11-03,1,2,2,0.4708
PHC-DST-A1-03,2024-11-04,2,4,3,0.0701
PHC-DST-A1-03,2024-11-05,2,4,3,0.0654
PHC-DST-A1-03,2024-11-06,2,4,3,
PHC-DST-A1-03,2024-11-07,2,4,3,0.0527
PHC-DST-A1-03,2024-11-08,2,4,3,0.0418
PHC-DST-A1-03,2024-11-09,2,4,3,0.0754
PHC-DST-A1-03,2024-11-10,1,2,2,0.4488
PHC-DST-A1-03,2024-11-11,2,4,3,0.0744
PHC-DST-A1-03,2024-11-12,2,4,3,0.0419
PHC-DST-A1-03,2024-11-13,2,4,3,0.0689
PHC-DST-A1-03,2024-11-14,2,4,3,0.0787
PHC-DST-A1-03,2024-11-15,2,4,3,0.0702
PHC-DST-A1-03,2024-11-16,2,4,3,0.0663
PHC-DST-A1-03,2024-11-17,1,2,2,0.4775
PHC-DST-A1-03,2024-11-18,2,4,3,0.0744
PHC-DST-A1-03,2024-11-19,2,4,3,0.0476
PHC-DST-A1-03,2024-11-20,2,4,3,0.0534
PHC-DST-A1-03,2024-11-21,2,4,3,0.0654
PHC-DST-A1-03,2024-11-22,2,4,3,
PHC-DST-A1-03,2024-11-23,2,4,3,0.0522
PHC-DST-A1-03,2024-11-24,1,2,2,0.4551
PHC-DST-A1-03,2024-11-25,2,4,3,0.0748
PHC-DST-A1-03,2024-11-26,2,4,3,0.0753
PHC-DST-A1-03,2024-11-27,2,4,3,0.0427
PHC-DST-A1-03,2024-11-28,2,4,3,0.066
PHC-DST-A1-03,2024-11-29,2,4,3,0.044
PHC-DST-A1-03,2024-11-30,2,4,3,0.0768
PHC-DST-A1-03,2024-12-01,1,2,2,0.4627
PHC-DST-A1-03,2024-12-02,2,4,3,0.0515
PHC-DST-A1-03,2024-12-03,2,4,3,0.0488
PHC-DST-A1-03,2024-12-04,2,4,3,0.0463
PHC-DST-A1-03,2024-12-05,2,4,3,0.0521
PHC-DST-A1-03,2024-12-06,2,4,3,0.0527
PHC-DST-A1-03,2024-12-07,2,4,3,0.0694
PHC-DST-A1-03,2024-12-08,1,2,2,0.4736
PHC-DST-A1-03,2024-12-09,2,4,3,0.0743
PHC-DST-A1-03,2024-12-10,2,4,3,
PHC-DST-A1-03,2024-12-11,2,4,3,0.0437
PHC-DST-A1-03,2024-12-12,2,4,3,0.0742
PHC-DST-A1-03,2024-12-13,2,4,3,0.0442
PHC-DST-A1-03,2024-12-14,2,4,3,0.0473
PHC-DST-A1-03,2024-12-15,1,2,2,0.4483
PHC-DST-A1-03,2024-12-16,2,4,3,0.0413
PHC-DST-A1-03,2024-12-17,2,4,3,0.0688
PHC-DST-A1-03,2024-12-18,2,4,3,0.0534
PHC-DST-A1-03,2024-12-19,2,4,3,0.0699
PHC-DST-A1-03,2024-12-20,2,4,3,0.0756
PHC-DST-A1-03,2024-12-21,2,4,3,0.0782
PHC-DST-A1-03,2024-12-22,1,2,2,0.4676
PHC-DST-A1-03,2024-12-23,2,4,3,0.0598
PHC-DST-A1-03,2024-12-24,2,4,3,0.069
PHC-DST-A1-03,2024-12-25,2,4,3,0.0666
PHC-DST-A1-03,2024-12-26,2,4,3,0.0421
PHC-DST-A1-03,2024-12-27,2,4,3,0.0648
PHC-DST-A1-03,2024-12-28,2,4,3,0.0727
PHC-DST-A1-03,2024-12-29,1,2,2,0.4436
PHC-DST-A1-03,2024-12-30,2,4,3,0.0733
PHC-DST-A1-03,2024-12-31,2,4,3,0.0709
PHC-DST-A1-03,2025-01-01,2,4,3,0.0514
PHC-DST-A1-03,2025-01-02,2,4,3,0.0762
PHC-DST-A1-03,2025-01-03,2,4,3,0.0761
PHC-DST-A1-03,2025-01-04,2,4,3,0.0589
PHC-DST-A1-03,2025-01-05,1,2,2,0.4546
PHC-DST-A1-03,2025-01-06,2,4,3,0.0583
PHC-DST-A1-03,2025-01-07,2,4,3,0.0482
PHC-DST-A1-03,2025-01-08,2,4,3,0.0505
PHC-DST-A1-03,2025-01-09,2,4,3,0.0644
PHC-DST-A1-03,2025-01-10,2,4,3,0.0453
PHC-DST-A1-03,2025-01-11,2,4,3,0.0665
PHC-DST-A1-03,2025-01-12,1,2,2,0.4478
PHC-DST-A1-03,2025-01-13,2,4,3,0.062
PHC-DST-A1-03,2025-01-14,2,4,3,0.0797
PHC-DST-A1-03,2025-01-15,2,4,3,0.0693
PHC-DST-A1-03,2025-01-16,2,4,3,0.0656
PHC-DST-A1-03,2025-01-17,2,4,3,0.0468
PHC-DST-A1-03,2025-01-18,2,4,3,0.0719
PHC-DST-A1-03,2025-01-19,1,2,2,0.4761
PHC-DST-A1-03,2025-01-20,2,4,3,0.0469
PHC-DST-A1-03,2025-01-21,2,4,3,0.0733
PHC-DST-A1-03,2025-01-22,2,4,3,0.0421
PHC-DST-A1-03,2025-01-23,2,4,3,0.0497
PHC-DST-A1-03,2025-01-24,2,4,3,0.0785
PHC-DST-A1-03,2025-01-25,2,4,3,0.0793
PHC-DST-A1-03,2025-01-26,1,2,2,0.46
PHC-DST-A1-03,2025-01-27,2,4,3,0.0526
PHC-DST-A1-03,2025-01-28,2,4,3,0.076
PHC-DST-A1-03,2025-01-29,2,4,3,0.0777
PHC-DST-A1-03,2025-01-30,2,4,3,0.0799
PHC-DST-A1-03,2025-01-31,2,4,3,0.0564
PHC-DST-A1-03,2025-02-01,2,4,3,0.0425
PHC-DST-A1-03,2025-02-02,1,2,2,0.4412
PHC-DST-A1-03,2025-02-03,2,4,3,
PHC-DST-A1-03,2025-02-04,2,4,3,0.0604
PHC-DST-A1-03,2025-02-05,2,4,3,0.0645
PHC-DST-A1-03,2025-02-06,2,4,3,0.0579
PHC-DST-A1-03,2025-02-07,2,4,3,0.0526
PHC-DST-A1-03,2025-02-08,2,4,3,0.0523
PHC-DST-A1-03,2025-02-09,1,2,2,0.4784
PHC-DST-A1-03,2025-02-10,2,4,3,0.0764
PHC-DST-A1-03,2025-02-11,2,4,3,
PHC-DST-A1-03,2025-02-12,2,4,3,0.0613
PHC-DST-A1-03,2025-02-13,2,4,3,0.0426
PHC-DST-A1-03,2025-02-14,2,4,3,0.043
PHC-DST-A1-03,2025-02-15,2,4,3,0.0726
PHC-DST-A1-03,2025-02-16,1,2,2,0.4452
PHC-DST-A1-03,2025-02-17,2,4,3,0.075
PHC-DST-A1-03,2025-02-18,2,4,3,0.0499
PHC-DST-A1-03,2025-02-19,2,4,3,0.0534
PHC-DST-A1-03,2025-02-20,2,4,3,0.042
PHC-DST-A1-03,2025-02-21,2,4,3,0.0432
PHC-DST-A1-03,2025-02-22,2,4,3,0.0577
PHC-DST-A1-03,2025-02-23,1,2,2,0.4553
PHC-DST-A1-03,2025-02-24,2,4,3,0.0657
PHC-DST-A1-03,2025-02-25,2,4,3,0.0495
PHC-DST-A1-03,2025-02-26,2,4,3,0.0608
PHC-DST-A1-03,2025-02-27,2,4,3,0.0751
PHC-DST-A1-03,2025-02-28,2,4,3,0.0695
PHC-DST-A1-03,2025-03-01,2,4,3,0.0582
PHC-DST-A1-03,2025-03-02,1,2,2,0.476
PHC-DST-A1-03,2025-03-03,2,4,3,0.0436
PHC-DST-A1-03,2025-03-04,2,4,3,0.0687
PHC-DST-A1-03,2025-03-05,2,4,3,0.0724
PHC-DST-A1-03,2025-03-06,2,4,3,0.0404
PHC-DST-A1-03,2025-03-07,2,4,3,0.0722
PHC-DST-A1-03,2025-03-08,2,4,3,0.0496
PHC-DST-A1-03,2025-03-09,1,2,2,0.4796
PHC-DST-A1-03,2025-03-10,2,4,3,0.0755
PHC-DST-A1-03,2025-03-11,2,4,3,0.0514
PHC-DST-A1-03,2025-03-12,2,4,3,0.0549
PHC-DST-A1-03,2025-03-13,2,4,3,0.0587
PHC-DST-A1-03,2025-03-14,2,4,3,0.0489
PHC-DST-A1-03,2025-03-15,2,4,3,0.0795
PHC-DST-A1-03,2025-03-16,1,2,2,0.4516
PHC-DST-A1-03,2025-03-17,2,4,3,0.0758
PHC-DST-A1-03,2025-03-18,2,4,3,0.041
PHC-DST-A1-03,2025-03-19,2,4,3,0.0703
PHC-DST-A1-03,2025-03-20,2,4,3,0.053
PHC-DST-A1-03,2025-03-21,2,4,3,0.0662
PHC-DST-A1-03,2025-03-22,2,4,3,0.0486
PHC-DST-A1-03,2025-03-23,1,2,2,0.4569
PHC-DST-A1-03,2025-03-24,2,4,3,0.0771
PHC-DST-A1-03,2025-03-25,2,4,3,0.0436
PHC-DST-A1-03,2025-03-26,2,4,3,0.0605
PHC-DST-A1-03,2025-03-27,2,4,3,0.0757
PHC-DST-A1-03,2025-03-28,2,4,3,0.051
PHC-DST-A1-03,2025-03-29,2,4,3,0.071
PHC-DST-A1-03,2025-03-30,1,2,2,0.4422
PHC-DST-A1-03,2025-03-31,2,4,3,0.0451
PHC-DST-A1-03,2025-04-01,2,4,3,0.0407
PHC-DST-A1-03,2025-04-02,2,4,3,0.0703
PHC-DST-A1-03,2025-04-03,2,4,3,0.0736
PHC-DST-A1-03,2025-04-04,2,4,3,0.0715
PHC-DST-A1-03,2025-04-05,2,4,3,0.0731
PHC-DST-A1-03,2025-04-06,1,2,2,0.4699
PHC-DST-A1-03,2025-04-07,2,4,3,0.0481
PHC-DST-A1-03,2025-04-08,2,4,3,0.0727
PHC-DST-A1-03,2025-04-09,2,4,3,0.0478
PHC-DST-A1-03,2025-04-10,2,4,3,0.0462
PHC-DST-A1-03,2025-04-11,2,4,3,0.0784
PHC-DST-A1-03,2025-04-12,2,4,3,0.0679
PHC-DST-A1-03,2025-04-13,1,2,2,0.4716
PHC-DST-A1-03,2025-04-14,2,4,3,0.0791
PHC-DST-A1-03,2025-04-15,2,4,3,0.0755
PHC-DST-A1-03,2025-04-16,2,4,3,0.0488
PHC-DST-A1-03,2025-04-17,2,4,3,0.0777
PHC-DST-A1-03,2025-04-18,2,4,3,0.0613
PHC-DST-A1-03,2025-04-19,2,4,3,0.0536
PHC-DST-A1-03,2025-04-20,1,2,2,0.4796
PHC-DST-A1-03,2025-04-21,2,4,3,0.06
PHC-DST-A1-03,2025-04-22,2,4,3,0.0583
PHC-DST-A1-03,2025-04-23,2,4,3,0.0631
PHC-DST-A1-03,2025-04-24,2,4,3,0.0769
PHC-DST-A1-03,2025-04-25,2,4,3,0.0779
PHC-DST-A1-03,2025-04-26,2,4,3,0.0593
PHC-DST-A1-03,2025-04-27,1,2,2,0.4673
PHC-DST-A1-03,2025-04-28,2,4,3,0.0667
PHC-DST-A1-03,2025-04-29,2,4,3,0.0525
PHC-DST-A1-03,2025-04-30,2,4,3,0.0704
PHC-DST-A1-03,2025-05-01,2,4,3,0.0666
PHC-DST-A1-03,2025-05-02,2,4,3,0.0483
PHC-DST-A1-03,2025-05-03,2,4,3,0.0584
PHC-DST-A1-03,2025-05-04,1,2,2,0.4731
PHC-DST-A1-03,2025-05-05,2,4,3,0.051
PHC-DST-A1-03,2025-05-06,2,4,3,0.0641
PHC-DST-A1-03,2025-05-07,2,4,3,0.0777
PHC-DST-A1-03,2025-05-08,2,4,3,0.0522
PHC-DST-A1-03,2025-05-09,2,4,3,0.067
PHC-DST-A1-03,2025-05-10,2,4,3,0.064
PHC-DST-A1-03,2025-05-11,1,2,2,0.4703
PHC-DST-A1-03,2025-05-12,2,4,3,0.049
PHC-DST-A1-03,2025-05-13,2,4,3,0.0696
PHC-DST-A1-03,2025-05-14,2,4,3,0.0776
PHC-DST-A1-03,2025-05-15,2,4,3,0.0503
PHC-DST-A1-03,2025-05-16,2,4,3,0.0715
PHC-DST-A1-03,2025-05-17,2,4,3,0.0705
PHC-DST-A1-03,2025-05-18,1,2,2,0.4529
PHC-DST-A1-03,2025-05-19,2,4,3,0.0686
PHC-DST-A1-03,2025-05-20,2,4,3,0.0497
PHC-DST-A1-03,2025-05-21,2,4,3,0.064
PHC-DST-A1-03,2025-05-22,2,4,3,0.0771
PHC-DST-A1-03,2025-05-23,2,4,3,0.0626
PHC-DST-A1-03,2025-05-24,2,4,3,0.0591
PHC-DST-A1-03,2025-05-25,1,2,2,0.4403
PHC-DST-A1-03,2025-05-26,2,4,3,0.051
PHC-DST-A1-03,2025-05-27,2,4,3,0.0653
PHC-DST-A1-03,2025-05-28,2,4,3,0.073
PHC-DST-A1-03,2025-05-29,2,4,3,0.0489
PHC-DST-A1-03,2025-05-30,2,4,3,0.0598
PHC-DST-A1-03,2025-05-31,2,4,3,0.0665
PHC-DST-A1-03,2025-06-01,1,2,2,0.4691
PHC-DST-A1-03,2025-06-02,2,4,3,0.0401
PHC-DST-A1-03,2025-06-03,2,4,3,0.0489
PHC-DST-A1-03,2025-06-04,2,4,3,0.0586
PHC-DST-A1-03,2025-06-05,2,4,3,0.0764
PHC-DST-A1-03,2025-06-06,2,4,3,0.0672
PHC-DST-A1-03,2025-06-07,2,4,3,0.0533
PHC-DST-A1-03,2025-06-08,1,2,2,0.4779
PHC-DST-A1-03,2025-06-09,2,4,3,0.0683
PHC-DST-A1-03,2025-06-10,2,4,3,0.0567
PHC-DST-A1-03,2025-06-11,2,4,3,0.0585
PHC-DST-A1-03,2025-06-12,2,4,3,0.0705
PHC-DST-A1-03,2025-06-13,2,4,3,0.079
PHC-DST-A1-03,2025-06-14,2,4,3,0.0567
PHC-DST-A1-03,2025-06-15,1,2,2,0.4473
PHC-DST-A1-03,2025-06-16,2,4,3,0.0608
PHC-DST-A1-03,2025-06-17,2,4,3,0.0469
PHC-DST-A1-03,2025-06-18,2,4,3,0.0536
PHC-DST-A1-03,2025-06-19,2,4,3,0.0581
PHC-DST-A1-03,2025-06-20,2,4,3,0.0751
PHC-DST-A1-03,2025-06-21,2,4,3,0.0517
PHC-DST-A1-03,2025-06-22,1,2,2,0.4629
PHC-DST-A1-03,2025-06-23,2,4,3,0.0485
PHC-DST-A1-03,2025-06-24,2,4,3,0.044
PHC-DST-A1-03,2025-06-25,2,4,3,0.0734
PHC-DST-A1-03,2025-06-26,2,4,3,0.0414
PHC-DST-A1-03,2025-06-27,2,4,3,0.055
PHC-DST-A1-03,2025-06-28,2,4,3,0.0557
PHC-DST-A1-03,2025-06-29,1,2,2,0.4704
PHC-DST-A1-03,2025-06-30,2,4,3,0.0535
PHC-DST-A1-04,2024-01-01,1,4,4,0.0453
PHC-DST-A1-04,2024-01-02,1,4,4,0.052
PHC-DST-A1-04,2024-01-03,1,4,4,0.048
PHC-DST-A1-04,2024-01-04,1,4,4,0.0687
PHC-DST-A1-04,2024-01-05,1,4,4,0.0699
PHC-DST-A1-04,2024-01-06,1,4,4,
PHC-DST-A1-04,2024-01-07,1,2,2,0.4514
PHC-DST-A1-04,2024-01-08,1,4,4,0.051
PHC-DST-A1-04,2024-01-09,1,4,4,0.0595
PHC-DST-A1-04,2024-01-10,1,4,4,0.058
PHC-DST-A1-04,2024-01-11,1,4,4,0.0467
PHC-DST-A1-04,2024-01-12,1,4,4,0.06
PHC-DST-A1-04,2024-01-13,1,4,4,0.0525
PHC-DST-A1-04,2024-01-14,1,2,2,0.4408
PHC-DST-A1-04,2024-01-15,1,4,4,0.0644
PHC-DST-A1-04,2024-01-16,1,4,4,0.0714
PHC-DST-A1-04,2024-01-17,1,4,4,0.0549
PHC-DST-A1-04,2024-01-18,1,4,4,0.0562
PHC-DST-A1-04,2024-01-19,1,4,4,0.0739
PHC-DST-A1-04,2024-01-20,1,4,4,0.0452
PHC-DST-A1-04,2024-01-21,1,2,2,0.4607
PHC-DST-A1-04,2024-01-22,1,4,4,0.0452
PHC-DST-A1-04,2024-01-23,1,4,4,0.0611
PHC-DST-A1-04,2024-01-24,1,4,4,0.0504
PHC-DST-A1-04,2024-01-25,1,4,4,0.041
PHC-DST-A1-04,2024-01-26,1,4,4,0.0658
PHC-DST-A1-04,2024-01-27,1,4,4,0.0405
PHC-DST-A1-04,2024-01-28,1,2,2,0.4619
PHC-DST-A1-04,2024-01-29,1,4,4,0.068
PHC-DST-A1-04,2024-01-30,1,4,4,0.0658
PHC-DST-A1-04,2024-01-31,1,4,4,0.059
PHC-DST-A1-04,2024-02-01,1,4,4,0.0773
PHC-DST-A1-04,2024-02-02,1,4,4,0.0537
PHC-DST-A1-04,2024-02-03,1,4,4,0.0427
PHC-DST-A1-04,2024-02-04,1,2,2,0.4418
PHC-DST-A1-04,2024-02-05,1,4,4,0.057
PHC-DST-A1-04,2024-02-06,1,4,4,0.0707
PHC-DST-A1-04,2024-02-07,1,4,4,
PHC-DST-A1-04,2024-02-08,1,4,4,0.0794
PHC-DST-A1-04,2024-02-09,1,4,4,0.0476
PHC-DST-A1-04,2024-02-10,1,4,4,0.0707
PHC-DST-A1-04,2024-02-11,1,2,2,0.4505
PHC-DST-A1-04,2024-02-12,1,4,4,0.0557
PHC-DST-A1-04,2024-02-13,1,4,4,0.0719
PHC-DST-A1-04,2024-02-14,1,4,4,0.0562
PHC-DST-A1-04,2024-02-15,1,4,4,0.0436
PHC-DST-A1-04,2024-02-16,1,4,4,0.0685
PHC-DST-A1-04,2024-02-17,1,4,4,0.0527
PHC-DST-A1-04,2024-02-18,1,2,2,0.449
PHC-DST-A1-04,2024-02-19,1,4,4,0.0448
PHC-DST-A1-04,2024-02-20,1,4,4,0.066
PHC-DST-A1-04,2024-02-21,1,4,4,0.0474
PHC-DST-A1-04,2024-02-22,1,4,4,0.0436
PHC-DST-A1-04,2024-02-23,1,4,4,0.0478
PHC-DST-A1-04,2024-02-24,1,4,4,0.0632
PHC-DST-A1-04,2024-02-25,1,2,2,0.4764
PHC-DST-A1-04,2024-02-26,1,4,4,0.0551
PHC-DST-A1-04,2024-02-27,1,4,4,0.065
PHC-DST-A1-04,2024-02-28,1,4,4,0.0458
PHC-DST-A1-04,2024-02-29,1,4,4,0.0458
PHC-DST-A1-04,2024-03-01,1,4,4,0.0614
PHC-DST-A1-04,2024-03-02,1,4,4,0.0416
PHC-DST-A1-04,2024-03-03,1,2,2,0.465
PHC-DST-A1-04,2024-03-04,1,4,4,0.07
PHC-DST-A1-04,2024-03-05,1,4,4,0.0641
PHC-DST-A1-04,2024-03-06,1,4,4,0.0491
PHC-DST-A1-04,2024-03-07,1,4,4,0.0619
PHC-DST-A1-04,2024-03-08,1,4,4,0.0611
PHC-DST-A1-04,2024-03-09,1,4,4,0.0554
PHC-DST-A1-04,2024-03-10,1,2,2,0.4495
PHC-DST-A1-04,2024-03-11,1,4,4,0.0448
PHC-DST-A1-04,2024-03-12,1,4,4,0.0735
PHC-DST-A1-04,2024-03-13,1,4,4,0.0715
PHC-DST-A1-04,2024-03-14,1,4,4,0.076
PHC-DST-A1-04,2024-03-15,1,4,4,0.0526
PHC-DST-A1-04,2024-03-16,1,4,4,0.0576
PHC-DST-A1-04,2024-03-17,1,2,2,0.4623
PHC-DST-A1-04,2024-03-18,1,4,4,0.0494
PHC-DST-A1-04,2024-03-19,1,4,4,0.0585
PHC-DST-A1-04,2024-03-20,1,4,4,0.0773
PHC-DST-A1-04,2024-03-21,1,4,4,0.0604
PHC-DST-A1-04,2024-03-22,1,4,4,0.0658
PHC-DST-A1-04,2024-03-23,1,4,4,0.0588
PHC-DST-A1-04,2024-03-24,1,2,2,0.4681
PHC-DST-A1-04,2024-03-25,1,4,4,0.0542
PHC-DST-A1-04,2024-03-26,1,4,4,0.0481
PHC-DST-A1-04,2024-03-27,1,4,4,0.0416
PHC-DST-A1-04,2024-03-28,1,4,4,0.0715
PHC-DST-A1-04,2024-03-29,1,4,4,0.0624
PHC-DST-A1-04,2024-03-30,1,4,4,0.0498
PHC-DST-A1-04,2024-03-31,1,2,2,0.4555
PHC-DST-A1-04,2024-04-01,1,4,4,0.0647
PHC-DST-A1-04,2024-04-02,1,4,4,0.0634
PHC-DST-A1-04,2024-04-03,1,4,4,0.0741
PHC-DST-A1-04,2024-04-04,1,4,4,0.0741
PHC-DST-A1-04,2024-04-05,1,4,4,0.0463
PHC-DST-A1-04,2024-04-06,1,4,4,0.0559
PHC-DST-A1-04,2024-04-07,1,2,2,0.4746
PHC-DST-A1-04,2024-04-08,1,4,4,0.0613
PHC-DST-A1-04,2024-04-09,1,4,4,0.0555
PHC-DST-A1-04,2024-04-10,1,4,4,0.0586
PHC-DST-A1-04,2024-04-11,1,4,4,0.0475
PHC-DST-A1-04,2024-04-12,1,4,4,0.0761
PHC-DST-A1-04,2024-04-13,1,4,4,0.0656
PHC-DST-A1-04,2024-04-14,1,2,2,0.4499
PHC-DST-A1-04,2024-04-15,1,4,4,0.069
PHC-DST-A1-04,2024-04-16,1,4,4,0.066
PHC-DST-A1-04,2024-04-17,1,4,4,0.0793
PHC-DST-A1-04,2024-04-18,1,4,4,0.0581
PHC-DST-A1-04,2024-04-19,1,4,4,0.0519
PHC-DST-A1-04,2024-04-20,1,4,4,0.0664
PHC-DST-A1-04,2024-04-21,1,2,2,0.4418
PHC-DST-A1-04,2024-04-22,1,4,4,0.0491
PHC-DST-A1-04,2024-04-23,1,4,4,0.0586
PHC-DST-A1-04,2024-04-24,1,4,4,0.0442
PHC-DST-A1-04,2024-04-25,1,4,4,
PHC-DST-A1-04,2024-04-26,1,4,4,0.0752
PHC-DST-A1-04,2024-04-27,1,4,4,0.0567
PHC-DST-A1-04,2024-04-28,1,2,2,0.458
PHC-DST-A1-04,2024-04-29,1,4,4,0.0569
PHC-DST-A1-04,2024-04-30,1,4,4,0.071
PHC-DST-A1-04,2024-05-01,1,4,4,0.0507
PHC-DST-A1-04,2024-05-02,1,4,4,0.0452
PHC-DST-A1-04,2024-05-03,1,4,4,0.0602
PHC-DST-A1-04,2024-05-04,1,4,4,0.0742
PHC-DST-A1-04,2024-05-05,1,2,2,0.4754
PHC-DST-A1-04,2024-05-06,1,4,4,0.0725
PHC-DST-A1-04,2024-05-07,1,4,4,0.0546
PHC-DST-A1-04,2024-05-08,1,4,4,0.0591
PHC-DST-A1-04,2024-05-09,1,4,4,0.0508
PHC-DST-A1-04,2024-05-10,1,4,4,0.0619
PHC-DST-A1-04,2024-05-11,1,4,4,0.0466
PHC-DST-A1-04,2024-05-12,1,2,2,0.458
PHC-DST-A1-04,2024-05-13,1,4,4,0.0709
PHC-DST-A1-04,2024-05-14,1,4,4,0.0498
PHC-DST-A1-04,2024-05-15,1,4,4,0.0626
PHC-DST-A1-04,2024-05-16,1,4,4,0.0755
PHC-DST-A1-04,2024-05-17,1,4,4,0.0719
PHC-DST-A1-04,2024-05-18,1,4,4,0.0465
PHC-DST-A1-04,2024-05-19,1,2,2,0.4419
PHC-DST-A1-04,2024-05-20,1,4,4,0.0621
PHC-DST-A1-04,2024-05-21,1,4,4,0.0528
PHC-DST-A1-04,2024-05-22,1,4,4,0.0545
PHC-DST-A1-04,2024-05-23,1,4,4,0.0736
PHC-DST-A1-04,2024-05-24,1,4,4,0.0435
PHC-DST-A1-04,2024-05-25,1,4,4,0.0748
PHC-DST-A1-04,2024-05-26,1,2,2,0.4411
PHC-DST-A1-04,2024-05-27,1,4,4,0.0547
PHC-DST-A1-04,2024-05-28,1,4,4,0.0575
PHC-DST-A1-04,2024-05-29,1,4,4,
PHC-DST-A1-04,2024-05-30,1,4,4,0.0728
PHC-DST-A1-04,2024-05-31,1,4,4,0.0657
PHC-DST-A1-04,2024-06-01,1,4,4,0.0467
PHC-DST-A1-04,2024-06-02,1,2,2,0.4558
PHC-DST-A1-04,2024-06-03,1,4,4,0.0786
PHC-DST-A1-04,2024-06-04,1,4,4,0.0666
PHC-DST-A1-04,2024-06-05,1,4,4,0.0718
PHC-DST-A1-04,2024-06-06,1,4,4,0.0767
PHC-DST-A1-04,2024-06-07,1,4,4,0.0691
PHC-DST-A1-04,2024-06-08,1,4,4,0.0645
PHC-DST-A1-04,2024-06-09,1,2,2,0.4673
PHC-DST-A1-04,2024-06-10,1,4,4,0.0466
PHC-DST-A1-04,2024-06-11,1,4,4,0.0475
PHC-DST-A1-04,2024-06-12,1,4,4,0.0439
PHC-DST-A1-04,2024-06-13,1,4,4,0.0474
PHC-DST-A1-04,2024-06-14,1,4,4,0.0674
PHC-DST-A1-04,2024-06-15,1,4,4,0.0567
PHC-DST-A1-04,2024-06-16,1,2,2,0.475
PHC-DST-A1-04,2024-06-17,1,4,4,0.0646
PHC-DST-A1-04,2024-06-18,1,4,4,0.0622
PHC-DST-A1-04,2024-06-19,1,4,4,0.0666
PHC-DST-A1-04,2024-06-20,1,4,4,0.0766
PHC-DST-A1-04,2024-06-21,1,4,4,0.0646
PHC-DST-A1-04,2024-06-22,1,4,4,0.0574
PHC-DST-A1-04,2024-06-23,1,2,2,0.4734
PHC-DST-A1-04,2024-06-24,1,4,4,0.0751
PHC-DST-A1-04,2024-06-25,1,4,4,0.0715
PHC-DST-A1-04,2024-06-26,1,4,4,0.0612
PHC-DST-A1-04,2024-06-27,1,4,4,0.0582
PHC-DST-A1-04,2024-06-28,1,4,4,0.0521
PHC-DST-A1-04,2024-06-29,1,4,4,0.0501
PHC-DST-A1-04,2024-06-30,1,2,2,0.4769
PHC-DST-A1-04,2024-07-01,1,2,2,0.4205
PHC-DST-A1-04,2024-07-02,1,4,4,0.0504
PHC-DST-A1-04,2024-07-03,1,2,2,0.4899
PHC-DST-A1-04,2024-07-04,1,2,2,0.4411
PHC-DST-A1-04,2024-07-05,1,4,4,0.0563
PHC-DST-A1-04,2024-07-06,1,2,2,0.552
PHC-DST-A1-04,2024-07-07,1,2,2,0.479
PHC-DST-A1-04,2024-07-08,1,4,4,0.0541
PHC-DST-A1-04,2024-07-09,1,4,4,0.0764
PHC-DST-A1-04,2024-07-10,1,4,4,0.0556
PHC-DST-A1-04,2024-07-11,1,4,4,0.0434
PHC-DST-A1-04,2024-07-12,1,4,4,0.0567
PHC-DST-A1-04,2024-07-13,1,4,4,0.0699
PHC-DST-A1-04,2024-07-14,1,2,2,0.4701
PHC-DST-A1-04,2024-07-15,1,4,4,0.0612
PHC-DST-A1-04,2024-07-16,1,4,4,0.0614
PHC-DST-A1-04,2024-07-17,1,4,4,0.0542
PHC-DST-A1-04,2024-07-18,1,4,4,0.077
PHC-DST-A1-04,2024-07-19,1,4,4,0.064
PHC-DST-A1-04,2024-07-20,1,4,4,0.0656
PHC-DST-A1-04,2024-07-21,1,2,2,0.4737
PHC-DST-A1-04,2024-07-22,1,4,4,0.0751
PHC-DST-A1-04,2024-07-23,1,4,4,0.0737
PHC-DST-A1-04,2024-07-24,1,4,4,0.0796
PHC-DST-A1-04,2024-07-25,1,4,4,0.0513
PHC-DST-A1-04,2024-07-26,1,4,4,0.0727
PHC-DST-A1-04,2024-07-27,1,4,4,0.0455
PHC-DST-A1-04,2024-07-28,1,2,2,0.4419
PHC-DST-A1-04,2024-07-29,1,4,4,0.0514
PHC-DST-A1-04,2024-07-30,1,4,4,0.063
PHC-DST-A1-04,2024-07-31,1,4,4,0.0459
PHC-DST-A1-04,2024-08-01,1,4,4,0.064
PHC-DST-A1-04,2024-08-02,1,4,4,0.0573
PHC-DST-A1-04,2024-08-03,1,4,4,0.053
PHC-DST-A1-04,2024-08-04,1,2,2,0.4762
PHC-DST-A1-04,2024-08-05,1,4,4,0.0703
PHC-DST-A1-04,2024-08-06,1,4,4,0.0623
PHC-DST-A1-04,2024-08-07,1,4,4,0.042
PHC-DST-A1-04,2024-08-08,1,4,4,0.0691
PHC-DST-A1-04,2024-08-09,1,4,4,
PHC-DST-A1-04,2024-08-10,1,4,4,0.0466
PHC-DST-A1-04,2024-08-11,1,2,2,0.4598
PHC-DST-A1-04,2024-08-12,1,4,4,0.0594
PHC-DST-A1-04,2024-08-13,1,4,4,0.0622
PHC-DST-A1-04,2024-08-14,1,4,4,0.0742
PHC-DST-A1-04,2024-08-15,1,4,4,0.0658
PHC-DST-A1-04,2024-08-16,1,4,4,0.0763
PHC-DST-A1-04,2024-08-17,1,4,4,0.044
PHC-DST-A1-04,2024-08-18,1,2,2,0.4563
PHC-DST-A1-04,2024-08-19,1,4,4,0.0529
PHC-DST-A1-04,2024-08-20,1,4,4,0.0436
PHC-DST-A1-04,2024-08-21,1,4,4,0.0684
PHC-DST-A1-04,2024-08-22,1,2,2,0.398
PHC-DST-A1-04,2024-08-23,1,4,4,0.0547
PHC-DST-A1-04,2024-08-24,1,4,4,0.0685
PHC-DST-A1-04,2024-08-25,1,2,2,0.451
PHC-DST-A1-04,2024-08-26,1,4,4,0.0716
PHC-DST-A1-04,2024-08-27,1,4,4,0.0719
PHC-DST-A1-04,2024-08-28,1,4,4,0.0603
PHC-DST-A1-04,2024-08-29,1,4,4,0.0596
PHC-DST-A1-04,2024-08-30,1,4,4,0.0748
PHC-DST-A1-04,2024-08-31,1,4,4,0.0698
PHC-DST-A1-04,2024-09-01,1,2,2,0.4723
PHC-DST-A1-04,2024-09-02,1,4,4,0.0573
PHC-DST-A1-04,2024-09-03,1,4,4,0.053
PHC-DST-A1-04,2024-09-04,1,4,4,
PHC-DST-A1-04,2024-09-05,1,4,4,0.045
PHC-DST-A1-04,2024-09-06,1,4,4,0.0748
PHC-DST-A1-04,2024-09-07,1,4,4,0.0474
PHC-DST-A1-04,2024-09-08,1,2,2,0.4636
PHC-DST-A1-04,2024-09-09,1,4,4,0.0515
PHC-DST-A1-04,2024-09-10,1,4,4,0.0498
PHC-DST-A1-04,2024-09-11,1,4,4,0.0402
PHC-DST-A1-04,2024-09-12,1,4,4,0.0725
PHC-DST-A1-04,2024-09-13,1,4,4,0.0542
PHC-DST-A1-04,2024-09-14,1,4,4,
PHC-DST-A1-04,2024-09-15,0,1,1,0.85
PHC-DST-A1-04,2024-09-16,1,4,4,0.0754
PHC-DST-A1-04,2024-09-17,1,4,4,0.0517
PHC-DST-A1-04,2024-09-18,1,4,4,0.0488
PHC-DST-A1-04,2024-09-19,1,4,4,0.0578
PHC-DST-A1-04,2024-09-20,1,4,4,0.0545
PHC-DST-A1-04,2024-09-21,1,4,4,0.057
PHC-DST-A1-04,2024-09-22,1,2,2,0.4558
PHC-DST-A1-04,2024-09-23,1,4,4,0.0711
PHC-DST-A1-04,2024-09-24,1,4,4,0.0585
PHC-DST-A1-04,2024-09-25,1,4,4,0.0442
PHC-DST-A1-04,2024-09-26,1,4,4,0.0798
PHC-DST-A1-04,2024-09-27,1,4,4,0.0518
PHC-DST-A1-04,2024-09-28,1,4,4,0.0622
PHC-DST-A1-04,2024-09-29,1,2,2,0.4496
PHC-DST-A1-04,2024-09-30,1,4,4,0.0687
PHC-DST-A1-04,2024-10-01,1,4,4,0.0512
PHC-DST-A1-04,2024-10-02,1,4,4,0.0546
PHC-DST-A1-04,2024-10-03,1,4,4,0.0773
PHC-DST-A1-04,2024-10-04,1,4,4,0.0737
PHC-DST-A1-04,2024-10-05,1,4,4,0.0546
PHC-DST-A1-04,2024-10-06,1,2,2,0.4446
PHC-DST-A1-04,2024-10-07,1,4,4,0.0719
PHC-DST-A1-04,2024-10-08,1,4,4,0.0574
PHC-DST-A1-04,2024-10-09,1,4,4,0.0745
PHC-DST-A1-04,2024-10-10,1,4,4,0.0724
PHC-DST-A1-04,2024-10-11,1,4,4,0.0523
PHC-DST-A1-04,2024-10-12,1,4,4,0.0553
PHC-DST-A1-04,2024-10-13,1,2,2,0.4775
PHC-DST-A1-04,2024-10-14,1,4,4,0.0584
PHC-DST-A1-04,2024-10-15,1,4,4,
PHC-DST-A1-04,2024-10-16,1,4,4,0.0502
PHC-DST-A1-04,2024-10-17,1,4,4,0.0529
PHC-DST-A1-04,2024-10-18,1,4,4,0.0633
PHC-DST-A1-04,2024-10-19,1,4,4,0.0629
PHC-DST-A1-04,2024-10-20,1,2,2,0.4777
PHC-DST-A1-04,2024-10-21,1,4,4,0.0786
PHC-DST-A1-04,2024-10-22,1,4,4,0.0597
PHC-DST-A1-04,2024-10-23,1,4,4,0.0766
PHC-DST-A1-04,2024-10-24,1,4,4,0.0726
PHC-DST-A1-04,2024-10-25,1,4,4,0.0775
PHC-DST-A1-04,2024-10-26,1,4,4,0.0689
PHC-DST-A1-04,2024-10-27,1,2,2,0.477
PHC-DST-A1-04,2024-10-28,1,4,4,0.0504
PHC-DST-A1-04,2024-10-29,1,4,4,0.064
PHC-DST-A1-04,2024-10-30,1,4,4,0.0637
PHC-DST-A1-04,2024-10-31,1,4,4,0.0443
PHC-DST-A1-04,2024-11-01,1,4,4,0.0795
PHC-DST-A1-04,2024-11-02,1,4,4,0.0614
PHC-DST-A1-04,2024-11-03,1,2,2,0.4504
PHC-DST-A1-04,2024-11-04,1,4,4,0.0607
PHC-DST-A1-04,2024-11-05,1,4,4,0.0558
PHC-DST-A1-04,2024-11-06,1,4,4,0.0583
PHC-DST-A1-04,2024-11-07,1,4,4,0.0572
PHC-DST-A1-04,2024-11-08,1,4,4,0.0732
PHC-DST-A1-04,2024-11-09,1,4,4,0.0702
PHC-DST-A1-04,2024-11-10,1,2,2,0.4633
PHC-DST-A1-04,2024-11-11,1,4,4,0.0602
PHC-DST-A1-04,2024-11-12,1,4,4,0.0706
PHC-DST-A1-04,2024-11-13,1,4,4,0.0464
PHC-DST-A1-04,2024-11-14,1,4,4,0.0497
PHC-DST-A1-04,2024-11-15,1,4,4,0.0566
PHC-DST-A1-04,2024-11-16,1,4,4,0.0414
PHC-DST-A1-04,2024-11-17,1,2,2,0.4642
PHC-DST-A1-04,2024-11-18,1,4,4,0.0493
PHC-DST-A1-04,2024-11-19,1,4,4,0.0786
PHC-DST-A1-04,2024-11-20,1,4,4,0.0732
PHC-DST-A1-04,2024-11-21,1,4,4,0.0454
PHC-DST-A1-04,2024-11-22,1,4,4,0.0434
PHC-DST-A1-04,2024-11-23,1,4,4,0.0416
PHC-DST-A1-04,2024-11-24,1,2,2,0.4526
PHC-DST-A1-04,2024-11-25,1,4,4,0.0772
PHC-DST-A1-04,2024-11-26,1,4,4,0.0595
PHC-DST-A1-04,2024-11-27,1,4,4,0.0557
PHC-DST-A1-04,2024-11-28,1,4,4,0.0791
PHC-DST-A1-04,2024-11-29,1,4,4,0.0451
PHC-DST-A1-04,2024-11-30,1,4,4,0.0785
PHC-DST-A1-04,2024-12-01,1,2,2,0.4587
PHC-DST-A1-04,2024-12-02,1,4,4,0.0407
PHC-DST-A1-04,2024-12-03,1,4,4,0.0543
PHC-DST-A1-04,2024-12-04,1,4,4,
PHC-DST-A1-04,2024-12-05,1,4,4,0.0406
PHC-DST-A1-04,2024-12-06,1,4,4,
PHC-DST-A1-04,2024-12-07,1,4,4,0.0777
PHC-DST-A1-04,2024-12-08,1,2,2,0.4757
PHC-DST-A1-04,2024-12-09,1,4,4,0.0795
PHC-DST-A1-04,2024-12-10,1,4,4,0.0502
PHC-DST-A1-04,2024-12-11,1,4,4,0.0461
PHC-DST-A1-04,2024-12-12,1,4,4,0.0457
PHC-DST-A1-04,2024-12-13,1,4,4,0.0522
PHC-DST-A1-04,2024-12-14,1,4,4,0.051
PHC-DST-A1-04,2024-12-15,1,2,2,0.4559
PHC-DST-A1-04,2024-12-16,1,4,4,0.0487
PHC-DST-A1-04,2024-12-17,1,4,4,0.0507
PHC-DST-A1-04,2024-12-18,1,4,4,0.0408
PHC-DST-A1-04,2024-12-19,1,4,4,0.0746
PHC-DST-A1-04,2024-12-20,1,4,4,0.0645
PHC-DST-A1-04,2024-12-21,1,4,4,0.0452
PHC-DST-A1-04,2024-12-22,1,2,2,0.4616
PHC-DST-A1-04,2024-12-23,1,4,4,0.0473
PHC-DST-A1-04,2024-12-24,1,4,4,0.0557
PHC-DST-A1-04,2024-12-25,1,4,4,0.0409
PHC-DST-A1-04,2024-12-26,1,4,4,0.0585
PHC-DST-A1-04,2024-12-27,1,4,4,0.0763
PHC-DST-A1-04,2024-12-28,1,4,4,
PHC-DST-A1-04,2024-12-29,1,2,2,0.4637
PHC-DST-A1-04,2024-12-30,1,4,4,0.0429
PHC-DST-A1-04,2024-12-31,1,4,4,0.0747
PHC-DST-A1-04,2025-01-01,1,4,4,0.0494
PHC-DST-A1-04,2025-01-02,1,4,4,0.051
PHC-DST-A1-04,2025-01-03,1,4,4,0.0482
PHC-DST-A1-04,2025-01-04,1,4,4,0.0751
PHC-DST-A1-04,2025-01-05,1,2,2,0.4552
PHC-DST-A1-04,2025-01-06,1,4,4,0.0573
PHC-DST-A1-04,2025-01-07,1,4,4,0.0777
PHC-DST-A1-04,2025-01-08,1,4,4,0.0461
PHC-DST-A1-04,2025-01-09,1,4,4,0.0604
PHC-DST-A1-04,2025-01-10,1,4,4,0.0478
PHC-DST-A1-04,2025-01-11,1,4,4,0.0503
PHC-DST-A1-04,2025-01-12,1,2,2,0.4714
PHC-DST-A1-04,2025-01-13,1,4,4,0.0564
PHC-DST-A1-04,2025-01-14,1,4,4,0.041
PHC-DST-A1-04,2025-01-15,1,4,4,0.0481
PHC-DST-A1-04,2025-01-16,1,4,4,0.0667
PHC-DST-A1-04,2025-01-17,1,4,4,0.0429
PHC-DST-A1-04,2025-01-18,1,4,4,0.0741
PHC-DST-A1-04,2025-01-19,1,2,2,0.4686
PHC-DST-A1-04,2025-01-20,1,4,4,0.0521
PHC-DST-A1-04,2025-01-21,1,4,4,0.0767
PHC-DST-A1-04,2025-01-22,1,4,4,0.0428
PHC-DST-A1-04,2025-01-23,1,4,4,0.0442
PHC-DST-A1-04,2025-01-24,1,4,4,0.0547
PHC-DST-A1-04,2025-01-25,1,4,4,0.075
PHC-DST-A1-04,2025-01-26,1,2,2,0.452
PHC-DST-A1-04,2025-01-27,1,4,4,0.0601
PHC-DST-A1-04,2025-01-28,1,4,4,0.0404
PHC-DST-A1-04,2025-01-29,1,4,4,0.0573
PHC-DST-A1-04,2025-01-30,1,4,4,0.0509
PHC-DST-A1-04,2025-01-31,1,4,4,0.0617
PHC-DST-A1-04,2025-02-01,1,4,4,0.0462
PHC-DST-A1-04,2025-02-02,1,2,2,0.4491
PHC-DST-A1-04,2025-02-03,1,4,4,0.0565
PHC-DST-A1-04,2025-02-04,1,4,4,0.0743
PHC-DST-A1-04,2025-02-05,1,4,4,0.0688
PHC-DST-A1-04,2025-02-06,1,4,4,0.0618
PHC-DST-A1-04,2025-02-07,1,4,4,0.057
PHC-DST-A1-04,2025-02-08,1,4,4,0.0584
PHC-DST-A1-04,2025-02-09,1,2,2,0.4721
PHC-DST-A1-04,2025-02-10,1,4,4,0.0465
PHC-DST-A1-04,2025-02-11,1,4,4,0.0751
PHC-DST-A1-04,2025-02-12,1,4,4,0.0442
PHC-DST-A1-04,2025-02-13,1,4,4,0.0445
PHC-DST-A1-04,2025-02-14,1,4,4,0.0728
PHC-DST-A1-04,2025-02-15,1,4,4,0.0607
PHC-DST-A1-04,2025-02-16,1,2,2,0.4463
PHC-DST-A1-04,2025-02-17,1,4,4,0.0726
PHC-DST-A1-04,2025-02-18,1,4,4,0.0647
PHC-DST-A1-04,2025-02-19,1,4,4,0.0673
PHC-DST-A1-04,2025-02-20,1,4,4,0.0529
PHC-DST-A1-04,2025-02-21,1,4,4,0.0513
PHC-DST-A1-04,2025-02-22,1,4,4,0.0781
PHC-DST-A1-04,2025-02-23,1,2,2,0.4789
PHC-DST-A1-04,2025-02-24,1,4,4,0.0501
PHC-DST-A1-04,2025-02-25,1,4,4,0.0683
PHC-DST-A1-04,2025-02-26,1,4,4,0.0696
PHC-DST-A1-04,2025-02-27,1,4,4,0.0429
PHC-DST-A1-04,2025-02-28,1,4,4,0.0663
PHC-DST-A1-04,2025-03-01,1,4,4,
PHC-DST-A1-04,2025-03-02,1,2,2,
PHC-DST-A1-04,2025-03-03,1,4,4,0.0766
PHC-DST-A1-04,2025-03-04,1,4,4,0.0723
PHC-DST-A1-04,2025-03-05,1,4,4,0.0707
PHC-DST-A1-04,2025-03-06,1,4,4,0.0685
PHC-DST-A1-04,2025-03-07,1,4,4,0.0796
PHC-DST-A1-04,2025-03-08,1,4,4,0.0703
PHC-DST-A1-04,2025-03-09,1,2,2,0.4439
PHC-DST-A1-04,2025-03-10,1,4,4,0.0784
PHC-DST-A1-04,2025-03-11,1,4,4,0.049
PHC-DST-A1-04,2025-03-12,1,4,4,0.0625
PHC-DST-A1-04,2025-03-13,1,4,4,0.0687
PHC-DST-A1-04,2025-03-14,1,4,4,0.0524
PHC-DST-A1-04,2025-03-15,1,4,4,0.0598
PHC-DST-A1-04,2025-03-16,1,2,2,0.4758
PHC-DST-A1-04,2025-03-17,1,4,4,0.0435
PHC-DST-A1-04,2025-03-18,1,4,4,0.0401
PHC-DST-A1-04,2025-03-19,1,4,4,0.0674
PHC-DST-A1-04,2025-03-20,1,4,4,0.073
PHC-DST-A1-04,2025-03-21,1,4,4,0.0593
PHC-DST-A1-04,2025-03-22,1,4,4,0.0654
PHC-DST-A1-04,2025-03-23,1,2,2,0.4551
PHC-DST-A1-04,2025-03-24,1,4,4,0.0781
PHC-DST-A1-04,2025-03-25,1,4,4,0.0756
PHC-DST-A1-04,2025-03-26,1,4,4,0.0629
PHC-DST-A1-04,2025-03-27,1,4,4,0.0647
PHC-DST-A1-04,2025-03-28,1,4,4,0.0653
PHC-DST-A1-04,2025-03-29,1,4,4,0.0694
PHC-DST-A1-04,2025-03-30,1,2,2,0.4594
PHC-DST-A1-04,2025-03-31,1,4,4,0.0724
PHC-DST-A1-04,2025-04-01,1,4,4,0.0726
PHC-DST-A1-04,2025-04-02,1,4,4,0.0521
PHC-DST-A1-04,2025-04-03,1,4,4,0.0468
PHC-DST-A1-04,2025-04-04,1,4,4,0.054
PHC-DST-A1-04,2025-04-05,1,4,4,0.0527
PHC-DST-A1-04,2025-04-06,1,2,2,0.4648
PHC-DST-A1-04,2025-04-07,1,4,4,0.0586
PHC-DST-A1-04,2025-04-08,1,4,4,0.0483
PHC-DST-A1-04,2025-04-09,1,4,4,0.0453
PHC-DST-A1-04,2025-04-10,1,4,4,0.0447
PHC-DST-A1-04,2025-04-11,1,4,4,0.0442
PHC-DST-A1-04,2025-04-12,1,4,4,0.0546
PHC-DST-A1-04,2025-04-13,1,2,2,0.4428
PHC-DST-A1-04,2025-04-14,1,4,4,0.0595
PHC-DST-A1-04,2025-04-15,1,4,4,0.0627
PHC-DST-A1-04,2025-04-16,1,4,4,0.0665
PHC-DST-A1-04,2025-04-17,1,4,4,0.045
PHC-DST-A1-04,2025-04-18,1,4,4,0.0661
PHC-DST-A1-04,2025-04-19,1,4,4,0.071
PHC-DST-A1-04,2025-04-20,1,2,2,0.4503
PHC-DST-A1-04,2025-04-21,1,4,4,0.0638
PHC-DST-A1-04,2025-04-22,1,4,4,0.0721
PHC-DST-A1-04,2025-04-23,1,4,4,0.0659
PHC-DST-A1-04,2025-04-24,1,4,4,0.0459
PHC-DST-A1-04,2025-04-25,1,4,4,0.0557
PHC-DST-A1-04,2025-04-26,1,4,4,0.0596
PHC-DST-A1-04,2025-04-27,1,2,2,0.4594
PHC-DST-A1-04,2025-04-28,1,4,4,0.0627
PHC-DST-A1-04,2025-04-29,1,4,4,0.0743
PHC-DST-A1-04,2025-04-30,1,4,4,0.0783
PHC-DST-A1-04,2025-05-01,1,4,4,0.07
PHC-DST-A1-04,2025-05-02,1,4,4,0.0491
PHC-DST-A1-04,2025-05-03,1,4,4,0.0631
PHC-DST-A1-04,2025-05-04,1,2,2,0.4656
PHC-DST-A1-04,2025-05-05,1,4,4,0.0759
PHC-DST-A1-04,2025-05-06,1,4,4,0.0595
PHC-DST-A1-04,2025-05-07,1,4,4,0.0562
PHC-DST-A1-04,2025-05-08,1,4,4,0.0654
PHC-DST-A1-04,2025-05-09,1,4,4,0.0572
PHC-DST-A1-04,2025-05-10,1,4,4,0.0555
PHC-DST-A1-04,2025-05-11,1,2,2,0.455
PHC-DST-A1-04,2025-05-12,1,4,4,0.0479
PHC-DST-A1-04,2025-05-13,1,4,4,0.0716
PHC-DST-A1-04,2025-05-14,1,4,4,0.0493
PHC-DST-A1-04,2025-05-15,1,4,4,0.0506
PHC-DST-A1-04,2025-05-16,1,4,4,0.0457
PHC-DST-A1-04,2025-05-17,1,4,4,0.0496
PHC-DST-A1-04,2025-05-18,1,2,2,0.4494
PHC-DST-A1-04,2025-05-19,1,4,4,0.0776
PHC-DST-A1-04,2025-05-20,1,4,4,0.0783
PHC-DST-A1-04,2025-05-21,1,4,4,0.0592
PHC-DST-A1-04,2025-05-22,1,4,4,0.0566
PHC-DST-A1-04,2025-05-23,1,4,4,0.0526
PHC-DST-A1-04,2025-05-24,1,4,4,0.053
PHC-DST-A1-04,2025-05-25,1,2,2,0.4525
PHC-DST-A1-04,2025-05-26,1,4,4,0.0666
PHC-DST-A1-04,2025-05-27,1,4,4,0.0795
PHC-DST-A1-04,2025-05-28,1,4,4,0.0691
PHC-DST-A1-04,2025-05-29,1,4,4,0.0495
PHC-DST-A1-04,2025-05-30,1,4,4,0.0667
PHC-DST-A1-04,2025-05-31,1,4,4,0.0605
PHC-DST-A1-04,2025-06-01,1,2,2,0.4643
PHC-DST-A1-04,2025-06-02,1,4,4,0.0516
PHC-DST-A1-04,2025-06-03,1,4,4,0.0458
PHC-DST-A1-04,2025-06-04,1,4,4,0.0413
PHC-DST-A1-04,2025-06-05,1,4,4,0.0709
PHC-DST-A1-04,2025-06-06,1,4,4,0.0604
PHC-DST-A1-04,2025-06-07,1,4,4,0.0652
PHC-DST-A1-04,2025-06-08,1,2,2,0.4601
PHC-DST-A1-04,2025-06-09,1,4,4,0.0548
PHC-DST-A1-04,2025-06-10,1,4,4,0.0658
PHC-DST-A1-04,2025-06-11,1,4,4,0.0675
PHC-DST-A1-04,2025-06-12,1,4,4,0.0745
PHC-DST-A1-04,2025-06-13,1,4,4,0.053
PHC-DST-A1-04,2025-06-14,1,4,4,0.0437
PHC-DST-A1-04,2025-06-15,1,2,2,0.4549
PHC-DST-A1-04,2025-06-16,1,4,4,0.0467
PHC-DST-A1-04,2025-06-17,1,4,4,0.0471
PHC-DST-A1-04,2025-06-18,1,4,4,0.045
PHC-DST-A1-04,2025-06-19,1,4,4,0.0495
PHC-DST-A1-04,2025-06-20,1,4,4,0.043
PHC-DST-A1-04,2025-06-21,1,4,4,0.0781
PHC-DST-A1-04,2025-06-22,1,2,2,0.4527
PHC-DST-A1-04,2025-06-23,1,4,4,0.0788
PHC-DST-A1-04,2025-06-24,1,4,4,0.045
PHC-DST-A1-04,2025-06-25,1,4,4,0.0405
PHC-DST-A1-04,2025-06-26,1,4,4,0.0677
PHC-DST-A1-04,2025-06-27,1,4,4,0.0441
PHC-DST-A1-04,2025-06-28,1,4,4,0.0773
PHC-DST-A1-04,2025-06-29,1,2,2,0.4511
PHC-DST-A1-04,2025-06-30,1,4,4,0.0462
PHC-DST-A1-05,2024-01-01,1,2,2,0.0432
PHC-DST-A1-05,2024-01-02,1,2,2,0.0555
PHC-DST-A1-05,2024-01-03,1,2,2,0.05
PHC-DST-A1-05,2024-01-04,1,2,2,0.076
PHC-DST-A1-05,2024-01-05,1,2,2,0.0507
PHC-DST-A1-05,2024-01-06,1,2,2,0.0597
PHC-DST-A1-05,2024-01-07,1,1,1,0.4551
PHC-DST-A1-05,2024-01-08,1,2,2,0.0459
PHC-DST-A1-05,2024-01-09,1,2,2,0.0661
PHC-DST-A1-05,2024-01-10,1,2,2,0.0416
PHC-DST-A1-05,2024-01-11,1,2,2,0.0464
PHC-DST-A1-05,2024-01-12,1,2,2,0.0561
PHC-DST-A1-05,2024-01-13,1,2,2,0.0724
PHC-DST-A1-05,2024-01-14,1,1,1,0.4746
PHC-DST-A1-05,2024-01-15,1,2,2,0.0792
PHC-DST-A1-05,2024-01-16,1,2,2,0.0693
PHC-DST-A1-05,2024-01-17,1,2,2,0.0661
PHC-DST-A1-05,2024-01-18,1,2,2,0.061
PHC-DST-A1-05,2024-01-19,1,2,2,0.0694
PHC-DST-A1-05,2024-01-20,1,2,2,0.0716
PHC-DST-A1-05,2024-01-21,1,1,1,0.4555
PHC-DST-A1-05,2024-01-22,1,2,2,0.0702
PHC-DST-A1-05,2024-01-23,1,2,2,0.053
PHC-DST-A1-05,2024-01-24,1,2,2,0.061
PHC-DST-A1-05,2024-01-25,1,2,2,0.0597
PHC-DST-A1-05,2024-01-26,1,2,2,0.0587
PHC-DST-A1-05,2024-01-27,1,2,2,0.0602
PHC-DST-A1-05,2024-01-28,1,1,1,0.4729
PHC-DST-A1-05,2024-01-29,1,2,2,0.0707
PHC-DST-A1-05,2024-01-30,1,2,2,0.0512
PHC-DST-A1-05,2024-01-31,1,2,2,0.0443
PHC-DST-A1-05,2024-02-01,1,2,2,0.0419
PHC-DST-A1-05,2024-02-02,1,2,2,0.0473
PHC-DST-A1-05,2024-02-03,1,2,2,0.0498
PHC-DST-A1-05,2024-02-04,1,1,1,0.45
PHC-DST-A1-05,2024-02-05,1,2,2,0.0766
PHC-DST-A1-05,2024-02-06,1,2,2,0.0421
PHC-DST-A1-05,2024-02-07,1,2,2,0.0509
PHC-DST-A1-05,2024-02-08,1,2,2,0.0737
PHC-DST-A1-05,2024-02-09,1,2,2,0.0501
PHC-DST-A1-05,2024-02-10,1,2,2,0.0531
PHC-DST-A1-05,2024-02-11,1,1,1,0.4715
PHC-DST-A1-05,2024-02-12,1,2,2,0.056
PHC-DST-A1-05,2024-02-13,1,2,2,0.0679
PHC-DST-A1-05,2024-02-14,1,2,2,0.0742
PHC-DST-A1-05,2024-02-15,1,2,2,0.0755
PHC-DST-A1-05,2024-02-16,1,2,2,0.0679
PHC-DST-A1-05,2024-02-17,1,2,2,0.0719
PHC-DST-A1-05,2024-02-18,1,1,1,0.4636
PHC-DST-A1-05,2024-02-19,1,2,2,0.0471
PHC-DST-A1-05,2024-02-20,1,2,2,0.0706
PHC-DST-A1-05,2024-02-21,1,2,2,0.0461
PHC-DST-A1-05,2024-02-22,1,2,2,0.0495
PHC-DST-A1-05,2024-02-23,1,2,2,0.064
PHC-DST-A1-05,2024-02-24,1,2,2,0.0705
PHC-DST-A1-05,2024-02-25,1,1,1,0.4502
PHC-DST-A1-05,2024-02-26,1,2,2,0.0485
PHC-DST-A1-05,2024-02-27,1,2,2,0.0731
PHC-DST-A1-05,2024-02-28,1,2,2,0.0447
PHC-DST-A1-05,2024-02-29,1,2,2,0.0687
PHC-DST-A1-05,2024-03-01,1,2,2,0.0594
PHC-DST-A1-05,2024-03-02,1,2,2,0.0715
PHC-DST-A1-05,2024-03-03,1,1,1,0.4437
PHC-DST-A1-05,2024-03-04,1,2,2,0.0631
PHC-DST-A1-05,2024-03-05,1,2,2,0.0705
PHC-DST-A1-05,2024-03-06,1,2,2,0.0536
PHC-DST-A1-05,2024-03-07,1,2,2,0.062
PHC-DST-A1-05,2024-03-08,1,2,2,0.0464
PHC-DST-A1-05,2024-03-09,1,2,2,0.0499
PHC-DST-A1-05,2024-03-10,1,1,1,0.4498
PHC-DST-A1-05,2024-03-11,1,2,2,0.0682
PHC-DST-A1-05,2024-03-12,1,2,2,0.0404
PHC-DST-A1-05,2024-03-13,1,2,2,0.041
PHC-DST-A1-05,2024-03-14,1,2,2,0.0454
PHC-DST-A1-05,2024-03-15,1,2,2,
PHC-DST-A1-05,2024-03-16,1,2,2,0.0772
PHC-DST-A1-05,2024-03-17,1,1,1,0.4445
PHC-DST-A1-05,2024-03-18,1,2,2,0.0509
PHC-DST-A1-05,2024-03-19,1,2,2,0.043
PHC-DST-A1-05,2024-03-20,1,2,2,0.0488
PHC-DST-A1-05,2024-03-21,1,2,2,0.0598
PHC-DST-A1-05,2024-03-22,1,2,2,0.0608
PHC-DST-A1-05,2024-03-23,1,2,2,0.0468
PHC-DST-A1-05,2024-03-24,1,1,1,0.4631
PHC-DST-A1-05,2024-03-25,1,2,2,0.0739
PHC-DST-A1-05,2024-03-26,1,2,2,0.0458
PHC-DST-A1-05,2024-03-27,1,2,2,0.0474
PHC-DST-A1-05,2024-03-28,1,2,2,0.0728
PHC-DST-A1-05,2024-03-29,1,2,2,0.0448
PHC-DST-A1-05,2024-03-30,1,2,2,0.0419
PHC-DST-A1-05,2024-03-31,1,1,1,0.4694
PHC-DST-A1-05,2024-04-01,1,2,2,
PHC-DST-A1-05,2024-04-02,1,2,2,0.0799
PHC-DST-A1-05,2024-04-03,1,2,2,0.0468
PHC-DST-A1-05,2024-04-04,1,2,2,0.0571
PHC-DST-A1-05,2024-04-05,1,2,2,0.08
PHC-DST-A1-05,2024-04-06,1,2,2,0.0636
PHC-DST-A1-05,2024-04-07,1,1,1,0.4786
PHC-DST-A1-05,2024-04-08,1,2,2,0.0533
PHC-DST-A1-05,2024-04-09,1,2,2,0.0634
PHC-DST-A1-05,2024-04-10,1,2,2,0.0521
PHC-DST-A1-05,2024-04-11,1,2,2,0.0428
PHC-DST-A1-05,2024-04-12,1,2,2,0.0435
PHC-DST-A1-05,2024-04-13,1,2,2,0.0523
PHC-DST-A1-05,2024-04-14,1,1,1,0.4487
PHC-DST-A1-05,2024-04-15,1,2,2,0.0706
PHC-DST-A1-05,2024-04-16,1,2,2,0.0585
PHC-DST-A1-05,2024-04-17,1,2,2,0.0517
PHC-DST-A1-05,2024-04-18,1,2,2,0.0521
PHC-DST-A1-05,2024-04-19,1,2,2,0.0463
PHC-DST-A1-05,2024-04-20,1,2,2,0.0571
PHC-DST-A1-05,2024-04-21,1,1,1,0.4649
PHC-DST-A1-05,2024-04-22,1,2,2,0.0637
PHC-DST-A1-05,2024-04-23,1,2,2,0.0645
PHC-DST-A1-05,2024-04-24,1,2,2,0.0707
PHC-DST-A1-05,2024-04-25,1,2,2,0.0598
PHC-DST-A1-05,2024-04-26,1,2,2,0.0778
PHC-DST-A1-05,2024-04-27,1,2,2,0.0555
PHC-DST-A1-05,2024-04-28,1,1,1,0.473
PHC-DST-A1-05,2024-04-29,1,2,2,0.0719
PHC-DST-A1-05,2024-04-30,1,2,2,0.0545
PHC-DST-A1-05,2024-05-01,1,2,2,0.0786
PHC-DST-A1-05,2024-05-02,1,2,2,0.0455
PHC-DST-A1-05,2024-05-03,1,2,2,0.0762
PHC-DST-A1-05,2024-05-04,1,2,2,0.0473
PHC-DST-A1-05,2024-05-05,1,1,1,0.4701
PHC-DST-A1-05,2024-05-06,1,2,2,0.0507
PHC-DST-A1-05,2024-05-07,1,2,2,0.0638
PHC-DST-A1-05,2024-05-08,1,2,2,0.0783
PHC-DST-A1-05,2024-05-09,1,2,2,0.0722
PHC-DST-A1-05,2024-05-10,1,2,2,0.0682
PHC-DST-A1-05,2024-05-11,1,2,2,0.045
PHC-DST-A1-05,2024-05-12,1,1,1,0.4447
PHC-DST-A1-05,2024-05-13,1,2,2,0.047
PHC-DST-A1-05,2024-05-14,1,2,2,0.0469
PHC-DST-A1-05,2024-05-15,1,2,2,0.0619
PHC-DST-A1-05,2024-05-16,1,2,2,0.0413
PHC-DST-A1-05,2024-05-17,1,2,2,0.0624
PHC-DST-A1-05,2024-05-18,1,2,2,0.0615
PHC-DST-A1-05,2024-05-19,1,1,1,0.4455
PHC-DST-A1-05,2024-05-20,1,2,2,0.0412
PHC-DST-A1-05,2024-05-21,1,2,2,0.0538
PHC-DST-A1-05,2024-05-22,1,2,2,0.0584
PHC-DST-A1-05,2024-05-23,1,2,2,0.0453
PHC-DST-A1-05,2024-05-24,1,2,2,0.0754
PHC-DST-A1-05,2024-05-25,1,2,2,0.0635
PHC-DST-A1-05,2024-05-26,1,1,1,
PHC-DST-A1-05,2024-05-27,1,2,2,0.0511
PHC-DST-A1-05,2024-05-28,1,2,2,0.0639
PHC-DST-A1-05,2024-05-29,1,2,2,0.0518
PHC-DST-A1-05,2024-05-30,1,2,2,0.0562
PHC-DST-A1-05,2024-05-31,1,2,2,0.0466
PHC-DST-A1-05,2024-06-01,1,2,2,0.0677
PHC-DST-A1-05,2024-06-02,1,1,1,0.4477
PHC-DST-A1-05,2024-06-03,1,2,2,0.0632
PHC-DST-A1-05,2024-06-04,1,2,2,0.058
PHC-DST-A1-05,2024-06-05,1,2,2,0.0449
PHC-DST-A1-05,2024-06-06,1,2,2,0.0619
PHC-DST-A1-05,2024-06-07,1,2,2,0.0786
PHC-DST-A1-05,2024-06-08,1,2,2,0.0593
PHC-DST-A1-05,2024-06-09,1,1,1,0.4492
PHC-DST-A1-05,2024-06-10,1,2,2,0.0719
PHC-DST-A1-05,2024-06-11,1,2,2,0.0517
PHC-DST-A1-05,2024-06-12,1,2,2,0.0629
PHC-DST-A1-05,2024-06-13,1,2,2,0.0554
PHC-DST-A1-05,2024-06-14,1,2,2,0.077
PHC-DST-A1-05,2024-06-15,1,2,2,0.0488
PHC-DST-A1-05,2024-06-16,1,1,1,0.4512
PHC-DST-A1-05,2024-06-17,1,2,2,0.0744
PHC-DST-A1-05,2024-06-18,1,2,2,0.0658
PHC-DST-A1-05,2024-06-19,1,2,2,0.0728
PHC-DST-A1-05,2024-06-20,1,2,2,0.0578
PHC-DST-A1-05,2024-06-21,1,2,2,0.0459
PHC-DST-A1-05,2024-06-22,1,2,2,0.0702
PHC-DST-A1-05,2024-06-23,1,1,1,0.4782
PHC-DST-A1-05,2024-06-24,1,2,2,0.0704
PHC-DST-A1-05,2024-06-25,1,2,2,0.0524
PHC-DST-A1-05,2024-06-26,1,2,2,0.0654
PHC-DST-A1-05,2024-06-27,1,2,2,0.0701
PHC-DST-A1-05,2024-06-28,1,2,2,0.0429
PHC-DST-A1-05,2024-06-29,1,2,2,0.0594
PHC-DST-A1-05,2024-06-30,1,1,1,0.4627
PHC-DST-A1-05,2024-07-01,1,1,1,0.4438
PHC-DST-A1-05,2024-07-02,1,2,2,0.0474
PHC-DST-A1-05,2024-07-03,1,1,1,0.4671
PHC-DST-A1-05,2024-07-04,1,1,1,0.5449
PHC-DST-A1-05,2024-07-05,1,2,2,0.0402
PHC-DST-A1-05,2024-07-06,1,1,1,0.5243
PHC-DST-A1-05,2024-07-07,1,1,1,0.4661
PHC-DST-A1-05,2024-07-08,1,2,2,0.0781
PHC-DST-A1-05,2024-07-09,1,2,2,0.0418
PHC-DST-A1-05,2024-07-10,1,2,2,0.0713
PHC-DST-A1-05,2024-07-11,1,2,2,0.0637
PHC-DST-A1-05,2024-07-12,1,2,2,0.0545
PHC-DST-A1-05,2024-07-13,1,2,2,0.0648
PHC-DST-A1-05,2024-07-14,1,1,1,0.4425
PHC-DST-A1-05,2024-07-15,1,2,2,0.0793
PHC-DST-A1-05,2024-07-16,1,2,2,0.0505
PHC-DST-A1-05,2024-07-17,1,2,2,0.0726
PHC-DST-A1-05,2024-07-18,1,2,2,0.0593
PHC-DST-A1-05,2024-07-19,1,2,2,0.0535
PHC-DST-A1-05,2024-07-20,1,2,2,0.058
PHC-DST-A1-05,2024-07-21,1,1,1,0.4685
PHC-DST-A1-05,2024-07-22,1,2,2,0.0642
PHC-DST-A1-05,2024-07-23,1,2,2,0.0607
PHC-DST-A1-05,2024-07-24,1,2,2,
PHC-DST-A1-05,2024-07-25,1,2,2,0.064
PHC-DST-A1-05,2024-07-26,1,2,2,0.0593
PHC-DST-A1-05,2024-07-27,1,2,2,
PHC-DST-A1-05,2024-07-28,1,1,1,0.4419
PHC-DST-A1-05,2024-07-29,1,2,2,0.0577
PHC-DST-A1-05,2024-07-30,1,2,2,0.0778
PHC-DST-A1-05,2024-07-31,1,2,2,0.0527
PHC-DST-A1-05,2024-08-01,1,2,2,0.0486
PHC-DST-A1-05,2024-08-02,1,2,2,0.0769
PHC-DST-A1-05,2024-08-03,1,2,2,0.0441
PHC-DST-A1-05,2024-08-04,1,1,1,0.4519
PHC-DST-A1-05,2024-08-05,1,2,2,0.0709
PHC-DST-A1-05,2024-08-06,1,2,2,0.0688
PHC-DST-A1-05,2024-08-07,1,2,2,0.0685
PHC-DST-A1-05,2024-08-08,1,2,2,0.0663
PHC-DST-A1-05,2024-08-09,1,2,2,0.0766
PHC-DST-A1-05,2024-08-10,1,2,2,0.0452
PHC-DST-A1-05,2024-08-11,1,1,1,0.4679
PHC-DST-A1-05,2024-08-12,1,2,2,0.0769
PHC-DST-A1-05,2024-08-13,1,2,2,0.0627
PHC-DST-A1-05,2024-08-14,1,2,2,0.0648
PHC-DST-A1-05,2024-08-15,1,2,2,0.0436
PHC-DST-A1-05,2024-08-16,1,2,2,0.0507
PHC-DST-A1-05,2024-08-17,1,2,2,0.0696
PHC-DST-A1-05,2024-08-18,1,1,1,
PHC-DST-A1-05,2024-08-19,1,2,2,0.0782
PHC-DST-A1-05,2024-08-20,1,2,2,0.0462
PHC-DST-A1-05,2024-08-21,1,2,2,0.0453
PHC-DST-A1-05,2024-08-22,1,1,1,0.5666
PHC-DST-A1-05,2024-08-23,1,2,2,0.0458
PHC-DST-A1-05,2024-08-24,1,2,2,0.0662
PHC-DST-A1-05,2024-08-25,1,1,1,0.4666
PHC-DST-A1-05,2024-08-26,1,2,2,0.0488
PHC-DST-A1-05,2024-08-27,1,2,2,0.0414
PHC-DST-A1-05,2024-08-28,1,2,2,0.0713
PHC-DST-A1-05,2024-08-29,1,2,2,0.0625
PHC-DST-A1-05,2024-08-30,1,2,2,0.0772
PHC-DST-A1-05,2024-08-31,1,2,2,0.0551
PHC-DST-A1-05,2024-09-01,1,1,1,0.4657
PHC-DST-A1-05,2024-09-02,1,2,2,0.0465
PHC-DST-A1-05,2024-09-03,1,2,2,0.0484
PHC-DST-A1-05,2024-09-04,1,2,2,0.0414
PHC-DST-A1-05,2024-09-05,1,2,2,0.0471
PHC-DST-A1-05,2024-09-06,1,2,2,0.0424
PHC-DST-A1-05,2024-09-07,1,2,2,0.0744
PHC-DST-A1-05,2024-09-08,1,1,1,0.4422
PHC-DST-A1-05,2024-09-09,1,2,2,0.0646
PHC-DST-A1-05,2024-09-10,1,2,2,0.0608
PHC-DST-A1-05,2024-09-11,1,2,2,0.0415
PHC-DST-A1-05,2024-09-12,1,2,2,0.0517
PHC-DST-A1-05,2024-09-13,1,2,2,0.0666
PHC-DST-A1-05,2024-09-14,1,2,2,0.0546
PHC-DST-A1-05,2024-09-15,0,1,0,0.85
PHC-DST-A1-05,2024-09-16,1,2,2,0.0717
PHC-DST-A1-05,2024-09-17,1,2,2,0.042
PHC-DST-A1-05,2024-09-18,1,2,2,0.077
PHC-DST-A1-05,2024-09-19,1,2,2,0.0486
PHC-DST-A1-05,2024-09-20,1,2,2,0.0731
PHC-DST-A1-05,2024-09-21,1,2,2,0.0719
PHC-DST-A1-05,2024-09-22,1,1,1,0.4678
PHC-DST-A1-05,2024-09-23,1,2,2,0.0733
PHC-DST-A1-05,2024-09-24,1,2,2,0.0535
PHC-DST-A1-05,2024-09-25,1,2,2,0.0671
PHC-DST-A1-05,2024-09-26,1,2,2,0.0656
PHC-DST-A1-05,2024-09-27,1,2,2,0.0771
PHC-DST-A1-05,2024-09-28,1,2,2,0.0638
PHC-DST-A1-05,2024-09-29,1,1,1,0.4548
PHC-DST-A1-05,2024-09-30,1,2,2,0.0411
PHC-DST-A1-05,2024-10-01,1,2,2,0.0412
PHC-DST-A1-05,2024-10-02,1,2,2,0.0446
PHC-DST-A1-05,2024-10-03,1,2,2,0.0474
PHC-DST-A1-05,2024-10-04,1,2,2,0.0673
PHC-DST-A1-05,2024-10-05,1,2,2,0.068
PHC-DST-A1-05,2024-10-06,1,1,1,0.4798
PHC-DST-A1-05,2024-10-07,1,2,2,0.0672
PHC-DST-A1-05,2024-10-08,1,2,2,0.0781
PHC-DST-A1-05,2024-10-09,1,2,2,0.0715
PHC-DST-A1-05,2024-10-10,1,2,2,0.0681
PHC-DST-A1-05,2024-10-11,1,2,2,0.0638
PHC-DST-A1-05,2024-10-12,1,2,2,0.0763
PHC-DST-A1-05,2024-10-13,1,1,1,0.4718
PHC-DST-A1-05,2024-10-14,1,2,2,0.0413
PHC-DST-A1-05,2024-10-15,1,2,2,0.0688
PHC-DST-A1-05,2024-10-16,1,2,2,0.0448
PHC-DST-A1-05,2024-10-17,1,2,2,0.0677
PHC-DST-A1-05,2024-10-18,1,2,2,0.0704
PHC-DST-A1-05,2024-10-19,1,2,2,0.055
PHC-DST-A1-05,2024-10-20,1,1,1,0.4569
PHC-DST-A1-05,2024-10-21,1,2,2,0.0468
PHC-DST-A1-05,2024-10-22,1,2,2,0.0694
PHC-DST-A1-05,2024-10-23,1,2,2,0.0792
PHC-DST-A1-05,2024-10-24,1,2,2,0.0636
PHC-DST-A1-05,2024-10-25,1,2,2,0.0425
PHC-DST-A1-05,2024-10-26,1,2,2,0.0467
PHC-DST-A1-05,2024-10-27,1,1,1,0.4778
PHC-DST-A1-05,2024-10-28,1,2,2,0.0547
PHC-DST-A1-05,2024-10-29,1,2,2,0.0709
PHC-DST-A1-05,2024-10-30,1,2,2,0.0429
PHC-DST-A1-05,2024-10-31,1,2,2,
PHC-DST-A1-05,2024-11-01,1,2,2,0.0444
PHC-DST-A1-05,2024-11-02,1,2,2,0.065
PHC-DST-A1-05,2024-11-03,1,1,1,0.4478
PHC-DST-A1-05,2024-11-04,1,2,2,0.0622
PHC-DST-A1-05,2024-11-05,1,2,2,0.0711
PHC-DST-A1-05,2024-11-06,1,2,2,0.0731
PHC-DST-A1-05,2024-11-07,1,2,2,0.0624
PHC-DST-A1-05,2024-11-08,1,2,2,0.079
PHC-DST-A1-05,2024-11-09,1,2,2,0.0406
PHC-DST-A1-05,2024-11-10,1,1,1,0.4665
PHC-DST-A1-05,2024-11-11,1,2,2,0.0532
PHC-DST-A1-05,2024-11-12,1,2,2,0.051
PHC-DST-A1-05,2024-11-13,1,2,2,0.0662
PHC-DST-A1-05,2024-11-14,1,2,2,0.0733
PHC-DST-A1-05,2024-11-15,1,2,2,0.0638
PHC-DST-A1-05,2024-11-16,1,2,2,0.0658
PHC-DST-A1-05,2024-11-17,1,1,1,0.4566
PHC-DST-A1-05,2024-11-18,1,2,2,0.0633
PHC-DST-A1-05,2024-11-19,1,2,2,0.0442
PHC-DST-A1-05,2024-11-20,1,2,2,0.0562
PHC-DST-A1-05,2024-11-21,1,2,2,0.0477
PHC-DST-A1-05,2024-11-22,1,2,2,0.0725
PHC-DST-A1-05,2024-11-23,1,2,2,0.075
PHC-DST-A1-05,2024-11-24,1,1,1,0.4784
PHC-DST-A1-05,2024-11-25,1,2,2,0.079
PHC-DST-A1-05,2024-11-26,1,2,2,0.0607
PHC-DST-A1-05,2024-11-27,1,2,2,0.0468
PHC-DST-A1-05,2024-11-28,1,2,2,0.0405
PHC-DST-A1-05,2024-11-29,1,2,2,0.0727
PHC-DST-A1-05,2024-11-30,1,2,2,0.0428
PHC-DST-A1-05,2024-12-01,1,1,1,0.4643
PHC-DST-A1-05,2024-12-02,1,2,2,0.0795
PHC-DST-A1-05,2024-12-03,1,2,2,0.0549
PHC-DST-A1-05,2024-12-04,1,2,2,0.066
PHC-DST-A1-05,2024-12-05,1,2,2,0.0608
PHC-DST-A1-05,2024-12-06,1,2,2,0.0709
PHC-DST-A1-05,2024-12-07,1,2,2,0.0705
PHC-DST-A1-05,2024-12-08,1,1,1,0.4533
PHC-DST-A1-05,2024-12-09,1,2,2,0.0499
PHC-DST-A1-05,2024-12-10,1,2,2,0.0431
PHC-DST-A1-05,2024-12-11,1,2,2,0.0552
PHC-DST-A1-05,2024-12-12,1,2,2,0.0414
PHC-DST-A1-05,2024-12-13,1,2,2,0.0443
PHC-DST-A1-05,2024-12-14,1,2,2,0.0635
PHC-DST-A1-05,2024-12-15,1,1,1,0.4439
PHC-DST-A1-05,2024-12-16,1,2,2,0.0506
PHC-DST-A1-05,2024-12-17,1,2,2,0.0466
PHC-DST-A1-05,2024-12-18,1,2,2,0.0567
PHC-DST-A1-05,2024-12-19,1,2,2,0.0409
PHC-DST-A1-05,2024-12-20,1,2,2,0.0464
PHC-DST-A1-05,2024-12-21,1,2,2,
PHC-DST-A1-05,2024-12-22,1,1,1,0.454
PHC-DST-A1-05,2024-12-23,1,2,2,0.0688
PHC-DST-A1-05,2024-12-24,1,2,2,0.0645
PHC-DST-A1-05,2024-12-25,1,2,2,0.0533
PHC-DST-A1-05,2024-12-26,1,2,2,0.0453
PHC-DST-A1-05,2024-12-27,1,2,2,0.0735
PHC-DST-A1-05,2024-12-28,1,2,2,0.0545
PHC-DST-A1-05,2024-12-29,1,1,1,0.4596
PHC-DST-A1-05,2024-12-30,1,2,2,0.046
PHC-DST-A1-05,2024-12-31,1,2,2,0.0471
PHC-DST-A1-05,2025-01-01,1,2,2,0.0543
PHC-DST-A1-05,2025-01-02,1,2,2,0.0554
PHC-DST-A1-05,2025-01-03,1,2,2,0.0556
PHC-DST-A1-05,2025-01-04,1,2,2,0.0622
PHC-DST-A1-05,2025-01-05,1,1,1,0.4424
PHC-DST-A1-05,2025-01-06,1,2,2,0.0497
PHC-DST-A1-05,2025-01-07,1,2,2,0.0491
PHC-DST-A1-05,2025-01-08,1,2,2,0.0566
PHC-DST-A1-05,2025-01-09,1,2,2,0.06
PHC-DST-A1-05,2025-01-10,1,2,2,0.0689
PHC-DST-A1-05,2025-01-11,1,2,2,0.067
PHC-DST-A1-05,2025-01-12,1,1,1,0.4456
PHC-DST-A1-05,2025-01-13,1,2,2,0.0477
PHC-DST-A1-05,2025-01-14,1,2,2,0.055
PHC-DST-A1-05,2025-01-15,1,2,2,0.0603
PHC-DST-A1-05,2025-01-16,1,2,2,0.0569
PHC-DST-A1-05,2025-01-17,1,2,2,0.0466
PHC-DST-A1-05,2025-01-18,1,2,2,0.066
PHC-DST-A1-05,2025-01-19,1,1,1,0.4672
PHC-DST-A1-05,2025-01-20,1,2,2,0.069
PHC-DST-A1-05,2025-01-21,1,2,2,0.0562
PHC-DST-A1-05,2025-01-22,1,2,2,0.0643
PHC-DST-A1-05,2025-01-23,1,2,2,0.0444
PHC-DST-A1-05,2025-01-24,1,2,2,0.0787
PHC-DST-A1-05,2025-01-25,1,2,2,0.0671
PHC-DST-A1-05,2025-01-26,1,1,1,0.4547
PHC-DST-A1-05,2025-01-27,1,2,2,0.0588
PHC-DST-A1-05,2025-01-28,1,2,2,0.0563
PHC-DST-A1-05,2025-01-29,1,2,2,0.05
PHC-DST-A1-05,2025-01-30,1,2,2,0.075
PHC-DST-A1-05,2025-01-31,1,2,2,0.0769
PHC-DST-A1-05,2025-02-01,1,2,2,0.0412
PHC-DST-A1-05,2025-02-02,1,1,1,0.4799
PHC-DST-A1-05,2025-02-03,1,2,2,0.0723
PHC-DST-A1-05,2025-02-04,1,2,2,0.0496
PHC-DST-A1-05,2025-02-05,1,2,2,0.0518
PHC-DST-A1-05,2025-02-06,1,2,2,
PHC-DST-A1-05,2025-02-07,1,2,2,0.0596
PHC-DST-A1-05,2025-02-08,1,2,2,0.0553
PHC-DST-A1-05,2025-02-09,1,1,1,0.4567
PHC-DST-A1-05,2025-02-10,1,2,2,0.0513
PHC-DST-A1-05,2025-02-11,1,2,2,0.0545
PHC-DST-A1-05,2025-02-12,1,2,2,0.0792
PHC-DST-A1-05,2025-02-13,1,2,2,0.0751
PHC-DST-A1-05,2025-02-14,1,2,2,0.0425
PHC-DST-A1-05,2025-02-15,1,2,2,0.0789
PHC-DST-A1-05,2025-02-16,1,1,1,0.4665
PHC-DST-A1-05,2025-02-17,1,2,2,0.0692
PHC-DST-A1-05,2025-02-18,1,2,2,0.0623
PHC-DST-A1-05,2025-02-19,1,2,2,0.0599
PHC-DST-A1-05,2025-02-20,1,2,2,0.0758
PHC-DST-A1-05,2025-02-21,1,2,2,0.0778
PHC-DST-A1-05,2025-02-22,1,2,2,0.0735
PHC-DST-A1-05,2025-02-23,1,1,1,0.4694
PHC-DST-A1-05,2025-02-24,1,2,2,0.0708
PHC-DST-A1-05,2025-02-25,1,2,2,0.0551
PHC-DST-A1-05,2025-02-26,1,2,2,0.0541
PHC-DST-A1-05,2025-02-27,1,2,2,
PHC-DST-A1-05,2025-02-28,1,2,2,
PHC-DST-A1-05,2025-03-01,1,2,2,0.0714
PHC-DST-A1-05,2025-03-02,1,1,1,0.4429
PHC-DST-A1-05,2025-03-03,1,2,2,0.0476
PHC-DST-A1-05,2025-03-04,1,2,2,0.0773
PHC-DST-A1-05,2025-03-05,1,2,2,0.0752
PHC-DST-A1-05,2025-03-06,1,2,2,0.0472
PHC-DST-A1-05,2025-03-07,1,2,2,0.0553
PHC-DST-A1-05,2025-03-08,1,2,2,0.0428
PHC-DST-A1-05,2025-03-09,1,1,1,0.4456
PHC-DST-A1-05,2025-03-10,1,2,2,0.0456
PHC-DST-A1-05,2025-03-11,1,2,2,0.046
PHC-DST-A1-05,2025-03-12,1,2,2,0.0728
PHC-DST-A1-05,2025-03-13,1,2,2,0.0614
PHC-DST-A1-05,2025-03-14,1,2,2,0.0642
PHC-DST-A1-05,2025-03-15,1,2,2,0.0628
PHC-DST-A1-05,2025-03-16,1,1,1,0.469
PHC-DST-A1-05,2025-03-17,1,2,2,0.0783
PHC-DST-A1-05,2025-03-18,1,2,2,0.0508
PHC-DST-A1-05,2025-03-19,1,2,2,0.0758
PHC-DST-A1-05,2025-03-20,1,2,2,0.0496
PHC-DST-A1-05,2025-03-21,1,2,2,0.0512
PHC-DST-A1-05,2025-03-22,1,2,2,0.0728
PHC-DST-A1-05,2025-03-23,1,1,1,0.4716
PHC-DST-A1-05,2025-03-24,1,2,2,0.0651
PHC-DST-A1-05,2025-03-25,1,2,2,0.0703
PHC-DST-A1-05,2025-03-26,1,2,2,0.0507
PHC-DST-A1-05,2025-03-27,1,2,2,0.0792
PHC-DST-A1-05,2025-03-28,1,2,2,0.0414
PHC-DST-A1-05,2025-03-29,1,2,2,0.0564
PHC-DST-A1-05,2025-03-30,1,1,1,0.466
PHC-DST-A1-05,2025-03-31,1,2,2,0.0779
PHC-DST-A1-05,2025-04-01,1,2,2,0.0576
PHC-DST-A1-05,2025-04-02,1,2,2,0.0619
PHC-DST-A1-05,2025-04-03,1,2,2,0.0519
PHC-DST-A1-05,2025-04-04,1,2,2,0.0568
PHC-DST-A1-05,2025-04-05,1,2,2,0.0689
PHC-DST-A1-05,2025-04-06,1,1,1,0.4733
PHC-DST-A1-05,2025-04-07,1,2,2,0.0552
PHC-DST-A1-05,2025-04-08,1,2,2,0.0409
PHC-DST-A1-05,2025-04-09,1,2,2,0.0609
PHC-DST-A1-05,2025-04-10,1,2,2,0.0431
PHC-DST-A1-05,2025-04-11,1,2,2,0.0672
PHC-DST-A1-05,2025-04-12,1,2,2,0.0444
PHC-DST-A1-05,2025-04-13,1,1,1,0.4736
PHC-DST-A1-05,2025-04-14,1,2,2,0.0451
PHC-DST-A1-05,2025-04-15,1,2,2,0.0613
PHC-DST-A1-05,2025-04-16,1,2,2,0.0732
PHC-DST-A1-05,2025-04-17,1,2,2,0.0467
PHC-DST-A1-05,2025-04-18,1,2,2,0.0656
PHC-DST-A1-05,2025-04-19,1,2,2,0.0725
PHC-DST-A1-05,2025-04-20,1,1,1,0.4499
PHC-DST-A1-05,2025-04-21,1,2,2,0.061
PHC-DST-A1-05,2025-04-22,1,2,2,0.0776
PHC-DST-A1-05,2025-04-23,1,2,2,0.061
PHC-DST-A1-05,2025-04-24,1,2,2,0.0467
PHC-DST-A1-05,2025-04-25,1,2,2,0.0723
PHC-DST-A1-05,2025-04-26,1,2,2,0.0417
PHC-DST-A1-05,2025-04-27,1,1,1,0.4434
PHC-DST-A1-05,2025-04-28,1,2,2,0.0692
PHC-DST-A1-05,2025-04-29,1,2,2,0.0517
PHC-DST-A1-05,2025-04-30,1,2,2,0.0588
PHC-DST-A1-05,2025-05-01,1,2,2,0.0472
PHC-DST-A1-05,2025-05-02,1,2,2,0.0763
PHC-DST-A1-05,2025-05-03,1,2,2,0.0677
PHC-DST-A1-05,2025-05-04,1,1,1,0.4557
PHC-DST-A1-05,2025-05-05,1,2,2,0.0476
PHC-DST-A1-05,2025-05-06,1,2,2,0.0495
PHC-DST-A1-05,2025-05-07,1,2,2,0.0751
PHC-DST-A1-05,2025-05-08,1,2,2,0.0595
PHC-DST-A1-05,2025-05-09,1,2,2,0.0615
PHC-DST-A1-05,2025-05-10,1,2,2,0.0659
PHC-DST-A1-05,2025-05-11,1,1,1,0.474
PHC-DST-A1-05,2025-05-12,1,2,2,0.0791
PHC-DST-A1-05,2025-05-13,1,2,2,0.0592
PHC-DST-A1-05,2025-05-14,1,2,2,0.059
PHC-DST-A1-05,2025-05-15,1,2,2,0.0725
PHC-DST-A1-05,2025-05-16,1,2,2,0.0593
PHC-DST-A1-05,2025-05-17,1,2,2,0.065
PHC-DST-A1-05,2025-05-18,1,1,1,0.4765
PHC-DST-A1-05,2025-05-19,1,2,2,0.0608
PHC-DST-A1-05,2025-05-20,1,2,2,0.0455
PHC-DST-A1-05,2025-05-21,1,2,2,0.0619
PHC-DST-A1-05,2025-05-22,1,2,2,0.0659
PHC-DST-A1-05,2025-05-23,1,2,2,0.0619
PHC-DST-A1-05,2025-05-24,1,2,2,0.0775
PHC-DST-A1-05,2025-05-25,1,1,1,0.4538
PHC-DST-A1-05,2025-05-26,1,2,2,0.0533
PHC-DST-A1-05,2025-05-27,1,2,2,0.0596
PHC-DST-A1-05,2025-05-28,1,2,2,0.0514
PHC-DST-A1-05,2025-05-29,1,2,2,0.0775
PHC-DST-A1-05,2025-05-30,1,2,2,0.0769
PHC-DST-A1-05,2025-05-31,1,2,2,0.0443
PHC-DST-A1-05,2025-06-01,1,1,1,0.4545
PHC-DST-A1-05,2025-06-02,1,2,2,0.07
PHC-DST-A1-05,2025-06-03,1,2,2,0.0792
PHC-DST-A1-05,2025-06-04,1,2,2,0.0532
PHC-DST-A1-05,2025-06-05,1,2,2,0.0523
PHC-DST-A1-05,2025-06-06,1,2,2,0.0628
PHC-DST-A1-05,2025-06-07,1,2,2,0.0436
PHC-DST-A1-05,2025-06-08,1,1,1,0.4683
PHC-DST-A1-05,2025-06-09,1,2,2,0.0674
PHC-DST-A1-05,2025-06-10,1,2,2,0.0411
PHC-DST-A1-05,2025-06-11,1,2,2,0.0585
PHC-DST-A1-05,2025-06-12,1,2,2,0.0404
PHC-DST-A1-05,2025-06-13,1,2,2,0.0733
PHC-DST-A1-05,2025-06-14,1,2,2,0.0494
PHC-DST-A1-05,2025-06-15,1,1,1,0.4566
PHC-DST-A1-05,2025-06-16,1,2,2,0.0564
PHC-DST-A1-05,2025-06-17,1,2,2,0.078
PHC-DST-A1-05,2025-06-18,1,2,2,0.0534
PHC-DST-A1-05,2025-06-19,1,2,2,0.0763
PHC-DST-A1-05,2025-06-20,1,2,2,0.0463
PHC-DST-A1-05,2025-06-21,1,2,2,0.0577
PHC-DST-A1-05,2025-06-22,1,1,1,0.4449
PHC-DST-A1-05,2025-06-23,1,2,2,0.0705
PHC-DST-A1-05,2025-06-24,1,2,2,0.0712
PHC-DST-A1-05,2025-06-25,1,2,2,0.0432
PHC-DST-A1-05,2025-06-26,1,2,2,0.0407
PHC-DST-A1-05,2025-06-27,1,2,2,0.069
PHC-DST-A1-05,2025-06-28,1,2,2,0.0405
PHC-DST-A1-05,2025-06-29,1,1,1,0.4599
PHC-DST-A1-05,2025-06-30,1,2,2,0.0582
PHC-DST-A1-06,2024-01-01,1,2,4,0.0594
PHC-DST-A1-06,2024-01-02,1,2,4,0.0582
PHC-DST-A1-06,2024-01-03,1,2,4,0.055
PHC-DST-A1-06,2024-01-04,1,2,4,0.0753
PHC-DST-A1-06,2024-01-05,1,2,4,0.0498
PHC-DST-A1-06,2024-01-06,1,2,4,0.0527
PHC-DST-A1-06,2024-01-07,1,1,2,
PHC-DST-A1-06,2024-01-08,1,2,4,0.042
PHC-DST-A1-06,2024-01-09,1,2,4,0.0427
PHC-DST-A1-06,2024-01-10,1,2,4,0.0425
PHC-DST-A1-06,2024-01-11,1,2,4,0.0547
PHC-DST-A1-06,2024-01-12,1,2,4,0.045
PHC-DST-A1-06,2024-01-13,1,2,4,0.043
PHC-DST-A1-06,2024-01-14,1,1,2,0.4776
PHC-DST-A1-06,2024-01-15,1,2,4,0.074
PHC-DST-A1-06,2024-01-16,1,2,4,0.0534
PHC-DST-A1-06,2024-01-17,1,2,4,0.0554
PHC-DST-A1-06,2024-01-18,1,2,4,0.0719
PHC-DST-A1-06,2024-01-19,1,2,4,0.0744
PHC-DST-A1-06,2024-01-20,1,2,4,0.0748
PHC-DST-A1-06,2024-01-21,1,1,2,0.4697
PHC-DST-A1-06,2024-01-22,1,2,4,0.0675
PHC-DST-A1-06,2024-01-23,1,2,4,0.0609
PHC-DST-A1-06,2024-01-24,1,2,4,0.0657
PHC-DST-A1-06,2024-01-25,1,2,4,0.0613
PHC-DST-A1-06,2024-01-26,1,2,4,0.0568
PHC-DST-A1-06,2024-01-27,1,2,4,0.0488
PHC-DST-A1-06,2024-01-28,1,1,2,0.4676
PHC-DST-A1-06,2024-01-29,1,2,4,0.0533
PHC-DST-A1-06,2024-01-30,1,2,4,0.0778
PHC-DST-A1-06,2024-01-31,1,2,4,0.0566
PHC-DST-A1-06,2024-02-01,1,2,4,0.0505
PHC-DST-A1-06,2024-02-02,1,2,4,0.0457
PHC-DST-A1-06,2024-02-03,1,2,4,0.0518
PHC-DST-A1-06,2024-02-04,1,1,2,0.447
PHC-DST-A1-06,2024-02-05,1,2,4,0.0643
PHC-DST-A1-06,2024-02-06,1,2,4,0.0603
PHC-DST-A1-06,2024-02-07,1,2,4,0.0784
PHC-DST-A1-06,2024-02-08,1,2,4,0.0501
PHC-DST-A1-06,2024-02-09,1,2,4,0.0605
PHC-DST-A1-06,2024-02-10,1,2,4,0.0696
PHC-DST-A1-06,2024-02-11,1,1,2,0.4675
PHC-DST-A1-06,2024-02-12,1,2,4,0.0679
PHC-DST-A1-06,2024-02-13,1,2,4,0.0482
PHC-DST-A1-06,2024-02-14,1,2,4,0.0616
PHC-DST-A1-06,2024-02-15,1,2,4,0.0469
PHC-DST-A1-06,2024-02-16,1,2,4,0.0594
PHC-DST-A1-06,2024-02-17,1,2,4,
PHC-DST-A1-06,2024-02-18,1,1,2,0.4745
PHC-DST-A1-06,2024-02-19,1,2,4,0.0476
PHC-DST-A1-06,2024-02-20,1,2,4,0.0655
PHC-DST-A1-06,2024-02-21,1,2,4,0.0668
PHC-DST-A1-06,2024-02-22,1,2,4,0.0689
PHC-DST-A1-06,2024-02-23,1,2,4,0.0726
PHC-DST-A1-06,2024-02-24,1,2,4,0.0597
PHC-DST-A1-06,2024-02-25,1,1,2,0.4648
PHC-DST-A1-06,2024-02-26,1,2,4,0.072
PHC-DST-A1-06,2024-02-27,1,2,4,0.063
PHC-DST-A1-06,2024-02-28,1,2,4,0.0634
PHC-DST-A1-06,2024-02-29,1,2,4,0.0588
PHC-DST-A1-06,2024-03-01,1,2,4,0.0436
PHC-DST-A1-06,2024-03-02,1,2,4,0.0494
PHC-DST-A1-06,2024-03-03,1,1,2,0.4695
PHC-DST-A1-06,2024-03-04,1,2,4,0.0767
PHC-DST-A1-06,2024-03-05,1,2,4,0.0683
PHC-DST-A1-06,2024-03-06,1,2,4,0.0508
PHC-DST-A1-06,2024-03-07,1,2,4,0.0783
PHC-DST-A1-06,2024-03-08,1,2,4,0.0644
PHC-DST-A1-06,2024-03-09,1,2,4,0.0556
PHC-DST-A1-06,2024-03-10,1,1,2,0.4535
PHC-DST-A1-06,2024-03-11,1,2,4,0.0644
PHC-DST-A1-06,2024-03-12,1,2,4,0.0653
PHC-DST-A1-06,2024-03-13,1,2,4,0.0661
PHC-DST-A1-06,2024-03-14,1,2,4,0.0576
PHC-DST-A1-06,2024-03-15,1,2,4,0.0528
PHC-DST-A1-06,2024-03-16,1,2,4,0.0485
PHC-DST-A1-06,2024-03-17,1,1,2,0.4797
PHC-DST-A1-06,2024-03-18,1,2,4,0.0416
PHC-DST-A1-06,2024-03-19,1,2,4,0.0531
PHC-DST-A1-06,2024-03-20,1,2,4,0.0593
PHC-DST-A1-06,2024-03-21,1,2,4,0.0794
PHC-DST-A1-06,2024-03-22,1,2,4,0.058
PHC-DST-A1-06,2024-03-23,1,2,4,0.0471
PHC-DST-A1-06,2024-03-24,1,1,2,0.4496
PHC-DST-A1-06,2024-03-25,1,2,4,0.0655
PHC-DST-A1-06,2024-03-26,1,2,4,0.0782
PHC-DST-A1-06,2024-03-27,1,2,4,0.0572
PHC-DST-A1-06,2024-03-28,1,2,4,0.0586
PHC-DST-A1-06,2024-03-29,1,2,4,0.0433
PHC-DST-A1-06,2024-03-30,1,2,4,0.0444
PHC-DST-A1-06,2024-03-31,1,1,2,0.4781
PHC-DST-A1-06,2024-04-01,1,2,4,0.0522
PHC-DST-A1-06,2024-04-02,1,2,4,0.0438
PHC-DST-A1-06,2024-04-03,1,2,4,0.0718
PHC-DST-A1-06,2024-04-04,1,2,4,
PHC-DST-A1-06,2024-04-05,1,2,4,0.0429
PHC-DST-A1-06,2024-04-06,1,2,4,0.0511
PHC-DST-A1-06,2024-04-07,1,1,2,0.4789
PHC-DST-A1-06,2024-04-08,1,2,4,
PHC-DST-A1-06,2024-04-09,1,2,4,0.0435
PHC-DST-A1-06,2024-04-10,1,2,4,
PHC-DST-A1-06,2024-04-11,1,2,4,0.0581
PHC-DST-A1-06,2024-04-12,1,2,4,0.0418
PHC-DST-A1-06,2024-04-13,1,2,4,0.0747
PHC-DST-A1-06,2024-04-14,1,1,2,0.4566
PHC-DST-A1-06,2024-04-15,1,2,4,0.0539
PHC-DST-A1-06,2024-04-16,1,2,4,0.0529
PHC-DST-A1-06,2024-04-17,1,2,4,0.0489
PHC-DST-A1-06,2024-04-18,1,2,4,0.0764
PHC-DST-A1-06,2024-04-19,1,2,4,0.0723
PHC-DST-A1-06,2024-04-20,1,2,4,0.0512
PHC-DST-A1-06,2024-04-21,1,1,2,0.4737
PHC-DST-A1-06,2024-04-22,1,2,4,0.0578
PHC-DST-A1-06,2024-04-23,1,2,4,0.0675
PHC-DST-A1-06,2024-04-24,1,2,4,0.0571
PHC-DST-A1-06,2024-04-25,1,2,4,0.0491
PHC-DST-A1-06,2024-04-26,1,2,4,0.0703
PHC-DST-A1-06,2024-04-27,1,2,4,0.0452
PHC-DST-A1-06,2024-04-28,1,1,2,0.4642
PHC-DST-A1-06,2024-04-29,1,2,4,0.0422
PHC-DST-A1-06,2024-04-30,1,2,4,0.0529
PHC-DST-A1-06,2024-05-01,1,2,4,0.0409
PHC-DST-A1-06,2024-05-02,1,2,4,0.0427
PHC-DST-A1-06,2024-05-03,1,2,4,0.0589
PHC-DST-A1-06,2024-05-04,1,2,4,0.0585
PHC-DST-A1-06,2024-05-05,1,1,2,0.4619
PHC-DST-A1-06,2024-05-06,1,2,4,0.0585
PHC-DST-A1-06,2024-05-07,1,2,4,0.0591
PHC-DST-A1-06,2024-05-08,1,2,4,0.0752
PHC-DST-A1-06,2024-05-09,1,2,4,0.0474
PHC-DST-A1-06,2024-05-10,1,2,4,0.0612
PHC-DST-A1-06,2024-05-11,1,2,4,0.0711
PHC-DST-A1-06,2024-05-12,1,1,2,0.4507
PHC-DST-A1-06,2024-05-13,1,2,4,0.0701
PHC-DST-A1-06,2024-05-14,1,2,4,0.047
PHC-DST-A1-06,2024-05-15,1,2,4,0.0577
PHC-DST-A1-06,2024-05-16,1,2,4,0.061
PHC-DST-A1-06,2024-05-17,1,2,4,0.0502
PHC-DST-A1-06,2024-05-18,1,2,4,0.0736
PHC-DST-A1-06,2024-05-19,1,1,2,0.4673
PHC-DST-A1-06,2024-05-20,1,2,4,0.0619
PHC-DST-A1-06,2024-05-21,1,2,4,0.0624
PHC-DST-A1-06,2024-05-22,1,2,4,0.0439
PHC-DST-A1-06,2024-05-23,1,2,4,0.0791
PHC-DST-A1-06,2024-05-24,1,2,4,0.0627
PHC-DST-A1-06,2024-05-25,1,2,4,0.0671
PHC-DST-A1-06,2024-05-26,1,1,2,0.4455
PHC-DST-A1-06,2024-05-27,1,2,4,0.0706
PHC-DST-A1-06,2024-05-28,1,2,4,0.0603
PHC-DST-A1-06,2024-05-29,1,2,4,0.0699
PHC-DST-A1-06,2024-05-30,1,2,4,0.0655
PHC-DST-A1-06,2024-05-31,1,2,4,0.0765
PHC-DST-A1-06,2024-06-01,1,2,4,0.0452
PHC-DST-A1-06,2024-06-02,1,1,2,0.4519
PHC-DST-A1-06,2024-06-03,1,2,4,0.0691
PHC-DST-A1-06,2024-06-04,1,2,4,0.0495
PHC-DST-A1-06,2024-06-05,1,2,4,0.052
PHC-DST-A1-06,2024-06-06,1,2,4,0.0788
PHC-DST-A1-06,2024-06-07,1,2,4,0.0505
PHC-DST-A1-06,2024-06-08,1,2,4,
PHC-DST-A1-06,2024-06-09,1,1,2,0.4741
PHC-DST-A1-06,2024-06-10,1,2,4,0.0535
PHC-DST-A1-06,2024-06-11,1,2,4,0.0536
PHC-DST-A1-06,2024-06-12,1,2,4,0.0491
PHC-DST-A1-06,2024-06-13,1,2,4,0.0779
PHC-DST-A1-06,2024-06-14,1,2,4,0.0474
PHC-DST-A1-06,2024-06-15,1,2,4,0.044
PHC-DST-A1-06,2024-06-16,1,1,2,0.4475
PHC-DST-A1-06,2024-06-17,1,2,4,0.0403
PHC-DST-A1-06,2024-06-18,1,2,4,0.0691
PHC-DST-A1-06,2024-06-19,1,2,4,0.0744
PHC-DST-A1-06,2024-06-20,1,2,4,0.0673
PHC-DST-A1-06,2024-06-21,1,2,4,0.0429
PHC-DST-A1-06,2024-06-22,1,2,4,0.0418
PHC-DST-A1-06,2024-06-23,1,1,2,0.4494
PHC-DST-A1-06,2024-06-24,1,2,4,
PHC-DST-A1-06,2024-06-25,1,2,4,0.0497
PHC-DST-A1-06,2024-06-26,1,2,4,0.0553
PHC-DST-A1-06,2024-06-27,1,2,4,0.0703
PHC-DST-A1-06,2024-06-28,1,2,4,0.0619
PHC-DST-A1-06,2024-06-29,1,2,4,0.0571
PHC-DST-A1-06,2024-06-30,1,1,2,0.4721
PHC-DST-A1-06,2024-07-01,1,1,2,0.5345
PHC-DST-A1-06,2024-07-02,1,2,4,0.0473
PHC-DST-A1-06,2024-07-03,1,1,2,0.5403
PHC-DST-A1-06,2024-07-04,1,1,2,0.5093
PHC-DST-A1-06,2024-07-05,1,2,4,0.0699
PHC-DST-A1-06,2024-07-06,1,1,2,0.4872
PHC-DST-A1-06,2024-07-07,1,1,2,0.4768
PHC-DST-A1-06,2024-07-08,1,2,4,0.0707
PHC-DST-A1-06,2024-07-09,1,2,4,0.0681
PHC-DST-A1-06,2024-07-10,1,2,4,0.0798
PHC-DST-A1-06,2024-07-11,1,2,4,0.0731
PHC-DST-A1-06,2024-07-12,1,2,4,0.0651
PHC-DST-A1-06,2024-07-13,1,2,4,0.0465
PHC-DST-A1-06,2024-07-14,1,1,2,0.4603
PHC-DST-A1-06,2024-07-15,1,2,4,0.0453
PHC-DST-A1-06,2024-07-16,1,2,4,0.0456
PHC-DST-A1-06,2024-07-17,1,2,4,0.0647
PHC-DST-A1-06,2024-07-18,1,2,4,0.0463
PHC-DST-A1-06,2024-07-19,1,2,4,0.0534
PHC-DST-A1-06,2024-07-20,1,2,4,0.0463
PHC-DST-A1-06,2024-07-21,1,1,2,0.4628
PHC-DST-A1-06,2024-07-22,1,2,4,0.0518
PHC-DST-A1-06,2024-07-23,1,2,4,0.0481
PHC-DST-A1-06,2024-07-24,1,2,4,0.061
PHC-DST-A1-06,2024-07-25,1,2,4,0.0487
PHC-DST-A1-06,2024-07-26,1,2,4,0.0452
PHC-DST-A1-06,2024-07-27,1,2,4,0.0718
PHC-DST-A1-06,2024-07-28,1,1,2,0.4582
PHC-DST-A1-06,2024-07-29,1,2,4,0.0645
PHC-DST-A1-06,2024-07-30,1,2,4,0.0685
PHC-DST-A1-06,2024-07-31,1,2,4,0.0686
PHC-DST-A1-06,2024-08-01,1,2,4,0.0622
PHC-DST-A1-06,2024-08-02,1,2,4,0.0729
PHC-DST-A1-06,2024-08-03,1,2,4,0.0456
PHC-DST-A1-06,2024-08-04,1,1,2,0.4556
PHC-DST-A1-06,2024-08-05,1,2,4,0.0433
PHC-DST-A1-06,2024-08-06,1,2,4,0.0412
PHC-DST-A1-06,2024-08-07,1,2,4,0.0777
PHC-DST-A1-06,2024-08-08,1,2,4,0.0439
PHC-DST-A1-06,2024-08-09,1,2,4,0.0526
PHC-DST-A1-06,2024-08-10,1,2,4,0.0521
PHC-DST-A1-06,2024-08-11,1,1,2,0.4681
PHC-DST-A1-06,2024-08-12,1,2,4,0.0626
PHC-DST-A1-06,2024-08-13,1,2,4,0.0434
PHC-DST-A1-06,2024-08-14,1,2,4,0.0659
PHC-DST-A1-06,2024-08-15,1,2,4,0.0778
PHC-DST-A1-06,2024-08-16,1,2,4,0.0745
PHC-DST-A1-06,2024-08-17,1,2,4,0.0715
PHC-DST-A1-06,2024-08-18,1,1,2,
PHC-DST-A1-06,2024-08-19,1,2,4,0.0469
PHC-DST-A1-06,2024-08-20,1,2,4,0.0666
PHC-DST-A1-06,2024-08-21,1,2,4,0.0695
PHC-DST-A1-06,2024-08-22,1,1,2,0.5991
PHC-DST-A1-06,2024-08-23,1,2,4,0.0793
PHC-DST-A1-06,2024-08-24,1,2,4,0.0691
PHC-DST-A1-06,2024-08-25,1,1,2,0.4683
PHC-DST-A1-06,2024-08-26,1,2,4,0.0519
PHC-DST-A1-06,2024-08-27,1,2,4,0.08
PHC-DST-A1-06,2024-08-28,1,2,4,0.0673
PHC-DST-A1-06,2024-08-29,1,2,4,0.0499
PHC-DST-A1-06,2024-08-30,1,2,4,0.0636
PHC-DST-A1-06,2024-08-31,1,2,4,0.0751
PHC-DST-A1-06,2024-09-01,1,1,2,0.4611
PHC-DST-A1-06,2024-09-02,1,2,4,0.0798
PHC-DST-A1-06,2024-09-03,1,2,4,0.051
PHC-DST-A1-06,2024-09-04,1,2,4,0.0691
PHC-DST-A1-06,2024-09-05,1,2,4,0.0655
PHC-DST-A1-06,2024-09-06,1,2,4,0.0773
PHC-DST-A1-06,2024-09-07,1,2,4,0.0666
PHC-DST-A1-06,2024-09-08,1,1,2,0.4599
PHC-DST-A1-06,2024-09-09,1,2,4,0.0451
PHC-DST-A1-06,2024-09-10,1,2,4,0.0672
PHC-DST-A1-06,2024-09-11,1,2,4,0.0745
PHC-DST-A1-06,2024-09-12,1,2,4,0.0781
PHC-DST-A1-06,2024-09-13,1,2,4,0.0516
PHC-DST-A1-06,2024-09-14,1,2,4,0.0706
PHC-DST-A1-06,2024-09-15,0,1,1,0.8215
PHC-DST-A1-06,2024-09-16,1,2,4,0.0707
PHC-DST-A1-06,2024-09-17,1,2,4,0.0488
PHC-DST-A1-06,2024-09-18,1,2,4,0.0782
PHC-DST-A1-06,2024-09-19,1,2,4,0.074
PHC-DST-A1-06,2024-09-20,1,2,4,0.0767
PHC-DST-A1-06,2024-09-21,1,2,4,0.0465
PHC-DST-A1-06,2024-09-22,1,1,2,0.4474
PHC-DST-A1-06,2024-09-23,1,2,4,0.0654
PHC-DST-A1-06,2024-09-24,1,2,4,0.0585
PHC-DST-A1-06,2024-09-25,1,2,4,0.0653
PHC-DST-A1-06,2024-09-26,1,2,4,0.0431
PHC-DST-A1-06,2024-09-27,1,2,4,0.052
PHC-DST-A1-06,2024-09-28,1,2,4,0.0447
PHC-DST-A1-06,2024-09-29,1,1,2,0.442
PHC-DST-A1-06,2024-09-30,1,2,4,0.0498
PHC-DST-A1-06,2024-10-01,1,2,4,0.0627
PHC-DST-A1-06,2024-10-02,1,2,4,0.0458
PHC-DST-A1-06,2024-10-03,1,2,4,0.0602
PHC-DST-A1-06,2024-10-04,1,2,4,0.0505
PHC-DST-A1-06,2024-10-05,1,2,4,0.0731
PHC-DST-A1-06,2024-10-06,1,1,2,0.4731
PHC-DST-A1-06,2024-10-07,1,2,4,0.0788
PHC-DST-A1-06,2024-10-08,1,2,4,0.0427
PHC-DST-A1-06,2024-10-09,1,2,4,0.0472
PHC-DST-A1-06,2024-10-10,1,2,4,0.0768
PHC-DST-A1-06,2024-10-11,1,2,4,0.0749
PHC-DST-A1-06,2024-10-12,1,2,4,0.0627
PHC-DST-A1-06,2024-10-13,1,1,2,0.4766
PHC-DST-A1-06,2024-10-14,1,2,4,0.0729
PHC-DST-A1-06,2024-10-15,1,2,4,0.0539
PHC-DST-A1-06,2024-10-16,1,2,4,0.0692
PHC-DST-A1-06,2024-10-17,1,2,4,0.0486
PHC-DST-A1-06,2024-10-18,1,2,4,0.0474
PHC-DST-A1-06,2024-10-19,1,2,4,0.0545
PHC-DST-A1-06,2024-10-20,1,1,2,0.4711
PHC-DST-A1-06,2024-10-21,1,2,4,0.0507
PHC-DST-A1-06,2024-10-22,1,2,4,0.0401
PHC-DST-A1-06,2024-10-23,1,2,4,0.042
PHC-DST-A1-06,2024-10-24,1,2,4,0.0419
PHC-DST-A1-06,2024-10-25,1,2,4,0.0441
PHC-DST-A1-06,2024-10-26,1,2,4,0.0706
PHC-DST-A1-06,2024-10-27,1,1,2,0.4516
PHC-DST-A1-06,2024-10-28,1,2,4,0.0763
PHC-DST-A1-06,2024-10-29,1,2,4,0.0547
PHC-DST-A1-06,2024-10-30,1,2,4,0.0653
PHC-DST-A1-06,2024-10-31,1,2,4,0.0716
PHC-DST-A1-06,2024-11-01,1,2,4,0.0402
PHC-DST-A1-06,2024-11-02,1,2,4,0.0756
PHC-DST-A1-06,2024-11-03,1,1,2,0.4667
PHC-DST-A1-06,2024-11-04,1,2,4,0.0788
PHC-DST-A1-06,2024-11-05,1,2,4,0.0544
PHC-DST-A1-06,2024-11-06,1,2,4,0.0671
PHC-DST-A1-06,2024-11-07,1,2,4,0.0528
PHC-DST-A1-06,2024-11-08,1,2,4,0.0571
PHC-DST-A1-06,2024-11-09,1,2,4,0.0786
PHC-DST-A1-06,2024-11-10,1,1,2,0.4608
PHC-DST-A1-06,2024-11-11,1,2,4,0.0455
PHC-DST-A1-06,2024-11-12,1,2,4,0.0485
PHC-DST-A1-06,2024-11-13,1,2,4,0.0449
PHC-DST-A1-06,2024-11-14,1,2,4,0.0688
PHC-DST-A1-06,2024-11-15,1,2,4,0.0524
PHC-DST-A1-06,2024-11-16,1,2,4,0.0484
PHC-DST-A1-06,2024-11-17,1,1,2,0.479
PHC-DST-A1-06,2024-11-18,1,2,4,0.0467
PHC-DST-A1-06,2024-11-19,1,2,4,0.0699
PHC-DST-A1-06,2024-11-20,1,2,4,0.0795
PHC-DST-A1-06,2024-11-21,1,2,4,0.0774
PHC-DST-A1-06,2024-11-22,1,2,4,0.0501
PHC-DST-A1-06,2024-11-23,1,2,4,0.067
PHC-DST-A1-06,2024-11-24,1,1,2,0.4604
PHC-DST-A1-06,2024-11-25,1,2,4,0.0678
PHC-DST-A1-06,2024-11-26,1,2,4,0.0777
PHC-DST-A1-06,2024-11-27,1,2,4,0.0722
PHC-DST-A1-06,2024-11-28,1,2,4,0.0777
PHC-DST-A1-06,2024-11-29,1,2,4,0.0436
PHC-DST-A1-06,2024-11-30,1,2,4,0.0402
PHC-DST-A1-06,2024-12-01,1,1,2,0.4571
PHC-DST-A1-06,2024-12-02,1,2,4,0.0401
PHC-DST-A1-06,2024-12-03,1,2,4,0.0741
PHC-DST-A1-06,2024-12-04,1,2,4,
PHC-DST-A1-06,2024-12-05,1,2,4,0.0713
PHC-DST-A1-06,2024-12-06,1,2,4,0.0795
PHC-DST-A1-06,2024-12-07,1,2,4,0.0603
PHC-DST-A1-06,2024-12-08,1,1,2,0.4451
PHC-DST-A1-06,2024-12-09,1,2,4,0.0754
PHC-DST-A1-06,2024-12-10,1,2,4,0.068
PHC-DST-A1-06,2024-12-11,1,2,4,0.0613
PHC-DST-A1-06,2024-12-12,1,2,4,0.074
PHC-DST-A1-06,2024-12-13,1,2,4,0.0716
PHC-DST-A1-06,2024-12-14,1,2,4,0.0605
PHC-DST-A1-06,2024-12-15,1,1,2,0.4559
PHC-DST-A1-06,2024-12-16,1,2,4,0.079
PHC-DST-A1-06,2024-12-17,1,2,4,0.0604
PHC-DST-A1-06,2024-12-18,1,2,4,0.049
PHC-DST-A1-06,2024-12-19,1,2,4,0.0575
PHC-DST-A1-06,2024-12-20,1,2,4,0.0775
PHC-DST-A1-06,2024-12-21,1,2,4,0.072
PHC-DST-A1-06,2024-12-22,1,1,2,0.4747
PHC-DST-A1-06,2024-12-23,1,2,4,0.0743
PHC-DST-A1-06,2024-12-24,1,2,4,0.0789
PHC-DST-A1-06,2024-12-25,1,2,4,0.0565
PHC-DST-A1-06,2024-12-26,1,2,4,0.0421
PHC-DST-A1-06,2024-12-27,1,2,4,0.0606
PHC-DST-A1-06,2024-12-28,1,2,4,0.0422
PHC-DST-A1-06,2024-12-29,1,1,2,0.443
PHC-DST-A1-06,2024-12-30,1,2,4,0.0484
PHC-DST-A1-06,2024-12-31,1,2,4,0.0766
PHC-DST-A1-06,2025-01-01,1,2,4,0.0525
PHC-DST-A1-06,2025-01-02,1,2,4,0.0702
PHC-DST-A1-06,2025-01-03,1,2,4,0.059
PHC-DST-A1-06,2025-01-04,1,2,4,0.0474
PHC-DST-A1-06,2025-01-05,1,1,2,0.4529
PHC-DST-A1-06,2025-01-06,1,2,4,0.0703
PHC-DST-A1-06,2025-01-07,1,2,4,0.0501
PHC-DST-A1-06,2025-01-08,1,2,4,0.0603
PHC-DST-A1-06,2025-01-09,1,2,4,0.0778
PHC-DST-A1-06,2025-01-10,1,2,4,0.052
PHC-DST-A1-06,2025-01-11,1,2,4,0.0636
PHC-DST-A1-06,2025-01-12,1,1,2,0.4493
PHC-DST-A1-06,2025-01-13,1,2,4,0.0434
PHC-DST-A1-06,2025-01-14,1,2,4,0.0536
PHC-DST-A1-06,2025-01-15,1,2,4,0.051
PHC-DST-A1-06,2025-01-16,1,2,4,0.0511
PHC-DST-A1-06,2025-01-17,1,2,4,0.0761
PHC-DST-A1-06,2025-01-18,1,2,4,0.0703
PHC-DST-A1-06,2025-01-19,1,1,2,0.4465
PHC-DST-A1-06,2025-01-20,1,2,4,0.0688
PHC-DST-A1-06,2025-01-21,1,2,4,0.0457
PHC-DST-A1-06,2025-01-22,1,2,4,0.0784
PHC-DST-A1-06,2025-01-23,1,2,4,0.0745
PHC-DST-A1-06,2025-01-24,1,2,4,0.057
PHC-DST-A1-06,2025-01-25,1,2,4,0.0498
PHC-DST-A1-06,2025-01-26,1,1,2,0.4798
PHC-DST-A1-06,2025-01-27,1,2,4,0.0721
PHC-DST-A1-06,2025-01-28,1,2,4,0.0584
PHC-DST-A1-06,2025-01-29,1,2,4,0.0494
PHC-DST-A1-06,2025-01-30,1,2,4,0.0778
PHC-DST-A1-06,2025-01-31,1,2,4,0.0401
PHC-DST-A1-06,2025-02-01,1,2,4,
PHC-DST-A1-06,2025-02-02,1,1,2,0.4612
PHC-DST-A1-06,2025-02-03,1,2,4,0.0559
PHC-DST-A1-06,2025-02-04,1,2,4,0.0616
PHC-DST-A1-06,2025-02-05,1,2,4,0.065
PHC-DST-A1-06,2025-02-06,1,2,4,0.0709
PHC-DST-A1-06,2025-02-07,1,2,4,0.075
PHC-DST-A1-06,2025-02-08,1,2,4,0.0706
PHC-DST-A1-06,2025-02-09,1,1,2,0.4456
PHC-DST-A1-06,2025-02-10,1,2,4,0.0562
PHC-DST-A1-06,2025-02-11,1,2,4,0.0666
PHC-DST-A1-06,2025-02-12,1,2,4,0.0569
PHC-DST-A1-06,2025-02-13,1,2,4,0.0531
PHC-DST-A1-06,2025-02-14,1,2,4,0.0799
PHC-DST-A1-06,2025-02-15,1,2,4,0.0506
PHC-DST-A1-06,2025-02-16,1,1,2,0.4764
PHC-DST-A1-06,2025-02-17,1,2,4,0.0425
PHC-DST-A1-06,2025-02-18,1,2,4,0.0475
PHC-DST-A1-06,2025-02-19,1,2,4,0.0741
PHC-DST-A1-06,2025-02-20,1,2,4,0.0449
PHC-DST-A1-06,2025-02-21,1,2,4,0.076
PHC-DST-A1-06,2025-02-22,1,2,4,0.0588
PHC-DST-A1-06,2025-02-23,1,1,2,0.4541
PHC-DST-A1-06,2025-02-24,1,2,4,0.0503
PHC-DST-A1-06,2025-02-25,1,2,4,0.0773
PHC-DST-A1-06,2025-02-26,1,2,4,0.0751
PHC-DST-A1-06,2025-02-27,1,2,4,0.0783
PHC-DST-A1-06,2025-02-28,1,2,4,0.0787
PHC-DST-A1-06,2025-03-01,1,2,4,0.0751
PHC-DST-A1-06,2025-03-02,1,1,2,0.4771
PHC-DST-A1-06,2025-03-03,1,2,4,0.0583
PHC-DST-A1-06,2025-03-04,1,2,4,0.0646
PHC-DST-A1-06,2025-03-05,1,2,4,0.0738
PHC-DST-A1-06,2025-03-06,1,2,4,0.0443
PHC-DST-A1-06,2025-03-07,1,2,4,0.0739
PHC-DST-A1-06,2025-03-08,1,2,4,0.075
PHC-DST-A1-06,2025-03-09,1,1,2,0.4443
PHC-DST-A1-06,2025-03-10,1,2,4,0.0477
PHC-DST-A1-06,2025-03-11,1,2,4,0.0647
PHC-DST-A1-06,2025-03-12,1,2,4,0.0467
PHC-DST-A1-06,2025-03-13,1,2,4,0.0431
PHC-DST-A1-06,2025-03-14,1,2,4,0.0518
PHC-DST-A1-06,2025-03-15,1,2,4,0.057
PHC-DST-A1-06,2025-03-16,1,1,2,0.4678
PHC-DST-A1-06,2025-03-17,1,2,4,0.0546
PHC-DST-A1-06,2025-03-18,1,2,4,0.0645
PHC-DST-A1-06,2025-03-19,1,2,4,0.044
PHC-DST-A1-06,2025-03-20,1,2,4,0.0782
PHC-DST-A1-06,2025-03-21,1,2,4,0.0533
PHC-DST-A1-06,2025-03-22,1,2,4,0.0677
PHC-DST-A1-06,2025-03-23,1,1,2,0.4665
PHC-DST-A1-06,2025-03-24,1,2,4,0.0407
PHC-DST-A1-06,2025-03-25,1,2,4,
PHC-DST-A1-06,2025-03-26,1,2,4,0.0406
PHC-DST-A1-06,2025-03-27,1,2,4,0.0486
PHC-DST-A1-06,2025-03-28,1,2,4,0.0702
PHC-DST-A1-06,2025-03-29,1,2,4,0.0571
PHC-DST-A1-06,2025-03-30,1,1,2,0.457
PHC-DST-A1-06,2025-03-31,1,2,4,0.0416
PHC-DST-A1-06,2025-04-01,1,2,4,0.0788
PHC-DST-A1-06,2025-04-02,1,2,4,0.0567
PHC-DST-A1-06,2025-04-03,1,2,4,0.0529
PHC-DST-A1-06,2025-04-04,1,2,4,0.0572
PHC-DST-A1-06,2025-04-05,1,2,4,0.057
PHC-DST-A1-06,2025-04-06,1,1,2,0.4778
PHC-DST-A1-06,2025-04-07,1,2,4,0.0477
PHC-DST-A1-06,2025-04-08,1,2,4,0.0775
PHC-DST-A1-06,2025-04-09,1,2,4,0.0405
PHC-DST-A1-06,2025-04-10,1,2,4,0.0708
PHC-DST-A1-06,2025-04-11,1,2,4,0.0767
PHC-DST-A1-06,2025-04-12,1,2,4,0.0483
PHC-DST-A1-06,2025-04-13,1,1,2,0.4581
PHC-DST-A1-06,2025-04-14,1,2,4,0.0669
PHC-DST-A1-06,2025-04-15,1,2,4,0.0683
PHC-DST-A1-06,2025-04-16,1,2,4,0.0796
PHC-DST-A1-06,2025-04-17,1,2,4,0.0424
PHC-DST-A1-06,2025-04-18,1,2,4,0.0655
PHC-DST-A1-06,2025-04-19,1,2,4,0.0779
PHC-DST-A1-06,2025-04-20,1,1,2,0.4658
PHC-DST-A1-06,2025-04-21,1,2,4,0.0602
PHC-DST-A1-06,2025-04-22,1,2,4,0.0736
PHC-DST-A1-06,2025-04-23,1,2,4,0.045
PHC-DST-A1-06,2025-04-24,1,2,4,0.0416
PHC-DST-A1-06,2025-04-25,1,2,4,0.0553
PHC-DST-A1-06,2025-04-26,1,2,4,0.0488
PHC-DST-A1-06,2025-04-27,1,1,2,0.4562
PHC-DST-A1-06,2025-04-28,1,2,4,0.0787
PHC-DST-A1-06,2025-04-29,1,2,4,0.0671
PHC-DST-A1-06,2025-04-30,1,2,4,0.0648
PHC-DST-A1-06,2025-05-01,1,2,4,0.0771
PHC-DST-A1-06,2025-05-02,1,2,4,0.0417
PHC-DST-A1-06,2025-05-03,1,2,4,0.0761
PHC-DST-A1-06,2025-05-04,1,1,2,0.4529
PHC-DST-A1-06,2025-05-05,1,2,4,0.07
PHC-DST-A1-06,2025-05-06,1,2,4,0.0427
PHC-DST-A1-06,2025-05-07,1,2,4,0.0792
PHC-DST-A1-06,2025-05-08,1,2,4,0.0452
PHC-DST-A1-06,2025-05-09,1,2,4,0.0441
PHC-DST-A1-06,2025-05-10,1,2,4,0.0584
PHC-DST-A1-06,2025-05-11,1,1,2,0.4442
PHC-DST-A1-06,2025-05-12,1,2,4,0.0596
PHC-DST-A1-06,2025-05-13,1,2,4,0.0677
PHC-DST-A1-06,2025-05-14,1,2,4,0.0542
PHC-DST-A1-06,2025-05-15,1,2,4,0.0683
PHC-DST-A1-06,2025-05-16,1,2,4,0.0461
PHC-DST-A1-06,2025-05-17,1,2,4,0.0601
PHC-DST-A1-06,2025-05-18,1,1,2,0.4428
PHC-DST-A1-06,2025-05-19,1,2,4,0.0483
PHC-DST-A1-06,2025-05-20,1,2,4,0.077
PHC-DST-A1-06,2025-05-21,1,2,4,0.0745
PHC-DST-A1-06,2025-05-22,1,2,4,0.0644
PHC-DST-A1-06,2025-05-23,1,2,4,0.0627
PHC-DST-A1-06,2025-05-24,1,2,4,0.0784
PHC-DST-A1-06,2025-05-25,1,1,2,0.4558
PHC-DST-A1-06,2025-05-26,1,2,4,0.076
PHC-DST-A1-06,2025-05-27,1,2,4,0.0607
PHC-DST-A1-06,2025-05-28,1,2,4,0.0793
PHC-DST-A1-06,2025-05-29,1,2,4,0.0607
PHC-DST-A1-06,2025-05-30,1,2,4,0.0513
PHC-DST-A1-06,2025-05-31,1,2,4,0.0545
PHC-DST-A1-06,2025-06-01,1,1,2,0.4679
PHC-DST-A1-06,2025-06-02,1,2,4,0.0551
PHC-DST-A1-06,2025-06-03,1,2,4,0.0621
PHC-DST-A1-06,2025-06-04,1,2,4,0.0477
PHC-DST-A1-06,2025-06-05,1,2,4,0.0607
PHC-DST-A1-06,2025-06-06,1,2,4,0.0489
PHC-DST-A1-06,2025-06-07,1,2,4,0.0741
PHC-DST-A1-06,2025-06-08,1,1,2,0.446
PHC-DST-A1-06,2025-06-09,1,2,4,0.0723
PHC-DST-A1-06,2025-06-10,1,2,4,0.0616
PHC-DST-A1-06,2025-06-11,1,2,4,0.0715
PHC-DST-A1-06,2025-06-12,1,2,4,0.0536
PHC-DST-A1-06,2025-06-13,1,2,4,0.0762
PHC-DST-A1-06,2025-06-14,1,2,4,0.0703
PHC-DST-A1-06,2025-06-15,1,1,2,0.4724
PHC-DST-A1-06,2025-06-16,1,2,4,0.0756
PHC-DST-A1-06,2025-06-17,1,2,4,0.0507
PHC-DST-A1-06,2025-06-18,1,2,4,0.041
PHC-DST-A1-06,2025-06-19,1,2,4,0.0702
PHC-DST-A1-06,2025-06-20,1,2,4,
PHC-DST-A1-06,2025-06-21,1,2,4,0.0475
PHC-DST-A1-06,2025-06-22,1,1,2,0.4727
PHC-DST-A1-06,2025-06-23,1,2,4,0.0475
PHC-DST-A1-06,2025-06-24,1,2,4,0.0739
PHC-DST-A1-06,2025-06-25,1,2,4,0.0615
PHC-DST-A1-06,2025-06-26,1,2,4,0.0709
PHC-DST-A1-06,2025-06-27,1,2,4,0.0752
PHC-DST-A1-06,2025-06-28,1,2,4,0.0662
PHC-DST-A1-06,2025-06-29,1,1,2,0.4722
PHC-DST-A1-06,2025-06-30,1,2,4,0.0599
PHC-DST-A2-01,2024-01-01,2,3,2,0.0691
PHC-DST-A2-01,2024-01-02,2,3,2,0.0569
PHC-DST-A2-01,2024-01-03,2,3,2,0.0727
PHC-DST-A2-01,2024-01-04,2,3,2,0.0635
PHC-DST-A2-01,2024-01-05,2,3,2,0.048
PHC-DST-A2-01,2024-01-06,2,3,2,0.0566
PHC-DST-A2-01,2024-01-07,1,2,1,0.4412
PHC-DST-A2-01,2024-01-08,2,3,2,0.0572
PHC-DST-A2-01,2024-01-09,2,3,2,0.0774
PHC-DST-A2-01,2024-01-10,2,3,2,0.0632
PHC-DST-A2-01,2024-01-11,2,3,2,0.0672
PHC-DST-A2-01,2024-01-12,2,3,2,0.0412
PHC-DST-A2-01,2024-01-13,2,3,2,0.0725
PHC-DST-A2-01,2024-01-14,1,2,1,0.4758
PHC-DST-A2-01,2024-01-15,2,3,2,0.0764
PHC-DST-A2-01,2024-01-16,2,3,2,0.0446
PHC-DST-A2-01,2024-01-17,2,3,2,
PHC-DST-A2-01,2024-01-18,2,3,2,0.0595
PHC-DST-A2-01,2024-01-19,2,3,2,0.0565
PHC-DST-A2-01,2024-01-20,2,3,2,0.0774
PHC-DST-A2-01,2024-01-21,1,2,1,0.4469
PHC-DST-A2-01,2024-01-22,2,3,2,0.0687
PHC-DST-A2-01,2024-01-23,2,3,2,0.0709
PHC-DST-A2-01,2024-01-24,2,3,2,0.0411
PHC-DST-A2-01,2024-01-25,2,3,2,0.0451
PHC-DST-A2-01,2024-01-26,2,3,2,0.0635
PHC-DST-A2-01,2024-01-27,2,3,2,0.0613
PHC-DST-A2-01,2024-01-28,1,2,1,0.4773
PHC-DST-A2-01,2024-01-29,2,3,2,0.0506
PHC-DST-A2-01,2024-01-30,2,3,2,0.0775
PHC-DST-A2-01,2024-01-31,2,3,2,0.0442
PHC-DST-A2-01,2024-02-01,2,3,2,0.0719
PHC-DST-A2-01,2024-02-02,2,3,2,0.0564
PHC-DST-A2-01,2024-02-03,2,3,2,0.0401
PHC-DST-A2-01,2024-02-04,1,2,1,0.459
PHC-DST-A2-01,2024-02-05,2,3,2,0.0404
PHC-DST-A2-01,2024-02-06,2,3,2,0.076
PHC-DST-A2-01,2024-02-07,2,3,2,0.044
PHC-DST-A2-01,2024-02-08,2,3,2,0.0773
PHC-DST-A2-01,2024-02-09,2,3,2,0.0598
PHC-DST-A2-01,2024-02-10,2,3,2,0.0612
PHC-DST-A2-01,2024-02-11,1,2,1,0.4786
PHC-DST-A2-01,2024-02-12,2,3,2,0.0573
PHC-DST-A2-01,2024-02-13,2,3,2,0.0644
PHC-DST-A2-01,2024-02-14,2,3,2,0.0627
PHC-DST-A2-01,2024-02-15,2,3,2,0.0708
PHC-DST-A2-01,2024-02-16,2,3,2,0.0473
PHC-DST-A2-01,2024-02-17,2,3,2,0.0553
PHC-DST-A2-01,2024-02-18,1,2,1,0.4762
PHC-DST-A2-01,2024-02-19,2,3,2,0.0627
PHC-DST-A2-01,2024-02-20,2,3,2,0.0573
PHC-DST-A2-01,2024-02-21,2,3,2,0.067
PHC-DST-A2-01,2024-02-22,2,3,2,0.075
PHC-DST-A2-01,2024-02-23,2,3,2,0.0634
PHC-DST-A2-01,2024-02-24,2,3,2,0.0617
PHC-DST-A2-01,2024-02-25,1,2,1,0.4746
PHC-DST-A2-01,2024-02-26,2,3,2,0.0594
PHC-DST-A2-01,2024-02-27,2,3,2,0.0754
PHC-DST-A2-01,2024-02-28,2,3,2,0.0788
PHC-DST-A2-01,2024-02-29,2,3,2,0.0633
PHC-DST-A2-01,2024-03-01,2,3,2,0.0695
PHC-DST-A2-01,2024-03-02,2,3,2,0.0588
PHC-DST-A2-01,2024-03-03,1,2,1,0.4762
PHC-DST-A2-01,2024-03-04,2,3,2,0.0558
PHC-DST-A2-01,2024-03-05,2,3,2,0.0785
PHC-DST-A2-01,2024-03-06,2,3,2,0.0611
PHC-DST-A2-01,2024-03-07,2,3,2,0.0731
PHC-DST-A2-01,2024-03-08,2,3,2,0.0483
PHC-DST-A2-01,2024-03-09,2,3,2,0.0476
PHC-DST-A2-01,2024-03-10,1,2,1,0.4515
PHC-DST-A2-01,2024-03-11,2,3,2,0.0761
PHC-DST-A2-01,2024-03-12,2,3,2,0.0435
PHC-DST-A2-01,2024-03-13,2,3,2,0.0598
PHC-DST-A2-01,2024-03-14,2,3,2,0.0518
PHC-DST-A2-01,2024-03-15,2,3,2,0.068
PHC-DST-A2-01,2024-03-16,2,3,2,0.0622
PHC-DST-A2-01,2024-03-17,1,2,1,0.4406
PHC-DST-A2-01,2024-03-18,2,3,2,0.0405
PHC-DST-A2-01,2024-03-19,2,3,2,0.0418
PHC-DST-A2-01,2024-03-20,2,3,2,0.0551
PHC-DST-A2-01,2024-03-21,2,3,2,0.069
PHC-DST-A2-01,2024-03-22,2,3,2,0.0469
PHC-DST-A2-01,2024-03-23,2,3,2,0.0631
PHC-DST-A2-01,2024-03-24,1,2,1,0.4529
PHC-DST-A2-01,2024-03-25,2,3,2,0.0671
PHC-DST-A2-01,2024-03-26,2,3,2,0.043
PHC-DST-A2-01,2024-03-27,2,3,2,0.0405
PHC-DST-A2-01,2024-03-28,2,3,2,0.0586
PHC-DST-A2-01,2024-03-29,2,3,2,0.0486
PHC-DST-A2-01,2024-03-30,2,3,2,0.049
PHC-DST-A2-01,2024-03-31,1,2,1,0.4472
PHC-DST-A2-01,2024-04-01,2,3,2,0.0632
PHC-DST-A2-01,2024-04-02,2,3,2,0.0784
PHC-DST-A2-01,2024-04-03,2,3,2,0.0478
PHC-DST-A2-01,2024-04-04,2,3,2,0.0411
PHC-DST-A2-01,2024-04-05,2,3,2,0.0478
PHC-DST-A2-01,2024-04-06,2,3,2,0.0597
PHC-DST-A2-01,2024-04-07,1,2,1,0.4598
PHC-DST-A2-01,2024-04-08,2,3,2,0.079
PHC-DST-A2-01,2024-04-09,2,3,2,0.0651
PHC-DST-A2-01,2024-04-10,2,3,2,0.0671
PHC-DST-A2-01,2024-04-11,2,3,2,0.0465
PHC-DST-A2-01,2024-04-12,2,3,2,0.0424
PHC-DST-A2-01,2024-04-13,2,3,2,0.0536
PHC-DST-A2-01,2024-04-14,1,2,1,0.46
PHC-DST-A2-01,2024-04-15,2,3,2,0.0712
PHC-DST-A2-01,2024-04-16,2,3,2,0.0664
PHC-DST-A2-01,2024-04-17,2,3,2,0.0552
PHC-DST-A2-01,2024-04-18,2,3,2,0.0799
PHC-DST-A2-01,2024-04-19,2,3,2,0.0615
PHC-DST-A2-01,2024-04-20,2,3,2,0.0552
PHC-DST-A2-01,2024-04-21,1,2,1,0.4469
PHC-DST-A2-01,2024-04-22,2,3,2,0.0742
PHC-DST-A2-01,2024-04-23,2,3,2,0.077
PHC-DST-A2-01,2024-04-24,2,3,2,0.0607
PHC-DST-A2-01,2024-04-25,2,3,2,0.0518
PHC-DST-A2-01,2024-04-26,2,3,2,0.0529
PHC-DST-A2-01,2024-04-27,2,3,2,0.054
PHC-DST-A2-01,2024-04-28,1,2,1,0.4655
PHC-DST-A2-01,2024-04-29,2,3,2,0.0513
PHC-DST-A2-01,2024-04-30,2,3,2,0.0456
PHC-DST-A2-01,2024-05-01,2,3,2,0.0547
PHC-DST-A2-01,2024-05-02,2,3,2,0.0519
PHC-DST-A2-01,2024-05-03,2,3,2,0.0466
PHC-DST-A2-01,2024-05-04,2,3,2,0.0603
PHC-DST-A2-01,2024-05-05,1,2,1,0.4615
PHC-DST-A2-01,2024-05-06,2,3,2,0.0443
PHC-DST-A2-01,2024-05-07,2,3,2,0.0773
PHC-DST-A2-01,2024-05-08,2,3,2,0.0755
PHC-DST-A2-01,2024-05-09,2,3,2,0.069
PHC-DST-A2-01,2024-05-10,2,3,2,0.0731
PHC-DST-A2-01,2024-05-11,2,3,2,0.0453
PHC-DST-A2-01,2024-05-12,1,2,1,0.4634
PHC-DST-A2-01,2024-05-13,2,3,2,0.0633
PHC-DST-A2-01,2024-05-14,2,3,2,0.0439
PHC-DST-A2-01,2024-05-15,2,3,2,0.0509
PHC-DST-A2-01,2024-05-16,2,3,2,0.042
PHC-DST-A2-01,2024-05-17,2,3,2,0.0574
PHC-DST-A2-01,2024-05-18,2,3,2,0.057
PHC-DST-A2-01,2024-05-19,1,2,1,0.4575
PHC-DST-A2-01,2024-05-20,2,3,2,0.0414
PHC-DST-A2-01,2024-05-21,2,3,2,0.0724
PHC-DST-A2-01,2024-05-22,2,3,2,0.0721
PHC-DST-A2-01,2024-05-23,2,3,2,0.0655
PHC-DST-A2-01,2024-05-24,2,3,2,0.0538
PHC-DST-A2-01,2024-05-25,2,3,2,0.0507
PHC-DST-A2-01,2024-05-26,1,2,1,0.4541
PHC-DST-A2-01,2024-05-27,2,3,2,0.0448
PHC-DST-A2-01,2024-05-28,2,3,2,0.062
PHC-DST-A2-01,2024-05-29,2,3,2,0.051
PHC-DST-A2-01,2024-05-30,2,3,2,0.0675
PHC-DST-A2-01,2024-05-31,2,3,2,0.0431
PHC-DST-A2-01,2024-06-01,2,3,2,0.0437
PHC-DST-A2-01,2024-06-02,1,2,1,
PHC-DST-A2-01,2024-06-03,2,3,2,0.0653
PHC-DST-A2-01,2024-06-04,2,3,2,0.0472
PHC-DST-A2-01,2024-06-05,2,3,2,0.0725
PHC-DST-A2-01,2024-06-06,2,3,2,0.0783
PHC-DST-A2-01,2024-06-07,2,3,2,0.0705
PHC-DST-A2-01,2024-06-08,2,3,2,0.0631
PHC-DST-A2-01,2024-06-09,1,2,1,0.447
PHC-DST-A2-01,2024-06-10,2,3,2,0.0739
PHC-DST-A2-01,2024-06-11,2,3,2,0.0492
PHC-DST-A2-01,2024-06-12,2,3,2,0.0615
PHC-DST-A2-01,2024-06-13,2,3,2,0.0637
PHC-DST-A2-01,2024-06-14,2,3,2,0.0515
PHC-DST-A2-01,2024-06-15,2,3,2,0.0465
PHC-DST-A2-01,2024-06-16,1,2,1,0.4603
PHC-DST-A2-01,2024-06-17,2,3,2,0.0421
PHC-DST-A2-01,2024-06-18,2,3,2,0.0472
PHC-DST-A2-01,2024-06-19,2,3,2,0.0401
PHC-DST-A2-01,2024-06-20,2,3,2,0.0477
PHC-DST-A2-01,2024-06-21,2,3,2,0.0705
PHC-DST-A2-01,2024-06-22,2,3,2,0.0476
PHC-DST-A2-01,2024-06-23,1,2,1,0.4603
PHC-DST-A2-01,2024-06-24,2,3,2,0.0596
PHC-DST-A2-01,2024-06-25,2,3,2,0.0629
PHC-DST-A2-01,2024-06-26,2,3,2,0.068
PHC-DST-A2-01,2024-06-27,2,3,2,0.0765
PHC-DST-A2-01,2024-06-28,2,3,2,0.0579
PHC-DST-A2-01,2024-06-29,2,3,2,0.0523
PHC-DST-A2-01,2024-06-30,1,2,1,0.4509
PHC-DST-A2-01,2024-07-01,2,3,2,0.0648
PHC-DST-A2-01,2024-07-02,2,3,2,0.0747
PHC-DST-A2-01,2024-07-03,2,3,2,0.0566
PHC-DST-A2-01,2024-07-04,2,3,2,0.0545
PHC-DST-A2-01,2024-07-05,2,3,2,0.0507
PHC-DST-A2-01,2024-07-06,2,3,2,0.0568
PHC-DST-A2-01,2024-07-07,1,2,1,0.4675
PHC-DST-A2-01,2024-07-08,2,3,2,0.0448
PHC-DST-A2-01,2024-07-09,2,3,2,0.0468
PHC-DST-A2-01,2024-07-10,2,3,2,0.0456
PHC-DST-A2-01,2024-07-11,2,3,2,0.0409
PHC-DST-A2-01,2024-07-12,2,3,2,0.0543
PHC-DST-A2-01,2024-07-13,2,3,2,0.0626
PHC-DST-A2-01,2024-07-14,1,2,1,0.4721
PHC-DST-A2-01,2024-07-15,2,3,2,0.077
PHC-DST-A2-01,2024-07-16,2,3,2,0.0519
PHC-DST-A2-01,2024-07-17,2,3,2,0.0546
PHC-DST-A2-01,2024-07-18,2,3,2,0.0447
PHC-DST-A2-01,2024-07-19,2,3,2,0.0574
PHC-DST-A2-01,2024-07-20,2,3,2,0.0542
PHC-DST-A2-01,2024-07-21,1,2,1,0.4614
PHC-DST-A2-01,2024-07-22,2,3,2,0.0457
PHC-DST-A2-01,2024-07-23,2,3,2,0.0694
PHC-DST-A2-01,2024-07-24,2,3,2,0.0509
PHC-DST-A2-01,2024-07-25,2,3,2,0.067
PHC-DST-A2-01,2024-07-26,2,3,2,0.0657
PHC-DST-A2-01,2024-07-27,2,3,2,0.0466
PHC-DST-A2-01,2024-07-28,1,2,1,0.4538
PHC-DST-A2-01,2024-07-29,2,3,2,0.0512
PHC-DST-A2-01,2024-07-30,2,3,2,0.0625
PHC-DST-A2-01,2024-07-31,2,3,2,0.0472
PHC-DST-A2-01,2024-08-01,2,3,2,0.0532
PHC-DST-A2-01,2024-08-02,2,3,2,0.064
PHC-DST-A2-01,2024-08-03,2,3,2,0.0429
PHC-DST-A2-01,2024-08-04,1,2,1,0.4474
PHC-DST-A2-01,2024-08-05,2,3,2,0.0449
PHC-DST-A2-01,2024-08-06,2,3,2,0.0717
PHC-DST-A2-01,2024-08-07,2,3,2,0.0593
PHC-DST-A2-01,2024-08-08,2,3,2,0.0526
PHC-DST-A2-01,2024-08-09,2,3,2,0.0514
PHC-DST-A2-01,2024-08-10,2,3,2,0.0532
PHC-DST-A2-01,2024-08-11,1,2,1,0.4412
PHC-DST-A2-01,2024-08-12,2,3,2,0.0756
PHC-DST-A2-01,2024-08-13,2,3,2,0.0627
PHC-DST-A2-01,2024-08-14,2,3,2,0.0692
PHC-DST-A2-01,2024-08-15,2,3,2,0.0785
PHC-DST-A2-01,2024-08-16,2,3,2,0.0551
PHC-DST-A2-01,2024-08-17,1,1,1,0.6099
PHC-DST-A2-01,2024-08-18,1,2,1,0.4615
PHC-DST-A2-01,2024-08-19,2,3,2,0.0625
PHC-DST-A2-01,2024-08-20,2,3,2,0.0687
PHC-DST-A2-01,2024-08-21,2,3,2,0.0664
PHC-DST-A2-01,2024-08-22,1,1,1,0.5025
PHC-DST-A2-01,2024-08-23,2,3,2,0.0697
PHC-DST-A2-01,2024-08-24,2,3,2,0.0717
PHC-DST-A2-01,2024-08-25,1,2,1,0.4463
PHC-DST-A2-01,2024-08-26,2,3,2,0.046
PHC-DST-A2-01,2024-08-27,2,3,2,0.0496
PHC-DST-A2-01,2024-08-28,1,1,1,0.6031
PHC-DST-A2-01,2024-08-29,2,3,2,0.0475
PHC-DST-A2-01,2024-08-30,2,3,2,0.0667
PHC-DST-A2-01,2024-08-31,2,3,2,0.042
PHC-DST-A2-01,2024-09-01,1,2,1,0.4772
PHC-DST-A2-01,2024-09-02,2,3,2,0.0519
PHC-DST-A2-01,2024-09-03,2,3,2,0.0498
PHC-DST-A2-01,2024-09-04,2,3,2,0.0536
PHC-DST-A2-01,2024-09-05,2,3,2,0.0641
PHC-DST-A2-01,2024-09-06,2,3,2,0.0677
PHC-DST-A2-01,2024-09-07,1,2,1,0.3849
PHC-DST-A2-01,2024-09-08,1,2,1,0.4414
PHC-DST-A2-01,2024-09-09,2,3,2,0.0446
PHC-DST-A2-01,2024-09-10,2,3,2,0.0723
PHC-DST-A2-01,2024-09-11,2,3,2,0.0628
PHC-DST-A2-01,2024-09-12,1,1,1,0.5279
PHC-DST-A2-01,2024-09-13,2,3,2,0.0647
PHC-DST-A2-01,2024-09-14,2,3,2,0.0602
PHC-DST-A2-01,2024-09-15,1,2,1,0.4709
PHC-DST-A2-01,2024-09-16,2,3,2,0.0778
PHC-DST-A2-01,2024-09-17,2,3,2,0.0681
PHC-DST-A2-01,2024-09-18,2,3,2,0.046
PHC-DST-A2-01,2024-09-19,2,3,2,0.0486
PHC-DST-A2-01,2024-09-20,2,3,2,0.0711
PHC-DST-A2-01,2024-09-21,2,3,2,0.0686
PHC-DST-A2-01,2024-09-22,1,2,1,0.4692
PHC-DST-A2-01,2024-09-23,2,3,2,0.057
PHC-DST-A2-01,2024-09-24,2,3,2,0.0437
PHC-DST-A2-01,2024-09-25,2,3,2,0.0745
PHC-DST-A2-01,2024-09-26,2,3,2,0.0668
PHC-DST-A2-01,2024-09-27,2,3,2,0.051
PHC-DST-A2-01,2024-09-28,2,3,2,0.0493
PHC-DST-A2-01,2024-09-29,1,2,1,0.4479
PHC-DST-A2-01,2024-09-30,2,3,2,0.0549
PHC-DST-A2-01,2024-10-01,2,3,2,0.0605
PHC-DST-A2-01,2024-10-02,2,3,2,0.0651
PHC-DST-A2-01,2024-10-03,2,3,2,0.0637
PHC-DST-A2-01,2024-10-04,2,3,2,0.0672
PHC-DST-A2-01,2024-10-05,2,3,2,0.064
PHC-DST-A2-01,2024-10-06,1,2,1,0.4582
PHC-DST-A2-01,2024-10-07,2,3,2,0.0428
PHC-DST-A2-01,2024-10-08,2,3,2,0.0514
PHC-DST-A2-01,2024-10-09,2,3,2,0.0743
PHC-DST-A2-01,2024-10-10,2,3,2,0.0444
PHC-DST-A2-01,2024-10-11,2,3,2,0.0665
PHC-DST-A2-01,2024-10-12,2,3,2,0.0485
PHC-DST-A2-01,2024-10-13,1,2,1,0.4696
PHC-DST-A2-01,2024-10-14,2,3,2,0.0407
PHC-DST-A2-01,2024-10-15,2,3,2,0.0634
PHC-DST-A2-01,2024-10-16,2,3,2,0.0489
PHC-DST-A2-01,2024-10-17,2,3,2,0.0507
PHC-DST-A2-01,2024-10-18,2,3,2,0.0502
PHC-DST-A2-01,2024-10-19,2,3,2,0.0476
PHC-DST-A2-01,2024-10-20,1,2,1,0.4793
PHC-DST-A2-01,2024-10-21,2,3,2,0.0691
PHC-DST-A2-01,2024-10-22,2,3,2,0.0463
PHC-DST-A2-01,2024-10-23,2,3,2,0.0765
PHC-DST-A2-01,2024-10-24,2,3,2,0.0541
PHC-DST-A2-01,2024-10-25,2,3,2,0.0538
PHC-DST-A2-01,2024-10-26,2,3,2,0.0615
PHC-DST-A2-01,2024-10-27,1,2,1,0.4614
PHC-DST-A2-01,2024-10-28,2,3,2,0.0445
PHC-DST-A2-01,2024-10-29,2,3,2,0.0732
PHC-DST-A2-01,2024-10-30,2,3,2,0.0438
PHC-DST-A2-01,2024-10-31,2,3,2,0.0742
PHC-DST-A2-01,2024-11-01,2,3,2,0.0463
PHC-DST-A2-01,2024-11-02,2,3,2,0.0649
PHC-DST-A2-01,2024-11-03,1,2,1,0.4755
PHC-DST-A2-01,2024-11-04,2,3,2,0.0466
PHC-DST-A2-01,2024-11-05,2,3,2,0.0554
PHC-DST-A2-01,2024-11-06,2,3,2,0.0635
PHC-DST-A2-01,2024-11-07,2,3,2,0.0576
PHC-DST-A2-01,2024-11-08,2,3,2,0.0408
PHC-DST-A2-01,2024-11-09,2,3,2,0.0648
PHC-DST-A2-01,2024-11-10,1,2,1,0.4534
PHC-DST-A2-01,2024-11-11,2,3,2,0.0427
PHC-DST-A2-01,2024-11-12,2,3,2,0.0662
PHC-DST-A2-01,2024-11-13,2,3,2,0.0741
PHC-DST-A2-01,2024-11-14,2,3,2,0.0607
PHC-DST-A2-01,2024-11-15,2,3,2,0.0543
PHC-DST-A2-01,2024-11-16,2,3,2,0.0668
PHC-DST-A2-01,2024-11-17,1,2,1,0.45
PHC-DST-A2-01,2024-11-18,2,3,2,0.0435
PHC-DST-A2-01,2024-11-19,2,3,2,0.07
PHC-DST-A2-01,2024-11-20,2,3,2,0.0494
PHC-DST-A2-01,2024-11-21,2,3,2,
PHC-DST-A2-01,2024-11-22,2,3,2,0.0792
PHC-DST-A2-01,2024-11-23,2,3,2,0.0548
PHC-DST-A2-01,2024-11-24,1,2,1,0.4697
PHC-DST-A2-01,2024-11-25,2,3,2,0.048
PHC-DST-A2-01,2024-11-26,2,3,2,0.0436
PHC-DST-A2-01,2024-11-27,2,3,2,0.0496
PHC-DST-A2-01,2024-11-28,2,3,2,0.0473
PHC-DST-A2-01,2024-11-29,2,3,2,0.0594
PHC-DST-A2-01,2024-11-30,2,3,2,0.058
PHC-DST-A2-01,2024-12-01,1,2,1,0.4548
PHC-DST-A2-01,2024-12-02,2,3,2,0.0651
PHC-DST-A2-01,2024-12-03,2,3,2,0.0638
PHC-DST-A2-01,2024-12-04,2,3,2,0.0735
PHC-DST-A2-01,2024-12-05,2,3,2,0.0418
PHC-DST-A2-01,2024-12-06,2,3,2,0.064
PHC-DST-A2-01,2024-12-07,2,3,2,0.0779
PHC-DST-A2-01,2024-12-08,1,2,1,0.443
PHC-DST-A2-01,2024-12-09,2,3,2,0.0409
PHC-DST-A2-01,2024-12-10,2,3,2,0.0769
PHC-DST-A2-01,2024-12-11,2,3,2,0.0573
PHC-DST-A2-01,2024-12-12,2,3,2,0.0497
PHC-DST-A2-01,2024-12-13,2,3,2,0.0682
PHC-DST-A2-01,2024-12-14,2,3,2,0.0472
PHC-DST-A2-01,2024-12-15,1,2,1,0.4407
PHC-DST-A2-01,2024-12-16,2,3,2,0.0424
PHC-DST-A2-01,2024-12-17,2,3,2,0.0643
PHC-DST-A2-01,2024-12-18,2,3,2,0.0566
PHC-DST-A2-01,2024-12-19,2,3,2,0.049
PHC-DST-A2-01,2024-12-20,2,3,2,0.0434
PHC-DST-A2-01,2024-12-21,2,3,2,0.0499
PHC-DST-A2-01,2024-12-22,1,2,1,0.4422
PHC-DST-A2-01,2024-12-23,2,3,2,0.073
PHC-DST-A2-01,2024-12-24,2,3,2,
PHC-DST-A2-01,2024-12-25,2,3,2,0.0666
PHC-DST-A2-01,2024-12-26,2,3,2,0.0544
PHC-DST-A2-01,2024-12-27,2,3,2,0.0533
PHC-DST-A2-01,2024-12-28,2,3,2,0.076
PHC-DST-A2-01,2024-12-29,1,2,1,0.4552
PHC-DST-A2-01,2024-12-30,2,3,2,0.0643
PHC-DST-A2-01,2024-12-31,2,3,2,0.0582
PHC-DST-A2-01,2025-01-01,2,3,2,0.0515
PHC-DST-A2-01,2025-01-02,2,3,2,0.0641
PHC-DST-A2-01,2025-01-03,2,3,2,0.0592
PHC-DST-A2-01,2025-01-04,2,3,2,0.0441
PHC-DST-A2-01,2025-01-05,1,2,1,0.4628
PHC-DST-A2-01,2025-01-06,2,3,2,0.0741
PHC-DST-A2-01,2025-01-07,2,3,2,0.0757
PHC-DST-A2-01,2025-01-08,2,3,2,0.0531
PHC-DST-A2-01,2025-01-09,2,3,2,0.0491
PHC-DST-A2-01,2025-01-10,2,3,2,0.0509
PHC-DST-A2-01,2025-01-11,2,3,2,0.0417
PHC-DST-A2-01,2025-01-12,1,2,1,0.4705
PHC-DST-A2-01,2025-01-13,2,3,2,0.066
PHC-DST-A2-01,2025-01-14,2,3,2,0.0479
PHC-DST-A2-01,2025-01-15,2,3,2,0.0693
PHC-DST-A2-01,2025-01-16,2,3,2,0.0746
PHC-DST-A2-01,2025-01-17,2,3,2,0.0584
PHC-DST-A2-01,2025-01-18,2,3,2,0.059
PHC-DST-A2-01,2025-01-19,1,2,1,0.4432
PHC-DST-A2-01,2025-01-20,2,3,2,0.0403
PHC-DST-A2-01,2025-01-21,2,3,2,0.0549
PHC-DST-A2-01,2025-01-22,2,3,2,0.0595
PHC-DST-A2-01,2025-01-23,2,3,2,0.0574
PHC-DST-A2-01,2025-01-24,2,3,2,0.0682
PHC-DST-A2-01,2025-01-25,2,3,2,0.0794
PHC-DST-A2-01,2025-01-26,1,2,1,0.4633
PHC-DST-A2-01,2025-01-27,2,3,2,0.052
PHC-DST-A2-01,2025-01-28,2,3,2,0.0539
PHC-DST-A2-01,2025-01-29,2,3,2,0.0427
PHC-DST-A2-01,2025-01-30,2,3,2,0.0665
PHC-DST-A2-01,2025-01-31,2,3,2,0.0704
PHC-DST-A2-01,2025-02-01,2,3,2,0.0748
PHC-DST-A2-01,2025-02-02,1,2,1,0.4646
PHC-DST-A2-01,2025-02-03,2,3,2,0.078
PHC-DST-A2-01,2025-02-04,2,3,2,0.0763
PHC-DST-A2-01,2025-02-05,2,3,2,0.0421
PHC-DST-A2-01,2025-02-06,2,3,2,0.0582
PHC-DST-A2-01,2025-02-07,2,3,2,0.0571
PHC-DST-A2-01,2025-02-08,2,3,2,0.0469
PHC-DST-A2-01,2025-02-09,1,2,1,0.4595
PHC-DST-A2-01,2025-02-10,2,3,2,0.0402
PHC-DST-A2-01,2025-02-11,2,3,2,0.0509
PHC-DST-A2-01,2025-02-12,2,3,2,0.0458
PHC-DST-A2-01,2025-02-13,2,3,2,0.0547
PHC-DST-A2-01,2025-02-14,2,3,2,0.0545
PHC-DST-A2-01,2025-02-15,2,3,2,0.0791
PHC-DST-A2-01,2025-02-16,1,2,1,0.4488
PHC-DST-A2-01,2025-02-17,2,3,2,0.0598
PHC-DST-A2-01,2025-02-18,2,3,2,0.0625
PHC-DST-A2-01,2025-02-19,2,3,2,0.0713
PHC-DST-A2-01,2025-02-20,2,3,2,0.075
PHC-DST-A2-01,2025-02-21,2,3,2,0.049
PHC-DST-A2-01,2025-02-22,2,3,2,0.0585
PHC-DST-A2-01,2025-02-23,1,2,1,0.4594
PHC-DST-A2-01,2025-02-24,2,3,2,0.04
PHC-DST-A2-01,2025-02-25,2,3,2,0.0753
PHC-DST-A2-01,2025-02-26,2,3,2,0.0473
PHC-DST-A2-01,2025-02-27,2,3,2,0.0756
PHC-DST-A2-01,2025-02-28,2,3,2,0.0514
PHC-DST-A2-01,2025-03-01,2,3,2,0.042
PHC-DST-A2-01,2025-03-02,1,2,1,0.4782
PHC-DST-A2-01,2025-03-03,2,3,2,0.0603
PHC-DST-A2-01,2025-03-04,2,3,2,0.0719
PHC-DST-A2-01,2025-03-05,2,3,2,0.0728
PHC-DST-A2-01,2025-03-06,2,3,2,0.0436
PHC-DST-A2-01,2025-03-07,2,3,2,0.0596
PHC-DST-A2-01,2025-03-08,2,3,2,0.0685
PHC-DST-A2-01,2025-03-09,1,2,1,0.4553
PHC-DST-A2-01,2025-03-10,2,3,2,0.078
PHC-DST-A2-01,2025-03-11,2,3,2,0.0624
PHC-DST-A2-01,2025-03-12,2,3,2,0.063
PHC-DST-A2-01,2025-03-13,2,3,2,0.0477
PHC-DST-A2-01,2025-03-14,2,3,2,0.074
PHC-DST-A2-01,2025-03-15,2,3,2,0.0681
PHC-DST-A2-01,2025-03-16,1,2,1,0.4596
PHC-DST-A2-01,2025-03-17,2,3,2,0.0595
PHC-DST-A2-01,2025-03-18,2,3,2,0.0719
PHC-DST-A2-01,2025-03-19,2,3,2,0.078
PHC-DST-A2-01,2025-03-20,2,3,2,0.0584
PHC-DST-A2-01,2025-03-21,2,3,2,0.0551
PHC-DST-A2-01,2025-03-22,2,3,2,0.0604
PHC-DST-A2-01,2025-03-23,1,2,1,0.4417
PHC-DST-A2-01,2025-03-24,2,3,2,0.0657
PHC-DST-A2-01,2025-03-25,2,3,2,0.0476
PHC-DST-A2-01,2025-03-26,2,3,2,0.0522
PHC-DST-A2-01,2025-03-27,2,3,2,0.0404
PHC-DST-A2-01,2025-03-28,2,3,2,0.0782
PHC-DST-A2-01,2025-03-29,2,3,2,0.0711
PHC-DST-A2-01,2025-03-30,1,2,1,0.4754
PHC-DST-A2-01,2025-03-31,2,3,2,0.078
PHC-DST-A2-01,2025-04-01,2,3,2,0.0419
PHC-DST-A2-01,2025-04-02,2,3,2,0.0573
PHC-DST-A2-01,2025-04-03,2,3,2,0.0487
PHC-DST-A2-01,2025-04-04,2,3,2,0.0713
PHC-DST-A2-01,2025-04-05,2,3,2,0.0643
PHC-DST-A2-01,2025-04-06,1,2,1,0.4688
PHC-DST-A2-01,2025-04-07,2,3,2,0.0525
PHC-DST-A2-01,2025-04-08,2,3,2,0.0572
PHC-DST-A2-01,2025-04-09,2,3,2,0.0794
PHC-DST-A2-01,2025-04-10,2,3,2,0.065
PHC-DST-A2-01,2025-04-11,2,3,2,0.0509
PHC-DST-A2-01,2025-04-12,2,3,2,0.0784
PHC-DST-A2-01,2025-04-13,1,2,1,0.4796
PHC-DST-A2-01,2025-04-14,2,3,2,0.0435
PHC-DST-A2-01,2025-04-15,2,3,2,0.0526
PHC-DST-A2-01,2025-04-16,2,3,2,0.0434
PHC-DST-A2-01,2025-04-17,2,3,2,0.074
PHC-DST-A2-01,2025-04-18,2,3,2,0.0606
PHC-DST-A2-01,2025-04-19,2,3,2,0.063
PHC-DST-A2-01,2025-04-20,1,2,1,0.4616
PHC-DST-A2-01,2025-04-21,2,3,2,0.0642
PHC-DST-A2-01,2025-04-22,2,3,2,0.0701
PHC-DST-A2-01,2025-04-23,2,3,2,0.0462
PHC-DST-A2-01,2025-04-24,2,3,2,0.06
PHC-DST-A2-01,2025-04-25,2,3,2,0.0495
PHC-DST-A2-01,2025-04-26,2,3,2,0.0534
PHC-DST-A2-01,2025-04-27,1,2,1,0.4629
PHC-DST-A2-01,2025-04-28,2,3,2,0.0513
PHC-DST-A2-01,2025-04-29,2,3,2,0.0435
PHC-DST-A2-01,2025-04-30,2,3,2,0.0514
PHC-DST-A2-01,2025-05-01,2,3,2,
PHC-DST-A2-01,2025-05-02,2,3,2,0.0521
PHC-DST-A2-01,2025-05-03,2,3,2,0.0799
PHC-DST-A2-01,2025-05-04,1,2,1,0.4457
PHC-DST-A2-01,2025-05-05,2,3,2,0.0503
PHC-DST-A2-01,2025-05-06,2,3,2,0.0627
PHC-DST-A2-01,2025-05-07,2,3,2,0.0506
PHC-DST-A2-01,2025-05-08,2,3,2,0.067
PHC-DST-A2-01,2025-05-09,2,3,2,0.0474
PHC-DST-A2-01,2025-05-10,2,3,2,0.0476
PHC-DST-A2-01,2025-05-11,1,2,1,0.474
PHC-DST-A2-01,2025-05-12,2,3,2,0.0475
PHC-DST-A2-01,2025-05-13,2,3,2,0.0462
PHC-DST-A2-01,2025-05-14,2,3,2,0.0604
PHC-DST-A2-01,2025-05-15,2,3,2,0.072
PHC-DST-A2-01,2025-05-16,2,3,2,0.0538
PHC-DST-A2-01,2025-05-17,2,3,2,0.0674
PHC-DST-A2-01,2025-05-18,1,2,1,0.4526
PHC-DST-A2-01,2025-05-19,2,3,2,0.0662
PHC-DST-A2-01,2025-05-20,2,3,2,0.0604
PHC-DST-A2-01,2025-05-21,2,3,2,0.0756
PHC-DST-A2-01,2025-05-22,2,3,2,0.076
PHC-DST-A2-01,2025-05-23,2,3,2,0.0625
PHC-DST-A2-01,2025-05-24,2,3,2,0.0561
PHC-DST-A2-01,2025-05-25,1,2,1,0.4651
PHC-DST-A2-01,2025-05-26,2,3,2,0.0718
PHC-DST-A2-01,2025-05-27,2,3,2,0.059
PHC-DST-A2-01,2025-05-28,2,3,2,0.0757
PHC-DST-A2-01,2025-05-29,2,3,2,0.0522
PHC-DST-A2-01,2025-05-30,2,3,2,0.056
PHC-DST-A2-01,2025-05-31,2,3,2,0.0751
PHC-DST-A2-01,2025-06-01,1,2,1,0.4483
PHC-DST-A2-01,2025-06-02,2,3,2,0.0786
PHC-DST-A2-01,2025-06-03,2,3,2,0.0446
PHC-DST-A2-01,2025-06-04,2,3,2,0.0645
PHC-DST-A2-01,2025-06-05,2,3,2,0.0618
PHC-DST-A2-01,2025-06-06,2,3,2,0.0436
PHC-DST-A2-01,2025-06-07,2,3,2,0.0721
PHC-DST-A2-01,2025-06-08,1,2,1,0.4635
PHC-DST-A2-01,2025-06-09,2,3,2,
PHC-DST-A2-01,2025-06-10,2,3,2,0.0611
PHC-DST-A2-01,2025-06-11,2,3,2,0.0676
PHC-DST-A2-01,2025-06-12,2,3,2,0.077
PHC-DST-A2-01,2025-06-13,2,3,2,0.0606
PHC-DST-A2-01,2025-06-14,2,3,2,0.0505
PHC-DST-A2-01,2025-06-15,1,2,1,0.4588
PHC-DST-A2-01,2025-06-16,2,3,2,0.071
PHC-DST-A2-01,2025-06-17,2,3,2,0.0677
PHC-DST-A2-01,2025-06-18,2,3,2,0.0727
PHC-DST-A2-01,2025-06-19,2,3,2,0.0443
PHC-DST-A2-01,2025-06-20,2,3,2,0.0793
PHC-DST-A2-01,2025-06-21,2,3,2,0.0698
PHC-DST-A2-01,2025-06-22,1,2,1,0.4653
PHC-DST-A2-01,2025-06-23,2,3,2,0.0507
PHC-DST-A2-01,2025-06-24,2,3,2,0.0658
PHC-DST-A2-01,2025-06-25,2,3,2,0.0684
PHC-DST-A2-01,2025-06-26,2,3,2,0.0589
PHC-DST-A2-01,2025-06-27,2,3,2,0.0449
PHC-DST-A2-01,2025-06-28,2,3,2,0.0778
PHC-DST-A2-01,2025-06-29,1,2,1,0.4533
PHC-DST-A2-01,2025-06-30,2,3,2,0.079
PHC-DST-A2-02,2024-01-01,1,3,3,0.0788
PHC-DST-A2-02,2024-01-02,1,3,3,0.046
PHC-DST-A2-02,2024-01-03,1,3,3,0.0482
PHC-DST-A2-02,2024-01-04,1,3,3,0.0626
PHC-DST-A2-02,2024-01-05,1,3,3,0.0477
PHC-DST-A2-02,2024-01-06,1,3,3,0.0584
PHC-DST-A2-02,2024-01-07,1,2,2,0.4719
PHC-DST-A2-02,2024-01-08,1,3,3,0.0626
PHC-DST-A2-02,2024-01-09,1,3,3,0.0433
PHC-DST-A2-02,2024-01-10,1,3,3,0.0799
PHC-DST-A2-02,2024-01-11,1,3,3,0.0541
PHC-DST-A2-02,2024-01-12,1,3,3,0.046
PHC-DST-A2-02,2024-01-13,1,3,3,0.0788
PHC-DST-A2-02,2024-01-14,1,2,2,0.4423
PHC-DST-A2-02,2024-01-15,1,3,3,0.0567
PHC-DST-A2-02,2024-01-16,1,3,3,0.0727
PHC-DST-A2-02,2024-01-17,1,3,3,0.0599
PHC-DST-A2-02,2024-01-18,1,3,3,0.0464
PHC-DST-A2-02,2024-01-19,1,3,3,0.0491
PHC-DST-A2-02,2024-01-20,1,3,3,0.0544
PHC-DST-A2-02,2024-01-21,1,2,2,0.4659
PHC-DST-A2-02,2024-01-22,1,3,3,0.0669
PHC-DST-A2-02,2024-01-23,1,3,3,0.0599
PHC-DST-A2-02,2024-01-24,1,3,3,0.0668
PHC-DST-A2-02,2024-01-25,1,3,3,0.0429
PHC-DST-A2-02,2024-01-26,1,3,3,0.0632
PHC-DST-A2-02,2024-01-27,1,3,3,0.0539
PHC-DST-A2-02,2024-01-28,1,2,2,0.4622
PHC-DST-A2-02,2024-01-29,1,3,3,0.0411
PHC-DST-A2-02,2024-01-30,1,3,3,0.0454
PHC-DST-A2-02,2024-01-31,1,3,3,0.064
PHC-DST-A2-02,2024-02-01,1,3,3,0.0576
PHC-DST-A2-02,2024-02-02,1,3,3,0.0539
PHC-DST-A2-02,2024-02-03,1,3,3,0.0419
PHC-DST-A2-02,2024-02-04,1,2,2,0.4759
PHC-DST-A2-02,2024-02-05,1,3,3,0.0449
PHC-DST-A2-02,2024-02-06,1,3,3,0.0472
PHC-DST-A2-02,2024-02-07,1,3,3,0.0612
PHC-DST-A2-02,2024-02-08,1,3,3,0.0415
PHC-DST-A2-02,2024-02-09,1,3,3,0.0683
PHC-DST-A2-02,2024-02-10,1,3,3,0.058
PHC-DST-A2-02,2024-02-11,1,2,2,0.4781
PHC-DST-A2-02,2024-02-12,1,3,3,0.0654
PHC-DST-A2-02,2024-02-13,1,3,3,0.0701
PHC-DST-A2-02,2024-02-14,1,3,3,0.0471
PHC-DST-A2-02,2024-02-15,1,3,3,0.0679
PHC-DST-A2-02,2024-02-16,1,3,3,0.0647
PHC-DST-A2-02,2024-02-17,1,3,3,0.0704
PHC-DST-A2-02,2024-02-18,1,2,2,0.4781
PHC-DST-A2-02,2024-02-19,1,3,3,0.0602
PHC-DST-A2-02,2024-02-20,1,3,3,0.0531
PHC-DST-A2-02,2024-02-21,1,3,3,0.0471
PHC-DST-A2-02,2024-02-22,1,3,3,0.0432
PHC-DST-A2-02,2024-02-23,1,3,3,0.056
PHC-DST-A2-02,2024-02-24,1,3,3,0.0524
PHC-DST-A2-02,2024-02-25,1,2,2,0.4686
PHC-DST-A2-02,2024-02-26,1,3,3,0.0493
PHC-DST-A2-02,2024-02-27,1,3,3,0.0632
PHC-DST-A2-02,2024-02-28,1,3,3,0.0659
PHC-DST-A2-02,2024-02-29,1,3,3,0.051
PHC-DST-A2-02,2024-03-01,1,3,3,0.0496
PHC-DST-A2-02,2024-03-02,1,3,3,0.0623
PHC-DST-A2-02,2024-03-03,1,2,2,0.4739
PHC-DST-A2-02,2024-03-04,1,3,3,0.0535
PHC-DST-A2-02,2024-03-05,1,3,3,0.0577
PHC-DST-A2-02,2024-03-06,1,3,3,0.0431
PHC-DST-A2-02,2024-03-07,1,3,3,0.0744
PHC-DST-A2-02,2024-03-08,1,3,3,0.0524
PHC-DST-A2-02,2024-03-09,1,3,3,0.073
PHC-DST-A2-02,2024-03-10,1,2,2,0.4496
PHC-DST-A2-02,2024-03-11,1,3,3,0.0559
PHC-DST-A2-02,2024-03-12,1,3,3,0.0671
PHC-DST-A2-02,2024-03-13,1,3,3,0.0426
PHC-DST-A2-02,2024-03-14,1,3,3,0.0427
PHC-DST-A2-02,2024-03-15,1,3,3,0.0696
PHC-DST-A2-02,2024-03-16,1,3,3,0.063
PHC-DST-A2-02,2024-03-17,1,2,2,0.4678
PHC-DST-A2-02,2024-03-18,1,3,3,0.0641
PHC-DST-A2-02,2024-03-19,1,3,3,
PHC-DST-A2-02,2024-03-20,1,3,3,0.054
PHC-DST-A2-02,2024-03-21,1,3,3,0.053
PHC-DST-A2-02,2024-03-22,1,3,3,0.0695
PHC-DST-A2-02,2024-03-23,1,3,3,0.0696
PHC-DST-A2-02,2024-03-24,1,2,2,0.4726
PHC-DST-A2-02,2024-03-25,1,3,3,0.0526
PHC-DST-A2-02,2024-03-26,1,3,3,0.0443
PHC-DST-A2-02,2024-03-27,1,3,3,0.0776
PHC-DST-A2-02,2024-03-28,1,3,3,0.0754
PHC-DST-A2-02,2024-03-29,1,3,3,0.0553
PHC-DST-A2-02,2024-03-30,1,3,3,0.0448
PHC-DST-A2-02,2024-03-31,1,2,2,0.4524
PHC-DST-A2-02,2024-04-01,1,3,3,0.078
PHC-DST-A2-02,2024-04-02,1,3,3,0.0582
PHC-DST-A2-02,2024-04-03,1,3,3,0.0525
PHC-DST-A2-02,2024-04-04,1,3,3,0.0734
PHC-DST-A2-02,2024-04-05,1,3,3,0.0794
PHC-DST-A2-02,2024-04-06,1,3,3,0.0529
PHC-DST-A2-02,2024-04-07,1,2,2,0.4558
PHC-DST-A2-02,2024-04-08,1,3,3,0.0758
PHC-DST-A2-02,2024-04-09,1,3,3,0.0407
PHC-DST-A2-02,2024-04-10,1,3,3,0.0574
PHC-DST-A2-02,2024-04-11,1,3,3,0.0636
PHC-DST-A2-02,2024-04-12,1,3,3,0.0566
PHC-DST-A2-02,2024-04-13,1,3,3,0.0459
PHC-DST-A2-02,2024-04-14,1,2,2,0.45
PHC-DST-A2-02,2024-04-15,1,3,3,0.0781
PHC-DST-A2-02,2024-04-16,1,3,3,0.0622
PHC-DST-A2-02,2024-04-17,1,3,3,0.0512
PHC-DST-A2-02,2024-04-18,1,3,3,0.0742
PHC-DST-A2-02,2024-04-19,1,3,3,0.0623
PHC-DST-A2-02,2024-04-20,1,3,3,0.0537
PHC-DST-A2-02,2024-04-21,1,2,2,0.4599
PHC-DST-A2-02,2024-04-22,1,3,3,0.0778
PHC-DST-A2-02,2024-04-23,1,3,3,0.0461
PHC-DST-A2-02,2024-04-24,1,3,3,0.0782
PHC-DST-A2-02,2024-04-25,1,3,3,0.0738
PHC-DST-A2-02,2024-04-26,1,3,3,0.0695
PHC-DST-A2-02,2024-04-27,1,3,3,0.0782
PHC-DST-A2-02,2024-04-28,1,2,2,0.4605
PHC-DST-A2-02,2024-04-29,1,3,3,0.0416
PHC-DST-A2-02,2024-04-30,1,3,3,0.0558
PHC-DST-A2-02,2024-05-01,1,3,3,0.0659
PHC-DST-A2-02,2024-05-02,1,3,3,0.043
PHC-DST-A2-02,2024-05-03,1,3,3,0.0779
PHC-DST-A2-02,2024-05-04,1,3,3,0.0611
PHC-DST-A2-02,2024-05-05,1,2,2,0.4563
PHC-DST-A2-02,2024-05-06,1,3,3,0.0797
PHC-DST-A2-02,2024-05-07,1,3,3,0.065
PHC-DST-A2-02,2024-05-08,1,3,3,0.0504
PHC-DST-A2-02,2024-05-09,1,3,3,0.0644
PHC-DST-A2-02,2024-05-10,1,3,3,0.0577
PHC-DST-A2-02,2024-05-11,1,3,3,0.0582
PHC-DST-A2-02,2024-05-12,1,2,2,0.4599
PHC-DST-A2-02,2024-05-13,1,3,3,0.0603
PHC-DST-A2-02,2024-05-14,1,3,3,0.0621
PHC-DST-A2-02,2024-05-15,1,3,3,0.0753
PHC-DST-A2-02,2024-05-16,1,3,3,0.0747
PHC-DST-A2-02,2024-05-17,1,3,3,0.0579
PHC-DST-A2-02,2024-05-18,1,3,3,0.0707
PHC-DST-A2-02,2024-05-19,1,2,2,0.4508
PHC-DST-A2-02,2024-05-20,1,3,3,0.048
PHC-DST-A2-02,2024-05-21,1,3,3,0.0409
PHC-DST-A2-02,2024-05-22,1,3,3,
PHC-DST-A2-02,2024-05-23,1,3,3,0.0607
PHC-DST-A2-02,2024-05-24,1,3,3,0.0661
PHC-DST-A2-02,2024-05-25,1,3,3,0.0444
PHC-DST-A2-02,2024-05-26,1,2,2,0.4596
PHC-DST-A2-02,2024-05-27,1,3,3,0.0514
PHC-DST-A2-02,2024-05-28,1,3,3,0.0543
PHC-DST-A2-02,2024-05-29,1,3,3,0.0693
PHC-DST-A2-02,2024-05-30,1,3,3,0.0481
PHC-DST-A2-02,2024-05-31,1,3,3,0.0457
PHC-DST-A2-02,2024-06-01,1,3,3,0.0575
PHC-DST-A2-02,2024-06-02,1,2,2,0.4564
PHC-DST-A2-02,2024-06-03,1,3,3,0.0624
PHC-DST-A2-02,2024-06-04,1,3,3,0.0519
PHC-DST-A2-02,2024-06-05,1,3,3,0.0445
PHC-DST-A2-02,2024-06-06,1,3,3,0.0624
PHC-DST-A2-02,2024-06-07,1,3,3,0.0479
PHC-DST-A2-02,2024-06-08,1,3,3,0.0514
PHC-DST-A2-02,2024-06-09,1,2,2,0.4703
PHC-DST-A2-02,2024-06-10,1,3,3,0.0539
PHC-DST-A2-02,2024-06-11,1,3,3,0.0562
PHC-DST-A2-02,2024-06-12,1,3,3,0.0424
PHC-DST-A2-02,2024-06-13,1,3,3,0.0714
PHC-DST-A2-02,2024-06-14,1,3,3,0.0403
PHC-DST-A2-02,2024-06-15,1,3,3,0.0765
PHC-DST-A2-02,2024-06-16,1,2,2,0.4585
PHC-DST-A2-02,2024-06-17,1,3,3,0.0543
PHC-DST-A2-02,2024-06-18,1,3,3,0.0506
PHC-DST-A2-02,2024-06-19,1,3,3,0.0447
PHC-DST-A2-02,2024-06-20,1,3,3,0.069
PHC-DST-A2-02,2024-06-21,1,3,3,0.0707
PHC-DST-A2-02,2024-06-22,1,3,3,0.0506
PHC-DST-A2-02,2024-06-23,1,2,2,0.4652
PHC-DST-A2-02,2024-06-24,1,3,3,0.042
PHC-DST-A2-02,2024-06-25,1,3,3,0.0668
PHC-DST-A2-02,2024-06-26,1,3,3,0.0684
PHC-DST-A2-02,2024-06-27,1,3,3,0.08
PHC-DST-A2-02,2024-06-28,1,3,3,0.0702
PHC-DST-A2-02,2024-06-29,1,3,3,0.0507
PHC-DST-A2-02,2024-06-30,1,2,2,0.453
PHC-DST-A2-02,2024-07-01,1,3,3,0.0766
PHC-DST-A2-02,2024-07-02,1,3,3,0.0449
PHC-DST-A2-02,2024-07-03,1,3,3,0.0465
PHC-DST-A2-02,2024-07-04,1,3,3,0.066
PHC-DST-A2-02,2024-07-05,1,3,3,0.0594
PHC-DST-A2-02,2024-07-06,1,3,3,0.0647
PHC-DST-A2-02,2024-07-07,1,2,2,0.4577
PHC-DST-A2-02,2024-07-08,1,3,3,0.0666
PHC-DST-A2-02,2024-07-09,1,3,3,0.0514
PHC-DST-A2-02,2024-07-10,1,3,3,0.0485
PHC-DST-A2-02,2024-07-11,1,3,3,0.062
PHC-DST-A2-02,2024-07-12,1,3,3,0.0791
PHC-DST-A2-02,2024-07-13,1,3,3,0.0741
PHC-DST-A2-02,2024-07-14,1,2,2,0.4746
PHC-DST-A2-02,2024-07-15,1,3,3,0.0742
PHC-DST-A2-02,2024-07-16,1,3,3,0.0425
PHC-DST-A2-02,2024-07-17,1,3,3,0.044
PHC-DST-A2-02,2024-07-18,1,3,3,0.0491
PHC-DST-A2-02,2024-07-19,1,3,3,0.0566
PHC-DST-A2-02,2024-07-20,1,3,3,0.0475
PHC-DST-A2-02,2024-07-21,1,2,2,0.4476
PHC-DST-A2-02,2024-07-22,1,3,3,0.066
PHC-DST-A2-02,2024-07-23,1,3,3,0.0738
PHC-DST-A2-02,2024-07-24,1,3,3,0.076
PHC-DST-A2-02,2024-07-25,1,3,3,0.0492
PHC-DST-A2-02,2024-07-26,1,3,3,0.0452
PHC-DST-A2-02,2024-07-27,1,3,3,0.0765
PHC-DST-A2-02,2024-07-28,1,2,2,0.4772
PHC-DST-A2-02,2024-07-29,1,3,3,0.0532
PHC-DST-A2-02,2024-07-30,1,3,3,0.0776
PHC-DST-A2-02,2024-07-31,1,3,3,0.05
PHC-DST-A2-02,2024-08-01,1,3,3,0.0613
PHC-DST-A2-02,2024-08-02,1,3,3,0.0725
PHC-DST-A2-02,2024-08-03,1,3,3,0.0798
PHC-DST-A2-02,2024-08-04,1,2,2,0.4613
PHC-DST-A2-02,2024-08-05,1,3,3,0.0571
PHC-DST-A2-02,2024-08-06,1,3,3,0.0499
PHC-DST-A2-02,2024-08-07,1,3,3,0.068
PHC-DST-A2-02,2024-08-08,1,3,3,0.043
PHC-DST-A2-02,2024-08-09,1,3,3,0.0521
PHC-DST-A2-02,2024-08-10,1,3,3,0.069
PHC-DST-A2-02,2024-08-11,1,2,2,0.4593
PHC-DST-A2-02,2024-08-12,1,3,3,0.0516
PHC-DST-A2-02,2024-08-13,1,3,3,0.0451
PHC-DST-A2-02,2024-08-14,1,3,3,0.0782
PHC-DST-A2-02,2024-08-15,1,3,3,0.0787
PHC-DST-A2-02,2024-08-16,1,3,3,0.0648
PHC-DST-A2-02,2024-08-17,1,2,2,0.4741
PHC-DST-A2-02,2024-08-18,1,2,2,0.4601
PHC-DST-A2-02,2024-08-19,1,3,3,0.0749
PHC-DST-A2-02,2024-08-20,1,3,3,0.0465
PHC-DST-A2-02,2024-08-21,1,3,3,0.0573
PHC-DST-A2-02,2024-08-22,1,2,2,0.4144
PHC-DST-A2-02,2024-08-23,1,3,3,0.0454
PHC-DST-A2-02,2024-08-24,1,3,3,0.0474
PHC-DST-A2-02,2024-08-25,1,2,2,0.4412
PHC-DST-A2-02,2024-08-26,1,3,3,0.0645
PHC-DST-A2-02,2024-08-27,1,3,3,0.0766
PHC-DST-A2-02,2024-08-28,1,2,2,0.4998
PHC-DST-A2-02,2024-08-29,1,3,3,0.0611
PHC-DST-A2-02,2024-08-30,1,3,3,0.0591
PHC-DST-A2-02,2024-08-31,1,3,3,0.0448
PHC-DST-A2-02,2024-09-01,1,2,2,0.4466
PHC-DST-A2-02,2024-09-02,1,3,3,0.0568
PHC-DST-A2-02,2024-09-03,1,3,3,0.0504
PHC-DST-A2-02,2024-09-04,1,3,3,0.0511
PHC-DST-A2-02,2024-09-05,1,3,3,0.0756
PHC-DST-A2-02,2024-09-06,1,3,3,0.0552
PHC-DST-A2-02,2024-09-07,1,2,2,0.3695
PHC-DST-A2-02,2024-09-08,1,2,2,0.4498
PHC-DST-A2-02,2024-09-09,1,3,3,0.0407
PHC-DST-A2-02,2024-09-10,1,3,3,0.0553
PHC-DST-A2-02,2024-09-11,1,3,3,0.0626
PHC-DST-A2-02,2024-09-12,1,1,1,0.5031
PHC-DST-A2-02,2024-09-13,1,3,3,0.0486
PHC-DST-A2-02,2024-09-14,1,3,3,0.0429
PHC-DST-A2-02,2024-09-15,1,2,2,0.4579
PHC-DST-A2-02,2024-09-16,1,3,3,0.0759
PHC-DST-A2-02,2024-09-17,1,3,3,0.0505
PHC-DST-A2-02,2024-09-18,1,3,3,0.0478
PHC-DST-A2-02,2024-09-19,1,3,3,0.0679
PHC-DST-A2-02,2024-09-20,1,3,3,0.0449
PHC-DST-A2-02,2024-09-21,1,3,3,0.0488
PHC-DST-A2-02,2024-09-22,1,2,2,0.4624
PHC-DST-A2-02,2024-09-23,1,3,3,0.0655
PHC-DST-A2-02,2024-09-24,1,3,3,0.0722
PHC-DST-A2-02,2024-09-25,1,3,3,0.0735
PHC-DST-A2-02,2024-09-26,1,3,3,0.049
PHC-DST-A2-02,2024-09-27,1,3,3,0.0735
PHC-DST-A2-02,2024-09-28,1,3,3,0.0501
PHC-DST-A2-02,2024-09-29,1,2,2,0.4655
PHC-DST-A2-02,2024-09-30,1,3,3,0.079
PHC-DST-A2-02,2024-10-01,1,3,3,0.0661
PHC-DST-A2-02,2024-10-02,1,3,3,0.0763
PHC-DST-A2-02,2024-10-03,1,3,3,0.0462
PHC-DST-A2-02,2024-10-04,1,3,3,0.0408
PHC-DST-A2-02,2024-10-05,1,3,3,0.0565
PHC-DST-A2-02,2024-10-06,1,2,2,0.4447
PHC-DST-A2-02,2024-10-07,1,3,3,0.0498
PHC-DST-A2-02,2024-10-08,1,3,3,0.0641
PHC-DST-A2-02,2024-10-09,1,3,3,0.0661
PHC-DST-A2-02,2024-10-10,1,3,3,0.0619
PHC-DST-A2-02,2024-10-11,1,3,3,0.0784
PHC-DST-A2-02,2024-10-12,1,3,3,0.056
PHC-DST-A2-02,2024-10-13,1,2,2,0.4651
PHC-DST-A2-02,2024-10-14,1,3,3,0.0518
PHC-DST-A2-02,2024-10-15,1,3,3,0.0726
PHC-DST-A2-02,2024-10-16,1,3,3,0.062
PHC-DST-A2-02,2024-10-17,1,3,3,0.048
PHC-DST-A2-02,2024-10-18,1,3,3,0.076
PHC-DST-A2-02,2024-10-19,1,3,3,0.0669
PHC-DST-A2-02,2024-10-20,1,2,2,0.4632
PHC-DST-A2-02,2024-10-21,1,3,3,0.0436
PHC-DST-A2-02,2024-10-22,1,3,3,
PHC-DST-A2-02,2024-10-23,1,3,3,
PHC-DST-A2-02,2024-10-24,1,3,3,0.0605
PHC-DST-A2-02,2024-10-25,1,3,3,0.0527
PHC-DST-A2-02,2024-10-26,1,3,3,0.0643
PHC-DST-A2-02,2024-10-27,1,2,2,0.4547
PHC-DST-A2-02,2024-10-28,1,3,3,0.0608
PHC-DST-A2-02,2024-10-29,1,3,3,0.0755
PHC-DST-A2-02,2024-10-30,1,3,3,0.0514
PHC-DST-A2-02,2024-10-31,1,3,3,0.0548
PHC-DST-A2-02,2024-11-01,1,3,3,0.06
PHC-DST-A2-02,2024-11-02,1,3,3,0.0719
PHC-DST-A2-02,2024-11-03,1,2,2,0.4556
PHC-DST-A2-02,2024-11-04,1,3,3,0.0717
PHC-DST-A2-02,2024-11-05,1,3,3,0.0476
PHC-DST-A2-02,2024-11-06,1,3,3,0.0799
PHC-DST-A2-02,2024-11-07,1,3,3,0.0709
PHC-DST-A2-02,2024-11-08,1,3,3,0.0649
PHC-DST-A2-02,2024-11-09,1,3,3,0.0688
PHC-DST-A2-02,2024-11-10,1,2,2,0.4477
PHC-DST-A2-02,2024-11-11,1,3,3,0.0615
PHC-DST-A2-02,2024-11-12,1,3,3,0.0698
PHC-DST-A2-02,2024-11-13,1,3,3,0.0571
PHC-DST-A2-02,2024-11-14,1,3,3,0.0671
PHC-DST-A2-02,2024-11-15,1,3,3,0.0743
PHC-DST-A2-02,2024-11-16,1,3,3,0.0657
PHC-DST-A2-02,2024-11-17,1,2,2,0.4615
PHC-DST-A2-02,2024-11-18,1,3,3,0.0536
PHC-DST-A2-02,2024-11-19,1,3,3,0.0468
PHC-DST-A2-02,2024-11-20,1,3,3,0.0733
PHC-DST-A2-02,2024-11-21,1,3,3,0.0737
PHC-DST-A2-02,2024-11-22,1,3,3,0.0608
PHC-DST-A2-02,2024-11-23,1,3,3,0.052
PHC-DST-A2-02,2024-11-24,1,2,2,0.4705
PHC-DST-A2-02,2024-11-25,1,3,3,0.0478
PHC-DST-A2-02,2024-11-26,1,3,3,0.0699
PHC-DST-A2-02,2024-11-27,1,3,3,0.0512
PHC-DST-A2-02,2024-11-28,1,3,3,0.0413
PHC-DST-A2-02,2024-11-29,1,3,3,0.0559
PHC-DST-A2-02,2024-11-30,1,3,3,0.0623
PHC-DST-A2-02,2024-12-01,1,2,2,0.4755
PHC-DST-A2-02,2024-12-02,1,3,3,0.0519
PHC-DST-A2-02,2024-12-03,1,3,3,0.046
PHC-DST-A2-02,2024-12-04,1,3,3,0.0601
PHC-DST-A2-02,2024-12-05,1,3,3,0.0717
PHC-DST-A2-02,2024-12-06,1,3,3,0.0524
PHC-DST-A2-02,2024-12-07,1,3,3,0.0491
PHC-DST-A2-02,2024-12-08,1,2,2,0.4537
PHC-DST-A2-02,2024-12-09,1,3,3,0.0563
PHC-DST-A2-02,2024-12-10,1,3,3,0.0523
PHC-DST-A2-02,2024-12-11,1,3,3,0.0717
PHC-DST-A2-02,2024-12-12,1,3,3,0.061
PHC-DST-A2-02,2024-12-13,1,3,3,0.0458
PHC-DST-A2-02,2024-12-14,1,3,3,0.0467
PHC-DST-A2-02,2024-12-15,1,2,2,
PHC-DST-A2-02,2024-12-16,1,3,3,0.0779
PHC-DST-A2-02,2024-12-17,1,3,3,0.0623
PHC-DST-A2-02,2024-12-18,1,3,3,0.048
PHC-DST-A2-02,2024-12-19,1,3,3,0.0722
PHC-DST-A2-02,2024-12-20,1,3,3,0.0695
PHC-DST-A2-02,2024-12-21,1,3,3,0.0466
PHC-DST-A2-02,2024-12-22,1,2,2,0.4733
PHC-DST-A2-02,2024-12-23,1,3,3,0.0462
PHC-DST-A2-02,2024-12-24,1,3,3,0.0552
PHC-DST-A2-02,2024-12-25,1,3,3,0.0626
PHC-DST-A2-02,2024-12-26,1,3,3,0.0408
PHC-DST-A2-02,2024-12-27,1,3,3,0.0793
PHC-DST-A2-02,2024-12-28,1,3,3,0.0584
PHC-DST-A2-02,2024-12-29,1,2,2,0.4416
PHC-DST-A2-02,2024-12-30,1,3,3,0.0459
PHC-DST-A2-02,2024-12-31,1,3,3,0.0741
PHC-DST-A2-02,2025-01-01,1,3,3,0.0785
PHC-DST-A2-02,2025-01-02,1,3,3,0.0686
PHC-DST-A2-02,2025-01-03,1,3,3,0.0482
PHC-DST-A2-02,2025-01-04,1,3,3,0.0785
PHC-DST-A2-02,2025-01-05,1,2,2,0.4679
PHC-DST-A2-02,2025-01-06,1,3,3,0.0492
PHC-DST-A2-02,2025-01-07,1,3,3,0.0446
PHC-DST-A2-02,2025-01-08,1,3,3,0.0581
PHC-DST-A2-02,2025-01-09,1,3,3,0.044
PHC-DST-A2-02,2025-01-10,1,3,3,0.0482
PHC-DST-A2-02,2025-01-11,1,3,3,0.0693
PHC-DST-A2-02,2025-01-12,1,2,2,0.4636
PHC-DST-A2-02,2025-01-13,1,3,3,0.0655
PHC-DST-A2-02,2025-01-14,1,3,3,0.0525
PHC-DST-A2-02,2025-01-15,1,3,3,0.0553
PHC-DST-A2-02,2025-01-16,1,3,3,0.045
PHC-DST-A2-02,2025-01-17,1,3,3,0.0584
PHC-DST-A2-02,2025-01-18,1,3,3,0.0669
PHC-DST-A2-02,2025-01-19,1,2,2,0.4735
PHC-DST-A2-02,2025-01-20,1,3,3,0.0528
PHC-DST-A2-02,2025-01-21,1,3,3,0.0767
PHC-DST-A2-02,2025-01-22,1,3,3,0.0414
PHC-DST-A2-02,2025-01-23,1,3,3,0.0584
PHC-DST-A2-02,2025-01-24,1,3,3,0.0779
PHC-DST-A2-02,2025-01-25,1,3,3,0.0463
PHC-DST-A2-02,2025-01-26,1,2,2,0.4596
PHC-DST-A2-02,2025-01-27,1,3,3,0.0499
PHC-DST-A2-02,2025-01-28,1,3,3,0.0565
PHC-DST-A2-02,2025-01-29,1,3,3,0.0544
PHC-DST-A2-02,2025-01-30,1,3,3,0.0422
PHC-DST-A2-02,2025-01-31,1,3,3,0.0615
PHC-DST-A2-02,2025-02-01,1,3,3,0.0716
PHC-DST-A2-02,2025-02-02,1,2,2,0.4794
PHC-DST-A2-02,2025-02-03,1,3,3,0.0413
PHC-DST-A2-02,2025-02-04,1,3,3,0.0589
PHC-DST-A2-02,2025-02-05,1,3,3,0.0409
PHC-DST-A2-02,2025-02-06,1,3,3,0.0668
PHC-DST-A2-02,2025-02-07,1,3,3,0.0798
PHC-DST-A2-02,2025-02-08,1,3,3,0.0697
PHC-DST-A2-02,2025-02-09,1,2,2,0.4652
PHC-DST-A2-02,2025-02-10,1,3,3,0.0701
PHC-DST-A2-02,2025-02-11,1,3,3,0.0569
PHC-DST-A2-02,2025-02-12,1,3,3,0.0674
PHC-DST-A2-02,2025-02-13,1,3,3,
PHC-DST-A2-02,2025-02-14,1,3,3,0.0556
PHC-DST-A2-02,2025-02-15,1,3,3,0.0416
PHC-DST-A2-02,2025-02-16,1,2,2,0.459
PHC-DST-A2-02,2025-02-17,1,3,3,0.0724
PHC-DST-A2-02,2025-02-18,1,3,3,0.0469
PHC-DST-A2-02,2025-02-19,1,3,3,0.0658
PHC-DST-A2-02,2025-02-20,1,3,3,0.0612
PHC-DST-A2-02,2025-02-21,1,3,3,0.054
PHC-DST-A2-02,2025-02-22,1,3,3,0.0416
PHC-DST-A2-02,2025-02-23,1,2,2,0.4781
PHC-DST-A2-02,2025-02-24,1,3,3,0.0455
PHC-DST-A2-02,2025-02-25,1,3,3,0.0601
PHC-DST-A2-02,2025-02-26,1,3,3,0.0498
PHC-DST-A2-02,2025-02-27,1,3,3,0.0739
PHC-DST-A2-02,2025-02-28,1,3,3,0.0598
PHC-DST-A2-02,2025-03-01,1,3,3,0.0548
PHC-DST-A2-02,2025-03-02,1,2,2,0.4785
PHC-DST-A2-02,2025-03-03,1,3,3,0.0498
PHC-DST-A2-02,2025-03-04,1,3,3,0.0762
PHC-DST-A2-02,2025-03-05,1,3,3,0.0723
PHC-DST-A2-02,2025-03-06,1,3,3,0.0789
PHC-DST-A2-02,2025-03-07,1,3,3,0.0458
PHC-DST-A2-02,2025-03-08,1,3,3,0.0729
PHC-DST-A2-02,2025-03-09,1,2,2,0.4433
PHC-DST-A2-02,2025-03-10,1,3,3,0.0711
PHC-DST-A2-02,2025-03-11,1,3,3,0.0618
PHC-DST-A2-02,2025-03-12,1,3,3,0.0613
PHC-DST-A2-02,2025-03-13,1,3,3,0.0441
PHC-DST-A2-02,2025-03-14,1,3,3,0.0569
PHC-DST-A2-02,2025-03-15,1,3,3,0.0779
PHC-DST-A2-02,2025-03-16,1,2,2,0.4551
PHC-DST-A2-02,2025-03-17,1,3,3,0.0599
PHC-DST-A2-02,2025-03-18,1,3,3,0.0567
PHC-DST-A2-02,2025-03-19,1,3,3,0.049
PHC-DST-A2-02,2025-03-20,1,3,3,0.0459
PHC-DST-A2-02,2025-03-21,1,3,3,0.0606
PHC-DST-A2-02,2025-03-22,1,3,3,0.0453
PHC-DST-A2-02,2025-03-23,1,2,2,0.4438
PHC-DST-A2-02,2025-03-24,1,3,3,0.0613
PHC-DST-A2-02,2025-03-25,1,3,3,0.0757
PHC-DST-A2-02,2025-03-26,1,3,3,0.0632
PHC-DST-A2-02,2025-03-27,1,3,3,0.0526
PHC-DST-A2-02,2025-03-28,1,3,3,0.0639
PHC-DST-A2-02,2025-03-29,1,3,3,0.0428
PHC-DST-A2-02,2025-03-30,1,2,2,0.4616
PHC-DST-A2-02,2025-03-31,1,3,3,0.0757
PHC-DST-A2-02,2025-04-01,1,3,3,0.0432
PHC-DST-A2-02,2025-04-02,1,3,3,0.0519
PHC-DST-A2-02,2025-04-03,1,3,3,0.0462
PHC-DST-A2-02,2025-04-04,1,3,3,
PHC-DST-A2-02,2025-04-05,1,3,3,0.0756
PHC-DST-A2-02,2025-04-06,1,2,2,0.4544
PHC-DST-A2-02,2025-04-07,1,3,3,0.0774
PHC-DST-A2-02,2025-04-08,1,3,3,0.072
PHC-DST-A2-02,2025-04-09,1,3,3,0.0535
PHC-DST-A2-02,2025-04-10,1,3,3,0.0734
PHC-DST-A2-02,2025-04-11,1,3,3,0.0404
PHC-DST-A2-02,2025-04-12,1,3,3,0.0498
PHC-DST-A2-02,2025-04-13,1,2,2,0.4696
PHC-DST-A2-02,2025-04-14,1,3,3,0.0541
PHC-DST-A2-02,2025-04-15,1,3,3,0.0524
PHC-DST-A2-02,2025-04-16,1,3,3,0.0633
PHC-DST-A2-02,2025-04-17,1,3,3,0.0504
PHC-DST-A2-02,2025-04-18,1,3,3,0.0551
PHC-DST-A2-02,2025-04-19,1,3,3,0.0513
PHC-DST-A2-02,2025-04-20,1,2,2,0.4709
PHC-DST-A2-02,2025-04-21,1,3,3,0.0764
PHC-DST-A2-02,2025-04-22,1,3,3,0.0642
PHC-DST-A2-02,2025-04-23,1,3,3,0.0529
PHC-DST-A2-02,2025-04-24,1,3,3,0.0571
PHC-DST-A2-02,2025-04-25,1,3,3,0.0791
PHC-DST-A2-02,2025-04-26,1,3,3,0.067
PHC-DST-A2-02,2025-04-27,1,2,2,0.4627
PHC-DST-A2-02,2025-04-28,1,3,3,0.0428
PHC-DST-A2-02,2025-04-29,1,3,3,0.0506
PHC-DST-A2-02,2025-04-30,1,3,3,0.0722
PHC-DST-A2-02,2025-05-01,1,3,3,0.0689
PHC-DST-A2-02,2025-05-02,1,3,3,0.0564
PHC-DST-A2-02,2025-05-03,1,3,3,0.0491
PHC-DST-A2-02,2025-05-04,1,2,2,0.4773
PHC-DST-A2-02,2025-05-05,1,3,3,0.0624
PHC-DST-A2-02,2025-05-06,1,3,3,0.0416
PHC-DST-A2-02,2025-05-07,1,3,3,0.0625
PHC-DST-A2-02,2025-05-08,1,3,3,0.0449
PHC-DST-A2-02,2025-05-09,1,3,3,0.0728
PHC-DST-A2-02,2025-05-10,1,3,3,0.0656
PHC-DST-A2-02,2025-05-11,1,2,2,0.4452
PHC-DST-A2-02,2025-05-12,1,3,3,0.0624
PHC-DST-A2-02,2025-05-13,1,3,3,0.0494
PHC-DST-A2-02,2025-05-14,1,3,3,0.0718
PHC-DST-A2-02,2025-05-15,1,3,3,0.0578
PHC-DST-A2-02,2025-05-16,1,3,3,0.0759
PHC-DST-A2-02,2025-05-17,1,3,3,0.0793
PHC-DST-A2-02,2025-05-18,1,2,2,0.4599
PHC-DST-A2-02,2025-05-19,1,3,3,0.0787
PHC-DST-A2-02,2025-05-20,1,3,3,0.0442
PHC-DST-A2-02,2025-05-21,1,3,3,0.0593
PHC-DST-A2-02,2025-05-22,1,3,3,0.0608
PHC-DST-A2-02,2025-05-23,1,3,3,0.0486
PHC-DST-A2-02,2025-05-24,1,3,3,0.0568
PHC-DST-A2-02,2025-05-25,1,2,2,0.4724
PHC-DST-A2-02,2025-05-26,1,3,3,0.0472
PHC-DST-A2-02,2025-05-27,1,3,3,0.0611
PHC-DST-A2-02,2025-05-28,1,3,3,0.0651
PHC-DST-A2-02,2025-05-29,1,3,3,0.0783
PHC-DST-A2-02,2025-05-30,1,3,3,0.0781
PHC-DST-A2-02,2025-05-31,1,3,3,0.0678
PHC-DST-A2-02,2025-06-01,1,2,2,0.4566
PHC-DST-A2-02,2025-06-02,1,3,3,0.042
PHC-DST-A2-02,2025-06-03,1,3,3,0.0494
PHC-DST-A2-02,2025-06-04,1,3,3,0.0603
PHC-DST-A2-02,2025-06-05,1,3,3,0.0561
PHC-DST-A2-02,2025-06-06,1,3,3,0.0535
PHC-DST-A2-02,2025-06-07,1,3,3,0.047
PHC-DST-A2-02,2025-06-08,1,2,2,0.444
PHC-DST-A2-02,2025-06-09,1,3,3,0.0737
PHC-DST-A2-02,2025-06-10,1,3,3,0.0525
PHC-DST-A2-02,2025-06-11,1,3,3,0.071
PHC-DST-A2-02,2025-06-12,1,3,3,0.0756
PHC-DST-A2-02,2025-06-13,1,3,3,0.0642
PHC-DST-A2-02,2025-06-14,1,3,3,0.0498
PHC-DST-A2-02,2025-06-15,1,2,2,0.4417
PHC-DST-A2-02,2025-06-16,1,3,3,0.0428
PHC-DST-A2-02,2025-06-17,1,3,3,0.0634
PHC-DST-A2-02,2025-06-18,1,3,3,0.0585
PHC-DST-A2-02,2025-06-19,1,3,3,0.0402
PHC-DST-A2-02,2025-06-20,1,3,3,0.0645
PHC-DST-A2-02,2025-06-21,1,3,3,
PHC-DST-A2-02,2025-06-22,1,2,2,0.4788
PHC-DST-A2-02,2025-06-23,1,3,3,0.069
PHC-DST-A2-02,2025-06-24,1,3,3,0.0767
PHC-DST-A2-02,2025-06-25,1,3,3,0.041
PHC-DST-A2-02,2025-06-26,1,3,3,0.0697
PHC-DST-A2-02,2025-06-27,1,3,3,0.0799
PHC-DST-A2-02,2025-06-28,1,3,3,0.0689
PHC-DST-A2-02,2025-06-29,1,2,2,0.461
PHC-DST-A2-02,2025-06-30,1,3,3,0.0574
PHC-DST-A2-03,2024-01-01,1,3,3,0.079
PHC-DST-A2-03,2024-01-02,1,3,3,0.0402
PHC-DST-A2-03,2024-01-03,1,3,3,0.0622
PHC-DST-A2-03,2024-01-04,1,3,3,0.0464
PHC-DST-A2-03,2024-01-05,1,3,3,0.0728
PHC-DST-A2-03,2024-01-06,1,3,3,0.0554
PHC-DST-A2-03,2024-01-07,1,2,2,0.4478
PHC-DST-A2-03,2024-01-08,1,3,3,0.0676
PHC-DST-A2-03,2024-01-09,1,3,3,0.0664
PHC-DST-A2-03,2024-01-10,1,3,3,0.067
PHC-DST-A2-03,2024-01-11,1,3,3,0.0715
PHC-DST-A2-03,2024-01-12,1,3,3,
PHC-DST-A2-03,2024-01-13,1,3,3,0.0722
PHC-DST-A2-03,2024-01-14,1,2,2,0.4415
PHC-DST-A2-03,2024-01-15,1,3,3,0.0781
PHC-DST-A2-03,2024-01-16,1,3,3,0.0406
PHC-DST-A2-03,2024-01-17,1,3,3,0.0583
PHC-DST-A2-03,2024-01-18,1,3,3,0.0403
PHC-DST-A2-03,2024-01-19,1,3,3,0.0646
PHC-DST-A2-03,2024-01-20,1,3,3,0.0499
PHC-DST-A2-03,2024-01-21,1,2,2,0.4448
PHC-DST-A2-03,2024-01-22,1,3,3,0.055
PHC-DST-A2-03,2024-01-23,1,3,3,0.0689
PHC-DST-A2-03,2024-01-24,1,3,3,0.0686
PHC-DST-A2-03,2024-01-25,1,3,3,0.057
PHC-DST-A2-03,2024-01-26,1,3,3,
PHC-DST-A2-03,2024-01-27,1,3,3,0.0586
PHC-DST-A2-03,2024-01-28,1,2,2,0.4411
PHC-DST-A2-03,2024-01-29,1,3,3,0.0781
PHC-DST-A2-03,2024-01-30,1,3,3,0.0616
PHC-DST-A2-03,2024-01-31,1,3,3,0.0568
PHC-DST-A2-03,2024-02-01,1,3,3,0.0681
PHC-DST-A2-03,2024-02-02,1,3,3,0.041
PHC-DST-A2-03,2024-02-03,1,3,3,0.0469
PHC-DST-A2-03,2024-02-04,1,2,2,0.4669
PHC-DST-A2-03,2024-02-05,1,3,3,0.0579
PHC-DST-A2-03,2024-02-06,1,3,3,0.0741
PHC-DST-A2-03,2024-02-07,1,3,3,0.0616
PHC-DST-A2-03,2024-02-08,1,3,3,0.0485
PHC-DST-A2-03,2024-02-09,1,3,3,0.0445
PHC-DST-A2-03,2024-02-10,1,3,3,0.045
PHC-DST-A2-03,2024-02-11,1,2,2,0.478
PHC-DST-A2-03,2024-02-12,1,3,3,0.0574
PHC-DST-A2-03,2024-02-13,1,3,3,0.0421
PHC-DST-A2-03,2024-02-14,1,3,3,0.0537
PHC-DST-A2-03,2024-02-15,1,3,3,0.0511
PHC-DST-A2-03,2024-02-16,1,3,3,0.0752
PHC-DST-A2-03,2024-02-17,1,3,3,0.0617
PHC-DST-A2-03,2024-02-18,1,2,2,0.461
PHC-DST-A2-03,2024-02-19,1,3,3,0.0763
PHC-DST-A2-03,2024-02-20,1,3,3,0.0405
PHC-DST-A2-03,2024-02-21,1,3,3,0.0435
PHC-DST-A2-03,2024-02-22,1,3,3,0.0437
PHC-DST-A2-03,2024-02-23,1,3,3,0.0598
PHC-DST-A2-03,2024-02-24,1,3,3,0.0718
PHC-DST-A2-03,2024-02-25,1,2,2,0.4435
PHC-DST-A2-03,2024-02-26,1,3,3,0.0574
PHC-DST-A2-03,2024-02-27,1,3,3,0.0722
PHC-DST-A2-03,2024-02-28,1,3,3,0.059
PHC-DST-A2-03,2024-02-29,1,3,3,0.052
PHC-DST-A2-03,2024-03-01,1,3,3,0.0648
PHC-DST-A2-03,2024-03-02,1,3,3,0.0706
PHC-DST-A2-03,2024-03-03,1,2,2,0.452
PHC-DST-A2-03,2024-03-04,1,3,3,0.0739
PHC-DST-A2-03,2024-03-05,1,3,3,0.0614
PHC-DST-A2-03,2024-03-06,1,3,3,0.0528
PHC-DST-A2-03,2024-03-07,1,3,3,0.0764
PHC-DST-A2-03,2024-03-08,1,3,3,0.043
PHC-DST-A2-03,2024-03-09,1,3,3,0.0581
PHC-DST-A2-03,2024-03-10,1,2,2,0.4786
PHC-DST-A2-03,2024-03-11,1,3,3,0.0759
PHC-DST-A2-03,2024-03-12,1,3,3,0.0509
PHC-DST-A2-03,2024-03-13,1,3,3,0.0405
PHC-DST-A2-03,2024-03-14,1,3,3,0.0499
PHC-DST-A2-03,2024-03-15,1,3,3,0.0495
PHC-DST-A2-03,2024-03-16,1,3,3,0.0573
PHC-DST-A2-03,2024-03-17,1,2,2,0.4474
PHC-DST-A2-03,2024-03-18,1,3,3,0.0498
PHC-DST-A2-03,2024-03-19,1,3,3,0.0627
PHC-DST-A2-03,2024-03-20,1,3,3,0.0449
PHC-DST-A2-03,2024-03-21,1,3,3,0.0607
PHC-DST-A2-03,2024-03-22,1,3,3,0.0684
PHC-DST-A2-03,2024-03-23,1,3,3,0.0689
PHC-DST-A2-03,2024-03-24,1,2,2,0.4631
PHC-DST-A2-03,2024-03-25,1,3,3,0.0503
PHC-DST-A2-03,2024-03-26,1,3,3,0.0479
PHC-DST-A2-03,2024-03-27,1,3,3,0.0754
PHC-DST-A2-03,2024-03-28,1,3,3,0.0759
PHC-DST-A2-03,2024-03-29,1,3,3,0.0732
PHC-DST-A2-03,2024-03-30,1,3,3,0.0708
PHC-DST-A2-03,2024-03-31,1,2,2,0.4763
PHC-DST-A2-03,2024-04-01,1,3,3,0.0537
PHC-DST-A2-03,2024-04-02,1,3,3,0.0505
PHC-DST-A2-03,2024-04-03,1,3,3,0.0793
PHC-DST-A2-03,2024-04-04,1,3,3,0.0753
PHC-DST-A2-03,2024-04-05,1,3,3,0.0694
PHC-DST-A2-03,2024-04-06,1,3,3,0.0421
PHC-DST-A2-03,2024-04-07,1,2,2,0.4449
PHC-DST-A2-03,2024-04-08,1,3,3,0.0632
PHC-DST-A2-03,2024-04-09,1,3,3,0.0679
PHC-DST-A2-03,2024-04-10,1,3,3,0.0403
PHC-DST-A2-03,2024-04-11,1,3,3,0.044
PHC-DST-A2-03,2024-04-12,1,3,3,
PHC-DST-A2-03,2024-04-13,1,3,3,0.0472
PHC-DST-A2-03,2024-04-14,1,2,2,0.4564
PHC-DST-A2-03,2024-04-15,1,3,3,0.0792
PHC-DST-A2-03,2024-04-16,1,3,3,0.0624
PHC-DST-A2-03,2024-04-17,1,3,3,0.0499
PHC-DST-A2-03,2024-04-18,1,3,3,0.0519
PHC-DST-A2-03,2024-04-19,1,3,3,0.0756
PHC-DST-A2-03,2024-04-20,1,3,3,0.0528
PHC-DST-A2-03,2024-04-21,1,2,2,0.4541
PHC-DST-A2-03,2024-04-22,1,3,3,0.0605
PHC-DST-A2-03,2024-04-23,1,3,3,0.0785
PHC-DST-A2-03,2024-04-24,1,3,3,0.0457
PHC-DST-A2-03,2024-04-25,1,3,3,0.058
PHC-DST-A2-03,2024-04-26,1,3,3,0.0679
PHC-DST-A2-03,2024-04-27,1,3,3,0.0757
PHC-DST-A2-03,2024-04-28,1,2,2,0.4647
PHC-DST-A2-03,2024-04-29,1,3,3,0.0489
PHC-DST-A2-03,2024-04-30,1,3,3,0.0505
PHC-DST-A2-03,2024-05-01,1,3,3,0.0431
PHC-DST-A2-03,2024-05-02,1,3,3,0.0674
PHC-DST-A2-03,2024-05-03,1,3,3,0.0501
PHC-DST-A2-03,2024-05-04,1,3,3,0.0732
PHC-DST-A2-03,2024-05-05,1,2,2,0.4714
PHC-DST-A2-03,2024-05-06,1,3,3,0.0653
PHC-DST-A2-03,2024-05-07,1,3,3,0.0474
PHC-DST-A2-03,2024-05-08,1,3,3,0.0465
PHC-DST-A2-03,2024-05-09,1,3,3,0.0484
PHC-DST-A2-03,2024-05-10,1,3,3,0.0674
PHC-DST-A2-03,2024-05-11,1,3,3,0.0568
PHC-DST-A2-03,2024-05-12,1,2,2,0.4456
PHC-DST-A2-03,2024-05-13,1,3,3,0.062
PHC-DST-A2-03,2024-05-14,1,3,3,0.067
PHC-DST-A2-03,2024-05-15,1,3,3,0.0552
PHC-DST-A2-03,2024-05-16,1,3,3,0.0574
PHC-DST-A2-03,2024-05-17,1,3,3,0.054
PHC-DST-A2-03,2024-05-18,1,3,3,0.0596
PHC-DST-A2-03,2024-05-19,1,2,2,0.4492
PHC-DST-A2-03,2024-05-20,1,3,3,0.0549
PHC-DST-A2-03,2024-05-21,1,3,3,0.0785
PHC-DST-A2-03,2024-05-22,1,3,3,0.0796
PHC-DST-A2-03,2024-05-23,1,3,3,0.0562
PHC-DST-A2-03,2024-05-24,1,3,3,0.0409
PHC-DST-A2-03,2024-05-25,1,3,3,0.0487
PHC-DST-A2-03,2024-05-26,1,2,2,0.4503
PHC-DST-A2-03,2024-05-27,1,3,3,0.0487
PHC-DST-A2-03,2024-05-28,1,3,3,0.0416
PHC-DST-A2-03,2024-05-29,1,3,3,0.0446
PHC-DST-A2-03,2024-05-30,1,3,3,0.0485
PHC-DST-A2-03,2024-05-31,1,3,3,0.0775
PHC-DST-A2-03,2024-06-01,1,3,3,0.0434
PHC-DST-A2-03,2024-06-02,1,2,2,0.459
PHC-DST-A2-03,2024-06-03,1,3,3,0.0762
PHC-DST-A2-03,2024-06-04,1,3,3,0.0604
PHC-DST-A2-03,2024-06-05,1,3,3,0.0439
PHC-DST-A2-03,2024-06-06,1,3,3,0.0444
PHC-DST-A2-03,2024-06-07,1,3,3,0.0674
PHC-DST-A2-03,2024-06-08,1,3,3,0.0412
PHC-DST-A2-03,2024-06-09,1,2,2,0.4701
PHC-DST-A2-03,2024-06-10,1,3,3,0.0628
PHC-DST-A2-03,2024-06-11,1,3,3,0.0608
PHC-DST-A2-03,2024-06-12,1,3,3,0.0452
PHC-DST-A2-03,2024-06-13,1,3,3,0.0455
PHC-DST-A2-03,2024-06-14,1,3,3,0.0757
PHC-DST-A2-03,2024-06-15,1,3,3,0.0517
PHC-DST-A2-03,2024-06-16,1,2,2,0.4476
PHC-DST-A2-03,2024-06-17,1,3,3,0.0647
PHC-DST-A2-03,2024-06-18,1,3,3,0.0671
PHC-DST-A2-03,2024-06-19,1,3,3,0.0489
PHC-DST-A2-03,2024-06-20,1,3,3,0.0655
PHC-DST-A2-03,2024-06-21,1,3,3,0.0468
PHC-DST-A2-03,2024-06-22,1,3,3,0.0686
PHC-DST-A2-03,2024-06-23,1,2,2,0.4772
PHC-DST-A2-03,2024-06-24,1,3,3,0.0537
PHC-DST-A2-03,2024-06-25,1,3,3,0.0593
PHC-DST-A2-03,2024-06-26,1,3,3,0.0557
PHC-DST-A2-03,2024-06-27,1,3,3,0.0623
PHC-DST-A2-03,2024-06-28,1,3,3,0.067
PHC-DST-A2-03,2024-06-29,1,3,3,0.0689
PHC-DST-A2-03,2024-06-30,1,2,2,0.4764
PHC-DST-A2-03,2024-07-01,1,3,3,0.0758
PHC-DST-A2-03,2024-07-02,1,3,3,0.0681
PHC-DST-A2-03,2024-07-03,1,3,3,0.0605
PHC-DST-A2-03,2024-07-04,1,3,3,0.0577
PHC-DST-A2-03,2024-07-05,1,3,3,0.0729
PHC-DST-A2-03,2024-07-06,1,3,3,0.0651
PHC-DST-A2-03,2024-07-07,1,2,2,0.4751
PHC-DST-A2-03,2024-07-08,1,3,3,0.0773
PHC-DST-A2-03,2024-07-09,1,3,3,0.0411
PHC-DST-A2-03,2024-07-10,1,3,3,0.0411
PHC-DST-A2-03,2024-07-11,1,3,3,0.0618
PHC-DST-A2-03,2024-07-12,1,3,3,0.046
PHC-DST-A2-03,2024-07-13,1,3,3,0.0706
PHC-DST-A2-03,2024-07-14,1,2,2,0.4697
PHC-DST-A2-03,2024-07-15,1,3,3,0.0513
PHC-DST-A2-03,2024-07-16,1,3,3,0.0632
PHC-DST-A2-03,2024-07-17,1,3,3,0.058
PHC-DST-A2-03,2024-07-18,1,3,3,0.0622
PHC-DST-A2-03,2024-07-19,1,3,3,0.0463
PHC-DST-A2-03,2024-07-20,1,3,3,
PHC-DST-A2-03,2024-07-21,1,2,2,0.4522
PHC-DST-A2-03,2024-07-22,1,3,3,0.0743
PHC-DST-A2-03,2024-07-23,1,3,3,0.0688
PHC-DST-A2-03,2024-07-24,1,3,3,0.0618
PHC-DST-A2-03,2024-07-25,1,3,3,0.0416
PHC-DST-A2-03,2024-07-26,1,3,3,0.0438
PHC-DST-A2-03,2024-07-27,1,3,3,0.062
PHC-DST-A2-03,2024-07-28,1,2,2,0.4516
PHC-DST-A2-03,2024-07-29,1,3,3,0.0692
PHC-DST-A2-03,2024-07-30,1,3,3,0.0667
PHC-DST-A2-03,2024-07-31,1,3,3,0.0775
PHC-DST-A2-03,2024-08-01,1,3,3,0.0537
PHC-DST-A2-03,2024-08-02,1,3,3,0.0622
PHC-DST-A2-03,2024-08-03,1,3,3,0.0579
PHC-DST-A2-03,2024-08-04,1,2,2,0.4727
PHC-DST-A2-03,2024-08-05,1,3,3,0.0452
PHC-DST-A2-03,2024-08-06,1,3,3,0.0496
PHC-DST-A2-03,2024-08-07,1,3,3,0.05
PHC-DST-A2-03,2024-08-08,1,3,3,0.0453
PHC-DST-A2-03,2024-08-09,1,3,3,0.0448
PHC-DST-A2-03,2024-08-10,1,3,3,0.0691
PHC-DST-A2-03,2024-08-11,1,2,2,0.4406
PHC-DST-A2-03,2024-08-12,1,3,3,0.0781
PHC-DST-A2-03,2024-08-13,1,3,3,
PHC-DST-A2-03,2024-08-14,1,3,3,0.0778
PHC-DST-A2-03,2024-08-15,1,3,3,0.0522
PHC-DST-A2-03,2024-08-16,1,3,3,0.0596
PHC-DST-A2-03,2024-08-17,1,2,2,0.3738
PHC-DST-A2-03,2024-08-18,1,2,2,0.463
PHC-DST-A2-03,2024-08-19,1,3,3,0.0526
PHC-DST-A2-03,2024-08-20,1,3,3,0.0432
PHC-DST-A2-03,2024-08-21,1,3,3,0.0652
PHC-DST-A2-03,2024-08-22,1,2,2,0.4367
PHC-DST-A2-03,2024-08-23,1,3,3,0.0711
PHC-DST-A2-03,2024-08-24,1,3,3,0.048
PHC-DST-A2-03,2024-08-25,1,2,2,0.4636
PHC-DST-A2-03,2024-08-26,1,3,3,0.0625
PHC-DST-A2-03,2024-08-27,1,3,3,0.0548
PHC-DST-A2-03,2024-08-28,1,1,1,0.5756
PHC-DST-A2-03,2024-08-29,1,3,3,0.0589
PHC-DST-A2-03,2024-08-30,1,3,3,0.0753
PHC-DST-A2-03,2024-08-31,1,3,3,0.0512
PHC-DST-A2-03,2024-09-01,1,2,2,0.4456
PHC-DST-A2-03,2024-09-02,1,3,3,0.0462
PHC-DST-A2-03,2024-09-03,1,3,3,0.0572
PHC-DST-A2-03,2024-09-04,1,3,3,0.0791
PHC-DST-A2-03,2024-09-05,1,3,3,0.049
PHC-DST-A2-03,2024-09-06,1,3,3,0.0539
PHC-DST-A2-03,2024-09-07,1,2,2,0.4567
PHC-DST-A2-03,2024-09-08,1,2,2,0.4612
PHC-DST-A2-03,2024-09-09,1,3,3,0.0733
PHC-DST-A2-03,2024-09-10,1,3,3,0.066
PHC-DST-A2-03,2024-09-11,1,3,3,0.0551
PHC-DST-A2-03,2024-09-12,1,2,2,0.4691
PHC-DST-A2-03,2024-09-13,1,3,3,0.0431
PHC-DST-A2-03,2024-09-14,1,3,3,0.072
PHC-DST-A2-03,2024-09-15,1,2,2,0.458
PHC-DST-A2-03,2024-09-16,1,3,3,0.0508
PHC-DST-A2-03,2024-09-17,1,3,3,0.0748
PHC-DST-A2-03,2024-09-18,1,3,3,0.0567
PHC-DST-A2-03,2024-09-19,1,3,3,0.0638
PHC-DST-A2-03,2024-09-20,1,3,3,0.0772
PHC-DST-A2-03,2024-09-21,1,3,3,0.065
PHC-DST-A2-03,2024-09-22,1,2,2,0.4686
PHC-DST-A2-03,2024-09-23,1,3,3,0.0727
PHC-DST-A2-03,2024-09-24,1,3,3,0.0497
PHC-DST-A2-03,2024-09-25,1,3,3,0.0575
PHC-DST-A2-03,2024-09-26,1,3,3,0.0693
PHC-DST-A2-03,2024-09-27,1,3,3,0.0569
PHC-DST-A2-03,2024-09-28,1,3,3,0.0794
PHC-DST-A2-03,2024-09-29,1,2,2,0.442
PHC-DST-A2-03,2024-09-30,1,3,3,0.0696
PHC-DST-A2-03,2024-10-01,1,3,3,0.0692
PHC-DST-A2-03,2024-10-02,1,3,3,0.0491
PHC-DST-A2-03,2024-10-03,1,3,3,0.0716
PHC-DST-A2-03,2024-10-04,1,3,3,0.0639
PHC-DST-A2-03,2024-10-05,1,3,3,0.053
PHC-DST-A2-03,2024-10-06,1,2,2,0.4473
PHC-DST-A2-03,2024-10-07,1,3,3,0.0647
PHC-DST-A2-03,2024-10-08,1,3,3,0.0593
PHC-DST-A2-03,2024-10-09,1,3,3,0.0627
PHC-DST-A2-03,2024-10-10,1,3,3,0.0714
PHC-DST-A2-03,2024-10-11,1,3,3,0.0446
PHC-DST-A2-03,2024-10-12,1,3,3,0.0722
PHC-DST-A2-03,2024-10-13,1,2,2,0.475
PHC-DST-A2-03,2024-10-14,1,3,3,0.0437
PHC-DST-A2-03,2024-10-15,1,3,3,0.0577
PHC-DST-A2-03,2024-10-16,1,3,3,0.0445
PHC-DST-A2-03,2024-10-17,1,3,3,0.062
PHC-DST-A2-03,2024-10-18,1,3,3,0.0634
PHC-DST-A2-03,2024-10-19,1,3,3,0.0579
PHC-DST-A2-03,2024-10-20,1,2,2,0.46
PHC-DST-A2-03,2024-10-21,1,3,3,0.0587
PHC-DST-A2-03,2024-10-22,1,3,3,0.0534
PHC-DST-A2-03,2024-10-23,1,3,3,0.0579
PHC-DST-A2-03,2024-10-24,1,3,3,0.0446
PHC-DST-A2-03,2024-10-25,1,3,3,0.0532
PHC-DST-A2-03,2024-10-26,1,3,3,0.0405
PHC-DST-A2-03,2024-10-27,1,2,2,0.4537
PHC-DST-A2-03,2024-10-28,1,3,3,0.0761
PHC-DST-A2-03,2024-10-29,1,3,3,0.0481
PHC-DST-A2-03,2024-10-30,1,3,3,0.0672
PHC-DST-A2-03,2024-10-31,1,3,3,0.0711
PHC-DST-A2-03,2024-11-01,1,3,3,0.0478
PHC-DST-A2-03,2024-11-02,1,3,3,0.0689
PHC-DST-A2-03,2024-11-03,1,2,2,0.47
PHC-DST-A2-03,2024-11-04,1,3,3,0.071
PHC-DST-A2-03,2024-11-05,1,3,3,0.0625
PHC-DST-A2-03,2024-11-06,1,3,3,0.0552
PHC-DST-A2-03,2024-11-07,1,3,3,0.0689
PHC-DST-A2-03,2024-11-08,1,3,3,
PHC-DST-A2-03,2024-11-09,1,3,3,0.0576
PHC-DST-A2-03,2024-11-10,1,2,2,0.4742
PHC-DST-A2-03,2024-11-11,1,3,3,0.0493
PHC-DST-A2-03,2024-11-12,1,3,3,0.0592
PHC-DST-A2-03,2024-11-13,1,3,3,0.0545
PHC-DST-A2-03,2024-11-14,1,3,3,0.0493
PHC-DST-A2-03,2024-11-15,1,3,3,0.0515
PHC-DST-A2-03,2024-11-16,1,3,3,0.0677
PHC-DST-A2-03,2024-11-17,1,2,2,0.4635
PHC-DST-A2-03,2024-11-18,1,3,3,0.0799
PHC-DST-A2-03,2024-11-19,1,3,3,0.0776
PHC-DST-A2-03,2024-11-20,1,3,3,0.0489
PHC-DST-A2-03,2024-11-21,1,3,3,0.0789
PHC-DST-A2-03,2024-11-22,1,3,3,0.068
PHC-DST-A2-03,2024-11-23,1,3,3,0.0588
PHC-DST-A2-03,2024-11-24,1,2,2,0.4539
PHC-DST-A2-03,2024-11-25,1,3,3,0.0702
PHC-DST-A2-03,2024-11-26,1,3,3,0.0498
PHC-DST-A2-03,2024-11-27,1,3,3,0.0428
PHC-DST-A2-03,2024-11-28,1,3,3,0.0534
PHC-DST-A2-03,2024-11-29,1,3,3,0.0662
PHC-DST-A2-03,2024-11-30,1,3,3,0.0736
PHC-DST-A2-03,2024-12-01,1,2,2,0.4634
PHC-DST-A2-03,2024-12-02,1,3,3,0.0539
PHC-DST-A2-03,2024-12-03,1,3,3,0.0649
PHC-DST-A2-03,2024-12-04,1,3,3,0.0707
PHC-DST-A2-03,2024-12-05,1,3,3,0.0771
PHC-DST-A2-03,2024-12-06,1,3,3,0.0707
PHC-DST-A2-03,2024-12-07,1,3,3,0.0555
PHC-DST-A2-03,2024-12-08,1,2,2,0.4697
PHC-DST-A2-03,2024-12-09,1,3,3,0.0737
PHC-DST-A2-03,2024-12-10,1,3,3,0.0472
PHC-DST-A2-03,2024-12-11,1,3,3,0.0531
PHC-DST-A2-03,2024-12-12,1,3,3,0.0536
PHC-DST-A2-03,2024-12-13,1,3,3,0.0789
PHC-DST-A2-03,2024-12-14,1,3,3,0.0632
PHC-DST-A2-03,2024-12-15,1,2,2,0.4505
PHC-DST-A2-03,2024-12-16,1,3,3,0.0547
PHC-DST-A2-03,2024-12-17,1,3,3,0.0737
PHC-DST-A2-03,2024-12-18,1,3,3,0.0405
PHC-DST-A2-03,2024-12-19,1,3,3,
PHC-DST-A2-03,2024-12-20,1,3,3,0.0706
PHC-DST-A2-03,2024-12-21,1,3,3,0.0701
PHC-DST-A2-03,2024-12-22,1,2,2,0.4517
PHC-DST-A2-03,2024-12-23,1,3,3,0.0757
PHC-DST-A2-03,2024-12-24,1,3,3,0.0718
PHC-DST-A2-03,2024-12-25,1,3,3,0.0654
PHC-DST-A2-03,2024-12-26,1,3,3,0.0538
PHC-DST-A2-03,2024-12-27,1,3,3,0.0613
PHC-DST-A2-03,2024-12-28,1,3,3,0.0484
PHC-DST-A2-03,2024-12-29,1,2,2,0.4408
PHC-DST-A2-03,2024-12-30,1,3,3,0.0791
PHC-DST-A2-03,2024-12-31,1,3,3,0.0607
PHC-DST-A2-03,2025-01-01,1,3,3,0.0783
PHC-DST-A2-03,2025-01-02,1,3,3,0.0741
PHC-DST-A2-03,2025-01-03,1,3,3,0.0574
PHC-DST-A2-03,2025-01-04,1,3,3,0.0505
PHC-DST-A2-03,2025-01-05,1,2,2,0.4415
PHC-DST-A2-03,2025-01-06,1,3,3,0.0627
PHC-DST-A2-03,2025-01-07,1,3,3,0.0486
PHC-DST-A2-03,2025-01-08,1,3,3,0.0403
PHC-DST-A2-03,2025-01-09,1,3,3,0.08
PHC-DST-A2-03,2025-01-10,1,3,3,0.0469
PHC-DST-A2-03,2025-01-11,1,3,3,0.063
PHC-DST-A2-03,2025-01-12,1,2,2,0.4509
PHC-DST-A2-03,2025-01-13,1,3,3,0.0546
PHC-DST-A2-03,2025-01-14,1,3,3,0.0735
PHC-DST-A2-03,2025-01-15,1,3,3,0.0582
PHC-DST-A2-03,2025-01-16,1,3,3,0.0606
PHC-DST-A2-03,2025-01-17,1,3,3,0.0487
PHC-DST-A2-03,2025-01-18,1,3,3,0.0632
PHC-DST-A2-03,2025-01-19,1,2,2,0.4507
PHC-DST-A2-03,2025-01-20,1,3,3,0.0457
PHC-DST-A2-03,2025-01-21,1,3,3,0.0553
PHC-DST-A2-03,2025-01-22,1,3,3,0.043
PHC-DST-A2-03,2025-01-23,1,3,3,0.0429
PHC-DST-A2-03,2025-01-24,1,3,3,0.0456
PHC-DST-A2-03,2025-01-25,1,3,3,0.0593
PHC-DST-A2-03,2025-01-26,1,2,2,0.4473
PHC-DST-A2-03,2025-01-27,1,3,3,0.069
PHC-DST-A2-03,2025-01-28,1,3,3,0.0581
PHC-DST-A2-03,2025-01-29,1,3,3,0.054
PHC-DST-A2-03,2025-01-30,1,3,3,0.067
PHC-DST-A2-03,2025-01-31,1,3,3,0.067
PHC-DST-A2-03,2025-02-01,1,3,3,0.0413
PHC-DST-A2-03,2025-02-02,1,2,2,0.4523
PHC-DST-A2-03,2025-02-03,1,3,3,0.0711
PHC-DST-A2-03,2025-02-04,1,3,3,0.0609
PHC-DST-A2-03,2025-02-05,1,3,3,0.0738
PHC-DST-A2-03,2025-02-06,1,3,3,0.0435
PHC-DST-A2-03,2025-02-07,1,3,3,0.0407
PHC-DST-A2-03,2025-02-08,1,3,3,0.0649
PHC-DST-A2-03,2025-02-09,1,2,2,0.4768
PHC-DST-A2-03,2025-02-10,1,3,3,0.0425
PHC-DST-A2-03,2025-02-11,1,3,3,0.0785
PHC-DST-A2-03,2025-02-12,1,3,3,0.0747
PHC-DST-A2-03,2025-02-13,1,3,3,0.0631
PHC-DST-A2-03,2025-02-14,1,3,3,0.0768
PHC-DST-A2-03,2025-02-15,1,3,3,0.0656
PHC-DST-A2-03,2025-02-16,1,2,2,0.4714
PHC-DST-A2-03,2025-02-17,1,3,3,0.0493
PHC-DST-A2-03,2025-02-18,1,3,3,0.0799
PHC-DST-A2-03,2025-02-19,1,3,3,0.0684
PHC-DST-A2-03,2025-02-20,1,3,3,0.0747
PHC-DST-A2-03,2025-02-21,1,3,3,0.055
PHC-DST-A2-03,2025-02-22,1,3,3,0.0633
PHC-DST-A2-03,2025-02-23,1,2,2,0.457
PHC-DST-A2-03,2025-02-24,1,3,3,0.0555
PHC-DST-A2-03,2025-02-25,1,3,3,0.0601
PHC-DST-A2-03,2025-02-26,1,3,3,0.0768
PHC-DST-A2-03,2025-02-27,1,3,3,0.0626
PHC-DST-A2-03,2025-02-28,1,3,3,0.0777
PHC-DST-A2-03,2025-03-01,1,3,3,
PHC-DST-A2-03,2025-03-02,1,2,2,0.4659
PHC-DST-A2-03,2025-03-03,1,3,3,0.0414
PHC-DST-A2-03,2025-03-04,1,3,3,0.0505
PHC-DST-A2-03,2025-03-05,1,3,3,0.0722
PHC-DST-A2-03,2025-03-06,1,3,3,0.0492
PHC-DST-A2-03,2025-03-07,1,3,3,0.0562
PHC-DST-A2-03,2025-03-08,1,3,3,0.0585
PHC-DST-A2-03,2025-03-09,1,2,2,0.4544
PHC-DST-A2-03,2025-03-10,1,3,3,0.0773
PHC-DST-A2-03,2025-03-11,1,3,3,0.0407
PHC-DST-A2-03,2025-03-12,1,3,3,0.0619
PHC-DST-A2-03,2025-03-13,1,3,3,0.0706
PHC-DST-A2-03,2025-03-14,1,3,3,0.0621
PHC-DST-A2-03,2025-03-15,1,3,3,0.0405
PHC-DST-A2-03,2025-03-16,1,2,2,0.4753
PHC-DST-A2-03,2025-03-17,1,3,3,0.0494
PHC-DST-A2-03,2025-03-18,1,3,3,0.0416
PHC-DST-A2-03,2025-03-19,1,3,3,0.0456
PHC-DST-A2-03,2025-03-20,1,3,3,0.0424
PHC-DST-A2-03,2025-03-21,1,3,3,0.0474
PHC-DST-A2-03,2025-03-22,1,3,3,0.0613
PHC-DST-A2-03,2025-03-23,1,2,2,0.4653
PHC-DST-A2-03,2025-03-24,1,3,3,0.0621
PHC-DST-A2-03,2025-03-25,1,3,3,0.0775
PHC-DST-A2-03,2025-03-26,1,3,3,0.054
PHC-DST-A2-03,2025-03-27,1,3,3,0.0632
PHC-DST-A2-03,2025-03-28,1,3,3,0.0412
PHC-DST-A2-03,2025-03-29,1,3,3,0.0762
PHC-DST-A2-03,2025-03-30,1,2,2,0.4449
PHC-DST-A2-03,2025-03-31,1,3,3,0.0728
PHC-DST-A2-03,2025-04-01,1,3,3,0.0553
PHC-DST-A2-03,2025-04-02,1,3,3,0.0662
PHC-DST-A2-03,2025-04-03,1,3,3,0.0573
PHC-DST-A2-03,2025-04-04,1,3,3,0.0502
PHC-DST-A2-03,2025-04-05,1,3,3,0.0691
PHC-DST-A2-03,2025-04-06,1,2,2,0.4526
PHC-DST-A2-03,2025-04-07,1,3,3,0.0791
PHC-DST-A2-03,2025-04-08,1,3,3,0.0726
PHC-DST-A2-03,2025-04-09,1,3,3,0.0767
PHC-DST-A2-03,2025-04-10,1,3,3,0.061
PHC-DST-A2-03,2025-04-11,1,3,3,0.0502
PHC-DST-A2-03,2025-04-12,1,3,3,0.0686
PHC-DST-A2-03,2025-04-13,1,2,2,0.4481
PHC-DST-A2-03,2025-04-14,1,3,3,0.0554
PHC-DST-A2-03,2025-04-15,1,3,3,0.047
PHC-DST-A2-03,2025-04-16,1,3,3,0.0736
PHC-DST-A2-03,2025-04-17,1,3,3,0.0665
PHC-DST-A2-03,2025-04-18,1,3,3,0.0617
PHC-DST-A2-03,2025-04-19,1,3,3,
PHC-DST-A2-03,2025-04-20,1,2,2,0.4401
PHC-DST-A2-03,2025-04-21,1,3,3,0.0764
PHC-DST-A2-03,2025-04-22,1,3,3,0.0604
PHC-DST-A2-03,2025-04-23,1,3,3,0.06
PHC-DST-A2-03,2025-04-24,1,3,3,0.0661
PHC-DST-A2-03,2025-04-25,1,3,3,0.0627
PHC-DST-A2-03,2025-04-26,1,3,3,0.0517
PHC-DST-A2-03,2025-04-27,1,2,2,0.4785
PHC-DST-A2-03,2025-04-28,1,3,3,0.078
PHC-DST-A2-03,2025-04-29,1,3,3,0.0579
PHC-DST-A2-03,2025-04-30,1,3,3,0.0424
PHC-DST-A2-03,2025-05-01,1,3,3,0.0443
PHC-DST-A2-03,2025-05-02,1,3,3,0.0443
PHC-DST-A2-03,2025-05-03,1,3,3,0.0446
PHC-DST-A2-03,2025-05-04,1,2,2,0.4724
PHC-DST-A2-03,2025-05-05,1,3,3,0.0403
PHC-DST-A2-03,2025-05-06,1,3,3,0.0691
PHC-DST-A2-03,2025-05-07,1,3,3,0.0447
PHC-DST-A2-03,2025-05-08,1,3,3,0.0467
PHC-DST-A2-03,2025-05-09,1,3,3,0.0796
PHC-DST-A2-03,2025-05-10,1,3,3,0.0435
PHC-DST-A2-03,2025-05-11,1,2,2,0.4497
PHC-DST-A2-03,2025-05-12,1,3,3,0.0691
PHC-DST-A2-03,2025-05-13,1,3,3,0.0636
PHC-DST-A2-03,2025-05-14,1,3,3,0.0728
PHC-DST-A2-03,2025-05-15,1,3,3,0.0756
PHC-DST-A2-03,2025-05-16,1,3,3,
PHC-DST-A2-03,2025-05-17,1,3,3,0.0502
PHC-DST-A2-03,2025-05-18,1,2,2,0.4565
PHC-DST-A2-03,2025-05-19,1,3,3,0.0692
PHC-DST-A2-03,2025-05-20,1,3,3,0.0752
PHC-DST-A2-03,2025-05-21,1,3,3,0.0518
PHC-DST-A2-03,2025-05-22,1,3,3,0.0784
PHC-DST-A2-03,2025-05-23,1,3,3,0.0605
PHC-DST-A2-03,2025-05-24,1,3,3,0.0403
PHC-DST-A2-03,2025-05-25,1,2,2,0.446
PHC-DST-A2-03,2025-05-26,1,3,3,0.0528
PHC-DST-A2-03,2025-05-27,1,3,3,0.0712
PHC-DST-A2-03,2025-05-28,1,3,3,0.043
PHC-DST-A2-03,2025-05-29,1,3,3,0.0542
PHC-DST-A2-03,2025-05-30,1,3,3,0.0741
PHC-DST-A2-03,2025-05-31,1,3,3,0.0777
PHC-DST-A2-03,2025-06-01,1,2,2,0.4703
PHC-DST-A2-03,2025-06-02,1,3,3,0.0523
PHC-DST-A2-03,2025-06-03,1,3,3,0.0452
PHC-DST-A2-03,2025-06-04,1,3,3,0.0459
PHC-DST-A2-03,2025-06-05,1,3,3,0.0559
PHC-DST-A2-03,2025-06-06,1,3,3,0.0402
PHC-DST-A2-03,2025-06-07,1,3,3,0.0568
PHC-DST-A2-03,2025-06-08,1,2,2,0.4641
PHC-DST-A2-03,2025-06-09,1,3,3,0.0575
PHC-DST-A2-03,2025-06-10,1,3,3,0.069
PHC-DST-A2-03,2025-06-11,1,3,3,0.0406
PHC-DST-A2-03,2025-06-12,1,3,3,0.0793
PHC-DST-A2-03,2025-06-13,1,3,3,0.0406
PHC-DST-A2-03,2025-06-14,1,3,3,0.0481
PHC-DST-A2-03,2025-06-15,1,2,2,0.4466
PHC-DST-A2-03,2025-06-16,1,3,3,0.0759
PHC-DST-A2-03,2025-06-17,1,3,3,0.0457
PHC-DST-A2-03,2025-06-18,1,3,3,0.0691
PHC-DST-A2-03,2025-06-19,1,3,3,0.0552
PHC-DST-A2-03,2025-06-20,1,3,3,0.0692
PHC-DST-A2-03,2025-06-21,1,3,3,0.0703
PHC-DST-A2-03,2025-06-22,1,2,2,0.4569
PHC-DST-A2-03,2025-06-23,1,3,3,0.0602
PHC-DST-A2-03,2025-06-24,1,3,3,0.0775
PHC-DST-A2-03,2025-06-25,1,3,3,0.0549
PHC-DST-A2-03,2025-06-26,1,3,3,0.0657
PHC-DST-A2-03,2025-06-27,1,3,3,0.0401
PHC-DST-A2-03,2025-06-28,1,3,3,0.0478
PHC-DST-A2-03,2025-06-29,1,2,2,0.4622
PHC-DST-A2-03,2025-06-30,1,3,3,0.0464
PHC-DST-A2-04,2024-01-01,1,2,4,0.0797
PHC-DST-A2-04,2024-01-02,1,2,4,0.0648
PHC-DST-A2-04,2024-01-03,1,2,4,0.0504
PHC-DST-A2-04,2024-01-04,1,2,4,0.0714
PHC-DST-A2-04,2024-01-05,1,2,4,0.0717
PHC-DST-A2-04,2024-01-06,1,2,4,0.0686
PHC-DST-A2-04,2024-01-07,1,1,2,0.45
PHC-DST-A2-04,2024-01-08,1,2,4,0.0433
PHC-DST-A2-04,2024-01-09,1,2,4,0.0705
PHC-DST-A2-04,2024-01-10,1,2,4,0.0649
PHC-DST-A2-04,2024-01-11,1,2,4,0.0799
PHC-DST-A2-04,2024-01-12,1,2,4,0.0568
PHC-DST-A2-04,2024-01-13,1,2,4,0.0745
PHC-DST-A2-04,2024-01-14,1,1,2,0.4475
PHC-DST-A2-04,2024-01-15,1,2,4,0.073
PHC-DST-A2-04,2024-01-16,1,2,4,0.0672
PHC-DST-A2-04,2024-01-17,1,2,4,0.069
PHC-DST-A2-04,2024-01-18,1,2,4,0.0452
PHC-DST-A2-04,2024-01-19,1,2,4,0.0672
PHC-DST-A2-04,2024-01-20,1,2,4,0.0593
PHC-DST-A2-04,2024-01-21,1,1,2,0.4629
PHC-DST-A2-04,2024-01-22,1,2,4,0.0514
PHC-DST-A2-04,2024-01-23,1,2,4,0.0451
PHC-DST-A2-04,2024-01-24,1,2,4,0.0647
PHC-DST-A2-04,2024-01-25,1,2,4,0.0452
PHC-DST-A2-04,2024-01-26,1,2,4,0.0547
PHC-DST-A2-04,2024-01-27,1,2,4,0.0426
PHC-DST-A2-04,2024-01-28,1,1,2,0.4625
PHC-DST-A2-04,2024-01-29,1,2,4,0.0431
PHC-DST-A2-04,2024-01-30,1,2,4,
PHC-DST-A2-04,2024-01-31,1,2,4,0.0656
PHC-DST-A2-04,2024-02-01,1,2,4,0.0742
PHC-DST-A2-04,2024-02-02,1,2,4,0.0642
PHC-DST-A2-04,2024-02-03,1,2,4,0.0585
PHC-DST-A2-04,2024-02-04,1,1,2,0.4706
PHC-DST-A2-04,2024-02-05,1,2,4,0.047
PHC-DST-A2-04,2024-02-06,1,2,4,0.0645
PHC-DST-A2-04,2024-02-07,1,2,4,0.044
PHC-DST-A2-04,2024-02-08,1,2,4,0.0718
PHC-DST-A2-04,2024-02-09,1,2,4,0.0768
PHC-DST-A2-04,2024-02-10,1,2,4,0.0779
PHC-DST-A2-04,2024-02-11,1,1,2,0.4624
PHC-DST-A2-04,2024-02-12,1,2,4,0.0708
PHC-DST-A2-04,2024-02-13,1,2,4,0.0788
PHC-DST-A2-04,2024-02-14,1,2,4,0.075
PHC-DST-A2-04,2024-02-15,1,2,4,0.0443
PHC-DST-A2-04,2024-02-16,1,2,4,0.0477
PHC-DST-A2-04,2024-02-17,1,2,4,0.0548
PHC-DST-A2-04,2024-02-18,1,1,2,0.4713
PHC-DST-A2-04,2024-02-19,1,2,4,0.0628
PHC-DST-A2-04,2024-02-20,1,2,4,0.0462
PHC-DST-A2-04,2024-02-21,1,2,4,0.0705
PHC-DST-A2-04,2024-02-22,1,2,4,0.0797
PHC-DST-A2-04,2024-02-23,1,2,4,0.0511
PHC-DST-A2-04,2024-02-24,1,2,4,0.0518
PHC-DST-A2-04,2024-02-25,1,1,2,0.4475
PHC-DST-A2-04,2024-02-26,1,2,4,0.0651
PHC-DST-A2-04,2024-02-27,1,2,4,0.0614
PHC-DST-A2-04,2024-02-28,1,2,4,0.0453
PHC-DST-A2-04,2024-02-29,1,2,4,0.0776
PHC-DST-A2-04,2024-03-01,1,2,4,0.059
PHC-DST-A2-04,2024-03-02,1,2,4,0.0767
PHC-DST-A2-04,2024-03-03,1,1,2,0.4648
PHC-DST-A2-04,2024-03-04,1,2,4,0.0638
PHC-DST-A2-04,2024-03-05,1,2,4,0.0639
PHC-DST-A2-04,2024-03-06,1,2,4,0.0609
PHC-DST-A2-04,2024-03-07,1,2,4,0.078
PHC-DST-A2-04,2024-03-08,1,2,4,0.0785
PHC-DST-A2-04,2024-03-09,1,2,4,0.0709
PHC-DST-A2-04,2024-03-10,1,1,2,0.4474
PHC-DST-A2-04,2024-03-11,1,2,4,0.0736
PHC-DST-A2-04,2024-03-12,1,2,4,0.0412
PHC-DST-A2-04,2024-03-13,1,2,4,0.0786
PHC-DST-A2-04,2024-03-14,1,2,4,0.0498
PHC-DST-A2-04,2024-03-15,1,2,4,0.0546
PHC-DST-A2-04,2024-03-16,1,2,4,0.0596
PHC-DST-A2-04,2024-03-17,1,1,2,0.4776
PHC-DST-A2-04,2024-03-18,1,2,4,0.0554
PHC-DST-A2-04,2024-03-19,1,2,4,0.044
PHC-DST-A2-04,2024-03-20,1,2,4,0.0677
PHC-DST-A2-04,2024-03-21,1,2,4,0.0709
PHC-DST-A2-04,2024-03-22,1,2,4,0.0651
PHC-DST-A2-04,2024-03-23,1,2,4,0.0412
PHC-DST-A2-04,2024-03-24,1,1,2,
PHC-DST-A2-04,2024-03-25,1,2,4,0.0625
PHC-DST-A2-04,2024-03-26,1,2,4,0.0756
PHC-DST-A2-04,2024-03-27,1,2,4,0.0726
PHC-DST-A2-04,2024-03-28,1,2,4,0.0787
PHC-DST-A2-04,2024-03-29,1,2,4,0.0778
PHC-DST-A2-04,2024-03-30,1,2,4,0.0447
PHC-DST-A2-04,2024-03-31,1,1,2,0.478
PHC-DST-A2-04,2024-04-01,1,2,4,0.0441
PHC-DST-A2-04,2024-04-02,1,2,4,0.0553
PHC-DST-A2-04,2024-04-03,1,2,4,0.0714
PHC-DST-A2-04,2024-04-04,1,2,4,0.0696
PHC-DST-A2-04,2024-04-05,1,2,4,0.0514
PHC-DST-A2-04,2024-04-06,1,2,4,0.0517
PHC-DST-A2-04,2024-04-07,1,1,2,0.4731
PHC-DST-A2-04,2024-04-08,1,2,4,0.0444
PHC-DST-A2-04,2024-04-09,1,2,4,0.0622
PHC-DST-A2-04,2024-04-10,1,2,4,0.0787
PHC-DST-A2-04,2024-04-11,1,2,4,0.0712
PHC-DST-A2-04,2024-04-12,1,2,4,0.0544
PHC-DST-A2-04,2024-04-13,1,2,4,0.0725
PHC-DST-A2-04,2024-04-14,1,1,2,0.4755
PHC-DST-A2-04,2024-04-15,1,2,4,0.0605
PHC-DST-A2-04,2024-04-16,1,2,4,0.0711
PHC-DST-A2-04,2024-04-17,1,2,4,0.0444
PHC-DST-A2-04,2024-04-18,1,2,4,0.0676
PHC-DST-A2-04,2024-04-19,1,2,4,0.0724
PHC-DST-A2-04,2024-04-20,1,2,4,0.0503
PHC-DST-A2-04,2024-04-21,1,1,2,0.4463
PHC-DST-A2-04,2024-04-22,1,2,4,0.0474
PHC-DST-A2-04,2024-04-23,1,2,4,0.0515
PHC-DST-A2-04,2024-04-24,1,2,4,0.0592
PHC-DST-A2-04,2024-04-25,1,2,4,0.0744
PHC-DST-A2-04,2024-04-26,1,2,4,0.0608
PHC-DST-A2-04,2024-04-27,1,2,4,0.0452
PHC-DST-A2-04,2024-04-28,1,1,2,0.4725
PHC-DST-A2-04,2024-04-29,1,2,4,0.0469
PHC-DST-A2-04,2024-04-30,1,2,4,0.0484
PHC-DST-A2-04,2024-05-01,1,2,4,0.0761
PHC-DST-A2-04,2024-05-02,1,2,4,0.0546
PHC-DST-A2-04,2024-05-03,1,2,4,0.0606
PHC-DST-A2-04,2024-05-04,1,2,4,0.0561
PHC-DST-A2-04,2024-05-05,1,1,2,0.4722
PHC-DST-A2-04,2024-05-06,1,2,4,0.0659
PHC-DST-A2-04,2024-05-07,1,2,4,0.047
PHC-DST-A2-04,2024-05-08,1,2,4,0.0686
PHC-DST-A2-04,2024-05-09,1,2,4,0.0707
PHC-DST-A2-04,2024-05-10,1,2,4,0.0681
PHC-DST-A2-04,2024-05-11,1,2,4,0.0554
PHC-DST-A2-04,2024-05-12,1,1,2,0.4575
PHC-DST-A2-04,2024-05-13,1,2,4,0.0425
PHC-DST-A2-04,2024-05-14,1,2,4,0.0601
PHC-DST-A2-04,2024-05-15,1,2,4,0.0728
PHC-DST-A2-04,2024-05-16,1,2,4,0.0731
PHC-DST-A2-04,2024-05-17,1,2,4,0.064
PHC-DST-A2-04,2024-05-18,1,2,4,0.0625
PHC-DST-A2-04,2024-05-19,1,1,2,0.4746
PHC-DST-A2-04,2024-05-20,1,2,4,0.075
PHC-DST-A2-04,2024-05-21,1,2,4,0.0646
PHC-DST-A2-04,2024-05-22,1,2,4,0.0484
PHC-DST-A2-04,2024-05-23,1,2,4,0.0627
PHC-DST-A2-04,2024-05-24,1,2,4,0.061
PHC-DST-A2-04,2024-05-25,1,2,4,0.0668
PHC-DST-A2-04,2024-05-26,1,1,2,0.4711
PHC-DST-A2-04,2024-05-27,1,2,4,0.0762
PHC-DST-A2-04,2024-05-28,1,2,4,0.0688
PHC-DST-A2-04,2024-05-29,1,2,4,0.0542
PHC-DST-A2-04,2024-05-30,1,2,4,
PHC-DST-A2-04,2024-05-31,1,2,4,0.0751
PHC-DST-A2-04,2024-06-01,1,2,4,0.0637
PHC-DST-A2-04,2024-06-02,1,1,2,0.4676
PHC-DST-A2-04,2024-06-03,1,2,4,0.0715
PHC-DST-A2-04,2024-06-04,1,2,4,0.0611
PHC-DST-A2-04,2024-06-05,1,2,4,0.0492
PHC-DST-A2-04,2024-06-06,1,2,4,0.0706
PHC-DST-A2-04,2024-06-07,1,2,4,0.0519
PHC-DST-A2-04,2024-06-08,1,2,4,0.061
PHC-DST-A2-04,2024-06-09,1,1,2,0.4515
PHC-DST-A2-04,2024-06-10,1,2,4,0.0794
PHC-DST-A2-04,2024-06-11,1,2,4,0.0749
PHC-DST-A2-04,2024-06-12,1,2,4,0.0788
PHC-DST-A2-04,2024-06-13,1,2,4,0.0669
PHC-DST-A2-04,2024-06-14,1,2,4,0.0407
PHC-DST-A2-04,2024-06-15,1,2,4,0.0673
PHC-DST-A2-04,2024-06-16,1,1,2,0.4508
PHC-DST-A2-04,2024-06-17,1,2,4,0.0725
PHC-DST-A2-04,2024-06-18,1,2,4,0.0759
PHC-DST-A2-04,2024-06-19,1,2,4,0.0669
PHC-DST-A2-04,2024-06-20,1,2,4,0.0665
PHC-DST-A2-04,2024-06-21,1,2,4,0.047
PHC-DST-A2-04,2024-06-22,1,2,4,0.0768
PHC-DST-A2-04,2024-06-23,1,1,2,
PHC-DST-A2-04,2024-06-24,1,2,4,0.0645
PHC-DST-A2-04,2024-06-25,1,2,4,0.0768
PHC-DST-A2-04,2024-06-26,1,2,4,0.0476
PHC-DST-A2-04,2024-06-27,1,2,4,0.0584
PHC-DST-A2-04,2024-06-28,1,2,4,0.0682
PHC-DST-A2-04,2024-06-29,1,2,4,
PHC-DST-A2-04,2024-06-30,1,1,2,0.4418
PHC-DST-A2-04,2024-07-01,1,2,4,0.0454
PHC-DST-A2-04,2024-07-02,1,2,4,0.0543
PHC-DST-A2-04,2024-07-03,1,2,4,0.0757
PHC-DST-A2-04,2024-07-04,1,2,4,0.0693
PHC-DST-A2-04,2024-07-05,1,2,4,0.0534
PHC-DST-A2-04,2024-07-06,1,2,4,0.0435
PHC-DST-A2-04,2024-07-07,1,1,2,0.4411
PHC-DST-A2-04,2024-07-08,1,2,4,0.0584
PHC-DST-A2-04,2024-07-09,1,2,4,0.0724
PHC-DST-A2-04,2024-07-10,1,2,4,
PHC-DST-A2-04,2024-07-11,1,2,4,0.0677
PHC-DST-A2-04,2024-07-12,1,2,4,0.0749
PHC-DST-A2-04,2024-07-13,1,2,4,0.0485
PHC-DST-A2-04,2024-07-14,1,1,2,0.4484
PHC-DST-A2-04,2024-07-15,1,2,4,0.0545
PHC-DST-A2-04,2024-07-16,1,2,4,0.0561
PHC-DST-A2-04,2024-07-17,1,2,4,0.061
PHC-DST-A2-04,2024-07-18,1,2,4,0.0661
PHC-DST-A2-04,2024-07-19,1,2,4,0.0728
PHC-DST-A2-04,2024-07-20,1,2,4,0.0677
PHC-DST-A2-04,2024-07-21,1,1,2,0.4482
PHC-DST-A2-04,2024-07-22,1,2,4,
PHC-DST-A2-04,2024-07-23,1,2,4,0.0743
PHC-DST-A2-04,2024-07-24,1,2,4,0.0455
PHC-DST-A2-04,2024-07-25,1,2,4,0.066
PHC-DST-A2-04,2024-07-26,1,2,4,0.0674
PHC-DST-A2-04,2024-07-27,1,2,4,0.0742
PHC-DST-A2-04,2024-07-28,1,1,2,0.4674
PHC-DST-A2-04,2024-07-29,1,2,4,0.0445
PHC-DST-A2-04,2024-07-30,1,2,4,0.0787
PHC-DST-A2-04,2024-07-31,1,2,4,0.0722
PHC-DST-A2-04,2024-08-01,1,2,4,0.0436
PHC-DST-A2-04,2024-08-02,1,2,4,0.0631
PHC-DST-A2-04,2024-08-03,1,2,4,0.0496
PHC-DST-A2-04,2024-08-04,1,1,2,0.4673
PHC-DST-A2-04,2024-08-05,1,2,4,0.0611
PHC-DST-A2-04,2024-08-06,1,2,4,0.0625
PHC-DST-A2-04,2024-08-07,1,2,4,0.0655
PHC-DST-A2-04,2024-08-08,1,2,4,0.042
PHC-DST-A2-04,2024-08-09,1,2,4,0.0588
PHC-DST-A2-04,2024-08-10,1,2,4,0.0595
PHC-DST-A2-04,2024-08-11,1,1,2,0.4441
PHC-DST-A2-04,2024-08-12,1,2,4,0.054
PHC-DST-A2-04,2024-08-13,1,2,4,0.0674
PHC-DST-A2-04,2024-08-14,1,2,4,0.0547
PHC-DST-A2-04,2024-08-15,1,2,4,0.0772
PHC-DST-A2-04,2024-08-16,1,2,4,0.0745
PHC-DST-A2-04,2024-08-17,1,1,2,0.5345
PHC-DST-A2-04,2024-08-18,1,1,2,0.4655
PHC-DST-A2-04,2024-08-19,1,2,4,0.0752
PHC-DST-A2-04,2024-08-20,1,2,4,0.0771
PHC-DST-A2-04,2024-08-21,1,2,4,0.0432
PHC-DST-A2-04,2024-08-22,1,1,2,0.4823
PHC-DST-A2-04,2024-08-23,1,2,4,0.0642
PHC-DST-A2-04,2024-08-24,1,2,4,0.0605
PHC-DST-A2-04,2024-08-25,1,1,2,0.4402
PHC-DST-A2-04,2024-08-26,1,2,4,0.0574
PHC-DST-A2-04,2024-08-27,1,2,4,0.049
PHC-DST-A2-04,2024-08-28,1,1,2,0.5971
PHC-DST-A2-04,2024-08-29,1,2,4,0.0741
PHC-DST-A2-04,2024-08-30,1,2,4,0.0671
PHC-DST-A2-04,2024-08-31,1,2,4,0.0417
PHC-DST-A2-04,2024-09-01,1,1,2,0.4621
PHC-DST-A2-04,2024-09-02,1,2,4,0.0629
PHC-DST-A2-04,2024-09-03,1,2,4,0.0478
PHC-DST-A2-04,2024-09-04,1,2,4,0.0453
PHC-DST-A2-04,2024-09-05,1,2,4,0.0625
PHC-DST-A2-04,2024-09-06,1,2,4,0.0798
PHC-DST-A2-04,2024-09-07,1,1,2,0.5941
PHC-DST-A2-04,2024-09-08,1,1,2,0.4602
PHC-DST-A2-04,2024-09-09,1,2,4,0.0496
PHC-DST-A2-04,2024-09-10,1,2,4,0.0501
PHC-DST-A2-04,2024-09-11,1,2,4,0.048
PHC-DST-A2-04,2024-09-12,1,1,2,0.3935
PHC-DST-A2-04,2024-09-13,1,2,4,0.0713
PHC-DST-A2-04,2024-09-14,1,2,4,0.049
PHC-DST-A2-04,2024-09-15,1,1,2,0.4415
PHC-DST-A2-04,2024-09-16,1,2,4,0.0452
PHC-DST-A2-04,2024-09-17,1,2,4,0.0535
PHC-DST-A2-04,2024-09-18,1,2,4,0.0564
PHC-DST-A2-04,2024-09-19,1,2,4,0.056
PHC-DST-A2-04,2024-09-20,1,2,4,0.0611
PHC-DST-A2-04,2024-09-21,1,2,4,0.0594
PHC-DST-A2-04,2024-09-22,1,1,2,0.4497
PHC-DST-A2-04,2024-09-23,1,2,4,0.0443
PHC-DST-A2-04,2024-09-24,1,2,4,0.0401
PHC-DST-A2-04,2024-09-25,1,2,4,0.0673
PHC-DST-A2-04,2024-09-26,1,2,4,0.0604
PHC-DST-A2-04,2024-09-27,1,2,4,0.0723
PHC-DST-A2-04,2024-09-28,1,2,4,0.0565
PHC-DST-A2-04,2024-09-29,1,1,2,0.4539
PHC-DST-A2-04,2024-09-30,1,2,4,0.0593
PHC-DST-A2-04,2024-10-01,1,2,4,0.0445
PHC-DST-A2-04,2024-10-02,1,2,4,0.0574
PHC-DST-A2-04,2024-10-03,1,2,4,0.0596
PHC-DST-A2-04,2024-10-04,1,2,4,0.0596
PHC-DST-A2-04,2024-10-05,1,2,4,0.0648
PHC-DST-A2-04,2024-10-06,1,1,2,0.4474
PHC-DST-A2-04,2024-10-07,1,2,4,
PHC-DST-A2-04,2024-10-08,1,2,4,0.0698
PHC-DST-A2-04,2024-10-09,1,2,4,0.0729
PHC-DST-A2-04,2024-10-10,1,2,4,0.0516
PHC-DST-A2-04,2024-10-11,1,2,4,0.0627
PHC-DST-A2-04,2024-10-12,1,2,4,0.0611
PHC-DST-A2-04,2024-10-13,1,1,2,0.4572
PHC-DST-A2-04,2024-10-14,1,2,4,0.0699
PHC-DST-A2-04,2024-10-15,1,2,4,0.0782
PHC-DST-A2-04,2024-10-16,1,2,4,0.0581
PHC-DST-A2-04,2024-10-17,1,2,4,0.069
PHC-DST-A2-04,2024-10-18,1,2,4,0.0608
PHC-DST-A2-04,2024-10-19,1,2,4,0.078
PHC-DST-A2-04,2024-10-20,1,1,2,0.4782
PHC-DST-A2-04,2024-10-21,1,2,4,0.0576
PHC-DST-A2-04,2024-10-22,1,2,4,0.0602
PHC-DST-A2-04,2024-10-23,1,2,4,0.0519
PHC-DST-A2-04,2024-10-24,1,2,4,0.0429
PHC-DST-A2-04,2024-10-25,1,2,4,0.0758
PHC-DST-A2-04,2024-10-26,1,2,4,0.045
PHC-DST-A2-04,2024-10-27,1,1,2,0.4799
PHC-DST-A2-04,2024-10-28,1,2,4,0.0716
PHC-DST-A2-04,2024-10-29,1,2,4,0.056
PHC-DST-A2-04,2024-10-30,1,2,4,0.0673
PHC-DST-A2-04,2024-10-31,1,2,4,0.0743
PHC-DST-A2-04,2024-11-01,1,2,4,0.0547
PHC-DST-A2-04,2024-11-02,1,2,4,0.0727
PHC-DST-A2-04,2024-11-03,1,1,2,0.4487
PHC-DST-A2-04,2024-11-04,1,2,4,0.0742
PHC-DST-A2-04,2024-11-05,1,2,4,0.0765
PHC-DST-A2-04,2024-11-06,1,2,4,0.0721
PHC-DST-A2-04,2024-11-07,1,2,4,0.0591
PHC-DST-A2-04,2024-11-08,1,2,4,0.0745
PHC-DST-A2-04,2024-11-09,1,2,4,0.0513
PHC-DST-A2-04,2024-11-10,1,1,2,0.4737
PHC-DST-A2-04,2024-11-11,1,2,4,0.0628
PHC-DST-A2-04,2024-11-12,1,2,4,0.0583
PHC-DST-A2-04,2024-11-13,1,2,4,0.048
PHC-DST-A2-04,2024-11-14,1,2,4,
PHC-DST-A2-04,2024-11-15,1,2,4,0.048
PHC-DST-A2-04,2024-11-16,1,2,4,0.0637
PHC-DST-A2-04,2024-11-17,1,1,2,0.4786
PHC-DST-A2-04,2024-11-18,1,2,4,0.0605
PHC-DST-A2-04,2024-11-19,1,2,4,0.0752
PHC-DST-A2-04,2024-11-20,1,2,4,0.0686
PHC-DST-A2-04,2024-11-21,1,2,4,0.0437
PHC-DST-A2-04,2024-11-22,1,2,4,0.055
PHC-DST-A2-04,2024-11-23,1,2,4,0.0604
PHC-DST-A2-04,2024-11-24,1,1,2,0.4746
PHC-DST-A2-04,2024-11-25,1,2,4,0.0497
PHC-DST-A2-04,2024-11-26,1,2,4,0.066
PHC-DST-A2-04,2024-11-27,1,2,4,0.0545
PHC-DST-A2-04,2024-11-28,1,2,4,0.0442
PHC-DST-A2-04,2024-11-29,1,2,4,0.0542
PHC-DST-A2-04,2024-11-30,1,2,4,0.0567
PHC-DST-A2-04,2024-12-01,1,1,2,
PHC-DST-A2-04,2024-12-02,1,2,4,0.0765
PHC-DST-A2-04,2024-12-03,1,2,4,0.0525
PHC-DST-A2-04,2024-12-04,1,2,4,0.064
PHC-DST-A2-04,2024-12-05,1,2,4,0.0559
PHC-DST-A2-04,2024-12-06,1,2,4,0.0703
PHC-DST-A2-04,2024-12-07,1,2,4,0.0787
PHC-DST-A2-04,2024-12-08,1,1,2,0.4666
PHC-DST-A2-04,2024-12-09,1,2,4,0.0544
PHC-DST-A2-04,2024-12-10,1,2,4,0.05
PHC-DST-A2-04,2024-12-11,1,2,4,0.0569
PHC-DST-A2-04,2024-12-12,1,2,4,0.0622
PHC-DST-A2-04,2024-12-13,1,2,4,0.0627
PHC-DST-A2-04,2024-12-14,1,2,4,0.074
PHC-DST-A2-04,2024-12-15,1,1,2,0.4639
PHC-DST-A2-04,2024-12-16,1,2,4,0.0512
PHC-DST-A2-04,2024-12-17,1,2,4,0.0724
PHC-DST-A2-04,2024-12-18,1,2,4,0.0594
PHC-DST-A2-04,2024-12-19,1,2,4,0.0732
PHC-DST-A2-04,2024-12-20,1,2,4,0.0434
PHC-DST-A2-04,2024-12-21,1,2,4,0.0462
PHC-DST-A2-04,2024-12-22,1,1,2,0.4713
PHC-DST-A2-04,2024-12-23,1,2,4,0.0788
PHC-DST-A2-04,2024-12-24,1,2,4,0.0706
PHC-DST-A2-04,2024-12-25,1,2,4,0.074
PHC-DST-A2-04,2024-12-26,1,2,4,0.0711
PHC-DST-A2-04,2024-12-27,1,2,4,0.0538
PHC-DST-A2-04,2024-12-28,1,2,4,0.0693
PHC-DST-A2-04,2024-12-29,1,1,2,0.4533
PHC-DST-A2-04,2024-12-30,1,2,4,0.0552
PHC-DST-A2-04,2024-12-31,1,2,4,0.0545
PHC-DST-A2-04,2025-01-01,1,2,4,0.0595
PHC-DST-A2-04,2025-01-02,1,2,4,0.0718
PHC-DST-A2-04,2025-01-03,1,2,4,0.0639
PHC-DST-A2-04,2025-01-04,1,2,4,0.0408
PHC-DST-A2-04,2025-01-05,1,1,2,0.4514
PHC-DST-A2-04,2025-01-06,1,2,4,0.0593
PHC-DST-A2-04,2025-01-07,1,2,4,0.0509
PHC-DST-A2-04,2025-01-08,1,2,4,0.0725
PHC-DST-A2-04,2025-01-09,1,2,4,0.0616
PHC-DST-A2-04,2025-01-10,1,2,4,0.066
PHC-DST-A2-04,2025-01-11,1,2,4,0.0638
PHC-DST-A2-04,2025-01-12,1,1,2,0.4719
PHC-DST-A2-04,2025-01-13,1,2,4,0.0535
PHC-DST-A2-04,2025-01-14,1,2,4,0.0636
PHC-DST-A2-04,2025-01-15,1,2,4,0.043
PHC-DST-A2-04,2025-01-16,1,2,4,0.0785
PHC-DST-A2-04,2025-01-17,1,2,4,0.0744
PHC-DST-A2-04,2025-01-18,1,2,4,0.0432
PHC-DST-A2-04,2025-01-19,1,1,2,0.4515
PHC-DST-A2-04,2025-01-20,1,2,4,0.0523
PHC-DST-A2-04,2025-01-21,1,2,4,0.064
PHC-DST-A2-04,2025-01-22,1,2,4,0.0402
PHC-DST-A2-04,2025-01-23,1,2,4,0.0658
PHC-DST-A2-04,2025-01-24,1,2,4,0.055
PHC-DST-A2-04,2025-01-25,1,2,4,0.0757
PHC-DST-A2-04,2025-01-26,1,1,2,0.4612
PHC-DST-A2-04,2025-01-27,1,2,4,0.0405
PHC-DST-A2-04,2025-01-28,1,2,4,0.0497
PHC-DST-A2-04,2025-01-29,1,2,4,0.0641
PHC-DST-A2-04,2025-01-30,1,2,4,0.0484
PHC-DST-A2-04,2025-01-31,1,2,4,0.0615
PHC-DST-A2-04,2025-02-01,1,2,4,0.0669
PHC-DST-A2-04,2025-02-02,1,1,2,0.451
PHC-DST-A2-04,2025-02-03,1,2,4,
PHC-DST-A2-04,2025-02-04,1,2,4,0.0404
PHC-DST-A2-04,2025-02-05,1,2,4,0.0413
PHC-DST-A2-04,2025-02-06,1,2,4,0.0422
PHC-DST-A2-04,2025-02-07,1,2,4,0.0718
PHC-DST-A2-04,2025-02-08,1,2,4,0.0799
PHC-DST-A2-04,2025-02-09,1,1,2,0.4584
PHC-DST-A2-04,2025-02-10,1,2,4,0.0629
PHC-DST-A2-04,2025-02-11,1,2,4,0.047
PHC-DST-A2-04,2025-02-12,1,2,4,0.046
PHC-DST-A2-04,2025-02-13,1,2,4,0.0466
PHC-DST-A2-04,2025-02-14,1,2,4,0.0791
PHC-DST-A2-04,2025-02-15,1,2,4,0.0714
PHC-DST-A2-04,2025-02-16,1,1,2,0.4426
PHC-DST-A2-04,2025-02-17,1,2,4,0.0776
PHC-DST-A2-04,2025-02-18,1,2,4,0.0559
PHC-DST-A2-04,2025-02-19,1,2,4,0.0605
PHC-DST-A2-04,2025-02-20,1,2,4,0.0619
PHC-DST-A2-04,2025-02-21,1,2,4,0.0474
PHC-DST-A2-04,2025-02-22,1,2,4,0.0714
PHC-DST-A2-04,2025-02-23,1,1,2,0.4452
PHC-DST-A2-04,2025-02-24,1,2,4,0.0725
PHC-DST-A2-04,2025-02-25,1,2,4,0.0402
PHC-DST-A2-04,2025-02-26,1,2,4,0.0463
PHC-DST-A2-04,2025-02-27,1,2,4,0.0539
PHC-DST-A2-04,2025-02-28,1,2,4,0.0568
PHC-DST-A2-04,2025-03-01,1,2,4,0.077
PHC-DST-A2-04,2025-03-02,1,1,2,0.4693
PHC-DST-A2-04,2025-03-03,1,2,4,0.0498
PHC-DST-A2-04,2025-03-04,1,2,4,0.0624
PHC-DST-A2-04,2025-03-05,1,2,4,0.0531
PHC-DST-A2-04,2025-03-06,1,2,4,0.0421
PHC-DST-A2-04,2025-03-07,1,2,4,0.0681
PHC-DST-A2-04,2025-03-08,1,2,4,0.0709
PHC-DST-A2-04,2025-03-09,1,1,2,0.4458
PHC-DST-A2-04,2025-03-10,1,2,4,0.0782
PHC-DST-A2-04,2025-03-11,1,2,4,0.0613
PHC-DST-A2-04,2025-03-12,1,2,4,0.0534
PHC-DST-A2-04,2025-03-13,1,2,4,0.0655
PHC-DST-A2-04,2025-03-14,1,2,4,0.0464
PHC-DST-A2-04,2025-03-15,1,2,4,0.0639
PHC-DST-A2-04,2025-03-16,1,1,2,0.4531
PHC-DST-A2-04,2025-03-17,1,2,4,0.0654
PHC-DST-A2-04,2025-03-18,1,2,4,
PHC-DST-A2-04,2025-03-19,1,2,4,
PHC-DST-A2-04,2025-03-20,1,2,4,0.0468
PHC-DST-A2-04,2025-03-21,1,2,4,0.048
PHC-DST-A2-04,2025-03-22,1,2,4,0.0782
PHC-DST-A2-04,2025-03-23,1,1,2,0.4513
PHC-DST-A2-04,2025-03-24,1,2,4,0.0512
PHC-DST-A2-04,2025-03-25,1,2,4,0.0702
PHC-DST-A2-04,2025-03-26,1,2,4,0.0638
PHC-DST-A2-04,2025-03-27,1,2,4,0.0673
PHC-DST-A2-04,2025-03-28,1,2,4,0.0554
PHC-DST-A2-04,2025-03-29,1,2,4,0.0654
PHC-DST-A2-04,2025-03-30,1,1,2,0.4614
PHC-DST-A2-04,2025-03-31,1,2,4,0.0612
PHC-DST-A2-04,2025-04-01,1,2,4,0.0626
PHC-DST-A2-04,2025-04-02,1,2,4,0.0526
PHC-DST-A2-04,2025-04-03,1,2,4,0.0525
PHC-DST-A2-04,2025-04-04,1,2,4,0.0739
PHC-DST-A2-04,2025-04-05,1,2,4,0.078
PHC-DST-A2-04,2025-04-06,1,1,2,0.4493
PHC-DST-A2-04,2025-04-07,1,2,4,0.0717
PHC-DST-A2-04,2025-04-08,1,2,4,0.0703
PHC-DST-A2-04,2025-04-09,1,2,4,0.0553
PHC-DST-A2-04,2025-04-10,1,2,4,0.0562
PHC-DST-A2-04,2025-04-11,1,2,4,0.0725
PHC-DST-A2-04,2025-04-12,1,2,4,0.0423
PHC-DST-A2-04,2025-04-13,1,1,2,0.4508
PHC-DST-A2-04,2025-04-14,1,2,4,0.0741
PHC-DST-A2-04,2025-04-15,1,2,4,0.0607
PHC-DST-A2-04,2025-04-16,1,2,4,0.0545
PHC-DST-A2-04,2025-04-17,1,2,4,0.0753
PHC-DST-A2-04,2025-04-18,1,2,4,0.0706
PHC-DST-A2-04,2025-04-19,1,2,4,0.0426
PHC-DST-A2-04,2025-04-20,1,1,2,0.4659
PHC-DST-A2-04,2025-04-21,1,2,4,0.0792
PHC-DST-A2-04,2025-04-22,1,2,4,0.0759
PHC-DST-A2-04,2025-04-23,1,2,4,0.0594
PHC-DST-A2-04,2025-04-24,1,2,4,0.0708
PHC-DST-A2-04,2025-04-25,1,2,4,0.0473
PHC-DST-A2-04,2025-04-26,1,2,4,0.0537
PHC-DST-A2-04,2025-04-27,1,1,2,0.4406
PHC-DST-A2-04,2025-04-28,1,2,4,0.0444
PHC-DST-A2-04,2025-04-29,1,2,4,0.0746
PHC-DST-A2-04,2025-04-30,1,2,4,0.0496
PHC-DST-A2-04,2025-05-01,1,2,4,0.0456
PHC-DST-A2-04,2025-05-02,1,2,4,0.0641
PHC-DST-A2-04,2025-05-03,1,2,4,0.0535
PHC-DST-A2-04,2025-05-04,1,1,2,0.4477
PHC-DST-A2-04,2025-05-05,1,2,4,0.0437
PHC-DST-A2-04,2025-05-06,1,2,4,0.0796
PHC-DST-A2-04,2025-05-07,1,2,4,0.0766
PHC-DST-A2-04,2025-05-08,1,2,4,0.0461
PHC-DST-A2-04,2025-05-09,1,2,4,0.0541
PHC-DST-A2-04,2025-05-10,1,2,4,0.0422
PHC-DST-A2-04,2025-05-11,1,1,2,0.4596
PHC-DST-A2-04,2025-05-12,1,2,4,0.072
PHC-DST-A2-04,2025-05-13,1,2,4,0.0457
PHC-DST-A2-04,2025-05-14,1,2,4,0.0634
PHC-DST-A2-04,2025-05-15,1,2,4,0.0426
PHC-DST-A2-04,2025-05-16,1,2,4,0.0632
PHC-DST-A2-04,2025-05-17,1,2,4,0.0539
PHC-DST-A2-04,2025-05-18,1,1,2,0.4641
PHC-DST-A2-04,2025-05-19,1,2,4,0.053
PHC-DST-A2-04,2025-05-20,1,2,4,0.055
PHC-DST-A2-04,2025-05-21,1,2,4,0.0501
PHC-DST-A2-04,2025-05-22,1,2,4,0.0517
PHC-DST-A2-04,2025-05-23,1,2,4,0.0471
PHC-DST-A2-04,2025-05-24,1,2,4,0.0724
PHC-DST-A2-04,2025-05-25,1,1,2,0.4769
PHC-DST-A2-04,2025-05-26,1,2,4,0.0732
PHC-DST-A2-04,2025-05-27,1,2,4,0.0628
PHC-DST-A2-04,2025-05-28,1,2,4,0.0644
PHC-DST-A2-04,2025-05-29,1,2,4,0.0676
PHC-DST-A2-04,2025-05-30,1,2,4,0.0402
PHC-DST-A2-04,2025-05-31,1,2,4,0.0401
PHC-DST-A2-04,2025-06-01,1,1,2,0.4542
PHC-DST-A2-04,2025-06-02,1,2,4,0.0561
PHC-DST-A2-04,2025-06-03,1,2,4,0.0661
PHC-DST-A2-04,2025-06-04,1,2,4,0.0622
PHC-DST-A2-04,2025-06-05,1,2,4,0.0694
PHC-DST-A2-04,2025-06-06,1,2,4,0.0784
PHC-DST-A2-04,2025-06-07,1,2,4,0.0695
PHC-DST-A2-04,2025-06-08,1,1,2,0.4588
PHC-DST-A2-04,2025-06-09,1,2,4,0.0691
PHC-DST-A2-04,2025-06-10,1,2,4,0.0549
PHC-DST-A2-04,2025-06-11,1,2,4,0.0612
PHC-DST-A2-04,2025-06-12,1,2,4,0.0455
PHC-DST-A2-04,2025-06-13,1,2,4,0.0536
PHC-DST-A2-04,2025-06-14,1,2,4,0.0677
PHC-DST-A2-04,2025-06-15,1,1,2,0.4705
PHC-DST-A2-04,2025-06-16,1,2,4,0.0541
PHC-DST-A2-04,2025-06-17,1,2,4,0.0625
PHC-DST-A2-04,2025-06-18,1,2,4,0.0639
PHC-DST-A2-04,2025-06-19,1,2,4,0.0746
PHC-DST-A2-04,2025-06-20,1,2,4,0.0445
PHC-DST-A2-04,2025-06-21,1,2,4,0.05
PHC-DST-A2-04,2025-06-22,1,1,2,0.4765
PHC-DST-A2-04,2025-06-23,1,2,4,0.0529
PHC-DST-A2-04,2025-06-24,1,2,4,0.0545
PHC-DST-A2-04,2025-06-25,1,2,4,0.079
PHC-DST-A2-04,2025-06-26,1,2,4,0.0599
PHC-DST-A2-04,2025-06-27,1,2,4,0.051
PHC-DST-A2-04,2025-06-28,1,2,4,0.0575
PHC-DST-A2-04,2025-06-29,1,1,2,0.4654
PHC-DST-A2-04,2025-06-30,1,2,4,0.0484
PHC-DST-A2-05,2024-01-01,1,2,3,0.0735
PHC-DST-A2-05,2024-01-02,1,2,3,0.0587
PHC-DST-A2-05,2024-01-03,1,2,3,0.0495
PHC-DST-A2-05,2024-01-04,1,2,3,0.0773
PHC-DST-A2-05,2024-01-05,1,2,3,0.0559
PHC-DST-A2-05,2024-01-06,1,2,3,0.0474
PHC-DST-A2-05,2024-01-07,1,1,2,0.4525
PHC-DST-A2-05,2024-01-08,1,2,3,0.0666
PHC-DST-A2-05,2024-01-09,1,2,3,0.0485
PHC-DST-A2-05,2024-01-10,1,2,3,0.0612
PHC-DST-A2-05,2024-01-11,1,2,3,0.0539
PHC-DST-A2-05,2024-01-12,1,2,3,0.0468
PHC-DST-A2-05,2024-01-13,1,2,3,0.0466
PHC-DST-A2-05,2024-01-14,1,1,2,0.4544
PHC-DST-A2-05,2024-01-15,1,2,3,0.0615
PHC-DST-A2-05,2024-01-16,1,2,3,0.0697
PHC-DST-A2-05,2024-01-17,1,2,3,0.0502
PHC-DST-A2-05,2024-01-18,1,2,3,0.0401
PHC-DST-A2-05,2024-01-19,1,2,3,0.0452
PHC-DST-A2-05,2024-01-20,1,2,3,0.0722
PHC-DST-A2-05,2024-01-21,1,1,2,0.4658
PHC-DST-A2-05,2024-01-22,1,2,3,0.0493
PHC-DST-A2-05,2024-01-23,1,2,3,0.0402
PHC-DST-A2-05,2024-01-24,1,2,3,0.0626
PHC-DST-A2-05,2024-01-25,1,2,3,0.0775
PHC-DST-A2-05,2024-01-26,1,2,3,0.0572
PHC-DST-A2-05,2024-01-27,1,2,3,0.0402
PHC-DST-A2-05,2024-01-28,1,1,2,0.4485
PHC-DST-A2-05,2024-01-29,1,2,3,0.0553
PHC-DST-A2-05,2024-01-30,1,2,3,0.0685
PHC-DST-A2-05,2024-01-31,1,2,3,0.0589
PHC-DST-A2-05,2024-02-01,1,2,3,0.0504
PHC-DST-A2-05,2024-02-02,1,2,3,0.0665
PHC-DST-A2-05,2024-02-03,1,2,3,0.0538
PHC-DST-A2-05,2024-02-04,1,1,2,0.4559
PHC-DST-A2-05,2024-02-05,1,2,3,0.0519
PHC-DST-A2-05,2024-02-06,1,2,3,0.0428
PHC-DST-A2-05,2024-02-07,1,2,3,0.0584
PHC-DST-A2-05,2024-02-08,1,2,3,0.0656
PHC-DST-A2-05,2024-02-09,1,2,3,0.0531
PHC-DST-A2-05,2024-02-10,1,2,3,0.059
PHC-DST-A2-05,2024-02-11,1,1,2,0.4461
PHC-DST-A2-05,2024-02-12,1,2,3,0.0471
PHC-DST-A2-05,2024-02-13,1,2,3,0.0401
PHC-DST-A2-05,2024-02-14,1,2,3,0.0433
PHC-DST-A2-05,2024-02-15,1,2,3,0.0482
PHC-DST-A2-05,2024-02-16,1,2,3,0.0438
PHC-DST-A2-05,2024-02-17,1,2,3,0.0638
PHC-DST-A2-05,2024-02-18,1,1,2,0.4445
PHC-DST-A2-05,2024-02-19,1,2,3,0.0738
PHC-DST-A2-05,2024-02-20,1,2,3,0.0773
PHC-DST-A2-05,2024-02-21,1,2,3,0.0721
PHC-DST-A2-05,2024-02-22,1,2,3,0.0426
PHC-DST-A2-05,2024-02-23,1,2,3,0.0753
PHC-DST-A2-05,2024-02-24,1,2,3,0.0602
PHC-DST-A2-05,2024-02-25,1,1,2,0.4577
PHC-DST-A2-05,2024-02-26,1,2,3,0.0692
PHC-DST-A2-05,2024-02-27,1,2,3,0.0679
PHC-DST-A2-05,2024-02-28,1,2,3,0.0692
PHC-DST-A2-05,2024-02-29,1,2,3,0.052
PHC-DST-A2-05,2024-03-01,1,2,3,0.077
PHC-DST-A2-05,2024-03-02,1,2,3,0.0552
PHC-DST-A2-05,2024-03-03,1,1,2,0.4646
PHC-DST-A2-05,2024-03-04,1,2,3,0.0693
PHC-DST-A2-05,2024-03-05,1,2,3,0.0605
PHC-DST-A2-05,2024-03-06,1,2,3,0.0702
PHC-DST-A2-05,2024-03-07,1,2,3,0.0796
PHC-DST-A2-05,2024-03-08,1,2,3,0.049
PHC-DST-A2-05,2024-03-09,1,2,3,0.0693
PHC-DST-A2-05,2024-03-10,1,1,2,0.4476
PHC-DST-A2-05,2024-03-11,1,2,3,0.0772
PHC-DST-A2-05,2024-03-12,1,2,3,0.0438
PHC-DST-A2-05,2024-03-13,1,2,3,0.0478
PHC-DST-A2-05,2024-03-14,1,2,3,0.0529
PHC-DST-A2-05,2024-03-15,1,2,3,0.0766
PHC-DST-A2-05,2024-03-16,1,2,3,0.0535
PHC-DST-A2-05,2024-03-17,1,1,2,0.4715
PHC-DST-A2-05,2024-03-18,1,2,3,0.0668
PHC-DST-A2-05,2024-03-19,1,2,3,0.0471
PHC-DST-A2-05,2024-03-20,1,2,3,0.0639
PHC-DST-A2-05,2024-03-21,1,2,3,0.0494
PHC-DST-A2-05,2024-03-22,1,2,3,0.058
PHC-DST-A2-05,2024-03-23,1,2,3,0.0435
PHC-DST-A2-05,2024-03-24,1,1,2,0.4571
PHC-DST-A2-05,2024-03-25,1,2,3,0.061
PHC-DST-A2-05,2024-03-26,1,2,3,0.0454
PHC-DST-A2-05,2024-03-27,1,2,3,
PHC-DST-A2-05,2024-03-28,1,2,3,0.0684
PHC-DST-A2-05,2024-03-29,1,2,3,0.0603
PHC-DST-A2-05,2024-03-30,1,2,3,0.0642
PHC-DST-A2-05,2024-03-31,1,1,2,0.4762
PHC-DST-A2-05,2024-04-01,1,2,3,0.0425
PHC-DST-A2-05,2024-04-02,1,2,3,0.0578
PHC-DST-A2-05,2024-04-03,1,2,3,0.051
PHC-DST-A2-05,2024-04-04,1,2,3,0.051
PHC-DST-A2-05,2024-04-05,1,2,3,0.0456
PHC-DST-A2-05,2024-04-06,1,2,3,0.065
PHC-DST-A2-05,2024-04-07,1,1,2,0.4529
PHC-DST-A2-05,2024-04-08,1,2,3,0.0677
PHC-DST-A2-05,2024-04-09,1,2,3,0.0493
PHC-DST-A2-05,2024-04-10,1,2,3,0.0572
PHC-DST-A2-05,2024-04-11,1,2,3,0.055
PHC-DST-A2-05,2024-04-12,1,2,3,0.0759
PHC-DST-A2-05,2024-04-13,1,2,3,0.0469
PHC-DST-A2-05,2024-04-14,1,1,2,0.4572
PHC-DST-A2-05,2024-04-15,1,2,3,0.0466
PHC-DST-A2-05,2024-04-16,1,2,3,0.0692
PHC-DST-A2-05,2024-04-17,1,2,3,0.059
PHC-DST-A2-05,2024-04-18,1,2,3,0.078
PHC-DST-A2-05,2024-04-19,1,2,3,0.0585
PHC-DST-A2-05,2024-04-20,1,2,3,0.0747
PHC-DST-A2-05,2024-04-21,1,1,2,0.4552
PHC-DST-A2-05,2024-04-22,1,2,3,0.0607
PHC-DST-A2-05,2024-04-23,1,2,3,0.0656
PHC-DST-A2-05,2024-04-24,1,2,3,0.0672
PHC-DST-A2-05,2024-04-25,1,2,3,0.0666
PHC-DST-A2-05,2024-04-26,1,2,3,0.0453
PHC-DST-A2-05,2024-04-27,1,2,3,0.0779
PHC-DST-A2-05,2024-04-28,1,1,2,0.4559
PHC-DST-A2-05,2024-04-29,1,2,3,0.0785
PHC-DST-A2-05,2024-04-30,1,2,3,0.0644
PHC-DST-A2-05,2024-05-01,1,2,3,0.0766
PHC-DST-A2-05,2024-05-02,1,2,3,0.0484
PHC-DST-A2-05,2024-05-03,1,2,3,0.0574
PHC-DST-A2-05,2024-05-04,1,2,3,0.0476
PHC-DST-A2-05,2024-05-05,1,1,2,0.4467
PHC-DST-A2-05,2024-05-06,1,2,3,0.0403
PHC-DST-A2-05,2024-05-07,1,2,3,0.0407
PHC-DST-A2-05,2024-05-08,1,2,3,0.0513
PHC-DST-A2-05,2024-05-09,1,2,3,0.066
PHC-DST-A2-05,2024-05-10,1,2,3,0.0575
PHC-DST-A2-05,2024-05-11,1,2,3,0.0797
PHC-DST-A2-05,2024-05-12,1,1,2,0.4543
PHC-DST-A2-05,2024-05-13,1,2,3,0.0408
PHC-DST-A2-05,2024-05-14,1,2,3,0.0778
PHC-DST-A2-05,2024-05-15,1,2,3,0.0594
PHC-DST-A2-05,2024-05-16,1,2,3,0.059
PHC-DST-A2-05,2024-05-17,1,2,3,0.048
PHC-DST-A2-05,2024-05-18,1,2,3,0.0505
PHC-DST-A2-05,2024-05-19,1,1,2,0.457
PHC-DST-A2-05,2024-05-20,1,2,3,0.0535
PHC-DST-A2-05,2024-05-21,1,2,3,0.044
PHC-DST-A2-05,2024-05-22,1,2,3,0.0594
PHC-DST-A2-05,2024-05-23,1,2,3,0.0597
PHC-DST-A2-05,2024-05-24,1,2,3,0.0689
PHC-DST-A2-05,2024-05-25,1,2,3,0.0609
PHC-DST-A2-05,2024-05-26,1,1,2,0.4754
PHC-DST-A2-05,2024-05-27,1,2,3,0.06
PHC-DST-A2-05,2024-05-28,1,2,3,0.0583
PHC-DST-A2-05,2024-05-29,1,2,3,0.0514
PHC-DST-A2-05,2024-05-30,1,2,3,0.0789
PHC-DST-A2-05,2024-05-31,1,2,3,0.054
PHC-DST-A2-05,2024-06-01,1,2,3,0.0714
PHC-DST-A2-05,2024-06-02,1,1,2,0.4558
PHC-DST-A2-05,2024-06-03,1,2,3,0.068
PHC-DST-A2-05,2024-06-04,1,2,3,0.0449
PHC-DST-A2-05,2024-06-05,1,2,3,0.0695
PHC-DST-A2-05,2024-06-06,1,2,3,0.0761
PHC-DST-A2-05,2024-06-07,1,2,3,0.0618
PHC-DST-A2-05,2024-06-08,1,2,3,0.0436
PHC-DST-A2-05,2024-06-09,1,1,2,0.46
PHC-DST-A2-05,2024-06-10,1,2,3,0.0585
PHC-DST-A2-05,2024-06-11,1,2,3,0.0789
PHC-DST-A2-05,2024-06-12,1,2,3,0.0698
PHC-DST-A2-05,2024-06-13,1,2,3,0.0422
PHC-DST-A2-05,2024-06-14,1,2,3,0.0407
PHC-DST-A2-05,2024-06-15,1,2,3,0.0557
PHC-DST-A2-05,2024-06-16,1,1,2,0.4701
PHC-DST-A2-05,2024-06-17,1,2,3,0.0653
PHC-DST-A2-05,2024-06-18,1,2,3,0.0658
PHC-DST-A2-05,2024-06-19,1,2,3,0.0482
PHC-DST-A2-05,2024-06-20,1,2,3,0.076
PHC-DST-A2-05,2024-06-21,1,2,3,0.0424
PHC-DST-A2-05,2024-06-22,1,2,3,0.0586
PHC-DST-A2-05,2024-06-23,1,1,2,0.4681
PHC-DST-A2-05,2024-06-24,1,2,3,0.0554
PHC-DST-A2-05,2024-06-25,1,2,3,0.0656
PHC-DST-A2-05,2024-06-26,1,2,3,0.0578
PHC-DST-A2-05,2024-06-27,1,2,3,0.0751
PHC-DST-A2-05,2024-06-28,1,2,3,0.0499
PHC-DST-A2-05,2024-06-29,1,2,3,0.0497
PHC-DST-A2-05,2024-06-30,1,1,2,0.4724
PHC-DST-A2-05,2024-07-01,1,2,3,0.0474
PHC-DST-A2-05,2024-07-02,1,2,3,0.0505
PHC-DST-A2-05,2024-07-03,1,2,3,0.0495
PHC-DST-A2-05,2024-07-04,1,2,3,0.0777
PHC-DST-A2-05,2024-07-05,1,2,3,0.077
PHC-DST-A2-05,2024-07-06,1,2,3,0.0428
PHC-DST-A2-05,2024-07-07,1,1,2,0.4525
PHC-DST-A2-05,2024-07-08,1,2,3,0.0597
PHC-DST-A2-05,2024-07-09,1,2,3,0.044
PHC-DST-A2-05,2024-07-10,1,2,3,0.054
PHC-DST-A2-05,2024-07-11,1,2,3,0.0728
PHC-DST-A2-05,2024-07-12,1,2,3,0.0676
PHC-DST-A2-05,2024-07-13,1,2,3,0.0509
PHC-DST-A2-05,2024-07-14,1,1,2,0.4723
PHC-DST-A2-05,2024-07-15,1,2,3,0.0415
PHC-DST-A2-05,2024-07-16,1,2,3,0.0658
PHC-DST-A2-05,2024-07-17,1,2,3,0.0786
PHC-DST-A2-05,2024-07-18,1,2,3,0.0776
PHC-DST-A2-05,2024-07-19,1,2,3,0.0617
PHC-DST-A2-05,2024-07-20,1,2,3,0.0662
PHC-DST-A2-05,2024-07-21,1,1,2,0.4502
PHC-DST-A2-05,2024-07-22,1,2,3,0.0615
PHC-DST-A2-05,2024-07-23,1,2,3,0.0426
PHC-DST-A2-05,2024-07-24,1,2,3,0.0502
PHC-DST-A2-05,2024-07-25,1,2,3,0.0768
PHC-DST-A2-05,2024-07-26,1,2,3,0.0788
PHC-DST-A2-05,2024-07-27,1,2,3,0.0674
PHC-DST-A2-05,2024-07-28,1,1,2,0.4588
PHC-DST-A2-05,2024-07-29,1,2,3,0.0798
PHC-DST-A2-05,2024-07-30,1,2,3,0.0687
PHC-DST-A2-05,2024-07-31,1,2,3,0.0502
PHC-DST-A2-05,2024-08-01,1,2,3,0.0541
PHC-DST-A2-05,2024-08-02,1,2,3,0.0718
PHC-DST-A2-05,2024-08-03,1,2,3,0.0495
PHC-DST-A2-05,2024-08-04,1,1,2,0.4687
PHC-DST-A2-05,2024-08-05,1,2,3,0.0443
PHC-DST-A2-05,2024-08-06,1,2,3,0.0797
PHC-DST-A2-05,2024-08-07,1,2,3,0.0791
PHC-DST-A2-05,2024-08-08,1,2,3,0.0718
PHC-DST-A2-05,2024-08-09,1,2,3,0.0688
PHC-DST-A2-05,2024-08-10,1,2,3,0.0606
PHC-DST-A2-05,2024-08-11,1,1,2,0.4571
PHC-DST-A2-05,2024-08-12,1,2,3,0.0402
PHC-DST-A2-05,2024-08-13,1,2,3,0.0603
PHC-DST-A2-05,2024-08-14,1,2,3,0.0592
PHC-DST-A2-05,2024-08-15,1,2,3,0.0533
PHC-DST-A2-05,2024-08-16,1,2,3,0.0443
PHC-DST-A2-05,2024-08-17,1,1,1,0.6104
PHC-DST-A2-05,2024-08-18,1,1,2,0.455
PHC-DST-A2-05,2024-08-19,1,2,3,0.0717
PHC-DST-A2-05,2024-08-20,1,2,3,
PHC-DST-A2-05,2024-08-21,1,2,3,0.0701
PHC-DST-A2-05,2024-08-22,1,1,2,0.4408
PHC-DST-A2-05,2024-08-23,1,2,3,0.0454
PHC-DST-A2-05,2024-08-24,1,2,3,0.0757
PHC-DST-A2-05,2024-08-25,1,1,2,0.4484
PHC-DST-A2-05,2024-08-26,1,2,3,0.0504
PHC-DST-A2-05,2024-08-27,1,2,3,0.0542
PHC-DST-A2-05,2024-08-28,1,1,2,0.4861
PHC-DST-A2-05,2024-08-29,1,2,3,0.0457
PHC-DST-A2-05,2024-08-30,1,2,3,0.0473
PHC-DST-A2-05,2024-08-31,1,2,3,0.0593
PHC-DST-A2-05,2024-09-01,1,1,2,0.4565
PHC-DST-A2-05,2024-09-02,1,2,3,0.0665
PHC-DST-A2-05,2024-09-03,1,2,3,0.061
PHC-DST-A2-05,2024-09-04,1,2,3,0.0492
PHC-DST-A2-05,2024-09-05,1,2,3,0.0619
PHC-DST-A2-05,2024-09-06,1,2,3,0.0608
PHC-DST-A2-05,2024-09-07,1,1,2,0.4855
PHC-DST-A2-05,2024-09-08,1,1,2,0.4503
PHC-DST-A2-05,2024-09-09,1,2,3,0.0614
PHC-DST-A2-05,2024-09-10,1,2,3,0.0552
PHC-DST-A2-05,2024-09-11,1,2,3,0.0756
PHC-DST-A2-05,2024-09-12,1,1,2,0.4287
PHC-DST-A2-05,2024-09-13,1,2,3,0.0599
PHC-DST-A2-05,2024-09-14,1,2,3,0.0732
PHC-DST-A2-05,2024-09-15,1,1,2,0.4608
PHC-DST-A2-05,2024-09-16,1,2,3,0.0707
PHC-DST-A2-05,2024-09-17,1,2,3,0.0682
PHC-DST-A2-05,2024-09-18,1,2,3,0.0551
PHC-DST-A2-05,2024-09-19,1,2,3,0.0529
PHC-DST-A2-05,2024-09-20,1,2,3,0.0666
PHC-DST-A2-05,2024-09-21,1,2,3,0.0466
PHC-DST-A2-05,2024-09-22,1,1,2,0.4518
PHC-DST-A2-05,2024-09-23,1,2,3,0.0412
PHC-DST-A2-05,2024-09-24,1,2,3,0.0662
PHC-DST-A2-05,2024-09-25,1,2,3,0.0699
PHC-DST-A2-05,2024-09-26,1,2,3,
PHC-DST-A2-05,2024-09-27,1,2,3,0.048
PHC-DST-A2-05,2024-09-28,1,2,3,0.0433
PHC-DST-A2-05,2024-09-29,1,1,2,0.4483
PHC-DST-A2-05,2024-09-30,1,2,3,0.0497
PHC-DST-A2-05,2024-10-01,1,2,3,0.0733
PHC-DST-A2-05,2024-10-02,1,2,3,0.0416
PHC-DST-A2-05,2024-10-03,1,2,3,0.0684
PHC-DST-A2-05,2024-10-04,1,2,3,0.0633
PHC-DST-A2-05,2024-10-05,1,2,3,0.049
PHC-DST-A2-05,2024-10-06,1,1,2,0.4714
PHC-DST-A2-05,2024-10-07,1,2,3,0.0415
PHC-DST-A2-05,2024-10-08,1,2,3,0.0523
PHC-DST-A2-05,2024-10-09,1,2,3,0.0614
PHC-DST-A2-05,2024-10-10,1,2,3,0.063
PHC-DST-A2-05,2024-10-11,1,2,3,0.063
PHC-DST-A2-05,2024-10-12,1,2,3,0.0593
PHC-DST-A2-05,2024-10-13,1,1,2,0.464
PHC-DST-A2-05,2024-10-14,1,2,3,0.0713
PHC-DST-A2-05,2024-10-15,1,2,3,0.0466
PHC-DST-A2-05,2024-10-16,1,2,3,0.0693
PHC-DST-A2-05,2024-10-17,1,2,3,0.0619
PHC-DST-A2-05,2024-10-18,1,2,3,0.0666
PHC-DST-A2-05,2024-10-19,1,2,3,0.0526
PHC-DST-A2-05,2024-10-20,1,1,2,0.4668
PHC-DST-A2-05,2024-10-21,1,2,3,0.0689
PHC-DST-A2-05,2024-10-22,1,2,3,
PHC-DST-A2-05,2024-10-23,1,2,3,0.0706
PHC-DST-A2-05,2024-10-24,1,2,3,
PHC-DST-A2-05,2024-10-25,1,2,3,0.07
PHC-DST-A2-05,2024-10-26,1,2,3,0.0547
PHC-DST-A2-05,2024-10-27,1,1,2,0.4746
PHC-DST-A2-05,2024-10-28,1,2,3,0.062
PHC-DST-A2-05,2024-10-29,1,2,3,0.0699
PHC-DST-A2-05,2024-10-30,1,2,3,0.073
PHC-DST-A2-05,2024-10-31,1,2,3,0.0579
PHC-DST-A2-05,2024-11-01,1,2,3,0.0422
PHC-DST-A2-05,2024-11-02,1,2,3,0.0427
PHC-DST-A2-05,2024-11-03,1,1,2,0.4472
PHC-DST-A2-05,2024-11-04,1,2,3,0.0459
PHC-DST-A2-05,2024-11-05,1,2,3,0.0746
PHC-DST-A2-05,2024-11-06,1,2,3,0.0701
PHC-DST-A2-05,2024-11-07,1,2,3,0.0761
PHC-DST-A2-05,2024-11-08,1,2,3,0.0468
PHC-DST-A2-05,2024-11-09,1,2,3,0.0438
PHC-DST-A2-05,2024-11-10,1,1,2,0.4548
PHC-DST-A2-05,2024-11-11,1,2,3,0.0707
PHC-DST-A2-05,2024-11-12,1,2,3,0.0745
PHC-DST-A2-05,2024-11-13,1,2,3,0.0536
PHC-DST-A2-05,2024-11-14,1,2,3,0.0498
PHC-DST-A2-05,2024-11-15,1,2,3,0.045
PHC-DST-A2-05,2024-11-16,1,2,3,0.047
PHC-DST-A2-05,2024-11-17,1,1,2,0.4794
PHC-DST-A2-05,2024-11-18,1,2,3,0.058
PHC-DST-A2-05,2024-11-19,1,2,3,0.063
PHC-DST-A2-05,2024-11-20,1,2,3,0.0445
PHC-DST-A2-05,2024-11-21,1,2,3,0.0401
PHC-DST-A2-05,2024-11-22,1,2,3,0.0749
PHC-DST-A2-05,2024-11-23,1,2,3,0.0455
PHC-DST-A2-05,2024-11-24,1,1,2,0.4415
PHC-DST-A2-05,2024-11-25,1,2,3,0.0668
PHC-DST-A2-05,2024-11-26,1,2,3,0.049
PHC-DST-A2-05,2024-11-27,1,2,3,0.0762
PHC-DST-A2-05,2024-11-28,1,2,3,0.0586
PHC-DST-A2-05,2024-11-29,1,2,3,0.0726
PHC-DST-A2-05,2024-11-30,1,2,3,0.0418
PHC-DST-A2-05,2024-12-01,1,1,2,0.4557
PHC-DST-A2-05,2024-12-02,1,2,3,0.0797
PHC-DST-A2-05,2024-12-03,1,2,3,0.0435
PHC-DST-A2-05,2024-12-04,1,2,3,0.0725
PHC-DST-A2-05,2024-12-05,1,2,3,0.0473
PHC-DST-A2-05,2024-12-06,1,2,3,0.0768
PHC-DST-A2-05,2024-12-07,1,2,3,0.0501
PHC-DST-A2-05,2024-12-08,1,1,2,0.4402
PHC-DST-A2-05,2024-12-09,1,2,3,0.0702
PHC-DST-A2-05,2024-12-10,1,2,3,0.0456
PHC-DST-A2-05,2024-12-11,1,2,3,0.0749
PHC-DST-A2-05,2024-12-12,1,2,3,0.045
PHC-DST-A2-05,2024-12-13,1,2,3,0.0552
PHC-DST-A2-05,2024-12-14,1,2,3,0.0489
PHC-DST-A2-05,2024-12-15,1,1,2,0.4437
PHC-DST-A2-05,2024-12-16,1,2,3,0.053
PHC-DST-A2-05,2024-12-17,1,2,3,0.0467
PHC-DST-A2-05,2024-12-18,1,2,3,0.0426
PHC-DST-A2-05,2024-12-19,1,2,3,0.0576
PHC-DST-A2-05,2024-12-20,1,2,3,0.0469
PHC-DST-A2-05,2024-12-21,1,2,3,0.0789
PHC-DST-A2-05,2024-12-22,1,1,2,0.467
PHC-DST-A2-05,2024-12-23,1,2,3,0.071
PHC-DST-A2-05,2024-12-24,1,2,3,0.0568
PHC-DST-A2-05,2024-12-25,1,2,3,0.0625
PHC-DST-A2-05,2024-12-26,1,2,3,0.0669
PHC-DST-A2-05,2024-12-27,1,2,3,0.0585
PHC-DST-A2-05,2024-12-28,1,2,3,0.0526
PHC-DST-A2-05,2024-12-29,1,1,2,0.4493
PHC-DST-A2-05,2024-12-30,1,2,3,0.0485
PHC-DST-A2-05,2024-12-31,1,2,3,0.0674
PHC-DST-A2-05,2025-01-01,1,2,3,0.0691
PHC-DST-A2-05,2025-01-02,1,2,3,0.0441
PHC-DST-A2-05,2025-01-03,1,2,3,0.0724
PHC-DST-A2-05,2025-01-04,1,2,3,0.0656
PHC-DST-A2-05,2025-01-05,1,1,2,0.4503
PHC-DST-A2-05,2025-01-06,1,2,3,0.0757
PHC-DST-A2-05,2025-01-07,1,2,3,0.0695
PHC-DST-A2-05,2025-01-08,1,2,3,0.0476
PHC-DST-A2-05,2025-01-09,1,2,3,0.0774
PHC-DST-A2-05,2025-01-10,1,2,3,0.0514
PHC-DST-A2-05,2025-01-11,1,2,3,0.0756
PHC-DST-A2-05,2025-01-12,1,1,2,0.4687
PHC-DST-A2-05,2025-01-13,1,2,3,0.0466
PHC-DST-A2-05,2025-01-14,1,2,3,0.0746
PHC-DST-A2-05,2025-01-15,1,2,3,0.045
PHC-DST-A2-05,2025-01-16,1,2,3,0.0509
PHC-DST-A2-05,2025-01-17,1,2,3,0.0564
PHC-DST-A2-05,2025-01-18,1,2,3,0.0464
PHC-DST-A2-05,2025-01-19,1,1,2,0.449
PHC-DST-A2-05,2025-01-20,1,2,3,0.0577
PHC-DST-A2-05,2025-01-21,1,2,3,0.076
PHC-DST-A2-05,2025-01-22,1,2,3,0.062
PHC-DST-A2-05,2025-01-23,1,2,3,0.045
PHC-DST-A2-05,2025-01-24,1,2,3,0.0606
PHC-DST-A2-05,2025-01-25,1,2,3,0.0745
PHC-DST-A2-05,2025-01-26,1,1,2,0.4697
PHC-DST-A2-05,2025-01-27,1,2,3,0.0672
PHC-DST-A2-05,2025-01-28,1,2,3,0.0579
PHC-DST-A2-05,2025-01-29,1,2,3,0.048
PHC-DST-A2-05,2025-01-30,1,2,3,0.0701
PHC-DST-A2-05,2025-01-31,1,2,3,0.0587
PHC-DST-A2-05,2025-02-01,1,2,3,0.0627
PHC-DST-A2-05,2025-02-02,1,1,2,0.4766
PHC-DST-A2-05,2025-02-03,1,2,3,0.0595
PHC-DST-A2-05,2025-02-04,1,2,3,0.0601
PHC-DST-A2-05,2025-02-05,1,2,3,0.0482
PHC-DST-A2-05,2025-02-06,1,2,3,0.0474
PHC-DST-A2-05,2025-02-07,1,2,3,0.0566
PHC-DST-A2-05,2025-02-08,1,2,3,0.0795
PHC-DST-A2-05,2025-02-09,1,1,2,0.448
PHC-DST-A2-05,2025-02-10,1,2,3,0.0468
PHC-DST-A2-05,2025-02-11,1,2,3,0.049
PHC-DST-A2-05,2025-02-12,1,2,3,0.0452
PHC-DST-A2-05,2025-02-13,1,2,3,0.0581
PHC-DST-A2-05,2025-02-14,1,2,3,0.0713
PHC-DST-A2-05,2025-02-15,1,2,3,0.079
PHC-DST-A2-05,2025-02-16,1,1,2,0.4699
PHC-DST-A2-05,2025-02-17,1,2,3,0.0781
PHC-DST-A2-05,2025-02-18,1,2,3,0.0412
PHC-DST-A2-05,2025-02-19,1,2,3,0.0601
PHC-DST-A2-05,2025-02-20,1,2,3,0.074
PHC-DST-A2-05,2025-02-21,1,2,3,0.0474
PHC-DST-A2-05,2025-02-22,1,2,3,0.0602
PHC-DST-A2-05,2025-02-23,1,1,2,0.4799
PHC-DST-A2-05,2025-02-24,1,2,3,0.0788
PHC-DST-A2-05,2025-02-25,1,2,3,0.0799
PHC-DST-A2-05,2025-02-26,1,2,3,0.0407
PHC-DST-A2-05,2025-02-27,1,2,3,0.0583
PHC-DST-A2-05,2025-02-28,1,2,3,0.0654
PHC-DST-A2-05,2025-03-01,1,2,3,0.0433
PHC-DST-A2-05,2025-03-02,1,1,2,0.4411
PHC-DST-A2-05,2025-03-03,1,2,3,0.0659
PHC-DST-A2-05,2025-03-04,1,2,3,0.0649
PHC-DST-A2-05,2025-03-05,1,2,3,0.0433
PHC-DST-A2-05,2025-03-06,1,2,3,0.0498
PHC-DST-A2-05,2025-03-07,1,2,3,0.0683
PHC-DST-A2-05,2025-03-08,1,2,3,0.0655
PHC-DST-A2-05,2025-03-09,1,1,2,0.4549
PHC-DST-A2-05,2025-03-10,1,2,3,0.0745
PHC-DST-A2-05,2025-03-11,1,2,3,0.0418
PHC-DST-A2-05,2025-03-12,1,2,3,0.0548
PHC-DST-A2-05,2025-03-13,1,2,3,0.0471
PHC-DST-A2-05,2025-03-14,1,2,3,0.0771
PHC-DST-A2-05,2025-03-15,1,2,3,0.0637
PHC-DST-A2-05,2025-03-16,1,1,2,0.4517
PHC-DST-A2-05,2025-03-17,1,2,3,0.0769
PHC-DST-A2-05,2025-03-18,1,2,3,0.0669
PHC-DST-A2-05,2025-03-19,1,2,3,0.078
PHC-DST-A2-05,2025-03-20,1,2,3,0.0536
PHC-DST-A2-05,2025-03-21,1,2,3,0.0742
PHC-DST-A2-05,2025-03-22,1,2,3,
PHC-DST-A2-05,2025-03-23,1,1,2,0.4442
PHC-DST-A2-05,2025-03-24,1,2,3,0.0511
PHC-DST-A2-05,2025-03-25,1,2,3,0.0769
PHC-DST-A2-05,2025-03-26,1,2,3,0.0592
PHC-DST-A2-05,2025-03-27,1,2,3,0.0743
PHC-DST-A2-05,2025-03-28,1,2,3,0.0726
PHC-DST-A2-05,2025-03-29,1,2,3,0.0631
PHC-DST-A2-05,2025-03-30,1,1,2,0.4785
PHC-DST-A2-05,2025-03-31,1,2,3,0.0436
PHC-DST-A2-05,2025-04-01,1,2,3,0.0457
PHC-DST-A2-05,2025-04-02,1,2,3,
PHC-DST-A2-05,2025-04-03,1,2,3,0.0794
PHC-DST-A2-05,2025-04-04,1,2,3,0.0549
PHC-DST-A2-05,2025-04-05,1,2,3,0.0574
PHC-DST-A2-05,2025-04-06,1,1,2,0.4737
PHC-DST-A2-05,2025-04-07,1,2,3,0.0515
PHC-DST-A2-05,2025-04-08,1,2,3,0.0434
PHC-DST-A2-05,2025-04-09,1,2,3,0.064
PHC-DST-A2-05,2025-04-10,1,2,3,0.0627
PHC-DST-A2-05,2025-04-11,1,2,3,0.0694
PHC-DST-A2-05,2025-04-12,1,2,3,0.0675
PHC-DST-A2-05,2025-04-13,1,1,2,0.4578
PHC-DST-A2-05,2025-04-14,1,2,3,0.0517
PHC-DST-A2-05,2025-04-15,1,2,3,0.062
PHC-DST-A2-05,2025-04-16,1,2,3,0.0615
PHC-DST-A2-05,2025-04-17,1,2,3,0.0756
PHC-DST-A2-05,2025-04-18,1,2,3,0.066
PHC-DST-A2-05,2025-04-19,1,2,3,0.0529
PHC-DST-A2-05,2025-04-20,1,1,2,0.4625
PHC-DST-A2-05,2025-04-21,1,2,3,0.0594
PHC-DST-A2-05,2025-04-22,1,2,3,0.0705
PHC-DST-A2-05,2025-04-23,1,2,3,0.0638
PHC-DST-A2-05,2025-04-24,1,2,3,0.0537
PHC-DST-A2-05,2025-04-25,1,2,3,0.0414
PHC-DST-A2-05,2025-04-26,1,2,3,0.0466
PHC-DST-A2-05,2025-04-27,1,1,2,0.465
PHC-DST-A2-05,2025-04-28,1,2,3,0.0543
PHC-DST-A2-05,2025-04-29,1,2,3,0.0574
PHC-DST-A2-05,2025-04-30,1,2,3,0.05
PHC-DST-A2-05,2025-05-01,1,2,3,0.0619
PHC-DST-A2-05,2025-05-02,1,2,3,
PHC-DST-A2-05,2025-05-03,1,2,3,0.0695
PHC-DST-A2-05,2025-05-04,1,1,2,0.4433
PHC-DST-A2-05,2025-05-05,1,2,3,0.0408
PHC-DST-A2-05,2025-05-06,1,2,3,0.0735
PHC-DST-A2-05,2025-05-07,1,2,3,0.0437
PHC-DST-A2-05,2025-05-08,1,2,3,0.0436
PHC-DST-A2-05,2025-05-09,1,2,3,0.0673
PHC-DST-A2-05,2025-05-10,1,2,3,0.0766
PHC-DST-A2-05,2025-05-11,1,1,2,0.45
PHC-DST-A2-05,2025-05-12,1,2,3,0.068
PHC-DST-A2-05,2025-05-13,1,2,3,0.0692
PHC-DST-A2-05,2025-05-14,1,2,3,0.044
PHC-DST-A2-05,2025-05-15,1,2,3,0.0481
PHC-DST-A2-05,2025-05-16,1,2,3,0.071
PHC-DST-A2-05,2025-05-17,1,2,3,0.0613
PHC-DST-A2-05,2025-05-18,1,1,2,0.4756
PHC-DST-A2-05,2025-05-19,1,2,3,0.0779
PHC-DST-A2-05,2025-05-20,1,2,3,0.0413
PHC-DST-A2-05,2025-05-21,1,2,3,0.0719
PHC-DST-A2-05,2025-05-22,1,2,3,0.0551
PHC-DST-A2-05,2025-05-23,1,2,3,0.045
PHC-DST-A2-05,2025-05-24,1,2,3,0.0606
PHC-DST-A2-05,2025-05-25,1,1,2,0.4618
PHC-DST-A2-05,2025-05-26,1,2,3,0.0629
PHC-DST-A2-05,2025-05-27,1,2,3,0.0536
PHC-DST-A2-05,2025-05-28,1,2,3,0.0569
PHC-DST-A2-05,2025-05-29,1,2,3,0.0797
PHC-DST-A2-05,2025-05-30,1,2,3,0.0528
PHC-DST-A2-05,2025-05-31,1,2,3,0.0412
PHC-DST-A2-05,2025-06-01,1,1,2,0.4701
PHC-DST-A2-05,2025-06-02,1,2,3,0.0599
PHC-DST-A2-05,2025-06-03,1,2,3,0.0715
PHC-DST-A2-05,2025-06-04,1,2,3,0.0595
PHC-DST-A2-05,2025-06-05,1,2,3,0.0694
PHC-DST-A2-05,2025-06-06,1,2,3,0.0492
PHC-DST-A2-05,2025-06-07,1,2,3,0.0755
PHC-DST-A2-05,2025-06-08,1,1,2,0.4638
PHC-DST-A2-05,2025-06-09,1,2,3,0.0781
PHC-DST-A2-05,2025-06-10,1,2,3,0.0532
PHC-DST-A2-05,2025-06-11,1,2,3,0.047
PHC-DST-A2-05,2025-06-12,1,2,3,0.0711
PHC-DST-A2-05,2025-06-13,1,2,3,0.0706
PHC-DST-A2-05,2025-06-14,1,2,3,0.0723
PHC-DST-A2-05,2025-06-15,1,1,2,0.4435
PHC-DST-A2-05,2025-06-16,1,2,3,0.0607
PHC-DST-A2-05,2025-06-17,1,2,3,0.0605
PHC-DST-A2-05,2025-06-18,1,2,3,0.0715
PHC-DST-A2-05,2025-06-19,1,2,3,0.0452
PHC-DST-A2-05,2025-06-20,1,2,3,0.0752
PHC-DST-A2-05,2025-06-21,1,2,3,0.0461
PHC-DST-A2-05,2025-06-22,1,1,2,0.4647
PHC-DST-A2-05,2025-06-23,1,2,3,0.0531
PHC-DST-A2-05,2025-06-24,1,2,3,0.0653
PHC-DST-A2-05,2025-06-25,1,2,3,0.0553
PHC-DST-A2-05,2025-06-26,1,2,3,0.0469
PHC-DST-A2-05,2025-06-27,1,2,3,0.0716
PHC-DST-A2-05,2025-06-28,1,2,3,0.0789
PHC-DST-A2-05,2025-06-29,1,1,2,0.4437
PHC-DST-A2-05,2025-06-30,1,2,3,0.0429
PHC-DST-A2-06,2024-01-01,1,2,2,0.0652
PHC-DST-A2-06,2024-01-02,1,2,2,0.0413
PHC-DST-A2-06,2024-01-03,1,2,2,0.0666
PHC-DST-A2-06,2024-01-04,1,2,2,0.0456
PHC-DST-A2-06,2024-01-05,1,2,2,0.0448
PHC-DST-A2-06,2024-01-06,1,2,2,0.0685
PHC-DST-A2-06,2024-01-07,1,1,1,0.4462
PHC-DST-A2-06,2024-01-08,1,2,2,0.0469
PHC-DST-A2-06,2024-01-09,1,2,2,0.0799
PHC-DST-A2-06,2024-01-10,1,2,2,0.0495
PHC-DST-A2-06,2024-01-11,1,2,2,0.0692
PHC-DST-A2-06,2024-01-12,1,2,2,0.0715
PHC-DST-A2-06,2024-01-13,1,2,2,
PHC-DST-A2-06,2024-01-14,1,1,1,0.4703
PHC-DST-A2-06,2024-01-15,1,2,2,0.0401
PHC-DST-A2-06,2024-01-16,1,2,2,0.0775
PHC-DST-A2-06,2024-01-17,1,2,2,0.0487
PHC-DST-A2-06,2024-01-18,1,2,2,0.075
PHC-DST-A2-06,2024-01-19,1,2,2,0.0529
PHC-DST-A2-06,2024-01-20,1,2,2,0.043
PHC-DST-A2-06,2024-01-21,1,1,1,0.4741
PHC-DST-A2-06,2024-01-22,1,2,2,0.0761
PHC-DST-A2-06,2024-01-23,1,2,2,0.0453
PHC-DST-A2-06,2024-01-24,1,2,2,0.0723
PHC-DST-A2-06,2024-01-25,1,2,2,
PHC-DST-A2-06,2024-01-26,1,2,2,0.0659
PHC-DST-A2-06,2024-01-27,1,2,2,0.062
PHC-DST-A2-06,2024-01-28,1,1,1,0.4737
PHC-DST-A2-06,2024-01-29,1,2,2,0.0734
PHC-DST-A2-06,2024-01-30,1,2,2,0.0475
PHC-DST-A2-06,2024-01-31,1,2,2,0.0648
PHC-DST-A2-06,2024-02-01,1,2,2,0.0556
PHC-DST-A2-06,2024-02-02,1,2,2,0.0728
PHC-DST-A2-06,2024-02-03,1,2,2,0.0597
PHC-DST-A2-06,2024-02-04,1,1,1,0.4673
PHC-DST-A2-06,2024-02-05,1,2,2,0.048
PHC-DST-A2-06,2024-02-06,1,2,2,0.0622
PHC-DST-A2-06,2024-02-07,1,2,2,0.0531
PHC-DST-A2-06,2024-02-08,1,2,2,0.0729
PHC-DST-A2-06,2024-02-09,1,2,2,0.0424
PHC-DST-A2-06,2024-02-10,1,2,2,0.0769
PHC-DST-A2-06,2024-02-11,1,1,1,0.4631
PHC-DST-A2-06,2024-02-12,1,2,2,0.041
PHC-DST-A2-06,2024-02-13,1,2,2,0.075
PHC-DST-A2-06,2024-02-14,1,2,2,0.0589
PHC-DST-A2-06,2024-02-15,1,2,2,0.0725
PHC-DST-A2-06,2024-02-16,1,2,2,0.0624
PHC-DST-A2-06,2024-02-17,1,2,2,0.0424
PHC-DST-A2-06,2024-02-18,1,1,1,0.4594
PHC-DST-A2-06,2024-02-19,1,2,2,0.0786
PHC-DST-A2-06,2024-02-20,1,2,2,0.0611
PHC-DST-A2-06,2024-02-21,1,2,2,0.0774
PHC-DST-A2-06,2024-02-22,1,2,2,0.0409
PHC-DST-A2-06,2024-02-23,1,2,2,0.076
PHC-DST-A2-06,2024-02-24,1,2,2,0.0721
PHC-DST-A2-06,2024-02-25,1,1,1,0.4571
PHC-DST-A2-06,2024-02-26,1,2,2,0.0489
PHC-DST-A2-06,2024-02-27,1,2,2,0.0431
PHC-DST-A2-06,2024-02-28,1,2,2,0.0524
PHC-DST-A2-06,2024-02-29,1,2,2,0.0677
PHC-DST-A2-06,2024-03-01,1,2,2,0.0743
PHC-DST-A2-06,2024-03-02,1,2,2,0.0553
PHC-DST-A2-06,2024-03-03,1,1,1,0.4647
PHC-DST-A2-06,2024-03-04,1,2,2,0.0501
PHC-DST-A2-06,2024-03-05,1,2,2,0.0519
PHC-DST-A2-06,2024-03-06,1,2,2,0.0637
PHC-DST-A2-06,2024-03-07,1,2,2,0.0591
PHC-DST-A2-06,2024-03-08,1,2,2,0.048
PHC-DST-A2-06,2024-03-09,1,2,2,0.0743
PHC-DST-A2-06,2024-03-10,1,1,1,0.4739
PHC-DST-A2-06,2024-03-11,1,2,2,0.0424
PHC-DST-A2-06,2024-03-12,1,2,2,0.042
PHC-DST-A2-06,2024-03-13,1,2,2,0.0489
PHC-DST-A2-06,2024-03-14,1,2,2,0.0507
PHC-DST-A2-06,2024-03-15,1,2,2,0.0583
PHC-DST-A2-06,2024-03-16,1,2,2,0.0597
PHC-DST-A2-06,2024-03-17,1,1,1,0.4486
PHC-DST-A2-06,2024-03-18,1,2,2,0.0669
PHC-DST-A2-06,2024-03-19,1,2,2,0.0617
PHC-DST-A2-06,2024-03-20,1,2,2,0.049
PHC-DST-A2-06,2024-03-21,1,2,2,0.0557
PHC-DST-A2-06,2024-03-22,1,2,2,0.0417
PHC-DST-A2-06,2024-03-23,1,2,2,0.0692
PHC-DST-A2-06,2024-03-24,1,1,1,0.4463
PHC-DST-A2-06,2024-03-25,1,2,2,0.0775
PHC-DST-A2-06,2024-03-26,1,2,2,0.0572
PHC-DST-A2-06,2024-03-27,1,2,2,0.0706
PHC-DST-A2-06,2024-03-28,1,2,2,0.0687
PHC-DST-A2-06,2024-03-29,1,2,2,0.0544
PHC-DST-A2-06,2024-03-30,1,2,2,0.0431
PHC-DST-A2-06,2024-03-31,1,1,1,0.4605
PHC-DST-A2-06,2024-04-01,1,2,2,0.0579
PHC-DST-A2-06,2024-04-02,1,2,2,0.0437
PHC-DST-A2-06,2024-04-03,1,2,2,0.061
PHC-DST-A2-06,2024-04-04,1,2,2,0.0553
PHC-DST-A2-06,2024-04-05,1,2,2,0.0623
PHC-DST-A2-06,2024-04-06,1,2,2,0.0572
PHC-DST-A2-06,2024-04-07,1,1,1,0.4776
PHC-DST-A2-06,2024-04-08,1,2,2,0.0423
PHC-DST-A2-06,2024-04-09,1,2,2,0.0438
PHC-DST-A2-06,2024-04-10,1,2,2,0.0596
PHC-DST-A2-06,2024-04-11,1,2,2,0.0741
PHC-DST-A2-06,2024-04-12,1,2,2,
PHC-DST-A2-06,2024-04-13,1,2,2,0.0733
PHC-DST-A2-06,2024-04-14,1,1,1,0.4471
PHC-DST-A2-06,2024-04-15,1,2,2,0.069
PHC-DST-A2-06,2024-04-16,1,2,2,0.0483
PHC-DST-A2-06,2024-04-17,1,2,2,0.0642
PHC-DST-A2-06,2024-04-18,1,2,2,0.0765
PHC-DST-A2-06,2024-04-19,1,2,2,0.0442
PHC-DST-A2-06,2024-04-20,1,2,2,0.0731
PHC-DST-A2-06,2024-04-21,1,1,1,0.4662
PHC-DST-A2-06,2024-04-22,1,2,2,0.0461
PHC-DST-A2-06,2024-04-23,1,2,2,0.078
PHC-DST-A2-06,2024-04-24,1,2,2,0.0637
PHC-DST-A2-06,2024-04-25,1,2,2,0.0676
PHC-DST-A2-06,2024-04-26,1,2,2,0.0479
PHC-DST-A2-06,2024-04-27,1,2,2,0.06
PHC-DST-A2-06,2024-04-28,1,1,1,0.4593
PHC-DST-A2-06,2024-04-29,1,2,2,0.0472
PHC-DST-A2-06,2024-04-30,1,2,2,0.0488
PHC-DST-A2-06,2024-05-01,1,2,2,0.0485
PHC-DST-A2-06,2024-05-02,1,2,2,0.0686
PHC-DST-A2-06,2024-05-03,1,2,2,0.0544
PHC-DST-A2-06,2024-05-04,1,2,2,0.0408
PHC-DST-A2-06,2024-05-05,1,1,1,0.4795
PHC-DST-A2-06,2024-05-06,1,2,2,0.0671
PHC-DST-A2-06,2024-05-07,1,2,2,0.062
PHC-DST-A2-06,2024-05-08,1,2,2,0.0538
PHC-DST-A2-06,2024-05-09,1,2,2,0.0491
PHC-DST-A2-06,2024-05-10,1,2,2,0.0484
PHC-DST-A2-06,2024-05-11,1,2,2,0.0596
PHC-DST-A2-06,2024-05-12,1,1,1,0.4637
PHC-DST-A2-06,2024-05-13,1,2,2,0.0437
PHC-DST-A2-06,2024-05-14,1,2,2,0.0518
PHC-DST-A2-06,2024-05-15,1,2,2,0.0531
PHC-DST-A2-06,2024-05-16,1,2,2,0.0722
PHC-DST-A2-06,2024-05-17,1,2,2,0.0599
PHC-DST-A2-06,2024-05-18,1,2,2,0.0728
PHC-DST-A2-06,2024-05-19,1,1,1,0.456
PHC-DST-A2-06,2024-05-20,1,2,2,0.0605
PHC-DST-A2-06,2024-05-21,1,2,2,0.0706
PHC-DST-A2-06,2024-05-22,1,2,2,0.0456
PHC-DST-A2-06,2024-05-23,1,2,2,0.053
PHC-DST-A2-06,2024-05-24,1,2,2,0.0647
PHC-DST-A2-06,2024-05-25,1,2,2,
PHC-DST-A2-06,2024-05-26,1,1,1,0.4676
PHC-DST-A2-06,2024-05-27,1,2,2,0.0402
PHC-DST-A2-06,2024-05-28,1,2,2,0.0604
PHC-DST-A2-06,2024-05-29,1,2,2,0.0523
PHC-DST-A2-06,2024-05-30,1,2,2,0.062
PHC-DST-A2-06,2024-05-31,1,2,2,0.0731
PHC-DST-A2-06,2024-06-01,1,2,2,0.0587
PHC-DST-A2-06,2024-06-02,1,1,1,0.46
PHC-DST-A2-06,2024-06-03,1,2,2,0.0454
PHC-DST-A2-06,2024-06-04,1,2,2,0.0556
PHC-DST-A2-06,2024-06-05,1,2,2,0.0656
PHC-DST-A2-06,2024-06-06,1,2,2,0.0493
PHC-DST-A2-06,2024-06-07,1,2,2,0.048
PHC-DST-A2-06,2024-06-08,1,2,2,0.0661
PHC-DST-A2-06,2024-06-09,1,1,1,0.4454
PHC-DST-A2-06,2024-06-10,1,2,2,0.0415
PHC-DST-A2-06,2024-06-11,1,2,2,0.0418
PHC-DST-A2-06,2024-06-12,1,2,2,0.0588
PHC-DST-A2-06,2024-06-13,1,2,2,0.0485
PHC-DST-A2-06,2024-06-14,1,2,2,0.0582
PHC-DST-A2-06,2024-06-15,1,2,2,0.0735
PHC-DST-A2-06,2024-06-16,1,1,1,0.4432
PHC-DST-A2-06,2024-06-17,1,2,2,0.0708
PHC-DST-A2-06,2024-06-18,1,2,2,0.07
PHC-DST-A2-06,2024-06-19,1,2,2,0.0655
PHC-DST-A2-06,2024-06-20,1,2,2,0.0631
PHC-DST-A2-06,2024-06-21,1,2,2,0.0626
PHC-DST-A2-06,2024-06-22,1,2,2,0.0669
PHC-DST-A2-06,2024-06-23,1,1,1,0.4727
PHC-DST-A2-06,2024-06-24,1,2,2,0.052
PHC-DST-A2-06,2024-06-25,1,2,2,0.0727
PHC-DST-A2-06,2024-06-26,1,2,2,0.0469
PHC-DST-A2-06,2024-06-27,1,2,2,0.0537
PHC-DST-A2-06,2024-06-28,1,2,2,0.067
PHC-DST-A2-06,2024-06-29,1,2,2,0.0631
PHC-DST-A2-06,2024-06-30,1,1,1,0.4508
PHC-DST-A2-06,2024-07-01,1,2,2,0.0643
PHC-DST-A2-06,2024-07-02,1,2,2,0.059
PHC-DST-A2-06,2024-07-03,1,2,2,0.0544
PHC-DST-A2-06,2024-07-04,1,2,2,0.0683
PHC-DST-A2-06,2024-07-05,1,2,2,0.064
PHC-DST-A2-06,2024-07-06,1,2,2,0.044
PHC-DST-A2-06,2024-07-07,1,1,1,0.4408
PHC-DST-A2-06,2024-07-08,1,2,2,0.0787
PHC-DST-A2-06,2024-07-09,1,2,2,0.0534
PHC-DST-A2-06,2024-07-10,1,2,2,0.077
PHC-DST-A2-06,2024-07-11,1,2,2,0.0723
PHC-DST-A2-06,2024-07-12,1,2,2,0.0479
PHC-DST-A2-06,2024-07-13,1,2,2,0.041
PHC-DST-A2-06,2024-07-14,1,1,1,0.45
PHC-DST-A2-06,2024-07-15,1,2,2,0.0775
PHC-DST-A2-06,2024-07-16,1,2,2,0.0692
PHC-DST-A2-06,2024-07-17,1,2,2,0.0683
PHC-DST-A2-06,2024-07-18,1,2,2,0.054
PHC-DST-A2-06,2024-07-19,1,2,2,0.0724
PHC-DST-A2-06,2024-07-20,1,2,2,0.0752
PHC-DST-A2-06,2024-07-21,1,1,1,0.4636
PHC-DST-A2-06,2024-07-22,1,2,2,0.0473
PHC-DST-A2-06,2024-07-23,1,2,2,0.0475
PHC-DST-A2-06,2024-07-24,1,2,2,0.0464
PHC-DST-A2-06,2024-07-25,1,2,2,
PHC-DST-A2-06,2024-07-26,1,2,2,0.0754
PHC-DST-A2-06,2024-07-27,1,2,2,0.0611
PHC-DST-A2-06,2024-07-28,1,1,1,0.4771
PHC-DST-A2-06,2024-07-29,1,2,2,0.0785
PHC-DST-A2-06,2024-07-30,1,2,2,0.0764
PHC-DST-A2-06,2024-07-31,1,2,2,0.0773
PHC-DST-A2-06,2024-08-01,1,2,2,0.0666
PHC-DST-A2-06,2024-08-02,1,2,2,0.0607
PHC-DST-A2-06,2024-08-03,1,2,2,0.0731
PHC-DST-A2-06,2024-08-04,1,1,1,0.4585
PHC-DST-A2-06,2024-08-05,1,2,2,0.0475
PHC-DST-A2-06,2024-08-06,1,2,2,0.0504
PHC-DST-A2-06,2024-08-07,1,2,2,0.0763
PHC-DST-A2-06,2024-08-08,1,2,2,0.0489
PHC-DST-A2-06,2024-08-09,1,2,2,0.0543
PHC-DST-A2-06,2024-08-10,1,2,2,0.0732
PHC-DST-A2-06,2024-08-11,1,1,1,0.4414
PHC-DST-A2-06,2024-08-12,1,2,2,0.0769
PHC-DST-A2-06,2024-08-13,1,2,2,0.0759
PHC-DST-A2-06,2024-08-14,1,2,2,0.0571
PHC-DST-A2-06,2024-08-15,1,2,2,0.0781
PHC-DST-A2-06,2024-08-16,1,2,2,0.0664
PHC-DST-A2-06,2024-08-17,1,1,1,0.5166
PHC-DST-A2-06,2024-08-18,1,1,1,0.4592
PHC-DST-A2-06,2024-08-19,1,2,2,0.0728
PHC-DST-A2-06,2024-08-20,1,2,2,0.0787
PHC-DST-A2-06,2024-08-21,1,2,2,0.0562
PHC-DST-A2-06,2024-08-22,1,1,1,0.4093
PHC-DST-A2-06,2024-08-23,1,2,2,
PHC-DST-A2-06,2024-08-24,1,2,2,0.0751
PHC-DST-A2-06,2024-08-25,1,1,1,0.4759
PHC-DST-A2-06,2024-08-26,1,2,2,0.0528
PHC-DST-A2-06,2024-08-27,1,2,2,0.0443
PHC-DST-A2-06,2024-08-28,1,1,1,0.4621
PHC-DST-A2-06,2024-08-29,1,2,2,0.0404
PHC-DST-A2-06,2024-08-30,1,2,2,0.045
PHC-DST-A2-06,2024-08-31,1,2,2,0.0778
PHC-DST-A2-06,2024-09-01,1,1,1,
PHC-DST-A2-06,2024-09-02,1,2,2,0.0465
PHC-DST-A2-06,2024-09-03,1,2,2,0.0414
PHC-DST-A2-06,2024-09-04,1,2,2,0.0542
PHC-DST-A2-06,2024-09-05,1,2,2,0.0522
PHC-DST-A2-06,2024-09-06,1,2,2,0.0735
PHC-DST-A2-06,2024-09-07,1,1,1,0.4092
PHC-DST-A2-06,2024-09-08,1,1,1,0.473
PHC-DST-A2-06,2024-09-09,1,2,2,0.0725
PHC-DST-A2-06,2024-09-10,1,2,2,0.0475
PHC-DST-A2-06,2024-09-11,1,2,2,0.0596
PHC-DST-A2-06,2024-09-12,1,1,1,0.5845
PHC-DST-A2-06,2024-09-13,1,2,2,0.0624
PHC-DST-A2-06,2024-09-14,1,2,2,0.0644
PHC-DST-A2-06,2024-09-15,1,1,1,0.4599
PHC-DST-A2-06,2024-09-16,1,2,2,0.0635
PHC-DST-A2-06,2024-09-17,1,2,2,0.0734
PHC-DST-A2-06,2024-09-18,1,2,2,0.0675
PHC-DST-A2-06,2024-09-19,1,2,2,0.0687
PHC-DST-A2-06,2024-09-20,1,2,2,0.0748
PHC-DST-A2-06,2024-09-21,1,2,2,0.041
PHC-DST-A2-06,2024-09-22,1,1,1,0.4784
PHC-DST-A2-06,2024-09-23,1,2,2,0.0588
PHC-DST-A2-06,2024-09-24,1,2,2,0.0645
PHC-DST-A2-06,2024-09-25,1,2,2,0.0583
PHC-DST-A2-06,2024-09-26,1,2,2,0.0554
PHC-DST-A2-06,2024-09-27,1,2,2,0.0682
PHC-DST-A2-06,2024-09-28,1,2,2,0.0612
PHC-DST-A2-06,2024-09-29,1,1,1,0.4422
PHC-DST-A2-06,2024-09-30,1,2,2,0.0532
PHC-DST-A2-06,2024-10-01,1,2,2,0.0721
PHC-DST-A2-06,2024-10-02,1,2,2,0.0497
PHC-DST-A2-06,2024-10-03,1,2,2,0.0538
PHC-DST-A2-06,2024-10-04,1,2,2,0.0546
PHC-DST-A2-06,2024-10-05,1,2,2,0.077
PHC-DST-A2-06,2024-10-06,1,1,1,0.4615
PHC-DST-A2-06,2024-10-07,1,2,2,0.0513
PHC-DST-A2-06,2024-10-08,1,2,2,0.0564
PHC-DST-A2-06,2024-10-09,1,2,2,0.0474
PHC-DST-A2-06,2024-10-10,1,2,2,0.0544
PHC-DST-A2-06,2024-10-11,1,2,2,0.0479
PHC-DST-A2-06,2024-10-12,1,2,2,0.0722
PHC-DST-A2-06,2024-10-13,1,1,1,0.4631
PHC-DST-A2-06,2024-10-14,1,2,2,
PHC-DST-A2-06,2024-10-15,1,2,2,0.074
PHC-DST-A2-06,2024-10-16,1,2,2,0.0767
PHC-DST-A2-06,2024-10-17,1,2,2,0.0639
PHC-DST-A2-06,2024-10-18,1,2,2,0.0569
PHC-DST-A2-06,2024-10-19,1,2,2,0.0799
PHC-DST-A2-06,2024-10-20,1,1,1,0.4561
PHC-DST-A2-06,2024-10-21,1,2,2,0.0524
PHC-DST-A2-06,2024-10-22,1,2,2,0.0525
PHC-DST-A2-06,2024-10-23,1,2,2,0.0442
PHC-DST-A2-06,2024-10-24,1,2,2,0.054
PHC-DST-A2-06,2024-10-25,1,2,2,0.0471
PHC-DST-A2-06,2024-10-26,1,2,2,0.0638
PHC-DST-A2-06,2024-10-27,1,1,1,0.4417
PHC-DST-A2-06,2024-10-28,1,2,2,0.0495
PHC-DST-A2-06,2024-10-29,1,2,2,0.0445
PHC-DST-A2-06,2024-10-30,1,2,2,0.0602
PHC-DST-A2-06,2024-10-31,1,2,2,0.068
PHC-DST-A2-06,2024-11-01,1,2,2,0.0707
PHC-DST-A2-06,2024-11-02,1,2,2,0.0444
PHC-DST-A2-06,2024-11-03,1,1,1,0.4646
PHC-DST-A2-06,2024-11-04,1,2,2,0.0506
PHC-DST-A2-06,2024-11-05,1,2,2,0.0667
PHC-DST-A2-06,2024-11-06,1,2,2,0.0747
PHC-DST-A2-06,2024-11-07,1,2,2,0.0593
PHC-DST-A2-06,2024-11-08,1,2,2,0.0706
PHC-DST-A2-06,2024-11-09,1,2,2,0.0786
PHC-DST-A2-06,2024-11-10,1,1,1,0.4465
PHC-DST-A2-06,2024-11-11,1,2,2,0.056
PHC-DST-A2-06,2024-11-12,1,2,2,0.0756
PHC-DST-A2-06,2024-11-13,1,2,2,0.044
PHC-DST-A2-06,2024-11-14,1,2,2,0.0574
PHC-DST-A2-06,2024-11-15,1,2,2,0.0578
PHC-DST-A2-06,2024-11-16,1,2,2,0.0773
PHC-DST-A2-06,2024-11-17,1,1,1,0.4574
PHC-DST-A2-06,2024-11-18,1,2,2,0.0418
PHC-DST-A2-06,2024-11-19,1,2,2,0.0761
PHC-DST-A2-06,2024-11-20,1,2,2,0.043
PHC-DST-A2-06,2024-11-21,1,2,2,0.0645
PHC-DST-A2-06,2024-11-22,1,2,2,0.0544
PHC-DST-A2-06,2024-11-23,1,2,2,0.0667
PHC-DST-A2-06,2024-11-24,1,1,1,0.4699
PHC-DST-A2-06,2024-11-25,1,2,2,0.058
PHC-DST-A2-06,2024-11-26,1,2,2,0.0723
PHC-DST-A2-06,2024-11-27,1,2,2,0.0526
PHC-DST-A2-06,2024-11-28,1,2,2,0.0412
PHC-DST-A2-06,2024-11-29,1,2,2,0.0787
PHC-DST-A2-06,2024-11-30,1,2,2,0.0598
PHC-DST-A2-06,2024-12-01,1,1,1,0.4783
PHC-DST-A2-06,2024-12-02,1,2,2,0.057
PHC-DST-A2-06,2024-12-03,1,2,2,0.0645
PHC-DST-A2-06,2024-12-04,1,2,2,0.0473
PHC-DST-A2-06,2024-12-05,1,2,2,0.0671
PHC-DST-A2-06,2024-12-06,1,2,2,0.066
PHC-DST-A2-06,2024-12-07,1,2,2,0.0789
PHC-DST-A2-06,2024-12-08,1,1,1,0.4588
PHC-DST-A2-06,2024-12-09,1,2,2,0.0732
PHC-DST-A2-06,2024-12-10,1,2,2,0.0479
PHC-DST-A2-06,2024-12-11,1,2,2,0.0507
PHC-DST-A2-06,2024-12-12,1,2,2,0.0618
PHC-DST-A2-06,2024-12-13,1,2,2,0.0704
PHC-DST-A2-06,2024-12-14,1,2,2,0.0436
PHC-DST-A2-06,2024-12-15,1,1,1,0.4675
PHC-DST-A2-06,2024-12-16,1,2,2,0.0664
PHC-DST-A2-06,2024-12-17,1,2,2,0.0404
PHC-DST-A2-06,2024-12-18,1,2,2,0.049
PHC-DST-A2-06,2024-12-19,1,2,2,0.0531
PHC-DST-A2-06,2024-12-20,1,2,2,0.0662
PHC-DST-A2-06,2024-12-21,1,2,2,0.07
PHC-DST-A2-06,2024-12-22,1,1,1,0.4565
PHC-DST-A2-06,2024-12-23,1,2,2,0.058
PHC-DST-A2-06,2024-12-24,1,2,2,0.0507
PHC-DST-A2-06,2024-12-25,1,2,2,0.0735
PHC-DST-A2-06,2024-12-26,1,2,2,0.0671
PHC-DST-A2-06,2024-12-27,1,2,2,0.0413
PHC-DST-A2-06,2024-12-28,1,2,2,0.0685
PHC-DST-A2-06,2024-12-29,1,1,1,0.4453
PHC-DST-A2-06,2024-12-30,1,2,2,0.0551
PHC-DST-A2-06,2024-12-31,1,2,2,0.0797
PHC-DST-A2-06,2025-01-01,1,2,2,0.0727
PHC-DST-A2-06,2025-01-02,1,2,2,0.0447
PHC-DST-A2-06,2025-01-03,1,2,2,0.0671
PHC-DST-A2-06,2025-01-04,1,2,2,0.0447
PHC-DST-A2-06,2025-01-05,1,1,1,0.48
PHC-DST-A2-06,2025-01-06,1,2,2,0.0487
PHC-DST-A2-06,2025-01-07,1,2,2,0.0797
PHC-DST-A2-06,2025-01-08,1,2,2,0.0611
PHC-DST-A2-06,2025-01-09,1,2,2,0.0655
PHC-DST-A2-06,2025-01-10,1,2,2,0.045
PHC-DST-A2-06,2025-01-11,1,2,2,
PHC-DST-A2-06,2025-01-12,1,1,1,0.4686
PHC-DST-A2-06,2025-01-13,1,2,2,0.0426
PHC-DST-A2-06,2025-01-14,1,2,2,0.0785
PHC-DST-A2-06,2025-01-15,1,2,2,0.0456
PHC-DST-A2-06,2025-01-16,1,2,2,0.0769
PHC-DST-A2-06,2025-01-17,1,2,2,0.0774
PHC-DST-A2-06,2025-01-18,1,2,2,0.0724
PHC-DST-A2-06,2025-01-19,1,1,1,0.4734
PHC-DST-A2-06,2025-01-20,1,2,2,0.0412
PHC-DST-A2-06,2025-01-21,1,2,2,0.0727
PHC-DST-A2-06,2025-01-22,1,2,2,0.0574
PHC-DST-A2-06,2025-01-23,1,2,2,0.0487
PHC-DST-A2-06,2025-01-24,1,2,2,0.0748
PHC-DST-A2-06,2025-01-25,1,2,2,0.0713
PHC-DST-A2-06,2025-01-26,1,1,1,0.4707
PHC-DST-A2-06,2025-01-27,1,2,2,0.0624
PHC-DST-A2-06,2025-01-28,1,2,2,0.0762
PHC-DST-A2-06,2025-01-29,1,2,2,0.0417
PHC-DST-A2-06,2025-01-30,1,2,2,0.0659
PHC-DST-A2-06,2025-01-31,1,2,2,0.0487
PHC-DST-A2-06,2025-02-01,1,2,2,0.0604
PHC-DST-A2-06,2025-02-02,1,1,1,0.473
PHC-DST-A2-06,2025-02-03,1,2,2,0.0683
PHC-DST-A2-06,2025-02-04,1,2,2,0.0404
PHC-DST-A2-06,2025-02-05,1,2,2,0.0649
PHC-DST-A2-06,2025-02-06,1,2,2,0.0717
PHC-DST-A2-06,2025-02-07,1,2,2,0.0441
PHC-DST-A2-06,2025-02-08,1,2,2,0.0593
PHC-DST-A2-06,2025-02-09,1,1,1,0.4654
PHC-DST-A2-06,2025-02-10,1,2,2,0.054
PHC-DST-A2-06,2025-02-11,1,2,2,0.0775
PHC-DST-A2-06,2025-02-12,1,2,2,0.0483
PHC-DST-A2-06,2025-02-13,1,2,2,0.0436
PHC-DST-A2-06,2025-02-14,1,2,2,0.0708
PHC-DST-A2-06,2025-02-15,1,2,2,0.0433
PHC-DST-A2-06,2025-02-16,1,1,1,0.4513
PHC-DST-A2-06,2025-02-17,1,2,2,0.0536
PHC-DST-A2-06,2025-02-18,1,2,2,0.0505
PHC-DST-A2-06,2025-02-19,1,2,2,0.0412
PHC-DST-A2-06,2025-02-20,1,2,2,0.0617
PHC-DST-A2-06,2025-02-21,1,2,2,0.0734
PHC-DST-A2-06,2025-02-22,1,2,2,0.0595
PHC-DST-A2-06,2025-02-23,1,1,1,0.4556
PHC-DST-A2-06,2025-02-24,1,2,2,0.044
PHC-DST-A2-06,2025-02-25,1,2,2,0.044
PHC-DST-A2-06,2025-02-26,1,2,2,0.0537
PHC-DST-A2-06,2025-02-27,1,2,2,0.0492
PHC-DST-A2-06,2025-02-28,1,2,2,0.0405
PHC-DST-A2-06,2025-03-01,1,2,2,0.0623
PHC-DST-A2-06,2025-03-02,1,1,1,0.4472
PHC-DST-A2-06,2025-03-03,1,2,2,0.0522
PHC-DST-A2-06,2025-03-04,1,2,2,0.0742
PHC-DST-A2-06,2025-03-05,1,2,2,0.0425
PHC-DST-A2-06,2025-03-06,1,2,2,0.0503
PHC-DST-A2-06,2025-03-07,1,2,2,0.0621
PHC-DST-A2-06,2025-03-08,1,2,2,0.0438
PHC-DST-A2-06,2025-03-09,1,1,1,0.4746
PHC-DST-A2-06,2025-03-10,1,2,2,0.0567
PHC-DST-A2-06,2025-03-11,1,2,2,0.0474
PHC-DST-A2-06,2025-03-12,1,2,2,0.055
PHC-DST-A2-06,2025-03-13,1,2,2,0.0661
PHC-DST-A2-06,2025-03-14,1,2,2,0.0693
PHC-DST-A2-06,2025-03-15,1,2,2,0.0765
PHC-DST-A2-06,2025-03-16,1,1,1,0.457
PHC-DST-A2-06,2025-03-17,1,2,2,0.0561
PHC-DST-A2-06,2025-03-18,1,2,2,0.0414
PHC-DST-A2-06,2025-03-19,1,2,2,0.0549
PHC-DST-A2-06,2025-03-20,1,2,2,0.0432
PHC-DST-A2-06,2025-03-21,1,2,2,0.045
PHC-DST-A2-06,2025-03-22,1,2,2,0.0689
PHC-DST-A2-06,2025-03-23,1,1,1,0.4713
PHC-DST-A2-06,2025-03-24,1,2,2,0.0739
PHC-DST-A2-06,2025-03-25,1,2,2,0.0749
PHC-DST-A2-06,2025-03-26,1,2,2,0.079
PHC-DST-A2-06,2025-03-27,1,2,2,0.0662
PHC-DST-A2-06,2025-03-28,1,2,2,0.0449
PHC-DST-A2-06,2025-03-29,1,2,2,0.065
PHC-DST-A2-06,2025-03-30,1,1,1,0.446
PHC-DST-A2-06,2025-03-31,1,2,2,0.0683
PHC-DST-A2-06,2025-04-01,1,2,2,0.0691
PHC-DST-A2-06,2025-04-02,1,2,2,0.0595
PHC-DST-A2-06,2025-04-03,1,2,2,
PHC-DST-A2-06,2025-04-04,1,2,2,0.063
PHC-DST-A2-06,2025-04-05,1,2,2,0.0716
PHC-DST-A2-06,2025-04-06,1,1,1,0.4752
PHC-DST-A2-06,2025-04-07,1,2,2,0.056
PHC-DST-A2-06,2025-04-08,1,2,2,0.0437
PHC-DST-A2-06,2025-04-09,1,2,2,
PHC-DST-A2-06,2025-04-10,1,2,2,0.0404
PHC-DST-A2-06,2025-04-11,1,2,2,0.0779
PHC-DST-A2-06,2025-04-12,1,2,2,0.0561
PHC-DST-A2-06,2025-04-13,1,1,1,0.4549
PHC-DST-A2-06,2025-04-14,1,2,2,0.0415
PHC-DST-A2-06,2025-04-15,1,2,2,0.0661
PHC-DST-A2-06,2025-04-16,1,2,2,0.0472
PHC-DST-A2-06,2025-04-17,1,2,2,0.0506
PHC-DST-A2-06,2025-04-18,1,2,2,0.0789
PHC-DST-A2-06,2025-04-19,1,2,2,0.0484
PHC-DST-A2-06,2025-04-20,1,1,1,0.4421
PHC-DST-A2-06,2025-04-21,1,2,2,0.0703
PHC-DST-A2-06,2025-04-22,1,2,2,0.0794
PHC-DST-A2-06,2025-04-23,1,2,2,0.054
PHC-DST-A2-06,2025-04-24,1,2,2,0.0422
PHC-DST-A2-06,2025-04-25,1,2,2,0.0655
PHC-DST-A2-06,2025-04-26,1,2,2,0.05
PHC-DST-A2-06,2025-04-27,1,1,1,0.4454
PHC-DST-A2-06,2025-04-28,1,2,2,0.051
PHC-DST-A2-06,2025-04-29,1,2,2,0.0441
PHC-DST-A2-06,2025-04-30,1,2,2,0.0526
PHC-DST-A2-06,2025-05-01,1,2,2,0.0406
PHC-DST-A2-06,2025-05-02,1,2,2,0.0768
PHC-DST-A2-06,2025-05-03,1,2,2,0.0789
PHC-DST-A2-06,2025-05-04,1,1,1,0.4451
PHC-DST-A2-06,2025-05-05,1,2,2,0.0711
PHC-DST-A2-06,2025-05-06,1,2,2,0.0506
PHC-DST-A2-06,2025-05-07,1,2,2,0.0555
PHC-DST-A2-06,2025-05-08,1,2,2,0.0596
PHC-DST-A2-06,2025-05-09,1,2,2,0.0444
PHC-DST-A2-06,2025-05-10,1,2,2,0.0516
PHC-DST-A2-06,2025-05-11,1,1,1,0.4732
PHC-DST-A2-06,2025-05-12,1,2,2,0.0432
PHC-DST-A2-06,2025-05-13,1,2,2,0.0716
PHC-DST-A2-06,2025-05-14,1,2,2,0.0604
PHC-DST-A2-06,2025-05-15,1,2,2,0.0622
PHC-DST-A2-06,2025-05-16,1,2,2,0.0723
PHC-DST-A2-06,2025-05-17,1,2,2,0.0784
PHC-DST-A2-06,2025-05-18,1,1,1,0.4791
PHC-DST-A2-06,2025-05-19,1,2,2,0.041
PHC-DST-A2-06,2025-05-20,1,2,2,0.0772
PHC-DST-A2-06,2025-05-21,1,2,2,0.0636
PHC-DST-A2-06,2025-05-22,1,2,2,0.079
PHC-DST-A2-06,2025-05-23,1,2,2,0.054
PHC-DST-A2-06,2025-05-24,1,2,2,0.0684
PHC-DST-A2-06,2025-05-25,1,1,1,0.449
PHC-DST-A2-06,2025-05-26,1,2,2,0.0596
PHC-DST-A2-06,2025-05-27,1,2,2,0.0799
PHC-DST-A2-06,2025-05-28,1,2,2,0.0752
PHC-DST-A2-06,2025-05-29,1,2,2,0.0796
PHC-DST-A2-06,2025-05-30,1,2,2,0.0451
PHC-DST-A2-06,2025-05-31,1,2,2,0.0579
PHC-DST-A2-06,2025-06-01,1,1,1,0.4621
PHC-DST-A2-06,2025-06-02,1,2,2,0.0616
PHC-DST-A2-06,2025-06-03,1,2,2,0.0566
PHC-DST-A2-06,2025-06-04,1,2,2,0.0592
PHC-DST-A2-06,2025-06-05,1,2,2,0.0662
PHC-DST-A2-06,2025-06-06,1,2,2,0.0571
PHC-DST-A2-06,2025-06-07,1,2,2,0.0759
PHC-DST-A2-06,2025-06-08,1,1,1,0.4721
PHC-DST-A2-06,2025-06-09,1,2,2,0.0544
PHC-DST-A2-06,2025-06-10,1,2,2,0.0427
PHC-DST-A2-06,2025-06-11,1,2,2,0.0711
PHC-DST-A2-06,2025-06-12,1,2,2,0.0745
PHC-DST-A2-06,2025-06-13,1,2,2,0.0538
PHC-DST-A2-06,2025-06-14,1,2,2,0.0606
PHC-DST-A2-06,2025-06-15,1,1,1,0.471
PHC-DST-A2-06,2025-06-16,1,2,2,0.0482
PHC-DST-A2-06,2025-06-17,1,2,2,0.0675
PHC-DST-A2-06,2025-06-18,1,2,2,0.0406
PHC-DST-A2-06,2025-06-19,1,2,2,0.0722
PHC-DST-A2-06,2025-06-20,1,2,2,0.0468
PHC-DST-A2-06,2025-06-21,1,2,2,0.0567
PHC-DST-A2-06,2025-06-22,1,1,1,0.4494
PHC-DST-A2-06,2025-06-23,1,2,2,0.0698
PHC-DST-A2-06,2025-06-24,1,2,2,0.0558
PHC-DST-A2-06,2025-06-25,1,2,2,0.0745
PHC-DST-A2-06,2025-06-26,1,2,2,0.0569
PHC-DST-A2-06,2025-06-27,1,2,2,0.0632
PHC-DST-A2-06,2025-06-28,1,2,2,0.0601
PHC-DST-A2-06,2025-06-29,1,1,1,0.4523
PHC-DST-A2-06,2025-06-30,1,2,2,0.0448
PHC-DST-B1-01,2024-07-01,2,3,3,0.0562
PHC-DST-B1-01,2024-07-02,1,1,1,0.5349
PHC-DST-B1-01,2024-07-03,2,3,3,0.0692
PHC-DST-B1-01,2024-07-04,2,3,3,0.0615
PHC-DST-B1-01,2024-07-05,2,3,3,0.0513
PHC-DST-B1-01,2024-07-06,2,3,3,0.052
PHC-DST-B1-01,2024-07-07,1,2,2,0.4545
PHC-DST-B1-01,2024-07-08,2,3,3,0.0557
PHC-DST-B1-01,2024-07-09,2,3,3,0.0413
PHC-DST-B1-01,2024-07-10,2,3,3,0.0635
PHC-DST-B1-01,2024-07-11,2,3,3,0.05
PHC-DST-B1-01,2024-07-12,2,3,3,0.0421
PHC-DST-B1-01,2024-07-13,2,3,3,0.0757
PHC-DST-B1-01,2024-07-14,1,2,2,0.4777
PHC-DST-B1-01,2024-07-15,2,3,3,0.0644
PHC-DST-B1-01,2024-07-16,2,3,3,0.0736
PHC-DST-B1-01,2024-07-17,2,3,3,0.0542
PHC-DST-B1-01,2024-07-18,2,3,3,
PHC-DST-B1-01,2024-07-19,1,2,2,0.3963
PHC-DST-B1-01,2024-07-20,2,3,3,0.068
PHC-DST-B1-01,2024-07-21,0,1,0,0.85
PHC-DST-B1-01,2024-07-22,2,3,3,0.0596
PHC-DST-B1-01,2024-07-23,2,3,3,0.0518
PHC-DST-B1-01,2024-07-24,2,3,3,0.0505
PHC-DST-B1-01,2024-07-25,2,3,3,0.0498
PHC-DST-B1-01,2024-07-26,2,3,3,0.0445
PHC-DST-B1-01,2024-07-27,2,3,3,0.0481
PHC-DST-B1-01,2024-07-28,1,2,2,0.4521
PHC-DST-B1-01,2024-07-29,2,3,3,0.0514
PHC-DST-B1-01,2024-07-30,2,3,3,0.0606
PHC-DST-B1-01,2024-07-31,2,3,3,0.0403
PHC-DST-B1-01,2024-08-01,2,3,3,0.0667
PHC-DST-B1-01,2024-08-02,2,3,3,0.0527
PHC-DST-B1-01,2024-08-03,2,3,3,0.0726
PHC-DST-B1-01,2024-08-04,1,2,2,0.4574
PHC-DST-B1-01,2024-08-05,2,3,3,0.0421
PHC-DST-B1-01,2024-08-06,2,3,3,0.0541
PHC-DST-B1-01,2024-08-07,2,3,3,0.0598
PHC-DST-B1-01,2024-08-08,2,3,3,0.0633
PHC-DST-B1-01,2024-08-09,2,3,3,0.0403
PHC-DST-B1-01,2024-08-10,1,2,2,0.3735
PHC-DST-B1-01,2024-08-11,1,2,2,0.478
PHC-DST-B1-01,2024-08-12,2,3,3,0.0634
PHC-DST-B1-01,2024-08-13,2,3,3,0.0419
PHC-DST-B1-01,2024-08-14,2,3,3,0.0638
PHC-DST-B1-01,2024-08-15,2,3,3,0.0402
PHC-DST-B1-01,2024-08-16,2,3,3,0.0771
PHC-DST-B1-01,2024-08-17,2,3,3,0.0442
PHC-DST-B1-01,2024-08-18,1,2,2,0.4476
PHC-DST-B1-01,2024-08-19,2,3,3,0.0652
PHC-DST-B1-01,2024-08-20,2,3,3,0.048
PHC-DST-B1-01,2024-08-21,2,3,3,0.0402
PHC-DST-B1-01,2024-08-22,2,3,3,0.0567
PHC-DST-B1-01,2024-08-23,2,3,3,0.0764
PHC-DST-B1-01,2024-08-24,2,3,3,0.0767
PHC-DST-B1-01,2024-08-25,1,2,2,0.4684
PHC-DST-B1-01,2024-08-26,2,3,3,0.0494
PHC-DST-B1-01,2024-08-27,2,3,3,0.0444
PHC-DST-B1-01,2024-08-28,2,3,3,0.0735
PHC-DST-B1-01,2024-08-29,2,3,3,0.0786
PHC-DST-B1-01,2024-08-30,2,3,3,0.0532
PHC-DST-B1-01,2024-08-31,2,3,3,0.0543
PHC-DST-B1-01,2024-09-01,1,2,2,0.4638
PHC-DST-B1-01,2024-09-02,2,3,3,0.0706
PHC-DST-B1-01,2024-09-03,2,3,3,0.0679
PHC-DST-B1-01,2024-09-04,2,3,3,0.0627
PHC-DST-B1-01,2024-09-05,2,3,3,0.0602
PHC-DST-B1-01,2024-09-06,2,3,3,0.0712
PHC-DST-B1-01,2024-09-07,2,3,3,0.0584
PHC-DST-B1-01,2024-09-08,1,2,2,0.4412
PHC-DST-B1-01,2024-09-09,2,3,3,0.0785
PHC-DST-B1-01,2024-09-10,2,3,3,0.0604
PHC-DST-B1-01,2024-09-11,2,3,3,0.0432
PHC-DST-B1-01,2024-09-12,2,3,3,0.0657
PHC-DST-B1-01,2024-09-13,2,3,3,0.0785
PHC-DST-B1-01,2024-09-14,2,3,3,0.0787
PHC-DST-B1-01,2024-09-15,1,2,2,0.4611
PHC-DST-B1-01,2024-09-16,2,3,3,0.0457
PHC-DST-B1-01,2024-09-17,2,3,3,0.045
PHC-DST-B1-01,2024-09-18,1,2,2,0.3804
PHC-DST-B1-01,2024-09-19,2,3,3,0.0744
PHC-DST-B1-01,2024-09-20,2,3,3,0.0489
PHC-DST-B1-01,2024-09-21,2,3,3,0.0719
PHC-DST-B1-01,2024-09-22,1,2,2,0.4492
PHC-DST-B1-01,2024-09-23,2,3,3,0.0714
PHC-DST-B1-01,2024-09-24,2,3,3,0.0718
PHC-DST-B1-01,2024-09-25,2,3,3,0.0672
PHC-DST-B1-01,2024-09-26,2,3,3,0.042
PHC-DST-B1-01,2024-09-27,2,3,3,0.0693
PHC-DST-B1-01,2024-09-28,2,3,3,0.0784
PHC-DST-B1-01,2024-09-29,1,2,2,0.4684
PHC-DST-B1-01,2024-09-30,2,3,3,0.0587
PHC-DST-B1-01,2024-10-01,2,3,3,0.0416
PHC-DST-B1-01,2024-10-02,2,3,3,0.0578
PHC-DST-B1-01,2024-10-03,2,3,3,0.0634
PHC-DST-B1-01,2024-10-04,2,3,3,0.0685
PHC-DST-B1-01,2024-10-05,2,3,3,0.0654
PHC-DST-B1-01,2024-10-06,1,2,2,0.4594
PHC-DST-B1-01,2024-10-07,2,3,3,0.0557
PHC-DST-B1-01,2024-10-08,2,3,3,0.054
PHC-DST-B1-01,2024-10-09,2,3,3,
PHC-DST-B1-01,2024-10-10,2,3,3,0.0704
PHC-DST-B1-01,2024-10-11,2,3,3,0.0791
PHC-DST-B1-01,2024-10-12,2,3,3,0.055
PHC-DST-B1-01,2024-10-13,1,2,2,0.4773
PHC-DST-B1-01,2024-10-14,2,3,3,0.0582
PHC-DST-B1-01,2024-10-15,2,3,3,
PHC-DST-B1-01,2024-10-16,2,3,3,0.0793
PHC-DST-B1-01,2024-10-17,2,3,3,0.0465
PHC-DST-B1-01,2024-10-18,2,3,3,0.0675
PHC-DST-B1-01,2024-10-19,2,3,3,0.0517
PHC-DST-B1-01,2024-10-20,1,2,2,0.4761
PHC-DST-B1-01,2024-10-21,2,3,3,0.0658
PHC-DST-B1-01,2024-10-22,2,3,3,0.0432
PHC-DST-B1-01,2024-10-23,2,3,3,0.0502
PHC-DST-B1-01,2024-10-24,2,3,3,0.0591
PHC-DST-B1-01,2024-10-25,2,3,3,0.0665
PHC-DST-B1-01,2024-10-26,2,3,3,0.0546
PHC-DST-B1-01,2024-10-27,1,2,2,0.4762
PHC-DST-B1-01,2024-10-28,2,3,3,0.0597
PHC-DST-B1-01,2024-10-29,2,3,3,0.0731
PHC-DST-B1-01,2024-10-30,2,3,3,0.0706
PHC-DST-B1-01,2024-10-31,2,3,3,0.0443
PHC-DST-B1-01,2024-11-01,2,3,3,0.0645
PHC-DST-B1-01,2024-11-02,2,3,3,0.0753
PHC-DST-B1-01,2024-11-03,1,2,2,0.4543
PHC-DST-B1-01,2024-11-04,2,3,3,0.068
PHC-DST-B1-01,2024-11-05,2,3,3,0.075
PHC-DST-B1-01,2024-11-06,2,3,3,0.0442
PHC-DST-B1-01,2024-11-07,2,3,3,0.0731
PHC-DST-B1-01,2024-11-08,2,3,3,0.0515
PHC-DST-B1-01,2024-11-09,2,3,3,0.0534
PHC-DST-B1-01,2024-11-10,1,2,2,0.4664
PHC-DST-B1-01,2024-11-11,2,3,3,0.0401
PHC-DST-B1-01,2024-11-12,2,3,3,0.0735
PHC-DST-B1-01,2024-11-13,2,3,3,0.0709
PHC-DST-B1-01,2024-11-14,2,3,3,0.0557
PHC-DST-B1-01,2024-11-15,2,3,3,0.0734
PHC-DST-B1-01,2024-11-16,2,3,3,0.0692
PHC-DST-B1-01,2024-11-17,1,2,2,0.4685
PHC-DST-B1-01,2024-11-18,2,3,3,0.0565
PHC-DST-B1-01,2024-11-19,2,3,3,0.0459
PHC-DST-B1-01,2024-11-20,2,3,3,0.0775
PHC-DST-B1-01,2024-11-21,2,3,3,0.0595
PHC-DST-B1-01,2024-11-22,2,3,3,0.0478
PHC-DST-B1-01,2024-11-23,2,3,3,0.0693
PHC-DST-B1-01,2024-11-24,1,2,2,0.475
PHC-DST-B1-01,2024-11-25,2,3,3,0.0773
PHC-DST-B1-01,2024-11-26,2,3,3,0.0767
PHC-DST-B1-01,2024-11-27,2,3,3,0.0455
PHC-DST-B1-01,2024-11-28,2,3,3,0.04
PHC-DST-B1-01,2024-11-29,2,3,3,0.0463
PHC-DST-B1-01,2024-11-30,2,3,3,0.0768
PHC-DST-B1-01,2024-12-01,1,2,2,0.4774
PHC-DST-B1-01,2024-12-02,2,3,3,0.0659
PHC-DST-B1-01,2024-12-03,2,3,3,0.0727
PHC-DST-B1-01,2024-12-04,2,3,3,0.068
PHC-DST-B1-01,2024-12-05,2,3,3,0.0552
PHC-DST-B1-01,2024-12-06,2,3,3,0.0486
PHC-DST-B1-01,2024-12-07,2,3,3,0.0401
PHC-DST-B1-01,2024-12-08,1,2,2,0.4481
PHC-DST-B1-01,2024-12-09,2,3,3,0.0613
PHC-DST-B1-01,2024-12-10,2,3,3,0.0782
PHC-DST-B1-01,2024-12-11,2,3,3,0.0652
PHC-DST-B1-01,2024-12-12,2,3,3,0.0633
PHC-DST-B1-01,2024-12-13,2,3,3,0.0478
PHC-DST-B1-01,2024-12-14,2,3,3,0.0705
PHC-DST-B1-01,2024-12-15,1,2,2,0.4472
PHC-DST-B1-01,2024-12-16,2,3,3,
PHC-DST-B1-01,2024-12-17,2,3,3,0.0758
PHC-DST-B1-01,2024-12-18,2,3,3,0.0797
PHC-DST-B1-01,2024-12-19,2,3,3,0.068
PHC-DST-B1-01,2024-12-20,2,3,3,0.0434
PHC-DST-B1-01,2024-12-21,2,3,3,0.0559
PHC-DST-B1-01,2024-12-22,1,2,2,0.4576
PHC-DST-B1-01,2024-12-23,2,3,3,0.0767
PHC-DST-B1-01,2024-12-24,2,3,3,0.0488
PHC-DST-B1-01,2024-12-25,2,3,3,0.0561
PHC-DST-B1-01,2024-12-26,2,3,3,0.0684
PHC-DST-B1-01,2024-12-27,2,3,3,0.0443
PHC-DST-B1-01,2024-12-28,2,3,3,0.0508
PHC-DST-B1-01,2024-12-29,1,2,2,0.4464
PHC-DST-B1-01,2024-12-30,2,3,3,0.0745
PHC-DST-B1-01,2024-12-31,2,3,3,0.0418
PHC-DST-B1-01,2025-01-01,2,3,3,0.0767
PHC-DST-B1-01,2025-01-02,2,3,3,0.074
PHC-DST-B1-01,2025-01-03,2,3,3,0.0617
PHC-DST-B1-01,2025-01-04,2,3,3,0.0698
PHC-DST-B1-01,2025-01-05,1,2,2,0.4494
PHC-DST-B1-01,2025-01-06,2,3,3,0.0587
PHC-DST-B1-01,2025-01-07,2,3,3,0.0624
PHC-DST-B1-01,2025-01-08,2,3,3,0.0766
PHC-DST-B1-01,2025-01-09,2,3,3,0.0683
PHC-DST-B1-01,2025-01-10,2,3,3,0.0673
PHC-DST-B1-01,2025-01-11,2,3,3,0.0701
PHC-DST-B1-01,2025-01-12,1,2,2,0.4476
PHC-DST-B1-01,2025-01-13,2,3,3,0.0455
PHC-DST-B1-01,2025-01-14,2,3,3,0.0592
PHC-DST-B1-01,2025-01-15,2,3,3,0.0676
PHC-DST-B1-01,2025-01-16,2,3,3,0.062
PHC-DST-B1-01,2025-01-17,2,3,3,0.0797
PHC-DST-B1-01,2025-01-18,2,3,3,0.0445
PHC-DST-B1-01,2025-01-19,1,2,2,0.4562
PHC-DST-B1-01,2025-01-20,2,3,3,0.0547
PHC-DST-B1-01,2025-01-21,2,3,3,0.0595
PHC-DST-B1-01,2025-01-22,2,3,3,0.054
PHC-DST-B1-01,2025-01-23,2,3,3,0.0549
PHC-DST-B1-01,2025-01-24,2,3,3,0.0658
PHC-DST-B1-01,2025-01-25,2,3,3,0.0692
PHC-DST-B1-01,2025-01-26,1,2,2,0.4506
PHC-DST-B1-01,2025-01-27,2,3,3,0.0571
PHC-DST-B1-01,2025-01-28,2,3,3,0.0424
PHC-DST-B1-01,2025-01-29,2,3,3,0.069
PHC-DST-B1-01,2025-01-30,2,3,3,0.0519
PHC-DST-B1-01,2025-01-31,2,3,3,0.0726
PHC-DST-B1-01,2025-02-01,2,3,3,0.0633
PHC-DST-B1-01,2025-02-02,1,2,2,0.4438
PHC-DST-B1-01,2025-02-03,2,3,3,0.0433
PHC-DST-B1-01,2025-02-04,2,3,3,0.0693
PHC-DST-B1-01,2025-02-05,2,3,3,0.0611
PHC-DST-B1-01,2025-02-06,2,3,3,0.0419
PHC-DST-B1-01,2025-02-07,2,3,3,0.065
PHC-DST-B1-01,2025-02-08,2,3,3,0.0655
PHC-DST-B1-01,2025-02-09,1,2,2,0.4726
PHC-DST-B1-01,2025-02-10,2,3,3,0.0785
PHC-DST-B1-01,2025-02-11,2,3,3,0.0428
PHC-DST-B1-01,2025-02-12,2,3,3,0.0487
PHC-DST-B1-01,2025-02-13,2,3,3,0.0587
PHC-DST-B1-01,2025-02-14,2,3,3,0.0694
PHC-DST-B1-01,2025-02-15,2,3,3,0.075
PHC-DST-B1-01,2025-02-16,1,2,2,0.4421
PHC-DST-B1-01,2025-02-17,2,3,3,0.0534
PHC-DST-B1-01,2025-02-18,2,3,3,0.0607
PHC-DST-B1-01,2025-02-19,2,3,3,0.0411
PHC-DST-B1-01,2025-02-20,2,3,3,0.0494
PHC-DST-B1-01,2025-02-21,2,3,3,0.0778
PHC-DST-B1-01,2025-02-22,2,3,3,0.0416
PHC-DST-B1-01,2025-02-23,1,2,2,0.4569
PHC-DST-B1-01,2025-02-24,2,3,3,0.0579
PHC-DST-B1-01,2025-02-25,2,3,3,0.0527
PHC-DST-B1-01,2025-02-26,2,3,3,0.0413
PHC-DST-B1-01,2025-02-27,2,3,3,0.0566
PHC-DST-B1-01,2025-02-28,2,3,3,0.058
PHC-DST-B1-01,2025-03-01,2,3,3,0.0403
PHC-DST-B1-01,2025-03-02,1,2,2,0.4702
PHC-DST-B1-01,2025-03-03,2,3,3,0.0549
PHC-DST-B1-01,2025-03-04,2,3,3,0.0411
PHC-DST-B1-01,2025-03-05,2,3,3,0.0523
PHC-DST-B1-01,2025-03-06,2,3,3,0.059
PHC-DST-B1-01,2025-03-07,2,3,3,0.0527
PHC-DST-B1-01,2025-03-08,2,3,3,0.0628
PHC-DST-B1-01,2025-03-09,1,2,2,0.4555
PHC-DST-B1-01,2025-03-10,2,3,3,0.0663
PHC-DST-B1-01,2025-03-11,2,3,3,0.0528
PHC-DST-B1-01,2025-03-12,2,3,3,0.0779
PHC-DST-B1-01,2025-03-13,2,3,3,0.0528
PHC-DST-B1-01,2025-03-14,2,3,3,0.0615
PHC-DST-B1-01,2025-03-15,2,3,3,0.0411
PHC-DST-B1-01,2025-03-16,1,2,2,0.4689
PHC-DST-B1-01,2025-03-17,2,3,3,0.0662
PHC-DST-B1-01,2025-03-18,2,3,3,0.0572
PHC-DST-B1-01,2025-03-19,2,3,3,0.0632
PHC-DST-B1-01,2025-03-20,2,3,3,
PHC-DST-B1-01,2025-03-21,2,3,3,0.0428
PHC-DST-B1-01,2025-03-22,2,3,3,0.0537
PHC-DST-B1-01,2025-03-23,1,2,2,0.4683
PHC-DST-B1-01,2025-03-24,2,3,3,0.0643
PHC-DST-B1-01,2025-03-25,2,3,3,0.0794
PHC-DST-B1-01,2025-03-26,2,3,3,0.0713
PHC-DST-B1-01,2025-03-27,2,3,3,0.078
PHC-DST-B1-01,2025-03-28,2,3,3,0.0595
PHC-DST-B1-01,2025-03-29,2,3,3,0.0653
PHC-DST-B1-01,2025-03-30,1,2,2,0.4679
PHC-DST-B1-01,2025-03-31,2,3,3,0.0587
PHC-DST-B1-01,2025-04-01,2,3,3,0.0692
PHC-DST-B1-01,2025-04-02,2,3,3,0.0561
PHC-DST-B1-01,2025-04-03,2,3,3,0.0467
PHC-DST-B1-01,2025-04-04,2,3,3,0.078
PHC-DST-B1-01,2025-04-05,2,3,3,0.0562
PHC-DST-B1-01,2025-04-06,1,2,2,0.4469
PHC-DST-B1-01,2025-04-07,2,3,3,0.0462
PHC-DST-B1-01,2025-04-08,2,3,3,0.0498
PHC-DST-B1-01,2025-04-09,2,3,3,0.0775
PHC-DST-B1-01,2025-04-10,2,3,3,
PHC-DST-B1-01,2025-04-11,2,3,3,0.0476
PHC-DST-B1-01,2025-04-12,2,3,3,0.0498
PHC-DST-B1-01,2025-04-13,1,2,2,0.4561
PHC-DST-B1-01,2025-04-14,2,3,3,0.047
PHC-DST-B1-01,2025-04-15,2,3,3,0.0452
PHC-DST-B1-01,2025-04-16,2,3,3,
PHC-DST-B1-01,2025-04-17,2,3,3,0.0555
PHC-DST-B1-01,2025-04-18,2,3,3,0.0443
PHC-DST-B1-01,2025-04-19,2,3,3,0.0477
PHC-DST-B1-01,2025-04-20,1,2,2,0.4625
PHC-DST-B1-01,2025-04-21,2,3,3,0.0616
PHC-DST-B1-01,2025-04-22,2,3,3,0.0673
PHC-DST-B1-01,2025-04-23,2,3,3,0.0771
PHC-DST-B1-01,2025-04-24,2,3,3,0.0625
PHC-DST-B1-01,2025-04-25,2,3,3,0.0453
PHC-DST-B1-01,2025-04-26,2,3,3,0.0629
PHC-DST-B1-01,2025-04-27,1,2,2,0.4798
PHC-DST-B1-01,2025-04-28,2,3,3,0.071
PHC-DST-B1-01,2025-04-29,2,3,3,0.0769
PHC-DST-B1-01,2025-04-30,2,3,3,0.0486
PHC-DST-B1-01,2025-05-01,2,3,3,0.0546
PHC-DST-B1-01,2025-05-02,2,3,3,0.0433
PHC-DST-B1-01,2025-05-03,2,3,3,0.0753
PHC-DST-B1-01,2025-05-04,1,2,2,0.4776
PHC-DST-B1-01,2025-05-05,2,3,3,0.0635
PHC-DST-B1-01,2025-05-06,2,3,3,0.0438
PHC-DST-B1-01,2025-05-07,2,3,3,0.0691
PHC-DST-B1-01,2025-05-08,2,3,3,0.0725
PHC-DST-B1-01,2025-05-09,2,3,3,0.0447
PHC-DST-B1-01,2025-05-10,2,3,3,0.0747
PHC-DST-B1-01,2025-05-11,1,2,2,
PHC-DST-B1-01,2025-05-12,2,3,3,0.0468
PHC-DST-B1-01,2025-05-13,2,3,3,0.0575
PHC-DST-B1-01,2025-05-14,2,3,3,0.0734
PHC-DST-B1-01,2025-05-15,2,3,3,0.0451
PHC-DST-B1-01,2025-05-16,2,3,3,0.0755
PHC-DST-B1-01,2025-05-17,2,3,3,0.0739
PHC-DST-B1-01,2025-05-18,1,2,2,0.4625
PHC-DST-B1-01,2025-05-19,2,3,3,0.0574
PHC-DST-B1-01,2025-05-20,2,3,3,0.0774
PHC-DST-B1-01,2025-05-21,2,3,3,0.0675
PHC-DST-B1-01,2025-05-22,2,3,3,0.062
PHC-DST-B1-01,2025-05-23,2,3,3,0.0721
PHC-DST-B1-01,2025-05-24,2,3,3,0.0538
PHC-DST-B1-01,2025-05-25,1,2,2,0.4527
PHC-DST-B1-01,2025-05-26,2,3,3,0.0742
PHC-DST-B1-01,2025-05-27,2,3,3,0.0434
PHC-DST-B1-01,2025-05-28,2,3,3,0.0436
PHC-DST-B1-01,2025-05-29,2,3,3,0.045
PHC-DST-B1-01,2025-05-30,2,3,3,0.0491
PHC-DST-B1-01,2025-05-31,2,3,3,0.0472
PHC-DST-B1-01,2025-06-01,1,2,2,0.4595
PHC-DST-B1-01,2025-06-02,2,3,3,0.0444
PHC-DST-B1-01,2025-06-03,2,3,3,0.0457
PHC-DST-B1-01,2025-06-04,2,3,3,0.0501
PHC-DST-B1-01,2025-06-05,2,3,3,0.07
PHC-DST-B1-01,2025-06-06,2,3,3,0.0572
PHC-DST-B1-01,2025-06-07,2,3,3,0.0509
PHC-DST-B1-01,2025-06-08,1,2,2,0.4613
PHC-DST-B1-01,2025-06-09,2,3,3,0.0601
PHC-DST-B1-01,2025-06-10,2,3,3,0.0535
PHC-DST-B1-01,2025-06-11,2,3,3,0.0716
PHC-DST-B1-01,2025-06-12,2,3,3,0.0566
PHC-DST-B1-01,2025-06-13,2,3,3,0.0538
PHC-DST-B1-01,2025-06-14,2,3,3,0.0706
PHC-DST-B1-01,2025-06-15,1,2,2,0.4565
PHC-DST-B1-01,2025-06-16,2,3,3,0.0459
PHC-DST-B1-01,2025-06-17,2,3,3,0.0546
PHC-DST-B1-01,2025-06-18,2,3,3,0.0669
PHC-DST-B1-01,2025-06-19,2,3,3,0.0477
PHC-DST-B1-01,2025-06-20,2,3,3,0.0433
PHC-DST-B1-01,2025-06-21,2,3,3,0.0677
PHC-DST-B1-01,2025-06-22,1,2,2,0.4705
PHC-DST-B1-01,2025-06-23,2,3,3,0.0589
PHC-DST-B1-01,2025-06-24,2,3,3,0.0451
PHC-DST-B1-01,2025-06-25,2,3,3,0.0789
PHC-DST-B1-01,2025-06-26,2,3,3,0.0605
PHC-DST-B1-01,2025-06-27,2,3,3,0.0721
PHC-DST-B1-01,2025-06-28,2,3,3,0.0577
PHC-DST-B1-01,2025-06-29,1,2,2,0.4553
PHC-DST-B1-01,2025-06-30,2,3,3,0.0527
PHC-DST-B1-02,2024-07-01,1,2,4,0.0593
PHC-DST-B1-02,2024-07-02,1,1,2,
PHC-DST-B1-02,2024-07-03,1,2,4,0.0465
PHC-DST-B1-02,2024-07-04,1,2,4,0.0449
PHC-DST-B1-02,2024-07-05,1,2,4,0.0561
PHC-DST-B1-02,2024-07-06,1,2,4,0.0741
PHC-DST-B1-02,2024-07-07,1,1,2,0.4643
PHC-DST-B1-02,2024-07-08,1,2,4,0.0581
PHC-DST-B1-02,2024-07-09,1,2,4,0.0529
PHC-DST-B1-02,2024-07-10,1,2,4,0.0541
PHC-DST-B1-02,2024-07-11,1,2,4,0.0654
PHC-DST-B1-02,2024-07-12,1,2,4,0.054
PHC-DST-B1-02,2024-07-13,1,2,4,0.0607
PHC-DST-B1-02,2024-07-14,1,1,2,0.4608
PHC-DST-B1-02,2024-07-15,1,2,4,0.0551
PHC-DST-B1-02,2024-07-16,1,2,4,0.0413
PHC-DST-B1-02,2024-07-17,1,2,4,0.0466
PHC-DST-B1-02,2024-07-18,1,2,4,0.0736
PHC-DST-B1-02,2024-07-19,1,1,2,0.425
PHC-DST-B1-02,2024-07-20,1,2,4,0.0506
PHC-DST-B1-02,2024-07-21,0,1,1,0.85
PHC-DST-B1-02,2024-07-22,1,2,4,0.0747
PHC-DST-B1-02,2024-07-23,1,2,4,0.067
PHC-DST-B1-02,2024-07-24,1,2,4,
PHC-DST-B1-02,2024-07-25,1,2,4,0.0698
PHC-DST-B1-02,2024-07-26,1,2,4,0.0528
PHC-DST-B1-02,2024-07-27,1,2,4,0.0673
PHC-DST-B1-02,2024-07-28,1,1,2,0.447
PHC-DST-B1-02,2024-07-29,1,2,4,0.0441
PHC-DST-B1-02,2024-07-30,1,2,4,0.0488
PHC-DST-B1-02,2024-07-31,1,2,4,0.0787
PHC-DST-B1-02,2024-08-01,1,2,4,0.0704
PHC-DST-B1-02,2024-08-02,1,2,4,0.0527
PHC-DST-B1-02,2024-08-03,1,2,4,0.079
PHC-DST-B1-02,2024-08-04,1,1,2,0.4508
PHC-DST-B1-02,2024-08-05,1,2,4,0.0544
PHC-DST-B1-02,2024-08-06,1,2,4,0.0591
PHC-DST-B1-02,2024-08-07,1,2,4,0.0768
PHC-DST-B1-02,2024-08-08,1,2,4,0.057
PHC-DST-B1-02,2024-08-09,1,2,4,0.0704
PHC-DST-B1-02,2024-08-10,1,1,2,0.5114
PHC-DST-B1-02,2024-08-11,1,1,2,0.4704
PHC-DST-B1-02,2024-08-12,1,2,4,0.04
PHC-DST-B1-02,2024-08-13,1,2,4,0.0574
PHC-DST-B1-02,2024-08-14,1,2,4,0.0609
PHC-DST-B1-02,2024-08-15,1,2,4,0.0726
PHC-DST-B1-02,2024-08-16,1,2,4,0.079
PHC-DST-B1-02,2024-08-17,1,2,4,0.0699
PHC-DST-B1-02,2024-08-18,1,1,2,0.4516
PHC-DST-B1-02,2024-08-19,1,2,4,0.0461
PHC-DST-B1-02,2024-08-20,1,2,4,0.065
PHC-DST-B1-02,2024-08-21,1,2,4,0.0791
PHC-DST-B1-02,2024-08-22,1,2,4,0.0499
PHC-DST-B1-02,2024-08-23,1,2,4,0.0418
PHC-DST-B1-02,2024-08-24,1,2,4,0.0505
PHC-DST-B1-02,2024-08-25,1,1,2,0.4623
PHC-DST-B1-02,2024-08-26,1,2,4,0.0495
PHC-DST-B1-02,2024-08-27,1,2,4,0.0532
PHC-DST-B1-02,2024-08-28,1,2,4,0.0736
PHC-DST-B1-02,2024-08-29,1,2,4,0.0719
PHC-DST-B1-02,2024-08-30,1,2,4,0.0506
PHC-DST-B1-02,2024-08-31,1,2,4,0.0696
PHC-DST-B1-02,2024-09-01,1,1,2,0.4634
PHC-DST-B1-02,2024-09-02,1,2,4,0.0503
PHC-DST-B1-02,2024-09-03,1,2,4,0.0586
PHC-DST-B1-02,2024-09-04,1,2,4,0.0723
PHC-DST-B1-02,2024-09-05,1,2,4,0.0744
PHC-DST-B1-02,2024-09-06,1,2,4,0.0672
PHC-DST-B1-02,2024-09-07,1,2,4,0.0517
PHC-DST-B1-02,2024-09-08,1,1,2,0.4459
PHC-DST-B1-02,2024-09-09,1,2,4,0.0681
PHC-DST-B1-02,2024-09-10,1,2,4,0.0511
PHC-DST-B1-02,2024-09-11,1,2,4,0.0782
PHC-DST-B1-02,2024-09-12,1,2,4,0.0646
PHC-DST-B1-02,2024-09-13,1,2,4,0.0614
PHC-DST-B1-02,2024-09-14,1,2,4,0.0599
PHC-DST-B1-02,2024-09-15,1,1,2,0.4615
PHC-DST-B1-02,2024-09-16,1,2,4,0.0592
PHC-DST-B1-02,2024-09-17,1,2,4,0.07
PHC-DST-B1-02,2024-09-18,1,1,2,
PHC-DST-B1-02,2024-09-19,1,2,4,0.0426
PHC-DST-B1-02,2024-09-20,1,2,4,0.0751
PHC-DST-B1-02,2024-09-21,1,2,4,0.066
PHC-DST-B1-02,2024-09-22,1,1,2,0.4562
PHC-DST-B1-02,2024-09-23,1,2,4,0.0673
PHC-DST-B1-02,2024-09-24,1,2,4,0.0605
PHC-DST-B1-02,2024-09-25,1,2,4,0.0525
PHC-DST-B1-02,2024-09-26,1,2,4,0.0749
PHC-DST-B1-02,2024-09-27,1,2,4,0.041
PHC-DST-B1-02,2024-09-28,1,2,4,0.0484
PHC-DST-B1-02,2024-09-29,1,1,2,0.4609
PHC-DST-B1-02,2024-09-30,1,2,4,0.0499
PHC-DST-B1-02,2024-10-01,1,2,4,0.0683
PHC-DST-B1-02,2024-10-02,1,2,4,0.0757
PHC-DST-B1-02,2024-10-03,1,2,4,0.0707
PHC-DST-B1-02,2024-10-04,1,2,4,0.0437
PHC-DST-B1-02,2024-10-05,1,2,4,0.0498
PHC-DST-B1-02,2024-10-06,1,1,2,0.4499
PHC-DST-B1-02,2024-10-07,1,2,4,0.0414
PHC-DST-B1-02,2024-10-08,1,2,4,0.0774
PHC-DST-B1-02,2024-10-09,1,2,4,
PHC-DST-B1-02,2024-10-10,1,2,4,0.0544
PHC-DST-B1-02,2024-10-11,1,2,4,0.0765
PHC-DST-B1-02,2024-10-12,1,2,4,0.0447
PHC-DST-B1-02,2024-10-13,1,1,2,0.454
PHC-DST-B1-02,2024-10-14,1,2,4,0.0589
PHC-DST-B1-02,2024-10-15,1,2,4,0.0497
PHC-DST-B1-02,2024-10-16,1,2,4,0.0729
PHC-DST-B1-02,2024-10-17,1,2,4,0.0458
PHC-DST-B1-02,2024-10-18,1,2,4,0.0418
PHC-DST-B1-02,2024-10-19,1,2,4,0.0526
PHC-DST-B1-02,2024-10-20,1,1,2,0.4583
PHC-DST-B1-02,2024-10-21,1,2,4,0.0566
PHC-DST-B1-02,2024-10-22,1,2,4,0.078
PHC-DST-B1-02,2024-10-23,1,2,4,0.0596
PHC-DST-B1-02,2024-10-24,1,2,4,0.0718
PHC-DST-B1-02,2024-10-25,1,2,4,0.0671
PHC-DST-B1-02,2024-10-26,1,2,4,0.0712
PHC-DST-B1-02,2024-10-27,1,1,2,0.4643
PHC-DST-B1-02,2024-10-28,1,2,4,0.0437
PHC-DST-B1-02,2024-10-29,1,2,4,0.0614
PHC-DST-B1-02,2024-10-30,1,2,4,0.0433
PHC-DST-B1-02,2024-10-31,1,2,4,0.0519
PHC-DST-B1-02,2024-11-01,1,2,4,0.0749
PHC-DST-B1-02,2024-11-02,1,2,4,0.0591
PHC-DST-B1-02,2024-11-03,1,1,2,0.4795
PHC-DST-B1-02,2024-11-04,1,2,4,0.0575
PHC-DST-B1-02,2024-11-05,1,2,4,0.0753
PHC-DST-B1-02,2024-11-06,1,2,4,0.0628
PHC-DST-B1-02,2024-11-07,1,2,4,0.0451
PHC-DST-B1-02,2024-11-08,1,2,4,0.0623
PHC-DST-B1-02,2024-11-09,1,2,4,0.0691
PHC-DST-B1-02,2024-11-10,1,1,2,0.4439
PHC-DST-B1-02,2024-11-11,1,2,4,0.0553
PHC-DST-B1-02,2024-11-12,1,2,4,0.0419
PHC-DST-B1-02,2024-11-13,1,2,4,0.0787
PHC-DST-B1-02,2024-11-14,1,2,4,0.0671
PHC-DST-B1-02,2024-11-15,1,2,4,0.0763
PHC-DST-B1-02,2024-11-16,1,2,4,0.0754
PHC-DST-B1-02,2024-11-17,1,1,2,0.4712
PHC-DST-B1-02,2024-11-18,1,2,4,0.0603
PHC-DST-B1-02,2024-11-19,1,2,4,0.0644
PHC-DST-B1-02,2024-11-20,1,2,4,0.0777
PHC-DST-B1-02,2024-11-21,1,2,4,0.0578
PHC-DST-B1-02,2024-11-22,1,2,4,0.0422
PHC-DST-B1-02,2024-11-23,1,2,4,0.0673
PHC-DST-B1-02,2024-11-24,1,1,2,0.4623
PHC-DST-B1-02,2024-11-25,1,2,4,0.0668
PHC-DST-B1-02,2024-11-26,1,2,4,0.0713
PHC-DST-B1-02,2024-11-27,1,2,4,0.0662
PHC-DST-B1-02,2024-11-28,1,2,4,0.0536
PHC-DST-B1-02,2024-11-29,1,2,4,0.0431
PHC-DST-B1-02,2024-11-30,1,2,4,0.0481
PHC-DST-B1-02,2024-12-01,1,1,2,0.4705
PHC-DST-B1-02,2024-12-02,1,2,4,0.0787
PHC-DST-B1-02,2024-12-03,1,2,4,0.0596
PHC-DST-B1-02,2024-12-04,1,2,4,0.0785
PHC-DST-B1-02,2024-12-05,1,2,4,0.0651
PHC-DST-B1-02,2024-12-06,1,2,4,0.041
PHC-DST-B1-02,2024-12-07,1,2,4,0.0472
PHC-DST-B1-02,2024-12-08,1,1,2,0.4658
PHC-DST-B1-02,2024-12-09,1,2,4,0.0487
PHC-DST-B1-02,2024-12-10,1,2,4,0.0754
PHC-DST-B1-02,2024-12-11,1,2,4,0.0505
PHC-DST-B1-02,2024-12-12,1,2,4,0.0783
PHC-DST-B1-02,2024-12-13,1,2,4,0.0574
PHC-DST-B1-02,2024-12-14,1,2,4,0.0725
PHC-DST-B1-02,2024-12-15,1,1,2,0.4604
PHC-DST-B1-02,2024-12-16,1,2,4,0.0661
PHC-DST-B1-02,2024-12-17,1,2,4,0.0769
PHC-DST-B1-02,2024-12-18,1,2,4,
PHC-DST-B1-02,2024-12-19,1,2,4,0.0619
PHC-DST-B1-02,2024-12-20,1,2,4,0.0656
PHC-DST-B1-02,2024-12-21,1,2,4,0.0497
PHC-DST-B1-02,2024-12-22,1,1,2,0.4434
PHC-DST-B1-02,2024-12-23,1,2,4,0.0711
PHC-DST-B1-02,2024-12-24,1,2,4,0.0656
PHC-DST-B1-02,2024-12-25,1,2,4,0.0401
PHC-DST-B1-02,2024-12-26,1,2,4,0.0641
PHC-DST-B1-02,2024-12-27,1,2,4,0.0616
PHC-DST-B1-02,2024-12-28,1,2,4,0.0755
PHC-DST-B1-02,2024-12-29,1,1,2,0.4646
PHC-DST-B1-02,2024-12-30,1,2,4,0.0706
PHC-DST-B1-02,2024-12-31,1,2,4,0.0446
PHC-DST-B1-02,2025-01-01,1,2,4,0.0426
PHC-DST-B1-02,2025-01-02,1,2,4,0.0533
PHC-DST-B1-02,2025-01-03,1,2,4,0.042
PHC-DST-B1-02,2025-01-04,1,2,4,0.0577
PHC-DST-B1-02,2025-01-05,1,1,2,0.4563
PHC-DST-B1-02,2025-01-06,1,2,4,0.064
PHC-DST-B1-02,2025-01-07,1,2,4,0.0466
PHC-DST-B1-02,2025-01-08,1,2,4,0.0534
PHC-DST-B1-02,2025-01-09,1,2,4,0.0457
PHC-DST-B1-02,2025-01-10,1,2,4,0.0447
PHC-DST-B1-02,2025-01-11,1,2,4,0.0771
PHC-DST-B1-02,2025-01-12,1,1,2,0.4727
PHC-DST-B1-02,2025-01-13,1,2,4,0.0741
PHC-DST-B1-02,2025-01-14,1,2,4,0.0764
PHC-DST-B1-02,2025-01-15,1,2,4,0.0626
PHC-DST-B1-02,2025-01-16,1,2,4,0.074
PHC-DST-B1-02,2025-01-17,1,2,4,0.0743
PHC-DST-B1-02,2025-01-18,1,2,4,0.0465
PHC-DST-B1-02,2025-01-19,1,1,2,0.4638
PHC-DST-B1-02,2025-01-20,1,2,4,0.0633
PHC-DST-B1-02,2025-01-21,1,2,4,0.0441
PHC-DST-B1-02,2025-01-22,1,2,4,0.0608
PHC-DST-B1-02,2025-01-23,1,2,4,0.0747
PHC-DST-B1-02,2025-01-24,1,2,4,0.067
PHC-DST-B1-02,2025-01-25,1,2,4,0.0468
PHC-DST-B1-02,2025-01-26,1,1,2,0.4477
PHC-DST-B1-02,2025-01-27,1,2,4,0.0462
PHC-DST-B1-02,2025-01-28,1,2,4,0.0725
PHC-DST-B1-02,2025-01-29,1,2,4,0.0452
PHC-DST-B1-02,2025-01-30,1,2,4,0.06
PHC-DST-B1-02,2025-01-31,1,2,4,0.0509
PHC-DST-B1-02,2025-02-01,1,2,4,0.0696
PHC-DST-B1-02,2025-02-02,1,1,2,0.4692
PHC-DST-B1-02,2025-02-03,1,2,4,0.053
PHC-DST-B1-02,2025-02-04,1,2,4,0.0468
PHC-DST-B1-02,2025-02-05,1,2,4,0.0638
PHC-DST-B1-02,2025-02-06,1,2,4,0.0522
PHC-DST-B1-02,2025-02-07,1,2,4,0.0766
PHC-DST-B1-02,2025-02-08,1,2,4,0.0723
PHC-DST-B1-02,2025-02-09,1,1,2,0.4673
PHC-DST-B1-02,2025-02-10,1,2,4,0.0646
PHC-DST-B1-02,2025-02-11,1,2,4,0.0548
PHC-DST-B1-02,2025-02-12,1,2,4,0.0727
PHC-DST-B1-02,2025-02-13,1,2,4,0.0517
PHC-DST-B1-02,2025-02-14,1,2,4,0.0452
PHC-DST-B1-02,2025-02-15,1,2,4,0.0587
PHC-DST-B1-02,2025-02-16,1,1,2,0.4672
PHC-DST-B1-02,2025-02-17,1,2,4,0.0543
PHC-DST-B1-02,2025-02-18,1,2,4,0.0721
PHC-DST-B1-02,2025-02-19,1,2,4,0.0595
PHC-DST-B1-02,2025-02-20,1,2,4,0.0558
PHC-DST-B1-02,2025-02-21,1,2,4,0.0597
PHC-DST-B1-02,2025-02-22,1,2,4,0.0561
PHC-DST-B1-02,2025-02-23,1,1,2,0.4707
PHC-DST-B1-02,2025-02-24,1,2,4,0.0743
PHC-DST-B1-02,2025-02-25,1,2,4,0.0459
PHC-DST-B1-02,2025-02-26,1,2,4,0.0529
PHC-DST-B1-02,2025-02-27,1,2,4,0.0682
PHC-DST-B1-02,2025-02-28,1,2,4,0.0444
PHC-DST-B1-02,2025-03-01,1,2,4,0.074
PHC-DST-B1-02,2025-03-02,1,1,2,0.4427
PHC-DST-B1-02,2025-03-03,1,2,4,0.0573
PHC-DST-B1-02,2025-03-04,1,2,4,0.0596
PHC-DST-B1-02,2025-03-05,1,2,4,0.0575
PHC-DST-B1-02,2025-03-06,1,2,4,0.0472
PHC-DST-B1-02,2025-03-07,1,2,4,0.0615
PHC-DST-B1-02,2025-03-08,1,2,4,0.0493
PHC-DST-B1-02,2025-03-09,1,1,2,0.4783
PHC-DST-B1-02,2025-03-10,1,2,4,0.0472
PHC-DST-B1-02,2025-03-11,1,2,4,0.0777
PHC-DST-B1-02,2025-03-12,1,2,4,0.0472
PHC-DST-B1-02,2025-03-13,1,2,4,0.0463
PHC-DST-B1-02,2025-03-14,1,2,4,0.0574
PHC-DST-B1-02,2025-03-15,1,2,4,0.073
PHC-DST-B1-02,2025-03-16,1,1,2,0.4608
PHC-DST-B1-02,2025-03-17,1,2,4,0.0428
PHC-DST-B1-02,2025-03-18,1,2,4,0.054
PHC-DST-B1-02,2025-03-19,1,2,4,0.0727
PHC-DST-B1-02,2025-03-20,1,2,4,0.051
PHC-DST-B1-02,2025-03-21,1,2,4,0.076
PHC-DST-B1-02,2025-03-22,1,2,4,0.0604
PHC-DST-B1-02,2025-03-23,1,1,2,0.4404
PHC-DST-B1-02,2025-03-24,1,2,4,0.0556
PHC-DST-B1-02,2025-03-25,1,2,4,0.0607
PHC-DST-B1-02,2025-03-26,1,2,4,0.0441
PHC-DST-B1-02,2025-03-27,1,2,4,0.0521
PHC-DST-B1-02,2025-03-28,1,2,4,0.0449
PHC-DST-B1-02,2025-03-29,1,2,4,0.0678
PHC-DST-B1-02,2025-03-30,1,1,2,0.4769
PHC-DST-B1-02,2025-03-31,1,2,4,0.0469
PHC-DST-B1-02,2025-04-01,1,2,4,0.0691
PHC-DST-B1-02,2025-04-02,1,2,4,0.0775
PHC-DST-B1-02,2025-04-03,1,2,4,0.0425
PHC-DST-B1-02,2025-04-04,1,2,4,0.0595
PHC-DST-B1-02,2025-04-05,1,2,4,0.0409
PHC-DST-B1-02,2025-04-06,1,1,2,0.4726
PHC-DST-B1-02,2025-04-07,1,2,4,0.0656
PHC-DST-B1-02,2025-04-08,1,2,4,0.0588
PHC-DST-B1-02,2025-04-09,1,2,4,0.0443
PHC-DST-B1-02,2025-04-10,1,2,4,0.0415
PHC-DST-B1-02,2025-04-11,1,2,4,0.0577
PHC-DST-B1-02,2025-04-12,1,2,4,0.0464
PHC-DST-B1-02,2025-04-13,1,1,2,0.4714
PHC-DST-B1-02,2025-04-14,1,2,4,
PHC-DST-B1-02,2025-04-15,1,2,4,0.0672
PHC-DST-B1-02,2025-04-16,1,2,4,0.0629
PHC-DST-B1-02,2025-04-17,1,2,4,0.0733
PHC-DST-B1-02,2025-04-18,1,2,4,
PHC-DST-B1-02,2025-04-19,1,2,4,0.042
PHC-DST-B1-02,2025-04-20,1,1,2,0.4457
PHC-DST-B1-02,2025-04-21,1,2,4,0.0777
PHC-DST-B1-02,2025-04-22,1,2,4,0.0676
PHC-DST-B1-02,2025-04-23,1,2,4,0.0781
PHC-DST-B1-02,2025-04-24,1,2,4,0.05
PHC-DST-B1-02,2025-04-25,1,2,4,0.0557
PHC-DST-B1-02,2025-04-26,1,2,4,0.042
PHC-DST-B1-02,2025-04-27,1,1,2,0.462
PHC-DST-B1-02,2025-04-28,1,2,4,0.0568
PHC-DST-B1-02,2025-04-29,1,2,4,0.0416
PHC-DST-B1-02,2025-04-30,1,2,4,0.0431
PHC-DST-B1-02,2025-05-01,1,2,4,0.0748
PHC-DST-B1-02,2025-05-02,1,2,4,0.0456
PHC-DST-B1-02,2025-05-03,1,2,4,0.0415
PHC-DST-B1-02,2025-05-04,1,1,2,0.4763
PHC-DST-B1-02,2025-05-05,1,2,4,0.0639
PHC-DST-B1-02,2025-05-06,1,2,4,0.0511
PHC-DST-B1-02,2025-05-07,1,2,4,0.073
PHC-DST-B1-02,2025-05-08,1,2,4,0.0577
PHC-DST-B1-02,2025-05-09,1,2,4,0.065
PHC-DST-B1-02,2025-05-10,1,2,4,0.0567
PHC-DST-B1-02,2025-05-11,1,1,2,0.4511
PHC-DST-B1-02,2025-05-12,1,2,4,0.0753
PHC-DST-B1-02,2025-05-13,1,2,4,0.0698
PHC-DST-B1-02,2025-05-14,1,2,4,0.0583
PHC-DST-B1-02,2025-05-15,1,2,4,0.0443
PHC-DST-B1-02,2025-05-16,1,2,4,0.0762
PHC-DST-B1-02,2025-05-17,1,2,4,0.0609
PHC-DST-B1-02,2025-05-18,1,1,2,0.4555
PHC-DST-B1-02,2025-05-19,1,2,4,0.0628
PHC-DST-B1-02,2025-05-20,1,2,4,0.0423
PHC-DST-B1-02,2025-05-21,1,2,4,0.0662
PHC-DST-B1-02,2025-05-22,1,2,4,0.0414
PHC-DST-B1-02,2025-05-23,1,2,4,0.0702
PHC-DST-B1-02,2025-05-24,1,2,4,0.0717
PHC-DST-B1-02,2025-05-25,1,1,2,0.4569
PHC-DST-B1-02,2025-05-26,1,2,4,0.061
PHC-DST-B1-02,2025-05-27,1,2,4,0.0503
PHC-DST-B1-02,2025-05-28,1,2,4,0.0467
PHC-DST-B1-02,2025-05-29,1,2,4,
PHC-DST-B1-02,2025-05-30,1,2,4,0.0669
PHC-DST-B1-02,2025-05-31,1,2,4,0.073
PHC-DST-B1-02,2025-06-01,1,1,2,0.4486
PHC-DST-B1-02,2025-06-02,1,2,4,0.056
PHC-DST-B1-02,2025-06-03,1,2,4,0.045
PHC-DST-B1-02,2025-06-04,1,2,4,0.0574
PHC-DST-B1-02,2025-06-05,1,2,4,0.0509
PHC-DST-B1-02,2025-06-06,1,2,4,0.0568
PHC-DST-B1-02,2025-06-07,1,2,4,0.0504
PHC-DST-B1-02,2025-06-08,1,1,2,0.4795
PHC-DST-B1-02,2025-06-09,1,2,4,0.0621
PHC-DST-B1-02,2025-06-10,1,2,4,0.0403
PHC-DST-B1-02,2025-06-11,1,2,4,0.0411
PHC-DST-B1-02,2025-06-12,1,2,4,0.0643
PHC-DST-B1-02,2025-06-13,1,2,4,0.0527
PHC-DST-B1-02,2025-06-14,1,2,4,0.05
PHC-DST-B1-02,2025-06-15,1,1,2,0.4485
PHC-DST-B1-02,2025-06-16,1,2,4,0.0408
PHC-DST-B1-02,2025-06-17,1,2,4,0.047
PHC-DST-B1-02,2025-06-18,1,2,4,0.0789
PHC-DST-B1-02,2025-06-19,1,2,4,0.0421
PHC-DST-B1-02,2025-06-20,1,2,4,0.0462
PHC-DST-B1-02,2025-06-21,1,2,4,0.0756
PHC-DST-B1-02,2025-06-22,1,1,2,0.4592
PHC-DST-B1-02,2025-06-23,1,2,4,0.0536
PHC-DST-B1-02,2025-06-24,1,2,4,0.0504
PHC-DST-B1-02,2025-06-25,1,2,4,0.0744
PHC-DST-B1-02,2025-06-26,1,2,4,0.0417
PHC-DST-B1-02,2025-06-27,1,2,4,0.0579
PHC-DST-B1-02,2025-06-28,1,2,4,0.0511
PHC-DST-B1-02,2025-06-29,1,1,2,0.4664
PHC-DST-B1-02,2025-06-30,1,2,4,0.0605
PHC-DST-B1-03,2024-07-01,1,4,2,0.0666
PHC-DST-B1-03,2024-07-02,1,2,1,0.5656
PHC-DST-B1-03,2024-07-03,1,4,2,0.0525
PHC-DST-B1-03,2024-07-04,1,4,2,0.0788
PHC-DST-B1-03,2024-07-05,1,4,2,0.0429
PHC-DST-B1-03,2024-07-06,1,4,2,0.0751
PHC-DST-B1-03,2024-07-07,1,2,1,0.4773
PHC-DST-B1-03,2024-07-08,1,4,2,0.048
PHC-DST-B1-03,2024-07-09,1,4,2,0.0743
PHC-DST-B1-03,2024-07-10,1,4,2,0.0621
PHC-DST-B1-03,2024-07-11,1,4,2,0.0619
PHC-DST-B1-03,2024-07-12,1,4,2,0.0696
PHC-DST-B1-03,2024-07-13,1,4,2,0.0629
PHC-DST-B1-03,2024-07-14,1,2,1,0.4555
PHC-DST-B1-03,2024-07-15,1,4,2,0.06
PHC-DST-B1-03,2024-07-16,1,4,2,0.0771
PHC-DST-B1-03,2024-07-17,1,4,2,0.0571
PHC-DST-B1-03,2024-07-18,1,4,2,0.0589
PHC-DST-B1-03,2024-07-19,1,2,1,0.5695
PHC-DST-B1-03,2024-07-20,1,4,2,
PHC-DST-B1-03,2024-07-21,0,1,0,0.85
PHC-DST-B1-03,2024-07-22,1,4,2,0.0629
PHC-DST-B1-03,2024-07-23,1,4,2,0.0777
PHC-DST-B1-03,2024-07-24,1,4,2,0.0482
PHC-DST-B1-03,2024-07-25,1,4,2,
PHC-DST-B1-03,2024-07-26,1,4,2,0.055
PHC-DST-B1-03,2024-07-27,1,4,2,0.0577
PHC-DST-B1-03,2024-07-28,1,2,1,0.4582
PHC-DST-B1-03,2024-07-29,1,4,2,0.0526
PHC-DST-B1-03,2024-07-30,1,4,2,0.057
PHC-DST-B1-03,2024-07-31,1,4,2,0.0777
PHC-DST-B1-03,2024-08-01,1,4,2,0.0426
PHC-DST-B1-03,2024-08-02,1,4,2,0.0672
PHC-DST-B1-03,2024-08-03,1,4,2,
PHC-DST-B1-03,2024-08-04,1,2,1,0.4618
PHC-DST-B1-03,2024-08-05,1,4,2,0.0678
PHC-DST-B1-03,2024-08-06,1,4,2,0.0551
PHC-DST-B1-03,2024-08-07,1,4,2,0.0594
PHC-DST-B1-03,2024-08-08,1,4,2,0.054
PHC-DST-B1-03,2024-08-09,1,4,2,0.0609
PHC-DST-B1-03,2024-08-10,1,2,1,0.5643
PHC-DST-B1-03,2024-08-11,1,2,1,0.4512
PHC-DST-B1-03,2024-08-12,1,4,2,0.0426
PHC-DST-B1-03,2024-08-13,1,4,2,0.071
PHC-DST-B1-03,2024-08-14,1,4,2,0.0627
PHC-DST-B1-03,2024-08-15,1,4,2,0.0458
PHC-DST-B1-03,2024-08-16,1,4,2,0.0631
PHC-DST-B1-03,2024-08-17,1,4,2,0.0659
PHC-DST-B1-03,2024-08-18,1,2,1,0.4587
PHC-DST-B1-03,2024-08-19,1,4,2,0.0514
PHC-DST-B1-03,2024-08-20,1,4,2,0.0684
PHC-DST-B1-03,2024-08-21,1,4,2,0.0783
PHC-DST-B1-03,2024-08-22,1,4,2,0.0763
PHC-DST-B1-03,2024-08-23,1,4,2,0.0559
PHC-DST-B1-03,2024-08-24,1,4,2,0.0592
PHC-DST-B1-03,2024-08-25,1,2,1,0.4547
PHC-DST-B1-03,2024-08-26,1,4,2,0.0434
PHC-DST-B1-03,2024-08-27,1,4,2,0.0545
PHC-DST-B1-03,2024-08-28,1,4,2,0.0698
PHC-DST-B1-03,2024-08-29,1,4,2,0.0594
PHC-DST-B1-03,2024-08-30,1,4,2,0.0668
PHC-DST-B1-03,2024-08-31,1,4,2,0.0546
PHC-DST-B1-03,2024-09-01,1,2,1,0.4629
PHC-DST-B1-03,2024-09-02,1,4,2,0.0716
PHC-DST-B1-03,2024-09-03,1,4,2,0.0566
PHC-DST-B1-03,2024-09-04,1,4,2,0.0647
PHC-DST-B1-03,2024-09-05,1,4,2,0.0507
PHC-DST-B1-03,2024-09-06,1,4,2,0.0616
PHC-DST-B1-03,2024-09-07,1,4,2,0.0475
PHC-DST-B1-03,2024-09-08,1,2,1,0.4786
PHC-DST-B1-03,2024-09-09,1,4,2,0.0697
PHC-DST-B1-03,2024-09-10,1,4,2,0.0629
PHC-DST-B1-03,2024-09-11,1,4,2,0.0761
PHC-DST-B1-03,2024-09-12,1,4,2,0.0567
PHC-DST-B1-03,2024-09-13,1,4,2,0.0652
PHC-DST-B1-03,2024-09-14,1,4,2,0.0586
PHC-DST-B1-03,2024-09-15,1,2,1,0.4661
PHC-DST-B1-03,2024-09-16,1,4,2,0.0765
PHC-DST-B1-03,2024-09-17,1,4,2,
PHC-DST-B1-03,2024-09-18,1,2,1,0.3878
PHC-DST-B1-03,2024-09-19,1,4,2,0.0568
PHC-DST-B1-03,2024-09-20,1,4,2,0.0714
PHC-DST-B1-03,2024-09-21,1,4,2,0.0719
PHC-DST-B1-03,2024-09-22,1,2,1,0.4645
PHC-DST-B1-03,2024-09-23,1,4,2,0.0443
PHC-DST-B1-03,2024-09-24,1,4,2,0.0526
PHC-DST-B1-03,2024-09-25,1,4,2,0.0582
PHC-DST-B1-03,2024-09-26,1,4,2,0.0679
PHC-DST-B1-03,2024-09-27,1,4,2,0.0726
PHC-DST-B1-03,2024-09-28,1,4,2,0.0711
PHC-DST-B1-03,2024-09-29,1,2,1,0.4594
PHC-DST-B1-03,2024-09-30,1,4,2,0.0433
PHC-DST-B1-03,2024-10-01,1,4,2,0.0437
PHC-DST-B1-03,2024-10-02,1,4,2,0.0786
PHC-DST-B1-03,2024-10-03,1,4,2,0.0635
PHC-DST-B1-03,2024-10-04,1,4,2,0.0603
PHC-DST-B1-03,2024-10-05,1,4,2,0.0562
PHC-DST-B1-03,2024-10-06,1,2,1,0.4548
PHC-DST-B1-03,2024-10-07,1,4,2,0.0693
PHC-DST-B1-03,2024-10-08,1,4,2,0.0496
PHC-DST-B1-03,2024-10-09,1,4,2,0.0554
PHC-DST-B1-03,2024-10-10,1,4,2,0.0676
PHC-DST-B1-03,2024-10-11,1,4,2,0.0674
PHC-DST-B1-03,2024-10-12,1,4,2,0.0794
PHC-DST-B1-03,2024-10-13,1,2,1,0.4796
PHC-DST-B1-03,2024-10-14,1,4,2,0.0482
PHC-DST-B1-03,2024-10-15,1,4,2,0.0758
PHC-DST-B1-03,2024-10-16,1,4,2,0.0759
PHC-DST-B1-03,2024-10-17,1,4,2,0.0572
PHC-DST-B1-03,2024-10-18,1,4,2,0.0427
PHC-DST-B1-03,2024-10-19,1,4,2,0.0512
PHC-DST-B1-03,2024-10-20,1,2,1,0.4542
PHC-DST-B1-03,2024-10-21,1,4,2,0.0493
PHC-DST-B1-03,2024-10-22,1,4,2,0.0755
PHC-DST-B1-03,2024-10-23,1,4,2,0.0644
PHC-DST-B1-03,2024-10-24,1,4,2,0.0767
PHC-DST-B1-03,2024-10-25,1,4,2,0.0696
PHC-DST-B1-03,2024-10-26,1,4,2,0.0741
PHC-DST-B1-03,2024-10-27,1,2,1,0.4462
PHC-DST-B1-03,2024-10-28,1,4,2,0.0786
PHC-DST-B1-03,2024-10-29,1,4,2,0.0423
PHC-DST-B1-03,2024-10-30,1,4,2,0.0532
PHC-DST-B1-03,2024-10-31,1,4,2,0.0402
PHC-DST-B1-03,2024-11-01,1,4,2,0.044
PHC-DST-B1-03,2024-11-02,1,4,2,0.0628
PHC-DST-B1-03,2024-11-03,1,2,1,0.4448
PHC-DST-B1-03,2024-11-04,1,4,2,
PHC-DST-B1-03,2024-11-05,1,4,2,0.0549
PHC-DST-B1-03,2024-11-06,1,4,2,0.0673
PHC-DST-B1-03,2024-11-07,1,4,2,0.0772
PHC-DST-B1-03,2024-11-08,1,4,2,0.0564
PHC-DST-B1-03,2024-11-09,1,4,2,0.0602
PHC-DST-B1-03,2024-11-10,1,2,1,0.458
PHC-DST-B1-03,2024-11-11,1,4,2,0.0766
PHC-DST-B1-03,2024-11-12,1,4,2,0.0649
PHC-DST-B1-03,2024-11-13,1,4,2,0.063
PHC-DST-B1-03,2024-11-14,1,4,2,0.0686
PHC-DST-B1-03,2024-11-15,1,4,2,0.0446
PHC-DST-B1-03,2024-11-16,1,4,2,0.0609
PHC-DST-B1-03,2024-11-17,1,2,1,
PHC-DST-B1-03,2024-11-18,1,4,2,0.0583
PHC-DST-B1-03,2024-11-19,1,4,2,0.0531
PHC-DST-B1-03,2024-11-20,1,4,2,0.0739
PHC-DST-B1-03,2024-11-21,1,4,2,0.0493
PHC-DST-B1-03,2024-11-22,1,4,2,0.0589
PHC-DST-B1-03,2024-11-23,1,4,2,0.0477
PHC-DST-B1-03,2024-11-24,1,2,1,0.4695
PHC-DST-B1-03,2024-11-25,1,4,2,0.0793
PHC-DST-B1-03,2024-11-26,1,4,2,0.0406
PHC-DST-B1-03,2024-11-27,1,4,2,0.0425
PHC-DST-B1-03,2024-11-28,1,4,2,0.042
PHC-DST-B1-03,2024-11-29,1,4,2,0.0478
PHC-DST-B1-03,2024-11-30,1,4,2,0.0577
PHC-DST-B1-03,2024-12-01,1,2,1,0.4561
PHC-DST-B1-03,2024-12-02,1,4,2,0.0461
PHC-DST-B1-03,2024-12-03,1,4,2,0.0676
PHC-DST-B1-03,2024-12-04,1,4,2,0.0662
PHC-DST-B1-03,2024-12-05,1,4,2,0.0768
PHC-DST-B1-03,2024-12-06,1,4,2,0.0473
PHC-DST-B1-03,2024-12-07,1,4,2,0.0626
PHC-DST-B1-03,2024-12-08,1,2,1,0.4641
PHC-DST-B1-03,2024-12-09,1,4,2,0.0433
PHC-DST-B1-03,2024-12-10,1,4,2,0.0699
PHC-DST-B1-03,2024-12-11,1,4,2,0.0664
PHC-DST-B1-03,2024-12-12,1,4,2,0.0668
PHC-DST-B1-03,2024-12-13,1,4,2,0.0726
PHC-DST-B1-03,2024-12-14,1,4,2,0.0614
PHC-DST-B1-03,2024-12-15,1,2,1,0.4707
PHC-DST-B1-03,2024-12-16,1,4,2,0.0798
PHC-DST-B1-03,2024-12-17,1,4,2,0.0419
PHC-DST-B1-03,2024-12-18,1,4,2,0.057
PHC-DST-B1-03,2024-12-19,1,4,2,0.0638
PHC-DST-B1-03,2024-12-20,1,4,2,0.0532
PHC-DST-B1-03,2024-12-21,1,4,2,0.0484
PHC-DST-B1-03,2024-12-22,1,2,1,0.4636
PHC-DST-B1-03,2024-12-23,1,4,2,0.049
PHC-DST-B1-03,2024-12-24,1,4,2,0.0458
PHC-DST-B1-03,2024-12-25,1,4,2,0.0685
PHC-DST-B1-03,2024-12-26,1,4,2,
PHC-DST-B1-03,2024-12-27,1,4,2,0.0522
PHC-DST-B1-03,2024-12-28,1,4,2,0.0438
PHC-DST-B1-03,2024-12-29,1,2,1,0.4576
PHC-DST-B1-03,2024-12-30,1,4,2,0.0589
PHC-DST-B1-03,2024-12-31,1,4,2,0.0476
PHC-DST-B1-03,2025-01-01,1,4,2,0.0477
PHC-DST-B1-03,2025-01-02,1,4,2,0.0417
PHC-DST-B1-03,2025-01-03,1,4,2,0.063
PHC-DST-B1-03,2025-01-04,1,4,2,0.0458
PHC-DST-B1-03,2025-01-05,1,2,1,0.4677
PHC-DST-B1-03,2025-01-06,1,4,2,0.073
PHC-DST-B1-03,2025-01-07,1,4,2,0.0631
PHC-DST-B1-03,2025-01-08,1,4,2,0.0778
PHC-DST-B1-03,2025-01-09,1,4,2,0.0546
PHC-DST-B1-03,2025-01-10,1,4,2,0.0467
PHC-DST-B1-03,2025-01-11,1,4,2,0.0456
PHC-DST-B1-03,2025-01-12,1,2,1,0.4638
PHC-DST-B1-03,2025-01-13,1,4,2,0.0482
PHC-DST-B1-03,2025-01-14,1,4,2,0.0434
PHC-DST-B1-03,2025-01-15,1,4,2,0.0706
PHC-DST-B1-03,2025-01-16,1,4,2,0.0482
PHC-DST-B1-03,2025-01-17,1,4,2,0.0438
PHC-DST-B1-03,2025-01-18,1,4,2,0.0776
PHC-DST-B1-03,2025-01-19,1,2,1,0.4625
PHC-DST-B1-03,2025-01-20,1,4,2,0.0799
PHC-DST-B1-03,2025-01-21,1,4,2,0.0742
PHC-DST-B1-03,2025-01-22,1,4,2,0.0633
PHC-DST-B1-03,2025-01-23,1,4,2,0.0631
PHC-DST-B1-03,2025-01-24,1,4,2,0.0425
PHC-DST-B1-03,2025-01-25,1,4,2,0.0731
PHC-DST-B1-03,2025-01-26,1,2,1,0.4775
PHC-DST-B1-03,2025-01-27,1,4,2,0.0494
PHC-DST-B1-03,2025-01-28,1,4,2,0.0493
PHC-DST-B1-03,2025-01-29,1,4,2,0.0584
PHC-DST-B1-03,2025-01-30,1,4,2,0.0457
PHC-DST-B1-03,2025-01-31,1,4,2,0.0549
PHC-DST-B1-03,2025-02-01,1,4,2,0.0456
PHC-DST-B1-03,2025-02-02,1,2,1,0.4583
PHC-DST-B1-03,2025-02-03,1,4,2,0.0595
PHC-DST-B1-03,2025-02-04,1,4,2,0.0781
PHC-DST-B1-03,2025-02-05,1,4,2,0.0519
PHC-DST-B1-03,2025-02-06,1,4,2,0.0679
PHC-DST-B1-03,2025-02-07,1,4,2,0.049
PHC-DST-B1-03,2025-02-08,1,4,2,0.0794
PHC-DST-B1-03,2025-02-09,1,2,1,0.451
PHC-DST-B1-03,2025-02-10,1,4,2,0.0424
PHC-DST-B1-03,2025-02-11,1,4,2,0.0476
PHC-DST-B1-03,2025-02-12,1,4,2,0.0752
PHC-DST-B1-03,2025-02-13,1,4,2,0.0627
PHC-DST-B1-03,2025-02-14,1,4,2,0.0427
PHC-DST-B1-03,2025-02-15,1,4,2,0.0756
PHC-DST-B1-03,2025-02-16,1,2,1,0.4742
PHC-DST-B1-03,2025-02-17,1,4,2,0.0762
PHC-DST-B1-03,2025-02-18,1,4,2,0.0512
PHC-DST-B1-03,2025-02-19,1,4,2,0.0619
PHC-DST-B1-03,2025-02-20,1,4,2,0.0522
PHC-DST-B1-03,2025-02-21,1,4,2,0.0411
PHC-DST-B1-03,2025-02-22,1,4,2,0.0534
PHC-DST-B1-03,2025-02-23,1,2,1,0.4469
PHC-DST-B1-03,2025-02-24,1,4,2,0.0775
PHC-DST-B1-03,2025-02-25,1,4,2,0.0599
PHC-DST-B1-03,2025-02-26,1,4,2,0.0455
PHC-DST-B1-03,2025-02-27,1,4,2,0.0489
PHC-DST-B1-03,2025-02-28,1,4,2,0.0795
PHC-DST-B1-03,2025-03-01,1,4,2,0.05
PHC-DST-B1-03,2025-03-02,1,2,1,0.4797
PHC-DST-B1-03,2025-03-03,1,4,2,0.0789
PHC-DST-B1-03,2025-03-04,1,4,2,0.0666
PHC-DST-B1-03,2025-03-05,1,4,2,0.0464
PHC-DST-B1-03,2025-03-06,1,4,2,0.0706
PHC-DST-B1-03,2025-03-07,1,4,2,0.0654
PHC-DST-B1-03,2025-03-08,1,4,2,0.0721
PHC-DST-B1-03,2025-03-09,1,2,1,0.4662
PHC-DST-B1-03,2025-03-10,1,4,2,0.0542
PHC-DST-B1-03,2025-03-11,1,4,2,0.0502
PHC-DST-B1-03,2025-03-12,1,4,2,0.069
PHC-DST-B1-03,2025-03-13,1,4,2,0.071
PHC-DST-B1-03,2025-03-14,1,4,2,0.0542
PHC-DST-B1-03,2025-03-15,1,4,2,0.0622
PHC-DST-B1-03,2025-03-16,1,2,1,0.4667
PHC-DST-B1-03,2025-03-17,1,4,2,0.0453
PHC-DST-B1-03,2025-03-18,1,4,2,0.0751
PHC-DST-B1-03,2025-03-19,1,4,2,0.0551
PHC-DST-B1-03,2025-03-20,1,4,2,0.0644
PHC-DST-B1-03,2025-03-21,1,4,2,0.0578
PHC-DST-B1-03,2025-03-22,1,4,2,0.0485
PHC-DST-B1-03,2025-03-23,1,2,1,0.4746
PHC-DST-B1-03,2025-03-24,1,4,2,0.0744
PHC-DST-B1-03,2025-03-25,1,4,2,0.0699
PHC-DST-B1-03,2025-03-26,1,4,2,0.0669
PHC-DST-B1-03,2025-03-27,1,4,2,0.0459
PHC-DST-B1-03,2025-03-28,1,4,2,0.0674
PHC-DST-B1-03,2025-03-29,1,4,2,0.0483
PHC-DST-B1-03,2025-03-30,1,2,1,0.4619
PHC-DST-B1-03,2025-03-31,1,4,2,0.0621
PHC-DST-B1-03,2025-04-01,1,4,2,0.0511
PHC-DST-B1-03,2025-04-02,1,4,2,0.0591
PHC-DST-B1-03,2025-04-03,1,4,2,0.049
PHC-DST-B1-03,2025-04-04,1,4,2,0.0462
PHC-DST-B1-03,2025-04-05,1,4,2,0.0402
PHC-DST-B1-03,2025-04-06,1,2,1,0.4669
PHC-DST-B1-03,2025-04-07,1,4,2,0.0529
PHC-DST-B1-03,2025-04-08,1,4,2,0.0777
PHC-DST-B1-03,2025-04-09,1,4,2,0.0591
PHC-DST-B1-03,2025-04-10,1,4,2,0.0663
PHC-DST-B1-03,2025-04-11,1,4,2,0.079
PHC-DST-B1-03,2025-04-12,1,4,2,0.052
PHC-DST-B1-03,2025-04-13,1,2,1,0.4565
PHC-DST-B1-03,2025-04-14,1,4,2,0.0508
PHC-DST-B1-03,2025-04-15,1,4,2,0.0564
PHC-DST-B1-03,2025-04-16,1,4,2,0.077
PHC-DST-B1-03,2025-04-17,1,4,2,0.0703
PHC-DST-B1-03,2025-04-18,1,4,2,0.0628
PHC-DST-B1-03,2025-04-19,1,4,2,0.0466
PHC-DST-B1-03,2025-04-20,1,2,1,0.4479
PHC-DST-B1-03,2025-04-21,1,4,2,0.0607
PHC-DST-B1-03,2025-04-22,1,4,2,0.0443
PHC-DST-B1-03,2025-04-23,1,4,2,0.0731
PHC-DST-B1-03,2025-04-24,1,4,2,0.0446
PHC-DST-B1-03,2025-04-25,1,4,2,0.0742
PHC-DST-B1-03,2025-04-26,1,4,2,0.0765
PHC-DST-B1-03,2025-04-27,1,2,1,0.4413
PHC-DST-B1-03,2025-04-28,1,4,2,0.078
PHC-DST-B1-03,2025-04-29,1,4,2,0.0782
PHC-DST-B1-03,2025-04-30,1,4,2,0.077
PHC-DST-B1-03,2025-05-01,1,4,2,0.0615
PHC-DST-B1-03,2025-05-02,1,4,2,0.0476
PHC-DST-B1-03,2025-05-03,1,4,2,0.0492
PHC-DST-B1-03,2025-05-04,1,2,1,0.4537
PHC-DST-B1-03,2025-05-05,1,4,2,0.0465
PHC-DST-B1-03,2025-05-06,1,4,2,0.0724
PHC-DST-B1-03,2025-05-07,1,4,2,0.0404
PHC-DST-B1-03,2025-05-08,1,4,2,0.0411
PHC-DST-B1-03,2025-05-09,1,4,2,0.0565
PHC-DST-B1-03,2025-05-10,1,4,2,0.0652
PHC-DST-B1-03,2025-05-11,1,2,1,0.4475
PHC-DST-B1-03,2025-05-12,1,4,2,0.0488
PHC-DST-B1-03,2025-05-13,1,4,2,0.0409
PHC-DST-B1-03,2025-05-14,1,4,2,0.0453
PHC-DST-B1-03,2025-05-15,1,4,2,0.0587
PHC-DST-B1-03,2025-05-16,1,4,2,0.0577
PHC-DST-B1-03,2025-05-17,1,4,2,0.0606
PHC-DST-B1-03,2025-05-18,1,2,1,0.4637
PHC-DST-B1-03,2025-05-19,1,4,2,0.0649
PHC-DST-B1-03,2025-05-20,1,4,2,0.0635
PHC-DST-B1-03,2025-05-21,1,4,2,0.047
PHC-DST-B1-03,2025-05-22,1,4,2,0.0591
PHC-DST-B1-03,2025-05-23,1,4,2,0.0781
PHC-DST-B1-03,2025-05-24,1,4,2,
PHC-DST-B1-03,2025-05-25,1,2,1,0.452
PHC-DST-B1-03,2025-05-26,1,4,2,0.0742
PHC-DST-B1-03,2025-05-27,1,4,2,0.0422
PHC-DST-B1-03,2025-05-28,1,4,2,0.0548
PHC-DST-B1-03,2025-05-29,1,4,2,0.075
PHC-DST-B1-03,2025-05-30,1,4,2,0.0491
PHC-DST-B1-03,2025-05-31,1,4,2,0.0738
PHC-DST-B1-03,2025-06-01,1,2,1,0.4502
PHC-DST-B1-03,2025-06-02,1,4,2,0.0679
PHC-DST-B1-03,2025-06-03,1,4,2,0.0726
PHC-DST-B1-03,2025-06-04,1,4,2,
PHC-DST-B1-03,2025-06-05,1,4,2,0.0755
PHC-DST-B1-03,2025-06-06,1,4,2,0.079
PHC-DST-B1-03,2025-06-07,1,4,2,0.0641
PHC-DST-B1-03,2025-06-08,1,2,1,0.4513
PHC-DST-B1-03,2025-06-09,1,4,2,0.0768
PHC-DST-B1-03,2025-06-10,1,4,2,0.0715
PHC-DST-B1-03,2025-06-11,1,4,2,0.0558
PHC-DST-B1-03,2025-06-12,1,4,2,0.0468
PHC-DST-B1-03,2025-06-13,1,4,2,0.0536
PHC-DST-B1-03,2025-06-14,1,4,2,0.0462
PHC-DST-B1-03,2025-06-15,1,2,1,0.4697
PHC-DST-B1-03,2025-06-16,1,4,2,0.065
PHC-DST-B1-03,2025-06-17,1,4,2,0.0783
PHC-DST-B1-03,2025-06-18,1,4,2,0.0722
PHC-DST-B1-03,2025-06-19,1,4,2,0.0676
PHC-DST-B1-03,2025-06-20,1,4,2,0.0439
PHC-DST-B1-03,2025-06-21,1,4,2,0.0632
PHC-DST-B1-03,2025-06-22,1,2,1,0.453
PHC-DST-B1-03,2025-06-23,1,4,2,0.0459
PHC-DST-B1-03,2025-06-24,1,4,2,0.0642
PHC-DST-B1-03,2025-06-25,1,4,2,0.0621
PHC-DST-B1-03,2025-06-26,1,4,2,0.0783
PHC-DST-B1-03,2025-06-27,1,4,2,0.0489
PHC-DST-B1-03,2025-06-28,1,4,2,0.0713
PHC-DST-B1-03,2025-06-29,1,2,1,0.4474
PHC-DST-B1-03,2025-06-30,1,4,2,0.0503
PHC-DST-B1-04,2024-07-01,1,3,4,0.0707
PHC-DST-B1-04,2024-07-02,1,1,2,0.5912
PHC-DST-B1-04,2024-07-03,1,3,4,0.0583
PHC-DST-B1-04,2024-07-04,1,3,4,
PHC-DST-B1-04,2024-07-05,1,3,4,0.0713
PHC-DST-B1-04,2024-07-06,1,3,4,0.0751
PHC-DST-B1-04,2024-07-07,1,2,2,0.4699
PHC-DST-B1-04,2024-07-08,1,3,4,0.0545
PHC-DST-B1-04,2024-07-09,1,3,4,0.0558
PHC-DST-B1-04,2024-07-10,1,3,4,0.0639
PHC-DST-B1-04,2024-07-11,1,3,4,0.0656
PHC-DST-B1-04,2024-07-12,1,3,4,0.0513
PHC-DST-B1-04,2024-07-13,1,3,4,0.068
PHC-DST-B1-04,2024-07-14,1,2,2,0.4689
PHC-DST-B1-04,2024-07-15,1,3,4,0.0634
PHC-DST-B1-04,2024-07-16,1,3,4,0.067
PHC-DST-B1-04,2024-07-17,1,3,4,0.0685
PHC-DST-B1-04,2024-07-18,1,3,4,0.0455
PHC-DST-B1-04,2024-07-19,1,2,2,0.469
PHC-DST-B1-04,2024-07-20,1,3,4,0.0768
PHC-DST-B1-04,2024-07-21,0,1,1,0.8194
PHC-DST-B1-04,2024-07-22,1,3,4,0.0442
PHC-DST-B1-04,2024-07-23,1,3,4,0.077
PHC-DST-B1-04,2024-07-24,1,3,4,0.0503
PHC-DST-B1-04,2024-07-25,1,3,4,0.0709
PHC-DST-B1-04,2024-07-26,1,3,4,0.0523
PHC-DST-B1-04,2024-07-27,1,3,4,0.068
PHC-DST-B1-04,2024-07-28,1,2,2,0.4772
PHC-DST-B1-04,2024-07-29,1,3,4,0.0477
PHC-DST-B1-04,2024-07-30,1,3,4,0.0455
PHC-DST-B1-04,2024-07-31,1,3,4,0.0683
PHC-DST-B1-04,2024-08-01,1,3,4,0.0712
PHC-DST-B1-04,2024-08-02,1,3,4,0.0534
PHC-DST-B1-04,2024-08-03,1,3,4,0.0459
PHC-DST-B1-04,2024-08-04,1,2,2,0.4654
PHC-DST-B1-04,2024-08-05,1,3,4,0.042
PHC-DST-B1-04,2024-08-06,1,3,4,
PHC-DST-B1-04,2024-08-07,1,3,4,0.0783
PHC-DST-B1-04,2024-08-08,1,3,4,0.076
PHC-DST-B1-04,2024-08-09,1,3,4,0.0574
PHC-DST-B1-04,2024-08-10,1,2,2,0.4206
PHC-DST-B1-04,2024-08-11,1,2,2,0.4778
PHC-DST-B1-04,2024-08-12,1,3,4,0.0559
PHC-DST-B1-04,2024-08-13,1,3,4,0.0744
PHC-DST-B1-04,2024-08-14,1,3,4,0.0717
PHC-DST-B1-04,2024-08-15,1,3,4,0.0434
PHC-DST-B1-04,2024-08-16,1,3,4,0.0451
PHC-DST-B1-04,2024-08-17,1,3,4,0.0594
PHC-DST-B1-04,2024-08-18,1,2,2,0.4732
PHC-DST-B1-04,2024-08-19,1,3,4,0.0707
PHC-DST-B1-04,2024-08-20,1,3,4,0.0508
PHC-DST-B1-04,2024-08-21,1,3,4,0.0786
PHC-DST-B1-04,2024-08-22,1,3,4,0.0552
PHC-DST-B1-04,2024-08-23,1,3,4,0.0748
PHC-DST-B1-04,2024-08-24,1,3,4,0.0409
PHC-DST-B1-04,2024-08-25,1,2,2,0.4434
PHC-DST-B1-04,2024-08-26,1,3,4,0.0465
PHC-DST-B1-04,2024-08-27,1,3,4,0.0767
PHC-DST-B1-04,2024-08-28,1,3,4,0.0582
PHC-DST-B1-04,2024-08-29,1,3,4,0.0461
PHC-DST-B1-04,2024-08-30,1,3,4,0.0408
PHC-DST-B1-04,2024-08-31,1,3,4,0.0659
PHC-DST-B1-04,2024-09-01,1,2,2,0.4584
PHC-DST-B1-04,2024-09-02,1,3,4,0.0752
PHC-DST-B1-04,2024-09-03,1,3,4,0.0452
PHC-DST-B1-04,2024-09-04,1,3,4,0.065
PHC-DST-B1-04,2024-09-05,1,3,4,0.0419
PHC-DST-B1-04,2024-09-06,1,3,4,0.0573
PHC-DST-B1-04,2024-09-07,1,3,4,0.0771
PHC-DST-B1-04,2024-09-08,1,2,2,0.4592
PHC-DST-B1-04,2024-09-09,1,3,4,0.0608
PHC-DST-B1-04,2024-09-10,1,3,4,0.0701
PHC-DST-B1-04,2024-09-11,1,3,4,0.0723
PHC-DST-B1-04,2024-09-12,1,3,4,0.0735
PHC-DST-B1-04,2024-09-13,1,3,4,0.0635
PHC-DST-B1-04,2024-09-14,1,3,4,0.0791
PHC-DST-B1-04,2024-09-15,1,2,2,0.4785
PHC-DST-B1-04,2024-09-16,1,3,4,0.0636
PHC-DST-B1-04,2024-09-17,1,3,4,0.044
PHC-DST-B1-04,2024-09-18,1,2,2,0.4113
PHC-DST-B1-04,2024-09-19,1,3,4,0.0776
PHC-DST-B1-04,2024-09-20,1,3,4,0.077
PHC-DST-B1-04,2024-09-21,1,3,4,0.0537
PHC-DST-B1-04,2024-09-22,1,2,2,0.4654
PHC-DST-B1-04,2024-09-23,1,3,4,0.0518
PHC-DST-B1-04,2024-09-24,1,3,4,
PHC-DST-B1-04,2024-09-25,1,3,4,0.0659
PHC-DST-B1-04,2024-09-26,1,3,4,0.058
PHC-DST-B1-04,2024-09-27,1,3,4,0.0705
PHC-DST-B1-04,2024-09-28,1,3,4,0.0596
PHC-DST-B1-04,2024-09-29,1,2,2,0.4539
PHC-DST-B1-04,2024-09-30,1,3,4,0.0778
PHC-DST-B1-04,2024-10-01,1,3,4,0.0628
PHC-DST-B1-04,2024-10-02,1,3,4,0.0511
PHC-DST-B1-04,2024-10-03,1,3,4,0.0797
PHC-DST-B1-04,2024-10-04,1,3,4,0.0629
PHC-DST-B1-04,2024-10-05,1,3,4,0.0672
PHC-DST-B1-04,2024-10-06,1,2,2,0.4627
PHC-DST-B1-04,2024-10-07,1,3,4,0.0756
PHC-DST-B1-04,2024-10-08,1,3,4,0.0422
PHC-DST-B1-04,2024-10-09,1,3,4,0.0767
PHC-DST-B1-04,2024-10-10,1,3,4,0.0613
PHC-DST-B1-04,2024-10-11,1,3,4,0.077
PHC-DST-B1-04,2024-10-12,1,3,4,0.0508
PHC-DST-B1-04,2024-10-13,1,2,2,0.4799
PHC-DST-B1-04,2024-10-14,1,3,4,0.0591
PHC-DST-B1-04,2024-10-15,1,3,4,0.0562
PHC-DST-B1-04,2024-10-16,1,3,4,0.0743
PHC-DST-B1-04,2024-10-17,1,3,4,0.0536
PHC-DST-B1-04,2024-10-18,1,3,4,0.067
PHC-DST-B1-04,2024-10-19,1,3,4,0.065
PHC-DST-B1-04,2024-10-20,1,2,2,0.4676
PHC-DST-B1-04,2024-10-21,1,3,4,0.0655
PHC-DST-B1-04,2024-10-22,1,3,4,0.0602
PHC-DST-B1-04,2024-10-23,1,3,4,0.0437
PHC-DST-B1-04,2024-10-24,1,3,4,0.0679
PHC-DST-B1-04,2024-10-25,1,3,4,0.0721
PHC-DST-B1-04,2024-10-26,1,3,4,0.0559
PHC-DST-B1-04,2024-10-27,1,2,2,0.4684
PHC-DST-B1-04,2024-10-28,1,3,4,0.0727
PHC-DST-B1-04,2024-10-29,1,3,4,0.0452
PHC-DST-B1-04,2024-10-30,1,3,4,0.0442
PHC-DST-B1-04,2024-10-31,1,3,4,0.0448
PHC-DST-B1-04,2024-11-01,1,3,4,0.0692
PHC-DST-B1-04,2024-11-02,1,3,4,0.0694
PHC-DST-B1-04,2024-11-03,1,2,2,0.4584
PHC-DST-B1-04,2024-11-04,1,3,4,0.0771
PHC-DST-B1-04,2024-11-05,1,3,4,0.051
PHC-DST-B1-04,2024-11-06,1,3,4,0.0753
PHC-DST-B1-04,2024-11-07,1,3,4,0.0788
PHC-DST-B1-04,2024-11-08,1,3,4,0.0497
PHC-DST-B1-04,2024-11-09,1,3,4,0.054
PHC-DST-B1-04,2024-11-10,1,2,2,0.4535
PHC-DST-B1-04,2024-11-11,1,3,4,0.0695
PHC-DST-B1-04,2024-11-12,1,3,4,0.0475
PHC-DST-B1-04,2024-11-13,1,3,4,0.0656
PHC-DST-B1-04,2024-11-14,1,3,4,0.0724
PHC-DST-B1-04,2024-11-15,1,3,4,0.0704
PHC-DST-B1-04,2024-11-16,1,3,4,0.0488
PHC-DST-B1-04,2024-11-17,1,2,2,0.4478
PHC-DST-B1-04,2024-11-18,1,3,4,0.0473
PHC-DST-B1-04,2024-11-19,1,3,4,0.0492
PHC-DST-B1-04,2024-11-20,1,3,4,0.0472
PHC-DST-B1-04,2024-11-21,1,3,4,0.0768
PHC-DST-B1-04,2024-11-22,1,3,4,0.0571
PHC-DST-B1-04,2024-11-23,1,3,4,0.0701
PHC-DST-B1-04,2024-11-24,1,2,2,0.4717
PHC-DST-B1-04,2024-11-25,1,3,4,0.0571
PHC-DST-B1-04,2024-11-26,1,3,4,
PHC-DST-B1-04,2024-11-27,1,3,4,0.0538
PHC-DST-B1-04,2024-11-28,1,3,4,0.0718
PHC-DST-B1-04,2024-11-29,1,3,4,0.0548
PHC-DST-B1-04,2024-11-30,1,3,4,0.0497
PHC-DST-B1-04,2024-12-01,1,2,2,0.4783
PHC-DST-B1-04,2024-12-02,1,3,4,0.0662
PHC-DST-B1-04,2024-12-03,1,3,4,0.0624
PHC-DST-B1-04,2024-12-04,1,3,4,0.0762
PHC-DST-B1-04,2024-12-05,1,3,4,0.064
PHC-DST-B1-04,2024-12-06,1,3,4,
PHC-DST-B1-04,2024-12-07,1,3,4,0.0654
PHC-DST-B1-04,2024-12-08,1,2,2,0.4592
PHC-DST-B1-04,2024-12-09,1,3,4,0.0779
PHC-DST-B1-04,2024-12-10,1,3,4,0.0536
PHC-DST-B1-04,2024-12-11,1,3,4,0.0565
PHC-DST-B1-04,2024-12-12,1,3,4,0.0568
PHC-DST-B1-04,2024-12-13,1,3,4,0.0601
PHC-DST-B1-04,2024-12-14,1,3,4,0.0525
PHC-DST-B1-04,2024-12-15,1,2,2,0.45
PHC-DST-B1-04,2024-12-16,1,3,4,0.0741
PHC-DST-B1-04,2024-12-17,1,3,4,0.061
PHC-DST-B1-04,2024-12-18,1,3,4,0.0666
PHC-DST-B1-04,2024-12-19,1,3,4,0.0476
PHC-DST-B1-04,2024-12-20,1,3,4,0.052
PHC-DST-B1-04,2024-12-21,1,3,4,0.0794
PHC-DST-B1-04,2024-12-22,1,2,2,0.4405
PHC-DST-B1-04,2024-12-23,1,3,4,0.0523
PHC-DST-B1-04,2024-12-24,1,3,4,0.0616
PHC-DST-B1-04,2024-12-25,1,3,4,0.0524
PHC-DST-B1-04,2024-12-26,1,3,4,0.0484
PHC-DST-B1-04,2024-12-27,1,3,4,0.0709
PHC-DST-B1-04,2024-12-28,1,3,4,
PHC-DST-B1-04,2024-12-29,1,2,2,0.4739
PHC-DST-B1-04,2024-12-30,1,3,4,0.0402
PHC-DST-B1-04,2024-12-31,1,3,4,0.0558
PHC-DST-B1-04,2025-01-01,1,3,4,0.0533
PHC-DST-B1-04,2025-01-02,1,3,4,0.0542
PHC-DST-B1-04,2025-01-03,1,3,4,0.074
PHC-DST-B1-04,2025-01-04,1,3,4,0.0459
PHC-DST-B1-04,2025-01-05,1,2,2,0.4448
PHC-DST-B1-04,2025-01-06,1,3,4,0.0776
PHC-DST-B1-04,2025-01-07,1,3,4,0.0743
PHC-DST-B1-04,2025-01-08,1,3,4,0.0482
PHC-DST-B1-04,2025-01-09,1,3,4,0.0431
PHC-DST-B1-04,2025-01-10,1,3,4,0.0499
PHC-DST-B1-04,2025-01-11,1,3,4,0.0524
PHC-DST-B1-04,2025-01-12,1,2,2,0.4411
PHC-DST-B1-04,2025-01-13,1,3,4,0.0433
PHC-DST-B1-04,2025-01-14,1,3,4,0.0536
PHC-DST-B1-04,2025-01-15,1,3,4,0.051
PHC-DST-B1-04,2025-01-16,1,3,4,0.0556
PHC-DST-B1-04,2025-01-17,1,3,4,0.0752
PHC-DST-B1-04,2025-01-18,1,3,4,0.0403
PHC-DST-B1-04,2025-01-19,1,2,2,0.4672
PHC-DST-B1-04,2025-01-20,1,3,4,0.0784
PHC-DST-B1-04,2025-01-21,1,3,4,0.0643
PHC-DST-B1-04,2025-01-22,1,3,4,0.0698
PHC-DST-B1-04,2025-01-23,1,3,4,0.0572
PHC-DST-B1-04,2025-01-24,1,3,4,0.0519
PHC-DST-B1-04,2025-01-25,1,3,4,0.0462
PHC-DST-B1-04,2025-01-26,1,2,2,0.4691
PHC-DST-B1-04,2025-01-27,1,3,4,0.0457
PHC-DST-B1-04,2025-01-28,1,3,4,0.0561
PHC-DST-B1-04,2025-01-29,1,3,4,0.0619
PHC-DST-B1-04,2025-01-30,1,3,4,0.0533
PHC-DST-B1-04,2025-01-31,1,3,4,0.048
PHC-DST-B1-04,2025-02-01,1,3,4,0.0696
PHC-DST-B1-04,2025-02-02,1,2,2,0.4401
PHC-DST-B1-04,2025-02-03,1,3,4,0.0499
PHC-DST-B1-04,2025-02-04,1,3,4,0.0775
PHC-DST-B1-04,2025-02-05,1,3,4,0.06
PHC-DST-B1-04,2025-02-06,1,3,4,0.0572
PHC-DST-B1-04,2025-02-07,1,3,4,0.0408
PHC-DST-B1-04,2025-02-08,1,3,4,0.0725
PHC-DST-B1-04,2025-02-09,1,2,2,0.4778
PHC-DST-B1-04,2025-02-10,1,3,4,0.0756
PHC-DST-B1-04,2025-02-11,1,3,4,0.0561
PHC-DST-B1-04,2025-02-12,1,3,4,0.0541
PHC-DST-B1-04,2025-02-13,1,3,4,0.0592
PHC-DST-B1-04,2025-02-14,1,3,4,0.0691
PHC-DST-B1-04,2025-02-15,1,3,4,
PHC-DST-B1-04,2025-02-16,1,2,2,0.4717
PHC-DST-B1-04,2025-02-17,1,3,4,0.0537
PHC-DST-B1-04,2025-02-18,1,3,4,0.0577
PHC-DST-B1-04,2025-02-19,1,3,4,0.0735
PHC-DST-B1-04,2025-02-20,1,3,4,
PHC-DST-B1-04,2025-02-21,1,3,4,0.056
PHC-DST-B1-04,2025-02-22,1,3,4,0.0539
PHC-DST-B1-04,2025-02-23,1,2,2,0.4433
PHC-DST-B1-04,2025-02-24,1,3,4,0.0549
PHC-DST-B1-04,2025-02-25,1,3,4,0.0527
PHC-DST-B1-04,2025-02-26,1,3,4,0.0455
PHC-DST-B1-04,2025-02-27,1,3,4,0.064
PHC-DST-B1-04,2025-02-28,1,3,4,0.0719
PHC-DST-B1-04,2025-03-01,1,3,4,0.0795
PHC-DST-B1-04,2025-03-02,1,2,2,0.4445
PHC-DST-B1-04,2025-03-03,1,3,4,0.0677
PHC-DST-B1-04,2025-03-04,1,3,4,0.0511
PHC-DST-B1-04,2025-03-05,1,3,4,0.0764
PHC-DST-B1-04,2025-03-06,1,3,4,0.0537
PHC-DST-B1-04,2025-03-07,1,3,4,0.0538
PHC-DST-B1-04,2025-03-08,1,3,4,0.078
PHC-DST-B1-04,2025-03-09,1,2,2,0.4756
PHC-DST-B1-04,2025-03-10,1,3,4,0.0633
PHC-DST-B1-04,2025-03-11,1,3,4,0.0737
PHC-DST-B1-04,2025-03-12,1,3,4,0.0627
PHC-DST-B1-04,2025-03-13,1,3,4,0.0742
PHC-DST-B1-04,2025-03-14,1,3,4,0.059
PHC-DST-B1-04,2025-03-15,1,3,4,0.0755
PHC-DST-B1-04,2025-03-16,1,2,2,0.469
PHC-DST-B1-04,2025-03-17,1,3,4,0.0478
PHC-DST-B1-04,2025-03-18,1,3,4,0.0654
PHC-DST-B1-04,2025-03-19,1,3,4,0.0444
PHC-DST-B1-04,2025-03-20,1,3,4,0.0427
PHC-DST-B1-04,2025-03-21,1,3,4,0.0594
PHC-DST-B1-04,2025-03-22,1,3,4,0.0682
PHC-DST-B1-04,2025-03-23,1,2,2,0.4467
PHC-DST-B1-04,2025-03-24,1,3,4,0.0506
PHC-DST-B1-04,2025-03-25,1,3,4,0.0665
PHC-DST-B1-04,2025-03-26,1,3,4,0.0676
PHC-DST-B1-04,2025-03-27,1,3,4,0.0597
PHC-DST-B1-04,2025-03-28,1,3,4,0.0798
PHC-DST-B1-04,2025-03-29,1,3,4,0.0633
PHC-DST-B1-04,2025-03-30,1,2,2,0.4502
PHC-DST-B1-04,2025-03-31,1,3,4,
PHC-DST-B1-04,2025-04-01,1,3,4,0.0774
PHC-DST-B1-04,2025-04-02,1,3,4,0.0415
PHC-DST-B1-04,2025-04-03,1,3,4,0.0528
PHC-DST-B1-04,2025-04-04,1,3,4,0.0474
PHC-DST-B1-04,2025-04-05,1,3,4,0.0408
PHC-DST-B1-04,2025-04-06,1,2,2,0.4652
PHC-DST-B1-04,2025-04-07,1,3,4,0.0786
PHC-DST-B1-04,2025-04-08,1,3,4,0.0513
PHC-DST-B1-04,2025-04-09,1,3,4,0.0683
PHC-DST-B1-04,2025-04-10,1,3,4,0.072
PHC-DST-B1-04,2025-04-11,1,3,4,0.0456
PHC-DST-B1-04,2025-04-12,1,3,4,0.0447
PHC-DST-B1-04,2025-04-13,1,2,2,0.4781
PHC-DST-B1-04,2025-04-14,1,3,4,0.0563
PHC-DST-B1-04,2025-04-15,1,3,4,0.0413
PHC-DST-B1-04,2025-04-16,1,3,4,0.0612
PHC-DST-B1-04,2025-04-17,1,3,4,0.0606
PHC-DST-B1-04,2025-04-18,1,3,4,0.041
PHC-DST-B1-04,2025-04-19,1,3,4,0.0511
PHC-DST-B1-04,2025-04-20,1,2,2,0.4553
PHC-DST-B1-04,2025-04-21,1,3,4,0.0725
PHC-DST-B1-04,2025-04-22,1,3,4,0.0672
PHC-DST-B1-04,2025-04-23,1,3,4,0.065
PHC-DST-B1-04,2025-04-24,1,3,4,0.0638
PHC-DST-B1-04,2025-04-25,1,3,4,0.0675
PHC-DST-B1-04,2025-04-26,1,3,4,0.0643
PHC-DST-B1-04,2025-04-27,1,2,2,0.4451
PHC-DST-B1-04,2025-04-28,1,3,4,0.0705
PHC-DST-B1-04,2025-04-29,1,3,4,0.0511
PHC-DST-B1-04,2025-04-30,1,3,4,0.0605
PHC-DST-B1-04,2025-05-01,1,3,4,0.0793
PHC-DST-B1-04,2025-05-02,1,3,4,0.0654
PHC-DST-B1-04,2025-05-03,1,3,4,0.0566
PHC-DST-B1-04,2025-05-04,1,2,2,0.4447
PHC-DST-B1-04,2025-05-05,1,3,4,0.048
PHC-DST-B1-04,2025-05-06,1,3,4,0.0448
PHC-DST-B1-04,2025-05-07,1,3,4,0.0418
PHC-DST-B1-04,2025-05-08,1,3,4,0.053
PHC-DST-B1-04,2025-05-09,1,3,4,0.0523
PHC-DST-B1-04,2025-05-10,1,3,4,0.0425
PHC-DST-B1-04,2025-05-11,1,2,2,0.4497
PHC-DST-B1-04,2025-05-12,1,3,4,0.0794
PHC-DST-B1-04,2025-05-13,1,3,4,0.0677
PHC-DST-B1-04,2025-05-14,1,3,4,0.0528
PHC-DST-B1-04,2025-05-15,1,3,4,0.0783
PHC-DST-B1-04,2025-05-16,1,3,4,0.0769
PHC-DST-B1-04,2025-05-17,1,3,4,0.0717
PHC-DST-B1-04,2025-05-18,1,2,2,0.4691
PHC-DST-B1-04,2025-05-19,1,3,4,0.0732
PHC-DST-B1-04,2025-05-20,1,3,4,0.0674
PHC-DST-B1-04,2025-05-21,1,3,4,0.0619
PHC-DST-B1-04,2025-05-22,1,3,4,0.0724
PHC-DST-B1-04,2025-05-23,1,3,4,0.0629
PHC-DST-B1-04,2025-05-24,1,3,4,0.0566
PHC-DST-B1-04,2025-05-25,1,2,2,0.4727
PHC-DST-B1-04,2025-05-26,1,3,4,0.0506
PHC-DST-B1-04,2025-05-27,1,3,4,0.0481
PHC-DST-B1-04,2025-05-28,1,3,4,0.0442
PHC-DST-B1-04,2025-05-29,1,3,4,0.0667
PHC-DST-B1-04,2025-05-30,1,3,4,0.0798
PHC-DST-B1-04,2025-05-31,1,3,4,0.0693
PHC-DST-B1-04,2025-06-01,1,2,2,0.4494
PHC-DST-B1-04,2025-06-02,1,3,4,0.0575
PHC-DST-B1-04,2025-06-03,1,3,4,0.0777
PHC-DST-B1-04,2025-06-04,1,3,4,0.0657
PHC-DST-B1-04,2025-06-05,1,3,4,0.0617
PHC-DST-B1-04,2025-06-06,1,3,4,0.0476
PHC-DST-B1-04,2025-06-07,1,3,4,0.0403
PHC-DST-B1-04,2025-06-08,1,2,2,0.4763
PHC-DST-B1-04,2025-06-09,1,3,4,0.0566
PHC-DST-B1-04,2025-06-10,1,3,4,0.0411
PHC-DST-B1-04,2025-06-11,1,3,4,0.0614
PHC-DST-B1-04,2025-06-12,1,3,4,0.052
PHC-DST-B1-04,2025-06-13,1,3,4,0.0759
PHC-DST-B1-04,2025-06-14,1,3,4,0.0701
PHC-DST-B1-04,2025-06-15,1,2,2,0.4465
PHC-DST-B1-04,2025-06-16,1,3,4,0.0646
PHC-DST-B1-04,2025-06-17,1,3,4,0.0502
PHC-DST-B1-04,2025-06-18,1,3,4,0.0721
PHC-DST-B1-04,2025-06-19,1,3,4,0.0524
PHC-DST-B1-04,2025-06-20,1,3,4,0.0738
PHC-DST-B1-04,2025-06-21,1,3,4,0.0552
PHC-DST-B1-04,2025-06-22,1,2,2,0.4636
PHC-DST-B1-04,2025-06-23,1,3,4,0.0551
PHC-DST-B1-04,2025-06-24,1,3,4,0.0495
PHC-DST-B1-04,2025-06-25,1,3,4,0.058
PHC-DST-B1-04,2025-06-26,1,3,4,0.0648
PHC-DST-B1-04,2025-06-27,1,3,4,0.0425
PHC-DST-B1-04,2025-06-28,1,3,4,0.0653
PHC-DST-B1-04,2025-06-29,1,2,2,0.455
PHC-DST-B1-04,2025-06-30,1,3,4,0.0506
PHC-DST-B1-05,2024-07-01,1,2,3,0.0684
PHC-DST-B1-05,2024-07-02,1,1,2,0.4199
PHC-DST-B1-05,2024-07-03,1,2,3,0.0777
PHC-DST-B1-05,2024-07-04,1,2,3,0.0783
PHC-DST-B1-05,2024-07-05,1,2,3,0.0679
PHC-DST-B1-05,2024-07-06,1,2,3,0.0444
PHC-DST-B1-05,2024-07-07,1,1,2,0.4547
PHC-DST-B1-05,2024-07-08,1,2,3,0.0761
PHC-DST-B1-05,2024-07-09,1,2,3,0.0493
PHC-DST-B1-05,2024-07-10,1,2,3,0.0555
PHC-DST-B1-05,2024-07-11,1,2,3,0.0671
PHC-DST-B1-05,2024-07-12,1,2,3,0.0436
PHC-DST-B1-05,2024-07-13,1,2,3,0.0409
PHC-DST-B1-05,2024-07-14,1,1,2,0.4455
PHC-DST-B1-05,2024-07-15,1,2,3,0.0404
PHC-DST-B1-05,2024-07-16,1,2,3,0.0581
PHC-DST-B1-05,2024-07-17,1,2,3,0.0416
PHC-DST-B1-05,2024-07-18,1,2,3,0.0742
PHC-DST-B1-05,2024-07-19,1,1,2,0.4882
PHC-DST-B1-05,2024-07-20,1,2,3,0.0542
PHC-DST-B1-05,2024-07-21,0,1,0,0.85
PHC-DST-B1-05,2024-07-22,1,2,3,0.064
PHC-DST-B1-05,2024-07-23,1,2,3,0.0428
PHC-DST-B1-05,2024-07-24,1,2,3,0.0427
PHC-DST-B1-05,2024-07-25,1,2,3,0.0726
PHC-DST-B1-05,2024-07-26,1,2,3,0.0567
PHC-DST-B1-05,2024-07-27,1,2,3,0.0751
PHC-DST-B1-05,2024-07-28,1,1,2,0.4758
PHC-DST-B1-05,2024-07-29,1,2,3,0.0566
PHC-DST-B1-05,2024-07-30,1,2,3,0.0681
PHC-DST-B1-05,2024-07-31,1,2,3,0.0556
PHC-DST-B1-05,2024-08-01,1,2,3,0.0567
PHC-DST-B1-05,2024-08-02,1,2,3,0.0683
PHC-DST-B1-05,2024-08-03,1,2,3,0.0585
PHC-DST-B1-05,2024-08-04,1,1,2,0.478
PHC-DST-B1-05,2024-08-05,1,2,3,
PHC-DST-B1-05,2024-08-06,1,2,3,0.0711
PHC-DST-B1-05,2024-08-07,1,2,3,0.0656
PHC-DST-B1-05,2024-08-08,1,2,3,0.0634
PHC-DST-B1-05,2024-08-09,1,2,3,0.0792
PHC-DST-B1-05,2024-08-10,1,1,2,0.3814
PHC-DST-B1-05,2024-08-11,1,1,2,0.4507
PHC-DST-B1-05,2024-08-12,1,2,3,0.074
PHC-DST-B1-05,2024-08-13,1,2,3,0.0732
PHC-DST-B1-05,2024-08-14,1,2,3,0.0435
PHC-DST-B1-05,2024-08-15,1,2,3,0.0465
PHC-DST-B1-05,2024-08-16,1,2,3,0.0656
PHC-DST-B1-05,2024-08-17,1,2,3,
PHC-DST-B1-05,2024-08-18,1,1,2,0.4793
PHC-DST-B1-05,2024-08-19,1,2,3,0.0757
PHC-DST-B1-05,2024-08-20,1,2,3,0.0683
PHC-DST-B1-05,2024-08-21,1,2,3,0.0645
PHC-DST-B1-05,2024-08-22,1,2,3,0.0401
PHC-DST-B1-05,2024-08-23,1,2,3,0.0539
PHC-DST-B1-05,2024-08-24,1,2,3,0.067
PHC-DST-B1-05,2024-08-25,1,1,2,0.4586
PHC-DST-B1-05,2024-08-26,1,2,3,0.0779
PHC-DST-B1-05,2024-08-27,1,2,3,0.0609
PHC-DST-B1-05,2024-08-28,1,2,3,0.065
PHC-DST-B1-05,2024-08-29,1,2,3,0.0455
PHC-DST-B1-05,2024-08-30,1,2,3,0.0583
PHC-DST-B1-05,2024-08-31,1,2,3,0.0493
PHC-DST-B1-05,2024-09-01,1,1,2,0.4703
PHC-DST-B1-05,2024-09-02,1,2,3,0.0751
PHC-DST-B1-05,2024-09-03,1,2,3,0.0577
PHC-DST-B1-05,2024-09-04,1,2,3,0.0453
PHC-DST-B1-05,2024-09-05,1,2,3,0.0419
PHC-DST-B1-05,2024-09-06,1,2,3,0.0526
PHC-DST-B1-05,2024-09-07,1,2,3,0.0773
PHC-DST-B1-05,2024-09-08,1,1,2,0.4529
PHC-DST-B1-05,2024-09-09,1,2,3,0.0641
PHC-DST-B1-05,2024-09-10,1,2,3,0.0602
PHC-DST-B1-05,2024-09-11,1,2,3,0.0481
PHC-DST-B1-05,2024-09-12,1,2,3,0.0777
PHC-DST-B1-05,2024-09-13,1,2,3,0.0472
PHC-DST-B1-05,2024-09-14,1,2,3,0.0437
PHC-DST-B1-05,2024-09-15,1,1,2,0.4774
PHC-DST-B1-05,2024-09-16,1,2,3,0.0537
PHC-DST-B1-05,2024-09-17,1,2,3,0.0695
PHC-DST-B1-05,2024-09-18,1,1,2,0.3997
PHC-DST-B1-05,2024-09-19,1,2,3,0.06
PHC-DST-B1-05,2024-09-20,1,2,3,0.0485
PHC-DST-B1-05,2024-09-21,1,2,3,0.0596
PHC-DST-B1-05,2024-09-22,1,1,2,0.4619
PHC-DST-B1-05,2024-09-23,1,2,3,0.0764
PHC-DST-B1-05,2024-09-24,1,2,3,0.0652
PHC-DST-B1-05,2024-09-25,1,2,3,0.0421
PHC-DST-B1-05,2024-09-26,1,2,3,0.0705
PHC-DST-B1-05,2024-09-27,1,2,3,0.0493
PHC-DST-B1-05,2024-09-28,1,2,3,0.0576
PHC-DST-B1-05,2024-09-29,1,1,2,0.4696
PHC-DST-B1-05,2024-09-30,1,2,3,0.0444
PHC-DST-B1-05,2024-10-01,1,2,3,0.0781
PHC-DST-B1-05,2024-10-02,1,2,3,0.0416
PHC-DST-B1-05,2024-10-03,1,2,3,0.0511
PHC-DST-B1-05,2024-10-04,1,2,3,0.0586
PHC-DST-B1-05,2024-10-05,1,2,3,0.0619
PHC-DST-B1-05,2024-10-06,1,1,2,0.4683
PHC-DST-B1-05,2024-10-07,1,2,3,0.0428
PHC-DST-B1-05,2024-10-08,1,2,3,0.0616
PHC-DST-B1-05,2024-10-09,1,2,3,0.0776
PHC-DST-B1-05,2024-10-10,1,2,3,0.0582
PHC-DST-B1-05,2024-10-11,1,2,3,0.0489
PHC-DST-B1-05,2024-10-12,1,2,3,0.0678
PHC-DST-B1-05,2024-10-13,1,1,2,0.4738
PHC-DST-B1-05,2024-10-14,1,2,3,0.0569
PHC-DST-B1-05,2024-10-15,1,2,3,0.0411
PHC-DST-B1-05,2024-10-16,1,2,3,0.0441
PHC-DST-B1-05,2024-10-17,1,2,3,0.0624
PHC-DST-B1-05,2024-10-18,1,2,3,0.0515
PHC-DST-B1-05,2024-10-19,1,2,3,0.0565
PHC-DST-B1-05,2024-10-20,1,1,2,0.4668
PHC-DST-B1-05,2024-10-21,1,2,3,0.0658
PHC-DST-B1-05,2024-10-22,1,2,3,0.0781
PHC-DST-B1-05,2024-10-23,1,2,3,0.0422
PHC-DST-B1-05,2024-10-24,1,2,3,0.0486
PHC-DST-B1-05,2024-10-25,1,2,3,0.066
PHC-DST-B1-05,2024-10-26,1,2,3,0.0689
PHC-DST-B1-05,2024-10-27,1,1,2,0.4736
PHC-DST-B1-05,2024-10-28,1,2,3,0.0741
PHC-DST-B1-05,2024-10-29,1,2,3,0.0654
PHC-DST-B1-05,2024-10-30,1,2,3,0.059
PHC-DST-B1-05,2024-10-31,1,2,3,0.0555
PHC-DST-B1-05,2024-11-01,1,2,3,0.0638
PHC-DST-B1-05,2024-11-02,1,2,3,0.0513
PHC-DST-B1-05,2024-11-03,1,1,2,0.4699
PHC-DST-B1-05,2024-11-04,1,2,3,0.0446
PHC-DST-B1-05,2024-11-05,1,2,3,0.0533
PHC-DST-B1-05,2024-11-06,1,2,3,0.0465
PHC-DST-B1-05,2024-11-07,1,2,3,0.0445
PHC-DST-B1-05,2024-11-08,1,2,3,0.0636
PHC-DST-B1-05,2024-11-09,1,2,3,0.0535
PHC-DST-B1-05,2024-11-10,1,1,2,0.4538
PHC-DST-B1-05,2024-11-11,1,2,3,0.054
PHC-DST-B1-05,2024-11-12,1,2,3,0.0573
PHC-DST-B1-05,2024-11-13,1,2,3,0.0773
PHC-DST-B1-05,2024-11-14,1,2,3,0.0603
PHC-DST-B1-05,2024-11-15,1,2,3,0.078
PHC-DST-B1-05,2024-11-16,1,2,3,0.0602
PHC-DST-B1-05,2024-11-17,1,1,2,0.479
PHC-DST-B1-05,2024-11-18,1,2,3,0.0508
PHC-DST-B1-05,2024-11-19,1,2,3,0.0605
PHC-DST-B1-05,2024-11-20,1,2,3,0.0727
PHC-DST-B1-05,2024-11-21,1,2,3,0.0633
PHC-DST-B1-05,2024-11-22,1,2,3,0.0596
PHC-DST-B1-05,2024-11-23,1,2,3,0.0432
PHC-DST-B1-05,2024-11-24,1,1,2,0.4405
PHC-DST-B1-05,2024-11-25,1,2,3,0.0402
PHC-DST-B1-05,2024-11-26,1,2,3,0.0505
PHC-DST-B1-05,2024-11-27,1,2,3,
PHC-DST-B1-05,2024-11-28,1,2,3,0.059
PHC-DST-B1-05,2024-11-29,1,2,3,0.0468
PHC-DST-B1-05,2024-11-30,1,2,3,0.0588
PHC-DST-B1-05,2024-12-01,1,1,2,0.4425
PHC-DST-B1-05,2024-12-02,1,2,3,0.0457
PHC-DST-B1-05,2024-12-03,1,2,3,0.0569
PHC-DST-B1-05,2024-12-04,1,2,3,0.0571
PHC-DST-B1-05,2024-12-05,1,2,3,0.0693
PHC-DST-B1-05,2024-12-06,1,2,3,0.0609
PHC-DST-B1-05,2024-12-07,1,2,3,0.0639
PHC-DST-B1-05,2024-12-08,1,1,2,0.4598
PHC-DST-B1-05,2024-12-09,1,2,3,0.0683
PHC-DST-B1-05,2024-12-10,1,2,3,0.0585
PHC-DST-B1-05,2024-12-11,1,2,3,0.0531
PHC-DST-B1-05,2024-12-12,1,2,3,0.0734
PHC-DST-B1-05,2024-12-13,1,2,3,0.0687
PHC-DST-B1-05,2024-12-14,1,2,3,0.0493
PHC-DST-B1-05,2024-12-15,1,1,2,0.4597
PHC-DST-B1-05,2024-12-16,1,2,3,0.0483
PHC-DST-B1-05,2024-12-17,1,2,3,0.0788
PHC-DST-B1-05,2024-12-18,1,2,3,0.0566
PHC-DST-B1-05,2024-12-19,1,2,3,0.0727
PHC-DST-B1-05,2024-12-20,1,2,3,0.0715
PHC-DST-B1-05,2024-12-21,1,2,3,0.0638
PHC-DST-B1-05,2024-12-22,1,1,2,0.4603
PHC-DST-B1-05,2024-12-23,1,2,3,0.0699
PHC-DST-B1-05,2024-12-24,1,2,3,0.0654
PHC-DST-B1-05,2024-12-25,1,2,3,0.0517
PHC-DST-B1-05,2024-12-26,1,2,3,0.0494
PHC-DST-B1-05,2024-12-27,1,2,3,0.075
PHC-DST-B1-05,2024-12-28,1,2,3,
PHC-DST-B1-05,2024-12-29,1,1,2,
PHC-DST-B1-05,2024-12-30,1,2,3,0.0411
PHC-DST-B1-05,2024-12-31,1,2,3,0.0461
PHC-DST-B1-05,2025-01-01,1,2,3,0.0404
PHC-DST-B1-05,2025-01-02,1,2,3,0.0762
PHC-DST-B1-05,2025-01-03,1,2,3,0.0562
PHC-DST-B1-05,2025-01-04,1,2,3,0.067
PHC-DST-B1-05,2025-01-05,1,1,2,0.4539
PHC-DST-B1-05,2025-01-06,1,2,3,0.0514
PHC-DST-B1-05,2025-01-07,1,2,3,0.0685
PHC-DST-B1-05,2025-01-08,1,2,3,0.0605
PHC-DST-B1-05,2025-01-09,1,2,3,0.0583
PHC-DST-B1-05,2025-01-10,1,2,3,0.0487
PHC-DST-B1-05,2025-01-11,1,2,3,0.0708
PHC-DST-B1-05,2025-01-12,1,1,2,0.4479
PHC-DST-B1-05,2025-01-13,1,2,3,0.0785
PHC-DST-B1-05,2025-01-14,1,2,3,0.073
PHC-DST-B1-05,2025-01-15,1,2,3,0.0691
PHC-DST-B1-05,2025-01-16,1,2,3,0.0443
PHC-DST-B1-05,2025-01-17,1,2,3,0.0546
PHC-DST-B1-05,2025-01-18,1,2,3,0.0607
PHC-DST-B1-05,2025-01-19,1,1,2,0.4648
PHC-DST-B1-05,2025-01-20,1,2,3,0.0519
PHC-DST-B1-05,2025-01-21,1,2,3,0.0653
PHC-DST-B1-05,2025-01-22,1,2,3,0.0699
PHC-DST-B1-05,2025-01-23,1,2,3,0.0734
PHC-DST-B1-05,2025-01-24,1,2,3,0.0794
PHC-DST-B1-05,2025-01-25,1,2,3,0.0705
PHC-DST-B1-05,2025-01-26,1,1,2,0.4485
PHC-DST-B1-05,2025-01-27,1,2,3,0.0485
PHC-DST-B1-05,2025-01-28,1,2,3,0.0726
PHC-DST-B1-05,2025-01-29,1,2,3,0.0729
PHC-DST-B1-05,2025-01-30,1,2,3,0.0792
PHC-DST-B1-05,2025-01-31,1,2,3,0.0543
PHC-DST-B1-05,2025-02-01,1,2,3,0.0418
PHC-DST-B1-05,2025-02-02,1,1,2,0.4463
PHC-DST-B1-05,2025-02-03,1,2,3,0.0655
PHC-DST-B1-05,2025-02-04,1,2,3,0.079
PHC-DST-B1-05,2025-02-05,1,2,3,0.0469
PHC-DST-B1-05,2025-02-06,1,2,3,0.0756
PHC-DST-B1-05,2025-02-07,1,2,3,0.0568
PHC-DST-B1-05,2025-02-08,1,2,3,0.0436
PHC-DST-B1-05,2025-02-09,1,1,2,0.4416
PHC-DST-B1-05,2025-02-10,1,2,3,0.0438
PHC-DST-B1-05,2025-02-11,1,2,3,0.0418
PHC-DST-B1-05,2025-02-12,1,2,3,0.0463
PHC-DST-B1-05,2025-02-13,1,2,3,0.0746
PHC-DST-B1-05,2025-02-14,1,2,3,0.0729
PHC-DST-B1-05,2025-02-15,1,2,3,0.0563
PHC-DST-B1-05,2025-02-16,1,1,2,0.4573
PHC-DST-B1-05,2025-02-17,1,2,3,0.0486
PHC-DST-B1-05,2025-02-18,1,2,3,0.0548
PHC-DST-B1-05,2025-02-19,1,2,3,0.0524
PHC-DST-B1-05,2025-02-20,1,2,3,0.0754
PHC-DST-B1-05,2025-02-21,1,2,3,0.0543
PHC-DST-B1-05,2025-02-22,1,2,3,0.0484
PHC-DST-B1-05,2025-02-23,1,1,2,0.4546
PHC-DST-B1-05,2025-02-24,1,2,3,0.062
PHC-DST-B1-05,2025-02-25,1,2,3,0.0547
PHC-DST-B1-05,2025-02-26,1,2,3,0.045
PHC-DST-B1-05,2025-02-27,1,2,3,0.0497
PHC-DST-B1-05,2025-02-28,1,2,3,0.0451
PHC-DST-B1-05,2025-03-01,1,2,3,0.0559
PHC-DST-B1-05,2025-03-02,1,1,2,0.4438
PHC-DST-B1-05,2025-03-03,1,2,3,0.0497
PHC-DST-B1-05,2025-03-04,1,2,3,0.0731
PHC-DST-B1-05,2025-03-05,1,2,3,0.0621
PHC-DST-B1-05,2025-03-06,1,2,3,0.0799
PHC-DST-B1-05,2025-03-07,1,2,3,0.0478
PHC-DST-B1-05,2025-03-08,1,2,3,0.0412
PHC-DST-B1-05,2025-03-09,1,1,2,0.4782
PHC-DST-B1-05,2025-03-10,1,2,3,0.0412
PHC-DST-B1-05,2025-03-11,1,2,3,0.0632
PHC-DST-B1-05,2025-03-12,1,2,3,0.0584
PHC-DST-B1-05,2025-03-13,1,2,3,0.0567
PHC-DST-B1-05,2025-03-14,1,2,3,0.0656
PHC-DST-B1-05,2025-03-15,1,2,3,0.0566
PHC-DST-B1-05,2025-03-16,1,1,2,0.4632
PHC-DST-B1-05,2025-03-17,1,2,3,0.0483
PHC-DST-B1-05,2025-03-18,1,2,3,0.0574
PHC-DST-B1-05,2025-03-19,1,2,3,0.0566
PHC-DST-B1-05,2025-03-20,1,2,3,0.0429
PHC-DST-B1-05,2025-03-21,1,2,3,0.0564
PHC-DST-B1-05,2025-03-22,1,2,3,0.0689
PHC-DST-B1-05,2025-03-23,1,1,2,
PHC-DST-B1-05,2025-03-24,1,2,3,0.055
PHC-DST-B1-05,2025-03-25,1,2,3,0.048
PHC-DST-B1-05,2025-03-26,1,2,3,0.0698
PHC-DST-B1-05,2025-03-27,1,2,3,0.0595
PHC-DST-B1-05,2025-03-28,1,2,3,0.0525
PHC-DST-B1-05,2025-03-29,1,2,3,0.0561
PHC-DST-B1-05,2025-03-30,1,1,2,0.442
PHC-DST-B1-05,2025-03-31,1,2,3,0.0764
PHC-DST-B1-05,2025-04-01,1,2,3,0.077
PHC-DST-B1-05,2025-04-02,1,2,3,0.0403
PHC-DST-B1-05,2025-04-03,1,2,3,0.0525
PHC-DST-B1-05,2025-04-04,1,2,3,0.0656
PHC-DST-B1-05,2025-04-05,1,2,3,0.0555
PHC-DST-B1-05,2025-04-06,1,1,2,0.4656
PHC-DST-B1-05,2025-04-07,1,2,3,0.0688
PHC-DST-B1-05,2025-04-08,1,2,3,0.0734
PHC-DST-B1-05,2025-04-09,1,2,3,0.0417
PHC-DST-B1-05,2025-04-10,1,2,3,0.0565
PHC-DST-B1-05,2025-04-11,1,2,3,0.0537
PHC-DST-B1-05,2025-04-12,1,2,3,0.0634
PHC-DST-B1-05,2025-04-13,1,1,2,0.4697
PHC-DST-B1-05,2025-04-14,1,2,3,0.0584
PHC-DST-B1-05,2025-04-15,1,2,3,0.0566
PHC-DST-B1-05,2025-04-16,1,2,3,0.069
PHC-DST-B1-05,2025-04-17,1,2,3,0.0755
PHC-DST-B1-05,2025-04-18,1,2,3,0.0439
PHC-DST-B1-05,2025-04-19,1,2,3,0.0566
PHC-DST-B1-05,2025-04-20,1,1,2,0.4488
PHC-DST-B1-05,2025-04-21,1,2,3,0.0454
PHC-DST-B1-05,2025-04-22,1,2,3,0.0615
PHC-DST-B1-05,2025-04-23,1,2,3,0.0427
PHC-DST-B1-05,2025-04-24,1,2,3,0.0749
PHC-DST-B1-05,2025-04-25,1,2,3,0.0728
PHC-DST-B1-05,2025-04-26,1,2,3,0.0751
PHC-DST-B1-05,2025-04-27,1,1,2,0.4453
PHC-DST-B1-05,2025-04-28,1,2,3,0.0674
PHC-DST-B1-05,2025-04-29,1,2,3,0.0756
PHC-DST-B1-05,2025-04-30,1,2,3,0.0722
PHC-DST-B1-05,2025-05-01,1,2,3,0.0708
PHC-DST-B1-05,2025-05-02,1,2,3,0.0749
PHC-DST-B1-05,2025-05-03,1,2,3,0.0705
PHC-DST-B1-05,2025-05-04,1,1,2,0.4716
PHC-DST-B1-05,2025-05-05,1,2,3,0.0551
PHC-DST-B1-05,2025-05-06,1,2,3,0.0448
PHC-DST-B1-05,2025-05-07,1,2,3,0.0446
PHC-DST-B1-05,2025-05-08,1,2,3,0.0584
PHC-DST-B1-05,2025-05-09,1,2,3,0.0618
PHC-DST-B1-05,2025-05-10,1,2,3,0.0469
PHC-DST-B1-05,2025-05-11,1,1,2,0.4665
PHC-DST-B1-05,2025-05-12,1,2,3,0.0742
PHC-DST-B1-05,2025-05-13,1,2,3,0.0561
PHC-DST-B1-05,2025-05-14,1,2,3,0.0764
PHC-DST-B1-05,2025-05-15,1,2,3,0.0702
PHC-DST-B1-05,2025-05-16,1,2,3,0.0486
PHC-DST-B1-05,2025-05-17,1,2,3,0.079
PHC-DST-B1-05,2025-05-18,1,1,2,0.4571
PHC-DST-B1-05,2025-05-19,1,2,3,
PHC-DST-B1-05,2025-05-20,1,2,3,0.0622
PHC-DST-B1-05,2025-05-21,1,2,3,0.0559
PHC-DST-B1-05,2025-05-22,1,2,3,0.0764
PHC-DST-B1-05,2025-05-23,1,2,3,0.0626
PHC-DST-B1-05,2025-05-24,1,2,3,0.0648
PHC-DST-B1-05,2025-05-25,1,1,2,0.4624
PHC-DST-B1-05,2025-05-26,1,2,3,0.069
PHC-DST-B1-05,2025-05-27,1,2,3,0.0531
PHC-DST-B1-05,2025-05-28,1,2,3,0.0767
PHC-DST-B1-05,2025-05-29,1,2,3,0.0564
PHC-DST-B1-05,2025-05-30,1,2,3,0.0412
PHC-DST-B1-05,2025-05-31,1,2,3,0.064
PHC-DST-B1-05,2025-06-01,1,1,2,0.4678
PHC-DST-B1-05,2025-06-02,1,2,3,0.045
PHC-DST-B1-05,2025-06-03,1,2,3,0.0661
PHC-DST-B1-05,2025-06-04,1,2,3,0.0756
PHC-DST-B1-05,2025-06-05,1,2,3,0.0618
PHC-DST-B1-05,2025-06-06,1,2,3,0.046
PHC-DST-B1-05,2025-06-07,1,2,3,0.0648
PHC-DST-B1-05,2025-06-08,1,1,2,0.4528
PHC-DST-B1-05,2025-06-09,1,2,3,0.044
PHC-DST-B1-05,2025-06-10,1,2,3,0.0479
PHC-DST-B1-05,2025-06-11,1,2,3,0.0777
PHC-DST-B1-05,2025-06-12,1,2,3,0.0752
PHC-DST-B1-05,2025-06-13,1,2,3,0.0706
PHC-DST-B1-05,2025-06-14,1,2,3,0.0767
PHC-DST-B1-05,2025-06-15,1,1,2,0.4765
PHC-DST-B1-05,2025-06-16,1,2,3,0.052
PHC-DST-B1-05,2025-06-17,1,2,3,0.0485
PHC-DST-B1-05,2025-06-18,1,2,3,0.0446
PHC-DST-B1-05,2025-06-19,1,2,3,0.0541
PHC-DST-B1-05,2025-06-20,1,2,3,0.0697
PHC-DST-B1-05,2025-06-21,1,2,3,0.08
PHC-DST-B1-05,2025-06-22,1,1,2,0.4506
PHC-DST-B1-05,2025-06-23,1,2,3,0.0755
PHC-DST-B1-05,2025-06-24,1,2,3,0.0555
PHC-DST-B1-05,2025-06-25,1,2,3,0.0739
PHC-DST-B1-05,2025-06-26,1,2,3,0.0453
PHC-DST-B1-05,2025-06-27,1,2,3,0.0436
PHC-DST-B1-05,2025-06-28,1,2,3,0.0777
PHC-DST-B1-05,2025-06-29,1,1,2,0.4796
PHC-DST-B1-05,2025-06-30,1,2,3,0.0649
PHC-DST-B1-06,2024-07-01,1,2,2,0.0433
PHC-DST-B1-06,2024-07-02,1,1,1,0.5246
PHC-DST-B1-06,2024-07-03,1,2,2,0.0656
PHC-DST-B1-06,2024-07-04,1,2,2,0.0729
PHC-DST-B1-06,2024-07-05,1,2,2,0.0633
PHC-DST-B1-06,2024-07-06,1,2,2,0.0793
PHC-DST-B1-06,2024-07-07,1,1,1,0.4797
PHC-DST-B1-06,2024-07-08,1,2,2,0.043
PHC-DST-B1-06,2024-07-09,1,2,2,0.066
PHC-DST-B1-06,2024-07-10,1,2,2,0.0476
PHC-DST-B1-06,2024-07-11,1,2,2,0.0626
PHC-DST-B1-06,2024-07-12,1,2,2,0.0614
PHC-DST-B1-06,2024-07-13,1,2,2,0.0696
PHC-DST-B1-06,2024-07-14,1,1,1,0.4502
PHC-DST-B1-06,2024-07-15,1,2,2,0.0767
PHC-DST-B1-06,2024-07-16,1,2,2,0.0535
PHC-DST-B1-06,2024-07-17,1,2,2,0.0699
PHC-DST-B1-06,2024-07-18,1,2,2,0.0424
PHC-DST-B1-06,2024-07-19,1,1,1,0.561
PHC-DST-B1-06,2024-07-20,1,2,2,0.0467
PHC-DST-B1-06,2024-07-21,0,1,0,0.85
PHC-DST-B1-06,2024-07-22,1,2,2,0.042
PHC-DST-B1-06,2024-07-23,1,2,2,0.0427
PHC-DST-B1-06,2024-07-24,1,2,2,0.0662
PHC-DST-B1-06,2024-07-25,1,2,2,0.0521
PHC-DST-B1-06,2024-07-26,1,2,2,0.0579
PHC-DST-B1-06,2024-07-27,1,2,2,0.0503
PHC-DST-B1-06,2024-07-28,1,1,1,0.4753
PHC-DST-B1-06,2024-07-29,1,2,2,0.04
PHC-DST-B1-06,2024-07-30,1,2,2,0.0447
PHC-DST-B1-06,2024-07-31,1,2,2,0.0492
PHC-DST-B1-06,2024-08-01,1,2,2,0.0587
PHC-DST-B1-06,2024-08-02,1,2,2,0.0756
PHC-DST-B1-06,2024-08-03,1,2,2,0.0556
PHC-DST-B1-06,2024-08-04,1,1,1,0.4579
PHC-DST-B1-06,2024-08-05,1,2,2,0.048
PHC-DST-B1-06,2024-08-06,1,2,2,0.0741
PHC-DST-B1-06,2024-08-07,1,2,2,0.0782
PHC-DST-B1-06,2024-08-08,1,2,2,0.0518
PHC-DST-B1-06,2024-08-09,1,2,2,0.0588
PHC-DST-B1-06,2024-08-10,1,1,1,0.4821
PHC-DST-B1-06,2024-08-11,1,1,1,0.4714
PHC-DST-B1-06,2024-08-12,1,2,2,0.0527
PHC-DST-B1-06,2024-08-13,1,2,2,0.0542
PHC-DST-B1-06,2024-08-14,1,2,2,0.0732
PHC-DST-B1-06,2024-08-15,1,2,2,0.0532
PHC-DST-B1-06,2024-08-16,1,2,2,0.0769
PHC-DST-B1-06,2024-08-17,1,2,2,0.0497
PHC-DST-B1-06,2024-08-18,1,1,1,0.4444
PHC-DST-B1-06,2024-08-19,1,2,2,0.0625
PHC-DST-B1-06,2024-08-20,1,2,2,0.0744
PHC-DST-B1-06,2024-08-21,1,2,2,0.0682
PHC-DST-B1-06,2024-08-22,1,2,2,0.0588
PHC-DST-B1-06,2024-08-23,1,2,2,0.0619
PHC-DST-B1-06,2024-08-24,1,2,2,0.053
PHC-DST-B1-06,2024-08-25,1,1,1,0.4446
PHC-DST-B1-06,2024-08-26,1,2,2,0.0513
PHC-DST-B1-06,2024-08-27,1,2,2,0.0718
PHC-DST-B1-06,2024-08-28,1,2,2,0.0426
PHC-DST-B1-06,2024-08-29,1,2,2,0.0422
PHC-DST-B1-06,2024-08-30,1,2,2,0.0536
PHC-DST-B1-06,2024-08-31,1,2,2,0.0444
PHC-DST-B1-06,2024-09-01,1,1,1,0.457
PHC-DST-B1-06,2024-09-02,1,2,2,0.0433
PHC-DST-B1-06,2024-09-03,1,2,2,0.0497
PHC-DST-B1-06,2024-09-04,1,2,2,0.0722
PHC-DST-B1-06,2024-09-05,1,2,2,0.056
PHC-DST-B1-06,2024-09-06,1,2,2,0.0585
PHC-DST-B1-06,2024-09-07,1,2,2,0.079
PHC-DST-B1-06,2024-09-08,1,1,1,0.4411
PHC-DST-B1-06,2024-09-09,1,2,2,0.0606
PHC-DST-B1-06,2024-09-10,1,2,2,0.0653
PHC-DST-B1-06,2024-09-11,1,2,2,0.0665
PHC-DST-B1-06,2024-09-12,1,2,2,0.0551
PHC-DST-B1-06,2024-09-13,1,2,2,0.0585
PHC-DST-B1-06,2024-09-14,1,2,2,0.048
PHC-DST-B1-06,2024-09-15,1,1,1,0.4794
PHC-DST-B1-06,2024-09-16,1,2,2,0.0517
PHC-DST-B1-06,2024-09-17,1,2,2,0.0428
PHC-DST-B1-06,2024-09-18,1,1,1,0.4859
PHC-DST-B1-06,2024-09-19,1,2,2,0.0611
PHC-DST-B1-06,2024-09-20,1,2,2,0.0548
PHC-DST-B1-06,2024-09-21,1,2,2,0.0744
PHC-DST-B1-06,2024-09-22,1,1,1,0.4746
PHC-DST-B1-06,2024-09-23,1,2,2,0.0674
PHC-DST-B1-06,2024-09-24,1,2,2,0.0546
PHC-DST-B1-06,2024-09-25,1,2,2,0.0783
PHC-DST-B1-06,2024-09-26,1,2,2,0.0674
PHC-DST-B1-06,2024-09-27,1,2,2,0.0676
PHC-DST-B1-06,2024-09-28,1,2,2,0.0654
PHC-DST-B1-06,2024-09-29,1,1,1,0.4596
PHC-DST-B1-06,2024-09-30,1,2,2,0.072
PHC-DST-B1-06,2024-10-01,1,2,2,0.0447
PHC-DST-B1-06,2024-10-02,1,2,2,0.0594
PHC-DST-B1-06,2024-10-03,1,2,2,0.0598
PHC-DST-B1-06,2024-10-04,1,2,2,0.0718
PHC-DST-B1-06,2024-10-05,1,2,2,0.0668
PHC-DST-B1-06,2024-10-06,1,1,1,0.4695
PHC-DST-B1-06,2024-10-07,1,2,2,0.0441
PHC-DST-B1-06,2024-10-08,1,2,2,0.0604
PHC-DST-B1-06,2024-10-09,1,2,2,0.073
PHC-DST-B1-06,2024-10-10,1,2,2,0.0558
PHC-DST-B1-06,2024-10-11,1,2,2,0.0406
PHC-DST-B1-06,2024-10-12,1,2,2,0.0667
PHC-DST-B1-06,2024-10-13,1,1,1,0.4558
PHC-DST-B1-06,2024-10-14,1,2,2,0.0791
PHC-DST-B1-06,2024-10-15,1,2,2,0.0407
PHC-DST-B1-06,2024-10-16,1,2,2,0.0493
PHC-DST-B1-06,2024-10-17,1,2,2,0.0446
PHC-DST-B1-06,2024-10-18,1,2,2,0.0692
PHC-DST-B1-06,2024-10-19,1,2,2,0.0589
PHC-DST-B1-06,2024-10-20,1,1,1,0.4741
PHC-DST-B1-06,2024-10-21,1,2,2,0.0712
PHC-DST-B1-06,2024-10-22,1,2,2,0.0423
PHC-DST-B1-06,2024-10-23,1,2,2,0.0529
PHC-DST-B1-06,2024-10-24,1,2,2,0.0644
PHC-DST-B1-06,2024-10-25,1,2,2,0.0595
PHC-DST-B1-06,2024-10-26,1,2,2,
PHC-DST-B1-06,2024-10-27,1,1,1,0.465
PHC-DST-B1-06,2024-10-28,1,2,2,0.0549
PHC-DST-B1-06,2024-10-29,1,2,2,0.0738
PHC-DST-B1-06,2024-10-30,1,2,2,0.0487
PHC-DST-B1-06,2024-10-31,1,2,2,0.0675
PHC-DST-B1-06,2024-11-01,1,2,2,0.0775
PHC-DST-B1-06,2024-11-02,1,2,2,0.0774
PHC-DST-B1-06,2024-11-03,1,1,1,0.4774
PHC-DST-B1-06,2024-11-04,1,2,2,0.047
PHC-DST-B1-06,2024-11-05,1,2,2,0.0579
PHC-DST-B1-06,2024-11-06,1,2,2,0.0508
PHC-DST-B1-06,2024-11-07,1,2,2,0.0751
PHC-DST-B1-06,2024-11-08,1,2,2,0.0628
PHC-DST-B1-06,2024-11-09,1,2,2,0.0639
PHC-DST-B1-06,2024-11-10,1,1,1,0.4453
PHC-DST-B1-06,2024-11-11,1,2,2,0.0479
PHC-DST-B1-06,2024-11-12,1,2,2,0.0601
PHC-DST-B1-06,2024-11-13,1,2,2,0.0788
PHC-DST-B1-06,2024-11-14,1,2,2,0.0452
PHC-DST-B1-06,2024-11-15,1,2,2,0.0462
PHC-DST-B1-06,2024-11-16,1,2,2,0.0747
PHC-DST-B1-06,2024-11-17,1,1,1,0.4406
PHC-DST-B1-06,2024-11-18,1,2,2,0.0523
PHC-DST-B1-06,2024-11-19,1,2,2,0.0711
PHC-DST-B1-06,2024-11-20,1,2,2,0.059
PHC-DST-B1-06,2024-11-21,1,2,2,0.0419
PHC-DST-B1-06,2024-11-22,1,2,2,0.044
PHC-DST-B1-06,2024-11-23,1,2,2,0.0498
PHC-DST-B1-06,2024-11-24,1,1,1,0.4701
PHC-DST-B1-06,2024-11-25,1,2,2,0.0411
PHC-DST-B1-06,2024-11-26,1,2,2,0.0425
PHC-DST-B1-06,2024-11-27,1,2,2,0.0728
PHC-DST-B1-06,2024-11-28,1,2,2,0.0473
PHC-DST-B1-06,2024-11-29,1,2,2,0.0437
PHC-DST-B1-06,2024-11-30,1,2,2,0.0688
PHC-DST-B1-06,2024-12-01,1,1,1,0.4678
PHC-DST-B1-06,2024-12-02,1,2,2,0.0475
PHC-DST-B1-06,2024-12-03,1,2,2,0.0609
PHC-DST-B1-06,2024-12-04,1,2,2,0.0521
PHC-DST-B1-06,2024-12-05,1,2,2,0.0761
PHC-DST-B1-06,2024-12-06,1,2,2,0.0609
PHC-DST-B1-06,2024-12-07,1,2,2,0.0487
PHC-DST-B1-06,2024-12-08,1,1,1,0.4677
PHC-DST-B1-06,2024-12-09,1,2,2,0.0624
PHC-DST-B1-06,2024-12-10,1,2,2,0.0632
PHC-DST-B1-06,2024-12-11,1,2,2,0.0508
PHC-DST-B1-06,2024-12-12,1,2,2,0.0693
PHC-DST-B1-06,2024-12-13,1,2,2,0.0496
PHC-DST-B1-06,2024-12-14,1,2,2,0.0794
PHC-DST-B1-06,2024-12-15,1,1,1,0.4426
PHC-DST-B1-06,2024-12-16,1,2,2,0.0675
PHC-DST-B1-06,2024-12-17,1,2,2,0.0678
PHC-DST-B1-06,2024-12-18,1,2,2,0.0679
PHC-DST-B1-06,2024-12-19,1,2,2,0.0765
PHC-DST-B1-06,2024-12-20,1,2,2,0.0508
PHC-DST-B1-06,2024-12-21,1,2,2,0.0501
PHC-DST-B1-06,2024-12-22,1,1,1,0.4792
PHC-DST-B1-06,2024-12-23,1,2,2,
PHC-DST-B1-06,2024-12-24,1,2,2,0.0789
PHC-DST-B1-06,2024-12-25,1,2,2,0.0476
PHC-DST-B1-06,2024-12-26,1,2,2,0.0623
PHC-DST-B1-06,2024-12-27,1,2,2,0.0402
PHC-DST-B1-06,2024-12-28,1,2,2,0.0574
PHC-DST-B1-06,2024-12-29,1,1,1,0.4441
PHC-DST-B1-06,2024-12-30,1,2,2,0.0601
PHC-DST-B1-06,2024-12-31,1,2,2,0.0512
PHC-DST-B1-06,2025-01-01,1,2,2,0.0749
PHC-DST-B1-06,2025-01-02,1,2,2,0.0551
PHC-DST-B1-06,2025-01-03,1,2,2,0.0447
PHC-DST-B1-06,2025-01-04,1,2,2,0.0519
PHC-DST-B1-06,2025-01-05,1,1,1,0.4446
PHC-DST-B1-06,2025-01-06,1,2,2,0.0552
PHC-DST-B1-06,2025-01-07,1,2,2,0.0756
PHC-DST-B1-06,2025-01-08,1,2,2,0.0545
PHC-DST-B1-06,2025-01-09,1,2,2,0.0798
PHC-DST-B1-06,2025-01-10,1,2,2,0.0428
PHC-DST-B1-06,2025-01-11,1,2,2,0.0711
PHC-DST-B1-06,2025-01-12,1,1,1,0.4504
PHC-DST-B1-06,2025-01-13,1,2,2,
PHC-DST-B1-06,2025-01-14,1,2,2,0.0603
PHC-DST-B1-06,2025-01-15,1,2,2,0.049
PHC-DST-B1-06,2025-01-16,1,2,2,0.0736
PHC-DST-B1-06,2025-01-17,1,2,2,0.0661
PHC-DST-B1-06,2025-01-18,1,2,2,0.0778
PHC-DST-B1-06,2025-01-19,1,1,1,0.4702
PHC-DST-B1-06,2025-01-20,1,2,2,0.0799
PHC-DST-B1-06,2025-01-21,1,2,2,0.0783
PHC-DST-B1-06,2025-01-22,1,2,2,0.0493
PHC-DST-B1-06,2025-01-23,1,2,2,0.0784
PHC-DST-B1-06,2025-01-24,1,2,2,0.0759
PHC-DST-B1-06,2025-01-25,1,2,2,0.048
PHC-DST-B1-06,2025-01-26,1,1,1,0.4568
PHC-DST-B1-06,2025-01-27,1,2,2,0.0637
PHC-DST-B1-06,2025-01-28,1,2,2,0.0563
PHC-DST-B1-06,2025-01-29,1,2,2,0.0661
PHC-DST-B1-06,2025-01-30,1,2,2,0.0655
PHC-DST-B1-06,2025-01-31,1,2,2,
PHC-DST-B1-06,2025-02-01,1,2,2,0.0673
PHC-DST-B1-06,2025-02-02,1,1,1,0.4623
PHC-DST-B1-06,2025-02-03,1,2,2,0.0574
PHC-DST-B1-06,2025-02-04,1,2,2,0.0402
PHC-DST-B1-06,2025-02-05,1,2,2,0.0659
PHC-DST-B1-06,2025-02-06,1,2,2,0.05
PHC-DST-B1-06,2025-02-07,1,2,2,0.0578
PHC-DST-B1-06,2025-02-08,1,2,2,0.0605
PHC-DST-B1-06,2025-02-09,1,1,1,0.4703
PHC-DST-B1-06,2025-02-10,1,2,2,0.055
PHC-DST-B1-06,2025-02-11,1,2,2,
PHC-DST-B1-06,2025-02-12,1,2,2,0.0785
PHC-DST-B1-06,2025-02-13,1,2,2,0.053
PHC-DST-B1-06,2025-02-14,1,2,2,0.044
PHC-DST-B1-06,2025-02-15,1,2,2,0.0695
PHC-DST-B1-06,2025-02-16,1,1,1,0.4679
PHC-DST-B1-06,2025-02-17,1,2,2,0.056
PHC-DST-B1-06,2025-02-18,1,2,2,0.0622
PHC-DST-B1-06,2025-02-19,1,2,2,0.0745
PHC-DST-B1-06,2025-02-20,1,2,2,0.0799
PHC-DST-B1-06,2025-02-21,1,2,2,0.0505
PHC-DST-B1-06,2025-02-22,1,2,2,0.0624
PHC-DST-B1-06,2025-02-23,1,1,1,0.4413
PHC-DST-B1-06,2025-02-24,1,2,2,0.0758
PHC-DST-B1-06,2025-02-25,1,2,2,0.0661
PHC-DST-B1-06,2025-02-26,1,2,2,0.0647
PHC-DST-B1-06,2025-02-27,1,2,2,0.0634
PHC-DST-B1-06,2025-02-28,1,2,2,0.0774
PHC-DST-B1-06,2025-03-01,1,2,2,0.0792
PHC-DST-B1-06,2025-03-02,1,1,1,0.4507
PHC-DST-B1-06,2025-03-03,1,2,2,0.0578
PHC-DST-B1-06,2025-03-04,1,2,2,0.0764
PHC-DST-B1-06,2025-03-05,1,2,2,0.0512
PHC-DST-B1-06,2025-03-06,1,2,2,0.0424
PHC-DST-B1-06,2025-03-07,1,2,2,0.0557
PHC-DST-B1-06,2025-03-08,1,2,2,0.0577
PHC-DST-B1-06,2025-03-09,1,1,1,0.4596
PHC-DST-B1-06,2025-03-10,1,2,2,0.0604
PHC-DST-B1-06,2025-03-11,1,2,2,0.0489
PHC-DST-B1-06,2025-03-12,1,2,2,0.0715
PHC-DST-B1-06,2025-03-13,1,2,2,0.0751
PHC-DST-B1-06,2025-03-14,1,2,2,0.0728
PHC-DST-B1-06,2025-03-15,1,2,2,0.0618
PHC-DST-B1-06,2025-03-16,1,1,1,0.4593
PHC-DST-B1-06,2025-03-17,1,2,2,0.0451
PHC-DST-B1-06,2025-03-18,1,2,2,0.063
PHC-DST-B1-06,2025-03-19,1,2,2,0.0669
PHC-DST-B1-06,2025-03-20,1,2,2,0.0483
PHC-DST-B1-06,2025-03-21,1,2,2,0.0528
PHC-DST-B1-06,2025-03-22,1,2,2,0.0703
PHC-DST-B1-06,2025-03-23,1,1,1,0.4697
PHC-DST-B1-06,2025-03-24,1,2,2,0.0548
PHC-DST-B1-06,2025-03-25,1,2,2,0.0779
PHC-DST-B1-06,2025-03-26,1,2,2,0.0586
PHC-DST-B1-06,2025-03-27,1,2,2,0.0481
PHC-DST-B1-06,2025-03-28,1,2,2,0.0557
PHC-DST-B1-06,2025-03-29,1,2,2,
PHC-DST-B1-06,2025-03-30,1,1,1,0.4687
PHC-DST-B1-06,2025-03-31,1,2,2,0.0711
PHC-DST-B1-06,2025-04-01,1,2,2,0.0702
PHC-DST-B1-06,2025-04-02,1,2,2,0.0555
PHC-DST-B1-06,2025-04-03,1,2,2,0.0679
PHC-DST-B1-06,2025-04-04,1,2,2,0.0414
PHC-DST-B1-06,2025-04-05,1,2,2,0.059
PHC-DST-B1-06,2025-04-06,1,1,1,0.4474
PHC-DST-B1-06,2025-04-07,1,2,2,0.0616
PHC-DST-B1-06,2025-04-08,1,2,2,0.0567
PHC-DST-B1-06,2025-04-09,1,2,2,0.0439
PHC-DST-B1-06,2025-04-10,1,2,2,0.0546
PHC-DST-B1-06,2025-04-11,1,2,2,0.0547
PHC-DST-B1-06,2025-04-12,1,2,2,0.062
PHC-DST-B1-06,2025-04-13,1,1,1,0.4666
PHC-DST-B1-06,2025-04-14,1,2,2,0.0702
PHC-DST-B1-06,2025-04-15,1,2,2,0.049
PHC-DST-B1-06,2025-04-16,1,2,2,0.0717
PHC-DST-B1-06,2025-04-17,1,2,2,0.0459
PHC-DST-B1-06,2025-04-18,1,2,2,0.0506
PHC-DST-B1-06,2025-04-19,1,2,2,0.0595
PHC-DST-B1-06,2025-04-20,1,1,1,0.4432
PHC-DST-B1-06,2025-04-21,1,2,2,0.0736
PHC-DST-B1-06,2025-04-22,1,2,2,0.0479
PHC-DST-B1-06,2025-04-23,1,2,2,0.07
PHC-DST-B1-06,2025-04-24,1,2,2,0.074
PHC-DST-B1-06,2025-04-25,1,2,2,0.0712
PHC-DST-B1-06,2025-04-26,1,2,2,0.0589
PHC-DST-B1-06,2025-04-27,1,1,1,0.4593
PHC-DST-B1-06,2025-04-28,1,2,2,0.0648
PHC-DST-B1-06,2025-04-29,1,2,2,0.0686
PHC-DST-B1-06,2025-04-30,1,2,2,0.069
PHC-DST-B1-06,2025-05-01,1,2,2,0.054
PHC-DST-B1-06,2025-05-02,1,2,2,0.0488
PHC-DST-B1-06,2025-05-03,1,2,2,0.0416
PHC-DST-B1-06,2025-05-04,1,1,1,0.4679
PHC-DST-B1-06,2025-05-05,1,2,2,0.0447
PHC-DST-B1-06,2025-05-06,1,2,2,0.0543
PHC-DST-B1-06,2025-05-07,1,2,2,0.0711
PHC-DST-B1-06,2025-05-08,1,2,2,0.0661
PHC-DST-B1-06,2025-05-09,1,2,2,0.0463
PHC-DST-B1-06,2025-05-10,1,2,2,0.0519
PHC-DST-B1-06,2025-05-11,1,1,1,0.4526
PHC-DST-B1-06,2025-05-12,1,2,2,0.0534
PHC-DST-B1-06,2025-05-13,1,2,2,0.0447
PHC-DST-B1-06,2025-05-14,1,2,2,0.0648
PHC-DST-B1-06,2025-05-15,1,2,2,0.0579
PHC-DST-B1-06,2025-05-16,1,2,2,0.0787
PHC-DST-B1-06,2025-05-17,1,2,2,0.0524
PHC-DST-B1-06,2025-05-18,1,1,1,0.4765
PHC-DST-B1-06,2025-05-19,1,2,2,0.0675
PHC-DST-B1-06,2025-05-20,1,2,2,0.062
PHC-DST-B1-06,2025-05-21,1,2,2,0.0592
PHC-DST-B1-06,2025-05-22,1,2,2,0.0515
PHC-DST-B1-06,2025-05-23,1,2,2,0.0691
PHC-DST-B1-06,2025-05-24,1,2,2,0.0778
PHC-DST-B1-06,2025-05-25,1,1,1,0.4711
PHC-DST-B1-06,2025-05-26,1,2,2,0.0722
PHC-DST-B1-06,2025-05-27,1,2,2,0.0685
PHC-DST-B1-06,2025-05-28,1,2,2,0.0572
PHC-DST-B1-06,2025-05-29,1,2,2,0.0452
PHC-DST-B1-06,2025-05-30,1,2,2,0.0524
PHC-DST-B1-06,2025-05-31,1,2,2,0.0779
PHC-DST-B1-06,2025-06-01,1,1,1,0.4418
PHC-DST-B1-06,2025-06-02,1,2,2,0.0668
PHC-DST-B1-06,2025-06-03,1,2,2,0.0537
PHC-DST-B1-06,2025-06-04,1,2,2,0.0449
PHC-DST-B1-06,2025-06-05,1,2,2,0.0724
PHC-DST-B1-06,2025-06-06,1,2,2,0.0654
PHC-DST-B1-06,2025-06-07,1,2,2,0.0537
PHC-DST-B1-06,2025-06-08,1,1,1,0.4401
PHC-DST-B1-06,2025-06-09,1,2,2,0.0729
PHC-DST-B1-06,2025-06-10,1,2,2,0.0548
PHC-DST-B1-06,2025-06-11,1,2,2,0.066
PHC-DST-B1-06,2025-06-12,1,2,2,0.0708
PHC-DST-B1-06,2025-06-13,1,2,2,0.0742
PHC-DST-B1-06,2025-06-14,1,2,2,0.0655
PHC-DST-B1-06,2025-06-15,1,1,1,0.4713
PHC-DST-B1-06,2025-06-16,1,2,2,0.0721
PHC-DST-B1-06,2025-06-17,1,2,2,0.0439
PHC-DST-B1-06,2025-06-18,1,2,2,0.074
PHC-DST-B1-06,2025-06-19,1,2,2,0.0429
PHC-DST-B1-06,2025-06-20,1,2,2,0.0543
PHC-DST-B1-06,2025-06-21,1,2,2,0.071
PHC-DST-B1-06,2025-06-22,1,1,1,0.4754
PHC-DST-B1-06,2025-06-23,1,2,2,0.0685
PHC-DST-B1-06,2025-06-24,1,2,2,0.0628
PHC-DST-B1-06,2025-06-25,1,2,2,0.0686
PHC-DST-B1-06,2025-06-26,1,2,2,0.0516
PHC-DST-B1-06,2025-06-27,1,2,2,0.0423
PHC-DST-B1-06,2025-06-28,1,2,2,0.0725
PHC-DST-B1-06,2025-06-29,1,1,1,0.444
PHC-DST-B1-06,2025-06-30,1,2,2,0.0502
PHC-DST-B2-01,2024-07-01,1,2,2,0.0509
PHC-DST-B2-01,2024-07-02,1,2,2,0.0599
PHC-DST-B2-01,2024-07-03,1,2,2,0.0774
PHC-DST-B2-01,2024-07-04,1,2,2,0.0759
PHC-DST-B2-01,2024-07-05,1,2,2,0.065
PHC-DST-B2-01,2024-07-06,1,2,2,0.0716
PHC-DST-B2-01,2024-07-07,1,1,1,0.4705
PHC-DST-B2-01,2024-07-08,1,2,2,0.0557
PHC-DST-B2-01,2024-07-09,1,2,2,0.07
PHC-DST-B2-01,2024-07-10,1,2,2,0.044
PHC-DST-B2-01,2024-07-11,1,2,2,0.07
PHC-DST-B2-01,2024-07-12,1,2,2,0.0478
PHC-DST-B2-01,2024-07-13,1,2,2,0.0638
PHC-DST-B2-01,2024-07-14,1,1,1,0.4726
PHC-DST-B2-01,2024-07-15,1,2,2,0.0796
PHC-DST-B2-01,2024-07-16,1,2,2,0.0552
PHC-DST-B2-01,2024-07-17,1,2,2,0.0773
PHC-DST-B2-01,2024-07-18,1,2,2,0.0634
PHC-DST-B2-01,2024-07-19,1,2,2,0.0491
PHC-DST-B2-01,2024-07-20,1,2,2,0.0675
PHC-DST-B2-01,2024-07-21,1,1,1,0.4728
PHC-DST-B2-01,2024-07-22,1,2,2,0.0673
PHC-DST-B2-01,2024-07-23,1,2,2,0.0412
PHC-DST-B2-01,2024-07-24,1,2,2,0.0598
PHC-DST-B2-01,2024-07-25,1,2,2,0.0629
PHC-DST-B2-01,2024-07-26,1,2,2,0.0773
PHC-DST-B2-01,2024-07-27,1,2,2,0.0575
PHC-DST-B2-01,2024-07-28,1,1,1,0.4648
PHC-DST-B2-01,2024-07-29,1,2,2,0.0793
PHC-DST-B2-01,2024-07-30,1,2,2,0.0735
PHC-DST-B2-01,2024-07-31,1,2,2,0.0416
PHC-DST-B2-01,2024-08-01,1,2,2,0.0487
PHC-DST-B2-01,2024-08-02,1,2,2,0.0722
PHC-DST-B2-01,2024-08-03,1,2,2,0.0404
PHC-DST-B2-01,2024-08-04,1,1,1,0.4547
PHC-DST-B2-01,2024-08-05,1,2,2,0.0548
PHC-DST-B2-01,2024-08-06,1,2,2,0.0685
PHC-DST-B2-01,2024-08-07,1,2,2,0.0693
PHC-DST-B2-01,2024-08-08,1,2,2,0.0401
PHC-DST-B2-01,2024-08-09,1,2,2,0.0691
PHC-DST-B2-01,2024-08-10,1,2,2,0.0674
PHC-DST-B2-01,2024-08-11,1,1,1,0.4494
PHC-DST-B2-01,2024-08-12,1,2,2,0.0453
PHC-DST-B2-01,2024-08-13,1,2,2,0.0533
PHC-DST-B2-01,2024-08-14,1,2,2,0.0623
PHC-DST-B2-01,2024-08-15,1,2,2,0.0734
PHC-DST-B2-01,2024-08-16,1,2,2,0.0671
PHC-DST-B2-01,2024-08-17,1,2,2,0.0495
PHC-DST-B2-01,2024-08-18,1,1,1,0.4416
PHC-DST-B2-01,2024-08-19,1,1,1,0.5447
PHC-DST-B2-01,2024-08-20,1,1,1,0.4887
PHC-DST-B2-01,2024-08-21,1,2,2,0.044
PHC-DST-B2-01,2024-08-22,1,2,2,0.0724
PHC-DST-B2-01,2024-08-23,1,2,2,0.0403
PHC-DST-B2-01,2024-08-24,1,2,2,0.0488
PHC-DST-B2-01,2024-08-25,1,1,1,0.4638
PHC-DST-B2-01,2024-08-26,1,2,2,0.0562
PHC-DST-B2-01,2024-08-27,1,2,2,0.04
PHC-DST-B2-01,2024-08-28,1,2,2,0.0594
PHC-DST-B2-01,2024-08-29,1,2,2,0.05
PHC-DST-B2-01,2024-08-30,1,2,2,0.0705
PHC-DST-B2-01,2024-08-31,1,2,2,0.0455
PHC-DST-B2-01,2024-09-01,1,1,1,0.4502
PHC-DST-B2-01,2024-09-02,1,2,2,0.0459
PHC-DST-B2-01,2024-09-03,1,2,2,0.0737
PHC-DST-B2-01,2024-09-04,1,2,2,0.069
PHC-DST-B2-01,2024-09-05,1,2,2,0.0784
PHC-DST-B2-01,2024-09-06,1,2,2,0.0721
PHC-DST-B2-01,2024-09-07,1,2,2,0.0619
PHC-DST-B2-01,2024-09-08,1,1,1,0.4605
PHC-DST-B2-01,2024-09-09,1,2,2,0.0641
PHC-DST-B2-01,2024-09-10,1,1,1,0.5617
PHC-DST-B2-01,2024-09-11,1,2,2,0.0498
PHC-DST-B2-01,2024-09-12,1,2,2,0.0727
PHC-DST-B2-01,2024-09-13,1,2,2,0.0664
PHC-DST-B2-01,2024-09-14,1,2,2,0.0594
PHC-DST-B2-01,2024-09-15,1,1,1,0.4679
PHC-DST-B2-01,2024-09-16,1,2,2,0.0669
PHC-DST-B2-01,2024-09-17,1,2,2,0.0779
PHC-DST-B2-01,2024-09-18,1,2,2,0.0469
PHC-DST-B2-01,2024-09-19,1,2,2,0.0491
PHC-DST-B2-01,2024-09-20,1,2,2,0.0555
PHC-DST-B2-01,2024-09-21,1,2,2,0.0664
PHC-DST-B2-01,2024-09-22,1,1,1,0.4533
PHC-DST-B2-01,2024-09-23,1,2,2,0.0763
PHC-DST-B2-01,2024-09-24,1,2,2,0.055
PHC-DST-B2-01,2024-09-25,1,1,1,0.3859
PHC-DST-B2-01,2024-09-26,1,2,2,0.0562
PHC-DST-B2-01,2024-09-27,1,2,2,0.0625
PHC-DST-B2-01,2024-09-28,1,2,2,0.0419
PHC-DST-B2-01,2024-09-29,1,1,1,0.4501
PHC-DST-B2-01,2024-09-30,1,2,2,0.0697
PHC-DST-B2-01,2024-10-01,1,2,2,0.0482
PHC-DST-B2-01,2024-10-02,1,2,2,0.046
PHC-DST-B2-01,2024-10-03,1,2,2,0.0566
PHC-DST-B2-01,2024-10-04,1,2,2,0.044
PHC-DST-B2-01,2024-10-05,1,2,2,0.0779
PHC-DST-B2-01,2024-10-06,1,1,1,0.4763
PHC-DST-B2-01,2024-10-07,1,2,2,0.0535
PHC-DST-B2-01,2024-10-08,1,2,2,0.0498
PHC-DST-B2-01,2024-10-09,1,2,2,0.0424
PHC-DST-B2-01,2024-10-10,1,2,2,0.0459
PHC-DST-B2-01,2024-10-11,1,2,2,0.0453
PHC-DST-B2-01,2024-10-12,1,2,2,0.0514
PHC-DST-B2-01,2024-10-13,1,1,1,0.4448
PHC-DST-B2-01,2024-10-14,1,2,2,0.0424
PHC-DST-B2-01,2024-10-15,1,2,2,0.0645
PHC-DST-B2-01,2024-10-16,1,2,2,0.0459
PHC-DST-B2-01,2024-10-17,1,2,2,0.058
PHC-DST-B2-01,2024-10-18,1,2,2,0.0448
PHC-DST-B2-01,2024-10-19,1,2,2,0.0544
PHC-DST-B2-01,2024-10-20,1,1,1,0.4514
PHC-DST-B2-01,2024-10-21,1,2,2,0.0561
PHC-DST-B2-01,2024-10-22,1,2,2,0.0773
PHC-DST-B2-01,2024-10-23,1,2,2,0.0727
PHC-DST-B2-01,2024-10-24,1,2,2,0.0506
PHC-DST-B2-01,2024-10-25,1,2,2,0.045
PHC-DST-B2-01,2024-10-26,1,2,2,0.0573
PHC-DST-B2-01,2024-10-27,1,1,1,0.4484
PHC-DST-B2-01,2024-10-28,1,2,2,0.0728
PHC-DST-B2-01,2024-10-29,1,2,2,0.07
PHC-DST-B2-01,2024-10-30,1,2,2,0.0452
PHC-DST-B2-01,2024-10-31,1,2,2,0.0479
PHC-DST-B2-01,2024-11-01,1,2,2,0.0425
PHC-DST-B2-01,2024-11-02,1,2,2,0.0794
PHC-DST-B2-01,2024-11-03,1,1,1,0.4702
PHC-DST-B2-01,2024-11-04,1,2,2,0.0606
PHC-DST-B2-01,2024-11-05,1,2,2,0.0426
PHC-DST-B2-01,2024-11-06,1,2,2,0.0619
PHC-DST-B2-01,2024-11-07,1,2,2,0.0771
PHC-DST-B2-01,2024-11-08,1,2,2,0.0636
PHC-DST-B2-01,2024-11-09,1,2,2,0.0663
PHC-DST-B2-01,2024-11-10,1,1,1,0.4793
PHC-DST-B2-01,2024-11-11,1,2,2,0.0449
PHC-DST-B2-01,2024-11-12,1,2,2,0.063
PHC-DST-B2-01,2024-11-13,1,2,2,0.0453
PHC-DST-B2-01,2024-11-14,1,2,2,0.0562
PHC-DST-B2-01,2024-11-15,1,2,2,0.0421
PHC-DST-B2-01,2024-11-16,1,2,2,0.0562
PHC-DST-B2-01,2024-11-17,1,1,1,0.4679
PHC-DST-B2-01,2024-11-18,1,2,2,0.0475
PHC-DST-B2-01,2024-11-19,1,2,2,0.056
PHC-DST-B2-01,2024-11-20,1,2,2,0.0581
PHC-DST-B2-01,2024-11-21,1,2,2,0.0481
PHC-DST-B2-01,2024-11-22,1,2,2,0.0646
PHC-DST-B2-01,2024-11-23,1,2,2,0.0726
PHC-DST-B2-01,2024-11-24,1,1,1,0.4467
PHC-DST-B2-01,2024-11-25,1,2,2,0.0553
PHC-DST-B2-01,2024-11-26,1,2,2,0.0522
PHC-DST-B2-01,2024-11-27,1,2,2,0.0676
PHC-DST-B2-01,2024-11-28,1,2,2,0.0527
PHC-DST-B2-01,2024-11-29,1,2,2,0.0777
PHC-DST-B2-01,2024-11-30,1,2,2,
PHC-DST-B2-01,2024-12-01,1,1,1,0.4467
PHC-DST-B2-01,2024-12-02,1,2,2,0.0499
PHC-DST-B2-01,2024-12-03,1,2,2,0.0701
PHC-DST-B2-01,2024-12-04,1,2,2,0.0533
PHC-DST-B2-01,2024-12-05,1,2,2,0.0444
PHC-DST-B2-01,2024-12-06,1,2,2,
PHC-DST-B2-01,2024-12-07,1,2,2,0.0797
PHC-DST-B2-01,2024-12-08,1,1,1,0.4587
PHC-DST-B2-01,2024-12-09,1,2,2,
PHC-DST-B2-01,2024-12-10,1,2,2,0.0412
PHC-DST-B2-01,2024-12-11,1,2,2,0.0739
PHC-DST-B2-01,2024-12-12,1,2,2,0.0517
PHC-DST-B2-01,2024-12-13,1,2,2,0.0463
PHC-DST-B2-01,2024-12-14,1,2,2,0.0455
PHC-DST-B2-01,2024-12-15,1,1,1,0.465
PHC-DST-B2-01,2024-12-16,1,2,2,0.0703
PHC-DST-B2-01,2024-12-17,1,2,2,0.0454
PHC-DST-B2-01,2024-12-18,1,2,2,0.0432
PHC-DST-B2-01,2024-12-19,1,2,2,0.0595
PHC-DST-B2-01,2024-12-20,1,2,2,0.0798
PHC-DST-B2-01,2024-12-21,1,2,2,0.0535
PHC-DST-B2-01,2024-12-22,1,1,1,0.4599
PHC-DST-B2-01,2024-12-23,1,2,2,0.0498
PHC-DST-B2-01,2024-12-24,1,2,2,0.0468
PHC-DST-B2-01,2024-12-25,1,2,2,0.0742
PHC-DST-B2-01,2024-12-26,1,2,2,0.0436
PHC-DST-B2-01,2024-12-27,1,2,2,0.0466
PHC-DST-B2-01,2024-12-28,1,2,2,0.0498
PHC-DST-B2-01,2024-12-29,1,1,1,0.4693
PHC-DST-B2-01,2024-12-30,1,2,2,0.0492
PHC-DST-B2-01,2024-12-31,1,2,2,0.0732
PHC-DST-B2-01,2025-01-01,1,2,2,0.0435
PHC-DST-B2-01,2025-01-02,1,2,2,0.0631
PHC-DST-B2-01,2025-01-03,1,2,2,0.0669
PHC-DST-B2-01,2025-01-04,1,2,2,0.0413
PHC-DST-B2-01,2025-01-05,1,1,1,0.4734
PHC-DST-B2-01,2025-01-06,1,2,2,
PHC-DST-B2-01,2025-01-07,1,2,2,0.0556
PHC-DST-B2-01,2025-01-08,1,2,2,0.0576
PHC-DST-B2-01,2025-01-09,1,2,2,0.0561
PHC-DST-B2-01,2025-01-10,1,2,2,0.0563
PHC-DST-B2-01,2025-01-11,1,2,2,0.0679
PHC-DST-B2-01,2025-01-12,1,1,1,0.4489
PHC-DST-B2-01,2025-01-13,1,2,2,0.0443
PHC-DST-B2-01,2025-01-14,1,2,2,0.0764
PHC-DST-B2-01,2025-01-15,1,2,2,0.0537
PHC-DST-B2-01,2025-01-16,1,2,2,0.0665
PHC-DST-B2-01,2025-01-17,1,2,2,0.068
PHC-DST-B2-01,2025-01-18,1,2,2,0.0569
PHC-DST-B2-01,2025-01-19,1,1,1,0.4482
PHC-DST-B2-01,2025-01-20,1,2,2,0.0652
PHC-DST-B2-01,2025-01-21,1,2,2,0.0637
PHC-DST-B2-01,2025-01-22,1,2,2,0.0581
PHC-DST-B2-01,2025-01-23,1,2,2,0.0656
PHC-DST-B2-01,2025-01-24,1,2,2,0.0704
PHC-DST-B2-01,2025-01-25,1,2,2,0.0529
PHC-DST-B2-01,2025-01-26,1,1,1,0.457
PHC-DST-B2-01,2025-01-27,1,2,2,0.0636
PHC-DST-B2-01,2025-01-28,1,2,2,0.0591
PHC-DST-B2-01,2025-01-29,1,2,2,0.0661
PHC-DST-B2-01,2025-01-30,1,2,2,0.0526
PHC-DST-B2-01,2025-01-31,1,2,2,0.0613
PHC-DST-B2-01,2025-02-01,1,2,2,
PHC-DST-B2-01,2025-02-02,1,1,1,0.4711
PHC-DST-B2-01,2025-02-03,1,2,2,0.0666
PHC-DST-B2-01,2025-02-04,1,2,2,0.0764
PHC-DST-B2-01,2025-02-05,1,2,2,0.0512
PHC-DST-B2-01,2025-02-06,1,2,2,0.0714
PHC-DST-B2-01,2025-02-07,1,2,2,0.0732
PHC-DST-B2-01,2025-02-08,1,2,2,0.042
PHC-DST-B2-01,2025-02-09,1,1,1,0.4697
PHC-DST-B2-01,2025-02-10,1,2,2,0.0445
PHC-DST-B2-01,2025-02-11,1,2,2,0.071
PHC-DST-B2-01,2025-02-12,1,2,2,0.0501
PHC-DST-B2-01,2025-02-13,1,2,2,0.0442
PHC-DST-B2-01,2025-02-14,1,2,2,0.0558
PHC-DST-B2-01,2025-02-15,1,2,2,0.0678
PHC-DST-B2-01,2025-02-16,1,1,1,0.4697
PHC-DST-B2-01,2025-02-17,1,2,2,0.06
PHC-DST-B2-01,2025-02-18,1,2,2,0.0504
PHC-DST-B2-01,2025-02-19,1,2,2,0.0588
PHC-DST-B2-01,2025-02-20,1,2,2,0.0522
PHC-DST-B2-01,2025-02-21,1,2,2,0.0481
PHC-DST-B2-01,2025-02-22,1,2,2,0.0615
PHC-DST-B2-01,2025-02-23,1,1,1,0.4596
PHC-DST-B2-01,2025-02-24,1,2,2,0.0704
PHC-DST-B2-01,2025-02-25,1,2,2,0.0744
PHC-DST-B2-01,2025-02-26,1,2,2,0.0459
PHC-DST-B2-01,2025-02-27,1,2,2,0.0503
PHC-DST-B2-01,2025-02-28,1,2,2,0.0585
PHC-DST-B2-01,2025-03-01,1,2,2,0.0495
PHC-DST-B2-01,2025-03-02,1,1,1,0.4783
PHC-DST-B2-01,2025-03-03,1,2,2,0.0646
PHC-DST-B2-01,2025-03-04,1,2,2,0.0587
PHC-DST-B2-01,2025-03-05,1,2,2,0.0413
PHC-DST-B2-01,2025-03-06,1,2,2,0.0761
PHC-DST-B2-01,2025-03-07,1,2,2,0.0534
PHC-DST-B2-01,2025-03-08,1,2,2,0.075
PHC-DST-B2-01,2025-03-09,1,1,1,0.451
PHC-DST-B2-01,2025-03-10,1,2,2,0.0412
PHC-DST-B2-01,2025-03-11,1,2,2,0.0739
PHC-DST-B2-01,2025-03-12,1,2,2,0.056
PHC-DST-B2-01,2025-03-13,1,2,2,0.0511
PHC-DST-B2-01,2025-03-14,1,2,2,0.0705
PHC-DST-B2-01,2025-03-15,1,2,2,0.0431
PHC-DST-B2-01,2025-03-16,1,1,1,0.4639
PHC-DST-B2-01,2025-03-17,1,2,2,0.055
PHC-DST-B2-01,2025-03-18,1,2,2,0.0577
PHC-DST-B2-01,2025-03-19,1,2,2,0.0712
PHC-DST-B2-01,2025-03-20,1,2,2,0.0592
PHC-DST-B2-01,2025-03-21,1,2,2,0.0632
PHC-DST-B2-01,2025-03-22,1,2,2,0.0443
PHC-DST-B2-01,2025-03-23,1,1,1,0.4728
PHC-DST-B2-01,2025-03-24,1,2,2,0.0689
PHC-DST-B2-01,2025-03-25,1,2,2,0.074
PHC-DST-B2-01,2025-03-26,1,2,2,0.0552
PHC-DST-B2-01,2025-03-27,1,2,2,0.0707
PHC-DST-B2-01,2025-03-28,1,2,2,0.0632
PHC-DST-B2-01,2025-03-29,1,2,2,0.0433
PHC-DST-B2-01,2025-03-30,1,1,1,0.461
PHC-DST-B2-01,2025-03-31,1,2,2,0.0564
PHC-DST-B2-01,2025-04-01,1,2,2,0.0638
PHC-DST-B2-01,2025-04-02,1,2,2,0.0758
PHC-DST-B2-01,2025-04-03,1,2,2,0.0649
PHC-DST-B2-01,2025-04-04,1,2,2,0.0493
PHC-DST-B2-01,2025-04-05,1,2,2,0.0607
PHC-DST-B2-01,2025-04-06,1,1,1,0.4644
PHC-DST-B2-01,2025-04-07,1,2,2,0.0565
PHC-DST-B2-01,2025-04-08,1,2,2,0.0641
PHC-DST-B2-01,2025-04-09,1,2,2,0.0663
PHC-DST-B2-01,2025-04-10,1,2,2,0.0764
PHC-DST-B2-01,2025-04-11,1,2,2,0.043
PHC-DST-B2-01,2025-04-12,1,2,2,0.0666
PHC-DST-B2-01,2025-04-13,1,1,1,0.4485
PHC-DST-B2-01,2025-04-14,1,2,2,0.0424
PHC-DST-B2-01,2025-04-15,1,2,2,0.0721
PHC-DST-B2-01,2025-04-16,1,2,2,0.0703
PHC-DST-B2-01,2025-04-17,1,2,2,0.0402
PHC-DST-B2-01,2025-04-18,1,2,2,0.0785
PHC-DST-B2-01,2025-04-19,1,2,2,0.0462
PHC-DST-B2-01,2025-04-20,1,1,1,0.4725
PHC-DST-B2-01,2025-04-21,1,2,2,0.0558
PHC-DST-B2-01,2025-04-22,1,2,2,0.0794
PHC-DST-B2-01,2025-04-23,1,2,2,0.0686
PHC-DST-B2-01,2025-04-24,1,2,2,0.0573
PHC-DST-B2-01,2025-04-25,1,2,2,0.0754
PHC-DST-B2-01,2025-04-26,1,2,2,0.0794
PHC-DST-B2-01,2025-04-27,1,1,1,0.469
PHC-DST-B2-01,2025-04-28,1,2,2,0.0468
PHC-DST-B2-01,2025-04-29,1,2,2,0.0757
PHC-DST-B2-01,2025-04-30,1,2,2,0.0537
PHC-DST-B2-01,2025-05-01,1,2,2,0.0797
PHC-DST-B2-01,2025-05-02,1,2,2,0.0627
PHC-DST-B2-01,2025-05-03,1,2,2,0.0703
PHC-DST-B2-01,2025-05-04,1,1,1,0.4655
PHC-DST-B2-01,2025-05-05,1,2,2,0.078
PHC-DST-B2-01,2025-05-06,1,2,2,0.0703
PHC-DST-B2-01,2025-05-07,1,2,2,0.042
PHC-DST-B2-01,2025-05-08,1,2,2,0.0631
PHC-DST-B2-01,2025-05-09,1,2,2,0.0471
PHC-DST-B2-01,2025-05-10,1,2,2,0.0524
PHC-DST-B2-01,2025-05-11,1,1,1,0.4718
PHC-DST-B2-01,2025-05-12,1,2,2,0.0627
PHC-DST-B2-01,2025-05-13,1,2,2,0.0605
PHC-DST-B2-01,2025-05-14,1,2,2,0.0574
PHC-DST-B2-01,2025-05-15,1,2,2,0.0682
PHC-DST-B2-01,2025-05-16,1,2,2,0.0756
PHC-DST-B2-01,2025-05-17,1,2,2,0.0772
PHC-DST-B2-01,2025-05-18,1,1,1,0.4786
PHC-DST-B2-01,2025-05-19,1,2,2,0.0735
PHC-DST-B2-01,2025-05-20,1,2,2,0.0482
PHC-DST-B2-01,2025-05-21,1,2,2,0.0736
PHC-DST-B2-01,2025-05-22,1,2,2,0.0781
PHC-DST-B2-01,2025-05-23,1,2,2,0.0758
PHC-DST-B2-01,2025-05-24,1,2,2,0.0576
PHC-DST-B2-01,2025-05-25,1,1,1,0.4738
PHC-DST-B2-01,2025-05-26,1,2,2,0.0775
PHC-DST-B2-01,2025-05-27,1,2,2,0.0402
PHC-DST-B2-01,2025-05-28,1,2,2,0.0632
PHC-DST-B2-01,2025-05-29,1,2,2,0.0624
PHC-DST-B2-01,2025-05-30,1,2,2,0.0524
PHC-DST-B2-01,2025-05-31,1,2,2,0.0473
PHC-DST-B2-01,2025-06-01,1,1,1,0.4442
PHC-DST-B2-01,2025-06-02,1,2,2,0.0505
PHC-DST-B2-01,2025-06-03,1,2,2,0.0504
PHC-DST-B2-01,2025-06-04,1,2,2,0.0633
PHC-DST-B2-01,2025-06-05,1,2,2,0.0779
PHC-DST-B2-01,2025-06-06,1,2,2,0.0414
PHC-DST-B2-01,2025-06-07,1,2,2,0.0644
PHC-DST-B2-01,2025-06-08,1,1,1,0.4616
PHC-DST-B2-01,2025-06-09,1,2,2,0.0784
PHC-DST-B2-01,2025-06-10,1,2,2,0.057
PHC-DST-B2-01,2025-06-11,1,2,2,
PHC-DST-B2-01,2025-06-12,1,2,2,0.0474
PHC-DST-B2-01,2025-06-13,1,2,2,0.065
PHC-DST-B2-01,2025-06-14,1,2,2,0.0752
PHC-DST-B2-01,2025-06-15,1,1,1,0.4611
PHC-DST-B2-01,2025-06-16,1,2,2,0.0404
PHC-DST-B2-01,2025-06-17,1,2,2,0.0748
PHC-DST-B2-01,2025-06-18,1,2,2,0.0777
PHC-DST-B2-01,2025-06-19,1,2,2,0.0681
PHC-DST-B2-01,2025-06-20,1,2,2,0.0471
PHC-DST-B2-01,2025-06-21,1,2,2,0.0409
PHC-DST-B2-01,2025-06-22,1,1,1,0.4427
PHC-DST-B2-01,2025-06-23,1,2,2,0.0634
PHC-DST-B2-01,2025-06-24,1,2,2,0.074
PHC-DST-B2-01,2025-06-25,1,2,2,0.0697
PHC-DST-B2-01,2025-06-26,1,2,2,0.0431
PHC-DST-B2-01,2025-06-27,1,2,2,0.0733
PHC-DST-B2-01,2025-06-28,1,2,2,0.0618
PHC-DST-B2-01,2025-06-29,1,1,1,0.4465
PHC-DST-B2-01,2025-06-30,1,2,2,0.0517
PHC-DST-B2-02,2024-07-01,2,2,3,0.0451
PHC-DST-B2-02,2024-07-02,2,2,3,0.0489
PHC-DST-B2-02,2024-07-03,2,2,3,0.0684
PHC-DST-B2-02,2024-07-04,2,2,3,0.0676
PHC-DST-B2-02,2024-07-05,2,2,3,0.0546
PHC-DST-B2-02,2024-07-06,2,2,3,0.0667
PHC-DST-B2-02,2024-07-07,1,1,2,0.4623
PHC-DST-B2-02,2024-07-08,2,2,3,0.072
PHC-DST-B2-02,2024-07-09,2,2,3,0.0693
PHC-DST-B2-02,2024-07-10,2,2,3,0.0669
PHC-DST-B2-02,2024-07-11,2,2,3,0.0498
PHC-DST-B2-02,2024-07-12,2,2,3,0.078
PHC-DST-B2-02,2024-07-13,2,2,3,0.0554
PHC-DST-B2-02,2024-07-14,1,1,2,0.457
PHC-DST-B2-02,2024-07-15,2,2,3,0.0549
PHC-DST-B2-02,2024-07-16,2,2,3,0.0697
PHC-DST-B2-02,2024-07-17,2,2,3,0.0789
PHC-DST-B2-02,2024-07-18,2,2,3,0.0608
PHC-DST-B2-02,2024-07-19,2,2,3,0.0706
PHC-DST-B2-02,2024-07-20,2,2,3,0.0644
PHC-DST-B2-02,2024-07-21,1,1,2,0.4604
PHC-DST-B2-02,2024-07-22,2,2,3,0.0468
PHC-DST-B2-02,2024-07-23,2,2,3,0.0756
PHC-DST-B2-02,2024-07-24,2,2,3,0.0457
PHC-DST-B2-02,2024-07-25,2,2,3,0.0653
PHC-DST-B2-02,2024-07-26,2,2,3,0.0651
PHC-DST-B2-02,2024-07-27,2,2,3,0.066
PHC-DST-B2-02,2024-07-28,1,1,2,0.4464
PHC-DST-B2-02,2024-07-29,2,2,3,0.0735
PHC-DST-B2-02,2024-07-30,2,2,3,0.0744
PHC-DST-B2-02,2024-07-31,2,2,3,0.0646
PHC-DST-B2-02,2024-08-01,2,2,3,0.0504
PHC-DST-B2-02,2024-08-02,2,2,3,0.0554
PHC-DST-B2-02,2024-08-03,2,2,3,0.0683
PHC-DST-B2-02,2024-08-04,1,1,2,0.4444
PHC-DST-B2-02,2024-08-05,2,2,3,0.052
PHC-DST-B2-02,2024-08-06,2,2,3,0.0472
PHC-DST-B2-02,2024-08-07,2,2,3,0.0758
PHC-DST-B2-02,2024-08-08,2,2,3,0.0495
PHC-DST-B2-02,2024-08-09,2,2,3,
PHC-DST-B2-02,2024-08-10,2,2,3,0.0444
PHC-DST-B2-02,2024-08-11,1,1,2,0.4617
PHC-DST-B2-02,2024-08-12,2,2,3,0.0469
PHC-DST-B2-02,2024-08-13,2,2,3,0.0476
PHC-DST-B2-02,2024-08-14,2,2,3,0.0546
PHC-DST-B2-02,2024-08-15,2,2,3,0.049
PHC-DST-B2-02,2024-08-16,2,2,3,0.042
PHC-DST-B2-02,2024-08-17,2,2,3,0.0675
PHC-DST-B2-02,2024-08-18,1,1,2,0.4494
PHC-DST-B2-02,2024-08-19,1,1,2,0.46
PHC-DST-B2-02,2024-08-20,1,1,1,0.5454
PHC-DST-B2-02,2024-08-21,2,2,3,0.0492
PHC-DST-B2-02,2024-08-22,2,2,3,0.0489
PHC-DST-B2-02,2024-08-23,2,2,3,0.0554
PHC-DST-B2-02,2024-08-24,2,2,3,0.0608
PHC-DST-B2-02,2024-08-25,1,1,2,0.4413
PHC-DST-B2-02,2024-08-26,2,2,3,0.0692
PHC-DST-B2-02,2024-08-27,2,2,3,0.0778
PHC-DST-B2-02,2024-08-28,2,2,3,0.0766
PHC-DST-B2-02,2024-08-29,2,2,3,0.0548
PHC-DST-B2-02,2024-08-30,2,2,3,0.0737
PHC-DST-B2-02,2024-08-31,2,2,3,0.0422
PHC-DST-B2-02,2024-09-01,1,1,2,0.4652
PHC-DST-B2-02,2024-09-02,2,2,3,0.0638
PHC-DST-B2-02,2024-09-03,2,2,3,0.0507
PHC-DST-B2-02,2024-09-04,2,2,3,0.054
PHC-DST-B2-02,2024-09-05,2,2,3,0.0787
PHC-DST-B2-02,2024-09-06,2,2,3,0.0607
PHC-DST-B2-02,2024-09-07,2,2,3,0.0649
PHC-DST-B2-02,2024-09-08,1,1,2,0.4462
PHC-DST-B2-02,2024-09-09,2,2,3,0.0772
PHC-DST-B2-02,2024-09-10,1,1,1,0.537
PHC-DST-B2-02,2024-09-11,2,2,3,0.0486
PHC-DST-B2-02,2024-09-12,2,2,3,0.0531
PHC-DST-B2-02,2024-09-13,2,2,3,0.0791
PHC-DST-B2-02,2024-09-14,2,2,3,0.0632
PHC-DST-B2-02,2024-09-15,1,1,2,0.4653
PHC-DST-B2-02,2024-09-16,2,2,3,0.0697
PHC-DST-B2-02,2024-09-17,2,2,3,0.0686
PHC-DST-B2-02,2024-09-18,2,2,3,0.0678
PHC-DST-B2-02,2024-09-19,2,2,3,0.0466
PHC-DST-B2-02,2024-09-20,2,2,3,0.0734
PHC-DST-B2-02,2024-09-21,2,2,3,0.049
PHC-DST-B2-02,2024-09-22,1,1,2,0.4434
PHC-DST-B2-02,2024-09-23,2,2,3,0.0796
PHC-DST-B2-02,2024-09-24,2,2,3,0.0443
PHC-DST-B2-02,2024-09-25,1,1,1,0.5155
PHC-DST-B2-02,2024-09-26,2,2,3,0.0588
PHC-DST-B2-02,2024-09-27,2,2,3,0.0722
PHC-DST-B2-02,2024-09-28,2,2,3,0.0602
PHC-DST-B2-02,2024-09-29,1,1,2,0.452
PHC-DST-B2-02,2024-09-30,2,2,3,0.076
PHC-DST-B2-02,2024-10-01,2,2,3,0.0468
PHC-DST-B2-02,2024-10-02,2,2,3,
PHC-DST-B2-02,2024-10-03,2,2,3,
PHC-DST-B2-02,2024-10-04,2,2,3,0.0633
PHC-DST-B2-02,2024-10-05,2,2,3,0.0511
PHC-DST-B2-02,2024-10-06,1,1,2,0.4733
PHC-DST-B2-02,2024-10-07,2,2,3,0.0633
PHC-DST-B2-02,2024-10-08,2,2,3,0.0545
PHC-DST-B2-02,2024-10-09,2,2,3,0.0773
PHC-DST-B2-02,2024-10-10,2,2,3,0.0497
PHC-DST-B2-02,2024-10-11,2,2,3,0.0636
PHC-DST-B2-02,2024-10-12,2,2,3,0.0637
PHC-DST-B2-02,2024-10-13,1,1,2,0.473
PHC-DST-B2-02,2024-10-14,2,2,3,
PHC-DST-B2-02,2024-10-15,2,2,3,0.0668
PHC-DST-B2-02,2024-10-16,2,2,3,0.0769
PHC-DST-B2-02,2024-10-17,2,2,3,0.0787
PHC-DST-B2-02,2024-10-18,2,2,3,0.0532
PHC-DST-B2-02,2024-10-19,2,2,3,0.0491
PHC-DST-B2-02,2024-10-20,1,1,2,0.4465
PHC-DST-B2-02,2024-10-21,2,2,3,0.0451
PHC-DST-B2-02,2024-10-22,2,2,3,0.0505
PHC-DST-B2-02,2024-10-23,2,2,3,0.0603
PHC-DST-B2-02,2024-10-24,2,2,3,0.0576
PHC-DST-B2-02,2024-10-25,2,2,3,0.0758
PHC-DST-B2-02,2024-10-26,2,2,3,0.0536
PHC-DST-B2-02,2024-10-27,1,1,2,0.4425
PHC-DST-B2-02,2024-10-28,2,2,3,0.08
PHC-DST-B2-02,2024-10-29,2,2,3,0.0754
PHC-DST-B2-02,2024-10-30,2,2,3,0.04
PHC-DST-B2-02,2024-10-31,2,2,3,0.0537
PHC-DST-B2-02,2024-11-01,2,2,3,0.0664
PHC-DST-B2-02,2024-11-02,2,2,3,0.0736
PHC-DST-B2-02,2024-11-03,1,1,2,0.4598
PHC-DST-B2-02,2024-11-04,2,2,3,0.0662
PHC-DST-B2-02,2024-11-05,2,2,3,0.0587
PHC-DST-B2-02,2024-11-06,2,2,3,0.0409
PHC-DST-B2-02,2024-11-07,2,2,3,0.0589
PHC-DST-B2-02,2024-11-08,2,2,3,0.073
PHC-DST-B2-02,2024-11-09,2,2,3,0.054
PHC-DST-B2-02,2024-11-10,1,1,2,0.4434
PHC-DST-B2-02,2024-11-11,2,2,3,0.0465
PHC-DST-B2-02,2024-11-12,2,2,3,0.046
PHC-DST-B2-02,2024-11-13,2,2,3,0.047
PHC-DST-B2-02,2024-11-14,2,2,3,0.0553
PHC-DST-B2-02,2024-11-15,2,2,3,0.0555
PHC-DST-B2-02,2024-11-16,2,2,3,0.0658
PHC-DST-B2-02,2024-11-17,1,1,2,0.445
PHC-DST-B2-02,2024-11-18,2,2,3,0.0503
PHC-DST-B2-02,2024-11-19,2,2,3,0.0513
PHC-DST-B2-02,2024-11-20,2,2,3,0.0667
PHC-DST-B2-02,2024-11-21,2,2,3,0.0558
PHC-DST-B2-02,2024-11-22,2,2,3,0.0506
PHC-DST-B2-02,2024-11-23,2,2,3,0.0549
PHC-DST-B2-02,2024-11-24,1,1,2,0.4744
PHC-DST-B2-02,2024-11-25,2,2,3,0.0563
PHC-DST-B2-02,2024-11-26,2,2,3,0.0572
PHC-DST-B2-02,2024-11-27,2,2,3,0.0539
PHC-DST-B2-02,2024-11-28,2,2,3,0.0576
PHC-DST-B2-02,2024-11-29,2,2,3,0.0653
PHC-DST-B2-02,2024-11-30,2,2,3,0.0764
PHC-DST-B2-02,2024-12-01,1,1,2,0.4577
PHC-DST-B2-02,2024-12-02,2,2,3,0.0751
PHC-DST-B2-02,2024-12-03,2,2,3,0.0452
PHC-DST-B2-02,2024-12-04,2,2,3,0.0457
PHC-DST-B2-02,2024-12-05,2,2,3,0.0548
PHC-DST-B2-02,2024-12-06,2,2,3,0.0469
PHC-DST-B2-02,2024-12-07,2,2,3,0.0502
PHC-DST-B2-02,2024-12-08,1,1,2,0.4483
PHC-DST-B2-02,2024-12-09,2,2,3,0.0436
PHC-DST-B2-02,2024-12-10,2,2,3,0.0542
PHC-DST-B2-02,2024-12-11,2,2,3,0.0729
PHC-DST-B2-02,2024-12-12,2,2,3,0.0573
PHC-DST-B2-02,2024-12-13,2,2,3,0.0624
PHC-DST-B2-02,2024-12-14,2,2,3,0.078
PHC-DST-B2-02,2024-12-15,1,1,2,0.4793
PHC-DST-B2-02,2024-12-16,2,2,3,0.0793
PHC-DST-B2-02,2024-12-17,2,2,3,0.0471
PHC-DST-B2-02,2024-12-18,2,2,3,0.0584
PHC-DST-B2-02,2024-12-19,2,2,3,0.0515
PHC-DST-B2-02,2024-12-20,2,2,3,0.0461
PHC-DST-B2-02,2024-12-21,2,2,3,0.0726
PHC-DST-B2-02,2024-12-22,1,1,2,0.4721
PHC-DST-B2-02,2024-12-23,2,2,3,0.0534
PHC-DST-B2-02,2024-12-24,2,2,3,0.0565
PHC-DST-B2-02,2024-12-25,2,2,3,0.0782
PHC-DST-B2-02,2024-12-26,2,2,3,0.0507
PHC-DST-B2-02,2024-12-27,2,2,3,0.0744
PHC-DST-B2-02,2024-12-28,2,2,3,
PHC-DST-B2-02,2024-12-29,1,1,2,0.4622
PHC-DST-B2-02,2024-12-30,2,2,3,0.0439
PHC-DST-B2-02,2024-12-31,2,2,3,0.065
PHC-DST-B2-02,2025-01-01,2,2,3,0.0774
PHC-DST-B2-02,2025-01-02,2,2,3,
PHC-DST-B2-02,2025-01-03,2,2,3,0.0505
PHC-DST-B2-02,2025-01-04,2,2,3,0.0524
PHC-DST-B2-02,2025-01-05,1,1,2,0.4713
PHC-DST-B2-02,2025-01-06,2,2,3,0.0705
PHC-DST-B2-02,2025-01-07,2,2,3,0.0557
PHC-DST-B2-02,2025-01-08,2,2,3,0.0419
PHC-DST-B2-02,2025-01-09,2,2,3,0.0755
PHC-DST-B2-02,2025-01-10,2,2,3,0.0679
PHC-DST-B2-02,2025-01-11,2,2,3,0.0451
PHC-DST-B2-02,2025-01-12,1,1,2,0.4501
PHC-DST-B2-02,2025-01-13,2,2,3,0.0613
PHC-DST-B2-02,2025-01-14,2,2,3,0.0516
PHC-DST-B2-02,2025-01-15,2,2,3,0.0422
PHC-DST-B2-02,2025-01-16,2,2,3,0.0497
PHC-DST-B2-02,2025-01-17,2,2,3,0.0567
PHC-DST-B2-02,2025-01-18,2,2,3,0.0663
PHC-DST-B2-02,2025-01-19,1,1,2,0.4531
PHC-DST-B2-02,2025-01-20,2,2,3,0.0658
PHC-DST-B2-02,2025-01-21,2,2,3,0.0656
PHC-DST-B2-02,2025-01-22,2,2,3,
PHC-DST-B2-02,2025-01-23,2,2,3,0.0704
PHC-DST-B2-02,2025-01-24,2,2,3,0.0757
PHC-DST-B2-02,2025-01-25,2,2,3,0.0457
PHC-DST-B2-02,2025-01-26,1,1,2,0.4712
PHC-DST-B2-02,2025-01-27,2,2,3,0.0521
PHC-DST-B2-02,2025-01-28,2,2,3,0.0795
PHC-DST-B2-02,2025-01-29,2,2,3,0.0527
PHC-DST-B2-02,2025-01-30,2,2,3,0.0748
PHC-DST-B2-02,2025-01-31,2,2,3,0.0414
PHC-DST-B2-02,2025-02-01,2,2,3,0.0426
PHC-DST-B2-02,2025-02-02,1,1,2,0.441
PHC-DST-B2-02,2025-02-03,2,2,3,0.0676
PHC-DST-B2-02,2025-02-04,2,2,3,0.0795
PHC-DST-B2-02,2025-02-05,2,2,3,0.0676
PHC-DST-B2-02,2025-02-06,2,2,3,0.0414
PHC-DST-B2-02,2025-02-07,2,2,3,0.0662
PHC-DST-B2-02,2025-02-08,2,2,3,0.0751
PHC-DST-B2-02,2025-02-09,1,1,2,0.4692
PHC-DST-B2-02,2025-02-10,2,2,3,0.0647
PHC-DST-B2-02,2025-02-11,2,2,3,0.048
PHC-DST-B2-02,2025-02-12,2,2,3,0.0778
PHC-DST-B2-02,2025-02-13,2,2,3,0.0739
PHC-DST-B2-02,2025-02-14,2,2,3,0.0436
PHC-DST-B2-02,2025-02-15,2,2,3,0.0798
PHC-DST-B2-02,2025-02-16,1,1,2,0.4665
PHC-DST-B2-02,2025-02-17,2,2,3,0.0434
PHC-DST-B2-02,2025-02-18,2,2,3,0.0749
PHC-DST-B2-02,2025-02-19,2,2,3,0.0638
PHC-DST-B2-02,2025-02-20,2,2,3,0.043
PHC-DST-B2-02,2025-02-21,2,2,3,0.0401
PHC-DST-B2-02,2025-02-22,2,2,3,0.0518
PHC-DST-B2-02,2025-02-23,1,1,2,0.461
PHC-DST-B2-02,2025-02-24,2,2,3,0.0524
PHC-DST-B2-02,2025-02-25,2,2,3,0.0765
PHC-DST-B2-02,2025-02-26,2,2,3,0.0697
PHC-DST-B2-02,2025-02-27,2,2,3,0.0798
PHC-DST-B2-02,2025-02-28,2,2,3,0.0751
PHC-DST-B2-02,2025-03-01,2,2,3,0.0544
PHC-DST-B2-02,2025-03-02,1,1,2,0.4721
PHC-DST-B2-02,2025-03-03,2,2,3,0.0548
PHC-DST-B2-02,2025-03-04,2,2,3,0.0597
PHC-DST-B2-02,2025-03-05,2,2,3,0.0538
PHC-DST-B2-02,2025-03-06,2,2,3,0.061
PHC-DST-B2-02,2025-03-07,2,2,3,0.0417
PHC-DST-B2-02,2025-03-08,2,2,3,0.0619
PHC-DST-B2-02,2025-03-09,1,1,2,0.4458
PHC-DST-B2-02,2025-03-10,2,2,3,0.0546
PHC-DST-B2-02,2025-03-11,2,2,3,0.06
PHC-DST-B2-02,2025-03-12,2,2,3,
PHC-DST-B2-02,2025-03-13,2,2,3,0.0499
PHC-DST-B2-02,2025-03-14,2,2,3,0.0421
PHC-DST-B2-02,2025-03-15,2,2,3,0.0475
PHC-DST-B2-02,2025-03-16,1,1,2,0.4695
PHC-DST-B2-02,2025-03-17,2,2,3,0.0487
PHC-DST-B2-02,2025-03-18,2,2,3,0.0546
PHC-DST-B2-02,2025-03-19,2,2,3,0.0612
PHC-DST-B2-02,2025-03-20,2,2,3,0.0449
PHC-DST-B2-02,2025-03-21,2,2,3,0.0478
PHC-DST-B2-02,2025-03-22,2,2,3,0.0619
PHC-DST-B2-02,2025-03-23,1,1,2,0.4496
PHC-DST-B2-02,2025-03-24,2,2,3,0.0568
PHC-DST-B2-02,2025-03-25,2,2,3,0.066
PHC-DST-B2-02,2025-03-26,2,2,3,0.0563
PHC-DST-B2-02,2025-03-27,2,2,3,0.0481
PHC-DST-B2-02,2025-03-28,2,2,3,0.0439
PHC-DST-B2-02,2025-03-29,2,2,3,0.0762
PHC-DST-B2-02,2025-03-30,1,1,2,0.4537
PHC-DST-B2-02,2025-03-31,2,2,3,
PHC-DST-B2-02,2025-04-01,2,2,3,0.0479
PHC-DST-B2-02,2025-04-02,2,2,3,0.0675
PHC-DST-B2-02,2025-04-03,2,2,3,0.079
PHC-DST-B2-02,2025-04-04,2,2,3,0.0609
PHC-DST-B2-02,2025-04-05,2,2,3,0.0543
PHC-DST-B2-02,2025-04-06,1,1,2,0.4489
PHC-DST-B2-02,2025-04-07,2,2,3,0.0762
PHC-DST-B2-02,2025-04-08,2,2,3,0.0701
PHC-DST-B2-02,2025-04-09,2,2,3,0.0492
PHC-DST-B2-02,2025-04-10,2,2,3,0.0541
PHC-DST-B2-02,2025-04-11,2,2,3,0.0743
PHC-DST-B2-02,2025-04-12,2,2,3,0.0632
PHC-DST-B2-02,2025-04-13,1,1,2,0.4756
PHC-DST-B2-02,2025-04-14,2,2,3,0.0629
PHC-DST-B2-02,2025-04-15,2,2,3,0.0414
PHC-DST-B2-02,2025-04-16,2,2,3,0.0558
PHC-DST-B2-02,2025-04-17,2,2,3,0.0583
PHC-DST-B2-02,2025-04-18,2,2,3,0.0437
PHC-DST-B2-02,2025-04-19,2,2,3,0.0423
PHC-DST-B2-02,2025-04-20,1,1,2,0.4672
PHC-DST-B2-02,2025-04-21,2,2,3,0.0619
PHC-DST-B2-02,2025-04-22,2,2,3,0.043
PHC-DST-B2-02,2025-04-23,2,2,3,0.0568
PHC-DST-B2-02,2025-04-24,2,2,3,0.0775
PHC-DST-B2-02,2025-04-25,2,2,3,0.061
PHC-DST-B2-02,2025-04-26,2,2,3,0.0612
PHC-DST-B2-02,2025-04-27,1,1,2,0.478
PHC-DST-B2-02,2025-04-28,2,2,3,0.0635
PHC-DST-B2-02,2025-04-29,2,2,3,0.0603
PHC-DST-B2-02,2025-04-30,2,2,3,0.0797
PHC-DST-B2-02,2025-05-01,2,2,3,0.0749
PHC-DST-B2-02,2025-05-02,2,2,3,0.0715
PHC-DST-B2-02,2025-05-03,2,2,3,0.0521
PHC-DST-B2-02,2025-05-04,1,1,2,0.4614
PHC-DST-B2-02,2025-05-05,2,2,3,0.0663
PHC-DST-B2-02,2025-05-06,2,2,3,0.0705
PHC-DST-B2-02,2025-05-07,2,2,3,0.0483
PHC-DST-B2-02,2025-05-08,2,2,3,0.049
PHC-DST-B2-02,2025-05-09,2,2,3,0.0444
PHC-DST-B2-02,2025-05-10,2,2,3,0.065
PHC-DST-B2-02,2025-05-11,1,1,2,0.4712
PHC-DST-B2-02,2025-05-12,2,2,3,0.0598
PHC-DST-B2-02,2025-05-13,2,2,3,0.0669
PHC-DST-B2-02,2025-05-14,2,2,3,0.053
PHC-DST-B2-02,2025-05-15,2,2,3,0.0587
PHC-DST-B2-02,2025-05-16,2,2,3,
PHC-DST-B2-02,2025-05-17,2,2,3,0.0668
PHC-DST-B2-02,2025-05-18,1,1,2,0.4407
PHC-DST-B2-02,2025-05-19,2,2,3,0.071
PHC-DST-B2-02,2025-05-20,2,2,3,0.0674
PHC-DST-B2-02,2025-05-21,2,2,3,0.0544
PHC-DST-B2-02,2025-05-22,2,2,3,0.0648
PHC-DST-B2-02,2025-05-23,2,2,3,0.0583
PHC-DST-B2-02,2025-05-24,2,2,3,0.0784
PHC-DST-B2-02,2025-05-25,1,1,2,0.4464
PHC-DST-B2-02,2025-05-26,2,2,3,0.079
PHC-DST-B2-02,2025-05-27,2,2,3,0.0453
PHC-DST-B2-02,2025-05-28,2,2,3,0.0501
PHC-DST-B2-02,2025-05-29,2,2,3,0.0451
PHC-DST-B2-02,2025-05-30,2,2,3,0.0469
PHC-DST-B2-02,2025-05-31,2,2,3,0.0418
PHC-DST-B2-02,2025-06-01,1,1,2,0.4737
PHC-DST-B2-02,2025-06-02,2,2,3,0.0569
PHC-DST-B2-02,2025-06-03,2,2,3,0.0604
PHC-DST-B2-02,2025-06-04,2,2,3,0.0401
PHC-DST-B2-02,2025-06-05,2,2,3,0.0739
PHC-DST-B2-02,2025-06-06,2,2,3,0.0646
PHC-DST-B2-02,2025-06-07,2,2,3,0.0732
PHC-DST-B2-02,2025-06-08,1,1,2,0.4517
PHC-DST-B2-02,2025-06-09,2,2,3,0.0652
PHC-DST-B2-02,2025-06-10,2,2,3,0.0467
PHC-DST-B2-02,2025-06-11,2,2,3,0.0424
PHC-DST-B2-02,2025-06-12,2,2,3,0.0728
PHC-DST-B2-02,2025-06-13,2,2,3,0.0751
PHC-DST-B2-02,2025-06-14,2,2,3,0.0484
PHC-DST-B2-02,2025-06-15,1,1,2,0.4644
PHC-DST-B2-02,2025-06-16,2,2,3,0.0506
PHC-DST-B2-02,2025-06-17,2,2,3,0.0747
PHC-DST-B2-02,2025-06-18,2,2,3,0.0554
PHC-DST-B2-02,2025-06-19,2,2,3,0.0601
PHC-DST-B2-02,2025-06-20,2,2,3,0.0769
PHC-DST-B2-02,2025-06-21,2,2,3,0.0683
PHC-DST-B2-02,2025-06-22,1,1,2,0.475
PHC-DST-B2-02,2025-06-23,2,2,3,0.0764
PHC-DST-B2-02,2025-06-24,2,2,3,0.056
PHC-DST-B2-02,2025-06-25,2,2,3,0.0545
PHC-DST-B2-02,2025-06-26,2,2,3,0.0688
PHC-DST-B2-02,2025-06-27,2,2,3,0.0591
PHC-DST-B2-02,2025-06-28,2,2,3,0.0647
PHC-DST-B2-02,2025-06-29,1,1,2,0.4784
PHC-DST-B2-02,2025-06-30,2,2,3,0.0602
PHC-DST-B2-03,2024-07-01,2,2,4,0.079
PHC-DST-B2-03,2024-07-02,2,2,4,0.0796
PHC-DST-B2-03,2024-07-03,2,2,4,0.0797
PHC-DST-B2-03,2024-07-04,2,2,4,0.0474
PHC-DST-B2-03,2024-07-05,2,2,4,0.0683
PHC-DST-B2-03,2024-07-06,2,2,4,0.0638
PHC-DST-B2-03,2024-07-07,1,1,2,0.4703
PHC-DST-B2-03,2024-07-08,2,2,4,0.0744
PHC-DST-B2-03,2024-07-09,2,2,4,0.0483
PHC-DST-B2-03,2024-07-10,2,2,4,0.06
PHC-DST-B2-03,2024-07-11,2,2,4,0.0511
PHC-DST-B2-03,2024-07-12,2,2,4,0.0556
PHC-DST-B2-03,2024-07-13,2,2,4,0.0533
PHC-DST-B2-03,2024-07-14,1,1,2,0.4403
PHC-DST-B2-03,2024-07-15,2,2,4,0.0439
PHC-DST-B2-03,2024-07-16,2,2,4,0.0463
PHC-DST-B2-03,2024-07-17,2,2,4,0.0737
PHC-DST-B2-03,2024-07-18,2,2,4,0.0767
PHC-DST-B2-03,2024-07-19,2,2,4,0.0597
PHC-DST-B2-03,2024-07-20,2,2,4,0.0441
PHC-DST-B2-03,2024-07-21,1,1,2,0.4788
PHC-DST-B2-03,2024-07-22,2,2,4,0.0473
PHC-DST-B2-03,2024-07-23,2,2,4,0.058
PHC-DST-B2-03,2024-07-24,2,2,4,0.0414
PHC-DST-B2-03,2024-07-25,2,2,4,0.0563
PHC-DST-B2-03,2024-07-26,2,2,4,0.0609
PHC-DST-B2-03,2024-07-27,2,2,4,0.0758
PHC-DST-B2-03,2024-07-28,1,1,2,0.4646
PHC-DST-B2-03,2024-07-29,2,2,4,0.0767
PHC-DST-B2-03,2024-07-30,2,2,4,0.0559
PHC-DST-B2-03,2024-07-31,2,2,4,0.0711
PHC-DST-B2-03,2024-08-01,2,2,4,0.0578
PHC-DST-B2-03,2024-08-02,2,2,4,0.0798
PHC-DST-B2-03,2024-08-03,2,2,4,0.0406
PHC-DST-B2-03,2024-08-04,1,1,2,0.4493
PHC-DST-B2-03,2024-08-05,2,2,4,0.0432
PHC-DST-B2-03,2024-08-06,2,2,4,0.0672
PHC-DST-B2-03,2024-08-07,2,2,4,0.0436
PHC-DST-B2-03,2024-08-08,2,2,4,0.0673
PHC-DST-B2-03,2024-08-09,2,2,4,0.0621
PHC-DST-B2-03,2024-08-10,2,2,4,0.042
PHC-DST-B2-03,2024-08-11,1,1,2,0.4493
PHC-DST-B2-03,2024-08-12,2,2,4,0.0441
PHC-DST-B2-03,2024-08-13,2,2,4,0.0471
PHC-DST-B2-03,2024-08-14,2,2,4,0.0493
PHC-DST-B2-03,2024-08-15,2,2,4,0.0747
PHC-DST-B2-03,2024-08-16,2,2,4,0.0707
PHC-DST-B2-03,2024-08-17,2,2,4,0.0534
PHC-DST-B2-03,2024-08-18,1,1,2,0.4475
PHC-DST-B2-03,2024-08-19,1,1,2,0.5528
PHC-DST-B2-03,2024-08-20,1,1,2,0.4207
PHC-DST-B2-03,2024-08-21,2,2,4,0.066
PHC-DST-B2-03,2024-08-22,2,2,4,0.057
PHC-DST-B2-03,2024-08-23,2,2,4,0.042
PHC-DST-B2-03,2024-08-24,2,2,4,0.0721
PHC-DST-B2-03,2024-08-25,1,1,2,0.4717
PHC-DST-B2-03,2024-08-26,2,2,4,0.0772
PHC-DST-B2-03,2024-08-27,2,2,4,0.0433
PHC-DST-B2-03,2024-08-28,2,2,4,
PHC-DST-B2-03,2024-08-29,2,2,4,0.0658
PHC-DST-B2-03,2024-08-30,2,2,4,0.0593
PHC-DST-B2-03,2024-08-31,2,2,4,0.054
PHC-DST-B2-03,2024-09-01,1,1,2,0.4655
PHC-DST-B2-03,2024-09-02,2,2,4,0.0746
PHC-DST-B2-03,2024-09-03,2,2,4,0.0539
PHC-DST-B2-03,2024-09-04,2,2,4,0.0669
PHC-DST-B2-03,2024-09-05,2,2,4,0.0662
PHC-DST-B2-03,2024-09-06,2,2,4,0.0452
PHC-DST-B2-03,2024-09-07,2,2,4,0.0491
PHC-DST-B2-03,2024-09-08,1,1,2,0.4694
PHC-DST-B2-03,2024-09-09,2,2,4,0.0443
PHC-DST-B2-03,2024-09-10,1,1,2,0.6024
PHC-DST-B2-03,2024-09-11,2,2,4,0.0729
PHC-DST-B2-03,2024-09-12,2,2,4,0.0682
PHC-DST-B2-03,2024-09-13,2,2,4,0.0767
PHC-DST-B2-03,2024-09-14,2,2,4,0.0781
PHC-DST-B2-03,2024-09-15,1,1,2,0.4791
PHC-DST-B2-03,2024-09-16,2,2,4,0.0449
PHC-DST-B2-03,2024-09-17,2,2,4,0.0606
PHC-DST-B2-03,2024-09-18,2,2,4,0.0452
PHC-DST-B2-03,2024-09-19,2,2,4,0.0642
PHC-DST-B2-03,2024-09-20,2,2,4,0.0515
PHC-DST-B2-03,2024-09-21,2,2,4,0.0661
PHC-DST-B2-03,2024-09-22,1,1,2,0.446
PHC-DST-B2-03,2024-09-23,2,2,4,0.0777
PHC-DST-B2-03,2024-09-24,2,2,4,0.0434
PHC-DST-B2-03,2024-09-25,1,1,3,0.3618
PHC-DST-B2-03,2024-09-26,2,2,4,0.0459
PHC-DST-B2-03,2024-09-27,2,2,4,0.0525
PHC-DST-B2-03,2024-09-28,2,2,4,0.0536
PHC-DST-B2-03,2024-09-29,1,1,2,0.4725
PHC-DST-B2-03,2024-09-30,2,2,4,0.0421
PHC-DST-B2-03,2024-10-01,2,2,4,0.0428
PHC-DST-B2-03,2024-10-02,2,2,4,0.0719
PHC-DST-B2-03,2024-10-03,2,2,4,0.057
PHC-DST-B2-03,2024-10-04,2,2,4,0.0496
PHC-DST-B2-03,2024-10-05,2,2,4,0.0759
PHC-DST-B2-03,2024-10-06,1,1,2,0.4706
PHC-DST-B2-03,2024-10-07,2,2,4,0.0548
PHC-DST-B2-03,2024-10-08,2,2,4,0.05
PHC-DST-B2-03,2024-10-09,2,2,4,0.0637
PHC-DST-B2-03,2024-10-10,2,2,4,0.0749
PHC-DST-B2-03,2024-10-11,2,2,4,0.0457
PHC-DST-B2-03,2024-10-12,2,2,4,0.0759
PHC-DST-B2-03,2024-10-13,1,1,2,0.4729
PHC-DST-B2-03,2024-10-14,2,2,4,0.0585
PHC-DST-B2-03,2024-10-15,2,2,4,0.0661
PHC-DST-B2-03,2024-10-16,2,2,4,0.0435
PHC-DST-B2-03,2024-10-17,2,2,4,0.0566
PHC-DST-B2-03,2024-10-18,2,2,4,
PHC-DST-B2-03,2024-10-19,2,2,4,0.0693
PHC-DST-B2-03,2024-10-20,1,1,2,0.4646
PHC-DST-B2-03,2024-10-21,2,2,4,0.0416
PHC-DST-B2-03,2024-10-22,2,2,4,0.0659
PHC-DST-B2-03,2024-10-23,2,2,4,0.0616
PHC-DST-B2-03,2024-10-24,2,2,4,0.0628
PHC-DST-B2-03,2024-10-25,2,2,4,0.0787
PHC-DST-B2-03,2024-10-26,2,2,4,0.0407
PHC-DST-B2-03,2024-10-27,1,1,2,0.4666
PHC-DST-B2-03,2024-10-28,2,2,4,0.0618
PHC-DST-B2-03,2024-10-29,2,2,4,0.0575
PHC-DST-B2-03,2024-10-30,2,2,4,0.0518
PHC-DST-B2-03,2024-10-31,2,2,4,
PHC-DST-B2-03,2024-11-01,2,2,4,0.0711
PHC-DST-B2-03,2024-11-02,2,2,4,0.0446
PHC-DST-B2-03,2024-11-03,1,1,2,0.4584
PHC-DST-B2-03,2024-11-04,2,2,4,0.0513
PHC-DST-B2-03,2024-11-05,2,2,4,0.0751
PHC-DST-B2-03,2024-11-06,2,2,4,0.0448
PHC-DST-B2-03,2024-11-07,2,2,4,0.0754
PHC-DST-B2-03,2024-11-08,2,2,4,0.0446
PHC-DST-B2-03,2024-11-09,2,2,4,0.0569
PHC-DST-B2-03,2024-11-10,1,1,2,0.4751
PHC-DST-B2-03,2024-11-11,2,2,4,0.0493
PHC-DST-B2-03,2024-11-12,2,2,4,0.0651
PHC-DST-B2-03,2024-11-13,2,2,4,0.0648
PHC-DST-B2-03,2024-11-14,2,2,4,0.0453
PHC-DST-B2-03,2024-11-15,2,2,4,0.0663
PHC-DST-B2-03,2024-11-16,2,2,4,0.0448
PHC-DST-B2-03,2024-11-17,1,1,2,0.4636
PHC-DST-B2-03,2024-11-18,2,2,4,0.0566
PHC-DST-B2-03,2024-11-19,2,2,4,0.0458
PHC-DST-B2-03,2024-11-20,2,2,4,0.0768
PHC-DST-B2-03,2024-11-21,2,2,4,0.0542
PHC-DST-B2-03,2024-11-22,2,2,4,0.0758
PHC-DST-B2-03,2024-11-23,2,2,4,0.0405
PHC-DST-B2-03,2024-11-24,1,1,2,0.457
PHC-DST-B2-03,2024-11-25,2,2,4,0.0481
PHC-DST-B2-03,2024-11-26,2,2,4,0.045
PHC-DST-B2-03,2024-11-27,2,2,4,0.0564
PHC-DST-B2-03,2024-11-28,2,2,4,0.0732
PHC-DST-B2-03,2024-11-29,2,2,4,0.0768
PHC-DST-B2-03,2024-11-30,2,2,4,0.063
PHC-DST-B2-03,2024-12-01,1,1,2,0.4604
PHC-DST-B2-03,2024-12-02,2,2,4,0.0539
PHC-DST-B2-03,2024-12-03,2,2,4,0.0514
PHC-DST-B2-03,2024-12-04,2,2,4,0.0782
PHC-DST-B2-03,2024-12-05,2,2,4,0.0436
PHC-DST-B2-03,2024-12-06,2,2,4,0.0711
PHC-DST-B2-03,2024-12-07,2,2,4,0.074
PHC-DST-B2-03,2024-12-08,1,1,2,0.4412
PHC-DST-B2-03,2024-12-09,2,2,4,0.0711
PHC-DST-B2-03,2024-12-10,2,2,4,0.0444
PHC-DST-B2-03,2024-12-11,2,2,4,0.0501
PHC-DST-B2-03,2024-12-12,2,2,4,0.0703
PHC-DST-B2-03,2024-12-13,2,2,4,0.0742
PHC-DST-B2-03,2024-12-14,2,2,4,0.0426
PHC-DST-B2-03,2024-12-15,1,1,2,0.4683
PHC-DST-B2-03,2024-12-16,2,2,4,0.0437
PHC-DST-B2-03,2024-12-17,2,2,4,0.0751
PHC-DST-B2-03,2024-12-18,2,2,4,0.0432
PHC-DST-B2-03,2024-12-19,2,2,4,0.0756
PHC-DST-B2-03,2024-12-20,2,2,4,0.0533
PHC-DST-B2-03,2024-12-21,2,2,4,0.0627
PHC-DST-B2-03,2024-12-22,1,1,2,0.4665
PHC-DST-B2-03,2024-12-23,2,2,4,0.05
PHC-DST-B2-03,2024-12-24,2,2,4,0.0523
PHC-DST-B2-03,2024-12-25,2,2,4,0.0511
PHC-DST-B2-03,2024-12-26,2,2,4,0.057
PHC-DST-B2-03,2024-12-27,2,2,4,0.079
PHC-DST-B2-03,2024-12-28,2,2,4,0.0404
PHC-DST-B2-03,2024-12-29,1,1,2,0.4561
PHC-DST-B2-03,2024-12-30,2,2,4,0.0583
PHC-DST-B2-03,2024-12-31,2,2,4,0.0741
PHC-DST-B2-03,2025-01-01,2,2,4,0.0448
PHC-DST-B2-03,2025-01-02,2,2,4,0.0515
PHC-DST-B2-03,2025-01-03,2,2,4,0.0686
PHC-DST-B2-03,2025-01-04,2,2,4,0.0673
PHC-DST-B2-03,2025-01-05,1,1,2,0.4497
PHC-DST-B2-03,2025-01-06,2,2,4,0.0436
PHC-DST-B2-03,2025-01-07,2,2,4,0.043
PHC-DST-B2-03,2025-01-08,2,2,4,0.0684
PHC-DST-B2-03,2025-01-09,2,2,4,0.0644
PHC-DST-B2-03,2025-01-10,2,2,4,0.0471
PHC-DST-B2-03,2025-01-11,2,2,4,0.0469
PHC-DST-B2-03,2025-01-12,1,1,2,0.4625
PHC-DST-B2-03,2025-01-13,2,2,4,0.0439
PHC-DST-B2-03,2025-01-14,2,2,4,0.0573
PHC-DST-B2-03,2025-01-15,2,2,4,0.0728
PHC-DST-B2-03,2025-01-16,2,2,4,0.0794
PHC-DST-B2-03,2025-01-17,2,2,4,0.0602
PHC-DST-B2-03,2025-01-18,2,2,4,0.0726
PHC-DST-B2-03,2025-01-19,1,1,2,0.4642
PHC-DST-B2-03,2025-01-20,2,2,4,0.0699
PHC-DST-B2-03,2025-01-21,2,2,4,0.0792
PHC-DST-B2-03,2025-01-22,2,2,4,0.0463
PHC-DST-B2-03,2025-01-23,2,2,4,0.0607
PHC-DST-B2-03,2025-01-24,2,2,4,0.0422
PHC-DST-B2-03,2025-01-25,2,2,4,0.071
PHC-DST-B2-03,2025-01-26,1,1,2,0.4593
PHC-DST-B2-03,2025-01-27,2,2,4,0.0748
PHC-DST-B2-03,2025-01-28,2,2,4,0.0531
PHC-DST-B2-03,2025-01-29,2,2,4,0.0453
PHC-DST-B2-03,2025-01-30,2,2,4,0.0446
PHC-DST-B2-03,2025-01-31,2,2,4,0.0653
PHC-DST-B2-03,2025-02-01,2,2,4,0.0743
PHC-DST-B2-03,2025-02-02,1,1,2,0.4473
PHC-DST-B2-03,2025-02-03,2,2,4,0.0557
PHC-DST-B2-03,2025-02-04,2,2,4,0.058
PHC-DST-B2-03,2025-02-05,2,2,4,0.0736
PHC-DST-B2-03,2025-02-06,2,2,4,0.0433
PHC-DST-B2-03,2025-02-07,2,2,4,0.0721
PHC-DST-B2-03,2025-02-08,2,2,4,
PHC-DST-B2-03,2025-02-09,1,1,2,0.4556
PHC-DST-B2-03,2025-02-10,2,2,4,0.0437
PHC-DST-B2-03,2025-02-11,2,2,4,0.0743
PHC-DST-B2-03,2025-02-12,2,2,4,0.0557
PHC-DST-B2-03,2025-02-13,2,2,4,0.0433
PHC-DST-B2-03,2025-02-14,2,2,4,0.0644
PHC-DST-B2-03,2025-02-15,2,2,4,0.0619
PHC-DST-B2-03,2025-02-16,1,1,2,0.4542
PHC-DST-B2-03,2025-02-17,2,2,4,0.0623
PHC-DST-B2-03,2025-02-18,2,2,4,0.057
PHC-DST-B2-03,2025-02-19,2,2,4,0.0551
PHC-DST-B2-03,2025-02-20,2,2,4,0.0501
PHC-DST-B2-03,2025-02-21,2,2,4,0.0563
PHC-DST-B2-03,2025-02-22,2,2,4,0.0737
PHC-DST-B2-03,2025-02-23,1,1,2,0.4416
PHC-DST-B2-03,2025-02-24,2,2,4,0.0575
PHC-DST-B2-03,2025-02-25,2,2,4,0.0468
PHC-DST-B2-03,2025-02-26,2,2,4,0.0402
PHC-DST-B2-03,2025-02-27,2,2,4,0.0435
PHC-DST-B2-03,2025-02-28,2,2,4,0.0546
PHC-DST-B2-03,2025-03-01,2,2,4,0.0406
PHC-DST-B2-03,2025-03-02,1,1,2,0.4708
PHC-DST-B2-03,2025-03-03,2,2,4,0.0643
PHC-DST-B2-03,2025-03-04,2,2,4,0.0436
PHC-DST-B2-03,2025-03-05,2,2,4,0.052
PHC-DST-B2-03,2025-03-06,2,2,4,0.0412
PHC-DST-B2-03,2025-03-07,2,2,4,0.0589
PHC-DST-B2-03,2025-03-08,2,2,4,0.0413
PHC-DST-B2-03,2025-03-09,1,1,2,0.4667
PHC-DST-B2-03,2025-03-10,2,2,4,0.06
PHC-DST-B2-03,2025-03-11,2,2,4,0.0554
PHC-DST-B2-03,2025-03-12,2,2,4,0.0466
PHC-DST-B2-03,2025-03-13,2,2,4,0.0582
PHC-DST-B2-03,2025-03-14,2,2,4,0.0427
PHC-DST-B2-03,2025-03-15,2,2,4,0.0558
PHC-DST-B2-03,2025-03-16,1,1,2,0.4599
PHC-DST-B2-03,2025-03-17,2,2,4,0.0567
PHC-DST-B2-03,2025-03-18,2,2,4,0.0478
PHC-DST-B2-03,2025-03-19,2,2,4,0.0497
PHC-DST-B2-03,2025-03-20,2,2,4,0.0572
PHC-DST-B2-03,2025-03-21,2,2,4,0.0521
PHC-DST-B2-03,2025-03-22,2,2,4,0.0551
PHC-DST-B2-03,2025-03-23,1,1,2,
PHC-DST-B2-03,2025-03-24,2,2,4,0.0731
PHC-DST-B2-03,2025-03-25,2,2,4,0.063
PHC-DST-B2-03,2025-03-26,2,2,4,0.0759
PHC-DST-B2-03,2025-03-27,2,2,4,0.0713
PHC-DST-B2-03,2025-03-28,2,2,4,0.0459
PHC-DST-B2-03,2025-03-29,2,2,4,0.0492
PHC-DST-B2-03,2025-03-30,1,1,2,0.4465
PHC-DST-B2-03,2025-03-31,2,2,4,0.0596
PHC-DST-B2-03,2025-04-01,2,2,4,0.0683
PHC-DST-B2-03,2025-04-02,2,2,4,0.0665
PHC-DST-B2-03,2025-04-03,2,2,4,0.0758
PHC-DST-B2-03,2025-04-04,2,2,4,0.0781
PHC-DST-B2-03,2025-04-05,2,2,4,
PHC-DST-B2-03,2025-04-06,1,1,2,0.4705
PHC-DST-B2-03,2025-04-07,2,2,4,0.0578
PHC-DST-B2-03,2025-04-08,2,2,4,
PHC-DST-B2-03,2025-04-09,2,2,4,0.0682
PHC-DST-B2-03,2025-04-10,2,2,4,0.0407
PHC-DST-B2-03,2025-04-11,2,2,4,0.0597
PHC-DST-B2-03,2025-04-12,2,2,4,0.0563
PHC-DST-B2-03,2025-04-13,1,1,2,0.4428
PHC-DST-B2-03,2025-04-14,2,2,4,0.0694
PHC-DST-B2-03,2025-04-15,2,2,4,0.0674
PHC-DST-B2-03,2025-04-16,2,2,4,0.0766
PHC-DST-B2-03,2025-04-17,2,2,4,0.0491
PHC-DST-B2-03,2025-04-18,2,2,4,0.0559
PHC-DST-B2-03,2025-04-19,2,2,4,0.0421
PHC-DST-B2-03,2025-04-20,1,1,2,0.4796
PHC-DST-B2-03,2025-04-21,2,2,4,0.0614
PHC-DST-B2-03,2025-04-22,2,2,4,
PHC-DST-B2-03,2025-04-23,2,2,4,0.0674
PHC-DST-B2-03,2025-04-24,2,2,4,0.078
PHC-DST-B2-03,2025-04-25,2,2,4,0.0751
PHC-DST-B2-03,2025-04-26,2,2,4,0.0493
PHC-DST-B2-03,2025-04-27,1,1,2,0.4445
PHC-DST-B2-03,2025-04-28,2,2,4,0.0468
PHC-DST-B2-03,2025-04-29,2,2,4,0.0577
PHC-DST-B2-03,2025-04-30,2,2,4,0.0679
PHC-DST-B2-03,2025-05-01,2,2,4,0.0527
PHC-DST-B2-03,2025-05-02,2,2,4,0.0578
PHC-DST-B2-03,2025-05-03,2,2,4,0.0597
PHC-DST-B2-03,2025-05-04,1,1,2,0.4665
PHC-DST-B2-03,2025-05-05,2,2,4,0.0694
PHC-DST-B2-03,2025-05-06,2,2,4,0.0478
PHC-DST-B2-03,2025-05-07,2,2,4,0.0496
PHC-DST-B2-03,2025-05-08,2,2,4,0.0615
PHC-DST-B2-03,2025-05-09,2,2,4,0.06
PHC-DST-B2-03,2025-05-10,2,2,4,0.0747
PHC-DST-B2-03,2025-05-11,1,1,2,0.471
PHC-DST-B2-03,2025-05-12,2,2,4,0.0581
PHC-DST-B2-03,2025-05-13,2,2,4,0.0518
PHC-DST-B2-03,2025-05-14,2,2,4,0.0469
PHC-DST-B2-03,2025-05-15,2,2,4,0.0438
PHC-DST-B2-03,2025-05-16,2,2,4,0.0732
PHC-DST-B2-03,2025-05-17,2,2,4,0.0697
PHC-DST-B2-03,2025-05-18,1,1,2,0.4616
PHC-DST-B2-03,2025-05-19,2,2,4,0.0531
PHC-DST-B2-03,2025-05-20,2,2,4,0.0548
PHC-DST-B2-03,2025-05-21,2,2,4,0.0771
PHC-DST-B2-03,2025-05-22,2,2,4,0.0467
PHC-DST-B2-03,2025-05-23,2,2,4,0.0537
PHC-DST-B2-03,2025-05-24,2,2,4,0.0491
PHC-DST-B2-03,2025-05-25,1,1,2,0.4708
PHC-DST-B2-03,2025-05-26,2,2,4,0.0563
PHC-DST-B2-03,2025-05-27,2,2,4,0.0528
PHC-DST-B2-03,2025-05-28,2,2,4,0.0521
PHC-DST-B2-03,2025-05-29,2,2,4,0.0598
PHC-DST-B2-03,2025-05-30,2,2,4,0.0592
PHC-DST-B2-03,2025-05-31,2,2,4,0.061
PHC-DST-B2-03,2025-06-01,1,1,2,0.4574
PHC-DST-B2-03,2025-06-02,2,2,4,0.0727
PHC-DST-B2-03,2025-06-03,2,2,4,0.0581
PHC-DST-B2-03,2025-06-04,2,2,4,0.0476
PHC-DST-B2-03,2025-06-05,2,2,4,0.0777
PHC-DST-B2-03,2025-06-06,2,2,4,0.0546
PHC-DST-B2-03,2025-06-07,2,2,4,0.0682
PHC-DST-B2-03,2025-06-08,1,1,2,0.4789
PHC-DST-B2-03,2025-06-09,2,2,4,0.079
PHC-DST-B2-03,2025-06-10,2,2,4,0.0578
PHC-DST-B2-03,2025-06-11,2,2,4,0.0525
PHC-DST-B2-03,2025-06-12,2,2,4,0.0719
PHC-DST-B2-03,2025-06-13,2,2,4,0.0673
PHC-DST-B2-03,2025-06-14,2,2,4,0.0769
PHC-DST-B2-03,2025-06-15,1,1,2,0.4689
PHC-DST-B2-03,2025-06-16,2,2,4,0.0438
PHC-DST-B2-03,2025-06-17,2,2,4,0.0595
PHC-DST-B2-03,2025-06-18,2,2,4,0.0577
PHC-DST-B2-03,2025-06-19,2,2,4,0.0495
PHC-DST-B2-03,2025-06-20,2,2,4,0.0707
PHC-DST-B2-03,2025-06-21,2,2,4,0.0779
PHC-DST-B2-03,2025-06-22,1,1,2,0.4567
PHC-DST-B2-03,2025-06-23,2,2,4,0.0572
PHC-DST-B2-03,2025-06-24,2,2,4,0.0617
PHC-DST-B2-03,2025-06-25,2,2,4,0.0749
PHC-DST-B2-03,2025-06-26,2,2,4,0.0685
PHC-DST-B2-03,2025-06-27,2,2,4,0.0724
PHC-DST-B2-03,2025-06-28,2,2,4,0.0541
PHC-DST-B2-03,2025-06-29,1,1,2,0.4571
PHC-DST-B2-03,2025-06-30,2,2,4,0.0414
PHC-DST-B2-04,2024-07-01,2,4,4,0.0401
PHC-DST-B2-04,2024-07-02,2,4,4,0.0623
PHC-DST-B2-04,2024-07-03,2,4,4,0.0442
PHC-DST-B2-04,2024-07-04,2,4,4,0.0783
PHC-DST-B2-04,2024-07-05,2,4,4,0.061
PHC-DST-B2-04,2024-07-06,2,4,4,0.0577
PHC-DST-B2-04,2024-07-07,1,2,2,0.4538
PHC-DST-B2-04,2024-07-08,2,4,4,0.058
PHC-DST-B2-04,2024-07-09,2,4,4,0.0417
PHC-DST-B2-04,2024-07-10,2,4,4,0.0491
PHC-DST-B2-04,2024-07-11,2,4,4,0.0722
PHC-DST-B2-04,2024-07-12,2,4,4,0.0733
PHC-DST-B2-04,2024-07-13,2,4,4,
PHC-DST-B2-04,2024-07-14,1,2,2,0.4559
PHC-DST-B2-04,2024-07-15,2,4,4,0.068
PHC-DST-B2-04,2024-07-16,2,4,4,0.0561
PHC-DST-B2-04,2024-07-17,2,4,4,0.0602
PHC-DST-B2-04,2024-07-18,2,4,4,0.0654
PHC-DST-B2-04,2024-07-19,2,4,4,0.0481
PHC-DST-B2-04,2024-07-20,2,4,4,0.0604
PHC-DST-B2-04,2024-07-21,1,2,2,0.4789
PHC-DST-B2-04,2024-07-22,2,4,4,0.067
PHC-DST-B2-04,2024-07-23,2,4,4,0.0498
PHC-DST-B2-04,2024-07-24,2,4,4,0.0674
PHC-DST-B2-04,2024-07-25,2,4,4,0.0695
PHC-DST-B2-04,2024-07-26,2,4,4,0.0405
PHC-DST-B2-04,2024-07-27,2,4,4,0.0734
PHC-DST-B2-04,2024-07-28,1,2,2,0.4698
PHC-DST-B2-04,2024-07-29,2,4,4,0.0413
PHC-DST-B2-04,2024-07-30,2,4,4,0.0734
PHC-DST-B2-04,2024-07-31,2,4,4,0.0654
PHC-DST-B2-04,2024-08-01,2,4,4,0.0791
PHC-DST-B2-04,2024-08-02,2,4,4,0.0704
PHC-DST-B2-04,2024-08-03,2,4,4,0.0661
PHC-DST-B2-04,2024-08-04,1,2,2,0.477
PHC-DST-B2-04,2024-08-05,2,4,4,0.0429
PHC-DST-B2-04,2024-08-06,2,4,4,0.0657
PHC-DST-B2-04,2024-08-07,2,4,4,0.0458
PHC-DST-B2-04,2024-08-08,2,4,4,0.0795
PHC-DST-B2-04,2024-08-09,2,4,4,0.0654
PHC-DST-B2-04,2024-08-10,2,4,4,0.0647
PHC-DST-B2-04,2024-08-11,1,2,2,0.4777
PHC-DST-B2-04,2024-08-12,2,4,4,0.0498
PHC-DST-B2-04,2024-08-13,2,4,4,0.0479
PHC-DST-B2-04,2024-08-14,2,4,4,0.0408
PHC-DST-B2-04,2024-08-15,2,4,4,0.0617
PHC-DST-B2-04,2024-08-16,2,4,4,0.0405
PHC-DST-B2-04,2024-08-17,2,4,4,0.0477
PHC-DST-B2-04,2024-08-18,1,2,2,0.4579
PHC-DST-B2-04,2024-08-19,1,2,2,0.5222
PHC-DST-B2-04,2024-08-20,1,2,2,0.4753
PHC-DST-B2-04,2024-08-21,2,4,4,0.0677
PHC-DST-B2-04,2024-08-22,2,4,4,0.0667
PHC-DST-B2-04,2024-08-23,2,4,4,0.0743
PHC-DST-B2-04,2024-08-24,2,4,4,0.07
PHC-DST-B2-04,2024-08-25,1,2,2,0.4417
PHC-DST-B2-04,2024-08-26,2,4,4,0.0663
PHC-DST-B2-04,2024-08-27,2,4,4,0.0761
PHC-DST-B2-04,2024-08-28,2,4,4,0.0677
PHC-DST-B2-04,2024-08-29,2,4,4,0.0688
PHC-DST-B2-04,2024-08-30,2,4,4,0.0587
PHC-DST-B2-04,2024-08-31,2,4,4,0.0796
PHC-DST-B2-04,2024-09-01,1,2,2,0.463
PHC-DST-B2-04,2024-09-02,2,4,4,0.0563
PHC-DST-B2-04,2024-09-03,2,4,4,0.0549
PHC-DST-B2-04,2024-09-04,2,4,4,0.0609
PHC-DST-B2-04,2024-09-05,2,4,4,0.055
PHC-DST-B2-04,2024-09-06,2,4,4,0.0426
PHC-DST-B2-04,2024-09-07,2,4,4,0.0752
PHC-DST-B2-04,2024-09-08,1,2,2,0.441
PHC-DST-B2-04,2024-09-09,2,4,4,0.0525
PHC-DST-B2-04,2024-09-10,1,2,2,0.475
PHC-DST-B2-04,2024-09-11,2,4,4,0.0725
PHC-DST-B2-04,2024-09-12,2,4,4,0.049
PHC-DST-B2-04,2024-09-13,2,4,4,0.0405
PHC-DST-B2-04,2024-09-14,2,4,4,0.0591
PHC-DST-B2-04,2024-09-15,1,2,2,0.4699
PHC-DST-B2-04,2024-09-16,2,4,4,0.049
PHC-DST-B2-04,2024-09-17,2,4,4,0.0793
PHC-DST-B2-04,2024-09-18,2,4,4,0.0752
PHC-DST-B2-04,2024-09-19,2,4,4,0.0415
PHC-DST-B2-04,2024-09-20,2,4,4,0.06
PHC-DST-B2-04,2024-09-21,2,4,4,0.0576
PHC-DST-B2-04,2024-09-22,1,2,2,0.4632
PHC-DST-B2-04,2024-09-23,2,4,4,0.0766
PHC-DST-B2-04,2024-09-24,2,4,4,0.0599
PHC-DST-B2-04,2024-09-25,1,2,2,0.5391
PHC-DST-B2-04,2024-09-26,2,4,4,0.0715
PHC-DST-B2-04,2024-09-27,2,4,4,0.0537
PHC-DST-B2-04,2024-09-28,2,4,4,0.0607
PHC-DST-B2-04,2024-09-29,1,2,2,0.4695
PHC-DST-B2-04,2024-09-30,2,4,4,0.0612
PHC-DST-B2-04,2024-10-01,2,4,4,0.0728
PHC-DST-B2-04,2024-10-02,2,4,4,0.0782
PHC-DST-B2-04,2024-10-03,2,4,4,0.0623
PHC-DST-B2-04,2024-10-04,2,4,4,0.045
PHC-DST-B2-04,2024-10-05,2,4,4,0.073
PHC-DST-B2-04,2024-10-06,1,2,2,0.4794
PHC-DST-B2-04,2024-10-07,2,4,4,0.0729
PHC-DST-B2-04,2024-10-08,2,4,4,0.0539
PHC-DST-B2-04,2024-10-09,2,4,4,0.0707
PHC-DST-B2-04,2024-10-10,2,4,4,0.0479
PHC-DST-B2-04,2024-10-11,2,4,4,0.0619
PHC-DST-B2-04,2024-10-12,2,4,4,0.0676
PHC-DST-B2-04,2024-10-13,1,2,2,0.4474
PHC-DST-B2-04,2024-10-14,2,4,4,0.0701
PHC-DST-B2-04,2024-10-15,2,4,4,0.0552
PHC-DST-B2-04,2024-10-16,2,4,4,0.0455
PHC-DST-B2-04,2024-10-17,2,4,4,0.0512
PHC-DST-B2-04,2024-10-18,2,4,4,0.0694
PHC-DST-B2-04,2024-10-19,2,4,4,0.049
PHC-DST-B2-04,2024-10-20,1,2,2,0.4775
PHC-DST-B2-04,2024-10-21,2,4,4,0.058
PHC-DST-B2-04,2024-10-22,2,4,4,0.0613
PHC-DST-B2-04,2024-10-23,2,4,4,0.0655
PHC-DST-B2-04,2024-10-24,2,4,4,0.0745
PHC-DST-B2-04,2024-10-25,2,4,4,0.0697
PHC-DST-B2-04,2024-10-26,2,4,4,0.0793
PHC-DST-B2-04,2024-10-27,1,2,2,0.4598
PHC-DST-B2-04,2024-10-28,2,4,4,0.0644
PHC-DST-B2-04,2024-10-29,2,4,4,0.0495
PHC-DST-B2-04,2024-10-30,2,4,4,0.0556
PHC-DST-B2-04,2024-10-31,2,4,4,0.0594
PHC-DST-B2-04,2024-11-01,2,4,4,0.079
PHC-DST-B2-04,2024-11-02,2,4,4,0.0695
PHC-DST-B2-04,2024-11-03,1,2,2,0.4562
PHC-DST-B2-04,2024-11-04,2,4,4,0.0495
PHC-DST-B2-04,2024-11-05,2,4,4,0.0406
PHC-DST-B2-04,2024-11-06,2,4,4,0.0666
PHC-DST-B2-04,2024-11-07,2,4,4,0.0698
PHC-DST-B2-04,2024-11-08,2,4,4,0.0501
PHC-DST-B2-04,2024-11-09,2,4,4,0.0726
PHC-DST-B2-04,2024-11-10,1,2,2,0.4697
PHC-DST-B2-04,2024-11-11,2,4,4,0.0528
PHC-DST-B2-04,2024-11-12,2,4,4,0.0663
PHC-DST-B2-04,2024-11-13,2,4,4,0.0656
PHC-DST-B2-04,2024-11-14,2,4,4,0.0766
PHC-DST-B2-04,2024-11-15,2,4,4,0.0667
PHC-DST-B2-04,2024-11-16,2,4,4,0.0716
PHC-DST-B2-04,2024-11-17,1,2,2,0.4778
PHC-DST-B2-04,2024-11-18,2,4,4,0.0721
PHC-DST-B2-04,2024-11-19,2,4,4,0.0616
PHC-DST-B2-04,2024-11-20,2,4,4,0.0511
PHC-DST-B2-04,2024-11-21,2,4,4,0.0796
PHC-DST-B2-04,2024-11-22,2,4,4,0.0489
PHC-DST-B2-04,2024-11-23,2,4,4,0.0654
PHC-DST-B2-04,2024-11-24,1,2,2,0.4702
PHC-DST-B2-04,2024-11-25,2,4,4,0.064
PHC-DST-B2-04,2024-11-26,2,4,4,0.069
PHC-DST-B2-04,2024-11-27,2,4,4,0.0496
PHC-DST-B2-04,2024-11-28,2,4,4,0.0679
PHC-DST-B2-04,2024-11-29,2,4,4,0.0734
PHC-DST-B2-04,2024-11-30,2,4,4,0.0699
PHC-DST-B2-04,2024-12-01,1,2,2,0.4605
PHC-DST-B2-04,2024-12-02,2,4,4,0.0678
PHC-DST-B2-04,2024-12-03,2,4,4,0.0562
PHC-DST-B2-04,2024-12-04,2,4,4,0.0443
PHC-DST-B2-04,2024-12-05,2,4,4,0.0509
PHC-DST-B2-04,2024-12-06,2,4,4,0.0406
PHC-DST-B2-04,2024-12-07,2,4,4,0.0415
PHC-DST-B2-04,2024-12-08,1,2,2,0.4439
PHC-DST-B2-04,2024-12-09,2,4,4,0.053
PHC-DST-B2-04,2024-12-10,2,4,4,0.0769
PHC-DST-B2-04,2024-12-11,2,4,4,0.0776
PHC-DST-B2-04,2024-12-12,2,4,4,0.0513
PHC-DST-B2-04,2024-12-13,2,4,4,0.074
PHC-DST-B2-04,2024-12-14,2,4,4,0.0465
PHC-DST-B2-04,2024-12-15,1,2,2,0.4679
PHC-DST-B2-04,2024-12-16,2,4,4,0.0724
PHC-DST-B2-04,2024-12-17,2,4,4,0.0604
PHC-DST-B2-04,2024-12-18,2,4,4,0.0677
PHC-DST-B2-04,2024-12-19,2,4,4,0.0718
PHC-DST-B2-04,2024-12-20,2,4,4,0.0498
PHC-DST-B2-04,2024-12-21,2,4,4,0.0624
PHC-DST-B2-04,2024-12-22,1,2,2,0.4682
PHC-DST-B2-04,2024-12-23,2,4,4,0.0601
PHC-DST-B2-04,2024-12-24,2,4,4,0.0438
PHC-DST-B2-04,2024-12-25,2,4,4,0.0658
PHC-DST-B2-04,2024-12-26,2,4,4,0.0459
PHC-DST-B2-04,2024-12-27,2,4,4,0.0725
PHC-DST-B2-04,2024-12-28,2,4,4,0.069
PHC-DST-B2-04,2024-12-29,1,2,2,0.4708
PHC-DST-B2-04,2024-12-30,2,4,4,0.0406
PHC-DST-B2-04,2024-12-31,2,4,4,0.0448
PHC-DST-B2-04,2025-01-01,2,4,4,0.052
PHC-DST-B2-04,2025-01-02,2,4,4,0.0793
PHC-DST-B2-04,2025-01-03,2,4,4,0.0623
PHC-DST-B2-04,2025-01-04,2,4,4,0.0412
PHC-DST-B2-04,2025-01-05,1,2,2,0.4539
PHC-DST-B2-04,2025-01-06,2,4,4,0.0467
PHC-DST-B2-04,2025-01-07,2,4,4,0.0443
PHC-DST-B2-04,2025-01-08,2,4,4,0.0533
PHC-DST-B2-04,2025-01-09,2,4,4,0.0474
PHC-DST-B2-04,2025-01-10,2,4,4,0.0686
PHC-DST-B2-04,2025-01-11,2,4,4,0.04
PHC-DST-B2-04,2025-01-12,1,2,2,0.4695
PHC-DST-B2-04,2025-01-13,2,4,4,0.0534
PHC-DST-B2-04,2025-01-14,2,4,4,0.0566
PHC-DST-B2-04,2025-01-15,2,4,4,0.0492
PHC-DST-B2-04,2025-01-16,2,4,4,0.062
PHC-DST-B2-04,2025-01-17,2,4,4,0.0605
PHC-DST-B2-04,2025-01-18,2,4,4,0.0609
PHC-DST-B2-04,2025-01-19,1,2,2,0.4714
PHC-DST-B2-04,2025-01-20,2,4,4,0.0696
PHC-DST-B2-04,2025-01-21,2,4,4,0.0628
PHC-DST-B2-04,2025-01-22,2,4,4,0.0579
PHC-DST-B2-04,2025-01-23,2,4,4,0.0647
PHC-DST-B2-04,2025-01-24,2,4,4,0.0769
PHC-DST-B2-04,2025-01-25,2,4,4,0.0479
PHC-DST-B2-04,2025-01-26,1,2,2,0.4663
PHC-DST-B2-04,2025-01-27,2,4,4,0.0565
PHC-DST-B2-04,2025-01-28,2,4,4,0.0678
PHC-DST-B2-04,2025-01-29,2,4,4,0.0754
PHC-DST-B2-04,2025-01-30,2,4,4,0.0599
PHC-DST-B2-04,2025-01-31,2,4,4,0.0784
PHC-DST-B2-04,2025-02-01,2,4,4,0.0448
PHC-DST-B2-04,2025-02-02,1,2,2,0.4448
PHC-DST-B2-04,2025-02-03,2,4,4,0.0713
PHC-DST-B2-04,2025-02-04,2,4,4,0.0441
PHC-DST-B2-04,2025-02-05,2,4,4,0.0593
PHC-DST-B2-04,2025-02-06,2,4,4,0.0653
PHC-DST-B2-04,2025-02-07,2,4,4,0.0613
PHC-DST-B2-04,2025-02-08,2,4,4,0.0679
PHC-DST-B2-04,2025-02-09,1,2,2,0.451
PHC-DST-B2-04,2025-02-10,2,4,4,0.0419
PHC-DST-B2-04,2025-02-11,2,4,4,0.0696
PHC-DST-B2-04,2025-02-12,2,4,4,0.0482
PHC-DST-B2-04,2025-02-13,2,4,4,0.0782
PHC-DST-B2-04,2025-02-14,2,4,4,0.0539
PHC-DST-B2-04,2025-02-15,2,4,4,0.058
PHC-DST-B2-04,2025-02-16,1,2,2,0.4625
PHC-DST-B2-04,2025-02-17,2,4,4,0.0588
PHC-DST-B2-04,2025-02-18,2,4,4,0.0692
PHC-DST-B2-04,2025-02-19,2,4,4,0.0729
PHC-DST-B2-04,2025-02-20,2,4,4,0.0608
PHC-DST-B2-04,2025-02-21,2,4,4,0.047
PHC-DST-B2-04,2025-02-22,2,4,4,0.0491
PHC-DST-B2-04,2025-02-23,1,2,2,0.4476
PHC-DST-B2-04,2025-02-24,2,4,4,0.0791
PHC-DST-B2-04,2025-02-25,2,4,4,0.0721
PHC-DST-B2-04,2025-02-26,2,4,4,0.0642
PHC-DST-B2-04,2025-02-27,2,4,4,0.0597
PHC-DST-B2-04,2025-02-28,2,4,4,0.0796
PHC-DST-B2-04,2025-03-01,2,4,4,0.0521
PHC-DST-B2-04,2025-03-02,1,2,2,0.458
PHC-DST-B2-04,2025-03-03,2,4,4,0.076
PHC-DST-B2-04,2025-03-04,2,4,4,0.0489
PHC-DST-B2-04,2025-03-05,2,4,4,0.0607
PHC-DST-B2-04,2025-03-06,2,4,4,0.0599
PHC-DST-B2-04,2025-03-07,2,4,4,0.0699
PHC-DST-B2-04,2025-03-08,2,4,4,0.0506
PHC-DST-B2-04,2025-03-09,1,2,2,0.4744
PHC-DST-B2-04,2025-03-10,2,4,4,0.0425
PHC-DST-B2-04,2025-03-11,2,4,4,0.0743
PHC-DST-B2-04,2025-03-12,2,4,4,0.0429
PHC-DST-B2-04,2025-03-13,2,4,4,0.0663
PHC-DST-B2-04,2025-03-14,2,4,4,0.0601
PHC-DST-B2-04,2025-03-15,2,4,4,0.0628
PHC-DST-B2-04,2025-03-16,1,2,2,0.4731
PHC-DST-B2-04,2025-03-17,2,4,4,0.0649
PHC-DST-B2-04,2025-03-18,2,4,4,0.048
PHC-DST-B2-04,2025-03-19,2,4,4,0.0514
PHC-DST-B2-04,2025-03-20,2,4,4,0.044
PHC-DST-B2-04,2025-03-21,2,4,4,0.0531
PHC-DST-B2-04,2025-03-22,2,4,4,0.0512
PHC-DST-B2-04,2025-03-23,1,2,2,0.4564
PHC-DST-B2-04,2025-03-24,2,4,4,0.0447
PHC-DST-B2-04,2025-03-25,2,4,4,0.074
PHC-DST-B2-04,2025-03-26,2,4,4,0.065
PHC-DST-B2-04,2025-03-27,2,4,4,0.0793
PHC-DST-B2-04,2025-03-28,2,4,4,0.0595
PHC-DST-B2-04,2025-03-29,2,4,4,0.0624
PHC-DST-B2-04,2025-03-30,1,2,2,0.4698
PHC-DST-B2-04,2025-03-31,2,4,4,0.0648
PHC-DST-B2-04,2025-04-01,2,4,4,0.0728
PHC-DST-B2-04,2025-04-02,2,4,4,0.0671
PHC-DST-B2-04,2025-04-03,2,4,4,0.0713
PHC-DST-B2-04,2025-04-04,2,4,4,0.0704
PHC-DST-B2-04,2025-04-05,2,4,4,0.0751
PHC-DST-B2-04,2025-04-06,1,2,2,0.473
PHC-DST-B2-04,2025-04-07,2,4,4,0.0693
PHC-DST-B2-04,2025-04-08,2,4,4,0.0546
PHC-DST-B2-04,2025-04-09,2,4,4,0.0428
PHC-DST-B2-04,2025-04-10,2,4,4,0.0617
PHC-DST-B2-04,2025-04-11,2,4,4,0.0562
PHC-DST-B2-04,2025-04-12,2,4,4,0.0417
PHC-DST-B2-04,2025-04-13,1,2,2,0.4414
PHC-DST-B2-04,2025-04-14,2,4,4,0.0773
PHC-DST-B2-04,2025-04-15,2,4,4,0.0711
PHC-DST-B2-04,2025-04-16,2,4,4,0.0651
PHC-DST-B2-04,2025-04-17,2,4,4,0.0422
PHC-DST-B2-04,2025-04-18,2,4,4,0.0795
PHC-DST-B2-04,2025-04-19,2,4,4,0.0583
PHC-DST-B2-04,2025-04-20,1,2,2,0.4765
PHC-DST-B2-04,2025-04-21,2,4,4,0.0684
PHC-DST-B2-04,2025-04-22,2,4,4,0.0703
PHC-DST-B2-04,2025-04-23,2,4,4,0.0403
PHC-DST-B2-04,2025-04-24,2,4,4,0.0622
PHC-DST-B2-04,2025-04-25,2,4,4,0.0747
PHC-DST-B2-04,2025-04-26,2,4,4,0.0569
PHC-DST-B2-04,2025-04-27,1,2,2,0.4767
PHC-DST-B2-04,2025-04-28,2,4,4,0.0408
PHC-DST-B2-04,2025-04-29,2,4,4,0.0434
PHC-DST-B2-04,2025-04-30,2,4,4,0.0718
PHC-DST-B2-04,2025-05-01,2,4,4,0.0703
PHC-DST-B2-04,2025-05-02,2,4,4,0.0516
PHC-DST-B2-04,2025-05-03,2,4,4,0.0595
PHC-DST-B2-04,2025-05-04,1,2,2,0.4682
PHC-DST-B2-04,2025-05-05,2,4,4,0.046
PHC-DST-B2-04,2025-05-06,2,4,4,0.0741
PHC-DST-B2-04,2025-05-07,2,4,4,0.0412
PHC-DST-B2-04,2025-05-08,2,4,4,0.0671
PHC-DST-B2-04,2025-05-09,2,4,4,0.0488
PHC-DST-B2-04,2025-05-10,2,4,4,0.0438
PHC-DST-B2-04,2025-05-11,1,2,2,0.4692
PHC-DST-B2-04,2025-05-12,2,4,4,0.0502
PHC-DST-B2-04,2025-05-13,2,4,4,0.0421
PHC-DST-B2-04,2025-05-14,2,4,4,0.0656
PHC-DST-B2-04,2025-05-15,2,4,4,0.0717
PHC-DST-B2-04,2025-05-16,2,4,4,0.0784
PHC-DST-B2-04,2025-05-17,2,4,4,0.0544
PHC-DST-B2-04,2025-05-18,1,2,2,0.4545
PHC-DST-B2-04,2025-05-19,2,4,4,0.0764
PHC-DST-B2-04,2025-05-20,2,4,4,0.0466
PHC-DST-B2-04,2025-05-21,2,4,4,0.0793
PHC-DST-B2-04,2025-05-22,2,4,4,0.0548
PHC-DST-B2-04,2025-05-23,2,4,4,0.0747
PHC-DST-B2-04,2025-05-24,2,4,4,0.0795
PHC-DST-B2-04,2025-05-25,1,2,2,0.4619
PHC-DST-B2-04,2025-05-26,2,4,4,0.0598
PHC-DST-B2-04,2025-05-27,2,4,4,0.0526
PHC-DST-B2-04,2025-05-28,2,4,4,0.0475
PHC-DST-B2-04,2025-05-29,2,4,4,0.0632
PHC-DST-B2-04,2025-05-30,2,4,4,0.0654
PHC-DST-B2-04,2025-05-31,2,4,4,0.0702
PHC-DST-B2-04,2025-06-01,1,2,2,0.471
PHC-DST-B2-04,2025-06-02,2,4,4,0.0773
PHC-DST-B2-04,2025-06-03,2,4,4,0.0616
PHC-DST-B2-04,2025-06-04,2,4,4,0.0571
PHC-DST-B2-04,2025-06-05,2,4,4,0.0434
PHC-DST-B2-04,2025-06-06,2,4,4,0.0647
PHC-DST-B2-04,2025-06-07,2,4,4,0.0696
PHC-DST-B2-04,2025-06-08,1,2,2,0.4457
PHC-DST-B2-04,2025-06-09,2,4,4,0.0475
PHC-DST-B2-04,2025-06-10,2,4,4,0.0578
PHC-DST-B2-04,2025-06-11,2,4,4,0.0639
PHC-DST-B2-04,2025-06-12,2,4,4,0.0614
PHC-DST-B2-04,2025-06-13,2,4,4,0.0622
PHC-DST-B2-04,2025-06-14,2,4,4,0.0699
PHC-DST-B2-04,2025-06-15,1,2,2,0.4635
PHC-DST-B2-04,2025-06-16,2,4,4,0.0439
PHC-DST-B2-04,2025-06-17,2,4,4,0.072
PHC-DST-B2-04,2025-06-18,2,4,4,0.0615
PHC-DST-B2-04,2025-06-19,2,4,4,0.0606
PHC-DST-B2-04,2025-06-20,2,4,4,0.0794
PHC-DST-B2-04,2025-06-21,2,4,4,0.0498
PHC-DST-B2-04,2025-06-22,1,2,2,0.4789
PHC-DST-B2-04,2025-06-23,2,4,4,0.0443
PHC-DST-B2-04,2025-06-24,2,4,4,0.0403
PHC-DST-B2-04,2025-06-25,2,4,4,0.0775
PHC-DST-B2-04,2025-06-26,2,4,4,0.0577
PHC-DST-B2-04,2025-06-27,2,4,4,0.0635
PHC-DST-B2-04,2025-06-28,2,4,4,0.06
PHC-DST-B2-04,2025-06-29,1,2,2,0.456
PHC-DST-B2-04,2025-06-30,2,4,4,0.0674
PHC-DST-B2-05,2024-07-01,1,2,3,0.0636
PHC-DST-B2-05,2024-07-02,1,2,3,0.0566
PHC-DST-B2-05,2024-07-03,1,2,3,0.0584
PHC-DST-B2-05,2024-07-04,1,2,3,0.0702
PHC-DST-B2-05,2024-07-05,1,2,3,0.0717
PHC-DST-B2-05,2024-07-06,1,2,3,0.051
PHC-DST-B2-05,2024-07-07,1,1,2,0.4713
PHC-DST-B2-05,2024-07-08,1,2,3,
PHC-DST-B2-05,2024-07-09,1,2,3,0.0586
PHC-DST-B2-05,2024-07-10,1,2,3,0.0444
PHC-DST-B2-05,2024-07-11,1,2,3,0.0628
PHC-DST-B2-05,2024-07-12,1,2,3,0.0685
PHC-DST-B2-05,2024-07-13,1,2,3,0.046
PHC-DST-B2-05,2024-07-14,1,1,2,0.4701
PHC-DST-B2-05,2024-07-15,1,2,3,0.0639
PHC-DST-B2-05,2024-07-16,1,2,3,0.0701
PHC-DST-B2-05,2024-07-17,1,2,3,0.0767
PHC-DST-B2-05,2024-07-18,1,2,3,0.0754
PHC-DST-B2-05,2024-07-19,1,2,3,0.0423
PHC-DST-B2-05,2024-07-20,1,2,3,0.0658
PHC-DST-B2-05,2024-07-21,1,1,2,0.4496
PHC-DST-B2-05,2024-07-22,1,2,3,0.0409
PHC-DST-B2-05,2024-07-23,1,2,3,0.0793
PHC-DST-B2-05,2024-07-24,1,2,3,0.0497
PHC-DST-B2-05,2024-07-25,1,2,3,0.0548
PHC-DST-B2-05,2024-07-26,1,2,3,0.0782
PHC-DST-B2-05,2024-07-27,1,2,3,0.0676
PHC-DST-B2-05,2024-07-28,1,1,2,0.4707
PHC-DST-B2-05,2024-07-29,1,2,3,0.0754
PHC-DST-B2-05,2024-07-30,1,2,3,0.0499
PHC-DST-B2-05,2024-07-31,1,2,3,0.0594
PHC-DST-B2-05,2024-08-01,1,2,3,0.0409
PHC-DST-B2-05,2024-08-02,1,2,3,0.051
PHC-DST-B2-05,2024-08-03,1,2,3,0.0562
PHC-DST-B2-05,2024-08-04,1,1,2,0.4656
PHC-DST-B2-05,2024-08-05,1,2,3,0.0718
PHC-DST-B2-05,2024-08-06,1,2,3,0.0447
PHC-DST-B2-05,2024-08-07,1,2,3,0.0624
PHC-DST-B2-05,2024-08-08,1,2,3,0.0602
PHC-DST-B2-05,2024-08-09,1,2,3,0.0525
PHC-DST-B2-05,2024-08-10,1,2,3,0.0644
PHC-DST-B2-05,2024-08-11,1,1,2,0.4504
PHC-DST-B2-05,2024-08-12,1,2,3,0.0649
PHC-DST-B2-05,2024-08-13,1,2,3,0.0609
PHC-DST-B2-05,2024-08-14,1,2,3,0.04
PHC-DST-B2-05,2024-08-15,1,2,3,0.0466
PHC-DST-B2-05,2024-08-16,1,2,3,0.0419
PHC-DST-B2-05,2024-08-17,1,2,3,0.0415
PHC-DST-B2-05,2024-08-18,1,1,2,0.4595
PHC-DST-B2-05,2024-08-19,1,1,2,0.3851
PHC-DST-B2-05,2024-08-20,1,1,2,0.3468
PHC-DST-B2-05,2024-08-21,1,2,3,0.0636
PHC-DST-B2-05,2024-08-22,1,2,3,0.044
PHC-DST-B2-05,2024-08-23,1,2,3,0.0411
PHC-DST-B2-05,2024-08-24,1,2,3,0.0415
PHC-DST-B2-05,2024-08-25,1,1,2,0.4507
PHC-DST-B2-05,2024-08-26,1,2,3,0.0687
PHC-DST-B2-05,2024-08-27,1,2,3,0.0726
PHC-DST-B2-05,2024-08-28,1,2,3,0.0621
PHC-DST-B2-05,2024-08-29,1,2,3,0.0636
PHC-DST-B2-05,2024-08-30,1,2,3,0.0756
PHC-DST-B2-05,2024-08-31,1,2,3,0.0782
PHC-DST-B2-05,2024-09-01,1,1,2,0.4422
PHC-DST-B2-05,2024-09-02,1,2,3,0.0647
PHC-DST-B2-05,2024-09-03,1,2,3,0.0435
PHC-DST-B2-05,2024-09-04,1,2,3,0.0638
PHC-DST-B2-05,2024-09-05,1,2,3,0.0522
PHC-DST-B2-05,2024-09-06,1,2,3,0.0488
PHC-DST-B2-05,2024-09-07,1,2,3,0.0648
PHC-DST-B2-05,2024-09-08,1,1,2,0.4698
PHC-DST-B2-05,2024-09-09,1,2,3,0.0632
PHC-DST-B2-05,2024-09-10,1,1,2,0.4786
PHC-DST-B2-05,2024-09-11,1,2,3,0.0629
PHC-DST-B2-05,2024-09-12,1,2,3,0.0792
PHC-DST-B2-05,2024-09-13,1,2,3,0.0501
PHC-DST-B2-05,2024-09-14,1,2,3,0.0754
PHC-DST-B2-05,2024-09-15,1,1,2,0.4497
PHC-DST-B2-05,2024-09-16,1,2,3,0.0616
PHC-DST-B2-05,2024-09-17,1,2,3,0.0414
PHC-DST-B2-05,2024-09-18,1,2,3,0.0552
PHC-DST-B2-05,2024-09-19,1,2,3,0.0715
PHC-DST-B2-05,2024-09-20,1,2,3,0.0543
PHC-DST-B2-05,2024-09-21,1,2,3,0.0488
PHC-DST-B2-05,2024-09-22,1,1,2,0.4608
PHC-DST-B2-05,2024-09-23,1,2,3,0.057
PHC-DST-B2-05,2024-09-24,1,2,3,0.0431
PHC-DST-B2-05,2024-09-25,1,1,1,0.5738
PHC-DST-B2-05,2024-09-26,1,2,3,0.047
PHC-DST-B2-05,2024-09-27,1,2,3,0.0757
PHC-DST-B2-05,2024-09-28,1,2,3,
PHC-DST-B2-05,2024-09-29,1,1,2,0.4551
PHC-DST-B2-05,2024-09-30,1,2,3,0.0718
PHC-DST-B2-05,2024-10-01,1,2,3,0.0453
PHC-DST-B2-05,2024-10-02,1,2,3,0.0422
PHC-DST-B2-05,2024-10-03,1,2,3,0.0423
PHC-DST-B2-05,2024-10-04,1,2,3,0.0651
PHC-DST-B2-05,2024-10-05,1,2,3,0.0793
PHC-DST-B2-05,2024-10-06,1,1,2,0.476
PHC-DST-B2-05,2024-10-07,1,2,3,0.0704
PHC-DST-B2-05,2024-10-08,1,2,3,0.0764
PHC-DST-B2-05,2024-10-09,1,2,3,0.0519
PHC-DST-B2-05,2024-10-10,1,2,3,0.0769
PHC-DST-B2-05,2024-10-11,1,2,3,0.0663
PHC-DST-B2-05,2024-10-12,1,2,3,0.0737
PHC-DST-B2-05,2024-10-13,1,1,2,0.4414
PHC-DST-B2-05,2024-10-14,1,2,3,0.0796
PHC-DST-B2-05,2024-10-15,1,2,3,0.0451
PHC-DST-B2-05,2024-10-16,1,2,3,0.0409
PHC-DST-B2-05,2024-10-17,1,2,3,0.0604
PHC-DST-B2-05,2024-10-18,1,2,3,0.044
PHC-DST-B2-05,2024-10-19,1,2,3,0.065
PHC-DST-B2-05,2024-10-20,1,1,2,0.4691
PHC-DST-B2-05,2024-10-21,1,2,3,0.0775
PHC-DST-B2-05,2024-10-22,1,2,3,0.042
PHC-DST-B2-05,2024-10-23,1,2,3,0.0656
PHC-DST-B2-05,2024-10-24,1,2,3,0.0528
PHC-DST-B2-05,2024-10-25,1,2,3,0.0469
PHC-DST-B2-05,2024-10-26,1,2,3,0.063
PHC-DST-B2-05,2024-10-27,1,1,2,0.4443
PHC-DST-B2-05,2024-10-28,1,2,3,0.0612
PHC-DST-B2-05,2024-10-29,1,2,3,0.0434
PHC-DST-B2-05,2024-10-30,1,2,3,0.05
PHC-DST-B2-05,2024-10-31,1,2,3,0.0697
PHC-DST-B2-05,2024-11-01,1,2,3,0.073
PHC-DST-B2-05,2024-11-02,1,2,3,0.0565
PHC-DST-B2-05,2024-11-03,1,1,2,0.4556
PHC-DST-B2-05,2024-11-04,1,2,3,0.0446
PHC-DST-B2-05,2024-11-05,1,2,3,0.0569
PHC-DST-B2-05,2024-11-06,1,2,3,0.0444
PHC-DST-B2-05,2024-11-07,1,2,3,0.071
PHC-DST-B2-05,2024-11-08,1,2,3,0.0749
PHC-DST-B2-05,2024-11-09,1,2,3,0.0621
PHC-DST-B2-05,2024-11-10,1,1,2,0.4406
PHC-DST-B2-05,2024-11-11,1,2,3,0.059
PHC-DST-B2-05,2024-11-12,1,2,3,0.0574
PHC-DST-B2-05,2024-11-13,1,2,3,0.0591
PHC-DST-B2-05,2024-11-14,1,2,3,0.0755
PHC-DST-B2-05,2024-11-15,1,2,3,0.0721
PHC-DST-B2-05,2024-11-16,1,2,3,0.0445
PHC-DST-B2-05,2024-11-17,1,1,2,0.456
PHC-DST-B2-05,2024-11-18,1,2,3,0.0559
PHC-DST-B2-05,2024-11-19,1,2,3,0.0716
PHC-DST-B2-05,2024-11-20,1,2,3,0.0799
PHC-DST-B2-05,2024-11-21,1,2,3,0.0607
PHC-DST-B2-05,2024-11-22,1,2,3,
PHC-DST-B2-05,2024-11-23,1,2,3,0.0439
PHC-DST-B2-05,2024-11-24,1,1,2,0.472
PHC-DST-B2-05,2024-11-25,1,2,3,0.0724
PHC-DST-B2-05,2024-11-26,1,2,3,0.0662
PHC-DST-B2-05,2024-11-27,1,2,3,0.0574
PHC-DST-B2-05,2024-11-28,1,2,3,0.0593
PHC-DST-B2-05,2024-11-29,1,2,3,0.0507
PHC-DST-B2-05,2024-11-30,1,2,3,
PHC-DST-B2-05,2024-12-01,1,1,2,0.4786
PHC-DST-B2-05,2024-12-02,1,2,3,0.0659
PHC-DST-B2-05,2024-12-03,1,2,3,0.0755
PHC-DST-B2-05,2024-12-04,1,2,3,0.0601
PHC-DST-B2-05,2024-12-05,1,2,3,0.0695
PHC-DST-B2-05,2024-12-06,1,2,3,0.0664
PHC-DST-B2-05,2024-12-07,1,2,3,0.0468
PHC-DST-B2-05,2024-12-08,1,1,2,0.4473
PHC-DST-B2-05,2024-12-09,1,2,3,0.0703
PHC-DST-B2-05,2024-12-10,1,2,3,0.0745
PHC-DST-B2-05,2024-12-11,1,2,3,0.0408
PHC-DST-B2-05,2024-12-12,1,2,3,0.0741
PHC-DST-B2-05,2024-12-13,1,2,3,0.0541
PHC-DST-B2-05,2024-12-14,1,2,3,0.0544
PHC-DST-B2-05,2024-12-15,1,1,2,0.4455
PHC-DST-B2-05,2024-12-16,1,2,3,0.0558
PHC-DST-B2-05,2024-12-17,1,2,3,0.0673
PHC-DST-B2-05,2024-12-18,1,2,3,0.0764
PHC-DST-B2-05,2024-12-19,1,2,3,0.0761
PHC-DST-B2-05,2024-12-20,1,2,3,0.0423
PHC-DST-B2-05,2024-12-21,1,2,3,0.0598
PHC-DST-B2-05,2024-12-22,1,1,2,0.454
PHC-DST-B2-05,2024-12-23,1,2,3,0.0401
PHC-DST-B2-05,2024-12-24,1,2,3,0.0446
PHC-DST-B2-05,2024-12-25,1,2,3,0.0747
PHC-DST-B2-05,2024-12-26,1,2,3,0.0453
PHC-DST-B2-05,2024-12-27,1,2,3,0.0588
PHC-DST-B2-05,2024-12-28,1,2,3,0.0438
PHC-DST-B2-05,2024-12-29,1,1,2,0.4601
PHC-DST-B2-05,2024-12-30,1,2,3,0.06
PHC-DST-B2-05,2024-12-31,1,2,3,0.0531
PHC-DST-B2-05,2025-01-01,1,2,3,0.0467
PHC-DST-B2-05,2025-01-02,1,2,3,0.0551
PHC-DST-B2-05,2025-01-03,1,2,3,0.069
PHC-DST-B2-05,2025-01-04,1,2,3,0.069
PHC-DST-B2-05,2025-01-05,1,1,2,0.4767
PHC-DST-B2-05,2025-01-06,1,2,3,0.0649
PHC-DST-B2-05,2025-01-07,1,2,3,0.0647
PHC-DST-B2-05,2025-01-08,1,2,3,0.0669
PHC-DST-B2-05,2025-01-09,1,2,3,0.0438
PHC-DST-B2-05,2025-01-10,1,2,3,0.04
PHC-DST-B2-05,2025-01-11,1,2,3,0.0618
PHC-DST-B2-05,2025-01-12,1,1,2,0.4449
PHC-DST-B2-05,2025-01-13,1,2,3,0.0497
PHC-DST-B2-05,2025-01-14,1,2,3,0.0777
PHC-DST-B2-05,2025-01-15,1,2,3,0.0502
PHC-DST-B2-05,2025-01-16,1,2,3,0.0617
PHC-DST-B2-05,2025-01-17,1,2,3,0.078
PHC-DST-B2-05,2025-01-18,1,2,3,0.051
PHC-DST-B2-05,2025-01-19,1,1,2,0.4536
PHC-DST-B2-05,2025-01-20,1,2,3,0.0411
PHC-DST-B2-05,2025-01-21,1,2,3,0.0725
PHC-DST-B2-05,2025-01-22,1,2,3,0.0517
PHC-DST-B2-05,2025-01-23,1,2,3,0.0603
PHC-DST-B2-05,2025-01-24,1,2,3,0.0449
PHC-DST-B2-05,2025-01-25,1,2,3,0.0718
PHC-DST-B2-05,2025-01-26,1,1,2,0.4463
PHC-DST-B2-05,2025-01-27,1,2,3,0.0722
PHC-DST-B2-05,2025-01-28,1,2,3,0.059
PHC-DST-B2-05,2025-01-29,1,2,3,0.0461
PHC-DST-B2-05,2025-01-30,1,2,3,0.0639
PHC-DST-B2-05,2025-01-31,1,2,3,0.0476
PHC-DST-B2-05,2025-02-01,1,2,3,0.0702
PHC-DST-B2-05,2025-02-02,1,1,2,0.4611
PHC-DST-B2-05,2025-02-03,1,2,3,0.0782
PHC-DST-B2-05,2025-02-04,1,2,3,0.0644
PHC-DST-B2-05,2025-02-05,1,2,3,0.0449
PHC-DST-B2-05,2025-02-06,1,2,3,0.068
PHC-DST-B2-05,2025-02-07,1,2,3,0.0582
PHC-DST-B2-05,2025-02-08,1,2,3,0.067
PHC-DST-B2-05,2025-02-09,1,1,2,0.4542
PHC-DST-B2-05,2025-02-10,1,2,3,0.06
PHC-DST-B2-05,2025-02-11,1,2,3,0.041
PHC-DST-B2-05,2025-02-12,1,2,3,0.0535
PHC-DST-B2-05,2025-02-13,1,2,3,0.047
PHC-DST-B2-05,2025-02-14,1,2,3,0.0476
PHC-DST-B2-05,2025-02-15,1,2,3,0.0679
PHC-DST-B2-05,2025-02-16,1,1,2,0.4596
PHC-DST-B2-05,2025-02-17,1,2,3,0.067
PHC-DST-B2-05,2025-02-18,1,2,3,0.0676
PHC-DST-B2-05,2025-02-19,1,2,3,0.0401
PHC-DST-B2-05,2025-02-20,1,2,3,0.0512
PHC-DST-B2-05,2025-02-21,1,2,3,
PHC-DST-B2-05,2025-02-22,1,2,3,0.0669
PHC-DST-B2-05,2025-02-23,1,1,2,0.463
PHC-DST-B2-05,2025-02-24,1,2,3,0.065
PHC-DST-B2-05,2025-02-25,1,2,3,0.0626
PHC-DST-B2-05,2025-02-26,1,2,3,0.0543
PHC-DST-B2-05,2025-02-27,1,2,3,0.0618
PHC-DST-B2-05,2025-02-28,1,2,3,0.0781
PHC-DST-B2-05,2025-03-01,1,2,3,0.0534
PHC-DST-B2-05,2025-03-02,1,1,2,0.4561
PHC-DST-B2-05,2025-03-03,1,2,3,0.0767
PHC-DST-B2-05,2025-03-04,1,2,3,0.0661
PHC-DST-B2-05,2025-03-05,1,2,3,0.0645
PHC-DST-B2-05,2025-03-06,1,2,3,0.0679
PHC-DST-B2-05,2025-03-07,1,2,3,0.0551
PHC-DST-B2-05,2025-03-08,1,2,3,0.0534
PHC-DST-B2-05,2025-03-09,1,1,2,0.4683
PHC-DST-B2-05,2025-03-10,1,2,3,0.0568
PHC-DST-B2-05,2025-03-11,1,2,3,0.0755
PHC-DST-B2-05,2025-03-12,1,2,3,0.0742
PHC-DST-B2-05,2025-03-13,1,2,3,0.0636
PHC-DST-B2-05,2025-03-14,1,2,3,0.0648
PHC-DST-B2-05,2025-03-15,1,2,3,0.0469
PHC-DST-B2-05,2025-03-16,1,1,2,0.4674
PHC-DST-B2-05,2025-03-17,1,2,3,0.0501
PHC-DST-B2-05,2025-03-18,1,2,3,0.0489
PHC-DST-B2-05,2025-03-19,1,2,3,0.0437
PHC-DST-B2-05,2025-03-20,1,2,3,0.0661
PHC-DST-B2-05,2025-03-21,1,2,3,0.0771
PHC-DST-B2-05,2025-03-22,1,2,3,0.0477
PHC-DST-B2-05,2025-03-23,1,1,2,0.4694
PHC-DST-B2-05,2025-03-24,1,2,3,0.065
PHC-DST-B2-05,2025-03-25,1,2,3,0.0731
PHC-DST-B2-05,2025-03-26,1,2,3,0.0479
PHC-DST-B2-05,2025-03-27,1,2,3,0.0439
PHC-DST-B2-05,2025-03-28,1,2,3,0.048
PHC-DST-B2-05,2025-03-29,1,2,3,0.0634
PHC-DST-B2-05,2025-03-30,1,1,2,0.4646
PHC-DST-B2-05,2025-03-31,1,2,3,0.0445
PHC-DST-B2-05,2025-04-01,1,2,3,0.068
PHC-DST-B2-05,2025-04-02,1,2,3,0.0619
PHC-DST-B2-05,2025-04-03,1,2,3,0.0417
PHC-DST-B2-05,2025-04-04,1,2,3,0.0579
PHC-DST-B2-05,2025-04-05,1,2,3,0.0623
PHC-DST-B2-05,2025-04-06,1,1,2,0.4498
PHC-DST-B2-05,2025-04-07,1,2,3,0.0629
PHC-DST-B2-05,2025-04-08,1,2,3,0.0664
PHC-DST-B2-05,2025-04-09,1,2,3,0.0555
PHC-DST-B2-05,2025-04-10,1,2,3,0.0431
PHC-DST-B2-05,2025-04-11,1,2,3,0.0489
PHC-DST-B2-05,2025-04-12,1,2,3,0.0713
PHC-DST-B2-05,2025-04-13,1,1,2,0.4508
PHC-DST-B2-05,2025-04-14,1,2,3,0.0545
PHC-DST-B2-05,2025-04-15,1,2,3,0.0429
PHC-DST-B2-05,2025-04-16,1,2,3,0.0702
PHC-DST-B2-05,2025-04-17,1,2,3,0.0749
PHC-DST-B2-05,2025-04-18,1,2,3,0.0788
PHC-DST-B2-05,2025-04-19,1,2,3,0.0547
PHC-DST-B2-05,2025-04-20,1,1,2,0.442
PHC-DST-B2-05,2025-04-21,1,2,3,0.053
PHC-DST-B2-05,2025-04-22,1,2,3,0.0733
PHC-DST-B2-05,2025-04-23,1,2,3,0.0775
PHC-DST-B2-05,2025-04-24,1,2,3,0.0556
PHC-DST-B2-05,2025-04-25,1,2,3,0.0505
PHC-DST-B2-05,2025-04-26,1,2,3,0.0794
PHC-DST-B2-05,2025-04-27,1,1,2,0.4437
PHC-DST-B2-05,2025-04-28,1,2,3,0.0516
PHC-DST-B2-05,2025-04-29,1,2,3,0.0478
PHC-DST-B2-05,2025-04-30,1,2,3,0.0561
PHC-DST-B2-05,2025-05-01,1,2,3,0.0498
PHC-DST-B2-05,2025-05-02,1,2,3,0.0684
PHC-DST-B2-05,2025-05-03,1,2,3,0.0643
PHC-DST-B2-05,2025-05-04,1,1,2,0.4509
PHC-DST-B2-05,2025-05-05,1,2,3,0.0664
PHC-DST-B2-05,2025-05-06,1,2,3,0.0751
PHC-DST-B2-05,2025-05-07,1,2,3,0.0413
PHC-DST-B2-05,2025-05-08,1,2,3,0.064
PHC-DST-B2-05,2025-05-09,1,2,3,0.0763
PHC-DST-B2-05,2025-05-10,1,2,3,0.0606
PHC-DST-B2-05,2025-05-11,1,1,2,0.4548
PHC-DST-B2-05,2025-05-12,1,2,3,0.0673
PHC-DST-B2-05,2025-05-13,1,2,3,0.0657
PHC-DST-B2-05,2025-05-14,1,2,3,0.0467
PHC-DST-B2-05,2025-05-15,1,2,3,0.0557
PHC-DST-B2-05,2025-05-16,1,2,3,0.0762
PHC-DST-B2-05,2025-05-17,1,2,3,0.0783
PHC-DST-B2-05,2025-05-18,1,1,2,0.4779
PHC-DST-B2-05,2025-05-19,1,2,3,0.0583
PHC-DST-B2-05,2025-05-20,1,2,3,0.0472
PHC-DST-B2-05,2025-05-21,1,2,3,0.0564
PHC-DST-B2-05,2025-05-22,1,2,3,0.0676
PHC-DST-B2-05,2025-05-23,1,2,3,
PHC-DST-B2-05,2025-05-24,1,2,3,0.0714
PHC-DST-B2-05,2025-05-25,1,1,2,0.4521
PHC-DST-B2-05,2025-05-26,1,2,3,0.0578
PHC-DST-B2-05,2025-05-27,1,2,3,0.0763
PHC-DST-B2-05,2025-05-28,1,2,3,0.0762
PHC-DST-B2-05,2025-05-29,1,2,3,0.0475
PHC-DST-B2-05,2025-05-30,1,2,3,0.0418
PHC-DST-B2-05,2025-05-31,1,2,3,0.0517
PHC-DST-B2-05,2025-06-01,1,1,2,0.4586
PHC-DST-B2-05,2025-06-02,1,2,3,0.0454
PHC-DST-B2-05,2025-06-03,1,2,3,0.0512
PHC-DST-B2-05,2025-06-04,1,2,3,
PHC-DST-B2-05,2025-06-05,1,2,3,0.0688
PHC-DST-B2-05,2025-06-06,1,2,3,0.0549
PHC-DST-B2-05,2025-06-07,1,2,3,0.051
PHC-DST-B2-05,2025-06-08,1,1,2,0.4662
PHC-DST-B2-05,2025-06-09,1,2,3,0.0448
PHC-DST-B2-05,2025-06-10,1,2,3,0.0606
PHC-DST-B2-05,2025-06-11,1,2,3,0.0482
PHC-DST-B2-05,2025-06-12,1,2,3,0.0753
PHC-DST-B2-05,2025-06-13,1,2,3,0.0481
PHC-DST-B2-05,2025-06-14,1,2,3,0.077
PHC-DST-B2-05,2025-06-15,1,1,2,0.4611
PHC-DST-B2-05,2025-06-16,1,2,3,0.0549
PHC-DST-B2-05,2025-06-17,1,2,3,0.0409
PHC-DST-B2-05,2025-06-18,1,2,3,0.067
PHC-DST-B2-05,2025-06-19,1,2,3,0.0601
PHC-DST-B2-05,2025-06-20,1,2,3,0.0425
PHC-DST-B2-05,2025-06-21,1,2,3,0.0747
PHC-DST-B2-05,2025-06-22,1,1,2,0.4439
PHC-DST-B2-05,2025-06-23,1,2,3,0.0736
PHC-DST-B2-05,2025-06-24,1,2,3,0.0527
PHC-DST-B2-05,2025-06-25,1,2,3,0.0617
PHC-DST-B2-05,2025-06-26,1,2,3,0.0423
PHC-DST-B2-05,2025-06-27,1,2,3,0.0493
PHC-DST-B2-05,2025-06-28,1,2,3,0.0795
PHC-DST-B2-05,2025-06-29,1,1,2,0.4697
PHC-DST-B2-05,2025-06-30,1,2,3,0.0462
PHC-DST-B2-06,2024-07-01,1,2,3,0.0729
PHC-DST-B2-06,2024-07-02,1,2,3,0.0503
PHC-DST-B2-06,2024-07-03,1,2,3,0.0506
PHC-DST-B2-06,2024-07-04,1,2,3,0.0782
PHC-DST-B2-06,2024-07-05,1,2,3,0.0536
PHC-DST-B2-06,2024-07-06,1,2,3,0.0632
PHC-DST-B2-06,2024-07-07,1,1,2,0.4428
PHC-DST-B2-06,2024-07-08,1,2,3,0.0424
PHC-DST-B2-06,2024-07-09,1,2,3,0.0599
PHC-DST-B2-06,2024-07-10,1,2,3,0.0549
PHC-DST-B2-06,2024-07-11,1,2,3,0.0537
PHC-DST-B2-06,2024-07-12,1,2,3,0.0724
PHC-DST-B2-06,2024-07-13,1,2,3,0.0453
PHC-DST-B2-06,2024-07-14,1,1,2,0.4413
PHC-DST-B2-06,2024-07-15,1,2,3,0.0401
PHC-DST-B2-06,2024-07-16,1,2,3,0.0577
PHC-DST-B2-06,2024-07-17,1,2,3,0.0549
PHC-DST-B2-06,2024-07-18,1,2,3,0.0713
PHC-DST-B2-06,2024-07-19,1,2,3,0.072
PHC-DST-B2-06,2024-07-20,1,2,3,0.0439
PHC-DST-B2-06,2024-07-21,1,1,2,0.4752
PHC-DST-B2-06,2024-07-22,1,2,3,0.0771
PHC-DST-B2-06,2024-07-23,1,2,3,0.064
PHC-DST-B2-06,2024-07-24,1,2,3,0.056
PHC-DST-B2-06,2024-07-25,1,2,3,0.0549
PHC-DST-B2-06,2024-07-26,1,2,3,0.0659
PHC-DST-B2-06,2024-07-27,1,2,3,0.0427
PHC-DST-B2-06,2024-07-28,1,1,2,0.4461
PHC-DST-B2-06,2024-07-29,1,2,3,0.0559
PHC-DST-B2-06,2024-07-30,1,2,3,0.0716
PHC-DST-B2-06,2024-07-31,1,2,3,0.0759
PHC-DST-B2-06,2024-08-01,1,2,3,0.0515
PHC-DST-B2-06,2024-08-02,1,2,3,0.0551
PHC-DST-B2-06,2024-08-03,1,2,3,0.066
PHC-DST-B2-06,2024-08-04,1,1,2,0.45
PHC-DST-B2-06,2024-08-05,1,2,3,0.0718
PHC-DST-B2-06,2024-08-06,1,2,3,0.0409
PHC-DST-B2-06,2024-08-07,1,2,3,0.0729
PHC-DST-B2-06,2024-08-08,1,2,3,0.0502
PHC-DST-B2-06,2024-08-09,1,2,3,0.0588
PHC-DST-B2-06,2024-08-10,1,2,3,0.0742
PHC-DST-B2-06,2024-08-11,1,1,2,0.4628
PHC-DST-B2-06,2024-08-12,1,2,3,0.0499
PHC-DST-B2-06,2024-08-13,1,2,3,0.0422
PHC-DST-B2-06,2024-08-14,1,2,3,0.0481
PHC-DST-B2-06,2024-08-15,1,2,3,0.0733
PHC-DST-B2-06,2024-08-16,1,2,3,0.0546
PHC-DST-B2-06,2024-08-17,1,2,3,0.0794
PHC-DST-B2-06,2024-08-18,1,1,2,0.4784
PHC-DST-B2-06,2024-08-19,1,1,2,0.431
PHC-DST-B2-06,2024-08-20,1,1,2,0.486
PHC-DST-B2-06,2024-08-21,1,2,3,0.0568
PHC-DST-B2-06,2024-08-22,1,2,3,0.0517
PHC-DST-B2-06,2024-08-23,1,2,3,0.0739
PHC-DST-B2-06,2024-08-24,1,2,3,0.0748
PHC-DST-B2-06,2024-08-25,1,1,2,0.4588
PHC-DST-B2-06,2024-08-26,1,2,3,0.0587
PHC-DST-B2-06,2024-08-27,1,2,3,0.0649
PHC-DST-B2-06,2024-08-28,1,2,3,0.0442
PHC-DST-B2-06,2024-08-29,1,2,3,
PHC-DST-B2-06,2024-08-30,1,2,3,0.0504
PHC-DST-B2-06,2024-08-31,1,2,3,0.061
PHC-DST-B2-06,2024-09-01,1,1,2,0.4454
PHC-DST-B2-06,2024-09-02,1,2,3,0.0414
PHC-DST-B2-06,2024-09-03,1,2,3,0.0495
PHC-DST-B2-06,2024-09-04,1,2,3,0.0536
PHC-DST-B2-06,2024-09-05,1,2,3,0.0662
PHC-DST-B2-06,2024-09-06,1,2,3,0.0578
PHC-DST-B2-06,2024-09-07,1,2,3,0.0546
PHC-DST-B2-06,2024-09-08,1,1,2,0.4496
PHC-DST-B2-06,2024-09-09,1,2,3,0.0524
PHC-DST-B2-06,2024-09-10,1,1,1,0.5338
PHC-DST-B2-06,2024-09-11,1,2,3,0.0584
PHC-DST-B2-06,2024-09-12,1,2,3,0.0588
PHC-DST-B2-06,2024-09-13,1,2,3,0.048
PHC-DST-B2-06,2024-09-14,1,2,3,0.0488
PHC-DST-B2-06,2024-09-15,1,1,2,0.4709
PHC-DST-B2-06,2024-09-16,1,2,3,0.0762
PHC-DST-B2-06,2024-09-17,1,2,3,0.0649
PHC-DST-B2-06,2024-09-18,1,2,3,0.0663
PHC-DST-B2-06,2024-09-19,1,2,3,0.0441
PHC-DST-B2-06,2024-09-20,1,2,3,0.0502
PHC-DST-B2-06,2024-09-21,1,2,3,0.0645
PHC-DST-B2-06,2024-09-22,1,1,2,0.4501
PHC-DST-B2-06,2024-09-23,1,2,3,0.0501
PHC-DST-B2-06,2024-09-24,1,2,3,0.0679
PHC-DST-B2-06,2024-09-25,1,1,2,0.4748
PHC-DST-B2-06,2024-09-26,1,2,3,0.0423
PHC-DST-B2-06,2024-09-27,1,2,3,0.062
PHC-DST-B2-06,2024-09-28,1,2,3,0.0452
PHC-DST-B2-06,2024-09-29,1,1,2,0.4554
PHC-DST-B2-06,2024-09-30,1,2,3,0.0519
PHC-DST-B2-06,2024-10-01,1,2,3,0.0769
PHC-DST-B2-06,2024-10-02,1,2,3,0.0455
PHC-DST-B2-06,2024-10-03,1,2,3,0.0633
PHC-DST-B2-06,2024-10-04,1,2,3,0.0528
PHC-DST-B2-06,2024-10-05,1,2,3,0.0443
PHC-DST-B2-06,2024-10-06,1,1,2,0.44
PHC-DST-B2-06,2024-10-07,1,2,3,
PHC-DST-B2-06,2024-10-08,1,2,3,0.0424
PHC-DST-B2-06,2024-10-09,1,2,3,0.0403
PHC-DST-B2-06,2024-10-10,1,2,3,0.0549
PHC-DST-B2-06,2024-10-11,1,2,3,0.0563
PHC-DST-B2-06,2024-10-12,1,2,3,0.0548
PHC-DST-B2-06,2024-10-13,1,1,2,0.4532
PHC-DST-B2-06,2024-10-14,1,2,3,0.0584
PHC-DST-B2-06,2024-10-15,1,2,3,0.0706
PHC-DST-B2-06,2024-10-16,1,2,3,0.0522
PHC-DST-B2-06,2024-10-17,1,2,3,0.0558
PHC-DST-B2-06,2024-10-18,1,2,3,0.0583
PHC-DST-B2-06,2024-10-19,1,2,3,0.0556
PHC-DST-B2-06,2024-10-20,1,1,2,0.4544
PHC-DST-B2-06,2024-10-21,1,2,3,0.0515
PHC-DST-B2-06,2024-10-22,1,2,3,0.0554
PHC-DST-B2-06,2024-10-23,1,2,3,0.0776
PHC-DST-B2-06,2024-10-24,1,2,3,0.0651
PHC-DST-B2-06,2024-10-25,1,2,3,0.063
PHC-DST-B2-06,2024-10-26,1,2,3,0.0698
PHC-DST-B2-06,2024-10-27,1,1,2,0.4761
PHC-DST-B2-06,2024-10-28,1,2,3,0.0794
PHC-DST-B2-06,2024-10-29,1,2,3,0.0465
PHC-DST-B2-06,2024-10-30,1,2,3,0.0556
PHC-DST-B2-06,2024-10-31,1,2,3,0.0559
PHC-DST-B2-06,2024-11-01,1,2,3,0.0723
PHC-DST-B2-06,2024-11-02,1,2,3,0.0594
PHC-DST-B2-06,2024-11-03,1,1,2,0.4481
PHC-DST-B2-06,2024-11-04,1,2,3,0.0518
PHC-DST-B2-06,2024-11-05,1,2,3,0.0629
PHC-DST-B2-06,2024-11-06,1,2,3,0.0403
PHC-DST-B2-06,2024-11-07,1,2,3,0.0534
PHC-DST-B2-06,2024-11-08,1,2,3,0.0738
PHC-DST-B2-06,2024-11-09,1,2,3,0.0689
PHC-DST-B2-06,2024-11-10,1,1,2,0.4607
PHC-DST-B2-06,2024-11-11,1,2,3,0.0649
PHC-DST-B2-06,2024-11-12,1,2,3,0.0598
PHC-DST-B2-06,2024-11-13,1,2,3,0.0411
PHC-DST-B2-06,2024-11-14,1,2,3,0.0722
PHC-DST-B2-06,2024-11-15,1,2,3,0.0432
PHC-DST-B2-06,2024-11-16,1,2,3,0.0668
PHC-DST-B2-06,2024-11-17,1,1,2,0.4413
PHC-DST-B2-06,2024-11-18,1,2,3,0.0526
PHC-DST-B2-06,2024-11-19,1,2,3,0.0558
PHC-DST-B2-06,2024-11-20,1,2,3,0.0656
PHC-DST-B2-06,2024-11-21,1,2,3,0.0497
PHC-DST-B2-06,2024-11-22,1,2,3,
PHC-DST-B2-06,2024-11-23,1,2,3,0.0635
PHC-DST-B2-06,2024-11-24,1,1,2,0.4644
PHC-DST-B2-06,2024-11-25,1,2,3,0.0451
PHC-DST-B2-06,2024-11-26,1,2,3,0.0751
PHC-DST-B2-06,2024-11-27,1,2,3,0.0687
PHC-DST-B2-06,2024-11-28,1,2,3,0.0422
PHC-DST-B2-06,2024-11-29,1,2,3,0.059
PHC-DST-B2-06,2024-11-30,1,2,3,0.0593
PHC-DST-B2-06,2024-12-01,1,1,2,0.4715
PHC-DST-B2-06,2024-12-02,1,2,3,0.0641
PHC-DST-B2-06,2024-12-03,1,2,3,0.0579
PHC-DST-B2-06,2024-12-04,1,2,3,0.0635
PHC-DST-B2-06,2024-12-05,1,2,3,0.0473
PHC-DST-B2-06,2024-12-06,1,2,3,0.0636
PHC-DST-B2-06,2024-12-07,1,2,3,0.0591
PHC-DST-B2-06,2024-12-08,1,1,2,0.4524
PHC-DST-B2-06,2024-12-09,1,2,3,0.0479
PHC-DST-B2-06,2024-12-10,1,2,3,0.0729
PHC-DST-B2-06,2024-12-11,1,2,3,0.0405
PHC-DST-B2-06,2024-12-12,1,2,3,0.0602
PHC-DST-B2-06,2024-12-13,1,2,3,0.0431
PHC-DST-B2-06,2024-12-14,1,2,3,0.0651
PHC-DST-B2-06,2024-12-15,1,1,2,0.4723
PHC-DST-B2-06,2024-12-16,1,2,3,0.0625
PHC-DST-B2-06,2024-12-17,1,2,3,0.0553
PHC-DST-B2-06,2024-12-18,1,2,3,0.0739
PHC-DST-B2-06,2024-12-19,1,2,3,0.0752
PHC-DST-B2-06,2024-12-20,1,2,3,0.0549
PHC-DST-B2-06,2024-12-21,1,2,3,0.0791
PHC-DST-B2-06,2024-12-22,1,1,2,0.4423
PHC-DST-B2-06,2024-12-23,1,2,3,0.0596
PHC-DST-B2-06,2024-12-24,1,2,3,0.0617
PHC-DST-B2-06,2024-12-25,1,2,3,0.0436
PHC-DST-B2-06,2024-12-26,1,2,3,0.0557
PHC-DST-B2-06,2024-12-27,1,2,3,0.0645
PHC-DST-B2-06,2024-12-28,1,2,3,0.0542
PHC-DST-B2-06,2024-12-29,1,1,2,0.4715
PHC-DST-B2-06,2024-12-30,1,2,3,0.0464
PHC-DST-B2-06,2024-12-31,1,2,3,0.0549
PHC-DST-B2-06,2025-01-01,1,2,3,0.0652
PHC-DST-B2-06,2025-01-02,1,2,3,0.0519
PHC-DST-B2-06,2025-01-03,1,2,3,0.049
PHC-DST-B2-06,2025-01-04,1,2,3,0.0619
PHC-DST-B2-06,2025-01-05,1,1,2,0.4504
PHC-DST-B2-06,2025-01-06,1,2,3,0.0527
PHC-DST-B2-06,2025-01-07,1,2,3,0.063
PHC-DST-B2-06,2025-01-08,1,2,3,0.0726
PHC-DST-B2-06,2025-01-09,1,2,3,0.0518
PHC-DST-B2-06,2025-01-10,1,2,3,0.0626
PHC-DST-B2-06,2025-01-11,1,2,3,0.0644
PHC-DST-B2-06,2025-01-12,1,1,2,0.4493
PHC-DST-B2-06,2025-01-13,1,2,3,0.0413
PHC-DST-B2-06,2025-01-14,1,2,3,0.0605
PHC-DST-B2-06,2025-01-15,1,2,3,0.0637
PHC-DST-B2-06,2025-01-16,1,2,3,0.0489
PHC-DST-B2-06,2025-01-17,1,2,3,0.0403
PHC-DST-B2-06,2025-01-18,1,2,3,0.0423
PHC-DST-B2-06,2025-01-19,1,1,2,0.443
PHC-DST-B2-06,2025-01-20,1,2,3,0.0568
PHC-DST-B2-06,2025-01-21,1,2,3,0.0446
PHC-DST-B2-06,2025-01-22,1,2,3,0.0416
PHC-DST-B2-06,2025-01-23,1,2,3,
PHC-DST-B2-06,2025-01-24,1,2,3,0.0697
PHC-DST-B2-06,2025-01-25,1,2,3,0.0416
PHC-DST-B2-06,2025-01-26,1,1,2,0.4664
PHC-DST-B2-06,2025-01-27,1,2,3,0.0631
PHC-DST-B2-06,2025-01-28,1,2,3,0.0465
PHC-DST-B2-06,2025-01-29,1,2,3,0.0622
PHC-DST-B2-06,2025-01-30,1,2,3,0.045
PHC-DST-B2-06,2025-01-31,1,2,3,0.0775
PHC-DST-B2-06,2025-02-01,1,2,3,0.0534
PHC-DST-B2-06,2025-02-02,1,1,2,0.445
PHC-DST-B2-06,2025-02-03,1,2,3,0.0494
PHC-DST-B2-06,2025-02-04,1,2,3,0.0605
PHC-DST-B2-06,2025-02-05,1,2,3,0.054
PHC-DST-B2-06,2025-02-06,1,2,3,0.0781
PHC-DST-B2-06,2025-02-07,1,2,3,0.0413
PHC-DST-B2-06,2025-02-08,1,2,3,0.0447
PHC-DST-B2-06,2025-02-09,1,1,2,0.4521
PHC-DST-B2-06,2025-02-10,1,2,3,0.0789
PHC-DST-B2-06,2025-02-11,1,2,3,0.0633
PHC-DST-B2-06,2025-02-12,1,2,3,0.0432
PHC-DST-B2-06,2025-02-13,1,2,3,0.0553
PHC-DST-B2-06,2025-02-14,1,2,3,0.0582
PHC-DST-B2-06,2025-02-15,1,2,3,0.0646
PHC-DST-B2-06,2025-02-16,1,1,2,0.4776
PHC-DST-B2-06,2025-02-17,1,2,3,0.0778
PHC-DST-B2-06,2025-02-18,1,2,3,0.0598
PHC-DST-B2-06,2025-02-19,1,2,3,0.0521
PHC-DST-B2-06,2025-02-20,1,2,3,0.0632
PHC-DST-B2-06,2025-02-21,1,2,3,0.0665
PHC-DST-B2-06,2025-02-22,1,2,3,0.0564
PHC-DST-B2-06,2025-02-23,1,1,2,0.4747
PHC-DST-B2-06,2025-02-24,1,2,3,0.0711
PHC-DST-B2-06,2025-02-25,1,2,3,0.0594
PHC-DST-B2-06,2025-02-26,1,2,3,0.0452
PHC-DST-B2-06,2025-02-27,1,2,3,0.0442
PHC-DST-B2-06,2025-02-28,1,2,3,0.0765
PHC-DST-B2-06,2025-03-01,1,2,3,0.0457
PHC-DST-B2-06,2025-03-02,1,1,2,0.4741
PHC-DST-B2-06,2025-03-03,1,2,3,0.0587
PHC-DST-B2-06,2025-03-04,1,2,3,0.076
PHC-DST-B2-06,2025-03-05,1,2,3,0.072
PHC-DST-B2-06,2025-03-06,1,2,3,0.0756
PHC-DST-B2-06,2025-03-07,1,2,3,0.066
PHC-DST-B2-06,2025-03-08,1,2,3,0.0699
PHC-DST-B2-06,2025-03-09,1,1,2,0.4662
PHC-DST-B2-06,2025-03-10,1,2,3,0.0492
PHC-DST-B2-06,2025-03-11,1,2,3,0.064
PHC-DST-B2-06,2025-03-12,1,2,3,0.0701
PHC-DST-B2-06,2025-03-13,1,2,3,0.077
PHC-DST-B2-06,2025-03-14,1,2,3,
PHC-DST-B2-06,2025-03-15,1,2,3,0.0546
PHC-DST-B2-06,2025-03-16,1,1,2,0.4718
PHC-DST-B2-06,2025-03-17,1,2,3,0.0579
PHC-DST-B2-06,2025-03-18,1,2,3,0.0737
PHC-DST-B2-06,2025-03-19,1,2,3,0.0712
PHC-DST-B2-06,2025-03-20,1,2,3,0.0707
PHC-DST-B2-06,2025-03-21,1,2,3,0.0652
PHC-DST-B2-06,2025-03-22,1,2,3,0.0567
PHC-DST-B2-06,2025-03-23,1,1,2,0.4451
PHC-DST-B2-06,2025-03-24,1,2,3,0.0753
PHC-DST-B2-06,2025-03-25,1,2,3,0.0527
PHC-DST-B2-06,2025-03-26,1,2,3,0.047
PHC-DST-B2-06,2025-03-27,1,2,3,0.0741
PHC-DST-B2-06,2025-03-28,1,2,3,0.0682
PHC-DST-B2-06,2025-03-29,1,2,3,0.0436
PHC-DST-B2-06,2025-03-30,1,1,2,0.4668
PHC-DST-B2-06,2025-03-31,1,2,3,0.0706
PHC-DST-B2-06,2025-04-01,1,2,3,0.0742
PHC-DST-B2-06,2025-04-02,1,2,3,0.079
PHC-DST-B2-06,2025-04-03,1,2,3,0.0479
PHC-DST-B2-06,2025-04-04,1,2,3,0.0769
PHC-DST-B2-06,2025-04-05,1,2,3,0.0424
PHC-DST-B2-06,2025-04-06,1,1,2,0.4422
PHC-DST-B2-06,2025-04-07,1,2,3,0.0441
PHC-DST-B2-06,2025-04-08,1,2,3,0.0499
PHC-DST-B2-06,2025-04-09,1,2,3,0.0649
PHC-DST-B2-06,2025-04-10,1,2,3,0.0557
PHC-DST-B2-06,2025-04-11,1,2,3,0.078
PHC-DST-B2-06,2025-04-12,1,2,3,0.078
PHC-DST-B2-06,2025-04-13,1,1,2,0.4692
PHC-DST-B2-06,2025-04-14,1,2,3,0.0496
PHC-DST-B2-06,2025-04-15,1,2,3,0.0402
PHC-DST-B2-06,2025-04-16,1,2,3,0.0562
PHC-DST-B2-06,2025-04-17,1,2,3,0.063
PHC-DST-B2-06,2025-04-18,1,2,3,0.0669
PHC-DST-B2-06,2025-04-19,1,2,3,0.067
PHC-DST-B2-06,2025-04-20,1,1,2,0.4736
PHC-DST-B2-06,2025-04-21,1,2,3,0.0578
PHC-DST-B2-06,2025-04-22,1,2,3,0.0482
PHC-DST-B2-06,2025-04-23,1,2,3,0.0767
PHC-DST-B2-06,2025-04-24,1,2,3,0.0446
PHC-DST-B2-06,2025-04-25,1,2,3,0.0719
PHC-DST-B2-06,2025-04-26,1,2,3,0.0639
PHC-DST-B2-06,2025-04-27,1,1,2,0.4688
PHC-DST-B2-06,2025-04-28,1,2,3,0.074
PHC-DST-B2-06,2025-04-29,1,2,3,0.0507
PHC-DST-B2-06,2025-04-30,1,2,3,0.0777
PHC-DST-B2-06,2025-05-01,1,2,3,0.0776
PHC-DST-B2-06,2025-05-02,1,2,3,0.0451
PHC-DST-B2-06,2025-05-03,1,2,3,0.056
PHC-DST-B2-06,2025-05-04,1,1,2,0.4719
PHC-DST-B2-06,2025-05-05,1,2,3,0.0441
PHC-DST-B2-06,2025-05-06,1,2,3,0.0717
PHC-DST-B2-06,2025-05-07,1,2,3,0.0413
PHC-DST-B2-06,2025-05-08,1,2,3,0.0604
PHC-DST-B2-06,2025-05-09,1,2,3,0.0448
PHC-DST-B2-06,2025-05-10,1,2,3,0.07
PHC-DST-B2-06,2025-05-11,1,1,2,0.4751
PHC-DST-B2-06,2025-05-12,1,2,3,0.0544
PHC-DST-B2-06,2025-05-13,1,2,3,0.0615
PHC-DST-B2-06,2025-05-14,1,2,3,0.0697
PHC-DST-B2-06,2025-05-15,1,2,3,0.0656
PHC-DST-B2-06,2025-05-16,1,2,3,0.0556
PHC-DST-B2-06,2025-05-17,1,2,3,0.0667
PHC-DST-B2-06,2025-05-18,1,1,2,0.4508
PHC-DST-B2-06,2025-05-19,1,2,3,0.0741
PHC-DST-B2-06,2025-05-20,1,2,3,0.0566
PHC-DST-B2-06,2025-05-21,1,2,3,0.0712
PHC-DST-B2-06,2025-05-22,1,2,3,0.0566
PHC-DST-B2-06,2025-05-23,1,2,3,0.0705
PHC-DST-B2-06,2025-05-24,1,2,3,0.0439
PHC-DST-B2-06,2025-05-25,1,1,2,0.4508
PHC-DST-B2-06,2025-05-26,1,2,3,0.0424
PHC-DST-B2-06,2025-05-27,1,2,3,0.0421
PHC-DST-B2-06,2025-05-28,1,2,3,0.0665
PHC-DST-B2-06,2025-05-29,1,2,3,0.0649
PHC-DST-B2-06,2025-05-30,1,2,3,0.0402
PHC-DST-B2-06,2025-05-31,1,2,3,0.0673
PHC-DST-B2-06,2025-06-01,1,1,2,0.4629
PHC-DST-B2-06,2025-06-02,1,2,3,0.0484
PHC-DST-B2-06,2025-06-03,1,2,3,0.05
PHC-DST-B2-06,2025-06-04,1,2,3,0.0741
PHC-DST-B2-06,2025-06-05,1,2,3,0.0586
PHC-DST-B2-06,2025-06-06,1,2,3,0.0601
PHC-DST-B2-06,2025-06-07,1,2,3,0.0487
PHC-DST-B2-06,2025-06-08,1,1,2,0.4487
PHC-DST-B2-06,2025-06-09,1,2,3,0.0435
PHC-DST-B2-06,2025-06-10,1,2,3,0.0789
PHC-DST-B2-06,2025-06-11,1,2,3,0.0407
PHC-DST-B2-06,2025-06-12,1,2,3,0.048
PHC-DST-B2-06,2025-06-13,1,2,3,0.0475
PHC-DST-B2-06,2025-06-14,1,2,3,0.0716
PHC-DST-B2-06,2025-06-15,1,1,2,0.446
PHC-DST-B2-06,2025-06-16,1,2,3,0.0587
PHC-DST-B2-06,2025-06-17,1,2,3,0.0579
PHC-DST-B2-06,2025-06-18,1,2,3,
PHC-DST-B2-06,2025-06-19,1,2,3,0.075
PHC-DST-B2-06,2025-06-20,1,2,3,0.0436
PHC-DST-B2-06,2025-06-21,1,2,3,0.0592
PHC-DST-B2-06,2025-06-22,1,1,2,0.4562
PHC-DST-B2-06,2025-06-23,1,2,3,0.0652
PHC-DST-B2-06,2025-06-24,1,2,3,0.0647
PHC-DST-B2-06,2025-06-25,1,2,3,0.0677
PHC-DST-B2-06,2025-06-26,1,2,3,0.0692
PHC-DST-B2-06,2025-06-27,1,2,3,0.0672
PHC-DST-B2-06,2025-06-28,1,2,3,0.0504
PHC-DST-B2-06,2025-06-29,1,1,2,0.4465
PHC-DST-B2-06,2025-06-30,1,2,3,0.0515
PHC-DST-C1-01,2024-01-01,2,2,4,0.0719
PHC-DST-C1-01,2024-01-02,2,2,4,0.0745
PHC-DST-C1-01,2024-01-03,2,2,4,0.0403
PHC-DST-C1-01,2024-01-04,2,2,4,0.0565
PHC-DST-C1-01,2024-01-05,2,2,4,0.0444
PHC-DST-C1-01,2024-01-06,2,2,4,0.0423
PHC-DST-C1-01,2024-01-07,1,1,2,
PHC-DST-C1-01,2024-01-08,2,2,4,0.0755
PHC-DST-C1-01,2024-01-09,2,2,4,0.0539
PHC-DST-C1-01,2024-01-10,2,2,4,0.0474
PHC-DST-C1-01,2024-01-11,2,2,4,0.0588
PHC-DST-C1-01,2024-01-12,2,2,4,0.0577
PHC-DST-C1-01,2024-01-13,2,2,4,0.0476
PHC-DST-C1-01,2024-01-14,1,1,2,0.4599
PHC-DST-C1-01,2024-01-15,2,2,4,0.0512
PHC-DST-C1-01,2024-01-16,2,2,4,0.0479
PHC-DST-C1-01,2024-01-17,2,2,4,0.0512
PHC-DST-C1-01,2024-01-18,2,2,4,0.0553
PHC-DST-C1-01,2024-01-19,2,2,4,0.0517
PHC-DST-C1-01,2024-01-20,2,2,4,0.0522
PHC-DST-C1-01,2024-01-21,1,1,2,0.4507
PHC-DST-C1-01,2024-01-22,2,2,4,0.0555
PHC-DST-C1-01,2024-01-23,2,2,4,0.0721
PHC-DST-C1-01,2024-01-24,2,2,4,0.0752
PHC-DST-C1-01,2024-01-25,2,2,4,0.0738
PHC-DST-C1-01,2024-01-26,2,2,4,0.0709
PHC-DST-C1-01,2024-01-27,2,2,4,0.04
PHC-DST-C1-01,2024-01-28,1,1,2,0.4462
PHC-DST-C1-01,2024-01-29,2,2,4,0.0564
PHC-DST-C1-01,2024-01-30,2,2,4,0.0659
PHC-DST-C1-01,2024-01-31,2,2,4,0.0689
PHC-DST-C1-01,2024-02-01,2,2,4,0.0521
PHC-DST-C1-01,2024-02-02,2,2,4,0.0689
PHC-DST-C1-01,2024-02-03,2,2,4,0.0521
PHC-DST-C1-01,2024-02-04,1,1,2,0.4735
PHC-DST-C1-01,2024-02-05,2,2,4,0.0491
PHC-DST-C1-01,2024-02-06,2,2,4,0.0573
PHC-DST-C1-01,2024-02-07,2,2,4,
PHC-DST-C1-01,2024-02-08,2,2,4,0.0463
PHC-DST-C1-01,2024-02-09,2,2,4,0.0767
PHC-DST-C1-01,2024-02-10,2,2,4,0.0504
PHC-DST-C1-01,2024-02-11,1,1,2,0.4439
PHC-DST-C1-01,2024-02-12,2,2,4,0.0695
PHC-DST-C1-01,2024-02-13,2,2,4,0.0569
PHC-DST-C1-01,2024-02-14,2,2,4,0.0785
PHC-DST-C1-01,2024-02-15,2,2,4,0.0569
PHC-DST-C1-01,2024-02-16,2,2,4,0.0559
PHC-DST-C1-01,2024-02-17,2,2,4,0.0715
PHC-DST-C1-01,2024-02-18,1,1,2,0.4555
PHC-DST-C1-01,2024-02-19,2,2,4,0.054
PHC-DST-C1-01,2024-02-20,2,2,4,0.0639
PHC-DST-C1-01,2024-02-21,2,2,4,0.0438
PHC-DST-C1-01,2024-02-22,2,2,4,0.0545
PHC-DST-C1-01,2024-02-23,2,2,4,0.0543
PHC-DST-C1-01,2024-02-24,2,2,4,0.0474
PHC-DST-C1-01,2024-02-25,1,1,2,0.4709
PHC-DST-C1-01,2024-02-26,2,2,4,0.0795
PHC-DST-C1-01,2024-02-27,2,2,4,0.0487
PHC-DST-C1-01,2024-02-28,2,2,4,0.0644
PHC-DST-C1-01,2024-02-29,2,2,4,0.0501
PHC-DST-C1-01,2024-03-01,2,2,4,0.0472
PHC-DST-C1-01,2024-03-02,2,2,4,0.0568
PHC-DST-C1-01,2024-03-03,1,1,2,0.4515
PHC-DST-C1-01,2024-03-04,2,2,4,0.0734
PHC-DST-C1-01,2024-03-05,2,2,4,0.0504
PHC-DST-C1-01,2024-03-06,2,2,4,0.0795
PHC-DST-C1-01,2024-03-07,2,2,4,0.078
PHC-DST-C1-01,2024-03-08,2,2,4,0.0728
PHC-DST-C1-01,2024-03-09,2,2,4,0.0696
PHC-DST-C1-01,2024-03-10,1,1,2,0.4544
PHC-DST-C1-01,2024-03-11,2,2,4,0.0421
PHC-DST-C1-01,2024-03-12,2,2,4,0.0566
PHC-DST-C1-01,2024-03-13,2,2,4,0.077
PHC-DST-C1-01,2024-03-14,2,2,4,0.0422
PHC-DST-C1-01,2024-03-15,2,2,4,0.0628
PHC-DST-C1-01,2024-03-16,2,2,4,0.0463
PHC-DST-C1-01,2024-03-17,1,1,2,0.475
PHC-DST-C1-01,2024-03-18,2,2,4,0.0514
PHC-DST-C1-01,2024-03-19,2,2,4,0.0732
PHC-DST-C1-01,2024-03-20,2,2,4,0.0776
PHC-DST-C1-01,2024-03-21,2,2,4,0.0512
PHC-DST-C1-01,2024-03-22,2,2,4,0.0444
PHC-DST-C1-01,2024-03-23,2,2,4,0.058
PHC-DST-C1-01,2024-03-24,1,1,2,0.4726
PHC-DST-C1-01,2024-03-25,2,2,4,0.0468
PHC-DST-C1-01,2024-03-26,2,2,4,0.066
PHC-DST-C1-01,2024-03-27,2,2,4,0.0522
PHC-DST-C1-01,2024-03-28,2,2,4,0.0693
PHC-DST-C1-01,2024-03-29,2,2,4,0.0684
PHC-DST-C1-01,2024-03-30,2,2,4,0.0535
PHC-DST-C1-01,2024-03-31,1,1,2,0.4578
PHC-DST-C1-01,2024-04-01,2,2,4,0.0678
PHC-DST-C1-01,2024-04-02,2,2,4,0.0424
PHC-DST-C1-01,2024-04-03,2,2,4,0.047
PHC-DST-C1-01,2024-04-04,2,2,4,0.0776
PHC-DST-C1-01,2024-04-05,2,2,4,0.0553
PHC-DST-C1-01,2024-04-06,2,2,4,0.0738
PHC-DST-C1-01,2024-04-07,1,1,2,0.4487
PHC-DST-C1-01,2024-04-08,2,2,4,0.0625
PHC-DST-C1-01,2024-04-09,2,2,4,0.077
PHC-DST-C1-01,2024-04-10,2,2,4,0.046
PHC-DST-C1-01,2024-04-11,2,2,4,0.0416
PHC-DST-C1-01,2024-04-12,2,2,4,0.0606
PHC-DST-C1-01,2024-04-13,2,2,4,0.0665
PHC-DST-C1-01,2024-04-14,1,1,2,0.4453
PHC-DST-C1-01,2024-04-15,2,2,4,0.0478
PHC-DST-C1-01,2024-04-16,2,2,4,0.0781
PHC-DST-C1-01,2024-04-17,2,2,4,0.0471
PHC-DST-C1-01,2024-04-18,2,2,4,0.0667
PHC-DST-C1-01,2024-04-19,2,2,4,0.0424
PHC-DST-C1-01,2024-04-20,2,2,4,0.072
PHC-DST-C1-01,2024-04-21,1,1,2,0.4781
PHC-DST-C1-01,2024-04-22,2,2,4,0.0768
PHC-DST-C1-01,2024-04-23,2,2,4,0.0692
PHC-DST-C1-01,2024-04-24,2,2,4,0.0647
PHC-DST-C1-01,2024-04-25,2,2,4,0.0762
PHC-DST-C1-01,2024-04-26,2,2,4,0.0628
PHC-DST-C1-01,2024-04-27,2,2,4,0.0516
PHC-DST-C1-01,2024-04-28,1,1,2,0.4767
PHC-DST-C1-01,2024-04-29,2,2,4,0.0756
PHC-DST-C1-01,2024-04-30,2,2,4,0.0495
PHC-DST-C1-01,2024-05-01,2,2,4,0.0766
PHC-DST-C1-01,2024-05-02,2,2,4,0.0658
PHC-DST-C1-01,2024-05-03,2,2,4,0.0546
PHC-DST-C1-01,2024-05-04,2,2,4,0.0469
PHC-DST-C1-01,2024-05-05,1,1,2,
PHC-DST-C1-01,2024-05-06,2,2,4,0.0515
PHC-DST-C1-01,2024-05-07,2,2,4,0.0756
PHC-DST-C1-01,2024-05-08,2,2,4,0.0603
PHC-DST-C1-01,2024-05-09,2,2,4,0.071
PHC-DST-C1-01,2024-05-10,2,2,4,0.0671
PHC-DST-C1-01,2024-05-11,2,2,4,0.0447
PHC-DST-C1-01,2024-05-12,1,1,2,0.4721
PHC-DST-C1-01,2024-05-13,2,2,4,0.0767
PHC-DST-C1-01,2024-05-14,2,2,4,0.0572
PHC-DST-C1-01,2024-05-15,2,2,4,0.0557
PHC-DST-C1-01,2024-05-16,2,2,4,0.0481
PHC-DST-C1-01,2024-05-17,2,2,4,0.0721
PHC-DST-C1-01,2024-05-18,2,2,4,0.0733
PHC-DST-C1-01,2024-05-19,1,1,2,0.4722
PHC-DST-C1-01,2024-05-20,2,2,4,0.0519
PHC-DST-C1-01,2024-05-21,2,2,4,0.0699
PHC-DST-C1-01,2024-05-22,2,2,4,0.0567
PHC-DST-C1-01,2024-05-23,2,2,4,0.0403
PHC-DST-C1-01,2024-05-24,2,2,4,0.0636
PHC-DST-C1-01,2024-05-25,2,2,4,0.0427
PHC-DST-C1-01,2024-05-26,1,1,2,0.4579
PHC-DST-C1-01,2024-05-27,2,2,4,0.0737
PHC-DST-C1-01,2024-05-28,2,2,4,0.0434
PHC-DST-C1-01,2024-05-29,2,2,4,0.0582
PHC-DST-C1-01,2024-05-30,2,2,4,0.0797
PHC-DST-C1-01,2024-05-31,2,2,4,0.0759
PHC-DST-C1-01,2024-06-01,2,2,4,0.0708
PHC-DST-C1-01,2024-06-02,1,1,2,0.4421
PHC-DST-C1-01,2024-06-03,2,2,4,0.0464
PHC-DST-C1-01,2024-06-04,2,2,4,0.0463
PHC-DST-C1-01,2024-06-05,2,2,4,0.0731
PHC-DST-C1-01,2024-06-06,2,2,4,0.0442
PHC-DST-C1-01,2024-06-07,2,2,4,0.0638
PHC-DST-C1-01,2024-06-08,2,2,4,0.0429
PHC-DST-C1-01,2024-06-09,1,1,2,0.4471
PHC-DST-C1-01,2024-06-10,2,2,4,0.0702
PHC-DST-C1-01,2024-06-11,2,2,4,0.0407
PHC-DST-C1-01,2024-06-12,2,2,4,0.0497
PHC-DST-C1-01,2024-06-13,2,2,4,0.0642
PHC-DST-C1-01,2024-06-14,2,2,4,0.0608
PHC-DST-C1-01,2024-06-15,2,2,4,
PHC-DST-C1-01,2024-06-16,1,1,2,0.4628
PHC-DST-C1-01,2024-06-17,2,2,4,0.0591
PHC-DST-C1-01,2024-06-18,2,2,4,0.0481
PHC-DST-C1-01,2024-06-19,2,2,4,0.069
PHC-DST-C1-01,2024-06-20,2,2,4,0.0724
PHC-DST-C1-01,2024-06-21,2,2,4,0.0433
PHC-DST-C1-01,2024-06-22,2,2,4,0.0547
PHC-DST-C1-01,2024-06-23,1,1,2,0.4773
PHC-DST-C1-01,2024-06-24,2,2,4,0.0531
PHC-DST-C1-01,2024-06-25,2,2,4,0.0742
PHC-DST-C1-01,2024-06-26,2,2,4,0.0775
PHC-DST-C1-01,2024-06-27,2,2,4,0.0715
PHC-DST-C1-01,2024-06-28,2,2,4,0.0556
PHC-DST-C1-01,2024-06-29,2,2,4,0.0585
PHC-DST-C1-01,2024-06-30,1,1,2,0.4537
PHC-DST-C1-01,2024-07-01,2,2,4,0.0468
PHC-DST-C1-01,2024-07-02,2,2,4,
PHC-DST-C1-01,2024-07-03,2,2,4,0.075
PHC-DST-C1-01,2024-07-04,2,2,4,0.0695
PHC-DST-C1-01,2024-07-05,2,2,4,0.0476
PHC-DST-C1-01,2024-07-06,2,2,4,0.0681
PHC-DST-C1-01,2024-07-07,1,1,2,0.4752
PHC-DST-C1-01,2024-07-08,2,2,4,0.0416
PHC-DST-C1-01,2024-07-09,2,2,4,0.046
PHC-DST-C1-01,2024-07-10,2,2,4,0.0535
PHC-DST-C1-01,2024-07-11,2,2,4,0.0699
PHC-DST-C1-01,2024-07-12,2,2,4,0.0479
PHC-DST-C1-01,2024-07-13,2,2,4,0.0569
PHC-DST-C1-01,2024-07-14,1,1,2,0.4559
PHC-DST-C1-01,2024-07-15,2,2,4,0.0465
PHC-DST-C1-01,2024-07-16,2,2,4,0.0409
PHC-DST-C1-01,2024-07-17,2,2,4,0.0587
PHC-DST-C1-01,2024-07-18,2,2,4,0.0544
PHC-DST-C1-01,2024-07-19,2,2,4,0.0582
PHC-DST-C1-01,2024-07-20,2,2,4,
PHC-DST-C1-01,2024-07-21,1,1,2,0.4778
PHC-DST-C1-01,2024-07-22,2,2,4,0.067
PHC-DST-C1-01,2024-07-23,2,2,4,0.0674
PHC-DST-C1-01,2024-07-24,2,2,4,0.0425
PHC-DST-C1-01,2024-07-25,2,2,4,0.0752
PHC-DST-C1-01,2024-07-26,2,2,4,0.0458
PHC-DST-C1-01,2024-07-27,2,2,4,0.0712
PHC-DST-C1-01,2024-07-28,1,1,2,0.4441
PHC-DST-C1-01,2024-07-29,2,2,4,0.066
PHC-DST-C1-01,2024-07-30,2,2,4,0.058
PHC-DST-C1-01,2024-07-31,2,2,4,0.0589
PHC-DST-C1-01,2024-08-01,2,2,4,0.0779
PHC-DST-C1-01,2024-08-02,2,2,4,0.0427
PHC-DST-C1-01,2024-08-03,2,2,4,0.0576
PHC-DST-C1-01,2024-08-04,1,1,2,0.4492
PHC-DST-C1-01,2024-08-05,2,2,4,0.052
PHC-DST-C1-01,2024-08-06,2,2,4,0.0596
PHC-DST-C1-01,2024-08-07,2,2,4,0.076
PHC-DST-C1-01,2024-08-08,2,2,4,0.0413
PHC-DST-C1-01,2024-08-09,2,2,4,0.0456
PHC-DST-C1-01,2024-08-10,2,2,4,0.0731
PHC-DST-C1-01,2024-08-11,1,1,2,0.4629
PHC-DST-C1-01,2024-08-12,2,2,4,0.0441
PHC-DST-C1-01,2024-08-13,2,2,4,0.0521
PHC-DST-C1-01,2024-08-14,1,1,2,0.4292
PHC-DST-C1-01,2024-08-15,2,2,4,0.0695
PHC-DST-C1-01,2024-08-16,2,2,4,0.0761
PHC-DST-C1-01,2024-08-17,2,2,4,0.0657
PHC-DST-C1-01,2024-08-18,1,1,2,0.4694
PHC-DST-C1-01,2024-08-19,2,2,4,0.0411
PHC-DST-C1-01,2024-08-20,2,2,4,0.0683
PHC-DST-C1-01,2024-08-21,2,2,4,0.0611
PHC-DST-C1-01,2024-08-22,2,2,4,0.0752
PHC-DST-C1-01,2024-08-23,2,2,4,0.0628
PHC-DST-C1-01,2024-08-24,2,2,4,0.0533
PHC-DST-C1-01,2024-08-25,1,1,2,0.4679
PHC-DST-C1-01,2024-08-26,2,2,4,0.0698
PHC-DST-C1-01,2024-08-27,2,2,4,0.0688
PHC-DST-C1-01,2024-08-28,2,2,4,0.0628
PHC-DST-C1-01,2024-08-29,2,2,4,0.0733
PHC-DST-C1-01,2024-08-30,2,2,4,0.0514
PHC-DST-C1-01,2024-08-31,2,2,4,0.0633
PHC-DST-C1-01,2024-09-01,1,1,2,0.474
PHC-DST-C1-01,2024-09-02,2,2,4,0.0783
PHC-DST-C1-01,2024-09-03,2,2,4,0.0579
PHC-DST-C1-01,2024-09-04,2,2,4,0.0566
PHC-DST-C1-01,2024-09-05,2,2,4,0.0531
PHC-DST-C1-01,2024-09-06,2,2,4,0.0455
PHC-DST-C1-01,2024-09-07,2,2,4,0.0643
PHC-DST-C1-01,2024-09-08,0,1,1,0.8154
PHC-DST-C1-01,2024-09-09,2,2,4,0.0608
PHC-DST-C1-01,2024-09-10,2,2,4,0.0727
PHC-DST-C1-01,2024-09-11,2,2,4,0.067
PHC-DST-C1-01,2024-09-12,2,2,4,0.0444
PHC-DST-C1-01,2024-09-13,2,2,4,0.0571
PHC-DST-C1-01,2024-09-14,2,2,4,0.0722
PHC-DST-C1-01,2024-09-15,1,1,2,0.4457
PHC-DST-C1-01,2024-09-16,2,2,4,0.0441
PHC-DST-C1-01,2024-09-17,2,2,4,0.0539
PHC-DST-C1-01,2024-09-18,2,2,4,0.0524
PHC-DST-C1-01,2024-09-19,2,2,4,0.0502
PHC-DST-C1-01,2024-09-20,2,2,4,0.0723
PHC-DST-C1-01,2024-09-21,2,2,4,0.0618
PHC-DST-C1-01,2024-09-22,1,1,2,0.468
PHC-DST-C1-01,2024-09-23,2,2,4,0.0563
PHC-DST-C1-01,2024-09-24,2,2,4,0.0689
PHC-DST-C1-01,2024-09-25,2,2,4,0.0427
PHC-DST-C1-01,2024-09-26,2,2,4,0.0708
PHC-DST-C1-01,2024-09-27,2,2,4,0.0459
PHC-DST-C1-01,2024-09-28,2,2,4,0.0723
PHC-DST-C1-01,2024-09-29,1,1,2,
PHC-DST-C1-01,2024-09-30,2,2,4,0.0456
PHC-DST-C1-01,2024-10-01,2,2,4,0.0442
PHC-DST-C1-01,2024-10-02,2,2,4,0.0638
PHC-DST-C1-01,2024-10-03,2,2,4,0.0764
PHC-DST-C1-01,2024-10-04,2,2,4,0.073
PHC-DST-C1-01,2024-10-05,2,2,4,0.0656
PHC-DST-C1-01,2024-10-06,1,1,2,0.4758
PHC-DST-C1-01,2024-10-07,2,2,4,0.0567
PHC-DST-C1-01,2024-10-08,2,2,4,0.06
PHC-DST-C1-01,2024-10-09,2,2,4,0.0441
PHC-DST-C1-01,2024-10-10,2,2,4,0.0767
PHC-DST-C1-01,2024-10-11,2,2,4,0.0708
PHC-DST-C1-01,2024-10-12,2,2,4,0.061
PHC-DST-C1-01,2024-10-13,1,1,2,0.4541
PHC-DST-C1-01,2024-10-14,2,2,4,0.0487
PHC-DST-C1-01,2024-10-15,2,2,4,0.0797
PHC-DST-C1-01,2024-10-16,2,2,4,0.052
PHC-DST-C1-01,2024-10-17,2,2,4,0.0479
PHC-DST-C1-01,2024-10-18,2,2,4,0.0532
PHC-DST-C1-01,2024-10-19,2,2,4,0.0562
PHC-DST-C1-01,2024-10-20,1,1,2,0.4694
PHC-DST-C1-01,2024-10-21,2,2,4,0.0705
PHC-DST-C1-01,2024-10-22,2,2,4,0.0476
PHC-DST-C1-01,2024-10-23,2,2,4,0.0776
PHC-DST-C1-01,2024-10-24,2,2,4,0.0427
PHC-DST-C1-01,2024-10-25,2,2,4,0.0459
PHC-DST-C1-01,2024-10-26,2,2,4,0.0492
PHC-DST-C1-01,2024-10-27,1,1,2,0.456
PHC-DST-C1-01,2024-10-28,2,2,4,0.0756
PHC-DST-C1-01,2024-10-29,2,2,4,0.0541
PHC-DST-C1-01,2024-10-30,2,2,4,0.044
PHC-DST-C1-01,2024-10-31,2,2,4,0.0576
PHC-DST-C1-01,2024-11-01,2,2,4,0.0404
PHC-DST-C1-01,2024-11-02,2,2,4,0.0501
PHC-DST-C1-01,2024-11-03,1,1,2,0.4537
PHC-DST-C1-01,2024-11-04,2,2,4,0.0783
PHC-DST-C1-01,2024-11-05,2,2,4,0.0434
PHC-DST-C1-01,2024-11-06,2,2,4,0.0491
PHC-DST-C1-01,2024-11-07,2,2,4,0.0679
PHC-DST-C1-01,2024-11-08,2,2,4,0.0663
PHC-DST-C1-01,2024-11-09,2,2,4,0.0525
PHC-DST-C1-01,2024-11-10,1,1,2,0.4461
PHC-DST-C1-01,2024-11-11,2,2,4,0.072
PHC-DST-C1-01,2024-11-12,2,2,4,0.0479
PHC-DST-C1-01,2024-11-13,2,2,4,0.0634
PHC-DST-C1-01,2024-11-14,2,2,4,0.0723
PHC-DST-C1-01,2024-11-15,2,2,4,0.0542
PHC-DST-C1-01,2024-11-16,2,2,4,0.0574
PHC-DST-C1-01,2024-11-17,1,1,2,0.4653
PHC-DST-C1-01,2024-11-18,2,2,4,0.0459
PHC-DST-C1-01,2024-11-19,2,2,4,0.0512
PHC-DST-C1-01,2024-11-20,2,2,4,0.0514
PHC-DST-C1-01,2024-11-21,2,2,4,0.0409
PHC-DST-C1-01,2024-11-22,2,2,4,0.0535
PHC-DST-C1-01,2024-11-23,2,2,4,0.0626
PHC-DST-C1-01,2024-11-24,1,1,2,0.4514
PHC-DST-C1-01,2024-11-25,2,2,4,0.0776
PHC-DST-C1-01,2024-11-26,2,2,4,0.0737
PHC-DST-C1-01,2024-11-27,2,2,4,0.0706
PHC-DST-C1-01,2024-11-28,2,2,4,0.0706
PHC-DST-C1-01,2024-11-29,2,2,4,0.044
PHC-DST-C1-01,2024-11-30,2,2,4,
PHC-DST-C1-01,2024-12-01,1,1,2,0.4614
PHC-DST-C1-01,2024-12-02,2,2,4,0.0501
PHC-DST-C1-01,2024-12-03,2,2,4,0.0413
PHC-DST-C1-01,2024-12-04,2,2,4,0.0707
PHC-DST-C1-01,2024-12-05,2,2,4,0.0688
PHC-DST-C1-01,2024-12-06,2,2,4,0.0555
PHC-DST-C1-01,2024-12-07,2,2,4,0.0692
PHC-DST-C1-01,2024-12-08,1,1,2,0.4541
PHC-DST-C1-01,2024-12-09,2,2,4,0.0705
PHC-DST-C1-01,2024-12-10,2,2,4,0.0442
PHC-DST-C1-01,2024-12-11,2,2,4,0.078
PHC-DST-C1-01,2024-12-12,2,2,4,0.051
PHC-DST-C1-01,2024-12-13,2,2,4,0.0448
PHC-DST-C1-01,2024-12-14,2,2,4,0.0793
PHC-DST-C1-01,2024-12-15,1,1,2,0.469
PHC-DST-C1-01,2024-12-16,2,2,4,0.0552
PHC-DST-C1-01,2024-12-17,2,2,4,0.0515
PHC-DST-C1-01,2024-12-18,2,2,4,0.0501
PHC-DST-C1-01,2024-12-19,2,2,4,0.0472
PHC-DST-C1-01,2024-12-20,2,2,4,0.0527
PHC-DST-C1-01,2024-12-21,2,2,4,0.0477
PHC-DST-C1-01,2024-12-22,1,1,2,0.4661
PHC-DST-C1-01,2024-12-23,2,2,4,0.0746
PHC-DST-C1-01,2024-12-24,2,2,4,0.0485
PHC-DST-C1-01,2024-12-25,2,2,4,0.0769
PHC-DST-C1-01,2024-12-26,2,2,4,
PHC-DST-C1-01,2024-12-27,2,2,4,0.0518
PHC-DST-C1-01,2024-12-28,2,2,4,0.0745
PHC-DST-C1-01,2024-12-29,1,1,2,0.464
PHC-DST-C1-01,2024-12-30,2,2,4,0.0654
PHC-DST-C1-01,2024-12-31,2,2,4,0.0692
PHC-DST-C1-01,2025-01-01,2,2,4,0.0488
PHC-DST-C1-01,2025-01-02,2,2,4,0.0557
PHC-DST-C1-01,2025-01-03,2,2,4,0.0451
PHC-DST-C1-01,2025-01-04,2,2,4,0.0733
PHC-DST-C1-01,2025-01-05,1,1,2,0.4474
PHC-DST-C1-01,2025-01-06,2,2,4,0.0426
PHC-DST-C1-01,2025-01-07,2,2,4,0.062
PHC-DST-C1-01,2025-01-08,2,2,4,0.0646
PHC-DST-C1-01,2025-01-09,2,2,4,0.0621
PHC-DST-C1-01,2025-01-10,2,2,4,0.0471
PHC-DST-C1-01,2025-01-11,2,2,4,0.0447
PHC-DST-C1-01,2025-01-12,1,1,2,0.4664
PHC-DST-C1-01,2025-01-13,2,2,4,0.0701
PHC-DST-C1-01,2025-01-14,2,2,4,0.0745
PHC-DST-C1-01,2025-01-15,2,2,4,0.058
PHC-DST-C1-01,2025-01-16,2,2,4,0.0794
PHC-DST-C1-01,2025-01-17,2,2,4,0.0554
PHC-DST-C1-01,2025-01-18,2,2,4,0.0718
PHC-DST-C1-01,2025-01-19,1,1,2,0.4426
PHC-DST-C1-01,2025-01-20,2,2,4,0.078
PHC-DST-C1-01,2025-01-21,2,2,4,0.0787
PHC-DST-C1-01,2025-01-22,2,2,4,0.0695
PHC-DST-C1-01,2025-01-23,2,2,4,0.0757
PHC-DST-C1-01,2025-01-24,2,2,4,0.0571
PHC-DST-C1-01,2025-01-25,2,2,4,0.0731
PHC-DST-C1-01,2025-01-26,1,1,2,0.4732
PHC-DST-C1-01,2025-01-27,2,2,4,0.0514
PHC-DST-C1-01,2025-01-28,2,2,4,0.0705
PHC-DST-C1-01,2025-01-29,2,2,4,0.077
PHC-DST-C1-01,2025-01-30,2,2,4,
PHC-DST-C1-01,2025-01-31,2,2,4,0.0544
PHC-DST-C1-01,2025-02-01,2,2,4,0.0419
PHC-DST-C1-01,2025-02-02,1,1,2,0.4799
PHC-DST-C1-01,2025-02-03,2,2,4,0.0601
PHC-DST-C1-01,2025-02-04,2,2,4,0.0759
PHC-DST-C1-01,2025-02-05,2,2,4,0.0674
PHC-DST-C1-01,2025-02-06,2,2,4,0.0608
PHC-DST-C1-01,2025-02-07,2,2,4,0.0692
PHC-DST-C1-01,2025-02-08,2,2,4,0.0416
PHC-DST-C1-01,2025-02-09,1,1,2,0.4442
PHC-DST-C1-01,2025-02-10,2,2,4,0.0775
PHC-DST-C1-01,2025-02-11,2,2,4,0.0772
PHC-DST-C1-01,2025-02-12,2,2,4,0.0695
PHC-DST-C1-01,2025-02-13,2,2,4,0.0451
PHC-DST-C1-01,2025-02-14,2,2,4,0.053
PHC-DST-C1-01,2025-02-15,2,2,4,0.0602
PHC-DST-C1-01,2025-02-16,1,1,2,0.4505
PHC-DST-C1-01,2025-02-17,2,2,4,0.0639
PHC-DST-C1-01,2025-02-18,2,2,4,0.0545
PHC-DST-C1-01,2025-02-19,2,2,4,0.0764
PHC-DST-C1-01,2025-02-20,2,2,4,0.0742
PHC-DST-C1-01,2025-02-21,2,2,4,0.0747
PHC-DST-C1-01,2025-02-22,2,2,4,0.0747
PHC-DST-C1-01,2025-02-23,1,1,2,0.4725
PHC-DST-C1-01,2025-02-24,2,2,4,0.0479
PHC-DST-C1-01,2025-02-25,2,2,4,0.0653
PHC-DST-C1-01,2025-02-26,2,2,4,0.0466
PHC-DST-C1-01,2025-02-27,2,2,4,0.0661
PHC-DST-C1-01,2025-02-28,2,2,4,0.0795
PHC-DST-C1-01,2025-03-01,2,2,4,0.0603
PHC-DST-C1-01,2025-03-02,1,1,2,0.4724
PHC-DST-C1-01,2025-03-03,2,2,4,0.0795
PHC-DST-C1-01,2025-03-04,2,2,4,0.0649
PHC-DST-C1-01,2025-03-05,2,2,4,0.0755
PHC-DST-C1-01,2025-03-06,2,2,4,0.0771
PHC-DST-C1-01,2025-03-07,2,2,4,0.0595
PHC-DST-C1-01,2025-03-08,2,2,4,0.0709
PHC-DST-C1-01,2025-03-09,1,1,2,0.4507
PHC-DST-C1-01,2025-03-10,2,2,4,0.0403
PHC-DST-C1-01,2025-03-11,2,2,4,0.0647
PHC-DST-C1-01,2025-03-12,2,2,4,0.0711
PHC-DST-C1-01,2025-03-13,2,2,4,0.0674
PHC-DST-C1-01,2025-03-14,2,2,4,0.0454
PHC-DST-C1-01,2025-03-15,2,2,4,0.07
PHC-DST-C1-01,2025-03-16,1,1,2,0.4691
PHC-DST-C1-01,2025-03-17,2,2,4,0.0667
PHC-DST-C1-01,2025-03-18,2,2,4,0.0789
PHC-DST-C1-01,2025-03-19,2,2,4,0.0484
PHC-DST-C1-01,2025-03-20,2,2,4,0.0702
PHC-DST-C1-01,2025-03-21,2,2,4,0.0441
PHC-DST-C1-01,2025-03-22,2,2,4,0.0533
PHC-DST-C1-01,2025-03-23,1,1,2,0.4746
PHC-DST-C1-01,2025-03-24,2,2,4,0.0679
PHC-DST-C1-01,2025-03-25,2,2,4,0.0567
PHC-DST-C1-01,2025-03-26,2,2,4,0.0675
PHC-DST-C1-01,2025-03-27,2,2,4,0.0595
PHC-DST-C1-01,2025-03-28,2,2,4,0.0469
PHC-DST-C1-01,2025-03-29,2,2,4,0.0668
PHC-DST-C1-01,2025-03-30,1,1,2,0.4578
PHC-DST-C1-01,2025-03-31,2,2,4,0.0663
PHC-DST-C1-01,2025-04-01,2,2,4,0.0433
PHC-DST-C1-01,2025-04-02,2,2,4,0.06
PHC-DST-C1-01,2025-04-03,2,2,4,0.0587
PHC-DST-C1-01,2025-04-04,2,2,4,0.0495
PHC-DST-C1-01,2025-04-05,2,2,4,
PHC-DST-C1-01,2025-04-06,1,1,2,0.4435
PHC-DST-C1-01,2025-04-07,2,2,4,0.066
PHC-DST-C1-01,2025-04-08,2,2,4,0.0515
PHC-DST-C1-01,2025-04-09,2,2,4,0.0554
PHC-DST-C1-01,2025-04-10,2,2,4,0.0784
PHC-DST-C1-01,2025-04-11,2,2,4,0.0403
PHC-DST-C1-01,2025-04-12,2,2,4,0.0595
PHC-DST-C1-01,2025-04-13,1,1,2,0.4459
PHC-DST-C1-01,2025-04-14,2,2,4,0.064
PHC-DST-C1-01,2025-04-15,2,2,4,0.0791
PHC-DST-C1-01,2025-04-16,2,2,4,0.0718
PHC-DST-C1-01,2025-04-17,2,2,4,0.0759
PHC-DST-C1-01,2025-04-18,2,2,4,0.0765
PHC-DST-C1-01,2025-04-19,2,2,4,0.077
PHC-DST-C1-01,2025-04-20,1,1,2,0.4707
PHC-DST-C1-01,2025-04-21,2,2,4,0.0456
PHC-DST-C1-01,2025-04-22,2,2,4,0.077
PHC-DST-C1-01,2025-04-23,2,2,4,0.0522
PHC-DST-C1-01,2025-04-24,2,2,4,0.0502
PHC-DST-C1-01,2025-04-25,2,2,4,0.0798
PHC-DST-C1-01,2025-04-26,2,2,4,0.0782
PHC-DST-C1-01,2025-04-27,1,1,2,0.447
PHC-DST-C1-01,2025-04-28,2,2,4,0.079
PHC-DST-C1-01,2025-04-29,2,2,4,0.074
PHC-DST-C1-01,2025-04-30,2,2,4,0.0668
PHC-DST-C1-01,2025-05-01,2,2,4,0.0498
PHC-DST-C1-01,2025-05-02,2,2,4,0.0594
PHC-DST-C1-01,2025-05-03,2,2,4,0.0421
PHC-DST-C1-01,2025-05-04,1,1,2,0.4608
PHC-DST-C1-01,2025-05-05,2,2,4,0.0433
PHC-DST-C1-01,2025-05-06,2,2,4,0.0708
PHC-DST-C1-01,2025-05-07,2,2,4,0.0418
PHC-DST-C1-01,2025-05-08,2,2,4,0.066
PHC-DST-C1-01,2025-05-09,2,2,4,0.0614
PHC-DST-C1-01,2025-05-10,2,2,4,0.076
PHC-DST-C1-01,2025-05-11,1,1,2,0.4596
PHC-DST-C1-01,2025-05-12,2,2,4,0.0617
PHC-DST-C1-01,2025-05-13,2,2,4,0.0777
PHC-DST-C1-01,2025-05-14,2,2,4,0.0663
PHC-DST-C1-01,2025-05-15,2,2,4,0.0431
PHC-DST-C1-01,2025-05-16,2,2,4,0.0489
PHC-DST-C1-01,2025-05-17,2,2,4,0.0467
PHC-DST-C1-01,2025-05-18,1,1,2,0.4427
PHC-DST-C1-01,2025-05-19,2,2,4,0.0701
PHC-DST-C1-01,2025-05-20,2,2,4,0.0554
PHC-DST-C1-01,2025-05-21,2,2,4,0.0664
PHC-DST-C1-01,2025-05-22,2,2,4,0.065
PHC-DST-C1-01,2025-05-23,2,2,4,0.0757
PHC-DST-C1-01,2025-05-24,2,2,4,0.056
PHC-DST-C1-01,2025-05-25,1,1,2,0.4727
PHC-DST-C1-01,2025-05-26,2,2,4,0.0637
PHC-DST-C1-01,2025-05-27,2,2,4,
PHC-DST-C1-01,2025-05-28,2,2,4,0.0557
PHC-DST-C1-01,2025-05-29,2,2,4,0.0636
PHC-DST-C1-01,2025-05-30,2,2,4,0.0759
PHC-DST-C1-01,2025-05-31,2,2,4,0.0733
PHC-DST-C1-01,2025-06-01,1,1,2,0.4418
PHC-DST-C1-01,2025-06-02,2,2,4,0.0479
PHC-DST-C1-01,2025-06-03,2,2,4,0.0619
PHC-DST-C1-01,2025-06-04,2,2,4,0.0705
PHC-DST-C1-01,2025-06-05,2,2,4,0.0509
PHC-DST-C1-01,2025-06-06,2,2,4,0.0451
PHC-DST-C1-01,2025-06-07,2,2,4,0.0527
PHC-DST-C1-01,2025-06-08,1,1,2,0.4413
PHC-DST-C1-01,2025-06-09,2,2,4,0.0748
PHC-DST-C1-01,2025-06-10,2,2,4,0.0583
PHC-DST-C1-01,2025-06-11,2,2,4,0.0745
PHC-DST-C1-01,2025-06-12,2,2,4,0.0722
PHC-DST-C1-01,2025-06-13,2,2,4,0.0797
PHC-DST-C1-01,2025-06-14,2,2,4,0.058
PHC-DST-C1-01,2025-06-15,1,1,2,0.4639
PHC-DST-C1-01,2025-06-16,2,2,4,0.0546
PHC-DST-C1-01,2025-06-17,2,2,4,0.0686
PHC-DST-C1-01,2025-06-18,2,2,4,0.065
PHC-DST-C1-01,2025-06-19,2,2,4,0.0638
PHC-DST-C1-01,2025-06-20,2,2,4,0.0424
PHC-DST-C1-01,2025-06-21,2,2,4,0.0591
PHC-DST-C1-01,2025-06-22,1,1,2,0.4758
PHC-DST-C1-01,2025-06-23,2,2,4,0.0644
PHC-DST-C1-01,2025-06-24,2,2,4,0.0648
PHC-DST-C1-01,2025-06-25,2,2,4,0.0478
PHC-DST-C1-01,2025-06-26,2,2,4,0.0445
PHC-DST-C1-01,2025-06-27,2,2,4,0.0485
PHC-DST-C1-01,2025-06-28,2,2,4,0.0475
PHC-DST-C1-01,2025-06-29,1,1,2,0.4643
PHC-DST-C1-01,2025-06-30,2,2,4,0.0782
PHC-DST-C1-02,2024-01-01,1,4,2,0.0628
PHC-DST-C1-02,2024-01-02,1,4,2,0.0642
PHC-DST-C1-02,2024-01-03,1,4,2,0.0417
PHC-DST-C1-02,2024-01-04,1,4,2,0.0479
PHC-DST-C1-02,2024-01-05,1,4,2,0.0736
PHC-DST-C1-02,2024-01-06,1,4,2,0.0556
PHC-DST-C1-02,2024-01-07,1,2,1,0.4676
PHC-DST-C1-02,2024-01-08,1,4,2,0.0407
PHC-DST-C1-02,2024-01-09,1,4,2,0.0771
PHC-DST-C1-02,2024-01-10,1,4,2,0.0457
PHC-DST-C1-02,2024-01-11,1,4,2,0.0494
PHC-DST-C1-02,2024-01-12,1,4,2,0.0568
PHC-DST-C1-02,2024-01-13,1,4,2,0.0787
PHC-DST-C1-02,2024-01-14,1,2,1,0.4537
PHC-DST-C1-02,2024-01-15,1,4,2,0.0739
PHC-DST-C1-02,2024-01-16,1,4,2,0.0589
PHC-DST-C1-02,2024-01-17,1,4,2,0.0568
PHC-DST-C1-02,2024-01-18,1,4,2,0.0582
PHC-DST-C1-02,2024-01-19,1,4,2,0.0557
PHC-DST-C1-02,2024-01-20,1,4,2,0.0421
PHC-DST-C1-02,2024-01-21,1,2,1,0.4463
PHC-DST-C1-02,2024-01-22,1,4,2,0.059
PHC-DST-C1-02,2024-01-23,1,4,2,0.0412
PHC-DST-C1-02,2024-01-24,1,4,2,0.0603
PHC-DST-C1-02,2024-01-25,1,4,2,0.0523
PHC-DST-C1-02,2024-01-26,1,4,2,0.0525
PHC-DST-C1-02,2024-01-27,1,4,2,0.0456
PHC-DST-C1-02,2024-01-28,1,2,1,0.4574
PHC-DST-C1-02,2024-01-29,1,4,2,0.0697
PHC-DST-C1-02,2024-01-30,1,4,2,0.0729
PHC-DST-C1-02,2024-01-31,1,4,2,0.0507
PHC-DST-C1-02,2024-02-01,1,4,2,0.0583
PHC-DST-C1-02,2024-02-02,1,4,2,0.0678
PHC-DST-C1-02,2024-02-03,1,4,2,0.0509
PHC-DST-C1-02,2024-02-04,1,2,1,0.4594
PHC-DST-C1-02,2024-02-05,1,4,2,0.0667
PHC-DST-C1-02,2024-02-06,1,4,2,0.0662
PHC-DST-C1-02,2024-02-07,1,4,2,0.0747
PHC-DST-C1-02,2024-02-08,1,4,2,0.0732
PHC-DST-C1-02,2024-02-09,1,4,2,0.062
PHC-DST-C1-02,2024-02-10,1,4,2,0.0772
PHC-DST-C1-02,2024-02-11,1,2,1,0.446
PHC-DST-C1-02,2024-02-12,1,4,2,0.0746
PHC-DST-C1-02,2024-02-13,1,4,2,0.046
PHC-DST-C1-02,2024-02-14,1,4,2,0.0595
PHC-DST-C1-02,2024-02-15,1,4,2,0.0653
PHC-DST-C1-02,2024-02-16,1,4,2,0.0633
PHC-DST-C1-02,2024-02-17,1,4,2,0.0665
PHC-DST-C1-02,2024-02-18,1,2,1,0.4601
PHC-DST-C1-02,2024-02-19,1,4,2,0.078
PHC-DST-C1-02,2024-02-20,1,4,2,0.0599
PHC-DST-C1-02,2024-02-21,1,4,2,0.0691
PHC-DST-C1-02,2024-02-22,1,4,2,0.0656
PHC-DST-C1-02,2024-02-23,1,4,2,0.0729
PHC-DST-C1-02,2024-02-24,1,4,2,0.0622
PHC-DST-C1-02,2024-02-25,1,2,1,0.447
PHC-DST-C1-02,2024-02-26,1,4,2,0.0518
PHC-DST-C1-02,2024-02-27,1,4,2,
PHC-DST-C1-02,2024-02-28,1,4,2,0.0619
PHC-DST-C1-02,2024-02-29,1,4,2,0.0512
PHC-DST-C1-02,2024-03-01,1,4,2,0.0562
PHC-DST-C1-02,2024-03-02,1,4,2,0.0618
PHC-DST-C1-02,2024-03-03,1,2,1,0.4486
PHC-DST-C1-02,2024-03-04,1,4,2,0.0427
PHC-DST-C1-02,2024-03-05,1,4,2,0.0723
PHC-DST-C1-02,2024-03-06,1,4,2,0.0591
PHC-DST-C1-02,2024-03-07,1,4,2,0.0448
PHC-DST-C1-02,2024-03-08,1,4,2,0.0404
PHC-DST-C1-02,2024-03-09,1,4,2,0.0667
PHC-DST-C1-02,2024-03-10,1,2,1,0.4719
PHC-DST-C1-02,2024-03-11,1,4,2,0.0479
PHC-DST-C1-02,2024-03-12,1,4,2,0.0752
PHC-DST-C1-02,2024-03-13,1,4,2,0.0782
PHC-DST-C1-02,2024-03-14,1,4,2,0.0403
PHC-DST-C1-02,2024-03-15,1,4,2,0.0485
PHC-DST-C1-02,2024-03-16,1,4,2,0.0562
PHC-DST-C1-02,2024-03-17,1,2,1,0.4456
PHC-DST-C1-02,2024-03-18,1,4,2,0.0589
PHC-DST-C1-02,2024-03-19,1,4,2,0.0682
PHC-DST-C1-02,2024-03-20,1,4,2,0.0692
PHC-DST-C1-02,2024-03-21,1,4,2,0.076
PHC-DST-C1-02,2024-03-22,1,4,2,0.0419
PHC-DST-C1-02,2024-03-23,1,4,2,0.0765
PHC-DST-C1-02,2024-03-24,1,2,1,0.4439
PHC-DST-C1-02,2024-03-25,1,4,2,0.0504
PHC-DST-C1-02,2024-03-26,1,4,2,0.0619
PHC-DST-C1-02,2024-03-27,1,4,2,0.0565
PHC-DST-C1-02,2024-03-28,1,4,2,0.0682
PHC-DST-C1-02,2024-03-29,1,4,2,0.0646
PHC-DST-C1-02,2024-03-30,1,4,2,0.0577
PHC-DST-C1-02,2024-03-31,1,2,1,0.4658
PHC-DST-C1-02,2024-04-01,1,4,2,0.0798
PHC-DST-C1-02,2024-04-02,1,4,2,0.0653
PHC-DST-C1-02,2024-04-03,1,4,2,0.045
PHC-DST-C1-02,2024-04-04,1,4,2,0.0491
PHC-DST-C1-02,2024-04-05,1,4,2,0.0519
PHC-DST-C1-02,2024-04-06,1,4,2,0.0482
PHC-DST-C1-02,2024-04-07,1,2,1,0.4409
PHC-DST-C1-02,2024-04-08,1,4,2,0.067
PHC-DST-C1-02,2024-04-09,1,4,2,0.0637
PHC-DST-C1-02,2024-04-10,1,4,2,0.0458
PHC-DST-C1-02,2024-04-11,1,4,2,0.0563
PHC-DST-C1-02,2024-04-12,1,4,2,0.0516
PHC-DST-C1-02,2024-04-13,1,4,2,0.0595
PHC-DST-C1-02,2024-04-14,1,2,1,0.4731
PHC-DST-C1-02,2024-04-15,1,4,2,0.0443
PHC-DST-C1-02,2024-04-16,1,4,2,0.0468
PHC-DST-C1-02,2024-04-17,1,4,2,0.0793
PHC-DST-C1-02,2024-04-18,1,4,2,0.0599
PHC-DST-C1-02,2024-04-19,1,4,2,
PHC-DST-C1-02,2024-04-20,1,4,2,0.0443
PHC-DST-C1-02,2024-04-21,1,2,1,0.456
PHC-DST-C1-02,2024-04-22,1,4,2,0.065
PHC-DST-C1-02,2024-04-23,1,4,2,0.0527
PHC-DST-C1-02,2024-04-24,1,4,2,0.0726
PHC-DST-C1-02,2024-04-25,1,4,2,
PHC-DST-C1-02,2024-04-26,1,4,2,0.0748
PHC-DST-C1-02,2024-04-27,1,4,2,0.0746
PHC-DST-C1-02,2024-04-28,1,2,1,0.479
PHC-DST-C1-02,2024-04-29,1,4,2,0.0575
PHC-DST-C1-02,2024-04-30,1,4,2,0.056
PHC-DST-C1-02,2024-05-01,1,4,2,0.049
PHC-DST-C1-02,2024-05-02,1,4,2,0.0421
PHC-DST-C1-02,2024-05-03,1,4,2,0.0551
PHC-DST-C1-02,2024-05-04,1,4,2,0.0529
PHC-DST-C1-02,2024-05-05,1,2,1,0.4654
PHC-DST-C1-02,2024-05-06,1,4,2,0.0712
PHC-DST-C1-02,2024-05-07,1,4,2,
PHC-DST-C1-02,2024-05-08,1,4,2,0.0777
PHC-DST-C1-02,2024-05-09,1,4,2,0.0678
PHC-DST-C1-02,2024-05-10,1,4,2,0.0671
PHC-DST-C1-02,2024-05-11,1,4,2,0.0748
PHC-DST-C1-02,2024-05-12,1,2,1,0.4772
PHC-DST-C1-02,2024-05-13,1,4,2,0.0639
PHC-DST-C1-02,2024-05-14,1,4,2,0.0649
PHC-DST-C1-02,2024-05-15,1,4,2,0.0438
PHC-DST-C1-02,2024-05-16,1,4,2,0.0533
PHC-DST-C1-02,2024-05-17,1,4,2,0.0699
PHC-DST-C1-02,2024-05-18,1,4,2,0.0637
PHC-DST-C1-02,2024-05-19,1,2,1,0.4708
PHC-DST-C1-02,2024-05-20,1,4,2,0.0718
PHC-DST-C1-02,2024-05-21,1,4,2,0.0551
PHC-DST-C1-02,2024-05-22,1,4,2,0.0737
PHC-DST-C1-02,2024-05-23,1,4,2,0.0722
PHC-DST-C1-02,2024-05-24,1,4,2,0.0648
PHC-DST-C1-02,2024-05-25,1,4,2,0.047
PHC-DST-C1-02,2024-05-26,1,2,1,0.4601
PHC-DST-C1-02,2024-05-27,1,4,2,0.0445
PHC-DST-C1-02,2024-05-28,1,4,2,0.0448
PHC-DST-C1-02,2024-05-29,1,4,2,
PHC-DST-C1-02,2024-05-30,1,4,2,0.0723
PHC-DST-C1-02,2024-05-31,1,4,2,0.0645
PHC-DST-C1-02,2024-06-01,1,4,2,0.0782
PHC-DST-C1-02,2024-06-02,1,2,1,0.458
PHC-DST-C1-02,2024-06-03,1,4,2,0.0797
PHC-DST-C1-02,2024-06-04,1,4,2,0.0439
PHC-DST-C1-02,2024-06-05,1,4,2,0.0533
PHC-DST-C1-02,2024-06-06,1,4,2,0.0552
PHC-DST-C1-02,2024-06-07,1,4,2,0.0602
PHC-DST-C1-02,2024-06-08,1,4,2,0.0542
PHC-DST-C1-02,2024-06-09,1,2,1,0.4739
PHC-DST-C1-02,2024-06-10,1,4,2,0.0458
PHC-DST-C1-02,2024-06-11,1,4,2,0.0661
PHC-DST-C1-02,2024-06-12,1,4,2,0.0661
PHC-DST-C1-02,2024-06-13,1,4,2,0.0614
PHC-DST-C1-02,2024-06-14,1,4,2,0.0634
PHC-DST-C1-02,2024-06-15,1,4,2,0.0713
PHC-DST-C1-02,2024-06-16,1,2,1,0.4794
PHC-DST-C1-02,2024-06-17,1,4,2,0.0765
PHC-DST-C1-02,2024-06-18,1,4,2,0.0438
PHC-DST-C1-02,2024-06-19,1,4,2,0.0568
PHC-DST-C1-02,2024-06-20,1,4,2,0.0533
PHC-DST-C1-02,2024-06-21,1,4,2,0.0568
PHC-DST-C1-02,2024-06-22,1,4,2,0.0643
PHC-DST-C1-02,2024-06-23,1,2,1,0.4535
PHC-DST-C1-02,2024-06-24,1,4,2,0.0459
PHC-DST-C1-02,2024-06-25,1,4,2,0.0684
PHC-DST-C1-02,2024-06-26,1,4,2,0.0675
PHC-DST-C1-02,2024-06-27,1,4,2,0.0628
PHC-DST-C1-02,2024-06-28,1,4,2,0.0563
PHC-DST-C1-02,2024-06-29,1,4,2,0.0415
PHC-DST-C1-02,2024-06-30,1,2,1,
PHC-DST-C1-02,2024-07-01,1,4,2,0.0725
PHC-DST-C1-02,2024-07-02,1,4,2,0.0651
PHC-DST-C1-02,2024-07-03,1,4,2,0.0658
PHC-DST-C1-02,2024-07-04,1,4,2,0.0658
PHC-DST-C1-02,2024-07-05,1,4,2,0.0781
PHC-DST-C1-02,2024-07-06,1,4,2,0.0794
PHC-DST-C1-02,2024-07-07,1,2,1,0.4691
PHC-DST-C1-02,2024-07-08,1,4,2,0.0627
PHC-DST-C1-02,2024-07-09,1,4,2,0.0504
PHC-DST-C1-02,2024-07-10,1,4,2,0.0553
PHC-DST-C1-02,2024-07-11,1,4,2,0.0784
PHC-DST-C1-02,2024-07-12,1,4,2,0.0509
PHC-DST-C1-02,2024-07-13,1,4,2,0.0735
PHC-DST-C1-02,2024-07-14,1,2,1,0.447
PHC-DST-C1-02,2024-07-15,1,4,2,0.0452
PHC-DST-C1-02,2024-07-16,1,4,2,0.0497
PHC-DST-C1-02,2024-07-17,1,4,2,0.0696
PHC-DST-C1-02,2024-07-18,1,4,2,
PHC-DST-C1-02,2024-07-19,1,4,2,0.0762
PHC-DST-C1-02,2024-07-20,1,4,2,0.0503
PHC-DST-C1-02,2024-07-21,1,2,1,0.4696
PHC-DST-C1-02,2024-07-22,1,4,2,0.0691
PHC-DST-C1-02,2024-07-23,1,4,2,0.0711
PHC-DST-C1-02,2024-07-24,1,4,2,0.0671
PHC-DST-C1-02,2024-07-25,1,4,2,0.0768
PHC-DST-C1-02,2024-07-26,1,4,2,0.0579
PHC-DST-C1-02,2024-07-27,1,4,2,0.056
PHC-DST-C1-02,2024-07-28,1,2,1,0.4662
PHC-DST-C1-02,2024-07-29,1,4,2,0.048
PHC-DST-C1-02,2024-07-30,1,4,2,0.0627
PHC-DST-C1-02,2024-07-31,1,4,2,0.0682
PHC-DST-C1-02,2024-08-01,1,4,2,0.0638
PHC-DST-C1-02,2024-08-02,1,4,2,
PHC-DST-C1-02,2024-08-03,1,4,2,0.0792
PHC-DST-C1-02,2024-08-04,1,2,1,0.4497
PHC-DST-C1-02,2024-08-05,1,4,2,0.0545
PHC-DST-C1-02,2024-08-06,1,4,2,0.0763
PHC-DST-C1-02,2024-08-07,1,4,2,0.0577
PHC-DST-C1-02,2024-08-08,1,4,2,
PHC-DST-C1-02,2024-08-09,1,4,2,0.0742
PHC-DST-C1-02,2024-08-10,1,4,2,0.0779
PHC-DST-C1-02,2024-08-11,1,2,1,0.4625
PHC-DST-C1-02,2024-08-12,1,4,2,0.0621
PHC-DST-C1-02,2024-08-13,1,4,2,0.0709
PHC-DST-C1-02,2024-08-14,1,2,1,0.5027
PHC-DST-C1-02,2024-08-15,1,4,2,0.0619
PHC-DST-C1-02,2024-08-16,1,4,2,0.0401
PHC-DST-C1-02,2024-08-17,1,4,2,0.0776
PHC-DST-C1-02,2024-08-18,1,2,1,0.4578
PHC-DST-C1-02,2024-08-19,1,4,2,
PHC-DST-C1-02,2024-08-20,1,4,2,0.066
PHC-DST-C1-02,2024-08-21,1,4,2,0.0796
PHC-DST-C1-02,2024-08-22,1,4,2,0.0692
PHC-DST-C1-02,2024-08-23,1,4,2,0.0464
PHC-DST-C1-02,2024-08-24,1,4,2,0.0467
PHC-DST-C1-02,2024-08-25,1,2,1,0.4777
PHC-DST-C1-02,2024-08-26,1,4,2,0.044
PHC-DST-C1-02,2024-08-27,1,4,2,0.0598
PHC-DST-C1-02,2024-08-28,1,4,2,0.0744
PHC-DST-C1-02,2024-08-29,1,4,2,0.0667
PHC-DST-C1-02,2024-08-30,1,4,2,0.0742
PHC-DST-C1-02,2024-08-31,1,4,2,0.063
PHC-DST-C1-02,2024-09-01,1,2,1,0.4559
PHC-DST-C1-02,2024-09-02,1,4,2,0.0742
PHC-DST-C1-02,2024-09-03,1,4,2,0.0471
PHC-DST-C1-02,2024-09-04,1,4,2,0.0531
PHC-DST-C1-02,2024-09-05,1,4,2,0.0493
PHC-DST-C1-02,2024-09-06,1,4,2,0.0588
PHC-DST-C1-02,2024-09-07,1,4,2,0.0407
PHC-DST-C1-02,2024-09-08,0,1,0,0.7756
PHC-DST-C1-02,2024-09-09,1,4,2,
PHC-DST-C1-02,2024-09-10,1,4,2,0.0555
PHC-DST-C1-02,2024-09-11,1,4,2,0.0506
PHC-DST-C1-02,2024-09-12,1,4,2,0.0569
PHC-DST-C1-02,2024-09-13,1,4,2,0.046
PHC-DST-C1-02,2024-09-14,1,4,2,0.0565
PHC-DST-C1-02,2024-09-15,1,2,1,0.4553
PHC-DST-C1-02,2024-09-16,1,4,2,0.0643
PHC-DST-C1-02,2024-09-17,1,4,2,0.0659
PHC-DST-C1-02,2024-09-18,1,4,2,0.0461
PHC-DST-C1-02,2024-09-19,1,4,2,0.0684
PHC-DST-C1-02,2024-09-20,1,4,2,0.0477
PHC-DST-C1-02,2024-09-21,1,4,2,0.0431
PHC-DST-C1-02,2024-09-22,1,2,1,0.4603
PHC-DST-C1-02,2024-09-23,1,4,2,0.0657
PHC-DST-C1-02,2024-09-24,1,4,2,0.0472
PHC-DST-C1-02,2024-09-25,1,4,2,0.0759
PHC-DST-C1-02,2024-09-26,1,4,2,0.0732
PHC-DST-C1-02,2024-09-27,1,4,2,0.0497
PHC-DST-C1-02,2024-09-28,1,4,2,0.0727
PHC-DST-C1-02,2024-09-29,1,2,1,0.463
PHC-DST-C1-02,2024-09-30,1,4,2,0.0736
PHC-DST-C1-02,2024-10-01,1,4,2,0.0504
PHC-DST-C1-02,2024-10-02,1,4,2,0.041
PHC-DST-C1-02,2024-10-03,1,4,2,0.0463
PHC-DST-C1-02,2024-10-04,1,4,2,0.0499
PHC-DST-C1-02,2024-10-05,1,4,2,0.0788
PHC-DST-C1-02,2024-10-06,1,2,1,0.4665
PHC-DST-C1-02,2024-10-07,1,4,2,0.0748
PHC-DST-C1-02,2024-10-08,1,4,2,0.0646
PHC-DST-C1-02,2024-10-09,1,4,2,0.0684
PHC-DST-C1-02,2024-10-10,1,4,2,0.0528
PHC-DST-C1-02,2024-10-11,1,4,2,0.055
PHC-DST-C1-02,2024-10-12,1,4,2,0.0709
PHC-DST-C1-02,2024-10-13,1,2,1,0.4722
PHC-DST-C1-02,2024-10-14,1,4,2,0.044
PHC-DST-C1-02,2024-10-15,1,4,2,0.0527
PHC-DST-C1-02,2024-10-16,1,4,2,
PHC-DST-C1-02,2024-10-17,1,4,2,0.0485
PHC-DST-C1-02,2024-10-18,1,4,2,0.0479
PHC-DST-C1-02,2024-10-19,1,4,2,0.0728
PHC-DST-C1-02,2024-10-20,1,2,1,0.4789
PHC-DST-C1-02,2024-10-21,1,4,2,
PHC-DST-C1-02,2024-10-22,1,4,2,0.0662
PHC-DST-C1-02,2024-10-23,1,4,2,0.042
PHC-DST-C1-02,2024-10-24,1,4,2,0.0519
PHC-DST-C1-02,2024-10-25,1,4,2,0.0705
PHC-DST-C1-02,2024-10-26,1,4,2,0.0603
PHC-DST-C1-02,2024-10-27,1,2,1,0.4757
PHC-DST-C1-02,2024-10-28,1,4,2,0.0664
PHC-DST-C1-02,2024-10-29,1,4,2,0.0735
PHC-DST-C1-02,2024-10-30,1,4,2,0.0674
PHC-DST-C1-02,2024-10-31,1,4,2,0.0603
PHC-DST-C1-02,2024-11-01,1,4,2,0.0674
PHC-DST-C1-02,2024-11-02,1,4,2,0.066
PHC-DST-C1-02,2024-11-03,1,2,1,0.4751
PHC-DST-C1-02,2024-11-04,1,4,2,0.0751
PHC-DST-C1-02,2024-11-05,1,4,2,0.0416
PHC-DST-C1-02,2024-11-06,1,4,2,0.0408
PHC-DST-C1-02,2024-11-07,1,4,2,0.0642
PHC-DST-C1-02,2024-11-08,1,4,2,0.0473
PHC-DST-C1-02,2024-11-09,1,4,2,0.0698
PHC-DST-C1-02,2024-11-10,1,2,1,0.4673
PHC-DST-C1-02,2024-11-11,1,4,2,0.0463
PHC-DST-C1-02,2024-11-12,1,4,2,0.0731
PHC-DST-C1-02,2024-11-13,1,4,2,0.0533
PHC-DST-C1-02,2024-11-14,1,4,2,0.0454
PHC-DST-C1-02,2024-11-15,1,4,2,0.0737
PHC-DST-C1-02,2024-11-16,1,4,2,0.0712
PHC-DST-C1-02,2024-11-17,1,2,1,0.4429
PHC-DST-C1-02,2024-11-18,1,4,2,0.0489
PHC-DST-C1-02,2024-11-19,1,4,2,0.0533
PHC-DST-C1-02,2024-11-20,1,4,2,0.0545
PHC-DST-C1-02,2024-11-21,1,4,2,0.0579
PHC-DST-C1-02,2024-11-22,1,4,2,0.0602
PHC-DST-C1-02,2024-11-23,1,4,2,0.0756
PHC-DST-C1-02,2024-11-24,1,2,1,0.4402
PHC-DST-C1-02,2024-11-25,1,4,2,0.0481
PHC-DST-C1-02,2024-11-26,1,4,2,0.0595
PHC-DST-C1-02,2024-11-27,1,4,2,0.0505
PHC-DST-C1-02,2024-11-28,1,4,2,0.0585
PHC-DST-C1-02,2024-11-29,1,4,2,0.0515
PHC-DST-C1-02,2024-11-30,1,4,2,0.0491
PHC-DST-C1-02,2024-12-01,1,2,1,0.4681
PHC-DST-C1-02,2024-12-02,1,4,2,0.0581
PHC-DST-C1-02,2024-12-03,1,4,2,0.045
PHC-DST-C1-02,2024-12-04,1,4,2,0.0751
PHC-DST-C1-02,2024-12-05,1,4,2,0.0652
PHC-DST-C1-02,2024-12-06,1,4,2,0.0652
PHC-DST-C1-02,2024-12-07,1,4,2,0.0478
PHC-DST-C1-02,2024-12-08,1,2,1,0.4746
PHC-DST-C1-02,2024-12-09,1,4,2,0.0504
PHC-DST-C1-02,2024-12-10,1,4,2,0.0567
PHC-DST-C1-02,2024-12-11,1,4,2,0.0671
PHC-DST-C1-02,2024-12-12,1,4,2,0.0451
PHC-DST-C1-02,2024-12-13,1,4,2,0.0681
PHC-DST-C1-02,2024-12-14,1,4,2,0.0674
PHC-DST-C1-02,2024-12-15,1,2,1,0.4624
PHC-DST-C1-02,2024-12-16,1,4,2,0.0666
PHC-DST-C1-02,2024-12-17,1,4,2,0.0626
PHC-DST-C1-02,2024-12-18,1,4,2,0.0766
PHC-DST-C1-02,2024-12-19,1,4,2,0.066
PHC-DST-C1-02,2024-12-20,1,4,2,0.0624
PHC-DST-C1-02,2024-12-21,1,4,2,0.0761
PHC-DST-C1-02,2024-12-22,1,2,1,0.4739
PHC-DST-C1-02,2024-12-23,1,4,2,0.079
PHC-DST-C1-02,2024-12-24,1,4,2,0.0766
PHC-DST-C1-02,2024-12-25,1,4,2,0.047
PHC-DST-C1-02,2024-12-26,1,4,2,0.0754
PHC-DST-C1-02,2024-12-27,1,4,2,0.0671
PHC-DST-C1-02,2024-12-28,1,4,2,0.0687
PHC-DST-C1-02,2024-12-29,1,2,1,0.4426
PHC-DST-C1-02,2024-12-30,1,4,2,0.0696
PHC-DST-C1-02,2024-12-31,1,4,2,
PHC-DST-C1-02,2025-01-01,1,4,2,0.0432
PHC-DST-C1-02,2025-01-02,1,4,2,0.0445
PHC-DST-C1-02,2025-01-03,1,4,2,0.0623
PHC-DST-C1-02,2025-01-04,1,4,2,0.0513
PHC-DST-C1-02,2025-01-05,1,2,1,0.4484
PHC-DST-C1-02,2025-01-06,1,4,2,0.0642
PHC-DST-C1-02,2025-01-07,1,4,2,0.0749
PHC-DST-C1-02,2025-01-08,1,4,2,0.0563
PHC-DST-C1-02,2025-01-09,1,4,2,0.0411
PHC-DST-C1-02,2025-01-10,1,4,2,0.0605
PHC-DST-C1-02,2025-01-11,1,4,2,0.0587
PHC-DST-C1-02,2025-01-12,1,2,1,0.4774
PHC-DST-C1-02,2025-01-13,1,4,2,0.0593
PHC-DST-C1-02,2025-01-14,1,4,2,0.0426
PHC-DST-C1-02,2025-01-15,1,4,2,0.071
PHC-DST-C1-02,2025-01-16,1,4,2,0.0609
PHC-DST-C1-02,2025-01-17,1,4,2,0.0476
PHC-DST-C1-02,2025-01-18,1,4,2,0.0587
PHC-DST-C1-02,2025-01-19,1,2,1,0.4757
PHC-DST-C1-02,2025-01-20,1,4,2,0.0658
PHC-DST-C1-02,2025-01-21,1,4,2,0.074
PHC-DST-C1-02,2025-01-22,1,4,2,0.0746
PHC-DST-C1-02,2025-01-23,1,4,2,0.0468
PHC-DST-C1-02,2025-01-24,1,4,2,0.0437
PHC-DST-C1-02,2025-01-25,1,4,2,0.075
PHC-DST-C1-02,2025-01-26,1,2,1,0.4678
PHC-DST-C1-02,2025-01-27,1,4,2,0.0789
PHC-DST-C1-02,2025-01-28,1,4,2,0.0521
PHC-DST-C1-02,2025-01-29,1,4,2,0.0591
PHC-DST-C1-02,2025-01-30,1,4,2,0.0789
PHC-DST-C1-02,2025-01-31,1,4,2,0.0647
PHC-DST-C1-02,2025-02-01,1,4,2,0.0441
PHC-DST-C1-02,2025-02-02,1,2,1,0.4538
PHC-DST-C1-02,2025-02-03,1,4,2,0.0787
PHC-DST-C1-02,2025-02-04,1,4,2,0.0742
PHC-DST-C1-02,2025-02-05,1,4,2,0.0522
PHC-DST-C1-02,2025-02-06,1,4,2,0.0465
PHC-DST-C1-02,2025-02-07,1,4,2,0.05
PHC-DST-C1-02,2025-02-08,1,4,2,0.0571
PHC-DST-C1-02,2025-02-09,1,2,1,0.4534
PHC-DST-C1-02,2025-02-10,1,4,2,0.0481
PHC-DST-C1-02,2025-02-11,1,4,2,0.0775
PHC-DST-C1-02,2025-02-12,1,4,2,0.0606
PHC-DST-C1-02,2025-02-13,1,4,2,0.0561
PHC-DST-C1-02,2025-02-14,1,4,2,0.0694
PHC-DST-C1-02,2025-02-15,1,4,2,0.0417
PHC-DST-C1-02,2025-02-16,1,2,1,0.4716
PHC-DST-C1-02,2025-02-17,1,4,2,0.058
PHC-DST-C1-02,2025-02-18,1,4,2,0.0516
PHC-DST-C1-02,2025-02-19,1,4,2,0.0606
PHC-DST-C1-02,2025-02-20,1,4,2,0.0621
PHC-DST-C1-02,2025-02-21,1,4,2,0.0629
PHC-DST-C1-02,2025-02-22,1,4,2,0.0516
PHC-DST-C1-02,2025-02-23,1,2,1,
PHC-DST-C1-02,2025-02-24,1,4,2,0.0607
PHC-DST-C1-02,2025-02-25,1,4,2,0.0526
PHC-DST-C1-02,2025-02-26,1,4,2,0.0725
PHC-DST-C1-02,2025-02-27,1,4,2,0.0415
PHC-DST-C1-02,2025-02-28,1,4,2,0.0691
PHC-DST-C1-02,2025-03-01,1,4,2,0.0626
PHC-DST-C1-02,2025-03-02,1,2,1,0.4744
PHC-DST-C1-02,2025-03-03,1,4,2,0.0788
PHC-DST-C1-02,2025-03-04,1,4,2,0.0776
PHC-DST-C1-02,2025-03-05,1,4,2,0.076
PHC-DST-C1-02,2025-03-06,1,4,2,0.0466
PHC-DST-C1-02,2025-03-07,1,4,2,0.0663
PHC-DST-C1-02,2025-03-08,1,4,2,0.0689
PHC-DST-C1-02,2025-03-09,1,2,1,0.4742
PHC-DST-C1-02,2025-03-10,1,4,2,0.0673
PHC-DST-C1-02,2025-03-11,1,4,2,0.048
PHC-DST-C1-02,2025-03-12,1,4,2,0.0546
PHC-DST-C1-02,2025-03-13,1,4,2,0.067
PHC-DST-C1-02,2025-03-14,1,4,2,0.062
PHC-DST-C1-02,2025-03-15,1,4,2,0.0421
PHC-DST-C1-02,2025-03-16,1,2,1,0.4597
PHC-DST-C1-02,2025-03-17,1,4,2,0.0615
PHC-DST-C1-02,2025-03-18,1,4,2,0.0562
PHC-DST-C1-02,2025-03-19,1,4,2,0.0734
PHC-DST-C1-02,2025-03-20,1,4,2,0.0578
PHC-DST-C1-02,2025-03-21,1,4,2,0.0779
PHC-DST-C1-02,2025-03-22,1,4,2,0.0415
PHC-DST-C1-02,2025-03-23,1,2,1,0.4457
PHC-DST-C1-02,2025-03-24,1,4,2,0.0642
PHC-DST-C1-02,2025-03-25,1,4,2,0.0585
PHC-DST-C1-02,2025-03-26,1,4,2,0.0783
PHC-DST-C1-02,2025-03-27,1,4,2,0.0634
PHC-DST-C1-02,2025-03-28,1,4,2,0.0556
PHC-DST-C1-02,2025-03-29,1,4,2,0.051
PHC-DST-C1-02,2025-03-30,1,2,1,0.4593
PHC-DST-C1-02,2025-03-31,1,4,2,0.0757
PHC-DST-C1-02,2025-04-01,1,4,2,0.0532
PHC-DST-C1-02,2025-04-02,1,4,2,0.0551
PHC-DST-C1-02,2025-04-03,1,4,2,0.0558
PHC-DST-C1-02,2025-04-04,1,4,2,0.0744
PHC-DST-C1-02,2025-04-05,1,4,2,0.0667
PHC-DST-C1-02,2025-04-06,1,2,1,0.4793
PHC-DST-C1-02,2025-04-07,1,4,2,0.0553
PHC-DST-C1-02,2025-04-08,1,4,2,0.062
PHC-DST-C1-02,2025-04-09,1,4,2,0.0653
PHC-DST-C1-02,2025-04-10,1,4,2,0.0778
PHC-DST-C1-02,2025-04-11,1,4,2,0.0459
PHC-DST-C1-02,2025-04-12,1,4,2,0.0518
PHC-DST-C1-02,2025-04-13,1,2,1,0.463
PHC-DST-C1-02,2025-04-14,1,4,2,0.0655
PHC-DST-C1-02,2025-04-15,1,4,2,0.0683
PHC-DST-C1-02,2025-04-16,1,4,2,0.055
PHC-DST-C1-02,2025-04-17,1,4,2,0.0629
PHC-DST-C1-02,2025-04-18,1,4,2,0.0676
PHC-DST-C1-02,2025-04-19,1,4,2,0.0517
PHC-DST-C1-02,2025-04-20,1,2,1,0.473
PHC-DST-C1-02,2025-04-21,1,4,2,0.0675
PHC-DST-C1-02,2025-04-22,1,4,2,0.0571
PHC-DST-C1-02,2025-04-23,1,4,2,0.0411
PHC-DST-C1-02,2025-04-24,1,4,2,0.0601
PHC-DST-C1-02,2025-04-25,1,4,2,0.0555
PHC-DST-C1-02,2025-04-26,1,4,2,0.072
PHC-DST-C1-02,2025-04-27,1,2,1,0.4515
PHC-DST-C1-02,2025-04-28,1,4,2,0.0686
PHC-DST-C1-02,2025-04-29,1,4,2,0.0693
PHC-DST-C1-02,2025-04-30,1,4,2,0.0669
PHC-DST-C1-02,2025-05-01,1,4,2,0.053
PHC-DST-C1-02,2025-05-02,1,4,2,0.0633
PHC-DST-C1-02,2025-05-03,1,4,2,0.0564
PHC-DST-C1-02,2025-05-04,1,2,1,
PHC-DST-C1-02,2025-05-05,1,4,2,0.066
PHC-DST-C1-02,2025-05-06,1,4,2,0.0723
PHC-DST-C1-02,2025-05-07,1,4,2,0.0409
PHC-DST-C1-02,2025-05-08,1,4,2,0.0438
PHC-DST-C1-02,2025-05-09,1,4,2,0.0673
PHC-DST-C1-02,2025-05-10,1,4,2,0.0653
PHC-DST-C1-02,2025-05-11,1,2,1,0.4629
PHC-DST-C1-02,2025-05-12,1,4,2,0.065
PHC-DST-C1-02,2025-05-13,1,4,2,0.0513
PHC-DST-C1-02,2025-05-14,1,4,2,0.066
PHC-DST-C1-02,2025-05-15,1,4,2,0.0769
PHC-DST-C1-02,2025-05-16,1,4,2,0.0499
PHC-DST-C1-02,2025-05-17,1,4,2,0.0598
PHC-DST-C1-02,2025-05-18,1,2,1,0.4735
PHC-DST-C1-02,2025-05-19,1,4,2,0.0462
PHC-DST-C1-02,2025-05-20,1,4,2,0.0403
PHC-DST-C1-02,2025-05-21,1,4,2,0.0422
PHC-DST-C1-02,2025-05-22,1,4,2,0.0697
PHC-DST-C1-02,2025-05-23,1,4,2,0.0401
PHC-DST-C1-02,2025-05-24,1,4,2,0.0754
PHC-DST-C1-02,2025-05-25,1,2,1,0.4423
PHC-DST-C1-02,2025-05-26,1,4,2,0.0647
PHC-DST-C1-02,2025-05-27,1,4,2,0.0477
PHC-DST-C1-02,2025-05-28,1,4,2,0.0758
PHC-DST-C1-02,2025-05-29,1,4,2,0.0503
PHC-DST-C1-02,2025-05-30,1,4,2,0.0423
PHC-DST-C1-02,2025-05-31,1,4,2,
PHC-DST-C1-02,2025-06-01,1,2,1,0.4496
PHC-DST-C1-02,2025-06-02,1,4,2,0.0695
PHC-DST-C1-02,2025-06-03,1,4,2,0.0481
PHC-DST-C1-02,2025-06-04,1,4,2,0.0626
PHC-DST-C1-02,2025-06-05,1,4,2,0.0537
PHC-DST-C1-02,2025-06-06,1,4,2,0.0712
PHC-DST-C1-02,2025-06-07,1,4,2,0.0589
PHC-DST-C1-02,2025-06-08,1,2,1,0.4477
PHC-DST-C1-02,2025-06-09,1,4,2,0.0638
PHC-DST-C1-02,2025-06-10,1,4,2,0.0535
PHC-DST-C1-02,2025-06-11,1,4,2,0.0694
PHC-DST-C1-02,2025-06-12,1,4,2,0.0695
PHC-DST-C1-02,2025-06-13,1,4,2,0.0671
PHC-DST-C1-02,2025-06-14,1,4,2,0.0693
PHC-DST-C1-02,2025-06-15,1,2,1,0.4719
PHC-DST-C1-02,2025-06-16,1,4,2,0.0681
PHC-DST-C1-02,2025-06-17,1,4,2,0.0748
PHC-DST-C1-02,2025-06-18,1,4,2,0.0717
PHC-DST-C1-02,2025-06-19,1,4,2,0.049
PHC-DST-C1-02,2025-06-20,1,4,2,0.044
PHC-DST-C1-02,2025-06-21,1,4,2,0.0667
PHC-DST-C1-02,2025-06-22,1,2,1,0.4712
PHC-DST-C1-02,2025-06-23,1,4,2,0.0717
PHC-DST-C1-02,2025-06-24,1,4,2,0.0775
PHC-DST-C1-02,2025-06-25,1,4,2,0.0585
PHC-DST-C1-02,2025-06-26,1,4,2,0.0785
PHC-DST-C1-02,2025-06-27,1,4,2,0.0574
PHC-DST-C1-02,2025-06-28,1,4,2,0.05
PHC-DST-C1-02,2025-06-29,1,2,1,0.4709
PHC-DST-C1-02,2025-06-30,1,4,2,0.0689
PHC-DST-C1-03,2024-01-01,1,2,2,0.0692
PHC-DST-C1-03,2024-01-02,1,2,2,0.0653
PHC-DST-C1-03,2024-01-03,1,2,2,0.0597
PHC-DST-C1-03,2024-01-04,1,2,2,0.0717
PHC-DST-C1-03,2024-01-05,1,2,2,0.052
PHC-DST-C1-03,2024-01-06,1,2,2,0.0716
PHC-DST-C1-03,2024-01-07,1,1,1,0.4763
PHC-DST-C1-03,2024-01-08,1,2,2,0.0517
PHC-DST-C1-03,2024-01-09,1,2,2,0.0442
PHC-DST-C1-03,2024-01-10,1,2,2,0.0744
PHC-DST-C1-03,2024-01-11,1,2,2,0.0468
PHC-DST-C1-03,2024-01-12,1,2,2,0.0432
PHC-DST-C1-03,2024-01-13,1,2,2,0.0739
PHC-DST-C1-03,2024-01-14,1,1,1,0.4674
PHC-DST-C1-03,2024-01-15,1,2,2,0.0782
PHC-DST-C1-03,2024-01-16,1,2,2,0.0664
PHC-DST-C1-03,2024-01-17,1,2,2,0.0765
PHC-DST-C1-03,2024-01-18,1,2,2,0.0402
PHC-DST-C1-03,2024-01-19,1,2,2,0.0534
PHC-DST-C1-03,2024-01-20,1,2,2,0.0717
PHC-DST-C1-03,2024-01-21,1,1,1,0.447
PHC-DST-C1-03,2024-01-22,1,2,2,0.0604
PHC-DST-C1-03,2024-01-23,1,2,2,0.0604
PHC-DST-C1-03,2024-01-24,1,2,2,0.0733
PHC-DST-C1-03,2024-01-25,1,2,2,0.0545
PHC-DST-C1-03,2024-01-26,1,2,2,0.0599
PHC-DST-C1-03,2024-01-27,1,2,2,0.0771
PHC-DST-C1-03,2024-01-28,1,1,1,0.4788
PHC-DST-C1-03,2024-01-29,1,2,2,0.0406
PHC-DST-C1-03,2024-01-30,1,2,2,0.0499
PHC-DST-C1-03,2024-01-31,1,2,2,0.0745
PHC-DST-C1-03,2024-02-01,1,2,2,0.041
PHC-DST-C1-03,2024-02-02,1,2,2,0.0501
PHC-DST-C1-03,2024-02-03,1,2,2,0.0698
PHC-DST-C1-03,2024-02-04,1,1,1,0.4465
PHC-DST-C1-03,2024-02-05,1,2,2,0.0793
PHC-DST-C1-03,2024-02-06,1,2,2,0.0779
PHC-DST-C1-03,2024-02-07,1,2,2,0.0589
PHC-DST-C1-03,2024-02-08,1,2,2,0.0699
PHC-DST-C1-03,2024-02-09,1,2,2,0.0733
PHC-DST-C1-03,2024-02-10,1,2,2,0.079
PHC-DST-C1-03,2024-02-11,1,1,1,0.4545
PHC-DST-C1-03,2024-02-12,1,2,2,0.051
PHC-DST-C1-03,2024-02-13,1,2,2,0.0681
PHC-DST-C1-03,2024-02-14,1,2,2,0.0734
PHC-DST-C1-03,2024-02-15,1,2,2,0.0786
PHC-DST-C1-03,2024-02-16,1,2,2,0.0469
PHC-DST-C1-03,2024-02-17,1,2,2,0.0483
PHC-DST-C1-03,2024-02-18,1,1,1,0.4545
PHC-DST-C1-03,2024-02-19,1,2,2,0.0625
PHC-DST-C1-03,2024-02-20,1,2,2,0.0693
PHC-DST-C1-03,2024-02-21,1,2,2,0.0402
PHC-DST-C1-03,2024-02-22,1,2,2,0.0506
PHC-DST-C1-03,2024-02-23,1,2,2,
PHC-DST-C1-03,2024-02-24,1,2,2,0.0477
PHC-DST-C1-03,2024-02-25,1,1,1,0.4491
PHC-DST-C1-03,2024-02-26,1,2,2,0.0483
PHC-DST-C1-03,2024-02-27,1,2,2,0.0669
PHC-DST-C1-03,2024-02-28,1,2,2,0.0534
PHC-DST-C1-03,2024-02-29,1,2,2,0.04
PHC-DST-C1-03,2024-03-01,1,2,2,0.0765
PHC-DST-C1-03,2024-03-02,1,2,2,0.0788
PHC-DST-C1-03,2024-03-03,1,1,1,0.4582
PHC-DST-C1-03,2024-03-04,1,2,2,0.0678
PHC-DST-C1-03,2024-03-05,1,2,2,0.0633
PHC-DST-C1-03,2024-03-06,1,2,2,0.0518
PHC-DST-C1-03,2024-03-07,1,2,2,0.0746
PHC-DST-C1-03,2024-03-08,1,2,2,
PHC-DST-C1-03,2024-03-09,1,2,2,0.0507
PHC-DST-C1-03,2024-03-10,1,1,1,0.4491
PHC-DST-C1-03,2024-03-11,1,2,2,0.0429
PHC-DST-C1-03,2024-03-12,1,2,2,0.0447
PHC-DST-C1-03,2024-03-13,1,2,2,0.0462
PHC-DST-C1-03,2024-03-14,1,2,2,0.08
PHC-DST-C1-03,2024-03-15,1,2,2,0.061
PHC-DST-C1-03,2024-03-16,1,2,2,0.0767
PHC-DST-C1-03,2024-03-17,1,1,1,0.444
PHC-DST-C1-03,2024-03-18,1,2,2,0.0583
PHC-DST-C1-03,2024-03-19,1,2,2,0.073
PHC-DST-C1-03,2024-03-20,1,2,2,0.0616
PHC-DST-C1-03,2024-03-21,1,2,2,0.0665
PHC-DST-C1-03,2024-03-22,1,2,2,0.0573
PHC-DST-C1-03,2024-03-23,1,2,2,0.0476
PHC-DST-C1-03,2024-03-24,1,1,1,0.4524
PHC-DST-C1-03,2024-03-25,1,2,2,0.0788
PHC-DST-C1-03,2024-03-26,1,2,2,0.049
PHC-DST-C1-03,2024-03-27,1,2,2,0.0671
PHC-DST-C1-03,2024-03-28,1,2,2,0.062
PHC-DST-C1-03,2024-03-29,1,2,2,0.077
PHC-DST-C1-03,2024-03-30,1,2,2,0.0644
PHC-DST-C1-03,2024-03-31,1,1,1,0.4552
PHC-DST-C1-03,2024-04-01,1,2,2,0.069
PHC-DST-C1-03,2024-04-02,1,2,2,0.0565
PHC-DST-C1-03,2024-04-03,1,2,2,0.0657
PHC-DST-C1-03,2024-04-04,1,2,2,0.0471
PHC-DST-C1-03,2024-04-05,1,2,2,0.0749
PHC-DST-C1-03,2024-04-06,1,2,2,0.0737
PHC-DST-C1-03,2024-04-07,1,1,1,0.4509
PHC-DST-C1-03,2024-04-08,1,2,2,0.056
PHC-DST-C1-03,2024-04-09,1,2,2,0.0528
PHC-DST-C1-03,2024-04-10,1,2,2,0.0519
PHC-DST-C1-03,2024-04-11,1,2,2,0.0413
PHC-DST-C1-03,2024-04-12,1,2,2,0.0609
PHC-DST-C1-03,2024-04-13,1,2,2,0.0469
PHC-DST-C1-03,2024-04-14,1,1,1,0.4498
PHC-DST-C1-03,2024-04-15,1,2,2,0.0472
PHC-DST-C1-03,2024-04-16,1,2,2,0.0466
PHC-DST-C1-03,2024-04-17,1,2,2,0.0781
PHC-DST-C1-03,2024-04-18,1,2,2,0.0657
PHC-DST-C1-03,2024-04-19,1,2,2,0.0452
PHC-DST-C1-03,2024-04-20,1,2,2,0.0767
PHC-DST-C1-03,2024-04-21,1,1,1,0.4705
PHC-DST-C1-03,2024-04-22,1,2,2,0.0506
PHC-DST-C1-03,2024-04-23,1,2,2,0.0676
PHC-DST-C1-03,2024-04-24,1,2,2,0.0694
PHC-DST-C1-03,2024-04-25,1,2,2,0.0758
PHC-DST-C1-03,2024-04-26,1,2,2,0.0588
PHC-DST-C1-03,2024-04-27,1,2,2,0.0674
PHC-DST-C1-03,2024-04-28,1,1,1,0.4764
PHC-DST-C1-03,2024-04-29,1,2,2,0.07
PHC-DST-C1-03,2024-04-30,1,2,2,0.0445
PHC-DST-C1-03,2024-05-01,1,2,2,0.0468
PHC-DST-C1-03,2024-05-02,1,2,2,0.0691
PHC-DST-C1-03,2024-05-03,1,2,2,0.0429
PHC-DST-C1-03,2024-05-04,1,2,2,0.0436
PHC-DST-C1-03,2024-05-05,1,1,1,
PHC-DST-C1-03,2024-05-06,1,2,2,0.0618
PHC-DST-C1-03,2024-05-07,1,2,2,0.0784
PHC-DST-C1-03,2024-05-08,1,2,2,0.0591
PHC-DST-C1-03,2024-05-09,1,2,2,0.0478
PHC-DST-C1-03,2024-05-10,1,2,2,0.055
PHC-DST-C1-03,2024-05-11,1,2,2,0.0609
PHC-DST-C1-03,2024-05-12,1,1,1,0.4532
PHC-DST-C1-03,2024-05-13,1,2,2,0.0791
PHC-DST-C1-03,2024-05-14,1,2,2,0.0446
PHC-DST-C1-03,2024-05-15,1,2,2,0.0448
PHC-DST-C1-03,2024-05-16,1,2,2,0.074
PHC-DST-C1-03,2024-05-17,1,2,2,0.0494
PHC-DST-C1-03,2024-05-18,1,2,2,0.0509
PHC-DST-C1-03,2024-05-19,1,1,1,0.4788
PHC-DST-C1-03,2024-05-20,1,2,2,0.0438
PHC-DST-C1-03,2024-05-21,1,2,2,0.0455
PHC-DST-C1-03,2024-05-22,1,2,2,0.0759
PHC-DST-C1-03,2024-05-23,1,2,2,0.0526
PHC-DST-C1-03,2024-05-24,1,2,2,0.0461
PHC-DST-C1-03,2024-05-25,1,2,2,0.0401
PHC-DST-C1-03,2024-05-26,1,1,1,0.4657
PHC-DST-C1-03,2024-05-27,1,2,2,0.0685
PHC-DST-C1-03,2024-05-28,1,2,2,0.0645
PHC-DST-C1-03,2024-05-29,1,2,2,0.0665
PHC-DST-C1-03,2024-05-30,1,2,2,0.0542
PHC-DST-C1-03,2024-05-31,1,2,2,0.068
PHC-DST-C1-03,2024-06-01,1,2,2,0.0698
PHC-DST-C1-03,2024-06-02,1,1,1,0.4777
PHC-DST-C1-03,2024-06-03,1,2,2,0.0417
PHC-DST-C1-03,2024-06-04,1,2,2,0.0588
PHC-DST-C1-03,2024-06-05,1,2,2,0.0502
PHC-DST-C1-03,2024-06-06,1,2,2,0.0413
PHC-DST-C1-03,2024-06-07,1,2,2,0.0591
PHC-DST-C1-03,2024-06-08,1,2,2,0.049
PHC-DST-C1-03,2024-06-09,1,1,1,0.479
PHC-DST-C1-03,2024-06-10,1,2,2,0.0631
PHC-DST-C1-03,2024-06-11,1,2,2,0.0694
PHC-DST-C1-03,2024-06-12,1,2,2,
PHC-DST-C1-03,2024-06-13,1,2,2,0.0512
PHC-DST-C1-03,2024-06-14,1,2,2,0.0796
PHC-DST-C1-03,2024-06-15,1,2,2,0.0633
PHC-DST-C1-03,2024-06-16,1,1,1,0.4423
PHC-DST-C1-03,2024-06-17,1,2,2,0.0614
PHC-DST-C1-03,2024-06-18,1,2,2,0.0718
PHC-DST-C1-03,2024-06-19,1,2,2,0.0422
PHC-DST-C1-03,2024-06-20,1,2,2,0.0794
PHC-DST-C1-03,2024-06-21,1,2,2,0.0672
PHC-DST-C1-03,2024-06-22,1,2,2,0.0667
PHC-DST-C1-03,2024-06-23,1,1,1,0.4467
PHC-DST-C1-03,2024-06-24,1,2,2,0.0772
PHC-DST-C1-03,2024-06-25,1,2,2,0.0479
PHC-DST-C1-03,2024-06-26,1,2,2,0.0404
PHC-DST-C1-03,2024-06-27,1,2,2,0.0623
PHC-DST-C1-03,2024-06-28,1,2,2,0.0565
PHC-DST-C1-03,2024-06-29,1,2,2,0.074
PHC-DST-C1-03,2024-06-30,1,1,1,0.4768
PHC-DST-C1-03,2024-07-01,1,2,2,0.0655
PHC-DST-C1-03,2024-07-02,1,2,2,0.0773
PHC-DST-C1-03,2024-07-03,1,2,2,
PHC-DST-C1-03,2024-07-04,1,2,2,0.0793
PHC-DST-C1-03,2024-07-05,1,2,2,0.0431
PHC-DST-C1-03,2024-07-06,1,2,2,0.0627
PHC-DST-C1-03,2024-07-07,1,1,1,0.4518
PHC-DST-C1-03,2024-07-08,1,2,2,
PHC-DST-C1-03,2024-07-09,1,2,2,0.0414
PHC-DST-C1-03,2024-07-10,1,2,2,0.0471
PHC-DST-C1-03,2024-07-11,1,2,2,0.054
PHC-DST-C1-03,2024-07-12,1,2,2,0.047
PHC-DST-C1-03,2024-07-13,1,2,2,0.0653
PHC-DST-C1-03,2024-07-14,1,1,1,0.4553
PHC-DST-C1-03,2024-07-15,1,2,2,0.0433
PHC-DST-C1-03,2024-07-16,1,2,2,0.0768
PHC-DST-C1-03,2024-07-17,1,2,2,0.0784
PHC-DST-C1-03,2024-07-18,1,2,2,0.0757
PHC-DST-C1-03,2024-07-19,1,2,2,0.0718
PHC-DST-C1-03,2024-07-20,1,2,2,0.0406
PHC-DST-C1-03,2024-07-21,1,1,1,0.4619
PHC-DST-C1-03,2024-07-22,1,2,2,0.0496
PHC-DST-C1-03,2024-07-23,1,2,2,0.0619
PHC-DST-C1-03,2024-07-24,1,2,2,0.0711
PHC-DST-C1-03,2024-07-25,1,2,2,0.0693
PHC-DST-C1-03,2024-07-26,1,2,2,0.0457
PHC-DST-C1-03,2024-07-27,1,2,2,0.0754
PHC-DST-C1-03,2024-07-28,1,1,1,0.4519
PHC-DST-C1-03,2024-07-29,1,2,2,0.055
PHC-DST-C1-03,2024-07-30,1,2,2,0.0542
PHC-DST-C1-03,2024-07-31,1,2,2,0.079
PHC-DST-C1-03,2024-08-01,1,2,2,0.0631
PHC-DST-C1-03,2024-08-02,1,2,2,0.0776
PHC-DST-C1-03,2024-08-03,1,2,2,0.077
PHC-DST-C1-03,2024-08-04,1,1,1,0.4546
PHC-DST-C1-03,2024-08-05,1,2,2,0.0592
PHC-DST-C1-03,2024-08-06,1,2,2,0.0554
PHC-DST-C1-03,2024-08-07,1,2,2,0.0417
PHC-DST-C1-03,2024-08-08,1,2,2,0.079
PHC-DST-C1-03,2024-08-09,1,2,2,0.0742
PHC-DST-C1-03,2024-08-10,1,2,2,0.0414
PHC-DST-C1-03,2024-08-11,1,1,1,0.4511
PHC-DST-C1-03,2024-08-12,1,2,2,0.0464
PHC-DST-C1-03,2024-08-13,1,2,2,0.0768
PHC-DST-C1-03,2024-08-14,1,1,1,0.5492
PHC-DST-C1-03,2024-08-15,1,2,2,0.0648
PHC-DST-C1-03,2024-08-16,1,2,2,0.064
PHC-DST-C1-03,2024-08-17,1,2,2,0.0511
PHC-DST-C1-03,2024-08-18,1,1,1,0.464
PHC-DST-C1-03,2024-08-19,1,2,2,0.0662
PHC-DST-C1-03,2024-08-20,1,2,2,0.0673
PHC-DST-C1-03,2024-08-21,1,2,2,0.0589
PHC-DST-C1-03,2024-08-22,1,2,2,0.0462
PHC-DST-C1-03,2024-08-23,1,2,2,0.0687
PHC-DST-C1-03,2024-08-24,1,2,2,0.0784
PHC-DST-C1-03,2024-08-25,1,1,1,
PHC-DST-C1-03,2024-08-26,1,2,2,0.0478
PHC-DST-C1-03,2024-08-27,1,2,2,0.0501
PHC-DST-C1-03,2024-08-28,1,2,2,0.0752
PHC-DST-C1-03,2024-08-29,1,2,2,0.0722
PHC-DST-C1-03,2024-08-30,1,2,2,0.0489
PHC-DST-C1-03,2024-08-31,1,2,2,0.0476
PHC-DST-C1-03,2024-09-01,1,1,1,0.4658
PHC-DST-C1-03,2024-09-02,1,2,2,0.0708
PHC-DST-C1-03,2024-09-03,1,2,2,0.0749
PHC-DST-C1-03,2024-09-04,1,2,2,0.0678
PHC-DST-C1-03,2024-09-05,1,2,2,0.0663
PHC-DST-C1-03,2024-09-06,1,2,2,0.0448
PHC-DST-C1-03,2024-09-07,1,2,2,0.0431
PHC-DST-C1-03,2024-09-08,0,1,0,0.85
PHC-DST-C1-03,2024-09-09,1,2,2,0.0773
PHC-DST-C1-03,2024-09-10,1,2,2,0.0406
PHC-DST-C1-03,2024-09-11,1,2,2,0.0465
PHC-DST-C1-03,2024-09-12,1,2,2,0.077
PHC-DST-C1-03,2024-09-13,1,2,2,0.0413
PHC-DST-C1-03,2024-09-14,1,2,2,0.0604
PHC-DST-C1-03,2024-09-15,1,1,1,0.4753
PHC-DST-C1-03,2024-09-16,1,2,2,0.0518
PHC-DST-C1-03,2024-09-17,1,2,2,0.0501
PHC-DST-C1-03,2024-09-18,1,2,2,0.0741
PHC-DST-C1-03,2024-09-19,1,2,2,0.0494
PHC-DST-C1-03,2024-09-20,1,2,2,0.0563
PHC-DST-C1-03,2024-09-21,1,2,2,0.0589
PHC-DST-C1-03,2024-09-22,1,1,1,0.4797
PHC-DST-C1-03,2024-09-23,1,2,2,0.0492
PHC-DST-C1-03,2024-09-24,1,2,2,0.0406
PHC-DST-C1-03,2024-09-25,1,2,2,
PHC-DST-C1-03,2024-09-26,1,2,2,0.0716
PHC-DST-C1-03,2024-09-27,1,2,2,0.063
PHC-DST-C1-03,2024-09-28,1,2,2,0.0663
PHC-DST-C1-03,2024-09-29,1,1,1,0.4785
PHC-DST-C1-03,2024-09-30,1,2,2,0.045
PHC-DST-C1-03,2024-10-01,1,2,2,0.0576
PHC-DST-C1-03,2024-10-02,1,2,2,
PHC-DST-C1-03,2024-10-03,1,2,2,0.0586
PHC-DST-C1-03,2024-10-04,1,2,2,0.0649
PHC-DST-C1-03,2024-10-05,1,2,2,0.076
PHC-DST-C1-03,2024-10-06,1,1,1,0.4672
PHC-DST-C1-03,2024-10-07,1,2,2,0.076
PHC-DST-C1-03,2024-10-08,1,2,2,0.0756
PHC-DST-C1-03,2024-10-09,1,2,2,0.0681
PHC-DST-C1-03,2024-10-10,1,2,2,0.0471
PHC-DST-C1-03,2024-10-11,1,2,2,0.0563
PHC-DST-C1-03,2024-10-12,1,2,2,0.0788
PHC-DST-C1-03,2024-10-13,1,1,1,0.476
PHC-DST-C1-03,2024-10-14,1,2,2,0.0496
PHC-DST-C1-03,2024-10-15,1,2,2,0.0558
PHC-DST-C1-03,2024-10-16,1,2,2,0.0546
PHC-DST-C1-03,2024-10-17,1,2,2,0.0687
PHC-DST-C1-03,2024-10-18,1,2,2,0.0474
PHC-DST-C1-03,2024-10-19,1,2,2,0.0469
PHC-DST-C1-03,2024-10-20,1,1,1,0.4658
PHC-DST-C1-03,2024-10-21,1,2,2,0.0648
PHC-DST-C1-03,2024-10-22,1,2,2,0.0577
PHC-DST-C1-03,2024-10-23,1,2,2,0.0487
PHC-DST-C1-03,2024-10-24,1,2,2,0.0501
PHC-DST-C1-03,2024-10-25,1,2,2,0.0482
PHC-DST-C1-03,2024-10-26,1,2,2,0.0414
PHC-DST-C1-03,2024-10-27,1,1,1,0.4585
PHC-DST-C1-03,2024-10-28,1,2,2,0.0605
PHC-DST-C1-03,2024-10-29,1,2,2,0.0442
PHC-DST-C1-03,2024-10-30,1,2,2,0.0624
PHC-DST-C1-03,2024-10-31,1,2,2,0.0508
PHC-DST-C1-03,2024-11-01,1,2,2,0.0507
PHC-DST-C1-03,2024-11-02,1,2,2,0.0434
PHC-DST-C1-03,2024-11-03,1,1,1,0.4449
PHC-DST-C1-03,2024-11-04,1,2,2,0.0767
PHC-DST-C1-03,2024-11-05,1,2,2,0.0763
PHC-DST-C1-03,2024-11-06,1,2,2,0.0715
PHC-DST-C1-03,2024-11-07,1,2,2,0.0774
PHC-DST-C1-03,2024-11-08,1,2,2,0.0459
PHC-DST-C1-03,2024-11-09,1,2,2,0.0792
PHC-DST-C1-03,2024-11-10,1,1,1,0.4426
PHC-DST-C1-03,2024-11-11,1,2,2,0.0737
PHC-DST-C1-03,2024-11-12,1,2,2,0.0469
PHC-DST-C1-03,2024-11-13,1,2,2,0.054
PHC-DST-C1-03,2024-11-14,1,2,2,0.0606
PHC-DST-C1-03,2024-11-15,1,2,2,0.0534
PHC-DST-C1-03,2024-11-16,1,2,2,0.0768
PHC-DST-C1-03,2024-11-17,1,1,1,0.4661
PHC-DST-C1-03,2024-11-18,1,2,2,0.0462
PHC-DST-C1-03,2024-11-19,1,2,2,0.0668
PHC-DST-C1-03,2024-11-20,1,2,2,0.0525
PHC-DST-C1-03,2024-11-21,1,2,2,0.0533
PHC-DST-C1-03,2024-11-22,1,2,2,0.0772
PHC-DST-C1-03,2024-11-23,1,2,2,0.0591
PHC-DST-C1-03,2024-11-24,1,1,1,0.4754
PHC-DST-C1-03,2024-11-25,1,2,2,0.0504
PHC-DST-C1-03,2024-11-26,1,2,2,0.0441
PHC-DST-C1-03,2024-11-27,1,2,2,0.0547
PHC-DST-C1-03,2024-11-28,1,2,2,0.0401
PHC-DST-C1-03,2024-11-29,1,2,2,0.0653
PHC-DST-C1-03,2024-11-30,1,2,2,0.0543
PHC-DST-C1-03,2024-12-01,1,1,1,0.4527
PHC-DST-C1-03,2024-12-02,1,2,2,0.0618
PHC-DST-C1-03,2024-12-03,1,2,2,0.0751
PHC-DST-C1-03,2024-12-04,1,2,2,0.0664
PHC-DST-C1-03,2024-12-05,1,2,2,0.0494
PHC-DST-C1-03,2024-12-06,1,2,2,0.0529
PHC-DST-C1-03,2024-12-07,1,2,2,0.0723
PHC-DST-C1-03,2024-12-08,1,1,1,0.4754
PHC-DST-C1-03,2024-12-09,1,2,2,0.0716
PHC-DST-C1-03,2024-12-10,1,2,2,0.0547
PHC-DST-C1-03,2024-12-11,1,2,2,0.0631
PHC-DST-C1-03,2024-12-12,1,2,2,0.0462
PHC-DST-C1-03,2024-12-13,1,2,2,0.0642
PHC-DST-C1-03,2024-12-14,1,2,2,0.0458
PHC-DST-C1-03,2024-12-15,1,1,1,0.4468
PHC-DST-C1-03,2024-12-16,1,2,2,0.0546
PHC-DST-C1-03,2024-12-17,1,2,2,0.06
PHC-DST-C1-03,2024-12-18,1,2,2,0.0628
PHC-DST-C1-03,2024-12-19,1,2,2,0.0668
PHC-DST-C1-03,2024-12-20,1,2,2,0.0625
PHC-DST-C1-03,2024-12-21,1,2,2,0.0523
PHC-DST-C1-03,2024-12-22,1,1,1,0.4641
PHC-DST-C1-03,2024-12-23,1,2,2,0.0465
PHC-DST-C1-03,2024-12-24,1,2,2,0.0493
PHC-DST-C1-03,2024-12-25,1,2,2,0.0737
PHC-DST-C1-03,2024-12-26,1,2,2,0.043
PHC-DST-C1-03,2024-12-27,1,2,2,0.0416
PHC-DST-C1-03,2024-12-28,1,2,2,0.0532
PHC-DST-C1-03,2024-12-29,1,1,1,0.4418
PHC-DST-C1-03,2024-12-30,1,2,2,0.0702
PHC-DST-C1-03,2024-12-31,1,2,2,0.0681
PHC-DST-C1-03,2025-01-01,1,2,2,0.0491
PHC-DST-C1-03,2025-01-02,1,2,2,
PHC-DST-C1-03,2025-01-03,1,2,2,0.0652
PHC-DST-C1-03,2025-01-04,1,2,2,0.0746
PHC-DST-C1-03,2025-01-05,1,1,1,0.458
PHC-DST-C1-03,2025-01-06,1,2,2,0.0598
PHC-DST-C1-03,2025-01-07,1,2,2,0.0482
PHC-DST-C1-03,2025-01-08,1,2,2,0.0478
PHC-DST-C1-03,2025-01-09,1,2,2,0.063
PHC-DST-C1-03,2025-01-10,1,2,2,0.0424
PHC-DST-C1-03,2025-01-11,1,2,2,0.0602
PHC-DST-C1-03,2025-01-12,1,1,1,0.4758
PHC-DST-C1-03,2025-01-13,1,2,2,0.0498
PHC-DST-C1-03,2025-01-14,1,2,2,0.045
PHC-DST-C1-03,2025-01-15,1,2,2,0.0411
PHC-DST-C1-03,2025-01-16,1,2,2,0.0702
PHC-DST-C1-03,2025-01-17,1,2,2,0.0499
PHC-DST-C1-03,2025-01-18,1,2,2,0.074
PHC-DST-C1-03,2025-01-19,1,1,1,0.4435
PHC-DST-C1-03,2025-01-20,1,2,2,0.0652
PHC-DST-C1-03,2025-01-21,1,2,2,0.0584
PHC-DST-C1-03,2025-01-22,1,2,2,0.0523
PHC-DST-C1-03,2025-01-23,1,2,2,0.0671
PHC-DST-C1-03,2025-01-24,1,2,2,
PHC-DST-C1-03,2025-01-25,1,2,2,0.0739
PHC-DST-C1-03,2025-01-26,1,1,1,0.452
PHC-DST-C1-03,2025-01-27,1,2,2,0.0768
PHC-DST-C1-03,2025-01-28,1,2,2,0.0709
PHC-DST-C1-03,2025-01-29,1,2,2,0.0729
PHC-DST-C1-03,2025-01-30,1,2,2,0.044
PHC-DST-C1-03,2025-01-31,1,2,2,0.0794
PHC-DST-C1-03,2025-02-01,1,2,2,0.0792
PHC-DST-C1-03,2025-02-02,1,1,1,0.4546
PHC-DST-C1-03,2025-02-03,1,2,2,0.0508
PHC-DST-C1-03,2025-02-04,1,2,2,0.066
PHC-DST-C1-03,2025-02-05,1,2,2,0.0662
PHC-DST-C1-03,2025-02-06,1,2,2,0.0709
PHC-DST-C1-03,2025-02-07,1,2,2,0.0463
PHC-DST-C1-03,2025-02-08,1,2,2,0.0649
PHC-DST-C1-03,2025-02-09,1,1,1,0.4604
PHC-DST-C1-03,2025-02-10,1,2,2,0.0445
PHC-DST-C1-03,2025-02-11,1,2,2,0.0685
PHC-DST-C1-03,2025-02-12,1,2,2,0.0565
PHC-DST-C1-03,2025-02-13,1,2,2,0.0522
PHC-DST-C1-03,2025-02-14,1,2,2,0.0707
PHC-DST-C1-03,2025-02-15,1,2,2,0.0411
PHC-DST-C1-03,2025-02-16,1,1,1,0.4443
PHC-DST-C1-03,2025-02-17,1,2,2,0.0623
PHC-DST-C1-03,2025-02-18,1,2,2,0.0642
PHC-DST-C1-03,2025-02-19,1,2,2,0.0711
PHC-DST-C1-03,2025-02-20,1,2,2,0.0705
PHC-DST-C1-03,2025-02-21,1,2,2,
PHC-DST-C1-03,2025-02-22,1,2,2,0.0549
PHC-DST-C1-03,2025-02-23,1,1,1,0.4462
PHC-DST-C1-03,2025-02-24,1,2,2,0.0799
PHC-DST-C1-03,2025-02-25,1,2,2,0.0707
PHC-DST-C1-03,2025-02-26,1,2,2,0.0455
PHC-DST-C1-03,2025-02-27,1,2,2,0.0525
PHC-DST-C1-03,2025-02-28,1,2,2,0.0465
PHC-DST-C1-03,2025-03-01,1,2,2,0.0604
PHC-DST-C1-03,2025-03-02,1,1,1,0.4597
PHC-DST-C1-03,2025-03-03,1,2,2,0.0572
PHC-DST-C1-03,2025-03-04,1,2,2,0.0458
PHC-DST-C1-03,2025-03-05,1,2,2,0.0758
PHC-DST-C1-03,2025-03-06,1,2,2,0.0404
PHC-DST-C1-03,2025-03-07,1,2,2,0.0573
PHC-DST-C1-03,2025-03-08,1,2,2,0.0535
PHC-DST-C1-03,2025-03-09,1,1,1,0.4653
PHC-DST-C1-03,2025-03-10,1,2,2,0.0484
PHC-DST-C1-03,2025-03-11,1,2,2,0.0712
PHC-DST-C1-03,2025-03-12,1,2,2,0.0548
PHC-DST-C1-03,2025-03-13,1,2,2,0.0489
PHC-DST-C1-03,2025-03-14,1,2,2,0.06
PHC-DST-C1-03,2025-03-15,1,2,2,0.0499
PHC-DST-C1-03,2025-03-16,1,1,1,0.4504
PHC-DST-C1-03,2025-03-17,1,2,2,0.0734
PHC-DST-C1-03,2025-03-18,1,2,2,0.0419
PHC-DST-C1-03,2025-03-19,1,2,2,0.0705
PHC-DST-C1-03,2025-03-20,1,2,2,0.0502
PHC-DST-C1-03,2025-03-21,1,2,2,0.0769
PHC-DST-C1-03,2025-03-22,1,2,2,0.0752
PHC-DST-C1-03,2025-03-23,1,1,1,0.4464
PHC-DST-C1-03,2025-03-24,1,2,2,0.057
PHC-DST-C1-03,2025-03-25,1,2,2,0.0739
PHC-DST-C1-03,2025-03-26,1,2,2,0.0764
PHC-DST-C1-03,2025-03-27,1,2,2,0.0633
PHC-DST-C1-03,2025-03-28,1,2,2,0.0717
PHC-DST-C1-03,2025-03-29,1,2,2,0.0477
PHC-DST-C1-03,2025-03-30,1,1,1,0.4643
PHC-DST-C1-03,2025-03-31,1,2,2,0.0534
PHC-DST-C1-03,2025-04-01,1,2,2,0.0564
PHC-DST-C1-03,2025-04-02,1,2,2,0.0663
PHC-DST-C1-03,2025-04-03,1,2,2,0.0655
PHC-DST-C1-03,2025-04-04,1,2,2,0.064
PHC-DST-C1-03,2025-04-05,1,2,2,
PHC-DST-C1-03,2025-04-06,1,1,1,0.4729
PHC-DST-C1-03,2025-04-07,1,2,2,0.0429
PHC-DST-C1-03,2025-04-08,1,2,2,0.0631
PHC-DST-C1-03,2025-04-09,1,2,2,0.0578
PHC-DST-C1-03,2025-04-10,1,2,2,0.0637
PHC-DST-C1-03,2025-04-11,1,2,2,0.0775
PHC-DST-C1-03,2025-04-12,1,2,2,0.0688
PHC-DST-C1-03,2025-04-13,1,1,1,0.4534
PHC-DST-C1-03,2025-04-14,1,2,2,0.052
PHC-DST-C1-03,2025-04-15,1,2,2,0.0415
PHC-DST-C1-03,2025-04-16,1,2,2,0.047
PHC-DST-C1-03,2025-04-17,1,2,2,0.0445
PHC-DST-C1-03,2025-04-18,1,2,2,0.0445
PHC-DST-C1-03,2025-04-19,1,2,2,0.0571
PHC-DST-C1-03,2025-04-20,1,1,1,0.4435
PHC-DST-C1-03,2025-04-21,1,2,2,0.0475
PHC-DST-C1-03,2025-04-22,1,2,2,0.0648
PHC-DST-C1-03,2025-04-23,1,2,2,0.0712
PHC-DST-C1-03,2025-04-24,1,2,2,0.0653
PHC-DST-C1-03,2025-04-25,1,2,2,0.0432
PHC-DST-C1-03,2025-04-26,1,2,2,0.0632
PHC-DST-C1-03,2025-04-27,1,1,1,0.4788
PHC-DST-C1-03,2025-04-28,1,2,2,0.0473
PHC-DST-C1-03,2025-04-29,1,2,2,0.0565
PHC-DST-C1-03,2025-04-30,1,2,2,0.0429
PHC-DST-C1-03,2025-05-01,1,2,2,0.0672
PHC-DST-C1-03,2025-05-02,1,2,2,0.0782
PHC-DST-C1-03,2025-05-03,1,2,2,0.0687
PHC-DST-C1-03,2025-05-04,1,1,1,0.4685
PHC-DST-C1-03,2025-05-05,1,2,2,0.0404
PHC-DST-C1-03,2025-05-06,1,2,2,0.0467
PHC-DST-C1-03,2025-05-07,1,2,2,0.0702
PHC-DST-C1-03,2025-05-08,1,2,2,0.0704
PHC-DST-C1-03,2025-05-09,1,2,2,0.0447
PHC-DST-C1-03,2025-05-10,1,2,2,0.0703
PHC-DST-C1-03,2025-05-11,1,1,1,0.4616
PHC-DST-C1-03,2025-05-12,1,2,2,0.0436
PHC-DST-C1-03,2025-05-13,1,2,2,0.0667
PHC-DST-C1-03,2025-05-14,1,2,2,0.0773
PHC-DST-C1-03,2025-05-15,1,2,2,0.0702
PHC-DST-C1-03,2025-05-16,1,2,2,0.0465
PHC-DST-C1-03,2025-05-17,1,2,2,0.0636
PHC-DST-C1-03,2025-05-18,1,1,1,0.4654
PHC-DST-C1-03,2025-05-19,1,2,2,0.0737
PHC-DST-C1-03,2025-05-20,1,2,2,0.0622
PHC-DST-C1-03,2025-05-21,1,2,2,0.0623
PHC-DST-C1-03,2025-05-22,1,2,2,0.0704
PHC-DST-C1-03,2025-05-23,1,2,2,0.0714
PHC-DST-C1-03,2025-05-24,1,2,2,0.067
PHC-DST-C1-03,2025-05-25,1,1,1,0.4603
PHC-DST-C1-03,2025-05-26,1,2,2,0.0698
PHC-DST-C1-03,2025-05-27,1,2,2,0.042
PHC-DST-C1-03,2025-05-28,1,2,2,0.0694
PHC-DST-C1-03,2025-05-29,1,2,2,0.043
PHC-DST-C1-03,2025-05-30,1,2,2,0.0456
PHC-DST-C1-03,2025-05-31,1,2,2,0.0713
PHC-DST-C1-03,2025-06-01,1,1,1,0.4583
PHC-DST-C1-03,2025-06-02,1,2,2,0.0693
PHC-DST-C1-03,2025-06-03,1,2,2,0.0761
PHC-DST-C1-03,2025-06-04,1,2,2,0.049
PHC-DST-C1-03,2025-06-05,1,2,2,0.0534
PHC-DST-C1-03,2025-06-06,1,2,2,0.0487
PHC-DST-C1-03,2025-06-07,1,2,2,0.0485
PHC-DST-C1-03,2025-06-08,1,1,1,0.4475
PHC-DST-C1-03,2025-06-09,1,2,2,0.0754
PHC-DST-C1-03,2025-06-10,1,2,2,0.0746
PHC-DST-C1-03,2025-06-11,1,2,2,0.0766
PHC-DST-C1-03,2025-06-12,1,2,2,0.0515
PHC-DST-C1-03,2025-06-13,1,2,2,0.0733
PHC-DST-C1-03,2025-06-14,1,2,2,0.0603
PHC-DST-C1-03,2025-06-15,1,1,1,0.4566
PHC-DST-C1-03,2025-06-16,1,2,2,0.0597
PHC-DST-C1-03,2025-06-17,1,2,2,0.067
PHC-DST-C1-03,2025-06-18,1,2,2,0.0516
PHC-DST-C1-03,2025-06-19,1,2,2,0.059
PHC-DST-C1-03,2025-06-20,1,2,2,0.0462
PHC-DST-C1-03,2025-06-21,1,2,2,0.0438
PHC-DST-C1-03,2025-06-22,1,1,1,0.4473
PHC-DST-C1-03,2025-06-23,1,2,2,0.0705
PHC-DST-C1-03,2025-06-24,1,2,2,0.0557
PHC-DST-C1-03,2025-06-25,1,2,2,0.064
PHC-DST-C1-03,2025-06-26,1,2,2,0.0572
PHC-DST-C1-03,2025-06-27,1,2,2,0.054
PHC-DST-C1-03,2025-06-28,1,2,2,0.08
PHC-DST-C1-03,2025-06-29,1,1,1,0.4425
PHC-DST-C1-03,2025-06-30,1,2,2,0.0754
PHC-DST-C1-04,2024-01-01,2,3,3,0.0517
PHC-DST-C1-04,2024-01-02,2,3,3,0.0658
PHC-DST-C1-04,2024-01-03,2,3,3,0.0439
PHC-DST-C1-04,2024-01-04,2,3,3,0.0455
PHC-DST-C1-04,2024-01-05,2,3,3,0.0431
PHC-DST-C1-04,2024-01-06,2,3,3,0.0548
PHC-DST-C1-04,2024-01-07,1,2,2,0.4429
PHC-DST-C1-04,2024-01-08,2,3,3,0.0668
PHC-DST-C1-04,2024-01-09,2,3,3,0.069
PHC-DST-C1-04,2024-01-10,2,3,3,0.0667
PHC-DST-C1-04,2024-01-11,2,3,3,0.0511
PHC-DST-C1-04,2024-01-12,2,3,3,0.067
PHC-DST-C1-04,2024-01-13,2,3,3,0.0642
PHC-DST-C1-04,2024-01-14,1,2,2,0.4704
PHC-DST-C1-04,2024-01-15,2,3,3,0.0451
PHC-DST-C1-04,2024-01-16,2,3,3,0.0681
PHC-DST-C1-04,2024-01-17,2,3,3,0.0629
PHC-DST-C1-04,2024-01-18,2,3,3,0.0422
PHC-DST-C1-04,2024-01-19,2,3,3,0.0605
PHC-DST-C1-04,2024-01-20,2,3,3,0.057
PHC-DST-C1-04,2024-01-21,1,2,2,0.4403
PHC-DST-C1-04,2024-01-22,2,3,3,0.0799
PHC-DST-C1-04,2024-01-23,2,3,3,0.0742
PHC-DST-C1-04,2024-01-24,2,3,3,0.0722
PHC-DST-C1-04,2024-01-25,2,3,3,0.0587
PHC-DST-C1-04,2024-01-26,2,3,3,0.0426
PHC-DST-C1-04,2024-01-27,2,3,3,0.0736
PHC-DST-C1-04,2024-01-28,1,2,2,0.4769
PHC-DST-C1-04,2024-01-29,2,3,3,0.045
PHC-DST-C1-04,2024-01-30,2,3,3,0.0457
PHC-DST-C1-04,2024-01-31,2,3,3,0.0571
PHC-DST-C1-04,2024-02-01,2,3,3,0.0742
PHC-DST-C1-04,2024-02-02,2,3,3,0.0683
PHC-DST-C1-04,2024-02-03,2,3,3,0.0594
PHC-DST-C1-04,2024-02-04,1,2,2,0.4783
PHC-DST-C1-04,2024-02-05,2,3,3,0.0459
PHC-DST-C1-04,2024-02-06,2,3,3,0.0638
PHC-DST-C1-04,2024-02-07,2,3,3,0.0756
PHC-DST-C1-04,2024-02-08,2,3,3,0.061
PHC-DST-C1-04,2024-02-09,2,3,3,0.043
PHC-DST-C1-04,2024-02-10,2,3,3,0.053
PHC-DST-C1-04,2024-02-11,1,2,2,0.4554
PHC-DST-C1-04,2024-02-12,2,3,3,0.0502
PHC-DST-C1-04,2024-02-13,2,3,3,0.0479
PHC-DST-C1-04,2024-02-14,2,3,3,0.0559
PHC-DST-C1-04,2024-02-15,2,3,3,0.0529
PHC-DST-C1-04,2024-02-16,2,3,3,0.0761
PHC-DST-C1-04,2024-02-17,2,3,3,0.0766
PHC-DST-C1-04,2024-02-18,1,2,2,0.4708
PHC-DST-C1-04,2024-02-19,2,3,3,0.063
PHC-DST-C1-04,2024-02-20,2,3,3,0.057
PHC-DST-C1-04,2024-02-21,2,3,3,0.0715
PHC-DST-C1-04,2024-02-22,2,3,3,0.0497
PHC-DST-C1-04,2024-02-23,2,3,3,0.0548
PHC-DST-C1-04,2024-02-24,2,3,3,0.0707
PHC-DST-C1-04,2024-02-25,1,2,2,0.4635
PHC-DST-C1-04,2024-02-26,2,3,3,0.0662
PHC-DST-C1-04,2024-02-27,2,3,3,0.0527
PHC-DST-C1-04,2024-02-28,2,3,3,0.0547
PHC-DST-C1-04,2024-02-29,2,3,3,0.0516
PHC-DST-C1-04,2024-03-01,2,3,3,0.0728
PHC-DST-C1-04,2024-03-02,2,3,3,0.0615
PHC-DST-C1-04,2024-03-03,1,2,2,0.4667
PHC-DST-C1-04,2024-03-04,2,3,3,0.0537
PHC-DST-C1-04,2024-03-05,2,3,3,
PHC-DST-C1-04,2024-03-06,2,3,3,0.0646
PHC-DST-C1-04,2024-03-07,2,3,3,0.0412
PHC-DST-C1-04,2024-03-08,2,3,3,0.0562
PHC-DST-C1-04,2024-03-09,2,3,3,0.0794
PHC-DST-C1-04,2024-03-10,1,2,2,0.474
PHC-DST-C1-04,2024-03-11,2,3,3,0.0414
PHC-DST-C1-04,2024-03-12,2,3,3,0.059
PHC-DST-C1-04,2024-03-13,2,3,3,0.0477
PHC-DST-C1-04,2024-03-14,2,3,3,0.0419
PHC-DST-C1-04,2024-03-15,2,3,3,0.0463
PHC-DST-C1-04,2024-03-16,2,3,3,0.0459
PHC-DST-C1-04,2024-03-17,1,2,2,0.4466
PHC-DST-C1-04,2024-03-18,2,3,3,0.0733
PHC-DST-C1-04,2024-03-19,2,3,3,0.0647
PHC-DST-C1-04,2024-03-20,2,3,3,0.0479
PHC-DST-C1-04,2024-03-21,2,3,3,0.0429
PHC-DST-C1-04,2024-03-22,2,3,3,0.0692
PHC-DST-C1-04,2024-03-23,2,3,3,0.0613
PHC-DST-C1-04,2024-03-24,1,2,2,0.4662
PHC-DST-C1-04,2024-03-25,2,3,3,0.066
PHC-DST-C1-04,2024-03-26,2,3,3,0.0427
PHC-DST-C1-04,2024-03-27,2,3,3,0.0452
PHC-DST-C1-04,2024-03-28,2,3,3,0.0419
PHC-DST-C1-04,2024-03-29,2,3,3,0.0499
PHC-DST-C1-04,2024-03-30,2,3,3,0.0684
PHC-DST-C1-04,2024-03-31,1,2,2,0.4444
PHC-DST-C1-04,2024-04-01,2,3,3,0.0511
PHC-DST-C1-04,2024-04-02,2,3,3,0.0534
PHC-DST-C1-04,2024-04-03,2,3,3,0.0704
PHC-DST-C1-04,2024-04-04,2,3,3,0.0657
PHC-DST-C1-04,2024-04-05,2,3,3,0.0797
PHC-DST-C1-04,2024-04-06,2,3,3,0.054
PHC-DST-C1-04,2024-04-07,1,2,2,0.4496
PHC-DST-C1-04,2024-04-08,2,3,3,0.0601
PHC-DST-C1-04,2024-04-09,2,3,3,0.051
PHC-DST-C1-04,2024-04-10,2,3,3,0.0621
PHC-DST-C1-04,2024-04-11,2,3,3,0.076
PHC-DST-C1-04,2024-04-12,2,3,3,0.0493
PHC-DST-C1-04,2024-04-13,2,3,3,0.0567
PHC-DST-C1-04,2024-04-14,1,2,2,0.4615
PHC-DST-C1-04,2024-04-15,2,3,3,0.055
PHC-DST-C1-04,2024-04-16,2,3,3,0.0415
PHC-DST-C1-04,2024-04-17,2,3,3,0.0663
PHC-DST-C1-04,2024-04-18,2,3,3,0.0756
PHC-DST-C1-04,2024-04-19,2,3,3,0.0573
PHC-DST-C1-04,2024-04-20,2,3,3,0.0642
PHC-DST-C1-04,2024-04-21,1,2,2,0.4409
PHC-DST-C1-04,2024-04-22,2,3,3,0.0506
PHC-DST-C1-04,2024-04-23,2,3,3,0.0705
PHC-DST-C1-04,2024-04-24,2,3,3,0.059
PHC-DST-C1-04,2024-04-25,2,3,3,0.0522
PHC-DST-C1-04,2024-04-26,2,3,3,0.0638
PHC-DST-C1-04,2024-04-27,2,3,3,0.0543
PHC-DST-C1-04,2024-04-28,1,2,2,0.4476
PHC-DST-C1-04,2024-04-29,2,3,3,0.0568
PHC-DST-C1-04,2024-04-30,2,3,3,0.0489
PHC-DST-C1-04,2024-05-01,2,3,3,0.0766
PHC-DST-C1-04,2024-05-02,2,3,3,0.0483
PHC-DST-C1-04,2024-05-03,2,3,3,0.0652
PHC-DST-C1-04,2024-05-04,2,3,3,0.0772
PHC-DST-C1-04,2024-05-05,1,2,2,0.4693
PHC-DST-C1-04,2024-05-06,2,3,3,0.0647
PHC-DST-C1-04,2024-05-07,2,3,3,0.0525
PHC-DST-C1-04,2024-05-08,2,3,3,0.0555
PHC-DST-C1-04,2024-05-09,2,3,3,0.0522
PHC-DST-C1-04,2024-05-10,2,3,3,0.0556
PHC-DST-C1-04,2024-05-11,2,3,3,0.0432
PHC-DST-C1-04,2024-05-12,1,2,2,0.4468
PHC-DST-C1-04,2024-05-13,2,3,3,0.0779
PHC-DST-C1-04,2024-05-14,2,3,3,0.0452
PHC-DST-C1-04,2024-05-15,2,3,3,0.0579
PHC-DST-C1-04,2024-05-16,2,3,3,0.0762
PHC-DST-C1-04,2024-05-17,2,3,3,0.0402
PHC-DST-C1-04,2024-05-18,2,3,3,0.0622
PHC-DST-C1-04,2024-05-19,1,2,2,0.4748
PHC-DST-C1-04,2024-05-20,2,3,3,0.0593
PHC-DST-C1-04,2024-05-21,2,3,3,0.0696
PHC-DST-C1-04,2024-05-22,2,3,3,0.043
PHC-DST-C1-04,2024-05-23,2,3,3,0.0412
PHC-DST-C1-04,2024-05-24,2,3,3,0.0652
PHC-DST-C1-04,2024-05-25,2,3,3,0.0684
PHC-DST-C1-04,2024-05-26,1,2,2,0.4715
PHC-DST-C1-04,2024-05-27,2,3,3,0.0729
PHC-DST-C1-04,2024-05-28,2,3,3,0.0679
PHC-DST-C1-04,2024-05-29,2,3,3,0.0696
PHC-DST-C1-04,2024-05-30,2,3,3,0.0588
PHC-DST-C1-04,2024-05-31,2,3,3,0.0688
PHC-DST-C1-04,2024-06-01,2,3,3,0.075
PHC-DST-C1-04,2024-06-02,1,2,2,0.4489
PHC-DST-C1-04,2024-06-03,2,3,3,0.0487
PHC-DST-C1-04,2024-06-04,2,3,3,0.0642
PHC-DST-C1-04,2024-06-05,2,3,3,0.0756
PHC-DST-C1-04,2024-06-06,2,3,3,0.0672
PHC-DST-C1-04,2024-06-07,2,3,3,0.0569
PHC-DST-C1-04,2024-06-08,2,3,3,0.0689
PHC-DST-C1-04,2024-06-09,1,2,2,0.4652
PHC-DST-C1-04,2024-06-10,2,3,3,0.0453
PHC-DST-C1-04,2024-06-11,2,3,3,0.0407
PHC-DST-C1-04,2024-06-12,2,3,3,0.0477
PHC-DST-C1-04,2024-06-13,2,3,3,0.0447
PHC-DST-C1-04,2024-06-14,2,3,3,0.043
PHC-DST-C1-04,2024-06-15,2,3,3,0.0772
PHC-DST-C1-04,2024-06-16,1,2,2,0.4499
PHC-DST-C1-04,2024-06-17,2,3,3,0.0539
PHC-DST-C1-04,2024-06-18,2,3,3,0.0516
PHC-DST-C1-04,2024-06-19,2,3,3,0.0589
PHC-DST-C1-04,2024-06-20,2,3,3,0.0601
PHC-DST-C1-04,2024-06-21,2,3,3,0.0505
PHC-DST-C1-04,2024-06-22,2,3,3,0.0422
PHC-DST-C1-04,2024-06-23,1,2,2,0.4441
PHC-DST-C1-04,2024-06-24,2,3,3,0.0431
PHC-DST-C1-04,2024-06-25,2,3,3,0.0607
PHC-DST-C1-04,2024-06-26,2,3,3,0.0717
PHC-DST-C1-04,2024-06-27,2,3,3,0.0692
PHC-DST-C1-04,2024-06-28,2,3,3,0.0639
PHC-DST-C1-04,2024-06-29,2,3,3,0.0757
PHC-DST-C1-04,2024-06-30,1,2,2,0.4513
PHC-DST-C1-04,2024-07-01,2,3,3,0.0684
PHC-DST-C1-04,2024-07-02,2,3,3,0.0595
PHC-DST-C1-04,2024-07-03,2,3,3,0.0762
PHC-DST-C1-04,2024-07-04,2,3,3,0.0414
PHC-DST-C1-04,2024-07-05,2,3,3,0.0493
PHC-DST-C1-04,2024-07-06,2,3,3,0.0613
PHC-DST-C1-04,2024-07-07,1,2,2,0.4538
PHC-DST-C1-04,2024-07-08,2,3,3,0.0772
PHC-DST-C1-04,2024-07-09,2,3,3,0.0602
PHC-DST-C1-04,2024-07-10,2,3,3,0.0627
PHC-DST-C1-04,2024-07-11,2,3,3,0.0613
PHC-DST-C1-04,2024-07-12,2,3,3,0.0748
PHC-DST-C1-04,2024-07-13,2,3,3,0.0627
PHC-DST-C1-04,2024-07-14,1,2,2,0.4665
PHC-DST-C1-04,2024-07-15,2,3,3,0.0676
PHC-DST-C1-04,2024-07-16,2,3,3,0.0423
PHC-DST-C1-04,2024-07-17,2,3,3,0.0747
PHC-DST-C1-04,2024-07-18,2,3,3,0.0527
PHC-DST-C1-04,2024-07-19,2,3,3,0.0579
PHC-DST-C1-04,2024-07-20,2,3,3,0.0662
PHC-DST-C1-04,2024-07-21,1,2,2,0.461
PHC-DST-C1-04,2024-07-22,2,3,3,0.0488
PHC-DST-C1-04,2024-07-23,2,3,3,0.0403
PHC-DST-C1-04,2024-07-24,2,3,3,0.0775
PHC-DST-C1-04,2024-07-25,2,3,3,0.0554
PHC-DST-C1-04,2024-07-26,2,3,3,0.0493
PHC-DST-C1-04,2024-07-27,2,3,3,0.0455
PHC-DST-C1-04,2024-07-28,1,2,2,0.4662
PHC-DST-C1-04,2024-07-29,2,3,3,
PHC-DST-C1-04,2024-07-30,2,3,3,0.0428
PHC-DST-C1-04,2024-07-31,2,3,3,0.0574
PHC-DST-C1-04,2024-08-01,2,3,3,0.0635
PHC-DST-C1-04,2024-08-02,2,3,3,0.0485
PHC-DST-C1-04,2024-08-03,2,3,3,0.0529
PHC-DST-C1-04,2024-08-04,1,2,2,0.4522
PHC-DST-C1-04,2024-08-05,2,3,3,0.0562
PHC-DST-C1-04,2024-08-06,2,3,3,0.0487
PHC-DST-C1-04,2024-08-07,2,3,3,0.0622
PHC-DST-C1-04,2024-08-08,2,3,3,0.0574
PHC-DST-C1-04,2024-08-09,2,3,3,0.0474
PHC-DST-C1-04,2024-08-10,2,3,3,0.0759
PHC-DST-C1-04,2024-08-11,1,2,2,0.4521
PHC-DST-C1-04,2024-08-12,2,3,3,0.0615
PHC-DST-C1-04,2024-08-13,2,3,3,0.0462
PHC-DST-C1-04,2024-08-14,1,2,2,0.4454
PHC-DST-C1-04,2024-08-15,2,3,3,0.0714
PHC-DST-C1-04,2024-08-16,2,3,3,0.0479
PHC-DST-C1-04,2024-08-17,2,3,3,0.044
PHC-DST-C1-04,2024-08-18,1,2,2,0.442
PHC-DST-C1-04,2024-08-19,2,3,3,0.0402
PHC-DST-C1-04,2024-08-20,2,3,3,0.0699
PHC-DST-C1-04,2024-08-21,2,3,3,0.0778
PHC-DST-C1-04,2024-08-22,2,3,3,0.0471
PHC-DST-C1-04,2024-08-23,2,3,3,0.0484
PHC-DST-C1-04,2024-08-24,2,3,3,0.0416
PHC-DST-C1-04,2024-08-25,1,2,2,0.4508
PHC-DST-C1-04,2024-08-26,2,3,3,0.0668
PHC-DST-C1-04,2024-08-27,2,3,3,0.072
PHC-DST-C1-04,2024-08-28,2,3,3,0.0739
PHC-DST-C1-04,2024-08-29,2,3,3,0.0799
PHC-DST-C1-04,2024-08-30,2,3,3,0.0705
PHC-DST-C1-04,2024-08-31,2,3,3,0.0518
PHC-DST-C1-04,2024-09-01,1,2,2,0.447
PHC-DST-C1-04,2024-09-02,2,3,3,0.046
PHC-DST-C1-04,2024-09-03,2,3,3,0.0413
PHC-DST-C1-04,2024-09-04,2,3,3,0.0531
PHC-DST-C1-04,2024-09-05,2,3,3,0.0737
PHC-DST-C1-04,2024-09-06,2,3,3,0.0478
PHC-DST-C1-04,2024-09-07,2,3,3,0.0524
PHC-DST-C1-04,2024-09-08,0,1,0,0.85
PHC-DST-C1-04,2024-09-09,2,3,3,0.0419
PHC-DST-C1-04,2024-09-10,2,3,3,0.0623
PHC-DST-C1-04,2024-09-11,2,3,3,0.0536
PHC-DST-C1-04,2024-09-12,2,3,3,0.0726
PHC-DST-C1-04,2024-09-13,2,3,3,0.0674
PHC-DST-C1-04,2024-09-14,2,3,3,0.079
PHC-DST-C1-04,2024-09-15,1,2,2,0.4497
PHC-DST-C1-04,2024-09-16,2,3,3,0.0464
PHC-DST-C1-04,2024-09-17,2,3,3,0.047
PHC-DST-C1-04,2024-09-18,2,3,3,
PHC-DST-C1-04,2024-09-19,2,3,3,0.0524
PHC-DST-C1-04,2024-09-20,2,3,3,0.046
PHC-DST-C1-04,2024-09-21,2,3,3,0.056
PHC-DST-C1-04,2024-09-22,1,2,2,0.4546
PHC-DST-C1-04,2024-09-23,2,3,3,0.0656
PHC-DST-C1-04,2024-09-24,2,3,3,0.0756
PHC-DST-C1-04,2024-09-25,2,3,3,0.0765
PHC-DST-C1-04,2024-09-26,2,3,3,0.0793
PHC-DST-C1-04,2024-09-27,2,3,3,0.0716
PHC-DST-C1-04,2024-09-28,2,3,3,0.0626
PHC-DST-C1-04,2024-09-29,1,2,2,0.4473
PHC-DST-C1-04,2024-09-30,2,3,3,0.0613
PHC-DST-C1-04,2024-10-01,2,3,3,0.0721
PHC-DST-C1-04,2024-10-02,2,3,3,0.0525
PHC-DST-C1-04,2024-10-03,2,3,3,0.074
PHC-DST-C1-04,2024-10-04,2,3,3,0.0565
PHC-DST-C1-04,2024-10-05,2,3,3,0.0793
PHC-DST-C1-04,2024-10-06,1,2,2,0.4554
PHC-DST-C1-04,2024-10-07,2,3,3,0.0561
PHC-DST-C1-04,2024-10-08,2,3,3,0.0712
PHC-DST-C1-04,2024-10-09,2,3,3,0.0702
PHC-DST-C1-04,2024-10-10,2,3,3,0.0434
PHC-DST-C1-04,2024-10-11,2,3,3,0.0685
PHC-DST-C1-04,2024-10-12,2,3,3,0.0748
PHC-DST-C1-04,2024-10-13,1,2,2,0.4469
PHC-DST-C1-04,2024-10-14,2,3,3,0.0464
PHC-DST-C1-04,2024-10-15,2,3,3,0.0603
PHC-DST-C1-04,2024-10-16,2,3,3,0.044
PHC-DST-C1-04,2024-10-17,2,3,3,0.046
PHC-DST-C1-04,2024-10-18,2,3,3,0.0601
PHC-DST-C1-04,2024-10-19,2,3,3,0.0467
PHC-DST-C1-04,2024-10-20,1,2,2,0.4651
PHC-DST-C1-04,2024-10-21,2,3,3,0.0414
PHC-DST-C1-04,2024-10-22,2,3,3,0.0517
PHC-DST-C1-04,2024-10-23,2,3,3,0.0688
PHC-DST-C1-04,2024-10-24,2,3,3,0.0431
PHC-DST-C1-04,2024-10-25,2,3,3,0.0578
PHC-DST-C1-04,2024-10-26,2,3,3,0.077
PHC-DST-C1-04,2024-10-27,1,2,2,0.4502
PHC-DST-C1-04,2024-10-28,2,3,3,0.0635
PHC-DST-C1-04,2024-10-29,2,3,3,
PHC-DST-C1-04,2024-10-30,2,3,3,0.0503
PHC-DST-C1-04,2024-10-31,2,3,3,0.0736
PHC-DST-C1-04,2024-11-01,2,3,3,0.0796
PHC-DST-C1-04,2024-11-02,2,3,3,0.0459
PHC-DST-C1-04,2024-11-03,1,2,2,0.4709
PHC-DST-C1-04,2024-11-04,2,3,3,0.0558
PHC-DST-C1-04,2024-11-05,2,3,3,0.0726
PHC-DST-C1-04,2024-11-06,2,3,3,0.0774
PHC-DST-C1-04,2024-11-07,2,3,3,0.0793
PHC-DST-C1-04,2024-11-08,2,3,3,0.0582
PHC-DST-C1-04,2024-11-09,2,3,3,0.0736
PHC-DST-C1-04,2024-11-10,1,2,2,0.4621
PHC-DST-C1-04,2024-11-11,2,3,3,0.0557
PHC-DST-C1-04,2024-11-12,2,3,3,0.0749
PHC-DST-C1-04,2024-11-13,2,3,3,0.0623
PHC-DST-C1-04,2024-11-14,2,3,3,0.0606
PHC-DST-C1-04,2024-11-15,2,3,3,0.0744
PHC-DST-C1-04,2024-11-16,2,3,3,0.069
PHC-DST-C1-04,2024-11-17,1,2,2,0.4416
PHC-DST-C1-04,2024-11-18,2,3,3,0.0633
PHC-DST-C1-04,2024-11-19,2,3,3,0.0763
PHC-DST-C1-04,2024-11-20,2,3,3,0.0427
PHC-DST-C1-04,2024-11-21,2,3,3,0.0651
PHC-DST-C1-04,2024-11-22,2,3,3,0.0575
PHC-DST-C1-04,2024-11-23,2,3,3,0.0537
PHC-DST-C1-04,2024-11-24,1,2,2,0.466
PHC-DST-C1-04,2024-11-25,2,3,3,0.0744
PHC-DST-C1-04,2024-11-26,2,3,3,0.0484
PHC-DST-C1-04,2024-11-27,2,3,3,0.0569
PHC-DST-C1-04,2024-11-28,2,3,3,0.0599
PHC-DST-C1-04,2024-11-29,2,3,3,0.0557
PHC-DST-C1-04,2024-11-30,2,3,3,0.0784
PHC-DST-C1-04,2024-12-01,1,2,2,0.4491
PHC-DST-C1-04,2024-12-02,2,3,3,0.0481
PHC-DST-C1-04,2024-12-03,2,3,3,0.0761
PHC-DST-C1-04,2024-12-04,2,3,3,0.072
PHC-DST-C1-04,2024-12-05,2,3,3,0.0569
PHC-DST-C1-04,2024-12-06,2,3,3,0.0681
PHC-DST-C1-04,2024-12-07,2,3,3,0.0684
PHC-DST-C1-04,2024-12-08,1,2,2,0.4779
PHC-DST-C1-04,2024-12-09,2,3,3,
PHC-DST-C1-04,2024-12-10,2,3,3,0.0589
PHC-DST-C1-04,2024-12-11,2,3,3,0.052
PHC-DST-C1-04,2024-12-12,2,3,3,0.049
PHC-DST-C1-04,2024-12-13,2,3,3,0.0426
PHC-DST-C1-04,2024-12-14,2,3,3,0.076
PHC-DST-C1-04,2024-12-15,1,2,2,0.462
PHC-DST-C1-04,2024-12-16,2,3,3,0.0484
PHC-DST-C1-04,2024-12-17,2,3,3,0.0665
PHC-DST-C1-04,2024-12-18,2,3,3,0.0627
PHC-DST-C1-04,2024-12-19,2,3,3,0.0717
PHC-DST-C1-04,2024-12-20,2,3,3,0.0688
PHC-DST-C1-04,2024-12-21,2,3,3,0.08
PHC-DST-C1-04,2024-12-22,1,2,2,0.4665
PHC-DST-C1-04,2024-12-23,2,3,3,0.0646
PHC-DST-C1-04,2024-12-24,2,3,3,0.0647
PHC-DST-C1-04,2024-12-25,2,3,3,0.0682
PHC-DST-C1-04,2024-12-26,2,3,3,0.0441
PHC-DST-C1-04,2024-12-27,2,3,3,0.0546
PHC-DST-C1-04,2024-12-28,2,3,3,0.0626
PHC-DST-C1-04,2024-12-29,1,2,2,0.4652
PHC-DST-C1-04,2024-12-30,2,3,3,0.042
PHC-DST-C1-04,2024-12-31,2,3,3,0.0511
PHC-DST-C1-04,2025-01-01,2,3,3,0.0777
PHC-DST-C1-04,2025-01-02,2,3,3,0.0434
PHC-DST-C1-04,2025-01-03,2,3,3,0.0625
PHC-DST-C1-04,2025-01-04,2,3,3,
PHC-DST-C1-04,2025-01-05,1,2,2,0.4433
PHC-DST-C1-04,2025-01-06,2,3,3,0.0515
PHC-DST-C1-04,2025-01-07,2,3,3,0.0738
PHC-DST-C1-04,2025-01-08,2,3,3,0.0708
PHC-DST-C1-04,2025-01-09,2,3,3,0.0725
PHC-DST-C1-04,2025-01-10,2,3,3,0.0539
PHC-DST-C1-04,2025-01-11,2,3,3,0.0751
PHC-DST-C1-04,2025-01-12,1,2,2,0.4474
PHC-DST-C1-04,2025-01-13,2,3,3,0.0581
PHC-DST-C1-04,2025-01-14,2,3,3,0.0713
PHC-DST-C1-04,2025-01-15,2,3,3,0.0425
PHC-DST-C1-04,2025-01-16,2,3,3,0.0653
PHC-DST-C1-04,2025-01-17,2,3,3,0.0595
PHC-DST-C1-04,2025-01-18,2,3,3,0.0763
PHC-DST-C1-04,2025-01-19,1,2,2,0.4631
PHC-DST-C1-04,2025-01-20,2,3,3,0.0466
PHC-DST-C1-04,2025-01-21,2,3,3,0.0703
PHC-DST-C1-04,2025-01-22,2,3,3,0.0724
PHC-DST-C1-04,2025-01-23,2,3,3,0.0741
PHC-DST-C1-04,2025-01-24,2,3,3,0.0587
PHC-DST-C1-04,2025-01-25,2,3,3,0.0566
PHC-DST-C1-04,2025-01-26,1,2,2,0.4678
PHC-DST-C1-04,2025-01-27,2,3,3,0.0799
PHC-DST-C1-04,2025-01-28,2,3,3,0.0544
PHC-DST-C1-04,2025-01-29,2,3,3,0.0601
PHC-DST-C1-04,2025-01-30,2,3,3,0.0602
PHC-DST-C1-04,2025-01-31,2,3,3,0.0427
PHC-DST-C1-04,2025-02-01,2,3,3,0.0758
PHC-DST-C1-04,2025-02-02,1,2,2,
PHC-DST-C1-04,2025-02-03,2,3,3,0.0551
PHC-DST-C1-04,2025-02-04,2,3,3,0.0703
PHC-DST-C1-04,2025-02-05,2,3,3,0.0682
PHC-DST-C1-04,2025-02-06,2,3,3,0.0755
PHC-DST-C1-04,2025-02-07,2,3,3,0.0535
PHC-DST-C1-04,2025-02-08,2,3,3,0.0633
PHC-DST-C1-04,2025-02-09,1,2,2,0.4439
PHC-DST-C1-04,2025-02-10,2,3,3,0.0436
PHC-DST-C1-04,2025-02-11,2,3,3,0.0763
PHC-DST-C1-04,2025-02-12,2,3,3,0.0447
PHC-DST-C1-04,2025-02-13,2,3,3,0.0506
PHC-DST-C1-04,2025-02-14,2,3,3,0.0678
PHC-DST-C1-04,2025-02-15,2,3,3,0.0413
PHC-DST-C1-04,2025-02-16,1,2,2,0.4456
PHC-DST-C1-04,2025-02-17,2,3,3,0.0411
PHC-DST-C1-04,2025-02-18,2,3,3,0.065
PHC-DST-C1-04,2025-02-19,2,3,3,0.0728
PHC-DST-C1-04,2025-02-20,2,3,3,0.06
PHC-DST-C1-04,2025-02-21,2,3,3,0.058
PHC-DST-C1-04,2025-02-22,2,3,3,0.0607
PHC-DST-C1-04,2025-02-23,1,2,2,0.4523
PHC-DST-C1-04,2025-02-24,2,3,3,0.0756
PHC-DST-C1-04,2025-02-25,2,3,3,0.0735
PHC-DST-C1-04,2025-02-26,2,3,3,0.0529
PHC-DST-C1-04,2025-02-27,2,3,3,0.0794
PHC-DST-C1-04,2025-02-28,2,3,3,0.0724
PHC-DST-C1-04,2025-03-01,2,3,3,0.0786
PHC-DST-C1-04,2025-03-02,1,2,2,0.4648
PHC-DST-C1-04,2025-03-03,2,3,3,0.0494
PHC-DST-C1-04,2025-03-04,2,3,3,0.0676
PHC-DST-C1-04,2025-03-05,2,3,3,0.045
PHC-DST-C1-04,2025-03-06,2,3,3,0.0675
PHC-DST-C1-04,2025-03-07,2,3,3,0.0757
PHC-DST-C1-04,2025-03-08,2,3,3,0.0529
PHC-DST-C1-04,2025-03-09,1,2,2,0.4423
PHC-DST-C1-04,2025-03-10,2,3,3,0.044
PHC-DST-C1-04,2025-03-11,2,3,3,
PHC-DST-C1-04,2025-03-12,2,3,3,0.0785
PHC-DST-C1-04,2025-03-13,2,3,3,0.0607
PHC-DST-C1-04,2025-03-14,2,3,3,0.0537
PHC-DST-C1-04,2025-03-15,2,3,3,0.0714
PHC-DST-C1-04,2025-03-16,1,2,2,0.4754
PHC-DST-C1-04,2025-03-17,2,3,3,0.0507
PHC-DST-C1-04,2025-03-18,2,3,3,0.079
PHC-DST-C1-04,2025-03-19,2,3,3,0.0533
PHC-DST-C1-04,2025-03-20,2,3,3,0.0521
PHC-DST-C1-04,2025-03-21,2,3,3,0.0756
PHC-DST-C1-04,2025-03-22,2,3,3,0.0683
PHC-DST-C1-04,2025-03-23,1,2,2,0.447
PHC-DST-C1-04,2025-03-24,2,3,3,0.065
PHC-DST-C1-04,2025-03-25,2,3,3,0.0487
PHC-DST-C1-04,2025-03-26,2,3,3,
PHC-DST-C1-04,2025-03-27,2,3,3,0.0613
PHC-DST-C1-04,2025-03-28,2,3,3,0.0669
PHC-DST-C1-04,2025-03-29,2,3,3,0.0751
PHC-DST-C1-04,2025-03-30,1,2,2,0.4434
PHC-DST-C1-04,2025-03-31,2,3,3,0.0561
PHC-DST-C1-04,2025-04-01,2,3,3,0.0667
PHC-DST-C1-04,2025-04-02,2,3,3,0.0517
PHC-DST-C1-04,2025-04-03,2,3,3,0.041
PHC-DST-C1-04,2025-04-04,2,3,3,0.0674
PHC-DST-C1-04,2025-04-05,2,3,3,0.0476
PHC-DST-C1-04,2025-04-06,1,2,2,0.4409
PHC-DST-C1-04,2025-04-07,2,3,3,0.0495
PHC-DST-C1-04,2025-04-08,2,3,3,0.0482
PHC-DST-C1-04,2025-04-09,2,3,3,0.0443
PHC-DST-C1-04,2025-04-10,2,3,3,0.0422
PHC-DST-C1-04,2025-04-11,2,3,3,0.0782
PHC-DST-C1-04,2025-04-12,2,3,3,0.0526
PHC-DST-C1-04,2025-04-13,1,2,2,0.4664
PHC-DST-C1-04,2025-04-14,2,3,3,0.0535
PHC-DST-C1-04,2025-04-15,2,3,3,0.0577
PHC-DST-C1-04,2025-04-16,2,3,3,0.061
PHC-DST-C1-04,2025-04-17,2,3,3,0.0404
PHC-DST-C1-04,2025-04-18,2,3,3,0.0586
PHC-DST-C1-04,2025-04-19,2,3,3,0.0665
PHC-DST-C1-04,2025-04-20,1,2,2,0.4547
PHC-DST-C1-04,2025-04-21,2,3,3,0.0617
PHC-DST-C1-04,2025-04-22,2,3,3,0.0535
PHC-DST-C1-04,2025-04-23,2,3,3,0.0759
PHC-DST-C1-04,2025-04-24,2,3,3,0.0412
PHC-DST-C1-04,2025-04-25,2,3,3,0.0575
PHC-DST-C1-04,2025-04-26,2,3,3,0.075
PHC-DST-C1-04,2025-04-27,1,2,2,0.4741
PHC-DST-C1-04,2025-04-28,2,3,3,0.0653
PHC-DST-C1-04,2025-04-29,2,3,3,0.0416
PHC-DST-C1-04,2025-04-30,2,3,3,0.0706
PHC-DST-C1-04,2025-05-01,2,3,3,0.069
PHC-DST-C1-04,2025-05-02,2,3,3,0.0571
PHC-DST-C1-04,2025-05-03,2,3,3,0.0687
PHC-DST-C1-04,2025-05-04,1,2,2,0.4589
PHC-DST-C1-04,2025-05-05,2,3,3,0.0759
PHC-DST-C1-04,2025-05-06,2,3,3,0.0667
PHC-DST-C1-04,2025-05-07,2,3,3,0.0505
PHC-DST-C1-04,2025-05-08,2,3,3,0.0717
PHC-DST-C1-04,2025-05-09,2,3,3,0.0576
PHC-DST-C1-04,2025-05-10,2,3,3,0.0763
PHC-DST-C1-04,2025-05-11,1,2,2,0.4621
PHC-DST-C1-04,2025-05-12,2,3,3,0.0526
PHC-DST-C1-04,2025-05-13,2,3,3,0.0472
PHC-DST-C1-04,2025-05-14,2,3,3,0.059
PHC-DST-C1-04,2025-05-15,2,3,3,0.0419
PHC-DST-C1-04,2025-05-16,2,3,3,0.074
PHC-DST-C1-04,2025-05-17,2,3,3,0.063
PHC-DST-C1-04,2025-05-18,1,2,2,0.4739
PHC-DST-C1-04,2025-05-19,2,3,3,0.0515
PHC-DST-C1-04,2025-05-20,2,3,3,0.0649
PHC-DST-C1-04,2025-05-21,2,3,3,0.0581
PHC-DST-C1-04,2025-05-22,2,3,3,0.0786
PHC-DST-C1-04,2025-05-23,2,3,3,0.0576
PHC-DST-C1-04,2025-05-24,2,3,3,0.0503
PHC-DST-C1-04,2025-05-25,1,2,2,0.4426
PHC-DST-C1-04,2025-05-26,2,3,3,0.073
PHC-DST-C1-04,2025-05-27,2,3,3,0.063
PHC-DST-C1-04,2025-05-28,2,3,3,0.0717
PHC-DST-C1-04,2025-05-29,2,3,3,0.0484
PHC-DST-C1-04,2025-05-30,2,3,3,0.0783
PHC-DST-C1-04,2025-05-31,2,3,3,0.0649
PHC-DST-C1-04,2025-06-01,1,2,2,0.4764
PHC-DST-C1-04,2025-06-02,2,3,3,0.0629
PHC-DST-C1-04,2025-06-03,2,3,3,0.0647
PHC-DST-C1-04,2025-06-04,2,3,3,0.0713
PHC-DST-C1-04,2025-06-05,2,3,3,0.0404
PHC-DST-C1-04,2025-06-06,2,3,3,0.0659
PHC-DST-C1-04,2025-06-07,2,3,3,0.0703
PHC-DST-C1-04,2025-06-08,1,2,2,0.4406
PHC-DST-C1-04,2025-06-09,2,3,3,0.0773
PHC-DST-C1-04,2025-06-10,2,3,3,0.0629
PHC-DST-C1-04,2025-06-11,2,3,3,0.0483
PHC-DST-C1-04,2025-06-12,2,3,3,0.0637
PHC-DST-C1-04,2025-06-13,2,3,3,0.0426
PHC-DST-C1-04,2025-06-14,2,3,3,0.0552
PHC-DST-C1-04,2025-06-15,1,2,2,0.4413
PHC-DST-C1-04,2025-06-16,2,3,3,0.0774
PHC-DST-C1-04,2025-06-17,2,3,3,0.0549
PHC-DST-C1-04,2025-06-18,2,3,3,0.0768
PHC-DST-C1-04,2025-06-19,2,3,3,0.0528
PHC-DST-C1-04,2025-06-20,2,3,3,0.0459
PHC-DST-C1-04,2025-06-21,2,3,3,0.0725
PHC-DST-C1-04,2025-06-22,1,2,2,0.4463
PHC-DST-C1-04,2025-06-23,2,3,3,0.0691
PHC-DST-C1-04,2025-06-24,2,3,3,0.0491
PHC-DST-C1-04,2025-06-25,2,3,3,0.0491
PHC-DST-C1-04,2025-06-26,2,3,3,0.0652
PHC-DST-C1-04,2025-06-27,2,3,3,0.0717
PHC-DST-C1-04,2025-06-28,2,3,3,0.0662
PHC-DST-C1-04,2025-06-29,1,2,2,0.4668
PHC-DST-C1-04,2025-06-30,2,3,3,0.0532
PHC-DST-C1-05,2024-01-01,1,2,2,0.0549
PHC-DST-C1-05,2024-01-02,1,2,2,0.0523
PHC-DST-C1-05,2024-01-03,1,2,2,0.0783
PHC-DST-C1-05,2024-01-04,1,2,2,0.0462
PHC-DST-C1-05,2024-01-05,1,2,2,0.0667
PHC-DST-C1-05,2024-01-06,1,2,2,0.0409
PHC-DST-C1-05,2024-01-07,1,1,1,0.465
PHC-DST-C1-05,2024-01-08,1,2,2,0.048
PHC-DST-C1-05,2024-01-09,1,2,2,0.0572
PHC-DST-C1-05,2024-01-10,1,2,2,0.056
PHC-DST-C1-05,2024-01-11,1,2,2,0.0795
PHC-DST-C1-05,2024-01-12,1,2,2,0.0686
PHC-DST-C1-05,2024-01-13,1,2,2,0.08
PHC-DST-C1-05,2024-01-14,1,1,1,0.4402
PHC-DST-C1-05,2024-01-15,1,2,2,0.0626
PHC-DST-C1-05,2024-01-16,1,2,2,0.0673
PHC-DST-C1-05,2024-01-17,1,2,2,0.0587
PHC-DST-C1-05,2024-01-18,1,2,2,0.0608
PHC-DST-C1-05,2024-01-19,1,2,2,0.0464
PHC-DST-C1-05,2024-01-20,1,2,2,0.0789
PHC-DST-C1-05,2024-01-21,1,1,1,0.4484
PHC-DST-C1-05,2024-01-22,1,2,2,0.0432
PHC-DST-C1-05,2024-01-23,1,2,2,0.0442
PHC-DST-C1-05,2024-01-24,1,2,2,0.0674
PHC-DST-C1-05,2024-01-25,1,2,2,0.0642
PHC-DST-C1-05,2024-01-26,1,2,2,0.0484
PHC-DST-C1-05,2024-01-27,1,2,2,0.0664
PHC-DST-C1-05,2024-01-28,1,1,1,0.4444
PHC-DST-C1-05,2024-01-29,1,2,2,0.0708
PHC-DST-C1-05,2024-01-30,1,2,2,0.0751
PHC-DST-C1-05,2024-01-31,1,2,2,0.076
PHC-DST-C1-05,2024-02-01,1,2,2,0.0635
PHC-DST-C1-05,2024-02-02,1,2,2,0.0559
PHC-DST-C1-05,2024-02-03,1,2,2,0.0672
PHC-DST-C1-05,2024-02-04,1,1,1,0.4731
PHC-DST-C1-05,2024-02-05,1,2,2,0.0519
PHC-DST-C1-05,2024-02-06,1,2,2,0.0475
PHC-DST-C1-05,2024-02-07,1,2,2,0.0793
PHC-DST-C1-05,2024-02-08,1,2,2,0.0431
PHC-DST-C1-05,2024-02-09,1,2,2,0.0628
PHC-DST-C1-05,2024-02-10,1,2,2,0.0777
PHC-DST-C1-05,2024-02-11,1,1,1,
PHC-DST-C1-05,2024-02-12,1,2,2,0.0641
PHC-DST-C1-05,2024-02-13,1,2,2,0.0669
PHC-DST-C1-05,2024-02-14,1,2,2,0.0567
PHC-DST-C1-05,2024-02-15,1,2,2,0.0671
PHC-DST-C1-05,2024-02-16,1,2,2,0.0452
PHC-DST-C1-05,2024-02-17,1,2,2,0.0738
PHC-DST-C1-05,2024-02-18,1,1,1,0.4554
PHC-DST-C1-05,2024-02-19,1,2,2,0.0564
PHC-DST-C1-05,2024-02-20,1,2,2,0.0475
PHC-DST-C1-05,2024-02-21,1,2,2,0.0485
PHC-DST-C1-05,2024-02-22,1,2,2,0.0647
PHC-DST-C1-05,2024-02-23,1,2,2,0.0674
PHC-DST-C1-05,2024-02-24,1,2,2,0.0494
PHC-DST-C1-05,2024-02-25,1,1,1,0.4594
PHC-DST-C1-05,2024-02-26,1,2,2,0.0573
PHC-DST-C1-05,2024-02-27,1,2,2,0.0614
PHC-DST-C1-05,2024-02-28,1,2,2,0.0476
PHC-DST-C1-05,2024-02-29,1,2,2,0.061
PHC-DST-C1-05,2024-03-01,1,2,2,0.0781
PHC-DST-C1-05,2024-03-02,1,2,2,
PHC-DST-C1-05,2024-03-03,1,1,1,0.4526
PHC-DST-C1-05,2024-03-04,1,2,2,0.0687
PHC-DST-C1-05,2024-03-05,1,2,2,0.0446
PHC-DST-C1-05,2024-03-06,1,2,2,0.0736
PHC-DST-C1-05,2024-03-07,1,2,2,0.0484
PHC-DST-C1-05,2024-03-08,1,2,2,0.0452
PHC-DST-C1-05,2024-03-09,1,2,2,0.0663
PHC-DST-C1-05,2024-03-10,1,1,1,0.4648
PHC-DST-C1-05,2024-03-11,1,2,2,
PHC-DST-C1-05,2024-03-12,1,2,2,0.0629
PHC-DST-C1-05,2024-03-13,1,2,2,0.0625
PHC-DST-C1-05,2024-03-14,1,2,2,0.0727
PHC-DST-C1-05,2024-03-15,1,2,2,0.055
PHC-DST-C1-05,2024-03-16,1,2,2,0.0618
PHC-DST-C1-05,2024-03-17,1,1,1,0.4457
PHC-DST-C1-05,2024-03-18,1,2,2,0.0796
PHC-DST-C1-05,2024-03-19,1,2,2,0.0518
PHC-DST-C1-05,2024-03-20,1,2,2,0.0653
PHC-DST-C1-05,2024-03-21,1,2,2,0.0609
PHC-DST-C1-05,2024-03-22,1,2,2,0.0793
PHC-DST-C1-05,2024-03-23,1,2,2,0.0776
PHC-DST-C1-05,2024-03-24,1,1,1,0.459
PHC-DST-C1-05,2024-03-25,1,2,2,0.066
PHC-DST-C1-05,2024-03-26,1,2,2,0.0775
PHC-DST-C1-05,2024-03-27,1,2,2,0.0482
PHC-DST-C1-05,2024-03-28,1,2,2,0.0746
PHC-DST-C1-05,2024-03-29,1,2,2,0.0427
PHC-DST-C1-05,2024-03-30,1,2,2,0.0736
PHC-DST-C1-05,2024-03-31,1,1,1,0.4712
PHC-DST-C1-05,2024-04-01,1,2,2,0.0792
PHC-DST-C1-05,2024-04-02,1,2,2,0.0593
PHC-DST-C1-05,2024-04-03,1,2,2,0.0753
PHC-DST-C1-05,2024-04-04,1,2,2,0.0667
PHC-DST-C1-05,2024-04-05,1,2,2,0.0692
PHC-DST-C1-05,2024-04-06,1,2,2,0.0483
PHC-DST-C1-05,2024-04-07,1,1,1,0.4589
PHC-DST-C1-05,2024-04-08,1,2,2,0.067
PHC-DST-C1-05,2024-04-09,1,2,2,0.0708
PHC-DST-C1-05,2024-04-10,1,2,2,0.0441
PHC-DST-C1-05,2024-04-11,1,2,2,0.0717
PHC-DST-C1-05,2024-04-12,1,2,2,0.0657
PHC-DST-C1-05,2024-04-13,1,2,2,0.0542
PHC-DST-C1-05,2024-04-14,1,1,1,0.4483
PHC-DST-C1-05,2024-04-15,1,2,2,0.0458
PHC-DST-C1-05,2024-04-16,1,2,2,0.0673
PHC-DST-C1-05,2024-04-17,1,2,2,0.0763
PHC-DST-C1-05,2024-04-18,1,2,2,0.0624
PHC-DST-C1-05,2024-04-19,1,2,2,0.0757
PHC-DST-C1-05,2024-04-20,1,2,2,0.059
PHC-DST-C1-05,2024-04-21,1,1,1,0.4677
PHC-DST-C1-05,2024-04-22,1,2,2,0.079
PHC-DST-C1-05,2024-04-23,1,2,2,0.063
PHC-DST-C1-05,2024-04-24,1,2,2,0.0709
PHC-DST-C1-05,2024-04-25,1,2,2,0.0689
PHC-DST-C1-05,2024-04-26,1,2,2,0.0758
PHC-DST-C1-05,2024-04-27,1,2,2,0.0414
PHC-DST-C1-05,2024-04-28,1,1,1,0.4788
PHC-DST-C1-05,2024-04-29,1,2,2,0.0538
PHC-DST-C1-05,2024-04-30,1,2,2,0.0435
PHC-DST-C1-05,2024-05-01,1,2,2,0.0467
PHC-DST-C1-05,2024-05-02,1,2,2,0.0691
PHC-DST-C1-05,2024-05-03,1,2,2,0.0704
PHC-DST-C1-05,2024-05-04,1,2,2,0.041
PHC-DST-C1-05,2024-05-05,1,1,1,0.4791
PHC-DST-C1-05,2024-05-06,1,2,2,0.0443
PHC-DST-C1-05,2024-05-07,1,2,2,0.0679
PHC-DST-C1-05,2024-05-08,1,2,2,0.0576
PHC-DST-C1-05,2024-05-09,1,2,2,0.0559
PHC-DST-C1-05,2024-05-10,1,2,2,0.074
PHC-DST-C1-05,2024-05-11,1,2,2,0.0597
PHC-DST-C1-05,2024-05-12,1,1,1,0.4594
PHC-DST-C1-05,2024-05-13,1,2,2,0.0503
PHC-DST-C1-05,2024-05-14,1,2,2,0.0474
PHC-DST-C1-05,2024-05-15,1,2,2,0.0466
PHC-DST-C1-05,2024-05-16,1,2,2,0.0464
PHC-DST-C1-05,2024-05-17,1,2,2,0.0559
PHC-DST-C1-05,2024-05-18,1,2,2,0.0712
PHC-DST-C1-05,2024-05-19,1,1,1,0.4639
PHC-DST-C1-05,2024-05-20,1,2,2,0.0781
PHC-DST-C1-05,2024-05-21,1,2,2,0.058
PHC-DST-C1-05,2024-05-22,1,2,2,0.0594
PHC-DST-C1-05,2024-05-23,1,2,2,0.0519
PHC-DST-C1-05,2024-05-24,1,2,2,0.0492
PHC-DST-C1-05,2024-05-25,1,2,2,0.0692
PHC-DST-C1-05,2024-05-26,1,1,1,0.4481
PHC-DST-C1-05,2024-05-27,1,2,2,0.0588
PHC-DST-C1-05,2024-05-28,1,2,2,0.0528
PHC-DST-C1-05,2024-05-29,1,2,2,0.0645
PHC-DST-C1-05,2024-05-30,1,2,2,0.0755
PHC-DST-C1-05,2024-05-31,1,2,2,0.0488
PHC-DST-C1-05,2024-06-01,1,2,2,0.0462
PHC-DST-C1-05,2024-06-02,1,1,1,0.4745
PHC-DST-C1-05,2024-06-03,1,2,2,0.0498
PHC-DST-C1-05,2024-06-04,1,2,2,0.0613
PHC-DST-C1-05,2024-06-05,1,2,2,0.0627
PHC-DST-C1-05,2024-06-06,1,2,2,0.065
PHC-DST-C1-05,2024-06-07,1,2,2,0.0529
PHC-DST-C1-05,2024-06-08,1,2,2,0.0788
PHC-DST-C1-05,2024-06-09,1,1,1,0.4465
PHC-DST-C1-05,2024-06-10,1,2,2,0.0513
PHC-DST-C1-05,2024-06-11,1,2,2,0.0419
PHC-DST-C1-05,2024-06-12,1,2,2,0.0611
PHC-DST-C1-05,2024-06-13,1,2,2,0.0533
PHC-DST-C1-05,2024-06-14,1,2,2,0.0537
PHC-DST-C1-05,2024-06-15,1,2,2,0.0621
PHC-DST-C1-05,2024-06-16,1,1,1,0.4635
PHC-DST-C1-05,2024-06-17,1,2,2,0.0608
PHC-DST-C1-05,2024-06-18,1,2,2,0.0674
PHC-DST-C1-05,2024-06-19,1,2,2,0.0708
PHC-DST-C1-05,2024-06-20,1,2,2,
PHC-DST-C1-05,2024-06-21,1,2,2,0.0577
PHC-DST-C1-05,2024-06-22,1,2,2,0.079
PHC-DST-C1-05,2024-06-23,1,1,1,0.4595
PHC-DST-C1-05,2024-06-24,1,2,2,
PHC-DST-C1-05,2024-06-25,1,2,2,0.044
PHC-DST-C1-05,2024-06-26,1,2,2,0.0553
PHC-DST-C1-05,2024-06-27,1,2,2,0.0437
PHC-DST-C1-05,2024-06-28,1,2,2,0.045
PHC-DST-C1-05,2024-06-29,1,2,2,0.0471
PHC-DST-C1-05,2024-06-30,1,1,1,0.4662
PHC-DST-C1-05,2024-07-01,1,2,2,0.0575
PHC-DST-C1-05,2024-07-02,1,2,2,0.0752
PHC-DST-C1-05,2024-07-03,1,2,2,0.0654
PHC-DST-C1-05,2024-07-04,1,2,2,0.0451
PHC-DST-C1-05,2024-07-05,1,2,2,0.0435
PHC-DST-C1-05,2024-07-06,1,2,2,0.0624
PHC-DST-C1-05,2024-07-07,1,1,1,0.4754
PHC-DST-C1-05,2024-07-08,1,2,2,0.0713
PHC-DST-C1-05,2024-07-09,1,2,2,0.0576
PHC-DST-C1-05,2024-07-10,1,2,2,0.0407
PHC-DST-C1-05,2024-07-11,1,2,2,0.0548
PHC-DST-C1-05,2024-07-12,1,2,2,0.0458
PHC-DST-C1-05,2024-07-13,1,2,2,0.0608
PHC-DST-C1-05,2024-07-14,1,1,1,0.4525
PHC-DST-C1-05,2024-07-15,1,2,2,0.0734
PHC-DST-C1-05,2024-07-16,1,2,2,0.0411
PHC-DST-C1-05,2024-07-17,1,2,2,0.0575
PHC-DST-C1-05,2024-07-18,1,2,2,0.0563
PHC-DST-C1-05,2024-07-19,1,2,2,0.0576
PHC-DST-C1-05,2024-07-20,1,2,2,0.0751
PHC-DST-C1-05,2024-07-21,1,1,1,0.4401
PHC-DST-C1-05,2024-07-22,1,2,2,0.0678
PHC-DST-C1-05,2024-07-23,1,2,2,0.0758
PHC-DST-C1-05,2024-07-24,1,2,2,0.0425
PHC-DST-C1-05,2024-07-25,1,2,2,0.0705
PHC-DST-C1-05,2024-07-26,1,2,2,0.0698
PHC-DST-C1-05,2024-07-27,1,2,2,0.0676
PHC-DST-C1-05,2024-07-28,1,1,1,0.4416
PHC-DST-C1-05,2024-07-29,1,2,2,0.0729
PHC-DST-C1-05,2024-07-30,1,2,2,0.0448
PHC-DST-C1-05,2024-07-31,1,2,2,0.065
PHC-DST-C1-05,2024-08-01,1,2,2,0.0678
PHC-DST-C1-05,2024-08-02,1,2,2,0.06
PHC-DST-C1-05,2024-08-03,1,2,2,0.0402
PHC-DST-C1-05,2024-08-04,1,1,1,0.4453
PHC-DST-C1-05,2024-08-05,1,2,2,0.0487
PHC-DST-C1-05,2024-08-06,1,2,2,0.0646
PHC-DST-C1-05,2024-08-07,1,2,2,0.0412
PHC-DST-C1-05,2024-08-08,1,2,2,0.0454
PHC-DST-C1-05,2024-08-09,1,2,2,0.0791
PHC-DST-C1-05,2024-08-10,1,2,2,0.0462
PHC-DST-C1-05,2024-08-11,1,1,1,0.4571
PHC-DST-C1-05,2024-08-12,1,2,2,0.0619
PHC-DST-C1-05,2024-08-13,1,2,2,0.0578
PHC-DST-C1-05,2024-08-14,1,1,1,0.5072
PHC-DST-C1-05,2024-08-15,1,2,2,0.0721
PHC-DST-C1-05,2024-08-16,1,2,2,0.0767
PHC-DST-C1-05,2024-08-17,1,2,2,0.0701
PHC-DST-C1-05,2024-08-18,1,1,1,0.4649
PHC-DST-C1-05,2024-08-19,1,2,2,0.0461
PHC-DST-C1-05,2024-08-20,1,2,2,0.0461
PHC-DST-C1-05,2024-08-21,1,2,2,0.0708
PHC-DST-C1-05,2024-08-22,1,2,2,0.0744
PHC-DST-C1-05,2024-08-23,1,2,2,0.0678
PHC-DST-C1-05,2024-08-24,1,2,2,0.0771
PHC-DST-C1-05,2024-08-25,1,1,1,0.4442
PHC-DST-C1-05,2024-08-26,1,2,2,0.0675
PHC-DST-C1-05,2024-08-27,1,2,2,0.0502
PHC-DST-C1-05,2024-08-28,1,2,2,0.0672
PHC-DST-C1-05,2024-08-29,1,2,2,0.0572
PHC-DST-C1-05,2024-08-30,1,2,2,0.0594
PHC-DST-C1-05,2024-08-31,1,2,2,0.0758
PHC-DST-C1-05,2024-09-01,1,1,1,0.4754
PHC-DST-C1-05,2024-09-02,1,2,2,0.052
PHC-DST-C1-05,2024-09-03,1,2,2,0.0686
PHC-DST-C1-05,2024-09-04,1,2,2,0.0699
PHC-DST-C1-05,2024-09-05,1,2,2,0.0603
PHC-DST-C1-05,2024-09-06,1,2,2,0.0421
PHC-DST-C1-05,2024-09-07,1,2,2,0.0765
PHC-DST-C1-05,2024-09-08,0,1,0,0.85
PHC-DST-C1-05,2024-09-09,1,2,2,0.0759
PHC-DST-C1-05,2024-09-10,1,2,2,0.0729
PHC-DST-C1-05,2024-09-11,1,2,2,0.0721
PHC-DST-C1-05,2024-09-12,1,2,2,0.0766
PHC-DST-C1-05,2024-09-13,1,2,2,0.0507
PHC-DST-C1-05,2024-09-14,1,2,2,0.0468
PHC-DST-C1-05,2024-09-15,1,1,1,0.4749
PHC-DST-C1-05,2024-09-16,1,2,2,0.0571
PHC-DST-C1-05,2024-09-17,1,2,2,0.0587
PHC-DST-C1-05,2024-09-18,1,2,2,0.0758
PHC-DST-C1-05,2024-09-19,1,2,2,0.0672
PHC-DST-C1-05,2024-09-20,1,2,2,0.0468
PHC-DST-C1-05,2024-09-21,1,2,2,0.0742
PHC-DST-C1-05,2024-09-22,1,1,1,0.4533
PHC-DST-C1-05,2024-09-23,1,2,2,0.0572
PHC-DST-C1-05,2024-09-24,1,2,2,0.0612
PHC-DST-C1-05,2024-09-25,1,2,2,0.0555
PHC-DST-C1-05,2024-09-26,1,2,2,0.0642
PHC-DST-C1-05,2024-09-27,1,2,2,0.052
PHC-DST-C1-05,2024-09-28,1,2,2,
PHC-DST-C1-05,2024-09-29,1,1,1,0.4774
PHC-DST-C1-05,2024-09-30,1,2,2,0.0497
PHC-DST-C1-05,2024-10-01,1,2,2,0.0549
PHC-DST-C1-05,2024-10-02,1,2,2,0.0463
PHC-DST-C1-05,2024-10-03,1,2,2,0.0773
PHC-DST-C1-05,2024-10-04,1,2,2,0.0694
PHC-DST-C1-05,2024-10-05,1,2,2,0.0442
PHC-DST-C1-05,2024-10-06,1,1,1,0.4564
PHC-DST-C1-05,2024-10-07,1,2,2,0.0757
PHC-DST-C1-05,2024-10-08,1,2,2,0.0648
PHC-DST-C1-05,2024-10-09,1,2,2,0.0649
PHC-DST-C1-05,2024-10-10,1,2,2,0.0606
PHC-DST-C1-05,2024-10-11,1,2,2,0.0504
PHC-DST-C1-05,2024-10-12,1,2,2,0.0702
PHC-DST-C1-05,2024-10-13,1,1,1,0.4612
PHC-DST-C1-05,2024-10-14,1,2,2,0.0674
PHC-DST-C1-05,2024-10-15,1,2,2,0.0758
PHC-DST-C1-05,2024-10-16,1,2,2,0.068
PHC-DST-C1-05,2024-10-17,1,2,2,0.0769
PHC-DST-C1-05,2024-10-18,1,2,2,0.0505
PHC-DST-C1-05,2024-10-19,1,2,2,0.0403
PHC-DST-C1-05,2024-10-20,1,1,1,0.4635
PHC-DST-C1-05,2024-10-21,1,2,2,0.0566
PHC-DST-C1-05,2024-10-22,1,2,2,0.0656
PHC-DST-C1-05,2024-10-23,1,2,2,0.0527
PHC-DST-C1-05,2024-10-24,1,2,2,0.0423
PHC-DST-C1-05,2024-10-25,1,2,2,0.0527
PHC-DST-C1-05,2024-10-26,1,2,2,0.0745
PHC-DST-C1-05,2024-10-27,1,1,1,0.4702
PHC-DST-C1-05,2024-10-28,1,2,2,0.0618
PHC-DST-C1-05,2024-10-29,1,2,2,0.0668
PHC-DST-C1-05,2024-10-30,1,2,2,0.0411
PHC-DST-C1-05,2024-10-31,1,2,2,0.0533
PHC-DST-C1-05,2024-11-01,1,2,2,0.0799
PHC-DST-C1-05,2024-11-02,1,2,2,0.0431
PHC-DST-C1-05,2024-11-03,1,1,1,0.4456
PHC-DST-C1-05,2024-11-04,1,2,2,0.0414
PHC-DST-C1-05,2024-11-05,1,2,2,0.0425
PHC-DST-C1-05,2024-11-06,1,2,2,0.0572
PHC-DST-C1-05,2024-11-07,1,2,2,0.0503
PHC-DST-C1-05,2024-11-08,1,2,2,0.0494
PHC-DST-C1-05,2024-11-09,1,2,2,0.0622
PHC-DST-C1-05,2024-11-10,1,1,1,0.4531
PHC-DST-C1-05,2024-11-11,1,2,2,0.0515
PHC-DST-C1-05,2024-11-12,1,2,2,0.0619
PHC-DST-C1-05,2024-11-13,1,2,2,0.0737
PHC-DST-C1-05,2024-11-14,1,2,2,0.058
PHC-DST-C1-05,2024-11-15,1,2,2,0.0634
PHC-DST-C1-05,2024-11-16,1,2,2,0.0772
PHC-DST-C1-05,2024-11-17,1,1,1,0.4744
PHC-DST-C1-05,2024-11-18,1,2,2,0.0488
PHC-DST-C1-05,2024-11-19,1,2,2,0.0473
PHC-DST-C1-05,2024-11-20,1,2,2,0.0547
PHC-DST-C1-05,2024-11-21,1,2,2,0.0791
PHC-DST-C1-05,2024-11-22,1,2,2,0.0563
PHC-DST-C1-05,2024-11-23,1,2,2,0.0528
PHC-DST-C1-05,2024-11-24,1,1,1,0.4632
PHC-DST-C1-05,2024-11-25,1,2,2,0.0788
PHC-DST-C1-05,2024-11-26,1,2,2,0.0526
PHC-DST-C1-05,2024-11-27,1,2,2,0.079
PHC-DST-C1-05,2024-11-28,1,2,2,0.0725
PHC-DST-C1-05,2024-11-29,1,2,2,0.0572
PHC-DST-C1-05,2024-11-30,1,2,2,0.0671
PHC-DST-C1-05,2024-12-01,1,1,1,0.4401
PHC-DST-C1-05,2024-12-02,1,2,2,0.0529
PHC-DST-C1-05,2024-12-03,1,2,2,0.0615
PHC-DST-C1-05,2024-12-04,1,2,2,0.0429
PHC-DST-C1-05,2024-12-05,1,2,2,0.0423
PHC-DST-C1-05,2024-12-06,1,2,2,0.0483
PHC-DST-C1-05,2024-12-07,1,2,2,0.0749
PHC-DST-C1-05,2024-12-08,1,1,1,0.4601
PHC-DST-C1-05,2024-12-09,1,2,2,0.067
PHC-DST-C1-05,2024-12-10,1,2,2,0.0593
PHC-DST-C1-05,2024-12-11,1,2,2,0.0476
PHC-DST-C1-05,2024-12-12,1,2,2,0.0647
PHC-DST-C1-05,2024-12-13,1,2,2,0.0763
PHC-DST-C1-05,2024-12-14,1,2,2,
PHC-DST-C1-05,2024-12-15,1,1,1,0.4708
PHC-DST-C1-05,2024-12-16,1,2,2,0.0694
PHC-DST-C1-05,2024-12-17,1,2,2,0.0617
PHC-DST-C1-05,2024-12-18,1,2,2,0.0769
PHC-DST-C1-05,2024-12-19,1,2,2,0.064
PHC-DST-C1-05,2024-12-20,1,2,2,0.0622
PHC-DST-C1-05,2024-12-21,1,2,2,0.0652
PHC-DST-C1-05,2024-12-22,1,1,1,0.4703
PHC-DST-C1-05,2024-12-23,1,2,2,0.0605
PHC-DST-C1-05,2024-12-24,1,2,2,0.0791
PHC-DST-C1-05,2024-12-25,1,2,2,0.0651
PHC-DST-C1-05,2024-12-26,1,2,2,0.0516
PHC-DST-C1-05,2024-12-27,1,2,2,0.0484
PHC-DST-C1-05,2024-12-28,1,2,2,0.068
PHC-DST-C1-05,2024-12-29,1,1,1,0.4458
PHC-DST-C1-05,2024-12-30,1,2,2,0.0713
PHC-DST-C1-05,2024-12-31,1,2,2,0.0692
PHC-DST-C1-05,2025-01-01,1,2,2,0.0418
PHC-DST-C1-05,2025-01-02,1,2,2,0.0775
PHC-DST-C1-05,2025-01-03,1,2,2,0.0555
PHC-DST-C1-05,2025-01-04,1,2,2,0.0667
PHC-DST-C1-05,2025-01-05,1,1,1,0.4768
PHC-DST-C1-05,2025-01-06,1,2,2,0.0733
PHC-DST-C1-05,2025-01-07,1,2,2,0.0401
PHC-DST-C1-05,2025-01-08,1,2,2,0.0709
PHC-DST-C1-05,2025-01-09,1,2,2,0.0629
PHC-DST-C1-05,2025-01-10,1,2,2,0.05
PHC-DST-C1-05,2025-01-11,1,2,2,0.0683
PHC-DST-C1-05,2025-01-12,1,1,1,0.4669
PHC-DST-C1-05,2025-01-13,1,2,2,0.0662
PHC-DST-C1-05,2025-01-14,1,2,2,0.0704
PHC-DST-C1-05,2025-01-15,1,2,2,0.064
PHC-DST-C1-05,2025-01-16,1,2,2,0.0642
PHC-DST-C1-05,2025-01-17,1,2,2,0.0432
PHC-DST-C1-05,2025-01-18,1,2,2,0.05
PHC-DST-C1-05,2025-01-19,1,1,1,0.4558
PHC-DST-C1-05,2025-01-20,1,2,2,0.0667
PHC-DST-C1-05,2025-01-21,1,2,2,0.0519
PHC-DST-C1-05,2025-01-22,1,2,2,0.0603
PHC-DST-C1-05,2025-01-23,1,2,2,0.0748
PHC-DST-C1-05,2025-01-24,1,2,2,0.0758
PHC-DST-C1-05,2025-01-25,1,2,2,0.0527
PHC-DST-C1-05,2025-01-26,1,1,1,0.4518
PHC-DST-C1-05,2025-01-27,1,2,2,0.0704
PHC-DST-C1-05,2025-01-28,1,2,2,0.0632
PHC-DST-C1-05,2025-01-29,1,2,2,
PHC-DST-C1-05,2025-01-30,1,2,2,0.0787
PHC-DST-C1-05,2025-01-31,1,2,2,0.0682
PHC-DST-C1-05,2025-02-01,1,2,2,0.0723
PHC-DST-C1-05,2025-02-02,1,1,1,0.4446
PHC-DST-C1-05,2025-02-03,1,2,2,0.0469
PHC-DST-C1-05,2025-02-04,1,2,2,
PHC-DST-C1-05,2025-02-05,1,2,2,0.0556
PHC-DST-C1-05,2025-02-06,1,2,2,0.0566
PHC-DST-C1-05,2025-02-07,1,2,2,0.0784
PHC-DST-C1-05,2025-02-08,1,2,2,0.0551
PHC-DST-C1-05,2025-02-09,1,1,1,0.4798
PHC-DST-C1-05,2025-02-10,1,2,2,0.0468
PHC-DST-C1-05,2025-02-11,1,2,2,0.0717
PHC-DST-C1-05,2025-02-12,1,2,2,0.0466
PHC-DST-C1-05,2025-02-13,1,2,2,0.0558
PHC-DST-C1-05,2025-02-14,1,2,2,0.0449
PHC-DST-C1-05,2025-02-15,1,2,2,0.0626
PHC-DST-C1-05,2025-02-16,1,1,1,0.441
PHC-DST-C1-05,2025-02-17,1,2,2,0.0646
PHC-DST-C1-05,2025-02-18,1,2,2,0.0402
PHC-DST-C1-05,2025-02-19,1,2,2,0.0593
PHC-DST-C1-05,2025-02-20,1,2,2,0.0404
PHC-DST-C1-05,2025-02-21,1,2,2,0.048
PHC-DST-C1-05,2025-02-22,1,2,2,0.0781
PHC-DST-C1-05,2025-02-23,1,1,1,0.4585
PHC-DST-C1-05,2025-02-24,1,2,2,0.07
PHC-DST-C1-05,2025-02-25,1,2,2,0.0799
PHC-DST-C1-05,2025-02-26,1,2,2,0.0716
PHC-DST-C1-05,2025-02-27,1,2,2,0.0526
PHC-DST-C1-05,2025-02-28,1,2,2,0.0595
PHC-DST-C1-05,2025-03-01,1,2,2,0.0631
PHC-DST-C1-05,2025-03-02,1,1,1,0.4467
PHC-DST-C1-05,2025-03-03,1,2,2,0.0608
PHC-DST-C1-05,2025-03-04,1,2,2,0.0621
PHC-DST-C1-05,2025-03-05,1,2,2,0.066
PHC-DST-C1-05,2025-03-06,1,2,2,0.0652
PHC-DST-C1-05,2025-03-07,1,2,2,0.0623
PHC-DST-C1-05,2025-03-08,1,2,2,0.0679
PHC-DST-C1-05,2025-03-09,1,1,1,0.4596
PHC-DST-C1-05,2025-03-10,1,2,2,0.0672
PHC-DST-C1-05,2025-03-11,1,2,2,0.0434
PHC-DST-C1-05,2025-03-12,1,2,2,0.0476
PHC-DST-C1-05,2025-03-13,1,2,2,0.0717
PHC-DST-C1-05,2025-03-14,1,2,2,0.0464
PHC-DST-C1-05,2025-03-15,1,2,2,0.0465
PHC-DST-C1-05,2025-03-16,1,1,1,0.4453
PHC-DST-C1-05,2025-03-17,1,2,2,0.0524
PHC-DST-C1-05,2025-03-18,1,2,2,0.0718
PHC-DST-C1-05,2025-03-19,1,2,2,0.047
PHC-DST-C1-05,2025-03-20,1,2,2,0.0659
PHC-DST-C1-05,2025-03-21,1,2,2,0.0438
PHC-DST-C1-05,2025-03-22,1,2,2,0.0593
PHC-DST-C1-05,2025-03-23,1,1,1,0.4777
PHC-DST-C1-05,2025-03-24,1,2,2,0.0523
PHC-DST-C1-05,2025-03-25,1,2,2,0.0469
PHC-DST-C1-05,2025-03-26,1,2,2,0.0457
PHC-DST-C1-05,2025-03-27,1,2,2,0.0563
PHC-DST-C1-05,2025-03-28,1,2,2,0.0766
PHC-DST-C1-05,2025-03-29,1,2,2,0.0709
PHC-DST-C1-05,2025-03-30,1,1,1,0.4623
PHC-DST-C1-05,2025-03-31,1,2,2,0.0461
PHC-DST-C1-05,2025-04-01,1,2,2,0.0574
PHC-DST-C1-05,2025-04-02,1,2,2,0.0649
PHC-DST-C1-05,2025-04-03,1,2,2,0.0436
PHC-DST-C1-05,2025-04-04,1,2,2,0.0601
PHC-DST-C1-05,2025-04-05,1,2,2,0.0461
PHC-DST-C1-05,2025-04-06,1,1,1,0.4621
PHC-DST-C1-05,2025-04-07,1,2,2,0.0705
PHC-DST-C1-05,2025-04-08,1,2,2,0.0552
PHC-DST-C1-05,2025-04-09,1,2,2,0.0565
PHC-DST-C1-05,2025-04-10,1,2,2,0.0464
PHC-DST-C1-05,2025-04-11,1,2,2,0.0758
PHC-DST-C1-05,2025-04-12,1,2,2,0.0666
PHC-DST-C1-05,2025-04-13,1,1,1,0.4793
PHC-DST-C1-05,2025-04-14,1,2,2,0.0662
PHC-DST-C1-05,2025-04-15,1,2,2,0.0594
PHC-DST-C1-05,2025-04-16,1,2,2,0.0609
PHC-DST-C1-05,2025-04-17,1,2,2,0.0738
PHC-DST-C1-05,2025-04-18,1,2,2,
PHC-DST-C1-05,2025-04-19,1,2,2,0.0778
PHC-DST-C1-05,2025-04-20,1,1,1,0.4626
PHC-DST-C1-05,2025-04-21,1,2,2,0.0619
PHC-DST-C1-05,2025-04-22,1,2,2,0.0611
PHC-DST-C1-05,2025-04-23,1,2,2,0.0724
PHC-DST-C1-05,2025-04-24,1,2,2,0.0457
PHC-DST-C1-05,2025-04-25,1,2,2,0.0531
PHC-DST-C1-05,2025-04-26,1,2,2,0.0654
PHC-DST-C1-05,2025-04-27,1,1,1,0.4649
PHC-DST-C1-05,2025-04-28,1,2,2,0.0564
PHC-DST-C1-05,2025-04-29,1,2,2,0.0534
PHC-DST-C1-05,2025-04-30,1,2,2,0.0615
PHC-DST-C1-05,2025-05-01,1,2,2,
PHC-DST-C1-05,2025-05-02,1,2,2,0.0412
PHC-DST-C1-05,2025-05-03,1,2,2,0.0716
PHC-DST-C1-05,2025-05-04,1,1,1,0.4535
PHC-DST-C1-05,2025-05-05,1,2,2,0.0759
PHC-DST-C1-05,2025-05-06,1,2,2,0.0722
PHC-DST-C1-05,2025-05-07,1,2,2,0.0474
PHC-DST-C1-05,2025-05-08,1,2,2,0.0693
PHC-DST-C1-05,2025-05-09,1,2,2,0.0474
PHC-DST-C1-05,2025-05-10,1,2,2,0.0445
PHC-DST-C1-05,2025-05-11,1,1,1,0.4521
PHC-DST-C1-05,2025-05-12,1,2,2,0.0657
PHC-DST-C1-05,2025-05-13,1,2,2,0.054
PHC-DST-C1-05,2025-05-14,1,2,2,0.056
PHC-DST-C1-05,2025-05-15,1,2,2,0.0565
PHC-DST-C1-05,2025-05-16,1,2,2,0.0664
PHC-DST-C1-05,2025-05-17,1,2,2,0.0527
PHC-DST-C1-05,2025-05-18,1,1,1,0.4469
PHC-DST-C1-05,2025-05-19,1,2,2,0.0484
PHC-DST-C1-05,2025-05-20,1,2,2,0.0616
PHC-DST-C1-05,2025-05-21,1,2,2,0.0481
PHC-DST-C1-05,2025-05-22,1,2,2,0.0529
PHC-DST-C1-05,2025-05-23,1,2,2,0.0796
PHC-DST-C1-05,2025-05-24,1,2,2,0.0723
PHC-DST-C1-05,2025-05-25,1,1,1,0.449
PHC-DST-C1-05,2025-05-26,1,2,2,0.0767
PHC-DST-C1-05,2025-05-27,1,2,2,0.0539
PHC-DST-C1-05,2025-05-28,1,2,2,0.0509
PHC-DST-C1-05,2025-05-29,1,2,2,0.059
PHC-DST-C1-05,2025-05-30,1,2,2,0.065
PHC-DST-C1-05,2025-05-31,1,2,2,0.0769
PHC-DST-C1-05,2025-06-01,1,1,1,0.4723
PHC-DST-C1-05,2025-06-02,1,2,2,0.0638
PHC-DST-C1-05,2025-06-03,1,2,2,0.0631
PHC-DST-C1-05,2025-06-04,1,2,2,0.0409
PHC-DST-C1-05,2025-06-05,1,2,2,0.0504
PHC-DST-C1-05,2025-06-06,1,2,2,0.0738
PHC-DST-C1-05,2025-06-07,1,2,2,0.0592
PHC-DST-C1-05,2025-06-08,1,1,1,0.4459
PHC-DST-C1-05,2025-06-09,1,2,2,0.0424
PHC-DST-C1-05,2025-06-10,1,2,2,0.0477
PHC-DST-C1-05,2025-06-11,1,2,2,
PHC-DST-C1-05,2025-06-12,1,2,2,0.0727
PHC-DST-C1-05,2025-06-13,1,2,2,0.0596
PHC-DST-C1-05,2025-06-14,1,2,2,0.0711
PHC-DST-C1-05,2025-06-15,1,1,1,0.4727
PHC-DST-C1-05,2025-06-16,1,2,2,0.0411
PHC-DST-C1-05,2025-06-17,1,2,2,0.0655
PHC-DST-C1-05,2025-06-18,1,2,2,0.0753
PHC-DST-C1-05,2025-06-19,1,2,2,0.0579
PHC-DST-C1-05,2025-06-20,1,2,2,0.065
PHC-DST-C1-05,2025-06-21,1,2,2,0.0744
PHC-DST-C1-05,2025-06-22,1,1,1,0.4538
PHC-DST-C1-05,2025-06-23,1,2,2,0.0471
PHC-DST-C1-05,2025-06-24,1,2,2,0.061
PHC-DST-C1-05,2025-06-25,1,2,2,0.0672
PHC-DST-C1-05,2025-06-26,1,2,2,0.0439
PHC-DST-C1-05,2025-06-27,1,2,2,0.0603
PHC-DST-C1-05,2025-06-28,1,2,2,0.0795
PHC-DST-C1-05,2025-06-29,1,1,1,0.4517
PHC-DST-C1-05,2025-06-30,1,2,2,0.0653
PHC-DST-C1-06,2024-01-01,1,2,4,0.0568
PHC-DST-C1-06,2024-01-02,1,2,4,0.0639
PHC-DST-C1-06,2024-01-03,1,2,4,0.063
PHC-DST-C1-06,2024-01-04,1,2,4,
PHC-DST-C1-06,2024-01-05,1,2,4,0.0782
PHC-DST-C1-06,2024-01-06,1,2,4,0.0449
PHC-DST-C1-06,2024-01-07,1,1,2,0.4519
PHC-DST-C1-06,2024-01-08,1,2,4,0.0509
PHC-DST-C1-06,2024-01-09,1,2,4,0.0624
PHC-DST-C1-06,2024-01-10,1,2,4,0.0526
PHC-DST-C1-06,2024-01-11,1,2,4,0.067
PHC-DST-C1-06,2024-01-12,1,2,4,0.0639
PHC-DST-C1-06,2024-01-13,1,2,4,0.076
PHC-DST-C1-06,2024-01-14,1,1,2,0.454
PHC-DST-C1-06,2024-01-15,1,2,4,0.0574
PHC-DST-C1-06,2024-01-16,1,2,4,0.0493
PHC-DST-C1-06,2024-01-17,1,2,4,0.0488
PHC-DST-C1-06,2024-01-18,1,2,4,0.0603
PHC-DST-C1-06,2024-01-19,1,2,4,0.0763
PHC-DST-C1-06,2024-01-20,1,2,4,0.0436
PHC-DST-C1-06,2024-01-21,1,1,2,0.4656
PHC-DST-C1-06,2024-01-22,1,2,4,0.0658
PHC-DST-C1-06,2024-01-23,1,2,4,0.0458
PHC-DST-C1-06,2024-01-24,1,2,4,0.0789
PHC-DST-C1-06,2024-01-25,1,2,4,0.0769
PHC-DST-C1-06,2024-01-26,1,2,4,0.0729
PHC-DST-C1-06,2024-01-27,1,2,4,0.063
PHC-DST-C1-06,2024-01-28,1,1,2,0.4763
PHC-DST-C1-06,2024-01-29,1,2,4,0.0585
PHC-DST-C1-06,2024-01-30,1,2,4,
PHC-DST-C1-06,2024-01-31,1,2,4,0.079
PHC-DST-C1-06,2024-02-01,1,2,4,0.0632
PHC-DST-C1-06,2024-02-02,1,2,4,0.076
PHC-DST-C1-06,2024-02-03,1,2,4,0.0597
PHC-DST-C1-06,2024-02-04,1,1,2,0.4747
PHC-DST-C1-06,2024-02-05,1,2,4,0.0439
PHC-DST-C1-06,2024-02-06,1,2,4,0.0691
PHC-DST-C1-06,2024-02-07,1,2,4,0.0588
PHC-DST-C1-06,2024-02-08,1,2,4,0.0473
PHC-DST-C1-06,2024-02-09,1,2,4,0.048
PHC-DST-C1-06,2024-02-10,1,2,4,0.0703
PHC-DST-C1-06,2024-02-11,1,1,2,0.4672
PHC-DST-C1-06,2024-02-12,1,2,4,0.0552
PHC-DST-C1-06,2024-02-13,1,2,4,0.0416
PHC-DST-C1-06,2024-02-14,1,2,4,0.0555
PHC-DST-C1-06,2024-02-15,1,2,4,0.0433
PHC-DST-C1-06,2024-02-16,1,2,4,0.0437
PHC-DST-C1-06,2024-02-17,1,2,4,0.0526
PHC-DST-C1-06,2024-02-18,1,1,2,
PHC-DST-C1-06,2024-02-19,1,2,4,0.0401
PHC-DST-C1-06,2024-02-20,1,2,4,0.0409
PHC-DST-C1-06,2024-02-21,1,2,4,0.044
PHC-DST-C1-06,2024-02-22,1,2,4,0.0626
PHC-DST-C1-06,2024-02-23,1,2,4,0.0735
PHC-DST-C1-06,2024-02-24,1,2,4,0.0696
PHC-DST-C1-06,2024-02-25,1,1,2,0.4556
PHC-DST-C1-06,2024-02-26,1,2,4,0.0674
PHC-DST-C1-06,2024-02-27,1,2,4,0.0615
PHC-DST-C1-06,2024-02-28,1,2,4,0.066
PHC-DST-C1-06,2024-02-29,1,2,4,0.0697
PHC-DST-C1-06,2024-03-01,1,2,4,0.0548
PHC-DST-C1-06,2024-03-02,1,2,4,0.0423
PHC-DST-C1-06,2024-03-03,1,1,2,0.4538
PHC-DST-C1-06,2024-03-04,1,2,4,0.0669
PHC-DST-C1-06,2024-03-05,1,2,4,0.0741
PHC-DST-C1-06,2024-03-06,1,2,4,0.0497
PHC-DST-C1-06,2024-03-07,1,2,4,0.0788
PHC-DST-C1-06,2024-03-08,1,2,4,0.0482
PHC-DST-C1-06,2024-03-09,1,2,4,0.076
PHC-DST-C1-06,2024-03-10,1,1,2,0.4574
PHC-DST-C1-06,2024-03-11,1,2,4,0.0693
PHC-DST-C1-06,2024-03-12,1,2,4,0.0674
PHC-DST-C1-06,2024-03-13,1,2,4,0.043
PHC-DST-C1-06,2024-03-14,1,2,4,0.0576
PHC-DST-C1-06,2024-03-15,1,2,4,0.0441
PHC-DST-C1-06,2024-03-16,1,2,4,0.0669
PHC-DST-C1-06,2024-03-17,1,1,2,0.4418
PHC-DST-C1-06,2024-03-18,1,2,4,0.0586
PHC-DST-C1-06,2024-03-19,1,2,4,0.0446
PHC-DST-C1-06,2024-03-20,1,2,4,0.0737
PHC-DST-C1-06,2024-03-21,1,2,4,0.079
PHC-DST-C1-06,2024-03-22,1,2,4,0.0562
PHC-DST-C1-06,2024-03-23,1,2,4,0.042
PHC-DST-C1-06,2024-03-24,1,1,2,0.4761
PHC-DST-C1-06,2024-03-25,1,2,4,0.0636
PHC-DST-C1-06,2024-03-26,1,2,4,0.0476
PHC-DST-C1-06,2024-03-27,1,2,4,0.0537
PHC-DST-C1-06,2024-03-28,1,2,4,0.0469
PHC-DST-C1-06,2024-03-29,1,2,4,0.0471
PHC-DST-C1-06,2024-03-30,1,2,4,0.0435
PHC-DST-C1-06,2024-03-31,1,1,2,0.4434
PHC-DST-C1-06,2024-04-01,1,2,4,0.0497
PHC-DST-C1-06,2024-04-02,1,2,4,0.0714
PHC-DST-C1-06,2024-04-03,1,2,4,0.0544
PHC-DST-C1-06,2024-04-04,1,2,4,0.0638
PHC-DST-C1-06,2024-04-05,1,2,4,0.0729
PHC-DST-C1-06,2024-04-06,1,2,4,0.0635
PHC-DST-C1-06,2024-04-07,1,1,2,0.4443
PHC-DST-C1-06,2024-04-08,1,2,4,0.0495
PHC-DST-C1-06,2024-04-09,1,2,4,0.0614
PHC-DST-C1-06,2024-04-10,1,2,4,0.0788
PHC-DST-C1-06,2024-04-11,1,2,4,0.0615
PHC-DST-C1-06,2024-04-12,1,2,4,0.0775
PHC-DST-C1-06,2024-04-13,1,2,4,0.0427
PHC-DST-C1-06,2024-04-14,1,1,2,0.4518
PHC-DST-C1-06,2024-04-15,1,2,4,0.0439
PHC-DST-C1-06,2024-04-16,1,2,4,0.0585
PHC-DST-C1-06,2024-04-17,1,2,4,0.0666
PHC-DST-C1-06,2024-04-18,1,2,4,0.0709
PHC-DST-C1-06,2024-04-19,1,2,4,
PHC-DST-C1-06,2024-04-20,1,2,4,0.0504
PHC-DST-C1-06,2024-04-21,1,1,2,0.4735
PHC-DST-C1-06,2024-04-22,1,2,4,0.0511
PHC-DST-C1-06,2024-04-23,1,2,4,0.0707
PHC-DST-C1-06,2024-04-24,1,2,4,0.0688
PHC-DST-C1-06,2024-04-25,1,2,4,0.048
PHC-DST-C1-06,2024-04-26,1,2,4,0.0527
PHC-DST-C1-06,2024-04-27,1,2,4,0.0562
PHC-DST-C1-06,2024-04-28,1,1,2,0.4784
PHC-DST-C1-06,2024-04-29,1,2,4,0.0501
PHC-DST-C1-06,2024-04-30,1,2,4,0.0561
PHC-DST-C1-06,2024-05-01,1,2,4,0.0662
PHC-DST-C1-06,2024-05-02,1,2,4,0.0469
PHC-DST-C1-06,2024-05-03,1,2,4,0.0704
PHC-DST-C1-06,2024-05-04,1,2,4,0.0409
PHC-DST-C1-06,2024-05-05,1,1,2,0.4564
PHC-DST-C1-06,2024-05-06,1,2,4,0.0679
PHC-DST-C1-06,2024-05-07,1,2,4,0.0642
PHC-DST-C1-06,2024-05-08,1,2,4,0.0735
PHC-DST-C1-06,2024-05-09,1,2,4,0.061
PHC-DST-C1-06,2024-05-10,1,2,4,0.0699
PHC-DST-C1-06,2024-05-11,1,2,4,0.0578
PHC-DST-C1-06,2024-05-12,1,1,2,0.4682
PHC-DST-C1-06,2024-05-13,1,2,4,0.0715
PHC-DST-C1-06,2024-05-14,1,2,4,0.0431
PHC-DST-C1-06,2024-05-15,1,2,4,0.0531
PHC-DST-C1-06,2024-05-16,1,2,4,0.0741
PHC-DST-C1-06,2024-05-17,1,2,4,0.0492
PHC-DST-C1-06,2024-05-18,1,2,4,0.0609
PHC-DST-C1-06,2024-05-19,1,1,2,0.4478
PHC-DST-C1-06,2024-05-20,1,2,4,0.045
PHC-DST-C1-06,2024-05-21,1,2,4,0.0585
PHC-DST-C1-06,2024-05-22,1,2,4,0.072
PHC-DST-C1-06,2024-05-23,1,2,4,0.0724
PHC-DST-C1-06,2024-05-24,1,2,4,0.0569
PHC-DST-C1-06,2024-05-25,1,2,4,0.0681
PHC-DST-C1-06,2024-05-26,1,1,2,0.4639
PHC-DST-C1-06,2024-05-27,1,2,4,0.0517
PHC-DST-C1-06,2024-05-28,1,2,4,0.0553
PHC-DST-C1-06,2024-05-29,1,2,4,0.0727
PHC-DST-C1-06,2024-05-30,1,2,4,0.0422
PHC-DST-C1-06,2024-05-31,1,2,4,0.048
PHC-DST-C1-06,2024-06-01,1,2,4,0.0549
PHC-DST-C1-06,2024-06-02,1,1,2,0.4508
PHC-DST-C1-06,2024-06-03,1,2,4,0.0679
PHC-DST-C1-06,2024-06-04,1,2,4,0.0475
PHC-DST-C1-06,2024-06-05,1,2,4,0.0509
PHC-DST-C1-06,2024-06-06,1,2,4,0.0678
PHC-DST-C1-06,2024-06-07,1,2,4,0.0656
PHC-DST-C1-06,2024-06-08,1,2,4,0.0611
PHC-DST-C1-06,2024-06-09,1,1,2,0.4461
PHC-DST-C1-06,2024-06-10,1,2,4,0.0623
PHC-DST-C1-06,2024-06-11,1,2,4,0.0407
PHC-DST-C1-06,2024-06-12,1,2,4,0.0796
PHC-DST-C1-06,2024-06-13,1,2,4,0.0794
PHC-DST-C1-06,2024-06-14,1,2,4,0.0654
PHC-DST-C1-06,2024-06-15,1,2,4,0.0629
PHC-DST-C1-06,2024-06-16,1,1,2,0.4751
PHC-DST-C1-06,2024-06-17,1,2,4,0.053
PHC-DST-C1-06,2024-06-18,1,2,4,0.0413
PHC-DST-C1-06,2024-06-19,1,2,4,0.0527
PHC-DST-C1-06,2024-06-20,1,2,4,0.0558
PHC-DST-C1-06,2024-06-21,1,2,4,0.065
PHC-DST-C1-06,2024-06-22,1,2,4,
PHC-DST-C1-06,2024-06-23,1,1,2,0.4428
PHC-DST-C1-06,2024-06-24,1,2,4,0.0614
PHC-DST-C1-06,2024-06-25,1,2,4,0.0762
PHC-DST-C1-06,2024-06-26,1,2,4,0.0562
PHC-DST-C1-06,2024-06-27,1,2,4,0.0428
PHC-DST-C1-06,2024-06-28,1,2,4,0.074
PHC-DST-C1-06,2024-06-29,1,2,4,
PHC-DST-C1-06,2024-06-30,1,1,2,0.4701
PHC-DST-C1-06,2024-07-01,1,2,4,0.058
PHC-DST-C1-06,2024-07-02,1,2,4,0.0502
PHC-DST-C1-06,2024-07-03,1,2,4,0.0441
PHC-DST-C1-06,2024-07-04,1,2,4,0.0547
PHC-DST-C1-06,2024-07-05,1,2,4,0.0587
PHC-DST-C1-06,2024-07-06,1,2,4,0.0757
PHC-DST-C1-06,2024-07-07,1,1,2,0.4452
PHC-DST-C1-06,2024-07-08,1,2,4,0.0633
PHC-DST-C1-06,2024-07-09,1,2,4,0.0467
PHC-DST-C1-06,2024-07-10,1,2,4,0.0518
PHC-DST-C1-06,2024-07-11,1,2,4,0.0627
PHC-DST-C1-06,2024-07-12,1,2,4,0.04
PHC-DST-C1-06,2024-07-13,1,2,4,0.0475
PHC-DST-C1-06,2024-07-14,1,1,2,0.449
PHC-DST-C1-06,2024-07-15,1,2,4,0.0758
PHC-DST-C1-06,2024-07-16,1,2,4,0.0515
PHC-DST-C1-06,2024-07-17,1,2,4,0.0675
PHC-DST-C1-06,2024-07-18,1,2,4,0.0456
PHC-DST-C1-06,2024-07-19,1,2,4,0.0513
PHC-DST-C1-06,2024-07-20,1,2,4,0.0771
PHC-DST-C1-06,2024-07-21,1,1,2,0.457
PHC-DST-C1-06,2024-07-22,1,2,4,0.0595
PHC-DST-C1-06,2024-07-23,1,2,4,0.0663
PHC-DST-C1-06,2024-07-24,1,2,4,0.0468
PHC-DST-C1-06,2024-07-25,1,2,4,0.0634
PHC-DST-C1-06,2024-07-26,1,2,4,0.0619
PHC-DST-C1-06,2024-07-27,1,2,4,0.0563
PHC-DST-C1-06,2024-07-28,1,1,2,0.4541
PHC-DST-C1-06,2024-07-29,1,2,4,0.041
PHC-DST-C1-06,2024-07-30,1,2,4,0.0657
PHC-DST-C1-06,2024-07-31,1,2,4,0.0564
PHC-DST-C1-06,2024-08-01,1,2,4,0.0766
PHC-DST-C1-06,2024-08-02,1,2,4,0.0647
PHC-DST-C1-06,2024-08-03,1,2,4,0.0444
PHC-DST-C1-06,2024-08-04,1,1,2,0.4489
PHC-DST-C1-06,2024-08-05,1,2,4,0.044
PHC-DST-C1-06,2024-08-06,1,2,4,0.0748
PHC-DST-C1-06,2024-08-07,1,2,4,0.054
PHC-DST-C1-06,2024-08-08,1,2,4,0.0426
PHC-DST-C1-06,2024-08-09,1,2,4,0.06
PHC-DST-C1-06,2024-08-10,1,2,4,0.0575
PHC-DST-C1-06,2024-08-11,1,1,2,0.4476
PHC-DST-C1-06,2024-08-12,1,2,4,0.0473
PHC-DST-C1-06,2024-08-13,1,2,4,0.0624
PHC-DST-C1-06,2024-08-14,1,1,2,0.471
PHC-DST-C1-06,2024-08-15,1,2,4,0.0567
PHC-DST-C1-06,2024-08-16,1,2,4,0.0616
PHC-DST-C1-06,2024-08-17,1,2,4,0.0729
PHC-DST-C1-06,2024-08-18,1,1,2,0.4585
PHC-DST-C1-06,2024-08-19,1,2,4,0.0726
PHC-DST-C1-06,2024-08-20,1,2,4,0.0792
PHC-DST-C1-06,2024-08-21,1,2,4,0.0718
PHC-DST-C1-06,2024-08-22,1,2,4,0.0631
PHC-DST-C1-06,2024-08-23,1,2,4,0.0744
PHC-DST-C1-06,2024-08-24,1,2,4,0.0697
PHC-DST-C1-06,2024-08-25,1,1,2,0.479
PHC-DST-C1-06,2024-08-26,1,2,4,0.0725
PHC-DST-C1-06,2024-08-27,1,2,4,0.0722
PHC-DST-C1-06,2024-08-28,1,2,4,0.0449
PHC-DST-C1-06,2024-08-29,1,2,4,0.072
PHC-DST-C1-06,2024-08-30,1,2,4,0.0764
PHC-DST-C1-06,2024-08-31,1,2,4,0.0736
PHC-DST-C1-06,2024-09-01,1,1,2,0.47
PHC-DST-C1-06,2024-09-02,1,2,4,0.0748
PHC-DST-C1-06,2024-09-03,1,2,4,0.0425
PHC-DST-C1-06,2024-09-04,1,2,4,0.0526
PHC-DST-C1-06,2024-09-05,1,2,4,0.0591
PHC-DST-C1-06,2024-09-06,1,2,4,0.066
PHC-DST-C1-06,2024-09-07,1,2,4,0.0598
PHC-DST-C1-06,2024-09-08,0,1,1,0.85
PHC-DST-C1-06,2024-09-09,1,2,4,0.0468
PHC-DST-C1-06,2024-09-10,1,2,4,0.0722
PHC-DST-C1-06,2024-09-11,1,2,4,0.0547
PHC-DST-C1-06,2024-09-12,1,2,4,0.0488
PHC-DST-C1-06,2024-09-13,1,2,4,0.0477
PHC-DST-C1-06,2024-09-14,1,2,4,0.0453
PHC-DST-C1-06,2024-09-15,1,1,2,0.4615
PHC-DST-C1-06,2024-09-16,1,2,4,0.0463
PHC-DST-C1-06,2024-09-17,1,2,4,0.0486
PHC-DST-C1-06,2024-09-18,1,2,4,0.0776
PHC-DST-C1-06,2024-09-19,1,2,4,0.0747
PHC-DST-C1-06,2024-09-20,1,2,4,0.0766
PHC-DST-C1-06,2024-09-21,1,2,4,0.0693
PHC-DST-C1-06,2024-09-22,1,1,2,0.4773
PHC-DST-C1-06,2024-09-23,1,2,4,0.0684
PHC-DST-C1-06,2024-09-24,1,2,4,0.0784
PHC-DST-C1-06,2024-09-25,1,2,4,0.0518
PHC-DST-C1-06,2024-09-26,1,2,4,0.0482
PHC-DST-C1-06,2024-09-27,1,2,4,0.0757
PHC-DST-C1-06,2024-09-28,1,2,4,0.0576
PHC-DST-C1-06,2024-09-29,1,1,2,0.4786
PHC-DST-C1-06,2024-09-30,1,2,4,0.0584
PHC-DST-C1-06,2024-10-01,1,2,4,0.0771
PHC-DST-C1-06,2024-10-02,1,2,4,0.0696
PHC-DST-C1-06,2024-10-03,1,2,4,0.0757
PHC-DST-C1-06,2024-10-04,1,2,4,0.076
PHC-DST-C1-06,2024-10-05,1,2,4,0.0559
PHC-DST-C1-06,2024-10-06,1,1,2,0.4756
PHC-DST-C1-06,2024-10-07,1,2,4,0.0436
PHC-DST-C1-06,2024-10-08,1,2,4,0.0702
PHC-DST-C1-06,2024-10-09,1,2,4,0.0771
PHC-DST-C1-06,2024-10-10,1,2,4,0.0452
PHC-DST-C1-06,2024-10-11,1,2,4,
PHC-DST-C1-06,2024-10-12,1,2,4,0.0628
PHC-DST-C1-06,2024-10-13,1,1,2,0.4651
PHC-DST-C1-06,2024-10-14,1,2,4,0.0614
PHC-DST-C1-06,2024-10-15,1,2,4,0.0596
PHC-DST-C1-06,2024-10-16,1,2,4,0.0408
PHC-DST-C1-06,2024-10-17,1,2,4,0.0407
PHC-DST-C1-06,2024-10-18,1,2,4,0.0793
PHC-DST-C1-06,2024-10-19,1,2,4,0.0764
PHC-DST-C1-06,2024-10-20,1,1,2,0.465
PHC-DST-C1-06,2024-10-21,1,2,4,0.0509
PHC-DST-C1-06,2024-10-22,1,2,4,0.0754
PHC-DST-C1-06,2024-10-23,1,2,4,0.0574
PHC-DST-C1-06,2024-10-24,1,2,4,0.0707
PHC-DST-C1-06,2024-10-25,1,2,4,0.0421
PHC-DST-C1-06,2024-10-26,1,2,4,0.0581
PHC-DST-C1-06,2024-10-27,1,1,2,0.4572
PHC-DST-C1-06,2024-10-28,1,2,4,0.0446
PHC-DST-C1-06,2024-10-29,1,2,4,0.0604
PHC-DST-C1-06,2024-10-30,1,2,4,0.0667
PHC-DST-C1-06,2024-10-31,1,2,4,0.0508
PHC-DST-C1-06,2024-11-01,1,2,4,0.0766
PHC-DST-C1-06,2024-11-02,1,2,4,0.0658
PHC-DST-C1-06,2024-11-03,1,1,2,0.4755
PHC-DST-C1-06,2024-11-04,1,2,4,0.0457
PHC-DST-C1-06,2024-11-05,1,2,4,0.0502
PHC-DST-C1-06,2024-11-06,1,2,4,0.0688
PHC-DST-C1-06,2024-11-07,1,2,4,0.0567
PHC-DST-C1-06,2024-11-08,1,2,4,0.0553
PHC-DST-C1-06,2024-11-09,1,2,4,0.0666
PHC-DST-C1-06,2024-11-10,1,1,2,0.4419
PHC-DST-C1-06,2024-11-11,1,2,4,0.0631
PHC-DST-C1-06,2024-11-12,1,2,4,0.0409
PHC-DST-C1-06,2024-11-13,1,2,4,0.0416
PHC-DST-C1-06,2024-11-14,1,2,4,0.0603
PHC-DST-C1-06,2024-11-15,1,2,4,0.0593
PHC-DST-C1-06,2024-11-16,1,2,4,0.0473
PHC-DST-C1-06,2024-11-17,1,1,2,0.4585
PHC-DST-C1-06,2024-11-18,1,2,4,0.0709
PHC-DST-C1-06,2024-11-19,1,2,4,0.0739
PHC-DST-C1-06,2024-11-20,1,2,4,0.0767
PHC-DST-C1-06,2024-11-21,1,2,4,0.0401
PHC-DST-C1-06,2024-11-22,1,2,4,0.0522
PHC-DST-C1-06,2024-11-23,1,2,4,0.0661
PHC-DST-C1-06,2024-11-24,1,1,2,0.4649
PHC-DST-C1-06,2024-11-25,1,2,4,0.0726
PHC-DST-C1-06,2024-11-26,1,2,4,0.0676
PHC-DST-C1-06,2024-11-27,1,2,4,0.0498
PHC-DST-C1-06,2024-11-28,1,2,4,0.0554
PHC-DST-C1-06,2024-11-29,1,2,4,0.0526
PHC-DST-C1-06,2024-11-30,1,2,4,0.0663
PHC-DST-C1-06,2024-12-01,1,1,2,0.4607
PHC-DST-C1-06,2024-12-02,1,2,4,0.0493
PHC-DST-C1-06,2024-12-03,1,2,4,0.0404
PHC-DST-C1-06,2024-12-04,1,2,4,0.0689
PHC-DST-C1-06,2024-12-05,1,2,4,0.0592
PHC-DST-C1-06,2024-12-06,1,2,4,0.0405
PHC-DST-C1-06,2024-12-07,1,2,4,0.0437
PHC-DST-C1-06,2024-12-08,1,1,2,0.4731
PHC-DST-C1-06,2024-12-09,1,2,4,0.0445
PHC-DST-C1-06,2024-12-10,1,2,4,0.0576
PHC-DST-C1-06,2024-12-11,1,2,4,0.0632
PHC-DST-C1-06,2024-12-12,1,2,4,0.0623
PHC-DST-C1-06,2024-12-13,1,2,4,0.0444
PHC-DST-C1-06,2024-12-14,1,2,4,0.0669
PHC-DST-C1-06,2024-12-15,1,1,2,0.4719
PHC-DST-C1-06,2024-12-16,1,2,4,0.0448
PHC-DST-C1-06,2024-12-17,1,2,4,0.0785
PHC-DST-C1-06,2024-12-18,1,2,4,0.0533
PHC-DST-C1-06,2024-12-19,1,2,4,0.0787
PHC-DST-C1-06,2024-12-20,1,2,4,0.0576
PHC-DST-C1-06,2024-12-21,1,2,4,0.0405
PHC-DST-C1-06,2024-12-22,1,1,2,0.4638
PHC-DST-C1-06,2024-12-23,1,2,4,0.0416
PHC-DST-C1-06,2024-12-24,1,2,4,0.0799
PHC-DST-C1-06,2024-12-25,1,2,4,0.0612
PHC-DST-C1-06,2024-12-26,1,2,4,0.0591
PHC-DST-C1-06,2024-12-27,1,2,4,0.0559
PHC-DST-C1-06,2024-12-28,1,2,4,0.0457
PHC-DST-C1-06,2024-12-29,1,1,2,
PHC-DST-C1-06,2024-12-30,1,2,4,0.0679
PHC-DST-C1-06,2024-12-31,1,2,4,0.0401
PHC-DST-C1-06,2025-01-01,1,2,4,0.0446
PHC-DST-C1-06,2025-01-02,1,2,4,0.0557
PHC-DST-C1-06,2025-01-03,1,2,4,0.052
PHC-DST-C1-06,2025-01-04,1,2,4,0.0768
PHC-DST-C1-06,2025-01-05,1,1,2,0.4725
PHC-DST-C1-06,2025-01-06,1,2,4,0.0623
PHC-DST-C1-06,2025-01-07,1,2,4,0.0696
PHC-DST-C1-06,2025-01-08,1,2,4,0.0435
PHC-DST-C1-06,2025-01-09,1,2,4,0.0637
PHC-DST-C1-06,2025-01-10,1,2,4,0.073
PHC-DST-C1-06,2025-01-11,1,2,4,
PHC-DST-C1-06,2025-01-12,1,1,2,0.4435
PHC-DST-C1-06,2025-01-13,1,2,4,0.0543
PHC-DST-C1-06,2025-01-14,1,2,4,0.0588
PHC-DST-C1-06,2025-01-15,1,2,4,0.0735
PHC-DST-C1-06,2025-01-16,1,2,4,0.0783
PHC-DST-C1-06,2025-01-17,1,2,4,0.0709
PHC-DST-C1-06,2025-01-18,1,2,4,0.0642
PHC-DST-C1-06,2025-01-19,1,1,2,0.4736
PHC-DST-C1-06,2025-01-20,1,2,4,0.0575
PHC-DST-C1-06,2025-01-21,1,2,4,0.0743
PHC-DST-C1-06,2025-01-22,1,2,4,0.0798
PHC-DST-C1-06,2025-01-23,1,2,4,0.0443
PHC-DST-C1-06,2025-01-24,1,2,4,0.0723
PHC-DST-C1-06,2025-01-25,1,2,4,0.0448
PHC-DST-C1-06,2025-01-26,1,1,2,0.4539
PHC-DST-C1-06,2025-01-27,1,2,4,0.0781
PHC-DST-C1-06,2025-01-28,1,2,4,0.0443
PHC-DST-C1-06,2025-01-29,1,2,4,0.0497
PHC-DST-C1-06,2025-01-30,1,2,4,0.0766
PHC-DST-C1-06,2025-01-31,1,2,4,0.068
PHC-DST-C1-06,2025-02-01,1,2,4,0.0711
PHC-DST-C1-06,2025-02-02,1,1,2,0.459
PHC-DST-C1-06,2025-02-03,1,2,4,0.0648
PHC-DST-C1-06,2025-02-04,1,2,4,0.078
PHC-DST-C1-06,2025-02-05,1,2,4,0.0772
PHC-DST-C1-06,2025-02-06,1,2,4,0.0681
PHC-DST-C1-06,2025-02-07,1,2,4,0.0549
PHC-DST-C1-06,2025-02-08,1,2,4,0.044
PHC-DST-C1-06,2025-02-09,1,1,2,0.4474
PHC-DST-C1-06,2025-02-10,1,2,4,0.0455
PHC-DST-C1-06,2025-02-11,1,2,4,0.0568
PHC-DST-C1-06,2025-02-12,1,2,4,0.058
PHC-DST-C1-06,2025-02-13,1,2,4,0.0755
PHC-DST-C1-06,2025-02-14,1,2,4,0.0656
PHC-DST-C1-06,2025-02-15,1,2,4,0.0637
PHC-DST-C1-06,2025-02-16,1,1,2,0.4468
PHC-DST-C1-06,2025-02-17,1,2,4,0.0768
PHC-DST-C1-06,2025-02-18,1,2,4,0.058
PHC-DST-C1-06,2025-02-19,1,2,4,0.058
PHC-DST-C1-06,2025-02-20,1,2,4,0.0708
PHC-DST-C1-06,2025-02-21,1,2,4,0.0682
PHC-DST-C1-06,2025-02-22,1,2,4,0.0447
PHC-DST-C1-06,2025-02-23,1,1,2,0.4786
PHC-DST-C1-06,2025-02-24,1,2,4,0.0673
PHC-DST-C1-06,2025-02-25,1,2,4,0.0621
PHC-DST-C1-06,2025-02-26,1,2,4,0.0536
PHC-DST-C1-06,2025-02-27,1,2,4,0.0794
PHC-DST-C1-06,2025-02-28,1,2,4,0.0541
PHC-DST-C1-06,2025-03-01,1,2,4,0.0496
PHC-DST-C1-06,2025-03-02,1,1,2,0.4601
PHC-DST-C1-06,2025-03-03,1,2,4,0.0613
PHC-DST-C1-06,2025-03-04,1,2,4,0.0462
PHC-DST-C1-06,2025-03-05,1,2,4,0.0792
PHC-DST-C1-06,2025-03-06,1,2,4,0.0609
PHC-DST-C1-06,2025-03-07,1,2,4,0.0455
PHC-DST-C1-06,2025-03-08,1,2,4,0.073
PHC-DST-C1-06,2025-03-09,1,1,2,0.4681
PHC-DST-C1-06,2025-03-10,1,2,4,0.0456
PHC-DST-C1-06,2025-03-11,1,2,4,0.0712
PHC-DST-C1-06,2025-03-12,1,2,4,0.0481
PHC-DST-C1-06,2025-03-13,1,2,4,0.0684
PHC-DST-C1-06,2025-03-14,1,2,4,0.0604
PHC-DST-C1-06,2025-03-15,1,2,4,0.0698
PHC-DST-C1-06,2025-03-16,1,1,2,0.4572
PHC-DST-C1-06,2025-03-17,1,2,4,0.0651
PHC-DST-C1-06,2025-03-18,1,2,4,0.0614
PHC-DST-C1-06,2025-03-19,1,2,4,0.0466
PHC-DST-C1-06,2025-03-20,1,2,4,0.0737
PHC-DST-C1-06,2025-03-21,1,2,4,0.0559
PHC-DST-C1-06,2025-03-22,1,2,4,0.0778
PHC-DST-C1-06,2025-03-23,1,1,2,0.4639
PHC-DST-C1-06,2025-03-24,1,2,4,0.052
PHC-DST-C1-06,2025-03-25,1,2,4,0.0462
PHC-DST-C1-06,2025-03-26,1,2,4,0.0746
PHC-DST-C1-06,2025-03-27,1,2,4,0.062
PHC-DST-C1-06,2025-03-28,1,2,4,0.0781
PHC-DST-C1-06,2025-03-29,1,2,4,
PHC-DST-C1-06,2025-03-30,1,1,2,0.4729
PHC-DST-C1-06,2025-03-31,1,2,4,0.0703
PHC-DST-C1-06,2025-04-01,1,2,4,0.0592
PHC-DST-C1-06,2025-04-02,1,2,4,0.0648
PHC-DST-C1-06,2025-04-03,1,2,4,0.0531
PHC-DST-C1-06,2025-04-04,1,2,4,
PHC-DST-C1-06,2025-04-05,1,2,4,0.0515
PHC-DST-C1-06,2025-04-06,1,1,2,0.4487
PHC-DST-C1-06,2025-04-07,1,2,4,0.0561
PHC-DST-C1-06,2025-04-08,1,2,4,0.0495
PHC-DST-C1-06,2025-04-09,1,2,4,0.0686
PHC-DST-C1-06,2025-04-10,1,2,4,0.0712
PHC-DST-C1-06,2025-04-11,1,2,4,0.0603
PHC-DST-C1-06,2025-04-12,1,2,4,0.0661
PHC-DST-C1-06,2025-04-13,1,1,2,0.4483
PHC-DST-C1-06,2025-04-14,1,2,4,0.0414
PHC-DST-C1-06,2025-04-15,1,2,4,0.0699
PHC-DST-C1-06,2025-04-16,1,2,4,0.0486
PHC-DST-C1-06,2025-04-17,1,2,4,0.0718
PHC-DST-C1-06,2025-04-18,1,2,4,0.0422
PHC-DST-C1-06,2025-04-19,1,2,4,0.0553
PHC-DST-C1-06,2025-04-20,1,1,2,0.4662
PHC-DST-C1-06,2025-04-21,1,2,4,0.0736
PHC-DST-C1-06,2025-04-22,1,2,4,0.0681
PHC-DST-C1-06,2025-04-23,1,2,4,0.0437
PHC-DST-C1-06,2025-04-24,1,2,4,0.0721
PHC-DST-C1-06,2025-04-25,1,2,4,0.055
PHC-DST-C1-06,2025-04-26,1,2,4,0.0756
PHC-DST-C1-06,2025-04-27,1,1,2,0.4513
PHC-DST-C1-06,2025-04-28,1,2,4,0.0518
PHC-DST-C1-06,2025-04-29,1,2,4,0.0507
PHC-DST-C1-06,2025-04-30,1,2,4,0.0428
PHC-DST-C1-06,2025-05-01,1,2,4,0.0619
PHC-DST-C1-06,2025-05-02,1,2,4,0.0526
PHC-DST-C1-06,2025-05-03,1,2,4,0.0782
PHC-DST-C1-06,2025-05-04,1,1,2,0.4712
PHC-DST-C1-06,2025-05-05,1,2,4,0.0506
PHC-DST-C1-06,2025-05-06,1,2,4,0.0698
PHC-DST-C1-06,2025-05-07,1,2,4,0.0728
PHC-DST-C1-06,2025-05-08,1,2,4,0.0547
PHC-DST-C1-06,2025-05-09,1,2,4,0.0769
PHC-DST-C1-06,2025-05-10,1,2,4,0.0442
PHC-DST-C1-06,2025-05-11,1,1,2,0.4751
PHC-DST-C1-06,2025-05-12,1,2,4,0.0774
PHC-DST-C1-06,2025-05-13,1,2,4,0.0434
PHC-DST-C1-06,2025-05-14,1,2,4,0.0744
PHC-DST-C1-06,2025-05-15,1,2,4,0.0482
PHC-DST-C1-06,2025-05-16,1,2,4,0.07
PHC-DST-C1-06,2025-05-17,1,2,4,0.0765
PHC-DST-C1-06,2025-05-18,1,1,2,0.4567
PHC-DST-C1-06,2025-05-19,1,2,4,0.0467
PHC-DST-C1-06,2025-05-20,1,2,4,0.04
PHC-DST-C1-06,2025-05-21,1,2,4,0.0527
PHC-DST-C1-06,2025-05-22,1,2,4,0.0561
PHC-DST-C1-06,2025-05-23,1,2,4,0.047
PHC-DST-C1-06,2025-05-24,1,2,4,0.0704
PHC-DST-C1-06,2025-05-25,1,1,2,0.4428
PHC-DST-C1-06,2025-05-26,1,2,4,0.0452
PHC-DST-C1-06,2025-05-27,1,2,4,0.0681
PHC-DST-C1-06,2025-05-28,1,2,4,0.0403
PHC-DST-C1-06,2025-05-29,1,2,4,0.0441
PHC-DST-C1-06,2025-05-30,1,2,4,0.075
PHC-DST-C1-06,2025-05-31,1,2,4,0.0726
PHC-DST-C1-06,2025-06-01,1,1,2,0.4602
PHC-DST-C1-06,2025-06-02,1,2,4,0.0687
PHC-DST-C1-06,2025-06-03,1,2,4,0.0665
PHC-DST-C1-06,2025-06-04,1,2,4,0.0572
PHC-DST-C1-06,2025-06-05,1,2,4,0.0693
PHC-DST-C1-06,2025-06-06,1,2,4,0.0469
PHC-DST-C1-06,2025-06-07,1,2,4,0.0622
PHC-DST-C1-06,2025-06-08,1,1,2,0.4763
PHC-DST-C1-06,2025-06-09,1,2,4,0.0526
PHC-DST-C1-06,2025-06-10,1,2,4,0.0442
PHC-DST-C1-06,2025-06-11,1,2,4,0.0629
PHC-DST-C1-06,2025-06-12,1,2,4,0.0623
PHC-DST-C1-06,2025-06-13,1,2,4,0.065
PHC-DST-C1-06,2025-06-14,1,2,4,0.0655
PHC-DST-C1-06,2025-06-15,1,1,2,0.4547
PHC-DST-C1-06,2025-06-16,1,2,4,0.0644
PHC-DST-C1-06,2025-06-17,1,2,4,0.0685
PHC-DST-C1-06,2025-06-18,1,2,4,0.0534
PHC-DST-C1-06,2025-06-19,1,2,4,0.0665
PHC-DST-C1-06,2025-06-20,1,2,4,0.0545
PHC-DST-C1-06,2025-06-21,1,2,4,0.0729
PHC-DST-C1-06,2025-06-22,1,1,2,0.4684
PHC-DST-C1-06,2025-06-23,1,2,4,0.0405
PHC-DST-C1-06,2025-06-24,1,2,4,0.0648
PHC-DST-C1-06,2025-06-25,1,2,4,0.0567
PHC-DST-C1-06,2025-06-26,1,2,4,0.0701
PHC-DST-C1-06,2025-06-27,1,2,4,0.0576
PHC-DST-C1-06,2025-06-28,1,2,4,0.064
PHC-DST-C1-06,2025-06-29,1,1,2,0.4517
PHC-DST-C1-06,2025-06-30,1,2,4,0.076
PHC-DST-C2-01,2024-01-01,1,3,3,0.0561
PHC-DST-C2-01,2024-01-02,1,3,3,0.057
PHC-DST-C2-01,2024-01-03,1,3,3,0.0569
PHC-DST-C2-01,2024-01-04,1,3,3,0.0574
PHC-DST-C2-01,2024-01-05,1,3,3,0.0744
PHC-DST-C2-01,2024-01-06,1,3,3,0.0499
PHC-DST-C2-01,2024-01-07,1,2,2,0.4662
PHC-DST-C2-01,2024-01-08,1,3,3,0.0579
PHC-DST-C2-01,2024-01-09,1,3,3,0.0408
PHC-DST-C2-01,2024-01-10,1,3,3,0.0471
PHC-DST-C2-01,2024-01-11,1,3,3,0.0405
PHC-DST-C2-01,2024-01-12,1,3,3,0.0719
PHC-DST-C2-01,2024-01-13,1,3,3,0.0475
PHC-DST-C2-01,2024-01-14,1,2,2,0.4794
PHC-DST-C2-01,2024-01-15,1,3,3,0.0768
PHC-DST-C2-01,2024-01-16,1,3,3,0.0707
PHC-DST-C2-01,2024-01-17,1,3,3,0.043
PHC-DST-C2-01,2024-01-18,1,3,3,0.0772
PHC-DST-C2-01,2024-01-19,1,3,3,0.0488
PHC-DST-C2-01,2024-01-20,1,3,3,0.0763
PHC-DST-C2-01,2024-01-21,1,2,2,0.4556
PHC-DST-C2-01,2024-01-22,1,3,3,0.0744
PHC-DST-C2-01,2024-01-23,1,3,3,0.0791
PHC-DST-C2-01,2024-01-24,1,3,3,0.0625
PHC-DST-C2-01,2024-01-25,1,3,3,0.0512
PHC-DST-C2-01,2024-01-26,1,3,3,0.0776
PHC-DST-C2-01,2024-01-27,1,3,3,0.075
PHC-DST-C2-01,2024-01-28,1,2,2,0.4415
PHC-DST-C2-01,2024-01-29,1,3,3,0.0552
PHC-DST-C2-01,2024-01-30,1,3,3,0.062
PHC-DST-C2-01,2024-01-31,1,3,3,0.0681
PHC-DST-C2-01,2024-02-01,1,3,3,0.0485
PHC-DST-C2-01,2024-02-02,1,3,3,0.0414
PHC-DST-C2-01,2024-02-03,1,3,3,0.06
PHC-DST-C2-01,2024-02-04,1,2,2,0.4417
PHC-DST-C2-01,2024-02-05,1,3,3,0.0578
PHC-DST-C2-01,2024-02-06,1,3,3,0.0527
PHC-DST-C2-01,2024-02-07,1,3,3,0.0555
PHC-DST-C2-01,2024-02-08,1,3,3,0.0783
PHC-DST-C2-01,2024-02-09,1,3,3,0.0519
PHC-DST-C2-01,2024-02-10,1,3,3,0.0601
PHC-DST-C2-01,2024-02-11,1,2,2,0.4575
PHC-DST-C2-01,2024-02-12,1,3,3,0.0621
PHC-DST-C2-01,2024-02-13,1,3,3,0.0495
PHC-DST-C2-01,2024-02-14,1,3,3,0.0404
PHC-DST-C2-01,2024-02-15,1,3,3,0.0556
PHC-DST-C2-01,2024-02-16,1,3,3,0.0418
PHC-DST-C2-01,2024-02-17,1,3,3,0.0761
PHC-DST-C2-01,2024-02-18,1,2,2,0.4514
PHC-DST-C2-01,2024-02-19,1,3,3,0.0542
PHC-DST-C2-01,2024-02-20,1,3,3,0.063
PHC-DST-C2-01,2024-02-21,1,3,3,0.076
PHC-DST-C2-01,2024-02-22,1,3,3,0.0729
PHC-DST-C2-01,2024-02-23,1,3,3,0.058
PHC-DST-C2-01,2024-02-24,1,3,3,0.0562
PHC-DST-C2-01,2024-02-25,1,2,2,0.4557
PHC-DST-C2-01,2024-02-26,1,3,3,0.0704
PHC-DST-C2-01,2024-02-27,1,3,3,0.0505
PHC-DST-C2-01,2024-02-28,1,3,3,0.0658
PHC-DST-C2-01,2024-02-29,1,3,3,0.0742
PHC-DST-C2-01,2024-03-01,1,3,3,0.0759
PHC-DST-C2-01,2024-03-02,1,3,3,0.0526
PHC-DST-C2-01,2024-03-03,1,2,2,0.4525
PHC-DST-C2-01,2024-03-04,1,3,3,0.0529
PHC-DST-C2-01,2024-03-05,1,3,3,0.0742
PHC-DST-C2-01,2024-03-06,1,3,3,0.0434
PHC-DST-C2-01,2024-03-07,1,3,3,0.0421
PHC-DST-C2-01,2024-03-08,1,3,3,0.0535
PHC-DST-C2-01,2024-03-09,1,3,3,0.0405
PHC-DST-C2-01,2024-03-10,1,2,2,0.4515
PHC-DST-C2-01,2024-03-11,1,3,3,0.0463
PHC-DST-C2-01,2024-03-12,1,3,3,0.0484
PHC-DST-C2-01,2024-03-13,1,3,3,0.0681
PHC-DST-C2-01,2024-03-14,1,3,3,0.0691
PHC-DST-C2-01,2024-03-15,1,3,3,0.0661
PHC-DST-C2-01,2024-03-16,1,3,3,0.0557
PHC-DST-C2-01,2024-03-17,1,2,2,0.4635
PHC-DST-C2-01,2024-03-18,1,3,3,0.0511
PHC-DST-C2-01,2024-03-19,1,3,3,0.0742
PHC-DST-C2-01,2024-03-20,1,3,3,0.0717
PHC-DST-C2-01,2024-03-21,1,3,3,0.0436
PHC-DST-C2-01,2024-03-22,1,3,3,0.0628
PHC-DST-C2-01,2024-03-23,1,3,3,0.0425
PHC-DST-C2-01,2024-03-24,1,2,2,0.4722
PHC-DST-C2-01,2024-03-25,1,3,3,
PHC-DST-C2-01,2024-03-26,1,3,3,0.0737
PHC-DST-C2-01,2024-03-27,1,3,3,0.0423
PHC-DST-C2-01,2024-03-28,1,3,3,0.0616
PHC-DST-C2-01,2024-03-29,1,3,3,0.0469
PHC-DST-C2-01,2024-03-30,1,3,3,0.0775
PHC-DST-C2-01,2024-03-31,1,2,2,0.4451
PHC-DST-C2-01,2024-04-01,1,3,3,0.0604
PHC-DST-C2-01,2024-04-02,1,3,3,0.0577
PHC-DST-C2-01,2024-04-03,1,3,3,0.0517
PHC-DST-C2-01,2024-04-04,1,3,3,0.0623
PHC-DST-C2-01,2024-04-05,1,3,3,0.0682
PHC-DST-C2-01,2024-04-06,1,3,3,0.0766
PHC-DST-C2-01,2024-04-07,1,2,2,0.4434
PHC-DST-C2-01,2024-04-08,1,3,3,0.0424
PHC-DST-C2-01,2024-04-09,1,3,3,0.0715
PHC-DST-C2-01,2024-04-10,1,3,3,0.078
PHC-DST-C2-01,2024-04-11,1,3,3,0.0681
PHC-DST-C2-01,2024-04-12,1,3,3,0.0445
PHC-DST-C2-01,2024-04-13,1,3,3,0.0527
PHC-DST-C2-01,2024-04-14,1,2,2,0.4752
PHC-DST-C2-01,2024-04-15,1,3,3,0.0485
PHC-DST-C2-01,2024-04-16,1,3,3,0.0528
PHC-DST-C2-01,2024-04-17,1,3,3,0.08
PHC-DST-C2-01,2024-04-18,1,3,3,0.045
PHC-DST-C2-01,2024-04-19,1,3,3,0.0459
PHC-DST-C2-01,2024-04-20,1,3,3,0.0671
PHC-DST-C2-01,2024-04-21,1,2,2,0.4624
PHC-DST-C2-01,2024-04-22,1,3,3,0.0673
PHC-DST-C2-01,2024-04-23,1,3,3,0.0791
PHC-DST-C2-01,2024-04-24,1,3,3,0.0623
PHC-DST-C2-01,2024-04-25,1,3,3,0.0553
PHC-DST-C2-01,2024-04-26,1,3,3,0.0495
PHC-DST-C2-01,2024-04-27,1,3,3,0.053
PHC-DST-C2-01,2024-04-28,1,2,2,0.4599
PHC-DST-C2-01,2024-04-29,1,3,3,0.073
PHC-DST-C2-01,2024-04-30,1,3,3,0.0557
PHC-DST-C2-01,2024-05-01,1,3,3,0.0535
PHC-DST-C2-01,2024-05-02,1,3,3,0.0631
PHC-DST-C2-01,2024-05-03,1,3,3,0.0718
PHC-DST-C2-01,2024-05-04,1,3,3,0.0781
PHC-DST-C2-01,2024-05-05,1,2,2,0.4703
PHC-DST-C2-01,2024-05-06,1,3,3,0.0454
PHC-DST-C2-01,2024-05-07,1,3,3,0.0664
PHC-DST-C2-01,2024-05-08,1,3,3,0.0786
PHC-DST-C2-01,2024-05-09,1,3,3,0.0694
PHC-DST-C2-01,2024-05-10,1,3,3,0.0589
PHC-DST-C2-01,2024-05-11,1,3,3,0.043
PHC-DST-C2-01,2024-05-12,1,2,2,0.4666
PHC-DST-C2-01,2024-05-13,1,3,3,0.057
PHC-DST-C2-01,2024-05-14,1,3,3,0.0734
PHC-DST-C2-01,2024-05-15,1,3,3,0.0704
PHC-DST-C2-01,2024-05-16,1,3,3,0.0426
PHC-DST-C2-01,2024-05-17,1,3,3,0.0618
PHC-DST-C2-01,2024-05-18,1,3,3,0.0457
PHC-DST-C2-01,2024-05-19,1,2,2,0.4674
PHC-DST-C2-01,2024-05-20,1,3,3,0.0511
PHC-DST-C2-01,2024-05-21,1,3,3,0.0715
PHC-DST-C2-01,2024-05-22,1,3,3,0.054
PHC-DST-C2-01,2024-05-23,1,3,3,0.0763
PHC-DST-C2-01,2024-05-24,1,3,3,0.0724
PHC-DST-C2-01,2024-05-25,1,3,3,
PHC-DST-C2-01,2024-05-26,1,2,2,0.4542
PHC-DST-C2-01,2024-05-27,1,3,3,0.0769
PHC-DST-C2-01,2024-05-28,1,3,3,0.0794
PHC-DST-C2-01,2024-05-29,1,3,3,0.0523
PHC-DST-C2-01,2024-05-30,1,3,3,0.0709
PHC-DST-C2-01,2024-05-31,1,3,3,0.0571
PHC-DST-C2-01,2024-06-01,1,3,3,0.0564
PHC-DST-C2-01,2024-06-02,1,2,2,0.4613
PHC-DST-C2-01,2024-06-03,1,3,3,0.0667
PHC-DST-C2-01,2024-06-04,1,3,3,0.0565
PHC-DST-C2-01,2024-06-05,1,3,3,0.0644
PHC-DST-C2-01,2024-06-06,1,3,3,0.07
PHC-DST-C2-01,2024-06-07,1,3,3,0.0793
PHC-DST-C2-01,2024-06-08,1,3,3,0.0772
PHC-DST-C2-01,2024-06-09,1,2,2,0.4459
PHC-DST-C2-01,2024-06-10,1,3,3,0.0748
PHC-DST-C2-01,2024-06-11,1,3,3,0.0747
PHC-DST-C2-01,2024-06-12,1,3,3,0.0548
PHC-DST-C2-01,2024-06-13,1,3,3,0.0538
PHC-DST-C2-01,2024-06-14,1,3,3,0.0646
PHC-DST-C2-01,2024-06-15,1,3,3,0.0611
PHC-DST-C2-01,2024-06-16,1,2,2,0.455
PHC-DST-C2-01,2024-06-17,1,3,3,0.0779
PHC-DST-C2-01,2024-06-18,1,3,3,0.058
PHC-DST-C2-01,2024-06-19,1,3,3,0.0408
PHC-DST-C2-01,2024-06-20,1,3,3,0.0411
PHC-DST-C2-01,2024-06-21,1,3,3,0.0601
PHC-DST-C2-01,2024-06-22,1,3,3,
PHC-DST-C2-01,2024-06-23,1,2,2,0.4412
PHC-DST-C2-01,2024-06-24,1,3,3,0.0515
PHC-DST-C2-01,2024-06-25,1,3,3,0.0439
PHC-DST-C2-01,2024-06-26,1,3,3,
PHC-DST-C2-01,2024-06-27,1,3,3,0.0769
PHC-DST-C2-01,2024-06-28,1,3,3,0.0511
PHC-DST-C2-01,2024-06-29,1,3,3,0.0493
PHC-DST-C2-01,2024-06-30,1,2,2,0.4456
PHC-DST-C2-01,2024-07-01,1,3,3,0.0644
PHC-DST-C2-01,2024-07-02,1,3,3,0.0522
PHC-DST-C2-01,2024-07-03,1,3,3,0.0564
PHC-DST-C2-01,2024-07-04,1,3,3,0.0709
PHC-DST-C2-01,2024-07-05,1,3,3,0.0538
PHC-DST-C2-01,2024-07-06,1,3,3,0.0407
PHC-DST-C2-01,2024-07-07,1,2,2,0.4666
PHC-DST-C2-01,2024-07-08,1,3,3,0.0512
PHC-DST-C2-01,2024-07-09,1,3,3,0.0436
PHC-DST-C2-01,2024-07-10,1,3,3,0.0619
PHC-DST-C2-01,2024-07-11,1,3,3,0.0528
PHC-DST-C2-01,2024-07-12,1,3,3,0.0411
PHC-DST-C2-01,2024-07-13,1,3,3,0.0597
PHC-DST-C2-01,2024-07-14,1,2,2,0.4794
PHC-DST-C2-01,2024-07-15,1,3,3,0.067
PHC-DST-C2-01,2024-07-16,1,3,3,0.0631
PHC-DST-C2-01,2024-07-17,1,3,3,0.0653
PHC-DST-C2-01,2024-07-18,1,3,3,0.0727
PHC-DST-C2-01,2024-07-19,1,3,3,0.0679
PHC-DST-C2-01,2024-07-20,1,3,3,0.0522
PHC-DST-C2-01,2024-07-21,1,2,2,0.4503
PHC-DST-C2-01,2024-07-22,1,3,3,0.0768
PHC-DST-C2-01,2024-07-23,1,3,3,0.0661
PHC-DST-C2-01,2024-07-24,1,3,3,0.0479
PHC-DST-C2-01,2024-07-25,1,3,3,0.05
PHC-DST-C2-01,2024-07-26,1,3,3,0.072
PHC-DST-C2-01,2024-07-27,1,3,3,0.0507
PHC-DST-C2-01,2024-07-28,1,2,2,0.4574
PHC-DST-C2-01,2024-07-29,1,3,3,0.0748
PHC-DST-C2-01,2024-07-30,1,3,3,0.0694
PHC-DST-C2-01,2024-07-31,1,3,3,0.0587
PHC-DST-C2-01,2024-08-01,1,3,3,0.0413
PHC-DST-C2-01,2024-08-02,1,3,3,0.0566
PHC-DST-C2-01,2024-08-03,1,3,3,0.0696
PHC-DST-C2-01,2024-08-04,1,2,2,0.4762
PHC-DST-C2-01,2024-08-05,1,3,3,0.0726
PHC-DST-C2-01,2024-08-06,1,3,3,0.043
PHC-DST-C2-01,2024-08-07,1,3,3,0.0705
PHC-DST-C2-01,2024-08-08,1,3,3,0.0599
PHC-DST-C2-01,2024-08-09,1,3,3,0.0645
PHC-DST-C2-01,2024-08-10,1,3,3,
PHC-DST-C2-01,2024-08-11,1,2,2,0.4633
PHC-DST-C2-01,2024-08-12,1,3,3,0.0469
PHC-DST-C2-01,2024-08-13,1,3,3,0.0621
PHC-DST-C2-01,2024-08-14,1,3,3,0.0765
PHC-DST-C2-01,2024-08-15,1,3,3,0.0604
PHC-DST-C2-01,2024-08-16,1,3,3,0.0736
PHC-DST-C2-01,2024-08-17,1,3,3,0.0537
PHC-DST-C2-01,2024-08-18,1,2,2,0.4419
PHC-DST-C2-01,2024-08-19,1,3,3,0.0709
PHC-DST-C2-01,2024-08-20,1,3,3,0.0633
PHC-DST-C2-01,2024-08-21,1,3,3,0.0654
PHC-DST-C2-01,2024-08-22,1,3,3,0.075
PHC-DST-C2-01,2024-08-23,1,3,3,0.0719
PHC-DST-C2-01,2024-08-24,1,3,3,0.0661
PHC-DST-C2-01,2024-08-25,1,2,2,0.4697
PHC-DST-C2-01,2024-08-26,1,3,3,0.0782
PHC-DST-C2-01,2024-08-27,1,3,3,0.0758
PHC-DST-C2-01,2024-08-28,1,3,3,0.0427
PHC-DST-C2-01,2024-08-29,1,3,3,0.0698
PHC-DST-C2-01,2024-08-30,1,3,3,0.0405
PHC-DST-C2-01,2024-08-31,1,3,3,0.0798
PHC-DST-C2-01,2024-09-01,1,2,2,0.4527
PHC-DST-C2-01,2024-09-02,1,3,3,0.0728
PHC-DST-C2-01,2024-09-03,1,3,3,0.0738
PHC-DST-C2-01,2024-09-04,1,3,3,0.0771
PHC-DST-C2-01,2024-09-05,1,3,3,0.0577
PHC-DST-C2-01,2024-09-06,1,3,3,0.0489
PHC-DST-C2-01,2024-09-07,1,3,3,0.0749
PHC-DST-C2-01,2024-09-08,1,2,2,0.4609
PHC-DST-C2-01,2024-09-09,1,3,3,0.0598
PHC-DST-C2-01,2024-09-10,1,3,3,0.0629
PHC-DST-C2-01,2024-09-11,1,3,3,0.0754
PHC-DST-C2-01,2024-09-12,1,3,3,0.062
PHC-DST-C2-01,2024-09-13,1,3,3,0.0502
PHC-DST-C2-01,2024-09-14,1,3,3,0.0509
PHC-DST-C2-01,2024-09-15,1,2,2,0.4708
PHC-DST-C2-01,2024-09-16,1,3,3,0.0619
PHC-DST-C2-01,2024-09-17,1,3,3,0.0611
PHC-DST-C2-01,2024-09-18,1,3,3,0.076
PHC-DST-C2-01,2024-09-19,1,3,3,0.079
PHC-DST-C2-01,2024-09-20,1,3,3,0.0751
PHC-DST-C2-01,2024-09-21,1,3,3,0.0637
PHC-DST-C2-01,2024-09-22,1,2,2,0.4663
PHC-DST-C2-01,2024-09-23,1,3,3,0.0576
PHC-DST-C2-01,2024-09-24,1,3,3,0.0417
PHC-DST-C2-01,2024-09-25,1,3,3,0.0768
PHC-DST-C2-01,2024-09-26,1,3,3,0.0603
PHC-DST-C2-01,2024-09-27,1,3,3,0.0497
PHC-DST-C2-01,2024-09-28,1,3,3,0.0646
PHC-DST-C2-01,2024-09-29,1,2,2,0.4417
PHC-DST-C2-01,2024-09-30,1,3,3,0.0519
PHC-DST-C2-01,2024-10-01,1,3,3,0.0758
PHC-DST-C2-01,2024-10-02,1,3,3,0.0466
PHC-DST-C2-01,2024-10-03,1,3,3,0.0551
PHC-DST-C2-01,2024-10-04,1,3,3,0.0428
PHC-DST-C2-01,2024-10-05,1,3,3,0.054
PHC-DST-C2-01,2024-10-06,1,2,2,0.4664
PHC-DST-C2-01,2024-10-07,1,3,3,0.0727
PHC-DST-C2-01,2024-10-08,1,3,3,0.0705
PHC-DST-C2-01,2024-10-09,1,3,3,0.0581
PHC-DST-C2-01,2024-10-10,1,3,3,0.0605
PHC-DST-C2-01,2024-10-11,1,3,3,0.0407
PHC-DST-C2-01,2024-10-12,1,3,3,0.0493
PHC-DST-C2-01,2024-10-13,1,2,2,0.4472
PHC-DST-C2-01,2024-10-14,1,3,3,0.052
PHC-DST-C2-01,2024-10-15,1,3,3,0.0449
PHC-DST-C2-01,2024-10-16,1,3,3,0.0747
PHC-DST-C2-01,2024-10-17,1,3,3,0.0637
PHC-DST-C2-01,2024-10-18,1,3,3,0.0645
PHC-DST-C2-01,2024-10-19,1,3,3,0.0729
PHC-DST-C2-01,2024-10-20,1,2,2,0.4498
PHC-DST-C2-01,2024-10-21,1,3,3,0.0571
PHC-DST-C2-01,2024-10-22,1,3,3,0.0656
PHC-DST-C2-01,2024-10-23,1,3,3,0.0656
PHC-DST-C2-01,2024-10-24,1,3,3,0.0721
PHC-DST-C2-01,2024-10-25,1,3,3,0.0743
PHC-DST-C2-01,2024-10-26,1,3,3,0.0405
PHC-DST-C2-01,2024-10-27,1,2,2,0.4789
PHC-DST-C2-01,2024-10-28,1,3,3,0.0702
PHC-DST-C2-01,2024-10-29,1,3,3,0.0467
PHC-DST-C2-01,2024-10-30,1,3,3,0.0451
PHC-DST-C2-01,2024-10-31,1,3,3,0.0643
PHC-DST-C2-01,2024-11-01,1,3,3,0.0497
PHC-DST-C2-01,2024-11-02,1,3,3,0.0644
PHC-DST-C2-01,2024-11-03,1,2,2,0.4444
PHC-DST-C2-01,2024-11-04,1,3,3,0.0578
PHC-DST-C2-01,2024-11-05,1,3,3,0.0447
PHC-DST-C2-01,2024-11-06,1,3,3,0.0562
PHC-DST-C2-01,2024-11-07,1,3,3,0.0623
PHC-DST-C2-01,2024-11-08,1,3,3,0.0618
PHC-DST-C2-01,2024-11-09,1,3,3,0.0612
PHC-DST-C2-01,2024-11-10,1,2,2,0.4503
PHC-DST-C2-01,2024-11-11,1,3,3,
PHC-DST-C2-01,2024-11-12,1,3,3,0.0617
PHC-DST-C2-01,2024-11-13,1,3,3,0.0443
PHC-DST-C2-01,2024-11-14,1,3,3,0.0716
PHC-DST-C2-01,2024-11-15,1,3,3,0.051
PHC-DST-C2-01,2024-11-16,1,3,3,0.0748
PHC-DST-C2-01,2024-11-17,1,2,2,0.4693
PHC-DST-C2-01,2024-11-18,1,3,3,
PHC-DST-C2-01,2024-11-19,1,3,3,0.0724
PHC-DST-C2-01,2024-11-20,1,3,3,0.0555
PHC-DST-C2-01,2024-11-21,1,3,3,0.0764
PHC-DST-C2-01,2024-11-22,1,3,3,0.0643
PHC-DST-C2-01,2024-11-23,1,3,3,0.0739
PHC-DST-C2-01,2024-11-24,1,2,2,0.4475
PHC-DST-C2-01,2024-11-25,1,3,3,0.0784
PHC-DST-C2-01,2024-11-26,1,3,3,0.0605
PHC-DST-C2-01,2024-11-27,1,3,3,0.0654
PHC-DST-C2-01,2024-11-28,1,3,3,0.0571
PHC-DST-C2-01,2024-11-29,1,3,3,0.0605
PHC-DST-C2-01,2024-11-30,1,3,3,0.0716
PHC-DST-C2-01,2024-12-01,1,2,2,0.4514
PHC-DST-C2-01,2024-12-02,1,3,3,0.0648
PHC-DST-C2-01,2024-12-03,1,3,3,0.0643
PHC-DST-C2-01,2024-12-04,1,3,3,0.0477
PHC-DST-C2-01,2024-12-05,1,3,3,0.0793
PHC-DST-C2-01,2024-12-06,1,3,3,0.0797
PHC-DST-C2-01,2024-12-07,1,3,3,0.0548
PHC-DST-C2-01,2024-12-08,1,2,2,0.4723
PHC-DST-C2-01,2024-12-09,1,3,3,0.0476
PHC-DST-C2-01,2024-12-10,1,3,3,0.0651
PHC-DST-C2-01,2024-12-11,1,3,3,0.0405
PHC-DST-C2-01,2024-12-12,1,3,3,0.0749
PHC-DST-C2-01,2024-12-13,1,3,3,0.0528
PHC-DST-C2-01,2024-12-14,1,3,3,0.0696
PHC-DST-C2-01,2024-12-15,1,2,2,0.4559
PHC-DST-C2-01,2024-12-16,1,3,3,0.0506
PHC-DST-C2-01,2024-12-17,1,3,3,0.0595
PHC-DST-C2-01,2024-12-18,1,3,3,0.0569
PHC-DST-C2-01,2024-12-19,1,3,3,0.0768
PHC-DST-C2-01,2024-12-20,1,3,3,0.0698
PHC-DST-C2-01,2024-12-21,1,3,3,0.0644
PHC-DST-C2-01,2024-12-22,1,2,2,0.4442
PHC-DST-C2-01,2024-12-23,1,3,3,0.0677
PHC-DST-C2-01,2024-12-24,1,3,3,0.0435
PHC-DST-C2-01,2024-12-25,1,3,3,0.075
PHC-DST-C2-01,2024-12-26,1,3,3,0.0506
PHC-DST-C2-01,2024-12-27,1,3,3,0.0611
PHC-DST-C2-01,2024-12-28,1,3,3,0.0784
PHC-DST-C2-01,2024-12-29,1,2,2,0.4768
PHC-DST-C2-01,2024-12-30,1,3,3,0.0757
PHC-DST-C2-01,2024-12-31,1,3,3,0.0401
PHC-DST-C2-01,2025-01-01,1,3,3,0.0515
PHC-DST-C2-01,2025-01-02,1,3,3,0.048
PHC-DST-C2-01,2025-01-03,1,3,3,0.0421
PHC-DST-C2-01,2025-01-04,1,3,3,0.0664
PHC-DST-C2-01,2025-01-05,1,2,2,0.4646
PHC-DST-C2-01,2025-01-06,1,3,3,0.0768
PHC-DST-C2-01,2025-01-07,1,3,3,0.0525
PHC-DST-C2-01,2025-01-08,1,3,3,0.0454
PHC-DST-C2-01,2025-01-09,1,3,3,0.0607
PHC-DST-C2-01,2025-01-10,1,3,3,0.0451
PHC-DST-C2-01,2025-01-11,1,3,3,0.0447
PHC-DST-C2-01,2025-01-12,1,2,2,0.446
PHC-DST-C2-01,2025-01-13,1,3,3,0.0703
PHC-DST-C2-01,2025-01-14,1,3,3,0.075
PHC-DST-C2-01,2025-01-15,1,3,3,0.047
PHC-DST-C2-01,2025-01-16,1,3,3,0.0468
PHC-DST-C2-01,2025-01-17,1,3,3,0.0639
PHC-DST-C2-01,2025-01-18,1,3,3,0.0587
PHC-DST-C2-01,2025-01-19,1,2,2,0.4472
PHC-DST-C2-01,2025-01-20,1,3,3,0.0437
PHC-DST-C2-01,2025-01-21,1,3,3,0.0576
PHC-DST-C2-01,2025-01-22,1,3,3,0.052
PHC-DST-C2-01,2025-01-23,1,3,3,0.0789
PHC-DST-C2-01,2025-01-24,1,3,3,0.0766
PHC-DST-C2-01,2025-01-25,1,3,3,0.0586
PHC-DST-C2-01,2025-01-26,1,2,2,0.4648
PHC-DST-C2-01,2025-01-27,1,3,3,0.0419
PHC-DST-C2-01,2025-01-28,1,3,3,0.0751
PHC-DST-C2-01,2025-01-29,1,3,3,0.0764
PHC-DST-C2-01,2025-01-30,1,3,3,0.0679
PHC-DST-C2-01,2025-01-31,1,3,3,0.0641
PHC-DST-C2-01,2025-02-01,1,3,3,0.0691
PHC-DST-C2-01,2025-02-02,1,2,2,0.4463
PHC-DST-C2-01,2025-02-03,1,3,3,0.0721
PHC-DST-C2-01,2025-02-04,1,3,3,0.0474
PHC-DST-C2-01,2025-02-05,1,3,3,0.0643
PHC-DST-C2-01,2025-02-06,1,3,3,0.0555
PHC-DST-C2-01,2025-02-07,1,3,3,0.0664
PHC-DST-C2-01,2025-02-08,1,3,3,0.0653
PHC-DST-C2-01,2025-02-09,1,2,2,0.4526
PHC-DST-C2-01,2025-02-10,1,3,3,0.0744
PHC-DST-C2-01,2025-02-11,1,3,3,0.0702
PHC-DST-C2-01,2025-02-12,1,3,3,0.0741
PHC-DST-C2-01,2025-02-13,1,3,3,0.0429
PHC-DST-C2-01,2025-02-14,1,3,3,0.0561
PHC-DST-C2-01,2025-02-15,1,3,3,0.0631
PHC-DST-C2-01,2025-02-16,1,2,2,0.4695
PHC-DST-C2-01,2025-02-17,1,3,3,0.0535
PHC-DST-C2-01,2025-02-18,1,3,3,0.0603
PHC-DST-C2-01,2025-02-19,1,3,3,0.0522
PHC-DST-C2-01,2025-02-20,1,3,3,0.0792
PHC-DST-C2-01,2025-02-21,1,3,3,0.0738
PHC-DST-C2-01,2025-02-22,1,3,3,0.0474
PHC-DST-C2-01,2025-02-23,1,2,2,0.4779
PHC-DST-C2-01,2025-02-24,1,3,3,0.0523
PHC-DST-C2-01,2025-02-25,1,3,3,0.0631
PHC-DST-C2-01,2025-02-26,1,3,3,0.0465
PHC-DST-C2-01,2025-02-27,1,3,3,0.0415
PHC-DST-C2-01,2025-02-28,1,3,3,0.0538
PHC-DST-C2-01,2025-03-01,1,3,3,0.0685
PHC-DST-C2-01,2025-03-02,1,2,2,0.4783
PHC-DST-C2-01,2025-03-03,1,3,3,0.0505
PHC-DST-C2-01,2025-03-04,1,3,3,0.0663
PHC-DST-C2-01,2025-03-05,1,3,3,0.0536
PHC-DST-C2-01,2025-03-06,1,3,3,0.054
PHC-DST-C2-01,2025-03-07,1,3,3,0.0668
PHC-DST-C2-01,2025-03-08,1,3,3,0.0442
PHC-DST-C2-01,2025-03-09,1,2,2,0.444
PHC-DST-C2-01,2025-03-10,1,3,3,0.0672
PHC-DST-C2-01,2025-03-11,1,3,3,0.0671
PHC-DST-C2-01,2025-03-12,1,3,3,0.0542
PHC-DST-C2-01,2025-03-13,1,3,3,0.0584
PHC-DST-C2-01,2025-03-14,1,3,3,0.0486
PHC-DST-C2-01,2025-03-15,1,3,3,0.0417
PHC-DST-C2-01,2025-03-16,1,2,2,0.4464
PHC-DST-C2-01,2025-03-17,1,3,3,0.0637
PHC-DST-C2-01,2025-03-18,1,3,3,0.0728
PHC-DST-C2-01,2025-03-19,1,3,3,0.0436
PHC-DST-C2-01,2025-03-20,1,3,3,0.0577
PHC-DST-C2-01,2025-03-21,1,3,3,0.0567
PHC-DST-C2-01,2025-03-22,1,3,3,0.0427
PHC-DST-C2-01,2025-03-23,1,2,2,0.4583
PHC-DST-C2-01,2025-03-24,1,3,3,0.0561
PHC-DST-C2-01,2025-03-25,1,3,3,0.0401
PHC-DST-C2-01,2025-03-26,1,3,3,0.0702
PHC-DST-C2-01,2025-03-27,1,3,3,0.0711
PHC-DST-C2-01,2025-03-28,1,3,3,0.0659
PHC-DST-C2-01,2025-03-29,1,3,3,0.0497
PHC-DST-C2-01,2025-03-30,1,2,2,
PHC-DST-C2-01,2025-03-31,1,3,3,0.0529
PHC-DST-C2-01,2025-04-01,1,3,3,0.0477
PHC-DST-C2-01,2025-04-02,1,3,3,0.078
PHC-DST-C2-01,2025-04-03,1,3,3,0.0772
PHC-DST-C2-01,2025-04-04,1,3,3,0.0777
PHC-DST-C2-01,2025-04-05,1,3,3,0.0565
PHC-DST-C2-01,2025-04-06,1,2,2,0.4751
PHC-DST-C2-01,2025-04-07,1,3,3,0.0719
PHC-DST-C2-01,2025-04-08,1,3,3,0.0708
PHC-DST-C2-01,2025-04-09,1,3,3,0.0704
PHC-DST-C2-01,2025-04-10,1,3,3,0.0441
PHC-DST-C2-01,2025-04-11,1,3,3,0.0547
PHC-DST-C2-01,2025-04-12,1,3,3,0.0726
PHC-DST-C2-01,2025-04-13,1,2,2,0.4582
PHC-DST-C2-01,2025-04-14,1,3,3,0.0569
PHC-DST-C2-01,2025-04-15,1,3,3,0.0642
PHC-DST-C2-01,2025-04-16,1,3,3,0.0578
PHC-DST-C2-01,2025-04-17,1,3,3,0.0772
PHC-DST-C2-01,2025-04-18,1,3,3,0.0569
PHC-DST-C2-01,2025-04-19,1,3,3,0.0718
PHC-DST-C2-01,2025-04-20,1,2,2,0.4781
PHC-DST-C2-01,2025-04-21,1,3,3,0.0731
PHC-DST-C2-01,2025-04-22,1,3,3,0.0615
PHC-DST-C2-01,2025-04-23,1,3,3,
PHC-DST-C2-01,2025-04-24,1,3,3,0.0679
PHC-DST-C2-01,2025-04-25,1,3,3,0.0459
PHC-DST-C2-01,2025-04-26,1,3,3,0.0495
PHC-DST-C2-01,2025-04-27,1,2,2,0.4518
PHC-DST-C2-01,2025-04-28,1,3,3,0.0628
PHC-DST-C2-01,2025-04-29,1,3,3,0.0799
PHC-DST-C2-01,2025-04-30,1,3,3,0.0599
PHC-DST-C2-01,2025-05-01,1,3,3,0.0796
PHC-DST-C2-01,2025-05-02,1,3,3,0.0783
PHC-DST-C2-01,2025-05-03,1,3,3,0.0549
PHC-DST-C2-01,2025-05-04,1,2,2,0.4708
PHC-DST-C2-01,2025-05-05,1,3,3,0.0491
PHC-DST-C2-01,2025-05-06,1,3,3,0.0703
PHC-DST-C2-01,2025-05-07,1,3,3,0.0455
PHC-DST-C2-01,2025-05-08,1,3,3,0.0413
PHC-DST-C2-01,2025-05-09,1,3,3,0.0617
PHC-DST-C2-01,2025-05-10,1,3,3,0.0449
PHC-DST-C2-01,2025-05-11,1,2,2,0.4673
PHC-DST-C2-01,2025-05-12,1,3,3,0.0467
PHC-DST-C2-01,2025-05-13,1,3,3,0.0531
PHC-DST-C2-01,2025-05-14,1,3,3,0.0584
PHC-DST-C2-01,2025-05-15,1,3,3,0.0537
PHC-DST-C2-01,2025-05-16,1,3,3,0.0706
PHC-DST-C2-01,2025-05-17,1,3,3,0.0644
PHC-DST-C2-01,2025-05-18,1,2,2,0.4683
PHC-DST-C2-01,2025-05-19,1,3,3,0.0557
PHC-DST-C2-01,2025-05-20,1,3,3,0.0726
PHC-DST-C2-01,2025-05-21,1,3,3,0.0676
PHC-DST-C2-01,2025-05-22,1,3,3,0.0448
PHC-DST-C2-01,2025-05-23,1,3,3,0.0504
PHC-DST-C2-01,2025-05-24,1,3,3,0.0529
PHC-DST-C2-01,2025-05-25,1,2,2,0.4512
PHC-DST-C2-01,2025-05-26,1,3,3,0.0561
PHC-DST-C2-01,2025-05-27,1,3,3,0.0461
PHC-DST-C2-01,2025-05-28,1,3,3,0.0614
PHC-DST-C2-01,2025-05-29,1,3,3,0.0527
PHC-DST-C2-01,2025-05-30,1,3,3,0.0686
PHC-DST-C2-01,2025-05-31,1,3,3,0.0516
PHC-DST-C2-01,2025-06-01,1,2,2,0.4625
PHC-DST-C2-01,2025-06-02,1,3,3,0.0672
PHC-DST-C2-01,2025-06-03,1,3,3,0.0705
PHC-DST-C2-01,2025-06-04,1,3,3,0.0491
PHC-DST-C2-01,2025-06-05,1,3,3,0.0781
PHC-DST-C2-01,2025-06-06,1,3,3,0.0703
PHC-DST-C2-01,2025-06-07,1,3,3,0.0581
PHC-DST-C2-01,2025-06-08,1,2,2,0.4742
PHC-DST-C2-01,2025-06-09,1,3,3,0.0613
PHC-DST-C2-01,2025-06-10,1,3,3,0.062
PHC-DST-C2-01,2025-06-11,1,3,3,0.0621
PHC-DST-C2-01,2025-06-12,1,3,3,0.0596
PHC-DST-C2-01,2025-06-13,1,3,3,0.0794
PHC-DST-C2-01,2025-06-14,1,3,3,0.0557
PHC-DST-C2-01,2025-06-15,1,2,2,0.4445
PHC-DST-C2-01,2025-06-16,1,3,3,0.0577
PHC-DST-C2-01,2025-06-17,1,3,3,0.049
PHC-DST-C2-01,2025-06-18,1,3,3,0.075
PHC-DST-C2-01,2025-06-19,1,3,3,0.0654
PHC-DST-C2-01,2025-06-20,1,3,3,0.0521
PHC-DST-C2-01,2025-06-21,1,3,3,0.0441
PHC-DST-C2-01,2025-06-22,1,2,2,0.4759
PHC-DST-C2-01,2025-06-23,1,3,3,0.0643
PHC-DST-C2-01,2025-06-24,1,3,3,0.0568
PHC-DST-C2-01,2025-06-25,1,3,3,0.0711
PHC-DST-C2-01,2025-06-26,1,3,3,0.0554
PHC-DST-C2-01,2025-06-27,1,3,3,0.0638
PHC-DST-C2-01,2025-06-28,1,3,3,0.0529
PHC-DST-C2-01,2025-06-29,1,2,2,0.4508
PHC-DST-C2-01,2025-06-30,1,3,3,0.0514
PHC-DST-C2-02,2024-01-01,1,4,2,0.0512
PHC-DST-C2-02,2024-01-02,1,4,2,0.0541
PHC-DST-C2-02,2024-01-03,1,4,2,0.0691
PHC-DST-C2-02,2024-01-04,1,4,2,0.0589
PHC-DST-C2-02,2024-01-05,1,4,2,
PHC-DST-C2-02,2024-01-06,1,4,2,0.0749
PHC-DST-C2-02,2024-01-07,1,2,1,0.4723
PHC-DST-C2-02,2024-01-08,1,4,2,0.0619
PHC-DST-C2-02,2024-01-09,1,4,2,0.0604
PHC-DST-C2-02,2024-01-10,1,4,2,0.0409
PHC-DST-C2-02,2024-01-11,1,4,2,0.048
PHC-DST-C2-02,2024-01-12,1,4,2,0.0439
PHC-DST-C2-02,2024-01-13,1,4,2,0.0444
PHC-DST-C2-02,2024-01-14,1,2,1,0.4512
PHC-DST-C2-02,2024-01-15,1,4,2,0.0436
PHC-DST-C2-02,2024-01-16,1,4,2,0.0548
PHC-DST-C2-02,2024-01-17,1,4,2,0.0591
PHC-DST-C2-02,2024-01-18,1,4,2,0.0658
PHC-DST-C2-02,2024-01-19,1,4,2,0.0547
PHC-DST-C2-02,2024-01-20,1,4,2,0.0609
PHC-DST-C2-02,2024-01-21,1,2,1,0.4719
PHC-DST-C2-02,2024-01-22,1,4,2,0.0559
PHC-DST-C2-02,2024-01-23,1,4,2,0.0743
PHC-DST-C2-02,2024-01-24,1,4,2,0.0519
PHC-DST-C2-02,2024-01-25,1,4,2,0.0563
PHC-DST-C2-02,2024-01-26,1,4,2,0.0455
PHC-DST-C2-02,2024-01-27,1,4,2,0.0626
PHC-DST-C2-02,2024-01-28,1,2,1,0.4533
PHC-DST-C2-02,2024-01-29,1,4,2,0.0566
PHC-DST-C2-02,2024-01-30,1,4,2,0.0443
PHC-DST-C2-02,2024-01-31,1,4,2,0.0493
PHC-DST-C2-02,2024-02-01,1,4,2,0.0615
PHC-DST-C2-02,2024-02-02,1,4,2,0.075
PHC-DST-C2-02,2024-02-03,1,4,2,0.0497
PHC-DST-C2-02,2024-02-04,1,2,1,0.4457
PHC-DST-C2-02,2024-02-05,1,4,2,0.0418
PHC-DST-C2-02,2024-02-06,1,4,2,0.0744
PHC-DST-C2-02,2024-02-07,1,4,2,0.043
PHC-DST-C2-02,2024-02-08,1,4,2,0.0676
PHC-DST-C2-02,2024-02-09,1,4,2,0.0538
PHC-DST-C2-02,2024-02-10,1,4,2,0.061
PHC-DST-C2-02,2024-02-11,1,2,1,0.4721
PHC-DST-C2-02,2024-02-12,1,4,2,0.0681
PHC-DST-C2-02,2024-02-13,1,4,2,0.0607
PHC-DST-C2-02,2024-02-14,1,4,2,0.0657
PHC-DST-C2-02,2024-02-15,1,4,2,0.0423
PHC-DST-C2-02,2024-02-16,1,4,2,0.0692
PHC-DST-C2-02,2024-02-17,1,4,2,0.052
PHC-DST-C2-02,2024-02-18,1,2,1,0.4734
PHC-DST-C2-02,2024-02-19,1,4,2,0.0621
PHC-DST-C2-02,2024-02-20,1,4,2,0.0422
PHC-DST-C2-02,2024-02-21,1,4,2,0.0492
PHC-DST-C2-02,2024-02-22,1,4,2,0.0663
PHC-DST-C2-02,2024-02-23,1,4,2,0.0499
PHC-DST-C2-02,2024-02-24,1,4,2,0.0433
PHC-DST-C2-02,2024-02-25,1,2,1,0.444
PHC-DST-C2-02,2024-02-26,1,4,2,0.0454
PHC-DST-C2-02,2024-02-27,1,4,2,0.0522
PHC-DST-C2-02,2024-02-28,1,4,2,0.0487
PHC-DST-C2-02,2024-02-29,1,4,2,0.0463
PHC-DST-C2-02,2024-03-01,1,4,2,0.075
PHC-DST-C2-02,2024-03-02,1,4,2,0.0452
PHC-DST-C2-02,2024-03-03,1,2,1,0.4617
PHC-DST-C2-02,2024-03-04,1,4,2,0.0742
PHC-DST-C2-02,2024-03-05,1,4,2,0.0558
PHC-DST-C2-02,2024-03-06,1,4,2,0.0475
PHC-DST-C2-02,2024-03-07,1,4,2,0.0599
PHC-DST-C2-02,2024-03-08,1,4,2,0.0689
PHC-DST-C2-02,2024-03-09,1,4,2,0.0708
PHC-DST-C2-02,2024-03-10,1,2,1,
PHC-DST-C2-02,2024-03-11,1,4,2,0.0483
PHC-DST-C2-02,2024-03-12,1,4,2,0.0458
PHC-DST-C2-02,2024-03-13,1,4,2,0.0462
PHC-DST-C2-02,2024-03-14,1,4,2,0.058
PHC-DST-C2-02,2024-03-15,1,4,2,
PHC-DST-C2-02,2024-03-16,1,4,2,0.0714
PHC-DST-C2-02,2024-03-17,1,2,1,0.4646
PHC-DST-C2-02,2024-03-18,1,4,2,0.0791
PHC-DST-C2-02,2024-03-19,1,4,2,0.068
PHC-DST-C2-02,2024-03-20,1,4,2,0.0459
PHC-DST-C2-02,2024-03-21,1,4,2,0.0485
PHC-DST-C2-02,2024-03-22,1,4,2,0.0439
PHC-DST-C2-02,2024-03-23,1,4,2,0.0655
PHC-DST-C2-02,2024-03-24,1,2,1,0.4777
PHC-DST-C2-02,2024-03-25,1,4,2,0.0754
PHC-DST-C2-02,2024-03-26,1,4,2,0.0491
PHC-DST-C2-02,2024-03-27,1,4,2,0.0539
PHC-DST-C2-02,2024-03-28,1,4,2,0.043
PHC-DST-C2-02,2024-03-29,1,4,2,0.0402
PHC-DST-C2-02,2024-03-30,1,4,2,0.0636
PHC-DST-C2-02,2024-03-31,1,2,1,0.4788
PHC-DST-C2-02,2024-04-01,1,4,2,0.0462
PHC-DST-C2-02,2024-04-02,1,4,2,0.0775
PHC-DST-C2-02,2024-04-03,1,4,2,0.0523
PHC-DST-C2-02,2024-04-04,1,4,2,0.0508
PHC-DST-C2-02,2024-04-05,1,4,2,0.0529
PHC-DST-C2-02,2024-04-06,1,4,2,0.0471
PHC-DST-C2-02,2024-04-07,1,2,1,0.4401
PHC-DST-C2-02,2024-04-08,1,4,2,0.0512
PHC-DST-C2-02,2024-04-09,1,4,2,0.0649
PHC-DST-C2-02,2024-04-10,1,4,2,0.0739
PHC-DST-C2-02,2024-04-11,1,4,2,0.0508
PHC-DST-C2-02,2024-04-12,1,4,2,0.0529
PHC-DST-C2-02,2024-04-13,1,4,2,0.0635
PHC-DST-C2-02,2024-04-14,1,2,1,0.4796
PHC-DST-C2-02,2024-04-15,1,4,2,0.0549
PHC-DST-C2-02,2024-04-16,1,4,2,0.0401
PHC-DST-C2-02,2024-04-17,1,4,2,0.0499
PHC-DST-C2-02,2024-04-18,1,4,2,
PHC-DST-C2-02,2024-04-19,1,4,2,0.0603
PHC-DST-C2-02,2024-04-20,1,4,2,0.0682
PHC-DST-C2-02,2024-04-21,1,2,1,0.461
PHC-DST-C2-02,2024-04-22,1,4,2,0.0648
PHC-DST-C2-02,2024-04-23,1,4,2,0.0458
PHC-DST-C2-02,2024-04-24,1,4,2,0.0632
PHC-DST-C2-02,2024-04-25,1,4,2,0.0518
PHC-DST-C2-02,2024-04-26,1,4,2,0.0441
PHC-DST-C2-02,2024-04-27,1,4,2,0.0765
PHC-DST-C2-02,2024-04-28,1,2,1,
PHC-DST-C2-02,2024-04-29,1,4,2,0.0555
PHC-DST-C2-02,2024-04-30,1,4,2,0.0472
PHC-DST-C2-02,2024-05-01,1,4,2,0.0461
PHC-DST-C2-02,2024-05-02,1,4,2,0.0673
PHC-DST-C2-02,2024-05-03,1,4,2,0.0408
PHC-DST-C2-02,2024-05-04,1,4,2,0.0409
PHC-DST-C2-02,2024-05-05,1,2,1,0.4419
PHC-DST-C2-02,2024-05-06,1,4,2,0.0411
PHC-DST-C2-02,2024-05-07,1,4,2,0.0649
PHC-DST-C2-02,2024-05-08,1,4,2,0.0757
PHC-DST-C2-02,2024-05-09,1,4,2,0.0757
PHC-DST-C2-02,2024-05-10,1,4,2,0.0485
PHC-DST-C2-02,2024-05-11,1,4,2,0.0668
PHC-DST-C2-02,2024-05-12,1,2,1,0.4586
PHC-DST-C2-02,2024-05-13,1,4,2,0.0442
PHC-DST-C2-02,2024-05-14,1,4,2,0.0416
PHC-DST-C2-02,2024-05-15,1,4,2,0.0782
PHC-DST-C2-02,2024-05-16,1,4,2,0.0559
PHC-DST-C2-02,2024-05-17,1,4,2,0.0655
PHC-DST-C2-02,2024-05-18,1,4,2,0.0596
PHC-DST-C2-02,2024-05-19,1,2,1,0.4423
PHC-DST-C2-02,2024-05-20,1,4,2,0.0542
PHC-DST-C2-02,2024-05-21,1,4,2,0.0784
PHC-DST-C2-02,2024-05-22,1,4,2,0.0508
PHC-DST-C2-02,2024-05-23,1,4,2,0.0524
PHC-DST-C2-02,2024-05-24,1,4,2,0.0633
PHC-DST-C2-02,2024-05-25,1,4,2,0.04
PHC-DST-C2-02,2024-05-26,1,2,1,0.4494
PHC-DST-C2-02,2024-05-27,1,4,2,0.0715
PHC-DST-C2-02,2024-05-28,1,4,2,0.0408
PHC-DST-C2-02,2024-05-29,1,4,2,0.0731
PHC-DST-C2-02,2024-05-30,1,4,2,0.0523
PHC-DST-C2-02,2024-05-31,1,4,2,0.043
PHC-DST-C2-02,2024-06-01,1,4,2,0.0768
PHC-DST-C2-02,2024-06-02,1,2,1,0.4611
PHC-DST-C2-02,2024-06-03,1,4,2,0.0708
PHC-DST-C2-02,2024-06-04,1,4,2,0.0445
PHC-DST-C2-02,2024-06-05,1,4,2,0.0732
PHC-DST-C2-02,2024-06-06,1,4,2,0.0799
PHC-DST-C2-02,2024-06-07,1,4,2,0.067
PHC-DST-C2-02,2024-06-08,1,4,2,0.0462
PHC-DST-C2-02,2024-06-09,1,2,1,0.4443
PHC-DST-C2-02,2024-06-10,1,4,2,0.0533
PHC-DST-C2-02,2024-06-11,1,4,2,0.0726
PHC-DST-C2-02,2024-06-12,1,4,2,0.0462
PHC-DST-C2-02,2024-06-13,1,4,2,0.0647
PHC-DST-C2-02,2024-06-14,1,4,2,0.0618
PHC-DST-C2-02,2024-06-15,1,4,2,0.0469
PHC-DST-C2-02,2024-06-16,1,2,1,0.4735
PHC-DST-C2-02,2024-06-17,1,4,2,0.0434
PHC-DST-C2-02,2024-06-18,1,4,2,0.0407
PHC-DST-C2-02,2024-06-19,1,4,2,0.0442
PHC-DST-C2-02,2024-06-20,1,4,2,0.059
PHC-DST-C2-02,2024-06-21,1,4,2,0.055
PHC-DST-C2-02,2024-06-22,1,4,2,0.0459
PHC-DST-C2-02,2024-06-23,1,2,1,0.4589
PHC-DST-C2-02,2024-06-24,1,4,2,0.0549
PHC-DST-C2-02,2024-06-25,1,4,2,0.0561
PHC-DST-C2-02,2024-06-26,1,4,2,0.0751
PHC-DST-C2-02,2024-06-27,1,4,2,0.0701
PHC-DST-C2-02,2024-06-28,1,4,2,0.0517
PHC-DST-C2-02,2024-06-29,1,4,2,0.0575
PHC-DST-C2-02,2024-06-30,1,2,1,0.4659
PHC-DST-C2-02,2024-07-01,1,4,2,0.0434
PHC-DST-C2-02,2024-07-02,1,4,2,0.07
PHC-DST-C2-02,2024-07-03,1,4,2,0.046
PHC-DST-C2-02,2024-07-04,1,4,2,0.0636
PHC-DST-C2-02,2024-07-05,1,4,2,0.041
PHC-DST-C2-02,2024-07-06,1,4,2,0.0457
PHC-DST-C2-02,2024-07-07,1,2,1,0.4766
PHC-DST-C2-02,2024-07-08,1,4,2,0.0496
PHC-DST-C2-02,2024-07-09,1,4,2,0.0629
PHC-DST-C2-02,2024-07-10,1,4,2,0.068
PHC-DST-C2-02,2024-07-11,1,4,2,0.0413
PHC-DST-C2-02,2024-07-12,1,4,2,0.0474
PHC-DST-C2-02,2024-07-13,1,4,2,0.0739
PHC-DST-C2-02,2024-07-14,1,2,1,0.4527
PHC-DST-C2-02,2024-07-15,1,4,2,0.0716
PHC-DST-C2-02,2024-07-16,1,4,2,0.0649
PHC-DST-C2-02,2024-07-17,1,4,2,0.0608
PHC-DST-C2-02,2024-07-18,1,4,2,0.0406
PHC-DST-C2-02,2024-07-19,1,4,2,0.0706
PHC-DST-C2-02,2024-07-20,1,4,2,0.0634
PHC-DST-C2-02,2024-07-21,1,2,1,0.4707
PHC-DST-C2-02,2024-07-22,1,4,2,0.0643
PHC-DST-C2-02,2024-07-23,1,4,2,0.0682
PHC-DST-C2-02,2024-07-24,1,4,2,0.0449
PHC-DST-C2-02,2024-07-25,1,4,2,0.0578
PHC-DST-C2-02,2024-07-26,1,4,2,0.0436
PHC-DST-C2-02,2024-07-27,1,4,2,0.0486
PHC-DST-C2-02,2024-07-28,1,2,1,0.4671
PHC-DST-C2-02,2024-07-29,1,4,2,0.0435
PHC-DST-C2-02,2024-07-30,1,4,2,0.0434
PHC-DST-C2-02,2024-07-31,1,4,2,0.0567
PHC-DST-C2-02,2024-08-01,1,4,2,0.052
PHC-DST-C2-02,2024-08-02,1,4,2,0.0637
PHC-DST-C2-02,2024-08-03,1,4,2,0.0636
PHC-DST-C2-02,2024-08-04,1,2,1,0.4596
PHC-DST-C2-02,2024-08-05,1,4,2,0.0487
PHC-DST-C2-02,2024-08-06,1,4,2,0.0678
PHC-DST-C2-02,2024-08-07,1,4,2,0.0749
PHC-DST-C2-02,2024-08-08,1,4,2,0.0536
PHC-DST-C2-02,2024-08-09,1,4,2,0.0407
PHC-DST-C2-02,2024-08-10,1,4,2,0.0746
PHC-DST-C2-02,2024-08-11,1,2,1,0.4453
PHC-DST-C2-02,2024-08-12,1,4,2,0.0718
PHC-DST-C2-02,2024-08-13,1,4,2,0.043
PHC-DST-C2-02,2024-08-14,1,4,2,0.0476
PHC-DST-C2-02,2024-08-15,1,4,2,0.0647
PHC-DST-C2-02,2024-08-16,1,4,2,0.0583
PHC-DST-C2-02,2024-08-17,1,4,2,0.079
PHC-DST-C2-02,2024-08-18,1,2,1,0.462
PHC-DST-C2-02,2024-08-19,1,4,2,0.0529
PHC-DST-C2-02,2024-08-20,1,4,2,0.0419
PHC-DST-C2-02,2024-08-21,1,4,2,0.0702
PHC-DST-C2-02,2024-08-22,1,4,2,0.0416
PHC-DST-C2-02,2024-08-23,1,4,2,0.0474
PHC-DST-C2-02,2024-08-24,1,4,2,0.0445
PHC-DST-C2-02,2024-08-25,1,2,1,0.4401
PHC-DST-C2-02,2024-08-26,1,4,2,0.0778
PHC-DST-C2-02,2024-08-27,1,4,2,0.072
PHC-DST-C2-02,2024-08-28,1,4,2,0.0669
PHC-DST-C2-02,2024-08-29,1,4,2,0.0764
PHC-DST-C2-02,2024-08-30,1,4,2,
PHC-DST-C2-02,2024-08-31,1,4,2,0.0604
PHC-DST-C2-02,2024-09-01,1,2,1,0.4573
PHC-DST-C2-02,2024-09-02,1,4,2,0.0777
PHC-DST-C2-02,2024-09-03,1,4,2,0.0492
PHC-DST-C2-02,2024-09-04,1,4,2,0.0568
PHC-DST-C2-02,2024-09-05,1,4,2,0.0641
PHC-DST-C2-02,2024-09-06,1,4,2,0.0465
PHC-DST-C2-02,2024-09-07,1,4,2,0.0425
PHC-DST-C2-02,2024-09-08,1,2,1,0.4779
PHC-DST-C2-02,2024-09-09,1,4,2,0.0424
PHC-DST-C2-02,2024-09-10,1,4,2,0.0622
PHC-DST-C2-02,2024-09-11,1,4,2,0.053
PHC-DST-C2-02,2024-09-12,1,4,2,
PHC-DST-C2-02,2024-09-13,1,4,2,0.05
PHC-DST-C2-02,2024-09-14,1,4,2,0.0694
PHC-DST-C2-02,2024-09-15,1,2,1,0.4735
PHC-DST-C2-02,2024-09-16,1,4,2,0.0455
PHC-DST-C2-02,2024-09-17,1,4,2,0.0559
PHC-DST-C2-02,2024-09-18,1,4,2,0.0404
PHC-DST-C2-02,2024-09-19,1,4,2,0.0575
PHC-DST-C2-02,2024-09-20,1,4,2,0.0533
PHC-DST-C2-02,2024-09-21,1,4,2,0.0687
PHC-DST-C2-02,2024-09-22,1,2,1,0.4444
PHC-DST-C2-02,2024-09-23,1,4,2,0.0629
PHC-DST-C2-02,2024-09-24,1,4,2,0.0422
PHC-DST-C2-02,2024-09-25,1,4,2,0.051
PHC-DST-C2-02,2024-09-26,1,4,2,0.0431
PHC-DST-C2-02,2024-09-27,1,4,2,0.0551
PHC-DST-C2-02,2024-09-28,1,4,2,0.0509
PHC-DST-C2-02,2024-09-29,1,2,1,0.4794
PHC-DST-C2-02,2024-09-30,1,4,2,0.0561
PHC-DST-C2-02,2024-10-01,1,4,2,0.0709
PHC-DST-C2-02,2024-10-02,1,4,2,0.0509
PHC-DST-C2-02,2024-10-03,1,4,2,0.0401
PHC-DST-C2-02,2024-10-04,1,4,2,0.0421
PHC-DST-C2-02,2024-10-05,1,4,2,0.0713
PHC-DST-C2-02,2024-10-06,1,2,1,0.4532
PHC-DST-C2-02,2024-10-07,1,4,2,0.0763
PHC-DST-C2-02,2024-10-08,1,4,2,0.0709
PHC-DST-C2-02,2024-10-09,1,4,2,0.0684
PHC-DST-C2-02,2024-10-10,1,4,2,0.0789
PHC-DST-C2-02,2024-10-11,1,4,2,0.0516
PHC-DST-C2-02,2024-10-12,1,4,2,0.0494
PHC-DST-C2-02,2024-10-13,1,2,1,0.4785
PHC-DST-C2-02,2024-10-14,1,4,2,0.0598
PHC-DST-C2-02,2024-10-15,1,4,2,0.0774
PHC-DST-C2-02,2024-10-16,1,4,2,0.0455
PHC-DST-C2-02,2024-10-17,1,4,2,0.0772
PHC-DST-C2-02,2024-10-18,1,4,2,0.0799
PHC-DST-C2-02,2024-10-19,1,4,2,0.0569
PHC-DST-C2-02,2024-10-20,1,2,1,0.4656
PHC-DST-C2-02,2024-10-21,1,4,2,0.0657
PHC-DST-C2-02,2024-10-22,1,4,2,0.0604
PHC-DST-C2-02,2024-10-23,1,4,2,0.0739
PHC-DST-C2-02,2024-10-24,1,4,2,0.0485
PHC-DST-C2-02,2024-10-25,1,4,2,0.0657
PHC-DST-C2-02,2024-10-26,1,4,2,0.0524
PHC-DST-C2-02,2024-10-27,1,2,1,0.4652
PHC-DST-C2-02,2024-10-28,1,4,2,0.0561
PHC-DST-C2-02,2024-10-29,1,4,2,0.061
PHC-DST-C2-02,2024-10-30,1,4,2,0.042
PHC-DST-C2-02,2024-10-31,1,4,2,0.0551
PHC-DST-C2-02,2024-11-01,1,4,2,0.0557
PHC-DST-C2-02,2024-11-02,1,4,2,0.0658
PHC-DST-C2-02,2024-11-03,1,2,1,0.4441
PHC-DST-C2-02,2024-11-04,1,4,2,0.0476
PHC-DST-C2-02,2024-11-05,1,4,2,0.0738
PHC-DST-C2-02,2024-11-06,1,4,2,0.0421
PHC-DST-C2-02,2024-11-07,1,4,2,0.0573
PHC-DST-C2-02,2024-11-08,1,4,2,0.0783
PHC-DST-C2-02,2024-11-09,1,4,2,0.0694
PHC-DST-C2-02,2024-11-10,1,2,1,0.4489
PHC-DST-C2-02,2024-11-11,1,4,2,0.0686
PHC-DST-C2-02,2024-11-12,1,4,2,0.0403
PHC-DST-C2-02,2024-11-13,1,4,2,0.0697
PHC-DST-C2-02,2024-11-14,1,4,2,0.0583
PHC-DST-C2-02,2024-11-15,1,4,2,0.0425
PHC-DST-C2-02,2024-11-16,1,4,2,
PHC-DST-C2-02,2024-11-17,1,2,1,0.4515
PHC-DST-C2-02,2024-11-18,1,4,2,0.074
PHC-DST-C2-02,2024-11-19,1,4,2,0.0406
PHC-DST-C2-02,2024-11-20,1,4,2,0.0417
PHC-DST-C2-02,2024-11-21,1,4,2,0.0561
PHC-DST-C2-02,2024-11-22,1,4,2,
PHC-DST-C2-02,2024-11-23,1,4,2,0.073
PHC-DST-C2-02,2024-11-24,1,2,1,0.4624
PHC-DST-C2-02,2024-11-25,1,4,2,0.0564
PHC-DST-C2-02,2024-11-26,1,4,2,0.078
PHC-DST-C2-02,2024-11-27,1,4,2,0.061
PHC-DST-C2-02,2024-11-28,1,4,2,0.0595
PHC-DST-C2-02,2024-11-29,1,4,2,0.075
PHC-DST-C2-02,2024-11-30,1,4,2,0.0654
PHC-DST-C2-02,2024-12-01,1,2,1,0.4702
PHC-DST-C2-02,2024-12-02,1,4,2,0.0715
PHC-DST-C2-02,2024-12-03,1,4,2,0.0499
PHC-DST-C2-02,2024-12-04,1,4,2,0.0462
PHC-DST-C2-02,2024-12-05,1,4,2,0.0467
PHC-DST-C2-02,2024-12-06,1,4,2,0.052
PHC-DST-C2-02,2024-12-07,1,4,2,0.0584
PHC-DST-C2-02,2024-12-08,1,2,1,0.4531
PHC-DST-C2-02,2024-12-09,1,4,2,0.0457
PHC-DST-C2-02,2024-12-10,1,4,2,0.0462
PHC-DST-C2-02,2024-12-11,1,4,2,0.042
PHC-DST-C2-02,2024-12-12,1,4,2,0.0749
PHC-DST-C2-02,2024-12-13,1,4,2,0.0555
PHC-DST-C2-02,2024-12-14,1,4,2,0.0525
PHC-DST-C2-02,2024-12-15,1,2,1,0.454
PHC-DST-C2-02,2024-12-16,1,4,2,0.0501
PHC-DST-C2-02,2024-12-17,1,4,2,0.06
PHC-DST-C2-02,2024-12-18,1,4,2,0.0424
PHC-DST-C2-02,2024-12-19,1,4,2,0.073
PHC-DST-C2-02,2024-12-20,1,4,2,0.0451
PHC-DST-C2-02,2024-12-21,1,4,2,0.0717
PHC-DST-C2-02,2024-12-22,1,2,1,0.4686
PHC-DST-C2-02,2024-12-23,1,4,2,0.044
PHC-DST-C2-02,2024-12-24,1,4,2,0.0713
PHC-DST-C2-02,2024-12-25,1,4,2,
PHC-DST-C2-02,2024-12-26,1,4,2,0.0658
PHC-DST-C2-02,2024-12-27,1,4,2,0.0424
PHC-DST-C2-02,2024-12-28,1,4,2,0.0791
PHC-DST-C2-02,2024-12-29,1,2,1,0.4728
PHC-DST-C2-02,2024-12-30,1,4,2,0.0554
PHC-DST-C2-02,2024-12-31,1,4,2,0.0534
PHC-DST-C2-02,2025-01-01,1,4,2,0.0557
PHC-DST-C2-02,2025-01-02,1,4,2,0.0525
PHC-DST-C2-02,2025-01-03,1,4,2,0.0667
PHC-DST-C2-02,2025-01-04,1,4,2,0.0607
PHC-DST-C2-02,2025-01-05,1,2,1,0.4644
PHC-DST-C2-02,2025-01-06,1,4,2,0.0695
PHC-DST-C2-02,2025-01-07,1,4,2,0.0774
PHC-DST-C2-02,2025-01-08,1,4,2,0.0406
PHC-DST-C2-02,2025-01-09,1,4,2,0.0513
PHC-DST-C2-02,2025-01-10,1,4,2,0.0546
PHC-DST-C2-02,2025-01-11,1,4,2,0.0544
PHC-DST-C2-02,2025-01-12,1,2,1,0.4631
PHC-DST-C2-02,2025-01-13,1,4,2,0.0498
PHC-DST-C2-02,2025-01-14,1,4,2,0.078
PHC-DST-C2-02,2025-01-15,1,4,2,0.0587
PHC-DST-C2-02,2025-01-16,1,4,2,0.0495
PHC-DST-C2-02,2025-01-17,1,4,2,0.061
PHC-DST-C2-02,2025-01-18,1,4,2,0.0582
PHC-DST-C2-02,2025-01-19,1,2,1,0.474
PHC-DST-C2-02,2025-01-20,1,4,2,0.0753
PHC-DST-C2-02,2025-01-21,1,4,2,0.071
PHC-DST-C2-02,2025-01-22,1,4,2,
PHC-DST-C2-02,2025-01-23,1,4,2,0.0563
PHC-DST-C2-02,2025-01-24,1,4,2,0.0456
PHC-DST-C2-02,2025-01-25,1,4,2,0.0618
PHC-DST-C2-02,2025-01-26,1,2,1,0.468
PHC-DST-C2-02,2025-01-27,1,4,2,0.0612
PHC-DST-C2-02,2025-01-28,1,4,2,0.0648
PHC-DST-C2-02,2025-01-29,1,4,2,0.0544
PHC-DST-C2-02,2025-01-30,1,4,2,0.0538
PHC-DST-C2-02,2025-01-31,1,4,2,0.0681
PHC-DST-C2-02,2025-02-01,1,4,2,0.0684
PHC-DST-C2-02,2025-02-02,1,2,1,0.4754
PHC-DST-C2-02,2025-02-03,1,4,2,0.0401
PHC-DST-C2-02,2025-02-04,1,4,2,0.0713
PHC-DST-C2-02,2025-02-05,1,4,2,0.0753
PHC-DST-C2-02,2025-02-06,1,4,2,0.0693
PHC-DST-C2-02,2025-02-07,1,4,2,0.075
PHC-DST-C2-02,2025-02-08,1,4,2,0.0636
PHC-DST-C2-02,2025-02-09,1,2,1,0.4719
PHC-DST-C2-02,2025-02-10,1,4,2,0.0576
PHC-DST-C2-02,2025-02-11,1,4,2,0.0763
PHC-DST-C2-02,2025-02-12,1,4,2,0.0494
PHC-DST-C2-02,2025-02-13,1,4,2,0.0475
PHC-DST-C2-02,2025-02-14,1,4,2,0.0781
PHC-DST-C2-02,2025-02-15,1,4,2,0.0687
PHC-DST-C2-02,2025-02-16,1,2,1,0.4575
PHC-DST-C2-02,2025-02-17,1,4,2,0.0584
PHC-DST-C2-02,2025-02-18,1,4,2,0.0439
PHC-DST-C2-02,2025-02-19,1,4,2,0.0578
PHC-DST-C2-02,2025-02-20,1,4,2,0.0663
PHC-DST-C2-02,2025-02-21,1,4,2,0.0541
PHC-DST-C2-02,2025-02-22,1,4,2,0.0713
PHC-DST-C2-02,2025-02-23,1,2,1,0.4731
PHC-DST-C2-02,2025-02-24,1,4,2,0.0696
PHC-DST-C2-02,2025-02-25,1,4,2,0.0448
PHC-DST-C2-02,2025-02-26,1,4,2,0.0699
PHC-DST-C2-02,2025-02-27,1,4,2,0.0656
PHC-DST-C2-02,2025-02-28,1,4,2,0.067
PHC-DST-C2-02,2025-03-01,1,4,2,0.0489
PHC-DST-C2-02,2025-03-02,1,2,1,0.4633
PHC-DST-C2-02,2025-03-03,1,4,2,0.0443
PHC-DST-C2-02,2025-03-04,1,4,2,0.0433
PHC-DST-C2-02,2025-03-05,1,4,2,0.057
PHC-DST-C2-02,2025-03-06,1,4,2,0.0625
PHC-DST-C2-02,2025-03-07,1,4,2,0.0437
PHC-DST-C2-02,2025-03-08,1,4,2,0.0646
PHC-DST-C2-02,2025-03-09,1,2,1,0.4512
PHC-DST-C2-02,2025-03-10,1,4,2,0.0456
PHC-DST-C2-02,2025-03-11,1,4,2,0.048
PHC-DST-C2-02,2025-03-12,1,4,2,0.0704
PHC-DST-C2-02,2025-03-13,1,4,2,0.0555
PHC-DST-C2-02,2025-03-14,1,4,2,0.065
PHC-DST-C2-02,2025-03-15,1,4,2,0.0618
PHC-DST-C2-02,2025-03-16,1,2,1,0.4424
PHC-DST-C2-02,2025-03-17,1,4,2,0.061
PHC-DST-C2-02,2025-03-18,1,4,2,0.0758
PHC-DST-C2-02,2025-03-19,1,4,2,0.043
PHC-DST-C2-02,2025-03-20,1,4,2,0.0561
PHC-DST-C2-02,2025-03-21,1,4,2,0.068
PHC-DST-C2-02,2025-03-22,1,4,2,0.0506
PHC-DST-C2-02,2025-03-23,1,2,1,0.4516
PHC-DST-C2-02,2025-03-24,1,4,2,0.0563
PHC-DST-C2-02,2025-03-25,1,4,2,
PHC-DST-C2-02,2025-03-26,1,4,2,0.0542
PHC-DST-C2-02,2025-03-27,1,4,2,0.0634
PHC-DST-C2-02,2025-03-28,1,4,2,0.0501
PHC-DST-C2-02,2025-03-29,1,4,2,0.0691
PHC-DST-C2-02,2025-03-30,1,2,1,0.4568
PHC-DST-C2-02,2025-03-31,1,4,2,0.0744
PHC-DST-C2-02,2025-04-01,1,4,2,0.0512
PHC-DST-C2-02,2025-04-02,1,4,2,0.0442
PHC-DST-C2-02,2025-04-03,1,4,2,0.0589
PHC-DST-C2-02,2025-04-04,1,4,2,0.0432
PHC-DST-C2-02,2025-04-05,1,4,2,0.0498
PHC-DST-C2-02,2025-04-06,1,2,1,0.4728
PHC-DST-C2-02,2025-04-07,1,4,2,0.0634
PHC-DST-C2-02,2025-04-08,1,4,2,0.0564
PHC-DST-C2-02,2025-04-09,1,4,2,0.0581
PHC-DST-C2-02,2025-04-10,1,4,2,0.0518
PHC-DST-C2-02,2025-04-11,1,4,2,0.0658
PHC-DST-C2-02,2025-04-12,1,4,2,0.041
PHC-DST-C2-02,2025-04-13,1,2,1,0.4549
PHC-DST-C2-02,2025-04-14,1,4,2,0.0745
PHC-DST-C2-02,2025-04-15,1,4,2,0.0584
PHC-DST-C2-02,2025-04-16,1,4,2,0.0541
PHC-DST-C2-02,2025-04-17,1,4,2,0.0575
PHC-DST-C2-02,2025-04-18,1,4,2,0.0547
PHC-DST-C2-02,2025-04-19,1,4,2,0.0545
PHC-DST-C2-02,2025-04-20,1,2,1,0.4636
PHC-DST-C2-02,2025-04-21,1,4,2,0.0572
PHC-DST-C2-02,2025-04-22,1,4,2,0.0591
PHC-DST-C2-02,2025-04-23,1,4,2,0.0522
PHC-DST-C2-02,2025-04-24,1,4,2,0.0494
PHC-DST-C2-02,2025-04-25,1,4,2,0.0498
PHC-DST-C2-02,2025-04-26,1,4,2,0.0494
PHC-DST-C2-02,2025-04-27,1,2,1,0.4583
PHC-DST-C2-02,2025-04-28,1,4,2,0.0667
PHC-DST-C2-02,2025-04-29,1,4,2,0.0591
PHC-DST-C2-02,2025-04-30,1,4,2,0.0573
PHC-DST-C2-02,2025-05-01,1,4,2,0.0589
PHC-DST-C2-02,2025-05-02,1,4,2,0.0477
PHC-DST-C2-02,2025-05-03,1,4,2,0.06
PHC-DST-C2-02,2025-05-04,1,2,1,0.4511
PHC-DST-C2-02,2025-05-05,1,4,2,0.0599
PHC-DST-C2-02,2025-05-06,1,4,2,0.0736
PHC-DST-C2-02,2025-05-07,1,4,2,0.0607
PHC-DST-C2-02,2025-05-08,1,4,2,0.0432
PHC-DST-C2-02,2025-05-09,1,4,2,0.0463
PHC-DST-C2-02,2025-05-10,1,4,2,0.0503
PHC-DST-C2-02,2025-05-11,1,2,1,0.4527
PHC-DST-C2-02,2025-05-12,1,4,2,0.0487
PHC-DST-C2-02,2025-05-13,1,4,2,0.0401
PHC-DST-C2-02,2025-05-14,1,4,2,0.0562
PHC-DST-C2-02,2025-05-15,1,4,2,0.0529
PHC-DST-C2-02,2025-05-16,1,4,2,0.0711
PHC-DST-C2-02,2025-05-17,1,4,2,0.0637
PHC-DST-C2-02,2025-05-18,1,2,1,0.4476
PHC-DST-C2-02,2025-05-19,1,4,2,0.0507
PHC-DST-C2-02,2025-05-20,1,4,2,0.0534
PHC-DST-C2-02,2025-05-21,1,4,2,0.0471
PHC-DST-C2-02,2025-05-22,1,4,2,
PHC-DST-C2-02,2025-05-23,1,4,2,0.0525
PHC-DST-C2-02,2025-05-24,1,4,2,0.0561
PHC-DST-C2-02,2025-05-25,1,2,1,0.4623
PHC-DST-C2-02,2025-05-26,1,4,2,0.053
PHC-DST-C2-02,2025-05-27,1,4,2,0.0519
PHC-DST-C2-02,2025-05-28,1,4,2,0.0437
PHC-DST-C2-02,2025-05-29,1,4,2,0.0631
PHC-DST-C2-02,2025-05-30,1,4,2,0.0759
PHC-DST-C2-02,2025-05-31,1,4,2,0.0532
PHC-DST-C2-02,2025-06-01,1,2,1,0.4651
PHC-DST-C2-02,2025-06-02,1,4,2,0.0544
PHC-DST-C2-02,2025-06-03,1,4,2,0.0611
PHC-DST-C2-02,2025-06-04,1,4,2,0.0795
PHC-DST-C2-02,2025-06-05,1,4,2,0.0542
PHC-DST-C2-02,2025-06-06,1,4,2,0.0461
PHC-DST-C2-02,2025-06-07,1,4,2,0.0495
PHC-DST-C2-02,2025-06-08,1,2,1,0.4742
PHC-DST-C2-02,2025-06-09,1,4,2,0.0567
PHC-DST-C2-02,2025-06-10,1,4,2,0.044
PHC-DST-C2-02,2025-06-11,1,4,2,0.0569
PHC-DST-C2-02,2025-06-12,1,4,2,0.0637
PHC-DST-C2-02,2025-06-13,1,4,2,0.0614
PHC-DST-C2-02,2025-06-14,1,4,2,0.044
PHC-DST-C2-02,2025-06-15,1,2,1,0.4621
PHC-DST-C2-02,2025-06-16,1,4,2,0.0797
PHC-DST-C2-02,2025-06-17,1,4,2,0.0441
PHC-DST-C2-02,2025-06-18,1,4,2,0.0614
PHC-DST-C2-02,2025-06-19,1,4,2,0.0492
PHC-DST-C2-02,2025-06-20,1,4,2,0.0774
PHC-DST-C2-02,2025-06-21,1,4,2,0.0533
PHC-DST-C2-02,2025-06-22,1,2,1,0.4469
PHC-DST-C2-02,2025-06-23,1,4,2,0.0491
PHC-DST-C2-02,2025-06-24,1,4,2,0.0515
PHC-DST-C2-02,2025-06-25,1,4,2,0.0636
PHC-DST-C2-02,2025-06-26,1,4,2,0.077
PHC-DST-C2-02,2025-06-27,1,4,2,0.0419
PHC-DST-C2-02,2025-06-28,1,4,2,0.0796
PHC-DST-C2-02,2025-06-29,1,2,1,0.4439
PHC-DST-C2-02,2025-06-30,1,4,2,0.0723
PHC-DST-C2-03,2024-01-01,2,4,2,0.0571
PHC-DST-C2-03,2024-01-02,2,4,2,0.0593
PHC-DST-C2-03,2024-01-03,2,4,2,0.0728
PHC-DST-C2-03,2024-01-04,2,4,2,0.0728
PHC-DST-C2-03,2024-01-05,2,4,2,0.0738
PHC-DST-C2-03,2024-01-06,2,4,2,0.0503
PHC-DST-C2-03,2024-01-07,1,2,1,0.4401
PHC-DST-C2-03,2024-01-08,2,4,2,0.0772
PHC-DST-C2-03,2024-01-09,2,4,2,0.052
PHC-DST-C2-03,2024-01-10,2,4,2,0.0437
PHC-DST-C2-03,2024-01-11,2,4,2,0.0617
PHC-DST-C2-03,2024-01-12,2,4,2,0.0796
PHC-DST-C2-03,2024-01-13,2,4,2,0.0799
PHC-DST-C2-03,2024-01-14,1,2,1,0.4581
PHC-DST-C2-03,2024-01-15,2,4,2,0.0534
PHC-DST-C2-03,2024-01-16,2,4,2,0.0681
PHC-DST-C2-03,2024-01-17,2,4,2,0.0523
PHC-DST-C2-03,2024-01-18,2,4,2,0.0434
PHC-DST-C2-03,2024-01-19,2,4,2,0.051
PHC-DST-C2-03,2024-01-20,2,4,2,0.0617
PHC-DST-C2-03,2024-01-21,1,2,1,0.4726
PHC-DST-C2-03,2024-01-22,2,4,2,0.075
PHC-DST-C2-03,2024-01-23,2,4,2,0.0542
PHC-DST-C2-03,2024-01-24,2,4,2,0.0705
PHC-DST-C2-03,2024-01-25,2,4,2,0.0514
PHC-DST-C2-03,2024-01-26,2,4,2,0.0477
PHC-DST-C2-03,2024-01-27,2,4,2,0.046
PHC-DST-C2-03,2024-01-28,1,2,1,0.4405
PHC-DST-C2-03,2024-01-29,2,4,2,0.0708
PHC-DST-C2-03,2024-01-30,2,4,2,0.0742
PHC-DST-C2-03,2024-01-31,2,4,2,0.0709
PHC-DST-C2-03,2024-02-01,2,4,2,0.0687
PHC-DST-C2-03,2024-02-02,2,4,2,0.0443
PHC-DST-C2-03,2024-02-03,2,4,2,0.0521
PHC-DST-C2-03,2024-02-04,1,2,1,0.4793
PHC-DST-C2-03,2024-02-05,2,4,2,0.0566
PHC-DST-C2-03,2024-02-06,2,4,2,0.0779
PHC-DST-C2-03,2024-02-07,2,4,2,0.0679
PHC-DST-C2-03,2024-02-08,2,4,2,0.0767
PHC-DST-C2-03,2024-02-09,2,4,2,0.0545
PHC-DST-C2-03,2024-02-10,2,4,2,0.0458
PHC-DST-C2-03,2024-02-11,1,2,1,0.4613
PHC-DST-C2-03,2024-02-12,2,4,2,0.0539
PHC-DST-C2-03,2024-02-13,2,4,2,0.0783
PHC-DST-C2-03,2024-02-14,2,4,2,0.0766
PHC-DST-C2-03,2024-02-15,2,4,2,0.0433
PHC-DST-C2-03,2024-02-16,2,4,2,0.0514
PHC-DST-C2-03,2024-02-17,2,4,2,0.0631
PHC-DST-C2-03,2024-02-18,1,2,1,0.4422
PHC-DST-C2-03,2024-02-19,2,4,2,0.0437
PHC-DST-C2-03,2024-02-20,2,4,2,0.0661
PHC-DST-C2-03,2024-02-21,2,4,2,0.0791
PHC-DST-C2-03,2024-02-22,2,4,2,0.0606
PHC-DST-C2-03,2024-02-23,2,4,2,0.0572
PHC-DST-C2-03,2024-02-24,2,4,2,0.0716
PHC-DST-C2-03,2024-02-25,1,2,1,0.4592
PHC-DST-C2-03,2024-02-26,2,4,2,0.0734
PHC-DST-C2-03,2024-02-27,2,4,2,0.0443
PHC-DST-C2-03,2024-02-28,2,4,2,0.068
PHC-DST-C2-03,2024-02-29,2,4,2,0.0496
PHC-DST-C2-03,2024-03-01,2,4,2,0.0795
PHC-DST-C2-03,2024-03-02,2,4,2,0.0679
PHC-DST-C2-03,2024-03-03,1,2,1,0.4769
PHC-DST-C2-03,2024-03-04,2,4,2,
PHC-DST-C2-03,2024-03-05,2,4,2,0.0716
PHC-DST-C2-03,2024-03-06,2,4,2,0.0422
PHC-DST-C2-03,2024-03-07,2,4,2,0.0529
PHC-DST-C2-03,2024-03-08,2,4,2,0.0453
PHC-DST-C2-03,2024-03-09,2,4,2,0.0727
PHC-DST-C2-03,2024-03-10,1,2,1,0.455
PHC-DST-C2-03,2024-03-11,2,4,2,0.0543
PHC-DST-C2-03,2024-03-12,2,4,2,0.0483
PHC-DST-C2-03,2024-03-13,2,4,2,0.0716
PHC-DST-C2-03,2024-03-14,2,4,2,0.0417
PHC-DST-C2-03,2024-03-15,2,4,2,0.0402
PHC-DST-C2-03,2024-03-16,2,4,2,0.0586
PHC-DST-C2-03,2024-03-17,1,2,1,0.4606
PHC-DST-C2-03,2024-03-18,2,4,2,0.0701
PHC-DST-C2-03,2024-03-19,2,4,2,0.0542
PHC-DST-C2-03,2024-03-20,2,4,2,
PHC-DST-C2-03,2024-03-21,2,4,2,0.0632
PHC-DST-C2-03,2024-03-22,2,4,2,0.0455
PHC-DST-C2-03,2024-03-23,2,4,2,0.0721
PHC-DST-C2-03,2024-03-24,1,2,1,0.4579
PHC-DST-C2-03,2024-03-25,2,4,2,0.0548
PHC-DST-C2-03,2024-03-26,2,4,2,
PHC-DST-C2-03,2024-03-27,2,4,2,0.0531
PHC-DST-C2-03,2024-03-28,2,4,2,0.0774
PHC-DST-C2-03,2024-03-29,2,4,2,0.0604
PHC-DST-C2-03,2024-03-30,2,4,2,0.076
PHC-DST-C2-03,2024-03-31,1,2,1,0.4591
PHC-DST-C2-03,2024-04-01,2,4,2,0.0492
PHC-DST-C2-03,2024-04-02,2,4,2,0.0413
PHC-DST-C2-03,2024-04-03,2,4,2,0.0521
PHC-DST-C2-03,2024-04-04,2,4,2,0.0412
PHC-DST-C2-03,2024-04-05,2,4,2,0.0751
PHC-DST-C2-03,2024-04-06,2,4,2,0.0426
PHC-DST-C2-03,2024-04-07,1,2,1,0.4705
PHC-DST-C2-03,2024-04-08,2,4,2,0.0731
PHC-DST-C2-03,2024-04-09,2,4,2,0.049
PHC-DST-C2-03,2024-04-10,2,4,2,0.0462
PHC-DST-C2-03,2024-04-11,2,4,2,0.04
PHC-DST-C2-03,2024-04-12,2,4,2,0.0646
PHC-DST-C2-03,2024-04-13,2,4,2,0.0697
PHC-DST-C2-03,2024-04-14,1,2,1,0.4469
PHC-DST-C2-03,2024-04-15,2,4,2,0.0769
PHC-DST-C2-03,2024-04-16,2,4,2,0.0674
PHC-DST-C2-03,2024-04-17,2,4,2,0.076
PHC-DST-C2-03,2024-04-18,2,4,2,0.0579
PHC-DST-C2-03,2024-04-19,2,4,2,0.0591
PHC-DST-C2-03,2024-04-20,2,4,2,0.0637
PHC-DST-C2-03,2024-04-21,1,2,1,0.4631
PHC-DST-C2-03,2024-04-22,2,4,2,0.0684
PHC-DST-C2-03,2024-04-23,2,4,2,0.0704
PHC-DST-C2-03,2024-04-24,2,4,2,0.0763
PHC-DST-C2-03,2024-04-25,2,4,2,0.0615
PHC-DST-C2-03,2024-04-26,2,4,2,0.0463
PHC-DST-C2-03,2024-04-27,2,4,2,0.0698
PHC-DST-C2-03,2024-04-28,1,2,1,0.4656
PHC-DST-C2-03,2024-04-29,2,4,2,0.0459
PHC-DST-C2-03,2024-04-30,2,4,2,0.0411
PHC-DST-C2-03,2024-05-01,2,4,2,0.0783
PHC-DST-C2-03,2024-05-02,2,4,2,0.0725
PHC-DST-C2-03,2024-05-03,2,4,2,0.0791
PHC-DST-C2-03,2024-05-04,2,4,2,0.0727
PHC-DST-C2-03,2024-05-05,1,2,1,0.474
PHC-DST-C2-03,2024-05-06,2,4,2,0.0452
PHC-DST-C2-03,2024-05-07,2,4,2,0.0708
PHC-DST-C2-03,2024-05-08,2,4,2,0.054
PHC-DST-C2-03,2024-05-09,2,4,2,0.057
PHC-DST-C2-03,2024-05-10,2,4,2,0.0417
PHC-DST-C2-03,2024-05-11,2,4,2,0.0676
PHC-DST-C2-03,2024-05-12,1,2,1,0.4448
PHC-DST-C2-03,2024-05-13,2,4,2,0.0622
PHC-DST-C2-03,2024-05-14,2,4,2,0.0756
PHC-DST-C2-03,2024-05-15,2,4,2,0.0604
PHC-DST-C2-03,2024-05-16,2,4,2,0.0485
PHC-DST-C2-03,2024-05-17,2,4,2,0.0444
PHC-DST-C2-03,2024-05-18,2,4,2,0.0561
PHC-DST-C2-03,2024-05-19,1,2,1,0.4788
PHC-DST-C2-03,2024-05-20,2,4,2,0.0672
PHC-DST-C2-03,2024-05-21,2,4,2,0.0494
PHC-DST-C2-03,2024-05-22,2,4,2,0.0435
PHC-DST-C2-03,2024-05-23,2,4,2,0.0757
PHC-DST-C2-03,2024-05-24,2,4,2,0.0745
PHC-DST-C2-03,2024-05-25,2,4,2,0.078
PHC-DST-C2-03,2024-05-26,1,2,1,0.4695
PHC-DST-C2-03,2024-05-27,2,4,2,0.0501
PHC-DST-C2-03,2024-05-28,2,4,2,0.0685
PHC-DST-C2-03,2024-05-29,2,4,2,0.0488
PHC-DST-C2-03,2024-05-30,2,4,2,0.0485
PHC-DST-C2-03,2024-05-31,2,4,2,0.0606
PHC-DST-C2-03,2024-06-01,2,4,2,0.0602
PHC-DST-C2-03,2024-06-02,1,2,1,0.4733
PHC-DST-C2-03,2024-06-03,2,4,2,0.064
PHC-DST-C2-03,2024-06-04,2,4,2,0.0772
PHC-DST-C2-03,2024-06-05,2,4,2,0.0772
PHC-DST-C2-03,2024-06-06,2,4,2,0.0755
PHC-DST-C2-03,2024-06-07,2,4,2,0.0405
PHC-DST-C2-03,2024-06-08,2,4,2,0.0505
PHC-DST-C2-03,2024-06-09,1,2,1,0.458
PHC-DST-C2-03,2024-06-10,2,4,2,0.0735
PHC-DST-C2-03,2024-06-11,2,4,2,0.0743
PHC-DST-C2-03,2024-06-12,2,4,2,0.0724
PHC-DST-C2-03,2024-06-13,2,4,2,0.0766
PHC-DST-C2-03,2024-06-14,2,4,2,0.0737
PHC-DST-C2-03,2024-06-15,2,4,2,0.0685
PHC-DST-C2-03,2024-06-16,1,2,1,0.4718
PHC-DST-C2-03,2024-06-17,2,4,2,0.0785
PHC-DST-C2-03,2024-06-18,2,4,2,0.0456
PHC-DST-C2-03,2024-06-19,2,4,2,0.0798
PHC-DST-C2-03,2024-06-20,2,4,2,0.0488
PHC-DST-C2-03,2024-06-21,2,4,2,0.0783
PHC-DST-C2-03,2024-06-22,2,4,2,0.0712
PHC-DST-C2-03,2024-06-23,1,2,1,0.4545
PHC-DST-C2-03,2024-06-24,2,4,2,0.0534
PHC-DST-C2-03,2024-06-25,2,4,2,0.0539
PHC-DST-C2-03,2024-06-26,2,4,2,0.0668
PHC-DST-C2-03,2024-06-27,2,4,2,0.0728
PHC-DST-C2-03,2024-06-28,2,4,2,0.0714
PHC-DST-C2-03,2024-06-29,2,4,2,0.0422
PHC-DST-C2-03,2024-06-30,1,2,1,0.4742
PHC-DST-C2-03,2024-07-01,2,4,2,0.0551
PHC-DST-C2-03,2024-07-02,2,4,2,0.0413
PHC-DST-C2-03,2024-07-03,2,4,2,0.0746
PHC-DST-C2-03,2024-07-04,2,4,2,0.0717
PHC-DST-C2-03,2024-07-05,2,4,2,0.0545
PHC-DST-C2-03,2024-07-06,2,4,2,0.0626
PHC-DST-C2-03,2024-07-07,1,2,1,0.4462
PHC-DST-C2-03,2024-07-08,2,4,2,0.0747
PHC-DST-C2-03,2024-07-09,2,4,2,
PHC-DST-C2-03,2024-07-10,2,4,2,0.0708
PHC-DST-C2-03,2024-07-11,2,4,2,0.0598
PHC-DST-C2-03,2024-07-12,2,4,2,0.0558
PHC-DST-C2-03,2024-07-13,2,4,2,
PHC-DST-C2-03,2024-07-14,1,2,1,0.4769
PHC-DST-C2-03,2024-07-15,2,4,2,0.0537
PHC-DST-C2-03,2024-07-16,2,4,2,0.0627
PHC-DST-C2-03,2024-07-17,2,4,2,0.0606
PHC-DST-C2-03,2024-07-18,2,4,2,0.0698
PHC-DST-C2-03,2024-07-19,2,4,2,0.064
PHC-DST-C2-03,2024-07-20,2,4,2,0.054
PHC-DST-C2-03,2024-07-21,1,2,1,0.4641
PHC-DST-C2-03,2024-07-22,2,4,2,0.0718
PHC-DST-C2-03,2024-07-23,2,4,2,0.0734
PHC-DST-C2-03,2024-07-24,2,4,2,0.058
PHC-DST-C2-03,2024-07-25,2,4,2,
PHC-DST-C2-03,2024-07-26,2,4,2,0.054
PHC-DST-C2-03,2024-07-27,2,4,2,0.0516
PHC-DST-C2-03,2024-07-28,1,2,1,0.4456
PHC-DST-C2-03,2024-07-29,2,4,2,0.0613
PHC-DST-C2-03,2024-07-30,2,4,2,0.0764
PHC-DST-C2-03,2024-07-31,2,4,2,0.0559
PHC-DST-C2-03,2024-08-01,2,4,2,0.0569
PHC-DST-C2-03,2024-08-02,2,4,2,0.0563
PHC-DST-C2-03,2024-08-03,2,4,2,0.0744
PHC-DST-C2-03,2024-08-04,1,2,1,0.4556
PHC-DST-C2-03,2024-08-05,2,4,2,0.0501
PHC-DST-C2-03,2024-08-06,2,4,2,0.0459
PHC-DST-C2-03,2024-08-07,2,4,2,0.0652
PHC-DST-C2-03,2024-08-08,2,4,2,0.0561
PHC-DST-C2-03,2024-08-09,2,4,2,0.0638
PHC-DST-C2-03,2024-08-10,2,4,2,0.0787
PHC-DST-C2-03,2024-08-11,1,2,1,0.4446
PHC-DST-C2-03,2024-08-12,2,4,2,0.0572
PHC-DST-C2-03,2024-08-13,2,4,2,0.0575
PHC-DST-C2-03,2024-08-14,2,4,2,0.0486
PHC-DST-C2-03,2024-08-15,2,4,2,0.0638
PHC-DST-C2-03,2024-08-16,2,4,2,0.0507
PHC-DST-C2-03,2024-08-17,2,4,2,0.0738
PHC-DST-C2-03,2024-08-18,1,2,1,0.4778
PHC-DST-C2-03,2024-08-19,2,4,2,0.0477
PHC-DST-C2-03,2024-08-20,2,4,2,0.0658
PHC-DST-C2-03,2024-08-21,2,4,2,0.0403
PHC-DST-C2-03,2024-08-22,2,4,2,0.0684
PHC-DST-C2-03,2024-08-23,2,4,2,
PHC-DST-C2-03,2024-08-24,2,4,2,0.0569
PHC-DST-C2-03,2024-08-25,1,2,1,0.4743
PHC-DST-C2-03,2024-08-26,2,4,2,0.052
PHC-DST-C2-03,2024-08-27,2,4,2,0.0667
PHC-DST-C2-03,2024-08-28,2,4,2,0.0456
PHC-DST-C2-03,2024-08-29,2,4,2,0.0603
PHC-DST-C2-03,2024-08-30,2,4,2,0.0526
PHC-DST-C2-03,2024-08-31,2,4,2,0.0736
PHC-DST-C2-03,2024-09-01,1,2,1,0.4445
PHC-DST-C2-03,2024-09-02,2,4,2,0.0561
PHC-DST-C2-03,2024-09-03,2,4,2,
PHC-DST-C2-03,2024-09-04,2,4,2,0.0541
PHC-DST-C2-03,2024-09-05,2,4,2,0.0456
PHC-DST-C2-03,2024-09-06,2,4,2,0.0637
PHC-DST-C2-03,2024-09-07,2,4,2,0.053
PHC-DST-C2-03,2024-09-08,1,2,1,0.4441
PHC-DST-C2-03,2024-09-09,2,4,2,0.0446
PHC-DST-C2-03,2024-09-10,2,4,2,0.0451
PHC-DST-C2-03,2024-09-11,2,4,2,0.0409
PHC-DST-C2-03,2024-09-12,2,4,2,0.0743
PHC-DST-C2-03,2024-09-13,2,4,2,0.0644
PHC-DST-C2-03,2024-09-14,2,4,2,0.0759
PHC-DST-C2-03,2024-09-15,1,2,1,0.47
PHC-DST-C2-03,2024-09-16,2,4,2,0.0684
PHC-DST-C2-03,2024-09-17,2,4,2,0.042
PHC-DST-C2-03,2024-09-18,2,4,2,0.0523
PHC-DST-C2-03,2024-09-19,2,4,2,0.0444
PHC-DST-C2-03,2024-09-20,2,4,2,0.0611
PHC-DST-C2-03,2024-09-21,2,4,2,0.0591
PHC-DST-C2-03,2024-09-22,1,2,1,0.4542
PHC-DST-C2-03,2024-09-23,2,4,2,0.0547
PHC-DST-C2-03,2024-09-24,2,4,2,0.0521
PHC-DST-C2-03,2024-09-25,2,4,2,0.0528
PHC-DST-C2-03,2024-09-26,2,4,2,0.0467
PHC-DST-C2-03,2024-09-27,2,4,2,0.0637
PHC-DST-C2-03,2024-09-28,2,4,2,0.0797
PHC-DST-C2-03,2024-09-29,1,2,1,0.461
PHC-DST-C2-03,2024-09-30,2,4,2,0.0496
PHC-DST-C2-03,2024-10-01,2,4,2,0.0642
PHC-DST-C2-03,2024-10-02,2,4,2,0.0431
PHC-DST-C2-03,2024-10-03,2,4,2,0.0661
PHC-DST-C2-03,2024-10-04,2,4,2,0.07
PHC-DST-C2-03,2024-10-05,2,4,2,0.0645
PHC-DST-C2-03,2024-10-06,1,2,1,0.4743
PHC-DST-C2-03,2024-10-07,2,4,2,0.0433
PHC-DST-C2-03,2024-10-08,2,4,2,0.0458
PHC-DST-C2-03,2024-10-09,2,4,2,0.0695
PHC-DST-C2-03,2024-10-10,2,4,2,0.0773
PHC-DST-C2-03,2024-10-11,2,4,2,0.0738
PHC-DST-C2-03,2024-10-12,2,4,2,0.049
PHC-DST-C2-03,2024-10-13,1,2,1,0.4569
PHC-DST-C2-03,2024-10-14,2,4,2,0.0714
PHC-DST-C2-03,2024-10-15,2,4,2,0.0529
PHC-DST-C2-03,2024-10-16,2,4,2,0.0439
PHC-DST-C2-03,2024-10-17,2,4,2,0.0432
PHC-DST-C2-03,2024-10-18,2,4,2,0.0686
PHC-DST-C2-03,2024-10-19,2,4,2,0.0722
PHC-DST-C2-03,2024-10-20,1,2,1,0.4665
PHC-DST-C2-03,2024-10-21,2,4,2,0.0618
PHC-DST-C2-03,2024-10-22,2,4,2,0.0516
PHC-DST-C2-03,2024-10-23,2,4,2,0.0553
PHC-DST-C2-03,2024-10-24,2,4,2,0.0592
PHC-DST-C2-03,2024-10-25,2,4,2,0.0519
PHC-DST-C2-03,2024-10-26,2,4,2,0.0692
PHC-DST-C2-03,2024-10-27,1,2,1,0.454
PHC-DST-C2-03,2024-10-28,2,4,2,0.0549
PHC-DST-C2-03,2024-10-29,2,4,2,0.0738
PHC-DST-C2-03,2024-10-30,2,4,2,0.069
PHC-DST-C2-03,2024-10-31,2,4,2,
PHC-DST-C2-03,2024-11-01,2,4,2,0.052
PHC-DST-C2-03,2024-11-02,2,4,2,0.061
PHC-DST-C2-03,2024-11-03,1,2,1,0.466
PHC-DST-C2-03,2024-11-04,2,4,2,0.07
PHC-DST-C2-03,2024-11-05,2,4,2,0.0529
PHC-DST-C2-03,2024-11-06,2,4,2,0.0592
PHC-DST-C2-03,2024-11-07,2,4,2,0.0744
PHC-DST-C2-03,2024-11-08,2,4,2,0.0423
PHC-DST-C2-03,2024-11-09,2,4,2,0.067
PHC-DST-C2-03,2024-11-10,1,2,1,0.4637
PHC-DST-C2-03,2024-11-11,2,4,2,0.0777
PHC-DST-C2-03,2024-11-12,2,4,2,0.0689
PHC-DST-C2-03,2024-11-13,2,4,2,0.0466
PHC-DST-C2-03,2024-11-14,2,4,2,0.055
PHC-DST-C2-03,2024-11-15,2,4,2,0.0523
PHC-DST-C2-03,2024-11-16,2,4,2,0.0732
PHC-DST-C2-03,2024-11-17,1,2,1,0.4601
PHC-DST-C2-03,2024-11-18,2,4,2,0.0707
PHC-DST-C2-03,2024-11-19,2,4,2,0.0774
PHC-DST-C2-03,2024-11-20,2,4,2,0.049
PHC-DST-C2-03,2024-11-21,2,4,2,0.0618
PHC-DST-C2-03,2024-11-22,2,4,2,0.0631
PHC-DST-C2-03,2024-11-23,2,4,2,0.0571
PHC-DST-C2-03,2024-11-24,1,2,1,0.4517
PHC-DST-C2-03,2024-11-25,2,4,2,0.0404
PHC-DST-C2-03,2024-11-26,2,4,2,0.0538
PHC-DST-C2-03,2024-11-27,2,4,2,0.0563
PHC-DST-C2-03,2024-11-28,2,4,2,0.0558
PHC-DST-C2-03,2024-11-29,2,4,2,0.0431
PHC-DST-C2-03,2024-11-30,2,4,2,0.0428
PHC-DST-C2-03,2024-12-01,1,2,1,0.472
PHC-DST-C2-03,2024-12-02,2,4,2,0.0624
PHC-DST-C2-03,2024-12-03,2,4,2,0.0777
PHC-DST-C2-03,2024-12-04,2,4,2,0.042
PHC-DST-C2-03,2024-12-05,2,4,2,0.079
PHC-DST-C2-03,2024-12-06,2,4,2,0.0665
PHC-DST-C2-03,2024-12-07,2,4,2,0.0735
PHC-DST-C2-03,2024-12-08,1,2,1,0.4619
PHC-DST-C2-03,2024-12-09,2,4,2,0.077
PHC-DST-C2-03,2024-12-10,2,4,2,0.0774
PHC-DST-C2-03,2024-12-11,2,4,2,0.0702
PHC-DST-C2-03,2024-12-12,2,4,2,0.0654
PHC-DST-C2-03,2024-12-13,2,4,2,0.0736
PHC-DST-C2-03,2024-12-14,2,4,2,0.0649
PHC-DST-C2-03,2024-12-15,1,2,1,0.4461
PHC-DST-C2-03,2024-12-16,2,4,2,0.0605
PHC-DST-C2-03,2024-12-17,2,4,2,0.0411
PHC-DST-C2-03,2024-12-18,2,4,2,0.0615
PHC-DST-C2-03,2024-12-19,2,4,2,0.0468
PHC-DST-C2-03,2024-12-20,2,4,2,0.0741
PHC-DST-C2-03,2024-12-21,2,4,2,0.0705
PHC-DST-C2-03,2024-12-22,1,2,1,0.4703
PHC-DST-C2-03,2024-12-23,2,4,2,0.0404
PHC-DST-C2-03,2024-12-24,2,4,2,0.0742
PHC-DST-C2-03,2024-12-25,2,4,2,0.05
PHC-DST-C2-03,2024-12-26,2,4,2,0.0628
PHC-DST-C2-03,2024-12-27,2,4,2,0.0531
PHC-DST-C2-03,2024-12-28,2,4,2,0.0777
PHC-DST-C2-03,2024-12-29,1,2,1,0.4754
PHC-DST-C2-03,2024-12-30,2,4,2,0.0422
PHC-DST-C2-03,2024-12-31,2,4,2,0.0624
PHC-DST-C2-03,2025-01-01,2,4,2,0.0651
PHC-DST-C2-03,2025-01-02,2,4,2,0.0526
PHC-DST-C2-03,2025-01-03,2,4,2,0.0536
PHC-DST-C2-03,2025-01-04,2,4,2,0.0653
PHC-DST-C2-03,2025-01-05,1,2,1,0.4711
PHC-DST-C2-03,2025-01-06,2,4,2,0.0551
PHC-DST-C2-03,2025-01-07,2,4,2,0.0662
PHC-DST-C2-03,2025-01-08,2,4,2,0.0587
PHC-DST-C2-03,2025-01-09,2,4,2,0.0602
PHC-DST-C2-03,2025-01-10,2,4,2,0.0427
PHC-DST-C2-03,2025-01-11,2,4,2,0.0653
PHC-DST-C2-03,2025-01-12,1,2,1,0.4539
PHC-DST-C2-03,2025-01-13,2,4,2,0.075
PHC-DST-C2-03,2025-01-14,2,4,2,0.0672
PHC-DST-C2-03,2025-01-15,2,4,2,0.0658
PHC-DST-C2-03,2025-01-16,2,4,2,0.0759
PHC-DST-C2-03,2025-01-17,2,4,2,0.0471
PHC-DST-C2-03,2025-01-18,2,4,2,0.05
PHC-DST-C2-03,2025-01-19,1,2,1,0.4771
PHC-DST-C2-03,2025-01-20,2,4,2,0.0516
PHC-DST-C2-03,2025-01-21,2,4,2,0.043
PHC-DST-C2-03,2025-01-22,2,4,2,
PHC-DST-C2-03,2025-01-23,2,4,2,0.0578
PHC-DST-C2-03,2025-01-24,2,4,2,0.0686
PHC-DST-C2-03,2025-01-25,2,4,2,0.0534
PHC-DST-C2-03,2025-01-26,1,2,1,0.4403
PHC-DST-C2-03,2025-01-27,2,4,2,0.0682
PHC-DST-C2-03,2025-01-28,2,4,2,0.06
PHC-DST-C2-03,2025-01-29,2,4,2,0.0778
PHC-DST-C2-03,2025-01-30,2,4,2,0.0497
PHC-DST-C2-03,2025-01-31,2,4,2,0.0676
PHC-DST-C2-03,2025-02-01,2,4,2,0.0477
PHC-DST-C2-03,2025-02-02,1,2,1,0.4733
PHC-DST-C2-03,2025-02-03,2,4,2,0.0488
PHC-DST-C2-03,2025-02-04,2,4,2,0.0669
PHC-DST-C2-03,2025-02-05,2,4,2,0.0798
PHC-DST-C2-03,2025-02-06,2,4,2,0.0529
PHC-DST-C2-03,2025-02-07,2,4,2,0.0683
PHC-DST-C2-03,2025-02-08,2,4,2,0.0715
PHC-DST-C2-03,2025-02-09,1,2,1,0.4654
PHC-DST-C2-03,2025-02-10,2,4,2,0.0583
PHC-DST-C2-03,2025-02-11,2,4,2,0.0682
PHC-DST-C2-03,2025-02-12,2,4,2,0.0546
PHC-DST-C2-03,2025-02-13,2,4,2,0.0714
PHC-DST-C2-03,2025-02-14,2,4,2,0.0482
PHC-DST-C2-03,2025-02-15,2,4,2,0.0523
PHC-DST-C2-03,2025-02-16,1,2,1,0.4682
PHC-DST-C2-03,2025-02-17,2,4,2,0.0638
PHC-DST-C2-03,2025-02-18,2,4,2,0.0777
PHC-DST-C2-03,2025-02-19,2,4,2,0.0468
PHC-DST-C2-03,2025-02-20,2,4,2,0.0444
PHC-DST-C2-03,2025-02-21,2,4,2,0.0568
PHC-DST-C2-03,2025-02-22,2,4,2,0.0723
PHC-DST-C2-03,2025-02-23,1,2,1,0.4447
PHC-DST-C2-03,2025-02-24,2,4,2,0.0632
PHC-DST-C2-03,2025-02-25,2,4,2,0.0663
PHC-DST-C2-03,2025-02-26,2,4,2,0.0548
PHC-DST-C2-03,2025-02-27,2,4,2,0.0703
PHC-DST-C2-03,2025-02-28,2,4,2,0.0442
PHC-DST-C2-03,2025-03-01,2,4,2,0.0549
PHC-DST-C2-03,2025-03-02,1,2,1,0.4431
PHC-DST-C2-03,2025-03-03,2,4,2,
PHC-DST-C2-03,2025-03-04,2,4,2,0.0531
PHC-DST-C2-03,2025-03-05,2,4,2,0.0484
PHC-DST-C2-03,2025-03-06,2,4,2,0.0517
PHC-DST-C2-03,2025-03-07,2,4,2,0.0713
PHC-DST-C2-03,2025-03-08,2,4,2,0.055
PHC-DST-C2-03,2025-03-09,1,2,1,0.4458
PHC-DST-C2-03,2025-03-10,2,4,2,0.0563
PHC-DST-C2-03,2025-03-11,2,4,2,0.0568
PHC-DST-C2-03,2025-03-12,2,4,2,0.0462
PHC-DST-C2-03,2025-03-13,2,4,2,0.0785
PHC-DST-C2-03,2025-03-14,2,4,2,0.0678
PHC-DST-C2-03,2025-03-15,2,4,2,0.0796
PHC-DST-C2-03,2025-03-16,1,2,1,0.454
PHC-DST-C2-03,2025-03-17,2,4,2,0.0532
PHC-DST-C2-03,2025-03-18,2,4,2,0.0667
PHC-DST-C2-03,2025-03-19,2,4,2,0.0579
PHC-DST-C2-03,2025-03-20,2,4,2,0.0679
PHC-DST-C2-03,2025-03-21,2,4,2,0.0464
PHC-DST-C2-03,2025-03-22,2,4,2,
PHC-DST-C2-03,2025-03-23,1,2,1,0.4409
PHC-DST-C2-03,2025-03-24,2,4,2,0.0595
PHC-DST-C2-03,2025-03-25,2,4,2,0.0597
PHC-DST-C2-03,2025-03-26,2,4,2,0.0749
PHC-DST-C2-03,2025-03-27,2,4,2,0.0435
PHC-DST-C2-03,2025-03-28,2,4,2,0.0515
PHC-DST-C2-03,2025-03-29,2,4,2,0.0467
PHC-DST-C2-03,2025-03-30,1,2,1,0.4669
PHC-DST-C2-03,2025-03-31,2,4,2,0.0651
PHC-DST-C2-03,2025-04-01,2,4,2,0.0645
PHC-DST-C2-03,2025-04-02,2,4,2,0.0588
PHC-DST-C2-03,2025-04-03,2,4,2,0.0553
PHC-DST-C2-03,2025-04-04,2,4,2,0.0732
PHC-DST-C2-03,2025-04-05,2,4,2,0.0643
PHC-DST-C2-03,2025-04-06,1,2,1,0.443
PHC-DST-C2-03,2025-04-07,2,4,2,0.0549
PHC-DST-C2-03,2025-04-08,2,4,2,0.0491
PHC-DST-C2-03,2025-04-09,2,4,2,0.0509
PHC-DST-C2-03,2025-04-10,2,4,2,0.0589
PHC-DST-C2-03,2025-04-11,2,4,2,0.0516
PHC-DST-C2-03,2025-04-12,2,4,2,0.0697
PHC-DST-C2-03,2025-04-13,1,2,1,0.4612
PHC-DST-C2-03,2025-04-14,2,4,2,0.069
PHC-DST-C2-03,2025-04-15,2,4,2,0.0407
PHC-DST-C2-03,2025-04-16,2,4,2,0.0495
PHC-DST-C2-03,2025-04-17,2,4,2,0.0716
PHC-DST-C2-03,2025-04-18,2,4,2,0.0591
PHC-DST-C2-03,2025-04-19,2,4,2,0.0571
PHC-DST-C2-03,2025-04-20,1,2,1,0.4632
PHC-DST-C2-03,2025-04-21,2,4,2,0.0404
PHC-DST-C2-03,2025-04-22,2,4,2,0.0583
PHC-DST-C2-03,2025-04-23,2,4,2,0.0749
PHC-DST-C2-03,2025-04-24,2,4,2,0.0587
PHC-DST-C2-03,2025-04-25,2,4,2,0.0457
PHC-DST-C2-03,2025-04-26,2,4,2,0.0515
PHC-DST-C2-03,2025-04-27,1,2,1,0.461
PHC-DST-C2-03,2025-04-28,2,4,2,0.0694
PHC-DST-C2-03,2025-04-29,2,4,2,0.0612
PHC-DST-C2-03,2025-04-30,2,4,2,0.054
PHC-DST-C2-03,2025-05-01,2,4,2,0.0602
PHC-DST-C2-03,2025-05-02,2,4,2,0.0717
PHC-DST-C2-03,2025-05-03,2,4,2,0.0633
PHC-DST-C2-03,2025-05-04,1,2,1,0.4644
PHC-DST-C2-03,2025-05-05,2,4,2,0.0597
PHC-DST-C2-03,2025-05-06,2,4,2,0.0527
PHC-DST-C2-03,2025-05-07,2,4,2,0.0517
PHC-DST-C2-03,2025-05-08,2,4,2,0.079
PHC-DST-C2-03,2025-05-09,2,4,2,0.0568
PHC-DST-C2-03,2025-05-10,2,4,2,0.063
PHC-DST-C2-03,2025-05-11,1,2,1,0.4788
PHC-DST-C2-03,2025-05-12,2,4,2,0.0473
PHC-DST-C2-03,2025-05-13,2,4,2,0.0732
PHC-DST-C2-03,2025-05-14,2,4,2,0.0625
PHC-DST-C2-03,2025-05-15,2,4,2,0.0556
PHC-DST-C2-03,2025-05-16,2,4,2,0.0747
PHC-DST-C2-03,2025-05-17,2,4,2,0.068
PHC-DST-C2-03,2025-05-18,1,2,1,0.4515
PHC-DST-C2-03,2025-05-19,2,4,2,0.0626
PHC-DST-C2-03,2025-05-20,2,4,2,0.0493
PHC-DST-C2-03,2025-05-21,2,4,2,0.0592
PHC-DST-C2-03,2025-05-22,2,4,2,0.0521
PHC-DST-C2-03,2025-05-23,2,4,2,
PHC-DST-C2-03,2025-05-24,2,4,2,0.0461
PHC-DST-C2-03,2025-05-25,1,2,1,0.4461
PHC-DST-C2-03,2025-05-26,2,4,2,0.0536
PHC-DST-C2-03,2025-05-27,2,4,2,0.0713
PHC-DST-C2-03,2025-05-28,2,4,2,0.0739
PHC-DST-C2-03,2025-05-29,2,4,2,0.0594
PHC-DST-C2-03,2025-05-30,2,4,2,0.0587
PHC-DST-C2-03,2025-05-31,2,4,2,0.0437
PHC-DST-C2-03,2025-06-01,1,2,1,0.4447
PHC-DST-C2-03,2025-06-02,2,4,2,0.0777
PHC-DST-C2-03,2025-06-03,2,4,2,0.0553
PHC-DST-C2-03,2025-06-04,2,4,2,0.0408
PHC-DST-C2-03,2025-06-05,2,4,2,0.0706
PHC-DST-C2-03,2025-06-06,2,4,2,0.0791
PHC-DST-C2-03,2025-06-07,2,4,2,0.0468
PHC-DST-C2-03,2025-06-08,1,2,1,0.4434
PHC-DST-C2-03,2025-06-09,2,4,2,0.0402
PHC-DST-C2-03,2025-06-10,2,4,2,0.0773
PHC-DST-C2-03,2025-06-11,2,4,2,0.0452
PHC-DST-C2-03,2025-06-12,2,4,2,0.0716
PHC-DST-C2-03,2025-06-13,2,4,2,0.0532
PHC-DST-C2-03,2025-06-14,2,4,2,0.0739
PHC-DST-C2-03,2025-06-15,1,2,1,0.4578
PHC-DST-C2-03,2025-06-16,2,4,2,
PHC-DST-C2-03,2025-06-17,2,4,2,0.0553
PHC-DST-C2-03,2025-06-18,2,4,2,0.0446
PHC-DST-C2-03,2025-06-19,2,4,2,0.0705
PHC-DST-C2-03,2025-06-20,2,4,2,0.051
PHC-DST-C2-03,2025-06-21,2,4,2,0.074
PHC-DST-C2-03,2025-06-22,1,2,1,0.4433
PHC-DST-C2-03,2025-06-23,2,4,2,0.0423
PHC-DST-C2-03,2025-06-24,2,4,2,0.0702
PHC-DST-C2-03,2025-06-25,2,4,2,0.063
PHC-DST-C2-03,2025-06-26,2,4,2,0.0497
PHC-DST-C2-03,2025-06-27,2,4,2,0.0773
PHC-DST-C2-03,2025-06-28,2,4,2,0.0591
PHC-DST-C2-03,2025-06-29,1,2,1,0.4501
PHC-DST-C2-03,2025-06-30,2,4,2,0.054
PHC-DST-C2-04,2024-01-01,2,4,3,0.0749
PHC-DST-C2-04,2024-01-02,2,4,3,0.0567
PHC-DST-C2-04,2024-01-03,2,4,3,0.0631
PHC-DST-C2-04,2024-01-04,2,4,3,0.0435
PHC-DST-C2-04,2024-01-05,2,4,3,0.0507
PHC-DST-C2-04,2024-01-06,2,4,3,0.0665
PHC-DST-C2-04,2024-01-07,1,2,2,0.471
PHC-DST-C2-04,2024-01-08,2,4,3,0.0776
PHC-DST-C2-04,2024-01-09,2,4,3,0.072
PHC-DST-C2-04,2024-01-10,2,4,3,0.0626
PHC-DST-C2-04,2024-01-11,2,4,3,0.0641
PHC-DST-C2-04,2024-01-12,2,4,3,0.0671
PHC-DST-C2-04,2024-01-13,2,4,3,0.07
PHC-DST-C2-04,2024-01-14,1,2,2,0.4417
PHC-DST-C2-04,2024-01-15,2,4,3,0.0705
PHC-DST-C2-04,2024-01-16,2,4,3,0.0443
PHC-DST-C2-04,2024-01-17,2,4,3,0.0701
PHC-DST-C2-04,2024-01-18,2,4,3,0.0712
PHC-DST-C2-04,2024-01-19,2,4,3,0.0605
PHC-DST-C2-04,2024-01-20,2,4,3,
PHC-DST-C2-04,2024-01-21,1,2,2,0.4515
PHC-DST-C2-04,2024-01-22,2,4,3,0.0482
PHC-DST-C2-04,2024-01-23,2,4,3,0.0681
PHC-DST-C2-04,2024-01-24,2,4,3,0.0642
PHC-DST-C2-04,2024-01-25,2,4,3,0.0498
PHC-DST-C2-04,2024-01-26,2,4,3,0.0574
PHC-DST-C2-04,2024-01-27,2,4,3,0.0476
PHC-DST-C2-04,2024-01-28,1,2,2,0.4568
PHC-DST-C2-04,2024-01-29,2,4,3,0.076
PHC-DST-C2-04,2024-01-30,2,4,3,0.0711
PHC-DST-C2-04,2024-01-31,2,4,3,0.0719
PHC-DST-C2-04,2024-02-01,2,4,3,0.0482
PHC-DST-C2-04,2024-02-02,2,4,3,0.0535
PHC-DST-C2-04,2024-02-03,2,4,3,0.0746
PHC-DST-C2-04,2024-02-04,1,2,2,0.4587
PHC-DST-C2-04,2024-02-05,2,4,3,
PHC-DST-C2-04,2024-02-06,2,4,3,0.0566
PHC-DST-C2-04,2024-02-07,2,4,3,0.0451
PHC-DST-C2-04,2024-02-08,2,4,3,0.0664
PHC-DST-C2-04,2024-02-09,2,4,3,0.054
PHC-DST-C2-04,2024-02-10,2,4,3,0.0695
PHC-DST-C2-04,2024-02-11,1,2,2,0.4507
PHC-DST-C2-04,2024-02-12,2,4,3,0.0743
PHC-DST-C2-04,2024-02-13,2,4,3,0.0614
PHC-DST-C2-04,2024-02-14,2,4,3,0.0491
PHC-DST-C2-04,2024-02-15,2,4,3,0.0525
PHC-DST-C2-04,2024-02-16,2,4,3,0.0592
PHC-DST-C2-04,2024-02-17,2,4,3,0.072
PHC-DST-C2-04,2024-02-18,1,2,2,0.4585
PHC-DST-C2-04,2024-02-19,2,4,3,0.0654
PHC-DST-C2-04,2024-02-20,2,4,3,0.0697
PHC-DST-C2-04,2024-02-21,2,4,3,0.0596
PHC-DST-C2-04,2024-02-22,2,4,3,0.0684
PHC-DST-C2-04,2024-02-23,2,4,3,0.0401
PHC-DST-C2-04,2024-02-24,2,4,3,0.0527
PHC-DST-C2-04,2024-02-25,1,2,2,0.4778
PHC-DST-C2-04,2024-02-26,2,4,3,0.0511
PHC-DST-C2-04,2024-02-27,2,4,3,0.0778
PHC-DST-C2-04,2024-02-28,2,4,3,0.0711
PHC-DST-C2-04,2024-02-29,2,4,3,0.0422
PHC-DST-C2-04,2024-03-01,2,4,3,0.0521
PHC-DST-C2-04,2024-03-02,2,4,3,0.0767
PHC-DST-C2-04,2024-03-03,1,2,2,0.4431
PHC-DST-C2-04,2024-03-04,2,4,3,0.0707
PHC-DST-C2-04,2024-03-05,2,4,3,0.0727
PHC-DST-C2-04,2024-03-06,2,4,3,0.0573
PHC-DST-C2-04,2024-03-07,2,4,3,0.0471
PHC-DST-C2-04,2024-03-08,2,4,3,0.0752
PHC-DST-C2-04,2024-03-09,2,4,3,0.0501
PHC-DST-C2-04,2024-03-10,1,2,2,0.4679
PHC-DST-C2-04,2024-03-11,2,4,3,0.0629
PHC-DST-C2-04,2024-03-12,2,4,3,0.0796
PHC-DST-C2-04,2024-03-13,2,4,3,0.0488
PHC-DST-C2-04,2024-03-14,2,4,3,0.0579
PHC-DST-C2-04,2024-03-15,2,4,3,0.0536
PHC-DST-C2-04,2024-03-16,2,4,3,0.079
PHC-DST-C2-04,2024-03-17,1,2,2,0.462
PHC-DST-C2-04,2024-03-18,2,4,3,0.0759
PHC-DST-C2-04,2024-03-19,2,4,3,0.0438
PHC-DST-C2-04,2024-03-20,2,4,3,0.0409
PHC-DST-C2-04,2024-03-21,2,4,3,0.0759
PHC-DST-C2-04,2024-03-22,2,4,3,0.0656
PHC-DST-C2-04,2024-03-23,2,4,3,0.0683
PHC-DST-C2-04,2024-03-24,1,2,2,0.4698
PHC-DST-C2-04,2024-03-25,2,4,3,0.0472
PHC-DST-C2-04,2024-03-26,2,4,3,0.064
PHC-DST-C2-04,2024-03-27,2,4,3,0.0708
PHC-DST-C2-04,2024-03-28,2,4,3,0.0611
PHC-DST-C2-04,2024-03-29,2,4,3,0.078
PHC-DST-C2-04,2024-03-30,2,4,3,0.0674
PHC-DST-C2-04,2024-03-31,1,2,2,0.4724
PHC-DST-C2-04,2024-04-01,2,4,3,0.0637
PHC-DST-C2-04,2024-04-02,2,4,3,0.0415
PHC-DST-C2-04,2024-04-03,2,4,3,0.0507
PHC-DST-C2-04,2024-04-04,2,4,3,0.073
PHC-DST-C2-04,2024-04-05,2,4,3,0.0632
PHC-DST-C2-04,2024-04-06,2,4,3,0.0668
PHC-DST-C2-04,2024-04-07,1,2,2,0.4691
PHC-DST-C2-04,2024-04-08,2,4,3,0.0799
PHC-DST-C2-04,2024-04-09,2,4,3,0.072
PHC-DST-C2-04,2024-04-10,2,4,3,0.0499
PHC-DST-C2-04,2024-04-11,2,4,3,0.0678
PHC-DST-C2-04,2024-04-12,2,4,3,0.0465
PHC-DST-C2-04,2024-04-13,2,4,3,0.051
PHC-DST-C2-04,2024-04-14,1,2,2,0.4523
PHC-DST-C2-04,2024-04-15,2,4,3,0.0587
PHC-DST-C2-04,2024-04-16,2,4,3,0.0521
PHC-DST-C2-04,2024-04-17,2,4,3,0.0514
PHC-DST-C2-04,2024-04-18,2,4,3,
PHC-DST-C2-04,2024-04-19,2,4,3,0.0458
PHC-DST-C2-04,2024-04-20,2,4,3,0.0698
PHC-DST-C2-04,2024-04-21,1,2,2,0.4425
PHC-DST-C2-04,2024-04-22,2,4,3,0.0774
PHC-DST-C2-04,2024-04-23,2,4,3,0.0504
PHC-DST-C2-04,2024-04-24,2,4,3,0.044
PHC-DST-C2-04,2024-04-25,2,4,3,0.042
PHC-DST-C2-04,2024-04-26,2,4,3,0.0574
PHC-DST-C2-04,2024-04-27,2,4,3,0.0699
PHC-DST-C2-04,2024-04-28,1,2,2,0.4486
PHC-DST-C2-04,2024-04-29,2,4,3,0.0648
PHC-DST-C2-04,2024-04-30,2,4,3,0.0447
PHC-DST-C2-04,2024-05-01,2,4,3,0.0509
PHC-DST-C2-04,2024-05-02,2,4,3,0.0456
PHC-DST-C2-04,2024-05-03,2,4,3,0.0625
PHC-DST-C2-04,2024-05-04,2,4,3,0.0529
PHC-DST-C2-04,2024-05-05,1,2,2,0.4747
PHC-DST-C2-04,2024-05-06,2,4,3,0.0408
PHC-DST-C2-04,2024-05-07,2,4,3,0.0783
PHC-DST-C2-04,2024-05-08,2,4,3,0.0664
PHC-DST-C2-04,2024-05-09,2,4,3,0.057
PHC-DST-C2-04,2024-05-10,2,4,3,0.0436
PHC-DST-C2-04,2024-05-11,2,4,3,0.0544
PHC-DST-C2-04,2024-05-12,1,2,2,0.4513
PHC-DST-C2-04,2024-05-13,2,4,3,0.0713
PHC-DST-C2-04,2024-05-14,2,4,3,0.0681
PHC-DST-C2-04,2024-05-15,2,4,3,0.0525
PHC-DST-C2-04,2024-05-16,2,4,3,0.0469
PHC-DST-C2-04,2024-05-17,2,4,3,0.0695
PHC-DST-C2-04,2024-05-18,2,4,3,0.0408
PHC-DST-C2-04,2024-05-19,1,2,2,0.457
PHC-DST-C2-04,2024-05-20,2,4,3,0.0689
PHC-DST-C2-04,2024-05-21,2,4,3,0.0727
PHC-DST-C2-04,2024-05-22,2,4,3,0.0676
PHC-DST-C2-04,2024-05-23,2,4,3,0.0776
PHC-DST-C2-04,2024-05-24,2,4,3,0.0792
PHC-DST-C2-04,2024-05-25,2,4,3,0.0655
PHC-DST-C2-04,2024-05-26,1,2,2,0.4771
PHC-DST-C2-04,2024-05-27,2,4,3,0.0404
PHC-DST-C2-04,2024-05-28,2,4,3,0.0736
PHC-DST-C2-04,2024-05-29,2,4,3,0.0785
PHC-DST-C2-04,2024-05-30,2,4,3,0.045
PHC-DST-C2-04,2024-05-31,2,4,3,0.0413
PHC-DST-C2-04,2024-06-01,2,4,3,0.0634
PHC-DST-C2-04,2024-06-02,1,2,2,0.4524
PHC-DST-C2-04,2024-06-03,2,4,3,0.0737
PHC-DST-C2-04,2024-06-04,2,4,3,0.0786
PHC-DST-C2-04,2024-06-05,2,4,3,0.0606
PHC-DST-C2-04,2024-06-06,2,4,3,0.0665
PHC-DST-C2-04,2024-06-07,2,4,3,0.0675
PHC-DST-C2-04,2024-06-08,2,4,3,0.075
PHC-DST-C2-04,2024-06-09,1,2,2,0.4533
PHC-DST-C2-04,2024-06-10,2,4,3,0.0404
PHC-DST-C2-04,2024-06-11,2,4,3,0.0456
PHC-DST-C2-04,2024-06-12,2,4,3,0.057
PHC-DST-C2-04,2024-06-13,2,4,3,0.0752
PHC-DST-C2-04,2024-06-14,2,4,3,0.0541
PHC-DST-C2-04,2024-06-15,2,4,3,0.068
PHC-DST-C2-04,2024-06-16,1,2,2,0.4723
PHC-DST-C2-04,2024-06-17,2,4,3,0.0587
PHC-DST-C2-04,2024-06-18,2,4,3,0.064
PHC-DST-C2-04,2024-06-19,2,4,3,0.0791
PHC-DST-C2-04,2024-06-20,2,4,3,0.045
PHC-DST-C2-04,2024-06-21,2,4,3,0.045
PHC-DST-C2-04,2024-06-22,2,4,3,0.0604
PHC-DST-C2-04,2024-06-23,1,2,2,0.4701
PHC-DST-C2-04,2024-06-24,2,4,3,0.0548
PHC-DST-C2-04,2024-06-25,2,4,3,0.0763
PHC-DST-C2-04,2024-06-26,2,4,3,0.0439
PHC-DST-C2-04,2024-06-27,2,4,3,0.0724
PHC-DST-C2-04,2024-06-28,2,4,3,0.0709
PHC-DST-C2-04,2024-06-29,2,4,3,0.0596
PHC-DST-C2-04,2024-06-30,1,2,2,0.4722
PHC-DST-C2-04,2024-07-01,2,4,3,0.0598
PHC-DST-C2-04,2024-07-02,2,4,3,0.0594
PHC-DST-C2-04,2024-07-03,2,4,3,0.0653
PHC-DST-C2-04,2024-07-04,2,4,3,0.0402
PHC-DST-C2-04,2024-07-05,2,4,3,0.0595
PHC-DST-C2-04,2024-07-06,2,4,3,0.059
PHC-DST-C2-04,2024-07-07,1,2,2,0.4448
PHC-DST-C2-04,2024-07-08,2,4,3,0.0629
PHC-DST-C2-04,2024-07-09,2,4,3,0.0688
PHC-DST-C2-04,2024-07-10,2,4,3,0.0585
PHC-DST-C2-04,2024-07-11,2,4,3,0.0412
PHC-DST-C2-04,2024-07-12,2,4,3,0.0606
PHC-DST-C2-04,2024-07-13,2,4,3,0.0428
PHC-DST-C2-04,2024-07-14,1,2,2,0.4583
PHC-DST-C2-04,2024-07-15,2,4,3,0.0473
PHC-DST-C2-04,2024-07-16,2,4,3,0.0548
PHC-DST-C2-04,2024-07-17,2,4,3,0.0491
PHC-DST-C2-04,2024-07-18,2,4,3,0.0657
PHC-DST-C2-04,2024-07-19,2,4,3,0.0616
PHC-DST-C2-04,2024-07-20,2,4,3,0.042
PHC-DST-C2-04,2024-07-21,1,2,2,0.4608
PHC-DST-C2-04,2024-07-22,2,4,3,0.0768
PHC-DST-C2-04,2024-07-23,2,4,3,0.0402
PHC-DST-C2-04,2024-07-24,2,4,3,0.0767
PHC-DST-C2-04,2024-07-25,2,4,3,
PHC-DST-C2-04,2024-07-26,2,4,3,0.0601
PHC-DST-C2-04,2024-07-27,2,4,3,0.0611
PHC-DST-C2-04,2024-07-28,1,2,2,0.4666
PHC-DST-C2-04,2024-07-29,2,4,3,0.0731
PHC-DST-C2-04,2024-07-30,2,4,3,0.0719
PHC-DST-C2-04,2024-07-31,2,4,3,0.0736
PHC-DST-C2-04,2024-08-01,2,4,3,0.0465
PHC-DST-C2-04,2024-08-02,2,4,3,0.0763
PHC-DST-C2-04,2024-08-03,2,4,3,0.0668
PHC-DST-C2-04,2024-08-04,1,2,2,0.4774
PHC-DST-C2-04,2024-08-05,2,4,3,0.0674
PHC-DST-C2-04,2024-08-06,2,4,3,0.0625
PHC-DST-C2-04,2024-08-07,2,4,3,0.0708
PHC-DST-C2-04,2024-08-08,2,4,3,0.072
PHC-DST-C2-04,2024-08-09,2,4,3,0.0475
PHC-DST-C2-04,2024-08-10,2,4,3,0.0648
PHC-DST-C2-04,2024-08-11,1,2,2,0.4602
PHC-DST-C2-04,2024-08-12,2,4,3,0.0609
PHC-DST-C2-04,2024-08-13,2,4,3,0.0406
PHC-DST-C2-04,2024-08-14,2,4,3,0.05
PHC-DST-C2-04,2024-08-15,2,4,3,0.0639
PHC-DST-C2-04,2024-08-16,2,4,3,0.0711
PHC-DST-C2-04,2024-08-17,2,4,3,0.078
PHC-DST-C2-04,2024-08-18,1,2,2,0.4638
PHC-DST-C2-04,2024-08-19,2,4,3,0.0644
PHC-DST-C2-04,2024-08-20,2,4,3,0.0515
PHC-DST-C2-04,2024-08-21,2,4,3,0.0491
PHC-DST-C2-04,2024-08-22,2,4,3,0.0717
PHC-DST-C2-04,2024-08-23,2,4,3,0.047
PHC-DST-C2-04,2024-08-24,2,4,3,0.0657
PHC-DST-C2-04,2024-08-25,1,2,2,0.4763
PHC-DST-C2-04,2024-08-26,2,4,3,0.0738
PHC-DST-C2-04,2024-08-27,2,4,3,0.0529
PHC-DST-C2-04,2024-08-28,2,4,3,0.0725
PHC-DST-C2-04,2024-08-29,2,4,3,0.0523
PHC-DST-C2-04,2024-08-30,2,4,3,0.0593
PHC-DST-C2-04,2024-08-31,2,4,3,0.0611
PHC-DST-C2-04,2024-09-01,1,2,2,0.4488
PHC-DST-C2-04,2024-09-02,2,4,3,0.0522
PHC-DST-C2-04,2024-09-03,2,4,3,0.0586
PHC-DST-C2-04,2024-09-04,2,4,3,0.0558
PHC-DST-C2-04,2024-09-05,2,4,3,0.0665
PHC-DST-C2-04,2024-09-06,2,4,3,0.0749
PHC-DST-C2-04,2024-09-07,2,4,3,0.0499
PHC-DST-C2-04,2024-09-08,1,2,2,0.469
PHC-DST-C2-04,2024-09-09,2,4,3,0.0647
PHC-DST-C2-04,2024-09-10,2,4,3,0.0412
PHC-DST-C2-04,2024-09-11,2,4,3,0.0712
PHC-DST-C2-04,2024-09-12,2,4,3,0.0725
PHC-DST-C2-04,2024-09-13,2,4,3,0.0681
PHC-DST-C2-04,2024-09-14,2,4,3,0.0673
PHC-DST-C2-04,2024-09-15,1,2,2,0.4711
PHC-DST-C2-04,2024-09-16,2,4,3,0.0757
PHC-DST-C2-04,2024-09-17,2,4,3,0.0731
PHC-DST-C2-04,2024-09-18,2,4,3,0.0512
PHC-DST-C2-04,2024-09-19,2,4,3,0.0761
PHC-DST-C2-04,2024-09-20,2,4,3,0.0646
PHC-DST-C2-04,2024-09-21,2,4,3,0.0521
PHC-DST-C2-04,2024-09-22,1,2,2,0.4447
PHC-DST-C2-04,2024-09-23,2,4,3,0.0587
PHC-DST-C2-04,2024-09-24,2,4,3,0.0538
PHC-DST-C2-04,2024-09-25,2,4,3,0.0516
PHC-DST-C2-04,2024-09-26,2,4,3,0.069
PHC-DST-C2-04,2024-09-27,2,4,3,0.0418
PHC-DST-C2-04,2024-09-28,2,4,3,0.0406
PHC-DST-C2-04,2024-09-29,1,2,2,
PHC-DST-C2-04,2024-09-30,2,4,3,0.0588
PHC-DST-C2-04,2024-10-01,2,4,3,0.0626
PHC-DST-C2-04,2024-10-02,2,4,3,0.071
PHC-DST-C2-04,2024-10-03,2,4,3,0.0414
PHC-DST-C2-04,2024-10-04,2,4,3,0.0695
PHC-DST-C2-04,2024-10-05,2,4,3,0.0464
PHC-DST-C2-04,2024-10-06,1,2,2,0.4452
PHC-DST-C2-04,2024-10-07,2,4,3,0.0765
PHC-DST-C2-04,2024-10-08,2,4,3,0.0711
PHC-DST-C2-04,2024-10-09,2,4,3,0.0615
PHC-DST-C2-04,2024-10-10,2,4,3,0.0483
PHC-DST-C2-04,2024-10-11,2,4,3,0.0431
PHC-DST-C2-04,2024-10-12,2,4,3,0.047
PHC-DST-C2-04,2024-10-13,1,2,2,0.4664
PHC-DST-C2-04,2024-10-14,2,4,3,0.0701
PHC-DST-C2-04,2024-10-15,2,4,3,0.0644
PHC-DST-C2-04,2024-10-16,2,4,3,0.0489
PHC-DST-C2-04,2024-10-17,2,4,3,0.0686
PHC-DST-C2-04,2024-10-18,2,4,3,0.0591
PHC-DST-C2-04,2024-10-19,2,4,3,0.0587
PHC-DST-C2-04,2024-10-20,1,2,2,0.4515
PHC-DST-C2-04,2024-10-21,2,4,3,0.0764
PHC-DST-C2-04,2024-10-22,2,4,3,0.0489
PHC-DST-C2-04,2024-10-23,2,4,3,0.0666
PHC-DST-C2-04,2024-10-24,2,4,3,0.0651
PHC-DST-C2-04,2024-10-25,2,4,3,0.0621
PHC-DST-C2-04,2024-10-26,2,4,3,0.0496
PHC-DST-C2-04,2024-10-27,1,2,2,0.4696
PHC-DST-C2-04,2024-10-28,2,4,3,0.0695
PHC-DST-C2-04,2024-10-29,2,4,3,0.0711
PHC-DST-C2-04,2024-10-30,2,4,3,0.0554
PHC-DST-C2-04,2024-10-31,2,4,3,0.0505
PHC-DST-C2-04,2024-11-01,2,4,3,0.0749
PHC-DST-C2-04,2024-11-02,2,4,3,0.0791
PHC-DST-C2-04,2024-11-03,1,2,2,0.4443
PHC-DST-C2-04,2024-11-04,2,4,3,0.0591
PHC-DST-C2-04,2024-11-05,2,4,3,0.043
PHC-DST-C2-04,2024-11-06,2,4,3,0.0422
PHC-DST-C2-04,2024-11-07,2,4,3,0.0732
PHC-DST-C2-04,2024-11-08,2,4,3,0.06
PHC-DST-C2-04,2024-11-09,2,4,3,0.0728
PHC-DST-C2-04,2024-11-10,1,2,2,
PHC-DST-C2-04,2024-11-11,2,4,3,0.0443
PHC-DST-C2-04,2024-11-12,2,4,3,0.0635
PHC-DST-C2-04,2024-11-13,2,4,3,0.0765
PHC-DST-C2-04,2024-11-14,2,4,3,0.0414
PHC-DST-C2-04,2024-11-15,2,4,3,0.075
PHC-DST-C2-04,2024-11-16,2,4,3,0.0733
PHC-DST-C2-04,2024-11-17,1,2,2,0.4617
PHC-DST-C2-04,2024-11-18,2,4,3,0.0667
PHC-DST-C2-04,2024-11-19,2,4,3,0.0404
PHC-DST-C2-04,2024-11-20,2,4,3,0.0716
PHC-DST-C2-04,2024-11-21,2,4,3,0.0678
PHC-DST-C2-04,2024-11-22,2,4,3,0.0475
PHC-DST-C2-04,2024-11-23,2,4,3,0.0517
PHC-DST-C2-04,2024-11-24,1,2,2,0.46
PHC-DST-C2-04,2024-11-25,2,4,3,0.0661
PHC-DST-C2-04,2024-11-26,2,4,3,0.0492
PHC-DST-C2-04,2024-11-27,2,4,3,0.0543
PHC-DST-C2-04,2024-11-28,2,4,3,0.0694
PHC-DST-C2-04,2024-11-29,2,4,3,0.046
PHC-DST-C2-04,2024-11-30,2,4,3,0.0663
PHC-DST-C2-04,2024-12-01,1,2,2,0.4488
PHC-DST-C2-04,2024-12-02,2,4,3,0.0618
PHC-DST-C2-04,2024-12-03,2,4,3,0.0456
PHC-DST-C2-04,2024-12-04,2,4,3,0.0711
PHC-DST-C2-04,2024-12-05,2,4,3,0.0601
PHC-DST-C2-04,2024-12-06,2,4,3,0.066
PHC-DST-C2-04,2024-12-07,2,4,3,0.0785
PHC-DST-C2-04,2024-12-08,1,2,2,0.4615
PHC-DST-C2-04,2024-12-09,2,4,3,0.0402
PHC-DST-C2-04,2024-12-10,2,4,3,0.0567
PHC-DST-C2-04,2024-12-11,2,4,3,0.0479
PHC-DST-C2-04,2024-12-12,2,4,3,0.0786
PHC-DST-C2-04,2024-12-13,2,4,3,0.0418
PHC-DST-C2-04,2024-12-14,2,4,3,0.0598
PHC-DST-C2-04,2024-12-15,1,2,2,0.4427
PHC-DST-C2-04,2024-12-16,2,4,3,0.0536
PHC-DST-C2-04,2024-12-17,2,4,3,0.0611
PHC-DST-C2-04,2024-12-18,2,4,3,0.0596
PHC-DST-C2-04,2024-12-19,2,4,3,0.0564
PHC-DST-C2-04,2024-12-20,2,4,3,0.051
PHC-DST-C2-04,2024-12-21,2,4,3,0.075
PHC-DST-C2-04,2024-12-22,1,2,2,0.4595
PHC-DST-C2-04,2024-12-23,2,4,3,0.0595
PHC-DST-C2-04,2024-12-24,2,4,3,0.0503
PHC-DST-C2-04,2024-12-25,2,4,3,0.0771
PHC-DST-C2-04,2024-12-26,2,4,3,0.0508
PHC-DST-C2-04,2024-12-27,2,4,3,0.0727
PHC-DST-C2-04,2024-12-28,2,4,3,0.0424
PHC-DST-C2-04,2024-12-29,1,2,2,0.4638
PHC-DST-C2-04,2024-12-30,2,4,3,0.0554
PHC-DST-C2-04,2024-12-31,2,4,3,0.0612
PHC-DST-C2-04,2025-01-01,2,4,3,0.0506
PHC-DST-C2-04,2025-01-02,2,4,3,0.0516
PHC-DST-C2-04,2025-01-03,2,4,3,0.0661
PHC-DST-C2-04,2025-01-04,2,4,3,0.0773
PHC-DST-C2-04,2025-01-05,1,2,2,0.4722
PHC-DST-C2-04,2025-01-06,2,4,3,0.0589
PHC-DST-C2-04,2025-01-07,2,4,3,0.0781
PHC-DST-C2-04,2025-01-08,2,4,3,0.0453
PHC-DST-C2-04,2025-01-09,2,4,3,0.0782
PHC-DST-C2-04,2025-01-10,2,4,3,0.0586
PHC-DST-C2-04,2025-01-11,2,4,3,0.0455
PHC-DST-C2-04,2025-01-12,1,2,2,0.4616
PHC-DST-C2-04,2025-01-13,2,4,3,0.0668
PHC-DST-C2-04,2025-01-14,2,4,3,0.0548
PHC-DST-C2-04,2025-01-15,2,4,3,0.0575
PHC-DST-C2-04,2025-01-16,2,4,3,0.047
PHC-DST-C2-04,2025-01-17,2,4,3,0.0725
PHC-DST-C2-04,2025-01-18,2,4,3,0.0713
PHC-DST-C2-04,2025-01-19,1,2,2,0.4472
PHC-DST-C2-04,2025-01-20,2,4,3,0.0548
PHC-DST-C2-04,2025-01-21,2,4,3,0.0725
PHC-DST-C2-04,2025-01-22,2,4,3,0.0767
PHC-DST-C2-04,2025-01-23,2,4,3,0.0432
PHC-DST-C2-04,2025-01-24,2,4,3,0.0683
PHC-DST-C2-04,2025-01-25,2,4,3,0.072
PHC-DST-C2-04,2025-01-26,1,2,2,0.4588
PHC-DST-C2-04,2025-01-27,2,4,3,0.049
PHC-DST-C2-04,2025-01-28,2,4,3,0.0744
PHC-DST-C2-04,2025-01-29,2,4,3,0.0737
PHC-DST-C2-04,2025-01-30,2,4,3,0.0652
PHC-DST-C2-04,2025-01-31,2,4,3,0.0547
PHC-DST-C2-04,2025-02-01,2,4,3,0.069
PHC-DST-C2-04,2025-02-02,1,2,2,0.4747
PHC-DST-C2-04,2025-02-03,2,4,3,0.0555
PHC-DST-C2-04,2025-02-04,2,4,3,0.0423
PHC-DST-C2-04,2025-02-05,2,4,3,0.0585
PHC-DST-C2-04,2025-02-06,2,4,3,0.0606
PHC-DST-C2-04,2025-02-07,2,4,3,0.0543
PHC-DST-C2-04,2025-02-08,2,4,3,0.0772
PHC-DST-C2-04,2025-02-09,1,2,2,0.4655
PHC-DST-C2-04,2025-02-10,2,4,3,0.0456
PHC-DST-C2-04,2025-02-11,2,4,3,0.073
PHC-DST-C2-04,2025-02-12,2,4,3,0.0582
PHC-DST-C2-04,2025-02-13,2,4,3,0.0415
PHC-DST-C2-04,2025-02-14,2,4,3,0.0525
PHC-DST-C2-04,2025-02-15,2,4,3,0.0716
PHC-DST-C2-04,2025-02-16,1,2,2,0.4511
PHC-DST-C2-04,2025-02-17,2,4,3,0.0758
PHC-DST-C2-04,2025-02-18,2,4,3,0.0701
PHC-DST-C2-04,2025-02-19,2,4,3,
PHC-DST-C2-04,2025-02-20,2,4,3,0.065
PHC-DST-C2-04,2025-02-21,2,4,3,0.0408
PHC-DST-C2-04,2025-02-22,2,4,3,0.0466
PHC-DST-C2-04,2025-02-23,1,2,2,0.4588
PHC-DST-C2-04,2025-02-24,2,4,3,0.0545
PHC-DST-C2-04,2025-02-25,2,4,3,0.0431
PHC-DST-C2-04,2025-02-26,2,4,3,0.0548
PHC-DST-C2-04,2025-02-27,2,4,3,0.0645
PHC-DST-C2-04,2025-02-28,2,4,3,0.0653
PHC-DST-C2-04,2025-03-01,2,4,3,0.0457
PHC-DST-C2-04,2025-03-02,1,2,2,0.4584
PHC-DST-C2-04,2025-03-03,2,4,3,0.0669
PHC-DST-C2-04,2025-03-04,2,4,3,0.0776
PHC-DST-C2-04,2025-03-05,2,4,3,0.0718
PHC-DST-C2-04,2025-03-06,2,4,3,0.06
PHC-DST-C2-04,2025-03-07,2,4,3,0.0591
PHC-DST-C2-04,2025-03-08,2,4,3,0.0422
PHC-DST-C2-04,2025-03-09,1,2,2,0.4489
PHC-DST-C2-04,2025-03-10,2,4,3,0.048
PHC-DST-C2-04,2025-03-11,2,4,3,0.0457
PHC-DST-C2-04,2025-03-12,2,4,3,0.0787
PHC-DST-C2-04,2025-03-13,2,4,3,0.0678
PHC-DST-C2-04,2025-03-14,2,4,3,0.0793
PHC-DST-C2-04,2025-03-15,2,4,3,0.0549
PHC-DST-C2-04,2025-03-16,1,2,2,0.4461
PHC-DST-C2-04,2025-03-17,2,4,3,0.0617
PHC-DST-C2-04,2025-03-18,2,4,3,0.0542
PHC-DST-C2-04,2025-03-19,2,4,3,0.06
PHC-DST-C2-04,2025-03-20,2,4,3,0.0631
PHC-DST-C2-04,2025-03-21,2,4,3,0.0674
PHC-DST-C2-04,2025-03-22,2,4,3,0.0766
PHC-DST-C2-04,2025-03-23,1,2,2,0.4433
PHC-DST-C2-04,2025-03-24,2,4,3,0.0732
PHC-DST-C2-04,2025-03-25,2,4,3,0.077
PHC-DST-C2-04,2025-03-26,2,4,3,0.0774
PHC-DST-C2-04,2025-03-27,2,4,3,0.0733
PHC-DST-C2-04,2025-03-28,2,4,3,0.052
PHC-DST-C2-04,2025-03-29,2,4,3,0.045
PHC-DST-C2-04,2025-03-30,1,2,2,0.4735
PHC-DST-C2-04,2025-03-31,2,4,3,0.0599
PHC-DST-C2-04,2025-04-01,2,4,3,0.056
PHC-DST-C2-04,2025-04-02,2,4,3,0.0518
PHC-DST-C2-04,2025-04-03,2,4,3,0.0404
PHC-DST-C2-04,2025-04-04,2,4,3,0.0619
PHC-DST-C2-04,2025-04-05,2,4,3,0.0635
PHC-DST-C2-04,2025-04-06,1,2,2,0.4535
PHC-DST-C2-04,2025-04-07,2,4,3,0.0415
PHC-DST-C2-04,2025-04-08,2,4,3,0.0698
PHC-DST-C2-04,2025-04-09,2,4,3,0.0606
PHC-DST-C2-04,2025-04-10,2,4,3,0.0409
PHC-DST-C2-04,2025-04-11,2,4,3,0.0409
PHC-DST-C2-04,2025-04-12,2,4,3,
PHC-DST-C2-04,2025-04-13,1,2,2,0.457
PHC-DST-C2-04,2025-04-14,2,4,3,0.0688
PHC-DST-C2-04,2025-04-15,2,4,3,0.0439
PHC-DST-C2-04,2025-04-16,2,4,3,0.0483
PHC-DST-C2-04,2025-04-17,2,4,3,0.0714
PHC-DST-C2-04,2025-04-18,2,4,3,0.0599
PHC-DST-C2-04,2025-04-19,2,4,3,0.0638
PHC-DST-C2-04,2025-04-20,1,2,2,0.4786
PHC-DST-C2-04,2025-04-21,2,4,3,0.0545
PHC-DST-C2-04,2025-04-22,2,4,3,0.0636
PHC-DST-C2-04,2025-04-23,2,4,3,0.0531
PHC-DST-C2-04,2025-04-24,2,4,3,0.0612
PHC-DST-C2-04,2025-04-25,2,4,3,0.0552
PHC-DST-C2-04,2025-04-26,2,4,3,0.049
PHC-DST-C2-04,2025-04-27,1,2,2,0.4761
PHC-DST-C2-04,2025-04-28,2,4,3,0.0492
PHC-DST-C2-04,2025-04-29,2,4,3,0.0466
PHC-DST-C2-04,2025-04-30,2,4,3,0.0468
PHC-DST-C2-04,2025-05-01,2,4,3,0.0475
PHC-DST-C2-04,2025-05-02,2,4,3,0.0715
PHC-DST-C2-04,2025-05-03,2,4,3,
PHC-DST-C2-04,2025-05-04,1,2,2,0.4667
PHC-DST-C2-04,2025-05-05,2,4,3,0.0749
PHC-DST-C2-04,2025-05-06,2,4,3,0.0627
PHC-DST-C2-04,2025-05-07,2,4,3,0.0633
PHC-DST-C2-04,2025-05-08,2,4,3,0.0636
PHC-DST-C2-04,2025-05-09,2,4,3,0.0577
PHC-DST-C2-04,2025-05-10,2,4,3,0.0565
PHC-DST-C2-04,2025-05-11,1,2,2,0.4642
PHC-DST-C2-04,2025-05-12,2,4,3,0.0711
PHC-DST-C2-04,2025-05-13,2,4,3,0.0741
PHC-DST-C2-04,2025-05-14,2,4,3,0.0564
PHC-DST-C2-04,2025-05-15,2,4,3,0.0457
PHC-DST-C2-04,2025-05-16,2,4,3,0.0539
PHC-DST-C2-04,2025-05-17,2,4,3,0.0451
PHC-DST-C2-04,2025-05-18,1,2,2,0.4547
PHC-DST-C2-04,2025-05-19,2,4,3,
PHC-DST-C2-04,2025-05-20,2,4,3,0.0518
PHC-DST-C2-04,2025-05-21,2,4,3,0.0662
PHC-DST-C2-04,2025-05-22,2,4,3,0.0442
PHC-DST-C2-04,2025-05-23,2,4,3,0.0664
PHC-DST-C2-04,2025-05-24,2,4,3,0.061
PHC-DST-C2-04,2025-05-25,1,2,2,0.4417
PHC-DST-C2-04,2025-05-26,2,4,3,0.0677
PHC-DST-C2-04,2025-05-27,2,4,3,0.0425
PHC-DST-C2-04,2025-05-28,2,4,3,0.0497
PHC-DST-C2-04,2025-05-29,2,4,3,0.0761
PHC-DST-C2-04,2025-05-30,2,4,3,0.0765
PHC-DST-C2-04,2025-05-31,2,4,3,0.0472
PHC-DST-C2-04,2025-06-01,1,2,2,0.4573
PHC-DST-C2-04,2025-06-02,2,4,3,0.0617
PHC-DST-C2-04,2025-06-03,2,4,3,0.0611
PHC-DST-C2-04,2025-06-04,2,4,3,0.0466
PHC-DST-C2-04,2025-06-05,2,4,3,0.0692
PHC-DST-C2-04,2025-06-06,2,4,3,0.067
PHC-DST-C2-04,2025-06-07,2,4,3,0.0401
PHC-DST-C2-04,2025-06-08,1,2,2,0.4464
PHC-DST-C2-04,2025-06-09,2,4,3,0.0635
PHC-DST-C2-04,2025-06-10,2,4,3,0.0474
PHC-DST-C2-04,2025-06-11,2,4,3,0.055
PHC-DST-C2-04,2025-06-12,2,4,3,0.055
PHC-DST-C2-04,2025-06-13,2,4,3,0.0552
PHC-DST-C2-04,2025-06-14,2,4,3,
PHC-DST-C2-04,2025-06-15,1,2,2,0.4514
PHC-DST-C2-04,2025-06-16,2,4,3,0.0694
PHC-DST-C2-04,2025-06-17,2,4,3,0.071
PHC-DST-C2-04,2025-06-18,2,4,3,0.0433
PHC-DST-C2-04,2025-06-19,2,4,3,0.0504
PHC-DST-C2-04,2025-06-20,2,4,3,0.0422
PHC-DST-C2-04,2025-06-21,2,4,3,0.0599
PHC-DST-C2-04,2025-06-22,1,2,2,0.441
PHC-DST-C2-04,2025-06-23,2,4,3,0.072
PHC-DST-C2-04,2025-06-24,2,4,3,0.0435
PHC-DST-C2-04,2025-06-25,2,4,3,0.0476
PHC-DST-C2-04,2025-06-26,2,4,3,0.0719
PHC-DST-C2-04,2025-06-27,2,4,3,0.0472
PHC-DST-C2-04,2025-06-28,2,4,3,0.0505
PHC-DST-C2-04,2025-06-29,1,2,2,0.4548
PHC-DST-C2-04,2025-06-30,2,4,3,0.0711
PHC-DST-C2-05,2024-01-01,1,2,3,0.0774
PHC-DST-C2-05,2024-01-02,1,2,3,
PHC-DST-C2-05,2024-01-03,1,2,3,0.0674
PHC-DST-C2-05,2024-01-04,1,2,3,0.0546
PHC-DST-C2-05,2024-01-05,1,2,3,0.0489
PHC-DST-C2-05,2024-01-06,1,2,3,0.052
PHC-DST-C2-05,2024-01-07,1,1,2,0.4738
PHC-DST-C2-05,2024-01-08,1,2,3,0.0774
PHC-DST-C2-05,2024-01-09,1,2,3,0.0588
PHC-DST-C2-05,2024-01-10,1,2,3,0.0691
PHC-DST-C2-05,2024-01-11,1,2,3,0.06
PHC-DST-C2-05,2024-01-12,1,2,3,0.0501
PHC-DST-C2-05,2024-01-13,1,2,3,0.048
PHC-DST-C2-05,2024-01-14,1,1,2,0.4639
PHC-DST-C2-05,2024-01-15,1,2,3,0.0447
PHC-DST-C2-05,2024-01-16,1,2,3,0.0518
PHC-DST-C2-05,2024-01-17,1,2,3,0.0687
PHC-DST-C2-05,2024-01-18,1,2,3,0.0772
PHC-DST-C2-05,2024-01-19,1,2,3,0.0776
PHC-DST-C2-05,2024-01-20,1,2,3,0.0734
PHC-DST-C2-05,2024-01-21,1,1,2,0.4556
PHC-DST-C2-05,2024-01-22,1,2,3,0.0689
PHC-DST-C2-05,2024-01-23,1,2,3,0.0483
PHC-DST-C2-05,2024-01-24,1,2,3,
PHC-DST-C2-05,2024-01-25,1,2,3,0.0616
PHC-DST-C2-05,2024-01-26,1,2,3,0.0516
PHC-DST-C2-05,2024-01-27,1,2,3,0.0706
PHC-DST-C2-05,2024-01-28,1,1,2,0.4577
PHC-DST-C2-05,2024-01-29,1,2,3,0.0446
PHC-DST-C2-05,2024-01-30,1,2,3,0.0622
PHC-DST-C2-05,2024-01-31,1,2,3,0.0476
PHC-DST-C2-05,2024-02-01,1,2,3,0.0624
PHC-DST-C2-05,2024-02-02,1,2,3,0.0791
PHC-DST-C2-05,2024-02-03,1,2,3,0.0602
PHC-DST-C2-05,2024-02-04,1,1,2,0.4714
PHC-DST-C2-05,2024-02-05,1,2,3,0.0681
PHC-DST-C2-05,2024-02-06,1,2,3,0.0721
PHC-DST-C2-05,2024-02-07,1,2,3,0.0464
PHC-DST-C2-05,2024-02-08,1,2,3,0.0649
PHC-DST-C2-05,2024-02-09,1,2,3,0.0721
PHC-DST-C2-05,2024-02-10,1,2,3,0.052
PHC-DST-C2-05,2024-02-11,1,1,2,0.4634
PHC-DST-C2-05,2024-02-12,1,2,3,0.0793
PHC-DST-C2-05,2024-02-13,1,2,3,0.0672
PHC-DST-C2-05,2024-02-14,1,2,3,0.0511
PHC-DST-C2-05,2024-02-15,1,2,3,0.0786
PHC-DST-C2-05,2024-02-16,1,2,3,0.0704
PHC-DST-C2-05,2024-02-17,1,2,3,0.0596
PHC-DST-C2-05,2024-02-18,1,1,2,0.48
PHC-DST-C2-05,2024-02-19,1,2,3,0.0406
PHC-DST-C2-05,2024-02-20,1,2,3,0.0407
PHC-DST-C2-05,2024-02-21,1,2,3,0.0626
PHC-DST-C2-05,2024-02-22,1,2,3,0.0606
PHC-DST-C2-05,2024-02-23,1,2,3,0.0778
PHC-DST-C2-05,2024-02-24,1,2,3,
PHC-DST-C2-05,2024-02-25,1,1,2,0.4636
PHC-DST-C2-05,2024-02-26,1,2,3,0.0621
PHC-DST-C2-05,2024-02-27,1,2,3,0.0784
PHC-DST-C2-05,2024-02-28,1,2,3,0.0476
PHC-DST-C2-05,2024-02-29,1,2,3,0.0781
PHC-DST-C2-05,2024-03-01,1,2,3,0.0657
PHC-DST-C2-05,2024-03-02,1,2,3,0.0542
PHC-DST-C2-05,2024-03-03,1,1,2,0.4675
PHC-DST-C2-05,2024-03-04,1,2,3,0.0664
PHC-DST-C2-05,2024-03-05,1,2,3,0.0789
PHC-DST-C2-05,2024-03-06,1,2,3,0.0417
PHC-DST-C2-05,2024-03-07,1,2,3,0.0627
PHC-DST-C2-05,2024-03-08,1,2,3,0.0442
PHC-DST-C2-05,2024-03-09,1,2,3,0.0468
PHC-DST-C2-05,2024-03-10,1,1,2,
PHC-DST-C2-05,2024-03-11,1,2,3,0.0527
PHC-DST-C2-05,2024-03-12,1,2,3,0.0451
PHC-DST-C2-05,2024-03-13,1,2,3,0.0515
PHC-DST-C2-05,2024-03-14,1,2,3,0.0725
PHC-DST-C2-05,2024-03-15,1,2,3,0.0721
PHC-DST-C2-05,2024-03-16,1,2,3,0.0413
PHC-DST-C2-05,2024-03-17,1,1,2,0.4599
PHC-DST-C2-05,2024-03-18,1,2,3,0.044
PHC-DST-C2-05,2024-03-19,1,2,3,0.0662
PHC-DST-C2-05,2024-03-20,1,2,3,0.0756
PHC-DST-C2-05,2024-03-21,1,2,3,0.0417
PHC-DST-C2-05,2024-03-22,1,2,3,0.0719
PHC-DST-C2-05,2024-03-23,1,2,3,0.0455
PHC-DST-C2-05,2024-03-24,1,1,2,0.4695
PHC-DST-C2-05,2024-03-25,1,2,3,0.0537
PHC-DST-C2-05,2024-03-26,1,2,3,0.0759
PHC-DST-C2-05,2024-03-27,1,2,3,0.0571
PHC-DST-C2-05,2024-03-28,1,2,3,0.0743
PHC-DST-C2-05,2024-03-29,1,2,3,0.0435
PHC-DST-C2-05,2024-03-30,1,2,3,0.0495
PHC-DST-C2-05,2024-03-31,1,1,2,0.4791
PHC-DST-C2-05,2024-04-01,1,2,3,
PHC-DST-C2-05,2024-04-02,1,2,3,0.0545
PHC-DST-C2-05,2024-04-03,1,2,3,0.0411
PHC-DST-C2-05,2024-04-04,1,2,3,0.0541
PHC-DST-C2-05,2024-04-05,1,2,3,0.0685
PHC-DST-C2-05,2024-04-06,1,2,3,0.0684
PHC-DST-C2-05,2024-04-07,1,1,2,0.4791
PHC-DST-C2-05,2024-04-08,1,2,3,0.0592
PHC-DST-C2-05,2024-04-09,1,2,3,0.0732
PHC-DST-C2-05,2024-04-10,1,2,3,0.0619
PHC-DST-C2-05,2024-04-11,1,2,3,0.0737
PHC-DST-C2-05,2024-04-12,1,2,3,0.052
PHC-DST-C2-05,2024-04-13,1,2,3,0.0537
PHC-DST-C2-05,2024-04-14,1,1,2,0.4709
PHC-DST-C2-05,2024-04-15,1,2,3,0.0789
PHC-DST-C2-05,2024-04-16,1,2,3,0.0632
PHC-DST-C2-05,2024-04-17,1,2,3,0.0407
PHC-DST-C2-05,2024-04-18,1,2,3,
PHC-DST-C2-05,2024-04-19,1,2,3,0.0717
PHC-DST-C2-05,2024-04-20,1,2,3,0.0663
PHC-DST-C2-05,2024-04-21,1,1,2,0.4413
PHC-DST-C2-05,2024-04-22,1,2,3,0.0414
PHC-DST-C2-05,2024-04-23,1,2,3,0.0589
PHC-DST-C2-05,2024-04-24,1,2,3,0.0543
PHC-DST-C2-05,2024-04-25,1,2,3,0.0424
PHC-DST-C2-05,2024-04-26,1,2,3,0.0465
PHC-DST-C2-05,2024-04-27,1,2,3,0.0722
PHC-DST-C2-05,2024-04-28,1,1,2,0.4714
PHC-DST-C2-05,2024-04-29,1,2,3,0.0523
PHC-DST-C2-05,2024-04-30,1,2,3,0.0525
PHC-DST-C2-05,2024-05-01,1,2,3,0.042
PHC-DST-C2-05,2024-05-02,1,2,3,0.056
PHC-DST-C2-05,2024-05-03,1,2,3,0.0606
PHC-DST-C2-05,2024-05-04,1,2,3,0.0474
PHC-DST-C2-05,2024-05-05,1,1,2,0.4524
PHC-DST-C2-05,2024-05-06,1,2,3,0.0619
PHC-DST-C2-05,2024-05-07,1,2,3,0.0456
PHC-DST-C2-05,2024-05-08,1,2,3,0.061
PHC-DST-C2-05,2024-05-09,1,2,3,0.0558
PHC-DST-C2-05,2024-05-10,1,2,3,0.0774
PHC-DST-C2-05,2024-05-11,1,2,3,0.0556
PHC-DST-C2-05,2024-05-12,1,1,2,0.4428
PHC-DST-C2-05,2024-05-13,1,2,3,0.0555
PHC-DST-C2-05,2024-05-14,1,2,3,0.048
PHC-DST-C2-05,2024-05-15,1,2,3,0.0478
PHC-DST-C2-05,2024-05-16,1,2,3,0.0786
PHC-DST-C2-05,2024-05-17,1,2,3,0.0564
PHC-DST-C2-05,2024-05-18,1,2,3,0.0643
PHC-DST-C2-05,2024-05-19,1,1,2,0.4561
PHC-DST-C2-05,2024-05-20,1,2,3,0.057
PHC-DST-C2-05,2024-05-21,1,2,3,0.0519
PHC-DST-C2-05,2024-05-22,1,2,3,0.0618
PHC-DST-C2-05,2024-05-23,1,2,3,0.0411
PHC-DST-C2-05,2024-05-24,1,2,3,0.0795
PHC-DST-C2-05,2024-05-25,1,2,3,0.0747
PHC-DST-C2-05,2024-05-26,1,1,2,0.4444
PHC-DST-C2-05,2024-05-27,1,2,3,0.0686
PHC-DST-C2-05,2024-05-28,1,2,3,0.0422
PHC-DST-C2-05,2024-05-29,1,2,3,0.0558
PHC-DST-C2-05,2024-05-30,1,2,3,0.0482
PHC-DST-C2-05,2024-05-31,1,2,3,0.0791
PHC-DST-C2-05,2024-06-01,1,2,3,0.0577
PHC-DST-C2-05,2024-06-02,1,1,2,0.4764
PHC-DST-C2-05,2024-06-03,1,2,3,0.0652
PHC-DST-C2-05,2024-06-04,1,2,3,0.0639
PHC-DST-C2-05,2024-06-05,1,2,3,0.0589
PHC-DST-C2-05,2024-06-06,1,2,3,0.0596
PHC-DST-C2-05,2024-06-07,1,2,3,0.0622
PHC-DST-C2-05,2024-06-08,1,2,3,0.0517
PHC-DST-C2-05,2024-06-09,1,1,2,0.4489
PHC-DST-C2-05,2024-06-10,1,2,3,0.0681
PHC-DST-C2-05,2024-06-11,1,2,3,0.0682
PHC-DST-C2-05,2024-06-12,1,2,3,0.0661
PHC-DST-C2-05,2024-06-13,1,2,3,0.0621
PHC-DST-C2-05,2024-06-14,1,2,3,0.051
PHC-DST-C2-05,2024-06-15,1,2,3,0.047
PHC-DST-C2-05,2024-06-16,1,1,2,0.4747
PHC-DST-C2-05,2024-06-17,1,2,3,0.0464
PHC-DST-C2-05,2024-06-18,1,2,3,0.0737
PHC-DST-C2-05,2024-06-19,1,2,3,0.0554
PHC-DST-C2-05,2024-06-20,1,2,3,0.0764
PHC-DST-C2-05,2024-06-21,1,2,3,0.0512
PHC-DST-C2-05,2024-06-22,1,2,3,0.0416
PHC-DST-C2-05,2024-06-23,1,1,2,0.4588
PHC-DST-C2-05,2024-06-24,1,2,3,0.0601
PHC-DST-C2-05,2024-06-25,1,2,3,0.0596
PHC-DST-C2-05,2024-06-26,1,2,3,0.0409
PHC-DST-C2-05,2024-06-27,1,2,3,0.064
PHC-DST-C2-05,2024-06-28,1,2,3,0.0694
PHC-DST-C2-05,2024-06-29,1,2,3,0.0407
PHC-DST-C2-05,2024-06-30,1,1,2,0.4601
PHC-DST-C2-05,2024-07-01,1,2,3,0.0407
PHC-DST-C2-05,2024-07-02,1,2,3,0.0431
PHC-DST-C2-05,2024-07-03,1,2,3,0.0593
PHC-DST-C2-05,2024-07-04,1,2,3,0.056
PHC-DST-C2-05,2024-07-05,1,2,3,0.041
PHC-DST-C2-05,2024-07-06,1,2,3,0.0409
PHC-DST-C2-05,2024-07-07,1,1,2,0.4427
PHC-DST-C2-05,2024-07-08,1,2,3,0.0488
PHC-DST-C2-05,2024-07-09,1,2,3,0.0629
PHC-DST-C2-05,2024-07-10,1,2,3,0.0685
PHC-DST-C2-05,2024-07-11,1,2,3,0.0661
PHC-DST-C2-05,2024-07-12,1,2,3,0.0414
PHC-DST-C2-05,2024-07-13,1,2,3,0.0481
PHC-DST-C2-05,2024-07-14,1,1,2,0.4737
PHC-DST-C2-05,2024-07-15,1,2,3,0.0601
PHC-DST-C2-05,2024-07-16,1,2,3,0.0567
PHC-DST-C2-05,2024-07-17,1,2,3,0.0674
PHC-DST-C2-05,2024-07-18,1,2,3,
PHC-DST-C2-05,2024-07-19,1,2,3,0.0541
PHC-DST-C2-05,2024-07-20,1,2,3,0.0486
PHC-DST-C2-05,2024-07-21,1,1,2,0.4551
PHC-DST-C2-05,2024-07-22,1,2,3,0.0617
PHC-DST-C2-05,2024-07-23,1,2,3,0.0773
PHC-DST-C2-05,2024-07-24,1,2,3,0.0416
PHC-DST-C2-05,2024-07-25,1,2,3,0.07
PHC-DST-C2-05,2024-07-26,1,2,3,0.0785
PHC-DST-C2-05,2024-07-27,1,2,3,0.0447
PHC-DST-C2-05,2024-07-28,1,1,2,0.4797
PHC-DST-C2-05,2024-07-29,1,2,3,0.0749
PHC-DST-C2-05,2024-07-30,1,2,3,0.0643
PHC-DST-C2-05,2024-07-31,1,2,3,0.0569
PHC-DST-C2-05,2024-08-01,1,2,3,0.0624
PHC-DST-C2-05,2024-08-02,1,2,3,0.0516
PHC-DST-C2-05,2024-08-03,1,2,3,0.0562
PHC-DST-C2-05,2024-08-04,1,1,2,0.4733
PHC-DST-C2-05,2024-08-05,1,2,3,0.0759
PHC-DST-C2-05,2024-08-06,1,2,3,0.0791
PHC-DST-C2-05,2024-08-07,1,2,3,0.0467
PHC-DST-C2-05,2024-08-08,1,2,3,0.0583
PHC-DST-C2-05,2024-08-09,1,2,3,0.0681
PHC-DST-C2-05,2024-08-10,1,2,3,0.0467
PHC-DST-C2-05,2024-08-11,1,1,2,0.4716
PHC-DST-C2-05,2024-08-12,1,2,3,0.0626
PHC-DST-C2-05,2024-08-13,1,2,3,0.0657
PHC-DST-C2-05,2024-08-14,1,2,3,0.0565
PHC-DST-C2-05,2024-08-15,1,2,3,0.0612
PHC-DST-C2-05,2024-08-16,1,2,3,0.0649
PHC-DST-C2-05,2024-08-17,1,2,3,0.0616
PHC-DST-C2-05,2024-08-18,1,1,2,0.4575
PHC-DST-C2-05,2024-08-19,1,2,3,0.0604
PHC-DST-C2-05,2024-08-20,1,2,3,0.0649
PHC-DST-C2-05,2024-08-21,1,2,3,0.0438
PHC-DST-C2-05,2024-08-22,1,2,3,
PHC-DST-C2-05,2024-08-23,1,2,3,0.0718
PHC-DST-C2-05,2024-08-24,1,2,3,0.0598
PHC-DST-C2-05,2024-08-25,1,1,2,0.4742
PHC-DST-C2-05,2024-08-26,1,2,3,0.0536
PHC-DST-C2-05,2024-08-27,1,2,3,0.0537
PHC-DST-C2-05,2024-08-28,1,2,3,0.0776
PHC-DST-C2-05,2024-08-29,1,2,3,0.0788
PHC-DST-C2-05,2024-08-30,1,2,3,0.0672
PHC-DST-C2-05,2024-08-31,1,2,3,0.0488
PHC-DST-C2-05,2024-09-01,1,1,2,0.447
PHC-DST-C2-05,2024-09-02,1,2,3,0.0718
PHC-DST-C2-05,2024-09-03,1,2,3,0.0714
PHC-DST-C2-05,2024-09-04,1,2,3,0.0788
PHC-DST-C2-05,2024-09-05,1,2,3,0.0563
PHC-DST-C2-05,2024-09-06,1,2,3,0.0455
PHC-DST-C2-05,2024-09-07,1,2,3,0.0519
PHC-DST-C2-05,2024-09-08,1,1,2,0.4706
PHC-DST-C2-05,2024-09-09,1,2,3,0.0601
PHC-DST-C2-05,2024-09-10,1,2,3,0.0743
PHC-DST-C2-05,2024-09-11,1,2,3,0.0757
PHC-DST-C2-05,2024-09-12,1,2,3,0.0489
PHC-DST-C2-05,2024-09-13,1,2,3,0.0721
PHC-DST-C2-05,2024-09-14,1,2,3,0.0678
PHC-DST-C2-05,2024-09-15,1,1,2,0.4785
PHC-DST-C2-05,2024-09-16,1,2,3,0.0462
PHC-DST-C2-05,2024-09-17,1,2,3,0.0732
PHC-DST-C2-05,2024-09-18,1,2,3,0.0562
PHC-DST-C2-05,2024-09-19,1,2,3,0.0441
PHC-DST-C2-05,2024-09-20,1,2,3,0.043
PHC-DST-C2-05,2024-09-21,1,2,3,0.0686
PHC-DST-C2-05,2024-09-22,1,1,2,0.4557
PHC-DST-C2-05,2024-09-23,1,2,3,0.078
PHC-DST-C2-05,2024-09-24,1,2,3,0.0765
PHC-DST-C2-05,2024-09-25,1,2,3,0.0727
PHC-DST-C2-05,2024-09-26,1,2,3,0.0473
PHC-DST-C2-05,2024-09-27,1,2,3,0.0617
PHC-DST-C2-05,2024-09-28,1,2,3,0.047
PHC-DST-C2-05,2024-09-29,1,1,2,0.4495
PHC-DST-C2-05,2024-09-30,1,2,3,0.0681
PHC-DST-C2-05,2024-10-01,1,2,3,0.0544
PHC-DST-C2-05,2024-10-02,1,2,3,0.0651
PHC-DST-C2-05,2024-10-03,1,2,3,0.0688
PHC-DST-C2-05,2024-10-04,1,2,3,0.0506
PHC-DST-C2-05,2024-10-05,1,2,3,0.0443
PHC-DST-C2-05,2024-10-06,1,1,2,0.447
PHC-DST-C2-05,2024-10-07,1,2,3,0.0751
PHC-DST-C2-05,2024-10-08,1,2,3,0.0621
PHC-DST-C2-05,2024-10-09,1,2,3,0.0765
PHC-DST-C2-05,2024-10-10,1,2,3,0.0451
PHC-DST-C2-05,2024-10-11,1,2,3,0.0584
PHC-DST-C2-05,2024-10-12,1,2,3,0.0537
PHC-DST-C2-05,2024-10-13,1,1,2,0.4528
PHC-DST-C2-05,2024-10-14,1,2,3,0.0578
PHC-DST-C2-05,2024-10-15,1,2,3,0.0421
PHC-DST-C2-05,2024-10-16,1,2,3,0.0558
PHC-DST-C2-05,2024-10-17,1,2,3,0.0519
PHC-DST-C2-05,2024-10-18,1,2,3,0.067
PHC-DST-C2-05,2024-10-19,1,2,3,0.0584
PHC-DST-C2-05,2024-10-20,1,1,2,0.4412
PHC-DST-C2-05,2024-10-21,1,2,3,0.0664
PHC-DST-C2-05,2024-10-22,1,2,3,0.0756
PHC-DST-C2-05,2024-10-23,1,2,3,0.0732
PHC-DST-C2-05,2024-10-24,1,2,3,0.0611
PHC-DST-C2-05,2024-10-25,1,2,3,0.0775
PHC-DST-C2-05,2024-10-26,1,2,3,0.0545
PHC-DST-C2-05,2024-10-27,1,1,2,0.4581
PHC-DST-C2-05,2024-10-28,1,2,3,0.0791
PHC-DST-C2-05,2024-10-29,1,2,3,0.0503
PHC-DST-C2-05,2024-10-30,1,2,3,0.0763
PHC-DST-C2-05,2024-10-31,1,2,3,0.0554
PHC-DST-C2-05,2024-11-01,1,2,3,0.0475
PHC-DST-C2-05,2024-11-02,1,2,3,0.0758
PHC-DST-C2-05,2024-11-03,1,1,2,0.4407
PHC-DST-C2-05,2024-11-04,1,2,3,0.0661
PHC-DST-C2-05,2024-11-05,1,2,3,0.075
PHC-DST-C2-05,2024-11-06,1,2,3,0.0461
PHC-DST-C2-05,2024-11-07,1,2,3,0.0465
PHC-DST-C2-05,2024-11-08,1,2,3,0.0679
PHC-DST-C2-05,2024-11-09,1,2,3,
PHC-DST-C2-05,2024-11-10,1,1,2,0.4457
PHC-DST-C2-05,2024-11-11,1,2,3,0.0742
PHC-DST-C2-05,2024-11-12,1,2,3,0.0483
PHC-DST-C2-05,2024-11-13,1,2,3,0.0408
PHC-DST-C2-05,2024-11-14,1,2,3,0.044
PHC-DST-C2-05,2024-11-15,1,2,3,0.0792
PHC-DST-C2-05,2024-11-16,1,2,3,0.0506
PHC-DST-C2-05,2024-11-17,1,1,2,0.4745
PHC-DST-C2-05,2024-11-18,1,2,3,0.0608
PHC-DST-C2-05,2024-11-19,1,2,3,0.0722
PHC-DST-C2-05,2024-11-20,1,2,3,0.0766
PHC-DST-C2-05,2024-11-21,1,2,3,0.0773
PHC-DST-C2-05,2024-11-22,1,2,3,0.0531
PHC-DST-C2-05,2024-11-23,1,2,3,0.0579
PHC-DST-C2-05,2024-11-24,1,1,2,0.4412
PHC-DST-C2-05,2024-11-25,1,2,3,0.0776
PHC-DST-C2-05,2024-11-26,1,2,3,0.0701
PHC-DST-C2-05,2024-11-27,1,2,3,0.0447
PHC-DST-C2-05,2024-11-28,1,2,3,0.0503
PHC-DST-C2-05,2024-11-29,1,2,3,0.0539
PHC-DST-C2-05,2024-11-30,1,2,3,0.0671
PHC-DST-C2-05,2024-12-01,1,1,2,0.4431
PHC-DST-C2-05,2024-12-02,1,2,3,0.072
PHC-DST-C2-05,2024-12-03,1,2,3,0.0466
PHC-DST-C2-05,2024-12-04,1,2,3,0.0741
PHC-DST-C2-05,2024-12-05,1,2,3,0.0793
PHC-DST-C2-05,2024-12-06,1,2,3,0.0442
PHC-DST-C2-05,2024-12-07,1,2,3,0.0692
PHC-DST-C2-05,2024-12-08,1,1,2,0.4587
PHC-DST-C2-05,2024-12-09,1,2,3,0.0713
PHC-DST-C2-05,2024-12-10,1,2,3,0.0433
PHC-DST-C2-05,2024-12-11,1,2,3,0.0709
PHC-DST-C2-05,2024-12-12,1,2,3,0.0754
PHC-DST-C2-05,2024-12-13,1,2,3,0.0488
PHC-DST-C2-05,2024-12-14,1,2,3,0.0791
PHC-DST-C2-05,2024-12-15,1,1,2,0.4799
PHC-DST-C2-05,2024-12-16,1,2,3,0.0771
PHC-DST-C2-05,2024-12-17,1,2,3,0.0567
PHC-DST-C2-05,2024-12-18,1,2,3,0.054
PHC-DST-C2-05,2024-12-19,1,2,3,0.071
PHC-DST-C2-05,2024-12-20,1,2,3,0.0483
PHC-DST-C2-05,2024-12-21,1,2,3,0.0495
PHC-DST-C2-05,2024-12-22,1,1,2,0.4439
PHC-DST-C2-05,2024-12-23,1,2,3,0.0448
PHC-DST-C2-05,2024-12-24,1,2,3,0.0565
PHC-DST-C2-05,2024-12-25,1,2,3,0.0728
PHC-DST-C2-05,2024-12-26,1,2,3,0.0529
PHC-DST-C2-05,2024-12-27,1,2,3,0.0605
PHC-DST-C2-05,2024-12-28,1,2,3,0.0678
PHC-DST-C2-05,2024-12-29,1,1,2,0.4491
PHC-DST-C2-05,2024-12-30,1,2,3,0.0556
PHC-DST-C2-05,2024-12-31,1,2,3,0.0738
PHC-DST-C2-05,2025-01-01,1,2,3,0.0761
PHC-DST-C2-05,2025-01-02,1,2,3,0.0514
PHC-DST-C2-05,2025-01-03,1,2,3,0.0436
PHC-DST-C2-05,2025-01-04,1,2,3,0.0437
PHC-DST-C2-05,2025-01-05,1,1,2,0.4477
PHC-DST-C2-05,2025-01-06,1,2,3,0.0618
PHC-DST-C2-05,2025-01-07,1,2,3,0.0772
PHC-DST-C2-05,2025-01-08,1,2,3,0.0442
PHC-DST-C2-05,2025-01-09,1,2,3,0.0757
PHC-DST-C2-05,2025-01-10,1,2,3,0.0437
PHC-DST-C2-05,2025-01-11,1,2,3,0.0525
PHC-DST-C2-05,2025-01-12,1,1,2,0.464
PHC-DST-C2-05,2025-01-13,1,2,3,0.0711
PHC-DST-C2-05,2025-01-14,1,2,3,0.079
PHC-DST-C2-05,2025-01-15,1,2,3,0.0472
PHC-DST-C2-05,2025-01-16,1,2,3,0.0462
PHC-DST-C2-05,2025-01-17,1,2,3,0.0573
PHC-DST-C2-05,2025-01-18,1,2,3,0.0748
PHC-DST-C2-05,2025-01-19,1,1,2,0.4661
PHC-DST-C2-05,2025-01-20,1,2,3,0.0577
PHC-DST-C2-05,2025-01-21,1,2,3,0.0504
PHC-DST-C2-05,2025-01-22,1,2,3,0.0708
PHC-DST-C2-05,2025-01-23,1,2,3,0.0784
PHC-DST-C2-05,2025-01-24,1,2,3,0.0653
PHC-DST-C2-05,2025-01-25,1,2,3,0.0744
PHC-DST-C2-05,2025-01-26,1,1,2,0.4464
PHC-DST-C2-05,2025-01-27,1,2,3,0.0579
PHC-DST-C2-05,2025-01-28,1,2,3,0.0404
PHC-DST-C2-05,2025-01-29,1,2,3,0.0623
PHC-DST-C2-05,2025-01-30,1,2,3,0.0591
PHC-DST-C2-05,2025-01-31,1,2,3,0.0646
PHC-DST-C2-05,2025-02-01,1,2,3,0.061
PHC-DST-C2-05,2025-02-02,1,1,2,0.4457
PHC-DST-C2-05,2025-02-03,1,2,3,0.068
PHC-DST-C2-05,2025-02-04,1,2,3,0.0724
PHC-DST-C2-05,2025-02-05,1,2,3,0.0435
PHC-DST-C2-05,2025-02-06,1,2,3,0.0625
PHC-DST-C2-05,2025-02-07,1,2,3,0.049
PHC-DST-C2-05,2025-02-08,1,2,3,0.0778
PHC-DST-C2-05,2025-02-09,1,1,2,0.4609
PHC-DST-C2-05,2025-02-10,1,2,3,0.0613
PHC-DST-C2-05,2025-02-11,1,2,3,0.0404
PHC-DST-C2-05,2025-02-12,1,2,3,0.0529
PHC-DST-C2-05,2025-02-13,1,2,3,0.0607
PHC-DST-C2-05,2025-02-14,1,2,3,0.078
PHC-DST-C2-05,2025-02-15,1,2,3,0.0441
PHC-DST-C2-05,2025-02-16,1,1,2,0.4661
PHC-DST-C2-05,2025-02-17,1,2,3,0.0799
PHC-DST-C2-05,2025-02-18,1,2,3,0.0404
PHC-DST-C2-05,2025-02-19,1,2,3,0.0676
PHC-DST-C2-05,2025-02-20,1,2,3,0.0462
PHC-DST-C2-05,2025-02-21,1,2,3,0.0697
PHC-DST-C2-05,2025-02-22,1,2,3,0.0626
PHC-DST-C2-05,2025-02-23,1,1,2,0.4701
PHC-DST-C2-05,2025-02-24,1,2,3,0.0735
PHC-DST-C2-05,2025-02-25,1,2,3,0.0597
PHC-DST-C2-05,2025-02-26,1,2,3,0.079
PHC-DST-C2-05,2025-02-27,1,2,3,0.0413
PHC-DST-C2-05,2025-02-28,1,2,3,0.0538
PHC-DST-C2-05,2025-03-01,1,2,3,0.0423
PHC-DST-C2-05,2025-03-02,1,1,2,0.457
PHC-DST-C2-05,2025-03-03,1,2,3,0.0617
PHC-DST-C2-05,2025-03-04,1,2,3,0.0648
PHC-DST-C2-05,2025-03-05,1,2,3,0.0477
PHC-DST-C2-05,2025-03-06,1,2,3,0.0648
PHC-DST-C2-05,2025-03-07,1,2,3,0.054
PHC-DST-C2-05,2025-03-08,1,2,3,0.041
PHC-DST-C2-05,2025-03-09,1,1,2,0.4537
PHC-DST-C2-05,2025-03-10,1,2,3,0.0593
PHC-DST-C2-05,2025-03-11,1,2,3,0.0439
PHC-DST-C2-05,2025-03-12,1,2,3,0.0578
PHC-DST-C2-05,2025-03-13,1,2,3,0.0464
PHC-DST-C2-05,2025-03-14,1,2,3,0.0501
PHC-DST-C2-05,2025-03-15,1,2,3,0.0671
PHC-DST-C2-05,2025-03-16,1,1,2,0.4786
PHC-DST-C2-05,2025-03-17,1,2,3,0.0421
PHC-DST-C2-05,2025-03-18,1,2,3,0.0435
PHC-DST-C2-05,2025-03-19,1,2,3,0.0608
PHC-DST-C2-05,2025-03-20,1,2,3,0.0667
PHC-DST-C2-05,2025-03-21,1,2,3,0.0461
PHC-DST-C2-05,2025-03-22,1,2,3,
PHC-DST-C2-05,2025-03-23,1,1,2,0.4735
PHC-DST-C2-05,2025-03-24,1,2,3,0.0443
PHC-DST-C2-05,2025-03-25,1,2,3,0.0534
PHC-DST-C2-05,2025-03-26,1,2,3,0.055
PHC-DST-C2-05,2025-03-27,1,2,3,0.0573
PHC-DST-C2-05,2025-03-28,1,2,3,0.0585
PHC-DST-C2-05,2025-03-29,1,2,3,0.0569
PHC-DST-C2-05,2025-03-30,1,1,2,0.4404
PHC-DST-C2-05,2025-03-31,1,2,3,0.0504
PHC-DST-C2-05,2025-04-01,1,2,3,0.0429
PHC-DST-C2-05,2025-04-02,1,2,3,0.0761
PHC-DST-C2-05,2025-04-03,1,2,3,0.0415
PHC-DST-C2-05,2025-04-04,1,2,3,0.0613
PHC-DST-C2-05,2025-04-05,1,2,3,0.0521
PHC-DST-C2-05,2025-04-06,1,1,2,0.4765
PHC-DST-C2-05,2025-04-07,1,2,3,0.0551
PHC-DST-C2-05,2025-04-08,1,2,3,0.0404
PHC-DST-C2-05,2025-04-09,1,2,3,0.0764
PHC-DST-C2-05,2025-04-10,1,2,3,0.0444
PHC-DST-C2-05,2025-04-11,1,2,3,0.0714
PHC-DST-C2-05,2025-04-12,1,2,3,0.065
PHC-DST-C2-05,2025-04-13,1,1,2,0.4696
PHC-DST-C2-05,2025-04-14,1,2,3,0.0708
PHC-DST-C2-05,2025-04-15,1,2,3,0.0728
PHC-DST-C2-05,2025-04-16,1,2,3,0.0462
PHC-DST-C2-05,2025-04-17,1,2,3,0.0693
PHC-DST-C2-05,2025-04-18,1,2,3,0.0762
PHC-DST-C2-05,2025-04-19,1,2,3,
PHC-DST-C2-05,2025-04-20,1,1,2,0.4433
PHC-DST-C2-05,2025-04-21,1,2,3,0.0684
PHC-DST-C2-05,2025-04-22,1,2,3,0.0542
PHC-DST-C2-05,2025-04-23,1,2,3,
PHC-DST-C2-05,2025-04-24,1,2,3,0.0768
PHC-DST-C2-05,2025-04-25,1,2,3,0.0697
PHC-DST-C2-05,2025-04-26,1,2,3,0.0649
PHC-DST-C2-05,2025-04-27,1,1,2,0.4707
PHC-DST-C2-05,2025-04-28,1,2,3,0.0518
PHC-DST-C2-05,2025-04-29,1,2,3,0.0631
PHC-DST-C2-05,2025-04-30,1,2,3,0.0587
PHC-DST-C2-05,2025-05-01,1,2,3,0.0686
PHC-DST-C2-05,2025-05-02,1,2,3,0.0705
PHC-DST-C2-05,2025-05-03,1,2,3,0.077
PHC-DST-C2-05,2025-05-04,1,1,2,0.4577
PHC-DST-C2-05,2025-05-05,1,2,3,0.0647
PHC-DST-C2-05,2025-05-06,1,2,3,0.0477
PHC-DST-C2-05,2025-05-07,1,2,3,0.0523
PHC-DST-C2-05,2025-05-08,1,2,3,0.0708
PHC-DST-C2-05,2025-05-09,1,2,3,0.0547
PHC-DST-C2-05,2025-05-10,1,2,3,0.0714
PHC-DST-C2-05,2025-05-11,1,1,2,0.4472
PHC-DST-C2-05,2025-05-12,1,2,3,0.0538
PHC-DST-C2-05,2025-05-13,1,2,3,0.0619
PHC-DST-C2-05,2025-05-14,1,2,3,0.0539
PHC-DST-C2-05,2025-05-15,1,2,3,0.0723
PHC-DST-C2-05,2025-05-16,1,2,3,0.0656
PHC-DST-C2-05,2025-05-17,1,2,3,0.0527
PHC-DST-C2-05,2025-05-18,1,1,2,0.4734
PHC-DST-C2-05,2025-05-19,1,2,3,0.0742
PHC-DST-C2-05,2025-05-20,1,2,3,0.0619
PHC-DST-C2-05,2025-05-21,1,2,3,0.0655
PHC-DST-C2-05,2025-05-22,1,2,3,0.0749
PHC-DST-C2-05,2025-05-23,1,2,3,0.0596
PHC-DST-C2-05,2025-05-24,1,2,3,0.0715
PHC-DST-C2-05,2025-05-25,1,1,2,0.4576
PHC-DST-C2-05,2025-05-26,1,2,3,0.0773
PHC-DST-C2-05,2025-05-27,1,2,3,0.0617
PHC-DST-C2-05,2025-05-28,1,2,3,0.0586
PHC-DST-C2-05,2025-05-29,1,2,3,0.0678
PHC-DST-C2-05,2025-05-30,1,2,3,0.0724
PHC-DST-C2-05,2025-05-31,1,2,3,0.0539
PHC-DST-C2-05,2025-06-01,1,1,2,0.444
PHC-DST-C2-05,2025-06-02,1,2,3,0.048
PHC-DST-C2-05,2025-06-03,1,2,3,0.0694
PHC-DST-C2-05,2025-06-04,1,2,3,0.0521
PHC-DST-C2-05,2025-06-05,1,2,3,0.0688
PHC-DST-C2-05,2025-06-06,1,2,3,0.048
PHC-DST-C2-05,2025-06-07,1,2,3,0.0634
PHC-DST-C2-05,2025-06-08,1,1,2,0.4634
PHC-DST-C2-05,2025-06-09,1,2,3,0.0563
PHC-DST-C2-05,2025-06-10,1,2,3,0.0481
PHC-DST-C2-05,2025-06-11,1,2,3,0.0745
PHC-DST-C2-05,2025-06-12,1,2,3,0.0507
PHC-DST-C2-05,2025-06-13,1,2,3,0.0771
PHC-DST-C2-05,2025-06-14,1,2,3,0.0543
PHC-DST-C2-05,2025-06-15,1,1,2,0.459
PHC-DST-C2-05,2025-06-16,1,2,3,0.0568
PHC-DST-C2-05,2025-06-17,1,2,3,0.0476
PHC-DST-C2-05,2025-06-18,1,2,3,0.0544
PHC-DST-C2-05,2025-06-19,1,2,3,0.0538
PHC-DST-C2-05,2025-06-20,1,2,3,0.078
PHC-DST-C2-05,2025-06-21,1,2,3,0.0496
PHC-DST-C2-05,2025-06-22,1,1,2,
PHC-DST-C2-05,2025-06-23,1,2,3,0.0693
PHC-DST-C2-05,2025-06-24,1,2,3,0.0718
PHC-DST-C2-05,2025-06-25,1,2,3,0.0563
PHC-DST-C2-05,2025-06-26,1,2,3,0.0475
PHC-DST-C2-05,2025-06-27,1,2,3,0.0572
PHC-DST-C2-05,2025-06-28,1,2,3,0.0697
PHC-DST-C2-05,2025-06-29,1,1,2,0.4405
PHC-DST-C2-05,2025-06-30,1,2,3,0.0666
PHC-DST-C2-06,2024-01-01,1,2,2,0.0455
PHC-DST-C2-06,2024-01-02,1,2,2,0.0662
PHC-DST-C2-06,2024-01-03,1,2,2,0.0784
PHC-DST-C2-06,2024-01-04,1,2,2,0.0504
PHC-DST-C2-06,2024-01-05,1,2,2,0.0571
PHC-DST-C2-06,2024-01-06,1,2,2,0.0534
PHC-DST-C2-06,2024-01-07,1,1,1,0.4611
PHC-DST-C2-06,2024-01-08,1,2,2,0.0468
PHC-DST-C2-06,2024-01-09,1,2,2,0.052
PHC-DST-C2-06,2024-01-10,1,2,2,0.0722
PHC-DST-C2-06,2024-01-11,1,2,2,0.0538
PHC-DST-C2-06,2024-01-12,1,2,2,0.0426
PHC-DST-C2-06,2024-01-13,1,2,2,0.051
PHC-DST-C2-06,2024-01-14,1,1,1,0.46
PHC-DST-C2-06,2024-01-15,1,2,2,0.0502
PHC-DST-C2-06,2024-01-16,1,2,2,0.0434
PHC-DST-C2-06,2024-01-17,1,2,2,0.0582
PHC-DST-C2-06,2024-01-18,1,2,2,0.0593
PHC-DST-C2-06,2024-01-19,1,2,2,0.0669
PHC-DST-C2-06,2024-01-20,1,2,2,0.0509
PHC-DST-C2-06,2024-01-21,1,1,1,0.4484
PHC-DST-C2-06,2024-01-22,1,2,2,0.0797
PHC-DST-C2-06,2024-01-23,1,2,2,0.0577
PHC-DST-C2-06,2024-01-24,1,2,2,0.0737
PHC-DST-C2-06,2024-01-25,1,2,2,0.0621
PHC-DST-C2-06,2024-01-26,1,2,2,0.0788
PHC-DST-C2-06,2024-01-27,1,2,2,0.0471
PHC-DST-C2-06,2024-01-28,1,1,1,0.4407
PHC-DST-C2-06,2024-01-29,1,2,2,0.0638
PHC-DST-C2-06,2024-01-30,1,2,2,0.0405
PHC-DST-C2-06,2024-01-31,1,2,2,0.0427
PHC-DST-C2-06,2024-02-01,1,2,2,0.0435
PHC-DST-C2-06,2024-02-02,1,2,2,0.077
PHC-DST-C2-06,2024-02-03,1,2,2,0.0403
PHC-DST-C2-06,2024-02-04,1,1,1,0.466
PHC-DST-C2-06,2024-02-05,1,2,2,0.0766
PHC-DST-C2-06,2024-02-06,1,2,2,0.0631
PHC-DST-C2-06,2024-02-07,1,2,2,0.0419
PHC-DST-C2-06,2024-02-08,1,2,2,0.0756
PHC-DST-C2-06,2024-02-09,1,2,2,0.0783
PHC-DST-C2-06,2024-02-10,1,2,2,0.0583
PHC-DST-C2-06,2024-02-11,1,1,1,0.4624
PHC-DST-C2-06,2024-02-12,1,2,2,0.0713
PHC-DST-C2-06,2024-02-13,1,2,2,0.044
PHC-DST-C2-06,2024-02-14,1,2,2,0.0627
PHC-DST-C2-06,2024-02-15,1,2,2,0.0634
PHC-DST-C2-06,2024-02-16,1,2,2,0.0723
PHC-DST-C2-06,2024-02-17,1,2,2,0.0688
PHC-DST-C2-06,2024-02-18,1,1,1,0.479
PHC-DST-C2-06,2024-02-19,1,2,2,0.0459
PHC-DST-C2-06,2024-02-20,1,2,2,0.0502
PHC-DST-C2-06,2024-02-21,1,2,2,0.0618
PHC-DST-C2-06,2024-02-22,1,2,2,0.0588
PHC-DST-C2-06,2024-02-23,1,2,2,0.0573
PHC-DST-C2-06,2024-02-24,1,2,2,0.07
PHC-DST-C2-06,2024-02-25,1,1,1,0.4529
PHC-DST-C2-06,2024-02-26,1,2,2,0.0604
PHC-DST-C2-06,2024-02-27,1,2,2,0.0713
PHC-DST-C2-06,2024-02-28,1,2,2,0.0637
PHC-DST-C2-06,2024-02-29,1,2,2,0.0535
PHC-DST-C2-06,2024-03-01,1,2,2,0.044
PHC-DST-C2-06,2024-03-02,1,2,2,0.0702
PHC-DST-C2-06,2024-03-03,1,1,1,0.4783
PHC-DST-C2-06,2024-03-04,1,2,2,0.0448
PHC-DST-C2-06,2024-03-05,1,2,2,0.0648
PHC-DST-C2-06,2024-03-06,1,2,2,0.0442
PHC-DST-C2-06,2024-03-07,1,2,2,0.0797
PHC-DST-C2-06,2024-03-08,1,2,2,0.0694
PHC-DST-C2-06,2024-03-09,1,2,2,0.0402
PHC-DST-C2-06,2024-03-10,1,1,1,0.4459
PHC-DST-C2-06,2024-03-11,1,2,2,0.0737
PHC-DST-C2-06,2024-03-12,1,2,2,0.079
PHC-DST-C2-06,2024-03-13,1,2,2,0.0728
PHC-DST-C2-06,2024-03-14,1,2,2,0.0746
PHC-DST-C2-06,2024-03-15,1,2,2,0.0651
PHC-DST-C2-06,2024-03-16,1,2,2,0.0765
PHC-DST-C2-06,2024-03-17,1,1,1,0.4512
PHC-DST-C2-06,2024-03-18,1,2,2,0.0636
PHC-DST-C2-06,2024-03-19,1,2,2,0.0799
PHC-DST-C2-06,2024-03-20,1,2,2,0.0544
PHC-DST-C2-06,2024-03-21,1,2,2,0.0454
PHC-DST-C2-06,2024-03-22,1,2,2,0.076
PHC-DST-C2-06,2024-03-23,1,2,2,0.0591
PHC-DST-C2-06,2024-03-24,1,1,1,0.4425
PHC-DST-C2-06,2024-03-25,1,2,2,0.062
PHC-DST-C2-06,2024-03-26,1,2,2,0.0715
PHC-DST-C2-06,2024-03-27,1,2,2,0.0419
PHC-DST-C2-06,2024-03-28,1,2,2,0.0576
PHC-DST-C2-06,2024-03-29,1,2,2,0.0535
PHC-DST-C2-06,2024-03-30,1,2,2,0.0426
PHC-DST-C2-06,2024-03-31,1,1,1,0.4494
PHC-DST-C2-06,2024-04-01,1,2,2,0.0419
PHC-DST-C2-06,2024-04-02,1,2,2,0.0776
PHC-DST-C2-06,2024-04-03,1,2,2,0.0408
PHC-DST-C2-06,2024-04-04,1,2,2,0.0418
PHC-DST-C2-06,2024-04-05,1,2,2,0.0728
PHC-DST-C2-06,2024-04-06,1,2,2,0.0491
PHC-DST-C2-06,2024-04-07,1,1,1,0.4673
PHC-DST-C2-06,2024-04-08,1,2,2,0.0673
PHC-DST-C2-06,2024-04-09,1,2,2,0.0482
PHC-DST-C2-06,2024-04-10,1,2,2,0.0715
PHC-DST-C2-06,2024-04-11,1,2,2,0.0531
PHC-DST-C2-06,2024-04-12,1,2,2,0.0718
PHC-DST-C2-06,2024-04-13,1,2,2,0.0433
PHC-DST-C2-06,2024-04-14,1,1,1,0.4741
PHC-DST-C2-06,2024-04-15,1,2,2,0.0526
PHC-DST-C2-06,2024-04-16,1,2,2,0.0729
PHC-DST-C2-06,2024-04-17,1,2,2,0.0627
PHC-DST-C2-06,2024-04-18,1,2,2,0.0572
PHC-DST-C2-06,2024-04-19,1,2,2,0.0543
PHC-DST-C2-06,2024-04-20,1,2,2,0.0729
PHC-DST-C2-06,2024-04-21,1,1,1,0.4527
PHC-DST-C2-06,2024-04-22,1,2,2,0.078
PHC-DST-C2-06,2024-04-23,1,2,2,0.0629
PHC-DST-C2-06,2024-04-24,1,2,2,0.0799
PHC-DST-C2-06,2024-04-25,1,2,2,0.06
PHC-DST-C2-06,2024-04-26,1,2,2,0.0622
PHC-DST-C2-06,2024-04-27,1,2,2,0.0639
PHC-DST-C2-06,2024-04-28,1,1,1,0.4618
PHC-DST-C2-06,2024-04-29,1,2,2,0.0586
PHC-DST-C2-06,2024-04-30,1,2,2,0.0536
PHC-DST-C2-06,2024-05-01,1,2,2,0.0729
PHC-DST-C2-06,2024-05-02,1,2,2,0.0722
PHC-DST-C2-06,2024-05-03,1,2,2,0.0679
PHC-DST-C2-06,2024-05-04,1,2,2,0.0566
PHC-DST-C2-06,2024-05-05,1,1,1,0.4406
PHC-DST-C2-06,2024-05-06,1,2,2,0.0441
PHC-DST-C2-06,2024-05-07,1,2,2,0.0594
PHC-DST-C2-06,2024-05-08,1,2,2,0.0469
PHC-DST-C2-06,2024-05-09,1,2,2,0.0463
PHC-DST-C2-06,2024-05-10,1,2,2,0.0443
PHC-DST-C2-06,2024-05-11,1,2,2,0.0449
PHC-DST-C2-06,2024-05-12,1,1,1,0.4719
PHC-DST-C2-06,2024-05-13,1,2,2,0.0716
PHC-DST-C2-06,2024-05-14,1,2,2,0.0611
PHC-DST-C2-06,2024-05-15,1,2,2,0.0773
PHC-DST-C2-06,2024-05-16,1,2,2,0.0658
PHC-DST-C2-06,2024-05-17,1,2,2,0.0558
PHC-DST-C2-06,2024-05-18,1,2,2,0.0755
PHC-DST-C2-06,2024-05-19,1,1,1,0.4469
PHC-DST-C2-06,2024-05-20,1,2,2,0.0759
PHC-DST-C2-06,2024-05-21,1,2,2,0.0554
PHC-DST-C2-06,2024-05-22,1,2,2,0.0783
PHC-DST-C2-06,2024-05-23,1,2,2,0.0677
PHC-DST-C2-06,2024-05-24,1,2,2,0.0667
PHC-DST-C2-06,2024-05-25,1,2,2,0.0628
PHC-DST-C2-06,2024-05-26,1,1,1,0.4429
PHC-DST-C2-06,2024-05-27,1,2,2,0.058
PHC-DST-C2-06,2024-05-28,1,2,2,0.0653
PHC-DST-C2-06,2024-05-29,1,2,2,0.0536
PHC-DST-C2-06,2024-05-30,1,2,2,0.0728
PHC-DST-C2-06,2024-05-31,1,2,2,0.0409
PHC-DST-C2-06,2024-06-01,1,2,2,0.0549
PHC-DST-C2-06,2024-06-02,1,1,1,0.4676
PHC-DST-C2-06,2024-06-03,1,2,2,0.0782
PHC-DST-C2-06,2024-06-04,1,2,2,0.0669
PHC-DST-C2-06,2024-06-05,1,2,2,0.0559
PHC-DST-C2-06,2024-06-06,1,2,2,0.0683
PHC-DST-C2-06,2024-06-07,1,2,2,0.0432
PHC-DST-C2-06,2024-06-08,1,2,2,0.0699
PHC-DST-C2-06,2024-06-09,1,1,1,0.4462
PHC-DST-C2-06,2024-06-10,1,2,2,0.0716
PHC-DST-C2-06,2024-06-11,1,2,2,0.0634
PHC-DST-C2-06,2024-06-12,1,2,2,0.0584
PHC-DST-C2-06,2024-06-13,1,2,2,0.0561
PHC-DST-C2-06,2024-06-14,1,2,2,0.051
PHC-DST-C2-06,2024-06-15,1,2,2,0.0546
PHC-DST-C2-06,2024-06-16,1,1,1,0.4507
PHC-DST-C2-06,2024-06-17,1,2,2,0.044
PHC-DST-C2-06,2024-06-18,1,2,2,0.0441
PHC-DST-C2-06,2024-06-19,1,2,2,0.0663
PHC-DST-C2-06,2024-06-20,1,2,2,0.0684
PHC-DST-C2-06,2024-06-21,1,2,2,0.0524
PHC-DST-C2-06,2024-06-22,1,2,2,0.0729
PHC-DST-C2-06,2024-06-23,1,1,1,0.4658
PHC-DST-C2-06,2024-06-24,1,2,2,0.0779
PHC-DST-C2-06,2024-06-25,1,2,2,0.0692
PHC-DST-C2-06,2024-06-26,1,2,2,0.0608
PHC-DST-C2-06,2024-06-27,1,2,2,0.0788
PHC-DST-C2-06,2024-06-28,1,2,2,0.0508
PHC-DST-C2-06,2024-06-29,1,2,2,0.0684
PHC-DST-C2-06,2024-06-30,1,1,1,0.4484
PHC-DST-C2-06,2024-07-01,1,2,2,0.0739
PHC-DST-C2-06,2024-07-02,1,2,2,0.0727
PHC-DST-C2-06,2024-07-03,1,2,2,0.0713
PHC-DST-C2-06,2024-07-04,1,2,2,0.0794
PHC-DST-C2-06,2024-07-05,1,2,2,0.0785
PHC-DST-C2-06,2024-07-06,1,2,2,0.0493
PHC-DST-C2-06,2024-07-07,1,1,1,0.4516
PHC-DST-C2-06,2024-07-08,1,2,2,0.0733
PHC-DST-C2-06,2024-07-09,1,2,2,0.0601
PHC-DST-C2-06,2024-07-10,1,2,2,0.0684
PHC-DST-C2-06,2024-07-11,1,2,2,
PHC-DST-C2-06,2024-07-12,1,2,2,0.0468
PHC-DST-C2-06,2024-07-13,1,2,2,0.0404
PHC-DST-C2-06,2024-07-14,1,1,1,0.4424
PHC-DST-C2-06,2024-07-15,1,2,2,0.0533
PHC-DST-C2-06,2024-07-16,1,2,2,0.078
PHC-DST-C2-06,2024-07-17,1,2,2,0.0694
PHC-DST-C2-06,2024-07-18,1,2,2,0.0617
PHC-DST-C2-06,2024-07-19,1,2,2,0.0707
PHC-DST-C2-06,2024-07-20,1,2,2,0.0618
PHC-DST-C2-06,2024-07-21,1,1,1,0.4409
PHC-DST-C2-06,2024-07-22,1,2,2,0.0466
PHC-DST-C2-06,2024-07-23,1,2,2,0.0645
PHC-DST-C2-06,2024-07-24,1,2,2,0.049
PHC-DST-C2-06,2024-07-25,1,2,2,0.0734
PHC-DST-C2-06,2024-07-26,1,2,2,0.0417
PHC-DST-C2-06,2024-07-27,1,2,2,0.0519
PHC-DST-C2-06,2024-07-28,1,1,1,0.4693
PHC-DST-C2-06,2024-07-29,1,2,2,0.0594
PHC-DST-C2-06,2024-07-30,1,2,2,0.0604
PHC-DST-C2-06,2024-07-31,1,2,2,0.0512
PHC-DST-C2-06,2024-08-01,1,2,2,0.0791
PHC-DST-C2-06,2024-08-02,1,2,2,0.0401
PHC-DST-C2-06,2024-08-03,1,2,2,0.0404
PHC-DST-C2-06,2024-08-04,1,1,1,0.4697
PHC-DST-C2-06,2024-08-05,1,2,2,0.0452
PHC-DST-C2-06,2024-08-06,1,2,2,0.0671
PHC-DST-C2-06,2024-08-07,1,2,2,0.076
PHC-DST-C2-06,2024-08-08,1,2,2,0.0578
PHC-DST-C2-06,2024-08-09,1,2,2,0.0415
PHC-DST-C2-06,2024-08-10,1,2,2,0.044
PHC-DST-C2-06,2024-08-11,1,1,1,0.4792
PHC-DST-C2-06,2024-08-12,1,2,2,0.0635
PHC-DST-C2-06,2024-08-13,1,2,2,0.042
PHC-DST-C2-06,2024-08-14,1,2,2,0.0651
PHC-DST-C2-06,2024-08-15,1,2,2,0.0706
PHC-DST-C2-06,2024-08-16,1,2,2,0.0407
PHC-DST-C2-06,2024-08-17,1,2,2,0.0589
PHC-DST-C2-06,2024-08-18,1,1,1,0.4577
PHC-DST-C2-06,2024-08-19,1,2,2,0.0753
PHC-DST-C2-06,2024-08-20,1,2,2,0.0529
PHC-DST-C2-06,2024-08-21,1,2,2,0.0505
PHC-DST-C2-06,2024-08-22,1,2,2,0.0588
PHC-DST-C2-06,2024-08-23,1,2,2,0.0577
PHC-DST-C2-06,2024-08-24,1,2,2,0.0711
PHC-DST-C2-06,2024-08-25,1,1,1,0.4658
PHC-DST-C2-06,2024-08-26,1,2,2,0.0776
PHC-DST-C2-06,2024-08-27,1,2,2,0.0623
PHC-DST-C2-06,2024-08-28,1,2,2,0.0628
PHC-DST-C2-06,2024-08-29,1,2,2,0.071
PHC-DST-C2-06,2024-08-30,1,2,2,0.0754
PHC-DST-C2-06,2024-08-31,1,2,2,0.0596
PHC-DST-C2-06,2024-09-01,1,1,1,0.4596
PHC-DST-C2-06,2024-09-02,1,2,2,
PHC-DST-C2-06,2024-09-03,1,2,2,0.0503
PHC-DST-C2-06,2024-09-04,1,2,2,0.0629
PHC-DST-C2-06,2024-09-05,1,2,2,0.0659
PHC-DST-C2-06,2024-09-06,1,2,2,0.0624
PHC-DST-C2-06,2024-09-07,1,2,2,0.0473
PHC-DST-C2-06,2024-09-08,1,1,1,0.441
PHC-DST-C2-06,2024-09-09,1,2,2,0.0677
PHC-DST-C2-06,2024-09-10,1,2,2,0.0785
PHC-DST-C2-06,2024-09-11,1,2,2,0.0559
PHC-DST-C2-06,2024-09-12,1,2,2,0.0714
PHC-DST-C2-06,2024-09-13,1,2,2,0.0408
PHC-DST-C2-06,2024-09-14,1,2,2,0.0709
PHC-DST-C2-06,2024-09-15,1,1,1,0.4665
PHC-DST-C2-06,2024-09-16,1,2,2,0.0487
PHC-DST-C2-06,2024-09-17,1,2,2,0.0509
PHC-DST-C2-06,2024-09-18,1,2,2,0.0451
PHC-DST-C2-06,2024-09-19,1,2,2,0.0763
PHC-DST-C2-06,2024-09-20,1,2,2,0.0769
PHC-DST-C2-06,2024-09-21,1,2,2,0.0624
PHC-DST-C2-06,2024-09-22,1,1,1,
PHC-DST-C2-06,2024-09-23,1,2,2,0.0799
PHC-DST-C2-06,2024-09-24,1,2,2,0.041
PHC-DST-C2-06,2024-09-25,1,2,2,0.0436
PHC-DST-C2-06,2024-09-26,1,2,2,0.0453
PHC-DST-C2-06,2024-09-27,1,2,2,0.058
PHC-DST-C2-06,2024-09-28,1,2,2,0.0778
PHC-DST-C2-06,2024-09-29,1,1,1,0.4512
PHC-DST-C2-06,2024-09-30,1,2,2,0.0736
PHC-DST-C2-06,2024-10-01,1,2,2,0.0497
PHC-DST-C2-06,2024-10-02,1,2,2,0.0663
PHC-DST-C2-06,2024-10-03,1,2,2,0.0789
PHC-DST-C2-06,2024-10-04,1,2,2,0.0755
PHC-DST-C2-06,2024-10-05,1,2,2,
PHC-DST-C2-06,2024-10-06,1,1,1,0.4744
PHC-DST-C2-06,2024-10-07,1,2,2,0.0673
PHC-DST-C2-06,2024-10-08,1,2,2,0.0704
PHC-DST-C2-06,2024-10-09,1,2,2,0.0615
PHC-DST-C2-06,2024-10-10,1,2,2,0.062
PHC-DST-C2-06,2024-10-11,1,2,2,0.0461
PHC-DST-C2-06,2024-10-12,1,2,2,0.0627
PHC-DST-C2-06,2024-10-13,1,1,1,0.4429
PHC-DST-C2-06,2024-10-14,1,2,2,0.0405
PHC-DST-C2-06,2024-10-15,1,2,2,0.0768
PHC-DST-C2-06,2024-10-16,1,2,2,0.0559
PHC-DST-C2-06,2024-10-17,1,2,2,0.0571
PHC-DST-C2-06,2024-10-18,1,2,2,0.0618
PHC-DST-C2-06,2024-10-19,1,2,2,0.0657
PHC-DST-C2-06,2024-10-20,1,1,1,0.4785
PHC-DST-C2-06,2024-10-21,1,2,2,0.0745
PHC-DST-C2-06,2024-10-22,1,2,2,0.0454
PHC-DST-C2-06,2024-10-23,1,2,2,0.0554
PHC-DST-C2-06,2024-10-24,1,2,2,0.0501
PHC-DST-C2-06,2024-10-25,1,2,2,0.0518
PHC-DST-C2-06,2024-10-26,1,2,2,0.0731
PHC-DST-C2-06,2024-10-27,1,1,1,0.4715
PHC-DST-C2-06,2024-10-28,1,2,2,0.049
PHC-DST-C2-06,2024-10-29,1,2,2,0.0574
PHC-DST-C2-06,2024-10-30,1,2,2,0.0606
PHC-DST-C2-06,2024-10-31,1,2,2,
PHC-DST-C2-06,2024-11-01,1,2,2,0.0423
PHC-DST-C2-06,2024-11-02,1,2,2,0.0418
PHC-DST-C2-06,2024-11-03,1,1,1,0.4666
PHC-DST-C2-06,2024-11-04,1,2,2,
PHC-DST-C2-06,2024-11-05,1,2,2,0.061
PHC-DST-C2-06,2024-11-06,1,2,2,0.0687
PHC-DST-C2-06,2024-11-07,1,2,2,0.0423
PHC-DST-C2-06,2024-11-08,1,2,2,0.0653
PHC-DST-C2-06,2024-11-09,1,2,2,0.0777
PHC-DST-C2-06,2024-11-10,1,1,1,0.4412
PHC-DST-C2-06,2024-11-11,1,2,2,0.0793
PHC-DST-C2-06,2024-11-12,1,2,2,0.0436
PHC-DST-C2-06,2024-11-13,1,2,2,0.0411
PHC-DST-C2-06,2024-11-14,1,2,2,0.0652
PHC-DST-C2-06,2024-11-15,1,2,2,0.0471
PHC-DST-C2-06,2024-11-16,1,2,2,0.0422
PHC-DST-C2-06,2024-11-17,1,1,1,0.4533
PHC-DST-C2-06,2024-11-18,1,2,2,0.0534
PHC-DST-C2-06,2024-11-19,1,2,2,0.0562
PHC-DST-C2-06,2024-11-20,1,2,2,0.0713
PHC-DST-C2-06,2024-11-21,1,2,2,0.0538
PHC-DST-C2-06,2024-11-22,1,2,2,0.0442
PHC-DST-C2-06,2024-11-23,1,2,2,0.0779
PHC-DST-C2-06,2024-11-24,1,1,1,0.4552
PHC-DST-C2-06,2024-11-25,1,2,2,0.0431
PHC-DST-C2-06,2024-11-26,1,2,2,0.0686
PHC-DST-C2-06,2024-11-27,1,2,2,0.0685
PHC-DST-C2-06,2024-11-28,1,2,2,0.0705
PHC-DST-C2-06,2024-11-29,1,2,2,0.0663
PHC-DST-C2-06,2024-11-30,1,2,2,0.0609
PHC-DST-C2-06,2024-12-01,1,1,1,0.4657
PHC-DST-C2-06,2024-12-02,1,2,2,0.0591
PHC-DST-C2-06,2024-12-03,1,2,2,0.0527
PHC-DST-C2-06,2024-12-04,1,2,2,0.0758
PHC-DST-C2-06,2024-12-05,1,2,2,0.0596
PHC-DST-C2-06,2024-12-06,1,2,2,0.0611
PHC-DST-C2-06,2024-12-07,1,2,2,0.0672
PHC-DST-C2-06,2024-12-08,1,1,1,0.4671
PHC-DST-C2-06,2024-12-09,1,2,2,0.0453
PHC-DST-C2-06,2024-12-10,1,2,2,0.0698
PHC-DST-C2-06,2024-12-11,1,2,2,0.0405
PHC-DST-C2-06,2024-12-12,1,2,2,0.0661
PHC-DST-C2-06,2024-12-13,1,2,2,0.0558
PHC-DST-C2-06,2024-12-14,1,2,2,0.0523
PHC-DST-C2-06,2024-12-15,1,1,1,0.4676
PHC-DST-C2-06,2024-12-16,1,2,2,0.0435
PHC-DST-C2-06,2024-12-17,1,2,2,0.0457
PHC-DST-C2-06,2024-12-18,1,2,2,0.0655
PHC-DST-C2-06,2024-12-19,1,2,2,0.0606
PHC-DST-C2-06,2024-12-20,1,2,2,0.0606
PHC-DST-C2-06,2024-12-21,1,2,2,0.0417
PHC-DST-C2-06,2024-12-22,1,1,1,0.4638
PHC-DST-C2-06,2024-12-23,1,2,2,0.0706
PHC-DST-C2-06,2024-12-24,1,2,2,0.0555
PHC-DST-C2-06,2024-12-25,1,2,2,0.0437
PHC-DST-C2-06,2024-12-26,1,2,2,0.0747
PHC-DST-C2-06,2024-12-27,1,2,2,0.0749
PHC-DST-C2-06,2024-12-28,1,2,2,0.0488
PHC-DST-C2-06,2024-12-29,1,1,1,0.4407
PHC-DST-C2-06,2024-12-30,1,2,2,0.0772
PHC-DST-C2-06,2024-12-31,1,2,2,0.0505
PHC-DST-C2-06,2025-01-01,1,2,2,
PHC-DST-C2-06,2025-01-02,1,2,2,0.0775
PHC-DST-C2-06,2025-01-03,1,2,2,0.0685
PHC-DST-C2-06,2025-01-04,1,2,2,0.0702
PHC-DST-C2-06,2025-01-05,1,1,1,0.4707
PHC-DST-C2-06,2025-01-06,1,2,2,0.0556
PHC-DST-C2-06,2025-01-07,1,2,2,0.0697
PHC-DST-C2-06,2025-01-08,1,2,2,0.063
PHC-DST-C2-06,2025-01-09,1,2,2,0.0606
PHC-DST-C2-06,2025-01-10,1,2,2,0.0683
PHC-DST-C2-06,2025-01-11,1,2,2,0.0493
PHC-DST-C2-06,2025-01-12,1,1,1,0.4534
PHC-DST-C2-06,2025-01-13,1,2,2,0.052
PHC-DST-C2-06,2025-01-14,1,2,2,0.0663
PHC-DST-C2-06,2025-01-15,1,2,2,0.0623
PHC-DST-C2-06,2025-01-16,1,2,2,0.0607
PHC-DST-C2-06,2025-01-17,1,2,2,0.0688
PHC-DST-C2-06,2025-01-18,1,2,2,0.0727
PHC-DST-C2-06,2025-01-19,1,1,1,0.4794
PHC-DST-C2-06,2025-01-20,1,2,2,0.0605
PHC-DST-C2-06,2025-01-21,1,2,2,0.0788
PHC-DST-C2-06,2025-01-22,1,2,2,0.0745
PHC-DST-C2-06,2025-01-23,1,2,2,0.0409
PHC-DST-C2-06,2025-01-24,1,2,2,0.0676
PHC-DST-C2-06,2025-01-25,1,2,2,0.0528
PHC-DST-C2-06,2025-01-26,1,1,1,0.4769
PHC-DST-C2-06,2025-01-27,1,2,2,0.0559
PHC-DST-C2-06,2025-01-28,1,2,2,0.0675
PHC-DST-C2-06,2025-01-29,1,2,2,0.0656
PHC-DST-C2-06,2025-01-30,1,2,2,0.0602
PHC-DST-C2-06,2025-01-31,1,2,2,0.0589
PHC-DST-C2-06,2025-02-01,1,2,2,0.0467
PHC-DST-C2-06,2025-02-02,1,1,1,0.4735
PHC-DST-C2-06,2025-02-03,1,2,2,0.0421
PHC-DST-C2-06,2025-02-04,1,2,2,
PHC-DST-C2-06,2025-02-05,1,2,2,0.0725
PHC-DST-C2-06,2025-02-06,1,2,2,0.0734
PHC-DST-C2-06,2025-02-07,1,2,2,0.0713
PHC-DST-C2-06,2025-02-08,1,2,2,0.0742
PHC-DST-C2-06,2025-02-09,1,1,1,0.464
PHC-DST-C2-06,2025-02-10,1,2,2,0.064
PHC-DST-C2-06,2025-02-11,1,2,2,0.0498
PHC-DST-C2-06,2025-02-12,1,2,2,0.0598
PHC-DST-C2-06,2025-02-13,1,2,2,0.0473
PHC-DST-C2-06,2025-02-14,1,2,2,0.0444
PHC-DST-C2-06,2025-02-15,1,2,2,0.0429
PHC-DST-C2-06,2025-02-16,1,1,1,0.475
PHC-DST-C2-06,2025-02-17,1,2,2,0.0461
PHC-DST-C2-06,2025-02-18,1,2,2,0.0596
PHC-DST-C2-06,2025-02-19,1,2,2,0.0593
PHC-DST-C2-06,2025-02-20,1,2,2,0.0517
PHC-DST-C2-06,2025-02-21,1,2,2,0.0441
PHC-DST-C2-06,2025-02-22,1,2,2,0.0793
PHC-DST-C2-06,2025-02-23,1,1,1,0.4619
PHC-DST-C2-06,2025-02-24,1,2,2,0.0547
PHC-DST-C2-06,2025-02-25,1,2,2,0.0594
PHC-DST-C2-06,2025-02-26,1,2,2,0.0545
PHC-DST-C2-06,2025-02-27,1,2,2,0.0628
PHC-DST-C2-06,2025-02-28,1,2,2,0.0766
PHC-DST-C2-06,2025-03-01,1,2,2,0.0604
PHC-DST-C2-06,2025-03-02,1,1,1,0.4781
PHC-DST-C2-06,2025-03-03,1,2,2,0.0672
PHC-DST-C2-06,2025-03-04,1,2,2,0.0589
PHC-DST-C2-06,2025-03-05,1,2,2,0.0703
PHC-DST-C2-06,2025-03-06,1,2,2,0.0767
PHC-DST-C2-06,2025-03-07,1,2,2,0.0465
PHC-DST-C2-06,2025-03-08,1,2,2,0.0438
PHC-DST-C2-06,2025-03-09,1,1,1,0.4753
PHC-DST-C2-06,2025-03-10,1,2,2,0.0705
PHC-DST-C2-06,2025-03-11,1,2,2,0.0509
PHC-DST-C2-06,2025-03-12,1,2,2,
PHC-DST-C2-06,2025-03-13,1,2,2,0.0456
PHC-DST-C2-06,2025-03-14,1,2,2,0.0418
PHC-DST-C2-06,2025-03-15,1,2,2,0.0428
PHC-DST-C2-06,2025-03-16,1,1,1,0.467
PHC-DST-C2-06,2025-03-17,1,2,2,0.0422
PHC-DST-C2-06,2025-03-18,1,2,2,0.0578
PHC-DST-C2-06,2025-03-19,1,2,2,0.0627
PHC-DST-C2-06,2025-03-20,1,2,2,0.056
PHC-DST-C2-06,2025-03-21,1,2,2,0.0763
PHC-DST-C2-06,2025-03-22,1,2,2,0.0717
PHC-DST-C2-06,2025-03-23,1,1,1,0.4666
PHC-DST-C2-06,2025-03-24,1,2,2,0.0512
PHC-DST-C2-06,2025-03-25,1,2,2,0.0722
PHC-DST-C2-06,2025-03-26,1,2,2,0.0447
PHC-DST-C2-06,2025-03-27,1,2,2,0.0492
PHC-DST-C2-06,2025-03-28,1,2,2,0.0402
PHC-DST-C2-06,2025-03-29,1,2,2,0.0623
PHC-DST-C2-06,2025-03-30,1,1,1,0.4711
PHC-DST-C2-06,2025-03-31,1,2,2,0.0597
PHC-DST-C2-06,2025-04-01,1,2,2,0.0531
PHC-DST-C2-06,2025-04-02,1,2,2,0.0789
PHC-DST-C2-06,2025-04-03,1,2,2,0.0538
PHC-DST-C2-06,2025-04-04,1,2,2,0.0731
PHC-DST-C2-06,2025-04-05,1,2,2,0.0519
PHC-DST-C2-06,2025-04-06,1,1,1,0.4409
PHC-DST-C2-06,2025-04-07,1,2,2,0.0435
PHC-DST-C2-06,2025-04-08,1,2,2,0.0695
PHC-DST-C2-06,2025-04-09,1,2,2,0.054
PHC-DST-C2-06,2025-04-10,1,2,2,0.0467
PHC-DST-C2-06,2025-04-11,1,2,2,0.059
PHC-DST-C2-06,2025-04-12,1,2,2,0.0565
PHC-DST-C2-06,2025-04-13,1,1,1,0.4693
PHC-DST-C2-06,2025-04-14,1,2,2,0.0757
PHC-DST-C2-06,2025-04-15,1,2,2,0.0413
PHC-DST-C2-06,2025-04-16,1,2,2,0.0719
PHC-DST-C2-06,2025-04-17,1,2,2,0.0673
PHC-DST-C2-06,2025-04-18,1,2,2,0.0463
PHC-DST-C2-06,2025-04-19,1,2,2,0.0527
PHC-DST-C2-06,2025-04-20,1,1,1,0.464
PHC-DST-C2-06,2025-04-21,1,2,2,0.0443
PHC-DST-C2-06,2025-04-22,1,2,2,0.0696
PHC-DST-C2-06,2025-04-23,1,2,2,0.0712
PHC-DST-C2-06,2025-04-24,1,2,2,0.0508
PHC-DST-C2-06,2025-04-25,1,2,2,0.0753
PHC-DST-C2-06,2025-04-26,1,2,2,0.0548
PHC-DST-C2-06,2025-04-27,1,1,1,0.4535
PHC-DST-C2-06,2025-04-28,1,2,2,0.0671
PHC-DST-C2-06,2025-04-29,1,2,2,0.0655
PHC-DST-C2-06,2025-04-30,1,2,2,0.0771
PHC-DST-C2-06,2025-05-01,1,2,2,0.0705
PHC-DST-C2-06,2025-05-02,1,2,2,0.0643
PHC-DST-C2-06,2025-05-03,1,2,2,0.0542
PHC-DST-C2-06,2025-05-04,1,1,1,0.4585
PHC-DST-C2-06,2025-05-05,1,2,2,0.0526
PHC-DST-C2-06,2025-05-06,1,2,2,0.0619
PHC-DST-C2-06,2025-05-07,1,2,2,0.0486
PHC-DST-C2-06,2025-05-08,1,2,2,0.0517
PHC-DST-C2-06,2025-05-09,1,2,2,0.0695
PHC-DST-C2-06,2025-05-10,1,2,2,0.0493
PHC-DST-C2-06,2025-05-11,1,1,1,0.4564
PHC-DST-C2-06,2025-05-12,1,2,2,0.0719
PHC-DST-C2-06,2025-05-13,1,2,2,0.0714
PHC-DST-C2-06,2025-05-14,1,2,2,0.056
PHC-DST-C2-06,2025-05-15,1,2,2,0.0437
PHC-DST-C2-06,2025-05-16,1,2,2,0.0553
PHC-DST-C2-06,2025-05-17,1,2,2,0.0609
PHC-DST-C2-06,2025-05-18,1,1,1,0.48
PHC-DST-C2-06,2025-05-19,1,2,2,0.0476
PHC-DST-C2-06,2025-05-20,1,2,2,0.0581
PHC-DST-C2-06,2025-05-21,1,2,2,0.0731
PHC-DST-C2-06,2025-05-22,1,2,2,0.0737
PHC-DST-C2-06,2025-05-23,1,2,2,0.0568
PHC-DST-C2-06,2025-05-24,1,2,2,0.0606
PHC-DST-C2-06,2025-05-25,1,1,1,0.4592
PHC-DST-C2-06,2025-05-26,1,2,2,0.078
PHC-DST-C2-06,2025-05-27,1,2,2,0.0546
PHC-DST-C2-06,2025-05-28,1,2,2,0.0584
PHC-DST-C2-06,2025-05-29,1,2,2,0.0416
PHC-DST-C2-06,2025-05-30,1,2,2,0.0715
PHC-DST-C2-06,2025-05-31,1,2,2,0.0405
PHC-DST-C2-06,2025-06-01,1,1,1,0.4704
PHC-DST-C2-06,2025-06-02,1,2,2,0.0699
PHC-DST-C2-06,2025-06-03,1,2,2,0.0508
PHC-DST-C2-06,2025-06-04,1,2,2,0.0775
PHC-DST-C2-06,2025-06-05,1,2,2,0.0689
PHC-DST-C2-06,2025-06-06,1,2,2,0.0529
PHC-DST-C2-06,2025-06-07,1,2,2,0.0532
PHC-DST-C2-06,2025-06-08,1,1,1,0.4594
PHC-DST-C2-06,2025-06-09,1,2,2,0.0741
PHC-DST-C2-06,2025-06-10,1,2,2,0.0708
PHC-DST-C2-06,2025-06-11,1,2,2,0.077
PHC-DST-C2-06,2025-06-12,1,2,2,0.0659
PHC-DST-C2-06,2025-06-13,1,2,2,0.0471
PHC-DST-C2-06,2025-06-14,1,2,2,0.0619
PHC-DST-C2-06,2025-06-15,1,1,1,0.4609
PHC-DST-C2-06,2025-06-16,1,2,2,0.0782
PHC-DST-C2-06,2025-06-17,1,2,2,0.0498
PHC-DST-C2-06,2025-06-18,1,2,2,0.0667
PHC-DST-C2-06,2025-06-19,1,2,2,0.0422
PHC-DST-C2-06,2025-06-20,1,2,2,0.0768
PHC-DST-C2-06,2025-06-21,1,2,2,0.0607
PHC-DST-C2-06,2025-06-22,1,1,1,0.4552
PHC-DST-C2-06,2025-06-23,1,2,2,0.0472
PHC-DST-C2-06,2025-06-24,1,2,2,0.0458
PHC-DST-C2-06,2025-06-25,1,2,2,0.061
PHC-DST-C2-06,2025-06-26,1,2,2,0.0565
PHC-DST-C2-06,2025-06-27,1,2,2,0.0546
PHC-DST-C2-06,2025-06-28,1,2,2,0.0447
PHC-DST-C2-06,2025-06-29,1,1,1,0.4618
PHC-DST-C2-06,2025-06-30,1,2,2,0.0479
